Ticker,Name,RS,1wk:end max,1mo:1wk max,3mo:1mo max,6mo:3mo max,9mo:6mo max,Rating (RS),Rating (3M:1M),Rating (6M:3M),Rating (9M:6M),Price,52W pos,MA50,MA200,Volume / VMA50
5314,世紀,328.84,328.84,328.75,436.46,562.15,520.93,99,99,99,99,64.3,0.79,55.71,39.27,4.43
6925,意藍,321.23,333.84,322.54,251.11,137.45,104.88,99,99,91,49,172.0,0.92,117.8,70.25,1.37
00632R,元大台灣50反1,306.53,308.79,422.21,504.66,667.93,634.99,99,99,99,99,21.4,0.69,22.8,18.06,0.58
6499,益安,300.43,340.91,321.48,289.53,115.47,107.6,99,99,75,55,128.5,0.85,106.89,59.31,1.01
4946,辣椒,287.42,336.97,336.97,501.18,228.66,74.34,99,99,98,1,176.0,0.63,193.64,94.06,1.11
5475,德宏,249.61,255.73,244.69,156.29,111.1,114.18,99,97,69,65,30.1,0.92,20.62,14.98,1.84
8937,合騏,244.45,244.45,262.03,308.46,542.69,570.91,99,99,99,99,148.0,0.74,145.52,137.06,0.72
6739,竹陞科技,237.81,262.89,233.63,205.58,303.07,264.75,99,98,98,98,401.0,0.97,296.43,230.86,0.42
4991,環宇-KY,233.73,234.64,203.39,191.47,362.6,368.01,99,98,99,99,153.0,0.97,98.85,99.12,2.29
4931,新盛力,220.97,220.97,218.43,230.17,243.04,237.7,99,98,98,97,104.0,0.98,89.29,67.85,0.94
6596,寬宏藝術,211.58,223.33,218.51,195.96,144.53,136.89,99,98,92,83,158.5,0.92,135.21,91.81,1.2
8210,勤誠,208.44,227.0,186.13,129.44,106.29,123.24,98,93,61,75,527.0,0.98,378.38,296.81,1.3
2429,銘旺科,205.85,205.85,233.48,247.61,254.49,145.87,98,99,98,87,64.4,0.74,62.43,42.65,0.66
8499,鼎炫-KY,199.47,199.47,137.55,130.26,144.64,102.62,98,93,92,45,240.5,1.0,153.41,131.27,9.3
3665,貿聯-KY,198.28,228.97,193.58,156.2,219.75,238.76,98,97,98,97,896.0,0.94,709.52,597.55,0.92
3167,大量,197.44,197.44,177.0,147.39,138.37,287.4,98,96,91,98,149.0,0.83,105.26,107.02,4.84
1295,生合,191.06,191.6,201.67,147.63,105.31,120.07,98,96,58,71,131.0,0.86,96.72,80.21,1.58
4971,IET-KY,188.68,204.21,153.1,167.83,283.92,173.2,98,97,98,93,153.0,0.77,115.0,105.99,3.14
2383,台光電,187.12,209.0,180.93,180.71,152.67,149.95,98,98,94,88,941.0,0.97,791.56,594.07,0.85
3211,順達,185.62,199.77,176.56,174.47,217.48,254.89,98,97,98,98,246.5,0.98,205.15,173.03,1.32
3379,彬台,185.16,190.07,229.66,246.27,322.18,198.02,98,99,99,95,68.8,0.77,72.35,52.4,0.34
2404,漢唐,185.03,185.53,163.45,153.4,158.25,158.58,98,96,95,90,734.0,1.0,567.24,456.72,1.2
8021,尖點,182.77,193.52,157.33,95.52,111.83,140.31,98,34,70,85,53.3,0.98,34.46,33.45,3.18
3128,昇銳,180.71,209.38,174.58,133.11,121.91,104.7,98,94,82,49,45.4,0.85,35.16,29.81,0.65
5251,天鉞電,180.21,199.47,215.9,200.98,128.73,117.81,98,98,87,69,57.2,0.9,52.97,34.02,0.22
5284,jpp-KY,171.82,171.82,153.0,147.81,133.9,144.22,98,96,89,86,212.0,0.98,178.55,156.35,1.15
4804,,171.03,171.64,160.02,92.83,128.41,103.89,98,29,87,47,6.45,0.9,4.55,4.37,1.01
6199,天品,165.96,165.96,164.48,256.64,391.93,416.31,98,99,99,99,103.0,0.68,104.91,100.33,0.66
2368,金像電,164.14,186.54,152.65,137.38,125.7,115.5,98,95,86,67,310.5,0.93,257.89,215.34,0.87
3528,安馳,163.62,163.62,148.78,193.74,174.56,112.08,98,98,96,62,86.3,0.82,83.4,63.74,1.01
5536,聖暉*,163.28,164.09,137.12,137.17,189.59,180.89,98,95,97,94,499.0,1.0,388.07,360.84,2.93
2466,冠西電,163.05,176.06,192.39,235.84,258.93,235.5,98,98,98,97,87.1,0.72,85.92,67.7,1.04
3551,世禾,160.11,170.02,152.34,117.99,139.59,174.93,97,90,91,93,161.5,0.97,134.7,122.11,0.85
1616,億泰,159.84,167.2,200.52,148.94,130.87,143.64,97,96,88,86,32.8,0.66,30.08,22.49,0.53
6510,精測,159.36,165.27,158.38,158.38,162.57,180.9,97,97,95,94,890.0,0.95,828.5,728.75,0.66
3629,地心引力,159.24,167.41,109.12,83.26,94.82,92.31,97,13,11,6,34.1,0.91,19.61,21.27,6.29
8932,智通*,158.72,162.42,160.16,154.29,144.8,165.77,97,96,92,91,135.0,0.91,115.64,98.7,1.29
6191,精成科,158.14,170.64,148.63,145.36,126.47,108.71,97,96,86,57,93.0,0.93,80.65,66.49,0.79
3535,晶彩科,155.48,155.48,131.07,93.72,154.69,236.99,97,30,94,97,60.9,0.62,40.31,46.85,1.78
6895,宏碩系統,154.8,154.8,120.68,100.39,128.22,158.85,97,69,87,90,213.0,0.62,146.74,162.57,11.28
4303,信立,154.56,158.46,156.68,189.49,197.35,175.33,97,98,97,93,81.1,0.78,80.44,62.04,1.07
6140,訊達,153.8,155.33,155.36,185.74,165.11,114.61,97,98,95,65,43.3,0.77,43.41,33.02,0.23
8038,長園科,153.6,168.39,160.61,142.64,101.0,119.88,97,95,49,71,36.2,0.75,32.87,27.95,1.37
6148,驊宏資,153.45,163.39,207.87,267.79,208.31,106.41,97,99,98,52,51.6,0.58,61.35,41.11,0.11
6276,安鈦克,151.56,164.62,171.54,155.62,96.72,74.41,97,97,14,1,57.4,0.75,54.49,40.84,0.2
6558,興能高,151.47,158.51,175.97,181.21,277.48,198.32,97,98,98,95,49.6,0.68,50.0,43.09,0.43
1815,富喬,151.23,153.1,142.09,151.97,181.69,144.95,97,96,97,86,37.1,0.87,34.52,29.16,1.36
6854,錼創科技-KY創,151.2,167.25,168.93,142.36,270.96,253.64,97,95,98,98,171.0,0.53,155.86,163.68,0.8
8072,陞泰,149.55,166.96,195.38,201.11,125.48,108.53,97,98,86,56,43.15,0.7,46.93,32.14,0.11
5234,達興材料,148.69,165.41,163.36,142.29,144.36,220.9,97,95,92,96,244.0,0.75,226.16,206.46,0.52
6574,霈方,148.66,158.47,190.93,182.66,115.47,121.92,97,98,75,74,76.5,0.57,75.12,59.26,0.45
3081,聯亞,148.01,153.72,159.84,154.31,327.75,353.17,97,97,99,99,345.0,0.57,302.79,335.57,1.89
3661,世芯-KY,147.64,147.64,118.83,109.86,145.22,133.05,97,85,93,82,3430.0,0.87,2824.3,2672.26,0.64
2756,聯發國際,146.89,150.46,149.93,149.81,104.23,105.12,97,96,55,50,111.5,0.89,104.9,83.87,3.82
6788,華景電,146.74,161.27,135.29,119.66,127.86,196.04,96,91,87,95,272.0,0.92,217.05,216.06,1.94
3543,州巧,146.54,146.54,96.7,94.94,104.48,105.75,96,33,56,51,28.3,1.0,20.28,21.1,18.96
6290,良維,145.7,145.7,134.71,134.71,120.1,117.85,96,94,81,69,108.5,1.0,96.32,82.98,3.25
6625,必應,145.4,157.52,143.22,116.23,97.92,111.04,96,89,16,60,102.5,0.92,87.63,79.46,1.67
6215,和椿,144.95,145.42,158.12,160.53,312.53,255.45,96,97,99,98,96.5,0.53,100.68,87.36,0.51
2745,五福,144.81,159.37,155.31,129.45,124.76,123.91,96,93,85,76,137.5,0.81,128.34,106.58,0.42
6747,亨泰光,144.53,149.46,143.43,142.21,104.58,96.95,96,95,56,10,192.5,0.99,170.06,142.38,0.75
6139,亞翔,144.11,157.14,146.93,112.32,134.82,136.1,96,87,90,83,306.0,0.8,271.13,241.8,0.85
2345,智邦,143.93,152.68,137.59,137.59,157.33,157.45,96,95,95,89,797.0,0.96,729.86,660.25,1.24
8489,三貝德,143.7,154.87,178.23,173.54,129.19,130.23,96,97,88,80,43.35,0.66,42.68,33.92,0.05
6130,上亞科技,143.47,160.27,156.73,151.89,150.99,93.52,96,96,93,7,38.95,0.72,36.11,29.24,3.01
5278,尚凡,143.12,143.12,128.49,129.37,190.79,242.86,96,93,97,97,37.55,0.72,30.72,31.4,4.74
3004,豐達科,141.8,154.43,143.06,163.85,111.24,98.17,96,97,70,11,126.0,0.6,131.37,102.99,0.14
6667,信紘科,139.92,139.92,132.56,118.93,124.1,196.59,96,91,84,95,243.0,1.0,202.57,191.19,2.78
6196,帆宣,139.26,139.26,121.92,120.36,113.0,110.09,96,91,72,59,204.0,1.0,170.67,153.51,5.33
3131,弘塑,138.68,146.36,134.94,105.39,144.74,228.72,96,79,92,97,1605.0,0.62,1327.48,1412.48,0.52
4979,華星光,138.47,139.29,124.23,123.88,199.31,160.75,96,92,97,90,194.0,0.67,172.79,173.05,1.94
8358,金居,136.55,136.55,101.51,95.78,97.38,101.16,96,34,16,42,72.6,0.93,55.73,56.25,15.2
3294,英濟,135.69,139.18,127.85,115.61,152.16,121.65,96,89,94,73,38.45,0.77,34.91,32.73,0.28
3163,波若威,134.81,141.94,131.74,129.38,178.39,159.16,96,93,96,90,185.0,0.7,169.83,155.84,0.8
3709,鑫聯大投控,134.75,134.75,141.86,173.1,138.04,155.45,96,97,91,89,37.2,0.61,39.09,32.4,2.25
2543,皇昌,134.53,134.53,141.2,182.01,297.54,436.74,95,98,98,99,81.1,0.6,83.61,81.43,0.66
2755,揚秦,134.34,139.93,138.7,136.25,140.13,106.76,95,95,91,53,140.5,0.88,135.25,115.96,0.73
5312,寶島科,133.77,135.65,142.59,146.47,150.04,122.39,95,96,93,74,140.0,0.73,144.48,119.15,0.62
1215,卜蜂,133.59,137.42,133.77,117.39,106.58,105.65,95,90,61,51,125.0,0.93,113.21,98.47,1.46
3044,健鼎,133.05,142.39,124.61,108.08,108.32,113.72,95,83,65,64,240.0,0.98,210.65,192.44,1.12
6187,萬潤,132.94,148.51,130.24,106.77,168.11,259.18,95,81,96,98,397.0,0.57,338.19,379.8,0.54
3032,偉訓,132.9,133.34,122.84,99.86,139.89,149.49,95,43,91,88,89.6,0.73,74.92,78.21,1.1
3706,神達,132.69,143.86,132.2,115.36,174.38,202.01,95,89,96,95,67.6,0.58,62.0,62.03,0.29
3219,倚強科,132.61,134.68,129.67,126.95,103.04,142.25,95,93,53,85,49.45,0.47,49.12,46.47,0.19
00708L,期元大S&P黃金正2,132.13,136.51,149.91,173.56,155.55,147.52,95,97,94,87,57.1,0.76,57.2,47.93,0.44
2308,台達電,131.69,136.49,124.48,109.08,123.68,127.57,95,84,84,79,483.0,1.0,393.72,385.13,1.56
2316,楠梓電,131.66,137.76,120.99,94.95,112.76,136.68,95,33,71,83,54.4,0.8,45.73,46.64,2.36
8059,凱碩,131.02,133.29,122.54,127.82,131.13,173.11,95,93,88,93,34.6,0.58,33.98,33.12,1.5
4916,事欣科,130.92,132.48,128.86,144.23,174.08,119.13,95,96,96,70,40.7,0.57,42.76,36.83,0.31
7556,意德士,130.11,138.99,126.35,141.46,147.24,135.15,95,95,93,83,164.0,0.7,158.75,141.56,0.1
3030,德律,129.93,136.85,119.79,97.49,123.37,164.81,95,38,84,91,148.0,0.77,124.07,121.99,1.2
8234,新漢,129.58,132.73,142.57,146.89,214.89,131.74,95,96,98,81,77.2,0.56,78.97,67.71,0.68
3653,健策,129.26,148.59,133.09,122.7,134.7,191.39,95,92,90,95,1415.0,0.8,1363.7,1331.43,0.66
2743,山富,128.68,138.31,124.34,125.19,97.04,92.31,95,93,15,6,123.5,0.64,117.45,102.63,0.43
6752,叡揚,128.52,135.46,132.36,167.45,136.52,135.27,95,97,90,83,149.5,0.55,161.63,136.71,0.08
00650L,復華香港正2,128.49,132.34,124.35,128.82,177.82,147.22,95,93,96,87,15.28,0.67,14.49,13.54,1.59
2731,雄獅,128.42,132.99,128.22,131.53,110.8,107.66,94,94,69,55,154.0,0.84,152.34,128.97,0.56
5469,瀚宇博,128.4,131.95,114.13,117.44,105.79,101.15,94,90,59,42,62.0,0.98,56.49,52.25,1.07
6669,緯穎,127.64,135.39,135.67,123.55,121.05,141.51,94,92,82,85,2605.0,0.91,2367.99,2101.87,0.42
00909,國泰數位支付服務,127.47,130.48,120.99,109.1,135.63,169.64,94,84,90,92,34.27,0.79,29.7,30.26,1.42
4728,雙美,127.07,128.82,138.31,188.44,154.86,125.46,94,98,94,77,398.5,0.6,413.01,330.06,0.52
6763,綠界科技*,126.55,130.4,130.34,119.59,151.87,224.75,94,91,94,97,62.3,0.46,57.21,61.39,0.56
2884,玉山金,126.12,126.87,118.65,112.17,115.18,112.86,94,87,75,63,34.8,1.0,31.17,28.83,1.46
4737,華廣,126.11,129.55,119.32,122.18,98.52,105.38,94,92,18,50,74.8,0.84,72.09,66.47,0.13
3570,大塚,126.04,132.85,132.01,175.21,127.74,122.7,94,98,87,75,198.0,0.49,212.7,174.4,0.18
4772,台特化,125.85,131.37,130.23,127.5,187.26,154.42,94,93,97,89,219.5,0.61,216.17,197.72,0.31
6691,洋基工程,125.8,128.0,127.15,127.71,161.31,159.17,94,93,95,90,473.0,0.89,430.92,393.54,1.16
2357,華碩,125.69,132.88,130.1,117.82,140.45,151.48,94,90,92,88,642.0,0.77,617.78,587.58,0.56
3231,緯創,125.49,137.76,125.2,110.45,105.45,126.05,94,85,59,78,119.5,0.89,113.47,106.24,0.39
3546,宇峻,125.43,143.45,141.17,171.38,108.34,110.0,94,97,65,59,101.5,0.49,107.94,86.48,0.42
3645,達邁,125.08,135.89,127.92,120.13,193.54,152.86,94,91,97,89,57.9,0.42,58.33,55.37,0.2
3555,博士旺,124.87,124.87,93.83,99.65,100.56,107.38,94,43,47,54,37.1,0.83,29.04,30.96,19.46
1512,瑞利,124.73,136.28,125.02,128.26,93.38,82.7,94,93,9,2,8.58,0.68,8.22,7.32,0.96
3715,定穎投控,124.54,124.54,91.9,75.48,99.66,112.7,94,5,20,63,62.3,0.67,44.15,54.71,7.0
7631,聚賢研發,124.48,130.65,123.04,109.49,121.49,102.01,94,85,82,44,117.5,0.92,105.97,96.99,0.68
2364,倫飛,124.36,144.48,116.02,109.91,128.15,137.34,94,85,87,84,93.0,0.74,83.97,84.99,2.44
6674,鋐寶科技,124.3,124.3,114.47,107.35,99.61,126.11,94,82,20,78,26.1,0.66,24.43,23.92,0.59
3257,虹冠電,124.3,129.56,122.01,121.07,103.61,117.75,94,91,54,69,60.4,0.69,60.01,55.86,0.26
8028,昇陽半導體,124.2,134.22,135.66,147.89,219.88,228.91,93,96,98,97,133.5,0.56,136.52,131.46,0.29
8088,品安,124.13,128.53,135.31,142.3,125.55,71.09,93,95,86,1,30.75,0.54,33.56,26.3,0.15
3147,大綜,123.9,138.11,140.93,211.92,166.54,152.22,93,98,96,88,196.0,0.49,217.74,180.26,0.22
6112,邁達特,123.7,132.98,112.22,102.19,139.92,105.94,93,74,91,51,57.5,0.57,51.61,51.89,0.87
8472,夠麻吉,123.66,123.66,110.77,109.13,102.38,99.03,93,84,51,13,31.1,1.0,28.32,26.65,7.1
1736,喬山,123.61,134.07,129.45,157.61,205.62,220.89,93,97,97,96,175.5,0.69,159.7,168.09,1.3
3078,僑威,123.14,126.73,115.96,116.67,141.33,114.97,93,90,92,66,84.8,0.71,80.99,74.8,0.64
6951,青新-創,123.01,130.72,125.48,112.27,113.08,127.9,93,87,72,79,74.0,0.89,70.71,66.38,0.3
4198,欣大健康,123.01,138.43,130.73,113.05,100.53,106.94,93,88,47,53,39.95,0.67,36.16,32.79,0.49
6560,欣普羅,122.47,135.93,141.58,168.11,104.91,103.08,93,97,57,46,39.2,0.55,39.71,33.55,0.58
3013,晟銘電,122.25,128.01,120.97,100.87,179.37,279.98,93,70,97,98,123.5,0.51,112.64,128.47,0.18
3467,台灣精材,121.96,124.46,124.71,109.67,166.84,106.16,93,85,96,52,59.5,0.4,55.54,54.05,0.3
6885,全福生技,121.89,129.47,117.55,105.63,100.0,100.0,93,80,34,27,33.85,0.67,29.17,29.02,0.48
4541,晟田,121.82,123.36,147.73,176.63,178.54,125.56,93,98,96,77,41.5,0.59,47.02,38.16,0.1
6843,進典,121.42,121.42,112.71,115.96,104.32,100.41,93,89,56,41,60.3,1.0,54.98,52.23,2.52
00670L,富邦NASDAQ正2,121.35,133.19,115.89,106.01,126.36,141.31,93,80,86,85,138.0,0.86,125.13,125.33,0.42
5490,同亨,121.24,129.33,113.74,122.24,100.81,110.16,93,92,48,59,28.5,0.59,27.95,25.34,0.3
8054,安國,120.97,127.79,113.88,73.5,87.72,159.67,93,4,4,90,123.0,0.49,94.46,112.38,1.72
9907,統一實,120.83,128.27,125.35,138.06,119.58,113.92,93,95,80,64,19.1,0.72,19.82,17.14,1.92
3090,日電貿,120.46,123.1,120.28,118.1,124.72,129.02,93,90,85,80,72.3,0.87,71.02,65.13,0.31
6515,穎崴,120.3,126.48,122.77,102.94,144.01,178.02,93,75,92,94,1120.0,0.57,1077.15,1144.05,0.48
6442,光聖,119.83,127.57,141.82,146.55,348.77,421.44,92,96,99,99,443.0,0.41,449.52,475.64,1.15
1240,茂生農經,119.67,119.67,116.16,118.73,123.43,116.38,92,91,84,68,63.7,1.0,59.65,54.89,0.61
2516,新建,119.61,120.75,120.14,148.06,203.07,123.57,92,96,97,76,16.35,0.36,17.94,16.62,0.14
9902,台火,119.24,127.58,121.0,132.82,98.87,127.85,92,94,18,79,17.3,0.51,17.85,16.36,0.13
3596,智易,119.14,125.91,120.37,146.32,147.31,122.58,92,96,93,75,198.5,0.67,203.75,182.94,0.31
1231,聯華食,119.14,124.07,125.15,123.51,180.76,151.5,92,92,97,88,142.0,0.56,137.33,131.6,1.02
2597,潤弘,119.03,123.31,123.84,130.99,154.82,143.36,92,94,94,86,170.5,0.8,171.95,155.31,1.82
2427,三商電,118.92,125.18,110.48,106.1,111.72,108.91,92,81,70,57,29.05,0.65,26.75,26.53,1.2
2891,中信金,118.76,123.45,118.88,116.7,124.8,130.59,92,90,85,81,43.85,0.91,42.32,39.07,1.06
8249,菱光,118.65,118.65,120.04,121.19,158.67,236.56,92,91,95,97,53.0,0.55,50.0,54.85,1.38
1612,宏泰,118.34,118.34,112.28,103.87,112.42,122.54,92,77,71,75,36.55,0.97,33.31,31.91,1.43
4749,新應材,118.31,123.08,115.86,113.71,132.2,175.19,92,88,89,93,617.0,0.59,594.16,622.32,0.76
8074,鉅橡,118.26,118.26,97.52,97.24,107.76,140.36,92,37,64,85,24.4,0.75,20.3,21.5,34.16
1213,大飲,118.25,118.25,120.0,129.66,181.05,203.12,92,93,97,95,12.85,0.6,12.84,13.14,0.19
3052,夆典,118.22,126.47,114.63,114.63,104.36,101.98,92,89,56,44,13.55,0.84,13.12,12.08,4.39
2421,建準,118.01,130.33,112.83,107.74,104.2,108.03,92,83,55,56,102.5,0.88,98.43,94.28,0.56
4760,勤凱,117.93,117.93,96.39,98.73,119.94,161.14,92,41,81,90,121.0,0.6,101.84,108.84,6.9
2838,聯邦銀,117.86,117.86,115.18,115.96,118.52,114.35,92,89,79,65,18.4,1.0,17.33,16.1,2.95
3689,湧德,117.64,118.08,122.53,122.53,151.78,165.07,92,92,94,91,92.5,0.67,93.58,91.9,0.53
6190,萬泰科,117.58,118.06,109.63,112.24,119.49,121.28,92,87,80,73,38.65,0.82,37.4,35.04,1.07
8462,柏文,117.57,117.57,114.61,123.4,113.94,104.5,92,92,73,48,137.0,0.98,128.36,118.27,3.56
3609,三一東林,117.52,122.44,113.96,119.16,156.57,130.07,91,91,95,80,48.6,0.58,43.94,43.37,2.17
3005,神基,117.4,124.63,115.64,113.64,119.49,125.66,91,88,80,77,116.0,0.83,114.06,107.73,0.35
4721,美琪瑪,117.31,117.31,104.42,104.97,98.22,104.23,91,79,17,48,70.8,0.65,62.62,65.42,1.75
6227,茂綸,117.29,125.39,130.16,162.23,189.43,158.97,91,97,97,90,90.2,0.39,98.29,85.86,0.8
4576,大銀微系統,117.24,117.24,121.17,130.95,198.94,215.82,91,94,97,96,114.0,0.46,123.02,127.77,0.53
2889,國票金,117.24,126.75,101.36,99.12,106.28,120.45,91,41,61,72,16.3,0.83,13.25,14.03,1.54
1210,大成,117.19,123.18,121.65,121.08,111.7,100.67,91,91,70,41,63.3,0.82,62.78,55.97,0.55
5340,建榮,116.82,122.05,104.87,107.51,92.96,93.35,91,82,8,7,43.8,0.65,41.04,40.38,1.08
7722,LINEPAY,116.75,123.55,118.05,112.58,124.93,100.0,91,87,85,27,687.0,0.53,625.92,636.26,1.29
3162,精確,116.72,119.76,122.55,142.97,168.1,119.28,91,95,96,70,42.8,0.45,47.98,43.5,0.15
00753L,中信中國50正2,116.71,121.29,112.46,121.07,168.95,143.62,91,91,96,86,10.08,0.46,9.77,9.62,1.51
6913,鴻呈,116.65,119.7,113.79,109.4,168.46,162.8,91,85,96,91,121.5,0.45,110.31,117.34,0.29
6257,矽格,116.64,123.84,112.02,107.6,114.23,118.53,91,82,74,70,77.2,0.91,73.76,70.29,0.51
2423,固緯,115.94,115.94,109.62,111.06,117.81,117.41,91,86,78,69,45.7,1.0,41.98,40.99,1.23
8421,旭源,115.91,122.73,109.98,101.81,98.37,118.55,91,73,17,70,14.75,0.75,13.75,13.85,2.43
2376,技嘉,115.91,120.77,108.41,105.05,97.1,122.3,91,79,15,74,280.5,0.78,270.28,263.77,0.37
6584,南俊國際,115.82,125.24,118.06,103.86,105.8,155.88,91,77,59,89,181.0,0.6,154.29,156.67,0.87
3028,增你強,115.77,115.77,107.12,110.13,107.14,102.18,91,85,62,44,33.7,1.0,31.65,29.8,4.41
2937,集雅社,115.76,120.25,123.99,137.95,153.72,118.06,91,95,94,69,43.95,0.67,44.43,39.28,1.91
6114,久威,115.73,121.58,135.98,152.63,130.98,145.61,91,96,88,87,38.3,0.45,43.1,38.29,0.15
2801,彰銀,115.66,115.66,110.34,105.59,105.95,106.65,91,80,60,53,20.3,1.0,18.71,18.04,1.58
6877,鏵友益,115.62,122.65,127.79,155.14,216.36,234.07,90,97,98,97,81.4,0.51,81.47,81.09,0.23
6568,宏觀,115.38,121.77,119.23,88.91,126.66,103.09,90,22,87,46,129.0,0.53,114.58,125.0,0.83
3625,西勝,115.36,119.33,118.92,100.67,157.21,156.8,90,70,95,89,15.4,0.43,13.93,15.19,1.86
8931,大汽電,115.32,118.96,112.83,112.79,101.19,105.51,90,87,49,51,52.7,0.86,52.8,49.01,0.54
00635U,期元大S&P黃金,115.25,117.6,123.3,133.1,126.38,121.92,90,94,86,74,36.48,0.8,36.5,33.15,0.28
6150,撼訊,114.75,114.75,97.63,98.7,103.65,111.11,90,41,54,60,71.8,0.63,68.99,70.35,2.7
6532,瑞耘,114.74,121.73,108.78,96.81,108.35,128.92,90,36,65,80,70.9,0.64,62.0,65.83,0.68
3019,亞光,114.73,120.39,138.0,136.81,249.12,235.07,90,95,98,97,126.5,0.44,132.27,135.57,0.44
6183,關貿,114.64,119.25,118.42,118.42,151.7,126.89,90,90,94,78,94.0,0.6,93.33,87.76,0.4
2374,佳能,114.5,117.85,104.65,106.23,165.07,197.76,90,81,95,95,54.4,0.52,51.73,52.51,1.23
2330,台積電,114.44,121.09,114.63,111.23,136.26,153.7,90,86,90,89,1100.0,0.9,1014.92,1016.12,0.93
00655L,國泰中國A50正2,114.32,116.46,111.22,109.64,119.49,138.73,90,85,80,84,28.05,0.46,25.97,26.34,1.9
3055,蔚華科,114.31,114.53,96.26,75.89,125.63,148.01,90,5,86,87,62.7,0.41,55.69,63.8,1.1
6482,弘煜科,114.2,123.37,133.45,195.3,118.38,113.6,90,98,79,64,61.0,0.37,68.82,56.94,0.17
1591,駿吉-KY,113.86,114.92,104.27,89.88,121.96,109.75,90,24,82,58,50.6,0.48,46.74,49.32,0.5
2535,達欣工,113.78,115.46,114.97,123.48,122.19,112.43,90,92,83,62,58.2,0.72,58.91,52.68,0.42
8284,三竹,113.56,114.57,107.67,114.99,112.86,114.87,90,89,71,66,69.0,0.98,66.16,63.31,1.25
00757,統一FANG+,113.43,119.66,112.83,111.7,135.45,139.8,90,86,90,84,103.45,0.77,98.83,97.21,0.52
5398,慕康生醫,113.22,126.91,124.28,122.81,106.19,170.98,90,92,60,92,20.3,0.52,21.39,19.78,0.54
8271,宇瞻,113.18,120.6,106.8,105.96,101.55,91.47,90,80,50,5,51.7,0.63,49.79,47.0,0.5
8080,印鉐,113.15,113.15,125.33,137.99,211.14,308.66,90,95,98,98,29.3,0.54,30.6,32.11,0.22
5443,均豪,113.14,118.81,109.0,94.05,155.68,281.53,89,31,94,98,87.5,0.34,78.31,98.89,0.52
00647L,元大S&P500正2,113.1,119.73,106.72,99.21,122.58,142.25,89,42,83,85,96.85,0.79,89.4,93.48,0.74
2328,廣宇,113.05,113.05,104.55,111.54,154.7,124.77,89,86,94,77,40.45,0.46,38.28,38.56,0.87
5244,弘凱,112.96,112.96,109.56,113.4,115.54,132.43,89,88,75,82,45.0,0.56,44.05,43.42,0.71
1603,華電,112.91,116.1,107.16,104.41,102.58,101.48,89,77,52,43,39.3,0.71,38.02,36.36,1.36
8104,錸寶,112.74,115.2,100.41,100.51,116.62,159.06,89,69,77,90,41.0,0.44,37.6,41.85,3.41
2727,王品,112.67,118.69,110.47,114.47,108.18,117.56,89,89,65,69,235.5,0.92,228.44,218.98,1.23
00965,,112.64,117.37,113.41,111.63,108.48,100.0,89,86,65,27,18.83,0.86,18.36,16.44,0.61
3447,展達,112.64,119.4,126.59,124.51,168.37,295.57,89,93,96,98,48.65,0.28,49.23,57.77,0.44
4417,金洲,112.6,125.01,119.89,120.7,120.36,111.06,89,91,81,60,43.65,0.75,44.41,40.72,4.49
4933,友輝,112.59,114.5,111.99,126.91,134.04,123.41,89,93,89,75,77.0,0.65,78.48,73.76,0.42
6613,朋億*,112.58,112.58,94.34,94.02,150.74,137.45,89,31,93,84,177.5,0.4,159.79,174.68,3.18
4562,穎漢,112.53,117.89,114.25,141.87,209.78,320.62,89,95,98,98,55.0,0.44,56.47,59.47,0.4
3705,永信,112.44,114.67,115.55,131.1,115.79,121.77,89,94,76,74,62.0,0.8,59.75,55.29,0.62
5386,青雲,112.41,114.41,100.47,99.68,121.06,191.03,89,43,82,95,75.7,0.41,71.6,78.45,1.42
5434,崇越,112.34,116.98,107.43,98.68,120.48,149.17,89,40,81,87,284.5,0.81,256.19,269.06,1.85
3413,京鼎,112.31,116.44,105.4,101.6,116.49,148.6,89,72,77,87,307.5,0.6,290.07,296.6,1.55
0053,元大電子,112.3,117.43,109.92,104.87,121.78,136.74,89,78,82,83,105.6,0.92,98.08,99.01,0.68
1519,華城,112.26,124.87,106.78,83.17,115.87,159.27,89,13,76,90,579.0,0.43,510.59,536.73,1.0
00700,富邦恒生國企,112.23,114.93,113.43,124.36,151.54,132.93,89,93,93,82,16.74,0.61,16.46,16.01,1.57
3260,威剛,112.22,122.49,107.09,108.91,104.74,99.03,89,84,57,13,94.7,0.62,92.93,86.73,1.7
2382,廣達,112.2,126.24,117.91,104.25,99.66,138.43,89,77,20,84,273.0,0.66,263.81,259.19,0.53
9930,中聯資源,112.16,117.67,114.77,120.8,114.11,116.96,88,91,73,68,74.5,0.64,76.85,70.1,2.41
2892,第一金,112.14,114.13,109.23,102.38,106.71,107.98,88,74,62,55,29.8,1.0,27.65,27.3,0.33
6923,中台,112.06,115.27,107.52,97.85,99.02,100.0,88,39,18,27,88.7,0.61,78.18,81.24,0.96
00633L,富邦上証正2,112.01,113.56,108.48,107.66,121.12,139.34,88,82,82,84,40.5,0.43,37.51,38.68,2.25
8424,惠普,111.93,115.26,113.03,108.26,106.45,104.96,88,83,61,49,73.1,0.9,70.79,66.72,1.01
6870,騰雲,111.93,119.94,119.57,104.59,145.51,180.7,88,78,93,94,203.0,0.44,189.34,205.9,0.41
4114,健喬,111.92,111.92,106.49,105.14,100.05,107.23,88,79,46,54,34.1,1.0,31.2,30.73,2.46
6873,泓德能源,111.89,120.97,129.47,120.18,124.72,164.09,88,91,85,91,229.0,0.48,233.38,217.69,0.85
6776,展碁國際,111.86,121.97,112.75,101.28,106.26,107.32,88,72,61,54,58.1,0.83,54.43,54.32,1.6
3684,榮昌,111.85,111.85,100.22,99.68,104.84,104.6,88,43,57,49,47.3,1.0,42.5,42.63,20.69
2890,永豐金,111.81,113.28,108.2,105.94,106.34,117.07,88,80,61,68,25.15,0.86,23.63,23.03,0.67
2379,瑞昱,111.78,119.11,111.77,108.03,118.4,113.45,88,83,79,64,578.0,0.97,541.71,522.91,0.61
2615,萬海,111.76,127.37,130.57,168.15,126.4,168.81,88,97,86,92,89.0,0.48,96.88,84.89,0.13
6113,亞矽,111.67,114.26,114.41,142.41,107.98,127.32,88,95,64,79,23.3,0.53,26.12,23.52,0.18
4111,濟生,111.67,115.46,116.53,118.35,114.27,109.92,88,90,74,59,31.5,0.83,31.26,28.83,0.71
2852,第一保,111.66,115.36,113.54,131.71,136.18,126.01,88,94,90,78,27.9,0.7,28.36,26.15,2.8
2408,南亞科,111.64,130.53,137.84,122.43,105.67,70.99,88,92,59,1,42.95,0.36,47.45,39.63,1.18
6525,捷敏-KY,111.6,117.04,106.94,105.82,113.85,121.36,88,80,73,73,67.8,0.71,66.57,65.42,0.83
7703,銳澤,111.53,119.32,100.7,92.9,107.88,119.08,88,29,64,70,154.5,0.72,136.91,144.74,3.3
3059,華晶科,111.53,113.31,110.7,110.94,142.36,117.54,88,86,92,69,38.95,0.51,39.14,37.18,0.55
00685L,群益臺灣加權正2,111.51,123.82,103.49,94.25,122.36,154.79,88,31,83,89,80.4,0.64,71.69,78.39,0.86
00762,元大全球AI,111.5,115.76,107.13,103.56,125.4,131.94,87,76,86,81,68.45,0.74,64.27,65.69,0.5
00675L,富邦臺灣加權正2,111.45,123.65,102.88,93.46,122.14,154.05,87,30,83,89,89.5,0.63,79.87,87.67,1.17
6721,信實,111.37,114.18,111.4,110.91,122.07,118.63,87,86,83,70,61.7,0.8,60.08,58.19,1.03
3663,鑫科,111.34,117.62,107.91,92.27,124.13,219.32,87,28,85,96,62.9,0.32,57.63,68.71,0.74
3416,融程電,111.3,111.3,102.11,95.69,132.85,132.15,87,34,89,81,152.0,0.6,133.34,142.55,5.88
00690,兆豐藍籌30,111.25,115.67,107.97,105.46,119.15,128.26,87,79,80,79,35.61,1.0,33.12,33.16,1.4
1513,中興電,111.23,118.56,109.81,102.11,104.66,125.07,87,73,56,77,165.0,0.45,154.75,152.86,0.88
006208,富邦台50,111.22,116.15,109.37,105.68,121.68,137.18,87,80,82,84,116.25,0.93,108.58,109.29,1.13
3583,辛耘,111.2,124.53,107.97,83.04,112.01,174.24,87,13,71,93,342.0,0.47,305.6,359.27,0.65
00892,富邦台灣半導體,111.1,118.83,107.89,102.7,118.15,129.67,87,75,79,80,17.69,0.86,16.35,16.73,0.98
5243,乙盛-KY,110.94,111.53,99.28,91.87,104.87,133.8,87,27,57,82,58.2,0.55,52.1,58.41,0.89
6414,樺漢,110.9,118.58,107.07,101.2,111.46,116.48,87,71,70,68,299.0,0.79,285.23,283.43,0.88
2455,全新,110.83,111.24,97.29,84.4,118.64,119.1,87,15,79,70,131.5,0.46,111.43,134.54,1.36
3189,景碩,110.7,115.1,99.01,93.44,108.3,111.28,87,30,65,61,90.3,0.43,82.3,92.5,0.74
2546,根基,110.65,111.94,109.05,105.19,108.54,96.44,87,79,65,9,85.1,0.63,81.19,76.67,2.24
2836,高雄銀,110.6,111.08,105.1,104.25,103.6,106.17,87,77,54,52,12.6,1.0,11.86,11.68,4.35
00735,國泰臺韓科技,110.52,114.32,106.89,101.36,109.3,117.59,87,72,67,69,35.04,0.6,32.28,32.32,1.23
8227,巨有科技,110.5,118.62,109.52,84.61,93.32,87.15,87,15,9,3,172.0,0.45,145.85,158.76,0.66
2640,大車隊,110.49,111.26,108.55,116.25,124.05,117.91,87,89,84,69,135.5,0.84,134.61,127.64,0.6
006203,元大MSCI台灣,110.41,114.84,108.35,104.67,119.6,135.42,87,78,80,83,91.2,0.9,85.6,86.63,2.9
6138,茂達,110.4,114.51,102.36,93.4,100.9,120.12,87,30,48,72,184.0,0.66,165.97,173.92,1.59
2547,日勝生,110.34,111.62,116.58,134.4,136.43,115.96,86,94,90,67,12.3,0.56,13.08,11.56,0.69
4503,金雨,110.27,114.13,104.6,108.77,126.1,105.01,86,84,86,49,51.0,0.5,53.5,52.52,2.94
4173,久裕,110.26,110.26,119.67,121.87,129.18,103.37,86,92,88,47,23.1,0.58,23.02,21.37,0.68
6438,迅得,110.25,114.14,118.25,116.9,179.3,210.51,86,90,96,96,158.0,0.42,166.98,182.74,0.32
2886,兆豐金,110.25,112.55,107.12,107.37,105.36,107.95,86,82,59,55,42.5,1.0,40.42,39.41,0.64
8464,億豐,110.22,117.68,108.22,116.92,124.21,149.97,86,90,85,88,406.0,0.56,415.14,414.41,0.4
2834,臺企銀,110.15,110.71,103.47,99.23,109.29,115.03,86,42,67,66,16.4,0.85,15.05,15.08,1.56
00637L,元大滬深300正2,110.05,111.57,106.57,106.94,122.7,140.34,86,81,83,85,16.07,0.41,14.94,15.58,1.57
3093,港建*,110.04,120.19,113.93,115.69,94.97,108.62,86,89,12,56,27.0,0.7,27.39,26.19,0.32
2832,台產,110.01,110.53,114.49,130.55,128.09,112.42,86,94,87,62,30.5,0.6,32.13,29.09,0.66
5876,上海商銀,109.93,117.71,115.32,115.29,115.29,99.89,86,89,75,14,45.9,0.91,45.18,41.41,0.39
1413,宏洲,109.9,113.17,112.35,117.83,123.0,123.16,86,90,84,75,11.85,0.8,11.94,11.11,1.32
00625K,富邦上証+R,109.83,109.83,106.67,104.8,108.0,116.32,86,78,64,68,7.76,0.7,7.41,7.39,5.88
3450,聯鈞,109.76,118.43,126.5,151.07,331.92,342.9,86,96,99,98,203.5,0.43,202.58,235.18,0.54
2539,櫻花建,109.74,115.94,115.64,115.28,126.4,107.91,86,89,86,55,63.0,0.58,62.73,56.61,0.66
4506,崇友,109.72,112.36,110.47,110.28,111.72,115.67,86,85,70,67,115.0,0.97,112.37,105.64,1.31
2603,長榮,109.71,119.34,116.33,134.91,124.7,154.48,86,94,85,89,196.5,0.66,205.46,190.44,0.35
00893,國泰智能電動車,109.65,112.39,104.05,103.14,124.49,138.85,86,75,85,84,24.07,0.71,22.56,23.31,1.44
00905,FT臺灣Smart,109.61,115.56,106.44,102.6,115.26,131.23,86,74,75,81,13.92,0.81,13.14,13.28,1.47
0055,元大MSCI金融,109.56,111.67,106.17,103.63,112.72,118.88,86,76,71,70,29.59,1.0,28.31,28.12,1.04
2471,資通,109.54,112.82,111.77,132.32,122.94,116.02,86,94,83,67,56.8,0.46,58.29,54.86,0.36
00901,永豐智能車供應鏈,109.51,115.3,106.35,101.63,116.84,134.98,85,72,77,82,20.7,0.83,19.28,19.7,0.35
1459,聯發,109.45,115.22,109.14,122.56,139.44,100.87,85,92,91,42,11.6,0.52,11.76,10.79,0.05
6727,亞泰金屬,109.42,110.06,97.45,90.13,121.67,151.36,85,24,82,88,72.6,0.54,62.54,73.43,7.1
5474,聰泰,109.36,109.36,103.21,96.76,162.24,148.46,85,36,95,87,160.0,0.41,150.99,162.34,1.56
2887,台新金,109.26,109.26,95.72,98.65,102.68,103.24,85,40,52,46,18.3,0.71,16.51,17.13,10.86
5607,遠雄港,109.25,111.42,99.54,91.83,94.85,96.57,85,27,12,9,44.75,0.56,39.78,41.99,1.3
6189,豐藝,109.19,111.1,103.0,91.79,104.28,126.57,85,27,55,78,78.0,0.45,74.11,77.75,1.06
00830,國泰費城半導體,109.19,114.83,104.31,98.66,115.81,125.7,85,40,76,78,42.86,0.67,38.78,40.41,0.63
00640L,富邦日本正2,109.16,115.67,104.55,102.0,110.66,126.93,85,73,69,78,53.45,0.57,51.49,51.33,2.47
8906,花王,109.05,110.65,105.6,119.05,122.67,162.79,85,91,83,91,35.6,0.32,35.25,34.26,0.12
2247,汎德永業,108.96,108.96,97.82,101.58,112.14,103.7,85,72,71,47,319.5,0.88,293.81,295.29,2.5
6228,全譜,108.93,119.49,162.82,193.41,133.7,168.5,85,98,89,92,42.15,0.38,46.32,37.99,0.15
3592,瑞鼎,108.93,114.45,104.45,96.7,111.15,105.44,85,36,69,50,354.0,0.76,330.74,337.69,0.49
00895,富邦未來車,108.92,112.32,105.79,105.43,128.63,144.9,85,79,87,86,30.59,0.76,28.96,29.58,3.64
4205,中華食,108.87,108.87,106.89,105.53,103.6,96.47,85,79,54,9,97.3,1.0,94.22,90.27,1.45
4571,鈞興-KY,108.87,112.67,111.77,113.16,211.43,240.26,85,88,98,97,161.5,0.35,156.44,175.02,0.65
5210,寶碩,108.8,108.87,110.2,112.64,83.08,110.44,85,87,3,59,27.9,0.58,27.66,27.67,0.4
009803,,108.73,115.25,105.08,100.84,100.0,100.0,85,70,34,27,10.55,1.0,9.91,9.63,0.25
9958,世紀鋼,108.71,114.37,122.86,107.1,94.08,111.57,85,82,10,61,205.0,0.39,204.46,189.92,0.42
5530,龍巖,108.7,109.64,118.26,149.84,183.58,126.47,85,96,97,78,64.1,0.43,64.57,59.05,0.88
2449,京元電子,108.68,116.13,106.46,98.32,113.23,159.92,85,40,72,90,103.0,0.52,95.19,104.08,0.68
6664,群翊,108.63,110.06,104.23,91.72,114.76,164.28,85,27,74,91,228.0,0.42,202.33,233.31,1.41
4433,興采,108.38,113.36,104.19,101.06,103.98,101.05,84,71,55,42,28.95,0.91,28.56,28.07,0.42
2880,華南金,108.35,111.45,106.15,109.85,119.53,121.68,84,85,80,73,28.3,0.96,27.22,26.78,0.63
5903,全家,108.29,109.89,108.76,112.87,110.86,105.85,84,88,69,51,206.0,0.82,206.18,195.14,0.91
6821,聯寶,108.27,115.42,111.92,118.66,105.76,154.7,84,91,59,89,38.95,0.34,42.75,42.43,0.06
3086,華義,108.26,110.84,105.98,120.51,129.03,210.93,84,91,88,96,161.5,0.31,158.93,170.63,1.18
2645,長榮航太,108.24,111.01,113.51,114.54,110.59,97.47,84,89,69,10,101.5,0.68,104.29,96.65,0.68
020032,元大綠能N,108.18,111.01,102.88,91.7,101.3,109.34,84,27,49,58,5.72,0.58,5.36,5.55,0.41
3376,新日興,108.13,108.13,102.59,101.72,180.88,139.45,84,72,97,84,213.5,0.35,195.58,206.91,0.35
2888,新光金,108.1,108.1,103.77,110.95,124.9,130.17,84,86,85,80,11.8,0.56,11.63,11.85,13.28
3324,雙鴻,108.09,120.03,108.98,91.47,119.41,152.8,84,26,80,89,640.0,0.52,597.39,618.38,0.68
006204,永豐臺灣加權,108.03,112.5,105.88,101.82,112.57,126.36,84,73,71,78,116.15,0.85,110.37,111.85,0.28
3265,台星科,108.02,111.18,94.88,91.15,105.21,113.21,84,26,58,63,103.0,0.57,91.38,98.93,3.57
3029,零壹,108.02,113.19,113.66,134.63,180.89,222.01,84,94,97,96,113.0,0.35,115.39,118.2,1.75
5601,台聯櫃,107.95,112.81,107.33,107.64,107.03,106.8,84,82,62,53,37.55,0.78,37.46,36.48,0.55
6203,海韻電,107.94,107.94,108.32,108.42,117.98,95.73,84,83,79,9,73.0,0.6,72.47,70.34,0.7
8147,正淩,107.87,109.98,102.45,102.45,132.1,132.7,84,74,89,82,106.5,0.39,103.24,106.7,0.3
2412,中華電,107.85,109.04,109.37,107.6,106.59,105.67,84,82,61,51,130.5,0.92,128.08,122.42,1.07
3036A,文曄甲特,107.78,108.85,107.31,106.44,109.68,110.57,84,81,67,60,50.3,1.0,49.17,48.05,2.21
6590,普鴻,107.76,108.45,100.18,105.91,112.03,96.68,84,80,71,9,76.2,0.6,73.93,72.86,1.05
6683,雍智科技,107.72,114.95,100.33,99.37,149.53,149.07,84,42,93,87,349.5,0.41,318.65,350.13,1.01
5309,系統電,107.67,112.77,100.97,99.01,123.4,133.69,83,41,84,82,38.15,0.44,35.98,38.5,0.73
6668,中揚光,107.67,107.67,96.3,95.81,104.74,110.24,83,34,57,59,45.8,0.45,43.55,47.14,0.64
00701,國泰股利精選30,107.64,109.18,105.4,105.94,109.76,114.23,83,80,67,65,28.82,1.0,27.85,27.42,0.92
9951,皇田,107.63,110.66,93.31,94.87,93.44,94.98,83,32,9,8,59.2,0.62,55.1,57.0,4.64
00962,,107.62,113.68,102.44,97.21,100.0,100.0,83,37,34,27,9.55,0.8,9.13,9.35,0.99
00770,國泰北美科技,107.58,112.28,104.67,102.11,124.27,131.42,83,73,85,81,46.05,0.72,43.65,44.89,0.74
00952,凱基台灣AI50,107.56,114.01,102.21,97.93,101.4,101.9,83,39,49,43,9.61,0.85,9.21,9.49,0.65
00904,新光臺灣半導體30,107.56,113.58,103.59,101.26,116.06,124.52,83,71,76,77,18.27,0.74,16.98,17.35,2.55
2474,可成,107.47,111.54,104.58,109.31,110.24,121.98,83,85,68,74,210.0,0.71,205.55,200.24,0.25
2454,聯發科,107.43,110.57,104.17,110.71,145.19,140.82,83,86,92,85,1420.0,0.81,1275.94,1312.23,1.28
4105,東洋,107.39,108.14,107.45,107.92,107.69,99.44,83,83,64,13,75.3,0.7,76.09,72.55,0.38
4530,宏易,107.35,112.3,114.69,132.82,156.67,176.22,83,94,95,93,11.55,0.67,11.63,11.96,0.36
00728,第一金工業30,107.34,112.57,104.69,102.05,113.25,123.56,83,73,72,76,30.47,0.83,29.4,29.69,0.7
3339,泰谷,107.25,112.99,107.07,110.78,101.56,159.06,83,86,50,90,35.85,0.47,38.19,36.6,0.35
009804,,107.17,107.21,107.32,100.0,100.0,100.0,83,56,34,27,11.98,1.0,11.19,10.85,0.95
6811,宏碁資訊,107.16,110.01,99.93,96.63,118.77,119.7,83,36,80,71,243.0,0.47,232.94,243.79,0.37
6239,力成,107.13,111.86,100.49,97.05,97.97,100.23,83,37,17,40,136.0,0.4,123.87,124.28,0.54
00875,國泰網路資安,107.1,112.34,107.24,107.08,130.57,125.11,83,82,88,77,37.06,0.52,37.02,36.9,0.97
1232,大統益,107.07,108.55,110.09,112.91,109.31,113.87,83,88,67,64,151.0,0.73,153.57,145.31,0.44
2885,元大金,107.06,108.28,104.32,102.25,124.28,125.89,83,74,85,78,32.4,0.67,31.4,31.88,1.24
2534,宏盛,106.99,108.1,99.87,103.86,109.44,121.09,83,77,67,73,25.1,0.55,24.5,24.43,0.63
00912,中信臺灣智慧50,106.92,112.38,105.05,102.73,115.35,126.82,83,75,75,78,18.63,0.85,17.86,18.1,0.63
1529,樂事綠能,106.91,113.5,107.01,108.18,106.13,90.84,82,83,60,5,26.25,0.41,27.46,25.86,0.42
1522A,堤維西甲特,106.9,106.9,105.22,104.81,109.49,108.84,82,78,67,57,49.6,1.0,48.48,47.68,0.56
00911,兆豐洲際半導體,106.87,112.13,101.06,95.62,108.79,121.42,82,34,66,73,25.72,0.58,23.33,24.63,2.15
00661,元大日經225,106.79,110.71,107.17,101.23,106.76,116.02,82,71,62,67,50.5,0.73,49.06,48.83,0.45
4305,世坤,106.78,107.93,105.87,108.05,111.97,119.98,82,83,71,71,46.7,0.81,45.73,44.61,0.68
00730,富邦臺灣優質高息,106.78,111.83,103.37,104.94,117.48,117.82,82,78,78,69,22.57,0.81,21.83,21.85,0.69
6697,東捷資訊,106.68,110.88,102.78,99.6,115.18,107.92,82,43,75,55,45.0,0.54,44.17,44.58,0.0
2838A,聯邦銀甲特,106.62,106.62,104.38,104.02,104.6,105.34,82,77,56,50,53.6,1.0,52.08,51.03,1.77
6201,亞弘電,106.58,111.06,103.2,105.02,111.37,109.39,82,79,70,58,61.2,0.73,60.18,58.68,0.93
6266,泰詠,106.53,108.5,103.14,106.95,107.31,108.73,82,82,63,57,30.4,0.85,30.19,29.37,0.41
6881,潤德,106.49,112.11,110.04,110.76,116.26,125.07,82,86,77,77,226.0,0.78,226.89,218.28,4.05
4958,臻鼎-KY,106.44,114.18,94.41,91.49,108.26,111.36,82,27,65,61,111.0,0.45,100.05,106.33,1.53
6278,台表科,106.4,117.52,103.78,103.78,114.06,111.6,82,77,73,61,104.0,0.49,103.0,101.84,0.59
009801,,106.38,112.42,104.24,101.64,100.0,100.0,82,72,34,27,9.45,0.78,8.95,8.85,0.28
6530,創威,106.32,110.85,94.99,93.76,125.59,192.35,82,31,86,95,52.6,0.35,49.82,61.02,0.52
2329,華泰,106.32,113.07,107.43,102.5,88.83,86.94,82,74,5,3,37.55,0.38,37.27,35.7,0.27
3708,上緯投控,106.3,106.63,81.96,86.18,83.3,104.45,82,18,3,48,90.3,0.39,75.18,86.17,11.44
6894,衛司特,106.29,111.8,94.55,92.25,99.09,112.13,82,28,18,62,185.0,0.56,166.88,174.34,7.86
2520,冠德,106.24,111.17,99.0,108.25,117.22,134.59,82,83,78,82,52.5,0.43,52.8,52.17,0.59
2348A,海悅甲特,106.24,106.32,104.67,106.27,111.01,111.56,82,81,69,61,36.6,0.92,36.07,35.75,6.03
4960,誠美材,106.21,112.0,104.22,100.86,107.23,100.67,82,70,63,41,13.7,0.43,13.43,13.26,0.57
3227,原相,106.21,114.04,119.06,110.08,163.88,177.88,82,85,95,94,211.5,0.53,211.23,224.44,0.63
00851,台新全球AI,106.17,111.32,103.79,101.84,122.29,128.23,81,73,83,79,48.5,0.7,46.38,47.83,5.33
3702,大聯大,106.16,111.29,107.34,97.25,88.95,99.96,81,37,5,14,72.7,0.45,69.05,69.86,0.57
4526,東台,105.96,109.14,96.57,98.31,144.21,169.63,81,40,92,92,28.05,0.4,26.03,29.77,1.55
1903,士紙,105.89,110.55,109.89,134.71,94.28,99.08,81,94,11,13,54.9,0.4,58.13,53.43,0.15
5871A,中租-KY甲特,105.89,106.9,105.15,104.74,105.53,104.9,81,78,59,49,102.5,1.0,100.97,98.61,1.24
8443,阿瘦,105.81,109.76,104.21,102.97,102.57,102.11,81,75,52,44,12.05,0.98,11.85,11.62,0.41
6982,大井泵浦,105.77,105.77,102.26,82.23,119.82,135.66,81,12,81,83,61.4,0.5,54.58,60.7,3.1
00709,富邦歐洲,105.75,106.36,103.04,109.23,113.28,108.96,81,84,72,57,31.71,0.65,31.37,30.63,0.67
3015,全漢,105.75,110.53,106.06,106.43,122.45,132.06,81,81,83,81,56.2,0.55,55.82,57.68,0.38
00852L,國泰美國道瓊正2,105.73,111.72,102.29,91.82,118.66,133.54,81,27,79,82,25.66,0.58,23.97,26.12,0.58
7734,印能科技,105.71,105.71,84.15,87.42,117.98,132.62,81,20,79,82,1215.0,0.38,1137.62,1433.85,2.65
6835,圓裕,105.63,111.15,104.61,95.43,115.76,120.4,81,33,76,72,43.6,0.55,42.72,43.9,0.22
1268,漢來美食,105.63,110.13,100.64,102.06,101.54,107.38,81,73,50,54,153.0,0.73,151.74,150.12,0.49
2441,超豐,105.63,110.33,102.59,97.03,115.2,103.38,81,37,75,47,59.4,0.68,56.55,58.04,1.07
6174,安碁,105.57,105.57,94.19,96.96,118.95,139.14,81,36,80,84,20.6,0.35,19.74,21.35,1.94
2729,瓦城,105.57,108.23,106.6,104.59,103.83,101.19,81,78,54,42,206.0,0.65,207.86,202.39,0.87
009802,,105.56,110.47,101.28,100.0,100.0,100.0,81,56,34,27,9.91,0.95,9.46,9.41,1.52
8905,裕國,105.5,106.43,104.3,110.59,109.92,108.61,81,85,68,56,30.75,0.64,30.9,30.19,0.14
6874,倍力,105.5,106.61,95.25,89.72,96.78,103.53,81,23,15,47,93.3,0.49,85.97,91.7,2.7
6121,新普,105.47,113.89,104.66,108.79,107.47,109.17,81,84,63,58,370.0,0.75,365.11,357.28,0.43
8416,實威,105.44,111.01,108.3,109.25,117.07,112.0,81,85,78,62,161.0,0.73,162.57,156.08,0.33
2881B,富邦金乙特,105.36,105.84,105.66,105.77,105.93,104.68,80,80,60,49,61.3,1.0,60.45,59.1,0.95
00924,復華S&P500成長,105.34,109.13,103.2,102.66,123.43,128.46,80,75,84,79,24.27,0.66,23.36,23.98,0.71
6791,虎門科技,105.34,107.94,107.8,114.3,178.37,204.1,80,88,96,95,101.5,0.26,106.63,119.64,0.46
6542,隆中,105.32,107.55,99.99,108.76,108.73,128.78,80,84,66,79,56.0,0.43,56.42,56.63,0.0
2612,中航,105.23,113.31,109.44,119.27,112.88,109.13,80,91,71,57,41.65,0.57,44.28,41.99,0.17
1264,德麥,105.19,108.78,103.67,102.54,112.99,109.01,80,74,72,57,321.0,0.72,317.41,313.81,2.06
6197,佳必琪,105.15,119.68,100.35,99.15,114.08,171.03,80,41,73,92,145.5,0.57,135.31,138.85,0.8
4766,南寶,105.15,105.15,108.69,111.39,119.85,118.57,80,86,81,70,312.0,0.53,321.5,307.14,0.6
6684,安格,105.13,106.45,101.13,93.44,90.63,103.37,80,30,6,47,56.4,0.35,55.3,58.6,0.85
2344,華邦電,105.1,112.93,110.73,100.13,107.98,81.11,80,69,64,2,18.45,0.39,18.26,17.72,0.56
2881A,富邦特,105.07,106.07,104.51,103.83,104.42,104.95,80,77,56,49,62.8,0.98,61.68,60.69,0.45
8155,博智,105.04,105.04,100.42,108.48,128.74,110.54,80,84,87,59,122.5,0.42,121.39,121.59,0.38
00913,兆豐台灣晶圓製造,105.03,110.22,102.11,99.25,111.55,119.88,80,42,70,71,20.22,0.66,19.06,19.6,0.77
8033,雷虎,105.01,112.0,102.69,100.91,129.19,114.72,80,71,88,66,64.5,0.64,61.61,61.44,1.43
2891B,中信金乙特,104.97,105.04,104.23,105.47,106.68,106.66,80,79,61,53,64.3,1.0,63.52,62.35,2.65
8112A,至上甲特,104.97,106.03,104.39,103.28,106.22,106.49,80,76,61,52,42.6,0.95,42.05,41.54,0.28
2515,中工,104.97,108.67,100.39,94.79,97.19,91.43,80,32,15,5,11.5,0.42,11.17,11.06,0.4
6169,昱泉,104.92,114.53,119.62,135.19,93.77,105.07,80,94,10,50,21.85,0.39,23.95,21.55,0.18
2451,創見,104.91,116.53,115.66,114.92,111.21,119.51,80,89,70,71,96.8,0.58,97.69,91.41,0.83
8926,台汽電,104.91,108.78,107.52,108.78,100.26,107.18,80,84,47,54,42.55,0.68,42.75,40.86,0.67
6122,擎邦,104.87,110.86,101.55,101.78,104.41,109.18,80,73,56,58,50.0,0.64,50.61,50.16,0.47
2949,欣新網,104.84,107.14,100.6,104.53,100.69,108.08,79,78,48,56,85.9,0.47,84.42,84.09,0.0
1788,杏昌,104.83,106.13,104.85,104.63,107.58,105.01,79,78,63,49,139.0,0.91,137.17,134.66,0.33
6592A,和潤企業甲特,104.82,104.98,103.89,101.54,104.63,102.47,79,72,56,45,95.3,1.0,92.74,91.97,1.74
1732,毛寶,104.8,106.94,99.57,113.77,110.35,114.86,79,88,68,66,27.05,0.51,27.19,27.51,0.12
6167,久正,104.78,105.05,98.84,108.63,100.63,117.06,79,84,48,68,12.9,0.47,13.04,13.71,0.56
2221,大甲,104.74,110.56,103.73,96.79,98.91,102.11,79,36,18,44,28.85,0.67,28.14,28.51,2.84
0056,元大高股息,104.73,109.52,101.56,99.61,105.04,113.41,79,43,58,64,35.2,0.73,34.21,34.41,0.72
2882B,國泰金乙特,104.67,105.17,105.02,105.63,106.46,105.28,79,80,61,50,60.1,1.0,59.3,58.25,0.97
3054,立萬利,104.67,118.93,111.91,115.44,111.42,118.93,79,89,70,70,22.85,0.66,23.75,22.86,0.36
4126,太醫,104.65,109.45,106.73,105.68,111.58,114.76,79,80,70,66,90.7,0.81,88.22,87.04,1.07
1341,富林-KY,104.65,107.77,104.42,110.62,114.74,110.83,79,86,74,60,66.8,0.73,66.22,64.8,0.54
3188,鑫龍騰,104.63,111.31,98.4,107.98,120.84,148.59,79,83,82,87,28.15,0.23,29.18,28.37,0.17
00662,富邦NASDAQ,104.61,107.61,101.73,101.4,119.75,124.78,79,72,80,77,85.7,0.65,82.44,84.86,0.39
0051,元大中型100,104.59,108.68,100.02,95.6,106.54,113.31,79,34,61,64,76.0,0.7,73.22,75.47,0.59
6637,醫影,104.54,111.68,120.89,87.99,94.76,129.67,79,21,11,80,91.0,0.42,85.33,89.69,0.42
1216,統一,104.52,104.52,100.35,103.36,105.5,123.6,79,76,59,76,84.9,0.66,80.31,82.45,0.59
4763,材料-KY,104.47,109.78,108.94,120.56,150.09,124.05,79,91,93,76,84.4,0.39,87.14,87.43,1.01
3679,新至陞,104.46,110.87,104.27,105.59,133.19,123.4,79,80,89,75,127.0,0.46,128.62,128.77,0.38
3693,營邦,104.44,111.82,100.38,100.21,111.67,99.35,79,69,70,13,320.5,0.49,319.5,333.2,0.31
8415,大國鋼,104.44,106.33,102.13,103.07,116.51,107.21,79,75,77,54,33.65,0.44,32.76,33.18,0.97
5546,永固-KY,104.42,105.62,100.94,103.2,105.64,104.97,79,76,59,49,30.1,0.74,29.98,29.77,0.67
4764,雙鍵,104.4,106.5,103.61,106.77,118.58,117.42,78,81,79,69,42.3,0.61,43.26,44.32,1.16
1802,台玻,104.38,110.36,96.73,98.07,100.65,122.65,78,39,48,75,16.25,0.46,15.51,16.72,0.44
2881,富邦金,104.33,106.25,106.41,106.41,124.41,140.04,78,81,85,84,82.6,0.66,79.79,83.86,0.48
1468,昶和,104.31,108.2,106.53,107.4,100.38,110.75,78,82,47,60,14.2,0.71,14.21,13.89,0.95
8092,建暐,104.3,110.47,95.84,96.98,109.29,143.62,78,37,67,86,19.9,0.33,20.42,20.79,0.06
1590,亞德客-KY,104.18,108.91,106.04,103.35,109.07,106.5,78,76,67,52,866.0,0.56,897.86,879.83,0.5
6156,松上,104.16,109.29,104.36,114.03,119.32,171.26,78,88,80,92,26.55,0.3,27.72,28.46,0.86
00927,群益半導體收益,104.12,109.79,100.2,97.97,110.14,116.5,78,39,68,68,17.6,0.63,16.73,17.11,1.05
1806,冠軍,104.09,105.74,118.16,111.95,103.22,110.58,78,87,53,60,10.15,0.42,10.36,9.7,0.51
3057,喬鼎,104.08,104.08,99.46,105.02,96.16,109.77,78,79,14,58,10.95,0.31,10.77,11.22,0.92
2882A,國泰特,104.08,104.92,104.05,103.31,103.88,104.46,78,76,54,48,60.6,0.96,59.7,58.94,0.86
00736,國泰新興市場,104.07,105.91,102.54,103.41,110.52,115.88,78,76,68,67,23.78,0.64,23.34,23.47,0.92
2354,鴻準,104.06,110.51,98.87,89.85,128.75,176.5,78,24,88,93,64.3,0.36,60.68,68.73,0.96
2433,互盛電,103.94,105.99,104.33,101.68,103.55,102.07,78,72,54,44,49.2,0.88,47.84,47.53,0.71
6103,合邦,103.94,105.16,123.55,123.55,126.78,149.58,78,92,87,88,49.35,0.49,48.68,48.81,0.0
1713,國化,103.92,108.76,106.61,110.23,122.35,115.47,78,85,83,67,53.5,0.55,54.31,51.68,0.67
00896,中信綠能及電動車,103.91,108.95,101.64,96.21,107.81,120.4,78,35,64,72,15.83,0.68,15.21,15.73,0.75
1101B,台泥乙特,103.89,104.51,103.81,102.7,102.14,100.79,78,75,51,41,46.75,0.98,46.22,45.38,0.75
4569,六方科-KY,103.89,103.89,109.61,112.38,158.43,319.4,78,87,95,98,142.5,0.26,146.5,184.24,0.61
00876,元大全球5G,103.87,108.18,99.02,94.85,109.52,114.55,78,32,67,65,37.24,0.54,34.95,36.5,0.97
6023,元大期,103.8,104.41,103.66,100.46,115.6,130.1,78,69,76,80,83.4,0.64,80.0,80.92,0.95
01009T,王道圓滿R1,103.75,105.84,102.3,101.16,94.51,97.35,77,71,11,10,7.18,0.64,7.07,6.96,0.61
2596,綠意,103.73,106.16,92.65,95.48,124.12,135.14,77,33,85,83,36.95,0.31,36.28,38.18,0.55
4131,浩泰,103.73,108.97,112.92,112.92,140.27,122.72,77,88,91,75,33.25,0.34,34.82,32.89,0.51
009800,,103.73,107.49,101.22,100.0,100.0,100.0,77,56,34,27,9.27,0.62,8.94,9.03,0.39
6862,,103.71,105.02,95.22,93.33,106.19,100.0,77,30,60,27,134.0,0.2,133.57,150.04,0.3
3164,景岳,103.51,105.18,98.97,101.94,104.88,97.08,77,73,57,10,20.8,0.6,20.36,20.21,0.85
1218,泰山,103.51,106.64,106.87,112.27,102.46,102.36,77,87,52,44,19.55,0.6,20.27,19.28,0.44
2881C,富邦金丙特,103.5,103.99,103.22,99.77,101.62,102.09,77,43,50,44,52.0,1.0,50.64,50.77,0.93
9911,櫻花,103.49,106.38,103.73,110.41,113.23,116.55,77,85,72,68,85.7,0.55,85.98,82.64,0.39
9937,全國,103.4,107.19,105.19,99.18,98.77,104.43,77,42,18,48,66.0,0.89,63.29,63.81,0.6
2904,匯僑,103.36,105.38,101.39,102.65,104.84,101.56,77,75,57,43,17.55,0.79,17.38,17.19,1.15
00971,,103.32,108.5,101.65,99.77,100.0,100.0,77,43,34,27,14.11,0.68,13.54,13.88,0.94
2248,華勝-KY,103.3,106.0,94.85,100.0,100.0,100.0,77,56,34,27,47.9,0.21,49.37,52.5,0.72
00861,元大全球未來通訊,103.3,106.14,100.83,99.43,116.27,118.41,77,42,77,70,42.74,0.66,41.2,42.42,0.21
8349A,恒耀甲特,103.3,105.25,103.48,104.54,113.16,113.73,77,78,72,64,47.45,0.71,47.25,47.23,0.37
4903,聯光通,103.28,103.28,89.41,106.74,154.58,286.25,77,81,94,98,27.6,0.19,26.18,33.97,5.99
8016,矽創,103.25,111.79,104.35,98.54,95.83,94.7,77,40,13,8,206.0,0.58,202.48,201.71,0.42
00918,大華優利高填息30,103.24,108.72,102.04,103.91,106.69,120.1,77,77,62,71,21.59,0.84,21.46,21.44,0.83
5871,中租-KY,103.21,112.3,102.73,96.35,93.95,97.44,77,35,10,10,127.0,0.46,123.57,126.33,0.97
5525,順天,103.15,109.57,97.97,100.97,108.26,116.6,77,71,65,68,32.95,0.4,32.73,32.48,0.45
6160,欣技,103.09,103.09,98.9,98.92,117.6,118.17,77,41,78,69,20.7,0.3,22.09,23.56,0.3
8923,時報,103.08,115.55,104.92,108.91,109.84,110.36,77,84,68,59,19.75,0.71,19.21,18.67,1.25
3022,威強電,103.04,106.97,97.94,110.77,143.19,108.87,76,86,92,57,79.7,0.25,81.09,82.33,0.56
3303,岱稜,103.03,110.8,99.67,112.09,133.57,219.25,76,87,89,96,45.3,0.32,46.77,50.39,0.99
2633,台灣高鐵,103.01,104.76,103.39,100.02,97.72,100.36,76,69,16,41,28.65,0.72,28.14,28.05,1.0
8083,瑞穎,102.97,107.39,97.08,94.47,109.0,108.07,76,31,66,56,152.0,0.71,146.08,149.82,0.94
3479,安勤,102.96,103.75,97.3,100.49,115.14,103.66,76,69,75,47,94.6,0.47,93.87,95.22,0.68
6163,華電網,102.96,105.29,95.36,106.62,107.16,135.53,76,81,62,83,22.25,0.47,21.44,22.75,1.07
3287,廣寰科,102.94,104.28,103.67,130.29,112.93,122.4,76,93,72,74,35.95,0.36,37.64,35.52,0.35
8299,群聯,102.93,107.24,102.17,104.11,122.05,97.77,76,77,83,11,492.0,0.52,489.61,476.97,0.4
6015,宏遠證,102.92,106.71,101.93,97.99,99.86,112.91,76,39,20,63,10.85,0.54,10.63,10.63,0.45
00878,國泰永續高股息,102.91,106.88,100.69,99.72,107.74,114.52,76,43,64,65,21.09,0.74,20.65,20.97,0.58
01010T,京城樂富R1,102.89,103.28,103.63,102.83,102.87,102.46,76,75,52,45,10.03,0.96,9.96,9.81,0.0
00643,群益深証中小,102.89,104.19,98.46,104.5,120.62,125.27,76,77,81,77,12.46,0.35,12.05,12.84,1.0
2425,承啟,102.88,105.47,109.17,109.17,99.38,125.52,76,84,19,77,34.6,0.37,37.09,37.63,0.5
7736,虎山,102.82,108.38,97.36,100.0,100.0,100.0,76,56,34,27,99.8,0.34,101.72,105.03,0.19
1234,黑松,102.82,105.96,102.85,102.84,101.63,105.57,76,75,50,51,40.2,0.73,39.57,39.27,0.15
00642U,期元大S&P石油,102.78,106.7,113.03,95.85,110.4,104.08,76,34,68,48,16.42,0.53,15.76,16.36,0.45
00963,,102.64,103.78,98.66,102.72,104.26,100.0,76,75,55,27,10.13,0.52,9.95,10.05,0.53
2754,亞洲藏壽司,102.63,104.89,97.29,90.63,92.67,88.56,76,25,8,4,85.2,0.49,80.7,85.17,2.49
5523,豐謙,102.6,104.11,105.59,105.58,108.85,113.93,76,80,66,64,29.9,0.81,30.04,29.44,1.25
6136,富爾特,102.6,105.39,106.25,111.61,125.79,111.97,76,86,86,62,22.35,0.36,22.9,22.39,0.42
4207,環泰,102.58,106.51,102.74,105.25,103.88,105.72,76,79,54,51,15.95,0.72,16.01,15.68,0.25
1726,永記,102.55,104.92,103.95,101.48,102.45,105.68,75,72,52,51,78.0,0.78,77.28,76.57,1.73
3217,優群,102.51,109.11,104.48,106.32,109.01,114.59,75,81,66,65,148.0,0.62,154.51,151.68,0.6
00908,富邦入息REITs+,102.51,103.34,103.04,109.13,110.58,115.45,75,84,68,67,12.69,0.54,12.71,12.7,0.48
5520,力泰,102.45,102.45,102.71,108.25,110.06,113.01,75,83,68,63,79.2,0.65,80.33,78.24,1.06
3171,,102.42,106.96,103.11,106.9,98.38,105.89,75,81,17,51,40.3,0.49,39.02,36.85,1.2
6506,雙邦,102.4,105.42,100.37,98.34,100.7,122.08,75,40,48,74,16.2,0.41,16.52,17.06,0.66
8039,台虹,102.39,105.82,97.59,96.93,104.74,121.25,75,36,57,73,46.0,0.33,45.8,48.29,0.46
3033,威健,102.35,106.42,98.81,99.8,108.56,120.64,75,43,65,72,33.9,0.58,33.41,34.08,1.26
6177,達麗,102.31,107.5,104.49,111.8,117.33,113.12,75,87,78,63,48.25,0.3,49.46,46.38,0.58
7713,威力德生醫,102.3,102.3,98.18,94.57,114.34,114.8,75,32,74,66,63.8,0.45,58.77,64.51,3.3
6020,大展證,102.3,104.62,102.38,102.95,103.9,103.99,75,75,54,48,18.95,0.91,18.85,18.58,0.19
1451,年興,102.21,109.36,101.77,111.21,113.37,109.08,75,86,72,57,18.8,0.58,19.31,19.09,0.43
1108,幸福,102.21,105.51,100.67,102.6,102.41,102.72,75,74,52,45,14.85,0.66,14.99,14.65,0.63
1599,宏佳騰,102.2,104.79,97.53,94.43,94.49,96.79,75,31,11,9,30.95,0.57,29.25,30.39,2.43
6234,高僑,102.19,105.4,91.81,87.08,105.26,110.4,75,20,58,59,24.25,0.39,22.71,25.07,1.56
4154,樂威科-KY,102.09,113.07,113.07,116.6,122.81,107.51,75,90,83,55,18.95,0.51,18.85,18.66,0.89
1712,興農,102.08,105.04,102.19,103.98,115.85,120.69,75,77,76,72,41.5,0.48,41.91,41.77,0.37
4754,國碳科,102.01,105.4,102.35,104.53,109.6,104.9,75,78,67,49,41.5,0.62,41.28,41.15,1.86
1734,杏輝,102.0,107.82,103.96,105.64,103.45,99.16,75,80,53,13,31.6,0.65,31.55,30.53,0.52
6412,群電,102.0,112.06,102.15,99.17,102.1,97.12,75,42,51,10,113.5,0.58,112.59,115.45,0.31
2395,研華,101.93,103.75,96.42,98.57,124.91,110.24,75,40,85,59,348.5,0.38,342.11,351.59,1.02
2317,鴻海,101.88,111.97,100.6,91.35,115.54,170.04,74,26,75,92,161.5,0.48,151.37,168.43,0.46
9925,新保,101.87,103.09,102.13,102.86,103.89,106.1,74,75,54,52,41.75,0.73,41.44,41.23,0.65
6115,鎰勝,101.85,105.0,100.59,100.26,105.5,111.32,74,69,59,61,49.85,0.62,48.78,48.93,0.78
006207,復華滬深,101.84,102.42,98.49,103.8,114.28,122.36,74,77,74,74,24.03,0.36,23.27,24.55,2.03
6269,台郡,101.84,104.59,90.48,78.13,93.38,93.93,74,7,9,7,63.3,0.38,54.95,63.73,2.03
6952,大武山,101.79,108.03,103.38,96.07,97.19,87.65,74,35,15,3,47.7,0.51,47.45,46.52,1.0
2897B,王道銀乙特,101.68,101.91,100.26,100.68,101.38,101.39,74,70,49,43,11.95,1.0,11.78,11.7,0.4
2850,新產,101.68,106.71,105.61,114.04,131.65,135.37,74,88,89,83,96.9,0.63,98.0,95.97,0.68
00731,復華富時高息低波,101.64,104.02,100.31,99.5,103.36,114.5,74,42,53,65,67.5,0.59,66.0,66.67,0.95
2397,友通,101.61,101.61,92.54,92.09,119.96,133.86,74,28,81,82,64.7,0.38,61.21,68.64,2.62
00916,國泰全球品牌50,101.6,104.04,99.65,99.59,121.2,125.35,74,43,82,77,23.26,0.49,22.73,23.74,1.28
2887E,台新戊特,101.6,101.6,98.86,100.58,102.71,102.99,74,70,52,46,49.2,0.89,48.06,48.61,0.54
00646,元大S&P500,101.58,103.57,98.96,97.89,116.8,123.79,74,39,77,76,57.25,0.54,55.51,58.24,0.44
4527,方土霖,101.56,109.09,104.47,105.48,118.48,165.51,74,79,79,91,44.65,0.32,44.38,45.94,0.17
1530,亞崴,101.56,104.43,102.91,104.13,109.94,115.52,74,77,68,67,28.7,0.48,29.4,29.76,0.57
7708,全家餐飲,101.55,103.6,98.9,96.07,96.47,110.62,74,35,14,60,97.5,0.32,93.97,96.67,1.38
2924,宏太-KY,101.54,106.09,99.38,114.68,115.53,146.33,74,89,75,87,29.0,0.21,29.35,31.41,0.0
00739,元大MSCI A股,101.51,102.25,97.79,103.15,113.56,120.89,74,76,73,72,21.63,0.38,20.96,22.12,0.91
6741,91APP*-KY,101.51,105.48,99.71,96.54,116.65,107.1,74,36,77,54,81.7,0.43,81.59,86.08,0.54
6464,台數科,101.49,102.38,101.98,101.57,101.58,101.05,74,72,50,42,81.3,0.92,80.59,79.9,0.23
6581,鋼聯,101.48,107.59,104.73,106.98,115.03,128.72,74,82,75,79,105.0,0.49,107.05,106.76,3.94
4430,耀億,101.48,103.75,92.47,98.74,107.37,121.92,74,41,63,74,20.0,0.43,20.38,21.65,0.83
00899,FT潔淨能源,101.43,103.24,98.81,92.93,91.94,94.31,73,29,7,7,14.8,0.42,13.87,14.36,1.26
6803,崑鼎,101.36,102.12,103.59,103.63,107.3,99.11,73,76,63,13,292.0,0.55,296.68,289.64,0.63
4951,精拓科,101.32,109.25,95.27,93.11,113.3,102.18,73,29,72,44,64.8,0.47,62.82,65.52,0.47
2809,京城銀,101.3,104.67,102.15,100.59,106.72,115.4,73,70,62,67,53.6,0.43,51.19,50.63,0.41
6470,宇智,101.28,105.62,99.01,104.97,108.53,114.93,73,79,65,66,47.7,0.48,48.86,49.01,0.37
00636,國泰中國A50,101.28,101.74,98.94,104.83,114.39,122.12,73,78,74,74,22.23,0.34,21.58,22.54,1.32
6662,樂斯科,101.27,104.28,100.04,99.7,102.43,107.14,73,43,52,54,34.9,0.52,33.81,34.46,0.39
4939,亞電,101.27,107.63,101.54,100.4,100.86,111.91,73,69,48,62,19.45,0.5,19.58,19.8,0.58
6834,天二科技,101.25,103.95,99.52,124.19,107.67,126.09,73,92,63,78,31.25,0.33,32.94,32.34,0.13
4439,冠星-KY,101.24,103.92,98.49,89.5,106.98,109.53,73,23,62,58,95.5,0.54,88.55,93.2,1.39
6435,大中,101.1,104.94,101.16,104.86,121.1,113.2,73,78,82,63,94.8,0.39,98.41,99.82,0.65
00921,兆豐龍頭等權重,101.06,105.28,98.18,97.82,102.98,110.07,73,38,53,59,16.82,0.7,16.63,17.0,0.62
7714,創泓科技,101.06,109.04,100.25,143.73,87.95,99.93,73,95,5,14,102.0,0.37,110.56,102.95,0.31
3564,其陽,101.01,101.36,93.64,89.55,120.54,163.09,73,23,81,91,64.7,0.34,62.87,72.61,0.18
3712,永崴投控,101.0,101.0,90.48,98.64,138.97,168.99,73,40,91,92,50.7,0.33,49.17,55.36,2.3
4104,佳醫,101.0,104.83,101.63,108.73,105.27,106.6,73,84,58,52,84.0,0.6,85.51,83.91,0.46
2945,三商家購,100.98,106.88,99.64,97.03,97.35,101.0,73,37,15,42,38.9,0.6,37.82,38.51,2.1
1442,名軒,100.92,107.67,118.68,132.6,161.83,175.27,73,94,95,93,71.7,0.49,73.02,74.57,0.26
00639,富邦深100,100.91,101.73,96.74,101.17,115.77,127.87,73,71,76,79,11.07,0.23,10.68,11.6,1.14
6504,南六,100.91,106.0,94.85,90.98,95.39,102.77,73,25,13,45,60.7,0.58,59.45,63.75,0.59
5392,能率,100.89,104.42,99.66,108.28,134.51,136.27,73,83,90,83,30.9,0.37,31.61,31.94,0.38
3426,台興,100.86,102.68,99.77,101.77,118.58,134.93,72,73,79,82,44.15,0.26,45.51,48.06,0.42
3168,眾福科,100.84,106.96,96.4,98.01,92.09,90.06,72,39,7,4,45.6,0.52,45.91,45.85,0.12
6541,泰福-KY,100.83,104.6,96.26,112.59,145.84,131.68,72,87,93,81,56.7,0.33,54.43,63.59,1.7
1423,利華,100.81,103.72,101.5,101.49,104.49,123.59,72,72,56,76,37.0,0.43,36.13,36.8,0.0
2719,燦星旅,100.8,109.26,98.17,99.44,99.66,90.45,72,42,20,5,40.7,0.41,42.93,43.26,0.07
5464,霖宏,100.76,104.12,109.37,111.73,94.41,97.76,72,86,11,11,25.15,0.41,27.26,25.8,0.4
006205,富邦上証,100.76,101.67,98.1,104.1,113.0,120.78,72,77,72,72,31.67,0.36,30.77,32.34,1.05
5292,華懋,100.74,105.54,103.96,101.75,116.98,140.97,72,73,77,85,147.0,0.48,144.34,150.37,1.41
1540,喬福,100.68,106.28,97.3,113.75,154.09,224.45,72,88,94,97,29.7,0.29,30.38,35.46,0.7
4153,鈺緯,100.6,105.3,107.26,112.25,101.87,117.21,72,87,50,69,41.05,0.43,40.54,39.6,0.4
1737,臺鹽,100.55,103.76,100.15,101.07,100.14,106.02,72,71,47,52,32.75,0.51,32.74,32.73,0.29
00713,元大台灣高息低波,100.46,102.16,98.47,100.46,106.17,115.08,72,69,60,66,51.05,0.69,50.5,51.31,0.6
2208,台船,100.45,108.15,108.64,105.87,107.75,104.12,72,80,64,48,17.05,0.58,17.22,16.73,1.0
5324,士開,100.43,103.4,101.19,114.55,98.49,112.92,72,89,18,63,11.45,0.35,11.77,11.9,0.11
1608,華榮,100.41,104.54,90.68,86.26,104.99,119.07,72,18,58,70,27.15,0.34,25.3,27.08,5.3
00907,永豐優息存股,100.4,104.03,98.99,102.09,109.84,114.71,72,73,68,65,14.93,0.65,14.96,15.22,0.51
8390,金益鼎,100.38,107.38,100.09,117.53,115.02,144.45,72,90,74,86,62.3,0.37,62.51,66.91,0.4
00919,群益台灣精選高息,100.38,105.55,99.53,103.37,109.07,111.69,72,76,67,61,21.48,0.69,21.45,21.49,0.48
2901,欣欣,100.37,102.1,99.9,98.94,102.07,106.79,72,41,51,53,26.3,0.51,25.84,26.79,0.68
4558,寶緯,100.37,100.37,82.71,86.67,118.04,166.39,72,19,79,91,26.05,0.21,23.95,30.02,1.43
4739,康普,100.3,103.0,98.23,88.08,101.82,98.87,72,21,50,12,51.5,0.38,47.87,53.11,0.7
3289,宜特,100.28,100.28,86.35,84.87,108.91,174.68,71,16,66,93,122.5,0.37,107.4,130.74,7.34
2436,偉詮電,100.26,105.95,100.92,94.84,104.01,100.82,71,32,55,42,49.85,0.46,47.84,51.92,0.38
1307,三芳,100.23,108.22,103.96,118.5,162.0,182.34,71,91,95,94,31.95,0.26,35.28,37.49,1.26
5287,數字,100.22,102.28,100.18,100.26,104.47,105.39,71,69,56,50,176.5,0.66,176.98,178.51,1.06
3232,昱捷,100.17,106.04,105.95,113.29,115.92,113.36,71,88,76,64,25.9,0.45,28.29,26.77,0.49
6561,是方,100.16,103.17,101.38,102.02,113.83,149.94,71,73,73,88,401.5,0.34,406.2,437.08,0.58
4735,豪展,100.16,109.3,104.02,101.78,100.22,116.52,71,73,47,68,34.95,0.41,35.68,37.08,0.08
5521,工信,100.15,101.28,107.28,110.24,115.94,113.74,71,85,76,64,11.45,0.46,12.28,11.72,0.38
2230,泰茂,100.15,108.1,101.96,85.73,85.53,119.39,71,17,3,70,102.5,0.39,96.46,106.83,0.5
6651,全宇昕,100.13,102.94,101.2,119.12,131.89,139.34,71,91,89,84,79.3,0.4,84.7,88.53,0.31
3014,聯陽,100.09,105.31,96.94,94.94,109.68,106.83,71,33,67,53,129.0,0.45,126.85,131.47,0.65
3085,新零售,100.09,100.09,119.28,110.29,182.41,201.84,71,85,97,95,18.3,0.44,17.41,20.81,0.27
9918,欣天然,100.08,102.61,102.53,100.79,100.53,104.49,71,70,47,48,40.35,0.58,39.91,40.02,0.12
5222,全訊,100.08,103.16,91.18,82.86,106.77,98.58,71,12,62,12,119.0,0.43,109.1,120.07,1.51
3034,聯詠,100.04,107.31,102.75,100.77,109.41,105.73,71,70,67,51,496.0,0.49,493.58,487.79,0.63
8917,欣泰,100.04,101.87,103.84,105.24,105.88,110.01,71,79,60,59,60.0,0.5,59.01,60.18,0.06
4923,力士,100.03,105.42,105.05,99.35,119.81,87.36,71,42,81,3,32.7,0.4,31.41,34.33,0.11
1436,華友聯,100.02,102.21,93.6,102.97,131.29,147.45,71,75,88,87,122.5,0.29,119.65,126.48,2.87
6173,信昌電,100.0,100.0,100.0,100.0,100.0,100.0,58,56,34,27,,,,,
1569,濱川,100.0,100.0,100.0,100.0,100.0,100.0,58,56,34,27,,,,,
1762,中化生,100.0,100.0,100.0,100.0,100.0,100.0,58,56,34,27,,,,,
3591,艾笛森,100.0,100.0,100.0,100.0,100.0,100.0,58,56,34,27,,,,,
6165,浪凡,100.0,100.0,100.0,100.0,100.0,100.0,58,56,34,27,,,,,
3363,上詮,100.0,100.0,100.0,100.0,100.0,100.0,58,56,34,27,,,,,
6719,力智,100.0,100.0,100.0,100.0,100.0,100.0,58,56,34,27,,,,,
6955,邦睿生技,100.0,100.0,100.0,100.0,100.0,100.0,58,56,34,27,,,,,
4711,永純,100.0,100.0,100.0,100.0,100.0,100.0,58,56,34,27,,,,,
3504,揚明光,100.0,100.0,100.0,100.0,100.0,100.0,58,56,34,27,,,,,
5403,中菲,100.0,100.0,100.0,100.0,100.0,100.0,58,56,34,27,,,,,
6918,愛派司,100.0,100.0,100.0,100.0,100.0,100.0,58,56,34,27,103.5,0.21,105.79,105.79,0.26
3515,華擎,100.0,100.0,100.0,100.0,100.0,100.0,58,56,34,27,,,,,
3531,先益,100.0,100.0,100.0,100.0,100.0,100.0,58,56,34,27,,,,,
1773,勝一,100.0,100.0,100.0,100.0,100.0,100.0,58,56,34,27,,,,,
00631L,元大台灣50正2,100.0,100.0,100.0,100.0,100.0,100.0,58,56,34,27,,,,,
6141,柏承,100.0,100.0,100.0,100.0,100.0,100.0,58,56,34,27,,,,,
2734,易飛網,100.0,100.0,100.0,100.0,100.0,100.0,58,56,34,27,,,,,
1626,艾美特-KY,100.0,100.0,100.0,100.0,100.0,100.0,58,56,34,27,,,,,
6550,北極星藥業-KY,100.0,100.0,100.0,100.0,100.0,100.0,58,56,34,27,,,,,
8042,金山電,100.0,100.0,100.0,100.0,100.0,100.0,58,56,34,27,,,,,
6781,AES-KY,100.0,100.0,100.0,100.0,100.0,100.0,58,56,34,27,,,,,
6246,臺龍,100.0,100.0,100.0,100.0,100.0,100.0,58,56,34,27,,,,,
6732,昇佳電子,100.0,100.0,100.0,100.0,100.0,100.0,58,56,34,27,,,,,
5484,慧友,100.0,100.0,100.0,100.0,100.0,100.0,58,56,34,27,,,,,
3226,至寶電,100.0,100.0,100.0,100.0,100.0,100.0,58,56,34,27,,,,,
4148,全宇生技-KY,100.0,100.0,100.0,100.0,100.0,100.0,58,56,34,27,,,,,
4129,聯合,100.0,100.0,100.0,100.0,100.0,100.0,58,56,34,27,,,,,
00737,國泰AI+Robo,100.0,100.0,100.0,100.0,100.0,100.0,58,56,34,27,,,,,
5902,德記,100.0,100.0,100.0,100.0,100.0,100.0,58,56,34,27,,,,,
6728,上洋,100.0,100.0,100.0,100.0,100.0,100.0,58,56,34,27,,,,,
3360,尚立,100.0,100.0,100.0,100.0,100.0,100.0,58,56,34,27,,,,,
5213,亞昕,100.0,100.0,100.0,100.0,100.0,100.0,58,56,34,27,,,,,
4987,科誠,100.0,100.0,100.0,100.0,100.0,100.0,58,56,34,27,,,,,
8047,星雲,100.0,100.0,100.0,100.0,100.0,100.0,58,56,34,27,,,,,
1446,宏和,100.0,100.0,100.0,100.0,100.0,100.0,58,56,34,27,,,,,
4977,眾達-KY,100.0,100.0,100.0,100.0,100.0,100.0,58,56,34,27,,,,,
8222,寶一,100.0,100.0,100.0,100.0,100.0,100.0,58,56,34,27,,,,,
5493,三聯,100.0,100.0,100.0,100.0,100.0,100.0,58,56,34,27,,,,,
1904,正隆,100.0,100.0,100.0,100.0,100.0,100.0,58,56,34,27,,,,,
4956,光鋐,100.0,100.0,100.0,100.0,100.0,100.0,58,56,34,27,,,,,
3017,奇鋐,100.0,100.0,100.0,100.0,100.0,100.0,58,56,34,27,,,,,
9904,寶成,100.0,100.0,100.0,100.0,100.0,100.0,58,56,34,27,,,,,
00648R,元大S&P500反1,100.0,100.0,100.0,100.0,100.0,100.0,58,56,34,27,,,,,
6271,同欣電,100.0,100.0,100.0,100.0,100.0,100.0,58,56,34,27,,,,,
1506,正道,100.0,100.0,100.0,100.0,100.0,100.0,58,56,34,27,,,,,
5511,德昌,100.0,100.0,100.0,100.0,100.0,100.0,58,56,34,27,,,,,
00668K,國泰美國道瓊+U,100.0,100.0,100.0,100.0,100.0,100.0,58,56,34,27,,,,,
00894,中信小資高價30,100.0,100.0,100.0,100.0,100.0,100.0,58,56,34,27,,,,,
1560,中砂,100.0,100.0,100.0,100.0,100.0,100.0,58,56,34,27,,,,,
1410,南染,100.0,100.0,100.0,100.0,100.0,100.0,58,56,34,27,,,,,
2926,誠品生活,100.0,100.0,100.0,100.0,100.0,100.0,58,56,34,27,,,,,
8996,高力,100.0,100.0,100.0,100.0,100.0,100.0,58,56,34,27,,,,,
4175,杏一,100.0,100.0,100.0,100.0,100.0,100.0,58,56,34,27,,,,,
2024,志聯,100.0,100.0,100.0,100.0,100.0,100.0,58,56,34,27,,,,,
6516,勤崴國際,100.0,100.0,100.0,100.0,100.0,100.0,58,56,34,27,,,,,
3687,歐買尬,100.0,100.0,100.0,100.0,100.0,100.0,58,56,34,27,,,,,
4116,明基醫,100.0,100.0,100.0,100.0,100.0,100.0,58,56,34,27,,,,,
8176,智捷,100.0,100.0,100.0,100.0,100.0,100.0,58,56,34,27,,,,,
8011,台通,100.0,100.0,100.0,100.0,100.0,100.0,58,56,34,27,,,,,
4540,全球傳動,100.0,100.0,100.0,100.0,100.0,100.0,58,56,34,27,,,,,
3552,同致,100.0,100.0,100.0,100.0,100.0,100.0,58,56,34,27,,,,,
1909,榮成,100.0,100.0,100.0,100.0,100.0,100.0,58,56,34,27,,,,,
6919,康霈*,100.0,100.0,100.0,100.0,100.0,100.0,58,56,34,27,,,,,
6533,晶心科,100.0,100.0,100.0,100.0,100.0,100.0,58,56,34,27,,,,,
4413,飛寶企業,100.0,100.0,100.0,100.0,100.0,100.0,58,56,34,27,,,,,
2388,威盛,100.0,100.0,100.0,100.0,100.0,100.0,58,56,34,27,,,,,
6144,得利影,100.0,100.0,100.0,100.0,100.0,100.0,58,56,34,27,,,,,
8401,白紗科,100.0,100.0,100.0,100.0,100.0,100.0,58,56,34,27,,,,,
00922,國泰台灣領袖50,100.0,100.0,100.0,100.0,100.0,100.0,58,56,34,27,,,,,
6962,,100.0,100.0,100.0,100.0,100.0,100.0,58,56,34,27,,,,,
2493,揚博,100.0,100.0,100.0,100.0,100.0,100.0,58,56,34,27,,,,,
2414,精技,100.0,100.0,100.0,100.0,100.0,100.0,58,56,34,27,,,,,
2947,振宇五金,100.0,100.0,100.0,100.0,100.0,100.0,58,56,34,27,,,,,
4768,晶呈科技,100.0,100.0,100.0,100.0,100.0,100.0,58,56,34,27,,,,,
3317,尼克森,100.0,100.0,100.0,100.0,100.0,100.0,58,56,34,27,,,,,
2883B,開發金乙特,100.0,100.0,100.0,100.0,100.0,100.0,58,56,34,27,,,,,
8215,明基材,100.0,100.0,100.0,100.0,100.0,100.0,58,56,34,27,,,,,
006206,元大上證50,100.0,100.0,100.0,100.0,100.0,100.0,58,56,34,27,,,,,
2313,華通,100.0,100.0,100.0,100.0,100.0,100.0,58,56,34,27,,,,,
2605,新興,100.0,100.0,100.0,100.0,100.0,100.0,58,56,34,27,,,,,
6640,均華,100.0,100.0,100.0,100.0,100.0,100.0,58,56,34,27,,,,,
2012,春雨,100.0,100.0,100.0,100.0,100.0,100.0,58,56,34,27,,,,,
2233,宇隆,100.0,100.0,100.0,100.0,100.0,100.0,58,56,34,27,,,,,
2332,友訊,100.0,100.0,100.0,100.0,100.0,100.0,58,56,34,27,,,,,
3577,泓格,100.0,100.0,100.0,100.0,100.0,100.0,58,56,34,27,,,,,
2323,中環,100.0,100.0,100.0,100.0,100.0,100.0,58,56,34,27,,,,,
6708,天擎,100.0,100.0,100.0,100.0,100.0,100.0,58,56,34,27,,,,,
1454,台富,100.0,100.0,100.0,100.0,100.0,100.0,58,56,34,27,,,,,
8440,綠電,100.0,100.0,100.0,100.0,100.0,100.0,58,56,34,27,,,,,
4183,福永生技,100.0,100.0,100.0,100.0,100.0,100.0,58,56,34,27,,,,,
2478,大毅,100.0,100.0,100.0,100.0,100.0,100.0,58,56,34,27,,,,,
3432,台端,100.0,100.0,100.0,100.0,100.0,100.0,58,56,34,27,,,,,
3434,哲固,100.0,100.0,100.0,100.0,100.0,100.0,58,56,34,27,,,,,
3520,華盈,100.0,100.0,100.0,100.0,100.0,100.0,58,56,34,27,,,,,
9910,豐泰,100.0,100.0,100.0,100.0,100.0,100.0,58,56,34,27,,,,,
2913,農林,100.0,100.0,100.0,100.0,100.0,100.0,58,56,34,27,,,,,
3390,旭軟,100.0,100.0,100.0,100.0,100.0,100.0,58,56,34,27,,,,,
1707,葡萄王,100.0,100.0,100.0,100.0,100.0,100.0,58,56,34,27,,,,,
7732,金興精密,100.0,100.0,100.0,100.0,100.0,100.0,58,56,34,27,,,,,
6965,,100.0,100.0,100.0,100.0,100.0,100.0,58,56,34,27,,,,,
3516,亞帝歐,100.0,100.0,100.0,100.0,100.0,100.0,58,56,34,27,,,,,
2417,圓剛,100.0,100.0,100.0,100.0,100.0,100.0,58,56,34,27,,,,,
4168,醣聯,100.0,100.0,100.0,100.0,100.0,100.0,58,56,34,27,,,,,
3021,鴻名,100.0,100.0,100.0,100.0,100.0,100.0,58,56,34,27,,,,,
2105,正新,100.0,100.0,100.0,100.0,100.0,100.0,58,56,34,27,,,,,
3526,凡甲,100.0,100.0,100.0,100.0,100.0,100.0,58,56,34,27,,,,,
9945,潤泰新,100.0,100.0,100.0,100.0,100.0,100.0,58,56,34,27,,,,,
1503,士電,100.0,100.0,100.0,100.0,100.0,100.0,58,56,34,27,,,,,
2002,中鋼,100.0,100.0,100.0,100.0,100.0,100.0,58,56,34,27,,,,,
6969,成信實業*-創,100.0,100.0,100.0,100.0,100.0,100.0,58,56,34,27,,,,,
5302,太欣,100.0,100.0,100.0,100.0,100.0,100.0,58,56,34,27,,,,,
8048,德勝,100.0,100.0,100.0,100.0,100.0,100.0,58,56,34,27,,,,,
6213,聯茂,100.0,100.0,100.0,100.0,100.0,100.0,58,56,34,27,,,,,
2033,佳大,100.0,100.0,100.0,100.0,100.0,100.0,58,56,34,27,,,,,
7728,光焱科技,100.0,100.0,100.0,100.0,100.0,100.0,58,56,34,27,,,,,
6869,雲豹能源,100.0,100.0,100.0,100.0,100.0,100.0,58,56,34,27,,,,,
3321,同泰,100.0,100.0,100.0,100.0,100.0,100.0,58,56,34,27,,,,,
6104,創惟,100.0,100.0,100.0,100.0,100.0,100.0,58,56,34,27,,,,,
009808,,100.0,100.0,100.0,100.0,100.0,100.0,58,56,34,27,15.98,1.0,15.22,15.22,0.28
5450,南良,100.0,100.0,100.0,100.0,100.0,100.0,58,56,34,27,,,,,
6556,勝品,100.0,100.0,100.0,100.0,100.0,100.0,58,56,34,27,,,,,
6692,進能服,100.0,100.0,100.0,100.0,100.0,100.0,58,56,34,27,,,,,
3605,宏致,100.0,100.0,100.0,100.0,100.0,100.0,58,56,34,27,,,,,
5498,凱崴,100.0,100.0,100.0,100.0,100.0,100.0,58,56,34,27,,,,,
6151,晉倫,100.0,100.0,100.0,100.0,100.0,100.0,58,56,34,27,,,,,
2402,毅嘉,100.0,100.0,100.0,100.0,100.0,100.0,58,56,34,27,,,,,
00981A,,100.0,100.0,100.0,100.0,100.0,100.0,58,56,34,27,11.35,0.97,10.68,10.68,1.08
00891,中信關鍵半導體,100.0,100.0,100.0,100.0,100.0,100.0,58,56,34,27,,,,,
4120,友華,100.0,100.0,100.0,100.0,100.0,100.0,58,56,34,27,,,,,
9802,鈺齊-KY,100.0,100.0,100.0,100.0,100.0,100.0,58,56,34,27,,,,,
1742,台蠟,100.0,100.0,100.0,100.0,100.0,100.0,58,56,34,27,,,,,
4942,嘉彰,100.0,100.0,100.0,100.0,100.0,100.0,58,56,34,27,,,,,
1416,廣豐,100.0,100.0,100.0,100.0,100.0,100.0,58,56,34,27,,,,,
5315,光聯,100.0,100.0,100.0,100.0,100.0,100.0,58,56,34,27,,,,,
1784,訊聯,100.0,100.0,100.0,100.0,100.0,100.0,58,56,34,27,,,,,
5529,鉅陞,100.0,100.0,100.0,100.0,100.0,100.0,58,56,34,27,,,,,
2236,百達-KY,100.0,100.0,100.0,100.0,100.0,100.0,58,56,34,27,,,,,
2104,國際中橡,100.0,100.0,100.0,100.0,100.0,100.0,58,56,34,27,,,,,
8255,朋程,100.0,100.0,100.0,100.0,100.0,100.0,58,56,34,27,,,,,
5880,合庫金,100.0,100.0,100.0,100.0,100.0,100.0,58,56,34,27,,,,,
1582,信錦,100.0,100.0,100.0,100.0,100.0,100.0,58,56,34,27,,,,,
2453,凌群,100.0,100.0,100.0,100.0,100.0,100.0,58,56,34,27,,,,,
2614,東森,100.0,100.0,100.0,100.0,100.0,100.0,58,56,34,27,,,,,
1785,光洋科,100.0,100.0,100.0,100.0,100.0,100.0,58,56,34,27,,,,,
4729,熒茂,100.0,100.0,100.0,100.0,100.0,100.0,58,56,34,27,,,,,
5263,智崴,100.0,100.0,100.0,100.0,100.0,100.0,58,56,34,27,,,,,
2020,美亞,100.0,100.0,100.0,100.0,100.0,100.0,58,56,34,27,,,,,
4747,強生,100.0,100.0,100.0,100.0,100.0,100.0,58,56,34,27,,,,,
3545,敦泰,100.0,100.0,100.0,100.0,100.0,100.0,58,56,34,27,,,,,
2718,晶悅,100.0,100.0,100.0,100.0,100.0,100.0,58,56,34,27,,,,,
6292,迅德,100.0,100.0,100.0,100.0,100.0,100.0,58,56,34,27,,,,,
6672,騰輝電子-KY,100.0,100.0,100.0,100.0,100.0,100.0,58,56,34,27,,,,,
2912,統一超,100.0,100.0,100.0,100.0,100.0,100.0,58,56,34,27,,,,,
5905,南仁湖,100.0,100.0,100.0,100.0,100.0,100.0,58,56,34,27,,,,,
3465,進泰電子,100.0,100.0,100.0,100.0,100.0,100.0,58,56,34,27,,,,,
4905,台聯電,100.0,100.0,100.0,100.0,100.0,100.0,58,56,34,27,,,,,
3521,鴻翊,100.0,100.0,100.0,100.0,100.0,100.0,58,56,34,27,,,,,
2450,神腦,100.0,100.0,100.0,100.0,100.0,100.0,58,56,34,27,,,,,
7740,,100.0,100.0,100.0,100.0,100.0,100.0,58,56,34,27,240.0,0.88,216.85,216.85,2.23
3338,泰碩,100.0,100.0,100.0,100.0,100.0,100.0,58,56,34,27,,,,,
6762,達亞,100.0,100.0,100.0,100.0,100.0,100.0,58,56,34,27,,,,,
1618,合機,100.0,100.0,100.0,100.0,100.0,100.0,58,56,34,27,,,,,
2882,國泰金,100.0,100.0,100.0,100.0,100.0,100.0,58,56,34,27,,,,,
9949,琉園,100.0,100.0,100.0,100.0,100.0,100.0,58,56,34,27,,,,,
4609,唐鋒,100.0,100.0,100.0,100.0,100.0,100.0,58,56,34,27,,,,,
4147,中裕,100.0,100.0,100.0,100.0,100.0,100.0,58,56,34,27,,,,,
00681R,元大美債20反1,100.0,100.0,100.0,100.0,100.0,100.0,58,56,34,27,,,,,
1536,和大,100.0,100.0,100.0,100.0,100.0,100.0,58,56,34,27,,,,,
1432,大魯閣,100.0,100.0,100.0,100.0,100.0,100.0,58,56,34,27,,,,,
2038,海光,100.0,100.0,100.0,100.0,100.0,100.0,58,56,34,27,,,,,
8422,可寧衛,100.0,100.0,100.0,100.0,100.0,100.0,58,56,34,27,,,,,
3402,漢科,100.0,100.0,100.0,100.0,100.0,100.0,58,56,34,27,,,,,
4552,力達-KY,100.0,100.0,100.0,100.0,100.0,100.0,58,56,34,27,,,,,
2883,開發金,100.0,100.0,100.0,100.0,100.0,100.0,58,56,34,27,,,,,
6142,友勁,100.0,100.0,100.0,100.0,100.0,100.0,58,56,34,27,,,,,
1325,恆大,100.0,100.0,100.0,100.0,100.0,100.0,58,56,34,27,,,,,
6657,華安,100.0,100.0,100.0,100.0,100.0,100.0,58,56,34,27,,,,,
6807,峰源-KY,100.0,100.0,100.0,100.0,100.0,100.0,58,56,34,27,,,,,
6016,康和證,100.0,100.0,100.0,100.0,100.0,100.0,58,56,34,27,,,,,
2485,兆赫,100.0,100.0,100.0,100.0,100.0,100.0,58,56,34,27,,,,,
1531,高林股,100.0,100.0,100.0,100.0,100.0,100.0,58,56,34,27,,,,,
2636,台驊控股,100.0,100.0,100.0,100.0,100.0,100.0,58,56,34,27,,,,,
5344,立衛,100.0,100.0,100.0,100.0,100.0,100.0,58,56,34,27,,,,,
8478,東哥遊艇,100.0,100.0,100.0,100.0,100.0,100.0,58,56,34,27,,,,,
00645,富邦日本,100.0,100.0,100.0,100.0,100.0,100.0,58,56,34,27,,,,,
0061,元大寶滬深,100.0,100.0,100.0,100.0,100.0,100.0,58,56,34,27,,,,,
8442,威宏-KY,100.0,100.0,100.0,100.0,100.0,100.0,58,56,34,27,,,,,
00910,第一金太空衛星,100.0,100.0,100.0,100.0,100.0,100.0,58,56,34,27,,,,,
2337,旺宏,100.0,100.0,100.0,100.0,100.0,100.0,58,56,34,27,,,,,
8473,山林水,100.0,100.0,100.0,100.0,100.0,100.0,58,56,34,27,,,,,
00923,群益台ESG低碳50,100.0,100.0,100.0,100.0,100.0,100.0,58,56,34,27,,,,,
1104,環泥,100.0,100.0,100.0,100.0,100.0,100.0,58,56,34,27,,,,,
5007,三星,100.0,100.0,100.0,100.0,100.0,100.0,58,56,34,27,,,,,
2468,華經,100.0,100.0,100.0,100.0,100.0,100.0,58,56,34,27,,,,,
1235,興泰,100.0,100.0,100.0,100.0,100.0,100.0,58,56,34,27,,,,,
8261,富鼎,100.0,100.0,100.0,100.0,100.0,100.0,58,56,34,27,,,,,
5604,中連,100.0,100.0,100.0,100.0,100.0,100.0,58,56,34,27,,,,,
3122,笙泉,100.0,100.0,100.0,100.0,100.0,100.0,58,56,34,27,,,,,
6206,飛捷,100.0,100.0,100.0,100.0,100.0,100.0,58,56,34,27,,,,,
6997,博弘,100.0,100.0,100.0,100.0,100.0,100.0,58,56,34,27,,,,,
00738U,期元大道瓊白銀,100.0,100.0,100.0,100.0,100.0,100.0,58,56,34,27,,,,,
2070,精湛,100.0,100.0,100.0,100.0,100.0,100.0,58,56,34,27,,,,,
0052,富邦科技,100.0,100.0,100.0,100.0,100.0,100.0,58,56,34,27,,,,,
1417,嘉裕,100.0,100.0,100.0,100.0,100.0,100.0,58,56,34,27,,,,,
00684R,期元大美元指反1,100.0,100.0,100.0,100.0,100.0,100.0,58,56,34,27,,,,,
3454,晶睿,100.0,100.0,100.0,100.0,100.0,100.0,58,56,34,27,,,,,
4745,合富-KY,100.0,100.0,100.0,100.0,100.0,100.0,58,56,34,27,,,,,
912000,晨訊科-DR,100.0,100.0,100.0,100.0,100.0,100.0,58,56,34,27,,,,,
3628,盈正,100.0,100.0,100.0,100.0,100.0,100.0,58,56,34,27,,,,,
6936,永鴻生技,100.0,100.0,100.0,100.0,100.0,100.0,58,56,34,27,39.0,0.23,38.52,39.18,0.39
3714,富采,100.0,100.0,100.0,100.0,100.0,100.0,58,56,34,27,,,,,
6120,達運,100.0,100.0,100.0,100.0,100.0,100.0,58,56,34,27,,,,,
7402,邑錡,100.0,100.0,100.0,100.0,100.0,100.0,58,56,34,27,,,,,
3037,欣興,100.0,100.0,100.0,100.0,100.0,100.0,58,56,34,27,,,,,
4945,陞達科技,100.0,100.0,100.0,100.0,100.0,100.0,58,56,34,27,,,,,
1514,亞力,100.0,100.0,100.0,100.0,100.0,100.0,58,56,34,27,,,,,
7749,,100.0,100.0,100.0,100.0,100.0,100.0,58,56,34,27,569.0,0.13,627.1,627.1,0.56
2891C,中信金丙特,100.0,100.0,100.0,100.0,100.0,100.0,58,56,34,27,,,,,
00680L,元大美債20正2,100.0,100.0,100.0,100.0,100.0,100.0,58,56,34,27,,,,,
2497,怡利電,100.0,100.0,100.0,100.0,100.0,100.0,58,56,34,27,,,,,
3490,單井,100.0,100.0,100.0,100.0,100.0,100.0,58,56,34,27,,,,,
1324,地球,100.0,100.0,100.0,100.0,100.0,100.0,58,56,34,27,,,,,
6498,久禾光,100.0,100.0,100.0,100.0,100.0,100.0,58,56,34,27,,,,,
8093,保銳,100.0,100.0,100.0,100.0,100.0,100.0,58,56,34,27,,,,,
4581,光隆精密-KY,100.0,100.0,100.0,100.0,100.0,100.0,58,56,34,27,,,,,
6689,伊雲谷,100.0,100.0,100.0,100.0,100.0,100.0,58,56,34,27,,,,,
8027,鈦昇,100.0,100.0,100.0,100.0,100.0,100.0,58,56,34,27,,,,,
1443,立益物流,100.0,100.0,100.0,100.0,100.0,100.0,58,56,34,27,,,,,
1589,永冠-KY,100.0,100.0,100.0,100.0,100.0,100.0,58,56,34,27,,,,,
3118,進階,100.0,100.0,100.0,100.0,100.0,100.0,58,56,34,27,,,,,
5310,天剛,100.0,100.0,100.0,100.0,100.0,100.0,58,56,34,27,,,,,
2377,微星,100.0,100.0,100.0,100.0,100.0,100.0,58,56,34,27,,,,,
6531,愛普*,100.0,100.0,100.0,100.0,100.0,100.0,58,56,34,27,,,,,
5245,智晶,100.0,100.0,100.0,100.0,100.0,100.0,58,56,34,27,,,,,
8111,立碁,100.0,100.0,100.0,100.0,100.0,100.0,58,56,34,27,,,,,
6185,幃翔,100.0,100.0,100.0,100.0,100.0,100.0,58,56,34,27,,,,,
6591,動力-KY,100.0,100.0,100.0,100.0,100.0,100.0,58,56,34,27,,,,,
00882,中信中國高股息,100.0,100.0,100.0,100.0,100.0,100.0,58,56,34,27,,,,,
5212,凌網,100.0,100.0,100.0,100.0,100.0,100.0,58,56,34,27,,,,,
5381,合正,100.0,100.0,100.0,100.0,100.0,100.0,58,56,34,27,,,,,
8046,南電,100.0,100.0,100.0,100.0,100.0,100.0,58,56,34,27,,,,,
6236,中湛,100.0,100.0,100.0,100.0,100.0,100.0,58,56,34,27,,,,,
6768,志強-KY,100.0,100.0,100.0,100.0,100.0,100.0,58,56,34,27,,,,,
9136,巨騰-DR,100.0,100.0,100.0,100.0,100.0,100.0,58,56,34,27,,,,,
3056,富華新,100.0,100.0,100.0,100.0,100.0,100.0,58,56,34,27,,,,,
3567,逸昌,100.0,100.0,100.0,100.0,100.0,100.0,58,56,34,27,,,,,
00763U,期街口道瓊銅,100.0,100.0,100.0,100.0,100.0,100.0,58,56,34,27,,,,,
7642,昶瑞機電,100.0,100.0,100.0,100.0,100.0,100.0,58,56,34,27,,,,,
3711,日月光投控,100.0,100.0,100.0,100.0,100.0,100.0,58,56,34,27,,,,,
1445,大宇,100.0,100.0,100.0,100.0,100.0,100.0,58,56,34,27,,,,,
00961,,100.0,100.0,100.0,100.0,100.0,100.0,58,56,34,27,,,,,
2023,燁輝,100.0,100.0,100.0,100.0,100.0,100.0,58,56,34,27,,,,,
8935,邦泰,100.0,100.0,100.0,100.0,100.0,100.0,58,56,34,27,,,,,
6680,鑫創電子,100.0,100.0,100.0,100.0,100.0,100.0,58,56,34,27,,,,,
2312,金寶,100.0,100.0,100.0,100.0,100.0,100.0,58,56,34,27,,,,,
3297,杭特,100.0,100.0,100.0,100.0,100.0,100.0,58,56,34,27,,,,,
8409,商之器,100.0,100.0,100.0,100.0,100.0,100.0,58,56,34,27,,,,,
2428,興勤,100.0,100.0,100.0,100.0,100.0,100.0,58,56,34,27,,,,,
1760,寶齡富錦,100.0,100.0,100.0,100.0,100.0,100.0,58,56,34,27,,,,,
6742,澤米,100.0,108.13,100.31,85.27,130.04,122.86,58,16,88,75,54.3,0.32,53.92,61.47,0.41
00692,富邦公司治理,100.0,100.0,100.0,100.0,100.0,100.0,58,56,34,27,,,,,
3713,新晶投控,100.0,100.0,100.0,100.0,100.0,100.0,58,56,34,27,,,,,
1236,宏亞,100.0,100.0,100.0,100.0,100.0,100.0,58,56,34,27,,,,,
5489,彩富,100.0,100.0,100.0,100.0,100.0,100.0,58,56,34,27,,,,,
4171,瑞基,100.0,100.0,100.0,100.0,100.0,100.0,58,56,34,27,,,,,
4912,聯德控股-KY,100.0,100.0,100.0,100.0,100.0,100.0,58,56,34,27,,,,,
1730,花仙子,100.0,100.0,100.0,100.0,100.0,100.0,58,56,34,27,,,,,
6186,新潤,100.0,100.0,100.0,100.0,100.0,100.0,58,56,34,27,,,,,
6108,競國,100.0,100.0,100.0,100.0,100.0,100.0,58,56,34,27,,,,,
4583,台灣精銳,100.0,100.0,100.0,100.0,100.0,100.0,58,56,34,27,,,,,
5410,國眾,100.0,100.0,100.0,100.0,100.0,100.0,58,56,34,27,,,,,
1472,三洋實業,100.0,100.0,100.0,100.0,100.0,100.0,58,56,34,27,,,,,
2908,特力,100.0,100.0,100.0,100.0,100.0,100.0,58,56,34,27,,,,,
4130,健亞,100.0,100.0,100.0,100.0,100.0,100.0,58,56,34,27,,,,,
2347,聯強,100.0,100.0,100.0,100.0,100.0,100.0,58,56,34,27,,,,,
1541,錩泰,100.0,100.0,100.0,100.0,100.0,100.0,58,56,34,27,,,,,
911608,明輝-DR,100.0,100.0,100.0,100.0,100.0,100.0,58,56,34,27,,,,,
3213,茂訊,100.0,100.0,100.0,100.0,100.0,100.0,58,56,34,27,,,,,
2355,敬鵬,100.0,100.0,100.0,100.0,100.0,100.0,58,56,34,27,,,,,
6887,,100.0,100.0,100.0,100.0,100.0,100.0,58,56,34,27,,,,,
00657,國泰日經225,100.0,100.0,100.0,100.0,100.0,100.0,58,56,34,27,,,,,
0050,元大台灣50,100.0,100.0,100.0,100.0,100.0,100.0,58,56,34,27,,,,,
6214,精誠,100.0,100.0,100.0,100.0,100.0,100.0,58,56,34,27,,,,,
4706,大恭,100.0,100.0,100.0,100.0,100.0,100.0,58,56,34,27,,,,,
8482,商億-KY,100.0,100.0,100.0,100.0,100.0,100.0,58,56,34,27,,,,,
1907,永豐餘,100.0,100.0,100.0,100.0,100.0,100.0,58,56,34,27,,,,,
1711,永光,100.0,100.0,100.0,100.0,100.0,100.0,58,56,34,27,,,,,
2102,泰豐,100.0,100.0,100.0,100.0,100.0,100.0,58,56,34,27,,,,,
4163,鐿鈦,100.0,100.0,100.0,100.0,100.0,100.0,58,56,34,27,,,,,
8477,創業家,100.0,100.0,100.0,100.0,100.0,100.0,58,56,34,27,,,,,
8084,巨虹,100.0,100.0,100.0,100.0,100.0,100.0,58,56,34,27,,,,,
4999,鑫禾,100.0,100.0,100.0,100.0,100.0,100.0,58,56,34,27,,,,,
5009,榮剛,100.0,100.0,100.0,100.0,100.0,100.0,58,56,34,27,,,,,
6494,九齊,100.0,100.0,100.0,100.0,100.0,100.0,58,56,34,27,,,,,
2887F,台新戊特二,100.0,101.06,99.07,102.14,104.92,104.33,58,74,57,48,44.1,0.39,44.0,44.38,0.96
1777,生泰,100.0,100.0,100.0,100.0,100.0,100.0,58,56,34,27,,,,,
1617,榮星,100.0,100.0,100.0,100.0,100.0,100.0,58,56,34,27,,,,,
4972,湯石照明,100.0,100.0,100.0,100.0,100.0,100.0,58,56,34,27,,,,,
4973,廣穎,100.0,100.0,100.0,100.0,100.0,100.0,58,56,34,27,,,,,
8429,金麗-KY,100.0,100.0,100.0,100.0,100.0,100.0,58,56,34,27,,,,,
3066,李洲,100.0,100.0,100.0,100.0,100.0,100.0,58,56,34,27,,,,,
1776,展宇,100.0,100.0,100.0,100.0,100.0,100.0,58,56,34,27,,,,,
00982A,,100.0,100.0,100.0,100.0,100.0,100.0,58,56,34,27,,,,,
3540,曜越,100.0,100.0,100.0,100.0,100.0,100.0,58,56,34,27,,,,,
6733,博晟生醫,100.0,100.0,100.0,100.0,100.0,100.0,58,56,34,27,,,,,
3040,遠見,100.0,100.0,100.0,100.0,100.0,100.0,58,56,34,27,,,,,
3481,群創,100.0,100.0,100.0,100.0,100.0,100.0,58,56,34,27,,,,,
4164,承業醫,100.0,100.0,100.0,100.0,100.0,100.0,58,56,34,27,,,,,
5439,高技,100.0,100.0,100.0,100.0,100.0,100.0,58,56,34,27,,,,,
9931,欣高,100.0,100.0,100.0,100.0,100.0,100.0,58,56,34,27,,,,,
4106,雃博,100.0,100.0,100.0,100.0,100.0,100.0,58,56,34,27,,,,,
3716,中化控股,100.0,100.0,100.0,100.0,100.0,100.0,58,56,34,27,,,,,
4560,強信-KY,100.0,100.0,100.0,100.0,100.0,100.0,58,56,34,27,,,,,
3491,昇達科,100.0,100.0,100.0,100.0,100.0,100.0,58,56,34,27,,,,,
2888B,新光金乙特,100.0,100.0,100.0,100.0,100.0,100.0,58,56,34,27,,,,,
8032,光菱,100.0,100.0,100.0,100.0,100.0,100.0,58,56,34,27,,,,,
3701,大眾控,100.0,100.0,100.0,100.0,100.0,100.0,58,56,34,27,,,,,
009805,,100.0,100.0,100.0,100.0,100.0,100.0,58,56,34,27,,,,,
3043,科風,100.0,100.0,100.0,100.0,100.0,100.0,58,56,34,27,,,,,
9939,宏全,100.0,100.0,100.0,100.0,100.0,100.0,58,56,34,27,,,,,
8367,建新國際,100.0,100.0,100.0,100.0,100.0,100.0,58,56,34,27,,,,,
2897,王道銀行,100.0,100.0,100.0,100.0,100.0,100.0,58,56,34,27,,,,,
1584,精剛,100.0,100.0,100.0,100.0,100.0,100.0,58,56,34,27,,,,,
1326,台化,100.0,100.0,100.0,100.0,100.0,100.0,58,56,34,27,,,,,
1718,中纖,100.0,100.0,100.0,100.0,100.0,100.0,58,56,34,27,,,,,
6909,創控,100.0,100.0,100.0,100.0,100.0,100.0,58,56,34,27,,,,,
6859,伯特光,100.0,100.0,100.0,100.0,100.0,100.0,58,56,34,27,,,,,
6170,統振,100.0,100.0,100.0,100.0,100.0,100.0,58,56,34,27,,,,,
1533,車王電,100.0,100.0,100.0,100.0,100.0,100.0,58,56,34,27,,,,,
00656R,國泰中國A50反1,100.0,100.0,100.0,100.0,100.0,100.0,58,56,34,27,,,,,
3323,加百裕,100.0,100.0,100.0,100.0,100.0,100.0,58,56,34,27,,,,,
00885,富邦越南,100.0,100.0,100.0,100.0,100.0,100.0,58,56,34,27,,,,,
00850,元大臺灣ESG永續,100.0,100.0,100.0,100.0,100.0,100.0,58,56,34,27,,,,,
6937,天虹,100.0,100.0,100.0,100.0,100.0,100.0,58,56,34,27,,,,,
2488,漢平,100.0,100.0,100.0,100.0,100.0,100.0,58,56,34,27,,,,,
1727,中華化,100.0,100.0,100.0,100.0,100.0,100.0,58,56,34,27,,,,,
2424,隴華,100.0,100.0,100.0,100.0,100.0,100.0,58,56,34,27,,,,,
5488,松普,100.0,100.0,100.0,100.0,100.0,100.0,58,56,34,27,,,,,
7747,昕奇雲端,100.0,100.0,100.0,100.0,100.0,100.0,58,56,34,27,,,,,
00903,富邦元宇宙,100.0,100.0,100.0,100.0,100.0,100.0,58,56,34,27,,,,,
4420,光明,100.0,100.0,100.0,100.0,100.0,100.0,58,56,34,27,,,,,
00917,中信特選金融,100.0,100.0,100.0,100.0,100.0,100.0,58,56,34,27,,,,,
00983A,,100.0,100.0,100.0,100.0,100.0,100.0,58,56,34,27,10.59,1.0,10.29,10.29,0.5
8081,致新,100.0,100.0,100.0,100.0,100.0,100.0,58,56,34,27,,,,,
2442,新美齊,100.0,100.0,100.0,100.0,100.0,100.0,58,56,34,27,,,,,
00676R,富邦臺灣加權反1,100.0,100.0,100.0,100.0,100.0,100.0,58,56,34,27,,,,,
5201,凱衛,100.0,100.0,100.0,100.0,100.0,100.0,58,56,34,27,,,,,
3623,富晶通,100.0,100.0,100.0,100.0,100.0,100.0,58,56,34,27,,,,,
2472,立隆電,100.0,100.0,100.0,100.0,100.0,100.0,58,56,34,27,,,,,
5299,杰力,100.0,100.0,100.0,100.0,100.0,100.0,58,56,34,27,,,,,
3047,訊舟,100.0,100.0,100.0,100.0,100.0,100.0,58,56,34,27,,,,,
2903,遠百,100.0,100.0,100.0,100.0,100.0,100.0,58,56,34,27,,,,,
9941A,裕融甲特,100.0,100.0,100.0,100.0,100.0,100.0,58,56,34,27,,,,,
9908,大台北,100.0,100.0,100.0,100.0,100.0,100.0,58,56,34,27,,,,,
4109,加捷生醫,100.0,100.0,100.0,100.0,100.0,100.0,58,56,34,27,,,,,
00980A,,100.0,100.0,100.0,100.0,100.0,100.0,58,56,34,27,,,,,
2887Z1,台新己特,100.0,100.0,100.0,100.0,100.0,100.0,58,56,34,27,,,,,
00634R,富邦上証反1,100.0,100.0,100.0,100.0,100.0,100.0,58,56,34,27,,,,,
2231,為升,100.0,100.0,100.0,100.0,100.0,100.0,58,56,34,27,,,,,
2498,宏達電,100.0,100.0,100.0,100.0,100.0,100.0,58,56,34,27,,,,,
6922,宸曜,100.0,100.0,100.0,100.0,100.0,100.0,58,56,34,27,,,,,
00964,,100.0,100.0,100.0,100.0,100.0,100.0,58,56,34,27,,,,,
6243,迅杰,100.0,100.0,100.0,100.0,100.0,100.0,58,56,34,27,,,,,
6109,亞元,100.0,100.0,100.0,100.0,100.0,100.0,58,56,34,27,,,,,
2387,精元,100.0,100.0,100.0,100.0,100.0,100.0,58,56,34,27,,,,,
4123,晟德,100.0,100.0,100.0,100.0,100.0,100.0,58,56,34,27,,,,,
8432,東生華,100.0,100.0,100.0,100.0,100.0,100.0,58,56,34,27,,,,,
6233,旺玖,100.0,100.0,100.0,100.0,100.0,100.0,58,56,34,27,,,,,
6117,迎廣,100.0,100.0,100.0,100.0,100.0,100.0,58,56,34,27,,,,,
6743,安普新,100.0,100.0,100.0,100.0,100.0,100.0,58,56,34,27,,,,,
2228,劍麟,100.0,100.0,100.0,100.0,100.0,100.0,58,56,34,27,,,,,
8455,大拓-KY,100.0,100.0,100.0,100.0,100.0,100.0,58,56,34,27,,,,,
2467,志聖,100.0,100.0,100.0,100.0,100.0,100.0,58,56,34,27,,,,,
2820,華票,100.0,100.0,100.0,100.0,100.0,100.0,58,56,34,27,,,,,
2353,宏碁,100.0,100.0,100.0,100.0,100.0,100.0,58,56,34,27,,,,,
3229,晟鈦,100.0,100.0,100.0,100.0,100.0,100.0,58,56,34,27,,,,,
6931,青松健康,100.0,100.0,100.0,100.0,100.0,100.0,58,56,34,27,,,,,
3207,耀勝,100.0,100.0,100.0,100.0,100.0,100.0,58,56,34,27,,,,,
6527,明達醫,100.0,100.0,100.0,100.0,100.0,100.0,58,56,34,27,,,,,
1312A,國喬特,100.0,100.0,100.0,100.0,100.0,100.0,58,56,34,27,,,,,
5269,祥碩,100.0,100.0,100.0,100.0,100.0,100.0,58,56,34,27,,,,,
3046,建碁,100.0,100.0,100.0,100.0,100.0,100.0,58,56,34,27,,,,,
00703,台新MSCI中國,100.0,100.0,100.0,100.0,100.0,100.0,58,56,34,27,,,,,
6275,元山,100.0,100.0,100.0,100.0,100.0,100.0,58,56,34,27,,,,,
5276,達輝-KY,100.0,100.0,100.0,100.0,100.0,100.0,58,56,34,27,,,,,
1301,台塑,100.0,100.0,100.0,100.0,100.0,100.0,58,56,34,27,,,,,
00653L,富邦印度正2,100.0,100.0,100.0,100.0,100.0,100.0,58,56,34,27,,,,,
00665L,富邦恒生國企正2,100.0,100.0,100.0,100.0,100.0,100.0,58,56,34,27,,,,,
4554,橙的,100.0,100.0,100.0,100.0,100.0,100.0,58,56,34,27,,,,,
2065,世豐,100.0,100.0,100.0,100.0,100.0,100.0,58,56,34,27,,,,,
4935,茂林-KY,100.0,100.0,100.0,100.0,100.0,100.0,58,56,34,27,,,,,
8454,富邦媒,100.0,100.0,100.0,100.0,100.0,100.0,58,56,34,27,,,,,
6654,天正國際,100.0,100.0,100.0,100.0,100.0,100.0,58,56,34,27,,,,,
3264,欣銓,100.0,100.0,100.0,100.0,100.0,100.0,58,56,34,27,,,,,
2034,允強,100.0,100.0,100.0,100.0,100.0,100.0,58,56,34,27,,,,,
6593,台灣銘板,100.0,100.0,100.0,100.0,100.0,100.0,58,56,34,27,,,,,
6846,綠茵,100.0,100.0,100.0,100.0,100.0,100.0,58,56,34,27,,,,,
2373,震旦行,100.0,100.0,100.0,100.0,100.0,100.0,58,56,34,27,,,,,
3492,長盛,100.0,100.0,100.0,100.0,100.0,100.0,58,56,34,27,,,,,
4556,旭然,100.0,100.0,100.0,100.0,100.0,100.0,58,56,34,27,,,,,
2010,春源,100.0,100.0,100.0,100.0,100.0,100.0,58,56,34,27,,,,,
1441,大東,100.0,100.0,100.0,100.0,100.0,100.0,58,56,34,27,,,,,
2059,川湖,100.0,100.0,100.0,100.0,100.0,100.0,58,56,34,27,,,,,
8941,關中,100.0,100.0,100.0,100.0,100.0,100.0,58,56,34,27,,,,,
9926,新海,100.0,100.0,100.0,100.0,100.0,100.0,58,56,34,27,,,,,
6242,立康,100.0,100.0,100.0,100.0,100.0,100.0,58,56,34,27,,,,,
5468,凱鈺,100.0,100.0,100.0,100.0,100.0,100.0,58,56,34,27,,,,,
0057,富邦摩台,100.0,100.0,100.0,100.0,100.0,100.0,58,56,34,27,,,,,
2707,晶華,100.0,100.0,100.0,100.0,100.0,100.0,58,56,34,27,,,,,
2888A,新光金甲特,100.0,100.0,100.0,100.0,100.0,100.0,58,56,34,27,,,,,
6655,科定,100.0,100.0,100.0,100.0,100.0,100.0,58,56,34,27,,,,,
1586,和勤,100.0,100.0,100.0,100.0,100.0,100.0,58,56,34,27,,,,,
5013,強新,100.0,100.0,100.0,100.0,100.0,100.0,58,56,34,27,,,,,
2739,寒舍,100.0,100.0,100.0,100.0,100.0,100.0,58,56,34,27,,,,,
3209,全科,100.0,100.0,100.0,100.0,100.0,100.0,58,56,34,27,,,,,
6124,業強,100.0,100.0,100.0,100.0,100.0,100.0,58,56,34,27,,,,,
8114,振樺電,100.0,100.0,100.0,100.0,100.0,100.0,58,56,34,27,,,,,
2753,八方雲集,100.0,100.0,100.0,100.0,100.0,100.0,58,56,34,27,,,,,
1314,中石化,100.0,100.0,100.0,100.0,100.0,100.0,58,56,34,27,,,,,
4746,台耀,100.0,100.0,100.0,100.0,100.0,100.0,58,56,34,27,,,,,
3312,弘憶股,100.0,100.0,100.0,100.0,100.0,100.0,58,56,34,27,,,,,
3694,海華,100.0,100.0,100.0,100.0,100.0,100.0,58,56,34,27,,,,,
6154,順發,100.0,100.0,100.0,100.0,100.0,100.0,58,56,34,27,,,,,
3073,天方能源,100.0,100.0,100.0,100.0,100.0,100.0,58,56,34,27,,,,,
6179,亞通,100.0,100.0,100.0,100.0,100.0,100.0,58,56,34,27,,,,,
3045,台灣大,100.0,100.0,100.0,100.0,100.0,100.0,58,56,34,27,,,,,
2812,台中銀,100.0,100.0,100.0,100.0,100.0,100.0,58,56,34,27,,,,,
2031,新光鋼,100.0,100.0,100.0,100.0,100.0,100.0,58,56,34,27,,,,,
8928,鉅明,100.0,100.0,100.0,100.0,100.0,100.0,58,56,34,27,,,,,
1466,聚隆,100.0,100.0,100.0,100.0,100.0,100.0,58,56,34,27,,,,,
4306,炎洲,100.0,100.0,100.0,100.0,100.0,100.0,58,56,34,27,,,,,
00717,富邦美國特別股,100.0,100.0,100.0,100.0,100.0,100.0,58,56,34,27,,,,,
2480,敦陽科,100.0,100.0,100.0,100.0,100.0,100.0,58,56,34,27,,,,,
4572,駐龍,100.0,100.0,100.0,100.0,100.0,100.0,58,56,34,27,,,,,
4722,國精化,100.0,100.0,100.0,100.0,100.0,100.0,58,56,34,27,,,,,
5301,寶得利,100.0,100.0,100.0,100.0,100.0,100.0,58,56,34,27,,,,,
3062,建漢,100.0,100.0,100.0,100.0,100.0,100.0,58,56,34,27,,,,,
6128,上福,100.0,100.0,100.0,100.0,100.0,100.0,58,56,34,27,,,,,
8045,達運光電,100.0,100.0,100.0,100.0,100.0,100.0,58,56,34,27,,,,,
6517,保勝光學,100.0,100.0,100.0,100.0,100.0,100.0,58,56,34,27,,,,,
2643,捷迅,100.0,100.0,100.0,100.0,100.0,100.0,58,56,34,27,,,,,
8272,全景軟體,100.0,100.0,100.0,100.0,100.0,100.0,58,56,34,27,,,,,
6578,達邦蛋白,100.0,100.0,100.0,100.0,100.0,100.0,58,56,34,27,,,,,
1203,味王,100.0,100.0,100.0,100.0,100.0,100.0,58,56,34,27,,,,,
00660,元大歐洲50,100.0,100.0,100.0,100.0,100.0,100.0,58,56,34,27,,,,,
8182,加高,100.0,100.0,100.0,100.0,100.0,100.0,58,56,34,27,,,,,
6291,沛亨,100.0,100.0,100.0,100.0,100.0,100.0,58,56,34,27,,,,,
8446,華研,100.0,100.0,100.0,100.0,100.0,100.0,58,56,34,27,,,,,
00783,富邦中証500,100.0,100.0,100.0,100.0,100.0,100.0,58,56,34,27,,,,,
6547,高端疫苗,100.0,100.0,100.0,100.0,100.0,100.0,58,56,34,27,,,,,
1304,台聚,100.0,100.0,100.0,100.0,100.0,100.0,58,56,34,27,,,,,
4974,亞泰,100.0,100.0,100.0,100.0,100.0,100.0,58,56,34,27,,,,,
5203,訊連,100.0,100.0,100.0,100.0,100.0,100.0,58,56,34,27,,,,,
6924,,100.0,100.0,100.0,100.0,100.0,100.0,58,56,34,27,,,,,
2607,榮運,100.0,100.0,100.0,100.0,100.0,100.0,58,56,34,27,,,,,
00752,中信中國50,100.0,100.0,100.0,100.0,100.0,100.0,58,56,34,27,,,,,
5519,隆大,100.0,100.0,100.0,100.0,100.0,100.0,58,56,34,27,,,,,
6195,詩肯,100.0,100.0,100.0,100.0,100.0,100.0,58,56,34,27,,,,,
6612,奈米醫材,100.0,100.0,100.0,100.0,100.0,100.0,58,56,34,27,,,,,
2204,中華,100.0,100.0,100.0,100.0,100.0,100.0,58,56,34,27,,,,,
3548,兆利,100.0,100.0,100.0,100.0,100.0,100.0,58,56,34,27,,,,,
4536,拓凱,100.0,100.0,100.0,100.0,100.0,100.0,58,56,34,27,,,,,
6204,艾華,100.0,100.0,100.0,100.0,100.0,100.0,58,56,34,27,,,,,
6274,台燿,100.0,100.0,100.0,100.0,100.0,100.0,58,56,34,27,,,,,
3563,牧德,100.0,100.0,100.0,100.0,100.0,100.0,58,56,34,27,,,,,
5274,信驊,100.0,100.0,100.0,100.0,100.0,100.0,58,56,34,27,,,,,
3036,文曄,100.0,100.0,100.0,100.0,100.0,100.0,58,56,34,27,,,,,
00938,,100.0,100.0,100.0,100.0,100.0,100.0,58,56,34,27,,,,,
8121,越峰,100.0,100.0,100.0,100.0,100.0,100.0,58,56,34,27,,,,,
6649,台生材,100.0,100.0,100.0,100.0,100.0,100.0,58,56,34,27,,,,,
3002,歐格,100.0,100.0,100.0,100.0,100.0,100.0,58,56,34,27,,,,,
5706,鳳凰,100.0,100.0,100.0,100.0,100.0,100.0,58,56,34,27,,,,,
5904,寶雅,100.0,100.0,100.0,100.0,100.0,100.0,58,56,34,27,,,,,
00712,復華富時不動產,100.0,100.0,100.0,100.0,100.0,100.0,58,56,34,27,,,,,
3205,佰研,100.0,100.0,100.0,100.0,100.0,100.0,58,56,34,27,,,,,
911622,泰聚亨-DR,100.0,100.0,100.0,100.0,100.0,100.0,58,56,34,27,,,,,
6146,耕興,100.0,100.0,100.0,100.0,100.0,100.0,58,56,34,27,,,,,
2073,雄順,100.0,100.0,100.0,100.0,100.0,100.0,58,56,34,27,,,,,
6223,旺矽,100.0,100.0,100.0,100.0,100.0,100.0,58,56,34,27,,,,,
2371,大同,100.0,100.0,100.0,100.0,100.0,100.0,58,56,34,27,,,,,
3130,一零四,100.0,100.0,100.0,100.0,100.0,100.0,58,56,34,27,,,,,
1419,新紡,100.0,100.0,100.0,100.0,100.0,100.0,58,56,34,27,,,,,
4714,永捷,100.0,100.0,100.0,100.0,100.0,100.0,58,56,34,27,,,,,
8101,,100.0,100.0,100.0,100.0,100.0,100.0,58,56,34,27,,,,,
6175,立敦,100.0,100.0,100.0,100.0,100.0,100.0,58,56,34,27,,,,,
3512,皇龍,100.0,100.0,100.0,100.0,100.0,100.0,58,56,34,27,,,,,
1786,科妍,100.0,100.0,100.0,100.0,100.0,100.0,58,56,34,27,,,,,
00881,國泰台灣5G+,100.0,100.0,100.0,100.0,100.0,100.0,58,56,34,27,,,,,
01007T,兆豐國泰R2,100.0,100.0,100.0,100.0,100.0,100.0,58,56,34,27,,,,,
2723,美食-KY,100.0,100.0,100.0,100.0,100.0,100.0,58,56,34,27,,,,,
6757,台灣虎航-創,100.0,100.0,100.0,100.0,100.0,100.0,58,56,34,27,,,,,
6865,偉康科技,100.0,100.0,100.0,100.0,100.0,100.0,58,56,34,27,,,,,
6944,兆聯實業,100.0,100.0,100.0,100.0,100.0,100.0,58,56,34,27,,,,,
00932,兆豐永續高息等權,100.0,100.0,100.0,100.0,100.0,100.0,58,56,34,27,,,,,
1321,大洋,100.0,100.0,100.0,100.0,100.0,100.0,58,56,34,27,,,,,
4510,高鋒,100.0,100.0,100.0,100.0,100.0,100.0,58,56,34,27,,,,,
4534,慶騰,100.0,100.0,100.0,100.0,100.0,100.0,58,56,34,27,,,,,
8349,恒耀,100.0,100.0,100.0,100.0,100.0,100.0,58,56,34,27,,,,,
9942,茂順,100.0,100.0,100.0,100.0,100.0,100.0,58,56,34,27,,,,,
6426,統新,100.0,100.0,100.0,100.0,100.0,100.0,58,56,34,27,,,,,
4564,元翎,100.0,100.0,100.0,100.0,100.0,100.0,58,56,34,27,,,,,
2399,映泰,100.0,100.0,100.0,100.0,100.0,100.0,58,56,34,27,,,,,
4538,大詠城,100.0,100.54,93.21,97.02,97.98,114.89,58,37,17,66,18.3,0.39,17.77,18.64,7.53
3178,公準,100.0,100.0,100.0,100.0,100.0,100.0,58,56,34,27,,,,,
4162,智擎,100.0,100.0,100.0,100.0,100.0,100.0,58,56,34,27,,,,,
1809,中釉,100.0,100.0,100.0,100.0,100.0,100.0,58,56,34,27,,,,,
2537,聯上發,100.0,100.0,100.0,100.0,100.0,100.0,58,56,34,27,,,,,
2413,環科,100.0,100.0,100.0,100.0,100.0,100.0,58,56,34,27,,,,,
5347,世界,100.0,100.0,100.0,100.0,100.0,100.0,58,56,34,27,,,,,
2107,厚生,100.0,100.0,100.0,100.0,100.0,100.0,58,56,34,27,,,,,
4551,智伸科,100.0,100.0,100.0,100.0,100.0,100.0,58,56,34,27,,,,,
5426,振發,100.0,100.0,100.0,100.0,100.0,100.0,58,56,34,27,,,,,
00920,富邦ESG綠色電力,100.0,100.0,100.0,100.0,100.0,100.0,58,56,34,27,,,,,
4533,協易機,100.0,100.0,100.0,100.0,100.0,100.0,58,56,34,27,,,,,
2114,鑫永銓,100.0,100.0,100.0,100.0,100.0,100.0,58,56,34,27,,,,,
3622,洋華,100.0,100.0,100.0,100.0,100.0,100.0,58,56,34,27,,,,,
3332,幸康,100.0,100.0,100.0,100.0,100.0,100.0,58,56,34,27,,,,,
00715L,期街口布蘭特正2,100.0,100.0,100.0,100.0,100.0,100.0,58,56,34,27,,,,,
2301,光寶科,100.0,100.0,100.0,100.0,100.0,100.0,58,56,34,27,,,,,
4139,馬光-KY,100.0,100.0,100.0,100.0,100.0,100.0,58,56,34,27,,,,,
1783,和康生,100.0,100.0,100.0,100.0,100.0,100.0,58,56,34,27,,,,,
2360,致茂,100.0,100.0,100.0,100.0,100.0,100.0,58,56,34,27,,,,,
2618,長榮航,100.0,100.0,100.0,100.0,100.0,100.0,58,56,34,27,,,,,
5465,富驊,100.0,100.0,100.0,100.0,100.0,100.0,58,56,34,27,,,,,
6465,威潤,100.0,100.0,100.0,100.0,100.0,100.0,58,56,34,27,,,,,
3443,創意,100.0,100.0,100.0,100.0,100.0,100.0,58,56,34,27,,,,,
4989,榮科,100.0,100.0,100.0,100.0,100.0,100.0,58,56,34,27,,,,,
4304,勝昱,100.0,100.0,100.0,100.0,100.0,100.0,58,56,34,27,,,,,
1597,直得,100.0,100.0,100.0,100.0,100.0,100.0,58,56,34,27,,,,,
6751,智聯服務,100.0,100.0,100.0,100.0,100.0,100.0,58,56,34,27,,,,,
2542,興富發,100.0,100.0,100.0,100.0,100.0,100.0,58,56,34,27,,,,,
2836A,高雄銀甲特,100.0,100.0,100.0,100.0,100.0,100.0,58,56,34,27,,,,,
3607,谷崧,100.0,100.0,100.0,100.0,100.0,100.0,58,56,34,27,,,,,
3703,欣陸,100.0,100.0,100.0,100.0,100.0,100.0,58,56,34,27,,,,,
1227,佳格,100.0,100.0,100.0,100.0,100.0,100.0,58,56,34,27,,,,,
4767,誠泰科技,99.97,100.57,101.97,108.37,115.5,130.35,45,83,75,80,32.65,0.29,32.84,34.01,0.64
6670,復盛應用,99.93,105.94,104.28,124.02,134.44,133.8,45,92,90,82,283.0,0.37,303.32,298.59,0.37
2548,華固,99.92,100.71,91.1,96.53,103.02,122.09,45,36,53,74,117.0,0.29,110.05,115.39,0.89
6263,普萊德,99.91,103.86,97.29,103.67,105.35,126.87,45,76,59,78,145.5,0.45,146.01,148.61,0.29
6761,穩得,99.91,108.3,101.16,108.41,121.28,122.05,45,83,82,74,88.0,0.47,91.93,91.16,0.26
4744,皇將,99.84,106.53,102.32,104.19,108.31,96.39,45,77,65,9,21.65,0.51,21.43,21.26,0.43
3027,盛達,99.84,108.58,99.3,116.59,100.63,102.74,45,90,48,45,29.95,0.37,34.37,32.48,0.21
3611,鼎翰,99.81,103.03,97.65,94.58,105.72,109.98,45,32,59,59,196.5,0.56,192.64,203.71,1.78
9905,大華,99.74,103.5,99.92,101.24,105.07,101.07,45,71,58,42,21.7,0.55,21.89,21.93,4.16
00929,復華台灣科技優息,99.73,104.94,97.17,97.84,104.99,106.88,45,39,58,53,17.53,0.59,17.36,17.67,0.89
2646,星宇航空,99.71,104.81,98.52,97.26,102.12,100.0,45,38,51,27,26.0,0.39,25.7,26.95,1.7
1731,美吾華,99.71,103.05,99.72,98.57,105.32,107.83,45,40,58,55,21.75,0.53,21.72,21.89,0.33
8291,尚茂,99.71,99.71,74.99,83.1,113.64,121.62,45,13,73,73,6.5,0.31,5.07,6.47,2.17
5878,台名,99.67,99.67,95.82,97.3,100.72,102.74,45,38,48,45,42.1,0.32,41.22,42.9,1.22
00900,富邦特選高股息30,99.62,104.97,95.04,97.13,103.07,110.16,45,37,53,59,13.12,0.56,12.95,13.32,0.94
4133,亞諾法,99.62,103.87,98.38,112.38,101.23,101.04,45,87,49,42,26.95,0.45,28.23,28.3,0.07
2115,六暉-KY,99.6,100.53,96.53,97.98,103.83,113.72,45,39,54,64,27.7,0.48,27.54,28.44,0.04
2751,王座,99.58,99.86,89.38,92.12,86.71,73.23,45,28,4,1,64.8,0.24,64.22,63.95,3.04
8411,福貞-KY,99.56,103.24,97.57,98.63,99.34,100.34,45,40,19,41,13.0,0.48,13.03,13.28,1.28
6796,晉弘,99.56,109.63,102.12,100.91,105.01,104.82,45,71,58,49,79.9,0.5,80.32,82.95,1.15
00707R,期元大S&P日圓反1,99.55,99.55,97.23,97.22,107.99,108.34,44,37,64,56,28.71,0.42,28.22,29.0,0.28
5202,力新,99.54,100.51,104.33,116.67,145.95,177.44,44,90,93,93,21.7,0.18,23.42,24.69,0.62
2321,東訊,99.54,102.87,103.07,99.28,104.85,108.41,44,42,57,56,15.05,0.51,14.42,14.83,1.7
00926,凱基全球菁英55,99.54,101.79,96.94,96.94,116.55,123.88,44,36,77,76,20.57,0.54,20.01,21.11,0.41
00960,野村全球航運龍頭,99.47,103.44,99.36,100.83,100.85,100.0,44,70,48,27,13.56,0.28,13.68,14.02,0.76
1722,台肥,99.47,101.62,100.17,103.6,93.06,98.58,44,76,9,12,53.3,0.46,53.92,53.72,0.22
5609,中菲行,99.47,104.06,96.02,97.74,99.09,106.95,44,38,18,53,76.6,0.54,74.97,76.58,0.64
3293,鈊象,99.46,111.86,120.47,116.5,152.46,237.1,44,89,94,97,828.0,0.39,858.62,913.52,1.0
3527,聚積,99.42,107.54,97.76,81.86,95.6,89.95,44,11,13,4,68.8,0.43,63.79,71.06,0.35
3114,好德,99.38,100.33,89.24,8509.22,99.41,107.33,44,99,19,54,22.8,0.0,21.6,34.02,2.18
3533,嘉澤,99.37,106.22,89.8,86.43,140.0,163.86,44,19,91,91,1395.0,0.36,1333.7,1561.52,0.52
8034,榮群,99.32,106.18,95.77,93.04,89.7,101.56,44,29,6,43,17.75,0.45,16.82,18.54,0.49
1525,江申,99.3,103.0,101.52,103.34,101.33,100.59,44,76,49,41,61.4,0.43,60.47,60.47,1.17
3581,博磊,99.26,99.26,85.59,86.52,135.57,242.08,44,19,90,97,36.9,0.22,33.0,46.62,4.65
6188,廣明,99.22,104.92,94.57,91.93,125.36,123.86,44,28,86,76,87.9,0.47,86.59,94.05,0.54
2064,晉椿,99.21,101.3,97.53,95.37,102.16,106.92,44,33,51,53,14.25,0.45,13.86,14.66,0.41
8043,蜜望實,99.16,108.8,89.89,90.61,108.45,182.0,44,25,65,94,27.3,0.22,24.49,31.15,2.08
6024,群益期,99.15,101.84,94.99,92.84,110.23,119.48,44,29,68,71,49.75,0.55,47.65,51.1,1.29
4755,三福化,99.14,106.41,97.23,92.23,100.48,108.33,44,28,47,56,110.5,0.47,108.09,116.49,0.32
3252,海灣,99.13,102.55,99.65,98.21,99.52,98.87,44,40,19,12,19.8,0.48,19.93,19.98,2.44
00689R,國泰20年美債反1,99.08,101.85,103.9,105.57,111.42,110.92,44,80,70,60,21.36,0.54,21.67,21.54,1.0
4577,達航科技,99.07,99.07,86.19,95.94,127.76,168.78,43,34,87,92,20.15,0.2,20.2,23.92,0.41
00972,,99.04,101.07,97.98,104.24,100.0,100.0,43,77,34,27,14.67,0.26,14.79,15.07,0.37
00668,國泰美國道瓊,99.02,100.88,97.22,98.83,114.75,119.28,43,41,74,70,47.51,0.34,46.23,49.4,0.26
9960,邁達康,99.02,100.87,95.43,98.33,106.19,105.72,43,40,60,51,24.95,0.55,24.85,25.68,0.78
2002A,中鋼特,99.01,99.84,98.18,97.82,95.84,100.51,43,38,13,41,40.4,0.43,40.23,40.77,1.91
4406,新昕纖,98.99,101.11,94.62,97.54,111.43,110.78,43,38,70,60,9.72,0.43,9.83,10.4,2.41
01002T,土銀國泰R1,98.98,99.17,98.8,97.86,93.55,95.4,43,39,10,8,15.01,0.25,14.97,14.98,0.78
8383,千附,98.92,104.09,105.26,113.6,143.98,120.7,43,88,92,72,43.1,0.23,45.33,45.13,0.6
6123,上奇,98.91,102.53,98.21,92.53,99.4,97.27,43,28,19,10,53.0,0.39,51.61,53.16,0.85
2845,遠東銀,98.9,99.73,95.65,96.43,106.08,109.62,43,35,60,58,13.35,0.38,12.95,13.26,2.72
6180,橘子,98.9,103.09,98.8,106.96,104.16,120.31,43,82,55,72,74.3,0.39,74.79,76.81,0.75
4911,德英,98.88,101.81,97.54,100.96,108.8,111.73,43,71,66,61,52.3,0.48,53.54,55.35,0.35
2359,所羅門,98.87,100.5,94.4,111.48,180.58,235.23,43,86,97,97,132.0,0.37,136.88,142.04,0.41
8481,政伸,98.87,100.27,95.75,100.43,103.15,106.42,43,69,53,52,45.0,0.61,45.12,46.7,0.24
01004T,土銀富邦R2,98.85,99.16,99.95,101.22,99.86,95.72,43,71,20,8,11.57,0.22,11.75,11.66,0.0
3310,佳穎,98.85,103.97,91.19,93.16,101.61,102.72,43,29,50,45,76.9,0.44,76.65,82.1,0.99
2849,安泰銀,98.83,103.66,99.04,98.98,107.98,107.51,43,41,64,55,13.85,0.55,13.55,14.06,0.23
2705,六福,98.78,103.46,104.98,104.98,103.84,100.2,43,79,54,40,17.5,0.45,18.42,17.85,0.33
2015,豐興,98.77,99.41,99.08,93.23,105.17,123.9,43,29,58,76,66.0,0.4,63.39,68.54,0.49
8930,青鋼,98.7,104.74,97.76,106.07,118.49,103.75,43,81,79,47,31.9,0.34,33.31,33.33,0.96
1474,弘裕,98.59,104.38,100.91,106.96,111.16,115.08,43,82,69,66,12.55,0.44,13.0,13.05,0.25
3646,艾恩特,98.57,102.67,100.23,102.18,104.36,107.09,42,74,56,54,29.15,0.59,29.28,29.56,0.71
6240,松崗,98.54,114.35,104.87,96.08,102.96,107.42,42,35,53,54,19.9,0.22,20.45,21.08,7.56
6690,安碁資訊,98.51,102.04,95.75,94.78,109.03,117.63,42,32,66,69,175.0,0.3,176.04,192.03,0.37
2235,謚源,98.51,98.92,96.21,102.27,108.77,111.01,42,74,66,60,47.35,0.46,46.11,47.46,0.06
1580,新麥,98.51,104.53,96.84,101.12,108.79,105.12,42,71,66,50,140.0,0.57,143.34,146.33,1.03
9919,康那香,98.5,104.57,95.92,106.63,99.27,102.85,42,81,19,46,17.85,0.43,18.05,18.46,0.14
2481,強茂,98.48,99.24,97.05,101.68,109.17,106.78,42,72,67,53,45.9,0.33,47.56,49.74,0.35
1817,凱撒衛,98.47,101.53,100.11,116.63,128.45,119.53,42,90,87,71,39.4,0.32,41.01,41.47,0.45
00930,永豐ESG低碳高息,98.4,103.19,96.61,96.54,104.37,111.61,42,36,56,61,17.07,0.52,16.91,17.37,0.66
8342,益張,98.38,102.58,102.56,103.52,120.08,132.65,42,76,81,82,78.9,0.57,77.36,80.99,2.22
1315,達新,98.38,103.12,99.45,100.82,102.05,105.33,42,70,51,50,65.6,0.57,66.27,66.72,0.51
1558,伸興,98.33,101.88,99.37,97.83,110.68,112.77,42,38,69,63,101.0,0.41,99.12,105.26,0.31
2439,美律,98.3,102.14,95.42,111.89,111.21,101.92,42,87,70,43,112.0,0.37,116.45,113.72,0.32
2006,東和鋼鐵,98.3,99.74,94.9,99.47,112.35,115.58,42,42,71,67,64.7,0.29,65.07,67.65,0.42
6754,匯僑設計,98.25,102.93,100.03,100.14,107.01,128.06,42,69,62,79,58.0,0.22,58.44,61.47,0.64
1437,勤益控,98.23,100.96,95.07,97.38,106.85,109.24,42,38,62,58,32.95,0.44,32.6,33.63,0.43
4167,松瑞藥,98.2,102.53,95.77,104.71,102.2,109.23,42,78,51,58,19.0,0.39,20.21,20.34,0.87
1595,川寶,98.19,98.19,79.32,84.99,118.82,213.93,42,16,80,96,36.5,0.15,32.59,44.07,9.17
2462,良得電,98.19,98.19,86.81,78.26,91.83,94.67,42,7,7,8,24.3,0.36,21.51,25.57,5.05
2609,陽明,98.19,111.11,105.58,134.26,129.78,153.45,42,94,88,89,62.5,0.43,67.53,64.95,0.37
6671,三能-KY,98.15,100.04,98.23,100.62,106.88,106.45,42,70,62,52,41.05,0.39,41.29,42.1,0.19
6855,數泓科,98.13,107.42,105.26,114.95,148.28,161.39,41,89,93,90,132.0,0.35,139.78,147.53,2.84
4915,致伸,98.13,104.33,98.24,98.24,115.59,121.76,41,40,76,74,73.5,0.45,73.67,76.71,0.43
2916,滿心,98.08,100.04,99.34,98.77,115.47,102.3,41,41,75,44,45.8,0.34,46.64,46.88,0.26
9924,福興,98.06,102.74,95.12,94.69,103.6,121.06,41,32,54,73,46.3,0.41,45.97,48.49,0.4
2029,盛餘,98.04,101.6,94.49,98.06,108.14,105.31,41,39,65,50,23.95,0.38,23.86,24.83,2.1
2606,裕民,98.04,101.04,96.99,108.19,136.75,122.52,41,83,90,75,49.8,0.19,52.92,55.27,0.43
5291,邑昇,98.0,105.44,98.89,103.68,107.28,103.74,41,76,63,47,23.9,0.5,25.05,25.32,0.45
1402,遠東新,98.0,101.89,99.22,108.41,103.57,122.15,41,83,54,74,32.9,0.31,33.1,33.69,1.32
9955,佳龍,97.98,102.27,98.9,116.84,107.15,122.94,41,90,62,75,28.45,0.4,29.26,30.7,0.24
9927,泰銘,97.95,101.97,99.26,107.26,112.92,108.91,41,82,71,57,67.7,0.34,69.85,68.68,4.21
4584,君帆,97.94,97.94,94.21,97.14,113.21,119.92,41,37,72,71,57.7,0.33,57.92,61.41,0.0
5460,同協,97.92,103.58,97.01,95.38,102.69,151.48,41,33,52,88,13.55,0.27,13.92,15.56,0.08
6171,大城地產,97.9,99.61,86.7,90.27,116.12,126.98,41,24,76,79,36.4,0.23,35.51,38.68,5.48
6899,創為精密,97.87,97.87,98.27,99.17,95.07,99.99,41,42,12,14,50.3,0.32,49.78,51.22,1.01
6486,互動,97.81,101.07,95.82,94.8,107.38,114.54,41,32,63,65,80.0,0.37,79.35,82.38,1.64
3349,寶德,97.8,97.8,78.29,94.19,92.73,128.25,41,31,8,79,19.1,0.27,16.83,19.99,10.86
3115,富榮綱,97.8,100.85,110.5,117.74,112.94,96.95,41,90,72,10,12.25,0.35,13.29,12.71,0.48
3008,大立光,97.79,99.82,96.75,94.8,117.7,107.47,41,32,78,55,2285.0,0.37,2277.0,2409.26,3.27
9912,偉聯,97.79,102.18,99.27,96.95,113.07,111.77,41,36,72,61,11.8,0.34,11.91,12.15,0.09
3290,東浦,97.77,101.96,91.95,97.06,119.13,149.09,41,37,80,87,28.4,0.26,28.04,31.7,1.06
5016,松和,97.75,99.42,96.59,97.75,104.59,101.56,41,38,56,43,25.0,0.43,25.46,26.07,2.31
6446,藥華藥,97.74,101.31,103.84,101.24,171.42,167.21,41,71,96,92,536.0,0.28,525.21,591.49,0.45
1439,雋揚,97.73,101.2,98.46,105.63,117.81,120.54,40,80,78,72,30.0,0.29,30.78,31.35,0.06
5228,鈺鎧,97.71,100.78,88.23,83.63,103.91,102.9,40,14,55,46,17.4,0.32,16.5,18.6,0.73
2349,錸德,97.67,97.67,87.12,91.01,132.69,173.51,40,25,89,93,11.0,0.21,10.25,12.88,3.34
6790,永豐實,97.54,99.56,96.21,94.24,100.0,112.55,40,31,34,62,43.6,0.32,42.51,43.83,5.31
6143,振曜,97.51,100.19,100.06,107.69,127.17,145.13,40,83,87,86,109.0,0.3,113.42,116.6,0.31
4953,緯軟,97.48,102.05,92.23,89.04,98.4,115.55,40,22,17,67,97.6,0.38,95.94,104.34,0.55
4726,永昕,97.42,102.77,92.87,90.53,102.26,119.82,40,25,51,71,38.85,0.34,37.28,41.61,0.36
8435,鉅邁,97.37,99.09,97.77,101.51,111.18,121.0,40,72,69,72,65.7,0.32,67.17,68.87,0.37
8404,百和興業-KY,97.36,97.42,93.36,96.01,140.32,178.66,40,35,92,94,20.2,0.2,20.84,25.21,0.29
3026,禾伸堂,97.35,101.06,95.24,96.97,103.78,103.24,40,36,54,46,78.0,0.52,78.88,81.48,0.37
6184,大豐電,97.34,99.19,102.32,105.57,104.94,102.55,40,80,57,45,51.0,0.25,53.18,52.43,0.56
1614,三洋電,97.32,100.33,98.74,99.55,102.4,103.08,40,42,52,46,38.9,0.28,39.23,39.29,0.35
5487,通泰,97.29,100.34,95.71,100.87,114.93,130.97,40,70,74,81,32.4,0.38,31.34,34.57,0.09
4523,永彰,97.29,100.58,102.84,91.54,87.58,95.87,40,27,4,9,35.15,0.34,35.61,36.12,0.28
3218,大學光,97.26,102.41,97.71,95.46,103.4,89.86,40,33,53,4,196.0,0.4,198.14,206.47,0.73
1583,程泰,97.26,102.35,96.17,96.22,105.35,105.73,40,35,59,51,53.9,0.52,55.25,57.07,0.7
2362,藍天,97.26,108.58,95.26,97.69,113.59,150.74,40,38,73,88,44.7,0.39,45.47,49.02,0.47
6856,鑫傳,97.24,97.24,92.44,97.53,106.32,107.1,40,38,61,54,55.4,0.23,54.0,58.1,2.67
8908,欣雄,97.23,97.43,95.08,90.44,98.05,97.02,40,25,17,10,43.6,0.42,42.01,44.61,0.7
3498,陽程,97.21,97.21,87.71,98.05,137.06,201.57,40,39,91,95,41.1,0.22,39.53,49.97,1.49
9943,好樂迪,97.2,100.14,98.19,98.09,98.8,100.43,40,39,18,41,72.5,0.4,72.94,74.18,1.07
2641,正德,97.2,103.31,98.4,116.88,124.05,109.02,40,90,84,57,18.3,0.31,19.63,19.25,0.45
1219,福壽,97.12,99.35,97.0,101.42,89.99,98.3,39,72,6,11,14.45,0.36,14.81,15.04,0.23
6606,建德工業,97.12,99.63,99.92,107.17,116.41,124.2,39,82,77,76,24.5,0.19,25.18,25.48,0.34
4127,天良,97.11,100.83,97.4,111.18,151.78,182.32,39,86,94,94,35.55,0.47,36.91,37.62,1.11
6155,鈞寶,97.09,100.67,89.41,91.52,102.47,108.84,39,27,52,57,23.15,0.35,22.77,24.82,1.72
2303,聯電,97.07,102.95,101.94,107.84,96.25,105.51,39,83,14,51,43.25,0.38,44.03,43.04,0.37
5515,建國,97.06,98.9,98.56,109.05,120.45,122.41,39,84,81,75,24.8,0.22,25.69,25.72,0.49
4904,遠傳,97.01,101.43,104.23,104.86,109.74,115.75,39,78,67,67,82.7,0.46,84.94,86.08,0.68
6903,巨漢,96.98,97.27,88.44,87.07,90.04,94.56,39,20,6,8,113.0,0.33,109.27,117.41,1.31
2356,英業達,96.98,105.52,96.4,91.18,101.15,114.97,39,26,49,66,42.0,0.39,40.46,43.69,0.62
5289,宜鼎,96.97,103.99,95.4,100.73,111.17,97.77,39,70,69,11,239.0,0.39,239.65,245.18,0.85
1470,大統新創,96.95,105.41,105.46,131.7,118.18,113.03,39,94,79,63,21.2,0.26,23.51,22.24,0.38
4535,至興,96.95,96.95,91.96,93.55,108.59,105.13,39,30,66,50,29.7,0.24,29.31,31.38,1.14
8374,羅昇,96.88,103.54,117.13,145.58,236.62,352.7,39,96,98,98,92.5,0.27,97.96,116.29,0.27
5206,坤悅,96.85,101.72,96.72,98.72,128.6,131.67,39,41,87,81,37.15,0.2,38.7,40.19,1.83
3580,友威科,96.84,98.75,98.06,101.36,127.56,176.13,39,72,87,93,66.1,0.26,66.66,78.41,0.32
2327,國巨,96.81,104.3,97.23,91.13,112.4,117.88,39,26,71,69,487.0,0.42,469.85,509.54,0.73
4557,永新-KY,96.8,102.14,94.36,92.83,115.88,134.6,39,29,76,82,98.0,0.31,101.68,113.72,0.66
6829,千附精密,96.79,97.24,109.55,124.59,148.4,125.61,39,93,93,77,111.5,0.36,121.96,121.0,0.22
3276,宇環,96.77,96.79,86.5,82.9,94.77,91.95,39,13,11,6,13.2,0.29,13.22,14.77,1.28
00915,凱基優選高股息30,96.72,101.13,94.86,97.59,105.15,120.05,39,38,58,71,22.48,0.54,22.59,23.58,0.7
6661,威健生技,96.7,96.7,88.5,91.04,101.43,116.66,38,25,50,68,20.55,0.18,20.6,22.57,0.34
6642,富致,96.69,99.34,93.85,98.33,115.91,136.44,38,40,76,83,58.6,0.38,59.11,62.6,0.11
2049,上銀,96.62,98.52,96.12,96.16,161.57,149.65,38,35,95,88,208.0,0.16,218.19,249.53,0.54
2459,敦吉,96.58,99.42,94.03,94.16,104.03,112.7,38,31,55,63,58.6,0.39,59.97,63.35,0.55
2610,華航,96.51,104.23,97.34,101.72,123.12,132.3,38,72,84,81,22.1,0.44,22.08,23.21,1.44
1504,東元,96.5,101.69,102.83,105.02,113.25,112.61,38,79,72,62,46.85,0.47,49.37,49.21,0.57
6712,長聖,96.46,99.7,97.26,97.0,105.21,100.18,38,37,58,40,151.5,0.33,153.56,158.92,0.45
1537,廣隆,96.43,99.25,95.76,101.1,113.7,122.01,38,71,73,74,139.0,0.31,141.81,149.07,0.72
6192,巨路,96.41,101.34,97.47,101.77,107.08,119.0,38,73,62,70,98.0,0.39,99.6,101.66,2.25
8438,昶昕,96.39,98.52,92.6,98.47,114.57,131.29,38,40,74,81,30.4,0.23,30.33,32.41,0.55
4107,邦特,96.38,99.03,96.44,104.45,106.74,111.01,38,77,62,60,116.5,0.29,120.14,123.53,0.41
910861,神州-DR,96.35,96.35,93.81,93.38,140.24,132.32,38,30,91,81,5.78,0.35,5.51,6.13,1.31
6785,昱展新藥,96.29,99.29,90.44,89.74,83.25,87.77,38,23,3,4,144.5,0.22,141.87,147.81,1.32
6026,福邦證,96.26,98.04,96.57,96.33,106.64,106.04,38,35,61,52,11.1,0.27,11.21,11.53,2.05
5514,三豐,96.23,100.33,92.37,96.12,98.39,110.0,38,35,17,59,18.8,0.35,18.8,19.79,0.0
8103,瀚荃,96.23,101.73,93.63,97.0,105.01,120.74,38,37,58,72,43.25,0.28,44.15,46.81,0.42
8105,凌巨,96.23,98.76,87.77,90.24,100.65,121.47,38,24,48,73,13.0,0.24,12.73,14.51,1.44
2630,亞航,96.18,103.04,108.91,124.19,123.75,109.53,38,92,84,58,34.25,0.33,36.99,34.86,0.15
3305,昇貿,96.13,98.72,89.46,98.35,107.87,112.78,38,40,64,63,58.5,0.39,60.51,63.93,1.61
4702,中美實,96.13,99.56,89.27,96.42,99.74,102.39,38,35,20,45,10.7,0.43,11.0,11.98,0.07
6508,惠光,96.07,99.11,93.37,95.26,97.31,100.89,38,33,15,42,26.75,0.4,27.0,28.15,1.36
6579,研揚,96.06,99.22,92.08,101.29,105.67,99.21,38,72,59,13,122.5,0.33,121.18,125.33,0.77
8109,博大,96.02,99.1,95.84,96.45,107.07,101.25,37,36,62,42,82.6,0.37,82.31,84.58,0.62
6603,富強鑫,96.0,103.84,101.73,97.37,103.53,114.94,37,38,53,66,15.7,0.25,16.47,17.11,0.64
1781,合世,95.97,100.1,90.39,94.47,107.34,116.33,37,31,63,68,14.7,0.26,14.75,16.04,0.05
1604,聲寶,95.97,99.27,96.27,102.79,102.29,103.05,37,75,51,46,25.25,0.36,26.04,26.42,0.27
01001T,土銀富邦R1,95.93,95.94,95.92,96.38,95.73,97.44,37,35,13,10,12.62,0.0,12.72,12.96,0.0
00706L,期元大S&P日圓正2,95.81,100.62,101.32,115.26,108.24,98.57,37,89,65,12,6.03,0.25,6.29,6.23,0.71
5534,長虹,95.75,95.92,87.59,100.04,117.21,112.26,37,69,78,62,87.2,0.14,88.42,90.3,0.54
6194,育富,95.73,99.3,95.65,105.03,104.81,127.52,37,79,57,79,34.75,0.28,35.15,37.63,1.31
8354,冠好,95.72,98.01,97.21,99.47,102.49,119.71,37,42,52,71,15.0,0.25,15.14,15.78,1.12
8044,網家,95.7,95.7,92.62,108.39,128.51,173.81,37,83,87,93,33.3,0.16,36.19,40.99,1.71
8099,大世科,95.65,102.37,104.1,108.01,121.85,141.46,37,83,82,85,72.6,0.22,77.96,79.48,0.97
1110,東泥,95.63,99.82,100.85,100.31,101.36,114.48,37,69,49,65,18.2,0.18,19.44,19.89,0.37
1723,中碳,95.57,96.86,95.2,98.16,99.49,93.95,37,39,19,7,86.9,0.2,87.7,90.23,1.35
1109,信大,95.56,98.28,94.48,98.58,100.83,107.32,37,40,48,54,16.7,0.36,17.05,17.66,1.01
1535,中宇,95.53,100.62,94.35,93.41,102.74,111.51,37,30,52,61,57.3,0.4,56.51,59.29,0.5
2393,億光,95.52,97.16,102.87,110.53,134.22,153.44,37,85,89,89,72.9,0.33,76.0,79.35,0.99
8070,長華*,95.51,103.51,91.61,108.7,106.01,164.09,37,84,60,91,39.35,0.28,41.43,44.5,0.42
6218,豪勉,95.47,102.96,83.44,77.17,107.55,140.58,37,6,63,85,21.15,0.25,20.24,25.5,1.22
6861,睿生光電,95.45,95.45,78.94,86.04,99.83,89.81,37,18,20,4,53.0,0.31,49.38,56.73,8.15
1796,金穎生技,95.43,95.43,90.03,98.12,117.43,88.4,37,39,78,4,44.7,0.15,45.74,48.27,0.82
8423,保綠-KY,95.43,98.78,93.29,93.59,100.62,114.2,37,30,48,65,18.8,0.26,18.96,20.3,0.93
6431,光麗-KY,95.38,97.1,105.87,127.94,139.96,126.91,36,93,91,78,16.0,0.22,17.5,17.42,0.36
00682U,期元大美元指數,95.36,95.36,95.66,95.98,107.32,107.12,36,34,63,54,19.93,0.09,20.1,21.02,0.23
8940,新天地,95.36,100.13,91.76,91.49,104.24,100.43,36,27,55,41,20.5,0.38,21.27,22.7,0.34
3230,錦明,95.31,98.7,99.62,173.23,344.14,533.17,36,97,99,99,31.0,0.3,34.82,48.13,0.22
2939,永邑-KY,95.3,104.48,106.1,111.54,112.21,129.9,36,86,71,80,26.9,0.27,30.49,31.39,0.62
2035,唐榮,95.29,100.13,98.49,102.54,101.49,103.1,36,74,50,46,30.3,0.27,31.24,31.89,1.39
2458,義隆,95.26,96.29,87.6,94.42,110.81,112.33,36,31,69,62,123.0,0.38,127.71,139.51,0.24
5703,亞都,95.26,96.63,87.94,89.07,93.12,92.71,36,22,9,6,17.3,0.32,16.55,17.74,0.0
3537,堡達,95.23,97.44,88.99,101.64,110.54,149.19,36,72,68,87,45.75,0.29,46.38,51.33,0.6
6624,萬年清,95.19,97.67,98.2,98.12,99.72,96.76,36,39,20,9,35.15,0.23,35.99,37.08,1.5
3558,神準,95.19,98.01,92.81,115.1,147.76,121.96,36,89,93,74,164.0,0.31,175.92,188.01,0.19
00652,富邦印度,95.16,97.01,98.24,100.53,98.42,108.36,36,69,18,56,35.87,0.19,36.13,37.3,0.55
9917,中保科,95.14,97.3,96.61,95.22,99.57,118.18,36,33,20,69,112.0,0.26,113.58,120.41,0.4
2432,倚天酷碁-創,95.11,97.84,86.81,87.88,109.46,98.31,36,21,67,11,27.7,0.3,27.76,30.88,1.4
8403,盛弘,95.06,98.23,92.92,97.92,99.36,102.08,36,39,19,44,27.1,0.38,27.61,28.55,1.06
2434,統懋,95.05,101.4,96.63,95.76,99.24,101.75,36,34,19,43,29.1,0.51,29.2,30.54,0.62
6770,力積電,95.04,99.9,98.07,83.73,92.21,79.26,36,14,8,2,16.15,0.28,15.44,16.93,1.08
6577,勁豐,95.01,99.31,93.83,103.19,158.04,126.48,36,76,95,78,78.2,0.2,82.38,86.32,0.32
2032,新鋼,94.99,98.04,90.7,113.82,137.02,100.8,36,88,91,41,13.8,0.21,14.79,15.24,0.21
00710B,復華彭博非投等債,94.96,95.17,95.18,102.64,108.3,107.76,36,74,65,55,17.81,0.14,17.89,18.82,0.26
1568,倉佑,94.96,99.87,90.4,93.02,103.91,106.08,36,29,55,52,23.0,0.28,23.54,25.49,0.51
2496,卓越,94.93,98.64,96.92,107.4,139.98,125.3,35,82,91,77,70.2,0.16,73.13,75.79,0.41
8097,常珵,94.9,100.9,98.75,102.22,125.01,155.1,35,74,85,89,65.4,0.15,69.83,75.86,1.18
1457,宜進,94.9,96.66,93.01,96.66,107.07,105.86,35,36,62,51,17.3,0.22,17.62,18.31,0.25
4994,傳奇,94.9,96.61,95.69,102.2,114.08,136.3,35,74,73,83,96.5,0.28,91.91,96.82,0.29
3529,力旺,94.87,110.3,99.35,94.55,131.94,158.21,35,32,89,90,2395.0,0.35,2370.67,2746.69,0.63
4532,瑞智,94.84,96.97,99.1,123.82,125.59,121.03,35,92,86,73,23.85,0.15,27.51,26.11,0.42
3325,旭品,94.83,94.83,89.28,86.68,86.25,83.88,35,19,4,2,16.65,0.22,17.99,19.76,0.83
1414,東和,94.82,97.33,89.84,90.6,123.62,127.82,35,25,84,79,18.65,0.35,19.0,21.47,0.64
3455,由田,94.77,98.26,91.77,89.27,119.43,176.13,35,22,80,93,87.9,0.3,84.43,102.11,1.27
6432,今展科,94.76,96.49,90.17,99.68,96.76,97.22,35,43,15,10,27.2,0.29,27.72,28.92,0.5
1440,南紡,94.72,99.03,92.16,97.82,95.95,99.91,35,38,14,14,13.05,0.32,13.63,14.23,0.31
00654R,富邦印度反1,94.71,94.71,95.8,106.92,112.85,105.01,35,81,71,49,6.23,0.21,6.31,6.56,0.58
2506,太設,94.68,96.02,93.49,93.82,107.6,116.86,35,31,63,68,9.88,0.15,10.06,10.55,0.15
2851,中再保,94.68,95.57,95.27,103.73,114.99,114.99,35,76,74,66,22.6,0.11,23.37,24.08,0.75
1527,鑽全,94.66,97.6,90.06,92.88,105.59,112.52,35,29,59,62,37.25,0.35,37.52,41.18,0.6
2324,仁寶,94.66,100.09,86.88,84.69,111.89,121.07,35,15,70,73,28.7,0.35,28.33,32.81,0.34
2910,統領,94.64,94.82,91.48,98.03,95.79,97.67,35,39,13,11,21.85,0.22,21.6,23.2,0.87
3149,正達,94.63,105.05,113.0,137.42,131.61,179.72,35,95,88,94,30.3,0.36,33.11,33.84,0.09
6988,,94.55,94.8,85.14,91.79,110.97,100.0,35,27,69,27,18.85,0.22,18.36,22.85,4.39
5205,中茂,94.55,102.72,113.58,126.35,114.4,130.2,35,93,74,80,31.95,0.29,33.87,33.26,1.12
6666,羅麗芬-KY,94.5,94.88,85.09,79.52,96.1,102.94,35,9,14,46,44.85,0.31,42.0,49.53,3.54
5522,遠雄,94.47,96.6,100.81,100.81,124.79,129.34,34,70,85,80,64.5,0.3,63.69,67.86,0.55
1733,五鼎,94.47,97.98,101.5,104.68,115.49,99.96,34,78,75,14,27.45,0.22,29.14,29.05,0.75
8436,大江,94.43,94.43,92.62,116.33,119.28,94.47,34,89,80,8,128.0,0.31,127.59,131.4,0.99
2504,國產,94.43,101.16,99.52,99.38,107.57,159.11,34,42,63,90,39.55,0.32,40.47,43.52,0.33
00693U,期街口S&P黃豆,94.43,98.29,99.56,96.99,98.06,88.63,34,37,17,4,19.68,0.17,20.1,20.24,1.21
3380,明泰,94.41,97.96,91.42,88.68,106.58,115.99,34,22,61,67,28.05,0.35,28.09,32.33,0.39
9944,新麗,94.37,96.37,87.82,84.38,99.58,102.08,34,15,20,44,17.2,0.31,16.79,18.76,0.29
2637,慧洋-KY,94.36,97.46,92.39,98.16,129.2,144.51,34,39,88,86,55.5,0.25,57.89,63.47,0.56
5701,劍湖山,94.33,98.99,104.92,112.93,109.03,84.38,34,88,66,3,4.9,0.42,5.15,4.94,0.24
3615,安可,94.33,99.99,94.98,88.91,104.03,163.37,34,22,55,91,22.65,0.24,23.27,27.38,0.8
00702,國泰標普低波高息,94.32,94.98,91.1,102.31,111.68,120.33,34,74,70,72,22.16,0.15,22.11,24.09,1.54
00714,群益道瓊美國地產,94.31,94.89,92.73,102.07,109.01,118.03,34,73,66,69,18.99,0.11,19.19,20.81,1.01
5223,安力-KY,94.26,97.32,91.81,92.69,92.22,91.45,34,29,8,5,26.1,0.33,27.16,29.11,0.51
3388,崇越電,94.25,99.29,95.08,92.29,98.83,105.03,34,28,18,50,61.7,0.33,61.44,64.51,0.71
00898,國泰基因免疫革命,94.25,94.25,86.77,91.55,104.19,107.13,34,27,55,54,6.37,0.31,5.99,6.87,0.82
00902,中信電池及儲能,94.24,94.79,88.41,83.5,100.79,121.74,34,13,48,74,8.17,0.25,7.65,9.04,1.23
6830,汎銓,94.23,95.64,94.33,92.7,110.01,157.91,34,29,68,90,127.0,0.24,123.04,149.59,5.26
6285,啟碁,94.17,102.45,93.66,95.35,121.98,105.13,34,33,83,50,116.5,0.37,117.66,121.93,0.45
1528,恩德,94.16,96.95,89.91,99.7,123.96,172.06,34,43,84,92,12.4,0.11,13.09,15.0,0.77
2008,高興昌,94.14,96.91,99.07,96.38,114.89,141.76,34,35,74,85,24.5,0.17,24.7,27.84,0.95
3466,德晉,94.05,94.05,68.39,84.05,140.95,229.61,34,14,92,97,43.5,0.21,42.62,54.13,0.48
1233,天仁,94.04,99.18,98.28,109.15,112.95,98.86,34,84,72,12,31.0,0.21,31.84,31.82,2.41
2536,宏普,94.03,98.29,95.4,97.35,106.22,106.98,33,38,61,53,29.2,0.21,30.11,30.64,0.58
6477,安集,94.01,98.2,91.75,96.53,119.54,106.37,33,36,80,52,28.1,0.19,29.68,32.1,0.69
3138,耀登,94.0,96.09,83.24,84.88,102.92,94.42,33,16,53,8,87.3,0.34,85.95,98.76,1.05
4908,前鼎,93.99,93.99,83.8,86.75,109.63,128.77,33,19,67,79,77.7,0.31,75.92,89.11,0.84
2477,美隆電,93.96,97.07,83.64,94.92,117.87,171.04,33,33,79,92,20.9,0.2,20.82,25.38,0.49
00678,群益那斯達克生技,93.95,93.95,87.44,91.97,103.79,112.55,33,28,54,62,25.57,0.27,24.39,27.72,0.97
3594,磐儀,93.91,95.54,91.28,101.61,155.57,131.97,33,72,94,81,40.6,0.19,42.11,46.52,0.74
9940,信義,93.9,94.05,93.18,95.93,100.99,104.96,33,34,49,49,25.9,0.11,26.01,27.05,2.24
3406,玉晶光,93.87,102.22,92.09,85.74,110.17,108.9,33,17,68,57,420.5,0.34,397.43,437.0,0.68
8426,紅木-KY,93.87,93.87,71.25,80.06,93.54,100.04,33,9,10,40,33.95,0.32,30.49,37.79,10.87
2465,麗臺,93.82,93.82,85.08,77.32,97.24,119.48,33,6,15,71,60.8,0.22,58.88,68.96,1.33
6005,群益證,93.78,97.29,95.63,113.4,139.08,146.29,33,88,91,87,20.7,0.22,22.12,22.58,1.03
1102,亞泥,93.75,99.28,99.82,109.59,114.31,120.32,33,85,74,72,40.9,0.2,43.12,43.65,3.17
5438,東友,93.75,95.28,95.64,103.42,124.22,249.17,33,76,85,98,19.1,0.12,20.46,25.36,0.2
3031,佰鴻,93.75,96.01,89.24,90.93,125.93,131.99,33,25,86,81,18.25,0.31,18.36,20.7,0.99
6241,易通展,93.73,94.53,87.82,90.74,113.03,173.89,33,25,72,93,12.95,0.18,13.03,15.45,1.16
6021,美好證,93.71,99.48,101.72,104.19,125.35,144.83,33,77,86,86,20.5,0.31,20.8,21.77,2.38
2617,台航,93.7,100.21,91.33,96.32,101.49,104.95,33,35,50,49,27.9,0.31,28.78,30.14,0.49
8463,潤泰材,93.66,99.55,94.44,99.39,101.12,109.15,33,42,49,57,22.9,0.26,23.48,24.43,0.45
6417,韋僑,93.63,98.71,88.01,90.83,102.01,112.12,33,25,51,62,87.9,0.31,89.49,97.89,0.79
4550,長佳,93.63,97.31,92.97,96.99,106.01,92.94,33,37,60,7,25.05,0.17,25.61,25.84,0.22
3686,達能,93.63,98.45,90.64,94.84,100.47,141.34,33,32,47,85,15.55,0.21,16.45,18.64,0.26
4549,桓達,93.62,96.02,91.48,94.75,158.98,187.71,32,32,95,94,130.0,0.23,126.03,150.93,0.13
2608,嘉里大榮,93.61,95.42,93.78,95.24,100.84,108.14,32,33,48,56,34.05,0.3,34.68,36.31,1.32
8131,福懋科,93.61,95.46,89.52,85.07,92.58,93.63,32,16,8,7,27.85,0.3,26.92,29.63,1.57
2109,華豐,93.58,96.55,98.68,108.51,114.09,122.89,32,84,73,75,16.3,0.01,17.23,17.46,0.24
6101,寬魚國際,93.58,103.42,103.95,100.17,96.46,100.05,32,69,14,40,37.65,0.26,39.07,38.31,0.59
3501,維熹,93.56,98.82,92.81,96.1,107.18,119.72,32,35,62,71,58.5,0.34,57.87,61.16,0.68
00643K,,93.51,93.51,79.39,86.03,94.89,91.51,32,18,12,5,2.74,0.19,2.74,2.89,0.0
3234,光環,93.5,95.38,82.03,82.97,140.62,164.06,32,13,92,91,35.75,0.21,34.88,43.01,0.67
2069,運錩,93.47,97.32,92.21,102.24,117.23,119.99,32,74,78,71,14.25,0.21,15.09,16.19,0.39
2706,第一店,93.46,95.96,91.94,94.95,99.91,104.84,32,33,21,49,13.25,0.26,13.65,14.32,0.38
4938,和碩,93.45,96.97,87.9,91.12,104.95,117.19,32,26,57,68,80.0,0.41,79.01,86.65,0.76
2923,鼎固-KY,93.43,107.11,107.42,92.87,95.09,132.47,32,29,12,82,24.4,0.29,23.68,25.9,0.17
2207,和泰車,93.39,97.7,96.11,105.26,101.11,107.57,32,79,49,55,560.0,0.24,579.97,595.52,0.64
6698,旭暉應材,93.37,93.37,85.53,80.8,102.0,126.92,32,10,51,78,31.05,0.22,28.61,34.97,8.5
4137,麗豐-KY,93.33,95.85,99.31,94.01,93.62,92.78,32,31,10,7,102.0,0.22,107.26,110.12,0.6
3617,碩天,93.26,100.26,89.97,99.17,140.52,153.78,32,42,92,89,273.5,0.33,262.92,306.9,1.76
2511,太子,93.26,95.55,89.06,91.12,98.34,100.55,32,26,17,41,9.38,0.21,9.5,10.09,0.55
5345,天揚,93.25,108.66,115.95,123.66,153.87,209.68,32,92,94,96,21.8,0.13,24.43,26.33,0.88
2906,高林,93.21,96.59,90.48,88.15,93.22,98.1,32,21,9,11,15.6,0.27,15.76,16.94,0.91
3630,新鉅科,93.17,93.36,86.93,88.95,96.43,100.14,32,22,14,40,21.9,0.32,22.12,24.65,0.33
6605,帝寶,93.11,102.21,90.04,85.41,112.09,137.99,31,17,71,84,178.5,0.33,176.63,202.31,0.96
5236,凌陽創新,93.1,96.77,90.57,88.12,107.43,135.45,31,21,63,83,122.0,0.28,120.11,137.2,0.68
6237,驊訊,93.09,95.68,88.27,87.11,114.85,113.45,31,20,74,64,39.1,0.27,38.4,46.16,0.36
6224,聚鼎,93.08,97.22,91.49,89.3,105.27,145.6,31,23,58,86,45.25,0.23,46.64,54.08,0.3
1476,儒鴻,93.06,99.01,95.36,88.37,107.76,115.74,31,21,64,67,396.0,0.36,403.59,469.25,0.61
6405,悅城,93.05,98.32,89.34,105.28,111.79,210.8,31,79,70,96,24.45,0.17,25.69,31.9,0.23
1708,東鹼,93.03,96.53,91.04,106.75,117.75,133.37,31,81,78,82,30.6,0.22,32.48,35.41,0.2
6209,今國光,93.0,94.69,92.65,99.07,131.81,112.57,31,41,89,62,24.55,0.23,25.39,26.6,0.55
6789,采鈺,92.98,98.84,87.26,81.0,118.17,113.04,31,11,79,63,228.5,0.3,216.4,260.26,0.53
4568,科際精密,92.98,98.07,92.89,91.18,106.51,103.31,31,26,61,46,46.25,0.25,47.29,50.27,0.59
3176,基亞,92.98,98.55,88.97,89.75,100.16,95.92,31,23,47,9,30.25,0.29,30.69,33.4,0.71
00711B,復華彭博新興債,92.92,92.92,90.8,100.71,104.94,106.88,31,70,57,53,14.56,0.16,14.49,15.59,0.74
6281,全國電,92.88,95.67,92.9,95.01,98.41,101.99,31,33,17,44,71.2,0.21,72.43,76.08,0.67
7718,友鋮,92.87,96.37,94.1,98.81,120.16,114.68,31,41,81,65,45.15,0.08,46.34,50.91,1.25
5906,台南-KY,92.86,95.49,90.88,90.97,108.43,96.66,31,25,65,9,50.0,0.29,50.04,54.04,0.21
2701,萬企,92.85,95.66,91.76,95.52,100.22,104.29,31,34,47,48,11.25,0.24,11.63,12.22,0.79
5272,笙科,92.83,97.27,85.52,75.08,91.5,109.3,31,5,7,58,22.7,0.3,21.35,26.43,2.95
1720,生達,92.8,94.34,92.41,94.6,98.71,103.36,31,32,18,46,57.0,0.23,57.95,61.13,1.03
8936,國統,92.78,98.6,92.59,94.68,103.1,121.07,31,32,53,73,53.3,0.17,55.42,55.62,0.74
4966,譜瑞-KY,92.73,97.16,87.01,82.82,95.6,92.57,31,12,13,6,593.0,0.35,568.92,654.1,1.23
8213,志超,92.72,95.55,90.14,88.75,94.91,99.7,31,22,12,13,30.5,0.33,30.98,34.03,0.78
5211,蒙恬,92.69,97.51,85.61,91.98,110.79,108.31,30,28,69,56,23.0,0.33,22.63,25.39,5.72
1609,大亞,92.68,96.01,88.26,85.36,106.59,120.75,30,16,61,72,37.44,0.33,37.19,41.28,2.19
6202,盛群,92.68,97.39,90.27,89.96,100.33,103.41,30,24,47,47,41.0,0.26,43.66,47.86,0.86
3038,全台,92.61,98.62,88.78,95.48,104.98,99.34,30,33,57,13,22.35,0.36,22.82,24.63,0.79
5015,華祺,92.6,96.34,91.61,93.73,101.15,98.09,30,30,49,11,32.7,0.19,33.09,35.3,0.53
2392,正崴,92.59,93.88,83.27,86.12,128.16,169.02,30,18,87,92,54.2,0.27,51.91,62.06,2.34
1229,聯華,92.58,92.58,81.59,83.82,90.18,102.93,30,14,6,46,47.8,0.26,45.14,51.75,2.34
2365,昆盈,92.57,96.7,91.71,113.79,168.82,239.85,30,88,96,97,33.85,0.18,36.71,41.62,0.47
1615,大山,92.57,95.63,88.43,98.87,115.88,136.87,30,41,76,83,52.0,0.3,51.7,56.52,1.61
1339,昭輝,92.56,97.12,87.45,92.01,103.63,98.82,30,28,54,12,49.2,0.36,50.76,54.64,0.74
2027,大成鋼,92.56,92.56,93.54,141.88,156.0,101.26,30,95,94,42,32.85,0.2,34.9,36.34,0.51
1515,力山,92.56,94.34,84.83,90.65,101.91,85.18,30,25,51,3,27.55,0.2,28.91,31.04,0.31
4419,皇家美食,92.55,96.95,104.73,95.54,119.81,137.7,30,34,81,84,48.0,0.11,47.24,49.22,0.35
8927,北基,92.54,94.71,97.46,94.19,108.04,126.97,30,31,64,78,48.8,0.17,47.87,53.13,0.61
6840,東研信超,92.51,93.14,86.2,73.19,91.18,89.74,30,4,7,4,47.35,0.2,42.52,49.47,0.67
2375,凱美,92.49,96.8,91.19,94.08,110.59,123.62,30,31,69,76,55.9,0.28,57.98,63.11,0.36
5533,皇鼎,92.44,97.52,89.43,87.91,92.44,99.9,30,21,8,14,16.8,0.28,17.04,18.37,0.49
7705,三商餐飲,92.41,95.16,89.03,95.81,100.0,100.0,30,34,34,27,54.3,0.09,54.13,64.49,0.39
6261,久元,92.39,97.46,95.55,95.32,103.64,116.08,30,33,54,67,61.0,0.21,61.62,63.79,0.49
1201,味全,92.38,95.76,91.8,96.57,99.69,100.07,30,36,20,40,16.15,0.31,16.38,17.43,0.57
3374,精材,92.37,99.48,88.27,85.92,136.28,162.82,30,17,90,91,145.5,0.22,140.57,176.26,0.74
8064,東捷,92.34,97.32,92.55,85.97,146.24,256.25,29,18,93,98,38.15,0.22,37.75,47.74,1.02
00865B,國泰US短期公債,92.34,92.34,94.58,103.7,106.44,106.15,29,76,61,52,43.06,0.08,43.73,46.1,0.96
3094,聯傑,92.29,98.6,90.34,94.74,99.17,101.66,29,32,19,43,24.6,0.25,25.15,27.94,0.58
6158,禾昌,92.27,94.44,82.21,87.75,97.76,115.16,29,21,16,66,23.55,0.26,23.71,27.39,0.21
2390,云辰,92.26,99.84,90.9,95.5,96.73,108.18,29,34,14,56,10.3,0.32,11.15,12.0,0.57
9928,中視,92.17,97.02,89.64,90.99,94.27,99.05,29,25,11,13,16.2,0.14,15.88,17.22,0.23
1538,正峰,92.15,99.6,102.38,102.69,101.46,101.69,29,75,50,43,26.0,0.27,27.73,28.57,0.0
1220,台榮,92.1,93.99,91.04,98.45,111.95,131.58,29,40,71,81,14.0,0.16,14.15,15.82,0.28
1906,寶隆,92.09,97.4,88.95,89.6,93.34,102.48,29,23,9,45,12.25,0.34,12.62,13.73,0.35
6598,ABC-KY,92.08,96.15,93.84,102.39,110.34,113.67,29,74,68,64,19.7,0.16,20.13,21.5,0.8
3285,微端,92.04,98.12,96.18,100.87,100.09,124.1,29,70,47,76,24.65,0.1,25.34,26.68,0.38
1217,愛之味,92.01,94.16,92.5,100.75,103.24,102.84,29,70,53,46,10.65,0.15,10.9,11.36,0.59
3313,斐成,92.0,99.27,89.24,87.44,105.7,107.74,29,20,59,55,13.7,0.18,14.18,15.02,0.66
5538,東明-KY,92.0,96.69,94.42,98.81,112.43,118.21,29,41,71,69,29.4,0.19,29.23,31.66,0.23
910322,康師傅-DR,91.97,97.61,109.81,143.86,142.06,132.4,29,95,92,81,21.05,0.28,23.39,23.32,0.08
6967,汎瑋材料,91.96,96.85,86.46,91.11,98.24,94.23,29,26,17,7,50.0,0.25,50.53,53.99,0.0
6270,倍微,91.95,96.86,87.35,92.59,99.45,119.28,29,28,19,70,21.05,0.23,21.39,23.71,0.78
4807,日成-KY,91.94,91.94,87.55,101.92,115.18,207.97,29,73,75,95,16.2,0.06,16.86,20.43,3.49
00771,元大US高息特別股,91.88,91.88,89.12,97.38,104.81,111.73,29,38,57,61,15.28,0.13,15.22,16.73,0.35
6284,佳邦,91.87,95.95,90.17,90.42,107.63,115.04,29,25,63,66,69.5,0.28,71.29,77.94,0.73
9929,秋雨,91.83,98.06,94.93,101.58,101.76,101.57,29,72,50,43,14.5,0.34,14.86,15.44,0.89
6523,達爾膚,91.82,94.18,90.81,94.56,102.48,113.0,29,32,52,63,132.0,0.12,134.23,140.55,2.81
5388,中磊,91.8,98.72,90.02,91.17,121.63,109.67,28,26,82,58,96.1,0.23,98.34,108.98,0.41
1752,南光,91.79,94.17,87.81,87.37,99.23,9080.36,28,20,19,99,35.5,0.0,35.1,58.67,0.88
3597,映興,91.77,94.45,81.49,98.79,153.49,216.49,28,41,94,96,24.85,0.11,25.4,32.47,4.46
6147,頎邦,91.76,97.55,95.16,102.06,102.0,97.53,28,73,51,11,54.4,0.28,57.91,59.52,0.55
6208,日揚,91.75,95.78,89.61,85.42,86.96,101.71,28,17,4,43,44.05,0.27,43.77,48.57,0.4
3228,金麗科,91.74,91.74,84.06,81.04,84.36,115.68,28,11,3,67,169.0,0.16,168.54,195.07,0.67
3088,艾訊,91.73,93.9,88.36,112.52,170.79,142.75,28,87,96,85,90.3,0.17,93.0,107.82,1.05
3206,志豐,91.69,95.73,84.51,85.4,100.86,106.94,28,17,48,53,37.7,0.34,37.51,41.84,1.07
6588,東典光電,91.69,98.71,81.05,85.17,104.4,150.96,28,16,56,88,29.4,0.15,27.89,34.29,2.52
6782,視陽,91.67,97.38,95.01,96.35,87.94,102.81,28,35,5,45,169.0,0.27,180.06,188.56,0.4
3236,千如,91.65,94.92,82.43,88.39,93.55,111.89,28,21,10,61,16.1,0.27,16.33,19.03,0.29
6509,聚和,91.61,96.54,89.4,91.48,101.32,121.33,28,26,49,73,31.6,0.3,33.62,37.03,0.47
4588,玖鼎電力,91.57,95.85,88.13,93.15,107.72,100.27,28,29,64,40,70.3,0.23,73.32,76.5,0.33
3048,益登,91.57,95.94,91.61,90.32,104.5,141.04,28,24,56,85,26.05,0.2,26.5,30.38,0.34
00775B,新光投等債15+,91.54,91.54,90.12,100.59,104.09,107.0,28,70,55,54,29.8,0.15,29.8,32.38,0.0
8938,明安,91.53,97.86,88.02,97.54,107.38,109.92,28,38,63,59,64.3,0.34,66.31,70.88,0.66
3272,東碩,91.53,93.12,96.07,96.82,97.37,114.17,28,36,15,65,23.3,0.19,25.79,27.48,0.62
2415,錩新,91.5,101.4,92.76,93.94,119.81,109.41,28,31,81,58,23.15,0.31,23.11,25.43,0.33
6462,神盾,91.5,94.55,82.25,69.79,80.21,139.89,28,2,2,84,126.5,0.2,109.87,149.5,1.74
00897,富邦基因免疫生技,91.41,91.41,84.64,88.81,100.59,116.5,28,22,47,68,6.67,0.19,6.44,7.5,0.48
3541,西柏,91.41,96.44,93.03,106.14,109.01,94.63,28,81,66,8,26.1,0.22,28.04,28.92,0.12
3023,信邦,91.36,95.77,85.06,86.33,119.66,103.57,27,18,80,47,227.5,0.28,225.37,255.67,0.7
3664,安瑞-KY,91.34,93.08,85.98,92.4,117.12,119.21,27,28,78,70,21.5,0.31,20.92,23.65,5.67
9105,泰金寶-DR,91.33,104.21,107.18,126.24,192.55,222.39,27,93,97,96,5.8,0.19,6.38,6.89,1.2
9110,越南控-DR,91.33,97.26,91.4,93.96,100.08,103.98,27,31,47,48,6.07,0.28,6.21,6.68,2.21
3042,晶技,91.32,96.61,94.97,95.75,98.01,123.13,27,34,17,75,84.2,0.3,88.07,95.24,0.26
8040,九暘,91.31,91.31,80.48,87.23,114.0,136.39,27,20,73,83,60.9,0.31,59.37,69.47,1.71
1465,偉全,91.29,94.02,94.15,97.5,100.89,111.43,27,38,48,61,13.35,0.06,13.58,14.31,0.57
3064,泰偉,91.25,95.91,89.87,101.81,130.12,161.26,27,73,88,90,63.3,0.26,59.57,66.7,0.0
6418,詠昇,91.24,95.26,92.71,98.04,97.96,98.18,27,39,16,11,16.4,0.32,17.22,18.4,0.25
5353,台林,91.22,95.12,85.38,90.03,110.67,116.33,27,24,69,68,25.3,0.26,25.89,29.28,0.86
2492,華新科,91.17,94.93,87.05,83.36,98.46,97.57,27,13,18,11,79.6,0.25,79.08,88.87,0.55
1539,巨庭,91.11,92.65,87.37,85.86,105.96,131.01,27,17,60,81,19.6,0.19,19.13,23.04,0.59
5215,科嘉-KY,91.09,95.72,87.28,90.07,95.46,103.85,27,24,13,47,38.65,0.29,38.75,43.45,2.61
2030,彰源,91.09,96.27,88.63,91.06,106.86,112.06,27,26,62,62,13.9,0.18,14.51,16.04,0.51
8450,霹靂,91.06,94.72,87.16,88.09,99.66,109.94,27,21,20,59,19.35,0.21,19.73,22.29,0.3
3010,華立,91.04,98.0,90.74,89.81,102.68,114.61,27,23,52,65,93.8,0.28,94.69,106.14,0.32
6153,嘉聯益,90.99,94.33,95.3,68.88,87.71,96.05,27,2,4,9,13.35,0.21,12.19,15.33,0.78
2061,風青,90.98,95.23,90.01,97.03,115.99,128.7,27,37,76,79,17.8,0.21,18.0,19.54,0.55
6133,金橋,90.97,91.26,83.15,84.81,114.22,165.37,27,15,74,91,14.3,0.13,14.47,18.41,1.22
2816,旺旺保,90.95,91.28,88.32,88.77,103.67,103.41,27,22,54,47,26.0,0.13,25.36,28.79,0.37
2367,燿華,90.94,92.76,80.54,86.08,117.66,131.66,27,18,78,81,25.35,0.24,24.69,28.76,1.97
3672,康聯訊,90.93,90.93,82.47,110.11,98.67,114.58,26,85,18,65,17.3,0.13,17.33,19.61,3.32
2302,麗正,90.87,93.53,88.83,99.16,132.36,114.71,26,41,89,65,15.4,0.12,16.05,17.67,0.88
2712,遠雄來,90.85,101.83,91.8,77.27,91.77,91.39,26,6,7,5,21.3,0.29,20.32,23.37,1.13
3308,聯德,90.84,91.53,80.91,79.37,87.29,88.25,26,8,4,4,17.95,0.23,18.04,21.34,0.24
5512,力麒,90.79,93.28,86.33,92.71,97.46,101.38,26,29,16,43,8.8,0.16,9.15,9.65,0.53
8049,晶采,90.7,91.98,88.77,90.59,97.36,100.71,26,25,15,41,27.25,0.2,27.94,30.12,0.57
1336,台翰,90.56,94.04,89.36,96.73,117.47,133.07,26,36,78,82,18.6,0.15,19.12,22.24,0.9
9938,百和,90.5,95.06,87.55,89.43,114.05,141.16,26,23,73,85,55.2,0.19,55.81,66.79,1.07
6485,點序,90.49,97.95,92.58,97.65,122.1,80.35,26,38,83,2,51.9,0.33,55.89,57.57,0.21
00683L,期元大美元指正2,90.46,90.46,91.62,92.24,115.05,114.71,26,28,75,65,20.2,0.08,20.63,22.6,2.51
6229,研通,90.44,94.44,82.71,85.86,95.38,123.03,26,17,13,75,24.9,0.25,25.92,29.3,1.05
2634,漢翔,90.43,95.35,94.82,100.76,119.26,95.43,26,70,80,8,41.95,0.08,43.21,43.99,0.35
5285,界霖,90.4,93.66,87.76,81.8,98.62,102.43,26,11,18,45,44.3,0.25,44.47,50.07,0.75
3484,崧騰,90.33,93.65,86.67,101.1,138.16,123.54,26,71,91,76,46.1,0.19,49.15,54.34,0.79
8110,華東,90.28,96.35,90.55,85.42,95.88,105.55,26,17,14,51,12.85,0.23,13.08,14.36,0.51
3691,碩禾,90.26,93.76,84.82,76.97,82.46,94.43,26,6,3,8,70.0,0.19,66.63,77.56,1.58
5425,台半,90.25,93.84,84.1,84.1,86.4,97.88,26,14,4,11,46.15,0.26,46.76,53.34,0.65
3587,閎康,90.2,91.07,77.16,70.4,93.51,115.31,26,2,10,66,182.0,0.28,157.06,214.8,2.87
3550,聯穎,90.18,94.11,87.79,87.49,103.67,170.53,26,20,54,92,14.0,0.16,13.88,17.54,0.33
2722,夏都,90.13,97.97,86.21,80.03,84.34,85.47,26,9,3,3,30.4,0.25,29.98,33.46,0.58
6166,凌華,90.13,90.13,89.19,103.87,131.68,120.72,26,77,89,72,64.2,0.16,65.79,72.17,0.83
4770,上品,90.12,94.86,84.81,80.17,108.26,99.73,26,9,65,14,249.5,0.23,245.51,287.63,0.33
4161,聿新科,90.1,92.23,95.41,101.23,105.95,112.46,25,71,60,62,30.15,0.11,31.12,33.09,0.23
1460,宏遠,90.08,95.38,93.21,99.37,107.21,97.77,25,42,62,11,6.48,0.07,6.83,7.06,0.87
6548,長科*,90.08,91.15,89.64,103.51,102.88,110.2,25,76,52,59,30.9,0.17,32.66,34.17,0.3
6505,台塑化,90.08,96.06,92.71,89.28,81.15,73.85,25,23,2,1,35.9,0.16,37.35,39.34,0.98
2331,精英,90.06,98.37,88.45,77.95,88.13,91.65,25,7,5,6,18.3,0.25,18.16,20.88,0.24
2736,富野,90.03,95.27,89.58,86.59,101.42,97.67,25,19,50,11,16.35,0.21,17.35,18.85,0.34
6576,逸達,90.03,92.43,82.23,83.28,104.37,96.95,25,13,56,10,66.2,0.29,64.98,74.64,1.07
6127,九豪,90.02,90.05,82.99,77.59,99.77,122.16,25,7,20,74,19.3,0.18,19.4,24.08,0.29
8071,能率網通,90.0,94.85,90.42,99.11,130.17,137.97,25,41,88,84,17.15,0.2,17.54,19.76,0.44
5548,安倉,89.99,93.94,87.76,91.81,90.86,123.69,25,27,6,76,25.9,0.2,26.64,29.14,1.26
3296,勝德,89.97,89.97,80.62,81.13,116.64,168.79,25,11,77,92,21.6,0.2,20.05,25.16,3.36
8279,生展,89.95,103.01,102.64,106.12,96.02,96.13,25,81,14,9,112.0,0.11,128.6,125.27,2.34
3430,奇鈦科,89.9,98.13,92.91,89.71,119.17,173.49,25,23,80,93,46.15,0.13,49.43,57.85,2.36
3373,熱映,89.86,97.49,95.29,106.18,126.05,113.65,25,81,86,64,19.5,0.24,21.33,22.32,0.09
8240,華宏,89.85,92.52,86.63,87.9,122.51,158.4,25,21,83,90,30.4,0.16,30.96,37.46,0.58
9950,萬國通,89.8,91.94,86.72,86.1,95.39,98.36,25,18,13,12,11.8,0.25,11.94,13.29,1.48
6245,立端,89.75,90.65,83.55,93.26,128.75,110.36,25,30,88,59,76.9,0.13,78.53,91.05,0.8
8096,擎亞,89.72,91.59,103.68,165.17,224.86,216.96,25,97,98,96,42.2,0.17,47.69,49.05,0.17
5220,萬達光電,89.68,98.03,89.11,91.11,95.82,102.51,25,26,13,45,18.9,0.31,19.28,21.37,0.5
3523,迎輝,89.65,92.92,91.81,104.94,125.32,151.99,25,78,86,88,18.15,0.12,18.81,21.41,0.98
8916,光隆,89.64,93.05,88.62,92.38,108.07,107.12,25,28,65,54,49.5,0.06,51.22,55.58,1.31
1735,日勝化,89.59,94.49,88.72,97.32,114.61,148.17,24,38,74,87,15.55,0.18,15.9,18.54,0.3
1434,福懋,89.59,92.3,84.87,88.48,95.12,92.62,24,22,12,6,16.65,0.23,16.38,18.36,1.63
5478,智冠,89.56,92.16,90.12,99.59,100.29,117.14,24,43,47,68,102.0,0.15,107.07,115.47,0.21
6617,共信-KY,89.54,89.54,87.8,96.99,93.1,84.07,24,37,9,3,90.0,0.23,101.11,105.82,0.59
00641R,富邦日本反1,89.54,91.19,94.17,104.63,110.94,94.12,24,78,69,7,5.64,0.02,5.77,6.07,0.31
3372,典範,89.51,93.52,84.77,84.09,102.54,116.83,24,14,52,68,13.5,0.25,13.18,15.11,1.7
2420,新巨,89.5,92.84,84.52,90.12,113.52,150.11,24,24,73,88,53.5,0.25,53.77,62.29,0.83
1521,大億,89.48,95.63,88.04,91.83,82.9,99.43,24,27,3,13,25.5,0.28,26.59,29.48,0.27
1464,得力,89.45,91.83,84.55,98.79,136.08,133.36,24,41,90,82,13.0,0.09,13.31,15.65,0.4
2419,仲琦,89.43,93.04,85.17,80.3,100.53,121.43,24,9,47,73,22.6,0.21,22.07,27.49,0.2
2369,菱生,89.4,93.79,87.86,86.06,92.78,107.79,24,18,8,55,14.7,0.26,14.71,16.75,0.45
00686R,群益臺灣加權反1,89.36,91.32,95.0,112.75,124.01,91.82,24,87,84,6,2.11,0.0,2.24,2.29,0.86
1714,和桐,89.34,92.14,91.37,102.2,101.52,97.39,24,74,50,10,7.58,0.07,7.92,8.26,0.43
2013,中鋼構,89.31,92.79,87.16,84.3,102.52,103.66,24,15,52,47,44.0,0.23,43.56,49.16,1.66
2752,豆府,89.28,91.45,91.36,93.3,99.04,101.03,24,30,18,42,204.5,0.0,214.44,225.15,1.84
6248,沛波,89.22,91.86,87.91,89.23,101.93,107.39,24,22,51,54,24.5,0.16,25.3,27.6,1.02
6259,百徽,89.21,89.99,88.5,95.07,101.48,105.72,24,33,50,51,16.45,0.19,17.18,18.75,0.43
2461,光群雷,89.16,94.27,83.09,86.49,94.43,98.09,24,19,11,11,15.85,0.29,16.26,18.42,0.3
2748,雲品,89.1,94.38,86.08,85.78,101.26,96.08,24,17,49,9,49.75,0.3,50.64,56.5,0.9
1338,廣華-KY,89.07,89.07,82.49,82.92,97.21,98.2,24,13,15,11,23.55,0.08,23.75,27.03,0.47
8341,日友,89.07,92.64,90.22,88.88,95.11,102.06,24,22,12,44,70.9,0.16,74.08,80.81,0.96
6904,伯鑫,89.01,94.83,88.38,94.0,103.16,98.5,23,31,53,12,127.0,0.19,133.55,142.76,2.96
1565,精華,88.97,89.48,86.36,93.5,107.5,139.06,23,30,63,84,160.5,0.07,164.59,190.15,1.45
2855,統一證,88.94,91.56,90.18,90.38,116.17,124.9,23,24,77,77,19.05,0.25,19.49,21.63,1.27
6792,詠業,88.93,92.74,84.98,89.51,104.29,94.15,23,23,56,7,50.2,0.19,53.34,58.33,1.0
1570,力肯,88.92,93.22,85.3,84.05,115.78,121.02,23,14,76,73,23.5,0.24,23.47,26.79,0.7
2385,群光,88.92,97.7,94.97,104.2,105.93,106.59,23,77,60,52,130.0,0.24,144.43,146.85,0.57
5531,鄉林,88.9,92.12,94.97,108.53,109.26,111.21,23,84,67,60,9.13,0.01,9.89,10.33,0.41
5356,協益,88.89,92.72,89.25,89.38,96.8,118.74,23,23,15,70,25.25,0.25,26.7,28.97,1.02
2476,鉅祥,88.85,91.38,83.41,87.05,115.47,130.58,23,19,75,80,72.0,0.22,72.76,82.91,0.61
4720,德淵,88.83,91.62,84.48,90.58,113.44,119.81,23,25,73,71,15.0,0.15,15.39,17.5,0.72
6125,廣運,88.83,88.83,78.59,83.19,116.19,126.16,23,13,77,78,64.2,0.23,66.04,78.62,1.84
6443,元晶,88.82,88.82,80.9,84.18,91.92,83.04,23,14,7,2,15.65,0.14,15.43,18.35,0.92
1725,元禎,88.8,95.68,84.77,86.16,116.35,144.38,23,18,77,86,29.05,0.23,28.94,33.62,0.94
1455,集盛,88.79,92.95,86.67,90.72,95.05,92.57,23,25,12,6,9.0,0.21,9.23,9.77,0.71
4580,捷流閥業,88.78,88.88,84.1,91.35,102.06,107.39,23,26,51,54,80.7,0.08,80.52,89.89,1.29
8076,伍豐,88.76,94.79,85.25,86.44,115.82,110.8,23,19,76,60,26.2,0.27,26.06,30.05,1.13
6994,富威電力,88.72,93.5,96.43,111.94,157.36,123.46,23,87,95,75,97.5,0.14,116.37,120.79,1.62
6168,宏齊,88.7,88.7,79.47,76.86,103.05,105.66,23,6,53,51,16.85,0.28,16.17,19.97,7.13
2363,矽統,88.69,93.54,77.75,71.59,97.31,115.73,23,3,15,67,52.8,0.25,48.65,61.55,4.13
5328,華容,88.69,91.16,87.72,93.48,113.13,127.35,23,30,72,79,12.65,0.23,13.22,14.97,0.65
3141,晶宏,88.66,88.66,75.22,77.44,96.18,114.03,23,7,14,65,60.5,0.23,57.19,71.92,2.87
1813,寶利徠,88.64,90.88,84.16,84.0,92.83,102.81,23,14,8,45,15.1,0.22,15.27,17.37,5.28
6244,茂迪,88.59,88.59,81.8,93.27,93.09,95.9,22,30,9,9,18.35,0.15,18.82,21.5,1.09
00688L,國泰20年美債正2,88.55,88.55,87.04,97.05,100.93,101.95,22,37,48,43,6.97,0.11,6.96,7.77,0.22
2431,聯昌,88.53,89.15,86.87,87.76,123.08,167.2,22,21,84,92,10.7,0.04,11.55,13.72,0.71
2740,天蔥,88.52,92.66,81.94,83.55,81.27,107.01,22,14,2,54,33.4,0.23,33.65,40.13,0.03
4961,天鈺,88.51,94.1,98.35,96.17,99.08,114.54,22,35,18,65,188.5,0.24,200.31,216.03,0.76
2206,三陽工業,88.49,90.35,94.99,100.13,100.91,101.36,22,69,48,43,63.5,0.16,67.33,69.6,0.31
1463,強盛新,88.45,91.78,83.67,107.6,141.51,131.62,22,82,92,81,19.0,0.0,21.09,23.83,0.4
1256,鮮活果汁-KY,88.44,92.29,88.22,81.7,100.5,80.66,22,11,47,2,119.0,0.18,119.4,133.62,0.52
2538,基泰,88.42,94.75,85.52,87.46,93.85,109.23,22,20,10,58,12.95,0.17,13.26,14.64,0.19
2101,南港,88.39,96.6,83.29,91.17,100.76,109.6,22,26,48,58,37.35,0.31,38.56,43.28,0.26
1717,長興,88.38,91.06,90.81,95.12,99.97,110.78,22,33,21,60,24.15,0.13,25.4,27.33,0.63
00664R,國泰臺灣加權反1,88.23,90.64,94.25,111.91,122.82,90.6,22,87,83,5,3.46,0.0,3.68,3.77,0.52
8467,波力-KY,88.22,90.88,82.87,80.5,148.4,189.79,22,10,93,94,165.5,0.15,172.63,230.31,0.31
6265,方土昶,88.19,92.54,82.41,90.46,91.43,113.28,22,25,7,63,9.0,0.2,9.33,10.48,0.44
6695,芯鼎,88.13,88.13,80.02,79.85,103.93,113.6,22,9,55,64,46.1,0.23,43.18,53.26,4.12
2241,艾姆勒,88.1,88.93,81.5,81.7,102.26,99.76,22,11,51,14,24.55,0.16,24.77,28.54,0.34
6592,和潤企業,88.08,92.28,86.41,84.07,89.12,89.25,22,14,5,4,67.4,0.2,67.66,76.06,0.58
4190,佐登-KY,88.03,90.4,79.39,79.0,95.41,109.36,22,8,13,58,35.8,0.2,36.09,43.36,0.4
1342,八貫,88.03,91.33,90.18,93.43,113.81,108.14,22,30,73,56,83.5,0.17,90.26,98.0,0.37
4919,新唐,88.02,90.99,85.41,79.88,99.25,95.35,22,9,19,8,71.3,0.17,72.46,83.93,0.72
6512,啟發電,88.01,94.85,94.96,98.61,110.14,120.29,22,40,68,72,20.3,0.13,21.27,22.4,0.51
8091,翔名,87.96,92.4,89.13,92.06,109.78,137.34,21,28,67,84,105.5,0.21,107.11,118.57,0.42
3666,光耀,87.86,98.17,86.86,101.27,114.65,111.08,21,71,74,60,28.25,0.25,29.17,31.17,0.46
5704,老爺知,87.85,88.23,78.87,76.54,85.28,96.14,21,6,3,9,28.0,0.22,27.76,33.32,0.75
9103,美德醫療-DR,87.8,93.16,86.53,95.81,94.43,100.81,21,34,11,41,5.02,0.24,5.33,5.94,0.44
4121,優盛,87.78,90.77,92.96,88.89,95.8,97.43,21,22,13,10,14.0,0.21,15.44,16.75,0.4
3489,森寶,87.77,90.75,86.01,94.67,128.69,127.04,21,32,87,79,20.95,0.07,23.31,25.07,1.22
2948,寶陞,87.77,87.77,83.23,80.26,89.38,90.67,21,9,5,5,40.65,0.13,39.71,46.65,0.0
2929,淘帝-KY,87.76,94.53,89.35,102.41,131.96,166.83,21,74,89,91,9.12,0.12,9.92,12.08,1.19
7584,樂意,87.76,93.43,91.89,90.72,105.71,108.74,21,25,59,57,62.4,0.1,65.91,70.38,1.56
8024,佑華,87.71,88.5,81.9,82.85,93.26,101.88,21,12,9,43,13.5,0.18,14.12,16.47,1.08
3169,亞信,87.63,93.01,82.57,89.91,107.99,94.89,21,24,64,8,83.9,0.26,85.68,96.37,1.04
1103,嘉泥,87.63,91.7,87.45,91.84,98.26,102.93,21,27,17,46,14.35,0.17,15.04,16.49,0.66
2009,第一銅,87.62,94.62,83.48,86.13,119.91,116.25,21,18,81,68,33.8,0.18,33.59,38.15,1.12
1409,新纖,87.59,90.49,83.21,91.76,99.89,104.11,21,27,20,48,12.3,0.19,12.68,14.36,0.48
5225,東科-KY,87.57,87.57,72.88,82.96,136.33,160.91,21,13,90,90,89.9,0.12,88.52,116.5,1.13
8069,元太,87.56,93.6,84.67,95.66,120.73,146.27,21,34,82,87,213.5,0.12,219.03,264.12,0.79
2017,官田鋼,87.49,91.94,84.06,84.25,97.42,90.24,21,15,16,5,9.65,0.2,9.89,11.09,0.52
2501,國建,87.47,87.47,81.66,83.22,104.08,119.61,21,13,55,71,19.05,0.14,18.77,21.59,1.25
3673,TPK-KY,87.45,90.01,83.66,82.89,106.43,119.04,21,12,61,70,30.9,0.17,31.4,37.02,0.65
1323,永裕,87.45,90.68,82.92,79.03,90.96,87.28,21,8,6,3,19.8,0.21,19.81,22.57,0.1
3083,網龍,87.43,90.96,85.95,91.58,94.17,101.68,21,27,11,43,35.0,0.16,37.14,40.97,0.18
8050,廣積,87.4,92.93,85.64,87.16,102.88,101.7,20,20,52,43,58.2,0.23,60.49,67.9,1.87
1702,南僑,87.3,88.56,85.63,91.71,95.09,107.71,20,27,12,55,41.05,0.06,43.02,47.11,0.43
2405,輔信,87.29,89.47,81.72,86.31,117.62,116.17,20,18,78,67,15.65,0.13,16.3,18.95,0.49
3051,力特,87.28,91.64,89.29,100.76,103.1,107.13,20,70,53,54,24.35,0.19,28.01,30.23,0.96
1709,和益,87.25,92.35,88.23,87.27,104.2,114.98,20,20,55,66,17.6,0.16,17.96,20.36,0.72
6449,鈺邦,87.24,92.0,87.46,84.87,133.91,184.26,20,16,89,94,104.0,0.18,103.88,126.67,0.67
2028,威致,87.24,89.04,82.96,82.31,104.89,101.92,20,12,57,43,18.55,0.21,18.0,21.1,0.82
2250,IKKA-KY,87.22,90.66,88.73,99.45,166.8,144.38,20,42,96,86,87.5,0.11,95.43,106.26,0.37
4555,氣立,87.2,89.11,85.68,95.6,102.54,92.2,20,34,52,6,34.5,0.15,36.74,38.98,0.71
2440,太空梭,87.16,91.29,103.12,114.08,107.95,101.23,20,88,64,42,12.3,0.09,13.69,13.36,0.33
2352,佳世達,87.13,91.83,81.67,78.15,95.57,102.44,20,7,13,45,26.5,0.29,26.62,32.25,0.73
6679,鈺太,87.12,87.12,76.36,68.35,93.26,104.69,20,2,9,49,221.5,0.18,207.08,271.51,1.55
6735,美達科技,87.11,90.24,77.62,78.4,91.33,118.83,20,7,7,70,47.43,0.18,46.54,55.92,2.98
3483,力致,87.11,90.22,80.64,81.79,101.49,112.38,20,11,50,62,115.0,0.21,114.54,137.53,0.29
6589,台康生技,87.1,91.49,84.18,78.49,99.78,107.14,20,8,20,54,62.5,0.22,62.66,75.5,0.45
6767,台微醫,87.05,90.02,95.33,100.75,105.98,103.9,20,70,60,47,28.6,0.12,30.7,32.46,0.95
3556,禾瑞亞,87.04,90.76,85.08,99.03,95.41,95.66,20,41,13,8,36.1,0.22,38.38,41.42,1.24
9962,有益,87.02,91.28,86.33,91.63,101.69,98.56,20,27,50,12,12.05,0.18,12.91,14.17,0.15
9946,三發地產,87.01,90.11,77.03,81.51,94.92,105.21,20,11,12,50,20.0,0.13,20.68,23.03,0.36
2380,虹光,86.98,94.38,81.47,76.44,88.59,90.91,20,6,5,5,3.7,0.18,3.79,4.65,0.98
3060,銘異,86.92,86.92,87.51,105.53,119.95,122.93,20,79,81,75,20.6,0.05,22.93,24.44,0.47
6804,明係,86.91,92.53,79.82,75.33,81.01,77.12,19,5,2,2,23.3,0.16,23.47,26.99,0.57
3259,鑫創,86.88,95.88,95.34,96.49,108.7,98.7,19,36,66,12,21.05,0.1,22.08,23.28,1.13
8086,宏捷科,86.88,89.88,83.14,81.45,96.35,95.35,19,11,14,8,77.7,0.19,77.76,91.31,0.46
1593,祺驊,86.87,88.73,80.85,84.54,93.08,86.24,19,15,9,3,28.6,0.18,29.12,33.4,0.28
5457,宣德,86.85,89.88,86.15,88.6,100.06,115.4,19,22,46,67,40.55,0.21,42.32,48.65,0.68
1259,安心,86.84,91.88,86.84,91.47,95.68,94.38,19,26,13,7,55.6,0.1,56.23,61.43,0.29
2505,國揚,86.83,91.07,87.63,92.77,97.17,99.11,19,29,15,13,18.75,0.16,19.83,21.17,0.44
6616,特昇-KY,86.77,89.67,85.81,88.73,92.62,96.72,19,22,8,9,9.92,0.1,10.33,11.15,0.54
2484,希華,86.76,90.8,80.13,81.38,93.89,100.77,19,11,10,41,20.9,0.26,21.29,24.78,0.56
2426,鼎元,86.76,90.85,84.17,86.23,123.5,142.33,19,18,84,85,15.55,0.2,16.08,19.95,0.44
1598,岱宇,86.74,92.52,87.72,88.49,117.23,99.64,19,22,78,13,21.45,0.15,22.35,26.2,0.28
6207,雷科,86.72,90.26,82.95,73.65,110.14,173.27,19,4,68,93,43.55,0.17,41.94,53.61,1.82
3356,奇偶,86.7,94.71,84.13,105.41,97.68,127.14,19,79,16,79,49.2,0.22,51.35,57.63,0.13
6441,廣錠,86.69,86.69,87.49,97.15,92.42,104.54,19,37,8,48,27.55,0.22,31.34,35.08,0.09
6279,胡連,86.68,86.68,84.4,94.5,123.01,125.19,19,32,84,77,135.0,0.16,138.89,163.01,2.82
6111,大宇資,86.68,90.37,88.71,99.24,97.94,98.07,19,42,16,11,49.6,0.17,53.11,57.13,0.13
8289,泰藝,86.67,90.13,81.93,83.51,99.24,99.19,19,14,19,13,19.5,0.2,20.65,23.6,2.39
1795,美時,86.61,92.9,90.48,85.89,108.26,112.93,19,17,65,63,215.0,0.29,224.51,250.82,0.45
3441,聯一光,86.61,89.54,85.0,94.07,110.71,117.32,19,31,69,69,29.25,0.2,31.09,34.99,0.49
8087,麗升能源,86.58,91.1,95.21,96.91,99.95,96.85,19,36,21,9,40.25,0.16,41.96,45.21,0.44
3266,昇陽,86.56,87.61,80.79,89.16,94.03,104.76,19,22,10,49,15.75,0.1,15.55,17.29,0.45
5603,陸海,86.52,90.52,89.17,91.95,107.59,152.59,19,28,63,89,20.35,0.09,21.67,25.02,0.71
2211,長榮鋼,86.49,90.17,83.11,86.2,92.42,106.12,18,18,8,52,85.1,0.19,87.11,95.74,1.68
6958,日盛台駿,86.47,90.62,82.62,75.66,76.68,73.42,18,5,1,1,22.4,0.15,21.83,25.0,0.35
00669R,國泰美國道瓊反1,86.45,87.62,93.28,105.98,115.49,97.22,18,80,75,10,5.97,0.03,6.28,6.57,0.27
1316,上曜,86.45,88.87,87.52,107.19,116.29,104.07,18,82,77,48,14.1,0.1,14.61,15.15,0.96
3050,鈺德,86.44,88.58,79.64,75.09,90.23,106.8,18,5,6,53,13.5,0.16,13.5,16.34,2.07
2409,友達,86.4,92.82,84.87,89.24,96.72,106.84,18,22,14,53,12.2,0.2,12.9,14.52,0.89
6282,康舒,86.36,90.66,83.75,84.38,96.57,93.09,18,15,14,7,25.15,0.17,26.34,30.0,0.66
2022,聚亨,86.33,91.28,83.48,86.02,102.46,94.33,18,18,52,7,7.64,0.15,8.05,9.02,0.54
6799,來頡,86.28,86.93,91.81,104.58,108.93,85.17,18,78,66,3,94.3,0.15,102.03,104.99,0.3
4416,三圓,86.28,89.96,82.37,86.53,95.88,119.85,18,19,14,71,63.2,0.14,63.96,73.67,0.27
5608,四維航,86.24,91.35,83.81,102.7,115.98,103.29,18,75,76,46,14.95,0.15,16.29,17.47,0.41
8942,森鉅,86.24,87.44,83.0,87.58,105.69,93.42,18,20,59,7,45.2,0.07,47.06,52.64,0.48
3224,三顧,86.23,87.73,83.17,86.46,120.09,121.56,18,19,81,73,38.0,0.24,36.86,44.46,1.35
4108,懷特,86.22,91.93,86.87,91.76,94.67,90.91,18,27,11,5,13.1,0.22,14.42,15.8,0.28
1516,川飛,86.19,93.23,94.41,123.35,98.22,106.75,18,92,17,53,15.15,0.12,17.95,17.41,0.05
6597,立誠,86.16,94.36,88.75,162.8,205.53,181.9,18,97,97,94,82.0,0.16,80.19,98.56,0.47
8067,志旭,86.15,87.36,82.39,85.04,103.96,125.48,18,16,55,77,13.75,0.1,13.86,16.54,0.0
4192,杏國,86.15,90.06,81.54,80.64,92.51,98.54,18,10,8,12,28.65,0.18,28.95,33.58,0.6
3438,類比科,86.14,86.14,78.37,75.66,88.94,108.69,18,5,5,57,46.5,0.18,48.26,60.13,0.48
1475,業旺,86.09,86.09,78.12,77.28,108.23,120.95,18,6,65,72,38.9,0.09,39.69,49.28,0.31
6720,久昌,86.08,90.42,99.09,101.87,137.12,214.92,17,73,91,96,137.5,0.14,157.71,168.16,1.15
6488,環球晶,86.08,88.64,79.68,85.69,87.72,90.82,17,17,4,5,318.0,0.18,308.83,363.72,1.29
1473,台南,86.07,87.47,81.8,87.73,111.77,125.0,17,21,70,77,27.4,0.14,27.44,31.65,1.04
8066,來思達,86.03,89.31,83.91,81.74,94.19,101.2,17,11,11,42,21.7,0.18,21.78,25.73,0.47
6753,龍德造船,86.03,89.63,91.1,95.29,123.41,125.88,17,33,84,78,95.0,0.09,99.64,107.17,0.46
6116,彩晶,86.02,94.23,86.48,87.49,93.29,97.41,17,20,9,10,6.92,0.26,7.23,8.11,0.64
5348,正能量智能,85.94,89.7,86.72,90.01,122.27,86.76,17,24,83,3,19.45,0.17,20.54,22.94,1.28
2514,龍邦,85.93,90.49,83.17,89.97,112.14,121.03,17,24,71,73,16.2,0.1,17.17,19.27,0.91
4188,安克,85.87,92.21,88.1,88.1,91.04,94.82,17,21,6,8,15.5,0.19,15.38,19.05,0.2
1810,和成,85.65,89.67,90.63,106.27,113.25,104.17,17,81,72,48,14.75,0.19,16.02,16.9,0.25
6629,泰金-KY,85.56,87.45,77.21,102.65,132.65,185.97,17,75,89,94,81.4,0.08,88.04,105.67,0.13
3357,臺慶科,85.53,90.0,84.36,89.8,104.79,111.5,17,23,57,61,93.6,0.21,98.84,110.31,0.39
6469,大樹,85.53,87.65,86.35,93.66,97.97,81.28,17,30,17,2,146.0,0.05,154.34,164.68,1.15
3624,光頡,85.44,87.56,76.68,75.46,84.8,102.59,17,5,3,45,32.35,0.22,31.85,40.01,1.11
1319,東陽,85.42,88.07,108.08,130.23,133.31,130.49,17,93,89,80,95.0,0.28,112.73,110.39,0.53
2915,潤泰全,85.42,90.16,86.9,80.86,101.85,126.14,17,10,50,78,54.2,0.15,52.94,65.91,0.71
3704,合勤控,85.37,85.37,75.14,79.97,107.82,107.95,17,9,64,55,28.0,0.13,28.25,35.1,1.23
8077,洛碁,85.32,92.88,91.38,92.93,96.04,105.42,17,29,14,50,42.0,0.13,43.32,45.74,0.0
2483,百容,85.31,90.58,81.32,83.82,96.67,99.66,17,14,14,13,17.2,0.21,18.06,20.59,0.59
00673R,期元大S&P原油反1,85.28,89.45,94.26,118.21,115.13,105.07,17,90,75,50,6.52,0.2,7.05,7.31,0.52
1337,再生-KY,85.28,91.96,83.45,99.16,95.25,101.25,17,41,12,42,5.37,0.22,5.84,6.42,0.15
00733,富邦臺灣中小,85.28,90.57,80.18,77.54,98.62,111.53,17,7,18,61,39.16,0.24,39.14,47.28,0.77
4542,科嶠,85.26,85.26,84.52,79.8,132.36,184.08,16,9,89,94,60.7,0.17,60.29,81.28,0.72
2486,一詮,85.25,87.63,80.7,83.65,136.94,191.68,16,14,91,95,78.1,0.17,78.43,98.22,1.05
2528,皇普,85.23,88.43,81.04,93.17,119.58,109.12,16,29,80,57,31.65,0.07,34.58,37.72,1.21
6538,倉和,85.2,88.39,85.07,85.93,99.67,88.52,16,17,20,4,89.1,0.12,93.97,101.62,1.03
5306,桂盟,85.2,87.04,79.27,82.52,97.16,104.2,16,12,15,48,94.4,0.17,95.7,115.6,0.61
6643,M31,85.12,85.12,73.31,69.44,96.98,89.93,16,2,15,4,536.0,0.1,518.99,666.27,1.98
6161,捷波,85.11,86.54,75.9,87.32,95.5,103.28,16,20,13,46,42.95,0.14,42.98,48.77,0.52
4995,晶達,85.07,92.62,83.33,95.14,121.92,141.95,16,33,82,85,50.5,0.12,52.53,62.21,0.37
8150,南茂,85.06,95.69,87.72,87.72,93.46,90.42,16,21,10,5,26.55,0.23,27.8,30.92,0.96
3508,位速,85.03,93.11,84.06,80.07,110.29,108.26,16,9,68,56,20.5,0.22,19.59,24.46,1.25
2702,華園,84.99,91.42,81.93,80.49,92.45,93.48,16,10,8,7,13.0,0.2,13.37,15.55,0.43
9935,慶豐富,84.97,87.05,83.02,91.18,127.91,153.94,16,26,87,89,20.95,0.06,22.15,27.03,0.5
8929,富堡,84.96,88.55,80.6,91.06,117.59,169.74,16,26,78,92,17.9,0.1,18.7,22.88,0.28
3041,揚智,84.93,94.21,85.57,81.78,113.38,106.7,16,11,72,53,25.2,0.23,25.8,30.59,0.45
1611,中電,84.93,90.86,83.48,93.73,101.13,107.64,16,30,49,55,12.55,0.16,13.37,14.69,0.44
6126,信音,84.92,89.12,78.45,79.14,91.31,107.98,16,8,7,55,21.75,0.14,22.99,27.22,0.47
8163,達方,84.89,89.59,78.62,79.03,91.18,98.75,16,8,7,12,35.05,0.16,35.07,40.53,0.68
3652,精聯,84.85,88.93,80.72,82.59,113.89,137.04,16,12,73,83,29.35,0.18,28.13,34.51,10.16
6456,GIS-KY,84.74,86.85,81.1,86.73,99.39,97.8,16,19,19,11,40.9,0.14,44.61,50.22,0.54
1524,耿鼎,84.74,87.83,86.34,106.26,125.3,129.26,16,81,85,80,27.7,0.11,30.39,33.84,0.39
9941,裕融,84.7,91.11,87.44,90.2,92.77,93.55,16,24,8,7,100.0,0.13,106.86,117.08,0.5
3288,點晶,84.63,88.12,92.71,97.67,104.28,106.04,15,38,55,52,19.0,0.06,20.07,22.11,0.25
3191,雲嘉南,84.59,86.37,81.49,81.94,92.54,97.03,15,12,8,10,13.6,0.05,13.99,16.48,0.0
2103,台橡,84.56,89.1,87.0,88.28,94.89,111.47,15,21,12,61,16.75,0.04,17.76,20.04,1.11
6491,晶碩,84.53,85.75,82.97,87.67,99.57,101.51,15,20,20,43,304.5,0.11,317.78,351.26,1.07
5364,力麗店,84.53,87.72,84.46,98.52,117.61,213.18,15,40,78,96,19.85,0.07,21.24,28.36,0.63
6182,合晶,84.53,91.76,83.57,80.6,78.12,85.4,15,10,2,3,20.85,0.19,21.28,25.34,0.38
3284,太普高,84.53,87.54,79.24,92.7,125.16,164.59,15,29,85,91,26.2,0.08,27.89,32.48,0.93
00671R,富邦NASDAQ反1,84.47,85.57,89.16,109.2,120.15,90.9,15,84,81,5,3.16,0.0,3.35,3.55,0.49
6411,晶焱,84.43,89.33,81.86,84.53,92.68,103.85,15,15,8,47,68.8,0.22,71.48,83.63,0.84
5258,虹堡,84.4,84.4,68.34,70.53,93.96,107.52,15,3,10,55,67.7,0.13,63.91,85.55,3.07
8277,商丞,84.37,95.64,78.51,83.01,99.28,123.49,15,13,19,75,10.45,0.23,9.78,12.23,1.52
8171,天宇,84.32,87.82,89.07,109.92,122.73,129.91,15,85,83,80,29.9,0.03,33.44,35.68,0.57
6164,華興,84.27,90.45,81.73,82.95,86.32,118.99,15,13,4,70,10.4,0.19,10.98,12.7,0.37
2062,橋椿,84.22,87.99,80.72,88.66,108.63,150.92,15,22,66,88,24.4,0.13,25.2,30.92,0.46
6570,維田,84.18,86.71,79.56,80.94,130.91,106.94,15,10,88,53,37.5,0.08,39.87,47.49,0.64
5351,鈺創,84.11,89.54,83.62,77.37,87.84,93.1,15,7,4,7,26.0,0.17,27.4,32.14,0.32
2444,兆勁,84.09,87.19,83.88,89.67,141.81,149.46,15,23,92,87,11.35,0.08,11.76,14.68,0.78
6235,華孚,84.05,92.27,88.47,80.49,88.2,84.45,15,10,5,3,49.15,0.22,51.71,59.76,0.47
4432,銘旺實,84.05,85.44,90.23,93.48,106.12,110.36,15,30,60,59,18.05,0.05,19.35,21.85,0.42
2530,華建,83.96,85.13,82.49,84.91,103.13,111.31,15,16,53,61,31.25,0.02,32.72,37.06,0.47
3354,律勝,83.85,86.18,79.52,88.3,99.96,173.9,15,21,21,93,16.4,0.12,16.37,20.98,0.35
6134,萬旭,83.82,86.75,77.5,85.95,134.0,210.83,15,18,89,96,19.15,0.09,20.25,27.35,0.72
7704,明遠精密,83.81,86.96,76.19,74.98,83.61,106.36,14,5,3,52,57.8,0.15,59.27,76.36,0.68
6953,家碩,83.81,85.25,77.41,72.71,88.91,104.22,14,3,5,48,168.5,0.14,164.41,205.4,1.18
2545,皇翔,83.79,83.79,84.03,96.31,134.88,157.45,14,35,90,89,42.2,0.05,46.39,55.43,0.51
2495,普安,83.79,86.27,79.05,91.2,120.88,176.54,14,26,82,93,22.7,0.13,23.36,29.32,0.6
1435,中福,83.76,88.39,91.46,89.28,104.25,100.62,14,23,55,41,31.0,0.08,34.15,37.74,1.07
2464,盟立,83.76,88.15,86.84,94.45,148.99,166.55,14,31,93,91,54.4,0.16,59.57,70.72,0.72
6264,富裔,83.75,83.75,75.95,85.84,104.28,113.72,14,17,55,64,8.03,0.05,7.99,9.11,0.33
6176,瑞儀,83.68,89.72,86.1,89.28,116.14,143.61,14,23,76,86,138.5,0.14,138.72,167.18,0.36
6216,居易,83.63,86.98,81.51,86.21,102.09,149.92,14,18,51,88,32.0,0.14,32.48,38.53,0.93
2613,中櫃,83.63,94.37,91.05,113.71,120.93,145.06,14,88,82,86,26.7,0.26,28.93,30.9,0.06
1471,首利,83.63,86.77,84.16,84.52,95.53,105.06,14,15,13,50,10.1,0.13,10.69,12.31,0.75
6217,中探針,83.61,90.05,79.93,74.84,85.09,110.68,14,4,3,60,27.8,0.19,27.93,35.28,0.59
00674R,期元大S&P黃金反1,83.56,83.56,81.96,85.15,92.09,92.64,14,16,7,6,7.55,0.06,7.61,8.72,0.45
4138,曜亞,83.54,88.11,88.6,94.75,105.03,112.73,14,32,58,63,73.1,0.0,79.02,84.93,0.6
2491,吉祥全,83.44,89.08,78.04,87.61,105.2,104.29,14,20,58,48,10.2,0.11,10.54,12.33,0.83
1452,宏益,83.42,86.54,76.1,80.7,93.29,101.72,14,10,9,43,11.5,0.11,11.66,13.94,1.24
4930,燦星網,83.38,85.15,80.31,84.86,100.3,113.56,14,15,47,64,23.5,0.1,23.52,27.86,0.84
4741,泓瀚,83.38,83.38,71.71,73.14,101.11,124.84,14,4,49,77,26.0,0.07,26.36,34.75,0.51
6841,長佳智能,83.37,87.91,84.4,89.93,111.37,95.16,14,24,70,8,63.0,0.11,68.83,75.77,0.5
6496,科懋,83.34,89.05,86.98,90.38,117.01,112.65,14,24,77,63,23.65,0.05,25.07,28.8,1.71
1477,聚陽,83.34,87.47,77.82,82.38,114.13,105.41,14,12,73,50,250.0,0.11,256.34,308.04,0.39
1467,南緯,83.31,92.38,81.12,85.67,98.39,103.85,13,17,17,47,8.05,0.19,8.43,9.83,0.22
2527,宏璟,83.23,88.04,82.55,80.41,105.96,121.84,13,10,60,74,27.5,0.1,28.94,33.22,0.86
1313,聯成,83.19,86.74,79.34,82.13,86.94,89.83,13,12,4,4,7.93,0.12,8.15,9.42,0.92
1532,勤美,83.19,86.35,79.44,77.25,86.67,97.41,13,6,4,10,26.3,0.13,26.46,31.08,0.39
2489,瑞軒,83.16,88.6,80.77,85.18,108.82,142.43,13,16,66,85,13.65,0.13,14.23,17.56,0.43
8488,吉源-KY,83.14,85.51,80.55,80.55,90.51,99.05,13,10,6,13,11.3,0.06,11.62,13.62,0.0
00638R,元大滬深300反1,83.12,83.12,88.92,96.39,101.5,98.72,13,35,50,12,7.41,0.0,7.8,8.42,1.7
4563,百德,83.05,87.72,91.95,107.24,155.18,220.1,13,82,94,96,60.9,0.06,68.49,87.2,1.0
6288,聯嘉,83.03,85.92,79.06,76.26,94.8,116.36,13,6,11,68,18.95,0.16,19.99,24.5,0.57
3669,圓展,83.0,90.32,82.87,82.04,98.36,98.83,13,12,17,12,31.8,0.15,32.45,37.84,0.62
3221,台嘉碩,82.97,86.11,75.54,80.46,93.76,101.13,13,10,10,42,17.95,0.17,18.22,21.86,1.14
7709,榮田,82.96,87.83,81.27,78.55,112.36,112.13,13,8,71,62,40.0,0.12,40.19,49.27,0.1
2601,益航,82.89,88.44,84.13,92.02,103.54,105.59,13,28,53,51,5.8,0.07,6.19,7.13,0.71
2066,世德,82.88,85.31,80.18,82.43,110.45,112.67,13,12,68,63,74.3,0.08,78.85,92.13,0.35
6416,瑞祺電通,82.87,87.87,79.51,79.83,118.15,144.15,13,9,79,86,88.1,0.15,91.47,115.03,0.65
3710,連展投控,82.86,85.56,76.44,85.11,110.65,150.29,13,16,69,88,8.19,0.09,8.42,10.73,0.62
6461,益得,82.85,82.85,83.04,75.18,96.28,109.7,13,5,14,58,19.15,0.16,18.39,23.91,1.45
3311,閎暉,82.76,86.2,92.57,107.79,104.77,102.68,13,83,57,45,30.7,0.07,34.46,35.81,0.68
4502,健信,82.74,82.93,79.32,75.43,81.39,84.3,13,5,2,3,17.4,0.06,17.16,20.37,0.32
1805,寶徠,82.73,83.88,77.43,89.49,90.58,117.77,13,23,6,69,13.95,0.13,13.87,16.29,3.83
2611,志信,82.7,89.97,86.06,91.26,108.94,128.09,13,26,66,79,16.85,0.15,18.57,19.96,0.3
1453,大將,82.67,86.09,78.51,90.02,104.78,102.51,12,24,57,45,13.1,0.06,14.46,15.63,0.35
5864,致和證,82.65,83.01,82.29,81.82,94.85,108.27,12,11,12,56,11.65,0.11,12.6,14.42,0.96
2063,世鎧,82.52,85.07,84.66,85.28,97.58,79.12,12,16,16,2,29.65,0.04,30.62,33.23,0.9
6492,生華科,82.47,86.2,85.72,80.36,102.07,113.72,12,10,51,64,33.15,0.13,33.7,41.53,0.38
3006,晶豪科,82.42,86.66,83.65,79.91,91.22,85.01,12,9,7,3,50.1,0.12,52.82,60.18,0.52
8437,大地-KY,82.38,86.16,78.56,84.07,104.82,91.47,12,14,57,5,20.05,0.0,21.52,25.9,1.37
4438,廣越,82.28,87.09,79.42,86.35,106.69,98.4,12,19,62,12,79.2,0.11,81.27,94.72,0.47
2430,燦坤,82.27,86.11,80.96,87.72,97.59,93.0,12,21,16,7,24.4,0.07,25.13,28.52,0.77
5452,佶優,82.14,90.03,90.72,110.63,118.2,150.02,12,86,79,88,23.85,0.14,27.63,30.87,0.32
2243,宏旭-KY,82.08,82.08,72.33,75.76,96.81,150.51,12,5,15,88,11.65,0.08,12.08,16.82,0.94
6225,天瀚,82.01,85.76,85.56,85.42,104.37,121.84,12,17,56,74,11.75,0.13,11.72,13.83,0.64
1808,潤隆,81.86,88.9,82.66,76.26,85.3,105.84,12,6,3,51,31.75,0.1,31.34,37.91,0.54
911868,同方友友-DR,81.84,90.14,86.92,89.96,111.37,118.84,12,24,70,70,1.2,0.01,1.25,1.41,0.4
4934,太極,81.83,83.12,81.63,84.68,81.02,69.54,12,15,2,1,10.4,0.11,11.24,13.18,0.39
8924,大田,81.83,86.56,81.5,86.4,90.19,98.35,12,19,6,11,54.8,0.12,60.13,68.04,1.15
7715,裕山,81.81,88.28,82.29,81.93,97.41,102.26,12,11,16,44,39.55,0.12,40.43,46.58,0.7
6693,廣閎科,81.8,83.85,77.1,79.44,114.16,129.19,12,8,73,80,58.0,0.09,57.68,74.16,0.76
6806,森崴能源,81.77,84.9,77.85,79.02,97.77,106.91,12,8,16,53,85.1,0.18,86.54,105.53,1.9
6220,岳豐,81.75,86.14,78.22,92.4,106.17,124.31,12,28,60,76,18.65,0.06,19.87,24.06,0.79
2106,建大,81.73,85.04,82.21,85.62,95.71,100.17,12,17,13,40,21.4,0.03,22.59,25.54,0.8
3025,星通,81.71,84.97,82.42,81.56,107.66,143.19,12,11,63,86,48.5,0.11,50.71,64.44,0.96
2540,愛山林,81.63,87.63,83.58,95.68,113.39,142.82,11,34,73,85,78.7,0.1,77.94,88.27,0.79
2616,山隆,81.58,85.27,83.41,81.01,83.52,84.0,11,11,3,3,14.6,0.04,15.08,17.23,1.11
2460,建通,81.56,85.02,74.94,73.48,91.33,100.33,11,4,7,41,17.45,0.15,17.9,22.41,0.55
4906,正文,81.47,88.9,78.35,82.23,96.66,108.02,11,12,14,56,23.75,0.12,24.85,30.09,0.6
5288,豐祥-KY,81.47,88.0,79.0,78.15,105.07,123.99,11,7,58,76,140.0,0.12,142.46,178.74,0.69
3105,穩懋,81.44,83.84,77.36,77.65,93.68,91.6,11,7,10,6,84.0,0.1,85.42,104.33,0.42
4952,凌通,81.44,88.82,81.07,83.44,105.78,109.44,11,13,59,58,38.55,0.19,40.0,46.56,0.79
4102,永日,81.43,84.81,77.42,75.76,89.72,100.47,11,5,6,41,22.35,0.15,22.74,27.89,0.26
2905,三商,81.36,89.22,82.89,92.17,105.65,122.57,11,28,59,75,12.15,0.13,12.77,15.11,1.74
1587,吉茂,81.34,89.89,80.28,76.3,99.25,143.81,11,6,19,86,28.2,0.15,29.68,34.63,0.42
2732,六角,81.31,88.75,88.32,93.52,93.54,98.23,11,30,10,11,77.3,0.1,86.27,93.92,0.7
6283,淳安,81.31,81.31,78.25,86.53,118.29,116.35,11,19,79,68,20.6,0.05,22.27,26.51,0.47
6210,慶生,81.3,87.47,80.52,84.49,95.07,100.04,11,15,12,40,16.8,0.15,17.81,20.87,0.55
1721,三晃,81.29,84.4,77.56,86.97,99.43,155.26,11,19,19,89,11.4,0.09,11.95,15.81,1.11
3707,漢磊,81.28,81.28,74.8,73.62,91.2,92.32,11,4,7,6,35.45,0.13,35.47,45.05,0.71
3419,譁裕,81.22,81.9,79.16,86.75,108.77,110.88,11,19,66,60,13.25,0.12,13.57,16.21,1.09
5355,佳總,81.22,83.37,79.18,84.91,96.92,111.54,11,16,15,61,7.76,0.07,8.42,9.85,0.98
1605,華新,81.21,85.19,80.08,79.45,93.44,91.36,11,8,9,5,19.7,0.13,21.13,24.8,0.69
8107,大億金茂,81.2,84.05,83.19,102.66,109.36,185.13,11,75,67,94,16.15,0.04,17.19,20.86,0.4
1522,堤維西,81.18,88.12,81.14,83.19,129.01,131.89,11,13,88,81,45.6,0.18,46.81,56.91,0.74
5014,建錩,81.12,83.89,78.78,93.56,109.91,142.33,11,30,68,85,11.3,0.04,12.17,14.52,0.68
2406,國碩,81.1,83.34,75.48,81.17,84.08,98.97,11,11,3,13,11.7,0.12,11.83,14.67,1.52
1312,國喬,81.08,88.03,82.52,103.06,92.23,90.13,10,75,8,4,9.15,0.11,10.38,11.19,0.46
4561,健椿,81.03,81.03,77.94,107.13,167.51,211.22,10,82,96,96,44.0,0.09,48.31,61.65,0.7
6415,矽力*-KY,81.0,88.51,90.05,111.77,111.45,143.98,10,87,70,86,340.0,0.08,374.13,417.4,0.44
2941,米斯特,80.99,84.17,81.01,86.13,93.37,86.58,10,18,9,3,52.8,0.11,51.53,61.52,0.0
3024,憶聲,80.94,82.79,74.69,85.18,95.56,114.53,10,16,13,65,13.35,0.08,14.47,17.16,0.9
2509,全坤建,80.91,85.0,77.68,80.92,89.34,102.68,10,10,5,45,13.15,0.09,14.29,16.26,0.7
1526,日馳,80.91,81.89,74.47,84.47,95.37,91.81,10,15,12,6,18.7,0.08,20.67,23.69,0.67
1456,怡華,80.89,89.4,79.44,86.77,94.04,100.31,10,19,10,41,12.4,0.1,13.28,15.51,0.34
4976,佳凌,80.82,84.2,77.62,75.6,99.13,102.02,10,5,19,44,26.8,0.1,27.96,34.33,0.55
4426,利勤,80.79,84.77,79.16,97.99,110.69,83.43,10,39,69,2,10.1,0.02,11.12,12.31,0.94
3499,環天科,80.76,82.75,74.38,78.22,94.91,119.65,10,7,12,71,13.95,0.1,14.54,18.5,0.37
3003,健和興,80.71,82.13,74.28,83.77,98.57,112.74,10,14,18,63,50.7,0.13,53.08,66.07,1.59
1449,佳和,80.69,80.69,69.98,77.43,110.53,172.94,10,7,68,92,13.2,0.09,13.02,17.96,3.62
2239,英利-KY,80.68,87.61,77.58,77.8,86.26,88.91,10,7,4,4,30.15,0.13,30.04,35.91,1.21
5508,永信建,80.65,86.32,80.88,87.63,99.31,187.03,10,20,19,94,125.0,0.07,129.37,154.82,1.39
5471,松翰,80.61,85.82,81.43,86.82,93.69,102.42,10,19,10,45,32.25,0.11,34.56,39.65,0.82
3322,建舜電,80.61,82.77,77.3,71.85,93.26,92.88,10,3,9,7,12.4,0.12,12.77,16.19,0.34
4401,東隆興,80.6,83.01,77.85,79.66,93.22,107.56,10,9,9,55,15.85,0.09,16.78,20.17,0.61
2642,宅配通,80.47,86.81,80.71,79.33,94.06,120.86,10,8,10,72,25.6,0.07,26.62,31.94,0.44
6451,訊芯-KY,80.44,81.63,76.44,72.97,130.59,144.9,10,3,88,86,143.0,0.16,137.93,192.32,0.62
5543,桓鼎-KY,80.41,80.41,81.11,75.89,77.45,68.56,10,5,2,1,20.2,0.1,19.1,21.93,0.65
6222,上揚,80.4,80.4,81.07,87.77,97.5,102.32,9,21,16,44,20.85,0.04,22.59,26.55,0.54
3557,嘉威,80.39,86.52,78.73,76.74,103.75,120.96,9,6,54,72,45.35,0.16,45.77,57.66,1.09
6277,宏正,80.31,84.89,82.22,91.74,101.25,102.94,9,27,49,46,59.1,0.03,64.04,72.33,0.59
6226,光鼎,80.27,85.66,78.98,81.39,89.11,100.41,9,11,5,41,6.53,0.12,7.14,8.46,0.62
1447,力鵬,80.25,82.1,78.09,82.09,89.67,97.51,9,12,6,10,5.95,0.04,6.15,7.11,0.9
5283,禾聯碩,80.22,84.55,80.47,84.8,99.56,104.29,9,15,20,48,77.5,0.0,83.47,96.59,1.69
3306,鼎天,80.2,85.86,81.96,84.55,97.74,115.44,9,15,16,67,39.3,0.18,41.13,49.2,0.39
4545,銘鈺,80.18,82.2,77.31,99.84,118.22,202.94,9,43,79,95,31.15,0.11,34.04,42.5,0.24
4707,磐亞,80.12,83.89,77.45,78.76,107.83,116.21,9,8,64,67,9.75,0.1,10.27,12.68,0.54
6212,理銘,80.06,85.6,78.31,80.34,100.49,110.72,9,10,47,60,47.65,0.06,48.44,57.1,0.58
3095,及成,80.02,83.15,82.4,89.36,129.44,136.71,9,23,88,83,30.0,0.03,34.14,41.21,0.71
4967,十銓,80.0,87.97,80.8,85.96,99.56,103.67,9,18,20,47,71.9,0.12,73.72,83.21,0.34
3152,璟德,79.99,81.0,74.47,71.65,95.2,94.52,9,3,12,8,116.0,0.11,116.65,150.41,0.54
2704,國賓,79.93,82.52,80.44,84.8,100.62,108.31,9,15,48,56,43.05,0.11,46.19,52.89,0.83
4155,訊映,79.92,86.04,78.13,80.73,93.16,100.2,9,10,9,40,15.95,0.16,16.9,20.03,0.69
2867,三商壽,79.85,80.15,74.82,90.18,116.64,126.02,9,24,77,78,5.02,0.03,5.13,6.3,0.86
1789,神隆,79.44,80.51,75.18,79.31,94.6,93.19,9,8,11,7,16.8,0.06,17.34,20.98,0.34
2482,連宇,79.37,84.44,78.95,73.77,86.06,94.03,9,4,4,7,18.2,0.11,18.38,23.4,0.55
1438,三地開發,79.34,84.68,78.68,79.46,106.5,158.11,9,8,61,90,38.8,0.09,40.91,51.2,0.09
6221,晉泰,79.17,79.17,85.4,101.21,135.22,115.05,9,71,90,66,49.4,0.06,56.3,63.86,1.51
6198,瑞築,79.12,81.92,72.42,75.78,102.25,105.5,9,5,51,51,31.85,0.05,33.39,38.78,0.9
6231,系微,79.04,81.71,72.9,73.93,137.87,250.66,8,4,91,98,239.5,0.08,239.14,370.06,0.41
2438,翔耀,78.88,85.65,89.9,122.19,125.99,158.71,8,92,86,90,27.6,0.08,30.99,35.13,0.55
4142,國光生,78.88,79.08,75.3,80.4,96.2,89.79,8,10,14,4,16.85,0.06,17.65,21.38,0.74
3494,誠研,78.84,82.31,94.02,100.13,136.18,133.27,8,69,90,82,12.45,0.0,14.51,16.79,1.55
4950,牧東,78.81,83.88,110.13,197.93,174.44,225.38,8,98,96,97,9.38,0.22,10.94,13.26,0.53
3511,矽瑪,78.79,78.79,74.83,83.16,124.48,183.31,8,13,85,94,20.0,0.0,21.9,30.26,0.68
3522,御嵿,78.71,83.45,75.6,85.78,124.87,147.2,8,17,85,87,13.85,0.05,15.42,20.49,0.61
2351,順德,78.63,80.64,74.26,72.46,94.79,123.75,8,3,11,76,71.5,0.09,71.48,94.02,0.53
6569,醫揚,78.48,78.48,77.76,79.96,122.64,104.59,8,9,83,49,114.0,0.08,120.22,147.42,1.16
6715,嘉基,78.47,81.72,82.63,83.16,97.94,119.47,8,13,16,71,112.5,0.12,120.69,146.84,0.69
6641,基士德-KY,78.44,82.54,68.86,68.94,77.12,100.44,8,2,1,41,21.95,0.1,22.04,29.11,0.15
4566,時碩工業,78.42,84.93,80.62,89.32,120.12,147.27,8,23,81,87,55.3,0.09,59.08,72.53,0.32
6929,佑全,78.35,85.67,78.34,73.19,81.98,63.41,8,4,2,1,32.5,0.04,34.07,38.89,0.22
4119,旭富,78.33,83.9,80.7,83.1,98.64,109.74,8,13,18,58,62.2,0.03,66.33,80.05,0.79
6863,永道-KY,78.31,78.31,74.38,84.49,150.43,173.66,8,15,93,93,158.5,0.08,165.33,223.01,0.84
3016,嘉晶,78.29,80.62,73.7,71.7,81.04,100.05,8,3,2,40,32.6,0.14,32.25,42.85,0.55
4909,新復興,78.25,78.25,70.4,74.65,136.43,311.84,8,4,90,98,73.0,0.07,69.38,103.38,0.72
3685,元創精密,78.24,79.83,75.03,78.62,89.9,92.3,8,8,6,6,11.25,0.08,11.91,14.61,0.28
3532,台勝科,78.16,85.29,75.76,72.51,71.92,82.8,8,3,1,2,74.4,0.12,74.88,94.51,0.5
1101,台泥,78.12,82.29,81.53,97.19,107.71,105.41,8,37,64,50,23.65,0.0,26.78,30.01,0.72
4528,江興鍛,78.04,82.23,70.58,78.11,81.62,99.08,8,7,2,13,17.05,0.09,18.35,22.99,4.12
2025,千興,77.84,86.62,83.48,92.22,116.59,121.6,7,28,77,73,12.15,0.04,14.74,16.36,0.38
5432,新門,77.83,77.83,72.44,86.98,87.98,200.16,7,19,5,95,116.0,0.06,122.9,159.52,1.54
4128,中天,77.74,81.32,78.71,70.7,88.67,98.73,7,3,5,12,23.15,0.13,23.82,31.23,0.41
3680,家登,77.68,82.81,84.55,85.64,112.68,141.51,7,17,71,85,339.0,0.09,365.76,452.65,2.65
1305,華夏,77.64,81.03,74.86,80.36,88.48,88.51,7,10,5,4,9.78,0.04,10.58,12.85,0.48
1308,亞聚,77.64,82.87,79.94,84.62,90.01,104.92,7,15,6,49,11.1,0.03,12.04,14.42,0.65
5371,中光電,77.49,77.83,71.42,80.44,120.69,122.78,7,10,81,75,55.1,0.08,56.4,69.87,1.22
2014,中鴻,77.48,80.09,75.25,87.04,121.69,102.76,7,19,82,45,13.85,0.0,15.26,18.76,0.65
6409,旭隼,77.48,83.57,82.21,91.36,109.06,147.48,7,26,66,87,1245.0,0.11,1351.99,1657.78,0.5
6703,軒郁,77.42,77.42,75.95,75.33,83.63,75.14,7,5,3,2,126.0,0.12,121.16,145.07,3.41
4907,富宇,77.41,79.93,67.62,70.22,118.17,130.9,7,2,79,81,42.5,0.03,45.52,59.73,0.63
8476,台境,77.38,79.54,74.85,73.51,81.16,130.16,7,4,2,80,19.45,0.01,21.04,27.82,0.41
3268,海德威,77.27,83.57,83.97,96.41,92.12,112.14,7,35,7,62,17.55,0.08,20.16,22.68,0.65
6645,金萬林-創,77.27,82.86,76.67,80.48,77.84,81.25,7,10,2,2,18.25,0.07,20.06,23.53,0.79
2724,藝舍-KY,77.25,90.58,75.46,87.74,150.31,186.72,7,21,93,94,23.85,0.12,24.97,31.65,0.99
2726,雅茗-KY,77.14,82.98,72.17,87.36,91.34,108.54,7,20,7,56,18.25,0.16,18.76,23.74,0.21
8201,無敵,77.04,79.26,70.88,75.44,87.26,108.98,7,5,4,57,10.8,0.09,11.24,14.53,0.48
8112,至上,77.0,84.71,79.12,79.11,97.62,103.0,7,8,16,46,42.2,0.08,46.73,54.81,0.7
5230,雷笛克光學,76.85,83.54,78.08,85.16,95.0,134.46,7,16,12,82,19.4,0.11,21.07,26.09,0.13
3530,晶相光,76.76,80.58,75.15,74.45,94.68,115.12,7,4,11,66,57.3,0.12,60.36,78.36,0.53
6615,慧智,76.7,82.83,76.41,78.69,92.63,102.33,7,8,8,44,31.95,0.05,32.83,39.32,0.11
4543,萬在,76.66,79.26,69.04,77.43,89.76,111.23,7,7,6,61,27.6,0.11,28.64,38.05,0.69
3035,智原,76.61,83.92,79.06,79.84,93.77,82.5,6,9,10,2,179.5,0.1,178.74,217.0,0.64
5209,新鼎,76.61,78.75,70.72,82.44,97.75,105.15,6,12,16,50,116.5,0.23,112.19,144.49,1.08
6823,濾能,76.53,80.31,71.17,70.89,104.69,117.27,6,3,56,69,41.05,0.08,42.95,57.51,1.51
2342,茂矽,76.5,79.93,74.16,85.91,103.36,112.09,6,17,53,62,21.1,0.05,22.87,28.94,0.31
3593,力銘,76.4,85.24,94.61,102.77,90.7,108.62,6,75,6,56,7.22,0.11,8.01,9.18,0.3
1303,南亞,76.37,82.99,81.38,82.42,81.28,81.81,6,12,2,2,26.65,0.0,29.41,34.13,1.09
8183,精星,76.29,79.05,74.29,76.81,105.14,109.41,6,6,58,58,26.7,0.05,28.11,36.24,1.14
1517,利奇,76.26,80.56,72.72,79.85,97.2,98.93,6,9,15,13,10.1,0.03,10.93,13.23,0.4
4440,宜新實業,76.21,79.0,73.86,85.37,106.32,109.34,6,16,61,58,16.3,0.01,17.54,21.51,0.24
3632,研勤,76.16,86.02,85.34,90.99,104.3,106.0,6,25,56,52,10.15,0.01,11.45,12.88,3.55
1444,力麗,76.03,78.36,76.87,85.07,92.9,98.37,6,16,8,12,6.48,0.05,6.93,8.25,0.6
3067,全域,75.87,77.98,80.44,81.94,98.5,95.41,6,12,18,8,22.2,0.15,21.39,27.15,0.0
6716,應廣,75.72,80.05,72.03,64.23,82.11,98.66,6,2,3,12,51.8,0.09,53.26,71.29,0.39
2524,京城,75.7,78.03,71.08,94.88,116.01,212.58,6,32,76,96,45.2,0.02,48.41,65.32,0.42
8933,愛地雅,75.63,80.52,74.61,77.84,96.77,92.33,6,7,15,6,5.97,0.02,6.52,7.92,0.28
4402,郡都開發,75.58,78.05,68.42,86.06,116.42,195.58,6,18,77,95,19.2,0.02,19.82,24.66,0.74
8433,弘帆,75.56,76.87,74.68,95.67,105.47,106.68,6,34,59,53,58.4,0.08,63.13,75.91,0.35
6872,浩宇生醫,75.47,78.56,82.87,87.43,136.93,108.92,6,20,90,57,20.4,0.0,23.36,27.86,0.48
6875,國邑*,75.31,80.61,76.32,85.32,95.61,100.92,6,16,13,42,40.1,0.04,45.24,53.9,0.35
5227,立凱-KY,75.3,75.89,76.94,76.16,100.94,110.75,6,6,49,60,26.45,0.09,27.6,34.42,2.43
00651R,復華香港反1,75.22,77.68,82.42,84.79,96.89,96.93,6,15,15,9,5.65,0.0,5.91,6.88,1.28
1710,東聯,75.2,78.09,74.84,87.64,101.06,103.3,5,20,49,46,11.2,0.01,12.76,15.03,0.6
3346,麗清,75.13,81.68,73.33,78.45,91.08,98.76,5,7,7,12,23.45,0.06,26.06,32.66,1.14
8431,匯鑽科,75.12,78.71,69.09,95.56,117.43,109.85,5,34,78,59,40.65,0.01,44.63,56.66,0.55
1310,台苯,75.02,80.54,73.11,81.18,88.62,89.88,5,11,5,4,7.58,0.02,8.31,10.13,0.82
3049,精金,74.82,78.59,71.87,79.96,98.04,138.35,5,9,17,84,6.02,0.03,6.49,8.72,0.66
6756,威鋒電子,74.74,78.55,75.58,74.54,82.11,82.53,5,4,3,2,92.7,0.11,100.46,124.87,0.79
2007,燁興,74.53,78.33,73.28,83.73,107.98,106.38,5,14,64,52,7.01,0.01,7.82,9.46,1.13
4806,桂田文創,74.49,83.14,85.74,91.72,91.72,135.06,5,27,7,83,8.21,0.0,9.05,10.86,0.72
00666R,富邦恒生國企反1,74.45,75.58,80.62,82.05,94.11,94.46,5,12,11,8,9.05,0.0,9.44,11.18,1.15
6585,鼎基,74.32,76.25,76.71,81.69,126.99,101.16,5,11,87,42,100.0,0.02,113.26,133.78,0.7
6152,百一,74.3,81.47,72.64,79.25,103.98,139.88,5,8,55,84,8.49,0.07,8.98,12.17,0.91
8068,全達,74.23,74.69,70.11,78.5,94.22,95.8,5,8,11,9,18.95,0.04,20.12,25.41,1.01
6294,智基,74.22,76.42,70.54,76.0,85.3,91.96,5,6,3,6,51.4,0.02,54.27,67.7,2.05
6706,惠特,74.22,74.22,70.76,82.23,123.37,268.53,5,12,84,98,67.1,0.06,67.48,112.6,3.33
1340,勝悅-KY,74.02,79.44,73.42,78.06,91.51,99.65,5,7,7,13,6.31,0.01,6.93,8.64,0.51
4927,泰鼎-KY,73.89,73.89,62.91,63.45,106.21,135.24,5,1,60,83,22.95,0.08,22.51,35.03,0.92
2108,南帝,73.87,78.13,76.09,82.29,97.84,104.45,5,12,16,48,23.15,0.01,25.22,30.62,0.22
5516,雙喜,73.79,79.54,79.8,89.89,101.1,101.0,5,24,49,42,13.5,0.0,15.12,17.32,0.0
6609,瀧澤科,73.77,73.77,74.91,94.45,179.72,327.99,5,31,97,98,41.15,0.01,46.85,71.25,0.52
2911,麗嬰房,73.77,78.94,78.2,60.73,87.88,97.06,5,1,5,10,4.95,0.07,5.11,7.26,0.41
5907,大洋-KY,73.76,79.04,71.78,87.47,105.86,137.92,5,20,60,84,6.5,0.03,6.98,9.69,0.17
6425,易發,73.73,73.73,72.1,75.57,126.09,241.56,4,5,86,97,41.5,0.06,45.17,62.91,5.19
5321,美而快,73.72,75.15,78.02,78.21,98.39,92.21,4,7,17,6,38.85,0.03,41.19,53.5,0.43
3588,通嘉,73.72,78.06,75.17,69.95,90.94,112.89,4,2,6,63,43.55,0.09,46.63,61.24,0.87
4157,太景*-KY,73.66,76.75,77.15,80.18,88.9,97.22,4,9,5,10,8.34,0.04,9.46,11.34,1.19
8466,美吉吉-KY,73.57,73.57,64.82,62.95,86.31,114.1,4,1,4,65,27.6,0.04,27.78,39.67,0.24
1418,東華,73.54,76.22,77.77,79.52,94.92,111.94,4,9,12,62,20.5,0.01,21.74,26.46,0.2
6118,建達,73.5,76.57,72.63,78.89,101.7,110.71,4,8,50,60,14.3,0.02,15.58,20.07,0.75
6230,尼得科超眾,73.48,75.62,68.26,70.74,99.5,121.78,4,3,19,74,130.5,0.08,131.83,175.87,0.26
9934,成霖,73.37,76.51,71.91,73.33,94.36,107.84,4,4,11,55,9.76,0.02,10.28,13.02,0.25
6844,諾貝兒,73.35,76.4,72.51,79.67,85.94,105.22,4,9,4,50,97.6,0.04,99.95,128.47,0.23
5483,中美晶,73.3,80.36,69.43,84.22,75.77,91.11,4,15,1,5,97.1,0.08,102.24,128.11,0.81
4743,合一,73.28,75.48,74.05,60.01,63.76,88.75,4,1,1,4,61.2,0.08,62.16,87.63,0.53
4924,欣厚-KY,73.25,81.25,91.51,100.76,119.98,124.18,4,70,81,76,14.7,0.03,17.09,18.36,1.26
2340,台亞,73.16,77.49,75.4,70.65,91.18,92.54,4,3,7,6,19.85,0.08,20.64,27.2,0.63
9906,欣巴巴,72.92,75.37,72.25,88.36,120.74,197.25,4,21,82,95,72.6,0.0,80.92,108.02,2.17
2305,全友,72.82,76.23,69.89,67.68,76.91,85.72,4,2,1,3,10.3,0.08,10.67,14.29,0.4
4113,聯上,72.69,76.74,65.24,71.91,86.82,91.41,4,3,4,5,20.35,0.04,21.16,27.03,0.25
4716,大立,72.65,77.23,74.74,84.13,117.86,211.46,4,14,78,96,14.6,0.0,15.85,20.93,0.83
3444,利機,72.64,77.19,69.38,71.12,90.47,87.62,4,3,6,3,51.8,0.08,55.89,71.23,1.29
3071,協禧,72.62,77.03,65.99,71.47,84.51,97.33,4,3,3,10,18.0,0.05,18.77,24.67,0.85
3675,德微,72.44,76.38,69.93,66.42,80.57,113.51,4,2,2,64,143.0,0.08,148.33,206.38,0.4
4160,訊聯基因,72.31,75.1,68.2,85.54,116.92,168.52,3,17,77,92,49.5,0.02,51.85,68.96,0.67
8921,沈氏,72.28,74.89,81.4,134.55,158.15,164.98,3,94,95,91,17.95,0.08,17.76,23.09,0.0
3092,鴻碩,72.28,72.28,66.37,71.74,93.93,108.35,3,3,10,56,17.75,0.02,19.35,26.06,0.3
4968,立積,72.21,72.73,66.25,73.49,123.95,124.45,3,4,84,77,120.5,0.05,124.0,170.02,0.71
6205,詮欣,72.2,72.2,69.98,75.36,106.81,111.24,3,5,62,61,42.25,0.04,48.51,63.54,0.96
3518,柏騰,72.05,77.63,68.77,69.03,78.23,103.98,3,2,2,48,16.3,0.06,16.54,23.14,0.22
3362,先進光,71.89,71.89,68.21,63.5,111.16,125.29,3,1,69,77,119.5,0.02,127.55,182.65,0.39
1309,台達化,71.72,75.61,70.68,80.79,94.53,121.6,3,10,11,73,10.0,0.0,11.1,14.28,0.53
3437,榮創,71.67,73.72,70.1,72.56,88.39,113.8,3,3,5,64,14.2,0.05,15.58,20.47,0.6
9921,巨大,71.59,75.9,68.48,76.29,90.59,98.65,3,6,6,12,110.5,0.06,116.59,149.4,0.77
7712,博盛半導體,71.57,79.31,73.57,76.43,147.34,166.02,3,6,93,91,114.0,0.06,130.29,188.39,0.12
6552,易華電,71.35,74.55,70.51,70.52,95.22,121.12,3,3,12,73,24.35,0.04,25.91,34.94,0.33
1905,華紙,71.13,76.85,70.38,77.12,87.58,90.77,3,6,4,5,11.6,0.04,12.72,16.03,0.67
3576,聯合再生,71.07,73.95,65.98,83.65,94.36,92.15,3,14,11,6,6.75,0.03,7.41,9.55,0.45
2201,裕隆,71.03,77.07,69.31,73.81,86.13,92.54,3,4,4,6,33.0,0.05,36.14,47.04,0.93
2227,裕日車,70.88,77.92,70.65,67.39,73.7,81.83,3,2,1,2,56.8,0.06,59.22,78.84,0.97
5011,久陽,70.8,73.36,65.41,68.62,100.03,104.82,3,2,46,49,12.9,0.0,14.02,18.86,1.49
6535,順藥,70.3,79.64,76.85,74.01,163.33,360.84,3,4,95,99,140.0,0.04,156.41,227.71,0.51
4943,康控-KY,70.24,72.42,67.65,71.71,105.04,97.89,3,3,58,11,10.0,0.04,10.64,14.17,0.29
6546,正基,70.15,70.15,64.11,68.74,123.13,168.74,3,2,84,92,79.7,0.02,85.93,123.43,0.82
6996,力領科技,69.94,76.03,68.06,72.18,84.63,109.01,3,3,3,57,138.5,0.05,152.35,204.36,0.3
6419,京晨科,69.67,70.09,60.13,92.64,140.93,175.6,3,29,92,93,62.4,0.05,66.89,93.29,0.71
3018,隆銘綠能,69.54,69.54,87.86,105.97,136.79,195.14,2,80,90,95,14.35,0.01,19.52,25.5,0.29
3631,晟楠,69.53,73.4,66.99,77.66,106.01,125.62,2,7,60,77,24.65,0.06,26.81,35.88,0.32
6573,虹揚-KY,69.32,76.35,74.91,83.87,100.29,124.1,2,14,47,76,9.1,0.0,10.56,13.5,1.0
2401,凌陽,69.16,72.48,68.53,76.07,102.02,101.24,2,6,51,42,18.2,0.01,19.92,25.97,0.38
3011,今皓,69.05,74.34,60.73,61.81,69.89,106.56,2,1,1,52,12.5,0.07,12.69,19.63,1.77
6902,走著瞧-創,68.71,74.48,63.79,78.04,93.02,108.24,2,7,9,56,85.4,0.08,88.73,119.04,0.63
3058,立德,68.13,71.36,64.21,67.18,87.98,102.36,2,2,5,44,9.38,0.02,10.1,14.26,0.6
2348,海悅,68.1,68.1,65.39,83.22,146.25,207.51,2,13,93,95,105.0,0.03,115.93,156.47,0.85
5455,昇益,67.12,70.47,66.86,68.72,114.51,152.94,2,2,74,89,33.25,0.02,37.09,52.31,0.0
1294,漢田生技,67.09,69.01,69.96,75.69,85.52,75.27,2,5,3,2,72.6,0.02,77.57,91.27,1.0
2338,光罩,67.01,67.01,63.72,57.91,80.82,89.92,2,1,2,4,28.65,0.03,29.65,44.02,1.42
6219,富旺,66.85,66.85,61.53,73.87,116.28,129.35,2,4,77,80,22.25,0.05,24.81,34.48,1.89
6129,普誠,65.36,68.46,60.92,65.66,79.46,86.54,2,2,2,3,10.1,0.01,11.03,15.69,1.23
1799,易威,64.24,70.92,65.52,86.88,105.06,246.16,2,19,58,97,49.0,0.01,56.57,73.82,0.73
1225,福懋油,64.2,66.86,68.24,50.68,68.21,152.21,2,1,1,88,30.05,0.0,30.51,58.28,0.56
9914,美利達,63.96,67.28,60.72,74.95,97.39,102.0,2,4,16,44,103.0,0.04,114.22,155.17,0.64
6582,申豐,63.92,69.54,67.63,74.25,105.25,130.5,2,4,58,80,33.2,0.0,38.28,52.57,0.66
8085,福華,63.89,66.45,57.67,63.54,73.6,80.27,2,2,1,2,19.05,0.01,21.07,29.66,1.34
2067,嘉鋼,63.34,66.22,61.86,89.49,97.94,104.94,2,23,16,49,6.19,0.03,6.93,9.65,0.02
4513,福裕,63.13,65.11,57.65,70.44,114.3,183.33,2,2,74,94,19.25,0.01,21.57,32.41,0.65
2457,飛宏,62.99,67.33,62.48,65.84,80.84,90.79,2,2,2,5,20.35,0.02,22.76,32.29,0.5
9933,中鼎,62.83,64.89,62.28,89.2,98.92,103.46,1,22,18,47,26.6,0.05,27.02,37.73,0.48
7723,築間,62.29,65.59,62.8,76.05,77.34,86.58,1,6,2,3,45.65,0.0,49.78,68.32,0.4
8089,康全電訊,61.77,69.12,63.81,84.04,92.02,230.68,1,14,7,97,45.55,0.01,49.87,73.13,0.33
2314,台揚,61.4,61.4,57.35,35.66,114.31,124.29,1,1,74,76,9.8,0.08,9.02,23.47,0.62
8410,森田,60.61,60.61,63.76,82.5,107.69,129.01,1,12,64,80,42.9,0.03,47.99,69.23,0.85
4174,浩鼎,60.04,60.04,55.69,78.92,99.66,103.56,1,8,20,47,33.3,0.03,34.96,54.29,0.68
4529,淳紳,59.48,62.58,58.48,60.4,77.51,74.49,1,1,2,2,4.04,0.04,3.93,6.08,1.44
8444,綠河-KY,58.63,59.24,57.89,72.2,92.87,95.57,1,3,8,8,15.0,0.03,18.0,26.48,0.2
7743,金利食安,57.09,62.51,60.01,84.89,98.19,102.34,1,16,17,44,27.5,0.0,33.15,46.32,0.77
00663L,國泰臺灣加權正2,15.94,17.72,14.75,89.83,122.12,154.76,1,23,83,89,29.37,0.02,85.31,176.2,0.85
