Ticker,RS,1wk:end max,1mo:1wk max,3mo:1mo max,6mo:3mo max,9mo:6mo max,Rating (RS),Rating (3M:1M),Rating (6M:3M),Rating (9M:6M),Price,52W pos,MA50,MA200,Volume / VMA50
RGC,7550.61,7979.69,29590.16,35913.74,1235.56,100.94,99,99,99,44,14.5,0.19,18.73,4.95,0.28
TRON,2093.86,2177.6,1860.95,1496.48,109.6,74.69,99,99,45,8,10.1,0.91,4.13,1.45,0.45
DFDV,1789.49,2222.76,4282.79,5989.97,1339.63,95.51,99,99,99,35,24.41,0.57,22.37,6.9,1.66
QUBT,1103.98,1186.12,1615.31,1344.81,1282.32,2998.66,99,99,99,99,19.51,0.75,15.21,9.07,0.67
WBX,941.95,1161.85,1161.85,58.28,54.87,58.33,99,5,4,4,5.94,0.93,1.58,0.83,0.02
BSGM,813.36,1011.82,2240.54,1131.19,190.6,310.24,99,99,92,97,4.63,0.39,5.76,2.21,0.94
QBTS,758.4,782.66,715.41,1045.0,628.44,843.99,99,99,98,99,18.89,0.98,15.39,7.7,0.67
GITS,736.02,770.1,957.97,805.44,968.1,104.63,99,99,99,49,2.76,0.68,1.84,1.18,0.02
LICN,709.51,757.47,596.34,5200.34,1269.88,130.96,99,99,99,77,4.59,0.69,4.64,2.58,0.02
RGTI,701.73,782.03,662.3,828.66,1227.28,1991.6,99,99,99,99,17.16,0.85,12.27,8.69,0.96
NAKA,615.94,679.14,1046.95,1338.31,211.65,103.51,99,99,94,48,11.02,0.42,14.65,4.77,0.07
AEVA,606.69,606.69,851.5,830.48,218.36,144.6,99,99,94,84,32.23,0.84,22.98,9.19,1.09
JL,602.84,664.95,649.99,942.9,1048.03,980.86,99,99,99,99,6.43,0.96,5.48,3.5,0.39
YI,602.2,602.2,616.42,1418.12,1262.02,91.93,99,99,99,22,7.59,0.68,7.78,5.06,0.53
DRUG,600.19,924.43,986.51,1381.86,2031.44,3756.26,99,99,99,99,26.16,0.46,28.12,33.25,0.63
ASST,589.7,888.51,959.12,1547.0,82.1,52.92,99,99,14,3,4.52,0.33,6.21,2.05,0.19
SY,586.61,586.61,438.84,109.97,118.29,91.91,99,57,65,22,5.87,1.0,1.91,1.13,2.35
SBET,586.38,720.83,389.39,1198.78,60.43,89.52,99,99,6,19,28.98,0.35,20.73,9.96,4.08
ABTS,586.08,796.16,796.16,1558.7,705.58,106.67,99,99,98,52,4.71,0.55,4.21,1.89,0.13
DBVT,555.31,643.56,678.85,883.43,658.95,533.91,99,99,98,98,10.0,0.86,9.63,5.28,1.04
TOI,542.24,580.06,584.54,859.22,501.92,92.23,99,99,98,23,3.5,0.96,2.75,1.28,1.24
TGEN,538.91,577.61,692.34,457.41,373.7,331.38,99,98,97,97,7.72,0.83,5.87,2.82,8.8
MVST,521.97,521.97,680.48,837.07,662.7,617.46,99,99,98,98,3.38,0.72,3.55,1.88,0.78
MTEN,511.93,511.93,404.55,287.37,138.55,151.13,99,97,81,85,21.0,1.0,13.22,7.58,1.05
HYPD,479.56,614.37,562.73,183.38,11.56,46.96,99,93,1,2,12.88,0.1,5.93,10.49,0.18
NUTX,474.85,680.06,717.68,1265.29,1291.89,291.0,99,99,99,96,113.81,0.63,133.33,71.62,0.78
IDAI,474.7,505.67,563.22,491.19,1252.81,1979.33,99,98,99,99,3.0,0.35,2.45,1.88,1.14
PTHL,474.32,474.32,410.42,369.37,105.86,93.75,99,98,40,32,22.22,1.0,13.2,6.16,1.7
MFI,460.97,490.58,810.63,530.27,99.47,117.72,99,98,32,66,28.12,0.54,22.82,10.07,0.08
MNPR,450.62,467.78,429.05,806.16,1363.0,1031.62,98,99,99,99,46.48,0.89,36.19,30.04,0.72
NEON,438.15,465.15,474.27,344.43,311.27,396.25,98,97,97,98,27.41,0.96,16.79,10.49,1.32
TMC,427.57,487.29,586.85,504.4,246.88,117.87,98,98,95,66,7.64,0.96,5.28,2.45,0.87
GRYP,426.73,479.28,502.54,317.59,37.03,69.47,98,97,2,6,1.26,0.84,1.09,0.58,0.31
ABVC,426.11,490.67,602.14,291.82,184.59,73.98,98,97,92,8,3.35,0.68,2.14,1.02,0.3
OKLO,425.38,425.38,462.3,530.81,430.16,267.37,98,98,98,96,68.98,1.0,51.33,32.11,0.69
ZEPP,424.64,473.38,333.51,97.17,116.39,96.37,98,33,62,36,13.19,0.92,3.93,3.24,0.68
SEZL,418.28,476.97,616.31,537.01,322.29,1183.31,98,98,97,99,140.59,0.76,128.63,65.46,0.57
DDC,416.19,477.22,304.69,171.45,88.67,45.89,98,92,20,2,16.91,0.83,9.23,5.81,0.57
PRCH,412.66,424.16,416.7,435.49,302.52,293.2,98,98,97,96,13.48,1.0,11.06,6.15,0.68
AMPX,402.08,402.08,314.14,260.81,227.14,214.6,98,96,95,93,8.66,1.0,3.92,2.73,3.05
NEGG,401.71,639.01,639.01,122.27,58.03,75.74,98,74,5,9,29.55,0.57,13.02,10.1,1.39
ABVE,399.6,571.64,571.64,326.61,115.99,88.62,98,97,61,18,2.7,0.72,1.31,0.75,0.79
ARQQ,397.63,436.75,369.25,285.78,315.82,528.68,98,97,97,98,42.36,0.96,29.16,19.79,1.11
ZKIN,393.0,393.0,284.91,461.18,452.2,126.17,98,98,98,74,2.78,0.66,2.43,1.35,0.07
PSIX,388.81,388.81,423.88,385.29,892.92,758.02,98,98,99,99,90.0,1.0,53.23,34.99,1.75
KLTO,387.54,393.15,427.6,402.34,58.36,58.95,98,98,5,4,1.29,0.62,0.86,0.5,0.04
QNTM,387.27,387.27,566.85,499.3,171.64,52.6,98,98,90,3,23.37,0.64,16.82,8.34,0.37
RKLB,382.54,382.54,331.28,305.21,480.73,470.11,98,97,98,98,51.39,1.0,31.02,23.14,1.35
HAO,378.89,382.71,338.61,728.24,818.28,56.53,98,98,99,4,1.43,0.23,1.38,1.0,0.28
UAMY,377.82,400.33,322.58,772.38,725.94,513.6,98,99,98,98,3.87,1.0,2.76,1.9,2.19
NXTT,375.3,451.06,495.24,237.92,126.41,125.96,98,96,73,73,2.38,0.38,2.06,1.49,0.03
TDUP,371.3,415.52,519.26,607.94,292.68,171.79,98,98,96,90,7.33,0.83,7.34,3.35,0.75
AREN,368.32,441.39,529.99,1037.63,325.37,147.7,98,99,97,84,5.24,0.51,6.04,2.71,0.62
ROMA,365.16,393.34,467.72,556.82,161.64,126.8,98,98,89,74,3.35,0.87,2.88,1.35,0.13
VVPR,361.74,385.94,441.72,601.99,299.34,104.74,98,98,96,49,6.87,1.0,5.07,2.37,4.8
LEU,361.56,361.56,327.03,306.91,198.06,217.91,98,97,93,94,249.34,1.0,151.68,96.64,0.89
CTM,359.61,359.61,342.19,414.85,692.31,1086.43,98,98,98,99,1.49,0.55,1.12,0.82,3.25
BTCS,359.6,367.94,344.08,183.62,220.93,321.76,98,93,94,97,6.57,1.0,2.95,2.44,5.08
TSSI,351.62,351.62,544.12,454.97,1520.09,1579.12,98,98,99,99,23.18,0.73,19.04,11.97,0.6
BTM,349.68,360.83,362.55,381.49,95.41,115.3,98,98,27,64,5.84,0.88,4.53,2.31,1.49
CDTX,348.85,348.85,297.44,169.08,166.18,190.26,98,92,89,92,59.96,1.0,33.43,22.73,1.48
QSG,347.92,359.85,635.82,635.82,325.33,144.8,98,98,97,84,9.89,0.7,8.55,4.45,0.52
VIGL,337.82,348.78,351.71,308.71,89.71,93.92,98,97,21,32,8.07,1.0,6.73,3.55,2.21
UMAC,337.48,404.74,401.55,324.07,686.39,963.41,98,97,98,99,10.87,0.53,7.55,7.55,1.28
NVFY,331.14,333.2,266.71,244.28,86.74,55.7,98,96,18,3,3.19,1.0,1.51,0.94,1.22
ALMU,330.78,374.07,354.37,456.82,212.37,347.35,98,98,94,97,18.09,0.91,15.26,8.2,0.85
HOVR,327.54,340.72,334.07,334.07,129.92,210.23,98,97,76,93,1.74,0.73,1.27,0.74,0.61
DAVE,320.23,331.1,475.69,412.04,310.18,485.81,98,98,97,98,218.1,0.75,212.97,113.92,1.31
TAOX,316.21,327.22,287.17,149.03,86.96,90.75,98,88,18,21,10.11,0.97,4.68,3.32,0.46
OUST,315.25,315.25,262.1,234.72,142.77,179.9,98,96,83,91,30.65,1.0,17.83,11.2,0.95
BBAI,314.01,344.86,319.66,184.88,554.14,262.31,98,93,98,96,7.95,0.79,4.91,3.76,0.87
CNVS,308.38,389.51,402.03,245.88,328.46,359.38,98,96,97,97,6.33,0.89,4.34,3.48,0.63
LAES,307.83,319.41,375.17,509.59,703.15,1209.23,98,98,98,99,3.75,0.39,3.53,2.73,1.15
NNNN,307.3,339.76,339.76,118.36,114.01,92.57,98,71,54,26,46.99,0.9,20.03,13.12,0.97
AGFY,306.18,306.88,303.0,490.29,564.93,1029.89,98,98,98,99,24.7,0.37,24.81,21.2,0.05
OCG,302.96,322.29,524.52,615.22,327.34,116.9,98,98,97,65,5.9,0.79,5.96,2.78,0.63
XTKG,299.56,323.07,413.4,534.32,348.63,405.77,98,98,97,98,1.62,0.73,1.51,0.96,0.49
FIEE,298.35,304.49,654.55,577.6,163.76,77.27,98,98,89,9,2.82,0.57,2.73,1.18,0.11
HOOD,289.94,289.94,291.28,245.16,298.19,232.86,98,96,96,94,109.74,1.0,77.22,49.45,1.64
SONN,289.6,446.28,233.38,49.02,47.32,55.97,98,4,3,3,6.18,0.59,2.4,2.38,0.34
TZUP,288.97,288.97,251.2,285.47,123.72,107.58,98,97,71,54,14.32,1.0,8.43,5.32,1.8
IPA,287.92,331.17,324.27,188.68,73.85,61.22,98,93,10,4,1.73,0.85,0.92,0.57,0.43
SMR,287.31,287.31,298.15,325.49,437.61,593.76,98,97,98,98,50.25,1.0,33.69,23.08,0.97
SGMT,283.51,287.29,302.24,197.6,94.77,157.08,98,94,26,87,9.41,0.94,6.25,4.79,0.28
KC,279.8,279.8,257.84,381.27,594.61,379.34,98,98,98,97,15.91,0.74,12.85,11.18,1.63
PDYN,279.43,305.17,315.42,314.37,958.46,884.16,98,97,99,99,12.24,0.91,8.19,6.36,1.56
GNS,274.76,317.68,321.7,80.74,46.24,51.5,97,16,3,3,1.37,0.52,0.72,0.6,0.42
MP,272.58,275.01,209.46,191.74,177.58,133.4,97,94,91,78,63.22,1.0,30.73,23.74,1.91
BKSY,272.43,328.25,278.68,151.19,198.44,155.61,97,88,93,87,23.7,0.81,15.54,11.39,5.48
DALN,272.16,297.67,294.06,117.8,172.17,172.02,97,70,90,90,13.72,0.99,5.6,5.57,0.07
VSA,271.45,271.45,174.78,171.82,88.26,81.81,97,92,19,12,1.8,1.0,0.97,0.75,0.57
PGY,268.07,268.07,200.49,160.58,132.51,108.0,97,90,78,54,31.12,1.0,18.76,12.73,2.22
QS,264.91,264.91,173.12,88.43,88.49,97.6,97,23,19,38,14.64,1.0,5.75,5.11,4.18
NWTN,262.8,299.91,311.91,275.9,57.93,86.41,97,97,5,16,1.72,0.58,1.69,0.97,0.07
DGXX,261.68,261.68,217.8,203.88,210.04,150.35,97,94,94,85,3.67,1.0,2.13,1.78,1.43
TNGX,261.37,261.37,235.99,155.37,46.49,72.35,97,89,3,7,6.77,0.52,3.94,3.42,0.36
BLBX,261.13,324.8,294.21,219.51,177.52,104.62,97,95,91,49,7.74,0.78,5.33,3.52,1.21
LTBR,260.2,275.46,337.16,367.77,376.12,334.46,97,98,97,97,15.07,0.89,13.06,8.87,0.79
HSAI,259.45,274.53,287.79,338.78,420.7,290.8,97,97,98,96,21.75,0.89,20.16,14.29,0.89
TDTH,259.24,259.24,83.56,66.77,87.83,88.07,97,8,19,17,1.43,0.32,0.33,1.34,3.39
RPID,257.1,276.13,291.45,300.22,363.21,132.34,97,97,97,78,3.41,0.85,3.34,2.13,0.2
PLTR,256.74,258.06,283.02,321.29,362.18,281.65,97,97,97,96,153.52,1.0,133.43,90.83,0.56
ASTS,255.87,257.55,236.23,336.37,532.32,615.65,97,97,98,98,57.98,1.0,36.98,27.73,0.55
IONQ,255.86,261.0,306.71,329.98,420.43,492.85,97,97,98,98,46.51,0.9,39.96,31.03,1.05
RCAT,255.24,287.11,248.79,338.21,708.04,1059.83,97,97,98,99,11.27,0.77,7.48,6.96,1.24
GRRR,252.94,300.81,374.5,365.97,748.11,545.5,97,98,99,98,19.04,0.42,19.38,16.07,1.0
DOMH,252.28,263.59,263.76,293.1,633.29,81.51,97,97,98,12,5.39,0.39,5.25,3.77,1.24
IMRX,251.3,260.3,260.3,148.16,97.5,105.9,97,88,30,51,4.13,0.91,2.5,2.01,0.22
CTMX,250.73,285.44,310.57,306.64,62.9,74.44,97,97,6,8,2.38,0.76,2.3,1.24,0.11
YSG,249.77,279.55,251.76,213.08,172.33,143.21,97,95,90,83,10.09,0.89,7.65,4.93,0.85
SLDP,249.09,249.09,180.18,154.06,98.98,138.66,97,89,31,81,3.77,1.0,1.91,1.43,3.56
JOBY,247.37,248.64,178.21,150.01,146.68,166.83,97,88,84,89,17.78,1.0,9.28,7.47,2.03
VOR,247.28,296.45,332.05,74.46,133.97,157.52,97,12,79,87,2.21,0.82,0.79,0.91,0.32
NVTS,246.01,246.01,256.67,259.58,113.91,107.28,97,96,51,53,6.79,0.8,5.48,3.36,0.62
PCTTU,245.94,245.94,181.77,172.66,151.53,227.48,97,92,86,94,23.85,1.0,14.22,12.77,0.87
CTEV,241.93,316.43,367.08,304.9,294.43,120.75,97,97,96,69,42.71,0.84,37.08,20.72,0.6
VHC,241.85,241.85,198.7,172.24,182.24,135.27,97,92,91,80,20.34,1.0,10.42,8.14,2.86
VBIX,241.54,604.9,576.86,842.15,1158.25,1114.28,97,99,99,99,5.47,0.6,4.93,5.17,0.35
VIOT,241.04,248.58,194.8,148.84,219.36,165.16,97,88,94,89,3.3,0.87,1.71,1.56,0.93
AZ,240.49,343.28,424.16,424.13,398.57,414.64,97,98,98,98,11.39,0.95,9.71,7.19,0.99
PRZO,239.64,239.64,200.08,183.26,258.21,358.23,97,93,96,97,1.93,0.66,1.17,1.11,1.32
VRNA,239.0,271.91,286.4,290.64,310.57,218.25,97,97,97,94,104.9,1.0,86.39,59.5,0.79
ASM,238.83,313.09,313.09,304.8,227.19,196.1,97,97,95,92,3.68,0.82,3.35,1.86,0.81
PAYS,238.17,257.89,277.52,160.07,75.35,107.53,97,90,11,54,7.71,0.88,5.39,3.56,0.69
RAYA,237.41,280.59,262.34,213.47,216.85,194.24,97,95,94,92,3.06,0.99,2.0,1.44,2.75
KUKE,237.06,273.41,330.88,852.26,594.29,64.3,97,99,98,5,2.93,0.63,3.29,1.7,0.19
BTOG,236.87,236.87,120.79,41.1,30.27,94.92,97,3,2,34,0.78,0.24,0.21,0.74,8.61
GSIW,234.96,234.96,206.82,178.54,48.29,30.08,97,92,3,1,1.7,0.11,1.17,0.83,0.63
PRPO,233.91,241.79,272.83,172.33,150.5,99.46,97,92,85,41,14.51,0.86,10.93,7.54,0.57
OKYO,233.79,235.28,234.94,223.22,132.09,95.56,97,95,77,35,2.99,0.99,2.19,1.42,1.49
FTEK,232.4,234.41,255.71,194.36,101.98,94.8,97,94,35,34,2.66,0.88,1.98,1.25,0.75
KNW,231.88,242.83,248.05,116.49,39.52,57.04,97,68,2,4,2.61,0.13,1.86,4.47,0.04
CEP,231.75,273.87,266.25,403.31,116.88,93.75,97,98,62,32,31.3,0.53,35.46,17.8,0.47
PROK,231.13,408.81,492.77,59.44,90.64,103.24,97,6,22,47,3.15,0.57,1.33,1.43,0.42
MOB,229.63,229.63,226.74,201.62,224.15,337.03,97,94,95,97,4.07,0.84,2.43,2.23,4.12
MSGM,228.38,267.23,251.03,247.09,182.44,71.94,97,96,91,7,3.41,0.97,2.9,1.74,0.41
AMLX,225.62,243.03,243.03,199.49,152.64,201.13,97,94,86,93,8.34,0.99,5.83,4.58,0.72
XYF,224.11,231.11,239.41,310.8,293.82,176.8,97,97,96,90,18.23,0.89,17.44,11.25,0.67
COMM,223.48,236.57,254.16,213.57,258.84,371.05,97,95,96,97,7.85,0.88,6.58,5.55,0.52
SPRO,222.95,294.83,305.51,280.32,73.88,86.33,97,97,10,16,2.37,0.73,2.16,1.26,0.18
MEIP,222.57,222.57,104.21,82.56,86.35,80.87,97,18,17,11,5.92,1.0,2.47,2.55,47.94
INKT,221.31,719.71,719.71,116.42,140.04,105.96,97,68,82,51,20.31,0.26,10.42,8.47,0.58
ALM,220.48,293.23,434.46,357.37,357.31,131.08,97,98,97,77,4.53,0.49,5.05,2.94,3.28
CURI,220.45,239.25,323.64,422.09,292.9,293.19,97,98,96,96,4.62,0.64,5.3,2.98,0.57
GMM,220.11,226.37,181.45,391.7,782.29,521.65,96,98,99,98,2.84,0.59,2.75,2.71,0.2
SOGP,219.95,271.92,263.04,144.83,113.09,97.67,96,87,50,38,5.07,0.76,2.92,2.24,0.26
ISSC,219.85,219.85,198.16,180.47,149.56,135.87,96,93,85,80,16.13,1.0,11.87,8.77,1.29
OSS,218.29,225.66,179.96,179.56,167.37,149.3,96,92,89,85,5.9,0.95,3.58,3.0,1.71
LIXT,217.82,220.13,233.93,86.25,122.0,109.81,96,21,69,57,4.06,0.95,1.69,1.73,0.1
RBLX,217.28,217.28,197.76,197.76,158.5,149.73,96,94,88,85,124.5,1.0,95.02,66.67,1.03
OCFT,216.68,219.85,286.96,304.34,364.27,160.98,96,97,97,88,7.48,0.99,7.12,4.72,0.64
ASPI,216.09,216.09,192.72,245.8,191.41,369.14,96,96,92,97,10.49,1.0,7.66,5.8,2.77
ZONE,216.02,242.28,201.35,277.12,93.47,88.14,96,97,25,18,3.1,0.64,2.63,1.63,0.08
PL,214.27,217.89,227.6,194.18,268.92,183.82,96,94,96,91,6.79,0.97,5.11,4.1,0.83
ACHR,214.22,220.89,198.13,241.78,246.35,272.56,96,96,95,96,13.29,0.99,10.64,8.07,1.32
ATGL,213.28,273.7,597.7,619.77,1018.62,641.47,96,98,99,98,22.68,0.47,24.45,20.19,0.0
ALTS,213.21,243.35,294.61,300.66,420.85,462.28,96,97,98,98,7.32,0.67,8.18,5.2,0.77
UPXI,212.54,212.54,287.23,352.72,66.46,92.86,96,98,7,30,7.48,0.4,8.49,5.49,7.29
PCT,211.75,211.75,196.99,168.35,151.51,238.94,96,91,86,95,16.92,1.0,11.66,10.18,1.45
MYNZ,211.0,227.36,244.5,589.17,2084.7,1729.01,96,98,99,99,1.89,0.22,1.91,3.05,0.83
TNXP,210.47,210.47,171.72,268.15,119.15,179.94,96,96,66,91,46.91,0.74,34.36,23.57,1.42
ATYR,209.81,210.5,211.65,210.92,183.97,213.61,96,95,92,93,5.99,1.0,4.73,3.65,1.75
SXTC,209.2,209.2,212.83,402.0,878.89,47.01,96,98,99,2,1.65,0.25,1.72,1.37,0.05
YYGH,208.23,280.1,280.1,137.24,134.99,156.72,96,84,79,87,2.58,0.81,1.93,1.67,1.21
VNET,207.83,207.83,167.81,232.73,617.07,217.31,96,96,98,94,9.01,0.56,6.47,6.35,0.96
ATAI,207.75,207.75,200.78,163.83,156.98,118.82,96,91,88,67,3.23,1.0,2.24,1.67,3.5
AKBA,207.69,248.58,246.39,235.88,187.08,140.78,96,96,92,82,3.86,0.95,3.37,2.27,0.59
KOPN,207.27,217.23,166.88,150.46,184.05,141.3,96,88,92,82,2.17,0.99,1.55,1.27,1.46
IREN,207.24,215.69,191.57,122.06,183.98,206.13,96,74,92,93,17.94,0.99,11.44,9.99,1.2
MGRM,205.73,218.02,122.88,121.16,145.59,101.81,96,73,84,45,5.67,0.94,3.06,2.66,0.73
CAR,205.6,215.38,219.28,162.59,96.9,92.12,96,91,29,22,192.48,0.97,141.18,99.21,0.44
MATH,205.25,233.09,257.23,291.73,192.17,114.3,96,97,92,62,3.32,0.75,3.18,1.9,0.62
GRPN,205.18,216.45,251.93,275.6,180.7,99.01,96,97,91,41,32.43,0.83,31.5,17.36,0.55
MB,204.09,204.09,95.42,109.63,114.01,92.57,96,54,54,26,14.33,1.0,7.09,6.1,0.48
INVZ,203.74,203.74,194.66,157.59,179.56,185.11,96,90,91,91,1.89,0.82,1.17,0.99,1.65
ARTL,203.62,334.38,398.41,103.02,98.65,84.07,96,42,31,14,14.95,0.43,9.05,7.17,0.12
OMH,203.51,204.77,225.24,905.58,729.98,72.82,96,99,98,8,1.4,0.34,1.78,1.15,0.04
CRDO,202.58,231.46,228.16,206.01,294.52,284.5,96,94,96,96,93.47,0.88,76.86,59.0,1.31
SGHC,202.11,218.22,226.16,204.1,216.68,183.02,96,94,94,91,11.65,0.96,9.77,7.2,0.96
CAPT,201.03,213.89,181.55,166.36,54.77,43.9,96,91,4,2,1.63,0.59,1.03,0.88,0.25
JFIN,200.04,216.15,211.8,242.28,234.18,117.41,96,96,95,66,16.8,0.91,15.08,9.91,0.21
XGN,199.06,213.53,218.04,287.44,225.87,256.06,96,97,95,96,7.0,0.87,6.81,4.64,0.5
SERV,198.64,204.94,223.66,214.71,269.73,387.91,96,95,96,97,11.7,0.45,10.8,10.77,1.04
DOMO,198.62,198.62,186.75,182.37,120.37,103.94,96,93,67,48,16.29,1.0,12.49,9.09,1.81
JG,198.44,205.83,205.2,218.04,326.01,251.26,96,95,97,95,11.67,0.76,10.62,8.77,1.61
NAGE,198.13,244.76,298.14,275.07,251.19,309.26,96,97,95,97,10.16,0.64,11.84,7.48,1.14
VVOS,197.47,236.97,227.75,109.17,174.06,180.16,96,51,90,91,5.82,0.77,3.36,3.41,0.3
ONDS,197.38,225.06,205.33,214.08,224.66,295.5,96,95,95,96,2.23,0.74,1.5,1.27,1.13
EYE,196.62,200.94,196.28,180.56,106.44,76.37,96,93,41,9,25.09,0.98,21.54,13.99,0.66
AGEN,196.1,219.59,217.43,160.44,68.79,51.9,96,90,8,3,6.15,0.29,4.69,3.53,0.76
ADUR,195.55,210.79,191.81,180.19,101.98,108.19,96,93,35,54,11.65,0.93,9.0,6.16,0.61
APP,194.99,194.99,205.07,268.8,481.66,534.66,96,96,98,98,364.46,0.67,361.44,308.14,0.79
ATHE,194.27,194.27,201.11,244.29,293.07,219.69,96,96,96,94,5.0,1.0,4.33,3.15,6.09
TTMI,194.18,204.14,196.76,167.03,133.92,139.6,96,91,78,82,45.03,0.96,35.66,26.01,1.94
LASR,193.44,193.44,193.32,172.29,90.61,109.66,96,92,21,57,19.96,1.0,16.62,11.72,0.54
CYD,193.1,193.1,189.44,177.46,252.35,122.31,96,92,96,70,25.1,0.98,20.42,15.05,1.36
MEGL,191.63,192.35,242.11,364.63,322.29,127.03,96,98,97,74,1.51,0.67,1.54,1.03,0.01
METC,190.76,198.3,154.14,105.37,93.76,91.22,96,46,25,21,22.42,0.98,11.68,10.51,1.91
OPTT,189.94,189.94,194.05,217.5,450.18,637.66,96,95,98,98,0.72,0.39,0.53,0.48,1.55
AMPG,189.55,216.54,168.81,208.13,185.4,450.34,96,95,92,98,2.86,0.43,2.17,1.81,1.8
FMST,189.5,219.64,277.86,422.59,72.49,86.21,96,98,9,16,2.42,0.37,3.05,1.84,0.33
PMEC,189.39,199.78,199.14,186.61,140.98,93.04,95,93,82,31,1.58,1.0,1.29,0.9,0.27
SYM,189.01,189.95,187.27,137.95,85.87,107.49,95,84,17,53,54.54,1.0,34.52,28.11,1.14
OPXS,188.74,188.74,172.79,143.86,89.03,140.35,95,86,20,82,13.97,1.0,9.93,7.8,1.11
USAS,188.42,252.14,252.14,222.03,200.74,175.8,95,95,93,90,0.94,0.88,0.77,0.55,0.66
APLD,188.34,191.22,155.89,241.95,182.69,221.75,95,96,92,94,11.93,0.82,9.31,7.99,1.01
GOGO,188.32,195.41,185.12,175.47,113.22,95.66,95,92,51,35,15.85,0.98,12.95,8.93,0.8
BTCM,187.64,206.1,284.7,95.28,90.35,128.31,95,31,21,75,4.06,0.56,2.37,2.39,0.48
SLSN,187.38,187.38,243.39,211.17,272.26,264.06,95,95,96,96,3.99,0.69,4.02,2.79,0.27
CLS,187.01,201.7,211.94,185.15,252.09,224.08,95,93,96,94,160.12,0.98,131.69,100.36,1.2
TPC,186.67,194.64,188.91,169.78,152.14,226.44,95,92,86,94,50.08,0.98,41.36,29.26,0.92
IOBT,186.65,186.65,136.35,159.0,116.06,87.03,95,90,61,16,2.05,1.0,1.36,1.07,3.15
IDN,186.36,186.91,202.88,220.76,113.04,126.38,95,95,50,74,5.23,0.8,4.83,3.13,0.46
TMQ,186.31,211.24,195.13,248.69,318.55,244.48,95,96,97,95,1.89,0.93,1.42,1.25,0.73
SOFI,186.19,200.37,200.11,145.31,194.06,191.16,95,87,93,92,21.81,0.98,15.85,13.92,0.87
WKEY,185.18,185.18,202.97,267.86,404.75,566.59,95,96,98,98,6.52,0.43,6.26,5.05,1.51
VERV,184.38,236.3,230.29,186.86,123.36,90.33,95,93,70,20,10.91,0.94,7.67,6.33,0.98
WLDN,184.35,187.15,178.37,156.9,125.01,165.16,95,89,72,89,79.64,1.0,58.91,44.62,1.19
PVLA,184.26,198.08,168.63,247.34,235.17,137.41,95,96,95,81,29.51,0.93,24.04,19.89,1.19
AAOI,184.16,198.11,196.72,138.42,212.76,290.25,95,84,94,96,28.63,0.59,21.11,23.06,0.8
FTK,183.94,196.02,218.6,264.53,206.5,209.59,95,96,94,93,12.55,0.68,14.38,9.26,0.64
OWLT,183.94,205.03,217.13,153.52,109.48,111.06,95,89,45,59,8.02,0.79,6.63,5.02,0.18
GDS,183.64,189.57,169.53,196.19,364.15,241.19,95,94,97,95,37.58,0.71,28.84,26.03,0.7
EPSM,183.6,239.64,224.08,109.63,114.01,92.57,95,54,54,26,18.31,0.62,17.52,13.42,0.67
ABAT,183.01,183.01,154.38,145.64,136.68,218.49,95,87,80,94,2.4,0.63,1.52,1.3,3.13
KTOS,182.93,186.33,173.52,160.33,151.0,144.45,95,90,86,83,59.12,1.0,41.42,31.84,2.06
SBSW,182.88,184.5,183.79,171.73,133.31,94.03,95,92,78,33,9.08,1.0,6.66,4.72,0.81
SRFM,182.88,295.57,295.57,109.7,193.53,233.77,95,57,93,94,5.3,0.55,3.37,3.27,0.83
RDW,182.7,182.7,183.08,236.32,431.02,326.48,95,96,98,97,19.41,0.7,15.53,13.56,1.23
AIRS,182.52,189.56,160.98,136.74,95.28,160.1,95,83,27,88,5.56,0.56,4.59,4.73,0.95
QMMM,182.27,182.27,137.39,156.2,124.14,152.51,95,89,71,86,2.26,0.14,1.31,2.39,1.69
APPS,181.88,212.17,294.57,325.86,284.8,110.26,95,97,96,58,5.37,0.66,5.08,3.33,0.55
NEPH,181.78,192.28,286.74,211.4,133.14,78.15,95,95,78,10,3.65,0.63,3.31,2.04,0.48
XCUR,181.46,181.46,183.92,380.23,473.65,1283.4,95,98,98,99,7.93,0.21,8.71,10.16,0.81
COIN,181.3,185.09,181.78,135.0,141.2,178.65,95,83,82,91,419.78,1.0,296.07,251.83,1.77
GAME,181.24,261.7,243.03,110.24,82.36,82.44,95,58,14,12,1.52,0.56,0.97,0.84,4.83
ASPS,181.15,181.15,159.87,119.94,102.73,66.03,95,72,36,5,15.04,1.0,8.84,7.33,0.61
HIMS,180.87,199.46,240.67,283.36,409.52,217.11,95,97,98,94,50.38,0.67,53.65,36.4,0.49
ONEG,180.42,200.64,233.86,135.41,101.74,92.57,95,83,35,26,5.95,0.7,4.57,3.16,0.09
CNL,180.27,208.56,258.62,328.83,342.04,137.04,95,97,97,80,9.63,0.76,10.42,6.89,0.65
GRNQ,179.96,231.19,231.19,179.11,103.91,174.84,95,92,38,90,2.07,0.78,1.46,1.11,0.39
LFMD,179.95,202.78,242.44,242.44,114.86,97.94,95,96,58,39,10.55,0.59,11.8,7.1,0.57
NRSN,179.73,179.73,223.96,223.96,106.56,151.74,95,95,41,86,2.04,0.76,1.82,1.29,0.26
PTHS,179.33,205.92,250.94,125.08,231.12,140.73,95,77,95,82,20.3,0.66,13.4,12.28,0.47
SNT,178.74,182.27,187.04,180.96,248.99,233.62,95,93,95,94,4.54,0.86,4.16,3.27,1.48
APYX,178.26,178.26,181.05,133.49,98.93,112.88,95,82,31,61,2.26,0.81,1.82,1.45,0.16
GHRS,177.93,177.93,164.19,129.13,172.56,112.49,95,80,90,60,17.57,0.96,12.87,10.38,1.48
COE,177.44,177.44,201.04,217.91,222.66,189.87,95,95,95,92,29.43,0.83,25.59,19.67,0.63
STG,177.36,209.55,141.38,109.92,93.72,89.52,95,57,25,19,11.69,0.76,6.41,6.3,5.82
MGNI,177.35,182.68,184.24,126.83,170.42,147.36,95,78,90,84,24.48,0.99,18.98,15.67,0.67
FUTU,177.0,177.0,163.0,142.13,169.48,157.14,95,86,90,87,160.57,1.0,118.54,101.31,2.72
ICAD,176.41,215.4,212.47,209.08,213.46,143.53,95,95,94,83,3.87,0.96,3.8,2.61,
VTYX,176.31,185.87,172.23,125.6,78.05,94.22,95,77,12,33,3.16,0.96,2.11,1.92,0.51
PARR,176.2,186.12,185.8,153.53,73.85,71.38,95,89,10,7,31.92,0.86,25.1,18.2,0.68
ZENA,176.04,194.35,144.1,116.39,171.77,177.42,95,68,90,91,5.83,0.49,3.69,3.98,0.42
FULC,175.67,197.25,195.15,166.24,75.19,89.71,95,91,11,20,7.65,0.71,6.87,4.45,0.69
FARO,175.61,184.19,186.79,207.09,156.64,153.5,95,95,87,86,43.99,1.0,43.02,30.42,3.02
TSAT,175.52,181.35,179.55,154.26,220.32,169.36,95,89,94,89,26.98,1.0,20.1,17.36,0.9
PRME,174.55,210.51,203.44,60.08,62.85,68.47,94,6,6,6,4.13,0.58,2.19,2.64,1.63
LIF,174.25,174.25,160.34,163.63,111.65,112.52,94,91,49,60,74.38,1.0,62.01,47.5,0.96
FORD,174.2,178.81,163.17,181.89,170.62,115.28,94,93,90,64,9.21,0.96,7.22,5.37,0.81
COGT,174.17,174.17,153.06,86.69,110.9,148.66,94,21,47,85,12.49,1.0,7.12,7.98,1.2
INTJ,173.99,201.15,187.43,95.1,93.04,105.07,94,30,24,50,1.41,0.79,0.85,0.84,0.28
NET,173.73,173.73,182.25,179.73,187.14,125.4,94,92,92,73,197.35,1.0,172.82,128.7,1.2
QNCX,173.44,174.08,169.38,123.5,161.82,221.06,94,75,89,94,1.89,0.83,1.31,1.41,0.52
PLBY,173.36,183.65,183.65,162.08,204.42,214.81,94,90,93,93,1.89,0.87,1.55,1.36,0.62
UUU,173.29,185.67,201.65,179.24,140.97,157.24,94,92,82,87,3.29,0.85,2.84,2.18,0.34
IMAB,172.81,200.76,253.94,254.83,75.17,85.14,94,96,11,15,2.1,0.68,1.84,1.21,0.24
CANG,172.01,177.32,179.94,208.26,297.8,525.06,94,95,96,98,5.32,0.59,4.76,4.07,2.01
XNET,171.88,180.47,187.46,309.69,289.96,118.34,94,97,96,67,4.47,0.58,4.99,3.39,0.65
GSIT,171.72,171.72,155.04,120.66,126.14,119.62,94,73,73,68,5.74,1.0,3.6,3.14,2.24
NKTR,171.71,190.1,193.33,76.14,85.49,149.97,94,13,17,85,24.94,0.79,15.44,14.74,0.51
SGN,171.59,171.59,117.41,74.64,29.99,82.04,94,12,2,12,2.11,0.06,1.18,3.54,0.04
CFSB,171.2,175.49,187.69,193.18,124.97,92.74,94,94,72,30,13.88,1.0,12.55,8.57,0.01
TPR,170.67,170.67,161.82,159.12,180.65,156.41,94,90,91,87,103.42,1.0,85.15,69.66,0.89
BKKT,170.14,180.85,172.12,115.28,195.06,198.27,94,67,93,93,22.77,0.62,14.2,15.77,1.98
SATL,169.75,177.35,196.62,331.59,376.38,312.19,94,97,97,97,3.51,0.68,3.68,2.99,0.57
SSSS,169.73,176.98,164.66,150.51,140.89,140.87,94,88,82,82,8.92,0.98,7.23,5.8,0.94
ZVIA,169.56,181.26,244.08,222.81,405.17,414.64,94,95,98,98,3.05,0.56,2.92,2.65,0.4
ESGL,169.53,180.86,221.68,222.63,222.14,244.4,94,95,94,95,3.0,0.75,2.7,1.89,0.53
OMEX,169.1,273.53,229.78,204.1,77.16,51.17,94,94,11,3,1.51,0.24,1.13,0.69,1.1
ALLT,168.76,220.68,235.6,231.97,316.34,321.01,94,96,97,97,8.04,0.7,8.44,6.22,0.96
PPIH,168.43,196.11,196.69,168.96,151.47,171.07,94,92,86,90,22.83,0.91,18.07,14.99,0.29
SPCB,168.36,191.24,228.57,268.06,336.05,290.27,94,96,97,96,9.7,0.58,9.56,7.17,0.61
OCC,168.15,179.87,158.35,102.54,213.22,168.91,94,41,94,89,5.74,0.9,3.38,3.29,0.14
SRRK,167.94,180.64,241.49,215.46,258.38,439.23,94,95,96,98,40.72,0.85,33.56,34.18,1.51
STIM,167.91,198.45,197.26,290.96,452.96,146.54,94,97,98,84,3.66,0.63,3.81,2.89,0.63
BOF,167.88,172.85,174.72,155.25,185.06,168.05,94,89,92,89,2.7,0.75,2.22,1.98,0.22
UBXG,167.46,191.49,147.67,349.19,472.32,344.96,94,97,98,97,3.08,0.08,3.34,2.82,0.27
MOGO,167.45,171.48,211.45,121.04,93.98,98.3,94,73,25,39,1.91,0.64,1.46,1.23,0.04
PSNL,166.83,192.18,246.03,213.97,236.41,292.65,94,95,95,96,6.19,0.75,5.75,4.81,0.68
ELTX,166.49,167.49,160.07,128.44,166.06,110.59,94,79,89,58,9.34,0.95,7.37,6.41,1.13
INOD,166.31,187.73,202.49,261.09,376.52,383.26,94,96,97,97,49.28,0.7,44.09,38.83,0.71
INBX,166.09,166.09,143.98,99.47,102.23,100.67,94,37,35,43,24.45,1.0,15.24,14.37,1.94
SAIH,166.04,217.75,117.37,86.19,95.87,142.66,94,21,28,83,11.72,0.44,7.5,9.92,2.0
HRTG,165.83,178.93,190.89,272.9,204.1,142.21,94,97,93,82,21.5,0.76,23.46,15.41,0.57
AMSC,165.77,167.45,179.3,151.07,172.11,230.37,94,88,90,94,42.72,1.0,31.52,26.64,1.11
LPTH,165.55,178.3,177.16,188.93,210.71,269.82,94,94,94,96,3.44,0.75,2.88,2.4,0.82
SGMA,165.48,165.48,159.2,166.89,58.17,84.62,94,91,5,14,3.01,0.4,2.67,2.11,0.12
U,165.47,167.3,138.6,121.67,128.9,117.35,94,74,75,66,36.75,1.0,24.99,22.75,1.08
AMBR,165.14,214.33,326.75,365.09,419.12,361.35,94,98,98,97,7.28,0.51,10.06,8.13,1.86
FOA,165.01,177.57,185.62,214.06,295.68,363.38,94,95,96,97,23.74,0.68,22.3,21.15,0.84
DUOT,164.46,180.72,186.64,235.45,196.55,258.47,94,96,93,96,7.93,0.84,7.66,5.96,0.22
ORLA,164.14,180.37,193.72,270.5,258.75,142.49,94,96,96,83,11.48,0.9,10.55,7.62,0.59
CRNC,164.08,164.08,212.49,198.25,342.76,434.52,94,94,97,98,9.58,0.4,9.35,8.68,1.08
RAIL,164.04,191.19,196.44,137.24,268.25,414.48,94,84,96,98,10.89,0.62,8.6,9.35,0.77
EVEX,164.02,172.22,194.89,155.66,122.96,129.88,94,89,70,76,6.9,0.88,5.6,4.36,2.08
SNES,163.86,185.48,213.89,136.6,87.22,79.66,94,83,18,11,4.6,0.77,3.6,2.87,0.46
OPFI,163.54,197.2,243.39,243.05,412.52,265.88,94,96,98,96,11.64,0.64,12.82,9.53,0.6
ETON,163.41,176.28,196.14,305.59,334.32,296.78,94,97,97,96,15.02,0.69,16.2,13.66,0.85
PULM,163.34,173.85,215.6,252.55,386.83,350.74,94,96,98,97,6.21,0.54,7.19,6.09,0.09
SEGG,163.18,167.72,176.89,240.9,362.86,56.1,94,96,97,4,1.16,0.46,1.23,0.82,1.04
CVNA,163.0,173.32,189.39,206.95,238.59,357.91,94,94,95,97,347.52,0.96,321.18,246.69,0.74
EPRX,162.6,176.7,181.81,150.7,138.8,108.36,94,88,81,55,5.29,0.84,4.43,3.54,0.34
CCRD,162.32,162.32,165.46,164.24,165.22,175.2,94,91,89,90,28.97,0.89,27.17,21.41,0.89
CMPX,162.1,178.04,176.89,142.12,242.38,156.74,93,86,95,87,3.0,0.7,2.39,2.16,0.77
UPST,162.08,175.94,189.79,140.71,204.4,246.64,93,85,93,95,78.36,0.84,58.67,58.91,0.62
NNE,161.95,161.95,206.25,329.19,320.81,272.21,93,97,97,96,37.62,0.82,31.89,27.31,0.72
DOYU,161.88,174.42,167.96,241.03,377.8,248.14,93,96,97,95,8.02,0.79,6.91,5.86,0.85
UUUU,161.8,165.69,125.23,112.19,96.25,108.96,93,62,28,56,9.36,1.0,5.65,5.38,1.59
TLN,161.75,161.75,159.31,159.31,201.74,213.03,93,90,93,93,328.63,1.0,264.4,220.07,4.14
GOSS,161.58,166.73,156.17,151.97,187.79,108.74,93,88,92,55,1.7,0.99,1.26,1.06,1.5
CIFR,161.51,169.8,172.0,107.69,136.33,194.91,93,49,80,92,6.36,0.8,4.25,4.59,0.84
UCL,161.37,178.28,141.08,146.58,97.06,162.36,93,87,29,88,2.15,0.64,1.72,1.4,0.47
SRAD,161.26,165.98,167.96,198.58,187.6,158.38,93,94,92,88,30.25,0.99,25.66,20.4,0.89
AENT,160.92,160.92,157.41,121.27,280.69,489.84,93,73,96,98,5.59,0.48,3.65,4.34,0.49
TVRD,160.79,218.29,228.51,225.25,158.68,120.73,93,95,88,69,24.61,0.64,26.15,16.94,0.43
CRWV,160.55,171.03,209.58,109.63,114.01,92.57,93,54,54,26,123.02,0.59,129.09,99.56,0.54
FEDU,160.42,181.19,172.63,96.79,102.1,113.1,93,33,35,61,15.9,0.7,10.59,10.26,0.0
RCL,160.36,161.03,161.77,137.62,152.53,158.63,93,84,86,88,350.1,1.0,280.72,237.1,0.64
TLSA,160.28,165.17,166.15,200.21,202.55,138.03,93,94,93,81,1.55,0.8,1.5,1.11,0.59
OPRX,159.86,176.6,168.11,256.6,137.42,56.56,93,96,80,4,12.97,0.79,12.77,7.92,0.68
CRS,159.67,162.65,169.88,160.87,183.06,183.74,93,90,92,91,287.42,1.0,251.65,198.98,0.65
FLYE,159.56,164.48,179.73,128.72,101.48,94.36,93,79,34,33,5.61,0.12,3.55,2.84,0.46
RBRK,159.54,168.17,185.55,220.13,169.39,161.07,93,95,90,88,88.11,0.83,88.84,66.63,0.86
ESP,159.38,173.55,173.55,156.94,127.06,138.97,93,89,74,81,49.43,0.94,40.8,31.48,0.84
MGIC,159.26,166.2,167.13,144.36,130.74,108.2,93,87,76,54,21.13,0.96,17.35,13.32,0.52
LGCL,159.01,173.64,170.8,83.57,65.56,73.72,93,18,7,8,1.06,0.32,0.75,0.71,0.11
VFF,158.59,173.13,175.78,143.56,83.78,85.25,93,86,16,15,1.33,0.93,1.13,0.85,0.29
STRT,158.49,168.19,172.91,153.67,144.94,146.97,93,89,84,84,60.32,0.8,56.22,44.44,0.62
ANTE,158.45,194.27,189.6,201.6,323.72,143.44,93,94,97,83,1.06,0.37,0.79,0.58,0.32
MDAI,158.34,177.31,193.73,136.8,125.48,178.76,93,84,72,91,2.51,0.71,2.01,1.72,1.48
KOD,158.11,168.18,144.26,120.16,214.62,321.73,93,72,94,97,5.52,0.39,3.94,4.87,1.39
ALNT,158.09,163.16,160.89,140.03,104.03,102.19,93,85,38,46,39.82,1.0,33.92,25.69,1.12
SLI,158.05,185.61,185.61,139.75,101.82,148.28,93,85,35,85,2.7,0.91,1.93,1.68,0.81
SANA,157.87,174.33,175.08,93.29,80.47,77.36,93,28,13,9,4.63,0.65,2.72,2.7,0.99
SOUN,157.86,158.2,174.96,167.84,409.55,564.69,93,91,98,98,12.81,0.43,10.49,10.53,1.05
OLO,157.85,163.98,164.92,162.41,141.92,152.96,93,90,82,86,10.13,1.0,9.06,7.17,1.18
STRM,157.79,163.3,162.3,138.86,118.42,92.92,93,84,65,30,5.29,0.49,4.36,3.4,0.22
INTZ,157.76,170.67,274.81,253.46,181.81,392.62,93,96,91,97,2.09,0.33,1.97,1.39,0.48
THM,157.44,186.14,186.14,186.26,137.73,123.87,93,93,80,72,1.03,0.9,0.89,0.63,0.57
FIVE,157.38,157.39,148.29,133.01,84.55,85.6,93,82,16,15,139.97,1.0,120.31,96.24,0.82
LMFA,157.29,157.29,134.36,95.64,65.44,108.69,93,31,7,55,3.23,0.61,2.02,2.09,11.34
IMMX,157.25,157.25,139.6,137.39,92.33,102.78,93,84,23,46,2.97,1.0,2.33,1.96,0.94
HWM,157.15,157.6,161.01,157.78,150.07,148.37,93,90,85,85,190.49,1.0,172.52,133.06,0.69
RMNI,157.12,176.32,176.32,150.79,180.64,104.9,93,88,91,50,4.85,0.89,3.66,2.97,0.65
ENVX,156.93,159.01,144.05,96.29,113.8,114.21,93,32,51,62,15.54,0.85,9.59,9.5,1.49
SWIN,156.88,172.71,181.87,92.4,74.89,77.0,93,27,10,9,3.54,0.77,2.43,2.09,0.37
IMCC,156.8,166.48,170.71,237.2,101.21,139.83,93,96,34,82,3.42,0.43,2.67,2.27,0.1
MPU,156.66,190.93,217.62,90.33,64.76,100.85,93,25,7,44,2.13,0.84,1.18,1.18,0.84
SLDB,156.55,156.55,121.42,88.45,84.89,105.05,93,23,16,50,6.39,0.52,4.17,4.52,1.91
OPRT,156.54,175.2,192.16,185.81,236.93,132.88,93,93,95,78,6.15,0.6,6.78,5.0,0.91
NAK,156.15,393.7,393.7,295.26,321.95,192.24,93,97,97,92,1.04,0.37,1.34,0.83,8.96
RFIL,156.07,164.8,163.13,117.15,144.85,114.58,93,69,84,63,7.03,0.89,5.12,4.46,3.39
FSI,155.96,174.44,174.82,142.29,250.31,224.92,93,86,95,94,5.43,0.69,4.68,4.48,0.72
MIRA,155.95,192.65,132.61,125.49,127.06,147.88,93,77,74,84,1.8,0.26,1.31,1.22,1.38
SUPX,155.58,172.92,177.53,276.31,260.69,100.82,93,97,96,44,10.21,0.8,10.4,6.85,0.23
NEOV,155.31,158.52,154.55,125.2,152.97,246.98,93,77,87,95,4.56,0.69,3.39,3.52,1.42
SEI,155.23,187.57,201.12,188.83,308.08,300.28,93,93,97,96,29.19,0.74,27.4,23.87,0.74
AKRO,155.07,163.69,165.69,174.41,205.17,150.84,93,92,93,85,52.08,0.85,50.04,40.02,0.52
CRBU,155.02,155.02,134.07,89.52,51.41,81.75,93,24,4,12,2.05,0.64,1.23,1.45,1.99
LMND,154.94,159.59,171.7,158.44,173.87,253.89,93,90,90,96,42.13,0.74,37.77,33.62,0.84
UI,154.87,154.87,158.6,212.95,238.07,235.27,93,95,95,94,460.4,1.0,404.83,342.82,0.84
ATI,154.76,154.76,149.94,145.9,111.8,112.26,92,87,49,60,93.41,1.0,82.26,63.22,0.66
THTX,154.28,195.25,199.45,214.33,184.28,131.06,92,95,92,77,3.14,0.97,2.68,1.9,0.66
ALDX,154.15,154.38,163.84,60.62,170.46,169.96,92,6,90,90,5.39,0.71,3.16,4.55,1.66
HTZ,154.1,194.46,200.76,226.6,213.22,101.66,92,95,94,45,7.53,0.81,6.74,4.8,0.79
ADCT,154.01,175.15,168.93,158.94,70.47,165.96,92,90,9,89,3.03,0.7,2.75,2.21,0.59
ADPT,153.78,181.1,211.72,210.23,197.4,163.55,92,95,93,89,10.39,0.78,10.31,7.65,0.79
AGAE,153.6,153.6,306.71,336.87,134.76,113.6,92,97,79,61,1.84,0.4,2.33,1.37,0.42
TIGR,153.32,153.32,160.74,183.89,198.46,170.17,92,93,93,90,10.58,0.8,9.11,7.7,3.22
GREE,153.25,158.48,152.26,117.75,64.1,88.83,92,70,7,18,1.95,0.51,1.42,1.53,0.97
IH,153.14,153.14,126.93,139.78,184.97,90.44,92,85,92,20,3.17,0.99,2.39,2.04,5.91
TME,153.09,158.4,142.64,145.77,131.81,112.71,92,87,77,60,21.43,0.93,18.21,13.8,1.37
OPOF,152.92,156.21,184.28,218.65,217.69,139.25,92,95,94,81,41.22,1.0,39.82,29.72,0.7
EVLV,152.58,158.32,187.73,187.76,128.58,109.48,92,93,75,56,5.83,0.9,5.49,4.01,0.63
CMP,152.56,187.06,197.62,178.31,92.66,105.43,92,92,24,50,20.54,0.87,19.99,14.09,0.7
KFS,152.45,161.52,184.14,169.28,108.3,100.07,92,92,43,42,14.32,0.76,12.94,9.47,0.46
CISO,152.45,174.86,207.39,182.81,152.87,394.49,92,93,86,97,1.08,0.24,1.15,1.06,0.8
CPS,152.39,167.69,171.41,176.17,130.53,97.72,92,92,76,38,22.67,0.78,22.81,16.64,0.64
INUV,152.28,152.28,141.31,164.79,162.3,221.85,92,91,89,94,5.81,0.73,4.32,3.86,1.3
AHG,152.27,152.27,149.12,172.76,154.71,179.28,92,92,87,91,1.87,0.96,1.48,1.24,0.49
TRVI,152.15,164.23,157.18,213.13,239.21,175.96,92,95,95,90,6.86,0.96,6.28,4.81,1.2
QURE,151.83,158.22,197.44,224.79,252.82,338.85,92,95,96,97,14.99,0.77,14.56,12.11,1.28
MSTR,151.5,185.63,178.11,218.62,308.87,454.45,92,95,97,98,423.22,0.86,396.53,332.64,1.52
SKE,151.48,175.85,191.69,190.07,184.28,177.12,92,94,92,91,16.27,0.98,14.19,10.92,0.82
SPWH,151.33,165.62,221.63,234.22,71.79,89.11,92,96,9,19,3.44,0.78,2.91,2.24,0.54
PONY,151.17,151.17,126.47,110.82,106.43,92.57,92,59,41,26,13.01,0.46,14.74,13.15,0.81
LMB,150.98,179.17,187.01,187.67,171.47,179.41,92,93,90,91,138.73,0.89,135.38,99.4,1.64
KEN,150.97,151.91,137.27,124.04,138.55,129.13,92,76,81,76,47.22,1.0,37.85,32.3,0.59
STRL,150.96,158.78,169.47,162.12,156.83,179.27,92,90,88,91,250.95,1.0,209.27,167.79,1.0
STX,150.91,157.41,157.38,133.66,100.04,111.73,92,82,33,59,149.07,0.97,126.85,101.64,0.79
ORCL,150.85,151.55,142.9,136.83,120.07,135.39,92,84,67,80,245.45,0.97,192.78,170.96,0.7
INDV,150.84,155.17,133.64,120.02,96.96,99.48,92,72,29,41,16.01,0.98,13.43,11.11,0.97
ESEA,150.72,151.63,148.77,146.1,112.54,114.23,92,87,50,62,49.42,0.99,42.21,32.39,0.84
CCJ,150.62,150.62,147.83,142.64,98.84,123.81,92,86,31,72,78.97,1.0,64.36,53.13,0.8
OBLG,150.53,150.53,118.2,98.92,83.4,72.68,92,36,15,7,5.32,0.63,3.83,3.6,1.43
GALT,150.08,164.56,156.22,156.22,116.85,119.53,92,89,62,68,2.8,0.8,1.83,1.83,0.62
JBL,150.07,153.0,164.51,154.17,127.18,119.58,92,89,74,68,223.98,0.98,189.99,153.25,0.88
LNSR,149.99,170.11,172.75,286.82,326.17,207.34,92,97,97,93,13.1,0.71,13.22,10.62,0.23
IBKR,149.81,149.81,139.23,132.4,168.61,155.16,92,81,90,87,64.05,1.0,53.33,46.86,2.79
NBIS,149.79,154.49,163.11,144.49,148.73,92.57,92,87,85,26,52.79,0.93,44.35,32.3,0.67
MNY,149.73,149.73,100.36,80.32,77.74,78.97,92,16,12,10,1.67,0.91,0.86,0.97,2.63
KEP,149.68,164.16,183.68,143.19,127.03,102.1,92,86,74,46,13.05,0.8,11.61,8.71,0.77
AGX,149.64,175.45,196.6,244.0,221.72,236.91,92,96,94,95,206.63,0.79,205.78,155.42,1.31
PPTA,149.52,149.58,149.58,200.13,200.49,212.23,92,94,93,93,17.18,0.98,13.97,11.64,2.06
PRE,149.47,168.86,183.23,204.34,118.76,123.54,92,94,65,71,7.91,0.58,7.91,5.61,0.44
SE,149.33,149.33,149.2,178.15,181.61,175.57,92,92,91,90,168.55,0.98,157.49,126.22,0.98
EOSE,149.13,149.13,207.47,382.79,380.1,405.1,92,98,97,98,5.87,0.78,5.1,4.36,2.62
SEDG,149.06,154.9,147.15,118.32,89.56,51.76,92,70,21,3,26.62,0.88,20.61,16.52,0.65
AISP,148.98,149.31,151.31,150.61,216.78,222.41,92,88,94,94,5.78,0.78,5.09,4.09,1.49
AP,148.98,187.53,187.53,198.56,147.5,136.07,92,94,84,80,3.25,0.81,3.01,2.28,0.34
MGTX,148.85,163.01,155.21,130.65,153.05,123.06,92,81,87,71,8.62,0.95,6.39,6.27,0.74
PZG,148.65,159.14,170.8,150.51,103.74,99.15,92,88,37,41,0.67,0.88,0.59,0.43,0.45
CNTB,148.56,164.14,150.87,97.78,78.21,88.7,92,34,12,18,1.72,0.89,0.98,0.99,2.11
ODD,148.34,159.56,169.98,180.69,114.94,113.59,92,93,59,61,69.62,0.83,71.41,50.97,0.78
ACOG,148.33,162.61,168.23,138.53,106.26,92.57,92,84,41,26,9.99,0.83,9.34,6.7,0.25
CARV,148.2,148.2,104.56,107.99,97.19,110.07,92,50,29,57,2.6,1.0,1.6,1.65,4.84
NEUP,148.19,155.59,155.25,128.94,131.25,60.47,92,80,77,4,7.45,0.66,6.55,4.84,0.44
DPRO,148.04,191.05,113.16,119.7,89.68,130.31,91,72,21,76,5.45,0.68,2.73,2.97,5.61
AVAV,148.04,152.58,172.25,118.28,97.01,131.33,91,70,29,77,274.03,0.94,205.37,178.74,0.85
SIF,147.97,147.97,142.62,105.18,102.41,112.94,91,45,36,61,5.05,0.86,3.64,3.5,1.28
NEXT,147.95,151.84,144.05,122.75,151.77,143.46,91,75,86,83,12.0,1.0,8.62,7.55,1.18
IPX,147.92,164.15,162.79,147.12,160.5,227.81,91,87,88,94,33.89,0.84,26.83,24.93,0.71
ABCL,147.82,153.5,154.27,123.75,97.59,92.8,91,75,30,30,4.48,1.0,2.96,2.8,1.86
RETO,147.82,147.82,155.6,580.9,399.32,62.38,91,98,98,5,2.5,0.42,3.06,2.07,0.39
XMTR,147.71,159.47,166.63,161.78,166.94,224.85,91,90,89,94,35.05,0.71,33.43,29.89,1.12
ROOT,147.62,159.81,192.05,256.42,450.3,495.03,91,96,98,98,131.32,0.67,134.22,106.67,1.14
GDC,147.57,187.41,166.95,225.17,203.13,181.49,91,95,93,91,3.38,0.35,2.88,2.29,0.15
NRG,147.49,148.72,167.87,173.41,141.01,135.36,91,92,82,80,151.75,0.88,152.39,110.65,0.99
LX,147.46,175.61,226.82,325.52,480.49,318.3,91,97,98,97,6.32,0.49,7.49,6.66,1.87
ATRO,147.41,161.81,161.81,166.16,145.88,96.89,91,91,84,37,34.56,0.92,32.23,22.66,0.68
ONCY,147.33,152.14,158.0,91.37,75.89,99.91,91,26,11,42,1.27,0.88,0.67,0.79,0.95
IESC,147.2,151.48,162.53,154.06,198.47,221.46,91,89,93,94,327.15,1.0,277.25,233.56,2.62
OPEN,147.06,147.06,56.42,60.55,70.13,82.76,91,6,9,13,2.25,0.79,0.74,1.31,4.93
DOUG,147.04,149.61,155.38,167.05,124.83,144.59,91,91,72,83,2.56,0.74,2.46,1.99,0.51
LITE,147.02,149.25,140.28,134.45,161.23,167.12,91,82,88,89,102.22,0.99,84.22,76.48,0.79
MASS,146.99,183.72,212.66,212.66,152.81,62.2,91,95,86,4,6.7,0.79,6.29,3.98,0.36
LUNR,146.91,148.1,157.6,172.54,428.71,464.67,91,92,98,98,12.41,0.46,11.03,12.06,1.73
ZVRA,146.87,163.12,162.8,125.07,127.41,145.03,91,77,74,84,12.07,0.9,9.45,8.41,1.34
TSHA,146.84,149.17,149.17,141.62,100.89,114.57,91,85,34,63,2.57,0.68,2.55,2.01,1.26
ZDGE,146.55,156.21,154.94,141.96,97.54,101.96,91,85,30,45,4.44,1.0,3.18,2.78,0.17
TWLO,146.51,146.51,143.86,143.77,201.05,164.29,91,86,93,89,131.0,0.81,117.75,105.95,1.39
LCTX,146.33,169.86,166.88,143.53,75.87,87.04,91,86,11,16,0.96,0.78,0.77,0.66,0.57
MTEK,146.24,153.26,162.34,147.02,205.75,354.72,91,87,94,97,3.45,0.45,2.73,2.63,0.32
ALGM,146.24,146.24,145.42,118.03,112.67,91.4,91,70,50,22,36.62,0.96,30.19,24.49,0.7
SLSR,146.22,170.99,176.81,159.21,144.67,121.71,91,90,84,70,5.04,0.8,4.58,3.52,0.6
VS,145.89,145.89,145.3,141.28,142.54,147.64,91,85,83,84,2.75,0.58,2.25,2.07,0.26
VST,145.79,149.61,159.52,158.8,235.74,244.58,91,90,95,95,193.01,0.97,173.04,147.76,1.17
MBOT,145.73,168.17,208.89,242.9,229.83,239.54,91,96,95,95,2.47,0.82,2.55,1.75,0.83
VSAT,145.5,145.72,140.74,115.86,101.1,60.07,91,67,34,4,15.72,0.5,12.14,10.17,0.82
FRHC,145.42,145.42,122.93,168.72,162.09,148.1,91,91,89,85,178.85,0.96,155.44,134.67,1.44
SORA,145.24,170.45,171.17,109.63,114.01,92.57,91,54,54,26,6.81,0.45,7.26,5.75,0.04
PBI,144.9,151.69,147.01,144.74,176.92,143.39,91,87,91,83,12.03,0.99,10.42,8.71,1.12
CMCL,144.65,167.09,176.64,171.41,138.81,129.08,91,92,81,75,20.32,0.87,18.38,13.33,0.51
SII,144.52,149.24,149.24,145.41,134.46,108.79,91,87,79,55,75.45,1.0,63.13,48.89,1.04
NVNO,144.33,153.89,130.14,122.48,82.14,75.76,91,74,14,9,4.97,0.74,3.98,3.32,2.96
IHS,144.23,154.71,156.68,181.39,177.14,91.09,91,93,91,21,5.89,0.88,5.81,4.2,1.15
CVAC,144.17,155.16,167.45,162.09,122.26,131.56,91,90,69,77,5.39,0.93,4.76,3.56,0.73
CPSH,144.07,155.89,179.59,194.23,110.72,97.52,91,94,47,38,2.52,0.69,2.56,1.83,0.37
LINK,143.99,147.13,147.53,126.89,183.66,145.85,91,78,92,84,7.8,0.69,6.16,6.01,0.62
SOC,143.66,143.66,103.79,164.87,183.93,170.8,91,91,92,90,31.69,0.93,25.07,23.55,3.48
TPB,143.59,149.96,155.67,181.07,176.19,185.94,91,93,91,91,78.14,0.94,74.26,61.69,1.45
SPOT,143.57,150.47,166.0,172.92,181.89,157.94,91,92,91,87,695.48,0.83,693.7,552.03,1.19
DC,143.47,152.28,152.28,145.02,137.48,98.29,91,87,80,39,4.12,0.96,3.56,2.79,1.02
EAF,143.45,143.45,106.46,114.28,116.73,194.26,91,65,62,92,1.46,0.53,1.04,1.33,2.41
SES,143.4,143.4,138.71,180.83,171.25,228.08,91,93,90,94,1.21,0.44,0.93,0.78,1.92
ATHR,143.35,145.91,95.42,109.63,114.01,92.57,91,54,54,26,13.06,0.65,13.46,11.66,0.54
RIOT,143.23,143.23,134.18,115.09,116.95,131.48,91,66,63,77,13.86,0.87,10.11,10.07,1.46
IINN,143.18,152.52,155.99,73.97,79.02,105.05,91,12,13,50,1.41,0.88,0.82,0.96,0.64
RDDT,143.16,143.16,158.46,156.17,245.89,233.63,91,89,95,94,148.24,0.56,126.39,134.21,0.79
ODC,143.09,147.45,142.7,142.45,146.37,119.48,91,86,84,68,61.47,0.97,54.15,43.89,1.39
MFH,143.02,143.02,153.41,363.19,469.64,443.35,91,98,98,98,5.16,0.6,4.38,5.01,1.34
AXON,142.8,147.77,170.6,179.92,182.07,195.72,91,93,91,92,756.09,0.87,757.19,612.31,0.67
AFRM,142.47,150.28,162.9,135.31,188.28,191.59,91,83,92,92,68.9,0.79,59.62,56.25,0.59
ESLT,142.47,153.38,163.03,186.59,194.78,135.78,91,93,93,80,432.97,0.92,422.32,326.84,0.53
INDI,142.41,149.76,125.58,97.33,86.44,91.32,91,34,17,21,4.68,0.57,3.19,3.42,1.37
SYTA,142.2,142.2,106.61,121.06,23.4,38.83,90,73,1,2,4.45,0.03,3.23,5.33,0.08
RYTM,142.09,151.01,150.7,135.58,134.05,143.12,90,83,79,83,89.2,0.95,67.0,58.78,0.81
BIRD,142.06,162.63,159.92,153.11,73.38,70.46,90,89,10,7,10.65,0.49,9.04,7.77,1.77
PRM,141.97,147.76,142.61,132.55,160.61,210.09,90,81,88,93,17.06,1.0,13.45,12.23,1.08
AYTU,141.84,141.84,136.54,137.28,63.97,69.61,90,84,7,6,2.37,0.74,1.97,1.66,0.09
LGCY,141.78,147.97,146.67,115.38,117.46,128.5,90,67,64,75,11.38,0.96,9.73,7.77,0.31
BRNS,141.5,149.75,97.79,94.27,85.85,67.87,90,29,17,6,1.5,0.96,0.97,1.03,0.27
SIFY,141.42,156.5,148.58,147.37,159.41,88.97,90,87,88,19,5.57,0.94,4.76,3.94,5.09
BE,141.23,154.33,166.33,146.53,242.05,203.64,90,87,95,93,24.99,0.77,21.54,20.44,0.85
ARTW,141.0,142.22,130.79,115.16,102.09,176.24,90,66,35,90,2.56,0.53,1.97,1.76,2.02
GROY,140.92,158.81,166.63,157.1,125.7,90.55,90,89,72,20,2.37,0.92,2.05,1.54,0.37
AAP,140.83,142.15,142.04,121.82,88.51,87.46,90,74,19,17,61.13,0.95,47.9,41.79,0.42
SSRM,140.82,167.59,178.08,189.54,205.79,123.26,90,94,94,71,11.8,0.82,12.13,9.1,0.93
EDIT,140.71,154.6,175.44,115.83,72.73,52.09,90,67,10,3,2.76,0.38,2.07,1.96,0.99
MIR,140.71,143.78,151.83,154.66,137.68,161.67,90,89,80,88,21.77,1.0,19.56,16.43,0.56
MLCO,140.63,140.63,134.64,102.49,88.46,92.57,90,41,19,26,8.97,1.0,6.96,6.25,0.57
REVG,140.56,149.55,156.86,147.73,141.01,141.15,90,87,82,82,46.33,0.85,42.88,33.96,0.7
NG,140.51,147.9,143.17,152.05,103.73,92.21,90,88,37,23,5.39,0.97,4.15,3.59,0.72
ENLT,140.39,143.38,146.51,118.22,105.55,96.93,90,70,40,37,25.22,0.93,21.1,17.5,0.19
DK,140.38,151.27,152.0,121.49,88.31,86.75,90,74,19,16,24.63,0.87,20.68,17.44,0.65
FENC,140.35,151.04,149.4,142.89,112.67,89.72,90,86,50,20,8.44,0.88,7.97,6.28,0.68
OP,140.29,162.31,183.83,217.53,60.57,73.24,90,95,6,8,1.64,0.44,1.24,1.21,0.21
WF,140.29,155.74,152.42,129.57,115.08,106.19,90,80,59,51,54.03,0.87,45.54,36.97,2.02
GBFH,140.27,140.27,125.48,141.32,132.48,134.79,90,85,78,79,42.72,0.95,38.65,35.26,0.8
EXOD,140.21,142.35,119.34,268.98,1155.61,765.44,90,96,99,99,38.1,0.34,33.13,34.84,1.05
KZIA,140.14,164.06,164.06,108.29,42.74,183.0,90,50,3,91,10.15,0.23,6.33,11.31,0.04
POET,140.13,168.73,160.36,159.78,279.73,384.99,90,90,96,97,6.27,0.75,4.91,4.52,1.48
FEIM,140.13,140.13,166.96,162.19,157.9,172.75,90,90,88,90,21.47,0.88,19.87,16.6,1.27
METCB,140.06,140.06,127.85,95.76,90.96,86.43,90,31,22,16,13.95,1.0,8.45,8.81,2.9
ATAT,140.01,142.86,138.72,143.21,147.41,140.69,90,86,84,82,35.93,0.99,31.9,28.08,0.36
SMMT,139.93,154.79,161.9,393.24,325.13,469.49,90,98,97,98,26.2,0.62,22.86,21.01,0.72
RRGB,139.8,143.68,139.82,130.67,103.04,97.76,90,81,37,39,6.21,0.84,4.97,4.9,0.16
FORTY,139.79,146.29,149.86,128.4,126.03,121.88,90,79,73,70,127.89,0.89,111.86,93.36,0.0
MTSR,139.71,168.28,146.09,109.63,114.01,92.57,90,54,54,26,42.71,0.95,30.24,27.35,0.73
ORIC,139.65,152.75,160.54,108.47,113.61,103.12,90,50,51,47,11.01,0.82,8.59,8.4,0.37
FLEX,139.63,143.24,147.37,129.21,135.26,132.34,90,80,79,78,53.06,1.0,45.56,39.2,0.86
DASH,139.54,143.65,149.31,139.79,140.05,134.59,90,85,82,79,239.17,0.95,219.34,187.46,0.81
DAO,139.53,145.79,162.14,189.06,245.43,192.94,90,94,95,92,8.79,0.71,8.88,7.56,0.9
QH,139.51,139.51,127.4,184.37,224.98,228.03,90,93,95,94,1.59,0.93,1.21,1.36,1.81
RERE,139.45,139.45,131.81,113.4,158.6,161.1,90,64,88,88,3.68,0.82,2.96,2.83,1.92
GHM,139.38,146.51,154.62,139.14,167.76,161.7,90,85,89,88,51.35,0.95,44.33,38.34,0.72
LXRX,139.29,154.35,149.42,116.54,55.08,112.05,90,68,4,60,1.23,0.45,0.79,0.86,1.14
COEP,139.29,156.87,153.1,193.49,256.27,153.97,90,94,96,86,10.68,0.76,8.95,7.76,1.12
KIDZ,139.25,140.98,112.96,109.63,114.01,92.57,90,54,54,26,3.05,0.32,3.43,3.15,0.14
KINS,139.25,139.25,152.14,258.35,299.16,352.86,90,96,96,97,15.99,0.66,15.88,15.02,0.64
SKYE,139.24,160.4,181.47,63.63,65.62,125.91,90,7,7,73,3.89,0.46,2.8,3.08,0.31
IZEA,139.24,145.86,125.51,117.78,101.03,112.56,90,70,34,60,3.33,0.95,2.77,2.53,0.52
WILC,139.04,144.83,144.09,142.73,156.27,154.46,90,86,87,86,19.82,0.99,17.07,15.09,0.54
URBN,139.01,139.91,144.38,170.55,140.8,137.13,90,92,82,81,72.14,0.92,68.1,53.58,0.59
ILPT,138.95,165.36,145.57,116.74,97.26,98.95,90,69,29,40,5.23,0.78,4.03,3.72,1.08
CHGG,138.85,146.57,130.54,119.49,57.32,70.16,90,72,5,7,1.4,0.31,1.21,1.35,0.45
BBW,138.76,139.66,152.26,152.67,136.15,156.23,90,88,80,87,52.66,0.95,47.75,40.69,0.69
W,138.75,138.75,142.49,113.99,97.5,93.58,90,65,30,32,56.44,0.93,46.49,43.05,0.59
WBD,138.71,140.22,125.05,109.82,124.32,125.93,90,57,71,73,12.75,0.99,10.37,9.81,2.11
AHR,138.71,142.11,150.21,170.22,166.3,143.12,90,92,89,83,37.83,1.0,35.36,29.67,0.56
SPAI,138.65,146.5,118.72,125.88,138.71,138.07,90,77,81,81,4.0,0.74,2.89,3.02,14.43
INBS,138.59,138.59,114.23,95.16,136.72,85.03,90,31,80,15,2.15,0.69,1.62,1.62,0.49
BYON,138.46,138.46,125.35,91.4,87.71,53.11,89,26,19,3,8.85,0.47,6.59,6.45,1.8
XERS,138.36,155.17,143.42,188.01,216.41,137.31,89,93,94,81,5.11,0.8,4.8,4.0,0.67
NA,138.16,152.01,307.28,240.27,151.64,206.67,89,96,86,93,8.0,0.43,7.39,6.74,0.59
NUKK,138.04,148.9,362.23,522.2,865.78,1459.0,89,98,99,99,7.98,0.13,12.85,13.14,0.36
BOSC,138.04,138.66,145.35,142.55,133.49,128.63,89,86,78,75,5.2,1.0,4.56,3.76,0.66
SAN,137.84,143.92,153.72,156.44,154.44,105.03,89,89,87,50,8.44,0.9,8.06,6.17,0.74
AVGO,137.83,138.47,144.56,155.84,147.54,153.51,89,89,85,86,283.34,0.98,251.45,207.89,0.69
AAMI,137.74,144.34,144.34,121.11,116.91,123.9,89,73,63,72,40.06,1.0,32.9,28.14,0.82
FL,137.71,139.51,133.97,115.48,76.32,86.95,89,67,11,16,25.17,0.64,22.88,20.42,0.52
PAHC,137.49,150.32,145.01,115.09,141.45,156.62,89,66,82,87,29.41,0.86,25.5,22.74,1.19
WDC,137.42,141.11,138.55,115.51,102.39,105.51,89,67,36,50,68.0,1.0,57.05,49.54,0.68
AMBP,137.15,147.3,147.3,129.02,103.86,113.76,89,80,38,62,4.57,0.93,4.14,3.35,0.47
LINC,137.13,145.27,161.88,157.66,147.67,135.21,89,90,85,80,22.94,0.93,22.34,17.29,0.4
BW,136.95,146.2,143.89,107.58,91.52,196.55,89,49,22,92,1.04,0.29,0.92,1.34,0.41
ETNB,136.72,155.12,150.34,126.91,117.28,107.7,89,78,63,54,10.49,0.83,9.66,8.54,0.66
IRTC,136.68,143.2,155.04,161.07,132.92,118.7,89,90,78,67,136.24,0.81,142.65,106.3,0.88
FINV,136.64,145.4,143.16,140.5,192.82,127.01,89,85,93,74,9.84,0.85,9.15,7.85,1.02
JVA,136.56,140.97,151.51,165.9,455.17,289.51,89,91,98,96,4.73,0.37,4.02,4.03,1.78
APH,136.47,136.47,136.09,137.11,115.89,113.06,89,84,61,61,103.34,1.0,92.47,74.75,0.78
DB,136.46,141.7,147.77,159.55,154.56,111.02,89,90,87,58,29.93,0.97,28.46,21.99,0.62
EFOI,136.35,162.24,162.24,148.98,173.94,92.95,89,88,90,31,2.21,0.67,2.03,1.67,0.87
NIU,136.27,136.27,158.74,196.03,264.97,113.81,89,94,96,62,3.63,0.61,3.52,2.74,0.96
APEI,136.27,149.52,150.28,165.18,154.94,157.34,89,91,87,87,30.34,0.93,28.94,22.51,0.76
NCPL,136.14,300.34,383.22,151.91,83.81,64.7,89,88,16,5,3.24,0.24,3.65,2.33,1.07
CTOR,136.0,248.55,402.95,141.85,68.58,54.2,89,85,8,3,1.53,0.02,1.95,1.27,0.32
MPAA,135.91,144.29,148.28,174.73,173.95,109.91,89,92,90,57,11.06,0.81,11.0,8.71,0.49
FUBO,135.85,148.33,211.94,191.62,250.83,314.01,89,94,95,97,3.35,0.51,3.34,2.78,0.72
WWW,135.76,135.76,131.18,119.42,173.97,184.78,89,72,90,91,20.42,0.75,17.78,17.78,1.05
BH,135.6,135.6,135.49,129.57,125.31,133.67,89,80,72,79,304.83,1.0,268.29,228.16,0.49
SNOW,135.53,136.77,149.0,143.22,123.79,116.52,89,86,71,65,216.89,0.92,205.56,166.68,0.7
ATNF,135.43,135.43,71.17,69.52,58.77,156.82,89,9,5,87,1.88,0.21,1.02,1.61,2.31
CRK,135.17,144.27,206.63,204.5,188.01,196.35,89,94,92,92,23.16,0.66,24.74,18.82,0.66
OMAB,135.13,145.15,145.39,146.95,124.41,101.61,89,87,71,45,111.22,0.95,103.03,79.78,0.48
EAT,135.05,144.2,171.65,206.96,263.61,230.67,89,95,96,94,161.8,0.79,166.46,142.27,1.11
SLNO,134.96,142.85,170.21,165.57,174.14,129.41,89,91,90,76,87.2,0.97,79.51,60.16,1.07
MYRG,134.88,136.64,140.7,132.45,102.86,122.04,89,81,36,70,191.94,1.0,170.32,142.81,0.53
BASE,134.86,138.2,155.85,125.1,96.01,87.29,89,77,28,17,24.31,0.98,20.93,17.73,0.31
CMPO,134.78,138.22,144.46,147.23,181.43,207.21,89,87,91,93,14.95,1.0,13.65,12.54,0.53
SHOP,134.74,138.35,128.54,128.88,149.65,146.19,89,80,85,84,127.07,0.97,109.65,102.82,0.74
FPH,134.66,141.0,137.37,149.74,171.07,118.22,89,88,90,66,5.99,0.84,5.63,4.9,0.53
BGLC,134.66,175.18,350.48,118.92,96.24,85.07,89,71,28,15,5.1,0.33,3.79,3.41,0.27
WWR,134.6,134.6,112.41,102.62,197.29,153.72,89,42,93,86,0.89,0.61,0.56,0.62,14.45
TERN,134.53,134.53,122.64,76.8,67.09,110.77,89,14,7,58,5.64,0.39,3.79,4.71,1.54
VZLA,134.52,153.04,161.61,179.78,144.76,138.15,89,92,84,81,3.24,0.8,2.98,2.26,0.95
CIB,134.45,136.94,150.1,170.29,169.57,99.51,89,92,90,42,45.95,0.98,43.28,33.77,0.62
CRDF,134.33,142.35,134.54,142.81,181.14,199.92,89,86,91,93,4.28,0.67,3.43,3.41,1.33
BKTI,134.24,143.06,227.2,243.69,245.87,218.47,89,96,95,94,40.99,0.66,45.23,36.05,0.82
SLS,134.24,159.2,182.78,150.83,144.57,113.66,89,88,84,62,1.77,0.69,1.77,1.33,0.89
AREC,134.19,200.8,169.53,161.6,165.82,144.64,89,90,89,84,1.35,0.89,0.88,0.85,0.98
MESO,134.13,134.13,118.41,129.79,393.24,412.43,89,80,98,98,15.62,0.64,11.32,12.75,7.97
YALA,134.11,143.24,141.81,192.93,166.35,86.03,89,94,89,15,7.41,0.86,7.07,5.26,0.47
HUT,133.79,143.85,139.21,144.56,220.55,271.43,89,87,94,96,21.62,0.59,17.93,18.15,0.76
SIEB,133.75,148.72,189.98,232.59,153.44,149.38,89,96,87,85,3.99,0.63,4.47,3.23,0.49
CUK,133.75,138.66,141.56,119.63,140.98,144.32,89,72,82,83,26.94,0.98,22.65,21.07,0.69
GHLD,133.68,133.68,135.02,135.02,121.08,100.15,89,83,68,43,19.85,1.0,16.31,14.02,0.35
SMTC,133.6,133.6,122.19,103.05,216.94,214.23,89,42,94,93,53.62,0.55,41.66,46.02,1.22
CW,133.51,136.05,141.58,142.85,119.7,129.09,89,86,66,75,487.88,0.98,451.95,371.5,0.58
CRSP,133.47,133.47,132.9,90.57,89.16,85.09,88,25,20,15,65.13,1.0,44.13,43.65,3.32
MIND,133.43,143.81,155.85,142.61,222.25,173.57,88,86,94,90,7.38,0.56,7.1,6.36,0.29
TIGO,133.35,142.5,137.12,149.94,147.49,123.45,88,88,84,71,39.95,1.0,36.29,28.56,1.21
FTCI,133.25,133.25,139.73,149.26,86.37,128.9,88,88,17,75,5.05,0.6,4.32,3.99,0.43
RZLT,133.15,137.61,129.36,97.96,188.64,302.57,88,34,92,96,5.39,0.84,4.34,4.43,0.61
CCL,133.1,137.39,140.68,120.82,141.0,145.46,88,73,82,84,29.55,0.97,24.98,23.25,0.68
CTRN,133.02,133.02,142.43,159.57,130.39,115.52,88,90,76,64,30.83,0.84,29.4,24.16,0.42
BDTX,133.01,133.01,123.23,91.52,62.15,76.6,88,26,6,9,3.13,0.35,2.36,2.35,0.7
DXYZ,132.99,176.3,180.81,229.08,350.97,504.0,88,95,97,98,31.81,0.35,39.61,39.31,1.55
DY,132.89,135.15,137.19,141.83,115.17,135.86,88,85,59,80,256.58,1.0,229.93,189.22,0.76
NFLX,132.82,141.4,148.8,156.11,144.63,133.68,88,89,84,79,1209.24,0.82,1227.47,985.14,3.21
CALX,132.82,132.82,139.49,138.16,112.04,95.24,88,84,49,35,53.67,0.99,48.38,39.24,1.55
BTBT,132.78,141.88,125.46,92.3,111.08,181.43,88,27,48,91,3.84,0.56,2.64,3.04,1.98
ELVA,132.74,144.5,142.42,140.6,109.87,95.26,88,85,46,35,3.69,0.89,3.31,2.65,0.37
MOMO,132.68,136.78,132.4,129.23,120.32,113.92,88,80,67,62,8.9,0.95,7.54,6.82,0.57
BBIO,132.68,147.05,147.42,138.31,136.96,115.77,88,84,80,64,46.51,0.95,39.54,32.74,0.72
DRS,132.58,137.89,141.76,148.48,136.81,135.57,88,88,80,80,48.13,0.99,44.11,35.83,1.64
LUMN,132.56,151.17,150.82,142.3,256.05,445.43,88,86,96,98,4.36,0.34,4.21,5.23,0.64
PBPB,132.54,138.79,136.58,125.08,139.0,107.24,88,77,81,53,12.41,0.87,11.23,10.13,1.14
SWKH,132.48,138.68,142.45,155.69,115.13,88.92,88,89,59,19,15.2,1.0,14.48,11.11,0.71
NXT,132.15,138.56,148.87,140.85,115.14,103.93,88,85,59,48,60.53,0.83,58.0,44.84,0.69
VRAR,132.12,142.23,132.98,165.46,199.56,402.29,88,91,93,98,1.54,0.27,1.41,1.34,0.81
SCPH,132.03,141.29,131.95,111.54,77.19,78.5,88,61,11,10,4.94,0.84,3.75,3.47,1.12
TEM,131.95,135.95,156.39,143.44,151.67,114.48,88,86,86,63,60.98,0.51,62.94,53.91,0.62
SIMO,131.82,131.82,128.07,113.92,89.8,83.84,88,65,21,13,73.32,0.93,67.27,56.12,0.45
KSCP,131.81,145.55,141.7,76.04,75.29,153.71,88,13,11,86,10.09,0.3,6.02,9.2,7.07
WWD,131.78,133.08,132.6,128.03,114.33,108.84,88,79,57,55,258.43,1.0,230.56,190.38,1.19
COOP,131.76,139.15,153.09,147.42,171.7,115.25,88,87,90,64,150.43,0.92,138.61,111.6,0.66
JOYY,131.54,138.37,135.71,129.15,142.13,118.17,88,80,82,66,53.91,0.96,47.96,41.28,0.63
PRQR,131.46,143.8,133.13,99.42,97.18,210.33,88,36,29,93,2.26,0.34,1.92,2.32,0.86
GOOS,131.46,131.75,129.4,111.12,95.79,82.59,88,60,27,12,14.02,0.99,11.43,10.15,0.77
QSI,131.39,140.01,166.62,168.58,209.08,350.48,88,91,94,97,1.76,0.31,1.72,1.53,0.67
ACMR,131.39,134.37,133.41,119.74,159.43,101.78,88,72,88,45,30.08,0.99,25.35,21.58,0.99
UTI,131.36,137.45,161.44,174.3,160.73,162.97,88,92,88,88,32.52,0.84,33.51,26.64,0.66
EMX,131.29,138.98,138.98,131.68,127.03,96.59,88,81,74,37,2.93,1.0,2.45,2.0,1.4
FRGE,131.23,131.23,140.19,126.24,74.23,68.26,88,78,10,6,18.22,0.66,16.09,14.23,1.17
BOWNU,131.21,132.85,145.61,204.48,84.56,103.18,88,94,16,47,13.02,1.0,12.38,9.63,0.0
CCB,131.14,140.82,142.11,160.28,180.78,169.79,88,90,91,89,101.7,0.96,91.46,82.12,0.64
IE,131.08,152.05,134.95,112.72,85.71,110.01,88,63,17,57,11.32,0.97,8.28,7.71,1.68
IDR,130.97,130.97,111.94,171.72,182.44,199.35,88,92,91,93,20.98,1.0,14.2,13.69,1.5
DCO,130.96,132.92,132.2,124.99,107.01,107.41,88,77,42,53,90.54,1.0,76.32,65.98,1.48
ARLO,130.85,134.6,145.95,140.62,113.6,102.06,88,85,51,45,16.35,0.86,15.44,12.24,1.2
AVXL,130.81,148.34,145.5,163.78,173.95,240.29,88,91,90,95,10.98,0.71,8.95,8.67,0.8
ARMN,130.73,145.16,154.09,162.42,148.11,121.78,88,91,85,70,6.91,0.92,6.57,4.84,0.52
GE,130.63,134.71,129.13,136.05,128.83,133.11,88,83,75,78,263.27,0.97,242.63,201.09,1.21
VIK,130.56,133.46,136.58,124.72,125.08,111.57,88,76,72,59,58.33,1.0,49.47,44.93,0.62
APG,130.5,132.64,133.46,127.27,104.7,99.16,88,78,39,41,34.77,1.0,32.34,26.34,1.09
MAZE,130.48,130.48,123.16,109.63,114.01,92.57,88,54,54,26,17.78,1.0,12.24,11.46,1.04
VUZI,130.46,132.39,159.13,189.61,335.08,350.81,88,94,97,97,2.5,0.37,2.7,2.54,0.73
TOST,130.37,131.94,133.48,139.84,150.64,180.41,88,85,86,91,46.52,1.0,43.11,37.69,0.95
ASMB,130.34,145.97,144.58,121.82,94.35,122.62,88,74,26,71,18.68,0.93,16.02,14.44,1.95
CBRL,130.18,142.81,143.04,133.91,108.61,108.95,88,82,44,56,65.64,0.93,58.7,50.59,0.41
BILI,130.18,130.18,109.51,119.9,156.35,157.57,88,72,87,87,25.2,0.73,20.11,19.75,0.93
AU,130.14,146.08,165.88,184.47,186.82,123.1,88,93,92,71,47.66,0.89,45.45,33.7,0.64
TGB,130.14,147.08,153.81,141.6,117.71,125.24,88,85,64,73,3.22,0.78,2.74,2.3,0.22
RR,130.11,133.28,146.81,260.0,356.13,323.42,88,96,97,97,1.99,0.43,2.11,1.81,0.83
GLE,129.92,129.92,101.33,148.23,108.4,91.06,88,88,44,21,3.13,0.48,2.0,2.39,1.83
FIX,129.89,133.55,143.2,142.12,158.65,155.36,88,86,88,87,554.18,1.0,499.11,432.85,0.67
NYAX,129.7,133.66,171.27,155.02,152.86,134.01,87,89,86,79,45.19,0.79,44.62,35.76,0.43
EXEL,129.68,138.77,142.43,152.99,144.93,141.13,87,89,84,82,44.47,0.93,42.79,36.49,0.5
PKE,129.6,129.6,105.75,100.33,102.52,97.1,87,38,36,38,19.61,1.0,14.3,13.89,4.49
USAU,129.53,165.06,173.55,193.74,212.74,163.21,87,94,94,88,11.19,0.68,11.95,8.83,0.43
SHAK,129.5,131.2,133.82,125.01,119.65,135.45,87,77,66,80,134.86,0.89,127.9,115.08,0.66
SXT,129.42,134.55,134.55,129.51,116.46,103.37,87,80,62,47,109.09,0.99,98.64,81.15,0.87
ESE,129.4,132.83,135.44,142.08,138.73,119.79,87,85,81,68,196.24,0.98,185.19,154.47,0.72
NTES,129.39,129.39,139.25,137.33,119.7,107.34,87,84,66,53,136.12,1.0,125.7,101.79,0.65
BOOT,129.32,129.32,125.28,129.94,133.62,150.97,87,80,78,85,170.59,0.95,157.31,140.18,0.63
AAPG,129.3,129.3,138.18,127.38,114.01,92.57,87,79,54,26,40.39,0.9,31.93,24.99,0.55
BTDR,129.29,134.62,121.2,177.81,260.16,300.53,87,92,96,96,13.7,0.4,13.24,13.02,1.04
CTOS,129.18,137.71,120.52,99.67,109.93,112.54,87,37,46,60,5.58,0.85,4.77,4.59,2.01
DLTR,129.16,129.16,128.2,127.74,102.25,73.54,87,79,35,8,110.12,1.0,96.02,77.42,0.9
PEGA,129.15,129.15,139.64,135.71,157.57,153.21,87,83,88,86,52.21,0.85,50.37,44.51,1.17
MTZ,129.12,129.12,133.17,134.85,148.03,152.41,87,83,85,86,177.67,1.0,162.54,139.8,1.03
SOPA,129.07,129.07,134.23,126.05,385.05,69.47,87,77,98,6,1.23,0.11,1.29,1.2,0.68
ELF,129.06,129.06,128.4,126.76,76.7,88.16,87,78,11,18,117.63,0.49,107.06,99.11,0.97
ONC,129.03,129.03,125.6,151.0,159.33,124.11,87,88,88,72,294.55,1.0,250.16,229.49,2.4
BTI,128.97,131.6,131.11,144.82,141.99,108.55,87,87,82,55,51.59,0.97,46.4,39.31,0.87
LLYVA,128.95,132.18,146.82,150.58,161.36,167.77,87,88,89,89,80.38,1.0,76.4,68.65,0.7
CPIX,128.93,163.74,232.06,313.55,443.31,172.15,87,97,98,90,3.22,0.38,4.5,3.41,1.8
LENZ,128.86,143.73,143.82,133.47,136.79,242.62,87,82,80,95,33.73,0.81,30.03,27.84,1.04
ZS,128.84,136.21,153.94,153.97,114.66,101.37,87,89,58,44,288.72,0.83,284.31,219.38,0.7
URG,128.83,133.66,117.72,101.7,77.03,87.66,87,40,11,17,1.35,0.92,0.95,1.02,0.98
PRIM,128.77,131.78,134.21,118.36,164.32,166.86,87,71,89,89,88.49,0.99,76.78,71.75,1.4
AUBN,128.6,128.74,114.85,112.76,116.24,111.97,87,63,61,59,28.47,1.0,22.24,21.36,0.62
AIM,128.58,128.58,126.36,52.25,61.9,65.13,87,4,6,5,9.25,0.16,8.69,15.4,1.12
WULF,128.53,139.15,128.35,116.28,190.79,376.77,87,68,92,97,5.13,0.44,4.18,4.81,0.97
DXPE,128.53,136.14,132.59,146.35,207.72,203.01,87,87,94,93,99.61,0.87,86.49,80.85,4.05
NTRB,128.52,141.49,187.28,144.84,193.54,159.3,87,87,93,88,8.11,0.62,7.26,6.2,0.58
RDVT,128.36,137.34,147.09,170.1,157.19,153.04,87,92,88,86,45.43,0.81,47.78,38.62,0.54
LLYVK,128.3,130.77,146.02,148.34,158.77,165.34,87,88,88,89,81.99,0.99,77.65,70.08,0.68
RL,128.26,129.68,131.76,136.46,142.18,128.57,87,83,83,75,289.49,0.99,273.89,237.28,0.69
AAME,128.2,131.09,137.53,116.76,106.88,85.23,87,69,42,15,2.17,0.81,1.9,1.63,0.37
RBOT,128.17,146.93,104.22,97.34,172.3,189.32,87,34,90,92,10.31,0.46,8.01,9.68,0.73
DHX,128.16,147.61,179.43,142.85,143.45,106.26,87,86,83,52,2.6,0.67,2.43,2.04,0.42
TIL,128.13,136.52,154.74,220.49,156.42,310.15,87,95,87,97,26.1,0.22,24.85,24.42,0.45
SENEB,128.11,128.8,133.39,149.23,156.88,126.08,87,88,88,74,103.7,0.92,95.22,81.09,1.27
PRA,128.09,133.53,150.38,180.3,191.89,114.75,87,93,92,63,23.85,1.0,23.19,18.72,0.66
CMBM,128.02,128.02,73.52,34.45,69.22,44.08,87,2,8,2,0.96,0.37,0.43,0.83,0.94
CAKE,127.99,134.4,133.61,131.14,132.86,127.2,87,81,78,74,62.68,0.91,58.24,50.55,1.12
CORT,127.88,134.36,160.12,189.78,303.79,178.12,87,94,97,91,70.86,0.46,72.52,62.36,0.41
BGSF,127.84,127.84,130.03,102.01,68.8,82.0,87,41,8,12,6.55,0.6,5.14,5.36,0.26
STEC,127.78,127.78,143.48,241.75,246.78,298.9,87,96,95,96,0.84,0.25,0.95,0.99,1.11
CHCI,127.78,133.31,134.51,154.12,144.08,185.18,87,89,83,91,12.63,0.98,10.42,9.35,0.48
WRBY,127.75,127.75,116.94,117.51,169.3,163.21,87,70,90,88,23.93,0.71,20.93,20.97,0.64
TRVG,127.71,134.58,140.73,229.93,246.31,120.18,87,95,95,68,3.65,0.54,4.07,3.25,0.42
CELU,127.66,127.66,95.24,132.94,103.7,109.51,87,82,37,56,3.03,0.71,2.03,2.05,2.9
SAND,127.53,142.76,145.3,163.26,161.34,109.11,87,91,89,56,9.57,0.87,9.11,7.04,0.99
NVDA,127.5,127.5,124.7,115.35,136.68,171.67,87,67,80,90,172.41,0.99,145.31,132.39,0.73
DAN,127.49,141.61,138.58,143.1,145.9,101.79,87,86,84,45,16.31,0.85,16.8,13.32,1.91
BWAY,127.38,132.61,146.79,131.46,143.96,164.85,87,81,83,89,12.09,0.82,11.22,10.1,1.99
SQNS,127.38,240.62,196.11,112.84,159.29,170.58,87,63,88,90,2.7,0.37,2.06,2.48,1.06
VRT,127.37,129.94,137.64,121.07,164.27,187.33,87,73,89,92,129.06,0.74,114.76,108.69,0.85
COHN,127.35,131.21,124.48,112.63,120.74,129.88,87,62,68,76,10.6,1.0,9.01,8.75,1.06
PHVS,127.32,147.46,147.46,100.36,88.87,111.05,87,38,20,59,23.25,0.86,17.86,18.08,0.39
NGD,127.29,152.35,171.56,184.19,166.33,164.93,86,93,89,89,4.3,0.75,4.54,3.36,0.51
CG,127.29,127.29,124.61,106.87,111.64,123.65,86,48,49,71,60.17,1.0,49.08,47.87,0.65
JCI,127.27,127.27,128.14,129.73,120.24,122.04,86,80,67,70,108.96,1.0,101.98,85.86,0.71
VEON,127.24,137.18,127.53,163.11,161.45,171.07,86,91,89,90,51.12,0.82,48.13,41.48,0.73
ZK,127.16,127.16,111.67,134.57,142.78,126.83,86,82,83,74,30.07,0.86,27.15,25.66,0.67
AMRN,127.11,141.49,151.58,128.74,84.28,69.39,86,79,16,6,15.82,0.84,13.4,11.22,0.38
BCS,127.03,131.84,133.15,137.52,144.83,130.88,86,84,84,77,18.88,0.99,17.86,14.91,1.55
AMPL,126.88,130.76,126.72,120.86,130.86,107.38,86,73,77,53,12.59,0.73,12.22,10.97,0.74
CORZ,126.81,134.32,168.14,142.87,204.62,245.78,86,86,93,95,13.35,0.59,12.41,12.25,0.73
MNMD,126.81,130.72,120.99,111.38,132.2,154.98,86,61,77,87,8.88,0.8,7.26,6.93,1.03
IBEX,126.72,131.24,134.0,164.65,147.08,120.15,86,91,84,68,29.63,0.93,28.93,23.82,0.52
C,126.64,127.47,123.71,115.43,124.76,121.49,86,67,72,69,93.45,1.0,79.91,72.23,1.21
ROAD,126.52,134.91,139.41,154.44,142.49,167.62,86,89,83,89,107.57,0.91,104.14,87.72,1.51
EYPT,126.5,144.0,158.62,114.81,76.35,105.53,86,66,11,50,10.42,0.79,8.28,7.92,0.87
AMBO,126.42,126.63,147.62,193.59,224.66,246.77,86,94,95,95,2.8,0.56,2.78,2.37,0.5
TATT,126.41,130.03,136.3,190.89,200.46,184.32,86,94,93,91,31.18,0.82,29.77,26.03,0.25
NRXP,126.17,142.22,170.16,183.72,165.2,218.19,86,93,89,94,2.94,0.45,2.97,2.27,0.6
SENEA,126.17,129.53,132.4,145.11,145.99,125.33,86,87,84,73,102.06,0.91,95.17,80.89,0.28
ACAD,126.12,127.26,132.07,132.07,106.06,96.39,86,81,40,37,22.56,0.96,21.25,17.86,0.64
TUYA,126.07,135.92,119.91,142.2,234.64,106.99,86,86,95,53,2.5,0.43,2.53,2.35,0.8
NTWK,126.06,145.36,126.81,109.49,94.38,115.42,86,52,26,64,3.86,0.86,3.01,2.74,0.78
ARMP,125.91,146.73,135.28,101.0,86.47,90.18,86,39,18,20,2.4,0.63,1.94,1.98,0.02
ISBA,125.86,130.63,173.77,173.77,126.88,123.72,86,92,73,72,31.27,0.64,29.99,25.21,0.31
NB,125.84,202.13,153.81,174.94,218.01,72.51,86,92,94,7,3.16,0.63,2.64,2.09,2.07
BA,125.79,127.8,127.41,127.32,103.96,92.47,86,79,38,23,229.34,0.98,209.4,175.98,0.69
CPNG,125.77,125.77,123.14,118.34,109.36,123.38,86,71,45,71,31.49,1.0,28.62,24.87,0.64
MCHP,125.77,125.77,127.88,104.51,78.42,82.99,86,45,12,13,74.78,0.72,65.88,60.25,0.57
SNEX,125.73,131.23,137.55,157.53,151.37,125.9,86,90,86,73,93.65,0.93,88.47,75.36,0.85
NBTX,125.73,126.37,126.56,144.7,92.4,72.24,86,87,24,7,5.3,0.78,4.46,3.87,0.0
KORE,125.72,127.97,116.85,132.51,142.86,121.03,86,81,83,69,2.84,0.68,2.42,2.24,0.26
ESQ,125.68,131.2,139.45,139.28,146.21,142.48,86,85,84,83,100.07,0.99,92.63,80.18,1.27
ROKU,125.67,125.67,122.15,112.52,128.12,108.15,86,62,74,54,93.29,0.88,78.71,76.09,0.77
WDH,125.66,125.66,109.56,126.38,134.8,100.18,86,78,79,43,1.68,0.97,1.41,1.28,3.52
PWR,125.63,125.63,127.86,128.73,122.93,123.6,86,79,70,71,403.31,1.0,359.92,315.48,0.96
ADNT,125.55,137.53,133.27,102.24,69.55,67.89,86,41,8,6,21.75,0.74,18.16,17.36,0.82
SSBI,125.54,131.63,131.63,128.16,119.95,82.85,86,79,67,13,11.48,0.93,10.18,8.4,0.04
ICCC,125.51,126.73,162.6,149.82,130.69,116.83,86,88,76,65,6.62,0.76,6.26,5.06,0.09
CDE,125.5,145.16,146.28,159.46,138.17,162.06,86,90,81,88,9.08,0.89,8.59,6.81,0.56
INSM,125.45,133.23,135.67,141.91,181.36,189.9,86,85,91,92,102.56,0.92,85.58,76.53,0.36
CTLP,125.35,128.71,140.2,140.2,135.68,137.85,86,85,79,81,11.11,0.99,9.73,9.01,0.44
QFIN,125.33,129.13,142.38,166.82,189.94,182.18,86,91,92,91,42.28,0.83,43.03,38.86,1.71
PM,125.33,130.73,140.29,164.17,162.44,117.18,86,91,89,65,178.73,0.94,177.48,146.27,0.9
WT,125.3,126.49,124.56,104.35,95.95,123.54,86,44,28,71,12.95,1.0,10.61,9.98,0.95
GILT,125.28,125.86,124.59,119.18,135.71,118.33,86,71,79,67,7.89,0.99,6.59,6.27,1.05
CRMD,125.24,145.79,213.37,181.29,198.14,290.57,86,93,93,96,10.86,0.56,12.69,10.5,0.68
GELS,125.17,125.17,122.45,141.84,101.25,92.57,86,85,34,26,1.82,0.25,1.78,1.93,0.04
HIMX,125.12,130.41,128.55,123.41,188.78,150.75,86,75,92,85,9.51,0.62,8.55,7.58,0.71
UAL,125.11,126.58,132.98,121.46,182.4,202.22,86,74,91,93,92.25,0.75,80.14,84.07,0.96
CREX,125.08,126.1,126.14,143.88,68.07,147.49,86,86,8,84,3.08,0.48,3.01,2.85,0.16
ELAN,125.03,125.99,120.49,106.52,83.63,92.11,86,47,15,22,14.78,0.91,13.72,12.24,0.51
AEIS,124.84,125.51,128.85,115.07,109.64,109.8,86,66,45,57,143.25,0.99,126.27,113.86,0.78
STEM,124.82,124.82,92.8,124.29,101.19,137.77,86,76,34,81,13.5,0.34,9.48,9.62,10.73
NCSM,124.77,125.11,123.14,166.35,192.18,155.74,86,91,93,87,31.5,0.68,30.82,27.45,0.28
JMIA,124.74,124.74,129.67,96.7,88.25,104.62,86,33,19,49,4.67,0.23,3.57,3.6,0.74
PGEN,124.64,145.93,140.28,143.65,191.29,107.03,86,86,92,53,1.76,0.8,1.5,1.3,0.99
GTES,124.59,126.29,127.55,112.19,122.34,128.45,86,62,69,75,24.71,0.98,22.44,20.56,1.2
NTRS,124.55,125.92,130.04,113.89,115.99,118.84,86,65,61,67,127.93,0.92,113.88,103.75,0.65
FN,124.42,124.77,126.29,108.85,110.76,113.13,86,51,47,61,310.95,1.0,256.32,232.0,0.63
MCRI,124.27,124.73,108.26,110.04,116.62,109.01,85,57,62,56,105.15,1.0,85.4,82.2,2.82
SYBX,124.23,124.23,88.12,87.28,86.85,77.82,85,22,18,10,1.74,1.0,1.22,1.32,8.63
CEG,124.18,127.64,136.2,136.76,166.05,158.22,85,83,89,87,321.42,0.86,303.3,263.39,1.2
VGZ,124.14,146.03,157.55,214.52,149.69,140.81,85,95,85,82,0.93,0.58,1.04,0.77,0.57
SPTN,124.12,128.7,130.17,116.94,120.09,94.52,85,69,67,33,26.57,1.0,21.68,19.8,0.64
NMRA,124.1,124.1,74.02,36.5,20.67,124.38,85,2,1,72,1.85,0.08,0.87,4.73,3.76
WOR,124.1,131.76,132.95,132.94,118.18,81.82,85,82,64,12,62.23,0.87,60.76,46.88,1.07
OCUL,124.06,134.23,133.29,118.82,108.3,218.26,85,71,43,94,11.33,0.97,8.74,8.58,0.9
DHC,124.03,138.61,131.69,126.0,101.43,122.23,85,77,34,70,3.47,0.68,3.4,2.82,1.3
XPEV,123.94,125.48,154.13,214.06,265.21,151.33,85,95,96,86,18.31,0.59,19.21,16.64,0.77
ROK,123.91,124.28,121.47,116.19,102.06,98.78,85,68,35,40,356.0,1.0,322.58,283.87,0.74
KULR,123.76,123.76,137.75,313.02,975.77,1471.85,85,97,99,99,6.9,0.14,8.42,10.55,1.65
LI,123.73,123.73,119.28,124.19,132.28,103.47,85,76,77,48,31.8,0.93,28.19,25.79,1.33
SOHU,123.71,123.71,102.31,91.85,112.66,112.51,85,27,50,60,14.86,0.76,11.67,12.76,1.11
QD,123.7,138.95,136.64,129.89,139.46,148.23,85,80,81,85,3.19,0.85,3.01,2.74,0.24
LPLA,123.68,123.68,126.21,131.54,133.23,128.7,85,81,78,75,393.31,1.0,376.0,332.99,1.57
KEQU,123.68,138.79,131.59,82.59,169.28,174.14,85,18,90,90,55.65,0.64,44.12,45.26,0.4
SWAG,123.64,132.92,149.14,141.54,127.11,81.37,85,85,74,12,1.49,0.87,1.32,1.11,0.87
VIRT,123.62,128.42,130.68,142.77,150.3,153.55,85,86,85,86,44.32,0.96,42.33,37.34,1.0
TCI,123.62,136.65,150.53,136.44,106.79,89.47,85,83,42,19,39.54,0.67,39.21,30.98,1.44
MCB,123.56,133.08,132.33,124.45,121.77,135.17,85,76,69,80,77.96,1.0,68.03,61.32,3.09
RDWR,123.09,123.16,130.91,125.91,114.27,116.74,85,77,57,65,29.17,0.88,26.11,23.38,2.02
III,123.08,135.3,138.22,156.3,128.26,95.52,85,89,75,35,4.66,0.76,4.74,3.66,0.51
LODE,123.06,136.31,149.49,149.49,123.11,239.18,85,88,70,95,3.34,0.26,3.31,3.49,0.92
SEPN,123.04,128.17,127.6,114.65,89.16,92.57,85,65,20,26,12.55,0.34,10.18,13.45,0.18
HOTH,123.0,135.96,165.31,153.54,131.37,207.05,85,89,77,93,1.25,0.39,1.13,1.02,0.29
PHLT,122.99,138.87,136.19,105.98,101.72,120.18,85,47,35,68,3.79,0.75,3.34,3.04,1.14
ULBI,122.97,123.06,124.34,107.82,83.28,86.51,85,49,15,16,8.69,0.58,7.37,7.12,0.31
NN,122.95,143.86,141.64,138.38,184.57,271.8,85,84,92,96,14.41,0.69,13.92,12.92,1.12
BPMC,122.93,129.64,132.8,131.57,114.91,108.43,85,81,59,55,129.46,1.0,118.77,99.62,0.0
LAUR,122.91,122.93,124.93,136.98,130.65,117.44,85,84,76,66,24.23,1.0,22.82,19.69,2.56
MTW,122.89,134.29,136.85,108.1,95.84,80.71,85,50,28,11,12.31,0.82,11.54,10.0,0.89
IHRT,122.88,131.94,129.57,107.11,124.62,135.06,85,48,71,79,1.9,0.56,1.6,1.83,0.45
KAR,122.86,125.38,125.9,119.72,119.86,115.65,85,72,67,64,25.26,0.95,23.4,20.36,0.95
AVPT,122.8,126.38,133.51,154.95,176.33,175.1,85,89,91,90,18.78,0.88,18.76,16.54,1.14
MRUS,122.79,122.79,112.46,123.54,103.48,125.54,85,75,37,73,63.26,1.0,51.71,46.88,0.84
AAUC,122.7,132.8,144.41,165.6,155.53,94.8,85,91,87,34,13.52,0.78,13.57,9.97,1.07
AWRE,122.68,127.43,118.14,105.04,101.65,108.97,85,45,35,56,2.31,0.66,1.82,1.69,0.55
AQST,122.64,130.15,122.87,106.2,91.09,187.28,85,47,22,92,4.2,0.58,3.21,3.55,1.51
NIC,122.61,126.04,121.55,126.49,127.67,121.18,85,78,74,69,140.24,1.0,123.64,112.33,1.29
VBTX,122.61,131.14,109.16,101.84,108.92,130.03,85,40,44,76,32.25,0.95,25.9,25.87,1.53
LPRO,122.6,125.92,121.8,43.22,100.45,95.45,85,3,33,35,2.41,0.27,2.08,4.09,0.59
TSM,122.58,124.4,120.98,115.44,129.24,139.48,85,67,75,81,240.4,0.95,210.42,193.09,1.37
KALV,122.55,132.21,128.29,133.23,128.79,89.28,85,82,75,19,15.39,0.93,12.9,11.17,1.04
TYGO,122.54,123.82,126.46,114.93,93.1,75.46,85,66,24,9,1.3,0.59,1.15,1.03,0.42
OM,122.54,135.47,166.11,174.25,82.36,111.59,85,92,14,59,17.42,0.18,18.98,13.73,0.83
RCMT,122.51,125.35,132.27,122.37,87.79,100.09,85,74,19,43,25.42,0.87,23.3,20.73,1.32
SLAB,122.42,122.42,119.71,110.9,125.92,104.29,85,60,73,49,149.63,0.87,135.0,123.86,1.37
DOCS,122.41,131.29,127.26,161.71,245.61,187.17,85,90,95,92,60.11,0.6,57.61,56.09,0.68
OVBC,122.4,126.56,130.19,187.33,167.65,104.27,85,93,89,49,34.35,0.75,33.31,28.35,0.43
AMTX,122.35,122.35,145.6,88.96,75.37,117.59,85,24,11,66,2.77,0.45,2.15,2.38,0.42
IDCC,122.33,125.01,133.73,152.03,159.05,155.3,85,88,88,87,225.2,0.92,221.45,196.37,1.18
JUNS,122.23,241.85,187.32,167.29,97.27,92.57,85,91,29,26,1.62,0.07,1.12,2.6,0.9
HWKN,122.2,127.02,127.02,126.29,127.34,141.57,85,78,74,82,161.38,0.96,137.68,122.83,0.86
LRN,122.13,125.77,145.33,190.62,183.48,161.8,85,94,92,88,133.26,0.72,145.53,122.46,0.78
GSAT,122.13,122.83,120.57,110.45,141.14,155.15,85,58,82,87,27.97,0.66,22.12,23.25,0.64
HAS,122.12,122.12,120.44,109.73,108.57,114.37,85,57,44,63,77.81,0.99,69.72,62.92,0.86
MAG,122.06,144.67,144.67,146.95,133.47,132.91,84,87,78,78,20.96,0.87,20.13,16.61,0.3
AIFU,122.05,122.05,74.33,31.12,25.87,53.61,84,2,2,3,7.1,0.13,4.31,12.61,0.1
FOSL,121.97,124.98,126.7,121.67,142.5,181.95,84,74,83,91,1.59,0.48,1.49,1.44,0.22
GENI,121.88,121.88,124.59,159.79,160.51,135.78,84,90,88,80,11.37,1.0,10.04,9.27,1.85
HNNA,121.85,124.15,125.61,124.22,141.55,159.43,84,76,82,88,12.75,0.91,11.41,10.91,1.16
PGRE,121.84,135.57,133.32,138.23,94.38,96.69,84,84,26,37,6.35,0.83,5.98,4.99,0.53
LTM,121.77,126.84,126.65,123.59,116.73,94.11,84,75,62,33,41.26,0.93,38.63,31.47,0.41
MIMI,121.76,131.54,123.04,103.19,114.01,92.57,84,42,54,26,6.73,0.83,6.12,5.39,1.29
NEU,121.73,126.18,126.18,121.92,114.95,88.95,84,74,59,19,729.91,0.97,668.73,567.72,0.36
AXTI,121.69,127.15,116.46,103.7,89.19,88.12,84,43,20,18,2.44,0.5,1.87,1.94,1.04
ZLAB,121.64,135.07,139.11,166.35,183.53,143.9,84,91,92,83,33.57,0.65,34.28,30.7,0.95
PUK,121.62,125.26,130.19,134.89,135.54,81.36,84,83,79,12,24.65,0.92,23.85,19.21,0.65
CVI,121.6,144.57,146.02,122.63,94.5,76.38,84,75,26,9,28.6,0.77,25.97,21.23,0.73
GH,121.58,140.86,149.33,181.18,198.27,155.81,84,93,93,87,46.46,0.82,45.99,39.12,0.85
GS,121.57,126.7,126.87,117.29,127.65,124.28,84,69,74,72,708.26,0.94,640.54,582.73,0.87
NYC,121.54,141.88,141.88,160.59,156.7,102.8,84,90,87,46,13.35,0.68,11.6,10.22,0.27
HNRG,121.54,136.39,165.44,224.66,181.39,169.97,84,95,91,90,15.79,0.74,16.54,12.8,0.77
AIR,121.51,123.95,111.2,97.79,107.98,103.72,84,34,43,48,83.64,0.96,67.09,64.21,2.9
IMAX,121.45,123.07,127.43,129.23,137.6,134.04,84,80,80,79,28.42,0.93,27.44,24.94,0.79
DAIO,121.44,121.44,112.69,110.7,104.1,96.48,84,59,38,37,3.21,1.0,2.83,2.67,0.49
BELFB,121.38,126.07,129.11,114.48,118.99,124.66,84,65,66,72,101.69,0.99,85.44,80.02,0.59
COHR,121.36,121.98,117.13,106.57,144.93,177.92,84,48,84,91,99.6,0.8,83.31,85.68,0.85
UNTY,121.34,132.65,132.57,121.74,141.35,142.78,84,74,82,83,52.62,0.94,46.33,43.66,1.6
HUHU,121.33,151.82,151.82,126.13,110.32,92.57,84,77,46,26,7.18,0.91,5.48,4.7,3.02
IVZ,121.23,121.23,106.52,91.36,107.11,106.98,84,26,42,53,19.92,1.0,15.46,16.17,6.49
CHEF,121.22,128.23,130.63,141.7,152.45,131.82,84,85,86,78,64.82,0.93,63.36,53.47,0.66
ULS,121.22,128.4,139.44,146.63,132.7,103.82,84,87,78,48,70.23,0.9,71.14,57.5,0.53
BGM,121.19,121.19,185.23,238.69,236.65,249.24,84,96,95,95,11.29,0.55,12.07,9.99,2.69
SN,121.19,121.19,120.68,107.63,143.51,166.42,84,49,83,89,115.06,1.0,97.13,97.63,0.55
STOK,121.17,123.58,123.58,101.83,118.86,161.36,84,40,65,88,13.22,0.73,10.86,10.51,2.5
USFD,121.06,122.53,118.73,120.26,119.17,116.65,84,73,66,65,83.14,0.98,77.27,69.15,1.19
GRAB,121.05,121.05,115.77,125.01,126.56,151.41,84,77,73,86,5.34,0.87,4.91,4.65,1.22
SPHR,121.03,121.03,111.56,103.95,105.6,102.53,84,44,40,46,46.15,0.85,39.43,39.11,1.54
MVBF,121.02,121.43,118.02,105.79,95.64,97.69,84,46,27,38,24.54,1.0,20.66,19.34,1.77
EVOK,121.01,156.36,171.73,81.68,92.81,95.63,84,17,24,35,4.56,0.5,3.47,4.07,0.04
NRIM,121.0,131.46,132.36,126.36,143.63,140.42,84,78,83,82,95.89,0.92,90.6,79.66,0.9
KALU,120.98,125.03,124.72,103.03,92.68,108.06,84,42,24,54,89.68,0.9,77.77,71.48,1.12
IZM,120.97,122.61,126.13,151.29,87.9,66.18,84,88,19,5,2.55,0.76,2.44,2.02,0.53
CAH,120.95,125.01,134.69,137.49,132.02,109.82,84,84,77,57,159.56,0.89,157.69,131.91,0.92
VERB,120.85,129.38,117.07,103.66,55.09,55.06,84,43,4,3,9.13,0.26,7.27,6.93,0.44
TBBK,120.81,129.59,120.88,109.49,128.71,123.91,84,52,75,72,67.62,0.95,55.41,54.21,1.43
GMS,120.74,123.94,125.2,93.95,91.88,106.28,84,29,23,52,109.83,0.99,88.32,85.53,0.87
EVR,120.71,123.41,127.21,107.81,119.28,144.19,84,49,66,83,298.52,0.9,253.41,252.31,0.48
PJT,120.69,125.0,119.96,112.99,133.69,136.78,84,63,78,80,182.95,0.98,158.66,152.72,1.06
DEVS,120.64,120.64,107.13,166.44,90.16,92.57,84,91,21,26,0.43,0.21,0.44,0.49,0.12
EME,120.61,122.44,128.15,118.44,139.42,150.22,84,71,81,85,565.56,1.0,495.55,455.32,0.96
NVMI,120.59,126.6,133.15,110.43,131.67,126.46,84,58,77,74,278.21,0.93,232.84,213.11,0.33
RUM,120.58,120.58,134.47,137.15,217.12,252.66,84,84,94,95,9.73,0.42,9.16,8.68,1.11
CAE,120.55,125.9,125.2,128.58,123.02,119.17,84,79,70,67,29.1,0.94,27.05,23.88,0.69
SANM,120.53,129.19,131.04,117.36,120.16,121.98,84,69,67,70,101.31,0.91,91.11,80.87,1.37
KLG,120.46,122.83,118.91,120.94,123.98,123.45,84,73,71,71,23.23,0.97,17.5,17.88,0.59
UEC,120.39,126.03,111.73,113.37,99.67,134.74,84,64,32,79,8.03,0.88,6.3,6.54,1.18
EQT,120.39,121.86,134.34,137.78,141.42,136.02,84,84,82,80,59.19,0.96,56.5,48.93,0.81
EU,120.38,122.81,128.71,96.07,76.13,97.65,84,32,11,38,2.98,0.56,2.27,2.74,0.7
CIEN,120.37,122.58,122.81,126.95,158.46,157.92,84,78,88,87,84.98,0.75,78.76,74.49,0.79
RKDA,120.36,132.35,135.15,157.6,164.89,213.79,84,90,89,93,4.45,0.49,4.52,4.16,0.19
COF,120.31,125.78,125.92,120.22,125.36,128.18,84,72,72,75,218.28,0.97,202.06,184.05,0.69
HSBC,120.21,123.53,121.7,136.15,141.48,115.29,84,83,82,64,62.82,0.98,59.88,51.93,1.11
SHG,120.19,132.44,129.51,119.28,100.66,111.99,83,72,33,59,49.29,0.91,43.11,37.62,0.59
CMCM,120.17,120.52,111.03,104.21,167.56,177.09,83,44,89,90,5.33,0.67,4.39,4.61,1.77
DBD,120.08,129.04,129.91,113.52,112.76,139.1,83,64,50,81,59.0,0.95,52.28,46.08,0.79
API,120.05,124.41,114.88,112.18,216.44,238.39,83,62,94,95,3.99,0.45,3.74,4.22,0.79
KNSA,119.99,125.11,124.87,132.66,115.55,119.06,83,82,60,67,29.02,0.89,27.83,23.33,1.08
RCON,119.95,119.95,141.42,143.42,103.32,142.86,83,86,37,83,2.49,0.52,2.29,2.23,0.02
BEPC,119.94,119.94,109.74,115.58,113.85,117.79,83,67,51,66,36.35,1.0,31.28,28.91,1.4
SYF,119.94,124.98,125.47,114.03,134.36,144.97,83,65,79,84,70.04,0.96,62.69,59.89,0.95
VRSN,119.93,122.08,131.38,150.14,138.9,103.43,83,88,81,48,283.43,0.95,281.12,231.4,0.49
VANI,119.9,127.62,109.69,95.03,87.74,101.51,83,30,19,45,1.55,0.89,1.21,1.19,1.1
NFG,119.89,124.23,127.74,141.43,146.74,112.62,83,85,84,60,89.17,1.0,82.91,71.19,1.15
BLDE,119.8,128.59,121.56,125.63,109.07,131.52,83,77,45,77,4.27,0.73,3.79,3.59,1.04
KB,119.76,134.1,136.64,131.57,105.9,123.03,83,81,40,71,81.69,0.85,77.23,64.75,1.26
VEEV,119.72,122.5,123.74,129.46,116.76,105.33,83,80,62,50,282.29,0.93,269.17,235.14,1.14
CSV,119.68,125.85,125.85,134.87,135.2,135.89,83,83,79,80,46.61,0.98,44.43,39.71,0.98
MOS,119.66,130.64,131.96,139.28,106.58,88.3,83,85,41,18,36.24,0.9,35.47,28.43,0.84
SSY,119.66,119.66,111.5,128.64,144.9,133.49,83,79,84,78,1.16,0.86,0.93,0.9,3.39
OR,119.65,134.6,134.6,146.74,141.53,118.85,83,87,82,67,27.4,0.96,25.59,21.25,0.8
AZZ,119.62,122.16,117.19,113.43,115.68,122.0,83,64,60,70,112.0,1.0,94.65,88.04,1.24
CBNK,119.6,128.36,126.07,126.56,129.39,120.83,83,78,75,69,35.07,0.95,33.03,29.44,0.62
ERJ,119.48,132.66,152.47,145.98,181.31,144.68,83,87,91,84,49.3,0.65,51.01,43.3,2.16
ZBIO,119.36,122.09,110.5,123.39,101.41,88.07,83,75,34,17,13.73,0.38,10.46,11.18,0.6
IFS,119.34,119.34,125.75,135.7,135.51,113.95,83,83,79,62,37.65,0.97,36.17,31.54,0.53
BK,119.33,119.57,120.27,121.65,127.72,123.56,83,74,74,71,98.84,1.0,90.53,82.21,1.29
BROS,119.31,124.72,139.51,167.56,210.21,166.27,83,91,94,89,64.37,0.63,68.37,58.48,0.6
ACCS,119.29,123.08,128.13,117.93,100.02,81.0,83,70,33,11,12.02,0.88,10.78,9.83,3.03
BFC,119.27,122.96,124.45,131.58,128.4,110.89,83,81,75,58,126.17,1.0,116.57,101.91,1.49
ZH,119.27,123.48,116.78,118.28,150.63,91.56,83,70,86,22,4.7,0.6,4.09,4.01,0.92
AEHR,119.26,122.24,139.72,108.06,87.18,118.71,83,50,18,67,15.07,0.6,11.54,11.55,0.73
SCHW,119.26,119.26,116.11,116.34,116.17,112.48,83,68,61,60,95.8,1.0,89.13,79.43,2.95
BDL,119.2,124.83,127.32,124.97,106.63,88.66,83,76,41,18,32.62,0.79,29.2,25.74,0.67
RDCM,119.2,119.2,118.05,120.16,136.05,134.9,83,72,80,79,14.5,0.85,13.05,12.12,2.46
FLUT,119.18,119.18,117.43,114.19,122.16,125.72,83,65,69,73,306.79,1.0,264.58,254.63,0.69
HYMC,119.13,140.79,140.79,168.43,157.21,100.8,83,91,88,44,3.67,0.69,3.38,2.78,0.64
KYMR,119.1,131.15,136.3,123.16,103.41,161.38,83,75,37,88,46.18,0.8,40.38,39.22,0.54
TAC,119.1,119.1,115.15,115.38,160.2,163.56,83,67,88,89,12.36,0.72,10.32,10.71,1.05
KGC,119.08,133.92,152.12,185.22,180.08,139.77,83,93,91,82,15.33,0.91,15.1,12.07,0.71
KD,119.06,123.04,135.62,136.71,173.55,153.22,83,83,90,86,39.47,0.82,40.07,34.55,0.7
CX,119.04,121.66,117.1,111.23,98.79,77.77,83,60,31,10,7.62,0.96,6.97,6.09,0.44
WNS,119.02,122.86,121.83,142.78,147.5,82.92,83,86,84,13,74.78,1.0,61.62,56.45,0.95
YEXT,119.0,120.73,131.83,142.16,108.8,134.87,83,86,44,79,8.18,0.81,7.72,7.0,0.55
AMD,118.97,118.97,111.37,95.73,78.24,102.89,83,31,12,47,156.99,0.83,126.28,123.44,0.99
GEOS,118.95,138.01,199.47,101.4,76.86,112.57,83,39,11,60,10.73,0.4,9.27,9.31,0.5
MIST,118.89,127.72,217.56,102.51,150.49,138.75,83,41,85,81,1.58,0.49,1.64,1.69,1.14
TBRG,118.87,122.68,134.39,199.75,246.76,196.03,83,94,95,92,22.39,0.62,23.58,21.87,0.95
THC,118.86,119.83,119.06,120.42,109.71,155.69,83,73,45,87,175.06,0.96,167.39,145.89,1.21
DUOL,118.83,121.64,172.0,199.72,175.79,154.25,83,94,91,86,370.49,0.55,464.27,366.72,1.21
ALTG,118.83,128.61,140.97,97.94,87.27,94.09,83,34,18,33,7.43,0.52,6.1,6.12,0.68
GEL,118.82,124.5,124.35,135.61,143.13,92.63,83,83,83,30,16.95,0.93,16.31,13.12,0.44
SITM,118.82,118.82,133.02,140.44,181.97,188.43,83,85,91,92,215.4,0.69,207.54,193.13,0.8
IBG,118.77,135.45,96.42,107.15,101.34,101.09,83,48,34,44,1.05,0.24,0.68,0.81,0.86
RMBS,118.76,118.9,121.03,112.74,119.73,105.43,83,63,66,50,68.21,0.99,59.42,55.0,1.12
FHTX,118.74,122.38,108.67,92.55,84.99,180.7,83,27,16,91,6.13,0.44,4.68,5.39,1.13
ITRN,118.73,123.57,123.83,131.18,152.88,118.44,83,81,86,67,38.86,0.79,37.36,32.97,0.52
MKTW,118.7,143.44,161.48,136.35,109.92,64.28,83,83,46,5,18.1,0.75,17.68,12.78,0.33
SSP,118.67,136.19,144.55,147.36,150.97,80.79,83,87,86,11,3.27,0.68,2.78,2.38,0.88
SPRY,118.62,131.29,151.95,136.12,138.27,219.24,83,83,81,94,17.92,0.95,15.47,13.77,0.9
TGI,118.61,130.75,138.22,166.62,179.49,126.93,82,91,91,74,25.88,1.0,25.77,21.91,0.83
CCEC,118.59,128.12,126.97,134.27,116.67,106.24,82,82,62,52,23.93,0.91,22.75,19.51,16.13
GORO,118.52,181.83,196.72,234.43,238.91,104.65,82,96,95,49,0.56,0.66,0.62,0.41,1.31
EMR,118.51,118.75,116.46,110.27,109.74,114.62,82,58,45,63,144.23,1.0,127.26,119.46,0.64
DEFT,118.46,130.6,116.4,156.91,124.57,114.28,82,89,71,62,3.27,0.64,3.29,2.73,1.94
LGND,118.46,118.46,110.09,115.19,120.84,139.19,82,66,68,81,139.1,1.0,111.73,111.72,2.43
NPK,118.36,121.13,118.74,113.85,128.07,121.06,82,64,74,69,108.63,0.96,93.78,88.19,0.5
VYX,118.35,118.35,110.06,97.37,87.89,101.36,82,34,19,44,14.11,0.85,11.76,12.04,1.04
NTGR,118.34,130.13,134.76,156.34,172.95,154.2,82,89,90,86,27.79,0.79,29.24,25.74,0.96
SGI,118.33,119.58,121.79,121.69,120.98,106.79,82,74,68,52,73.32,0.99,66.73,59.47,0.56
LANV,118.32,118.32,113.99,160.23,147.53,105.58,82,90,85,51,2.41,0.93,2.24,2.01,0.89
GNE,118.31,129.25,176.4,163.35,108.92,83.45,82,91,44,13,20.51,0.48,22.19,16.81,0.75
KRKR,118.3,127.17,131.9,130.63,152.21,58.06,82,81,86,4,5.57,0.4,5.74,4.54,6.74
BWFG,118.28,125.71,122.98,125.56,119.24,114.81,82,77,66,63,37.88,0.97,35.75,31.69,1.56
MYE,118.21,127.92,126.43,110.87,96.26,70.32,82,59,28,7,14.62,0.85,13.79,12.03,0.7
SURG,118.15,131.51,173.76,185.3,128.26,65.51,82,93,75,5,2.91,0.77,2.94,2.08,0.33
NWG,118.13,123.11,137.2,156.77,155.46,140.61,82,89,87,82,13.33,0.82,13.77,11.35,0.62
DWTX,118.09,136.34,121.8,180.86,306.45,54.52,82,93,97,3,4.83,0.19,4.98,4.92,0.24
EVTL,118.07,118.07,127.54,112.39,125.59,178.58,82,62,72,91,6.97,0.32,5.61,5.74,3.99
FTDR,118.0,124.64,133.12,130.41,141.88,138.45,82,81,82,81,57.78,0.82,56.63,52.21,1.05
TRMB,118.0,118.16,117.54,108.78,119.46,122.36,82,51,66,70,82.04,1.0,73.81,69.64,1.13
SFM,117.98,121.68,142.95,177.37,180.5,192.92,82,92,91,92,165.65,0.86,164.33,149.05,0.59
CRWD,117.98,121.4,135.12,143.37,131.72,118.41,82,86,77,67,475.96,0.87,470.8,388.33,0.8
LIND,117.95,125.85,127.96,109.32,132.66,157.29,82,52,78,87,12.45,0.79,11.29,11.04,0.41
STN,117.89,120.5,124.01,126.45,116.38,95.33,82,78,62,35,111.99,1.0,104.99,87.94,0.72
DERM,117.84,121.61,125.54,186.08,182.79,126.57,82,93,92,74,7.19,0.8,7.05,5.86,0.45
HEI,117.79,118.01,119.58,121.02,120.99,115.22,82,73,68,64,322.44,0.95,300.56,263.67,0.68
WRLD,117.79,127.55,131.52,125.15,111.64,93.0,82,77,49,31,164.79,0.85,157.75,132.35,1.02
ICL,117.78,126.79,137.07,143.79,142.19,124.7,82,86,83,72,6.87,0.88,6.77,5.7,0.73
GFI,117.76,128.86,144.6,166.79,169.51,106.98,82,91,90,53,24.22,0.88,23.48,18.96,0.82
BN,117.71,120.56,115.72,113.32,117.71,124.3,82,64,64,72,67.27,0.97,60.08,56.6,0.96
GTN,117.62,131.7,127.96,96.98,123.49,89.21,82,33,70,19,5.09,0.71,4.34,4.09,1.03
AX,117.6,126.09,122.52,107.55,106.35,138.93,82,49,41,81,85.53,0.96,74.8,70.42,0.85
BNT,117.51,120.12,115.26,113.03,117.85,124.8,82,63,64,72,67.31,0.97,60.08,56.72,1.07
UGI,117.45,123.12,129.51,138.58,140.21,117.19,82,84,82,65,36.34,0.99,35.52,30.37,0.71
ECG,117.44,120.67,121.11,116.19,104.57,92.57,82,68,38,26,69.17,0.82,60.61,55.94,1.64
EWBC,117.42,124.95,122.47,106.98,116.35,133.66,82,48,61,79,108.95,0.98,97.39,94.09,1.02
DIS,117.33,117.67,116.09,112.87,105.07,105.8,82,63,39,51,121.42,0.94,115.94,105.92,0.93
SFIX,117.32,117.32,110.54,124.52,155.27,171.88,82,76,87,90,4.62,0.54,4.14,3.99,1.18
SWIM,117.3,125.33,127.96,135.76,176.01,220.93,82,83,91,94,6.45,0.64,6.18,6.42,0.64
LUV,117.28,120.7,116.83,111.73,117.34,107.07,82,61,63,53,36.51,0.92,32.96,31.2,0.73
CLFD,117.24,121.28,125.54,117.23,108.22,106.04,82,69,43,51,43.04,0.93,39.71,34.39,0.72
SMCI,117.21,119.08,116.54,106.54,160.54,84.55,82,47,88,14,51.77,0.53,44.16,38.43,0.7
HLF,117.16,122.1,122.1,105.63,120.51,78.49,82,46,67,10,9.27,0.56,8.15,7.48,0.82
LAZ,117.13,118.62,114.97,95.13,111.31,138.07,82,31,48,81,54.35,0.81,46.33,47.9,0.8
SKLZ,117.11,125.8,134.04,115.66,102.44,99.99,82,67,36,42,6.95,0.87,6.48,5.63,0.54
TIMB,117.07,123.47,134.92,131.65,125.66,85.84,82,81,72,15,18.24,0.75,18.38,14.8,0.78
GOTU,117.03,122.06,115.27,116.4,118.81,72.38,82,68,65,7,3.82,0.59,3.75,3.08,0.56
META,117.0,117.0,119.3,117.92,129.09,125.62,82,70,75,73,704.28,0.88,680.91,621.49,1.05
MQ,116.99,122.9,123.63,123.51,96.24,97.23,82,75,28,38,5.73,0.9,5.44,4.46,0.41
LEDS,116.95,156.9,166.01,200.53,204.65,111.1,82,94,93,59,2.05,0.52,2.62,1.85,1.54
VG,116.94,129.42,133.8,122.07,114.01,92.57,82,74,54,26,15.9,0.53,14.25,13.18,0.56
VSEC,116.93,120.0,128.4,140.49,141.64,140.5,82,85,82,82,131.4,0.86,131.19,113.07,0.59
TGTX,116.93,127.57,125.49,210.64,193.85,191.19,82,95,93,92,37.91,0.73,36.31,33.36,1.0
WAVE,116.93,123.65,123.65,145.65,287.13,705.51,82,87,96,98,7.09,0.35,6.14,7.94,0.89
IIIN,116.92,133.44,133.44,123.28,114.62,84.51,82,75,58,14,36.22,0.78,36.59,30.39,2.14
ASRV,116.82,124.28,123.69,112.24,102.64,101.68,82,62,36,45,3.08,0.82,2.86,2.65,0.41
LYG,116.82,121.35,130.07,148.3,148.26,116.71,82,88,85,65,4.18,0.94,4.14,3.36,0.47
AIP,116.77,118.44,116.14,103.94,160.19,163.92,81,44,88,89,9.82,0.63,8.4,8.44,0.6
EVI,116.73,129.03,135.98,105.93,108.1,93.66,81,47,43,32,22.92,0.63,20.18,18.57,0.4
GNLX,116.73,129.09,135.57,112.08,158.24,91.4,81,62,88,22,3.33,0.42,2.82,3.02,0.3
ULTA,116.72,116.72,120.37,126.85,97.05,95.9,81,78,29,36,493.3,1.0,451.48,399.63,0.52
TRUP,116.72,122.72,141.42,136.52,127.8,180.02,81,83,74,91,51.16,0.78,49.93,46.19,0.95
ODV,116.7,132.99,127.62,126.57,96.23,99.18,81,78,28,41,2.44,0.84,2.1,1.78,0.87
AMST,116.68,122.41,120.05,117.1,129.66,202.58,81,69,76,93,3.17,0.37,2.87,2.86,0.03
FFAI,116.61,137.94,91.12,86.4,65.57,71.3,81,21,7,7,1.92,0.06,1.48,1.54,3.32
MT,116.6,126.42,127.06,129.18,135.94,94.32,81,80,79,33,32.47,0.85,31.29,27.57,0.85
OPY,116.59,116.59,112.14,117.43,144.14,140.62,81,69,83,82,71.79,0.98,64.69,61.26,1.19
BWXT,116.58,118.18,134.66,133.57,111.7,128.8,81,82,49,75,142.95,0.98,129.4,117.09,0.69
OSK,116.57,120.71,122.7,106.36,95.45,94.95,81,47,27,34,123.37,0.93,109.33,101.5,0.67
AVAL,116.56,121.35,122.31,137.91,142.24,94.96,81,84,83,34,2.99,0.83,2.85,2.49,0.81
SAH,116.52,137.26,137.55,125.07,121.79,117.92,81,77,69,66,76.94,0.67,75.6,66.13,1.09
DTCK,116.49,135.85,127.97,89.73,94.35,97.55,81,24,26,38,0.95,0.55,0.74,0.89,0.13
KT,116.48,123.02,122.77,134.64,132.22,113.03,81,82,77,61,20.79,0.93,19.96,17.61,0.45
PDEX,116.45,123.9,127.12,269.23,251.02,239.08,81,96,95,95,46.19,0.55,43.48,43.91,0.44
NPO,116.44,119.22,119.69,110.2,118.22,114.85,81,58,65,63,204.49,0.97,189.82,174.48,0.5
EXK,116.44,135.01,135.01,129.4,150.41,182.61,81,80,85,91,5.38,0.86,4.46,4.21,0.49
REPL,116.42,123.05,111.13,106.47,148.48,155.92,81,47,85,87,12.09,0.65,9.43,11.06,2.07
LRCX,116.42,117.17,121.13,109.09,99.2,88.87,81,51,32,19,100.66,0.97,90.06,79.02,0.81
IBM,116.41,119.11,129.02,127.82,128.18,118.99,81,79,74,67,285.87,0.92,274.81,242.17,1.24
UNFI,116.38,119.75,106.61,169.47,205.94,185.59,81,92,94,91,27.28,0.68,25.83,25.8,0.98
GEVO,116.36,124.13,129.47,126.39,187.66,376.9,81,78,92,97,1.56,0.38,1.28,1.58,0.67
FURY,116.31,118.21,119.96,125.76,102.49,109.69,81,77,36,57,0.53,0.93,0.46,0.42,1.65
FLR,116.3,117.24,115.39,111.0,106.81,119.86,81,60,42,68,54.95,0.86,45.99,45.84,0.81
PTGX,116.29,124.32,121.62,143.32,160.42,167.68,81,86,88,89,55.48,0.83,50.87,45.07,0.53
ADTN,116.27,122.82,128.28,118.91,180.92,165.55,81,71,91,89,9.41,0.66,8.46,8.49,1.16
TELA,116.2,116.2,111.96,63.2,70.17,74.53,81,7,9,8,2.13,0.33,1.64,2.19,0.5
URGN,116.17,116.17,110.91,112.73,92.37,78.09,81,63,23,10,15.27,0.87,10.35,10.98,0.34
AXIL,116.15,116.15,101.04,120.04,166.98,74.72,81,72,89,8,6.82,0.51,5.77,5.43,2.64
RBKB,116.09,118.56,127.25,127.89,128.74,113.88,81,79,75,62,12.47,0.97,11.68,10.3,0.4
GRFS,116.08,119.38,114.8,108.79,112.63,105.57,81,51,50,50,9.94,0.96,8.65,8.02,0.92
SLM,116.05,123.78,126.05,137.45,135.59,129.11,81,84,79,75,32.83,0.89,32.72,28.27,0.83
VC,116.05,126.16,117.56,98.07,86.5,79.16,81,35,18,10,109.44,0.87,92.46,87.45,0.82
UXIN,115.99,138.44,138.91,192.93,174.8,239.75,81,94,90,95,4.56,0.53,4.17,4.46,1.4
CNTY,115.97,117.47,106.11,97.94,98.08,144.44,81,34,30,83,2.51,0.36,2.12,2.66,0.72
HOUR,115.95,118.14,111.52,102.12,179.12,298.44,81,41,91,96,1.69,0.24,1.39,1.62,0.12
GPRE,115.95,115.95,105.97,67.73,57.25,63.23,81,9,5,5,7.96,0.32,5.49,7.67,0.84
ABVX,115.95,123.5,100.76,85.62,77.92,79.36,81,20,12,10,9.95,0.59,7.15,7.61,1.74
FHI,115.8,116.13,115.49,120.35,113.96,114.74,81,73,52,63,47.31,1.0,43.54,40.14,0.82
FGI,115.71,130.81,92.12,83.77,97.25,79.8,81,19,29,11,0.92,0.71,0.65,0.76,0.79
PFGC,115.7,118.31,113.03,110.87,110.17,111.72,81,59,46,59,98.78,0.97,88.54,84.3,0.94
FFIV,115.68,115.68,122.01,129.65,139.47,123.67,81,80,81,72,302.17,0.94,289.8,266.48,1.36
BRBS,115.67,119.22,110.64,122.55,118.64,119.14,81,74,65,67,3.93,0.97,3.5,3.33,0.59
NOAH,115.66,115.66,119.14,117.32,122.89,130.69,81,69,70,77,12.24,0.71,11.15,11.21,0.36
JBTM,115.63,118.7,117.01,108.35,123.59,120.61,81,50,70,69,132.19,0.94,120.76,118.25,0.95
TRS,115.62,118.6,118.11,109.49,99.13,96.49,81,52,32,37,30.07,0.98,27.2,25.1,0.94
BEN,115.53,118.03,118.9,107.02,93.16,89.72,81,48,24,20,24.6,0.94,22.56,20.28,0.84
MTRX,115.49,118.59,114.57,115.98,125.83,122.65,81,68,73,71,14.55,0.86,12.95,12.63,0.88
CATX,115.43,115.43,114.91,85.58,45.81,171.41,81,20,3,90,4.2,0.18,3.2,4.65,0.72
BAOS,115.41,115.41,136.39,168.52,143.96,247.49,81,91,83,95,2.8,0.23,2.71,2.51,0.01
LFCR,115.41,135.26,138.78,120.24,123.83,132.08,81,72,71,78,7.49,0.74,7.28,6.55,0.54
WYNN,115.39,121.94,123.01,116.46,97.35,97.94,81,68,29,39,106.77,0.89,94.9,89.3,0.88
GTX,115.39,120.23,122.95,136.47,110.31,98.97,81,83,46,40,11.6,0.92,10.87,9.27,0.39
KYTX,115.35,129.96,118.28,80.33,54.3,66.73,81,16,4,5,3.9,0.24,2.94,3.43,0.33
WB,115.35,116.83,113.42,111.73,129.09,114.54,81,61,75,63,10.24,0.94,9.38,8.85,0.7
CUBI,115.34,122.81,123.31,102.76,107.23,103.21,80,42,42,47,64.11,0.89,55.75,51.92,0.64
ITRI,115.34,118.47,118.32,111.23,108.24,124.12,80,60,43,72,136.39,1.0,123.51,111.55,0.56
RBC,115.33,115.33,117.68,119.13,123.07,106.42,80,71,70,52,397.33,1.0,374.27,335.62,1.03
WPM,115.32,129.37,135.12,161.31,158.48,113.3,80,90,88,61,88.32,0.89,87.62,71.97,0.62
LBRDA,115.31,122.71,130.25,136.93,139.61,133.04,80,84,81,78,87.07,0.84,88.57,79.25,0.5
EPR,115.3,124.61,123.71,123.95,126.89,100.09,80,76,73,43,58.73,0.88,56.12,48.58,0.93
CYCN,115.3,126.41,126.41,135.29,154.76,196.18,80,83,87,92,3.54,0.44,3.12,2.94,5.14
STM,115.22,115.56,120.21,99.82,81.55,67.84,80,37,14,6,32.55,0.62,28.46,25.7,1.03
BB,115.18,123.45,150.86,136.62,213.95,142.11,80,83,94,82,3.91,0.45,4.11,3.67,0.39
DDS,115.18,115.48,112.77,105.78,122.36,113.75,80,46,69,62,461.74,0.78,412.85,400.51,0.58
REZI,115.17,116.57,117.65,101.18,104.77,122.71,80,39,39,71,24.17,0.73,21.7,21.22,0.77
AL,115.13,122.01,117.72,122.02,105.21,106.59,80,74,39,52,57.52,0.89,57.31,49.01,0.71
BYSI,115.12,134.82,159.05,164.87,96.85,143.84,80,91,29,83,2.18,0.47,2.15,1.87,0.18
CLSK,115.08,124.31,123.29,94.07,91.72,172.6,80,29,23,90,12.78,0.49,10.27,10.32,1.0
GSL,115.06,116.69,116.69,110.38,110.31,101.99,80,58,46,45,27.85,0.97,25.62,22.64,0.84
MAMA,115.05,118.84,118.4,115.39,117.13,146.47,80,67,63,84,9.26,0.86,7.99,7.57,0.57
BBUC,115.0,115.0,121.77,123.83,122.32,117.31,80,75,69,65,31.05,0.9,29.42,26.34,0.96
ATGE,114.96,123.27,146.37,166.34,157.85,140.67,80,91,88,82,117.08,0.72,125.23,101.48,0.7
TKO,114.95,117.31,129.1,138.22,150.52,132.95,80,84,86,78,170.79,0.86,167.55,148.77,0.98
CECO,114.94,114.94,111.74,108.78,111.42,125.75,80,51,48,73,32.0,0.85,28.29,26.94,0.81
ALNY,114.94,117.08,130.06,132.57,142.39,135.97,80,82,83,80,320.53,0.89,303.49,269.31,0.63
TOYO,114.89,137.63,137.63,101.93,100.65,104.82,80,40,33,49,3.7,0.44,3.52,3.15,0.48
ENVA,114.78,123.76,125.84,121.34,142.98,151.93,80,73,83,86,113.63,0.92,101.64,98.85,0.75
ACDC,114.76,118.54,124.54,137.32,112.43,113.59,80,84,50,61,7.93,0.6,7.63,7.17,0.23
PERF,114.72,114.72,112.89,98.83,115.61,132.51,80,36,60,78,2.5,0.54,2.03,2.05,1.56
LBRDK,114.7,121.27,130.58,137.47,138.65,133.87,80,84,81,79,87.38,0.82,89.2,79.83,1.21
SKIN,114.7,125.38,134.52,110.46,80.54,87.02,80,58,14,16,1.59,0.53,1.73,1.53,0.44
EXTR,114.66,114.66,124.49,112.22,110.69,114.79,80,62,47,63,17.52,0.85,16.74,15.67,0.91
MGYR,114.65,118.39,123.39,119.45,127.75,117.65,80,72,74,66,16.77,0.93,15.97,14.27,0.03
PAX,114.63,115.02,116.95,115.89,98.66,91.67,80,67,31,22,13.87,0.87,13.3,11.75,2.46
NDRA,114.62,125.31,125.84,73.49,50.19,34.69,80,12,4,2,7.12,0.03,4.28,5.24,0.03
TEL,114.61,114.61,113.8,107.04,102.21,95.19,80,48,35,35,178.97,1.0,165.47,150.31,2.55
MYFW,114.6,119.03,116.92,116.14,119.84,116.4,80,68,67,65,24.55,1.0,22.14,20.47,1.05
CRSR,114.59,119.46,117.06,103.41,138.57,85.11,80,43,81,15,9.28,0.52,9.05,8.33,0.59
BBVA,114.56,122.63,130.4,140.26,149.19,101.09,80,85,85,44,14.77,0.83,15.1,12.4,0.56
TTWO,114.54,120.4,126.9,144.29,140.34,112.28,80,86,82,60,231.18,0.89,233.81,201.53,1.41
BTSG,114.53,119.32,141.75,152.71,169.6,137.72,80,88,90,81,19.94,0.66,22.51,19.33,0.45
LEVI,114.52,118.39,118.39,98.51,98.69,94.28,80,35,31,33,20.91,0.89,18.28,17.29,0.9
DATS,114.5,130.76,163.95,188.85,326.88,590.71,80,93,97,98,2.67,0.2,2.65,2.49,0.19
JPM,114.49,116.42,119.84,118.81,123.98,118.49,80,71,71,67,291.27,0.96,272.22,247.45,1.39
MCHPP,114.48,114.48,115.59,109.63,114.01,92.57,80,54,54,26,68.54,0.98,61.86,55.43,0.04
BAM,114.45,116.73,112.24,121.87,124.63,131.53,80,74,71,77,60.76,0.97,56.41,53.57,0.62
THFF,114.44,124.88,121.1,120.92,125.14,113.5,80,73,72,61,56.06,0.91,52.74,47.99,0.83
OIS,114.44,117.78,120.68,113.1,111.35,104.02,80,63,48,48,5.43,0.87,5.01,4.92,1.26
NPKI,114.39,121.72,120.48,120.3,96.84,97.66,80,73,29,38,8.43,0.9,8.4,7.21,0.78
HBCP,114.37,121.31,119.32,123.39,118.07,116.19,80,75,64,64,56.08,0.97,51.81,47.82,0.66
MCHX,114.32,115.9,117.91,101.85,126.3,124.18,80,40,73,72,2.03,0.81,1.86,1.83,0.37
ETWO,114.31,114.4,109.83,105.22,71.02,72.49,80,45,9,7,3.28,0.49,3.08,2.8,0.37
ING,114.25,117.31,119.75,125.33,130.63,104.47,80,77,76,49,22.77,0.95,21.48,18.35,1.14
OLLI,114.25,114.25,117.35,125.67,135.22,122.38,80,77,79,70,132.16,0.97,120.16,107.9,0.69
BKNG,114.2,116.7,120.13,127.68,116.1,127.55,80,79,61,74,5702.9,0.96,5479.85,4937.32,0.73
DNN,114.17,115.87,103.34,103.34,86.54,116.71,80,43,18,65,2.14,0.8,1.7,1.77,0.65
KLAC,114.14,115.44,120.88,117.44,103.1,102.05,80,70,37,45,931.12,0.98,841.77,727.08,0.6
MRX,114.13,125.79,140.93,192.12,153.23,118.03,80,94,87,66,37.28,0.63,41.63,34.74,1.31
COCO,114.13,115.35,118.4,116.93,135.23,129.04,80,69,79,75,39.16,0.93,35.69,34.31,0.47
TNL,114.12,117.27,118.18,102.91,115.76,118.08,80,42,60,66,57.04,0.96,51.01,49.48,1.1
REFR,114.11,115.2,116.82,118.14,90.41,136.96,79,70,21,80,1.8,0.6,1.72,1.63,0.23
AG,114.11,137.41,137.41,136.55,121.57,120.73,79,83,69,69,8.28,0.79,7.48,6.52,0.66
TFPM,114.09,124.58,138.23,153.82,150.43,111.86,79,89,85,59,23.14,0.82,22.95,18.79,0.72
LDI,114.07,114.07,88.63,76.34,77.67,111.51,79,13,12,59,1.88,0.4,1.33,1.69,3.38
SEIC,113.99,116.25,117.78,112.43,112.04,115.54,79,62,49,64,92.82,0.97,86.53,80.03,0.86
NUS,113.99,121.12,121.12,97.2,93.78,73.76,79,33,25,8,8.34,0.53,7.94,7.09,0.56
DDOG,113.97,113.97,121.41,106.7,109.74,127.92,79,48,45,75,145.02,0.71,125.87,125.93,0.51
CCLD,113.97,119.5,120.2,110.44,255.03,230.75,79,58,96,94,2.39,0.35,2.22,2.59,0.5
TBPH,113.97,120.17,117.43,122.13,106.54,100.52,79,74,41,43,11.25,0.9,10.42,9.5,0.5
GNTY,113.97,121.97,121.18,132.72,135.85,110.89,79,82,79,58,45.52,0.91,42.34,38.29,0.93
TENX,113.96,118.52,130.08,136.31,163.85,146.17,79,83,89,84,5.96,0.63,5.86,5.66,0.51
DELL,113.91,113.91,114.72,100.86,94.04,131.71,79,39,25,78,131.24,0.84,116.01,111.6,1.86
SPNT,113.89,116.59,132.36,144.87,133.02,116.17,79,87,78,64,19.0,0.76,19.39,16.1,0.84
FLNC,113.87,113.87,99.74,55.05,69.41,114.79,79,5,8,63,8.96,0.27,5.99,11.26,0.98
GRND,113.8,129.14,157.63,179.49,160.02,153.17,79,92,88,86,19.91,0.66,22.95,18.2,1.07
PERI,113.8,123.59,123.44,117.93,104.93,79.32,79,70,39,10,10.99,0.91,10.43,9.02,0.53
NEWP,113.77,125.93,125.78,116.38,100.19,112.65,79,68,33,60,1.71,0.71,1.42,1.36,0.49
GRCE,113.77,115.46,115.46,107.91,121.02,144.0,79,50,68,83,3.36,0.58,2.97,3.09,0.77
BSVN,113.76,114.93,111.33,102.18,120.9,138.7,79,41,68,81,48.51,1.0,40.43,41.07,3.18
MIRM,113.75,121.33,124.92,125.29,140.91,131.17,79,77,82,77,51.93,0.9,48.03,44.82,0.59
FOXA,113.74,113.74,120.18,130.66,144.95,131.68,79,81,84,77,56.25,0.93,54.98,50.34,0.56
HGV,113.71,119.91,117.74,101.72,96.57,98.18,79,40,28,39,46.75,0.86,41.52,39.47,1.45
ANET,113.71,113.71,110.49,110.4,145.05,135.57,79,58,84,80,111.78,0.72,96.72,97.51,0.62
BWMN,113.69,120.2,110.96,112.53,89.84,87.08,79,62,21,16,31.48,0.76,27.48,24.53,0.79
DSWL,113.68,113.68,111.14,105.03,110.93,103.4,79,45,47,47,2.87,1.0,2.42,2.34,0.4
FROG,113.67,115.03,128.93,131.78,119.63,92.65,79,81,66,30,42.25,0.88,41.86,34.76,1.05
TCBX,113.66,123.83,118.53,124.04,141.67,153.08,79,76,82,86,35.94,0.85,32.34,32.71,0.95
CSCI,113.61,113.61,103.89,105.9,103.26,63.86,79,47,37,5,4.33,0.47,3.55,3.22,2.88
DG,113.56,116.49,124.39,130.48,113.27,67.5,79,81,51,6,110.09,0.78,106.28,85.52,0.78
WGS,113.52,123.45,168.72,396.56,683.32,1532.79,79,98,98,99,77.87,0.56,74.41,78.46,0.7
STT,113.52,119.22,119.63,111.54,112.08,116.57,79,61,49,65,108.51,0.95,100.27,93.75,1.45
PVL,113.46,120.1,133.23,133.23,125.9,102.74,79,82,73,46,1.78,0.75,1.73,1.55,0.64
WBS,113.44,118.61,117.06,108.26,116.32,122.23,79,50,61,70,60.85,0.95,54.04,53.24,1.48
FOUR,113.44,113.44,110.61,108.04,146.78,134.0,79,50,84,79,106.56,0.7,94.94,96.82,0.59
NGVT,113.42,119.77,119.09,96.21,106.77,106.82,79,32,42,52,46.16,0.8,43.29,41.77,0.72
FHN,113.39,116.88,118.58,112.19,129.75,129.73,79,62,76,76,22.36,1.0,20.4,19.35,1.65
FRAF,113.38,115.09,113.78,142.86,138.99,105.77,79,86,81,51,40.24,1.0,37.3,34.41,1.82
YMM,113.34,126.05,114.89,130.47,156.43,145.11,79,81,87,84,12.26,0.79,12.12,11.2,1.52
CTGO,113.34,144.66,163.53,159.5,103.77,105.77,79,90,37,51,19.77,0.73,18.85,14.88,0.46
VENU,113.33,113.33,124.67,119.62,107.94,92.57,79,72,43,26,12.5,0.75,10.75,9.78,0.3
DINO,113.3,118.0,120.28,103.38,80.06,73.63,79,43,13,8,43.95,0.79,39.27,36.56,1.0
CALM,113.28,114.03,130.17,130.17,153.84,160.62,79,80,87,88,105.94,0.89,98.35,93.4,0.95
MS,113.26,118.26,120.59,115.67,126.51,130.1,79,67,73,76,140.83,0.94,133.44,124.74,0.97
LYV,113.22,113.22,126.24,126.24,133.82,130.7,79,78,78,77,150.49,0.94,144.35,134.05,0.55
MU,113.21,121.18,129.9,111.24,100.89,106.2,79,60,34,51,114.39,0.79,109.65,98.44,0.86
TD,113.2,116.21,119.4,119.16,117.03,92.26,79,71,63,23,73.58,0.94,69.91,60.49,0.86
BBD,113.2,120.79,133.82,133.82,113.6,92.22,79,82,51,23,2.81,0.78,2.9,2.34,0.77
FTNT,113.17,113.44,119.97,142.33,139.37,131.42,79,86,81,77,105.42,0.85,103.15,97.31,0.75
AEM,113.16,126.06,137.71,178.0,174.88,128.62,79,92,90,75,117.73,0.87,117.77,98.9,0.64
BWEN,113.15,120.65,95.77,95.72,81.29,80.8,79,31,14,11,2.55,0.58,1.84,1.78,2.04
VSTA,113.12,117.4,149.08,198.21,194.04,74.09,79,94,93,8,4.12,0.71,4.17,3.31,0.43
SHLS,113.1,115.51,133.78,120.21,73.12,81.42,79,72,10,12,5.52,0.68,5.14,4.62,0.73
BTCT,113.1,146.55,146.55,170.43,329.18,795.81,79,92,97,99,3.36,0.11,3.51,5.0,2.04
BZ,113.09,113.09,105.5,119.05,132.46,88.98,79,71,78,19,19.0,0.84,17.94,16.08,1.15
SPFI,113.08,113.41,107.87,111.45,118.15,122.99,79,61,64,71,41.0,1.0,36.18,35.03,1.75
RTX,113.08,114.24,117.06,123.14,126.08,118.3,79,75,73,67,151.5,1.0,140.39,127.27,1.1
BYD,113.0,115.95,119.01,112.77,115.09,111.59,79,63,59,59,82.14,0.9,76.67,71.94,0.86
MTSI,112.98,113.28,121.42,114.65,129.47,129.39,79,65,76,76,142.11,0.89,130.54,122.55,0.48
MSB,112.96,113.93,117.55,164.79,177.2,143.18,78,91,91,83,25.98,0.69,25.22,23.99,0.73
HDSN,112.96,115.04,115.51,116.35,88.59,69.94,78,68,20,7,8.22,0.76,7.7,6.58,0.59
BABA,112.95,112.95,112.82,152.75,178.08,119.01,78,89,91,67,120.23,0.62,117.39,109.27,1.89
HAFC,112.94,122.38,121.46,127.07,130.41,141.03,78,78,76,82,25.93,0.94,24.08,22.98,1.26
CSCO,112.9,114.14,118.8,116.17,120.86,109.75,78,68,68,57,68.05,0.95,65.14,59.79,0.78
CM,112.88,116.01,116.46,119.07,114.04,124.84,78,71,57,72,73.31,0.99,68.89,63.4,0.61
GOLF,112.87,112.87,111.21,108.27,105.35,107.09,78,50,39,53,80.83,1.0,72.4,68.0,0.78
BKE,112.84,114.38,112.67,109.43,117.2,120.94,78,52,63,69,48.04,0.87,43.42,42.12,0.84
HUSA,112.83,124.57,155.93,162.41,150.75,118.19,78,90,86,66,11.08,0.35,8.96,11.35,0.09
BANF,112.79,115.32,115.07,120.09,118.51,120.23,78,72,65,68,135.3,1.0,125.09,117.31,1.93
SION,112.73,145.46,136.35,109.63,114.01,92.57,78,54,54,26,16.74,0.52,15.88,14.93,2.01
OSIS,112.7,117.61,128.83,145.09,137.16,120.2,78,87,80,68,211.38,0.74,224.24,189.24,0.64
TWI,112.7,129.76,133.79,109.72,114.3,81.97,78,57,57,12,9.04,0.6,8.66,7.87,0.82
BYRN,112.65,129.65,193.05,182.58,260.34,253.13,78,93,96,96,21.74,0.52,27.35,23.45,1.08
NDAQ,112.63,115.39,116.05,115.14,114.44,117.0,78,66,57,65,89.37,0.95,85.36,78.87,1.92
SRBK,112.56,117.77,116.11,133.43,127.59,111.02,78,82,74,58,14.31,0.94,13.33,12.12,0.61
EHLD,112.53,114.01,127.05,109.63,114.01,92.57,78,54,54,26,7.74,0.24,6.7,6.86,0.11
FWONK,112.53,115.38,119.22,116.08,123.08,121.72,78,68,70,70,103.47,0.94,99.42,90.82,0.74
OI,112.52,126.47,126.47,113.12,102.75,84.32,78,64,36,14,14.33,0.76,14.08,12.32,0.75
TCRT,112.52,164.52,218.1,189.32,138.5,48.73,78,94,81,2,3.24,0.38,3.54,2.44,2.22
MDXH,112.51,112.51,109.46,106.34,80.61,139.94,78,47,14,82,2.4,0.5,2.1,1.93,1.83
SKYT,112.47,115.23,120.43,109.55,119.23,165.2,78,52,66,89,10.54,0.47,9.25,9.34,0.77
MRCY,112.47,117.39,133.63,147.09,144.15,121.31,78,87,83,69,51.69,0.9,50.08,43.97,1.55
SAP,112.44,115.18,118.29,132.85,130.95,122.03,78,82,77,70,305.97,0.95,299.78,267.63,0.92
EL,112.43,114.71,117.8,89.87,78.64,66.89,78,25,12,5,87.21,0.76,73.82,72.53,0.56
SMBK,112.43,117.24,114.64,119.15,123.25,132.92,78,71,70,78,36.27,0.96,32.89,32.48,1.03
KARO,112.37,115.24,123.07,156.11,138.43,151.78,78,89,81,86,50.05,0.63,51.0,45.14,0.84
CCK,112.36,118.37,118.37,113.71,115.1,104.18,78,64,59,48,106.23,0.94,101.71,91.89,0.71
ELPC,112.34,116.44,135.89,135.89,126.99,83.45,78,83,74,13,7.89,0.74,8.15,6.57,0.24
FOX,112.33,112.33,118.6,130.47,145.56,134.04,78,81,84,79,51.68,0.89,50.57,46.86,0.63
TCBI,112.33,117.37,114.47,104.61,113.07,129.76,78,45,50,76,89.73,1.0,77.88,77.43,1.8
GWRE,112.29,115.06,137.4,157.05,136.33,144.79,78,89,80,84,221.84,0.7,228.45,200.29,0.55
SHBI,112.25,120.16,116.95,107.85,118.36,123.82,78,49,65,72,16.7,0.92,15.26,14.82,0.86
CR,112.23,114.34,116.22,114.38,110.41,120.03,78,65,47,68,189.12,0.93,180.76,165.14,0.38
MSFT,112.21,112.21,110.9,109.84,96.01,95.59,78,57,28,35,510.05,0.99,475.35,426.83,1.1
FUNC,112.18,113.22,113.58,116.72,142.13,138.31,78,69,82,81,34.83,0.65,30.81,31.79,0.91
PWOD,112.17,118.24,117.56,126.69,130.81,148.21,78,78,77,85,31.82,0.9,30.05,28.73,0.52
BYFC,112.17,117.75,111.22,119.12,125.39,144.0,78,71,72,83,8.15,0.81,6.7,6.99,0.05
CTVA,112.17,117.88,122.13,122.13,114.18,106.96,78,74,57,53,73.05,0.85,71.78,63.03,0.9
IPI,112.16,129.79,138.02,159.81,136.08,119.98,78,90,80,68,34.08,0.73,36.39,28.97,1.12
MAIN,112.14,112.89,110.97,111.79,120.63,118.37,78,61,67,67,64.4,0.98,57.6,54.63,0.77
DLO,112.13,116.2,126.42,115.64,125.2,105.6,78,67,72,51,10.88,0.63,10.63,10.03,0.69
ECVT,112.1,116.58,117.24,105.77,92.88,91.08,78,46,24,21,8.6,0.74,7.95,7.35,0.64
BPOP,112.08,116.9,115.85,110.79,104.67,104.56,78,59,39,49,115.58,1.0,106.85,97.29,0.92
AMBA,112.07,113.22,113.24,105.89,141.34,135.33,78,46,82,80,69.38,0.69,60.34,62.01,0.58
BTSGU,112.06,118.73,135.93,145.08,155.61,129.04,78,87,87,75,70.46,0.68,78.35,67.95,0.0
SABS,112.06,126.11,125.45,85.32,114.35,112.33,78,20,57,60,2.57,0.41,1.96,2.42,0.23
RLX,111.99,116.9,114.61,110.83,129.37,117.52,78,59,75,66,2.26,0.75,2.13,2.0,0.86
SATS,111.99,125.82,132.41,107.99,158.2,157.06,78,50,88,87,28.61,0.76,23.77,24.82,0.48
RYAAY,111.92,119.26,121.79,124.97,108.76,92.43,78,76,44,23,56.15,0.88,55.6,47.56,1.75
VIV,111.9,119.83,123.2,117.8,115.17,91.39,78,70,59,22,11.05,0.83,10.6,9.24,0.72
LZ,111.87,115.37,107.13,119.26,116.76,98.74,78,72,62,40,8.85,0.7,9.03,8.31,1.22
FER,111.83,113.82,117.86,125.86,123.18,98.51,78,77,70,40,53.12,0.97,51.56,44.77,1.02
CGTX,111.83,116.83,123.7,60.08,79.35,97.17,78,6,13,38,0.65,0.19,0.37,0.48,0.37
WFC,111.82,119.59,118.06,113.52,128.07,127.48,78,64,74,74,80.64,0.91,76.91,71.81,1.23
PCLA,111.81,262.91,244.95,111.63,114.01,92.57,78,61,54,26,0.89,0.06,1.14,2.16,1.16
LVS,111.81,114.26,112.92,95.8,95.44,109.79,78,31,27,57,48.67,0.76,43.54,44.96,0.73
ONIT,111.79,117.85,126.6,130.65,126.16,112.68,77,81,73,60,36.53,0.77,37.73,33.4,0.63
LDWY,111.75,118.8,120.52,122.34,98.31,107.72,77,74,31,54,4.98,0.82,4.83,4.2,0.44
OMF,111.73,118.18,119.13,108.34,111.22,114.46,77,50,48,63,57.8,0.9,54.04,50.62,0.9
NGNE,111.72,124.41,137.84,94.92,71.18,241.22,77,30,9,95,22.34,0.23,18.9,23.57,0.53
KRMD,111.71,120.32,128.99,111.44,179.96,163.23,77,61,91,88,3.37,0.46,3.2,3.27,0.51
TSLX,111.68,113.2,110.54,109.74,114.48,99.19,77,57,57,41,24.8,0.96,22.99,20.98,0.83
TSLA,111.67,111.67,131.34,139.95,185.07,201.74,77,85,92,93,329.65,0.48,323.94,317.85,0.86
TDY,111.65,111.65,108.12,114.01,116.05,102.67,77,65,61,46,563.66,1.0,503.85,483.68,2.42
FSS,111.63,118.66,122.59,116.06,104.9,106.1,77,68,39,51,108.24,0.89,100.5,91.18,2.07
FWONA,111.6,113.89,117.5,114.82,125.05,121.43,77,66,72,69,93.4,0.92,90.22,82.97,0.67
WTS,111.59,118.55,118.77,117.33,105.54,98.75,77,69,40,40,251.14,0.91,244.1,215.89,1.2
SNV,111.53,115.87,117.28,106.38,121.8,139.54,77,47,69,81,55.74,0.92,49.84,49.35,2.62
SJT,111.53,126.34,142.64,167.39,144.33,95.88,77,91,83,36,5.97,0.72,6.32,4.99,0.38
TT,111.53,111.53,114.47,119.72,109.9,128.49,77,72,46,75,447.33,0.98,428.34,387.32,1.04
TRIP,111.53,119.4,118.2,94.71,97.76,89.98,77,30,30,20,17.51,0.88,14.89,14.71,0.57
IVVD,111.49,111.49,105.61,99.74,147.6,57.93,77,37,85,4,0.75,0.22,0.78,0.79,0.43
CALC,111.47,111.47,73.73,60.33,66.97,103.69,77,6,7,48,3.01,0.41,1.81,2.55,5.87
TDS,111.45,126.23,126.06,159.45,170.42,162.04,77,90,90,88,36.43,0.82,35.14,33.9,1.09
CSBR,111.45,114.99,125.75,143.42,223.11,188.74,77,86,95,92,8.01,0.53,7.07,7.39,0.72
CBAT,111.43,112.35,120.27,118.07,87.28,95.7,77,70,18,36,1.11,0.63,1.04,0.94,0.75
FWRD,111.38,127.25,148.54,90.89,106.52,114.29,77,26,41,62,26.81,0.55,21.46,26.89,0.62
PAC,111.37,116.85,122.3,128.8,120.47,109.81,77,80,67,57,226.9,0.86,227.81,196.41,0.42
AGYS,111.3,116.64,117.19,115.96,112.09,137.32,77,68,49,81,115.21,0.65,106.09,102.61,0.97
BKD,111.3,122.1,121.55,118.75,115.94,93.84,77,71,61,32,7.71,0.92,6.91,5.97,0.65
FBRX,111.29,127.84,157.55,158.03,179.95,265.64,77,90,91,96,10.18,0.25,10.38,10.79,0.25
ALGS,111.19,114.35,101.12,55.96,278.57,355.91,77,5,96,97,9.16,0.12,6.94,15.2,0.61
JWEL,111.19,111.19,125.42,131.09,181.16,188.85,77,81,91,92,2.4,0.54,2.12,2.33,4.84
ORA,111.19,111.39,114.48,112.92,111.35,103.05,77,63,48,47,89.83,1.0,79.89,74.1,1.1
ITOS,111.14,125.81,123.11,106.83,71.44,68.1,77,48,9,6,10.26,0.4,9.45,8.16,0.33
NTNX,111.14,111.14,112.46,123.06,122.06,120.0,77,75,69,68,75.55,0.8,76.28,69.15,0.52
TG,111.13,123.76,124.85,127.5,129.99,146.1,77,79,76,84,8.73,0.87,8.64,7.87,0.73
WELL,111.13,112.33,114.49,139.37,142.67,124.44,77,85,83,72,159.05,1.0,151.88,140.87,0.52
CWEN,111.13,111.13,110.91,123.85,128.45,103.92,77,75,75,48,32.98,1.0,30.9,27.88,1.0
PENG,111.12,113.44,114.65,102.97,106.3,98.67,77,42,41,40,24.43,0.91,20.1,18.94,1.03
CFG,111.12,113.97,113.66,99.9,117.54,125.98,77,37,64,73,48.58,0.98,42.8,42.47,1.82
SNX,111.11,115.13,116.28,96.37,114.66,111.12,77,32,58,59,143.29,0.99,128.81,123.67,0.49
VOD,111.09,114.03,113.84,119.79,116.72,97.4,77,72,62,38,10.97,0.99,10.14,9.07,0.42
PLNT,111.07,113.88,114.97,125.73,136.73,131.05,77,77,80,77,112.48,1.0,104.58,97.91,0.82
DQ,111.02,112.99,103.55,80.47,112.6,129.12,77,16,50,75,20.69,0.48,15.42,18.16,1.36
ON,111.0,111.0,108.34,89.96,72.58,90.09,77,25,10,20,60.72,0.62,50.36,54.75,0.62
OTLY,110.97,110.97,96.46,101.11,67.94,88.07,77,39,8,17,14.97,0.49,11.76,12.17,1.08
ISTR,110.96,117.29,114.25,108.43,102.76,141.67,77,50,36,82,21.96,0.75,19.74,19.67,0.65
INLX,110.96,114.07,125.97,158.84,160.72,199.1,77,90,88,93,13.9,0.82,12.5,13.07,0.08
ABEO,110.92,111.57,110.62,142.66,103.69,131.56,77,86,37,77,6.59,0.9,6.03,5.79,0.59
BRDG,110.88,115.37,113.91,129.23,133.33,125.6,77,80,78,73,10.72,0.93,9.77,9.29,0.59
ORN,110.86,120.87,136.91,122.63,117.35,116.56,77,75,63,65,8.37,0.49,8.6,7.33,0.86
BMBL,110.82,110.82,106.75,88.58,92.57,86.8,77,23,24,16,7.14,0.6,5.88,6.46,0.72
RBA,110.82,111.98,111.89,128.24,127.06,113.51,77,79,74,61,110.03,0.99,106.21,96.23,0.95
HROW,110.8,111.94,107.81,115.12,172.32,338.93,77,66,90,97,35.89,0.39,29.79,33.84,1.04
RIGL,110.79,125.07,125.85,137.2,178.46,223.19,77,84,91,94,18.8,0.52,19.5,19.41,0.62
ORGO,110.78,122.32,125.75,180.81,181.9,139.06,77,93,91,81,4.37,0.51,3.53,3.73,0.28
KRMN,110.78,112.83,113.94,119.37,114.01,92.57,77,72,54,26,55.74,0.98,45.77,38.88,2.82
NYMT,110.78,113.77,110.14,123.06,116.47,93.53,77,75,62,32,6.68,0.87,6.58,5.89,0.99
TR,110.75,113.56,107.88,118.78,115.22,98.08,77,71,59,39,37.31,0.94,34.29,31.49,0.94
TXN,110.75,113.73,110.97,101.32,98.51,108.3,77,39,31,55,216.62,0.94,197.65,188.36,0.72
ARMK,110.74,113.28,113.46,109.31,104.93,114.32,77,52,39,62,43.3,0.97,40.69,37.85,0.74
SLND,110.73,123.73,126.26,110.33,89.06,75.18,77,58,20,9,4.37,0.81,4.0,3.45,0.58
BSY,110.64,113.7,112.4,105.48,97.26,87.6,76,46,29,17,57.81,1.0,50.86,47.14,0.81
QXO,110.58,115.18,136.01,126.38,70.52,68.1,76,78,9,6,21.63,0.1,19.2,15.69,0.74
ATRA,110.57,111.48,111.56,99.58,77.07,169.92,76,37,11,90,10.0,0.37,8.14,8.88,1.95
FIP,110.56,114.44,103.35,95.51,94.19,147.36,76,31,26,84,6.75,0.51,5.96,6.58,0.71
EBAY,110.55,114.62,119.8,123.24,121.86,117.91,76,75,69,66,78.14,0.96,74.72,67.16,1.3
HLI,110.55,112.85,111.28,108.69,115.85,125.95,76,51,61,73,196.17,0.98,179.18,172.16,0.77
RNST,110.54,115.91,111.7,103.85,110.0,109.95,76,43,46,57,38.8,0.96,35.91,34.75,1.08
MLTX,110.51,113.57,102.91,111.79,93.02,104.81,76,61,24,49,53.09,0.86,44.31,45.37,0.71
REAL,110.5,110.5,107.34,162.71,313.78,352.24,76,91,97,97,5.82,0.4,5.39,6.04,0.63
TXNM,110.47,114.54,118.86,136.68,137.44,114.46,76,83,80,63,56.85,1.0,55.95,50.14,0.98
PLG,110.47,118.75,114.77,122.04,100.76,145.4,76,74,34,84,1.78,0.65,1.5,1.43,1.52
OSW,110.43,113.4,116.63,110.82,129.59,123.23,76,59,76,71,21.47,0.82,19.8,18.86,0.64
REKR,110.43,112.45,109.29,124.03,156.2,136.76,76,76,87,80,1.34,0.34,1.2,1.22,0.39
RHLD,110.42,110.97,103.34,109.63,114.01,92.57,76,54,54,26,42.33,0.68,34.24,32.89,1.84
PDLB,110.41,113.55,112.92,124.34,124.25,125.02,76,76,71,73,13.97,0.92,13.64,12.82,1.04
ALG,110.4,118.1,118.1,111.3,101.24,94.67,76,60,34,33,217.15,0.86,209.65,188.83,0.47
UVE,110.39,112.61,124.93,133.94,129.89,106.87,76,82,76,52,25.23,0.74,26.29,22.24,0.74
TRI,110.37,115.29,110.84,124.11,122.31,98.18,76,76,69,39,209.29,0.92,196.61,175.52,1.61
OZK,110.37,119.54,115.13,103.45,109.47,104.28,76,43,45,49,51.96,0.96,46.68,45.03,2.07
RNW,110.37,111.62,111.09,116.78,110.79,103.81,76,69,47,48,7.65,0.99,6.95,6.42,0.66
MELI,110.36,114.1,126.07,136.35,129.87,119.54,76,83,76,68,2413.57,0.8,2487.02,2111.19,0.89
ETR,110.31,110.31,114.11,138.24,146.55,130.78,76,84,84,77,86.4,0.97,82.39,78.37,0.89
TVGN,110.27,167.93,165.19,162.51,160.35,258.62,76,91,88,96,1.23,0.35,1.22,1.25,4.89
FERG,110.25,113.45,116.66,113.17,93.19,100.38,76,64,24,43,222.79,0.98,203.17,186.53,0.94
CNM,110.23,115.32,116.84,119.45,106.44,114.54,76,72,41,63,62.0,0.98,57.35,51.43,0.7
CAT,110.23,111.87,111.0,100.27,104.03,114.74,76,38,38,63,413.71,0.97,366.93,360.62,1.01
IDT,110.23,126.43,144.74,146.2,134.47,128.18,76,87,79,75,56.31,0.61,62.57,51.85,0.71
STKL,110.22,111.15,110.88,97.01,114.86,120.87,76,33,58,69,6.29,0.62,6.03,6.32,0.6
IRDM,110.22,111.02,107.64,100.83,107.81,93.88,76,39,43,32,32.08,0.91,28.29,28.34,1.2
CJET,110.22,111.65,96.49,89.87,81.27,52.73,76,25,14,3,2.61,0.37,1.93,1.9,0.16
ANIX,110.22,114.48,113.0,118.68,112.95,102.87,76,71,50,47,3.44,0.71,3.04,2.96,0.56
MBBC,110.21,111.7,120.1,142.45,150.81,142.82,76,86,86,83,10.03,0.75,10.0,9.11,0.14
REX,110.21,117.78,117.78,115.83,93.45,92.59,76,67,25,30,53.36,0.92,46.59,42.95,1.2
SSYS,110.14,116.06,120.11,117.28,133.23,106.43,76,69,78,52,10.84,0.7,10.86,9.76,0.76
ARRY,110.14,117.07,122.34,110.68,82.59,70.15,76,59,15,7,7.1,0.43,7.14,6.36,0.5
GCT,110.13,111.01,103.96,94.85,76.86,119.74,76,30,11,68,21.42,0.55,18.76,19.29,0.55
CRGO,110.11,110.11,110.46,116.91,205.47,188.8,76,69,94,92,2.41,0.38,2.3,2.41,0.88
WCC,110.1,111.35,115.13,99.43,104.26,115.71,76,36,38,64,205.87,0.93,179.36,178.16,0.91
FTFT,110.09,163.98,163.98,55.18,54.06,84.86,76,5,4,14,2.6,0.4,1.5,2.43,0.09
ARQT,110.08,118.24,110.16,151.5,181.55,218.57,76,88,91,94,14.67,0.71,14.03,13.07,0.85
OPRA,110.08,115.59,119.93,116.14,143.02,142.57,76,68,83,83,17.89,0.68,18.17,17.42,1.02
ETN,110.05,110.3,109.32,103.12,107.98,116.35,76,42,43,65,378.62,0.98,337.25,324.8,1.37
UAN,110.04,118.17,122.4,120.38,112.05,108.8,76,73,49,55,88.6,0.93,85.39,75.09,0.4
BAP,110.04,112.29,116.72,117.0,113.74,111.52,76,69,51,59,226.24,0.99,215.03,193.83,0.92
RF,110.0,110.0,107.86,98.54,107.18,126.07,76,35,42,73,26.01,0.93,22.59,22.77,2.64
ADGM,110.0,134.3,136.72,120.91,149.03,85.7,76,73,85,15,1.4,0.08,1.3,1.56,1.1
RRBI,109.99,116.65,114.82,109.02,113.91,106.57,76,51,51,52,62.97,0.9,58.3,54.98,0.59
CNTA,109.98,114.38,106.27,110.65,150.05,165.0,76,59,85,89,15.69,0.65,13.18,15.16,1.02
IVA,109.95,128.47,127.58,164.82,151.59,84.54,76,91,86,14,3.39,0.77,3.34,2.85,0.08
RILYP,109.91,109.91,81.4,49.05,60.74,89.42,76,4,6,19,6.04,0.26,2.7,5.0,1.53
SIG,109.91,109.91,108.71,116.13,80.11,101.97,76,68,13,45,81.82,0.63,74.8,72.91,0.61
CASY,109.9,116.83,122.68,134.74,133.33,113.19,76,83,78,61,510.25,0.91,480.9,429.68,0.52
ELLO,109.89,116.16,124.72,112.65,117.03,117.33,76,62,63,65,17.0,0.79,15.68,15.24,0.0
PZZA,109.86,112.39,110.42,107.15,98.02,92.57,76,48,30,26,45.06,0.57,45.68,43.79,0.93
BMO,109.86,112.98,112.98,112.88,110.11,104.77,76,63,46,49,114.22,0.99,107.48,98.84,0.78
SLGL,109.8,122.98,121.19,139.4,113.39,167.76,76,85,51,89,8.13,0.35,7.5,6.85,0.25
IRON,109.8,118.18,115.72,117.3,119.12,130.31,76,69,66,76,57.77,0.71,50.92,53.61,1.77
KRUS,109.79,111.53,130.01,114.91,87.4,133.97,76,66,18,79,79.62,0.58,74.56,77.07,0.75
SKYW,109.77,112.97,114.16,113.79,141.27,155.51,75,64,82,87,113.15,0.85,102.86,100.38,1.37
BLDP,109.74,109.74,116.69,101.96,74.36,78.36,75,40,10,10,1.89,0.6,1.54,1.46,0.76
STEP,109.7,110.9,108.31,112.39,130.41,156.06,75,62,76,87,62.81,0.8,57.01,57.44,0.95
GRMN,109.68,109.68,107.31,117.69,128.77,130.87,75,70,75,77,227.89,0.84,206.44,203.53,0.97
KMDA,109.68,119.08,127.88,120.99,129.05,123.1,75,73,75,71,7.45,0.79,7.21,6.5,0.69
Z,109.68,116.88,113.82,118.78,151.29,152.08,75,71,86,86,77.46,0.77,70.49,71.91,1.08
XTNT,109.68,118.56,130.45,133.26,105.05,65.63,75,82,39,5,0.63,0.62,0.65,0.54,0.19
VSTM,109.65,116.36,116.88,186.82,174.57,163.06,75,93,90,88,5.16,0.47,5.98,5.36,1.0
BSET,109.64,117.04,119.77,143.23,151.24,95.39,75,86,86,35,18.58,0.92,16.55,15.15,0.69
AEI,109.62,119.37,109.06,120.88,121.84,165.12,75,73,69,89,1.25,0.47,0.97,1.06,1.28
BDC,109.61,112.7,108.89,103.94,114.69,135.3,75,44,58,80,127.87,0.92,113.55,112.54,1.77
PIPR,109.59,111.61,108.79,98.6,123.45,148.08,75,35,70,85,312.97,0.77,269.89,280.73,0.91
KKR,109.57,111.37,111.04,100.01,133.73,142.75,75,37,78,83,145.98,0.72,127.67,133.97,0.82
CELH,109.55,114.56,123.78,125.97,107.85,61.69,75,77,43,4,44.43,0.78,41.52,32.72,0.87
WATT,109.54,109.54,81.27,61.0,61.37,259.08,75,6,6,96,0.52,0.12,0.3,0.42,3.66
PRAX,109.53,115.11,105.71,92.61,146.19,223.44,75,28,84,94,53.85,0.41,43.11,57.23,1.21
SST,109.52,113.41,133.83,80.62,58.17,77.01,75,16,5,9,6.2,0.27,5.26,6.88,0.25
EH,109.43,109.43,100.14,120.73,177.08,120.93,75,73,91,69,18.78,0.48,17.29,17.71,0.85
MDGL,109.4,112.57,99.21,136.7,133.42,153.41,75,83,78,86,334.13,0.86,292.75,302.37,1.01
DRI,109.38,111.75,127.66,134.99,133.56,112.09,75,83,78,60,209.54,0.84,212.05,187.97,0.65
TITN,109.37,119.88,130.65,127.05,116.92,77.38,75,78,63,9,19.39,0.75,19.82,16.66,0.65
NTB,109.33,117.21,116.35,116.61,120.16,108.07,75,68,67,54,45.79,0.92,43.61,38.93,1.7
FAST,109.31,113.65,110.68,122.12,122.95,111.62,75,74,70,59,46.06,1.0,41.95,39.07,1.28
CRBG,109.3,110.14,112.42,106.43,117.59,117.54,75,47,64,66,35.26,0.95,33.18,31.24,0.5
ATUS,109.29,109.29,101.45,120.09,132.49,124.22,75,72,78,72,2.79,0.79,2.36,2.51,1.93
LXU,109.26,120.4,115.09,105.6,97.22,99.27,75,46,29,41,8.46,0.76,7.83,7.79,0.69
AWI,109.24,115.86,115.86,114.53,112.9,126.95,75,65,50,74,165.28,0.92,158.56,148.3,0.98
MCY,109.24,113.01,107.93,107.82,105.96,135.73,75,49,40,80,68.07,0.69,63.95,61.23,0.92
UROY,109.23,112.59,111.5,116.7,85.72,102.01,75,69,17,45,2.62,0.71,2.27,2.26,0.75
RMCO,109.22,126.2,160.25,133.6,131.6,101.27,75,82,77,44,1.32,0.61,1.2,1.09,3.21
AMG,109.21,111.53,112.08,105.22,99.64,111.21,75,45,32,59,209.95,0.99,187.84,179.92,1.05
NC,109.18,117.15,135.94,131.88,138.38,100.49,75,81,81,43,39.77,0.77,38.04,32.85,0.64
POWL,109.12,111.85,108.95,104.56,192.29,227.15,75,45,93,94,228.25,0.45,192.28,219.39,1.95
SNWV,109.1,109.1,108.61,134.1,128.4,92.57,75,82,75,26,39.24,1.0,31.55,27.28,1.18
MMM,109.1,112.51,111.81,122.87,138.34,128.79,75,75,81,75,153.23,0.9,149.32,140.16,3.58
CYBR,109.1,109.1,123.67,129.92,137.63,122.94,75,80,80,71,385.58,0.83,382.99,344.67,0.77
NVT,109.06,111.24,112.63,103.1,96.12,106.03,75,42,28,51,75.91,0.92,69.29,66.36,0.85
CSIQ,109.05,114.2,122.71,91.25,77.76,83.69,75,26,12,13,12.25,0.51,11.12,11.2,0.53
INTU,109.04,110.8,117.09,120.85,101.28,97.26,75,73,34,38,752.63,0.86,737.01,645.18,0.89
LSF,109.01,121.61,121.61,152.93,300.73,546.68,75,89,96,98,6.73,0.49,6.7,6.85,0.52
KGEI,109.0,111.87,153.15,179.92,270.17,188.24,75,93,96,92,6.08,0.48,6.64,6.1,0.85
CCEP,108.98,110.83,111.73,132.84,131.25,100.6,75,82,77,43,96.84,1.0,91.85,82.68,0.66
MPC,108.98,113.06,113.88,105.91,96.95,85.6,75,47,29,15,174.21,0.87,165.35,150.73,1.01
UNM,108.97,112.48,117.18,135.67,140.72,134.07,75,83,82,79,81.12,0.94,80.41,74.76,0.64
CCBG,108.94,115.87,112.68,121.26,125.3,117.67,75,73,72,66,41.27,0.96,38.59,36.57,0.94
BNR,108.91,109.14,89.61,65.22,137.47,134.6,75,8,80,79,4.7,0.43,3.33,4.6,0.3
BLK,108.87,112.2,111.16,106.17,112.64,116.02,75,47,50,64,1103.59,0.97,1006.7,978.73,1.5
PINS,108.87,108.87,102.67,101.53,109.77,88.05,75,40,45,17,37.11,0.76,33.78,32.13,1.04
TCX,108.84,122.17,122.17,104.52,103.51,81.81,75,45,37,12,21.7,0.65,19.74,17.95,0.72
APAM,108.84,112.34,114.27,102.77,99.38,108.44,75,42,32,55,46.35,0.88,43.19,41.69,1.21
GILD,108.81,115.75,120.97,144.31,152.9,115.59,75,87,86,64,108.22,0.84,107.77,99.21,0.81
TASK,108.79,115.53,115.39,117.66,119.37,127.12,75,70,66,74,17.07,0.75,16.68,14.99,0.55
SYBT,108.79,116.97,120.54,132.06,128.8,135.62,75,81,75,80,79.14,0.87,76.5,71.74,0.78
RJF,108.74,108.74,108.19,106.94,124.27,127.91,75,48,71,75,160.66,0.84,150.83,149.23,1.05
IONS,108.73,114.31,116.68,96.04,84.83,77.48,75,32,16,9,41.76,0.62,37.0,34.87,0.74
DVS,108.73,121.54,119.5,115.02,112.14,132.45,75,66,49,78,3.75,0.83,3.23,3.05,1.35
LUCD,108.72,111.03,122.52,167.12,219.95,91.97,75,91,94,22,1.12,0.41,1.23,1.12,0.56
GLW,108.71,109.84,112.69,113.5,126.54,127.58,74,64,73,74,54.01,0.99,50.27,47.74,0.55
MARA,108.71,116.11,115.28,99.12,97.15,141.33,74,36,29,82,19.51,0.53,16.12,16.96,0.86
APM,108.71,138.99,80.83,93.76,96.72,99.66,74,29,28,42,1.61,0.32,1.03,1.1,0.32
OCGN,108.68,114.21,132.0,138.69,83.35,122.78,74,84,15,71,1.02,0.38,0.95,0.83,0.49
RCKY,108.67,114.9,108.5,95.73,88.98,102.37,74,31,20,46,22.96,0.45,22.15,21.71,0.49
BBDO,108.67,118.45,134.88,132.6,116.08,90.63,74,82,61,20,2.43,0.67,2.55,2.1,0.23
BMI,108.66,110.06,116.52,118.19,109.95,116.19,74,70,46,64,244.37,0.88,243.21,218.76,1.07
UBER,108.64,119.88,126.8,127.29,111.38,116.35,74,78,48,65,90.59,0.82,88.92,76.45,0.65
SF,108.63,111.92,111.04,100.74,123.68,133.92,74,38,71,79,109.99,0.84,99.56,101.31,0.89
UONE,108.62,109.93,102.11,106.18,87.56,79.08,74,47,18,10,1.79,0.53,1.66,1.51,0.85
RSI,108.6,120.01,128.54,127.98,176.44,192.23,74,79,91,92,14.51,0.72,13.52,12.71,0.95
PSMT,108.59,112.99,114.4,122.06,117.67,104.98,74,74,64,50,109.67,0.95,105.72,94.27,0.88
PLMR,108.57,117.53,142.55,169.67,174.25,122.99,74,92,90,71,139.56,0.59,156.02,125.73,0.82
PH,108.55,109.78,111.67,106.55,113.48,117.77,74,48,51,66,722.58,1.0,678.54,651.15,0.79
VCTR,108.5,112.93,108.54,109.62,131.97,146.46,74,52,77,84,68.88,0.92,63.23,61.76,2.28
PRDO,108.47,111.51,133.89,135.08,131.66,128.77,74,83,77,75,29.65,0.68,31.55,26.93,2.0
FBNC,108.44,112.77,111.51,107.7,110.83,122.77,74,49,47,71,47.7,0.94,42.9,42.35,1.21
SPXC,108.41,110.39,111.06,106.99,102.06,126.0,74,48,35,73,177.85,0.94,160.7,152.06,1.65
LWAY,108.4,112.63,120.32,130.63,141.36,182.0,74,81,82,91,25.01,0.89,24.05,23.83,0.44
BFH,108.37,115.47,115.27,103.12,140.95,144.79,74,42,82,84,61.16,0.81,54.85,54.65,0.68
TIXT,108.36,108.36,106.36,98.16,75.77,77.56,74,35,11,10,4.0,0.39,3.28,3.36,0.67
CHWY,108.31,111.78,133.36,161.98,165.56,154.8,74,90,89,87,39.17,0.65,42.15,35.77,0.84
PLAY,108.29,118.59,124.37,123.32,65.09,90.63,74,75,7,20,29.95,0.54,27.0,27.47,0.55
GLPG,108.27,108.27,102.32,108.0,100.06,86.61,74,50,33,16,31.14,1.0,28.37,26.89,0.93
JFB,108.25,134.19,126.35,115.4,114.01,92.57,74,67,54,26,6.88,0.67,5.84,5.0,0.75
PAYC,108.24,110.26,117.91,137.43,128.33,123.58,74,84,75,71,229.71,0.68,244.47,217.11,0.79
TURB,108.24,113.27,136.74,176.49,195.88,183.31,74,92,93,91,2.28,0.61,2.39,2.15,0.01
STNE,108.21,129.37,143.7,135.21,122.52,74.31,74,83,70,8,13.67,0.66,14.44,11.27,1.23
GIL,108.21,109.81,108.28,110.43,123.64,124.94,74,58,70,73,52.4,0.86,48.86,47.95,0.69
STEL,108.18,111.69,108.27,108.36,114.7,114.64,74,50,58,63,31.75,1.0,27.89,27.66,1.48
INTR,108.16,117.06,130.91,126.07,120.83,106.08,74,77,68,51,6.91,0.8,7.1,5.86,1.05
WTFC,108.16,113.59,113.77,105.9,116.52,124.46,74,47,62,72,134.07,0.92,123.32,120.59,1.51
BBU,108.16,111.33,113.88,111.71,114.58,121.07,74,61,58,69,25.86,0.85,25.2,23.6,1.94
ZG,108.13,115.9,113.06,119.55,151.41,151.19,74,72,86,85,74.4,0.76,68.98,69.81,1.4
BNED,108.08,115.48,123.43,111.56,104.32,78.59,74,61,38,10,11.23,0.53,11.35,10.47,0.63
FBIZ,108.06,116.13,113.7,125.59,128.21,121.88,74,77,74,70,53.71,0.88,49.83,48.0,0.54
EMA,108.03,112.94,114.4,136.24,136.47,105.83,74,83,80,51,45.66,0.97,44.79,40.19,0.54
BEP,108.0,108.0,102.53,108.43,106.95,109.16,74,50,42,56,27.2,0.9,25.0,23.73,1.04
IMO,107.96,111.71,113.92,114.65,111.8,103.78,74,65,49,48,82.31,0.96,76.65,71.59,1.09
NSC,107.95,107.95,106.51,103.17,103.41,102.8,74,42,37,46,276.66,1.0,250.62,244.09,4.3
ITRG,107.92,128.13,153.85,231.28,214.44,125.34,74,95,94,73,1.43,0.57,1.59,1.24,0.66
HLT,107.9,111.06,110.76,105.96,113.99,111.45,74,47,52,59,272.68,0.92,256.92,245.57,1.25
RFL,107.9,118.95,108.99,155.42,119.26,112.69,74,89,66,60,2.06,0.5,1.73,1.83,0.2
T,107.89,110.43,120.52,148.5,151.95,117.31,74,88,86,65,26.94,0.85,27.5,24.69,0.87
TDG,107.87,109.17,107.54,114.64,114.17,116.1,74,65,57,64,1597.3,1.0,1466.99,1363.3,0.85
INDB,107.87,109.92,107.58,103.96,116.06,118.84,74,44,61,67,69.48,0.83,63.32,63.38,2.44
NRXS,107.86,109.65,103.02,140.94,100.75,97.22,74,85,33,38,2.62,0.43,2.55,2.53,0.03
CRCT,107.85,107.85,117.8,114.55,105.88,101.19,74,65,40,44,5.44,0.66,5.62,5.1,1.03
GLUE,107.85,112.77,101.44,106.12,120.07,193.62,74,47,67,92,5.94,0.35,4.63,5.99,1.17
SPR,107.84,109.66,110.75,111.84,108.91,99.19,74,61,44,41,40.56,0.99,38.0,34.47,0.57
AUPH,107.84,115.5,111.9,134.31,128.96,143.17,74,82,75,83,8.63,0.65,8.16,8.1,1.24
AARD,107.8,114.33,121.42,109.63,114.01,92.57,74,54,54,26,11.62,0.45,11.68,10.86,1.22
SMLR,107.8,121.15,119.9,125.82,194.06,221.64,74,77,93,94,41.24,0.36,38.14,42.65,0.52
PNR,107.79,111.51,112.3,106.85,111.98,122.54,74,48,49,70,106.07,0.93,100.39,97.18,1.52
PLOW,107.78,119.83,121.51,113.05,108.5,93.34,74,63,44,31,28.76,0.74,28.59,25.4,0.75
IAG,107.76,120.85,140.58,183.45,191.43,171.32,74,93,92,90,6.9,0.74,7.07,6.15,0.5
MUX,107.74,118.22,127.24,107.31,95.17,111.85,74,49,27,59,10.95,0.91,9.15,8.52,0.74
PARA,107.73,108.59,110.89,111.56,114.75,89.91,73,61,58,20,12.99,0.95,12.22,11.23,0.91
RZLV,107.72,113.73,114.05,84.46,57.78,48.93,73,19,5,2,2.82,0.13,2.32,2.85,1.08
ST,107.71,109.1,114.16,87.49,85.09,84.91,73,22,17,14,31.53,0.59,28.36,28.37,0.74
NVEE,107.69,109.01,109.09,107.37,95.6,87.92,73,49,27,17,22.91,0.72,22.25,20.34,0.77
LGL,107.68,113.4,116.82,122.62,126.21,108.47,73,75,73,55,7.53,0.92,6.94,6.49,0.04
EM,107.67,109.44,132.73,142.86,168.9,150.68,73,86,90,85,1.14,0.97,1.11,0.98,0.95
ARES,107.64,110.1,111.86,111.6,122.7,122.3,73,61,70,70,183.12,0.84,169.86,165.83,1.57
MARPS,107.63,107.63,141.95,181.98,112.02,101.43,73,93,49,44,4.62,0.33,4.29,3.92,0.17
RAMP,107.6,108.72,112.79,113.69,113.27,98.39,73,64,51,39,33.12,0.82,31.76,29.4,0.53
BLX,107.6,113.86,119.74,125.26,131.33,119.31,73,77,77,67,42.65,0.99,41.21,37.03,1.23
ALX,107.59,108.25,106.0,107.77,110.28,97.84,73,49,46,39,242.47,1.0,225.8,208.58,0.59
MITT,107.59,114.09,109.46,109.74,120.47,110.61,73,57,67,58,7.63,0.92,7.24,6.73,0.56
JBDI,107.58,113.6,130.68,150.96,118.4,88.07,73,88,65,17,1.0,0.02,1.06,0.83,0.04
CME,107.56,110.58,115.06,133.56,138.42,106.41,73,82,81,52,274.7,0.86,275.79,247.41,0.92
CUPR,107.54,116.18,95.42,109.63,114.01,92.57,73,54,54,26,7.57,1.0,5.68,5.45,1.37
TAYD,107.52,117.24,112.25,97.85,86.95,124.6,73,34,18,72,44.37,0.42,39.93,38.62,0.22
FAAS,107.5,107.5,113.2,167.42,61.4,36.98,73,91,6,2,0.49,0.1,0.55,0.67,0.07
PHAT,107.43,126.37,126.48,142.51,69.35,181.09,73,86,8,91,7.95,0.33,7.06,8.16,0.34
GVA,107.43,112.1,114.11,117.74,135.86,148.7,73,70,79,85,94.04,0.84,89.76,86.24,1.69
CSTM,107.38,116.28,118.31,101.25,81.0,70.09,73,39,14,7,13.57,0.51,12.99,11.6,0.64
VAC,107.37,113.72,112.21,87.31,96.19,108.91,73,22,28,55,79.9,0.65,71.14,75.27,0.77
CLMT,107.36,108.14,108.54,102.77,99.21,137.72,73,42,32,81,16.14,0.49,14.82,16.53,0.51
DGII,107.35,113.96,120.87,117.35,114.72,114.28,73,69,58,62,33.09,0.78,33.58,31.08,0.82
ATEN,107.33,107.33,116.68,109.85,133.93,125.06,73,57,78,73,18.73,0.7,18.1,17.51,2.16
WXM,107.29,128.1,129.3,109.63,114.01,92.57,73,54,54,26,3.3,0.63,2.56,2.4,0.34
LYFT,107.28,111.56,118.35,126.93,101.72,136.98,73,78,35,80,14.76,0.6,15.56,14.06,0.67
PBBK,107.27,112.99,118.51,114.75,118.79,101.59,73,66,65,45,18.18,0.83,16.9,15.69,0.84
ETSY,107.23,107.23,104.86,112.86,90.27,87.32,73,63,21,17,59.64,0.77,53.71,51.74,0.69
CRVO,107.22,113.74,113.53,230.6,338.49,110.41,73,95,97,58,7.41,0.33,7.49,7.4,0.41
ASB,107.19,112.63,111.37,103.86,106.08,121.79,73,43,40,70,25.82,0.82,24.0,23.43,2.58
AB,107.17,110.47,112.96,124.49,120.8,106.81,73,76,68,52,41.21,0.96,40.43,36.85,0.82
PHAR,107.17,107.4,124.3,144.64,105.34,107.22,73,87,39,53,10.25,0.64,10.53,9.13,1.15
ACRS,107.16,109.44,104.65,97.98,190.19,345.61,73,34,92,97,1.61,0.15,1.43,1.96,0.69
DTST,107.15,115.99,79.82,92.38,111.21,109.35,73,27,48,56,4.81,0.57,3.72,3.88,0.61
HBM,107.14,118.57,123.0,121.38,115.08,132.88,73,73,59,78,9.76,0.75,9.51,8.62,0.82
ELDN,107.14,120.07,104.15,124.35,167.11,225.06,73,76,89,94,3.7,0.44,3.07,3.66,0.81
FRST,107.13,107.63,102.14,89.06,90.7,99.8,73,24,22,42,11.9,0.82,10.08,10.54,2.22
HCSG,107.12,117.0,133.63,133.38,99.94,104.83,73,82,32,49,12.69,0.54,14.36,12.01,0.9
MFG,107.12,109.0,110.2,118.13,141.27,116.26,73,70,82,65,5.56,0.8,5.45,5.12,0.85
JHG,107.1,107.91,106.59,98.14,117.16,126.41,73,35,63,74,41.57,0.78,38.04,39.14,1.03
GDOT,107.06,110.19,110.58,120.15,86.62,120.05,73,72,18,68,10.58,0.61,10.09,9.64,1.01
TSEM,107.05,107.05,106.0,98.22,129.96,128.7,73,35,76,75,48.54,0.75,41.91,43.61,1.15
RPRX,107.04,115.98,119.51,123.42,133.54,102.03,73,75,78,45,35.59,0.93,34.37,30.46,0.41
KEY,107.03,110.96,112.36,99.99,106.19,127.09,73,37,41,74,18.5,0.88,16.67,16.58,2.25
SNOA,107.03,124.22,133.49,131.03,125.97,77.41,73,81,73,9,3.59,0.25,3.22,2.88,0.66
MODV,107.02,111.29,145.69,68.05,25.47,81.97,73,9,2,12,3.0,0.07,2.51,7.37,0.06
HSHP,107.01,109.18,107.54,100.09,95.14,96.55,73,37,27,37,6.79,0.58,6.11,5.84,0.91
MKL,107.0,107.0,110.72,117.66,119.26,105.5,73,70,66,50,2031.8,0.95,1946.53,1801.8,0.9
FTI,107.0,117.08,123.33,124.52,120.87,121.73,73,76,68,70,32.74,0.77,32.81,29.75,1.57
VLCN,106.92,137.85,55.55,36.95,22.06,27.32,73,2,1,1,17.11,0.06,6.48,21.54,1.56
FCCO,106.92,110.58,113.32,118.03,127.59,124.01,73,70,74,72,25.41,0.75,23.93,23.65,0.85
MRM,106.91,106.91,182.74,148.85,71.59,68.45,73,88,9,6,1.39,0.18,1.36,1.48,0.05
CBRE,106.89,110.68,110.93,114.02,124.48,128.31,73,65,71,75,139.47,0.85,132.76,131.62,0.62
CBAN,106.88,112.28,110.38,119.22,125.29,127.81,73,72,72,75,17.52,0.93,16.13,16.01,0.73
HURC,106.86,106.86,112.13,85.98,105.54,105.79,73,21,40,51,19.83,0.65,16.41,18.51,0.85
DRTS,106.81,113.15,118.81,124.47,156.54,151.64,73,76,87,86,3.04,0.47,3.02,2.85,0.72
RAVE,106.79,114.2,114.97,124.24,138.34,151.04,73,76,81,85,2.73,0.64,2.68,2.67,0.55
FET,106.77,119.29,119.29,109.87,130.14,101.38,72,57,76,44,19.6,0.8,17.59,16.75,1.12
MTA,106.76,129.93,129.93,125.42,112.0,113.92,72,77,49,62,3.78,0.78,3.49,3.15,0.91
CSGS,106.74,111.83,119.7,133.79,137.51,102.0,72,82,80,45,61.78,0.82,64.05,57.52,0.72
PTC,106.73,106.73,112.5,96.5,94.51,100.85,72,32,26,44,199.61,0.85,174.15,175.37,0.79
PLUR,106.7,111.37,114.14,150.29,87.83,90.26,72,88,19,20,5.2,0.5,4.88,4.72,0.2
RAPT,106.69,106.69,78.31,80.35,105.28,62.92,72,16,39,5,11.68,0.25,8.11,10.04,1.28
FDUS,106.68,107.49,103.8,104.04,115.33,106.75,72,44,60,52,21.84,0.94,20.05,19.65,0.78
NCLH,106.68,107.2,108.71,93.76,131.13,156.37,72,29,77,87,23.59,0.61,19.59,22.42,0.6
DKL,106.65,108.47,104.49,112.1,114.7,108.07,72,62,58,54,44.47,0.99,42.41,39.73,0.31
NAMS,106.63,109.11,104.76,102.91,127.63,150.79,72,42,74,85,22.2,0.62,19.37,20.55,1.1
RBCAA,106.63,112.06,113.79,116.66,119.04,129.67,72,68,66,76,75.68,0.91,71.67,68.34,0.92
FSK,106.59,107.79,104.78,108.64,118.07,109.65,72,51,64,57,22.37,0.98,20.69,20.07,0.58
FDP,106.59,110.97,113.82,133.45,127.71,120.4,72,82,74,69,33.8,0.88,33.24,31.57,0.87
ELP,106.59,111.34,127.2,129.32,124.83,80.7,72,80,72,11,8.43,0.77,8.82,7.3,0.57
GLAD,106.55,108.4,106.84,110.31,123.97,125.67,72,58,71,73,28.89,0.95,26.82,26.05,1.08
GROV,106.54,106.54,102.78,94.59,111.01,102.03,72,30,47,45,1.48,0.62,1.25,1.37,0.28
FLL,106.54,107.0,96.25,79.35,101.69,96.95,72,15,35,37,4.71,0.63,3.67,4.28,0.44
ZYME,106.49,111.38,109.33,113.74,121.55,157.6,72,64,69,87,14.25,0.6,12.4,13.19,0.9
DGICA,106.49,110.45,121.91,145.79,149.82,106.85,72,87,85,52,18.34,0.68,19.49,16.95,0.66
RRR,106.48,112.15,113.56,102.32,91.49,95.93,72,41,22,36,54.88,0.84,50.07,47.28,0.98
JKS,106.48,116.21,109.72,91.22,101.46,113.99,72,26,34,62,23.17,0.49,20.4,21.81,0.74
STXS,106.45,114.03,109.45,112.97,111.77,113.32,72,63,49,61,2.32,0.69,2.18,2.09,1.46
SNPS,106.42,107.18,106.23,97.8,91.91,95.32,72,34,23,35,584.76,0.98,507.24,496.08,2.21
SHCO,106.42,111.85,119.4,121.89,141.91,127.5,72,74,82,74,6.86,0.62,6.78,6.34,1.37
EXPE,106.39,108.26,109.86,118.4,130.78,125.73,72,71,77,73,184.93,0.78,170.05,171.91,0.6
FMS,106.33,111.4,118.39,135.81,129.69,108.9,72,83,76,55,26.55,0.72,28.17,24.3,0.52
LIDR,106.32,112.84,120.71,93.4,79.92,189.53,72,29,13,92,1.13,0.25,0.85,0.95,0.71
IRS,106.27,111.23,117.38,140.52,149.69,171.69,72,85,85,90,14.72,0.7,14.7,14.12,0.41
AMZN,106.27,106.27,104.61,105.67,121.17,116.42,72,46,68,65,226.13,0.8,212.28,207.35,0.91
BWB,106.24,114.4,115.69,119.36,114.76,110.24,72,72,58,57,16.2,0.83,15.58,14.57,0.59
DKNG,106.21,107.08,109.0,97.0,120.38,102.42,72,33,67,46,43.72,0.59,38.8,39.11,0.47
HSII,106.19,111.16,112.49,109.89,125.5,130.13,72,57,72,76,46.15,0.84,44.41,43.0,0.81
CFR,106.19,111.26,110.54,104.65,113.33,120.47,72,45,51,69,138.74,0.9,129.36,128.15,0.97
BJRI,106.19,111.26,129.8,129.98,106.67,105.77,72,80,41,51,40.04,0.64,43.35,37.16,0.96
KR,106.18,108.45,119.51,141.61,135.95,108.64,72,85,79,55,71.39,0.89,69.11,63.68,0.71
XYLO,106.17,106.17,115.81,136.76,135.99,95.96,72,83,79,36,5.16,0.76,5.06,4.38,0.83
SBS,106.16,111.38,127.89,133.65,131.24,96.88,72,82,77,37,19.75,0.71,20.66,17.57,0.68
PESI,106.15,118.53,120.92,108.73,91.88,141.58,72,51,23,82,11.38,0.54,10.43,10.55,0.95
BX,106.15,109.12,107.11,98.97,118.9,138.99,72,36,66,81,168.72,0.64,146.33,156.68,1.11
ALV,106.14,117.16,116.39,109.62,94.43,88.48,72,52,26,18,112.08,0.85,108.0,97.18,2.17
PODD,106.13,109.07,119.63,141.69,131.77,131.19,72,85,77,77,284.23,0.71,307.23,271.52,0.41
ASO,106.12,107.58,101.4,87.07,91.98,94.05,72,22,23,33,54.12,0.71,45.26,48.46,0.91
EVO,106.11,106.11,104.46,108.95,95.34,102.49,72,51,27,46,4.26,0.51,4.12,4.08,0.3
EVC,106.06,120.47,118.33,118.68,115.83,112.69,72,71,61,60,2.35,0.77,2.16,2.11,0.97
CXDO,106.06,118.83,134.2,113.2,143.87,151.23,72,64,83,85,5.7,0.56,5.7,5.49,0.37
CING,106.04,106.04,93.95,98.14,96.91,89.89,72,35,29,20,5.17,0.21,4.2,4.29,0.94
DE,106.04,112.73,116.99,124.06,122.06,109.55,72,76,69,56,499.82,0.84,509.83,459.32,0.86
NXST,106.01,106.01,104.0,109.61,114.84,100.06,72,52,58,42,184.85,1.0,173.05,163.1,1.14
IIIV,106.0,109.94,113.59,116.19,121.03,109.03,72,68,68,56,28.63,0.89,26.15,24.85,0.8
BMRC,106.0,118.26,118.59,111.29,123.77,130.82,72,60,71,77,24.9,0.88,22.64,22.68,0.55
RRX,106.0,106.75,107.57,98.52,93.43,111.62,72,35,25,59,152.25,0.67,141.93,144.46,0.99
MBCN,105.96,113.78,111.74,117.71,119.26,116.51,72,70,66,65,29.76,0.71,29.64,27.81,1.55
VAPE,105.95,111.91,124.81,121.67,160.11,114.87,72,74,88,63,9.08,0.54,8.45,7.97,0.94
CRVS,105.95,120.94,119.4,125.7,188.37,423.47,72,77,92,98,4.26,0.29,3.95,5.22,0.38
ZION,105.93,111.48,110.22,99.24,117.12,130.91,72,36,63,77,56.8,0.8,50.28,51.47,1.07
ITUB,105.91,110.57,122.88,127.01,121.9,90.66,72,78,69,21,6.3,0.77,6.59,5.52,0.93
HCI,105.89,114.02,124.81,154.5,151.51,122.64,72,89,86,71,143.14,0.67,155.24,131.4,1.11
BATRK,105.87,108.41,111.05,106.99,106.29,89.44,71,48,41,19,46.6,0.98,43.35,40.34,0.89
HIPO,105.86,118.39,127.42,127.18,176.25,209.45,71,78,91,93,26.42,0.6,25.73,25.69,0.41
BCAL,105.83,109.44,106.08,97.71,99.15,107.06,71,34,32,53,16.36,0.73,15.29,15.36,0.94
CAMT,105.81,106.01,113.39,94.99,112.87,110.62,71,30,50,58,92.51,0.64,76.2,76.4,0.34
CNNE,105.81,108.95,107.72,105.83,98.48,97.87,71,46,31,39,21.55,0.98,19.62,19.05,0.89
KALA,105.8,111.91,123.47,67.31,148.15,112.72,71,8,85,60,5.74,0.35,4.44,5.89,0.49
NATH,105.8,127.11,128.95,138.27,141.32,116.24,71,84,82,64,98.38,0.64,107.14,92.39,0.82
PKBK,105.75,107.44,105.28,109.15,113.02,115.19,71,51,50,64,21.77,0.78,19.95,19.88,1.1
ARQ,105.74,114.87,108.4,86.02,124.4,158.05,71,21,71,87,5.7,0.5,5.06,5.57,0.52
WAB,105.71,109.58,109.85,112.62,115.99,120.13,71,62,61,68,211.91,0.96,205.04,193.45,0.93
AXSM,105.71,113.36,109.08,134.13,152.01,112.9,71,82,86,61,111.7,0.55,106.84,103.97,0.71
AGIO,105.68,107.48,109.1,90.11,89.33,162.63,71,25,20,88,40.0,0.42,33.49,37.07,1.35
LOGI,105.68,105.68,105.69,95.43,114.56,95.33,71,31,57,35,95.71,0.76,87.71,86.45,0.5
UBS,105.66,106.37,107.91,102.72,110.11,102.47,71,42,46,46,36.02,0.99,33.07,32.19,0.5
WNEB,105.63,112.45,110.29,120.48,119.52,113.74,71,73,66,62,9.99,0.97,9.42,9.06,0.53
PLUG,105.63,105.63,88.24,65.69,84.2,105.17,71,8,16,50,1.79,0.44,1.14,1.69,0.83
MNSB,105.63,107.95,109.89,118.31,104.93,99.68,71,70,39,42,19.68,0.81,19.14,17.8,0.28
DAL,105.62,112.11,112.7,97.8,129.6,138.23,71,34,76,81,56.29,0.62,50.29,54.44,0.81
CNH,105.59,112.13,115.59,116.8,121.05,105.66,71,69,68,51,12.96,0.81,12.97,11.98,0.5
EGAN,105.57,110.0,116.99,115.41,99.57,110.56,71,67,32,58,6.37,0.61,5.96,5.51,0.63
CRC,105.52,105.52,100.48,96.64,94.09,103.45,71,32,25,48,51.26,0.74,44.94,46.94,2.53
ONON,105.51,108.06,115.24,133.52,149.82,140.02,71,82,85,82,53.12,0.61,55.06,52.24,0.56
LSBK,105.47,110.28,108.72,129.82,132.88,107.75,71,80,78,54,15.79,0.89,15.61,14.58,1.54
R,105.44,113.87,113.87,107.52,116.54,121.88,71,49,62,70,169.9,0.87,157.23,153.07,1.85
ASND,105.44,113.95,116.21,133.01,131.7,94.83,71,82,77,34,169.9,0.86,168.9,147.48,1.41
PNFP,105.42,114.33,114.53,105.96,122.9,134.5,71,47,70,79,117.04,0.73,109.97,110.25,1.68
AGCO,105.42,110.54,115.06,109.63,103.55,88.56,71,54,37,18,107.02,0.82,103.81,97.02,0.8
SFST,105.41,110.82,108.81,110.97,107.96,127.8,71,60,43,75,39.61,0.64,37.26,36.93,1.49
MITQ,105.41,111.37,134.8,103.09,141.78,141.53,71,42,82,82,0.73,0.52,0.62,0.63,0.01
EEX,105.4,111.1,113.77,100.8,82.49,87.35,71,39,15,17,5.0,0.55,4.82,4.45,0.46
TMDX,105.38,112.77,143.3,157.62,112.16,133.5,71,90,49,78,109.88,0.45,125.6,93.09,0.8
LUD,105.37,105.37,106.59,109.63,114.01,92.57,71,54,54,26,5.75,0.86,4.56,4.39,3.38
FNB,105.35,110.05,109.34,96.87,103.45,113.23,71,33,37,61,16.07,0.85,14.43,14.4,2.32
WAY,105.35,113.03,121.38,129.96,133.37,119.11,71,80,78,67,36.7,0.64,39.08,36.27,0.62
YOU,105.34,107.82,105.34,119.13,121.29,175.38,71,71,68,90,30.37,0.62,26.28,26.7,1.04
URI,105.34,111.52,112.68,100.61,100.16,122.83,71,38,33,71,808.05,0.8,732.84,727.2,0.76
PAR,105.33,111.85,113.6,118.01,128.79,153.88,71,70,75,86,69.43,0.68,66.73,66.12,0.74
XPO,105.33,110.24,110.99,101.46,116.93,132.0,71,40,63,78,129.63,0.57,123.29,125.21,0.46
WVE,105.33,105.33,100.99,96.0,157.28,272.22,71,32,88,96,8.34,0.28,6.82,10.13,1.89
NMG,105.32,112.76,105.36,115.05,118.32,114.88,71,66,65,63,2.18,0.85,1.77,1.67,9.13
PRLB,105.3,110.23,112.05,117.57,127.53,122.24,71,70,74,70,39.35,0.69,39.37,37.64,1.62
DTM,105.3,109.73,119.96,126.18,146.93,149.75,71,78,84,85,104.34,0.83,104.3,97.7,0.85
MLI,105.3,110.66,110.66,112.38,128.59,150.92,71,62,75,85,84.48,0.69,78.86,78.8,0.62
ADI,105.26,106.07,110.61,105.76,106.86,103.28,71,46,42,47,241.85,0.95,228.2,215.52,0.74
VSH,105.26,105.26,108.49,82.46,92.65,79.43,71,18,24,11,17.24,0.51,15.42,16.1,0.6
RWAY,105.25,107.76,105.58,99.09,105.54,98.15,71,36,40,39,11.17,0.95,10.16,9.9,0.8
GTLS,105.22,107.85,110.51,109.25,146.6,143.38,71,52,84,83,171.73,0.58,159.62,163.73,0.65
RS,105.21,106.69,106.78,104.81,105.52,97.69,71,45,40,38,336.21,1.0,310.11,293.18,1.48
COR,105.18,109.74,114.96,131.04,137.65,99.56,71,81,80,42,292.87,0.87,292.08,259.6,0.7
WING,105.13,105.13,118.82,125.04,85.72,109.71,71,77,17,57,329.34,0.56,334.49,301.44,0.55
SOS,105.13,113.87,113.87,89.08,52.87,64.95,71,24,4,5,8.13,0.38,6.37,7.39,2.28
CMTL,105.12,111.55,117.48,97.88,77.82,103.71,71,34,12,48,2.42,0.33,2.21,2.58,0.6
XP,105.12,117.13,125.12,128.08,98.95,79.76,71,79,31,11,17.17,0.64,19.04,15.63,1.49
PCB,105.11,114.81,113.71,115.92,112.79,116.61,71,67,50,65,21.55,0.86,20.47,19.45,0.81
OSBC,105.11,110.9,108.96,101.11,114.67,110.84,71,39,58,58,18.65,0.86,17.38,17.21,0.9
VPG,105.1,108.94,109.86,107.09,104.93,74.88,71,48,39,8,28.02,0.58,26.82,24.1,0.66
IRBT,105.08,118.03,93.47,63.38,114.96,111.18,71,7,59,59,4.48,0.24,3.36,5.89,0.47
BMR,105.03,105.03,94.2,123.52,124.15,163.62,71,75,71,89,3.57,0.42,3.07,3.12,1.31
TBI,105.02,105.02,93.1,93.1,77.94,79.62,70,28,12,11,7.1,0.39,6.13,6.66,0.52
SLN,105.01,135.38,135.38,85.11,39.04,105.08,70,20,2,50,6.04,0.2,5.38,7.41,0.42
SCM,105.0,109.55,107.83,104.15,116.55,100.94,70,44,62,44,14.92,0.91,13.67,13.3,1.45
EFSC,104.99,111.37,107.91,109.03,122.05,124.96,70,51,69,73,58.63,0.83,54.4,54.82,1.01
MC,104.97,109.04,106.87,91.36,121.74,131.09,70,26,69,77,70.45,0.71,61.06,65.52,0.97
NXE,104.96,107.4,111.74,112.77,87.68,115.13,70,63,19,63,6.94,0.6,6.36,6.41,0.87
LECO,104.96,108.66,108.73,101.74,98.77,94.7,70,40,31,34,221.98,0.97,203.57,196.47,0.54
GEN,104.95,105.43,105.02,115.31,108.24,118.28,70,67,43,66,30.27,0.86,29.13,27.8,0.77
NVEC,104.92,106.22,101.92,99.66,94.05,103.15,70,37,25,47,79.67,0.81,72.52,71.17,0.6
CPA,104.91,109.9,111.54,114.92,106.19,101.96,70,66,41,45,108.13,0.84,106.29,96.42,0.62
CUBWU,104.88,105.7,98.49,111.8,116.31,92.66,70,61,61,30,11.94,1.0,10.65,10.26,0.0
ISRLU,104.87,105.64,129.97,129.97,117.18,100.74,70,80,63,43,13.3,0.53,13.02,11.84,0.0
NTR,104.85,114.01,121.51,122.52,114.92,96.56,70,74,59,37,60.01,0.85,59.46,51.69,1.2
SOL,104.83,104.83,101.47,105.63,91.97,129.95,70,46,23,76,1.91,0.43,1.75,1.85,0.71
VLO,104.82,109.17,111.38,100.96,100.14,91.41,70,39,33,22,146.15,0.77,135.47,129.95,1.08
HDB,104.77,108.89,112.03,136.66,130.33,100.11,70,83,76,43,75.28,0.89,74.82,66.49,1.36
BHRB,104.75,113.89,108.34,96.54,104.07,115.19,70,32,38,64,64.31,0.75,59.0,60.08,0.81
EVER,104.74,110.42,106.31,129.6,155.3,118.8,70,80,87,67,24.78,0.62,24.25,21.96,0.66
FTHM,104.74,104.74,110.15,97.63,57.54,108.84,70,34,5,55,1.33,0.27,1.19,1.45,1.4
NVRI,104.74,118.55,120.72,107.91,103.04,103.78,70,50,37,48,8.97,0.54,8.34,7.94,0.61
SSII,104.73,109.68,115.99,431.1,767.15,476.76,70,98,99,98,7.93,0.69,6.57,6.92,0.69
MAT,104.72,107.06,106.23,97.99,110.04,94.11,70,35,46,33,19.38,0.65,19.33,18.91,0.88
BHST,104.69,112.86,112.86,125.8,107.52,105.17,70,77,42,50,6.92,0.75,6.78,6.02,0.41
RILYL,104.68,109.79,83.58,43.1,58.57,87.64,70,3,5,17,6.2,0.23,2.72,5.2,0.56
ANAB,104.66,124.37,119.78,115.64,109.51,122.84,70,67,45,71,25.92,0.48,22.77,21.06,0.55
NWS,104.66,105.88,107.43,114.87,113.73,106.31,70,66,51,52,34.46,0.95,33.07,31.29,1.12
NTRP,104.65,104.65,98.96,110.56,259.16,241.96,70,59,96,95,3.81,0.38,3.02,3.83,1.81
AORT,104.63,110.71,116.37,112.99,123.59,126.2,70,63,70,74,30.49,0.8,29.82,27.76,0.77
YQ,104.63,118.77,116.43,108.57,116.67,84.12,70,51,62,14,2.21,0.45,2.1,1.98,2.49
RMD,104.62,105.61,108.89,111.08,111.81,117.11,70,60,49,65,257.92,1.0,251.2,238.17,1.08
LHX,104.55,107.4,110.53,111.6,108.07,106.68,70,61,43,52,264.77,0.99,244.36,227.04,0.97
OBK,104.53,109.72,106.95,100.98,115.22,103.04,70,39,59,47,38.13,0.78,35.15,34.44,0.78
MKSI,104.52,105.28,110.5,90.06,99.97,98.51,70,25,33,40,104.71,0.63,93.35,96.98,0.65
MCK,104.49,107.91,116.26,134.78,138.91,106.1,70,83,81,51,709.8,0.9,715.2,631.58,0.58
FVCB,104.45,110.1,107.66,99.86,94.45,107.12,70,37,26,53,13.21,0.75,11.98,12.05,1.26
IDXX,104.45,110.85,112.41,110.91,95.66,82.63,70,60,27,12,514.61,0.83,521.62,456.11,0.65
CTBI,104.43,108.17,105.92,108.0,116.35,122.98,70,50,61,71,56.94,0.85,52.4,52.08,1.31
UVSP,104.41,111.21,110.75,118.56,121.53,127.2,70,71,69,74,31.86,0.9,30.41,29.35,0.66
LFUS,104.38,104.38,104.65,92.01,93.16,91.63,70,27,24,22,234.48,0.7,220.11,225.07,0.55
PBT,104.37,110.14,114.48,104.6,92.38,97.59,70,45,23,38,12.71,0.8,11.66,11.19,0.44
BCH,104.37,111.29,120.6,144.88,139.51,98.72,70,87,81,40,28.4,0.71,30.09,25.28,1.18
RECT,104.36,110.43,110.86,124.5,142.59,157.36,70,76,83,87,4.74,0.41,4.71,4.65,0.32
RITM,104.35,106.55,103.91,107.28,113.87,99.52,70,49,51,42,11.94,1.0,11.25,10.72,1.12
VLGEA,104.31,107.36,118.37,131.79,141.76,107.5,70,81,82,53,36.67,0.82,37.29,33.59,0.75
BATRA,104.31,106.2,110.05,111.42,110.49,88.54,70,61,47,18,49.72,0.97,46.26,43.34,0.67
BRFH,104.3,104.3,117.06,124.51,203.32,142.82,70,76,93,83,3.19,0.46,2.82,2.94,1.02
HBAN,104.29,112.18,114.56,105.06,110.16,123.4,70,45,46,71,16.71,0.82,16.13,15.69,1.74
STVN,104.28,110.92,118.39,118.94,106.98,101.04,70,71,42,44,24.9,0.88,23.98,21.53,0.62
KE,104.24,106.66,108.58,99.91,88.07,85.41,70,37,19,15,19.38,0.59,18.86,17.88,0.61
CF,104.2,116.56,122.9,125.02,108.87,112.83,70,77,44,61,92.63,0.71,92.24,85.16,0.78
DFIN,104.18,111.97,114.85,105.68,101.57,92.9,70,46,35,30,61.1,0.72,58.32,56.98,0.88
TKNO,104.18,127.66,145.87,180.47,245.27,310.19,70,93,95,97,4.27,0.3,5.63,6.61,0.74
NVST,104.18,106.63,107.52,101.56,100.85,99.18,70,40,34,41,19.51,0.63,18.84,18.96,0.92
ONFO,104.18,104.18,103.97,145.61,178.97,199.0,70,87,91,93,1.32,0.65,1.01,1.17,1.88
MCS,104.17,104.17,106.93,115.96,130.53,151.99,70,68,76,86,17.84,0.56,17.27,18.46,2.3
NI,104.17,104.26,111.84,128.07,135.23,117.17,70,79,79,65,40.9,1.0,39.47,37.63,0.9
CADL,104.17,104.64,94.88,86.57,304.7,371.86,70,21,97,97,6.74,0.35,5.46,6.35,0.71
TORO,104.15,104.15,98.8,83.77,76.63,74.47,69,19,11,8,3.19,0.67,2.17,2.58,0.24
GEF,104.15,108.65,111.53,104.03,95.45,99.96,69,44,27,42,65.83,0.79,61.51,59.97,0.89
IROQ,104.12,106.54,116.39,129.47,143.25,128.21,69,80,83,75,24.65,0.92,24.4,23.18,0.0
BZUN,104.11,104.11,91.47,130.19,137.22,124.8,69,80,80,72,3.09,0.44,2.9,2.97,1.18
BCRX,104.04,115.81,131.2,162.89,125.94,124.62,69,91,73,72,8.61,0.46,9.93,8.35,0.76
HLVX,104.04,113.0,109.63,87.93,80.59,71.7,69,23,14,7,2.06,0.86,1.96,1.87,0.2
AVNW,104.01,106.39,112.09,102.6,101.35,69.67,69,42,34,6,23.64,0.57,22.44,19.85,0.97
VIPS,104.0,104.0,98.09,102.51,121.09,87.97,69,41,68,17,15.8,0.69,14.77,14.58,0.62
AI,104.0,104.0,99.28,103.76,122.37,141.3,69,43,69,82,28.71,0.42,24.88,27.39,1.25
SBCF,103.98,110.64,108.46,96.71,104.3,111.03,69,33,38,58,29.17,0.87,26.4,26.56,1.07
GXO,103.97,112.82,112.85,93.24,85.6,104.53,69,28,17,49,50.36,0.6,44.92,46.07,0.55
AIT,103.96,105.21,104.38,111.4,115.81,128.37,69,61,60,75,260.7,0.79,234.64,241.09,0.73
FISI,103.93,111.15,108.79,114.95,123.3,124.67,69,66,70,72,27.25,0.79,26.03,25.63,0.92
TOPP,103.93,107.47,107.47,109.63,114.01,92.57,69,54,54,26,1.74,0.27,1.67,1.75,0.08
ALLE,103.92,105.82,105.82,109.58,106.92,110.72,69,52,42,58,152.82,0.98,143.11,136.44,1.06
HWC,103.91,110.63,112.14,105.16,113.37,116.88,69,45,51,65,60.21,0.9,56.43,54.54,2.02
UCB,103.89,109.81,106.65,98.74,112.74,114.57,69,36,50,63,31.72,0.79,29.45,29.7,1.23
KODK,103.87,116.0,104.44,116.65,161.33,148.31,69,68,89,85,6.86,0.66,6.1,6.21,0.92
ICE,103.87,107.09,108.39,118.41,122.14,109.62,69,71,69,57,180.72,0.93,178.6,164.94,1.02
TRMK,103.86,109.92,108.81,112.62,113.85,125.01,69,62,51,73,38.55,0.93,35.82,35.15,1.28
BSRR,103.84,114.1,110.85,112.76,120.63,136.96,69,63,67,80,30.96,0.69,28.8,28.72,1.37
LARK,103.83,107.47,115.32,157.57,152.09,116.7,69,90,86,65,26.25,0.66,27.65,24.6,0.31
PNC,103.82,106.73,106.51,97.4,108.5,122.17,69,34,44,70,196.52,0.8,180.06,182.11,1.09
MRC,103.82,104.13,112.15,102.46,111.4,107.55,69,41,48,54,14.05,0.79,12.93,12.73,1.03
AQN,103.82,105.21,108.88,119.03,117.5,78.27,69,71,64,10,5.93,0.86,5.72,5.01,0.41
LWLG,103.8,107.85,77.62,74.01,48.92,92.36,69,12,3,23,1.79,0.3,1.22,1.82,0.76
ALRS,103.79,111.1,109.79,104.74,95.64,101.93,69,45,27,45,22.06,0.8,21.55,20.39,0.67
QRVO,103.79,105.33,111.21,97.05,83.99,81.77,69,33,16,12,88.57,0.51,81.31,77.1,0.57
CMA,103.78,106.17,105.0,99.82,111.47,128.81,69,37,48,75,65.32,0.78,58.44,60.04,3.08
FSM,103.75,123.72,123.72,152.66,148.71,118.24,69,88,85,66,6.29,0.66,6.35,5.39,0.64
IMCR,103.75,106.93,106.42,111.13,89.11,68.91,69,60,20,6,36.31,0.75,33.2,31.14,0.5
RILY,103.72,126.29,89.61,64.49,76.98,57.48,69,7,11,4,5.27,0.15,3.35,4.28,2.53
IGIC,103.65,111.81,112.8,149.49,155.47,160.89,69,88,87,88,24.05,0.8,23.37,23.34,0.64
CNP,103.61,103.61,107.91,134.44,136.47,104.6,69,82,80,49,37.24,0.89,36.68,33.61,1.08
ACNT,103.6,105.68,110.68,138.06,136.12,115.2,69,84,80,64,12.85,0.87,12.69,11.59,0.26
LNG,103.59,107.05,114.58,128.57,128.37,133.78,69,79,75,79,244.28,0.9,236.02,219.99,2.88
HPE,103.58,106.12,111.87,99.79,119.79,116.73,69,37,67,65,21.11,0.75,18.55,19.12,0.75
PNNT,103.57,103.57,100.03,104.14,111.42,100.51,69,44,48,43,7.28,0.98,6.7,6.49,0.89
AER,103.57,110.31,112.9,119.02,113.85,105.8,69,71,51,51,112.09,0.84,114.39,101.65,0.93
TRST,103.57,108.38,106.88,105.67,108.26,113.77,69,46,43,62,35.24,0.83,32.4,32.08,0.66
ABCB,103.56,111.32,109.66,103.43,111.81,126.21,69,43,49,74,67.34,0.8,63.26,62.35,0.69
CFFI,103.56,103.77,105.31,127.24,144.04,131.76,69,78,83,78,67.3,0.52,64.64,67.91,1.15
RAY,103.55,113.07,84.43,215.74,160.55,89.34,69,95,88,19,2.33,0.54,1.62,1.56,1.86
ATEC,103.54,114.5,120.78,141.6,134.05,127.03,69,85,79,74,10.49,0.68,11.76,10.08,0.75
DMYY,103.51,106.06,126.66,137.57,118.56,93.17,69,84,65,31,12.65,0.48,13.66,11.61,0.57
ESAB,103.45,105.51,106.77,111.91,117.28,124.2,69,61,63,72,129.99,0.89,124.72,121.24,0.89
ONB,103.43,112.77,112.32,110.77,123.95,119.3,69,59,71,67,22.88,0.82,21.59,21.18,1.59
CHMG,103.43,110.37,105.13,104.05,108.6,106.7,69,44,44,52,52.38,0.88,48.3,47.97,1.66
LC,103.4,108.69,109.04,96.52,154.65,172.95,69,32,87,90,13.04,0.48,11.23,12.83,1.28
ANSS,103.4,111.1,105.36,102.09,98.24,98.28,69,41,31,39,374.3,0.83,347.55,334.96,
SPIR,103.4,105.82,117.17,113.33,189.59,184.83,69,64,92,91,12.26,0.39,11.06,11.82,0.96
SMP,103.38,115.08,113.93,102.51,92.4,95.55,69,41,24,35,31.42,0.77,30.62,29.54,1.22
NEM,103.37,118.82,125.19,138.24,138.16,124.74,69,84,81,72,58.19,0.89,55.54,48.04,1.08
AIRT,103.36,113.56,113.56,113.79,99.91,103.41,69,64,32,47,21.36,0.44,19.87,18.68,0.4
DGICB,103.32,114.98,139.44,141.13,149.52,108.62,69,85,85,55,16.0,0.6,17.43,15.25,0.87
NTLA,103.3,103.3,104.1,69.15,57.93,72.03,69,9,5,7,12.06,0.27,9.34,11.41,0.78
SPOK,103.27,108.88,110.95,112.48,116.39,103.33,68,62,62,47,17.37,0.85,16.8,15.7,1.34
LTH,103.27,107.8,113.5,152.29,162.07,135.2,68,88,89,80,30.36,0.77,29.17,27.71,0.87
BAC,103.27,106.84,111.47,104.5,112.46,117.0,68,44,50,65,47.32,0.89,45.17,43.34,1.16
MRAM,103.26,109.09,112.0,105.82,88.33,90.64,68,46,19,20,6.75,0.91,6.2,5.94,1.08
FSFG,103.26,106.35,104.75,133.28,127.09,145.23,68,82,74,84,26.2,0.65,26.02,25.65,2.72
MCRB,103.26,103.26,79.69,61.41,98.45,95.83,68,6,31,36,14.07,0.32,9.06,13.54,0.75
SAGE,103.25,115.1,116.88,112.72,111.83,69.25,68,63,49,6,9.11,0.52,7.83,7.06,1.05
CATY,103.24,110.56,106.99,104.13,105.27,120.74,68,44,39,69,48.2,0.71,44.86,45.16,1.01
BWA,103.23,108.0,107.09,102.21,91.3,94.25,68,41,22,33,34.98,0.88,33.47,31.8,0.65
MSGE,103.21,106.1,110.4,103.19,96.02,103.21,68,42,28,47,40.27,0.77,38.24,36.56,0.9
RAIN,103.2,107.42,117.44,160.57,104.24,92.57,68,90,38,26,3.9,0.34,4.13,3.48,0.37
ESTA,103.18,110.58,110.35,92.72,96.61,110.03,68,28,28,57,41.57,0.66,38.84,39.03,0.67
EFXT,103.18,107.47,114.29,114.87,160.92,168.0,68,66,88,89,7.98,0.55,7.55,7.98,0.5
COUR,103.15,106.09,111.45,115.06,93.34,83.6,68,66,25,13,8.74,0.56,8.68,7.99,1.17
MNDY,103.14,106.24,116.61,119.89,124.08,143.76,68,72,71,83,291.8,0.71,295.68,274.94,0.5
AM,103.12,105.63,114.47,124.16,130.08,108.53,68,76,76,55,17.98,0.84,18.33,16.35,1.06
EQH,103.09,106.72,112.42,116.04,130.13,125.43,68,68,76,73,52.93,0.84,53.39,49.76,0.68
MX,103.09,103.09,99.17,88.71,102.78,74.85,68,24,36,8,4.32,0.54,3.84,3.99,1.71
BHM,103.09,104.59,93.45,89.21,83.24,85.13,68,24,15,15,14.09,0.51,11.82,12.4,0.57
HFWA,103.08,112.18,109.86,113.73,121.62,123.23,68,64,69,71,25.08,0.75,23.9,23.67,0.63
QTWO,103.06,106.41,114.58,114.97,140.23,173.03,68,66,82,90,90.94,0.57,90.25,89.39,0.6
AXP,103.05,110.47,113.01,109.09,122.13,121.78,68,51,69,70,307.95,0.81,302.2,288.41,1.97
CWCO,103.02,113.02,114.45,106.45,112.15,90.58,68,47,49,20,29.41,0.78,27.99,26.03,1.19
ARCC,103.01,103.8,101.99,105.57,113.03,105.05,68,46,50,50,23.21,0.99,21.74,21.08,0.64
MUFG,103.01,108.67,109.17,119.8,140.06,109.26,68,72,82,56,13.29,0.7,13.56,12.4,0.59
TEF,103.0,108.36,112.98,131.85,127.28,98.91,68,81,74,40,5.18,0.86,5.18,4.6,0.84
HSCS,103.0,109.12,141.55,119.95,88.13,81.82,68,72,19,12,3.92,0.44,3.8,3.48,0.35
PAAS,102.99,121.83,122.65,140.55,142.18,126.44,68,85,83,74,28.09,0.81,27.06,24.28,0.9
ACM,102.98,107.4,109.78,110.51,102.64,110.43,68,59,36,58,113.31,0.91,110.65,105.01,3.39
OPBK,102.97,107.85,108.3,111.41,128.98,147.43,68,61,75,84,13.87,0.46,12.79,13.59,1.15
FCFS,102.94,106.63,113.92,124.21,126.51,89.56,68,76,73,19,132.6,0.87,130.54,116.92,0.87
CAAS,102.94,106.19,102.68,116.73,152.62,129.04,68,69,86,75,4.22,0.56,4.18,4.24,0.97
MTB,102.92,110.05,109.2,102.29,112.2,133.59,68,41,49,79,196.19,0.66,187.48,186.91,0.98
PXLW,102.9,102.9,96.14,69.68,82.38,78.15,68,9,15,10,9.93,0.62,6.7,8.21,1.15
OVID,102.86,102.86,79.31,38.6,42.82,72.7,68,2,3,7,0.55,0.27,0.33,0.67,2.16
PTCT,102.83,112.75,113.0,151.2,152.15,144.84,68,88,86,84,47.63,0.64,48.48,46.72,0.55
NNVC,102.83,109.78,94.75,109.95,112.1,103.31,68,57,49,47,1.68,0.46,1.46,1.37,1.01
JBGS,102.82,107.8,109.17,115.33,109.1,103.93,68,67,45,48,18.12,0.92,17.32,15.99,0.3
VNRX,102.82,107.15,145.4,107.48,91.95,100.77,68,49,23,43,0.68,0.52,0.62,0.61,0.58
ARI,102.82,107.3,106.11,107.67,110.02,87.56,68,49,46,17,9.72,0.85,9.65,8.89,1.07
BELFA,102.77,105.86,109.43,92.2,100.49,140.33,68,27,33,82,91.0,0.7,77.26,83.92,0.73
RNXT,102.76,127.78,123.17,127.6,126.48,122.47,68,79,73,70,1.3,0.69,1.29,1.16,0.72
ITT,102.75,106.92,109.58,105.59,101.59,109.57,68,46,35,56,159.17,0.96,152.79,145.29,0.55
HTB,102.73,108.66,107.48,116.96,121.14,118.05,68,69,68,66,38.97,0.99,36.75,35.24,1.22
CVGI,102.72,110.42,104.82,59.25,58.71,52.6,68,6,5,3,1.77,0.2,1.51,1.95,0.25
ATLC,102.66,116.73,126.54,154.34,160.92,179.67,68,89,88,91,51.87,0.65,52.72,51.47,0.75
JFU,102.63,110.24,101.23,88.19,88.1,74.21,68,23,19,8,1.6,0.28,1.44,1.51,0.89
CWBC,102.62,108.6,106.42,97.94,103.57,105.63,68,34,37,51,20.45,0.76,18.91,18.77,2.64
XBIO,102.59,109.23,112.49,82.37,105.92,102.84,68,17,40,47,3.66,0.6,3.28,3.63,0.18
SRI,102.56,114.95,121.35,82.51,56.21,50.44,68,18,5,3,6.73,0.22,6.02,6.05,0.63
E,102.55,107.08,107.73,107.04,112.68,86.95,68,48,50,16,32.93,0.93,31.32,29.23,0.73
PYPD,102.54,112.9,114.37,105.84,87.93,84.02,68,46,19,14,3.62,0.87,3.22,3.1,0.2
V,102.53,104.79,107.07,121.7,123.77,106.74,68,74,71,52,349.05,0.8,356.79,329.37,0.77
PFIS,102.53,109.66,109.96,108.86,111.49,121.13,68,51,48,69,51.56,0.69,49.38,47.97,1.5
HBT,102.53,112.29,113.59,117.39,120.83,109.72,68,69,68,57,25.31,0.82,24.52,23.14,1.36
CVLT,102.52,102.57,113.94,133.86,132.81,143.98,68,82,78,83,172.07,0.73,177.38,165.65,0.82
TPVG,102.51,104.95,102.44,94.13,102.8,94.09,68,29,36,33,7.22,0.8,6.76,6.68,1.05
HG,102.51,105.65,106.39,120.73,130.42,109.5,68,73,76,56,21.12,0.82,21.09,19.48,1.44
SAR,102.48,104.28,105.84,116.53,121.3,105.74,67,68,68,51,25.13,0.95,24.26,23.06,1.05
SNN,102.48,103.89,105.26,111.52,116.56,98.72,67,61,62,40,30.17,0.88,29.43,27.09,0.82
GECC,102.45,107.61,107.49,115.57,113.9,105.46,67,67,51,50,11.0,1.0,10.54,9.83,0.54
TOON,102.43,103.07,99.52,114.29,88.93,67.09,67,65,20,6,0.76,0.48,0.76,0.67,1.02
MO,102.43,105.08,114.69,136.11,137.78,114.1,67,83,81,62,58.02,0.83,58.57,54.0,0.65
AN,102.42,114.32,115.11,109.69,108.48,104.11,67,57,44,48,196.76,0.7,194.0,177.97,0.99
WSFS,102.42,109.62,107.27,106.48,111.18,117.84,67,47,48,66,58.17,0.83,54.69,53.5,0.89
NGVC,102.42,108.51,133.48,205.18,213.36,204.77,67,94,94,93,39.43,0.46,44.32,40.54,0.48
CVBF,102.41,109.14,105.75,105.94,105.68,122.3,67,47,40,70,21.08,0.71,19.39,19.58,1.25
UFCS,102.4,107.74,109.54,129.25,130.21,131.78,67,80,76,78,27.42,0.71,28.03,26.51,0.97
HTBK,102.39,109.77,108.1,107.15,111.36,109.91,67,48,48,57,10.29,0.84,9.66,9.55,1.41
HONDU,102.38,104.45,116.61,121.63,118.76,92.9,67,74,65,30,12.55,0.68,12.41,10.84,0.0
DAKT,102.35,107.38,111.93,110.3,142.61,161.49,67,58,83,88,15.92,0.56,15.03,14.74,0.59
CENTA,102.34,105.15,104.71,104.07,107.61,95.19,67,44,43,35,36.01,0.92,32.03,31.77,1.16
CXM,102.32,103.3,100.31,98.2,103.07,88.67,67,35,37,18,9.0,0.71,8.47,8.28,0.81
LQDA,102.32,105.85,104.82,140.97,134.55,100.32,67,85,79,43,14.54,0.54,14.96,13.39,0.75
SKWD,102.3,107.31,126.12,142.63,140.61,129.73,67,86,82,76,54.12,0.65,58.85,51.61,0.89
FBIO,102.26,108.54,106.14,109.09,102.61,115.15,67,51,36,63,1.95,0.46,1.85,1.78,0.98
HON,102.26,104.02,103.77,106.16,101.98,103.15,67,47,35,47,236.54,0.93,227.25,216.66,1.11
ZWS,102.25,106.34,106.34,106.01,107.83,114.07,67,47,43,62,37.55,0.74,36.51,36.16,2.72
CARR,102.24,105.11,105.11,109.79,100.15,120.71,67,57,33,69,76.63,0.8,73.02,70.17,1.09
ENTA,102.23,102.23,104.57,87.84,72.36,88.15,67,23,9,18,7.54,0.28,6.75,7.31,1.37
ALCO,102.22,107.12,113.34,113.19,123.3,111.2,67,64,70,59,32.33,0.82,31.58,28.86,0.63
BSX,102.22,104.72,110.11,123.18,127.66,119.47,67,75,74,68,103.64,0.89,103.46,96.91,1.15
AEG,102.22,104.91,106.26,113.61,113.21,101.5,67,64,51,45,7.07,0.86,7.02,6.49,0.66
CNXC,102.21,103.41,105.85,112.78,126.15,74.42,67,63,73,8,58.33,0.58,55.71,48.61,0.72
FBP,102.2,108.25,106.85,108.11,107.61,110.2,67,50,43,57,22.08,0.96,20.7,19.79,1.18
VRTS,102.18,103.82,99.96,86.39,84.67,103.28,67,21,16,47,207.33,0.64,180.93,192.48,0.57
MANU,102.17,105.13,117.32,107.9,92.76,99.15,67,49,24,41,17.67,0.78,16.13,15.75,0.37
CENX,102.17,111.57,109.67,112.64,130.25,180.12,67,62,76,91,20.32,0.7,17.96,18.66,0.58
AMP,102.17,102.17,104.01,105.74,116.58,124.7,67,46,62,72,544.55,0.85,519.48,516.45,0.88
SIBN,102.13,113.14,127.15,126.58,120.94,100.74,67,78,68,43,16.62,0.59,18.24,15.51,0.6
EXE,102.09,105.26,127.73,129.27,130.68,118.22,67,80,76,66,108.64,0.74,113.83,101.99,0.77
DRD,102.09,114.65,129.53,196.2,196.38,124.41,67,94,93,72,13.75,0.64,14.28,12.14,0.6
SBLK,102.08,103.41,102.39,91.49,94.17,87.53,67,26,26,17,18.56,0.59,16.86,16.48,0.74
ADEA,102.07,108.65,109.78,118.88,137.15,112.39,67,71,80,60,13.82,0.56,13.68,13.15,0.9
ATS,102.03,102.03,105.4,102.23,90.67,89.66,67,41,22,19,31.35,0.87,29.61,28.71,0.72
WMB,101.99,104.69,115.77,130.79,135.66,134.66,67,81,79,79,59.35,0.85,59.09,55.94,0.98
JRSH,101.98,102.14,100.74,108.45,119.8,110.62,67,50,67,58,3.34,0.66,3.25,3.23,0.29
GSHD,101.98,103.29,111.18,144.58,165.9,147.2,67,87,89,84,102.09,0.66,104.69,106.2,0.59
OUT,101.97,104.77,102.25,96.58,109.05,128.21,67,32,45,75,17.89,0.8,16.35,17.04,0.93
MRBK,101.94,101.94,102.39,124.57,142.29,135.62,67,76,83,80,14.68,0.69,13.32,14.05,2.99
CMI,101.94,101.94,101.01,98.45,113.79,122.95,67,35,51,71,350.4,0.73,326.21,334.96,1.19
HNVR,101.93,107.12,109.85,122.78,135.03,140.56,67,75,79,82,22.43,0.6,22.41,22.36,0.52
RACE,101.91,104.42,104.1,112.78,109.18,113.44,67,63,45,61,505.4,0.98,484.09,457.76,1.16
PVBC,101.89,108.45,106.52,118.47,121.95,107.44,67,71,69,53,12.61,0.89,11.86,11.45,0.29
CIVB,101.89,110.8,125.92,129.34,129.1,132.36,67,80,75,78,21.32,0.62,22.78,20.9,0.71
EHC,101.88,112.65,121.88,130.69,126.44,113.88,67,81,73,62,110.01,0.68,118.8,103.84,0.77
CADE,101.88,109.09,108.69,97.07,107.21,124.98,67,33,42,73,34.89,0.72,31.8,32.4,1.12
VMI,101.88,105.74,108.4,108.37,119.84,126.23,67,50,67,74,335.65,0.65,324.37,318.1,1.09
ARW,101.87,106.25,108.85,100.96,89.29,96.19,67,39,20,36,130.47,0.86,124.31,117.4,0.92
BXSL,101.85,103.36,99.92,104.8,112.17,106.07,67,45,49,51,32.38,0.93,30.86,30.15,0.98
BWLP,101.85,104.95,104.95,96.16,102.41,97.5,67,32,36,38,13.08,0.72,11.66,11.52,0.74
ADT,101.84,105.25,107.62,121.54,129.43,103.11,67,74,75,47,8.45,0.95,8.35,7.63,0.43
ZIM,101.82,104.67,118.4,130.84,142.55,185.2,67,81,83,91,15.48,0.53,16.68,15.83,0.6
ALTI,101.79,106.19,105.95,113.03,83.3,88.81,67,63,15,18,4.41,0.74,3.78,3.79,0.96
NGS,101.78,111.21,121.25,121.1,135.52,135.71,67,73,79,80,24.39,0.59,24.77,23.77,0.56
YUMC,101.78,102.9,101.75,126.8,133.66,123.57,67,78,78,71,46.83,0.72,44.8,46.55,0.9
RLMD,101.77,113.32,133.82,152.4,40.43,94.53,66,88,2,33,0.58,0.08,0.62,1.1,0.41
CINF,101.75,102.2,103.66,113.57,115.73,118.74,66,64,60,67,150.73,0.83,147.36,142.11,1.29
FSEA,101.74,102.07,107.56,126.53,129.92,107.48,66,78,76,53,11.35,0.89,11.23,10.39,0.22
BUD,101.74,103.31,113.25,131.18,128.63,96.03,66,81,75,36,67.91,0.85,69.07,60.5,0.71
PFBC,101.69,107.32,105.99,111.37,111.13,116.59,66,61,48,65,92.61,0.93,85.33,84.64,0.92
NTST,101.67,107.65,106.71,116.15,115.69,87.57,66,68,60,17,17.58,0.97,16.38,15.2,1.73
LTRX,101.67,101.67,93.67,75.32,90.56,102.81,66,13,21,47,3.25,0.51,2.54,3.03,0.92
TRIN,101.65,101.65,99.12,116.8,122.32,102.23,66,69,69,46,14.97,0.87,14.1,13.74,0.71
SNAL,101.65,126.3,157.5,124.84,273.01,216.49,66,76,96,93,1.46,0.32,1.22,1.49,1.53
SFHG,101.65,105.16,95.7,84.73,103.14,92.57,66,19,37,26,0.95,0.02,0.81,3.26,0.45
ZEO,101.65,131.86,159.72,164.84,120.89,125.01,66,91,68,73,2.49,0.51,2.49,2.02,0.01
AXS,101.64,105.89,116.65,134.31,135.31,121.24,66,82,79,69,97.11,0.73,101.21,92.34,0.48
OPAL,101.64,102.27,111.31,111.31,69.53,77.82,66,60,8,10,2.52,0.41,2.76,2.89,0.51
PLUT,101.63,101.63,97.89,109.63,114.01,92.57,66,54,54,26,3.39,0.62,2.51,2.86,1.5
OBT,101.63,104.43,99.84,102.28,100.16,113.92,66,41,33,62,28.54,0.72,25.79,26.18,0.79
ANEB,101.61,108.95,108.95,87.98,114.28,72.21,66,23,57,7,1.64,0.33,1.32,1.44,0.45
CHT,101.59,105.05,112.74,115.98,114.49,90.85,66,68,57,21,43.78,0.7,44.54,40.08,1.2
SVM,101.59,126.78,126.78,118.89,129.09,145.27,66,71,75,84,4.44,0.7,4.2,3.84,0.59
CASH,101.58,111.42,111.61,124.84,122.49,129.99,66,76,70,76,80.93,0.84,79.27,76.61,0.96
SNYR,101.58,118.43,111.27,94.66,90.62,92.57,66,30,22,26,3.61,0.27,2.43,3.75,0.83
TOMZ,101.57,114.16,122.38,138.79,149.39,144.14,66,84,85,83,0.95,0.54,0.98,0.88,0.28
AUTL,101.5,125.42,113.8,80.02,55.74,102.01,66,15,5,45,2.41,0.35,2.0,2.38,0.69
PATK,101.49,110.45,110.45,106.06,115.36,124.23,66,47,60,72,95.81,0.82,90.76,88.14,0.69
USAR,101.48,140.94,148.09,123.87,158.06,114.59,66,76,88,63,14.62,0.69,11.01,11.17,1.95
GB,101.48,105.13,117.46,136.14,145.79,139.57,66,83,84,81,7.39,0.84,7.43,6.81,0.12
CHTR,101.48,108.24,113.87,124.14,121.09,109.82,66,76,68,57,382.08,0.61,400.44,369.25,0.89
RY,101.47,102.56,106.12,111.89,110.9,110.61,66,61,47,58,132.81,0.98,128.04,121.86,0.43
SONY,101.44,106.24,118.46,140.59,135.64,108.8,66,85,79,55,23.92,0.72,25.43,22.63,0.54
FCNCA,101.44,106.56,105.31,96.02,113.76,120.35,66,32,51,68,2123.59,0.72,1929.93,1986.15,0.75
HMY,101.44,122.22,134.63,197.61,199.28,149.71,66,94,93,85,13.94,0.59,14.58,12.11,0.65
CNK,101.41,102.26,123.15,133.64,130.33,160.82,66,82,76,88,30.22,0.63,31.26,29.6,0.93
CXW,101.39,117.28,121.08,148.04,144.06,153.84,66,87,83,86,20.81,0.73,21.6,20.05,1.47
DNA,101.38,104.69,151.41,113.29,111.04,91.32,66,64,47,21,10.13,0.43,8.84,8.94,1.17
EVRG,101.33,104.83,107.64,129.29,132.32,107.45,66,80,77,53,68.9,0.93,67.19,64.05,0.78
CDRO,101.32,106.93,105.94,115.04,114.19,143.45,66,66,57,83,8.29,0.85,7.86,7.47,0.65
WEC,101.31,103.01,107.0,131.84,137.63,106.76,66,81,80,52,107.82,0.97,105.37,100.77,0.97
MBWM,101.31,110.54,108.29,105.58,112.47,114.71,66,46,50,63,48.58,0.82,45.62,44.99,1.05
DLR,101.3,102.12,107.98,110.26,110.55,118.84,66,58,47,67,177.98,0.76,171.5,166.13,0.81
DT,101.28,101.28,105.8,105.8,112.44,103.39,66,46,50,47,53.26,0.58,53.66,53.17,0.63
PSTG,101.27,101.27,105.13,101.29,125.71,119.54,66,39,72,68,58.12,0.6,54.75,55.26,0.58
MDWD,101.26,112.25,113.47,124.53,117.61,122.51,66,76,64,70,20.46,0.76,20.12,18.11,1.13
PTON,101.24,111.79,119.93,143.75,184.79,206.07,66,86,92,93,6.29,0.44,6.74,7.31,0.53
PROV,101.23,102.09,107.27,113.2,114.61,114.67,66,64,58,63,15.68,0.87,15.42,15.1,0.54
WMT,101.23,102.67,113.81,132.61,138.16,130.37,66,82,81,76,95.05,0.75,96.87,91.76,0.85
LPG,101.22,107.82,107.82,93.87,81.43,78.31,66,29,14,10,28.51,0.58,24.19,23.83,0.82
APTV,101.19,107.17,104.65,101.27,96.54,81.43,66,39,28,12,68.2,0.77,68.04,62.76,1.09
VLY,101.19,108.02,108.16,106.77,115.72,117.61,66,48,60,66,9.51,0.71,8.95,9.1,0.69
HOMB,101.19,103.35,103.26,108.63,112.26,115.04,66,51,49,63,30.19,0.78,28.67,28.42,2.27
IPGP,101.19,101.19,101.79,95.12,85.14,90.27,66,30,17,20,74.63,0.61,68.25,69.23,0.69
LVWR,101.18,101.18,153.77,189.83,45.93,75.71,66,94,3,9,3.86,0.38,3.72,3.96,0.09
ASTE,101.18,114.65,120.66,121.71,108.71,102.84,66,74,44,47,37.97,0.62,40.32,35.77,0.83
TEX,101.17,108.15,113.72,96.99,78.89,89.53,66,33,12,19,49.36,0.51,47.0,46.0,0.65
FCAP,101.17,113.01,129.62,166.47,143.17,112.9,66,91,83,61,39.01,0.45,44.85,37.6,0.36
NLY,101.16,102.32,101.06,110.1,119.35,98.59,66,58,66,40,19.87,0.85,18.8,18.42,0.69
FIGS,101.15,108.2,112.29,99.54,102.83,101.61,66,37,36,45,5.91,0.71,5.19,5.31,0.73
BKV,101.15,109.92,105.34,104.25,103.85,105.51,66,44,38,50,22.14,0.59,22.48,21.22,0.69
LEA,101.14,106.69,104.46,89.91,89.44,75.78,65,25,21,9,104.0,0.65,94.83,93.66,0.76
IDA,101.14,101.57,104.74,128.1,131.56,109.77,65,79,77,57,120.18,1.0,115.66,111.78,0.84
OFG,101.11,105.81,103.5,101.73,104.28,106.69,65,40,38,52,44.94,0.9,42.51,41.62,1.07
APO,101.08,104.41,103.22,105.97,126.74,145.2,65,47,73,84,152.0,0.68,138.58,147.41,0.98
RMBI,101.07,103.38,104.53,119.68,114.08,109.76,65,72,57,57,13.88,0.81,13.64,13.19,0.57
SOPH,101.07,101.07,103.86,82.62,112.18,89.51,65,18,49,19,3.72,0.48,3.12,3.31,0.15
ICCM,101.07,104.35,111.95,144.72,191.14,155.16,65,87,92,87,1.02,0.48,1.02,1.04,1.44
GTEC,101.07,103.46,129.93,126.02,113.87,125.59,65,77,51,73,1.95,0.44,2.05,2.01,0.39
MSC,101.05,101.05,93.98,68.44,64.64,102.67,65,9,7,46,4.91,0.42,3.39,4.59,0.0
CFBK,101.05,105.28,104.11,110.94,108.43,127.4,65,60,44,74,23.92,0.45,23.78,23.88,0.44
CFFN,101.03,107.11,105.62,105.26,108.52,112.77,65,45,44,60,6.22,0.63,5.93,5.87,0.55
HQY,101.03,104.21,114.59,117.23,125.05,120.06,65,69,72,68,97.7,0.64,101.15,96.84,0.57
HESM,101.01,101.01,98.87,110.68,126.29,109.41,65,59,73,56,41.0,0.8,38.36,37.33,2.77
HIT,100.99,104.96,106.37,89.6,101.26,92.57,65,24,34,26,1.16,0.09,0.76,2.66,0.61
NGG,100.98,103.79,115.25,130.48,127.73,94.96,65,81,74,34,71.57,0.86,71.04,63.99,0.6
MRP,100.98,101.45,101.9,109.63,114.01,92.57,65,54,54,26,30.68,0.99,27.64,25.08,0.92
HWBK,100.96,104.98,109.48,130.28,137.42,141.03,65,80,80,82,28.69,0.59,29.03,28.81,0.26
MXL,100.95,100.95,100.83,83.11,123.01,121.06,65,18,70,69,16.2,0.43,13.03,14.77,1.37
CPAC,100.93,104.16,102.46,116.93,119.36,107.98,65,69,66,54,6.1,0.92,5.89,5.71,0.26
BVN,100.9,108.2,108.2,120.3,113.07,89.13,65,73,50,19,16.58,0.92,15.9,13.98,0.48
CARG,100.88,106.93,108.92,109.22,138.87,133.46,65,52,81,78,33.16,0.6,32.44,33.19,0.83
ALK,100.86,103.57,106.69,105.61,164.76,155.9,65,46,89,87,53.15,0.46,50.96,55.17,0.94
GLDD,100.83,103.76,119.21,122.08,121.16,132.32,65,74,68,78,11.16,0.69,11.4,10.84,0.74
EFC,100.81,104.38,103.75,116.01,122.21,98.29,65,68,69,39,13.13,0.78,12.81,12.12,0.97
NKE,100.8,100.95,101.9,80.77,91.44,81.18,65,16,22,11,72.47,0.56,64.95,70.38,0.5
HCM,100.8,100.8,95.14,102.29,100.33,108.99,65,41,33,56,17.59,0.61,15.13,15.84,0.34
SA,100.79,113.99,113.99,106.51,98.01,135.97,65,47,30,80,15.71,0.55,13.83,13.51,0.72
PLPC,100.79,119.35,116.6,118.45,120.69,98.72,65,71,67,40,148.72,0.64,150.3,137.38,0.58
MTAL,100.78,105.07,102.16,107.06,88.97,100.04,65,48,20,42,12.0,0.66,11.52,11.18,0.51
SNRE,100.78,105.11,110.37,115.32,116.31,92.57,65,67,61,26,56.6,1.0,53.14,46.66,0.72
ENIC,100.76,104.7,115.42,137.51,125.99,98.39,65,84,73,39,3.38,0.6,3.62,3.17,0.96
ES,100.75,104.37,104.37,105.98,112.17,100.86,65,47,49,44,65.41,0.94,64.05,60.34,1.54
ZGN,100.74,100.74,102.26,98.7,88.14,78.19,65,36,19,10,9.02,0.55,8.7,8.22,0.71
KMT,100.73,104.04,104.04,91.33,92.24,109.55,65,26,23,56,24.57,0.55,22.46,23.2,0.59
FONR,100.69,102.58,99.47,93.06,91.59,84.7,65,28,22,14,16.01,0.61,14.43,14.69,1.51
BMRA,100.67,100.67,92.75,107.24,212.73,145.78,65,48,94,84,3.4,0.2,3.31,3.65,1.64
VOXR,100.63,105.51,134.67,161.29,151.6,120.73,65,90,86,69,3.2,0.69,3.35,2.85,0.72
SABR,100.63,102.06,110.12,90.33,128.68,122.95,65,25,75,71,3.02,0.42,2.88,3.26,0.57
WHG,100.62,106.66,110.93,128.22,130.71,123.93,65,79,76,72,16.29,0.8,15.47,15.31,0.51
AMTM,100.6,104.58,108.79,103.43,97.23,91.22,65,43,29,21,25.24,0.52,22.44,22.6,1.07
FCX,100.59,105.09,109.86,100.06,98.21,102.04,65,37,30,45,44.8,0.71,41.41,40.44,1.03
INFA,100.59,100.71,101.6,102.83,89.15,95.11,65,42,20,34,24.5,0.75,23.01,23.06,1.56
BKU,100.58,106.46,104.64,101.0,118.88,125.09,65,39,65,73,37.99,0.69,35.15,35.99,1.05
BL,100.58,100.58,103.82,110.0,106.01,106.0,65,57,40,51,56.56,0.61,55.64,55.45,0.73
DRVN,100.58,106.63,109.66,129.16,124.87,114.32,65,80,72,62,17.07,0.76,17.66,16.46,0.67
ALLY,100.57,105.27,104.51,99.19,104.95,99.39,65,36,39,41,39.88,0.73,37.11,35.82,1.57
BGC,100.57,104.82,110.5,105.84,111.19,122.39,65,46,48,70,10.16,0.68,9.76,9.44,0.54
AZO,100.56,102.94,106.39,126.88,130.39,103.25,65,78,76,47,3713.93,0.83,3706.08,3448.76,0.72
AEE,100.52,101.15,106.31,128.64,136.25,111.27,65,79,80,59,98.7,0.88,95.92,93.21,0.81
KMI,100.52,105.89,113.17,122.72,136.99,135.97,65,75,80,80,27.88,0.76,27.96,26.73,1.43
VNT,100.52,103.0,103.07,98.48,96.34,97.38,65,35,28,38,38.44,0.82,36.69,35.9,0.94
ORLY,100.51,102.79,106.69,130.95,136.04,104.6,65,81,79,49,92.34,0.86,90.73,86.51,0.77
WRB,100.51,105.32,120.24,135.2,132.62,105.61,65,83,78,51,68.75,0.76,71.9,63.93,2.12
VTSI,100.5,105.6,118.37,100.44,74.93,90.75,65,38,10,21,6.06,0.46,6.08,6.03,0.32
UBCP,100.5,104.22,113.72,119.25,119.53,110.14,65,72,66,57,14.16,0.84,13.6,12.84,0.19
PPL,100.46,100.46,102.52,128.96,130.08,107.66,65,80,76,54,35.98,0.97,34.21,33.46,1.32
TBLA,100.44,106.1,107.72,111.42,98.14,101.33,65,61,30,44,3.54,0.58,3.56,3.43,0.89
PCOR,100.43,100.43,101.11,104.21,117.66,117.13,65,44,64,65,74.13,0.61,68.83,70.57,1.03
NBN,100.4,113.14,109.1,126.42,145.78,153.8,64,78,84,86,95.31,0.69,87.33,91.79,0.94
IPAR,100.4,105.58,107.8,107.91,104.65,101.46,64,50,38,44,129.5,0.7,132.3,126.92,1.02
CNOB,100.35,104.99,103.08,107.51,118.97,122.57,64,49,66,70,25.13,0.59,23.58,24.11,0.79
SYPR,100.34,108.39,123.23,124.82,135.53,156.85,64,76,79,87,2.01,0.4,1.94,1.78,0.36
XEL,100.34,100.34,102.48,127.63,131.38,112.26,64,79,77,60,70.38,0.92,68.57,67.18,1.02
NMTC,100.3,100.3,103.24,72.92,133.79,98.55,64,11,78,40,0.85,0.54,0.66,0.83,2.09
ZBRA,100.28,100.28,101.55,88.51,120.05,123.14,64,23,67,71,331.73,0.57,300.62,333.51,0.86
LUXE,100.28,106.12,130.69,158.86,267.48,188.89,64,90,96,92,7.57,0.46,8.5,8.02,0.45
HII,100.26,109.48,109.48,120.73,101.53,88.37,64,73,34,18,254.49,0.81,235.06,210.91,1.14
SMID,100.25,108.25,106.25,94.53,107.42,135.14,64,30,42,79,37.27,0.48,32.16,35.73,0.47
FULT,100.24,106.33,104.07,95.71,112.09,118.38,64,31,49,67,19.62,0.73,17.86,18.39,2.6
CRML,100.23,100.47,124.22,83.4,95.33,92.02,64,18,27,22,4.48,0.33,2.29,4.34,1.48
SOBO,100.23,100.46,99.65,111.23,113.28,93.69,64,60,51,32,26.87,0.93,26.17,24.59,0.81
LOMA,100.2,105.08,113.84,149.44,144.88,159.39,64,88,84,88,10.53,0.58,11.77,11.08,0.51
SBUX,100.18,100.18,99.77,101.45,120.5,107.28,64,40,67,53,93.8,0.51,89.62,94.56,0.58
INSE,100.18,103.1,97.34,89.14,110.15,107.54,64,24,46,54,9.48,0.58,8.17,8.94,0.78
H,100.15,100.65,102.55,92.04,105.33,103.48,64,27,39,48,147.86,0.71,136.55,141.62,0.57
MPLX,100.12,103.43,108.04,124.33,129.45,116.67,64,76,76,65,50.8,0.82,50.96,48.67,1.15
JOUT,100.11,101.18,101.04,99.57,79.54,86.46,64,37,13,16,30.94,0.49,28.73,29.27,0.5
JMSB,100.11,104.24,104.53,93.47,92.58,121.49,64,29,24,69,19.09,0.44,17.84,18.83,1.22
TFC,100.1,106.46,105.96,95.18,109.97,113.85,64,31,46,62,44.25,0.78,41.51,42.18,1.75
MCFT,100.08,104.78,107.91,94.42,98.78,94.54,64,30,31,33,19.36,0.58,18.29,18.24,0.67
SSNC,100.07,103.91,102.97,113.57,121.69,108.53,64,64,69,55,83.41,0.77,80.8,78.55,0.82
QGEN,100.07,102.37,106.31,105.56,104.35,99.15,64,46,38,41,48.36,0.97,45.75,43.28,1.83
KNOP,100.07,102.07,107.4,116.49,127.84,91.76,64,68,74,22,7.25,0.85,6.66,6.15,0.55
SNDK,100.06,101.64,105.89,109.63,114.01,92.57,64,54,54,26,42.19,0.47,42.08,42.42,0.57
YRD,100.06,105.81,107.62,133.73,181.25,147.3,64,82,91,84,6.07,0.43,6.29,6.04,0.32
PANW,100.06,100.32,108.82,112.45,109.95,113.9,64,62,46,62,195.78,0.8,195.13,187.12,0.6
GM,100.05,103.25,102.45,104.24,109.79,130.89,64,44,45,77,53.22,0.68,49.77,49.66,0.7
ALAR,100.04,116.5,133.67,105.46,61.9,162.94,64,46,6,88,11.92,0.26,10.29,10.23,0.41
PODC,100.03,127.05,145.51,121.46,146.77,151.1,64,74,84,85,2.03,0.52,2.09,1.92,0.35
IBOC,100.03,107.08,106.9,104.66,110.25,120.27,64,45,46,68,69.53,0.74,65.57,64.46,0.85
NLOP,100.03,109.67,108.56,110.95,116.78,132.49,64,60,62,78,32.89,0.87,31.91,31.14,0.69
BLIN,100.02,102.58,113.49,161.72,187.64,199.53,64,90,92,93,1.49,0.44,1.57,1.49,0.81
TE,100.01,101.66,102.06,95.48,157.6,198.16,64,31,88,93,1.48,0.25,1.3,1.57,0.64
NGL,99.98,99.98,92.74,95.7,106.68,101.62,64,31,41,45,4.24,0.51,3.91,4.33,0.9
SLNG,99.98,103.31,108.81,125.67,162.69,137.53,64,77,89,81,5.25,0.35,5.24,5.37,0.44
BNS,99.97,101.68,104.77,105.64,102.74,109.07,64,46,36,56,55.19,0.86,53.5,51.95,0.44
PKST,99.97,112.3,112.3,110.07,117.86,93.35,64,57,64,31,13.6,0.78,12.73,11.93,0.97
TPCS,99.97,118.58,122.01,126.47,81.16,97.56,64,78,14,38,3.35,0.54,3.61,3.23,0.28
FUSB,99.95,99.95,104.49,125.77,142.71,122.09,64,77,83,70,13.21,0.81,12.76,12.64,0.63
SARO,99.94,101.87,101.88,103.51,105.66,91.22,64,43,40,21,30.4,0.76,29.87,28.07,0.44
FITB,99.93,105.67,104.48,94.42,103.78,121.79,64,30,37,70,43.03,0.71,39.8,40.94,1.49
LNC,99.92,103.61,102.37,111.08,124.84,116.98,64,60,72,65,34.55,0.67,33.33,32.93,0.87
TPG,99.91,103.19,104.96,99.82,124.69,152.5,64,37,71,86,56.09,0.54,51.2,56.51,0.96
DAC,99.89,103.3,103.3,108.57,108.45,99.81,64,51,44,42,89.89,0.97,86.45,81.49,0.37
DX,99.89,103.17,103.17,110.63,125.35,101.43,64,59,72,44,12.53,0.67,12.18,11.94,1.17
MSM,99.89,107.34,108.14,101.52,102.33,90.98,64,40,35,21,87.46,0.82,82.54,79.33,1.25
HBNC,99.88,105.09,105.07,106.49,113.18,131.65,64,47,51,77,15.92,0.58,15.2,15.58,1.0
SLGN,99.87,103.29,105.54,110.5,110.5,107.53,64,59,47,54,55.2,0.86,54.74,52.73,1.17
NWSA,99.85,100.69,101.93,105.84,104.32,100.81,64,46,38,44,29.86,0.92,28.64,27.83,0.82
TCOM,99.82,100.28,96.55,116.91,133.23,150.33,64,69,78,85,63.61,0.69,61.66,63.53,1.54
CRMT,99.8,112.49,115.08,106.96,102.17,90.81,64,48,35,21,54.84,0.54,53.34,48.04,0.78
NOW,99.78,101.41,110.21,116.53,124.46,127.24,64,68,71,74,963.4,0.54,1004.62,974.41,0.91
MAR,99.78,104.08,104.08,103.42,112.46,111.29,64,43,50,59,272.58,0.68,267.94,265.47,1.08
NMR,99.77,104.74,102.61,101.93,115.05,99.73,64,40,59,42,6.32,0.68,6.17,5.98,0.83
CPF,99.75,107.28,106.59,113.68,117.82,135.58,64,64,64,80,28.7,0.65,27.39,27.76,0.74
WSM,99.74,99.74,102.55,105.86,151.02,136.8,63,46,86,80,170.39,0.49,163.91,167.86,0.63
MBX,99.74,124.34,116.72,103.62,80.41,88.07,63,43,13,17,11.75,0.3,11.77,14.1,0.91
HUBB,99.73,101.71,102.55,100.51,103.52,114.83,63,38,37,63,430.28,0.76,396.39,401.08,0.98
TOWN,99.71,104.06,104.77,109.96,116.28,112.75,63,57,61,60,35.93,0.85,34.36,34.03,1.03
CDNS,99.71,102.64,106.43,114.83,105.41,101.35,63,66,40,44,315.57,0.88,308.45,288.66,0.75
BBSI,99.7,103.2,102.98,115.65,121.31,120.79,63,67,68,69,43.63,0.95,41.99,41.05,0.83
CARE,99.66,105.69,102.33,104.1,110.32,124.12,63,44,46,72,18.17,0.67,16.79,17.19,0.81
DTE,99.65,99.88,103.13,124.33,127.09,104.36,63,76,74,49,137.26,0.96,133.63,126.95,1.19
NATR,99.64,107.68,107.65,101.75,93.87,97.06,63,40,25,37,14.87,0.58,14.77,14.16,0.83
GLP,99.63,102.23,110.53,121.29,129.02,118.9,63,73,75,67,51.54,0.68,51.97,50.63,0.42
NCDL,99.62,101.28,100.26,102.56,110.37,92.12,63,41,46,22,17.02,0.97,15.89,15.84,0.47
FLG,99.61,100.98,99.04,122.01,124.46,92.51,63,74,71,23,11.76,0.67,11.56,11.18,0.72
FXNC,99.57,100.24,98.85,112.43,128.94,131.02,63,62,75,77,20.66,0.47,19.98,21.65,0.45
LRE,99.55,107.8,111.13,120.82,79.43,86.89,63,73,13,16,1.78,0.53,1.62,1.63,0.05
SEB,99.54,100.37,99.81,100.07,103.02,77.54,63,37,37,10,3062.57,0.75,2764.57,2696.09,0.53
PAY,99.53,110.29,127.23,151.91,142.38,176.12,63,88,83,90,28.96,0.49,34.61,30.83,0.65
UVV,99.53,105.47,111.13,124.3,121.94,101.27,63,76,69,44,54.47,0.44,58.0,53.34,0.73
TVTX,99.5,111.37,109.26,187.63,217.06,221.16,63,93,94,94,16.11,0.5,16.18,17.99,0.89
MODG,99.49,101.91,101.75,96.84,66.42,67.2,63,33,7,6,9.24,0.34,7.64,7.88,1.04
FRBA,99.48,107.91,105.37,109.72,115.38,99.73,63,57,60,42,15.54,0.77,15.13,14.61,0.88
ELWS,99.47,104.15,126.05,96.0,149.74,258.45,63,32,85,96,2.54,0.19,2.15,2.47,0.05
DIOD,99.47,99.47,102.45,86.51,83.04,85.17,63,21,15,15,54.98,0.42,50.37,53.74,0.63
GASS,99.46,101.77,105.47,110.07,101.09,87.22,63,57,34,17,6.52,0.7,6.17,5.83,0.71
AGI,99.45,114.85,123.34,181.71,181.26,126.09,63,93,91,74,24.89,0.61,26.25,23.04,1.15
NTCT,99.45,99.64,111.96,111.01,108.3,99.55,63,60,43,42,23.04,0.71,23.39,22.2,1.31
KFY,99.44,101.72,102.19,100.67,104.02,112.2,63,38,38,60,73.97,0.79,70.05,68.53,0.88
INGM,99.44,101.91,102.89,97.78,102.82,92.57,63,34,36,26,20.69,0.62,20.08,20.55,0.94
SWVL,99.44,114.79,109.39,89.35,99.9,236.96,63,24,32,95,4.32,0.31,4.33,4.5,0.58
PSX,99.44,103.12,105.88,94.09,101.34,88.91,63,29,34,19,125.9,0.68,120.39,119.72,0.94
GPOR,99.43,104.22,117.57,122.18,119.32,122.1,63,74,66,70,187.13,0.73,192.96,176.45,0.7
CTAS,99.43,100.09,108.83,114.91,118.62,116.37,63,66,65,65,221.94,0.88,220.62,208.4,1.73
SCNX,99.41,99.41,78.34,45.62,70.4,162.77,63,3,9,88,2.12,0.07,1.15,3.78,2.23
MBAVU,99.39,105.92,137.29,119.93,115.63,92.79,63,72,60,30,11.9,0.28,12.35,10.76,0.68
HOUS,99.39,107.19,104.73,99.93,92.52,87.69,63,37,24,17,4.0,0.4,3.72,3.79,0.65
TRV,99.38,99.56,106.5,123.22,121.03,114.83,63,75,68,63,265.97,0.88,265.58,252.59,1.37
L,99.38,100.59,104.04,113.58,119.01,101.83,63,64,66,45,92.38,1.0,89.52,85.49,1.17
YUM,99.38,99.92,99.92,120.92,125.48,91.25,63,73,72,21,148.96,0.68,145.84,141.14,0.87
GL,99.37,101.61,109.1,137.87,150.34,124.14,63,84,85,72,122.09,0.77,120.73,116.75,1.02
BBCP,99.37,112.07,113.51,121.56,133.93,125.98,63,74,78,73,6.84,0.58,6.66,6.2,0.94
XYZ,99.36,99.36,98.68,95.65,119.84,126.37,63,31,67,74,72.82,0.5,63.02,71.49,1.21
ISRL,99.36,100.17,108.83,116.06,118.09,95.44,63,68,64,35,12.68,0.69,12.6,11.71,0.0
HMN,99.36,101.18,110.23,120.23,129.68,109.27,63,72,76,56,41.37,0.81,42.26,39.92,0.82
CNX,99.35,105.53,109.07,115.14,115.42,148.7,63,66,60,85,34.19,0.59,32.66,32.91,0.91
CSWC,99.33,99.88,99.15,93.17,103.33,94.93,63,28,37,34,23.26,0.92,21.01,21.01,0.55
NBIX,99.32,107.8,107.07,100.67,105.07,104.56,63,38,39,49,132.02,0.68,125.45,122.27,0.74
PFS,99.28,106.46,104.51,101.04,109.52,119.57,63,39,45,68,18.63,0.63,17.34,17.88,1.15
MRT,99.27,115.83,115.83,160.45,217.21,288.47,63,90,94,96,2.76,0.58,2.91,2.89,0.81
IMNM,99.27,99.27,93.8,79.69,78.68,93.02,63,15,12,31,10.58,0.46,8.77,9.95,1.15
FLS,99.26,100.16,101.7,93.57,119.83,120.9,63,29,67,69,54.68,0.62,50.21,53.32,0.61
HONE,99.26,105.51,103.04,103.95,99.1,104.34,63,44,32,49,12.16,0.76,11.55,11.54,0.55
ECL,99.24,100.55,101.95,107.01,112.54,108.0,63,48,50,54,268.75,0.89,263.93,251.66,1.19
KLTR,99.24,99.54,120.46,142.36,185.91,186.93,63,86,92,92,1.85,0.46,2.06,2.03,0.96
SRCE,99.21,105.24,104.58,108.42,113.83,110.75,63,50,51,58,63.55,0.74,61.96,60.77,0.58
LAC,99.2,104.12,94.29,98.41,96.26,109.46,63,35,28,56,3.28,0.48,2.8,3.07,2.67
ATO,99.19,102.94,108.98,130.7,132.98,111.84,63,81,78,59,156.66,0.88,154.43,146.9,0.8
NVCT,99.19,108.58,113.26,166.56,184.47,135.22,63,91,92,80,7.8,0.51,8.64,7.52,0.43
PRTH,99.17,99.17,117.41,135.55,230.54,251.6,63,83,95,95,7.3,0.37,7.83,8.21,0.51
GAIN,99.17,103.51,109.95,115.42,114.62,96.97,63,67,58,37,14.1,0.86,14.03,12.97,0.75
HMST,99.15,104.61,113.76,120.27,102.6,125.42,62,73,36,73,13.35,0.64,12.7,11.59,1.05
BLTE,99.15,105.79,105.79,126.26,135.26,160.94,62,78,79,88,60.92,0.4,61.82,62.28,0.63
RRC,99.14,105.21,117.48,113.86,123.0,119.44,62,64,70,68,38.28,0.68,39.36,36.32,0.83
IAC,99.14,99.58,99.94,98.4,103.25,92.51,62,35,37,23,40.76,0.65,37.72,37.78,0.47
CYH,99.12,105.32,101.93,109.13,100.56,152.05,62,51,33,86,3.59,0.31,3.61,3.54,0.61
FMBH,99.11,105.81,104.84,100.78,104.23,111.42,62,38,38,59,38.88,0.69,36.97,37.04,0.81
SYK,99.11,100.12,102.24,107.15,110.06,105.27,62,48,46,50,389.4,0.9,385.24,374.43,1.47
SHIM,99.09,109.99,101.92,83.07,87.48,101.07,62,18,18,44,2.16,0.23,1.72,2.06,0.9
MCO,99.09,100.85,102.05,104.02,108.97,107.87,62,44,44,54,499.9,0.8,485.95,474.48,3.01
RAND,99.09,103.47,103.04,143.02,207.61,159.28,62,86,94,88,18.6,0.4,16.32,17.54,0.54
SENS,99.08,99.08,98.85,151.53,299.46,191.56,62,88,96,92,0.58,0.31,0.53,0.58,1.67
MLYS,99.07,107.35,102.3,154.39,137.19,118.16,62,89,80,66,14.23,0.67,14.88,13.12,1.2
HNI,99.07,102.97,102.28,99.22,99.12,110.85,62,36,32,58,50.98,0.66,48.31,48.48,0.56
SLRC,99.07,101.27,100.68,110.26,117.84,105.11,62,58,64,50,16.46,0.86,16.18,15.63,0.57
SLF,99.06,102.0,111.52,115.85,111.17,104.03,62,67,48,48,62.2,0.79,63.75,59.37,0.83
ORKA,99.04,106.36,105.89,78.72,69.15,165.9,62,15,8,89,14.54,0.33,11.94,15.8,1.64
BIPC,99.02,104.11,108.99,108.26,105.32,114.51,62,50,39,63,41.47,0.79,40.47,39.47,0.75
PRTG,99.02,123.55,133.2,258.21,184.84,94.73,62,96,92,34,5.89,0.38,6.93,5.85,0.17
CENT,99.01,101.74,101.74,100.78,104.57,97.09,62,38,38,38,40.12,0.72,36.14,36.51,0.58
GBDC,99.01,99.41,98.01,103.36,107.1,97.23,62,43,42,38,15.44,0.99,14.69,14.41,1.3
MPWR,99.01,102.45,108.78,106.24,91.65,128.82,62,47,23,75,725.24,0.56,705.21,667.93,0.74
J,99.0,100.53,99.94,101.1,99.11,108.29,62,39,32,55,138.67,0.78,128.84,129.85,0.8
RBBN,98.99,103.41,105.32,109.06,134.6,130.39,62,51,79,76,4.06,0.53,3.78,3.87,0.8
LNKB,98.97,105.18,105.84,106.8,112.17,107.46,62,48,49,53,7.32,0.81,7.1,6.96,0.67
VLN,98.96,108.26,112.85,123.12,138.95,137.66,62,75,81,81,2.78,0.6,2.41,2.29,1.21
CEPO,98.94,115.59,104.16,110.98,114.01,92.57,62,60,54,26,12.2,0.41,12.27,11.06,5.92
VOYA,98.94,101.83,100.26,94.56,98.51,104.6,62,30,31,49,72.42,0.65,68.82,70.29,0.46
LIVE,98.92,127.03,166.89,212.78,94.34,50.77,62,95,26,3,13.43,0.39,17.14,11.6,0.14
D,98.9,99.88,100.8,108.79,114.95,113.32,62,51,59,61,58.09,0.93,55.84,54.73,0.94
CIM,98.9,103.51,104.02,103.47,104.94,101.97,62,43,39,45,13.78,0.75,13.4,13.26,0.72
OFS,98.88,100.77,101.06,117.44,122.08,88.14,62,70,69,18,8.48,0.73,8.39,7.9,0.56
CSX,98.87,99.52,99.52,97.22,91.4,93.97,62,33,22,32,34.39,0.79,32.03,31.99,1.63
TXT,98.85,102.23,101.99,92.36,89.49,89.07,62,27,21,19,85.0,0.76,77.87,77.52,1.01
GNRC,98.85,99.19,102.74,84.91,99.97,126.37,62,20,33,74,153.11,0.55,133.61,146.66,0.95
MA,98.84,101.34,103.29,115.44,113.44,103.43,62,67,51,48,552.66,0.77,567.46,537.69,0.92
HYFM,98.82,111.39,114.95,75.24,92.56,113.03,62,13,24,61,4.34,0.42,3.69,4.86,0.32
FPI,98.8,99.64,103.3,107.69,113.34,109.37,62,49,51,56,11.44,0.74,11.09,10.88,0.77
AC,98.79,102.02,103.79,110.06,117.63,110.8,62,57,64,58,37.25,0.66,37.33,36.2,2.5
CODA,98.77,110.0,114.24,105.46,106.71,130.38,62,46,41,76,7.98,0.55,7.45,7.69,0.81
TMP,98.75,107.45,105.92,108.26,118.21,130.84,62,50,65,77,65.49,0.55,63.19,64.86,0.88
PSTL,98.75,104.82,109.31,110.96,117.47,92.59,62,60,64,30,14.52,0.74,14.23,13.48,0.56
WSBC,98.73,106.3,104.67,103.02,110.95,112.45,62,42,47,60,32.85,0.65,31.45,31.67,3.66
FRSH,98.73,98.73,105.82,107.65,121.14,110.38,62,49,68,58,14.62,0.42,15.0,15.05,1.17
MGA,98.73,102.83,101.59,91.6,86.01,89.85,62,26,17,20,41.4,0.7,38.06,38.78,0.81
EGO,98.72,111.71,125.69,139.51,135.91,117.17,62,85,79,65,19.75,0.78,20.14,17.23,0.61
BSAC,98.71,105.33,111.23,136.99,132.82,96.71,62,84,78,37,23.63,0.75,24.57,21.81,0.67
LNT,98.7,98.7,100.71,116.83,125.75,108.15,62,69,72,54,64.13,0.89,61.43,60.37,1.27
NRDY,98.68,104.7,109.18,137.19,158.89,111.08,62,84,88,59,1.59,0.69,1.65,1.51,0.35
BFST,98.68,104.83,102.89,103.76,108.16,119.77,62,43,43,68,26.29,0.63,24.47,25.24,0.82
ELVN,98.67,103.8,97.88,98.0,108.12,143.63,62,35,43,83,22.66,0.53,20.04,22.14,0.63
TRU,98.66,100.07,102.46,98.77,104.92,130.37,62,36,39,76,93.61,0.63,88.29,91.99,0.69
NNI,98.64,103.37,104.82,106.86,113.13,109.7,62,48,50,57,119.63,0.74,117.19,111.65,2.17
CELC,98.64,105.98,105.22,98.86,83.91,94.89,62,36,16,34,13.59,0.49,12.0,12.24,1.61
BGFV,98.64,98.64,95.79,87.37,61.39,72.07,62,22,6,7,1.42,0.3,1.26,1.43,0.24
NWBI,98.63,104.69,103.24,103.14,106.76,112.95,62,42,42,61,13.31,0.67,12.67,12.67,1.13
VAL,98.61,103.99,107.1,93.11,76.24,72.17,62,28,11,7,46.94,0.35,42.47,43.28,0.64
STKS,98.61,127.11,137.22,119.22,89.58,80.1,62,72,21,11,3.71,0.45,3.96,3.38,0.8
THG,98.61,102.02,108.73,121.92,128.01,111.11,62,74,74,59,165.5,0.76,167.92,159.92,0.76
GNW,98.59,99.86,109.95,109.26,111.84,106.47,61,52,49,52,7.44,0.71,7.28,7.08,0.75
BEEM,98.59,105.56,56.4,52.67,55.26,75.99,61,5,5,9,2.56,0.24,1.67,2.73,1.4
LNW,98.58,99.77,101.56,102.34,108.31,95.0,61,41,43,34,97.63,0.57,90.03,92.28,0.39
BUSE,98.53,101.08,99.89,95.59,95.58,103.26,61,31,27,47,24.37,0.66,22.67,23.01,1.24
OCFC,98.52,105.23,105.44,102.56,106.34,121.7,61,41,41,70,18.68,0.66,17.5,17.65,0.97
ORRF,98.52,103.01,101.93,95.3,105.9,130.45,61,31,40,77,33.57,0.53,31.31,33.34,1.02
MOFG,98.51,107.23,104.8,114.13,121.84,125.24,61,65,69,73,30.14,0.65,29.0,29.31,0.74
ACEL,98.5,102.94,105.57,110.72,111.37,98.02,61,59,48,39,12.19,0.9,11.64,11.23,1.09
UHG,98.5,110.82,87.82,82.5,65.89,92.28,61,18,7,23,3.75,0.39,2.88,3.97,0.45
VALN,98.49,98.49,92.3,130.16,142.85,64.66,61,80,83,5,6.55,0.59,6.13,5.85,0.07
EBMT,98.48,104.28,105.63,127.4,129.13,114.99,61,79,75,63,16.97,0.81,16.9,16.36,0.79
CDZIP,98.48,101.0,104.05,128.47,141.12,126.58,61,79,82,74,17.12,0.79,16.79,16.27,0.2
MNST,98.46,99.7,113.76,124.04,122.51,94.09,61,76,70,33,59.0,0.73,62.17,55.74,0.92
XTLB,98.46,98.64,86.22,79.03,100.5,141.59,61,15,33,82,1.76,0.4,1.25,1.55,2.06
SLXN,98.45,102.46,80.01,159.32,379.87,238.18,61,90,97,95,0.83,0.05,0.89,1.1,0.24
USIO,98.42,107.1,107.1,104.48,151.45,158.71,61,44,86,88,1.78,0.39,1.5,1.56,0.96
USM,98.41,103.54,103.54,138.41,141.08,127.64,61,84,82,74,68.5,0.93,63.09,63.33,1.27
EPSN,98.37,106.58,135.71,134.69,136.9,110.96,61,82,80,58,6.6,0.5,7.29,6.46,1.02
OBDC,98.37,98.56,97.02,104.18,105.7,99.57,61,44,40,42,15.09,1.0,14.26,14.03,0.75
GTM,98.37,103.29,98.56,94.94,97.2,96.57,61,30,29,37,10.41,0.53,9.94,10.15,0.48
EFSCP,98.36,103.79,103.79,101.79,107.11,109.93,61,40,42,57,20.13,0.75,19.45,19.16,0.53
NUE,98.36,101.29,101.71,88.89,91.12,90.01,61,24,22,20,140.63,0.6,124.08,129.62,0.65
WS,98.35,104.41,104.41,83.56,82.91,132.81,61,18,15,78,31.92,0.41,27.78,30.83,0.89
TTSH,98.35,98.68,95.47,93.24,114.23,98.56,61,28,57,40,6.89,0.66,6.32,6.57,1.14
HOWL,98.33,108.3,93.02,78.51,52.03,100.18,61,15,4,43,1.41,0.26,1.17,1.45,0.67
LEG,98.32,100.1,101.36,90.78,72.55,79.31,61,25,10,10,9.88,0.45,9.37,9.96,0.79
MEG,98.32,115.08,124.26,107.87,84.43,78.66,61,49,16,10,21.94,0.39,21.14,19.6,0.68
BAFN,98.31,100.75,98.88,123.2,155.02,101.56,61,75,87,45,14.55,0.32,14.9,14.82,0.67
FRME,98.3,106.37,103.68,103.86,115.39,115.9,61,43,60,64,40.61,0.64,38.26,39.15,3.29
FHB,98.3,106.21,106.16,105.23,111.15,116.89,61,45,48,65,25.54,0.69,24.42,24.74,0.7
DCTH,98.27,108.18,125.52,179.76,214.1,211.85,61,92,94,93,11.25,0.36,14.55,12.78,0.99
SO,98.26,100.19,102.05,123.63,127.05,111.6,61,75,74,59,94.1,1.0,90.02,87.3,0.76
APWC,98.26,102.73,106.73,116.27,118.0,124.53,61,68,64,72,1.71,0.53,1.65,1.61,0.42
CNOBP,98.25,100.07,103.9,114.93,118.04,107.48,61,66,64,53,23.2,1.0,22.72,21.93,0.1
EZPW,98.22,103.26,104.93,150.68,155.46,108.69,61,88,87,55,13.98,0.62,13.7,13.2,0.6
BXMT,98.21,105.29,104.35,114.17,119.3,93.47,61,65,66,31,19.24,0.81,19.01,18.13,1.14
TTNP,98.18,107.72,98.93,117.83,94.97,60.45,61,70,26,4,4.48,0.19,4.54,4.01,0.05
MVIS,98.18,101.85,109.45,113.92,149.57,108.31,61,65,85,55,1.4,0.58,1.17,1.2,1.01
VACHU,98.17,99.11,99.11,110.59,115.05,92.83,61,59,59,30,11.5,1.0,10.54,10.24,0.0
CPBI,98.16,101.96,112.02,128.64,130.35,126.88,61,79,76,74,14.95,0.95,14.88,14.57,0.0
RCI,98.16,101.29,100.94,84.37,83.0,87.73,61,19,15,17,32.93,0.54,28.35,30.34,1.14
ATOM,98.15,102.39,120.14,167.55,227.34,411.16,61,91,95,98,4.97,0.18,5.83,6.17,0.97
AEP,98.15,100.69,101.71,126.34,130.92,104.25,61,78,77,49,107.4,0.95,103.09,99.73,1.55
OGE,98.12,100.92,105.2,127.48,130.81,107.91,61,79,77,54,44.54,0.9,43.82,42.41,0.98
LNN,98.12,103.51,109.93,111.05,114.89,99.87,61,60,59,42,137.18,0.7,138.92,129.66,1.3
SAIL,98.11,98.11,100.79,109.63,114.01,92.57,61,54,54,26,21.32,0.56,20.29,20.03,1.15
BANX,98.11,101.48,104.47,115.97,116.06,106.85,61,68,61,52,20.71,0.87,20.22,19.74,0.21
DEC,98.1,110.03,109.74,113.47,127.69,493.44,61,64,74,98,14.32,0.58,14.29,13.85,1.26
WTI,98.1,104.37,127.22,127.22,89.08,80.85,61,78,20,11,1.7,0.37,1.68,1.7,0.53
TKR,98.09,98.99,99.88,88.32,95.72,93.44,61,23,27,31,79.16,0.76,72.73,74.33,1.12
DH,98.09,105.23,106.03,96.47,99.26,74.55,61,32,32,8,3.84,0.39,3.65,3.88,0.58
BTG,98.07,111.6,121.34,141.37,134.7,106.15,61,85,79,51,3.33,0.7,3.45,2.99,0.52
ECBK,98.07,103.05,102.13,127.31,121.91,106.57,61,78,69,52,15.99,0.81,15.82,15.11,0.5
PBYI,98.07,105.32,111.65,115.21,114.99,99.56,61,66,59,42,3.4,0.65,3.39,3.1,1.05
LH,98.07,103.0,111.72,111.69,115.41,102.29,61,61,60,46,243.72,0.66,252.95,238.25,0.8
TGS,98.06,99.04,113.63,139.04,151.64,170.79,61,85,86,90,26.0,0.58,27.99,26.7,0.49
NAVI,98.06,105.79,108.78,96.92,92.57,87.82,61,33,24,17,14.13,0.63,13.85,13.65,1.8
IRMD,98.05,103.63,115.17,118.44,120.57,115.98,60,71,67,64,56.69,0.71,57.27,54.53,0.61
IPDN,98.05,107.89,104.43,47.74,52.23,124.56,60,4,4,72,2.51,0.16,1.86,4.06,0.05
BBDC,98.04,100.41,99.56,102.28,109.56,98.98,60,41,45,41,9.58,0.79,9.01,9.03,0.48
BRKL,98.04,104.86,102.3,104.66,114.22,120.1,60,45,57,68,11.09,0.6,10.67,11.01,0.98
AAL,98.03,98.03,101.88,90.26,130.27,137.59,60,25,76,81,12.51,0.36,11.49,13.28,1.2
AVO,98.02,100.93,107.49,106.79,101.13,116.63,60,48,34,65,12.07,0.49,11.44,11.84,0.57
NPB,97.99,97.99,93.66,109.63,114.01,92.57,60,54,54,26,14.92,0.92,13.82,13.82,0.56
ABEV,97.99,103.22,107.15,135.57,130.43,85.96,60,83,76,15,2.35,0.75,2.45,2.18,0.89
SBFG,97.99,99.63,95.59,122.84,136.57,134.14,60,75,80,79,19.5,0.54,18.87,19.95,0.53
VRNS,97.98,98.78,105.88,106.42,93.86,119.73,60,47,25,68,51.3,0.61,48.96,47.23,0.86
AMAT,97.96,102.54,105.81,95.8,92.91,93.47,60,31,24,31,190.44,0.67,174.74,170.48,0.66
FNLC,97.96,100.23,100.77,104.63,110.66,112.54,60,45,47,60,26.73,0.6,24.65,25.11,1.62
ADSK,97.95,98.37,107.23,112.78,109.21,119.14,60,63,45,67,297.03,0.75,298.0,288.71,1.42
XYL,97.94,98.75,98.61,97.11,99.28,97.34,60,33,32,38,132.71,0.81,127.51,123.81,0.8
CZWI,97.93,103.09,103.09,118.51,115.48,121.76,60,71,60,70,14.92,0.65,14.45,14.75,0.64
SKX,97.93,97.93,96.97,96.08,110.31,103.14,60,32,46,47,63.08,0.54,62.5,62.51,0.32
MNSBP,97.93,99.31,101.04,115.1,123.71,102.28,60,66,71,46,25.0,0.99,23.67,23.32,2.11
MFIC,97.91,99.97,97.12,96.25,100.8,95.1,60,32,34,34,13.25,0.83,12.55,12.51,0.72
SR,97.9,102.22,105.37,131.35,137.13,106.14,60,81,80,51,75.32,0.84,73.55,70.55,0.78
RELX,97.89,103.48,105.88,124.61,121.92,100.47,60,76,69,43,52.9,0.77,53.67,49.39,0.9
BV,97.89,100.95,110.2,112.88,116.72,151.26,60,63,62,85,15.86,0.56,15.92,15.36,0.69
CBNA,97.88,106.01,106.01,111.22,111.45,98.41,60,60,48,39,26.18,0.8,26.23,24.39,0.67
ESSA,97.86,105.17,103.07,103.04,111.95,105.0,60,42,49,50,20.13,0.72,19.12,19.23,1.0
CTRE,97.86,103.07,105.29,118.03,120.04,119.73,60,70,67,68,30.34,0.81,29.36,28.11,0.56
PBF,97.83,111.84,113.26,84.34,74.26,72.99,60,19,10,8,24.37,0.41,21.99,24.43,0.95
ABBV,97.83,98.08,97.93,115.43,123.8,107.3,60,67,71,53,189.26,0.55,185.76,184.7,0.82
GT,97.83,107.12,110.96,121.46,109.78,89.45,60,74,45,19,10.67,0.65,10.97,9.71,0.77
BCML,97.83,108.13,111.12,120.91,123.26,121.84,60,73,70,70,27.29,0.78,27.15,26.32,1.23
AMAL,97.81,105.53,103.72,99.74,115.57,131.14,60,37,60,77,32.99,0.6,31.13,32.0,1.08
AES,97.8,97.8,88.25,95.4,87.64,93.48,60,31,18,32,13.37,0.38,11.21,12.19,0.49
IRD,97.79,97.79,96.65,91.82,103.8,79.57,60,26,38,11,1.13,0.31,1.01,1.07,0.15
BOWN,97.79,100.69,119.94,207.88,120.74,95.25,60,95,68,35,9.19,0.54,10.69,9.07,0.0
JBI,97.79,100.91,99.69,92.85,85.51,68.41,60,28,17,6,8.71,0.29,8.39,8.01,0.95
F,97.78,107.97,107.5,107.35,101.01,91.3,60,49,34,21,11.16,0.53,10.76,10.02,0.74
UMBF,97.78,106.11,104.74,102.93,118.27,131.37,60,42,65,77,109.73,0.59,105.1,107.95,0.72
IBN,97.78,100.04,105.18,132.16,126.07,103.71,60,81,73,48,33.21,0.83,33.52,30.95,1.21
CXT,97.74,101.06,102.26,93.3,101.57,103.62,60,28,35,48,57.26,0.63,54.8,55.47,0.78
ASX,97.73,98.56,99.32,98.82,105.14,98.49,60,36,39,40,10.52,0.79,10.05,9.85,0.45
MATW,97.71,103.87,104.31,87.12,109.14,113.73,60,22,45,62,24.99,0.53,22.48,23.89,0.73
GOOGL,97.71,97.71,97.33,100.33,112.31,112.33,60,38,50,60,185.06,0.66,171.61,173.3,0.8
KEYS,97.7,100.63,102.1,102.9,111.29,103.17,60,42,48,47,162.45,0.65,161.74,159.79,0.77
CCCC,97.7,97.7,87.67,50.41,55.24,155.11,60,4,5,87,2.32,0.21,1.59,3.09,2.79
TGLS,97.68,101.82,115.33,133.03,132.65,147.87,60,82,78,84,74.91,0.67,80.9,75.82,0.45
MWA,97.68,102.24,102.24,133.4,143.46,130.34,60,82,83,76,25.18,0.68,24.54,24.35,2.45
SGA,97.66,99.38,99.25,98.35,97.66,71.74,60,35,30,7,13.26,0.63,12.47,12.09,0.33
RSG,97.66,102.0,112.79,128.32,133.67,102.2,60,79,78,46,240.5,0.76,247.01,225.79,0.96
JCSE,97.66,97.66,101.15,128.1,175.18,206.27,60,79,90,93,1.09,0.28,1.15,1.24,0.02
AYI,97.65,101.33,105.57,97.26,112.89,126.46,60,33,50,74,292.66,0.62,278.02,291.29,0.75
ROL,97.65,99.96,108.29,127.16,126.25,102.21,60,78,73,46,55.8,0.79,56.56,51.79,0.83
TS,97.65,105.36,105.36,102.09,117.31,111.64,60,41,63,59,36.66,0.72,35.65,36.04,0.83
MTLS,97.63,104.36,104.36,103.03,144.67,141.75,60,42,84,82,5.84,0.31,5.53,6.18,1.18
B,97.61,107.19,112.75,131.15,128.54,107.27,60,81,75,53,20.73,0.87,20.06,18.45,0.49
OWL,97.61,98.76,95.11,98.75,123.69,133.4,60,36,71,78,20.61,0.49,19.08,20.88,0.99
CARM,97.6,113.3,103.64,153.45,60.34,74.11,60,89,6,8,0.39,0.21,0.33,0.51,0.03
CSGP,97.6,103.03,103.03,112.68,111.12,87.9,60,63,48,17,84.7,0.92,79.23,76.97,0.74
NEUE,97.58,103.38,128.62,128.62,138.27,125.57,59,79,81,73,6.81,0.8,6.83,6.35,0.96
AVDX,97.58,101.2,102.75,111.89,103.26,105.85,59,61,37,51,9.85,0.5,9.78,9.37,0.19
DOCU,97.58,97.58,102.2,130.07,140.61,170.46,59,80,82,90,79.37,0.52,81.4,82.24,0.61
SMG,97.57,103.33,103.34,96.78,98.74,131.55,59,33,31,77,66.68,0.44,62.93,66.37,0.73
TSBK,97.56,104.67,102.8,115.95,119.71,105.68,59,68,66,51,32.01,0.84,31.19,30.37,1.66
HAYW,97.56,101.14,103.12,98.57,99.79,109.36,59,35,32,56,14.67,0.63,14.14,14.57,0.93
PI,97.56,97.56,102.84,90.4,82.68,193.85,59,25,15,92,115.98,0.3,113.22,133.67,0.55
AVT,97.56,102.22,104.51,103.94,97.96,102.21,59,44,30,46,55.0,0.9,52.2,51.27,0.74
NXPI,97.55,99.02,103.99,91.48,94.47,96.12,59,26,26,36,225.9,0.58,211.65,211.54,0.98
CJMB,97.54,101.99,100.72,115.53,114.01,92.57,59,67,54,26,5.16,0.55,5.0,4.79,0.26
BOTJ,97.53,100.85,101.76,124.47,128.68,123.13,59,76,75,71,14.13,0.59,14.09,13.82,0.13
CIO,97.53,109.95,107.89,110.0,110.35,105.08,59,57,46,50,5.4,0.73,5.16,5.04,1.49
DXR,97.51,101.92,108.78,102.02,103.08,105.88,59,41,37,51,9.0,0.69,8.72,8.36,1.7
GPI,97.5,117.73,116.11,123.46,129.71,131.97,59,75,76,78,411.02,0.6,439.37,418.91,1.0
CELZ,97.5,104.55,132.43,78.54,185.63,94.67,59,15,92,33,2.77,0.21,2.37,2.88,0.55
CTRI,97.49,105.43,115.09,118.33,103.37,101.48,59,70,37,45,20.76,0.61,21.09,19.52,0.71
LYRA,97.48,112.65,128.37,234.87,67.4,50.97,59,96,8,3,7.9,0.16,10.0,9.54,0.07
AMT,97.48,99.98,104.45,123.95,127.1,104.89,59,76,74,50,224.77,0.84,215.8,204.54,0.55
SHEN,97.45,101.32,99.45,102.5,102.45,74.72,59,41,36,8,14.73,0.4,13.28,12.77,0.97
LFVN,97.44,100.24,111.88,128.52,286.18,315.42,59,79,96,97,12.97,0.35,12.71,14.99,0.51
LAMR,97.42,98.07,99.44,99.85,102.73,113.02,59,37,36,61,124.93,0.76,119.74,120.2,0.75
SQFT,97.41,181.23,78.52,96.15,93.5,91.77,59,32,25,22,7.4,0.33,5.73,6.43,0.08
BBNX,97.4,98.21,100.78,109.63,114.01,92.57,59,54,54,26,13.59,0.28,15.56,15.67,0.65
WAL,97.4,109.3,108.26,99.71,116.49,134.16,59,37,62,79,81.24,0.6,76.85,80.95,2.85
TIC,97.4,100.21,96.5,109.63,114.01,92.57,59,54,54,26,11.59,0.65,10.9,10.96,0.88
TLF,97.4,98.74,98.08,100.23,115.28,100.99,59,38,60,44,3.3,0.45,3.08,3.14,0.39
FA,97.39,100.28,101.13,111.35,103.53,107.26,59,61,37,53,17.63,0.65,17.42,17.33,0.98
SIGA,97.38,102.62,109.18,105.87,93.52,104.39,59,46,25,49,6.61,0.31,6.28,5.82,0.67
HIG,97.37,99.4,107.59,119.25,121.02,116.11,59,72,68,64,122.86,0.74,126.23,117.82,1.01
CBL,97.37,101.49,98.74,104.42,123.2,120.28,59,44,70,68,26.45,0.48,25.22,26.22,0.75
MD,97.36,106.8,115.26,133.26,148.14,147.64,59,82,85,84,12.57,0.52,13.88,13.85,0.6
MIDD,97.36,99.93,101.63,100.49,114.24,94.83,59,38,57,34,146.48,0.46,146.04,145.12,0.59
VIAV,97.33,100.85,100.95,122.59,132.46,113.96,59,74,78,62,10.2,0.53,9.61,10.21,0.67
ABNB,97.33,98.07,97.68,101.18,107.61,96.96,59,39,43,37,139.34,0.6,133.99,132.1,0.62
FCF,97.3,102.92,101.84,102.06,107.81,118.53,59,41,43,67,16.89,0.57,16.08,16.31,4.5
HRMY,97.3,100.69,95.02,104.66,110.56,123.62,59,45,47,71,35.2,0.54,33.9,34.12,1.09
GLNG,97.28,102.6,117.83,128.34,134.01,146.68,59,79,79,84,40.99,0.83,40.62,38.88,0.53
AMX,97.26,104.65,110.26,114.35,110.86,83.85,59,65,47,13,17.11,0.79,17.34,15.59,0.49
MRVL,97.25,97.25,100.52,91.68,154.65,159.55,59,26,87,88,74.65,0.33,68.34,83.12,0.77
BRAG,97.25,103.67,98.54,96.04,120.52,81.41,59,32,67,12,4.65,0.52,4.37,4.28,0.36
GABC,97.24,102.71,101.06,104.09,110.56,121.28,59,44,47,69,40.87,0.59,38.98,39.45,0.8
SYY,97.24,97.45,99.17,107.2,107.09,95.13,59,48,42,34,78.41,0.86,73.99,73.42,0.84
NTIP,97.23,97.23,90.45,92.95,96.59,81.54,59,28,28,12,1.42,0.47,1.25,1.28,0.87
OVLY,97.23,103.79,102.48,104.18,110.65,109.43,59,44,47,56,27.57,0.53,26.48,26.69,0.99
CMC,97.2,99.03,99.92,96.64,91.32,109.14,59,32,22,56,52.68,0.58,49.11,50.26,0.74
QMCO,97.2,108.4,105.64,202.34,648.51,1193.4,59,94,98,99,9.15,0.1,10.4,15.21,0.51
VTEX,97.2,104.05,107.95,114.28,88.56,90.97,59,65,20,21,6.38,0.58,6.42,6.08,0.73
ESI,97.19,98.51,99.42,87.53,102.68,107.62,59,22,36,54,24.72,0.63,22.48,24.4,0.91
NEE,97.18,97.18,95.14,101.62,107.9,116.88,59,40,43,65,75.95,0.62,71.77,71.91,0.62
FNGR,97.16,117.63,119.35,270.73,98.56,81.96,59,97,31,12,1.63,0.16,2.68,1.9,0.53
SMBC,97.15,103.41,102.87,110.68,111.76,128.34,59,59,49,75,56.79,0.5,54.22,56.43,0.96
GOOG,97.13,97.13,96.68,100.11,111.89,112.22,59,38,49,60,185.94,0.65,172.76,174.88,0.73
GFF,97.12,102.75,103.26,102.22,113.4,120.97,59,41,51,69,76.86,0.73,71.99,72.04,0.73
IBCP,97.11,104.0,103.81,108.33,115.21,128.77,59,50,59,75,34.13,0.6,32.25,33.09,1.01
GPMT,97.1,101.11,96.76,89.76,88.64,96.91,59,25,20,37,2.45,0.48,2.44,2.63,0.73
USB,97.09,103.73,105.07,99.07,101.01,114.87,59,36,34,63,45.69,0.61,44.32,44.92,1.47
MDLZ,97.09,97.31,100.59,118.33,115.99,91.72,59,70,61,22,69.81,0.79,66.75,64.28,1.48
ENLV,97.08,100.17,101.49,87.63,83.57,86.64,59,22,15,16,1.19,0.41,1.07,1.14,0.89
TXRH,97.07,99.52,108.02,111.19,104.41,120.05,58,60,38,68,184.08,0.62,188.79,180.86,0.57
PRGO,97.07,98.16,98.03,105.99,111.85,89.71,58,47,49,20,26.96,0.63,26.82,26.01,0.53
UP,97.07,101.9,101.8,103.32,61.44,101.4,58,43,6,44,1.45,0.22,1.42,1.57,0.41
FIBK,97.06,104.56,103.89,99.23,106.13,115.23,58,36,40,64,30.76,0.67,28.21,29.54,0.57
CIGI,97.04,99.1,97.88,95.92,99.31,118.48,58,32,32,67,138.33,0.65,127.84,133.6,0.55
VNO,97.02,102.87,109.1,114.84,126.76,147.73,58,66,73,84,38.36,0.63,38.87,39.7,0.99
FBK,97.02,102.04,99.26,97.56,114.02,130.44,58,34,56,77,48.79,0.52,45.17,48.25,1.32
AR,96.99,101.67,124.5,122.16,139.94,136.88,58,74,82,80,36.31,0.6,38.99,35.46,0.8
FBGL,96.97,96.97,82.74,109.63,114.01,92.57,58,54,54,26,0.62,0.04,0.63,0.8,0.42
PRK,96.97,104.25,104.29,102.44,107.56,130.94,58,41,43,77,170.72,0.49,166.29,166.41,0.98
CVGW,96.97,102.61,104.7,118.24,113.06,103.38,58,70,50,47,26.41,0.74,26.5,25.36,0.48
FYBR,96.97,100.12,105.59,129.85,136.37,133.39,58,80,80,78,36.95,0.86,36.48,35.74,0.85
GSRTU,96.97,97.85,104.21,110.05,114.96,92.57,58,57,59,26,11.75,0.88,11.44,10.52,0.0
MGM,96.96,100.01,103.71,92.72,91.89,91.82,58,28,23,22,37.19,0.56,34.16,34.65,0.85
DCOM,96.96,104.8,103.51,108.77,128.26,153.57,58,51,75,86,28.8,0.53,26.8,28.92,0.98
ARLP,96.95,100.68,104.99,124.86,128.03,119.23,58,76,74,67,27.01,0.89,26.2,25.51,0.8
VTOL,96.95,103.24,101.75,97.94,106.59,109.3,58,34,41,56,35.37,0.68,32.0,33.38,0.53
PHIN,96.94,105.82,102.81,102.73,116.93,130.84,58,42,63,77,48.29,0.59,44.37,46.17,0.99
SNCY,96.93,101.49,105.77,91.8,129.95,123.63,58,26,76,71,12.48,0.43,11.89,13.27,0.66
KRC,96.93,103.87,102.57,101.25,96.87,112.25,58,39,29,60,36.83,0.65,33.75,35.23,1.08
PBFS,96.92,100.77,103.65,114.53,119.87,106.57,58,65,67,52,12.11,0.81,11.82,11.55,0.96
TTD,96.89,99.13,94.25,85.16,121.72,136.15,58,20,69,80,80.21,0.37,73.4,92.05,0.97
G,96.88,98.94,100.21,136.34,141.96,118.84,58,83,82,67,45.37,0.57,43.8,45.44,0.44
RIVN,96.87,96.87,108.59,137.05,107.75,118.74,58,84,43,67,13.7,0.51,14.09,12.57,1.55
CAC,96.86,105.79,104.75,109.36,116.41,126.68,58,52,62,74,42.27,0.58,40.25,41.27,1.05
KOP,96.85,102.94,103.59,91.85,80.5,82.78,58,27,13,13,32.34,0.53,31.67,31.58,0.84
MFIN,96.84,105.71,111.67,116.71,115.29,113.92,58,69,60,62,9.29,0.73,9.39,8.93,0.63
SWX,96.83,99.19,99.19,109.37,111.49,103.75,58,52,48,48,77.98,1.0,73.07,72.73,0.96
JNJ,96.8,98.4,95.34,115.65,116.91,93.04,58,67,63,31,163.7,0.9,154.12,153.35,1.17
PAA,96.79,100.45,100.45,105.91,122.91,110.31,58,47,70,58,18.91,0.72,17.71,17.74,1.23
VICI,96.77,103.1,103.87,121.91,120.46,98.76,58,74,67,40,32.9,0.88,32.0,30.8,1.06
RUN,96.77,103.28,111.31,121.63,68.19,104.3,58,74,8,49,10.24,0.29,9.01,9.64,0.44
CHKP,96.77,100.72,108.37,125.67,134.94,111.5,58,77,79,59,215.48,0.72,222.16,207.37,1.28
FNV,96.76,108.87,121.83,153.23,149.6,99.22,58,89,85,41,154.4,0.64,164.72,143.59,0.57
USLM,96.76,100.26,103.18,114.19,150.27,225.61,58,65,85,94,104.79,0.4,101.9,109.13,0.62
MSA,96.75,97.94,99.19,95.19,88.45,89.32,58,31,19,19,174.92,0.72,165.57,162.58,0.65
NSTS,96.75,100.08,110.34,117.61,123.54,110.52,58,70,70,58,12.3,0.75,12.16,11.72,0.0
AVDL,96.74,99.84,90.94,94.08,76.99,94.34,58,29,11,33,10.83,0.42,9.43,9.82,0.87
NFBK,96.74,104.86,105.68,110.29,111.26,119.29,58,58,48,67,11.39,0.45,11.73,11.52,0.96
ENB,96.72,99.78,105.81,127.49,126.44,112.23,58,79,73,60,45.09,0.83,45.43,43.51,0.67
FINW,96.7,101.16,101.27,121.45,147.36,148.63,58,74,84,85,15.76,0.46,14.79,16.46,0.38
FTS,96.68,100.0,105.48,129.38,128.14,98.45,58,80,74,40,47.28,0.76,47.58,45.02,1.01
OXBR,96.68,107.28,100.78,78.33,268.23,263.63,58,14,96,96,2.31,0.24,1.86,2.81,1.05
TU,96.67,100.85,103.91,111.06,108.74,88.37,58,60,44,18,16.24,0.79,16.11,15.29,0.96
AGNCP,96.67,97.26,100.07,112.44,117.97,99.9,58,62,64,42,25.3,1.0,24.58,23.95,0.6
CBSH,96.67,104.26,102.99,109.48,113.35,117.13,58,52,51,65,64.63,0.67,63.27,62.59,1.96
ASR,96.67,99.94,105.09,121.35,108.81,88.56,58,73,44,18,312.0,0.62,321.67,286.31,0.39
RDIB,96.66,109.78,126.83,153.48,126.16,72.22,58,89,73,7,9.03,0.27,10.23,8.16,2.19
GEG,96.66,101.69,115.97,114.68,116.74,91.61,58,66,62,22,2.01,0.52,2.09,1.91,0.44
ENTX,96.65,96.87,97.35,121.07,157.34,181.7,58,73,88,91,2.05,0.46,1.98,1.99,1.17
MPB,96.65,104.85,106.84,111.41,113.98,125.03,58,61,52,73,28.95,0.58,27.88,28.5,0.99
MTNB,96.64,103.28,103.73,114.83,52.5,37.52,58,66,4,2,0.96,0.05,0.87,0.97,0.15
GIFI,96.64,104.11,103.89,113.62,114.59,120.3,58,64,58,68,6.97,0.81,6.63,6.58,0.22
DGX,96.63,99.86,111.86,129.55,128.35,102.86,58,80,75,47,166.91,0.67,174.29,163.33,1.51
VTR,96.6,98.23,100.37,136.99,137.57,121.17,58,84,80,69,65.8,0.79,63.62,63.1,0.74
TRML,96.59,108.63,103.6,116.71,94.34,152.48,58,69,26,86,18.48,0.37,17.08,19.15,0.46
GEO,96.59,114.03,119.65,169.67,218.84,223.6,58,92,94,94,24.52,0.53,25.78,25.89,1.03
AOMR,96.58,100.36,99.55,100.79,102.14,89.88,58,38,35,20,9.36,0.51,9.38,9.08,0.63
SINT,96.57,104.41,109.13,93.4,111.06,73.57,57,29,48,8,2.77,0.23,3.02,3.14,0.19
FFIN,96.57,102.14,101.06,102.64,109.76,120.77,57,42,45,69,37.32,0.55,35.9,36.43,1.43
KVYO,96.56,96.76,103.17,108.2,149.73,140.55,57,50,85,82,32.22,0.37,33.61,36.44,0.32
LDOS,96.56,99.41,104.05,111.05,104.48,133.7,57,60,38,79,162.54,0.49,154.27,151.58,0.4
NVGS,96.56,96.56,97.41,93.78,97.86,99.96,57,29,30,42,15.76,0.79,14.43,14.86,0.96
WKC,96.55,101.76,100.9,101.45,108.87,114.4,57,40,44,63,28.09,0.65,27.9,27.61,0.87
IHG,96.53,100.67,101.52,108.32,119.5,116.24,57,50,66,64,117.08,0.63,117.28,116.98,0.81
GFL,96.52,98.47,109.65,132.1,132.07,116.22,57,81,77,64,47.46,0.7,49.22,46.04,0.51
LKFN,96.52,102.74,99.7,93.45,96.76,109.42,57,29,28,56,65.19,0.6,61.41,63.73,3.47
SSB,96.51,103.15,100.3,101.94,109.71,117.34,57,40,45,65,97.81,0.58,90.97,95.77,0.48
TW,96.5,98.55,106.25,123.0,132.65,115.95,57,75,78,64,138.01,0.75,140.71,134.68,0.67
EXC,96.48,100.58,105.93,134.89,138.67,97.23,57,83,81,38,43.4,0.71,43.32,41.25,0.86
CHCO,96.48,101.95,102.56,108.85,115.3,111.49,57,51,60,59,124.98,0.72,120.28,118.45,1.01
RSKD,96.47,97.66,97.13,97.25,114.63,92.97,57,33,58,31,5.33,0.54,5.02,4.84,0.81
FDSB,96.45,99.16,98.05,108.54,112.39,100.39,57,50,50,43,13.05,0.95,12.48,12.23,1.0
CCNEP,96.45,96.65,99.81,111.24,122.82,104.0,57,60,70,48,25.05,1.0,24.39,24.03,1.85
HCA,96.43,101.58,106.54,114.1,117.76,121.25,57,65,64,69,361.12,0.56,374.93,345.2,0.71
PINC,96.42,99.32,110.53,120.66,109.68,102.19,57,73,45,46,20.95,0.62,22.3,20.55,0.67
TTEC,96.4,101.47,117.25,120.36,84.97,74.86,57,73,16,8,5.0,0.36,5.05,4.56,1.16
JXN,96.39,99.78,101.51,102.04,117.58,164.01,57,41,64,89,87.5,0.47,84.86,87.74,0.74
CVV,96.39,96.39,91.94,98.56,97.5,106.75,57,35,30,52,3.69,0.54,3.03,3.23,1.78
NXPL,96.39,96.39,76.7,66.34,94.4,117.64,57,8,26,66,0.79,0.25,0.68,0.91,5.69
CNFR,96.39,98.18,101.3,92.9,98.21,125.92,57,28,30,73,0.87,0.3,0.78,0.93,0.71
CLLS,96.38,120.7,96.87,90.54,84.64,86.27,57,25,16,16,1.82,0.54,1.54,1.61,1.64
LTRN,96.38,104.62,94.04,98.28,118.66,86.04,57,35,65,15,3.99,0.5,3.44,3.64,1.04
MTUS,96.37,102.08,103.41,88.27,85.06,81.76,57,23,16,12,16.2,0.42,14.35,14.45,0.7
DWSN,96.34,111.14,126.48,179.86,100.88,98.87,57,93,34,40,1.51,0.21,1.45,1.44,0.16
BP,96.34,98.85,97.97,95.64,110.74,88.0,57,31,47,17,31.99,0.73,30.23,30.04,0.63
DXST,96.33,96.33,101.7,109.63,114.01,92.57,57,54,54,26,1.3,0.11,1.25,1.3,2.09
HES,96.33,98.87,98.87,96.31,118.78,95.78,57,32,65,36,148.97,0.68,138.89,140.09,0.0
CCIRU,96.33,98.33,92.93,118.74,120.4,93.53,57,71,67,32,12.0,0.45,12.2,11.28,0.83
DHIL,96.31,100.33,98.85,94.88,99.95,97.59,57,30,33,38,151.71,0.64,144.15,146.62,0.36
LB,96.31,109.19,136.93,147.62,168.41,149.04,57,87,90,85,55.79,0.5,70.41,66.81,0.94
SNA,96.3,97.67,96.02,106.19,120.01,118.28,57,47,67,66,336.71,0.72,318.54,327.73,1.81
PRT,96.3,102.15,105.97,115.46,121.62,98.91,57,67,69,40,4.04,0.78,3.95,3.82,0.64
OCS,96.3,109.78,123.54,130.07,162.47,163.88,57,80,89,89,17.5,0.55,18.86,18.14,1.29
GROW,96.3,96.56,100.59,97.53,95.09,88.35,57,34,26,18,2.47,0.79,2.33,2.32,0.24
NVX,96.29,96.29,74.49,85.3,80.73,129.2,57,20,14,76,1.56,0.37,1.19,1.49,12.0
FSBC,96.29,104.57,102.26,105.52,111.93,122.93,57,46,49,71,30.12,0.63,28.57,29.33,0.94
ELSE,96.28,97.6,99.67,113.01,115.91,129.43,57,63,61,76,4.61,0.49,4.27,4.42,0.32
RCT,96.27,105.07,128.74,109.63,114.01,92.57,57,54,54,26,2.07,0.23,1.86,1.94,0.09
DXCM,96.25,100.51,105.01,102.02,95.82,82.74,57,41,27,13,83.89,0.44,84.59,78.27,0.78
JLL,96.21,99.95,99.83,97.96,115.43,127.81,57,34,60,75,253.27,0.61,239.36,253.23,0.48
TCBIO,96.2,100.65,101.61,107.51,110.58,102.67,57,49,47,46,20.7,0.76,20.31,19.9,0.14
AMRC,96.2,101.85,97.58,88.56,84.37,119.33,57,23,16,68,18.21,0.32,15.44,20.05,4.75
SFBS,96.19,103.51,101.16,98.16,115.45,133.77,57,35,60,79,83.0,0.5,76.68,82.42,0.84
PNW,96.18,97.69,100.17,126.87,129.16,107.67,57,78,75,54,92.51,0.87,90.32,88.77,0.9
ASTL,96.18,100.09,99.89,85.44,90.09,125.75,57,20,21,73,7.02,0.36,6.22,7.69,0.9
RGS,96.15,103.61,168.84,188.94,199.95,262.67,57,94,93,96,22.44,0.36,22.05,21.96,1.85
AUR,96.14,101.5,106.92,170.24,239.97,242.12,57,92,95,95,6.26,0.43,5.93,6.48,0.5
PAG,96.14,110.3,111.58,107.81,107.61,96.86,57,49,43,37,165.03,0.57,169.12,159.15,1.12
STWD,96.14,105.06,104.08,108.42,110.35,94.0,57,50,46,33,19.64,0.68,19.76,18.83,4.94
CACI,96.13,100.93,108.55,119.96,103.88,123.67,57,72,38,72,482.92,0.64,463.49,442.11,0.38
WPC,96.12,102.77,106.05,122.33,121.6,90.85,57,74,69,21,61.69,0.85,61.69,57.87,0.74
MDT,96.12,98.52,98.52,107.39,116.36,101.98,57,49,62,45,89.61,0.76,86.3,86.42,0.78
PEBO,96.1,100.33,100.38,100.82,106.82,108.1,57,39,42,54,31.62,0.6,30.31,30.65,1.03
GSBC,96.08,102.99,103.14,102.86,105.8,107.88,56,42,40,54,60.51,0.67,57.93,57.78,1.23
PAGP,96.08,98.81,100.24,106.16,123.12,111.13,56,47,70,59,20.01,0.71,18.81,18.93,1.17
MASI,96.08,102.08,109.95,119.67,130.09,133.96,56,72,76,79,154.47,0.58,161.7,163.37,0.77
WES,96.07,97.72,96.76,107.53,116.0,110.37,56,49,61,58,40.47,0.93,38.63,37.97,1.11
CLST,96.06,97.31,103.68,104.42,109.87,94.79,56,44,46,34,12.34,0.8,12.12,11.71,0.03
PYPL,96.06,96.52,100.83,98.46,118.29,121.9,56,35,65,70,74.17,0.49,72.65,76.74,0.97
RVSB,96.05,102.43,106.57,137.98,137.02,112.68,56,84,80,60,5.46,0.55,5.65,5.42,0.25
ADP,96.04,99.2,105.99,116.29,120.34,107.2,56,68,67,53,301.79,0.72,311.42,298.87,1.03
K,96.01,96.69,101.43,131.69,136.89,129.12,56,81,80,75,79.92,0.91,80.63,80.52,0.55
BOX,96.0,98.38,109.17,120.61,112.14,116.26,56,73,49,65,32.43,0.51,34.01,32.68,0.4
ACR,95.99,99.58,98.85,127.57,165.47,130.39,56,79,89,76,17.58,0.39,18.11,17.96,0.67
SPGI,95.98,98.74,100.46,105.77,108.8,104.1,56,46,44,48,524.38,0.83,516.79,505.8,1.22
BY,95.98,103.02,100.56,104.45,110.05,121.19,56,44,46,69,27.73,0.53,26.65,27.49,1.55
CREV,95.97,128.57,119.43,78.06,79.02,112.07,56,14,13,60,4.16,0.3,3.25,3.52,0.26
FMAO,95.97,99.54,103.83,105.33,106.66,131.86,56,46,41,78,25.94,0.41,24.79,26.12,1.8
EARN,95.96,100.69,100.02,92.56,102.58,102.44,56,27,36,46,5.99,0.83,5.62,5.78,1.34
USCB,95.96,101.25,99.41,130.05,135.08,144.66,56,80,79,84,17.28,0.52,16.69,17.44,1.27
SFD,95.96,97.98,104.65,109.63,114.01,92.57,56,54,54,26,23.59,0.86,23.34,21.44,0.89
ZM,95.95,97.81,104.9,114.31,118.43,120.97,56,65,65,69,74.85,0.58,78.93,78.32,2.23
MBLY,95.94,98.16,102.62,96.28,88.95,100.19,56,32,20,43,16.05,0.35,16.56,15.86,0.83
AGNC,95.94,98.73,97.6,102.5,115.82,103.04,56,41,60,47,9.25,0.69,9.04,8.99,0.56
YOSH,95.94,126.45,188.67,465.87,519.14,124.11,56,98,98,72,6.42,0.2,12.04,9.01,13.13
LPSN,95.94,98.41,118.94,92.51,127.33,142.85,56,27,74,83,0.99,0.3,0.85,1.0,0.55
ORI,95.94,99.72,108.01,127.44,131.38,108.87,56,79,77,55,36.81,0.74,37.4,35.82,1.2
BANR,95.93,108.95,107.48,112.11,120.37,136.62,56,62,67,80,66.09,0.61,64.15,65.33,1.1
PW,95.92,100.75,107.4,140.76,145.74,237.63,56,85,84,95,1.19,0.27,1.14,1.18,1.06
FSLR,95.92,95.92,99.06,103.06,87.73,105.34,56,42,19,50,175.85,0.41,162.28,168.58,0.5
GPRO,95.92,95.92,91.34,85.23,61.94,80.47,56,20,6,11,0.88,0.34,0.73,0.93,1.25
UBFO,95.9,101.41,99.62,112.93,116.76,120.91,56,63,62,69,8.6,0.53,8.61,8.89,0.47
HYPR,95.88,106.89,85.24,86.45,155.93,94.68,56,21,87,34,0.92,0.32,0.73,0.89,0.21
GSM,95.86,102.67,102.67,90.68,93.82,83.94,56,25,25,13,4.43,0.49,3.94,3.95,1.0
SELF,95.86,101.16,106.71,117.68,117.09,104.44,56,70,63,49,5.29,0.66,5.43,5.09,0.69
CVU,95.86,95.86,102.26,108.36,179.09,165.91,56,50,91,89,3.53,0.37,3.21,3.64,0.46
NU,95.86,105.82,110.63,100.82,101.8,135.02,56,39,35,79,13.02,0.54,12.75,12.46,1.31
CCI,95.84,98.06,98.31,118.24,118.6,99.01,56,70,65,41,105.14,0.7,100.82,97.86,1.76
BVFL,95.82,97.01,98.61,114.89,115.51,122.55,56,66,60,70,15.76,0.53,15.32,15.68,1.11
CAAP,95.82,100.38,105.19,118.23,109.83,114.8,56,70,46,63,19.8,0.73,20.43,19.18,0.65
WBA,95.78,103.91,103.91,107.09,116.57,97.05,56,48,62,37,11.49,0.71,11.34,10.42,0.6
TROW,95.77,96.11,94.2,88.73,95.6,102.77,56,24,27,46,105.77,0.65,95.79,101.96,3.13
CVEO,95.77,99.57,96.5,92.68,106.98,106.05,56,28,42,51,24.23,0.6,22.37,23.11,0.56
MHUA,95.77,99.1,99.1,128.21,71.92,93.72,56,79,9,32,0.45,0.21,0.42,0.44,0.3
ACNB,95.73,102.88,103.11,117.45,119.52,122.25,56,70,66,70,43.03,0.54,42.53,41.77,0.8
BNTX,95.73,100.79,102.57,121.25,115.92,114.44,56,73,61,63,110.02,0.65,104.5,109.22,0.67
PGC,95.73,105.21,102.88,103.12,114.29,130.02,56,42,57,76,29.79,0.41,28.4,30.55,0.95
TRC,95.73,102.63,102.63,110.55,108.79,90.93,56,59,44,21,18.1,0.69,16.9,16.31,0.71
AUB,95.71,101.3,99.27,88.36,98.44,111.79,56,23,31,59,33.22,0.51,31.05,34.09,0.6
PFLT,95.7,96.7,95.37,97.96,109.34,96.31,56,34,45,36,10.73,0.89,10.18,10.28,0.78
TFSL,95.7,99.83,102.13,111.93,111.6,100.76,56,61,48,43,13.06,0.75,13.01,12.56,0.93
SBAC,95.7,98.94,105.71,119.73,118.2,102.99,56,72,64,47,233.9,0.78,231.15,220.58,0.56
DD,95.69,97.29,97.77,89.17,98.56,101.08,56,24,31,44,75.55,0.62,69.55,74.97,1.28
AGNCO,95.68,97.02,101.32,112.45,118.06,99.12,56,62,64,41,25.43,0.99,24.98,24.22,1.26
WMK,95.67,99.38,102.13,138.06,136.81,101.59,56,84,80,45,76.54,0.55,75.55,72.69,0.89
CWK,95.67,103.47,102.1,86.83,107.97,126.5,56,22,43,74,11.18,0.43,10.68,11.95,1.16
LEGN,95.65,97.13,93.68,87.98,90.22,71.25,56,23,21,7,41.59,0.43,33.74,36.81,0.77
CMPS,95.65,95.65,107.67,107.67,68.01,75.18,56,49,8,9,4.3,0.34,3.93,4.21,1.57
FIS,95.64,95.9,100.15,109.73,102.71,122.02,56,57,36,70,80.33,0.57,79.75,79.19,0.78
TARS,95.63,95.63,97.97,145.26,153.25,181.58,56,87,87,91,43.25,0.61,42.14,46.14,2.01
INCY,95.63,101.22,103.13,105.33,108.53,122.44,56,46,44,70,67.86,0.45,66.66,68.15,0.85
MLM,95.6,100.43,101.39,104.65,97.94,100.79,55,45,30,43,565.03,0.69,551.59,535.48,1.0
TTI,95.59,110.28,112.78,110.51,116.28,122.25,55,59,61,70,3.33,0.42,3.2,3.47,1.38
BHB,95.58,102.95,102.13,109.12,116.27,123.71,55,51,61,72,31.48,0.44,30.05,30.8,0.83
YSXT,95.58,115.56,147.01,166.89,106.67,92.57,55,91,41,26,5.0,0.48,5.45,4.18,0.79
VRSK,95.57,97.12,105.76,119.34,121.33,101.37,55,72,68,44,301.9,0.69,308.99,289.86,1.81
KRT,95.56,101.4,101.4,114.09,110.48,115.52,55,65,47,64,27.98,0.55,29.24,28.22,0.53
MBI,95.56,96.16,85.44,95.92,138.87,147.43,55,32,81,84,4.79,0.37,4.43,5.19,0.83
BALL,95.55,99.16,99.16,92.85,90.59,101.94,55,28,21,45,57.85,0.58,55.17,55.34,0.84
IX,95.54,97.92,96.66,99.85,98.46,92.03,55,37,31,22,22.35,0.61,21.47,21.25,0.59
CFLT,95.54,95.94,100.41,94.86,130.1,121.57,55,30,76,69,25.38,0.35,23.65,25.99,0.81
CYRX,95.53,108.96,106.13,101.13,77.71,93.6,55,39,12,32,7.19,0.51,6.83,6.91,0.82
KVHI,95.53,97.66,102.24,104.53,116.51,110.67,55,45,62,58,5.35,0.55,5.28,5.32,0.78
MOGU,95.51,102.82,104.34,111.34,114.37,110.41,55,61,57,58,2.4,0.67,2.23,2.22,0.51
BULL,95.51,98.15,112.68,237.15,577.45,96.28,55,96,98,36,16.89,0.12,12.44,12.76,4.35
OGI,95.5,102.34,103.39,104.08,90.08,107.03,55,44,21,53,1.45,0.48,1.36,1.4,0.82
PKX,95.49,100.17,99.51,88.54,93.62,76.8,55,23,25,9,55.61,0.47,48.99,50.07,0.62
TAL,95.48,95.48,97.77,115.22,144.94,99.91,55,67,84,42,10.7,0.45,10.43,11.05,0.87
BANC,95.46,102.3,101.07,97.54,104.62,113.26,55,34,38,61,15.03,0.56,14.11,14.66,1.31
BURL,95.46,95.46,89.99,109.2,116.86,122.26,55,51,62,70,265.4,0.62,244.58,255.57,0.71
EVGO,95.46,95.46,134.48,141.4,92.0,292.82,55,85,23,96,3.77,0.21,3.81,4.27,0.96
STBA,95.46,102.5,100.16,106.07,111.15,114.65,55,47,48,63,39.12,0.57,37.75,38.21,0.81
PWP,95.42,98.55,102.3,96.0,144.41,156.38,55,32,83,87,19.75,0.4,18.76,21.0,1.22
NVS,95.41,105.13,107.33,123.57,120.03,98.75,55,75,67,40,114.25,0.69,116.28,107.31,1.64
TRTX,95.39,99.18,98.43,100.34,108.99,118.68,55,38,44,67,8.07,0.8,7.72,7.81,1.61
UHT,95.39,100.42,99.57,115.15,120.12,95.96,55,66,67,36,40.53,0.66,39.69,38.63,0.86
SHEL,95.36,99.58,103.29,105.37,116.87,91.22,55,46,62,21,70.28,0.83,69.03,65.92,1.13
QLYS,95.36,96.17,101.98,100.81,95.49,94.39,55,39,27,33,139.31,0.55,139.25,136.04,0.75
CRH,95.36,99.52,101.29,110.62,114.24,117.52,55,59,57,66,94.06,0.54,93.36,94.96,0.9
INVA,95.34,101.17,115.18,115.48,116.03,108.97,55,67,61,56,19.57,0.53,19.84,18.84,0.97
CMS,95.33,95.86,98.58,123.64,128.19,106.93,55,75,74,53,71.92,0.8,70.16,69.25,0.67
GD,95.32,99.98,99.98,107.28,107.25,98.57,55,49,42,40,298.98,0.86,282.65,273.42,1.43
BQ,95.32,131.14,131.14,80.33,104.5,126.39,55,16,38,74,2.79,0.19,2.29,3.15,0.31
BIP,95.29,97.32,105.77,107.13,104.05,112.5,55,48,38,60,32.4,0.63,32.92,32.04,1.19
HLNE,95.29,97.83,96.81,116.73,114.4,146.85,55,69,57,84,154.64,0.4,152.98,159.0,0.6
ATMU,95.27,98.3,101.22,102.9,123.73,142.98,55,42,71,83,37.68,0.54,36.9,38.45,0.83
JRVR,95.24,99.95,113.34,117.38,78.71,68.21,55,69,12,6,5.61,0.42,5.56,5.07,0.53
EQNR,95.24,100.51,110.89,110.88,113.47,93.33,55,60,51,31,25.7,0.66,24.99,23.69,0.85
PB,95.23,100.95,99.66,103.14,108.89,115.93,55,42,44,64,73.63,0.52,70.72,72.86,0.78
ALB,95.23,95.23,91.23,71.58,83.05,95.1,55,10,15,34,77.07,0.45,62.27,78.8,1.68
ATHA,95.23,99.9,99.9,64.49,53.79,62.72,55,7,4,5,0.41,0.06,0.32,0.43,0.6
HIW,95.22,105.03,106.97,108.24,108.72,135.11,55,50,44,79,30.31,0.56,30.6,29.75,0.5
KBDC,95.2,97.78,97.9,109.23,111.57,96.84,55,52,48,37,15.96,0.7,15.51,15.43,0.94
TILE,95.19,103.94,106.71,105.96,139.57,159.7,55,47,81,88,20.59,0.41,20.73,21.51,0.89
GFAI,95.18,95.18,93.09,89.71,103.8,145.25,55,24,38,84,1.41,0.27,1.16,1.25,3.48
VICR,95.18,99.35,101.28,126.08,144.0,138.6,55,77,83,81,47.51,0.43,44.59,48.97,0.88
QSR,95.17,96.61,95.1,106.75,103.56,90.83,55,48,37,21,69.14,0.76,68.15,65.93,0.52
AGNCM,95.15,96.41,98.93,110.44,114.88,99.58,55,58,59,42,25.08,1.0,24.36,23.93,0.29
DOX,95.15,96.28,104.5,109.03,111.2,95.89,55,51,48,36,89.42,0.7,91.01,87.34,0.77
LOPE,95.15,99.61,117.11,126.24,129.24,114.81,55,78,75,63,171.82,0.58,187.89,170.74,0.97
DMAC,95.12,99.96,99.89,117.02,171.19,194.75,55,69,90,92,4.18,0.27,3.92,4.7,2.63
GSBD,95.11,97.59,94.8,90.21,95.61,84.45,55,25,27,14,11.87,0.66,11.06,11.25,0.76
TTAM,95.11,99.04,95.47,109.63,114.01,92.57,55,54,54,26,14.04,0.54,13.66,13.79,3.49
PSHG,95.08,101.56,105.14,114.6,88.55,92.3,55,65,20,23,1.78,0.51,1.71,1.71,0.29
TK,95.08,100.69,125.54,126.71,104.15,100.14,55,78,38,43,7.58,0.51,8.28,7.25,0.78
APPF,95.07,96.45,94.58,102.5,115.29,109.91,55,41,60,57,250.95,0.76,224.85,228.21,0.69
KEX,95.07,98.98,98.77,97.39,95.48,113.1,55,34,27,61,115.84,0.66,112.15,110.56,1.48
BLBD,95.05,103.92,105.66,100.25,100.03,125.67,55,38,33,73,42.75,0.49,41.47,39.26,1.89
HFBL,95.04,100.96,103.46,123.93,125.81,103.35,54,76,73,47,13.52,0.85,13.34,12.78,0.0
RYI,95.04,106.69,107.35,108.88,120.55,98.85,54,51,67,40,22.77,0.66,21.66,21.9,0.89
PEBK,95.02,101.55,105.3,103.03,108.3,106.94,54,42,43,53,28.86,0.66,28.72,27.94,0.96
FSUN,95.0,96.21,92.44,98.16,108.68,102.27,54,35,44,46,39.14,0.58,35.9,38.02,0.64
EE,94.98,101.57,118.82,128.85,154.97,160.2,54,80,87,88,26.62,0.61,28.89,28.14,1.25
GLBZ,94.98,100.9,102.24,111.61,115.18,120.23,54,61,59,68,5.37,0.44,5.04,5.31,0.13
ACU,94.98,101.89,105.29,117.8,114.48,97.43,54,70,57,38,41.61,0.72,40.04,39.48,0.53
WDS,94.97,96.27,106.07,103.36,93.83,81.72,54,43,25,12,15.75,0.61,15.04,14.84,0.57
ALKS,94.97,100.38,98.87,113.77,124.77,102.38,54,64,72,46,29.22,0.4,30.09,30.26,0.87
PATH,94.96,94.96,101.68,101.63,90.59,88.66,54,40,21,18,12.59,0.49,12.73,12.7,1.56
HNST,94.95,100.89,112.22,122.19,175.01,239.68,54,74,90,95,4.6,0.27,4.89,5.34,1.09
HTGC,94.95,96.02,94.16,98.26,109.99,103.52,54,35,46,48,19.33,0.69,18.03,18.44,0.92
IGC,94.95,102.43,112.35,97.65,91.51,104.95,54,34,22,50,0.36,0.43,0.32,0.33,0.57
STLD,94.93,98.69,102.83,104.4,105.19,108.45,54,44,39,55,131.63,0.55,131.39,128.45,0.65
BR,94.93,96.48,104.24,118.23,118.51,102.3,54,70,65,46,239.11,0.87,239.18,231.05,1.0
ELTK,94.92,101.7,107.56,103.82,97.94,94.78,54,43,30,34,10.27,0.69,10.3,10.15,0.05
DOOO,94.91,96.15,104.19,95.04,78.72,76.49,54,30,12,9,48.22,0.41,44.58,45.28,0.47
TFINP,94.91,95.87,96.66,107.62,112.83,103.38,54,49,50,47,22.58,0.86,21.54,21.94,0.0
EVCM,94.89,96.15,92.81,105.99,106.92,108.14,54,47,42,54,11.19,0.69,10.32,10.51,0.85
SBR,94.87,98.06,102.79,116.2,114.54,100.04,54,68,57,42,66.15,0.88,65.58,62.98,0.55
FOXX,94.87,94.87,86.66,114.88,83.59,72.74,54,66,15,7,5.93,0.29,5.42,5.72,0.64
DORM,94.87,100.12,101.32,111.23,119.78,134.31,54,60,67,79,121.33,0.52,125.79,125.57,0.81
SB,94.86,95.29,95.29,88.46,88.86,88.09,54,23,20,18,4.12,0.43,3.77,3.78,1.14
ABT,94.85,103.5,112.26,131.15,129.64,98.44,54,81,76,39,123.67,0.63,132.53,123.99,2.91
RKT,94.85,100.84,104.47,109.5,139.03,133.7,54,52,81,79,13.99,0.43,13.32,13.21,0.82
HGBL,94.83,98.65,105.53,110.65,118.28,87.64,54,59,65,17,2.16,0.51,2.15,1.98,0.06
LVTX,94.81,104.03,93.88,108.92,99.04,93.7,54,51,31,32,1.42,0.37,1.32,1.33,0.74
HSPOU,94.81,95.87,104.99,112.84,117.37,96.93,54,63,63,37,12.21,0.69,11.97,11.68,0.0
IP,94.81,100.04,99.72,107.71,130.35,132.44,54,49,76,78,50.35,0.47,48.2,51.09,0.74
SBRA,94.8,102.96,107.75,125.35,124.71,119.93,54,77,72,68,18.07,0.82,18.0,17.26,0.85
TCBS,94.78,96.21,101.51,112.43,125.44,98.33,54,62,72,39,16.07,0.77,15.94,15.51,2.12
MFC,94.77,95.42,102.49,116.27,115.43,121.53,54,68,60,69,30.82,0.77,31.41,30.68,0.94
GSRT,94.77,95.28,99.7,110.25,114.58,92.57,54,58,58,26,11.11,0.87,10.7,10.24,0.75
LSCC,94.75,94.92,99.92,98.89,108.85,98.35,54,36,44,39,53.03,0.49,50.24,53.93,0.59
HOVNP,94.74,94.74,93.3,108.84,111.22,95.12,54,51,48,34,17.24,1.0,16.04,16.22,0.41
CGNT,94.74,100.97,112.21,135.15,138.38,130.95,54,83,81,77,9.18,0.57,9.84,8.83,0.4
NBBK,94.72,104.14,101.77,108.12,116.27,107.79,54,50,61,54,18.38,0.51,17.43,18.27,0.6
CRL,94.68,99.78,89.41,75.76,84.88,91.26,54,13,16,21,154.48,0.38,146.94,164.47,0.51
SMFG,94.68,99.93,100.11,109.08,128.42,112.61,54,51,75,60,14.53,0.59,14.91,14.45,1.21
PHR,94.67,106.87,110.68,117.5,124.26,120.11,54,70,71,68,25.48,0.62,26.43,24.78,1.54
PUBM,94.67,97.17,103.91,86.24,95.12,90.53,54,21,26,20,12.49,0.31,11.83,13.09,0.43
INN,94.67,98.71,98.75,78.66,100.87,98.29,54,15,34,39,5.28,0.51,4.77,5.62,0.5
DUK,94.66,97.96,100.96,125.4,129.44,107.17,54,77,75,53,118.42,0.77,116.57,113.77,0.78
BOKF,94.65,99.0,97.02,95.63,108.05,118.69,54,31,43,67,105.43,0.58,97.22,103.5,1.65
ATNM,94.65,94.65,91.51,120.3,90.93,48.9,54,73,22,2,1.71,0.09,1.58,1.45,0.72
SIDU,94.65,96.18,88.34,78.63,118.08,161.22,54,15,64,88,2.01,0.19,1.63,2.09,1.03
TSCO,94.64,96.53,96.44,101.27,109.86,106.13,54,39,46,51,56.58,0.71,52.48,53.99,0.74
LCNB,94.64,100.85,99.93,105.83,114.02,108.1,54,46,56,54,15.16,0.59,14.68,14.84,1.43
LYTS,94.61,97.53,98.26,101.72,142.47,124.69,54,40,83,72,17.58,0.33,16.63,17.83,0.79
UBSI,94.6,102.19,101.98,100.49,104.5,110.2,54,38,38,57,37.3,0.57,36.39,36.45,3.48
GBCI,94.6,101.86,100.39,98.68,110.78,133.65,54,35,47,79,45.71,0.41,42.82,46.56,0.83
CNO,94.59,97.21,102.76,126.15,133.4,120.97,54,77,78,69,37.69,0.65,37.7,38.01,0.97
NMFC,94.59,97.35,94.71,94.73,102.02,89.49,54,30,35,19,10.7,0.75,10.45,10.5,0.74
PCTY,94.58,96.42,98.76,115.96,117.91,116.33,54,68,64,65,186.38,0.59,187.45,192.08,0.83
ACLS,94.58,95.59,101.53,87.03,64.54,66.09,54,22,7,5,70.96,0.3,65.86,68.48,0.55
CVLG,94.58,98.14,100.76,88.58,103.79,107.92,54,23,37,54,23.55,0.47,23.42,24.88,0.62
KVUE,94.57,95.22,94.63,126.18,126.13,105.7,54,78,73,51,22.0,0.68,22.24,22.17,0.64
JEF,94.56,94.61,93.96,90.83,136.68,153.52,54,25,80,86,56.24,0.39,52.84,62.01,0.44
ELME,94.52,97.59,97.1,109.9,119.55,100.46,53,57,66,43,16.22,0.64,15.99,15.89,1.12
EPD,94.52,99.11,99.11,111.46,120.83,111.69,53,61,68,59,31.35,0.68,31.46,31.02,0.96
HITI,94.51,97.85,99.0,103.42,124.4,158.66,53,43,71,88,2.45,0.42,2.31,2.56,0.65
RHP,94.49,99.46,99.69,97.01,92.56,100.7,53,33,24,43,99.99,0.6,98.19,99.61,0.98
ANVS,94.49,103.07,98.91,99.48,50.96,107.68,53,37,4,54,2.65,0.13,2.42,4.06,0.98
ETD,94.48,99.4,99.77,103.23,104.41,92.83,53,43,38,30,28.97,0.66,27.47,27.93,0.66
BJ,94.47,98.39,112.77,142.58,152.71,111.67,53,86,86,59,104.71,0.65,111.06,102.5,0.67
GUTS,94.47,94.47,108.54,124.45,62.46,84.14,53,76,6,14,1.79,0.22,1.81,1.84,0.63
VMC,94.46,100.04,100.12,104.58,102.42,105.38,53,45,36,50,266.6,0.66,265.48,259.75,0.8
APD,94.46,95.67,97.81,100.28,110.92,113.39,53,38,47,61,295.31,0.58,279.05,294.67,1.79
AME,94.43,98.12,98.12,99.93,100.25,103.86,53,37,33,48,178.51,0.6,178.75,178.23,0.78
ORC,94.43,97.54,97.43,102.02,112.7,96.93,53,41,50,37,7.06,0.53,6.93,7.07,0.82
HUIZ,94.42,94.42,74.19,63.73,102.36,129.83,53,7,36,76,2.8,0.25,2.16,2.95,1.05
SPG,94.39,94.65,95.69,103.12,111.54,113.13,53,42,48,61,162.86,0.55,160.55,165.5,0.58
EFX,94.38,96.8,98.38,106.91,96.65,105.42,53,48,28,50,263.09,0.58,264.47,257.82,0.85
KRP,94.37,95.75,98.3,98.0,96.79,99.25,53,35,29,41,14.37,0.75,13.63,14.0,0.82
ADM,94.36,98.73,99.8,99.69,92.95,81.9,53,37,24,12,54.39,0.6,51.01,49.96,0.82
BPYPO,94.31,98.94,104.83,112.44,113.36,117.91,53,62,51,66,14.45,0.65,14.58,14.4,1.39
LCID,94.31,96.09,79.04,101.41,117.31,92.95,53,40,63,31,3.04,0.46,2.36,2.55,1.86
PENN,94.27,95.28,99.6,89.17,108.44,100.89,53,24,44,44,18.05,0.48,16.62,18.29,0.68
DSP,94.27,96.55,102.84,117.41,229.19,196.85,53,69,95,92,13.71,0.26,13.8,15.68,0.77
CCNE,94.26,100.88,100.87,103.98,109.91,120.47,53,44,46,69,23.7,0.42,22.65,23.84,1.07
DAR,94.26,100.67,111.97,110.85,90.63,90.97,53,59,22,21,35.85,0.53,35.11,35.4,0.78
FSLY,94.24,94.24,97.65,108.95,110.51,118.55,53,51,47,67,7.12,0.33,7.3,7.73,0.83
AOSL,94.24,94.24,92.5,76.32,133.51,151.92,53,13,78,86,28.65,0.38,24.36,30.68,0.6
AUDC,94.24,99.08,96.23,97.08,119.49,94.21,53,33,66,33,10.28,0.56,9.32,9.58,7.65
WLFC,94.23,101.18,111.36,152.2,227.32,324.06,53,88,95,97,139.15,0.42,139.35,172.63,0.39
XOMAO,94.23,94.82,99.72,114.66,118.46,97.57,53,65,65,38,25.58,0.99,24.89,24.4,0.53
RM,94.22,99.15,99.58,113.66,120.97,115.77,53,64,68,64,32.31,0.6,29.15,30.91,0.85
VRCA,94.21,99.03,104.74,64.62,55.14,32.6,53,7,5,2,0.82,0.05,0.63,0.77,0.73
SANG,94.2,109.99,112.33,106.66,154.41,146.73,53,48,87,84,5.61,0.41,5.82,5.91,0.0
SUI,94.2,97.02,99.08,108.02,113.47,102.11,53,50,51,46,125.3,0.53,123.63,121.7,1.21
WPRT,94.19,96.77,79.79,66.23,93.45,69.93,53,8,25,7,3.86,0.34,3.04,3.72,1.71
LADR,94.19,97.69,95.76,102.81,110.51,95.6,53,42,47,35,11.0,0.78,10.55,10.71,1.38
NTAP,94.18,94.18,95.55,94.06,103.66,109.97,53,29,37,57,108.37,0.59,102.24,108.03,0.82
RMCF,94.18,103.63,99.62,85.95,66.56,104.97,53,20,7,50,1.79,0.32,1.38,1.87,2.67
GGG,94.16,98.2,98.2,101.49,101.28,97.71,53,40,34,38,86.81,0.73,85.64,84.64,0.8
ARR,94.16,96.7,94.88,97.19,106.01,99.6,53,33,40,42,16.48,0.62,16.21,16.6,0.72
NOK,94.16,101.16,111.23,141.43,137.23,118.22,53,85,80,66,4.75,0.65,5.18,4.79,1.28
FMNB,94.15,101.48,101.46,106.62,106.09,105.68,53,48,40,51,13.88,0.58,13.48,13.63,0.99
XHR,94.14,98.94,98.44,87.32,97.94,105.91,53,22,30,51,12.74,0.54,12.28,13.2,0.95
LXFR,94.14,98.99,98.93,96.35,122.92,136.75,53,32,70,80,11.97,0.5,11.77,12.34,1.09
KPLT,94.13,100.33,100.33,90.86,170.04,87.08,53,25,90,16,9.38,0.26,8.5,8.6,0.23
AGNCL,94.13,96.6,100.94,115.47,119.99,103.67,53,67,67,48,24.79,0.9,24.58,24.08,0.29
KNSL,94.11,98.98,101.03,120.96,121.41,107.0,53,73,68,53,480.18,0.72,470.56,464.18,0.58
IVR,94.11,98.3,98.3,99.15,110.66,96.56,53,36,47,37,7.38,0.62,7.35,7.35,1.32
LASE,94.1,117.76,117.76,102.45,214.84,403.13,53,41,94,98,3.27,0.09,2.63,4.33,0.68
MDU,94.1,96.41,99.57,114.83,121.65,139.53,53,66,69,81,17.01,0.6,16.76,16.95,1.03
VRDN,94.09,106.86,104.82,96.98,101.96,143.37,53,33,35,83,16.52,0.37,14.67,17.45,0.68
MDB,94.06,94.06,95.61,91.14,84.99,99.86,53,26,16,42,221.21,0.37,201.37,235.78,0.73
DOV,94.06,97.06,97.65,94.56,102.81,106.9,53,30,36,52,188.24,0.69,181.84,186.59,2.66
ISRG,94.06,94.73,101.89,110.19,126.25,127.76,53,58,73,75,518.62,0.53,536.3,531.26,1.17
PMVP,94.04,103.14,93.0,80.44,80.89,90.12,53,16,14,20,1.33,0.52,1.05,1.31,0.61
IOR,94.04,99.74,103.57,115.22,114.76,105.6,53,67,58,51,18.5,0.74,18.46,17.66,0.0
BKHA,94.03,98.19,98.68,111.88,116.34,93.62,53,61,61,32,10.99,0.63,10.67,10.48,0.0
COMP,94.02,105.75,102.93,159.73,202.91,179.51,53,90,93,91,6.68,0.42,6.31,6.98,0.69
CGNX,94.01,94.67,96.23,80.95,89.19,93.77,53,16,20,32,34.07,0.39,31.24,34.22,1.15
AIV,93.99,99.84,99.84,100.51,114.63,105.56,52,38,58,50,8.65,0.75,8.35,8.34,0.93
SBSI,93.98,99.51,97.64,99.53,105.07,108.45,52,37,39,55,31.04,0.5,29.17,30.46,0.86
OS,93.97,96.14,104.55,105.44,90.83,92.61,52,46,22,30,24.99,0.43,27.29,27.07,0.57
PAM,93.96,99.75,103.52,138.93,152.23,168.72,52,85,86,89,71.31,0.55,74.94,77.38,0.59
GATX,93.95,99.8,100.21,112.93,117.26,113.36,52,63,63,61,154.0,0.68,152.9,151.82,0.77
CZFS,93.95,104.5,108.77,115.31,125.87,133.03,52,67,73,78,59.0,0.59,59.78,60.1,3.72
SCI,93.94,98.15,98.15,115.1,115.44,109.53,52,66,60,56,79.83,0.55,78.74,79.1,0.94
LOT,93.93,93.93,88.75,81.99,49.83,59.45,52,17,4,4,2.36,0.21,2.18,2.86,0.8
NYXH,93.92,96.39,95.77,87.77,125.34,131.3,52,23,72,77,8.22,0.44,7.5,8.54,0.15
OPHC,93.9,96.89,96.89,101.12,96.7,112.85,52,39,28,61,4.54,0.5,4.5,4.53,0.56
EFSI,93.9,93.93,92.72,105.94,107.19,110.64,52,47,42,58,33.54,0.66,31.37,32.59,0.74
NCNO,93.89,95.41,96.63,85.02,91.34,122.52,52,20,22,70,30.61,0.43,26.98,31.21,0.57
VSME,93.89,101.79,100.57,100.57,92.85,103.6,52,38,24,48,1.07,0.23,0.94,1.07,0.1
NCRA,93.88,97.78,104.15,116.05,119.48,110.03,52,68,66,57,1.05,0.46,1.02,1.0,1.11
FBLA,93.88,95.71,93.53,105.9,107.28,92.57,52,47,42,26,11.84,0.69,11.32,11.51,0.63
ALCY,93.88,95.3,101.56,114.64,119.71,101.29,52,65,66,44,11.72,0.64,11.65,11.25,0.0
HOPE,93.88,100.99,98.52,90.37,93.8,113.86,52,25,25,62,11.39,0.49,10.6,11.25,1.0
PX,93.87,96.0,94.87,113.91,132.34,133.65,52,65,77,79,11.76,0.59,10.68,11.75,0.51
WMG,93.86,93.86,89.27,101.23,109.9,96.73,52,39,46,37,31.22,0.53,27.56,30.45,1.04
KN,93.85,97.87,101.64,95.28,106.62,107.96,52,31,41,54,17.75,0.64,17.24,17.59,0.81
ESOA,93.85,99.64,104.74,114.94,164.38,239.65,52,66,89,95,9.74,0.26,10.02,11.06,0.69
SILC,93.81,96.69,101.3,104.21,111.32,109.72,52,44,48,57,15.41,0.59,15.18,15.02,0.6
HURN,93.78,99.13,106.71,137.81,144.22,114.56,52,84,83,63,130.27,0.55,140.89,131.23,0.71
AGNCN,93.78,95.65,99.69,113.17,117.32,98.67,52,64,63,40,25.44,1.0,25.11,24.51,1.09
YPF,93.77,103.2,113.1,132.92,190.3,204.3,52,82,92,93,30.73,0.45,34.0,34.49,0.7
ATMC,93.76,96.53,99.16,113.8,118.36,94.75,52,64,65,34,12.0,0.78,11.8,11.52,0.0
YETI,93.76,93.76,85.73,83.28,91.7,95.63,52,18,23,35,35.0,0.45,31.28,35.23,0.88
RNA,93.74,96.08,90.62,104.14,119.02,311.13,52,44,66,97,33.76,0.34,30.85,34.22,1.65
LII,93.74,97.37,97.37,104.51,112.96,118.36,52,45,50,67,609.43,0.61,576.64,594.84,0.64
CRESY,93.73,97.6,102.51,138.65,142.91,150.12,52,84,83,85,10.86,0.55,11.22,11.16,0.68
INGR,93.72,97.47,102.35,112.8,116.57,118.43,52,63,62,67,133.14,0.49,136.7,134.53,1.08
QCRH,93.71,97.01,94.88,101.42,109.23,132.02,52,40,45,78,75.14,0.39,68.84,75.48,1.31
TZOO,93.71,100.07,105.92,127.06,189.82,194.83,52,78,92,92,12.89,0.29,13.28,15.88,0.9
ALOT,93.7,94.59,101.49,71.5,74.86,92.92,52,10,10,30,11.22,0.37,9.8,11.41,0.08
ITW,93.7,97.78,97.78,100.64,104.65,98.37,52,38,38,39,255.15,0.67,247.64,252.04,1.08
LCII,93.69,97.78,97.91,86.15,89.23,96.65,52,21,20,37,97.04,0.47,91.15,98.45,0.57
MTG,93.69,98.1,112.93,112.03,113.68,110.07,52,62,51,57,25.2,0.46,26.59,24.91,0.89
IMPP,93.68,96.53,112.25,112.25,81.08,110.68,52,62,14,58,3.21,0.45,3.0,3.01,0.43
HOND,93.67,95.0,103.98,114.24,116.65,92.79,52,65,62,30,11.06,0.57,11.29,10.48,0.65
ZURA,93.66,97.24,64.23,62.68,51.69,108.07,52,7,4,54,1.91,0.23,1.19,2.09,4.45
XOMA,93.65,106.16,109.49,101.89,97.89,128.2,52,40,30,75,25.67,0.46,25.77,25.87,0.33
HAE,93.65,96.58,98.42,95.12,85.96,100.0,52,30,17,42,72.55,0.44,71.35,71.95,1.28
NKSH,93.62,102.66,102.66,96.52,105.69,97.73,52,32,40,39,28.35,0.64,26.85,27.42,0.63
ARWR,93.62,106.69,111.94,82.6,84.9,91.9,52,18,16,22,16.76,0.36,16.18,17.74,1.77
CWH,93.61,96.2,99.92,94.54,97.94,99.51,52,30,30,42,17.3,0.44,17.33,19.31,0.48
ET,93.61,97.14,102.09,108.44,123.8,123.57,52,50,71,71,17.47,0.52,17.77,17.71,1.03
BSBK,93.59,98.75,100.24,101.09,111.0,100.96,52,39,47,44,8.02,0.69,7.46,7.71,0.57
THO,93.58,99.08,101.44,92.16,89.52,98.88,52,27,21,40,89.72,0.52,85.48,92.16,0.69
CASS,93.57,100.77,101.66,108.01,111.08,96.3,52,50,48,36,43.01,0.65,43.01,42.06,1.5
ROIV,93.56,98.03,97.7,105.9,97.64,100.91,52,47,30,44,11.44,0.65,11.15,11.18,0.8
PRMB,93.54,93.96,105.58,148.15,158.87,152.46,52,87,88,86,29.02,0.59,30.6,30.48,0.73
GNK,93.54,93.59,93.59,87.36,85.53,93.27,52,22,17,31,15.22,0.49,13.74,14.21,2.26
POCI,93.53,95.05,95.4,92.15,94.34,91.68,52,27,26,22,4.76,0.38,4.66,4.64,0.36
SSL,93.52,103.94,105.18,98.42,73.99,66.0,52,35,10,5,4.99,0.38,4.64,4.8,0.63
MBAV,93.49,95.89,114.49,110.68,115.44,92.75,52,59,60,30,10.81,0.23,11.35,10.43,0.44
OAKU,93.49,93.84,99.63,115.09,119.47,96.7,52,66,66,37,11.96,1.0,11.73,11.49,0.0
VTS,93.48,95.87,96.72,98.65,110.56,109.14,52,35,47,56,23.7,0.62,22.29,23.47,0.69
ALL,93.45,96.61,99.81,114.64,119.8,111.21,51,65,67,59,194.08,0.64,200.06,194.49,1.07
KFFB,93.44,93.44,93.56,90.6,102.85,83.73,51,25,36,13,3.12,0.72,2.69,2.87,0.65
QETA,93.44,93.92,98.16,112.75,117.87,94.77,51,63,64,34,11.12,1.0,10.83,10.65,0.58
AIG,93.43,96.03,107.0,117.39,122.34,95.48,51,69,69,35,81.21,0.67,83.47,78.23,0.74
NUVL,93.43,102.3,99.03,98.17,99.52,128.62,51,35,32,75,83.4,0.46,76.81,81.85,0.62
FRMEP,93.42,93.85,99.76,112.8,118.71,98.15,51,63,65,39,25.49,0.85,25.4,24.88,0.76
SU,93.4,99.08,103.64,104.75,109.07,99.84,51,45,45,42,38.85,0.73,37.52,37.69,0.64
KVAC,93.39,93.39,99.01,114.44,118.86,95.97,51,65,65,36,11.54,1.0,11.34,11.1,0.16
DKS,93.37,93.95,96.43,99.04,116.82,116.25,51,36,62,65,209.49,0.54,189.45,203.87,0.56
MGRC,93.37,100.83,101.17,100.07,107.06,98.8,51,37,42,40,113.92,0.56,115.0,113.79,0.77
ASUR,93.36,98.55,111.07,110.88,128.79,131.26,51,60,75,77,10.04,0.44,9.92,9.94,0.74
OMCC,93.36,94.33,91.26,102.17,109.24,93.69,51,41,45,32,6.49,0.87,5.58,6.0,0.36
HST,93.34,96.55,96.54,92.41,88.46,94.2,51,27,19,33,16.14,0.63,15.51,15.91,0.53
ALFUU,93.34,95.33,101.71,111.39,115.85,93.71,51,61,61,32,10.7,0.7,10.7,10.34,0.57
TV,93.32,96.43,114.7,110.93,94.34,91.49,51,60,26,22,2.08,0.44,2.11,2.02,0.81
ANIP,93.31,97.63,103.4,123.08,126.98,89.86,51,75,74,20,66.3,0.66,63.29,61.02,0.98
IRM,93.31,94.53,104.25,105.21,109.65,144.56,51,45,45,83,99.67,0.48,99.36,101.3,0.56
LSPD,93.29,93.5,93.02,88.53,88.11,116.14,51,23,19,64,12.54,0.43,11.21,13.16,0.54
BSBR,93.28,100.54,111.87,115.43,114.76,84.45,51,67,58,14,4.85,0.64,5.27,4.67,2.24
ONL,93.28,97.38,86.39,67.19,106.66,98.84,51,8,41,40,2.55,0.4,2.09,2.99,0.43
SBXD,93.27,94.49,101.4,110.57,114.49,92.98,51,59,57,31,10.77,0.65,10.66,10.25,0.1
SMWB,93.25,93.66,94.0,83.99,213.63,198.86,51,19,94,93,8.57,0.23,7.87,10.15,0.78
JYNT,93.25,95.77,94.49,100.53,113.49,97.95,51,38,51,39,11.45,0.35,11.09,11.1,1.16
PNFPP,93.24,95.41,97.87,113.11,116.21,100.61,51,63,61,43,24.62,0.93,24.19,24.0,0.63
AVBP,93.24,96.19,113.55,111.75,116.01,132.64,51,61,61,78,22.05,0.3,21.78,24.48,0.86
OZ,93.24,96.35,95.03,111.69,117.91,110.63,51,61,64,58,65.25,0.31,65.47,66.33,0.0
NMIH,93.23,95.56,109.03,106.39,106.43,106.98,51,47,41,53,38.01,0.5,39.58,37.77,1.07
ZIONP,93.23,96.3,98.24,117.98,120.69,108.69,51,70,67,55,23.19,0.77,22.77,22.66,0.31
STAG,93.22,97.61,99.98,99.85,105.36,91.2,51,37,39,21,35.64,0.61,35.7,34.85,0.83
NRT,93.22,94.71,107.36,117.21,111.04,84.04,51,69,47,14,4.88,0.5,4.94,4.49,0.52
PRTC,93.22,93.39,89.41,93.09,94.13,89.39,51,28,26,19,19.67,0.54,18.0,18.88,0.18
NOC,93.21,96.49,99.86,123.69,124.04,99.52,51,75,71,42,519.04,0.83,491.5,488.93,1.06
PGNY,93.2,101.38,103.67,105.67,119.02,81.38,51,46,66,12,22.0,0.52,21.89,19.79,1.12
ICMB,93.18,98.04,96.85,109.29,111.69,97.11,51,52,49,38,2.84,0.66,2.8,2.81,0.6
ESS,93.17,95.14,95.14,110.45,115.89,108.54,51,58,61,55,287.37,0.62,281.63,284.52,0.67
OPT,93.17,96.77,111.15,111.22,160.29,187.57,51,60,88,92,3.41,0.35,3.41,3.85,
LXEO,93.16,98.78,114.26,88.87,48.51,77.33,51,24,3,9,4.15,0.21,3.69,5.2,0.33
TCPC,93.15,95.98,94.38,91.45,98.55,92.58,51,26,31,30,7.69,0.49,7.52,7.64,0.77
BLD,93.12,102.57,103.4,84.66,92.97,99.2,51,19,24,41,356.43,0.4,315.39,330.78,0.7
KO,93.12,96.13,100.63,127.31,126.58,101.13,51,78,73,44,69.85,0.74,70.49,67.13,0.94
RAPP,93.11,99.67,99.39,98.56,75.72,99.48,51,35,11,41,14.68,0.34,11.62,15.27,0.75
ALDFU,93.11,93.45,100.22,110.11,114.64,92.57,51,58,58,26,11.0,0.87,10.82,10.31,0.0
UPWK,93.09,96.32,102.61,130.79,126.92,138.99,51,81,73,81,13.23,0.5,14.76,14.55,0.73
GHC,93.08,99.77,108.76,120.28,129.53,115.76,51,73,76,64,896.35,0.66,944.63,911.61,0.5
CMT,93.06,100.12,100.59,101.11,102.43,88.72,51,39,36,18,16.85,0.67,16.38,15.63,0.78
BHC,93.05,98.41,92.94,84.0,99.74,130.4,51,19,32,77,6.31,0.36,5.53,6.86,0.44
WSBCP,93.05,94.26,99.78,113.85,119.5,98.44,51,64,66,39,25.44,1.0,25.22,24.67,0.1
BAYAU,93.05,93.87,99.36,113.34,117.54,96.04,51,64,64,36,11.35,1.0,11.17,10.96,0.0
PARAA,93.03,94.75,104.08,111.93,115.72,100.89,51,61,60,44,23.15,0.66,22.73,22.46,2.16
FTAI,93.01,93.01,113.56,115.48,137.64,216.08,51,67,80,93,113.59,0.33,118.44,124.79,0.49
NWN,93.01,98.85,100.95,123.28,125.59,103.73,51,75,72,48,41.53,0.68,40.86,40.44,0.71
PCSC,93.0,94.14,100.3,111.83,115.09,93.3,51,61,59,31,10.7,0.97,10.56,10.29,0.0
TWFG,92.99,99.61,111.92,124.4,115.44,99.99,51,76,60,42,32.98,0.79,34.38,31.62,0.69
INTC,92.99,92.99,96.46,99.11,106.13,82.34,51,36,40,12,23.1,0.3,21.55,21.81,0.76
AJG,92.99,95.57,103.45,129.18,132.94,104.13,51,80,78,48,313.14,0.56,325.8,310.93,0.54
HSPO,92.99,93.94,104.49,115.38,121.53,98.21,51,67,69,39,12.02,0.66,12.02,11.66,0.0
EA,92.98,95.4,103.8,117.81,111.36,104.11,51,70,48,48,150.11,0.66,150.78,145.91,1.3
HE,92.95,101.32,101.93,111.32,116.78,88.26,50,60,62,18,10.74,0.27,10.63,10.25,0.93
HTH,92.94,96.66,96.09,103.18,109.99,96.59,50,42,46,37,31.29,0.62,30.35,30.26,0.83
LOAN,92.94,101.6,97.38,110.33,118.51,104.55,50,58,65,49,5.4,0.69,5.18,5.22,1.11
WH,92.94,98.76,98.36,104.97,125.82,122.0,50,45,73,70,86.75,0.42,83.95,91.34,0.7
KOF,92.92,94.36,105.61,128.59,124.75,88.41,50,79,72,18,90.36,0.66,94.23,86.32,0.82
GFS,92.91,92.91,95.79,88.75,87.89,84.51,50,24,19,14,40.33,0.36,38.46,39.6,1.06
ATMV,92.91,93.52,99.81,114.02,118.42,95.58,50,65,65,35,11.9,1.0,11.78,11.5,0.0
SRE,92.9,92.9,95.16,99.88,100.68,110.18,50,37,33,57,78.25,0.51,75.48,78.49,0.96
BEEP,92.89,101.14,107.74,131.41,129.55,127.78,50,81,76,75,3.69,0.52,4.04,3.78,0.6
CVX,92.88,95.77,95.77,95.99,117.17,97.7,50,32,63,38,150.04,0.52,143.35,147.69,4.74
IMKTA,92.87,94.62,93.56,104.7,107.89,87.22,50,45,43,17,66.91,0.35,62.79,64.31,1.05
CBFV,92.87,99.26,101.08,126.17,123.1,122.21,50,78,70,70,27.56,0.49,28.61,28.56,0.44
MAC,92.83,94.43,93.54,95.01,116.79,129.33,50,30,62,76,16.57,0.4,15.94,17.64,0.75
BAND,92.82,96.79,95.82,83.09,98.75,126.69,50,18,31,74,15.54,0.36,14.77,16.25,0.56
FSTR,92.82,102.53,104.61,86.65,123.66,119.53,50,21,71,68,22.74,0.5,20.59,22.9,0.79
CUZ,92.81,100.28,105.98,109.24,115.92,124.19,50,52,61,72,28.23,0.65,28.7,28.96,0.81
RDN,92.78,96.29,107.09,104.73,110.22,102.95,50,45,46,47,33.8,0.55,34.36,33.07,0.82
DPZ,92.78,96.05,95.34,119.82,113.52,96.32,50,72,51,36,465.95,0.7,466.11,450.35,2.04
FCBC,92.77,99.45,100.58,114.02,118.28,115.57,50,65,65,64,40.33,0.49,39.01,39.64,1.0
NIXX,92.77,96.04,95.63,107.32,195.02,308.46,50,49,93,97,2.05,0.14,1.98,2.61,0.61
AWK,92.76,97.14,100.05,126.0,129.75,96.78,50,77,76,37,142.91,0.74,141.32,135.97,1.55
HGTY,92.76,93.01,96.28,96.47,95.93,110.3,50,32,28,58,10.11,0.47,9.8,9.98,0.98
BOH,92.75,102.15,102.25,110.84,113.18,119.37,50,59,51,68,67.65,0.45,67.69,68.67,0.83
CEPU,92.74,94.27,100.0,121.2,135.21,152.79,50,73,79,86,11.42,0.45,12.22,12.41,0.61
SPRC,92.73,95.15,93.96,94.92,126.48,212.47,50,30,73,93,7.54,0.18,6.73,7.14,2.88
DNOW,92.72,93.87,100.53,121.56,129.51,110.05,50,74,76,57,14.91,0.55,14.75,14.57,1.9
DBRG,92.72,97.18,98.55,99.42,82.64,91.06,50,36,15,21,10.76,0.4,10.53,11.15,0.58
ATMVU,92.69,93.62,100.5,109.97,114.36,93.12,50,57,57,31,11.85,0.61,11.69,11.48,0.0
JAZZ,92.69,96.6,90.77,103.64,121.27,103.21,50,43,68,47,112.87,0.33,108.56,118.32,0.64
LPBBU,92.69,93.53,98.38,110.73,114.96,93.09,50,59,59,31,10.68,1.0,10.55,10.22,0.0
NIO,92.69,92.69,83.63,100.08,106.62,95.4,50,37,41,35,4.39,0.31,3.74,4.39,1.9
CSL,92.65,98.01,98.46,102.9,93.11,118.1,50,42,24,66,409.59,0.58,386.82,389.12,0.72
OKTA,92.65,92.65,102.73,136.39,133.66,93.54,50,83,78,32,95.43,0.43,105.85,93.77,1.13
SIM,92.65,94.71,95.57,108.87,103.86,84.31,50,51,38,14,27.79,0.71,27.29,26.74,0.4
VCICU,92.64,93.35,97.77,111.01,115.39,92.98,50,60,60,31,10.73,1.0,10.47,10.24,0.0
OAKUU,92.63,93.56,97.17,112.06,117.22,94.83,50,62,63,34,11.85,0.81,11.6,11.51,0.0
TCBK,92.63,99.74,98.08,101.03,105.69,113.58,50,39,40,61,42.19,0.51,40.67,41.97,0.85
MSCI,92.63,93.38,98.68,104.51,104.86,104.01,50,45,39,48,577.94,0.62,566.06,575.89,1.19
LIN,92.62,96.3,97.28,109.11,111.56,99.24,50,51,48,41,465.01,0.77,463.4,452.88,1.22
TBMC,92.61,93.63,100.4,113.51,117.85,95.32,50,64,64,35,11.61,0.68,11.74,11.33,0.03
YJ,92.61,93.66,100.88,91.36,101.03,79.49,50,26,34,11,1.94,0.29,1.74,1.79,0.25
DCI,92.59,94.65,95.26,95.71,97.42,98.71,50,31,29,40,70.44,0.63,69.54,69.7,0.63
GIC,92.59,98.16,100.31,96.74,83.16,84.19,50,33,15,14,26.91,0.44,26.99,25.87,0.66
PFG,92.58,94.36,94.57,100.72,108.45,100.74,50,38,44,43,81.06,0.61,78.52,80.15,0.79
ATR,92.57,96.56,97.45,103.56,104.7,108.21,50,43,39,55,156.38,0.55,155.33,155.92,0.7
PPC,92.56,96.31,111.07,158.76,156.33,136.56,50,90,87,80,44.94,0.52,46.62,45.38,0.67
OHI,92.55,94.94,98.55,120.34,120.33,114.08,50,73,67,62,37.94,0.66,36.84,37.18,0.56
BHLB,92.55,98.53,96.09,100.32,110.07,117.87,50,38,46,66,26.42,0.45,25.49,26.9,0.81
CBU,92.53,98.68,99.82,104.32,114.56,126.82,50,44,57,74,58.43,0.41,56.79,59.55,1.35
LPAAU,92.53,93.19,98.56,111.06,115.48,93.29,50,60,60,31,10.55,0.8,10.47,10.23,0.0
IMTE,92.53,92.53,110.68,92.06,139.75,79.35,50,27,81,10,1.38,0.54,1.12,1.26,5.4
SVII,92.52,94.0,98.67,112.4,117.2,93.7,50,62,63,32,11.85,0.97,11.73,11.47,0.0
PAYX,92.51,95.81,106.44,116.64,123.97,105.73,50,68,71,51,143.46,0.6,151.11,144.98,1.12
KIM,92.51,95.09,95.92,106.01,105.86,112.21,50,47,40,60,21.67,0.5,21.03,21.8,0.83
GYRO,92.5,98.67,103.19,110.21,106.36,110.87,50,58,41,58,8.52,0.27,8.54,8.88,0.0
BAYA,92.49,93.97,102.58,114.77,119.06,96.64,50,66,66,37,11.12,0.74,11.06,10.82,0.0
TRP,92.49,97.66,101.07,125.31,126.12,112.13,50,77,73,60,47.77,0.7,48.99,47.68,0.86
EW,92.48,95.74,97.65,109.46,100.44,88.24,49,52,33,18,76.49,0.59,76.46,72.33,1.18
EMCG,92.48,93.35,99.54,114.24,119.14,95.79,49,65,66,36,12.15,1.0,12.07,11.83,0.47
WM,92.48,95.85,104.78,118.05,122.38,100.09,49,70,70,43,227.32,0.7,231.33,221.55,1.18
ALEX,92.47,96.88,99.83,107.65,110.08,100.02,49,49,46,42,17.64,0.55,17.7,17.59,1.33
KVACU,92.43,93.42,98.7,113.68,118.31,109.75,49,64,65,57,11.44,0.29,11.33,11.14,0.0
TIPT,92.42,99.3,114.81,128.17,135.86,110.56,49,79,79,58,21.19,0.53,22.34,21.38,1.25
ROCK,92.42,93.79,93.51,92.95,93.87,90.5,49,28,25,20,63.32,0.43,60.41,62.65,0.77
TGNA,92.4,98.68,99.2,107.97,123.9,116.85,49,50,71,65,16.72,0.63,16.83,17.16,0.87
ATMCU,92.4,93.64,97.78,112.98,117.16,95.08,49,63,63,34,11.99,1.0,11.74,11.6,0.0
AFJK,92.39,93.58,99.82,114.46,119.29,95.7,49,65,66,36,11.15,0.94,11.14,10.86,0.0
ALE,92.38,94.32,96.64,114.92,119.58,99.76,49,66,66,42,65.65,0.86,64.93,64.0,1.24
NMRK,92.38,97.39,97.03,93.25,109.62,145.31,49,28,45,84,12.31,0.39,11.65,13.03,0.84
CIG,92.38,97.4,103.92,111.33,111.85,102.49,49,60,49,46,1.83,0.53,1.89,1.85,0.83
NDSN,92.37,95.57,97.66,92.14,89.26,92.67,49,27,20,30,217.07,0.53,210.55,218.31,1.12
LU,92.37,92.37,104.32,124.38,160.79,150.74,49,76,88,85,2.77,0.3,2.86,2.79,0.58
NETDU,92.36,92.66,99.03,114.02,122.71,94.84,49,65,70,34,11.31,0.79,11.36,11.05,0.0
HKIT,92.35,93.5,93.09,109.59,114.35,113.25,49,52,57,61,1.4,0.4,1.35,1.33,1.25
CGAU,92.35,104.74,109.06,124.06,121.18,111.3,49,76,68,59,7.0,0.67,7.11,6.51,0.75
PLBC,92.34,107.09,106.12,113.25,122.89,120.04,49,64,70,68,42.09,0.48,44.09,43.94,1.13
BCSF,92.34,94.4,92.52,100.52,115.61,106.0,49,38,60,51,15.53,0.47,15.11,15.69,0.89
ONBPP,92.34,94.21,98.97,112.92,115.05,95.68,49,63,59,35,25.1,0.9,25.05,24.57,0.76
GPATU,92.33,93.53,99.54,111.48,116.07,92.94,49,61,61,30,10.66,0.67,10.64,10.39,0.0
IPM,92.32,92.32,91.03,93.84,82.48,63.54,49,29,15,5,2.23,0.16,2.01,2.0,1.44
NETD,92.29,92.79,98.16,112.9,117.07,94.81,49,63,63,34,11.23,0.98,11.08,10.9,1.59
XPEL,92.29,96.18,103.65,99.96,99.79,91.97,49,37,32,22,34.3,0.43,36.69,37.74,0.48
HBANL,92.28,93.7,97.81,111.31,114.72,98.9,49,60,58,40,25.21,0.89,24.77,24.7,0.69
COST,92.28,94.77,104.43,122.95,125.15,111.24,49,75,72,59,950.95,0.55,999.82,963.76,1.01
GPAT,92.26,93.09,98.26,111.5,115.95,93.2,49,61,61,31,10.58,0.97,10.53,10.28,0.0
LEGT,92.25,93.23,98.63,112.78,117.34,93.94,49,63,63,32,10.72,1.0,10.66,10.43,1.71
WSBF,92.24,97.79,98.14,103.3,113.93,112.51,49,43,52,60,13.37,0.39,13.15,13.42,0.82
SIMAU,92.24,92.88,97.91,111.67,115.86,93.48,49,61,61,32,10.5,0.48,10.45,10.23,0.0
SEER,92.24,97.38,112.11,111.45,117.67,128.12,49,61,64,75,2.11,0.54,2.08,2.13,0.35
CPAY,92.2,93.13,97.22,105.66,115.28,121.12,49,46,60,69,332.02,0.53,332.82,345.09,0.89
TXG,92.19,96.44,97.43,74.54,72.41,67.66,49,12,9,6,12.15,0.31,10.48,12.58,0.48
MSIF,92.19,94.91,96.5,109.63,114.01,92.57,49,54,54,26,16.47,0.7,16.06,15.87,0.65
WINA,92.16,96.34,123.75,123.75,102.51,100.68,49,75,36,43,375.33,0.49,404.2,376.32,0.27
USAC,92.16,99.12,102.27,114.93,121.52,102.11,49,66,68,46,24.24,0.5,24.79,24.07,0.46
ONBPO,92.15,93.3,98.66,113.06,114.87,96.51,49,63,59,37,25.05,0.97,24.84,24.45,0.85
BHF,92.15,93.59,114.98,116.5,126.99,100.4,49,68,74,43,50.84,0.45,56.4,53.37,0.86
CTSH,92.14,94.06,100.18,103.81,111.77,99.65,49,43,49,42,75.68,0.4,79.11,78.24,1.45
FITBI,92.14,94.27,99.8,113.13,117.54,96.78,49,64,64,37,25.39,0.97,25.13,24.66,0.4
TTEK,92.13,92.13,93.56,95.43,92.46,118.52,49,31,24,67,38.17,0.46,35.7,37.28,0.79
FORLU,92.13,93.05,97.37,112.82,117.61,94.08,49,63,64,33,11.54,1.0,11.37,11.17,0.0
EBON,92.13,102.4,97.94,69.68,81.53,116.04,49,9,14,64,4.84,0.26,3.85,5.21,0.93
BEDU,92.12,92.12,97.35,108.36,109.75,108.24,49,50,45,55,1.81,0.51,1.73,1.76,0.84
KRNT,92.12,93.55,90.99,108.42,147.51,165.71,49,50,84,89,21.49,0.39,20.84,24.64,0.42
NYT,92.12,99.24,101.85,109.79,105.01,104.39,49,57,39,49,53.3,0.69,55.18,52.54,1.4
BZFD,92.12,93.71,86.14,92.29,148.86,250.77,49,27,85,95,2.28,0.17,2.08,2.49,0.6
LIQT,92.11,93.5,86.2,91.64,86.23,80.95,49,26,17,11,1.85,0.26,1.62,1.73,0.41
AMED,92.09,92.96,101.28,107.43,110.9,89.31,49,49,47,19,97.46,0.93,95.98,93.17,0.62
IROH,92.09,94.85,111.86,112.74,117.46,94.11,49,63,64,33,10.7,0.77,10.28,10.34,0.11
NXDT,92.08,99.05,98.42,85.23,88.07,114.02,49,20,19,62,4.62,0.39,4.02,4.59,0.77
TISI,92.07,106.01,149.48,221.98,217.04,238.22,49,95,94,95,17.37,0.51,19.28,18.1,0.29
EURKU,92.06,93.22,97.04,111.8,116.2,93.26,49,61,61,31,10.71,0.77,10.61,10.42,0.0
SNDA,92.05,102.28,99.14,97.04,113.63,148.05,49,33,51,85,24.71,0.38,24.96,24.11,0.82
CHRW,92.04,94.54,94.58,107.93,112.44,115.14,49,50,50,63,97.48,0.45,95.82,99.68,1.08
EQV,92.04,92.89,98.74,110.45,114.76,92.9,49,58,58,30,10.48,0.78,10.46,10.11,0.03
SMA,92.04,94.88,96.07,109.63,114.01,92.57,49,54,54,26,35.97,0.8,36.3,35.25,0.46
ANSC,92.01,92.8,98.69,112.76,117.4,94.72,48,63,63,34,10.87,1.0,10.79,10.58,3.18
DRDBU,92.01,92.33,97.99,110.51,114.88,92.57,48,59,59,26,10.74,1.0,10.52,10.24,0.0
MSGS,92.0,92.98,96.72,99.39,100.1,108.81,48,36,33,55,208.41,0.54,197.54,207.56,1.02
UMC,92.0,93.42,108.07,111.11,103.59,90.63,48,60,37,20,7.48,0.56,7.76,7.04,0.4
MCBS,91.99,97.44,97.87,106.49,107.57,124.15,48,47,43,72,29.3,0.43,28.5,29.72,1.01
MITK,91.99,96.03,102.5,102.56,94.77,98.12,48,41,26,39,9.44,0.37,9.72,9.37,0.78
BPYPP,91.99,95.94,101.18,106.13,110.46,114.38,48,47,47,63,14.5,0.44,14.64,14.67,0.67
BEKE,91.99,95.3,98.7,146.0,152.28,137.51,48,87,86,81,18.79,0.44,18.68,19.8,0.5
LRMR,91.98,100.15,101.83,65.57,50.42,149.38,48,8,4,85,3.21,0.18,2.64,4.02,0.41
RDACU,91.97,92.29,95.71,110.7,114.45,93.13,48,59,57,31,10.65,1.0,10.31,10.22,0.0
VALE,91.96,96.81,96.81,106.01,105.12,82.56,48,47,39,12,9.77,0.52,9.61,9.49,0.92
MTDR,91.95,97.6,97.52,94.7,100.0,102.25,48,30,33,46,51.34,0.54,47.45,50.95,1.21
EVAX,91.95,91.95,88.39,77.9,33.21,63.05,48,14,2,5,2.63,0.08,2.34,4.82,0.65
ULY,91.95,105.37,128.3,168.83,79.76,52.71,48,92,13,3,6.64,0.2,6.56,6.48,0.34
CZNC,91.95,99.88,99.07,113.93,123.01,99.38,48,65,70,41,19.41,0.51,19.13,19.3,1.05
ATHM,91.95,92.34,91.67,115.21,118.38,104.55,48,66,65,49,27.91,0.56,25.83,27.29,0.76
PFX,91.92,92.53,98.22,120.12,127.3,104.08,48,72,74,48,49.99,0.59,49.43,48.96,0.0
THAR,91.92,97.96,97.96,71.18,59.23,65.48,48,10,5,5,1.69,0.23,1.55,1.81,1.76
JKHY,91.91,92.58,100.21,108.64,112.29,100.68,48,51,50,43,178.64,0.6,179.89,176.21,0.75
SCHL,91.91,92.87,91.03,82.49,76.81,68.37,48,18,11,6,21.32,0.27,19.45,21.03,0.87
TARA,91.9,96.5,98.22,156.21,199.13,290.28,48,89,93,96,3.08,0.29,3.13,3.65,0.35
WRN,91.9,110.84,111.84,116.43,121.16,94.43,48,68,68,33,1.25,0.74,1.22,1.13,0.45
BHP,91.89,94.37,94.37,98.72,96.67,89.7,48,36,28,19,51.84,0.55,49.49,50.28,1.08
FFBC,91.89,99.67,98.87,99.76,108.6,116.75,48,37,44,65,24.86,0.39,24.37,25.48,1.04
ACI,91.89,101.21,106.39,126.8,125.16,98.12,48,78,72,39,20.47,0.56,21.71,20.34,1.37
BWBBP,91.88,94.07,97.26,109.44,118.76,103.28,48,52,65,47,18.96,0.68,18.7,18.72,0.56
ACA,91.88,95.3,97.73,98.46,106.13,114.77,48,35,40,63,90.0,0.48,87.83,91.82,2.12
PEG,91.87,91.87,98.25,112.28,114.86,120.43,48,62,58,69,84.31,0.61,80.61,83.05,1.0
ACT,91.85,96.22,106.63,117.22,118.37,104.95,48,69,65,50,34.85,0.58,35.84,34.35,0.61
AACT,91.85,92.94,98.49,113.41,117.87,95.15,48,64,64,34,11.36,0.79,11.33,11.09,0.19
TRGP,91.78,96.96,99.79,118.96,158.97,163.26,48,71,88,88,171.11,0.51,167.05,179.74,0.8
ARIS,91.78,101.66,114.57,145.89,201.28,211.15,48,87,93,93,22.13,0.42,23.55,24.5,0.68
BKR,91.77,96.82,97.8,108.56,128.39,124.53,48,50,75,72,39.72,0.46,38.23,40.43,1.66
WVVI,91.75,111.04,128.44,157.31,181.02,104.94,48,90,91,50,4.76,0.51,5.61,4.92,0.52
SLG,91.74,102.56,101.48,104.55,106.95,149.24,48,45,42,85,60.19,0.41,60.51,63.38,1.43
FGBIP,91.73,92.01,92.57,108.67,115.4,107.38,48,51,60,53,19.1,0.37,18.89,19.48,0.0
COLB,91.71,100.57,101.44,104.17,114.96,134.02,48,44,59,79,24.35,0.38,23.84,25.5,0.93
NVNI,91.69,95.93,82.33,81.44,491.87,608.41,48,17,98,98,0.35,0.02,0.36,1.17,0.18
TAK,91.68,97.34,100.68,123.09,121.13,89.99,48,75,68,20,14.43,0.6,14.8,14.22,1.54
CPT,91.68,92.85,95.03,112.46,113.85,107.3,48,62,51,53,113.93,0.46,114.97,115.44,0.7
VABK,91.66,98.22,98.85,114.28,121.35,118.32,48,65,68,67,36.77,0.38,37.35,37.38,1.35
POLEU,91.65,92.29,98.68,110.77,115.05,92.86,48,59,59,30,10.52,1.0,10.46,10.19,0.0
BFIN,91.65,95.14,94.69,114.3,121.62,118.58,48,65,69,67,11.81,0.39,11.79,12.22,0.62
DRH,91.62,94.61,94.82,93.29,94.74,99.14,48,28,26,41,7.94,0.54,7.69,8.12,1.04
GBLI,91.62,92.3,94.71,99.75,115.29,108.81,48,37,60,55,31.71,0.52,30.75,32.81,0.0
DEI,91.62,100.33,97.83,95.51,108.37,127.82,48,31,44,75,15.45,0.38,14.82,16.26,0.65
SPMC,91.62,92.29,91.59,106.54,108.77,97.4,48,47,44,38,18.18,0.44,17.77,18.36,0.49
AMRX,91.61,99.6,99.36,105.82,124.32,134.0,48,46,71,79,7.97,0.5,7.78,8.11,0.71
HYAC,91.61,92.26,98.59,112.78,118.23,95.03,48,63,65,34,11.14,0.98,11.07,10.88,10.06
DHT,91.61,97.38,109.34,112.54,114.13,97.23,48,62,57,38,10.86,0.62,11.36,10.59,0.69
RANGU,91.59,92.62,97.18,110.05,114.66,92.57,48,57,58,26,10.7,1.0,10.52,10.3,0.0
WABC,91.58,99.51,97.6,100.83,105.62,106.0,48,39,40,51,50.14,0.48,49.13,50.22,0.84
DYCQ,91.56,93.97,98.79,114.03,116.91,94.18,48,65,63,33,10.8,0.75,10.81,10.59,2.93
HIFS,91.56,113.65,115.86,118.45,120.75,134.59,48,71,68,79,243.71,0.37,251.05,253.18,0.23
LAD,91.54,106.97,108.14,106.16,113.86,122.77,48,47,51,71,307.75,0.41,326.83,333.65,1.45
MCD,91.54,95.0,96.1,123.48,124.17,102.08,48,75,71,45,297.07,0.7,302.87,298.85,0.99
CCSI,91.51,96.9,102.27,110.52,149.5,125.13,48,59,85,73,21.06,0.23,22.48,23.47,0.87
MACI,91.5,92.21,98.52,111.74,115.3,93.09,47,61,60,31,10.53,0.98,10.44,10.21,0.0
BC,91.49,93.2,95.85,82.08,78.96,94.41,47,17,12,33,59.67,0.42,54.91,63.09,0.74
ALCYU,91.49,92.09,97.73,114.99,120.63,97.53,47,66,67,38,11.41,0.48,11.45,11.24,0.0
KRNY,91.48,99.61,101.78,101.25,104.6,118.54,47,39,38,67,6.49,0.35,6.34,6.69,0.7
WEYS,91.48,96.59,103.0,104.43,108.48,119.99,47,44,44,68,31.48,0.41,32.09,32.6,0.78
ESHA,91.48,92.88,97.9,116.11,115.34,102.06,47,68,60,45,11.1,0.45,10.99,10.86,0.0
HSIC,91.46,97.63,99.87,99.05,104.96,95.11,47,36,39,34,69.1,0.33,71.54,71.55,0.71
HBANP,91.46,93.2,93.71,104.63,104.8,104.45,47,45,39,49,17.73,0.45,17.26,17.67,0.47
ATLO,91.44,96.37,96.79,103.35,109.22,86.23,47,43,45,16,18.0,0.46,17.7,17.3,0.99
LGO,91.44,91.44,77.22,97.71,105.85,115.37,47,34,40,64,1.78,0.4,1.35,1.73,4.81
SPNS,91.43,92.31,94.44,96.76,94.1,109.41,47,33,26,56,30.05,0.39,28.95,28.59,1.35
RGNX,91.42,106.1,108.84,119.03,79.01,67.41,47,71,13,6,8.16,0.31,8.86,8.44,0.71
SPKL,91.41,92.17,98.22,112.76,117.15,95.15,47,63,63,34,10.93,0.72,10.89,10.72,0.13
CKX,91.41,91.96,88.29,92.81,98.8,88.14,47,28,31,18,12.39,0.58,10.99,11.82,0.2
TMUS,91.41,94.5,100.76,142.41,147.23,124.06,47,86,84,72,227.21,0.55,235.78,237.24,0.84
GIGGU,91.4,92.3,97.51,111.38,115.97,92.94,47,61,61,30,10.54,0.51,10.42,10.19,0.0
FE,91.4,92.97,98.09,117.25,115.26,102.2,47,69,59,46,40.78,0.57,40.91,40.39,0.6
OOMA,91.39,94.61,100.68,123.85,140.89,137.11,47,75,82,81,12.23,0.52,12.93,13.34,1.48
RFAI,91.39,92.4,97.34,111.55,116.21,93.38,47,61,61,31,10.55,0.98,10.51,10.33,0.01
HKPD,91.39,100.78,101.48,123.3,114.01,92.57,47,75,54,26,1.37,0.25,1.35,1.46,0.02
FITBP,91.38,93.98,97.78,110.79,114.24,96.38,47,59,57,36,24.07,0.81,24.07,23.98,0.76
BBAR,91.38,98.38,118.42,196.16,281.24,290.23,47,94,96,96,15.08,0.46,18.22,17.95,0.79
SVIIU,91.38,92.78,99.25,112.61,118.46,95.4,47,62,65,35,11.8,1.0,11.76,11.52,0.0
HLIO,91.38,92.58,90.57,75.77,89.41,109.67,47,13,21,57,36.28,0.35,32.84,39.6,0.87
IBAC,91.35,92.24,98.31,112.04,116.18,93.42,47,62,61,31,10.46,0.96,10.44,10.25,0.1
GSK,91.34,98.27,97.84,111.15,111.48,86.43,47,60,48,16,36.31,0.43,38.83,36.45,1.16
TNYA,91.33,91.33,75.5,64.28,40.82,120.76,47,7,2,69,0.88,0.14,0.57,1.23,1.63
REG,91.31,93.45,99.35,118.18,116.65,103.95,47,70,62,48,69.87,0.56,70.91,71.12,0.9
OVV,91.31,98.59,96.29,96.77,106.18,95.49,47,33,41,35,40.05,0.57,38.51,39.8,0.73
VINP,91.3,91.3,91.52,103.73,105.55,93.66,47,43,40,32,9.9,0.56,9.64,9.72,0.98
RFAIU,91.3,92.25,99.06,110.68,114.64,93.17,47,59,58,31,10.58,0.97,10.53,10.38,0.0
FIZZ,91.29,92.83,97.2,106.98,104.59,95.37,47,48,38,35,46.32,0.58,44.75,44.14,1.02
OACCU,91.29,92.24,97.73,110.15,114.5,92.57,47,58,57,26,10.75,0.76,10.62,10.31,0.0
OGS,91.29,96.04,102.0,123.58,125.47,111.84,47,75,72,59,73.45,0.57,73.7,72.43,0.65
EURK,91.27,92.25,97.65,111.07,115.29,92.92,47,60,60,30,10.59,0.9,10.44,10.25,0.05
EBR,91.25,94.26,103.32,124.1,119.74,81.86,47,76,66,12,6.97,0.65,7.36,6.74,1.49
DYCQU,91.25,92.11,97.85,111.96,116.61,93.63,47,61,62,32,10.82,0.85,10.78,10.63,0.0
INNV,91.24,104.86,104.65,100.1,74.82,99.85,47,38,10,42,3.93,0.35,3.98,4.08,1.22
STE,91.23,94.05,102.74,112.86,111.72,89.16,47,63,49,19,225.58,0.47,238.02,224.23,2.66
EMCGU,91.23,92.25,98.23,113.78,120.02,94.34,47,64,67,33,12.11,0.75,12.11,11.94,
GRAF,91.22,91.97,98.22,110.63,115.17,92.9,47,59,59,30,10.47,0.94,10.43,10.2,5.01
MTCH,91.22,93.42,96.07,94.68,97.65,99.07,47,30,30,41,32.45,0.5,30.64,31.97,0.59
WTW,91.21,94.05,95.68,120.67,122.76,108.97,47,73,70,56,308.28,0.61,305.75,311.8,1.1
ALF,91.19,92.22,98.35,110.87,115.25,93.01,47,59,59,31,10.52,0.82,10.51,10.24,0.25
TLK,91.18,91.74,95.35,101.12,91.31,82.07,47,39,22,12,16.94,0.48,16.69,16.44,0.84
CLNE,91.16,98.43,99.82,82.2,116.93,101.74,47,17,63,45,2.03,0.32,1.93,2.35,0.64
FSBW,91.14,100.82,101.63,109.29,111.78,119.54,47,52,49,68,40.97,0.43,39.81,40.59,0.95
NNN,91.14,97.67,98.52,109.25,109.81,103.66,47,52,46,48,42.75,0.56,42.29,41.58,0.73
BACQU,91.14,92.1,98.63,110.05,114.72,92.57,47,57,58,26,10.59,0.82,10.56,10.24,0.0
GEHC,91.13,91.14,92.97,84.98,103.17,101.85,47,20,37,45,75.96,0.49,72.83,79.89,0.9
SYNA,91.13,95.61,100.02,86.12,93.22,89.25,47,21,24,19,66.22,0.45,64.08,69.0,0.97
XPOF,91.11,91.55,87.63,77.18,130.91,118.95,47,14,77,67,11.01,0.34,8.94,11.85,0.91
MAA,91.11,91.57,92.79,120.71,122.05,105.7,47,73,69,51,150.77,0.49,151.65,153.19,0.75
LTC,91.09,95.41,98.41,116.02,117.47,103.29,47,68,64,47,35.02,0.5,35.1,34.78,1.18
FLUX,91.09,95.45,111.31,92.89,88.24,70.0,47,28,19,7,1.98,0.27,1.74,1.9,0.74
PLXS,91.08,96.09,99.71,102.99,132.98,135.43,47,42,78,80,134.79,0.4,133.19,140.38,1.33
MNR,91.07,94.87,100.34,99.92,98.76,98.41,47,37,31,39,14.7,0.47,14.06,14.29,0.64
BUR,91.06,100.88,103.68,108.72,108.8,91.34,46,51,44,22,14.03,0.67,13.22,13.54,0.92
RIBBU,91.05,91.05,96.7,110.77,114.01,92.57,46,59,54,26,10.6,0.76,10.41,10.27,0.0
DYNXU,91.05,91.31,97.64,110.39,114.6,92.57,46,58,58,26,10.44,1.0,10.28,10.09,0.0
HSY,91.05,91.05,94.09,108.2,105.3,85.73,46,50,39,15,171.29,0.52,165.46,167.5,1.32
GIG,91.04,91.85,98.17,110.47,115.11,92.87,46,59,59,30,10.38,0.92,10.33,10.11,12.3
GLSI,91.02,97.1,83.44,80.21,95.43,106.81,46,16,27,52,11.59,0.36,9.77,11.63,3.03
CUB,91.0,91.99,98.48,110.85,115.34,92.94,46,59,60,30,10.48,0.88,10.47,10.22,0.11
TAVIU,90.99,91.62,97.75,110.16,114.69,92.57,46,58,58,26,10.54,0.81,10.44,10.24,0.0
BEAG,90.99,92.02,98.11,110.65,115.09,92.57,46,59,59,26,10.46,0.81,10.45,10.18,1.74
FR,90.99,93.34,92.73,98.1,110.43,98.55,46,35,47,40,49.99,0.51,49.09,50.95,1.52
BRX,90.98,95.04,98.07,113.63,111.79,113.4,46,64,49,61,25.55,0.42,25.42,26.18,0.95
GRC,90.98,94.65,96.04,103.51,99.69,106.05,46,43,32,51,37.22,0.52,37.18,37.59,1.02
PRSO,90.97,96.61,120.97,143.88,82.36,88.05,46,86,14,17,0.99,0.29,1.05,1.03,2.12
ALDF,90.97,91.77,98.22,110.25,114.95,92.57,46,58,59,26,10.46,0.88,10.45,10.17,0.12
LAR,90.97,93.87,87.84,72.7,74.46,88.87,46,11,10,19,2.73,0.49,2.09,2.59,1.12
OTIS,90.95,93.76,94.28,110.08,113.81,100.29,46,57,51,43,99.44,0.64,97.32,97.75,0.91
SIMA,90.94,91.92,97.72,110.97,115.17,92.9,46,60,59,30,10.43,0.94,10.39,10.16,0.89
AFJKU,90.94,91.86,97.63,115.56,118.88,95.46,46,67,65,35,11.25,0.75,11.25,11.1,
BOW,90.94,95.04,108.03,134.44,138.1,106.43,46,82,81,52,33.65,0.46,36.52,34.97,1.04
KMPR,90.93,92.56,97.54,101.11,112.16,115.56,46,39,49,64,61.73,0.42,63.19,64.1,0.8
BEAGU,90.91,91.82,98.27,110.5,114.32,92.57,46,59,57,26,10.69,0.67,10.75,10.35,0.16
FSV,90.91,95.19,98.71,109.38,108.2,104.9,46,52,43,50,178.12,0.52,175.71,177.99,1.57
ED,90.9,94.59,98.23,130.15,135.04,101.77,46,80,79,45,101.08,0.56,102.04,99.59,0.66
TJX,90.9,93.93,101.96,121.92,123.0,106.4,46,74,70,52,122.17,0.55,126.35,122.04,0.64
HXL,90.89,92.12,93.54,88.7,96.41,96.49,46,24,28,37,60.48,0.57,55.45,58.78,0.76
RWT,90.88,95.02,93.84,101.63,100.26,102.45,46,40,33,46,6.03,0.51,5.67,6.06,0.88
BRIA,90.88,94.86,93.44,95.82,95.18,92.57,46,31,27,26,2.35,0.21,2.48,2.89,0.19
DBX,90.87,92.41,107.94,112.33,113.88,110.29,46,62,51,58,27.06,0.48,28.45,28.23,0.59
CCIXU,90.86,92.13,111.62,114.36,117.81,95.13,46,65,64,34,10.72,0.27,11.15,10.71,3.23
PPG,90.83,93.33,96.07,93.63,89.85,86.77,46,29,21,16,114.53,0.57,112.88,115.37,2.93
FRO,90.83,98.84,104.31,108.13,95.1,85.86,46,50,26,15,18.33,0.46,18.02,17.26,0.73
MBUU,90.82,98.85,100.87,87.48,89.15,103.24,46,22,20,47,32.91,0.38,32.1,35.35,0.8
SAMG,90.82,93.39,93.84,100.19,108.75,106.96,46,38,44,53,16.48,0.56,15.22,16.49,0.4
TMHC,90.82,98.54,98.54,99.21,109.16,114.27,46,36,45,62,62.65,0.42,59.95,63.02,0.91
LPAA,90.81,91.74,97.99,110.77,115.3,92.9,46,59,60,30,10.41,0.88,10.4,10.17,0.0
VACH,90.77,91.71,96.74,110.51,115.16,92.98,46,59,59,31,10.4,0.98,10.36,10.16,0.17
NOEMU,90.77,91.96,97.09,110.2,114.87,92.57,46,58,59,26,10.62,1.0,10.4,10.24,0.0
PRI,90.76,92.9,96.19,105.37,113.79,111.72,46,46,51,59,267.39,0.47,268.26,275.65,0.62
OACC,90.74,91.4,98.17,110.07,114.83,92.57,46,57,58,26,10.43,0.75,10.48,10.22,0.19
AAM,90.74,91.51,97.49,110.83,115.28,92.94,46,59,60,30,10.45,1.0,10.39,10.21,14.15
MBINM,90.73,91.92,97.0,111.26,116.69,98.57,46,60,62,40,25.13,0.89,24.87,24.81,0.19
WEST,90.72,90.72,86.98,99.56,95.79,79.66,46,37,27,11,6.53,0.22,6.62,6.6,1.13
LPBB,90.72,91.63,97.99,110.38,114.74,92.57,46,58,58,26,10.43,0.86,10.4,10.15,0.21
MSDL,90.71,92.04,93.37,103.67,106.43,96.09,46,43,41,36,19.7,0.68,19.02,19.15,1.07
IMDX,90.7,92.09,140.83,143.5,155.89,95.47,46,86,87,35,2.86,0.39,3.02,2.82,0.29
CION,90.7,92.31,89.42,95.88,112.21,98.34,46,32,49,39,10.07,0.52,9.41,10.2,2.14
SEE,90.69,94.78,97.46,94.22,91.47,96.04,46,29,22,36,31.19,0.56,31.65,32.36,1.07
MTN,90.68,94.56,97.52,96.33,90.63,93.61,46,32,22,32,159.24,0.51,154.35,160.44,0.74
EBC,90.68,96.33,94.37,103.98,114.9,119.41,46,44,59,68,16.01,0.4,15.22,16.37,0.94
BXP,90.68,99.36,98.97,103.45,101.54,123.95,46,43,35,72,68.95,0.43,68.19,70.58,0.85
NREF,90.67,95.32,94.47,111.09,115.97,109.09,46,60,61,56,13.9,0.46,14.18,14.43,0.88
BACQ,90.66,91.44,97.81,110.34,114.7,92.57,46,58,58,26,10.33,0.91,10.27,10.05,0.01
DYNX,90.66,91.43,97.42,110.36,114.66,92.57,46,58,58,26,10.25,1.0,10.13,9.96,0.67
NECB,90.65,100.56,101.67,110.51,118.53,150.13,46,59,65,85,23.12,0.32,23.03,24.24,1.04
SUNS,90.65,97.53,93.44,95.16,92.32,99.09,46,31,23,41,10.46,0.39,10.6,11.57,0.9
AACBU,90.64,91.33,97.09,109.63,114.01,92.57,46,54,54,26,10.6,1.0,10.34,10.19,0.0
UE,90.63,93.0,93.12,104.0,102.65,115.1,46,44,36,63,19.27,0.46,18.5,19.77,1.09
OPTX,90.6,90.6,86.17,122.11,100.07,155.71,45,74,33,87,1.59,0.27,1.45,1.55,5.51
AFBI,90.6,92.93,93.75,112.81,116.81,107.55,45,63,62,54,18.65,0.54,18.42,18.5,2.37
LOKVU,90.59,92.35,99.33,109.63,114.01,92.57,45,54,54,26,10.6,0.34,10.85,10.48,0.0
SGU,90.59,93.3,96.25,124.4,137.35,101.73,45,76,80,45,11.75,0.56,11.96,11.94,0.62
PSBD,90.58,92.98,95.76,94.02,99.94,94.09,45,29,32,33,14.08,0.7,13.63,14.07,0.7
TBH,90.57,95.09,90.18,109.63,114.01,92.57,45,54,54,26,0.73,0.03,0.68,1.57,0.09
O,90.57,97.53,101.35,116.7,116.16,104.26,45,69,61,49,56.47,0.54,56.46,55.55,0.74
UAA,90.57,95.52,95.74,89.69,99.74,125.32,45,24,32,73,6.86,0.31,6.69,7.59,0.48
FMX,90.56,95.15,101.34,119.35,118.07,75.79,45,72,64,9,99.37,0.58,103.66,94.43,0.72
YTRA,90.56,97.1,97.1,86.77,72.8,98.73,45,22,10,40,0.95,0.32,0.91,1.1,0.06
YHNAU,90.54,91.51,96.73,110.8,115.32,93.12,45,59,60,31,10.45,0.47,10.42,10.25,0.0
MACIU,90.54,92.6,98.12,113.98,117.43,92.75,45,65,63,30,10.49,0.48,10.45,10.3,0.0
SKT,90.53,95.14,94.64,112.91,115.57,117.39,45,63,60,66,31.54,0.52,30.51,32.57,0.97
FVNNU,90.52,91.43,108.03,109.22,113.58,94.4,45,52,51,33,10.52,0.23,10.46,10.32,0.0
WTBA,90.52,100.22,101.1,108.82,115.28,120.55,45,51,60,69,19.62,0.39,19.69,20.53,0.87
IHT,90.51,96.26,104.82,138.67,152.32,149.67,45,84,86,85,2.19,0.61,2.32,2.3,0.65
HOFT,90.5,92.47,92.47,80.21,76.64,96.35,45,16,11,36,10.55,0.29,10.25,12.5,0.55
SCSC,90.5,95.66,98.49,94.08,103.5,106.85,45,29,37,52,40.53,0.46,41.01,42.41,1.08
DFH,90.49,103.93,103.93,90.18,89.79,104.19,45,25,21,48,25.48,0.29,23.84,25.69,1.48
USEA,90.47,93.2,93.2,81.35,89.16,89.71,45,17,20,20,1.59,0.34,1.4,1.69,0.15
MAYAU,90.47,90.9,96.67,109.63,114.01,92.57,45,54,54,26,10.66,1.0,10.53,10.33,0.83
TTAN,90.45,95.15,100.29,118.39,115.78,92.57,45,71,60,26,114.09,0.68,112.66,105.0,0.63
HVIIU,90.45,91.4,97.36,110.03,114.01,92.57,45,57,54,26,10.54,0.97,10.42,10.21,0.0
SILA,90.45,93.2,96.55,117.59,121.78,93.5,45,70,69,32,24.55,0.65,24.42,24.48,0.98
FORL,90.45,93.44,99.22,112.28,117.85,94.65,45,62,64,33,11.35,0.54,11.46,11.24,0.0
AROW,90.44,97.46,95.91,99.94,108.03,117.47,45,37,43,66,26.75,0.33,26.3,27.21,0.78
CCIR,90.44,91.87,92.78,113.73,118.5,92.57,45,64,65,26,11.17,0.4,11.49,11.11,2.09
OLED,90.43,93.72,94.28,94.17,91.33,102.38,45,29,22,46,151.22,0.37,152.23,155.56,0.54
TDACU,90.43,91.1,96.22,110.11,114.73,92.57,45,58,58,26,10.43,1.0,10.32,10.19,0.0
AON,90.43,92.91,96.23,117.41,125.15,107.17,45,69,72,53,356.11,0.53,358.17,369.76,0.87
GHG,90.43,91.85,87.27,89.92,106.91,88.35,45,25,42,18,2.47,0.4,2.12,2.5,0.57
ASPCU,90.42,90.42,96.69,110.2,114.68,92.57,45,58,58,26,10.5,1.0,10.3,10.18,1.61
GDEN,90.42,104.71,102.43,92.99,96.64,93.8,45,28,28,32,28.54,0.46,28.77,29.53,0.89
TTE,90.42,93.94,97.65,102.13,111.05,84.72,45,41,47,14,61.7,0.62,60.64,59.55,0.63
EXLS,90.41,95.45,107.9,127.29,132.04,128.31,45,78,77,75,42.54,0.52,45.48,45.48,0.71
HLXB,90.41,90.83,97.86,113.07,115.22,95.83,45,63,59,36,10.75,0.46,10.77,10.68,2.03
NTWOU,90.4,91.36,97.25,110.47,114.78,92.57,45,59,58,26,10.4,1.0,10.32,10.14,0.0
UA,90.4,94.57,95.22,89.29,94.12,116.24,45,24,26,64,6.46,0.33,6.32,7.01,0.54
ANSCU,90.39,91.1,97.15,112.69,117.15,94.94,45,63,63,34,10.77,0.38,10.76,10.66,0.0
EQBK,90.39,106.54,103.58,102.68,109.06,127.98,45,42,45,75,39.83,0.36,40.29,41.5,1.17
DTSQ,90.39,91.48,97.9,111.03,115.16,92.96,45,60,59,31,10.4,0.86,10.38,10.19,0.0
ECPG,90.38,92.45,100.04,93.94,98.08,96.07,45,29,30,36,38.72,0.48,39.09,42.32,1.2
CDP,90.38,94.9,100.21,105.84,106.63,114.2,45,46,41,62,27.85,0.45,27.59,28.4,0.67
CLMB,90.37,104.01,114.25,126.76,167.19,190.48,45,78,89,92,100.88,0.51,106.68,115.1,0.63
ABLV,90.36,99.75,109.79,136.22,152.91,79.8,45,83,87,11,1.06,0.41,1.1,0.98,0.39
DTSQU,90.35,91.11,96.95,110.52,114.95,93.05,45,59,59,31,10.45,1.0,10.41,10.26,0.0
BBWI,90.34,92.15,97.69,94.6,105.13,99.12,45,30,39,41,31.78,0.42,30.11,32.32,0.75
HR,90.34,92.0,92.0,109.04,115.46,106.72,45,51,60,52,16.18,0.55,15.15,15.99,1.12
HDL,90.33,90.33,88.84,118.13,135.07,134.37,45,70,79,79,19.7,0.37,20.2,21.49,1.34
ELA,90.33,96.51,103.13,128.5,137.17,140.7,45,79,80,82,5.81,0.4,6.07,6.28,1.0
IMTX,90.33,90.33,91.39,90.59,59.87,78.22,45,25,6,10,6.0,0.27,5.5,6.29,0.28
SFNC,90.32,95.36,93.69,94.33,106.48,123.64,45,29,41,71,20.06,0.38,19.15,20.84,1.79
GCMG,90.3,92.27,95.17,118.47,129.62,120.97,45,71,76,69,11.81,0.44,12.06,12.3,0.66
WLACU,90.3,91.07,96.43,110.16,114.91,92.57,45,58,59,26,10.4,1.0,10.28,10.12,0.0
PCRX,90.3,103.82,111.32,134.25,150.91,95.41,45,82,86,35,21.59,0.64,24.58,22.18,0.88
KAI,90.29,91.89,94.51,97.26,112.0,122.96,45,33,49,71,333.7,0.35,318.55,344.35,0.87
FSHP,90.28,91.4,97.16,111.09,115.42,93.05,45,60,60,31,10.46,0.96,10.44,10.26,0.0
WTM,90.27,92.43,91.79,104.17,108.38,104.81,44,44,44,49,1816.2,0.42,1789.95,1845.28,1.18
FSHPU,90.27,92.47,100.93,111.5,116.06,94.78,44,61,61,34,10.5,0.49,10.74,10.5,0.0
TOL,90.27,97.47,97.47,85.15,100.2,131.05,44,20,33,77,116.9,0.35,110.16,123.58,0.49
NTWO,90.27,91.32,96.37,110.27,114.6,92.57,44,58,58,26,10.3,0.93,10.24,10.1,6.19
CAPL,90.26,90.99,97.64,123.38,126.34,100.66,44,75,73,43,21.22,0.52,21.69,21.46,1.5
FACT,90.25,91.36,96.34,110.53,114.65,92.57,44,59,58,26,10.27,0.93,10.22,10.07,3.93
CHAR,90.23,90.87,96.75,110.12,114.81,92.57,44,58,58,26,10.35,1.0,10.24,10.09,0.0
POLE,90.23,91.12,97.15,110.42,114.69,92.57,44,58,58,26,10.4,0.99,10.34,10.14,0.18
SOHO,90.22,99.17,106.07,101.64,73.68,93.93,44,40,10,32,0.9,0.33,0.86,0.91,0.26
RUSHB,90.22,99.15,101.64,127.75,127.72,112.78,44,79,74,61,52.46,0.58,53.22,53.74,0.57
WAFDP,90.22,90.62,92.32,107.87,113.2,114.16,44,49,51,62,16.24,0.41,15.73,16.35,0.54
UL,90.21,95.11,101.31,128.57,125.88,106.66,44,79,73,52,59.7,0.53,62.02,59.31,0.69
NBTB,90.21,97.26,95.7,103.37,108.94,117.68,44,43,44,66,43.11,0.36,42.32,44.49,0.87
PLMKU,90.2,90.57,96.29,110.07,114.01,92.57,44,57,54,26,10.36,0.35,10.33,10.19,0.0
AMH,90.2,90.84,95.5,113.36,112.51,97.73,44,64,50,39,36.15,0.47,36.71,36.17,1.28
AVIR,90.19,110.07,107.84,93.34,93.4,93.81,44,28,25,32,3.36,0.55,3.21,3.18,0.83
VCIC,90.19,91.23,96.84,110.31,114.55,92.57,44,58,57,26,10.42,1.0,10.35,10.16,0.01
HBANM,90.19,91.08,94.03,110.58,110.18,105.1,44,59,46,50,22.34,0.36,22.1,22.44,1.65
OTEX,90.19,91.83,98.62,98.15,90.4,86.39,44,35,21,16,28.46,0.55,28.31,28.11,0.34
RANG,90.18,90.49,96.11,110.08,114.01,92.57,44,57,54,26,10.26,0.64,10.22,10.09,0.08
PCH,90.17,93.07,92.74,101.51,112.38,90.36,44,40,50,20,40.2,0.36,39.18,41.0,0.81
CLPR,90.16,90.67,93.88,97.99,102.48,141.9,44,35,36,82,4.07,0.23,3.86,4.34,2.93
TKLF,90.12,112.7,110.71,116.69,124.49,114.64,44,68,71,63,3.9,0.28,3.83,3.78,0.07
WLAC,90.11,91.03,96.07,110.17,114.75,92.57,44,58,58,26,10.23,0.95,10.17,10.05,0.01
KRG,90.11,93.23,95.04,103.09,101.95,108.53,44,42,35,55,22.44,0.44,22.25,23.1,0.75
GPC,90.08,93.55,94.06,97.5,101.34,87.86,44,34,34,17,122.91,0.48,123.4,120.5,1.28
WASH,90.07,97.91,97.38,99.32,112.12,131.01,44,36,49,77,29.08,0.29,27.98,30.15,0.67
CVS,90.07,98.95,112.54,124.7,142.3,86.53,44,76,83,16,61.96,0.72,64.83,60.07,1.07
FSP,90.06,100.1,95.5,100.61,106.39,97.42,44,38,41,38,1.63,0.29,1.72,1.76,0.5
PBHC,90.05,91.86,93.43,113.55,124.66,118.06,44,64,71,66,15.25,0.35,15.01,16.11,0.07
COFS,90.05,97.22,96.38,99.86,114.99,123.03,44,37,59,71,29.21,0.38,29.22,30.93,0.57
WSC,90.04,90.04,90.61,80.7,91.51,88.86,44,16,22,18,30.4,0.39,28.2,32.21,1.16
EBS,90.04,101.52,106.79,97.26,282.3,319.37,44,33,96,97,6.93,0.25,6.51,7.69,0.51
CCIX,90.03,91.23,96.37,113.7,118.37,95.24,44,64,65,35,10.53,0.36,10.81,10.51,0.08
HVT,90.01,96.17,96.86,86.5,87.79,77.34,44,21,19,9,20.72,0.34,20.55,21.23,0.57
GSHRU,90.01,90.99,95.42,109.63,114.01,92.57,44,54,54,26,10.38,1.0,10.21,10.14,0.0
ATIIU,90.01,90.91,96.75,109.63,114.01,92.57,44,54,54,26,10.41,0.59,10.32,10.19,0.0
SNDR,90.01,97.37,97.5,93.67,106.43,120.64,44,29,41,69,25.07,0.33,24.32,26.48,1.57
FGMCU,90.0,90.82,96.81,109.63,114.01,92.57,44,54,54,26,10.06,0.83,10.01,9.88,0.24
FVN,89.98,91.03,97.0,110.2,114.73,92.57,44,58,58,26,10.4,0.96,10.34,10.17,0.0
TAVI,89.97,91.04,96.19,110.21,114.65,92.57,44,58,58,26,10.24,0.9,10.21,10.08,0.07
SQM,89.97,90.12,92.75,93.32,110.58,86.84,44,28,47,16,38.68,0.56,34.5,37.8,1.7
VTMX,89.96,91.58,101.47,108.09,94.94,76.19,44,50,26,9,25.9,0.44,27.71,25.75,0.57
FERAU,89.96,90.9,96.98,109.63,114.01,92.57,44,54,54,26,10.4,0.8,10.34,10.2,0.22
GDEV,89.96,95.38,102.19,121.33,86.48,142.1,44,73,18,82,15.88,0.26,16.56,17.2,0.09
GRBK,89.95,101.51,101.51,97.94,107.02,131.03,44,34,42,77,63.55,0.33,61.85,63.48,0.78
MBINL,89.95,90.44,92.55,106.78,111.6,92.57,44,48,48,26,23.76,0.53,23.13,23.85,0.65
CAPNU,89.95,90.59,96.5,112.31,116.81,92.86,44,62,62,30,10.45,0.34,10.72,10.33,0.0
CPRX,89.93,99.33,108.69,128.26,139.61,131.18,44,79,81,77,21.03,0.51,23.24,22.43,0.94
AMGN,89.91,91.9,92.24,105.39,117.66,93.27,44,46,64,31,294.76,0.54,284.68,288.67,0.73
PR,89.91,97.68,101.19,101.74,98.36,100.66,44,40,31,43,13.45,0.57,13.57,13.65,1.09
FDBC,89.91,94.41,100.77,91.57,101.38,108.92,44,26,34,56,43.78,0.33,42.65,45.36,1.23
FGMC,89.9,90.64,96.7,109.63,114.01,92.57,44,54,54,26,9.9,1.0,9.81,9.69,0.05
LPL,89.89,93.7,97.07,96.32,93.2,78.08,44,32,24,10,3.36,0.4,3.3,3.31,1.07
NE,89.89,98.68,103.51,96.46,78.25,78.73,44,32,12,10,27.0,0.34,26.57,27.73,0.8
UNIT,89.88,96.79,92.64,102.29,118.5,125.13,44,41,65,73,4.79,0.49,4.39,5.15,1.27
MLACU,89.85,90.99,96.9,110.73,114.64,92.57,44,59,58,26,10.4,0.89,10.38,10.23,0.0
ENSG,89.85,98.21,110.8,110.94,109.38,112.47,44,60,45,60,136.8,0.46,147.54,139.72,0.74
ASPC,89.85,90.67,95.97,110.29,114.6,92.57,44,58,58,26,10.26,0.97,10.21,10.11,0.07
EXAS,89.83,96.26,101.73,109.8,84.72,110.71,43,57,16,58,50.46,0.32,54.26,54.66,0.75
NHICU,89.82,90.69,97.02,109.63,114.01,92.57,43,54,54,26,10.32,0.62,10.26,10.16,0.0
HVII,89.8,90.74,96.63,109.63,114.01,92.57,43,54,54,26,10.16,0.95,10.1,9.97,0.0
RIO,89.8,92.7,92.7,105.51,106.15,90.34,43,46,40,20,60.54,0.5,59.53,60.23,0.81
PSNY,89.79,93.52,103.68,113.46,109.18,108.17,43,64,45,54,1.09,0.38,1.09,1.13,0.93
YHNA,89.79,90.65,96.61,110.29,114.64,92.57,43,58,58,26,10.36,1.0,10.33,10.18,0.0
TACHU,89.79,90.4,95.42,109.63,114.01,92.57,43,54,54,26,10.26,0.6,10.17,10.13,0.01
MET,89.78,92.8,97.49,103.08,110.29,109.63,43,42,46,57,77.15,0.53,78.93,80.26,0.74
ANGO,89.78,109.95,120.53,139.27,170.3,193.13,43,85,90,92,8.69,0.4,9.81,9.18,1.04
LE,89.77,90.24,86.92,68.85,90.78,135.07,43,9,22,79,12.37,0.39,9.73,12.23,0.83
GMAB,89.77,90.3,91.89,94.01,92.41,76.54,43,29,24,9,21.88,0.37,21.11,21.19,0.57
CAPN,89.76,90.77,96.48,110.11,114.59,92.57,43,58,58,26,10.33,0.7,10.28,10.13,0.0
MNSO,89.76,89.76,90.75,117.81,122.78,131.66,43,70,70,77,17.8,0.31,18.45,19.83,0.34
NBHC,89.76,96.34,94.66,96.85,101.5,123.45,43,33,34,71,39.71,0.37,37.59,40.57,0.93
HLN,89.76,95.67,102.53,123.57,122.04,101.73,43,75,69,45,9.6,0.33,10.6,9.98,0.58
COLL,89.74,98.47,97.34,93.09,94.64,108.28,43,28,26,55,31.2,0.38,30.02,30.85,0.72
VZ,89.73,93.88,98.21,120.25,121.17,104.0,43,72,68,48,40.84,0.51,42.34,41.02,1.25
ABOS,89.73,90.05,82.72,69.87,55.07,103.15,43,10,4,47,1.5,0.23,1.15,1.63,1.07
TRT,89.72,91.07,88.4,89.84,106.74,109.77,43,25,42,57,5.77,0.34,5.26,5.93,0.08
MSBIP,89.72,89.72,95.72,106.56,109.4,97.52,43,48,45,38,23.47,0.55,23.14,23.38,0.36
JACS,89.71,90.67,96.37,109.63,114.01,92.57,43,54,54,26,10.34,0.97,10.26,10.14,0.08
SDHIU,89.71,90.76,95.42,109.63,114.01,92.57,43,54,54,26,10.3,0.85,10.24,10.18,0.0
RDAC,89.71,90.49,96.35,110.31,114.8,92.57,43,58,58,26,10.32,1.0,10.28,10.16,0.0
FATBB,89.7,89.7,91.72,85.86,131.09,95.41,43,20,77,35,2.7,0.2,2.62,2.96,0.31
HSPTU,89.69,90.73,96.43,110.28,114.78,92.57,43,58,58,26,10.35,0.71,10.33,10.19,0.0
SONO,89.69,91.27,88.78,79.97,91.94,96.95,43,15,23,37,10.52,0.38,10.45,12.03,0.84
SUPN,89.68,94.99,100.49,100.49,114.58,115.04,43,38,58,63,32.34,0.37,32.35,34.12,1.11
ATII,89.67,90.55,95.42,109.63,114.01,92.57,43,54,54,26,10.21,0.92,10.16,10.11,0.88
QSEAU,89.66,90.5,96.26,109.63,114.01,92.57,43,54,54,26,10.32,0.97,10.27,10.2,0.0
SCCO,89.66,96.5,99.33,97.17,101.74,109.07,43,33,35,56,96.44,0.53,95.87,95.97,0.65
ANGI,89.65,91.94,93.5,85.81,84.55,104.8,43,20,16,49,16.05,0.28,16.02,17.6,0.42
SVCC,89.65,90.6,95.42,109.63,114.01,92.57,43,54,54,26,10.23,1.0,10.17,10.11,0.0
MTRN,89.65,89.65,85.88,80.63,82.19,90.47,43,16,14,20,94.2,0.46,80.32,93.4,2.12
CHH,89.64,94.18,94.18,100.55,111.73,113.16,43,38,49,61,131.4,0.37,128.06,135.87,0.67
DRDB,89.64,90.62,96.76,109.63,114.01,92.57,43,54,54,26,10.25,0.71,10.28,10.12,0.12
STAK,89.63,108.36,90.98,109.63,114.01,92.57,43,54,54,26,1.73,0.2,1.92,2.44,0.13
NTRSO,89.63,91.55,92.05,102.27,106.81,99.97,43,41,42,42,20.23,0.34,19.41,20.06,1.36
PDD,89.62,89.62,86.08,95.24,117.09,88.08,43,31,63,18,109.0,0.31,106.42,111.7,1.34
PLMK,89.61,90.4,96.18,109.63,114.01,92.57,43,54,54,26,10.29,1.0,10.22,10.12,1.1
DMAAU,89.6,90.61,96.32,109.63,114.01,92.57,43,54,54,26,10.37,0.74,10.32,10.19,
MAYA,89.58,90.37,96.12,109.63,114.01,92.57,43,54,54,26,10.15,1.0,10.06,10.01,0.02
KFIIU,89.57,90.47,96.57,109.63,114.01,92.57,43,54,54,26,10.3,0.88,10.26,10.15,0.0
AMC,89.57,89.57,81.24,96.03,87.93,88.66,43,32,19,18,3.54,0.32,3.11,3.53,1.51
AUST,89.57,105.85,119.41,133.11,138.41,300.87,43,82,81,96,1.34,0.22,1.38,1.5,0.33
TDAC,89.57,90.47,96.22,109.63,114.01,92.57,43,54,54,26,10.31,1.0,10.24,10.15,0.0
CHARU,89.54,90.44,96.46,110.06,114.45,92.57,43,57,57,26,10.41,1.0,10.36,10.24,0.0
SZZLU,89.54,91.26,95.42,109.63,114.01,92.57,43,54,54,26,10.19,0.34,10.16,10.11,0.08
JOE,89.54,98.33,97.87,89.69,98.29,90.46,43,24,31,20,49.46,0.39,46.85,47.77,0.99
GBX,89.54,103.36,106.11,83.46,125.54,129.63,43,18,72,76,48.64,0.32,47.3,54.2,3.52
UYSCU,89.53,90.46,95.42,109.63,114.01,92.57,43,54,54,26,10.28,0.76,10.21,10.17,0.0
WHR,89.51,104.94,104.94,92.44,119.39,113.6,43,27,66,61,93.18,0.35,90.06,97.34,1.66
DMAA,89.5,90.33,96.07,109.63,114.01,92.57,43,54,54,26,10.23,0.96,10.17,10.1,1.77
MLAC,89.5,90.4,96.22,109.63,114.01,92.57,43,54,54,26,10.27,1.0,10.22,10.11,0.49
GLPI,89.49,93.42,94.69,117.0,116.79,98.56,43,69,62,40,47.7,0.58,46.51,47.46,0.89
PMT,89.48,93.85,92.33,112.83,118.65,94.87,43,63,65,34,12.51,0.48,12.33,12.49,1.46
BRSP,89.47,94.52,90.78,97.62,104.11,96.18,43,34,38,36,4.92,0.43,5.05,5.26,1.58
CP,89.47,95.81,99.55,102.8,100.28,86.72,43,42,33,16,77.52,0.52,80.2,77.0,1.99
NCTY,89.45,89.45,86.85,136.83,225.25,241.74,42,84,95,95,10.11,0.33,9.76,11.82,1.65
FULTP,89.44,91.58,91.48,109.64,113.46,106.74,42,57,51,52,18.33,0.51,18.04,18.86,0.17
HMC,89.43,94.19,94.8,104.35,103.68,83.6,42,44,37,13,30.0,0.64,29.7,28.76,0.69
SVV,89.42,97.43,113.22,118.25,92.63,80.15,42,70,24,11,10.14,0.6,10.35,9.71,1.03
RTO,89.41,89.41,92.33,100.67,98.52,86.35,42,38,31,16,23.83,0.31,23.59,23.92,0.78
QETAU,89.41,91.87,97.03,111.17,116.55,95.02,42,60,62,34,10.84,0.52,10.74,10.68,0.0
AIFE,89.4,90.2,96.04,109.63,114.01,92.57,42,54,54,26,10.19,0.88,10.15,10.06,0.0
AACB,89.4,90.48,95.42,109.63,114.01,92.57,42,54,54,26,10.11,0.77,10.08,10.04,0.0
KFII,89.4,90.42,96.31,109.63,114.01,92.57,42,54,54,26,10.14,0.85,10.12,10.06,0.06
XPON,89.38,89.38,56.44,52.19,28.74,28.42,42,4,2,1,1.58,0.01,0.92,1.71,43.33
GRVY,89.38,90.15,92.89,102.25,99.15,88.77,42,41,32,18,63.54,0.39,63.75,62.14,0.27
COLAU,89.38,90.54,96.63,109.63,114.01,92.57,42,54,54,26,10.47,1.0,10.47,10.29,
SIRI,89.38,95.71,95.8,87.4,94.69,78.9,42,22,26,10,23.56,0.23,22.51,23.2,0.71
IR,89.38,94.88,94.88,89.13,91.45,106.06,42,24,22,51,85.55,0.49,83.46,88.54,1.55
AFG,89.38,92.06,95.09,110.6,108.42,108.38,42,59,44,55,127.46,0.43,123.9,126.96,0.76
ACLX,89.37,97.84,96.74,103.34,102.68,163.48,42,43,36,89,67.59,0.3,64.15,72.11,0.77
FENG,89.35,93.67,92.15,94.99,116.6,136.89,42,30,62,80,2.33,0.35,2.17,2.37,0.31
SVCCU,89.35,93.65,96.03,109.63,114.01,92.57,42,54,54,26,10.28,0.2,10.38,10.23,0.93
EEFT,89.35,94.7,97.97,107.38,104.87,92.05,42,49,39,22,99.5,0.48,106.36,102.28,0.58
CRON,89.34,95.93,95.93,93.78,91.01,89.86,42,29,22,20,2.01,0.45,1.99,1.98,1.06
BLND,89.34,104.46,99.68,109.31,123.43,197.29,42,52,70,93,3.37,0.29,3.48,3.76,0.76
PPBI,89.34,95.49,95.24,91.58,98.18,110.27,42,26,30,58,22.1,0.39,21.61,23.2,1.22
EGP,89.33,93.45,96.08,101.96,107.59,92.02,42,40,43,22,165.2,0.51,168.08,168.19,1.11
CRAI,89.33,104.04,101.89,106.76,121.37,135.43,42,48,68,80,177.26,0.45,188.11,184.35,0.54
RIBB,89.33,90.3,95.96,109.63,114.01,92.57,42,54,54,26,10.15,0.95,10.1,10.05,0.0
CCM,89.31,102.95,121.72,158.4,98.35,93.72,42,90,31,32,5.4,0.31,6.64,5.64,0.04
BIDU,89.31,94.42,90.27,105.07,111.83,85.09,42,45,49,15,87.81,0.29,86.84,89.15,1.67
COLA,89.29,90.01,95.94,109.63,114.01,92.57,42,54,54,26,10.14,0.86,10.11,10.07,0.02
CURB,89.29,90.36,95.22,108.38,112.71,96.32,42,50,50,36,22.94,0.65,22.77,23.16,1.14
CMG,89.28,91.95,95.58,94.16,95.71,106.76,42,29,27,52,53.93,0.39,52.76,55.27,0.78
GWW,89.28,97.19,99.65,105.9,104.33,114.84,42,47,38,63,1028.35,0.37,1060.34,1062.76,2.85
CLH,89.28,96.43,99.66,100.73,102.26,116.95,42,38,35,65,227.76,0.56,228.54,229.22,1.19
OLB,89.26,97.74,115.02,124.49,59.74,64.05,42,76,5,5,1.58,0.27,1.73,1.67,1.1
HSPT,89.25,90.18,95.92,109.63,114.01,92.57,42,54,54,26,10.25,1.0,10.2,10.13,0.0
HALO,89.25,92.6,92.25,134.62,136.48,123.67,42,82,80,72,56.45,0.5,55.13,55.41,0.39
BPRN,89.25,93.19,92.39,98.15,100.56,102.09,42,35,33,46,32.01,0.43,31.2,32.55,0.94
NPCE,89.23,96.92,112.78,191.97,155.25,136.24,42,94,87,80,9.06,0.26,12.31,11.09,0.32
PFSI,89.22,94.69,93.18,101.93,118.04,109.78,42,40,64,57,100.85,0.45,98.13,100.96,0.66
VNDA,89.2,98.66,95.7,97.85,106.95,103.02,42,34,42,47,4.78,0.36,4.52,4.63,0.62
ADC,89.19,94.16,102.03,130.56,128.81,110.34,42,81,75,58,71.63,0.54,73.55,72.98,0.62
NOEM,89.19,90.08,96.16,110.26,114.01,92.57,42,58,54,26,10.08,0.9,10.04,9.95,0.0
DLHC,89.18,108.56,94.3,77.92,68.04,67.92,42,14,8,6,5.59,0.32,5.3,6.33,0.32
MZTI,89.18,89.18,93.82,117.85,113.46,95.45,42,70,51,35,179.01,0.53,169.7,176.94,0.63
EWCZ,89.18,92.01,98.65,98.1,82.59,89.48,42,35,15,19,4.9,0.27,5.34,5.68,0.67
CACC,89.18,95.19,100.5,102.34,110.32,92.83,42,41,46,30,498.79,0.43,501.8,485.01,0.35
INSW,89.17,93.94,100.31,100.31,86.15,85.69,42,38,17,15,38.88,0.43,37.92,37.12,0.59
ASAN,89.14,89.14,91.31,115.56,145.53,173.76,42,67,84,90,15.01,0.23,15.42,16.59,1.14
TEVA,89.14,92.69,96.45,107.67,131.52,140.04,42,49,77,82,16.06,0.33,17.04,17.35,1.05
ENTG,89.14,89.14,87.59,78.3,87.52,86.14,42,14,18,16,90.75,0.4,79.34,93.63,0.56
EPM,89.14,93.01,94.9,99.01,103.68,102.73,42,36,37,46,4.77,0.46,4.64,4.86,0.82
UDR,89.11,90.28,91.95,112.63,112.29,106.5,42,62,50,52,40.73,0.43,40.74,41.8,0.87
NSSC,89.11,91.93,95.31,84.36,80.38,99.64,42,19,13,42,30.37,0.29,28.65,30.68,0.48
PBH,89.09,92.0,103.94,117.2,128.3,110.46,42,69,75,58,75.77,0.44,83.03,80.78,1.07
RGLD,89.08,99.78,122.08,150.05,149.65,107.71,42,88,85,54,154.76,0.47,173.97,155.64,0.98
SBGI,89.08,98.45,96.49,114.1,127.79,128.84,42,65,74,75,14.71,0.5,14.2,14.97,0.75
KPRX,89.06,89.06,87.46,107.43,88.62,87.85,42,49,20,17,3.18,0.28,3.08,3.3,0.12
PECO,89.04,90.74,96.97,112.26,111.92,102.22,41,62,49,46,34.93,0.36,35.07,35.89,1.07
GES,89.03,89.24,91.72,83.25,70.07,74.37,41,18,9,8,12.7,0.28,11.95,13.39,0.61
ALTO,89.02,94.89,94.89,80.37,109.96,92.33,41,16,46,23,1.17,0.34,1.06,1.35,0.46
FACTU,89.02,89.9,96.85,110.82,116.16,92.57,41,59,61,26,10.3,0.7,10.26,10.13,0.0
PKG,89.01,94.9,94.9,96.04,113.16,120.5,41,32,50,69,199.81,0.36,193.16,208.49,1.23
WLKP,89.0,92.53,95.49,115.27,117.22,101.62,41,67,63,45,22.17,0.44,22.32,22.45,1.36
SGBX,89.0,99.53,123.21,165.31,75.49,46.31,41,91,11,2,0.62,0.14,0.71,0.66,0.01
KDP,89.0,91.02,94.63,120.31,120.65,102.25,41,73,67,46,33.54,0.51,33.15,32.99,0.75
BOXL,88.99,113.07,109.18,91.92,159.48,253.7,41,27,88,96,2.14,0.14,1.86,2.23,2.98
MEC,88.99,96.09,97.37,96.39,92.19,131.53,41,32,23,77,15.3,0.35,15.59,15.95,0.6
EXR,88.98,93.52,93.45,101.37,102.16,106.21,41,39,35,52,148.11,0.44,148.01,150.77,0.75
DLB,88.98,89.59,89.69,101.3,106.69,95.04,41,39,41,34,75.35,0.46,75.15,76.88,0.68
USEG,88.96,100.36,152.28,172.33,277.94,175.62,41,92,96,90,1.28,0.14,1.38,1.55,0.07
AIFEU,88.95,89.68,96.39,110.38,115.1,92.57,41,58,59,26,10.2,0.57,10.29,10.2,0.0
FLXS,88.93,94.4,93.05,89.63,140.35,189.01,41,24,82,92,37.07,0.23,34.01,44.19,0.65
MOV,88.91,92.43,90.43,81.96,85.59,83.75,41,17,17,13,16.19,0.33,15.94,17.09,0.46
ARGX,88.9,92.3,99.5,128.61,129.92,137.9,41,79,76,81,564.59,0.49,565.3,595.59,0.78
EVTC,88.9,92.18,98.04,109.01,108.61,89.55,41,51,44,19,33.28,0.25,36.21,34.76,1.42
PBR,88.89,93.26,98.56,97.3,114.03,92.67,41,34,57,30,12.01,0.38,12.08,12.42,1.28
INDO,88.89,94.93,172.98,180.35,114.54,141.5,41,93,57,82,2.85,0.23,3.01,3.03,0.14
PGR,88.87,90.71,101.93,126.02,132.93,113.7,41,77,78,62,246.41,0.47,268.85,259.77,0.82
LXP,88.85,94.99,95.78,97.01,104.19,94.1,41,33,38,33,8.25,0.42,8.36,8.42,1.06
TLX,88.83,90.42,96.2,108.99,110.91,92.57,41,51,47,26,16.23,0.36,16.54,16.77,0.41
CQP,88.81,93.26,101.9,121.81,139.7,116.78,41,74,81,65,54.62,0.43,56.88,56.3,0.94
SOUL,88.79,89.69,95.42,109.63,114.01,92.57,40,54,54,26,10.06,0.89,10.0,10.0,0.02
EDHL,88.79,89.69,95.42,109.63,114.01,92.57,40,54,54,26,0.75,0.02,4.52,4.4,1.31
OMSE,88.79,89.69,95.42,109.63,114.01,92.57,40,54,54,26,6.95,0.17,7.61,7.61,0.36
TVAI,88.79,89.69,95.42,109.63,114.01,92.57,40,54,54,26,10.0,1.0,9.99,9.99,0.27
CRAQU,88.79,89.69,95.42,109.63,114.01,92.57,40,54,54,26,10.24,0.92,10.15,10.15,0.0
INACU,88.79,89.69,95.42,109.63,114.01,92.57,40,54,54,26,10.04,0.75,10.04,10.04,0.06
UMBFO,88.79,89.69,95.42,109.63,114.01,92.57,40,54,54,26,26.53,1.0,25.77,25.77,1.19
TLIH,88.79,89.69,95.42,109.63,114.01,92.57,40,54,54,26,4.28,0.41,4.48,4.48,0.53
WTFCN,88.79,89.69,95.42,109.63,114.01,92.57,40,54,54,26,26.1,0.75,25.65,25.65,0.35
DLXY,88.79,89.69,95.42,109.63,114.01,92.57,40,54,54,26,4.72,0.67,4.51,4.51,0.09
BGL,88.79,89.69,95.42,109.63,114.01,92.57,40,54,54,26,16.64,0.0,47.41,47.41,0.7
AII,88.79,89.69,95.42,109.63,114.01,92.57,40,54,54,26,17.66,0.68,17.1,17.1,0.24
CHYM,88.79,89.69,95.42,109.63,114.01,92.57,40,54,54,26,31.55,0.31,31.97,31.97,0.3
ASIC,88.79,89.69,95.42,109.63,114.01,92.57,40,54,54,26,20.29,0.05,21.91,21.91,0.16
LWACU,88.79,89.69,95.42,109.63,114.01,92.57,40,54,54,26,10.02,0.2,10.03,10.03,0.0
APUS,88.79,89.69,95.42,109.63,114.01,92.57,40,54,54,26,1.77,0.25,1.8,1.8,0.74
FTRK,88.79,89.69,95.42,109.63,114.01,92.57,40,54,54,26,0.61,0.01,3.08,3.08,0.27
CIGL,88.79,89.69,95.42,109.63,114.01,92.57,40,54,54,26,3.73,0.01,8.16,7.39,0.38
TACH,88.79,89.69,95.42,109.63,114.01,92.57,40,54,54,26,10.07,0.67,10.06,10.06,3.88
MSGY,88.79,89.69,95.42,109.63,114.01,92.57,40,54,54,26,6.41,1.0,5.04,5.04,0.35
TVACU,88.79,89.69,95.42,109.63,114.01,92.57,40,54,54,26,10.21,0.71,10.15,10.12,0.0
IPOD,88.79,89.69,95.42,109.63,114.01,92.57,40,54,54,26,10.03,0.5,10.04,10.04,0.0
ETOR,88.79,89.69,95.42,109.63,114.01,92.57,40,54,54,26,56.78,0.2,62.75,62.75,0.89
FMFC,88.79,89.69,95.42,109.63,114.01,92.57,40,54,54,26,7.05,0.95,5.69,5.69,0.29
AUGO,88.79,89.69,95.42,109.63,114.01,92.57,40,54,54,26,24.0,0.67,23.92,23.92,0.37
BSAAU,88.79,89.69,95.42,109.63,114.01,92.57,40,54,54,26,10.07,1.0,10.04,10.04,0.03
UYSC,88.79,89.69,95.42,109.63,114.01,92.57,40,54,54,26,10.08,0.91,10.04,10.04,2.15
CHA,88.79,89.69,95.42,109.63,114.01,92.57,40,54,54,26,24.55,0.0,29.04,29.92,1.96
TVA,88.79,89.69,95.42,109.63,114.01,92.57,40,54,54,26,10.08,0.74,10.05,10.05,0.09
HNGE,88.79,89.69,95.42,109.63,114.01,92.57,40,54,54,26,46.96,0.72,42.17,42.17,0.3
TVAIU,88.79,89.69,95.42,109.63,114.01,92.57,40,54,54,26,10.14,0.79,10.12,10.12,0.02
COPL,88.79,89.69,95.42,109.63,114.01,92.57,40,54,54,26,10.07,1.0,10.04,10.04,0.01
OFAL,88.79,89.69,95.42,109.63,114.01,92.57,40,54,54,26,1.92,0.17,2.71,2.71,0.11
VNTG,88.79,89.69,95.42,109.63,114.01,92.57,40,54,54,26,4.42,0.69,4.09,4.09,0.16
CEPT,88.79,89.69,95.42,109.63,114.01,92.57,40,54,54,26,11.41,0.71,11.26,11.25,0.36
DAAQU,88.79,89.69,95.42,109.63,114.01,92.57,40,54,54,26,11.02,0.64,10.76,10.72,0.03
JEM,88.79,89.69,95.42,109.63,114.01,92.57,40,54,54,26,3.98,0.19,4.89,4.89,0.13
PTNM,88.79,89.69,95.42,109.63,114.01,92.57,40,54,54,26,2.13,0.0,7.24,7.24,2.77
WENN,88.79,89.69,95.42,109.63,114.01,92.57,40,54,54,26,10.34,1.0,10.31,10.31,1.18
COSO,88.79,89.69,95.42,109.63,114.01,92.57,40,54,54,26,21.16,0.68,20.64,20.64,0.19
PHOE,88.79,89.69,95.42,109.63,114.01,92.57,40,54,54,26,8.2,0.61,5.71,5.33,0.72
WTGUU,88.79,89.69,95.42,109.63,114.01,92.57,40,54,54,26,10.16,1.0,10.07,10.07,0.1
CCCX,88.79,89.69,95.42,109.63,114.01,92.57,40,54,54,26,10.12,0.17,10.14,10.14,0.61
RTACU,88.79,89.69,95.42,109.63,114.01,92.57,40,54,54,26,13.55,1.0,12.33,12.33,0.27
SDM,88.79,89.69,95.42,109.63,114.01,92.57,40,54,54,26,17.8,0.92,8.7,8.49,2.09
YORKU,88.79,89.69,95.42,109.63,114.01,92.57,40,54,54,26,11.34,0.94,11.04,11.04,0.16
NMPAU,88.79,89.69,95.42,109.63,114.01,92.57,40,54,54,26,10.01,1.0,9.99,9.99,0.0
NPAC,88.79,89.69,95.42,109.63,114.01,92.57,40,54,54,26,10.14,0.01,10.24,10.24,2.81
OBAWU,88.79,89.69,95.42,109.63,114.01,92.57,40,54,54,26,10.0,0.0,10.01,10.01,0.02
GTENU,88.79,89.69,95.42,109.63,114.01,92.57,40,54,54,26,10.35,0.79,10.27,10.26,0.0
GLXY,88.79,89.69,95.42,109.63,114.01,92.57,40,54,54,26,27.13,1.0,20.8,20.8,3.07
PCAPU,88.79,89.69,95.42,109.63,114.01,92.57,40,54,54,26,10.7,0.12,10.93,10.93,0.06
CHPG,88.79,89.69,95.42,109.63,114.01,92.57,40,54,54,26,10.03,1.0,10.0,10.0,2.85
EGHA,88.79,89.69,95.42,109.63,114.01,92.57,40,54,54,26,10.01,0.75,9.99,9.99,0.02
RAAQU,88.79,89.69,95.42,109.63,114.01,92.57,40,54,54,26,10.33,0.61,10.25,10.24,0.0
CGCT,88.79,89.69,95.42,109.63,114.01,92.57,40,54,54,26,10.01,0.33,10.01,10.01,0.0
PFAI,88.79,89.69,95.42,109.63,114.01,92.57,40,54,54,26,1.8,0.07,2.52,2.65,0.93
RDAG,88.79,89.69,95.42,109.63,114.01,92.57,40,54,54,26,10.33,0.35,10.3,10.3,0.61
LCCCU,88.79,89.69,95.42,109.63,114.01,92.57,40,54,54,26,10.25,0.73,10.14,10.13,0.02
VWAV,88.79,89.69,95.42,109.63,114.01,92.57,40,54,54,26,2.9,0.0,3.18,3.18,0.24
AHL,88.79,89.69,95.42,109.63,114.01,92.57,40,54,54,26,30.0,0.01,32.55,32.55,0.15
NHIC,88.79,89.69,95.42,109.63,114.01,92.57,40,54,54,26,10.15,0.76,10.11,10.08,0.0
RAC,88.79,89.69,95.42,109.63,114.01,92.57,40,54,54,26,10.2,0.84,10.12,10.09,0.01
CHAC,88.79,89.69,95.42,109.63,114.01,92.57,40,54,54,26,10.04,0.72,9.99,9.99,0.04
FERA,88.79,89.69,95.42,109.63,114.01,92.57,40,54,54,26,10.16,0.94,10.11,10.07,0.01
GTERU,88.79,89.69,95.42,109.63,114.01,92.57,40,54,54,26,10.07,0.67,10.07,10.07,0.07
EGHAU,88.79,89.69,95.42,109.63,114.01,92.57,40,54,54,26,10.17,0.78,10.14,10.14,0.0
ANPA,88.79,89.69,95.42,109.63,114.01,92.57,40,54,54,26,7.81,1.0,4.64,4.64,0.42
IPCXU,88.79,89.69,95.42,109.63,114.01,92.57,40,54,54,26,10.5,0.81,10.38,10.34,0.0
CHPGU,88.79,89.69,95.42,109.63,114.01,92.57,40,54,54,26,10.16,0.87,10.12,10.12,0.0
JCAP,88.79,89.69,95.42,109.63,114.01,92.57,40,54,54,26,16.7,0.0,17.52,17.52,0.15
SZZL,88.79,89.69,95.42,109.63,114.01,92.57,40,54,54,26,10.08,1.0,10.01,10.01,0.0
BLUWU,88.79,89.69,95.42,109.63,114.01,92.57,40,54,54,26,10.03,0.6,10.01,10.01,0.17
PFSA,88.79,89.69,95.42,109.63,114.01,92.57,40,54,54,26,1.1,0.0,1.57,1.57,1.63
FIGXU,88.79,89.69,95.42,109.63,114.01,92.57,40,54,54,26,10.02,0.8,10.01,10.01,0.01
OTF,88.79,89.69,95.42,109.63,114.01,92.57,40,54,54,26,15.63,0.51,15.51,15.51,1.11
PMTR,88.79,89.69,95.42,109.63,114.01,92.57,40,54,54,26,10.22,1.0,10.16,10.16,0.0
OYSEU,88.79,89.69,95.42,109.63,114.01,92.57,40,54,54,26,10.13,0.8,10.1,10.1,0.05
QSEA,88.79,89.69,95.42,109.63,114.01,92.57,40,54,54,26,10.1,1.0,10.03,10.03,0.22
ANTA,88.79,89.69,95.42,109.63,114.01,92.57,40,54,54,26,11.8,0.17,12.01,12.01,0.17
VNMEU,88.79,89.69,95.42,109.63,114.01,92.57,40,54,54,26,9.99,0.83,9.99,9.99,0.03
MGRT,88.79,89.69,95.42,109.63,114.01,92.57,40,54,54,26,3.47,0.08,3.57,3.57,0.99
CGCTU,88.79,89.69,95.42,109.63,114.01,92.57,40,54,54,26,10.17,1.0,10.08,10.08,0.0
AMRZ,88.79,89.69,95.42,109.63,114.01,92.57,40,54,54,26,49.6,0.17,50.43,50.43,0.69
JBS,88.79,89.69,95.42,109.63,114.01,92.57,40,54,54,26,13.19,0.12,13.78,13.78,0.44
YB,88.79,89.69,95.42,109.63,114.01,92.57,40,54,54,26,27.47,0.8,19.25,18.88,0.48
PELIU,88.79,89.69,95.42,109.63,114.01,92.57,40,54,54,26,10.21,0.91,10.13,10.13,0.0
DAIC,88.79,89.69,95.42,109.63,114.01,92.57,40,54,54,26,5.63,0.03,11.36,11.36,0.07
KWM,88.79,89.69,95.42,109.63,114.01,92.57,40,54,54,26,4.22,0.46,3.62,3.62,0.05
IPODU,88.79,89.69,95.42,109.63,114.01,92.57,40,54,54,26,10.17,0.81,10.11,10.11,0.0
TMDE,88.79,89.69,95.42,109.63,114.01,92.57,40,54,54,26,1.1,0.08,1.17,1.39,0.05
RAL,88.79,89.69,95.42,109.63,114.01,92.57,40,54,54,26,46.64,0.19,47.8,47.8,0.36
RDAGU,88.79,89.69,95.42,109.63,114.01,92.57,40,54,54,26,10.6,0.48,10.49,10.47,0.06
DAAQ,88.79,89.69,95.42,109.63,114.01,92.57,40,54,54,26,10.65,0.48,10.53,10.53,0.61
GRAN,88.79,89.69,95.42,109.63,114.01,92.57,40,54,54,26,5.25,0.44,5.23,5.23,0.27
OYSE,88.79,89.69,95.42,109.63,114.01,92.57,40,54,54,26,10.0,1.0,9.98,9.98,1.93
CRAQ,88.79,89.69,95.42,109.63,114.01,92.57,40,54,54,26,9.99,0.87,9.96,9.96,4.47
CCCM,88.79,89.69,95.42,109.63,114.01,92.57,40,54,54,26,10.36,0.04,11.28,11.28,0.48
KMRK,88.79,89.69,95.42,109.63,114.01,92.57,40,54,54,26,2.45,0.0,3.95,3.95,2.49
BMNR,88.79,89.69,95.42,109.63,114.01,92.57,40,54,54,26,42.35,0.29,31.41,31.41,2.16
LIMN,88.79,89.69,95.42,109.63,114.01,92.57,40,54,54,26,5.42,0.04,10.36,10.17,0.72
WENNU,88.79,89.69,95.42,109.63,114.01,92.57,40,54,54,26,10.57,0.35,10.6,10.6,0.1
MENS,88.79,89.69,95.42,109.63,114.01,92.57,40,54,54,26,10.55,0.72,9.27,9.27,0.04
LAWR,88.79,89.69,95.42,109.63,114.01,92.57,40,54,54,26,3.72,1.0,3.62,3.62,1.84
PCAP,88.79,89.69,95.42,109.63,114.01,92.57,40,54,54,26,10.42,0.0,10.44,10.44,1.68
ONCHU,88.79,89.69,95.42,109.63,114.01,92.57,40,54,54,26,10.39,0.83,10.36,10.36,0.19
OMDA,88.79,89.69,95.42,109.63,114.01,92.57,40,54,54,26,17.58,0.33,17.58,17.58,0.15
PELI,88.79,89.69,95.42,109.63,114.01,92.57,40,54,54,26,10.03,1.0,10.0,10.0,0.04
AACIU,88.79,89.69,95.42,109.63,114.01,92.57,40,54,54,26,10.16,0.74,10.12,10.12,0.0
MAMK,88.79,89.69,95.42,109.63,114.01,92.57,40,54,54,26,2.53,0.05,2.95,2.95,0.32
AEBI,88.79,89.69,95.42,109.63,114.01,92.57,40,54,54,26,9.92,0.0,11.14,11.14,0.36
CV,88.79,89.69,95.42,109.63,114.01,92.57,40,54,54,26,4.55,0.76,4.47,4.47,0.07
NAMM,88.79,89.69,95.42,109.63,114.01,92.57,40,54,54,26,8.6,0.07,12.43,12.43,0.21
LCCC,88.79,89.69,95.42,109.63,114.01,92.57,40,54,54,26,10.04,1.0,10.02,10.02,3.75
SVA,88.79,89.69,95.42,109.63,114.01,92.57,40,54,54,26,6.47,,6.47,6.47,
SDHI,88.79,89.69,95.42,109.63,114.01,92.57,40,54,54,26,10.09,0.31,10.1,10.1,0.1
TACOU,88.79,89.69,95.42,109.63,114.01,92.57,40,54,54,26,10.73,0.54,10.55,10.52,0.14
EMPG,88.79,89.69,95.42,109.63,114.01,92.57,40,54,54,26,3.09,0.22,3.18,3.18,0.06
IPCX,88.79,89.69,95.42,109.63,114.01,92.57,40,54,54,26,10.15,0.23,10.17,10.17,0.63
GTEN,88.79,89.69,95.42,109.63,114.01,92.57,40,54,54,26,10.2,0.2,10.22,10.22,9.19
GLIBK,88.79,89.69,95.42,109.63,114.01,92.57,40,54,54,26,36.95,1.0,33.06,33.06,1.11
PFE,88.79,93.55,93.55,92.81,101.65,89.87,40,28,35,20,24.47,0.38,23.96,24.94,0.88
HCHL,88.79,89.69,95.42,109.63,114.01,92.57,40,54,54,26,4.68,0.29,5.01,5.01,0.08
CRCL,88.79,89.69,95.42,109.63,114.01,92.57,40,54,54,26,223.78,0.83,175.97,175.97,1.16
GSHR,88.79,89.69,95.42,109.63,114.01,92.57,40,54,54,26,10.15,1.0,10.07,10.07,0.0
CAEP,88.79,89.69,95.42,109.63,114.01,92.57,40,54,54,26,10.77,0.65,10.59,10.59,0.21
CCCMU,88.79,89.69,95.42,109.63,114.01,92.57,40,54,54,26,11.15,0.16,11.45,11.45,0.07
AIRO,88.79,89.69,95.42,109.63,114.01,92.57,40,54,54,26,24.97,0.38,24.72,24.72,0.47
STRZ,88.79,89.69,95.42,109.63,114.01,92.57,40,54,54,26,15.89,0.52,15.93,15.93,0.51
AACI,88.79,89.69,95.42,109.63,114.01,92.57,40,54,54,26,10.05,0.67,10.04,10.04,0.0
TACO,88.79,89.69,95.42,109.63,114.01,92.57,40,54,54,26,10.41,0.34,10.38,10.38,0.31
BMHL,88.79,89.69,95.42,109.63,114.01,92.57,40,54,54,26,4.12,1.0,3.97,3.97,0.17
CHACU,88.79,89.69,95.42,109.63,114.01,92.57,40,54,54,26,10.29,0.58,10.22,10.19,0.0
PACHU,88.79,89.69,95.42,109.63,114.01,92.57,40,54,54,26,10.03,1.0,10.01,10.01,0.4
GLIBA,88.79,89.69,95.42,109.63,114.01,92.57,40,54,54,26,36.75,1.0,33.0,33.0,0.7
ORIQU,88.79,89.69,95.42,109.63,114.01,92.57,40,54,54,26,10.0,0.4,10.0,10.0,0.24
BUSEP,88.79,89.69,95.42,109.63,114.01,92.57,40,54,54,26,25.37,0.86,25.06,25.06,0.37
JLHL,88.79,89.69,95.42,109.63,114.01,92.57,40,54,54,26,3.8,0.39,3.84,3.84,0.05
PMTRU,88.79,89.69,95.42,109.63,114.01,92.57,40,54,54,26,10.67,0.96,10.37,10.37,0.0
KCHVU,88.79,89.69,95.42,109.63,114.01,92.57,40,54,54,26,10.18,0.95,10.13,10.13,0.05
WW,88.79,89.69,95.42,109.63,114.01,92.57,40,54,54,26,35.0,0.62,35.51,35.51,0.58
RTAC,88.79,89.69,95.42,109.63,114.01,92.57,40,54,54,26,12.5,1.0,11.66,11.66,0.94
ARAI,88.79,89.69,95.42,109.63,114.01,92.57,40,54,54,26,9.25,0.5,8.48,8.48,0.08
CMDB,88.79,89.69,95.42,109.63,114.01,92.57,40,54,54,26,9.37,0.15,9.6,9.82,0.82
CAI,88.79,89.69,95.42,109.63,114.01,92.57,40,54,54,26,30.19,0.78,27.53,27.53,0.41
MNTN,88.79,89.69,95.42,109.63,114.01,92.57,40,54,54,26,28.2,1.0,23.05,23.05,0.75
RAAQ,88.79,89.69,95.42,109.63,114.01,92.57,40,54,54,26,10.16,0.47,10.16,10.16,0.32
WSBK,88.79,89.69,95.42,109.63,114.01,92.57,40,54,54,26,9.45,0.73,9.21,9.23,0.1
SLDE,88.79,89.69,95.42,109.63,114.01,92.57,40,54,54,26,18.4,0.0,20.18,20.18,0.19
LOKV,88.79,89.69,95.42,109.63,114.01,92.57,40,54,54,26,10.5,0.65,10.37,10.3,0.41
EGG,88.79,89.69,95.42,109.63,114.01,92.57,40,54,54,26,6.14,0.55,5.18,5.18,0.02
NPACU,88.79,89.69,95.42,109.63,114.01,92.57,40,54,54,26,10.3,0.37,10.3,10.26,0.02
TGE,88.79,89.69,95.42,109.63,114.01,92.57,40,54,54,26,6.0,0.01,7.92,7.92,0.12
VOYG,88.79,89.69,95.42,109.63,114.01,92.57,40,54,54,26,44.05,0.29,44.72,44.72,0.39
FLYY,88.79,89.69,95.42,109.63,114.01,92.57,40,54,54,26,4.5,0.05,5.43,5.64,1.85
SPEGU,88.79,89.69,95.42,109.63,114.01,92.57,40,54,54,26,10.05,1.0,10.04,10.04,0.03
BACCU,88.79,89.69,95.42,109.63,114.01,92.57,40,54,54,26,10.06,0.42,10.05,10.05,0.0
LOOP,88.77,89.44,108.44,116.9,80.89,78.04,38,69,14,10,1.31,0.39,1.29,1.28,0.27
AIZ,88.76,91.27,96.9,107.46,111.59,111.28,38,49,48,59,188.07,0.36,196.24,202.24,0.63
NUVB,88.76,88.76,91.44,100.22,107.23,130.16,38,38,42,76,2.3,0.29,2.15,2.3,0.76
EXPD,88.75,92.08,93.7,100.18,103.72,89.79,38,38,37,20,111.67,0.35,113.93,114.8,1.4
RBB,88.73,93.56,92.91,87.74,90.22,119.21,38,22,21,67,18.26,0.36,17.19,18.98,1.62
CRUS,88.7,90.14,94.77,97.2,98.65,114.02,38,33,31,62,103.37,0.38,103.77,103.93,0.48
CNXN,88.69,91.37,94.21,105.58,99.43,100.68,38,46,32,43,65.57,0.39,66.42,67.45,0.61
TDW,88.68,91.49,94.53,86.22,72.74,69.67,38,21,10,6,47.93,0.22,45.01,49.26,0.74
AROC,88.68,96.52,105.62,116.46,141.67,140.56,38,68,82,82,23.4,0.49,24.73,24.5,1.44
VRRM,88.68,90.72,99.37,99.84,100.42,93.1,38,37,33,31,24.64,0.44,24.4,24.14,0.67
AGH,88.68,89.51,90.26,109.63,114.01,92.57,38,54,54,26,0.62,0.01,0.6,1.04,0.45
NEWT,88.66,93.99,95.54,90.84,106.41,107.82,38,25,41,54,11.41,0.38,10.92,11.85,0.99
CIX,88.64,108.48,106.92,109.07,106.16,126.04,38,51,41,73,24.72,0.41,25.2,25.43,1.01
LUCK,88.64,89.17,87.7,88.52,99.56,95.21,38,23,32,35,10.07,0.41,9.27,10.23,0.79
SHIP,88.63,92.02,87.89,80.97,89.21,114.17,38,16,20,62,6.8,0.26,6.37,7.11,0.55
FVRR,88.62,95.75,108.43,124.98,130.31,133.1,38,76,76,78,25.69,0.3,30.28,28.86,1.0
IMOS,88.6,93.64,94.07,92.07,83.79,80.55,38,27,16,11,18.12,0.43,18.17,18.4,0.68
MBINN,88.57,89.38,91.27,102.12,105.76,106.06,38,41,40,51,20.0,0.37,19.66,20.6,1.08
CLPT,88.55,98.74,110.6,155.66,204.77,194.62,38,89,93,92,11.03,0.37,12.23,13.52,0.7
SPKLU,88.55,89.57,94.11,111.1,113.76,101.71,38,60,51,45,10.79,0.24,10.94,10.95,0.0
AHCO,88.54,88.54,86.3,95.48,111.16,107.11,38,31,48,53,9.22,0.45,8.97,9.65,0.79
PII,88.54,91.16,93.42,70.93,65.61,81.43,38,10,7,12,46.86,0.3,41.41,50.34,0.56
USNA,88.52,94.17,94.17,85.82,80.1,80.42,38,20,13,11,30.35,0.29,30.54,32.54,0.71
OSPN,88.51,95.9,109.76,108.29,138.32,139.78,38,50,81,82,15.04,0.3,16.18,16.61,0.63
SHW,88.5,93.53,96.15,104.71,111.02,112.5,38,45,47,60,340.07,0.32,350.23,355.41,1.48
SKM,88.49,93.63,99.76,117.19,115.0,94.33,38,69,59,33,22.15,0.48,21.67,21.97,0.61
JD,88.48,88.48,93.31,118.22,146.78,138.27,38,70,84,81,33.92,0.45,33.06,36.56,2.2
XPER,88.47,88.47,89.23,93.15,95.34,102.68,38,28,27,46,7.66,0.28,7.89,8.51,1.22
HIVE,88.46,96.25,97.48,79.09,85.55,154.46,38,15,17,86,2.23,0.23,1.98,2.64,1.21
GAMB,88.46,95.83,99.93,127.86,161.32,152.13,38,79,89,86,11.09,0.3,12.16,12.62,0.86
CPK,88.43,93.91,99.72,127.01,128.29,110.45,38,78,75,58,122.11,0.46,121.61,123.29,1.03
PLD,88.41,93.86,93.44,96.28,100.99,92.76,38,32,34,30,106.78,0.46,106.93,109.84,1.02
GDDY,88.4,90.8,99.91,119.18,140.7,139.44,38,71,82,81,168.72,0.37,179.26,183.43,0.98
SAGT,88.4,90.81,89.83,109.63,114.01,92.57,38,54,54,26,2.21,0.13,2.73,2.94,1.27
TYL,88.4,89.36,99.23,116.84,117.01,113.64,38,69,63,62,564.36,0.37,573.91,587.16,0.93
ECOR,88.38,93.42,97.32,91.32,216.56,249.73,38,26,94,95,7.27,0.18,5.64,10.24,0.33
DV,88.36,90.21,88.94,83.4,97.54,82.73,38,18,30,13,15.38,0.31,14.54,16.91,0.54
DOLE,88.36,93.59,96.16,115.45,119.44,114.39,38,67,66,63,13.72,0.31,14.04,14.37,0.89
DLPN,88.33,94.67,104.93,91.07,80.33,67.15,38,26,13,6,1.18,0.34,1.14,1.12,0.38
AMBI,88.32,97.23,95.23,109.77,117.16,147.84,38,57,63,84,4.4,0.26,4.64,5.04,0.16
CGON,88.31,97.8,103.2,86.47,84.85,97.96,38,21,16,39,26.75,0.46,25.93,28.77,1.83
DSGX,88.3,89.54,94.23,106.95,109.76,113.28,38,48,45,61,105.09,0.39,106.25,108.77,0.93
RELY,88.3,92.91,116.03,131.51,146.86,142.13,38,81,84,82,17.01,0.3,20.41,20.45,0.97
NLSP,88.3,89.49,126.89,99.12,47.86,49.74,38,36,3,2,2.22,0.11,2.17,2.44,0.44
HRTX,88.29,97.99,97.99,122.5,142.68,104.87,38,74,83,50,1.93,0.36,2.03,1.88,0.76
GGB,88.28,93.63,94.79,96.94,93.93,90.37,38,33,25,20,2.85,0.44,2.88,2.97,0.6
ROP,88.28,91.25,96.19,109.87,112.61,91.93,38,57,50,22,544.79,0.48,565.46,556.51,1.19
CLBK,88.27,91.91,91.06,96.64,97.42,98.12,38,32,29,39,14.93,0.31,14.64,15.64,0.67
BRC,88.27,89.78,90.19,106.24,108.28,105.63,38,47,43,51,69.02,0.42,69.69,71.52,0.55
NRP,88.26,92.34,93.17,115.54,118.39,114.31,37,67,65,62,97.61,0.61,96.18,99.57,0.45
TX,88.25,96.5,96.5,92.46,98.4,86.54,37,27,31,16,30.36,0.48,29.62,30.75,0.42
MTD,88.23,90.62,91.69,86.25,96.97,97.0,37,21,29,37,1194.85,0.41,1171.16,1232.8,0.52
VBNK,88.18,93.65,95.08,95.98,104.78,147.51,37,32,39,84,11.55,0.29,11.36,12.8,0.53
THR,88.16,92.59,92.55,100.84,99.43,95.16,37,39,32,35,27.7,0.42,28.02,28.49,0.62
AGO,88.16,91.23,99.01,107.64,106.7,108.64,37,49,41,55,83.39,0.47,85.23,86.94,0.58
AXL,88.15,97.4,86.5,79.35,77.45,92.37,37,15,12,23,4.55,0.33,4.39,5.12,0.93
CLPS,88.12,92.2,87.53,110.46,133.89,156.32,37,58,78,87,1.0,0.42,0.97,1.12,0.41
CB,88.11,91.65,96.97,117.0,118.92,106.3,37,69,66,52,274.13,0.38,286.62,282.31,1.84
IROHU,88.11,97.72,113.16,123.91,128.85,94.1,37,76,75,33,11.0,0.63,10.82,10.98,2.77
INR,88.09,89.24,99.58,109.63,114.01,92.57,37,54,54,26,15.39,0.09,17.18,17.47,0.67
EQR,88.09,90.27,94.08,110.21,108.93,105.2,37,58,44,50,67.17,0.43,68.13,69.42,0.92
COCP,88.05,100.5,100.5,88.17,123.34,165.22,37,23,70,89,1.64,0.23,1.56,1.78,0.36
BDN,88.05,97.45,93.65,94.94,104.99,129.66,37,30,39,76,4.17,0.31,4.17,4.54,0.78
SNAP,88.05,88.05,82.16,81.24,87.66,99.68,37,17,18,42,10.01,0.37,8.66,9.98,0.84
RYDE,88.04,88.11,97.94,83.01,54.03,50.9,37,18,4,3,0.38,0.01,0.27,0.38,0.02
CDW,88.04,89.39,91.63,92.12,88.64,85.43,37,27,20,15,179.59,0.4,179.4,181.14,0.7
VITL,88.02,91.85,103.88,107.31,149.19,172.87,37,49,85,90,37.4,0.55,35.07,35.3,0.44
IAS,88.02,88.4,85.76,80.02,95.79,94.63,37,15,27,33,8.27,0.3,8.1,9.46,0.63
INVH,88.01,89.77,95.45,112.74,111.58,92.04,37,63,48,22,32.24,0.4,33.09,32.54,0.73
SUN,88.0,93.03,95.45,118.92,117.02,93.2,37,71,63,31,53.34,0.53,54.14,53.59,1.25
BKHAU,87.99,88.82,93.88,113.04,117.07,93.86,37,63,63,32,10.51,0.11,10.69,10.65,0.0
BRSL,87.98,93.79,93.79,94.85,91.68,79.8,37,30,23,11,14.43,0.36,13.3,14.38,0.83
ACGLO,87.98,89.35,91.33,101.91,107.22,93.95,37,40,42,32,20.62,0.28,20.33,20.98,0.66
UNP,87.97,94.03,94.03,100.93,104.85,91.13,37,39,39,21,224.87,0.4,226.44,231.04,1.88
BHR,87.96,99.31,99.31,85.65,112.31,134.21,37,20,50,79,2.41,0.33,2.34,2.62,0.59
AVA,87.96,94.35,98.59,126.47,131.52,95.75,37,78,77,36,37.24,0.39,38.1,37.59,1.2
USGO,87.95,89.44,119.43,143.89,174.01,196.55,37,86,90,92,8.81,0.47,9.23,9.74,0.61
IPHA,87.95,87.95,90.15,119.75,117.32,112.78,37,72,63,61,1.92,0.3,1.99,1.94,1.03
HZO,87.94,96.14,100.33,86.01,93.29,95.84,37,21,25,36,24.25,0.33,24.17,26.59,0.67
NWFL,87.94,96.69,98.53,103.8,101.85,109.36,37,43,35,56,24.56,0.34,25.46,25.86,1.17
TECX,87.94,97.2,336.33,103.42,361.61,757.09,37,43,97,99,21.91,0.18,21.57,31.16,0.44
PNRG,87.93,91.38,92.97,129.13,169.48,176.32,37,80,90,90,161.34,0.44,164.77,184.65,0.16
XWEL,87.93,87.93,80.05,73.59,71.22,94.93,37,12,9,34,1.08,0.2,0.94,1.21,0.2
ERO,87.91,94.99,104.54,100.93,82.76,99.87,37,39,15,42,14.21,0.34,14.96,14.72,1.07
AVB,87.86,89.38,93.07,107.78,106.44,107.62,37,49,41,54,202.63,0.37,203.07,211.63,0.54
ABG,87.85,102.0,102.96,100.27,120.24,102.66,37,38,67,46,229.96,0.2,238.71,245.16,1.2
RDY,87.84,90.2,102.24,107.5,97.06,95.48,37,49,29,35,14.48,0.47,14.83,14.41,0.68
VRNT,87.84,88.87,93.75,72.19,87.94,96.23,37,11,19,36,20.81,0.29,18.69,22.06,0.68
BMY,87.84,89.75,87.86,108.78,125.89,111.5,37,51,73,59,47.36,0.33,46.99,52.66,0.75
SNTG,87.83,95.94,98.77,94.8,92.3,98.72,37,30,23,40,1.93,0.35,1.82,1.89,0.11
BNL,87.83,93.9,96.54,111.99,116.57,103.58,37,62,62,48,15.77,0.38,15.86,15.99,1.01
SNY,87.82,88.98,90.73,111.95,122.07,96.45,37,61,69,37,48.32,0.34,49.67,50.1,0.77
REPX,87.8,93.51,93.78,98.22,124.68,126.28,37,35,71,74,27.41,0.36,27.01,29.11,2.13
CUBE,87.77,92.54,92.57,100.03,101.02,101.23,37,37,34,44,41.08,0.34,42.16,42.71,0.88
COHU,87.73,88.74,91.85,83.24,77.21,86.06,37,18,12,15,19.65,0.31,18.57,21.27,0.99
COCH,87.71,92.5,83.96,86.62,71.19,129.74,37,21,9,76,1.61,0.14,1.53,1.74,0.62
UPBD,87.71,92.62,95.03,88.23,88.47,98.11,37,23,19,39,24.43,0.3,24.64,26.48,0.91
SNFCA,87.71,94.02,95.19,115.03,147.41,142.44,37,66,84,83,8.76,0.27,9.43,10.53,0.4
GAP,87.68,97.03,101.12,131.07,107.12,107.6,37,81,42,54,20.19,0.25,23.13,22.15,0.71
PN,87.67,87.67,86.89,109.63,114.01,92.57,37,54,54,26,2.44,0.13,2.63,2.91,4.53
IVT,87.65,91.04,95.59,109.49,113.09,106.6,37,52,50,52,26.96,0.29,27.54,28.54,0.86
GGAL,87.65,95.04,107.55,168.74,225.22,247.65,37,91,95,95,47.22,0.46,54.89,57.15,0.62
UMH,87.64,90.39,91.05,109.27,114.73,108.31,37,52,58,55,16.91,0.22,16.89,17.74,0.83
WDAY,87.64,87.64,92.35,107.59,100.12,98.44,37,49,33,39,233.06,0.35,246.84,250.22,1.12
SON,87.62,91.14,91.14,95.94,97.4,86.66,37,32,29,16,45.87,0.39,45.27,47.06,0.78
EGBN,87.62,94.6,91.41,96.86,107.26,125.46,37,33,42,73,21.47,0.37,18.8,22.7,0.72
HAFN,87.6,90.95,98.19,101.12,84.86,84.91,36,39,16,14,5.22,0.44,5.22,5.15,0.45
PHM,87.59,95.88,95.88,90.23,98.61,124.52,36,25,31,72,108.66,0.3,104.08,112.66,0.96
FPAY,87.59,91.91,91.03,114.66,131.69,158.54,36,65,77,88,1.28,0.26,1.25,1.41,0.24
NTRA,87.59,103.5,118.53,130.39,164.62,172.68,36,81,89,90,138.9,0.52,159.9,153.9,1.03
VTVT,87.56,90.38,96.19,137.95,139.02,104.86,36,84,81,49,16.77,0.36,17.21,16.54,0.22
BKH,87.56,91.96,94.88,115.72,118.65,104.87,36,67,65,50,56.83,0.31,57.31,58.41,0.76
KSS,87.56,87.56,84.05,69.52,66.33,85.21,36,9,7,15,9.58,0.24,8.44,11.67,0.58
HASI,87.53,92.91,91.71,98.03,109.38,129.31,36,35,45,76,26.69,0.37,26.23,27.63,0.68
KTB,87.53,90.34,95.9,95.46,124.52,125.54,36,31,71,73,64.02,0.29,68.01,74.55,0.81
CPHC,87.51,87.98,94.89,90.46,98.31,101.16,36,25,31,44,18.5,0.3,17.99,19.11,0.23
WIT,87.5,89.09,91.93,96.69,112.26,113.79,36,33,49,62,3.0,0.29,2.96,3.2,0.86
RGCO,87.5,98.86,105.74,112.01,125.86,106.11,36,62,73,51,20.51,0.42,21.27,20.56,1.37
NJR,87.49,92.09,93.89,120.07,123.02,105.19,36,72,70,50,45.73,0.47,45.37,46.36,0.7
OCSL,87.49,90.95,89.75,97.78,101.01,84.24,36,34,34,14,14.26,0.47,13.9,14.41,1.46
WYY,87.49,87.49,88.83,173.88,126.14,191.94,36,92,73,92,3.18,0.16,3.6,3.86,0.26
MLKN,87.48,91.34,92.13,73.19,83.52,82.96,36,11,15,13,19.4,0.28,18.1,20.52,0.66
EOG,87.48,93.93,98.92,98.42,107.96,100.35,36,35,43,43,117.68,0.47,116.26,121.23,1.56
XOM,87.46,95.67,99.26,102.31,110.72,98.16,36,41,47,39,107.77,0.38,108.33,110.21,1.89
BEAM,87.46,97.09,98.96,82.88,116.19,101.67,36,18,61,45,20.75,0.32,17.98,22.86,1.06
FITBO,87.45,89.28,89.28,106.59,108.89,100.32,36,48,44,43,19.97,0.23,20.26,21.28,0.46
PDFS,87.44,87.44,89.08,72.24,82.88,88.28,36,11,15,18,23.58,0.34,20.44,24.53,0.94
RITR,87.42,115.86,168.53,135.09,117.92,91.87,36,83,64,22,3.82,0.24,4.45,4.16,1.85
NRC,87.42,93.63,96.78,86.65,70.8,65.88,36,21,9,5,14.22,0.27,15.06,15.98,0.82
MFA,87.4,92.34,90.18,100.05,105.78,109.57,36,37,40,56,9.2,0.37,9.26,9.72,0.76
INTT,87.39,93.69,96.63,87.45,97.15,91.55,36,22,29,22,7.32,0.3,6.74,7.39,0.32
CINT,87.38,91.81,93.99,112.2,131.93,122.3,36,62,77,70,5.56,0.31,5.97,6.37,0.35
SCKT,87.38,97.28,98.67,113.27,126.55,122.55,36,64,73,70,1.19,0.38,1.16,1.25,0.38
MDV,87.37,92.94,92.08,117.81,116.25,108.94,36,70,61,56,14.31,0.28,14.31,14.9,0.69
MOD,87.37,87.37,96.08,102.19,128.3,158.19,36,41,75,87,97.76,0.39,96.23,105.34,1.21
HUBC,87.35,87.35,47.59,45.35,153.38,128.02,36,3,87,75,4.25,0.23,2.41,4.71,0.76
ALRM,87.34,87.91,92.15,93.98,93.27,99.68,36,29,25,42,55.32,0.27,57.21,58.18,0.7
EPRT,87.33,94.85,101.75,117.57,118.93,115.01,36,70,66,63,30.49,0.52,31.8,31.57,1.35
NHI,87.33,91.41,95.15,121.42,121.45,113.54,36,73,68,61,70.49,0.37,71.46,71.49,0.81
LBGJ,87.3,89.29,97.06,98.25,88.61,92.57,36,35,20,26,1.49,0.14,1.48,2.22,0.24
DSGN,87.29,98.79,94.83,104.16,121.13,206.32,36,44,68,93,3.98,0.25,3.79,4.72,0.7
APGE,87.28,88.66,101.75,95.84,83.45,157.87,36,31,15,87,39.31,0.33,40.04,42.6,0.85
ERIC,87.27,101.13,109.05,129.59,127.04,135.7,36,80,74,80,7.46,0.45,8.35,8.05,0.7
FDS,87.27,92.59,94.29,102.91,103.41,99.69,36,42,37,42,432.32,0.39,444.36,453.85,1.17
NERV,87.26,91.06,79.14,85.21,79.85,69.73,36,20,13,6,1.99,0.32,1.69,1.98,0.55
MGIH,87.25,93.5,101.38,115.07,121.81,177.02,36,66,69,90,1.6,0.16,1.6,1.61,1.13
TEN,87.25,99.25,102.81,102.81,84.4,88.02,36,42,16,17,19.05,0.43,18.9,18.47,0.67
RPM,87.25,91.34,91.82,93.24,102.77,111.75,36,28,36,59,111.43,0.36,111.89,119.49,0.9
MI,87.25,87.25,81.69,83.11,57.43,152.0,36,18,5,86,2.78,0.14,2.43,3.82,1.55
DAY,87.25,87.25,91.47,99.17,106.74,119.59,36,36,42,68,58.25,0.27,57.7,64.24,0.66
BCDA,87.25,91.53,91.53,112.34,107.83,57.95,36,62,43,4,2.23,0.21,2.25,2.33,0.44
FLOC,87.24,88.83,87.66,94.04,114.01,92.57,36,29,54,26,18.82,0.16,18.32,21.88,0.75
AMCR,87.24,91.67,91.67,106.16,108.4,104.46,36,47,44,49,9.54,0.38,9.27,9.75,0.77
KNX,87.24,90.31,92.05,85.98,100.76,100.16,36,21,34,43,44.66,0.32,44.69,49.04,0.82
CROX,87.23,87.92,83.52,109.67,87.63,106.8,36,57,18,52,105.18,0.28,105.6,107.48,0.61
QUAD,87.22,95.1,99.52,106.56,126.09,161.38,36,48,73,88,5.42,0.31,5.59,6.02,0.69
HTHT,87.22,91.03,98.53,116.6,116.68,103.02,36,68,62,47,32.97,0.48,34.89,34.45,0.95
ATOS,87.22,100.21,98.67,94.63,68.01,129.65,36,30,8,76,0.84,0.24,0.87,0.97,0.65
FWRG,87.2,94.65,96.43,126.96,119.56,109.43,36,78,66,56,16.84,0.4,16.27,17.84,0.45
KAPA,87.2,94.98,61.77,80.13,100.0,109.19,36,16,33,56,1.08,0.29,0.66,1.16,0.64
FCPT,87.18,91.83,97.65,119.93,121.46,107.36,36,72,68,53,26.34,0.24,26.94,27.25,0.88
SDGR,87.18,97.51,100.14,141.78,136.05,89.89,36,85,80,20,21.45,0.46,22.11,21.51,0.83
WTRG,87.18,91.69,96.4,121.57,121.92,96.61,36,74,69,37,37.4,0.55,37.97,37.68,1.49
JBHT,87.17,89.53,90.07,85.19,89.96,95.7,35,20,21,36,148.89,0.34,144.21,159.53,1.51
AFL,87.16,90.16,97.48,118.81,120.6,113.69,35,71,67,62,101.83,0.48,103.42,105.66,1.97
PRKS,87.13,87.46,90.76,92.85,99.73,103.34,35,28,32,47,47.97,0.43,46.11,50.26,1.11
WCN,87.13,90.44,98.19,121.22,121.16,102.18,35,73,68,46,182.64,0.43,188.89,185.94,0.96
EPOW,87.12,97.48,108.98,131.79,122.82,107.57,35,81,70,54,0.9,0.57,0.94,0.93,0.1
CCG,87.12,87.12,90.58,114.82,124.4,76.2,35,66,71,9,0.81,0.26,0.8,0.87,1.93
WAFD,87.1,98.57,96.43,100.18,97.05,110.98,35,38,29,58,29.73,0.43,29.26,30.64,1.45
SXI,87.09,90.29,93.12,87.76,104.38,113.81,35,23,38,62,157.11,0.33,156.33,174.2,0.84
ATXG,87.09,92.73,89.5,117.06,149.05,84.08,35,69,85,14,0.68,0.27,0.69,0.72,0.2
NOMD,87.08,90.31,90.9,124.82,125.95,90.95,35,76,73,21,17.43,0.42,17.52,17.76,0.38
RDNT,87.08,87.48,91.73,95.35,112.74,159.19,35,31,50,88,57.49,0.29,57.23,62.39,1.93
AMWL,87.07,101.3,110.97,84.45,111.61,79.31,35,19,49,10,8.07,0.3,7.46,8.56,1.32
PSO,87.06,88.63,97.39,125.07,126.12,115.16,35,77,73,63,14.19,0.3,15.18,15.41,0.71
UAVS,87.06,87.06,67.79,51.57,55.75,44.75,35,4,5,2,2.02,0.05,1.12,2.36,21.72
INEO,87.05,96.05,125.93,146.09,96.24,92.57,35,87,28,26,1.17,0.1,1.18,1.9,0.02
AZN,87.03,92.05,91.46,104.7,111.48,94.97,35,45,48,34,68.79,0.27,70.66,70.31,0.69
SDRL,87.02,93.99,94.45,84.34,77.25,81.9,35,19,12,12,28.16,0.26,26.39,31.11,0.59
GCBC,87.02,91.97,88.32,80.19,90.12,103.27,35,16,21,47,25.21,0.29,22.97,25.94,0.97
RADX,87.0,88.97,89.21,100.6,114.64,92.57,35,38,58,26,4.43,0.04,4.53,4.98,0.22
EIG,86.99,90.17,95.67,111.33,115.56,109.6,35,60,60,56,46.42,0.28,47.65,48.91,1.14
RBNE,86.98,89.69,95.42,109.63,114.01,92.57,35,54,54,26,3.34,0.08,3.65,3.62,0.11
ECX,86.98,159.4,154.26,99.91,197.55,106.92,35,37,93,53,1.3,0.2,1.77,1.82,1.27
UPB,86.98,113.27,113.94,104.16,90.31,92.57,35,44,21,26,10.72,0.22,10.39,13.31,0.55
ZETA,86.96,87.5,91.51,75.72,138.53,228.02,35,13,81,94,15.6,0.18,14.07,18.68,1.38
NMM,86.96,87.44,87.44,87.07,95.32,144.07,35,22,27,83,40.71,0.33,39.12,43.64,0.59
ARTNA,86.96,92.52,99.33,114.29,111.32,84.62,35,65,48,14,33.28,0.4,33.74,32.82,0.94
BCO,86.96,89.72,90.35,99.35,98.47,107.2,35,36,31,53,93.4,0.35,88.2,92.5,0.49
HUYA,86.95,86.95,110.61,112.65,139.47,120.33,35,62,81,68,3.34,0.37,3.49,3.5,2.76
UNB,86.94,97.1,98.96,133.93,126.31,124.41,35,82,73,72,26.67,0.32,29.27,29.81,0.33
RVLV,86.93,90.99,91.72,91.35,142.3,173.8,35,26,83,90,21.39,0.2,20.62,26.02,0.55
CVRX,86.92,93.66,71.23,67.84,148.95,140.73,35,9,85,82,8.0,0.24,6.47,10.83,1.04
SBH,86.92,90.9,90.69,92.1,86.41,112.86,35,27,17,61,9.67,0.29,9.15,10.43,0.77
ASTI,86.88,86.88,121.64,65.62,49.17,66.93,35,8,3,6,2.1,0.11,1.86,2.2,0.09
RYAN,86.88,88.68,101.45,122.77,130.89,120.64,35,75,77,69,66.04,0.48,67.89,68.51,0.84
MGY,86.87,93.66,94.12,96.53,107.63,106.64,35,32,43,52,23.14,0.41,22.86,23.86,1.04
MAX,86.87,91.48,89.42,89.7,83.69,127.65,35,24,16,75,10.28,0.21,10.51,11.57,1.54
MSI,86.87,88.38,92.36,107.97,110.88,119.47,35,50,47,68,420.46,0.32,416.17,442.83,0.8
AOS,86.86,88.04,88.28,94.34,89.8,86.01,35,29,21,15,70.3,0.37,66.74,69.25,1.46
BHE,86.86,90.26,92.86,98.76,123.81,131.24,35,36,71,77,39.41,0.37,37.79,41.31,0.75
KGS,86.81,94.14,102.18,115.06,164.16,162.22,35,66,89,88,32.29,0.33,34.41,36.78,0.83
CLF,86.8,87.62,90.11,70.69,79.28,74.55,35,10,13,8,9.48,0.36,7.7,9.86,0.71
HRL,86.79,92.63,96.18,108.34,109.27,93.4,35,50,45,31,29.14,0.29,29.99,29.82,0.93
PDCC,86.79,89.96,91.62,107.57,110.15,93.55,35,49,46,32,17.83,0.38,17.35,18.2,1.17
AAPL,86.78,87.61,90.02,102.82,110.12,113.11,35,42,46,61,211.18,0.45,204.34,221.99,0.92
TDOC,86.78,88.69,93.15,75.93,124.17,102.97,35,13,71,47,8.05,0.2,7.55,8.96,0.94
FCNCP,86.78,90.01,93.67,101.74,107.06,101.93,35,40,42,45,20.63,0.32,21.05,21.61,0.34
NATL,86.78,98.33,98.86,107.91,115.61,127.36,35,50,60,74,27.5,0.36,27.88,29.0,0.65
CNQ,86.77,92.05,101.4,103.45,96.21,91.53,35,43,28,22,30.81,0.47,31.56,31.38,0.81
QCOM,86.76,88.51,93.02,91.46,97.08,101.11,35,26,29,44,154.8,0.46,153.06,156.54,0.93
AERT,86.75,103.81,141.62,141.62,68.22,58.78,35,85,8,4,1.0,0.25,0.88,0.95,1.77
PBA,86.75,88.9,92.68,109.99,112.9,108.63,35,57,50,55,37.25,0.26,37.44,38.61,0.62
IKT,86.74,103.21,110.31,123.92,162.02,255.98,35,76,89,96,1.84,0.25,1.91,2.29,0.33
DVAX,86.72,86.72,81.25,101.16,117.25,102.63,35,39,63,46,10.72,0.26,10.07,11.85,0.48
BCE,86.67,89.69,88.51,91.96,94.32,85.0,35,27,26,15,23.68,0.25,22.2,23.78,0.62
SJ,86.67,92.74,92.62,125.46,118.02,99.03,35,77,64,41,0.9,0.45,0.91,0.92,1.01
SITE,86.65,94.39,95.83,88.34,90.58,92.63,35,23,21,30,124.37,0.38,122.29,131.6,1.43
MGEE,86.65,90.43,98.09,113.47,118.42,122.4,35,64,65,70,85.89,0.16,89.06,91.55,0.9
VFS,86.64,90.75,91.72,103.64,96.72,94.81,34,43,28,34,3.61,0.39,3.54,3.71,0.93
ASML,86.61,95.54,98.05,96.28,88.76,88.27,34,32,20,18,734.58,0.41,766.23,723.56,1.57
NEN,86.59,87.3,94.02,116.4,124.42,105.92,34,68,71,51,73.25,0.5,74.79,76.76,0.0
ACIC,86.59,92.26,92.26,109.06,109.33,118.82,34,51,45,67,10.8,0.37,10.91,11.68,0.42
CDXS,86.58,96.29,99.99,72.01,143.69,181.59,34,11,83,91,2.82,0.22,2.5,3.41,0.68
CCCS,86.56,87.46,86.96,85.98,92.54,98.05,34,21,24,39,9.76,0.33,9.18,10.28,0.49
CWST,86.55,94.64,105.73,119.75,120.86,105.78,34,72,68,51,107.94,0.46,114.93,110.18,1.3
IMMP,86.54,87.2,84.12,118.71,87.21,91.59,34,71,18,22,1.7,0.24,1.78,1.88,0.31
GNL,86.53,97.76,100.34,118.24,120.2,95.26,34,70,67,35,7.09,0.46,7.45,7.16,0.78
WEX,86.5,86.54,89.43,80.06,88.47,95.4,34,16,19,35,153.14,0.38,141.45,161.94,0.84
LOB,86.5,92.77,91.53,81.05,84.9,116.13,34,16,16,64,31.74,0.32,29.11,34.99,0.84
IBO,86.48,86.48,80.0,71.46,168.97,108.37,34,10,90,55,0.65,0.06,0.59,1.41,0.05
PAYO,86.47,90.77,88.21,100.07,161.16,163.83,34,37,88,89,6.81,0.27,6.83,8.44,0.72
ASYS,86.45,86.88,83.72,73.96,97.41,97.61,34,12,29,38,4.51,0.34,4.14,4.91,0.99
EQX,86.45,96.08,97.34,132.8,131.47,104.18,34,82,77,48,6.28,0.61,6.33,6.15,0.65
IEX,86.44,86.66,87.13,90.02,96.31,98.48,34,25,28,40,183.38,0.32,180.9,195.98,0.99
LCFY,86.42,100.5,171.97,108.66,161.78,185.18,34,51,89,91,4.81,0.32,4.24,5.74,0.04
TNC,86.42,91.94,91.94,82.21,91.83,84.32,34,17,23,14,79.98,0.31,76.62,81.73,0.71
PTLO,86.42,96.08,101.63,103.99,123.93,106.68,34,44,71,52,11.19,0.38,11.76,11.96,1.62
NWE,86.4,90.97,94.03,122.71,124.7,99.08,34,75,72,41,52.29,0.33,52.92,53.38,1.12
VRTX,86.4,91.52,91.52,119.2,126.01,101.47,34,71,73,44,459.81,0.53,448.58,463.57,0.68
BREA,86.39,95.16,102.09,98.53,119.17,107.71,34,35,66,54,6.74,0.18,6.96,7.22,0.24
HD,86.39,91.81,93.4,100.35,106.29,108.04,34,38,41,54,359.4,0.28,365.35,381.8,0.95
HIHO,86.38,86.38,86.99,99.08,101.45,110.17,34,36,34,57,1.69,0.27,1.74,1.81,0.13
VTRS,86.37,90.03,87.81,83.68,89.5,106.87,34,19,21,52,8.88,0.29,8.86,10.14,0.72
ACRE,86.34,91.66,90.58,85.74,82.72,92.0,34,20,15,22,4.43,0.3,4.68,5.1,1.07
INVX,86.34,96.06,94.64,98.87,117.2,89.02,34,36,63,19,15.66,0.48,15.45,15.77,1.06
AVTX,86.33,86.33,60.61,58.42,108.41,134.63,34,5,44,79,6.25,0.25,4.49,7.52,7.59
GRDN,86.32,91.77,97.31,121.52,123.42,103.67,34,74,70,48,20.28,0.41,21.76,21.19,0.41
MATV,86.32,88.13,86.96,71.8,59.09,98.9,34,11,5,40,7.25,0.2,6.5,8.99,0.81
SPCE,86.32,86.32,68.25,74.21,50.15,61.63,34,12,4,4,3.87,0.28,3.24,4.63,1.33
HHH,86.31,92.04,91.98,101.12,106.15,106.24,34,39,40,52,68.76,0.29,69.08,74.2,0.71
AMTB,86.28,90.25,89.05,91.4,98.1,104.48,34,26,30,49,19.95,0.35,18.08,20.68,1.3
BRO,86.27,92.07,99.12,129.88,135.27,112.11,34,80,79,60,103.84,0.37,109.2,109.8,0.58
CRM,86.27,86.27,91.26,96.15,115.35,123.36,34,32,60,71,262.38,0.2,270.94,296.07,0.81
SPH,86.27,91.66,98.23,118.91,125.16,99.31,34,71,72,41,18.4,0.42,18.72,18.92,0.55
RGA,86.26,89.66,93.09,99.65,104.01,109.44,34,37,38,56,194.81,0.44,200.07,205.02,1.13
LIEN,86.24,88.77,91.14,102.74,114.95,121.57,34,42,59,69,10.4,0.36,10.01,10.88,0.49
ESTC,86.23,86.63,88.01,88.93,108.89,113.78,34,24,44,62,86.79,0.35,86.33,92.86,0.53
SVC,86.22,92.08,91.46,75.55,83.19,50.95,34,13,15,3,2.61,0.21,2.39,2.69,0.82
MKC,86.21,87.18,93.2,110.97,114.17,100.45,34,60,57,43,71.42,0.08,73.5,76.14,0.58
TEO,86.21,86.21,91.48,131.74,150.57,171.48,34,81,86,90,9.06,0.38,9.64,10.79,0.59
IPWR,86.2,92.3,97.3,79.44,89.41,99.51,34,15,21,42,6.17,0.42,4.97,6.04,0.5
VATE,86.12,93.02,98.91,118.25,228.57,100.37,34,70,95,43,5.45,0.21,5.73,6.63,0.23
TREX,86.09,90.6,91.88,84.56,90.61,92.44,34,19,21,23,61.82,0.33,57.86,63.89,0.65
CRT,86.08,90.44,93.17,107.12,132.7,84.12,34,48,78,14,9.81,0.33,9.87,10.08,0.41
SIGI,86.04,87.83,91.4,105.14,102.28,92.53,34,45,35,23,89.53,0.49,87.06,89.64,1.19
BWIN,86.03,90.35,99.43,115.22,130.2,160.37,34,67,76,88,41.84,0.31,39.88,42.64,1.17
HL,86.02,104.02,104.02,114.35,116.36,129.87,34,65,62,76,5.82,0.43,5.66,5.7,0.66
EC,86.02,89.5,97.95,107.8,120.55,81.3,34,49,67,12,8.84,0.41,8.89,8.81,0.96
POWI,86.01,92.16,94.98,91.46,90.92,84.92,34,26,22,14,54.25,0.37,54.6,57.87,0.69
GLRE,86.01,90.31,103.05,108.43,110.69,108.52,34,50,47,55,13.11,0.29,14.0,13.84,0.61
RUSHA,85.99,96.68,99.12,104.33,112.13,119.75,34,44,49,68,50.67,0.25,51.13,54.68,1.0
ATKR,85.97,88.13,92.3,81.69,66.04,74.24,34,17,7,8,74.28,0.25,69.6,74.45,2.85
ARCB,85.96,88.62,92.18,74.37,78.41,89.76,34,12,12,20,78.54,0.32,70.9,85.64,1.06
SIGIP,85.96,87.82,88.87,104.84,109.59,101.05,34,45,45,44,17.03,0.18,16.87,17.58,2.03
CTO,85.96,91.49,95.6,110.12,114.82,105.55,34,58,58,50,17.24,0.22,17.75,18.3,0.73
BZH,85.95,92.29,91.66,83.82,83.07,106.25,33,19,15,52,23.28,0.3,22.23,25.56,1.02
WRD,85.94,85.94,80.77,93.71,131.6,92.57,33,29,77,26,9.1,0.08,8.76,13.49,0.37
LILAK,85.94,88.92,83.03,73.63,93.72,107.8,33,12,25,54,6.53,0.33,5.62,6.7,1.11
FFIC,85.93,90.73,91.63,96.62,102.6,123.15,33,32,36,71,12.49,0.27,12.13,13.52,2.55
VTGN,85.91,85.91,81.9,83.3,99.0,81.86,33,18,31,12,2.55,0.3,2.31,2.62,1.2
OCCI,85.91,90.89,94.2,108.24,106.85,102.2,33,50,42,46,6.17,0.6,6.18,6.32,1.45
CVE,85.91,90.22,90.73,92.29,85.5,78.68,33,27,17,10,14.07,0.36,13.83,14.5,0.83
HUBS,85.9,88.44,88.38,107.49,126.96,122.78,33,49,74,71,542.41,0.25,585.07,635.87,0.83
MMYT,85.9,86.44,92.06,128.05,134.89,149.88,33,79,79,85,96.09,0.35,98.68,103.09,0.89
CYCU,85.89,85.89,82.0,109.63,114.01,92.57,33,54,54,26,0.38,0.01,0.41,0.55,0.71
NWPX,85.88,93.03,93.96,107.32,124.72,142.49,33,49,72,83,40.77,0.21,40.25,45.31,1.17
SWK,85.88,87.91,90.62,81.37,99.66,105.72,33,17,32,51,70.11,0.29,67.63,78.62,0.77
AWR,85.86,90.9,99.33,117.03,117.06,97.94,33,69,63,39,75.68,0.36,77.64,78.28,0.97
RMR,85.85,88.2,88.18,80.31,83.75,90.82,33,16,16,21,17.46,0.35,15.96,18.26,1.93
LIVN,85.83,92.45,95.14,97.9,86.57,92.61,33,34,18,30,41.98,0.39,44.74,45.83,0.75
ATRC,85.82,96.86,105.04,121.27,144.04,125.95,33,73,83,73,29.26,0.4,32.39,33.66,0.64
MSBI,85.82,90.32,88.07,87.47,93.14,108.17,33,22,24,54,18.48,0.3,17.55,20.09,0.69
REBN,85.8,93.8,89.92,180.66,370.07,74.6,33,93,97,8,2.54,0.24,2.67,2.71,1.29
OTTR,85.79,92.22,92.91,105.01,109.95,88.96,33,45,46,19,77.19,0.22,77.78,77.77,1.34
YELP,85.78,87.99,91.6,107.79,104.71,96.68,33,49,39,37,34.46,0.22,36.39,36.59,0.83
DIN,85.78,90.76,93.61,94.06,82.57,84.49,33,29,15,14,23.26,0.31,24.58,26.35,0.91
ACTG,85.78,93.68,93.68,83.65,92.46,91.57,33,19,24,22,3.7,0.31,3.73,4.01,0.54
LSE,85.77,94.66,102.6,101.54,110.68,92.57,33,40,47,26,5.61,0.15,5.48,5.82,0.02
FORM,85.77,85.78,91.32,86.15,86.58,92.68,33,21,18,30,35.28,0.33,33.32,36.74,0.79
CBZ,85.76,87.7,90.84,104.42,111.2,113.37,33,44,48,61,74.7,0.44,72.15,75.58,1.67
CTSO,85.76,94.93,126.16,123.06,128.96,96.44,33,75,75,37,1.03,0.36,1.02,1.02,0.22
PRFX,85.75,89.49,82.2,150.17,295.96,626.45,33,88,96,98,1.45,0.09,1.73,2.22,0.49
FGF,85.74,85.74,78.64,77.52,92.23,110.18,33,14,23,57,18.4,0.14,16.87,20.66,0.17
VVV,85.73,94.41,94.87,91.6,96.7,97.27,33,26,28,38,36.37,0.31,36.28,37.28,0.65
PANL,85.69,89.25,88.58,82.97,94.02,85.18,33,18,25,15,5.02,0.33,4.7,5.12,0.67
CLW,85.69,93.83,93.83,95.02,84.86,81.66,33,30,16,12,28.01,0.15,28.66,27.47,0.83
CULP,85.68,86.66,85.88,87.2,110.79,100.1,33,22,47,43,4.44,0.31,4.17,4.91,0.14
CHEB,85.67,96.44,89.42,111.16,116.04,92.86,33,60,61,30,9.75,0.63,9.5,9.99,0.24
UTZ,85.65,87.35,86.95,97.12,98.12,102.03,33,33,30,45,14.04,0.36,13.07,14.43,0.77
IBP,85.64,95.91,96.73,85.17,95.4,116.74,33,20,27,65,184.09,0.27,173.51,187.32,1.05
SBC,85.64,91.97,92.43,93.39,64.84,70.05,33,29,7,7,5.65,0.21,4.43,5.14,1.9
SFL,85.62,88.19,87.84,86.91,89.79,88.98,33,22,21,19,9.15,0.36,8.69,9.27,0.87
MDCX,85.61,88.11,97.24,186.39,146.31,92.57,33,93,84,26,3.11,0.2,3.83,3.34,0.91
PCAR,85.61,88.8,91.99,91.69,103.76,103.56,33,26,37,48,93.68,0.27,94.48,100.73,1.43
ENTO,85.58,85.58,91.03,93.94,88.46,104.75,33,29,19,49,0.47,0.3,0.45,0.5,0.13
PSN,85.57,87.32,89.28,90.66,101.44,130.65,33,25,34,77,76.21,0.36,69.5,80.2,0.64
ESNT,85.57,89.54,101.88,103.2,108.26,99.63,33,42,43,42,55.69,0.28,58.62,57.3,0.97
BLFY,85.56,92.94,95.22,103.21,108.84,103.04,33,43,44,47,9.11,0.19,9.39,9.74,0.75
GIGM,85.56,92.96,92.96,121.13,131.28,115.28,33,73,77,64,1.43,0.33,1.45,1.5,0.35
ADMA,85.56,96.86,103.37,209.05,195.11,266.84,33,95,93,96,16.73,0.41,19.38,18.8,1.2
MESA,85.55,85.55,85.72,106.99,137.1,127.06,33,48,80,74,1.19,0.45,1.0,1.06,1.92
SWKS,85.54,90.5,97.49,90.38,82.97,84.53,33,25,15,14,72.77,0.37,72.54,76.76,0.52
STR,85.52,89.03,92.31,95.44,101.61,101.45,33,31,35,44,18.7,0.44,18.45,19.45,0.79
CCU,85.51,94.6,100.16,144.81,144.35,96.25,33,87,83,36,12.09,0.4,13.43,12.7,1.04
WHWK,85.5,99.0,103.61,98.57,150.52,187.82,33,35,86,92,1.8,0.19,1.86,2.18,0.58
PEP,85.49,86.55,81.17,98.06,103.51,91.21,33,35,37,21,143.24,0.35,131.62,146.1,1.36
SUZ,85.49,87.02,96.02,97.61,99.47,94.09,33,34,32,33,9.06,0.24,9.28,9.67,1.17
WLYB,85.49,88.53,100.35,109.72,116.9,126.39,33,57,63,74,42.7,0.4,41.98,43.8,0.0
ALC,85.48,87.66,90.31,116.23,114.41,99.8,33,68,57,42,87.35,0.26,87.93,89.77,1.02
CHMI,85.48,93.16,92.41,101.89,129.39,92.38,33,40,75,23,2.63,0.39,2.81,2.79,1.04
SSD,85.48,92.09,92.09,92.75,93.93,95.84,33,28,25,36,159.23,0.35,158.77,166.82,0.6
ABM,85.46,92.47,91.61,100.24,105.6,108.97,33,38,40,56,47.72,0.36,48.72,50.69,0.63
MPX,85.45,94.97,96.34,99.59,95.04,94.49,32,37,26,33,8.38,0.35,8.52,8.74,0.81
IDYA,85.45,91.12,94.45,84.35,63.19,71.43,32,19,6,7,21.59,0.25,20.72,22.99,0.48
ULCC,85.43,86.7,85.48,74.19,168.91,150.17,32,12,90,85,4.12,0.18,3.91,5.66,0.6
ATXS,85.42,93.59,97.05,70.14,66.42,119.41,32,10,7,68,5.97,0.25,5.29,7.46,0.44
CLDX,85.41,92.42,90.05,75.93,69.61,71.41,32,13,8,7,22.41,0.25,20.75,23.05,0.83
CPRI,85.4,85.4,88.28,72.32,78.66,91.59,32,11,12,22,19.57,0.23,17.87,21.89,0.44
SJM,85.39,87.56,85.33,117.38,115.98,92.77,32,69,61,30,106.16,0.49,105.7,109.14,1.09
CNA,85.39,87.65,94.51,115.05,119.91,101.08,32,66,67,44,44.25,0.15,46.35,46.48,1.43
SHFS,85.39,85.39,72.12,46.95,77.7,62.88,32,4,12,5,3.55,0.14,2.55,5.92,0.42
FLNG,85.38,88.55,100.14,103.73,102.82,95.58,32,43,36,35,23.1,0.54,23.6,23.27,1.22
BFRI,85.36,90.39,90.39,87.29,122.81,98.46,32,22,70,40,0.88,0.38,0.68,0.89,0.17
SPWR,85.33,89.66,110.92,250.11,254.59,224.66,32,96,96,94,1.75,0.29,1.75,1.81,0.7
ZYBT,85.32,110.6,145.34,189.59,155.8,92.57,32,94,87,26,5.69,0.2,7.47,6.32,0.04
REFI,85.3,91.8,92.6,105.15,109.87,98.76,32,45,46,40,13.31,0.15,14.0,14.2,1.81
FATN,85.3,102.34,95.42,109.63,114.01,92.57,32,54,54,26,8.16,0.28,8.84,8.99,0.54
LLY,85.27,88.22,88.09,114.43,111.31,110.24,32,65,48,57,771.71,0.24,766.59,808.44,0.92
RPT,85.26,89.95,86.7,101.53,100.42,76.63,32,40,33,9,2.71,0.29,2.71,2.83,0.32
KNDI,85.26,85.26,78.97,94.28,109.51,55.94,32,29,45,3,1.27,0.32,1.15,1.25,1.28
CPSS,85.26,90.71,101.11,102.62,118.19,114.22,32,42,64,62,9.07,0.23,9.52,9.92,0.65
GRNT,85.26,91.75,105.52,100.71,107.74,106.68,32,38,43,52,5.39,0.38,5.79,5.78,0.99
TTC,85.26,88.57,88.83,90.62,91.03,88.93,32,25,22,19,73.73,0.31,72.95,77.03,0.48
RSSS,85.26,97.84,97.84,98.8,131.86,139.85,32,36,77,82,2.7,0.19,2.85,3.08,0.68
WSO,85.24,88.0,88.23,115.95,116.47,114.37,32,68,62,63,470.75,0.37,452.1,480.36,0.82
CDRE,85.24,90.19,95.71,105.07,101.76,98.59,32,45,35,40,32.64,0.39,33.62,33.89,0.51
RNG,85.24,87.28,95.08,86.41,95.83,117.0,32,21,28,65,26.67,0.25,27.27,30.83,1.14
PEN,85.24,94.26,107.2,138.73,138.48,114.5,32,84,81,63,230.38,0.48,260.37,254.98,0.86
MGX,85.23,99.72,97.34,69.72,92.17,113.63,32,9,23,61,1.99,0.19,1.69,2.11,0.71
PSA,85.23,88.9,92.52,108.99,107.68,107.31,32,51,43,53,284.06,0.22,295.54,303.04,1.23
ALGN,85.23,90.76,93.88,86.64,86.6,84.51,32,21,18,14,190.77,0.41,185.75,199.16,0.56
GHI,85.21,89.1,95.59,103.38,107.95,79.41,32,43,43,11,11.19,0.43,11.49,11.37,0.62
CDZI,85.2,88.22,90.96,87.8,171.28,167.0,32,23,90,89,3.01,0.21,2.99,3.57,0.68
AURA,85.2,93.6,88.31,84.39,91.47,121.16,32,19,22,69,6.71,0.26,6.18,7.57,0.93
FRT,85.2,88.31,90.06,97.84,96.98,100.5,32,34,29,43,94.67,0.39,94.51,101.13,0.87
HOLX,85.16,86.5,89.56,88.2,90.7,96.36,32,23,22,36,63.99,0.36,62.17,68.08,0.49
OTLK,85.15,98.47,89.99,81.41,55.28,71.55,32,17,5,7,2.18,0.13,1.81,2.49,1.0
SGHT,85.15,100.17,113.71,111.82,67.66,130.15,32,61,8,76,3.5,0.23,3.74,3.61,0.48
CON,85.14,89.61,93.94,105.31,113.81,94.22,32,45,51,33,19.56,0.08,21.18,21.17,0.96
LOCO,85.14,90.52,93.6,94.08,104.96,120.19,32,29,39,68,10.63,0.35,10.37,11.28,1.09
RNR,85.14,89.23,96.36,105.85,107.4,109.22,32,46,42,56,235.96,0.26,243.43,250.21,0.85
ENS,85.13,86.39,86.74,100.13,102.44,92.58,32,38,36,30,88.69,0.34,88.43,93.26,0.56
MDIA,85.12,90.48,90.68,92.68,118.02,139.64,32,28,64,82,1.23,0.09,1.12,1.17,0.06
BLIV,85.11,85.85,95.42,109.63,114.01,92.57,32,54,54,26,2.94,0.03,3.92,3.96,0.78
RDGT,85.1,90.1,79.17,83.82,67.22,83.65,32,19,8,13,1.36,0.28,1.08,1.48,11.02
CNET,85.06,88.99,78.47,90.4,75.94,60.74,32,25,11,4,1.72,0.17,1.45,1.67,0.08
BNTC,85.05,109.99,140.05,184.0,203.36,199.7,32,93,93,93,11.04,0.35,14.01,12.29,0.77
CMCSA,85.04,88.47,89.15,96.74,98.63,95.63,32,33,31,35,34.54,0.18,34.73,36.68,0.75
REXR,85.03,88.29,87.09,82.99,93.58,84.05,32,18,25,14,36.51,0.28,35.64,38.36,1.52
AIN,85.03,86.07,87.6,83.64,93.28,92.12,32,19,25,22,69.79,0.31,68.08,73.5,0.75
AGM,85.01,92.03,99.06,100.82,105.37,104.74,32,39,40,49,174.34,0.22,188.46,189.86,0.41
ALEC,84.96,93.52,90.64,68.96,45.15,95.98,32,9,3,36,1.59,0.12,1.42,2.21,0.39
HRI,84.94,90.89,96.59,81.92,120.76,151.25,32,17,68,85,136.65,0.26,128.38,161.91,1.38
FRD,84.93,100.88,101.48,118.75,117.31,103.13,32,71,63,47,15.33,0.41,16.33,15.66,0.6
APLE,84.93,88.51,88.08,89.5,97.48,97.86,32,24,30,39,12.34,0.37,11.78,13.42,0.91
RSVR,84.91,94.76,94.63,95.06,103.63,115.37,32,30,37,64,7.39,0.19,7.52,7.99,0.97
FBYD,84.89,86.26,69.55,137.68,121.97,129.76,32,84,69,76,7.62,0.51,6.45,7.32,0.55
TH,84.85,92.34,92.65,102.91,105.11,112.85,32,42,39,61,7.59,0.44,7.26,7.78,0.53
BZAI,84.85,84.85,66.96,49.75,60.07,123.36,32,4,6,71,4.81,0.22,2.58,6.42,35.99
LILA,84.84,87.82,80.08,73.27,93.04,109.89,32,11,24,57,6.43,0.32,5.52,6.71,0.61
ELS,84.82,86.22,90.11,108.14,113.28,94.61,31,50,51,33,61.97,0.07,62.48,65.38,0.79
CSR,84.79,87.97,90.23,101.75,106.07,103.78,31,40,40,48,58.76,0.19,61.32,63.2,0.95
STFS,84.76,94.3,91.5,104.3,173.34,240.06,31,44,90,95,1.62,0.05,1.22,2.91,0.38
UDMY,84.74,86.82,86.15,86.16,108.99,89.21,31,21,44,19,6.99,0.28,7.06,7.75,0.88
EQIX,84.72,84.72,101.24,106.01,104.53,107.08,31,47,38,53,777.78,0.17,846.43,874.87,0.93
TIVC,84.71,84.71,96.37,128.47,149.96,76.92,31,79,85,9,4.04,0.15,4.04,4.62,0.34
ALGT,84.67,88.61,97.82,97.86,154.54,160.24,31,34,87,88,51.69,0.22,54.86,67.27,0.7
INVE,84.66,90.13,89.97,92.35,87.76,83.01,31,27,19,13,3.4,0.36,3.26,3.48,1.06
POST,84.65,86.23,96.6,115.24,118.74,100.73,31,67,65,43,106.58,0.12,109.53,112.05,1.2
FNF,84.64,84.94,92.01,120.55,124.74,112.19,31,73,72,60,55.03,0.26,55.3,58.42,3.35
PEB,84.64,91.41,93.26,79.94,91.68,95.92,31,15,23,36,10.37,0.37,9.82,11.51,0.76
COYA,84.64,94.13,92.75,104.72,112.28,134.63,31,45,49,79,5.81,0.19,5.8,6.3,1.74
GOOD,84.63,90.36,94.81,106.92,107.48,115.65,31,48,42,64,13.65,0.19,14.17,14.97,1.45
MMC,84.61,86.9,93.57,109.93,121.6,96.4,31,57,69,37,212.28,0.14,221.77,223.19,1.58
ACB,84.6,87.17,92.24,119.12,115.37,100.51,31,71,60,43,4.53,0.3,4.98,4.81,0.42
FELE,84.6,87.23,87.8,92.71,100.02,98.19,31,28,33,39,90.86,0.27,88.45,96.44,0.66
DOC,84.6,86.94,86.94,102.39,106.43,107.56,31,41,41,54,18.32,0.32,17.4,19.24,0.68
BFAM,84.58,87.37,98.69,108.37,112.61,113.61,31,50,50,61,114.88,0.3,122.54,121.62,0.71
MTR,84.58,86.54,130.18,130.18,92.79,78.5,31,80,24,10,5.66,0.22,5.39,5.88,0.09
DVA,84.56,85.37,88.26,97.42,119.75,122.62,31,34,67,71,141.16,0.17,140.45,151.32,0.86
TBCH,84.56,89.64,94.19,85.24,117.77,125.25,31,20,64,73,13.02,0.37,12.69,14.9,0.48
BURU,84.55,90.01,114.04,108.79,48.13,79.86,31,51,3,11,0.3,0.04,0.28,0.36,0.09
XPL,84.54,90.36,95.18,99.63,108.37,94.32,31,37,44,33,0.66,0.3,0.64,0.64,0.42
OPCH,84.53,95.61,102.38,114.83,141.17,88.37,31,66,82,18,29.48,0.58,31.67,29.67,0.62
CLNN,84.53,86.11,95.29,97.15,83.39,91.47,31,33,15,22,3.82,0.33,3.55,4.25,0.34
ZTEK,84.52,106.94,136.01,179.85,140.7,124.75,31,93,82,72,0.86,0.26,1.36,1.1,0.71
PG,84.51,87.19,91.12,113.12,112.85,96.71,31,64,50,37,155.1,0.14,160.08,164.13,0.89
EDN,84.51,93.21,99.64,164.68,173.46,221.85,31,91,90,94,24.95,0.29,30.14,33.23,0.52
AIMD,84.5,93.59,111.25,118.6,102.22,97.87,31,71,35,39,2.77,0.33,2.86,2.73,1.12
ABR,84.5,87.44,83.61,95.51,97.49,107.28,31,31,30,53,11.21,0.43,10.39,12.04,0.68
VET,84.48,88.89,88.89,87.21,85.54,87.99,31,22,17,17,7.88,0.43,7.25,8.46,1.07
FIHL,84.47,88.12,93.31,104.08,100.1,116.41,31,44,33,65,15.98,0.27,16.64,16.92,0.65
MORN,84.46,89.27,94.11,96.77,97.32,105.05,31,33,29,50,288.53,0.33,304.31,315.54,0.77
AWX,84.44,85.86,86.53,104.09,137.72,148.23,31,44,80,85,2.53,0.23,2.45,2.91,0.42
ACGLN,84.44,85.7,89.43,98.93,102.55,95.54,31,36,36,35,16.83,0.12,16.77,17.8,0.94
AA,84.42,87.4,90.82,78.67,99.04,132.5,31,15,31,78,30.33,0.32,28.68,34.16,1.15
UHAL,84.41,84.91,87.93,93.91,100.19,105.13,31,29,33,50,62.32,0.19,62.72,67.78,0.76
MANH,84.4,84.81,88.04,89.67,107.56,115.94,31,24,43,64,202.05,0.35,193.21,224.32,0.46
HCC,84.4,89.61,89.61,85.18,87.04,110.69,31,20,18,58,52.55,0.35,47.21,53.59,0.78
LZB,84.39,89.61,93.59,104.95,113.21,109.19,31,45,51,56,37.85,0.2,40.21,41.31,0.75
ANY,84.38,103.91,97.1,98.93,79.74,145.17,31,36,13,84,0.67,0.2,0.71,0.84,1.6
SKYX,84.36,90.5,111.87,119.66,156.76,121.58,31,72,87,70,1.04,0.19,1.22,1.26,0.35
FOXF,84.35,91.17,94.06,83.49,68.83,65.63,31,18,8,5,25.8,0.21,25.91,28.32,0.79
PHG,84.34,84.9,85.4,101.06,104.81,122.84,31,39,39,71,24.6,0.26,23.66,25.96,0.73
RDI,84.33,88.19,91.26,94.9,105.39,83.07,31,30,40,13,1.3,0.17,1.35,1.41,0.83
NHC,84.32,90.93,98.8,98.66,98.05,118.2,31,35,30,66,97.44,0.18,103.62,105.06,0.84
ONTF,84.32,85.96,87.06,92.01,97.4,96.7,31,27,29,37,5.21,0.29,5.37,5.88,0.7
FAF,84.31,89.24,94.14,109.8,115.47,104.5,31,57,60,49,56.25,0.17,58.18,61.48,0.75
BLRX,84.31,91.08,89.74,89.14,36.92,55.79,31,24,2,3,4.47,0.06,4.3,7.48,0.03
AMSF,84.3,86.66,88.44,112.41,121.91,109.14,31,62,69,56,45.18,0.22,45.19,48.91,1.06
LZMH,84.3,84.3,139.5,279.66,114.01,92.57,31,97,54,26,7.87,0.14,15.08,12.07,1.32
NAII,84.29,84.29,83.49,73.23,76.13,72.05,31,11,11,7,3.49,0.21,3.34,3.86,0.4
RLJ,84.29,87.79,87.69,81.6,93.15,94.66,31,17,24,33,7.55,0.34,7.3,8.38,0.57
TEAM,84.28,87.88,101.5,112.22,153.32,141.37,31,62,87,82,194.86,0.31,206.46,230.92,0.69
CLOV,84.27,97.41,118.87,212.89,316.64,342.33,31,95,97,97,2.94,0.42,3.09,3.57,0.84
INBK,84.25,91.1,87.06,77.8,97.38,133.12,31,14,29,78,27.5,0.33,25.11,30.69,0.83
VSEE,84.25,88.92,75.85,69.76,76.99,61.2,31,9,11,4,1.35,0.07,1.16,1.36,0.07
TRNO,84.24,89.87,89.87,100.4,112.83,92.97,30,38,50,31,56.44,0.32,57.08,60.05,0.73
PK,84.23,89.17,90.05,82.26,88.67,96.49,30,17,20,37,10.77,0.37,10.36,11.76,0.46
ZTO,84.22,84.4,87.29,101.77,104.8,112.07,30,40,39,60,18.98,0.24,17.87,19.8,1.25
WFCF,84.22,92.2,92.6,105.88,109.74,109.63,30,46,45,57,10.95,0.4,10.53,11.47,0.9
GCO,84.19,86.64,89.34,85.67,138.96,146.34,30,20,81,84,22.96,0.22,22.12,29.05,0.58
ZEUS,84.17,92.26,92.47,84.48,82.61,80.89,30,19,15,11,33.13,0.24,32.05,34.29,1.0
OLP,84.15,91.19,93.66,109.55,114.49,117.95,30,52,57,66,23.06,0.04,24.01,25.22,0.83
ARBE,84.15,88.88,116.93,110.75,155.01,173.93,30,59,87,90,1.51,0.19,1.61,1.8,1.09
BFS,84.15,90.43,91.7,98.97,102.32,97.44,30,36,35,38,32.88,0.2,33.55,35.41,0.94
IEP,84.11,89.83,88.03,84.86,87.69,85.9,30,19,19,15,9.07,0.23,8.58,9.26,1.53
PSQH,84.1,90.37,82.41,94.54,124.59,187.67,30,30,71,92,2.41,0.12,2.18,2.82,0.33
HRB,84.1,90.93,97.02,121.98,126.74,109.65,30,74,73,57,55.44,0.38,56.3,56.08,0.44
GBR,84.09,87.35,122.35,156.35,98.5,93.53,30,89,31,32,0.95,0.25,1.03,1.06,0.06
CEVA,84.08,84.73,88.08,112.57,148.83,142.04,30,62,85,82,23.24,0.32,21.23,27.02,1.02
PPSI,84.06,85.19,81.15,81.88,100.1,124.53,30,17,33,72,3.14,0.32,2.73,3.53,1.62
PEW,84.06,146.02,147.15,154.84,114.78,102.15,30,89,58,46,10.01,0.0,14.5,11.77,2.32
ILMN,84.06,89.46,91.87,81.82,98.02,112.45,30,17,30,60,96.14,0.3,88.46,110.25,0.8
OBE,84.03,90.49,95.88,97.99,98.72,80.91,30,35,31,11,5.48,0.43,5.3,5.41,0.58
BRFS,84.03,93.03,96.47,111.84,103.58,131.9,30,61,37,78,3.6,0.32,3.66,3.81,0.46
TXMD,84.01,90.77,95.87,116.35,80.53,78.13,30,68,14,10,1.15,0.35,1.26,1.21,0.44
ITIC,83.99,87.0,93.06,125.82,130.88,143.34,30,77,77,83,202.9,0.23,216.61,230.33,0.44
AMKR,83.97,84.42,90.22,79.8,78.09,88.38,30,15,12,18,21.51,0.26,20.09,22.6,0.64
VEL,83.97,89.34,92.68,102.34,106.7,106.72,30,41,41,52,17.46,0.26,17.67,18.72,0.74
ICG,83.96,96.16,86.04,55.34,67.63,122.69,30,5,8,71,2.66,0.16,2.21,3.49,1.25
GNFT,83.94,93.29,100.03,114.69,95.94,138.96,30,66,28,81,3.79,0.3,4.06,4.15,0.1
OXSQ,83.92,85.25,85.14,101.15,106.78,90.08,30,39,42,20,2.33,0.37,2.26,2.41,0.84
CZR,83.91,87.63,89.27,81.17,93.08,99.77,30,17,24,42,29.93,0.3,28.49,33.01,0.93
SGRY,83.91,87.44,85.59,93.18,100.52,103.65,30,28,33,48,22.32,0.21,22.49,24.0,0.92
TRX,83.91,92.78,94.03,97.16,99.35,89.85,30,33,32,20,0.34,0.44,0.33,0.33,1.33
CVR,83.9,88.93,84.47,86.22,95.73,110.52,30,21,27,58,11.52,0.24,12.3,14.59,0.27
ISOU,83.9,85.75,85.53,98.7,81.46,87.05,30,36,14,16,7.17,0.35,7.09,7.65,0.75
TBBB,83.89,84.71,97.12,115.04,110.9,109.85,30,66,47,57,26.02,0.19,27.69,28.91,1.98
FUL,83.87,90.32,92.38,82.59,83.14,87.95,30,18,15,17,60.13,0.32,57.65,62.93,1.0
LMT,83.86,87.7,95.37,102.05,105.74,114.33,30,41,40,63,463.96,0.25,468.7,485.35,1.26
CHD,83.84,86.74,86.74,108.73,113.91,98.13,30,51,51,39,96.6,0.25,96.75,102.87,0.86
SHO,83.83,85.72,87.35,86.58,102.19,106.06,30,21,35,51,8.88,0.28,8.77,9.86,0.79
CTRA,83.83,90.21,99.88,101.74,118.09,108.34,30,40,64,55,24.39,0.32,25.12,25.59,1.05
WDFC,83.81,88.44,95.52,100.93,114.56,102.44,30,39,57,46,217.85,0.03,235.55,242.88,0.63
AVY,83.81,87.73,88.54,91.84,94.03,90.62,30,27,25,20,178.6,0.32,178.66,186.15,0.76
FRPH,83.8,86.16,88.64,97.37,105.33,95.7,30,34,39,36,26.94,0.1,27.06,29.1,0.85
RLGT,83.8,92.19,93.23,102.42,114.26,112.31,30,41,57,60,5.9,0.16,6.07,6.52,0.46
APPN,83.78,85.21,91.75,97.48,95.49,111.39,30,34,27,59,28.81,0.19,30.67,32.67,1.14
KMB,83.78,87.41,90.77,117.27,117.89,97.54,30,69,64,38,127.53,0.22,133.21,133.23,1.58
LAND,83.75,89.24,89.24,89.49,93.12,86.24,30,24,24,16,10.31,0.26,10.0,10.81,0.78
PDM,83.75,93.09,91.3,93.54,99.19,143.02,30,29,32,83,7.26,0.3,7.24,8.06,0.63
APT,83.73,86.04,86.78,89.19,100.97,98.56,30,24,34,40,4.75,0.27,4.67,5.11,0.9
CUE,83.73,83.73,84.52,78.08,105.39,146.07,30,14,40,84,0.9,0.31,0.7,1.05,1.36
ACIU,83.73,84.81,81.74,70.93,82.1,97.44,30,10,14,38,2.07,0.22,1.88,2.45,1.0
UTSI,83.72,98.25,97.66,101.77,96.13,92.27,30,40,28,23,2.5,0.4,2.53,2.61,1.73
JHX,83.72,87.63,92.17,77.22,91.75,93.54,30,14,23,32,26.26,0.28,25.69,29.97,0.46
HTO,83.7,90.15,96.82,113.56,115.16,88.29,30,64,59,18,50.24,0.36,52.22,52.54,0.96
LSAK,83.7,87.8,87.48,99.94,109.9,117.26,30,37,46,65,4.51,0.36,4.3,4.82,0.46
PLUS,83.68,89.89,94.61,93.46,86.46,109.43,30,29,18,56,68.43,0.29,69.73,74.62,0.69
NRDS,83.68,87.69,92.39,93.92,102.5,110.51,30,29,36,58,10.28,0.3,10.94,11.75,0.71
PRU,83.68,86.94,89.22,93.3,99.16,105.19,30,28,32,50,103.27,0.29,104.92,111.24,0.81
CHCT,83.67,92.7,89.76,89.75,98.11,88.65,30,24,30,18,16.18,0.16,16.62,17.16,1.17
THCH,83.66,95.58,95.58,85.5,84.02,89.94,30,20,16,20,2.89,0.25,2.81,3.2,0.19
KREF,83.66,90.17,88.74,100.29,113.49,102.43,30,38,51,46,8.88,0.16,8.96,9.89,0.91
TNK,83.62,87.86,98.12,100.52,85.17,86.49,29,38,17,16,44.06,0.32,44.58,43.16,0.55
JAKK,83.61,84.97,86.43,90.64,124.89,126.96,29,25,72,74,19.69,0.12,20.61,24.62,0.89
BETR,83.6,97.21,98.96,111.25,105.77,73.93,29,60,40,8,13.19,0.26,13.15,12.61,0.4
TALK,83.6,91.24,106.37,125.84,147.83,151.4,29,77,85,86,2.48,0.33,2.9,3.0,0.78
VSCO,83.56,83.56,95.23,97.12,156.48,198.35,29,33,87,93,19.04,0.12,20.41,27.58,0.94
GAU,83.55,93.1,98.48,115.46,110.39,142.84,29,67,46,83,1.35,0.37,1.39,1.35,0.61
AHT,83.55,89.66,87.73,78.83,88.7,94.3,29,15,20,33,6.64,0.22,6.18,7.2,0.79
MAS,83.51,86.59,88.32,89.73,98.95,111.86,29,24,31,59,65.56,0.27,64.2,71.79,0.77
COP,83.48,87.84,88.18,90.35,101.89,90.13,29,25,35,20,91.64,0.31,90.74,97.23,0.97
SAFT,83.47,85.84,97.53,104.33,110.58,97.85,29,44,47,39,73.03,0.1,78.41,78.26,1.1
CHRD,83.46,87.07,87.67,83.59,87.61,78.73,29,18,18,10,106.4,0.3,98.6,108.93,0.66
TALO,83.44,90.36,91.77,91.95,93.38,88.0,29,27,25,17,8.5,0.37,8.51,9.31,1.05
SEVN,83.44,86.13,95.57,103.85,106.81,102.5,29,43,42,46,11.3,0.26,11.81,12.19,2.72
LION,83.42,86.57,86.36,105.72,106.42,85.77,29,46,41,15,6.41,0.24,6.51,7.08,0.68
ICHR,83.41,84.77,84.29,72.28,92.03,95.7,29,11,23,36,22.75,0.31,19.11,26.06,0.63
EGHT,83.39,89.21,93.62,80.49,127.01,119.05,29,16,74,67,1.93,0.19,1.84,2.28,0.43
USPH,83.39,85.72,92.79,87.27,89.34,95.31,29,22,20,35,74.0,0.27,76.41,81.18,0.71
PHUN,83.38,84.58,89.27,96.69,73.05,181.73,29,33,10,91,3.42,0.09,3.15,4.07,2.53
SCL,83.38,87.59,88.65,79.08,76.61,86.42,29,15,11,16,56.28,0.25,55.62,61.87,0.95
OKE,83.38,84.79,85.26,100.81,119.2,133.82,29,39,66,79,83.3,0.19,82.0,92.62,1.23
PCYO,83.37,87.99,94.86,104.91,108.78,126.64,29,45,44,74,9.97,0.06,10.47,11.26,1.48
KIND,83.37,84.33,77.83,75.71,110.11,113.87,29,13,46,62,1.88,0.33,1.58,2.05,1.41
LPX,83.36,89.46,92.96,94.44,125.75,130.07,29,30,72,76,87.41,0.17,90.44,99.64,0.47
WKSP,83.35,83.35,90.83,63.66,129.04,156.07,29,7,75,87,4.28,0.21,3.23,5.66,1.17
DHI,83.34,90.15,90.49,85.46,95.44,115.17,29,20,27,64,131.8,0.21,125.94,140.91,1.43
WSR,83.34,88.11,88.0,111.64,115.96,106.81,29,61,61,52,12.44,0.16,12.42,13.31,0.6
PT,83.33,96.63,93.94,106.57,114.02,92.41,29,48,56,23,0.94,0.26,0.95,0.97,4.84
UNF,83.31,88.04,101.8,97.97,117.04,120.86,29,34,63,69,175.42,0.2,183.41,191.74,0.88
ALKT,83.29,89.4,98.36,101.52,108.34,132.93,29,40,43,78,27.81,0.27,29.33,32.07,0.75
CCO,83.28,88.48,92.63,82.1,82.8,100.09,29,17,15,43,1.18,0.37,1.15,1.31,0.53
PDS,83.26,84.22,88.56,89.75,93.2,95.08,29,24,24,34,51.15,0.34,46.99,53.31,0.94
OII,83.26,89.7,90.4,92.31,102.46,117.75,29,27,36,66,20.47,0.31,20.38,23.06,0.96
BRT,83.21,87.4,88.51,100.14,109.11,103.56,29,38,45,48,15.25,0.12,15.57,16.62,0.91
PHI,83.19,83.9,89.93,110.06,107.34,99.78,29,57,42,42,22.01,0.24,22.35,22.67,0.77
WTTR,83.19,86.64,86.91,83.67,129.98,139.44,29,19,76,81,9.46,0.29,8.79,10.93,1.05
NICE,83.17,85.28,96.41,105.01,90.91,91.31,29,45,22,21,153.41,0.24,165.61,166.34,0.66
CL,83.16,87.89,89.71,114.34,112.36,100.87,29,65,50,44,86.84,0.1,89.81,90.95,0.99
MDRR,83.16,86.77,89.07,108.66,118.21,114.56,29,51,65,63,11.11,0.26,11.41,12.02,0.15
CE,83.16,88.22,89.92,73.06,60.71,84.62,29,11,6,14,57.31,0.19,55.62,69.34,1.02
BOC,83.16,90.31,93.72,110.93,111.34,96.63,29,60,48,37,13.55,0.15,14.29,14.57,1.16
FNWD,83.16,87.81,99.21,123.68,120.44,115.48,29,75,67,64,26.63,0.18,28.88,29.14,0.54
DNTH,83.15,84.48,89.46,97.42,98.18,137.1,29,34,30,80,20.4,0.37,18.71,22.06,1.58
IOT,83.15,83.68,95.87,111.31,127.75,138.28,29,60,74,81,39.24,0.21,42.25,45.26,0.78
IMMR,83.15,87.85,89.47,89.47,95.9,104.49,29,24,28,49,7.85,0.2,7.68,8.0,1.11
DMLP,83.15,85.97,92.06,102.08,102.13,105.01,29,41,35,50,27.5,0.2,27.71,29.56,0.79
CVCO,83.13,94.29,95.03,121.73,135.12,130.9,29,74,79,77,420.73,0.33,452.61,474.0,0.75
SKYH,83.11,85.33,84.05,113.83,123.12,110.1,29,64,70,57,10.13,0.32,10.38,11.16,0.49
PRVA,83.1,92.79,107.88,126.24,134.76,106.15,29,78,79,51,19.61,0.31,22.67,21.95,1.19
FLGT,83.1,91.54,103.16,110.63,104.56,79.89,29,59,38,11,17.78,0.26,20.05,18.75,1.04
EPAC,83.1,83.72,96.56,102.68,117.44,125.24,29,42,64,73,38.36,0.1,41.9,43.69,1.36
VKTX,83.09,84.59,85.7,71.21,67.69,249.37,29,10,8,95,32.01,0.21,28.01,38.16,1.0
CYBN,83.08,93.13,103.54,97.74,78.01,87.01,29,34,12,16,8.32,0.47,7.78,8.66,1.17
CNI,83.08,89.57,91.79,96.39,95.12,83.87,29,32,26,13,99.5,0.23,104.36,104.23,2.14
MSS,83.07,83.07,82.88,97.06,146.49,123.56,29,33,84,71,1.01,0.33,0.92,1.06,0.95
GOGL,83.05,85.19,85.19,82.5,87.48,103.0,29,18,18,47,8.23,0.29,7.75,8.82,2.01
AQB,83.05,85.76,102.75,99.26,114.53,66.07,29,36,57,5,0.8,0.23,0.8,0.82,0.42
MCRP,83.05,98.4,98.4,109.63,114.01,92.57,29,54,54,26,2.54,0.25,2.75,2.84,0.48
OPK,83.03,85.13,84.01,109.94,139.99,110.67,28,57,82,58,1.35,0.16,1.32,1.5,0.83
GENC,83.03,90.35,90.84,84.73,77.3,109.64,28,19,12,57,13.84,0.21,14.14,15.99,1.08
NWL,83.02,87.13,87.77,78.62,133.4,135.3,28,15,78,80,5.6,0.17,5.52,7.22,0.49
MEOH,82.98,84.34,87.26,87.26,111.48,102.24,28,22,48,46,33.73,0.29,33.79,39.59,0.54
JOB,82.97,82.97,84.99,81.03,85.95,81.19,28,16,17,11,0.21,0.19,0.2,0.22,1.61
TWIN,82.97,92.02,91.79,75.68,76.97,81.89,28,13,11,12,8.59,0.28,8.09,9.62,0.25
INFY,82.97,84.69,87.93,89.68,100.63,109.44,28,24,33,56,18.21,0.28,18.34,20.21,0.85
RVMD,82.96,85.39,93.95,101.22,97.57,159.89,28,39,30,88,38.3,0.24,39.19,42.92,0.89
ODFL,82.95,86.12,88.33,87.87,91.07,100.77,28,23,22,43,162.09,0.19,163.74,180.49,0.93
FDX,82.94,86.3,87.45,86.13,94.29,101.14,28,21,26,44,226.62,0.28,225.22,248.99,0.8
HRZN,82.94,84.32,84.24,94.09,101.17,78.83,28,29,34,10,8.06,0.32,7.39,8.25,0.66
IQ,82.94,82.94,75.85,78.22,93.8,71.12,28,14,25,7,1.96,0.2,1.79,2.11,2.51
ECO,82.92,89.91,92.92,95.72,97.38,97.53,28,31,29,38,23.1,0.29,23.18,23.43,0.97
KNTK,82.92,82.92,86.53,95.13,147.45,146.49,28,31,84,84,42.77,0.21,43.59,50.41,1.09
A,82.91,90.79,91.08,86.4,101.41,98.36,28,21,34,39,113.99,0.28,115.38,126.59,0.72
ZENV,82.88,86.92,103.34,103.34,158.18,166.13,28,43,88,89,1.49,0.21,1.47,1.68,0.17
KHC,82.88,83.69,81.48,103.09,102.78,91.93,28,42,36,22,27.82,0.24,26.67,29.32,1.2
WHF,82.87,85.68,87.86,104.96,102.22,91.33,28,45,35,22,8.87,0.24,8.82,9.36,0.56
BBY,82.85,86.69,90.24,87.61,106.97,109.53,28,22,42,56,67.55,0.28,69.78,78.19,0.94
CAN,82.85,95.46,66.08,69.11,184.2,231.02,28,9,92,94,0.9,0.13,0.71,1.29,1.9
ALSN,82.85,89.68,96.26,110.25,133.11,147.52,28,58,78,84,86.99,0.14,98.4,102.85,1.75
TRAK,82.84,91.09,99.56,119.96,120.46,144.98,28,72,67,84,18.4,0.19,20.8,20.78,0.87
KWR,82.82,88.73,90.85,76.06,82.3,89.08,28,13,14,19,119.09,0.24,113.57,132.5,0.79
LSTA,82.81,92.12,98.68,103.38,113.71,114.28,28,43,51,62,2.53,0.31,2.57,2.66,1.67
POR,82.76,87.75,89.36,108.96,112.78,98.82,28,51,50,40,40.02,0.06,40.98,42.68,1.63
AAT,82.76,92.01,90.7,88.1,94.9,113.23,28,23,26,61,20.14,0.3,19.9,22.38,0.7
UTMD,82.73,85.8,88.13,88.59,96.08,83.69,28,23,28,13,55.52,0.18,55.4,58.98,1.17
NAT,82.73,87.8,93.28,94.56,88.34,80.69,28,30,19,11,2.68,0.32,2.7,2.72,0.53
SD,82.71,89.43,98.88,98.88,99.54,92.61,28,36,32,30,10.22,0.29,10.62,11.0,0.94
SAIC,82.7,86.66,91.62,106.89,102.59,105.45,28,48,36,50,113.42,0.32,112.46,117.33,0.4
KLIC,82.69,84.4,87.58,81.97,90.03,97.7,28,17,21,38,35.42,0.36,34.1,39.55,0.59
OXY,82.68,88.02,87.52,88.65,94.1,83.69,28,24,26,13,43.62,0.29,43.12,46.48,0.95
AVR,82.68,86.34,88.39,98.5,103.59,92.57,28,35,37,26,3.05,0.09,4.04,5.09,0.45
DLX,82.66,85.36,85.42,82.33,105.99,108.24,28,17,40,55,16.3,0.28,15.42,17.91,0.97
DIT,82.64,83.15,82.15,91.83,95.4,81.8,28,27,27,12,114.01,0.27,111.36,124.23,2.55
RXRX,82.64,82.64,91.62,85.6,122.03,95.84,28,20,69,36,5.84,0.27,4.89,6.24,1.89
M,82.63,82.63,85.06,77.79,84.57,93.71,28,14,16,32,11.95,0.27,11.79,13.58,0.8
BLCO,82.6,85.93,87.46,84.89,95.94,117.94,28,19,28,66,13.9,0.3,12.35,15.9,0.41
SND,82.59,87.96,95.39,101.45,132.68,116.38,28,40,78,65,1.97,0.28,1.99,2.18,0.3
GTY,82.59,89.74,94.57,108.21,119.15,102.76,28,50,66,46,26.79,0.0,28.08,29.28,1.36
AMBC,82.58,83.45,70.26,67.65,82.84,92.17,28,9,15,23,8.75,0.32,7.43,9.87,1.56
ACGL,82.57,85.47,90.42,105.99,106.25,103.48,28,47,41,48,88.35,0.14,91.72,94.03,3.36
BTU,82.57,85.03,81.74,76.34,71.33,110.09,28,13,9,57,15.55,0.28,13.99,17.77,1.32
FFWM,82.56,91.49,92.12,92.66,88.34,117.8,28,28,19,66,5.34,0.21,5.28,5.89,0.85
DLNG,82.55,84.22,88.45,97.57,135.41,149.33,28,34,79,85,3.59,0.13,3.65,4.04,0.85
XRAY,82.53,84.6,85.09,80.05,76.3,75.13,28,16,11,8,15.68,0.23,15.92,17.56,0.67
ZKH,82.52,85.0,90.08,84.11,88.43,79.61,28,19,19,11,3.1,0.36,3.04,3.39,2.73
HEPS,82.49,91.2,108.93,132.9,153.4,169.72,28,82,87,89,2.6,0.29,2.73,2.96,0.6
MDXG,82.46,88.11,86.76,99.26,124.13,130.67,28,36,71,77,6.42,0.21,6.53,7.52,0.87
RPTX,82.46,99.72,93.59,77.73,62.35,91.32,28,14,6,21,1.51,0.2,1.42,1.83,0.9
FTV,82.44,87.45,89.13,94.86,98.34,92.98,28,30,31,31,50.53,0.23,53.23,55.78,0.63
NVR,82.44,88.61,89.82,92.25,100.86,114.21,28,27,34,62,7422.83,0.22,7295.86,7958.11,0.98
OSCR,82.37,96.06,131.84,116.75,99.15,136.58,28,69,32,80,13.42,0.16,16.26,15.35,2.86
BLZE,82.36,85.27,90.11,93.49,96.1,105.96,28,29,28,51,5.28,0.27,5.41,5.98,0.97
EML,82.35,85.2,85.2,84.29,100.18,115.98,28,19,33,64,22.75,0.25,23.26,26.2,1.75
TECK,82.33,87.41,91.06,86.73,95.48,102.87,28,21,27,47,37.52,0.35,37.91,41.22,0.72
LOW,82.32,86.79,88.7,93.29,103.15,108.81,27,28,37,55,219.16,0.12,223.88,242.86,0.87
THRM,82.32,85.34,82.54,68.2,80.16,78.91,27,9,13,10,30.51,0.23,28.32,34.36,1.26
GAIA,82.31,88.31,103.25,116.65,120.51,156.1,27,68,67,87,4.08,0.29,4.63,4.86,0.35
CDLR,82.29,84.37,89.62,101.86,98.21,107.08,27,40,30,53,20.91,0.32,20.43,21.86,0.73
LFT,82.28,85.95,96.22,124.95,123.76,107.63,27,76,71,54,2.18,0.17,2.34,2.4,0.91
ADXN,82.28,104.02,110.69,115.0,100.37,120.66,27,66,33,69,7.54,0.2,8.61,8.37,0.4
MBIN,82.28,86.05,84.51,83.02,98.18,98.44,27,18,30,39,34.83,0.22,32.91,37.12,0.82
OPAD,82.25,96.92,57.9,43.77,51.35,83.11,27,3,4,13,2.14,0.3,1.16,2.28,1.98
STRW,82.24,84.9,97.63,120.06,135.06,128.93,27,72,79,75,10.21,0.34,10.32,10.96,0.43
CGEN,82.23,96.99,101.71,95.87,124.82,111.39,27,31,72,59,1.54,0.26,1.57,1.68,1.07
TPH,82.22,88.76,88.52,84.17,93.25,111.0,27,19,24,58,32.99,0.23,31.52,35.48,1.23
TM,82.22,85.02,89.96,105.18,103.05,92.78,27,45,37,30,168.65,0.23,179.42,180.19,0.77
DDL,82.21,82.21,80.26,128.66,180.84,224.42,27,79,91,94,2.32,0.22,2.16,3.07,0.89
NDLS,82.2,86.36,80.55,88.57,136.15,62.27,27,23,80,4,0.88,0.24,0.81,0.99,0.15
ADAG,82.2,95.26,93.4,86.33,80.1,124.87,27,21,13,72,1.75,0.17,1.86,1.99,0.61
GDTC,82.2,85.68,107.12,112.52,135.84,148.42,27,62,79,85,2.02,0.28,2.2,2.42,1.18
SUPV,82.19,91.6,102.8,204.75,276.89,317.15,27,94,96,97,9.75,0.31,12.43,12.89,0.69
TSQ,82.18,95.84,87.87,78.45,86.3,90.91,27,14,17,21,7.71,0.28,7.23,8.15,1.41
TER,82.15,82.85,86.59,77.28,100.31,104.05,27,14,33,48,93.92,0.3,86.19,102.74,0.79
PTMN,82.15,83.63,80.12,80.06,99.05,93.42,27,16,32,31,12.79,0.26,12.19,14.34,1.13
ILAG,82.14,98.74,117.89,111.8,120.67,163.24,27,61,67,88,0.49,0.16,0.47,0.69,0.09
CTS,82.14,85.09,87.82,85.53,100.28,111.23,27,20,33,59,41.02,0.26,41.98,46.26,1.3
SMPL,82.14,84.88,88.58,115.86,116.89,101.78,27,67,62,45,32.73,0.16,33.66,35.65,0.7
TRUE,82.13,83.58,80.74,64.37,98.23,131.83,27,7,30,78,1.97,0.21,1.66,2.7,0.75
INCR,82.13,89.03,88.39,92.09,94.4,97.0,27,27,26,37,1.52,0.24,1.53,1.56,1.49
ARL,82.12,96.46,110.32,95.76,88.93,94.98,27,31,20,34,12.52,0.2,13.98,14.15,2.15
IPG,82.11,84.93,85.32,89.74,94.54,92.73,27,24,26,30,24.18,0.19,24.22,26.53,1.37
ACET,82.11,96.69,86.1,74.9,72.94,76.14,27,12,10,9,0.76,0.26,0.7,0.9,0.49
COOK,82.1,94.31,89.2,81.17,90.26,120.13,27,17,21,68,1.88,0.22,1.67,2.27,0.27
TOUR,82.07,84.53,83.81,103.88,132.62,125.65,27,43,78,73,0.85,0.13,0.89,0.99,1.56
DNB,82.03,84.45,89.63,91.21,104.41,107.65,27,26,38,54,9.1,0.26,9.05,10.27,0.95
SGLY,82.03,82.03,91.5,85.19,118.76,102.86,27,20,65,47,1.06,0.07,1.0,1.27,0.05
GIB,82.02,86.0,96.89,105.39,103.56,94.4,27,46,37,33,99.51,0.12,105.88,108.77,1.29
FORA,82.01,87.94,93.84,99.52,137.09,79.44,27,37,80,11,1.96,0.06,2.05,2.1,0.55
ADUS,82.01,88.19,100.92,101.56,107.89,112.87,27,40,43,61,107.03,0.37,112.3,115.18,0.87
ABUS,82.0,86.03,95.43,108.02,116.28,133.01,27,50,61,78,3.13,0.15,3.3,3.43,1.1
NODK,81.96,83.68,82.63,94.7,101.15,101.54,27,30,34,45,13.15,0.2,12.88,14.38,0.64
BOOM,81.96,88.38,88.38,84.09,89.02,68.69,27,19,20,6,7.76,0.18,7.51,8.26,0.84
ABSI,81.96,81.96,89.31,91.83,135.85,131.76,27,27,79,78,3.12,0.25,2.78,3.3,2.33
IKNA,81.96,92.62,90.5,87.04,88.89,102.11,27,22,20,46,1.27,0.29,1.28,1.45,1.51
MMS,81.95,84.48,88.06,96.13,94.25,93.42,27,32,26,31,71.02,0.25,71.78,73.92,0.88
FBRT,81.94,87.74,86.24,102.24,111.07,95.04,27,41,48,34,10.45,0.05,10.74,11.57,1.22
ZDAI,81.94,88.35,91.1,89.51,62.63,566.56,27,24,6,98,0.62,0.0,0.76,3.89,0.09
WOOF,81.93,81.93,82.81,125.02,121.4,163.29,27,77,68,89,3.3,0.29,3.09,3.57,1.12
FND,81.91,83.88,86.33,79.73,91.98,96.74,27,15,23,37,78.63,0.2,76.89,91.65,0.69
NSPR,81.9,85.04,87.6,114.36,132.82,109.33,27,65,78,56,2.39,0.13,2.4,2.65,0.32
BCPC,81.9,88.4,92.13,106.8,108.04,104.65,27,48,43,49,152.84,0.07,163.23,166.02,1.53
IRT,81.9,85.38,85.38,115.37,116.95,117.35,27,67,63,66,17.21,0.03,18.05,19.31,0.7
OLPX,81.9,90.72,94.75,84.0,83.85,102.02,27,19,16,45,1.37,0.2,1.38,1.59,0.88
LKQ,81.89,88.37,90.19,110.36,115.14,80.97,27,58,59,11,37.12,0.18,39.16,38.76,0.85
BYND,81.89,84.86,81.08,73.9,68.56,88.74,27,12,8,18,3.5,0.24,3.16,3.96,0.59
DVN,81.87,87.34,88.83,89.81,101.84,79.45,27,25,35,11,32.85,0.3,32.63,34.5,0.87
BFLY,81.83,87.36,110.11,174.03,341.93,301.44,27,92,97,96,1.87,0.25,2.18,2.75,0.66
RLI,81.83,84.35,91.41,112.04,112.05,106.94,27,62,49,53,70.25,0.04,73.27,77.41,1.49
MSEX,81.82,86.81,93.19,127.87,134.9,103.3,27,79,79,47,54.23,0.3,56.46,58.11,1.13
BIOA,81.8,88.81,96.0,96.06,103.61,91.22,27,32,37,21,4.63,0.07,4.25,8.55,0.3
CLWT,81.8,84.33,80.03,99.82,94.95,95.38,27,37,26,35,1.23,0.31,1.17,1.31,0.25
SOTK,81.77,85.54,90.32,103.92,96.73,95.28,27,44,28,35,3.59,0.06,3.77,4.0,0.62
ARCT,81.76,84.27,93.27,67.86,75.02,73.27,26,9,11,8,13.5,0.28,12.7,15.45,0.59
SNDL,81.75,83.95,76.3,80.25,91.55,112.29,26,16,22,60,1.54,0.28,1.32,1.65,1.38
KTCC,81.74,83.3,83.3,78.48,78.32,127.9,26,15,12,75,2.99,0.19,2.85,3.78,0.09
APA,81.72,89.2,92.7,90.8,86.49,80.8,26,25,18,11,18.82,0.29,18.48,20.47,0.7
TSN,81.7,85.74,89.38,116.68,116.52,101.85,26,68,62,45,53.41,0.06,55.21,57.86,0.64
SHMD,81.67,86.0,89.42,150.06,111.81,83.2,26,88,49,13,2.97,0.35,2.88,2.91,0.08
CWAN,81.66,86.25,85.01,103.42,127.15,138.16,26,43,74,81,21.5,0.15,22.66,26.19,0.81
MHK,81.66,85.8,86.85,87.05,95.0,130.24,26,22,26,76,111.17,0.2,105.37,120.82,0.82
MEDP,81.66,86.66,89.81,88.37,93.82,96.19,26,23,25,36,311.87,0.22,306.99,324.98,1.03
GMRE,81.65,84.56,82.18,101.0,110.4,92.88,26,39,47,30,7.18,0.36,6.58,7.63,0.57
VIST,81.65,94.01,102.22,103.65,122.42,128.49,26,43,70,75,44.56,0.39,49.08,49.93,1.4
BLNK,81.62,81.62,72.87,65.56,53.6,71.16,26,8,4,7,1.05,0.14,0.86,1.23,1.23
DTSS,81.62,85.09,85.09,94.39,85.53,100.83,26,30,17,44,2.01,0.19,2.14,2.21,0.34
SSTI,81.61,88.94,103.63,130.01,146.8,88.34,26,80,84,18,12.76,0.32,14.88,14.04,0.69
DSGR,81.61,83.92,87.98,82.14,90.48,110.94,26,17,21,58,28.55,0.26,27.6,31.98,0.72
IRIX,81.6,86.01,75.61,75.61,77.84,77.65,26,13,12,10,1.26,0.37,1.0,1.34,4.45
AIRI,81.59,85.41,87.43,90.24,93.36,141.89,26,25,25,82,3.5,0.1,3.44,4.18,0.22
LYB,81.59,83.62,84.55,73.44,89.69,83.41,26,12,21,13,63.21,0.27,58.88,69.57,0.58
GTLB,81.58,81.58,86.79,91.51,116.61,111.51,26,26,62,59,45.37,0.15,46.14,54.34,0.74
GCL,81.58,82.44,82.88,64.86,72.26,95.48,26,7,9,35,3.54,0.18,2.75,6.31,0.08
VRM,81.58,91.15,101.68,109.63,114.01,92.57,26,54,54,26,27.26,0.3,27.74,29.19,0.29
MAYS,81.56,82.92,92.29,101.16,93.82,91.02,26,39,25,21,38.15,0.22,38.03,40.48,0.0
LAW,81.55,84.43,84.62,81.09,80.87,93.28,26,17,14,31,4.1,0.22,4.14,4.84,0.74
CI,81.55,86.86,96.34,113.73,115.96,89.92,26,64,61,20,295.71,0.33,314.39,311.81,1.14
EXPI,81.53,86.46,86.37,81.34,92.96,104.2,26,17,24,48,9.91,0.35,8.84,10.73,0.72
EBF,81.53,85.4,90.07,100.19,111.88,100.39,26,38,49,43,17.75,0.16,18.44,19.57,1.15
PRCT,81.53,82.83,85.5,91.98,115.0,180.97,26,27,59,91,58.35,0.19,58.4,69.51,2.21
CWT,81.53,87.28,94.17,118.56,116.78,94.89,26,71,62,34,45.1,0.29,46.44,47.42,1.28
LNKS,81.52,81.52,77.47,98.87,99.73,92.57,26,36,32,26,0.56,0.01,0.57,1.26,0.04
WOK,81.51,101.02,90.31,83.12,82.52,108.55,26,18,15,55,0.79,0.06,0.72,2.7,0.06
FIVN,81.48,81.48,86.7,81.15,92.69,96.91,26,17,24,37,26.94,0.21,27.28,32.52,0.72
MMI,81.45,85.99,85.99,95.1,101.43,103.52,26,30,34,48,30.9,0.21,30.28,35.09,0.51
POOL,81.44,86.19,86.24,93.15,102.54,94.72,26,28,36,34,298.86,0.14,301.27,331.65,1.08
IFF,81.44,82.28,83.31,89.42,91.75,108.49,26,24,23,55,76.0,0.25,75.57,82.87,0.95
ATNI,81.43,85.3,85.3,95.1,105.93,103.18,26,30,40,47,17.59,0.21,15.8,18.68,0.75
RLYB,81.43,84.41,77.29,40.12,64.13,69.58,26,3,7,6,0.43,0.16,0.35,0.71,0.22
MTH,81.43,89.07,89.86,86.03,94.46,110.13,26,21,26,57,69.96,0.18,67.15,76.69,1.0
NOV,81.42,87.06,88.85,86.47,95.71,81.12,26,21,27,11,12.92,0.22,12.75,13.98,0.95
OXLC,81.4,85.0,90.8,103.21,106.98,100.31,26,43,42,43,3.97,0.06,4.22,4.37,1.69
NBY,81.35,92.79,91.58,87.73,82.22,71.6,26,22,14,7,0.66,0.16,0.6,0.62,0.38
UEIC,81.32,86.1,86.52,77.11,104.65,118.09,26,14,38,66,6.51,0.27,6.8,8.21,0.4
DJCO,81.3,83.66,91.13,98.69,108.74,137.05,26,35,44,80,399.15,0.15,410.74,453.54,0.79
AIRG,81.3,81.3,79.64,69.89,127.82,228.29,26,10,74,94,4.8,0.21,4.13,6.16,20.17
UG,81.29,88.56,80.76,91.96,108.43,147.2,26,27,44,84,9.15,0.17,8.3,9.79,2.26
ZBH,81.28,83.55,81.62,95.25,109.28,88.09,26,31,45,18,93.19,0.13,93.26,102.59,0.6
KOSS,81.27,81.27,91.24,99.32,136.61,180.37,26,36,80,91,5.35,0.22,5.37,6.1,0.41
ASIX,81.27,89.18,95.52,91.25,106.27,107.44,26,26,41,53,21.98,0.25,23.76,26.48,0.97
UTL,81.26,85.53,92.52,118.57,121.83,101.05,26,71,69,44,51.29,0.02,53.12,55.26,1.45
TACT,81.25,87.96,88.32,94.45,95.85,87.87,26,30,28,17,3.55,0.17,3.64,3.97,1.17
EPAM,81.25,85.44,91.76,85.68,109.59,101.23,26,20,45,44,164.7,0.17,175.5,201.47,0.56
KG,81.24,91.19,126.96,125.57,70.35,92.96,26,77,9,31,22.92,0.38,24.7,24.82,0.85
TAP,81.22,82.16,84.07,114.45,121.84,98.2,26,65,69,39,50.06,0.19,51.46,55.76,0.7
PLYM,81.21,87.16,86.55,86.14,87.72,84.59,26,21,19,14,15.47,0.22,15.99,16.89,0.89
CLVT,81.19,87.72,90.05,85.11,78.14,89.5,26,20,12,19,4.23,0.28,4.3,4.83,0.98
SCS,81.18,84.19,87.35,88.33,96.49,94.2,26,23,28,33,10.16,0.18,10.4,11.32,1.26
LQDT,81.16,84.54,85.27,138.91,168.76,163.1,26,85,90,88,24.8,0.27,24.36,28.14,0.64
AKAM,81.13,81.13,84.66,88.13,93.8,87.85,26,23,25,17,78.69,0.27,78.31,88.01,0.57
ASLE,81.09,84.25,87.21,111.38,134.85,98.22,25,61,79,39,5.76,0.31,6.0,6.38,0.7
CGBD,81.09,83.39,82.39,92.06,106.65,105.82,25,27,41,51,13.97,0.18,13.67,15.39,1.07
ALIT,81.08,84.51,89.19,81.62,83.65,97.57,25,17,15,38,5.48,0.23,5.55,6.32,1.14
SHC,81.06,85.18,87.43,96.7,95.38,104.9,25,33,27,50,11.06,0.18,11.98,12.96,0.96
SUGP,81.06,100.94,138.36,70.3,73.31,93.44,25,10,10,31,0.94,0.19,0.77,1.01,0.19
ANF,81.06,81.06,76.19,68.82,86.49,128.82,25,9,18,75,93.47,0.26,81.23,109.1,0.67
UTHR,81.03,83.87,85.46,97.69,116.95,130.29,25,34,63,76,292.01,0.12,300.91,334.07,0.57
CLDT,81.02,89.19,88.52,86.86,93.13,98.28,25,22,24,39,7.06,0.29,7.07,7.82,0.76
SFBC,81.01,84.17,92.11,115.19,119.4,118.27,25,66,66,66,44.77,0.21,48.46,51.14,0.75
UHS,81.0,87.12,88.89,99.67,106.86,127.45,25,37,42,74,168.94,0.14,182.64,188.34,0.76
TLS,80.98,85.05,98.11,84.01,96.44,144.01,25,19,28,83,2.85,0.33,2.72,3.08,0.61
TAIT,80.95,84.14,84.52,87.54,99.91,83.45,25,22,32,13,2.21,0.18,2.21,2.43,0.22
MRKR,80.95,90.71,90.08,81.46,49.27,117.56,25,17,3,66,1.7,0.14,1.45,2.2,1.24
ARCO,80.95,85.03,89.89,95.7,99.85,78.18,25,31,32,10,7.29,0.14,7.6,7.93,0.7
DFSC,80.94,95.98,98.32,89.06,53.81,37.34,25,24,4,2,8.21,0.09,7.23,12.34,0.04
AKR,80.92,83.94,87.32,104.15,110.84,127.78,25,44,47,75,18.55,0.15,19.0,21.54,1.24
HYLN,80.9,80.9,77.56,93.88,136.23,273.4,25,29,80,96,1.66,0.19,1.47,2.04,0.62
PAGS,80.89,92.97,111.25,117.85,106.11,65.77,25,70,40,5,7.92,0.21,9.07,8.11,1.47
BLMN,80.89,90.09,93.3,81.24,67.66,72.79,25,17,8,7,9.39,0.24,8.62,10.64,0.63
SHOO,80.88,80.88,75.97,69.7,86.32,104.6,25,9,17,49,26.47,0.24,24.83,33.66,0.99
EG,80.88,84.55,89.14,104.13,101.88,90.81,25,44,35,21,333.07,0.09,340.5,355.09,0.66
MLP,80.87,83.38,86.42,82.85,88.6,113.24,25,18,20,61,17.01,0.22,16.81,19.44,0.57
WFG,80.87,83.98,88.23,92.95,96.04,107.5,25,28,28,53,74.03,0.12,74.78,82.78,1.32
UFPT,80.86,89.15,96.53,92.46,106.84,135.01,25,27,42,79,227.95,0.24,239.07,252.77,0.36
STHO,80.86,85.04,82.99,71.76,76.91,91.45,25,10,11,22,7.78,0.2,7.24,9.08,0.34
ROST,80.86,83.2,88.3,108.98,103.9,100.21,25,51,38,43,129.94,0.23,137.22,140.58,0.78
ORMP,80.84,82.97,87.76,105.07,106.71,95.5,25,45,41,35,2.12,0.19,2.18,2.29,0.25
GWRS,80.79,85.37,86.76,91.02,96.73,97.74,25,26,28,39,10.14,0.13,10.28,11.2,0.73
VNOM,80.78,82.4,91.92,98.41,111.19,134.36,25,35,48,79,38.71,0.14,39.75,44.84,0.95
AACG,80.77,91.74,101.92,123.35,126.75,114.85,25,75,73,63,0.82,0.57,0.86,0.91,3.11
KELYB,80.77,80.77,78.1,77.22,79.29,83.5,25,14,13,13,13.11,0.19,11.93,14.03,20.1
RYN,80.74,82.56,82.56,98.8,103.65,96.2,25,36,37,36,23.56,0.19,23.19,25.82,1.12
VRE,80.7,84.94,88.42,110.47,110.97,105.93,25,59,47,51,14.32,0.0,14.95,16.08,1.01
MKTX,80.69,89.6,96.08,107.81,106.76,115.49,25,49,42,64,208.84,0.19,219.44,229.52,0.78
RELI,80.68,83.03,153.96,153.96,64.33,76.74,25,89,7,9,1.45,0.13,1.51,1.68,0.07
STNG,80.67,85.98,85.02,82.45,71.29,84.96,25,18,9,14,43.55,0.27,41.61,46.57,1.17
RNGR,80.67,90.69,95.9,102.4,142.97,144.22,25,41,83,83,11.55,0.12,11.85,13.9,0.84
MAPS,80.67,84.54,90.94,117.08,144.4,157.75,25,69,83,87,0.95,0.26,1.02,1.14,0.46
WAFU,80.66,82.15,82.78,90.92,148.91,83.41,25,26,85,13,1.42,0.09,1.45,1.64,0.07
NHTC,80.66,82.89,87.41,102.57,106.35,90.68,25,41,41,21,4.48,0.29,4.63,4.77,0.5
ZTS,80.65,85.42,87.73,95.47,99.3,96.32,25,31,32,36,148.6,0.1,160.24,166.16,1.54
KW,80.64,82.76,82.65,75.05,95.56,99.7,25,13,27,42,7.34,0.26,6.66,8.56,0.66
CBLL,80.61,100.14,87.03,87.36,102.72,92.57,25,22,36,26,15.58,0.23,17.4,21.64,0.64
GNTA,80.58,88.17,93.53,111.25,107.38,131.19,25,60,42,77,3.77,0.19,3.92,4.33,0.46
IBRX,80.58,84.29,83.63,86.68,90.04,131.58,25,21,21,77,2.75,0.2,2.75,3.27,0.77
HBB,80.56,94.5,94.47,101.04,106.05,153.63,25,39,40,86,17.68,0.23,17.91,19.48,0.46
NL,80.56,83.49,87.73,134.92,123.21,133.65,25,83,70,79,6.46,0.38,7.01,7.41,0.85
FMC,80.56,83.8,86.51,85.57,86.52,96.42,25,20,18,37,42.03,0.28,40.78,46.18,0.71
CPOP,80.54,80.54,96.85,65.22,77.86,104.62,25,8,12,49,0.74,0.21,0.59,0.85,27.43
MCVT,80.53,90.09,95.01,87.3,116.4,127.21,25,22,62,74,1.74,0.2,1.82,1.97,1.11
LND,80.53,82.02,90.02,98.73,103.19,77.43,25,36,37,9,3.76,0.17,3.81,3.9,0.5
VHI,80.53,86.86,87.19,90.44,109.51,241.24,25,25,45,95,17.68,0.13,16.3,21.49,0.52
ACIW,80.52,81.95,89.51,122.8,130.8,144.38,25,75,77,83,45.34,0.22,46.47,51.37,0.63
OSUR,80.5,83.66,77.06,76.77,83.88,72.1,25,14,16,7,3.2,0.36,2.88,3.5,1.67
TKC,80.48,81.55,87.81,103.8,124.83,110.15,25,43,72,57,5.77,0.08,6.07,6.4,0.51
WY,80.48,85.21,85.44,88.56,100.03,92.43,25,23,33,23,25.31,0.09,26.13,28.53,1.2
WHD,80.45,85.34,86.79,87.65,109.32,119.28,25,22,45,67,43.55,0.25,43.94,52.6,0.68
SPPL,80.41,83.96,74.72,100.66,152.21,259.61,24,38,86,96,3.39,0.1,3.05,4.84,1.33
EXOZ,80.39,83.72,84.85,113.88,133.67,92.57,24,65,78,26,9.25,0.05,12.14,13.47,0.17
NABL,80.34,80.8,81.99,82.43,82.15,81.79,24,18,14,12,7.97,0.21,7.95,9.16,0.59
CNS,80.33,87.35,88.35,98.4,102.6,132.59,24,35,36,78,72.69,0.08,77.29,85.54,3.11
TC,80.32,84.11,77.12,77.35,70.15,66.02,24,14,9,5,0.77,0.15,0.79,0.92,0.12
MCW,80.32,85.15,86.55,107.92,117.42,102.58,24,50,63,46,6.34,0.14,6.76,7.29,0.72
CIA,80.31,80.91,89.55,142.04,168.3,192.93,24,85,90,92,3.56,0.34,3.64,4.34,0.49
GLTO,80.25,90.12,76.01,52.86,81.23,44.71,24,5,14,2,3.59,0.11,3.24,4.71,1.26
CVKD,80.25,96.79,107.07,174.44,207.36,201.97,24,92,94,93,11.29,0.36,13.52,15.62,0.91
BRTX,80.16,83.5,96.91,127.05,149.63,114.92,24,78,85,63,1.57,0.21,1.69,1.72,0.61
BLKB,80.16,81.59,85.11,83.99,91.4,99.12,24,19,22,41,64.08,0.18,63.36,71.51,0.72
ALHC,80.16,99.2,115.28,202.3,263.08,170.27,24,94,96,90,12.41,0.36,14.47,14.14,0.61
NXRT,80.16,83.67,83.67,105.32,106.85,117.46,24,45,42,66,34.01,0.15,34.14,38.45,1.23
GME,80.15,83.43,93.92,152.75,151.2,176.07,24,89,86,90,23.28,0.24,26.36,26.01,0.41
CRDL,80.12,93.86,110.47,94.66,76.16,124.19,24,30,11,72,1.19,0.23,1.29,1.37,1.6
BRY,80.09,80.53,84.64,75.12,74.76,76.61,24,13,10,9,3.18,0.24,2.87,3.7,3.4
RLAY,80.07,89.62,100.22,71.52,62.0,72.97,24,10,6,8,3.5,0.2,3.25,4.11,1.07
FTLF,80.07,85.37,90.53,105.43,101.18,115.38,24,46,34,64,12.74,0.33,13.97,14.86,0.41
RELL,80.06,86.95,79.16,76.5,112.95,118.02,24,13,50,66,9.58,0.23,9.36,11.74,0.61
CLX,80.05,80.48,79.45,102.31,106.54,104.39,24,41,41,49,128.37,0.21,128.01,146.98,0.91
DOCN,80.0,80.0,80.34,87.88,119.03,126.67,24,23,66,74,29.52,0.17,28.92,35.41,0.94
LMAT,79.99,87.12,92.43,113.23,121.42,131.97,24,64,68,78,79.77,0.07,82.71,90.14,0.76
BAX,79.92,82.36,87.49,94.84,103.55,88.98,24,30,37,19,27.77,0.01,30.28,31.82,0.98
AGRO,79.92,81.95,86.81,125.5,121.48,100.98,24,77,68,44,9.5,0.31,9.24,10.23,0.55
DENN,79.89,82.93,83.91,80.03,85.07,84.7,24,15,16,14,3.96,0.22,4.14,5.11,0.4
MED,79.88,83.1,83.92,80.32,74.95,74.17,24,16,11,8,13.24,0.13,13.65,15.54,0.76
NOG,79.86,90.44,95.03,92.6,95.8,103.32,24,28,27,47,27.24,0.32,28.55,32.3,1.12
UGP,79.86,88.86,96.52,98.2,99.54,72.1,24,35,32,7,2.83,0.19,3.07,3.04,1.03
CC,79.86,81.86,90.06,65.8,79.15,89.61,24,8,13,19,13.56,0.3,11.55,15.36,0.64
MSN,79.83,79.83,84.59,91.87,106.65,94.4,24,27,41,33,0.41,0.33,0.4,0.44,0.57
BTBD,79.81,82.98,90.34,92.58,112.88,102.92,24,27,50,47,1.22,0.25,1.28,1.47,0.49
ITGR,79.76,88.7,93.13,101.59,110.57,110.44,24,40,47,58,112.49,0.15,119.63,127.32,1.08
VVX,79.76,86.9,91.24,101.23,106.64,131.64,24,39,41,77,47.28,0.2,47.32,51.88,0.71
SOND,79.76,96.38,108.13,93.12,121.39,151.91,24,28,68,86,2.69,0.21,2.15,2.82,0.13
SER,79.75,94.81,100.78,103.92,97.45,65.31,24,44,30,5,5.36,0.19,5.76,5.46,0.07
SXC,79.73,88.55,88.55,103.39,101.4,121.13,24,43,34,69,8.41,0.2,8.42,9.42,1.03
RMAX,79.73,85.74,84.17,85.45,93.06,125.01,24,20,24,73,8.11,0.15,7.96,9.7,1.06
HCKT,79.72,87.14,89.87,106.46,119.46,118.85,24,47,66,67,23.32,0.0,24.76,27.67,1.78
MUR,79.71,86.77,86.7,80.83,86.25,80.75,24,16,17,11,24.48,0.25,23.19,26.91,0.78
GNTX,79.7,81.38,80.66,81.2,81.2,85.98,24,17,14,15,22.94,0.17,22.15,25.39,1.26
CARS,79.68,81.53,79.28,71.8,98.19,95.42,24,11,30,35,12.87,0.27,11.19,14.46,0.84
DEA,79.66,83.3,78.28,79.13,96.13,101.73,24,15,28,45,22.6,0.21,22.14,26.11,0.97
MAMO,79.66,81.42,85.0,79.38,93.65,98.56,24,15,25,40,2.8,0.33,2.3,2.84,0.53
EDSA,79.63,84.31,71.08,97.23,93.98,78.29,24,33,25,10,2.4,0.21,2.04,2.36,0.66
MOBX,79.62,79.62,72.56,72.56,123.77,126.3,24,11,71,74,0.86,0.18,0.74,0.96,6.61
NFGC,79.6,87.15,90.92,76.45,78.86,72.57,24,13,12,7,1.57,0.27,1.42,1.68,0.4
WBUY,79.58,176.27,111.9,133.39,65.29,107.5,24,82,7,53,7.77,0.22,6.72,11.1,0.03
NVA,79.58,100.94,122.87,148.72,147.27,154.01,24,88,84,86,9.4,0.37,12.24,11.19,1.71
ANNX,79.57,92.5,91.05,66.39,66.21,175.45,24,8,7,90,2.32,0.15,2.31,3.79,0.87
EDUC,79.57,82.18,82.18,83.29,79.62,110.93,24,18,13,58,1.33,0.18,1.33,1.57,0.56
STRA,79.56,82.13,90.36,97.73,95.21,93.42,24,34,27,31,79.41,0.07,85.88,88.49,0.69
CLCO,79.55,87.19,90.4,95.11,74.04,86.67,24,30,10,16,6.88,0.32,6.65,7.56,0.46
FAT,79.55,82.22,85.87,88.22,112.37,93.99,24,23,50,32,2.42,0.13,2.47,2.88,0.76
RDZN,79.51,79.51,71.83,96.86,111.38,123.15,24,33,48,71,1.07,0.19,1.0,1.18,0.38
TLSI,79.48,86.87,108.07,113.38,116.5,83.37,24,64,62,13,4.6,0.44,5.2,4.95,0.36
EDU,79.47,82.14,92.83,85.56,77.47,81.79,24,20,12,12,50.02,0.22,49.32,54.37,1.84
INFU,79.47,84.86,93.02,91.01,103.84,109.97,24,26,38,57,5.48,0.16,5.91,6.85,0.75
SRDX,79.45,82.9,80.99,90.99,97.15,102.23,23,26,29,46,30.21,0.23,29.28,33.65,0.89
MMSI,79.45,90.39,91.39,109.29,122.06,111.78,23,52,69,59,83.02,0.0,94.1,98.66,0.85
CMMB,79.43,87.12,90.76,112.03,213.99,240.94,23,62,94,95,1.13,0.13,1.25,1.5,0.81
TWO,79.43,83.51,83.76,108.65,118.78,95.91,23,51,65,36,9.87,0.0,10.57,11.18,1.99
PETS,79.42,80.54,81.14,96.51,112.86,132.56,23,32,50,78,3.31,0.1,3.58,4.2,1.11
CCAP,79.41,82.68,81.67,94.86,108.23,104.41,23,30,43,49,14.49,0.15,14.63,16.46,0.71
MHO,79.38,88.01,88.01,85.06,95.57,126.82,23,20,27,74,114.1,0.14,111.0,129.28,0.95
FVR,79.37,83.93,86.68,92.33,92.01,91.22,23,27,23,21,12.23,0.18,11.63,14.97,0.32
TBN,79.36,81.31,108.33,112.96,121.74,95.41,23,63,69,35,19.62,0.27,20.71,20.99,0.54
CNDT,79.3,82.42,80.89,76.93,110.86,114.08,23,14,47,62,2.6,0.26,2.51,3.29,0.51
TRN,79.3,85.61,87.37,84.69,117.88,119.88,23,19,64,68,26.28,0.18,26.27,30.88,0.99
LCUT,79.29,84.61,87.75,62.62,84.72,79.84,23,7,16,11,4.47,0.26,3.93,4.99,0.24
STC,79.27,83.81,90.15,108.61,114.48,109.7,23,51,57,57,58.44,0.08,62.46,66.64,0.64
FUFU,79.26,79.26,73.21,101.89,117.18,111.15,23,40,63,59,4.29,0.43,3.52,4.49,1.45
TGT,79.24,80.07,79.21,74.82,87.82,99.54,23,12,19,42,103.46,0.23,98.25,118.77,0.76
LZM,79.24,86.71,78.79,74.68,86.32,94.88,23,12,17,34,4.23,0.21,4.04,5.29,1.14
KSPI,79.22,79.22,78.47,87.53,93.26,89.61,23,22,25,19,85.96,0.11,83.93,95.73,0.58
JBLU,79.22,81.52,78.19,90.16,116.97,123.34,23,25,63,71,4.41,0.21,4.67,5.85,0.64
GLBE,79.22,80.36,82.0,99.04,156.35,140.63,23,36,87,82,33.45,0.13,33.41,42.03,1.11
ACCO,79.22,80.56,81.4,81.73,96.07,106.58,23,17,28,52,3.75,0.14,3.67,4.53,1.03
UCAR,79.21,84.04,97.86,89.42,108.77,113.42,23,24,44,61,3.76,0.2,3.48,4.69,0.63
NVCR,79.21,88.52,93.81,105.36,156.87,185.53,23,46,88,91,16.02,0.08,17.58,20.19,0.78
YORW,79.21,85.39,88.9,114.43,114.4,87.3,23,65,57,17,31.18,0.15,32.11,33.37,1.17
MMLP,79.2,86.08,86.08,92.02,112.55,124.97,23,27,50,73,2.91,0.19,3.04,3.48,0.37
PROF,79.18,85.25,86.56,86.56,90.82,88.57,23,21,22,18,5.64,0.22,5.64,6.59,0.83
ACN,79.17,79.85,89.83,92.22,105.59,102.84,23,27,40,47,282.44,0.05,306.43,334.46,1.25
VFC,79.17,79.17,84.26,78.43,152.34,135.96,23,14,86,80,12.26,0.15,12.63,17.72,0.61
ADSE,79.16,80.87,97.84,106.84,131.36,138.38,23,48,77,81,11.49,0.35,11.93,13.57,1.14
ARBK,79.14,79.14,61.12,65.33,44.46,87.36,23,8,3,17,0.5,0.2,0.37,0.61,4.91
GANX,79.14,99.37,111.51,112.08,144.27,131.5,23,62,83,77,1.59,0.33,1.81,2.0,0.75
BLFS,79.11,87.94,88.59,115.43,127.14,130.24,23,67,74,76,20.83,0.04,22.18,24.4,0.71
EXP,79.1,85.52,86.44,89.72,97.11,123.76,23,24,29,72,215.12,0.18,212.28,245.24,0.57
CRNT,79.09,83.7,88.86,82.99,184.22,191.55,23,18,92,92,2.28,0.08,2.39,3.06,1.42
PINE,79.09,85.28,90.01,113.12,115.58,101.84,23,64,60,45,14.3,0.0,14.83,15.9,1.65
KIDS,79.07,84.29,80.2,86.73,102.92,91.1,23,21,37,21,22.01,0.13,21.65,23.68,1.15
CLRO,79.07,104.48,114.15,93.03,147.94,165.04,23,28,85,89,7.89,0.2,7.38,8.44,0.14
CPHI,79.03,90.65,87.52,106.03,127.59,87.37,23,47,74,17,1.76,0.29,1.86,2.08,0.08
CABA,79.03,79.03,80.11,77.79,48.25,54.16,23,14,3,3,1.67,0.1,1.76,2.38,0.25
BAER,79.01,83.76,108.39,81.3,81.11,98.83,23,17,14,40,1.86,0.3,1.69,2.13,1.61
MATX,78.98,86.83,86.83,86.98,103.08,124.87,23,22,37,72,104.42,0.16,111.57,129.08,1.2
ACHV,78.97,80.62,100.75,105.81,69.13,97.42,23,46,8,38,2.68,0.21,3.0,3.45,0.94
SRG,78.94,84.47,77.96,70.23,72.1,67.29,23,10,9,6,3.22,0.26,2.97,3.6,0.31
WIX,78.93,80.19,88.35,106.27,152.47,150.84,23,47,86,85,155.05,0.09,160.25,184.44,0.44
TPL,78.93,89.0,99.32,151.13,175.46,235.57,23,88,91,95,997.11,0.25,1150.61,1242.96,0.97
GCI,78.93,89.91,91.66,91.7,121.85,167.45,23,26,69,89,3.54,0.28,3.57,4.26,1.38
GTBP,78.91,83.76,158.53,116.69,105.67,94.82,23,68,40,34,2.06,0.15,2.66,2.54,0.41
CAVA,78.91,81.95,82.68,100.48,156.07,219.39,23,38,87,94,87.34,0.17,84.46,107.94,0.5
AVAH,78.91,92.19,115.42,145.75,162.58,193.53,23,87,89,92,3.96,0.25,5.04,4.93,0.47
PLAB,78.88,81.19,82.14,84.9,86.09,99.46,23,20,17,41,19.22,0.22,19.14,21.72,0.68
ACVA,78.86,87.55,88.82,96.28,115.91,113.63,23,32,61,61,15.1,0.22,16.27,17.97,0.83
WLY,78.84,88.07,96.93,106.64,115.64,124.82,23,48,60,72,39.28,0.17,41.33,43.67,0.75
S,78.83,79.0,82.43,84.93,89.8,113.3,23,20,21,61,18.01,0.15,18.46,21.63,1.11
MRCC,78.83,82.87,83.15,104.45,114.12,111.85,23,44,57,59,6.28,0.16,6.28,7.21,0.69
RGR,78.83,83.93,90.66,107.33,110.75,83.96,23,49,47,13,34.83,0.16,36.18,37.48,0.94
FANG,78.81,82.13,85.95,90.63,94.54,90.87,23,25,26,21,141.37,0.27,141.12,156.08,1.02
EMN,78.8,81.77,83.9,88.33,101.51,106.62,23,23,34,52,77.75,0.15,78.53,89.6,0.49
XIN,78.78,90.65,75.91,95.37,105.81,126.35,23,31,40,74,2.05,0.11,2.32,2.86,3.7
TXO,78.73,81.68,87.59,101.94,121.24,96.42,23,40,68,37,14.92,0.05,15.32,16.62,0.6
SYRE,78.72,82.75,79.69,72.63,74.05,169.82,22,11,10,89,16.29,0.16,15.64,21.39,0.59
ELBM,78.7,78.97,72.48,72.32,90.5,129.52,22,11,21,76,1.27,0.16,1.08,1.53,0.84
COKE,78.68,81.56,86.4,131.05,135.12,129.21,22,81,79,76,113.36,0.19,112.48,125.6,0.91
PRPL,78.66,80.72,81.99,84.0,106.5,84.63,22,19,41,14,0.7,0.15,0.77,0.85,0.44
GLDG,78.66,83.8,83.8,109.76,105.43,101.03,22,57,40,44,0.77,0.16,0.76,0.83,0.5
WMS,78.64,86.92,89.48,86.11,82.19,99.18,22,21,14,41,111.75,0.19,115.45,122.19,0.8
GXAI,78.59,80.2,80.75,90.91,91.29,140.14,22,26,22,82,1.24,0.05,1.34,1.56,0.82
UPS,78.58,80.79,82.05,80.36,92.06,88.92,22,16,23,19,99.22,0.18,99.36,113.12,0.9
MIGI,78.53,78.53,78.86,73.34,52.37,167.0,22,11,4,89,0.59,0.12,0.54,0.87,2.48
NEXM,78.49,96.87,117.1,105.56,85.07,61.74,22,46,16,4,6.5,0.22,7.07,6.8,3.56
SFWL,78.48,83.58,85.03,87.62,86.44,69.87,22,22,17,6,0.93,0.07,0.99,1.07,0.41
MTEX,78.48,88.03,106.56,134.69,139.37,180.34,22,82,81,91,7.86,0.1,9.65,9.99,0.0
DSX,78.48,80.51,79.51,77.75,81.24,75.13,22,14,14,8,1.6,0.2,1.54,1.8,1.13
CHDN,78.48,79.04,78.31,86.08,86.45,96.54,22,21,18,37,105.55,0.3,99.31,117.94,0.69
MPW,78.47,80.65,85.17,133.75,149.67,105.37,22,82,85,50,4.08,0.19,4.49,4.65,1.13
MHH,78.46,78.46,74.35,85.22,143.25,159.07,22,20,83,88,7.96,0.16,7.27,10.51,0.3
RICK,78.44,86.37,86.3,88.23,104.94,112.56,22,23,39,60,37.39,0.05,40.48,46.09,1.14
GDRX,78.42,82.57,88.41,82.41,84.22,84.59,22,17,16,14,4.68,0.18,4.4,4.86,0.88
OFLX,78.42,82.28,82.42,74.82,78.75,83.09,22,12,12,13,33.24,0.17,33.08,38.89,0.62
PSNYW,78.4,86.42,86.42,106.47,133.43,129.21,22,47,78,76,0.16,0.17,0.16,0.18,0.42
BRBR,78.38,78.38,88.18,128.99,128.63,123.45,22,80,75,71,58.2,0.3,60.56,69.51,0.82
AOUT,78.34,80.69,100.79,115.37,180.75,168.13,22,67,91,89,9.3,0.11,11.2,12.29,0.85
BILL,78.34,81.22,85.05,80.65,148.53,146.23,22,16,85,84,45.86,0.14,45.42,61.04,1.12
DEO,78.33,79.04,81.53,97.98,94.48,88.41,22,34,26,18,103.25,0.09,106.93,114.75,0.99
INV,78.3,78.3,65.25,60.45,104.53,117.27,22,6,38,65,4.97,0.17,5.1,8.65,0.16
AFYA,78.29,83.59,104.0,122.37,118.84,87.52,22,74,65,17,15.15,0.15,17.8,16.96,1.17
UIS,78.23,79.34,87.46,99.39,111.42,166.58,22,36,48,89,4.26,0.14,4.65,5.6,0.77
VMD,78.22,84.92,90.84,93.23,98.07,110.09,22,28,30,57,6.49,0.05,6.75,7.72,1.06
QUIK,78.21,82.72,89.79,86.89,82.55,108.21,22,22,15,55,6.14,0.23,5.91,7.0,0.77
HUBG,78.15,81.84,84.48,80.27,95.1,110.26,22,16,26,58,33.87,0.13,34.13,40.09,0.76
KNF,78.14,81.35,89.21,112.98,119.98,128.14,22,63,67,75,80.57,0.28,88.0,94.35,1.06
GBTG,78.13,79.9,80.6,93.94,121.11,129.19,22,29,68,76,6.32,0.13,6.26,7.71,0.56
BKYI,78.1,81.81,80.25,72.4,151.09,193.54,22,11,86,92,0.83,0.13,0.82,0.99,0.26
CLAR,78.1,78.1,77.33,74.15,89.29,85.98,22,12,20,15,3.59,0.16,3.42,4.04,0.55
EP,78.06,83.32,94.82,100.6,113.9,120.48,22,38,51,69,4.87,0.25,4.98,5.73,1.14
ESRT,78.03,86.81,88.46,89.14,86.02,101.94,22,24,17,45,7.62,0.19,7.98,9.05,1.05
BG,78.0,82.61,98.45,98.03,93.22,83.1,22,35,24,13,74.42,0.15,78.58,79.33,0.76
PLX,77.98,81.12,88.37,221.16,206.56,177.32,22,95,94,91,1.45,0.25,1.59,1.9,0.43
SNBR,77.97,84.77,87.2,87.82,133.31,122.15,22,23,78,70,6.86,0.14,8.32,11.92,1.04
HFFG,77.91,86.96,98.21,156.74,152.44,98.31,22,89,86,39,3.1,0.44,3.58,3.35,0.94
EXFY,77.91,81.69,100.65,142.14,198.92,185.21,22,86,93,91,2.12,0.24,2.36,2.86,0.95
CSW,77.9,88.01,89.59,105.04,123.56,150.3,22,45,70,85,287.04,0.19,301.85,335.96,2.38
MWG,77.9,80.17,77.67,102.94,111.05,89.9,22,42,47,20,0.27,0.1,0.28,0.29,1.35
TWNP,77.89,83.43,86.07,109.63,114.01,92.57,22,54,54,26,4.47,0.03,4.99,6.78,0.07
NSYS,77.89,81.17,81.24,85.57,89.12,97.23,22,20,20,38,8.7,0.15,8.9,10.02,0.1
OCTO,77.85,88.82,78.22,86.25,84.46,90.37,22,21,16,20,1.32,0.11,1.28,1.54,0.38
UCTT,77.84,79.62,78.78,66.25,92.03,96.38,22,8,23,36,24.9,0.21,22.02,29.59,0.88
TENB,77.84,79.11,83.86,79.68,91.07,90.08,22,15,22,20,33.04,0.16,32.84,37.47,0.64
XOS,77.83,78.8,79.25,95.34,101.29,65.13,22,31,34,5,3.37,0.14,3.32,3.72,2.1
ESLA,77.82,77.82,98.4,109.39,132.03,121.6,22,52,77,70,0.85,0.09,0.96,1.02,0.02
GKOS,77.81,82.54,85.64,85.39,127.87,132.16,22,20,74,78,97.7,0.2,97.56,120.47,0.71
PED,77.8,79.89,88.76,89.91,92.5,93.21,22,25,24,31,0.64,0.24,0.65,0.75,0.25
LOCL,77.79,85.71,120.21,129.09,211.2,101.74,22,80,94,45,2.55,0.37,2.32,2.31,0.68
ERII,77.77,79.12,79.25,107.01,109.81,105.48,22,48,46,50,13.54,0.25,12.7,15.18,0.94
CCRN,77.76,77.76,88.39,97.93,130.34,113.42,22,34,76,61,12.78,0.35,13.25,14.61,1.28
FF,77.74,79.23,87.24,89.79,97.83,116.87,22,25,30,65,4.07,0.12,4.02,4.65,0.7
HLMN,77.74,82.02,80.57,81.63,97.45,112.34,22,17,30,60,7.82,0.24,7.47,9.21,1.03
LEGH,77.73,88.28,88.28,107.42,114.45,102.38,21,49,57,46,21.97,0.05,22.89,24.79,0.55
VALU,77.73,81.73,89.33,102.63,99.87,116.71,21,42,32,65,37.76,0.18,38.73,43.08,1.07
FOR,77.7,81.75,81.51,73.75,78.54,93.56,21,12,12,32,21.84,0.19,20.32,24.26,1.18
UFPI,77.7,86.06,86.52,95.18,102.3,104.25,21,31,35,49,101.06,0.14,100.01,112.82,0.67
AXTA,77.63,82.81,83.51,95.88,98.55,106.62,21,32,31,52,29.7,0.09,30.73,34.52,1.44
YHGJ,77.61,80.14,90.64,148.1,157.68,58.4,21,87,88,4,0.74,0.4,0.83,0.77,0.07
OC,77.61,84.17,87.31,83.77,101.71,117.6,21,19,35,66,140.04,0.17,138.74,161.68,0.84
ALLR,77.6,83.52,83.52,72.01,57.98,30.67,21,11,5,1,1.0,0.05,0.97,1.1,0.46
RVTY,77.54,84.03,85.11,87.29,104.33,103.97,21,22,38,48,93.26,0.1,94.81,108.3,0.89
PRG,77.53,81.27,84.02,82.59,106.48,129.46,21,18,41,76,28.6,0.18,29.12,35.89,0.88
ADBE,77.53,77.81,80.76,84.4,83.97,85.86,21,19,16,15,365.79,0.1,393.94,433.34,0.66
PACB,77.53,86.71,103.15,80.95,79.26,93.96,21,16,13,32,1.37,0.26,1.21,1.55,0.45
NX,77.53,83.11,87.15,78.51,72.87,90.69,21,15,10,21,18.43,0.16,18.63,22.28,1.06
FDMT,77.48,84.87,82.71,67.7,44.06,47.05,21,9,3,2,4.22,0.11,3.92,5.34,0.72
IQV,77.46,79.44,80.03,73.74,86.29,90.78,21,12,17,21,160.63,0.21,152.89,184.08,0.98
WBTN,77.46,82.39,87.07,86.89,93.98,98.48,21,22,25,40,9.68,0.16,8.98,10.43,0.57
BMRN,77.44,79.32,78.54,91.38,98.31,78.02,21,26,31,10,57.29,0.08,57.38,63.98,0.8
BTMD,77.42,79.35,81.84,82.37,98.35,106.23,21,17,31,52,4.02,0.18,3.94,4.73,0.67
TRMD,77.39,80.77,82.22,83.2,81.77,81.73,21,18,14,12,17.64,0.19,17.33,19.1,0.51
FGBI,77.38,88.67,89.5,107.66,103.4,125.76,21,49,37,73,8.65,0.25,8.75,9.85,0.21
AMTD,77.35,81.05,82.87,86.58,84.97,74.19,21,21,16,8,1.03,0.09,1.02,1.12,0.26
ERAS,77.34,77.94,80.86,74.31,75.89,122.75,21,12,11,71,1.5,0.2,1.39,1.92,0.52
INTA,77.3,82.14,99.55,125.21,161.58,160.03,21,77,89,88,42.54,0.26,52.63,58.27,1.14
GLMD,77.29,95.73,90.37,63.51,71.82,99.49,21,7,9,41,1.83,0.05,1.64,2.44,3.2
AUNA,77.28,82.26,82.53,95.74,108.33,98.52,21,31,43,40,6.35,0.05,6.51,7.09,1.13
CURR,77.24,86.87,105.3,90.82,162.36,117.62,21,25,89,66,1.45,0.27,0.87,1.62,0.1
FLX,77.23,81.18,94.49,63.25,108.24,91.26,21,7,43,21,3.02,0.05,2.87,6.99,0.83
TFIN,77.19,89.1,88.75,78.68,102.75,124.87,21,15,36,72,58.54,0.19,59.52,73.41,2.03
POWW,77.18,79.56,94.16,124.86,104.8,81.52,21,76,39,12,1.24,0.23,1.49,1.42,0.77
ODP,77.12,84.42,89.37,79.07,58.8,75.04,21,15,5,8,17.42,0.18,17.62,20.88,0.94
AXR,77.08,94.4,94.4,95.55,115.09,161.95,21,31,59,88,21.75,0.17,21.82,26.62,0.22
BANL,77.08,80.44,110.08,96.87,139.29,117.63,21,33,81,66,0.81,0.27,0.86,0.99,0.03
NOVT,77.05,83.85,87.95,80.37,83.71,98.82,21,16,16,40,122.96,0.25,126.6,144.34,1.38
OMC,77.03,79.22,80.24,87.78,92.97,103.8,21,23,24,48,71.06,0.05,72.74,83.57,1.14
LGCB,77.03,80.23,87.64,79.66,53.83,73.79,21,15,4,8,2.41,0.02,2.27,2.5,0.15
KELYA,77.01,78.05,75.96,75.77,79.1,93.44,21,13,13,31,12.56,0.13,12.0,13.93,1.06
STRS,77.0,80.35,89.8,93.13,100.29,97.35,21,28,33,38,18.11,0.18,19.0,20.43,0.74
KMX,77.0,79.93,86.47,91.71,108.2,101.67,21,26,43,45,62.62,0.01,66.2,74.74,0.79
IMVT,76.99,80.49,78.86,65.77,69.7,86.42,21,8,8,16,17.91,0.22,15.77,21.31,0.83
NOA,76.98,82.64,90.94,93.01,96.96,99.35,21,28,29,41,15.31,0.22,16.8,18.0,1.4
PLSE,76.97,89.68,97.05,148.85,192.62,193.76,21,88,93,92,15.1,0.12,16.28,17.48,1.19
MRK,76.96,79.84,78.36,80.03,86.44,80.59,21,15,17,11,79.96,0.14,78.86,90.03,0.75
ONMD,76.95,76.95,87.72,58.21,194.33,185.14,21,5,93,91,0.56,0.21,0.46,0.74,0.01
BSM,76.93,85.79,88.69,106.99,109.78,96.38,21,48,45,36,12.18,0.0,13.37,13.95,2.55
PLL,76.92,86.66,82.15,93.6,74.36,104.3,21,29,10,49,7.85,0.28,6.48,8.68,2.32
DLTH,76.89,77.07,83.81,66.63,79.44,85.02,21,8,13,15,2.14,0.19,1.99,2.72,0.36
PETZ,76.89,80.51,80.3,93.03,121.33,112.08,21,28,68,60,0.99,0.16,0.99,1.15,0.14
SPHL,76.88,76.88,80.27,77.89,117.07,92.57,21,14,63,26,0.51,0.02,0.52,2.39,2.34
WTF,76.86,82.81,95.42,109.63,114.01,92.57,21,54,54,26,4.31,0.0,6.04,6.43,0.92
KRYS,76.84,79.24,77.3,107.95,113.17,120.95,21,50,50,69,147.49,0.27,136.67,163.17,0.83
IVDA,76.81,87.37,79.43,99.92,153.92,247.49,21,37,87,95,2.24,0.15,2.13,2.48,0.96
NOTV,76.81,94.22,84.31,131.62,180.67,220.24,21,81,91,94,1.76,0.1,2.2,2.87,0.46
HOG,76.8,83.19,83.28,82.49,77.54,90.94,21,18,12,21,23.56,0.16,24.29,27.45,0.62
FKWL,76.78,81.33,86.88,127.69,183.25,127.2,21,79,92,74,3.93,0.0,4.16,4.78,0.25
YGMZ,76.77,76.77,104.56,144.07,103.42,63.65,21,86,37,5,0.77,0.1,1.15,1.05,0.06
GPN,76.68,79.22,77.06,75.68,92.33,95.54,21,13,23,35,81.93,0.29,78.71,96.18,0.79
BRID,76.65,76.65,79.93,85.48,108.53,99.04,21,20,44,41,7.62,0.02,7.83,9.07,0.68
HPQ,76.64,78.28,81.07,85.82,96.87,108.68,20,20,29,55,25.06,0.21,25.72,30.14,0.78
BRLT,76.6,77.02,77.02,82.25,92.22,83.54,20,17,23,13,1.46,0.13,1.43,1.63,0.58
WERN,76.6,82.17,82.6,85.04,90.63,94.23,20,20,22,33,27.73,0.19,27.43,32.54,1.17
IMUX,76.59,76.59,67.08,110.7,106.75,106.67,20,59,42,52,0.96,0.24,0.83,1.07,1.04
BLDR,76.56,85.25,86.5,73.78,89.31,109.19,20,12,20,56,123.15,0.18,117.2,145.36,0.79
FCN,76.55,79.31,81.96,87.2,85.96,94.12,20,22,17,33,164.24,0.15,163.72,182.36,0.57
CATO,76.54,79.79,77.79,87.41,86.26,107.07,20,22,17,53,2.82,0.13,2.79,3.61,0.64
GIII,76.53,79.28,78.68,101.87,98.46,106.16,20,40,31,51,23.08,0.16,24.84,28.25,0.71
NIPG,76.49,82.34,87.08,84.06,87.02,91.64,20,19,18,22,2.21,0.08,1.71,3.96,0.32
DDI,76.48,81.68,82.92,95.47,96.41,130.98,20,31,28,77,9.79,0.19,9.87,11.21,1.44
CMTG,76.48,77.04,73.59,65.83,66.48,76.26,20,8,7,9,3.06,0.12,2.83,4.09,0.63
POAI,76.47,76.47,85.61,105.05,181.26,165.95,20,45,91,89,0.79,0.17,0.93,1.01,0.99
PSEC,76.46,76.51,73.9,83.04,91.89,91.1,20,18,23,21,3.39,0.15,3.31,3.91,0.55
PRSU,76.45,82.05,82.05,85.27,104.32,118.54,20,20,38,67,29.89,0.15,29.1,36.24,0.62
AIFF,76.4,86.13,86.1,84.53,265.24,81.93,20,19,96,12,3.03,0.08,3.1,3.57,0.44
FI,76.39,79.02,85.28,128.02,128.25,127.59,20,79,75,74,165.74,0.13,168.82,199.13,0.74
REYN,76.39,78.18,78.18,94.8,97.08,97.57,20,30,29,38,21.73,0.06,21.96,24.87,0.7
ARHS,76.36,83.68,88.16,77.83,107.78,90.05,20,14,43,20,8.47,0.15,8.69,9.58,0.85
AHH,76.36,77.14,76.32,73.9,83.12,89.16,20,12,15,19,7.08,0.16,6.93,8.53,0.54
AVNT,76.35,82.05,84.67,85.89,90.88,110.52,20,20,22,58,32.5,0.16,35.19,40.53,1.01
TRIB,76.35,81.78,82.53,70.76,60.0,79.32,20,10,6,10,0.73,0.08,0.7,0.93,0.03
MPTI,76.35,83.56,97.84,146.62,144.83,171.65,20,87,84,90,40.11,0.26,44.92,49.54,0.81
ROLR,76.35,86.46,86.46,98.69,104.86,92.57,20,35,39,26,2.88,0.15,2.76,4.04,0.06
BRZE,76.33,76.33,72.81,91.66,109.38,110.13,20,26,45,57,28.88,0.14,31.07,35.46,1.09
CMRE,76.31,76.31,75.37,77.82,85.98,108.01,20,14,17,54,9.6,0.31,8.9,10.99,1.01
VERU,76.31,80.66,105.02,97.61,149.03,112.06,20,34,85,60,0.6,0.18,0.58,0.64,0.34
KMTS,76.25,77.76,83.66,109.63,114.01,92.57,20,54,54,26,15.9,0.11,19.16,21.18,2.67
NNOX,76.2,79.03,82.13,85.48,120.91,127.0,20,20,68,74,5.14,0.18,5.24,6.07,1.57
KBH,76.18,80.79,80.79,82.04,93.3,118.2,20,17,25,66,53.89,0.1,53.37,64.08,1.13
CRVL,76.16,84.5,95.6,124.05,128.94,122.81,20,76,75,71,93.43,0.0,106.29,110.46,1.19
LEN,76.15,80.86,81.35,77.69,85.15,111.26,20,14,17,59,109.57,0.09,109.28,129.99,0.71
NXGL,76.13,90.96,90.96,110.35,131.01,179.97,20,58,77,91,2.42,0.12,2.44,3.01,0.96
MLNK,76.12,78.25,78.76,87.47,98.17,107.82,20,22,30,54,16.21,0.05,16.67,19.21,0.52
CNR,76.08,78.5,79.98,82.74,90.0,125.34,20,18,21,73,76.64,0.19,70.76,89.24,1.15
MRTN,76.08,82.42,82.42,88.37,88.61,86.25,20,23,20,16,12.75,0.02,13.22,14.73,1.11
SMTI,76.08,88.49,91.96,104.5,107.33,98.99,20,44,42,41,26.31,0.0,29.6,32.36,1.18
ROG,76.07,79.33,79.33,72.85,80.09,84.69,20,11,13,14,65.5,0.16,68.62,84.29,2.02
DTI,76.04,78.22,96.64,96.03,84.94,83.53,20,32,16,13,2.33,0.18,2.77,2.99,0.51
NITO,76.03,76.03,87.02,109.83,263.37,543.78,20,57,96,98,0.25,0.04,0.28,0.41,0.36
LSTR,75.95,81.28,82.33,84.52,88.62,90.22,20,19,20,20,136.27,0.09,139.75,158.61,1.91
LHSW,75.95,80.13,95.42,109.63,114.01,92.57,20,54,54,26,2.33,0.36,2.11,2.52,0.32
QNST,75.94,81.99,81.46,93.71,128.46,134.98,20,29,75,79,15.27,0.05,15.65,19.12,0.94
ESCA,75.94,91.1,95.73,112.89,131.56,100.77,20,63,77,43,12.22,0.04,14.26,14.41,3.36
SPSC,75.93,78.21,80.24,86.04,93.02,93.39,20,21,24,31,138.98,0.19,140.86,160.15,1.43
XTIA,75.92,75.92,70.68,79.25,14.97,29.92,20,15,1,1,2.23,0.01,2.14,8.41,0.71
SACH,75.91,87.0,87.0,74.04,67.39,73.64,20,12,8,8,1.14,0.18,1.06,1.27,0.89
TOPS,75.91,79.22,79.85,123.95,80.16,75.19,20,76,13,9,6.15,0.15,6.18,6.69,0.04
GO,75.9,77.1,85.11,92.91,87.55,84.22,20,28,18,14,13.77,0.26,13.54,15.36,0.62
WK,75.89,79.63,82.34,90.02,124.51,127.86,20,25,71,75,66.51,0.09,68.14,83.98,0.7
VOC,75.83,75.87,74.85,76.68,71.98,86.06,20,13,9,15,3.1,0.25,2.93,3.7,2.3
AZTA,75.82,78.63,79.18,66.89,96.8,93.75,20,8,29,32,31.16,0.16,29.61,39.46,0.67
INMD,75.78,85.82,83.19,97.15,102.9,91.03,20,33,37,21,13.9,0.1,14.39,16.67,0.93
SLB,75.75,86.04,85.0,84.23,101.12,84.41,20,19,34,14,33.32,0.1,34.69,38.54,2.26
XRX,75.72,75.96,78.31,68.92,76.65,72.11,20,9,11,7,5.07,0.19,5.26,6.87,0.99
AIOT,75.71,79.76,81.95,100.72,168.1,174.94,20,38,90,90,4.42,0.07,4.8,5.68,0.46
BIIB,75.7,80.35,79.32,77.23,78.77,70.71,20,14,12,7,124.99,0.1,128.53,144.99,1.04
GPK,75.66,78.31,78.31,96.87,103.21,101.99,20,33,37,45,22.45,0.16,22.11,25.82,1.09
EHAB,75.65,80.01,106.96,126.92,107.82,84.39,20,78,43,14,6.75,0.02,9.37,8.32,1.05
AMS,75.64,76.98,77.16,93.13,107.84,109.96,19,28,43,57,2.53,0.16,2.48,2.9,0.22
DHR,75.62,82.91,83.67,84.64,89.06,100.58,19,19,20,43,190.05,0.15,195.86,217.95,1.12
NTHI,75.6,75.6,95.42,109.63,114.01,92.57,19,54,54,26,4.4,0.08,5.92,6.78,0.13
HSTM,75.56,79.72,86.29,119.51,122.16,108.02,19,72,69,54,26.28,0.0,27.6,30.63,0.98
MUSA,75.51,80.37,83.84,116.9,117.09,109.04,19,69,63,56,420.99,0.2,426.65,475.92,0.54
BCAX,75.51,80.94,71.63,112.2,99.49,88.07,19,62,32,17,10.93,0.12,11.01,15.11,0.37
RH,75.51,76.44,84.54,68.44,140.23,138.86,19,9,82,81,195.49,0.16,193.59,289.95,0.51
SID,75.47,80.43,81.54,98.35,91.4,77.42,19,35,22,9,1.41,0.1,1.52,1.65,0.77
DSS,75.42,81.79,85.41,91.4,91.12,67.38,19,26,22,6,0.93,0.19,0.91,0.98,0.33
BTE,75.41,75.41,77.58,79.59,81.3,78.2,19,15,14,10,1.97,0.22,1.82,2.3,0.61
GV,75.33,77.49,73.04,126.47,319.98,104.8,19,78,97,49,1.7,0.12,1.87,2.07,1.37
LGVN,75.3,75.3,91.14,91.52,98.55,82.62,19,26,31,12,1.52,0.13,1.34,1.65,0.86
SCOR,75.28,75.28,75.51,68.06,90.87,69.59,19,9,22,6,5.5,0.09,5.03,6.1,1.23
EDTK,75.28,83.34,89.72,108.7,109.46,109.19,19,51,45,56,0.88,0.14,0.93,1.0,0.16
BIO,75.23,80.68,83.15,81.25,104.19,105.22,19,17,38,50,246.4,0.19,238.33,290.12,0.71
MXC,75.23,79.76,118.02,128.0,96.85,101.46,19,79,29,44,7.81,0.19,8.15,9.97,0.07
MNDO,75.22,75.94,75.94,102.98,108.85,98.18,19,42,44,39,1.45,0.21,1.43,1.69,1.79
PVH,75.22,75.84,79.53,92.51,81.7,92.53,19,27,14,23,71.39,0.21,73.81,84.68,0.55
STZ,75.21,75.76,73.99,94.88,92.05,87.59,19,30,23,17,170.57,0.11,174.53,196.92,0.83
ANDE,75.21,81.32,81.32,84.5,95.7,84.81,19,19,27,14,36.16,0.21,35.94,41.24,0.58
GIS,75.2,77.05,80.6,100.07,101.84,93.49,19,37,35,32,50.1,0.01,52.59,58.94,0.77
YIBO,75.18,82.61,84.65,92.84,173.89,138.53,19,28,90,81,1.46,0.11,1.49,2.31,0.18
XLO,75.18,82.44,82.21,132.77,151.72,164.24,19,82,86,89,0.72,0.09,0.75,0.87,0.09
UFI,75.17,81.01,89.62,93.43,92.19,100.48,19,29,23,43,4.65,0.1,4.91,5.52,1.2
HLIT,75.16,76.0,83.37,86.86,89.27,117.66,19,22,20,66,9.25,0.15,9.3,10.99,0.89
RXO,75.15,76.55,82.54,72.47,95.81,117.17,19,11,27,65,16.17,0.19,16.01,21.42,0.64
IMRN,75.13,86.15,87.08,91.04,97.48,88.77,19,26,30,18,1.71,0.09,1.79,1.91,1.32
FLYW,75.12,82.49,83.72,75.3,102.69,105.01,19,13,36,50,10.84,0.16,11.09,14.96,0.98
HTLM,75.12,75.81,83.13,98.78,137.44,142.38,19,36,80,83,3.6,0.08,3.65,4.85,0.43
BHFAO,75.07,77.61,88.72,92.4,94.7,94.67,19,27,26,33,17.75,0.05,19.7,21.31,1.59
VECO,75.07,75.07,74.64,76.04,72.99,79.16,19,13,10,10,21.42,0.16,20.54,24.13,1.12
WAT,75.06,94.87,95.97,102.1,115.64,114.31,19,41,60,62,287.53,0.0,344.53,362.97,1.15
UNCY,75.05,90.36,113.68,155.19,114.49,136.39,19,89,57,80,4.43,0.31,5.96,5.85,0.65
UONEK,75.02,90.89,90.89,73.68,61.17,62.45,19,12,6,5,0.62,0.16,0.64,0.8,0.76
ERIE,75.01,75.78,80.94,110.36,110.04,116.1,19,58,46,64,353.32,0.07,353.16,402.85,1.62
WRAP,74.97,80.8,88.53,98.54,132.46,108.34,19,35,78,55,1.37,0.05,1.49,1.72,0.89
PD,74.96,77.26,80.77,85.99,97.29,92.32,19,21,29,23,14.62,0.09,15.43,17.54,0.65
AKA,74.95,77.14,70.87,84.53,107.5,223.47,19,19,42,94,10.9,0.16,11.73,15.97,0.48
DCBO,74.94,75.03,75.0,77.85,88.33,104.33,19,14,19,49,30.12,0.17,27.74,37.35,0.37
BIGC,74.89,75.76,75.93,88.27,98.78,96.37,19,23,31,36,4.95,0.05,5.05,5.86,0.52
ARE,74.84,78.25,77.25,75.64,92.58,93.31,19,13,24,31,78.17,0.21,72.34,90.21,0.85
NSIT,74.83,76.97,80.04,77.66,88.34,101.27,19,14,19,44,139.39,0.12,136.03,157.5,0.76
SAVA,74.82,82.78,80.54,47.74,52.29,159.41,19,4,4,88,2.21,0.03,2.02,7.21,1.38
HOV,74.8,88.33,89.68,70.67,79.54,135.74,19,10,13,80,107.14,0.13,102.68,131.05,0.73
VERX,74.79,78.77,87.65,107.13,154.95,152.19,19,48,87,86,35.1,0.14,37.24,43.52,0.4
EDRY,74.78,78.78,71.83,66.95,73.07,81.75,19,8,10,12,10.36,0.15,9.2,11.86,0.0
EVGN,74.73,75.87,78.52,108.6,61.51,38.99,19,51,6,2,1.32,0.07,1.31,1.57,0.03
STLA,74.69,81.58,85.31,77.62,79.06,68.42,19,14,13,6,9.2,0.12,10.04,11.15,1.17
MSW,74.68,100.34,109.19,129.62,101.83,92.57,19,80,35,26,3.07,0.02,4.39,5.1,2.3
HLLY,74.62,75.21,72.76,71.39,94.47,80.64,19,10,26,11,2.22,0.2,2.09,2.55,1.16
NRGV,74.62,82.15,80.98,81.92,146.01,193.0,19,17,84,92,0.81,0.09,0.86,1.3,0.36
SDHC,74.62,83.82,83.83,77.26,83.64,112.33,19,14,15,60,19.35,0.12,19.09,24.74,0.7
ARDT,74.59,90.35,88.01,95.74,95.43,91.5,19,31,27,22,11.11,0.0,13.92,15.05,1.53
HTLD,74.55,81.99,82.87,79.39,90.11,89.68,19,15,21,19,8.33,0.17,8.82,10.2,1.05
SMXT,74.54,79.8,88.08,76.38,106.85,139.43,19,13,42,81,1.1,0.13,1.12,1.24,0.61
MURA,74.54,130.62,120.35,79.35,114.67,99.44,19,15,58,41,2.5,0.43,2.56,3.13,0.82
CHR,74.52,80.46,80.76,64.41,94.9,99.99,19,7,26,42,1.52,0.23,1.47,2.08,1.18
SMRT,74.44,77.66,67.96,57.4,77.05,77.69,18,5,11,10,0.97,0.14,0.92,1.31,0.26
HUMA,74.43,80.95,99.77,60.72,97.68,129.33,18,6,30,76,2.33,0.14,2.28,3.49,0.37
NCMI,74.41,77.76,85.66,112.3,122.75,136.16,18,62,70,80,4.86,0.07,5.06,6.1,0.61
CBT,74.39,80.18,80.37,88.94,93.56,118.04,18,24,25,66,74.9,0.07,75.57,88.74,0.65
ARDX,74.37,82.16,80.51,97.89,98.56,93.65,18,34,31,32,4.41,0.31,3.91,4.98,0.67
PHIO,74.32,99.17,127.98,135.4,87.75,158.13,18,83,19,87,2.45,0.26,2.21,2.23,0.18
MVO,74.25,79.97,84.11,90.49,78.17,86.37,18,25,12,16,5.86,0.32,5.65,6.38,1.58
WFRD,74.25,82.54,84.05,71.25,66.62,73.77,18,10,7,8,53.57,0.16,49.91,63.19,0.98
LVO,74.24,83.11,90.54,82.69,130.3,125.51,18,18,76,73,0.69,0.1,0.79,0.86,1.81
FBIN,74.19,77.83,79.14,76.95,85.69,110.61,18,14,17,58,53.31,0.13,52.14,65.46,0.61
RVP,74.16,77.18,79.91,90.09,100.01,77.93,18,25,33,10,0.66,0.15,0.68,0.72,0.79
RGEN,74.1,89.35,93.77,99.35,102.92,100.04,18,36,37,42,116.25,0.11,124.96,140.4,1.39
MRNA,74.09,76.0,76.87,57.2,56.17,52.97,18,5,5,3,31.26,0.08,27.72,36.5,0.7
BAH,74.08,75.38,78.51,97.23,85.64,116.08,18,33,17,64,109.33,0.11,109.56,127.35,0.54
NSA,74.07,80.33,79.62,103.29,102.42,105.34,18,43,36,50,31.38,0.0,33.3,37.08,1.24
MTX,74.06,78.29,78.68,79.64,93.27,103.42,18,15,25,47,57.01,0.16,57.17,68.07,2.06
YYAI,74.05,74.05,70.7,103.73,46.8,58.53,18,43,3,4,1.12,0.05,0.89,1.83,1.77
ARKR,73.97,73.97,81.01,101.78,96.79,114.12,18,40,29,62,8.99,0.09,10.15,10.96,0.78
JCTC,73.96,78.15,79.5,90.7,101.34,93.45,18,25,34,31,3.51,0.07,3.76,4.26,1.71
SAFE,73.95,80.08,78.43,88.04,99.77,109.49,18,23,32,56,14.73,0.05,15.24,17.8,0.76
SRZN,73.94,75.33,91.97,113.01,126.33,152.34,18,63,73,86,8.48,0.19,8.48,10.33,0.22
ZJK,73.93,73.93,80.27,94.41,131.8,140.04,18,30,77,82,3.99,0.03,4.25,6.04,0.17
PNTG,73.9,85.99,104.43,109.35,110.72,161.96,18,52,47,88,23.43,0.08,27.83,28.09,1.61
VGAS,73.87,85.63,88.3,92.57,105.28,110.47,18,27,39,58,3.22,0.14,3.42,3.75,0.84
BCBP,73.84,80.53,81.55,93.57,98.86,107.47,18,29,31,53,8.75,0.19,8.33,10.2,0.71
TFII,73.83,75.34,81.59,77.63,91.07,97.91,18,14,22,39,88.23,0.18,88.88,110.97,0.5
HPP,73.82,87.75,82.82,74.74,78.09,74.19,18,12,12,8,2.55,0.17,2.43,3.07,0.69
FLNT,73.82,77.79,77.79,95.5,89.98,95.1,18,31,21,34,2.24,0.3,2.01,2.54,0.82
TMCI,73.79,79.6,82.02,101.12,138.04,108.21,18,39,81,55,5.65,0.17,6.1,7.28,0.47
EB,73.76,84.08,89.65,80.75,78.16,81.6,18,16,12,12,2.35,0.13,2.47,2.86,2.64
PACS,73.76,80.04,79.16,73.1,68.84,109.18,18,11,8,56,11.96,0.1,11.42,16.4,1.04
CRBP,73.76,76.96,77.69,70.72,62.69,130.65,18,10,6,77,8.5,0.06,7.9,10.89,0.39
GURE,73.73,75.34,107.3,100.55,125.27,66.82,18,38,72,5,0.69,0.26,0.66,0.69,0.05
KFRC,73.71,76.12,76.12,81.33,88.61,85.89,18,17,20,15,42.96,0.21,41.23,49.59,1.41
VMEO,73.7,74.85,75.29,114.52,150.67,151.36,18,65,86,86,3.95,0.11,4.3,5.46,0.75
RES,73.7,82.91,89.72,86.55,94.65,93.87,18,21,26,32,4.77,0.17,4.83,5.56,1.29
XENE,73.69,80.92,86.81,96.6,92.22,97.12,18,32,23,38,31.59,0.19,31.66,37.03,0.78
PRTS,73.68,77.66,78.87,94.97,113.9,106.28,18,30,51,52,0.79,0.15,0.82,0.94,0.51
FLYX,73.66,75.65,91.02,102.38,102.67,81.66,18,41,36,12,2.56,0.24,2.7,2.81,0.53
NNBR,73.65,78.22,73.0,66.77,84.09,114.59,18,8,16,63,1.98,0.13,2.06,2.86,0.56
TECH,73.55,76.07,77.06,73.23,100.94,97.34,18,11,34,38,52.02,0.15,50.48,63.09,0.77
ELMD,73.53,80.9,98.01,117.22,196.33,193.57,18,69,93,92,18.23,0.19,20.57,25.24,0.58
HY,73.52,78.3,79.29,74.97,81.5,97.67,18,12,14,38,40.86,0.11,40.83,48.36,1.0
SCVL,73.5,73.96,73.07,66.96,79.73,108.87,18,8,13,55,20.22,0.13,19.63,26.26,0.59
COO,73.49,77.27,79.26,91.0,91.14,103.9,18,26,22,48,72.63,0.13,74.52,88.56,0.66
RIG,73.47,77.88,81.76,83.59,76.44,77.36,18,18,11,9,2.63,0.14,2.74,3.38,0.62
WOW,73.47,75.14,77.89,105.35,115.66,116.16,18,46,60,64,3.85,0.03,4.14,4.63,1.05
NTIC,73.46,73.72,67.54,61.29,85.2,99.0,18,6,17,41,7.95,0.15,7.59,10.65,0.67
ONEW,73.45,79.4,82.73,78.09,79.48,92.65,18,14,13,30,13.91,0.1,14.46,17.44,0.45
DIBS,73.44,79.16,75.75,71.88,86.32,85.41,18,11,17,15,2.68,0.12,2.68,3.38,0.12
SSTK,73.42,76.33,81.89,70.12,77.82,86.77,18,10,12,16,18.17,0.14,18.53,23.92,1.16
VERI,73.41,73.41,52.07,72.76,118.42,139.46,18,11,65,81,2.26,0.31,1.6,2.59,3.09
BMA,73.35,82.68,92.73,148.84,211.98,238.99,18,88,94,95,64.54,0.27,78.34,84.57,0.98
ALVO,73.34,75.71,76.95,93.23,95.69,102.13,18,28,27,46,8.63,0.14,9.72,11.12,0.83
BXC,73.33,89.29,89.29,72.36,90.31,112.3,18,11,21,60,74.01,0.15,72.73,92.11,1.58
CLBT,73.3,76.72,89.82,127.16,178.43,171.66,18,78,91,90,14.38,0.15,16.41,19.05,0.94
JBSS,73.25,76.32,76.32,79.81,83.68,85.27,18,15,16,15,66.25,0.17,63.49,76.01,0.77
CHNR,73.25,73.25,80.86,110.02,86.8,73.82,18,57,18,8,3.83,0.08,4.19,4.76,0.29
ASC,73.23,77.06,77.66,78.26,74.04,87.74,17,14,10,17,9.99,0.12,9.93,11.25,0.7
PNBK,73.23,84.81,91.2,367.44,187.36,99.72,17,98,92,42,1.44,0.09,2.43,1.98,0.4
TDC,73.21,74.29,78.83,83.08,89.3,87.14,17,18,20,17,21.59,0.15,22.24,26.47,0.73
CRGY,73.21,78.05,81.88,81.4,125.63,130.23,17,17,72,76,8.73,0.17,8.92,11.58,1.37
ARKO,73.17,80.5,84.5,86.99,107.6,101.45,17,22,43,44,4.28,0.16,4.56,5.58,0.63
BDX,73.16,74.28,72.11,92.34,101.73,94.12,17,27,35,33,178.85,0.18,172.81,211.05,1.14
AMCX,73.15,75.46,74.29,74.03,88.55,87.26,17,12,20,17,6.15,0.11,6.3,7.74,0.45
PRO,73.14,73.98,78.34,83.65,99.71,89.41,17,19,32,19,15.69,0.13,16.84,20.29,0.95
MLR,73.14,79.49,82.74,80.08,113.32,132.77,17,16,51,78,42.33,0.09,44.95,55.5,0.81
CERS,73.1,85.91,91.95,83.28,108.13,89.88,17,18,43,20,1.36,0.12,1.37,1.57,0.48
SM,73.1,80.68,83.07,74.45,87.14,93.93,17,12,18,32,25.89,0.23,25.2,33.14,0.84
THRY,73.08,82.09,87.36,79.43,104.49,78.59,17,15,38,10,11.79,0.16,13.12,14.92,1.05
BRKR,73.07,77.27,77.3,69.31,80.98,83.84,17,9,14,13,40.55,0.15,39.45,49.48,0.88
QIPT,73.07,73.86,71.23,74.39,89.03,87.0,17,12,20,16,2.09,0.27,1.89,2.43,0.24
ODYS,73.07,73.07,100.44,87.81,177.92,186.64,17,23,91,91,4.8,0.02,5.13,6.34,0.37
NCI,73.04,75.15,95.12,88.44,91.01,133.08,17,23,22,78,2.14,0.12,2.01,2.59,0.12
ZUMZ,73.03,73.21,76.12,75.84,83.69,102.68,17,13,16,46,13.46,0.11,12.88,16.37,1.42
DXC,72.98,74.59,81.13,81.71,100.1,99.17,17,17,33,41,14.39,0.04,15.37,18.43,0.6
GSUN,72.98,77.08,80.45,111.45,90.37,63.57,17,61,21,5,2.8,0.08,3.03,3.09,0.2
MG,72.9,77.9,78.17,101.12,118.15,133.55,17,39,64,79,7.94,0.13,7.83,9.3,0.74
HXHX,72.89,89.69,95.42,109.63,114.01,92.57,17,54,54,26,1.48,0.07,1.54,1.63,0.44
AAON,72.89,74.32,78.19,106.89,134.62,156.14,17,48,79,87,78.69,0.1,86.19,102.63,2.27
HI,72.86,77.07,80.55,69.09,89.23,86.71,17,9,20,16,21.39,0.12,20.74,26.34,0.7
CRNX,72.85,78.51,76.74,75.86,75.1,124.92,17,13,11,73,31.11,0.16,31.09,40.95,1.15
MAIA,72.83,78.61,87.48,105.67,86.14,125.28,17,46,17,73,1.69,0.11,1.8,2.01,1.24
WD,72.82,79.3,77.09,80.86,89.8,108.47,17,16,21,55,72.06,0.13,70.85,88.06,1.01
CNMD,72.76,76.19,77.59,86.85,92.35,89.3,17,22,23,19,47.64,0.01,54.86,61.97,1.25
MEI,72.76,81.03,116.79,105.95,97.69,99.19,17,47,30,41,6.62,0.17,8.26,9.09,1.21
ICUI,72.74,79.79,87.33,108.5,124.0,142.87,17,50,71,83,122.47,0.04,133.04,152.14,0.59
BHFAP,72.72,77.31,89.49,93.87,97.87,98.96,17,29,30,40,16.82,0.0,19.17,20.84,2.24
TMO,72.68,76.53,76.53,82.84,94.84,97.17,17,18,26,38,414.75,0.11,410.39,497.83,0.99
DXLG,72.67,72.67,56.58,48.63,85.77,77.79,17,4,17,10,1.31,0.13,1.12,1.99,1.77
VNCE,72.66,77.3,81.67,98.41,168.83,253.05,17,35,90,95,1.47,0.06,1.51,2.15,0.4
BHFAN,72.66,76.3,89.58,94.99,91.25,103.45,17,30,22,48,13.69,0.0,15.69,16.9,1.13
HBI,72.63,73.51,75.8,86.11,140.5,150.61,17,21,82,85,4.51,0.04,4.82,6.45,0.85
CLDI,72.62,95.24,121.59,55.26,70.23,111.96,17,5,9,59,0.59,0.12,0.4,0.95,0.15
IOSP,72.61,78.45,78.54,81.04,88.84,95.01,17,16,20,34,83.02,0.01,86.56,100.8,0.84
BMGL,72.61,76.6,81.11,115.1,114.01,92.57,17,66,54,26,2.4,0.27,2.9,3.63,0.1
WETO,72.57,73.06,82.21,109.63,114.01,92.57,17,54,54,26,2.2,0.23,2.63,3.25,0.1
COLM,72.56,74.14,76.98,86.41,105.17,99.65,17,21,39,42,59.61,0.03,63.0,75.71,0.74
CCOI,72.55,77.21,75.44,82.72,109.63,112.4,17,18,45,60,50.0,0.14,48.65,64.98,1.57
XRTX,72.54,75.58,77.13,86.23,66.73,64.11,17,21,7,5,0.92,0.06,0.92,1.1,0.32
BWMX,72.52,77.88,73.29,92.8,96.46,82.6,17,28,28,12,9.17,0.21,8.78,10.65,0.62
FLGC,72.49,85.05,82.67,80.98,86.02,167.01,17,16,17,89,0.62,0.11,0.66,0.96,1.34
FICO,72.49,76.12,100.05,128.56,122.05,149.32,17,79,69,85,1541.62,0.04,1808.95,1938.35,0.56
QNRX,72.41,82.4,71.5,60.08,68.37,90.58,17,6,8,20,8.48,0.11,8.49,14.33,0.01
SMHI,72.34,79.13,79.79,84.99,71.45,60.55,17,20,9,4,5.22,0.12,5.39,6.2,1.42
EGY,72.33,81.87,82.97,79.88,87.45,94.6,17,15,18,33,3.55,0.13,3.57,4.18,1.04
GLBS,72.29,74.6,86.44,88.61,82.39,81.73,17,23,15,12,1.13,0.1,1.14,1.32,0.39
AXGN,72.29,84.25,83.26,156.21,185.23,198.57,17,89,92,93,11.28,0.28,11.1,14.83,0.87
PMTS,72.25,76.23,82.05,112.65,125.15,137.25,17,62,72,81,21.56,0.11,22.37,26.76,0.69
ANTX,72.24,72.91,74.26,98.76,100.0,77.07,17,36,33,9,1.1,0.06,1.12,1.21,0.22
KIRK,72.22,73.04,72.94,83.32,81.14,95.72,17,18,14,36,1.2,0.13,1.16,1.47,0.2
GPRK,72.2,79.37,81.85,83.67,101.76,116.35,17,19,35,65,6.64,0.14,6.93,8.15,0.3
RNAC,72.18,84.49,86.16,65.34,99.62,118.32,17,8,32,67,11.84,0.19,10.67,16.02,0.81
NCT,72.18,81.37,95.42,109.63,114.01,92.57,17,54,54,26,3.38,0.05,3.97,4.49,0.27
EIX,72.17,73.38,71.97,92.92,91.81,107.96,16,28,23,54,51.14,0.1,52.42,62.79,0.8
SNSE,72.17,86.8,97.96,73.28,91.35,91.8,16,11,22,22,7.84,0.21,7.42,8.91,0.47
BCTX,72.14,169.73,285.64,1003.98,729.1,91.43,16,99,98,22,0.8,0.08,2.89,2.44,1.17
NESR,72.13,75.36,82.19,79.57,96.13,93.51,16,15,28,32,6.0,0.12,6.18,7.81,0.91
TCRX,72.06,83.84,76.29,54.99,40.98,87.66,16,5,2,17,1.82,0.12,1.54,2.68,0.28
STGW,72.06,74.02,68.7,91.45,92.65,113.03,16,26,24,61,4.93,0.2,4.72,6.07,1.05
NVAX,72.05,78.18,76.25,101.6,127.75,138.2,16,40,74,81,7.0,0.13,6.84,8.13,0.3
UK,72.05,78.08,79.63,89.98,87.32,62.27,16,25,18,4,1.02,0.0,1.09,1.16,0.99
HAL,72.04,79.53,79.53,79.63,86.59,83.39,16,15,18,13,21.22,0.13,21.01,24.98,0.99
CCS,72.02,77.68,77.68,78.82,89.94,107.5,16,15,21,53,59.07,0.15,55.56,71.46,0.69
PSIG,72.02,81.17,77.11,97.37,97.42,92.08,16,34,29,22,0.39,0.02,0.37,0.51,1.13
DRIO,72.01,79.72,86.02,93.18,91.67,111.13,16,28,23,59,0.69,0.13,0.7,0.75,1.19
PAVS,72.01,78.37,87.87,140.82,145.53,146.6,16,85,84,84,0.84,0.36,0.93,1.11,0.52
RCUS,72.0,79.14,79.68,75.06,79.22,105.05,16,13,13,50,9.15,0.2,8.94,12.01,0.39
ASTC,71.98,75.28,78.24,83.8,89.44,85.14,16,19,21,15,5.51,0.0,5.77,6.6,0.89
DXF,71.94,84.76,84.36,109.63,114.01,92.57,16,54,54,26,4.86,0.01,6.08,9.03,0.32
AMPY,71.91,75.5,70.58,69.67,77.9,92.77,16,9,12,30,3.26,0.17,3.18,4.76,1.24
HMR,71.87,74.45,81.14,109.63,114.01,92.57,16,54,54,26,1.56,0.02,1.92,2.41,0.52
BCG,71.85,71.85,75.46,99.33,84.93,88.48,16,36,16,18,2.12,0.1,2.14,2.31,0.85
CPRT,71.85,76.0,84.08,118.49,116.01,105.98,16,71,61,51,45.98,0.01,52.2,55.82,1.21
NNDM,71.81,75.78,75.78,71.96,104.05,97.43,16,11,38,38,1.53,0.12,1.54,2.0,1.81
FCEL,71.79,71.79,72.97,73.35,69.01,68.77,16,11,8,6,5.31,0.1,5.37,7.32,0.93
LULU,71.77,72.8,74.88,102.22,117.14,115.71,16,41,63,64,229.77,0.04,270.35,316.61,0.78
AFRI,71.75,72.7,76.2,90.31,90.66,87.22,16,25,22,17,7.8,0.02,7.79,9.17,1.29
PUMP,71.74,83.27,86.24,83.01,121.04,121.61,16,18,68,70,5.67,0.13,5.98,7.46,0.81
PRAA,71.73,75.6,75.43,86.76,101.3,100.11,16,21,34,43,15.58,0.17,14.83,19.26,0.57
SGC,71.72,75.42,77.42,72.5,90.54,120.02,16,11,21,68,10.6,0.12,10.28,13.05,0.81
MYND,71.71,71.71,77.8,72.39,68.72,134.82,16,11,8,79,0.87,0.09,0.88,1.23,1.8
CTRM,71.71,76.76,75.33,73.06,72.32,84.47,16,11,9,14,2.33,0.08,2.28,2.81,0.59
PTEN,71.68,80.11,81.88,77.68,98.73,92.69,16,14,31,30,5.94,0.11,6.01,7.25,0.62
CYTK,71.66,75.96,73.33,80.92,86.46,94.6,16,16,18,33,37.23,0.24,33.21,43.81,0.83
BITF,71.61,79.66,80.61,66.42,72.15,122.4,16,8,9,70,1.04,0.16,0.97,1.4,1.25
EOLS,71.61,77.93,76.6,95.31,105.25,130.02,16,31,39,76,9.2,0.01,9.64,12.28,0.84
SMSI,71.57,94.66,105.18,113.23,126.3,91.19,16,64,73,21,0.89,0.18,0.91,1.0,1.88
FNWB,71.55,75.15,74.12,105.55,111.46,89.24,16,46,48,19,7.97,0.21,8.48,9.9,0.39
EUDA,71.55,77.57,98.75,142.53,155.01,272.93,16,86,87,96,3.15,0.06,3.56,3.97,1.38
XCH,71.49,75.08,76.98,95.13,79.67,162.31,16,31,13,88,1.3,0.01,1.36,6.01,0.61
NMAX,71.48,75.09,95.42,109.63,114.01,92.57,16,54,54,26,14.4,0.01,17.46,24.97,0.43
LW,71.45,74.48,81.38,86.82,89.06,93.75,16,22,20,32,49.0,0.02,52.9,60.56,1.32
AEON,71.44,73.8,71.52,56.33,11.09,55.85,16,5,1,3,0.78,0.0,0.7,21.37,0.22
HOOK,71.41,78.2,77.43,72.95,39.56,60.59,16,11,2,4,1.14,0.07,1.39,1.97,1.68
CMBT,71.4,77.48,81.82,83.1,87.86,99.98,16,18,19,42,9.2,0.13,9.32,10.7,1.61
QDEL,71.39,79.95,83.42,87.81,95.4,98.94,16,23,27,40,25.45,0.04,30.33,36.62,0.93
WST,71.37,79.25,79.33,79.97,98.88,96.77,16,15,31,37,210.89,0.13,217.86,265.3,2.34
SMC,71.36,71.36,69.77,86.47,145.14,133.08,16,21,84,78,26.18,0.12,26.1,33.87,0.76
NCL,71.33,73.48,82.37,575.71,102.5,112.19,16,98,36,60,0.18,0.01,0.43,0.29,0.09
VERA,71.32,73.33,76.52,88.84,102.37,175.27,16,24,36,90,23.05,0.14,22.82,32.53,0.41
KBR,71.32,74.04,88.98,93.25,88.11,102.24,16,28,19,46,46.56,0.04,50.98,55.57,0.64
DGNX,71.32,78.77,78.77,754.27,114.01,92.57,16,99,54,26,61.46,0.42,58.59,66.06,0.62
IAUX,71.31,85.88,88.54,88.05,118.34,84.7,16,23,65,14,0.6,0.3,0.6,0.68,0.21
FLO,71.27,72.75,76.92,95.45,98.56,90.11,16,31,31,20,15.42,0.01,16.3,18.82,0.72
SEM,71.24,75.25,80.02,102.66,109.25,117.42,16,42,45,66,14.38,0.02,14.98,17.49,0.65
OSTX,71.22,81.28,89.52,103.6,89.79,118.41,16,43,21,67,1.64,0.13,1.73,2.29,0.67
TUSK,71.22,90.58,104.35,102.07,81.32,105.79,16,41,14,51,2.57,0.24,2.67,2.97,0.72
PAMT,71.21,83.04,86.88,104.88,93.14,108.21,16,45,24,55,12.95,0.17,13.37,15.03,0.79
CLIR,71.21,71.21,73.58,86.32,138.91,150.84,16,21,81,85,0.58,0.08,0.6,0.84,2.37
CRWS,71.07,71.07,72.62,74.67,87.01,89.31,16,12,18,19,2.88,0.08,3.02,3.75,0.62
COSM,71.06,82.75,80.03,72.0,96.35,87.95,15,11,28,17,0.44,0.11,0.45,0.58,0.36
PRGS,71.06,75.01,108.56,110.27,105.73,112.72,15,58,40,60,47.47,0.0,59.64,61.04,0.84
KZR,71.06,78.66,78.97,71.69,90.54,93.14,15,10,21,31,4.35,0.1,4.34,5.87,1.35
ZCMD,71.04,71.04,103.95,94.38,92.37,128.43,15,30,23,75,1.1,0.04,1.18,1.4,0.08
MMA,71.03,97.4,97.4,107.59,90.81,87.82,15,49,22,17,1.02,0.13,1.03,1.24,0.52
APLS,71.02,72.62,67.62,62.16,74.69,84.48,15,7,10,14,19.47,0.13,18.23,25.02,0.8
HQI,70.91,76.53,76.53,89.21,105.16,101.3,15,24,39,44,9.81,0.1,9.9,12.38,1.49
FEMY,70.86,76.17,77.04,112.75,147.63,110.36,15,63,85,58,0.88,0.09,0.95,1.16,0.98
XBP,70.86,75.38,86.57,107.17,115.88,80.4,15,48,61,11,0.91,0.05,1.01,1.1,0.22
TREE,70.86,78.9,80.89,119.23,126.58,190.09,15,72,73,92,37.93,0.15,36.91,44.01,0.81
TRSG,70.84,73.55,93.94,87.68,82.98,88.39,15,22,15,18,1.58,0.24,1.76,2.0,0.26
DNLI,70.84,75.68,81.36,77.75,100.92,133.62,15,14,34,79,14.0,0.13,14.26,19.4,0.87
MNRO,70.83,76.4,79.49,77.65,71.78,93.96,15,14,9,32,14.46,0.14,14.64,19.57,0.58
TYRA,70.83,82.95,79.07,70.09,77.35,157.62,15,10,12,87,10.39,0.15,9.9,13.42,0.3
RXT,70.81,74.07,63.33,64.9,129.62,139.53,15,7,76,81,1.45,0.21,1.28,2.03,0.72
TOP,70.74,73.71,81.25,83.0,77.67,65.56,15,18,12,5,1.22,0.1,1.26,1.43,0.99
FG,70.73,73.64,80.3,88.46,106.22,105.17,15,23,41,50,31.04,0.06,31.68,38.8,0.52
BTOC,70.72,73.56,86.7,86.7,80.11,107.65,15,21,13,54,1.64,0.1,1.46,3.12,0.69
FUN,70.71,70.71,73.29,87.56,100.42,107.76,15,22,33,54,30.75,0.14,32.58,39.36,1.36
ALUR,70.69,70.69,51.46,57.07,41.94,47.19,15,5,3,2,3.14,0.05,2.68,6.7,0.42
JJSF,70.68,72.95,74.48,100.85,97.39,95.38,15,39,29,35,115.4,0.07,114.88,138.45,0.89
ENR,70.66,71.35,70.69,93.55,102.69,114.25,15,29,36,62,22.92,0.17,21.93,29.18,1.43
CCEL,70.65,74.51,77.04,91.41,114.21,133.4,15,26,57,78,4.82,0.04,5.0,6.28,0.56
EXPO,70.58,75.2,79.32,91.34,95.44,104.82,15,26,27,49,72.51,0.0,76.12,87.28,0.84
LAB,70.57,80.15,86.76,69.32,79.9,97.63,15,9,13,38,1.23,0.22,1.14,1.45,0.73
CYN,70.55,80.74,126.49,46.53,8.26,86.88,15,4,1,16,8.61,0.0,6.77,208.23,0.16
CMND,70.52,74.23,81.35,79.81,98.32,108.96,15,15,31,56,1.0,0.16,0.95,1.2,0.08
DOW,70.42,71.76,75.8,69.83,81.01,87.04,15,9,14,16,28.34,0.12,28.57,36.24,0.83
OMCL,70.41,75.38,77.69,94.19,122.47,133.07,15,29,70,78,26.88,0.08,28.9,37.63,1.06
CHE,70.4,73.74,92.74,108.82,118.21,93.66,15,51,65,32,451.3,0.0,535.63,559.99,0.67
PSFE,70.33,71.82,73.33,86.63,116.81,142.26,15,21,62,83,13.75,0.14,13.01,17.15,0.82
MOLN,70.31,70.31,73.61,85.25,102.39,120.94,15,20,36,69,3.6,0.01,3.78,4.67,0.18
IONR,70.3,70.3,64.31,80.3,102.05,203.7,15,16,35,93,3.48,0.15,3.15,4.37,2.01
AEYE,70.3,71.98,76.78,75.02,137.69,320.55,15,13,80,97,12.3,0.1,12.21,16.43,0.89
TWST,70.26,80.32,81.06,92.26,123.09,127.68,15,27,70,75,35.17,0.23,33.57,41.32,0.58
WNW,70.26,70.26,47.53,35.14,22.27,307.77,15,2,1,97,1.87,0.01,1.78,10.7,1.08
ESPR,70.24,74.1,69.6,58.69,93.54,170.96,15,6,25,90,1.17,0.14,1.02,1.69,0.66
TRNS,70.19,81.41,85.92,92.28,78.97,98.71,15,27,13,40,81.29,0.16,83.6,92.18,0.51
ASPN,70.17,70.17,66.48,53.09,64.69,138.5,15,5,7,81,7.23,0.11,6.14,10.7,1.3
CRIS,70.14,78.1,77.97,69.65,54.98,67.56,15,9,4,6,1.8,0.12,2.13,3.06,0.52
ASRT,70.14,75.76,79.24,76.61,87.02,85.99,15,13,18,15,0.67,0.12,0.66,0.8,0.81
ASH,70.13,73.52,75.78,71.57,74.03,86.91,15,10,10,16,51.04,0.1,50.97,63.56,0.72
DARE,70.04,88.05,82.19,96.78,92.7,99.19,15,33,24,41,2.52,0.08,2.81,3.13,0.33
TROO,70.0,124.23,60.23,58.56,82.33,88.49,15,5,14,18,0.8,0.07,0.73,1.34,0.2
GNSS,69.96,71.48,71.48,84.17,129.18,164.7,15,19,75,89,1.98,0.2,1.74,2.67,0.77
GCTS,69.91,69.91,61.83,77.95,62.11,59.16,15,14,6,4,1.61,0.15,1.33,1.98,0.24
EPC,69.9,75.61,75.61,93.1,93.45,87.53,15,28,25,17,25.56,0.16,25.92,30.9,0.71
REAX,69.85,78.22,94.04,109.73,108.94,169.73,15,57,44,89,3.84,0.0,4.19,4.73,1.11
BHFAM,69.81,74.7,90.3,98.09,97.28,104.72,15,35,29,49,11.76,0.0,13.93,15.01,1.02
MRNO,69.79,88.3,106.14,125.7,144.02,135.91,15,77,83,80,7.49,0.24,9.91,10.04,0.89
MNOV,69.75,75.21,81.16,100.68,126.02,144.3,15,38,73,83,1.23,0.08,1.35,1.68,0.63
MBC,69.74,75.85,77.8,71.27,95.04,110.4,15,10,26,58,11.29,0.16,10.74,14.29,0.6
STRR,69.73,69.87,69.87,90.04,87.27,74.76,15,25,18,8,1.99,0.06,2.11,2.51,1.58
ISPO,69.71,80.7,106.15,101.54,157.48,163.11,15,40,88,88,3.08,0.0,3.64,3.96,1.23
SKIL,69.66,79.26,94.91,168.59,249.53,240.85,15,91,95,95,15.89,0.22,17.82,20.0,0.88
GIPR,69.66,70.5,69.64,78.26,75.93,62.67,15,14,11,5,1.44,0.04,1.51,1.7,1.55
HWH,69.64,69.64,73.03,72.03,50.89,108.81,15,11,4,55,1.37,0.09,1.33,2.24,0.02
XHLD,69.63,70.52,73.95,109.63,114.01,92.57,15,54,54,26,0.37,0.0,0.52,0.85,0.15
CASK,69.59,81.27,81.27,87.92,93.27,92.57,14,23,25,26,0.43,0.02,0.51,1.08,2.42
INSP,69.58,71.86,74.63,90.46,102.07,106.53,14,25,35,52,126.83,0.01,137.45,170.87,0.71
WU,69.58,73.41,76.76,97.23,101.29,83.63,14,33,34,13,8.02,0.0,8.87,9.82,1.31
SEMR,69.58,71.93,73.35,80.34,124.06,109.52,14,16,71,56,8.91,0.06,9.6,12.05,0.49
MRVI,69.55,73.19,74.59,51.77,68.29,98.1,14,4,8,39,2.43,0.09,2.31,4.11,1.08
SRL,69.53,73.14,79.57,114.28,124.0,122.2,14,65,71,70,5.9,0.03,6.45,7.34,0.15
AESI,69.52,73.86,74.45,72.48,114.27,116.24,14,11,57,64,13.42,0.14,13.39,17.94,0.51
EDAP,69.5,70.81,64.52,73.22,74.47,58.05,14,11,10,4,1.52,0.05,1.76,2.19,0.66
OMI,69.5,73.26,75.25,70.8,82.38,84.42,14,10,15,14,7.75,0.15,7.65,10.35,0.77
SCLX,69.5,69.5,40.83,38.85,41.54,72.2,14,2,3,7,8.86,0.08,5.55,14.26,1.86
RPAY,69.47,72.1,66.4,68.4,80.49,94.86,14,9,13,34,4.91,0.19,4.68,6.4,0.54
NINE,69.45,74.44,92.08,87.94,103.91,95.59,14,23,38,35,0.78,0.22,0.7,1.03,0.16
MBIO,69.44,80.57,106.09,41.09,24.17,68.03,14,3,2,6,2.18,0.07,1.48,5.26,0.05
SSKN,69.43,77.88,82.42,94.29,94.8,85.22,14,29,26,15,2.2,0.0,2.42,2.74,0.96
ITRM,69.43,82.77,82.77,107.81,104.82,204.2,14,49,39,93,0.92,0.0,0.98,1.34,2.85
KITT,69.42,69.47,67.12,74.04,75.47,156.03,14,12,11,87,1.15,0.08,0.98,1.26,1.54
PXS,69.32,72.87,75.08,75.08,79.39,91.03,14,13,13,21,2.95,0.13,2.93,3.57,0.54
MDBH,69.28,70.12,71.4,67.44,89.84,83.71,14,8,21,13,4.5,0.1,4.31,5.81,0.19
IT,69.28,74.9,82.93,89.78,102.26,104.48,14,25,35,49,355.4,0.0,414.34,469.93,1.68
SHOT,69.23,69.23,69.28,76.33,58.19,86.33,14,13,5,16,0.5,0.2,0.36,0.62,1.13
IIPR,69.11,77.15,75.26,66.89,74.24,121.17,14,8,10,69,52.48,0.08,54.63,72.95,1.5
SGRP,69.11,69.11,58.14,61.05,104.62,151.99,14,6,38,86,1.19,0.18,1.04,1.64,2.18
LOVE,69.1,81.14,92.13,88.87,91.8,142.53,14,24,23,83,18.55,0.23,19.06,23.39,0.42
FGL,69.07,72.82,71.33,100.98,106.42,92.57,14,39,41,26,1.0,0.08,0.99,1.62,0.23
VLRS,69.04,75.32,74.36,74.01,108.64,113.69,14,12,44,62,4.5,0.17,4.53,6.28,1.24
CPB,68.99,69.49,73.01,97.43,100.23,96.24,14,34,33,36,30.98,0.04,32.68,38.53,0.64
FLD,68.99,76.97,60.4,58.37,92.65,96.09,14,5,24,36,4.36,0.19,4.44,7.89,0.9
MGPI,68.96,70.4,73.0,69.84,57.41,62.11,14,10,5,4,30.03,0.06,30.61,38.86,0.55
RC,68.95,69.44,71.4,70.67,87.33,82.04,14,10,18,12,4.21,0.05,4.3,5.52,0.72
THRD,68.93,80.9,84.3,85.0,65.72,134.92,14,20,7,79,5.45,0.18,5.32,7.41,0.38
CSPI,68.91,72.46,82.04,119.19,144.96,140.52,14,71,84,82,11.35,0.07,13.2,15.01,0.49
SPB,68.9,69.66,69.66,78.51,92.39,99.24,14,15,24,41,56.07,0.1,57.02,74.24,0.64
HPAI,68.88,81.94,81.94,115.37,124.78,99.45,14,67,72,41,3.8,0.04,4.8,5.51,6.11
APLT,68.81,68.81,58.71,41.7,30.26,239.65,14,3,2,95,0.46,0.02,0.39,2.37,0.44
BODI,68.81,68.81,58.89,73.84,114.36,84.6,14,12,57,14,4.01,0.1,4.01,5.83,0.21
MAXN,68.8,68.8,72.66,56.45,49.31,52.4,14,5,3,3,3.53,0.05,3.3,5.25,0.71
FGEN,68.78,72.98,68.3,67.34,137.77,108.45,14,8,81,55,7.65,0.09,7.03,9.31,0.32
ATLX,68.76,68.76,64.86,66.34,72.46,63.16,14,8,9,5,4.47,0.09,4.09,5.81,1.3
FCUV,68.68,102.6,125.75,189.51,185.13,271.63,14,94,92,96,2.64,0.11,3.97,3.88,2.17
SRTS,68.68,71.0,85.77,90.59,167.69,191.16,14,25,89,92,4.34,0.05,4.69,5.86,0.98
LINE,68.64,70.83,73.81,101.73,102.68,85.46,14,40,36,15,41.4,0.01,43.98,56.17,1.24
AGMH,68.63,76.82,76.82,31.88,117.85,187.41,14,2,64,92,2.85,0.01,3.11,39.59,0.26
VCEL,68.58,78.15,85.52,88.92,124.0,130.05,14,24,71,76,35.34,0.0,41.52,48.01,1.03
BLMZ,68.55,68.55,58.32,58.39,70.57,88.05,14,5,9,17,0.19,0.03,0.16,0.42,0.11
PYXS,68.55,73.95,74.3,76.33,48.35,134.77,14,13,3,79,1.13,0.07,1.19,1.77,0.36
STAA,68.47,69.07,69.85,80.32,64.65,73.61,14,16,7,8,17.36,0.08,17.71,21.93,1.01
ENGS,68.43,69.93,95.42,109.63,114.01,92.57,14,54,54,26,2.12,0.06,2.44,3.65,0.1
SCNI,68.39,73.92,74.28,87.97,97.46,85.01,14,23,30,15,2.15,0.08,2.49,3.07,0.14
CERT,68.34,90.71,98.99,121.24,116.86,77.65,14,73,62,10,10.1,0.14,11.33,11.56,0.69
POLA,68.33,68.33,65.11,75.15,107.46,103.3,14,13,42,47,2.08,0.16,1.82,2.6,0.09
SBFM,68.33,68.46,60.46,56.09,58.14,51.27,14,5,5,3,1.56,0.06,1.48,2.23,0.51
WALD,68.31,76.27,76.9,91.22,87.27,80.24,14,26,18,11,2.3,0.08,2.47,3.06,0.41
EPIX,68.29,73.5,74.23,77.06,62.01,96.33,14,14,6,36,1.88,0.08,1.72,2.2,1.49
NVO,68.28,73.75,74.03,76.1,72.24,86.32,14,13,9,16,64.31,0.08,70.1,84.57,0.86
KROS,68.25,76.87,77.28,74.61,73.38,131.75,14,12,10,78,13.75,0.07,13.99,25.5,0.74
COTY,68.22,68.28,69.34,68.06,72.64,67.64,14,9,10,6,4.92,0.06,4.91,6.24,0.66
APOG,68.22,71.92,71.56,80.77,85.45,130.29,14,16,17,76,41.97,0.1,40.18,55.56,0.69
ARBB,68.12,73.95,99.49,156.48,198.42,152.61,13,89,93,86,5.5,0.16,7.29,8.05,0.37
TSBX,68.07,68.07,63.88,64.05,57.67,58.06,13,7,5,4,0.36,0.02,0.35,0.42,0.3
PAVM,68.03,70.39,72.98,95.21,96.05,84.61,13,31,28,14,0.6,0.04,0.63,0.77,0.51
CSAI,68.01,68.07,72.24,109.63,114.01,92.57,13,54,54,26,1.83,0.0,2.48,5.65,1.03
RGP,67.98,71.81,75.92,65.25,78.01,83.62,13,8,12,13,5.3,0.07,5.37,6.95,1.95
INLF,67.94,67.94,83.78,85.34,104.24,92.57,13,20,38,26,1.01,0.01,1.12,2.29,0.04
GRWG,67.94,69.63,69.63,85.02,65.27,87.73,13,20,7,17,1.0,0.07,1.09,1.42,0.55
FORR,67.88,72.13,76.35,74.51,78.0,78.17,13,12,12,10,9.56,0.08,10.24,12.8,0.83
EDBL,67.87,67.87,60.38,76.68,62.05,66.04,13,13,6,5,2.59,0.02,2.83,3.97,0.02
TLRY,67.84,67.9,68.8,41.12,60.74,81.21,13,3,6,11,0.62,0.16,0.46,0.93,0.94
CNTX,67.83,70.64,64.3,80.51,68.25,142.53,13,16,8,83,0.89,0.16,0.67,1.09,1.54
EVH,67.68,79.03,81.98,70.7,65.49,84.1,13,10,7,14,9.53,0.09,9.52,12.38,2.18
EMBC,67.66,71.17,72.37,94.2,127.7,147.22,13,29,74,84,9.78,0.04,10.55,13.98,0.68
ARAY,67.66,71.26,71.67,85.96,130.19,100.79,13,20,76,43,1.34,0.08,1.43,1.79,1.04
LPCN,67.59,68.67,72.0,92.45,83.55,133.22,13,27,15,78,3.12,0.08,3.27,4.02,0.97
ACTU,67.57,78.19,94.06,137.53,111.1,104.68,13,84,48,49,5.76,0.0,8.33,8.17,0.79
SKYQ,67.57,84.64,95.25,102.07,93.59,92.43,13,41,25,23,0.72,0.05,0.73,1.11,0.49
UWMC,67.56,71.12,68.77,76.71,99.89,99.79,13,14,32,42,4.24,0.08,4.12,5.36,0.99
UPLD,67.5,67.5,64.42,97.0,162.95,175.83,13,33,89,90,1.95,0.06,2.06,3.01,0.33
KOS,67.48,70.62,74.33,68.92,64.1,66.61,13,9,7,5,2.02,0.12,1.91,2.82,0.66
LBTYB,67.46,68.08,64.83,75.3,79.51,102.07,13,13,13,45,9.95,0.06,9.62,12.69,0.18
RENT,67.46,67.46,67.44,114.85,68.82,99.32,13,66,8,41,4.98,0.08,5.51,7.08,0.24
PCG,67.46,67.72,73.52,105.86,105.92,103.88,13,46,40,48,13.45,0.05,15.18,17.45,0.97
AMN,67.44,69.13,71.88,72.51,70.69,55.59,13,11,9,3,19.82,0.04,21.36,25.9,1.78
WKHS,67.4,151.73,151.73,23.09,43.39,71.6,13,2,3,7,2.14,0.05,1.32,5.95,0.68
ZD,67.4,72.58,71.75,67.63,96.12,96.57,13,9,28,37,30.33,0.03,32.14,43.47,0.98
FARM,67.39,67.39,66.9,92.47,111.22,67.9,13,27,48,6,1.41,0.02,1.5,1.89,0.81
BIYA,67.38,71.11,95.42,109.63,114.01,92.57,13,54,54,26,0.94,0.05,2.68,3.2,1.51
RYET,67.32,224.89,224.89,109.63,114.01,92.57,13,54,54,26,2.38,0.03,9.12,8.3,1.05
CTXR,67.27,74.48,88.69,43.03,30.22,62.21,13,3,2,4,1.53,0.03,1.14,3.34,0.16
LMNR,67.24,70.38,72.64,76.41,97.94,132.55,13,13,30,78,15.07,0.02,15.55,20.95,0.49
REGN,67.21,70.46,69.29,75.11,82.46,89.04,13,13,15,19,542.52,0.08,544.06,687.6,1.0
AMRK,67.21,77.84,77.84,81.07,95.72,113.09,13,17,27,61,21.84,0.09,21.42,27.23,0.49
DECK,67.17,67.17,71.04,80.6,135.13,135.14,13,16,79,79,101.91,0.05,109.35,148.1,0.93
NRIX,67.15,83.93,81.11,71.32,117.54,241.81,13,10,64,95,11.21,0.12,11.36,16.62,0.87
SWBI,67.09,74.57,91.5,91.5,84.65,85.7,13,26,16,15,8.03,0.0,9.22,10.37,1.25
GMED,67.09,69.56,75.9,104.7,131.95,130.28,13,45,77,76,56.34,0.01,59.24,74.16,0.52
AKAN,67.05,76.7,76.7,71.03,68.23,42.49,13,10,8,2,1.21,0.04,1.29,1.5,0.64
CHRS,67.05,84.51,75.45,92.1,104.18,102.38,13,27,38,46,0.88,0.2,0.81,1.03,0.45
ORKT,67.03,67.03,70.52,82.4,74.12,96.82,13,17,10,37,0.72,0.04,0.55,1.87,0.36
ICFI,67.02,73.07,73.85,76.87,79.15,108.01,13,14,13,54,83.48,0.06,85.87,111.71,0.64
INGN,67.0,76.3,85.38,81.62,144.54,124.1,13,17,84,72,6.35,0.08,6.63,8.41,0.73
VTLE,67.0,74.9,76.69,75.24,85.72,92.3,13,13,17,23,16.81,0.11,17.25,24.51,0.94
GLXG,66.96,72.1,72.1,73.82,99.22,88.07,13,12,32,17,0.62,0.01,0.59,2.53,0.44
SKY,66.92,71.97,71.97,104.92,118.57,121.43,13,45,65,69,64.23,0.08,71.07,88.59,0.47
MYPS,66.9,72.71,84.08,91.62,92.95,99.29,13,26,24,41,1.17,0.02,1.39,1.55,0.61
MAN,66.9,69.2,69.12,70.39,93.11,77.46,13,10,24,9,43.25,0.15,41.81,53.39,1.25
PPBT,66.83,66.83,61.57,66.07,64.99,55.51,13,8,7,3,2.6,0.05,2.43,3.15,0.37
INM,66.79,81.0,96.29,89.0,80.45,107.14,13,24,13,53,2.67,0.12,2.84,3.61,0.01
LITM,66.77,68.3,73.65,81.08,241.43,276.62,13,17,95,96,4.55,0.13,3.74,5.62,0.96
NKTX,66.76,72.51,74.36,72.21,54.23,72.32,13,11,4,7,1.91,0.09,1.81,2.31,2.12
HLX,66.66,68.0,73.7,74.48,89.53,93.72,13,12,21,32,6.35,0.05,6.56,8.28,0.78
ADV,66.65,70.35,77.68,64.64,72.4,98.76,13,7,9,40,1.46,0.13,1.38,2.27,0.52
FLWS,66.65,74.09,74.13,69.55,88.92,84.52,13,9,20,14,5.15,0.11,5.12,6.77,0.54
NOTE,66.63,66.63,66.4,57.7,152.44,99.94,13,5,86,42,0.71,0.16,0.62,0.95,1.18
PLTK,66.62,71.46,79.94,77.33,91.18,100.35,13,14,22,43,4.49,0.14,4.74,6.02,0.68
GPCR,66.6,75.78,78.52,87.02,71.71,83.26,13,22,9,13,19.25,0.17,21.97,27.0,2.12
DYAI,66.56,67.4,67.19,96.21,123.14,137.15,12,32,70,81,0.97,0.06,0.99,1.3,0.61
CHEK,66.56,68.22,74.82,84.71,87.7,111.31,12,19,19,59,0.76,0.12,0.81,0.94,0.26
MGLD,66.53,68.19,82.91,86.96,124.49,142.31,12,22,71,83,0.87,0.08,0.87,1.15,0.69
PMAX,66.44,66.44,74.66,91.18,63.41,88.07,12,26,7,17,0.38,0.02,0.39,1.31,0.02
MYSZ,66.42,71.39,74.85,84.45,97.17,238.89,12,19,29,95,1.29,0.04,1.24,1.64,0.27
HUM,66.42,73.61,81.49,92.02,114.08,85.16,12,27,57,15,220.41,0.0,235.4,259.24,2.45
VIR,66.42,74.08,77.72,69.39,115.88,135.2,12,9,61,80,5.41,0.11,5.16,7.25,1.49
LBTYA,66.4,67.0,67.62,75.39,76.76,100.47,12,13,11,43,9.9,0.07,9.78,12.7,0.57
PWM,66.38,70.64,71.72,58.22,150.7,160.62,12,5,86,88,0.41,0.06,0.4,0.78,0.04
MCTR,66.34,68.61,75.98,291.63,114.01,92.57,12,97,54,26,2.71,0.0,5.4,5.86,0.07
BALY,66.31,70.88,81.61,103.95,105.8,92.57,12,44,40,26,9.8,0.09,10.3,14.2,0.4
ENFY,66.3,82.31,82.31,94.11,95.51,91.04,12,29,27,21,0.98,0.12,1.04,1.31,2.01
SPT,66.29,67.86,72.13,80.56,95.73,84.67,12,16,27,14,18.96,0.02,21.24,26.35,0.7
SAM,66.22,66.78,74.69,97.05,95.37,95.75,12,33,27,36,192.24,0.04,215.41,255.22,0.81
INTG,66.18,77.52,94.65,93.46,89.22,73.28,12,29,20,8,11.24,0.09,12.0,13.3,0.41
CMPR,66.15,71.26,74.74,70.04,82.06,88.1,12,10,14,18,44.65,0.09,45.17,58.96,0.64
LBTYK,66.13,66.74,67.02,75.86,76.72,99.53,12,13,11,42,10.18,0.07,10.04,13.12,0.39
PLAG,66.12,79.65,60.15,147.92,118.6,143.69,12,87,65,83,1.28,0.16,1.58,1.97,0.44
GMGI,66.08,76.89,76.89,99.33,101.93,96.38,12,36,35,36,1.66,0.18,1.71,2.04,0.86
DBI,66.03,66.03,66.03,70.6,72.44,78.9,12,10,9,10,2.87,0.12,3.03,4.26,0.41
KURA,66.0,66.69,63.57,58.58,54.99,104.74,12,6,4,49,6.36,0.05,6.1,9.34,0.81
ADVB,65.98,70.33,67.47,109.63,114.01,92.57,12,54,54,26,0.69,0.02,0.92,1.82,2.49
TSE,65.93,77.08,91.71,125.15,154.8,143.89,12,77,87,83,2.8,0.12,3.04,4.16,0.75
CAPR,65.9,76.23,149.68,180.74,236.67,485.24,12,93,95,98,6.88,0.18,10.05,13.7,0.65
GDYN,65.88,70.04,77.7,97.93,156.6,162.4,12,34,87,88,10.5,0.01,12.35,16.49,0.77
BCC,65.86,73.76,76.1,76.91,87.32,107.62,12,14,18,54,83.89,0.0,88.57,112.41,1.45
OABI,65.85,67.53,66.73,51.85,80.74,86.34,12,4,14,16,1.95,0.19,1.64,2.92,0.72
CNF,65.8,73.19,77.33,65.54,91.74,79.24,12,8,23,10,0.73,0.16,0.61,0.95,0.72
ENSC,65.71,65.95,63.19,69.61,159.51,149.85,12,9,88,85,2.13,0.05,2.21,4.81,0.33
CNCK,65.71,74.31,76.31,97.23,80.73,113.65,12,33,14,62,5.88,0.16,5.84,7.91,0.46
ELUT,65.67,67.49,67.49,75.22,86.87,138.63,12,13,18,81,2.12,0.15,1.92,2.93,0.17
CIVI,65.61,71.29,78.13,74.59,80.65,85.0,12,12,14,15,29.32,0.12,29.3,39.28,0.65
AMWD,65.58,72.35,73.21,73.97,78.91,100.86,12,12,12,44,52.45,0.04,55.73,72.08,0.97
AMR,65.57,65.83,65.83,62.28,64.74,82.2,12,7,7,12,124.27,0.12,114.68,165.42,0.98
AKTX,65.52,65.52,75.07,107.25,97.33,94.0,12,48,29,33,1.13,0.08,1.23,1.43,2.44
CAG,65.52,66.12,75.41,101.47,106.77,91.13,12,40,42,21,19.07,0.01,21.64,25.08,1.08
COLD,65.51,68.54,70.89,91.77,95.37,86.28,12,26,27,16,16.14,0.0,16.81,20.6,0.44
WGO,65.4,72.72,74.84,73.0,75.27,90.29,12,11,11,20,29.62,0.04,32.62,42.44,1.01
GTE,65.39,76.83,90.23,96.58,89.79,105.59,12,32,21,51,4.48,0.12,4.93,5.61,1.31
OBIO,65.38,69.89,63.67,62.36,91.87,93.3,12,7,23,31,3.09,0.11,2.98,4.33,0.32
TIRX,65.37,71.91,74.95,106.62,83.76,80.13,12,48,16,11,1.13,0.0,1.34,1.56,0.04
ULH,65.36,72.24,75.95,70.25,111.01,131.6,12,10,47,77,25.15,0.12,25.21,34.56,0.67
DTIL,65.32,74.6,72.25,86.11,85.07,76.25,12,21,16,9,4.61,0.11,4.77,5.73,0.38
APRE,65.3,66.73,70.43,59.77,82.38,107.11,12,6,15,53,1.66,0.06,1.73,2.66,2.12
VREX,65.29,68.94,72.8,62.81,94.12,99.25,12,7,26,41,7.24,0.04,8.07,11.56,1.03
RHI,65.23,66.38,66.77,74.06,92.35,96.61,12,12,23,37,41.86,0.05,43.68,57.22,0.91
SELX,65.16,75.98,96.48,109.51,114.94,88.44,12,52,59,18,1.13,0.09,1.38,1.44,0.7
VCYT,65.13,78.39,84.73,116.01,155.18,152.55,12,68,87,86,23.51,0.1,27.35,34.41,1.58
MAGN,65.11,67.33,70.54,78.94,96.22,103.67,12,15,28,48,12.96,0.11,12.95,17.62,0.61
LGHL,65.09,66.38,57.65,45.83,50.26,59.32,12,3,4,4,3.83,0.07,3.0,6.28,0.42
BIVI,65.04,65.04,69.62,63.67,84.67,98.34,12,7,16,39,8.99,0.06,10.04,16.16,1.39
LGPS,64.95,67.77,95.42,109.63,114.01,92.57,12,54,54,26,1.17,0.06,1.63,2.43,0.1
NXL,64.88,71.62,78.72,119.5,362.24,696.55,12,72,97,98,1.09,0.12,1.14,2.21,1.36
WLK,64.83,68.91,70.42,75.67,81.58,86.06,12,13,14,15,81.44,0.15,77.65,105.33,0.65
INSG,64.78,70.61,79.49,119.54,241.03,461.39,12,72,95,98,7.35,0.04,7.91,11.01,0.67
PCVX,64.78,67.68,63.14,44.52,101.45,154.67,12,3,34,87,36.21,0.09,33.69,68.77,0.66
PKOH,64.75,72.67,72.02,81.25,84.95,108.99,12,17,16,56,16.49,0.0,18.3,23.81,1.35
LPA,64.71,74.4,74.4,89.23,110.05,108.06,12,24,46,54,6.77,0.04,7.06,8.36,0.36
CLYM,64.7,65.18,60.97,54.11,46.28,105.42,11,5,3,50,1.51,0.05,1.27,2.14,0.59
EEIQ,64.63,65.24,67.79,75.7,108.35,111.15,11,13,43,59,0.57,0.23,0.57,0.79,0.03
ATPC,64.58,84.16,104.15,155.05,104.95,63.49,11,89,39,5,1.29,0.11,1.59,1.48,0.62
AIRJ,64.56,65.55,76.79,64.74,99.23,112.34,11,7,32,60,4.62,0.1,4.46,6.44,0.48
ELEV,64.52,75.22,82.02,56.41,67.17,89.86,11,5,8,20,0.38,0.05,0.35,0.49,0.82
PDSB,64.51,71.48,82.99,91.85,53.92,74.52,11,27,4,8,1.15,0.07,1.43,1.79,0.44
FATE,64.42,72.09,78.81,94.57,55.46,76.22,11,30,5,9,1.13,0.09,1.2,1.63,0.54
YXT,64.41,73.35,75.61,70.81,86.78,89.93,11,10,18,20,0.78,0.03,0.9,1.57,1.79
AEHL,64.4,64.4,64.06,30.34,29.79,18.44,11,2,2,1,4.1,0.01,2.7,7.46,1.13
BVS,64.31,75.56,78.23,103.74,151.43,248.89,11,43,86,95,6.26,0.01,6.68,9.49,0.92
CMCO,64.3,69.14,69.9,65.77,91.51,101.65,11,8,22,45,15.26,0.1,15.9,25.22,0.49
XBIT,64.3,64.3,73.96,64.15,63.38,119.87,11,7,6,68,2.98,0.08,2.88,4.35,1.04
LAKE,64.3,66.8,63.88,89.4,119.58,127.61,11,24,66,74,14.04,0.09,16.0,19.89,0.36
SNCR,64.29,67.37,69.05,126.65,136.9,150.96,11,78,80,85,7.25,0.14,7.06,9.51,0.49
VRME,64.28,71.23,83.5,90.93,206.67,301.26,11,26,94,96,0.73,0.04,0.74,1.02,0.98
HSON,64.26,64.26,62.92,71.8,72.97,83.12,11,11,10,13,8.85,0.05,8.92,11.79,2.02
ICLR,64.26,66.52,66.17,64.44,75.42,89.51,11,7,11,19,143.54,0.08,140.85,187.95,1.22
NPWR,64.24,69.02,76.31,46.82,97.11,130.2,11,4,29,76,2.79,0.11,2.36,6.13,0.53
STRO,64.2,64.2,66.08,52.13,49.4,111.74,11,4,3,59,0.76,0.05,0.83,1.77,0.19
RYAM,64.2,65.37,65.11,73.41,133.92,178.59,11,11,78,91,4.14,0.08,3.99,6.42,0.92
MWYN,64.19,65.39,73.07,109.63,114.01,92.57,11,54,54,26,1.33,0.0,4.42,4.3,0.09
OEC,64.18,69.98,69.97,73.23,74.16,79.8,11,11,10,11,10.68,0.04,10.93,13.94,0.63
ALT,64.16,68.63,107.92,104.52,87.67,156.03,11,45,19,87,4.08,0.09,5.48,6.34,0.55
VRAX,64.14,69.1,66.06,87.86,174.98,216.39,11,23,90,93,0.96,0.04,0.94,1.51,4.96
JFBR,64.11,67.03,75.2,351.65,684.23,759.69,11,98,98,99,6.29,0.06,8.27,21.04,0.07
RMBL,64.08,73.08,72.71,62.27,84.07,113.72,11,7,16,62,2.49,0.18,2.2,3.9,0.35
JILL,64.08,64.08,64.15,65.13,94.22,94.99,11,8,26,34,15.04,0.06,15.54,21.25,0.59
RPD,64.03,66.64,71.9,68.51,82.64,89.49,11,9,15,19,22.31,0.02,23.59,32.26,1.41
CTNT,63.96,63.96,59.15,74.52,53.13,56.51,11,12,4,4,1.53,0.05,1.41,2.13,0.03
SGMO,63.91,67.63,78.01,123.19,186.24,417.11,11,75,92,98,0.51,0.04,0.51,1.12,0.99
NEXA,63.87,67.95,69.82,93.38,94.94,112.86,11,28,26,61,4.77,0.03,5.01,6.31,0.63
GETY,63.83,68.86,78.08,66.92,70.42,99.36,11,8,9,41,1.72,0.12,1.77,2.44,1.06
LBRT,63.83,73.09,75.65,75.38,106.62,105.97,11,13,41,51,11.35,0.1,12.12,15.77,0.77
BFRG,63.82,76.87,79.02,85.81,121.27,92.63,11,20,68,30,1.51,0.08,1.67,2.09,1.08
EWTX,63.82,72.54,72.05,73.74,131.58,244.11,11,12,77,95,13.54,0.08,14.26,23.54,0.44
FNKO,63.82,63.82,55.33,55.33,144.01,153.07,11,5,83,86,4.7,0.11,4.57,9.02,0.57
MGNX,63.81,68.75,72.61,57.25,58.57,80.53,11,5,5,11,1.48,0.09,1.48,2.5,0.28
FAMI,63.81,66.36,65.71,63.17,64.38,80.54,11,7,7,11,1.88,0.06,1.81,2.7,0.09
SAIA,63.81,66.11,67.94,76.13,100.18,119.09,11,13,33,67,288.1,0.15,275.03,398.38,1.01
LNZA,63.77,63.77,60.63,35.88,57.26,87.5,11,2,5,17,0.31,0.08,0.27,0.85,0.31
WFF,63.66,68.04,95.42,109.63,114.01,92.57,11,54,54,26,1.14,0.0,4.3,4.06,0.28
WEN,63.62,68.55,74.08,84.04,92.38,98.19,11,19,23,39,10.47,0.0,11.49,14.59,0.72
ARTV,63.6,69.9,60.69,63.84,71.57,95.16,11,7,9,35,2.39,0.06,1.92,6.32,1.36
AVD,63.58,75.02,77.64,81.81,77.4,75.07,11,17,12,8,3.47,0.0,4.17,4.83,0.96
CGEM,63.53,66.7,66.47,71.61,62.49,104.77,11,10,6,49,7.53,0.03,8.01,10.55,0.59
TNET,63.52,71.2,80.86,99.89,89.31,81.28,11,37,20,12,63.9,0.0,77.41,83.5,1.05
GTIM,63.51,63.51,66.87,80.99,97.29,97.68,11,16,29,38,1.64,0.06,1.69,2.3,2.51
AVNS,63.5,67.71,67.97,70.79,80.84,99.04,11,10,14,41,11.22,0.0,12.35,15.81,1.01
PMCB,63.5,67.79,68.62,70.13,99.94,83.86,11,10,32,13,1.03,0.02,1.07,1.47,2.79
TPIC,63.46,63.46,77.73,75.67,53.02,120.68,11,13,4,69,0.92,0.06,1.07,1.68,0.86
AEO,63.37,64.73,64.18,69.97,75.01,90.13,11,10,11,20,9.94,0.06,10.37,14.08,0.48
BCYC,63.34,66.88,66.01,55.49,53.15,110.81,11,5,4,58,8.56,0.1,7.99,13.48,1.67
SLVM,63.29,67.69,70.17,89.22,111.58,142.46,11,24,48,83,48.86,0.0,52.65,69.54,1.26
ORGN,63.26,68.07,68.07,90.2,110.18,152.55,11,25,46,86,0.6,0.12,0.52,0.9,0.79
PACK,63.12,64.69,67.01,67.61,125.75,128.36,11,8,72,75,3.54,0.1,3.54,5.58,0.46
GAUZ,63.12,70.94,91.97,103.45,114.9,105.2,11,43,59,50,6.92,0.17,8.22,9.15,0.44
OFIX,63.08,65.25,66.21,89.58,111.78,120.97,11,24,49,69,10.63,0.03,11.25,15.46,0.63
WGRX,63.05,63.62,68.7,109.63,114.01,92.57,10,54,54,26,1.01,0.05,1.64,2.68,29.1
KLC,63.0,75.7,78.82,76.48,97.86,91.26,10,13,30,21,9.67,0.02,10.96,17.33,0.6
CSTL,62.99,77.74,82.1,99.98,102.45,156.69,10,37,36,87,16.54,0.04,18.0,24.31,1.1
OLMA,62.97,83.48,84.92,78.47,59.17,88.46,10,15,5,18,4.41,0.1,4.57,6.45,0.39
JANX,62.96,66.28,66.48,74.9,156.38,328.18,10,12,87,97,26.4,0.09,24.72,38.28,1.0
FOLD,62.93,67.4,65.04,76.62,89.46,95.25,10,13,21,35,5.96,0.05,6.07,8.55,1.02
IOTR,62.88,89.69,95.42,109.63,114.01,92.57,10,54,54,26,0.5,0.03,0.43,0.7,0.31
NXTC,62.87,71.94,69.03,67.26,55.93,93.64,10,8,5,32,4.99,0.1,5.63,9.43,1.32
WNC,62.77,69.24,72.58,67.04,70.15,82.24,10,8,9,12,9.69,0.18,9.85,13.54,6.78
HUDI,62.76,66.72,74.76,80.48,83.2,75.74,10,16,15,9,1.27,0.0,1.39,1.67,1.58
IPW,62.69,84.9,82.39,88.69,90.58,200.11,10,24,21,93,0.63,0.1,0.61,0.82,0.39
PRPH,62.63,74.86,76.27,64.52,38.85,52.43,10,7,2,3,0.37,0.04,0.36,0.73,0.29
CLB,62.59,71.46,76.39,70.98,99.18,107.52,10,10,32,53,11.4,0.06,11.78,15.75,0.61
AFCG,62.55,65.3,65.73,73.51,102.48,114.5,10,12,36,63,4.57,0.06,4.84,6.87,0.74
HCAT,62.52,65.91,65.41,71.26,70.5,106.96,10,10,9,53,3.65,0.01,3.91,5.65,0.79
WEAV,62.51,62.51,71.04,86.36,135.12,133.42,10,21,79,78,7.77,0.04,9.14,12.4,1.07
ZNTL,62.47,65.39,65.73,55.49,48.11,63.33,10,5,3,5,1.41,0.11,1.32,2.21,0.39
ITP,62.42,64.8,76.48,160.58,164.42,230.23,10,90,89,94,0.2,0.08,0.2,0.28,0.04
LYEL,62.38,67.45,66.03,64.05,58.36,68.93,10,7,5,6,9.24,0.05,9.27,13.6,0.16
HPK,62.35,76.64,83.31,86.17,94.95,94.75,10,21,26,34,8.31,0.05,10.06,12.3,1.28
IPSC,62.33,73.86,76.56,59.24,41.02,72.82,10,6,2,8,0.58,0.07,0.57,0.87,0.7
CXAI,62.32,67.12,81.1,73.05,96.71,114.13,10,11,28,62,1.02,0.11,1.03,1.34,0.66
TROX,62.31,65.26,69.26,59.44,67.46,89.1,10,6,8,19,5.52,0.1,5.43,8.31,0.49
STTK,62.3,62.3,65.31,65.22,83.54,52.25,10,8,15,3,0.81,0.02,0.96,1.14,0.49
HKD,62.27,62.75,65.06,87.94,86.93,86.08,10,23,18,15,1.81,0.03,1.94,2.56,0.42
RMTI,62.27,62.27,73.22,60.42,96.62,212.02,10,6,28,93,1.1,0.08,0.99,1.88,0.78
GNPX,62.23,65.1,64.37,55.26,85.84,122.57,10,5,17,70,0.28,0.02,0.28,0.64,0.37
AVTR,62.18,63.15,65.7,72.44,85.27,97.38,10,11,17,38,13.29,0.09,13.23,18.13,0.71
IQST,62.13,62.91,68.01,89.87,101.86,176.53,10,25,35,90,9.47,0.12,10.42,13.64,0.78
VIVK,62.12,68.12,77.0,96.81,87.12,131.3,10,33,18,77,0.86,0.11,0.81,1.07,0.13
ANRO,62.1,65.12,66.56,62.22,68.22,86.28,10,7,8,16,2.78,0.07,2.5,4.03,0.29
APLM,62.07,66.75,63.61,68.03,81.15,73.46,10,9,14,8,6.21,0.09,6.13,8.59,0.89
EZGO,62.07,62.07,58.29,60.95,37.57,62.07,10,6,2,4,0.37,0.05,0.35,0.61,0.05
OLN,62.03,69.05,73.16,63.48,63.23,82.44,10,7,6,12,20.38,0.08,20.71,29.47,1.2
KRO,62.02,66.25,68.05,74.19,81.16,115.84,10,12,14,64,6.24,0.04,6.56,8.74,1.39
KAVL,62.01,81.85,73.8,71.51,114.54,79.19,10,10,57,10,0.51,0.04,0.55,0.77,0.13
WPP,62.0,63.04,79.7,85.94,93.9,106.84,10,20,25,52,27.83,0.0,35.73,42.59,1.16
VYGR,62.0,67.9,69.78,61.34,69.25,87.12,10,6,8,16,3.24,0.08,3.2,4.71,0.68
SYNX,61.96,61.96,60.1,60.71,142.94,132.78,10,6,83,78,1.73,0.04,1.77,2.84,1.11
CAMP,61.92,72.85,66.89,67.52,100.8,92.57,10,8,34,26,1.59,0.02,1.75,4.68,0.29
HUN,61.91,62.07,65.67,69.24,83.64,88.58,10,9,15,18,11.32,0.08,11.28,15.85,0.83
ENOV,61.89,78.67,83.66,78.97,90.94,90.02,10,15,22,20,26.29,0.0,32.69,39.37,2.65
CHPT,61.87,64.2,73.71,78.79,62.83,74.13,10,15,6,8,0.62,0.05,0.7,0.9,0.79
ANL,61.86,67.49,67.49,81.21,87.64,72.91,10,17,18,8,1.5,0.04,1.66,2.04,0.46
GFR,61.86,62.76,78.91,84.42,92.74,109.97,10,19,24,57,4.4,0.11,4.47,5.93,1.19
OXM,61.83,62.6,68.25,71.03,88.15,91.78,10,10,19,22,41.79,0.08,47.85,63.48,0.75
MNKD,61.82,66.34,67.81,91.12,110.7,147.85,10,26,47,84,3.76,0.06,4.07,5.47,0.85
ATEX,61.79,63.62,77.77,99.67,114.04,87.57,10,37,57,17,22.84,0.0,26.7,31.78,1.21
DJT,61.77,71.38,81.25,89.33,103.88,174.13,10,24,38,90,18.67,0.17,20.91,26.63,0.94
GYRE,61.71,72.57,78.93,89.86,102.44,131.44,10,25,36,77,7.21,0.08,8.67,10.65,0.21
QTRX,61.65,71.18,69.04,63.52,59.9,84.78,10,7,6,14,5.37,0.09,5.7,8.58,0.62
TLPH,61.55,74.17,74.17,73.77,84.73,111.89,10,12,16,59,0.41,0.0,0.49,0.62,0.55
CMCT,61.55,65.51,121.02,86.81,140.16,112.92,10,22,82,61,6.81,0.07,8.01,10.65,0.61
CDLX,61.54,68.76,72.48,58.81,64.57,86.4,10,6,7,16,1.68,0.06,1.81,2.75,1.91
HCWC,61.39,62.28,65.88,73.72,79.92,88.07,10,12,13,17,0.43,0.01,0.41,0.94,0.53
THS,61.37,63.48,63.37,68.88,85.91,91.78,10,9,17,22,20.01,0.04,21.44,29.66,0.93
EQ,61.33,61.33,55.68,59.4,99.37,153.78,10,6,32,86,0.42,0.12,0.36,0.64,0.31
VRA,61.28,63.66,68.8,59.85,56.02,76.77,9,6,5,9,2.03,0.06,2.16,3.38,0.33
SITC,61.27,64.2,71.33,59.61,59.24,47.62,9,6,5,2,11.06,0.0,11.93,13.98,0.89
GGR,61.26,96.73,96.73,45.76,58.46,54.79,9,3,5,3,0.34,0.1,0.28,0.41,0.79
SLQT,61.09,68.82,80.57,129.44,251.91,199.91,9,80,95,93,2.13,0.07,2.3,3.07,1.06
NCEW,61.06,65.32,80.5,118.77,106.03,92.57,9,71,40,26,0.86,0.0,1.09,1.53,0.05
ANGH,61.0,74.23,61.05,79.65,84.85,83.67,9,15,16,13,0.49,0.02,0.53,0.67,1.5
VEEA,60.96,64.12,68.99,69.24,50.31,65.11,9,9,4,5,1.77,0.04,1.93,2.61,0.81
FC,60.95,65.02,66.81,65.41,89.2,97.61,9,8,20,38,19.33,0.0,22.37,30.65,1.26
PAL,60.93,69.08,71.23,94.06,93.78,75.17,9,29,25,9,6.8,0.01,7.52,9.12,1.88
OESX,60.89,72.2,73.98,96.15,99.93,87.75,9,32,32,17,0.56,0.0,0.63,0.78,1.01
XPRO,60.78,70.87,77.23,69.39,75.8,72.64,9,9,11,7,8.41,0.09,8.73,11.46,0.53
CAL,60.76,60.76,61.12,69.55,65.41,87.09,9,9,7,16,13.72,0.05,14.32,20.29,0.57
BRN,60.74,63.67,74.66,97.63,88.54,69.48,9,34,19,6,1.17,0.04,1.28,1.59,0.05
ZIMV,60.68,65.38,70.53,63.49,82.0,93.57,9,7,14,32,8.44,0.01,9.05,12.05,1.31
PRLD,60.68,69.12,75.39,99.69,49.32,45.29,9,37,3,2,0.81,0.03,0.89,1.04,0.29
SKK,60.66,75.87,86.49,79.44,109.49,91.26,9,15,45,21,0.62,0.0,0.65,1.54,0.2
ZOOZ,60.58,60.58,49.64,75.42,91.68,119.18,9,13,23,67,1.31,0.25,1.1,1.94,5.92
BAK,60.49,73.46,77.28,77.88,73.65,79.37,9,14,10,11,3.04,0.03,3.59,4.39,2.31
CSAN,60.37,66.62,80.68,88.31,76.15,66.0,9,23,11,5,4.23,0.0,5.37,6.01,1.09
ZIP,60.33,63.01,68.04,83.46,73.52,94.32,9,18,10,33,4.66,0.04,5.34,6.93,0.96
CCTG,60.33,61.16,62.31,78.89,96.72,96.83,9,15,28,37,1.12,0.05,1.12,1.53,0.18
DDD,60.31,60.31,63.53,68.34,129.0,104.85,9,9,75,49,1.76,0.12,1.71,2.73,0.73
GENK,60.31,61.2,56.39,68.98,78.07,100.33,9,9,12,43,3.91,0.1,3.93,6.07,0.24
MNTK,60.24,64.54,75.66,69.57,91.11,92.28,9,9,22,23,2.2,0.11,2.17,3.46,0.75
OGN,60.17,60.89,60.06,78.32,94.03,91.76,9,14,25,22,9.46,0.1,9.47,13.54,0.67
TCMD,60.09,64.77,71.31,99.19,114.56,122.1,9,36,57,70,9.52,0.01,9.98,14.12,0.5
FRPT,59.94,61.06,63.5,70.8,127.53,137.43,9,10,74,81,70.82,0.03,76.37,112.82,0.87
LNTH,59.93,76.62,80.67,122.8,132.22,136.66,9,75,77,80,70.18,0.0,79.04,92.16,1.04
ORIS,59.78,65.95,81.65,94.63,93.98,92.57,9,30,25,26,0.5,0.0,0.8,2.52,0.65
ACXP,59.75,70.07,93.78,107.93,38.13,69.89,9,50,2,7,0.45,0.06,0.44,0.85,0.09
NSP,59.73,64.19,67.04,97.07,111.57,77.73,9,33,48,10,56.64,0.0,62.67,75.68,0.58
PC,59.68,66.56,90.34,129.19,110.19,91.22,9,80,46,21,0.61,0.0,0.8,1.1,0.3
DYN,59.66,64.75,60.0,72.28,51.89,172.83,9,11,4,90,9.02,0.05,11.2,17.92,0.55
ELPW,59.58,115.55,114.96,316.51,180.95,91.05,9,97,91,21,1.9,0.12,2.5,3.18,0.93
VIRC,59.57,65.29,69.69,88.52,97.18,135.11,9,23,29,79,7.85,0.01,8.26,10.87,0.71
PROP,59.52,61.36,53.9,54.73,94.89,81.05,9,5,26,11,3.95,0.11,3.81,6.37,1.7
SVRA,59.44,69.32,65.67,98.5,87.76,81.91,9,35,19,12,2.26,0.11,2.45,2.96,0.44
LGIH,59.43,64.81,65.54,65.9,80.14,96.42,9,8,13,37,50.79,0.05,52.63,78.87,0.85
ISPR,59.42,60.55,70.06,59.76,73.86,79.4,9,6,10,11,2.89,0.14,2.69,4.31,0.61
CBUS,59.36,60.63,57.71,95.94,50.54,51.11,9,32,4,3,1.68,0.03,2.01,2.69,0.23
MLSS,59.35,67.55,96.75,120.7,164.08,154.31,9,73,89,86,0.62,0.0,0.84,0.93,2.07
SKBL,59.3,60.51,101.18,111.32,114.01,92.57,9,60,54,26,1.99,0.06,9.54,10.37,1.42
ENGN,59.24,59.24,60.68,60.61,69.33,99.31,9,6,8,41,3.79,0.13,3.57,5.78,0.51
TELO,59.22,59.22,35.52,58.43,95.79,92.3,9,5,27,23,2.28,0.17,1.87,3.65,37.85
VIVS,59.22,59.22,50.47,36.96,222.59,68.07,9,2,94,6,1.89,0.03,1.78,3.8,0.72
ADAP,59.2,64.03,60.25,40.76,63.05,83.48,9,3,6,13,0.28,0.07,0.27,0.49,0.62
TFX,59.12,61.64,65.76,70.04,78.67,94.97,9,10,12,34,111.06,0.0,120.98,161.57,1.64
CRTO,59.09,62.33,61.92,91.82,117.79,113.54,9,26,64,61,23.04,0.0,25.56,34.92,0.71
CRI,58.98,62.4,64.54,67.36,79.72,89.52,9,8,13,19,30.42,0.02,32.17,44.58,0.64
BATL,58.96,63.89,134.28,136.61,53.09,133.94,9,83,4,79,1.35,0.04,1.48,2.6,0.04
LEE,58.91,60.26,60.26,77.42,95.24,166.64,9,14,27,89,6.96,0.07,6.75,11.16,2.7
JACK,58.91,60.84,60.84,61.78,70.57,79.54,9,6,9,11,21.4,0.11,20.78,33.92,0.66
CTKB,58.87,65.06,69.05,71.27,92.03,113.28,9,10,23,61,3.13,0.14,3.16,4.74,0.54
UFG,58.86,68.77,75.13,113.45,125.3,92.57,9,64,72,26,2.3,0.08,2.85,3.99,1.74
BCAB,58.82,69.01,69.46,82.43,38.65,113.98,9,18,2,62,0.35,0.04,0.41,0.82,2.47
GWAV,58.78,58.78,57.54,53.57,60.36,81.44,9,5,6,12,0.23,0.06,0.2,0.34,1.5
SNDX,58.78,63.03,61.54,82.56,83.5,97.86,9,18,15,39,9.46,0.05,9.93,13.82,0.88
DMRC,58.74,61.32,62.69,62.04,124.98,148.83,8,7,72,85,12.73,0.06,13.14,24.0,0.74
NWGL,58.71,61.3,358.61,358.61,98.46,50.86,8,98,31,3,1.02,0.02,1.45,1.41,0.03
LITB,58.7,68.07,68.22,100.85,100.51,49.97,8,39,33,3,1.3,0.09,1.24,1.55,1.06
GRO,58.65,69.76,61.25,86.85,95.18,92.57,8,22,27,26,1.46,0.01,1.68,4.09,0.65
SGML,58.64,58.64,49.41,70.8,100.39,95.04,8,10,33,34,6.65,0.22,5.59,10.1,1.42
AMPH,58.63,62.52,67.86,71.07,74.55,101.94,8,10,10,45,20.62,0.0,24.23,33.59,0.83
MASK,58.56,73.45,92.93,116.94,125.16,92.57,8,69,72,26,1.34,0.03,2.95,3.03,0.47
JTAI,58.49,58.49,53.68,82.25,68.82,16.62,8,17,8,1,3.89,0.02,3.87,6.45,0.37
BMEA,58.44,60.06,59.33,69.28,48.23,129.81,8,9,3,76,1.85,0.04,1.89,4.34,0.14
ALLO,58.37,61.02,61.33,74.47,87.73,96.17,8,12,19,36,1.25,0.12,1.22,1.86,1.09
VEEE,58.33,58.33,53.46,151.65,79.63,71.14,8,88,13,7,2.35,0.04,2.48,3.71,0.01
ZBAO,58.28,58.28,57.48,62.24,60.55,88.42,8,7,6,18,1.02,0.04,1.03,1.8,1.59
DAWN,58.25,63.73,64.38,62.0,81.87,98.47,8,6,14,40,6.4,0.02,6.59,10.32,1.32
RNTX,58.24,64.3,67.99,85.94,79.21,166.17,8,20,13,89,1.42,0.01,1.76,2.27,0.26
NBR,58.2,67.09,69.29,61.15,78.68,87.36,8,6,12,17,30.12,0.07,30.21,49.63,0.73
BLNE,58.2,58.2,45.74,19.98,109.71,119.61,8,1,45,68,1.56,0.07,1.14,4.46,0.83
DSY,58.15,67.23,82.3,84.44,73.31,180.91,8,19,10,91,1.31,0.1,1.37,2.28,0.17
BENF,58.05,58.05,53.42,57.86,30.82,34.06,8,5,2,2,0.35,0.02,0.31,0.62,0.34
MSAI,57.94,57.94,46.3,53.75,73.0,99.97,8,5,10,42,0.78,0.13,0.74,1.31,1.07
TPET,57.84,62.23,101.44,83.06,89.64,50.28,8,18,21,3,1.2,0.07,1.25,1.6,0.15
XIFR,57.73,62.21,64.04,70.35,62.59,91.84,8,10,6,22,8.82,0.05,8.83,13.06,0.73
PLCE,57.65,62.13,54.83,77.65,91.9,150.35,8,14,23,85,5.15,0.1,5.23,9.14,0.41
EPWK,57.52,57.88,61.36,147.94,114.01,92.57,8,87,54,26,0.6,0.01,3.71,5.11,0.53
PTIX,57.42,57.47,69.65,179.05,66.64,84.45,8,92,7,14,3.42,0.06,3.87,5.56,0.05
EHTH,57.32,62.52,71.07,107.84,193.52,185.9,8,49,93,91,3.7,0.01,4.33,6.34,0.79
AYRO,57.27,59.01,71.2,68.24,75.56,69.6,8,9,11,6,6.68,0.07,6.84,9.62,0.54
PBM,57.05,62.17,56.2,42.04,18.27,15.12,8,3,1,1,5.06,0.0,4.89,17.33,0.2
DHAI,57.04,71.5,63.94,38.64,64.33,147.2,8,2,7,84,0.25,0.03,0.23,0.76,6.88
ADN,56.96,59.35,60.59,104.14,193.42,221.41,8,44,93,94,1.91,0.03,2.37,3.82,4.91
NTZ,56.95,65.25,73.68,96.27,106.1,93.85,8,32,40,32,2.75,0.0,3.59,4.27,0.29
HCAI,56.81,57.81,62.98,160.71,114.01,92.57,8,90,54,26,0.78,0.0,3.72,5.23,0.06
YMAB,56.81,58.15,63.34,63.46,59.41,141.9,8,7,5,82,4.31,0.06,4.48,7.38,0.8
XNCR,56.78,62.79,65.43,58.98,90.72,118.26,8,6,22,66,8.97,0.08,8.52,15.76,0.49
RARE,56.75,65.75,93.24,88.0,86.24,117.64,8,23,17,66,26.31,0.0,35.51,41.98,2.29
IBTA,56.67,58.96,69.0,98.3,97.22,107.03,8,35,29,53,36.93,0.1,44.11,56.95,1.14
BGI,56.64,56.64,57.43,60.1,63.25,64.49,8,6,6,5,0.85,0.02,0.9,1.37,1.27
QTTB,56.63,73.41,99.04,38.58,33.3,215.76,8,2,2,93,2.19,0.02,1.77,11.79,0.39
TEAD,56.63,57.65,55.97,77.83,151.03,152.36,8,14,86,86,2.66,0.06,2.69,4.57,0.71
COOT,56.52,56.52,70.87,91.07,131.16,119.78,8,26,77,68,0.52,0.0,0.73,0.98,0.39
RVSN,56.51,64.63,67.33,72.12,122.93,273.77,8,11,70,96,0.35,0.03,0.37,0.55,1.26
LUCY,56.51,56.51,66.61,69.11,87.93,142.0,8,9,19,82,2.1,0.04,2.48,4.5,0.05
BGS,56.47,62.48,62.48,101.87,99.95,85.93,8,40,33,15,4.07,0.05,4.17,5.91,0.78
GIFT,55.96,62.51,73.45,122.4,124.26,57.26,8,74,71,4,1.02,0.04,1.53,1.52,1.44
DRMA,55.88,58.36,55.78,55.3,79.62,60.56,8,5,13,4,0.65,0.03,0.72,1.07,0.56
BORR,55.81,57.59,65.24,64.27,65.7,71.06,8,7,7,7,1.88,0.05,1.93,3.01,0.43
ASGN,55.79,58.17,62.78,66.56,88.32,93.35,8,8,19,31,48.41,0.02,52.36,72.96,0.93
QLGN,55.61,74.07,79.41,79.49,60.48,45.75,8,15,6,2,3.01,0.0,3.63,4.19,0.38
BARK,55.55,56.41,54.24,84.06,142.63,163.19,8,19,83,88,0.95,0.09,1.04,1.51,0.58
REI,55.51,59.62,59.62,59.92,81.1,91.71,8,6,14,22,0.75,0.01,0.8,1.19,0.59
LFST,55.49,62.4,74.78,100.58,114.58,112.58,8,38,58,60,4.22,0.0,5.33,6.77,0.98
CENN,55.48,58.97,85.13,85.91,83.03,82.66,8,20,15,13,0.64,0.02,0.85,1.0,0.8
ADVM,55.45,55.69,50.21,59.4,80.75,81.46,8,6,14,12,2.77,0.1,2.46,4.57,0.39
KLXE,55.22,56.54,58.9,61.82,102.98,95.36,8,6,37,35,1.78,0.03,2.02,3.89,0.79
SOWG,55.18,59.71,57.48,26.2,57.63,89.09,8,2,5,19,0.81,0.01,0.78,3.21,0.07
BEAT,55.02,56.98,66.39,92.76,97.83,140.98,8,28,30,82,1.27,0.02,1.52,2.05,0.48
MGRX,54.89,58.71,60.38,86.18,163.93,67.7,8,21,89,6,1.66,0.06,1.78,2.62,5.51
GBIO,54.88,73.23,50.75,43.1,37.56,104.71,8,3,2,49,0.41,0.03,0.38,0.94,4.03
NEOG,54.77,59.02,59.02,52.13,73.04,89.38,7,4,10,19,4.74,0.03,5.55,9.82,0.92
IFRX,54.68,62.22,59.94,115.11,167.19,154.58,7,66,89,86,0.86,0.07,1.08,1.61,0.33
SNTI,54.63,60.8,67.81,169.36,158.69,269.97,7,92,88,96,1.95,0.04,2.72,3.32,0.5
MREO,54.61,57.47,95.26,83.61,75.64,135.33,7,18,11,80,1.77,0.05,2.44,3.02,0.99
ATER,54.6,59.31,65.45,86.93,99.07,84.98,7,22,32,14,1.37,0.06,1.57,2.16,0.34
TNON,54.58,54.58,50.63,51.66,113.99,55.49,7,4,52,3,1.05,0.03,1.04,1.85,0.71
ICON,54.48,69.62,72.11,46.09,74.52,98.74,7,3,10,40,3.04,0.01,2.11,35.67,0.11
IFBD,54.46,55.53,54.89,67.98,73.47,94.62,7,9,10,33,1.09,0.07,1.08,1.68,0.25
SPRU,54.41,59.54,71.59,74.26,86.76,88.23,7,12,18,18,1.5,0.01,1.85,2.35,1.33
NISN,54.31,54.31,63.41,96.15,148.27,236.83,7,32,85,95,4.13,0.04,4.21,6.98,0.47
ELV,54.3,68.67,81.12,102.82,110.62,75.01,7,42,47,8,277.09,0.0,373.55,400.84,4.0
ACHC,54.22,55.58,55.64,53.06,71.84,64.24,7,5,9,5,21.92,0.02,23.14,35.06,0.61
CBIO,54.21,55.91,76.14,95.84,104.85,119.32,7,31,39,68,13.34,0.04,18.71,24.32,1.64
CANF,54.02,54.63,56.7,66.0,96.86,102.43,7,8,29,46,1.04,0.01,1.06,1.56,0.37
HTCR,53.9,54.68,58.15,71.99,199.33,345.87,7,11,93,97,0.47,0.02,0.54,1.03,0.05
BCLI,53.87,81.03,63.59,60.72,74.93,56.88,7,6,10,4,0.84,0.02,1.17,1.56,0.49
CLGN,53.87,53.87,38.48,103.75,76.34,78.24,7,43,11,10,2.03,0.17,1.81,3.13,0.67
BIOX,53.77,64.54,74.98,79.73,67.14,65.98,7,15,7,5,3.61,0.0,4.58,5.55,0.65
AUUD,53.74,56.44,83.28,63.24,48.47,54.1,7,7,3,3,4.25,0.05,4.47,6.85,0.41
BOLD,53.56,55.34,55.56,56.42,66.41,82.78,7,5,7,13,1.21,0.06,1.23,2.06,0.3
ABL,53.54,56.37,62.84,101.47,100.0,83.71,7,40,33,13,5.06,0.07,6.57,7.69,0.54
CISS,53.47,53.47,53.0,52.29,31.35,49.94,7,5,2,3,3.65,0.03,3.59,7.91,0.31
KRRO,53.4,54.81,55.43,49.08,66.28,212.26,7,4,7,93,13.67,0.04,13.5,30.83,0.71
SCYX,53.4,62.06,57.66,80.89,79.34,77.43,7,16,13,9,0.73,0.03,0.81,1.07,0.82
BOLT,53.36,58.27,59.95,62.01,67.96,68.96,7,7,8,6,5.53,0.0,6.18,9.25,0.73
ONTO,53.27,55.32,61.59,68.19,104.78,112.84,7,9,39,61,96.95,0.06,98.94,149.67,0.5
ANIK,53.22,58.97,59.78,73.43,80.02,88.58,7,11,13,18,10.5,0.0,11.44,16.06,0.74
VERO,53.18,53.18,71.88,78.12,161.61,69.82,7,14,89,6,2.5,0.04,2.45,3.47,0.04
IMXI,53.14,58.92,60.02,65.45,91.84,98.8,7,8,23,40,9.41,0.0,10.68,15.71,0.68
MRSN,52.92,57.42,56.2,43.39,33.81,125.92,7,3,2,73,0.35,0.04,0.35,0.99,0.51
IGMS,52.86,56.12,54.69,46.44,38.25,200.4,7,3,2,93,1.28,0.02,1.24,4.91,0.47
SERA,52.8,56.91,70.71,49.59,78.6,153.81,7,4,12,86,2.92,0.2,2.17,4.86,0.23
JAMF,52.77,54.77,61.52,72.07,84.82,84.53,7,11,16,14,8.12,0.0,9.93,13.32,0.97
DRRX,52.76,62.91,63.76,80.39,90.73,123.97,7,16,22,72,0.54,0.03,0.6,0.84,0.34
RENB,52.67,58.49,49.17,46.34,148.83,154.73,7,3,85,87,0.32,0.03,0.32,0.64,0.2
HHS,52.66,60.67,68.1,79.69,83.26,85.15,7,15,15,15,3.36,0.0,4.16,5.26,0.33
GP,52.63,58.28,56.94,58.65,63.31,77.62,7,6,6,10,0.4,0.01,0.42,0.69,5.48
ZYXI,52.62,53.45,61.61,50.3,79.9,87.09,7,4,13,16,2.31,0.08,2.32,5.49,0.34
CAPS,52.6,52.6,65.91,73.45,97.37,69.06,7,12,29,6,1.62,0.08,1.76,2.53,0.08
GERN,52.57,54.59,55.11,59.95,80.11,133.81,7,6,13,79,1.24,0.02,1.42,2.56,0.51
PALI,52.53,54.55,55.38,49.05,41.14,60.16,7,4,3,4,0.75,0.04,0.72,1.49,0.14
TPST,52.38,62.43,62.68,61.58,69.68,54.78,7,6,8,3,6.3,0.02,6.91,10.28,0.84
SLRX,52.35,66.76,86.19,80.21,99.9,156.35,7,16,32,87,0.62,0.01,0.82,1.27,0.08
WETH,52.34,53.8,55.65,72.0,95.38,100.67,7,11,27,43,0.95,0.07,0.96,1.42,1.41
NAMI,52.32,54.8,58.0,127.91,102.29,92.57,7,79,35,26,1.07,0.01,1.67,2.84,0.08
PEPG,52.28,53.82,52.64,59.2,40.39,82.65,7,6,2,13,1.35,0.02,1.39,3.17,0.58
MTC,52.23,60.76,74.97,62.25,47.43,61.41,7,7,3,4,0.88,0.01,1.02,1.66,0.72
DAVA,52.2,53.49,60.29,69.21,97.15,94.23,7,9,29,33,13.57,0.01,15.55,23.37,0.42
ASTH,52.08,61.56,66.73,80.97,91.78,131.45,7,16,23,77,22.65,0.0,25.66,35.82,1.56
MLAB,52.06,66.8,81.17,100.31,124.74,118.63,7,38,72,67,70.05,0.0,101.71,120.27,1.2
IXHL,51.99,51.99,21.3,32.83,77.35,95.65,7,2,12,35,0.61,0.18,0.23,1.21,4.49
MXCT,51.94,62.52,63.4,70.7,108.85,108.58,7,10,44,55,2.02,0.0,2.24,3.3,0.41
PASG,51.86,65.83,76.98,79.7,71.7,114.14,7,15,9,62,5.56,0.01,7.48,10.23,2.83
MODD,51.67,54.08,58.0,74.29,71.72,136.09,7,12,9,80,0.69,0.02,0.82,1.29,0.56
NAUT,51.53,56.77,58.91,44.76,66.59,98.97,7,3,7,40,0.73,0.02,0.76,1.51,0.39
EHGO,51.53,52.99,63.94,92.09,86.47,137.76,7,27,18,81,0.79,0.01,0.98,1.85,0.11
SVCO,51.2,62.93,70.02,71.46,98.27,82.92,7,10,31,13,4.12,0.02,4.75,6.57,1.68
FEBO,51.19,52.75,56.82,66.12,45.07,53.37,7,8,3,3,1.11,0.02,1.14,1.78,0.35
PET,51.15,61.79,103.66,44.97,73.68,44.07,6,3,10,2,0.13,0.03,0.15,0.29,0.31
GRI,51.13,62.9,53.95,15.58,60.06,107.62,6,1,6,54,1.82,0.02,1.46,7.21,0.95
OMER,51.09,65.93,60.38,149.54,207.58,318.58,6,88,94,97,3.36,0.04,3.57,6.63,0.59
HP,51.04,58.34,58.61,60.43,90.99,93.25,6,6,22,31,15.52,0.01,16.75,25.99,0.72
MOH,50.96,62.82,88.69,113.91,123.0,83.95,6,65,70,13,182.98,0.0,284.63,303.37,4.33
LVRO,50.94,54.16,52.69,80.6,86.38,90.89,6,16,17,21,2.11,0.03,2.35,3.7,0.37
ENPH,50.82,54.82,54.58,70.25,70.86,77.84,6,10,9,10,39.58,0.06,42.51,61.94,0.73
CDNA,50.7,89.71,94.41,117.31,155.95,212.43,6,69,87,93,11.91,0.0,18.04,21.1,3.78
AZTR,50.69,50.69,54.24,75.15,70.78,48.6,6,13,9,2,0.23,0.0,0.27,0.37,0.28
BDMD,50.65,52.15,146.66,157.24,238.24,164.75,6,89,95,89,3.12,0.19,4.61,4.62,0.4
ZSPC,50.64,51.26,58.83,93.51,115.5,92.57,6,29,60,26,2.78,0.0,4.39,9.72,1.07
MERC,50.63,56.55,58.6,72.99,109.62,79.8,6,11,45,11,3.41,0.02,3.63,5.48,0.64
ADD,50.6,55.17,56.26,41.33,26.58,67.26,6,3,2,6,0.9,0.0,0.92,5.56,0.35
ARVN,50.56,59.91,63.51,51.85,62.9,94.46,6,4,6,33,7.35,0.05,7.27,15.39,0.75
HBIO,50.48,50.48,52.72,44.25,56.88,64.83,6,3,5,5,0.45,0.05,0.43,1.29,0.09
BRCC,50.46,54.84,50.91,72.5,66.74,76.46,6,11,7,9,1.63,0.08,1.63,2.46,1.05
JDZG,50.44,62.18,49.89,102.31,105.67,140.26,6,41,40,82,2.99,0.06,3.29,5.23,2.62
IART,50.43,54.53,56.96,69.57,97.07,86.01,6,9,29,15,11.13,0.0,12.7,19.45,0.78
RMSG,50.29,55.08,71.04,75.82,67.58,270.66,6,13,8,96,1.84,0.01,2.05,8.51,0.05
TNDM,50.29,54.78,67.16,78.28,106.25,107.68,6,14,41,54,14.77,0.0,19.8,27.0,1.08
FRSX,50.25,58.36,63.07,80.14,138.46,244.4,6,16,81,95,0.45,0.0,0.54,0.76,11.99
AMZE,50.19,74.45,84.6,87.67,126.24,230.55,6,22,73,94,7.37,0.06,8.99,13.44,1.31
CRGX,50.12,55.66,56.27,66.17,61.44,104.96,6,8,6,50,4.57,0.05,4.32,9.53,1.36
IMNN,50.1,55.21,99.09,243.9,125.14,96.01,6,96,72,36,0.55,0.05,1.03,0.93,0.2
MKDW,49.94,49.94,52.92,46.65,46.21,41.33,6,4,3,2,0.24,0.01,0.28,0.57,0.2
TRDA,49.86,53.15,56.64,65.82,80.34,132.74,6,8,13,78,6.26,0.0,7.54,12.55,0.84
VYNE,49.78,64.09,85.01,82.97,115.48,186.85,6,18,60,92,1.16,0.08,1.17,2.08,1.03
WCT,49.77,57.96,89.31,73.05,139.84,91.22,6,11,82,21,0.21,0.01,0.24,1.99,0.66
GLOB,49.58,50.76,57.19,67.25,97.62,105.3,6,8,30,50,84.34,0.01,99.67,163.45,0.76
GMHS,49.55,61.18,48.87,55.8,130.11,105.04,6,5,76,50,1.44,0.02,1.56,5.41,1.22
CTNM,49.48,49.48,43.02,45.63,64.82,94.83,6,3,7,34,4.35,0.05,4.06,9.49,11.98
TNMG,49.43,49.43,36.42,30.84,27.94,129.72,6,2,2,76,0.44,0.01,0.57,4.53,0.02
SG,49.33,49.33,47.11,72.43,136.75,216.04,6,11,80,93,14.31,0.07,13.88,26.38,1.01
DVLT,49.11,57.8,57.8,77.42,51.46,88.84,6,14,4,18,0.67,0.04,0.77,1.23,2.54
BTAI,48.92,55.53,56.44,41.6,34.94,52.21,6,3,2,3,1.91,0.04,1.67,4.48,0.49
QRHC,48.87,48.87,47.66,43.22,65.03,89.68,6,3,7,19,2.02,0.01,2.19,4.66,0.45
CGC,48.82,64.43,64.61,74.77,41.43,77.13,6,12,3,9,1.09,0.03,1.38,2.31,0.52
HLP,48.63,51.53,59.52,118.93,98.55,91.97,6,71,31,22,0.65,0.0,0.97,1.19,0.54
INO,48.52,48.88,84.45,64.97,54.58,70.19,6,7,4,7,1.39,0.01,1.89,2.74,1.11
BBGI,48.36,51.44,54.32,62.94,70.01,85.26,6,7,9,15,4.25,0.04,4.68,7.48,0.41
RCEL,48.3,58.63,56.11,112.51,104.5,115.65,6,62,38,64,5.17,0.04,5.96,9.24,1.3
INDP,48.25,51.89,53.17,39.95,62.19,75.0,6,3,6,8,11.6,0.08,10.84,21.63,0.04
MBRX,48.22,52.68,38.27,111.76,58.55,68.16,6,61,5,6,0.8,0.12,0.69,1.48,0.77
ASNS,48.09,54.58,58.26,80.65,114.26,122.3,6,16,57,70,0.53,0.0,0.66,1.01,0.75
STI,48.06,48.06,46.76,33.29,85.83,123.21,6,2,17,71,4.64,0.04,3.88,13.57,0.13
WIMI,48.05,51.91,36.71,67.37,138.2,241.0,6,8,81,95,3.7,0.06,3.24,7.48,1.68
KPTI,48.02,63.44,69.74,62.37,68.52,93.0,6,7,8,31,3.85,0.03,4.65,8.3,1.29
TLYS,47.95,47.95,48.31,39.12,76.93,75.27,6,2,11,9,1.45,0.14,1.23,2.96,0.09
SDOT,47.94,47.94,45.94,57.11,93.73,121.92,6,5,25,70,1.41,0.06,1.34,2.65,0.15
BNAI,47.71,59.44,65.46,87.01,44.15,50.77,6,22,3,3,0.31,0.02,0.35,0.56,0.13
JXG,47.6,55.29,162.51,159.73,236.37,236.37,6,90,95,95,1.04,0.08,2.08,1.98,0.98
AUID,47.6,57.27,81.46,117.5,125.18,86.44,6,70,72,16,3.99,0.02,5.02,6.03,0.13
SOBR,47.6,47.6,43.7,28.87,28.73,32.35,6,2,2,2,4.1,0.01,3.37,20.35,0.1
AMOD,47.58,54.34,51.48,42.08,39.97,104.13,6,3,2,48,1.23,0.02,1.22,4.29,0.21
GOVX,47.51,47.83,57.39,68.05,87.69,100.97,6,9,19,44,0.76,0.04,0.91,1.63,0.62
LSH,47.35,49.04,67.71,67.12,83.52,97.29,6,8,15,38,0.85,0.0,0.93,1.77,0.42
ALBT,47.29,60.48,71.42,112.65,279.88,84.63,6,62,96,14,2.16,0.0,3.21,3.79,0.49
XAIR,47.28,47.28,57.79,66.28,71.21,77.26,5,8,9,9,3.26,0.02,3.73,6.44,1.06
KXIN,47.19,50.76,59.0,51.42,42.85,84.36,5,4,3,14,0.9,0.0,0.94,2.51,2.27
CGTL,47.14,47.68,71.09,115.26,109.94,92.57,5,67,46,26,1.15,0.04,1.14,3.67,0.46
NXXT,47.13,58.43,85.73,103.66,105.48,97.84,5,43,40,39,1.76,0.0,2.8,3.01,1.34
BRLS,47.11,50.0,67.97,111.05,110.42,92.22,5,60,47,23,3.32,0.02,4.42,5.63,0.12
SVRE,47.05,47.05,41.76,236.92,248.67,27.92,5,96,95,1,2.96,0.11,3.31,5.34,5.62
CETX,46.98,47.79,45.15,50.73,22.17,8.38,5,4,1,1,1.3,0.0,1.29,7.47,0.49
LUNG,46.93,46.93,42.59,81.65,116.69,83.89,5,17,62,13,3.15,0.09,3.03,5.68,0.98
NFE,46.83,50.1,39.12,52.68,97.99,99.41,5,5,30,41,4.57,0.11,3.48,8.66,0.89
JELD,46.81,52.39,52.79,47.02,63.38,86.07,5,4,6,15,4.2,0.06,3.98,7.82,0.54
CLIK,46.79,46.9,53.5,71.21,181.38,91.26,5,10,91,21,0.38,0.06,0.45,1.19,0.03
BBLG,46.7,47.14,85.53,82.1,70.43,96.31,5,17,9,36,2.86,0.0,4.4,6.07,0.13
JSPR,46.64,48.93,77.81,57.58,43.95,148.28,5,5,3,85,3.33,0.01,4.96,10.54,0.48
PIII,46.58,51.84,50.4,63.74,69.51,55.46,5,7,8,3,6.61,0.02,6.92,10.64,1.72
TANH,46.57,48.85,52.89,46.37,57.27,59.66,5,3,5,4,1.87,0.01,2.07,4.27,0.44
LAZR,46.56,47.67,38.28,50.91,82.05,64.78,5,4,14,5,3.1,0.02,3.38,6.63,2.11
DRCT,46.32,56.61,54.86,48.02,67.56,124.55,5,4,8,72,0.53,0.02,0.55,1.21,0.6
SDA,46.18,48.19,41.68,47.99,101.3,115.52,5,4,34,64,2.39,0.0,2.7,6.18,0.56
VTAK,46.07,50.21,65.21,121.79,71.21,66.84,5,74,9,5,0.23,0.02,0.26,0.37,0.16
WYHG,45.93,47.08,49.4,127.85,158.46,92.57,5,79,88,26,1.29,0.02,2.36,5.72,0.04
YAAS,45.92,45.96,143.54,118.62,101.26,92.57,5,71,34,26,0.43,0.01,1.97,2.51,0.32
MTVA,45.91,45.91,31.83,37.3,72.18,69.56,5,2,9,6,0.67,0.01,0.7,1.63,0.13
NEO,45.74,54.82,57.57,74.48,95.66,118.96,5,12,27,67,6.24,0.0,7.43,11.76,1.05
ZJYL,45.66,61.11,62.42,74.47,72.29,118.68,5,12,9,67,0.66,0.02,0.71,1.04,1.14
GOCO,45.59,49.56,54.32,98.97,165.64,129.77,5,36,89,76,5.78,0.03,6.2,11.11,0.33
PMN,45.59,55.56,52.97,58.23,66.3,69.29,5,5,7,6,0.44,0.03,0.49,0.78,0.19
SUUN,45.42,47.41,53.04,72.68,150.04,70.24,5,11,85,7,1.41,0.02,1.64,2.71,0.38
ADIL,45.41,45.49,48.9,78.45,82.94,86.08,5,14,15,15,0.45,0.2,0.49,0.8,0.11
FTRE,45.36,49.22,45.31,39.68,67.15,78.18,5,3,8,10,4.69,0.03,5.01,12.56,0.52
IRWD,45.3,49.43,34.58,30.0,57.49,71.9,5,2,5,7,0.77,0.03,0.68,2.33,0.49
RDHL,45.24,57.9,51.84,39.38,55.96,75.2,5,3,5,9,1.86,0.01,1.93,4.65,1.59
BHVN,44.91,48.59,51.03,58.92,86.37,126.01,5,6,17,73,14.05,0.02,15.62,32.21,0.91
TTGT,44.86,51.82,45.95,38.66,63.63,99.3,5,2,7,41,6.94,0.01,7.5,16.33,1.04
DNUT,44.76,45.49,46.66,46.33,74.29,93.89,5,3,10,32,3.13,0.06,3.01,7.03,0.38
AMIX,44.63,49.45,54.46,42.56,35.32,65.02,5,3,2,5,1.58,0.01,1.56,4.17,0.15
ALXO,44.6,45.4,45.35,38.06,52.2,53.06,5,2,4,3,0.51,0.01,0.48,1.05,0.57
PHGE,44.57,49.12,58.02,58.29,93.68,45.24,5,5,25,2,0.4,0.0,0.47,0.66,0.35
DCGO,44.48,45.51,50.57,62.77,142.74,117.52,5,7,83,66,1.43,0.03,1.53,3.13,0.45
UNH,44.36,50.5,58.02,89.7,125.38,99.25,5,24,72,41,282.65,0.03,308.32,471.25,0.74
SNGX,44.31,44.31,58.07,64.15,67.66,71.71,5,7,8,7,1.36,0.04,1.67,2.54,0.22
LEXX,43.99,43.99,46.7,78.51,77.3,133.26,5,15,12,78,0.95,0.04,0.96,1.72,3.3
ZBAI,43.94,56.96,48.43,117.17,155.29,218.98,5,69,87,94,0.53,0.13,0.63,0.9,0.61
NTCL,43.83,44.94,52.33,230.08,155.22,92.57,5,95,87,26,1.5,0.01,6.32,7.94,0.32
LOBO,43.78,58.35,44.39,59.87,73.51,98.35,5,6,10,39,0.54,0.02,0.7,1.44,0.08
ISPC,43.75,46.18,45.8,49.7,39.55,77.11,5,4,2,9,1.08,0.04,1.09,2.36,3.82
CODX,43.73,43.73,48.06,39.98,61.87,93.75,5,3,6,32,0.28,0.03,0.28,0.65,0.83
SOAR,43.68,43.68,43.09,63.21,47.13,49.17,5,7,3,2,1.76,0.04,1.85,4.06,0.42
SILO,43.6,51.14,56.36,74.16,131.92,135.0,5,12,77,79,0.63,0.07,0.61,1.06,0.17
CURV,43.58,55.44,95.47,117.77,131.83,120.21,5,70,77,68,2.72,0.0,4.45,4.91,0.43
HURA,43.57,43.57,55.21,88.2,88.43,99.01,5,23,19,41,2.62,0.1,2.88,4.05,1.25
PRTA,43.41,44.93,42.98,59.88,80.63,65.32,5,6,14,5,6.26,0.08,6.08,12.12,0.43
SAFX,43.31,44.98,63.37,286.1,121.9,92.57,5,97,69,26,1.66,0.0,7.79,9.9,0.22
CNEY,43.13,43.13,45.07,58.85,50.27,85.12,5,6,4,15,2.52,0.0,2.97,6.66,0.22
AGL,42.92,53.7,63.2,118.88,202.69,60.43,5,71,93,4,2.12,0.09,2.35,2.98,0.77
MLEC,42.83,56.72,93.68,119.57,92.17,77.8,5,72,23,10,3.88,0.0,7.19,7.7,0.75
FEAM,42.79,45.46,51.82,68.23,56.28,108.38,5,9,5,55,3.58,0.02,4.0,7.64,1.96
SEAT,42.6,45.33,52.39,63.65,94.49,92.07,5,7,26,22,1.63,0.04,1.8,3.2,0.89
PTLE,42.54,42.54,49.04,92.42,79.77,92.57,4,27,13,26,0.21,0.0,0.67,3.0,0.08
WORX,42.49,42.62,42.8,55.09,118.64,175.49,4,5,65,90,0.41,0.0,0.48,1.05,0.03
ALMS,42.04,44.24,61.17,84.89,117.44,85.4,4,19,64,15,3.33,0.05,3.79,6.69,0.61
IBIO,42.02,42.02,43.61,44.52,309.86,144.47,4,3,97,83,0.73,0.01,0.81,2.39,0.27
LSB,41.86,41.86,38.57,42.75,69.8,73.55,4,3,8,8,1.04,0.02,1.06,2.23,0.42
HELE,41.84,43.47,49.58,53.01,81.35,81.8,4,5,14,12,21.94,0.04,27.61,50.15,1.37
SLNH,41.8,141.09,141.09,40.79,67.23,114.96,4,3,8,63,0.63,0.04,0.72,1.8,1.3
NVVE,41.77,49.0,53.95,66.05,56.41,50.06,4,8,5,3,0.86,0.0,1.12,2.35,0.31
SGD,41.75,41.75,43.11,60.62,40.42,42.19,4,6,2,2,0.89,0.02,0.91,1.77,0.08
BIAF,41.43,41.43,60.72,48.7,80.91,75.02,4,4,14,8,0.36,0.06,0.28,0.76,0.15
AIXI,41.42,50.16,62.1,74.23,86.94,106.54,4,12,18,52,1.82,0.0,2.85,4.37,2.22
SCWO,41.41,43.29,64.43,94.58,39.27,127.42,4,30,2,74,0.21,0.01,0.33,0.65,0.75
UOKA,41.19,41.19,37.92,54.67,52.61,43.25,4,5,4,2,2.63,0.02,2.64,5.19,0.2
TRAW,41.08,43.3,41.99,43.46,92.38,128.72,4,3,23,75,1.6,0.04,1.49,3.96,0.03
FTEL,41.05,41.67,42.58,36.76,156.07,905.65,4,2,87,99,0.71,0.01,0.54,9.14,0.65
PLRX,41.01,47.6,45.63,52.02,75.91,99.02,4,4,11,41,1.43,0.02,1.38,6.77,0.9
PHH,40.99,42.36,338.16,182.89,199.87,92.57,4,93,93,26,0.94,0.0,17.48,11.84,0.81
IOVA,40.76,41.98,35.65,45.26,58.6,141.85,4,3,5,82,2.23,0.05,1.95,5.46,0.92
VMAR,40.67,51.26,73.4,60.89,23.65,26.34,4,6,2,1,6.13,0.0,7.11,15.18,0.43
GORV,40.62,44.59,45.32,33.78,61.64,38.54,4,2,6,2,6.21,0.02,6.88,19.64,0.13
LPTX,40.33,46.46,53.14,49.11,86.84,181.85,4,4,18,91,0.34,0.02,0.36,1.43,0.12
SEED,39.93,39.93,50.23,64.37,88.47,101.96,4,7,19,45,0.83,0.0,1.09,1.92,0.37
WINT,39.9,39.9,25.6,15.75,11.94,16.31,4,1,1,1,1.19,0.0,0.72,12.92,1.57
CNSP,39.81,39.81,35.96,23.46,60.11,39.01,4,2,6,2,0.8,0.0,0.99,3.54,0.24
RIME,39.69,39.69,47.79,66.13,13.6,53.21,4,8,1,3,2.38,0.0,2.6,21.2,0.12
OKUR,39.65,41.84,39.53,33.36,42.31,84.72,4,2,3,14,2.33,0.03,2.43,7.59,0.73
MNDR,39.61,39.61,40.86,40.86,176.38,71.27,4,3,91,7,1.06,0.0,1.26,2.33,0.36
BNGO,39.59,47.37,51.72,49.48,32.97,45.47,4,4,2,2,3.43,0.02,3.56,8.95,0.66
BJDX,39.36,39.36,35.72,37.59,106.16,31.58,4,2,41,1,1.57,0.0,1.71,3.41,0.03
CASI,39.36,43.74,43.87,66.17,69.11,127.56,4,8,8,74,1.26,0.01,1.62,2.94,0.12
PCSA,39.34,40.59,43.29,50.39,41.36,59.63,4,4,3,4,0.21,0.01,0.26,0.65,0.12
WLDS,39.2,39.25,43.1,36.37,27.09,37.54,4,2,2,2,1.58,0.01,1.56,5.24,0.1
AZI,39.06,45.05,47.92,142.02,119.38,93.11,4,85,66,31,0.26,0.02,0.47,0.85,0.93
CETY,38.86,39.41,39.41,63.26,86.29,90.97,4,7,17,21,0.23,0.03,0.29,0.52,0.44
ENVB,38.86,41.33,43.86,42.3,51.9,80.23,4,3,4,11,1.32,0.0,1.27,36.84,0.54
TAOP,38.84,41.45,43.67,81.79,64.3,52.55,4,17,7,3,4.31,0.02,5.96,9.36,0.06
EONR,38.84,43.24,64.68,75.86,65.79,58.92,4,13,7,4,0.35,0.0,0.41,0.71,0.17
TWG,38.76,54.67,50.04,51.33,65.1,723.36,4,4,7,98,0.11,0.0,0.14,0.65,0.72
XAGE,38.66,71.17,36.71,35.12,62.91,87.12,4,2,6,16,3.63,0.03,3.09,7.36,0.12
CSTE,38.63,43.46,53.65,71.08,87.44,98.97,4,10,18,40,1.68,0.01,1.91,3.37,0.23
CABO,38.58,38.58,41.84,80.52,83.01,92.59,4,16,15,30,128.53,0.03,141.35,273.46,1.51
MYO,38.5,39.12,55.14,110.77,148.85,167.28,4,59,85,89,1.99,0.01,2.73,4.55,0.26
BON,38.1,38.3,38.3,7.56,78.15,68.03,4,1,12,6,1.41,0.0,1.52,21.55,0.03
DOGZ,37.95,37.95,100.85,123.59,371.99,726.48,4,75,97,98,9.45,0.01,20.34,31.51,0.28
ATLN,37.95,42.09,55.52,131.35,158.19,151.13,4,81,88,85,1.8,0.0,2.4,4.05,0.66
CNC,37.87,43.48,81.97,99.82,106.18,81.81,4,37,41,12,27.95,0.0,50.91,58.81,2.28
XELB,37.79,40.3,42.57,60.44,74.89,86.61,4,6,10,16,1.56,0.0,2.09,4.22,0.62
RNAZ,37.76,37.76,31.18,14.11,71.25,118.49,4,1,9,67,9.94,0.0,8.04,162.78,0.67
IMG,37.41,37.63,44.23,88.76,97.95,108.05,4,24,30,54,0.27,0.01,0.39,0.61,0.37
KBSX,37.11,43.69,47.73,61.4,67.06,110.14,4,6,7,57,1.69,0.03,1.75,6.34,0.02
SBEV,36.57,111.92,121.37,82.45,77.49,75.31,4,18,12,9,2.69,0.08,3.79,6.1,0.54
ACRV,36.57,41.68,44.33,30.97,92.03,129.14,4,2,23,76,1.35,0.03,1.22,4.49,0.53
CLSD,36.48,80.16,80.16,84.22,93.39,102.24,4,19,25,46,0.41,0.0,0.81,0.95,8.93
EKSO,36.28,36.28,36.31,62.76,53.93,87.85,4,7,4,17,3.8,0.05,4.22,8.35,0.49
BHAT,36.23,39.32,41.35,32.83,19.96,31.2,4,2,1,1,1.82,0.0,1.83,9.36,0.09
PLRZ,35.96,36.21,38.43,90.28,101.75,92.57,4,25,35,26,1.0,0.0,10.86,183.99,0.13
GWH,35.79,38.6,37.23,36.87,57.2,67.81,4,2,5,6,1.56,0.06,1.56,4.21,0.47
ELAB,35.64,35.64,24.5,23.31,23.79,29.88,3,2,2,1,2.36,0.0,2.27,24.49,0.18
RVPH,35.63,43.39,61.06,87.75,148.69,147.43,3,22,85,84,0.4,0.02,0.7,1.19,0.8
BSLK,35.54,35.54,32.72,65.94,126.96,34.12,3,8,74,2,3.03,0.01,3.34,6.7,0.3
OPI,35.48,39.2,43.51,31.32,52.1,61.29,3,2,4,4,0.24,0.02,0.24,0.84,0.53
CLRB,35.39,35.39,68.71,71.3,71.49,77.2,3,10,9,9,4.99,0.0,7.91,20.86,0.1
WTO,35.15,38.93,38.21,47.62,44.36,37.09,3,4,3,2,1.17,0.0,1.22,2.5,1.83
CDIO,34.9,37.05,33.57,125.93,145.08,263.93,3,77,84,96,4.3,0.02,4.38,11.73,0.65
UPC,34.81,44.78,52.09,42.64,9.31,18.69,3,3,1,1,3.27,0.0,4.31,42.76,0.25
JZXN,34.79,43.81,44.9,397.47,362.85,63.95,3,98,97,5,0.99,0.02,2.29,2.55,0.09
LFWD,34.77,35.77,46.79,68.11,77.88,67.4,3,9,12,6,0.73,0.04,1.04,1.68,0.22
ERNA,34.65,35.18,39.81,46.67,48.83,59.12,3,4,3,4,1.98,0.01,2.62,6.05,0.93
FBLG,34.42,42.01,39.23,54.9,47.44,113.06,3,5,3,61,0.67,0.01,0.77,1.62,1.06
MOVE,34.1,37.85,31.65,24.33,101.81,92.08,3,2,35,22,0.68,0.02,0.72,3.18,0.34
MNTS,34.0,34.0,37.48,43.86,93.11,119.47,3,3,24,68,1.28,0.01,1.5,4.44,0.26
AEMD,33.9,34.64,48.77,89.22,138.72,129.92,3,24,81,76,1.29,0.02,2.18,3.42,0.46
PSTV,33.54,35.38,29.36,72.88,110.37,74.64,3,11,46,8,0.37,0.11,0.36,0.94,0.23
HCWB,33.42,34.16,30.05,50.5,87.73,157.1,3,4,19,87,4.5,0.02,5.96,13.26,1.38
HAIN,33.36,33.36,29.64,55.96,62.07,94.14,3,5,6,33,1.55,0.01,1.71,4.77,0.37
ECDA,33.36,33.36,35.46,42.61,84.1,84.01,3,3,16,13,0.28,0.03,0.3,0.71,4.73
LVLU,33.33,41.4,58.56,64.37,53.79,91.42,3,7,4,22,4.17,0.02,5.72,12.26,1.29
LESL,33.32,34.86,36.91,46.84,58.36,73.05,3,4,5,8,0.4,0.0,0.62,1.56,0.4
SLP,33.15,53.37,57.01,107.4,104.8,75.74,3,49,39,9,12.46,0.0,23.5,28.73,1.83
OSRH,33.02,33.44,46.68,51.18,97.75,99.35,3,4,30,41,1.06,0.01,1.3,6.11,1.89
EVTV,32.92,34.54,34.87,39.02,48.47,108.32,3,2,3,55,0.18,0.01,0.2,0.76,0.42
NWTG,32.91,32.91,39.25,31.14,29.22,39.3,3,2,2,2,1.5,0.0,1.65,20.08,1.31
ABP,32.82,32.82,31.72,24.83,19.42,91.63,3,2,1,22,0.2,0.0,0.22,2.53,1.0
WOLF,32.7,34.87,46.62,47.6,61.18,61.84,3,4,6,4,1.53,0.05,1.77,5.87,0.37
ANNA,32.54,43.26,89.41,138.05,184.64,93.66,3,84,92,32,4.38,0.0,8.1,9.29,0.41
YCBD,32.48,32.48,30.5,45.4,97.32,85.25,3,3,29,15,0.97,0.03,0.92,2.7,0.27
GTI,32.35,39.26,45.07,35.82,19.73,76.39,3,2,1,9,0.09,0.0,0.1,0.84,0.33
BDSX,32.3,32.3,30.76,50.15,62.04,93.35,3,4,6,31,0.32,0.06,0.3,0.91,0.05
MKZR,32.25,35.64,44.47,62.0,89.27,114.78,3,6,20,63,0.67,0.01,0.82,2.11,1.39
MYGN,32.17,36.83,39.67,47.78,67.22,96.51,3,4,8,37,4.47,0.03,4.81,11.82,0.6
LRHC,32.1,32.1,37.9,36.88,50.58,76.98,3,2,4,9,7.99,0.01,10.17,30.45,0.19
ILLR,31.93,46.41,69.52,60.79,86.34,227.59,3,6,17,94,0.67,0.02,0.76,1.96,0.33
FRGT,31.77,34.5,32.45,94.81,53.84,51.18,3,30,4,3,1.97,0.01,2.64,5.07,1.14
MSPR,31.73,42.47,61.07,64.73,79.18,34.4,3,7,13,2,0.92,0.0,1.36,2.04,0.63
DUO,31.72,32.16,33.24,48.9,111.2,247.36,3,4,48,95,2.15,0.0,2.89,9.44,0.46
UGRO,31.49,40.56,45.48,44.18,57.42,110.35,3,3,5,58,0.32,0.02,0.35,0.85,0.55
INMB,31.42,31.52,107.63,124.91,148.7,87.35,3,76,85,17,2.42,0.04,5.91,6.5,0.63
ICU,31.36,31.36,35.63,48.55,69.84,35.16,3,4,8,2,0.71,0.04,0.94,1.9,0.19
SRXH,31.2,35.71,38.73,110.74,80.84,72.16,3,59,14,7,0.56,0.03,0.6,1.22,0.04
JYD,30.64,34.82,37.22,35.47,772.41,384.06,3,2,99,97,0.18,0.01,0.22,1.71,0.14
CIIT,30.51,37.06,79.4,123.77,239.27,311.28,3,75,95,97,1.05,0.08,1.82,3.31,0.89
BNRG,30.43,32.25,48.19,115.23,167.2,232.07,3,67,89,94,1.96,0.0,2.77,5.07,0.26
CERO,30.15,30.48,27.02,46.46,12.86,79.36,3,4,1,10,8.73,0.0,10.01,91.86,0.03
AIHS,30.04,30.46,33.2,140.62,112.67,160.13,3,85,50,88,0.31,0.01,0.67,0.85,0.1
SANW,29.91,41.71,87.55,115.71,203.34,155.9,3,67,93,87,1.73,0.02,4.19,5.63,1.53
SMTK,29.63,30.72,29.75,77.27,95.5,101.43,3,14,27,44,1.05,0.04,1.24,2.58,1.92
HTOO,29.38,38.63,61.88,66.86,75.06,91.57,3,8,11,22,4.25,0.01,8.8,13.73,0.79
ALZN,29.25,29.97,26.75,42.84,59.75,38.95,3,3,5,2,3.28,0.01,3.51,8.68,0.1
SXTP,28.93,54.48,66.69,95.87,64.98,82.81,3,31,7,13,1.44,0.0,2.35,3.63,0.65
MAAS,28.84,40.56,58.32,40.43,29.56,20.32,3,3,2,1,3.51,0.0,3.69,15.16,0.49
KTTA,28.69,31.4,37.75,49.44,47.42,58.93,3,4,3,4,0.72,0.01,0.83,2.08,0.07
AGRI,28.62,31.88,45.8,56.79,38.08,41.6,3,5,2,2,0.75,0.0,1.2,2.45,1.08
CODI,28.62,30.2,30.7,84.6,92.33,99.3,3,19,23,41,6.13,0.01,6.94,17.03,0.47
TRNR,28.41,31.34,35.15,42.97,32.86,8.61,3,3,2,1,6.38,0.0,7.46,33.16,0.24
ACON,28.24,31.72,32.03,15.02,15.51,98.55,3,1,1,40,7.12,0.0,7.15,592.49,0.71
CREG,28.16,33.66,33.66,101.53,92.13,79.92,2,40,23,11,2.21,0.04,4.57,6.37,1.42
CDTG,28.07,28.07,33.94,136.41,138.15,103.6,2,83,81,48,0.73,0.04,0.72,2.01,0.51
RCKT,28.03,32.14,33.17,52.95,53.4,72.0,2,5,4,7,3.04,0.03,3.83,9.64,0.73
CVM,27.66,31.17,32.33,47.36,51.38,56.29,2,4,4,4,3.96,0.05,3.56,12.63,0.49
INAB,27.65,29.42,31.73,52.44,58.53,68.07,2,5,5,6,2.17,0.0,3.14,6.65,0.45
BDRX,27.64,30.26,33.46,28.78,46.82,43.0,2,2,3,2,0.85,0.0,1.07,3.21,0.11
RXST,27.38,28.78,42.53,40.1,62.86,116.7,2,3,6,65,7.35,0.0,13.29,28.88,0.92
SHPH,27.35,28.16,23.8,28.66,43.48,50.01,2,2,3,3,3.81,0.01,4.43,15.49,0.31
PMNT,27.0,27.0,36.59,80.13,100.53,86.73,2,16,33,16,0.33,0.05,0.53,0.89,0.29
SONM,26.57,30.98,50.57,53.66,79.23,80.05,2,5,13,11,0.69,0.01,1.03,2.34,1.75
SDST,26.38,34.64,20.01,41.6,17.29,63.33,2,3,1,5,0.39,0.01,0.45,2.78,0.3
OTRK,26.35,26.35,67.14,84.63,74.84,57.12,2,19,10,4,0.56,0.04,1.18,1.57,1.7
SLE,25.96,31.45,37.97,45.62,54.35,67.76,2,3,4,6,4.59,0.01,5.97,18.98,0.48
GPUS,25.93,28.23,40.35,138.02,49.57,61.12,2,84,3,4,1.04,0.0,3.63,4.47,0.5
TOVX,25.91,29.45,29.45,73.11,68.42,61.2,2,11,8,4,0.48,0.01,0.48,1.18,0.06
NUWE,25.78,28.22,21.05,60.49,68.3,47.77,2,6,8,2,14.8,0.05,22.23,45.47,0.14
STSS,25.64,49.26,49.26,3.12,43.69,51.01,2,1,3,3,5.77,0.0,5.13,339.34,0.01
ONCO,25.5,36.94,30.44,23.43,17.25,71.86,2,2,1,7,3.44,0.0,5.5,79.38,0.36
ASBP,24.68,24.74,29.72,26.04,111.45,99.32,2,2,48,41,0.36,0.01,0.33,5.93,0.03
IVP,24.6,28.78,45.74,48.73,23.07,32.65,2,4,1,2,0.71,0.0,1.49,3.3,2.03
INHD,24.4,25.15,30.21,174.19,125.08,91.93,2,92,72,22,1.46,0.05,1.71,4.2,0.04
NEHC,24.24,26.21,25.2,21.05,52.15,94.74,2,2,4,34,0.5,0.01,0.57,4.12,0.15
AQMS,24.0,24.0,26.82,51.39,74.5,45.39,2,4,10,2,0.62,0.02,0.76,1.82,0.38
LXEH,23.44,24.07,46.66,81.07,748.23,135.28,2,17,99,80,1.45,0.01,1.89,5.61,0.06
YHC,23.14,80.03,21.37,12.84,265.56,218.3,2,1,96,94,2.38,0.01,1.93,25.11,2.24
TRUG,23.11,23.11,21.92,47.97,62.86,57.06,2,4,6,4,5.7,0.01,9.03,21.32,0.29
RANI,22.68,40.41,37.19,55.82,72.51,76.1,2,5,10,9,0.42,0.0,0.58,1.42,0.51
CWD,22.68,25.57,26.36,43.2,106.2,86.1,2,3,41,15,2.91,0.01,3.55,9.3,0.88
RVYL,22.46,50.35,68.61,81.88,74.23,100.84,2,17,10,44,0.33,0.01,0.68,1.14,0.19
STAI,22.24,23.5,21.33,59.23,49.6,90.27,2,6,3,20,0.7,0.01,0.84,4.34,0.43
GCTK,22.23,22.23,23.52,17.62,6.29,139.02,2,1,1,81,5.83,0.0,7.4,444.26,2.76
KLRS,21.93,22.64,22.79,57.62,84.17,104.21,2,5,16,49,2.39,0.0,2.87,9.43,0.85
IVF,21.53,21.53,27.99,31.45,47.72,108.86,2,2,3,55,0.84,0.0,1.39,5.31,2.29
BNZI,20.81,22.77,40.84,54.57,47.25,25.33,2,5,3,1,3.88,0.0,7.58,15.15,0.89
HTCO,20.63,25.36,25.48,226.18,538.88,735.9,2,95,98,98,0.21,0.01,0.42,1.53,0.38
STKH,20.23,28.94,39.88,32.3,55.15,63.88,2,2,5,5,1.37,0.0,2.15,7.09,0.56
XHG,19.69,21.63,9.24,9.21,60.53,17.95,2,1,6,1,1.33,0.0,1.5,23.79,0.07
ADTX,19.43,19.43,14.85,12.2,13.41,5.28,2,1,1,1,1.16,0.0,1.47,66.79,0.45
QVCGA,19.23,19.23,21.91,47.31,72.11,73.81,2,4,9,8,2.81,0.01,3.88,14.38,0.16
JZ,18.47,19.43,20.23,97.75,93.34,83.07,2,34,25,13,1.85,0.02,3.01,7.69,0.17
JAGX,18.29,22.81,25.37,42.21,56.79,52.95,2,3,5,3,2.32,0.0,4.06,16.02,1.15
AIRE,17.61,24.63,28.64,59.03,159.7,253.04,2,6,88,95,0.19,0.01,0.42,1.08,15.52
WHLR,17.4,18.19,13.05,5.32,4.81,44.63,2,1,1,2,4.72,0.0,5.7,661.52,0.04
SUNE,16.27,16.27,15.25,1.96,17.93,18.37,2,1,1,1,1.82,0.0,1.69,330.77,1.4
APDN,16.18,16.18,12.01,7.95,47.12,39.43,2,1,3,2,5.04,0.0,6.65,93.82,0.62
REE,16.11,16.41,15.65,63.68,163.65,238.75,2,7,89,95,0.7,0.01,1.0,5.34,0.2
REVB,15.84,15.84,15.76,42.34,31.45,55.83,2,3,2,3,2.95,0.01,4.32,17.26,0.74
TNFA,15.82,19.54,20.42,23.72,47.62,70.14,2,2,3,7,0.09,0.0,0.15,0.73,3.52
NAAS,15.13,16.95,19.43,21.37,34.32,46.87,2,2,2,2,0.62,0.0,1.02,5.92,0.24
SRPT,15.06,23.39,20.84,51.6,83.01,101.41,2,4,15,44,14.08,0.0,29.07,85.84,9.53
CHSN,14.99,16.27,30.46,106.67,236.25,636.03,2,48,95,98,0.11,0.0,0.32,3.3,0.64
OGEN,14.75,14.92,36.38,48.37,52.12,55.54,2,4,4,3,1.35,0.0,3.84,7.6,0.27
CYCC,13.64,13.64,5.07,60.02,50.75,56.16,2,6,4,4,13.07,0.02,17.27,79.06,10.8
RSLS,13.49,13.49,10.81,11.94,49.37,60.26,2,1,3,4,3.18,0.0,3.93,63.23,0.22
VCIG,13.32,16.15,16.55,14.67,25.97,23.06,2,1,2,1,0.96,0.0,2.78,28.7,3.26
XFOR,13.15,13.47,19.03,35.88,98.14,96.45,2,2,30,37,1.43,0.0,2.71,10.71,2.62
TGL,13.09,22.61,19.41,13.6,30.37,24.96,2,1,2,1,1.12,0.0,1.36,11.4,0.11
ATCH,12.54,14.33,15.23,7.99,27.95,56.43,1,1,2,4,0.18,0.0,0.22,5.1,0.45
NAOV,12.46,13.15,21.4,105.97,123.63,93.65,1,47,70,32,1.01,0.03,1.39,4.56,1.69
HOLO,11.97,15.69,12.17,12.2,39.52,41.9,1,1,2,2,5.41,0.0,5.75,63.5,0.35
DFLI,11.78,12.13,10.8,17.89,43.61,74.56,1,1,3,8,0.17,0.0,0.3,2.14,0.51
INTS,11.16,12.19,12.19,63.9,78.59,81.79,1,7,12,12,0.32,0.01,0.39,1.89,1.55
WLGS,10.95,11.9,11.9,25.98,926.71,758.02,1,2,99,99,0.05,0.0,0.13,2.44,1.6
NIVF,10.93,11.46,19.15,142.73,274.35,75.66,1,86,96,9,0.57,0.0,1.82,5.97,0.21
JBIO,10.46,11.63,13.66,108.89,109.81,83.02,1,51,46,13,9.47,0.03,8.55,63.88,0.53
SMX,10.3,14.66,25.78,25.86,18.68,22.96,1,2,1,1,1.52,0.0,4.58,44.92,0.52
SISI,9.11,10.01,16.7,37.92,29.6,36.25,1,2,2,2,0.17,0.0,0.43,1.67,0.25
XXII,8.52,10.09,10.87,17.63,17.2,15.36,1,1,1,1,3.91,0.0,14.54,133.39,2.7
AREB,8.41,9.41,34.32,14.62,53.54,100.96,1,1,4,44,1.38,0.0,1.79,29.12,0.32
MLGO,8.33,9.99,18.65,355.16,473.8,31.05,1,98,98,1,14.66,0.0,35.26,129.0,0.78
APVO,7.35,7.35,6.8,10.63,35.55,43.46,1,1,2,2,3.03,0.0,4.54,76.25,0.07
CDT,7.03,9.75,10.31,13.97,29.52,50.38,1,1,2,3,2.11,0.0,3.4,62.16,0.35
WAI,6.4,7.41,50.56,42.28,91.78,115.78,1,3,23,64,0.43,0.0,1.86,6.77,0.61
FOXO,6.15,8.02,10.29,80.38,120.59,367.08,1,16,67,97,0.1,0.0,0.35,2.0,1.6
HCTI,5.25,5.65,6.76,33.49,117.04,210.29,1,2,63,93,0.02,0.01,0.04,0.5,0.23
GDHG,5.02,7.19,7.38,11.63,145.53,55.5,1,1,84,3,0.91,0.0,2.35,32.26,0.46
GVH,4.88,11.74,201.81,233.38,86.45,95.86,1,96,18,36,0.04,0.0,0.97,0.76,2.11
OST,4.33,7.91,384.42,316.96,105.01,105.58,1,97,39,51,0.12,0.0,4.0,2.87,0.34
EJH,4.29,4.67,4.48,97.49,109.82,43.66,1,34,46,2,2.63,0.0,3.41,31.71,0.47
NCNA,3.39,3.89,8.45,69.34,64.78,39.44,1,9,7,2,0.05,0.0,0.07,0.92,0.27
HSDT,2.44,2.44,4.21,46.52,93.96,98.94,1,4,25,40,8.9,0.0,93.07,315.09,0.34
DGLY,1.25,1.44,2.22,8.46,26.34,63.63,1,1,2,5,2.0,0.0,2.86,669.82,0.16
GNLN,0.77,0.77,1.22,11.78,43.71,94.33,1,1,3,33,3.42,0.0,4.95,891.7,0.2
GIBO,0.28,0.35,12.27,142.58,114.41,96.93,1,86,57,37,0.04,0.0,1.99,9.01,1.2
MULN,0.02,0.03,0.01,0.03,6.71,14.18,1,1,1,1,0.09,0.0,7.61,472713.12,3.2
