Ticker,RS,1wk:end max,1mo:1wk max,3mo:1mo max,6mo:3mo max,9mo:6mo max,Rating (RS),Rating (3M:1M),Rating (6M:3M),Rating (9M:6M),Price,52W pos,MA50,MA200,Volume / VMA50
QMMM,6052.09,8447.13,14962.25,202.67,156.2,124.14,99,95,92,82,82.84,0.4,20.9,5.96,0.08
DFDV,1428.9,1499.34,1803.06,3471.82,5989.97,91.38,99,99,99,14,16.93,0.39,18.13,10.51,0.96
ABVX,999.91,1037.08,986.25,845.93,85.62,74.0,99,99,10,6,82.3,0.91,65.75,21.6,0.31
ORBS,880.95,1047.77,2884.29,144.63,86.25,88.74,99,89,11,13,12.79,0.27,5.18,2.35,0.54
DRUG,845.38,845.38,894.7,972.83,2031.44,3115.25,99,99,99,99,53.28,0.95,38.39,34.97,2.72
SUPX,755.0,871.74,1057.9,484.81,276.31,146.37,99,98,97,89,55.25,0.8,33.48,13.83,0.62
OKLO,673.43,673.43,419.27,432.71,530.81,430.16,99,98,98,98,135.23,1.0,75.28,44.97,3.49
ANTE,632.39,861.19,1172.79,551.02,202.32,325.02,99,98,95,97,3.43,0.6,2.83,1.15,5.34
LICN,599.57,599.57,2274.48,1414.46,5200.34,1042.71,99,99,99,99,4.75,0.71,4.5,3.16,1.04
FORD,579.16,740.65,695.93,246.2,181.89,136.68,99,96,94,87,30.45,0.76,15.95,8.25,2.06
TOI,570.4,570.4,782.41,584.54,859.22,320.43,99,99,99,97,3.12,0.72,3.55,2.0,1.34
AMPX,556.66,556.66,424.01,408.07,260.81,214.6,99,98,97,95,11.77,1.0,7.79,4.1,1.91
ONDS,551.17,573.08,585.73,415.06,214.08,295.5,99,98,96,97,6.72,1.0,3.98,2.01,1.14
BMNR,520.02,520.02,400.23,95.42,114.01,101.26,99,37,53,42,61.29,0.44,46.1,40.49,1.42
NEGG,485.79,485.79,1265.37,1159.22,122.27,58.03,99,99,80,3,55.0,0.41,55.97,20.23,1.42
ATGL,469.13,547.04,547.04,597.7,984.97,1018.62,99,99,99,99,29.2,0.61,25.0,23.74,0.53
SLGL,441.5,441.5,395.51,278.79,139.4,167.76,99,97,88,92,30.5,1.0,17.61,9.7,1.61
GITS,417.11,476.76,478.14,957.97,805.44,968.1,99,99,99,99,2.39,0.59,2.39,1.64,0.23
LIXT,409.06,409.06,360.01,285.53,86.25,122.0,99,97,11,81,5.45,0.89,4.31,2.29,0.66
JL,404.22,627.91,789.22,664.95,942.9,1048.03,99,99,99,99,6.53,0.98,6.05,4.73,5.04
TURB,402.32,593.03,129.56,136.74,195.6,195.88,99,87,95,94,8.7,0.67,2.99,2.48,0.16
MNPR,401.59,531.74,475.16,476.96,806.16,1363.0,99,98,99,99,63.29,0.95,41.71,36.34,3.11
BE,400.99,400.99,320.37,259.21,177.49,242.05,99,97,94,96,84.93,1.0,45.4,27.97,1.44
ASST,394.5,616.77,735.06,959.12,1547.0,82.1,99,99,99,9,4.3,0.31,4.89,2.91,4.21
PRCH,391.54,435.34,487.24,491.23,435.49,281.47,99,98,98,97,18.86,0.99,15.41,9.13,1.98
IMRX,378.37,446.34,446.34,260.3,148.16,99.99,99,97,90,22,9.26,1.0,4.97,2.67,0.74
CELC,377.79,401.28,441.31,371.11,98.86,83.91,99,98,20,10,51.88,0.8,42.11,19.1,0.99
TGEN,373.42,373.42,516.94,692.34,457.41,373.7,99,99,98,98,8.75,0.9,7.92,4.4,1.73
UAMY,372.08,372.08,425.21,456.49,772.38,548.52,99,98,99,98,6.49,1.0,4.12,2.68,3.21
VSA,368.53,501.23,501.23,294.23,171.82,67.2,98,97,93,5,3.05,0.75,1.92,0.95,0.65
AREC,368.11,368.11,302.36,223.27,165.82,112.49,98,96,93,74,2.87,1.0,1.67,1.0,1.36
IREN,357.28,378.06,334.26,215.69,122.06,183.98,98,95,80,94,38.64,1.0,22.54,12.98,1.26
MENS,340.66,340.66,92.24,95.42,114.01,101.26,98,37,53,42,65.62,1.0,37.14,30.22,3.02
CLSD,338.81,375.02,499.48,1014.92,1102.2,1264.19,98,99,99,99,3.76,0.16,2.2,4.01,0.01
MVST,336.29,442.97,408.07,591.32,837.07,662.7,98,99,99,99,3.61,0.77,2.96,2.45,1.98
SONN,333.28,417.85,324.18,446.28,49.02,40.56,98,98,2,2,6.2,0.59,4.35,2.26,0.89
CDTX,322.91,335.06,331.89,354.13,169.08,190.26,98,98,93,94,68.71,0.96,62.68,33.86,3.23
LEU,321.42,321.42,266.34,361.56,306.91,198.06,98,98,97,94,294.49,1.0,215.48,126.16,2.42
TMC,314.51,328.52,340.84,586.85,504.4,194.07,98,99,98,94,5.79,0.69,5.88,3.48,0.75
MOB,313.52,367.43,396.72,258.5,201.62,337.03,98,97,95,97,8.11,1.0,4.76,3.03,1.04
ENTO,311.79,311.79,184.45,154.85,93.94,90.3,98,91,16,14,5.16,1.0,2.09,1.64,0.07
AEI,308.15,413.84,353.54,129.32,120.88,121.84,98,85,79,81,3.47,0.77,1.67,1.13,3.39
CTEV,307.69,380.68,511.25,438.29,304.9,294.43,98,98,97,97,51.73,0.69,56.85,31.66,1.81
LPTH,305.11,310.93,265.39,186.51,188.93,269.82,98,94,95,97,7.24,1.0,4.26,3.02,2.99
DALN,304.48,304.48,290.39,320.99,133.84,172.17,98,97,86,93,15.96,0.99,14.78,7.76,3.18
SCLX,303.33,303.33,257.05,230.6,41.54,39.84,98,96,2,2,29.08,0.75,16.94,11.89,1.94
RYM,302.95,331.92,349.03,348.94,490.29,672.15,98,98,98,99,39.91,0.62,31.28,25.59,0.31
ABVC,301.88,315.57,381.47,602.14,291.82,105.58,98,99,97,67,2.84,0.56,3.0,1.54,1.36
IONQ,301.83,301.83,267.98,306.71,329.98,492.85,98,97,98,98,70.41,1.0,44.3,36.76,2.4
JMIA,300.2,312.92,264.03,193.26,96.7,88.25,98,94,18,12,11.62,0.97,7.13,4.23,0.61
MFH,298.51,304.14,237.34,153.41,363.19,469.64,98,91,98,98,10.0,0.96,5.19,5.61,0.59
AREN,292.35,292.35,480.76,529.99,1037.63,184.25,98,98,99,94,6.07,0.6,6.21,3.89,4.54
PGEN,291.78,295.54,361.1,236.7,191.29,186.7,98,96,95,94,3.75,0.75,2.87,1.77,1.36
RR,291.45,302.78,226.42,197.92,260.0,356.13,98,95,97,98,4.45,0.99,2.47,2.22,2.49
OUST,291.05,299.33,308.66,315.25,234.72,179.9,98,97,96,93,34.66,0.99,28.31,15.73,1.43
YI,289.24,350.16,397.3,636.26,1418.12,1262.02,98,99,99,99,5.22,0.45,6.71,6.34,2.0
OMEX,287.64,287.64,308.7,273.53,204.1,53.38,98,97,95,3,1.82,0.85,1.61,0.93,0.87
CIFR,287.44,300.32,254.94,172.0,107.69,146.04,98,93,28,89,12.28,0.99,7.02,4.97,1.24
AEVA,286.73,315.24,310.23,851.5,830.48,144.6,98,99,99,89,18.28,0.45,17.67,11.91,1.53
QSG,285.31,309.5,309.5,562.54,635.82,135.34,98,98,99,87,9.98,0.7,8.7,5.66,1.34
ALMU,283.64,283.64,391.61,418.59,456.82,288.19,98,98,98,97,19.49,0.79,19.16,11.76,2.89
ROMA,283.39,289.45,296.45,467.72,556.82,109.36,98,98,98,71,3.18,0.72,3.03,1.81,1.12
OPAD,282.55,282.55,338.56,120.11,49.81,60.61,98,80,2,4,5.09,0.79,2.72,2.13,0.89
AGH,282.44,409.26,431.53,340.07,114.01,101.26,98,98,53,42,3.33,0.56,2.93,1.68,0.47
CRDO,281.76,298.48,313.61,257.2,206.01,294.52,98,97,95,97,169.56,0.98,122.52,77.85,2.59
ABTC,281.76,307.31,338.01,502.54,317.59,47.96,98,98,98,2,7.11,0.75,6.71,3.69,1.11
NRGV,281.44,281.44,192.71,127.72,81.92,193.0,98,84,9,94,3.11,1.0,1.55,1.32,3.0
PGY,280.42,291.47,275.83,281.76,160.58,132.51,98,97,92,86,42.3,0.96,33.28,17.87,1.58
RZLV,276.6,297.86,273.32,120.14,84.46,57.78,98,80,10,3,6.66,0.84,3.8,2.67,1.68
VVPR,275.84,285.61,379.17,392.6,601.99,104.74,98,98,99,66,4.83,0.67,5.26,3.32,0.24
NB,273.37,273.37,226.97,217.89,218.01,127.75,98,96,96,84,5.87,1.0,4.14,2.65,2.26
ABAT,272.76,272.76,234.89,259.99,145.64,218.49,98,97,90,95,3.3,0.97,2.46,1.64,2.72
PVLA,271.73,279.05,260.55,238.36,247.34,208.49,98,96,97,95,58.24,0.97,45.29,26.72,2.06
ATAI,267.02,267.02,265.53,270.88,163.83,156.98,98,97,92,91,4.95,1.0,4.07,2.32,0.93
HYPD,266.93,401.27,401.27,614.37,183.38,20.68,98,99,94,1,11.28,0.23,8.8,5.15,1.19
VGZ,263.82,263.82,214.22,163.86,214.52,144.36,98,92,96,89,2.25,1.0,1.23,0.9,2.5
VFF,262.95,265.21,317.5,288.77,143.56,83.78,98,97,89,10,2.63,0.77,2.19,1.17,0.97
AMPG,262.0,288.96,297.35,230.77,208.13,450.34,98,96,96,98,4.73,0.8,3.32,2.36,2.01
IMAB,261.2,277.32,460.8,479.7,254.83,72.48,98,98,97,6,3.79,0.7,3.53,1.77,0.64
PL,260.87,260.87,240.67,227.6,194.18,268.92,98,96,95,97,11.11,1.0,7.25,5.15,2.16
HSAI,260.58,264.49,298.79,324.74,353.68,420.7,98,98,98,98,29.05,0.97,24.2,18.6,1.13
BW,259.43,285.02,217.76,165.79,107.58,106.53,98,92,28,68,3.27,0.92,1.69,1.23,4.03
METC,259.37,259.37,251.37,234.28,105.57,92.73,98,96,25,16,30.42,0.98,23.46,13.29,1.59
MLYS,258.01,264.6,250.89,115.4,154.39,137.19,98,77,91,87,39.27,0.98,20.28,14.83,1.54
VSME,257.49,273.85,251.35,138.9,100.57,103.6,98,88,21,65,2.8,0.96,1.67,1.17,1.75
UUUU,256.58,256.58,229.8,195.08,112.19,85.77,98,94,33,11,14.86,1.0,10.45,6.37,1.43
LWLG,254.06,254.06,238.89,157.58,74.01,66.73,98,91,6,4,4.19,1.0,2.56,1.71,2.65
HOOD,253.72,266.19,279.25,318.42,245.16,298.19,97,97,97,97,124.78,1.0,108.29,67.1,4.46
SATS,252.26,313.99,376.29,132.41,138.88,158.2,97,86,88,91,72.47,0.84,43.28,29.33,1.29
HYFT,251.73,356.08,597.0,493.17,188.68,73.85,97,98,95,6,1.73,0.49,2.04,0.92,0.48
CLS,251.7,269.56,284.8,254.93,185.15,252.09,97,96,94,96,252.93,0.99,201.54,130.43,1.05
RKLB,250.8,319.0,319.0,382.54,305.21,480.73,97,98,97,98,47.79,0.87,46.04,30.19,1.23
UMAC,250.54,250.54,300.18,404.74,324.07,963.41,97,98,98,99,13.1,0.65,10.4,9.19,1.8
QS,249.71,249.71,186.33,264.91,88.49,97.6,97,97,12,20,13.42,0.89,9.64,6.01,1.66
BITF,247.03,252.45,164.83,89.66,66.42,72.43,97,13,4,6,3.12,0.97,1.46,1.28,2.21
RLMD,244.88,269.54,254.5,126.94,152.4,37.5,97,84,91,2,1.53,0.38,0.89,0.57,0.38
NBTX,243.84,268.08,234.24,202.78,144.7,92.4,97,95,89,15,11.57,0.92,7.89,4.71,2.47
VERI,242.05,242.05,166.35,114.17,102.66,121.74,97,76,23,81,5.35,1.0,2.74,2.45,3.76
VHC,239.06,239.06,232.81,244.26,182.24,172.76,97,96,94,93,17.51,0.8,16.2,10.28,0.36
DAVE,238.37,253.25,253.25,475.69,412.04,412.69,97,98,98,98,238.54,0.82,208.74,147.91,1.9
XNET,236.74,254.0,257.99,288.96,309.69,289.1,97,97,97,97,7.74,0.86,6.05,4.33,0.76
GDC,236.24,326.86,261.94,187.41,225.17,126.42,97,94,96,83,7.31,0.72,4.15,2.7,1.61
HAO,235.28,235.28,266.03,410.35,783.18,818.28,97,98,99,99,1.24,0.32,1.26,1.23,0.11
APP,233.06,241.25,241.25,245.16,275.34,481.66,97,96,97,98,649.59,1.0,448.65,364.05,9.82
TRML,231.84,231.84,235.36,127.42,116.71,94.28,97,84,75,17,47.73,1.0,26.5,19.41,1.27
KC,230.83,230.83,231.65,287.54,492.46,594.61,97,97,98,98,16.51,0.77,14.62,13.55,0.54
VSAT,230.03,252.86,299.87,238.33,115.86,84.41,97,96,74,10,29.61,0.87,24.37,13.62,3.15
BETR,228.7,228.7,185.82,115.54,111.25,79.93,97,77,32,8,34.09,1.0,18.39,13.52,7.89
KOD,227.82,235.81,250.68,277.29,120.16,321.73,97,97,79,97,9.53,0.81,8.31,5.88,0.61
QNTM,226.95,252.91,258.44,566.85,499.3,171.64,97,98,98,93,18.87,0.5,20.36,11.68,1.19
OVID,225.77,253.05,254.47,176.12,39.97,67.64,97,93,2,5,1.21,0.86,0.86,0.62,0.5
LASR,224.73,224.73,221.81,229.34,172.29,90.61,97,96,93,14,31.18,1.0,24.92,14.89,1.36
SSRM,222.76,230.94,247.79,210.85,205.79,201.05,97,95,95,94,22.84,1.0,16.55,11.58,2.98
COEP,221.03,221.03,203.2,205.26,256.27,250.07,97,95,97,96,13.88,0.93,12.01,9.59,2.89
THM,220.35,220.35,251.94,211.38,186.26,137.73,97,95,94,87,1.6,0.99,1.3,0.81,1.04
BTCS,219.88,228.51,228.51,367.94,183.62,230.23,97,98,94,96,4.78,0.67,4.72,3.02,0.64
CMCL,218.81,218.81,224.39,182.59,172.87,109.61,97,94,93,71,33.32,1.0,24.72,15.78,2.34
PAPL,217.99,229.43,336.07,423.47,52.26,54.46,97,98,3,3,6.19,0.36,4.36,5.53,0.06
AMSC,217.73,227.43,200.01,227.78,151.07,172.11,97,96,91,93,61.55,0.94,50.07,31.9,2.45
SMR,217.62,217.62,205.21,298.15,325.49,437.61,97,97,98,98,46.77,0.88,40.48,27.5,3.49
FTEK,217.27,261.85,261.85,280.94,194.36,94.36,97,97,95,17,3.18,0.83,2.88,1.67,0.48
DOMH,217.11,217.11,226.95,263.76,344.05,633.29,97,97,98,99,6.49,0.51,5.63,4.52,0.8
APLD,216.96,216.96,229.91,237.76,241.95,182.69,97,96,96,93,20.48,1.0,14.34,9.52,1.02
BBAI,215.82,215.82,213.41,344.86,184.88,554.14,97,98,94,98,6.85,0.65,6.17,4.69,1.82
ITRG,215.22,215.22,209.88,153.85,231.28,142.24,97,91,96,88,2.93,1.0,1.95,1.46,1.68
SBET,214.55,214.55,392.37,720.83,1198.78,78.06,97,99,99,7,17.33,0.19,20.81,12.4,0.66
SES,214.01,214.01,166.41,155.43,180.83,228.08,97,91,94,95,1.58,0.61,1.15,0.93,2.78
ABVE,213.95,217.84,284.36,571.64,326.61,95.28,97,99,98,18,1.61,0.39,1.91,1.03,0.18
PLTR,213.62,213.62,221.85,302.22,321.29,362.18,97,97,98,98,182.39,0.97,163.03,116.14,1.6
PZG,212.16,215.2,215.47,170.8,150.51,96.72,97,93,91,19,1.1,0.99,0.82,0.53,1.53
QVCGA,211.3,218.02,183.8,40.32,50.43,72.11,97,2,3,6,14.31,0.38,6.05,10.06,1.52
FSI,211.07,239.44,244.15,189.41,202.64,250.31,97,94,95,96,9.99,0.84,7.54,5.36,0.86
RDDT,210.74,222.28,227.52,217.81,157.92,245.89,97,96,92,96,264.48,0.97,206.59,158.93,1.69
NBIS,209.27,209.27,201.64,204.13,144.49,148.73,97,95,89,90,99.31,1.0,66.8,42.06,1.17
HOVR,208.92,208.92,255.47,342.98,334.07,210.23,97,98,98,95,2.23,0.98,1.68,1.03,2.19
APLM,208.3,211.58,73.53,74.92,81.15,63.61,97,6,8,4,18.43,0.94,6.73,7.28,0.0
OCFT,207.35,227.69,231.79,286.96,363.8,364.27,97,97,98,98,7.28,0.96,7.35,5.76,0.37
TLS,206.8,207.71,206.48,180.83,84.01,96.44,97,93,10,19,6.79,0.97,4.7,3.37,0.65
CRML,206.73,218.96,254.46,218.68,83.4,95.33,97,96,9,18,7.18,0.79,5.18,4.07,0.88
JOBY,206.18,206.18,221.4,291.08,150.01,166.83,97,97,90,92,16.58,0.76,15.66,9.64,1.62
ZKIN,205.96,228.16,242.25,393.0,461.18,452.2,97,98,98,98,2.34,0.54,2.13,1.68,0.25
GROY,205.09,213.45,233.09,199.97,157.1,108.31,97,95,92,70,3.67,0.94,3.1,1.94,1.56
VIOT,203.77,220.83,245.24,273.45,219.36,205.82,97,97,96,95,3.3,0.81,3.4,1.95,0.54
RAPT,202.79,210.84,145.05,127.33,105.28,71.89,97,84,25,6,19.86,0.74,12.25,9.67,4.82
BLNE,202.74,247.39,148.82,95.79,30.98,119.61,97,55,1,80,4.24,0.4,2.07,3.69,0.9
ARQQ,202.5,202.5,227.59,436.75,285.78,528.68,96,98,97,98,41.73,0.95,33.77,25.39,2.67
CNL,202.39,228.26,233.25,258.62,342.04,292.5,96,97,98,97,13.38,0.94,11.05,8.58,0.89
BKTI,201.89,212.71,210.03,227.2,245.87,218.47,96,96,97,95,77.63,1.0,55.41,42.53,1.84
HYMC,199.81,210.98,210.98,140.79,168.43,138.31,96,89,93,87,6.46,1.0,4.35,3.22,1.82
SXTC,198.96,198.96,221.17,214.7,534.89,878.89,96,95,98,99,1.95,0.31,1.62,1.61,0.55
OCG,198.22,199.0,211.62,524.52,615.22,104.13,96,98,99,65,4.06,0.49,4.4,3.42,0.1
FOSL,197.61,205.43,222.52,206.85,121.67,148.09,96,95,80,90,3.0,0.83,2.39,1.72,1.21
MBOT,196.0,257.9,292.08,208.89,242.9,239.54,96,95,96,96,3.19,0.64,3.18,2.26,1.69
AXTI,195.81,195.81,167.44,127.15,103.7,89.19,96,84,24,13,4.34,1.0,2.67,2.03,3.07
WLDN,195.15,200.73,253.33,267.67,156.9,124.43,96,97,92,82,103.33,0.81,97.48,57.01,0.99
LCTX,193.71,198.58,178.75,189.21,143.53,75.87,96,94,89,7,1.53,0.98,1.14,0.74,1.19
STEM,192.32,192.32,165.08,147.84,124.29,137.77,96,90,82,87,18.1,0.66,14.24,10.95,0.58
PRPO,192.22,224.48,245.37,272.83,172.33,150.5,96,97,93,90,16.69,0.73,15.59,9.59,2.86
STRL,192.08,192.08,182.28,187.54,162.12,156.83,96,94,92,91,360.25,1.0,282.03,194.02,4.09
KPLT,192.05,224.13,225.11,146.89,170.04,123.75,96,90,93,82,19.56,0.8,14.89,10.22,1.24
ETHZ,192.04,192.04,434.76,650.8,69.52,129.81,96,99,5,85,2.53,0.18,3.37,1.79,1.03
GALT,191.82,282.85,313.13,224.0,156.22,82.29,96,96,92,9,4.8,0.78,3.86,2.12,0.87
SPCB,191.16,197.4,181.67,228.57,268.06,336.05,96,96,97,97,11.75,0.74,9.81,8.54,0.68
HOUR,191.05,228.64,376.2,129.77,153.55,298.44,96,85,91,97,3.1,0.43,2.12,1.78,0.03
ALM,190.98,196.99,187.16,434.46,357.37,302.97,96,98,98,97,5.07,0.55,4.4,3.59,0.88
GRRR,190.79,198.38,265.84,374.5,520.91,748.11,96,98,98,99,21.49,0.47,17.78,18.95,2.19
LDI,190.43,248.04,225.73,119.96,77.67,77.34,96,80,7,7,3.72,0.76,2.31,1.71,2.83
TPC,190.41,194.77,193.53,214.75,169.78,152.14,96,95,93,90,65.48,0.98,55.49,35.51,1.38
RPID,190.34,190.34,169.82,319.49,323.15,363.21,96,97,98,98,3.37,0.72,3.1,2.59,1.07
SEDG,190.05,190.05,198.23,183.04,118.32,89.56,96,94,77,13,35.45,1.0,29.34,19.49,1.18
BKSY,190.01,190.01,176.77,328.25,151.19,198.44,96,98,91,94,20.99,0.7,19.04,13.78,1.8
RMCO,189.87,189.87,205.35,160.25,133.6,103.58,96,92,86,65,2.34,1.0,1.66,1.24,2.85
FBYD,189.37,189.37,128.42,112.66,137.68,108.56,96,75,87,70,14.99,1.0,7.72,7.29,16.43
ATCH,188.26,325.42,70.12,36.44,7.99,39.81,96,2,1,2,0.92,0.04,0.29,2.58,1.97
METCB,186.59,187.4,175.52,177.21,97.22,92.39,96,93,18,15,17.57,1.0,14.9,9.92,0.65
INKT,185.67,187.35,192.04,719.71,140.04,129.26,96,99,88,85,15.09,0.18,17.47,10.27,0.04
KOPN,185.44,189.3,180.95,217.23,150.46,184.05,96,95,90,94,2.69,1.0,2.04,1.54,2.08
CURI,185.28,185.28,185.28,323.64,422.09,292.9,96,98,98,97,5.27,0.75,4.43,3.48,1.74
REAL,185.15,194.76,186.95,166.95,162.71,352.24,96,92,92,98,10.89,0.96,7.27,6.9,1.63
AAME,184.97,187.51,198.05,198.05,116.76,88.64,96,95,75,13,3.45,0.96,2.79,1.91,1.92
STX,184.3,184.3,167.52,157.41,133.66,100.04,96,91,86,22,221.23,1.0,166.28,116.31,1.36
CURR,183.65,215.01,185.4,143.08,112.26,162.36,96,89,33,92,1.62,0.35,1.73,1.54,0.88
AMBO,182.91,182.91,192.86,192.86,224.66,246.77,96,94,96,96,3.96,0.93,3.2,2.7,0.48
SYM,182.61,187.18,182.33,223.77,137.95,85.87,96,96,87,11,57.05,0.87,50.75,32.76,2.29
AQB,181.97,181.97,137.88,102.75,114.53,66.36,96,65,72,4,1.54,1.0,0.9,0.78,0.52
UI,181.85,181.85,178.11,158.6,212.95,238.07,96,91,96,96,635.65,1.0,490.12,390.89,1.49
ADUR,181.67,207.9,198.45,210.79,180.19,108.19,96,95,94,70,13.35,0.94,11.61,7.63,1.56
ASPI,181.41,181.41,198.04,216.09,245.8,191.41,96,95,97,94,9.86,0.84,9.32,6.65,2.71
WDC,181.34,181.34,172.05,149.29,115.51,102.39,96,90,74,63,106.63,1.0,79.78,56.33,1.44
IVA,181.26,181.26,193.83,157.4,164.82,110.44,96,91,92,72,5.65,0.85,4.32,3.28,1.37
XGN,180.66,198.06,232.64,238.09,287.44,225.87,96,96,97,95,9.56,0.93,8.89,6.0,1.11
RUN,180.48,183.1,171.43,125.2,121.63,70.33,96,83,80,5,16.58,0.75,13.32,9.66,0.96
INVZ,180.05,227.12,232.53,203.74,157.59,185.11,96,95,92,94,1.99,0.88,1.71,1.21,1.6
U,180.04,187.49,184.4,179.05,121.67,128.9,96,93,80,84,46.05,0.98,37.6,26.52,0.88
NUKK,179.5,179.5,128.39,341.18,777.96,1432.95,96,98,99,99,6.23,0.1,5.69,13.82,1.44
FGI,179.13,223.64,116.46,130.81,97.25,93.64,96,85,18,17,7.89,0.77,4.3,3.8,0.27
REZI,178.03,178.03,165.99,140.39,101.18,111.18,96,88,22,73,42.03,1.0,30.82,23.3,3.99
UEC,177.62,193.4,195.59,169.5,113.37,112.96,96,93,34,75,12.35,0.91,10.0,7.15,2.41
BNR,177.14,180.73,228.15,237.91,101.2,137.47,96,96,22,87,8.62,0.8,7.4,5.52,1.09
YQ,176.99,176.99,121.91,118.77,116.67,102.07,96,80,75,62,4.08,1.0,2.26,1.98,2.0
SLI,176.94,176.94,188.52,185.61,139.75,103.44,96,94,88,64,3.05,0.99,2.78,1.86,1.36
WLDS,176.73,338.86,338.86,57.47,36.37,31.94,96,3,2,1,5.37,0.19,2.16,3.01,1.04
MDXH,176.47,176.47,166.44,129.47,106.34,87.22,96,85,26,12,4.14,1.0,2.99,2.18,3.04
PRME,175.92,205.06,180.72,210.51,60.08,63.92,95,95,3,4,4.89,0.94,3.94,2.67,1.34
W,175.35,179.66,193.51,179.94,113.99,97.5,95,93,34,20,89.31,0.99,73.92,49.59,1.06
VRNA,175.11,183.37,208.92,286.4,290.64,310.57,95,97,97,97,106.02,0.99,105.55,75.0,0.73
MGRM,174.9,196.73,229.3,218.02,134.7,145.59,95,96,86,89,5.84,0.96,5.58,3.4,0.34
TMQ,174.87,194.85,192.34,211.24,318.55,260.49,95,95,98,96,2.02,0.93,1.78,1.46,0.83
DOMO,174.7,174.7,164.54,198.62,182.37,113.89,95,95,94,75,18.06,1.0,15.45,10.72,2.35
SIF,174.68,179.83,195.57,191.47,105.18,102.41,95,94,25,63,7.08,0.92,6.06,4.0,1.41
PMEC,174.59,204.23,203.21,199.78,186.61,109.63,95,95,94,71,1.77,0.92,1.6,1.09,0.1
ESGL,174.51,178.73,188.85,221.68,222.63,213.18,95,96,96,95,3.88,0.97,3.05,2.14,0.64
FUTU,174.37,179.22,201.28,184.91,168.89,169.48,95,94,93,92,177.99,0.88,170.3,118.44,0.88
VNCE,174.03,174.03,168.16,81.67,111.41,253.05,95,8,32,96,3.17,0.51,1.7,2.12,0.67
MOGU,172.79,216.94,216.94,104.34,111.34,114.37,95,67,32,76,4.14,0.73,2.64,2.33,0.03
FUBO,172.73,172.73,157.39,211.94,237.52,314.01,95,95,96,97,4.35,0.74,3.73,3.27,0.81
DPRO,172.71,191.31,206.08,191.05,119.7,116.78,95,94,78,78,6.13,0.8,4.94,3.44,1.22
GEOS,171.63,196.56,241.99,199.84,101.4,86.02,95,95,22,11,19.49,0.94,16.07,10.46,0.84
EFOI,171.23,171.23,141.96,162.24,148.98,173.94,95,92,90,93,3.0,0.92,2.34,1.9,0.68
LQDA,171.15,189.99,204.82,173.89,140.97,134.55,95,93,88,86,23.78,0.72,22.84,16.3,1.61
MITQ,170.73,194.88,189.12,134.8,141.78,141.53,95,87,89,88,1.35,1.0,0.82,0.68,1.52
INTZ,169.67,169.67,163.0,274.81,253.46,392.62,95,97,97,98,1.95,0.3,1.84,1.63,1.64
XMTR,169.45,178.94,173.1,180.61,161.78,224.85,95,93,92,95,53.81,1.0,43.05,34.37,1.22
SBSW,169.35,169.35,173.26,195.25,171.73,104.71,95,94,93,66,9.54,0.98,8.62,5.65,1.06
RMBS,169.19,176.72,148.16,132.53,112.74,119.73,95,86,33,80,102.35,0.93,75.17,61.22,5.38
ATMV,169.11,169.11,144.77,99.81,118.42,105.17,95,62,77,67,22.2,1.0,12.65,11.84,32.66
SNTG,168.92,168.92,318.77,98.77,94.8,90.3,95,60,16,14,3.61,0.4,2.21,1.92,1.22
RIOT,168.82,175.44,163.12,148.3,115.09,126.64,95,90,73,84,17.46,0.99,13.54,10.8,1.07
RCAT,168.57,185.24,186.0,287.11,391.73,1059.83,95,97,98,99,10.46,0.68,9.5,8.08,1.75
ZBIO,168.34,180.14,178.74,143.77,123.39,96.33,95,89,81,19,18.94,0.65,16.61,10.89,4.19
ATMVU,168.05,168.05,160.01,100.5,114.36,103.39,95,62,72,64,22.0,1.0,13.24,11.91,25.31
CHCI,167.89,179.72,200.19,166.26,154.12,125.73,95,92,91,83,16.2,0.81,14.59,10.36,1.55
ACFN,167.51,176.0,184.43,197.92,157.61,203.66,95,95,92,95,28.8,0.92,25.43,19.22,2.42
MPAA,167.21,169.42,165.0,182.72,174.73,173.95,95,94,94,93,16.56,1.0,13.37,10.33,5.07
RZLT,166.9,174.41,168.55,140.92,97.96,205.73,95,89,19,95,7.7,0.91,6.59,4.78,4.85
AGX,166.58,166.58,161.92,196.6,244.0,221.72,95,95,96,95,260.64,1.0,227.06,176.44,1.42
NNE,166.56,166.56,162.53,206.25,329.19,320.81,95,95,98,97,46.31,1.0,34.87,30.3,3.89
NEPH,166.34,181.53,208.36,286.74,211.4,86.6,95,97,96,11,4.18,0.77,3.86,2.56,2.44
MSGM,166.18,166.18,184.47,267.23,247.09,86.44,95,97,97,11,2.89,0.69,3.13,2.14,0.41
WBD,165.97,182.96,178.5,141.45,124.32,121.91,95,89,82,81,19.33,0.99,13.13,10.85,2.23
STTK,165.73,165.73,131.05,72.58,76.91,83.54,95,5,7,10,2.28,0.49,1.12,1.1,0.14
ARMN,165.61,175.13,182.48,154.09,162.42,116.04,95,91,92,77,9.51,0.95,7.88,5.63,6.03
NGD,165.09,171.44,179.91,171.56,184.19,144.09,95,93,94,89,6.65,0.98,5.28,3.94,2.76
MEGL,165.02,178.7,186.23,242.11,364.63,322.29,95,96,98,97,1.56,0.69,1.47,1.23,0.44
CNFR,164.83,214.69,117.88,103.21,92.9,109.15,95,66,15,71,1.63,0.75,0.92,0.88,0.31
NEWP,164.62,164.62,136.06,125.93,116.38,99.64,95,83,75,22,2.49,1.0,1.79,1.4,1.67
PRIM,164.58,164.58,163.87,157.64,118.36,164.32,95,91,77,92,128.82,1.0,107.13,80.75,1.92
COOP,164.49,178.01,180.18,169.89,171.7,121.28,95,93,93,81,214.45,0.95,184.99,132.61,1.47
CCG,164.09,164.51,119.88,90.58,124.4,122.22,95,14,82,81,1.49,0.99,0.91,0.89,2.6
ASYS,163.81,171.75,163.46,114.88,94.17,97.61,95,77,16,20,9.04,0.93,5.88,4.98,1.74
SGHC,163.7,185.81,191.31,227.1,204.1,216.68,95,96,95,95,11.76,0.86,11.63,8.73,1.93
SOUN,163.46,163.46,175.46,199.0,167.84,564.69,95,95,93,98,16.25,0.59,13.0,12.13,1.58
TDTH,162.58,199.98,199.98,396.64,73.79,87.83,95,98,6,12,0.92,0.2,1.03,0.96,0.12
ESPR,162.56,166.64,160.47,158.55,81.06,101.66,95,91,8,62,2.66,0.62,1.96,1.67,1.81
ONMD,162.41,162.41,144.33,132.3,66.86,194.33,95,86,4,94,0.94,0.55,0.68,0.72,0.08
ELTX,162.38,166.29,194.97,200.01,154.14,166.06,95,95,91,92,11.32,0.94,10.28,7.64,0.63
AIIO,161.94,199.92,164.05,311.91,275.9,77.79,95,97,97,7,1.64,0.55,1.43,1.07,6.65
KRRO,161.68,161.68,150.42,78.74,53.51,96.4,95,7,3,19,36.05,0.36,20.98,23.71,1.22
IAG,161.56,163.28,164.98,140.58,191.43,153.67,95,88,95,91,11.34,0.99,8.49,6.88,2.4
ADPT,160.87,170.29,183.34,211.72,210.23,192.14,95,95,96,94,13.36,0.96,12.05,9.21,1.37
MASS,160.52,160.52,172.07,196.34,212.66,134.71,94,94,96,86,7.3,0.89,6.44,4.69,2.5
USAU,160.36,165.19,165.19,173.55,212.74,187.08,94,93,96,94,15.93,1.0,12.35,10.15,1.88
STEC,159.78,191.68,280.58,143.48,245.58,246.78,94,89,97,96,1.44,0.41,0.9,0.98,0.06
AZ,159.45,170.53,191.41,424.16,424.13,393.42,94,98,98,98,8.66,0.68,9.55,8.2,1.56
ESEA,159.44,170.95,174.79,172.0,144.67,108.64,94,93,89,70,62.54,0.96,56.32,37.73,0.73
YSG,159.42,163.93,221.12,279.55,213.08,168.35,94,97,96,92,9.92,0.87,9.52,6.16,0.46
WWW,159.39,167.0,179.85,160.31,119.42,180.27,94,92,78,93,30.09,0.9,27.0,19.91,1.67
CPSH,159.39,171.66,180.72,186.32,194.23,110.72,94,94,95,72,3.45,0.92,3.07,2.2,1.21
THTX,159.34,172.82,178.13,199.45,214.33,131.06,94,95,96,85,3.3,1.0,3.22,2.34,1.12
AVTX,159.05,161.51,175.05,138.9,108.41,103.54,94,88,29,64,11.83,0.76,8.67,7.03,1.23
LIVE,158.84,160.7,149.07,166.89,212.78,58.91,94,92,96,3,17.82,0.65,16.68,12.83,0.55
BLDP,158.26,158.26,132.18,129.04,101.96,78.36,94,85,22,8,2.74,1.0,1.97,1.56,1.62
SEZL,157.98,165.68,177.17,616.31,537.01,472.92,94,99,98,98,91.6,0.43,111.41,79.28,1.08
RSI,157.5,161.04,172.48,155.92,127.98,192.23,94,91,84,94,22.02,0.98,18.96,14.51,1.17
PARR,157.29,162.73,182.04,186.12,153.53,72.46,94,94,91,6,34.97,0.95,32.13,21.44,1.89
HIVE,157.07,160.63,149.15,97.48,79.09,88.76,94,58,8,13,3.79,0.63,2.6,2.39,1.21
TATT,156.98,156.98,149.13,155.84,200.1,200.46,94,91,95,94,41.29,0.99,35.29,29.72,1.66
NIO,156.71,156.71,157.18,112.4,106.62,106.62,94,75,27,68,7.37,0.98,5.4,4.43,0.9
BLZE,156.62,156.62,153.21,117.17,93.49,96.1,94,78,15,18,9.99,1.0,7.24,6.12,2.86
TPB,156.15,156.48,155.02,163.64,181.07,176.19,94,92,94,93,102.2,0.99,91.77,71.43,2.12
RFIL,155.89,161.47,187.83,189.28,141.54,144.85,94,94,89,89,7.75,0.82,7.34,5.19,0.86
FEIM,155.85,162.17,198.01,189.54,162.19,172.75,94,94,92,93,30.74,0.84,28.24,20.25,1.32
EQX,155.77,155.77,156.23,126.56,132.8,126.26,94,84,85,83,10.8,0.97,7.83,6.68,4.31
NEOV,155.57,155.57,138.52,175.73,125.2,243.06,94,93,82,96,5.71,0.98,4.45,3.65,2.32
TAOX,155.54,171.44,264.6,327.22,149.03,90.75,94,98,90,14,5.83,0.46,7.28,4.2,1.08
BGLC,155.2,165.17,161.0,350.48,118.92,96.24,94,98,78,18,5.37,0.36,5.37,3.83,0.03
OR,155.09,155.09,155.11,140.79,147.28,114.49,94,89,90,76,37.21,1.0,30.93,23.81,4.21
IESC,155.04,157.62,161.06,169.4,154.06,198.47,94,92,91,94,379.42,0.99,343.99,257.22,1.45
BBW,154.64,169.33,167.96,150.75,152.67,156.23,94,90,91,91,73.06,0.94,58.23,45.73,2.07
PDYN,154.46,165.87,224.33,315.42,359.34,958.46,94,97,98,99,7.9,0.54,8.22,7.55,1.18
ATRO,154.31,157.66,167.63,161.81,166.16,144.07,94,92,93,89,41.6,0.92,36.12,26.6,1.11
IBEX,154.21,158.87,158.87,134.0,164.65,147.08,94,87,92,89,40.94,0.96,30.68,26.35,1.94
HNRG,154.03,154.03,151.59,182.2,224.66,151.87,94,94,96,90,19.49,0.88,17.08,14.24,1.23
CECO,153.86,159.0,163.29,163.65,108.78,119.92,94,92,29,80,48.89,0.93,42.96,30.79,3.68
HOUS,153.83,162.19,153.11,136.0,99.93,86.8,94,87,21,11,7.07,0.94,5.52,4.09,2.39
BELFB,153.61,166.48,174.37,167.21,114.48,118.99,94,92,72,79,142.08,0.9,129.07,91.87,1.66
ORCL,153.38,153.38,180.03,152.71,136.83,120.07,94,91,87,80,308.66,0.9,251.7,187.8,2.22
IVVD,153.35,161.76,161.76,111.49,99.74,147.6,94,74,21,90,1.22,0.49,0.87,0.79,0.28
DSWL,153.33,159.29,171.7,146.56,110.93,103.95,94,90,32,65,4.08,0.89,3.45,2.59,0.32
CAR,152.92,161.68,161.68,219.28,162.59,82.09,94,96,92,9,157.66,0.67,168.04,115.36,2.0
IDCC,152.89,156.66,153.22,147.27,159.05,159.02,94,90,92,91,334.81,0.98,267.83,220.57,2.58
TIGO,152.83,152.83,162.9,147.54,149.94,138.85,94,90,90,88,49.68,1.0,44.12,33.01,2.74
MESO,152.83,152.83,144.87,142.73,249.93,412.43,94,89,97,98,17.01,0.73,14.92,13.99,4.85
ATHE,152.69,163.67,222.79,268.01,244.29,293.07,94,97,96,97,4.48,0.62,5.05,4.01,0.11
HRTG,152.67,152.67,137.68,190.89,272.9,134.51,94,94,97,86,28.4,1.0,22.35,17.88,4.02
BRLT,152.12,166.27,194.97,126.65,82.25,92.22,94,84,9,15,2.47,0.75,1.95,1.56,0.08
CMPX,152.12,165.97,175.49,181.71,155.14,242.38,94,94,91,96,3.39,0.8,3.17,2.48,5.56
KE,151.87,159.2,151.26,139.33,99.91,87.91,94,88,21,12,31.59,0.92,24.49,19.31,3.01
NTHI,151.76,151.76,110.99,95.42,114.01,101.26,94,37,53,42,11.99,0.65,6.35,6.72,3.45
AMRC,151.74,151.74,147.36,129.64,88.56,89.01,94,85,12,13,30.81,0.74,22.32,18.27,1.81
PBPB,151.66,158.18,157.34,138.79,125.08,139.0,94,88,82,88,17.01,1.0,13.2,11.12,0.84
SEI,151.63,151.63,137.37,201.12,194.09,308.08,94,95,95,97,37.63,1.0,30.03,26.93,2.76
APM,151.62,156.93,382.58,138.99,93.76,99.66,94,88,16,22,1.78,0.33,1.73,1.2,0.01
INSM,151.24,159.12,181.87,162.78,150.6,181.36,94,92,91,93,144.76,0.97,123.42,88.46,2.1
MRCY,151.11,154.69,149.65,143.56,147.09,138.41,94,89,90,88,75.77,0.97,61.83,49.65,2.39
CTNM,151.04,176.37,158.95,120.15,58.53,79.34,94,80,3,8,12.5,0.55,8.19,7.75,3.61
ETON,150.96,155.39,161.93,196.14,305.59,334.32,94,94,97,97,18.34,0.87,16.28,15.34,1.23
JFU,150.9,160.77,158.27,121.55,88.19,86.33,94,81,12,11,2.62,0.77,2.02,1.58,0.48
NCSM,150.83,162.19,174.54,125.11,192.18,169.49,93,83,95,92,49.15,0.93,36.73,31.27,1.44
EYPT,150.6,153.88,163.47,158.62,114.81,76.35,93,91,73,7,13.25,0.91,11.4,8.27,3.14
MTEN,150.34,164.59,167.56,511.93,287.37,138.55,93,98,97,88,11.47,0.44,13.87,9.2,2.86
CVM,150.33,188.13,231.91,76.45,47.36,51.38,93,6,2,3,8.67,0.21,8.41,9.07,0.41
B,150.24,150.24,140.32,124.94,131.15,114.49,93,83,85,76,32.99,1.0,24.72,19.87,4.35
REKR,150.17,150.17,95.61,112.45,124.03,156.2,93,75,81,91,1.79,0.57,1.2,1.24,4.04
NCRA,149.9,149.9,155.28,168.42,119.48,96.31,93,92,78,18,1.53,0.83,1.5,1.1,0.57
ALEC,149.74,155.15,144.19,126.19,68.96,45.15,93,83,5,2,3.03,0.41,2.17,1.69,1.89
DQ,149.58,152.14,166.32,138.32,108.06,112.6,93,88,28,74,27.22,0.88,23.54,18.78,1.02
CHRS,149.51,149.51,124.19,105.82,92.1,104.18,93,69,14,65,1.61,0.9,1.09,1.08,1.99
SAND,149.43,155.15,154.78,150.62,163.95,123.72,93,90,92,82,11.99,0.98,10.55,8.08,1.87
RHLD,148.79,150.65,145.93,130.87,114.01,101.26,93,85,53,42,69.95,0.91,54.43,40.07,1.7
IRTC,148.74,158.51,169.03,156.85,161.07,132.92,93,91,92,86,175.02,0.91,159.64,125.81,1.18
LYFT,148.56,152.09,124.85,118.35,126.93,101.72,93,79,83,62,22.58,0.98,16.09,14.37,1.32
PSNYW,148.48,168.01,274.1,89.35,120.5,133.43,93,13,79,86,0.3,0.49,0.22,0.19,0.06
EVI,148.32,148.32,145.16,135.98,108.1,108.1,93,87,28,70,31.31,1.0,25.41,19.89,5.29
SPPL,148.0,148.0,124.6,87.35,100.66,259.61,93,12,21,96,5.79,0.31,3.38,4.35,5.2
UROY,147.99,147.99,141.75,127.25,116.7,85.72,93,84,75,11,3.71,1.0,2.92,2.33,0.9
RYTM,147.9,154.85,170.16,159.12,135.58,123.43,93,91,86,82,96.06,0.85,94.79,67.84,2.24
MBI,147.74,152.91,152.91,130.21,103.46,138.87,93,85,24,88,7.8,0.93,6.43,5.66,2.41
AVAV,147.73,153.4,132.89,172.25,118.28,97.01,93,93,77,19,278.55,0.96,254.91,188.09,1.66
UP,147.62,147.62,207.05,116.03,103.32,75.93,93,78,24,7,2.5,0.69,1.87,1.51,1.39
NTWK,147.26,172.57,153.72,148.06,109.49,95.25,93,90,30,18,4.57,0.79,4.2,3.03,1.25
GLW,147.16,149.56,146.29,130.35,120.29,126.54,93,85,79,83,79.56,1.0,64.9,52.05,1.51
REVG,147.04,164.02,167.63,156.86,147.73,141.01,93,91,90,88,58.92,0.87,52.95,39.51,2.09
VIVS,146.78,150.85,126.65,64.79,56.07,222.59,93,4,3,95,4.15,0.2,2.32,3.19,0.33
TRVI,146.52,171.59,203.67,178.7,213.13,239.21,93,93,96,96,8.15,0.78,7.54,5.83,3.44
RMNI,146.46,158.27,162.2,176.32,175.61,180.64,93,93,94,93,4.59,0.82,4.44,3.51,1.27
IHRT,145.83,152.78,137.01,137.05,113.49,124.62,93,88,34,83,3.03,0.97,2.15,1.85,3.52
MUX,145.55,145.55,154.78,127.24,107.31,91.03,93,84,28,14,14.52,1.0,11.62,9.03,1.79
LCFY,145.55,145.55,129.9,171.97,121.92,185.18,93,93,80,94,6.64,0.58,5.21,5.57,0.04
ENLT,145.3,149.21,150.94,146.78,118.22,105.55,93,90,77,67,29.17,0.97,26.46,19.86,0.42
MGNI,145.28,145.28,150.25,184.24,126.83,170.42,93,94,83,92,25.92,0.97,23.68,17.86,2.76
TOYO,144.77,163.06,156.5,197.28,101.93,104.82,93,95,22,66,5.78,0.89,4.92,3.65,0.87
ALNY,144.62,152.47,162.13,155.79,142.39,124.68,93,91,89,83,453.56,0.89,412.42,303.19,1.43
EPRX,144.54,149.57,154.02,181.81,150.7,138.8,93,94,91,88,5.96,0.98,5.37,4.1,2.49
PSTG,144.48,147.63,138.13,105.13,101.29,125.71,93,68,22,83,87.87,1.0,65.31,58.41,1.57
ANET,144.36,144.36,150.41,135.26,110.4,145.05,93,87,31,89,149.61,0.96,130.29,104.92,1.88
VSTA,144.21,144.21,137.42,146.31,198.21,135.87,93,90,95,87,4.93,0.96,4.32,3.7,5.04
IONS,144.05,151.91,153.59,116.68,96.04,84.83,93,78,17,10,61.01,0.91,47.71,37.22,1.31
CCJ,143.74,146.56,140.77,150.62,142.64,107.1,93,90,89,69,86.18,1.0,77.21,58.3,1.79
NEM,143.72,143.72,148.76,134.82,138.24,118.3,93,87,88,79,81.72,1.0,69.0,52.89,3.78
DC,143.71,148.49,151.77,152.28,145.02,137.48,93,91,90,87,4.77,0.95,4.18,3.2,2.78
SSSS,143.67,145.66,160.05,176.98,150.51,140.89,93,93,91,88,9.15,0.98,8.64,6.54,1.52
AEM,143.57,143.57,144.43,138.17,178.0,148.57,93,88,94,90,161.19,1.0,136.17,110.92,3.27
MGIH,143.5,149.1,149.1,101.38,115.07,177.02,93,63,73,93,2.59,0.76,1.82,1.65,6.95
HITI,143.47,150.79,142.14,119.52,103.42,146.93,93,80,24,89,3.79,0.92,2.86,2.62,1.43
OMH,143.28,160.77,243.76,217.54,905.58,512.86,93,95,99,98,1.25,0.3,1.24,1.33,0.67
LTRX,143.0,148.23,173.91,117.98,77.22,102.81,93,79,7,63,4.77,0.93,3.66,3.07,1.06
APH,142.87,142.87,144.87,139.74,137.11,115.89,93,88,87,77,123.94,1.0,109.32,83.95,1.8
TNYA,142.83,142.83,158.08,139.89,64.28,58.44,93,88,4,3,1.41,0.3,0.99,0.98,1.6
MRM,142.64,142.64,145.43,208.38,148.85,27.42,93,95,90,1,1.76,0.39,1.67,1.22,0.06
AVGO,142.57,163.37,176.15,150.76,155.84,149.98,93,90,91,90,344.94,0.89,307.59,238.51,1.86
SE,142.55,147.69,147.69,151.58,178.15,181.61,93,90,94,93,192.76,0.97,172.4,142.31,0.73
MIRM,142.52,144.92,156.42,138.75,138.29,140.91,93,88,88,88,74.38,0.92,63.99,50.22,2.05
EGAN,142.34,145.19,131.42,116.99,115.41,110.56,93,78,74,72,9.05,1.0,6.68,5.86,4.99
AUPH,141.99,141.99,149.19,150.05,134.31,126.17,93,90,86,83,13.0,1.0,11.14,8.95,1.14
AVAH,141.94,146.69,151.62,132.3,162.58,152.68,93,86,92,91,8.1,0.92,6.27,5.24,1.97
AQST,141.84,141.84,136.02,130.15,106.2,104.38,92,85,26,66,5.67,1.0,4.24,3.39,6.8
PHAR,141.8,142.84,154.35,133.03,144.64,107.22,92,86,89,69,14.88,0.95,12.41,10.1,0.95
BTM,141.79,155.97,182.55,362.55,381.49,94.38,92,98,98,17,3.66,0.48,4.45,2.87,1.1
WRAP,141.78,141.78,107.75,86.98,122.93,132.46,92,11,81,86,2.59,1.0,1.52,1.71,5.84
AAUC,141.74,145.08,150.22,144.41,165.6,129.34,92,89,93,85,15.8,1.0,13.7,11.35,3.44
JBDI,141.45,211.98,231.04,122.29,150.96,94.05,92,82,91,17,1.45,0.5,1.14,0.89,0.11
CTMX,141.26,150.23,174.99,310.57,306.64,74.44,92,97,97,6,1.98,0.61,2.16,1.48,1.35
HBM,140.99,143.56,146.53,123.06,121.45,115.08,92,82,80,77,13.88,1.0,11.14,9.09,0.89
MAZE,140.98,143.2,142.94,131.24,114.01,101.26,92,86,53,42,22.94,0.89,16.17,12.75,5.91
ASMB,140.94,140.94,175.18,171.21,121.82,122.62,92,93,80,81,24.46,0.87,21.99,15.78,6.19
EM,140.92,143.75,143.04,133.02,168.9,162.16,92,86,93,92,1.35,0.97,1.24,1.09,0.18
SKE,140.73,154.26,154.89,191.69,190.07,175.87,92,94,95,93,18.07,0.94,16.17,12.48,3.66
SHLS,140.71,141.49,144.74,133.78,120.21,81.42,92,87,79,9,7.29,0.95,6.02,4.82,1.33
SGN,140.49,140.49,132.81,171.59,74.64,29.99,92,93,6,1,2.18,0.07,1.69,1.68,0.33
TRIB,140.44,144.1,159.96,166.81,70.76,60.0,92,92,5,3,1.19,0.4,1.09,0.84,0.02
NXT,140.27,140.27,139.29,148.87,140.85,115.14,92,90,88,77,71.35,1.0,63.37,50.79,2.55
SPHR,140.19,145.39,139.15,122.87,103.95,105.6,92,82,24,67,59.71,0.95,46.13,39.76,1.4
VRME,140.09,140.09,105.87,126.26,93.77,301.26,92,84,16,97,1.28,0.19,0.88,0.96,2.69
BABA,140.05,141.02,133.81,115.14,177.07,178.08,92,77,94,93,162.81,0.96,128.36,115.0,1.01
BAOS,140.01,140.01,130.98,136.39,168.52,247.49,92,87,93,96,3.47,0.35,2.9,2.68,0.25
PPTA,139.81,144.95,165.29,172.35,200.13,211.62,92,93,95,95,18.31,0.92,17.07,13.32,3.3
CRGO,139.81,146.64,146.73,148.73,124.93,205.47,92,90,82,95,3.23,0.67,3.04,2.73,2.39
CMPO,139.52,142.46,150.91,155.56,148.52,187.4,92,91,90,94,19.77,0.96,17.24,13.7,2.39
PLAG,139.18,139.18,92.56,109.27,147.92,124.23,92,72,90,82,2.08,0.42,1.7,1.85,1.45
DAKT,139.14,151.94,148.9,111.93,110.3,148.07,92,74,31,90,22.14,0.85,17.69,15.63,3.11
EXK,139.0,139.0,159.01,145.88,149.27,150.41,92,90,90,90,6.76,1.0,5.75,4.46,2.52
MIR,138.82,141.85,136.38,151.83,154.66,149.8,92,91,91,90,24.44,0.99,21.55,18.03,3.55
INHD,138.53,179.25,382.65,46.28,174.19,91.93,92,2,94,15,4.02,0.34,2.84,3.81,0.04
SURG,138.48,153.41,148.69,173.76,185.3,65.51,92,93,94,4,2.94,0.79,2.77,2.3,1.14
CENX,138.44,138.44,131.41,129.43,125.75,130.25,92,85,82,85,27.57,1.0,22.54,19.48,2.39
FN,138.41,138.41,151.03,143.51,108.85,110.76,92,89,29,72,383.13,1.0,329.38,251.29,1.39
OLMA,138.38,144.51,132.19,84.92,78.47,47.55,92,10,7,2,8.17,0.48,5.79,5.29,2.21
WYY,138.37,138.37,136.16,98.28,173.88,155.81,92,59,93,91,5.5,0.82,4.02,3.91,1.09
AIRE,138.23,172.36,172.36,77.4,114.41,253.04,92,7,72,96,0.99,0.24,0.5,0.95,0.92
WF,138.04,140.92,140.6,161.72,135.3,109.47,92,92,86,71,57.57,0.99,54.37,40.33,0.51
BWAY,137.86,151.73,153.52,146.79,136.21,143.96,92,90,87,89,15.47,0.84,13.72,11.02,0.83
ARTW,137.85,151.51,198.05,246.8,115.16,176.24,92,96,74,93,2.76,0.42,3.19,2.12,0.31
TLSA,137.82,137.82,166.4,220.51,200.21,202.55,92,96,95,94,1.82,0.63,1.88,1.32,0.68
CALX,137.74,144.1,149.2,139.49,138.16,112.04,92,88,88,74,62.86,0.97,57.69,44.3,2.25
DGNX,137.7,137.7,118.27,232.3,754.27,101.26,92,96,99,42,13.6,0.78,7.68,8.1,2.43
BBBY,137.68,138.55,148.78,166.41,91.4,87.71,92,92,14,12,9.52,0.76,9.26,6.81,0.79
TGB,137.58,137.58,141.09,153.81,141.6,116.14,92,91,89,77,3.76,1.0,3.32,2.52,0.97
AISP,137.42,137.42,131.18,151.31,150.61,222.41,92,90,91,95,5.86,0.79,5.03,4.67,1.45
GSAT,137.31,137.31,155.87,128.93,110.45,150.88,92,85,31,90,35.1,0.87,28.11,24.65,1.85
CEP,137.3,137.3,158.38,273.87,403.31,102.36,92,97,98,63,22.34,0.31,26.17,21.08,0.75
TVTX,137.28,137.28,160.38,114.16,191.25,217.06,92,76,95,95,24.85,0.82,18.48,18.28,2.15
SITM,137.26,137.26,126.1,133.02,140.44,181.97,92,86,88,93,312.85,1.0,225.59,201.56,2.09
LENZ,137.15,140.83,136.94,143.82,133.47,200.06,92,89,86,94,42.27,1.0,36.63,29.53,1.79
DDS,137.06,139.36,137.73,123.04,105.78,122.36,92,82,26,81,598.95,0.99,513.81,433.95,1.31
SKYE,137.03,137.03,130.0,181.47,63.63,68.0,92,94,4,5,4.0,0.62,3.71,2.88,0.94
SBH,136.94,140.72,132.18,119.92,92.1,87.5,92,80,14,12,15.51,0.97,12.48,10.38,1.86
BIDU,136.91,136.91,114.28,94.42,107.21,111.83,92,18,28,74,135.35,0.96,95.88,89.93,1.34
FTHM,136.83,187.23,187.37,118.68,97.63,64.82,92,79,19,4,2.0,0.56,1.66,1.31,3.37
SINT,136.79,136.79,154.06,109.13,93.4,111.06,92,72,15,73,4.93,0.69,3.44,3.2,0.26
EGO,136.78,139.28,141.44,128.41,139.51,102.07,92,85,88,62,27.91,0.98,23.29,18.72,3.59
OWLT,136.77,137.26,143.59,217.13,153.52,109.48,92,95,91,71,8.17,0.81,7.71,5.64,4.7
PBT,136.68,144.83,149.04,141.74,104.6,91.91,92,89,25,15,17.79,0.93,15.54,12.08,0.78
ESP,136.66,153.5,155.57,173.55,156.94,125.48,92,93,92,83,45.99,0.82,46.56,34.52,2.61
URG,136.58,136.58,149.52,133.66,101.7,82.93,91,86,22,9,1.65,1.0,1.34,1.04,4.82
SNES,136.51,165.9,172.53,213.89,136.6,87.22,91,95,87,12,4.86,0.73,4.94,3.4,1.11
DLO,136.44,138.3,136.47,152.2,115.64,125.2,91,91,74,83,14.99,0.92,12.63,10.9,0.75
LRCX,136.32,136.32,128.29,121.83,109.24,99.46,91,81,29,22,126.92,1.0,103.39,85.23,2.09
GH,136.17,136.17,170.74,150.99,185.1,198.27,91,90,94,94,59.15,0.82,54.11,45.65,1.07
APYX,136.16,143.15,135.89,198.63,133.49,112.88,91,95,86,75,2.29,0.83,2.1,1.63,0.84
CMBM,135.42,135.42,122.91,178.04,64.83,69.22,91,93,4,5,0.86,0.36,0.79,0.72,0.55
AEO,135.37,146.28,139.47,83.1,69.97,75.01,91,9,5,7,18.87,0.78,13.62,12.99,0.68
OPTT,135.2,144.94,167.49,226.95,248.39,637.66,91,96,97,99,0.53,0.27,0.55,0.56,0.75
AIRS,135.0,135.0,130.7,200.32,136.74,109.13,91,95,87,71,6.55,0.7,6.16,4.76,2.47
MCRB,135.0,139.82,175.79,148.12,91.99,98.45,91,90,14,20,17.45,0.65,16.23,13.74,1.09
FGEN,134.94,142.35,131.3,112.82,68.8,137.77,91,75,5,87,11.31,0.43,9.49,9.52,0.7
AG,134.86,140.92,144.32,142.47,136.67,121.57,91,89,87,81,10.62,0.97,9.0,7.03,1.79
TRS,134.81,136.14,142.67,137.18,109.49,99.13,91,88,30,21,39.92,1.0,35.86,27.33,1.73
JOYY,134.5,134.5,137.47,138.37,134.56,142.13,91,88,86,88,62.63,0.96,54.67,45.95,1.85
TTI,134.48,134.48,136.94,114.31,110.51,122.25,91,76,31,81,5.3,1.0,4.19,3.65,2.15
UPWK,134.41,134.41,115.0,100.39,130.79,133.77,91,62,85,86,20.07,1.0,14.47,14.89,2.95
NRG,134.39,139.6,139.6,167.87,173.41,141.01,91,92,93,88,164.36,0.9,154.41,124.6,1.56
STIM,134.27,160.39,207.63,216.91,379.86,452.96,91,95,98,98,2.78,0.45,3.68,3.49,0.95
OPRT,134.19,136.64,131.34,192.16,196.35,236.93,91,94,95,96,7.1,0.75,6.34,5.76,3.28
SLSR,134.17,145.38,162.1,176.81,159.21,144.67,91,93,92,89,5.17,0.82,5.22,4.12,0.94
OCGN,134.15,140.45,111.8,127.29,138.69,82.97,91,84,88,9,1.34,0.93,1.06,0.85,1.95
BZ,134.12,138.39,152.27,128.59,132.46,131.35,91,85,85,85,24.28,0.95,21.65,17.61,0.83
SWAG,133.97,151.2,147.98,149.14,141.54,92.38,91,90,89,15,1.8,0.88,1.62,1.22,0.41
WAVE,133.95,138.05,140.94,155.79,243.53,705.51,91,91,96,99,8.52,0.42,8.14,8.04,1.16
FLEX,133.9,138.8,139.73,147.37,129.21,135.26,91,90,84,87,58.65,1.0,52.76,42.85,2.09
CNTB,133.89,143.67,216.88,233.66,97.78,87.24,91,96,19,12,1.57,0.56,1.89,1.15,0.1
KUKE,133.88,156.28,330.33,325.36,852.26,344.63,91,98,99,97,1.48,0.3,2.06,2.0,1.13
NMRK,133.69,136.66,135.45,124.11,103.05,109.62,91,82,23,71,19.23,0.96,16.37,13.44,2.67
LTM,133.67,139.59,152.21,140.73,127.31,112.61,91,88,83,74,47.17,0.84,45.37,35.16,0.33
NTES,133.59,139.53,130.85,139.25,137.33,117.72,91,88,87,78,152.05,0.91,136.13,113.16,1.0
ELAN,133.44,133.44,130.77,126.61,106.52,83.63,91,84,27,10,19.2,1.0,16.69,12.99,1.12
WYNN,133.42,133.42,134.2,123.01,116.46,97.35,91,82,75,19,129.52,1.0,114.66,93.59,1.73
SCPH,133.28,133.28,137.09,156.9,111.54,77.19,91,91,32,7,5.63,0.95,5.2,3.74,1.5
MATV,133.11,138.74,146.15,131.74,71.8,63.37,91,86,6,4,12.28,0.58,9.98,8.05,1.98
TSSI,133.02,149.09,179.6,544.12,610.29,1579.12,91,98,99,99,15.91,0.41,19.32,14.48,1.06
LAUR,132.96,138.94,138.94,125.55,136.98,120.61,91,83,87,80,29.89,1.0,25.86,21.69,2.09
NVRI,132.74,139.74,136.73,120.72,107.91,103.04,91,81,28,64,12.28,0.97,10.27,8.3,1.67
STRT,132.57,136.48,136.08,199.47,153.67,144.94,91,95,91,89,70.45,0.77,67.16,50.71,1.29
NRXP,132.56,132.56,138.47,170.16,183.72,218.19,91,93,94,95,2.97,0.46,2.78,2.58,0.89
COGT,132.51,140.87,171.91,174.17,89.34,110.9,91,93,13,73,11.97,0.88,12.02,8.27,3.2
KEP,132.14,138.54,147.37,184.93,144.13,100.91,91,94,89,23,13.11,0.79,13.7,9.96,3.03
JBL,131.91,136.97,138.55,164.51,154.17,127.18,91,92,91,84,224.34,0.95,216.61,172.8,2.14
FNV,131.68,131.68,127.55,120.61,153.23,130.17,91,81,91,85,213.93,1.0,177.75,155.62,3.03
XPEV,131.61,131.61,167.21,154.13,244.52,265.21,91,91,97,96,21.66,0.74,20.05,18.43,0.57
GOOG,131.59,131.59,126.97,108.84,100.11,111.89,91,72,21,74,255.24,1.0,209.29,184.16,1.73
CG,131.57,135.29,134.99,129.36,106.87,111.64,91,85,27,73,68.17,0.97,62.92,50.85,3.96
DRTS,131.52,131.52,125.08,121.55,124.47,156.54,91,81,82,91,4.09,0.95,3.32,3.08,1.34
CIB,131.3,133.83,139.25,136.19,154.51,142.3,91,87,91,88,51.88,0.94,48.14,40.09,1.28
PAYS,131.3,141.62,145.35,277.52,160.07,83.5,91,97,92,10,5.62,0.56,6.26,4.09,1.39
ATAT,131.03,131.48,143.25,142.86,145.62,147.41,91,89,90,90,40.08,1.0,36.56,30.37,0.88
SNT,130.85,141.35,147.84,187.04,187.12,248.99,91,94,95,96,4.49,0.85,4.4,3.81,0.75
BWXT,130.77,134.54,140.9,149.55,133.57,111.7,91,90,86,73,174.5,0.92,161.15,126.13,2.04
NVMI,130.66,133.62,121.68,133.15,110.43,131.67,91,86,31,85,309.59,0.99,270.54,230.21,5.33
LNSR,130.63,130.63,147.79,172.75,326.17,326.17,91,93,98,97,12.38,0.65,12.69,12.09,1.95
HLIO,130.62,132.95,134.69,124.65,75.77,94.2,91,83,7,17,54.35,0.95,47.34,39.57,1.32
FTK,130.55,133.12,145.38,218.6,264.53,209.59,91,96,97,95,13.02,0.7,12.19,10.6,3.42
FLUX,130.48,152.55,93.6,111.31,92.89,73.0,90,74,15,6,2.58,0.66,1.82,1.7,1.03
SKIN,130.48,158.42,150.55,148.32,110.46,83.84,90,90,31,10,2.28,0.81,2.01,1.63,1.64
SPNS,130.23,132.01,136.47,136.51,96.76,90.2,90,87,18,14,43.02,1.0,36.36,29.49,0.5
INTG,130.1,134.66,134.66,94.65,93.46,74.26,90,18,15,6,18.9,0.9,14.0,13.23,3.99
NVT,130.09,130.71,130.68,129.46,103.1,96.12,90,85,23,18,98.99,1.0,87.08,69.78,1.97
FIVE,130.09,135.11,144.6,158.54,133.01,84.55,90,91,86,10,151.99,0.97,141.24,107.69,1.7
XOMA,130.0,135.85,132.12,109.49,101.89,106.03,90,72,22,67,36.7,0.94,30.81,26.25,2.6
SFIX,129.97,133.42,125.77,131.55,124.52,161.49,90,86,82,92,5.67,0.78,5.06,4.39,1.48
RERE,129.9,138.09,166.72,156.26,144.45,158.6,90,91,89,91,4.2,0.81,4.0,3.13,0.43
LC,129.87,134.21,131.59,123.1,102.81,167.6,90,82,23,92,17.62,0.97,15.36,13.24,1.08
SIGA,129.84,131.67,137.2,138.16,105.87,91.48,90,88,26,14,8.78,0.85,8.02,6.25,1.57
QMCO,129.84,129.84,117.59,108.4,213.23,1193.4,90,71,96,99,11.88,0.13,8.08,15.76,19.24
ATRA,129.79,129.79,145.86,155.29,99.58,169.92,90,91,20,92,12.05,0.53,11.6,9.34,1.36
PPIH,129.7,205.0,229.94,204.58,168.96,153.41,90,95,93,91,23.84,0.62,26.55,17.88,1.83
LIQT,129.55,144.6,122.2,127.42,91.64,74.23,90,84,14,6,2.56,0.65,2.13,1.77,2.33
MGIC,129.53,137.36,150.34,167.13,144.36,130.74,90,92,89,85,19.9,0.84,20.37,15.42,2.34
PAAS,129.52,133.75,136.15,131.57,142.18,138.63,90,86,89,88,36.46,0.96,31.82,26.36,3.57
SHIM,129.5,138.76,151.65,125.39,83.07,101.07,90,83,9,23,2.81,0.74,2.48,2.14,1.16
NMG,129.47,130.61,122.13,114.09,115.05,118.32,90,76,73,79,2.27,0.94,1.97,1.79,1.25
CLSK,129.41,129.41,94.54,124.31,94.07,91.72,90,82,16,15,13.62,0.63,10.79,9.99,2.11
OPFI,129.39,139.78,132.17,243.39,261.47,412.52,90,96,97,98,11.74,0.62,10.8,10.65,1.18
OPXS,129.35,141.09,136.97,188.74,143.86,119.61,90,94,89,80,12.63,0.84,11.95,8.52,1.17
ATLC,129.24,146.16,139.12,126.54,154.34,163.21,90,84,91,92,70.25,0.86,60.25,55.77,3.27
TBBK,129.21,133.35,132.6,129.59,128.71,128.53,90,85,84,84,78.07,0.96,70.01,57.72,1.82
RM,129.19,135.26,139.24,116.92,113.66,120.97,90,78,34,80,44.2,0.93,37.6,32.65,3.09
CVI,129.19,129.19,140.8,146.02,122.63,93.8,90,90,81,17,34.26,1.0,29.07,22.97,1.98
AMBA,129.03,129.21,136.12,114.82,105.89,141.34,90,77,26,88,82.93,0.96,71.78,64.84,1.99
BZUN,129.03,150.16,150.16,105.02,132.82,137.22,90,68,85,87,4.16,0.76,3.21,3.01,0.99
C,128.96,130.94,128.03,127.48,115.51,124.76,90,84,74,83,102.68,1.0,94.74,78.69,1.66
CYRX,128.96,128.96,134.06,121.18,101.13,93.6,90,81,22,16,9.97,0.93,8.39,7.18,1.01
EVR,128.95,132.35,127.22,127.21,107.81,121.36,90,84,28,81,355.88,0.97,312.23,260.06,2.62
BRFH,128.87,128.87,98.83,117.06,172.84,203.32,90,78,93,95,4.04,0.8,3.03,3.01,17.78
OCUL,128.85,134.08,147.59,145.32,118.82,118.0,90,89,78,78,12.1,0.8,12.19,9.07,1.11
SII,128.83,128.83,131.8,150.03,146.19,109.85,90,90,90,71,72.94,0.93,68.43,54.03,1.0
CCLD,128.73,144.77,147.36,120.2,110.44,255.03,90,80,31,96,3.5,0.68,2.9,2.68,1.6
FET,128.66,138.44,151.32,135.82,130.14,130.14,90,87,84,85,26.4,0.92,22.91,18.55,1.4
VIK,128.59,136.09,137.85,136.58,124.72,125.08,90,87,82,83,62.24,0.9,60.03,49.22,1.7
WT,128.53,130.5,130.5,128.35,104.35,109.59,90,85,25,71,14.67,1.0,13.38,10.59,1.11
CYBR,128.5,128.5,125.88,123.67,129.92,137.63,90,82,84,87,490.64,1.0,426.82,374.94,0.69
CX,128.46,137.21,140.21,129.09,111.23,98.79,90,85,32,21,9.07,0.89,8.65,6.77,1.17
DASH,128.33,131.03,130.69,149.64,139.79,140.05,90,90,88,88,265.29,0.96,250.13,207.77,3.18
DHX,128.12,136.84,136.67,179.43,142.85,143.45,90,93,89,89,2.87,0.8,2.71,2.25,1.23
ADCT,128.07,128.07,135.22,175.15,158.94,74.87,90,93,92,7,3.42,0.9,3.12,2.28,5.03
FROG,128.02,129.53,131.14,128.93,131.78,119.63,90,85,85,80,49.8,0.97,45.04,38.16,0.8
SEPN,127.86,127.86,128.76,128.17,114.65,92.57,90,84,73,16,15.7,0.48,12.82,12.11,2.74
BTSG,127.78,134.94,140.36,141.75,152.71,169.6,90,89,91,92,27.31,0.94,22.82,20.71,2.09
GEVO,127.77,140.38,146.68,167.24,140.43,265.09,90,92,88,96,2.02,0.44,1.59,1.49,2.47
SPRO,127.73,129.05,196.35,305.51,280.32,70.81,90,97,97,5,2.0,0.58,2.13,1.45,0.66
MDB,127.66,129.07,125.38,100.8,91.14,84.99,90,63,14,10,323.43,0.87,255.32,230.93,0.99
EDIT,127.6,133.9,122.33,175.44,115.83,72.73,90,93,74,6,2.83,0.63,2.74,1.9,1.51
SGI,127.59,133.48,134.27,124.28,121.69,120.98,90,82,80,80,85.55,0.96,79.07,65.61,1.51
ASTS,127.53,127.53,178.68,263.31,353.0,532.32,90,97,98,98,45.1,0.65,48.32,32.76,2.02
IVZ,127.52,129.98,130.55,127.8,97.64,107.11,90,84,19,69,22.49,0.99,20.97,16.98,1.71
NAGE,127.46,130.81,148.16,298.14,275.07,251.19,90,97,97,96,9.86,0.59,9.83,8.48,1.55
AEC,127.37,128.61,119.21,184.49,165.43,104.08,90,94,93,65,7.09,0.91,5.74,4.79,2.74
GNLX,127.36,127.36,128.33,135.57,145.76,158.24,90,87,90,91,4.16,0.59,3.51,3.2,1.54
VRAR,127.35,127.42,127.42,145.46,165.46,402.29,90,89,93,98,1.66,0.3,1.46,1.51,0.64
COUR,127.28,129.0,132.2,141.28,115.06,93.34,90,89,73,16,11.65,0.84,11.05,8.87,1.08
TSLA,127.21,131.96,121.86,131.34,139.95,187.27,89,86,88,94,426.07,0.8,340.27,332.77,1.06
PBYI,127.1,133.24,163.64,161.27,115.21,110.46,89,92,74,72,4.42,0.6,4.25,3.43,1.32
PLUG,127.09,127.09,125.89,135.94,65.69,105.17,89,87,4,67,2.18,0.6,1.62,1.59,2.7
SHCO,126.98,139.18,139.18,127.76,141.91,141.91,89,84,89,88,8.85,0.98,7.79,6.92,0.37
FINW,126.89,126.89,116.62,113.13,139.1,147.36,89,75,88,90,22.49,1.0,18.27,16.87,6.09
MTZ,126.6,127.58,131.02,137.41,134.85,148.03,89,88,86,90,200.96,1.0,181.55,150.9,1.74
IRD,126.57,126.57,120.36,104.24,103.8,88.18,89,67,24,12,1.52,1.0,1.21,1.07,3.75
DSS,126.52,126.52,158.68,98.85,91.4,70.52,89,60,14,5,1.4,0.66,1.08,0.95,0.17
FSM,126.48,133.81,138.66,132.81,152.66,133.43,89,86,91,86,8.16,0.94,7.21,5.93,2.16
TBPH,126.45,132.51,138.91,138.09,122.13,106.54,89,88,80,68,13.88,0.91,12.62,10.38,1.16
BVN,126.39,128.12,133.28,124.04,122.7,106.98,89,82,81,69,20.91,1.0,18.46,15.12,4.97
CORZ,126.34,129.34,124.88,168.14,142.87,204.62,89,92,89,95,16.62,0.86,14.2,12.23,0.9
FRD,126.14,126.14,128.64,101.98,118.75,106.93,89,64,78,69,22.7,1.0,18.01,16.45,4.31
KAR,125.98,127.43,129.63,140.3,119.72,119.86,89,88,78,80,29.09,0.96,27.37,22.6,2.79
NXE,125.87,125.87,118.29,111.74,112.77,94.97,89,74,33,17,8.81,0.99,7.25,6.36,1.72
IINN,125.87,126.33,158.51,155.99,73.97,79.02,89,91,6,8,1.24,0.73,1.25,0.94,0.51
YOU,125.86,130.14,134.71,125.82,121.29,121.29,89,83,80,81,37.95,1.0,33.23,27.21,2.22
HDSN,125.82,135.68,142.34,131.27,116.35,80.68,89,86,75,8,9.86,0.89,9.47,7.14,1.01
NUVB,125.79,137.88,140.85,107.53,100.22,130.16,89,70,21,85,3.22,0.7,2.73,2.37,1.37
KNOP,125.78,128.87,130.35,106.77,127.84,93.41,89,70,83,16,9.03,1.0,7.56,6.44,1.37
TE,125.78,125.78,141.44,105.54,112.98,198.16,89,69,33,94,1.95,0.48,1.54,1.58,1.58
ARCT,125.77,125.77,109.49,121.63,67.86,75.02,89,81,5,7,20.46,0.7,15.8,14.65,1.92
TILE,125.69,127.47,125.56,121.64,109.93,141.71,89,81,30,88,29.56,0.97,25.18,22.4,4.38
HONDU,125.68,125.68,115.43,116.61,121.63,102.56,89,78,80,63,15.85,1.0,12.62,11.4,5.78
DGXX,125.64,144.21,154.82,284.7,203.88,210.04,89,97,95,95,2.43,0.56,2.72,2.04,0.73
MPU,125.59,161.08,233.92,321.24,90.33,97.6,89,97,13,20,1.45,0.27,2.55,1.43,2.94
BTU,125.59,125.59,110.1,93.31,76.34,83.73,89,17,7,10,22.72,0.65,17.28,15.9,1.42
SA,125.47,126.84,121.31,121.44,106.51,85.5,89,81,27,11,20.15,0.96,16.9,13.59,7.81
AHR,125.46,130.65,145.97,150.21,170.22,157.02,89,90,93,91,42.22,0.95,40.46,33.04,2.84
CORT,125.38,126.0,120.41,160.12,303.79,194.8,89,92,97,94,80.52,0.54,71.18,66.82,3.74
BTSGU,125.38,130.63,135.72,135.93,145.08,155.61,89,87,90,91,94.34,0.95,79.64,72.47,0.05
LAR,125.24,125.24,141.86,134.21,74.36,74.46,89,87,6,6,3.28,0.76,3.06,2.53,1.72
ATGE,125.1,128.9,128.9,146.37,166.34,154.34,89,90,93,91,140.59,1.0,126.08,111.78,2.37
CCCC,125.06,132.29,111.27,110.74,50.41,65.19,89,73,2,4,3.16,0.35,2.51,2.46,0.56
INTR,124.99,132.98,134.03,130.91,126.07,109.17,89,86,83,71,8.79,0.94,7.79,6.25,0.64
WNEB,124.99,124.99,126.06,123.26,120.48,113.85,89,82,79,75,12.61,1.0,11.47,9.69,3.99
CWK,124.93,128.03,127.96,116.3,88.52,107.97,89,78,12,70,16.64,0.97,14.17,12.13,1.71
ODC,124.93,134.43,141.47,147.74,142.7,146.84,89,90,89,89,65.38,0.9,60.64,49.6,2.07
PUK,124.89,128.78,132.21,130.75,135.54,116.02,89,85,86,77,27.56,0.96,26.04,21.2,0.95
BLBD,124.85,129.22,133.15,130.63,100.25,103.04,89,85,21,64,59.71,0.98,52.25,41.71,0.96
RKT,124.79,134.61,136.13,129.14,139.03,111.66,89,85,88,73,20.51,0.94,17.61,13.83,0.95
PEGA,124.78,125.35,124.4,140.46,135.73,157.61,89,88,87,91,59.68,0.98,54.8,47.83,3.07
RRGB,124.77,136.07,152.99,162.05,130.67,103.04,89,92,85,64,6.54,0.82,6.3,5.1,1.25
AYTU,124.76,124.76,132.19,155.12,137.28,63.97,89,91,87,4,2.44,0.78,2.35,1.75,1.12
BWFG,124.7,127.08,126.02,125.71,125.56,110.29,89,83,82,72,45.59,0.98,40.84,34.06,2.13
TEL,124.68,125.9,123.35,126.53,107.04,101.14,89,84,27,23,216.17,0.99,201.46,162.51,2.12
TIMB,124.64,125.75,130.37,135.84,132.55,106.53,89,87,85,68,21.72,1.0,19.98,16.06,0.31
MIND,124.59,148.75,185.36,169.42,154.95,222.25,89,93,91,95,8.17,0.61,9.18,7.6,0.96
PHVS,124.47,124.47,127.99,147.46,100.36,88.87,89,90,21,13,25.36,1.0,22.39,18.29,2.17
GHM,124.46,125.29,130.08,156.18,139.14,167.76,89,91,88,92,53.65,0.88,50.96,42.02,2.13
STG,124.19,132.13,150.4,209.55,109.92,93.72,89,95,30,17,8.14,0.38,9.69,6.8,0.65
OVBC,124.12,126.54,118.78,130.19,187.33,128.42,89,85,95,84,38.95,1.0,35.38,30.73,6.8
CREV,124.11,142.19,129.98,128.57,78.06,112.07,89,85,7,74,4.01,0.28,4.33,3.69,0.07
GS,124.03,125.41,124.6,126.87,118.31,127.65,89,84,77,84,805.0,1.0,734.55,624.77,2.05
CLNN,123.9,123.9,149.27,113.73,97.15,91.47,89,76,18,14,6.39,0.94,4.69,4.16,0.58
ZH,123.89,123.89,122.11,123.48,138.65,150.63,89,82,88,90,5.2,0.77,4.71,4.23,1.08
NEU,123.87,128.98,130.36,126.18,121.92,100.51,89,83,80,23,816.26,0.92,766.79,619.78,2.38
SPWH,123.84,125.82,148.67,221.63,234.22,89.11,89,96,96,13,3.08,0.66,3.17,2.37,0.96
AUST,123.82,123.82,124.31,119.41,138.41,135.15,88,80,88,87,1.81,0.39,1.46,1.38,1.2
EME,123.81,130.0,132.91,139.24,118.44,139.42,88,88,77,88,632.02,0.97,610.7,488.25,17.91
ALLR,123.78,138.21,162.71,83.52,72.01,46.35,88,9,6,2,1.54,0.52,1.24,1.06,0.06
NTLA,123.68,125.21,103.72,107.13,69.15,57.93,88,70,5,3,15.59,0.56,11.84,10.31,3.03
MSB,123.65,131.66,140.72,140.82,165.65,177.2,88,89,93,93,30.92,0.91,29.92,26.19,0.58
BKE,123.63,132.08,132.48,128.6,109.43,120.94,88,85,30,80,60.69,0.97,54.31,45.09,2.91
JBGS,123.61,129.27,128.36,126.32,115.33,97.62,88,84,74,20,23.76,0.96,20.69,16.85,5.8
BTG,123.57,129.96,133.56,131.48,141.37,124.06,88,86,88,82,4.49,1.0,3.85,3.17,2.79
LPL,123.39,130.52,119.74,128.98,96.32,92.34,88,85,18,15,4.79,0.93,4.12,3.42,0.93
DOUG,123.33,127.75,122.84,173.77,167.05,115.91,88,93,93,77,2.97,0.92,2.61,2.14,1.25
EZPW,123.29,125.12,120.12,113.11,155.46,127.4,88,75,91,84,17.72,0.98,15.54,14.09,3.71
VC,123.21,126.61,130.41,126.16,98.07,84.79,88,83,19,10,124.84,0.94,118.86,93.5,1.38
WKEY,123.18,148.07,150.74,202.97,267.86,566.59,88,95,97,98,6.46,0.42,5.63,5.83,3.13
BELFA,123.15,131.59,140.08,138.77,92.2,109.09,88,88,14,71,118.11,0.9,111.2,87.08,2.43
IBP,123.07,129.52,142.35,139.03,95.4,82.5,88,88,17,9,259.63,0.85,240.95,192.16,1.37
APWC,123.06,123.06,112.55,108.39,118.0,111.56,88,71,77,73,2.21,1.0,1.81,1.63,7.52
EBR,122.85,122.85,113.62,113.0,125.85,111.24,88,75,83,73,9.55,1.0,7.8,6.95,1.61
HWKN,122.81,125.93,130.19,141.89,127.34,123.67,88,89,83,82,173.74,0.87,168.15,132.66,4.06
INSG,122.77,127.54,130.17,86.92,135.94,242.27,88,11,87,96,13.41,0.52,9.72,9.58,1.59
CHRW,122.77,123.65,119.84,113.81,112.44,110.87,88,76,33,73,136.07,0.98,117.3,102.37,2.93
SPOT,122.62,123.78,128.84,166.0,172.92,181.89,88,92,93,93,734.92,0.91,693.66,614.87,0.79
AGI,122.49,127.79,132.45,123.18,181.71,151.86,88,82,94,90,32.34,0.93,28.1,24.98,4.62
CALC,122.46,129.64,134.69,157.4,60.91,85.06,88,91,4,11,3.02,0.45,3.02,2.4,0.28
BWA,122.4,122.66,125.49,119.54,102.21,88.86,88,80,23,13,44.22,0.99,39.99,33.13,2.13
HPE,122.4,126.31,125.91,111.87,99.79,119.79,88,74,21,80,24.99,0.98,21.83,19.41,1.75
PKE,122.38,127.83,128.75,131.7,102.52,98.08,88,86,23,20,19.02,0.84,18.36,14.94,1.47
KLAC,122.29,122.29,114.61,120.88,117.44,103.1,88,81,76,64,1044.81,1.0,915.02,775.54,1.62
LX,122.28,124.28,157.16,226.82,480.49,460.04,88,96,98,98,5.77,0.45,6.27,7.12,0.93
ASPS,122.27,130.16,168.12,181.15,119.94,91.23,88,93,79,14,11.22,0.65,11.49,7.96,1.91
TV,122.2,134.74,138.59,134.47,116.24,90.42,88,87,75,14,2.72,0.85,2.53,2.03,0.79
UBS,122.03,122.03,116.64,115.74,109.0,110.11,88,78,29,72,42.29,1.0,39.03,33.41,0.97
FEDU,121.98,128.37,134.52,181.19,98.65,103.85,88,93,20,65,14.25,0.77,14.88,10.94,0.23
MRUS,121.91,124.97,134.44,138.46,123.54,103.31,88,88,81,64,68.22,0.95,65.29,50.4,1.18
WNS,121.81,121.81,123.7,122.86,147.5,124.84,88,82,90,83,76.19,1.0,75.17,62.02,1.06
DY,121.79,123.77,132.84,137.19,141.83,115.17,88,88,89,77,269.58,0.93,261.21,205.62,1.57
URGN,121.79,142.48,272.07,182.12,112.73,88.25,88,94,33,12,17.95,0.8,18.51,12.48,0.92
CTRN,121.65,135.89,154.71,142.43,159.57,130.39,88,89,92,85,32.39,0.72,32.55,27.21,2.51
CUK,121.62,133.73,136.04,141.56,119.63,140.98,88,89,78,88,27.69,0.87,27.72,22.78,1.37
BBD,121.53,121.53,121.22,134.53,134.04,99.41,88,87,86,21,3.33,1.0,2.97,2.44,1.26
ADNT,121.47,124.38,133.1,137.53,102.24,68.53,88,88,23,5,24.59,0.94,23.38,17.96,2.23
NYAX,121.44,133.81,138.07,171.27,155.02,139.94,88,93,91,88,47.67,0.85,46.24,39.98,1.03
FIGS,121.41,128.86,136.12,131.32,99.54,102.83,88,86,20,63,7.26,0.95,6.68,5.5,3.13
UPB,121.39,125.79,156.93,156.48,104.16,92.57,88,91,24,16,16.38,0.48,15.93,12.18,4.56
FPH,121.34,126.43,118.29,141.0,165.87,171.07,88,89,93,92,6.23,0.9,5.77,5.28,0.92
CTOR,121.32,154.71,188.88,402.95,141.85,68.58,88,98,89,5,1.76,0.25,1.86,1.43,0.52
LE,121.25,125.21,123.39,112.73,89.43,101.98,88,75,13,62,15.43,0.64,13.36,11.61,0.85
MRAM,121.17,122.28,106.43,112.0,105.82,88.33,88,74,26,12,7.95,0.95,6.55,6.03,1.35
GIC,121.17,125.62,129.77,122.3,96.74,73.86,88,82,18,6,36.05,0.86,33.78,26.8,1.42
NAMS,121.06,121.06,129.52,120.9,118.85,148.11,88,81,78,90,26.69,0.97,24.05,21.52,1.48
GSL,121.04,124.72,124.27,125.16,110.38,107.2,88,83,31,69,31.86,0.92,29.63,23.91,1.63
MAMA,120.9,120.9,116.88,118.84,117.13,120.56,88,80,76,80,10.7,1.0,8.87,7.74,2.72
DOCS,120.89,124.66,124.27,133.14,174.35,245.61,88,86,94,96,72.82,0.76,64.6,60.25,1.84
PRLB,120.85,123.33,127.0,117.51,117.57,127.53,88,79,76,84,50.55,0.99,45.93,40.68,3.16
SSBI,120.83,122.89,134.57,137.85,128.16,111.92,88,88,84,74,11.95,0.92,11.84,9.42,2.82
IDXX,120.73,121.45,124.63,135.68,110.91,91.81,88,87,31,15,656.16,0.92,612.17,495.22,1.67
CLYM,120.69,120.69,128.78,101.58,54.11,52.24,88,64,3,3,2.31,0.16,1.9,1.66,1.52
VBTX,120.62,124.01,125.32,131.14,106.97,113.38,88,86,27,75,34.3,0.97,32.44,26.79,1.84
GNTY,120.61,121.83,118.96,121.97,135.85,124.79,88,81,87,83,49.74,0.99,44.65,39.32,2.55
MDAI,120.52,120.52,130.74,193.73,136.8,178.76,87,94,87,93,2.41,0.67,2.25,1.92,2.13
RL,120.48,125.38,125.15,131.76,136.46,142.18,87,86,87,88,312.45,0.94,298.41,258.68,2.15
RITR,120.45,120.45,123.73,168.53,135.09,93.7,87,92,86,17,5.94,0.6,4.6,3.94,3.71
PBI,120.44,120.5,132.95,154.69,166.11,176.92,87,91,93,93,11.79,0.85,11.69,9.65,1.48
LAW,120.41,120.43,108.23,95.49,81.09,80.87,87,55,8,8,6.39,0.96,4.86,4.64,3.45
DINO,120.39,122.57,129.1,120.28,103.38,77.16,87,81,24,7,52.52,0.98,46.8,37.58,1.72
AXGN,120.34,125.57,118.3,112.22,176.9,185.23,87,75,94,94,17.2,0.73,14.55,15.11,0.69
MTEK,120.31,127.97,140.6,162.34,147.61,354.72,87,92,90,98,3.65,0.47,2.97,2.85,2.27
FSS,120.28,124.02,127.49,129.83,116.06,104.9,87,85,74,66,125.29,0.93,121.02,98.35,3.3
INTC,120.19,125.05,107.86,101.97,99.11,106.13,87,64,20,68,29.58,0.92,23.27,21.77,2.04
STAA,120.19,120.24,125.5,120.98,80.32,67.05,87,81,8,5,27.24,0.55,24.35,20.82,1.12
SVM,120.18,125.82,123.78,127.16,129.09,129.01,87,84,84,84,5.21,0.93,4.76,3.92,2.62
ASLE,120.16,129.07,136.39,136.39,134.85,134.31,87,87,86,86,8.34,0.85,7.62,6.9,1.29
BTOG,120.16,139.47,143.82,236.87,41.1,35.4,87,96,2,2,0.42,0.11,0.44,0.42,0.17
EXPE,120.15,126.25,121.96,115.84,118.4,130.78,87,78,77,85,222.43,0.94,201.38,180.37,2.07
VRT,119.94,121.51,126.24,141.62,121.07,164.27,87,89,79,92,143.6,0.9,133.01,112.52,0.95
DCO,119.9,123.67,130.01,135.1,124.99,107.41,87,87,82,69,93.97,0.95,90.86,71.85,3.42
AWI,119.85,121.92,123.31,121.78,114.53,113.06,87,81,72,75,196.57,0.97,187.32,158.28,1.66
NVDA,119.76,122.3,125.34,137.18,115.35,150.21,87,88,74,90,176.67,0.93,175.54,140.89,1.38
RYAM,119.7,120.57,104.6,82.95,90.46,133.92,87,9,13,86,7.13,0.55,5.04,5.65,2.85
ACLS,119.64,120.79,110.94,105.62,87.03,64.54,87,69,11,4,95.65,0.81,79.13,66.72,2.24
TCOM,119.63,119.63,118.94,101.51,122.78,150.1,87,64,81,90,78.52,1.0,66.4,64.33,0.88
CXDO,119.51,119.51,113.63,134.2,130.88,143.87,87,87,85,89,6.97,0.94,6.11,5.67,2.17
WILC,119.49,133.1,152.46,160.06,147.91,156.27,87,92,90,91,19.73,0.82,20.61,16.87,0.42
MTRN,119.46,121.43,112.21,110.25,80.63,82.19,87,73,8,9,120.49,0.97,105.84,93.16,1.94
JOUT,119.44,121.95,131.79,124.84,99.57,85.7,87,83,20,11,40.87,0.93,37.6,30.61,1.16
BMO,119.32,119.91,120.29,115.12,115.04,111.33,87,77,73,73,130.32,1.0,117.29,102.89,0.89
NESR,119.24,127.2,123.8,87.17,93.46,96.13,87,11,15,18,10.18,0.93,7.89,7.62,2.76
ARLO,119.22,119.42,131.35,145.95,140.62,113.6,87,90,88,75,18.07,0.97,16.97,13.5,1.12
SONO,119.22,122.78,118.15,104.23,80.72,96.95,87,67,8,19,15.57,1.0,12.73,12.05,1.28
TSAT,119.21,150.14,145.29,192.63,192.78,220.32,87,94,95,95,24.16,0.74,23.35,19.6,0.89
ARDX,119.18,127.09,129.68,124.38,97.89,98.56,87,82,19,21,6.21,0.8,5.52,4.96,1.24
BRBS,119.07,120.69,115.73,119.22,122.55,118.64,87,80,81,79,4.3,0.98,3.86,3.51,3.03
CANG,119.05,127.7,154.01,179.94,208.26,371.6,87,93,96,98,4.45,0.45,4.87,4.54,1.8
PPSI,119.0,126.67,125.35,117.88,91.1,110.44,87,79,14,72,4.45,0.8,3.6,3.37,0.06
IIIV,119.0,119.08,118.16,117.8,117.4,121.03,87,79,76,80,32.07,0.93,30.07,26.36,2.27
NGVT,118.56,125.95,127.07,121.17,100.73,106.82,87,81,21,69,56.35,0.86,52.31,44.59,2.56
GEG,118.42,131.82,144.94,115.97,116.74,109.55,87,78,75,71,2.72,0.73,2.38,2.04,1.81
AMG,118.39,120.09,119.57,114.32,105.22,103.59,87,76,25,65,242.87,0.99,220.3,187.68,1.73
GTLS,118.34,123.66,124.16,121.5,109.25,146.6,87,81,29,89,199.49,0.82,191.8,174.77,0.5
SYPR,118.31,118.31,120.07,123.23,124.82,156.85,87,82,82,91,2.34,0.59,2.02,1.9,0.35
BTI,118.28,122.21,143.99,141.43,144.82,126.98,87,89,89,84,54.7,0.83,55.29,44.16,1.11
HLLY,118.26,122.34,151.17,134.78,83.88,94.47,87,87,10,17,3.26,0.65,3.05,2.64,1.15
SVV,118.17,125.8,128.57,113.22,118.25,92.63,87,75,77,16,12.65,0.96,11.39,10.07,4.41
RDVT,118.16,118.16,125.05,147.09,170.1,157.19,87,90,93,91,52.26,1.0,46.5,42.08,3.38
MPWR,118.14,118.14,119.32,110.23,106.24,91.65,87,73,26,15,916.36,0.96,805.96,675.87,2.13
ESQ,118.09,120.32,120.31,139.45,146.21,142.52,87,88,90,89,103.41,0.97,97.8,86.63,3.25
VPG,118.07,119.84,115.7,109.86,107.09,90.19,87,73,27,14,32.92,0.98,28.51,25.26,1.47
TBHC,118.06,150.19,150.19,111.1,83.32,81.14,87,74,9,8,1.84,0.6,1.54,1.42,0.55
PCT,118.04,141.39,149.59,211.75,168.35,171.79,87,95,93,93,13.91,0.73,13.9,10.66,1.21
MKTW,117.98,121.84,129.98,163.24,137.82,110.23,87,92,87,72,16.62,0.66,18.27,14.2,2.2
CMP,117.89,129.73,134.11,197.62,178.31,92.29,87,95,94,15,18.02,0.67,19.71,15.45,2.9
AGEN,117.85,122.02,123.47,219.59,160.44,68.79,87,96,92,5,4.38,0.52,5.08,3.72,0.84
MFG,117.78,118.13,123.05,127.54,143.87,138.24,87,84,89,87,6.64,0.98,6.26,5.5,0.77
KRMN,117.69,120.26,124.87,113.94,119.37,101.26,87,76,78,42,66.12,1.0,54.15,43.41,3.01
LZ,117.6,119.82,122.62,124.85,119.26,116.76,87,83,78,78,10.95,0.95,10.0,8.94,1.44
NVA,117.6,117.6,114.26,131.16,148.72,154.01,87,86,90,91,13.72,0.7,11.32,11.96,1.78
SBDS,117.6,139.24,178.17,664.64,60.83,58.98,87,99,4,3,19.12,0.29,14.27,19.64,4.5
MS,117.57,118.78,118.77,120.59,117.66,126.51,86,81,76,83,159.91,1.0,146.41,130.35,2.85
NATL,117.56,124.88,131.24,124.86,107.91,127.36,86,83,28,84,38.87,0.92,34.95,30.58,1.18
COHR,117.52,121.16,117.37,138.44,106.57,145.86,86,88,27,89,109.11,0.89,99.83,86.01,0.81
CELZ,117.47,131.26,120.49,132.43,98.39,185.63,86,86,19,94,3.51,0.37,3.1,2.83,0.17
LASE,117.26,138.88,192.4,117.76,118.21,260.91,86,79,77,96,4.2,0.14,3.13,3.54,0.73
TSHA,117.25,119.85,130.42,149.17,141.62,100.89,86,90,89,23,2.83,0.76,2.85,2.2,4.94
BBUC,117.21,122.14,121.8,122.04,123.83,117.34,86,81,81,78,35.32,0.95,32.2,27.81,3.03
CNET,117.2,123.08,106.05,88.99,90.4,70.36,86,13,13,5,2.09,0.28,1.55,1.57,0.73
ISBA,117.2,117.2,129.43,173.45,173.77,123.72,86,93,93,82,35.04,0.81,32.3,27.55,7.26
UBER,117.13,118.83,114.34,126.8,127.29,108.39,86,84,83,70,98.51,0.99,92.63,80.28,2.14
KLG,117.03,117.62,121.73,125.38,123.98,122.36,86,83,81,81,23.0,0.96,22.95,19.03,2.02
FOA,116.89,126.82,165.97,185.62,235.61,363.38,86,94,96,98,25.53,0.72,25.38,23.59,2.15
SMRT,116.85,121.23,119.28,119.52,62.93,77.69,86,80,4,7,1.58,0.69,1.28,1.24,0.77
MNMD,116.64,127.23,132.79,138.56,111.38,132.2,86,88,32,86,9.04,0.78,9.44,7.57,1.63
CMI,116.55,117.72,112.61,110.65,106.2,115.76,86,73,26,77,423.64,0.98,384.23,344.72,1.76
ISSC,116.4,117.7,155.14,236.56,180.47,149.56,86,96,94,90,11.4,0.41,14.22,10.28,0.56
NAK,116.4,122.82,140.54,393.7,321.95,208.57,86,98,98,95,0.87,0.28,0.98,0.92,0.4
OTLY,116.4,130.42,153.85,142.29,101.11,70.84,86,89,22,5,17.09,0.76,16.43,12.46,0.67
AZZ,116.39,120.27,121.27,122.16,113.43,115.68,86,82,34,77,113.92,0.87,112.43,94.84,2.25
SYF,116.37,120.82,122.63,125.47,114.03,136.71,86,83,72,87,76.59,0.99,72.51,63.03,2.47
BGSF,116.36,153.32,150.41,133.01,102.01,68.8,86,86,22,5,7.19,0.7,6.31,5.1,1.25
ENVA,116.33,119.22,118.59,125.84,133.93,142.98,86,83,86,89,126.02,0.98,112.91,103.31,2.06
OGI,116.3,121.11,111.09,104.14,104.08,91.2,86,67,24,14,1.8,0.92,1.56,1.38,0.62
ALLE,116.05,116.76,117.36,114.97,109.58,100.53,86,77,30,23,179.33,1.0,165.92,141.68,3.29
FRO,116.0,121.44,120.24,102.8,109.22,91.63,86,65,29,15,23.21,0.89,20.18,17.22,0.93
AXON,115.94,117.49,126.47,170.6,179.92,182.07,86,93,94,93,774.53,0.8,759.62,670.84,2.75
BPOP,115.91,116.65,115.55,116.9,110.79,104.67,86,78,31,66,127.99,1.0,118.7,102.41,2.13
LEVI,115.79,117.78,120.95,118.39,98.51,98.69,86,79,20,21,22.66,0.97,21.24,18.01,1.38
GNRC,115.78,119.54,126.28,132.21,94.95,106.3,86,86,16,68,182.28,0.8,179.53,148.54,1.56
QNCX,115.75,120.74,157.15,174.68,132.11,208.1,86,93,85,95,1.6,0.62,1.68,1.49,1.84
FSLR,115.74,116.5,110.13,109.62,103.06,93.93,86,72,23,17,212.49,0.68,191.02,166.45,1.37
OPY,115.73,119.44,115.43,118.72,122.91,144.14,86,79,81,89,78.17,0.95,72.65,65.24,2.05
CAT,115.69,116.64,112.99,115.9,100.27,104.03,86,78,21,65,466.54,1.0,424.77,368.15,1.75
FTDR,115.68,117.89,118.33,133.12,130.41,141.88,86,86,85,88,66.88,0.99,60.33,53.97,2.56
IRMD,115.68,119.07,130.72,125.68,118.44,120.57,86,83,77,80,70.52,0.86,66.93,58.13,3.15
GMAB,115.65,115.65,111.47,100.11,94.01,92.41,86,62,16,15,28.28,0.97,24.16,21.63,1.48
BODI,115.55,127.48,109.17,99.28,114.36,107.61,86,61,72,69,6.72,0.66,5.1,5.56,0.65
SNN,115.52,117.36,126.21,124.63,116.56,111.71,86,83,75,73,36.85,0.88,34.9,29.02,0.53
SYBX,115.5,116.55,109.28,124.23,87.28,85.4,86,82,12,11,1.78,1.0,1.5,1.33,0.42
SMP,115.48,120.4,123.38,118.25,102.51,92.4,86,79,23,15,39.51,0.92,36.48,30.66,1.72
RBRK,115.47,115.47,160.36,185.55,220.13,169.39,86,94,96,92,80.23,0.71,86.33,76.55,2.63
PAC,115.47,116.9,123.51,125.61,130.33,118.34,86,83,84,79,250.32,0.93,238.14,205.37,0.85
SHG,115.42,117.82,119.48,135.06,122.14,92.83,86,87,80,16,49.64,0.94,48.86,38.9,1.03
JVA,115.34,120.91,119.57,143.91,210.8,455.17,86,89,96,98,5.32,0.38,4.35,4.27,1.33
POET,115.29,120.6,132.43,168.73,181.07,384.99,86,92,94,98,5.16,0.46,5.62,4.83,0.91
SONY,115.23,115.67,120.72,121.62,141.2,133.01,86,81,88,86,29.36,0.94,26.75,24.47,1.08
ZS,115.21,116.02,116.02,153.94,153.97,109.59,86,91,91,71,294.27,0.85,280.64,238.69,1.21
ERJ,115.14,117.61,129.52,152.47,181.31,181.31,86,91,94,93,57.94,0.89,55.64,47.82,0.5
IFS,115.09,121.45,126.5,129.78,140.05,130.77,86,85,88,85,40.08,0.9,38.58,33.6,2.82
KB,115.08,120.42,118.75,139.03,134.43,108.23,86,88,86,70,83.82,0.87,81.33,67.06,0.89
HCWC,115.06,128.91,79.66,73.43,75.75,86.38,86,6,7,11,0.82,0.15,0.45,0.62,1.17
PLBY,115.03,127.45,149.65,183.65,162.08,204.42,86,94,92,95,1.6,0.65,1.74,1.53,3.6
BLNK,115.0,115.0,106.09,94.04,65.56,63.76,86,17,4,4,1.52,0.54,1.06,1.06,2.69
OESX,114.98,126.96,111.46,76.68,96.15,99.93,86,6,17,22,9.19,0.8,6.85,7.31,0.86
GTN,114.95,131.16,145.43,135.5,123.49,118.14,86,87,81,79,5.52,0.81,5.37,4.16,1.78
LGCY,114.91,135.88,141.03,150.94,115.38,128.5,86,90,74,84,12.86,0.94,11.84,9.1,2.9
VIPS,114.9,117.53,116.0,109.98,117.54,121.09,86,73,76,80,18.38,0.92,16.52,14.76,2.97
POLA,114.89,114.89,113.56,81.57,95.77,107.46,85,8,17,69,2.88,0.49,2.13,2.36,0.19
WOR,114.86,120.04,129.21,132.95,132.94,89.91,85,86,86,13,61.06,0.79,63.6,51.99,2.57
ELP,114.85,115.13,113.17,132.15,133.68,111.64,85,86,86,73,9.73,1.0,8.91,7.67,0.87
VNTG,114.8,116.01,114.26,95.42,114.01,101.26,85,37,53,42,6.8,0.88,5.25,4.89,0.78
ITUB,114.8,114.8,117.49,124.53,127.54,112.93,85,83,83,75,7.33,1.0,6.7,5.77,1.3
GVA,114.79,116.36,120.59,119.93,117.74,135.86,85,80,76,87,110.0,0.97,103.09,89.89,2.34
NU,114.72,115.48,116.23,110.63,100.82,101.8,85,73,21,62,16.17,1.0,13.73,12.34,1.02
GSIT,114.64,114.64,102.47,171.72,120.66,126.14,85,93,79,83,3.66,0.47,3.73,3.2,0.93
CM,114.64,114.64,116.56,118.61,121.3,113.43,85,79,80,75,81.59,1.0,74.95,65.34,0.93
CDNS,114.61,114.61,116.99,118.99,114.83,105.41,85,80,73,67,373.35,1.0,345.67,303.42,2.75
PCRX,114.57,121.64,122.63,119.06,150.91,131.72,85,80,91,85,26.66,0.96,24.57,23.97,1.81
XTNT,114.55,115.84,107.71,130.45,133.26,95.49,85,85,86,18,0.65,0.77,0.62,0.56,5.14
TIXT,114.47,115.43,133.27,112.2,98.16,75.77,85,74,19,7,4.5,0.99,4.03,3.42,0.33
ARQT,114.38,120.09,129.22,129.28,156.56,218.57,85,85,92,95,17.38,0.94,15.75,14.42,1.25
HUIZ,114.36,127.48,127.48,94.42,96.8,102.36,85,18,18,63,3.4,0.39,2.63,2.67,0.16
FSTR,114.35,116.86,116.78,106.32,89.54,123.66,85,69,13,82,27.76,0.85,24.57,23.52,2.1
AKBA,114.34,120.23,144.61,248.58,235.88,187.08,85,96,96,94,2.82,0.56,3.35,2.63,3.06
PRDO,114.34,117.53,117.13,133.89,135.08,128.77,85,87,86,84,34.94,0.96,31.45,28.73,2.43
JPM,114.32,115.79,114.61,119.84,118.81,123.98,85,80,78,82,314.78,1.0,296.21,263.41,2.9
AMX,114.31,115.82,117.07,110.26,114.35,90.42,85,73,72,14,20.16,0.95,18.96,16.17,1.69
RDIB,114.29,135.87,144.33,134.12,153.48,111.08,85,87,91,73,11.41,0.71,11.47,9.19,0.29
CFG,114.27,115.25,113.47,113.97,107.97,117.54,85,76,28,78,53.55,1.0,49.54,43.76,2.01
NBN,114.25,118.55,119.19,113.14,135.61,145.78,85,75,86,89,109.41,0.92,102.82,94.9,3.14
LHSW,114.23,114.23,117.74,117.55,114.01,101.26,85,79,53,42,2.87,0.53,2.44,2.49,5.1
INCY,114.21,114.75,117.46,118.19,106.56,108.53,85,79,27,70,86.53,0.99,79.86,70.35,3.07
CDZI,114.2,114.2,108.81,98.46,106.76,171.28,85,60,27,92,4.33,0.64,3.41,3.62,1.57
OSK,114.18,118.24,127.59,127.86,106.36,95.45,85,84,26,18,133.32,0.84,134.05,107.88,2.02
ARGX,114.15,117.43,119.77,104.98,128.61,137.9,85,68,84,87,736.76,0.87,665.67,620.0,1.79
PHIN,114.09,117.28,117.04,110.2,103.71,121.81,85,73,24,81,58.52,0.95,54.2,47.6,4.36
HTCR,114.07,137.34,156.06,65.65,113.93,345.87,85,4,34,97,0.94,0.21,0.7,0.95,0.45
NC,114.05,117.33,116.07,135.94,138.38,117.01,85,87,88,78,41.9,0.89,38.81,34.85,4.59
ROIV,114.04,119.44,110.32,98.21,105.9,98.71,85,59,26,21,15.04,0.96,12.21,11.3,1.9
BOSC,114.03,117.89,129.29,145.35,142.55,131.88,85,89,89,86,4.89,0.87,4.89,4.17,1.87
GLXY,113.98,116.38,107.11,97.64,114.01,101.26,85,58,53,42,32.87,0.99,26.98,24.17,0.84
DERM,113.98,113.98,122.48,133.32,186.08,119.94,85,86,94,80,7.3,0.75,7.29,6.2,1.38
YMM,113.97,115.96,121.72,126.72,152.87,156.43,85,84,91,91,13.59,0.96,12.3,11.84,0.44
AXIL,113.92,119.42,126.25,164.61,131.24,166.98,85,92,85,92,6.92,0.52,7.14,6.14,0.99
ACAD,113.92,115.88,128.78,134.55,132.07,106.06,85,87,85,68,24.42,0.83,24.2,19.82,1.76
BDTX,113.92,119.26,118.95,133.01,91.52,62.15,85,86,14,4,3.28,0.58,2.91,2.29,1.18
NTRS,113.84,115.71,116.94,130.04,113.89,115.99,85,85,34,77,131.5,0.99,127.6,109.75,2.35
ZUMZ,113.77,120.34,124.89,86.91,83.69,93.98,85,11,10,17,20.34,0.73,16.37,15.28,2.44
MT,113.68,113.68,119.36,128.2,135.94,135.94,85,85,87,87,35.32,1.0,33.46,29.37,0.61
SNEX,113.62,121.89,130.67,137.55,157.53,146.6,85,88,92,89,92.75,0.77,95.41,83.0,2.67
GCO,113.57,125.34,121.04,92.22,85.67,142.23,85,16,11,88,33.13,0.59,27.79,28.97,1.52
CIO,113.57,117.29,132.73,131.84,110.35,103.34,85,86,31,64,6.95,0.99,6.69,5.42,0.68
COF,113.56,116.4,115.94,125.92,120.22,125.36,85,83,79,83,228.32,0.98,218.23,195.01,1.38
FTFT,113.52,160.69,160.69,163.98,55.18,61.26,85,92,3,4,2.05,0.26,2.28,2.12,0.12
CPNG,113.52,118.35,116.24,125.77,118.34,109.36,85,83,77,71,32.86,0.95,29.96,25.91,8.24
MESA,113.43,121.67,121.14,100.53,106.99,137.1,85,63,27,87,1.34,0.91,1.19,1.1,1.59
CPA,113.41,113.41,113.59,118.96,118.25,106.5,85,80,77,68,119.75,0.98,114.27,98.89,0.66
BQ,113.3,128.81,130.63,131.14,80.33,104.5,85,86,8,66,3.19,0.26,2.88,2.71,0.26
MUFG,113.13,113.13,116.13,122.44,141.91,132.88,85,82,89,86,15.85,0.99,14.8,13.2,0.89
FCCO,113.12,113.45,109.65,113.32,119.12,127.59,85,75,78,84,29.14,1.0,26.21,24.3,4.07
FTI,113.12,120.98,125.86,124.25,124.52,121.73,85,82,82,81,39.41,0.92,36.36,31.74,2.19
IE,113.11,113.11,118.14,152.05,112.72,78.06,85,91,33,7,9.5,0.66,9.76,7.67,2.72
BN,113.11,113.19,112.07,120.56,113.32,118.4,85,81,34,79,71.81,1.0,66.4,59.04,1.06
SAIH,112.99,112.99,96.39,217.75,86.19,95.87,85,96,11,18,10.8,0.39,8.25,8.55,3.1
PFGC,112.95,118.08,115.16,118.31,110.87,110.17,85,79,31,72,105.51,0.91,101.11,88.4,1.71
SENEA,112.89,122.68,132.12,132.4,145.99,141.01,84,86,90,88,103.05,0.8,106.08,90.04,3.04
BNC,112.88,184.36,321.99,693.2,133.68,160.11,84,99,86,91,9.69,0.08,18.92,10.95,2.45
NMR,112.8,114.32,116.4,116.66,116.11,117.36,84,78,75,78,7.47,0.97,7.05,6.24,0.66
TK,112.79,118.79,121.41,123.13,126.71,100.14,84,82,83,22,8.57,0.93,7.89,6.77,1.18
LPG,112.78,119.96,126.55,113.91,93.87,79.88,84,76,16,8,31.85,0.95,30.13,24.0,1.68
WRLD,112.67,115.96,120.45,131.52,125.15,111.07,84,86,82,73,172.14,0.95,166.56,143.21,3.21
CVS,112.61,112.61,112.84,112.54,142.3,121.05,84,75,89,80,74.92,1.0,67.65,61.87,1.7
ALV,112.59,114.12,115.59,117.97,110.37,91.86,84,79,31,15,125.82,0.96,118.74,101.63,1.34
ADGM,112.57,118.74,105.04,136.72,149.03,72.17,84,87,90,6,1.71,0.28,1.48,1.29,0.6
GRPN,112.56,121.8,176.16,254.72,275.6,135.06,84,96,97,87,22.52,0.49,28.6,21.32,1.37
FCAP,112.55,112.55,107.03,129.62,166.47,131.58,84,85,93,85,46.0,0.78,39.41,38.56,5.6
FBNC,112.54,117.15,120.35,114.07,109.01,110.83,84,76,29,72,53.53,0.9,51.63,44.34,2.32
ACM,112.52,112.57,109.82,109.78,110.51,106.67,84,72,31,68,132.48,0.99,120.25,108.01,3.31
WTS,112.52,115.19,119.1,118.77,117.33,105.54,84,80,76,67,280.94,0.95,268.39,230.15,2.57
SRBK,112.47,112.47,120.77,117.77,133.43,114.03,84,79,86,76,15.19,1.0,14.57,12.91,3.31
TCBX,112.44,116.37,118.85,123.83,134.84,141.67,84,82,86,88,40.28,0.95,38.23,34.33,3.73
LDOS,112.37,112.37,113.99,106.3,111.05,102.36,84,69,32,63,187.45,0.84,173.57,152.16,3.8
MRBK,112.35,114.64,108.84,102.82,125.55,142.29,84,65,82,88,15.97,0.87,14.96,14.31,3.18
MYRG,112.27,118.96,128.44,140.7,132.45,110.84,84,88,85,73,178.85,0.79,185.7,154.99,2.7
USLM,112.24,116.26,114.67,110.86,114.19,180.08,84,73,72,93,127.63,0.59,115.29,108.78,1.32
NPO,112.22,113.72,119.92,127.08,110.2,118.22,84,84,30,79,224.95,0.93,216.89,186.98,2.61
FDMT,112.18,121.36,124.65,135.75,67.7,44.06,84,87,5,2,6.6,0.29,5.91,4.81,0.9
MCY,112.07,113.19,116.12,113.58,107.82,125.16,84,76,28,83,79.51,1.0,73.34,62.29,1.88
NPK,112.06,118.08,121.4,121.13,115.71,128.07,84,81,74,84,112.9,0.93,105.46,95.08,2.21
SRI,112.01,114.26,138.49,132.26,82.51,54.86,84,86,9,3,8.45,0.55,7.95,5.97,0.88
GHC,111.95,117.07,117.3,110.29,129.53,121.65,84,73,84,81,1150.48,0.94,1028.45,954.1,3.07
FUNC,111.94,113.28,109.64,113.58,118.8,142.13,84,76,78,88,38.19,0.82,35.1,32.6,4.21
AL,111.93,114.63,117.07,122.01,122.02,101.68,84,81,80,62,63.61,0.98,59.19,51.92,1.36
JLL,111.9,113.18,115.56,110.49,110.28,115.43,84,73,31,77,318.48,0.99,286.93,258.57,2.09
SWKH,111.78,116.66,125.13,142.45,155.69,100.09,84,89,91,22,14.41,0.86,14.77,12.22,1.3
HCSG,111.73,113.61,119.75,133.63,133.38,101.92,84,86,86,62,15.83,0.9,14.68,12.85,1.57
NFLX,111.61,113.77,121.02,148.8,156.11,140.49,84,90,91,88,1226.97,0.83,1213.23,1079.91,1.49
MGTX,111.55,118.42,131.95,163.01,146.03,153.05,84,92,90,91,7.56,0.73,7.9,6.74,1.15
RDCM,111.53,112.98,112.94,119.2,120.95,136.05,84,80,79,87,14.54,0.85,13.54,12.73,1.19
RNA,111.36,114.69,125.34,132.45,104.14,133.06,84,86,24,86,41.06,0.6,41.63,33.58,1.31
CASY,111.35,114.18,118.65,122.68,134.74,112.47,84,82,86,74,547.1,0.93,519.75,456.6,1.82
AVBH,111.31,111.97,111.22,105.85,119.61,118.62,84,69,78,79,26.23,0.98,23.76,22.16,9.8
GAIA,111.15,111.15,114.24,106.03,116.65,120.51,84,69,75,80,6.12,0.9,4.95,4.75,6.32
PRA,111.15,122.08,127.33,133.53,191.89,113.65,84,86,95,75,23.81,0.98,23.83,20.51,1.32
TUYA,111.11,111.11,117.23,137.29,231.05,238.19,84,88,96,96,2.6,0.49,2.51,2.53,1.0
BBCP,111.07,111.07,113.17,113.51,121.56,133.93,84,76,80,86,7.25,0.67,6.99,6.61,2.08
LYV,111.04,124.88,124.88,126.16,126.24,133.82,84,83,83,86,163.72,0.85,158.87,142.61,1.76
MIMI,111.04,127.83,136.15,151.53,114.01,101.26,84,90,53,42,9.38,0.81,8.15,6.13,4.56
UPST,111.01,119.25,125.47,189.79,148.79,204.4,84,94,90,95,67.89,0.61,71.43,62.0,1.44
META,110.97,111.45,113.79,125.2,117.92,129.09,84,83,77,85,778.38,0.96,746.63,660.37,2.02
MYE,110.95,110.95,129.53,127.92,110.87,93.03,84,84,31,16,16.55,0.97,15.72,12.83,2.35
EFSI,110.88,112.3,106.63,99.71,107.19,110.64,84,61,28,72,39.37,0.98,34.93,32.99,4.83
NMRA,110.85,110.85,115.08,139.66,36.5,85.24,84,88,2,11,1.76,0.07,1.69,2.31,0.81
CPAC,110.82,110.82,108.94,106.14,119.36,106.08,84,69,78,68,7.19,1.0,6.42,5.9,2.63
GL,110.81,111.56,113.53,114.47,150.34,128.06,84,76,90,84,145.43,1.0,136.36,123.61,2.25
INSW,110.8,116.0,115.87,100.0,100.31,84.46,84,62,21,10,47.61,0.9,42.66,36.77,2.28
TGNA,110.78,114.31,120.1,117.76,123.9,123.08,84,79,81,81,21.04,0.98,19.04,17.67,1.25
ZETA,110.76,115.55,112.84,103.23,89.76,138.53,84,66,13,88,21.49,0.41,17.95,16.73,0.98
PLX,110.7,114.68,105.85,104.38,221.16,206.56,84,67,96,95,1.89,0.43,1.58,1.98,1.2
RSSS,110.63,117.11,101.52,97.84,98.8,139.85,84,59,20,88,3.66,0.73,2.97,3.13,8.12
RRR,110.61,114.65,115.17,118.14,102.32,91.49,84,79,23,14,60.76,0.93,58.84,49.1,0.91
ENIC,110.6,111.44,110.35,120.8,137.51,125.99,84,81,87,83,3.8,0.96,3.44,3.25,0.63
FFIV,110.6,112.49,115.35,122.01,129.65,139.47,84,81,84,88,328.69,0.95,313.28,285.2,2.61
CBRE,110.58,113.51,120.08,114.54,120.9,124.48,83,77,79,82,164.14,0.97,155.92,138.0,1.82
CRCT,110.49,112.63,112.63,117.8,114.55,105.88,83,79,72,67,6.83,1.0,5.69,5.2,1.89
MMS,110.47,110.47,112.35,101.04,96.13,87.66,83,63,17,12,88.98,0.9,81.11,73.12,1.84
SNOA,110.47,127.73,156.0,156.31,131.03,125.97,83,91,85,83,4.18,0.66,4.03,3.15,0.01
TTWO,110.44,111.63,112.85,126.9,144.29,126.8,83,84,89,84,250.85,1.0,234.04,216.26,2.11
BKD,110.38,112.78,117.09,122.1,118.75,104.22,83,81,78,65,7.91,0.97,7.59,6.32,1.55
ARRY,110.37,110.37,132.21,122.34,110.68,82.59,83,82,31,9,8.07,0.73,7.52,6.57,1.18
BX,110.36,111.76,111.5,109.27,101.68,119.99,83,72,22,80,187.62,0.91,172.17,157.23,1.95
JCI,110.36,112.06,114.89,129.57,129.73,120.24,83,85,84,80,108.69,0.93,106.86,91.83,1.54
MD,110.35,112.62,115.75,115.26,148.14,146.19,83,77,90,89,16.27,0.86,14.96,14.22,2.47
UWMC,110.33,116.52,114.12,97.74,99.89,92.82,83,58,21,16,6.4,0.59,5.17,5.07,1.66
CRVS,110.31,112.86,122.9,120.94,138.14,215.21,83,81,87,95,5.87,0.45,5.04,4.64,3.09
SGLY,110.29,110.29,93.71,91.5,85.19,118.76,83,15,10,79,1.39,0.25,1.06,1.13,2.15
PINC,110.27,115.47,117.55,115.82,120.66,101.43,83,78,79,61,25.75,0.86,23.83,21.28,3.42
ULTA,110.22,114.4,126.62,126.28,126.85,95.9,83,84,83,18,521.47,0.94,513.73,431.95,1.62
BFC,110.21,112.48,116.44,124.45,131.58,113.5,83,83,85,75,127.47,0.9,124.71,109.11,3.57
AXL,110.19,112.77,108.88,100.89,79.35,79.57,83,63,8,8,6.19,0.82,5.39,4.95,2.26
HGTY,110.17,114.9,110.58,102.9,96.47,100.23,83,65,18,22,12.72,0.94,11.07,10.05,4.76
FAST,110.12,110.12,120.71,120.71,123.96,111.67,83,81,81,73,47.58,0.83,47.66,40.89,2.13
LVWR,110.12,112.51,199.7,183.61,189.83,66.03,83,94,95,4,5.26,0.66,3.96,3.5,8.07
BOWNU,110.11,128.39,161.09,173.91,204.48,103.18,83,93,95,64,13.02,1.0,13.02,10.05,
NXST,110.09,111.85,118.53,118.91,114.84,112.8,83,80,73,75,208.94,0.99,196.24,169.43,2.49
MC,110.07,112.47,109.24,109.04,98.96,121.74,83,72,20,81,77.18,0.95,71.62,65.57,2.34
CHGG,110.04,111.3,114.23,158.39,119.49,61.69,83,91,78,4,1.65,0.54,1.39,1.27,1.49
CC,110.03,112.63,108.99,96.76,71.95,79.15,83,57,6,8,17.01,0.64,14.44,14.32,1.05
DORM,110.0,114.61,120.49,113.7,118.66,122.65,83,76,77,81,156.44,0.83,144.34,130.68,1.42
ZURA,109.94,116.75,134.14,97.24,62.68,68.13,83,58,4,5,1.99,0.25,1.77,1.59,1.41
SEB,109.93,126.59,131.54,122.58,103.02,98.61,83,82,23,21,3500.2,0.68,3523.03,2855.36,5.12
ATMU,109.9,112.58,112.72,107.32,116.67,123.73,83,70,75,82,45.98,0.95,42.03,38.91,2.57
FBRX,109.89,112.99,146.49,157.55,158.03,265.64,83,91,92,96,13.51,0.39,10.9,11.7,4.06
NXDR,109.87,109.87,100.86,95.34,75.71,110.11,83,19,7,72,2.31,0.64,1.95,1.94,1.08
VOXR,109.87,111.83,116.33,131.6,161.29,116.39,83,86,92,77,3.7,1.0,3.37,2.97,2.2
UNTY,109.86,115.1,117.88,132.65,140.63,141.35,83,86,88,88,51.45,0.89,50.72,45.9,1.67
LU,109.81,109.81,108.12,106.03,152.77,160.79,83,69,91,92,3.32,0.57,2.93,2.8,1.85
SBR,109.78,111.62,112.27,104.75,116.2,110.65,83,68,75,72,76.73,0.98,70.02,64.76,1.08
ZONE,109.75,188.37,392.96,271.53,277.12,85.14,83,97,97,11,2.28,0.23,3.94,2.19,1.89
PLYM,109.74,112.17,116.49,112.56,87.56,87.72,83,75,12,12,22.02,0.96,18.18,16.65,1.88
ASND,109.69,119.41,127.41,130.2,133.01,126.98,83,85,86,84,197.68,0.9,187.31,160.43,1.49
VIAV,109.68,112.62,114.44,103.85,129.17,132.46,83,67,84,86,12.24,0.88,10.9,10.52,1.51
SPXC,109.62,111.09,114.17,124.19,106.99,103.02,83,82,27,64,188.04,0.81,186.59,157.38,2.12
CRS,109.57,113.78,119.16,169.88,167.12,183.74,83,93,93,93,239.83,0.66,254.76,217.28,4.18
PRPL,109.56,118.56,126.48,108.88,86.02,106.5,83,72,11,68,1.04,0.69,0.96,0.87,0.86
PLOW,109.44,112.22,118.43,121.51,113.05,103.73,83,81,33,65,32.33,0.89,31.06,26.66,1.23
ECO,109.41,115.83,114.16,98.26,97.38,94.5,83,59,19,17,29.28,0.7,25.96,23.02,0.76
VLRS,109.39,109.39,101.23,101.69,78.52,113.69,83,64,7,75,6.75,0.59,5.76,6.0,1.38
SRZN,109.38,109.38,124.99,129.8,126.33,146.3,83,85,83,89,12.28,0.55,10.55,10.42,4.85
ALHC,109.38,112.22,120.4,115.28,263.08,199.93,83,77,97,94,16.54,0.67,14.64,14.79,2.12
RMCF,109.36,114.33,90.33,105.03,85.95,103.37,83,68,11,64,1.94,0.39,1.63,1.67,1.71
WFC,109.33,110.58,107.86,119.59,119.71,128.07,83,80,78,84,84.64,1.0,80.27,74.73,2.26
BCO,109.32,114.6,116.27,111.58,99.35,95.43,83,74,20,18,113.97,0.9,104.4,93.01,3.14
TACT,109.31,109.31,109.75,98.91,95.85,94.93,83,60,17,17,4.83,0.98,4.14,3.96,2.12
BLD,109.3,114.26,124.72,122.37,92.97,81.61,83,82,15,9,414.2,0.83,405.74,338.01,1.68
DTST,109.3,114.09,111.82,115.99,92.38,111.21,83,78,14,73,4.58,0.69,4.6,4.08,0.16
VTGN,109.29,115.56,125.37,111.44,99.0,90.87,83,74,20,14,2.98,0.59,3.03,2.66,1.07
ALLY,109.27,111.93,107.47,105.27,104.95,97.17,83,68,25,19,44.21,0.98,39.77,36.6,1.8
ODD,109.27,112.58,117.35,169.98,180.69,112.41,83,93,94,74,62.51,0.65,64.18,55.74,0.31
HLI,109.25,110.18,110.57,112.85,110.11,115.85,83,75,30,77,208.73,1.0,195.62,176.81,2.58
ICU,109.25,109.25,48.52,42.63,66.39,69.84,83,2,4,5,0.9,0.12,0.78,1.36,0.52
TLK,109.23,109.47,117.53,121.34,102.71,81.06,82,81,23,8,19.52,0.89,18.65,15.91,1.05
HII,109.21,112.42,118.65,116.74,120.73,93.26,82,78,79,16,275.13,0.98,266.05,219.67,2.93
KFFB,109.2,122.64,111.72,109.21,102.85,97.69,82,72,23,20,3.44,0.8,3.23,2.95,1.79
QURE,109.19,152.43,178.22,197.44,224.79,338.85,82,95,96,97,13.87,0.69,15.22,14.14,1.94
ABCB,109.15,110.69,108.51,111.32,105.13,111.81,82,74,25,74,75.91,0.98,70.25,63.65,2.69
AMD,109.13,118.22,126.35,138.66,95.73,71.96,82,88,17,6,157.39,0.75,164.7,126.67,0.97
Z,109.11,116.99,120.0,122.6,127.39,151.29,82,82,83,90,86.74,0.89,83.23,75.52,1.66
GLPG,109.02,109.02,110.48,116.28,108.0,93.27,82,78,28,16,34.14,1.0,32.17,27.8,0.85
VRSN,108.87,112.35,113.82,131.38,150.14,128.26,82,86,90,84,282.28,0.82,277.35,251.33,1.65
SHC,108.81,115.18,116.01,108.49,96.7,95.38,82,71,18,18,15.63,0.83,14.13,12.82,1.44
EBS,108.81,108.81,111.45,112.68,109.45,282.3,82,75,30,97,8.21,0.51,7.78,7.36,1.81
BMBL,108.8,110.97,107.32,127.55,88.58,92.57,82,84,12,16,7.05,0.63,6.91,6.34,1.09
MGA,108.78,110.01,111.85,108.41,92.84,85.47,82,71,15,11,46.94,0.98,43.84,38.73,1.13
LAZ,108.76,110.31,110.89,118.62,105.19,115.41,82,79,25,77,56.83,0.93,54.2,48.04,2.1
UAN,108.72,112.6,117.01,122.4,120.38,111.28,82,82,79,73,91.02,0.94,88.69,77.7,0.97
CLMB,108.7,111.36,109.67,114.25,139.43,168.05,82,76,88,92,132.17,0.85,117.05,116.29,0.82
CCRD,108.7,112.31,130.04,165.46,164.24,175.2,82,92,92,93,26.97,0.79,27.47,24.02,1.1
LOPE,108.68,112.13,112.13,117.11,129.24,116.31,82,78,84,77,209.82,1.0,190.51,180.88,2.26
SOHU,108.59,113.09,126.14,123.71,111.24,112.66,82,82,32,74,15.58,0.84,15.45,13.07,0.45
CWCO,108.58,112.21,114.47,117.32,107.33,112.15,82,78,28,74,33.92,0.95,31.56,27.52,3.02
SDM,108.51,124.5,131.85,198.15,114.01,101.26,82,95,53,42,13.81,0.44,14.19,10.92,3.82
MAIN,108.48,112.61,115.03,118.73,119.08,120.63,82,79,78,80,65.78,0.94,64.69,57.56,3.64
SGMT,108.47,126.1,198.53,302.24,197.6,145.66,82,97,95,89,6.52,0.55,8.17,5.44,0.95
CRH,108.45,109.0,109.38,107.64,112.14,114.64,82,71,33,76,113.09,0.96,105.87,97.44,1.43
TBH,108.43,126.88,170.18,145.48,114.01,101.26,82,90,53,42,1.56,0.17,1.24,1.49,0.45
GWRE,108.38,113.52,119.53,133.03,157.05,136.33,82,86,92,87,244.77,0.82,225.92,208.23,1.86
PDD,108.31,113.4,113.22,94.65,117.09,113.91,82,18,76,75,129.47,0.62,118.59,110.83,1.96
ZG,108.29,115.4,118.25,120.42,129.13,151.41,82,81,84,90,83.69,0.9,80.06,73.21,2.24
WWR,108.28,118.8,136.67,150.26,122.14,197.29,82,90,80,94,0.74,0.4,0.75,0.67,0.49
VECO,108.28,108.28,94.98,90.23,76.04,75.1,82,14,7,7,28.55,0.68,23.37,22.82,1.36
FOXA,108.24,108.44,114.19,120.18,144.95,143.64,82,80,89,89,60.62,0.92,57.45,53.3,2.55
NCLH,108.19,120.42,120.42,117.77,96.33,131.13,82,79,18,85,25.23,0.72,24.53,22.46,0.93
RBA,108.17,108.26,110.78,114.7,128.24,118.71,82,77,84,79,118.9,1.0,113.28,102.06,2.51
SLSN,108.16,115.32,133.04,243.39,211.17,272.26,82,96,96,97,3.46,0.55,3.58,3.15,2.04
CIGI,108.15,110.96,119.49,114.73,97.06,99.31,82,77,18,21,164.39,0.93,156.13,135.66,0.63
PFSI,108.14,112.05,110.02,98.88,118.04,107.63,82,60,77,69,125.02,0.95,106.87,101.5,1.53
GNW,108.0,112.7,114.97,111.57,111.84,102.39,82,74,33,63,9.03,1.0,8.22,7.34,2.2
NWPX,107.99,110.64,111.07,107.96,111.29,124.72,82,71,32,83,52.73,0.76,47.89,45.34,6.04
UGP,107.99,109.73,116.0,96.52,99.54,88.16,82,57,20,12,3.89,0.92,3.33,3.02,0.69
TRST,107.98,111.42,114.6,108.38,108.26,103.09,82,71,29,64,39.12,0.91,36.28,32.55,2.47
HG,107.92,109.31,113.81,116.8,130.42,125.38,82,78,85,83,24.38,0.97,22.81,20.53,2.19
NFGC,107.9,107.9,111.06,96.13,76.52,78.86,82,56,7,8,2.12,0.64,1.74,1.58,1.35
RJF,107.9,108.07,108.96,110.76,110.59,124.27,82,73,31,82,174.06,1.0,165.58,153.99,2.92
LSBK,107.85,108.26,114.53,111.2,130.77,131.35,82,74,85,85,13.1,0.92,12.58,11.37,0.47
ISTR,107.84,111.12,112.21,117.29,108.43,123.01,82,78,29,81,23.01,0.88,22.41,19.98,2.81
STN,107.82,109.18,114.75,124.38,126.83,101.43,82,82,83,61,109.62,0.93,109.42,93.51,4.15
JKS,107.78,115.99,121.94,123.65,98.83,108.37,82,82,20,70,24.92,0.67,23.43,20.83,1.64
MI,107.67,115.75,140.78,104.71,83.11,89.93,82,68,9,13,3.6,0.24,3.14,2.86,0.59
LRN,107.66,124.89,131.64,145.33,190.62,167.81,82,89,95,92,141.71,0.73,147.85,135.77,1.52
VLO,107.55,109.2,113.08,111.38,100.96,96.56,82,74,22,19,162.62,0.98,146.14,131.8,2.92
CLNE,107.54,108.0,112.53,99.82,82.2,116.93,82,62,9,78,2.65,0.59,2.32,2.23,1.74
PLUT,107.53,110.0,104.72,109.15,114.01,101.26,82,72,53,42,3.38,0.62,3.07,2.92,0.24
LECO,107.49,109.87,113.25,117.68,101.74,97.24,82,79,22,19,238.29,0.88,236.29,205.06,2.85
ZENA,107.48,107.48,174.2,194.35,116.39,177.42,82,94,75,93,5.33,0.44,5.14,4.43,0.43
NPB,107.42,109.41,112.02,101.54,114.01,101.26,82,64,53,42,18.48,0.98,16.35,14.63,2.21
GRC,107.37,107.37,103.76,103.77,103.51,99.69,82,66,24,22,44.9,1.0,41.28,38.05,4.35
SNX,107.36,111.67,111.48,116.28,111.73,114.66,82,78,33,76,149.98,0.94,146.93,130.19,3.12
GEL,107.33,109.97,122.85,125.02,143.13,133.63,81,83,89,86,16.54,0.89,16.71,14.05,0.84
RY,107.3,107.34,110.58,107.63,112.84,102.52,81,71,33,63,147.26,1.0,137.12,123.63,0.85
DAL,107.29,109.54,111.02,112.7,97.8,132.93,81,75,19,86,59.76,0.74,57.76,54.49,1.86
STVN,107.26,110.99,108.61,118.78,118.94,103.99,81,80,78,65,26.8,0.89,24.46,22.59,1.03
BSBK,107.21,108.82,115.32,113.16,111.0,104.17,81,75,32,65,9.4,0.97,8.75,7.88,3.12
SLND,107.19,112.19,113.06,126.26,110.33,86.8,81,84,31,11,4.49,0.86,4.3,3.66,3.96
QUAD,107.16,113.6,111.74,109.28,106.56,144.0,81,72,27,89,6.57,0.56,6.14,6.01,0.88
DGII,107.07,108.67,103.0,120.87,117.35,114.72,81,81,76,76,37.57,0.96,33.85,31.82,2.73
RGLD,107.07,109.29,108.92,122.08,150.05,118.09,81,81,90,79,191.67,0.94,170.44,161.78,4.76
OPTX,107.06,146.71,125.9,132.18,122.11,150.11,81,86,80,90,1.7,0.31,1.64,1.64,0.7
JBI,107.04,110.85,115.1,111.88,92.85,85.51,81,74,15,11,10.17,0.89,9.69,8.28,1.57
BOOT,107.03,115.42,124.37,132.1,129.94,133.62,81,86,84,86,176.07,0.85,173.87,146.12,1.46
MFIN,107.02,109.53,113.44,111.92,116.71,111.8,81,74,75,73,10.52,0.92,10.17,9.18,2.82
ORLY,107.01,111.81,112.94,111.44,136.04,119.15,81,74,87,79,103.93,0.89,101.13,91.49,2.12
GROV,106.99,106.99,104.94,110.15,103.17,111.01,81,73,23,73,1.53,0.68,1.48,1.4,0.72
DDD,106.98,106.98,103.68,83.77,81.38,129.0,81,10,9,84,2.45,0.32,2.0,2.49,0.98
MSGE,106.9,111.12,109.29,110.4,103.19,92.26,81,73,23,15,45.15,0.95,40.05,36.48,1.4
AAPG,106.87,118.42,157.56,160.53,127.38,101.26,81,92,83,42,38.85,0.71,40.75,29.28,2.2
ENS,106.87,108.72,103.28,94.11,102.08,102.44,81,17,23,63,109.99,0.96,97.65,93.25,3.27
GIL,106.86,106.86,109.24,110.31,111.59,123.64,81,73,32,82,56.18,0.99,53.33,48.94,1.66
PODD,106.85,113.96,120.74,119.63,141.69,126.2,81,80,89,83,330.84,0.82,314.13,287.58,1.63
BSAC,106.76,107.93,109.69,117.51,136.99,120.06,81,79,87,80,25.59,0.91,24.22,22.27,0.72
RTX,106.75,108.7,115.85,120.01,126.08,124.35,81,80,83,82,158.24,0.95,155.27,134.57,1.6
STT,106.74,110.03,114.02,119.63,111.54,113.95,81,80,32,76,113.5,0.94,111.5,98.49,1.65
MGYR,106.71,107.7,115.04,123.39,127.75,118.37,81,82,83,79,17.44,0.99,17.06,15.24,2.67
THFF,106.71,109.87,113.9,124.88,125.14,122.19,81,83,82,81,58.46,0.93,56.51,50.76,3.36
DBI,106.67,121.82,119.64,74.53,70.6,78.35,81,6,5,8,4.14,0.4,3.49,3.85,1.94
CAAS,106.63,107.25,101.81,106.19,152.62,131.47,81,69,91,85,5.0,0.85,4.25,4.19,1.57
OMF,106.62,113.27,113.94,119.13,108.34,111.22,81,80,29,73,60.83,0.93,58.67,52.3,1.42
ROK,106.59,107.46,111.97,124.28,116.19,102.06,81,82,75,62,347.82,0.93,345.42,299.09,1.16
AYI,106.56,111.24,112.32,105.57,97.61,113.0,81,69,19,75,336.69,0.94,317.91,293.65,2.38
LILAK,106.53,109.81,118.32,115.24,93.72,92.97,81,77,16,16,8.08,0.62,7.54,6.47,1.89
TDS,106.53,113.04,118.97,126.23,170.42,166.35,81,83,93,92,37.98,0.85,38.79,36.18,1.49
VRNS,106.53,106.53,111.66,110.45,106.42,87.93,81,73,27,12,58.06,0.91,55.62,47.66,2.19
DLTR,106.52,112.36,128.88,133.26,127.74,81.63,81,86,83,9,95.26,0.61,109.16,86.75,1.77
SN,106.5,112.68,117.52,124.5,107.82,143.51,81,83,28,89,114.96,0.89,116.33,100.53,1.02
NIC,106.49,109.58,112.66,126.04,127.67,124.19,81,83,83,82,133.63,0.87,132.9,118.72,2.66
ASR,106.48,114.37,114.37,113.52,123.96,104.84,81,76,81,66,335.75,0.9,321.12,285.18,0.79
CBFV,106.48,107.22,108.93,107.25,126.17,114.95,81,70,83,76,33.9,1.0,31.64,29.26,3.42
NFG,106.44,111.08,117.06,127.74,146.74,139.04,81,84,90,88,86.49,0.92,87.11,77.13,1.85
BKR,106.44,108.62,109.1,111.62,125.54,128.39,81,74,82,84,47.34,0.95,43.94,41.46,2.36
EXOZ,106.35,106.35,84.22,84.85,113.88,133.67,81,10,34,86,14.47,0.49,10.46,12.88,3.34
AVD,106.32,108.56,98.89,98.81,81.81,74.34,81,60,9,6,5.4,0.66,4.74,4.69,1.61
PBF,106.29,109.73,118.89,113.26,84.34,74.26,81,75,10,6,30.13,0.88,25.41,23.09,2.18
SCHW,106.27,107.14,112.83,119.26,116.34,109.67,81,80,75,71,94.33,0.88,95.24,84.36,1.62
GM,106.26,107.81,109.44,106.24,107.15,113.69,81,69,27,75,58.98,0.97,55.49,50.49,1.61
JG,106.23,116.73,147.85,205.83,249.4,326.01,81,95,97,97,9.67,0.53,10.11,9.48,0.64
CAE,106.22,106.22,110.07,125.9,128.58,123.02,81,83,84,81,27.95,0.84,27.87,25.63,2.41
RVP,106.2,106.2,108.11,92.99,92.71,100.01,81,16,15,22,0.84,0.82,0.77,0.73,0.45
WBS,106.18,108.67,109.68,118.61,108.26,116.32,81,79,29,77,61.54,0.94,59.5,54.51,2.44
BA,106.18,109.59,120.99,127.8,127.32,102.02,81,84,83,62,215.65,0.78,227.83,192.82,1.52
CPIX,106.16,128.02,147.1,193.76,313.55,443.31,81,94,97,98,3.15,0.37,3.37,3.88,0.61
VREX,106.11,106.63,102.54,98.7,88.96,94.5,81,60,12,17,12.28,0.55,9.79,10.84,1.77
NEUE,106.06,106.06,103.18,128.25,138.27,128.89,81,85,88,84,6.72,0.78,6.72,6.68,1.06
MO,106.04,107.51,116.47,115.57,137.78,123.34,81,77,87,82,64.89,0.92,62.79,56.34,2.7
SANA,105.98,111.06,133.83,175.08,93.29,77.36,81,93,15,7,3.09,0.46,3.67,2.73,2.5
DHI,105.96,111.85,118.51,111.05,95.44,84.0,81,73,17,10,168.3,0.67,158.93,137.99,1.97
PATK,105.92,110.87,121.91,119.26,108.26,115.36,81,80,29,77,106.02,0.77,105.99,91.86,1.85
CTLP,105.91,115.73,118.67,138.96,140.2,135.68,80,88,88,87,10.63,0.89,10.94,9.46,1.28
WLACU,105.91,106.44,101.81,101.81,114.91,101.82,80,64,73,62,12.74,1.0,10.68,10.27,0.0
EAF,105.9,105.9,97.64,152.05,114.28,135.26,80,91,72,87,13.46,0.46,11.58,11.85,3.18
WXM,105.89,113.51,113.96,129.3,114.01,101.26,80,85,53,42,3.54,0.72,3.16,2.66,10.03
DAIO,105.88,115.03,120.58,126.23,110.7,104.1,80,83,31,65,3.21,0.81,3.24,2.83,0.82
DBD,105.78,114.0,131.02,129.91,113.52,110.08,80,85,34,72,56.89,0.76,59.65,49.39,1.91
ETSY,105.75,107.76,119.78,124.2,112.86,88.02,80,82,33,12,64.99,0.83,59.73,53.59,1.15
OSW,105.73,110.01,116.26,116.63,113.0,129.59,80,78,33,85,22.12,0.89,21.98,19.78,4.58
RRBI,105.69,108.2,109.63,116.65,113.91,104.01,80,78,34,65,66.12,0.91,63.34,56.93,2.5
ABBV,105.68,105.68,106.45,104.3,122.33,123.8,80,67,80,82,222.47,1.0,202.75,189.57,2.87
LAC,105.68,105.68,95.48,104.12,98.41,93.23,80,67,19,16,3.25,0.43,2.92,2.93,1.05
EVC,105.63,113.58,116.65,120.89,118.68,115.09,80,81,77,77,2.5,0.91,2.39,2.13,1.51
SWIM,105.62,109.63,125.26,127.96,143.52,176.01,80,84,89,93,7.68,0.82,7.41,6.66,1.72
LGO,105.62,105.62,91.68,91.44,105.85,103.03,80,15,26,64,1.82,0.43,1.48,1.59,2.31
ENVX,105.6,105.6,108.68,159.01,97.77,114.21,80,91,19,76,10.09,0.44,11.36,9.65,1.0
TENX,105.6,106.79,104.46,130.08,163.85,160.86,80,85,92,92,6.41,0.7,6.04,6.05,0.67
VMI,105.56,107.1,109.76,108.63,119.0,119.84,80,72,78,80,375.11,0.91,365.2,329.39,1.49
AZO,105.53,110.42,112.16,109.83,130.39,119.8,80,73,85,80,4140.36,0.84,4025.07,3657.75,1.63
ORIC,105.47,110.45,124.99,160.54,108.47,113.61,80,92,29,75,10.56,0.76,10.43,8.6,5.06
AMR,105.46,105.46,91.56,89.13,62.28,70.59,80,13,4,5,166.1,0.44,138.66,146.59,1.49
TER,105.45,106.09,113.35,102.69,77.28,104.05,80,65,7,65,119.85,0.73,107.82,101.26,2.28
GDEV,105.45,105.45,82.32,102.19,121.33,86.48,80,65,80,11,21.42,0.48,14.95,14.95,3.35
EWBC,105.38,108.47,108.47,124.95,111.11,116.66,80,83,32,78,108.95,0.98,104.51,95.68,3.23
CADE,105.37,107.87,108.79,109.09,101.22,110.2,80,72,22,72,37.34,0.94,35.81,32.68,3.2
GRMN,105.37,107.03,108.44,113.74,125.1,130.87,80,76,82,85,235.12,0.93,230.97,212.45,3.28
TEN,105.33,111.84,116.72,102.16,102.81,81.5,80,65,23,9,22.72,0.83,20.83,17.99,0.88
MNSB,105.31,108.58,117.71,112.89,118.31,96.07,80,75,77,18,21.55,0.82,21.14,18.52,5.43
VUZI,105.27,105.27,123.05,154.46,189.61,350.81,80,91,95,97,2.57,0.38,2.21,2.73,2.34
VOD,105.27,111.03,122.3,122.71,119.79,113.94,80,82,79,75,11.41,0.85,11.48,9.65,0.82
CUBWU,105.27,106.99,106.34,105.7,116.31,101.42,80,69,75,61,12.4,1.0,11.06,10.47,0.0
AXP,105.26,106.79,105.48,113.01,109.09,122.13,80,75,29,81,341.12,1.0,314.38,296.3,3.3
HOND,105.26,105.26,99.35,103.98,116.65,102.02,80,67,75,62,13.5,1.0,11.47,10.79,4.23
OMDA,105.26,106.9,103.94,95.42,114.01,101.26,80,37,53,42,22.72,0.83,20.49,19.55,4.28
WCC,105.22,112.15,118.62,115.13,99.43,104.45,80,77,20,66,208.77,0.81,211.68,183.82,2.35
TRMK,105.15,106.99,106.66,109.92,113.85,111.79,80,73,34,73,40.69,0.97,38.76,35.86,4.12
KALV,105.14,111.11,116.17,132.21,133.23,119.42,80,86,86,79,13.17,0.67,13.99,11.77,1.62
VALE,105.12,105.12,103.38,96.8,105.99,103.35,80,57,26,64,10.86,0.98,10.0,9.23,0.65
NMTC,105.04,112.37,120.36,120.59,120.19,133.79,80,81,79,86,0.93,0.63,0.81,0.81,2.34
SJT,104.97,107.36,110.91,132.53,167.39,129.42,80,86,93,85,5.76,0.63,5.84,5.39,0.5
HLF,104.94,106.71,124.46,128.81,120.51,104.23,80,85,79,65,9.13,0.7,9.46,7.91,1.16
BRSL,104.93,107.88,108.52,98.27,94.85,88.45,80,59,16,13,16.55,0.84,15.54,14.08,1.17
TPG,104.9,105.84,107.48,108.19,99.82,128.06,80,71,21,84,63.94,0.82,59.26,55.25,1.87
HBCP,104.86,107.54,108.99,121.31,123.39,114.81,80,81,81,76,56.07,0.95,54.55,49.42,2.22
DLPN,104.85,104.85,101.78,104.93,91.07,71.57,80,68,14,6,1.35,0.72,1.19,1.11,0.14
FIBK,104.85,106.9,103.95,104.56,102.81,107.33,80,67,23,69,33.45,0.96,30.73,29.18,2.56
PAY,104.8,107.11,113.01,127.23,151.91,163.99,80,84,91,92,34.55,0.74,33.57,32.36,2.3
TDY,104.79,104.79,106.27,111.65,116.05,114.75,80,74,74,76,565.41,0.99,548.26,502.69,1.15
SB,104.79,105.66,106.87,102.76,88.86,88.35,80,65,12,12,4.53,0.8,4.23,3.71,1.61
MPC,104.78,104.99,107.65,113.88,105.91,93.08,80,76,26,16,185.46,1.0,172.7,153.94,3.19
WHG,104.78,104.78,117.9,115.87,130.71,120.2,80,78,85,80,17.66,0.85,17.32,15.77,5.56
JHG,104.75,107.81,107.62,108.45,103.73,118.16,80,71,24,79,44.82,0.97,43.22,39.48,1.96
ADM,104.73,108.43,116.49,110.5,99.69,92.95,80,73,21,16,61.65,0.89,58.48,50.8,3.34
JXN,104.64,104.88,106.24,101.32,111.58,117.58,80,63,32,78,100.79,0.78,92.24,86.17,6.31
MAMO,104.63,104.63,106.32,95.69,93.65,92.11,80,55,15,15,2.96,0.4,2.75,2.63,1.73
BSVN,104.63,109.56,114.02,114.93,116.27,137.93,80,77,75,87,47.2,0.85,46.7,41.87,1.95
EDAP,104.61,104.61,113.56,70.81,73.22,74.47,80,5,6,6,2.5,0.68,1.76,2.0,0.41
HIFS,104.59,108.14,105.89,115.86,120.75,117.72,80,78,79,78,284.43,0.85,264.23,253.32,2.73
CCBG,104.58,107.49,110.08,115.87,125.3,112.91,80,78,82,75,43.33,0.96,41.37,37.69,5.17
JBTM,104.53,109.05,121.96,118.7,119.5,123.59,79,79,78,82,134.84,0.77,137.81,124.5,4.89
BLK,104.5,105.01,109.41,112.2,106.95,112.64,79,74,27,74,1142.85,0.97,1115.01,1004.65,2.59
ULS,104.47,104.84,106.1,139.44,146.63,109.78,79,88,90,71,68.1,0.8,67.51,60.8,1.79
PHM,104.44,108.25,114.0,108.34,98.61,88.12,79,71,20,12,131.9,0.72,124.95,110.83,2.65
WELL,104.43,107.23,112.14,114.49,142.67,133.59,79,77,89,86,165.19,0.91,164.52,148.01,7.43
LXFR,104.4,110.94,106.05,98.99,103.1,122.92,79,60,23,81,14.08,0.87,12.73,12.26,2.21
HSII,104.39,107.89,112.82,112.49,121.98,130.13,79,75,80,85,49.83,0.87,47.96,44.44,4.08
WMS,104.39,105.78,109.05,103.46,86.11,78.32,79,66,11,8,143.17,0.71,131.78,119.49,1.27
SBCF,104.35,107.34,107.99,110.64,103.0,104.3,79,73,23,65,30.94,0.94,29.43,26.91,2.6
GRWG,104.33,112.37,117.06,101.79,85.02,71.95,79,64,10,6,1.62,0.55,1.36,1.29,1.85
IPGP,104.32,106.81,113.65,106.13,95.12,84.18,79,69,17,10,81.4,0.88,78.57,69.7,3.41
SAH,104.3,108.84,116.18,137.55,125.07,121.79,79,88,82,81,78.6,0.73,78.91,70.12,1.1
HOV,104.3,110.59,113.82,105.88,79.54,75.77,79,69,8,7,143.96,0.41,135.96,120.84,1.76
CVLT,104.3,104.3,99.75,116.95,133.86,132.81,79,78,86,86,194.61,0.99,180.04,170.66,4.96
BWEN,104.29,109.37,116.2,136.19,95.72,80.8,79,87,17,8,2.09,0.47,2.31,1.86,0.66
RCI,104.27,105.11,111.33,111.25,85.88,78.76,79,74,11,8,35.38,0.79,34.41,29.17,0.82
RLAY,104.24,104.24,95.4,100.22,71.52,62.0,79,62,6,4,4.66,0.45,3.7,3.62,1.48
GYRO,104.2,104.33,115.0,112.69,110.21,106.36,79,75,30,68,10.01,0.65,9.75,8.94,0.78
PH,104.18,106.25,106.93,111.67,108.29,113.48,79,74,29,75,755.68,0.95,738.28,669.16,1.22
FERG,104.15,107.95,113.42,116.66,113.17,84.04,79,78,34,10,229.41,0.9,226.75,192.83,1.78
BDC,104.14,109.61,109.01,112.7,103.94,114.69,79,75,24,76,130.28,0.93,126.6,114.1,2.01
AKRO,104.14,106.72,128.19,165.69,174.41,205.17,79,92,94,95,45.22,0.65,48.16,43.75,2.57
MOV,104.1,109.17,107.01,92.43,84.75,85.59,79,16,10,11,19.49,0.93,17.0,16.66,2.12
MRP,104.1,111.66,113.65,107.81,114.01,101.26,79,71,53,42,34.35,0.92,32.58,27.27,2.79
TX,104.1,104.74,106.11,102.87,98.2,98.4,79,65,19,20,35.19,0.98,32.69,29.46,1.68
GRFS,104.1,108.08,122.08,133.67,110.75,112.63,79,87,31,74,9.74,0.77,10.06,8.21,0.76
SF,104.09,107.64,108.74,111.92,112.29,123.68,79,74,33,82,115.0,0.97,112.4,102.87,3.48
LDWY,104.08,106.46,119.38,120.52,122.34,107.72,79,81,80,69,5.03,0.71,5.18,4.55,0.49
ASX,104.07,104.16,110.84,102.9,98.82,105.14,79,65,20,66,11.46,0.99,10.36,9.71,1.61
FTRE,104.03,107.46,123.16,88.26,39.85,72.74,79,12,2,6,10.13,0.31,7.84,10.16,1.66
CTRE,104.02,107.91,115.05,112.21,120.04,109.44,79,74,79,71,34.34,0.96,32.95,28.9,2.25
NTGR,104.0,111.2,108.67,134.76,156.34,172.95,79,87,92,93,29.12,0.83,26.66,26.68,1.12
BLTE,103.99,109.96,104.03,109.07,134.88,135.26,79,72,86,87,70.2,0.64,65.68,62.23,1.32
MARA,103.95,106.18,91.74,116.11,99.12,101.16,79,78,20,23,18.29,0.46,16.66,16.32,1.18
CZWI,103.94,104.91,104.82,103.09,118.51,120.57,79,66,77,80,16.63,0.98,15.68,15.1,4.71
GREE,103.94,103.94,95.42,158.48,117.75,69.75,79,91,76,5,1.63,0.48,1.51,1.36,1.19
GNSS,103.93,109.13,89.01,73.59,108.11,129.18,79,6,28,85,2.5,0.41,1.91,2.26,1.06
FLNC,103.92,103.92,99.64,130.12,55.05,82.97,79,85,3,9,9.36,0.29,8.0,8.39,1.85
ADAM,103.91,104.86,109.6,114.99,123.06,116.47,79,77,81,77,7.39,0.99,6.96,6.28,4.04
PLAB,103.87,104.54,107.13,89.3,86.09,85.7,79,13,11,11,24.94,0.73,21.24,21.12,4.06
BDL,103.79,103.84,122.03,127.32,124.97,100.81,79,84,82,23,31.73,0.72,30.96,26.95,1.33
NTAP,103.77,105.73,104.69,95.55,94.06,103.66,79,55,16,65,125.16,0.93,111.21,106.18,3.7
QXO,103.74,114.38,130.41,136.01,126.38,60.97,79,87,83,4,20.62,0.71,20.78,16.83,1.82
LITM,103.73,104.14,104.6,81.48,226.7,276.62,79,8,96,97,4.14,0.11,4.06,5.7,1.36
FRGE,103.73,109.66,122.0,154.93,126.24,72.56,79,91,83,6,17.34,0.59,18.91,14.63,1.31
BWB,103.72,106.51,104.97,115.69,119.36,108.53,79,77,78,70,17.35,0.94,16.16,14.87,3.42
CRBU,103.72,121.74,136.06,174.1,89.52,72.83,79,93,13,6,1.69,0.47,1.91,1.43,0.89
WFCF,103.68,107.2,105.41,96.39,109.74,109.63,79,56,30,71,13.23,0.94,11.68,11.57,1.56
QIPT,103.66,107.5,110.59,101.27,83.3,89.03,79,63,9,13,2.74,0.73,2.33,2.36,1.5
HTB,103.64,107.55,105.76,108.66,121.14,112.55,79,72,80,74,41.72,0.92,39.94,36.38,3.75
KEY,103.59,106.13,107.23,112.36,104.79,107.61,79,75,25,69,19.08,0.98,18.36,16.68,1.46
NBIX,103.57,105.13,106.22,107.8,100.67,105.07,79,71,21,66,145.23,0.88,135.14,125.77,1.94
ETR,103.56,106.94,110.84,115.25,146.93,140.98,79,77,90,88,88.67,0.92,88.06,82.25,1.8
COCO,103.53,112.73,109.73,118.4,117.05,135.23,79,79,76,87,39.73,0.83,36.5,35.29,2.3
CSGS,103.49,104.86,103.48,119.7,137.51,127.18,79,80,87,84,66.14,0.97,63.0,60.22,4.52
VMC,103.47,104.02,107.45,100.12,104.58,99.83,79,62,25,22,297.79,0.95,283.93,264.12,1.44
DCI,103.45,104.36,104.92,97.0,97.42,96.76,79,57,19,19,81.08,0.95,75.13,69.82,3.39
MLM,103.41,103.97,107.34,101.48,104.65,88.8,78,64,25,13,618.57,0.93,597.56,541.86,1.57
HONE,103.38,105.08,102.45,105.51,103.95,99.1,78,68,24,21,13.41,0.97,12.33,11.47,2.62
LUMN,103.37,110.34,110.34,151.17,199.33,266.95,78,90,95,96,5.71,0.37,4.68,4.67,3.47
WOLF,103.37,117.8,78.57,46.62,58.39,61.18,78,2,3,4,2.23,0.12,1.57,3.79,1.71
BOF,103.31,105.67,147.42,181.84,185.06,182.21,78,94,94,93,2.26,0.56,2.34,2.1,0.56
HWBK,103.29,104.07,109.92,109.48,131.52,137.42,78,72,85,87,32.84,0.87,30.23,29.58,5.72
NOAH,103.28,103.55,127.45,130.6,122.89,122.89,78,85,81,81,11.67,0.77,12.06,10.38,1.04
JEF,103.26,105.32,103.67,95.44,106.3,146.95,78,55,26,89,69.49,0.73,60.68,60.39,2.89
AMTD,103.24,106.83,100.58,90.02,86.58,79.24,78,14,11,8,1.33,0.57,1.06,1.06,1.19
FFAI,103.21,103.21,155.78,182.98,86.4,71.3,78,94,11,6,1.77,0.3,2.24,1.6,0.71
ACOG,103.17,115.02,118.66,168.23,138.53,101.31,78,92,88,61,8.02,0.57,9.14,7.25,3.93
MHO,103.17,108.34,111.58,105.28,95.57,88.57,78,68,17,13,147.65,0.62,136.61,124.32,2.27
TIC,103.17,103.17,93.91,100.21,114.01,101.26,78,62,53,42,14.4,1.0,11.03,10.95,3.91
SCYX,103.16,103.16,103.09,70.0,80.89,77.85,78,5,8,7,1.12,0.47,0.84,0.95,3.54
MSFT,103.15,104.0,108.68,115.24,109.84,95.81,78,77,30,18,517.93,0.91,511.15,447.1,2.51
GNTX,103.14,105.26,103.99,99.94,81.2,83.11,78,62,9,9,28.68,0.79,26.81,24.91,2.4
MQ,103.13,109.98,125.31,137.54,123.51,96.24,78,88,81,18,5.69,0.67,5.99,4.76,1.06
SBLK,103.03,103.58,105.52,106.29,94.17,92.25,78,69,16,15,19.7,0.71,18.89,16.38,1.4
BAM,103.02,103.56,106.72,116.73,121.87,124.63,78,78,80,83,60.02,0.87,59.74,55.12,1.06
CRAI,103.01,104.64,99.45,104.04,108.4,121.37,78,67,29,81,210.79,0.97,189.21,184.22,1.08
CMPR,102.81,104.32,103.13,98.35,70.04,82.06,78,59,5,9,62.31,0.49,56.23,54.33,1.27
GRDN,102.74,118.24,120.06,100.77,123.42,103.67,78,63,81,65,25.43,0.66,23.96,22.3,5.69
EA,102.7,102.85,108.08,111.18,117.81,98.19,78,74,76,20,173.09,0.91,164.5,149.06,2.89
PII,102.64,107.43,109.57,111.44,70.93,65.61,78,74,5,4,55.36,0.48,53.93,46.44,1.84
BFH,102.64,109.73,114.78,115.47,107.44,140.95,78,77,28,88,63.46,0.86,62.12,56.59,2.14
ALTG,102.63,109.83,139.03,140.97,97.94,87.27,78,89,19,12,7.09,0.68,7.83,6.39,1.33
DELL,102.63,104.89,106.56,121.75,100.86,99.66,78,81,21,22,131.94,0.86,129.73,112.03,1.56
NTCT,102.57,103.88,104.23,111.96,111.01,108.3,78,74,32,70,25.83,0.97,23.28,22.63,3.29
SILC,102.57,113.96,112.29,112.45,104.21,111.32,78,75,24,73,16.92,0.71,16.4,15.62,1.67
KTB,102.49,107.75,108.61,95.9,95.46,124.52,78,56,17,82,80.42,0.69,70.19,71.64,2.89
PVL,102.46,112.39,118.69,126.48,133.23,112.32,78,84,86,74,1.92,0.85,1.88,1.62,4.35
SABS,102.43,116.16,101.16,126.11,85.32,114.35,78,83,10,76,2.47,0.38,2.3,2.25,0.44
FSBC,102.42,105.39,104.59,104.57,111.93,109.88,78,67,33,71,32.95,0.91,31.34,29.4,3.55
IPDN,102.39,106.97,319.15,123.08,49.56,69.81,78,82,2,5,2.76,0.19,2.93,2.91,0.02
ETN,102.37,104.92,103.34,114.7,103.12,107.98,78,77,23,70,374.5,0.88,363.15,327.54,1.46
TJX,102.33,103.52,103.62,101.96,123.0,106.85,78,64,81,69,139.78,0.95,132.49,125.67,1.48
DLX,102.31,105.41,111.86,102.21,82.33,105.99,78,65,9,67,19.42,0.65,18.12,17.4,3.15
FNB,102.29,104.64,106.1,110.05,99.58,103.45,78,73,20,64,16.29,0.91,15.84,14.55,1.83
ALK,102.29,115.26,116.44,106.69,115.11,164.76,78,70,73,92,57.25,0.48,56.76,57.2,1.95
NRIM,102.28,104.18,109.47,132.36,127.38,143.63,78,86,83,89,91.04,0.8,89.46,82.95,2.45
ATRC,102.27,103.77,107.46,115.76,127.93,144.04,78,78,84,89,36.43,0.61,34.64,34.39,1.23
WS,102.25,104.0,103.67,104.41,83.56,93.12,78,67,10,16,33.57,0.48,31.85,29.31,5.9
BSBR,102.22,102.22,105.03,111.87,115.43,103.95,78,74,74,65,5.51,0.97,5.04,4.68,0.85
NOC,102.21,104.98,116.45,113.7,124.04,106.02,78,76,81,67,573.03,0.87,570.9,502.54,1.91
DWTX,102.2,105.43,116.74,136.34,180.86,306.45,78,87,94,97,5.01,0.2,4.86,5.18,1.81
WAL,102.17,104.37,105.27,109.3,108.11,116.49,78,72,28,77,90.98,0.9,84.17,80.15,2.96
CNTX,102.16,105.44,88.54,79.3,80.51,70.93,78,8,8,6,0.97,0.23,0.81,0.85,3.39
JNJ,102.12,102.46,108.02,107.89,116.91,110.54,78,71,75,72,176.19,0.94,171.62,156.48,2.92
LTRN,102.06,104.41,120.71,124.81,98.28,118.66,78,83,19,79,4.03,0.51,4.27,3.84,0.3
ANGO,102.02,106.25,113.46,117.93,150.5,193.13,78,79,90,94,10.77,0.69,9.53,9.79,0.8
MOS,102.01,107.03,107.43,131.96,139.28,102.86,78,86,88,63,33.98,0.76,33.85,29.97,0.93
RYAAY,101.97,106.52,129.81,131.28,124.97,104.18,78,86,82,65,55.79,0.62,61.37,51.17,1.22
CMRE,101.95,105.74,106.66,101.21,83.69,92.81,78,63,10,16,12.28,0.64,10.96,10.33,1.48
F,101.93,104.24,108.34,107.97,107.35,96.04,78,71,28,18,11.62,0.92,11.39,10.16,1.21
CARG,101.9,104.53,102.47,108.92,109.22,138.87,78,72,29,88,37.34,0.79,33.74,33.4,1.91
AMBP,101.89,101.89,109.07,151.45,132.65,94.11,78,90,85,17,3.86,0.67,3.86,3.29,2.77
HBAN,101.86,103.82,104.12,114.56,106.46,112.75,78,77,27,75,17.72,0.97,16.87,15.84,1.13
CNP,101.81,104.22,111.24,111.01,136.47,121.28,78,73,87,81,38.02,0.92,37.75,35.27,1.36
ETHMU,101.8,103.92,108.41,107.6,114.6,101.62,77,71,72,62,12.18,0.61,11.96,10.55,0.0
RNW,101.79,105.7,115.49,114.87,116.78,106.23,77,77,75,68,7.61,0.92,7.63,6.83,1.84
AXSM,101.74,103.34,108.45,113.36,152.01,150.4,77,76,91,90,115.95,0.62,112.63,108.67,1.01
NTB,101.73,104.52,107.82,118.48,120.16,114.43,77,79,79,76,44.82,0.88,44.88,40.12,3.1
ASB,101.72,103.97,104.37,112.63,106.08,108.45,77,75,26,70,26.27,0.9,25.45,23.72,1.66
CARE,101.71,103.46,105.19,105.69,110.32,109.44,77,69,31,71,19.77,0.92,18.6,17.25,2.4
CSCO,101.68,102.73,107.24,118.8,119.02,120.86,77,80,78,80,68.21,0.84,68.12,62.69,2.47
RLYB,101.68,101.68,105.38,102.78,62.25,68.67,77,65,4,5,0.59,0.36,0.54,0.6,0.22
HAS,101.67,107.37,116.25,122.12,109.73,108.44,77,81,30,70,74.15,0.76,77.56,65.24,1.18
HAFC,101.64,104.23,103.57,122.38,130.41,127.33,77,82,85,84,25.19,0.89,24.31,23.22,2.82
PXLW,101.61,151.95,169.04,146.46,81.24,82.38,77,90,9,9,10.75,0.68,9.79,8.41,0.95
XYL,101.6,101.6,103.15,104.38,97.11,99.28,77,67,18,21,142.88,0.97,138.77,126.2,2.1
EL,101.59,106.79,118.89,123.04,89.87,78.64,77,82,13,8,87.8,0.77,89.32,74.65,1.45
ADN,101.59,104.51,149.37,126.64,142.23,221.41,77,84,89,95,3.27,0.26,3.0,3.74,0.1
VTYX,101.55,103.49,144.33,185.87,125.6,91.71,77,94,82,15,2.3,0.6,2.68,2.02,2.65
BMRC,101.54,104.33,102.6,118.59,123.52,123.77,77,79,81,82,24.81,0.88,23.85,22.74,3.01
WMG,101.53,104.56,106.8,100.87,105.18,109.9,77,63,25,72,33.54,0.79,31.92,30.43,1.46
DGICB,101.52,101.52,99.88,139.44,149.52,118.79,77,88,90,79,17.9,0.82,15.45,15.51,10.12
LITS,101.51,103.57,191.76,252.75,86.35,82.19,77,96,11,9,2.8,0.19,4.56,2.94,1.14
TSBK,101.51,107.73,107.19,104.67,119.71,106.79,77,68,78,68,34.9,0.83,33.07,30.85,2.25
ASRT,101.48,108.53,93.64,96.75,76.61,87.02,77,57,7,12,0.9,0.45,0.77,0.75,2.26
CIG,101.47,103.53,104.46,113.12,112.3,111.32,77,75,33,73,2.08,0.94,1.94,1.77,0.64
CACI,101.47,101.89,106.32,108.55,119.96,98.56,77,71,79,21,498.81,0.7,481.58,434.04,1.26
CPBI,101.44,101.44,106.64,112.02,130.35,126.88,77,74,85,84,16.22,0.99,15.42,14.91,5.65
ENR,101.44,103.85,99.86,98.89,102.05,112.44,77,60,22,74,28.83,0.5,26.62,27.78,2.31
ELSE,101.43,102.9,110.21,110.23,113.01,129.43,77,73,33,85,5.0,0.71,4.69,4.57,1.16
EVCM,101.42,104.9,103.88,96.99,106.92,100.3,77,57,27,22,11.84,0.88,11.17,10.58,1.58
EBC,101.39,102.93,99.4,96.33,111.09,114.9,77,56,32,76,18.04,0.86,16.25,16.14,4.45
AER,101.39,106.27,109.31,112.82,119.02,113.85,77,75,78,75,120.21,0.88,116.11,105.91,0.81
CRC,101.37,107.99,101.71,105.52,96.64,97.15,77,69,18,19,55.0,0.89,49.57,45.89,2.26
BTBT,101.35,102.86,94.67,141.88,92.3,115.27,77,89,14,77,3.12,0.37,3.01,2.83,1.95
VICR,101.34,102.65,101.55,103.8,131.89,144.0,77,66,85,89,52.88,0.59,48.69,49.11,1.16
LFUS,101.29,103.33,105.68,109.45,92.01,93.16,77,72,14,16,262.7,0.93,250.75,225.15,1.57
BANX,101.28,101.28,100.51,104.47,116.06,114.25,77,67,74,76,22.85,1.0,20.92,20.17,4.03
TASK,101.28,104.2,111.16,115.53,117.66,126.8,77,77,76,84,17.54,0.81,17.3,15.86,2.44
ARI,101.28,103.5,106.69,107.3,110.02,109.46,77,70,30,71,10.55,0.86,10.22,9.33,1.94
BTAI,101.25,112.17,208.4,225.81,41.6,52.21,77,96,2,3,2.99,0.17,3.39,3.21,0.12
USB,101.21,101.45,99.25,105.07,99.07,107.61,77,68,20,69,50.41,0.91,47.02,44.93,2.03
CVE,101.2,106.83,109.54,99.24,94.18,84.62,77,61,16,10,16.99,0.88,15.55,14.16,1.74
BEAM,101.17,104.16,87.13,98.96,87.07,116.19,77,60,11,77,24.32,0.5,19.34,21.68,1.58
PBFS,101.15,102.95,104.4,103.65,119.87,111.37,77,66,79,73,13.29,0.9,12.73,11.89,3.38
GBTG,101.14,103.24,104.72,101.76,106.75,128.9,77,64,27,84,8.14,0.62,7.44,7.59,2.6
NLY,101.14,105.34,108.7,104.71,119.11,119.35,77,68,78,79,21.35,0.84,20.91,19.18,2.98
HYLN,101.14,101.14,104.51,84.67,93.88,170.22,77,10,16,92,1.98,0.31,1.64,1.81,2.6
AXR,101.13,102.53,88.16,94.4,99.41,122.87,77,18,20,81,27.6,0.46,22.57,24.67,2.09
MSM,101.08,103.46,105.59,108.14,102.33,96.55,77,71,23,19,90.99,0.92,88.85,81.22,2.53
BCAL,101.07,103.22,100.32,109.44,97.71,102.39,77,72,19,63,17.43,0.91,16.35,15.55,1.25
ECX,101.06,101.06,93.54,159.4,161.44,197.55,77,92,92,94,2.21,0.57,1.68,1.79,0.74
UBFO,101.01,101.01,101.47,101.41,112.93,120.91,77,64,33,80,9.84,0.97,9.04,8.99,5.67
ARHS,101.0,103.23,118.36,117.94,79.21,107.78,77,79,8,69,11.06,0.64,10.66,9.85,1.18
PNR,101.0,104.19,105.54,112.3,106.85,111.98,77,75,27,74,110.3,0.94,106.42,98.55,1.43
ALB,101.0,101.0,108.36,105.84,80.4,84.44,77,69,8,10,81.84,0.54,77.12,73.83,0.79
FSV,100.99,102.59,104.75,104.75,109.38,99.58,77,68,30,22,201.59,0.86,195.96,180.78,1.29
THO,100.98,104.11,110.33,106.36,92.16,89.52,77,70,14,13,102.73,0.78,101.31,91.22,1.5
ALGT,100.97,106.54,106.54,97.82,97.86,160.24,77,59,19,91,61.0,0.31,56.87,65.25,1.63
FDSB,100.95,105.58,105.21,102.79,112.39,104.26,77,65,33,65,13.64,0.92,13.45,12.68,2.36
FLS,100.93,103.33,102.39,101.7,101.63,119.83,77,64,22,80,56.68,0.7,54.33,53.08,1.64
DMYY,100.91,110.84,110.02,126.66,137.57,105.33,77,84,87,67,13.79,0.73,12.84,12.11,1.87
PX,100.84,102.81,102.94,101.62,119.04,132.34,76,64,78,86,11.97,0.6,12.11,11.86,2.94
FBP,100.84,102.83,102.31,109.22,108.11,102.47,76,72,28,63,22.09,0.96,21.43,19.82,2.38
HIMX,100.79,101.93,113.91,130.41,134.29,188.78,76,85,86,94,8.5,0.48,8.47,8.2,1.65
FSLY,100.77,107.56,98.54,97.65,108.95,110.51,76,58,29,72,8.63,0.57,7.29,7.73,4.76
RCUS,100.73,102.51,94.47,83.67,75.06,88.42,76,10,7,13,12.39,0.48,10.3,10.71,2.29
ARES,100.72,103.95,104.41,111.86,111.6,122.7,76,74,32,81,183.0,0.86,181.46,169.05,1.54
PYPD,100.72,100.72,106.22,114.37,105.84,87.93,76,76,26,12,3.45,0.75,3.47,3.1,0.54
WIMI,100.7,100.7,94.13,63.75,97.37,241.0,76,4,18,96,4.85,0.12,3.87,6.4,3.88
VSCO,100.67,113.49,105.05,95.23,97.12,179.57,76,19,18,93,26.62,0.35,22.28,25.8,1.0
BANF,100.67,104.47,105.79,115.32,120.09,114.63,76,77,79,76,131.81,0.87,129.04,120.89,3.24
VRDN,100.66,104.19,116.98,109.34,96.98,103.38,76,72,18,64,19.43,0.57,18.04,16.43,1.63
EMBC,100.63,108.31,108.59,95.58,94.2,147.22,76,55,16,90,14.34,0.47,12.66,13.64,2.0
HGV,100.63,107.15,109.09,122.83,101.72,96.57,76,82,22,19,44.53,0.64,46.53,41.11,1.63
PHG,100.61,101.6,103.75,99.95,104.33,104.81,76,62,25,66,28.09,0.68,26.86,25.0,0.9
PBBK,100.6,108.62,116.8,118.51,118.79,117.45,76,79,78,78,19.33,0.89,18.9,16.61,0.5
CPF,100.59,102.76,104.33,107.28,116.59,119.5,76,70,75,79,30.95,0.93,28.94,27.62,3.2
STLD,100.57,100.57,95.25,102.83,105.19,105.19,76,65,25,67,139.27,0.7,129.86,127.39,2.16
FDP,100.57,102.77,109.37,118.58,133.45,118.04,76,79,86,78,35.69,0.7,35.65,32.57,3.1
GTM,100.53,107.57,101.02,104.47,94.94,97.2,76,67,16,19,11.83,0.78,10.68,10.18,2.25
ICL,100.52,101.45,111.04,139.27,145.81,135.46,76,88,90,87,6.14,0.67,6.36,6.11,0.63
HD,100.45,102.7,101.52,98.66,106.29,105.32,76,60,26,67,415.69,0.91,392.47,379.21,1.83
MODG,100.45,110.25,122.65,114.67,96.84,67.2,76,77,18,5,9.29,0.69,9.35,7.82,1.25
AAPL,100.42,100.42,98.95,96.74,102.82,113.11,76,57,23,75,245.5,0.85,223.83,221.22,2.91
EU,100.41,100.41,104.29,128.71,96.07,79.76,76,85,17,8,2.79,0.5,2.63,2.44,2.3
BEPC,100.41,103.62,111.07,119.94,115.58,104.96,76,80,74,66,33.76,0.78,34.13,29.5,1.3
IDA,100.39,101.16,105.83,107.82,131.56,117.09,76,71,85,78,125.7,0.92,123.89,115.18,2.19
INDI,100.36,107.61,133.76,149.76,97.33,86.44,76,90,18,11,3.63,0.52,4.19,3.45,2.11
GATX,100.35,100.9,102.15,100.21,117.26,112.53,76,62,76,74,172.07,0.99,159.81,155.46,2.38
BBSI,100.35,103.38,111.7,107.82,121.31,120.79,76,71,80,80,46.13,0.78,46.27,42.74,1.71
EH,100.34,100.34,101.13,118.79,167.44,177.08,76,80,93,93,17.95,0.42,17.48,17.92,1.44
LVTX,100.33,100.33,107.41,107.18,108.92,82.57,76,70,29,9,1.49,0.51,1.5,1.28,13.99
GO,100.31,107.91,115.92,104.03,92.91,83.06,76,67,15,9,16.55,0.54,16.41,15.26,1.88
DG,100.3,104.66,115.93,124.39,130.48,86.42,76,82,85,11,102.11,0.71,109.94,92.48,2.04
HNGE,100.27,111.61,113.49,95.42,114.01,101.26,76,37,53,42,56.91,0.86,53.32,48.54,2.99
WRB,100.25,101.22,105.73,120.24,135.2,112.79,76,80,86,75,73.39,0.94,70.72,66.69,1.71
USFD,100.22,103.35,104.88,122.53,120.26,119.17,76,82,79,79,78.33,0.74,79.97,72.62,2.0
GPMT,100.22,104.83,102.72,107.39,89.76,88.64,76,70,13,13,3.01,0.8,2.76,2.59,2.07
IRON,100.17,105.04,108.28,118.18,117.3,128.37,76,79,76,84,60.79,0.8,59.65,54.82,2.5
SLNH,100.16,100.16,61.03,141.09,40.79,67.23,76,89,2,5,1.08,0.17,0.6,1.14,2.06
JFB,100.16,109.61,115.27,140.4,115.4,101.26,76,88,74,42,5.98,0.37,7.1,5.66,2.47
ICCM,100.14,106.83,117.91,111.95,162.85,191.14,76,74,92,94,1.05,0.51,0.98,1.11,0.42
NATR,100.14,105.94,107.78,108.16,101.75,93.87,76,71,22,17,16.17,0.79,16.04,14.59,4.65
BRC,100.13,102.27,104.99,93.26,108.28,105.63,76,16,29,67,80.08,0.86,74.06,71.86,4.95
SWIN,100.13,118.52,223.67,226.44,92.4,67.95,76,96,14,5,2.56,0.37,3.65,2.3,0.38
FCEL,100.12,100.12,77.46,84.3,73.35,69.01,76,10,6,5,8.36,0.42,5.03,6.31,1.86
TAIT,100.11,105.29,132.47,84.52,99.91,94.17,76,10,21,17,2.71,0.45,2.25,2.3,0.35
HLMN,100.09,103.67,104.11,103.47,92.57,97.45,76,66,15,20,9.48,0.58,9.2,8.91,1.23
FVCB,100.05,104.15,106.28,110.1,99.86,98.7,76,73,21,21,13.39,0.8,13.17,12.0,2.87
TOST,100.02,103.12,112.37,135.65,139.84,150.64,76,87,88,90,41.13,0.64,44.2,40.02,1.07
LYEL,99.97,99.97,90.98,92.53,64.05,53.85,76,16,4,3,13.09,0.23,11.35,11.25,5.27
STRW,99.95,105.6,105.76,102.58,125.49,135.06,76,65,82,87,12.29,0.9,11.0,10.73,3.23
ADT,99.93,104.43,105.12,107.62,129.43,114.61,76,71,84,76,8.57,0.88,8.53,7.89,1.95
PFBC,99.92,102.78,103.8,107.32,111.37,107.05,76,70,32,69,93.56,0.85,93.11,86.53,4.03
AVNW,99.91,102.66,107.38,112.09,102.6,101.35,76,74,23,61,23.76,0.8,22.76,20.68,1.22
EPR,99.91,105.03,106.04,124.61,126.89,124.56,76,83,83,82,56.71,0.8,55.38,50.49,1.6
EVRG,99.89,100.95,106.18,107.64,132.32,120.3,76,71,85,80,72.29,0.98,70.78,66.05,1.24
ITIC,99.87,102.29,106.75,99.58,130.88,126.1,76,61,85,83,254.15,0.79,231.04,230.26,1.03
NNI,99.8,101.08,106.1,104.82,112.51,113.13,76,68,33,75,127.09,0.9,124.95,114.6,5.31
AD,99.79,107.45,122.13,115.82,141.08,127.44,75,78,88,84,48.34,0.58,51.32,46.28,0.78
SMID,99.79,113.27,115.34,116.57,94.53,120.2,75,78,16,80,38.96,0.55,39.46,36.45,4.47
SSNC,99.77,101.44,104.97,103.91,121.19,121.69,75,67,80,81,88.59,0.93,86.56,81.35,1.8
GBCI,99.73,100.71,99.44,101.86,104.9,114.58,75,64,25,76,49.68,0.6,46.65,45.77,3.44
XHR,99.72,102.06,102.57,98.94,87.32,97.94,75,60,12,20,14.78,0.84,13.56,13.03,2.57
IROQ,99.71,101.19,107.64,116.39,143.25,128.21,75,78,89,84,25.75,0.98,25.12,24.17,2.88
IRWD,99.71,104.1,107.01,92.55,33.51,71.9,75,16,1,6,1.41,0.19,1.03,1.65,2.11
TEX,99.71,102.93,101.5,113.72,96.99,78.31,75,76,18,8,51.97,0.78,50.85,45.41,1.93
NTNX,99.7,103.75,105.01,112.46,123.06,118.36,75,75,81,79,77.09,0.78,72.71,70.74,9.49
HEI,99.7,104.51,116.47,122.5,121.02,112.52,75,82,79,74,318.75,0.84,317.9,275.87,1.11
DTM,99.66,102.58,103.27,119.96,132.29,149.75,75,80,85,90,107.39,0.9,102.88,99.91,3.2
ASC,99.64,105.97,103.29,87.18,78.67,76.96,75,12,7,7,12.71,0.45,11.14,10.51,1.5
MPB,99.62,101.68,99.27,106.84,113.98,112.37,75,70,34,74,31.34,0.89,28.86,27.97,4.88
BKNG,99.57,103.86,110.48,120.13,127.68,118.95,75,80,83,79,5444.44,0.8,5565.72,5137.82,2.18
BCAB,99.57,122.33,122.33,69.46,82.43,59.51,75,5,9,3,0.62,0.17,0.45,0.5,1.0
MBCN,99.56,104.21,112.06,113.78,119.26,103.84,75,76,78,65,32.35,0.91,29.66,27.82,3.88
CWD,99.55,111.19,132.68,39.93,106.2,106.2,75,2,26,68,6.81,0.39,3.54,7.45,0.09
AIRT,99.5,113.83,118.92,121.67,113.79,103.41,75,81,34,64,22.77,0.73,22.95,19.97,1.04
BEKE,99.47,100.99,98.17,100.77,149.06,152.28,75,63,90,90,19.74,0.52,18.75,19.06,0.94
CFFI,99.47,99.94,99.84,105.31,128.0,144.04,75,68,84,89,71.92,0.56,67.72,68.51,1.84
TFC,99.44,100.37,102.66,106.46,105.77,109.97,75,70,26,72,45.99,0.92,44.76,42.18,2.47
RMSG,99.4,119.62,156.38,135.76,75.82,58.28,75,87,7,3,2.81,0.04,2.63,2.17,0.01
DDOG,99.37,102.67,104.31,121.41,106.7,113.24,75,81,27,75,138.82,0.63,136.72,127.48,1.94
ICCC,99.37,106.32,123.17,162.6,149.82,125.95,75,92,90,83,5.96,0.6,6.31,5.65,1.1
SKYW,99.35,104.54,117.62,114.87,113.79,142.71,75,77,34,89,104.24,0.56,113.66,103.44,2.09
TDW,99.34,106.82,113.29,113.39,86.22,72.74,75,76,11,6,55.98,0.53,55.4,48.3,1.64
MMM,99.34,101.43,103.39,112.51,135.93,138.34,75,75,87,87,156.6,0.92,153.73,144.79,1.89
EDRY,99.33,99.81,94.79,83.35,73.07,67.32,75,9,6,5,12.58,0.36,10.88,10.41,3.97
RBC,99.32,101.1,108.51,117.68,123.07,119.57,75,79,81,79,379.98,0.77,390.98,355.42,2.94
XYZ,99.31,101.26,107.65,115.88,95.65,121.81,75,78,17,81,77.03,0.58,75.66,71.45,0.68
OHI,99.3,102.58,108.35,104.95,120.34,111.76,75,68,79,73,41.53,0.8,40.48,37.16,1.73
RNXT,99.28,99.28,97.36,127.78,127.6,126.48,75,84,83,83,1.33,0.73,1.17,1.18,3.55
ACB,99.28,99.28,95.25,96.29,119.12,115.37,75,56,78,77,5.09,0.52,4.87,4.75,0.6
ENSG,99.26,103.52,110.97,109.19,110.94,97.13,75,72,32,19,164.29,0.82,159.55,142.84,2.59
CTRI,99.25,106.03,106.03,115.09,118.33,103.37,75,77,77,64,21.36,0.67,21.15,20.04,2.62
ALRS,99.21,101.29,100.06,111.1,104.74,95.64,75,74,25,18,23.13,0.94,22.04,20.43,3.59
RDWR,99.2,101.34,102.3,130.91,125.91,108.36,75,86,83,70,27.44,0.7,26.15,24.06,4.78
INSE,99.19,101.19,100.5,103.1,98.78,110.15,75,66,20,72,9.57,0.6,9.02,8.8,1.76
L,99.19,101.27,105.92,104.77,119.01,110.63,75,68,78,72,96.69,0.94,94.27,88.41,2.94
MNST,99.18,103.97,108.7,113.47,124.04,107.93,75,76,81,70,64.13,0.88,62.09,57.79,2.23
MHK,99.18,103.5,106.4,96.25,95.0,92.11,75,56,16,15,130.66,0.52,125.13,116.45,1.78
ADSK,99.18,101.44,105.09,107.23,112.78,109.21,75,70,33,71,322.67,0.95,301.7,291.15,2.01
YRD,99.13,99.13,101.12,111.31,181.25,181.25,75,74,94,93,6.03,0.44,5.95,5.94,0.82
SPFI,99.13,103.9,107.99,113.41,118.15,111.4,75,76,77,73,39.22,0.79,39.25,35.81,2.64
RMD,99.09,100.14,112.71,113.58,111.56,111.81,75,76,32,74,273.19,0.77,275.31,246.06,1.47
WPC,99.08,102.53,107.99,106.21,122.33,116.28,75,69,80,77,67.17,0.91,65.54,60.22,2.73
AMAT,99.08,99.08,89.96,105.81,95.8,92.97,75,69,17,16,190.1,0.75,176.73,167.59,2.48
SMWB,99.05,102.03,106.07,99.43,95.39,213.63,75,61,17,95,9.69,0.29,8.9,9.96,0.55
SCHL,99.05,112.81,112.67,114.88,82.49,70.93,75,77,9,6,24.23,0.57,24.76,20.87,6.41
API,99.03,99.03,95.54,124.41,183.01,216.44,75,83,94,95,3.85,0.4,3.75,4.23,0.79
CAH,98.96,101.38,108.59,133.82,137.49,119.81,75,87,87,80,149.6,0.7,153.31,140.33,1.67
TCMD,98.95,99.74,99.55,93.82,100.27,116.26,75,17,21,77,14.06,0.46,12.05,13.5,1.9
STEL,98.94,102.67,103.49,111.69,114.7,107.04,75,74,73,69,30.82,0.86,30.36,28.21,1.8
PSIG,98.94,98.94,97.35,81.17,97.42,94.44,75,8,19,17,0.51,0.32,0.41,0.44,0.17
EXEL,98.94,101.76,100.21,142.43,152.99,144.69,75,89,91,89,40.1,0.7,39.67,38.19,2.55
MAX,98.94,105.16,107.78,91.48,89.7,83.69,75,15,13,10,12.93,0.41,10.96,10.49,1.92
DOCU,98.93,99.9,101.69,102.2,131.16,149.53,75,65,85,90,84.59,0.56,76.33,82.94,1.61
NDAQ,98.92,106.22,111.81,116.44,115.14,114.44,74,78,73,76,89.57,0.77,93.42,82.78,3.84
TSCO,98.92,101.71,109.13,106.72,110.12,105.8,74,70,30,67,59.66,0.8,59.41,54.55,1.36
AMZN,98.9,100.16,106.16,108.47,105.67,121.17,74,71,26,81,231.48,0.86,227.74,214.67,2.33
AIR,98.89,100.75,109.93,123.95,107.98,105.6,74,82,28,67,75.3,0.73,75.73,66.7,2.04
TXNM,98.89,101.71,107.9,118.86,137.44,132.23,74,80,87,86,56.57,0.97,56.65,52.64,2.27
GLDD,98.82,103.5,108.12,119.21,122.08,121.16,74,80,80,81,12.11,0.88,11.53,10.77,2.43
REBN,98.73,100.25,118.95,116.12,301.33,370.07,74,78,97,98,2.52,0.23,2.73,2.87,0.85
VCTR,98.73,103.64,108.49,112.93,118.31,134.05,74,75,77,86,67.05,0.76,69.23,63.39,2.14
BRNS,98.69,101.49,130.23,181.96,94.27,85.85,74,94,16,11,1.08,0.32,1.29,1.04,0.01
CBAN,98.69,102.87,100.57,112.28,125.29,120.17,74,75,82,80,17.58,0.85,16.9,16.17,4.38
IGIC,98.65,99.95,108.39,115.36,155.47,148.96,74,77,91,90,23.97,0.77,23.99,23.6,1.08
CRUS,98.64,100.68,97.23,94.77,97.2,98.65,74,18,18,21,120.12,0.89,109.82,103.39,3.02
HUBB,98.63,100.99,103.98,102.55,100.51,103.52,74,65,21,64,441.44,0.84,431.81,397.99,1.41
KLIC,98.62,101.09,92.23,87.58,81.97,93.7,74,12,9,17,41.99,0.66,36.35,37.46,2.16
KEYS,98.6,99.0,96.58,102.1,102.9,111.29,74,64,23,73,178.15,0.88,165.79,161.47,2.46
WAFU,98.53,104.61,101.24,82.78,97.34,148.91,74,9,18,90,1.74,0.29,1.49,1.58,0.37
CHNR,98.53,101.56,98.0,80.86,110.02,80.62,74,8,30,8,4.95,0.32,3.91,4.38,0.46
MNKD,98.53,101.68,103.09,70.69,94.9,125.24,74,5,16,83,5.43,0.5,4.35,4.95,1.13
SMCI,98.52,98.52,105.95,149.91,106.54,160.54,74,90,27,91,45.81,0.65,47.77,40.79,0.85
FWONK,98.52,100.11,104.37,119.22,116.08,123.08,74,80,74,81,103.67,0.95,100.88,95.2,2.01
HAFN,98.52,105.86,113.1,101.38,103.08,84.91,74,63,23,10,6.05,0.72,5.74,5.11,0.87
FBIZ,98.52,99.92,100.46,116.13,127.87,128.21,74,78,84,84,52.3,0.78,50.65,48.82,3.04
MSI,98.51,99.95,101.49,97.95,109.39,112.07,74,59,30,74,476.21,0.78,452.44,439.34,1.77
HHH,98.5,100.16,97.97,92.04,106.15,101.25,74,15,26,24,82.88,0.83,73.8,73.18,1.53
TITN,98.5,108.16,117.55,130.65,127.05,101.2,74,85,83,23,18.27,0.6,19.73,17.83,2.91
SSP,98.47,111.03,152.54,144.55,150.97,150.97,74,89,91,90,2.87,0.53,3.07,2.52,2.48
DKL,98.46,101.93,105.14,109.01,114.21,114.7,74,72,72,76,45.05,0.93,43.63,40.4,0.93
EVER,98.46,98.46,100.21,110.42,155.3,149.09,74,73,91,90,25.5,0.67,24.15,23.05,1.53
TWLO,98.43,100.12,101.61,148.92,144.54,201.05,74,90,89,94,106.5,0.52,112.97,112.46,1.63
BNL,98.4,101.82,105.12,99.54,116.57,109.55,74,61,75,71,18.33,0.9,17.23,16.1,1.81
ESNT,98.39,99.64,101.0,102.42,108.26,98.36,74,65,29,20,65.28,0.98,60.39,57.54,3.32
FULTP,98.38,100.17,99.27,97.82,113.46,111.48,74,59,34,73,20.54,0.98,19.29,18.92,0.81
VOYA,98.32,99.52,101.08,101.83,98.51,96.77,74,64,20,19,76.61,0.81,73.3,68.67,1.3
MRC,98.28,103.31,108.33,112.15,102.46,111.4,74,74,23,73,14.25,0.81,14.34,13.05,3.46
BAND,98.28,102.82,92.61,96.79,84.65,101.04,74,57,10,23,17.54,0.59,15.06,15.44,1.14
GOTU,98.27,100.17,110.04,122.06,117.22,118.81,74,81,76,79,3.49,0.65,3.68,3.19,0.94
KT,98.26,103.09,117.84,125.16,138.87,127.66,74,83,88,84,19.39,0.74,20.37,18.34,0.97
EQH,98.26,101.4,102.1,112.42,130.13,127.49,74,75,84,84,54.23,0.9,52.67,51.23,3.49
TOP,98.25,98.25,117.62,81.25,83.0,71.25,74,8,9,6,1.48,0.24,1.22,1.3,0.47
JMSB,98.24,102.92,100.92,104.53,93.47,103.9,74,67,15,65,20.56,0.57,19.49,18.39,2.62
LEA,98.23,100.5,107.96,106.69,89.91,88.77,74,70,13,13,105.34,0.81,103.56,94.23,2.33
EMR,98.22,102.94,104.41,119.43,110.27,109.74,74,80,30,71,132.34,0.7,136.52,123.41,1.17
MTB,98.2,99.57,101.17,110.05,110.11,117.19,74,73,30,78,202.02,0.78,194.13,185.75,3.52
NVGS,98.18,101.65,103.05,101.9,93.82,99.96,74,64,16,22,16.5,0.93,16.05,14.89,0.69
MDT,98.18,98.77,101.74,99.34,116.36,112.08,74,61,75,74,95.08,0.97,92.0,87.05,2.16
CXW,98.16,99.54,103.0,121.08,148.04,153.84,74,81,90,91,20.91,0.74,20.48,20.87,2.26
UVE,98.16,99.95,101.0,124.93,133.94,110.35,74,83,86,72,25.61,0.79,24.35,23.03,1.19
MIST,98.14,100.35,102.71,217.56,137.91,150.49,74,95,87,90,1.92,0.66,1.67,1.7,0.49
ITRN,98.13,100.09,105.32,124.6,138.99,152.88,74,83,88,91,35.67,0.6,37.91,35.5,1.32
MARPS,98.11,108.61,121.25,138.68,181.98,106.21,74,88,94,68,4.67,0.33,4.55,4.05,0.46
COR,98.1,102.36,108.17,114.56,137.65,113.59,74,77,87,75,290.02,0.84,292.23,271.88,5.04
EB,98.07,99.53,90.0,90.14,80.75,81.6,74,14,8,9,3.04,0.57,2.58,2.73,1.86
D,98.07,98.78,103.64,104.56,114.95,107.98,74,67,73,70,59.85,0.88,59.08,54.94,1.88
CMPS,98.06,100.48,101.97,105.24,107.67,68.01,74,68,28,5,4.9,0.5,4.5,4.01,0.82
SPOK,98.05,100.52,108.26,114.63,116.39,106.22,74,77,75,68,17.42,0.8,17.67,16.14,1.0
CRMD,98.03,114.01,141.86,213.37,188.2,205.28,74,95,95,95,11.2,0.5,12.26,10.93,1.26
ZGN,98.0,99.12,95.81,103.87,98.7,88.14,74,67,20,12,9.5,0.95,8.56,8.23,0.94
VLGEA,97.99,105.06,104.91,118.37,141.76,117.61,74,79,89,78,38.68,0.91,36.47,34.94,5.61
ZVIA,97.97,105.93,138.37,244.08,222.81,414.64,73,96,96,98,2.38,0.35,2.9,2.97,1.83
CTBI,97.96,100.37,103.67,108.17,116.35,112.53,73,71,75,74,56.5,0.84,55.77,52.46,2.82
CLMT,97.96,104.22,109.76,116.75,102.77,122.76,73,78,23,81,18.51,0.65,16.17,15.51,2.02
NMM,97.95,99.92,103.15,96.5,88.3,95.32,73,56,12,18,48.24,0.55,44.66,41.27,1.02
BP,97.95,100.32,108.28,105.0,110.74,108.37,73,68,31,70,34.12,0.88,33.4,30.67,1.08
BOKF,97.95,99.98,101.07,99.0,108.05,107.26,73,60,28,69,111.4,0.79,106.48,102.65,1.41
PM,97.93,100.02,112.25,140.29,164.17,140.32,73,88,92,88,162.95,0.7,167.5,155.73,1.75
LEGH,97.87,101.23,105.4,99.73,114.45,104.31,73,61,72,65,27.22,0.77,25.5,24.72,3.13
CELU,97.86,106.6,177.41,161.34,132.94,103.7,73,92,86,65,2.22,0.37,3.0,2.19,1.22
PKBK,97.84,101.79,104.25,107.44,113.02,104.82,73,70,33,66,22.06,0.83,21.73,20.02,3.44
COLB,97.78,100.02,100.17,101.44,114.96,114.79,73,64,73,76,26.55,0.63,25.13,24.75,3.48
CLST,97.77,99.41,100.95,102.03,109.87,102.82,73,64,30,63,13.0,0.93,12.66,11.98,5.49
PWM,97.69,97.69,101.92,71.72,58.22,160.62,73,5,3,92,0.59,0.18,0.46,0.69,0.54
GRBK,97.67,102.21,104.48,101.51,107.02,97.06,73,64,27,19,71.26,0.59,68.33,62.09,2.22
SBFG,97.67,100.25,108.49,103.19,127.43,136.57,73,66,83,87,21.06,0.61,20.44,20.07,2.79
DH,97.66,101.99,101.99,106.03,96.47,99.26,73,69,18,21,4.21,0.57,3.97,3.8,2.3
CFFN,97.65,100.18,102.62,107.11,108.52,100.61,73,70,29,23,6.42,0.77,6.2,5.81,2.51
PCB,97.64,100.76,105.6,114.81,115.92,109.43,73,77,74,71,21.44,0.84,21.42,19.85,3.44
FWONA,97.63,99.76,101.63,117.5,114.82,125.05,73,79,73,83,93.48,0.92,90.73,86.5,3.51
JUNS,97.6,118.33,176.75,241.85,167.29,97.27,73,96,93,19,1.43,0.06,1.52,2.34,1.72
RITM,97.58,101.99,105.85,106.55,113.87,110.19,73,70,34,72,12.11,0.84,12.25,11.22,1.79
GNL,97.57,100.11,101.08,100.34,120.2,117.45,73,62,79,78,8.05,0.85,7.57,7.25,1.9
MITK,97.56,100.96,104.19,102.5,102.56,98.12,73,65,23,20,10.19,0.71,9.75,9.56,1.64
CODA,97.54,106.16,106.16,114.24,105.46,117.96,73,76,25,78,8.29,0.63,7.82,7.53,1.6
PDM,97.53,98.06,99.77,94.61,96.08,109.13,73,18,17,71,8.97,0.65,8.01,7.7,3.39
WEC,97.53,98.05,102.04,107.0,137.63,124.85,73,70,87,83,110.12,0.96,107.97,103.0,1.52
SEIC,97.51,99.54,104.56,117.78,112.43,112.61,73,79,33,74,86.72,0.74,88.76,82.99,3.06
CNTY,97.51,103.26,101.75,117.47,97.94,114.05,73,79,19,76,2.71,0.42,2.51,2.46,0.65
RDN,97.49,98.35,96.6,107.09,110.22,98.3,73,70,30,20,37.23,1.0,34.31,33.05,4.42
PEBK,97.47,102.73,103.79,105.3,108.3,106.94,73,68,29,69,31.2,0.87,29.95,28.63,3.26
NWSA,97.46,98.06,98.72,101.93,105.84,99.94,73,64,26,22,30.62,1.0,29.43,28.2,1.94
EVGO,97.45,101.1,100.15,120.03,141.4,129.42,73,80,88,85,4.45,0.32,3.83,3.63,1.41
SYY,97.45,97.83,102.63,103.1,107.2,99.99,73,66,28,22,82.39,0.99,80.12,74.84,2.42
TTAM,97.45,99.73,98.38,99.17,114.01,101.26,73,61,53,42,15.15,0.74,14.97,14.13,0.8
CTVA,97.45,104.94,109.54,121.9,122.13,111.15,73,81,80,73,70.86,0.73,72.38,65.87,2.92
BKU,97.44,99.6,100.35,106.46,108.68,118.88,73,70,29,79,38.98,0.76,37.87,36.25,2.79
SDOT,97.42,268.05,455.88,479.35,800.21,931.84,73,98,99,99,7.67,0.13,3.76,7.51,0.09
MYSE,97.42,100.45,99.21,163.95,262.99,590.71,73,92,97,98,2.15,0.13,2.25,2.61,1.22
RYI,97.42,100.17,98.63,107.35,120.55,110.48,73,70,79,72,22.45,0.65,22.23,21.75,3.28
AGNC,97.41,101.22,105.8,101.41,113.68,115.82,73,64,34,77,9.97,0.85,9.61,8.99,1.72
APAM,97.4,100.91,104.87,114.27,102.77,98.88,73,76,23,21,45.73,0.87,45.91,41.89,1.8
HCM,97.39,97.54,98.87,104.95,102.29,96.63,73,68,23,19,17.04,0.55,16.63,15.31,0.63
DBX,97.39,104.85,103.52,107.94,113.8,113.88,73,71,34,75,30.61,0.7,28.41,28.69,2.93
CR,97.38,98.76,106.75,116.22,114.38,110.41,73,78,72,72,182.05,0.75,189.18,170.4,2.91
RPTX,97.37,98.85,94.3,99.72,77.73,42.25,73,61,7,2,1.71,0.26,1.6,1.45,0.3
PVBC,97.37,99.15,105.33,108.45,121.95,112.37,73,71,80,74,12.78,0.93,12.64,11.85,3.31
ORRF,97.36,98.92,98.07,103.35,99.6,112.87,73,66,20,75,35.45,0.67,33.88,32.44,1.29
LGL,97.33,97.33,97.86,116.82,126.21,111.91,73,78,83,74,7.06,0.7,6.98,6.69,15.16
ATHM,97.33,98.52,104.03,103.44,117.53,118.38,73,66,76,79,29.13,0.58,28.4,27.33,1.88
ESI,97.3,99.57,99.1,99.42,101.29,102.68,73,61,22,63,26.51,0.79,24.9,23.91,3.22
EEX,97.3,97.53,104.43,113.77,100.8,87.35,73,76,21,12,5.14,0.92,5.02,4.56,5.73
DOCN,97.27,100.13,95.49,100.98,100.57,119.03,73,63,21,79,36.57,0.52,31.49,33.58,1.96
FSFG,97.27,98.69,97.49,106.35,133.28,134.57,73,70,86,86,27.43,0.69,26.43,25.65,2.49
ERO,97.26,100.97,99.69,104.54,100.93,81.93,73,67,21,9,16.97,0.54,14.63,13.87,0.86
BPYPO,97.21,97.21,99.23,104.64,113.36,112.81,73,68,34,75,15.25,0.95,14.37,13.93,0.85
SAR,97.2,97.95,105.22,105.84,121.3,111.82,73,69,80,74,24.85,0.92,24.73,23.38,1.01
PRSU,97.17,98.61,103.29,95.5,98.65,110.09,73,55,20,72,36.61,0.51,33.88,35.03,1.19
INVX,97.15,97.15,103.06,98.22,117.2,117.2,73,59,76,78,17.35,0.73,16.53,16.02,2.24
KMDA,97.14,98.31,105.2,127.88,128.91,129.05,72,84,84,85,6.91,0.61,7.26,6.88,0.71
CHT,97.13,99.89,108.71,113.53,116.89,104.05,72,76,75,65,44.01,0.83,44.4,40.43,2.11
GLUE,97.09,110.8,83.36,112.77,120.07,127.1,72,75,79,84,6.33,0.39,5.12,5.52,1.17
GCMG,97.08,98.55,98.65,98.73,129.62,128.73,72,60,84,84,12.96,0.67,12.42,12.46,3.39
VAL,97.07,103.08,108.88,107.1,93.11,73.53,72,70,15,6,50.33,0.76,48.81,42.92,1.57
LWAY,97.06,130.13,131.2,145.3,141.36,137.26,72,89,88,87,26.36,0.46,28.73,24.66,6.09
COHU,97.05,101.01,92.41,91.85,83.24,84.38,72,15,9,10,22.52,0.6,20.03,20.0,1.84
HIG,97.05,98.32,104.14,107.59,121.02,112.98,72,71,79,75,130.95,0.87,128.03,120.33,2.25
VENU,97.01,108.61,142.71,140.43,119.62,99.56,72,88,78,22,12.81,0.51,13.68,10.68,12.7
CMDB,97.01,99.35,98.46,95.42,114.01,101.26,72,37,53,42,11.77,0.64,10.03,9.96,1.23
ELMD,97.0,100.7,111.26,98.01,123.73,196.33,72,59,81,94,24.77,0.38,20.88,24.47,1.68
WTW,96.99,98.9,101.35,100.87,122.76,118.48,72,63,81,79,336.71,0.93,323.77,317.64,2.1
SSD,96.99,101.75,107.17,102.96,93.93,90.38,72,66,16,14,181.87,0.74,181.88,166.74,1.78
OPRA,96.98,106.21,104.12,119.93,116.14,143.02,72,80,75,89,18.81,0.67,17.38,17.61,0.83
SMHI,96.95,100.09,97.85,102.09,84.99,71.45,72,64,10,6,6.83,0.46,6.04,5.8,4.55
AROW,96.92,99.31,99.88,97.46,108.03,100.35,72,58,28,22,29.36,0.62,27.98,26.65,2.7
WRD,96.9,96.9,79.29,100.76,102.3,131.6,72,63,23,85,11.53,0.15,9.47,12.18,3.43
BSY,96.9,100.42,105.69,114.99,105.48,87.6,72,77,25,12,52.82,0.71,55.05,48.44,1.82
CAPT,96.89,105.59,197.67,213.89,166.36,46.35,72,95,93,2,1.06,0.32,1.31,0.84,0.5
MRCC,96.89,96.89,101.41,94.07,109.0,114.12,72,17,29,76,7.69,0.77,6.91,7.12,2.8
GME,96.87,99.28,94.46,93.92,152.75,176.07,72,17,91,93,26.08,0.42,23.37,25.92,1.11
SU,96.82,100.51,102.14,105.97,110.95,105.24,72,69,32,67,41.55,0.88,40.04,37.48,1.98
ZM,96.75,100.72,100.25,104.9,114.31,118.43,72,68,72,79,84.16,0.79,77.37,78.77,1.64
FDUS,96.71,98.09,100.54,107.49,111.61,115.33,72,70,32,77,20.79,0.85,20.7,19.73,1.9
TCBK,96.68,100.16,99.11,99.74,105.69,102.52,72,61,26,63,45.2,0.77,43.17,41.58,3.72
BSET,96.68,102.14,111.05,119.77,151.24,117.13,72,80,91,78,16.16,0.52,16.78,15.57,3.49
AOMR,96.66,98.09,100.17,100.36,101.46,102.14,72,62,22,63,9.8,0.92,9.4,8.98,1.77
DKNG,96.63,101.5,118.81,115.6,97.0,120.38,72,77,18,80,43.45,0.54,44.97,40.43,1.05
EBON,96.6,96.6,86.67,102.4,69.68,82.39,72,65,5,9,5.06,0.3,4.33,4.67,3.47
FGL,96.59,96.59,93.35,84.11,106.42,92.57,72,10,27,16,1.13,0.12,1.15,1.38,0.19
FUSB,96.57,96.57,95.1,104.49,142.71,123.63,72,67,89,82,13.69,0.91,12.32,12.71,4.8
SPR,96.56,98.95,108.28,110.75,111.84,108.87,72,73,33,70,38.53,0.74,40.29,36.29,3.81
INTT,96.54,96.61,97.58,96.63,90.39,97.15,72,57,13,19,7.85,0.57,7.19,7.35,0.99
XPRO,96.54,97.84,103.24,90.34,72.8,75.8,72,14,6,7,12.0,0.46,10.9,10.64,2.22
NHC,96.53,97.38,97.16,98.8,98.66,97.61,72,60,20,20,117.22,0.63,106.02,101.9,8.27
BVFL,96.53,98.34,99.83,98.77,115.51,120.01,72,60,74,80,16.75,0.7,16.19,15.81,2.42
IMMX,96.51,96.51,110.02,157.25,137.39,102.78,72,91,87,63,2.19,0.52,2.42,2.12,2.5
WSBF,96.5,97.98,99.95,98.14,113.93,105.92,72,59,34,67,15.17,0.81,14.16,13.39,4.77
HSY,96.49,99.06,101.36,104.05,108.2,100.29,72,67,29,22,190.18,0.94,181.51,168.01,2.05
SFWL,96.46,97.55,105.72,91.66,87.62,86.44,72,15,12,11,1.16,0.44,1.04,1.02,0.47
HTGC,96.45,98.37,100.23,99.21,106.3,109.99,72,61,26,72,19.52,0.82,19.07,18.26,1.38
UGI,96.44,103.16,112.56,129.51,140.21,135.78,72,85,88,87,32.9,0.74,34.83,32.45,2.96
NYT,96.43,98.51,104.03,103.35,109.79,98.5,72,66,30,21,58.41,0.79,57.03,53.22,1.85
SHOO,96.4,99.52,93.88,80.88,69.7,88.41,72,8,5,13,32.02,0.44,27.48,29.74,2.64
NTR,96.4,98.72,103.86,119.86,122.52,108.81,72,80,81,70,56.61,0.71,58.01,53.74,1.04
UTI,96.37,98.28,100.04,161.44,174.3,162.05,72,92,94,92,28.29,0.63,28.82,28.84,1.75
XEL,96.36,97.67,101.59,104.58,131.38,119.53,72,67,85,79,72.11,0.88,71.76,68.42,2.53
SSB,96.35,98.63,100.25,103.15,106.92,109.71,72,66,27,71,101.39,0.72,97.9,94.8,2.25
SR,96.35,97.34,101.76,105.37,137.13,123.19,72,68,87,82,76.45,0.94,75.22,72.41,2.41
FCF,96.34,98.77,101.01,102.92,107.81,105.32,72,66,28,67,17.55,0.73,16.99,16.16,4.71
PANW,96.33,96.33,94.5,108.82,112.45,109.25,72,72,33,71,208.19,1.0,188.54,187.53,1.01
CSTL,96.32,96.32,105.13,83.9,99.98,128.81,72,10,21,84,24.41,0.49,19.99,21.89,1.28
MGRC,96.31,98.9,100.61,103.88,107.06,103.24,72,67,27,64,120.77,0.77,121.03,115.92,2.32
TRV,96.3,97.54,101.94,106.5,123.22,115.75,72,70,81,77,277.0,0.96,266.83,256.45,1.98
IDYA,96.29,98.8,102.6,99.07,84.35,70.46,72,61,10,5,25.74,0.54,24.2,21.91,1.78
FLNG,96.26,98.71,108.34,102.95,105.3,99.8,72,66,25,22,24.97,0.69,25.05,23.19,1.01
MATW,96.25,99.16,101.37,104.31,89.48,113.73,72,67,13,75,25.05,0.56,24.37,23.94,2.66
RIVN,96.24,98.21,101.3,108.59,137.05,118.74,71,72,87,79,14.38,0.65,13.16,13.15,1.51
JAZZ,96.21,99.14,100.82,96.6,119.89,121.27,71,57,79,81,128.3,0.66,120.04,119.57,1.95
SSYS,96.19,96.19,104.72,120.12,117.28,133.23,71,80,76,86,10.53,0.6,10.59,10.3,3.64
GROW,96.18,96.18,97.25,101.35,97.53,93.53,71,63,19,16,2.58,1.0,2.44,2.32,1.74
ASTI,96.17,99.96,95.52,121.64,65.62,66.93,71,81,4,5,2.15,0.35,2.0,2.04,0.26
ES,96.13,96.13,98.56,104.37,112.17,105.58,71,67,33,67,67.0,1.0,65.13,61.08,5.45
THG,96.11,99.94,102.98,108.73,128.01,123.31,71,72,84,82,174.85,0.84,170.87,163.73,3.27
SNA,96.09,96.71,95.55,98.9,120.01,112.71,71,60,79,74,337.24,0.7,325.46,326.47,3.19
LCNB,96.08,97.74,100.66,100.85,114.02,98.9,71,63,72,21,16.02,0.81,15.32,14.72,3.24
GSK,96.08,96.08,101.04,99.92,111.48,107.29,71,62,32,69,40.67,0.88,38.67,36.81,0.81
PNBK,96.02,109.33,101.21,91.2,367.44,96.48,71,15,98,19,1.43,0.09,1.54,1.93,4.72
PRG,95.93,97.91,96.15,89.98,82.59,106.48,71,14,9,68,35.5,0.46,32.94,32.96,4.22
HST,95.9,99.47,99.18,96.55,92.41,89.12,71,57,14,13,17.42,0.85,16.55,15.82,3.73
OTTR,95.88,96.35,98.22,96.52,109.95,105.75,71,57,30,67,84.16,0.88,80.88,78.21,4.37
BLFS,95.87,97.01,100.96,93.78,115.66,127.72,71,17,74,84,25.57,0.64,23.77,24.39,1.16
BTBD,95.85,108.14,186.51,186.26,96.93,112.88,71,94,18,75,1.56,0.28,1.72,1.5,0.02
CLGN,95.82,100.36,92.02,112.39,103.75,78.24,71,75,24,7,2.52,0.32,2.47,2.76,0.24
MITT,95.81,100.72,103.57,114.09,120.47,120.44,71,76,79,80,7.81,0.98,7.58,6.95,1.59
GSBC,95.79,98.72,101.32,103.14,105.8,101.79,71,66,26,62,62.88,0.83,60.67,58.32,2.34
CINF,95.79,96.43,100.56,103.66,115.73,112.31,71,66,74,74,156.11,0.96,151.85,144.47,2.13
AB,95.79,95.87,103.38,112.96,124.49,115.81,71,75,82,77,39.08,0.71,39.88,37.5,0.82
MTSR,95.76,102.36,110.33,168.28,114.01,101.26,71,92,53,42,33.32,0.65,35.57,29.35,7.44
FE,95.68,96.55,98.21,98.19,117.25,101.97,71,59,76,62,43.21,0.89,42.63,40.4,1.65
SRE,95.67,97.21,97.21,96.71,99.88,104.7,71,57,21,66,83.2,0.68,80.96,77.79,2.4
WLAC,95.65,95.65,93.36,96.07,114.75,101.26,71,56,73,42,11.64,1.0,10.35,10.13,7.01
ROST,95.65,95.65,95.97,94.39,108.98,100.21,71,18,29,22,146.18,0.73,143.2,140.71,1.67
BHF,95.63,95.63,84.19,114.23,126.99,126.6,71,76,83,83,57.59,0.73,47.5,53.05,9.83
OFIX,95.59,100.96,96.09,89.44,110.57,112.66,71,13,31,74,14.71,0.45,13.2,14.69,1.71
CZFS,95.58,98.83,98.83,108.77,125.87,121.3,71,72,83,81,63.27,0.62,58.68,59.16,2.76
HTBK,95.58,97.87,98.52,109.77,111.36,109.28,71,72,32,71,10.24,0.88,9.93,9.49,1.95
AVR,95.56,104.14,91.53,88.39,103.59,103.59,71,12,24,65,5.24,0.45,3.89,4.84,13.3
BYFC,95.56,99.44,107.59,117.75,122.62,144.0,71,79,81,89,7.33,0.49,7.76,7.2,0.99
VCYT,95.56,95.56,94.21,84.82,116.07,155.18,71,10,74,91,34.11,0.48,28.22,32.84,1.77
PNNT,95.55,97.98,103.34,104.91,111.42,110.44,71,68,32,72,6.93,0.8,7.07,6.55,1.27
POWW,95.54,97.75,102.6,94.16,124.86,104.8,71,17,82,66,1.44,0.41,1.32,1.45,3.01
RIO,95.52,95.78,98.5,94.17,105.51,106.15,71,17,25,68,62.38,0.71,61.1,58.81,1.11
TEVA,95.51,101.32,102.1,96.76,107.67,140.04,71,57,28,88,18.35,0.56,17.46,17.36,0.66
PPL,95.5,96.91,103.52,103.64,130.08,118.25,71,66,84,79,35.69,0.8,35.91,34.11,0.95
ARL,95.49,97.79,98.21,110.32,95.76,87.93,71,73,17,12,16.42,0.79,14.41,14.04,1.19
ALX,95.49,101.91,101.91,113.71,110.28,105.14,71,76,31,66,232.3,0.73,233.34,209.38,1.65
OBE,95.48,101.32,104.58,110.07,98.72,91.47,71,73,20,14,6.2,0.91,5.88,5.43,1.67
UAVS,95.48,95.48,125.99,147.18,51.57,55.75,71,90,3,3,2.01,0.1,2.0,2.02,0.7
DYCQ,95.47,96.65,101.02,98.79,116.91,104.07,71,60,75,65,11.5,1.0,11.18,10.77,0.19
VCICU,95.42,96.65,101.83,100.08,115.39,102.39,71,62,74,63,11.15,0.63,10.98,10.46,0.0
KALU,95.38,97.56,101.84,125.03,103.03,92.68,71,83,23,16,77.2,0.66,79.03,71.78,2.4
KNDI,95.37,100.74,113.85,112.46,109.51,107.62,71,75,30,69,1.34,0.38,1.32,1.23,0.18
AVDX,95.36,96.79,100.72,103.31,111.89,103.26,71,66,33,64,9.94,0.65,9.9,9.53,0.93
CCNEP,95.36,95.36,99.98,99.81,122.82,109.29,71,62,81,71,25.4,1.0,24.69,23.93,2.24
USGO,95.33,102.15,102.15,119.43,154.85,174.01,71,80,91,93,9.21,0.48,8.51,9.39,0.67
MPX,95.31,100.24,98.7,96.34,99.59,91.4,71,56,20,14,9.14,0.75,8.79,8.52,1.73
OM,95.31,102.78,102.23,144.96,174.25,110.11,71,89,94,72,14.18,0.48,15.0,14.7,1.17
XBP,95.26,95.26,84.31,126.17,115.88,98.19,71,83,74,20,1.14,0.59,0.79,1.03,1.37
BOTJ,95.21,99.39,103.32,100.85,128.68,123.13,71,63,84,82,15.4,0.89,14.45,14.0,1.15
ONB,95.15,98.51,99.94,112.77,115.91,123.95,71,75,74,82,22.13,0.71,21.92,21.55,4.22
QCRH,95.12,97.25,98.75,97.01,107.31,116.55,71,57,28,77,77.9,0.48,75.39,73.88,2.14
EHLD,95.11,95.27,101.56,127.05,114.01,101.26,71,84,53,42,7.07,0.2,7.23,6.88,0.26
PRSO,95.11,110.65,122.18,120.97,143.88,82.36,71,81,89,9,1.14,0.39,0.96,0.94,0.16
SEE,95.1,96.3,93.38,97.46,94.22,91.47,71,58,16,14,34.1,0.81,31.36,31.38,1.68
FSEA,95.04,100.05,104.07,107.56,129.92,125.02,70,71,84,83,11.44,0.89,11.47,10.92,3.57
XPO,95.03,99.4,100.3,111.02,101.46,124.34,70,73,22,82,130.94,0.59,129.55,125.34,1.02
TCBIO,95.02,95.97,97.06,101.61,110.58,105.99,70,64,31,67,21.57,1.0,20.4,19.71,0.45
FHB,95.01,96.88,97.16,106.21,109.86,111.15,70,69,30,73,25.67,0.75,25.01,24.63,2.09
UVSP,95.0,97.13,99.91,111.21,121.53,117.71,70,74,80,78,31.21,0.84,30.47,29.55,2.19
MG,94.99,98.94,99.61,93.83,118.15,112.49,70,17,77,74,9.53,0.45,8.88,9.02,2.6
REAX,94.92,98.36,99.35,94.04,109.73,136.77,70,17,30,87,4.9,0.4,4.54,4.56,0.96
SWX,94.91,98.61,100.02,102.55,111.49,106.52,70,65,32,68,78.4,0.9,77.97,73.37,2.89
JD,94.9,94.9,92.7,93.31,145.86,146.78,70,17,90,89,35.1,0.46,32.34,35.21,2.12
EXC,94.88,95.1,102.85,105.93,138.67,122.88,70,69,88,81,43.41,0.72,43.83,42.15,2.13
EGG,94.87,94.87,92.24,95.42,114.01,101.26,70,37,53,42,5.6,0.45,5.81,5.58,0.2
HBANM,94.87,96.47,98.34,97.02,110.58,105.1,70,57,31,66,23.93,0.95,22.74,22.21,0.19
LPLA,94.85,101.89,104.95,125.74,131.54,133.23,70,83,85,86,335.75,0.66,363.41,351.18,3.26
CEVA,94.82,94.82,88.44,89.88,116.99,148.83,70,13,75,90,26.42,0.39,22.97,26.38,4.5
SIGIP,94.81,95.76,95.82,94.42,109.59,103.81,70,18,30,65,18.65,0.87,17.4,17.11,0.27
BFRI,94.81,94.81,107.33,111.19,92.24,122.81,70,74,14,81,0.9,0.44,0.92,0.89,0.94
HBNC,94.79,97.73,98.09,105.09,112.54,113.18,70,68,33,75,16.5,0.69,15.98,15.57,1.81
CLCO,94.78,95.84,103.91,89.16,95.11,74.87,70,13,17,7,7.82,0.47,7.44,6.94,0.44
TFSL,94.78,96.33,100.14,102.13,111.93,100.92,70,64,33,23,13.2,0.74,12.98,12.46,1.82
CAI,94.75,95.2,92.24,95.42,114.01,101.26,70,37,53,42,32.58,0.5,32.8,31.41,3.26
FFBC,94.69,95.09,96.68,99.67,107.2,108.6,70,61,28,70,26.36,0.62,25.08,25.08,4.67
IRIX,94.68,98.88,99.89,91.81,75.61,77.84,70,15,7,7,1.19,0.35,1.28,1.27,1.32
COSO,94.66,96.1,94.89,95.42,114.01,101.26,70,37,53,42,23.87,1.0,21.51,21.07,20.89
LMB,94.65,100.05,121.55,187.01,187.67,171.47,70,94,95,93,105.5,0.45,120.27,106.3,1.14
TIPT,94.65,104.37,104.37,114.81,135.86,123.09,70,77,87,82,23.59,0.72,22.29,21.81,2.21
BANR,94.64,95.84,97.78,108.95,118.88,120.8,70,72,78,80,67.13,0.61,65.34,64.74,2.92
ACA,94.62,95.96,99.81,97.73,98.46,106.13,70,58,20,68,95.73,0.62,93.3,90.79,2.07
LNG,94.61,98.7,103.15,114.58,128.57,133.78,70,77,84,86,231.5,0.73,234.45,228.03,1.64
FNLC,94.61,98.71,99.93,100.77,110.66,102.0,70,63,31,62,26.67,0.59,26.3,25.16,3.63
OXBR,94.61,114.37,98.0,107.28,114.34,268.23,70,70,72,97,2.4,0.26,2.04,2.64,2.06
ACU,94.6,94.6,99.54,105.29,117.8,101.7,70,68,76,62,43.49,0.89,42.0,39.61,5.08
PGNY,94.57,99.31,109.65,107.67,119.02,108.83,70,71,78,70,21.62,0.74,22.91,21.37,2.63
ESHA,94.57,100.89,99.75,97.9,116.11,102.97,70,59,75,64,11.67,0.61,11.26,11.0,0.0
MPW,94.55,101.49,101.49,85.17,149.67,140.15,70,11,90,88,5.01,0.6,4.28,4.54,4.16
UTMD,94.53,96.86,96.14,89.97,96.08,89.16,70,14,17,13,62.19,0.69,58.6,57.54,1.51
DUK,94.47,94.92,103.12,102.68,129.44,117.09,70,65,84,78,121.08,0.83,121.17,115.13,1.64
ARAY,94.47,96.55,89.32,85.91,99.32,130.19,70,11,20,85,1.67,0.31,1.46,1.71,1.52
SYBT,94.46,97.6,109.4,120.54,132.06,126.15,70,81,85,83,75.27,0.71,77.12,73.68,4.2
HXL,94.46,96.76,102.32,98.26,91.12,96.49,70,59,14,19,61.86,0.64,61.74,58.97,2.11
PEB,94.46,96.96,97.29,93.26,79.94,91.68,70,16,8,15,11.96,0.59,10.7,11.07,1.67
CHWY,94.46,96.14,107.49,133.34,161.98,165.56,70,86,92,92,38.49,0.55,38.28,37.56,1.22
IHG,94.43,95.75,99.02,100.88,107.13,119.5,70,63,27,79,119.77,0.62,119.44,118.45,0.98
ATNM,94.43,104.2,108.8,99.45,120.3,60.74,70,61,79,4,1.59,0.6,1.66,1.44,0.78
MWA,94.42,96.77,104.6,102.32,143.46,143.46,70,65,89,89,25.29,0.64,25.63,24.89,3.41
HFBL,94.42,96.93,99.52,103.12,125.81,106.03,70,66,82,67,13.49,0.85,13.37,12.93,3.53
QCOM,94.42,95.18,95.22,93.02,94.74,97.08,70,16,16,19,166.85,0.86,156.3,154.27,2.44
INN,94.4,97.37,97.65,101.38,92.06,100.87,70,63,14,23,5.88,0.72,5.4,5.38,2.77
AZN,94.34,95.98,104.68,102.98,111.48,110.43,70,66,32,72,76.28,0.71,76.24,71.33,1.52
BORR,94.3,100.93,109.17,85.27,64.57,66.06,70,11,4,4,2.95,0.33,2.48,2.56,1.23
FARM,94.27,94.27,106.81,89.23,110.49,111.22,70,13,31,73,1.9,0.32,1.77,1.85,0.8
VINP,94.27,94.27,96.74,93.54,105.55,99.62,70,17,25,22,10.45,1.0,9.79,9.62,1.92
WIX,94.21,95.08,90.64,88.35,106.27,152.47,70,12,26,91,182.12,0.51,144.99,177.18,1.15
LNT,94.21,95.54,102.34,103.73,125.75,117.77,70,66,82,78,64.17,0.77,64.63,61.24,1.38
VAC,94.13,97.3,99.11,113.72,87.31,100.84,70,76,12,23,76.32,0.59,76.85,73.79,4.3
NGG,94.12,96.25,103.59,115.25,132.16,106.52,70,77,85,68,70.09,0.78,71.06,65.88,0.72
DD,94.08,94.08,94.29,97.77,98.23,98.56,70,58,19,21,78.1,0.71,74.73,72.82,2.29
DIS,94.07,97.4,103.27,117.67,112.87,105.07,70,79,33,66,113.76,0.76,117.72,109.76,2.94
IMXI,94.06,96.62,93.61,92.92,67.28,98.09,70,16,5,20,14.4,0.43,12.4,14.36,0.91
TOWN,94.04,95.76,99.08,104.77,116.28,114.4,69,68,75,76,35.87,0.76,35.93,34.57,2.32
BY,94.0,97.58,97.55,103.02,109.33,111.15,69,66,30,73,28.47,0.63,27.78,27.35,5.81
PSTV,94.0,101.89,90.8,83.08,110.37,91.85,69,9,31,15,0.42,0.14,0.51,0.76,0.72
SNV,93.99,97.92,98.01,117.82,111.87,124.57,69,79,33,83,50.98,0.62,50.61,49.17,1.13
LQDT,93.95,100.82,97.79,92.09,138.91,168.76,69,15,88,92,27.77,0.39,25.68,28.72,1.96
SPNT,93.95,102.89,106.53,132.36,144.87,116.17,69,86,89,77,17.69,0.6,18.74,17.12,4.21
SILA,93.94,95.7,97.77,96.77,121.78,109.7,69,57,80,71,25.83,0.88,24.8,24.3,2.45
EFSCP,93.94,97.89,100.26,103.79,107.11,100.83,69,66,27,23,20.4,0.87,20.19,19.01,0.86
FMBH,93.93,97.2,98.53,105.81,104.23,101.54,69,69,24,62,39.19,0.74,38.89,36.82,4.38
OVLY,93.86,98.3,102.18,103.79,110.65,104.23,69,66,31,65,28.1,0.63,27.89,26.54,2.81
AQN,93.83,95.67,106.18,108.88,119.03,102.1,69,72,78,62,5.48,0.67,5.79,5.17,1.39
VBNK,93.83,93.83,91.07,95.08,97.6,109.48,69,18,19,71,12.7,0.42,11.38,11.92,1.18
BURL,93.76,96.65,108.57,104.24,109.2,118.66,69,67,29,79,263.11,0.55,276.54,259.54,1.23
RPM,93.75,96.59,97.66,96.76,102.77,99.25,69,57,23,21,122.45,0.62,121.21,117.79,2.0
SFD,93.73,95.39,101.18,104.65,114.01,101.26,69,68,53,42,23.96,0.75,24.47,22.14,0.91
BLND,93.72,104.58,105.79,104.46,117.19,138.65,69,67,76,88,3.96,0.47,3.57,3.66,1.95
FRME,93.71,96.45,98.15,106.37,115.39,114.43,69,70,74,76,40.3,0.64,39.67,39.11,5.66
TMUS,93.7,95.04,102.99,102.12,147.23,134.53,69,64,90,86,238.17,0.58,242.81,241.31,1.8
BSRR,93.69,97.03,99.66,114.1,119.92,120.63,69,76,79,80,30.28,0.65,29.98,28.7,2.96
ARCC,93.67,95.3,99.26,103.8,113.03,110.62,69,66,33,72,21.56,0.74,21.99,21.13,1.65
INFA,93.66,96.57,107.77,106.53,102.83,89.15,69,70,23,13,24.86,0.78,24.69,22.79,1.02
MDIA,93.65,93.65,100.69,107.04,118.02,131.78,69,70,77,85,1.29,0.42,1.32,1.18,1.01
RACE,93.65,93.68,96.98,105.25,113.68,109.18,69,68,34,71,479.59,0.69,477.36,459.82,1.07
IMKTA,93.64,96.25,98.52,94.62,107.89,88.55,69,18,28,13,69.42,0.65,66.4,64.31,2.42
FBLA,93.64,93.68,95.58,95.71,107.28,97.36,69,55,28,19,12.28,0.87,11.79,11.5,2.31
QSI,93.64,93.8,87.78,166.62,168.58,350.48,69,92,93,97,1.5,0.24,1.37,1.63,3.09
TRUE,93.64,102.31,102.31,87.28,64.37,106.82,69,12,4,69,2.32,0.32,2.02,2.31,1.54
LI,93.62,97.68,93.84,123.73,124.19,132.28,69,82,81,86,25.75,0.45,25.87,25.75,0.66
PCOR,93.61,95.64,94.43,102.88,104.21,117.66,69,65,24,78,71.31,0.47,69.12,71.0,1.28
KWR,93.61,96.44,101.69,96.98,82.3,80.26,69,57,9,8,138.85,0.52,132.17,126.61,1.15
OCFC,93.6,95.8,97.41,105.44,106.34,103.93,69,68,26,65,18.24,0.63,17.68,17.28,2.66
CDP,93.57,95.54,99.07,100.21,106.63,107.86,69,62,27,69,30.4,0.79,28.71,27.99,1.69
PSX,93.55,96.32,100.75,105.88,101.34,99.25,69,69,22,21,129.72,0.9,126.35,118.61,3.79
AES,93.54,93.54,108.35,101.76,95.4,85.2,69,64,17,11,13.05,0.37,13.09,11.59,1.28
WD,93.52,94.81,97.87,92.97,89.8,88.42,69,16,13,13,87.23,0.46,80.68,81.69,3.1
CCEP,93.49,94.39,103.6,113.32,132.84,113.01,69,75,85,75,89.94,0.62,92.88,86.42,1.32
LIN,93.48,93.5,97.74,97.28,111.56,103.25,69,58,32,64,479.01,0.94,471.99,454.31,2.31
AAL,93.47,97.33,101.49,101.88,90.26,137.59,69,64,13,87,12.45,0.35,12.48,13.13,1.09
OII,93.47,97.35,99.42,99.13,92.31,103.87,69,61,14,65,24.36,0.57,22.84,22.33,2.96
SO,93.44,94.08,101.19,102.05,127.05,116.53,69,64,83,77,91.8,0.79,93.1,87.99,1.94
INGM,93.43,94.55,92.8,102.89,102.82,96.89,69,65,23,19,21.02,0.66,20.05,20.01,1.93
TISI,93.41,96.18,114.86,149.35,221.98,175.82,69,90,96,93,17.5,0.38,18.01,17.88,2.53
IOR,93.39,93.39,95.93,103.57,115.22,107.56,69,66,74,69,19.0,0.86,18.45,18.01,1.41
RNG,93.39,95.05,99.82,95.08,86.41,107.77,69,18,11,69,31.22,0.48,28.91,29.65,0.96
HVT,93.38,98.05,100.97,96.86,86.66,87.79,69,57,11,12,22.66,0.64,22.01,20.77,3.28
BXP,93.37,97.36,97.9,99.36,103.45,100.4,69,61,24,23,76.44,0.68,70.18,68.61,3.44
KTCC,93.37,93.56,92.1,83.3,78.48,84.63,69,9,7,10,3.57,0.35,3.02,3.17,2.9
CVBF,93.36,95.69,97.06,109.14,105.94,112.89,69,72,26,75,19.95,0.53,19.86,19.56,2.19
BNTC,93.36,99.24,109.76,140.05,203.36,194.89,69,88,95,94,13.45,0.6,12.57,12.79,3.22
ISRL,93.36,95.2,98.33,108.83,118.09,104.69,69,72,77,66,12.65,0.65,12.57,12.0,0.7
GABC,93.33,95.17,96.74,102.71,110.56,106.58,69,65,31,68,40.8,0.61,40.17,39.01,2.19
EPM,93.32,97.16,100.6,98.16,103.68,97.73,69,59,24,20,5.3,0.77,5.01,4.83,2.19
SFBS,93.31,96.49,100.54,103.51,115.04,115.45,69,66,73,77,84.24,0.54,83.06,81.68,3.94
FITBP,93.28,93.57,95.01,97.78,114.24,104.45,69,58,72,66,25.43,1.0,24.44,24.1,0.57
ITP,93.28,93.28,109.84,92.0,160.58,230.23,69,15,92,96,0.24,0.16,0.21,0.27,0.73
EAT,93.28,112.21,122.06,167.76,206.96,263.61,69,92,95,96,136.35,0.54,156.4,153.77,1.78
TBCH,93.27,96.0,107.28,112.18,93.32,122.69,69,74,15,81,15.29,0.6,14.85,14.72,1.62
SLRC,93.26,93.26,97.76,101.27,117.84,115.11,69,63,76,77,16.17,0.88,16.01,15.65,1.49
BR,93.24,97.78,105.46,107.43,118.51,110.37,68,70,77,72,241.46,0.6,251.07,238.03,2.52
HURC,93.24,96.47,97.71,112.13,87.85,105.54,68,74,12,67,17.84,0.45,18.4,17.81,0.47
DFH,93.23,98.78,114.64,105.6,90.18,84.03,68,69,13,10,27.52,0.4,27.7,24.74,1.5
CNO,93.23,95.92,97.6,102.76,133.4,130.68,68,65,86,85,39.6,0.72,37.94,38.27,4.96
BKHA,93.23,94.03,96.98,98.68,116.34,103.22,68,60,75,64,11.1,0.7,11.01,10.63,0.0
RDI,93.2,94.27,98.96,93.46,96.9,105.39,68,17,18,67,1.58,0.63,1.42,1.4,2.09
NXPI,93.19,94.13,101.0,103.99,91.48,94.47,68,67,14,17,224.05,0.73,223.05,209.36,1.28
PROV,93.19,94.63,97.02,107.27,114.61,114.67,68,70,72,76,15.75,0.89,15.37,15.09,2.16
GXO,93.15,100.86,111.06,112.85,93.24,82.64,68,75,15,9,49.66,0.58,51.48,44.5,1.76
PEN,93.12,100.19,105.95,107.2,138.73,129.28,68,70,88,85,255.6,0.59,252.76,262.95,1.94
MBINN,93.1,93.96,94.28,93.89,105.76,105.11,68,17,26,66,21.31,0.72,20.01,19.91,0.13
KELYA,93.1,93.87,96.67,91.86,79.1,76.78,68,15,8,7,14.06,0.29,13.44,12.88,2.84
ETD,93.1,97.38,100.89,100.8,104.41,97.69,68,63,25,20,29.26,0.8,29.25,27.61,1.7
EGHT,93.08,95.61,96.67,93.62,95.85,127.01,68,17,17,84,2.12,0.29,1.97,2.19,1.55
SPKL,93.07,93.07,94.8,98.22,117.15,104.38,68,59,76,66,11.35,1.0,10.98,10.81,3.62
RVMD,93.06,98.38,98.38,93.95,101.22,114.31,68,17,22,76,43.54,0.42,38.65,39.86,1.47
MLNK,93.04,93.6,98.32,95.75,91.7,98.17,68,55,14,20,19.97,0.49,18.36,18.48,2.4
PKST,93.04,100.97,101.38,112.3,117.86,101.24,68,75,77,23,13.68,0.79,13.28,12.04,4.43
MFC,93.02,95.82,94.64,104.6,118.16,112.33,68,67,77,74,31.58,0.85,30.77,30.39,0.96
MBWM,92.96,96.33,100.19,110.54,112.47,112.21,68,73,33,74,47.0,0.72,47.23,45.26,2.43
ETHM,92.95,94.97,96.92,99.52,114.66,101.63,68,61,73,62,10.74,0.43,10.84,10.18,0.17
FLG,92.95,101.82,104.13,100.98,124.46,115.07,68,63,82,77,12.19,0.77,12.03,11.38,1.28
XOMAO,92.94,93.86,97.24,99.72,118.46,106.78,68,61,77,68,25.67,1.0,25.48,24.73,0.43
ACIU,92.93,96.33,92.17,96.0,70.93,82.1,68,56,5,9,2.45,0.42,2.21,2.23,0.93
OSBC,92.93,95.84,100.03,110.9,110.42,114.67,68,73,31,76,17.89,0.72,17.93,17.39,6.68
ST,92.92,96.73,104.0,114.16,87.49,83.52,68,76,12,10,31.27,0.73,31.65,27.87,1.81
ACGLO,92.91,93.93,94.52,92.63,107.22,96.92,68,16,28,19,21.86,0.81,20.87,20.46,0.83
ALL,92.9,93.47,101.6,100.0,119.8,119.2,68,62,79,79,206.04,0.81,200.77,196.28,2.12
LGPS,92.9,92.9,100.09,95.42,114.01,101.26,68,37,53,42,1.07,0.05,1.04,1.93,0.22
TXT,92.86,93.79,94.81,102.23,92.36,87.39,68,65,14,12,83.62,0.78,81.01,76.39,1.59
KFY,92.85,96.0,101.57,102.19,104.02,100.45,68,65,24,23,73.07,0.74,73.02,68.62,2.97
FMS,92.85,94.24,100.43,121.78,136.36,115.55,68,81,87,77,25.3,0.62,25.39,24.84,1.0
CJMB,92.81,95.05,95.05,101.99,115.53,101.26,68,64,74,42,4.99,0.49,4.96,4.82,0.35
SIRI,92.81,92.81,91.01,95.8,94.8,88.04,68,55,16,12,23.12,0.48,22.93,22.47,1.34
APPN,92.8,92.8,88.97,91.75,97.48,95.49,68,15,19,18,32.67,0.44,29.7,31.49,1.53
PK,92.78,95.98,95.44,90.05,82.26,90.99,68,14,9,14,11.98,0.58,11.27,11.36,1.29
PENN,92.78,100.79,103.64,99.6,94.56,108.44,68,61,16,70,19.09,0.59,18.68,18.11,1.29
STWD,92.74,95.35,98.28,105.06,110.35,107.86,68,68,31,69,20.23,0.82,20.09,19.18,1.27
USEA,92.7,92.81,97.31,93.2,81.35,89.16,68,16,9,13,1.72,0.46,1.6,1.54,0.92
INUV,92.7,92.7,101.82,152.28,164.79,221.85,68,91,92,95,3.57,0.3,4.27,4.24,2.1
IMDX,92.69,106.72,98.11,140.83,143.5,155.89,68,89,89,91,3.41,0.64,2.74,2.78,3.34
HOMB,92.68,94.88,96.12,103.35,112.26,109.9,68,66,33,72,29.28,0.68,28.93,28.48,3.35
HIW,92.67,96.21,97.5,106.82,108.72,106.36,68,70,29,68,31.66,0.75,30.16,28.97,1.72
BIPC,92.65,93.2,92.61,108.99,108.26,103.19,68,72,29,64,40.78,0.77,40.0,38.78,1.38
KEQU,92.65,97.93,124.59,138.79,119.13,174.14,68,88,78,93,44.01,0.34,54.56,49.38,1.46
TKR,92.63,94.88,97.5,99.88,95.72,95.27,68,62,17,18,77.5,0.72,77.2,73.51,1.1
UPLD,92.63,94.78,109.33,89.96,120.34,162.95,68,14,79,92,2.5,0.22,2.28,2.94,0.31
FORL,92.6,93.02,96.24,99.02,117.85,105.03,68,60,76,66,11.91,1.0,11.62,11.37,7.89
AVT,92.59,94.11,98.28,104.51,103.94,96.34,68,67,24,19,53.08,0.79,53.39,50.97,2.28
THRM,92.56,96.8,101.09,92.67,68.2,80.16,68,16,5,8,35.0,0.43,34.18,32.62,2.49
GLSI,92.56,92.74,96.91,97.23,80.21,95.43,68,58,8,18,11.46,0.41,11.54,11.17,1.5
IONR,92.56,92.56,98.94,77.91,102.05,99.67,68,7,22,22,3.57,0.17,3.3,3.7,0.44
GTLB,92.56,92.56,87.63,86.79,97.83,116.61,68,11,19,78,50.2,0.33,45.48,51.89,0.82
STRR,92.55,93.86,81.8,70.08,72.67,81.28,68,5,6,9,11.47,0.38,9.29,10.54,0.99
PCYO,92.51,93.96,90.26,94.86,108.78,116.46,68,18,29,77,11.39,0.34,10.32,10.98,2.46
BHRB,92.51,95.59,96.92,113.89,104.07,103.39,68,76,24,64,62.84,0.71,61.34,59.26,3.01
WAFDP,92.46,94.51,97.28,94.39,113.2,103.57,68,18,34,64,17.02,0.58,16.53,16.15,0.76
TNXP,92.44,124.6,197.4,304.92,268.15,179.94,67,97,97,93,26.0,0.34,38.83,28.49,1.11
DEC,92.43,109.4,115.05,113.62,117.25,129.91,67,76,76,85,14.02,0.62,15.01,13.97,2.64
RBB,92.42,96.1,101.63,95.31,90.22,99.3,67,19,13,21,19.45,0.5,19.18,18.07,1.75
WSFS,92.39,93.88,98.72,109.62,108.73,111.18,67,72,29,73,55.43,0.66,56.37,54.07,3.61
CFBK,92.39,94.77,97.2,105.28,110.94,116.86,67,68,32,78,24.4,0.5,24.33,23.72,3.35
UBSI,92.39,94.0,96.34,102.19,104.5,99.45,67,65,25,22,37.53,0.62,36.86,35.94,2.37
AGNCP,92.37,94.09,99.01,100.07,117.97,109.02,67,62,77,71,25.25,0.9,25.3,24.39,4.33
BRX,92.35,95.36,97.56,98.07,113.63,105.79,67,59,34,67,27.63,0.73,26.81,26.1,1.58
MAR,92.33,93.68,96.12,104.08,103.42,112.46,67,67,24,74,268.52,0.63,267.38,264.87,2.02
EXOD,92.33,104.34,106.55,142.35,353.48,1155.61,67,89,98,99,29.18,0.2,29.38,36.75,2.0
TCRT,92.32,96.56,93.85,218.1,189.32,48.17,67,96,95,2,2.42,0.27,2.59,2.46,0.11
RAIL,92.3,94.76,108.34,196.44,137.24,268.25,67,94,87,97,9.1,0.41,9.47,8.72,1.03
LXP,92.29,93.79,94.8,95.78,104.19,103.05,67,55,24,64,9.22,0.82,8.54,8.31,1.9
BRY,92.27,99.36,94.51,84.64,75.12,76.58,67,10,7,7,3.9,0.55,3.15,3.32,2.16
MB,92.27,102.55,158.78,229.02,114.01,101.26,67,96,53,42,9.79,0.55,11.27,8.05,0.03
MTAL,92.25,93.29,102.64,105.52,107.06,86.68,67,69,27,11,12.21,0.7,12.11,11.05,2.03
OFS,92.24,96.55,103.05,100.77,122.08,113.86,67,63,80,75,8.32,0.77,8.14,7.85,2.27
NCTY,92.2,102.31,93.56,89.45,173.42,229.32,67,13,93,96,9.91,0.28,9.13,11.82,2.84
LADR,92.19,94.5,98.6,97.69,110.51,106.66,67,58,31,68,11.35,0.79,11.29,10.83,1.6
GIFI,92.19,106.54,107.08,104.11,113.62,116.85,67,67,34,78,6.91,0.68,6.99,6.78,1.29
FRMEP,92.19,93.69,96.41,99.76,118.71,105.14,67,61,78,66,25.62,0.91,25.36,24.72,0.25
LIEN,92.18,94.39,95.8,95.35,114.95,118.39,67,19,73,79,10.82,0.52,10.62,10.65,7.54
ADVM,92.15,92.15,84.65,77.62,80.75,75.31,67,7,8,7,3.76,0.27,2.84,3.58,5.68
CIX,92.14,94.36,98.78,112.8,109.07,108.85,67,75,29,70,24.97,0.52,24.79,23.84,2.17
LSH,92.14,92.14,82.22,67.71,71.65,97.29,67,4,6,19,1.38,0.2,0.95,1.36,2.1
LSPD,92.13,92.59,90.86,99.37,88.53,100.44,67,61,12,23,12.61,0.43,12.35,12.27,0.89
PT,92.12,92.49,107.99,96.63,114.02,101.53,67,57,72,62,0.99,0.41,0.96,0.97,0.56
DSX,92.12,97.08,101.06,81.52,80.06,81.24,67,8,8,9,1.85,0.45,1.65,1.65,1.22
SOTK,92.12,92.12,91.55,90.32,103.92,91.44,67,14,24,14,4.17,0.57,3.52,3.81,1.35
ONBPO,92.08,93.11,96.59,98.36,114.87,103.74,67,59,73,65,25.22,0.92,25.0,24.31,0.27
EURK,92.08,93.15,95.07,96.74,115.29,101.77,67,57,74,62,10.73,1.0,10.65,10.38,0.0
LAMR,92.06,95.83,98.64,99.44,102.14,102.73,67,61,23,63,123.75,0.77,123.01,118.11,1.66
WSBC,92.05,92.64,95.56,106.3,108.43,110.95,67,69,29,73,32.27,0.63,31.38,31.36,5.15
SHEL,92.05,95.73,102.13,103.29,116.87,110.27,67,66,75,72,70.79,0.8,71.71,66.96,0.98
TU,92.02,92.79,101.52,107.69,114.21,101.23,67,71,72,23,15.9,0.8,16.26,15.11,1.32
BBDC,92.02,93.45,98.27,100.41,109.56,107.19,67,62,30,69,9.21,0.76,9.27,8.87,1.47
LUV,91.98,92.16,99.81,120.7,117.34,112.64,67,81,76,74,32.52,0.64,32.34,31.32,2.24
QETA,91.96,92.62,96.83,98.16,117.87,103.94,67,59,77,65,11.18,0.99,11.11,10.8,0.0
TOUR,91.95,93.04,90.86,85.06,132.62,128.55,67,10,85,84,0.91,0.22,0.85,0.93,0.86
OGE,91.93,93.43,99.58,105.2,130.81,120.1,67,68,85,80,44.13,0.76,44.76,43.41,1.9
ABR,91.91,92.4,102.97,93.71,95.51,97.49,67,17,17,20,11.87,0.61,11.54,11.33,1.96
RGR,91.89,91.89,86.92,89.82,110.75,101.55,67,13,31,62,39.73,0.8,35.09,36.31,3.27
BTE,91.86,101.84,100.25,93.07,82.2,77.1,67,16,9,7,2.39,0.51,2.14,2.1,0.86
CFR,91.83,93.82,95.09,111.26,111.2,117.27,67,74,32,78,127.17,0.61,128.95,127.89,1.66
PFG,91.83,94.75,94.21,94.57,108.45,107.21,67,18,29,69,81.71,0.68,78.88,78.37,2.39
IMCR,91.82,96.13,99.19,106.93,111.13,81.38,67,70,32,9,32.6,0.57,33.99,31.45,0.57
HOG,91.82,97.2,99.44,91.78,82.49,77.54,67,15,9,7,28.32,0.43,26.73,26.0,2.21
PACK,91.77,94.28,102.1,83.76,83.53,125.75,67,10,10,83,5.06,0.38,4.35,5.13,1.83
OAKU,91.77,92.89,95.19,99.63,119.47,106.07,67,61,78,68,12.0,0.95,11.81,11.62,0.04
SJM,91.75,91.75,95.25,95.25,117.38,102.53,67,19,76,63,108.78,0.65,108.73,107.52,2.21
PRVA,91.75,93.95,95.61,107.88,134.76,123.29,67,71,86,82,22.37,0.63,21.18,22.39,3.5
RBBN,91.7,95.33,100.95,106.62,123.08,134.6,67,70,81,86,3.87,0.41,3.92,3.93,1.5
ONBPP,91.69,92.42,96.97,98.97,115.05,105.0,67,60,73,66,25.4,0.96,25.04,24.42,0.0
HASI,91.66,91.66,98.4,94.08,109.38,102.81,67,17,30,63,28.9,0.55,27.32,26.84,1.84
AMWD,91.66,96.87,93.45,80.69,75.03,80.68,67,8,6,8,66.35,0.31,61.34,64.9,2.28
NKE,91.64,94.76,103.18,106.34,86.61,91.44,67,69,11,14,70.89,0.52,74.79,69.48,3.0
EGBN,91.6,93.97,89.1,94.6,99.14,111.08,67,18,20,73,21.17,0.4,18.9,20.96,2.92
TTNP,91.6,93.18,108.04,110.17,117.83,77.62,67,73,76,7,4.31,0.46,4.42,4.02,0.54
ELME,91.6,92.4,97.22,97.59,119.55,112.73,67,58,78,75,16.82,0.88,16.4,15.78,1.54
DYCQU,91.57,92.7,96.63,97.85,116.61,103.43,66,59,75,64,11.1,1.0,10.94,10.74,0.0
CACC,91.55,93.94,99.29,100.5,110.32,103.21,66,62,31,64,507.29,0.71,498.15,494.03,1.94
FYBR,91.47,93.27,100.37,105.59,136.37,121.66,66,69,87,81,37.2,0.9,36.97,36.12,2.92
PLXS,91.47,93.48,93.64,99.71,106.05,133.44,66,61,26,86,141.0,0.5,133.59,137.26,3.77
WETH,91.44,95.87,90.4,67.35,75.91,95.38,66,4,7,18,1.27,0.27,0.99,1.24,0.3
CHARU,91.43,92.58,96.54,96.49,114.45,102.22,66,56,72,63,10.82,1.0,10.59,10.35,0.0
AUR,91.42,91.42,98.39,107.36,201.96,239.97,66,70,95,96,6.06,0.24,5.98,6.51,1.67
VNO,91.42,98.44,98.44,108.53,117.16,126.76,66,71,76,84,41.69,0.75,38.85,39.2,3.46
LTH,91.42,97.07,99.4,113.5,162.07,159.52,66,76,92,91,27.83,0.52,28.5,28.57,1.75
DLR,91.41,93.97,94.52,107.98,110.26,112.67,66,71,30,74,172.08,0.68,169.64,165.05,1.99
BGC,91.41,96.73,97.04,110.5,111.19,105.94,66,73,32,67,9.75,0.58,9.98,9.45,3.35
HSPO,91.41,93.61,95.92,104.49,121.53,106.05,66,67,80,68,12.32,0.86,12.14,11.86,0.0
BHB,91.39,96.24,96.82,102.95,116.27,105.73,66,66,75,67,31.14,0.43,31.08,30.35,4.22
ADAG,91.37,92.89,109.91,106.09,86.33,81.29,66,69,11,9,2.05,0.37,2.07,1.9,0.52
MCD,91.36,92.33,96.94,96.1,124.17,112.26,66,56,81,74,302.38,0.64,304.59,299.9,1.68
ABEV,91.36,93.83,93.08,108.17,135.57,112.18,66,71,86,74,2.3,0.72,2.26,2.18,1.55
BAYAU,91.34,92.47,96.73,99.36,117.54,102.99,66,61,76,64,11.35,1.0,11.35,11.07,
MGM,91.34,94.32,105.19,103.71,92.72,91.89,66,66,15,15,35.8,0.62,36.8,34.18,1.58
MCHP,91.33,92.06,100.28,127.88,104.51,78.42,66,84,25,8,65.15,0.7,67.11,58.72,1.55
AFJK,91.33,92.71,95.68,99.82,119.29,106.18,66,62,78,68,11.32,0.99,11.24,11.01,0.0
H,91.31,93.02,94.74,102.55,92.04,105.33,66,65,14,67,143.04,0.63,143.14,139.21,0.86
BIO,91.31,93.93,102.55,92.5,81.25,104.19,66,16,9,65,284.07,0.43,274.42,275.92,1.42
MAYAU,91.25,91.74,93.41,96.67,114.01,101.26,66,57,53,42,11.0,1.0,10.66,10.43,0.0
BLCO,91.24,95.16,96.69,92.61,91.93,98.27,66,16,14,20,15.19,0.43,14.42,14.72,1.72
KBH,91.24,94.46,97.44,91.86,93.3,88.98,66,15,15,13,63.94,0.37,60.84,59.89,2.57
LOAN,91.21,93.53,98.9,101.6,118.51,114.53,66,64,77,76,5.35,0.63,5.42,5.29,1.72
MDU,91.21,91.21,93.4,99.57,116.89,123.9,66,61,75,82,16.71,0.48,16.49,16.82,4.29
JOE,91.19,96.05,97.99,98.33,98.29,91.68,66,59,19,15,50.56,0.5,50.58,46.95,2.59
PCAR,91.19,94.28,93.72,93.16,98.35,103.76,66,16,19,65,99.46,0.48,98.6,99.27,2.59
CASH,91.17,92.67,95.83,111.61,124.84,119.6,66,74,82,80,76.33,0.6,77.5,77.1,3.6
KODK,91.16,92.45,99.09,116.0,121.8,161.33,66,78,80,92,6.19,0.47,6.3,6.47,1.12
GXAI,91.15,93.34,175.02,127.02,90.91,128.25,66,84,14,84,1.71,0.17,1.45,1.58,0.06
SND,91.13,91.13,96.15,94.34,132.68,119.52,66,18,85,79,2.13,0.5,1.92,2.04,2.02
AIOT,91.11,91.71,89.36,81.22,120.46,168.1,66,8,79,92,5.34,0.33,4.57,5.46,1.85
TG,91.08,95.41,97.98,124.85,127.5,129.99,66,83,83,85,8.09,0.55,8.16,7.99,4.96
XENE,91.07,94.27,102.69,98.47,96.6,90.28,66,60,18,14,36.95,0.5,35.23,35.69,1.23
LTC,91.07,91.76,97.51,98.41,117.47,105.1,66,60,76,66,35.81,0.71,35.55,34.5,2.16
EQBK,91.06,92.55,94.5,106.54,109.06,108.22,66,70,29,70,41.98,0.51,40.04,40.71,3.49
MSA,91.06,91.22,97.57,99.69,95.19,88.04,66,61,17,12,170.97,0.78,172.77,162.81,5.21
STM,91.06,92.05,96.35,120.58,99.83,81.55,66,81,21,9,27.8,0.64,27.35,25.62,1.27
CVGW,91.05,95.63,105.45,104.7,118.24,90.57,66,68,77,14,27.47,0.87,27.07,25.37,1.94
NTRP,91.03,98.16,162.23,151.44,185.37,259.16,66,90,94,96,3.6,0.34,3.84,4.18,2.96
WSBK,91.03,91.78,93.92,95.42,114.01,101.26,66,37,53,42,9.59,0.88,9.45,9.33,1.67
KVACU,91.01,92.13,96.09,98.7,118.31,105.59,66,60,77,67,11.5,0.3,11.45,11.25,0.0
CLH,91.01,93.46,97.35,99.66,100.73,102.26,66,61,21,63,234.56,0.65,237.88,226.38,2.18
TTC,91.01,94.96,97.13,89.38,90.62,91.03,66,13,13,14,78.24,0.63,77.0,75.94,1.64
EW,91.0,96.09,103.17,102.58,109.46,94.53,66,65,30,17,74.41,0.57,78.62,74.67,1.79
NVR,90.98,93.78,97.82,96.89,100.86,90.37,66,57,21,14,8094.7,0.43,7985.06,7669.35,2.5
SMXT,90.98,90.98,89.4,106.64,82.86,139.43,66,70,9,88,1.11,0.29,1.11,1.27,0.16
NREF,90.98,90.98,96.23,96.28,115.97,111.77,66,56,74,73,14.49,0.68,14.1,14.03,3.97
ALEX,90.94,92.56,97.8,99.83,110.08,103.87,66,62,30,65,18.37,0.77,18.24,17.44,2.49
NDSN,90.92,91.44,94.96,97.66,92.14,87.47,66,58,14,12,225.08,0.62,218.9,210.4,1.7
PLSE,90.91,97.6,86.99,97.05,148.85,192.62,66,58,90,94,17.61,0.31,15.58,17.11,2.82
CLWT,90.91,102.85,102.85,89.31,99.82,94.95,66,13,21,17,1.33,0.46,1.28,1.26,2.02
AFL,90.91,93.37,95.51,97.48,120.6,113.05,66,58,79,75,108.04,0.68,104.28,104.13,2.71
LION,90.91,95.33,96.24,86.57,105.72,106.42,66,11,26,68,6.86,0.37,6.47,6.98,2.02
ISRLU,90.86,90.86,101.86,114.7,129.97,104.23,65,77,84,65,12.47,0.33,12.89,12.2,0.0
PRK,90.86,92.8,94.67,104.29,107.56,110.86,65,67,28,73,169.45,0.48,167.67,163.67,3.86
DRH,90.84,92.77,97.59,94.82,93.29,95.27,65,18,15,18,8.3,0.66,8.11,8.03,1.85
VCIC,90.83,91.61,94.08,96.84,114.55,101.82,65,57,72,62,10.65,0.91,10.48,10.25,1.44
GEN,90.82,91.25,105.44,106.26,115.31,108.14,65,69,74,70,28.99,0.65,29.99,28.13,2.55
GGB,90.8,90.8,97.3,96.31,97.72,93.85,65,56,19,17,3.11,0.69,3.0,2.89,1.23
DWSN,90.78,98.86,110.28,126.48,179.86,100.2,65,84,94,22,1.72,0.33,1.5,1.41,1.0
AFRI,90.77,90.77,91.7,78.46,90.66,87.22,65,7,13,12,9.15,0.37,8.1,8.65,6.81
MIRA,90.76,102.56,122.76,192.65,127.06,147.88,65,94,83,90,1.25,0.32,1.51,1.24,0.38
ICMB,90.75,97.06,96.28,98.04,110.32,111.69,65,59,31,73,2.85,0.87,2.72,2.7,0.82
TBMC,90.75,91.57,94.67,100.4,117.85,104.48,65,62,76,66,11.68,0.72,11.62,11.45,1.42
KVYO,90.75,90.75,88.21,101.54,109.43,149.73,65,64,30,90,35.23,0.44,32.06,35.4,1.89
NBBK,90.73,94.13,96.84,104.14,116.27,111.14,65,67,75,73,18.45,0.53,18.3,18.03,3.13
GPATU,90.7,91.36,96.31,99.54,116.07,103.78,65,61,74,65,10.72,0.73,10.66,10.48,50.0
PHOE,90.7,123.52,154.2,168.67,114.01,101.26,65,92,53,42,8.6,0.65,8.08,6.51,0.1
MAC,90.68,97.23,101.73,97.05,102.0,118.11,65,58,22,79,17.44,0.52,17.31,17.32,2.41
EQT,90.67,100.49,104.64,134.34,141.42,138.5,65,87,89,88,49.19,0.59,52.4,51.52,3.22
STBA,90.65,92.73,93.93,102.5,111.15,106.49,65,65,32,68,39.28,0.65,38.13,37.55,3.57
LAD,90.63,95.17,97.74,108.14,106.16,115.78,65,71,26,77,332.43,0.51,318.23,327.84,1.11
SAIL,90.62,90.62,97.1,100.65,114.01,101.26,65,63,53,42,22.74,0.71,20.64,20.21,2.29
PMVP,90.62,90.62,123.7,123.7,80.89,84.31,65,82,8,10,1.31,0.5,1.4,1.27,0.64
AXS,90.61,96.17,101.88,116.65,135.31,125.93,65,78,86,83,95.36,0.63,96.75,95.24,2.53
SOPH,90.61,90.61,98.43,103.86,95.33,112.18,65,67,17,74,3.32,0.3,3.36,3.28,0.76
ELTK,90.61,91.98,91.98,107.56,103.82,97.94,65,71,24,20,10.5,0.75,10.27,10.09,0.56
PLUR,90.61,93.93,109.46,114.14,150.29,84.62,65,76,90,10,4.6,0.31,5.01,4.72,0.23
RDACU,90.6,91.75,95.31,95.71,114.45,101.94,65,55,72,62,10.65,1.0,10.63,10.35,0.0
HSPOU,90.59,93.81,97.82,104.99,117.37,113.08,65,68,76,75,12.21,0.67,12.21,11.86,
ESTC,90.59,91.47,93.56,89.25,102.53,108.89,65,13,23,70,89.18,0.37,83.71,92.41,1.38
HQY,90.59,92.4,89.77,113.9,117.23,125.05,65,76,76,83,93.74,0.45,92.95,97.11,1.53
IBAC,90.57,91.54,94.73,98.31,116.18,103.19,65,59,75,64,10.57,0.97,10.51,10.35,0.17
WASH,90.55,92.48,93.9,97.91,112.12,110.16,65,59,33,72,29.87,0.35,28.81,29.21,2.82
NOEMU,90.5,91.88,94.09,97.09,114.87,101.88,65,58,73,62,10.62,1.0,10.62,10.33,0.0
SMBC,90.48,91.13,94.94,103.41,110.68,111.76,65,66,31,73,55.97,0.47,55.6,55.17,2.25
PSHG,90.48,97.25,112.45,105.14,114.6,87.18,65,68,72,12,1.85,0.67,1.85,1.69,0.72
ANSC,90.48,91.87,95.14,98.69,117.4,104.13,65,60,76,65,10.93,0.98,10.9,10.7,0.17
PLNT,90.47,94.32,104.56,114.97,126.79,136.73,65,77,83,87,101.0,0.64,106.7,102.14,1.07
APD,90.45,90.75,95.12,97.81,110.92,110.87,65,58,32,73,290.15,0.5,291.55,290.41,1.61
SLM,90.44,93.58,105.37,126.05,137.45,135.59,65,83,87,87,28.43,0.56,31.19,29.88,2.92
LZM,90.42,90.42,97.15,91.11,74.68,87.2,65,15,6,12,5.22,0.53,4.51,4.84,2.36
KR,90.4,100.51,107.21,119.51,141.61,124.79,65,80,89,83,65.58,0.59,69.86,66.27,2.28
AARD,90.39,90.53,86.66,121.42,114.01,101.26,65,81,53,42,10.89,0.38,10.81,10.81,3.39
GRAF,90.39,91.14,95.02,98.22,115.17,101.82,65,59,74,62,10.55,1.0,10.49,10.3,1.66
AVO,90.38,94.62,103.88,107.49,106.79,116.63,65,70,27,78,12.52,0.59,12.4,11.79,3.93
CODX,90.35,131.9,69.06,57.22,48.45,70.22,65,3,2,5,0.44,0.18,0.3,0.46,0.39
GIGGU,90.34,91.53,94.12,97.51,115.97,102.19,65,58,74,63,10.48,0.46,10.5,10.3,0.0
ALF,90.33,91.17,94.83,98.35,115.25,102.24,65,59,74,63,10.55,0.86,10.52,10.35,2.99
BACQU,90.33,91.88,95.92,98.63,114.72,101.78,65,60,73,62,10.75,1.0,10.67,10.36,0.0
SST,90.32,142.5,143.67,133.83,80.62,61.38,65,87,8,4,8.41,0.59,6.94,6.12,0.87
WCT,90.31,90.31,70.23,89.31,73.05,139.84,65,13,6,88,0.29,0.01,0.22,0.76,1.23
BEP,90.3,93.64,100.5,109.7,108.43,98.76,65,72,29,21,24.94,0.68,25.73,23.51,1.45
OI,90.29,91.94,97.77,126.47,113.12,99.01,65,84,34,21,13.13,0.57,13.44,12.45,2.44
MNRO,90.29,92.39,92.24,84.58,77.65,85.52,65,10,7,11,18.07,0.39,16.04,17.0,1.36
DXST,90.29,110.43,103.14,101.7,114.01,101.26,65,64,53,42,1.3,0.11,1.27,1.29,1.36
MACI,90.28,91.46,95.22,98.52,115.3,102.39,65,60,74,63,10.55,1.0,10.51,10.31,0.0
UMBFO,90.22,91.35,93.09,95.42,114.01,101.26,65,37,53,42,27.34,0.99,26.45,26.16,0.31
ZIONP,90.22,92.44,94.8,98.24,120.69,114.02,65,59,79,76,22.68,0.66,22.84,22.66,1.52
DBGI,90.21,102.29,111.56,241.65,343.19,107.15,65,96,98,69,8.51,0.3,10.11,7.68,3.66
RANGU,90.18,92.3,93.63,97.18,114.66,101.26,65,58,73,42,11.0,1.0,10.6,10.37,0.0
IBN,90.12,92.91,101.08,105.05,132.16,108.23,65,68,85,70,31.97,0.68,32.66,31.35,1.42
GPAT,90.11,91.2,95.23,98.26,115.95,102.32,64,59,74,63,10.58,0.96,10.57,10.39,0.0
SAP,90.07,91.1,97.2,119.36,132.85,130.95,64,80,85,85,266.91,0.53,280.11,276.2,0.94
IRBT,90.07,92.92,74.35,124.92,63.38,114.96,64,83,4,76,4.28,0.23,3.93,5.0,0.91
GMRE,90.07,92.98,94.33,87.03,110.4,105.22,64,11,31,67,7.53,0.47,7.14,7.33,3.72
MBLY,90.07,90.07,87.57,102.62,96.28,100.19,64,65,17,22,14.91,0.32,14.52,15.81,1.43
GBDC,90.06,91.18,95.03,99.41,107.1,104.59,64,61,27,66,14.33,0.73,14.49,14.19,1.49
WST,90.03,90.89,93.77,94.02,79.97,98.88,64,17,8,21,254.85,0.41,243.75,251.67,1.87
NHTC,90.01,90.01,87.98,86.92,106.35,99.42,64,11,26,22,4.56,0.45,4.47,4.45,0.4
GIG,90.01,91.17,94.06,98.17,115.11,101.62,64,59,73,62,10.41,0.98,10.38,10.21,0.0
VS,90.0,96.52,110.64,147.44,141.28,142.54,64,90,88,89,1.96,0.3,2.23,2.15,0.17
OVV,90.0,94.25,99.18,98.59,106.18,99.58,64,60,26,22,41.25,0.72,40.47,39.42,1.61
DTSQ,89.98,90.47,94.02,97.9,115.16,101.9,64,59,74,62,10.49,1.0,10.43,10.28,0.0
MSGS,89.96,97.52,95.21,96.72,100.1,106.97,64,57,21,69,213.62,0.63,202.67,203.47,2.01
UHT,89.94,92.34,95.51,100.42,120.12,108.06,64,62,79,70,41.35,0.74,40.31,38.79,2.89
SUI,89.93,92.86,96.77,99.08,113.47,106.56,64,61,34,68,128.11,0.7,125.89,122.33,1.71
BKH,89.93,90.94,97.09,97.38,118.65,109.55,64,58,77,71,58.61,0.55,58.57,57.84,1.33
KYIV,89.93,90.44,104.99,104.99,118.5,108.62,64,68,77,70,11.27,0.25,11.37,11.18,0.62
GFAI,89.92,89.92,92.35,95.18,89.71,145.25,64,18,13,89,1.2,0.17,1.18,1.25,1.98
USCB,89.91,94.74,96.46,102.77,135.08,134.01,64,65,86,86,17.18,0.5,17.11,17.48,2.3
BILL,89.91,91.78,89.73,85.05,80.65,148.53,64,10,8,90,52.34,0.24,45.35,56.23,1.56
CMS,89.9,91.89,98.73,99.89,128.19,117.24,64,62,84,78,70.12,0.61,71.89,69.71,2.39
FNF,89.89,92.36,98.53,97.97,124.74,119.52,64,59,82,79,58.69,0.54,57.73,57.82,2.18
AMRK,89.88,92.88,91.26,83.92,95.72,94.17,64,10,17,17,26.83,0.3,23.34,24.42,3.52
FMAO,89.87,91.71,95.39,103.83,106.66,114.39,64,67,27,76,26.09,0.42,25.64,25.49,2.49
SWK,89.86,93.2,92.07,90.62,95.23,99.66,64,14,17,22,76.67,0.43,72.84,73.23,2.74
RFAIU,89.84,90.96,94.08,99.06,114.64,102.4,64,61,73,63,10.58,0.96,10.58,10.43,
TARA,89.84,90.07,106.21,104.75,157.1,257.25,64,68,92,96,3.19,0.31,3.16,3.86,1.87
HSPTU,89.82,90.53,93.24,96.43,114.78,102.01,64,56,73,62,10.5,1.0,10.38,10.25,0.07
TBLA,89.82,89.82,90.72,107.72,111.42,98.17,64,71,32,20,3.5,0.56,3.37,3.42,1.49
MBINM,89.81,90.88,94.99,96.98,116.69,105.19,64,57,75,67,24.9,0.99,24.71,24.46,0.33
SIMAU,89.8,91.09,94.77,97.91,115.86,102.24,64,59,74,63,10.5,0.47,10.5,10.33,
GEO,89.79,91.61,91.47,117.38,177.6,223.6,64,78,94,95,21.81,0.41,22.7,26.57,1.21
VRTS,89.79,94.72,97.9,103.82,86.39,91.98,64,67,11,15,190.67,0.5,196.84,186.14,1.63
LPBBU,89.78,91.73,95.34,98.38,114.96,101.7,64,60,73,62,10.68,1.0,10.68,10.37,
ANY,89.77,89.77,83.23,103.91,98.93,89.96,64,67,20,13,0.68,0.21,0.62,0.72,0.42
FPI,89.77,90.95,96.29,103.3,113.34,112.37,64,66,34,74,10.93,0.56,10.9,11.01,0.99
PCSC,89.77,90.84,95.13,100.3,115.09,102.54,64,62,73,63,10.6,0.83,10.58,10.4,4.71
KURA,89.76,92.36,90.69,76.36,58.58,51.05,64,6,3,3,8.25,0.17,7.1,7.24,1.32
ALE,89.75,90.25,94.43,96.25,119.58,107.92,64,56,78,70,64.0,0.64,64.57,63.88,1.7
ASPCU,89.74,93.78,96.5,96.69,114.68,101.94,64,57,73,62,10.5,0.51,10.48,10.26,0.0
PULM,89.71,98.37,98.64,198.56,298.84,386.83,64,95,97,98,4.98,0.37,5.23,6.52,1.71
NCNO,89.7,92.45,94.66,96.63,91.15,102.99,64,57,14,64,29.63,0.39,29.39,29.41,1.87
KRNY,89.69,93.52,96.67,101.78,104.18,104.6,64,64,24,66,6.52,0.41,6.3,6.41,2.42
MFIC,89.68,90.88,95.21,99.97,100.78,100.8,64,62,21,23,12.37,0.7,12.55,12.24,2.03
KIM,89.64,92.28,95.64,95.92,106.01,104.06,64,56,26,65,21.94,0.57,21.62,21.24,1.88
UHS,89.64,92.5,92.5,88.89,106.86,94.81,64,13,27,17,188.64,0.4,176.55,180.49,1.64
UL,89.63,91.88,99.81,101.31,128.57,106.82,64,63,84,69,61.2,0.67,61.33,59.35,1.09
HVII,89.63,89.67,93.28,96.63,114.01,101.26,64,57,53,42,10.38,1.0,10.17,10.03,5.58
WEX,89.58,96.27,101.91,102.14,85.06,88.47,64,65,10,13,163.44,0.48,168.08,156.92,2.19
WTFCN,89.57,91.07,94.15,95.42,114.01,101.26,64,37,53,42,27.03,0.98,26.51,26.08,0.55
WES,89.57,91.68,97.97,101.13,115.77,116.0,64,63,74,77,38.37,0.72,38.78,37.88,1.88
POLE,89.56,90.42,94.31,97.15,114.69,101.8,64,58,73,62,10.46,1.0,10.42,10.22,0.01
ABG,89.55,92.1,96.2,102.96,105.1,120.24,64,66,25,80,241.2,0.32,241.4,245.03,1.85
LCII,89.52,92.79,99.09,97.91,86.43,89.23,64,59,11,13,97.44,0.5,99.94,94.78,2.91
YHNA,89.51,90.54,94.04,96.61,114.64,101.7,64,57,73,62,10.47,0.98,10.42,10.24,0.0
VRRM,89.49,91.94,94.3,99.37,99.84,100.42,64,61,21,23,24.39,0.57,24.65,24.0,2.36
DRDBU,89.49,90.02,94.02,97.99,114.88,101.26,64,59,73,42,10.5,0.7,10.6,10.33,0.0
FCNCP,89.48,89.6,97.84,97.84,107.06,106.22,63,59,27,68,22.19,0.8,21.4,21.14,0.45
NERV,89.48,101.61,121.81,116.99,85.21,79.85,63,78,10,8,2.03,0.46,2.09,1.91,0.33
MCO,89.46,96.32,98.06,102.05,106.4,108.97,63,64,26,70,480.74,0.66,507.56,482.04,2.7
ONFO,89.45,112.92,95.25,112.11,145.61,195.48,63,74,90,94,1.11,0.43,1.11,1.16,0.36
DMAAU,89.44,90.4,94.45,96.15,114.01,101.26,63,56,53,42,10.56,0.93,10.51,10.23,
NWBI,89.43,91.76,93.13,104.69,106.76,101.91,63,68,27,62,12.57,0.53,12.39,12.28,3.03
SERA,89.42,91.22,110.23,70.71,53.34,116.9,63,5,3,78,3.3,0.25,2.85,3.93,1.02
NTWOU,89.42,90.82,94.97,97.25,114.78,101.86,63,58,73,62,10.45,0.92,10.47,10.23,0.0
ARIS,89.42,94.25,99.96,115.54,187.07,211.15,63,77,95,95,24.03,0.5,22.82,25.09,1.28
NNVC,89.41,91.66,90.53,109.78,112.1,103.31,63,72,33,64,1.47,0.6,1.52,1.39,1.22
ROG,89.41,91.01,91.11,83.96,72.85,81.27,63,10,6,9,81.75,0.48,73.94,77.79,1.15
SPIR,89.41,89.41,83.43,117.17,113.33,189.59,63,78,34,94,10.53,0.23,9.96,11.48,1.31
MMYT,89.39,89.39,94.49,91.46,128.05,148.35,63,15,84,90,101.84,0.48,97.75,102.11,1.13
UBCP,89.39,101.93,107.85,113.72,119.53,109.45,63,76,78,71,13.0,0.52,14.06,13.1,8.62
FINV,89.39,94.53,121.45,150.89,190.16,192.82,63,90,95,94,7.66,0.46,8.78,8.24,1.95
BGFV,89.39,96.17,100.07,102.01,87.37,62.5,63,64,12,4,1.37,0.37,1.42,1.33,1.27
FSHPU,89.39,90.49,92.65,100.93,116.06,102.18,63,63,74,63,10.7,0.69,10.55,10.55,0.0
SHO,89.39,91.45,92.28,87.35,90.49,106.06,63,12,13,68,9.78,0.49,9.17,9.67,2.81
SYK,89.37,91.05,96.46,102.24,110.06,105.93,63,65,30,67,376.83,0.6,387.47,379.0,1.61
NWFL,89.34,91.11,94.31,98.53,103.8,94.72,63,60,24,17,26.51,0.53,25.39,25.3,1.91
CAPL,89.32,90.78,93.87,97.07,126.34,119.38,63,58,83,79,21.01,0.48,20.71,21.28,2.05
MBC,89.31,96.09,94.41,86.69,87.39,95.04,63,11,12,17,13.1,0.35,12.35,13.14,1.85
STRS,89.3,89.3,86.2,89.8,100.29,78.61,63,13,21,8,21.75,0.51,18.15,19.02,5.02
HNNA,89.3,97.0,108.86,125.61,124.22,153.03,63,83,82,91,11.04,0.54,11.79,11.23,2.37
OACCU,89.29,90.61,93.83,97.73,114.5,101.77,63,58,72,62,10.6,0.57,10.66,10.42,0.0
NOW,89.29,89.29,89.18,110.21,116.53,124.46,63,73,75,82,961.15,0.53,922.8,963.36,1.64
UMC,89.28,89.28,90.23,108.07,111.11,93.06,63,71,32,16,7.14,0.6,6.96,6.63,1.08
AACIU,89.27,90.45,93.97,95.42,114.01,101.26,63,37,53,42,10.55,0.73,10.41,10.29,0.0
CLBT,89.24,90.99,88.75,89.82,131.84,178.43,63,13,85,93,17.61,0.33,15.39,18.43,0.78
BAYA,89.23,91.79,95.6,102.58,119.06,105.81,63,65,78,67,11.13,0.7,11.12,10.94,0.0
BACQ,89.22,90.6,93.81,97.81,114.7,101.87,63,58,73,62,10.34,0.79,10.36,10.12,1.66
TTSH,89.22,91.79,94.86,98.68,99.0,114.23,63,60,20,76,6.56,0.52,6.35,6.51,3.25
FITBO,89.21,90.91,90.53,89.28,108.89,104.31,63,13,29,65,21.19,0.5,20.41,20.87,0.39
ABLV,89.18,89.18,104.8,109.79,136.22,152.91,63,72,87,91,0.95,0.33,0.96,0.99,0.07
DJCO,89.17,90.45,99.09,93.7,98.69,131.0,63,17,20,85,447.93,0.37,432.11,435.95,1.28
ANSCU,89.17,90.59,100.97,102.38,117.15,103.8,63,65,76,65,10.82,0.27,11.03,10.78,0.0
VACH,89.15,90.36,93.83,96.74,115.16,101.86,63,57,74,62,10.43,0.94,10.41,10.25,0.21
NETDU,89.14,90.78,94.34,99.03,122.71,108.59,63,60,81,70,11.35,0.82,11.32,11.19,0.0
LPBB,89.13,90.3,93.13,97.99,114.74,101.74,63,59,73,62,10.44,0.88,10.42,10.21,0.1
CAMP,89.13,107.29,107.29,72.85,100.8,97.37,63,5,21,20,2.28,0.09,1.77,3.26,0.31
CAPNU,89.13,90.23,92.15,96.5,116.81,101.82,63,56,75,62,10.45,0.34,10.45,10.42,0.0
RUM,89.1,90.49,91.14,134.47,137.15,252.66,63,87,87,96,7.69,0.24,8.14,9.14,2.25
ALDF,89.1,89.42,92.98,98.22,114.95,101.26,63,59,73,42,10.41,0.8,10.43,10.23,0.34
XOM,89.1,92.62,97.78,99.26,110.72,105.21,63,61,31,67,112.82,0.64,110.05,107.78,2.5
PGC,89.09,92.85,89.66,105.21,110.1,117.91,63,68,30,78,29.06,0.35,27.73,29.45,2.0
CXT,89.08,96.29,104.51,102.26,93.3,103.62,63,65,15,65,56.47,0.6,59.3,56.17,1.87
MRX,89.07,92.44,100.47,140.93,192.12,135.6,63,89,95,87,32.83,0.41,36.0,36.68,3.2
DTSQU,89.07,90.32,94.32,96.95,114.95,101.62,63,57,73,62,10.45,1.0,10.45,10.34,
VTS,89.06,95.22,106.38,108.27,110.56,109.14,63,71,31,71,23.2,0.59,24.39,23.11,2.2
RYN,89.06,90.6,97.85,97.12,103.65,98.43,63,58,24,20,25.71,0.52,25.06,24.89,2.52
GLNG,89.04,97.66,114.6,113.24,128.34,138.36,63,75,84,87,39.16,0.58,41.34,39.74,1.38
ET,89.04,90.55,95.08,102.09,117.34,123.8,63,64,76,82,17.3,0.48,17.4,17.71,1.1
MZTI,89.04,93.45,96.93,95.18,117.85,101.19,63,18,76,23,176.89,0.5,179.75,176.45,2.75
CTNT,89.03,92.23,92.75,85.91,74.52,53.13,63,11,6,3,1.86,0.18,1.64,1.86,0.24
MAYA,89.03,90.27,92.83,96.12,114.01,101.26,63,56,53,42,10.23,0.95,10.17,10.06,0.07
CAC,89.0,92.66,92.31,105.79,116.41,114.28,63,69,75,76,40.22,0.37,39.95,40.71,2.73
OACC,88.97,89.2,92.66,98.17,114.83,101.26,63,59,73,42,10.49,0.84,10.45,10.27,1.21
ASPC,88.97,89.97,93.21,95.97,114.6,101.26,63,56,72,42,10.38,1.0,10.29,10.15,0.16
PGACU,88.95,90.06,92.17,96.39,115.1,102.15,62,56,73,63,10.38,0.92,10.24,10.21,0.0
NOEM,88.95,89.76,93.2,96.16,114.01,101.26,62,56,53,42,10.2,1.0,10.12,10.0,0.0
FATN,88.93,88.93,82.03,102.34,114.01,101.26,62,65,53,42,8.89,0.44,6.71,8.03,45.53
BEAGU,88.93,90.22,93.22,98.27,114.32,102.14,62,59,72,63,10.6,0.58,10.69,10.47,0.34
NPCE,88.9,92.62,88.29,112.78,191.97,155.25,62,75,95,91,9.94,0.33,9.19,11.47,2.78
YUMC,88.89,90.7,102.24,108.21,133.66,132.0,62,71,86,86,43.76,0.49,45.61,46.19,0.65
OBT,88.88,92.38,95.23,104.43,102.28,97.48,62,67,23,20,26.04,0.48,25.93,25.49,6.69
PTNM,88.88,96.37,104.07,95.42,114.01,101.26,62,37,53,42,7.55,0.51,3.4,4.62,0.14
FONR,88.86,93.16,94.84,102.58,93.06,90.22,62,65,15,14,15.14,0.54,15.62,14.69,0.76
NBTB,88.86,90.99,91.64,97.26,107.07,110.8,62,58,27,72,43.28,0.4,42.63,43.57,4.22
RIBB,88.85,89.87,92.75,95.96,114.01,101.26,62,56,53,42,10.25,1.0,10.19,10.1,0.22
LEN,88.84,94.41,98.89,95.9,85.15,78.52,62,56,10,8,127.32,0.31,125.53,121.08,5.01
BATRA,88.84,92.35,98.8,110.05,111.42,103.58,62,73,32,65,45.61,0.58,47.3,44.34,7.73
FERAU,88.84,89.96,93.25,96.98,114.01,101.26,62,57,53,42,10.5,1.0,10.48,10.29,0.0
ORC,88.83,91.82,95.41,97.54,109.94,112.7,62,58,30,74,7.0,0.6,7.01,6.92,2.7
MCBS,88.82,92.58,94.52,97.87,106.49,112.42,62,59,27,74,29.01,0.42,28.92,29.03,3.08
EXLS,88.81,88.81,91.83,106.25,130.88,132.04,62,69,85,86,43.37,0.47,43.01,45.71,2.59
GFL,88.81,90.13,101.7,109.65,132.1,119.65,62,72,85,80,46.45,0.59,48.74,47.44,1.49
SMA,88.78,92.16,92.24,96.07,114.01,101.26,62,56,53,42,37.05,0.77,36.11,35.42,2.32
AGIO,88.78,90.92,96.04,109.1,90.11,96.57,62,72,13,19,37.7,0.35,37.66,34.6,1.57
DEI,88.77,94.01,98.14,100.33,106.33,117.71,62,62,26,78,16.16,0.48,15.61,15.79,1.94
QETAU,88.76,90.19,94.24,97.03,116.55,103.14,62,58,75,64,10.84,0.42,10.84,10.74,
LUCD,88.75,91.14,115.78,122.43,219.95,177.33,62,82,96,93,1.09,0.37,1.1,1.16,1.29
TLF,88.75,89.75,98.38,105.78,100.23,115.28,62,69,21,77,3.09,0.28,3.28,3.19,0.56
AMBI,88.74,88.74,99.54,97.23,117.16,102.82,62,58,76,63,4.77,0.26,4.71,4.77,0.4
TAVI,88.74,89.73,93.33,96.19,114.65,101.26,62,56,73,42,10.34,1.0,10.29,10.13,0.0
SBSI,88.73,91.45,95.12,99.51,105.07,98.35,62,61,25,20,30.14,0.44,30.14,29.56,4.37
DRVN,88.72,99.65,105.75,109.66,129.16,120.67,62,72,84,80,16.62,0.54,17.53,16.97,1.78
PELIU,88.71,89.4,92.24,95.42,114.01,101.26,62,37,53,42,10.34,1.0,10.21,10.17,1.3
ZDGE,88.71,107.85,109.49,160.44,141.96,101.96,62,92,89,62,2.99,0.4,3.55,2.87,1.52
YHNAU,88.71,90.07,93.47,96.73,115.32,101.02,62,57,74,23,10.45,0.47,10.45,10.33,
HSPT,88.69,89.76,93.17,95.92,114.01,101.26,62,56,53,42,10.32,0.92,10.28,10.18,0.0
BKHAU,88.66,89.35,91.28,93.88,117.07,102.37,62,17,76,63,10.77,0.24,10.57,10.66,0.0
COLA,88.66,89.79,92.64,95.94,114.01,101.26,62,56,53,42,10.21,0.96,10.18,10.11,0.0
EQV,88.61,89.52,93.52,98.74,114.76,101.72,62,60,73,62,10.4,0.67,10.4,10.22,0.61
TDAC,88.6,89.74,93.31,96.22,114.01,101.26,62,56,53,42,10.34,0.97,10.33,10.2,0.0
ALG,88.58,94.19,105.94,118.1,111.3,100.84,62,79,32,23,198.46,0.54,216.36,196.13,3.09
FR,88.55,90.47,91.83,93.34,109.38,110.43,62,17,30,72,51.71,0.63,50.26,50.47,1.24
MLKN,88.53,91.18,99.04,94.77,83.52,82.08,62,18,10,9,20.03,0.42,20.31,19.69,2.37
WEYS,88.52,88.68,89.48,103.0,104.43,117.03,62,66,25,78,30.87,0.38,30.39,31.77,5.84
XLO,88.51,88.51,84.53,82.44,132.77,164.24,62,9,85,92,0.78,0.16,0.7,0.81,0.89
NTWO,88.51,89.66,93.46,96.37,114.6,101.26,62,56,72,42,10.34,0.92,10.34,10.16,0.0
FACT,88.5,89.65,93.35,96.34,114.65,101.26,62,56,73,42,10.29,0.94,10.29,10.12,0.03
RANG,88.5,89.41,93.32,96.11,114.01,101.26,62,56,53,42,10.26,0.64,10.26,10.14,0.0
RSVR,88.49,91.48,95.63,94.76,103.63,114.36,62,18,24,76,7.9,0.37,7.8,7.82,2.82
DIOD,88.49,92.93,96.48,102.45,86.51,84.83,62,65,11,10,53.94,0.61,53.15,51.7,2.67
TDACU,88.49,89.58,93.03,96.22,114.73,101.26,62,56,73,42,10.4,0.76,10.4,10.24,0.0
COST,88.49,90.06,93.87,104.43,125.15,116.9,62,67,82,78,951.16,0.4,958.11,974.5,2.16
SLDB,88.47,94.6,127.03,159.77,88.45,84.89,62,92,12,10,5.12,0.47,5.95,4.53,2.65
HVIIU,88.46,89.99,92.92,97.36,114.01,101.26,62,58,53,42,10.5,0.9,10.47,10.27,0.0
VTRS,88.43,90.11,98.75,97.84,83.68,103.62,62,59,10,65,9.9,0.49,9.75,9.64,4.49
TDG,88.41,90.72,97.13,109.18,114.64,110.98,62,72,73,73,1282.46,0.36,1365.56,1297.98,1.44
SPGI,88.41,95.83,99.79,102.5,108.8,106.17,62,65,29,68,507.16,0.56,541.93,513.65,3.48
OOMA,88.4,90.72,96.86,100.68,125.72,140.89,62,63,82,88,12.8,0.36,12.09,13.22,1.31
YETI,88.38,92.2,95.03,103.6,89.37,91.7,62,66,13,15,34.59,0.43,35.36,34.5,1.11
PLMK,88.37,89.59,93.26,96.18,114.01,101.26,62,56,53,42,10.3,0.89,10.29,10.17,0.0
USAC,88.34,93.12,96.87,100.83,121.52,120.77,62,63,80,80,23.44,0.41,23.92,24.15,7.53
SOC,88.3,96.25,109.81,143.66,164.87,183.93,62,89,93,94,23.56,0.42,26.74,24.63,1.36
CVV,88.29,88.29,97.21,110.04,98.56,106.75,61,73,20,68,3.17,0.3,3.24,3.26,2.37
BSAAU,88.29,89.34,92.24,95.42,114.01,101.26,61,37,53,42,10.16,0.48,10.12,10.09,0.01
UYSCU,88.28,89.2,92.71,95.42,114.01,101.26,61,37,53,42,10.32,0.75,10.29,10.21,0.0
WABC,88.26,90.62,93.06,99.51,105.62,103.38,61,61,26,64,49.12,0.44,49.13,49.24,5.22
XPON,88.24,88.24,121.74,117.42,52.19,28.42,61,78,3,1,1.27,0.05,1.34,1.27,0.03
TS,88.23,93.86,102.19,108.94,117.31,117.31,61,72,76,78,34.92,0.64,36.21,35.84,0.98
CGNT,88.23,92.17,94.29,112.21,135.15,138.38,61,74,86,87,8.39,0.39,8.87,9.24,1.19
BLUWU,88.22,89.17,92.24,95.42,114.01,101.26,61,37,53,42,10.12,1.0,10.04,10.03,0.01
OPT,88.22,91.21,92.96,111.15,118.61,160.29,61,74,77,91,3.41,0.12,3.41,3.68,
WTGUU,88.22,89.38,92.24,95.42,114.01,101.26,61,37,53,42,10.17,0.69,10.16,10.12,0.0
SER,88.22,88.22,91.45,98.4,103.92,70.69,61,60,24,5,5.03,0.2,5.3,5.26,0.28
GSHRU,88.21,89.3,92.82,95.42,114.01,101.26,61,37,53,42,10.3,0.59,10.34,10.21,0.0
HOPE,88.18,91.38,93.9,100.99,93.8,99.09,61,63,16,21,10.94,0.43,10.7,10.7,2.23
CNNE,88.17,92.22,91.24,108.95,105.83,95.89,61,72,26,18,19.1,0.56,19.61,18.93,1.93
PKOH,88.17,94.69,89.74,76.31,84.95,91.8,61,6,10,15,21.57,0.35,18.96,21.24,3.31
RAAQU,88.17,89.47,93.26,95.42,114.01,101.26,61,37,53,42,10.5,0.98,10.36,10.29,0.0
QSEA,88.15,89.31,92.65,95.42,114.01,101.26,61,37,53,42,10.13,0.88,10.11,10.07,0.59
SZZL,88.15,89.27,92.24,95.42,114.01,101.26,61,37,53,42,10.07,0.45,10.08,10.05,0.0
SVCC,88.15,89.27,92.89,95.42,114.01,101.26,61,37,53,42,10.29,1.0,10.27,10.17,0.0
OYSEU,88.13,89.48,92.24,95.42,114.01,101.26,61,37,53,42,10.18,0.72,10.16,10.13,0.01
UONEK,88.11,92.48,104.32,90.89,73.68,62.45,61,14,6,4,0.78,0.4,0.73,0.74,0.38
TTE,88.11,91.79,97.66,99.2,111.05,105.53,61,61,32,67,60.54,0.61,61.55,58.89,0.92
BIP,88.1,88.18,90.41,107.16,108.54,98.46,61,70,29,21,30.91,0.56,30.82,30.77,1.67
KCHVU,88.09,89.08,92.24,95.42,114.01,101.26,61,37,53,42,10.24,0.76,10.2,10.17,0.08
RAC,88.08,89.38,92.93,95.42,114.01,101.26,61,37,53,42,10.25,0.84,10.26,10.16,0.4
COPL,88.08,89.17,92.24,95.42,114.01,101.26,61,37,53,42,10.09,0.9,10.08,10.06,0.0
GSHR,88.08,89.18,92.68,95.42,114.01,101.26,61,37,53,42,10.14,0.74,10.15,10.11,0.0
KINS,88.07,93.09,96.9,152.14,258.35,352.86,61,91,97,98,13.69,0.39,14.57,15.74,1.13
AXINU,88.06,88.95,92.24,95.42,114.01,101.26,61,37,53,42,10.11,0.29,10.12,10.11,0.0
IPOD,88.05,89.24,92.24,95.42,114.01,101.26,61,37,53,42,10.09,1.0,10.07,10.06,0.0
ATIIU,88.02,89.17,92.97,96.75,114.01,101.26,61,57,53,42,10.31,0.43,10.36,10.24,0.0
EGHAU,88.01,89.06,94.3,95.42,114.01,101.26,61,37,53,42,10.19,0.16,10.21,10.17,0.78
CGCTU,88.01,89.17,92.83,95.42,114.01,101.26,61,37,53,42,10.15,0.3,10.17,10.12,0.0
PETZ,88.0,88.05,93.62,89.6,117.58,121.33,61,13,76,81,1.14,0.37,1.03,1.1,0.58
SDHI,87.99,89.04,92.24,95.42,114.01,101.26,61,37,53,42,10.15,0.85,10.12,10.11,0.0
MLP,87.98,89.62,83.81,86.42,85.09,104.73,61,11,10,66,19.06,0.42,17.29,18.17,2.25
SZZLU,87.97,89.06,92.82,95.42,114.01,101.26,61,37,53,42,10.2,0.35,10.25,10.16,0.0
BACCU,87.97,89.17,92.24,95.42,114.01,101.26,61,37,53,42,10.12,0.75,10.09,10.08,0.03
ALTI,87.96,89.17,110.66,118.69,113.03,87.85,61,79,33,12,3.88,0.56,4.22,3.81,9.04
DSGR,87.95,90.81,98.48,96.49,84.3,96.42,61,56,10,19,30.9,0.4,30.84,30.29,4.69
IPCXU,87.94,89.02,93.71,95.42,114.01,101.26,61,37,53,42,10.55,0.92,10.5,10.41,0.0
PACHU,87.94,88.95,92.24,95.42,114.01,101.26,61,37,53,42,10.02,0.33,10.03,10.02,0.01
TVA,87.94,89.06,92.83,95.42,114.01,101.26,61,37,53,42,10.13,0.88,10.12,10.09,0.06
ARE,87.92,89.59,89.01,82.37,89.52,92.58,61,9,13,16,86.19,0.38,79.93,83.98,2.58
SHW,87.91,90.17,95.01,96.15,111.02,101.06,61,56,32,23,346.8,0.41,353.69,350.3,1.3
NODK,87.9,89.18,86.02,83.68,101.15,98.32,61,10,22,20,13.98,0.37,13.07,13.8,4.63
GTENU,87.89,89.1,92.8,95.42,114.01,101.26,61,37,53,42,10.36,0.23,10.45,10.35,0.0
BUR,87.88,92.13,95.52,104.18,108.8,104.99,61,67,29,66,12.44,0.33,13.42,13.46,2.15
FLD,87.87,88.95,92.24,95.42,114.01,101.26,43,37,53,42,,,,,
MTD,87.87,88.95,92.24,95.42,114.01,101.26,43,37,53,42,,,,,
ZION,87.87,88.95,92.24,95.42,114.01,101.26,43,37,53,42,,,,,
ZD,87.87,88.95,92.24,95.42,114.01,101.26,43,37,53,42,,,,,
SMBK,87.87,88.95,92.24,95.42,114.01,101.26,43,37,53,42,,,,,
TLSI,87.87,88.95,92.24,95.42,114.01,101.26,43,37,53,42,,,,,
HCA,87.87,88.95,92.24,95.42,114.01,101.26,43,37,53,42,,,,,
EBMT,87.87,88.95,92.24,95.42,114.01,101.26,43,37,53,42,,,,,
OXSQ,87.87,88.95,92.24,95.42,114.01,101.26,43,37,53,42,,,,,
EGHA,87.87,88.95,92.24,95.42,114.01,101.26,43,37,53,42,,,,,
PRLD,87.87,88.95,92.24,95.42,114.01,101.26,43,37,53,42,,,,,
THH,87.87,88.95,92.24,95.42,114.01,101.26,43,37,53,42,6.87,0.12,7.04,7.04,0.4
LXEO,87.87,88.95,92.24,95.42,114.01,101.26,43,37,53,42,,,,,
TVGN,87.87,88.95,92.24,95.42,114.01,101.26,43,37,53,42,,,,,
UAA,87.87,88.95,92.24,95.42,114.01,101.26,43,37,53,42,,,,,
LNN,87.87,88.95,92.24,95.42,114.01,101.26,43,37,53,42,,,,,
GFS,87.87,88.95,92.24,95.42,114.01,101.26,43,37,53,42,,,,,
LPRO,87.87,88.95,92.24,95.42,114.01,101.26,43,37,53,42,,,,,
MOH,87.87,88.95,92.24,95.42,114.01,101.26,43,37,53,42,,,,,
JBS,87.87,88.95,92.24,95.42,114.01,101.26,43,37,53,42,,,,,
ENGN,87.87,88.95,92.24,95.42,114.01,101.26,43,37,53,42,,,,,
DIBS,87.87,88.95,92.24,95.42,114.01,101.26,43,37,53,42,,,,,
ELLO,87.87,88.95,92.24,95.42,114.01,101.26,43,37,53,42,,,,,
RNTX,87.87,88.95,92.24,95.42,114.01,101.26,43,37,53,42,,,,,
VMEO,87.87,88.95,92.24,95.42,114.01,101.26,43,37,53,42,,,,,
ACON,87.87,88.95,92.24,95.42,114.01,101.26,43,37,53,42,,,,,
HLX,87.87,88.95,92.24,95.42,114.01,101.26,43,37,53,42,,,,,
LOBO,87.87,88.95,92.24,95.42,114.01,101.26,43,37,53,42,,,,,
CHMG,87.87,88.95,92.24,95.42,114.01,101.26,43,37,53,42,,,,,
SCNX,87.87,88.95,92.24,95.42,114.01,101.26,43,37,53,42,,,,,
DRIO,87.87,88.95,92.24,95.42,114.01,101.26,43,37,53,42,,,,,
PRQR,87.87,88.95,92.24,95.42,114.01,101.26,43,37,53,42,,,,,
KRYS,87.87,88.95,92.24,95.42,114.01,101.26,43,37,53,42,,,,,
SORA,87.87,88.95,92.24,95.42,114.01,101.26,43,37,53,42,,,,,
BRBI,87.87,88.95,92.24,95.42,114.01,101.26,43,37,53,42,,,,,
KYTX,87.87,88.95,92.24,95.42,114.01,101.26,43,37,53,42,,,,,
REVB,87.87,88.95,92.24,95.42,114.01,101.26,43,37,53,42,,,,,
WETO,87.87,88.95,92.24,95.42,114.01,101.26,43,37,53,42,,,,,
PRT,87.87,88.95,92.24,95.42,114.01,101.26,43,37,53,42,,,,,
OSTX,87.87,88.95,92.24,95.42,114.01,101.26,43,37,53,42,,,,,
LFT,87.87,88.95,92.24,95.42,114.01,101.26,43,37,53,42,,,,,
CTXR,87.87,88.95,92.24,95.42,114.01,101.26,43,37,53,42,,,,,
EKSO,87.87,88.95,92.24,95.42,114.01,101.26,43,37,53,42,,,,,
CRL,87.87,88.95,92.24,95.42,114.01,101.26,43,37,53,42,,,,,
BHST,87.87,88.95,92.24,95.42,114.01,101.26,43,37,53,42,,,,,
CAPN,87.87,88.95,92.24,95.42,114.01,101.26,43,37,53,42,,,,,
HSCS,87.87,88.95,92.24,95.42,114.01,101.26,43,37,53,42,,,,,
PSMT,87.87,88.95,92.24,95.42,114.01,101.26,43,37,53,42,,,,,
PTON,87.87,88.95,92.24,95.42,114.01,101.26,43,37,53,42,,,,,
GE,87.87,88.95,92.24,95.42,114.01,101.26,43,37,53,42,,,,,
FMST,87.87,88.95,92.24,95.42,114.01,101.26,43,37,53,42,,,,,
LMNR,87.87,88.95,92.24,95.42,114.01,101.26,43,37,53,42,,,,,
MWG,87.87,88.95,92.24,95.42,114.01,101.26,43,37,53,42,,,,,
BH,87.87,88.95,92.24,95.42,114.01,101.26,43,37,53,42,,,,,
LRE,87.87,88.95,92.24,95.42,114.01,101.26,43,37,53,42,,,,,
DVS,87.87,88.95,92.24,95.42,114.01,101.26,43,37,53,42,,,,,
CSIQ,87.87,88.95,92.24,95.42,114.01,101.26,43,37,53,42,,,,,
VEON,87.87,88.95,92.24,95.42,114.01,101.26,43,37,53,42,,,,,
ACCO,87.87,88.95,92.24,95.42,114.01,101.26,43,37,53,42,,,,,
RUSHB,87.87,88.95,92.24,95.42,114.01,101.26,43,37,53,42,,,,,
YORW,87.87,88.95,92.24,95.42,114.01,101.26,43,37,53,42,,,,,
HWH,87.87,88.95,92.24,95.42,114.01,101.26,43,37,53,42,,,,,
UNF,87.87,88.95,92.24,95.42,114.01,101.26,43,37,53,42,,,,,
ABUS,87.87,88.95,92.24,95.42,114.01,101.26,43,37,53,42,,,,,
EVAC,87.87,88.95,92.24,95.42,114.01,101.26,43,37,53,42,9.94,0.33,9.94,9.94,0.3
VRSK,87.87,88.95,92.24,95.42,114.01,101.26,43,37,53,42,,,,,
SERV,87.87,88.95,92.24,95.42,114.01,101.26,43,37,53,42,,,,,
PCSA,87.87,88.95,92.24,95.42,114.01,101.26,43,37,53,42,,,,,
RICK,87.87,88.95,92.24,95.42,114.01,101.26,43,37,53,42,,,,,
EVGN,87.87,88.95,92.24,95.42,114.01,101.26,43,37,53,42,,,,,
TOPP,87.87,88.95,92.24,95.42,114.01,101.26,43,37,53,42,,,,,
MCK,87.87,88.95,92.24,95.42,114.01,101.26,43,37,53,42,,,,,
LOGI,87.87,88.95,92.24,95.42,114.01,101.26,43,37,53,42,,,,,
AMST,87.87,88.95,92.24,95.42,114.01,101.26,43,37,53,42,,,,,
EMPG,87.87,88.95,92.24,95.42,114.01,101.26,43,37,53,42,13.13,0.98,7.4,6.97,0.37
NX,87.87,88.95,92.24,95.42,114.01,101.26,43,37,53,42,,,,,
PWP,87.87,88.95,92.24,95.42,114.01,101.26,43,37,53,42,,,,,
ESRT,87.87,88.95,92.24,95.42,114.01,101.26,43,37,53,42,,,,,
NSC,87.87,88.95,92.24,95.42,114.01,101.26,43,37,53,42,,,,,
LITE,87.87,88.95,92.24,95.42,114.01,101.26,43,37,53,42,,,,,
SDRL,87.87,88.95,92.24,95.42,114.01,101.26,43,37,53,42,,,,,
CRWS,87.87,88.95,92.24,95.42,114.01,101.26,43,37,53,42,,,,,
MAT,87.87,88.95,92.24,95.42,114.01,101.26,43,37,53,42,,,,,
RBKB,87.87,88.95,92.24,95.42,114.01,101.26,43,37,53,42,,,,,
KROS,87.87,88.95,92.24,95.42,114.01,101.26,43,37,53,42,,,,,
FSBW,87.87,88.95,92.24,95.42,114.01,101.26,43,37,53,42,,,,,
NTIC,87.87,88.95,92.24,95.42,114.01,101.26,43,37,53,42,,,,,
TTAN,87.87,88.95,92.24,95.42,114.01,101.26,43,37,53,42,,,,,
TOMZ,87.87,88.95,92.24,95.42,114.01,101.26,43,37,53,42,,,,,
STHO,87.87,88.95,92.24,95.42,114.01,101.26,43,37,53,42,,,,,
OSIS,87.87,88.95,92.24,95.42,114.01,101.26,43,37,53,42,,,,,
MSEX,87.87,88.95,92.24,95.42,114.01,101.26,43,37,53,42,,,,,
PMN,87.87,88.95,92.24,95.42,114.01,101.26,43,37,53,42,,,,,
HBANP,87.87,88.95,92.24,95.42,114.01,101.26,43,37,53,42,,,,,
REFR,87.87,88.95,92.24,95.42,114.01,101.26,43,37,53,42,,,,,
SANM,87.87,88.95,92.24,95.42,114.01,101.26,43,37,53,42,,,,,
MDLZ,87.87,88.95,92.24,95.42,114.01,101.26,43,37,53,42,,,,,
WTF,87.87,88.95,92.24,95.42,114.01,101.26,43,37,53,42,,,,,
CGEN,87.87,88.95,92.24,95.42,114.01,101.26,43,37,53,42,,,,,
BFS,87.87,88.95,92.24,95.42,114.01,101.26,43,37,53,42,,,,,
REX,87.87,88.95,92.24,95.42,114.01,101.26,43,37,53,42,,,,,
CNQ,87.87,88.95,92.24,95.42,114.01,101.26,43,37,53,42,,,,,
BHP,87.87,88.95,92.24,95.42,114.01,101.26,43,37,53,42,,,,,
PSNL,87.87,88.95,92.24,95.42,114.01,101.26,43,37,53,42,,,,,
NG,87.87,88.95,92.24,95.42,114.01,101.26,43,37,53,42,,,,,
NI,87.87,88.95,92.24,95.42,114.01,101.26,43,37,53,42,,,,,
MBVIU,87.87,88.95,92.24,95.42,114.01,101.26,43,37,53,42,,,,,
IQ,87.87,88.95,92.24,95.42,114.01,101.26,43,37,53,42,,,,,
COSM,87.87,88.95,92.24,95.42,114.01,101.26,43,37,53,42,,,,,
AON,87.87,88.95,92.24,95.42,114.01,101.26,43,37,53,42,,,,,
CIA,87.87,88.95,92.24,95.42,114.01,101.26,43,37,53,42,,,,,
OYSE,87.87,88.95,92.24,95.42,114.01,101.26,43,37,53,42,,,,,
HMR,87.87,88.95,92.24,95.42,114.01,101.26,43,37,53,42,,,,,
TC,87.87,88.95,92.24,95.42,114.01,101.26,43,37,53,42,,,,,
GWW,87.87,88.95,92.24,95.42,114.01,101.26,43,37,53,42,,,,,
NEUP,87.87,88.95,92.24,95.42,114.01,101.26,43,37,53,42,,,,,
ASGN,87.87,88.95,92.24,95.42,114.01,101.26,43,37,53,42,,,,,
CDXS,87.87,88.95,92.24,95.42,114.01,101.26,43,37,53,42,,,,,
HMN,87.87,88.95,92.24,95.42,114.01,101.26,43,37,53,42,,,,,
MKSI,87.87,88.95,92.24,95.42,114.01,101.26,43,37,53,42,,,,,
FLX,87.87,88.95,92.24,95.42,114.01,101.26,43,37,53,42,,,,,
GAU,87.87,88.95,92.24,95.42,114.01,101.26,43,37,53,42,,,,,
NNOX,87.87,88.95,92.24,95.42,114.01,101.26,43,37,53,42,,,,,
CON,87.87,88.95,92.24,95.42,114.01,101.26,43,37,53,42,,,,,
AVNS,87.87,88.95,92.24,95.42,114.01,101.26,43,37,53,42,,,,,
OBDC,87.87,88.95,92.24,95.42,114.01,101.26,43,37,53,42,,,,,
TM,87.87,88.95,92.24,95.42,114.01,101.26,43,37,53,42,,,,,
PAL,87.87,88.95,92.24,95.42,114.01,101.26,43,37,53,42,,,,,
ENGS,87.87,88.95,92.24,95.42,114.01,101.26,43,37,53,42,,,,,
PBA,87.87,88.95,92.24,95.42,114.01,101.26,43,37,53,42,,,,,
SUN,87.87,88.95,92.24,95.42,114.01,101.26,43,37,53,42,,,,,
PJT,87.87,88.95,92.24,95.42,114.01,101.26,43,37,53,42,,,,,
TTMI,87.87,88.95,92.24,95.42,114.01,101.26,43,37,53,42,,,,,
AFG,87.87,88.95,92.24,95.42,114.01,101.26,43,37,53,42,,,,,
XERS,87.87,88.95,92.24,95.42,114.01,101.26,43,37,53,42,,,,,
YPF,87.87,88.95,92.24,95.42,114.01,101.26,43,37,53,42,,,,,
ANGI,87.87,88.95,92.24,95.42,114.01,101.26,43,37,53,42,,,,,
SMC,87.87,88.95,92.24,95.42,114.01,101.26,43,37,53,42,,,,,
KSCP,87.87,88.95,92.24,95.42,114.01,101.26,43,37,53,42,,,,,
TROO,87.87,88.95,92.24,95.42,114.01,101.26,43,37,53,42,,,,,
CEPF,87.87,88.95,92.24,95.42,114.01,101.26,43,37,53,42,,,,,
LZMH,87.87,88.95,92.24,95.42,114.01,101.26,43,37,53,42,,,,,
TYRA,87.87,88.95,92.24,95.42,114.01,101.26,43,37,53,42,,,,,
CCO,87.87,88.95,92.24,95.42,114.01,101.26,43,37,53,42,,,,,
BBOT,87.87,88.95,92.24,95.42,114.01,101.26,43,37,53,42,,,,,
IRT,87.87,88.95,92.24,95.42,114.01,101.26,43,37,53,42,,,,,
HCWB,87.87,88.95,92.24,95.42,114.01,101.26,43,37,53,42,,,,,
AGO,87.87,88.95,92.24,95.42,114.01,101.26,43,37,53,42,,,,,
OMAB,87.87,88.95,92.24,95.42,114.01,101.26,43,37,53,42,,,,,
SNDA,87.87,88.95,92.24,95.42,114.01,101.26,43,37,53,42,,,,,
ADMA,87.87,88.95,92.24,95.42,114.01,101.26,43,37,53,42,,,,,
REG,87.87,88.95,92.24,95.42,114.01,101.26,43,37,53,42,,,,,
TNK,87.87,88.95,92.24,95.42,114.01,101.26,43,37,53,42,,,,,
ACIW,87.87,88.95,92.24,95.42,114.01,101.26,43,37,53,42,,,,,
CIVB,87.87,88.95,92.24,95.42,114.01,101.26,43,37,53,42,,,,,
PFIS,87.87,88.95,92.24,95.42,114.01,101.26,43,37,53,42,,,,,
TVAI,87.87,88.95,92.24,95.42,114.01,101.26,43,37,53,42,10.04,1.0,10.02,10.01,0.0
PACH,87.87,88.95,92.24,95.42,114.01,101.26,43,37,53,42,9.95,0.33,9.95,9.95,0.41
VVOS,87.87,88.95,92.24,95.42,114.01,101.26,43,37,53,42,,,,,
FMX,87.87,88.95,92.24,95.42,114.01,101.26,43,37,53,42,,,,,
FSUN,87.87,88.95,92.24,95.42,114.01,101.26,43,37,53,42,,,,,
CI,87.87,88.95,92.24,95.42,114.01,101.26,43,37,53,42,,,,,
PSNY,87.87,88.95,92.24,95.42,114.01,101.26,43,37,53,42,,,,,
ABT,87.87,88.95,92.24,95.42,114.01,101.26,43,37,53,42,,,,,
MMA,87.87,88.95,92.24,95.42,114.01,101.26,43,37,53,42,,,,,
SNWV,87.87,88.95,92.24,95.42,114.01,101.26,43,37,53,42,,,,,
PNRG,87.87,88.95,92.24,95.42,114.01,101.26,43,37,53,42,,,,,
AMPL,87.87,88.95,92.24,95.42,114.01,101.26,43,37,53,42,,,,,
CCM,87.87,88.95,92.24,95.42,114.01,101.26,43,37,53,42,,,,,
CRNC,87.87,88.95,92.24,95.42,114.01,101.26,43,37,53,42,,,,,
KZIA,87.87,88.95,92.24,95.42,114.01,101.26,43,37,53,42,,,,,
FOFO,87.87,88.95,92.24,95.42,114.01,101.26,43,37,53,42,11.61,0.57,11.45,11.45,0.06
BGI,87.87,88.95,92.24,95.42,114.01,101.26,43,37,53,42,,,,,
DLTH,87.87,88.95,92.24,95.42,114.01,101.26,43,37,53,42,,,,,
GILT,87.87,88.95,92.24,95.42,114.01,101.26,43,37,53,42,,,,,
BCTX,87.87,88.95,92.24,95.42,114.01,101.26,43,37,53,42,,,,,
OUT,87.87,88.95,92.24,95.42,114.01,101.26,43,37,53,42,,,,,
SNOW,87.87,88.95,92.24,95.42,114.01,101.26,43,37,53,42,,,,,
EVAX,87.87,88.95,92.24,95.42,114.01,101.26,43,37,53,42,,,,,
VLY,87.87,88.95,92.24,95.42,114.01,101.26,43,37,53,42,,,,,
TDC,87.87,88.95,92.24,95.42,114.01,101.26,43,37,53,42,,,,,
ANEB,87.87,88.95,92.24,95.42,114.01,101.26,43,37,53,42,,,,,
RAL,87.87,88.95,92.24,95.42,114.01,101.26,43,37,53,42,43.42,0.19,44.16,44.84,1.85
JBLU,87.87,88.95,92.24,95.42,114.01,101.26,43,37,53,42,,,,,
NDRA,87.87,88.95,92.24,95.42,114.01,101.26,43,37,53,42,,,,,
CAKE,87.87,88.95,92.24,95.42,114.01,101.26,43,37,53,42,,,,,
IOBT,87.87,88.95,92.24,95.42,114.01,101.26,43,37,53,42,,,,,
MNDO,87.87,88.95,92.24,95.42,114.01,101.26,43,37,53,42,,,,,
MOFG,87.87,88.95,92.24,95.42,114.01,101.26,43,37,53,42,,,,,
DBVT,87.87,88.95,92.24,95.42,114.01,101.26,43,37,53,42,,,,,
MH,87.87,88.95,92.24,95.42,114.01,101.26,43,37,53,42,13.54,0.15,14.67,14.67,4.2
IBIO,87.87,88.95,92.24,95.42,114.01,101.26,43,37,53,42,,,,,
RCKY,87.87,88.95,92.24,95.42,114.01,101.26,43,37,53,42,,,,,
TR,87.87,88.95,92.24,95.42,114.01,101.26,43,37,53,42,,,,,
ACHR,87.87,88.95,92.24,95.42,114.01,101.26,43,37,53,42,,,,,
USAS,87.87,88.95,92.24,95.42,114.01,101.26,43,37,53,42,,,,,
BILI,87.87,88.95,92.24,95.42,114.01,101.26,43,37,53,42,,,,,
ATO,87.87,88.95,92.24,95.42,114.01,101.26,43,37,53,42,,,,,
TBN,87.87,88.95,92.24,95.42,114.01,101.26,43,37,53,42,,,,,
ALTO,87.87,88.95,92.24,95.42,114.01,101.26,43,37,53,42,,,,,
FURY,87.87,88.95,92.24,95.42,114.01,101.26,43,37,53,42,,,,,
WPM,87.87,88.95,92.24,95.42,114.01,101.26,43,37,53,42,,,,,
SCOR,87.87,88.95,92.24,95.42,114.01,101.26,43,37,53,42,,,,,
ELWS,87.87,88.95,92.24,95.42,114.01,101.26,43,37,53,42,,,,,
DRS,87.87,88.95,92.24,95.42,114.01,101.26,43,37,53,42,,,,,
LGN,87.87,88.95,92.24,95.42,114.01,101.26,43,37,53,42,31.33,1.0,30.58,30.58,0.31
SKT,87.87,88.95,92.24,95.42,114.01,101.26,43,37,53,42,,,,,
BNED,87.87,88.95,92.24,95.42,114.01,101.26,43,37,53,42,,,,,
INDB,87.87,88.95,92.24,95.42,114.01,101.26,43,37,53,42,,,,,
KFIIU,87.87,88.95,92.24,95.42,114.01,101.26,43,37,53,42,,,,,
JRSH,87.87,88.95,92.24,95.42,114.01,101.26,43,37,53,42,,,,,
NSRX,87.87,88.95,92.24,95.42,114.01,101.26,43,37,53,42,,,,,
KCHV,87.87,88.95,92.24,95.42,114.01,101.26,43,37,53,42,10.02,0.17,10.02,10.02,0.07
JFBR,87.87,88.95,92.24,95.42,114.01,101.26,43,37,53,42,,,,,
ATI,87.87,88.95,92.24,95.42,114.01,101.26,43,37,53,42,,,,,
HYFM,87.87,88.95,92.24,95.42,114.01,101.26,43,37,53,42,,,,,
NOK,87.87,88.95,92.24,95.42,114.01,101.26,43,37,53,42,,,,,
EFTY,87.87,88.95,92.24,95.42,114.01,101.26,43,37,53,42,9.02,0.94,6.93,6.93,0.28
CRAQ,87.87,88.95,92.24,95.42,114.01,101.26,43,37,53,42,9.98,0.5,10.0,9.99,0.13
IIIN,87.87,88.95,92.24,95.42,114.01,101.26,43,37,53,42,,,,,
SIGI,87.87,88.95,92.24,95.42,114.01,101.26,43,37,53,42,,,,,
CHEF,87.87,88.95,92.24,95.42,114.01,101.26,43,37,53,42,,,,,
AWRE,87.87,88.95,92.24,95.42,114.01,101.26,43,37,53,42,,,,,
PERI,87.87,88.95,92.24,95.42,114.01,101.26,43,37,53,42,,,,,
RAVE,87.87,88.95,92.24,95.42,114.01,101.26,43,37,53,42,,,,,
YALA,87.87,88.95,92.24,95.42,114.01,101.26,43,37,53,42,,,,,
ATUS,87.87,88.95,92.24,95.42,114.01,101.26,43,37,53,42,,,,,
NGS,87.87,88.95,92.24,95.42,114.01,101.26,43,37,53,42,,,,,
WBTN,87.87,88.95,92.24,95.42,114.01,101.26,43,37,53,42,,,,,
CCIIU,87.87,88.95,92.24,95.42,114.01,101.26,43,37,53,42,10.3,1.0,10.25,10.24,0.02
FELE,87.87,88.95,92.24,95.42,114.01,101.26,43,37,53,42,,,,,
ORMP,87.87,88.95,92.24,95.42,114.01,101.26,43,37,53,42,,,,,
CURX,87.87,88.95,92.24,95.42,114.01,101.26,43,37,53,42,1.19,0.0,5.96,5.96,0.6
WHR,87.87,88.95,92.24,95.42,114.01,101.26,43,37,53,42,,,,,
TEM,87.87,88.95,92.24,95.42,114.01,101.26,43,37,53,42,,,,,
WENN,87.87,88.95,92.24,95.42,114.01,101.26,43,37,53,42,10.16,0.32,10.2,10.21,0.01
ATKR,87.87,88.95,92.24,95.42,114.01,101.26,43,37,53,42,,,,,
RLX,87.87,88.95,92.24,95.42,114.01,101.26,43,37,53,42,,,,,
BNT,87.87,88.95,92.24,95.42,114.01,101.26,43,37,53,42,,,,,
ESLT,87.87,88.95,92.24,95.42,114.01,101.26,43,37,53,42,,,,,
LFCR,87.87,88.95,92.24,95.42,114.01,101.26,43,37,53,42,,,,,
GWRS,87.87,88.95,92.24,95.42,114.01,101.26,43,37,53,42,,,,,
GECC,87.87,88.95,92.24,95.42,114.01,101.26,43,37,53,42,,,,,
RELL,87.87,88.95,92.24,95.42,114.01,101.26,43,37,53,42,,,,,
UXIN,87.87,88.95,92.24,95.42,114.01,101.26,43,37,53,42,,,,,
EBAY,87.87,88.95,92.24,95.42,114.01,101.26,43,37,53,42,,,,,
CCIXU,87.87,88.95,92.24,95.42,114.01,101.26,43,37,53,42,,,,,
DLNG,87.87,88.95,92.24,95.42,114.01,101.26,43,37,53,42,,,,,
GPCR,87.87,88.95,92.24,95.42,114.01,101.26,43,37,53,42,,,,,
RETO,87.87,88.95,92.24,95.42,114.01,101.26,43,37,53,42,,,,,
TEAM,87.87,88.95,92.24,95.42,114.01,101.26,43,37,53,42,,,,,
KVUE,87.87,88.95,92.24,95.42,114.01,101.26,43,37,53,42,,,,,
MLTX,87.87,88.95,92.24,95.42,114.01,101.26,43,37,53,42,,,,,
HDB,87.87,88.95,92.24,95.42,114.01,101.26,43,37,53,42,,,,,
FNKO,87.87,88.95,92.24,95.42,114.01,101.26,43,37,53,42,,,,,
LITB,87.87,88.95,92.24,95.42,114.01,101.26,43,37,53,42,,,,,
FCX,87.87,88.95,92.24,95.42,114.01,101.26,43,37,53,42,,,,,
NWS,87.87,88.95,92.24,95.42,114.01,101.26,43,37,53,42,,,,,
LB,87.87,88.95,92.24,95.42,114.01,101.26,43,37,53,42,,,,,
LSE,87.87,88.95,92.24,95.42,114.01,101.26,43,37,53,42,,,,,
CRBP,87.87,88.95,92.24,95.42,114.01,101.26,43,37,53,42,,,,,
TCBI,87.87,88.95,92.24,95.42,114.01,101.26,43,37,53,42,,,,,
PTIX,87.87,88.95,92.24,95.42,114.01,101.26,43,37,53,42,,,,,
TARS,87.87,88.95,92.24,95.42,114.01,101.26,43,37,53,42,,,,,
DAY,87.87,88.95,92.24,95.42,114.01,101.26,43,37,53,42,,,,,
NEXM,87.87,88.95,92.24,95.42,114.01,101.26,43,37,53,42,,,,,
MYSZ,87.87,88.95,92.24,95.42,114.01,101.26,43,37,53,42,,,,,
NUTX,87.87,88.95,92.24,95.42,114.01,101.26,43,37,53,42,,,,,
NPKI,87.87,88.95,92.24,95.42,114.01,101.26,43,37,53,42,,,,,
PINS,87.87,88.95,92.24,95.42,114.01,101.26,43,37,53,42,,,,,
SPSC,87.87,88.95,92.24,95.42,114.01,101.26,43,37,53,42,,,,,
ENSC,87.87,88.95,92.24,95.42,114.01,101.26,43,37,53,42,,,,,
JELD,87.87,88.95,92.24,95.42,114.01,101.26,43,37,53,42,,,,,
LUXE,87.87,88.95,92.24,95.42,114.01,101.26,43,37,53,42,,,,,
AERT,87.87,88.95,92.24,95.42,114.01,101.26,43,37,53,42,,,,,
NVS,87.87,88.95,92.24,95.42,114.01,101.26,43,37,53,42,,,,,
LNTH,87.87,88.95,92.24,95.42,114.01,101.26,43,37,53,42,,,,,
LMAT,87.87,88.95,92.24,95.42,114.01,101.26,43,37,53,42,,,,,
ZGM,87.87,88.95,92.24,95.42,114.01,101.26,43,37,53,42,,,,,
OZK,87.87,88.95,92.24,95.42,114.01,101.26,43,37,53,42,,,,,
VERA,87.87,88.95,92.24,95.42,114.01,101.26,43,37,53,42,,,,,
YMT,87.87,88.95,92.24,95.42,114.01,101.26,43,37,53,42,2.25,0.25,2.3,2.3,0.23
OSS,87.87,88.95,92.24,95.42,114.01,101.26,43,37,53,42,,,,,
RILYL,87.87,88.95,92.24,95.42,114.01,101.26,43,37,53,42,,,,,
MOGO,87.87,88.95,92.24,95.42,114.01,101.26,43,37,53,42,,,,,
PLG,87.87,88.95,92.24,95.42,114.01,101.26,43,37,53,42,,,,,
LXEH,87.87,88.95,92.24,95.42,114.01,101.26,43,37,53,42,,,,,
ANAB,87.87,88.95,92.24,95.42,114.01,101.26,43,37,53,42,,,,,
ROL,87.87,88.95,92.24,95.42,114.01,101.26,43,37,53,42,,,,,
CRCL,87.87,88.95,92.24,95.42,114.01,101.26,43,37,53,42,,,,,
GPRO,87.87,88.95,92.24,95.42,114.01,101.26,43,37,53,42,,,,,
WAT,87.87,88.95,92.24,95.42,114.01,101.26,43,37,53,42,,,,,
SFHG,87.87,88.95,92.24,95.42,114.01,101.26,43,37,53,42,,,,,
RCMT,87.87,88.95,92.24,95.42,114.01,101.26,43,37,53,42,,,,,
CDZIP,87.87,88.95,92.24,95.42,114.01,101.26,43,37,53,42,,,,,
EXPI,87.87,88.95,92.24,95.42,114.01,101.26,43,37,53,42,,,,,
RSKD,87.87,88.95,92.24,95.42,114.01,101.26,43,37,53,42,,,,,
ACT,87.87,88.95,92.24,95.42,114.01,101.26,43,37,53,42,,,,,
DKI,87.87,88.95,92.24,95.42,114.01,101.26,43,37,53,42,7.9,0.92,5.73,5.73,2.87
JCSE,87.87,88.95,92.24,95.42,114.01,101.26,43,37,53,42,,,,,
NKSH,87.87,88.95,92.24,95.42,114.01,101.26,43,37,53,42,,,,,
ZLAB,87.87,88.95,92.24,95.42,114.01,101.26,43,37,53,42,,,,,
CVKD,87.87,88.95,92.24,95.42,114.01,101.26,43,37,53,42,,,,,
KMTS,87.87,88.95,92.24,95.42,114.01,101.26,43,37,53,42,,,,,
TPVG,87.87,88.95,92.24,95.42,114.01,101.26,43,37,53,42,,,,,
GPN,87.87,88.95,92.24,95.42,114.01,101.26,43,37,53,42,,,,,
HUT,87.87,88.95,92.24,95.42,114.01,101.26,43,37,53,42,,,,,
ULCC,87.87,88.95,92.24,95.42,114.01,101.26,43,37,53,42,,,,,
CSR,87.87,88.95,92.24,95.42,114.01,101.26,43,37,53,42,,,,,
CHRD,87.87,88.95,92.24,95.42,114.01,101.26,43,37,53,42,,,,,
IMVT,87.87,88.95,92.24,95.42,114.01,101.26,43,37,53,42,,,,,
RNGR,87.87,88.95,92.24,95.42,114.01,101.26,43,37,53,42,,,,,
MFI,87.87,88.95,92.24,95.42,114.01,101.26,43,37,53,42,,,,,
AAOI,87.87,88.95,92.24,95.42,114.01,101.26,43,37,53,42,,,,,
HE,87.87,88.95,92.24,95.42,114.01,101.26,43,37,53,42,,,,,
OMSE,87.87,88.95,92.24,95.42,114.01,101.26,43,37,53,42,,,,,
TOON,87.87,88.95,92.24,95.42,114.01,101.26,43,37,53,42,,,,,
AMRX,87.87,88.95,92.24,95.42,114.01,101.26,43,37,53,42,,,,,
OKYO,87.87,88.95,92.24,95.42,114.01,101.26,43,37,53,42,,,,,
AGL,87.87,88.95,92.24,95.42,114.01,101.26,43,37,53,42,,,,,
AGNCL,87.87,88.95,92.24,95.42,114.01,101.26,43,37,53,42,,,,,
SPG,87.87,88.95,92.24,95.42,114.01,101.26,43,37,53,42,,,,,
XPER,87.87,88.95,92.24,95.42,114.01,101.26,43,37,53,42,,,,,
GPC,87.87,88.95,92.24,95.42,114.01,101.26,43,37,53,42,,,,,
VCEL,87.87,88.95,92.24,95.42,114.01,101.26,43,37,53,42,,,,,
OLED,87.87,88.95,92.24,95.42,114.01,101.26,43,37,53,42,,,,,
OLN,87.87,88.95,92.24,95.42,114.01,101.26,43,37,53,42,,,,,
HTLD,87.87,88.95,92.24,95.42,114.01,101.26,43,37,53,42,,,,,
HURN,87.87,88.95,92.24,95.42,114.01,101.26,43,37,53,42,,,,,
LW,87.87,88.95,92.24,95.42,114.01,101.26,43,37,53,42,,,,,
NVO,87.87,88.95,92.24,95.42,114.01,101.26,43,37,53,42,,,,,
BRSP,87.87,88.95,92.24,95.42,114.01,101.26,43,37,53,42,,,,,
KNSA,87.87,88.95,92.24,95.42,114.01,101.26,43,37,53,42,,,,,
GLBS,87.87,88.95,92.24,95.42,114.01,101.26,43,37,53,42,,,,,
CASS,87.87,88.95,92.24,95.42,114.01,101.26,43,37,53,42,,,,,
GNK,87.87,88.95,92.24,95.42,114.01,101.26,43,37,53,42,,,,,
CYTK,87.87,88.95,92.24,95.42,114.01,101.26,43,37,53,42,,,,,
FTAI,87.87,88.95,92.24,95.42,114.01,101.26,43,37,53,42,,,,,
FITBI,87.87,88.95,92.24,95.42,114.01,101.26,43,37,53,42,,,,,
AVDL,87.87,88.95,92.24,95.42,114.01,101.26,43,37,53,42,,,,,
CNM,87.87,88.95,92.24,95.42,114.01,101.26,43,37,53,42,,,,,
GNS,87.87,88.95,92.24,95.42,114.01,101.26,43,37,53,42,,,,,
REYN,87.87,88.95,92.24,95.42,114.01,101.26,43,37,53,42,,,,,
SVIIU,87.87,88.95,92.24,95.42,114.01,101.26,43,37,53,42,,,,,
ELPW,87.87,88.95,92.24,95.42,114.01,101.26,43,37,53,42,,,,,
CTGO,87.87,88.95,92.24,95.42,114.01,101.26,43,37,53,42,,,,,
CTW,87.87,88.95,92.24,95.42,114.01,101.26,43,37,53,42,,,,,
GOLF,87.87,88.95,92.24,95.42,114.01,101.26,43,37,53,42,,,,,
HBT,87.87,88.95,92.24,95.42,114.01,101.26,43,37,53,42,,,,,
GAMB,87.87,88.95,92.24,95.42,114.01,101.26,43,37,53,42,,,,,
SIMA,87.87,88.95,92.24,95.42,114.01,101.26,43,37,53,42,,,,,
SKLZ,87.87,88.95,92.24,95.42,114.01,101.26,43,37,53,42,,,,,
UNM,87.87,88.95,92.24,95.42,114.01,101.26,43,37,53,42,,,,,
VITL,87.87,88.95,92.24,95.42,114.01,101.26,43,37,53,42,,,,,
ECL,87.87,88.95,92.24,95.42,114.01,101.26,43,37,53,42,,,,,
SEGG,87.87,88.95,92.24,95.42,114.01,101.26,43,37,53,42,,,,,
CNCK,87.87,88.95,92.24,95.42,114.01,101.26,43,37,53,42,,,,,
LESL,87.87,88.95,92.24,95.42,114.01,101.26,43,37,53,42,,,,,
INACU,87.87,88.95,92.24,95.42,114.01,101.26,43,37,53,42,,,,,
POR,87.87,88.95,92.24,95.42,114.01,101.26,43,37,53,42,,,,,
ASRV,87.87,88.95,92.24,95.42,114.01,101.26,43,37,53,42,,,,,
HTOO,87.87,88.95,92.24,95.42,114.01,101.26,43,37,53,42,,,,,
FOR,87.87,88.95,92.24,95.42,114.01,101.26,43,37,53,42,,,,,
QRVO,87.87,88.95,92.24,95.42,114.01,101.26,43,37,53,42,,,,,
EC,87.87,88.95,92.24,95.42,114.01,101.26,43,37,53,42,,,,,
TDUP,87.87,88.95,92.24,95.42,114.01,101.26,43,37,53,42,,,,,
SSEAU,87.87,88.95,92.24,95.42,114.01,101.26,43,37,53,42,10.1,1.0,10.05,10.05,0.2
USNA,87.87,88.95,92.24,95.42,114.01,101.26,43,37,53,42,,,,,
PRI,87.87,88.95,92.24,95.42,114.01,101.26,43,37,53,42,,,,,
CSGP,87.87,88.95,92.24,95.42,114.01,101.26,43,37,53,42,,,,,
SFL,87.87,88.95,92.24,95.42,114.01,101.26,43,37,53,42,,,,,
MDGL,87.87,88.95,92.24,95.42,114.01,101.26,43,37,53,42,,,,,
SKYT,87.87,88.95,92.24,95.42,114.01,101.26,43,37,53,42,,,,,
BBVA,87.87,88.95,92.24,95.42,114.01,101.26,43,37,53,42,,,,,
CSWC,87.87,88.95,92.24,95.42,114.01,101.26,43,37,53,42,,,,,
AU,87.87,88.95,92.24,95.42,114.01,101.26,43,37,53,42,,,,,
EFSC,87.87,88.95,92.24,95.42,114.01,101.26,43,37,53,42,,,,,
STKH,87.87,88.95,92.24,95.42,114.01,101.26,43,37,53,42,,,,,
SRAD,87.87,88.95,92.24,95.42,114.01,101.26,43,37,53,42,,,,,
CHDN,87.87,88.95,92.24,95.42,114.01,101.26,43,37,53,42,,,,,
CGNX,87.87,88.95,92.24,95.42,114.01,101.26,43,37,53,42,,,,,
RDNT,87.87,88.95,92.24,95.42,114.01,101.26,43,37,53,42,,,,,
CARV,87.87,88.95,92.24,95.42,114.01,101.26,43,37,53,42,,,,,
LNKB,87.87,88.95,92.24,95.42,114.01,101.26,43,37,53,42,,,,,
GOSS,87.87,88.95,92.24,95.42,114.01,101.26,43,37,53,42,,,,,
VERU,87.87,88.95,92.24,95.42,114.01,101.26,43,37,53,42,,,,,
MPTI,87.87,88.95,92.24,95.42,114.01,101.26,43,37,53,42,,,,,
AME,87.87,88.95,92.24,95.42,114.01,101.26,43,37,53,42,,,,,
SATL,87.87,88.95,92.24,95.42,114.01,101.26,43,37,53,42,,,,,
MLAC,87.87,88.95,92.24,95.42,114.01,101.26,43,37,53,42,,,,,
PCTTU,87.87,88.95,92.24,95.42,114.01,101.26,43,37,53,42,,,,,
BBNX,87.87,88.95,92.24,95.42,114.01,101.26,43,37,53,42,,,,,
FAF,87.87,88.95,92.24,95.42,114.01,101.26,43,37,53,42,,,,,
PSFE,87.87,88.95,92.24,95.42,114.01,101.26,43,37,53,42,,,,,
DAO,87.87,88.95,92.24,95.42,114.01,101.26,43,37,53,42,,,,,
MAMK,87.87,88.95,92.24,95.42,114.01,101.26,43,37,53,42,2.05,0.05,2.41,2.47,0.12
TGHL,87.87,88.95,92.24,95.42,114.01,101.26,43,37,53,42,2.0,0.07,2.62,2.62,1.41
HLNE,87.87,88.95,92.24,95.42,114.01,101.26,43,37,53,42,,,,,
PBHC,87.87,88.95,92.24,95.42,114.01,101.26,43,37,53,42,,,,,
POCI,87.87,88.95,92.24,95.42,114.01,101.26,43,37,53,42,,,,,
ENTA,87.87,88.95,92.24,95.42,114.01,101.26,43,37,53,42,,,,,
TMP,87.87,88.95,92.24,95.42,114.01,101.26,43,37,53,42,,,,,
AFJKU,87.87,88.95,92.24,95.42,114.01,101.26,43,37,53,42,,,,,
TALK,87.87,88.95,92.24,95.42,114.01,101.26,43,37,53,42,,,,,
RCKT,87.87,88.95,92.24,95.42,114.01,101.26,43,37,53,42,,,,,
TREE,87.87,88.95,92.24,95.42,114.01,101.26,43,37,53,42,,,,,
BWBBP,87.87,88.95,92.24,95.42,114.01,101.26,43,37,53,42,,,,,
QBTS,87.87,88.95,92.24,95.42,114.01,101.26,43,37,53,42,,,,,
DAC,87.87,88.95,92.24,95.42,114.01,101.26,43,37,53,42,,,,,
EGY,87.87,88.95,92.24,95.42,114.01,101.26,43,37,53,42,,,,,
CFND,87.87,88.95,92.24,95.42,114.01,101.26,43,37,53,42,8.35,0.25,8.57,8.57,0.19
VTMX,87.87,88.95,92.24,95.42,114.01,101.26,43,37,53,42,,,,,
PIPR,87.87,88.95,92.24,95.42,114.01,101.26,43,37,53,42,,,,,
FFIC,87.87,88.95,92.24,95.42,114.01,101.26,43,37,53,42,,,,,
AACG,87.87,88.95,92.24,95.42,114.01,101.26,43,37,53,42,,,,,
MSIF,87.87,88.95,92.24,95.42,114.01,101.26,43,37,53,42,,,,,
HTH,87.87,88.95,92.24,95.42,114.01,101.26,43,37,53,42,,,,,
PAX,87.87,88.95,92.24,95.42,114.01,101.26,43,37,53,42,,,,,
BTDR,87.87,88.95,92.24,95.42,114.01,101.26,43,37,53,42,,,,,
EHTH,87.87,88.95,92.24,95.42,114.01,101.26,43,37,53,42,,,,,
BWLP,87.87,88.95,92.24,95.42,114.01,101.26,43,37,53,42,,,,,
WCN,87.87,88.95,92.24,95.42,114.01,101.26,43,37,53,42,,,,,
SHOP,87.87,88.95,92.24,95.42,114.01,101.26,43,37,53,42,,,,,
RWAY,87.87,88.95,92.24,95.42,114.01,101.26,43,37,53,42,,,,,
BC,87.87,88.95,92.24,95.42,114.01,101.26,43,37,53,42,,,,,
PFE,87.87,88.95,92.24,95.42,114.01,101.26,43,37,53,42,,,,,
RYET,87.87,88.95,92.24,95.42,114.01,101.26,43,37,53,42,,,,,
KRP,87.87,88.95,92.24,95.42,114.01,101.26,43,37,53,42,,,,,
ATXS,87.87,88.95,92.24,95.42,114.01,101.26,43,37,53,42,,,,,
HROW,87.87,88.95,92.24,95.42,114.01,101.26,43,37,53,42,,,,,
ZK,87.87,88.95,92.24,95.42,114.01,101.26,43,37,53,42,,,,,
ELBM,87.87,88.95,92.24,95.42,114.01,101.26,43,37,53,42,,,,,
ARR,87.87,88.95,92.24,95.42,114.01,101.26,43,37,53,42,,,,,
TRNS,87.87,88.95,92.24,95.42,114.01,101.26,43,37,53,42,,,,,
TNGX,87.87,88.95,92.24,95.42,114.01,101.26,43,37,53,42,,,,,
NSYS,87.87,88.95,92.24,95.42,114.01,101.26,43,37,53,42,,,,,
BBIO,87.87,88.95,92.24,95.42,114.01,101.26,43,37,53,42,,,,,
LXRX,87.87,88.95,92.24,95.42,114.01,101.26,43,37,53,42,,,,,
TRX,87.87,88.95,92.24,95.42,114.01,101.26,43,37,53,42,,,,,
FBK,87.87,88.95,92.24,95.42,114.01,101.26,43,37,53,42,,,,,
SIEB,87.87,88.95,92.24,95.42,114.01,101.26,43,37,53,42,,,,,
MED,87.87,88.95,92.24,95.42,114.01,101.26,43,37,53,42,,,,,
SEMR,87.87,88.95,92.24,95.42,114.01,101.26,43,37,53,42,,,,,
CZNC,87.87,88.95,92.24,95.42,114.01,101.26,43,37,53,42,,,,,
FATE,87.87,88.95,92.24,95.42,114.01,101.26,43,37,53,42,,,,,
BAP,87.87,88.95,92.24,95.42,114.01,101.26,43,37,53,42,,,,,
AGNCM,87.87,88.95,92.24,95.42,114.01,101.26,43,37,53,42,,,,,
LARK,87.87,88.95,92.24,95.42,114.01,101.26,43,37,53,42,,,,,
PRAA,87.87,88.95,92.24,95.42,114.01,101.26,43,37,53,42,,,,,
VET,87.87,88.95,92.24,95.42,114.01,101.26,43,37,53,42,,,,,
FTCI,87.87,88.95,92.24,95.42,114.01,101.26,43,37,53,42,,,,,
GSM,87.87,88.95,92.24,95.42,114.01,101.26,43,37,53,42,,,,,
YJ,87.87,88.95,92.24,95.42,114.01,101.26,43,37,53,42,,,,,
OKE,87.87,88.95,92.24,95.42,114.01,101.26,43,37,53,42,,,,,
SWBI,87.87,88.95,92.24,95.42,114.01,101.26,43,37,53,42,,,,,
TACOU,87.87,88.95,92.24,95.42,114.01,101.26,43,37,53,42,,,,,
MDXG,87.87,88.95,92.24,95.42,114.01,101.26,43,37,53,42,,,,,
CHH,87.87,88.95,92.24,95.42,114.01,101.26,43,37,53,42,,,,,
PROK,87.87,88.95,92.24,95.42,114.01,101.26,43,37,53,42,,,,,
CHA,87.87,88.95,92.24,95.42,114.01,101.26,43,37,53,42,,,,,
SCCO,87.87,88.95,92.24,95.42,114.01,101.26,43,37,53,42,,,,,
BFST,87.87,88.95,92.24,95.42,114.01,101.26,43,37,53,42,,,,,
ABOS,87.87,88.95,92.24,95.42,114.01,101.26,43,37,53,42,,,,,
ALOT,87.87,88.95,92.24,95.42,114.01,101.26,43,37,53,42,,,,,
NEE,87.87,88.95,92.24,95.42,114.01,101.26,43,37,53,42,,,,,
TMDX,87.87,88.95,92.24,95.42,114.01,101.26,43,37,53,42,,,,,
KBR,87.87,88.95,92.24,95.42,114.01,101.26,43,37,53,42,,,,,
EPSM,87.87,88.95,92.24,95.42,114.01,101.26,43,37,53,42,,,,,
IFF,87.87,88.95,92.24,95.42,114.01,101.26,43,37,53,42,,,,,
ATEC,87.87,88.95,92.24,95.42,114.01,101.26,43,37,53,42,,,,,
ALLO,87.87,88.95,92.24,95.42,114.01,101.26,43,37,53,42,,,,,
INLX,87.87,88.95,92.24,95.42,114.01,101.26,43,37,53,42,,,,,
GDDY,87.87,88.95,92.24,95.42,114.01,101.26,43,37,53,42,,,,,
KMX,87.87,88.95,92.24,95.42,114.01,101.26,43,37,53,42,,,,,
FDX,87.87,88.95,92.24,95.42,114.01,101.26,43,37,53,42,,,,,
MNR,87.87,88.95,92.24,95.42,114.01,101.26,43,37,53,42,,,,,
VRA,87.87,88.95,92.24,95.42,114.01,101.26,43,37,53,42,,,,,
QTRX,87.87,88.95,92.24,95.42,114.01,101.26,43,37,53,42,,,,,
INOD,87.87,88.95,92.24,95.42,114.01,101.26,43,37,53,42,,,,,
TVACU,87.87,88.95,92.24,95.42,114.01,101.26,43,37,53,42,,,,,
CRBG,87.87,88.95,92.24,95.42,114.01,101.26,43,37,53,42,,,,,
APTV,87.87,88.95,92.24,95.42,114.01,101.26,43,37,53,42,,,,,
AEE,87.87,88.95,92.24,95.42,114.01,101.26,43,37,53,42,,,,,
COLL,87.87,88.95,92.24,95.42,114.01,101.26,43,37,53,42,,,,,
GD,87.87,88.95,92.24,95.42,114.01,101.26,43,37,53,42,,,,,
FIGXU,87.87,88.95,92.24,95.42,114.01,101.26,43,37,53,42,,,,,
SON,87.87,88.95,92.24,95.42,114.01,101.26,43,37,53,42,,,,,
GLIBK,87.87,88.95,92.24,95.42,114.01,101.26,43,37,53,42,35.49,0.6,35.19,35.19,2.35
HCC,87.87,88.95,92.24,95.42,114.01,101.26,43,37,53,42,,,,,
QSEAU,87.87,88.95,92.24,95.42,114.01,101.26,43,37,53,42,,,,,
VALU,87.87,88.95,92.24,95.42,114.01,101.26,43,37,53,42,,,,,
RIGL,87.87,88.95,92.24,95.42,114.01,101.26,43,37,53,42,,,,,
GTEN,87.87,88.95,92.24,95.42,114.01,101.26,43,37,53,42,10.21,0.25,10.22,10.22,0.14
GIPR,87.87,88.95,92.24,95.42,114.01,101.26,43,37,53,42,,,,,
MAS,87.87,88.95,92.24,95.42,114.01,101.26,43,37,53,42,,,,,
NXPL,87.87,88.95,92.24,95.42,114.01,101.26,43,37,53,42,,,,,
CP,87.87,88.95,92.24,95.42,114.01,101.26,43,37,53,42,,,,,
MANH,87.87,88.95,92.24,95.42,114.01,101.26,43,37,53,42,,,,,
HSBC,87.87,88.95,92.24,95.42,114.01,101.26,43,37,53,42,,,,,
CSX,87.87,88.95,92.24,95.42,114.01,101.26,43,37,53,42,,,,,
BACC,87.87,88.95,92.24,95.42,114.01,101.26,43,37,53,42,9.98,0.6,9.97,9.97,0.37
ECBK,87.87,88.95,92.24,95.42,114.01,101.26,43,37,53,42,,,,,
HFWA,87.87,88.95,92.24,95.42,114.01,101.26,43,37,53,42,,,,,
ARWR,87.87,88.95,92.24,95.42,114.01,101.26,43,37,53,42,,,,,
STE,87.87,88.95,92.24,95.42,114.01,101.26,43,37,53,42,,,,,
BRCB,87.87,88.95,92.24,95.42,114.01,101.26,43,37,53,42,27.11,0.0,27.62,27.62,0.24
IHS,87.87,88.95,92.24,95.42,114.01,101.26,43,37,53,42,,,,,
SOL,87.87,88.95,92.24,95.42,114.01,101.26,43,37,53,42,,,,,
ATS,87.87,88.95,92.24,95.42,114.01,101.26,43,37,53,42,,,,,
FFWM,87.87,88.95,92.24,95.42,114.01,101.26,43,37,53,42,,,,,
RAYA,87.87,88.95,92.24,95.42,114.01,101.26,43,37,53,42,,,,,
AMRN,87.87,88.95,92.24,95.42,114.01,101.26,43,37,53,42,,,,,
EPWK,87.87,88.95,92.24,95.42,114.01,101.26,43,37,53,42,,,,,
BHAT,87.87,88.95,92.24,95.42,114.01,101.26,43,37,53,42,,,,,
HMC,87.87,88.95,92.24,95.42,114.01,101.26,43,37,53,42,,,,,
PAHC,87.87,88.95,92.24,95.42,114.01,101.26,43,37,53,42,,,,,
BSM,87.87,88.95,92.24,95.42,114.01,101.26,43,37,53,42,,,,,
BEAG,87.87,88.95,92.24,95.42,114.01,101.26,43,37,53,42,,,,,
DAN,87.87,88.95,92.24,95.42,114.01,101.26,43,37,53,42,,,,,
ERII,87.87,88.95,92.24,95.42,114.01,101.26,43,37,53,42,,,,,
IBOC,87.87,88.95,92.24,95.42,114.01,101.26,43,37,53,42,,,,,
AGCO,87.87,88.95,92.24,95.42,114.01,101.26,43,37,53,42,,,,,
TERN,87.87,88.95,92.24,95.42,114.01,101.26,43,37,53,42,,,,,
IX,87.87,88.95,92.24,95.42,114.01,101.26,43,37,53,42,,,,,
HKIT,87.87,88.95,92.24,95.42,114.01,101.26,43,37,53,42,,,,,
FCPT,87.87,88.95,92.24,95.42,114.01,101.26,43,37,53,42,,,,,
KGEI,87.87,88.95,92.24,95.42,114.01,101.26,43,37,53,42,,,,,
EMN,87.87,88.95,92.24,95.42,114.01,101.26,43,37,53,42,,,,,
DXR,87.87,88.95,92.24,95.42,114.01,101.26,43,37,53,42,,,,,
MU,87.87,88.95,92.24,95.42,114.01,101.26,43,37,53,42,,,,,
WBX,87.87,88.95,92.24,95.42,114.01,101.26,43,37,53,42,,,,,
BINI,87.87,88.95,92.24,95.42,114.01,101.26,43,37,53,42,,,,,
MLI,87.87,88.95,92.24,95.42,114.01,101.26,43,37,53,42,,,,,
MNTK,87.87,88.95,92.24,95.42,114.01,101.26,43,37,53,42,,,,,
KOYNU,87.87,88.95,92.24,95.42,114.01,101.26,43,37,53,42,,,,,
ANTX,87.87,88.95,92.24,95.42,114.01,101.26,43,37,53,42,,,,,
VNME,87.87,88.95,92.24,95.42,114.01,101.26,43,37,53,42,9.93,1.0,9.92,9.92,0.51
NBHC,87.87,88.95,92.24,95.42,114.01,101.26,43,37,53,42,,,,,
TLRY,87.87,88.95,92.24,95.42,114.01,101.26,43,37,53,42,,,,,
ADTN,87.87,88.95,92.24,95.42,114.01,101.26,43,37,53,42,,,,,
PLPC,87.87,88.95,92.24,95.42,114.01,101.26,43,37,53,42,,,,,
VTOL,87.87,88.95,92.24,95.42,114.01,101.26,43,37,53,42,,,,,
WFG,87.87,88.95,92.24,95.42,114.01,101.26,43,37,53,42,,,,,
HPP,87.87,88.95,92.24,95.42,114.01,101.26,43,37,53,42,,,,,
FISI,87.87,88.95,92.24,95.42,114.01,101.26,43,37,53,42,,,,,
HUYA,87.87,88.95,92.24,95.42,114.01,101.26,43,37,53,42,,,,,
IMO,87.87,88.95,92.24,95.42,114.01,101.26,43,37,53,42,,,,,
PNTG,87.87,88.95,92.24,95.42,114.01,101.26,43,37,53,42,,,,,
CNOB,87.87,88.95,92.24,95.42,114.01,101.26,43,37,53,42,,,,,
WAB,87.87,88.95,92.24,95.42,114.01,101.26,43,37,53,42,,,,,
ORI,87.87,88.95,92.24,95.42,114.01,101.26,43,37,53,42,,,,,
WYHG,87.87,88.95,92.24,95.42,114.01,101.26,43,37,53,42,,,,,
FRBA,87.87,88.95,92.24,95.42,114.01,101.26,43,37,53,42,,,,,
IMTX,87.87,88.95,92.24,95.42,114.01,101.26,43,37,53,42,,,,,
BXMT,87.87,88.95,92.24,95.42,114.01,101.26,43,37,53,42,,,,,
ASTL,87.87,88.95,92.24,95.42,114.01,101.26,43,37,53,42,,,,,
SRRK,87.87,88.95,92.24,95.42,114.01,101.26,43,37,53,42,,,,,
TRIP,87.87,88.95,92.24,95.42,114.01,101.26,43,37,53,42,,,,,
MTCH,87.87,88.95,92.24,95.42,114.01,101.26,43,37,53,42,,,,,
ARMP,87.87,88.95,92.24,95.42,114.01,101.26,43,37,53,42,,,,,
MAGN,87.87,88.95,92.24,95.42,114.01,101.26,43,37,53,42,,,,,
HLN,87.87,88.95,92.24,95.42,114.01,101.26,43,37,53,42,,,,,
AVY,87.87,88.95,92.24,95.42,114.01,101.26,43,37,53,42,,,,,
LBRX,87.87,88.95,92.24,95.42,114.01,101.26,43,37,53,42,15.88,0.07,16.4,16.4,0.17
LMFA,87.87,88.95,92.24,95.42,114.01,101.26,43,37,53,42,,,,,
LVS,87.87,88.95,92.24,95.42,114.01,101.26,43,37,53,42,,,,,
BENF,87.87,88.95,92.24,95.42,114.01,101.26,43,37,53,42,,,,,
HWM,87.87,88.95,92.24,95.42,114.01,101.26,43,37,53,42,,,,,
JHX,87.87,88.95,92.24,95.42,114.01,101.26,43,37,53,42,,,,,
NVTS,87.87,88.95,92.24,95.42,114.01,101.26,43,37,53,42,,,,,
INTA,87.87,88.95,92.24,95.42,114.01,101.26,43,37,53,42,,,,,
AX,87.87,88.95,92.24,95.42,114.01,101.26,43,37,53,42,,,,,
CVCO,87.87,88.95,92.24,95.42,114.01,101.26,43,37,53,42,,,,,
DMRC,87.87,88.95,92.24,95.42,114.01,101.26,43,37,53,42,,,,,
PPG,87.87,88.95,92.24,95.42,114.01,101.26,43,37,53,42,,,,,
FLUT,87.87,88.95,92.24,95.42,114.01,101.26,43,37,53,42,,,,,
CHACU,87.87,88.95,92.24,95.42,114.01,101.26,43,37,53,42,,,,,
MEG,87.87,88.95,92.24,95.42,114.01,101.26,43,37,53,42,,,,,
BUD,87.87,88.95,92.24,95.42,114.01,101.26,43,37,53,42,,,,,
FHI,87.87,88.95,92.24,95.42,114.01,101.26,43,37,53,42,,,,,
COLAU,87.87,88.95,92.24,95.42,114.01,101.26,43,37,53,42,,,,,
BLZRU,87.87,88.95,92.24,95.42,114.01,101.26,43,37,53,42,,,,,
SSL,87.87,88.95,92.24,95.42,114.01,101.26,43,37,53,42,,,,,
VYNE,87.87,88.95,92.24,95.42,114.01,101.26,43,37,53,42,,,,,
MKLYU,87.87,88.95,92.24,95.42,114.01,101.26,43,37,53,42,9.99,0.83,9.99,9.99,0.04
VICI,87.87,88.95,92.24,95.42,114.01,101.26,43,37,53,42,,,,,
LBRDA,87.87,88.95,92.24,95.42,114.01,101.26,43,37,53,42,,,,,
MOD,87.87,88.95,92.24,95.42,114.01,101.26,43,37,53,42,,,,,
BEDU,87.87,88.95,92.24,95.42,114.01,101.26,43,37,53,42,,,,,
NTRA,87.87,88.95,92.24,95.42,114.01,101.26,43,37,53,42,,,,,
EVLV,87.87,88.95,92.24,95.42,114.01,101.26,43,37,53,42,,,,,
EFXT,87.87,88.95,92.24,95.42,114.01,101.26,43,37,53,42,,,,,
CAPS,87.87,88.95,92.24,95.42,114.01,101.26,43,37,53,42,,,,,
BSX,87.87,88.95,92.24,95.42,114.01,101.26,43,37,53,42,,,,,
LHAI,87.87,88.95,92.24,95.42,114.01,101.26,43,37,53,42,9.38,0.83,7.58,7.58,0.39
CW,87.87,88.95,92.24,95.42,114.01,101.26,43,37,53,42,,,,,
GOOGL,87.87,88.95,92.24,95.42,114.01,101.26,43,37,53,42,,,,,
CIEN,87.87,88.95,92.24,95.42,114.01,101.26,43,37,53,42,,,,,
GORO,87.87,88.95,92.24,95.42,114.01,101.26,43,37,53,42,,,,,
SLS,87.87,88.95,92.24,95.42,114.01,101.26,43,37,53,42,,,,,
DVA,87.87,88.95,92.24,95.42,114.01,101.26,43,37,53,42,,,,,
CCSI,87.87,88.95,92.24,95.42,114.01,101.26,43,37,53,42,,,,,
ONEG,87.87,88.95,92.24,95.42,114.01,101.26,43,37,53,42,,,,,
MKL,87.87,88.95,92.24,95.42,114.01,101.26,43,37,53,42,,,,,
SLVM,87.87,88.95,92.24,95.42,114.01,101.26,43,37,53,42,,,,,
EMA,87.87,88.95,92.24,95.42,114.01,101.26,43,37,53,42,,,,,
TNMG,87.87,88.95,92.24,95.42,114.01,101.26,43,37,53,42,,,,,
PTEN,87.87,88.95,92.24,95.42,114.01,101.26,43,37,53,42,,,,,
CE,87.87,88.95,92.24,95.42,114.01,101.26,43,37,53,42,,,,,
AVXL,87.87,88.95,92.24,95.42,114.01,101.26,43,37,53,42,,,,,
UG,87.87,88.95,92.24,95.42,114.01,101.26,43,37,53,42,,,,,
PYXS,87.87,88.95,92.24,95.42,114.01,101.26,43,37,53,42,,,,,
TWI,87.87,88.95,92.24,95.42,114.01,101.26,43,37,53,42,,,,,
HR,87.87,88.95,92.24,95.42,114.01,101.26,43,37,53,42,,,,,
INBX,87.87,88.95,92.24,95.42,114.01,101.26,43,37,53,42,,,,,
MGRX,87.87,88.95,92.24,95.42,114.01,101.26,43,37,53,42,,,,,
SNFCA,87.87,88.95,92.24,95.42,114.01,101.26,43,37,53,42,,,,,
GHRS,87.87,88.95,92.24,95.42,114.01,101.26,43,37,53,42,,,,,
IH,87.87,88.95,92.24,95.42,114.01,101.26,43,37,53,42,,,,,
SUPN,87.87,88.95,92.24,95.42,114.01,101.26,43,37,53,42,,,,,
OGN,87.87,88.95,92.24,95.42,114.01,101.26,43,37,53,42,,,,,
CNX,87.87,88.95,92.24,95.42,114.01,101.26,43,37,53,42,,,,,
ANPA,87.87,88.95,92.24,95.42,114.01,101.26,43,37,53,42,,,,,
LAB,87.87,88.95,92.24,95.42,114.01,101.26,43,37,53,42,,,,,
ZIMV,87.87,88.95,92.24,95.42,114.01,101.26,43,37,53,42,,,,,
ASIC,87.87,88.95,92.24,95.42,114.01,101.26,43,37,53,42,,,,,
CME,87.87,88.95,92.24,95.42,114.01,101.26,43,37,53,42,,,,,
BNS,87.87,88.95,92.24,95.42,114.01,101.26,43,37,53,42,,,,,
PLMKU,87.87,88.95,92.24,95.42,114.01,101.26,43,37,53,42,,,,,
CNTA,87.87,88.95,92.24,95.42,114.01,101.26,43,37,53,42,,,,,
ONTF,87.87,88.95,92.24,95.42,114.01,101.26,43,37,53,42,,,,,
CMT,87.87,88.95,92.24,95.42,114.01,101.26,43,37,53,42,,,,,
PLUS,87.87,88.95,92.24,95.42,114.01,101.26,43,37,53,42,,,,,
ILPT,87.87,88.95,92.24,95.42,114.01,101.26,43,37,53,42,,,,,
AORT,87.87,88.95,92.24,95.42,114.01,101.26,43,37,53,42,,,,,
PXS,87.87,88.95,92.24,95.42,114.01,101.26,43,37,53,42,,,,,
FORA,87.87,88.95,92.24,95.42,114.01,101.26,43,37,53,42,,,,,
AMBR,87.87,88.95,92.24,95.42,114.01,101.26,43,37,53,42,,,,,
TNC,87.87,88.95,92.24,95.42,114.01,101.26,43,37,53,42,,,,,
OP,87.87,88.95,92.24,95.42,114.01,101.26,43,37,53,42,,,,,
ELA,87.87,88.95,92.24,95.42,114.01,101.26,43,37,53,42,,,,,
ROP,87.87,88.95,92.24,95.42,114.01,101.26,43,37,53,42,,,,,
GES,87.87,88.95,92.24,95.42,114.01,101.26,43,37,53,42,,,,,
WTFC,87.87,88.95,92.24,95.42,114.01,101.26,43,37,53,42,,,,,
SMTI,87.87,88.95,92.24,95.42,114.01,101.26,43,37,53,42,,,,,
KOYN,87.87,88.95,92.24,95.42,114.01,101.26,43,37,53,42,,,,,
AKA,87.87,88.95,92.24,95.42,114.01,101.26,43,37,53,42,,,,,
NHI,87.87,88.95,92.24,95.42,114.01,101.26,43,37,53,42,,,,,
EMISU,87.87,88.95,92.24,95.42,114.01,101.26,43,37,53,42,0.0,,0.0,0.0,
PBM,87.87,88.95,92.24,95.42,114.01,101.26,43,37,53,42,,,,,
ARVN,87.87,88.95,92.24,95.42,114.01,101.26,43,37,53,42,,,,,
PSEC,87.87,88.95,92.24,95.42,114.01,101.26,43,37,53,42,,,,,
CLIR,87.87,88.95,92.24,95.42,114.01,101.26,43,37,53,42,,,,,
RDAC,87.87,88.95,92.24,95.42,114.01,101.26,43,37,53,42,,,,,
FACTU,87.87,88.95,92.24,95.42,114.01,101.26,43,37,53,42,,,,,
FIGX,87.87,88.95,92.24,95.42,114.01,101.26,43,37,53,42,,,,,
GCBC,87.87,88.95,92.24,95.42,114.01,101.26,43,37,53,42,,,,,
JACS,87.87,88.95,92.24,95.42,114.01,101.26,43,37,53,42,,,,,
HL,87.87,88.95,92.24,95.42,114.01,101.26,43,37,53,42,,,,,
RTO,87.87,88.95,92.24,95.42,114.01,101.26,43,37,53,42,,,,,
ACGLN,87.87,88.95,92.24,95.42,114.01,101.26,43,37,53,42,,,,,
WULF,87.87,88.95,92.24,95.42,114.01,101.26,43,37,53,42,,,,,
KLXE,87.87,88.95,92.24,95.42,114.01,101.26,43,37,53,42,,,,,
RH,87.87,88.95,92.24,95.42,114.01,101.26,43,37,53,42,,,,,
PLCE,87.87,88.95,92.24,95.42,114.01,101.26,43,37,53,42,,,,,
SOCAU,87.87,88.95,92.24,95.42,114.01,101.26,43,37,53,42,,,,,
MP,87.87,88.95,92.24,95.42,114.01,101.26,43,37,53,42,,,,,
GSRFU,87.87,88.95,92.24,95.42,114.01,101.26,43,37,53,42,,,,,
WTBA,87.87,88.95,92.24,95.42,114.01,101.26,43,37,53,42,,,,,
STAI,87.87,88.95,92.24,95.42,114.01,101.26,43,37,53,42,,,,,
SOPA,87.87,88.95,92.24,95.42,114.01,101.26,43,37,53,42,,,,,
CLBK,87.87,88.95,92.24,95.42,114.01,101.26,43,37,53,42,,,,,
DAIC,87.87,88.95,92.24,95.42,114.01,101.26,43,37,53,42,3.56,0.01,4.61,6.54,3.66
GTERU,87.87,88.95,92.24,95.42,114.01,101.26,43,37,53,42,10.17,0.72,10.16,10.16,0.0
BDSX,87.87,88.95,92.24,95.42,114.01,101.26,43,37,53,42,,,,,
NGL,87.87,88.95,92.24,95.42,114.01,101.26,43,37,53,42,,,,,
SIMO,87.87,88.95,92.24,95.42,114.01,101.26,43,37,53,42,,,,,
FGBI,87.87,88.95,92.24,95.42,114.01,101.26,43,37,53,42,,,,,
HESM,87.87,88.95,92.24,95.42,114.01,101.26,43,37,53,42,,,,,
FIG,87.87,88.95,92.24,95.42,114.01,101.26,43,37,53,42,56.81,0.08,71.33,71.33,0.78
SVACU,87.87,88.95,92.24,95.42,114.01,101.26,43,37,53,42,,,,,
BPYPP,87.87,88.95,92.24,95.42,114.01,101.26,43,37,53,42,,,,,
FF,87.87,88.95,92.24,95.42,114.01,101.26,43,37,53,42,,,,,
PFS,87.87,88.95,92.24,95.42,114.01,101.26,43,37,53,42,,,,,
USIO,87.87,88.95,92.24,95.42,114.01,101.26,43,37,53,42,,,,,
VOR,87.87,88.95,92.24,95.42,114.01,101.26,43,37,53,42,,,,,
HOTH,87.87,88.95,92.24,95.42,114.01,101.26,43,37,53,42,,,,,
G,87.87,88.95,92.24,95.42,114.01,101.26,43,37,53,42,,,,,
LAKE,87.87,88.95,92.24,95.42,114.01,101.26,43,37,53,42,,,,,
ATON,87.87,88.95,92.24,95.42,114.01,101.26,43,37,53,42,,,,,
GRND,87.87,88.95,92.24,95.42,114.01,101.26,43,37,53,42,,,,,
MDWD,87.87,88.95,92.24,95.42,114.01,101.26,43,37,53,42,,,,,
NTRB,87.87,88.95,92.24,95.42,114.01,101.26,43,37,53,42,,,,,
CRVO,87.87,88.95,92.24,95.42,114.01,101.26,43,37,53,42,,,,,
STUB,87.87,88.95,92.24,95.42,114.01,101.26,43,37,53,42,18.46,0.0,20.32,20.32,0.63
EARN,87.87,88.95,92.24,95.42,114.01,101.26,43,37,53,42,,,,,
SOBR,87.87,88.95,92.24,95.42,114.01,101.26,43,37,53,42,,,,,
DNA,87.87,88.95,92.24,95.42,114.01,101.26,43,37,53,42,,,,,
PHLT,87.87,88.95,92.24,95.42,114.01,101.26,43,37,53,42,,,,,
GTES,87.87,88.95,92.24,95.42,114.01,101.26,43,37,53,42,,,,,
YDES,87.87,88.95,92.24,95.42,114.01,101.26,43,37,53,42,,,,,
VZ,87.87,88.95,92.24,95.42,114.01,101.26,43,37,53,42,,,,,
BHFAP,87.87,88.95,92.24,95.42,114.01,101.26,43,37,53,42,,,,,
MELI,87.87,88.95,92.24,95.42,114.01,101.26,43,37,53,42,,,,,
TRIN,87.87,88.95,92.24,95.42,114.01,101.26,43,37,53,42,,,,,
UEIC,87.87,88.95,92.24,95.42,114.01,101.26,43,37,53,42,,,,,
YMAT,87.87,88.95,92.24,95.42,114.01,101.26,43,37,53,42,1.6,0.08,3.22,3.22,10.26
FHN,87.87,88.95,92.24,95.42,114.01,101.26,43,37,53,42,,,,,
LEDS,87.87,88.95,92.24,95.42,114.01,101.26,43,37,53,42,,,,,
YEXT,87.87,88.95,92.24,95.42,114.01,101.26,43,37,53,42,,,,,
HBI,87.87,88.95,92.24,95.42,114.01,101.26,43,37,53,42,,,,,
LWAC,87.87,88.95,92.24,95.42,114.01,101.26,43,37,53,42,9.97,0.5,9.97,9.97,0.0
BNZI,87.87,88.95,92.24,95.42,114.01,101.26,43,37,53,42,,,,,
GRNQ,87.87,88.95,92.24,95.42,114.01,101.26,43,37,53,42,,,,,
TSM,87.87,88.95,92.24,95.42,114.01,101.26,43,37,53,42,,,,,
SVCCU,87.87,88.95,92.24,95.42,114.01,101.26,43,37,53,42,,,,,
TRMB,87.87,88.95,92.24,95.42,114.01,101.26,43,37,53,42,,,,,
SKM,87.87,88.95,92.24,95.42,114.01,101.26,43,37,53,42,,,,,
FGMC,87.87,88.95,92.24,95.42,114.01,101.26,43,37,53,42,,,,,
VTAK,87.87,88.95,92.24,95.42,114.01,101.26,43,37,53,42,,,,,
GLDG,87.87,88.95,92.24,95.42,114.01,101.26,43,37,53,42,,,,,
TMO,87.87,88.95,92.24,95.42,114.01,101.26,43,37,53,42,,,,,
KD,87.87,88.95,92.24,95.42,114.01,101.26,43,37,53,42,,,,,
XP,87.87,88.95,92.24,95.42,114.01,101.26,43,37,53,42,,,,,
CCCX,87.87,88.95,92.24,95.42,114.01,101.26,43,37,53,42,12.17,1.0,10.24,10.24,9.77
ASH,87.87,88.95,92.24,95.42,114.01,101.26,43,37,53,42,,,,,
CLF,87.87,88.95,92.24,95.42,114.01,101.26,43,37,53,42,,,,,
CMC,87.87,88.95,92.24,95.42,114.01,101.26,43,37,53,42,,,,,
CCS,87.87,88.95,92.24,95.42,114.01,101.26,43,37,53,42,,,,,
VSEC,87.87,88.95,92.24,95.42,114.01,101.26,43,37,53,42,,,,,
CLB,87.87,88.95,92.24,95.42,114.01,101.26,43,37,53,42,,,,,
PEW,87.87,88.95,92.24,95.42,114.01,101.26,43,37,53,42,,,,,
XRX,87.87,88.95,92.24,95.42,114.01,101.26,43,37,53,42,,,,,
HDL,87.87,88.95,92.24,95.42,114.01,101.26,43,37,53,42,,,,,
ALZN,87.87,88.95,92.24,95.42,114.01,101.26,43,37,53,42,,,,,
MVIS,87.87,88.95,92.24,95.42,114.01,101.26,43,37,53,42,,,,,
CRE,87.87,88.95,92.24,95.42,114.01,101.26,43,37,53,42,,,,,
COYA,87.87,88.95,92.24,95.42,114.01,101.26,43,37,53,42,,,,,
DGX,87.87,88.95,92.24,95.42,114.01,101.26,43,37,53,42,,,,,
LAZR,87.87,88.95,92.24,95.42,114.01,101.26,43,37,53,42,,,,,
YGMZ,87.87,88.95,92.24,95.42,114.01,101.26,43,37,53,42,,,,,
HBANL,87.87,88.95,92.24,95.42,114.01,101.26,43,37,53,42,,,,,
CCEC,87.87,88.95,92.24,95.42,114.01,101.26,43,37,53,42,,,,,
FORTY,87.87,88.95,92.24,95.42,114.01,101.26,43,37,53,42,,,,,
ATER,87.87,88.95,92.24,95.42,114.01,101.26,43,37,53,42,,,,,
TRP,87.87,88.95,92.24,95.42,114.01,101.26,43,37,53,42,,,,,
KULR,87.87,88.95,92.24,95.42,114.01,101.26,43,37,53,42,,,,,
MTG,87.87,88.95,92.24,95.42,114.01,101.26,43,37,53,42,,,,,
BEAT,87.87,88.95,92.24,95.42,114.01,101.26,43,37,53,42,,,,,
SVC,87.87,88.95,92.24,95.42,114.01,101.26,43,37,53,42,,,,,
VMAR,87.87,88.95,92.24,95.42,114.01,101.26,43,37,53,42,,,,,
TRAK,87.87,88.95,92.24,95.42,114.01,101.26,43,37,53,42,,,,,
HI,87.87,88.95,92.24,95.42,114.01,101.26,43,37,53,42,,,,,
GLAD,87.87,88.95,92.24,95.42,114.01,101.26,43,37,53,42,,,,,
IPWR,87.87,88.95,92.24,95.42,114.01,101.26,43,37,53,42,,,,,
BEEM,87.87,88.95,92.24,95.42,114.01,101.26,43,37,53,42,,,,,
FOX,87.87,88.95,92.24,95.42,114.01,101.26,43,37,53,42,,,,,
IDAI,87.87,88.95,92.24,95.42,114.01,101.26,43,37,53,42,,,,,
BUSE,87.87,88.95,92.24,95.42,114.01,101.26,43,37,53,42,,,,,
STC,87.87,88.95,92.24,95.42,114.01,101.26,43,37,53,42,,,,,
CLIK,87.87,88.95,92.24,95.42,114.01,101.26,43,37,53,42,,,,,
CNEY,87.87,88.95,92.24,95.42,114.01,101.26,43,37,53,42,,,,,
RDAG,87.87,88.95,92.24,95.42,114.01,101.26,43,37,53,42,10.24,0.19,10.28,10.29,0.03
LNC,87.87,88.95,92.24,95.42,114.01,101.26,43,37,53,42,,,,,
FER,87.87,88.95,92.24,95.42,114.01,101.26,43,37,53,42,,,,,
VIA,87.87,88.95,92.24,95.42,114.01,101.26,43,37,53,42,50.18,0.5,50.18,50.18,0.29
FEMY,87.87,88.95,92.24,95.42,114.01,101.26,43,37,53,42,,,,,
IVR,87.87,88.95,92.24,95.42,114.01,101.26,43,37,53,42,,,,,
AJG,87.87,88.95,92.24,95.42,114.01,101.26,43,37,53,42,,,,,
FBLG,87.87,88.95,92.24,95.42,114.01,101.26,43,37,53,42,,,,,
OTGAU,87.87,88.95,92.24,95.42,114.01,101.26,43,37,53,42,10.04,1.0,10.03,10.03,0.03
SVII,87.87,88.95,92.24,95.42,114.01,101.26,43,37,53,42,,,,,
SAMG,87.87,88.95,92.24,95.42,114.01,101.26,43,37,53,42,,,,,
SNCY,87.87,88.95,92.24,95.42,114.01,101.26,43,37,53,42,,,,,
LINK,87.87,88.95,92.24,95.42,114.01,101.26,43,37,53,42,,,,,
SOBO,87.87,88.95,92.24,95.42,114.01,101.26,43,37,53,42,,,,,
CV,87.87,88.95,92.24,95.42,114.01,101.26,43,37,53,42,4.74,0.89,4.12,4.14,8.89
PWR,87.87,88.95,92.24,95.42,114.01,101.26,43,37,53,42,,,,,
JJSF,87.87,88.95,92.24,95.42,114.01,101.26,43,37,53,42,,,,,
RILY,87.87,88.95,92.24,95.42,114.01,101.26,43,37,53,42,,,,,
ARCB,87.87,88.95,92.24,95.42,114.01,101.26,43,37,53,42,,,,,
KXIN,87.87,88.95,92.24,95.42,114.01,101.26,43,37,53,42,,,,,
ONON,87.87,88.95,92.24,95.42,114.01,101.26,43,37,53,42,,,,,
LVLU,87.87,88.95,92.24,95.42,114.01,101.26,43,37,53,42,,,,,
KFRC,87.87,88.95,92.24,95.42,114.01,101.26,43,37,53,42,,,,,
NJR,87.87,88.95,92.24,95.42,114.01,101.26,43,37,53,42,,,,,
OPEN,87.87,88.95,92.24,95.42,114.01,101.26,43,37,53,42,,,,,
YHGJ,87.87,88.95,92.24,95.42,114.01,101.26,43,37,53,42,,,,,
BUUU,87.87,88.95,92.24,95.42,114.01,101.26,43,37,53,42,7.8,0.92,6.2,6.2,0.08
SPEG,87.87,88.95,92.24,95.42,114.01,101.26,43,37,53,42,9.96,1.0,9.96,9.96,0.37
NAVI,87.87,88.95,92.24,95.42,114.01,101.26,43,37,53,42,,,,,
UMBF,87.87,88.95,92.24,95.42,114.01,101.26,43,37,53,42,,,,,
DCOM,87.87,88.95,92.24,95.42,114.01,101.26,43,37,53,42,,,,,
AFCG,87.87,88.95,92.24,95.42,114.01,101.26,43,37,53,42,,,,,
NVX,87.87,88.95,92.24,95.42,114.01,101.26,43,37,53,42,,,,,
AEHR,87.87,88.95,92.24,95.42,114.01,101.26,43,37,53,42,,,,,
POLEU,87.87,88.95,92.24,95.42,114.01,101.26,43,37,53,42,,,,,
LEGT,87.87,88.95,92.24,95.42,114.01,101.26,43,37,53,42,,,,,
IFRX,87.87,88.95,92.24,95.42,114.01,101.26,43,37,53,42,,,,,
ORKA,87.87,88.95,92.24,95.42,114.01,101.26,43,37,53,42,,,,,
PDS,87.87,88.95,92.24,95.42,114.01,101.26,43,37,53,42,,,,,
BLSH,87.87,88.95,92.24,95.42,114.01,101.26,43,37,53,42,69.18,0.79,60.33,60.33,0.87
INAC,87.87,88.95,92.24,95.42,114.01,101.26,43,37,53,42,9.97,0.98,9.96,9.96,0.01
GTERA,87.87,88.95,92.24,95.42,114.01,101.26,43,37,53,42,9.97,0.75,9.96,9.96,0.88
EPD,87.87,88.95,92.24,95.42,114.01,101.26,43,37,53,42,,,,,
TW,87.87,88.95,92.24,95.42,114.01,101.26,43,37,53,42,,,,,
HOWL,87.87,88.95,92.24,95.42,114.01,101.26,43,37,53,42,,,,,
BOLT,87.87,88.95,92.24,95.42,114.01,101.26,43,37,53,42,,,,,
FLY,87.87,88.95,92.24,95.42,114.01,101.26,43,37,53,42,45.2,0.15,46.34,46.34,0.96
MTA,87.87,88.95,92.24,95.42,114.01,101.26,43,37,53,42,,,,,
GCI,87.87,88.95,92.24,95.42,114.01,101.26,43,37,53,42,,,,,
PN,87.87,88.95,92.24,95.42,114.01,101.26,43,37,53,42,,,,,
KAI,87.87,88.95,92.24,95.42,114.01,101.26,43,37,53,42,,,,,
SD,87.87,88.95,92.24,95.42,114.01,101.26,43,37,53,42,,,,,
FNWD,87.87,88.95,92.24,95.42,114.01,101.26,43,37,53,42,,,,,
ROOT,87.87,88.95,92.24,95.42,114.01,101.26,43,37,53,42,,,,,
RNAC,87.87,88.95,92.24,95.42,114.01,101.26,43,37,53,42,,,,,
WRBY,87.87,88.95,92.24,95.42,114.01,101.26,43,37,53,42,,,,,
CVLG,87.87,88.95,92.24,95.42,114.01,101.26,43,37,53,42,,,,,
VNT,87.87,88.95,92.24,95.42,114.01,101.26,43,37,53,42,,,,,
AVAL,87.87,88.95,92.24,95.42,114.01,101.26,43,37,53,42,,,,,
SLF,87.87,88.95,92.24,95.42,114.01,101.26,43,37,53,42,,,,,
NIU,87.87,88.95,92.24,95.42,114.01,101.26,43,37,53,42,,,,,
GILD,87.87,88.95,92.24,95.42,114.01,101.26,43,37,53,42,,,,,
LINC,87.87,88.95,92.24,95.42,114.01,101.26,43,37,53,42,,,,,
MLACU,87.87,88.95,92.24,95.42,114.01,101.26,43,37,53,42,,,,,
TELA,87.87,88.95,92.24,95.42,114.01,101.26,43,37,53,42,,,,,
PNFPP,87.87,88.95,92.24,95.42,114.01,101.26,43,37,53,42,,,,,
AOS,87.87,88.95,92.24,95.42,114.01,101.26,43,37,53,42,,,,,
LMND,87.87,88.95,92.24,95.42,114.01,101.26,43,37,53,42,,,,,
NRT,87.87,88.95,92.24,95.42,114.01,101.26,43,37,53,42,,,,,
ODP,87.87,88.95,92.24,95.42,114.01,101.26,43,37,53,42,,,,,
DOW,87.87,88.95,92.24,95.42,114.01,101.26,43,37,53,42,,,,,
STKE,87.87,88.95,92.24,95.42,114.01,101.26,43,37,53,42,,,,,
PHI,87.87,88.95,92.24,95.42,114.01,101.26,43,37,53,42,,,,,
ODYS,87.87,88.95,92.24,95.42,114.01,101.26,43,37,53,42,,,,,
JFIN,87.87,88.95,92.24,95.42,114.01,101.26,43,37,53,42,,,,,
CNXC,87.87,88.95,92.24,95.42,114.01,101.26,43,37,53,42,,,,,
CPK,87.87,88.95,92.24,95.42,114.01,101.26,43,37,53,42,,,,,
ITW,87.87,88.95,92.24,95.42,114.01,101.26,43,37,53,42,,,,,
OPBK,87.87,88.95,92.24,95.42,114.01,101.26,43,37,53,42,,,,,
ASNS,87.87,88.95,92.24,95.42,114.01,101.26,43,37,53,42,,,,,
HCI,87.87,88.95,92.24,95.42,114.01,101.26,43,37,53,42,,,,,
NAT,87.87,88.95,92.24,95.42,114.01,101.26,43,37,53,42,,,,,
GENC,87.87,88.95,92.24,95.42,114.01,101.26,43,37,53,42,,,,,
BCDA,87.87,88.95,92.24,95.42,114.01,101.26,43,37,53,42,,,,,
VTLE,87.87,88.95,92.24,95.42,114.01,101.26,43,37,53,42,,,,,
IFBD,87.87,88.95,92.24,95.42,114.01,101.26,43,37,53,42,,,,,
MOBX,87.87,88.95,92.24,95.42,114.01,101.26,43,37,53,42,,,,,
LSF,87.87,88.95,92.24,95.42,114.01,101.26,43,37,53,42,,,,,
ADI,87.87,88.95,92.24,95.42,114.01,101.26,43,37,53,42,,,,,
LFMD,87.87,88.95,92.24,95.42,114.01,101.26,43,37,53,42,,,,,
OSCR,87.87,88.95,92.24,95.42,114.01,101.26,43,37,53,42,,,,,
FAAS,87.87,88.95,92.24,95.42,114.01,101.26,43,37,53,42,,,,,
SOUL,87.87,88.95,92.24,95.42,114.01,101.26,43,37,53,42,,,,,
BLX,87.87,88.95,92.24,95.42,114.01,101.26,43,37,53,42,,,,,
KITT,87.87,88.95,92.24,95.42,114.01,101.26,43,37,53,42,,,,,
NET,87.87,88.95,92.24,95.42,114.01,101.26,43,37,53,42,,,,,
NRDS,87.87,88.95,92.24,95.42,114.01,101.26,43,37,53,42,,,,,
CGTX,87.87,88.95,92.24,95.42,114.01,101.26,43,37,53,42,,,,,
ENLV,87.87,88.95,92.24,95.42,114.01,101.26,43,37,53,42,,,,,
QUBT,87.87,88.95,92.24,95.42,114.01,101.26,43,37,53,42,,,,,
TT,87.87,88.95,92.24,95.42,114.01,101.26,43,37,53,42,,,,,
NUE,87.87,88.95,92.24,95.42,114.01,101.26,43,37,53,42,,,,,
MJID,87.87,88.95,92.24,95.42,114.01,101.26,43,37,53,42,1.3,0.16,1.52,1.52,0.37
CHECU,87.87,88.95,92.24,95.42,114.01,101.26,43,37,53,42,9.99,1.0,9.99,9.99,0.02
MGRT,87.87,88.95,92.24,95.42,114.01,101.26,43,37,53,42,4.11,0.82,3.41,3.41,0.1
FCFS,87.87,88.95,92.24,95.42,114.01,101.26,43,37,53,42,,,,,
EVO,87.87,88.95,92.24,95.42,114.01,101.26,43,37,53,42,,,,,
LUNR,87.87,88.95,92.24,95.42,114.01,101.26,43,37,53,42,,,,,
WSBCP,87.87,88.95,92.24,95.42,114.01,101.26,43,37,53,42,,,,,
AAON,87.87,88.95,92.24,95.42,114.01,101.26,43,37,53,42,,,,,
EPAM,87.87,88.95,92.24,95.42,114.01,101.26,43,37,53,42,,,,,
KRKR,87.87,88.95,92.24,95.42,114.01,101.26,43,37,53,42,,,,,
TSLX,87.87,88.95,92.24,95.42,114.01,101.26,43,37,53,42,,,,,
JKHY,87.87,88.95,92.24,95.42,114.01,101.26,43,37,53,42,,,,,
PLBL,87.87,88.95,92.24,95.42,114.01,101.26,43,37,53,42,9.0,0.0,10.14,10.14,0.22
AMTM,87.87,88.95,92.24,95.42,114.01,101.26,43,37,53,42,,,,,
PSTL,87.87,88.95,92.24,95.42,114.01,101.26,43,37,53,42,,,,,
GEF,87.87,88.95,92.24,95.42,114.01,101.26,43,37,53,42,,,,,
PTCT,87.87,88.95,92.24,95.42,114.01,101.26,43,37,53,42,,,,,
TRMD,87.87,88.95,92.24,95.42,114.01,101.26,43,37,53,42,,,,,
VTVT,87.87,88.95,92.24,95.42,114.01,101.26,43,37,53,42,,,,,
ALCY,87.87,88.95,92.24,95.42,114.01,101.26,43,37,53,42,,,,,
TMHC,87.87,88.95,92.24,95.42,114.01,101.26,43,37,53,42,,,,,
SNCR,87.87,88.95,92.24,95.42,114.01,101.26,43,37,53,42,,,,,
TEO,87.87,88.95,92.24,95.42,114.01,101.26,43,37,53,42,,,,,
BB,87.87,88.95,92.24,95.42,114.01,101.26,43,37,53,42,,,,,
EGP,87.87,88.95,92.24,95.42,114.01,101.26,43,37,53,42,,,,,
TRON,87.87,88.95,92.24,95.42,114.01,101.26,43,37,53,42,,,,,
STEX,87.87,88.95,92.24,95.42,114.01,101.26,43,37,53,42,,,,,
ANIP,87.87,88.95,92.24,95.42,114.01,101.26,43,37,53,42,,,,,
VIRT,87.87,88.95,92.24,95.42,114.01,101.26,43,37,53,42,,,,,
DRDB,87.87,88.95,92.24,95.42,114.01,101.26,43,37,53,42,,,,,
KLRS,87.87,88.95,92.24,95.42,114.01,101.26,43,37,53,42,,,,,
WFRD,87.87,88.95,92.24,95.42,114.01,101.26,43,37,53,42,,,,,
SISI,87.87,88.95,92.24,95.42,114.01,101.26,43,37,53,42,,,,,
ONC,87.87,88.95,92.24,95.42,114.01,101.26,43,37,53,42,,,,,
LRMR,87.87,88.95,92.24,95.42,114.01,101.26,43,37,53,42,,,,,
CPOP,87.87,88.95,92.24,95.42,114.01,101.26,43,37,53,42,,,,,
COFS,87.87,88.95,92.24,95.42,114.01,101.26,43,37,53,42,,,,,
NN,87.87,88.95,92.24,95.42,114.01,101.26,43,37,53,42,,,,,
SPTN,87.87,88.95,92.24,95.42,114.01,101.26,43,37,53,42,,,,,
DOOO,87.87,88.95,92.24,95.42,114.01,101.26,43,37,53,42,,,,,
ATMC,87.87,88.95,92.24,95.42,114.01,101.26,43,37,53,42,,,,,
SIG,87.87,88.95,92.24,95.42,114.01,101.26,43,37,53,42,,,,,
M,87.87,88.95,92.24,95.42,114.01,101.26,43,37,53,42,,,,,
PLD,87.87,88.95,92.24,95.42,114.01,101.26,43,37,53,42,,,,,
VNMEU,87.87,88.95,92.24,95.42,114.01,101.26,43,37,53,42,,,,,
PAG,87.87,88.95,92.24,95.42,114.01,101.26,43,37,53,42,,,,,
SCVL,87.87,88.95,92.24,95.42,114.01,101.26,43,37,53,42,,,,,
ALXO,87.87,88.95,92.24,95.42,114.01,101.26,43,37,53,42,,,,,
RGCO,87.87,88.95,92.24,95.42,114.01,101.26,43,37,53,42,,,,,
CELH,87.87,88.95,92.24,95.42,114.01,101.26,43,37,53,42,,,,,
NVAX,87.87,88.95,92.24,95.42,114.01,101.26,43,37,53,42,,,,,
GRAB,87.87,88.95,92.24,95.42,114.01,101.26,43,37,53,42,,,,,
APPF,87.87,88.95,92.24,95.42,114.01,101.26,43,37,53,42,,,,,
AAMI,87.87,88.95,92.24,95.42,114.01,101.26,43,37,53,42,,,,,
CCIX,87.87,88.95,92.24,95.42,114.01,101.26,43,37,53,42,,,,,
BULL,87.87,88.95,92.24,95.42,114.01,101.26,43,37,53,42,,,,,
GLRE,87.87,88.95,92.24,95.42,114.01,101.26,43,37,53,42,,,,,
TAK,87.87,88.95,92.24,95.42,114.01,101.26,43,37,53,42,,,,,
UAL,87.87,88.95,92.24,95.42,114.01,101.26,43,37,53,42,,,,,
KLTR,87.87,88.95,92.24,95.42,114.01,101.26,43,37,53,42,,,,,
CRSR,87.87,88.95,92.24,95.42,114.01,101.26,43,37,53,42,,,,,
FITB,87.87,88.95,92.24,95.42,114.01,101.26,43,37,53,42,,,,,
COOT,87.87,88.95,92.24,95.42,114.01,101.26,43,37,53,42,,,,,
ELVR,87.87,88.95,92.24,95.42,114.01,101.26,43,37,53,42,21.75,0.84,19.83,19.83,0.79
ARW,87.87,88.95,92.24,95.42,114.01,101.26,43,37,53,42,,,,,
NFBK,87.87,88.95,92.24,95.42,114.01,101.26,43,37,53,42,,,,,
LGND,87.87,88.95,92.24,95.42,114.01,101.26,43,37,53,42,,,,,
GAP,87.87,88.95,92.24,95.42,114.01,101.26,43,37,53,42,,,,,
ELPC,87.87,88.95,92.24,95.42,114.01,101.26,43,37,53,42,,,,,
SSM,87.87,88.95,92.24,95.42,114.01,101.26,43,37,53,42,,,,,
IMMR,87.87,88.95,92.24,95.42,114.01,101.26,43,37,53,42,,,,,
CISO,87.87,88.95,92.24,95.42,114.01,101.26,43,37,53,42,,,,,
SXI,87.87,88.95,92.24,95.42,114.01,101.26,43,37,53,42,,,,,
PTC,87.87,88.95,92.24,95.42,114.01,101.26,43,37,53,42,,,,,
MGEE,87.87,88.95,92.24,95.42,114.01,101.26,43,37,53,42,,,,,
HEPS,87.87,88.95,92.24,95.42,114.01,101.26,43,37,53,42,,,,,
AIT,87.87,88.95,92.24,95.42,114.01,101.26,43,37,53,42,,,,,
UTHR,87.87,88.95,92.24,95.42,114.01,101.26,43,37,53,42,,,,,
ONCH,87.87,88.95,92.24,95.42,114.01,101.26,43,37,53,42,,,,,
E,87.87,88.95,92.24,95.42,114.01,101.26,43,37,53,42,,,,,
VRNT,87.87,88.95,92.24,95.42,114.01,101.26,43,37,53,42,,,,,
POAI,87.87,88.95,92.24,95.42,114.01,101.26,43,37,53,42,,,,,
TKO,87.87,88.95,92.24,95.42,114.01,101.26,43,37,53,42,,,,,
PMTR,87.87,88.95,92.24,95.42,114.01,101.26,43,37,53,42,,,,,
ATPC,87.87,88.95,92.24,95.42,114.01,101.26,43,37,53,42,,,,,
LIF,87.87,88.95,92.24,95.42,114.01,101.26,43,37,53,42,,,,,
FLXS,87.87,88.95,92.24,95.42,114.01,101.26,43,37,53,42,,,,,
AIMD,87.87,88.95,92.24,95.42,114.01,101.26,43,37,53,42,,,,,
EYE,87.87,88.95,92.24,95.42,114.01,101.26,43,37,53,42,,,,,
MCHX,87.87,88.95,92.24,95.42,114.01,101.26,43,37,53,42,,,,,
BIOA,87.87,88.95,92.24,95.42,114.01,101.26,43,37,53,42,,,,,
AXIN,87.87,88.95,92.24,95.42,114.01,101.26,43,37,53,42,9.97,0.67,9.97,9.97,0.0
JLHL,87.87,88.95,92.24,95.42,114.01,101.26,43,37,53,42,4.09,0.46,4.14,4.08,0.11
AACB,87.87,88.92,92.64,95.42,114.01,101.26,43,37,53,42,10.15,0.9,10.13,10.07,0.03
ALNT,87.87,88.95,92.24,95.42,114.01,101.26,43,37,53,42,,,,,
MSS,87.87,88.95,92.24,95.42,114.01,101.26,43,37,53,42,,,,,
KPRX,87.87,88.95,92.24,95.42,114.01,101.26,43,37,53,42,,,,,
EXTR,87.87,88.95,92.24,95.42,114.01,101.26,43,37,53,42,,,,,
MNSO,87.87,88.95,92.24,95.42,114.01,101.26,43,37,53,42,,,,,
VYX,87.87,88.95,92.24,95.42,114.01,101.26,43,37,53,42,,,,,
NBY,87.87,88.95,92.24,95.42,114.01,101.26,43,37,53,42,,,,,
CNVS,87.87,88.95,92.24,95.42,114.01,101.26,43,37,53,42,,,,,
ALMS,87.87,88.95,92.24,95.42,114.01,101.26,43,37,53,42,,,,,
PGR,87.87,88.95,92.24,95.42,114.01,101.26,43,37,53,42,,,,,
VTSI,87.87,88.95,92.24,95.42,114.01,101.26,43,37,53,42,,,,,
NCNA,87.87,88.95,92.24,95.42,114.01,101.26,43,37,53,42,,,,,
PRTA,87.87,88.95,92.24,95.42,114.01,101.26,43,37,53,42,,,,,
DAVA,87.87,88.95,92.24,95.42,114.01,101.26,43,37,53,42,,,,,
MSN,87.87,88.95,92.24,95.42,114.01,101.26,43,37,53,42,,,,,
FULT,87.87,88.95,92.24,95.42,114.01,101.26,43,37,53,42,,,,,
LAWR,87.87,88.95,92.24,95.42,114.01,101.26,43,37,53,42,3.02,0.67,2.26,2.26,0.62
RAIN,87.87,88.95,92.24,95.42,114.01,101.26,43,37,53,42,,,,,
TD,87.87,88.95,92.24,95.42,114.01,101.26,43,37,53,42,,,,,
SCSC,87.87,88.95,92.24,95.42,114.01,101.26,43,37,53,42,,,,,
CNK,87.87,88.95,92.24,95.42,114.01,101.26,43,37,53,42,,,,,
SARO,87.87,88.95,92.24,95.42,114.01,101.26,43,37,53,42,,,,,
SEER,87.87,88.95,92.24,95.42,114.01,101.26,43,37,53,42,,,,,
ISPC,87.87,88.95,92.24,95.42,114.01,101.26,43,37,53,42,,,,,
MAGH,87.87,88.95,92.24,95.42,114.01,101.26,43,37,53,42,,,,,
CHCO,87.87,88.95,92.24,95.42,114.01,101.26,43,37,53,42,,,,,
YCBD,87.87,88.95,92.24,95.42,114.01,101.26,43,37,53,42,,,,,
BIYA,87.87,88.95,92.24,95.42,114.01,101.26,43,37,53,42,,,,,
CDE,87.87,88.95,92.24,95.42,114.01,101.26,43,37,53,42,,,,,
NSSC,87.87,88.95,92.24,95.42,114.01,101.26,43,37,53,42,,,,,
BREA,87.87,88.95,92.24,95.42,114.01,101.26,43,37,53,42,,,,,
ADEA,87.87,88.95,92.24,95.42,114.01,101.26,43,37,53,42,,,,,
ALLT,87.87,88.95,92.24,95.42,114.01,101.26,43,37,53,42,,,,,
CFSB,87.87,88.95,92.24,95.42,114.01,101.26,43,37,53,42,,,,,
GURE,87.87,88.95,92.24,95.42,114.01,101.26,43,37,53,42,,,,,
CWBC,87.87,88.95,92.24,95.42,114.01,101.26,43,37,53,42,,,,,
PHH,87.87,88.95,92.24,95.42,114.01,101.26,43,37,53,42,,,,,
AGYS,87.87,88.95,92.24,95.42,114.01,101.26,43,37,53,42,,,,,
CVAC,87.87,88.95,92.24,95.42,114.01,101.26,43,37,53,42,,,,,
SOGP,87.87,88.95,92.24,95.42,114.01,101.26,43,37,53,42,,,,,
NVFY,87.87,88.95,92.24,95.42,114.01,101.26,43,37,53,42,,,,,
APPS,87.87,88.95,92.24,95.42,114.01,101.26,43,37,53,42,,,,,
CSAI,87.87,88.95,92.24,95.42,114.01,101.26,43,37,53,42,,,,,
MMLP,87.87,88.95,92.24,95.42,114.01,101.26,43,37,53,42,,,,,
CWT,87.87,88.95,92.24,95.42,114.01,101.26,43,37,53,42,,,,,
OMC,87.87,88.95,92.24,95.42,114.01,101.26,43,37,53,42,,,,,
GLIBA,87.87,88.95,92.24,95.42,114.01,101.26,43,37,53,42,36.08,0.7,35.42,35.42,1.83
SDHIU,87.87,88.95,92.24,95.42,114.01,101.26,43,37,53,42,,,,,
CUBI,87.87,88.95,92.24,95.42,114.01,101.26,43,37,53,42,,,,,
TAVIU,87.87,88.95,92.24,95.42,114.01,101.26,43,37,53,42,,,,,
ABCL,87.87,88.95,92.24,95.42,114.01,101.26,43,37,53,42,,,,,
VYGR,87.87,88.95,92.24,95.42,114.01,101.26,43,37,53,42,,,,,
FEBO,87.87,88.95,92.24,95.42,114.01,101.26,43,37,53,42,,,,,
CIIT,87.87,88.95,92.24,95.42,114.01,101.26,43,37,53,42,,,,,
FCUV,87.87,88.95,92.24,95.42,114.01,101.26,43,37,53,42,,,,,
DXCM,87.87,88.95,92.24,95.42,114.01,101.26,43,37,53,42,,,,,
GOOS,87.87,88.95,92.24,95.42,114.01,101.26,43,37,53,42,,,,,
SHBI,87.87,88.95,92.24,95.42,114.01,101.26,43,37,53,42,,,,,
UCL,87.87,88.95,92.24,95.42,114.01,101.26,43,37,53,42,,,,,
BBU,87.87,88.95,92.24,95.42,114.01,101.26,43,37,53,42,,,,,
LUCY,87.87,88.95,92.24,95.42,114.01,101.26,43,37,53,42,,,,,
SFNC,87.87,88.95,92.24,95.42,114.01,101.26,43,37,53,42,,,,,
EMX,87.87,88.95,92.24,95.42,114.01,101.26,43,37,53,42,,,,,
FRHC,87.87,88.95,92.24,95.42,114.01,101.26,43,37,53,42,,,,,
GRAN,87.87,88.95,92.24,95.42,114.01,101.26,43,37,53,42,3.42,0.0,4.55,4.6,0.68
CYD,87.87,88.95,92.24,95.42,114.01,101.26,43,37,53,42,,,,,
NMPAU,87.87,88.95,92.24,95.42,114.01,101.26,43,37,53,42,10.11,0.94,10.06,10.05,0.0
ATLN,87.87,88.95,92.24,95.42,114.01,101.26,43,37,53,42,,,,,
KLTO,87.87,88.95,92.24,95.42,114.01,101.26,43,37,53,42,,,,,
FVN,87.87,88.95,92.24,95.42,114.01,101.26,43,37,53,42,,,,,
FENG,87.87,88.95,92.24,95.42,114.01,101.26,43,37,53,42,,,,,
CTS,87.87,88.95,92.24,95.42,114.01,101.26,43,37,53,42,,,,,
SENEB,87.87,88.95,92.24,95.42,114.01,101.26,43,37,53,42,,,,,
KTOS,87.87,88.95,92.24,95.42,114.01,101.26,43,37,53,42,,,,,
TSEM,87.87,88.95,92.24,95.42,114.01,101.26,43,37,53,42,,,,,
SHFS,87.87,88.95,92.24,95.42,114.01,101.26,43,37,53,42,,,,,
SBGI,87.87,88.95,92.24,95.42,114.01,101.26,43,37,53,42,,,,,
NUTR,87.87,88.95,92.24,95.42,114.01,101.26,43,37,53,42,,,,,
FGBIP,87.87,88.95,92.24,95.42,114.01,101.26,43,37,53,42,,,,,
FMFC,87.87,88.95,92.24,95.42,114.01,101.26,43,37,53,42,,,,,
BYD,87.87,88.95,92.24,95.42,114.01,101.26,43,37,53,42,,,,,
ETS,87.87,88.95,92.24,95.42,114.01,101.26,43,37,53,42,,,,,
VTR,87.87,88.95,92.24,95.42,114.01,101.26,43,37,53,42,,,,,
PRTS,87.87,88.95,92.24,95.42,114.01,101.26,43,37,53,42,,,,,
PRZO,87.87,88.95,92.24,95.42,114.01,101.26,43,37,53,42,,,,,
BWMN,87.87,88.95,92.24,95.42,114.01,101.26,43,37,53,42,,,,,
ZIM,87.87,88.95,92.24,95.42,114.01,101.26,43,37,53,42,,,,,
NA,87.87,88.95,92.24,95.42,114.01,101.26,43,37,53,42,,,,,
ALT,87.87,88.95,92.24,95.42,114.01,101.26,43,37,53,42,,,,,
ACMR,87.87,88.95,92.24,95.42,114.01,101.26,43,37,53,42,,,,,
PLBC,87.87,88.95,92.24,95.42,114.01,101.26,43,37,53,42,,,,,
KRC,87.87,88.95,92.24,95.42,114.01,101.26,43,37,53,42,,,,,
CAVA,87.87,88.95,92.24,95.42,114.01,101.26,43,37,53,42,,,,,
INNV,87.87,88.95,92.24,95.42,114.01,101.26,43,37,53,42,,,,,
PRTC,87.87,88.95,92.24,95.42,114.01,101.26,43,37,53,42,,,,,
ELOG,87.87,88.95,92.24,95.42,114.01,101.26,43,37,53,42,,,,,
LPAA,87.87,88.95,92.24,95.42,114.01,101.26,43,37,53,42,,,,,
CLLS,87.87,88.95,92.24,95.42,114.01,101.26,43,37,53,42,,,,,
KG,87.87,88.95,92.24,95.42,114.01,101.26,43,37,53,42,,,,,
AII,87.87,88.95,92.24,95.42,114.01,101.26,43,37,53,42,,,,,
AIZ,87.87,88.95,92.24,95.42,114.01,101.26,43,37,53,42,,,,,
SLRX,87.87,88.95,92.24,95.42,114.01,101.26,43,37,53,42,,,,,
WSO,87.87,88.95,92.24,95.42,114.01,101.26,43,37,53,42,,,,,
CBNA,87.87,88.95,92.24,95.42,114.01,101.26,43,37,53,42,,,,,
MLR,87.87,88.95,92.24,95.42,114.01,101.26,43,37,53,42,,,,,
VABK,87.87,88.95,92.24,95.42,114.01,101.26,43,37,53,42,,,,,
ALGM,87.87,88.95,92.24,95.42,114.01,101.26,43,37,53,42,,,,,
MYNZ,87.87,88.95,92.24,95.42,114.01,101.26,43,37,53,42,,,,,
AIFU,87.87,88.95,92.24,95.42,114.01,101.26,43,37,53,42,,,,,
ONEW,87.87,88.95,92.24,95.42,114.01,101.26,43,37,53,42,,,,,
EDTK,87.87,88.95,92.24,95.42,114.01,101.26,43,37,53,42,,,,,
FOLD,87.87,88.95,92.24,95.42,114.01,101.26,43,37,53,42,,,,,
OIS,87.87,88.95,92.24,95.42,114.01,101.26,43,37,53,42,,,,,
SNPS,87.87,88.95,92.24,95.42,114.01,101.26,43,37,53,42,,,,,
ATMCU,87.87,88.95,92.24,95.42,114.01,101.26,43,37,53,42,,,,,
BFLY,87.87,88.95,92.24,95.42,114.01,101.26,43,37,53,42,,,,,
ATHA,87.87,88.95,92.24,95.42,114.01,101.26,43,37,53,42,,,,,
TFPM,87.87,88.95,92.24,95.42,114.01,101.26,43,37,53,42,,,,,
BFAM,87.87,88.95,92.24,95.42,114.01,101.26,43,37,53,42,,,,,
CHAR,87.87,88.95,92.24,95.42,114.01,101.26,43,37,53,42,,,,,
ADXN,87.87,88.95,92.24,95.42,114.01,101.26,43,37,53,42,,,,,
CAG,87.87,88.95,92.24,95.42,114.01,101.26,43,37,53,42,,,,,
KGC,87.87,88.95,92.24,95.42,114.01,101.26,43,37,53,42,,,,,
ALDFU,87.87,88.95,92.24,95.42,114.01,101.26,43,37,53,42,,,,,
ADAP,87.87,88.95,92.24,95.42,114.01,101.26,43,37,53,42,,,,,
AHG,87.87,88.95,92.24,95.42,114.01,101.26,43,37,53,42,,,,,
LOMA,87.87,88.95,92.24,95.42,114.01,101.26,43,37,53,42,,,,,
HBIO,87.87,88.95,92.24,95.42,114.01,101.26,43,37,53,42,,,,,
CMND,87.87,88.95,92.24,95.42,114.01,101.26,43,37,53,42,,,,,
RDAGU,87.87,88.95,92.24,95.42,114.01,101.26,43,37,53,42,,,,,
TORO,87.87,88.95,92.24,95.42,114.01,101.26,43,37,53,42,,,,,
EOSE,87.87,88.95,92.24,95.42,114.01,101.26,43,37,53,42,,,,,
GCT,87.87,88.95,92.24,95.42,114.01,101.26,43,37,53,42,,,,,
MDBH,87.87,88.95,92.24,95.42,114.01,101.26,43,37,53,42,,,,,
NTRSO,87.87,88.95,92.24,95.42,114.01,101.26,43,37,53,42,,,,,
SOND,87.87,88.95,92.24,95.42,114.01,101.26,43,37,53,42,,,,,
FND,87.87,88.95,92.24,95.42,114.01,101.26,43,37,53,42,,,,,
TROW,87.87,88.95,92.24,95.42,114.01,101.26,43,37,53,42,,,,,
DRMA,87.87,88.95,92.24,95.42,114.01,101.26,43,37,53,42,,,,,
ZTS,87.87,88.95,92.24,95.42,114.01,101.26,43,37,53,42,,,,,
LEGN,87.87,88.95,92.24,95.42,114.01,101.26,43,37,53,42,,,,,
AFBI,87.87,88.95,92.24,95.42,114.01,101.26,43,37,53,42,,,,,
SIM,87.87,88.95,92.24,95.42,114.01,101.26,43,37,53,42,,,,,
OGS,87.87,88.95,92.24,95.42,114.01,101.26,43,37,53,42,,,,,
INBK,87.87,88.95,92.24,95.42,114.01,101.26,43,37,53,42,,,,,
CVX,87.87,88.95,92.24,95.42,114.01,101.26,43,37,53,42,,,,,
ETOR,87.87,88.95,92.24,95.42,114.01,101.26,43,37,53,42,,,,,
SLDP,87.87,88.95,92.24,95.42,114.01,101.26,43,37,53,42,,,,,
AKR,87.87,88.95,92.24,95.42,114.01,101.26,43,37,53,42,,,,,
MCFT,87.87,88.95,92.24,95.42,114.01,101.26,43,37,53,42,,,,,
RPRX,87.87,88.95,92.24,95.42,114.01,101.26,43,37,53,42,,,,,
PTHS,87.87,88.95,92.24,95.42,114.01,101.26,43,37,53,42,,,,,
TECK,87.87,88.95,92.24,95.42,114.01,101.26,43,37,53,42,,,,,
EQIX,87.87,88.95,92.24,95.42,114.01,101.26,43,37,53,42,,,,,
SQM,87.87,88.95,92.24,95.42,114.01,101.26,43,37,53,42,,,,,
GRVY,87.87,88.95,92.24,95.42,114.01,101.26,43,37,53,42,,,,,
PAII,87.87,88.95,92.24,95.42,114.01,101.26,43,37,53,42,9.93,0.5,9.93,9.93,0.35
RDY,87.87,88.95,92.24,95.42,114.01,101.26,43,37,53,42,,,,,
O,87.87,88.95,92.24,95.42,114.01,101.26,43,37,53,42,,,,,
SITE,87.87,88.95,92.24,95.42,114.01,101.26,43,37,53,42,,,,,
EXFY,87.87,88.95,92.24,95.42,114.01,101.26,43,37,53,42,,,,,
HIMS,87.87,88.95,92.24,95.42,114.01,101.26,43,37,53,42,,,,,
WW,87.87,88.95,92.24,95.42,114.01,101.26,43,37,53,42,,,,,
RXT,87.87,88.95,92.24,95.42,114.01,101.26,43,37,53,42,,,,,
NEXA,87.87,88.95,92.24,95.42,114.01,101.26,43,37,53,42,,,,,
EXP,87.87,88.95,92.24,95.42,114.01,101.26,43,37,53,42,,,,,
AQMS,87.87,88.95,92.24,95.42,114.01,101.26,43,37,53,42,,,,,
OMCL,87.87,88.95,92.24,95.42,114.01,101.26,43,37,53,42,,,,,
SBUX,87.87,88.95,92.24,95.42,114.01,101.26,43,37,53,42,,,,,
COMM,87.87,88.95,92.24,95.42,114.01,101.26,43,37,53,42,,,,,
WRN,87.87,88.95,92.24,95.42,114.01,101.26,43,37,53,42,,,,,
DENN,87.87,88.95,92.24,95.42,114.01,101.26,43,37,53,42,,,,,
CHCT,87.87,88.95,92.24,95.42,114.01,101.26,43,37,53,42,,,,,
HRI,87.87,88.95,92.24,95.42,114.01,101.26,43,37,53,42,,,,,
BCH,87.87,88.95,92.24,95.42,114.01,101.26,43,37,53,42,,,,,
KRUS,87.87,88.95,92.24,95.42,114.01,101.26,43,37,53,42,,,,,
VVV,87.87,88.95,92.24,95.42,114.01,101.26,43,37,53,42,,,,,
ALAR,87.87,88.95,92.24,95.42,114.01,101.26,43,37,53,42,,,,,
SDA,87.87,88.95,92.24,95.42,114.01,101.26,43,37,53,42,,,,,
SPMC,87.87,88.95,92.24,95.42,114.01,101.26,43,37,53,42,,,,,
HTFL,87.87,88.95,92.24,95.42,114.01,101.26,43,37,53,42,32.88,0.68,31.85,31.85,2.85
RELY,87.87,88.95,92.24,95.42,114.01,101.26,43,37,53,42,,,,,
ESE,87.87,88.95,92.24,95.42,114.01,101.26,43,37,53,42,,,,,
SNDK,87.87,88.95,92.24,95.42,114.01,101.26,43,37,53,42,,,,,
GEMI,87.87,88.95,92.24,95.42,114.01,101.26,43,37,53,42,24.14,0.0,27.63,27.63,0.44
GTX,87.87,88.95,92.24,95.42,114.01,101.26,43,37,53,42,,,,,
PGRE,87.87,88.95,92.24,95.42,114.01,101.26,43,37,53,42,,,,,
ORIQ,87.87,88.95,92.24,95.42,114.01,101.26,43,37,53,42,10.02,1.0,10.0,10.0,1.01
PAYC,87.87,88.95,92.24,95.42,114.01,101.26,43,37,53,42,,,,,
AACBU,87.87,88.95,92.24,95.42,114.01,101.26,43,37,53,42,,,,,
DOYU,87.87,88.95,92.24,95.42,114.01,101.26,43,37,53,42,,,,,
ARBE,87.87,88.95,92.24,95.42,114.01,101.26,43,37,53,42,,,,,
EDSA,87.87,88.95,92.24,95.42,114.01,101.26,43,37,53,42,,,,,
BOC,87.87,88.95,92.24,95.42,114.01,101.26,43,37,53,42,,,,,
FERA,87.87,88.95,92.24,95.42,114.01,101.26,43,37,53,42,,,,,
SCWO,87.87,88.95,92.24,95.42,114.01,101.26,43,37,53,42,,,,,
TACH,87.87,88.95,92.24,95.42,114.01,101.26,43,37,53,42,,,,,
OEC,87.87,88.95,92.24,95.42,114.01,101.26,43,37,53,42,,,,,
WK,87.87,88.95,92.24,95.42,114.01,101.26,43,37,53,42,,,,,
PACS,87.87,88.95,92.24,95.42,114.01,101.26,43,37,53,42,,,,,
IBKR,87.87,88.95,92.24,95.42,114.01,101.26,43,37,53,42,,,,,
RTACU,87.87,88.95,92.24,95.42,114.01,101.26,43,37,53,42,,,,,
NTSK,87.87,88.95,92.24,95.42,114.01,101.26,43,37,53,42,24.7,1.0,23.6,23.6,0.46
TRSG,87.87,88.95,92.24,95.42,114.01,101.26,43,37,53,42,,,,,
AAM,87.87,88.95,92.24,95.42,114.01,101.26,43,37,53,42,,,,,
RS,87.87,88.95,92.24,95.42,114.01,101.26,43,37,53,42,,,,,
PRKS,87.87,88.95,92.24,95.42,114.01,101.26,43,37,53,42,,,,,
GHLD,87.87,88.95,92.24,95.42,114.01,101.26,43,37,53,42,,,,,
XTKG,87.87,88.95,92.24,95.42,114.01,101.26,43,37,53,42,,,,,
SRFM,87.87,88.95,92.24,95.42,114.01,101.26,43,37,53,42,,,,,
ORIQU,87.87,88.95,92.24,95.42,114.01,101.26,43,37,53,42,10.08,1.0,10.05,10.05,0.0
J,87.87,88.95,92.24,95.42,114.01,101.26,43,37,53,42,,,,,
PCAPU,87.87,88.95,92.24,95.42,114.01,101.26,43,37,53,42,,,,,
YELP,87.87,88.95,92.24,95.42,114.01,101.26,43,37,53,42,,,,,
WHWK,87.87,88.95,92.24,95.42,114.01,101.26,43,37,53,42,,,,,
HSHP,87.87,88.95,92.24,95.42,114.01,101.26,43,37,53,42,,,,,
PRE,87.87,88.95,92.24,95.42,114.01,101.26,43,37,53,42,,,,,
AAP,87.87,88.95,92.24,95.42,114.01,101.26,43,37,53,42,,,,,
SCAG,87.87,88.95,92.24,95.42,114.01,101.26,43,37,53,42,2.9,0.0,4.25,4.61,0.03
YOUL,87.87,88.95,92.24,95.42,114.01,101.26,43,37,53,42,1.7,0.05,2.04,2.1,0.06
AACI,87.87,88.95,92.24,95.42,114.01,101.26,43,37,53,42,10.35,1.0,10.18,10.15,0.0
CMMB,87.87,88.95,92.24,95.42,114.01,101.26,43,37,53,42,,,,,
ITT,87.87,88.95,92.24,95.42,114.01,101.26,43,37,53,42,,,,,
HVMCU,87.87,88.95,92.24,95.42,114.01,101.26,43,37,53,42,10.08,0.87,10.06,10.06,0.01
BWMX,87.87,88.95,92.24,95.42,114.01,101.26,43,37,53,42,,,,,
ALIT,87.87,88.95,92.24,95.42,114.01,101.26,43,37,53,42,,,,,
TWNP,87.87,88.95,92.24,95.42,114.01,101.26,43,37,53,42,,,,,
SCI,87.87,88.95,92.24,95.42,114.01,101.26,43,37,53,42,,,,,
OTF,87.87,88.95,92.24,95.42,114.01,101.26,43,37,53,42,,,,,
BCAR,87.87,88.95,92.24,95.42,114.01,101.26,43,37,53,42,9.9,0.23,9.9,9.9,0.56
ONCY,87.87,88.95,92.24,95.42,114.01,101.26,43,37,53,42,,,,,
ZKH,87.87,88.95,92.24,95.42,114.01,101.26,43,37,53,42,,,,,
LCCC,87.87,88.95,92.24,95.42,114.01,101.26,43,37,53,42,10.06,1.0,10.05,10.04,0.0
MCGA,87.87,88.95,92.24,95.42,114.01,101.26,43,37,53,42,10.68,0.28,10.73,10.73,0.21
ACR,87.87,88.95,92.24,95.42,114.01,101.26,43,37,53,42,,,,,
PMTRU,87.87,88.95,92.24,95.42,114.01,101.26,43,37,53,42,,,,,
NEWT,87.87,88.95,92.24,95.42,114.01,101.26,43,37,53,42,,,,,
HON,87.87,88.95,92.24,95.42,114.01,101.26,43,37,53,42,,,,,
CATO,87.87,88.95,92.24,95.42,114.01,101.26,43,37,53,42,,,,,
THC,87.87,88.95,92.24,95.42,114.01,101.26,43,37,53,42,,,,,
NXGL,87.87,88.95,92.24,95.42,114.01,101.26,43,37,53,42,,,,,
FULC,87.87,88.95,92.24,95.42,114.01,101.26,43,37,53,42,,,,,
OBK,87.87,88.95,92.24,95.42,114.01,101.26,43,37,53,42,,,,,
CAPR,87.87,88.95,92.24,95.42,114.01,101.26,43,37,53,42,,,,,
LOCL,87.87,88.95,92.24,95.42,114.01,101.26,43,37,53,42,,,,,
RBCAA,87.87,88.95,92.24,95.42,114.01,101.26,43,37,53,42,,,,,
AENT,87.87,88.95,92.24,95.42,114.01,101.26,43,37,53,42,,,,,
FTLF,87.87,88.95,92.24,95.42,114.01,101.26,43,37,53,42,,,,,
HUDI,87.87,88.95,92.24,95.42,114.01,101.26,43,37,53,42,,,,,
GFI,87.87,88.95,92.24,95.42,114.01,101.26,43,37,53,42,,,,,
LEG,87.87,88.95,92.24,95.42,114.01,101.26,43,37,53,42,,,,,
EQ,87.87,88.95,92.24,95.42,114.01,101.26,43,37,53,42,,,,,
HWC,87.87,88.95,92.24,95.42,114.01,101.26,43,37,53,42,,,,,
YB,87.87,88.95,92.24,95.42,114.01,101.26,43,37,53,42,,,,,
APT,87.87,88.95,92.24,95.42,114.01,101.26,43,37,53,42,,,,,
VST,87.87,88.95,92.24,95.42,114.01,101.26,43,37,53,42,,,,,
ITRI,87.87,88.95,92.24,95.42,114.01,101.26,43,37,53,42,,,,,
EXPD,87.87,88.95,92.24,95.42,114.01,101.26,43,37,53,42,,,,,
PRM,87.87,88.95,92.24,95.42,114.01,101.26,43,37,53,42,,,,,
ABM,87.87,88.95,92.24,95.42,114.01,101.26,43,37,53,42,,,,,
ACNT,87.87,88.95,92.24,95.42,114.01,101.26,43,37,53,42,,,,,
GMHS,87.87,88.95,92.24,95.42,114.01,101.26,43,37,53,42,,,,,
PIII,87.87,88.95,92.24,95.42,114.01,101.26,43,37,53,42,,,,,
BHVN,87.87,88.95,92.24,95.42,114.01,101.26,43,37,53,42,,,,,
MVBF,87.87,88.95,92.24,95.42,114.01,101.26,43,37,53,42,,,,,
TEF,87.87,88.95,92.24,95.42,114.01,101.26,43,37,53,42,,,,,
MLCO,87.87,88.95,92.24,95.42,114.01,101.26,43,37,53,42,,,,,
LIVN,87.87,88.95,92.24,95.42,114.01,101.26,43,37,53,42,,,,,
GWH,87.87,88.95,92.24,95.42,114.01,101.26,43,37,53,42,,,,,
FGMCU,87.87,88.95,92.24,95.42,114.01,101.26,43,37,53,42,,,,,
PSN,87.87,88.95,92.24,95.42,114.01,101.26,43,37,53,42,,,,,
RDGT,87.87,88.95,92.24,95.42,114.01,101.26,43,37,53,42,,,,,
AMBQ,87.87,88.95,92.24,95.42,114.01,101.26,43,37,53,42,31.21,0.0,37.5,37.5,2.02
LANV,87.87,88.95,92.24,95.42,114.01,101.26,43,37,53,42,,,,,
YUM,87.87,88.95,92.24,95.42,114.01,101.26,43,37,53,42,,,,,
GASS,87.87,88.95,92.24,95.42,114.01,101.26,43,37,53,42,,,,,
DNTH,87.87,88.95,92.24,95.42,114.01,101.26,43,37,53,42,,,,,
ODV,87.87,88.95,92.24,95.42,114.01,101.26,43,37,53,42,,,,,
AEG,87.87,88.95,92.24,95.42,114.01,101.26,43,37,53,42,,,,,
AWK,87.87,88.95,92.24,95.42,114.01,101.26,43,37,53,42,,,,,
SOFI,87.87,88.95,92.24,95.42,114.01,101.26,43,37,53,42,,,,,
CCNE,87.87,88.95,92.24,95.42,114.01,101.26,43,37,53,42,,,,,
ACLX,87.87,88.95,92.24,95.42,114.01,101.26,43,37,53,42,,,,,
BOH,87.87,88.95,92.24,95.42,114.01,101.26,43,37,53,42,,,,,
DXPE,87.87,88.95,92.24,95.42,114.01,101.26,43,37,53,42,,,,,
HSIC,87.87,88.95,92.24,95.42,114.01,101.26,43,37,53,42,,,,,
BUSEP,87.87,88.95,92.24,95.42,114.01,101.26,43,37,53,42,,,,,
ONCHU,87.87,88.95,92.24,95.42,114.01,101.26,43,37,53,42,,,,,
SONM,87.87,88.95,92.24,95.42,114.01,101.26,43,37,53,42,,,,,
AIFF,87.87,88.95,92.24,95.42,114.01,101.26,43,37,53,42,,,,,
LCCCU,87.87,88.95,92.24,95.42,114.01,101.26,43,37,53,42,,,,,
KRG,87.87,88.95,92.24,95.42,114.01,101.26,43,37,53,42,,,,,
PSKY,87.87,88.95,92.24,95.42,114.01,101.26,43,37,53,42,,,,,
MXC,87.87,88.95,92.24,95.42,114.01,101.26,43,37,53,42,,,,,
ECVT,87.87,88.95,92.24,95.42,114.01,101.26,43,37,53,42,,,,,
FENC,87.87,88.95,92.24,95.42,114.01,101.26,43,37,53,42,,,,,
AMPH,87.87,88.95,92.24,95.42,114.01,101.26,43,37,53,42,,,,,
APUS,87.87,88.95,92.24,95.42,114.01,101.26,43,37,53,42,,,,,
IPODU,87.87,88.95,92.24,95.42,114.01,101.26,43,37,53,42,,,,,
SDST,87.87,88.95,92.24,95.42,114.01,101.26,43,37,53,42,,,,,
WAFD,87.87,88.95,92.24,95.42,114.01,101.26,43,37,53,42,,,,,
CGTL,87.87,88.95,92.24,95.42,114.01,101.26,43,37,53,42,,,,,
FIHL,87.87,88.95,92.24,95.42,114.01,101.26,43,37,53,42,,,,,
KSS,87.87,88.95,92.24,95.42,114.01,101.26,43,37,53,42,,,,,
APO,87.87,88.95,92.24,95.42,114.01,101.26,43,37,53,42,,,,,
RSG,87.87,88.95,92.24,95.42,114.01,101.26,43,37,53,42,,,,,
CABA,87.87,88.95,92.24,95.42,114.01,101.26,43,37,53,42,,,,,
DNN,87.87,88.95,92.24,95.42,114.01,101.26,43,37,53,42,,,,,
TOL,87.87,88.95,92.24,95.42,114.01,101.26,43,37,53,42,,,,,
AUGO,87.87,88.95,92.24,95.42,114.01,101.26,43,37,53,42,31.97,0.92,27.61,27.61,1.84
MDRR,87.87,88.95,92.24,95.42,114.01,101.26,43,37,53,42,,,,,
UPXI,87.87,88.95,92.24,95.42,114.01,101.26,43,37,53,42,,,,,
UCB,87.87,88.95,92.24,95.42,114.01,101.26,43,37,53,42,,,,,
NWN,87.87,88.95,92.24,95.42,114.01,101.26,43,37,53,42,,,,,
FLWS,87.87,88.95,92.24,95.42,114.01,101.26,43,37,53,42,,,,,
TLNCU,87.87,88.95,92.24,95.42,114.01,101.26,43,37,53,42,,,,,
TLN,87.87,88.95,92.24,95.42,114.01,101.26,43,37,53,42,,,,,
MTNB,87.87,88.95,92.24,95.42,114.01,101.26,43,37,53,42,,,,,
APADU,87.87,88.95,92.24,95.42,114.01,101.26,43,37,53,42,10.02,0.17,10.03,10.03,0.0
FBIN,87.87,88.95,92.24,95.42,114.01,101.26,43,37,53,42,,,,,
KAPA,87.87,88.95,92.24,95.42,114.01,101.26,43,37,53,42,,,,,
RAPP,87.87,88.95,92.24,95.42,114.01,101.26,43,37,53,42,,,,,
NEWTP,87.87,88.95,92.24,95.42,114.01,101.26,43,37,53,42,,,,,
AEIS,87.87,88.95,92.24,95.42,114.01,101.26,43,37,53,42,,,,,
PNC,87.87,88.95,92.24,95.42,114.01,101.26,43,37,53,42,,,,,
TPCS,87.87,88.95,92.24,95.42,114.01,101.26,43,37,53,42,,,,,
FTS,87.87,88.95,92.24,95.42,114.01,101.26,43,37,53,42,,,,,
MASK,87.87,88.95,92.24,95.42,114.01,101.26,43,37,53,42,,,,,
AMP,87.87,88.95,92.24,95.42,114.01,101.26,43,37,53,42,,,,,
GYRE,87.87,88.95,92.24,95.42,114.01,101.26,43,37,53,42,,,,,
MRNO,87.87,88.95,92.24,95.42,114.01,101.26,43,37,53,42,,,,,
HYAC,87.87,88.95,92.24,95.42,114.01,101.26,43,37,53,42,,,,,
UTZ,87.87,88.95,92.24,95.42,114.01,101.26,43,37,53,42,,,,,
JCAP,87.87,88.95,92.24,95.42,114.01,101.26,43,37,53,42,17.94,0.52,17.7,17.7,11.28
IQV,87.87,88.95,92.24,95.42,114.01,101.26,43,37,53,42,,,,,
DRD,87.87,88.95,92.24,95.42,114.01,101.26,43,37,53,42,,,,,
SY,87.87,88.95,92.24,95.42,114.01,101.26,43,37,53,42,,,,,
RYOJ,87.87,88.95,92.24,95.42,114.01,101.26,43,37,53,42,2.23,0.33,2.23,2.23,0.2
CTKB,87.87,88.95,92.24,95.42,114.01,101.26,43,37,53,42,,,,,
TWIN,87.87,88.95,92.24,95.42,114.01,101.26,43,37,53,42,,,,,
NRP,87.87,88.95,92.24,95.42,114.01,101.26,43,37,53,42,,,,,
CMBT,87.87,88.95,92.24,95.42,114.01,101.26,43,37,53,42,,,,,
PAVM,87.87,88.95,92.24,95.42,114.01,101.26,43,37,53,42,,,,,
GANX,87.87,88.95,92.24,95.42,114.01,101.26,43,37,53,42,,,,,
NVNI,87.87,88.95,92.24,95.42,114.01,101.26,43,37,53,42,,,,,
PPCB,87.87,88.95,92.24,95.42,114.01,101.26,43,37,53,42,,,,,
ALDX,87.87,88.95,92.24,95.42,114.01,101.26,43,37,53,42,,,,,
CSTM,87.87,88.95,92.24,95.42,114.01,101.26,43,37,53,42,,,,,
ORA,87.87,88.95,92.24,95.42,114.01,101.26,43,37,53,42,,,,,
TRVG,87.87,88.95,92.24,95.42,114.01,101.26,43,37,53,42,,,,,
RARE,87.87,88.95,92.24,95.42,114.01,101.26,43,37,53,42,,,,,
DLB,87.87,88.95,92.24,95.42,114.01,101.26,43,37,53,42,,,,,
JRVR,87.87,88.95,92.24,95.42,114.01,101.26,43,37,53,42,,,,,
GDRX,87.87,88.95,92.24,95.42,114.01,101.26,43,37,53,42,,,,,
RILYP,87.87,88.95,92.24,95.42,114.01,101.26,43,37,53,42,,,,,
TPR,87.87,88.95,92.24,95.42,114.01,101.26,43,37,53,42,,,,,
FTRK,87.87,88.95,92.24,95.42,114.01,101.26,43,37,53,42,,,,,
SSII,87.87,88.95,92.24,95.42,114.01,101.26,43,37,53,42,,,,,
MSBIP,87.87,88.95,92.24,95.42,114.01,101.26,43,37,53,42,,,,,
IMG,87.87,88.95,92.24,95.42,114.01,101.26,43,37,53,42,,,,,
SCS,87.87,88.95,92.24,95.42,114.01,101.26,43,37,53,42,,,,,
AIHS,87.87,88.95,92.24,95.42,114.01,101.26,43,37,53,42,,,,,
NOA,87.87,88.95,92.24,95.42,114.01,101.26,43,37,53,42,,,,,
CRMT,87.87,88.95,92.24,95.42,114.01,101.26,43,37,53,42,,,,,
ANGX,87.87,88.95,92.24,95.42,114.01,101.26,43,37,53,42,,,,,
SNSE,87.87,88.95,92.24,95.42,114.01,101.26,43,37,53,42,,,,,
ASM,87.87,88.95,92.24,95.42,114.01,101.26,43,37,53,42,,,,,
CTM,87.87,88.95,92.24,95.42,114.01,101.26,43,37,53,42,,,,,
EFC,87.87,88.95,92.24,95.42,114.01,101.26,43,37,53,42,,,,,
IVP,87.87,88.95,92.24,95.42,114.01,101.26,43,37,53,42,,,,,
KOF,87.87,88.95,92.24,95.42,114.01,101.26,43,37,53,42,,,,,
BLUW,87.87,88.95,92.24,95.42,114.01,101.26,43,37,53,42,9.99,0.83,9.97,9.97,0.31
TRNO,87.87,88.95,92.24,95.42,114.01,101.26,43,37,53,42,,,,,
ERIC,87.87,88.95,92.24,95.42,114.01,101.26,43,37,53,42,,,,,
OLLI,87.87,88.95,92.24,95.42,114.01,101.26,43,37,53,42,,,,,
IMPP,87.87,88.95,92.24,95.42,114.01,101.26,43,37,53,42,,,,,
SXT,87.87,88.95,92.24,95.42,114.01,101.26,43,37,53,42,,,,,
UYSC,87.87,88.95,92.24,95.42,114.01,101.26,43,37,53,42,,,,,
MET,87.87,88.95,92.24,95.42,114.01,101.26,43,37,53,42,,,,,
PINE,87.87,88.95,92.24,95.42,114.01,101.26,43,37,53,42,,,,,
COIN,87.87,88.95,92.24,95.42,114.01,101.26,43,37,53,42,,,,,
CCL,87.87,88.95,92.24,95.42,114.01,101.26,43,37,53,42,,,,,
AUBN,87.87,88.95,92.24,95.42,114.01,101.26,43,37,53,42,,,,,
IHT,87.87,88.95,92.24,95.42,114.01,101.26,43,37,53,42,,,,,
GENK,87.87,88.95,92.24,95.42,114.01,101.26,43,37,53,42,,,,,
NWE,87.87,88.95,92.24,95.42,114.01,101.26,43,37,53,42,,,,,
NETD,87.87,88.95,92.24,95.42,114.01,101.26,43,37,53,42,,,,,
CGC,87.87,88.95,92.24,95.42,114.01,101.26,43,37,53,42,,,,,
SIFY,87.87,88.95,92.24,95.42,114.01,101.26,43,37,53,42,,,,,
FRST,87.87,88.95,92.24,95.42,114.01,101.26,43,37,53,42,,,,,
NTST,87.87,88.95,92.24,95.42,114.01,101.26,43,37,53,42,,,,,
LOW,87.87,88.95,92.24,95.42,114.01,101.26,43,37,53,42,,,,,
LILA,87.87,88.95,92.24,95.42,114.01,101.26,43,37,53,42,,,,,
CHOW,87.87,88.95,92.24,95.42,114.01,101.26,43,37,53,42,,,,,
ASML,87.87,88.95,92.24,95.42,114.01,101.26,43,37,53,42,,,,,
GERN,87.87,88.95,92.24,95.42,114.01,101.26,43,37,53,42,,,,,
RDNW,87.87,88.95,92.24,95.42,114.01,101.26,43,37,53,42,,,,,
CALM,87.87,88.95,92.24,95.42,114.01,101.26,43,37,53,42,,,,,
GGR,87.87,88.95,92.24,95.42,114.01,101.26,43,37,53,42,,,,,
DFIN,87.87,88.95,92.24,95.42,114.01,101.26,43,37,53,42,,,,,
QD,87.87,88.95,92.24,95.42,114.01,101.26,43,37,53,42,,,,,
WWD,87.87,88.95,92.24,95.42,114.01,101.26,43,37,53,42,,,,,
LOB,87.87,88.95,92.24,95.42,114.01,101.26,43,37,53,42,,,,,
HPQ,87.87,88.95,92.24,95.42,114.01,101.26,43,37,53,42,,,,,
KALA,87.87,88.95,92.24,95.42,114.01,101.26,43,37,53,42,,,,,
BEN,87.87,88.95,92.24,95.42,114.01,101.26,43,37,53,42,,,,,
EVOK,87.87,88.95,92.24,95.42,114.01,101.26,43,37,53,42,,,,,
SRCE,87.87,88.95,92.24,95.42,114.01,101.26,43,37,53,42,,,,,
KFII,87.87,88.95,92.24,95.42,114.01,101.26,43,37,53,42,,,,,
WINA,87.87,88.95,92.24,95.42,114.01,101.26,43,37,53,42,,,,,
MACIU,87.87,88.95,92.24,95.42,114.01,101.26,43,37,53,42,,,,,
MWYN,87.87,88.95,92.24,95.42,114.01,101.26,43,37,53,42,,,,,
BANC,87.87,88.95,92.24,95.42,114.01,101.26,43,37,53,42,,,,,
IZEA,87.87,88.95,92.24,95.42,114.01,101.26,43,37,53,42,,,,,
KFS,87.87,88.95,92.24,95.42,114.01,101.26,43,37,53,42,,,,,
VACHU,87.87,88.95,92.24,95.42,114.01,101.26,43,37,53,42,,,,,
EXAS,87.87,88.95,92.24,95.42,114.01,101.26,43,37,53,42,,,,,
ECDA,87.87,88.95,92.24,95.42,114.01,101.26,43,37,53,42,,,,,
COHN,87.87,88.95,92.24,95.42,114.01,101.26,43,37,53,42,,,,,
NUAI,87.87,88.95,92.24,95.42,114.01,101.26,43,37,53,42,,,,,
BHR,87.87,88.95,92.24,95.42,114.01,101.26,43,37,53,42,,,,,
MXL,87.87,88.95,92.24,95.42,114.01,101.26,43,37,53,42,,,,,
DXC,87.87,88.95,92.24,95.42,114.01,101.26,43,37,53,42,,,,,
DIT,87.87,88.95,92.24,95.42,114.01,101.26,43,37,53,42,,,,,
KREF,87.87,88.95,92.24,95.42,114.01,101.26,43,37,53,42,,,,,
TVRD,87.87,88.95,92.24,95.42,114.01,101.26,43,37,53,42,,,,,
GDOT,87.87,88.95,92.24,95.42,114.01,101.26,43,37,53,42,,,,,
NSTS,87.87,88.95,92.24,95.42,114.01,101.26,43,37,53,42,,,,,
GNFT,87.87,88.95,92.24,95.42,114.01,101.26,43,37,53,42,,,,,
CQP,87.87,88.95,92.24,95.42,114.01,101.26,43,37,53,42,,,,,
MRK,87.87,88.95,92.24,95.42,114.01,101.26,43,37,53,42,,,,,
NMP,87.87,88.95,92.24,95.42,114.01,101.26,43,37,53,42,,,,,
SHIP,87.87,88.95,92.24,95.42,114.01,101.26,43,37,53,42,,,,,
FKWL,87.87,88.95,92.24,95.42,114.01,101.26,43,37,53,42,,,,,
IMAX,87.87,88.95,92.24,95.42,114.01,101.26,43,37,53,42,,,,,
ABP,87.87,88.95,92.24,95.42,114.01,101.26,43,37,53,42,,,,,
RADX,87.87,88.95,92.24,95.42,114.01,101.26,43,37,53,42,,,,,
BTCT,87.87,88.95,92.24,95.42,114.01,101.26,43,37,53,42,,,,,
LTBR,87.87,88.95,92.24,95.42,114.01,101.26,43,37,53,42,,,,,
AMN,87.87,88.95,92.24,95.42,114.01,101.26,43,37,53,42,,,,,
SCL,87.87,88.95,92.24,95.42,114.01,101.26,43,37,53,42,,,,,
CANF,87.87,88.95,92.24,95.42,114.01,101.26,43,37,53,42,,,,,
ROCK,87.87,88.95,92.24,95.42,114.01,101.26,43,37,53,42,,,,,
NISN,87.87,88.95,92.24,95.42,114.01,101.26,43,37,53,42,,,,,
INLF,87.87,88.95,92.24,95.42,114.01,101.26,43,37,53,42,,,,,
PMI,87.87,88.95,92.24,95.42,114.01,101.26,43,37,53,42,7.53,0.98,6.52,6.52,1.14
CRON,87.87,88.95,92.24,95.42,114.01,101.26,43,37,53,42,,,,,
ATXG,87.87,88.95,92.24,95.42,114.01,101.26,43,37,53,42,,,,,
FLGT,87.87,88.95,92.24,95.42,114.01,101.26,43,37,53,42,,,,,
SNTI,87.87,88.95,92.24,95.42,114.01,101.26,43,37,53,42,,,,,
CVEO,87.87,88.95,92.24,95.42,114.01,101.26,43,37,53,42,,,,,
LLYVA,87.87,88.95,92.24,95.42,114.01,101.26,43,37,53,42,,,,,
RFAI,87.87,88.95,92.24,95.42,114.01,101.26,43,37,53,42,,,,,
QUMSU,87.87,88.95,92.24,95.42,114.01,101.26,43,37,53,42,10.06,0.76,10.04,10.04,0.0
PI,87.87,88.95,92.24,95.42,114.01,101.26,43,37,53,42,,,,,
SQFT,87.87,88.95,92.24,95.42,114.01,101.26,43,37,53,42,,,,,
CRTO,87.87,88.95,92.24,95.42,114.01,101.26,43,37,53,42,,,,,
CABO,87.87,88.95,92.24,95.42,114.01,101.26,43,37,53,42,,,,,
LIND,87.87,88.95,92.24,95.42,114.01,101.26,43,37,53,42,,,,,
SRTA,87.87,88.95,92.24,95.42,114.01,101.26,43,37,53,42,,,,,
SM,87.87,88.95,92.24,95.42,114.01,101.26,43,37,53,42,,,,,
CAEP,87.87,88.95,92.24,95.42,114.01,101.26,43,37,53,42,,,,,
LPX,87.87,88.95,92.24,95.42,114.01,101.26,43,37,53,42,,,,,
CHEK,87.87,88.95,92.24,95.42,114.01,101.26,43,37,53,42,,,,,
HUSA,87.87,88.95,92.24,95.42,114.01,101.26,43,37,53,42,,,,,
ISOU,87.87,88.95,92.24,95.42,114.01,101.26,43,37,53,42,,,,,
MATH,87.87,88.95,92.24,95.42,114.01,101.26,43,37,53,42,,,,,
ALCO,87.87,88.95,92.24,95.42,114.01,101.26,43,37,53,42,,,,,
VIV,87.87,88.95,92.24,95.42,114.01,101.26,43,37,53,42,,,,,
UFG,87.87,88.95,92.24,95.42,114.01,101.26,43,37,53,42,,,,,
TGT,87.87,88.95,92.24,95.42,114.01,101.26,43,37,53,42,,,,,
ELF,87.87,88.95,92.24,95.42,114.01,101.26,43,37,53,42,,,,,
CPAY,87.87,88.95,92.24,95.42,114.01,101.26,43,37,53,42,,,,,
ZBAO,87.87,88.95,92.24,95.42,114.01,101.26,43,37,53,42,,,,,
HOVNP,87.87,88.95,92.24,95.42,114.01,101.26,43,37,53,42,,,,,
TAYD,87.87,88.95,92.24,95.42,114.01,101.26,43,37,53,42,,,,,
NIQ,87.87,88.95,92.24,95.42,114.01,101.26,43,37,53,42,17.06,0.28,17.63,17.63,3.21
ITGR,87.87,88.95,92.24,95.42,114.01,101.26,43,37,53,42,,,,,
ONIT,87.87,88.95,92.24,95.42,114.01,101.26,43,37,53,42,,,,,
TDIC,87.87,88.95,92.24,95.42,114.01,101.26,43,37,53,42,,,,,
TREX,87.87,88.95,92.24,95.42,114.01,101.26,43,37,53,42,,,,,
KELYB,87.87,88.95,92.24,95.42,114.01,101.26,43,37,53,42,,,,,
AN,87.87,88.95,92.24,95.42,114.01,101.26,43,37,53,42,,,,,
POWL,87.87,88.95,92.24,95.42,114.01,101.26,43,37,53,42,,,,,
BTCM,87.87,88.95,92.24,95.42,114.01,101.26,43,37,53,42,,,,,
CB,87.87,88.95,92.24,95.42,114.01,101.26,43,37,53,42,,,,,
MSTR,87.87,88.95,92.24,95.42,114.01,101.26,43,37,53,42,,,,,
HCHL,87.87,88.95,92.24,95.42,114.01,101.26,43,37,53,42,3.15,0.13,3.6,3.92,1.0
RMBI,87.87,88.95,92.24,95.42,114.01,101.26,43,37,53,42,,,,,
TTEK,87.87,88.95,92.24,95.42,114.01,101.26,43,37,53,42,,,,,
FCNCA,87.87,88.95,92.24,95.42,114.01,101.26,43,37,53,42,,,,,
SPEGU,87.87,88.95,92.24,95.42,114.01,101.26,43,37,53,42,10.11,0.67,10.11,10.11,0.0
CERT,87.87,88.95,92.24,95.42,114.01,101.26,43,37,53,42,,,,,
ICG,87.87,88.95,92.24,95.42,114.01,101.26,43,37,53,42,,,,,
ASO,87.87,88.95,92.24,95.42,114.01,101.26,43,37,53,42,,,,,
AMCX,87.87,88.95,92.24,95.42,114.01,101.26,43,37,53,42,,,,,
CDLX,87.87,88.95,92.24,95.42,114.01,101.26,43,37,53,42,,,,,
TAC,87.87,88.95,92.24,95.42,114.01,101.26,43,37,53,42,,,,,
ROKU,87.87,88.95,92.24,95.42,114.01,101.26,43,37,53,42,,,,,
UFCS,87.87,88.95,92.24,95.42,114.01,101.26,43,37,53,42,,,,,
SI,87.87,88.95,92.24,95.42,114.01,101.26,43,37,53,42,14.42,0.59,14.19,14.19,3.5
URBN,87.87,88.95,92.24,95.42,114.01,101.26,43,37,53,42,,,,,
CION,87.87,88.95,92.24,95.42,114.01,101.26,43,37,53,42,,,,,
ELVA,87.87,88.95,92.24,95.42,114.01,101.26,43,37,53,42,,,,,
CGAU,87.87,88.95,92.24,95.42,114.01,101.26,43,37,53,42,,,,,
CAMT,87.87,88.95,92.24,95.42,114.01,101.26,43,37,53,42,,,,,
ARMK,87.87,88.95,92.24,95.42,114.01,101.26,43,37,53,42,,,,,
VEEV,87.87,88.95,92.24,95.42,114.01,101.26,43,37,53,42,,,,,
NVCR,87.87,88.95,92.24,95.42,114.01,101.26,43,37,53,42,,,,,
SFST,87.87,88.95,92.24,95.42,114.01,101.26,43,37,53,42,,,,,
RCL,87.87,88.95,92.24,95.42,114.01,101.26,43,37,53,42,,,,,
PENG,87.87,88.95,92.24,95.42,114.01,101.26,43,37,53,42,,,,,
ANVS,87.87,88.95,92.24,95.42,114.01,101.26,43,37,53,42,,,,,
ZOOZ,87.87,88.95,92.24,95.42,114.01,101.26,43,37,53,42,,,,,
USBC,87.87,88.95,92.24,95.42,114.01,101.26,43,37,53,42,,,,,
BNRG,87.87,88.95,92.24,95.42,114.01,101.26,43,37,53,42,,,,,
FIZZ,87.87,88.95,92.24,95.42,114.01,101.26,43,37,53,42,,,,,
SUIG,87.87,88.95,92.24,95.42,114.01,101.26,43,37,53,42,,,,,
YTRA,87.87,88.95,92.24,95.42,114.01,101.26,43,37,53,42,,,,,
NVST,87.87,88.95,92.24,95.42,114.01,101.26,43,37,53,42,,,,,
SVRE,87.87,88.95,92.24,95.42,114.01,101.26,43,37,53,42,,,,,
ZEUS,87.87,88.95,92.24,95.42,114.01,101.26,43,37,53,42,,,,,
ENB,87.87,88.95,92.24,95.42,114.01,101.26,43,37,53,42,,,,,
CBU,87.87,88.95,92.24,95.42,114.01,101.26,43,37,53,42,,,,,
NMIH,87.87,88.95,92.24,95.42,114.01,101.26,43,37,53,42,,,,,
MTRX,87.87,88.95,92.24,95.42,114.01,101.26,43,37,53,42,,,,,
KLAR,87.87,88.95,92.24,95.42,114.01,101.26,43,37,53,42,43.01,0.1,44.27,44.27,0.5
CNS,87.87,88.95,92.24,95.42,114.01,101.26,43,37,53,42,,,,,
STNE,87.87,88.95,92.24,95.42,114.01,101.26,43,37,53,42,,,,,
FIX,87.87,88.95,92.24,95.42,114.01,101.26,43,37,53,42,,,,,
FRAF,87.87,88.95,92.24,95.42,114.01,101.26,43,37,53,42,,,,,
JENA,87.87,88.95,92.24,95.42,114.01,101.26,43,37,53,42,10.14,0.5,10.14,10.14,0.0
VWAV,87.87,88.95,92.24,95.42,114.01,101.26,43,37,53,42,,,,,
CAN,87.87,88.95,92.24,95.42,114.01,101.26,43,37,53,42,,,,,
TH,87.87,88.95,92.24,95.42,114.01,101.26,43,37,53,42,,,,,
FORR,87.87,88.95,92.24,95.42,114.01,101.26,43,37,53,42,,,,,
UVV,87.87,88.95,92.24,95.42,114.01,101.26,43,37,53,42,,,,,
HCMAU,87.87,88.95,92.24,95.42,114.01,101.26,43,37,53,42,,,,,
PTGX,87.87,88.95,92.24,95.42,114.01,101.26,43,37,53,42,,,,,
FUFU,87.87,88.95,92.24,95.42,114.01,101.26,43,37,53,42,,,,,
ALFUU,87.87,88.95,92.24,95.42,114.01,101.26,43,37,53,42,,,,,
RF,87.87,88.95,92.24,95.42,114.01,101.26,43,37,53,42,,,,,
UE,87.87,88.95,92.24,95.42,114.01,101.26,43,37,53,42,,,,,
DX,87.87,88.95,92.24,95.42,114.01,101.26,43,37,53,42,,,,,
CLDX,87.87,88.95,92.24,95.42,114.01,101.26,43,37,53,42,,,,,
SWKS,87.87,88.95,92.24,95.42,114.01,101.26,43,37,53,42,,,,,
MPLX,87.87,88.95,92.24,95.42,114.01,101.26,43,37,53,42,,,,,
SNGX,87.87,88.95,92.24,95.42,114.01,101.26,43,37,53,42,,,,,
SNDL,87.87,88.95,92.24,95.42,114.01,101.26,43,37,53,42,,,,,
IMTE,87.87,88.95,92.24,95.42,114.01,101.26,43,37,53,42,,,,,
IEP,87.87,88.95,92.24,95.42,114.01,101.26,43,37,53,42,,,,,
AEMD,87.87,88.95,92.24,95.42,114.01,101.26,43,37,53,42,,,,,
YIBO,87.87,88.95,92.24,95.42,114.01,101.26,43,37,53,42,,,,,
STEP,87.87,88.95,92.24,95.42,114.01,101.26,43,37,53,42,,,,,
ATEN,87.87,88.95,92.24,95.42,114.01,101.26,43,37,53,42,,,,,
TRTX,87.87,88.95,92.24,95.42,114.01,101.26,43,37,53,42,,,,,
LPSN,87.87,88.95,92.24,95.42,114.01,101.26,43,37,53,42,,,,,
SCM,87.87,88.95,92.24,95.42,114.01,101.26,43,37,53,42,,,,,
FORLU,87.87,88.95,92.24,95.42,114.01,101.26,43,37,53,42,,,,,
TCBS,87.87,88.95,92.24,95.42,114.01,101.26,43,37,53,42,,,,,
SKYX,87.87,88.95,92.24,95.42,114.01,101.26,43,37,53,42,,,,,
ILLR,87.87,88.95,92.24,95.42,114.01,101.26,43,37,53,42,,,,,
LXU,87.87,88.95,92.24,95.42,114.01,101.26,43,37,53,42,,,,,
AFRM,87.87,88.95,92.24,95.42,114.01,101.26,43,37,53,42,,,,,
ARKO,87.87,88.95,92.24,95.42,114.01,101.26,43,37,53,42,,,,,
FBIO,87.87,88.95,92.24,95.42,114.01,101.26,43,37,53,42,,,,,
MTH,87.87,88.95,92.24,95.42,114.01,101.26,43,37,53,42,,,,,
SMX,87.87,88.95,92.24,95.42,114.01,101.26,43,37,53,42,,,,,
TBRG,87.87,88.95,92.24,95.42,114.01,101.26,43,37,53,42,,,,,
LIDR,87.87,88.95,92.24,95.42,114.01,101.26,43,37,53,42,,,,,
GDS,87.87,88.95,92.24,95.42,114.01,101.26,43,37,53,42,,,,,
MNSBP,87.87,88.95,92.24,95.42,114.01,101.26,43,37,53,42,,,,,
AMWL,87.87,88.95,92.24,95.42,114.01,101.26,43,37,53,42,,,,,
DE,87.87,88.95,92.24,95.42,114.01,101.26,43,37,53,42,,,,,
BRLS,87.87,88.95,92.24,95.42,114.01,101.26,43,37,53,42,,,,,
ERAS,87.87,88.95,92.24,95.42,114.01,101.26,43,37,53,42,,,,,
BGM,87.87,88.95,92.24,95.42,114.01,101.26,43,37,53,42,,,,,
AEBI,87.87,88.95,92.24,95.42,114.01,101.26,43,37,53,42,12.49,0.75,11.2,11.28,2.36
KW,87.87,88.95,92.24,95.42,114.01,101.26,43,37,53,42,,,,,
MCB,87.87,88.95,92.24,95.42,114.01,101.26,43,37,53,42,,,,,
BRR,87.87,88.95,92.24,95.42,114.01,101.26,43,37,53,42,,,,,
MCHB,87.87,88.95,92.24,95.42,114.01,101.26,43,37,53,42,,,,,
GTI,87.87,88.95,92.24,95.42,114.01,101.26,43,37,53,42,,,,,
IAS,87.87,88.95,92.24,95.42,114.01,101.26,43,37,53,42,,,,,
BBDO,87.87,88.95,92.24,95.42,114.01,101.26,43,37,53,42,,,,,
ICE,87.87,88.95,92.24,95.42,114.01,101.26,43,37,53,42,,,,,
R,87.87,88.95,92.24,95.42,114.01,101.26,43,37,53,42,,,,,
TONX,87.87,88.95,92.24,95.42,114.01,101.26,43,37,53,42,,,,,
CCK,87.87,88.95,92.24,95.42,114.01,101.26,43,37,53,42,,,,,
BCARU,87.87,88.95,92.24,95.42,114.01,101.26,43,37,53,42,,,,,
RGC,87.87,88.95,92.24,95.42,114.01,101.26,43,37,53,42,,,,,
LCID,87.87,88.95,92.24,95.42,114.01,101.26,43,37,53,42,,,,,
CVNA,87.87,88.95,92.24,95.42,114.01,101.26,43,37,53,42,,,,,
EZGO,87.87,88.95,92.24,95.42,114.01,101.26,43,37,53,42,,,,,
ESLA,87.87,88.95,92.24,95.42,114.01,101.26,43,37,53,42,,,,,
KEN,87.87,88.95,92.24,95.42,114.01,101.26,43,37,53,42,,,,,
NEXT,87.87,88.95,92.24,95.42,114.01,101.26,43,37,53,42,,,,,
LLYVK,87.87,88.95,92.24,95.42,114.01,101.26,43,37,53,42,,,,,
PEBO,87.87,88.95,92.24,95.42,114.01,101.26,43,37,53,42,,,,,
BK,87.87,88.95,92.24,95.42,114.01,101.26,43,37,53,42,,,,,
AREB,87.87,88.95,92.24,95.42,114.01,101.26,43,37,53,42,,,,,
SYTA,87.87,88.95,92.24,95.42,114.01,101.26,43,37,53,42,,,,,
BGL,87.87,88.95,92.24,95.42,114.01,101.26,43,37,53,42,,,,,
SRPT,87.87,88.95,92.24,95.42,114.01,101.26,43,37,53,42,,,,,
IDN,87.87,88.95,92.24,95.42,114.01,101.26,43,37,53,42,,,,,
ANNX,87.87,88.95,92.24,95.42,114.01,101.26,43,37,53,42,,,,,
PVH,87.87,88.95,92.24,95.42,114.01,101.26,43,37,53,42,,,,,
IDT,87.87,88.95,92.24,95.42,114.01,101.26,43,37,53,42,,,,,
PC,87.87,88.95,92.24,95.42,114.01,101.26,43,37,53,42,,,,,
ROAD,87.87,88.95,92.24,95.42,114.01,101.26,43,37,53,42,,,,,
APA,87.87,88.95,92.24,95.42,114.01,101.26,43,37,53,42,,,,,
RGTI,87.87,88.95,92.24,95.42,114.01,101.26,43,37,53,42,,,,,
TME,87.87,88.95,92.24,95.42,114.01,101.26,43,37,53,42,,,,,
AKAM,87.87,88.95,92.24,95.42,114.01,101.26,43,37,53,42,,,,,
KOSS,87.87,88.95,92.24,95.42,114.01,101.26,43,37,53,42,,,,,
PCAP,87.87,88.95,92.24,95.42,114.01,101.26,43,37,53,42,,,,,
ONTO,87.87,88.95,92.24,95.42,114.01,101.26,43,37,53,42,,,,,
IGC,87.87,88.95,92.24,95.42,114.01,101.26,43,37,53,42,,,,,
AA,87.87,88.95,92.24,95.42,114.01,101.26,43,37,53,42,,,,,
JAMF,87.87,88.95,92.24,95.42,114.01,101.26,43,37,53,42,,,,,
AP,87.87,88.95,92.24,95.42,114.01,101.26,43,37,53,42,,,,,
AMTB,87.87,88.95,92.24,95.42,114.01,101.26,43,37,53,42,,,,,
SKYQ,87.87,88.95,92.24,95.42,114.01,101.26,43,37,53,42,,,,,
THR,87.87,88.95,92.24,95.42,114.01,101.26,43,37,53,42,,,,,
BKYI,87.87,88.95,92.24,95.42,114.01,101.26,43,37,53,42,,,,,
MSC,87.87,88.95,92.24,95.42,114.01,101.26,43,37,53,42,,,,,
TAL,87.87,88.95,92.24,95.42,114.01,101.26,43,37,53,42,,,,,
BSLK,87.87,88.95,92.24,95.42,114.01,101.26,43,37,53,42,,,,,
OCC,87.87,88.95,92.24,95.42,114.01,101.26,43,37,53,42,,,,,
XRTX,87.87,88.95,92.24,95.42,114.01,101.26,43,37,53,42,,,,,
MAPS,87.87,88.95,92.24,95.42,114.01,101.26,43,37,53,42,,,,,
AWX,87.87,88.95,92.24,95.42,114.01,101.26,43,37,53,42,,,,,
PSIX,87.87,88.95,92.24,95.42,114.01,101.26,43,37,53,42,,,,,
ACRS,87.87,88.95,92.24,95.42,114.01,101.26,43,37,53,42,,,,,
FWRD,87.87,88.95,92.24,95.42,114.01,101.26,43,37,53,42,,,,,
MYFW,87.87,88.95,92.24,95.42,114.01,101.26,43,37,53,42,,,,,
MGX,87.87,88.95,92.24,95.42,114.01,101.26,43,37,53,42,,,,,
FTV,87.87,88.95,92.24,95.42,114.01,101.26,43,37,53,42,,,,,
ORGO,87.87,88.95,92.24,95.42,114.01,101.26,43,37,53,42,,,,,
FXNC,87.87,88.95,92.24,95.42,114.01,101.26,43,37,53,42,,,,,
WOOF,87.87,88.95,92.24,95.42,114.01,101.26,43,37,53,42,,,,,
KTTA,87.87,88.95,92.24,95.42,114.01,101.26,43,37,53,42,,,,,
MIAX,87.87,88.95,92.24,95.42,114.01,101.26,43,37,53,42,38.02,0.9,35.47,35.47,0.82
BYND,87.87,88.95,92.24,95.42,114.01,101.26,43,37,53,42,,,,,
OPRX,87.87,88.95,92.24,95.42,114.01,101.26,43,37,53,42,,,,,
DGICA,87.87,88.95,92.24,95.42,114.01,101.26,43,37,53,42,,,,,
RBLX,87.87,88.95,92.24,95.42,114.01,101.26,43,37,53,42,,,,,
RIBBU,87.87,88.95,92.24,95.42,114.01,101.26,43,37,53,42,,,,,
TAP,87.87,88.95,92.24,95.42,114.01,101.26,43,37,53,42,,,,,
AUTL,87.87,88.95,92.24,95.42,114.01,101.26,43,37,53,42,,,,,
THAR,87.87,88.95,92.24,95.42,114.01,101.26,43,37,53,42,,,,,
PEPG,87.87,88.95,92.24,95.42,114.01,101.26,43,37,53,42,,,,,
GTEC,87.87,88.95,92.24,95.42,114.01,101.26,43,37,53,42,,,,,
WOW,87.87,88.95,92.24,95.42,114.01,101.26,43,37,53,42,,,,,
IVT,87.87,88.95,92.24,95.42,114.01,101.26,43,37,53,42,,,,,
ARQ,87.87,88.95,92.24,95.42,114.01,101.26,43,37,53,42,,,,,
ZWS,87.87,88.95,92.24,95.42,114.01,101.26,43,37,53,42,,,,,
AIRJ,87.87,88.95,92.24,95.42,114.01,101.26,43,37,53,42,,,,,
IBM,87.87,88.95,92.24,95.42,114.01,101.26,43,37,53,42,,,,,
DUOT,87.87,88.95,92.24,95.42,114.01,101.26,43,37,53,42,,,,,
SVA,87.87,88.95,92.24,95.42,114.01,101.26,43,37,53,42,6.47,,6.47,6.47,
TPST,87.87,88.95,92.24,95.42,114.01,101.26,43,37,53,42,,,,,
FLYX,87.87,88.95,92.24,95.42,114.01,101.26,43,37,53,42,,,,,
MBAVU,87.87,88.95,92.24,95.42,114.01,101.26,43,37,53,42,,,,,
CEG,87.87,88.95,92.24,95.42,114.01,101.26,43,37,53,42,,,,,
CBNK,87.87,88.95,92.24,95.42,114.01,101.26,43,37,53,42,,,,,
CCII,87.87,88.95,92.24,95.42,114.01,101.26,43,37,53,42,10.1,0.33,10.1,10.1,0.78
MRSN,87.87,88.95,92.24,95.42,114.01,101.26,43,37,53,42,,,,,
CCOI,87.87,88.95,92.24,95.42,114.01,101.26,43,37,53,42,,,,,
OAKUU,87.87,88.95,92.24,95.42,114.01,101.26,43,37,53,42,,,,,
PCG,87.87,88.95,92.24,95.42,114.01,101.26,43,37,53,42,,,,,
APLT,87.87,88.95,92.24,95.42,114.01,101.26,43,37,53,42,,,,,
WSC,87.87,88.95,92.24,95.42,114.01,101.26,43,37,53,42,,,,,
SVRA,87.87,88.95,92.24,95.42,114.01,101.26,43,37,53,42,,,,,
PB,87.87,88.95,92.24,95.42,114.01,101.26,43,37,53,42,,,,,
DLXY,87.87,88.95,92.24,95.42,114.01,101.26,43,37,53,42,5.85,0.88,5.04,5.03,1.95
AHL,87.87,88.95,92.24,95.42,114.01,101.26,43,37,53,42,,,,,
ATLX,87.87,88.95,92.24,95.42,114.01,101.26,43,37,53,42,,,,,
EJH,87.87,88.95,92.24,95.42,114.01,101.26,43,37,53,42,,,,,
CTRA,87.87,88.95,92.24,95.42,114.01,101.26,43,37,53,42,,,,,
DSGN,87.87,88.95,92.24,95.42,114.01,101.26,43,37,53,42,,,,,
WMB,87.87,88.95,92.24,95.42,114.01,101.26,43,37,53,42,,,,,
ECPG,87.87,88.95,92.24,95.42,114.01,101.26,43,37,53,42,,,,,
SION,87.87,88.95,92.24,95.42,114.01,101.26,43,37,53,42,,,,,
XYF,87.87,88.95,92.24,95.42,114.01,101.26,43,37,53,42,,,,,
SAN,87.87,88.95,92.24,95.42,114.01,101.26,43,37,53,42,,,,,
IVF,87.87,88.95,92.24,95.42,114.01,101.26,43,37,53,42,,,,,
PAA,87.87,88.95,92.24,95.42,114.01,101.26,43,37,53,42,,,,,
AGMH,87.87,88.95,92.24,95.42,114.01,101.26,43,37,53,42,,,,,
DTE,87.87,88.95,92.24,95.42,114.01,101.26,43,37,53,42,,,,,
BLMZ,87.87,88.95,92.24,95.42,114.01,101.26,43,37,53,42,,,,,
RGNX,87.87,88.95,92.24,95.42,114.01,101.26,43,37,53,42,,,,,
TLPH,87.87,88.95,92.24,95.42,114.01,101.26,43,37,53,42,,,,,
IPM,87.87,88.95,92.24,95.42,114.01,101.26,43,37,53,42,,,,,
AMKR,87.87,88.95,92.24,95.42,114.01,101.26,43,37,53,42,,,,,
III,87.87,88.95,92.24,95.42,114.01,101.26,43,37,53,42,,,,,
IOTR,87.87,88.95,92.24,95.42,114.01,101.26,43,37,53,42,,,,,
PGAC,87.87,88.95,92.24,95.42,114.01,101.26,43,37,53,42,,,,,
ANTA,87.87,88.95,92.24,95.42,114.01,101.26,43,37,53,42,,,,,
CVGI,87.87,88.95,92.24,95.42,114.01,101.26,43,37,53,42,,,,,
TWFG,87.87,88.95,92.24,95.42,114.01,101.26,43,37,53,42,,,,,
SRL,87.87,88.95,92.24,95.42,114.01,101.26,43,37,53,42,,,,,
AVNT,87.87,88.95,92.24,95.42,114.01,101.26,43,37,53,42,,,,,
KORE,87.87,88.95,92.24,95.42,114.01,101.26,43,37,53,42,,,,,
SNDX,87.87,88.95,92.24,95.42,114.01,101.26,43,37,53,42,,,,,
VSTM,87.87,88.95,92.24,95.42,114.01,101.26,43,37,53,42,,,,,
ISPR,87.87,88.95,92.24,95.42,114.01,101.26,43,37,53,42,,,,,
DKS,87.87,88.95,92.24,95.42,114.01,101.26,43,37,53,42,,,,,
NVCT,87.87,88.95,92.24,95.42,114.01,101.26,43,37,53,42,,,,,
CSBR,87.87,88.95,92.24,95.42,114.01,101.26,43,37,53,42,,,,,
OBA,87.87,88.95,92.24,95.42,114.01,101.26,43,37,53,42,,,,,
JXG,87.87,88.95,92.24,95.42,114.01,101.26,43,37,53,42,,,,,
INFU,87.87,88.95,92.24,95.42,114.01,101.26,43,37,53,42,,,,,
DHT,87.87,88.95,92.24,95.42,114.01,101.26,43,37,53,42,,,,,
DK,87.87,88.95,92.24,95.42,114.01,101.26,43,37,53,42,,,,,
LUD,87.87,88.95,92.24,95.42,114.01,101.26,43,37,53,42,,,,,
CARL,87.87,88.95,92.24,95.42,114.01,101.26,43,37,53,42,,,,,
LSB,87.87,88.95,92.24,95.42,114.01,101.26,43,37,53,42,,,,,
PAGS,87.87,88.95,92.24,95.42,114.01,101.26,43,37,53,42,,,,,
NKTR,87.87,88.95,92.24,95.42,114.01,101.26,43,37,53,42,,,,,
CRSP,87.87,88.95,92.24,95.42,114.01,101.26,43,37,53,42,,,,,
INGN,87.87,88.95,92.24,95.42,114.01,101.26,43,37,53,42,,,,,
IPSC,87.87,88.95,92.24,95.42,114.01,101.26,43,37,53,42,,,,,
LWACU,87.87,88.95,92.24,95.42,114.01,101.26,43,37,53,42,,,,,
NNN,87.87,88.95,92.24,95.42,114.01,101.26,43,37,53,42,,,,,
VNET,87.87,88.95,92.24,95.42,114.01,101.26,43,37,53,42,,,,,
JAKK,87.87,88.95,92.24,95.42,114.01,101.26,43,37,53,42,,,,,
HUHU,87.87,88.95,92.24,95.42,114.01,101.26,43,37,53,42,,,,,
BFIN,87.87,88.95,92.24,95.42,114.01,101.26,43,37,53,42,,,,,
OXY,87.87,88.95,92.24,95.42,114.01,101.26,43,37,53,42,,,,,
GIS,87.87,88.95,92.24,95.42,114.01,101.26,43,37,53,42,,,,,
KVHI,87.87,88.95,92.24,95.42,114.01,101.26,43,37,53,42,,,,,
CARS,87.87,88.95,92.24,95.42,114.01,101.26,43,37,53,42,,,,,
MLSS,87.87,88.95,92.24,95.42,114.01,101.26,43,37,53,42,,,,,
ORLA,87.87,88.95,92.24,95.42,114.01,101.26,43,37,53,42,,,,,
BCS,87.87,88.95,92.24,95.42,114.01,101.26,43,37,53,42,,,,,
KMI,87.87,88.95,92.24,95.42,114.01,101.26,43,37,53,42,,,,,
SRG,87.87,88.95,92.24,95.42,114.01,101.26,43,37,53,42,,,,,
HTZ,87.87,88.95,92.24,95.42,114.01,101.26,43,37,53,42,,,,,
LAES,87.87,88.95,92.24,95.42,114.01,101.26,43,37,53,42,,,,,
ARBB,87.87,88.95,92.24,95.42,114.01,101.26,43,37,53,42,,,,,
ATNI,87.87,88.95,92.24,95.42,114.01,101.26,43,37,53,42,,,,,
WGS,87.87,88.95,92.24,95.42,114.01,101.26,43,37,53,42,,,,,
HOFT,87.87,88.95,92.24,95.42,114.01,101.26,43,37,53,42,,,,,
MREO,87.87,88.95,92.24,95.42,114.01,101.26,43,37,53,42,,,,,
BMHL,87.87,88.95,92.24,95.42,114.01,101.26,43,37,53,42,3.77,0.2,3.96,3.96,0.01
SLAB,87.87,88.95,92.24,95.42,114.01,101.26,43,37,53,42,,,,,
ARTNA,87.87,88.95,92.24,95.42,114.01,101.26,43,37,53,42,,,,,
MTVA,87.87,88.95,92.24,95.42,114.01,101.26,43,37,53,42,,,,,
SPKLU,87.87,88.95,92.24,95.42,114.01,101.26,43,37,53,42,,,,,
SPAI,87.87,88.95,92.24,95.42,114.01,101.26,43,37,53,42,,,,,
YAAS,87.87,88.95,92.24,95.42,114.01,101.26,43,37,53,42,,,,,
SBS,87.87,88.95,92.24,95.42,114.01,101.26,43,37,53,42,,,,,
VELO,87.87,88.95,92.24,95.42,114.01,101.26,43,37,53,42,,,,,
CCB,87.87,88.95,92.24,95.42,114.01,101.26,43,37,53,42,,,,,
CBL,87.87,88.95,92.24,95.42,114.01,101.26,43,37,53,42,,,,,
FLYW,87.87,88.95,92.24,95.42,114.01,101.26,43,37,53,42,,,,,
CSV,87.87,88.95,92.24,95.42,114.01,101.26,43,37,53,42,,,,,
BLIV,87.87,88.95,92.24,95.42,114.01,101.26,43,37,53,42,,,,,
OFLX,87.87,88.95,92.24,95.42,114.01,101.26,43,37,53,42,,,,,
PDLB,87.87,88.95,92.24,95.42,114.01,101.26,43,37,53,42,,,,,
NXDT,87.87,88.95,92.24,95.42,114.01,101.26,43,37,53,42,,,,,
AMLX,87.87,88.95,92.24,95.42,114.01,101.26,43,37,53,42,,,,,
AGNCZ,87.87,88.95,92.24,95.42,114.01,101.26,43,37,53,42,,,,,
PRO,87.87,88.95,92.24,95.42,114.01,101.26,43,37,53,42,,,,,
BASE,87.87,88.95,92.24,95.42,114.01,101.26,43,37,53,42,,,,,
COE,87.87,88.95,92.24,95.42,114.01,101.26,43,37,53,42,,,,,
GSRTU,87.87,88.95,92.24,95.42,114.01,101.26,43,37,53,42,,,,,
WSM,87.87,88.95,92.24,95.42,114.01,101.26,43,37,53,42,,,,,
JOB,87.87,88.95,92.24,95.42,114.01,101.26,43,37,53,42,,,,,
UIS,87.87,88.95,92.24,95.42,114.01,101.26,43,37,53,42,,,,,
GENI,87.87,88.95,92.24,95.42,114.01,101.26,43,37,53,42,,,,,
BLBX,87.87,88.95,92.24,95.42,114.01,101.26,43,37,53,42,,,,,
TMCI,87.87,88.95,92.24,95.42,114.01,101.26,43,37,53,42,,,,,
TTGT,87.87,88.95,92.24,95.42,114.01,101.26,43,37,53,42,,,,,
AUDC,87.87,88.95,92.24,95.42,114.01,101.26,43,37,53,42,,,,,
HYPR,87.87,88.95,92.24,95.42,114.01,101.26,43,37,53,42,,,,,
STNG,87.87,88.95,92.24,95.42,114.01,101.26,43,37,53,42,,,,,
BAC,87.87,88.95,92.24,95.42,114.01,101.26,43,37,53,42,,,,,
INDV,87.87,88.95,92.24,95.42,114.01,101.26,43,37,53,42,,,,,
TCI,87.87,88.95,92.24,95.42,114.01,101.26,43,37,53,42,,,,,
APAD,87.87,88.95,92.24,95.42,114.01,101.26,43,37,53,42,9.92,1.0,9.89,9.89,0.02
GOVX,87.87,88.95,92.24,95.42,114.01,101.26,43,37,53,42,,,,,
ACNB,87.87,88.95,92.24,95.42,114.01,101.26,43,37,53,42,,,,,
DDC,87.87,88.95,92.24,95.42,114.01,101.26,43,37,53,42,,,,,
FAMI,87.87,88.95,92.24,95.42,114.01,101.26,43,37,53,42,,,,,
VANI,87.87,88.95,92.24,95.42,114.01,101.26,43,37,53,42,,,,,
IBCP,87.87,88.95,92.24,95.42,114.01,101.26,43,37,53,42,,,,,
BMA,87.87,88.95,92.24,95.42,114.01,101.26,43,37,53,42,,,,,
MCGAU,87.87,88.95,92.24,95.42,114.01,101.26,43,37,53,42,11.09,0.55,11.17,11.13,0.06
SMTC,87.87,88.95,92.24,95.42,114.01,101.26,43,37,53,42,,,,,
V,87.87,88.95,92.24,95.42,114.01,101.26,43,37,53,42,,,,,
PANL,87.87,88.95,92.24,95.42,114.01,101.26,43,37,53,42,,,,,
GRCE,87.87,88.95,92.24,95.42,114.01,101.26,43,37,53,42,,,,,
AGNCO,87.87,88.95,92.24,95.42,114.01,101.26,43,37,53,42,,,,,
RDZN,87.87,88.95,92.24,95.42,114.01,101.26,43,37,53,42,,,,,
HAL,87.87,88.95,92.24,95.42,114.01,101.26,43,37,53,42,,,,,
EHGO,87.87,88.95,92.24,95.42,114.01,101.26,43,37,53,42,,,,,
REGN,87.87,88.95,92.24,95.42,114.01,101.26,43,37,53,42,,,,,
CF,87.87,88.95,92.24,95.42,114.01,101.26,43,37,53,42,,,,,
NCMI,87.87,88.95,92.24,95.42,114.01,101.26,43,37,53,42,,,,,
KN,87.87,88.95,92.24,95.42,114.01,101.26,43,37,53,42,,,,,
RNST,87.87,88.95,92.24,95.42,114.01,101.26,43,37,53,42,,,,,
ARKR,87.87,88.95,92.24,95.42,114.01,101.26,43,37,53,42,,,,,
VVX,87.87,88.95,92.24,95.42,114.01,101.26,43,37,53,42,,,,,
FOXF,87.87,88.95,92.24,95.42,114.01,101.26,43,37,53,42,,,,,
DMAC,87.87,88.95,92.24,95.42,114.01,101.26,43,37,53,42,,,,,
URI,87.87,88.95,92.24,95.42,114.01,101.26,43,37,53,42,,,,,
PZZA,87.87,88.95,92.24,95.42,114.01,101.26,43,37,53,42,,,,,
CHPG,87.87,88.95,92.24,95.42,114.01,101.26,43,37,53,42,,,,,
PED,87.87,88.95,92.24,95.42,114.01,101.26,43,37,53,42,,,,,
XIFR,87.87,88.95,92.24,95.42,114.01,101.26,43,37,53,42,,,,,
IDR,87.87,88.95,92.24,95.42,114.01,101.26,43,37,53,42,,,,,
OFG,87.87,88.95,92.24,95.42,114.01,101.26,43,37,53,42,,,,,
PG,87.87,88.95,92.24,95.42,114.01,101.26,43,37,53,42,,,,,
CRWD,87.87,88.95,92.24,95.42,114.01,101.26,43,37,53,42,,,,,
VZLA,87.87,88.95,92.24,95.42,114.01,101.26,43,37,53,42,,,,,
CIM,87.87,88.95,92.24,95.42,114.01,101.26,43,37,53,42,,,,,
GGG,87.87,88.95,92.24,95.42,114.01,101.26,43,37,53,42,,,,,
UFPI,87.87,88.95,92.24,95.42,114.01,101.26,43,37,53,42,,,,,
WB,87.87,88.95,92.24,95.42,114.01,101.26,43,37,53,42,,,,,
PATH,87.87,88.95,92.24,95.42,114.01,101.26,43,37,53,42,,,,,
CUZ,87.87,88.95,92.24,95.42,114.01,101.26,43,37,53,42,,,,,
RUBI,87.87,88.95,92.24,95.42,114.01,101.26,43,37,53,42,,,,,
UHG,87.87,88.95,92.24,95.42,114.01,101.26,43,37,53,42,,,,,
CHPGU,87.87,89.27,92.24,95.42,114.01,101.26,43,37,53,42,10.17,0.59,10.16,10.14,0.42
QGEN,87.87,88.95,92.24,95.42,114.01,101.26,43,37,53,42,,,,,
ECG,87.87,88.95,92.24,95.42,114.01,101.26,43,37,53,42,,,,,
MSGY,87.87,88.95,92.24,95.42,114.01,101.26,43,37,53,42,16.0,0.9,11.29,10.91,0.37
NRIX,87.87,88.95,92.24,95.42,114.01,101.26,43,37,53,42,,,,,
DYN,87.87,88.95,92.24,95.42,114.01,101.26,43,37,53,42,,,,,
MTUS,87.87,88.95,92.24,95.42,114.01,101.26,43,37,53,42,,,,,
LYG,87.87,88.95,92.24,95.42,114.01,101.26,43,37,53,42,,,,,
GBFH,87.87,88.95,92.24,95.42,114.01,101.26,43,37,53,42,,,,,
CUB,87.87,88.95,92.24,95.42,114.01,101.26,43,37,53,42,,,,,
EXE,87.87,88.95,92.24,95.42,114.01,101.26,43,37,53,42,,,,,
CPS,87.87,88.95,92.24,95.42,114.01,101.26,43,37,53,42,,,,,
BSAA,87.87,88.95,92.24,95.42,114.01,101.26,43,37,53,42,,,,,
HIT,87.87,88.95,92.24,95.42,114.01,101.26,43,37,53,42,,,,,
CMA,87.87,88.95,92.24,95.42,114.01,101.26,43,37,53,42,,,,,
ETNB,87.87,88.95,92.24,95.42,114.01,101.26,43,37,53,42,,,,,
KVAC,87.87,88.95,92.24,95.42,114.01,101.26,43,37,53,42,,,,,
TXG,87.87,88.95,92.24,95.42,114.01,101.26,43,37,53,42,,,,,
CENTA,87.87,88.95,92.24,95.42,114.01,101.26,43,37,53,42,,,,,
CDRO,87.87,88.95,92.24,95.42,114.01,101.26,43,37,53,42,,,,,
DMAA,87.87,88.95,92.24,95.42,114.01,101.26,43,37,53,42,,,,,
COMP,87.87,88.95,92.24,95.42,114.01,101.26,43,37,53,42,,,,,
CROX,87.87,88.95,92.24,95.42,114.01,101.26,43,37,53,42,,,,,
FVR,87.87,88.95,92.24,95.42,114.01,101.26,43,37,53,42,,,,,
SOCA,87.87,88.95,92.24,95.42,114.01,101.26,43,37,53,42,,,,,
VEEE,87.87,88.95,92.24,95.42,114.01,101.26,43,37,53,42,,,,,
LPAAU,87.87,88.95,92.24,95.42,114.01,101.26,43,37,53,42,,,,,
CMCM,87.87,88.95,92.24,95.42,114.01,101.26,43,37,53,42,,,,,
HCAI,87.87,88.95,92.24,95.42,114.01,101.26,43,37,53,42,,,,,
WTG,87.87,88.95,92.24,95.42,114.01,101.26,43,37,53,42,10.06,1.0,10.04,10.04,0.15
PFSA,87.87,88.95,92.24,95.42,114.01,101.26,43,37,53,42,0.33,0.03,0.66,0.66,0.13
MNDR,87.87,88.95,92.24,95.42,114.01,101.26,43,37,53,42,,,,,
UNFI,87.87,88.95,92.24,95.42,114.01,101.26,43,37,53,42,,,,,
FVRR,87.87,88.95,92.24,95.42,114.01,101.26,43,37,53,42,,,,,
AIP,87.87,88.95,92.24,95.42,114.01,101.26,43,37,53,42,,,,,
RUSHA,87.87,88.95,92.24,95.42,114.01,101.26,43,37,53,42,,,,,
MEDP,87.87,88.95,92.24,95.42,114.01,101.26,43,37,53,42,,,,,
SBRA,87.87,88.95,92.24,95.42,114.01,101.26,43,37,53,42,,,,,
POST,87.87,88.95,92.24,95.42,114.01,101.26,43,37,53,42,,,,,
ALCYU,87.87,88.95,92.24,95.42,114.01,101.26,43,37,53,42,,,,,
DXLG,87.87,88.95,92.24,95.42,114.01,101.26,43,37,53,42,,,,,
IMOS,87.87,88.95,92.24,95.42,114.01,101.26,43,37,53,42,,,,,
NTIP,87.87,88.95,92.24,95.42,114.01,101.26,43,37,53,42,,,,,
LKFN,87.87,88.95,92.24,95.42,114.01,101.26,43,37,53,42,,,,,
ORN,87.87,88.95,92.24,95.42,114.01,101.26,43,37,53,42,,,,,
OKTA,87.87,88.95,92.24,95.42,114.01,101.26,43,37,53,42,,,,,
YYAI,87.87,88.95,92.24,95.42,114.01,101.26,43,37,53,42,,,,,
PKG,87.87,88.95,92.24,95.42,114.01,101.26,43,37,53,42,,,,,
XPL,87.87,88.95,92.24,95.42,114.01,101.26,43,37,53,42,,,,,
RCON,87.87,88.95,92.24,95.42,114.01,101.26,43,37,53,42,,,,,
IAUX,87.87,88.95,92.24,95.42,114.01,101.26,43,37,53,42,,,,,
AROC,87.87,88.95,92.24,95.42,114.01,101.26,43,37,53,42,,,,,
HALO,87.87,88.95,92.24,95.42,114.01,101.26,43,37,53,42,,,,,
LBRT,87.87,88.95,92.24,95.42,114.01,101.26,43,37,53,42,,,,,
ACDC,87.87,88.95,92.24,95.42,114.01,101.26,43,37,53,42,,,,,
GRO,87.87,88.95,92.24,95.42,114.01,101.26,43,37,53,42,,,,,
KKR,87.87,88.95,92.24,95.42,114.01,101.26,43,37,53,42,,,,,
MCRI,87.87,88.95,92.24,95.42,114.01,101.26,43,37,53,42,,,,,
AGNCN,87.87,88.95,92.24,95.42,114.01,101.26,43,37,53,42,,,,,
RCEL,87.87,88.95,92.24,95.42,114.01,101.26,43,37,53,42,,,,,
GPRE,87.87,88.95,92.24,95.42,114.01,101.26,43,37,53,42,,,,,
ZYME,87.87,88.95,92.24,95.42,114.01,101.26,43,37,53,42,,,,,
DAAQ,87.87,88.95,92.24,95.42,114.01,101.26,43,37,53,42,,,,,
RGS,87.87,88.95,92.24,95.42,114.01,101.26,43,37,53,42,,,,,
CERS,87.87,88.95,92.24,95.42,114.01,101.26,43,37,53,42,,,,,
NNNN,87.87,88.95,92.24,95.42,114.01,101.26,43,37,53,42,,,,,
AMRZ,87.87,88.95,92.24,95.42,114.01,101.26,43,37,53,42,50.4,0.42,51.41,51.2,11.3
UCTT,87.87,88.95,92.24,95.42,114.01,101.26,43,37,53,42,,,,,
PHIO,87.87,88.95,92.24,95.42,114.01,101.26,43,37,53,42,,,,,
IKT,87.87,88.95,92.24,95.42,114.01,101.26,43,37,53,42,,,,,
PAVS,87.87,88.95,92.24,95.42,114.01,101.26,43,37,53,42,,,,,
HNVR,87.87,88.95,92.24,95.42,114.01,101.26,43,37,53,42,,,,,
WDH,87.87,88.95,92.24,95.42,114.01,101.26,43,37,53,42,,,,,
SKK,87.87,88.95,92.24,95.42,114.01,101.26,43,37,53,42,,,,,
MLEC,87.87,88.95,92.24,95.42,114.01,101.26,43,37,53,42,,,,,
CRK,87.87,88.95,92.24,95.42,114.01,101.26,43,37,53,42,,,,,
USAR,87.87,88.95,92.24,95.42,114.01,101.26,43,37,53,42,,,,,
TIGR,87.87,88.95,92.24,95.42,114.01,101.26,43,37,53,42,,,,,
MTSI,87.87,88.95,92.24,95.42,114.01,101.26,43,37,53,42,,,,,
PONY,87.87,88.95,92.24,95.42,114.01,101.26,43,37,53,42,,,,,
CRWV,87.87,88.95,92.24,95.42,114.01,101.26,43,37,53,42,,,,,
KOS,87.87,88.95,92.24,95.42,114.01,101.26,43,37,53,42,,,,,
BBT,87.87,88.95,92.24,95.42,114.01,101.26,43,37,53,42,,,,,
CGON,87.87,88.95,92.24,95.42,114.01,101.26,43,37,53,42,,,,,
CRDF,87.87,88.95,92.24,95.42,114.01,101.26,43,37,53,42,,,,,
SBC,87.87,88.95,92.24,95.42,114.01,101.26,43,37,53,42,,,,,
APEI,87.87,88.95,92.24,95.42,114.01,101.26,43,37,53,42,,,,,
DNOW,87.87,88.95,92.24,95.42,114.01,101.26,43,37,53,42,,,,,
SLE,87.87,88.95,92.24,95.42,114.01,101.26,43,37,53,42,,,,,
MANU,87.87,88.95,92.24,95.42,114.01,101.26,43,37,53,42,,,,,
AUB,87.87,88.95,92.24,95.42,114.01,101.26,43,37,53,42,,,,,
BOOM,87.87,88.95,92.24,95.42,114.01,101.26,43,37,53,42,,,,,
INMB,87.87,88.95,92.24,95.42,114.01,101.26,43,37,53,42,,,,,
ING,87.87,88.95,92.24,95.42,114.01,101.26,43,37,53,42,,,,,
ONL,87.87,88.95,92.24,95.42,114.01,101.26,43,37,53,42,,,,,
HIHO,87.87,88.95,92.24,95.42,114.01,101.26,43,37,53,42,,,,,
CRAQU,87.87,88.95,92.24,95.42,114.01,101.26,43,37,53,42,,,,,
MOVE,87.87,88.95,92.24,95.42,114.01,101.26,43,37,53,42,,,,,
KRMD,87.87,88.95,92.24,95.42,114.01,101.26,43,37,53,42,,,,,
LYTS,87.87,88.95,92.24,95.42,114.01,101.26,43,37,53,42,,,,,
LH,87.87,88.95,92.24,95.42,114.01,101.26,43,37,53,42,,,,,
MNTN,87.87,88.95,92.24,95.42,114.01,101.26,43,37,53,42,,,,,
EPOW,87.87,88.95,92.24,95.42,114.01,101.26,43,37,53,42,,,,,
ZYBT,87.87,88.95,92.24,95.42,114.01,101.26,43,37,53,42,,,,,
AEP,87.87,88.95,92.24,95.42,114.01,101.26,43,37,53,42,,,,,
DCTH,87.87,88.95,92.24,95.42,114.01,101.26,43,37,53,42,,,,,
ATLO,87.87,88.95,92.24,95.42,114.01,101.26,43,37,53,42,,,,,
NMAX,87.87,88.95,92.24,95.42,114.01,101.26,43,37,53,42,,,,,
BROS,87.87,88.95,92.24,95.42,114.01,101.26,43,37,53,42,,,,,
KARO,87.87,88.95,92.24,95.42,114.01,101.26,43,37,53,42,,,,,
GPI,87.87,88.95,92.24,95.42,114.01,101.26,43,37,53,42,,,,,
STOK,87.87,88.95,92.24,95.42,114.01,101.26,43,37,53,42,,,,,
REXR,87.87,88.95,92.24,95.42,114.01,101.26,43,37,53,42,,,,,
VSEE,87.87,88.95,92.24,95.42,114.01,101.26,43,37,53,42,,,,,
TLYS,87.87,88.95,92.24,95.42,114.01,101.26,43,37,53,42,,,,,
BRAG,87.87,88.95,92.24,95.42,114.01,101.26,43,37,53,42,,,,,
TYGO,87.87,88.95,92.24,95.42,114.01,101.26,43,37,53,42,,,,,
JBHT,87.87,88.95,92.24,95.42,114.01,101.26,43,37,53,42,,,,,
TNL,87.87,88.95,92.24,95.42,114.01,101.26,43,37,53,42,,,,,
TLIH,87.87,88.95,92.24,95.42,114.01,101.26,43,37,53,42,0.59,0.02,1.41,1.58,0.13
CPHI,87.87,88.95,92.24,95.42,114.01,101.26,43,37,53,42,,,,,
SYNA,87.87,88.95,92.24,95.42,114.01,101.26,43,37,53,42,,,,,
NUS,87.87,88.95,92.24,95.42,114.01,101.26,43,37,53,42,,,,,
DBRG,87.87,88.95,92.24,95.42,114.01,101.26,43,37,53,42,,,,,
BDN,87.87,88.95,92.24,95.42,114.01,101.26,43,37,53,42,,,,,
HLT,87.87,88.95,92.24,95.42,114.01,101.26,43,37,53,42,,,,,
CARM,87.87,88.95,92.24,95.42,114.01,101.26,43,37,53,42,,,,,
PMCB,87.87,88.95,92.24,95.42,114.01,101.26,43,37,53,42,,,,,
BIIB,87.87,88.95,92.24,95.42,114.01,101.26,43,37,53,42,,,,,
WMT,87.87,88.95,92.24,95.42,114.01,101.26,43,37,53,42,,,,,
AZTA,87.87,88.95,92.24,95.42,114.01,101.26,43,37,53,42,,,,,
LHX,87.87,88.95,92.24,95.42,114.01,101.26,43,37,53,42,,,,,
ORKT,87.87,88.95,92.24,95.42,114.01,101.26,43,37,53,42,,,,,
BJDX,87.87,88.95,92.24,95.42,114.01,101.26,43,37,53,42,,,,,
CNOBP,87.87,88.95,92.24,95.42,114.01,101.26,43,37,53,42,,,,,
NOVT,87.87,88.95,92.24,95.42,114.01,101.26,43,37,53,42,,,,,
IZM,87.87,88.95,92.24,95.42,114.01,101.26,43,37,53,42,,,,,
OTEX,87.87,88.95,92.24,95.42,114.01,101.26,43,37,53,42,,,,,
OBAWU,87.87,88.95,92.24,95.42,114.01,101.26,43,37,53,42,,,,,
ANRO,87.87,88.95,92.24,95.42,114.01,101.26,43,37,53,42,,,,,
QLYS,87.87,88.95,92.24,95.42,114.01,101.26,43,37,53,42,,,,,
ASTE,87.87,88.95,92.24,95.42,114.01,101.26,43,37,53,42,,,,,
GAIN,87.87,88.95,92.24,95.42,114.01,101.26,43,37,53,42,,,,,
CRNT,87.87,88.95,92.24,95.42,114.01,101.26,43,37,53,42,,,,,
CATY,87.87,88.95,92.24,95.42,114.01,101.26,43,37,53,42,,,,,
ELV,87.87,88.95,92.24,95.42,114.01,101.26,43,37,53,42,,,,,
ACET,87.87,88.95,92.24,95.42,114.01,101.26,43,37,53,42,,,,,
INVE,87.87,88.95,92.24,95.42,114.01,101.26,43,37,53,42,,,,,
ANIX,87.87,88.95,92.24,95.42,114.01,101.26,43,37,53,42,,,,,
GCTK,87.87,88.95,92.24,95.42,114.01,101.26,43,37,53,42,,,,,
ZEPP,87.87,88.95,92.24,95.42,114.01,101.26,43,37,53,42,,,,,
DHC,87.87,88.95,92.24,95.42,114.01,101.26,43,37,53,42,,,,,
EURKU,87.87,88.95,92.24,95.42,114.01,101.26,43,37,53,42,,,,,
ARX,87.87,88.95,92.24,95.42,114.01,101.26,43,37,53,42,16.32,0.0,24.8,24.8,0.25
MNY,87.87,88.95,92.24,95.42,114.01,101.26,43,37,53,42,,,,,
KYMR,87.87,88.95,92.24,95.42,114.01,101.26,43,37,53,42,,,,,
WAY,87.87,88.95,92.24,95.42,114.01,101.26,43,37,53,42,,,,,
REE,87.87,88.95,92.24,95.42,114.01,101.26,43,37,53,42,,,,,
AMTX,87.87,88.95,92.24,95.42,114.01,101.26,43,37,53,42,,,,,
STXS,87.87,88.95,92.24,95.42,114.01,101.26,43,37,53,42,,,,,
AM,87.87,88.95,92.24,95.42,114.01,101.26,43,37,53,42,,,,,
MSPR,87.87,88.95,92.24,95.42,114.01,101.26,43,37,53,42,,,,,
IXHL,87.87,88.95,92.24,95.42,114.01,101.26,43,37,53,42,,,,,
BOW,87.87,88.95,92.24,95.42,114.01,101.26,43,37,53,42,,,,,
LATAU,87.87,88.95,92.24,95.42,114.01,101.26,43,37,53,42,9.99,,9.99,9.99,1.0
ABTS,87.87,88.95,92.24,95.42,114.01,101.26,43,37,53,42,,,,,
NATH,87.87,88.95,92.24,95.42,114.01,101.26,43,37,53,42,,,,,
TNFA,87.87,88.95,92.24,95.42,114.01,101.26,43,37,53,42,,,,,
HAYW,87.87,88.95,92.24,95.42,114.01,101.26,43,37,53,42,,,,,
SMFG,87.87,88.95,92.24,95.42,114.01,101.26,43,37,53,42,,,,,
UUU,87.87,88.95,92.24,95.42,114.01,101.26,43,37,53,42,,,,,
INR,87.87,88.95,92.24,95.42,114.01,101.26,43,37,53,42,,,,,
SOAR,87.87,88.95,92.24,95.42,114.01,101.26,43,37,53,42,,,,,
OCSL,87.87,88.95,92.24,95.42,114.01,101.26,43,37,53,42,,,,,
EHC,87.87,88.95,92.24,95.42,114.01,101.26,43,37,53,42,,,,,
MA,87.87,88.95,92.24,95.42,114.01,101.26,43,37,53,42,,,,,
MOMO,87.87,88.95,92.24,95.42,114.01,101.26,43,37,53,42,,,,,
BCE,87.87,88.95,92.24,95.42,114.01,101.26,43,37,53,42,,,,,
FMNB,87.87,88.95,92.24,95.42,114.01,101.26,43,37,53,42,,,,,
IBTA,87.87,88.95,92.24,95.42,114.01,101.26,43,37,53,42,,,,,
FAT,87.87,88.95,92.24,95.42,114.01,101.26,43,37,53,42,,,,,
FOUR,87.87,88.95,92.24,95.42,114.01,101.26,43,37,53,42,,,,,
WYFI,87.87,88.95,92.24,95.42,114.01,101.26,43,37,53,42,,,,,
KRNT,87.87,88.95,92.24,95.42,114.01,101.26,43,37,53,42,,,,,
IOT,87.87,88.95,92.24,95.42,114.01,101.26,43,37,53,42,,,,,
AVBC,87.87,88.95,92.24,95.42,114.01,101.26,43,37,53,42,15.7,0.86,15.09,15.09,4.15
FIEE,87.87,88.95,92.24,95.42,114.01,101.26,43,37,53,42,,,,,
HRTX,87.87,88.95,92.24,95.42,114.01,101.26,43,37,53,42,,,,,
CGCT,87.87,88.95,92.24,95.42,114.01,101.26,43,37,53,42,10.03,0.55,10.03,10.03,0.0
FSHP,87.87,88.95,92.24,95.42,114.01,101.26,43,37,53,42,,,,,
KNTK,87.87,88.95,92.24,95.42,114.01,101.26,43,37,53,42,,,,,
NWG,87.87,88.95,92.24,95.42,114.01,101.26,43,37,53,42,,,,,
SENS,87.87,88.95,92.24,95.42,114.01,101.26,43,37,53,42,,,,,
LSCC,87.87,88.95,92.24,95.42,114.01,101.26,43,37,53,42,,,,,
BMGL,87.87,88.95,92.24,95.42,114.01,101.26,43,37,53,42,,,,,
CBIO,87.87,88.95,92.24,95.42,114.01,101.26,43,37,53,42,,,,,
EDU,87.87,88.95,92.24,95.42,114.01,101.26,43,37,53,42,,,,,
PHAT,87.87,88.95,92.24,95.42,114.01,101.26,43,37,53,42,,,,,
UPBD,87.87,88.95,92.24,95.42,114.01,101.26,43,37,53,42,,,,,
WTTR,87.87,88.95,92.24,95.42,114.01,101.26,43,37,53,42,,,,,
DB,87.87,88.95,92.24,95.42,114.01,101.26,43,37,53,42,,,,,
PELI,87.87,88.95,92.24,95.42,114.01,101.26,43,37,53,42,,,,,
GFF,87.87,88.95,92.24,95.42,114.01,101.26,43,37,53,42,,,,,
INTU,87.87,88.95,92.24,95.42,114.01,101.26,43,37,53,42,,,,,
T,87.87,88.95,92.24,95.42,114.01,101.26,43,37,53,42,,,,,
FEAM,87.87,88.95,92.24,95.42,114.01,101.26,43,37,53,42,,,,,
MBIO,87.87,88.95,92.24,95.42,114.01,101.26,43,37,53,42,,,,,
STLA,87.87,88.95,92.24,95.42,114.01,101.26,43,37,53,42,,,,,
GIGM,87.87,88.95,92.24,95.42,114.01,101.26,43,37,53,42,,,,,
HIPO,87.87,88.95,92.24,95.42,114.01,101.26,43,37,53,42,,,,,
ENTG,87.87,88.95,92.24,95.42,114.01,101.26,43,37,53,42,,,,,
HTHT,87.87,88.95,92.24,95.42,114.01,101.26,43,37,53,42,,,,,
APG,87.87,88.95,92.24,95.42,114.01,101.26,43,37,53,42,,,,,
ACVA,87.87,88.95,92.24,95.42,114.01,101.26,43,37,53,42,,,,,
VERO,87.87,88.95,92.24,95.42,114.01,101.26,43,37,53,42,,,,,
ATEX,87.87,88.95,92.24,95.42,114.01,101.26,43,37,53,42,,,,,
MBBC,87.87,88.95,92.24,95.42,114.01,101.26,43,37,53,42,,,,,
CTOS,87.87,88.95,92.24,95.42,114.01,101.26,43,37,53,42,,,,,
BCML,87.87,88.95,92.24,95.42,114.01,101.26,43,37,53,42,,,,,
LOOP,87.87,88.95,92.24,95.42,114.01,101.26,43,37,53,42,,,,,
MDV,87.87,88.95,92.24,95.42,114.01,101.26,43,37,53,42,,,,,
A,87.87,88.95,92.24,95.42,114.01,101.26,43,37,53,42,,,,,
GTY,87.87,88.95,92.24,95.42,114.01,101.26,43,37,53,42,,,,,
PRPH,87.87,88.95,92.24,95.42,114.01,101.26,43,37,53,42,,,,,
HMY,87.87,88.95,92.24,95.42,114.01,101.26,43,37,53,42,,,,,
CLDT,87.87,88.95,92.24,95.42,114.01,101.26,43,37,53,42,,,,,
ZYXI,87.87,88.95,92.24,95.42,114.01,101.26,43,37,53,42,,,,,
IPX,87.87,88.95,92.24,95.42,114.01,101.26,43,37,53,42,,,,,
FCHL,87.87,88.95,92.24,95.42,114.01,101.26,43,37,53,42,,,,,
VALN,87.87,88.95,92.24,95.42,114.01,101.26,43,37,53,42,,,,,
SMPL,87.87,88.95,92.24,95.42,114.01,101.26,43,37,53,42,,,,,
KMRK,87.87,88.95,92.24,95.42,114.01,101.26,43,37,53,42,1.55,0.09,1.69,1.69,0.84
FIGR,87.87,88.95,92.24,95.42,114.01,101.26,43,37,53,42,44.96,1.0,38.1,38.1,0.44
UOKA,87.87,88.95,92.24,95.42,114.01,101.26,43,37,53,42,,,,,
CDRE,87.86,89.16,85.32,93.95,105.07,101.76,26,17,25,62,33.77,0.49,31.69,32.87,2.01
CHAC,87.85,89.06,92.74,95.42,114.01,101.26,26,37,53,42,10.05,0.72,10.04,10.02,0.01
JILL,87.84,89.51,88.07,70.71,70.93,94.99,26,5,5,17,18.02,0.31,16.4,19.38,1.05
ATII,87.84,88.92,92.71,95.42,114.01,101.26,26,37,53,42,10.2,0.82,10.21,10.15,0.11
MFA,87.83,90.74,96.33,93.3,105.78,105.17,26,16,26,67,9.87,0.55,9.69,9.51,3.79
HFFG,87.83,97.45,106.58,101.33,156.74,86.63,26,63,92,11,3.4,0.53,3.2,3.29,3.09
CCAP,87.82,89.74,91.56,85.39,100.55,108.23,26,11,21,70,15.73,0.4,15.02,15.99,0.83
TVAIU,87.8,88.99,92.37,95.42,114.01,101.26,26,37,53,42,10.14,0.79,10.11,10.11,0.0
NHICU,87.79,89.07,94.74,97.02,114.01,101.26,26,57,53,42,10.3,0.36,10.33,10.21,0.0
IPCX,87.77,88.39,92.24,95.42,114.01,101.26,26,37,53,42,10.1,0.09,10.16,10.16,0.76
ZBH,87.76,90.45,96.03,94.45,109.28,103.53,26,18,30,64,100.09,0.44,99.82,101.31,2.63
GMM,87.75,88.34,265.38,249.68,391.7,782.29,26,96,98,99,1.99,0.39,2.42,3.08,0.17
HSTM,87.74,88.35,87.81,85.2,122.16,109.9,26,11,80,72,29.0,0.4,27.26,29.99,2.6
SPH,87.74,91.78,93.18,98.23,125.16,115.07,26,59,82,77,18.22,0.38,18.36,18.81,2.07
BPRN,87.72,91.97,98.06,93.19,100.56,93.74,25,16,21,17,31.91,0.45,32.19,31.48,3.56
AACT,87.7,91.41,95.07,98.49,117.87,104.92,25,60,77,66,11.08,0.38,11.39,11.21,0.89
MSCI,87.67,91.81,92.54,98.68,104.86,103.05,25,60,25,64,559.75,0.45,561.63,568.26,1.51
NHIC,87.66,88.87,92.83,95.42,114.01,101.26,25,37,53,42,10.16,0.79,10.18,10.12,0.0
NLOP,87.65,90.8,98.68,109.67,116.78,116.99,25,72,75,78,29.06,0.73,29.86,28.64,2.03
TKC,87.63,87.63,87.92,89.6,105.6,124.83,25,13,25,83,6.03,0.3,5.79,6.25,2.85
BRZE,87.59,88.49,84.73,77.11,95.3,110.13,25,7,17,72,32.04,0.34,27.91,34.3,2.24
ILMN,87.58,88.47,93.02,95.13,81.82,100.66,25,18,9,23,102.75,0.38,99.76,100.75,2.0
MTX,87.58,89.81,90.44,84.45,88.03,93.69,25,10,12,17,62.92,0.36,61.16,64.28,2.65
RWT,87.58,91.63,95.96,95.02,101.63,100.26,25,18,22,22,6.02,0.51,5.99,5.9,2.66
RRX,87.56,89.41,96.21,107.57,98.52,93.43,25,71,20,16,143.45,0.57,147.54,139.49,1.05
BZH,87.53,94.18,96.31,93.96,83.82,83.59,25,17,10,10,24.91,0.39,24.7,23.84,2.0
GLBE,87.51,87.86,89.56,82.1,99.04,156.35,25,9,20,91,36.83,0.23,33.88,40.56,0.9
FUL,87.49,90.54,90.74,92.38,83.14,78.53,25,16,9,8,60.81,0.37,59.84,59.15,2.33
NRXS,87.48,89.69,89.72,112.39,140.94,100.75,25,75,88,23,2.54,0.39,2.51,2.44,2.46
USPH,87.48,90.08,99.05,98.6,87.27,94.26,25,60,11,17,78.48,0.42,79.74,79.81,1.52
AMPY,87.44,90.7,92.48,89.08,69.67,89.08,25,13,5,13,4.47,0.44,3.84,4.14,0.92
TRU,87.44,91.3,93.7,102.46,98.77,104.92,25,65,20,66,89.9,0.53,91.21,89.26,9.4
GLP,87.42,90.71,98.39,110.53,129.02,122.01,25,73,84,81,49.24,0.48,51.07,51.0,3.96
ADP,87.42,88.84,95.09,105.99,120.34,112.95,25,69,79,75,292.0,0.44,299.98,299.95,2.56
NWGL,87.4,99.87,86.34,107.93,358.61,98.46,25,71,98,21,1.51,0.12,1.22,1.35,0.1
MEOH,87.39,93.55,93.55,86.42,87.26,111.48,25,11,11,73,38.77,0.48,35.05,38.04,0.8
RAAQ,87.39,88.81,92.24,95.42,114.01,101.26,25,37,53,42,10.12,0.75,10.13,10.14,0.1
DOC,87.35,87.49,88.13,86.94,106.43,106.41,25,11,27,68,18.47,0.39,17.61,18.29,2.5
PEP,87.34,87.4,97.27,97.27,103.51,95.73,25,58,24,18,141.76,0.36,143.03,140.83,1.42
STKL,87.34,91.65,98.77,118.15,97.01,118.63,25,79,18,79,6.23,0.6,6.23,6.22,0.88
POOL,87.3,91.19,91.32,90.01,102.54,98.79,25,14,23,21,317.92,0.33,314.69,320.59,3.65
NE,87.29,99.11,97.19,103.51,96.46,78.73,25,66,18,8,28.24,0.6,27.77,26.39,10.16
ZBRA,87.27,91.0,91.2,101.55,88.51,120.05,25,64,12,80,318.54,0.51,321.18,320.11,1.15
LODE,87.27,87.27,90.78,141.18,149.49,239.18,25,89,90,96,3.21,0.19,2.95,3.21,2.28
IPG,87.27,91.12,95.15,91.18,94.11,94.54,25,15,16,17,25.65,0.41,25.58,25.54,2.9
BCSF,87.24,88.88,91.42,94.4,110.04,115.61,25,18,30,77,14.83,0.41,14.87,15.19,2.71
SGA,87.22,92.44,100.85,99.38,98.35,88.43,25,61,19,13,12.02,0.49,12.59,11.83,2.25
GIII,87.22,94.7,96.82,84.75,101.87,101.37,25,10,22,61,26.34,0.37,25.42,27.18,2.61
PEG,87.22,90.59,97.06,101.59,114.86,111.51,25,64,73,73,81.6,0.36,83.84,81.83,1.74
SHEN,87.22,90.46,99.79,102.19,102.5,85.0,25,65,23,11,13.76,0.56,13.68,12.77,3.04
GSBD,87.22,89.51,92.04,97.59,95.17,95.61,25,58,17,18,11.23,0.63,11.41,11.14,1.36
SUZ,87.21,87.86,94.98,95.16,99.47,97.68,25,18,20,20,9.53,0.44,9.52,9.61,0.98
TACHU,87.2,89.13,92.79,95.42,114.01,101.26,25,37,53,42,10.25,0.58,10.23,10.17,0.32
RVLV,87.19,90.47,88.79,91.72,99.87,157.9,25,15,21,91,23.57,0.3,21.84,24.53,0.98
MGY,87.19,91.39,98.58,96.61,107.63,102.58,25,57,28,63,24.02,0.53,23.78,23.25,3.15
BLIN,87.16,87.16,106.11,111.43,161.72,199.53,25,74,92,94,1.33,0.2,1.41,1.55,24.91
ACIC,87.15,88.62,89.8,92.26,109.33,117.16,25,16,30,78,11.2,0.46,10.81,11.53,1.89
INVA,87.13,89.53,100.97,113.47,116.03,100.97,25,76,74,23,19.19,0.44,19.63,18.84,1.98
GSRT,87.13,87.69,93.23,99.7,114.58,101.26,25,61,72,42,10.58,0.5,10.53,10.29,5.91
CNA,87.13,90.78,97.8,96.45,119.91,112.35,25,56,79,74,45.51,0.38,46.37,46.37,6.43
FRT,87.12,89.38,91.85,90.06,97.84,97.57,25,14,19,20,99.62,0.55,96.49,98.32,1.59
MDCX,87.1,87.1,75.82,97.24,186.39,146.31,25,58,94,89,2.77,0.16,2.4,3.17,1.8
ACEL,87.1,89.0,93.42,106.73,111.37,102.66,25,70,32,63,11.06,0.44,11.69,11.26,1.39
AVPT,87.08,88.25,95.79,132.98,154.95,176.33,25,86,91,93,15.67,0.49,16.74,17.14,1.64
DSGX,87.04,90.14,94.09,94.23,106.95,110.17,25,17,27,72,101.85,0.27,102.79,107.47,1.52
CKX,87.02,87.02,96.86,94.65,98.8,92.28,25,18,20,15,11.7,0.39,11.65,11.5,0.32
KO,87.0,87.88,96.25,100.63,127.31,113.59,25,63,83,75,66.43,0.52,68.47,67.43,1.97
WM,86.96,86.96,95.41,104.78,122.38,109.33,25,68,80,71,216.4,0.43,225.27,223.46,1.71
TRC,86.94,89.99,97.96,102.63,110.55,99.78,25,65,31,22,16.26,0.32,17.58,16.54,1.57
CSPI,86.94,86.94,79.67,82.04,119.19,144.96,25,9,78,89,13.31,0.3,11.52,14.6,4.58
PNW,86.94,87.89,96.19,100.17,129.16,116.8,25,62,84,78,86.52,0.5,90.09,88.75,1.44
MBINL,86.93,88.41,90.6,92.55,111.6,100.67,24,16,32,23,23.2,0.54,22.7,23.2,0.33
SRDX,86.92,88.11,102.27,104.49,90.99,102.23,24,67,14,63,32.37,0.42,34.24,32.82,0.86
IRM,86.9,88.19,86.87,104.25,105.21,111.45,24,67,25,73,99.89,0.5,94.38,95.4,2.22
SBXD,86.9,89.44,93.73,101.4,114.49,101.7,24,63,72,62,10.49,0.42,10.55,10.36,0.07
NPAC,86.85,88.39,92.24,95.42,114.01,101.26,24,37,53,42,10.1,0.02,10.13,10.17,0.57
INO,86.84,86.84,92.4,84.45,64.97,47.15,24,10,4,2,2.3,0.18,1.89,2.02,0.66
TPH,86.84,90.91,96.17,92.12,93.25,86.71,24,15,15,11,34.16,0.29,34.19,33.58,3.66
PD,86.84,87.83,90.01,84.98,97.29,93.28,24,10,18,16,16.32,0.31,15.85,16.9,1.11
BHE,86.83,88.53,93.58,92.86,102.63,123.81,24,16,23,82,40.13,0.41,39.58,40.04,6.93
BHC,86.8,100.92,125.87,133.67,94.45,99.74,24,87,16,22,6.73,0.44,6.87,6.52,0.48
RMTI,86.78,101.65,113.84,73.22,87.17,96.75,24,5,11,19,1.33,0.14,1.26,1.43,1.02
WTRG,86.77,88.79,96.27,96.4,121.92,108.58,24,56,80,70,37.02,0.55,38.08,37.39,3.39
ABNB,86.76,86.93,91.09,98.07,101.18,107.61,24,59,22,69,127.04,0.38,129.25,130.68,1.87
NCPL,86.71,90.14,91.7,383.22,151.91,72.51,24,98,91,6,2.42,0.13,2.72,2.51,0.32
RMAX,86.7,94.63,96.6,89.91,92.14,98.11,24,14,14,20,9.77,0.39,8.8,8.99,1.37
TKLF,86.69,86.69,86.82,112.7,116.69,124.49,24,75,75,82,3.8,0.34,3.76,3.6,0.44
OCS,86.69,94.68,103.0,121.89,145.27,163.88,24,81,90,92,16.62,0.43,17.59,18.64,3.06
ZTO,86.68,90.85,96.09,95.94,104.8,104.8,24,56,25,66,18.6,0.23,19.3,18.79,0.99
SSTK,86.67,90.28,85.38,82.03,70.12,86.77,24,9,5,11,21.71,0.38,20.15,21.5,1.97
CLPR,86.65,94.44,98.53,90.67,97.99,121.95,24,14,19,81,4.11,0.27,3.97,3.93,1.11
TCX,86.64,86.93,93.23,122.17,104.52,103.51,24,82,25,64,18.73,0.53,19.26,18.09,4.89
EML,86.64,90.23,86.81,86.64,95.6,100.18,24,11,17,22,25.46,0.44,23.52,24.65,2.63
ILAG,86.62,94.49,128.71,117.89,111.8,137.69,24,79,33,87,0.65,0.37,0.54,0.59,0.2
AOSL,86.62,91.23,97.72,98.22,85.39,133.51,24,59,10,86,28.62,0.38,27.62,29.17,1.98
WTM,86.61,86.61,92.47,93.36,108.38,104.81,24,17,29,66,1769.87,0.25,1792.94,1830.91,1.66
KGS,86.59,90.06,100.89,101.93,128.92,164.16,24,64,84,92,33.26,0.29,33.36,36.52,3.15
EVTL,86.58,86.58,86.28,127.54,112.39,178.58,24,84,33,93,5.73,0.23,5.44,5.64,2.05
PFX,86.57,88.97,94.3,98.22,127.3,123.35,24,59,83,82,48.2,0.36,49.04,49.57,0.0
ACCS,86.56,94.16,109.25,128.13,117.93,93.08,24,84,77,16,10.12,0.45,11.36,10.06,0.73
GLPI,86.55,90.41,93.9,94.69,117.0,110.15,24,18,76,72,46.62,0.53,46.46,46.47,2.62
PDCC,86.53,87.65,91.61,91.62,110.15,103.56,24,15,30,64,16.98,0.43,16.67,17.43,0.4
AVA,86.51,87.04,93.13,98.59,131.52,114.34,24,60,85,76,36.36,0.33,36.76,37.23,1.71
EVEX,86.43,86.43,105.48,194.89,155.66,129.88,24,94,91,85,4.0,0.27,5.24,4.74,5.33
TACO,86.39,88.64,92.24,95.42,114.01,101.26,24,37,53,42,10.24,0.08,10.37,10.37,0.78
FBRT,86.39,89.1,92.02,89.16,111.07,110.32,24,13,32,72,11.26,0.44,11.02,11.39,2.31
PKX,86.37,91.07,105.95,106.74,94.48,95.07,24,70,16,18,50.22,0.36,53.99,47.87,0.84
NYC,86.35,96.86,112.83,141.88,160.59,131.64,24,89,92,85,9.47,0.16,12.18,10.87,7.54
WH,86.35,90.05,91.83,98.76,110.86,125.82,24,60,31,83,83.14,0.21,86.51,90.8,1.39
APLE,86.34,88.28,92.05,88.51,91.31,97.48,24,12,14,20,12.5,0.44,12.34,12.81,2.32
NPACU,86.33,88.17,92.79,95.42,114.01,101.26,24,37,53,42,10.24,0.29,10.27,10.26,0.86
MUR,86.28,91.32,93.56,90.73,86.25,80.75,24,14,11,8,26.54,0.49,24.61,24.97,2.0
LOKVU,86.28,87.3,92.98,99.33,114.01,101.26,24,61,53,42,10.41,0.23,10.63,10.53,0.02
RVSN,86.25,86.47,87.22,76.3,86.6,273.77,24,6,11,97,0.37,0.04,0.38,0.53,0.42
RVSB,86.25,87.58,90.14,106.57,137.98,112.98,24,70,87,75,5.15,0.33,5.13,5.48,2.86
RIG,86.24,88.58,89.73,87.41,83.59,77.36,24,12,10,7,3.32,0.47,3.01,3.1,1.68
WENNU,86.23,88.02,92.61,95.42,114.01,101.26,24,37,53,42,10.45,0.15,10.54,10.56,0.09
MCHPP,86.19,87.66,96.91,115.59,114.01,101.26,24,77,53,42,60.39,0.75,61.7,56.82,0.66
BRFS,86.18,96.52,93.9,96.47,111.84,109.48,24,56,33,71,3.82,0.45,3.7,3.7,2.27
BOX,86.17,86.59,91.14,108.82,120.61,108.48,24,72,79,70,32.17,0.37,32.24,32.51,1.75
AIG,86.16,88.82,98.39,107.0,122.34,116.57,24,70,80,78,76.98,0.45,79.35,78.81,2.98
K,86.15,88.85,91.76,101.18,136.89,123.31,24,63,87,82,77.38,0.02,79.25,80.08,2.37
NCL,86.12,86.12,62.08,79.94,575.71,112.19,24,8,98,74,0.19,0.05,0.16,0.28,2.85
ADUS,86.12,87.16,93.28,99.28,101.56,108.5,24,61,22,70,111.9,0.48,111.63,111.9,2.8
FDBC,86.1,91.26,98.4,100.77,101.38,95.73,24,63,22,18,44.09,0.37,43.23,43.28,2.66
EFX,86.1,89.04,88.83,98.38,106.91,96.65,24,60,27,19,257.58,0.55,248.6,252.32,1.41
OSPN,86.09,90.25,85.49,109.76,112.99,139.78,24,72,33,88,15.71,0.43,14.71,16.19,2.77
ARTV,86.08,86.08,90.04,77.76,65.3,85.83,24,7,4,11,2.88,0.1,2.8,4.2,3.36
DRI,86.03,103.48,107.68,126.05,134.99,120.55,24,83,86,80,184.73,0.45,206.37,198.04,2.83
TDOC,86.02,90.72,88.44,93.15,85.34,124.17,23,16,10,82,7.95,0.18,7.66,8.56,1.04
AMGN,86.02,86.02,95.09,94.29,117.66,113.83,23,18,76,75,285.41,0.45,289.29,283.63,4.03
PPC,86.02,93.34,99.04,110.28,158.76,135.46,23,73,92,87,40.69,0.32,44.82,44.24,1.99
ARLP,86.01,88.56,87.94,104.62,128.03,116.5,23,68,84,77,23.68,0.38,24.67,25.05,0.77
CURB,86.01,87.54,89.96,95.22,112.71,101.43,23,19,33,61,22.47,0.56,22.56,23.06,1.73
WLKP,86.0,88.36,93.35,95.49,117.22,108.83,23,55,76,70,21.14,0.24,21.77,22.15,1.87
LMT,85.99,87.07,86.52,95.37,105.74,98.19,23,19,26,20,472.94,0.34,445.12,457.51,1.61
RNR,85.96,87.22,94.18,96.52,107.4,101.08,23,57,28,23,243.02,0.35,241.36,243.39,3.46
LOKV,85.95,87.81,92.68,95.42,114.01,101.26,23,37,53,42,10.2,0.31,10.28,10.28,0.04
DHIL,85.93,87.8,91.91,100.33,99.95,96.66,23,62,21,19,140.3,0.41,144.42,142.61,2.96
DAAQU,85.89,87.71,92.5,95.42,114.01,101.26,23,37,53,42,10.55,0.32,10.69,10.7,6.62
FVNNU,85.88,90.09,93.95,105.46,113.58,102.78,23,68,34,63,10.5,0.22,10.51,10.42,0.0
APLS,85.86,87.4,111.26,111.31,68.2,84.48,23,74,5,10,23.01,0.33,24.11,24.22,1.27
LBTYA,85.85,88.19,90.81,90.76,76.76,75.43,23,14,7,7,11.76,0.22,11.06,11.08,1.0
SELF,85.82,88.61,94.41,105.8,117.68,109.43,23,69,76,71,5.06,0.42,5.15,5.09,1.0
PBR,85.82,89.84,93.52,100.22,114.65,108.65,23,62,73,70,12.62,0.56,12.45,12.41,0.82
SGU,85.81,87.42,91.1,96.25,137.35,121.6,23,56,87,81,11.43,0.38,11.64,11.85,1.19
BAER,85.79,85.79,100.27,108.39,81.3,98.83,23,71,9,21,1.82,0.29,1.91,1.92,0.86
STAG,85.79,89.4,94.67,99.98,105.36,102.15,23,62,25,63,34.97,0.62,35.54,34.51,2.71
COKE,85.77,91.55,93.32,90.69,138.84,126.35,23,14,88,83,113.22,0.21,115.99,122.19,4.56
VRE,85.73,87.44,90.69,88.42,110.97,101.04,23,12,32,23,15.68,0.43,14.85,15.54,2.42
WMK,85.72,87.73,95.02,102.13,138.06,123.12,23,64,87,82,70.92,0.35,72.87,73.57,8.49
VSTD,85.71,105.24,105.24,188.67,519.14,498.95,23,94,98,98,1.85,0.26,1.71,2.36,0.42
OC,85.71,89.81,92.99,88.52,88.54,101.71,23,12,12,62,145.57,0.24,147.41,152.9,2.09
CPRI,85.71,92.77,94.23,93.66,72.32,78.66,23,17,6,8,20.5,0.26,20.26,19.75,1.16
PECO,85.69,88.08,90.75,96.97,112.26,100.24,23,57,33,22,35.1,0.39,34.5,35.2,1.92
PCH,85.68,88.32,99.01,98.39,112.38,108.92,23,60,33,70,39.86,0.37,41.4,40.67,2.71
DPZ,85.68,91.52,93.7,96.66,119.82,102.6,23,57,79,63,428.71,0.32,455.46,454.7,2.15
DVN,85.67,89.6,96.11,88.83,101.84,92.47,23,13,22,15,33.96,0.49,33.72,33.21,1.84
CWEN,85.65,88.54,101.05,113.23,128.45,119.5,23,75,84,79,28.08,0.51,29.96,28.2,2.17
HUM,85.61,92.9,106.66,100.17,114.08,88.16,23,62,72,12,252.66,0.34,266.96,260.36,2.64
BATRK,85.61,90.37,99.86,111.05,106.99,100.5,23,73,27,23,41.22,0.48,44.25,41.18,3.16
ASAN,85.61,87.43,86.99,91.31,115.56,146.59,23,15,74,89,14.2,0.19,14.15,16.85,1.08
FLNT,85.59,88.03,97.32,85.27,95.5,89.98,23,11,17,13,2.08,0.23,2.2,2.36,0.14
FORM,85.59,87.85,74.88,91.32,86.15,92.68,23,15,11,16,35.23,0.47,31.11,34.06,2.38
CLPS,85.58,89.65,93.9,93.23,118.72,133.89,23,16,78,86,1.07,0.31,0.99,1.07,3.69
RTAC,85.57,87.85,92.24,95.42,114.01,101.26,23,37,53,42,10.86,0.18,11.23,11.32,0.41
HOLX,85.57,88.3,96.61,95.19,90.7,86.08,23,19,14,11,66.33,0.44,66.44,65.13,4.35
FBGL,85.53,91.76,91.92,96.97,114.01,101.26,23,57,53,42,0.69,0.06,0.62,0.74,0.21
ROLR,85.5,89.51,89.51,86.46,104.86,92.57,23,11,25,16,3.02,0.17,2.69,3.41,0.98
VNRX,85.49,96.73,117.68,145.4,107.48,92.75,23,89,28,16,0.68,0.52,0.67,0.61,2.74
LND,85.47,88.01,91.09,92.03,106.75,91.75,23,15,27,15,3.88,0.36,3.81,3.79,0.76
ED,85.47,85.95,95.48,98.23,135.04,118.09,23,59,86,79,96.33,0.41,100.19,99.19,1.73
WDS,85.47,94.22,108.22,109.45,103.36,92.3,23,72,24,15,15.14,0.59,16.76,15.08,1.33
VFC,85.46,90.05,88.95,84.26,95.78,152.34,23,10,17,90,14.44,0.29,13.34,16.32,0.98
SUNS,85.44,91.41,89.21,97.53,95.16,96.2,23,58,17,18,11.1,0.5,10.69,10.95,4.19
STRZ,85.44,85.44,87.45,101.85,114.01,101.26,23,64,53,42,14.41,0.38,14.32,15.04,2.86
BL,85.41,89.72,91.6,103.82,110.0,106.01,23,67,30,67,53.01,0.46,53.68,54.47,2.12
WSR,85.39,88.91,92.38,88.11,115.96,111.17,23,12,74,73,12.73,0.32,12.54,12.96,2.77
LBTYB,85.38,89.65,99.34,98.64,79.51,77.64,23,60,8,7,11.61,0.19,11.24,11.12,5.18
PERF,85.35,96.43,100.78,117.62,98.83,132.51,23,79,20,86,1.96,0.21,2.07,2.08,0.59
TXMD,85.32,86.64,85.56,95.87,116.35,78.13,23,56,75,7,1.09,0.36,1.12,1.12,1.23
ESTA,85.31,87.29,105.01,110.72,96.61,110.03,23,73,18,72,39.46,0.57,40.31,38.27,0.46
CCU,85.31,88.92,93.12,100.16,144.81,134.14,23,62,89,86,11.69,0.32,12.14,12.99,0.85
GBIO,85.31,91.51,96.02,92.41,43.1,43.07,23,16,2,2,5.75,0.11,5.32,6.0,0.2
ADC,85.26,87.89,94.34,102.03,130.56,118.58,23,64,85,79,71.22,0.42,72.49,72.47,1.21
AGM,85.25,91.36,98.49,99.06,105.37,103.55,23,61,25,64,183.6,0.44,186.05,188.16,1.91
EQNR,85.25,88.06,96.67,110.89,113.47,105.11,23,73,34,66,24.15,0.43,24.96,24.05,1.08
SGC,85.22,90.48,102.02,94.44,72.5,97.39,22,18,6,20,11.26,0.26,11.54,12.14,3.3
FATBB,85.2,87.21,92.48,91.72,110.16,132.35,22,15,30,86,2.48,0.11,2.61,2.88,1.08
MTW,85.19,89.08,89.41,136.85,108.1,95.84,22,87,28,18,9.98,0.45,11.03,10.18,2.3
PAGP,85.15,89.68,97.32,100.02,123.12,120.98,22,62,81,80,18.28,0.43,19.02,18.95,0.74
AUNA,85.13,85.13,84.95,82.26,103.95,108.33,22,9,24,70,6.45,0.12,6.3,6.93,2.48
OWL,85.12,88.42,89.0,98.76,108.24,123.69,22,60,29,82,18.9,0.32,19.04,20.05,1.44
BLKB,85.09,90.4,90.4,87.34,91.4,91.19,22,12,14,14,66.51,0.26,65.59,67.61,3.19
RHP,85.06,90.05,92.41,99.69,97.01,92.56,22,61,18,16,95.54,0.48,97.82,97.42,2.74
PFLT,85.05,88.09,93.01,96.7,109.34,106.61,22,57,30,68,9.78,0.54,10.19,10.06,1.94
CBSH,84.93,86.86,90.37,104.26,113.35,110.07,22,67,34,72,59.23,0.36,61.41,62.36,3.05
MSBI,84.88,87.85,89.29,90.32,87.47,97.29,22,14,12,19,17.97,0.29,17.8,18.54,2.08
NKTX,84.88,84.88,95.01,91.6,72.21,48.66,22,15,6,2,2.0,0.16,2.09,2.03,2.98
OSUR,84.87,85.78,92.68,87.65,83.88,82.49,22,12,10,9,3.38,0.48,3.14,3.29,1.67
QSR,84.86,85.07,90.48,96.78,106.75,97.33,22,57,27,19,63.76,0.36,65.63,65.27,1.71
PODC,84.8,88.65,92.76,145.51,121.46,151.1,22,90,80,90,1.82,0.4,1.72,1.96,0.35
OPK,84.79,88.76,87.39,86.57,139.99,139.99,22,11,88,88,1.45,0.35,1.36,1.47,3.87
SFBC,84.78,84.78,89.36,89.8,119.4,112.62,22,13,78,74,47.0,0.28,46.52,49.52,4.13
UONE,84.76,84.76,95.88,109.93,106.18,79.08,22,73,26,8,1.49,0.3,1.64,1.54,0.87
PMT,84.69,87.24,91.45,93.85,118.65,114.36,22,17,77,76,12.1,0.32,12.28,12.45,2.65
GEHC,84.68,87.1,89.09,92.97,98.98,103.17,22,16,20,64,74.91,0.46,74.55,77.04,1.69
BBY,84.66,87.6,90.27,90.24,88.75,106.97,22,14,12,69,72.23,0.4,70.44,73.23,1.59
SGRY,84.65,86.56,89.46,87.44,99.1,100.52,22,12,20,23,21.62,0.17,22.39,22.61,1.17
SLG,84.64,92.03,92.03,102.56,104.55,113.07,22,65,25,75,61.66,0.48,58.36,59.75,2.03
TRT,84.63,84.63,90.76,94.95,106.74,100.93,22,18,27,23,5.51,0.24,5.45,5.66,1.19
NGVC,84.63,90.7,100.95,133.48,205.18,213.36,22,86,95,95,35.93,0.31,38.59,42.1,1.83
TRN,84.61,86.72,90.42,87.37,94.63,117.88,22,12,16,78,28.05,0.31,27.39,29.28,2.33
MTR,84.55,87.96,91.51,92.32,130.18,88.85,22,16,84,13,5.65,0.22,5.63,5.76,0.25
BJ,84.55,88.33,97.65,112.77,152.71,135.39,22,75,91,87,96.03,0.4,102.48,105.62,2.01
SNY,84.53,84.54,91.77,90.73,120.27,122.07,22,14,79,81,47.64,0.29,48.47,49.73,1.66
CEPT,84.52,86.06,89.71,95.42,114.01,101.26,22,37,53,42,10.53,0.12,10.77,10.99,0.09
NMFC,84.49,87.49,90.54,97.35,102.02,99.49,22,58,22,22,9.91,0.57,10.12,10.13,2.47
CTAS,84.49,85.85,94.86,108.83,118.62,105.21,22,72,77,67,200.13,0.41,214.26,208.43,2.36
FFIN,84.48,87.31,94.73,102.14,109.76,105.13,22,65,30,66,34.87,0.35,35.83,35.76,2.69
SOHO,84.46,85.81,84.54,106.07,101.64,73.68,22,69,22,6,0.96,0.4,0.83,0.83,11.25
BG,84.44,90.61,98.66,98.45,98.03,83.31,22,60,19,10,79.17,0.4,80.18,77.16,2.35
OCCI,84.43,87.5,91.34,94.2,108.24,106.41,22,17,29,68,5.72,0.52,5.75,5.92,0.65
FWRG,84.41,94.48,101.81,101.57,126.96,109.43,22,64,83,71,15.94,0.3,17.63,18.01,1.7
HLIT,84.4,87.96,83.99,83.37,86.86,97.52,22,9,11,20,10.21,0.3,9.3,10.18,1.35
GOGO,84.4,98.88,124.98,195.41,175.47,98.55,22,94,94,21,8.88,0.25,12.84,10.06,4.04
TGTX,84.39,89.06,88.85,127.57,210.64,192.88,22,84,96,94,32.37,0.46,32.07,34.35,1.38
CASK,84.39,84.39,77.8,97.02,87.92,93.27,22,57,12,16,0.6,0.07,0.49,0.89,1.83
MVO,84.38,86.93,91.16,86.14,90.49,82.86,22,11,13,9,6.15,0.38,5.86,5.86,0.75
UNP,84.38,84.63,89.25,94.03,103.64,104.85,22,17,24,66,220.61,0.34,221.94,226.77,1.78
AEYE,84.33,86.94,84.04,78.93,79.7,150.11,22,7,8,90,13.23,0.14,12.31,13.72,1.65
HRMY,84.28,85.13,101.01,102.06,106.41,110.56,22,64,26,72,32.54,0.34,35.48,34.29,1.88
BRT,84.25,86.48,87.78,88.51,106.33,109.11,22,12,26,71,16.18,0.35,15.54,16.26,3.15
XTLB,84.2,84.2,88.75,103.76,79.03,101.09,22,66,8,23,1.21,0.16,1.42,1.42,0.13
IPI,84.18,91.85,97.03,134.6,159.81,126.25,22,87,92,83,28.25,0.4,30.99,30.05,1.35
RELX,84.17,85.57,90.78,105.88,124.61,107.03,22,69,82,69,47.03,0.28,49.16,49.66,0.81
REFI,84.17,85.68,92.39,92.6,109.87,108.48,22,16,30,70,13.46,0.24,13.74,14.14,2.16
VEL,84.16,84.75,98.06,97.71,106.7,105.33,22,58,27,67,18.48,0.49,18.18,18.4,4.62
TRGP,84.11,88.05,91.03,99.79,143.64,159.58,22,62,89,91,164.43,0.3,164.99,176.74,2.4
CLOV,84.11,91.83,91.5,118.74,234.72,316.64,22,80,96,97,3.03,0.32,2.81,3.37,1.0
HNI,84.1,84.99,87.95,102.97,99.22,101.08,22,66,20,23,45.52,0.35,46.76,46.76,2.03
RPT,84.07,85.37,89.4,89.95,101.53,100.42,22,14,22,23,2.66,0.35,2.61,2.71,2.18
VNDA,84.05,84.47,93.22,98.66,104.08,106.95,22,60,24,69,4.49,0.37,4.56,4.56,1.32
ALRM,84.04,84.22,91.66,92.15,93.98,95.77,22,16,16,18,55.33,0.31,56.01,58.06,2.27
XBIO,84.01,90.34,90.34,112.49,86.65,105.92,22,75,11,67,3.13,0.36,3.19,3.45,0.58
IP,83.99,86.12,89.86,103.35,117.9,130.35,21,66,77,85,46.43,0.22,48.74,50.05,2.05
PRU,83.96,88.24,92.42,89.89,99.16,97.04,21,13,20,19,103.59,0.34,104.5,106.71,1.83
WLFC,83.96,89.42,97.99,111.36,206.31,276.21,21,74,95,97,145.81,0.22,147.03,164.07,2.63
DOX,83.95,85.22,92.19,103.79,111.2,106.79,21,66,32,68,83.79,0.28,86.57,87.24,1.3
TNON,83.9,84.65,86.07,85.35,113.99,43.74,21,11,34,2,1.26,0.09,1.24,1.38,0.03
ICFI,83.88,87.2,92.52,81.98,76.87,81.09,21,9,7,8,95.19,0.18,93.01,96.95,1.21
NEN,83.87,85.06,87.79,94.02,124.42,110.54,21,17,82,72,72.5,0.24,71.82,75.29,0.0
ABEO,83.87,97.55,113.75,116.65,142.66,103.69,21,78,89,65,5.38,0.39,6.55,5.85,2.12
PDFS,83.82,83.82,82.29,90.78,72.24,82.88,21,14,6,9,22.01,0.33,21.19,22.45,2.03
UNB,83.81,83.81,88.94,98.96,133.93,115.14,21,60,86,77,26.27,0.19,26.65,29.2,7.34
ICLR,83.8,87.3,94.76,94.76,71.25,75.42,21,18,5,7,174.0,0.27,169.72,171.95,1.34
SAM,83.79,84.27,82.02,79.11,97.05,95.75,21,7,18,18,223.24,0.27,214.25,237.42,1.12
EG,83.78,87.75,91.68,89.66,104.13,98.85,21,13,24,21,335.38,0.14,336.62,345.27,3.23
FHTX,83.77,85.64,99.65,122.38,92.55,84.99,21,82,15,10,5.02,0.27,5.39,4.79,2.72
BCPC,83.74,83.74,88.58,91.78,108.04,102.9,21,15,28,63,156.52,0.23,157.7,162.59,3.72
CENT,83.74,86.58,91.79,101.74,104.57,94.86,21,64,25,17,34.87,0.22,37.48,36.81,5.52
MYGN,83.73,83.73,81.01,75.65,53.55,67.22,21,6,3,5,7.77,0.16,5.76,8.59,1.46
SKY,83.73,87.28,86.89,72.74,118.57,115.24,21,5,77,77,74.41,0.29,70.65,83.33,2.78
KMB,83.72,84.66,90.52,93.43,117.89,111.02,21,17,77,73,124.62,0.15,128.75,131.04,2.87
FLR,83.7,83.7,89.88,120.31,111.0,106.81,21,81,32,68,44.6,0.49,45.64,44.1,2.64
EVTC,83.69,84.21,96.08,98.18,109.16,106.54,21,59,29,68,33.67,0.3,34.73,34.91,2.64
NVEC,83.68,87.16,86.15,107.0,99.66,103.15,21,70,20,64,66.14,0.45,66.56,68.0,2.61
TGLS,83.61,85.9,90.46,115.33,133.03,138.7,21,77,86,88,70.09,0.29,74.24,75.99,1.96
PRFX,83.61,83.61,156.52,156.52,150.17,626.45,21,91,90,98,1.48,0.1,1.47,2.33,0.07
AIRO,83.59,88.39,92.24,95.42,114.01,101.26,21,37,53,42,19.53,0.04,22.31,22.75,1.81
CCCS,83.57,87.98,91.29,90.94,85.98,95.88,21,14,11,18,9.54,0.28,9.73,9.94,2.58
LBTYK,83.57,85.93,89.76,88.59,76.72,75.35,21,12,7,7,11.89,0.2,11.24,11.41,2.32
PSO,83.55,84.46,88.32,97.39,125.07,126.12,21,58,82,83,13.98,0.21,14.36,15.38,1.0
CAAP,83.55,93.72,107.39,105.19,118.23,109.83,21,68,77,71,18.0,0.32,20.32,19.59,2.05
WTI,83.55,86.75,99.7,118.22,127.22,83.3,21,79,83,10,1.76,0.41,1.75,1.61,2.83
PR,83.52,89.03,99.44,101.19,101.74,100.66,21,63,22,23,13.25,0.56,13.56,13.42,1.69
ANL,83.46,84.27,83.11,70.59,84.42,87.64,21,5,10,12,1.77,0.17,1.63,1.9,1.33
SIBN,83.46,87.39,93.47,127.15,126.58,120.94,21,84,83,80,14.6,0.32,16.32,16.13,2.03
RAMP,83.45,83.45,88.2,112.79,113.69,113.27,21,75,34,75,27.59,0.33,29.19,29.93,2.24
CHKP,83.44,84.71,85.77,108.37,134.94,129.64,21,71,86,85,197.79,0.44,198.09,208.83,2.35
CDLR,83.44,84.99,97.04,92.12,101.86,92.67,21,15,22,16,20.92,0.32,21.09,20.74,0.86
ESAB,83.41,83.72,90.29,106.77,113.18,117.28,21,70,34,78,110.45,0.27,119.22,121.35,2.83
CSAN,83.4,83.59,79.44,75.44,88.31,70.5,21,6,12,5,5.66,0.3,4.55,5.18,0.72
IMRN,83.36,88.0,90.69,89.88,94.74,97.48,21,13,16,20,1.9,0.25,1.78,1.85,0.14
BLFY,83.36,88.88,88.08,95.22,108.84,95.93,21,19,29,18,9.12,0.25,9.1,9.44,4.93
EOG,83.33,88.93,97.5,98.92,107.96,103.48,21,60,28,64,116.0,0.41,119.33,119.8,2.44
S,83.31,83.31,81.95,87.41,89.8,91.7,21,12,13,15,19.1,0.26,17.85,19.8,1.42
MIDD,83.22,84.2,88.94,101.63,113.34,114.24,21,64,34,76,134.85,0.3,138.29,145.07,2.02
DEFT,83.22,92.21,88.74,130.6,156.91,124.57,21,85,92,83,2.52,0.37,2.58,2.83,3.09
AFYA,83.21,83.21,83.69,100.81,122.37,108.8,21,63,80,70,15.82,0.36,15.03,16.6,0.47
AAT,83.2,84.49,86.46,92.01,88.94,104.86,21,15,12,66,20.75,0.39,19.87,20.7,2.41
OPCH,83.19,84.39,89.14,102.38,141.17,126.94,21,65,88,84,28.31,0.49,28.86,30.17,1.92
DXYZ,83.17,87.12,94.84,180.81,242.31,504.0,21,93,96,98,26.19,0.26,29.51,41.08,0.82
PSBD,83.11,86.0,91.58,95.76,97.33,99.94,21,55,18,22,13.47,0.52,13.87,13.89,2.46
ANF,83.11,84.07,90.19,96.69,68.82,117.01,21,57,5,78,90.9,0.25,94.84,98.33,1.37
SAGT,83.08,88.79,84.02,90.81,114.01,101.26,21,14,53,42,2.37,0.17,2.1,2.67,0.16
EPRT,83.08,83.9,92.2,101.75,118.93,109.29,21,64,78,71,30.15,0.38,30.6,31.21,2.43
BOWN,82.95,102.89,109.42,115.21,207.88,95.25,21,77,95,18,9.19,0.54,9.21,8.7,0.0
UDMY,82.94,86.36,84.65,94.62,101.22,108.99,21,18,22,70,7.25,0.34,7.02,7.55,1.24
EPAC,82.92,88.05,90.76,96.56,117.44,111.61,21,57,76,73,41.02,0.28,40.64,42.69,3.61
TXN,82.91,85.18,98.78,113.73,101.32,98.51,21,76,22,21,179.37,0.47,194.09,185.29,2.19
IR,82.91,83.33,83.78,94.88,89.13,92.0,21,18,12,15,81.61,0.39,81.28,84.15,4.05
AMSF,82.87,84.71,89.1,88.2,121.91,109.81,20,12,80,71,43.89,0.11,44.85,47.42,5.27
RLJ,82.87,85.28,86.75,87.79,90.41,94.54,20,12,13,17,7.67,0.37,7.55,8.08,1.92
INCR,82.87,89.79,99.31,96.1,92.63,94.4,20,56,15,17,1.46,0.35,1.57,1.54,5.22
ATOS,82.83,84.06,78.11,100.21,94.63,77.16,20,62,16,7,0.85,0.25,0.82,0.84,0.86
NABL,82.81,83.18,84.58,81.99,82.43,82.15,20,9,9,9,8.2,0.29,7.98,8.31,1.75
BKV,82.8,89.76,99.72,109.92,104.25,105.51,20,73,24,67,21.37,0.52,21.55,21.72,3.56
VRM,82.78,90.06,100.78,100.79,114.01,101.26,20,63,53,42,27.46,0.31,27.41,28.63,2.24
BDX,82.77,83.74,90.45,89.82,101.13,101.73,20,13,22,62,187.04,0.29,186.47,200.76,1.11
BBGI,82.76,82.76,77.81,57.3,62.94,70.01,20,3,4,5,5.87,0.21,4.56,6.06,0.21
RLGT,82.75,96.09,91.43,93.23,107.41,114.26,20,16,28,76,5.95,0.18,6.17,6.37,5.59
TSN,82.75,84.02,90.36,91.36,116.68,105.69,20,15,75,67,53.59,0.16,54.89,56.62,1.41
REPX,82.7,90.04,99.02,93.78,105.14,126.28,20,17,25,83,26.64,0.33,27.22,28.37,1.43
MBUU,82.7,85.71,106.01,100.87,87.48,89.15,20,63,12,13,32.08,0.34,34.35,33.74,2.18
HKPD,82.69,88.95,105.66,101.48,123.3,101.26,20,64,81,42,1.33,0.23,1.24,1.4,0.02
ANDE,82.67,88.81,93.18,88.77,95.7,92.07,20,12,17,15,38.63,0.41,38.44,39.36,10.08
ACGL,82.61,85.95,91.63,90.42,106.25,100.41,20,14,26,23,88.4,0.14,89.7,91.69,1.81
DOV,82.6,84.0,88.55,97.65,98.1,102.81,20,58,19,63,171.34,0.39,179.53,182.81,1.43
LUCK,82.57,88.55,97.25,97.9,89.28,99.56,20,59,13,22,9.58,0.36,10.07,9.88,3.94
MRVL,82.56,82.9,94.88,104.05,91.68,155.79,20,67,14,91,74.26,0.33,72.64,80.77,1.6
SKWD,82.55,84.58,89.52,126.12,142.63,123.06,20,83,89,81,47.37,0.3,49.72,52.12,1.77
SAIC,82.54,84.62,100.64,91.62,106.89,93.17,20,15,27,16,103.87,0.15,112.8,111.6,2.32
OPHC,82.52,82.64,86.34,96.89,101.12,100.0,20,57,22,22,4.21,0.32,4.36,4.44,2.68
LGCB,82.51,92.94,87.27,91.35,79.66,73.79,20,15,8,6,2.39,0.1,2.44,2.44,0.28
QNST,82.5,85.5,81.88,81.99,100.16,134.98,20,9,21,86,16.69,0.2,15.8,18.13,2.05
COP,82.49,86.66,95.96,89.14,101.89,96.15,20,13,22,18,91.92,0.36,94.11,93.88,2.37
WKC,82.49,84.43,89.01,101.76,107.25,108.87,20,64,28,70,26.4,0.44,26.71,27.16,5.0
EBF,82.47,82.93,87.21,90.07,110.42,111.88,20,14,31,74,18.14,0.25,18.14,19.1,2.71
ZBAI,82.45,98.16,67.08,56.96,135.81,218.98,20,3,87,95,8.9,0.11,7.28,14.53,0.14
UBXG,82.44,114.24,302.44,291.6,349.19,472.32,20,97,98,98,1.92,0.4,2.96,3.34,0.57
DYAI,82.42,82.42,73.24,83.31,96.78,137.15,20,9,18,87,1.07,0.26,0.96,1.24,1.62
DTSS,82.4,89.96,92.05,93.07,94.39,82.25,20,16,16,9,2.08,0.26,2.02,2.12,0.53
NSPR,82.39,82.39,89.11,95.45,118.86,132.82,20,55,78,86,2.45,0.17,2.45,2.62,0.51
ESOA,82.34,83.07,88.63,107.96,114.94,188.89,20,71,73,94,10.18,0.21,10.06,10.66,1.37
CLFD,82.33,85.18,88.29,125.54,117.23,108.22,20,83,76,70,33.97,0.43,36.81,34.67,1.09
MTLS,82.32,85.15,84.62,104.36,103.03,144.67,20,67,23,89,5.29,0.21,5.27,5.98,0.93
CNR,82.31,83.72,85.73,83.52,83.07,103.99,20,9,9,65,76.02,0.18,74.59,80.22,1.53
UGRO,82.29,97.14,97.09,63.47,57.42,72.7,20,4,3,6,0.52,0.14,0.44,0.61,0.02
HUBG,82.29,86.84,86.58,84.48,87.47,96.73,20,10,12,19,35.64,0.21,35.73,37.84,3.17
KHC,82.26,82.26,87.91,87.28,103.09,99.0,20,12,23,21,26.42,0.13,27.11,27.84,2.05
NECB,82.25,82.25,89.88,101.67,118.53,121.06,20,64,77,80,21.42,0.15,21.74,22.86,3.31
XWEL,82.24,91.54,91.14,105.7,73.59,84.27,20,69,6,10,1.12,0.33,1.11,1.09,1.11
LLY,82.24,82.54,83.54,88.22,114.43,109.05,20,12,72,71,751.99,0.42,738.98,783.13,1.52
CEPO,82.23,83.95,88.3,115.59,114.01,101.26,20,77,53,42,10.38,0.06,11.05,10.98,0.13
SLNO,82.18,86.02,115.41,170.21,174.14,108.82,20,93,94,70,54.74,0.27,74.17,64.27,2.39
INMD,82.17,84.95,85.75,85.82,102.76,102.9,20,11,23,63,14.7,0.23,14.51,15.98,1.52
WDAY,82.16,82.8,83.4,92.35,107.59,100.12,20,16,28,22,233.62,0.33,228.51,245.72,1.73
IAC,82.13,87.31,88.41,99.94,103.25,100.0,20,62,24,22,36.23,0.28,37.38,36.74,1.58
NCDL,82.12,85.45,94.0,101.28,110.37,107.56,20,63,31,69,15.03,0.27,16.12,15.91,2.29
BYRN,82.12,83.6,98.79,193.05,182.58,260.34,20,94,94,96,21.21,0.36,21.03,24.3,1.2
RMR,82.11,87.0,91.51,88.2,83.21,83.75,20,12,9,10,16.57,0.31,16.69,16.61,1.64
OTIS,82.08,82.88,85.44,94.28,113.81,106.7,20,18,34,68,89.16,0.24,89.41,94.56,1.92
AHCO,82.07,86.99,94.79,94.48,110.5,111.16,20,18,31,73,8.89,0.39,9.3,9.43,2.43
VSH,82.06,84.34,88.94,108.49,89.9,92.65,20,71,13,16,15.36,0.58,15.69,15.65,2.84
RGA,82.03,85.28,86.92,93.09,99.65,104.01,20,16,20,65,186.56,0.32,190.52,198.15,2.88
KBDC,82.02,87.03,90.97,97.9,111.57,105.88,20,59,32,67,14.27,0.05,15.31,15.52,4.17
CLAR,82.0,86.12,93.09,85.19,79.1,89.29,20,11,8,13,3.7,0.32,3.6,3.87,1.2
SDGR,81.97,82.45,88.75,100.14,141.78,112.74,20,62,89,75,19.45,0.25,20.03,21.75,1.1
ULBI,81.95,83.05,96.46,129.38,107.82,83.28,20,85,28,10,7.06,0.52,7.49,6.85,1.39
KSPI,81.93,83.15,88.91,92.87,89.63,93.26,19,16,13,16,88.0,0.29,88.65,91.74,0.75
PRTH,81.91,88.86,105.1,112.77,145.46,251.6,19,75,90,96,7.3,0.31,7.52,8.36,3.2
OMER,81.88,84.3,95.13,95.13,190.06,292.59,19,18,95,97,4.18,0.13,4.03,6.36,1.71
DOLE,81.83,83.86,95.03,96.75,119.44,108.67,19,57,78,70,13.5,0.29,14.12,13.97,1.53
IBO,81.81,96.16,95.24,95.33,168.97,108.37,19,19,93,70,0.68,0.07,0.63,1.07,0.93
NRDY,81.8,82.26,96.56,109.18,137.19,158.89,19,72,87,91,1.37,0.48,1.42,1.58,2.53
STRA,81.8,85.27,86.53,90.36,97.73,95.21,19,14,19,18,82.01,0.31,79.17,85.65,2.82
FCBC,81.79,85.53,89.11,100.58,118.28,107.17,19,63,77,69,36.38,0.15,37.56,38.51,4.01
RAND,81.77,85.9,93.81,103.47,152.06,207.61,19,66,91,95,14.7,0.15,16.33,17.95,0.55
NICE,81.72,81.72,77.63,95.92,105.01,86.67,19,56,25,11,153.44,0.36,147.7,159.87,0.63
IPHA,81.72,96.02,103.78,103.78,119.75,117.32,19,66,78,78,1.87,0.27,2.06,1.99,0.96
CXM,81.69,83.68,94.21,103.3,98.2,103.07,19,66,19,64,7.79,0.36,8.45,8.46,2.01
OZ,81.68,84.64,88.11,96.35,111.69,117.91,19,56,33,78,64.0,0.25,63.71,65.4,1.57
CCI,81.67,84.44,96.65,102.69,118.6,106.01,19,65,77,67,93.6,0.39,100.79,96.25,1.49
CNXN,81.67,85.69,89.22,94.21,105.58,99.43,19,17,25,22,62.75,0.24,63.52,65.53,3.28
TRUP,81.66,86.36,101.4,141.42,136.52,141.21,19,89,87,88,45.19,0.53,47.39,45.37,1.34
RRC,81.65,88.97,91.03,117.48,123.0,121.3,19,79,81,81,34.5,0.37,35.11,36.82,2.03
EIX,81.65,83.92,83.78,83.62,92.92,96.77,19,10,15,19,55.64,0.22,54.15,56.95,1.64
EXR,81.63,84.97,85.55,93.52,102.16,100.55,19,17,23,23,139.32,0.3,141.89,144.7,1.83
WVVI,81.63,95.67,97.15,123.55,181.02,165.74,19,82,94,92,4.14,0.3,4.69,5.19,0.92
AIV,81.6,82.8,86.76,99.84,114.46,114.63,19,62,72,76,7.85,0.32,8.1,8.32,1.27
CMCT,81.6,81.6,76.06,120.94,86.74,139.89,19,81,11,88,7.28,0.09,7.05,9.78,0.03
BXSL,81.59,85.26,92.11,103.36,112.17,112.15,19,66,33,74,27.71,0.22,30.32,30.47,5.28
NUVL,81.56,87.03,90.1,102.3,98.17,99.52,19,65,19,22,76.67,0.36,78.62,77.78,2.19
MTEX,81.52,89.62,95.38,106.56,134.69,180.34,19,70,86,93,8.83,0.21,8.58,10.16,1.22
ALKS,81.5,83.75,89.47,100.38,123.88,124.77,19,62,81,83,27.79,0.2,28.03,30.21,1.66
MBAV,81.48,85.16,94.55,114.49,115.44,101.87,19,77,74,62,10.53,0.15,10.61,10.54,0.91
EQR,81.47,83.65,85.51,94.08,110.21,105.02,19,17,30,66,65.05,0.27,65.28,67.94,2.41
ALSN,81.45,81.82,81.04,96.26,110.29,134.27,19,56,31,86,88.3,0.12,88.25,98.56,2.21
AMS,81.43,81.43,84.39,81.86,107.84,104.62,19,8,28,66,2.53,0.16,2.51,2.76,5.21
IROH,81.41,92.4,108.61,111.86,117.46,104.79,19,74,76,66,10.15,0.64,10.48,10.39,0.14
DDI,81.39,82.16,82.15,82.92,96.41,86.71,19,9,18,11,9.47,0.15,9.55,10.03,1.26
MAYS,81.39,85.54,88.42,92.29,101.16,91.34,19,16,22,14,38.0,0.2,38.18,39.3,4.05
EHAB,81.38,81.38,85.84,106.96,126.92,104.92,19,70,83,66,8.18,0.39,7.44,8.35,1.95
PSA,81.34,83.46,87.06,92.52,108.99,102.55,19,16,29,63,279.0,0.2,283.96,290.43,2.6
PYPL,81.27,82.97,86.68,100.83,98.46,121.32,19,63,20,81,68.22,0.31,70.15,74.05,1.71
PSQH,81.25,81.25,82.21,90.37,94.54,129.82,19,14,16,85,2.29,0.12,1.98,2.67,1.7
CPT,81.25,82.33,85.64,95.03,113.85,109.17,19,18,34,71,107.95,0.2,109.8,113.69,1.98
AXTA,81.24,83.32,85.78,83.51,97.78,98.55,19,9,19,21,30.27,0.18,30.22,32.85,1.56
MSDL,81.22,83.42,86.96,93.37,106.43,103.54,19,17,27,64,17.52,0.06,18.31,19.04,1.28
LNW,81.19,85.83,92.08,101.56,108.31,107.3,19,64,29,69,87.28,0.27,91.63,91.39,1.06
RPAY,81.16,86.52,88.28,90.47,68.4,81.15,19,14,5,8,5.45,0.33,5.41,5.84,1.43
SXC,81.11,81.69,81.15,88.55,103.39,109.36,19,12,24,71,7.92,0.16,7.81,8.82,1.53
PESI,81.09,85.65,111.99,120.92,108.73,99.37,19,81,29,21,9.14,0.29,11.21,9.96,1.83
GSUN,81.09,81.39,81.19,81.09,111.45,75.26,19,8,32,7,2.98,0.18,2.71,2.93,0.69
GPOR,81.08,89.98,93.85,117.57,122.18,122.1,19,79,80,81,167.28,0.43,172.59,180.11,3.93
MRT,81.05,85.95,87.86,115.83,212.82,288.47,19,78,96,97,2.34,0.25,2.53,2.98,2.03
BMR,81.04,85.02,98.53,105.03,123.52,163.62,19,68,81,92,3.02,0.28,3.03,3.08,0.39
MGLD,81.03,92.73,95.52,82.91,86.96,142.31,19,9,11,89,1.07,0.28,0.89,1.05,3.38
LII,81.01,85.66,93.24,105.2,105.19,112.96,19,68,25,75,539.64,0.2,589.81,589.37,0.98
IBRX,81.01,85.68,67.48,84.29,90.04,75.1,19,10,13,7,2.73,0.2,2.56,2.84,2.1
TBBB,81.0,85.87,87.4,97.12,115.04,106.14,19,58,73,68,25.49,0.14,25.87,27.54,0.69
GHG,81.0,85.76,85.76,94.69,102.66,106.91,19,18,23,69,2.14,0.15,2.21,2.34,0.49
CHYM,80.99,80.99,92.24,95.42,114.01,101.26,19,37,53,42,23.75,0.05,28.89,29.83,2.08
MAA,80.98,81.64,85.16,92.79,122.05,115.19,19,16,80,77,140.86,0.08,144.3,151.53,1.89
TRI,80.97,85.6,92.21,115.29,124.11,104.77,19,77,81,66,162.51,0.16,184.49,178.73,1.84
VMD,80.97,82.17,91.05,91.64,98.07,96.74,19,15,19,19,6.73,0.22,6.74,7.27,1.08
TYL,80.96,81.87,88.67,99.23,117.01,112.08,18,61,76,74,534.32,0.1,563.13,578.81,2.91
CNH,80.96,82.31,96.66,115.59,116.8,121.05,18,77,75,80,10.97,0.28,12.2,12.21,1.94
ESS,80.94,81.71,85.83,95.14,115.89,110.65,18,18,74,72,267.55,0.27,268.83,279.61,1.71
SAFT,80.91,82.65,85.79,97.53,110.58,99.57,18,58,31,22,71.59,0.2,71.78,75.76,2.02
BCBP,80.88,83.73,86.82,82.07,98.86,98.37,18,9,20,20,8.67,0.21,8.6,9.29,2.12
ON,80.83,82.96,87.97,113.2,89.96,83.01,18,75,13,9,51.07,0.45,52.42,50.66,2.03
PAYX,80.78,83.86,89.31,106.44,123.97,119.27,18,70,81,79,130.0,0.04,139.02,143.88,3.51
FSP,80.77,87.14,86.8,100.1,106.39,99.35,18,62,26,21,1.63,0.31,1.65,1.73,3.05
IMNM,80.76,84.59,95.5,100.51,79.69,78.68,18,62,8,8,9.39,0.39,9.99,9.51,2.54
PHR,80.75,86.8,124.31,110.68,123.42,124.26,18,73,81,82,23.87,0.4,27.46,26.41,1.73
RGEN,80.71,82.31,84.78,93.77,99.35,102.92,18,17,20,64,122.3,0.21,119.94,135.81,1.26
PLMR,80.7,83.6,95.32,142.55,174.25,144.72,18,89,94,89,115.84,0.31,125.86,131.32,1.18
WLY,80.67,91.88,90.48,96.93,109.17,115.64,18,57,29,77,40.32,0.24,40.03,41.61,1.54
KMT,80.66,81.93,85.6,104.04,92.24,92.52,18,67,14,15,20.99,0.29,22.33,22.11,1.52
CBT,80.65,81.68,87.99,84.79,93.56,88.15,18,10,15,12,77.51,0.14,77.91,81.48,2.36
ACRE,80.64,81.63,90.91,91.66,85.74,82.72,18,15,11,9,4.8,0.41,4.61,4.78,1.63
CUBE,80.63,82.55,86.15,92.57,101.02,93.8,18,16,22,17,40.2,0.29,40.55,41.14,1.72
HP,80.58,84.14,90.41,71.88,81.4,93.25,18,5,9,16,20.54,0.27,18.07,22.41,1.45
ELS,80.58,82.43,84.55,90.11,113.28,102.77,18,14,34,63,60.56,0.16,60.64,63.66,2.54
SAIA,80.56,85.44,84.12,83.62,82.76,100.18,18,10,9,22,310.04,0.22,302.97,358.13,0.68
DCBO,80.54,83.4,86.04,82.5,77.85,96.01,18,9,7,18,30.0,0.16,30.61,33.84,0.81
BMRA,80.52,86.84,92.08,111.12,185.06,212.73,18,74,94,95,2.88,0.12,3.19,3.76,0.05
ZVRA,80.52,83.16,107.63,163.12,127.41,137.24,18,92,83,87,7.67,0.18,10.08,8.71,1.81
HTO,80.52,81.77,86.67,96.82,115.16,102.69,18,57,74,63,48.71,0.31,49.62,50.89,3.12
MAXN,80.45,84.54,86.36,89.08,56.45,52.4,18,13,3,3,3.71,0.11,3.95,4.37,0.52
AWR,80.43,81.8,88.39,99.33,117.06,105.17,18,61,76,67,71.89,0.15,74.12,75.92,3.36
HZO,80.41,88.5,99.81,100.33,86.01,93.29,18,62,11,16,25.26,0.41,25.17,25.31,3.0
FG,80.35,82.75,87.09,86.97,105.13,106.22,18,11,25,68,32.99,0.18,33.15,36.44,1.59
PNFP,80.35,83.13,83.28,114.53,114.02,122.9,18,77,72,81,96.02,0.23,97.95,106.95,1.33
FCN,80.31,81.69,86.48,83.36,87.2,85.96,18,9,11,11,161.74,0.11,167.01,172.77,3.25
PFAI,80.28,83.3,88.66,95.42,114.01,101.26,18,37,53,42,1.98,0.22,1.79,2.29,0.25
GHI,80.26,83.5,88.47,95.59,107.95,107.55,18,55,28,69,10.53,0.28,10.86,11.21,1.67
HRB,80.23,82.4,84.32,97.02,126.74,102.12,18,57,83,62,50.27,0.1,52.5,54.15,1.61
MMI,80.21,84.46,88.04,85.99,100.76,101.43,18,11,21,61,31.6,0.28,31.33,33.28,2.53
DT,80.21,82.6,86.08,105.45,105.8,112.44,18,68,26,74,48.37,0.34,50.22,52.29,1.66
WIT,80.19,82.55,84.46,91.93,100.15,113.84,18,15,21,75,2.8,0.16,2.78,3.05,1.33
GETY,80.15,82.13,79.31,78.08,70.42,74.67,18,7,5,7,2.07,0.24,1.84,2.05,1.82
LSAK,80.12,86.21,96.61,96.61,109.9,117.26,18,57,30,78,4.09,0.1,4.56,4.67,1.26
TALO,80.11,90.28,99.03,91.77,93.38,88.0,18,15,15,12,8.93,0.46,8.89,8.89,2.14
ARTL,80.11,80.11,143.15,398.41,103.02,98.65,18,98,23,21,5.62,0.05,10.07,7.66,1.58
SMG,80.11,84.91,90.47,103.34,96.78,98.74,18,66,18,21,58.05,0.26,62.73,61.8,1.09
HUBS,80.09,80.09,74.76,88.83,107.49,126.96,18,13,28,84,518.84,0.25,494.83,611.18,1.09
JWEL,80.07,84.57,97.16,125.42,131.09,181.16,18,83,85,93,1.77,0.2,1.99,2.29,0.56
AMH,80.07,82.9,88.27,95.5,113.36,98.53,18,55,34,21,33.43,0.18,34.76,35.47,2.29
WLYB,80.05,90.15,91.23,100.35,114.2,116.9,18,62,72,78,40.82,0.27,40.49,41.81,6.48
CCTG,80.03,102.65,126.17,67.11,96.72,96.72,18,4,18,19,1.26,0.15,1.15,1.39,0.03
CMTL,80.03,93.37,88.74,117.48,97.88,103.71,18,79,19,65,2.25,0.28,2.21,2.27,2.88
WGRX,80.03,82.9,82.91,67.46,114.01,101.26,18,4,53,42,1.37,0.17,1.08,2.21,0.41
VATE,80.02,81.71,91.04,98.91,164.44,228.57,18,60,92,96,5.04,0.17,5.21,6.66,7.25
UTSI,80.02,85.11,92.43,98.25,101.77,95.88,18,59,22,18,2.26,0.16,2.45,2.52,2.37
AMAL,80.01,82.55,87.51,105.53,104.0,115.57,18,69,24,77,28.09,0.21,29.51,30.85,1.68
VLN,80.0,81.13,88.47,115.63,123.12,138.95,18,77,81,88,1.94,0.11,2.26,2.34,1.09
AMT,79.98,82.22,95.49,104.45,127.1,107.31,18,67,83,69,193.31,0.37,208.52,204.15,2.07
UK,79.93,81.35,100.26,80.24,89.98,75.92,18,8,13,7,1.05,0.14,1.05,1.11,0.15
PCTY,79.9,83.06,87.9,98.76,117.91,115.94,18,60,77,77,164.22,0.06,178.02,190.27,1.7
DAR,79.9,85.36,90.03,111.97,110.85,90.45,18,74,31,14,31.93,0.28,33.02,33.97,1.62
GBX,79.89,82.32,86.65,106.11,100.93,125.54,18,69,21,83,46.16,0.23,46.89,51.76,1.98
INGR,79.88,82.42,87.98,102.35,116.57,106.37,18,65,75,68,122.59,0.0,128.79,132.46,2.69
LSTA,79.88,83.53,88.53,100.38,103.38,114.28,18,62,24,76,2.33,0.21,2.49,2.57,0.48
CSL,79.86,86.83,92.95,98.46,102.9,91.49,17,60,23,14,338.01,0.14,384.69,373.94,2.73
CCRN,79.83,80.42,94.77,93.12,105.29,130.34,17,16,25,85,13.54,0.44,13.21,14.99,2.13
MASI,79.82,85.3,90.27,109.95,121.89,130.09,17,73,80,85,140.43,0.36,150.6,163.04,1.55
CNI,79.8,81.35,83.9,92.88,97.29,86.37,17,16,18,11,93.32,0.07,95.27,99.22,0.92
AVB,79.8,81.31,83.77,93.07,107.78,105.95,17,16,28,67,192.96,0.21,193.89,205.47,2.19
SGD,79.8,82.62,96.58,111.24,60.62,34.82,17,74,3,2,1.27,0.1,1.18,1.33,0.04
SMMT,79.8,83.18,134.42,161.9,393.24,325.13,17,92,98,97,18.89,0.11,24.91,22.05,2.35
EDUC,79.79,105.31,67.44,82.18,83.29,88.47,17,9,9,13,1.36,0.23,1.23,1.39,0.54
BLDR,79.79,93.43,97.94,90.16,86.84,89.31,17,14,11,13,124.15,0.19,135.0,134.69,2.07
DLHC,79.79,84.14,86.2,108.56,77.92,68.04,17,72,7,5,5.61,0.4,5.63,5.67,0.3
FA,79.68,81.24,87.3,100.32,111.35,103.53,17,62,32,64,15.32,0.35,16.68,16.84,2.52
KNSL,79.68,81.29,92.05,101.03,121.41,104.23,17,63,80,65,428.71,0.12,453.6,460.52,1.56
ABL,79.66,83.92,83.84,66.91,101.47,83.02,17,4,22,9,6.23,0.27,6.02,7.08,8.95
TFII,79.64,81.42,85.25,82.0,77.63,92.58,17,9,7,16,93.45,0.26,91.46,100.23,1.7
REI,79.63,86.27,92.72,76.77,80.96,81.1,17,7,8,8,0.98,0.23,0.9,1.05,2.08
BCRX,79.62,83.13,88.48,131.2,162.89,125.94,17,86,92,83,7.7,0.27,8.33,8.5,2.2
CHMI,79.61,96.09,95.94,93.25,125.86,129.39,17,16,83,85,2.53,0.31,2.81,2.8,2.08
QTWO,79.6,87.78,88.59,114.58,114.97,160.84,17,77,73,92,78.18,0.22,81.6,87.36,11.06
GBR,79.59,98.18,95.18,122.35,156.35,98.5,17,82,92,21,1.05,0.34,0.97,1.01,0.45
WVE,79.59,79.59,123.56,115.71,138.59,230.45,17,78,88,96,6.89,0.14,8.39,9.13,1.12
RKDA,79.59,79.59,114.14,135.15,157.6,213.79,17,87,92,95,3.62,0.27,4.08,4.29,0.29
SMSI,79.56,91.86,87.0,94.66,113.23,126.3,17,18,34,83,0.81,0.13,0.76,0.96,1.26
ICUI,79.55,79.74,82.22,87.33,115.76,124.0,17,12,74,82,131.71,0.31,126.09,141.38,1.68
CGBD,79.53,82.08,86.13,85.14,105.47,106.65,17,10,25,68,13.52,0.08,13.8,14.97,1.74
SID,79.51,79.64,80.36,83.75,98.35,86.97,17,10,19,12,1.5,0.23,1.42,1.53,0.81
VG,79.49,89.0,96.15,133.8,122.07,101.26,17,87,80,42,13.25,0.37,13.99,13.29,6.84
GLBZ,79.49,79.49,79.19,102.24,115.18,107.88,17,65,74,69,4.62,0.22,4.48,5.03,1.96
MRVI,79.48,86.12,77.58,74.59,51.77,73.05,17,6,3,6,2.7,0.13,2.5,3.13,2.62
SLB,79.48,83.58,88.07,86.04,101.12,96.63,17,11,22,19,34.43,0.23,34.46,36.6,1.98
CTO,79.48,82.3,86.78,95.6,114.82,107.87,17,55,73,69,16.33,0.12,16.58,17.58,1.94
MCS,79.46,84.8,84.38,106.13,115.96,144.15,17,69,74,89,15.64,0.13,15.9,17.76,1.69
GT,79.46,80.36,79.67,110.96,121.46,93.57,17,73,80,16,8.48,0.12,9.36,9.76,1.62
TCRX,79.45,79.45,79.93,83.84,54.99,49.08,17,10,3,2,1.79,0.14,1.79,1.96,1.03
STGW,79.43,84.62,93.97,87.29,92.65,95.45,17,12,15,18,5.09,0.24,5.39,5.71,2.21
SKYH,79.43,81.59,90.47,91.2,123.12,103.58,17,15,81,65,10.08,0.15,10.26,10.96,2.3
KOP,79.41,80.89,82.85,103.59,91.85,80.5,17,66,14,8,29.0,0.36,30.63,30.18,3.57
TBI,79.41,80.12,88.4,107.93,93.1,77.94,17,71,15,7,6.42,0.5,6.3,6.4,4.47
DEA,79.41,81.7,82.75,83.46,96.88,91.43,17,9,18,14,22.93,0.26,22.49,23.71,1.83
WHF,79.39,83.92,85.77,87.86,104.96,99.37,17,12,25,21,8.04,0.04,8.31,8.67,4.21
SKIL,79.38,82.35,85.31,94.91,173.95,249.53,17,18,94,96,14.3,0.09,14.7,19.81,1.69
BANL,79.37,80.11,78.61,110.08,139.29,139.29,17,73,88,88,0.74,0.18,0.73,0.92,0.29
ALTS,79.35,92.17,188.05,294.61,300.66,462.28,17,97,97,98,3.9,0.26,6.14,6.02,1.82
FTNT,79.32,79.32,76.35,119.97,142.33,139.37,17,80,89,88,84.21,0.24,87.77,97.46,2.91
CDW,79.28,82.77,84.6,91.63,92.12,88.64,17,15,14,13,161.22,0.22,169.2,173.35,2.37
CPB,79.28,79.93,78.5,77.4,100.23,95.8,17,7,21,18,33.43,0.17,32.46,35.81,2.25
SGHT,79.28,80.25,110.68,113.71,111.82,63.97,17,76,33,4,3.6,0.31,3.75,3.34,1.94
GRNT,79.26,85.4,90.26,105.52,107.74,106.68,17,69,28,68,5.4,0.44,5.27,5.55,1.7
NLSP,79.24,84.48,107.85,126.89,99.12,47.42,17,84,20,2,2.04,0.16,2.17,2.0,0.61
SANG,79.22,97.09,100.42,112.33,106.66,154.41,17,75,27,91,5.17,0.29,5.74,5.84,1.58
SNAP,79.21,81.39,72.54,93.51,81.24,91.95,17,17,9,15,8.16,0.2,8.16,9.29,2.78
BRTX,79.17,83.86,101.89,90.4,127.05,149.63,17,14,83,90,1.45,0.08,1.55,1.71,0.98
GBLI,79.16,82.13,86.27,94.71,114.37,115.29,17,18,72,77,29.88,0.32,29.88,32.06,1.22
MHH,79.16,79.16,82.9,79.28,103.8,159.07,17,8,24,91,7.85,0.15,7.63,9.71,2.05
ESCA,79.14,82.78,87.38,95.73,131.56,110.58,17,55,85,72,12.54,0.17,12.65,14.16,2.55
CBAT,79.09,83.5,104.01,120.27,118.07,87.02,17,80,77,12,0.86,0.36,0.96,0.92,0.65
GELS,79.04,80.88,83.28,126.37,141.84,101.25,17,84,89,24,1.35,0.13,1.54,1.82,0.14
AHH,79.04,82.74,80.75,77.14,76.05,87.78,17,7,7,12,7.37,0.22,7.11,7.82,1.75
CULP,79.04,89.49,92.24,87.03,110.79,110.79,17,11,31,72,4.27,0.25,4.32,4.64,1.8
BMY,79.03,81.51,90.0,90.86,124.81,125.89,16,14,82,83,45.02,0.09,46.93,51.3,2.37
CRNX,79.03,82.49,84.16,78.51,75.86,110.63,16,7,7,72,33.91,0.24,31.28,35.42,3.49
TCPC,79.02,82.44,85.05,95.98,96.65,98.55,16,56,18,21,6.58,0.25,6.94,7.26,2.38
QUIK,79.01,81.42,80.23,89.79,86.89,108.21,16,13,11,70,5.81,0.18,5.83,6.53,2.15
CPRX,79.0,82.05,85.8,106.46,139.61,122.94,16,70,88,81,19.78,0.04,20.59,22.24,2.35
DECK,78.98,83.01,85.29,74.29,80.6,135.14,16,6,8,87,113.79,0.14,109.78,135.46,1.35
BXC,78.97,84.62,94.98,89.29,78.67,90.31,16,13,7,14,75.89,0.18,78.8,84.36,1.74
FRSH,78.96,81.2,86.6,105.82,112.66,121.14,16,69,33,80,12.89,0.23,13.38,15.07,1.07
PDEX,78.95,78.95,129.47,135.52,269.23,238.38,16,87,97,96,34.36,0.2,43.76,45.42,1.08
MTN,78.9,81.69,94.2,97.52,96.33,93.61,16,58,18,17,146.84,0.3,154.97,157.6,1.55
APOG,78.87,78.87,82.76,78.34,85.45,107.94,16,7,10,70,43.84,0.13,42.69,47.87,5.73
MEI,78.86,83.84,85.44,116.79,105.95,97.69,16,78,26,20,8.03,0.35,7.07,8.44,2.21
MMC,78.86,80.9,86.51,93.57,121.6,109.13,16,17,80,71,196.78,0.01,205.21,218.48,1.51
DMLP,78.83,81.33,82.76,90.97,102.13,105.01,16,14,23,66,25.3,0.14,25.74,27.96,1.37
OFAL,78.83,90.1,92.24,95.42,114.01,101.26,16,37,53,42,1.3,0.02,1.6,2.07,0.18
BAH,78.8,78.94,86.08,78.51,97.23,85.64,16,7,18,11,102.14,0.03,107.58,114.83,1.97
CNDT,78.76,82.02,92.49,87.4,82.27,114.08,16,12,9,76,2.84,0.36,2.69,3.03,2.95
WKSP,78.71,78.71,80.33,90.83,63.66,149.6,16,14,4,90,3.36,0.1,3.46,5.0,1.23
FANG,78.71,79.77,89.36,85.95,94.54,90.96,16,11,16,14,139.67,0.29,141.75,147.05,2.04
IART,78.69,84.54,83.02,75.6,94.16,97.07,16,6,16,19,14.13,0.19,13.76,17.9,1.42
BRID,78.62,79.21,83.03,80.11,97.32,108.53,16,8,18,70,8.05,0.18,7.69,8.79,1.41
SAFE,78.62,81.28,86.35,83.1,99.77,92.95,16,9,21,16,16.3,0.2,15.39,16.36,2.02
NRSN,78.6,78.6,94.8,216.34,223.96,112.02,16,95,96,74,1.22,0.22,1.42,1.32,0.15
CMRC,78.58,83.47,78.88,79.36,93.43,98.78,16,8,15,21,5.03,0.24,4.73,5.59,1.08
GFR,78.58,81.77,89.6,78.15,88.8,101.05,16,7,12,23,5.03,0.27,4.68,5.35,0.99
MBIN,78.56,80.83,81.85,86.05,98.18,97.34,16,11,19,19,32.22,0.18,32.5,35.01,1.33
ASTH,78.56,83.64,95.45,79.44,91.78,84.43,16,8,14,10,27.77,0.15,27.25,30.32,2.1
TWO,78.54,79.81,84.73,83.76,117.63,118.78,16,10,76,79,9.9,0.09,10.04,10.96,1.73
CINT,78.49,80.42,75.6,93.99,115.51,131.93,16,17,74,86,5.48,0.28,5.35,6.02,1.34
CHD,78.44,80.72,87.29,88.07,113.91,106.14,16,12,34,68,90.35,0.0,93.93,100.3,2.18
TSQ,78.44,80.42,83.33,95.84,86.3,88.25,16,55,11,12,7.02,0.19,7.15,7.63,1.41
WLK,78.44,81.45,85.44,75.49,77.89,81.58,16,6,7,9,83.07,0.18,83.89,93.92,1.15
CRM,78.39,78.39,83.97,91.26,97.11,116.8,16,15,18,78,247.09,0.12,250.45,283.73,1.38
TZUP,78.37,100.97,124.55,288.97,285.47,89.0,16,97,97,13,4.59,0.18,9.21,6.08,1.03
SEVN,78.34,81.66,83.72,95.57,106.81,104.95,16,55,27,66,10.72,0.22,10.71,11.54,2.41
PHUN,78.3,78.3,71.67,89.27,96.69,121.49,16,13,18,81,2.9,0.04,2.82,3.37,0.97
CUE,78.29,93.64,92.66,88.82,103.65,115.07,16,12,24,77,0.67,0.15,0.8,0.93,1.17
OLP,78.29,80.07,86.85,93.66,114.49,110.88,16,17,72,73,22.81,0.11,23.08,24.47,1.87
CL,78.25,79.44,86.88,89.67,114.34,103.25,16,13,72,64,81.17,0.0,85.03,88.71,3.0
VFS,78.23,78.23,88.29,91.72,103.64,96.72,16,15,24,19,3.23,0.23,3.44,3.61,1.29
HLP,78.19,79.78,76.12,59.52,118.93,91.97,16,3,78,15,1.05,0.35,0.72,1.07,1.43
KRT,78.13,81.11,83.0,101.4,114.09,110.48,16,63,72,72,24.12,0.12,25.88,27.59,4.46
BHM,78.13,86.89,102.07,105.32,89.21,83.24,16,68,12,9,11.46,0.3,13.24,12.09,7.19
SACH,78.11,90.06,100.35,95.98,74.04,64.8,16,56,6,4,1.05,0.17,1.16,1.06,2.68
CLPT,78.04,79.9,78.64,110.6,155.66,204.77,16,73,91,95,11.2,0.13,10.88,13.26,1.46
HKD,78.03,78.03,71.58,66.44,87.94,86.93,16,4,12,12,1.96,0.1,1.72,2.18,3.71
UDR,78.02,80.07,86.45,91.95,112.63,108.64,16,15,33,70,37.56,0.03,39.02,40.91,1.92
BCIC,78.0,81.72,82.15,83.63,91.75,99.05,16,10,14,21,12.12,0.25,12.08,13.0,2.44
SCKT,77.98,78.01,88.23,98.67,113.27,126.55,16,60,34,83,1.06,0.2,1.08,1.21,0.54
SELX,77.98,81.97,79.5,94.33,114.94,107.74,16,18,73,69,1.12,0.24,1.08,1.35,0.48
DHR,77.96,79.32,89.96,89.96,85.65,89.1,16,14,11,13,193.29,0.18,200.09,206.73,1.49
EE,77.96,81.03,85.88,116.84,145.55,160.2,16,78,90,91,24.03,0.3,24.46,27.85,0.89
ENOV,77.96,79.59,77.16,83.66,83.84,90.94,16,10,10,14,32.36,0.28,29.72,36.41,1.03
SBAC,77.95,78.85,93.89,105.71,119.73,104.58,16,69,78,66,199.1,0.17,216.17,216.46,1.68
DXF,77.89,78.89,84.49,84.76,114.01,101.26,16,10,53,42,4.99,0.03,4.7,7.86,0.46
ACI,77.88,83.74,88.67,106.39,126.8,114.96,16,70,83,76,17.9,0.06,19.51,20.41,1.61
PRAX,77.84,82.99,92.14,115.11,92.61,184.25,16,77,15,94,42.22,0.22,48.39,52.01,1.3
ENTX,77.84,84.04,105.64,97.35,121.07,181.7,16,58,79,93,1.8,0.21,1.93,2.03,0.29
TECH,77.82,77.85,89.32,83.63,82.92,100.94,15,10,9,23,53.15,0.2,53.78,58.86,1.99
CYH,77.81,77.95,77.19,107.33,109.13,100.56,15,70,29,23,3.04,0.17,2.91,3.12,1.06
INVH,77.8,80.06,85.69,95.45,112.74,100.67,15,55,33,23,29.64,0.02,30.81,32.05,2.49
PAMT,77.78,80.03,82.92,86.88,104.88,89.36,15,11,25,13,12.39,0.12,12.64,13.93,4.21
AR,77.75,87.17,90.32,124.5,139.94,136.95,15,83,88,87,31.7,0.34,32.82,36.12,1.78
HTCO,77.75,77.75,86.34,45.71,260.48,735.9,15,2,97,99,8.25,0.04,7.25,34.59,0.77
BYSI,77.74,79.07,98.67,159.05,164.87,96.85,15,91,93,19,1.92,0.36,1.94,1.82,4.74
ATR,77.73,78.26,84.29,97.45,104.7,101.09,15,58,25,23,134.44,0.04,144.12,150.31,1.9
SPWR,77.73,85.16,93.9,110.92,254.59,201.33,15,73,97,94,1.58,0.18,1.6,1.68,1.88
FIVN,77.71,77.71,77.25,87.5,81.15,96.91,15,12,8,19,26.49,0.23,26.37,31.05,1.09
BNTX,77.68,82.34,101.47,105.73,121.25,115.92,15,69,80,77,96.22,0.24,107.6,107.84,2.3
NOV,77.67,82.82,87.33,90.39,95.71,92.47,15,14,17,15,12.62,0.33,12.78,13.33,2.04
CBRL,77.65,102.6,115.72,143.04,133.91,108.95,15,89,86,70,43.5,0.24,58.45,52.93,2.15
CPRT,77.63,81.72,83.95,83.88,118.49,101.72,15,10,77,62,45.85,0.03,47.2,54.08,2.79
GV,77.63,112.13,90.42,117.65,298.31,319.98,15,79,97,97,2.0,0.18,1.69,2.1,0.15
SNDR,77.62,83.23,88.34,97.5,93.67,112.3,15,58,15,74,22.41,0.12,24.6,25.41,2.21
PAYO,77.62,80.81,80.97,90.77,113.28,163.83,15,14,34,92,6.59,0.13,6.72,7.9,3.0
CLX,77.54,80.05,80.77,81.63,106.54,101.74,15,8,27,62,121.66,0.1,123.6,137.81,2.79
SUGP,77.49,77.49,63.53,138.36,73.31,74.67,15,88,6,7,6.17,0.11,7.06,8.45,0.12
CVRX,77.45,87.17,87.17,93.66,106.47,148.95,15,17,27,90,7.17,0.18,7.63,9.91,1.59
EIG,77.43,78.95,82.24,95.67,115.56,108.44,15,55,74,70,42.24,0.25,43.07,47.14,5.68
TXRH,77.37,83.71,89.07,107.34,111.19,109.39,15,70,32,71,158.24,0.12,175.94,177.82,2.01
ARDT,77.37,80.33,79.82,90.35,95.74,90.74,15,14,17,14,12.82,0.26,12.24,13.82,5.24
GOOD,77.29,79.24,84.72,94.81,107.2,107.48,15,18,28,69,12.88,0.05,13.23,14.24,1.81
CMCSA,77.23,81.41,85.52,89.15,98.63,92.0,15,13,20,15,31.59,0.01,33.47,34.92,2.39
TXO,77.13,78.99,81.97,87.59,121.24,117.84,15,12,80,78,13.92,0.1,14.2,15.57,1.2
CTSH,77.1,79.11,83.3,99.21,106.31,111.77,15,61,26,73,66.94,0.04,71.76,76.79,3.49
RECT,77.09,86.25,112.84,110.86,124.5,157.36,15,73,82,91,3.74,0.15,4.51,4.88,1.33
FLOC,77.05,81.28,84.16,88.83,114.01,101.26,15,13,53,42,15.25,0.02,16.88,20.47,1.33
ADBE,77.04,77.48,71.76,80.76,84.4,83.97,15,8,10,10,365.9,0.15,356.01,401.22,1.82
JBSS,77.02,80.33,85.57,80.86,83.68,85.27,15,8,10,11,63.24,0.15,63.86,69.04,1.55
MTDR,77.01,85.25,96.14,97.6,94.7,102.25,15,58,16,63,45.43,0.35,48.67,49.52,1.63
CWH,76.97,80.6,86.6,100.3,94.54,97.94,15,62,16,20,16.61,0.39,16.89,17.94,1.38
ALC,76.97,77.98,92.65,92.65,116.23,102.47,15,16,75,63,77.25,0.0,84.03,87.65,0.62
DTCK,76.96,88.57,115.82,135.85,94.35,97.55,15,87,16,20,0.86,0.58,0.87,0.85,0.27
CMTG,76.94,81.56,100.84,92.13,66.48,55.84,15,15,4,3,3.75,0.25,3.38,3.38,3.63
NRC,76.9,84.25,89.71,96.78,86.65,70.8,15,57,11,5,14.8,0.39,14.92,15.09,1.87
IMUX,76.88,76.88,85.08,84.33,110.7,93.55,15,10,31,16,0.85,0.14,0.89,0.98,0.71
HXHX,76.87,85.31,85.92,95.42,114.01,101.26,15,37,53,42,1.15,0.12,1.17,1.43,0.32
ELVN,76.87,82.9,95.97,103.8,108.12,111.61,15,66,29,73,18.96,0.28,20.15,20.54,4.77
LFST,76.85,79.51,80.37,79.71,113.88,114.58,15,8,34,76,5.23,0.33,4.85,6.29,2.1
AMC,76.84,76.84,72.46,89.57,96.03,87.91,15,13,17,12,3.01,0.14,2.98,3.21,4.46
DUO,76.83,84.19,94.26,34.93,62.57,127.44,15,2,4,84,3.7,0.03,2.27,5.35,0.39
VHI,76.82,77.97,83.13,87.19,90.44,110.48,15,12,13,72,16.47,0.09,16.57,17.93,1.49
KPTI,76.81,89.07,101.9,74.88,62.37,81.34,15,6,4,9,5.41,0.17,5.32,6.68,0.9
WERN,76.78,80.05,85.21,82.6,85.73,91.67,15,9,11,15,27.01,0.15,28.14,30.39,2.25
INFY,76.75,78.26,79.24,88.75,91.39,109.44,15,12,14,71,16.97,0.15,17.08,18.91,2.9
TOPS,76.74,76.74,80.17,83.55,123.95,72.03,15,10,81,6,5.4,0.03,5.78,6.1,0.27
NXRT,76.74,77.94,81.59,83.67,106.85,104.69,15,10,27,66,32.74,0.18,32.48,35.77,3.28
UFI,76.74,77.81,78.73,89.62,93.43,92.19,15,13,15,15,4.65,0.1,4.55,5.11,1.18
XPEL,76.7,81.43,91.39,103.65,99.96,99.79,15,66,21,22,33.12,0.39,35.48,36.2,4.66
MEC,76.69,83.59,85.62,100.34,96.39,92.19,15,62,18,15,14.31,0.25,15.03,15.01,1.6
BV,76.69,81.69,89.29,110.2,112.88,120.21,15,73,33,80,13.36,0.18,14.95,14.97,2.72
DTIL,76.69,78.58,79.39,76.38,86.11,63.96,15,6,11,4,4.78,0.17,4.8,4.96,0.55
IRS,76.67,79.62,103.11,118.69,141.39,165.8,15,79,88,92,11.89,0.19,14.49,14.5,2.31
DJT,76.63,76.63,70.56,81.25,89.33,174.13,15,8,13,93,17.44,0.13,17.7,23.96,2.58
ALGS,76.63,82.07,111.3,114.35,67.3,355.91,15,76,5,98,9.67,0.14,9.2,14.6,1.07
GAME,76.55,84.55,93.43,261.7,110.24,82.44,14,97,30,9,0.73,0.12,0.98,0.86,0.6
IMMP,76.55,79.35,80.48,87.2,118.71,91.59,14,12,78,14,1.61,0.19,1.7,1.82,1.63
GIB,76.52,76.52,81.92,97.07,105.55,101.21,14,58,25,23,92.61,0.01,96.57,104.86,1.18
VNOM,76.5,80.38,83.19,91.11,110.8,118.8,14,15,31,79,37.4,0.1,37.82,41.69,2.05
FLGC,76.47,78.88,68.42,85.05,80.98,86.02,14,10,8,11,27.2,0.16,22.94,29.11,2.68
BEEP,76.43,86.87,112.4,107.74,131.41,127.78,14,71,85,84,3.29,0.25,3.74,3.91,13.67
NTZ,76.4,83.56,81.6,73.68,106.1,96.97,14,6,26,19,3.52,0.35,3.03,4.01,0.17
AMCR,76.39,77.43,82.74,93.93,108.4,102.63,14,17,29,63,8.26,0.03,8.98,9.32,2.03
DEO,76.35,79.24,92.58,91.25,97.98,88.82,14,15,19,13,97.64,0.0,106.37,110.45,0.78
INV,76.33,82.78,79.56,78.3,70.3,117.27,14,7,5,78,6.35,0.3,5.04,7.3,1.17
WGO,76.31,77.83,82.6,74.84,73.0,76.43,14,6,6,7,33.11,0.15,32.78,36.95,1.98
KNF,76.27,79.33,91.63,90.36,113.12,123.45,14,14,34,82,75.61,0.02,82.85,91.84,1.99
WU,76.26,79.61,81.05,77.79,101.25,101.29,14,7,22,61,8.14,0.13,8.15,9.11,1.67
EEFT,76.25,77.36,85.68,97.97,107.38,102.97,14,59,28,64,89.21,0.07,95.48,101.0,2.52
AIRG,76.25,77.09,73.96,89.43,69.89,127.82,14,13,5,84,4.3,0.14,4.45,5.14,1.36
BMRN,76.2,77.64,81.68,84.2,98.31,97.0,14,10,19,19,54.36,0.06,57.59,61.79,2.35
AVIR,76.13,86.07,105.93,110.07,93.34,93.81,14,73,15,17,2.88,0.23,3.45,3.18,1.99
NL,76.13,82.35,91.29,87.73,134.92,120.95,14,12,86,80,5.87,0.15,6.16,6.84,3.09
EPIX,76.13,76.74,289.07,90.08,77.06,57.25,14,14,7,3,0.21,0.06,0.24,0.22,0.2
ISRG,76.13,78.83,81.99,101.89,116.09,127.76,14,64,75,84,438.72,0.03,477.41,522.48,1.67
NBR,76.06,86.07,87.08,74.97,68.68,79.36,14,6,5,8,37.62,0.22,35.34,40.94,1.76
SHAK,76.03,81.01,83.88,133.82,125.01,132.37,14,87,82,86,99.62,0.36,114.03,113.64,1.48
OPI,76.01,173.01,112.86,48.49,39.09,52.1,14,2,2,3,0.39,0.1,0.28,0.54,0.85
LOVE,75.99,81.28,84.84,92.13,88.87,101.41,14,15,12,61,17.86,0.21,18.69,20.92,1.75
LEXX,75.97,87.62,71.84,53.57,78.51,89.84,14,3,7,13,1.24,0.18,0.94,1.37,2.3
ACTU,75.92,78.32,96.15,94.06,137.53,107.55,14,17,87,69,6.64,0.16,7.43,8.05,2.64
NNBR,75.9,81.75,87.5,83.1,69.54,93.94,14,9,5,17,2.24,0.23,2.26,2.52,1.12
BALY,75.82,79.18,90.08,81.61,105.8,102.73,14,8,26,63,10.43,0.15,9.8,13.2,3.08
WDFC,75.79,75.92,82.08,93.59,114.56,99.02,14,17,72,21,210.36,0.05,216.85,232.18,2.99
DIN,75.75,81.87,82.98,93.61,94.06,82.57,14,17,16,9,23.01,0.33,22.48,24.11,1.45
GCTS,75.73,80.15,81.47,69.91,77.95,61.53,14,5,7,4,1.63,0.26,1.41,1.72,1.73
ZTEK,75.71,79.46,82.9,128.28,179.85,124.75,14,85,94,83,0.94,0.32,0.85,1.11,0.17
MMSI,75.69,78.23,85.07,91.39,122.06,114.84,14,15,80,76,83.56,0.03,86.81,95.92,2.85
KNX,75.68,79.54,83.16,92.05,86.59,100.76,14,15,11,23,40.04,0.1,43.19,46.5,1.48
PACB,75.68,76.39,101.72,103.15,80.95,90.81,14,66,8,14,1.27,0.21,1.35,1.42,1.35
THCH,75.63,76.77,78.67,95.58,85.5,84.01,14,55,10,10,2.55,0.13,2.68,2.94,1.2
SVCO,75.59,81.49,78.04,70.02,71.46,98.27,14,5,5,20,5.26,0.13,4.76,5.76,2.36
SNBR,75.55,89.26,92.74,88.95,87.82,133.31,14,13,12,86,8.28,0.23,9.11,10.77,0.98
FRPH,75.54,78.2,82.35,88.64,105.33,97.58,14,12,25,20,24.5,0.0,26.06,28.13,3.96
MHUA,75.53,97.51,97.51,99.1,128.21,52.69,14,61,84,3,0.4,0.17,0.41,0.38,0.82
CPHC,75.52,81.99,82.4,94.89,98.31,99.45,14,18,19,22,16.31,0.0,17.39,18.68,1.63
ARCO,75.5,77.49,82.34,90.61,99.85,97.42,14,14,21,20,6.71,0.05,7.03,7.48,1.35
VOYG,75.5,75.5,92.24,95.42,114.01,101.26,14,37,53,42,28.97,0.05,34.28,37.45,3.75
MBX,75.49,85.44,107.9,124.34,103.62,87.53,14,82,24,12,10.0,0.21,12.77,12.09,3.08
BRRWU,75.47,87.49,94.94,95.42,114.01,101.26,14,37,53,42,10.68,0.09,10.96,11.17,0.08
RYDE,75.42,124.05,112.38,97.94,83.01,54.03,14,59,9,3,0.37,0.16,0.33,0.32,0.47
NEO,75.38,77.05,80.96,57.57,74.81,118.96,14,3,6,79,8.52,0.27,6.81,10.04,1.27
PHGE,75.36,81.21,81.42,79.7,60.24,93.68,14,8,3,17,0.54,0.2,0.49,0.59,0.05
HTLM,75.32,87.91,100.29,91.94,98.78,142.38,14,15,20,89,3.5,0.07,3.75,4.78,0.04
HGBL,75.28,88.84,94.05,105.53,118.28,118.22,14,69,77,79,1.68,0.13,2.01,2.05,6.83
SFM,75.26,88.95,96.88,142.95,177.37,180.5,14,89,94,93,120.41,0.21,147.81,152.73,2.21
CATX,75.24,85.73,100.63,115.43,85.58,45.54,14,77,10,2,3.19,0.13,3.7,3.13,1.33
WNC,75.24,79.28,88.18,82.07,67.04,73.57,14,9,4,6,10.88,0.31,10.64,11.89,1.09
OMCC,75.23,81.83,95.76,96.59,109.24,100.75,14,57,29,23,5.03,0.16,5.72,5.91,15.09
RLI,75.22,77.93,82.83,92.38,113.87,107.41,14,16,34,69,64.61,0.0,67.42,73.97,3.37
BALL,75.18,80.92,88.02,99.16,92.85,84.75,14,61,15,10,48.71,0.18,53.98,53.17,2.31
IEX,75.12,76.27,78.65,87.13,90.02,96.31,14,11,13,18,161.03,0.05,168.17,185.16,2.33
CASI,75.11,86.01,85.34,78.97,69.11,67.58,14,7,5,5,1.78,0.11,1.88,2.15,0.02
MOLN,75.08,75.41,79.31,75.31,89.68,109.44,13,6,13,71,3.77,0.09,3.69,4.27,0.54
BOXL,75.06,118.77,90.6,113.07,91.92,253.7,13,75,14,96,1.56,0.06,1.97,2.14,0.46
CARR,75.03,77.64,87.48,107.99,109.79,99.9,13,71,30,22,60.39,0.2,68.07,67.84,1.04
HRZN,75.01,75.45,79.82,86.33,101.17,95.71,13,11,22,18,6.66,0.04,7.18,7.68,1.06
JYNT,74.99,79.46,92.0,95.77,113.49,103.08,13,55,34,64,9.96,0.08,10.84,10.98,4.09
DVAX,74.97,75.7,89.79,91.59,116.96,117.25,13,15,75,78,9.69,0.07,10.49,11.58,3.25
LAND,74.95,76.5,77.8,89.24,93.12,92.56,13,13,15,16,9.26,0.13,9.31,9.99,1.45
SLDE,74.93,88.95,92.24,95.42,114.01,101.26,13,37,53,42,14.72,0.19,16.13,17.19,7.61
QFIN,74.92,76.82,82.69,142.38,189.94,189.94,13,89,95,94,30.33,0.31,32.48,37.79,1.08
OLPX,74.91,82.62,94.65,97.84,84.0,83.85,13,59,10,10,1.42,0.24,1.43,1.47,2.14
UHAL,74.88,76.69,80.35,87.93,100.19,99.22,13,12,21,21,56.32,0.02,58.82,64.54,2.34
AEHL,74.86,80.78,92.14,69.97,30.34,29.79,13,5,1,1,3.59,0.04,3.44,4.31,0.14
SHMD,74.76,74.76,87.83,89.42,150.06,98.34,13,13,90,20,2.57,0.27,2.61,2.82,2.41
RFL,74.71,85.48,92.06,118.95,155.42,113.7,13,80,91,75,1.44,0.1,1.69,1.76,6.1
MKC,74.67,78.03,88.12,93.2,113.05,114.17,13,16,33,76,65.48,0.0,70.09,74.55,1.97
WY,74.65,77.81,87.67,86.15,100.03,97.55,13,11,21,20,24.1,0.0,25.48,27.06,2.61
TFIN,74.64,78.56,83.36,89.1,78.68,106.56,13,13,8,68,56.5,0.15,59.11,66.38,2.03
BRCC,74.53,75.52,68.03,61.7,72.5,73.56,13,4,6,6,1.66,0.17,1.61,2.11,6.78
ACTG,74.53,76.15,74.68,93.68,83.65,92.46,13,17,10,15,3.31,0.24,3.45,3.75,1.83
NWL,74.47,80.35,90.61,92.33,83.92,133.4,13,16,10,86,5.53,0.17,5.66,6.61,1.27
BRO,74.44,76.93,81.8,99.12,135.27,124.46,13,61,86,82,91.73,0.03,96.52,107.05,2.12
ALKT,74.43,78.83,76.35,98.36,101.52,131.12,13,59,22,85,25.29,0.23,24.93,29.43,1.68
OXLC,74.38,74.57,75.47,85.56,102.45,101.38,13,11,23,61,17.48,0.26,17.43,20.71,0.55
BHFAM,74.33,74.33,82.85,90.3,98.09,97.28,13,14,19,19,12.7,0.31,12.33,13.8,2.47
MGNX,74.3,77.11,85.25,72.61,57.25,62.1,13,5,3,4,1.62,0.16,1.63,2.04,1.18
ADV,74.26,87.71,92.61,90.87,64.64,78.43,13,14,4,8,1.77,0.23,1.68,1.93,5.49
LOT,74.21,74.21,73.34,95.26,81.99,59.45,13,19,9,3,2.03,0.22,2.1,2.33,2.08
AHT,74.18,77.79,78.2,89.66,84.24,94.3,13,13,10,17,5.92,0.08,6.3,6.95,1.9
LZB,74.15,76.13,83.88,92.88,105.4,113.21,13,16,25,75,33.7,0.0,36.45,40.14,3.12
MATX,74.13,77.09,75.62,87.55,102.75,107.15,13,12,23,69,103.76,0.15,106.51,120.08,3.2
DUOL,74.12,82.75,91.05,164.19,199.72,175.79,13,92,95,93,290.9,0.14,329.1,371.01,0.85
LOCO,74.09,80.47,89.31,93.6,104.96,101.24,13,17,25,23,9.91,0.21,10.46,10.74,1.55
GDTC,73.99,91.28,91.28,107.12,126.15,148.42,13,70,83,90,1.87,0.2,1.92,2.34,0.33
FSK,73.91,79.17,83.31,107.79,114.66,118.07,13,71,73,78,15.86,0.0,18.38,19.24,3.63
CTSO,73.9,82.0,104.75,126.16,123.06,128.96,13,83,81,84,0.94,0.25,0.97,1.0,0.64
CAL,73.87,80.77,77.49,67.21,69.55,63.69,13,4,5,4,14.32,0.1,14.64,16.71,1.82
INDO,73.84,86.45,99.63,172.98,180.35,114.54,13,93,94,76,2.85,0.23,2.88,2.83,0.72
SSTI,73.8,75.42,85.01,100.52,146.8,131.22,13,63,90,85,12.28,0.26,12.26,14.17,1.09
BGS,73.79,74.01,81.97,78.29,101.87,99.95,13,7,22,22,4.64,0.18,4.36,5.34,5.77
ELDN,73.79,73.79,74.5,120.07,130.4,197.74,13,80,85,94,2.55,0.06,2.94,3.48,1.36
SILO,73.78,85.41,83.81,82.31,131.92,135.0,13,9,85,87,0.68,0.16,0.66,0.97,0.85
RXO,73.76,79.52,77.42,82.54,80.96,98.6,13,9,8,21,16.14,0.18,16.09,18.68,4.19
CPSS,73.75,78.73,82.6,101.11,117.44,118.19,13,63,76,79,8.15,0.17,8.43,9.54,3.9
MUSA,73.72,79.21,75.93,83.84,117.09,108.76,13,10,76,70,382.98,0.11,392.96,450.97,1.74
TTEC,73.71,73.88,78.25,113.0,120.36,73.07,13,75,79,6,3.74,0.31,4.05,4.25,2.06
UNH,73.7,74.28,75.99,69.93,125.38,98.36,13,5,82,20,336.69,0.27,293.94,406.88,0.76
UMH,73.6,76.15,84.17,91.05,114.73,107.71,13,14,73,69,14.76,0.0,15.9,16.98,2.7
EXPO,73.55,73.55,76.94,79.32,95.44,89.86,13,8,17,13,69.34,0.03,70.88,79.76,3.18
CLVT,73.5,79.36,86.84,90.05,85.11,78.14,13,14,10,7,4.01,0.23,4.22,4.44,2.09
GMED,73.45,76.89,82.66,81.45,114.38,131.95,13,8,72,86,55.91,0.1,57.69,70.0,2.25
SNAL,73.45,73.45,85.5,157.5,165.97,273.01,13,91,93,97,1.07,0.15,1.07,1.4,2.06
BBWI,73.45,85.24,95.75,97.69,94.6,105.13,13,58,16,66,25.09,0.0,29.53,31.87,1.8
THRY,73.44,75.39,83.23,87.36,87.25,104.49,13,12,11,66,12.15,0.19,12.69,14.21,1.54
NGNE,73.42,79.23,98.41,137.84,94.92,71.18,13,88,16,6,17.2,0.15,20.44,18.31,1.64
TENB,73.4,74.07,76.98,83.86,88.33,91.07,13,10,12,14,30.23,0.1,31.0,35.13,1.99
CCEL,73.4,73.4,72.65,83.14,106.32,114.21,13,9,26,76,4.85,0.17,4.7,5.84,5.26
JCTC,73.37,76.88,89.52,89.64,101.34,97.09,13,13,22,19,3.53,0.08,3.64,4.08,1.2
TFX,73.34,76.68,78.27,71.27,72.47,78.67,12,5,6,8,122.63,0.1,121.24,140.59,1.72
CNMD,73.23,76.06,82.02,78.75,90.62,92.35,12,7,13,15,50.01,0.09,52.08,58.36,1.23
RC,73.19,75.81,76.93,71.47,73.48,87.33,12,5,6,12,4.34,0.17,4.18,5.0,3.04
MNOV,73.17,73.17,81.58,84.28,100.68,126.02,12,10,21,83,1.27,0.06,1.3,1.56,0.63
LGIH,73.15,76.16,87.51,81.93,74.92,80.14,12,8,6,8,56.55,0.12,59.58,68.36,1.86
DDL,73.13,74.32,82.57,83.2,132.46,203.13,12,9,85,95,2.11,0.06,2.19,2.73,1.85
ASPN,73.12,73.12,72.52,87.69,53.09,64.69,12,12,3,4,6.84,0.1,7.11,8.05,0.96
IOSP,73.07,75.93,81.55,78.54,83.98,88.84,12,7,10,13,79.55,0.03,83.6,94.28,3.96
VGAS,73.06,79.5,76.92,88.3,105.28,110.47,12,12,25,72,3.04,0.25,2.98,3.48,2.08
COO,73.05,73.05,77.37,79.26,91.0,91.14,12,7,14,14,68.17,0.08,70.8,81.02,2.09
TNET,73.04,74.22,77.24,80.86,99.89,89.31,12,8,21,13,68.04,0.15,67.39,78.18,2.12
UTL,73.04,75.3,78.84,92.52,121.83,104.88,12,16,80,66,45.31,0.03,48.45,52.78,4.48
VOC,72.99,78.29,75.7,81.05,76.68,86.06,12,8,7,11,2.79,0.17,2.83,3.19,0.41
AURA,72.97,75.28,84.84,94.76,91.47,94.41,12,18,14,17,6.08,0.17,6.61,6.85,9.06
BHFAN,72.94,72.94,82.19,89.58,94.99,91.21,12,13,16,14,13.84,0.26,13.79,15.43,1.61
SMTK,72.92,79.11,80.29,37.16,95.5,100.53,12,2,17,23,1.45,0.13,1.04,2.09,0.05
QDEL,72.92,76.34,74.33,83.42,87.81,98.94,12,9,12,21,28.78,0.24,26.81,33.59,1.23
OBLG,72.78,72.78,90.53,150.53,98.92,83.4,12,90,20,10,3.07,0.31,3.55,3.52,1.11
APGE,72.78,78.21,90.17,101.75,95.84,103.77,12,64,17,65,36.53,0.24,37.73,39.21,2.57
CING,72.74,79.92,85.48,117.88,98.14,96.91,12,79,19,19,3.54,0.09,4.39,4.28,1.59
GDEN,72.57,76.62,77.82,104.71,92.99,96.64,12,68,15,19,24.57,0.04,26.45,28.5,1.75
SGML,72.55,72.55,82.95,70.51,100.39,100.39,12,5,21,22,6.06,0.17,6.05,8.42,1.19
IMCC,72.54,79.12,112.86,170.71,237.2,101.21,12,93,96,23,1.94,0.13,2.49,2.28,0.24
CIVI,72.46,80.6,96.46,79.45,74.59,85.0,12,8,6,11,30.8,0.25,31.7,35.03,2.08
CRESY,72.43,75.38,97.4,108.41,140.3,148.6,12,71,88,90,8.85,0.1,10.44,11.37,1.68
ODFL,72.42,75.27,79.14,88.33,90.79,91.07,12,12,14,14,140.84,0.0,152.54,168.07,2.19
KIDS,72.4,76.94,84.39,84.29,102.92,98.91,12,10,23,21,19.18,0.1,20.68,22.47,1.37
BZAI,72.4,80.26,105.04,92.88,49.75,123.36,12,16,2,82,3.38,0.11,3.62,4.72,3.25
HQI,72.39,74.06,76.54,77.93,102.26,105.16,12,7,23,67,9.85,0.12,9.78,11.42,2.0
SLQT,72.37,75.42,88.29,80.57,166.15,251.91,12,8,93,96,2.05,0.07,2.08,3.02,1.04
FNGR,72.37,76.09,86.33,119.35,270.73,73.62,12,80,97,6,1.61,0.15,1.61,1.8,0.44
ENFY,72.35,77.06,87.02,82.31,95.51,63.72,12,9,17,4,0.98,0.12,1.01,1.09,0.07
CSW,72.34,72.65,76.95,89.59,105.04,123.56,12,13,25,82,256.83,0.06,268.2,308.08,2.3
CTRM,72.33,72.33,72.59,76.76,73.06,69.98,12,6,6,5,2.22,0.12,2.18,2.43,0.91
CRDL,72.28,72.28,79.96,110.47,94.66,81.62,12,73,16,9,1.12,0.21,1.2,1.22,1.1
NSA,72.27,76.01,80.01,80.33,103.29,98.46,12,8,24,21,29.9,0.06,30.73,34.08,1.46
IIPR,72.2,73.38,73.68,77.15,74.24,79.23,12,7,6,8,57.43,0.15,54.06,60.29,1.89
USEG,72.13,79.43,85.26,144.7,172.33,277.94,12,89,93,97,1.16,0.08,1.2,1.48,0.85
GNE,72.13,76.09,86.63,176.4,163.35,97.84,12,93,92,20,14.86,0.08,17.31,16.95,1.55
VRTX,72.12,73.85,79.41,91.52,126.01,112.22,12,15,83,74,383.12,0.11,416.0,449.23,1.86
RVTY,72.09,73.06,82.33,86.21,97.38,104.33,12,11,19,66,86.72,0.09,90.24,101.78,2.54
RES,72.07,76.2,84.36,89.72,91.28,94.65,12,13,14,17,4.51,0.11,4.64,5.18,1.86
TUSK,72.02,74.88,78.29,104.35,102.07,79.4,12,67,22,8,2.3,0.14,2.44,2.61,2.44
FIS,72.0,75.33,83.62,100.15,109.73,100.86,12,62,30,23,65.11,0.0,72.61,75.66,1.87
NCI,71.99,89.03,89.03,95.12,91.01,103.35,12,18,14,64,1.94,0.08,1.92,2.24,0.04
KWM,71.99,80.71,102.33,108.25,114.01,101.26,12,71,53,42,2.28,0.12,3.05,3.24,0.15
RXRX,71.99,72.96,79.68,91.62,88.06,122.03,12,15,12,81,4.91,0.14,5.3,5.97,2.32
SLGN,71.97,74.32,80.03,105.54,110.5,104.7,12,69,31,66,42.8,0.0,47.96,51.39,2.12
LFVN,71.84,77.09,103.15,111.88,175.31,315.42,12,74,94,97,10.63,0.04,12.69,14.91,1.9
HRL,71.82,73.28,90.83,96.18,109.27,95.87,12,56,30,18,24.82,0.01,27.68,29.26,2.11
PLRZ,71.79,71.79,77.13,40.29,90.28,101.75,12,2,13,62,1.12,0.0,1.11,134.15,0.77
XNCR,71.75,71.75,64.6,65.43,60.64,109.17,12,4,4,71,10.29,0.17,8.39,12.74,5.47
ASUR,71.68,76.19,83.6,111.07,119.36,131.26,12,74,78,85,7.81,0.0,8.8,9.83,1.99
CFLT,71.63,71.8,73.76,101.28,98.59,130.1,12,63,20,85,20.05,0.19,20.43,24.9,0.87
FLL,71.61,81.89,84.66,108.76,97.02,101.69,12,72,18,62,3.45,0.21,3.97,4.04,0.96
RCT,71.6,78.63,104.4,128.74,114.01,101.26,12,85,53,42,0.82,0.0,1.9,1.92,3.1
CADL,71.6,74.61,98.84,111.33,218.65,371.86,12,74,96,98,4.81,0.12,5.9,6.45,1.21
IROHU,71.59,77.41,95.39,113.16,128.85,117.06,12,75,84,78,9.5,0.36,10.65,10.97,0.0
VIR,71.58,72.22,75.29,77.72,86.36,135.2,11,7,11,87,5.18,0.11,5.02,6.59,1.77
ABSI,71.56,75.73,77.22,94.09,91.83,135.85,11,17,14,87,2.61,0.1,2.78,3.1,1.6
LNKS,71.53,74.87,91.29,90.8,98.87,99.73,11,14,20,22,0.57,0.01,0.55,1.1,0.84
LSTR,71.5,75.06,78.37,82.33,86.44,88.62,11,9,11,13,124.67,0.0,132.41,147.45,1.79
KMPR,71.46,74.17,77.25,97.54,111.68,112.16,11,58,32,74,51.83,0.16,55.66,61.72,2.3
ASIX,71.45,74.12,74.86,95.52,91.25,106.27,11,55,14,68,20.41,0.18,20.64,24.24,2.86
WING,71.38,75.34,97.56,118.82,125.04,85.72,11,80,82,11,253.55,0.21,316.18,292.23,1.22
MX,71.35,72.43,70.66,104.88,88.71,102.78,11,68,12,63,3.26,0.26,3.32,3.74,0.87
BRIA,71.35,84.95,119.97,94.86,95.82,95.18,11,18,17,18,2.1,0.11,2.43,2.78,0.07
BVS,71.33,75.42,85.19,84.06,123.37,151.43,11,10,81,90,6.93,0.1,6.94,8.34,1.22
BCG,71.31,71.31,75.72,82.91,99.33,84.93,11,9,20,10,1.78,0.15,2.0,2.19,1.56
COCP,71.3,83.58,87.78,100.5,88.17,165.22,11,62,12,92,1.33,0.08,1.58,1.7,0.41
CZR,71.27,76.9,79.03,89.27,81.17,93.08,11,13,8,16,25.56,0.11,26.75,29.66,8.28
XPOF,71.26,79.72,71.94,92.07,77.18,130.91,11,15,7,85,7.92,0.07,9.27,10.9,0.88
RGP,71.22,72.74,72.75,75.92,72.59,83.62,11,6,6,10,5.28,0.17,4.99,6.18,2.51
SGRP,71.21,74.12,86.24,70.32,82.45,114.32,11,5,9,76,1.13,0.14,1.14,1.38,0.32
CYN,71.21,71.21,66.17,126.49,46.53,23.88,11,84,2,1,5.63,0.0,6.72,59.05,0.83
LKQ,71.2,73.55,74.28,90.19,115.14,104.93,11,14,73,66,30.68,0.12,32.25,37.12,1.74
SNYR,71.19,76.93,102.85,135.37,94.66,92.57,11,87,16,16,2.4,0.11,3.06,3.19,1.85
UNIT,71.17,78.3,81.45,108.21,114.04,118.5,11,71,72,79,6.42,0.14,7.27,8.07,5.15
HY,71.17,73.98,75.75,79.29,79.15,81.5,11,8,8,9,36.63,0.03,38.6,43.31,2.1
XOS,71.13,71.13,72.1,85.83,95.34,101.29,11,11,17,61,2.84,0.14,3.02,3.37,0.19
SAVA,71.13,71.13,69.63,84.19,52.29,47.71,11,10,3,2,2.28,0.04,2.24,2.22,1.77
FNWB,71.12,71.12,74.51,75.15,111.46,98.86,11,6,32,21,7.3,0.07,7.7,9.3,1.57
ULH,71.1,73.74,82.37,77.08,71.24,114.01,11,7,5,76,24.52,0.1,25.03,29.92,1.44
IPAR,71.03,73.22,82.3,107.8,107.91,104.65,11,71,28,66,101.41,0.07,116.82,124.27,1.85
ULY,70.99,70.99,68.57,128.3,168.83,79.76,11,85,93,8,4.18,0.06,4.97,5.87,2.76
MNDY,70.99,70.99,63.1,116.61,119.89,124.08,11,78,79,82,219.15,0.3,223.03,259.32,1.73
VIRC,70.97,73.34,74.79,69.69,97.18,79.68,11,5,18,8,7.92,0.02,8.17,9.42,2.06
ZNTL,70.91,70.91,96.6,78.23,55.49,59.95,11,7,3,3,1.52,0.14,1.53,1.82,1.55
DV,70.86,72.5,93.96,90.21,83.4,97.54,11,14,9,20,12.74,0.08,15.14,16.24,3.3
CHE,70.83,72.03,74.15,92.74,118.21,106.8,11,16,77,68,452.25,0.2,449.99,531.72,1.76
EONR,70.8,71.71,59.12,57.91,75.86,65.79,11,3,7,4,0.49,0.14,0.35,0.53,2.65
KDP,70.77,71.93,98.09,97.48,120.65,103.58,11,58,79,65,27.11,0.04,31.77,32.52,1.64
LCUT,70.75,72.2,90.04,87.75,78.65,84.72,11,12,7,10,3.82,0.23,4.17,4.57,2.19
OXM,70.72,78.07,77.21,68.25,73.96,91.78,11,5,6,15,44.45,0.16,43.25,56.68,1.58
ICHR,70.7,70.7,70.44,84.77,83.71,92.03,11,10,10,15,18.44,0.21,18.68,23.38,1.74
BCAX,70.7,82.69,93.91,80.94,112.2,91.2,11,8,33,14,10.44,0.1,11.33,12.8,4.08
ACHV,70.67,79.7,85.78,100.75,105.81,79.9,11,63,26,8,2.82,0.26,2.77,3.02,1.42
ALBT,70.61,70.61,65.48,71.42,169.17,279.88,11,5,93,97,2.69,0.08,2.33,3.63,0.13
ZJK,70.58,74.86,72.28,80.27,94.41,140.04,11,8,16,88,3.76,0.08,3.5,5.69,0.29
ZIP,70.58,74.99,68.83,68.04,83.46,73.52,11,5,10,6,5.06,0.21,4.6,5.85,1.28
BHFAO,70.51,70.51,79.55,88.72,94.65,94.7,11,12,16,17,17.11,0.29,17.04,19.49,1.51
PW,70.48,79.04,122.79,123.99,140.76,168.37,11,82,88,92,0.93,0.15,1.21,1.2,0.32
DAWN,70.42,74.47,77.78,67.12,64.27,82.09,11,4,4,9,6.81,0.1,6.9,8.69,1.25
SLNG,70.4,74.32,74.26,108.81,125.67,162.69,11,72,82,92,4.03,0.13,4.36,5.29,1.07
GNTA,70.39,74.17,80.08,93.53,111.25,131.19,11,17,32,85,2.86,0.03,3.56,3.98,0.74
PRGO,70.35,73.96,85.13,101.09,111.85,102.64,11,63,33,63,21.26,0.02,24.28,25.25,2.53
LBRDK,70.33,73.59,74.33,130.58,138.65,129.06,11,85,88,85,60.41,0.1,66.64,76.4,0.98
HNST,70.31,75.17,71.14,112.22,122.19,189.07,11,75,80,94,3.92,0.11,4.2,5.2,1.39
TIVC,70.22,71.39,68.7,96.37,128.47,149.96,11,56,84,90,3.07,0.05,3.43,4.31,0.04
FMC,70.21,72.77,84.89,86.51,85.57,86.52,11,11,10,11,36.22,0.09,39.09,41.78,1.65
SPB,70.16,72.61,73.35,72.6,84.29,93.6,11,5,10,16,52.64,0.03,55.42,66.3,1.92
CVR,70.16,70.16,71.15,89.76,87.9,95.73,11,13,12,18,10.86,0.19,11.26,12.93,2.1
STRO,70.11,71.45,70.81,70.22,52.13,49.64,11,5,3,2,0.89,0.1,0.86,1.2,0.98
EPSN,70.08,74.51,89.99,135.71,135.65,136.9,11,87,87,87,5.19,0.1,5.95,6.42,2.77
CLW,70.07,72.93,71.49,93.83,95.02,84.86,11,17,17,10,21.04,0.0,23.82,26.62,2.11
TPL,70.07,77.89,77.17,98.79,169.3,175.75,11,60,93,93,875.1,0.03,930.5,1177.68,2.82
WATT,70.04,70.04,78.02,118.6,61.0,259.08,10,79,4,96,7.63,0.01,9.79,10.96,0.74
SPRC,70.04,70.04,61.58,101.45,94.92,212.47,10,64,16,95,4.77,0.14,4.9,7.06,0.4
TKNO,70.01,73.03,71.43,145.87,198.82,310.19,10,90,95,97,4.64,0.12,4.5,6.2,0.91
RYAN,70.0,71.08,80.78,101.45,130.89,117.95,10,64,85,78,53.28,0.09,58.78,65.67,3.45
FOXX,69.96,81.26,107.67,128.16,114.88,80.45,10,84,73,8,4.94,0.2,6.07,5.31,1.24
TMDE,69.96,98.51,105.89,95.42,114.01,101.26,10,37,53,42,0.87,0.03,0.94,1.19,0.88
SDHC,69.93,73.04,83.17,83.83,83.64,85.71,10,10,10,11,18.45,0.08,19.71,21.46,1.44
CYCN,69.91,72.21,101.7,126.41,135.29,154.76,10,84,86,91,2.38,0.2,2.63,2.96,0.42
ATOM,69.88,70.27,63.61,120.14,167.55,411.16,10,80,93,98,3.72,0.09,3.96,6.06,1.35
CRT,69.83,73.99,82.77,92.07,132.7,100.56,10,15,85,23,7.65,0.0,8.81,9.77,1.36
ERIE,69.75,74.67,85.96,85.12,110.36,107.73,10,10,31,69,317.99,0.0,349.34,378.78,2.09
BMI,69.74,71.99,77.71,116.52,118.19,109.13,10,78,77,71,177.08,0.08,193.27,212.3,2.2
NAII,69.67,77.29,92.78,90.19,74.65,76.13,10,14,6,7,3.12,0.12,3.6,3.65,1.28
GPK,69.62,73.33,82.88,82.18,103.21,98.1,10,9,24,20,19.51,0.0,21.92,24.22,2.3
SLN,69.58,74.59,77.33,135.38,85.11,39.04,10,87,10,2,4.89,0.16,5.54,5.14,2.03
AOUT,69.55,69.55,86.35,100.79,132.15,180.75,10,63,85,93,8.95,0.07,9.48,12.35,2.49
CRGY,69.52,74.14,88.36,83.4,96.62,130.23,10,9,18,85,8.41,0.14,9.0,10.65,2.56
PAM,69.45,74.23,90.09,114.73,140.15,168.72,10,77,88,92,57.44,0.02,69.73,77.29,2.27
KAVL,69.34,98.89,139.43,99.93,71.51,114.54,10,62,5,76,0.49,0.02,0.67,0.72,0.09
SPCE,69.34,75.62,75.62,98.13,74.21,61.63,10,59,6,4,3.29,0.17,3.39,3.88,0.87
COCH,69.24,70.3,71.46,92.5,86.62,71.19,10,16,11,6,1.31,0.07,1.41,1.5,0.83
LBGJ,69.22,73.74,80.1,97.06,98.25,92.57,10,58,19,16,1.31,0.09,1.31,1.79,1.84
TGS,69.22,74.94,98.39,116.25,140.47,170.79,10,78,88,92,20.6,0.15,26.26,27.37,2.71
DSY,69.2,87.96,138.52,82.3,84.44,89.89,10,9,10,13,1.39,0.09,1.27,1.75,0.12
MCW,69.16,71.11,76.73,86.55,117.42,112.22,10,11,76,74,5.35,0.01,5.89,6.98,1.43
AGRO,69.14,71.5,77.42,89.58,125.5,106.79,10,13,82,68,7.9,0.0,8.81,9.59,1.31
SYRE,69.13,71.18,81.05,82.75,72.63,84.47,10,9,6,10,14.88,0.11,16.4,18.1,1.87
OLB,69.13,72.0,68.21,115.02,124.49,59.74,10,77,82,3,1.37,0.17,1.4,1.51,0.31
NNDM,69.08,72.86,74.49,75.78,92.64,104.05,10,6,15,65,1.39,0.04,1.43,1.82,1.32
MKTX,69.04,71.04,78.44,96.08,107.81,96.78,10,56,28,19,178.32,0.0,194.28,210.95,12.51
GLXG,69.04,90.53,90.53,72.1,92.73,99.22,10,5,15,21,5.94,0.01,5.65,7.2,0.42
KRO,68.94,72.03,73.03,68.05,74.19,81.16,10,5,6,9,5.99,0.15,5.99,7.44,1.11
ADIL,68.93,71.47,47.89,62.82,80.94,86.08,10,4,8,11,0.35,0.12,0.4,0.66,0.32
ZENV,68.87,72.38,101.59,99.25,106.42,166.13,10,61,27,92,1.25,0.07,1.5,1.71,1.54
ATHR,68.87,68.87,86.2,145.91,114.01,101.26,10,90,53,42,5.14,0.03,8.22,10.07,0.13
SGMO,68.82,68.82,71.99,78.01,123.19,401.55,10,7,81,98,0.55,0.05,0.53,0.88,1.39
LYB,68.79,72.13,78.27,84.55,87.35,89.69,10,10,12,13,52.01,0.11,55.57,62.1,1.6
UFPT,68.78,73.24,77.85,96.53,92.46,106.84,10,57,15,69,192.77,0.03,219.45,233.92,2.58
CIGL,68.72,71.63,91.15,95.42,114.01,101.26,10,37,53,42,3.0,0.06,2.73,5.4,0.01
GSHD,68.71,71.49,80.38,111.18,165.9,144.4,10,74,93,89,77.97,0.0,87.92,103.04,1.39
STKS,68.66,73.48,76.05,137.22,119.22,84.9,10,88,78,10,2.47,0.01,2.99,3.25,1.63
SMLR,68.64,79.67,79.67,121.15,125.82,221.64,10,81,82,95,29.18,0.13,34.06,41.78,2.12
WEST,68.64,70.0,81.89,94.03,99.56,85.53,10,17,20,11,5.08,0.01,6.14,6.45,1.55
YSXT,68.58,77.51,77.64,147.01,166.89,101.26,10,90,93,42,2.8,0.15,3.1,3.86,2.16
CWST,68.56,72.37,83.88,105.73,120.86,107.58,10,69,79,69,86.69,0.0,100.43,109.05,1.91
ZCMD,68.54,75.19,81.97,103.95,94.38,116.0,10,67,16,77,1.14,0.15,1.02,1.28,0.06
WHD,68.52,72.0,77.02,86.86,87.65,110.1,10,11,12,72,39.48,0.14,41.75,47.77,2.34
FICO,68.51,73.69,75.45,100.05,128.56,126.76,10,62,84,84,1477.21,0.15,1464.96,1793.03,1.52
ACN,68.5,68.5,71.13,89.12,95.83,105.59,10,13,17,67,239.7,0.02,258.18,310.9,2.53
RENT,68.44,77.91,104.62,78.85,114.85,96.05,10,7,73,18,4.96,0.13,5.16,6.06,2.97
GCL,68.43,79.98,92.31,91.86,64.86,95.48,10,15,4,18,2.7,0.09,3.45,4.57,2.63
BJRI,68.41,76.91,88.92,127.94,129.98,106.67,10,84,84,68,29.75,0.0,35.14,37.01,1.32
PBH,68.33,69.76,75.16,103.94,128.3,114.44,10,67,84,76,63.1,0.0,69.22,79.17,1.83
ARAI,68.31,69.9,91.07,95.42,114.01,101.26,10,37,53,42,3.1,0.0,6.5,7.31,2.44
INEO,68.25,80.36,77.37,116.0,146.09,96.24,10,78,90,18,1.03,0.07,0.98,1.48,0.19
JZXN,68.17,68.17,48.93,55.94,397.47,272.53,10,3,98,97,1.07,0.04,0.97,2.44,3.18
CRI,68.16,71.1,67.08,64.54,70.53,79.72,10,4,5,8,31.27,0.18,28.01,38.03,1.4
NSIT,68.14,71.83,79.16,80.04,88.34,88.28,10,8,12,12,119.07,0.02,130.42,144.23,5.02
ORGN,68.09,72.71,74.24,97.96,90.2,136.67,9,59,13,87,0.52,0.07,0.64,0.75,0.71
SJ,68.04,72.05,72.96,92.74,125.46,109.5,9,16,82,71,0.72,0.15,0.78,0.88,1.25
NOG,67.93,71.64,79.18,95.03,92.6,101.07,9,18,15,23,25.06,0.22,26.06,29.69,2.47
HHS,67.92,67.92,65.12,64.76,83.26,77.27,9,4,9,7,3.71,0.1,3.57,4.53,1.59
PRMB,67.88,75.74,81.26,105.3,158.87,152.72,9,68,92,91,22.48,0.01,25.72,30.22,1.3
BZFD,67.81,71.59,78.4,103.25,95.96,150.92,9,66,17,90,1.85,0.06,2.07,2.31,0.87
NXL,67.81,67.81,60.25,78.03,284.8,489.28,9,7,97,98,0.94,0.08,0.94,1.9,0.5
MRTN,67.81,71.13,76.25,82.42,88.61,85.64,9,9,12,11,11.07,0.0,12.09,13.66,1.57
QTTB,67.55,67.55,60.9,99.04,38.58,29.04,9,60,2,1,1.85,0.01,1.96,3.0,0.31
NWTG,67.52,67.52,52.98,45.76,31.14,29.22,9,2,1,1,2.01,0.01,1.79,6.92,0.79
UPS,67.5,68.77,74.25,82.06,89.36,92.06,9,9,13,15,84.06,0.02,88.85,102.55,2.16
BAK,67.4,69.39,75.16,77.28,77.88,68.75,9,7,7,5,3.15,0.07,3.22,3.76,1.08
SWVL,67.36,67.36,80.08,114.79,89.35,236.96,9,77,13,96,3.3,0.16,3.9,4.46,1.83
CVU,67.33,71.75,84.62,102.26,125.09,179.09,9,65,82,93,2.55,0.05,2.96,3.53,0.33
HBB,67.31,70.72,70.74,94.5,106.05,100.7,9,18,26,23,14.56,0.09,15.24,17.04,1.71
WOK,67.24,67.24,86.37,101.02,83.12,91.21,9,63,9,14,0.81,0.07,0.79,1.6,3.87
BCC,67.11,73.33,78.43,76.1,84.88,87.32,9,6,10,12,79.47,0.0,85.66,100.32,2.16
EWTX,67.1,75.3,72.34,72.54,121.03,174.1,9,5,79,93,14.26,0.11,14.11,19.49,2.77
AKAN,67.06,67.06,84.87,81.0,71.03,66.67,9,8,5,4,3.52,0.06,3.81,4.32,0.11
GPRK,67.03,72.98,81.43,84.7,93.37,118.45,9,10,15,79,5.97,0.05,6.54,7.58,1.95
DNUT,66.96,71.7,67.9,62.27,51.79,77.41,9,4,3,7,3.42,0.09,3.47,5.37,1.04
EP,66.93,66.93,102.47,95.2,110.96,120.48,9,19,32,80,4.32,0.11,4.74,5.55,9.07
TRAW,66.9,70.08,65.06,62.1,43.46,128.72,9,4,2,84,2.03,0.08,1.61,3.22,1.04
HPAI,66.89,70.14,71.74,83.31,124.78,113.63,9,9,82,75,3.93,0.04,4.15,5.27,1.69
AIN,66.87,69.76,78.82,87.96,87.81,93.28,9,12,12,16,56.33,0.07,63.47,70.2,2.18
POWI,66.82,70.69,75.07,94.98,91.46,90.92,9,18,14,14,42.95,0.05,47.78,54.15,2.77
CBZ,66.73,70.81,80.02,95.29,110.31,113.37,9,19,31,75,53.78,0.0,64.94,73.83,2.74
LPA,66.7,66.98,77.61,74.4,94.87,110.05,9,6,16,72,6.3,0.08,6.35,8.02,1.59
CREX,66.7,69.16,79.51,126.19,143.88,73.86,9,83,89,6,2.34,0.31,2.59,2.5,0.55
XRAY,66.67,69.05,74.51,85.86,80.05,76.3,9,11,8,7,13.16,0.05,14.48,15.96,1.75
VKTX,66.61,66.96,75.65,105.11,71.21,93.74,9,68,5,17,25.4,0.09,30.54,31.09,1.09
NOMD,66.55,70.15,81.72,90.9,125.95,112.91,9,14,83,75,13.36,0.0,15.73,17.25,1.09
AIRI,66.52,70.04,75.28,87.43,93.36,95.76,9,12,15,18,3.08,0.05,3.29,3.68,0.42
OPAL,66.52,66.52,71.72,109.66,111.31,73.67,9,72,32,6,2.2,0.33,2.32,2.57,2.23
HCKT,66.51,70.04,71.14,89.87,117.67,119.46,9,13,76,79,19.82,0.0,21.55,26.23,2.21
CMCO,66.49,69.8,71.68,69.9,65.77,93.54,9,5,4,16,15.05,0.09,14.9,20.69,1.11
BKKT,66.41,70.27,63.69,180.85,115.28,198.27,9,93,74,94,10.44,0.14,12.14,15.03,2.03
MSAI,66.31,66.31,64.53,67.18,67.86,99.97,9,4,5,22,0.74,0.11,0.74,1.05,1.67
MAIA,66.26,78.07,76.31,87.48,105.67,97.03,9,12,26,19,1.55,0.06,1.61,1.79,0.6
WTO,66.25,73.8,73.8,41.19,47.62,37.62,9,2,2,2,1.19,0.07,1.08,1.87,0.28
NIPG,66.25,83.71,86.81,87.08,84.06,91.64,9,11,10,15,1.87,0.13,1.98,2.89,0.5
MORN,66.21,73.61,75.9,94.11,96.77,102.02,9,17,18,62,235.16,0.01,265.57,299.29,2.82
GKOS,66.11,67.74,77.73,85.64,87.82,132.16,9,11,12,86,83.47,0.04,91.51,110.7,1.74
KEX,66.09,69.08,81.27,100.13,97.39,96.65,9,62,19,19,84.05,0.03,100.42,104.89,1.83
SBFM,66.09,66.73,70.21,71.89,56.28,58.14,9,5,3,3,1.47,0.11,1.47,1.94,0.55
XHLD,66.09,74.0,69.77,74.2,114.01,101.26,9,6,53,42,0.31,0.0,0.35,0.7,0.9
MAN,66.0,66.24,79.02,78.51,93.11,92.23,9,7,15,15,37.34,0.0,41.29,48.51,8.33
SPHL,66.0,74.11,74.11,87.59,77.89,117.07,9,12,7,78,0.51,0.02,0.5,1.67,0.05
CYBN,65.93,66.32,78.32,103.54,97.74,84.99,9,66,19,10,6.0,0.14,7.13,7.94,0.85
CWAN,65.9,70.23,73.95,86.25,120.14,127.15,9,11,79,84,18.23,0.0,20.3,24.45,2.29
CLRO,65.84,65.84,58.86,114.15,98.21,165.04,9,76,19,92,5.39,0.1,5.26,7.62,3.5
MBRX,65.81,65.81,41.8,61.04,111.76,58.55,9,4,33,3,0.4,0.05,0.57,1.04,0.62
LPCN,65.76,72.65,76.75,75.75,92.45,103.21,9,6,15,64,2.88,0.02,3.06,3.56,0.42
IVDA,65.76,65.76,68.75,87.37,123.49,247.49,9,12,81,96,1.54,0.04,1.81,2.5,0.61
ALVO,65.68,68.22,71.42,86.38,93.23,102.13,9,11,15,63,7.88,0.01,8.5,10.25,0.83
RNAZ,65.66,69.66,63.3,55.86,14.11,71.25,9,3,1,6,11.69,0.01,10.66,62.39,0.12
AGAE,65.64,86.49,93.47,306.71,336.87,124.02,9,97,98,82,1.05,0.12,1.41,1.41,0.15
COLM,65.62,67.34,71.82,76.98,96.23,105.17,8,7,17,67,53.35,0.1,55.54,69.69,2.28
ECOR,65.6,65.6,73.57,97.32,99.79,249.73,8,58,21,96,4.97,0.04,5.85,9.24,0.26
VTEX,65.57,67.48,61.33,107.95,114.28,88.56,8,71,72,13,4.53,0.16,4.96,5.63,1.19
UPC,65.56,65.56,52.39,52.09,42.64,8.3,8,2,2,1,4.49,0.01,3.73,10.22,15.8
NCT,65.54,69.1,73.39,95.42,114.01,101.26,8,37,53,42,1.44,0.04,2.51,3.7,0.72
KIDZ,65.51,67.05,72.94,140.98,114.01,101.26,8,89,53,42,1.35,0.06,1.69,2.51,0.25
XBIT,65.47,65.47,83.92,75.71,64.15,103.53,8,6,4,64,2.72,0.04,2.97,3.41,2.54
HURA,65.38,70.81,82.38,64.37,88.43,86.93,8,4,12,12,2.61,0.12,2.67,3.43,1.08
SEM,65.34,66.86,73.76,80.18,103.03,109.98,8,8,23,72,12.35,0.07,13.17,16.1,2.19
SPRU,65.25,70.19,64.24,71.59,86.76,88.23,8,5,11,12,1.76,0.3,1.47,2.12,0.05
MYND,65.18,65.18,60.56,77.8,72.39,134.82,8,7,6,86,0.83,0.11,0.71,1.07,1.12
AVBP,65.14,70.71,77.68,113.55,111.75,116.01,8,76,33,77,17.65,0.07,19.68,22.3,4.93
BOLD,65.13,65.13,66.22,55.56,63.74,73.35,8,3,4,6,1.14,0.04,1.16,1.65,1.44
CRVL,65.1,71.26,74.74,95.6,128.94,124.48,8,55,84,82,79.45,0.0,89.0,105.67,6.32
EEIQ,65.09,68.9,148.22,77.25,93.0,111.15,8,7,15,73,0.48,0.08,0.58,0.74,0.06
NEOG,65.07,65.41,66.47,59.02,64.22,78.65,8,3,4,8,5.61,0.09,5.31,7.75,2.15
EMPD,65.06,78.69,80.52,137.85,36.95,27.32,8,88,2,1,7.62,0.04,9.47,12.7,2.79
JACK,64.97,65.16,63.62,63.9,64.47,70.9,8,4,4,5,18.92,0.07,19.82,28.15,3.95
LINE,64.97,70.63,70.21,73.81,102.68,94.51,8,6,23,17,40.38,0.03,41.74,50.06,2.27
NIXX,64.93,75.09,80.0,96.04,107.32,308.46,8,56,28,97,1.68,0.06,1.77,2.41,0.78
WEAV,64.87,66.4,65.68,71.04,97.89,135.12,8,5,19,87,7.61,0.07,7.66,11.13,3.27
MGPI,64.74,67.39,71.78,73.0,69.84,54.09,8,5,5,3,27.06,0.01,29.04,31.94,1.66
EVH,64.72,74.12,87.99,81.98,70.7,57.68,8,9,5,3,8.38,0.05,9.57,9.86,1.29
MRNA,64.68,66.15,71.54,80.32,57.2,56.17,8,8,3,3,25.24,0.04,27.76,31.2,1.83
SAFX,64.59,65.32,53.44,63.37,286.1,101.26,8,4,97,42,1.33,0.0,1.44,7.81,5.38
YXT,64.58,69.33,72.73,93.6,70.82,89.93,8,17,5,13,0.95,0.11,0.86,1.23,0.32
DNLI,64.52,70.04,82.0,81.36,77.75,100.92,8,8,7,23,12.75,0.06,14.42,16.61,2.52
GAUZ,64.52,64.52,60.02,91.97,106.19,114.9,8,15,26,76,6.33,0.17,6.11,8.55,0.25
ASTC,64.48,68.62,69.17,76.9,89.44,84.16,8,7,13,10,4.88,0.04,5.26,6.06,0.42
NPWR,64.47,65.65,74.86,81.82,46.82,119.57,8,8,2,79,2.44,0.08,2.58,4.62,1.18
FLO,64.46,67.55,77.92,81.12,98.56,88.14,8,8,20,12,13.1,0.0,15.15,17.17,3.1
PMNT,64.33,64.33,59.77,56.11,100.53,86.01,8,3,21,11,0.49,0.19,0.4,0.77,0.01
OS,64.19,64.19,67.68,102.43,105.44,90.83,8,65,25,14,19.84,0.12,21.69,24.9,1.53
DTI,64.17,68.55,61.99,96.64,96.03,84.94,8,57,17,10,2.4,0.32,2.12,2.68,5.31
BARK,64.14,64.94,63.95,67.09,92.85,163.19,8,4,15,92,0.86,0.04,0.89,1.35,2.56
ACHC,64.12,65.15,70.15,61.18,57.75,71.84,8,4,3,6,22.14,0.07,21.88,29.26,7.15
TIL,64.03,82.91,143.06,167.63,220.49,157.08,8,92,96,91,19.93,0.14,26.54,22.62,1.07
EWCZ,63.93,66.07,75.21,98.65,98.1,82.59,8,60,19,9,4.0,0.16,4.49,5.14,4.19
AVTR,63.9,66.36,73.86,72.14,74.41,87.21,8,5,6,12,12.5,0.08,12.88,15.89,1.24
BAX,63.81,65.4,70.33,87.49,103.55,103.13,8,12,24,64,23.02,0.08,24.93,29.39,1.73
TZOO,63.77,64.52,64.45,105.92,127.06,194.83,8,69,83,94,10.21,0.06,10.45,14.63,1.66
ENPH,63.74,66.09,63.8,55.35,70.86,70.65,8,3,5,5,38.42,0.09,36.46,51.47,4.67
NAMI,63.73,63.73,84.25,58.0,127.91,100.28,8,3,84,22,1.09,0.05,1.04,2.43,0.07
NCEW,63.63,65.14,68.59,77.63,118.77,101.26,8,7,78,42,0.63,0.07,0.71,1.33,0.19
JANX,63.49,67.6,69.69,72.6,74.9,200.97,8,5,6,94,23.45,0.02,24.5,32.59,2.95
SUUN,63.43,73.98,88.56,78.22,137.47,150.04,8,7,87,90,1.75,0.09,1.71,2.35,0.46
HUN,63.4,68.63,70.96,65.67,79.99,83.64,8,4,8,10,9.8,0.07,10.37,13.28,1.37
FI,63.4,65.23,70.21,85.28,128.02,128.25,8,11,84,84,131.8,0.0,141.16,184.93,2.02
EPC,63.4,66.89,70.81,75.61,93.45,84.78,8,6,15,10,20.32,0.01,23.63,28.23,1.97
PETS,63.35,63.89,75.67,92.03,96.56,112.86,8,15,18,75,2.73,0.0,3.12,3.93,1.44
DEVS,63.33,69.43,62.17,142.1,166.44,92.57,8,89,93,16,2.63,0.07,3.02,4.2,0.07
BNAI,63.31,65.37,70.13,65.46,87.01,50.77,8,4,11,3,0.3,0.06,0.32,0.43,1.83
BWIN,63.3,67.74,77.6,99.43,130.2,114.56,8,61,84,76,30.56,0.02,34.71,39.33,1.19
TANH,63.28,68.49,62.17,54.76,46.37,59.66,8,3,2,3,2.12,0.07,1.99,3.22,1.1
MTC,63.24,68.4,81.57,74.97,62.25,47.08,8,6,4,2,0.85,0.01,0.94,1.18,0.21
GTIM,63.23,67.49,80.64,76.02,97.29,92.69,8,6,18,16,1.58,0.13,1.59,2.04,0.44
TPET,63.13,74.37,86.67,101.44,89.64,82.78,8,64,13,9,1.06,0.08,1.15,1.3,1.44
BRN,63.11,63.11,71.79,74.66,97.63,88.0,8,6,19,12,1.15,0.03,1.15,1.42,1.85
TGE,63.1,68.46,92.24,95.42,114.01,101.26,7,37,53,42,2.48,0.0,4.16,5.52,0.53
BRKR,62.95,62.95,70.9,78.82,70.86,83.84,7,7,5,10,33.17,0.09,35.23,43.92,1.1
BIRD,62.91,62.93,82.76,162.63,153.11,64.91,7,92,91,4,6.11,0.21,8.19,7.33,1.23
PASG,62.85,66.37,79.95,84.13,79.7,93.75,7,10,8,17,7.17,0.11,6.65,8.98,0.51
ISPO,62.81,70.86,77.53,106.15,124.21,163.11,7,69,81,92,2.93,0.13,2.98,3.77,2.25
NXTC,62.76,65.14,56.01,71.94,67.26,60.89,7,5,4,4,5.64,0.16,5.15,7.05,0.05
CMG,62.76,65.19,74.85,95.58,94.16,100.5,7,55,16,23,39.32,0.03,44.17,51.72,1.81
KZR,62.72,65.24,70.86,78.97,90.54,92.96,7,7,13,16,3.76,0.0,4.08,5.04,0.21
PUBM,62.68,63.5,62.44,103.91,86.24,95.12,7,67,11,18,8.63,0.09,10.05,11.87,1.45
ADSE,62.61,70.67,90.28,97.84,125.03,133.34,7,59,82,86,9.33,0.12,11.1,12.99,3.36
RPD,62.57,62.57,64.75,71.9,73.69,88.04,7,5,6,12,20.29,0.09,20.89,27.92,3.89
DARE,62.57,62.57,62.03,88.05,96.78,85.35,7,12,18,11,2.12,0.08,2.26,2.82,0.09
RDW,62.57,70.97,76.95,182.7,236.32,431.02,7,94,96,98,7.95,0.08,11.54,13.89,2.04
MODD,62.51,63.08,64.38,54.16,74.29,69.94,7,3,6,5,0.76,0.07,0.72,0.98,0.6
RBOT,62.45,68.11,76.32,163.2,97.34,189.32,7,92,18,94,5.85,0.07,7.92,9.5,1.34
HBNB,62.43,63.22,92.24,95.42,114.01,101.26,7,37,53,42,2.99,0.12,2.5,4.57,0.39
WALD,62.38,62.38,64.1,76.9,91.22,87.27,7,7,14,12,2.08,0.21,1.91,2.71,1.12
CHTR,62.38,64.98,65.74,113.87,124.14,113.33,7,76,81,75,262.55,0.04,291.52,352.17,1.47
SEED,62.37,66.59,66.71,60.1,77.43,88.47,7,3,7,13,1.12,0.12,1.05,1.55,0.43
NSP,62.26,64.47,68.68,72.04,111.57,106.13,7,5,32,68,50.38,0.12,54.08,69.33,2.27
INM,62.26,66.06,66.49,96.29,89.0,87.07,7,56,12,12,2.29,0.08,2.37,3.06,1.43
INBS,62.09,88.09,99.51,144.24,119.57,136.72,7,89,78,87,1.32,0.12,1.64,1.63,1.85
ACRV,61.99,61.99,61.97,55.61,81.23,97.54,7,3,9,20,1.63,0.08,1.39,3.13,0.27
STZ,61.79,63.31,76.34,78.41,94.88,82.42,7,7,16,9,132.92,0.0,160.75,179.08,2.65
PLAY,61.76,77.99,93.79,124.37,123.32,67.36,7,82,81,5,19.61,0.14,26.37,25.11,2.36
ASBP,61.72,63.98,94.9,89.53,26.04,111.45,7,13,1,73,0.41,0.01,0.44,3.44,0.04
OABI,61.7,61.7,76.21,79.87,61.89,80.74,7,8,4,8,1.61,0.1,1.84,2.42,3.04
STI,61.6,76.62,103.17,53.83,33.29,123.21,7,3,1,82,4.55,0.04,4.17,10.16,0.03
AI,61.52,62.14,63.6,105.22,103.76,129.71,7,68,24,85,17.9,0.09,20.61,25.66,1.14
FIP,61.5,64.77,76.69,114.44,95.51,116.56,7,76,17,77,4.67,0.23,5.39,5.78,1.44
SPRY,61.46,68.19,100.32,151.95,138.27,131.32,7,91,88,85,9.79,0.04,14.62,13.61,2.77
CYCU,61.43,64.91,65.71,85.89,114.01,101.26,7,11,53,42,0.21,0.01,0.3,0.48,0.93
BFRG,61.37,63.64,64.57,78.06,92.84,121.27,7,7,15,81,1.32,0.06,1.34,1.85,0.77
EVTV,61.32,123.91,123.91,49.21,39.02,69.46,7,2,2,5,2.09,0.03,2.1,4.24,0.33
HAE,61.29,63.47,72.16,99.41,95.12,91.0,7,61,17,14,50.6,0.01,61.6,67.48,2.73
FC,61.21,62.42,62.07,66.81,77.58,89.2,7,4,7,13,19.75,0.05,19.48,26.3,1.45
UA,61.19,65.19,67.24,95.22,89.29,94.49,7,19,13,17,4.74,0.0,5.55,6.36,1.82
CETY,61.13,61.13,56.22,48.86,84.73,86.29,7,2,10,11,0.29,0.1,0.25,0.4,1.35
NAKA,61.08,113.8,458.28,1046.95,1338.31,211.65,7,99,99,95,1.4,0.02,8.18,6.22,5.27
ADVB,61.06,63.73,72.46,70.33,114.01,101.26,7,5,53,42,0.47,0.03,0.5,1.38,0.71
CUPR,61.05,62.68,64.17,130.58,114.01,101.26,7,85,53,42,1.35,0.08,4.56,4.95,0.26
UNCY,61.03,61.9,79.07,113.68,155.19,136.39,7,76,91,87,3.96,0.07,4.33,5.77,1.5
MAAS,61.02,62.12,61.29,58.32,40.43,29.56,7,3,2,1,3.7,0.01,3.79,8.47,0.28
BLRX,61.02,61.09,65.32,91.08,89.14,36.99,7,14,12,2,3.76,0.06,3.96,4.48,0.5
TROX,60.96,62.48,59.02,69.26,59.44,67.46,7,5,3,5,4.85,0.16,4.46,6.48,1.69
DSP,60.92,66.02,66.69,102.84,117.41,229.19,7,65,76,96,9.09,0.0,11.46,15.2,1.93
MURA,60.86,60.86,61.74,130.62,112.24,114.67,7,85,33,76,2.08,0.31,2.11,2.81,0.73
JTAI,60.62,61.92,59.65,61.35,82.25,68.82,7,4,9,5,3.36,0.04,3.37,3.99,0.96
COTY,60.6,63.41,73.59,74.49,68.06,72.64,7,6,5,6,4.11,0.07,4.6,5.51,1.07
PRGS,60.52,62.57,70.4,108.56,110.27,111.33,7,72,30,73,41.96,0.02,45.7,56.4,1.96
QLGN,60.45,61.76,44.8,75.38,79.49,51.84,7,6,8,3,2.84,0.16,2.25,3.3,0.54
RHI,60.42,61.21,64.15,67.15,80.4,92.49,7,4,8,15,34.47,0.03,36.92,49.55,1.98
RBNE,60.36,67.39,82.22,95.42,114.01,101.26,7,37,53,42,1.33,0.0,2.22,3.01,0.31
TWST,60.36,60.37,73.6,81.06,100.21,123.09,7,8,21,82,27.89,0.12,29.69,38.08,1.8
NDLS,60.33,68.58,71.29,88.98,136.15,122.16,7,13,87,81,0.61,0.03,0.8,0.94,1.97
BMEA,60.25,63.07,72.24,62.17,69.28,42.49,7,4,5,2,1.95,0.05,1.81,2.68,2.04
CDNA,60.22,61.24,60.08,94.41,121.1,155.95,7,18,79,91,14.59,0.15,13.43,18.41,1.35
CXAI,60.21,60.21,56.7,81.1,73.16,114.13,7,8,6,76,0.79,0.09,0.86,1.19,0.92
ZJYL,60.14,64.4,77.86,62.42,74.47,72.29,6,4,6,6,0.57,0.0,0.65,0.76,0.51
CBLL,59.76,60.95,61.51,100.14,102.72,93.74,6,62,23,17,12.25,0.06,13.15,18.79,3.24
PCLA,59.64,65.01,77.08,262.91,114.01,101.26,6,97,53,42,0.5,0.01,0.63,1.73,0.09
BTMD,59.19,68.79,71.09,86.12,82.37,102.88,6,11,9,63,3.16,0.08,3.57,4.28,1.3
SBLX,59.18,62.36,74.08,78.93,75.56,67.92,6,7,7,5,5.84,0.13,6.35,8.29,0.33
TLX,59.12,59.12,74.07,96.2,110.91,105.98,6,56,31,67,9.98,0.08,12.01,15.69,3.29
NAMM,59.06,60.37,92.24,95.42,114.01,101.26,6,37,53,42,2.99,0.01,4.2,7.15,0.33
GRI,59.04,63.46,67.88,62.9,49.72,107.62,6,4,2,69,1.81,0.03,1.62,5.01,0.17
PLRX,59.0,60.79,69.38,57.04,52.02,98.8,6,3,3,21,1.43,0.02,1.57,4.16,1.05
SLP,58.87,59.79,53.75,57.01,107.4,93.49,6,3,28,16,15.25,0.11,14.04,25.05,4.51
VERX,58.77,59.03,59.17,87.18,107.13,154.95,6,12,27,91,25.15,0.04,28.57,39.58,1.9
BCYC,58.7,61.62,57.59,66.88,55.49,64.83,6,4,3,4,6.93,0.03,7.57,9.94,0.99
SOWG,58.67,58.67,49.95,99.73,57.63,56.56,6,61,3,3,0.99,0.04,0.83,1.49,5.27
VIST,58.56,63.92,74.12,102.22,103.65,128.49,6,65,24,84,33.7,0.0,41.15,47.98,1.7
MCRP,58.53,60.94,89.52,98.4,114.01,101.26,6,60,53,42,1.41,0.01,1.97,2.53,0.56
HUBC,58.52,66.87,71.34,97.39,101.3,153.38,6,58,22,91,2.19,0.04,2.83,4.15,0.68
TECX,58.48,65.46,99.64,336.33,361.61,757.09,6,98,98,99,14.98,0.01,21.32,27.18,1.7
WEN,58.45,63.16,69.99,74.08,92.38,92.32,6,6,14,15,9.33,0.0,10.15,12.71,4.35
AMOD,58.44,58.44,50.85,76.29,42.08,30.06,6,6,2,1,1.23,0.03,1.16,2.06,0.28
MSW,58.37,58.37,59.03,109.19,129.62,99.54,6,72,84,22,2.67,0.19,2.27,4.41,0.15
BLMN,58.36,63.32,69.1,93.3,81.24,67.66,6,16,9,5,6.83,0.08,7.8,8.96,1.02
PLTK,58.36,61.34,61.41,79.94,77.45,91.18,6,8,7,14,3.44,0.0,4.02,5.23,2.35
ALGN,58.24,60.12,68.75,93.88,86.64,86.6,6,17,11,11,131.39,0.02,155.02,182.86,1.32
PAR,58.24,62.28,77.77,113.6,118.01,146.01,6,76,77,89,42.32,0.0,55.39,63.77,1.16
GTE,58.23,62.15,71.07,87.74,96.58,105.59,6,12,18,67,3.89,0.07,4.13,5.1,1.74
FDS,57.94,73.44,77.99,94.29,103.41,99.69,6,18,24,22,289.15,0.0,385.02,433.3,3.55
GNPX,57.88,63.56,63.56,65.11,55.26,115.32,6,4,3,77,0.23,0.03,0.23,0.41,0.24
CODI,57.7,60.33,60.43,55.58,88.94,97.39,6,3,12,20,7.2,0.07,6.95,13.89,1.66
PUMP,57.69,60.63,68.14,86.24,89.92,121.61,6,11,13,81,4.85,0.05,5.16,6.83,6.84
SHOT,57.68,83.13,98.56,179.71,76.33,49.97,6,93,7,2,0.31,0.05,0.57,0.52,0.94
EDHL,57.64,59.79,59.87,95.42,114.01,101.26,6,37,53,42,0.87,0.08,0.7,2.84,0.09
APRE,57.58,58.1,65.03,78.45,64.63,107.11,6,7,4,69,1.44,0.0,1.66,2.29,0.95
MLAB,57.57,57.57,56.21,81.17,110.38,124.74,6,8,31,83,73.14,0.16,69.25,108.78,7.3
LEE,57.55,63.24,47.87,60.26,90.23,143.35,6,3,13,89,5.4,0.1,4.94,8.84,0.61
ALUR,57.51,57.51,53.24,74.83,57.07,41.44,6,6,3,2,2.2,0.01,2.52,3.78,0.89
CHPT,57.44,57.44,61.41,73.71,78.79,70.92,6,6,8,6,10.85,0.09,11.15,14.95,0.78
QNRX,57.39,64.49,58.56,82.4,60.08,90.58,6,9,3,14,7.7,0.09,7.69,11.0,0.51
STSS,57.35,59.39,155.47,49.26,9.14,43.69,6,2,1,2,8.16,0.0,7.43,136.14,0.27
XCUR,57.3,72.67,145.36,225.51,434.37,644.16,6,96,98,99,3.84,0.05,6.23,10.19,0.42
WFF,57.27,58.86,63.49,95.42,114.01,101.26,6,37,53,42,0.91,0.02,1.01,2.95,0.14
NTCL,57.26,68.57,68.38,52.33,230.08,133.57,6,3,96,86,1.6,0.01,1.77,6.53,0.27
MCTR,57.21,59.34,61.43,75.98,291.63,101.26,6,6,97,42,1.83,0.01,2.04,4.83,0.42
MYPS,57.17,57.17,60.43,82.26,91.62,99.29,6,9,14,21,1.0,0.06,1.06,1.44,3.31
INTJ,57.14,77.72,84.63,201.15,95.1,105.07,6,95,17,66,0.55,0.03,0.89,0.81,0.84
BTOC,57.07,65.61,65.61,86.08,86.7,91.95,6,11,11,15,1.25,0.05,1.46,2.2,8.33
GP,57.01,59.88,57.71,62.07,58.65,63.31,6,4,3,4,3.77,0.1,3.64,5.33,0.27
THS,56.91,57.63,63.19,64.34,78.13,85.91,6,4,7,11,17.38,0.01,18.92,25.5,1.58
MIGI,56.85,62.02,58.05,79.69,73.34,67.0,6,8,6,5,0.4,0.06,0.45,0.62,0.45
KLC,56.8,58.52,57.12,78.82,97.86,96.26,6,7,19,18,6.95,0.01,8.43,13.64,1.62
COLD,56.48,60.98,69.83,70.89,95.37,91.55,6,5,17,14,12.83,0.0,15.01,18.5,1.78
IPW,56.47,73.57,91.54,84.9,88.69,98.8,6,10,12,21,0.52,0.04,0.59,0.64,0.58
CGEM,56.46,56.56,73.25,71.91,71.61,77.86,6,5,6,7,6.2,0.02,7.46,8.78,2.65
IRDM,56.42,58.76,84.11,112.18,107.2,107.81,6,74,28,69,18.08,0.03,24.55,26.91,2.7
CEPU,56.22,63.81,84.33,110.05,123.19,156.77,6,73,81,91,7.68,0.0,10.92,12.27,2.03
CBUS,56.02,56.02,54.84,60.63,95.94,49.18,6,3,17,2,1.42,0.04,1.45,2.12,1.36
AESI,55.98,59.51,67.68,74.45,86.88,116.24,6,6,11,77,10.86,0.03,11.95,15.78,2.12
JDZG,55.97,56.49,57.54,62.18,105.67,118.97,6,4,26,79,2.03,0.02,2.22,4.05,0.33
BDMD,55.93,57.95,60.39,144.09,238.24,180.08,6,89,96,93,2.64,0.14,2.42,4.38,0.31
OBIO,55.86,57.12,69.36,74.14,90.46,91.87,5,6,13,15,2.44,0.01,2.78,3.72,1.82
PALI,55.85,58.04,66.92,87.15,49.05,44.79,5,11,2,2,0.6,0.02,0.79,0.99,0.12
LIMN,55.79,58.63,78.21,95.42,114.01,101.26,5,37,53,42,1.26,0.0,4.23,7.38,0.4
WPRT,55.64,59.13,71.07,96.77,93.45,85.97,5,57,15,11,2.24,0.0,3.18,3.46,1.44
IBG,55.57,65.51,83.33,135.45,107.15,101.34,5,87,27,61,0.35,0.01,0.62,0.71,0.07
NAUT,55.55,62.63,58.12,61.3,44.76,66.59,5,4,2,4,0.68,0.02,0.72,1.09,2.45
PROF,55.53,55.53,66.4,88.19,89.86,90.82,5,12,13,14,4.34,0.09,4.99,5.95,1.12
GLTO,55.42,56.55,69.35,90.12,81.23,50.09,5,14,9,2,2.87,0.06,3.3,3.82,0.3
JEM,55.38,56.03,92.24,95.42,114.01,101.26,5,37,53,42,0.47,0.03,3.23,3.83,0.15
OKUR,55.37,55.37,63.73,67.69,42.31,51.49,5,4,2,3,2.57,0.04,2.46,4.33,0.65
AEON,55.09,55.09,81.14,74.55,56.33,48.63,5,6,3,2,0.76,0.0,0.76,7.36,0.84
ANIK,54.99,54.99,57.11,59.78,74.85,80.02,5,3,6,8,8.9,0.05,9.39,13.41,1.64
TSE,54.77,59.35,73.02,91.55,125.15,154.8,5,15,82,91,2.56,0.11,2.56,3.65,3.5
LYRA,54.75,55.63,96.0,128.37,234.87,67.4,5,85,96,5,6.35,0.09,7.2,8.52,1.32
ZDAI,54.72,54.72,47.05,91.1,89.51,60.22,5,14,13,3,0.67,0.0,0.55,0.77,0.15
IOVA,54.62,59.38,73.93,72.38,45.7,76.08,5,5,2,7,2.05,0.04,2.47,3.84,1.27
HSDT,54.61,55.0,9.86,3.82,57.33,98.94,5,1,3,21,24.13,0.02,8.38,232.41,0.92
WNW,54.6,69.76,80.28,70.28,35.14,307.77,5,5,1,97,2.0,0.01,1.87,7.52,1.14
GLE,54.59,60.43,60.74,142.12,148.23,89.59,5,89,90,13,0.88,0.06,1.39,1.72,0.05
ZEO,54.28,54.28,113.12,159.72,164.84,125.01,5,92,93,83,1.21,0.1,2.01,2.14,30.48
GIFT,54.23,58.97,56.74,73.45,124.26,90.01,5,6,82,14,1.05,0.06,1.06,1.41,0.18
VBIX,54.2,54.2,58.7,604.9,1158.25,1114.28,5,99,99,99,2.79,0.05,3.88,4.86,0.13
XCH,54.19,59.48,79.66,79.27,95.13,62.69,5,8,17,4,1.35,0.01,1.26,2.51,0.37
LULU,54.15,54.3,60.29,74.88,102.22,117.14,5,6,23,78,169.62,0.04,198.07,293.2,1.57
VRCA,54.13,58.61,71.2,104.74,64.62,43.35,5,68,4,2,4.39,0.02,6.05,6.27,38.71
DCGO,54.1,61.75,69.38,64.66,78.63,142.74,5,4,7,89,1.45,0.04,1.52,2.67,2.04
FUN,54.04,59.99,59.78,73.29,87.56,107.76,5,6,12,69,22.32,0.02,26.48,35.88,1.86
MERC,53.96,59.1,63.0,71.05,93.26,109.62,5,5,15,71,2.86,0.04,3.31,4.81,1.14
AKTX,53.74,55.19,60.97,75.07,107.25,84.38,5,6,28,10,0.81,0.06,0.95,1.13,0.23
BON,53.6,53.77,45.49,40.24,16.3,78.15,5,2,1,7,1.99,0.02,1.48,13.37,0.12
STAK,53.56,55.37,90.42,108.36,114.01,101.26,5,71,53,42,0.83,0.02,1.4,2.11,2.13
SYNX,53.56,59.93,66.69,69.81,133.29,142.94,5,5,86,89,1.62,0.05,1.69,2.58,0.48
CDIO,53.55,53.55,54.32,50.42,125.93,215.14,5,2,83,95,3.99,0.02,3.94,10.86,0.6
SABR,53.41,55.84,54.78,110.12,121.56,128.68,5,73,80,84,1.88,0.06,2.3,2.95,0.91
XFOR,53.36,53.36,67.03,49.96,40.19,98.14,5,2,2,20,3.17,0.08,2.57,8.01,0.1
LVRO,53.07,53.07,46.89,55.77,81.08,90.89,5,3,8,14,1.84,0.15,1.84,3.13,1.57
GOCO,52.9,56.7,63.48,57.52,137.99,165.64,5,3,87,92,4.71,0.0,5.49,9.88,2.03
NITO,52.69,69.0,75.64,98.62,109.83,543.78,5,60,30,98,0.15,0.0,0.23,0.41,1.66
SSKN,52.57,52.59,93.74,82.42,94.8,86.1,5,9,16,11,1.57,0.09,1.9,2.49,0.06
WKHS,52.53,54.64,70.07,151.73,23.09,60.4,5,91,1,4,1.12,0.02,1.66,3.78,0.97
COOK,52.52,54.05,66.81,94.31,81.17,90.26,5,18,8,14,1.3,0.02,1.52,1.89,1.29
PCVX,52.46,53.65,57.13,67.68,90.1,101.45,5,4,13,61,31.75,0.04,32.94,52.81,2.69
NINE,52.41,74.3,86.26,92.08,103.91,95.79,5,15,24,18,0.64,0.15,0.7,0.92,1.01
HUMA,52.36,52.36,44.51,99.77,79.2,121.07,5,61,8,80,1.86,0.14,1.94,2.76,1.97
HCAT,52.25,54.95,67.67,69.34,71.26,90.95,5,5,5,14,2.89,0.03,3.42,4.61,1.1
CDTG,52.18,52.39,88.74,58.23,138.15,103.6,5,3,88,65,0.85,0.08,0.71,1.49,0.05
CRIS,51.95,51.95,56.1,78.1,69.65,54.98,5,7,5,3,1.7,0.11,1.72,2.41,0.71
WPP,51.91,57.09,58.84,79.7,85.94,101.8,5,8,11,62,24.04,0.0,26.81,37.45,1.88
BAFN,51.84,52.51,58.99,100.75,151.36,155.02,5,63,91,91,8.5,0.15,10.96,14.24,0.1
PMTS,51.82,52.98,59.42,82.05,120.88,134.8,5,9,79,86,15.62,0.11,17.26,24.84,2.79
SBEV,51.82,57.65,32.66,121.37,82.45,77.49,5,81,9,7,2.19,0.09,1.99,4.5,0.07
PDSB,51.8,57.98,69.82,82.93,91.85,53.85,5,9,14,3,1.05,0.04,1.18,1.39,1.81
RANI,51.7,51.7,51.49,54.17,72.51,64.4,5,3,6,4,0.51,0.04,0.52,1.02,0.26
IT,51.54,51.54,48.97,82.93,92.17,102.26,5,9,14,63,256.39,0.09,281.03,414.41,2.79
NYXH,51.36,58.05,73.63,96.39,124.7,131.3,5,56,82,85,4.94,0.04,6.64,7.95,0.44
FPAY,51.35,54.62,49.39,94.84,116.38,145.43,5,18,75,89,0.75,0.15,0.86,1.29,0.88
LVO,51.2,56.45,61.28,90.54,82.69,130.3,5,14,9,85,0.51,0.07,0.61,0.83,0.78
SPT,50.98,53.03,55.77,72.13,80.56,95.73,4,5,8,18,14.24,0.04,16.04,23.46,2.15
SHPH,50.81,58.35,45.48,31.45,37.57,45.35,4,1,2,2,4.09,0.02,3.64,9.72,0.98
CSTE,50.63,50.63,50.87,53.65,71.47,95.04,4,3,5,17,1.6,0.06,1.61,2.78,1.66
SRTS,50.62,51.4,56.8,93.37,97.0,167.69,4,17,18,92,3.11,0.0,3.94,5.18,0.91
RIME,50.51,50.51,57.41,57.41,66.13,26.78,4,3,4,1,2.28,0.0,2.29,5.62,0.34
ARBK,50.19,50.19,49.12,79.14,65.33,43.94,4,7,4,2,0.28,0.08,0.3,0.42,0.33
TTD,50.18,52.45,58.6,105.56,85.16,123.2,4,69,10,82,44.47,0.01,64.14,79.24,2.78
HELE,49.94,52.53,58.69,53.26,76.08,81.35,4,3,7,9,22.63,0.05,23.38,40.79,1.62
NOTV,49.7,56.52,74.85,101.38,131.62,195.41,4,63,85,94,1.37,0.01,1.8,2.76,1.04
PTLO,49.55,49.55,54.88,101.63,119.79,123.93,4,64,79,82,6.34,0.03,8.24,10.97,1.18
BRBR,49.25,53.09,59.21,85.64,128.99,123.33,4,11,84,82,36.0,0.01,44.62,63.98,0.98
SCNI,49.15,51.21,50.71,74.28,93.68,97.46,4,6,15,20,1.57,0.05,1.72,2.67,0.02
ITRM,48.91,50.4,64.29,82.77,107.81,140.72,4,9,28,88,0.67,0.02,0.76,1.21,0.67
PRCT,48.76,51.76,57.35,85.89,92.72,141.62,4,11,15,88,37.39,0.0,45.12,60.56,1.07
RDHL,48.75,51.56,44.95,57.9,39.38,55.96,4,3,2,3,1.69,0.06,1.54,3.23,0.04
SITC,48.71,51.87,71.04,71.33,59.64,48.58,4,5,3,2,8.67,0.0,10.75,12.7,2.14
EOLS,48.31,53.59,59.86,77.93,105.25,105.25,4,7,25,67,6.29,0.04,7.81,10.61,1.55
SIDU,48.31,67.52,70.67,96.18,82.61,150.98,4,56,9,90,1.08,0.03,1.33,1.88,0.75
GLMD,48.19,65.75,67.57,95.73,65.29,71.82,4,55,4,6,1.46,0.03,1.59,1.97,0.3
NFE,47.96,51.22,48.9,50.1,83.9,99.41,4,2,10,21,2.34,0.07,2.79,7.21,1.75
TRDA,47.92,49.31,50.47,56.64,69.06,110.84,4,3,5,73,5.42,0.02,5.72,9.88,1.77
HAIN,47.91,63.05,63.05,58.06,62.07,73.47,4,3,4,6,1.53,0.01,1.73,3.33,3.05
MNTS,47.7,51.56,49.78,54.89,43.86,119.47,4,3,2,79,1.2,0.01,1.25,2.96,0.07
CENN,47.67,50.76,52.13,85.13,85.91,83.03,4,10,11,9,0.55,0.07,0.56,0.85,0.64
AIXI,47.66,47.89,43.9,62.1,75.81,86.94,4,4,7,12,1.76,0.05,1.71,3.5,0.96
FRPT,47.5,50.69,54.16,64.84,70.8,127.53,4,4,5,84,51.4,0.0,62.28,94.51,1.45
VRAX,47.5,48.26,51.93,76.08,91.48,216.39,4,6,14,95,0.63,0.02,0.77,1.25,0.21
MXCT,47.49,49.52,45.13,63.4,74.4,108.85,4,4,6,70,1.52,0.07,1.69,2.86,1.27
ICON,47.48,49.64,56.41,72.13,47.3,96.57,4,5,2,19,2.23,0.01,2.37,17.54,0.27
GDYN,47.43,48.6,51.2,77.7,122.45,162.4,4,7,81,92,7.53,0.0,8.62,14.76,3.38
TELO,47.39,47.39,44.38,59.22,83.86,95.79,4,3,10,18,1.53,0.06,1.56,2.99,0.27
OMI,47.3,49.15,56.62,75.25,70.8,84.42,4,6,5,10,5.24,0.05,6.19,8.73,8.09
AUID,47.05,51.66,70.8,81.46,125.18,80.98,4,8,82,8,3.11,0.06,3.82,5.35,1.12
CNC,46.73,49.71,51.29,81.37,106.18,90.38,4,8,26,14,31.77,0.13,28.76,50.99,1.23
MKDW,46.45,48.07,46.91,52.92,46.65,46.21,4,3,2,2,0.22,0.04,0.21,0.39,0.67
DHAI,46.41,49.06,63.42,77.47,38.64,147.2,4,7,2,90,0.2,0.02,0.25,0.5,0.27
MRKR,46.41,47.99,70.22,90.71,81.46,98.79,4,14,9,21,0.95,0.02,1.22,1.7,0.06
HPK,46.28,53.52,59.93,81.45,88.97,94.95,4,8,12,17,6.69,0.0,8.09,10.89,1.93
TOVX,46.28,46.71,49.51,42.13,73.11,61.2,4,2,6,4,0.4,0.01,0.43,0.93,0.39
NXXT,46.23,54.64,58.74,85.73,103.66,105.48,4,11,24,67,1.67,0.16,1.63,2.74,8.37
VIVK,46.03,55.65,76.17,92.6,96.81,92.67,4,16,18,16,0.55,0.0,0.79,0.88,0.9
DRCT,46.0,48.77,52.15,56.61,67.56,124.55,4,3,5,82,0.37,0.0,0.47,0.8,1.33
GMGI,45.98,47.02,69.15,76.89,101.93,96.38,4,7,22,19,0.99,0.03,1.35,1.78,1.23
OTLK,45.92,49.39,120.13,99.76,81.41,52.78,4,61,9,3,0.96,0.02,1.82,1.71,0.36
EDBL,45.88,45.88,54.81,67.87,76.68,66.04,4,4,7,4,1.84,0.0,2.17,3.43,0.39
PMAX,45.84,51.47,72.39,76.94,91.18,80.29,4,7,14,8,0.32,0.01,0.35,0.69,2.29
AMIX,45.82,52.27,44.94,54.46,42.56,35.34,4,3,2,2,1.06,0.0,1.24,2.05,0.3
SKBL,45.8,47.28,56.85,101.18,114.01,101.26,4,63,53,42,2.38,0.15,1.18,7.59,0.13
TGL,45.67,47.3,42.36,32.67,30.37,29.84,4,1,1,1,1.19,0.01,1.11,4.49,0.31
DFLI,45.6,58.61,36.42,36.19,34.05,65.76,4,2,1,4,0.28,0.02,0.28,1.18,0.09
BBAR,45.33,50.53,83.26,118.42,196.16,290.23,4,79,95,97,8.19,0.0,13.73,17.91,1.19
LGVN,45.27,45.27,50.56,91.14,91.52,98.55,4,15,14,21,0.79,0.07,1.1,1.44,0.29
GUTS,45.1,47.3,49.26,108.54,124.45,66.33,4,71,82,4,0.99,0.04,1.27,1.58,1.4
INAB,44.98,47.54,44.45,34.41,57.0,68.07,4,2,3,5,2.0,0.01,2.2,5.18,0.71
NAAS,44.67,44.67,32.82,26.42,27.29,46.87,4,1,1,2,4.1,0.03,2.91,12.89,0.9
FRSX,44.66,50.66,51.41,63.07,92.71,244.4,4,4,15,96,2.07,0.0,2.63,4.89,0.32
INSP,44.3,46.72,53.86,74.63,90.46,106.53,4,6,13,68,79.88,0.02,100.36,148.8,1.38
TNDM,44.26,46.92,47.39,66.8,78.28,106.25,4,4,7,68,12.57,0.07,13.28,22.4,1.14
EDN,44.1,49.94,80.14,105.79,164.68,221.85,3,69,92,95,15.18,0.0,23.98,32.13,1.5
JZ,44.1,44.1,31.33,28.19,97.75,91.49,3,1,19,14,1.84,0.04,1.66,5.74,0.19
PTLE,44.07,56.68,49.72,46.67,92.42,92.57,3,2,15,16,0.19,0.0,0.19,2.18,1.14
IQST,43.97,43.97,53.84,76.36,89.87,176.53,3,6,13,93,5.93,0.0,7.7,12.26,0.81
GGAL,43.7,50.55,82.66,105.67,168.74,247.65,3,69,93,96,26.45,0.0,43.54,55.05,2.11
ANNA,43.55,46.82,46.82,89.41,184.64,106.03,3,13,94,67,4.27,0.02,4.5,7.84,0.15
HOLO,43.49,50.58,41.67,28.73,39.52,41.9,3,1,2,2,5.21,0.0,4.93,30.98,0.93
TAOP,43.31,43.31,37.56,45.08,81.79,64.3,3,2,9,4,3.13,0.01,3.69,6.96,1.5
FTEL,43.25,63.04,63.04,60.67,36.76,240.36,3,3,2,96,0.47,0.0,0.56,3.82,0.57
BATL,43.14,54.39,59.34,122.3,136.61,40.25,3,82,87,2,1.04,0.01,1.21,1.55,0.29
NOTE,43.03,45.92,54.12,82.2,80.33,152.44,3,9,8,91,4.39,0.02,6.41,10.04,1.21
DVLT,43.01,43.01,34.85,57.8,77.42,88.84,3,3,7,13,0.45,0.07,0.47,0.94,5.13
LPTX,42.98,46.89,46.7,53.14,49.11,123.93,3,3,2,82,0.29,0.01,0.31,0.85,0.82
XELB,42.65,46.89,44.72,41.86,74.89,59.14,3,2,6,3,1.39,0.05,1.38,2.85,0.06
UCAR,42.39,45.83,50.93,97.86,89.42,113.42,3,59,13,75,2.06,0.02,2.42,3.63,0.05
TEAD,42.32,42.89,45.52,62.49,80.06,152.36,3,4,8,90,1.68,0.02,2.11,3.97,1.11
ANGH,42.25,46.07,47.17,76.8,79.65,84.85,3,7,8,10,3.1,0.01,3.75,5.78,0.15
CLRB,42.18,42.18,36.47,60.42,71.49,67.91,3,3,5,5,5.2,0.01,4.89,8.87,0.68
IMA,41.73,45.59,78.68,92.62,87.04,92.25,3,16,11,15,8.25,0.02,13.6,15.75,2.4
SXTP,41.65,44.22,44.36,66.69,95.87,67.43,3,4,17,5,1.36,0.01,1.41,2.86,0.17
QRHC,41.1,46.5,46.89,51.21,43.22,73.53,3,2,2,6,1.54,0.0,1.86,3.36,0.63
XHG,41.05,45.43,39.44,31.33,60.53,31.75,3,1,3,1,1.45,0.0,1.28,9.5,0.06
BURU,40.97,42.47,65.92,114.04,108.79,79.86,3,76,29,8,0.14,0.0,0.21,0.28,1.28
GLOB,40.4,40.4,44.71,57.19,67.25,103.47,3,3,4,64,57.0,0.01,73.35,131.69,1.03
MKZR,40.32,48.7,39.25,44.14,87.86,112.12,3,2,12,74,5.38,0.02,5.8,15.31,1.29
SUPV,39.77,45.4,74.74,104.14,204.75,317.15,3,67,95,97,5.02,0.0,8.87,12.71,1.06
BIAF,39.73,71.51,56.71,63.25,80.92,58.53,3,4,8,3,4.95,0.0,8.33,14.59,1.42
SG,39.56,40.3,43.21,62.39,85.19,145.54,3,4,10,89,8.59,0.01,10.81,20.36,0.73
WBUY,39.52,39.66,39.91,176.27,133.39,80.54,3,93,86,8,3.46,0.05,4.26,7.87,0.59
ZSPC,39.49,39.66,57.49,58.5,115.5,99.73,3,3,74,22,1.57,0.0,2.32,8.05,1.94
CREG,39.48,39.48,22.37,34.08,101.43,89.02,3,2,22,13,1.64,0.06,1.66,5.09,0.13
AZI,39.05,40.11,45.58,47.4,142.02,93.11,3,2,89,16,0.22,0.01,0.23,0.6,0.28
KBSX,38.46,58.42,50.9,51.85,61.4,110.14,3,2,4,72,1.49,0.01,1.68,4.15,6.28
RXST,38.19,38.44,37.33,42.53,62.86,70.06,3,2,4,5,9.41,0.06,8.32,20.06,0.75
CISS,38.14,44.12,51.94,54.2,52.29,36.88,3,3,3,2,2.29,0.01,3.03,4.94,0.39
DOGZ,37.99,38.12,57.82,100.85,198.49,478.91,3,63,95,98,13.72,0.13,10.83,24.36,0.25
SQNS,37.92,40.71,48.63,240.62,127.86,170.58,3,96,83,92,9.84,0.04,15.52,21.74,0.52
WORX,37.86,40.03,43.98,43.23,65.28,118.64,3,2,4,79,0.28,0.0,0.34,0.84,0.15
CHR,37.59,37.59,61.44,104.41,67.28,94.9,3,67,5,17,0.79,0.04,1.28,1.74,0.94
CNSP,37.34,42.2,32.01,39.81,39.95,60.11,3,2,2,3,7.98,0.03,7.57,27.7,0.59
LRHC,37.33,44.14,44.14,42.7,36.88,76.98,3,2,2,7,7.42,0.03,6.53,19.52,0.15
INTS,36.94,36.94,41.28,32.59,78.59,76.18,3,1,7,7,0.25,0.0,0.29,1.24,0.41
BDRX,36.62,40.13,27.89,33.46,30.25,46.82,3,2,1,2,6.61,0.01,7.05,21.3,0.2
ELUT,36.38,41.73,85.0,82.61,86.57,138.63,3,9,11,88,1.09,0.0,1.92,2.53,5.38
LUNG,34.95,34.95,36.1,57.3,113.47,116.69,3,3,34,78,1.69,0.02,2.06,4.62,1.25
ELAB,34.94,36.69,41.7,39.87,23.31,23.79,3,2,1,1,5.82,0.0,6.7,21.61,0.03
RELI,34.55,47.97,60.57,135.34,153.96,76.74,3,87,91,7,0.74,0.02,1.05,1.45,0.41
BGMS,34.52,42.46,60.7,16.55,58.07,50.75,3,1,3,3,4.65,0.0,8.64,47.35,0.01
IMNN,34.09,36.86,77.42,99.09,243.9,103.66,3,61,96,65,4.98,0.0,6.47,10.94,1.81
LNZA,34.07,41.78,50.96,137.13,35.88,87.5,3,88,2,12,17.47,0.01,29.46,55.46,1.95
NAOV,33.82,50.63,31.3,24.53,123.63,93.65,3,1,81,17,7.2,0.03,7.42,32.62,0.19
CNF,33.8,41.64,72.11,77.33,79.55,91.74,3,7,8,15,2.94,0.02,5.61,7.76,0.74
FRGT,33.73,34.46,31.41,34.5,94.81,53.84,3,2,16,3,1.36,0.02,1.51,3.89,0.3
LFWD,33.71,33.71,34.9,43.81,77.88,67.4,3,2,7,5,0.56,0.01,0.66,1.29,0.4
XAIR,33.55,41.98,55.04,57.79,66.28,71.21,3,3,4,6,2.23,0.02,2.69,5.06,0.08
SRXH,33.48,35.66,42.96,47.68,110.74,72.16,3,2,31,6,0.35,0.05,0.41,1.0,0.02
JYD,33.4,33.4,37.68,92.17,772.41,541.16,3,16,99,98,0.15,0.01,0.18,1.54,1.31
RAY,33.3,38.57,168.02,191.45,215.74,102.11,3,94,96,62,0.51,0.0,1.95,1.63,0.25
CETX,33.29,38.97,66.15,49.3,50.73,22.17,2,2,3,1,0.66,0.0,1.13,1.72,0.96
BNGO,32.97,64.73,80.98,51.72,49.48,45.47,2,2,2,2,1.79,0.0,3.36,5.54,1.61
CURV,32.96,35.18,40.82,94.52,129.71,131.83,2,18,84,85,1.81,0.03,2.3,4.57,2.05
FGNX,31.99,39.34,71.52,173.64,81.06,92.23,2,93,8,15,7.27,0.01,17.52,18.98,3.06
XTIA,31.96,32.18,60.07,76.58,79.25,29.92,2,6,8,1,1.6,0.01,1.91,3.7,1.76
SUNE,31.96,32.0,37.89,32.91,9.38,18.37,2,1,1,1,1.43,0.0,1.54,134.61,0.51
AUUD,31.8,31.8,37.58,83.28,63.24,54.1,2,9,4,3,2.27,0.03,3.06,5.24,0.11
ERNA,31.73,31.73,31.74,39.81,48.83,47.46,2,2,2,2,1.33,0.01,1.6,3.31,2.38
JBIO,31.39,44.44,46.58,42.75,109.81,82.75,2,2,30,9,7.42,0.01,7.82,47.63,1.77
ONCO,31.22,34.1,23.86,36.94,23.43,17.25,2,2,1,1,2.97,0.0,3.22,17.52,0.07
JAGX,31.12,32.21,25.15,25.37,42.21,56.79,2,1,2,3,1.86,0.01,2.07,10.32,0.35
NEON,30.35,45.41,396.8,474.27,344.43,317.96,2,98,98,97,4.05,0.0,19.47,12.87,0.44
AZTR,30.31,30.45,39.77,55.36,75.15,48.6,2,3,7,2,0.76,0.0,1.09,1.92,0.04
PROP,30.16,34.51,42.73,62.17,69.34,94.89,2,4,5,17,1.87,0.0,2.88,5.07,1.92
TWG,29.83,30.69,28.62,54.67,65.1,63.3,2,3,4,4,5.99,0.0,7.16,13.91,0.28
RENB,29.51,30.01,49.67,58.49,62.28,152.54,2,3,4,91,0.17,0.01,0.25,0.57,4.34
JSPR,29.3,30.43,37.24,77.81,57.58,148.28,2,7,3,90,2.5,0.01,2.89,6.72,5.32
BBLG,29.11,35.3,43.88,85.53,82.1,69.02,2,11,9,5,2.11,0.01,2.46,4.59,0.04
DFSC,28.64,36.11,38.98,744.97,89.06,53.81,2,99,12,3,3.94,0.07,4.48,7.83,3.75
OSRH,28.01,29.35,40.1,45.01,51.18,97.8,2,2,3,20,0.76,0.02,0.75,3.82,0.04
DGLY,27.99,29.83,28.45,16.15,8.46,36.0,2,1,1,2,1.9,0.0,1.91,262.03,0.34
LGHL,27.98,34.41,39.96,66.38,47.46,59.32,2,4,2,3,1.48,0.02,2.3,4.53,0.15
ACXP,27.85,38.05,37.63,82.24,107.93,42.95,2,9,28,2,4.1,0.01,5.77,10.12,8.11
ORIS,27.79,29.38,25.93,81.65,94.63,92.57,2,8,16,16,0.16,0.0,0.19,1.31,0.4
BIOX,27.53,33.4,49.73,74.98,79.73,67.14,2,6,8,5,1.67,0.0,3.03,4.65,1.47
ADTX,27.46,31.26,29.6,25.92,12.2,13.41,2,1,1,1,0.97,0.0,1.08,15.04,0.39
SEAT,26.95,30.14,32.54,50.04,70.86,94.49,2,2,5,17,16.11,0.01,22.66,51.95,1.18
YHC,26.89,29.92,26.63,80.03,265.56,265.56,2,8,97,96,0.92,0.0,1.56,19.72,0.04
REPL,26.79,47.78,52.56,123.05,115.85,148.48,2,82,74,90,3.22,0.03,6.24,9.64,0.77
GTBP,26.68,28.5,51.93,158.53,116.69,94.82,2,91,75,17,0.78,0.01,1.45,2.24,1.09
ATYR,26.54,152.43,161.99,213.25,210.92,213.61,2,95,96,95,0.99,0.0,4.93,4.08,2.61
VEEA,26.18,26.18,23.09,64.12,69.24,65.11,2,4,5,4,0.68,0.01,1.02,2.0,0.93
STFS,26.1,26.14,134.82,139.08,104.3,240.06,2,88,24,96,0.16,0.0,1.12,2.31,0.39
SOS,26.09,26.09,26.56,113.87,89.08,49.46,2,76,12,2,1.9,0.05,3.33,5.44,1.08
TIRX,25.73,37.85,42.46,74.14,106.62,83.76,2,6,27,10,2.11,0.0,4.06,6.62,0.45
RVYL,25.52,28.61,41.81,68.61,81.88,77.45,2,5,9,7,0.3,0.02,0.32,0.85,1.76
EUDA,25.4,27.24,59.3,96.86,142.53,200.66,2,57,89,94,1.14,0.02,2.41,3.55,1.71
AMZE,24.93,25.1,29.55,84.6,109.13,126.24,2,10,29,83,3.43,0.07,4.05,10.19,1.69
CERO,24.21,36.05,35.92,32.19,46.46,30.34,2,1,2,1,5.4,0.0,7.4,36.6,0.33
MLGO,24.11,26.41,14.02,18.64,473.8,79.24,2,1,98,8,10.84,0.0,10.93,98.87,1.59
TRNR,23.98,26.07,28.19,35.32,42.97,32.86,2,2,2,1,3.36,0.0,4.56,12.6,0.31
RVPH,23.64,38.27,49.25,61.06,87.75,148.69,2,4,12,90,0.27,0.0,0.45,1.03,12.85
HIND,23.42,25.04,31.61,25.12,25.56,60.26,2,1,1,3,6.24,0.0,9.7,133.49,0.37
ENVB,23.0,38.47,58.79,47.4,42.3,80.23,2,2,2,8,0.6,0.0,1.13,15.52,2.41
NVNO,22.57,22.61,101.49,153.89,122.48,82.14,2,91,81,9,0.93,0.05,3.04,3.21,0.52
CLDI,22.13,22.13,29.93,121.59,55.26,78.06,2,81,3,7,1.54,0.0,4.5,8.36,0.21
SGBX,21.94,22.4,35.59,119.77,165.31,75.49,2,80,93,7,9.82,0.03,20.91,34.08,0.35
MYO,21.87,21.87,27.1,50.33,130.27,167.28,2,2,84,92,0.87,0.01,1.44,3.9,1.25
APDN,21.75,24.05,24.35,16.3,12.25,47.12,2,1,1,2,2.94,0.0,3.89,51.47,0.5
FLYE,21.28,23.51,28.26,250.91,128.72,101.48,2,96,84,61,0.75,0.02,3.31,2.85,0.18
TRUG,21.03,22.97,22.62,33.27,60.26,62.86,2,2,3,4,2.9,0.0,4.65,14.82,0.67
YYGH,20.8,25.63,180.1,282.67,137.24,156.72,2,97,87,91,0.38,0.01,1.96,1.75,0.45
GWAV,20.18,20.8,53.44,98.47,53.57,81.44,2,60,3,9,7.03,0.01,16.65,31.66,0.36
SLXN,19.29,20.23,71.38,109.48,159.32,379.87,2,72,92,98,3.5,0.01,8.39,16.96,0.25
GPUS,18.75,18.75,11.0,35.92,138.02,46.21,2,2,87,2,0.53,0.02,0.66,3.0,3.42
GNLN,18.73,18.73,27.82,34.32,16.97,43.71,2,2,1,2,3.55,0.0,3.54,372.46,0.17
INDP,18.22,18.22,38.73,53.17,55.02,62.19,2,3,3,4,2.78,0.01,7.18,15.5,7.37
AIM,17.61,20.65,20.57,128.58,52.56,65.13,2,85,3,4,2.68,0.01,4.07,10.71,0.44
OGEN,17.53,17.96,15.98,36.38,48.4,55.54,1,2,2,3,1.19,0.01,1.23,5.66,0.58
LGCL,17.48,19.04,73.99,173.64,83.57,61.73,1,93,10,4,0.16,0.02,0.58,0.58,3.41
PPBT,16.65,16.99,71.87,73.29,66.07,64.99,1,6,4,4,0.58,0.0,1.87,2.74,0.32
APVO,16.06,18.5,14.84,12.68,35.55,41.61,1,1,2,2,1.76,0.0,2.21,38.36,1.22
GDHG,15.65,15.65,14.56,7.38,145.53,55.5,1,1,90,3,7.74,0.0,8.57,307.85,0.21
AGRI,15.46,15.46,14.1,42.07,56.79,36.28,1,2,3,2,2.41,0.0,3.73,12.74,0.1
NIVF,15.15,15.37,11.68,19.15,188.12,274.35,1,1,95,97,1.88,0.0,2.15,21.91,0.24
GSIW,14.71,15.75,13.75,234.96,178.54,37.58,1,96,94,2,0.15,0.01,0.31,0.59,0.14
NUWE,14.56,19.0,20.75,28.22,68.3,67.54,1,1,5,5,3.54,0.0,7.15,32.04,0.16
GORV,14.3,20.79,30.12,51.22,59.49,61.64,1,2,3,4,2.1,0.0,4.36,12.8,0.36
CJET,13.77,13.77,88.04,118.4,89.87,52.73,1,79,13,3,0.29,0.07,1.59,1.76,43.43
NVVE,13.6,14.19,29.17,53.95,66.05,56.41,1,3,4,3,0.25,0.0,0.53,1.59,0.46
HCTI,13.45,18.89,67.22,61.81,55.81,210.29,1,4,3,95,2.62,0.0,4.43,78.09,0.39
PTHL,12.86,14.37,36.47,647.02,369.37,105.86,1,99,98,67,0.86,0.01,6.34,6.07,0.06
CDT,12.15,15.14,20.06,12.68,13.97,50.38,1,1,1,3,0.72,0.0,1.56,28.41,0.32
BIVI,11.58,11.72,11.95,69.62,63.67,98.34,1,5,4,20,1.86,0.01,3.71,11.7,1.04
CHSN,11.09,11.09,6.83,27.03,106.67,262.1,1,1,27,96,2.76,0.0,5.23,103.41,0.19
NXTT,9.52,15.61,69.89,495.24,237.92,126.41,1,98,96,83,22.97,0.0,257.94,284.1,0.92
XXII,9.06,9.06,5.06,10.87,17.63,16.5,1,1,1,1,1.97,0.0,2.57,49.91,12.35
WHLR,7.82,22.81,19.83,18.53,5.32,9.81,1,1,1,1,1.46,0.0,2.84,124.44,0.46
VCIG,6.04,6.12,13.09,16.55,23.9,25.97,1,1,1,1,10.22,0.0,25.04,342.64,0.59
QH,4.75,5.3,12.42,144.19,195.82,224.98,1,89,95,95,6.0,0.01,35.09,99.07,0.17
ZNB,4.57,4.57,7.06,57.8,41.33,15.92,1,3,2,1,1.76,0.0,10.36,27.3,0.53
WAI,4.13,4.49,5.24,50.56,57.95,91.78,1,2,3,15,3.59,0.0,6.98,102.86,0.08
GVH,2.57,2.62,3.05,201.81,233.38,86.45,1,95,96,11,5.16,0.0,6.22,118.75,0.08
OST,1.97,2.16,2.31,384.42,316.96,86.1,1,98,97,11,1.7,0.0,2.13,54.98,0.0
SPRB,0.95,1.27,1.27,72.63,71.91,66.76,1,5,6,4,8.38,0.0,216.18,1152.52,0.81
GIBO,0.63,0.63,0.4,8.1,142.58,105.78,1,1,89,67,3.0,0.0,6.46,1319.76,0.4
