Ticker,RS,1wk:end max,1mo:1wk max,3mo:1mo max,6mo:3mo max,9mo:6mo max,Rating (RS),Rating (3M:1M),Rating (6M:3M),Rating (9M:6M),Price,52W pos,MA50,MA200,Volume / VMA50
RGC,5373.36,6561.37,13704.21,37955.19,1538.08,111.24,99,99,99,81,12.97,0.17,19.72,5.65,0.21
WBX,922.15,1114.87,1299.11,62.91,59.39,69.23,99,3,2,2,4.83,0.73,2.66,1.07,0.12
NEGG,857.86,1015.25,712.5,192.73,63.56,88.36,99,97,2,3,53.53,0.83,20.14,11.45,1.11
QBTS,767.99,839.64,982.89,1061.44,627.94,924.85,99,99,99,99,16.38,0.8,16.74,8.56,0.52
RGTI,558.27,648.52,874.27,851.21,1212.61,2182.4,99,99,99,99,14.12,0.7,13.09,9.42,0.62
BSGM,539.43,702.33,2505.05,1795.84,161.26,355.68,99,99,95,98,4.29,0.36,6.28,2.45,0.49
DBVT,501.41,571.39,748.66,911.87,680.12,576.77,99,99,99,99,9.0,0.77,9.41,5.71,0.69
SY,500.54,576.96,660.65,381.05,118.52,94.94,99,99,87,4,4.32,0.7,2.73,1.32,0.63
ZEPP,473.83,495.79,529.8,99.84,117.12,106.41,99,10,87,79,13.0,0.9,5.88,3.67,0.26
QNTM,448.83,448.83,440.59,594.03,195.53,59.72,99,99,97,2,23.7,0.65,19.61,9.3,0.47
ROMA,363.51,489.65,498.77,581.55,185.23,148.14,99,99,97,92,3.32,0.76,3.21,1.49,0.06
RKLB,362.41,376.67,430.82,348.68,514.69,543.35,99,99,99,99,44.81,0.86,35.6,24.98,0.69
MNPR,335.02,516.5,538.16,644.12,1511.72,1297.3,99,99,99,99,40.69,0.77,37.47,31.99,0.86
ZKIN,326.27,336.46,442.6,464.58,493.75,505.66,99,99,99,99,2.01,0.45,2.32,1.44,0.22
VSA,322.02,322.02,330.21,188.3,133.78,97.4,99,97,92,5,1.39,0.75,1.11,0.75,0.93
NVTS,320.98,336.61,359.74,278.63,126.45,122.61,99,98,90,85,7.96,0.86,6.72,3.65,0.58
DDC,314.61,443.75,559.26,228.29,92.5,54.13,99,98,6,1,11.94,0.56,11.7,6.2,0.59
LIXT,312.5,312.5,270.94,89.76,129.65,137.14,99,7,91,90,4.87,1.0,2.25,1.84,0.11
LIDR,304.97,470.49,470.49,117.7,81.53,209.55,99,89,4,97,2.88,0.6,1.28,1.03,0.62
HYPD,301.3,396.35,686.83,422.21,17.56,52.63,99,99,1,1,7.08,0.06,7.49,9.06,0.08
VAPE,298.18,780.5,137.65,133.54,171.65,126.75,99,93,96,87,21.3,0.3,11.55,8.75,1.38
KLTO,295.71,418.35,495.24,435.02,64.81,64.6,99,99,2,2,0.92,0.42,1.05,0.53,0.02
OCG,294.2,294.2,403.99,619.76,376.15,132.48,99,99,99,89,5.11,0.66,5.75,2.98,0.0
HOOD,293.02,306.97,337.36,304.22,331.86,282.85,99,98,98,98,99.9,0.89,86.07,53.43,1.69
ZONE,288.52,303.43,299.37,293.33,110.91,101.74,99,98,84,77,4.03,0.91,3.07,1.76,0.02
HOVR,288.02,312.37,382.48,351.37,136.41,234.2,99,99,92,97,1.41,0.57,1.47,0.8,0.31
UMAC,282.89,359.51,453.53,344.09,645.43,1057.9,99,99,99,99,8.84,0.42,8.49,7.98,0.44
BBAI,269.98,318.01,387.13,311.06,611.1,288.04,99,98,99,98,6.4,0.61,5.63,4.04,0.5
SPRO,260.55,262.1,351.48,311.15,74.52,101.64,99,98,3,77,2.3,0.7,2.5,1.32,0.09
CLS,256.52,287.72,243.01,225.55,286.85,268.92,98,98,98,98,194.74,0.95,146.42,106.6,1.21
OUST,252.93,285.09,355.04,278.3,152.25,200.51,98,98,95,96,21.98,0.65,20.82,12.15,0.65
IMAB,252.33,252.33,262.59,272.11,77.8,80.85,98,98,4,3,2.62,0.92,2.08,1.25,27.99
VVPR,251.94,298.0,433.25,635.54,297.68,115.81,98,99,98,82,3.91,0.52,5.19,2.59,0.35
BE,247.15,250.18,215.58,151.63,228.73,274.35,98,95,98,98,36.72,0.97,24.32,21.55,2.27
FORD,243.97,243.97,216.35,182.64,153.83,155.12,98,97,95,93,12.14,1.0,7.82,5.71,0.23
MCVT,243.5,340.64,313.51,91.44,128.85,137.43,98,7,91,90,4.91,0.68,2.33,2.08,0.81
BLBX,242.5,243.79,363.11,233.07,176.18,200.68,98,98,96,96,7.08,0.69,6.17,3.77,0.6
OCFT,242.4,255.02,278.0,315.31,364.49,187.85,98,98,98,96,7.38,0.98,7.27,4.93,0.45
SLDP,240.65,316.53,317.46,180.08,107.37,154.47,98,97,82,93,3.11,0.65,2.39,1.55,0.96
GMM,234.93,260.71,282.74,402.51,868.44,639.56,98,99,99,99,2.77,0.57,2.75,2.81,3.3
IMRX,230.38,254.83,290.23,196.56,106.23,122.85,98,97,82,85,3.37,0.68,3.01,2.09,0.18
AZ,224.93,249.24,405.91,452.1,391.77,473.28,98,99,99,99,10.08,0.83,10.03,7.61,0.82
APP,221.99,229.38,225.79,282.26,536.03,630.12,98,98,99,99,379.17,0.7,364.23,319.55,1.2
QMMM,221.81,221.81,211.78,160.27,124.76,179.9,98,96,89,95,2.48,0.16,1.56,2.16,1.5
RCAT,217.71,245.33,322.3,363.03,788.85,1163.77,98,99,99,99,8.2,0.51,8.0,7.24,0.38
UBXG,216.35,227.19,233.39,358.89,496.26,415.89,98,99,99,98,2.94,0.08,3.16,2.94,0.45
AMLX,213.73,226.14,273.86,222.58,194.03,238.68,98,98,97,97,7.72,0.89,6.48,4.82,1.19
GRPN,212.22,233.02,278.63,294.59,175.81,110.3,98,98,96,81,29.06,0.72,33.02,18.49,1.58
CNTB,204.16,226.55,258.63,130.54,88.99,102.73,98,93,5,78,2.0,0.79,1.24,1.03,1.43
DOMO,203.7,209.89,223.69,191.5,119.96,122.44,98,97,88,85,16.11,0.96,14.0,9.53,1.32
ARTW,200.7,215.52,188.8,143.03,108.35,193.53,98,95,83,96,3.37,0.89,2.22,1.83,0.9
KTOS,196.17,208.79,209.25,182.59,171.2,167.51,98,97,96,95,56.71,0.92,46.13,33.51,1.1
WGS,195.0,195.0,176.13,208.93,742.84,1790.54,98,98,99,99,101.6,0.83,79.61,80.37,0.91
PMEC,194.54,207.97,223.35,201.0,170.55,102.1,98,97,96,77,1.48,0.9,1.35,0.93,0.56
PRZO,190.09,277.13,278.8,194.2,271.92,398.33,98,97,98,98,1.58,0.5,1.36,1.17,1.37
CAPT,189.67,225.01,239.38,174.7,65.0,51.21,98,97,2,1,1.25,0.41,1.23,0.85,0.18
XYF,189.66,195.53,270.86,319.37,295.08,202.04,98,98,98,96,14.18,0.63,17.55,11.54,1.19
VFF,189.14,191.62,202.23,152.12,87.23,98.74,98,95,5,5,1.54,1.0,1.24,0.88,1.29
IPX,188.67,206.33,205.03,167.67,177.66,250.15,98,96,97,98,37.78,0.89,30.17,25.68,1.25
FTK,188.57,201.18,242.7,273.65,228.6,244.33,98,98,98,98,11.4,0.59,14.08,9.63,0.63
IREN,187.7,210.75,242.12,186.09,206.83,244.62,98,97,97,98,15.4,0.74,13.33,10.45,0.94
TPR,186.28,201.95,200.5,163.5,200.7,185.89,98,96,97,96,106.31,0.95,90.58,72.81,1.23
VVOS,185.51,185.51,267.39,128.26,152.49,199.1,98,92,95,96,5.18,0.64,3.81,3.54,1.08
GDC,185.41,193.07,211.46,231.37,220.66,214.08,98,98,97,97,3.31,0.34,3.09,2.3,0.22
COMM,184.36,238.79,292.03,264.42,270.01,432.9,98,98,98,99,7.79,0.87,7.09,5.65,1.34
STRL,183.9,192.28,189.47,176.73,134.24,209.0,98,97,92,97,263.05,0.97,224.15,173.26,1.62
SATL,183.67,197.64,199.81,332.71,419.34,364.3,98,98,99,98,3.26,0.61,3.53,3.12,0.87
APPS,182.42,198.54,275.03,344.38,316.24,127.79,98,99,98,87,5.12,0.62,5.27,3.45,0.64
THTX,181.84,181.84,222.64,211.53,211.53,146.07,98,98,97,92,3.16,0.98,2.78,2.0,1.32
PHOE,181.65,181.65,100.0,100.0,100.0,100.0,98,45,44,41,8.12,0.6,6.75,5.76,0.15
SNT,181.09,193.35,212.6,197.62,260.13,280.96,98,97,98,98,4.27,0.78,4.34,3.41,0.66
PPIH,180.3,193.6,227.81,195.06,151.46,199.93,98,97,95,96,21.1,0.76,20.05,15.49,0.97
FIX,180.21,186.94,173.11,152.58,148.71,183.0,98,95,94,96,695.3,0.98,534.97,444.6,1.45
JFIN,180.08,198.18,241.91,261.79,235.63,142.76,98,98,98,91,13.08,0.64,15.62,10.29,0.45
OPTT,177.29,193.56,259.48,224.5,512.25,710.72,98,98,99,99,0.52,0.26,0.56,0.51,0.68
ESEA,176.47,182.04,179.09,157.62,119.42,126.11,98,96,88,87,51.44,0.95,45.12,33.31,1.19
NRG,176.24,179.32,180.37,183.56,148.26,159.19,98,97,94,94,167.63,1.0,154.92,113.82,0.84
ABAT,175.95,272.43,293.35,144.43,143.15,242.95,98,95,93,97,2.2,0.55,1.77,1.38,1.41
CECO,171.57,171.57,142.98,114.97,125.06,145.78,98,88,90,92,45.13,1.0,30.54,27.44,2.97
XNET,171.55,207.11,210.92,317.74,290.52,153.65,98,98,98,93,4.41,0.57,5.0,3.53,0.67
CMPX,171.25,192.12,203.59,170.29,270.05,229.01,98,97,98,97,2.95,0.68,2.62,2.22,1.02
EVEX,171.16,183.75,217.9,182.45,140.07,144.76,98,97,93,91,6.32,0.77,6.1,4.53,0.7
TVRD,170.72,188.9,246.3,243.56,178.4,132.99,98,98,97,89,26.2,0.71,26.15,17.76,0.33
ESP,168.68,188.13,194.26,185.52,122.35,160.21,98,97,89,94,46.44,0.82,43.71,32.44,0.89
MSGM,168.46,205.78,298.75,255.4,170.73,86.8,98,98,96,3,2.99,0.72,3.08,1.84,0.66
ACHR,168.39,197.49,247.97,250.12,274.47,303.63,98,98,98,98,9.64,0.64,10.66,8.46,0.74
SEDG,168.08,186.43,209.27,125.63,96.9,57.22,97,92,8,2,25.55,0.71,22.25,16.88,0.6
DOMH,167.59,235.35,295.9,285.84,703.2,180.32,97,98,99,95,4.5,0.31,5.1,3.92,0.64
COOP,167.26,167.26,168.98,163.18,154.8,136.77,97,96,95,90,174.26,1.0,145.92,115.05,1.66
MNY,167.19,203.34,203.34,85.96,88.56,93.71,97,6,5,4,1.67,0.74,1.08,1.0,0.36
SRRK,165.51,173.15,279.69,231.32,269.03,489.3,97,98,98,99,36.36,0.74,35.07,35.2,1.1
CPIX,164.45,164.45,183.05,318.77,455.76,190.25,97,98,99,96,3.52,0.43,4.19,3.52,0.34
CTOR,164.1,190.51,444.39,428.14,73.27,60.07,97,99,3,2,2.06,0.04,2.15,1.31,0.26
FUBO,163.02,182.96,221.4,231.78,285.41,347.18,97,98,98,98,3.75,0.6,3.48,2.89,1.45
LX,162.31,183.54,211.49,316.66,483.48,395.13,97,98,99,98,6.29,0.49,7.12,6.84,1.73
WDC,161.88,166.55,158.77,138.8,113.49,124.11,97,94,85,86,76.55,0.96,61.68,50.6,1.28
QD,161.86,164.57,156.78,136.66,155.2,171.32,97,94,95,95,3.95,0.96,3.13,2.8,2.5
NCRA,161.72,170.07,156.0,119.95,119.71,118.45,97,90,88,84,1.62,0.92,1.13,1.02,0.13
CISO,161.41,163.62,208.41,221.06,170.13,433.24,97,98,96,99,1.0,0.21,1.11,1.07,0.54
TME,160.41,170.59,179.17,156.73,131.21,131.52,97,96,91,88,20.54,0.86,19.36,14.13,0.74
AVGO,160.07,168.79,163.24,163.65,162.98,176.0,97,96,96,95,288.64,0.92,265.07,213.65,1.0
CPOP,160.06,188.9,112.17,70.16,63.54,116.6,97,3,2,83,1.28,0.7,0.66,0.83,0.95
IBKR,159.99,169.54,169.75,150.66,192.78,183.67,97,95,97,96,63.61,0.93,56.25,48.1,1.45
LMB,159.93,168.35,208.65,200.4,183.42,213.59,97,97,97,97,133.48,0.83,136.92,102.08,0.93
MIND,159.73,177.14,174.12,166.69,246.72,213.9,97,96,98,97,8.94,0.77,7.48,6.6,0.74
ALLT,159.59,171.18,269.62,249.72,356.51,346.78,97,98,98,98,7.31,0.61,8.49,6.46,0.7
URGN,158.87,166.91,164.96,119.69,92.59,91.13,97,90,6,4,19.4,1.0,12.12,11.28,0.29
AXIL,158.59,159.06,157.87,111.92,185.37,111.85,97,86,97,81,8.84,0.82,6.11,5.63,0.44
TMQ,158.0,195.6,236.15,243.72,326.93,279.72,97,98,98,98,1.59,0.73,1.5,1.31,0.85
XCUR,157.39,174.62,255.37,328.1,420.27,1484.98,97,98,99,99,6.89,0.18,8.07,10.4,2.53
VSAT,157.16,157.16,163.86,136.21,103.96,81.29,97,94,81,3,16.58,0.55,13.13,10.37,1.2
TATT,155.81,166.73,152.41,192.65,214.13,224.67,97,97,97,97,34.38,0.9,29.65,26.82,0.77
OCC,155.7,166.61,201.92,107.25,200.0,241.67,97,84,97,97,4.74,0.66,3.73,3.4,0.15
DASH,155.69,160.64,166.94,161.33,155.86,157.08,97,96,95,94,248.35,0.99,229.62,192.53,0.78
PRME,155.5,158.34,237.52,99.03,69.8,80.76,97,10,3,2,4.04,0.65,2.77,2.67,1.14
KFS,155.02,171.62,203.08,178.61,101.72,116.67,97,97,80,83,13.36,0.65,13.84,9.76,0.87
AFRM,154.69,163.8,182.13,156.85,207.97,220.29,97,96,97,97,66.41,0.74,62.54,57.55,0.92
IDCC,154.59,158.83,142.61,152.54,164.45,173.16,97,95,96,95,252.8,0.96,224.92,200.79,1.64
HWM,154.27,171.26,177.28,175.39,159.7,166.93,97,97,95,94,184.26,0.93,177.83,137.3,1.53
AU,154.2,157.37,169.48,188.61,173.63,128.26,97,97,96,87,48.76,0.89,47.03,34.89,1.2
REVG,154.01,162.96,175.38,167.94,150.22,161.78,97,96,94,94,48.37,0.93,45.03,35.0,0.81
OPRT,153.98,173.11,214.84,197.29,262.26,153.21,97,97,98,93,5.81,0.54,6.68,5.17,1.05
PCT,153.73,192.2,238.48,178.59,159.14,281.0,97,97,95,98,12.62,0.65,13.0,10.46,1.1
PRE,153.47,155.79,188.99,207.55,113.0,135.89,97,98,85,90,8.0,0.59,8.37,5.8,1.15
INTZ,152.7,167.95,289.11,300.53,179.57,431.13,97,98,97,98,1.78,0.27,2.04,1.45,0.32
FTCI,152.67,152.67,161.83,161.68,90.46,153.46,97,96,6,93,5.98,0.78,4.68,4.01,1.76
AXON,152.66,155.77,183.8,188.94,207.17,230.54,97,97,97,97,742.47,0.84,762.53,628.06,0.77
BNR,152.12,185.18,219.45,70.3,149.59,155.81,97,3,94,93,5.67,0.55,4.11,4.75,0.58
RCL,151.75,175.32,187.36,162.8,173.56,187.11,97,96,96,96,314.25,0.82,299.97,245.06,1.15
DAO,151.56,151.56,163.33,185.5,273.45,221.12,97,97,98,97,8.7,0.7,8.81,7.74,0.96
FSI,151.29,159.89,202.48,152.47,278.57,274.69,97,95,98,98,5.19,0.65,4.93,4.58,1.16
ARTL,151.21,200.35,461.44,213.16,111.92,94.35,97,98,85,4,10.2,0.22,10.5,7.5,0.76
LINC,150.9,152.0,167.37,173.63,149.94,156.1,97,97,94,93,23.04,0.94,22.71,17.84,0.96
AVAV,150.8,159.91,171.28,188.37,109.98,153.23,97,97,84,93,260.07,0.86,226.07,181.83,0.6
JUNS,150.36,160.97,270.68,179.57,100.0,100.0,97,97,44,41,1.36,0.06,1.31,2.53,0.15
ABCL,149.96,177.51,190.96,145.04,108.38,104.37,97,95,83,78,4.24,0.72,3.51,2.91,1.03
RMNI,149.69,176.81,196.59,154.02,180.66,133.01,97,95,97,89,4.16,0.7,3.92,3.11,3.04
SMCI,149.51,158.31,134.19,118.96,178.3,96.68,97,89,97,5,56.64,0.74,47.43,38.99,1.03
AHG,149.47,166.26,178.47,177.28,154.78,204.64,97,97,95,97,1.71,0.75,1.54,1.27,0.68
RAY,149.08,149.08,132.66,224.53,168.21,101.44,97,98,96,77,2.76,0.72,1.84,1.61,3.1
LPTH,149.02,159.6,199.32,200.2,233.7,300.73,97,97,98,98,2.96,0.6,3.0,2.48,0.97
DHX,148.87,158.76,196.65,188.57,159.28,143.21,97,97,95,91,2.62,0.68,2.61,2.09,0.49
WBD,148.45,159.26,159.13,125.53,127.81,144.64,97,92,90,91,12.87,0.88,11.19,10.08,0.93
CW,147.84,152.13,159.35,154.74,124.15,153.19,97,96,89,93,493.58,0.99,469.94,378.91,0.92
PULM,147.25,161.67,205.47,260.19,428.18,394.94,96,98,99,98,5.33,0.43,7.06,6.27,0.17
TIGO,147.09,148.38,159.31,154.26,145.65,135.26,96,96,94,89,40.35,0.89,37.48,29.36,0.67
APH,146.96,152.34,158.07,147.25,118.57,134.32,96,95,87,89,104.31,0.95,96.51,76.8,0.98
ALGM,146.88,162.18,175.7,139.81,116.0,104.71,96,94,86,78,31.26,0.7,31.97,25.11,0.97
SYTA,146.77,146.77,167.96,124.04,21.77,42.61,96,91,1,1,3.73,0.05,3.51,5.07,0.44
SLI,146.75,166.45,206.95,147.78,107.73,167.56,96,95,83,95,2.29,0.68,2.12,1.72,0.63
BOF,146.34,168.17,205.91,178.07,200.94,198.22,96,97,97,96,2.22,0.58,2.3,2.02,0.45
GRFS,146.3,146.3,134.01,122.61,117.5,124.28,96,91,87,86,10.78,0.98,9.17,8.09,1.41
DY,146.09,152.96,156.13,150.13,131.19,153.65,96,95,91,93,263.29,0.96,244.34,192.84,0.85
BBVA,145.75,147.96,156.03,148.86,148.51,118.93,96,95,94,84,16.66,0.99,15.25,12.4,0.69
CTOS,145.65,148.16,154.12,116.39,124.57,132.63,96,88,89,89,6.16,0.99,5.05,4.72,2.69
CANG,145.38,176.12,202.99,218.28,287.53,576.62,96,98,98,99,4.44,0.45,4.89,4.22,0.99
RMBS,145.05,147.12,138.68,127.65,134.6,124.25,96,92,92,86,72.41,0.93,62.23,56.36,1.76
TIGR,144.79,164.34,183.63,188.95,197.55,195.03,96,97,97,96,9.4,0.67,9.29,7.78,0.74
PBI,144.61,161.69,176.85,160.08,189.68,170.17,96,96,97,95,11.25,0.79,10.96,8.97,1.39
AUPH,143.7,143.7,130.33,125.97,129.96,165.29,96,92,91,94,10.49,1.0,8.37,8.21,4.24
PPTA,143.69,150.93,172.56,210.93,225.03,245.81,96,98,98,98,15.16,0.78,14.59,11.99,0.57
TRVG,143.2,158.98,155.75,226.93,246.78,143.39,96,98,98,91,3.94,0.61,3.91,3.35,0.77
SMMT,143.09,151.57,187.51,278.94,378.42,509.44,96,98,99,99,27.07,0.65,23.47,21.39,0.46
EAT,142.98,157.06,173.9,185.11,289.21,295.46,96,97,98,98,155.91,0.74,168.98,146.13,1.06
TOST,142.95,151.88,151.49,150.2,171.61,207.9,96,95,96,97,46.66,0.91,44.25,38.67,1.24
POET,142.77,156.46,190.38,160.1,223.59,432.55,96,96,98,98,5.4,0.58,5.21,4.61,0.73
AAME,142.66,147.41,150.73,146.6,106.37,100.64,96,95,82,77,2.25,0.89,2.0,1.66,3.77
KGC,142.58,142.58,159.57,169.64,168.94,160.48,96,97,96,94,16.21,0.98,15.45,12.39,0.97
PRM,142.57,153.4,166.72,142.28,144.68,241.68,96,95,94,97,15.64,0.81,14.42,12.41,1.0
GE,142.54,146.58,150.59,144.01,136.5,141.52,96,95,92,91,269.38,0.96,251.59,205.17,0.63
SENEA,142.2,145.54,146.01,141.89,144.19,141.64,96,95,94,91,103.44,0.94,97.95,82.95,0.42
APYX,141.93,223.06,223.06,170.32,110.25,127.44,96,97,84,87,1.75,0.51,1.98,1.49,1.29
ASPS,141.71,154.21,204.01,162.21,107.66,72.46,96,96,83,2,11.32,0.66,9.72,7.45,0.44
FL,141.7,153.84,156.61,131.07,78.32,96.63,96,93,4,5,24.65,0.62,24.51,20.49,0.69
BYON,141.69,163.68,189.71,108.32,97.28,79.62,96,84,8,2,8.16,0.54,7.49,6.45,1.22
AMTX,141.62,167.7,165.53,113.34,72.67,138.7,96,87,3,90,2.71,0.43,2.45,2.4,0.73
OMAB,141.6,144.64,168.38,155.8,125.12,116.92,96,96,90,83,105.4,0.85,105.11,81.92,0.44
INUV,141.38,164.02,171.5,169.46,177.53,243.1,96,97,97,97,4.86,0.55,4.52,4.01,1.04
TWLO,141.24,159.97,170.26,157.32,224.95,222.55,96,96,98,97,121.16,0.7,121.38,109.08,1.24
GTX,140.9,150.8,144.97,140.87,120.1,116.55,96,94,88,83,12.89,0.97,11.03,9.5,0.63
KEQU,140.85,149.69,155.16,143.79,187.97,191.25,96,95,97,96,54.78,0.61,48.37,46.52,1.37
MIR,140.59,161.96,163.7,165.15,143.99,188.66,96,96,94,96,19.86,0.8,20.51,16.92,2.98
KALA,140.51,171.64,171.64,89.7,164.98,135.73,96,7,96,90,7.5,0.56,5.13,5.97,1.1
GFI,140.44,140.44,147.3,161.99,161.59,111.65,96,96,95,81,25.59,0.98,24.22,19.44,1.33
PRA,139.35,146.39,148.89,164.58,172.67,132.48,96,96,96,89,23.66,0.98,23.34,19.17,1.29
SNOW,139.23,153.52,168.92,161.27,140.35,137.51,96,96,93,90,205.02,0.82,212.93,171.71,1.78
ARMP,139.16,139.16,164.21,103.86,92.96,104.1,96,82,6,78,2.54,0.86,2.12,1.98,0.08
GPRO,138.8,164.47,196.19,91.44,67.46,95.5,96,7,3,4,1.2,0.62,0.88,0.93,0.47
ONC,138.77,141.29,145.32,133.99,157.6,130.96,96,93,95,88,299.01,0.95,263.52,232.53,1.46
LLYVA,138.62,147.57,149.15,155.12,179.17,197.73,96,96,97,96,80.01,0.91,77.63,70.23,1.35
CRVO,138.12,144.86,144.86,227.59,339.13,109.54,96,98,98,80,8.83,0.41,7.44,7.15,0.53
BCS,138.06,146.35,153.18,144.53,149.8,154.89,96,95,94,93,19.1,0.9,18.34,15.29,1.02
SANA,137.99,181.16,202.77,124.41,82.59,84.9,96,91,4,3,3.91,0.54,3.29,2.73,0.78
METCB,137.89,155.99,180.13,99.76,95.54,104.83,96,10,8,78,12.64,0.69,9.65,9.02,0.58
LQDA,137.82,154.1,152.39,150.54,149.36,123.38,96,95,94,86,17.68,0.8,15.23,13.77,1.26
CHEF,137.22,141.77,144.67,142.42,169.54,148.67,96,95,96,92,67.42,0.96,63.62,54.69,1.27
ZDGE,136.91,153.24,182.9,165.14,100.16,113.78,96,96,79,82,3.85,0.69,3.59,2.82,0.17
LYG,136.84,136.84,141.78,147.64,146.56,121.28,96,95,94,85,4.36,1.0,4.2,3.43,1.97
EFOI,136.62,145.58,180.9,170.39,192.54,107.29,96,97,97,79,2.01,0.54,2.11,1.72,0.26
MTZ,136.5,155.08,149.9,143.99,149.03,180.87,96,95,94,96,174.05,0.83,168.36,142.63,4.03
BASE,136.33,139.36,163.43,163.75,97.15,100.99,96,96,8,77,24.24,0.97,22.14,18.18,0.73
GEL,136.15,139.47,142.94,140.18,146.5,98.16,95,94,94,5,17.02,0.96,16.46,13.17,0.98
RYAAY,136.05,145.82,145.82,131.0,108.67,107.83,95,93,83,80,62.12,0.94,57.85,48.52,0.89
PUK,135.72,139.15,142.54,138.8,129.34,95.04,95,94,91,4,25.02,0.96,24.31,19.56,1.71
SPTN,135.72,137.42,143.56,138.57,109.93,111.86,95,94,84,81,26.53,0.99,23.18,20.09,0.71
VENU,135.43,145.35,145.35,130.64,101.5,100.0,95,93,80,41,13.47,0.89,11.84,10.01,0.27
SCLX,135.34,167.42,139.81,42.17,41.72,85.44,95,2,1,3,13.41,0.18,7.13,13.36,0.86
JCI,135.1,145.34,147.17,139.83,136.15,144.82,95,94,92,91,106.48,0.89,104.53,87.45,1.11
RILYP,134.94,135.59,125.8,49.55,64.9,104.45,95,2,2,78,6.36,0.29,3.42,4.96,0.22
KLG,134.93,136.4,137.88,103.13,122.7,143.33,95,82,89,91,23.08,0.95,18.65,18.2,0.41
LC,134.66,136.41,126.29,114.45,128.32,198.28,95,88,91,96,15.59,0.75,11.85,12.94,2.45
ONCY,134.21,143.78,181.05,101.06,78.03,103.92,95,81,4,78,0.99,0.62,0.79,0.79,0.39
MAG,133.54,140.55,163.23,156.92,137.99,153.0,95,96,93,93,20.33,0.81,20.9,16.93,0.42
NYC,133.4,139.82,158.2,142.11,150.03,127.78,95,95,94,87,13.11,0.64,12.13,10.45,0.28
WOR,133.25,136.44,151.56,143.44,115.66,92.36,95,95,86,4,61.51,0.85,61.33,47.96,0.74
FOSL,133.22,165.86,161.59,124.67,161.56,212.32,95,91,95,97,1.59,0.48,1.55,1.47,1.66
FENC,133.19,153.84,172.17,144.33,122.95,108.8,95,95,89,80,7.84,0.76,8.33,6.47,0.72
NYAX,133.07,145.69,186.5,186.5,152.83,155.89,95,97,95,93,42.65,0.7,45.39,36.75,0.83
SONN,132.86,189.73,503.55,62.91,46.51,50.81,95,3,2,1,2.81,0.2,2.94,2.31,0.23
META,132.84,139.68,135.63,130.47,146.36,143.53,95,93,94,91,750.01,0.92,698.84,628.33,1.53
AWI,132.75,134.48,133.42,125.24,125.42,147.38,95,92,90,92,188.52,0.98,162.38,150.41,1.58
TSM,132.75,139.42,140.16,129.02,138.08,158.15,95,92,93,94,235.21,0.9,220.75,195.53,1.17
KAR,132.55,137.34,144.73,135.05,128.15,131.47,95,94,91,88,24.33,0.86,23.98,20.8,0.83
SOUN,132.53,155.08,200.49,173.49,454.23,628.08,95,97,99,99,10.11,0.29,10.64,10.86,0.67
NTRS,131.73,139.54,145.6,138.14,130.86,136.03,95,94,91,90,127.06,0.9,118.76,105.76,0.66
AAP,131.69,145.94,167.47,127.93,100.35,98.55,95,92,79,5,52.71,0.62,53.09,42.87,0.54
ROK,131.66,136.89,140.69,126.96,112.79,113.45,95,92,85,82,344.5,0.9,333.12,288.35,1.29
NEM,131.5,131.5,135.88,132.51,130.16,114.4,95,93,91,82,62.59,0.89,57.82,48.53,0.91
PWR,131.38,144.62,142.95,136.73,119.92,145.91,95,94,88,92,395.17,0.86,373.8,320.63,1.79
RRGB,131.27,172.27,184.74,141.71,108.57,115.15,95,95,83,82,5.54,0.61,5.66,4.99,0.17
OSK,131.13,134.89,142.11,122.5,106.25,112.36,95,91,82,81,130.54,1.0,115.27,102.9,1.85
WNS,130.75,133.17,140.36,119.23,140.88,124.37,95,90,93,86,74.82,1.0,65.43,57.73,0.49
ACOG,130.7,150.62,194.84,149.02,106.93,100.0,95,95,82,41,9.05,0.71,9.67,6.86,0.49
CAE,130.3,133.85,144.04,134.94,136.9,130.91,95,94,92,88,28.33,0.88,27.64,24.39,0.77
NVMI,130.21,137.6,149.44,137.45,145.39,148.58,95,94,94,92,263.55,0.82,247.92,216.28,0.76
UPB,130.15,130.63,131.97,121.62,86.53,100.0,95,91,5,41,15.54,0.44,11.31,13.27,1.1
KPLT,130.12,142.88,141.26,95.74,172.25,96.24,95,9,96,5,11.85,0.43,9.39,8.71,0.1
REZI,129.95,146.77,136.26,118.86,114.15,143.61,95,89,86,91,25.42,0.78,22.61,21.49,1.87
GS,129.86,136.33,146.45,137.87,145.41,146.0,95,94,94,92,709.57,0.92,666.06,594.18,1.39
INDI,129.83,143.95,168.11,123.93,97.17,108.72,95,91,8,80,3.74,0.49,3.52,3.43,0.8
DK,129.8,150.07,176.04,128.4,99.08,95.87,95,92,8,5,20.77,0.61,21.92,17.67,0.77
YB,129.55,129.55,100.0,100.0,100.0,100.0,95,45,44,41,26.08,0.71,21.8,20.21,0.51
ICCC,129.48,143.56,150.2,170.39,135.03,131.02,95,97,92,88,6.0,0.61,6.53,5.21,0.68
TIMB,129.48,129.48,147.85,145.95,123.25,89.68,95,95,89,4,18.8,0.81,18.54,14.95,0.63
GSL,129.45,135.03,137.1,116.09,110.4,115.6,95,88,84,82,28.24,0.92,26.66,22.87,0.78
AGAE,129.26,167.58,198.14,360.84,138.3,124.53,95,99,93,86,1.59,0.31,2.35,1.4,0.15
FLUT,129.16,133.35,134.23,127.87,135.95,145.45,95,92,92,92,299.62,0.94,276.33,258.06,0.72
NPKI,129.04,136.67,139.54,129.81,106.21,112.24,95,93,82,81,8.71,0.9,8.53,7.3,0.79
NWG,128.89,136.62,143.45,150.43,151.41,162.04,95,95,95,94,13.74,0.89,13.88,11.6,0.89
SSY,128.4,156.71,156.71,125.99,147.61,149.99,95,92,94,92,1.04,0.65,0.91,0.84,0.25
IXHL,128.39,258.25,156.17,33.89,88.02,113.5,95,1,5,82,0.39,0.11,0.38,1.17,1.72
ANET,128.36,138.69,134.01,117.89,147.03,164.4,95,89,94,94,117.57,0.81,101.3,98.36,1.21
ZBIO,128.31,145.35,140.35,131.76,119.25,100.0,95,93,88,41,15.41,0.47,11.63,11.07,0.9
HLF,128.31,134.03,146.85,113.32,113.59,90.25,95,87,86,4,9.14,0.56,8.69,7.61,1.05
MEDP,128.23,138.51,144.56,95.69,106.87,105.92,95,9,82,79,423.09,0.73,332.77,329.62,0.97
CRML,128.17,136.71,136.71,133.82,108.48,102.94,95,93,83,78,3.81,0.28,2.77,4.19,1.1
STN,128.03,131.19,137.84,134.16,110.89,111.41,95,93,84,81,108.66,0.91,107.59,89.09,1.06
BWFG,127.86,136.04,141.85,128.72,125.64,132.02,95,92,90,89,39.09,0.95,36.44,32.17,1.79
PHAR,127.84,133.9,126.59,154.45,109.86,119.65,94,96,84,84,10.96,0.77,10.67,9.22,5.36
VEEV,127.82,136.04,138.58,135.32,117.9,124.25,94,94,87,86,281.35,0.9,278.44,239.12,0.65
LAUR,127.76,132.19,142.83,137.54,131.5,135.03,94,94,91,89,22.91,0.87,22.88,20.04,1.18
TILE,127.7,127.7,123.59,113.64,150.6,188.37,94,87,95,96,24.61,0.79,20.83,21.64,3.35
MOMO,127.3,137.94,153.08,141.13,126.98,130.57,94,94,90,88,8.02,0.73,8.0,6.88,0.49
WT,127.12,143.17,145.46,120.32,107.6,141.48,94,90,83,91,12.35,0.78,11.37,10.16,2.6
BWAY,127.02,131.74,161.94,158.75,159.35,192.45,94,96,95,96,11.47,0.73,11.66,10.22,0.41
NDAQ,126.82,130.83,134.41,125.73,128.21,135.38,94,92,91,89,95.17,0.97,87.93,79.96,0.82
LECO,126.82,129.78,125.93,111.85,102.23,111.24,94,86,80,81,241.14,0.97,210.38,198.42,1.35
PENG,126.82,137.15,139.08,110.52,118.01,115.87,94,86,87,82,22.81,0.78,21.24,19.13,0.86
PAC,126.81,129.15,139.77,138.16,121.96,130.14,94,94,89,88,228.55,0.89,228.37,195.85,0.6
FWRD,126.32,150.27,172.04,105.66,117.91,131.13,94,83,87,88,29.19,0.63,23.86,26.61,1.4
PTGX,126.31,131.53,140.28,146.21,159.98,185.3,94,95,95,96,53.83,0.76,52.92,45.59,0.71
PJT,126.28,133.31,139.75,125.76,152.3,161.86,94,92,95,94,179.02,0.9,165.46,154.99,1.29
LODE,126.14,144.74,160.95,157.23,138.12,262.64,94,96,93,98,3.14,0.24,3.52,3.43,0.91
MTW,126.08,141.21,158.5,133.63,106.44,95.77,94,93,82,5,12.05,0.78,11.92,10.17,1.5
ESQ,126.05,135.03,157.4,149.42,157.04,160.83,94,95,95,94,93.44,0.77,94.44,82.05,0.69
LDWY,125.86,128.58,134.04,127.57,105.65,119.1,94,92,81,84,5.0,0.83,5.0,4.29,0.0
BSY,125.85,127.86,129.44,120.47,95.96,102.26,94,90,8,77,57.12,0.92,53.0,47.59,0.87
TMDX,125.84,125.84,154.52,170.74,111.96,97.48,94,97,85,5,120.55,0.53,124.34,91.5,1.8
RBKB,125.72,135.91,136.97,136.63,125.72,128.42,94,94,90,87,12.4,0.88,12.02,10.47,0.43
ZK,125.63,140.33,144.39,136.09,142.38,143.18,94,94,93,91,28.0,0.75,27.34,25.85,0.32
SN,125.5,137.73,141.93,112.59,163.48,164.82,94,87,96,94,112.32,0.85,101.18,98.07,1.01
NEU,125.06,129.13,144.06,130.73,119.29,104.47,94,93,88,78,699.86,0.85,682.36,576.76,0.52
VBTX,124.89,134.1,147.96,111.11,124.08,151.99,94,86,89,93,30.92,0.84,27.39,26.24,0.84
TD,124.89,130.06,135.02,131.65,113.84,103.21,94,93,86,78,72.55,0.89,71.46,60.13,1.87
HIMX,124.84,132.13,147.9,132.78,204.92,213.97,94,93,97,97,8.65,0.5,8.85,7.77,0.74
STVN,124.83,127.29,134.03,127.9,104.28,111.72,94,92,81,81,25.12,0.74,24.33,21.8,1.73
ZG,124.78,129.87,130.77,121.25,170.13,174.94,94,90,96,95,77.16,0.82,70.89,70.63,0.94
III,124.75,137.49,158.38,161.33,122.34,110.63,94,96,89,81,4.2,0.56,4.71,3.73,1.2
TURB,124.54,124.54,141.59,174.19,195.84,221.05,94,97,97,97,2.3,0.61,2.33,2.17,0.51
ETR,124.5,126.96,126.21,131.2,146.81,149.29,94,93,94,92,89.67,0.98,83.57,79.58,1.0
DG,124.48,124.48,131.44,137.52,109.48,77.93,94,94,84,2,108.53,0.75,109.3,86.82,1.29
LVWR,124.47,130.48,155.64,205.25,45.33,89.6,94,97,2,4,3.25,0.35,4.31,3.87,0.03
RPRX,124.41,124.82,131.11,129.74,129.4,116.43,94,93,91,83,37.11,0.99,35.09,30.93,0.49
CASY,124.11,128.3,133.78,135.21,128.12,132.28,94,94,91,89,522.78,0.98,495.44,436.59,0.52
CSV,124.11,127.93,141.97,133.59,140.29,154.69,94,93,93,93,45.22,0.91,45.05,40.42,1.0
MAIN,124.02,125.93,127.39,116.33,133.95,130.81,94,88,92,88,63.99,0.92,59.86,55.48,1.27
RMCO,123.99,131.52,175.63,130.58,128.57,112.58,94,93,91,81,1.35,0.64,1.25,1.11,0.3
OPY,123.79,132.92,131.83,120.5,145.85,162.67,94,90,94,94,73.28,0.91,66.87,62.51,1.15
ELAN,123.79,133.98,141.43,120.17,92.61,107.47,94,90,6,79,13.79,0.77,14.08,12.23,0.97
CPNG,123.76,133.09,142.06,133.23,121.7,143.94,94,93,88,91,28.74,0.77,29.31,25.12,0.96
CTGO,123.76,125.75,163.83,173.1,96.44,116.11,94,97,8,83,18.66,0.65,19.92,14.92,0.63
CSGP,123.71,126.23,118.64,107.75,108.02,101.71,94,84,83,77,94.6,0.94,82.5,77.84,0.97
FTI,123.67,133.62,140.19,133.24,129.62,140.28,94,93,91,90,35.32,0.85,33.78,30.17,0.79
AEIS,123.66,137.82,149.24,130.18,121.77,122.6,94,93,88,85,135.25,0.86,131.25,115.66,1.5
VC,123.5,132.69,142.36,112.54,90.47,90.99,94,87,6,4,110.54,0.9,97.8,88.45,0.78
CAMT,123.42,128.13,127.97,113.9,118.11,127.37,94,87,87,87,95.5,0.79,81.78,77.17,1.24
STEC,123.34,123.34,156.24,242.73,257.44,309.22,94,98,98,98,0.7,0.2,0.88,1.01,0.48
PTC,123.3,125.38,129.43,101.92,107.15,118.33,94,81,82,84,212.11,0.97,181.26,176.66,1.36
EXK,123.28,139.87,150.53,138.18,150.48,206.26,94,94,94,97,4.96,0.72,4.88,4.27,0.61
TGS,123.21,131.21,125.17,138.63,153.12,192.91,94,94,95,96,28.3,0.71,27.61,27.1,0.49
SILC,123.07,123.07,111.22,107.22,123.16,124.77,94,84,89,86,17.63,0.94,15.31,15.15,2.38
SRI,122.88,148.92,140.4,112.93,57.17,49.36,94,87,2,1,7.37,0.26,6.61,5.93,0.64
RCT,122.86,128.33,140.19,140.19,100.0,100.0,94,94,44,41,2.53,0.36,2.0,1.98,0.03
SPOK,122.83,127.88,124.74,120.81,111.64,115.58,94,90,85,82,18.51,1.0,17.07,15.89,1.62
BEN,122.79,127.32,137.71,123.94,95.91,103.48,94,91,8,78,23.95,0.86,23.18,20.55,1.83
TR,122.51,132.54,132.54,120.73,111.05,110.37,94,90,84,81,37.55,0.81,35.49,32.0,0.87
CENX,122.49,136.11,134.22,120.28,141.03,212.17,93,90,93,97,20.47,0.71,19.1,18.95,1.03
ORA,122.42,124.03,127.7,122.03,108.21,122.68,93,91,83,85,88.71,0.94,82.95,74.78,0.88
PVL,122.33,122.53,137.73,140.13,124.1,113.77,93,94,89,82,1.8,0.7,1.78,1.56,0.5
BBUC,122.22,133.29,134.31,130.01,123.08,135.92,93,93,89,90,29.39,0.76,29.94,26.66,1.2
KT,122.18,126.74,140.04,136.57,130.96,135.71,93,94,91,89,20.38,0.88,20.21,17.7,1.0
ASND,122.1,122.1,127.15,131.63,130.08,109.83,93,93,91,80,174.48,0.93,170.89,148.96,0.6
RKT,122.06,122.06,124.83,113.76,125.34,126.74,93,87,90,87,16.54,0.68,13.92,13.13,3.33
PTCT,122.02,122.49,130.87,128.19,155.23,169.89,93,92,95,95,52.13,0.81,49.06,47.26,0.93
CBRE,122.02,129.28,126.24,119.72,141.4,149.28,93,90,93,92,153.94,0.92,136.8,132.99,1.08
FINV,121.95,139.01,168.87,151.18,191.94,148.21,93,95,97,92,8.24,0.58,9.25,7.81,1.02
NMRK,121.92,121.92,111.64,99.85,120.79,158.63,93,10,88,94,15.12,0.87,12.14,12.98,1.52
R,121.82,130.22,131.77,120.22,125.42,140.51,93,90,90,90,173.77,0.84,161.94,154.72,0.96
EMA,121.82,123.48,126.99,126.29,132.65,116.23,93,92,92,83,46.77,1.0,44.93,40.1,1.5
CCEP,121.79,127.26,127.26,121.92,123.86,113.75,93,91,89,82,97.27,0.9,94.02,83.84,0.98
DAN,121.79,137.09,160.5,147.91,163.83,146.57,93,95,96,92,15.64,0.79,16.85,13.61,0.7
FIGS,121.75,131.87,130.94,114.27,109.29,120.72,93,88,84,84,6.21,0.8,5.54,5.3,1.1
BFRI,121.53,123.64,125.45,76.26,136.4,106.36,93,4,92,79,1.04,0.57,0.75,0.89,0.37
EVI,121.47,134.44,156.44,131.38,108.91,111.15,93,93,84,81,21.6,0.53,21.35,18.77,0.66
JBTM,121.44,132.5,133.58,114.04,132.82,136.08,93,87,92,90,132.86,0.89,124.7,120.13,1.44
BYD,121.34,131.25,137.84,125.75,128.73,129.18,93,92,91,88,83.65,0.91,78.77,72.99,1.15
JFB,121.32,140.0,151.41,126.89,100.0,100.0,93,92,44,41,6.99,0.69,6.25,5.2,0.39
MLTX,121.22,125.88,128.95,116.75,99.71,122.3,93,89,9,85,52.92,0.86,47.26,45.5,1.66
BNT,121.16,128.42,135.27,123.56,130.3,145.51,93,91,91,92,65.33,0.89,61.74,57.28,0.59
FAST,121.13,127.69,129.57,122.92,118.76,131.76,93,91,87,89,45.44,0.86,43.05,39.26,1.26
BN,121.01,128.22,135.34,123.63,131.0,144.68,93,91,91,91,65.33,0.89,61.8,57.32,1.3
ENVX,120.98,159.16,178.5,115.83,128.31,126.27,93,88,91,87,10.7,0.5,10.9,9.64,3.22
STT,120.97,128.94,138.56,126.14,125.39,133.89,93,92,90,89,108.59,0.88,103.37,95.02,0.96
FERG,120.73,124.52,134.17,125.92,92.3,117.91,93,92,6,84,222.15,0.93,212.75,188.05,0.76
NMR,120.68,127.96,122.83,116.66,133.54,122.71,93,89,92,85,6.68,0.87,6.34,5.92,1.38
URI,120.65,126.55,130.5,115.46,106.08,144.98,93,88,82,92,859.62,0.89,763.46,730.03,1.17
ARMK,120.57,125.05,131.41,119.68,115.05,132.61,93,90,86,89,42.49,0.88,41.58,38.13,1.26
IAG,120.55,122.22,145.29,155.74,177.91,174.72,93,96,97,95,6.86,0.73,7.17,6.25,0.83
FSM,120.53,130.01,137.95,155.31,144.61,134.46,93,96,94,89,6.39,0.69,6.58,5.49,0.71
BWMX,120.52,120.52,95.39,78.86,95.36,95.86,93,4,7,5,13.1,0.83,9.16,10.61,0.91
LYV,120.37,127.38,129.44,132.94,150.5,150.0,93,93,94,92,146.14,0.87,146.16,136.03,0.65
SFIX,120.35,144.76,149.87,131.24,166.51,199.07,93,93,96,96,4.49,0.51,4.34,4.1,1.02
BFC,120.33,129.92,140.77,134.14,122.51,131.59,93,93,89,88,117.16,0.72,118.61,103.96,1.12
EPR,120.27,125.54,140.76,130.95,128.99,112.74,93,93,91,81,55.01,0.72,56.8,48.9,1.51
NI,120.17,120.59,119.73,122.94,132.29,135.53,93,91,92,89,42.59,1.0,39.81,37.8,0.8
TSLX,120.06,121.93,127.08,117.11,118.16,111.95,93,89,87,81,23.91,0.83,23.51,21.24,1.13
LTRN,120.04,120.04,117.44,98.77,135.18,133.02,93,10,92,89,4.77,0.78,3.5,3.67,0.94
AVAL,119.87,129.2,137.59,128.81,148.63,136.2,93,92,94,90,2.8,0.71,2.85,2.51,0.25
ALX,119.82,127.7,127.7,111.61,105.92,114.25,93,86,82,82,245.25,0.83,233.46,210.39,0.85
BTG,119.57,119.7,133.1,140.8,128.94,122.54,93,94,91,85,3.44,0.78,3.53,3.01,0.93
WXM,119.55,123.83,149.75,100.0,100.0,100.0,93,45,44,41,2.65,0.39,2.74,2.46,0.26
SRBK,119.47,124.94,132.1,126.22,126.29,127.51,93,92,90,87,13.96,0.87,13.56,12.28,0.47
CLFD,119.4,130.14,141.29,131.53,107.82,122.82,93,93,83,85,40.81,0.77,41.17,34.72,2.24
CURR,119.34,128.97,125.01,88.47,160.35,129.07,93,6,95,88,1.99,0.41,1.08,1.61,0.13
JMIA,119.16,134.76,150.02,140.24,98.21,123.81,93,94,8,86,4.45,0.26,3.89,3.56,0.73
PERI,119.16,129.12,142.96,131.81,107.7,87.97,93,93,83,3,10.57,0.8,10.57,9.18,0.93
VTSI,119.09,121.64,119.91,129.45,76.9,106.01,93,93,4,79,6.95,0.64,6.28,6.04,0.6
POWL,119.0,124.97,125.55,116.87,138.18,268.82,93,89,93,98,227.66,0.39,202.67,219.02,1.43
RMD,118.95,120.86,123.48,118.79,110.44,132.73,93,89,84,89,279.2,1.0,256.28,240.01,2.06
KMDA,118.81,125.34,141.17,136.65,143.46,136.46,93,94,94,90,7.22,0.71,7.36,6.62,0.63
GRMN,118.76,128.37,126.08,110.18,142.81,148.93,93,86,93,92,218.73,0.74,212.18,205.84,1.48
TUYA,118.65,132.48,153.65,149.05,239.51,154.33,93,95,98,93,2.29,0.37,2.5,2.37,0.48
ICL,118.59,127.89,153.59,146.5,144.08,141.45,93,95,94,91,6.16,0.68,6.74,5.77,0.96
LGND,118.53,125.58,134.15,115.15,131.83,165.37,92,88,91,94,132.72,0.82,117.66,113.33,1.01
GBFH,118.48,151.35,158.76,138.11,145.23,150.35,92,94,94,92,37.14,0.73,38.58,36.1,0.39
TT,118.44,132.96,130.22,125.46,113.49,143.29,92,92,85,91,439.25,0.79,435.1,389.84,1.2
LSBK,118.39,124.03,124.13,116.79,134.7,131.63,92,89,92,88,12.16,0.96,11.73,10.87,1.17
FHN,118.15,129.67,135.88,124.47,147.03,149.17,92,91,94,92,21.34,0.83,20.9,19.7,1.68
GWRE,118.13,123.88,138.74,166.24,155.12,169.21,92,96,95,95,222.88,0.71,230.39,202.36,0.57
SNX,118.04,126.17,133.38,122.28,129.2,124.26,92,91,91,86,140.85,0.85,133.54,125.1,0.8
PKST,117.91,118.61,128.18,118.74,109.97,109.92,92,89,84,80,13.64,0.79,13.14,11.98,1.16
EHLD,117.9,126.43,146.16,131.08,100.0,100.0,92,93,44,41,7.3,0.21,7.02,6.93,0.22
PBBK,117.84,121.37,127.49,124.19,118.33,114.12,92,91,87,82,18.15,0.82,17.43,15.85,0.05
MFIN,117.66,120.23,121.6,121.6,113.32,130.84,92,91,85,88,10.14,0.96,9.52,9.04,1.15
PARA,117.59,120.08,122.91,120.91,113.34,103.27,92,90,85,78,13.01,0.92,12.48,11.37,1.05
CUBI,117.59,126.89,141.3,129.01,118.71,121.83,92,92,87,85,62.2,0.84,57.78,52.83,1.71
GB,117.52,118.07,121.96,136.02,146.76,154.32,92,94,94,93,7.38,0.84,7.42,6.91,0.31
RIOT,117.48,151.99,169.56,136.55,127.5,156.02,92,94,90,93,11.03,0.55,11.13,10.37,1.18
TAYD,117.45,127.6,132.28,116.66,83.61,147.45,92,89,4,92,44.38,0.42,41.5,38.64,0.22
SPAI,117.38,133.65,164.46,124.24,151.36,153.89,92,91,95,93,3.26,0.51,3.04,3.08,0.98
TGTX,117.09,128.73,143.94,207.02,207.03,223.34,92,97,97,97,35.02,0.63,36.74,34.07,1.42
SCHL,117.06,129.01,129.01,94.89,75.82,79.08,92,8,3,2,24.95,0.6,20.58,20.88,1.27
CTVA,117.02,122.98,138.18,129.39,119.53,120.78,92,93,88,85,71.17,0.78,72.86,63.81,1.18
LPL,116.76,118.96,113.27,103.81,93.37,91.09,92,82,7,4,3.88,0.78,3.41,3.3,1.15
BAM,116.75,126.55,131.04,127.61,135.77,156.09,92,92,92,93,59.81,0.87,57.26,54.34,0.87
PIPR,116.72,120.77,126.0,112.05,139.96,175.24,92,86,93,95,311.59,0.76,280.72,282.44,2.07
LZ,116.68,128.8,129.95,121.27,123.63,117.31,92,90,89,83,8.67,0.66,9.0,8.43,1.39
AGCO,116.68,125.75,133.26,114.68,106.45,103.34,92,88,82,78,113.61,0.9,105.27,97.73,2.0
NSC,116.62,123.58,121.9,114.37,104.21,121.66,92,88,81,85,274.85,0.87,257.96,244.75,1.36
VALN,116.51,127.24,123.65,108.8,146.61,84.03,92,85,94,3,7.22,0.72,6.31,5.93,0.43
EXPE,116.47,121.42,127.24,119.0,147.02,149.2,92,90,94,92,178.06,0.71,174.01,173.73,1.04
VANI,116.47,139.48,142.68,111.94,94.25,117.17,92,86,7,83,1.33,0.56,1.31,1.21,0.51
YOU,116.45,119.86,122.13,119.29,122.19,202.92,92,90,89,96,28.84,0.54,27.28,26.62,1.16
WULF,116.39,137.17,156.88,124.17,171.49,447.11,92,91,96,99,4.76,0.38,4.49,4.85,0.63
AGI,116.31,117.6,134.56,145.81,168.46,139.38,92,95,96,90,24.87,0.6,26.28,23.33,1.37
VCTR,116.21,123.01,126.25,116.7,148.37,172.22,92,89,94,95,66.8,0.85,64.61,62.44,1.31
FBNC,116.19,127.24,127.81,118.66,126.25,141.17,92,89,90,91,48.36,0.79,44.36,42.78,1.34
HYPR,116.19,121.62,126.83,90.78,176.1,110.82,92,7,96,81,1.03,0.42,0.8,0.89,0.09
GECC,116.02,116.02,121.47,115.75,118.73,115.82,92,88,87,82,10.98,0.99,10.68,9.92,1.38
BTSG,116.01,129.35,145.97,163.07,189.76,190.08,92,96,97,96,19.64,0.64,21.93,19.61,2.18
VMI,115.9,121.01,124.21,116.87,132.65,146.43,92,89,92,92,358.53,0.85,332.52,321.47,0.99
GCT,115.78,129.94,139.26,111.63,81.34,140.0,92,86,4,90,20.97,0.53,19.96,19.17,1.07
GEG,115.77,117.62,117.62,121.63,110.1,101.83,92,91,84,77,2.12,0.71,2.12,1.92,0.44
DAKT,115.76,122.75,128.26,120.78,153.35,190.33,92,90,95,96,16.09,0.58,15.37,14.9,0.55
SONY,115.76,117.85,127.1,134.99,141.83,126.27,92,94,93,87,24.37,0.76,25.36,22.87,1.01
LUXE,115.73,119.88,144.06,163.97,296.67,218.01,92,96,98,97,7.58,0.46,8.31,8.13,1.44
DXR,115.72,125.38,121.74,115.18,97.75,121.75,92,88,8,85,9.45,0.75,9.17,8.41,1.99
MANU,115.7,116.01,123.01,125.05,95.44,112.32,92,91,7,81,17.57,0.76,16.8,15.82,0.43
ACR,115.57,117.06,116.92,122.35,164.72,151.91,92,91,96,93,19.29,0.54,18.15,18.12,0.43
BX,115.55,120.74,124.05,107.21,127.32,159.51,92,84,90,94,170.4,0.67,152.18,157.97,0.99
NIC,115.5,123.94,141.48,130.32,135.19,143.2,92,93,92,91,125.96,0.74,125.86,114.36,0.93
YUMC,115.38,117.37,123.04,112.43,133.51,140.51,92,87,92,90,46.69,0.71,45.34,46.54,0.8
KR,115.37,117.77,121.74,126.77,129.83,123.68,92,92,91,86,71.36,0.89,69.49,64.47,0.99
KRMN,115.34,117.89,131.08,125.7,100.0,100.0,92,92,44,41,50.22,0.79,47.69,39.92,0.69
AIFU,115.34,164.56,177.64,72.77,25.88,60.47,92,3,1,2,7.01,0.13,5.15,11.34,0.27
UBCP,115.24,116.58,118.65,119.18,116.95,127.86,92,90,87,87,14.05,0.81,13.9,12.92,0.12
ROKU,115.2,138.13,141.54,125.09,140.82,123.3,92,92,93,86,79.98,0.6,83.19,76.78,4.08
BHM,115.18,118.58,117.69,95.49,83.39,98.66,92,9,4,5,13.98,0.49,12.6,12.33,0.32
SATS,115.13,141.36,151.72,125.77,172.03,186.97,92,92,96,96,26.93,0.66,25.2,25.07,2.13
AMG,115.13,123.76,129.81,116.31,110.51,129.75,92,88,84,88,207.06,0.88,193.68,181.39,0.89
ALV,114.97,123.37,134.71,123.56,95.85,101.88,91,91,8,77,110.31,0.81,110.83,98.26,0.84
KMI,114.9,115.75,120.3,123.34,139.5,154.7,91,91,93,93,28.1,0.81,27.65,26.7,1.15
OBE,114.88,118.63,111.14,103.56,100.31,89.32,91,82,79,3,5.9,0.55,5.54,5.4,1.02
FET,114.77,129.89,137.94,116.12,131.46,113.34,91,88,91,81,18.38,0.64,18.49,16.95,1.77
ESAB,114.76,118.49,123.66,115.98,120.38,147.39,91,88,88,92,130.42,0.9,125.46,122.62,1.9
KN,114.65,120.81,117.25,105.22,111.13,120.33,91,83,84,84,19.85,0.88,17.81,17.7,1.22
INCY,114.55,119.62,114.21,111.84,117.61,145.77,91,86,87,92,75.59,0.72,68.8,68.44,0.84
CRSR,114.43,123.89,137.35,117.41,153.83,112.11,91,89,95,81,8.57,0.42,9.25,8.45,1.05
ITOS,114.24,121.38,141.95,126.59,78.36,77.75,91,92,4,2,10.09,0.39,9.98,8.18,1.01
FGI,114.22,127.81,146.84,88.6,100.0,93.1,91,6,44,4,3.95,0.55,3.45,3.8,7.47
LEVI,114.19,123.51,132.01,108.65,109.58,106.4,91,85,84,79,19.24,0.73,18.76,17.22,1.0
ACEL,114.16,119.07,120.04,114.96,113.97,115.62,91,88,86,82,12.48,0.85,11.87,11.29,1.1
CENTA,114.15,118.26,118.64,98.26,106.25,108.65,91,10,82,80,35.24,0.78,32.97,32.1,0.67
ARES,113.98,118.86,129.29,119.34,137.46,139.45,91,90,92,90,182.83,0.84,173.1,167.27,1.53
RF,113.86,122.25,124.98,113.67,121.21,144.96,91,87,88,92,24.89,0.8,23.44,22.96,1.3
ZH,113.79,125.0,139.45,118.18,156.03,104.41,91,89,95,78,4.16,0.4,4.18,4.03,1.22
ITUB,113.73,118.28,136.2,133.23,123.65,105.43,91,93,89,79,6.29,0.77,6.53,5.52,0.86
XEL,113.72,114.8,115.48,117.39,122.1,129.75,91,89,89,88,73.47,1.0,69.09,67.7,1.3
ROL,113.72,115.01,113.67,120.67,121.76,114.75,91,90,88,82,57.74,0.94,56.68,52.17,1.13
CF,113.67,119.0,130.13,132.12,123.13,125.14,91,93,89,86,91.56,0.68,93.81,85.48,0.6
SEIC,113.58,119.56,136.41,124.97,125.54,132.7,91,91,90,89,86.45,0.77,87.75,81.04,0.84
DAC,113.42,117.86,118.1,109.95,108.54,115.82,91,85,83,82,91.21,0.9,87.76,81.83,0.66
NNVC,113.41,120.66,123.87,113.65,106.42,115.79,91,87,82,82,1.58,0.5,1.52,1.38,0.62
CSTM,113.38,137.88,137.03,112.58,84.67,70.11,91,87,5,2,13.22,0.55,13.42,11.54,1.31
TLF,113.35,118.02,114.81,107.68,127.97,114.34,91,84,90,82,3.52,0.63,3.2,3.16,0.87
SOL,113.33,116.18,118.06,112.8,95.47,151.6,91,87,7,93,1.85,0.4,1.83,1.81,1.1
AYI,113.19,118.11,119.21,114.96,125.39,150.07,91,88,90,92,304.83,0.72,285.56,291.51,0.91
SSNC,112.99,116.84,119.03,111.91,131.14,121.84,91,86,91,85,84.23,0.78,81.98,79.12,1.16
DLO,112.96,125.04,139.63,138.24,138.59,129.53,91,94,93,88,10.01,0.51,10.8,10.14,1.15
EA,112.95,113.04,110.64,116.63,114.59,120.11,91,89,86,84,157.08,0.8,151.23,146.47,1.52
CTRI,112.94,120.46,128.37,127.01,116.3,116.96,91,92,86,83,21.04,0.64,21.3,19.76,0.68
OCGN,112.93,125.86,140.41,150.23,83.94,145.87,91,95,5,92,0.99,0.54,1.02,0.83,0.72
CRBG,112.86,119.92,128.82,120.36,124.55,139.1,91,90,89,90,34.48,0.88,33.83,31.56,1.17
ALCO,112.69,115.58,124.22,121.32,115.99,122.89,91,90,86,85,32.06,0.8,32.03,29.15,0.75
SPR,112.38,121.07,127.42,119.43,111.53,111.1,91,90,85,81,39.11,0.8,38.67,34.88,0.56
GM,112.22,113.93,116.71,109.68,110.18,152.38,91,85,84,93,52.53,0.64,50.47,50.0,0.95
HSY,112.21,113.2,112.54,102.23,100.56,100.04,91,81,79,76,189.01,0.84,169.87,167.5,1.1
NATH,112.19,115.18,143.42,141.58,140.65,137.95,91,94,93,90,94.85,0.56,105.98,93.17,0.42
BBU,112.15,118.99,127.15,121.38,118.25,139.93,91,90,87,90,23.93,0.62,25.37,23.69,1.31
TITN,111.97,125.66,146.54,136.37,118.28,104.81,91,94,87,78,18.86,0.69,19.71,16.95,0.91
MAMA,111.91,127.58,132.85,123.69,124.57,167.92,91,91,89,95,8.09,0.58,8.41,7.61,0.72
AUTL,111.84,120.55,141.51,105.92,56.15,98.83,91,83,2,5,2.35,0.33,2.23,2.31,0.7
FCFS,111.82,114.12,122.56,124.33,121.98,103.17,91,91,89,78,131.08,0.83,130.2,117.72,1.69
TRIN,111.81,112.42,114.85,108.02,125.71,116.63,91,84,90,83,14.91,0.85,14.28,13.87,1.06
NTRB,111.76,130.36,205.25,153.94,196.65,219.65,91,95,97,97,7.39,0.52,7.73,6.28,0.15
SBLK,111.76,115.27,119.68,98.91,94.25,99.76,91,10,7,6,18.42,0.58,17.4,16.34,0.38
RWAY,111.69,114.41,120.61,109.4,110.31,109.34,91,85,84,80,10.6,0.76,10.46,9.98,0.56
MIRA,111.52,146.71,216.27,130.61,127.3,163.5,91,93,90,94,1.54,0.45,1.4,1.24,0.22
MKL,111.52,118.49,122.48,117.2,135.44,120.09,91,89,92,84,1929.87,0.77,1967.71,1823.79,1.88
TSCO,111.41,112.22,112.22,99.71,110.01,121.07,91,10,84,85,57.63,0.81,53.81,53.93,0.9
D,111.4,111.76,115.02,108.88,110.42,125.5,91,85,84,86,60.41,1.0,56.63,54.89,1.38
CRESY,111.37,122.35,114.46,132.55,154.28,173.87,91,93,95,95,10.85,0.55,11.17,11.29,0.43
ATEN,111.23,119.67,131.23,125.54,151.08,143.65,91,92,95,91,17.75,0.59,18.34,17.73,0.88
STKL,111.2,127.77,135.09,103.69,126.52,138.35,91,82,90,90,5.7,0.48,6.08,6.33,1.53
GIL,111.18,120.13,125.32,114.24,136.15,145.77,91,88,92,92,51.17,0.79,49.48,48.21,1.39
AES,111.08,113.62,115.5,98.47,87.71,93.67,91,10,5,4,13.23,0.39,11.44,11.81,1.11
VTR,110.95,110.95,110.82,120.82,132.15,133.83,91,90,91,89,67.5,0.88,64.04,63.37,0.88
DTE,110.89,111.99,112.65,118.19,120.78,113.47,91,89,88,82,138.51,0.96,134.26,127.69,0.99
NWS,110.88,112.98,122.69,117.24,124.34,124.05,90,89,89,86,33.25,0.81,33.23,31.6,0.85
THG,110.8,113.35,116.6,120.06,126.2,128.86,90,90,90,87,168.83,0.83,168.01,161.0,1.57
HTB,110.73,119.74,124.01,116.05,128.22,139.25,90,88,91,90,38.15,0.69,37.54,35.61,1.19
SNDK,110.73,113.47,121.34,105.04,100.0,100.0,90,83,44,41,41.33,0.44,42.65,42.41,0.61
TER,110.73,111.91,100.28,84.61,105.69,116.41,90,6,81,83,104.16,0.51,89.29,101.06,1.26
GH,110.63,127.35,163.62,163.84,209.74,223.73,90,96,97,97,41.42,0.67,46.68,40.25,1.41
JBDI,110.57,110.59,136.46,155.89,112.78,100.0,90,96,85,41,0.92,0.02,1.04,0.83,0.44
OTLY,110.55,120.46,126.4,104.79,70.57,104.22,90,83,3,78,15.07,0.61,12.76,12.11,0.81
UVE,110.41,113.72,128.7,135.55,126.98,124.94,90,94,90,86,23.0,0.57,25.74,22.34,1.0
GOOG,110.38,116.48,115.5,108.24,126.86,129.97,90,84,90,88,189.95,0.72,179.12,176.27,0.77
BATRK,110.32,114.0,122.34,118.69,105.33,106.12,90,89,81,79,44.54,0.79,44.26,40.65,1.26
RNXT,110.28,116.83,144.17,136.25,125.22,142.91,90,94,90,91,1.21,0.57,1.32,1.17,0.42
VS,110.25,116.95,166.96,154.87,146.08,158.02,90,96,94,94,2.21,0.39,2.34,2.13,0.48
GOTU,110.02,124.65,136.6,122.89,119.41,79.03,90,91,88,2,3.52,0.56,3.74,3.07,0.62
MGX,109.94,112.09,112.51,74.97,96.33,127.67,90,4,8,87,2.25,0.34,1.84,2.13,0.45
PLPC,109.8,115.03,134.66,126.43,119.56,118.09,90,92,88,84,148.8,0.64,151.71,138.5,0.37
SLF,109.69,113.74,121.49,122.54,114.77,123.62,90,91,86,86,60.37,0.71,63.59,58.77,0.86
RY,109.68,114.3,119.6,117.21,111.86,128.21,90,89,85,87,128.61,0.86,128.74,120.29,0.96
AGNC,109.57,111.37,111.4,105.47,118.31,113.82,90,83,87,82,9.48,0.86,9.09,8.9,0.9
V,109.55,117.36,121.72,122.84,127.11,125.2,90,91,90,86,339.35,0.71,355.39,333.18,1.31
IX,109.52,109.52,112.31,106.24,104.42,112.3,90,83,81,81,22.85,0.78,21.97,21.02,0.83
SO,109.42,111.14,112.7,112.41,117.39,119.34,90,87,87,84,94.99,0.95,91.39,87.67,1.37
GNK,109.35,113.4,113.67,92.27,87.89,106.97,90,8,5,79,15.82,0.64,14.15,14.13,0.65
ABEO,109.33,124.58,127.1,140.79,140.79,142.44,90,94,93,91,6.49,0.86,6.21,5.79,0.78
PHR,109.24,116.09,125.04,126.94,136.88,140.22,90,92,92,90,26.34,0.69,26.71,25.04,0.75
WRN,109.24,121.59,126.82,123.37,112.6,107.21,90,91,85,79,1.2,0.63,1.26,1.14,0.39
CENT,109.2,112.79,113.94,96.49,108.07,110.82,90,9,83,81,38.91,0.6,36.97,36.79,0.77
SCM,109.2,113.8,122.96,108.73,122.45,113.53,90,85,89,82,14.03,0.71,13.85,13.27,1.47
APWC,109.19,121.48,121.48,112.26,113.06,143.19,90,86,85,91,1.73,0.57,1.69,1.62,1.18
HROW,108.91,121.68,127.63,123.0,180.35,334.12,90,91,97,98,31.23,0.26,31.55,33.15,1.22
OCS,108.89,111.74,133.04,135.71,165.35,183.66,90,94,96,96,17.7,0.55,18.81,18.34,0.37
FRST,108.66,116.65,121.44,106.71,100.34,117.49,90,84,79,83,11.09,0.66,10.56,10.55,1.74
LYTS,108.62,114.44,113.76,104.44,140.55,161.69,90,83,93,94,17.99,0.37,17.01,17.93,1.08
JNJ,108.6,111.16,111.51,103.73,111.78,104.97,90,82,85,78,167.33,0.93,157.37,153.87,1.08
TSLA,108.52,121.74,130.63,144.8,185.67,230.28,90,95,97,97,302.63,0.38,323.0,321.59,0.83
ATO,108.49,110.46,115.32,122.87,122.83,129.29,90,91,89,88,155.81,0.84,154.4,147.91,1.01
ATS,108.48,113.86,115.52,113.07,95.96,105.61,90,87,8,79,29.85,0.75,30.41,28.79,0.81
LPG,108.48,119.99,122.2,99.2,81.82,82.38,90,10,4,3,27.08,0.52,25.46,23.65,2.3
TX,108.45,111.28,116.94,101.53,98.63,102.58,90,81,8,77,31.95,0.79,30.28,29.2,1.0
MSM,108.42,112.38,125.24,117.11,100.73,102.38,90,89,79,77,85.19,0.72,84.3,79.69,0.76
KYMR,108.41,116.01,157.86,133.48,97.02,180.62,90,93,8,96,42.96,0.7,43.23,39.25,0.43
SRZN,108.41,108.41,91.48,103.22,128.05,171.86,90,82,90,95,11.0,0.43,8.77,10.23,2.96
CMS,108.41,108.42,108.87,114.48,119.36,116.49,90,88,88,83,74.08,0.93,70.48,69.45,1.25
OHI,108.41,108.41,107.12,110.44,113.05,130.04,90,86,85,88,39.95,0.94,37.34,37.23,1.34
ZBRA,108.4,110.21,117.62,98.11,121.32,145.39,90,10,88,92,335.24,0.59,309.63,331.76,2.14
GSRTU,108.39,108.39,111.03,111.13,101.78,100.0,90,86,80,41,11.75,0.88,11.67,10.59,0.0
CYRX,108.39,111.91,122.95,107.99,79.47,102.72,90,84,4,78,7.27,0.55,6.99,6.91,1.0
AVIR,108.09,121.45,124.2,113.66,92.97,104.51,90,87,6,78,3.47,0.63,3.39,3.19,0.78
ABCB,108.06,116.68,125.61,116.42,125.98,145.85,90,88,90,92,65.91,0.73,64.27,62.68,1.62
FONR,108.03,111.46,114.74,102.4,100.19,96.59,90,81,79,5,15.64,0.56,15.05,14.7,0.49
DXCM,107.97,121.75,118.22,114.84,104.42,101.79,90,88,81,77,79.28,0.63,84.69,79.17,1.58
NRSN,107.95,206.02,210.75,235.56,113.08,174.49,90,98,85,95,1.08,0.24,1.95,1.32,4.44
CIG,107.87,113.65,124.28,122.54,111.87,118.94,90,91,85,84,1.82,0.65,1.87,1.73,0.53
ARLP,107.85,110.7,112.26,114.61,125.85,136.84,90,88,90,90,26.59,0.81,26.43,25.7,1.41
ADSK,107.75,112.42,121.66,118.57,124.27,136.8,90,89,89,90,297.02,0.75,299.75,290.15,0.81
AGNCP,107.74,108.16,108.87,106.42,108.42,112.03,90,84,83,81,25.45,0.99,24.78,24.07,0.29
HCM,107.6,118.45,115.62,108.03,99.97,109.59,90,84,9,80,17.27,0.57,15.97,15.72,0.65
BRBS,107.51,119.6,133.83,121.42,135.16,139.6,89,90,92,90,3.41,0.62,3.54,3.38,0.62
K,107.47,107.97,108.54,120.35,127.72,134.59,89,90,90,89,79.92,0.91,80.26,80.56,0.71
CNH,107.4,118.75,133.88,120.83,124.02,121.49,89,90,89,85,12.47,0.71,12.97,12.09,0.98
DAL,107.26,116.91,130.53,105.75,145.77,161.09,89,83,94,94,51.15,0.47,51.05,54.51,0.93
SAIL,107.21,112.07,114.91,111.43,100.0,100.0,89,86,44,41,20.62,0.49,20.74,20.12,1.6
LOGI,107.2,114.39,122.41,104.72,127.49,119.54,89,83,90,84,89.67,0.61,89.61,86.85,1.36
MGRC,107.15,116.96,116.92,108.7,112.7,115.91,89,85,85,82,120.01,0.75,116.51,114.6,1.64
FSK,107.14,115.64,120.51,110.42,127.47,125.49,89,86,90,86,20.5,0.68,21.04,20.25,1.58
SBR,107.1,107.4,110.64,109.09,118.9,112.24,89,85,87,81,65.99,0.86,65.94,63.36,0.88
SU,107.09,109.72,114.41,113.23,110.27,113.98,89,87,84,82,39.04,0.8,38.26,37.09,0.85
LDOS,107.04,107.74,114.04,112.8,102.25,158.67,89,87,80,94,159.2,0.45,155.33,151.43,0.72
AC,106.96,108.16,116.91,111.68,120.91,118.94,89,86,88,84,37.15,0.65,37.48,36.36,5.05
SR,106.93,110.07,114.5,118.67,125.95,122.04,89,89,90,85,74.23,0.78,74.09,71.17,1.51
EU,106.83,123.53,146.17,132.4,78.54,104.59,89,93,4,78,2.54,0.43,2.51,2.67,0.92
RRC,106.82,110.24,118.72,123.12,129.24,132.45,89,91,91,89,35.61,0.51,38.76,36.55,0.91
CCK,106.77,115.81,134.78,123.01,111.67,115.2,89,91,85,82,98.15,0.67,102.48,92.36,1.11
HMST,106.75,111.32,118.04,128.87,100.22,116.29,89,92,79,83,12.91,0.58,12.87,11.49,2.81
ADI,106.65,111.61,126.75,112.79,118.62,120.5,89,87,87,84,221.71,0.71,230.54,215.71,0.99
LXRX,106.64,108.77,173.27,160.97,59.05,79.05,89,96,2,2,1.07,0.4,0.89,0.83,0.27
PNC,106.63,114.18,122.22,112.27,123.6,143.81,89,86,89,91,185.88,0.63,184.28,183.01,1.15
ATHR,106.57,123.79,163.8,100.0,100.0,100.0,89,45,44,41,9.2,0.34,13.14,11.29,0.81
PCB,106.57,117.42,131.18,121.52,120.99,135.06,89,90,88,89,20.21,0.64,20.64,19.63,1.16
MSA,106.57,109.62,114.19,105.11,98.04,103.12,89,83,8,78,175.23,0.8,169.35,162.9,1.01
GHC,106.54,111.06,113.6,118.61,126.51,137.39,89,89,90,90,920.42,0.74,934.72,917.59,0.88
SHBI,106.48,118.44,135.58,123.57,134.24,143.26,89,91,92,91,15.24,0.65,15.51,14.96,1.17
CCI,106.46,114.33,115.86,113.96,113.52,107.35,89,87,85,79,106.88,0.75,102.43,97.88,1.08
SPFI,106.44,117.03,127.74,117.38,123.98,145.49,89,89,89,92,36.01,0.54,36.79,35.23,1.06
AMAT,106.42,112.11,121.25,107.1,99.49,109.61,89,84,9,80,179.99,0.62,179.12,169.82,1.24
CLST,106.37,107.84,111.19,109.05,102.74,105.37,89,85,80,78,12.4,0.83,12.26,11.76,0.01
PLUT,106.35,110.68,115.47,100.0,100.0,100.0,89,45,44,41,2.7,0.27,2.6,2.87,0.21
NVS,106.31,110.53,121.09,116.17,115.2,109.34,89,88,86,80,115.3,0.72,117.7,107.6,1.2
ASX,106.29,110.41,114.27,106.69,116.77,114.91,89,84,87,82,10.01,0.66,10.16,9.88,1.01
LYFT,106.24,111.55,135.61,127.87,113.33,162.55,89,92,85,94,13.62,0.48,15.23,14.14,1.25
SVII,106.19,106.43,104.84,104.86,103.81,106.33,89,83,81,79,12.15,0.98,11.78,11.5,4.61
TPVG,106.18,111.53,118.65,105.82,106.36,106.2,89,83,82,79,6.79,0.64,6.92,6.73,0.76
EPD,106.18,107.19,111.91,109.53,122.56,127.04,89,85,89,87,30.74,0.67,30.87,30.65,1.08
NRP,106.15,108.1,105.49,109.27,118.75,134.01,89,85,87,89,102.68,0.78,97.56,99.86,0.68
REBN,106.11,115.63,114.06,120.86,410.83,146.71,89,90,99,92,2.63,0.25,2.67,2.7,0.72
NEUE,106.08,108.65,115.69,135.75,139.83,141.76,89,94,93,91,6.79,0.8,6.83,6.42,0.2
AWK,106.04,106.04,108.31,115.2,120.32,107.01,89,88,88,79,145.72,0.83,141.36,136.12,2.25
HSII,106.03,120.37,129.42,119.79,134.55,152.46,89,90,92,93,43.05,0.58,45.01,43.42,1.08
OBK,105.98,114.16,123.81,113.32,130.4,122.68,89,87,91,85,35.32,0.53,35.88,34.76,1.16
HCSG,105.95,111.91,145.52,145.52,130.39,121.79,89,95,91,85,13.07,0.6,14.12,12.17,1.17
JLL,105.86,111.92,115.59,106.16,130.62,147.83,89,83,91,92,265.35,0.76,245.65,253.3,0.9
MCFT,105.86,117.33,124.97,108.57,112.53,109.56,89,85,85,80,19.02,0.54,18.76,18.37,0.99
VBIX,105.79,122.97,679.04,884.34,1113.84,1239.0,89,99,99,99,4.94,0.38,4.9,5.2,0.56
CELZ,105.78,105.83,152.35,111.24,193.64,108.03,89,86,97,80,2.87,0.23,2.51,2.85,0.43
ECL,105.76,111.33,114.24,110.48,114.09,118.26,89,86,86,84,261.01,0.73,266.23,252.42,0.72
AGNCN,105.72,106.69,107.05,105.84,108.47,108.0,89,83,83,80,25.72,0.94,25.23,24.61,0.46
NGVC,105.67,115.51,126.78,206.7,243.06,235.45,89,97,98,97,38.27,0.42,41.81,41.15,0.83
VTMX,105.62,106.39,110.29,114.17,101.22,92.06,89,88,80,4,28.0,0.8,27.3,25.38,0.6
TIC,105.58,108.11,112.49,100.0,100.0,100.0,89,45,44,41,11.03,0.5,11.09,11.0,3.24
HAE,105.57,106.72,113.98,105.69,90.08,117.96,89,83,6,84,74.77,0.5,72.56,71.81,0.92
VAC,105.53,123.41,129.96,104.94,109.58,125.88,89,83,84,87,73.51,0.51,73.69,75.72,1.15
PII,105.46,123.53,110.76,83.99,64.55,86.11,89,5,2,3,49.62,0.36,44.26,49.02,1.31
TU,105.4,112.73,117.84,114.7,104.5,98.28,89,88,81,5,15.6,0.72,16.16,14.88,1.73
EQH,105.39,110.95,125.82,122.94,138.73,148.44,89,91,93,92,50.09,0.7,53.22,50.25,1.02
CUBWU,105.31,105.38,118.17,104.92,102.68,101.55,88,83,80,77,10.65,0.34,10.75,10.3,0.0
ASB,105.26,113.89,128.98,115.57,120.6,144.13,88,88,88,91,24.09,0.62,24.33,23.67,1.13
ALCY,105.19,105.57,106.36,109.79,105.01,115.01,88,85,81,82,11.72,0.64,11.67,11.29,0.0
FIP,105.19,108.45,128.46,101.49,99.7,167.97,88,81,9,95,6.33,0.45,6.28,6.45,1.8
HMC,105.18,112.51,116.45,109.16,106.01,99.4,88,85,82,5,31.33,0.73,30.19,28.38,0.96
VTGN,105.17,117.02,109.56,86.21,101.6,91.2,88,6,80,4,2.92,0.55,2.41,2.61,1.08
TRV,105.16,107.88,112.99,119.58,117.06,128.95,88,90,87,88,258.32,0.76,264.05,254.13,0.84
PRAX,105.14,117.61,129.22,100.13,162.69,261.01,88,80,95,98,54.09,0.41,46.77,56.91,1.77
NUE,104.99,113.09,117.8,103.49,91.8,106.52,88,82,6,79,138.67,0.57,129.45,129.29,0.73
FITBI,104.94,104.94,105.34,104.76,107.92,106.83,88,83,83,79,25.75,1.0,25.26,24.73,1.18
RFL,104.93,123.21,133.52,168.05,125.86,128.93,88,96,90,88,1.75,0.3,1.85,1.83,0.19
INSW,104.91,109.33,109.56,105.51,89.58,92.39,88,83,6,4,40.19,0.53,38.48,36.68,1.1
LII,104.86,116.25,118.69,107.22,120.96,136.1,88,84,88,90,605.87,0.59,585.36,596.72,0.99
HALO,104.84,106.71,105.48,135.3,134.15,142.51,88,94,92,91,59.02,0.6,55.31,55.55,0.8
SABS,104.82,117.51,144.33,88.79,64.36,128.26,88,6,2,87,2.23,0.32,2.07,2.41,0.15
CCIRU,104.82,106.49,110.38,118.58,114.27,102.48,88,89,86,77,11.61,0.36,11.96,11.32,0.48
PNW,104.77,104.95,110.26,115.03,120.39,124.45,88,88,88,86,90.68,0.8,89.46,88.2,1.03
PKBK,104.77,113.18,120.4,112.68,109.41,135.84,88,87,84,90,20.31,0.54,20.28,19.96,1.39
CQP,104.74,106.67,106.9,119.47,138.93,130.78,88,90,93,88,56.84,0.53,56.23,56.69,0.74
INTR,104.74,108.93,137.74,139.53,121.17,118.61,88,94,88,84,6.49,0.69,7.05,5.88,1.21
CZWI,104.7,105.25,115.77,112.39,127.05,143.02,88,87,90,91,14.9,0.65,14.44,14.81,1.27
WOK,104.7,105.42,113.05,85.92,77.24,124.82,88,6,4,86,0.77,0.06,0.78,2.48,0.03
RNST,104.65,113.07,130.78,114.35,124.78,128.05,88,88,89,87,35.52,0.68,36.35,35.04,1.91
ATLC,104.56,110.4,144.39,145.44,180.75,211.75,88,95,97,97,48.02,0.54,51.94,52.25,0.75
WTW,104.55,106.18,107.11,106.91,121.97,123.86,88,84,89,86,314.77,0.64,305.93,312.71,1.35
TEO,104.54,110.99,103.47,117.28,156.9,195.77,88,89,95,96,9.09,0.4,9.33,10.83,0.8
LNN,104.53,111.39,123.17,119.0,113.79,117.91,88,90,86,84,133.42,0.6,138.66,130.41,0.53
LFVN,104.43,120.09,128.21,121.11,302.13,341.28,88,90,98,98,12.58,0.29,12.86,15.06,0.42
CVE,104.4,107.76,105.27,99.7,91.29,91.36,88,10,6,4,14.83,0.49,14.06,14.13,1.21
SYK,104.39,111.36,115.33,110.81,116.98,122.14,88,86,87,85,377.79,0.72,386.92,376.66,2.43
SKM,104.33,105.05,112.92,112.52,111.5,112.77,88,87,85,81,22.09,0.59,21.98,21.46,0.88
BBAR,104.28,117.06,128.7,168.95,258.32,317.38,88,96,98,98,15.23,0.47,17.09,18.18,0.53
ANAB,104.27,114.5,140.33,122.21,103.99,104.9,88,91,81,78,24.69,0.44,23.96,20.69,0.54
TRST,104.17,111.02,122.57,114.43,111.64,131.27,88,88,85,88,33.05,0.6,32.99,32.25,1.2
ATMCU,104.15,104.15,104.41,103.13,103.47,106.68,88,82,81,79,11.99,1.0,11.8,11.63,0.0
TSBK,104.14,113.21,118.1,112.33,113.79,125.06,88,86,86,86,30.97,0.61,31.42,30.58,1.47
RBBN,104.12,109.31,120.16,115.9,149.79,154.74,88,88,94,93,3.6,0.33,3.87,3.9,1.13
KVHI,104.1,104.43,112.19,108.56,129.51,130.28,88,85,91,88,5.25,0.49,5.32,5.34,0.45
MRVL,104.1,116.49,111.0,108.29,167.49,182.92,88,84,96,96,74.45,0.33,71.01,83.28,1.32
INSE,103.98,112.09,115.73,94.43,121.93,126.86,88,8,89,87,8.75,0.43,8.39,8.93,0.79
TROW,103.96,106.65,109.97,97.5,108.15,119.58,88,9,83,84,103.06,0.58,97.91,102.04,1.89
BPYPO,103.93,104.46,112.95,113.08,116.59,136.56,88,87,86,90,14.38,0.63,14.54,14.34,0.53
CCLD,103.9,116.04,139.21,127.9,284.14,260.59,88,92,98,98,2.31,0.33,2.3,2.59,0.47
DORM,103.83,108.39,115.24,115.07,133.6,158.43,88,88,92,94,119.13,0.46,124.38,126.1,0.96
OIS,103.8,138.34,139.77,119.53,114.34,115.23,88,90,86,82,4.88,0.63,5.18,4.95,1.02
LUV,103.8,118.74,137.85,115.64,117.75,124.4,88,88,87,86,29.8,0.46,33.33,31.37,1.01
VTS,103.74,110.53,108.94,104.53,122.29,128.26,88,83,89,87,23.14,0.55,22.83,23.5,1.15
SGA,103.71,109.75,114.58,104.08,93.68,79.68,88,82,7,2,12.78,0.52,12.74,12.07,0.26
SGU,103.71,103.8,104.42,113.74,125.45,116.76,88,87,90,83,11.82,0.64,11.67,11.8,1.5
SILA,103.69,104.16,107.29,109.23,115.59,106.97,88,85,86,79,24.95,0.72,24.41,24.52,0.61
VMC,103.68,108.22,114.13,111.25,109.07,122.95,88,86,84,85,274.94,0.77,265.73,261.24,1.37
PR,103.65,107.96,113.23,107.81,108.27,114.02,88,84,83,82,13.65,0.6,13.71,13.65,1.01
FITB,103.64,110.05,120.81,109.15,116.19,141.59,88,85,86,91,40.91,0.56,40.6,41.0,0.99
CHCO,103.55,109.63,115.44,110.82,111.42,130.97,88,86,85,88,120.76,0.51,121.49,119.16,1.08
IBP,103.5,105.32,112.03,103.63,88.26,126.15,88,82,5,87,206.5,0.47,181.23,185.58,0.76
RDACU,103.48,103.58,103.6,100.8,100.97,100.86,88,80,79,77,10.65,1.0,10.38,10.24,0.0
LAR,103.41,123.45,123.45,82.5,77.67,103.68,88,5,4,78,2.62,0.43,2.26,2.57,0.76
ANSC,103.41,103.68,103.7,103.7,103.24,102.47,88,82,80,77,10.88,0.98,10.82,10.61,0.01
SEER,103.4,108.3,123.64,121.4,121.03,147.92,87,90,88,92,2.13,0.56,2.11,2.14,0.46
UXIN,103.38,118.55,154.36,190.2,193.18,275.15,87,97,97,98,3.67,0.38,4.08,4.37,1.63
SITE,103.38,108.88,110.99,97.69,98.88,108.95,87,9,8,80,136.37,0.61,124.11,130.9,1.35
GPAT,103.36,103.86,104.09,103.35,102.26,101.12,87,82,80,77,10.56,0.92,10.55,10.3,2.45
ASYS,103.34,105.92,110.54,84.58,108.41,109.15,87,5,83,80,4.56,0.36,4.37,4.85,2.3
KFY,103.32,111.7,116.55,108.93,107.14,132.78,87,85,82,89,69.05,0.53,71.13,68.6,0.68
ECBK,103.26,109.29,116.28,124.34,122.15,125.46,87,91,89,86,15.37,0.65,15.78,15.19,0.44
ALFUU,103.26,104.74,106.29,108.47,102.56,101.52,87,84,80,77,10.6,0.6,10.71,10.37,0.0
PFS,103.2,111.99,121.04,110.75,118.82,139.76,87,86,87,90,18.02,0.53,17.59,17.94,1.12
ALTI,103.19,114.85,119.2,120.01,90.16,105.1,87,90,6,78,3.9,0.57,3.96,3.82,0.47
GPOR,103.13,106.71,117.6,123.62,134.83,135.8,87,91,92,90,168.2,0.47,188.3,177.5,0.86
GROW,103.13,107.76,109.94,110.01,98.18,96.98,87,85,8,5,2.38,0.63,2.39,2.33,0.29
LB,103.12,110.74,150.06,145.39,169.14,163.66,87,95,96,94,55.39,0.47,65.87,67.32,0.77
XP,103.1,108.13,139.77,137.48,104.69,90.54,87,94,81,4,16.35,0.55,18.73,15.61,1.0
RELX,103.04,107.65,119.87,120.11,117.51,117.17,87,90,87,83,51.59,0.66,53.4,49.7,1.26
WVVI,103.03,105.57,132.09,138.66,163.78,149.41,87,94,96,92,4.81,0.52,5.41,4.99,0.08
BEAGU,103.0,103.0,103.98,105.21,103.82,100.8,87,83,81,77,10.74,0.71,10.74,10.38,0.0
HOND,103.0,104.77,106.45,110.76,105.33,101.12,87,86,81,77,10.81,0.44,11.31,10.51,0.66
FVCB,103.0,113.35,124.23,107.39,105.47,126.35,87,84,81,87,12.49,0.61,12.2,12.03,1.04
FRO,102.96,107.7,114.15,114.28,95.18,90.39,87,88,7,4,18.8,0.5,18.2,17.02,0.77
HYFM,102.94,118.94,132.24,108.6,102.46,130.63,87,85,80,88,4.34,0.42,3.84,4.75,0.37
LEDS,102.88,111.16,185.29,209.44,202.22,129.79,87,98,97,88,1.66,0.32,2.51,1.89,0.24
AARD,102.82,131.53,137.25,132.22,100.0,100.0,87,93,44,41,12.13,0.5,12.27,11.06,0.67
AFJKU,102.82,102.82,103.24,105.69,107.64,105.51,87,83,83,79,11.25,0.75,11.25,11.11,
ITW,102.81,106.8,113.1,103.59,107.7,115.17,87,82,83,82,252.31,0.62,250.17,252.23,1.28
EEX,102.76,118.26,131.77,108.99,93.52,94.51,87,85,7,4,4.86,0.5,4.9,4.49,0.65
OVV,102.73,110.81,111.24,102.51,106.27,106.84,87,81,82,79,39.42,0.58,39.31,39.79,0.82
AVT,102.69,106.8,120.2,107.44,103.33,117.3,87,84,80,83,51.87,0.69,52.83,51.33,1.38
MTCH,102.55,106.16,111.27,100.92,108.09,117.25,87,80,83,83,33.6,0.61,31.67,31.83,1.6
DTSQU,102.5,102.5,101.79,102.23,101.44,101.45,87,81,80,77,10.45,1.0,10.43,10.28,0.0
UVV,102.47,106.53,118.09,127.85,117.78,116.44,87,92,87,83,53.99,0.41,57.64,53.63,0.76
DHI,102.4,102.4,105.9,94.84,87.36,117.65,87,8,5,84,150.3,0.44,130.2,138.9,1.74
BACQU,102.38,102.46,103.46,103.44,101.67,100.0,87,82,80,41,10.59,0.82,10.59,10.26,0.0
LVTX,102.36,111.24,117.38,98.37,99.35,110.89,87,10,9,81,1.42,0.42,1.36,1.32,0.97
MTUS,102.33,112.53,119.77,106.19,92.41,95.4,87,83,6,4,15.06,0.33,15.03,14.55,1.26
PSTG,102.33,113.87,120.47,109.06,141.3,142.48,87,85,93,91,54.51,0.49,55.58,55.58,1.11
MDWD,102.32,111.8,126.66,129.6,123.94,142.93,87,93,89,91,18.53,0.49,20.24,18.27,0.92
CUB,102.28,102.5,102.67,103.29,101.38,100.48,87,82,80,77,10.48,0.89,10.49,10.24,0.05
NMRA,102.25,154.37,157.57,38.97,20.4,119.57,87,1,1,84,1.56,0.06,1.15,4.11,1.3
LADR,102.22,106.84,109.69,100.31,110.27,112.8,87,80,84,81,10.87,0.7,10.68,10.73,0.97
TARA,102.17,117.32,117.8,116.67,205.32,338.73,87,89,97,98,3.06,0.29,3.13,3.73,0.88
VCIC,102.17,102.17,101.72,101.98,101.38,100.44,87,81,80,76,10.4,0.96,10.37,10.17,13.11
HAFC,102.14,112.79,138.09,129.88,136.45,162.82,87,93,92,94,22.43,0.55,24.08,23.25,1.92
LPAA,102.12,102.16,102.57,103.02,102.13,100.56,87,82,80,77,10.43,0.92,10.42,10.19,2.04
DATS,102.12,124.75,163.9,204.2,270.43,653.11,87,97,98,99,2.23,0.14,2.63,2.55,0.23
CAPN,102.07,102.13,102.22,101.5,101.12,100.53,87,81,80,77,10.37,0.78,10.31,10.15,0.0
ALF,102.03,102.52,103.01,103.73,101.5,100.63,87,82,80,77,10.51,0.81,10.52,10.26,0.18
HVIIU,102.02,102.74,103.05,102.03,100.92,100.0,87,81,79,41,10.45,0.81,10.47,10.23,0.0
CARE,102.02,108.09,119.25,109.4,116.84,146.78,87,85,87,92,16.94,0.48,17.21,17.22,0.83
NTRSO,102.01,102.01,102.77,99.95,99.99,113.22,87,10,9,81,20.31,0.36,19.56,19.97,0.95
TYL,102.0,102.0,106.88,105.77,121.15,130.9,87,83,88,88,581.65,0.48,573.07,586.04,1.89
LIN,101.99,105.33,110.74,106.73,107.6,110.46,87,84,83,81,459.41,0.69,466.54,452.95,1.22
DAAQU,101.91,102.05,100.0,100.0,100.0,100.0,87,45,44,41,10.75,0.43,10.87,10.75,0.1
FGMCU,101.88,102.55,101.52,101.52,100.0,100.0,87,81,44,41,10.12,0.8,10.06,9.9,0.03
MDB,101.88,113.49,112.66,97.02,95.45,116.53,87,9,7,83,220.97,0.37,210.71,234.07,1.22
TAK,101.85,104.39,112.31,117.8,118.28,106.94,87,89,87,79,14.16,0.55,14.82,14.05,1.95
DKS,101.85,108.58,111.69,101.76,129.55,131.62,87,81,91,88,206.77,0.5,193.86,204.44,0.85
DTSQ,101.84,101.84,102.08,102.74,101.44,100.44,86,82,80,76,10.4,0.86,10.4,10.21,0.0
FBP,101.82,107.85,123.24,113.66,116.48,130.41,86,87,86,88,20.32,0.65,20.77,19.71,1.2
NXDT,101.81,110.67,116.67,96.07,99.09,125.0,86,9,8,86,4.35,0.31,4.27,4.55,0.64
VACH,101.76,102.02,102.48,101.67,101.35,100.56,86,81,80,77,10.39,0.94,10.37,10.18,0.08
FSFG,101.76,110.74,119.97,128.87,130.89,169.73,86,92,91,95,25.35,0.48,25.69,25.78,0.59
OVLY,101.76,108.17,117.11,108.47,108.23,128.8,86,84,83,87,26.39,0.42,26.51,26.5,1.09
TDACU,101.66,101.66,101.88,101.51,100.84,100.0,86,81,79,41,10.41,0.95,10.35,10.2,0.0
HBANM,101.66,102.69,103.34,106.71,106.89,115.42,86,84,82,82,22.79,0.46,22.09,22.42,0.98
GSHRU,101.63,101.79,101.45,100.84,100.0,100.0,86,80,44,41,10.5,1.0,10.25,10.16,0.0
O,101.61,103.33,110.04,107.43,109.34,110.82,86,84,84,81,56.57,0.57,56.55,55.17,1.46
TRGP,101.6,102.16,112.45,109.92,167.34,186.79,86,85,96,96,162.92,0.42,166.37,179.19,1.05
RLYB,101.58,101.58,103.94,43.79,72.74,80.58,86,2,3,2,0.54,0.25,0.39,0.68,0.26
EQX,101.56,105.46,109.54,125.12,139.08,119.86,86,92,93,84,6.07,0.53,6.34,6.17,0.76
BALL,101.54,105.55,111.61,102.16,88.97,104.01,86,81,5,78,57.14,0.55,56.33,55.02,1.73
OBDC,101.52,106.66,111.27,105.51,110.34,109.11,86,83,84,80,14.08,0.65,14.39,14.09,1.24
USB,101.51,107.59,120.2,110.4,112.83,132.69,86,86,85,89,43.94,0.5,44.83,45.04,0.88
KBDC,101.5,104.52,110.86,103.95,110.41,106.81,86,82,84,79,15.28,0.46,15.55,15.49,0.89
MSGE,101.48,110.31,119.71,116.86,101.74,122.62,86,89,80,85,36.88,0.54,38.6,36.42,0.92
MLACU,101.43,101.64,101.68,101.54,101.2,100.0,86,81,80,41,10.45,1.0,10.38,10.25,0.0
AVNW,101.37,115.01,128.96,120.01,112.51,77.65,86,90,85,2,20.86,0.41,22.89,19.93,1.08
RIBBU,101.37,101.44,102.54,102.61,101.04,100.0,86,81,80,41,10.45,0.56,10.45,10.29,0.0
TBCH,101.37,104.42,108.56,97.3,130.79,147.61,86,9,91,92,14.0,0.47,13.26,14.86,0.73
PLMKU,101.33,101.45,101.63,103.56,100.72,100.0,86,82,79,41,10.36,0.35,10.36,10.21,0.0
CAAS,101.31,108.56,119.54,111.41,153.57,152.05,86,86,95,93,4.12,0.38,4.19,4.21,1.27
TTAM,101.29,103.39,111.75,100.78,100.0,100.0,86,80,44,41,13.8,0.49,13.69,13.82,1.13
LCCCU,101.28,101.28,100.0,100.0,100.0,100.0,86,45,44,41,10.35,1.0,10.19,10.15,0.0
BEAG,101.26,101.57,102.69,102.82,102.46,100.0,86,82,80,41,10.46,0.81,10.44,10.2,0.07
NREF,101.2,108.4,107.55,108.76,119.14,126.23,86,85,88,87,13.67,0.4,14.17,14.44,0.95
JFU,101.19,113.01,124.46,95.81,93.45,81.35,86,9,7,3,1.64,0.3,1.48,1.47,0.48
PAY,101.19,106.61,135.78,157.12,160.06,204.21,86,96,95,97,28.29,0.46,32.72,31.22,1.62
CHACU,101.12,101.25,100.0,100.0,100.0,100.0,86,45,44,41,10.28,0.56,10.27,10.21,0.0
ASPC,101.05,101.15,101.32,100.88,100.6,100.0,86,80,79,41,10.26,0.97,10.23,10.12,0.0
RAAQU,101.03,101.03,100.0,100.0,100.0,100.0,86,45,44,41,10.36,0.67,10.31,10.25,0.0
ATIIU,101.0,101.22,101.62,101.59,100.0,100.0,86,81,44,41,10.45,0.64,10.37,10.21,0.0
BOWN,101.0,101.0,112.56,215.06,166.76,104.65,86,98,96,78,9.19,0.54,10.19,8.99,0.0
STE,100.98,102.7,109.34,112.71,105.53,102.7,86,87,81,78,226.87,0.49,235.95,224.08,1.22
NPACU,100.95,101.23,101.2,100.0,100.0,100.0,86,45,44,41,10.31,0.39,10.35,10.27,0.16
FA,100.95,112.08,114.7,119.53,114.96,117.56,86,90,86,83,16.47,0.5,17.45,17.24,0.66
FERA,100.95,101.11,101.26,100.0,100.0,100.0,86,45,44,41,10.18,0.98,10.14,10.08,0.45
RBCAA,100.94,109.34,127.67,123.26,118.57,152.95,86,91,87,93,67.5,0.55,71.54,68.83,0.59
NOEM,100.93,100.97,101.38,100.85,100.65,100.0,86,80,79,41,10.1,0.94,10.06,9.97,0.0
RPM,100.92,107.34,107.47,98.35,107.09,128.49,86,10,82,87,117.51,0.51,112.87,119.08,0.88
REG,100.91,104.63,106.01,109.56,117.79,119.4,86,85,87,84,70.48,0.49,70.71,71.23,1.03
RANGU,100.86,103.1,103.36,103.4,101.08,100.0,86,82,80,41,10.35,0.5,10.57,10.32,0.0
PAYX,100.82,108.91,111.51,116.95,121.26,125.12,86,89,88,86,139.34,0.52,148.57,144.39,1.83
CVU,100.74,103.96,109.59,111.37,173.38,202.99,86,86,96,96,3.35,0.32,3.22,3.64,0.26
FBIZ,100.74,107.33,131.03,121.12,146.06,143.76,86,90,94,91,46.89,0.46,50.06,48.38,1.7
FLG,100.73,106.78,114.36,117.73,125.23,107.95,86,89,90,80,11.2,0.54,11.43,11.21,1.11
RIBB,100.72,100.72,100.72,100.68,100.0,100.0,86,80,44,41,10.19,1.0,10.12,10.07,0.0
HVII,100.72,101.13,101.22,101.36,100.0,100.0,86,81,44,41,10.16,0.95,10.13,9.98,0.0
TACHU,100.7,100.88,101.12,100.0,100.0,100.0,86,45,44,41,10.22,0.52,10.21,10.14,0.06
USAC,100.68,106.43,112.38,113.45,131.69,123.85,86,87,91,86,23.18,0.44,24.31,23.7,0.77
MAYA,100.68,100.84,100.89,100.81,100.0,100.0,86,80,44,41,10.15,0.9,10.09,10.02,22.45
AACBU,100.67,100.87,102.15,101.87,100.0,100.0,86,81,44,41,10.3,0.5,10.37,10.21,0.0
NTRA,100.67,104.29,123.38,129.13,181.95,197.57,86,93,97,96,134.58,0.46,156.62,154.39,0.9
ATLO,100.66,106.83,108.74,104.33,105.7,100.9,86,82,81,77,18.01,0.46,17.87,17.37,1.68
KFII,100.64,100.88,100.92,101.01,100.0,100.0,86,81,44,41,10.19,1.0,10.15,10.07,12.18
AACB,100.64,100.89,100.97,100.0,100.0,100.0,86,45,44,41,10.14,0.87,10.11,10.05,0.0
YRD,100.62,112.89,122.49,147.19,182.6,175.0,85,95,97,95,5.68,0.39,6.25,5.87,0.79
KMB,100.59,100.59,100.16,105.7,111.32,108.73,85,83,84,80,130.64,0.35,131.67,132.71,2.27
IOTR,100.58,108.14,100.0,100.0,100.0,100.0,85,45,44,41,0.42,0.01,0.44,0.67,0.88
MNSO,100.57,110.15,107.89,122.14,129.82,148.64,85,91,91,92,18.56,0.39,18.22,19.57,0.72
EFSC,100.57,107.74,125.66,113.65,137.19,147.31,85,87,92,92,53.81,0.51,54.88,55.19,1.37
USLM,100.57,118.19,118.7,120.26,149.1,262.07,85,90,94,98,99.02,0.34,102.92,109.7,1.02
COLA,100.56,100.68,100.64,100.67,100.0,100.0,85,80,44,41,10.18,0.92,10.12,10.08,0.03
MANH,100.54,102.35,103.33,92.45,82.25,126.3,85,8,4,87,214.66,0.43,198.29,220.93,0.6
ADEA,100.5,109.3,126.64,119.54,149.66,130.76,85,90,94,88,12.34,0.36,13.63,13.24,1.11
DH,100.36,112.79,122.12,109.02,110.47,95.76,85,85,84,5,3.74,0.42,3.79,3.86,0.84
EXPD,100.36,101.66,108.52,102.03,104.4,104.46,85,81,81,78,114.65,0.45,114.22,114.44,1.29
SBUX,100.3,110.19,116.51,104.3,132.55,125.17,85,82,92,86,86.86,0.34,91.34,94.49,1.66
AON,100.3,109.94,107.65,105.97,122.06,124.01,85,83,89,86,353.46,0.38,357.43,368.61,1.22
CMTL,100.28,109.93,136.06,104.52,88.65,115.6,85,83,5,82,2.05,0.22,2.32,2.47,0.35
RNR,100.26,102.83,103.07,106.05,102.66,123.38,85,83,80,86,241.83,0.32,242.38,248.72,0.69
CFBK,100.22,105.09,117.89,113.69,112.33,151.66,85,87,85,93,23.5,0.41,23.78,23.98,0.27
DSS,100.19,109.49,111.53,92.09,88.27,76.8,85,8,5,2,1.06,0.39,0.94,0.97,0.05
LNKB,100.19,110.68,118.67,115.25,117.29,124.06,85,88,87,86,6.7,0.46,7.13,7.02,1.18
FAF,100.18,101.43,103.8,103.95,113.1,120.9,85,82,85,85,60.66,0.46,58.13,61.3,0.64
RNGR,100.13,115.32,104.34,100.87,150.5,161.62,85,80,94,94,12.72,0.29,12.12,13.95,0.96
UL,100.11,101.65,108.18,114.15,119.48,117.13,85,87,88,83,60.47,0.6,61.64,59.22,1.28
FRBA,100.08,106.75,121.75,113.84,118.05,117.38,85,87,87,83,14.64,0.52,15.16,14.65,2.71
SHIP,100.06,102.05,105.46,85.57,88.92,127.67,85,6,5,87,6.83,0.27,6.59,6.91,0.37
TTNP,100.04,106.43,124.3,118.79,90.42,69.7,85,89,6,2,3.99,0.12,4.47,3.97,0.05
RBOT,100.02,141.96,184.14,111.13,190.72,218.38,85,86,97,97,8.67,0.32,8.47,9.9,1.12
HBAN,100.0,100.0,100.0,100.0,100.0,100.0,50,45,44,41,,,,,
RNTX,100.0,100.0,100.0,100.0,100.0,100.0,50,45,44,41,,,,,
STM,100.0,100.0,100.0,100.0,100.0,100.0,50,45,44,41,,,,,
DPZ,100.0,100.0,100.0,100.0,100.0,100.0,50,45,44,41,,,,,
KLIC,100.0,100.0,100.0,100.0,100.0,100.0,50,45,44,41,,,,,
FSHPU,100.0,100.0,100.0,100.0,100.0,100.0,50,45,44,41,,,,,
GNSS,100.0,100.0,100.0,100.0,100.0,100.0,50,45,44,41,,,,,
MT,100.0,100.0,100.0,100.0,100.0,100.0,50,45,44,41,,,,,
AZI,100.0,100.0,100.0,100.0,100.0,100.0,50,45,44,41,,,,,
TG,100.0,100.0,100.0,100.0,100.0,100.0,50,45,44,41,,,,,
HGV,100.0,100.0,100.0,100.0,100.0,100.0,50,45,44,41,,,,,
EE,100.0,100.0,100.0,100.0,100.0,100.0,50,45,44,41,,,,,
AAPL,100.0,100.0,100.0,100.0,100.0,100.0,50,45,44,41,,,,,
BKSY,100.0,100.0,100.0,100.0,100.0,100.0,50,45,44,41,,,,,
MYFW,100.0,100.0,100.0,100.0,100.0,100.0,50,45,44,41,,,,,
AMKR,100.0,100.0,100.0,100.0,100.0,100.0,50,45,44,41,,,,,
CVNA,100.0,100.0,100.0,100.0,100.0,100.0,50,45,44,41,,,,,
CARG,100.0,100.0,100.0,100.0,100.0,100.0,50,45,44,41,,,,,
LOW,100.0,100.0,100.0,100.0,100.0,100.0,50,45,44,41,,,,,
DT,100.0,100.0,100.0,100.0,100.0,100.0,50,45,44,41,,,,,
FEIM,100.0,100.0,100.0,100.0,100.0,100.0,50,45,44,41,,,,,
CTNT,100.0,100.0,100.0,100.0,100.0,100.0,50,45,44,41,,,,,
RDAGU,100.0,100.0,100.0,100.0,100.0,100.0,50,45,44,41,,,,,
RMSG,100.0,100.0,100.0,100.0,100.0,100.0,50,45,44,41,,,,,
APTV,100.0,100.0,100.0,100.0,100.0,100.0,50,45,44,41,,,,,
KSS,100.0,100.0,100.0,100.0,100.0,100.0,50,45,44,41,,,,,
SUPX,100.0,100.0,100.0,100.0,100.0,100.0,50,45,44,41,,,,,
LNSR,100.0,100.0,100.0,100.0,100.0,100.0,50,45,44,41,,,,,
PPBT,100.0,100.0,100.0,100.0,100.0,100.0,50,45,44,41,,,,,
BLDE,100.0,100.0,100.0,100.0,100.0,100.0,50,45,44,41,,,,,
AUR,100.0,100.0,100.0,100.0,100.0,100.0,50,45,44,41,,,,,
KLTR,100.0,100.0,100.0,100.0,100.0,100.0,50,45,44,41,,,,,
NVFY,100.0,100.0,100.0,100.0,100.0,100.0,50,45,44,41,,,,,
EXC,100.0,100.0,100.0,100.0,100.0,100.0,50,45,44,41,,,,,
MBI,100.0,100.0,100.0,100.0,100.0,100.0,50,45,44,41,,,,,
PHUN,100.0,100.0,100.0,100.0,100.0,100.0,50,45,44,41,,,,,
CNTA,100.0,100.0,100.0,100.0,100.0,100.0,50,45,44,41,,,,,
FBIO,100.0,100.0,100.0,100.0,100.0,100.0,50,45,44,41,,,,,
OR,100.0,100.0,100.0,100.0,100.0,100.0,50,45,44,41,,,,,
NCTY,100.0,100.0,100.0,100.0,100.0,100.0,50,45,44,41,,,,,
SII,100.0,100.0,100.0,100.0,100.0,100.0,50,45,44,41,,,,,
INTG,100.0,100.0,100.0,100.0,100.0,100.0,50,45,44,41,,,,,
BWA,100.0,100.0,100.0,100.0,100.0,100.0,50,45,44,41,,,,,
EIG,100.0,100.0,100.0,100.0,100.0,100.0,50,45,44,41,,,,,
ONL,100.0,100.0,100.0,100.0,100.0,100.0,50,45,44,41,,,,,
NATR,100.0,100.0,100.0,100.0,100.0,100.0,50,45,44,41,,,,,
XPEV,100.0,100.0,100.0,100.0,100.0,100.0,50,45,44,41,,,,,
GERN,100.0,100.0,100.0,100.0,100.0,100.0,50,45,44,41,,,,,
BHF,100.0,100.0,100.0,100.0,100.0,100.0,50,45,44,41,,,,,
ANIK,100.0,100.0,100.0,100.0,100.0,100.0,50,45,44,41,,,,,
MGNI,100.0,100.0,100.0,100.0,100.0,100.0,50,45,44,41,,,,,
EGP,100.0,100.0,100.0,100.0,100.0,100.0,50,45,44,41,,,,,
IESC,100.0,100.0,100.0,100.0,100.0,100.0,50,45,44,41,,,,,
HURC,100.0,100.0,100.0,100.0,100.0,100.0,50,45,44,41,,,,,
DAIC,100.0,100.0,100.0,100.0,100.0,100.0,50,45,44,41,,,,,
AMBP,100.0,100.0,100.0,100.0,100.0,100.0,50,45,44,41,,,,,
HBNC,100.0,100.0,100.0,100.0,100.0,100.0,50,45,44,41,,,,,
NET,100.0,100.0,100.0,100.0,100.0,100.0,50,45,44,41,,,,,
MAGN,100.0,100.0,100.0,100.0,100.0,100.0,50,45,44,41,,,,,
FBYD,100.0,100.0,100.0,100.0,100.0,100.0,50,45,44,41,,,,,
DRRX,100.0,100.0,100.0,100.0,100.0,100.0,50,45,44,41,,,,,
LTH,100.0,100.0,100.0,100.0,100.0,100.0,50,45,44,41,,,,,
ODP,100.0,100.0,100.0,100.0,100.0,100.0,50,45,44,41,,,,,
INTA,100.0,100.0,100.0,100.0,100.0,100.0,50,45,44,41,,,,,
MTEX,100.0,100.0,100.0,100.0,100.0,100.0,50,45,44,41,,,,,
ENGS,100.0,100.0,100.0,100.0,100.0,100.0,50,45,44,41,,,,,
MDT,100.0,100.0,100.0,100.0,100.0,100.0,50,45,44,41,,,,,
BBLG,100.0,100.0,100.0,100.0,100.0,100.0,50,45,44,41,,,,,
CADL,100.0,100.0,100.0,100.0,100.0,100.0,50,45,44,41,,,,,
RTO,100.0,100.0,100.0,100.0,100.0,100.0,50,45,44,41,,,,,
HFBL,100.0,100.0,100.0,100.0,100.0,100.0,50,45,44,41,,,,,
ZS,100.0,100.0,100.0,100.0,100.0,100.0,50,45,44,41,,,,,
AHT,100.0,100.0,100.0,100.0,100.0,100.0,50,45,44,41,,,,,
BIOX,100.0,100.0,100.0,100.0,100.0,100.0,50,45,44,41,,,,,
DSGX,100.0,100.0,100.0,100.0,100.0,100.0,50,45,44,41,,,,,
DEFT,100.0,100.0,100.0,100.0,100.0,100.0,50,45,44,41,,,,,
VYNE,100.0,100.0,100.0,100.0,100.0,100.0,50,45,44,41,,,,,
VHI,100.0,100.0,100.0,100.0,100.0,100.0,50,45,44,41,,,,,
CETX,100.0,100.0,100.0,100.0,100.0,100.0,50,45,44,41,,,,,
CERT,100.0,100.0,100.0,100.0,100.0,100.0,50,45,44,41,,,,,
PTEN,100.0,100.0,100.0,100.0,100.0,100.0,50,45,44,41,,,,,
LWAY,100.0,100.0,100.0,100.0,100.0,100.0,50,45,44,41,,,,,
SRFM,100.0,100.0,100.0,100.0,100.0,100.0,50,45,44,41,,,,,
THRY,100.0,100.0,100.0,100.0,100.0,100.0,50,45,44,41,,,,,
LUCY,100.0,100.0,100.0,100.0,100.0,100.0,50,45,44,41,,,,,
SELF,100.0,100.0,100.0,100.0,100.0,100.0,50,45,44,41,,,,,
CSR,100.0,100.0,100.0,100.0,100.0,100.0,50,45,44,41,,,,,
FELE,100.0,100.0,100.0,100.0,100.0,100.0,50,45,44,41,,,,,
E,100.0,100.0,100.0,100.0,100.0,100.0,50,45,44,41,,,,,
BCAL,100.0,100.0,100.0,100.0,100.0,100.0,50,45,44,41,,,,,
MAR,100.0,100.0,100.0,100.0,100.0,100.0,50,45,44,41,,,,,
HTO,100.0,100.0,100.0,100.0,100.0,100.0,50,45,44,41,,,,,
ISBA,100.0,100.0,100.0,100.0,100.0,100.0,50,45,44,41,,,,,
WDH,100.0,100.0,100.0,100.0,100.0,100.0,50,45,44,41,,,,,
MI,100.0,100.0,100.0,100.0,100.0,100.0,50,45,44,41,,,,,
BL,100.0,100.0,100.0,100.0,100.0,100.0,50,45,44,41,,,,,
BDC,100.0,100.0,100.0,100.0,100.0,100.0,50,45,44,41,,,,,
ELBM,100.0,100.0,100.0,100.0,100.0,100.0,50,45,44,41,,,,,
DIS,100.0,100.0,100.0,100.0,100.0,100.0,50,45,44,41,,,,,
PSQH,100.0,100.0,100.0,100.0,100.0,100.0,50,45,44,41,,,,,
TAC,100.0,100.0,100.0,100.0,100.0,100.0,50,45,44,41,,,,,
MESO,100.0,100.0,100.0,100.0,100.0,100.0,50,45,44,41,,,,,
PAMT,100.0,100.0,100.0,100.0,100.0,100.0,50,45,44,41,,,,,
FTAI,100.0,100.0,100.0,100.0,100.0,100.0,50,45,44,41,,,,,
OKE,100.0,100.0,100.0,100.0,100.0,100.0,50,45,44,41,,,,,
VOD,100.0,100.0,100.0,100.0,100.0,100.0,50,45,44,41,,,,,
FMC,100.0,100.0,100.0,100.0,100.0,100.0,50,45,44,41,,,,,
CPAC,100.0,100.0,100.0,100.0,100.0,100.0,50,45,44,41,,,,,
RCUS,100.0,100.0,100.0,100.0,100.0,100.0,50,45,44,41,,,,,
MARPS,100.0,100.0,100.0,100.0,100.0,100.0,50,45,44,41,,,,,
VOXR,100.0,100.0,100.0,100.0,100.0,100.0,50,45,44,41,,,,,
CMPO,100.0,100.0,100.0,100.0,100.0,100.0,50,45,44,41,,,,,
ESOA,100.0,100.0,100.0,100.0,100.0,100.0,50,45,44,41,,,,,
OGEN,100.0,100.0,100.0,100.0,100.0,100.0,50,45,44,41,,,,,
ASO,100.0,100.0,100.0,100.0,100.0,100.0,50,45,44,41,,,,,
TOWN,100.0,100.0,100.0,100.0,100.0,100.0,50,45,44,41,,,,,
SCNX,100.0,100.0,100.0,100.0,100.0,100.0,50,45,44,41,,,,,
DOLE,100.0,100.0,100.0,100.0,100.0,100.0,50,45,44,41,,,,,
OSW,100.0,100.0,100.0,100.0,100.0,100.0,50,45,44,41,,,,,
AEBI,100.0,100.0,100.0,100.0,100.0,100.0,50,45,44,41,,,,,
DMAA,100.0,100.0,100.0,100.0,100.0,100.0,50,45,44,41,,,,,
LOOP,100.0,100.0,100.0,100.0,100.0,100.0,50,45,44,41,,,,,
LGHL,100.0,100.0,100.0,100.0,100.0,100.0,50,45,44,41,,,,,
MCW,100.0,100.0,100.0,100.0,100.0,100.0,50,45,44,41,,,,,
HBM,100.0,100.0,100.0,100.0,100.0,100.0,50,45,44,41,,,,,
LAWR,100.0,100.0,100.0,100.0,100.0,100.0,50,45,44,41,1.67,0.0,2.82,2.82,0.12
XYZ,100.0,100.0,100.0,100.0,100.0,100.0,50,45,44,41,,,,,
BRY,100.0,100.0,100.0,100.0,100.0,100.0,50,45,44,41,,,,,
HBIO,100.0,100.0,100.0,100.0,100.0,100.0,50,45,44,41,,,,,
OAKUU,100.0,100.0,100.0,100.0,100.0,100.0,50,45,44,41,,,,,
FCBC,100.0,100.0,100.0,100.0,100.0,100.0,50,45,44,41,,,,,
IPW,100.0,100.0,100.0,100.0,100.0,100.0,50,45,44,41,,,,,
ENVB,100.0,100.0,100.0,100.0,100.0,100.0,50,45,44,41,,,,,
PONY,100.0,100.0,100.0,100.0,100.0,100.0,50,45,44,41,,,,,
SSP,100.0,100.0,100.0,100.0,100.0,100.0,50,45,44,41,,,,,
APPN,100.0,100.0,100.0,100.0,100.0,100.0,50,45,44,41,,,,,
HURN,100.0,100.0,100.0,100.0,100.0,100.0,50,45,44,41,,,,,
WAFDP,100.0,100.0,100.0,100.0,100.0,100.0,50,45,44,41,,,,,
AXTI,100.0,100.0,100.0,100.0,100.0,100.0,50,45,44,41,,,,,
BIDU,100.0,100.0,100.0,100.0,100.0,100.0,50,45,44,41,,,,,
BLTE,100.0,100.0,100.0,100.0,100.0,100.0,50,45,44,41,,,,,
KOP,100.0,100.0,100.0,100.0,100.0,100.0,50,45,44,41,,,,,
AUBN,100.0,100.0,100.0,100.0,100.0,100.0,50,45,44,41,,,,,
TDC,100.0,100.0,100.0,100.0,100.0,100.0,50,45,44,41,,,,,
NCDL,100.0,100.0,100.0,100.0,100.0,100.0,50,45,44,41,,,,,
WM,100.0,100.0,100.0,100.0,100.0,100.0,50,45,44,41,,,,,
GNL,100.0,100.0,100.0,100.0,100.0,100.0,50,45,44,41,,,,,
COIN,100.0,100.0,100.0,100.0,100.0,100.0,50,45,44,41,,,,,
MYRG,100.0,100.0,100.0,100.0,100.0,100.0,50,45,44,41,,,,,
ENLV,100.0,100.0,100.0,100.0,100.0,100.0,50,45,44,41,,,,,
CIO,100.0,100.0,100.0,100.0,100.0,100.0,50,45,44,41,,,,,
TRNR,100.0,100.0,100.0,100.0,100.0,100.0,50,45,44,41,,,,,
CDZIP,100.0,100.0,100.0,100.0,100.0,100.0,50,45,44,41,,,,,
GALT,100.0,100.0,100.0,100.0,100.0,100.0,50,45,44,41,,,,,
MGRM,100.0,100.0,100.0,100.0,100.0,100.0,50,45,44,41,,,,,
NNDM,100.0,100.0,100.0,100.0,100.0,100.0,50,45,44,41,,,,,
YGMZ,100.0,100.0,100.0,100.0,100.0,100.0,50,45,44,41,,,,,
GBCI,100.0,100.0,100.0,100.0,100.0,100.0,50,45,44,41,,,,,
MCK,100.0,100.0,100.0,100.0,100.0,100.0,50,45,44,41,,,,,
MEIP,100.0,100.0,100.0,100.0,100.0,100.0,50,45,44,41,,,,,
INDP,100.0,100.0,100.0,100.0,100.0,100.0,50,45,44,41,,,,,
PBT,100.0,100.0,100.0,100.0,100.0,100.0,50,45,44,41,,,,,
SBS,100.0,100.0,100.0,100.0,100.0,100.0,50,45,44,41,,,,,
AVNS,100.0,100.0,100.0,100.0,100.0,100.0,50,45,44,41,,,,,
BSRR,100.0,100.0,100.0,100.0,100.0,100.0,50,45,44,41,,,,,
CASH,100.0,100.0,100.0,100.0,100.0,100.0,50,45,44,41,,,,,
OXBR,100.0,100.0,100.0,100.0,100.0,100.0,50,45,44,41,,,,,
ASC,100.0,100.0,100.0,100.0,100.0,100.0,50,45,44,41,,,,,
LGO,100.0,100.0,100.0,100.0,100.0,100.0,50,45,44,41,,,,,
DCO,100.0,100.0,100.0,100.0,100.0,100.0,50,45,44,41,,,,,
ABLV,100.0,100.0,100.0,100.0,100.0,100.0,50,45,44,41,,,,,
AMRK,100.0,100.0,100.0,100.0,100.0,100.0,50,45,44,41,,,,,
AEHL,100.0,100.0,100.0,100.0,100.0,100.0,50,45,44,41,,,,,
MSN,100.0,100.0,100.0,100.0,100.0,100.0,50,45,44,41,,,,,
CRE,100.0,100.0,100.0,100.0,100.0,100.0,50,45,44,41,,,,,
MDAI,100.0,100.0,100.0,100.0,100.0,100.0,50,45,44,41,,,,,
ADVB,100.0,100.0,100.0,100.0,100.0,100.0,50,45,44,41,,,,,
TMCI,100.0,100.0,100.0,100.0,100.0,100.0,50,45,44,41,,,,,
AP,100.0,100.0,100.0,100.0,100.0,100.0,50,45,44,41,,,,,
METC,100.0,100.0,100.0,100.0,100.0,100.0,50,45,44,41,,,,,
BRNS,100.0,100.0,100.0,100.0,100.0,100.0,50,45,44,41,,,,,
SERA,100.0,100.0,100.0,100.0,100.0,100.0,50,45,44,41,,,,,
QTWO,100.0,100.0,100.0,100.0,100.0,100.0,50,45,44,41,,,,,
EQBK,100.0,100.0,100.0,100.0,100.0,100.0,50,45,44,41,,,,,
PTIX,100.0,100.0,100.0,100.0,100.0,100.0,50,45,44,41,,,,,
ERII,100.0,100.0,100.0,100.0,100.0,100.0,50,45,44,41,,,,,
GPMT,100.0,100.0,100.0,100.0,100.0,100.0,50,45,44,41,,,,,
HUYA,100.0,100.0,100.0,100.0,100.0,100.0,50,45,44,41,,,,,
NKSH,100.0,100.0,100.0,100.0,100.0,100.0,50,45,44,41,,,,,
RJF,100.0,100.0,100.0,100.0,100.0,100.0,50,45,44,41,,,,,
PAA,100.0,100.0,100.0,100.0,100.0,100.0,50,45,44,41,,,,,
SBH,100.0,100.0,100.0,100.0,100.0,100.0,50,45,44,41,,,,,
NVGS,100.0,100.0,100.0,100.0,100.0,100.0,50,45,44,41,,,,,
SLS,100.0,100.0,100.0,100.0,100.0,100.0,50,45,44,41,,,,,
KWR,100.0,100.0,100.0,100.0,100.0,100.0,50,45,44,41,,,,,
ENIC,100.0,100.0,100.0,100.0,100.0,100.0,50,45,44,41,,,,,
BP,100.0,100.0,100.0,100.0,100.0,100.0,50,45,44,41,,,,,
CNXC,100.0,100.0,100.0,100.0,100.0,100.0,50,45,44,41,,,,,
GCI,100.0,100.0,100.0,100.0,100.0,100.0,50,45,44,41,,,,,
SION,100.0,100.0,100.0,100.0,100.0,100.0,50,45,44,41,,,,,
PLAG,100.0,100.0,100.0,100.0,100.0,100.0,50,45,44,41,,,,,
WEN,100.0,100.0,100.0,100.0,100.0,100.0,50,45,44,41,,,,,
NXE,100.0,100.0,100.0,100.0,100.0,100.0,50,45,44,41,,,,,
MBRX,100.0,100.0,100.0,100.0,100.0,100.0,50,45,44,41,,,,,
THR,100.0,100.0,100.0,100.0,100.0,100.0,50,45,44,41,,,,,
NMFC,100.0,100.0,100.0,100.0,100.0,100.0,50,45,44,41,,,,,
TRUE,100.0,100.0,100.0,100.0,100.0,100.0,50,45,44,41,,,,,
BEAM,100.0,100.0,100.0,100.0,100.0,100.0,50,45,44,41,,,,,
ADAP,100.0,100.0,100.0,100.0,100.0,100.0,50,45,44,41,,,,,
ACTU,100.0,100.0,100.0,100.0,100.0,100.0,50,45,44,41,,,,,
SUNE,100.0,100.0,100.0,100.0,100.0,100.0,50,45,44,41,,,,,
ATXS,100.0,100.0,100.0,100.0,100.0,100.0,50,45,44,41,,,,,
POAI,100.0,100.0,100.0,100.0,100.0,100.0,50,45,44,41,,,,,
MCY,100.0,100.0,100.0,100.0,100.0,100.0,50,45,44,41,,,,,
ENGN,100.0,100.0,100.0,100.0,100.0,100.0,50,45,44,41,,,,,
ULCC,100.0,100.0,100.0,100.0,100.0,100.0,50,45,44,41,,,,,
KRG,100.0,100.0,100.0,100.0,100.0,100.0,50,45,44,41,,,,,
RZLV,100.0,100.0,100.0,100.0,100.0,100.0,50,45,44,41,,,,,
SPKL,100.0,100.0,100.0,100.0,100.0,100.0,50,45,44,41,,,,,
TPC,100.0,100.0,100.0,100.0,100.0,100.0,50,45,44,41,,,,,
TEVA,100.0,100.0,100.0,100.0,100.0,100.0,50,45,44,41,,,,,
CZFS,100.0,100.0,100.0,100.0,100.0,100.0,50,45,44,41,,,,,
GRWG,100.0,100.0,100.0,100.0,100.0,100.0,50,45,44,41,,,,,
NXL,100.0,100.0,100.0,100.0,100.0,100.0,50,45,44,41,,,,,
OM,100.0,100.0,100.0,100.0,100.0,100.0,50,45,44,41,,,,,
KOSS,100.0,100.0,100.0,100.0,100.0,100.0,50,45,44,41,,,,,
RSLS,100.0,100.0,100.0,100.0,100.0,100.0,50,45,44,41,,,,,
YUM,100.0,100.0,100.0,100.0,100.0,100.0,50,45,44,41,,,,,
ZYXI,100.0,100.0,100.0,100.0,100.0,100.0,50,45,44,41,,,,,
ADPT,100.0,100.0,100.0,100.0,100.0,100.0,50,45,44,41,,,,,
NAMI,100.0,100.0,100.0,100.0,100.0,100.0,50,45,44,41,,,,,
AMRZ,100.0,100.0,100.0,100.0,100.0,100.0,50,45,44,41,,,,,
AMR,100.0,100.0,100.0,100.0,100.0,100.0,50,45,44,41,,,,,
BEAT,100.0,100.0,100.0,100.0,100.0,100.0,50,45,44,41,,,,,
LASE,100.0,100.0,100.0,100.0,100.0,100.0,50,45,44,41,,,,,
HLN,100.0,100.0,100.0,100.0,100.0,100.0,50,45,44,41,,,,,
MGEE,100.0,100.0,100.0,100.0,100.0,100.0,50,45,44,41,,,,,
IQST,100.0,100.0,100.0,100.0,100.0,100.0,50,45,44,41,,,,,
IE,100.0,100.0,100.0,100.0,100.0,100.0,50,45,44,41,,,,,
BTM,100.0,100.0,100.0,100.0,100.0,100.0,50,45,44,41,,,,,
CURI,100.0,100.0,100.0,100.0,100.0,100.0,50,45,44,41,,,,,
DRD,100.0,100.0,100.0,100.0,100.0,100.0,50,45,44,41,,,,,
PSEC,100.0,100.0,100.0,100.0,100.0,100.0,50,45,44,41,,,,,
BURL,100.0,100.0,100.0,100.0,100.0,100.0,50,45,44,41,,,,,
LMND,100.0,100.0,100.0,100.0,100.0,100.0,50,45,44,41,,,,,
AHR,100.0,100.0,100.0,100.0,100.0,100.0,50,45,44,41,,,,,
CGBD,100.0,100.0,100.0,100.0,100.0,100.0,50,45,44,41,,,,,
HYMC,100.0,100.0,100.0,100.0,100.0,100.0,50,45,44,41,,,,,
CABA,100.0,100.0,100.0,100.0,100.0,100.0,50,45,44,41,,,,,
BUD,100.0,100.0,100.0,100.0,100.0,100.0,50,45,44,41,,,,,
FRMEP,100.0,100.0,100.0,100.0,100.0,100.0,50,45,44,41,,,,,
UFPI,100.0,100.0,100.0,100.0,100.0,100.0,50,45,44,41,,,,,
HEI,100.0,100.0,100.0,100.0,100.0,100.0,50,45,44,41,,,,,
CRVS,100.0,100.0,100.0,100.0,100.0,100.0,50,45,44,41,,,,,
ASGN,100.0,100.0,100.0,100.0,100.0,100.0,50,45,44,41,,,,,
MDGL,100.0,100.0,100.0,100.0,100.0,100.0,50,45,44,41,,,,,
HHH,100.0,100.0,100.0,100.0,100.0,100.0,50,45,44,41,,,,,
EW,100.0,100.0,100.0,100.0,100.0,100.0,50,45,44,41,,,,,
ATEX,100.0,100.0,100.0,100.0,100.0,100.0,50,45,44,41,,,,,
ZJYL,100.0,100.0,100.0,100.0,100.0,100.0,50,45,44,41,,,,,
SMRT,100.0,100.0,100.0,100.0,100.0,100.0,50,45,44,41,,,,,
APVO,100.0,100.0,100.0,100.0,100.0,100.0,50,45,44,41,,,,,
TECK,100.0,100.0,100.0,100.0,100.0,100.0,50,45,44,41,,,,,
TEF,100.0,100.0,100.0,100.0,100.0,100.0,50,45,44,41,,,,,
SGHT,100.0,100.0,100.0,100.0,100.0,100.0,50,45,44,41,,,,,
SNDA,100.0,100.0,100.0,100.0,100.0,100.0,50,45,44,41,,,,,
ETNB,100.0,100.0,100.0,100.0,100.0,100.0,50,45,44,41,,,,,
OI,100.0,100.0,100.0,100.0,100.0,100.0,50,45,44,41,,,,,
CELU,100.0,100.0,100.0,100.0,100.0,100.0,50,45,44,41,,,,,
ZIM,100.0,100.0,100.0,100.0,100.0,100.0,50,45,44,41,,,,,
USFD,100.0,100.0,100.0,100.0,100.0,100.0,50,45,44,41,,,,,
CR,100.0,100.0,100.0,100.0,100.0,100.0,50,45,44,41,,,,,
NRXP,100.0,100.0,100.0,100.0,100.0,100.0,50,45,44,41,,,,,
AME,100.0,100.0,100.0,100.0,100.0,100.0,50,45,44,41,,,,,
INAB,100.0,100.0,100.0,100.0,100.0,100.0,50,45,44,41,,,,,
PHG,100.0,100.0,100.0,100.0,100.0,100.0,50,45,44,41,,,,,
NAII,100.0,100.0,100.0,100.0,100.0,100.0,50,45,44,41,,,,,
INBK,100.0,100.0,100.0,100.0,100.0,100.0,50,45,44,41,,,,,
NCI,100.0,100.0,100.0,100.0,100.0,100.0,50,45,44,41,,,,,
MAZE,100.0,100.0,100.0,100.0,100.0,100.0,50,45,44,41,,,,,
CATX,100.0,100.0,100.0,100.0,100.0,100.0,50,45,44,41,,,,,
HLIT,100.0,100.0,100.0,100.0,100.0,100.0,50,45,44,41,,,,,
IDA,100.0,100.0,100.0,100.0,100.0,100.0,50,45,44,41,,,,,
LITB,100.0,100.0,100.0,100.0,100.0,100.0,50,45,44,41,,,,,
AVR,100.0,100.0,100.0,100.0,100.0,100.0,50,45,44,41,,,,,
FTRK,100.0,100.0,100.0,100.0,100.0,100.0,50,45,44,41,0.57,0.0,2.57,2.57,0.13
TBPH,100.0,100.0,100.0,100.0,100.0,100.0,50,45,44,41,,,,,
LI,100.0,100.0,100.0,100.0,100.0,100.0,50,45,44,41,,,,,
AIRS,100.0,100.0,100.0,100.0,100.0,100.0,50,45,44,41,,,,,
HG,100.0,100.0,100.0,100.0,100.0,100.0,50,45,44,41,,,,,
JACK,100.0,100.0,100.0,100.0,100.0,100.0,50,45,44,41,,,,,
BAER,100.0,100.0,100.0,100.0,100.0,100.0,50,45,44,41,,,,,
NRC,100.0,100.0,100.0,100.0,100.0,100.0,50,45,44,41,,,,,
STBA,100.0,100.0,100.0,100.0,100.0,100.0,50,45,44,41,,,,,
MDRR,100.0,100.0,100.0,100.0,100.0,100.0,50,45,44,41,,,,,
ECO,100.0,100.0,100.0,100.0,100.0,100.0,50,45,44,41,,,,,
KFIIU,100.0,100.0,100.0,100.0,100.0,100.0,50,45,44,41,,,,,
VICI,100.0,100.0,100.0,100.0,100.0,100.0,50,45,44,41,,,,,
GIPR,100.0,100.0,100.0,100.0,100.0,100.0,50,45,44,41,,,,,
SOUL,100.0,100.0,100.0,100.0,100.0,100.0,50,45,44,41,,,,,
FAMI,100.0,100.0,100.0,100.0,100.0,100.0,50,45,44,41,,,,,
YHNA,100.0,100.0,100.0,100.0,100.0,100.0,50,45,44,41,,,,,
BSAC,100.0,100.0,100.0,100.0,100.0,100.0,50,45,44,41,,,,,
WKC,100.0,100.0,100.0,100.0,100.0,100.0,50,45,44,41,,,,,
VERU,100.0,100.0,100.0,100.0,100.0,100.0,50,45,44,41,,,,,
BVN,100.0,100.0,100.0,100.0,100.0,100.0,50,45,44,41,,,,,
CBT,100.0,100.0,100.0,100.0,100.0,100.0,50,45,44,41,,,,,
MDXH,100.0,100.0,100.0,100.0,100.0,100.0,50,45,44,41,,,,,
MOS,100.0,100.0,100.0,100.0,100.0,100.0,50,45,44,41,,,,,
WRD,100.0,100.0,100.0,100.0,100.0,100.0,50,45,44,41,,,,,
BGC,100.0,100.0,100.0,100.0,100.0,100.0,50,45,44,41,,,,,
AVNT,100.0,100.0,100.0,100.0,100.0,100.0,50,45,44,41,,,,,
BXSL,100.0,100.0,100.0,100.0,100.0,100.0,50,45,44,41,,,,,
LMFA,100.0,100.0,100.0,100.0,100.0,100.0,50,45,44,41,,,,,
LPRO,100.0,100.0,100.0,100.0,100.0,100.0,50,45,44,41,,,,,
BCO,100.0,100.0,100.0,100.0,100.0,100.0,50,45,44,41,,,,,
ATCH,100.0,100.0,100.0,100.0,100.0,100.0,50,45,44,41,,,,,
HPP,100.0,100.0,100.0,100.0,100.0,100.0,50,45,44,41,,,,,
DALN,100.0,100.0,100.0,100.0,100.0,100.0,50,45,44,41,,,,,
SBEV,100.0,100.0,100.0,100.0,100.0,100.0,50,45,44,41,,,,,
ED,100.0,100.0,100.0,100.0,100.0,100.0,50,45,44,41,,,,,
ALNT,100.0,100.0,100.0,100.0,100.0,100.0,50,45,44,41,,,,,
BCDA,100.0,100.0,100.0,100.0,100.0,100.0,50,45,44,41,,,,,
WLYB,100.0,100.0,100.0,100.0,100.0,100.0,50,45,44,41,,,,,
CNSP,100.0,100.0,100.0,100.0,100.0,100.0,50,45,44,41,,,,,
IPSC,100.0,100.0,100.0,100.0,100.0,100.0,50,45,44,41,,,,,
POST,100.0,100.0,100.0,100.0,100.0,100.0,50,45,44,41,,,,,
SOHU,100.0,100.0,100.0,100.0,100.0,100.0,50,45,44,41,,,,,
MRUS,100.0,100.0,100.0,100.0,100.0,100.0,50,45,44,41,,,,,
SMX,100.0,100.0,100.0,100.0,100.0,100.0,50,45,44,41,,,,,
MED,100.0,100.0,100.0,100.0,100.0,100.0,50,45,44,41,,,,,
TCBX,100.0,100.0,100.0,100.0,100.0,100.0,50,45,44,41,,,,,
CNOBP,100.0,100.0,100.0,100.0,100.0,100.0,50,45,44,41,,,,,
CHPG,100.0,100.0,100.0,100.0,100.0,100.0,50,45,44,41,,,,,
PPSI,100.0,100.0,100.0,100.0,100.0,100.0,50,45,44,41,,,,,
OGS,100.0,100.0,100.0,100.0,100.0,100.0,50,45,44,41,,,,,
NAOV,100.0,100.0,100.0,100.0,100.0,100.0,50,45,44,41,,,,,
MNSB,100.0,100.0,100.0,100.0,100.0,100.0,50,45,44,41,,,,,
AMPG,100.0,100.0,100.0,100.0,100.0,100.0,50,45,44,41,,,,,
TTE,100.0,100.0,100.0,100.0,100.0,100.0,50,45,44,41,,,,,
SLNO,100.0,100.0,100.0,100.0,100.0,100.0,50,45,44,41,,,,,
FTDR,100.0,100.0,100.0,100.0,100.0,100.0,50,45,44,41,,,,,
TTC,100.0,100.0,100.0,100.0,100.0,100.0,50,45,44,41,,,,,
TLYS,100.0,100.0,100.0,100.0,100.0,100.0,50,45,44,41,,,,,
OPI,100.0,100.0,100.0,100.0,100.0,100.0,50,45,44,41,,,,,
BZ,100.0,100.0,100.0,100.0,100.0,100.0,50,45,44,41,,,,,
AMPX,100.0,100.0,100.0,100.0,100.0,100.0,50,45,44,41,,,,,
MTD,100.0,100.0,100.0,100.0,100.0,100.0,50,45,44,41,,,,,
MITQ,100.0,100.0,100.0,100.0,100.0,100.0,50,45,44,41,,,,,
BSBK,100.0,100.0,100.0,100.0,100.0,100.0,50,45,44,41,,,,,
WELL,100.0,100.0,100.0,100.0,100.0,100.0,50,45,44,41,,,,,
TRI,100.0,100.0,100.0,100.0,100.0,100.0,50,45,44,41,,,,,
EMPG,100.0,100.0,100.0,100.0,100.0,100.0,50,45,44,41,,,,,
WTO,100.0,100.0,100.0,100.0,100.0,100.0,50,45,44,41,,,,,
KNF,100.0,100.0,100.0,100.0,100.0,100.0,50,45,44,41,,,,,
AVDX,100.0,100.0,100.0,100.0,100.0,100.0,50,45,44,41,,,,,
XRTX,100.0,100.0,100.0,100.0,100.0,100.0,50,45,44,41,,,,,
FIVE,100.0,100.0,100.0,100.0,100.0,100.0,50,45,44,41,,,,,
BK,100.0,100.0,100.0,100.0,100.0,100.0,50,45,44,41,,,,,
ELAB,100.0,100.0,100.0,100.0,100.0,100.0,50,45,44,41,,,,,
JOB,100.0,100.0,100.0,100.0,100.0,100.0,50,45,44,41,,,,,
AMX,100.0,100.0,100.0,100.0,100.0,100.0,50,45,44,41,,,,,
TXT,100.0,100.0,100.0,100.0,100.0,100.0,50,45,44,41,,,,,
YETI,100.0,100.0,100.0,100.0,100.0,100.0,50,45,44,41,,,,,
IVR,100.0,100.0,100.0,100.0,100.0,100.0,50,45,44,41,,,,,
CHPT,100.0,100.0,100.0,100.0,100.0,100.0,50,45,44,41,,,,,
PROK,100.0,100.0,100.0,100.0,100.0,100.0,50,45,44,41,,,,,
OSS,100.0,100.0,100.0,100.0,100.0,100.0,50,45,44,41,,,,,
RVLV,100.0,100.0,100.0,100.0,100.0,100.0,50,45,44,41,,,,,
CFSB,100.0,100.0,100.0,100.0,100.0,100.0,50,45,44,41,,,,,
ASST,100.0,100.0,100.0,100.0,100.0,100.0,50,45,44,41,,,,,
CLMB,100.0,100.0,100.0,100.0,100.0,100.0,50,45,44,41,,,,,
KLXE,100.0,100.0,100.0,100.0,100.0,100.0,50,45,44,41,,,,,
UAMY,100.0,100.0,100.0,100.0,100.0,100.0,50,45,44,41,,,,,
BON,100.0,100.0,100.0,100.0,100.0,100.0,50,45,44,41,,,,,
FLGC,100.0,100.0,100.0,100.0,100.0,100.0,50,45,44,41,,,,,
GLDG,100.0,100.0,100.0,100.0,100.0,100.0,50,45,44,41,,,,,
HNNA,100.0,100.0,100.0,100.0,100.0,100.0,50,45,44,41,,,,,
BEEM,100.0,100.0,100.0,100.0,100.0,100.0,50,45,44,41,,,,,
ALNY,100.0,100.0,100.0,100.0,100.0,100.0,50,45,44,41,,,,,
CRNX,100.0,100.0,100.0,100.0,100.0,100.0,50,45,44,41,,,,,
CINF,100.0,100.0,100.0,100.0,100.0,100.0,50,45,44,41,,,,,
VTOL,100.0,100.0,100.0,100.0,100.0,100.0,50,45,44,41,,,,,
EHC,100.0,100.0,100.0,100.0,100.0,100.0,50,45,44,41,,,,,
PVH,100.0,100.0,100.0,100.0,100.0,100.0,50,45,44,41,,,,,
MCB,100.0,100.0,100.0,100.0,100.0,100.0,50,45,44,41,,,,,
DSGR,100.0,100.0,100.0,100.0,100.0,100.0,50,45,44,41,,,,,
SNSE,100.0,100.0,100.0,100.0,100.0,100.0,50,45,44,41,,,,,
LIVE,100.0,100.0,100.0,100.0,100.0,100.0,50,45,44,41,,,,,
BHFAM,100.0,100.0,100.0,100.0,100.0,100.0,50,45,44,41,,,,,
ZURA,100.0,100.0,100.0,100.0,100.0,100.0,50,45,44,41,,,,,
SHCO,100.0,100.0,100.0,100.0,100.0,100.0,50,45,44,41,,,,,
TDUP,100.0,100.0,100.0,100.0,100.0,100.0,50,45,44,41,,,,,
BIPC,100.0,100.0,100.0,100.0,100.0,100.0,50,45,44,41,,,,,
CRCT,100.0,100.0,100.0,100.0,100.0,100.0,50,45,44,41,,,,,
TCMD,100.0,100.0,100.0,100.0,100.0,100.0,50,45,44,41,,,,,
DLR,100.0,100.0,100.0,100.0,100.0,100.0,50,45,44,41,,,,,
DYCQ,100.0,100.0,100.0,100.0,100.0,100.0,50,45,44,41,,,,,
GNPX,100.0,100.0,100.0,100.0,100.0,100.0,50,45,44,41,,,,,
MLP,100.0,100.0,100.0,100.0,100.0,100.0,50,45,44,41,,,,,
ACT,100.0,100.0,100.0,100.0,100.0,100.0,50,45,44,41,,,,,
EPAC,100.0,100.0,100.0,100.0,100.0,100.0,50,45,44,41,,,,,
KMTS,100.0,100.0,100.0,100.0,100.0,100.0,50,45,44,41,,,,,
WLK,100.0,100.0,100.0,100.0,100.0,100.0,50,45,44,41,,,,,
SAP,100.0,100.0,100.0,100.0,100.0,100.0,50,45,44,41,,,,,
RFIL,100.0,100.0,100.0,100.0,100.0,100.0,50,45,44,41,,,,,
SAIA,100.0,100.0,100.0,100.0,100.0,100.0,50,45,44,41,,,,,
LNG,100.0,100.0,100.0,100.0,100.0,100.0,50,45,44,41,,,,,
ADD,100.0,100.0,100.0,100.0,100.0,100.0,50,45,44,41,,,,,
TRIB,100.0,100.0,100.0,100.0,100.0,100.0,50,45,44,41,,,,,
TGEN,100.0,100.0,100.0,100.0,100.0,100.0,50,45,44,41,,,,,
MACIU,100.0,100.0,100.0,100.0,100.0,100.0,50,45,44,41,,,,,
TMP,100.0,100.0,100.0,100.0,100.0,100.0,50,45,44,41,,,,,
LBGJ,100.0,100.0,100.0,100.0,100.0,100.0,50,45,44,41,,,,,
TCOM,100.0,100.0,100.0,100.0,100.0,100.0,50,45,44,41,,,,,
MPW,100.0,100.0,100.0,100.0,100.0,100.0,50,45,44,41,,,,,
SBET,100.0,100.0,100.0,100.0,100.0,100.0,50,45,44,41,,,,,
CME,100.0,100.0,100.0,100.0,100.0,100.0,50,45,44,41,,,,,
GBDC,100.0,100.0,100.0,100.0,100.0,100.0,50,45,44,41,,,,,
TACOU,100.0,100.0,100.0,100.0,100.0,100.0,50,45,44,41,,,,,
ARX,100.0,100.0,100.0,100.0,100.0,100.0,50,45,44,41,,,,,
BPRN,100.0,100.0,100.0,100.0,100.0,100.0,50,45,44,41,,,,,
FATBB,100.0,100.0,100.0,100.0,100.0,100.0,50,45,44,41,,,,,
GNTY,100.0,100.0,100.0,100.0,100.0,100.0,50,45,44,41,,,,,
FRD,100.0,100.0,100.0,100.0,100.0,100.0,50,45,44,41,,,,,
SE,100.0,100.0,100.0,100.0,100.0,100.0,50,45,44,41,,,,,
MCRP,100.0,100.0,100.0,100.0,100.0,100.0,50,45,44,41,,,,,
DRIO,100.0,100.0,100.0,100.0,100.0,100.0,50,45,44,41,,,,,
PRQR,100.0,100.0,100.0,100.0,100.0,100.0,50,45,44,41,,,,,
OFAL,100.0,100.0,100.0,100.0,100.0,100.0,50,45,44,41,,,,,
BRDG,100.0,100.0,100.0,100.0,100.0,100.0,50,45,44,41,,,,,
SPNT,100.0,100.0,100.0,100.0,100.0,100.0,50,45,44,41,,,,,
MRKR,100.0,100.0,100.0,100.0,100.0,100.0,50,45,44,41,,,,,
TSN,100.0,100.0,100.0,100.0,100.0,100.0,50,45,44,41,,,,,
VTAK,100.0,100.0,100.0,100.0,100.0,100.0,50,45,44,41,,,,,
NIXX,100.0,100.0,100.0,100.0,100.0,100.0,50,45,44,41,,,,,
MNR,100.0,100.0,100.0,100.0,100.0,100.0,50,45,44,41,,,,,
RITM,100.0,100.0,100.0,100.0,100.0,100.0,50,45,44,41,,,,,
VNET,100.0,100.0,100.0,100.0,100.0,100.0,50,45,44,41,,,,,
KC,100.0,100.0,100.0,100.0,100.0,100.0,50,45,44,41,,,,,
AMBC,100.0,100.0,100.0,100.0,100.0,100.0,50,45,44,41,,,,,
TERN,100.0,100.0,100.0,100.0,100.0,100.0,50,45,44,41,,,,,
AENT,100.0,100.0,100.0,100.0,100.0,100.0,50,45,44,41,,,,,
SHW,100.0,100.0,100.0,100.0,100.0,100.0,50,45,44,41,,,,,
LEU,100.0,100.0,100.0,100.0,100.0,100.0,50,45,44,41,,,,,
ALKS,100.0,100.0,100.0,100.0,100.0,100.0,50,45,44,41,,,,,
SBGI,100.0,100.0,100.0,100.0,100.0,100.0,50,45,44,41,,,,,
MRAM,100.0,100.0,100.0,100.0,100.0,100.0,50,45,44,41,,,,,
APD,100.0,100.0,100.0,100.0,100.0,100.0,50,45,44,41,,,,,
TNXP,100.0,100.0,100.0,100.0,100.0,100.0,50,45,44,41,,,,,
TACO,100.0,100.0,100.0,100.0,100.0,100.0,50,45,44,41,10.47,0.47,10.42,10.42,0.12
OSRH,100.0,100.0,100.0,100.0,100.0,100.0,50,45,44,41,,,,,
CCNEP,100.0,100.0,100.0,100.0,100.0,100.0,50,45,44,41,,,,,
RICK,100.0,100.0,100.0,100.0,100.0,100.0,50,45,44,41,,,,,
ELVA,100.0,100.0,100.0,100.0,100.0,100.0,50,45,44,41,,,,,
EXLS,100.0,100.0,100.0,100.0,100.0,100.0,50,45,44,41,,,,,
NFGC,100.0,100.0,100.0,100.0,100.0,100.0,50,45,44,41,,,,,
BBWI,100.0,100.0,100.0,100.0,100.0,100.0,50,45,44,41,,,,,
LFMD,100.0,100.0,100.0,100.0,100.0,100.0,50,45,44,41,,,,,
TRMB,100.0,100.0,100.0,100.0,100.0,100.0,50,45,44,41,,,,,
CSWC,100.0,100.0,100.0,100.0,100.0,100.0,50,45,44,41,,,,,
PYPL,100.0,100.0,100.0,100.0,100.0,100.0,50,45,44,41,,,,,
PRSU,100.0,100.0,100.0,100.0,100.0,100.0,50,45,44,41,,,,,
PVLA,100.0,100.0,100.0,100.0,100.0,100.0,50,45,44,41,,,,,
DMYY,100.0,100.0,100.0,100.0,100.0,100.0,50,45,44,41,,,,,
MIRM,100.0,100.0,100.0,100.0,100.0,100.0,50,45,44,41,,,,,
PDYN,100.0,100.0,100.0,100.0,100.0,100.0,50,45,44,41,,,,,
EGBN,100.0,100.0,100.0,100.0,100.0,100.0,50,45,44,41,,,,,
TVTX,100.0,100.0,100.0,100.0,100.0,100.0,50,45,44,41,,,,,
HCA,100.0,100.0,100.0,100.0,100.0,100.0,50,45,44,41,,,,,
GTLS,100.0,100.0,100.0,100.0,100.0,100.0,50,45,44,41,,,,,
SAFT,100.0,100.0,100.0,100.0,100.0,100.0,50,45,44,41,,,,,
GBR,100.0,100.0,100.0,100.0,100.0,100.0,50,45,44,41,,,,,
TEX,100.0,100.0,100.0,100.0,100.0,100.0,50,45,44,41,,,,,
SRCE,100.0,100.0,100.0,100.0,100.0,100.0,50,45,44,41,,,,,
NXTC,100.0,100.0,100.0,100.0,100.0,100.0,50,45,44,41,,,,,
OSBC,100.0,100.0,100.0,100.0,100.0,100.0,50,45,44,41,,,,,
CRI,100.0,100.0,100.0,100.0,100.0,100.0,50,45,44,41,,,,,
CGAU,100.0,100.0,100.0,100.0,100.0,100.0,50,45,44,41,,,,,
SHLS,100.0,100.0,100.0,100.0,100.0,100.0,50,45,44,41,,,,,
FRHC,100.0,100.0,100.0,100.0,100.0,100.0,50,45,44,41,,,,,
SF,100.0,100.0,100.0,100.0,100.0,100.0,50,45,44,41,,,,,
NICE,100.0,100.0,100.0,100.0,100.0,100.0,50,45,44,41,,,,,
APG,100.0,100.0,100.0,100.0,100.0,100.0,50,45,44,41,,,,,
KNSA,100.0,100.0,100.0,100.0,100.0,100.0,50,45,44,41,,,,,
SPNS,100.0,100.0,100.0,100.0,100.0,100.0,50,45,44,41,,,,,
CMCO,100.0,100.0,100.0,100.0,100.0,100.0,50,45,44,41,,,,,
STKH,100.0,100.0,100.0,100.0,100.0,100.0,50,45,44,41,,,,,
HNST,100.0,100.0,100.0,100.0,100.0,100.0,50,45,44,41,,,,,
BRFS,100.0,100.0,100.0,100.0,100.0,100.0,50,45,44,41,,,,,
SLP,100.0,100.0,100.0,100.0,100.0,100.0,50,45,44,41,,,,,
CHPGU,100.0,100.0,100.0,100.0,100.0,100.0,50,45,44,41,10.13,0.43,10.13,10.13,0.0
MTSI,100.0,100.0,100.0,100.0,100.0,100.0,50,45,44,41,,,,,
PEBO,100.0,100.0,100.0,100.0,100.0,100.0,50,45,44,41,,,,,
BHLB,100.0,100.0,100.0,100.0,100.0,100.0,50,45,44,41,,,,,
ACNB,100.0,100.0,100.0,100.0,100.0,100.0,50,45,44,41,,,,,
DERM,100.0,100.0,100.0,100.0,100.0,100.0,50,45,44,41,,,,,
JBHT,100.0,100.0,100.0,100.0,100.0,100.0,50,45,44,41,,,,,
PLAY,100.0,100.0,100.0,100.0,100.0,100.0,50,45,44,41,,,,,
ATRC,100.0,100.0,100.0,100.0,100.0,100.0,50,45,44,41,,,,,
BACQ,100.0,100.0,100.0,100.0,100.0,100.0,50,45,44,41,,,,,
JG,100.0,100.0,100.0,100.0,100.0,100.0,50,45,44,41,,,,,
SDRL,100.0,100.0,100.0,100.0,100.0,100.0,50,45,44,41,,,,,
TBBK,100.0,100.0,100.0,100.0,100.0,100.0,50,45,44,41,,,,,
ASNS,100.0,100.0,100.0,100.0,100.0,100.0,50,45,44,41,,,,,
INLX,100.0,100.0,100.0,100.0,100.0,100.0,50,45,44,41,,,,,
BEPC,100.0,100.0,100.0,100.0,100.0,100.0,50,45,44,41,,,,,
OMF,100.0,100.0,100.0,100.0,100.0,100.0,50,45,44,41,,,,,
YYAI,100.0,100.0,100.0,100.0,100.0,100.0,50,45,44,41,,,,,
CRAQU,100.0,100.0,100.0,100.0,100.0,100.0,50,45,44,41,,,,,
SFL,100.0,100.0,100.0,100.0,100.0,100.0,50,45,44,41,,,,,
KEN,100.0,100.0,100.0,100.0,100.0,100.0,50,45,44,41,,,,,
YOSH,100.0,100.0,100.0,100.0,100.0,100.0,50,45,44,41,,,,,
BRLT,100.0,100.0,100.0,100.0,100.0,100.0,50,45,44,41,,,,,
ATOM,100.0,100.0,100.0,100.0,100.0,100.0,50,45,44,41,,,,,
UCB,100.0,100.0,100.0,100.0,100.0,100.0,50,45,44,41,,,,,
VPG,100.0,100.0,100.0,100.0,100.0,100.0,50,45,44,41,,,,,
HUT,100.0,100.0,100.0,100.0,100.0,100.0,50,45,44,41,,,,,
SNWV,100.0,100.0,100.0,100.0,100.0,100.0,50,45,44,41,,,,,
BXP,100.0,100.0,100.0,100.0,100.0,100.0,50,45,44,41,,,,,
PLAB,100.0,100.0,100.0,100.0,100.0,100.0,50,45,44,41,,,,,
GAIA,100.0,100.0,100.0,100.0,100.0,100.0,50,45,44,41,,,,,
RPD,100.0,100.0,100.0,100.0,100.0,100.0,50,45,44,41,,,,,
KAI,100.0,100.0,100.0,100.0,100.0,100.0,50,45,44,41,,,,,
SKX,100.0,100.0,100.0,100.0,100.0,100.0,50,45,44,41,,,,,
EXEL,100.0,100.0,100.0,100.0,100.0,100.0,50,45,44,41,,,,,
TBH,100.0,100.0,100.0,100.0,100.0,100.0,50,45,44,41,,,,,
CNEY,100.0,100.0,100.0,100.0,100.0,100.0,50,45,44,41,,,,,
IVA,100.0,100.0,100.0,100.0,100.0,100.0,50,45,44,41,,,,,
MGYR,100.0,100.0,100.0,100.0,100.0,100.0,50,45,44,41,,,,,
AEP,100.0,100.0,100.0,100.0,100.0,100.0,50,45,44,41,,,,,
ACRV,100.0,100.0,100.0,100.0,100.0,100.0,50,45,44,41,,,,,
ANRO,100.0,100.0,100.0,100.0,100.0,100.0,50,45,44,41,,,,,
BZFD,100.0,100.0,100.0,100.0,100.0,100.0,50,45,44,41,,,,,
GMS,100.0,100.0,100.0,100.0,100.0,100.0,50,45,44,41,,,,,
KTB,100.0,100.0,100.0,100.0,100.0,100.0,50,45,44,41,,,,,
CBAN,100.0,100.0,100.0,100.0,100.0,100.0,50,45,44,41,,,,,
TWFG,100.0,100.0,100.0,100.0,100.0,100.0,50,45,44,41,,,,,
AQST,100.0,100.0,100.0,100.0,100.0,100.0,50,45,44,41,,,,,
TAVI,100.0,100.0,100.0,100.0,100.0,100.0,50,45,44,41,,,,,
VRNS,100.0,100.0,100.0,100.0,100.0,100.0,50,45,44,41,,,,,
TOL,100.0,100.0,100.0,100.0,100.0,100.0,50,45,44,41,,,,,
HLLY,100.0,100.0,100.0,100.0,100.0,100.0,50,45,44,41,,,,,
NATL,100.0,100.0,100.0,100.0,100.0,100.0,50,45,44,41,,,,,
MZTI,100.0,100.0,100.0,100.0,100.0,100.0,50,45,44,41,,,,,
GPCR,100.0,100.0,100.0,100.0,100.0,100.0,50,45,44,41,,,,,
PW,100.0,100.0,100.0,100.0,100.0,100.0,50,45,44,41,,,,,
SIF,100.0,100.0,100.0,100.0,100.0,100.0,50,45,44,41,,,,,
ARBE,100.0,100.0,100.0,100.0,100.0,100.0,50,45,44,41,,,,,
SACH,100.0,100.0,100.0,100.0,100.0,100.0,50,45,44,41,,,,,
APOG,100.0,100.0,100.0,100.0,100.0,100.0,50,45,44,41,,,,,
CMCSA,100.0,100.0,100.0,100.0,100.0,100.0,50,45,44,41,,,,,
ATRA,100.0,100.0,100.0,100.0,100.0,100.0,50,45,44,41,,,,,
CCTG,100.0,100.0,100.0,100.0,100.0,100.0,50,45,44,41,,,,,
ETOR,100.0,100.0,100.0,100.0,100.0,100.0,50,45,44,41,58.09,0.25,62.32,62.42,0.4
CRNC,100.0,100.0,100.0,100.0,100.0,100.0,50,45,44,41,,,,,
BMRN,100.0,100.0,100.0,100.0,100.0,100.0,50,45,44,41,,,,,
MYPS,100.0,100.0,100.0,100.0,100.0,100.0,50,45,44,41,,,,,
PRSO,100.0,100.0,100.0,100.0,100.0,100.0,50,45,44,41,,,,,
FLXS,100.0,100.0,100.0,100.0,100.0,100.0,50,45,44,41,,,,,
SANG,100.0,100.0,100.0,100.0,100.0,100.0,50,45,44,41,,,,,
AIRG,100.0,100.0,100.0,100.0,100.0,100.0,50,45,44,41,,,,,
OLO,100.0,100.0,100.0,100.0,100.0,100.0,50,45,44,41,,,,,
DDL,100.0,100.0,100.0,100.0,100.0,100.0,50,45,44,41,,,,,
GES,100.0,100.0,100.0,100.0,100.0,100.0,50,45,44,41,,,,,
CRON,100.0,100.0,100.0,100.0,100.0,100.0,50,45,44,41,,,,,
ANF,100.0,100.0,100.0,100.0,100.0,100.0,50,45,44,41,,,,,
KWM,100.0,100.0,100.0,100.0,100.0,100.0,50,45,44,41,3.74,0.38,3.85,3.68,0.04
CGEM,100.0,100.0,100.0,100.0,100.0,100.0,50,45,44,41,,,,,
SUI,100.0,100.0,100.0,100.0,100.0,100.0,50,45,44,41,,,,,
PRMB,100.0,100.0,100.0,100.0,100.0,100.0,50,45,44,41,,,,,
WWW,100.0,100.0,100.0,100.0,100.0,100.0,50,45,44,41,,,,,
OTLK,100.0,100.0,100.0,100.0,100.0,100.0,50,45,44,41,,,,,
UE,100.0,100.0,100.0,100.0,100.0,100.0,50,45,44,41,,,,,
GIII,100.0,100.0,100.0,100.0,100.0,100.0,50,45,44,41,,,,,
ATAT,100.0,100.0,100.0,100.0,100.0,100.0,50,45,44,41,,,,,
CC,100.0,100.0,100.0,100.0,100.0,100.0,50,45,44,41,,,,,
GHRS,100.0,100.0,100.0,100.0,100.0,100.0,50,45,44,41,,,,,
JSPR,100.0,100.0,100.0,100.0,100.0,100.0,50,45,44,41,,,,,
JHG,100.0,100.0,100.0,100.0,100.0,100.0,50,45,44,41,,,,,
BOW,100.0,100.0,100.0,100.0,100.0,100.0,50,45,44,41,,,,,
IMMR,100.0,100.0,100.0,100.0,100.0,100.0,50,45,44,41,,,,,
LBRT,100.0,100.0,100.0,100.0,100.0,100.0,50,45,44,41,,,,,
LARK,100.0,100.0,100.0,100.0,100.0,100.0,50,45,44,41,,,,,
HMN,100.0,100.0,100.0,100.0,100.0,100.0,50,45,44,41,,,,,
ARDX,100.0,100.0,100.0,100.0,100.0,100.0,50,45,44,41,,,,,
BORR,100.0,100.0,100.0,100.0,100.0,100.0,50,45,44,41,,,,,
RUN,100.0,100.0,100.0,100.0,100.0,100.0,50,45,44,41,,,,,
IMNM,100.0,100.0,100.0,100.0,100.0,100.0,50,45,44,41,,,,,
PWP,100.0,100.0,100.0,100.0,100.0,100.0,50,45,44,41,,,,,
ADTN,100.0,100.0,100.0,100.0,100.0,100.0,50,45,44,41,,,,,
AGNCO,100.0,100.0,100.0,100.0,100.0,100.0,50,45,44,41,,,,,
IOSP,100.0,100.0,100.0,100.0,100.0,100.0,50,45,44,41,,,,,
EHGO,100.0,100.0,100.0,100.0,100.0,100.0,50,45,44,41,,,,,
CION,100.0,100.0,100.0,100.0,100.0,100.0,50,45,44,41,,,,,
CRWV,100.0,100.0,100.0,100.0,100.0,100.0,50,45,44,41,,,,,
SNAP,100.0,100.0,100.0,100.0,100.0,100.0,50,45,44,41,,,,,
RSG,100.0,100.0,100.0,100.0,100.0,100.0,50,45,44,41,,,,,
CSBR,100.0,100.0,100.0,100.0,100.0,100.0,50,45,44,41,,,,,
MOLN,100.0,100.0,100.0,100.0,100.0,100.0,50,45,44,41,,,,,
GASS,100.0,100.0,100.0,100.0,100.0,100.0,50,45,44,41,,,,,
SWIN,100.0,100.0,100.0,100.0,100.0,100.0,50,45,44,41,,,,,
JVA,100.0,100.0,100.0,100.0,100.0,100.0,50,45,44,41,,,,,
HAIN,100.0,100.0,100.0,100.0,100.0,100.0,50,45,44,41,,,,,
MCRI,100.0,100.0,100.0,100.0,100.0,100.0,50,45,44,41,,,,,
PHH,100.0,100.0,100.0,100.0,100.0,100.0,50,45,44,41,,,,,
TWO,100.0,100.0,100.0,100.0,100.0,100.0,50,45,44,41,,,,,
TVACU,100.0,100.0,100.0,100.0,100.0,100.0,50,45,44,41,,,,,
LIND,100.0,100.0,100.0,100.0,100.0,100.0,50,45,44,41,,,,,
PTON,100.0,100.0,100.0,100.0,100.0,100.0,50,45,44,41,,,,,
OACC,100.0,100.0,100.0,100.0,100.0,100.0,50,45,44,41,,,,,
SNN,100.0,100.0,100.0,100.0,100.0,100.0,50,45,44,41,,,,,
YXT,100.0,100.0,100.0,100.0,100.0,100.0,50,45,44,41,,,,,
MBIN,100.0,100.0,100.0,100.0,100.0,100.0,50,45,44,41,,,,,
WOLF,100.0,100.0,100.0,100.0,100.0,100.0,50,45,44,41,,,,,
OBAWU,100.0,100.0,100.0,100.0,100.0,100.0,50,45,44,41,,,,,
USEA,100.0,100.0,100.0,100.0,100.0,100.0,50,45,44,41,,,,,
NAMS,100.0,100.0,100.0,100.0,100.0,100.0,50,45,44,41,,,,,
OXM,100.0,100.0,100.0,100.0,100.0,100.0,50,45,44,41,,,,,
SPPL,100.0,100.0,100.0,100.0,100.0,100.0,50,45,44,41,,,,,
EWBC,100.0,100.0,100.0,100.0,100.0,100.0,50,45,44,41,,,,,
LHSW,100.0,100.0,100.0,100.0,100.0,100.0,50,45,44,41,,,,,
LEGT,100.0,100.0,100.0,100.0,100.0,100.0,50,45,44,41,,,,,
NPB,100.0,100.0,100.0,100.0,100.0,100.0,50,45,44,41,,,,,
ONCHU,100.0,100.0,100.0,100.0,100.0,100.0,50,45,44,41,,,,,
BTSGU,100.0,100.0,100.0,100.0,100.0,100.0,50,45,44,41,,,,,
NERV,100.0,100.0,100.0,100.0,100.0,100.0,50,45,44,41,,,,,
WSBK,100.0,100.0,100.0,100.0,100.0,100.0,50,45,44,41,,,,,
PBH,100.0,100.0,100.0,100.0,100.0,100.0,50,45,44,41,,,,,
TRUP,100.0,100.0,100.0,100.0,100.0,100.0,50,45,44,41,,,,,
WETH,100.0,100.0,100.0,100.0,100.0,100.0,50,45,44,41,,,,,
ANDE,100.0,100.0,100.0,100.0,100.0,100.0,50,45,44,41,,,,,
AMC,100.0,100.0,100.0,100.0,100.0,100.0,50,45,44,41,,,,,
RR,100.0,100.0,100.0,100.0,100.0,100.0,50,45,44,41,,,,,
CTKB,100.0,100.0,100.0,100.0,100.0,100.0,50,45,44,41,,,,,
FGBIP,100.0,100.0,100.0,100.0,100.0,100.0,50,45,44,41,,,,,
AZN,100.0,100.0,100.0,100.0,100.0,100.0,50,45,44,41,,,,,
UA,100.0,100.0,100.0,100.0,100.0,100.0,50,45,44,41,,,,,
INAC,100.0,100.0,100.0,100.0,100.0,100.0,50,45,44,41,9.94,0.0,9.94,9.94,0.62
KELYA,100.0,100.0,100.0,100.0,100.0,100.0,50,45,44,41,,,,,
ROIV,100.0,100.0,100.0,100.0,100.0,100.0,50,45,44,41,,,,,
CGCTU,100.0,100.0,100.0,100.0,100.0,100.0,50,45,44,41,10.3,0.62,10.13,10.1,0.0
YHGJ,100.0,100.0,100.0,100.0,100.0,100.0,50,45,44,41,,,,,
REFI,100.0,100.0,100.0,100.0,100.0,100.0,50,45,44,41,,,,,
VRSN,100.0,100.0,100.0,100.0,100.0,100.0,50,45,44,41,,,,,
ONBPP,100.0,100.0,100.0,100.0,100.0,100.0,50,45,44,41,,,,,
AAL,100.0,100.0,100.0,100.0,100.0,100.0,50,45,44,41,,,,,
MOGO,100.0,100.0,100.0,100.0,100.0,100.0,50,45,44,41,,,,,
CCB,100.0,100.0,100.0,100.0,100.0,100.0,50,45,44,41,,,,,
EXPI,100.0,100.0,100.0,100.0,100.0,100.0,50,45,44,41,,,,,
MTAL,100.0,100.0,100.0,100.0,100.0,100.0,50,45,44,41,,,,,
IVT,100.0,100.0,100.0,100.0,100.0,100.0,50,45,44,41,,,,,
PCSA,100.0,100.0,100.0,100.0,100.0,100.0,50,45,44,41,,,,,
RKDA,100.0,100.0,100.0,100.0,100.0,100.0,50,45,44,41,,,,,
VVV,100.0,100.0,100.0,100.0,100.0,100.0,50,45,44,41,,,,,
RBC,100.0,100.0,100.0,100.0,100.0,100.0,50,45,44,41,,,,,
CAAP,100.0,100.0,100.0,100.0,100.0,100.0,50,45,44,41,,,,,
RILYL,100.0,100.0,100.0,100.0,100.0,100.0,50,45,44,41,,,,,
DXC,100.0,100.0,100.0,100.0,100.0,100.0,50,45,44,41,,,,,
VLCN,100.0,100.0,100.0,100.0,100.0,100.0,50,45,44,41,,,,,
DRCT,100.0,100.0,100.0,100.0,100.0,100.0,50,45,44,41,,,,,
HTHT,100.0,100.0,100.0,100.0,100.0,100.0,50,45,44,41,,,,,
CRSP,100.0,100.0,100.0,100.0,100.0,100.0,50,45,44,41,,,,,
MHO,100.0,100.0,100.0,100.0,100.0,100.0,50,45,44,41,,,,,
REAL,100.0,100.0,100.0,100.0,100.0,100.0,50,45,44,41,,,,,
CEP,100.0,100.0,100.0,100.0,100.0,100.0,50,45,44,41,,,,,
CDZI,100.0,100.0,100.0,100.0,100.0,100.0,50,45,44,41,,,,,
NUTX,100.0,100.0,100.0,100.0,100.0,100.0,50,45,44,41,,,,,
GV,100.0,100.0,100.0,100.0,100.0,100.0,50,45,44,41,,,,,
GTY,100.0,100.0,100.0,100.0,100.0,100.0,50,45,44,41,,,,,
LGCL,100.0,100.0,100.0,100.0,100.0,100.0,50,45,44,41,,,,,
DRH,100.0,100.0,100.0,100.0,100.0,100.0,50,45,44,41,,,,,
PAYS,100.0,100.0,100.0,100.0,100.0,100.0,50,45,44,41,,,,,
ASUR,100.0,100.0,100.0,100.0,100.0,100.0,50,45,44,41,,,,,
ISPO,100.0,100.0,100.0,100.0,100.0,100.0,50,45,44,41,,,,,
AYRO,100.0,100.0,100.0,100.0,100.0,100.0,50,45,44,41,,,,,
CX,100.0,100.0,100.0,100.0,100.0,100.0,50,45,44,41,,,,,
KMT,100.0,100.0,100.0,100.0,100.0,100.0,50,45,44,41,,,,,
AMOD,100.0,100.0,100.0,100.0,100.0,100.0,50,45,44,41,,,,,
AUGO,100.0,100.0,100.0,100.0,100.0,100.0,50,45,44,41,24.32,0.46,24.45,24.45,0.18
PTHS,100.0,100.0,100.0,100.0,100.0,100.0,50,45,44,41,,,,,
BH,100.0,100.0,100.0,100.0,100.0,100.0,50,45,44,41,,,,,
EURKU,100.0,100.0,100.0,100.0,100.0,100.0,50,45,44,41,,,,,
OMDA,100.0,100.0,100.0,100.0,100.0,100.0,50,45,44,41,17.38,0.31,17.79,17.79,0.39
JKHY,100.0,100.0,100.0,100.0,100.0,100.0,50,45,44,41,,,,,
MKDW,100.0,100.0,100.0,100.0,100.0,100.0,50,45,44,41,,,,,
IMO,100.0,100.0,100.0,100.0,100.0,100.0,50,45,44,41,,,,,
GENC,100.0,100.0,100.0,100.0,100.0,100.0,50,45,44,41,,,,,
HY,100.0,100.0,100.0,100.0,100.0,100.0,50,45,44,41,,,,,
SXTC,100.0,100.0,100.0,100.0,100.0,100.0,50,45,44,41,,,,,
AIRT,100.0,100.0,100.0,100.0,100.0,100.0,50,45,44,41,,,,,
LOCL,100.0,100.0,100.0,100.0,100.0,100.0,50,45,44,41,,,,,
JCAP,100.0,100.0,100.0,100.0,100.0,100.0,50,45,44,41,16.27,0.0,17.22,17.22,0.83
CFG,100.0,100.0,100.0,100.0,100.0,100.0,50,45,44,41,,,,,
SNTG,100.0,100.0,100.0,100.0,100.0,100.0,50,45,44,41,,,,,
FSS,100.0,100.0,100.0,100.0,100.0,100.0,50,45,44,41,,,,,
AVB,100.0,100.0,100.0,100.0,100.0,100.0,50,45,44,41,,,,,
SMP,100.0,100.0,100.0,100.0,100.0,100.0,50,45,44,41,,,,,
CRDL,100.0,100.0,100.0,100.0,100.0,100.0,50,45,44,41,,,,,
GLNG,100.0,100.0,100.0,100.0,100.0,100.0,50,45,44,41,,,,,
OSCR,100.0,100.0,100.0,100.0,100.0,100.0,50,45,44,41,,,,,
SDHIU,100.0,100.0,100.0,100.0,100.0,100.0,50,45,44,41,,,,,
RGEN,100.0,100.0,100.0,100.0,100.0,100.0,50,45,44,41,,,,,
PSNYW,100.0,100.0,100.0,100.0,100.0,100.0,50,45,44,41,,,,,
RFAI,100.0,100.0,100.0,100.0,100.0,100.0,50,45,44,41,,,,,
PHLT,100.0,100.0,100.0,100.0,100.0,100.0,50,45,44,41,,,,,
ELWS,100.0,100.0,100.0,100.0,100.0,100.0,50,45,44,41,,,,,
STAK,100.0,100.0,100.0,100.0,100.0,100.0,50,45,44,41,,,,,
CROX,100.0,100.0,100.0,100.0,100.0,100.0,50,45,44,41,,,,,
LSE,100.0,100.0,100.0,100.0,100.0,100.0,50,45,44,41,,,,,
AX,100.0,100.0,100.0,100.0,100.0,100.0,50,45,44,41,,,,,
STRS,100.0,100.0,100.0,100.0,100.0,100.0,50,45,44,41,,,,,
WING,100.0,100.0,100.0,100.0,100.0,100.0,50,45,44,41,,,,,
CRL,100.0,100.0,100.0,100.0,100.0,100.0,50,45,44,41,,,,,
PLNT,100.0,100.0,100.0,100.0,100.0,100.0,50,45,44,41,,,,,
TRU,100.0,100.0,100.0,100.0,100.0,100.0,50,45,44,41,,,,,
GLXG,100.0,100.0,100.0,100.0,100.0,100.0,50,45,44,41,,,,,
CRAQ,100.0,100.0,100.0,100.0,100.0,100.0,50,45,44,41,,,,,
LICN,100.0,100.0,100.0,100.0,100.0,100.0,50,45,44,41,,,,,
GILD,100.0,100.0,100.0,100.0,100.0,100.0,50,45,44,41,,,,,
AG,100.0,100.0,100.0,100.0,100.0,100.0,50,45,44,41,,,,,
BLUWU,100.0,100.0,100.0,100.0,100.0,100.0,50,45,44,41,10.03,0.46,10.02,10.02,0.0
DLX,100.0,100.0,100.0,100.0,100.0,100.0,50,45,44,41,,,,,
AGNCL,100.0,100.0,100.0,100.0,100.0,100.0,50,45,44,41,,,,,
RAIL,100.0,100.0,100.0,100.0,100.0,100.0,50,45,44,41,,,,,
ABUS,100.0,100.0,100.0,100.0,100.0,100.0,50,45,44,41,,,,,
BNGO,100.0,100.0,100.0,100.0,100.0,100.0,50,45,44,41,,,,,
MP,100.0,100.0,100.0,100.0,100.0,100.0,50,45,44,41,,,,,
ALK,100.0,100.0,100.0,100.0,100.0,100.0,50,45,44,41,,,,,
SHAK,100.0,100.0,100.0,100.0,100.0,100.0,50,45,44,41,,,,,
BSBR,100.0,100.0,100.0,100.0,100.0,100.0,50,45,44,41,,,,,
BV,100.0,100.0,100.0,100.0,100.0,100.0,50,45,44,41,,,,,
CRH,100.0,100.0,100.0,100.0,100.0,100.0,50,45,44,41,,,,,
VOR,100.0,100.0,100.0,100.0,100.0,100.0,50,45,44,41,,,,,
SVM,100.0,100.0,100.0,100.0,100.0,100.0,50,45,44,41,,,,,
SOGP,100.0,100.0,100.0,100.0,100.0,100.0,50,45,44,41,,,,,
TPB,100.0,100.0,100.0,100.0,100.0,100.0,50,45,44,41,,,,,
ELSE,100.0,100.0,100.0,100.0,100.0,100.0,50,45,44,41,,,,,
DE,100.0,100.0,100.0,100.0,100.0,100.0,50,45,44,41,,,,,
SHEN,100.0,100.0,100.0,100.0,100.0,100.0,50,45,44,41,,,,,
GNTX,100.0,100.0,100.0,100.0,100.0,100.0,50,45,44,41,,,,,
NGL,100.0,100.0,100.0,100.0,100.0,100.0,50,45,44,41,,,,,
OGN,100.0,100.0,100.0,100.0,100.0,100.0,50,45,44,41,,,,,
PN,100.0,100.0,100.0,100.0,100.0,100.0,50,45,44,41,,,,,
NVRI,100.0,100.0,100.0,100.0,100.0,100.0,50,45,44,41,,,,,
MSGY,100.0,100.0,100.0,100.0,100.0,100.0,50,45,44,41,,,,,
RDWR,100.0,100.0,100.0,100.0,100.0,100.0,50,45,44,41,,,,,
NNOX,100.0,100.0,100.0,100.0,100.0,100.0,50,45,44,41,,,,,
ANTX,100.0,100.0,100.0,100.0,100.0,100.0,50,45,44,41,,,,,
GRI,100.0,100.0,100.0,100.0,100.0,100.0,50,45,44,41,,,,,
ULS,100.0,100.0,100.0,100.0,100.0,100.0,50,45,44,41,,,,,
CPRX,100.0,100.0,100.0,100.0,100.0,100.0,50,45,44,41,,,,,
BTCM,100.0,100.0,100.0,100.0,100.0,100.0,50,45,44,41,,,,,
ATUS,100.0,100.0,100.0,100.0,100.0,100.0,50,45,44,41,,,,,
STRT,100.0,100.0,100.0,100.0,100.0,100.0,50,45,44,41,,,,,
BLMN,100.0,100.0,100.0,100.0,100.0,100.0,50,45,44,41,,,,,
QCOM,100.0,100.0,100.0,100.0,100.0,100.0,50,45,44,41,,,,,
CCEC,100.0,100.0,100.0,100.0,100.0,100.0,50,45,44,41,,,,,
IBCP,100.0,100.0,100.0,100.0,100.0,100.0,50,45,44,41,,,,,
GFR,100.0,100.0,100.0,100.0,100.0,100.0,50,45,44,41,,,,,
PHI,100.0,100.0,100.0,100.0,100.0,100.0,50,45,44,41,,,,,
AEI,100.0,100.0,100.0,100.0,100.0,100.0,50,45,44,41,,,,,
AKRO,100.0,100.0,100.0,100.0,100.0,100.0,50,45,44,41,,,,,
MVST,100.0,100.0,100.0,100.0,100.0,100.0,50,45,44,41,,,,,
VLRS,100.0,100.0,100.0,100.0,100.0,100.0,50,45,44,41,,,,,
HASI,100.0,100.0,100.0,100.0,100.0,100.0,50,45,44,41,,,,,
PLD,100.0,100.0,100.0,100.0,100.0,100.0,50,45,44,41,,,,,
OBLG,100.0,100.0,100.0,100.0,100.0,100.0,50,45,44,41,,,,,
CBL,100.0,100.0,100.0,100.0,100.0,100.0,50,45,44,41,,,,,
VERB,100.0,100.0,100.0,100.0,100.0,100.0,50,45,44,41,,,,,
TENX,100.0,100.0,100.0,100.0,100.0,100.0,50,45,44,41,,,,,
NWL,100.0,100.0,100.0,100.0,100.0,100.0,50,45,44,41,,,,,
M,100.0,100.0,100.0,100.0,100.0,100.0,50,45,44,41,,,,,
WAVE,100.0,100.0,100.0,100.0,100.0,100.0,50,45,44,41,,,,,
MDLZ,100.0,100.0,100.0,100.0,100.0,100.0,50,45,44,41,,,,,
AGNCM,100.0,100.0,100.0,100.0,100.0,100.0,50,45,44,41,,,,,
XOS,100.0,100.0,100.0,100.0,100.0,100.0,50,45,44,41,,,,,
PAGS,100.0,100.0,100.0,100.0,100.0,100.0,50,45,44,41,,,,,
MHUA,100.0,100.0,100.0,100.0,100.0,100.0,50,45,44,41,,,,,
TBI,100.0,100.0,100.0,100.0,100.0,100.0,50,45,44,41,,,,,
Z,100.0,100.0,100.0,100.0,100.0,100.0,50,45,44,41,,,,,
BACCU,100.0,100.0,100.0,100.0,100.0,100.0,50,45,44,41,10.1,0.78,10.06,10.06,0.74
LILAK,100.0,100.0,100.0,100.0,100.0,100.0,50,45,44,41,,,,,
POLE,100.0,100.0,100.0,100.0,100.0,100.0,50,45,44,41,,,,,
CNTY,100.0,100.0,100.0,100.0,100.0,100.0,50,45,44,41,,,,,
PI,100.0,100.0,100.0,100.0,100.0,100.0,50,45,44,41,,,,,
EVOK,100.0,100.0,100.0,100.0,100.0,100.0,50,45,44,41,,,,,
AAT,100.0,100.0,100.0,100.0,100.0,100.0,50,45,44,41,,,,,
FANG,100.0,100.0,100.0,100.0,100.0,100.0,50,45,44,41,,,,,
DAY,100.0,100.0,100.0,100.0,100.0,100.0,50,45,44,41,,,,,
AIM,100.0,100.0,100.0,100.0,100.0,100.0,50,45,44,41,,,,,
DGICA,100.0,100.0,100.0,100.0,100.0,100.0,50,45,44,41,,,,,
AEON,100.0,100.0,100.0,100.0,100.0,100.0,50,45,44,41,,,,,
GTEC,100.0,100.0,100.0,100.0,100.0,100.0,50,45,44,41,,,,,
KXIN,100.0,100.0,100.0,100.0,100.0,100.0,50,45,44,41,,,,,
ALSN,100.0,100.0,100.0,100.0,100.0,100.0,50,45,44,41,,,,,
CLDX,100.0,100.0,100.0,100.0,100.0,100.0,50,45,44,41,,,,,
IPA,100.0,100.0,100.0,100.0,100.0,100.0,50,45,44,41,,,,,
SPGI,100.0,100.0,100.0,100.0,100.0,100.0,50,45,44,41,,,,,
MDIA,100.0,100.0,100.0,100.0,100.0,100.0,50,45,44,41,,,,,
SOPH,100.0,100.0,100.0,100.0,100.0,100.0,50,45,44,41,,,,,
PTHL,100.0,100.0,100.0,100.0,100.0,100.0,50,45,44,41,,,,,
AREC,100.0,100.0,100.0,100.0,100.0,100.0,50,45,44,41,,,,,
RVSB,100.0,100.0,100.0,100.0,100.0,100.0,50,45,44,41,,,,,
CRS,100.0,100.0,100.0,100.0,100.0,100.0,50,45,44,41,,,,,
CBZ,100.0,100.0,100.0,100.0,100.0,100.0,50,45,44,41,,,,,
SKE,100.0,100.0,100.0,100.0,100.0,100.0,50,45,44,41,,,,,
RNG,100.0,100.0,100.0,100.0,100.0,100.0,50,45,44,41,,,,,
MURA,100.0,100.0,100.0,100.0,100.0,100.0,50,45,44,41,,,,,
ARQT,100.0,100.0,100.0,100.0,100.0,100.0,50,45,44,41,,,,,
GCL,100.0,100.0,100.0,100.0,100.0,100.0,50,45,44,41,,,,,
KOD,100.0,100.0,100.0,100.0,100.0,100.0,50,45,44,41,,,,,
ET,100.0,100.0,100.0,100.0,100.0,100.0,50,45,44,41,,,,,
FSV,100.0,100.0,100.0,100.0,100.0,100.0,50,45,44,41,,,,,
PET,100.0,100.0,100.0,100.0,100.0,100.0,50,45,44,41,,,,,
NTRP,100.0,100.0,100.0,100.0,100.0,100.0,50,45,44,41,,,,,
BOSC,100.0,100.0,100.0,100.0,100.0,100.0,50,45,44,41,,,,,
GSIW,100.0,100.0,100.0,100.0,100.0,100.0,50,45,44,41,,,,,
ALT,100.0,100.0,100.0,100.0,100.0,100.0,50,45,44,41,,,,,
NYMT,100.0,100.0,100.0,100.0,100.0,100.0,50,45,44,41,,,,,
SQM,100.0,100.0,100.0,100.0,100.0,100.0,50,45,44,41,,,,,
ORLY,100.0,100.0,100.0,100.0,100.0,100.0,50,45,44,41,,,,,
REPX,100.0,100.0,100.0,100.0,100.0,100.0,50,45,44,41,,,,,
CLPR,100.0,100.0,100.0,100.0,100.0,100.0,50,45,44,41,,,,,
ABSI,100.0,100.0,100.0,100.0,100.0,100.0,50,45,44,41,,,,,
AVDL,100.0,100.0,100.0,100.0,100.0,100.0,50,45,44,41,,,,,
ZYBT,100.0,100.0,100.0,100.0,100.0,100.0,50,45,44,41,,,,,
SNBR,100.0,100.0,100.0,100.0,100.0,100.0,50,45,44,41,,,,,
PLYM,100.0,100.0,100.0,100.0,100.0,100.0,50,45,44,41,,,,,
FMX,100.0,100.0,100.0,100.0,100.0,100.0,50,45,44,41,,,,,
FBK,100.0,100.0,100.0,100.0,100.0,100.0,50,45,44,41,,,,,
PRLD,100.0,100.0,100.0,100.0,100.0,100.0,50,45,44,41,,,,,
TSSI,100.0,100.0,100.0,100.0,100.0,100.0,50,45,44,41,,,,,
WTG,100.0,100.0,100.0,100.0,100.0,100.0,50,45,44,41,10.03,0.75,10.02,10.02,1.58
PROV,100.0,100.0,100.0,100.0,100.0,100.0,50,45,44,41,,,,,
ST,100.0,100.0,100.0,100.0,100.0,100.0,50,45,44,41,,,,,
IONQ,100.0,100.0,100.0,100.0,100.0,100.0,50,45,44,41,,,,,
MAXN,100.0,100.0,100.0,100.0,100.0,100.0,50,45,44,41,,,,,
PRCT,100.0,100.0,100.0,100.0,100.0,100.0,50,45,44,41,,,,,
BANX,100.0,100.0,100.0,100.0,100.0,100.0,50,45,44,41,,,,,
CMT,100.0,100.0,100.0,100.0,100.0,100.0,50,45,44,41,,,,,
ANEB,100.0,100.0,100.0,100.0,100.0,100.0,50,45,44,41,,,,,
SMBC,100.0,100.0,100.0,100.0,100.0,100.0,50,45,44,41,,,,,
LSPD,100.0,100.0,100.0,100.0,100.0,100.0,50,45,44,41,,,,,
SPSC,100.0,100.0,100.0,100.0,100.0,100.0,50,45,44,41,,,,,
WPP,100.0,100.0,100.0,100.0,100.0,100.0,50,45,44,41,,,,,
BFIN,100.0,100.0,100.0,100.0,100.0,100.0,50,45,44,41,,,,,
ADN,100.0,100.0,100.0,100.0,100.0,100.0,50,45,44,41,,,,,
SNPS,100.0,100.0,100.0,100.0,100.0,100.0,50,45,44,41,,,,,
TWI,100.0,100.0,100.0,100.0,100.0,100.0,50,45,44,41,,,,,
FCAP,100.0,100.0,100.0,100.0,100.0,100.0,50,45,44,41,,,,,
PHIN,100.0,100.0,100.0,100.0,100.0,100.0,50,45,44,41,,,,,
MTG,100.0,100.0,100.0,100.0,100.0,100.0,50,45,44,41,,,,,
VRCA,100.0,100.0,100.0,100.0,100.0,100.0,50,45,44,41,,,,,
OSTX,100.0,100.0,100.0,100.0,100.0,100.0,50,45,44,41,,,,,
CCJ,100.0,100.0,100.0,100.0,100.0,100.0,50,45,44,41,,,,,
AYTU,100.0,100.0,100.0,100.0,100.0,100.0,50,45,44,41,,,,,
BAH,100.0,100.0,100.0,100.0,100.0,100.0,50,45,44,41,,,,,
MCTR,100.0,100.0,100.0,100.0,100.0,100.0,50,45,44,41,,,,,
ITGR,100.0,100.0,100.0,100.0,100.0,100.0,50,45,44,41,,,,,
ALM,100.0,100.0,100.0,100.0,100.0,100.0,50,45,44,41,,,,,
VERO,100.0,100.0,100.0,100.0,100.0,100.0,50,45,44,41,,,,,
KD,100.0,100.0,100.0,100.0,100.0,100.0,50,45,44,41,,,,,
MWA,100.0,100.0,100.0,100.0,100.0,100.0,50,45,44,41,,,,,
ALOT,100.0,100.0,100.0,100.0,100.0,100.0,50,45,44,41,,,,,
CCCMU,100.0,100.0,100.0,100.0,100.0,100.0,50,45,44,41,,,,,
GLP,100.0,100.0,100.0,100.0,100.0,100.0,50,45,44,41,,,,,
EPOW,100.0,100.0,100.0,100.0,100.0,100.0,50,45,44,41,,,,,
CATY,100.0,100.0,100.0,100.0,100.0,100.0,50,45,44,41,,,,,
SRAD,100.0,100.0,100.0,100.0,100.0,100.0,50,45,44,41,,,,,
UTZ,100.0,100.0,100.0,100.0,100.0,100.0,50,45,44,41,,,,,
ENB,100.0,100.0,100.0,100.0,100.0,100.0,50,45,44,41,,,,,
MGRT,100.0,100.0,100.0,100.0,100.0,100.0,50,45,44,41,,,,,
SBAC,100.0,100.0,100.0,100.0,100.0,100.0,50,45,44,41,,,,,
RYTM,100.0,100.0,100.0,100.0,100.0,100.0,50,45,44,41,,,,,
CADE,100.0,100.0,100.0,100.0,100.0,100.0,50,45,44,41,,,,,
CLB,100.0,100.0,100.0,100.0,100.0,100.0,50,45,44,41,,,,,
BSET,100.0,100.0,100.0,100.0,100.0,100.0,50,45,44,41,,,,,
CAPNU,100.0,100.0,100.0,100.0,100.0,100.0,50,45,44,41,,,,,
DIOD,100.0,100.0,100.0,100.0,100.0,100.0,50,45,44,41,,,,,
CVGW,100.0,100.0,100.0,100.0,100.0,100.0,50,45,44,41,,,,,
FTRE,100.0,100.0,100.0,100.0,100.0,100.0,50,45,44,41,,,,,
MAA,100.0,100.0,100.0,100.0,100.0,100.0,50,45,44,41,,,,,
GENI,100.0,100.0,100.0,100.0,100.0,100.0,50,45,44,41,,,,,
NOK,100.0,100.0,100.0,100.0,100.0,100.0,50,45,44,41,,,,,
ACTG,100.0,100.0,100.0,100.0,100.0,100.0,50,45,44,41,,,,,
CIM,100.0,100.0,100.0,100.0,100.0,100.0,50,45,44,41,,,,,
LAES,100.0,100.0,100.0,100.0,100.0,100.0,50,45,44,41,,,,,
NBHC,100.0,100.0,100.0,100.0,100.0,100.0,50,45,44,41,,,,,
IEP,100.0,100.0,100.0,100.0,100.0,100.0,50,45,44,41,,,,,
CODA,100.0,100.0,100.0,100.0,100.0,100.0,50,45,44,41,,,,,
LANV,100.0,100.0,100.0,100.0,100.0,100.0,50,45,44,41,,,,,
SMHI,100.0,100.0,100.0,100.0,100.0,100.0,50,45,44,41,,,,,
TOON,100.0,100.0,100.0,100.0,100.0,100.0,50,45,44,41,,,,,
NTNX,100.0,100.0,100.0,100.0,100.0,100.0,50,45,44,41,,,,,
MBOT,100.0,100.0,100.0,100.0,100.0,100.0,50,45,44,41,,,,,
NHIC,100.0,100.0,100.0,100.0,100.0,100.0,50,45,44,41,,,,,
BUSE,100.0,100.0,100.0,100.0,100.0,100.0,50,45,44,41,,,,,
RAAQ,100.0,100.0,100.0,100.0,100.0,100.0,50,45,44,41,,,,,
TRS,100.0,100.0,100.0,100.0,100.0,100.0,50,45,44,41,,,,,
FMBH,100.0,100.0,100.0,100.0,100.0,100.0,50,45,44,41,,,,,
EMCG,100.0,100.0,100.0,100.0,100.0,100.0,50,45,44,41,,,,,
COSM,100.0,100.0,100.0,100.0,100.0,100.0,50,45,44,41,,,,,
TXNM,100.0,100.0,100.0,100.0,100.0,100.0,50,45,44,41,,,,,
GAIN,100.0,100.0,100.0,100.0,100.0,100.0,50,45,44,41,,,,,
CRIS,100.0,100.0,100.0,100.0,100.0,100.0,50,45,44,41,,,,,
INKT,100.0,100.0,100.0,100.0,100.0,100.0,50,45,44,41,,,,,
SDHC,100.0,100.0,100.0,100.0,100.0,100.0,50,45,44,41,,,,,
DQ,100.0,100.0,100.0,100.0,100.0,100.0,50,45,44,41,,,,,
KKR,100.0,100.0,100.0,100.0,100.0,100.0,50,45,44,41,,,,,
PDS,100.0,100.0,100.0,100.0,100.0,100.0,50,45,44,41,,,,,
CSW,100.0,100.0,100.0,100.0,100.0,100.0,50,45,44,41,,,,,
CMMB,100.0,100.0,100.0,100.0,100.0,100.0,50,45,44,41,,,,,
SNCR,100.0,100.0,100.0,100.0,100.0,100.0,50,45,44,41,,,,,
FRGE,100.0,100.0,100.0,100.0,100.0,100.0,50,45,44,41,,,,,
ALHC,100.0,100.0,100.0,100.0,100.0,100.0,50,45,44,41,,,,,
ELMD,100.0,100.0,100.0,100.0,100.0,100.0,50,45,44,41,,,,,
XPO,100.0,100.0,100.0,100.0,100.0,100.0,50,45,44,41,,,,,
FLNC,100.0,100.0,100.0,100.0,100.0,100.0,50,45,44,41,,,,,
NOMD,100.0,100.0,100.0,100.0,100.0,100.0,50,45,44,41,,,,,
ZION,100.0,100.0,100.0,100.0,100.0,100.0,50,45,44,41,,,,,
IPDN,100.0,100.0,100.0,100.0,100.0,100.0,50,45,44,41,,,,,
TRAK,100.0,100.0,100.0,100.0,100.0,100.0,50,45,44,41,,,,,
ELTX,100.0,100.0,100.0,100.0,100.0,100.0,50,45,44,41,,,,,
HII,100.0,100.0,100.0,100.0,100.0,100.0,50,45,44,41,,,,,
CBNA,100.0,100.0,100.0,100.0,100.0,100.0,50,45,44,41,,,,,
HCAT,100.0,100.0,100.0,100.0,100.0,100.0,50,45,44,41,,,,,
MUX,100.0,100.0,100.0,100.0,100.0,100.0,50,45,44,41,,,,,
VIRC,100.0,100.0,100.0,100.0,100.0,100.0,50,45,44,41,,,,,
VOYA,100.0,100.0,100.0,100.0,100.0,100.0,50,45,44,41,,,,,
TBLA,100.0,100.0,100.0,100.0,100.0,100.0,50,45,44,41,,,,,
ARQ,100.0,100.0,100.0,100.0,100.0,100.0,50,45,44,41,,,,,
SSII,100.0,100.0,100.0,100.0,100.0,100.0,50,45,44,41,,,,,
TFSL,100.0,100.0,100.0,100.0,100.0,100.0,50,45,44,41,,,,,
HWC,100.0,100.0,100.0,100.0,100.0,100.0,50,45,44,41,,,,,
OSPN,100.0,100.0,100.0,100.0,100.0,100.0,50,45,44,41,,,,,
RDY,100.0,100.0,100.0,100.0,100.0,100.0,50,45,44,41,,,,,
ZNTL,100.0,100.0,100.0,100.0,100.0,100.0,50,45,44,41,,,,,
QCRH,100.0,100.0,100.0,100.0,100.0,100.0,50,45,44,41,,,,,
KREF,100.0,100.0,100.0,100.0,100.0,100.0,50,45,44,41,,,,,
CSGS,100.0,100.0,100.0,100.0,100.0,100.0,50,45,44,41,,,,,
GEOS,100.0,100.0,100.0,100.0,100.0,100.0,50,45,44,41,,,,,
MA,100.0,100.0,100.0,100.0,100.0,100.0,50,45,44,41,,,,,
UNIT,100.0,100.0,100.0,100.0,100.0,100.0,50,45,44,41,,,,,
BULL,100.0,100.0,100.0,100.0,100.0,100.0,50,45,44,41,,,,,
DNN,100.0,100.0,100.0,100.0,100.0,100.0,50,45,44,41,,,,,
BWEN,100.0,100.0,100.0,100.0,100.0,100.0,50,45,44,41,,,,,
WRBY,100.0,100.0,100.0,100.0,100.0,100.0,50,45,44,41,,,,,
MET,100.0,100.0,100.0,100.0,100.0,100.0,50,45,44,41,,,,,
NBIS,100.0,100.0,100.0,100.0,100.0,100.0,50,45,44,41,,,,,
ATHE,100.0,100.0,100.0,100.0,100.0,100.0,50,45,44,41,,,,,
LKQ,100.0,100.0,100.0,100.0,100.0,100.0,50,45,44,41,,,,,
ROST,100.0,100.0,100.0,100.0,100.0,100.0,50,45,44,41,,,,,
EOSE,100.0,100.0,100.0,100.0,100.0,100.0,50,45,44,41,,,,,
OWLT,100.0,100.0,100.0,100.0,100.0,100.0,50,45,44,41,,,,,
VRT,100.0,100.0,100.0,100.0,100.0,100.0,50,45,44,41,,,,,
LDI,100.0,100.0,100.0,100.0,100.0,100.0,50,45,44,41,,,,,
SDM,100.0,100.0,100.0,100.0,100.0,100.0,50,45,44,41,,,,,
GIGGU,100.0,100.0,100.0,100.0,100.0,100.0,50,45,44,41,,,,,
YYGH,100.0,100.0,100.0,100.0,100.0,100.0,50,45,44,41,,,,,
INVE,100.0,100.0,100.0,100.0,100.0,100.0,50,45,44,41,,,,,
J,100.0,100.0,100.0,100.0,100.0,100.0,50,45,44,41,,,,,
GABC,100.0,100.0,100.0,100.0,100.0,100.0,50,45,44,41,,,,,
JOUT,100.0,100.0,100.0,100.0,100.0,100.0,50,45,44,41,,,,,
CMTG,100.0,100.0,100.0,100.0,100.0,100.0,50,45,44,41,,,,,
LOKV,100.0,100.0,100.0,100.0,100.0,100.0,50,45,44,41,,,,,
ASAN,100.0,100.0,100.0,100.0,100.0,100.0,50,45,44,41,,,,,
ENR,100.0,100.0,100.0,100.0,100.0,100.0,50,45,44,41,,,,,
SIGI,100.0,100.0,100.0,100.0,100.0,100.0,50,45,44,41,,,,,
LAC,100.0,100.0,100.0,100.0,100.0,100.0,50,45,44,41,,,,,
SES,100.0,100.0,100.0,100.0,100.0,100.0,50,45,44,41,,,,,
PTMN,100.0,100.0,100.0,100.0,100.0,100.0,50,45,44,41,,,,,
MQ,100.0,100.0,100.0,100.0,100.0,100.0,50,45,44,41,,,,,
HOMB,100.0,100.0,100.0,100.0,100.0,100.0,50,45,44,41,,,,,
XMTR,100.0,100.0,100.0,100.0,100.0,100.0,50,45,44,41,,,,,
ONB,100.0,100.0,100.0,100.0,100.0,100.0,50,45,44,41,,,,,
GNTA,100.0,100.0,100.0,100.0,100.0,100.0,50,45,44,41,,,,,
PAG,100.0,100.0,100.0,100.0,100.0,100.0,50,45,44,41,,,,,
AIN,100.0,100.0,100.0,100.0,100.0,100.0,50,45,44,41,,,,,
PDLB,100.0,100.0,100.0,100.0,100.0,100.0,50,45,44,41,,,,,
AMWL,100.0,100.0,100.0,100.0,100.0,100.0,50,45,44,41,,,,,
QVCGA,100.0,100.0,100.0,100.0,100.0,100.0,50,45,44,41,,,,,
LOT,100.0,100.0,100.0,100.0,100.0,100.0,50,45,44,41,,,,,
OCFC,100.0,100.0,100.0,100.0,100.0,100.0,50,45,44,41,,,,,
GXO,100.0,100.0,100.0,100.0,100.0,100.0,50,45,44,41,,,,,
ATAI,100.0,100.0,100.0,100.0,100.0,100.0,50,45,44,41,,,,,
MBCN,100.0,100.0,100.0,100.0,100.0,100.0,50,45,44,41,,,,,
VCICU,100.0,100.0,100.0,100.0,100.0,100.0,50,45,44,41,,,,,
AEHR,100.0,100.0,100.0,100.0,100.0,100.0,50,45,44,41,,,,,
CLW,100.0,100.0,100.0,100.0,100.0,100.0,50,45,44,41,,,,,
FDX,100.0,100.0,100.0,100.0,100.0,100.0,50,45,44,41,,,,,
BVS,100.0,100.0,100.0,100.0,100.0,100.0,50,45,44,41,,,,,
TIXT,100.0,100.0,100.0,100.0,100.0,100.0,50,45,44,41,,,,,
HONE,100.0,100.0,100.0,100.0,100.0,100.0,50,45,44,41,,,,,
DLXY,100.0,100.0,100.0,100.0,100.0,100.0,50,45,44,41,,,,,
BLX,100.0,100.0,100.0,100.0,100.0,100.0,50,45,44,41,,,,,
ORC,100.0,100.0,100.0,100.0,100.0,100.0,50,45,44,41,,,,,
HLVX,100.0,100.0,100.0,100.0,100.0,100.0,50,45,44,41,,,,,
WTFCN,100.0,100.0,100.0,100.0,100.0,100.0,50,45,44,41,,,,,
PEB,100.0,100.0,100.0,100.0,100.0,100.0,50,45,44,41,,,,,
FAAS,100.0,100.0,100.0,100.0,100.0,100.0,50,45,44,41,,,,,
CIGL,100.0,100.0,100.0,100.0,100.0,100.0,50,45,44,41,,,,,
CLNN,100.0,100.0,100.0,100.0,100.0,100.0,50,45,44,41,,,,,
MXC,100.0,100.0,100.0,100.0,100.0,100.0,50,45,44,41,,,,,
BILL,100.0,100.0,100.0,100.0,100.0,100.0,50,45,44,41,,,,,
CENN,100.0,100.0,100.0,100.0,100.0,100.0,50,45,44,41,,,,,
STOK,100.0,100.0,100.0,100.0,100.0,100.0,50,45,44,41,,,,,
SHIM,100.0,100.0,100.0,100.0,100.0,100.0,50,45,44,41,,,,,
U,100.0,100.0,100.0,100.0,100.0,100.0,50,45,44,41,,,,,
SFD,100.0,100.0,100.0,100.0,100.0,100.0,50,45,44,41,,,,,
GDEN,100.0,100.0,100.0,100.0,100.0,100.0,50,45,44,41,,,,,
IDR,100.0,100.0,100.0,100.0,100.0,100.0,50,45,44,41,,,,,
BHFAO,100.0,100.0,100.0,100.0,100.0,100.0,50,45,44,41,,,,,
SNDL,100.0,100.0,100.0,100.0,100.0,100.0,50,45,44,41,,,,,
AAUC,100.0,100.0,100.0,100.0,100.0,100.0,50,45,44,41,,,,,
XGN,100.0,100.0,100.0,100.0,100.0,100.0,50,45,44,41,,,,,
ASPI,100.0,100.0,100.0,100.0,100.0,100.0,50,45,44,41,,,,,
IMMX,100.0,100.0,100.0,100.0,100.0,100.0,50,45,44,41,,,,,
QIPT,100.0,100.0,100.0,100.0,100.0,100.0,50,45,44,41,,,,,
AMD,100.0,100.0,100.0,100.0,100.0,100.0,50,45,44,41,,,,,
NTWOU,100.0,100.0,100.0,100.0,100.0,100.0,50,45,44,41,,,,,
COCO,100.0,100.0,100.0,100.0,100.0,100.0,50,45,44,41,,,,,
ADIL,100.0,100.0,100.0,100.0,100.0,100.0,50,45,44,41,,,,,
CTRA,100.0,100.0,100.0,100.0,100.0,100.0,50,45,44,41,,,,,
HGTY,100.0,100.0,100.0,100.0,100.0,100.0,50,45,44,41,,,,,
AKBA,100.0,100.0,100.0,100.0,100.0,100.0,50,45,44,41,,,,,
NNN,100.0,100.0,100.0,100.0,100.0,100.0,50,45,44,41,,,,,
LRE,100.0,100.0,100.0,100.0,100.0,100.0,50,45,44,41,,,,,
ALBT,100.0,100.0,100.0,100.0,100.0,100.0,50,45,44,41,,,,,
ATER,100.0,100.0,100.0,100.0,100.0,100.0,50,45,44,41,,,,,
CRWD,100.0,100.0,100.0,100.0,100.0,100.0,50,45,44,41,,,,,
KEY,100.0,100.0,100.0,100.0,100.0,100.0,50,45,44,41,,,,,
CDLX,100.0,100.0,100.0,100.0,100.0,100.0,50,45,44,41,,,,,
GYRO,100.0,100.0,100.0,100.0,100.0,100.0,50,45,44,41,,,,,
NWSA,100.0,100.0,100.0,100.0,100.0,100.0,50,45,44,41,,,,,
STAI,100.0,100.0,100.0,100.0,100.0,100.0,50,45,44,41,,,,,
ASPN,100.0,100.0,100.0,100.0,100.0,100.0,50,45,44,41,,,,,
PDD,100.0,100.0,100.0,100.0,100.0,100.0,50,45,44,41,,,,,
NGNE,100.0,100.0,100.0,100.0,100.0,100.0,50,45,44,41,,,,,
LFCR,100.0,100.0,100.0,100.0,100.0,100.0,50,45,44,41,,,,,
MOB,100.0,100.0,100.0,100.0,100.0,100.0,50,45,44,41,,,,,
WOOF,100.0,100.0,100.0,100.0,100.0,100.0,50,45,44,41,,,,,
CYCN,100.0,100.0,100.0,100.0,100.0,100.0,50,45,44,41,,,,,
VITL,100.0,100.0,100.0,100.0,100.0,100.0,50,45,44,41,,,,,
ARDT,100.0,100.0,100.0,100.0,100.0,100.0,50,45,44,41,,,,,
CORT,100.0,100.0,100.0,100.0,100.0,100.0,50,45,44,41,,,,,
TRN,100.0,100.0,100.0,100.0,100.0,100.0,50,45,44,41,,,,,
JD,100.0,100.0,100.0,100.0,100.0,100.0,50,45,44,41,,,,,
KRMD,100.0,100.0,100.0,100.0,100.0,100.0,50,45,44,41,,,,,
MRBK,100.0,100.0,100.0,100.0,100.0,100.0,50,45,44,41,,,,,
LPLA,100.0,100.0,100.0,100.0,100.0,100.0,50,45,44,41,,,,,
IPGP,100.0,100.0,100.0,100.0,100.0,100.0,50,45,44,41,,,,,
SHO,100.0,100.0,100.0,100.0,100.0,100.0,50,45,44,41,,,,,
RDDT,100.0,100.0,100.0,100.0,100.0,100.0,50,45,44,41,,,,,
CCOI,100.0,100.0,100.0,100.0,100.0,100.0,50,45,44,41,,,,,
NVEC,100.0,100.0,100.0,100.0,100.0,100.0,50,45,44,41,,,,,
DLPN,100.0,100.0,100.0,100.0,100.0,100.0,50,45,44,41,,,,,
WABC,100.0,100.0,100.0,100.0,100.0,100.0,50,45,44,41,,,,,
AAMI,100.0,100.0,100.0,100.0,100.0,100.0,50,45,44,41,,,,,
MLR,100.0,100.0,100.0,100.0,100.0,100.0,50,45,44,41,,,,,
GPI,100.0,100.0,100.0,100.0,100.0,100.0,50,45,44,41,,,,,
QNCX,100.0,100.0,100.0,100.0,100.0,100.0,50,45,44,41,,,,,
ALTS,100.0,100.0,100.0,100.0,100.0,100.0,50,45,44,41,,,,,
PBF,100.0,100.0,100.0,100.0,100.0,100.0,50,45,44,41,,,,,
CNF,100.0,100.0,100.0,100.0,100.0,100.0,50,45,44,41,,,,,
AEYE,100.0,100.0,100.0,100.0,100.0,100.0,50,45,44,41,,,,,
ALDFU,100.0,100.0,100.0,100.0,100.0,100.0,50,45,44,41,,,,,
LW,100.0,100.0,100.0,100.0,100.0,100.0,50,45,44,41,,,,,
WAFU,100.0,100.0,100.0,100.0,100.0,100.0,50,45,44,41,,,,,
TC,100.0,100.0,100.0,100.0,100.0,100.0,50,45,44,41,,,,,
THC,100.0,100.0,100.0,100.0,100.0,100.0,50,45,44,41,,,,,
NVEE,100.0,100.0,100.0,100.0,100.0,100.0,50,45,44,41,,,,,
LBTYA,100.0,100.0,100.0,100.0,100.0,100.0,50,45,44,41,,,,,
OMSE,100.0,100.0,100.0,100.0,100.0,100.0,50,45,44,41,,,,,
SBXD,100.0,100.0,100.0,100.0,100.0,100.0,50,45,44,41,,,,,
UFCS,100.0,100.0,100.0,100.0,100.0,100.0,50,45,44,41,,,,,
RTAC,100.0,100.0,100.0,100.0,100.0,100.0,50,45,44,41,,,,,
AGX,100.0,100.0,100.0,100.0,100.0,100.0,50,45,44,41,,,,,
DYNX,100.0,100.0,100.0,100.0,100.0,100.0,50,45,44,41,,,,,
FSTR,100.0,100.0,100.0,100.0,100.0,100.0,50,45,44,41,,,,,
MUFG,100.0,100.0,100.0,100.0,100.0,100.0,50,45,44,41,,,,,
THS,100.0,100.0,100.0,100.0,100.0,100.0,50,45,44,41,,,,,
HUM,100.0,100.0,100.0,100.0,100.0,100.0,50,45,44,41,,,,,
WHLR,100.0,100.0,100.0,100.0,100.0,100.0,50,45,44,41,,,,,
FOXA,100.0,100.0,100.0,100.0,100.0,100.0,50,45,44,41,,,,,
LFUS,100.0,100.0,100.0,100.0,100.0,100.0,50,45,44,41,,,,,
WAB,100.0,100.0,100.0,100.0,100.0,100.0,50,45,44,41,,,,,
AREB,100.0,100.0,100.0,100.0,100.0,100.0,50,45,44,41,,,,,
TAL,100.0,100.0,100.0,100.0,100.0,100.0,50,45,44,41,,,,,
NSA,100.0,100.0,100.0,100.0,100.0,100.0,50,45,44,41,,,,,
SEB,100.0,100.0,100.0,100.0,100.0,100.0,50,45,44,41,,,,,
KGS,100.0,100.0,100.0,100.0,100.0,100.0,50,45,44,41,,,,,
TOYO,100.0,100.0,100.0,100.0,100.0,100.0,50,45,44,41,,,,,
XBIT,100.0,100.0,100.0,100.0,100.0,100.0,50,45,44,41,,,,,
DC,100.0,100.0,100.0,100.0,100.0,100.0,50,45,44,41,,,,,
AEMD,100.0,100.0,100.0,100.0,100.0,100.0,50,45,44,41,,,,,
RLMD,100.0,100.0,100.0,100.0,100.0,100.0,50,45,44,41,,,,,
USM,100.0,100.0,100.0,100.0,100.0,100.0,50,45,44,41,,,,,
QS,100.0,100.0,100.0,100.0,100.0,100.0,50,45,44,41,,,,,
GNFT,100.0,100.0,100.0,100.0,100.0,100.0,50,45,44,41,,,,,
KCHVU,100.0,100.0,100.0,100.0,100.0,100.0,50,45,44,41,,,,,
NAKA,100.0,100.0,100.0,100.0,100.0,100.0,50,45,44,41,,,,,
UG,100.0,100.0,100.0,100.0,100.0,100.0,50,45,44,41,,,,,
FFIV,100.0,100.0,100.0,100.0,100.0,100.0,50,45,44,41,,,,,
CXT,100.0,100.0,100.0,100.0,100.0,100.0,50,45,44,41,,,,,
CFFI,100.0,100.0,100.0,100.0,100.0,100.0,50,45,44,41,,,,,
IOR,100.0,100.0,100.0,100.0,100.0,100.0,50,45,44,41,,,,,
PBHC,100.0,100.0,100.0,100.0,100.0,100.0,50,45,44,41,,,,,
NMAX,100.0,100.0,100.0,100.0,100.0,100.0,50,45,44,41,,,,,
DOCU,100.0,100.0,100.0,100.0,100.0,100.0,50,45,44,41,,,,,
OZ,100.0,100.0,100.0,100.0,100.0,100.0,50,45,44,41,,,,,
IMA,100.0,100.0,100.0,100.0,100.0,100.0,50,45,44,41,,,,,
CYCU,100.0,100.0,100.0,100.0,100.0,100.0,50,45,44,41,,,,,
DX,100.0,100.0,100.0,100.0,100.0,100.0,50,45,44,41,,,,,
FLEX,100.0,100.0,100.0,100.0,100.0,100.0,50,45,44,41,,,,,
ARR,100.0,100.0,100.0,100.0,100.0,100.0,50,45,44,41,,,,,
LFWD,100.0,100.0,100.0,100.0,100.0,100.0,50,45,44,41,,,,,
BSLK,100.0,100.0,100.0,100.0,100.0,100.0,50,45,44,41,,,,,
ICLR,100.0,100.0,100.0,100.0,100.0,100.0,50,45,44,41,,,,,
CHMI,100.0,100.0,100.0,100.0,100.0,100.0,50,45,44,41,,,,,
DENN,100.0,100.0,100.0,100.0,100.0,100.0,50,45,44,41,,,,,
VRRM,100.0,100.0,100.0,100.0,100.0,100.0,50,45,44,41,,,,,
ATLN,100.0,100.0,100.0,100.0,100.0,100.0,50,45,44,41,,,,,
QSEA,100.0,100.0,100.0,100.0,100.0,100.0,50,45,44,41,,,,,
OYSE,100.0,100.0,100.0,100.0,100.0,100.0,50,45,44,41,,,,,
VIR,100.0,100.0,100.0,100.0,100.0,100.0,50,45,44,41,,,,,
RGCO,100.0,100.0,100.0,100.0,100.0,100.0,50,45,44,41,,,,,
FOA,100.0,100.0,100.0,100.0,100.0,100.0,50,45,44,41,,,,,
VCYT,100.0,100.0,100.0,100.0,100.0,100.0,50,45,44,41,,,,,
VSTM,100.0,100.0,100.0,100.0,100.0,100.0,50,45,44,41,,,,,
NNI,100.0,100.0,100.0,100.0,100.0,100.0,50,45,44,41,,,,,
AMWD,100.0,100.0,100.0,100.0,100.0,100.0,50,45,44,41,,,,,
IMCR,100.0,100.0,100.0,100.0,100.0,100.0,50,45,44,41,,,,,
PCH,100.0,100.0,100.0,100.0,100.0,100.0,50,45,44,41,,,,,
LOBO,100.0,100.0,100.0,100.0,100.0,100.0,50,45,44,41,,,,,
SLGL,100.0,100.0,100.0,100.0,100.0,100.0,50,45,44,41,,,,,
HVT,100.0,100.0,100.0,100.0,100.0,100.0,50,45,44,41,,,,,
KNSL,100.0,100.0,100.0,100.0,100.0,100.0,50,45,44,41,,,,,
ARCT,100.0,100.0,100.0,100.0,100.0,100.0,50,45,44,41,,,,,
ATLX,100.0,100.0,100.0,100.0,100.0,100.0,50,45,44,41,,,,,
BKD,100.0,100.0,100.0,100.0,100.0,100.0,50,45,44,41,,,,,
VRTS,100.0,100.0,100.0,100.0,100.0,100.0,50,45,44,41,,,,,
AAOI,100.0,100.0,100.0,100.0,100.0,100.0,50,45,44,41,,,,,
XYLO,100.0,100.0,100.0,100.0,100.0,100.0,50,45,44,41,,,,,
SHMD,100.0,100.0,100.0,100.0,100.0,100.0,50,45,44,41,,,,,
CAN,100.0,100.0,100.0,100.0,100.0,100.0,50,45,44,41,,,,,
PARR,100.0,100.0,100.0,100.0,100.0,100.0,50,45,44,41,,,,,
IROQ,100.0,100.0,100.0,100.0,100.0,100.0,50,45,44,41,,,,,
FSP,100.0,100.0,100.0,100.0,100.0,100.0,50,45,44,41,,,,,
BWB,100.0,100.0,100.0,100.0,100.0,100.0,50,45,44,41,,,,,
PSNY,100.0,100.0,100.0,100.0,100.0,100.0,50,45,44,41,,,,,
IMOS,100.0,100.0,100.0,100.0,100.0,100.0,50,45,44,41,,,,,
RDVT,100.0,100.0,100.0,100.0,100.0,100.0,50,45,44,41,,,,,
TWNP,100.0,100.0,100.0,100.0,100.0,100.0,50,45,44,41,,,,,
OGE,100.0,100.0,100.0,100.0,100.0,100.0,50,45,44,41,,,,,
SIGA,100.0,100.0,100.0,100.0,100.0,100.0,50,45,44,41,,,,,
HUSA,100.0,100.0,100.0,100.0,100.0,100.0,50,45,44,41,,,,,
SLXN,100.0,100.0,100.0,100.0,100.0,100.0,50,45,44,41,,,,,
ERAS,100.0,100.0,100.0,100.0,100.0,100.0,50,45,44,41,,,,,
STRZ,100.0,100.0,100.0,100.0,100.0,100.0,50,45,44,41,,,,,
OMH,100.0,100.0,100.0,100.0,100.0,100.0,50,45,44,41,,,,,
KITT,100.0,100.0,100.0,100.0,100.0,100.0,50,45,44,41,,,,,
NEN,100.0,100.0,100.0,100.0,100.0,100.0,50,45,44,41,,,,,
LOMA,100.0,100.0,100.0,100.0,100.0,100.0,50,45,44,41,,,,,
A,100.0,100.0,100.0,100.0,100.0,100.0,50,45,44,41,,,,,
VFS,100.0,100.0,100.0,100.0,100.0,100.0,50,45,44,41,,,,,
TFINP,100.0,100.0,100.0,100.0,100.0,100.0,50,45,44,41,,,,,
NVR,100.0,100.0,100.0,100.0,100.0,100.0,50,45,44,41,,,,,
AXS,100.0,100.0,100.0,100.0,100.0,100.0,50,45,44,41,,,,,
CODI,100.0,100.0,100.0,100.0,100.0,100.0,50,45,44,41,,,,,
PFX,100.0,100.0,100.0,100.0,100.0,100.0,50,45,44,41,,,,,
PLUS,100.0,100.0,100.0,100.0,100.0,100.0,50,45,44,41,,,,,
MTH,100.0,100.0,100.0,100.0,100.0,100.0,50,45,44,41,,,,,
VFC,100.0,100.0,100.0,100.0,100.0,100.0,50,45,44,41,,,,,
WTFC,100.0,100.0,100.0,100.0,100.0,100.0,50,45,44,41,,,,,
DOCS,100.0,100.0,100.0,100.0,100.0,100.0,50,45,44,41,,,,,
EMBC,100.0,100.0,100.0,100.0,100.0,100.0,50,45,44,41,,,,,
LION,100.0,100.0,100.0,100.0,100.0,100.0,50,45,44,41,,,,,
ONIT,100.0,100.0,100.0,100.0,100.0,100.0,50,45,44,41,,,,,
BLK,100.0,100.0,100.0,100.0,100.0,100.0,50,45,44,41,,,,,
UUUU,100.0,100.0,100.0,100.0,100.0,100.0,50,45,44,41,,,,,
ELS,100.0,100.0,100.0,100.0,100.0,100.0,50,45,44,41,,,,,
FTHM,100.0,100.0,100.0,100.0,100.0,100.0,50,45,44,41,,,,,
LEXX,100.0,100.0,100.0,100.0,100.0,100.0,50,45,44,41,,,,,
FLNG,100.0,100.0,100.0,100.0,100.0,100.0,50,45,44,41,,,,,
HUIZ,100.0,100.0,100.0,100.0,100.0,100.0,50,45,44,41,,,,,
CNFR,100.0,100.0,100.0,100.0,100.0,100.0,50,45,44,41,,,,,
NODK,100.0,100.0,100.0,100.0,100.0,100.0,50,45,44,41,,,,,
CNTX,100.0,100.0,100.0,100.0,100.0,100.0,50,45,44,41,,,,,
PZG,100.0,100.0,100.0,100.0,100.0,100.0,50,45,44,41,,,,,
COST,100.0,100.0,100.0,100.0,100.0,100.0,50,45,44,41,,,,,
XNCR,100.0,100.0,100.0,100.0,100.0,100.0,50,45,44,41,,,,,
HBANL,100.0,100.0,100.0,100.0,100.0,100.0,50,45,44,41,,,,,
ESGL,100.0,100.0,100.0,100.0,100.0,100.0,50,45,44,41,,,,,
LPTX,100.0,100.0,100.0,100.0,100.0,100.0,50,45,44,41,,,,,
RDCM,100.0,100.0,100.0,100.0,100.0,100.0,50,45,44,41,,,,,
SSSS,100.0,100.0,100.0,100.0,100.0,100.0,50,45,44,41,,,,,
FIZZ,100.0,100.0,100.0,100.0,100.0,100.0,50,45,44,41,,,,,
NEUP,100.0,100.0,100.0,100.0,100.0,100.0,50,45,44,41,,,,,
DDOG,100.0,100.0,100.0,100.0,100.0,100.0,50,45,44,41,,,,,
CNK,100.0,100.0,100.0,100.0,100.0,100.0,50,45,44,41,,,,,
BATL,100.0,100.0,100.0,100.0,100.0,100.0,50,45,44,41,,,,,
HKIT,100.0,100.0,100.0,100.0,100.0,100.0,50,45,44,41,,,,,
MVIS,100.0,100.0,100.0,100.0,100.0,100.0,50,45,44,41,,,,,
JANX,100.0,100.0,100.0,100.0,100.0,100.0,50,45,44,41,,,,,
RAC,100.0,100.0,100.0,100.0,100.0,100.0,50,45,44,41,,,,,
SGRP,100.0,100.0,100.0,100.0,100.0,100.0,50,45,44,41,,,,,
GSRT,100.0,100.0,100.0,100.0,100.0,100.0,50,45,44,41,,,,,
WLGS,100.0,100.0,100.0,100.0,100.0,100.0,50,45,44,41,,,,,
CRC,100.0,100.0,100.0,100.0,100.0,100.0,50,45,44,41,,,,,
WOW,100.0,100.0,100.0,100.0,100.0,100.0,50,45,44,41,,,,,
CTRM,100.0,100.0,100.0,100.0,100.0,100.0,50,45,44,41,,,,,
ELLO,100.0,100.0,100.0,100.0,100.0,100.0,50,45,44,41,,,,,
CRDO,100.0,100.0,100.0,100.0,100.0,100.0,50,45,44,41,,,,,
ICFI,100.0,100.0,100.0,100.0,100.0,100.0,50,45,44,41,,,,,
PFBC,100.0,100.0,100.0,100.0,100.0,100.0,50,45,44,41,,,,,
SEZL,100.0,100.0,100.0,100.0,100.0,100.0,50,45,44,41,,,,,
COTY,100.0,100.0,100.0,100.0,100.0,100.0,50,45,44,41,,,,,
GRC,100.0,100.0,100.0,100.0,100.0,100.0,50,45,44,41,,,,,
CBU,100.0,100.0,100.0,100.0,100.0,100.0,50,45,44,41,,,,,
TW,100.0,100.0,100.0,100.0,100.0,100.0,50,45,44,41,,,,,
FNF,100.0,100.0,100.0,100.0,100.0,100.0,50,45,44,41,,,,,
HIFS,100.0,100.0,100.0,100.0,100.0,100.0,50,45,44,41,,,,,
JBLU,100.0,100.0,100.0,100.0,100.0,100.0,50,45,44,41,,,,,
ORRF,100.0,100.0,100.0,100.0,100.0,100.0,50,45,44,41,,,,,
PFSA,100.0,100.0,100.0,100.0,100.0,100.0,50,45,44,41,,,,,
VGAS,100.0,100.0,100.0,100.0,100.0,100.0,50,45,44,41,,,,,
CIFR,100.0,100.0,100.0,100.0,100.0,100.0,50,45,44,41,,,,,
VIK,100.0,100.0,100.0,100.0,100.0,100.0,50,45,44,41,,,,,
FBIN,100.0,100.0,100.0,100.0,100.0,100.0,50,45,44,41,,,,,
SAND,100.0,100.0,100.0,100.0,100.0,100.0,50,45,44,41,,,,,
UWMC,100.0,100.0,100.0,100.0,100.0,100.0,50,45,44,41,,,,,
BUSEP,100.0,100.0,100.0,100.0,100.0,100.0,50,45,44,41,,,,,
MDBH,100.0,100.0,100.0,100.0,100.0,100.0,50,45,44,41,,,,,
SBFG,100.0,100.0,100.0,100.0,100.0,100.0,50,45,44,41,,,,,
OKTA,100.0,100.0,100.0,100.0,100.0,100.0,50,45,44,41,,,,,
EEFT,100.0,100.0,100.0,100.0,100.0,100.0,50,45,44,41,,,,,
ELF,100.0,100.0,100.0,100.0,100.0,100.0,50,45,44,41,,,,,
MIDD,100.0,100.0,100.0,100.0,100.0,100.0,50,45,44,41,,,,,
LILA,100.0,100.0,100.0,100.0,100.0,100.0,50,45,44,41,,,,,
SILO,100.0,100.0,100.0,100.0,100.0,100.0,50,45,44,41,,,,,
SSBI,100.0,100.0,100.0,100.0,100.0,100.0,50,45,44,41,,,,,
IAUX,100.0,100.0,100.0,100.0,100.0,100.0,50,45,44,41,,,,,
WERN,100.0,100.0,100.0,100.0,100.0,100.0,50,45,44,41,,,,,
SDGR,100.0,100.0,100.0,100.0,100.0,100.0,50,45,44,41,,,,,
FFIC,100.0,100.0,100.0,100.0,100.0,100.0,50,45,44,41,,,,,
CHGG,100.0,100.0,100.0,100.0,100.0,100.0,50,45,44,41,,,,,
ALEC,100.0,100.0,100.0,100.0,100.0,100.0,50,45,44,41,,,,,
PRCH,100.0,100.0,100.0,100.0,100.0,100.0,50,45,44,41,,,,,
PH,100.0,100.0,100.0,100.0,100.0,100.0,50,45,44,41,,,,,
SID,100.0,100.0,100.0,100.0,100.0,100.0,50,45,44,41,,,,,
BWLP,100.0,100.0,100.0,100.0,100.0,100.0,50,45,44,41,,,,,
CIEN,100.0,100.0,100.0,100.0,100.0,100.0,50,45,44,41,,,,,
GRDN,100.0,100.0,100.0,100.0,100.0,100.0,50,45,44,41,,,,,
OXY,100.0,100.0,100.0,100.0,100.0,100.0,50,45,44,41,,,,,
PLRX,100.0,100.0,100.0,100.0,100.0,100.0,50,45,44,41,,,,,
IZEA,100.0,100.0,100.0,100.0,100.0,100.0,50,45,44,41,,,,,
EXPO,100.0,100.0,100.0,100.0,100.0,100.0,50,45,44,41,,,,,
ATYR,100.0,100.0,100.0,100.0,100.0,100.0,50,45,44,41,,,,,
GIC,100.0,100.0,100.0,100.0,100.0,100.0,50,45,44,41,,,,,
CEPU,100.0,100.0,100.0,100.0,100.0,100.0,50,45,44,41,,,,,
GLPG,100.0,100.0,100.0,100.0,100.0,100.0,50,45,44,41,,,,,
UNFI,100.0,100.0,100.0,100.0,100.0,100.0,50,45,44,41,,,,,
DOYU,100.0,100.0,100.0,100.0,100.0,100.0,50,45,44,41,,,,,
MTNB,100.0,100.0,100.0,100.0,100.0,100.0,50,45,44,41,,,,,
XTNT,100.0,100.0,100.0,100.0,100.0,100.0,50,45,44,41,,,,,
ONEG,100.0,100.0,100.0,100.0,100.0,100.0,50,45,44,41,,,,,
LCUT,100.0,100.0,100.0,100.0,100.0,100.0,50,45,44,41,,,,,
XHG,100.0,100.0,100.0,100.0,100.0,100.0,50,45,44,41,,,,,
GAMB,100.0,100.0,100.0,100.0,100.0,100.0,50,45,44,41,,,,,
RLI,100.0,100.0,100.0,100.0,100.0,100.0,50,45,44,41,,,,,
NVA,100.0,100.0,100.0,100.0,100.0,100.0,50,45,44,41,,,,,
TV,100.0,100.0,100.0,100.0,100.0,100.0,50,45,44,41,,,,,
BFLY,100.0,100.0,100.0,100.0,100.0,100.0,50,45,44,41,,,,,
DTST,100.0,100.0,100.0,100.0,100.0,100.0,50,45,44,41,,,,,
IPCX,100.0,100.0,100.0,100.0,100.0,100.0,50,45,44,41,,,,,
HLP,100.0,100.0,100.0,100.0,100.0,100.0,50,45,44,41,,,,,
LGL,100.0,100.0,100.0,100.0,100.0,100.0,50,45,44,41,,,,,
SGI,100.0,100.0,100.0,100.0,100.0,100.0,50,45,44,41,,,,,
PSIX,100.0,100.0,100.0,100.0,100.0,100.0,50,45,44,41,,,,,
XIN,100.0,100.0,100.0,100.0,100.0,100.0,50,45,44,41,,,,,
WATT,100.0,100.0,100.0,100.0,100.0,100.0,50,45,44,41,,,,,
MFH,100.0,100.0,100.0,100.0,100.0,100.0,50,45,44,41,,,,,
TNET,100.0,100.0,100.0,100.0,100.0,100.0,50,45,44,41,,,,,
UEIC,100.0,100.0,100.0,100.0,100.0,100.0,50,45,44,41,,,,,
PAVM,100.0,100.0,100.0,100.0,100.0,100.0,50,45,44,41,,,,,
QSG,100.0,100.0,100.0,100.0,100.0,100.0,50,45,44,41,,,,,
CRM,100.0,100.0,100.0,100.0,100.0,100.0,50,45,44,41,,,,,
NCLH,100.0,100.0,100.0,100.0,100.0,100.0,50,45,44,41,,,,,
OBT,100.0,100.0,100.0,100.0,100.0,100.0,50,45,44,41,,,,,
TTWO,100.0,100.0,100.0,100.0,100.0,100.0,50,45,44,41,,,,,
ATGE,100.0,100.0,100.0,100.0,100.0,100.0,50,45,44,41,,,,,
AIFE,100.0,100.0,100.0,100.0,100.0,100.0,50,45,44,41,,,,,
FSUN,100.0,100.0,100.0,100.0,100.0,100.0,50,45,44,41,,,,,
SAH,100.0,100.0,100.0,100.0,100.0,100.0,50,45,44,41,,,,,
BOC,100.0,100.0,100.0,100.0,100.0,100.0,50,45,44,41,,,,,
VECO,100.0,100.0,100.0,100.0,100.0,100.0,50,45,44,41,,,,,
STEP,100.0,100.0,100.0,100.0,100.0,100.0,50,45,44,41,,,,,
ELTK,100.0,100.0,100.0,100.0,100.0,100.0,50,45,44,41,,,,,
GIS,100.0,100.0,100.0,100.0,100.0,100.0,50,45,44,41,,,,,
EIX,100.0,100.0,100.0,100.0,100.0,100.0,50,45,44,41,,,,,
FROG,100.0,100.0,100.0,100.0,100.0,100.0,50,45,44,41,,,,,
XXII,100.0,100.0,100.0,100.0,100.0,100.0,50,45,44,41,,,,,
ICMB,100.0,100.0,100.0,100.0,100.0,100.0,50,45,44,41,,,,,
LND,100.0,100.0,100.0,100.0,100.0,100.0,50,45,44,41,,,,,
IDT,100.0,100.0,100.0,100.0,100.0,100.0,50,45,44,41,,,,,
CVX,100.0,100.0,100.0,100.0,100.0,100.0,50,45,44,41,,,,,
NBN,100.0,100.0,100.0,100.0,100.0,100.0,50,45,44,41,,,,,
WLKP,100.0,100.0,100.0,100.0,100.0,100.0,50,45,44,41,,,,,
NWTN,100.0,100.0,100.0,100.0,100.0,100.0,50,45,44,41,,,,,
FFAI,100.0,100.0,100.0,100.0,100.0,100.0,50,45,44,41,,,,,
ZVRA,100.0,100.0,100.0,100.0,100.0,100.0,50,45,44,41,,,,,
ASTE,100.0,100.0,100.0,100.0,100.0,100.0,50,45,44,41,,,,,
DUOL,100.0,100.0,100.0,100.0,100.0,100.0,50,45,44,41,,,,,
WLDN,100.0,100.0,100.0,100.0,100.0,100.0,50,45,44,41,,,,,
CUK,100.0,100.0,100.0,100.0,100.0,100.0,50,45,44,41,,,,,
HDSN,100.0,100.0,100.0,100.0,100.0,100.0,50,45,44,41,,,,,
ENTG,100.0,100.0,100.0,100.0,100.0,100.0,50,45,44,41,,,,,
LCTX,100.0,100.0,100.0,100.0,100.0,100.0,50,45,44,41,,,,,
HON,100.0,100.0,100.0,100.0,100.0,100.0,50,45,44,41,,,,,
EDHL,100.0,100.0,100.0,100.0,100.0,100.0,50,45,44,41,,,,,
NRXS,100.0,100.0,100.0,100.0,100.0,100.0,50,45,44,41,,,,,
PSNL,100.0,100.0,100.0,100.0,100.0,100.0,50,45,44,41,,,,,
TRX,100.0,100.0,100.0,100.0,100.0,100.0,50,45,44,41,,,,,
EVLV,100.0,100.0,100.0,100.0,100.0,100.0,50,45,44,41,,,,,
ALLE,100.0,100.0,100.0,100.0,100.0,100.0,50,45,44,41,,,,,
NG,100.0,100.0,100.0,100.0,100.0,100.0,50,45,44,41,,,,,
PM,100.0,100.0,100.0,100.0,100.0,100.0,50,45,44,41,,,,,
IMAX,100.0,100.0,100.0,100.0,100.0,100.0,50,45,44,41,,,,,
SJT,100.0,100.0,100.0,100.0,100.0,100.0,50,45,44,41,,,,,
ANIX,100.0,100.0,100.0,100.0,100.0,100.0,50,45,44,41,,,,,
WENN,100.0,100.0,100.0,100.0,100.0,100.0,50,45,44,41,,,,,
SSTK,100.0,100.0,100.0,100.0,100.0,100.0,50,45,44,41,,,,,
PEGA,100.0,100.0,100.0,100.0,100.0,100.0,50,45,44,41,,,,,
LOCO,100.0,100.0,100.0,100.0,100.0,100.0,50,45,44,41,,,,,
JRVR,100.0,100.0,100.0,100.0,100.0,100.0,50,45,44,41,,,,,
TTI,100.0,100.0,100.0,100.0,100.0,100.0,50,45,44,41,,,,,
BC,100.0,100.0,100.0,100.0,100.0,100.0,50,45,44,41,,,,,
IMMP,100.0,100.0,100.0,100.0,100.0,100.0,50,45,44,41,,,,,
LNW,100.0,100.0,100.0,100.0,100.0,100.0,50,45,44,41,,,,,
HPE,100.0,100.0,100.0,100.0,100.0,100.0,50,45,44,41,,,,,
CHDN,100.0,100.0,100.0,100.0,100.0,100.0,50,45,44,41,,,,,
CPK,100.0,100.0,100.0,100.0,100.0,100.0,50,45,44,41,,,,,
YMM,100.0,100.0,100.0,100.0,100.0,100.0,50,45,44,41,,,,,
VIOT,100.0,100.0,100.0,100.0,100.0,100.0,50,45,44,41,,,,,
CJET,100.0,100.0,100.0,100.0,100.0,100.0,50,45,44,41,,,,,
CPA,100.0,100.0,100.0,100.0,100.0,100.0,50,45,44,41,,,,,
TNYA,100.0,100.0,100.0,100.0,100.0,100.0,50,45,44,41,,,,,
DBD,100.0,100.0,100.0,100.0,100.0,100.0,50,45,44,41,,,,,
PBR,100.0,100.0,100.0,100.0,100.0,100.0,50,45,44,41,,,,,
EVTV,100.0,100.0,100.0,100.0,100.0,100.0,50,45,44,41,,,,,
IROH,100.0,100.0,100.0,100.0,100.0,100.0,50,45,44,41,,,,,
JEM,100.0,100.0,100.0,100.0,100.0,100.0,50,45,44,41,,,,,
SMTC,100.0,100.0,100.0,100.0,100.0,100.0,50,45,44,41,,,,,
ULH,100.0,100.0,100.0,100.0,100.0,100.0,50,45,44,41,,,,,
CTBI,100.0,100.0,100.0,100.0,100.0,100.0,50,45,44,41,,,,,
UAVS,100.0,100.0,100.0,100.0,100.0,100.0,50,45,44,41,,,,,
DHR,100.0,100.0,100.0,100.0,100.0,100.0,50,45,44,41,,,,,
LXFR,100.0,100.0,100.0,100.0,100.0,100.0,50,45,44,41,,,,,
MLEC,100.0,100.0,100.0,100.0,100.0,100.0,50,45,44,41,,,,,
ATHM,100.0,100.0,100.0,100.0,100.0,100.0,50,45,44,41,,,,,
QSI,100.0,100.0,100.0,100.0,100.0,100.0,50,45,44,41,,,,,
BWIN,100.0,100.0,100.0,100.0,100.0,100.0,50,45,44,41,,,,,
TYGO,100.0,100.0,100.0,100.0,100.0,100.0,50,45,44,41,,,,,
BCBP,100.0,100.0,100.0,100.0,100.0,100.0,50,45,44,41,,,,,
CNX,100.0,100.0,100.0,100.0,100.0,100.0,50,45,44,41,,,,,
BCC,100.0,100.0,100.0,100.0,100.0,100.0,50,45,44,41,,,,,
DLNG,100.0,100.0,100.0,100.0,100.0,100.0,50,45,44,41,,,,,
VRM,100.0,100.0,100.0,100.0,100.0,100.0,50,45,44,41,,,,,
GEF,100.0,100.0,100.0,100.0,100.0,100.0,50,45,44,41,,,,,
MAIA,100.0,100.0,100.0,100.0,100.0,100.0,50,45,44,41,,,,,
EXE,100.0,100.0,100.0,100.0,100.0,100.0,50,45,44,41,,,,,
SITM,100.0,100.0,100.0,100.0,100.0,100.0,50,45,44,41,,,,,
SLDE,100.0,100.0,100.0,100.0,100.0,100.0,50,45,44,41,,,,,
ALDX,100.0,100.0,100.0,100.0,100.0,100.0,50,45,44,41,,,,,
CVAC,100.0,100.0,100.0,100.0,100.0,100.0,50,45,44,41,,,,,
USIO,100.0,100.0,100.0,100.0,100.0,100.0,50,45,44,41,,,,,
BEKE,100.0,100.0,100.0,100.0,100.0,100.0,50,45,44,41,,,,,
NSTS,100.0,100.0,100.0,100.0,100.0,100.0,50,45,44,41,,,,,
ATGL,100.0,100.0,100.0,100.0,100.0,100.0,50,45,44,41,,,,,
ALCYU,100.0,100.0,100.0,100.0,100.0,100.0,50,45,44,41,,,,,
AXP,100.0,100.0,100.0,100.0,100.0,100.0,50,45,44,41,,,,,
MRM,100.0,100.0,100.0,100.0,100.0,100.0,50,45,44,41,,,,,
UFI,100.0,100.0,100.0,100.0,100.0,100.0,50,45,44,41,,,,,
KUKE,100.0,100.0,100.0,100.0,100.0,100.0,50,45,44,41,,,,,
TXRH,100.0,100.0,100.0,100.0,100.0,100.0,50,45,44,41,,,,,
ICE,100.0,100.0,100.0,100.0,100.0,100.0,50,45,44,41,,,,,
AJG,100.0,100.0,100.0,100.0,100.0,100.0,50,45,44,41,,,,,
FND,100.0,100.0,100.0,100.0,100.0,100.0,50,45,44,41,,,,,
GAME,100.0,100.0,100.0,100.0,100.0,100.0,50,45,44,41,,,,,
MSFT,100.0,100.0,100.0,100.0,100.0,100.0,50,45,44,41,,,,,
EME,100.0,100.0,100.0,100.0,100.0,100.0,50,45,44,41,,,,,
STC,100.0,100.0,100.0,100.0,100.0,100.0,50,45,44,41,,,,,
WNEB,100.0,100.0,100.0,100.0,100.0,100.0,50,45,44,41,,,,,
VALE,100.0,100.0,100.0,100.0,100.0,100.0,50,45,44,41,,,,,
EGO,100.0,100.0,100.0,100.0,100.0,100.0,50,45,44,41,,,,,
TLRY,100.0,100.0,100.0,100.0,100.0,100.0,50,45,44,41,,,,,
STSS,100.0,100.0,100.0,100.0,100.0,100.0,50,45,44,41,,,,,
OSIS,100.0,100.0,100.0,100.0,100.0,100.0,50,45,44,41,,,,,
QLYS,100.0,100.0,100.0,100.0,100.0,100.0,50,45,44,41,,,,,
LXEH,100.0,100.0,100.0,100.0,100.0,100.0,50,45,44,41,,,,,
INLF,100.0,100.0,100.0,100.0,100.0,100.0,50,45,44,41,,,,,
HQY,100.0,100.0,100.0,100.0,100.0,100.0,50,45,44,41,,,,,
AKA,100.0,100.0,100.0,100.0,100.0,100.0,50,45,44,41,,,,,
MLNK,100.0,100.0,100.0,100.0,100.0,100.0,50,45,44,41,,,,,
SPB,100.0,100.0,100.0,100.0,100.0,100.0,50,45,44,41,,,,,
DUOT,100.0,100.0,100.0,100.0,100.0,100.0,50,45,44,41,,,,,
MRX,100.0,100.0,100.0,100.0,100.0,100.0,50,45,44,41,,,,,
STIM,100.0,100.0,100.0,100.0,100.0,100.0,50,45,44,41,,,,,
VIAV,100.0,100.0,100.0,100.0,100.0,100.0,50,45,44,41,,,,,
EPWK,100.0,100.0,100.0,100.0,100.0,100.0,50,45,44,41,,,,,
GEVO,100.0,100.0,100.0,100.0,100.0,100.0,50,45,44,41,,,,,
DJCO,100.0,100.0,100.0,100.0,100.0,100.0,50,45,44,41,,,,,
GTLB,100.0,100.0,100.0,100.0,100.0,100.0,50,45,44,41,,,,,
XAIR,100.0,100.0,100.0,100.0,100.0,100.0,50,45,44,41,,,,,
FUTU,100.0,100.0,100.0,100.0,100.0,100.0,50,45,44,41,,,,,
PSO,100.0,100.0,100.0,100.0,100.0,100.0,50,45,44,41,,,,,
BARK,100.0,100.0,100.0,100.0,100.0,100.0,50,45,44,41,,,,,
EZPW,100.0,100.0,100.0,100.0,100.0,100.0,50,45,44,41,,,,,
TXG,100.0,100.0,100.0,100.0,100.0,100.0,50,45,44,41,,,,,
IMTX,100.0,100.0,100.0,100.0,100.0,100.0,50,45,44,41,,,,,
XLO,100.0,100.0,100.0,100.0,100.0,100.0,50,45,44,41,,,,,
SVCC,100.0,100.0,100.0,100.0,100.0,100.0,50,45,44,41,,,,,
JOE,100.0,100.0,100.0,100.0,100.0,100.0,50,45,44,41,,,,,
ALG,100.0,100.0,100.0,100.0,100.0,100.0,50,45,44,41,,,,,
HD,100.0,100.0,100.0,100.0,100.0,100.0,50,45,44,41,,,,,
TIL,100.0,100.0,100.0,100.0,100.0,100.0,50,45,44,41,,,,,
DWSN,100.0,100.0,100.0,100.0,100.0,100.0,50,45,44,41,,,,,
AVD,100.0,100.0,100.0,100.0,100.0,100.0,50,45,44,41,,,,,
CALX,100.0,100.0,100.0,100.0,100.0,100.0,50,45,44,41,,,,,
ZTO,100.0,100.0,100.0,100.0,100.0,100.0,50,45,44,41,,,,,
YMAB,100.0,100.0,100.0,100.0,100.0,100.0,50,45,44,41,,,,,
NOC,100.0,100.0,100.0,100.0,100.0,100.0,50,45,44,41,,,,,
BMRA,100.0,100.0,100.0,100.0,100.0,100.0,50,45,44,41,,,,,
BKTI,100.0,100.0,100.0,100.0,100.0,100.0,50,45,44,41,,,,,
SDHI,100.0,100.0,100.0,100.0,100.0,100.0,50,45,44,41,,,,,
ANL,100.0,100.0,100.0,100.0,100.0,100.0,50,45,44,41,,,,,
BMY,100.0,100.0,100.0,100.0,100.0,100.0,50,45,44,41,,,,,
TDTH,100.0,100.0,100.0,100.0,100.0,100.0,50,45,44,41,,,,,
TROX,100.0,100.0,100.0,100.0,100.0,100.0,50,45,44,41,,,,,
ACNT,100.0,100.0,100.0,100.0,100.0,100.0,50,45,44,41,,,,,
DMLP,100.0,100.0,100.0,100.0,100.0,100.0,50,45,44,41,,,,,
STI,100.0,100.0,100.0,100.0,100.0,100.0,50,45,44,41,,,,,
VUZI,100.0,100.0,100.0,100.0,100.0,100.0,50,45,44,41,,,,,
OP,100.0,100.0,100.0,100.0,100.0,100.0,50,45,44,41,,,,,
SIG,100.0,100.0,100.0,100.0,100.0,100.0,50,45,44,41,,,,,
RVMD,100.0,100.0,100.0,100.0,100.0,100.0,50,45,44,41,,,,,
EPIX,100.0,100.0,100.0,100.0,100.0,100.0,50,45,44,41,,,,,
ABTS,100.0,100.0,100.0,100.0,100.0,100.0,50,45,44,41,,,,,
UFPT,100.0,100.0,100.0,100.0,100.0,100.0,50,45,44,41,,,,,
DYN,100.0,100.0,100.0,100.0,100.0,100.0,50,45,44,41,,,,,
COE,100.0,100.0,100.0,100.0,100.0,100.0,50,45,44,41,,,,,
RM,100.0,100.0,100.0,100.0,100.0,100.0,50,45,44,41,,,,,
KRKR,100.0,100.0,100.0,100.0,100.0,100.0,50,45,44,41,,,,,
NTLA,100.0,100.0,100.0,100.0,100.0,100.0,50,45,44,41,,,,,
WBS,100.0,100.0,100.0,100.0,100.0,100.0,50,45,44,41,,,,,
HSDT,100.0,100.0,100.0,100.0,100.0,100.0,50,45,44,41,,,,,
CDIO,100.0,100.0,100.0,100.0,100.0,100.0,50,45,44,41,,,,,
FUFU,100.0,100.0,100.0,100.0,100.0,100.0,50,45,44,41,,,,,
VSTA,100.0,100.0,100.0,100.0,100.0,100.0,50,45,44,41,,,,,
AIMD,100.0,100.0,100.0,100.0,100.0,100.0,50,45,44,41,,,,,
KVYO,100.0,100.0,100.0,100.0,100.0,100.0,50,45,44,41,,,,,
BKH,100.0,100.0,100.0,100.0,100.0,100.0,50,45,44,41,,,,,
MDCX,100.0,100.0,100.0,100.0,100.0,100.0,50,45,44,41,,,,,
NPO,100.0,100.0,100.0,100.0,100.0,100.0,50,45,44,41,,,,,
HKD,100.0,100.0,100.0,100.0,100.0,100.0,50,45,44,41,,,,,
RFAIU,100.0,100.0,100.0,100.0,100.0,100.0,50,45,44,41,,,,,
SCCO,100.0,100.0,100.0,100.0,100.0,100.0,50,45,44,41,,,,,
DYNXU,100.0,100.0,100.0,100.0,100.0,100.0,50,45,44,41,,,,,
ARLO,100.0,100.0,100.0,100.0,100.0,100.0,50,45,44,41,,,,,
TCBS,100.0,100.0,100.0,100.0,100.0,100.0,50,45,44,41,,,,,
VEL,100.0,100.0,100.0,100.0,100.0,100.0,50,45,44,41,,,,,
DBI,100.0,100.0,100.0,100.0,100.0,100.0,50,45,44,41,,,,,
KLC,100.0,100.0,100.0,100.0,100.0,100.0,50,45,44,41,,,,,
EBAY,100.0,100.0,100.0,100.0,100.0,100.0,50,45,44,41,,,,,
IPM,100.0,100.0,100.0,100.0,100.0,100.0,50,45,44,41,,,,,
MENS,100.0,100.0,100.0,100.0,100.0,100.0,50,45,44,41,,,,,
ICU,100.0,100.0,100.0,100.0,100.0,100.0,50,45,44,41,,,,,
DYCQU,100.0,100.0,100.0,100.0,100.0,100.0,50,45,44,41,,,,,
MASI,100.0,100.0,100.0,100.0,100.0,100.0,50,45,44,41,,,,,
CWT,100.0,100.0,100.0,100.0,100.0,100.0,50,45,44,41,,,,,
PMAX,100.0,100.0,100.0,100.0,100.0,100.0,50,45,44,41,,,,,
SUPN,100.0,100.0,100.0,100.0,100.0,100.0,50,45,44,41,,,,,
NBR,100.0,100.0,100.0,100.0,100.0,100.0,50,45,44,41,,,,,
MBUU,100.0,100.0,100.0,100.0,100.0,100.0,50,45,44,41,,,,,
SLDB,100.0,100.0,100.0,100.0,100.0,100.0,50,45,44,41,,,,,
SGHC,100.0,100.0,100.0,100.0,100.0,100.0,50,45,44,41,,,,,
KHC,100.0,100.0,100.0,100.0,100.0,100.0,50,45,44,41,,,,,
ENS,100.0,100.0,100.0,100.0,100.0,100.0,50,45,44,41,,,,,
KRUS,100.0,100.0,100.0,100.0,100.0,100.0,50,45,44,41,,,,,
CAKE,100.0,100.0,100.0,100.0,100.0,100.0,50,45,44,41,,,,,
OPEN,100.0,100.0,100.0,100.0,100.0,100.0,50,45,44,41,,,,,
MCD,100.0,100.0,100.0,100.0,100.0,100.0,50,45,44,41,,,,,
MTEK,100.0,100.0,100.0,100.0,100.0,100.0,50,45,44,41,,,,,
DRVN,100.0,100.0,100.0,100.0,100.0,100.0,50,45,44,41,,,,,
IMKTA,100.0,100.0,100.0,100.0,100.0,100.0,50,45,44,41,,,,,
TCBK,100.0,100.0,100.0,100.0,100.0,100.0,50,45,44,41,,,,,
SNDX,100.0,100.0,100.0,100.0,100.0,100.0,50,45,44,41,,,,,
FTLF,100.0,100.0,100.0,100.0,100.0,100.0,50,45,44,41,,,,,
LYEL,100.0,100.0,100.0,100.0,100.0,100.0,50,45,44,41,,,,,
GRAN,100.0,100.0,100.0,100.0,100.0,100.0,50,45,44,41,,,,,
REKR,100.0,100.0,100.0,100.0,100.0,100.0,50,45,44,41,,,,,
FSBW,100.0,100.0,100.0,100.0,100.0,100.0,50,45,44,41,,,,,
ATEC,100.0,100.0,100.0,100.0,100.0,100.0,50,45,44,41,,,,,
WLDS,100.0,100.0,100.0,100.0,100.0,100.0,50,45,44,41,,,,,
EVTC,100.0,100.0,100.0,100.0,100.0,100.0,50,45,44,41,,,,,
DRDBU,100.0,100.0,100.0,100.0,100.0,100.0,50,45,44,41,,,,,
IMNN,100.0,100.0,100.0,100.0,100.0,100.0,50,45,44,41,,,,,
FDSB,100.0,100.0,100.0,100.0,100.0,100.0,50,45,44,41,,,,,
PEBK,100.0,100.0,100.0,100.0,100.0,100.0,50,45,44,41,,,,,
ROP,100.0,100.0,100.0,100.0,100.0,100.0,50,45,44,41,,,,,
ESLA,100.0,100.0,100.0,100.0,100.0,100.0,50,45,44,41,,,,,
AMBI,100.0,100.0,100.0,100.0,100.0,100.0,50,45,44,41,,,,,
KMRK,100.0,100.0,100.0,100.0,100.0,100.0,50,45,44,41,,,,,
RHLD,100.0,100.0,100.0,100.0,100.0,100.0,50,45,44,41,,,,,
RIGL,100.0,100.0,100.0,100.0,100.0,100.0,50,45,44,41,,,,,
LZM,100.0,100.0,100.0,100.0,100.0,100.0,50,45,44,41,,,,,
MAS,100.0,100.0,100.0,100.0,100.0,100.0,50,45,44,41,,,,,
CWBC,100.0,100.0,100.0,100.0,100.0,100.0,50,45,44,41,,,,,
APEI,100.0,100.0,100.0,100.0,100.0,100.0,50,45,44,41,,,,,
PBFS,100.0,100.0,100.0,100.0,100.0,100.0,50,45,44,41,,,,,
IHG,100.0,100.0,100.0,100.0,100.0,100.0,50,45,44,41,,,,,
CLBK,100.0,100.0,100.0,100.0,100.0,100.0,50,45,44,41,,,,,
WEX,100.0,100.0,100.0,100.0,100.0,100.0,50,45,44,41,,,,,
DSP,100.0,100.0,100.0,100.0,100.0,100.0,50,45,44,41,,,,,
CARM,100.0,100.0,100.0,100.0,100.0,100.0,50,45,44,41,,,,,
MYND,100.0,100.0,100.0,100.0,100.0,100.0,50,45,44,41,,,,,
VMEO,100.0,100.0,100.0,100.0,100.0,100.0,50,45,44,41,,,,,
NTR,100.0,100.0,100.0,100.0,100.0,100.0,50,45,44,41,,,,,
CNVS,100.0,100.0,100.0,100.0,100.0,100.0,50,45,44,41,,,,,
CMCM,100.0,100.0,100.0,100.0,100.0,100.0,50,45,44,41,,,,,
EXTR,100.0,100.0,100.0,100.0,100.0,100.0,50,45,44,41,,,,,
IBM,100.0,100.0,100.0,100.0,100.0,100.0,50,45,44,41,,,,,
H,100.0,100.0,100.0,100.0,100.0,100.0,50,45,44,41,,,,,
GPUS,100.0,100.0,100.0,100.0,100.0,100.0,50,45,44,41,,,,,
HIT,100.0,100.0,100.0,100.0,100.0,100.0,50,45,44,41,,,,,
DB,100.0,100.0,100.0,100.0,100.0,100.0,50,45,44,41,,,,,
FACT,100.0,100.0,100.0,100.0,100.0,100.0,50,45,44,41,,,,,
GRCE,100.0,100.0,100.0,100.0,100.0,100.0,50,45,44,41,,,,,
OTF,100.0,100.0,100.0,100.0,100.0,100.0,50,45,44,41,,,,,
APDN,100.0,100.0,100.0,100.0,100.0,100.0,50,45,44,41,,,,,
SA,100.0,100.0,100.0,100.0,100.0,100.0,50,45,44,41,,,,,
ESE,100.0,100.0,100.0,100.0,100.0,100.0,50,45,44,41,,,,,
PRTA,100.0,100.0,100.0,100.0,100.0,100.0,50,45,44,41,,,,,
SMC,100.0,100.0,100.0,100.0,100.0,100.0,50,45,44,41,,,,,
PLTR,100.0,100.0,100.0,100.0,100.0,100.0,50,45,44,41,,,,,
PCAR,100.0,100.0,100.0,100.0,100.0,100.0,50,45,44,41,,,,,
UK,100.0,100.0,100.0,100.0,100.0,100.0,50,45,44,41,,,,,
NU,100.0,100.0,100.0,100.0,100.0,100.0,50,45,44,41,,,,,
ATPC,100.0,100.0,100.0,100.0,100.0,100.0,50,45,44,41,,,,,
DSWL,100.0,100.0,100.0,100.0,100.0,100.0,50,45,44,41,,,,,
CRT,100.0,100.0,100.0,100.0,100.0,100.0,50,45,44,41,,,,,
FLL,100.0,100.0,100.0,100.0,100.0,100.0,50,45,44,41,,,,,
ORGO,100.0,100.0,100.0,100.0,100.0,100.0,50,45,44,41,,,,,
PSA,100.0,100.0,100.0,100.0,100.0,100.0,50,45,44,41,,,,,
FI,100.0,100.0,100.0,100.0,100.0,100.0,50,45,44,41,,,,,
TRT,100.0,100.0,100.0,100.0,100.0,100.0,50,45,44,41,,,,,
EDN,100.0,100.0,100.0,100.0,100.0,100.0,50,45,44,41,,,,,
MCHP,100.0,100.0,100.0,100.0,100.0,100.0,50,45,44,41,,,,,
BKU,100.0,100.0,100.0,100.0,100.0,100.0,50,45,44,41,,,,,
VOYG,100.0,100.0,100.0,100.0,100.0,100.0,50,45,44,41,,,,,
COHR,100.0,100.0,100.0,100.0,100.0,100.0,50,45,44,41,,,,,
SLGN,100.0,100.0,100.0,100.0,100.0,100.0,50,45,44,41,,,,,
TRTX,100.0,100.0,100.0,100.0,100.0,100.0,50,45,44,41,,,,,
HCKT,100.0,100.0,100.0,100.0,100.0,100.0,50,45,44,41,,,,,
TRAW,100.0,100.0,100.0,100.0,100.0,100.0,50,45,44,41,,,,,
HRI,100.0,100.0,100.0,100.0,100.0,100.0,50,45,44,41,,,,,
CINT,100.0,100.0,100.0,100.0,100.0,100.0,50,45,44,41,,,,,
PGRE,100.0,100.0,100.0,100.0,100.0,100.0,50,45,44,41,,,,,
CZNC,100.0,100.0,100.0,100.0,100.0,100.0,50,45,44,41,,,,,
WSM,100.0,100.0,100.0,100.0,100.0,100.0,50,45,44,41,,,,,
OPRX,100.0,100.0,100.0,100.0,100.0,100.0,50,45,44,41,,,,,
NVNI,100.0,100.0,100.0,100.0,100.0,100.0,50,45,44,41,,,,,
RC,100.0,100.0,100.0,100.0,100.0,100.0,50,45,44,41,,,,,
EPM,100.0,100.0,100.0,100.0,100.0,100.0,50,45,44,41,,,,,
TEN,100.0,100.0,100.0,100.0,100.0,100.0,50,45,44,41,,,,,
NECB,100.0,100.0,100.0,100.0,100.0,100.0,50,45,44,41,,,,,
EGHAU,100.0,100.0,100.0,100.0,100.0,100.0,50,45,44,41,,,,,
CRCL,100.0,100.0,100.0,100.0,100.0,100.0,50,45,44,41,,,,,
HBI,100.0,100.0,100.0,100.0,100.0,100.0,50,45,44,41,,,,,
AIV,100.0,100.0,100.0,100.0,100.0,100.0,50,45,44,41,,,,,
RBB,100.0,100.0,100.0,100.0,100.0,100.0,50,45,44,41,,,,,
LENZ,100.0,100.0,100.0,100.0,100.0,100.0,50,45,44,41,,,,,
PFG,100.0,100.0,100.0,100.0,100.0,100.0,50,45,44,41,,,,,
CALM,100.0,100.0,100.0,100.0,100.0,100.0,50,45,44,41,,,,,
UTI,100.0,100.0,100.0,100.0,100.0,100.0,50,45,44,41,,,,,
ILMN,100.0,100.0,100.0,100.0,100.0,100.0,50,45,44,41,,,,,
AIHS,100.0,100.0,100.0,100.0,100.0,100.0,50,45,44,41,,,,,
HWBK,100.0,100.0,100.0,100.0,100.0,100.0,50,45,44,41,,,,,
RLAY,100.0,100.0,100.0,100.0,100.0,100.0,50,45,44,41,,,,,
VNO,100.0,100.0,100.0,100.0,100.0,100.0,50,45,44,41,,,,,
MNMD,100.0,100.0,100.0,100.0,100.0,100.0,50,45,44,41,,,,,
TMUS,100.0,100.0,100.0,100.0,100.0,100.0,50,45,44,41,,,,,
PDSB,100.0,100.0,100.0,100.0,100.0,100.0,50,45,44,41,,,,,
GEN,100.0,100.0,100.0,100.0,100.0,100.0,50,45,44,41,,,,,
IR,100.0,100.0,100.0,100.0,100.0,100.0,50,45,44,41,,,,,
AGFY,100.0,100.0,100.0,100.0,100.0,100.0,50,45,44,41,,,,,
JBGS,100.0,100.0,100.0,100.0,100.0,100.0,50,45,44,41,,,,,
SMPL,100.0,100.0,100.0,100.0,100.0,100.0,50,45,44,41,,,,,
CIIT,100.0,100.0,100.0,100.0,100.0,100.0,50,45,44,41,,,,,
BRAG,100.0,100.0,100.0,100.0,100.0,100.0,50,45,44,41,,,,,
AKTX,100.0,100.0,100.0,100.0,100.0,100.0,50,45,44,41,,,,,
AMTD,100.0,100.0,100.0,100.0,100.0,100.0,50,45,44,41,,,,,
GIGM,100.0,100.0,100.0,100.0,100.0,100.0,50,45,44,41,,,,,
EDAP,100.0,100.0,100.0,100.0,100.0,100.0,50,45,44,41,,,,,
FRGT,100.0,100.0,100.0,100.0,100.0,100.0,50,45,44,41,,,,,
ALZN,100.0,100.0,100.0,100.0,100.0,100.0,50,45,44,41,,,,,
DHT,100.0,100.0,100.0,100.0,100.0,100.0,50,45,44,41,,,,,
FISI,100.0,100.0,100.0,100.0,100.0,100.0,50,45,44,41,,,,,
COR,100.0,100.0,100.0,100.0,100.0,100.0,50,45,44,41,,,,,
ADM,100.0,100.0,100.0,100.0,100.0,100.0,50,45,44,41,,,,,
GPC,100.0,100.0,100.0,100.0,100.0,100.0,50,45,44,41,,,,,
BGM,100.0,100.0,100.0,100.0,100.0,100.0,50,45,44,41,,,,,
BW,100.0,100.0,100.0,100.0,100.0,100.0,50,45,44,41,,,,,
AMZN,100.0,100.0,100.0,100.0,100.0,100.0,50,45,44,41,,,,,
GSIT,100.0,100.0,100.0,100.0,100.0,100.0,50,45,44,41,,,,,
TRP,100.0,100.0,100.0,100.0,100.0,100.0,50,45,44,41,,,,,
GWW,100.0,100.0,100.0,100.0,100.0,100.0,50,45,44,41,,,,,
ACB,100.0,100.0,100.0,100.0,100.0,100.0,50,45,44,41,,,,,
AMS,100.0,100.0,100.0,100.0,100.0,100.0,50,45,44,41,,,,,
EVTL,100.0,100.0,100.0,100.0,100.0,100.0,50,45,44,41,,,,,
NOTV,100.0,100.0,100.0,100.0,100.0,100.0,50,45,44,41,,,,,
UHT,100.0,100.0,100.0,100.0,100.0,100.0,50,45,44,41,,,,,
SSTI,100.0,100.0,100.0,100.0,100.0,100.0,50,45,44,41,,,,,
ESTA,100.0,100.0,100.0,100.0,100.0,100.0,50,45,44,41,,,,,
ACHC,100.0,100.0,100.0,100.0,100.0,100.0,50,45,44,41,,,,,
SCNI,100.0,100.0,100.0,100.0,100.0,100.0,50,45,44,41,,,,,
TCRX,100.0,100.0,100.0,100.0,100.0,100.0,50,45,44,41,,,,,
PACK,100.0,100.0,100.0,100.0,100.0,100.0,50,45,44,41,,,,,
UHAL,100.0,100.0,100.0,100.0,100.0,100.0,50,45,44,41,,,,,
PODD,100.0,100.0,100.0,100.0,100.0,100.0,50,45,44,41,,,,,
HUBB,100.0,100.0,100.0,100.0,100.0,100.0,50,45,44,41,,,,,
HUBG,100.0,100.0,100.0,100.0,100.0,100.0,50,45,44,41,,,,,
LNTH,100.0,100.0,100.0,100.0,100.0,100.0,50,45,44,41,,,,,
CBLL,100.0,100.0,100.0,100.0,100.0,100.0,50,45,44,41,,,,,
XYL,100.0,100.0,100.0,100.0,100.0,100.0,50,45,44,41,,,,,
ACXP,100.0,100.0,100.0,100.0,100.0,100.0,50,45,44,41,,,,,
AEVA,100.0,100.0,100.0,100.0,100.0,100.0,50,45,44,41,,,,,
MAN,100.0,100.0,100.0,100.0,100.0,100.0,50,45,44,41,,,,,
AMED,100.0,100.0,100.0,100.0,100.0,100.0,50,45,44,41,,,,,
LVO,100.0,100.0,100.0,100.0,100.0,100.0,50,45,44,41,,,,,
FLYE,100.0,100.0,100.0,100.0,100.0,100.0,50,45,44,41,,,,,
MNKD,100.0,100.0,100.0,100.0,100.0,100.0,50,45,44,41,,,,,
MCO,100.0,100.0,100.0,100.0,100.0,100.0,50,45,44,41,,,,,
ESTC,100.0,100.0,100.0,100.0,100.0,100.0,50,45,44,41,,,,,
MYE,100.0,100.0,100.0,100.0,100.0,100.0,50,45,44,41,,,,,
GRND,100.0,100.0,100.0,100.0,100.0,100.0,50,45,44,41,,,,,
CLH,100.0,100.0,100.0,100.0,100.0,100.0,50,45,44,41,,,,,
GIFT,100.0,100.0,100.0,100.0,100.0,100.0,50,45,44,41,,,,,
WSBF,100.0,100.0,100.0,100.0,100.0,100.0,50,45,44,41,,,,,
DNOW,100.0,100.0,100.0,100.0,100.0,100.0,50,45,44,41,,,,,
SOBR,100.0,100.0,100.0,100.0,100.0,100.0,50,45,44,41,,,,,
CIGI,100.0,100.0,100.0,100.0,100.0,100.0,50,45,44,41,,,,,
IMUX,100.0,100.0,100.0,100.0,100.0,100.0,50,45,44,41,,,,,
FRPT,100.0,100.0,100.0,100.0,100.0,100.0,50,45,44,41,,,,,
MASS,100.0,100.0,100.0,100.0,100.0,100.0,50,45,44,41,,,,,
XHR,100.0,100.0,100.0,100.0,100.0,100.0,50,45,44,41,,,,,
LOVE,100.0,100.0,100.0,100.0,100.0,100.0,50,45,44,41,,,,,
BPOP,100.0,100.0,100.0,100.0,100.0,100.0,50,45,44,41,,,,,
FWONA,100.0,100.0,100.0,100.0,100.0,100.0,50,45,44,41,,,,,
AMSF,100.0,100.0,100.0,100.0,100.0,100.0,50,45,44,41,,,,,
PAPL,100.0,100.0,100.0,100.0,100.0,100.0,50,45,44,41,,,,,
JOBY,100.0,100.0,100.0,100.0,100.0,100.0,50,45,44,41,,,,,
CRDF,100.0,100.0,100.0,100.0,100.0,100.0,50,45,44,41,,,,,
CMC,100.0,100.0,100.0,100.0,100.0,100.0,50,45,44,41,,,,,
FE,100.0,100.0,100.0,100.0,100.0,100.0,50,45,44,41,,,,,
CJMB,100.0,100.0,100.0,100.0,100.0,100.0,50,45,44,41,,,,,
APGE,100.0,100.0,100.0,100.0,100.0,100.0,50,45,44,41,,,,,
BKHA,100.0,100.0,100.0,100.0,100.0,100.0,50,45,44,41,,,,,
FSEA,100.0,100.0,100.0,100.0,100.0,100.0,50,45,44,41,,,,,
GPATU,100.0,100.0,100.0,100.0,100.0,100.0,50,45,44,41,,,,,
TXMD,100.0,100.0,100.0,100.0,100.0,100.0,50,45,44,41,,,,,
ISPC,100.0,100.0,100.0,100.0,100.0,100.0,50,45,44,41,,,,,
DSY,100.0,100.0,100.0,100.0,100.0,100.0,50,45,44,41,,,,,
EML,100.0,100.0,100.0,100.0,100.0,100.0,50,45,44,41,,,,,
AFJK,100.0,100.0,100.0,100.0,100.0,100.0,50,45,44,41,,,,,
KVUE,100.0,100.0,100.0,100.0,100.0,100.0,50,45,44,41,,,,,
CKX,100.0,100.0,100.0,100.0,100.0,100.0,50,45,44,41,,,,,
FLD,100.0,100.0,100.0,100.0,100.0,100.0,50,45,44,41,,,,,
AOS,100.0,100.0,100.0,100.0,100.0,100.0,50,45,44,41,,,,,
NOEMU,100.0,100.0,100.0,100.0,100.0,100.0,50,45,44,41,,,,,
LUNR,100.0,100.0,100.0,100.0,100.0,100.0,50,45,44,41,,,,,
RDNT,100.0,100.0,100.0,100.0,100.0,100.0,50,45,44,41,,,,,
KVAC,100.0,100.0,100.0,100.0,100.0,100.0,50,45,44,41,,,,,
GDTC,100.0,100.0,100.0,100.0,100.0,100.0,50,45,44,41,,,,,
MAPS,100.0,100.0,100.0,100.0,100.0,100.0,50,45,44,41,,,,,
BGL,100.0,100.0,100.0,100.0,100.0,100.0,50,45,44,41,,,,,
SAR,100.0,100.0,100.0,100.0,100.0,100.0,50,45,44,41,,,,,
CWAN,100.0,100.0,100.0,100.0,100.0,100.0,50,45,44,41,,,,,
CEG,100.0,100.0,100.0,100.0,100.0,100.0,50,45,44,41,,,,,
SIMO,100.0,100.0,100.0,100.0,100.0,100.0,50,45,44,41,,,,,
SPKLU,100.0,100.0,100.0,100.0,100.0,100.0,50,45,44,41,,,,,
TLN,100.0,100.0,100.0,100.0,100.0,100.0,50,45,44,41,,,,,
TZUP,100.0,100.0,100.0,100.0,100.0,100.0,50,45,44,41,,,,,
CRMD,100.0,100.0,100.0,100.0,100.0,100.0,50,45,44,41,,,,,
STRO,100.0,100.0,100.0,100.0,100.0,100.0,50,45,44,41,,,,,
GRBK,100.0,100.0,100.0,100.0,100.0,100.0,50,45,44,41,,,,,
AEG,100.0,100.0,100.0,100.0,100.0,100.0,50,45,44,41,,,,,
BZAI,100.0,100.0,100.0,100.0,100.0,100.0,50,45,44,41,,,,,
BNRG,100.0,100.0,100.0,100.0,100.0,100.0,50,45,44,41,,,,,
FSHP,100.0,100.0,100.0,100.0,100.0,100.0,50,45,44,41,,,,,
VZLA,100.0,100.0,100.0,100.0,100.0,100.0,50,45,44,41,,,,,
INTS,100.0,100.0,100.0,100.0,100.0,100.0,50,45,44,41,,,,,
WYNN,100.0,100.0,100.0,100.0,100.0,100.0,50,45,44,41,,,,,
TVAIU,100.0,100.0,100.0,100.0,100.0,100.0,50,45,44,41,,,,,
HMR,100.0,100.0,100.0,100.0,100.0,100.0,50,45,44,41,,,,,
BTBD,100.0,100.0,100.0,100.0,100.0,100.0,50,45,44,41,,,,,
TOMZ,100.0,100.0,100.0,100.0,100.0,100.0,50,45,44,41,,,,,
CHAR,100.0,100.0,100.0,100.0,100.0,100.0,50,45,44,41,,,,,
IVDA,100.0,100.0,100.0,100.0,100.0,100.0,50,45,44,41,,,,,
ASTS,100.0,100.0,100.0,100.0,100.0,100.0,50,45,44,41,,,,,
ATII,100.0,100.0,100.0,100.0,100.0,100.0,50,45,44,41,,,,,
NWFL,100.0,100.0,100.0,100.0,100.0,100.0,50,45,44,41,,,,,
VTYX,100.0,100.0,100.0,100.0,100.0,100.0,50,45,44,41,,,,,
KTTA,100.0,100.0,100.0,100.0,100.0,100.0,50,45,44,41,,,,,
SOBO,100.0,100.0,100.0,100.0,100.0,100.0,50,45,44,41,,,,,
BTCS,100.0,100.0,100.0,100.0,100.0,100.0,50,45,44,41,,,,,
JBIO,100.0,100.0,100.0,100.0,100.0,100.0,50,45,44,41,,,,,
SNOA,100.0,100.0,100.0,100.0,100.0,100.0,50,45,44,41,,,,,
FDP,100.0,100.0,100.0,100.0,100.0,100.0,50,45,44,41,,,,,
FLGT,100.0,100.0,100.0,100.0,100.0,100.0,50,45,44,41,,,,,
GOLF,100.0,100.0,100.0,100.0,100.0,100.0,50,45,44,41,,,,,
BALY,100.0,100.0,100.0,100.0,100.0,100.0,50,45,44,41,,,,,
DXYZ,100.0,100.0,100.0,100.0,100.0,100.0,50,45,44,41,,,,,
PRGO,100.0,100.0,100.0,100.0,100.0,100.0,50,45,44,41,,,,,
CTXR,100.0,100.0,100.0,100.0,100.0,100.0,50,45,44,41,,,,,
FHB,100.0,100.0,100.0,100.0,100.0,100.0,50,45,44,41,,,,,
SISI,100.0,100.0,100.0,100.0,100.0,100.0,50,45,44,41,,,,,
GGAL,100.0,100.0,100.0,100.0,100.0,100.0,50,45,44,41,,,,,
WDS,100.0,100.0,100.0,100.0,100.0,100.0,50,45,44,41,,,,,
BLND,100.0,100.0,100.0,100.0,100.0,100.0,50,45,44,41,,,,,
BAX,100.0,100.0,100.0,100.0,100.0,100.0,50,45,44,41,,,,,
WK,100.0,100.0,100.0,100.0,100.0,100.0,50,45,44,41,,,,,
HIW,100.0,100.0,100.0,100.0,100.0,100.0,50,45,44,41,,,,,
CNCK,100.0,100.0,100.0,100.0,100.0,100.0,50,45,44,41,,,,,
ALEX,100.0,100.0,100.0,100.0,100.0,100.0,50,45,44,41,,,,,
MRT,100.0,100.0,100.0,100.0,100.0,100.0,50,45,44,41,,,,,
ACRE,100.0,100.0,100.0,100.0,100.0,100.0,50,45,44,41,,,,,
OMI,100.0,100.0,100.0,100.0,100.0,100.0,50,45,44,41,,,,,
EVC,100.0,100.0,100.0,100.0,100.0,100.0,50,45,44,41,,,,,
PT,100.0,100.0,100.0,100.0,100.0,100.0,50,45,44,41,,,,,
OLB,100.0,100.0,100.0,100.0,100.0,100.0,50,45,44,41,,,,,
EPSM,100.0,100.0,100.0,100.0,100.0,100.0,50,45,44,41,,,,,
IRM,100.0,100.0,100.0,100.0,100.0,100.0,50,45,44,41,,,,,
EGY,100.0,100.0,100.0,100.0,100.0,100.0,50,45,44,41,,,,,
MS,100.0,100.0,100.0,100.0,100.0,100.0,50,45,44,41,,,,,
TNL,100.0,100.0,100.0,100.0,100.0,100.0,50,45,44,41,,,,,
PGNY,100.0,100.0,100.0,100.0,100.0,100.0,50,45,44,41,,,,,
SQNS,100.0,100.0,100.0,100.0,100.0,100.0,50,45,44,41,,,,,
CNO,100.0,100.0,100.0,100.0,100.0,100.0,50,45,44,41,,,,,
LGCB,100.0,100.0,100.0,100.0,100.0,100.0,50,45,44,41,,,,,
BSX,100.0,100.0,100.0,100.0,100.0,100.0,50,45,44,41,,,,,
IPI,100.0,100.0,100.0,100.0,100.0,100.0,50,45,44,41,,,,,
HSON,100.0,100.0,100.0,100.0,100.0,100.0,50,45,44,41,,,,,
AVTX,100.0,100.0,100.0,100.0,100.0,100.0,50,45,44,41,,,,,
RMBI,100.0,100.0,100.0,100.0,100.0,100.0,50,45,44,41,,,,,
PESI,100.0,100.0,100.0,100.0,100.0,100.0,50,45,44,41,,,,,
AACI,100.0,100.0,100.0,100.0,100.0,100.0,50,45,44,41,,,,,
BCML,100.0,100.0,100.0,100.0,100.0,100.0,50,45,44,41,,,,,
DXF,100.0,100.0,100.0,100.0,100.0,100.0,50,45,44,41,,,,,
BNL,100.0,100.0,100.0,100.0,100.0,100.0,50,45,44,41,,,,,
TUSK,100.0,100.0,100.0,100.0,100.0,100.0,50,45,44,41,,,,,
XPOF,100.0,100.0,100.0,100.0,100.0,100.0,50,45,44,41,,,,,
NVX,100.0,100.0,100.0,100.0,100.0,100.0,50,45,44,41,,,,,
ARBB,100.0,100.0,100.0,100.0,100.0,100.0,50,45,44,41,,,,,
PUMP,100.0,100.0,100.0,100.0,100.0,100.0,50,45,44,41,,,,,
LCID,100.0,100.0,100.0,100.0,100.0,100.0,50,45,44,41,,,,,
COEP,100.0,100.0,100.0,100.0,100.0,100.0,50,45,44,41,,,,,
AER,100.0,100.0,100.0,100.0,100.0,100.0,50,45,44,41,,,,,
FATN,100.0,100.0,100.0,100.0,100.0,100.0,50,45,44,41,,,,,
XIFR,100.0,100.0,100.0,100.0,100.0,100.0,50,45,44,41,,,,,
FOXX,100.0,100.0,100.0,100.0,100.0,100.0,50,45,44,41,,,,,
CARV,100.0,100.0,100.0,100.0,100.0,100.0,50,45,44,41,,,,,
NEO,100.0,100.0,100.0,100.0,100.0,100.0,50,45,44,41,,,,,
GTM,100.0,100.0,100.0,100.0,100.0,100.0,50,45,44,41,,,,,
SGMO,100.0,100.0,100.0,100.0,100.0,100.0,50,45,44,41,,,,,
MERC,100.0,100.0,100.0,100.0,100.0,100.0,50,45,44,41,,,,,
LINE,100.0,100.0,100.0,100.0,100.0,100.0,50,45,44,41,,,,,
IBN,100.0,100.0,100.0,100.0,100.0,100.0,50,45,44,41,,,,,
CLMT,100.0,100.0,100.0,100.0,100.0,100.0,50,45,44,41,,,,,
CFFN,100.0,100.0,100.0,100.0,100.0,100.0,50,45,44,41,,,,,
POLA,100.0,100.0,100.0,100.0,100.0,100.0,50,45,44,41,,,,,
GSAT,100.0,100.0,100.0,100.0,100.0,100.0,50,45,44,41,,,,,
BIIB,100.0,100.0,100.0,100.0,100.0,100.0,50,45,44,41,,,,,
NRT,100.0,100.0,100.0,100.0,100.0,100.0,50,45,44,41,,,,,
ABVE,100.0,100.0,100.0,100.0,100.0,100.0,50,45,44,41,,,,,
PFAI,100.0,100.0,100.0,100.0,100.0,100.0,50,45,44,41,,,,,
BCAB,100.0,100.0,100.0,100.0,100.0,100.0,50,45,44,41,,,,,
ACIC,100.0,100.0,100.0,100.0,100.0,100.0,50,45,44,41,,,,,
WYY,100.0,100.0,100.0,100.0,100.0,100.0,50,45,44,41,,,,,
HGBL,100.0,100.0,100.0,100.0,100.0,100.0,50,45,44,41,,,,,
TGLS,100.0,100.0,100.0,100.0,100.0,100.0,50,45,44,41,,,,,
HZO,100.0,100.0,100.0,100.0,100.0,100.0,50,45,44,41,,,,,
NRIX,100.0,100.0,100.0,100.0,100.0,100.0,50,45,44,41,,,,,
CMI,100.0,100.0,100.0,100.0,100.0,100.0,50,45,44,41,,,,,
PSTV,100.0,100.0,100.0,100.0,100.0,100.0,50,45,44,41,,,,,
SPG,100.0,100.0,100.0,100.0,100.0,100.0,50,45,44,41,,,,,
AGL,100.0,100.0,100.0,100.0,100.0,100.0,50,45,44,41,,,,,
OXSQ,100.0,100.0,100.0,100.0,100.0,100.0,50,45,44,41,,,,,
XPL,100.0,100.0,100.0,100.0,100.0,100.0,50,45,44,41,,,,,
SKT,100.0,100.0,100.0,100.0,100.0,100.0,50,45,44,41,,,,,
MBAVU,100.0,100.0,100.0,100.0,100.0,100.0,50,45,44,41,,,,,
DGXX,100.0,100.0,100.0,100.0,100.0,100.0,50,45,44,41,,,,,
LOAN,100.0,100.0,100.0,100.0,100.0,100.0,50,45,44,41,,,,,
APAM,100.0,100.0,100.0,100.0,100.0,100.0,50,45,44,41,,,,,
SIDU,100.0,100.0,100.0,100.0,100.0,100.0,50,45,44,41,,,,,
CMPS,100.0,100.0,100.0,100.0,100.0,100.0,50,45,44,41,,,,,
ENSG,100.0,100.0,100.0,100.0,100.0,100.0,50,45,44,41,,,,,
SFNC,100.0,100.0,100.0,100.0,100.0,100.0,50,45,44,41,,,,,
KB,100.0,100.0,100.0,100.0,100.0,100.0,50,45,44,41,,,,,
SKBL,100.0,100.0,100.0,100.0,100.0,100.0,50,45,44,41,,,,,
KRP,100.0,100.0,100.0,100.0,100.0,100.0,50,45,44,41,,,,,
RCMT,100.0,100.0,100.0,100.0,100.0,100.0,50,45,44,41,,,,,
INVX,100.0,100.0,100.0,100.0,100.0,100.0,50,45,44,41,,,,,
CHE,100.0,100.0,100.0,100.0,100.0,100.0,50,45,44,41,,,,,
CVEO,100.0,100.0,100.0,100.0,100.0,100.0,50,45,44,41,,,,,
MSCI,100.0,100.0,100.0,100.0,100.0,100.0,50,45,44,41,,,,,
ON,100.0,100.0,100.0,100.0,100.0,100.0,50,45,44,41,,,,,
XTKG,100.0,100.0,100.0,100.0,100.0,100.0,50,45,44,41,,,,,
MGM,100.0,100.0,100.0,100.0,100.0,100.0,50,45,44,41,,,,,
DVAX,100.0,100.0,100.0,100.0,100.0,100.0,50,45,44,41,,,,,
LTM,100.0,100.0,100.0,100.0,100.0,100.0,50,45,44,41,,,,,
NVO,100.0,100.0,100.0,100.0,100.0,100.0,50,45,44,41,,,,,
SER,100.0,100.0,100.0,100.0,100.0,100.0,50,45,44,41,,,,,
MSB,100.0,100.0,100.0,100.0,100.0,100.0,50,45,44,41,,,,,
BG,100.0,100.0,100.0,100.0,100.0,100.0,50,45,44,41,,,,,
RPTX,100.0,100.0,100.0,100.0,100.0,100.0,50,45,44,41,,,,,
PAVS,100.0,100.0,100.0,100.0,100.0,100.0,50,45,44,41,,,,,
LPBB,100.0,100.0,100.0,100.0,100.0,100.0,50,45,44,41,,,,,
MODD,100.0,100.0,100.0,100.0,100.0,100.0,50,45,44,41,,,,,
LHX,100.0,100.0,100.0,100.0,100.0,100.0,50,45,44,41,,,,,
HRZN,100.0,100.0,100.0,100.0,100.0,100.0,50,45,44,41,,,,,
NTIC,100.0,100.0,100.0,100.0,100.0,100.0,50,45,44,41,,,,,
CLSD,100.0,100.0,100.0,100.0,100.0,100.0,50,45,44,41,,,,,
CHCT,100.0,100.0,100.0,100.0,100.0,100.0,50,45,44,41,,,,,
ILPT,100.0,100.0,100.0,100.0,100.0,100.0,50,45,44,41,,,,,
ILLR,100.0,100.0,100.0,100.0,100.0,100.0,50,45,44,41,,,,,
MBINM,100.0,100.0,100.0,100.0,100.0,100.0,50,45,44,41,,,,,
NGD,100.0,100.0,100.0,100.0,100.0,100.0,50,45,44,41,,,,,
NOA,100.0,100.0,100.0,100.0,100.0,100.0,50,45,44,41,,,,,
IRIX,100.0,100.0,100.0,100.0,100.0,100.0,50,45,44,41,,,,,
FITBO,100.0,100.0,100.0,100.0,100.0,100.0,50,45,44,41,,,,,
TSEM,100.0,100.0,100.0,100.0,100.0,100.0,50,45,44,41,,,,,
MMC,100.0,100.0,100.0,100.0,100.0,100.0,50,45,44,41,,,,,
AIR,100.0,100.0,100.0,100.0,100.0,100.0,50,45,44,41,,,,,
ROLR,100.0,100.0,100.0,100.0,100.0,100.0,50,45,44,41,,,,,
ATMV,100.0,100.0,100.0,100.0,100.0,100.0,50,45,44,41,,,,,
ECG,100.0,100.0,100.0,100.0,100.0,100.0,50,45,44,41,,,,,
EVR,100.0,100.0,100.0,100.0,100.0,100.0,50,45,44,41,,,,,
THM,100.0,100.0,100.0,100.0,100.0,100.0,50,45,44,41,,,,,
SDA,100.0,100.0,100.0,100.0,100.0,100.0,50,45,44,41,,,,,
SEED,100.0,100.0,100.0,100.0,100.0,100.0,50,45,44,41,,,,,
GGG,100.0,100.0,100.0,100.0,100.0,100.0,50,45,44,41,,,,,
BRIA,100.0,100.0,100.0,100.0,100.0,100.0,50,45,44,41,,,,,
HSPT,100.0,100.0,100.0,100.0,100.0,100.0,50,45,44,41,,,,,
IOVA,100.0,100.0,100.0,100.0,100.0,100.0,50,45,44,41,,,,,
MEC,100.0,100.0,100.0,100.0,100.0,100.0,50,45,44,41,,,,,
NKTX,100.0,100.0,100.0,100.0,100.0,100.0,50,45,44,41,,,,,
PNNT,100.0,100.0,100.0,100.0,100.0,100.0,50,45,44,41,,,,,
AERT,100.0,100.0,100.0,100.0,100.0,100.0,50,45,44,41,,,,,
EXFY,100.0,100.0,100.0,100.0,100.0,100.0,50,45,44,41,,,,,
EFC,100.0,100.0,100.0,100.0,100.0,100.0,50,45,44,41,,,,,
UHG,100.0,100.0,100.0,100.0,100.0,100.0,50,45,44,41,,,,,
SKWD,100.0,100.0,100.0,100.0,100.0,100.0,50,45,44,41,,,,,
DGII,100.0,100.0,100.0,100.0,100.0,100.0,50,45,44,41,,,,,
BATRA,100.0,100.0,100.0,100.0,100.0,100.0,50,45,44,41,,,,,
PCAP,100.0,100.0,100.0,100.0,100.0,100.0,50,45,44,41,,,,,
BLD,100.0,100.0,100.0,100.0,100.0,100.0,50,45,44,41,,,,,
SVA,100.0,100.0,100.0,100.0,100.0,100.0,50,45,44,41,,,,,
TAVIU,100.0,100.0,100.0,100.0,100.0,100.0,50,45,44,41,,,,,
NEHC,100.0,100.0,100.0,100.0,100.0,100.0,50,45,44,41,,,,,
XCH,100.0,100.0,100.0,100.0,100.0,100.0,50,45,44,41,,,,,
BELFB,100.0,100.0,100.0,100.0,100.0,100.0,50,45,44,41,,,,,
CLWT,100.0,100.0,100.0,100.0,100.0,100.0,50,45,44,41,,,,,
XAGE,100.0,100.0,100.0,100.0,100.0,100.0,50,45,44,41,,,,,
CRGO,100.0,100.0,100.0,100.0,100.0,100.0,50,45,44,41,,,,,
MBWM,100.0,100.0,100.0,100.0,100.0,100.0,50,45,44,41,,,,,
SANM,100.0,100.0,100.0,100.0,100.0,100.0,50,45,44,41,,,,,
TS,100.0,100.0,100.0,100.0,100.0,100.0,50,45,44,41,,,,,
OPFI,100.0,100.0,100.0,100.0,100.0,100.0,50,45,44,41,,,,,
EDIT,100.0,100.0,100.0,100.0,100.0,100.0,50,45,44,41,,,,,
EYE,100.0,100.0,100.0,100.0,100.0,100.0,50,45,44,41,,,,,
ACLS,100.0,100.0,100.0,100.0,100.0,100.0,50,45,44,41,,,,,
BUR,100.0,100.0,100.0,100.0,100.0,100.0,50,45,44,41,,,,,
FOX,100.0,100.0,100.0,100.0,100.0,100.0,50,45,44,41,,,,,
NVST,100.0,100.0,100.0,100.0,100.0,100.0,50,45,44,41,,,,,
ATMVU,100.0,100.0,100.0,100.0,100.0,100.0,50,45,44,41,,,,,
SYY,100.0,100.0,100.0,100.0,100.0,100.0,50,45,44,41,,,,,
AREN,100.0,100.0,100.0,100.0,100.0,100.0,50,45,44,41,,,,,
BWMN,100.0,100.0,100.0,100.0,100.0,100.0,50,45,44,41,,,,,
DYAI,100.0,100.0,100.0,100.0,100.0,100.0,50,45,44,41,,,,,
OSUR,100.0,100.0,100.0,100.0,100.0,100.0,50,45,44,41,,,,,
PRVA,100.0,100.0,100.0,100.0,100.0,100.0,50,45,44,41,,,,,
SLQT,100.0,100.0,100.0,100.0,100.0,100.0,50,45,44,41,,,,,
SIBN,100.0,100.0,100.0,100.0,100.0,100.0,50,45,44,41,,,,,
DNA,100.0,100.0,100.0,100.0,100.0,100.0,50,45,44,41,,,,,
GGR,100.0,100.0,100.0,100.0,100.0,100.0,50,45,44,41,,,,,
GBLI,100.0,100.0,100.0,100.0,100.0,100.0,50,45,44,41,,,,,
HCI,100.0,100.0,100.0,100.0,100.0,100.0,50,45,44,41,,,,,
FKWL,100.0,100.0,100.0,100.0,100.0,100.0,50,45,44,41,,,,,
SLSR,100.0,100.0,100.0,100.0,100.0,100.0,50,45,44,41,,,,,
NMG,100.0,100.0,100.0,100.0,100.0,100.0,50,45,44,41,,,,,
CATO,100.0,100.0,100.0,100.0,100.0,100.0,50,45,44,41,,,,,
SANW,100.0,100.0,100.0,100.0,100.0,100.0,50,45,44,41,,,,,
MPTI,100.0,100.0,100.0,100.0,100.0,100.0,50,45,44,41,,,,,
CYN,100.0,100.0,100.0,100.0,100.0,100.0,50,45,44,41,,,,,
EUDA,100.0,100.0,100.0,100.0,100.0,100.0,50,45,44,41,,,,,
NXPL,100.0,100.0,100.0,100.0,100.0,100.0,50,45,44,41,,,,,
COLM,100.0,100.0,100.0,100.0,100.0,100.0,50,45,44,41,,,,,
AMST,100.0,100.0,100.0,100.0,100.0,100.0,50,45,44,41,,,,,
WILC,100.0,100.0,100.0,100.0,100.0,100.0,50,45,44,41,,,,,
UI,100.0,100.0,100.0,100.0,100.0,100.0,50,45,44,41,,,,,
SLND,100.0,100.0,100.0,100.0,100.0,100.0,50,45,44,41,,,,,
QNRX,100.0,100.0,100.0,100.0,100.0,100.0,50,45,44,41,,,,,
USAS,100.0,100.0,100.0,100.0,100.0,100.0,50,45,44,41,,,,,
XBP,100.0,100.0,100.0,100.0,100.0,100.0,50,45,44,41,,,,,
RDHL,100.0,100.0,100.0,100.0,100.0,100.0,50,45,44,41,,,,,
MTRX,100.0,100.0,100.0,100.0,100.0,100.0,50,45,44,41,,,,,
CPS,100.0,100.0,100.0,100.0,100.0,100.0,50,45,44,41,,,,,
ACLX,100.0,100.0,100.0,100.0,100.0,100.0,50,45,44,41,,,,,
TKR,100.0,100.0,100.0,100.0,100.0,100.0,50,45,44,41,,,,,
ALXO,100.0,100.0,100.0,100.0,100.0,100.0,50,45,44,41,,,,,
BMO,100.0,100.0,100.0,100.0,100.0,100.0,50,45,44,41,,,,,
T,100.0,100.0,100.0,100.0,100.0,100.0,50,45,44,41,,,,,
CRWS,100.0,100.0,100.0,100.0,100.0,100.0,50,45,44,41,,,,,
PRPL,100.0,100.0,100.0,100.0,100.0,100.0,50,45,44,41,,,,,
DFLI,100.0,100.0,100.0,100.0,100.0,100.0,50,45,44,41,,,,,
WF,100.0,100.0,100.0,100.0,100.0,100.0,50,45,44,41,,,,,
AGH,100.0,100.0,100.0,100.0,100.0,100.0,50,45,44,41,,,,,
IBG,100.0,100.0,100.0,100.0,100.0,100.0,50,45,44,41,,,,,
IIIV,100.0,100.0,100.0,100.0,100.0,100.0,50,45,44,41,,,,,
VYX,100.0,100.0,100.0,100.0,100.0,100.0,50,45,44,41,,,,,
CULP,100.0,100.0,100.0,100.0,100.0,100.0,50,45,44,41,,,,,
URBN,100.0,100.0,100.0,100.0,100.0,100.0,50,45,44,41,,,,,
TKO,100.0,100.0,100.0,100.0,100.0,100.0,50,45,44,41,,,,,
INGM,100.0,100.0,100.0,100.0,100.0,100.0,50,45,44,41,,,,,
PEW,100.0,100.0,100.0,100.0,100.0,100.0,50,45,44,41,,,,,
IRD,100.0,100.0,100.0,100.0,100.0,100.0,50,45,44,41,,,,,
ACCS,100.0,100.0,100.0,100.0,100.0,100.0,50,45,44,41,,,,,
BTOC,100.0,100.0,100.0,100.0,100.0,100.0,50,45,44,41,,,,,
BBY,100.0,100.0,100.0,100.0,100.0,100.0,50,45,44,41,,,,,
ELVN,100.0,100.0,100.0,100.0,100.0,100.0,50,45,44,41,,,,,
COCP,100.0,100.0,100.0,100.0,100.0,100.0,50,45,44,41,,,,,
PHVS,100.0,100.0,100.0,100.0,100.0,100.0,50,45,44,41,,,,,
BANR,100.0,100.0,100.0,100.0,100.0,100.0,50,45,44,41,,,,,
UBS,100.0,100.0,100.0,100.0,100.0,100.0,50,45,44,41,,,,,
CM,100.0,100.0,100.0,100.0,100.0,100.0,50,45,44,41,,,,,
EDU,100.0,100.0,100.0,100.0,100.0,100.0,50,45,44,41,,,,,
XRAY,100.0,100.0,100.0,100.0,100.0,100.0,50,45,44,41,,,,,
LITE,100.0,100.0,100.0,100.0,100.0,100.0,50,45,44,41,,,,,
LWLG,100.0,100.0,100.0,100.0,100.0,100.0,50,45,44,41,,,,,
EFXT,100.0,100.0,100.0,100.0,100.0,100.0,50,45,44,41,,,,,
RDAC,100.0,100.0,100.0,100.0,100.0,100.0,50,45,44,41,,,,,
BIVI,100.0,100.0,100.0,100.0,100.0,100.0,50,45,44,41,,,,,
HTCO,100.0,100.0,100.0,100.0,100.0,100.0,50,45,44,41,,,,,
ADCT,100.0,100.0,100.0,100.0,100.0,100.0,50,45,44,41,,,,,
VET,100.0,100.0,100.0,100.0,100.0,100.0,50,45,44,41,,,,,
FOLD,100.0,100.0,100.0,100.0,100.0,100.0,50,45,44,41,,,,,
WSFS,100.0,100.0,100.0,100.0,100.0,100.0,50,45,44,41,,,,,
NVVE,100.0,100.0,100.0,100.0,100.0,100.0,50,45,44,41,,,,,
INM,100.0,100.0,100.0,100.0,100.0,100.0,50,45,44,41,,,,,
ARGX,100.0,100.0,100.0,100.0,100.0,100.0,50,45,44,41,,,,,
TLX,100.0,100.0,100.0,100.0,100.0,100.0,50,45,44,41,,,,,
RDZN,100.0,100.0,100.0,100.0,100.0,100.0,50,45,44,41,,,,,
WPM,100.0,100.0,100.0,100.0,100.0,100.0,50,45,44,41,,,,,
INBS,100.0,100.0,100.0,100.0,100.0,100.0,50,45,44,41,,,,,
CAPS,100.0,100.0,100.0,100.0,100.0,100.0,50,45,44,41,,,,,
UTMD,100.0,100.0,100.0,100.0,100.0,100.0,50,45,44,41,,,,,
UAA,100.0,100.0,100.0,100.0,100.0,100.0,50,45,44,41,,,,,
FLR,100.0,100.0,100.0,100.0,100.0,100.0,50,45,44,41,,,,,
DD,100.0,100.0,100.0,100.0,100.0,100.0,50,45,44,41,,,,,
BTDR,100.0,100.0,100.0,100.0,100.0,100.0,50,45,44,41,,,,,
STG,100.0,100.0,100.0,100.0,100.0,100.0,50,45,44,41,,,,,
PATK,100.0,100.0,100.0,100.0,100.0,100.0,50,45,44,41,,,,,
FIEE,100.0,100.0,100.0,100.0,100.0,100.0,50,45,44,41,,,,,
AGEN,100.0,100.0,100.0,100.0,100.0,100.0,50,45,44,41,,,,,
CPF,100.0,100.0,100.0,100.0,100.0,100.0,50,45,44,41,,,,,
SENEB,100.0,100.0,100.0,100.0,100.0,100.0,50,45,44,41,,,,,
TOPS,100.0,100.0,100.0,100.0,100.0,100.0,50,45,44,41,,,,,
HNI,100.0,100.0,100.0,100.0,100.0,100.0,50,45,44,41,,,,,
VST,100.0,100.0,100.0,100.0,100.0,100.0,50,45,44,41,,,,,
SSL,100.0,100.0,100.0,100.0,100.0,100.0,50,45,44,41,,,,,
AZO,100.0,100.0,100.0,100.0,100.0,100.0,50,45,44,41,,,,,
TROO,100.0,100.0,100.0,100.0,100.0,100.0,50,45,44,41,,,,,
RGR,100.0,100.0,100.0,100.0,100.0,100.0,50,45,44,41,,,,,
AUNA,100.0,100.0,100.0,100.0,100.0,100.0,50,45,44,41,,,,,
PRU,100.0,100.0,100.0,100.0,100.0,100.0,50,45,44,41,,,,,
YPF,100.0,100.0,100.0,100.0,100.0,100.0,50,45,44,41,,,,,
BLDP,100.0,100.0,100.0,100.0,100.0,100.0,50,45,44,41,,,,,
COMP,100.0,100.0,100.0,100.0,100.0,100.0,50,45,44,41,,,,,
BGLC,100.0,100.0,100.0,100.0,100.0,100.0,50,45,44,41,,,,,
GLXY,100.0,100.0,100.0,100.0,100.0,100.0,50,45,44,41,26.88,0.64,22.34,22.36,1.22
BCTX,100.0,100.0,100.0,100.0,100.0,100.0,50,45,44,41,,,,,
CEPT,100.0,100.0,100.0,100.0,100.0,100.0,50,45,44,41,,,,,
JXN,100.0,100.0,100.0,100.0,100.0,100.0,50,45,44,41,,,,,
APLS,100.0,100.0,100.0,100.0,100.0,100.0,50,45,44,41,,,,,
CAL,100.0,100.0,100.0,100.0,100.0,100.0,50,45,44,41,,,,,
SAGE,100.0,100.0,100.0,100.0,100.0,100.0,50,45,44,41,,,,,
CALC,100.0,100.0,100.0,100.0,100.0,100.0,50,45,44,41,,,,,
IIPR,100.0,100.0,100.0,100.0,100.0,100.0,50,45,44,41,,,,,
ZIONP,100.0,100.0,100.0,100.0,100.0,100.0,50,45,44,41,,,,,
F,100.0,100.0,100.0,100.0,100.0,100.0,50,45,44,41,,,,,
BFH,100.0,100.0,100.0,100.0,100.0,100.0,50,45,44,41,,,,,
SEMR,100.0,100.0,100.0,100.0,100.0,100.0,50,45,44,41,,,,,
ASLE,100.0,100.0,100.0,100.0,100.0,100.0,50,45,44,41,,,,,
BMGL,100.0,100.0,100.0,100.0,100.0,100.0,50,45,44,41,,,,,
MRK,100.0,100.0,100.0,100.0,100.0,100.0,50,45,44,41,,,,,
SSYS,100.0,100.0,100.0,100.0,100.0,100.0,50,45,44,41,,,,,
W,100.0,100.0,100.0,100.0,100.0,100.0,50,45,44,41,,,,,
SIRI,100.0,100.0,100.0,100.0,100.0,100.0,50,45,44,41,,,,,
UIS,100.0,100.0,100.0,100.0,100.0,100.0,50,45,44,41,,,,,
LPBBU,100.0,100.0,100.0,100.0,100.0,100.0,50,45,44,41,,,,,
TSE,100.0,100.0,100.0,100.0,100.0,100.0,50,45,44,41,,,,,
LFT,100.0,100.0,100.0,100.0,100.0,100.0,50,45,44,41,,,,,
CLRB,100.0,100.0,100.0,100.0,100.0,100.0,50,45,44,41,,,,,
EGAN,100.0,100.0,100.0,100.0,100.0,100.0,50,45,44,41,,,,,
CPSS,100.0,100.0,100.0,100.0,100.0,100.0,50,45,44,41,,,,,
SCVL,100.0,100.0,100.0,100.0,100.0,100.0,50,45,44,41,,,,,
SFHG,100.0,100.0,100.0,100.0,100.0,100.0,50,45,44,41,,,,,
GKOS,100.0,100.0,100.0,100.0,100.0,100.0,50,45,44,41,,,,,
PNFPP,100.0,100.0,100.0,100.0,100.0,100.0,50,45,44,41,,,,,
PLMR,100.0,100.0,100.0,100.0,100.0,100.0,50,45,44,41,,,,,
OOMA,100.0,100.0,100.0,100.0,100.0,100.0,50,45,44,41,,,,,
CNNE,100.0,100.0,100.0,100.0,100.0,100.0,50,45,44,41,,,,,
RBRK,100.0,100.0,100.0,100.0,100.0,100.0,50,45,44,41,,,,,
EGHT,100.0,100.0,100.0,100.0,100.0,100.0,50,45,44,41,,,,,
LCII,100.0,100.0,100.0,100.0,100.0,100.0,50,45,44,41,,,,,
LUD,100.0,100.0,100.0,100.0,100.0,100.0,50,45,44,41,,,,,
LFST,100.0,100.0,100.0,100.0,100.0,100.0,50,45,44,41,,,,,
VRE,100.0,100.0,100.0,100.0,100.0,100.0,50,45,44,41,,,,,
RAPT,100.0,100.0,100.0,100.0,100.0,100.0,50,45,44,41,,,,,
VGZ,100.0,100.0,100.0,100.0,100.0,100.0,50,45,44,41,,,,,
MKSI,100.0,100.0,100.0,100.0,100.0,100.0,50,45,44,41,,,,,
UFG,100.0,100.0,100.0,100.0,100.0,100.0,50,45,44,41,,,,,
ONMD,100.0,100.0,100.0,100.0,100.0,100.0,50,45,44,41,,,,,
ONFO,100.0,100.0,100.0,100.0,100.0,100.0,50,45,44,41,,,,,
AL,100.0,100.0,100.0,100.0,100.0,100.0,50,45,44,41,,,,,
DINO,100.0,100.0,100.0,100.0,100.0,100.0,50,45,44,41,,,,,
DTSS,100.0,100.0,100.0,100.0,100.0,100.0,50,45,44,41,,,,,
IKT,100.0,100.0,100.0,100.0,100.0,100.0,50,45,44,41,,,,,
HIMS,100.0,100.0,100.0,100.0,100.0,100.0,50,45,44,41,,,,,
ANTA,100.0,100.0,100.0,100.0,100.0,100.0,50,45,44,41,11.67,0.15,11.87,12.01,0.85
GLW,100.0,100.0,100.0,100.0,100.0,100.0,50,45,44,41,,,,,
GROY,100.0,100.0,100.0,100.0,100.0,100.0,50,45,44,41,,,,,
TLSI,100.0,100.0,100.0,100.0,100.0,100.0,50,45,44,41,,,,,
MEGL,100.0,100.0,100.0,100.0,100.0,100.0,50,45,44,41,,,,,
RMCF,100.0,100.0,100.0,100.0,100.0,100.0,50,45,44,41,,,,,
MU,100.0,100.0,100.0,100.0,100.0,100.0,50,45,44,41,,,,,
ALRM,100.0,100.0,100.0,100.0,100.0,100.0,50,45,44,41,,,,,
HL,100.0,100.0,100.0,100.0,100.0,100.0,50,45,44,41,,,,,
PCYO,100.0,100.0,100.0,100.0,100.0,100.0,50,45,44,41,,,,,
PRPH,100.0,100.0,100.0,100.0,100.0,100.0,50,45,44,41,,,,,
MYO,100.0,100.0,100.0,100.0,100.0,100.0,50,45,44,41,,,,,
NHTC,100.0,100.0,100.0,100.0,100.0,100.0,50,45,44,41,,,,,
LPX,100.0,100.0,100.0,100.0,100.0,100.0,50,45,44,41,,,,,
VSME,100.0,100.0,100.0,100.0,100.0,100.0,50,45,44,41,,,,,
HST,100.0,100.0,100.0,100.0,100.0,100.0,50,45,44,41,,,,,
SNCY,100.0,100.0,100.0,100.0,100.0,100.0,50,45,44,41,,,,,
APADU,100.0,100.0,100.0,100.0,100.0,100.0,50,45,44,41,10.02,1.0,10.01,10.01,0.07
PRPO,100.0,100.0,100.0,100.0,100.0,100.0,50,45,44,41,,,,,
PRTG,100.0,100.0,100.0,100.0,100.0,100.0,50,45,44,41,,,,,
DRTS,100.0,100.0,100.0,100.0,100.0,100.0,50,45,44,41,,,,,
GCMG,100.0,100.0,100.0,100.0,100.0,100.0,50,45,44,41,,,,,
CHEK,100.0,100.0,100.0,100.0,100.0,100.0,50,45,44,41,,,,,
NEON,100.0,100.0,100.0,100.0,100.0,100.0,50,45,44,41,,,,,
PMCB,100.0,100.0,100.0,100.0,100.0,100.0,50,45,44,41,,,,,
AM,100.0,100.0,100.0,100.0,100.0,100.0,50,45,44,41,,,,,
SWIM,100.0,100.0,100.0,100.0,100.0,100.0,50,45,44,41,,,,,
LUCK,100.0,100.0,100.0,100.0,100.0,100.0,50,45,44,41,,,,,
CWST,100.0,100.0,100.0,100.0,100.0,100.0,50,45,44,41,,,,,
APLT,100.0,100.0,100.0,100.0,100.0,100.0,50,45,44,41,,,,,
NTZ,100.0,100.0,100.0,100.0,100.0,100.0,50,45,44,41,,,,,
ATMU,100.0,100.0,100.0,100.0,100.0,100.0,50,45,44,41,,,,,
DHAI,100.0,100.0,100.0,100.0,100.0,100.0,50,45,44,41,,,,,
GFF,100.0,100.0,100.0,100.0,100.0,100.0,50,45,44,41,,,,,
HSTM,100.0,100.0,100.0,100.0,100.0,100.0,50,45,44,41,,,,,
JXG,100.0,100.0,100.0,100.0,100.0,100.0,50,45,44,41,,,,,
LRCX,100.0,100.0,100.0,100.0,100.0,100.0,50,45,44,41,,,,,
PLOW,100.0,100.0,100.0,100.0,100.0,100.0,50,45,44,41,,,,,
WFG,100.0,100.0,100.0,100.0,100.0,100.0,50,45,44,41,,,,,
CRMT,100.0,100.0,100.0,100.0,100.0,100.0,50,45,44,41,,,,,
TTEK,100.0,100.0,100.0,100.0,100.0,100.0,50,45,44,41,,,,,
CCIR,100.0,100.0,100.0,100.0,100.0,100.0,50,45,44,41,,,,,
AFBI,100.0,100.0,100.0,100.0,100.0,100.0,50,45,44,41,,,,,
STRA,100.0,100.0,100.0,100.0,100.0,100.0,50,45,44,41,,,,,
NC,100.0,100.0,100.0,100.0,100.0,100.0,50,45,44,41,,,,,
ZUMZ,100.0,100.0,100.0,100.0,100.0,100.0,50,45,44,41,,,,,
GIG,100.0,100.0,100.0,100.0,100.0,100.0,50,45,44,41,,,,,
VRA,100.0,100.0,100.0,100.0,100.0,100.0,50,45,44,41,,,,,
WFCF,100.0,100.0,100.0,100.0,100.0,100.0,50,45,44,41,,,,,
OLN,100.0,100.0,100.0,100.0,100.0,100.0,50,45,44,41,,,,,
PRG,100.0,100.0,100.0,100.0,100.0,100.0,50,45,44,41,,,,,
INDV,100.0,100.0,100.0,100.0,100.0,100.0,50,45,44,41,,,,,
CDE,100.0,100.0,100.0,100.0,100.0,100.0,50,45,44,41,,,,,
RNW,100.0,100.0,100.0,100.0,100.0,100.0,50,45,44,41,,,,,
PYXS,100.0,100.0,100.0,100.0,100.0,100.0,50,45,44,41,,,,,
MEOH,100.0,100.0,100.0,100.0,100.0,100.0,50,45,44,41,,,,,
CBNK,100.0,100.0,100.0,100.0,100.0,100.0,50,45,44,41,,,,,
CPB,100.0,100.0,100.0,100.0,100.0,100.0,50,45,44,41,,,,,
BYRN,100.0,100.0,100.0,100.0,100.0,100.0,50,45,44,41,,,,,
IDXX,100.0,100.0,100.0,100.0,100.0,100.0,50,45,44,41,,,,,
UNM,100.0,100.0,100.0,100.0,100.0,100.0,50,45,44,41,,,,,
HCWB,100.0,100.0,100.0,100.0,100.0,100.0,50,45,44,41,,,,,
BROS,100.0,100.0,100.0,100.0,100.0,100.0,50,45,44,41,,,,,
LSTR,100.0,100.0,100.0,100.0,100.0,100.0,50,45,44,41,,,,,
BEDU,100.0,100.0,100.0,100.0,100.0,100.0,50,45,44,41,,,,,
ENLT,100.0,100.0,100.0,100.0,100.0,100.0,50,45,44,41,,,,,
ADUS,100.0,100.0,100.0,100.0,100.0,100.0,50,45,44,41,,,,,
MLKN,100.0,100.0,100.0,100.0,100.0,100.0,50,45,44,41,,,,,
CSAN,100.0,100.0,100.0,100.0,100.0,100.0,50,45,44,41,,,,,
INOD,100.0,100.0,100.0,100.0,100.0,100.0,50,45,44,41,,,,,
NSIT,100.0,100.0,100.0,100.0,100.0,100.0,50,45,44,41,,,,,
MAYAU,100.0,100.0,100.0,100.0,100.0,100.0,50,45,44,41,,,,,
NINE,100.0,100.0,100.0,100.0,100.0,100.0,50,45,44,41,,,,,
YORKU,100.0,100.0,100.0,100.0,100.0,100.0,50,45,44,41,,,,,
ERJ,100.0,100.0,100.0,100.0,100.0,100.0,50,45,44,41,,,,,
BQ,100.0,100.0,100.0,100.0,100.0,100.0,50,45,44,41,,,,,
WTBA,100.0,100.0,100.0,100.0,100.0,100.0,50,45,44,41,,,,,
HRMY,100.0,100.0,100.0,100.0,100.0,100.0,50,45,44,41,,,,,
VTEX,100.0,100.0,100.0,100.0,100.0,100.0,50,45,44,41,,,,,
ABVX,100.0,100.0,100.0,100.0,100.0,100.0,50,45,44,41,,,,,
WSBCP,100.0,100.0,100.0,100.0,100.0,100.0,50,45,44,41,,,,,
MLCO,100.0,100.0,100.0,100.0,100.0,100.0,50,45,44,41,,,,,
RRBI,100.0,100.0,100.0,100.0,100.0,100.0,50,45,44,41,,,,,
EHTH,100.0,100.0,100.0,100.0,100.0,100.0,50,45,44,41,,,,,
CLLS,100.0,100.0,100.0,100.0,100.0,100.0,50,45,44,41,,,,,
CHEB,100.0,100.0,100.0,100.0,100.0,100.0,50,45,44,41,,,,,
NTGR,100.0,100.0,100.0,100.0,100.0,100.0,50,45,44,41,,,,,
FSLR,100.0,100.0,100.0,100.0,100.0,100.0,50,45,44,41,,,,,
MNTN,100.0,100.0,100.0,100.0,100.0,100.0,50,45,44,41,,,,,
SYM,100.0,100.0,100.0,100.0,100.0,100.0,50,45,44,41,,,,,
AIT,100.0,100.0,100.0,100.0,100.0,100.0,50,45,44,41,,,,,
SGRY,100.0,100.0,100.0,100.0,100.0,100.0,50,45,44,41,,,,,
DBRG,100.0,100.0,100.0,100.0,100.0,100.0,50,45,44,41,,,,,
FUNC,100.0,100.0,100.0,100.0,100.0,100.0,50,45,44,41,,,,,
BCPC,100.0,100.0,100.0,100.0,100.0,100.0,50,45,44,41,,,,,
PECO,100.0,100.0,100.0,100.0,100.0,100.0,50,45,44,41,,,,,
OKYO,100.0,100.0,100.0,100.0,100.0,100.0,50,45,44,41,,,,,
LOPE,100.0,100.0,100.0,100.0,100.0,100.0,50,45,44,41,,,,,
INSG,100.0,100.0,100.0,100.0,100.0,100.0,50,45,44,41,,,,,
DEVS,100.0,100.0,100.0,100.0,100.0,100.0,50,45,44,41,,,,,
RGNX,100.0,100.0,100.0,100.0,100.0,100.0,50,45,44,41,,,,,
LYRA,100.0,100.0,100.0,100.0,100.0,100.0,50,45,44,41,,,,,
LLY,100.0,100.0,100.0,100.0,100.0,100.0,50,45,44,41,,,,,
AN,100.0,100.0,100.0,100.0,100.0,100.0,50,45,44,41,,,,,
WFC,100.0,100.0,100.0,100.0,100.0,100.0,50,45,44,41,,,,,
IBEX,100.0,100.0,100.0,100.0,100.0,100.0,50,45,44,41,,,,,
SZZL,100.0,100.0,100.0,100.0,100.0,100.0,50,45,44,41,,,,,
MVBF,100.0,100.0,100.0,100.0,100.0,100.0,50,45,44,41,,,,,
BHC,100.0,100.0,100.0,100.0,100.0,100.0,50,45,44,41,,,,,
IDN,100.0,100.0,100.0,100.0,100.0,100.0,50,45,44,41,,,,,
ONBPO,100.0,100.0,100.0,100.0,100.0,100.0,50,45,44,41,,,,,
SNRE,100.0,100.0,100.0,100.0,100.0,100.0,50,45,44,41,,,,,
NFLX,100.0,100.0,100.0,100.0,100.0,100.0,50,45,44,41,,,,,
SPRY,100.0,100.0,100.0,100.0,100.0,100.0,50,45,44,41,,,,,
OVBC,100.0,100.0,100.0,100.0,100.0,100.0,50,45,44,41,,,,,
MAX,100.0,100.0,100.0,100.0,100.0,100.0,50,45,44,41,,,,,
ZETA,100.0,100.0,100.0,100.0,100.0,100.0,50,45,44,41,,,,,
SLSN,100.0,100.0,100.0,100.0,100.0,100.0,50,45,44,41,,,,,
WTM,100.0,100.0,100.0,100.0,100.0,100.0,50,45,44,41,,,,,
TTSH,100.0,100.0,100.0,100.0,100.0,100.0,50,45,44,41,,,,,
PGY,100.0,100.0,100.0,100.0,100.0,100.0,50,45,44,41,,,,,
IH,100.0,100.0,100.0,100.0,100.0,100.0,50,45,44,41,,,,,
CDNS,100.0,100.0,100.0,100.0,100.0,100.0,50,45,44,41,,,,,
JBS,100.0,100.0,100.0,100.0,100.0,100.0,50,45,44,41,13.73,0.42,13.68,13.68,0.63
ERNA,100.0,100.0,100.0,100.0,100.0,100.0,50,45,44,41,,,,,
NETD,100.0,100.0,100.0,100.0,100.0,100.0,50,45,44,41,,,,,
NEXT,100.0,100.0,100.0,100.0,100.0,100.0,50,45,44,41,,,,,
HIG,100.0,100.0,100.0,100.0,100.0,100.0,50,45,44,41,,,,,
AGYS,100.0,100.0,100.0,100.0,100.0,100.0,50,45,44,41,,,,,
WPC,100.0,100.0,100.0,100.0,100.0,100.0,50,45,44,41,,,,,
ICCM,100.0,100.0,100.0,100.0,100.0,100.0,50,45,44,41,,,,,
MAAS,100.0,100.0,100.0,100.0,100.0,100.0,50,45,44,41,,,,,
LAMR,100.0,100.0,100.0,100.0,100.0,100.0,50,45,44,41,,,,,
JYD,100.0,100.0,100.0,100.0,100.0,100.0,50,45,44,41,,,,,
YSXT,100.0,100.0,100.0,100.0,100.0,100.0,50,45,44,41,,,,,
KEYS,100.0,100.0,100.0,100.0,100.0,100.0,50,45,44,41,,,,,
HITI,100.0,100.0,100.0,100.0,100.0,100.0,50,45,44,41,,,,,
PGC,100.0,100.0,100.0,100.0,100.0,100.0,50,45,44,41,,,,,
MOBX,100.0,100.0,100.0,100.0,100.0,100.0,50,45,44,41,,,,,
CHKP,100.0,100.0,100.0,100.0,100.0,100.0,50,45,44,41,,,,,
OFIX,100.0,100.0,100.0,100.0,100.0,100.0,50,45,44,41,,,,,
COF,100.0,100.0,100.0,100.0,100.0,100.0,50,45,44,41,,,,,
PHAT,100.0,100.0,100.0,100.0,100.0,100.0,50,45,44,41,,,,,
THCH,100.0,100.0,100.0,100.0,100.0,100.0,50,45,44,41,,,,,
BAC,100.0,100.0,100.0,100.0,100.0,100.0,50,45,44,41,,,,,
HOG,100.0,100.0,100.0,100.0,100.0,100.0,50,45,44,41,,,,,
BJ,100.0,100.0,100.0,100.0,100.0,100.0,50,45,44,41,,,,,
KARO,100.0,100.0,100.0,100.0,100.0,100.0,50,45,44,41,,,,,
TORO,100.0,100.0,100.0,100.0,100.0,100.0,50,45,44,41,,,,,
INN,100.0,100.0,100.0,100.0,100.0,100.0,50,45,44,41,,,,,
HTOO,100.0,100.0,100.0,100.0,100.0,100.0,50,45,44,41,,,,,
NAGE,100.0,100.0,100.0,100.0,100.0,100.0,50,45,44,41,,,,,
SHEL,100.0,100.0,100.0,100.0,100.0,100.0,50,45,44,41,,,,,
MDXG,100.0,100.0,100.0,100.0,100.0,100.0,50,45,44,41,,,,,
KINS,100.0,100.0,100.0,100.0,100.0,100.0,50,45,44,41,,,,,
OKLO,100.0,100.0,100.0,100.0,100.0,100.0,50,45,44,41,,,,,
LZB,100.0,100.0,100.0,100.0,100.0,100.0,50,45,44,41,,,,,
GRAB,100.0,100.0,100.0,100.0,100.0,100.0,50,45,44,41,,,,,
PRTS,100.0,100.0,100.0,100.0,100.0,100.0,50,45,44,41,,,,,
PAX,100.0,100.0,100.0,100.0,100.0,100.0,50,45,44,41,,,,,
FBLG,100.0,100.0,100.0,100.0,100.0,100.0,50,45,44,41,,,,,
EVRG,100.0,100.0,100.0,100.0,100.0,100.0,50,45,44,41,,,,,
THFF,100.0,100.0,100.0,100.0,100.0,100.0,50,45,44,41,,,,,
SGML,100.0,100.0,100.0,100.0,100.0,100.0,50,45,44,41,,,,,
MX,100.0,100.0,100.0,100.0,100.0,100.0,50,45,44,41,,,,,
GLBE,100.0,100.0,100.0,100.0,100.0,100.0,50,45,44,41,,,,,
NGVT,100.0,100.0,100.0,100.0,100.0,100.0,50,45,44,41,,,,,
ALGT,100.0,100.0,100.0,100.0,100.0,100.0,50,45,44,41,,,,,
DXST,100.0,100.0,100.0,100.0,100.0,100.0,50,45,44,41,,,,,
XPEL,100.0,100.0,100.0,100.0,100.0,100.0,50,45,44,41,,,,,
JAZZ,100.0,100.0,100.0,100.0,100.0,100.0,50,45,44,41,,,,,
WBUY,100.0,100.0,100.0,100.0,100.0,100.0,50,45,44,41,,,,,
GTN,100.0,100.0,100.0,100.0,100.0,100.0,50,45,44,41,,,,,
BLIN,100.0,100.0,100.0,100.0,100.0,100.0,50,45,44,41,,,,,
OLLI,100.0,100.0,100.0,100.0,100.0,100.0,50,45,44,41,,,,,
KAPA,100.0,100.0,100.0,100.0,100.0,100.0,50,45,44,41,,,,,
DOW,100.0,100.0,100.0,100.0,100.0,100.0,50,45,44,41,,,,,
MFG,100.0,100.0,100.0,100.0,100.0,100.0,50,45,44,41,,,,,
CREX,100.0,100.0,100.0,100.0,100.0,100.0,50,45,44,41,,,,,
AIZ,100.0,100.0,100.0,100.0,100.0,100.0,50,45,44,41,,,,,
RYAN,100.0,100.0,100.0,100.0,100.0,100.0,50,45,44,41,,,,,
XOMA,100.0,100.0,100.0,100.0,100.0,100.0,50,45,44,41,,,,,
CMA,100.0,100.0,100.0,100.0,100.0,100.0,50,45,44,41,,,,,
FORTY,100.0,100.0,100.0,100.0,100.0,100.0,50,45,44,41,,,,,
AVXL,100.0,100.0,100.0,100.0,100.0,100.0,50,45,44,41,,,,,
PCAPU,100.0,100.0,100.0,100.0,100.0,100.0,50,45,44,41,,,,,
IDAI,100.0,100.0,100.0,100.0,100.0,100.0,50,45,44,41,,,,,
SWVL,100.0,100.0,100.0,100.0,100.0,100.0,50,45,44,41,,,,,
STNG,100.0,100.0,100.0,100.0,100.0,100.0,50,45,44,41,,,,,
PDCC,100.0,100.0,100.0,100.0,100.0,100.0,50,45,44,41,,,,,
LIMN,100.0,100.0,100.0,100.0,100.0,100.0,50,45,44,41,5.93,0.06,10.43,9.65,0.25
QLGN,100.0,100.0,100.0,100.0,100.0,100.0,50,45,44,41,,,,,
ODD,100.0,100.0,100.0,100.0,100.0,100.0,50,45,44,41,,,,,
IROHU,100.0,100.0,100.0,100.0,100.0,100.0,50,45,44,41,,,,,
GDS,100.0,100.0,100.0,100.0,100.0,100.0,50,45,44,41,,,,,
CDRE,100.0,100.0,100.0,100.0,100.0,100.0,50,45,44,41,,,,,
ATI,100.0,100.0,100.0,100.0,100.0,100.0,50,45,44,41,,,,,
NHC,100.0,100.0,100.0,100.0,100.0,100.0,50,45,44,41,,,,,
NAMM,100.0,100.0,100.0,100.0,100.0,100.0,50,45,44,41,4.26,0.01,10.77,10.77,22.45
CRUS,100.0,100.0,100.0,100.0,100.0,100.0,50,45,44,41,,,,,
KYTX,100.0,100.0,100.0,100.0,100.0,100.0,50,45,44,41,,,,,
ANSCU,100.0,100.0,100.0,100.0,100.0,100.0,50,45,44,41,,,,,
GNLX,100.0,100.0,100.0,100.0,100.0,100.0,50,45,44,41,,,,,
IFBD,100.0,100.0,100.0,100.0,100.0,100.0,50,45,44,41,,,,,
TECH,100.0,100.0,100.0,100.0,100.0,100.0,50,45,44,41,,,,,
QURE,100.0,100.0,100.0,100.0,100.0,100.0,50,45,44,41,,,,,
TRDA,100.0,100.0,100.0,100.0,100.0,100.0,50,45,44,41,,,,,
MRNA,100.0,100.0,100.0,100.0,100.0,100.0,50,45,44,41,,,,,
PINE,100.0,100.0,100.0,100.0,100.0,100.0,50,45,44,41,,,,,
NHICU,100.0,100.0,100.0,100.0,100.0,100.0,50,45,44,41,,,,,
IFS,100.0,100.0,100.0,100.0,100.0,100.0,50,45,44,41,,,,,
NRDS,100.0,100.0,100.0,100.0,100.0,100.0,50,45,44,41,,,,,
PACB,100.0,100.0,100.0,100.0,100.0,100.0,50,45,44,41,,,,,
FNKO,100.0,100.0,100.0,100.0,100.0,100.0,50,45,44,41,,,,,
MAC,100.0,100.0,100.0,100.0,100.0,100.0,50,45,44,41,,,,,
OESX,100.0,100.0,100.0,100.0,100.0,100.0,50,45,44,41,,,,,
IPWR,100.0,100.0,100.0,100.0,100.0,100.0,50,45,44,41,,,,,
WBTN,100.0,100.0,100.0,100.0,100.0,100.0,50,45,44,41,,,,,
CLYM,100.0,100.0,100.0,100.0,100.0,100.0,50,45,44,41,,,,,
GHG,100.0,100.0,100.0,100.0,100.0,100.0,50,45,44,41,,,,,
ULBI,100.0,100.0,100.0,100.0,100.0,100.0,50,45,44,41,,,,,
RECT,100.0,100.0,100.0,100.0,100.0,100.0,50,45,44,41,,,,,
AVPT,100.0,100.0,100.0,100.0,100.0,100.0,50,45,44,41,,,,,
AWRE,100.0,100.0,100.0,100.0,100.0,100.0,50,45,44,41,,,,,
NB,100.0,100.0,100.0,100.0,100.0,100.0,50,45,44,41,,,,,
QRVO,100.0,100.0,100.0,100.0,100.0,100.0,50,45,44,41,,,,,
WENNU,100.0,100.0,100.0,100.0,100.0,100.0,50,45,44,41,,,,,
ODV,100.0,100.0,100.0,100.0,100.0,100.0,50,45,44,41,,,,,
HDB,100.0,100.0,100.0,100.0,100.0,100.0,50,45,44,41,,,,,
TEM,100.0,100.0,100.0,100.0,100.0,100.0,50,45,44,41,,,,,
ICG,100.0,100.0,100.0,100.0,100.0,100.0,50,45,44,41,,,,,
BBSI,100.0,100.0,100.0,100.0,100.0,100.0,50,45,44,41,,,,,
DCBO,100.0,100.0,100.0,100.0,100.0,100.0,50,45,44,41,,,,,
MGNX,100.0,100.0,100.0,100.0,100.0,100.0,50,45,44,41,,,,,
WMG,100.0,100.0,100.0,100.0,100.0,100.0,50,45,44,41,,,,,
LBTYB,100.0,100.0,100.0,100.0,100.0,100.0,50,45,44,41,,,,,
MBX,100.0,100.0,100.0,100.0,100.0,100.0,50,45,44,41,,,,,
TNFA,100.0,100.0,100.0,100.0,100.0,100.0,50,45,44,41,,,,,
DFH,100.0,100.0,100.0,100.0,100.0,100.0,50,45,44,41,,,,,
IMDX,100.0,100.0,100.0,100.0,100.0,100.0,50,45,44,41,,,,,
ODC,100.0,100.0,100.0,100.0,100.0,100.0,50,45,44,41,,,,,
LSF,100.0,100.0,100.0,100.0,100.0,100.0,50,45,44,41,,,,,
BNED,100.0,100.0,100.0,100.0,100.0,100.0,50,45,44,41,,,,,
GME,100.0,100.0,100.0,100.0,100.0,100.0,50,45,44,41,,,,,
GTES,100.0,100.0,100.0,100.0,100.0,100.0,50,45,44,41,,,,,
BDN,100.0,100.0,100.0,100.0,100.0,100.0,50,45,44,41,,,,,
TCRT,100.0,100.0,100.0,100.0,100.0,100.0,50,45,44,41,,,,,
COLAU,100.0,100.0,100.0,100.0,100.0,100.0,50,45,44,41,,,,,
SGC,100.0,100.0,100.0,100.0,100.0,100.0,50,45,44,41,,,,,
QUAD,100.0,100.0,100.0,100.0,100.0,100.0,50,45,44,41,,,,,
ADGM,100.0,100.0,100.0,100.0,100.0,100.0,50,45,44,41,,,,,
MTLS,100.0,100.0,100.0,100.0,100.0,100.0,50,45,44,41,,,,,
BREA,100.0,100.0,100.0,100.0,100.0,100.0,50,45,44,41,,,,,
ADUR,100.0,100.0,100.0,100.0,100.0,100.0,50,45,44,41,,,,,
PAGP,100.0,100.0,100.0,100.0,100.0,100.0,50,45,44,41,,,,,
NMPAU,100.0,100.0,100.0,100.0,100.0,100.0,50,45,44,41,,,,,
JL,100.0,100.0,100.0,100.0,100.0,100.0,50,45,44,41,,,,,
COSO,100.0,100.0,100.0,100.0,100.0,100.0,50,45,44,41,20.49,0.43,20.76,20.7,1.67
NCNO,100.0,100.0,100.0,100.0,100.0,100.0,50,45,44,41,,,,,
CTRE,100.0,100.0,100.0,100.0,100.0,100.0,50,45,44,41,,,,,
BDX,100.0,100.0,100.0,100.0,100.0,100.0,50,45,44,41,,,,,
BBGI,100.0,100.0,100.0,100.0,100.0,100.0,50,45,44,41,,,,,
VLO,100.0,100.0,100.0,100.0,100.0,100.0,50,45,44,41,,,,,
JJSF,100.0,100.0,100.0,100.0,100.0,100.0,50,45,44,41,,,,,
HI,100.0,100.0,100.0,100.0,100.0,100.0,50,45,44,41,,,,,
FER,100.0,100.0,100.0,100.0,100.0,100.0,50,45,44,41,,,,,
FAT,100.0,100.0,100.0,100.0,100.0,100.0,50,45,44,41,,,,,
CHAC,100.0,100.0,100.0,100.0,100.0,100.0,50,45,44,41,,,,,
IVVD,100.0,100.0,100.0,100.0,100.0,100.0,50,45,44,41,,,,,
LULU,100.0,100.0,100.0,100.0,100.0,100.0,50,45,44,41,,,,,
FOUR,100.0,100.0,100.0,100.0,100.0,100.0,50,45,44,41,,,,,
PPC,100.0,100.0,100.0,100.0,100.0,100.0,50,45,44,41,,,,,
GTIM,100.0,100.0,100.0,100.0,100.0,100.0,50,45,44,41,,,,,
HFWA,100.0,100.0,100.0,100.0,100.0,100.0,50,45,44,41,,,,,
UPC,100.0,100.0,100.0,100.0,100.0,100.0,50,45,44,41,,,,,
KNDI,100.0,100.0,100.0,100.0,100.0,100.0,50,45,44,41,,,,,
EVCM,100.0,100.0,100.0,100.0,100.0,100.0,50,45,44,41,,,,,
GMED,100.0,100.0,100.0,100.0,100.0,100.0,50,45,44,41,,,,,
JTAI,100.0,100.0,100.0,100.0,100.0,100.0,50,45,44,41,,,,,
BLZE,100.0,100.0,100.0,100.0,100.0,100.0,50,45,44,41,,,,,
ZWS,100.0,100.0,100.0,100.0,100.0,100.0,50,45,44,41,,,,,
ACHV,100.0,100.0,100.0,100.0,100.0,100.0,50,45,44,41,,,,,
UOKA,100.0,100.0,100.0,100.0,100.0,100.0,50,45,44,41,,,,,
TNGX,100.0,100.0,100.0,100.0,100.0,100.0,50,45,44,41,,,,,
TPST,100.0,100.0,100.0,100.0,100.0,100.0,50,45,44,41,,,,,
LOKVU,100.0,100.0,100.0,100.0,100.0,100.0,50,45,44,41,,,,,
THO,100.0,100.0,100.0,100.0,100.0,100.0,50,45,44,41,,,,,
HAYW,100.0,100.0,100.0,100.0,100.0,100.0,50,45,44,41,,,,,
ABT,100.0,100.0,100.0,100.0,100.0,100.0,50,45,44,41,,,,,
DRDB,100.0,100.0,100.0,100.0,100.0,100.0,50,45,44,41,,,,,
MAYS,100.0,100.0,100.0,100.0,100.0,100.0,50,45,44,41,,,,,
INTU,100.0,100.0,100.0,100.0,100.0,100.0,50,45,44,41,,,,,
NBBK,100.0,100.0,100.0,100.0,100.0,100.0,50,45,44,41,,,,,
SLNG,100.0,100.0,100.0,100.0,100.0,100.0,50,45,44,41,,,,,
VICR,100.0,100.0,100.0,100.0,100.0,100.0,50,45,44,41,,,,,
HYLN,100.0,100.0,100.0,100.0,100.0,100.0,50,45,44,41,,,,,
UMBF,100.0,100.0,100.0,100.0,100.0,100.0,50,45,44,41,,,,,
CPAY,100.0,100.0,100.0,100.0,100.0,100.0,50,45,44,41,,,,,
TKNO,100.0,100.0,100.0,100.0,100.0,100.0,50,45,44,41,,,,,
CHT,100.0,100.0,100.0,100.0,100.0,100.0,50,45,44,41,,,,,
SPCB,100.0,100.0,100.0,100.0,100.0,100.0,50,45,44,41,,,,,
QSR,100.0,100.0,100.0,100.0,100.0,100.0,50,45,44,41,,,,,
JPM,100.0,100.0,100.0,100.0,100.0,100.0,50,45,44,41,,,,,
CVKD,100.0,100.0,100.0,100.0,100.0,100.0,50,45,44,41,,,,,
KALV,100.0,100.0,100.0,100.0,100.0,100.0,50,45,44,41,,,,,
LAKE,100.0,100.0,100.0,100.0,100.0,100.0,50,45,44,41,,,,,
AOUT,100.0,100.0,100.0,100.0,100.0,100.0,50,45,44,41,,,,,
BANC,100.0,100.0,100.0,100.0,100.0,100.0,50,45,44,41,,,,,
DCGO,100.0,100.0,100.0,100.0,100.0,100.0,50,45,44,41,,,,,
ORLA,100.0,100.0,100.0,100.0,100.0,100.0,50,45,44,41,,,,,
CLOV,100.0,100.0,100.0,100.0,100.0,100.0,50,45,44,41,,,,,
NGG,100.0,100.0,100.0,100.0,100.0,100.0,50,45,44,41,,,,,
BANF,100.0,100.0,100.0,100.0,100.0,100.0,50,45,44,41,,,,,
KNW,100.0,100.0,100.0,100.0,100.0,100.0,50,45,44,41,,,,,
FCNCA,100.0,100.0,100.0,100.0,100.0,100.0,50,45,44,41,,,,,
LRN,100.0,100.0,100.0,100.0,100.0,100.0,50,45,44,41,,,,,
SOC,100.0,100.0,100.0,100.0,100.0,100.0,50,45,44,41,,,,,
CCSI,100.0,100.0,100.0,100.0,100.0,100.0,50,45,44,41,,,,,
FEBO,100.0,100.0,100.0,100.0,100.0,100.0,50,45,44,41,,,,,
ASTI,100.0,100.0,100.0,100.0,100.0,100.0,50,45,44,41,,,,,
HXL,100.0,100.0,100.0,100.0,100.0,100.0,50,45,44,41,,,,,
TZOO,100.0,100.0,100.0,100.0,100.0,100.0,50,45,44,41,,,,,
SLM,100.0,100.0,100.0,100.0,100.0,100.0,50,45,44,41,,,,,
FLYX,100.0,100.0,100.0,100.0,100.0,100.0,50,45,44,41,,,,,
PSBD,100.0,100.0,100.0,100.0,100.0,100.0,50,45,44,41,,,,,
NMM,100.0,100.0,100.0,100.0,100.0,100.0,50,45,44,41,,,,,
ELV,100.0,100.0,100.0,100.0,100.0,100.0,50,45,44,41,,,,,
NNBR,100.0,100.0,100.0,100.0,100.0,100.0,50,45,44,41,,,,,
PSIG,100.0,100.0,100.0,100.0,100.0,100.0,50,45,44,41,,,,,
TMC,100.0,100.0,100.0,100.0,100.0,100.0,50,45,44,41,,,,,
WCN,100.0,100.0,100.0,100.0,100.0,100.0,50,45,44,41,,,,,
TENB,100.0,100.0,100.0,100.0,100.0,100.0,50,45,44,41,,,,,
ALLY,100.0,100.0,100.0,100.0,100.0,100.0,50,45,44,41,,,,,
ORIS,100.0,100.0,100.0,100.0,100.0,100.0,50,45,44,41,,,,,
CLDT,100.0,100.0,100.0,100.0,100.0,100.0,50,45,44,41,,,,,
UAN,100.0,100.0,100.0,100.0,100.0,100.0,50,45,44,41,,,,,
GL,100.0,100.0,100.0,100.0,100.0,100.0,50,45,44,41,,,,,
VRDN,100.0,100.0,100.0,100.0,100.0,100.0,50,45,44,41,,,,,
LAZ,100.0,100.0,100.0,100.0,100.0,100.0,50,45,44,41,,,,,
SEAT,100.0,100.0,100.0,100.0,100.0,100.0,50,45,44,41,,,,,
CHARU,100.0,100.0,100.0,100.0,100.0,100.0,50,45,44,41,,,,,
CHRD,100.0,100.0,100.0,100.0,100.0,100.0,50,45,44,41,,,,,
NOW,100.0,100.0,100.0,100.0,100.0,100.0,50,45,44,41,,,,,
VSH,100.0,100.0,100.0,100.0,100.0,100.0,50,45,44,41,,,,,
TPCS,100.0,100.0,100.0,100.0,100.0,100.0,50,45,44,41,,,,,
NTIP,100.0,100.0,100.0,100.0,100.0,100.0,50,45,44,41,,,,,
GRYP,100.0,100.0,100.0,100.0,100.0,100.0,50,45,44,41,,,,,
IGMS,100.0,100.0,100.0,100.0,100.0,100.0,50,45,44,41,,,,,
OPRA,100.0,100.0,100.0,100.0,100.0,100.0,50,45,44,41,,,,,
FOXF,100.0,100.0,100.0,100.0,100.0,100.0,50,45,44,41,,,,,
BKE,100.0,100.0,100.0,100.0,100.0,100.0,50,45,44,41,,,,,
KEP,100.0,100.0,100.0,100.0,100.0,100.0,50,45,44,41,,,,,
BENF,100.0,100.0,100.0,100.0,100.0,100.0,50,45,44,41,,,,,
IGC,100.0,100.0,100.0,100.0,100.0,100.0,50,45,44,41,,,,,
NXPI,100.0,100.0,100.0,100.0,100.0,100.0,50,45,44,41,,,,,
BOXL,100.0,100.0,100.0,100.0,100.0,100.0,50,45,44,41,,,,,
NCSM,100.0,100.0,100.0,100.0,100.0,100.0,50,45,44,41,,,,,
ENOV,100.0,100.0,100.0,100.0,100.0,100.0,50,45,44,41,,,,,
DAVE,100.0,100.0,100.0,100.0,100.0,100.0,50,45,44,41,,,,,
SCHW,100.0,100.0,100.0,100.0,100.0,100.0,50,45,44,41,,,,,
MXL,100.0,100.0,100.0,100.0,100.0,100.0,50,45,44,41,,,,,
SKYW,100.0,100.0,100.0,100.0,100.0,100.0,50,45,44,41,,,,,
JILL,100.0,100.0,100.0,100.0,100.0,100.0,50,45,44,41,,,,,
FPH,100.0,100.0,100.0,100.0,100.0,100.0,50,45,44,41,,,,,
ETN,100.0,100.0,100.0,100.0,100.0,100.0,50,45,44,41,,,,,
VERA,100.0,100.0,100.0,100.0,100.0,100.0,50,45,44,41,,,,,
PNRG,100.0,100.0,100.0,100.0,100.0,100.0,50,45,44,41,,,,,
ATMC,100.0,100.0,100.0,100.0,100.0,100.0,50,45,44,41,,,,,
UPST,100.0,100.0,100.0,100.0,100.0,100.0,50,45,44,41,,,,,
UGRO,100.0,100.0,100.0,100.0,100.0,100.0,50,45,44,41,,,,,
BMRC,100.0,100.0,100.0,100.0,100.0,100.0,50,45,44,41,,,,,
MBC,100.0,100.0,100.0,100.0,100.0,100.0,50,45,44,41,,,,,
PKX,100.0,100.0,100.0,100.0,100.0,100.0,50,45,44,41,,,,,
BNAI,100.0,100.0,100.0,100.0,100.0,100.0,50,45,44,41,,,,,
TTD,100.0,100.0,100.0,100.0,100.0,100.0,50,45,44,41,,,,,
BBIO,100.0,100.0,100.0,100.0,100.0,100.0,50,45,44,41,,,,,
QFIN,100.0,100.0,100.0,100.0,100.0,100.0,50,45,44,41,,,,,
ELA,100.0,100.0,100.0,100.0,100.0,100.0,50,45,44,41,,,,,
KPRX,100.0,100.0,100.0,100.0,100.0,100.0,50,45,44,41,,,,,
DELL,100.0,100.0,100.0,100.0,100.0,100.0,50,45,44,41,,,,,
CCAP,100.0,100.0,100.0,100.0,100.0,100.0,50,45,44,41,,,,,
RES,100.0,100.0,100.0,100.0,100.0,100.0,50,45,44,41,,,,,
WST,100.0,100.0,100.0,100.0,100.0,100.0,50,45,44,41,,,,,
SM,100.0,100.0,100.0,100.0,100.0,100.0,50,45,44,41,,,,,
CLRO,100.0,100.0,100.0,100.0,100.0,100.0,50,45,44,41,,,,,
TELA,100.0,100.0,100.0,100.0,100.0,100.0,50,45,44,41,,,,,
SPRU,100.0,100.0,100.0,100.0,100.0,100.0,50,45,44,41,,,,,
MRCY,100.0,100.0,100.0,100.0,100.0,100.0,50,45,44,41,,,,,
FORR,100.0,100.0,100.0,100.0,100.0,100.0,50,45,44,41,,,,,
WTRG,100.0,100.0,100.0,100.0,100.0,100.0,50,45,44,41,,,,,
CXDO,100.0,100.0,100.0,100.0,100.0,100.0,50,45,44,41,,,,,
LSCC,100.0,100.0,100.0,100.0,100.0,100.0,50,45,44,41,,,,,
NEE,100.0,100.0,100.0,100.0,100.0,100.0,50,45,44,41,,,,,
NIQ,100.0,100.0,100.0,100.0,100.0,100.0,50,45,44,41,16.93,0.0,18.82,18.82,0.65
KO,100.0,100.0,100.0,100.0,100.0,100.0,50,45,44,41,,,,,
CGNX,100.0,100.0,100.0,100.0,100.0,100.0,50,45,44,41,,,,,
PETS,100.0,100.0,100.0,100.0,100.0,100.0,50,45,44,41,,,,,
BTAI,100.0,100.0,100.0,100.0,100.0,100.0,50,45,44,41,,,,,
INCR,100.0,100.0,100.0,100.0,100.0,100.0,50,45,44,41,,,,,
WEST,100.0,100.0,100.0,100.0,100.0,100.0,50,45,44,41,,,,,
TNON,100.0,100.0,100.0,100.0,100.0,100.0,50,45,44,41,,,,,
CSTL,100.0,100.0,100.0,100.0,100.0,100.0,50,45,44,41,,,,,
DFDV,100.0,100.0,100.0,100.0,100.0,100.0,50,45,44,41,,,,,
LAW,100.0,100.0,100.0,100.0,100.0,100.0,50,45,44,41,,,,,
FMST,100.0,100.0,100.0,100.0,100.0,100.0,50,45,44,41,,,,,
YTRA,100.0,100.0,100.0,100.0,100.0,100.0,50,45,44,41,,,,,
DAAQ,100.0,100.0,100.0,100.0,100.0,100.0,50,45,44,41,,,,,
PFGC,100.0,100.0,100.0,100.0,100.0,100.0,50,45,44,41,,,,,
CLGN,100.0,100.0,100.0,100.0,100.0,100.0,50,45,44,41,,,,,
OGI,100.0,100.0,100.0,100.0,100.0,100.0,50,45,44,41,,,,,
SSRM,100.0,100.0,100.0,100.0,100.0,100.0,50,45,44,41,,,,,
SKYE,100.0,100.0,100.0,100.0,100.0,100.0,50,45,44,41,,,,,
SMBK,100.0,100.0,100.0,100.0,100.0,100.0,50,45,44,41,,,,,
NEOV,100.0,100.0,100.0,100.0,100.0,100.0,50,45,44,41,,,,,
KROS,100.0,100.0,100.0,100.0,100.0,100.0,50,45,44,41,,,,,
FMS,100.0,100.0,100.0,100.0,100.0,100.0,50,45,44,41,,,,,
TOI,100.0,100.0,100.0,100.0,100.0,100.0,50,45,44,41,,,,,
BLRX,100.0,100.0,100.0,100.0,100.0,100.0,50,45,44,41,,,,,
LTBR,100.0,100.0,100.0,100.0,100.0,100.0,50,45,44,41,,,,,
SLVM,100.0,100.0,100.0,100.0,100.0,100.0,50,45,44,41,,,,,
SLB,100.0,100.0,100.0,100.0,100.0,100.0,50,45,44,41,,,,,
TPL,100.0,100.0,100.0,100.0,100.0,100.0,50,45,44,41,,,,,
BTU,100.0,100.0,100.0,100.0,100.0,100.0,50,45,44,41,,,,,
TM,100.0,100.0,100.0,100.0,100.0,100.0,50,45,44,41,,,,,
EMCGU,100.0,100.0,100.0,100.0,100.0,100.0,50,45,44,41,,,,,
STXS,100.0,100.0,100.0,100.0,100.0,100.0,50,45,44,41,,,,,
PRDO,100.0,100.0,100.0,100.0,100.0,100.0,50,45,44,41,,,,,
MWG,100.0,100.0,100.0,100.0,100.0,100.0,50,45,44,41,,,,,
KEX,100.0,100.0,100.0,100.0,100.0,100.0,50,45,44,41,,,,,
ISRLU,100.0,100.0,100.0,100.0,100.0,100.0,50,45,44,41,,,,,
GLIBA,100.0,100.0,100.0,100.0,100.0,100.0,50,45,44,41,,,,,
FBRT,100.0,100.0,100.0,100.0,100.0,100.0,50,45,44,41,,,,,
HOUS,100.0,100.0,100.0,100.0,100.0,100.0,50,45,44,41,,,,,
BRO,100.0,100.0,100.0,100.0,100.0,100.0,50,45,44,41,,,,,
IMPP,100.0,100.0,100.0,100.0,100.0,100.0,50,45,44,41,,,,,
SLNH,100.0,100.0,100.0,100.0,100.0,100.0,50,45,44,41,,,,,
HESM,100.0,100.0,100.0,100.0,100.0,100.0,50,45,44,41,,,,,
ALTG,100.0,100.0,100.0,100.0,100.0,100.0,50,45,44,41,,,,,
DNTH,100.0,100.0,100.0,100.0,100.0,100.0,50,45,44,41,,,,,
ARI,100.0,100.0,100.0,100.0,100.0,100.0,50,45,44,41,,,,,
SHOP,100.0,100.0,100.0,100.0,100.0,100.0,50,45,44,41,,,,,
NVNO,100.0,100.0,100.0,100.0,100.0,100.0,50,45,44,41,,,,,
MGIC,100.0,100.0,100.0,100.0,100.0,100.0,50,45,44,41,,,,,
PSN,100.0,100.0,100.0,100.0,100.0,100.0,50,45,44,41,,,,,
DCI,100.0,100.0,100.0,100.0,100.0,100.0,50,45,44,41,,,,,
NLOP,100.0,100.0,100.0,100.0,100.0,100.0,50,45,44,41,,,,,
OFS,100.0,100.0,100.0,100.0,100.0,100.0,50,45,44,41,,,,,
SDST,100.0,100.0,100.0,100.0,100.0,100.0,50,45,44,41,,,,,
HYAC,100.0,100.0,100.0,100.0,100.0,100.0,50,45,44,41,,,,,
PLUG,100.0,100.0,100.0,100.0,100.0,100.0,50,45,44,41,,,,,
TCBI,100.0,100.0,100.0,100.0,100.0,100.0,50,45,44,41,,,,,
IHRT,100.0,100.0,100.0,100.0,100.0,100.0,50,45,44,41,,,,,
STEL,100.0,100.0,100.0,100.0,100.0,100.0,50,45,44,41,,,,,
WAY,100.0,100.0,100.0,100.0,100.0,100.0,50,45,44,41,,,,,
REI,100.0,100.0,100.0,100.0,100.0,100.0,50,45,44,41,,,,,
BNZI,100.0,100.0,100.0,100.0,100.0,100.0,50,45,44,41,,,,,
AISP,100.0,100.0,100.0,100.0,100.0,100.0,50,45,44,41,,,,,
ROOT,100.0,100.0,100.0,100.0,100.0,100.0,50,45,44,41,,,,,
SBFM,100.0,100.0,100.0,100.0,100.0,100.0,50,45,44,41,,,,,
UBFO,100.0,100.0,100.0,100.0,100.0,100.0,50,45,44,41,,,,,
SOS,100.0,100.0,100.0,100.0,100.0,100.0,50,45,44,41,,,,,
GFAI,100.0,100.0,100.0,100.0,100.0,100.0,50,45,44,41,,,,,
GBX,100.0,100.0,100.0,100.0,100.0,100.0,50,45,44,41,,,,,
ACDC,100.0,100.0,100.0,100.0,100.0,100.0,50,45,44,41,,,,,
MOFG,100.0,100.0,100.0,100.0,100.0,100.0,50,45,44,41,,,,,
BELFA,100.0,100.0,100.0,100.0,100.0,100.0,50,45,44,41,,,,,
HSPTU,100.0,100.0,100.0,100.0,100.0,100.0,50,45,44,41,,,,,
ITRM,100.0,100.0,100.0,100.0,100.0,100.0,50,45,44,41,,,,,
CMND,100.0,100.0,100.0,100.0,100.0,100.0,50,45,44,41,,,,,
WD,100.0,100.0,100.0,100.0,100.0,100.0,50,45,44,41,,,,,
AFL,100.0,100.0,100.0,100.0,100.0,100.0,50,45,44,41,,,,,
CRTO,100.0,100.0,100.0,100.0,100.0,100.0,50,45,44,41,,,,,
UMC,100.0,100.0,100.0,100.0,100.0,100.0,50,45,44,41,,,,,
HAS,100.0,100.0,100.0,100.0,100.0,100.0,50,45,44,41,,,,,
CRK,100.0,100.0,100.0,100.0,100.0,100.0,50,45,44,41,,,,,
ZOOZ,100.0,100.0,100.0,100.0,100.0,100.0,50,45,44,41,,,,,
KBH,100.0,100.0,100.0,100.0,100.0,100.0,50,45,44,41,,,,,
TRON,100.0,100.0,100.0,100.0,100.0,100.0,50,45,44,41,,,,,
FBGL,100.0,100.0,100.0,100.0,100.0,100.0,50,45,44,41,,,,,
ADBE,100.0,100.0,100.0,100.0,100.0,100.0,50,45,44,41,,,,,
LINK,100.0,100.0,100.0,100.0,100.0,100.0,50,45,44,41,,,,,
INBX,100.0,100.0,100.0,100.0,100.0,100.0,50,45,44,41,,,,,
ZVIA,100.0,100.0,100.0,100.0,100.0,100.0,50,45,44,41,,,,,
SBSW,100.0,100.0,100.0,100.0,100.0,100.0,50,45,44,41,,,,,
BOLT,100.0,100.0,100.0,100.0,100.0,100.0,50,45,44,41,,,,,
GCTS,100.0,100.0,100.0,100.0,100.0,100.0,50,45,44,41,,,,,
SWBI,100.0,100.0,100.0,100.0,100.0,100.0,50,45,44,41,,,,,
REVB,100.0,100.0,100.0,100.0,100.0,100.0,50,45,44,41,,,,,
BGI,100.0,100.0,100.0,100.0,100.0,100.0,50,45,44,41,,,,,
FACTU,100.0,100.0,100.0,100.0,100.0,100.0,50,45,44,41,,,,,
HLX,100.0,100.0,100.0,100.0,100.0,100.0,50,45,44,41,,,,,
GRAF,100.0,100.0,100.0,100.0,100.0,100.0,50,45,44,41,,,,,
PKG,100.0,100.0,100.0,100.0,100.0,100.0,50,45,44,41,,,,,
FORL,100.0,100.0,100.0,100.0,100.0,100.0,50,45,44,41,,,,,
DAIO,100.0,100.0,100.0,100.0,100.0,100.0,50,45,44,41,,,,,
BOOM,100.0,100.0,100.0,100.0,100.0,100.0,50,45,44,41,,,,,
PPL,100.0,100.0,100.0,100.0,100.0,100.0,50,45,44,41,,,,,
STFS,100.0,100.0,100.0,100.0,100.0,100.0,50,45,44,41,,,,,
TTAN,100.0,100.0,100.0,100.0,100.0,100.0,50,45,44,41,,,,,
GSM,100.0,100.0,100.0,100.0,100.0,100.0,50,45,44,41,,,,,
HBT,100.0,100.0,100.0,100.0,100.0,100.0,50,45,44,41,,,,,
WMT,100.0,100.0,100.0,100.0,100.0,100.0,50,45,44,41,,,,,
CCM,100.0,100.0,100.0,100.0,100.0,100.0,50,45,44,41,,,,,
DSGN,100.0,100.0,100.0,100.0,100.0,100.0,50,45,44,41,,,,,
KNTK,100.0,100.0,100.0,100.0,100.0,100.0,50,45,44,41,,,,,
REX,100.0,100.0,100.0,100.0,100.0,100.0,50,45,44,41,,,,,
GTEN,100.0,100.0,100.0,100.0,100.0,100.0,50,45,44,41,10.41,0.85,10.26,10.26,0.14
LWACU,100.0,100.0,100.0,100.0,100.0,100.0,50,45,44,41,,,,,
ENVA,100.0,100.0,100.0,100.0,100.0,100.0,50,45,44,41,,,,,
TBN,100.0,100.0,100.0,100.0,100.0,100.0,50,45,44,41,,,,,
VLGEA,100.0,100.0,100.0,100.0,100.0,100.0,50,45,44,41,,,,,
BMHL,100.0,100.0,100.0,100.0,100.0,100.0,50,45,44,41,,,,,
NEWT,100.0,100.0,100.0,100.0,100.0,100.0,50,45,44,41,,,,,
OCSL,100.0,100.0,100.0,100.0,100.0,100.0,50,45,44,41,,,,,
JELD,100.0,100.0,100.0,100.0,100.0,100.0,50,45,44,41,,,,,
FR,100.0,100.0,100.0,100.0,100.0,100.0,50,45,44,41,,,,,
VIVK,100.0,100.0,100.0,100.0,100.0,100.0,50,45,44,41,,,,,
ACIU,100.0,100.0,100.0,100.0,100.0,100.0,50,45,44,41,,,,,
MPWR,100.0,100.0,100.0,100.0,100.0,100.0,50,45,44,41,,,,,
UBER,100.0,100.0,100.0,100.0,100.0,100.0,50,45,44,41,,,,,
ZDAI,100.0,100.0,100.0,100.0,100.0,100.0,50,45,44,41,,,,,
GMRE,100.0,100.0,100.0,100.0,100.0,100.0,50,45,44,41,,,,,
WW,100.0,100.0,100.0,100.0,100.0,100.0,50,45,44,41,,,,,
RLX,100.0,100.0,100.0,100.0,100.0,100.0,50,45,44,41,,,,,
PINC,100.0,100.0,100.0,100.0,100.0,100.0,50,45,44,41,,,,,
PNR,100.0,100.0,100.0,100.0,100.0,100.0,50,45,44,41,,,,,
AACG,100.0,100.0,100.0,100.0,100.0,100.0,50,45,44,41,,,,,
PACHU,100.0,100.0,100.0,100.0,100.0,100.0,50,45,44,41,10.05,0.73,10.02,10.02,0.01
HAO,100.0,100.0,100.0,100.0,100.0,100.0,50,45,44,41,,,,,
BAYAU,100.0,100.0,100.0,100.0,100.0,100.0,50,45,44,41,,,,,
LH,100.0,100.0,100.0,100.0,100.0,100.0,50,45,44,41,,,,,
STRM,100.0,100.0,100.0,100.0,100.0,100.0,50,45,44,41,,,,,
SVCO,100.0,100.0,100.0,100.0,100.0,100.0,50,45,44,41,,,,,
FTNT,100.0,100.0,100.0,100.0,100.0,100.0,50,45,44,41,,,,,
ABBV,100.0,100.0,100.0,100.0,100.0,100.0,50,45,44,41,,,,,
CEVA,100.0,100.0,100.0,100.0,100.0,100.0,50,45,44,41,,,,,
LASR,100.0,100.0,100.0,100.0,100.0,100.0,50,45,44,41,,,,,
BIP,100.0,100.0,100.0,100.0,100.0,100.0,50,45,44,41,,,,,
RRR,100.0,100.0,100.0,100.0,100.0,100.0,50,45,44,41,,,,,
RDIB,100.0,100.0,100.0,100.0,100.0,100.0,50,45,44,41,,,,,
ATRO,100.0,100.0,100.0,100.0,100.0,100.0,50,45,44,41,,,,,
BDTX,100.0,100.0,100.0,100.0,100.0,100.0,50,45,44,41,,,,,
AMTM,100.0,100.0,100.0,100.0,100.0,100.0,50,45,44,41,,,,,
GLRE,100.0,100.0,100.0,100.0,100.0,100.0,50,45,44,41,,,,,
BJRI,100.0,100.0,100.0,100.0,100.0,100.0,50,45,44,41,,,,,
CMRE,100.0,100.0,100.0,100.0,100.0,100.0,50,45,44,41,,,,,
MSTR,100.0,100.0,100.0,100.0,100.0,100.0,50,45,44,41,,,,,
FGEN,100.0,100.0,100.0,100.0,100.0,100.0,50,45,44,41,,,,,
TSHA,100.0,100.0,100.0,100.0,100.0,100.0,50,45,44,41,,,,,
MRC,100.0,100.0,100.0,100.0,100.0,100.0,50,45,44,41,,,,,
APLD,100.0,100.0,100.0,100.0,100.0,100.0,50,45,44,41,,,,,
MATH,100.0,100.0,100.0,100.0,100.0,100.0,50,45,44,41,,,,,
ING,100.0,100.0,100.0,100.0,100.0,100.0,50,45,44,41,,,,,
AKAN,100.0,100.0,100.0,100.0,100.0,100.0,50,45,44,41,,,,,
RDAG,100.0,100.0,100.0,100.0,100.0,100.0,50,45,44,41,10.37,0.5,10.32,10.32,0.1
GITS,100.0,100.0,100.0,100.0,100.0,100.0,50,45,44,41,,,,,
ROCK,100.0,100.0,100.0,100.0,100.0,100.0,50,45,44,41,,,,,
AROC,100.0,100.0,100.0,100.0,100.0,100.0,50,45,44,41,,,,,
EVAX,100.0,100.0,100.0,100.0,100.0,100.0,50,45,44,41,,,,,
INHD,100.0,100.0,100.0,100.0,100.0,100.0,50,45,44,41,,,,,
IRMD,100.0,100.0,100.0,100.0,100.0,100.0,50,45,44,41,,,,,
NGS,100.0,100.0,100.0,100.0,100.0,100.0,50,45,44,41,,,,,
STZ,100.0,100.0,100.0,100.0,100.0,100.0,50,45,44,41,,,,,
NOAH,100.0,100.0,100.0,100.0,100.0,100.0,50,45,44,41,,,,,
AMBO,100.0,100.0,100.0,100.0,100.0,100.0,50,45,44,41,,,,,
MLAC,100.0,100.0,100.0,100.0,100.0,100.0,50,45,44,41,,,,,
AVO,100.0,100.0,100.0,100.0,100.0,100.0,50,45,44,41,,,,,
SPHR,100.0,100.0,100.0,100.0,100.0,100.0,50,45,44,41,,,,,
SAN,100.0,100.0,100.0,100.0,100.0,100.0,50,45,44,41,,,,,
XOM,100.0,100.0,100.0,100.0,100.0,100.0,50,45,44,41,,,,,
IPHA,100.0,100.0,100.0,100.0,100.0,100.0,50,45,44,41,,,,,
TMO,100.0,100.0,100.0,100.0,100.0,100.0,50,45,44,41,,,,,
SBSI,100.0,100.0,100.0,100.0,100.0,100.0,50,45,44,41,,,,,
ISRL,100.0,100.0,100.0,100.0,100.0,100.0,50,45,44,41,,,,,
PL,100.0,100.0,100.0,100.0,100.0,100.0,50,45,44,41,,,,,
SNGX,100.0,100.0,100.0,100.0,100.0,100.0,50,45,44,41,,,,,
AIRO,100.0,100.0,100.0,100.0,100.0,100.0,50,45,44,41,,,,,
USGO,100.0,100.0,100.0,100.0,100.0,100.0,50,45,44,41,,,,,
THAR,100.0,100.0,100.0,100.0,100.0,100.0,50,45,44,41,,,,,
XENE,100.0,100.0,100.0,100.0,100.0,100.0,50,45,44,41,,,,,
UONEK,100.0,100.0,100.0,100.0,100.0,100.0,50,45,44,41,,,,,
PLCE,100.0,100.0,100.0,100.0,100.0,100.0,50,45,44,41,,,,,
SEPN,100.0,100.0,100.0,100.0,100.0,100.0,50,45,44,41,,,,,
CSX,100.0,100.0,100.0,100.0,100.0,100.0,50,45,44,41,,,,,
NWE,100.0,100.0,100.0,100.0,100.0,100.0,50,45,44,41,,,,,
ASM,100.0,100.0,100.0,100.0,100.0,100.0,50,45,44,41,,,,,
ECDA,100.0,100.0,100.0,100.0,100.0,100.0,50,45,44,41,,,,,
SPIR,100.0,100.0,100.0,100.0,100.0,100.0,50,45,44,41,,,,,
FSBC,100.0,100.0,100.0,100.0,100.0,100.0,50,45,44,41,,,,,
USAR,100.0,100.0,100.0,100.0,100.0,100.0,50,45,44,41,,,,,
ASRV,100.0,100.0,100.0,100.0,100.0,100.0,50,45,44,41,,,,,
GEHC,100.0,100.0,100.0,100.0,100.0,100.0,50,45,44,41,,,,,
WLAC,100.0,100.0,100.0,100.0,100.0,100.0,50,45,44,41,,,,,
MOGU,100.0,100.0,100.0,100.0,100.0,100.0,50,45,44,41,,,,,
FERAU,100.0,100.0,100.0,100.0,100.0,100.0,50,45,44,41,,,,,
MTRN,100.0,100.0,100.0,100.0,100.0,100.0,50,45,44,41,,,,,
CDLR,100.0,100.0,100.0,100.0,100.0,100.0,50,45,44,41,,,,,
ALMU,100.0,100.0,100.0,100.0,100.0,100.0,50,45,44,41,,,,,
TISI,100.0,100.0,100.0,100.0,100.0,100.0,50,45,44,41,,,,,
CTRN,100.0,100.0,100.0,100.0,100.0,100.0,50,45,44,41,,,,,
GFL,100.0,100.0,100.0,100.0,100.0,100.0,50,45,44,41,,,,,
CCRD,100.0,100.0,100.0,100.0,100.0,100.0,50,45,44,41,,,,,
KODK,100.0,100.0,100.0,100.0,100.0,100.0,50,45,44,41,,,,,
SHPH,100.0,100.0,100.0,100.0,100.0,100.0,50,45,44,41,,,,,
IIIN,100.0,100.0,100.0,100.0,100.0,100.0,50,45,44,41,,,,,
GILT,100.0,100.0,100.0,100.0,100.0,100.0,50,45,44,41,,,,,
DOX,100.0,100.0,100.0,100.0,100.0,100.0,50,45,44,41,,,,,
ESHA,100.0,100.0,100.0,100.0,100.0,100.0,50,45,44,41,,,,,
CDP,100.0,100.0,100.0,100.0,100.0,100.0,50,45,44,41,,,,,
QMCO,100.0,100.0,100.0,100.0,100.0,100.0,50,45,44,41,,,,,
DVLT,100.0,100.0,100.0,100.0,100.0,100.0,50,45,44,41,,,,,
CWEN,100.0,100.0,100.0,100.0,100.0,100.0,50,45,44,41,,,,,
CMP,100.0,100.0,100.0,100.0,100.0,100.0,50,45,44,41,,,,,
SBDS,100.0,100.0,100.0,100.0,100.0,100.0,50,45,44,41,,,,,
REGN,100.0,100.0,100.0,100.0,100.0,100.0,50,45,44,41,,,,,
CCIIU,100.0,100.0,100.0,100.0,100.0,100.0,50,45,44,41,,,,,
SYPR,100.0,100.0,100.0,100.0,100.0,100.0,50,45,44,41,,,,,
XOMAO,100.0,100.0,100.0,100.0,100.0,100.0,50,45,44,41,,,,,
DIT,100.0,100.0,100.0,100.0,100.0,100.0,50,45,44,41,,,,,
EURK,100.0,100.0,100.0,100.0,100.0,100.0,50,45,44,41,,,,,
APM,100.0,100.0,100.0,100.0,100.0,100.0,50,45,44,41,,,,,
STEM,100.0,100.0,100.0,100.0,100.0,100.0,50,45,44,41,,,,,
HPQ,100.0,100.0,100.0,100.0,100.0,100.0,50,45,44,41,,,,,
TCPC,100.0,100.0,100.0,100.0,100.0,100.0,50,45,44,41,,,,,
ALTO,100.0,100.0,100.0,100.0,100.0,100.0,50,45,44,41,,,,,
LNKS,100.0,100.0,100.0,100.0,100.0,100.0,50,45,44,41,,,,,
FGBI,100.0,100.0,100.0,100.0,100.0,100.0,50,45,44,41,,,,,
MB,100.0,100.0,100.0,100.0,100.0,100.0,50,45,44,41,,,,,
NNNN,100.0,100.0,100.0,100.0,100.0,100.0,50,45,44,41,,,,,
LIVN,100.0,100.0,100.0,100.0,100.0,100.0,50,45,44,41,,,,,
KURA,100.0,100.0,100.0,100.0,100.0,100.0,50,45,44,41,,,,,
SKYQ,100.0,100.0,100.0,100.0,100.0,100.0,50,45,44,41,,,,,
ASPCU,100.0,100.0,100.0,100.0,100.0,100.0,50,45,44,41,,,,,
HWKN,100.0,100.0,100.0,100.0,100.0,100.0,50,45,44,41,,,,,
VNMEU,100.0,100.0,100.0,100.0,100.0,100.0,50,45,44,41,,,,,
ACIW,100.0,100.0,100.0,100.0,100.0,100.0,50,45,44,41,,,,,
AQN,100.0,100.0,100.0,100.0,100.0,100.0,50,45,44,41,,,,,
FIS,100.0,100.0,100.0,100.0,100.0,100.0,50,45,44,41,,,,,
NCL,100.0,100.0,100.0,100.0,100.0,100.0,50,45,44,41,,,,,
CWCO,100.0,100.0,100.0,100.0,100.0,100.0,50,45,44,41,,,,,
FGMC,100.0,100.0,100.0,100.0,100.0,100.0,50,45,44,41,,,,,
OPAD,100.0,100.0,100.0,100.0,100.0,100.0,50,45,44,41,,,,,
ODFL,100.0,100.0,100.0,100.0,100.0,100.0,50,45,44,41,,,,,
EYPT,100.0,100.0,100.0,100.0,100.0,100.0,50,45,44,41,,,,,
DDI,100.0,100.0,100.0,100.0,100.0,100.0,50,45,44,41,,,,,
SOWG,100.0,100.0,100.0,100.0,100.0,100.0,50,45,44,41,,,,,
VIGL,100.0,100.0,100.0,100.0,100.0,100.0,50,45,44,41,,,,,
COCH,100.0,100.0,100.0,100.0,100.0,100.0,50,45,44,41,,,,,
OPCH,100.0,100.0,100.0,100.0,100.0,100.0,50,45,44,41,,,,,
AIFF,100.0,100.0,100.0,100.0,100.0,100.0,50,45,44,41,,,,,
HTH,100.0,100.0,100.0,100.0,100.0,100.0,50,45,44,41,,,,,
SITC,100.0,100.0,100.0,100.0,100.0,100.0,50,45,44,41,,,,,
TFII,100.0,100.0,100.0,100.0,100.0,100.0,50,45,44,41,,,,,
SPEGU,100.0,100.0,100.0,100.0,100.0,100.0,50,45,44,41,,,,,
SVCCU,100.0,100.0,100.0,100.0,100.0,100.0,50,45,44,41,,,,,
FDMT,100.0,100.0,100.0,100.0,100.0,100.0,50,45,44,41,,,,,
SCPH,100.0,100.0,100.0,100.0,100.0,100.0,50,45,44,41,,,,,
AGIO,100.0,100.0,100.0,100.0,100.0,100.0,50,45,44,41,,,,,
ITRG,100.0,100.0,100.0,100.0,100.0,100.0,50,45,44,41,,,,,
IOBT,100.0,100.0,100.0,100.0,100.0,100.0,50,45,44,41,,,,,
LUNG,100.0,100.0,100.0,100.0,100.0,100.0,50,45,44,41,,,,,
CSTE,100.0,100.0,100.0,100.0,100.0,100.0,50,45,44,41,,,,,
JOYY,100.0,100.0,100.0,100.0,100.0,100.0,50,45,44,41,,,,,
RANI,100.0,100.0,100.0,100.0,100.0,100.0,50,45,44,41,,,,,
OPOF,100.0,100.0,100.0,100.0,100.0,100.0,50,45,44,41,,,,,
TSQ,100.0,100.0,100.0,100.0,100.0,100.0,50,45,44,41,,,,,
GGB,100.0,100.0,100.0,100.0,100.0,100.0,50,45,44,41,,,,,
AMT,100.0,100.0,100.0,100.0,100.0,100.0,50,45,44,41,,,,,
LHAI,100.0,100.0,100.0,100.0,100.0,100.0,50,45,44,41,5.4,0.0,7.34,7.34,0.03
GPK,100.0,100.0,100.0,100.0,100.0,100.0,50,45,44,41,,,,,
LPA,100.0,100.0,100.0,100.0,100.0,100.0,50,45,44,41,,,,,
BZUN,100.0,100.0,100.0,100.0,100.0,100.0,50,45,44,41,,,,,
AXR,100.0,100.0,100.0,100.0,100.0,100.0,50,45,44,41,,,,,
BRX,100.0,100.0,100.0,100.0,100.0,100.0,50,45,44,41,,,,,
NPAC,100.0,100.0,100.0,100.0,100.0,100.0,50,45,44,41,,,,,
AGM,100.0,100.0,100.0,100.0,100.0,100.0,50,45,44,41,,,,,
CCIX,100.0,100.0,100.0,100.0,100.0,100.0,50,45,44,41,,,,,
ALMS,100.0,100.0,100.0,100.0,100.0,100.0,50,45,44,41,,,,,
DUK,100.0,100.0,100.0,100.0,100.0,100.0,50,45,44,41,,,,,
CBFV,100.0,100.0,100.0,100.0,100.0,100.0,50,45,44,41,,,,,
CLBT,100.0,100.0,100.0,100.0,100.0,100.0,50,45,44,41,,,,,
BKNG,100.0,100.0,100.0,100.0,100.0,100.0,50,45,44,41,,,,,
IHS,100.0,100.0,100.0,100.0,100.0,100.0,50,45,44,41,,,,,
MLM,100.0,100.0,100.0,100.0,100.0,100.0,50,45,44,41,,,,,
VEON,100.0,100.0,100.0,100.0,100.0,100.0,50,45,44,41,,,,,
DGNX,100.0,100.0,100.0,100.0,100.0,100.0,50,45,44,41,,,,,
POLEU,100.0,100.0,100.0,100.0,100.0,100.0,50,45,44,41,,,,,
GOGO,100.0,100.0,100.0,100.0,100.0,100.0,50,45,44,41,,,,,
APPF,100.0,100.0,100.0,100.0,100.0,100.0,50,45,44,41,,,,,
AEO,100.0,100.0,100.0,100.0,100.0,100.0,50,45,44,41,,,,,
MSI,100.0,100.0,100.0,100.0,100.0,100.0,50,45,44,41,,,,,
RETO,100.0,100.0,100.0,100.0,100.0,100.0,50,45,44,41,,,,,
TIPT,100.0,100.0,100.0,100.0,100.0,100.0,50,45,44,41,,,,,
MBAV,100.0,100.0,100.0,100.0,100.0,100.0,50,45,44,41,,,,,
PYPD,100.0,100.0,100.0,100.0,100.0,100.0,50,45,44,41,,,,,
ZENA,100.0,100.0,100.0,100.0,100.0,100.0,50,45,44,41,,,,,
GROV,100.0,100.0,100.0,100.0,100.0,100.0,50,45,44,41,,,,,
YHNAU,100.0,100.0,100.0,100.0,100.0,100.0,50,45,44,41,,,,,
AACIU,100.0,100.0,100.0,100.0,100.0,100.0,50,45,44,41,,,,,
VNCE,100.0,100.0,100.0,100.0,100.0,100.0,50,45,44,41,,,,,
TASK,100.0,100.0,100.0,100.0,100.0,100.0,50,45,44,41,,,,,
INDB,100.0,100.0,100.0,100.0,100.0,100.0,50,45,44,41,,,,,
AI,100.0,100.0,100.0,100.0,100.0,100.0,50,45,44,41,,,,,
BHFAN,100.0,100.0,100.0,100.0,100.0,100.0,50,45,44,41,,,,,
DNLI,100.0,100.0,100.0,100.0,100.0,100.0,50,45,44,41,,,,,
NIVF,100.0,100.0,100.0,100.0,100.0,100.0,50,45,44,41,,,,,
TBMC,100.0,100.0,100.0,100.0,100.0,100.0,50,45,44,41,,,,,
TCBIO,100.0,100.0,100.0,100.0,100.0,100.0,50,45,44,41,,,,,
NTWK,100.0,100.0,100.0,100.0,100.0,100.0,50,45,44,41,,,,,
MPAA,100.0,100.0,100.0,100.0,100.0,100.0,50,45,44,41,,,,,
AIRE,100.0,100.0,100.0,100.0,100.0,100.0,50,45,44,41,,,,,
USPH,100.0,100.0,100.0,100.0,100.0,100.0,50,45,44,41,,,,,
GLPI,100.0,100.0,100.0,100.0,100.0,100.0,50,45,44,41,,,,,
TRUG,100.0,100.0,100.0,100.0,100.0,100.0,50,45,44,41,,,,,
GD,100.0,100.0,100.0,100.0,100.0,100.0,50,45,44,41,,,,,
CYBR,100.0,100.0,100.0,100.0,100.0,100.0,50,45,44,41,,,,,
CEPO,100.0,100.0,100.0,100.0,100.0,100.0,50,45,44,41,,,,,
INVA,100.0,100.0,100.0,100.0,100.0,100.0,50,45,44,41,,,,,
GOCO,100.0,100.0,100.0,100.0,100.0,100.0,50,45,44,41,,,,,
PATH,100.0,100.0,100.0,100.0,100.0,100.0,50,45,44,41,,,,,
INTC,100.0,100.0,100.0,100.0,100.0,100.0,50,45,44,41,,,,,
RMR,100.0,100.0,100.0,100.0,100.0,100.0,50,45,44,41,,,,,
GDYN,100.0,100.0,100.0,100.0,100.0,100.0,50,45,44,41,,,,,
REPL,100.0,100.0,100.0,100.0,100.0,100.0,50,45,44,41,,,,,
FOR,100.0,100.0,100.0,100.0,100.0,100.0,50,45,44,41,,,,,
DMRC,100.0,100.0,100.0,100.0,100.0,100.0,50,45,44,41,,,,,
EM,100.0,100.0,100.0,100.0,100.0,100.0,50,45,44,41,,,,,
ARAI,100.0,100.0,100.0,100.0,100.0,100.0,50,45,44,41,7.49,0.28,8.52,8.7,0.1
SGLY,100.0,100.0,100.0,100.0,100.0,100.0,50,45,44,41,,,,,
ASR,100.0,100.0,100.0,100.0,100.0,100.0,50,45,44,41,,,,,
PDEX,100.0,100.0,100.0,100.0,100.0,100.0,50,45,44,41,,,,,
CGCT,100.0,100.0,100.0,100.0,100.0,100.0,50,45,44,41,10.06,1.0,10.02,10.02,0.0
CASK,100.0,100.0,100.0,100.0,100.0,100.0,50,45,44,41,,,,,
GRRR,100.0,100.0,100.0,100.0,100.0,100.0,50,45,44,41,,,,,
CAI,100.0,100.0,100.0,100.0,100.0,100.0,50,45,44,41,28.04,0.38,27.93,27.93,0.31
LMAT,100.0,100.0,100.0,100.0,100.0,100.0,50,45,44,41,,,,,
UGI,100.0,100.0,100.0,100.0,100.0,100.0,50,45,44,41,,,,,
RTACU,100.0,100.0,100.0,100.0,100.0,100.0,50,45,44,41,,,,,
GHM,100.0,100.0,100.0,100.0,100.0,100.0,50,45,44,41,,,,,
RPID,100.0,100.0,100.0,100.0,100.0,100.0,50,45,44,41,,,,,
BIYA,100.0,100.0,100.0,100.0,100.0,100.0,50,45,44,41,,,,,
SNYR,100.0,100.0,100.0,100.0,100.0,100.0,50,45,44,41,,,,,
SFM,100.0,100.0,100.0,100.0,100.0,100.0,50,45,44,41,,,,,
ABNB,100.0,100.0,100.0,100.0,100.0,100.0,50,45,44,41,,,,,
FORM,100.0,100.0,100.0,100.0,100.0,100.0,50,45,44,41,,,,,
RPT,100.0,100.0,100.0,100.0,100.0,100.0,50,45,44,41,,,,,
YAAS,100.0,100.0,100.0,100.0,100.0,100.0,50,45,44,41,,,,,
HMY,100.0,100.0,100.0,100.0,100.0,100.0,50,45,44,41,,,,,
CYCC,100.0,100.0,100.0,100.0,100.0,100.0,50,45,44,41,,,,,
EC,100.0,100.0,100.0,100.0,100.0,100.0,50,45,44,41,,,,,
MPC,100.0,100.0,100.0,100.0,100.0,100.0,50,45,44,41,,,,,
PBM,100.0,100.0,100.0,100.0,100.0,100.0,50,45,44,41,,,,,
OFG,100.0,100.0,100.0,100.0,100.0,100.0,50,45,44,41,,,,,
ASMB,100.0,100.0,100.0,100.0,100.0,100.0,50,45,44,41,,,,,
UPBD,100.0,100.0,100.0,100.0,100.0,100.0,50,45,44,41,,,,,
IRON,100.0,100.0,100.0,100.0,100.0,100.0,50,45,44,41,,,,,
GOOS,100.0,100.0,100.0,100.0,100.0,100.0,50,45,44,41,,,,,
ARKR,100.0,100.0,100.0,100.0,100.0,100.0,50,45,44,41,,,,,
ZLAB,100.0,100.0,100.0,100.0,100.0,100.0,50,45,44,41,,,,,
FCN,100.0,100.0,100.0,100.0,100.0,100.0,50,45,44,41,,,,,
NUS,100.0,100.0,100.0,100.0,100.0,100.0,50,45,44,41,,,,,
COHU,100.0,100.0,100.0,100.0,100.0,100.0,50,45,44,41,,,,,
FULC,100.0,100.0,100.0,100.0,100.0,100.0,50,45,44,41,,,,,
GIFI,100.0,100.0,100.0,100.0,100.0,100.0,50,45,44,41,,,,,
LIF,100.0,100.0,100.0,100.0,100.0,100.0,50,45,44,41,,,,,
CCNE,100.0,100.0,100.0,100.0,100.0,100.0,50,45,44,41,,,,,
SB,100.0,100.0,100.0,100.0,100.0,100.0,50,45,44,41,,,,,
CVI,100.0,100.0,100.0,100.0,100.0,100.0,50,45,44,41,,,,,
SMXT,100.0,100.0,100.0,100.0,100.0,100.0,50,45,44,41,,,,,
LPCN,100.0,100.0,100.0,100.0,100.0,100.0,50,45,44,41,,,,,
ECPG,100.0,100.0,100.0,100.0,100.0,100.0,50,45,44,41,,,,,
BRC,100.0,100.0,100.0,100.0,100.0,100.0,50,45,44,41,,,,,
NUKK,100.0,100.0,100.0,100.0,100.0,100.0,50,45,44,41,,,,,
AB,100.0,100.0,100.0,100.0,100.0,100.0,50,45,44,41,,,,,
CING,100.0,100.0,100.0,100.0,100.0,100.0,50,45,44,41,,,,,
EVO,100.0,100.0,100.0,100.0,100.0,100.0,50,45,44,41,,,,,
CNQ,100.0,100.0,100.0,100.0,100.0,100.0,50,45,44,41,,,,,
CTMX,100.0,100.0,100.0,100.0,100.0,100.0,50,45,44,41,,,,,
JKS,100.0,100.0,100.0,100.0,100.0,100.0,50,45,44,41,,,,,
MG,100.0,100.0,100.0,100.0,100.0,100.0,50,45,44,41,,,,,
OPT,100.0,100.0,100.0,100.0,100.0,100.0,50,45,44,41,,,,,
VTVT,100.0,100.0,100.0,100.0,100.0,100.0,50,45,44,41,,,,,
GANX,100.0,100.0,100.0,100.0,100.0,100.0,50,45,44,41,,,,,
VHC,100.0,100.0,100.0,100.0,100.0,100.0,50,45,44,41,,,,,
PX,100.0,100.0,100.0,100.0,100.0,100.0,50,45,44,41,,,,,
NKTR,100.0,100.0,100.0,100.0,100.0,100.0,50,45,44,41,,,,,
FIHL,100.0,100.0,100.0,100.0,100.0,100.0,50,45,44,41,,,,,
MCHX,100.0,100.0,100.0,100.0,100.0,100.0,50,45,44,41,,,,,
MRP,100.0,100.0,100.0,100.0,100.0,100.0,50,45,44,41,,,,,
COFS,100.0,100.0,100.0,100.0,100.0,100.0,50,45,44,41,,,,,
STAG,100.0,100.0,100.0,100.0,100.0,100.0,50,45,44,41,,,,,
JBI,100.0,100.0,100.0,100.0,100.0,100.0,50,45,44,41,,,,,
STR,100.0,100.0,100.0,100.0,100.0,100.0,50,45,44,41,,,,,
SCYX,100.0,100.0,100.0,100.0,100.0,100.0,50,45,44,41,,,,,
CVR,100.0,100.0,100.0,100.0,100.0,100.0,50,45,44,41,,,,,
AORT,100.0,100.0,100.0,100.0,100.0,100.0,50,45,44,41,,,,,
GOSS,100.0,100.0,100.0,100.0,100.0,100.0,50,45,44,41,,,,,
FINW,100.0,100.0,100.0,100.0,100.0,100.0,50,45,44,41,,,,,
FARM,100.0,100.0,100.0,100.0,100.0,100.0,50,45,44,41,,,,,
CAPR,100.0,100.0,100.0,100.0,100.0,100.0,50,45,44,41,,,,,
SFST,100.0,100.0,100.0,100.0,100.0,100.0,50,45,44,41,,,,,
OAKU,100.0,100.0,100.0,100.0,100.0,100.0,50,45,44,41,,,,,
SEVN,100.0,100.0,100.0,100.0,100.0,100.0,50,45,44,41,,,,,
ALKT,100.0,100.0,100.0,100.0,100.0,100.0,50,45,44,41,,,,,
TPIC,100.0,100.0,100.0,100.0,100.0,100.0,50,45,44,41,,,,,
FSLY,100.0,100.0,100.0,100.0,100.0,100.0,50,45,44,41,,,,,
VKTX,100.0,100.0,100.0,100.0,100.0,100.0,50,45,44,41,,,,,
ESNT,100.0,100.0,100.0,100.0,100.0,100.0,50,45,44,41,,,,,
BHR,100.0,100.0,100.0,100.0,100.0,100.0,50,45,44,41,,,,,
SMTI,100.0,100.0,100.0,100.0,100.0,100.0,50,45,44,41,,,,,
LEG,100.0,100.0,100.0,100.0,100.0,100.0,50,45,44,41,,,,,
BNTX,100.0,100.0,100.0,100.0,100.0,100.0,50,45,44,41,,,,,
ZEUS,100.0,100.0,100.0,100.0,100.0,100.0,50,45,44,41,,,,,
KELYB,100.0,100.0,100.0,100.0,100.0,100.0,50,45,44,41,,,,,
EQV,100.0,100.0,100.0,100.0,100.0,100.0,50,45,44,41,,,,,
AUB,100.0,100.0,100.0,100.0,100.0,100.0,50,45,44,41,,,,,
UCL,100.0,100.0,100.0,100.0,100.0,100.0,50,45,44,41,,,,,
FVN,100.0,100.0,100.0,100.0,100.0,100.0,50,45,44,41,,,,,
AIP,100.0,100.0,100.0,100.0,100.0,100.0,50,45,44,41,,,,,
BA,100.0,100.0,100.0,100.0,100.0,100.0,50,45,44,41,,,,,
RELY,100.0,100.0,100.0,100.0,100.0,100.0,50,45,44,41,,,,,
HTLD,100.0,100.0,100.0,100.0,100.0,100.0,50,45,44,41,,,,,
BR,100.0,100.0,100.0,100.0,100.0,100.0,50,45,44,41,,,,,
CTNM,100.0,100.0,100.0,100.0,100.0,100.0,50,45,44,41,,,,,
OCCI,100.0,100.0,100.0,100.0,100.0,100.0,50,45,44,41,,,,,
SPWH,100.0,100.0,100.0,100.0,100.0,100.0,50,45,44,41,,,,,
BOOT,100.0,100.0,100.0,100.0,100.0,100.0,50,45,44,41,,,,,
PEN,100.0,100.0,100.0,100.0,100.0,100.0,50,45,44,41,,,,,
PLUR,100.0,100.0,100.0,100.0,100.0,100.0,50,45,44,41,,,,,
ISTR,100.0,100.0,100.0,100.0,100.0,100.0,50,45,44,41,,,,,
WWD,100.0,100.0,100.0,100.0,100.0,100.0,50,45,44,41,,,,,
SIFY,100.0,100.0,100.0,100.0,100.0,100.0,50,45,44,41,,,,,
INFA,100.0,100.0,100.0,100.0,100.0,100.0,50,45,44,41,,,,,
PAHC,100.0,100.0,100.0,100.0,100.0,100.0,50,45,44,41,,,,,
PRIM,100.0,100.0,100.0,100.0,100.0,100.0,50,45,44,41,,,,,
PMTRU,100.0,100.0,100.0,100.0,100.0,100.0,50,45,44,41,,,,,
VWAV,100.0,100.0,100.0,100.0,100.0,100.0,50,45,44,41,7.84,0.64,4.82,4.82,0.04
DGLY,100.0,100.0,100.0,100.0,100.0,100.0,50,45,44,41,,,,,
TMDE,100.0,100.0,100.0,100.0,100.0,100.0,50,45,44,41,,,,,
ELME,100.0,100.0,100.0,100.0,100.0,100.0,50,45,44,41,,,,,
SBCF,100.0,100.0,100.0,100.0,100.0,100.0,50,45,44,41,,,,,
EQNR,100.0,100.0,100.0,100.0,100.0,100.0,50,45,44,41,,,,,
GTENU,100.0,100.0,100.0,100.0,100.0,100.0,50,45,44,41,,,,,
SBRA,100.0,100.0,100.0,100.0,100.0,100.0,50,45,44,41,,,,,
PEG,100.0,100.0,100.0,100.0,100.0,100.0,50,45,44,41,,,,,
FTS,100.0,100.0,100.0,100.0,100.0,100.0,50,45,44,41,,,,,
AMPL,100.0,100.0,100.0,100.0,100.0,100.0,50,45,44,41,,,,,
SOAR,100.0,100.0,100.0,100.0,100.0,100.0,50,45,44,41,,,,,
TAOX,100.0,100.0,100.0,100.0,100.0,100.0,50,45,44,41,,,,,
ESPR,100.0,100.0,100.0,100.0,100.0,100.0,50,45,44,41,,,,,
VNTG,100.0,100.0,100.0,100.0,100.0,100.0,50,45,44,41,,,,,
PXLW,100.0,100.0,100.0,100.0,100.0,100.0,50,45,44,41,,,,,
LZMH,100.0,100.0,100.0,100.0,100.0,100.0,50,45,44,41,,,,,
FMFC,100.0,100.0,100.0,100.0,100.0,100.0,50,45,44,41,,,,,
QRHC,100.0,100.0,100.0,100.0,100.0,100.0,50,45,44,41,,,,,
CTLP,100.0,100.0,100.0,100.0,100.0,100.0,50,45,44,41,,,,,
FXNC,100.0,100.0,100.0,100.0,100.0,100.0,50,45,44,41,,,,,
BIO,100.0,100.0,100.0,100.0,100.0,100.0,50,45,44,41,,,,,
CDRO,100.0,100.0,100.0,100.0,100.0,100.0,50,45,44,41,,,,,
ADP,100.0,100.0,100.0,100.0,100.0,100.0,50,45,44,41,,,,,
JDZG,100.0,100.0,100.0,100.0,100.0,100.0,50,45,44,41,,,,,
NXRT,100.0,100.0,100.0,100.0,100.0,100.0,50,45,44,41,,,,,
SRDX,100.0,100.0,100.0,100.0,100.0,100.0,50,45,44,41,,,,,
QUBT,100.0,100.0,100.0,100.0,100.0,100.0,50,45,44,41,,,,,
WLFC,100.0,100.0,100.0,100.0,100.0,100.0,50,45,44,41,,,,,
CVLG,100.0,100.0,100.0,100.0,100.0,100.0,50,45,44,41,,,,,
WTI,100.0,100.0,100.0,100.0,100.0,100.0,50,45,44,41,,,,,
DXPE,100.0,100.0,100.0,100.0,100.0,100.0,50,45,44,41,,,,,
VG,100.0,100.0,100.0,100.0,100.0,100.0,50,45,44,41,,,,,
IPOD,100.0,100.0,100.0,100.0,100.0,100.0,50,45,44,41,,,,,
FBLA,100.0,100.0,100.0,100.0,100.0,100.0,50,45,44,41,,,,,
LSB,100.0,100.0,100.0,100.0,100.0,100.0,50,45,44,41,,,,,
EZGO,100.0,100.0,100.0,100.0,100.0,100.0,50,45,44,41,,,,,
TBRG,100.0,100.0,100.0,100.0,100.0,100.0,50,45,44,41,,,,,
TEAD,100.0,100.0,100.0,100.0,100.0,100.0,50,45,44,41,,,,,
EFSCP,100.0,100.0,100.0,100.0,100.0,100.0,50,45,44,41,,,,,
WRLD,100.0,100.0,100.0,100.0,100.0,100.0,50,45,44,41,,,,,
TRML,100.0,100.0,100.0,100.0,100.0,100.0,50,45,44,41,,,,,
NWTG,100.0,100.0,100.0,100.0,100.0,100.0,50,45,44,41,,,,,
CNC,100.0,100.0,100.0,100.0,100.0,100.0,50,45,44,41,,,,,
OEC,100.0,100.0,100.0,100.0,100.0,100.0,50,45,44,41,,,,,
INSM,100.0,100.0,100.0,100.0,100.0,100.0,50,45,44,41,,,,,
CAT,100.0,100.0,100.0,100.0,100.0,100.0,50,45,44,41,,,,,
PROP,100.0,100.0,100.0,100.0,100.0,100.0,50,45,44,41,,,,,
WTS,100.0,100.0,100.0,100.0,100.0,100.0,50,45,44,41,,,,,
SKIN,100.0,100.0,100.0,100.0,100.0,100.0,50,45,44,41,,,,,
HE,100.0,100.0,100.0,100.0,100.0,100.0,50,45,44,41,,,,,
ADSE,100.0,100.0,100.0,100.0,100.0,100.0,50,45,44,41,,,,,
SXT,100.0,100.0,100.0,100.0,100.0,100.0,50,45,44,41,,,,,
MGY,100.0,100.0,100.0,100.0,100.0,100.0,50,45,44,41,,,,,
AMGN,100.0,100.0,100.0,100.0,100.0,100.0,50,45,44,41,,,,,
PMVP,100.0,100.0,100.0,100.0,100.0,100.0,50,45,44,41,,,,,
GLIBK,100.0,100.0,100.0,100.0,100.0,100.0,50,45,44,41,32.56,0.26,33.88,33.88,0.39
MBLY,100.0,100.0,100.0,100.0,100.0,100.0,50,45,44,41,,,,,
SNA,100.0,100.0,100.0,100.0,100.0,100.0,50,45,44,41,,,,,
NN,100.0,100.0,100.0,100.0,100.0,100.0,50,45,44,41,,,,,
LLYVK,100.0,100.0,100.0,100.0,100.0,100.0,50,45,44,41,,,,,
TE,100.0,100.0,100.0,100.0,100.0,100.0,50,45,44,41,,,,,
SIEB,100.0,100.0,100.0,100.0,100.0,100.0,50,45,44,41,,,,,
WETO,100.0,100.0,100.0,100.0,100.0,100.0,50,45,44,41,,,,,
TYRA,100.0,100.0,100.0,100.0,100.0,100.0,50,45,44,41,,,,,
RLJ,100.0,100.0,100.0,100.0,100.0,100.0,50,45,44,41,,,,,
GFS,100.0,100.0,100.0,100.0,100.0,100.0,50,45,44,41,,,,,
EJH,100.0,100.0,100.0,100.0,100.0,100.0,50,45,44,41,,,,,
MOH,100.0,100.0,100.0,100.0,100.0,100.0,50,45,44,41,,,,,
ELPC,100.0,100.0,100.0,100.0,100.0,100.0,50,45,44,41,,,,,
ELP,100.0,100.0,100.0,100.0,100.0,100.0,50,45,44,41,,,,,
CUPR,100.0,100.0,100.0,100.0,100.0,100.0,50,45,44,41,,,,,
OCUL,100.0,100.0,100.0,100.0,100.0,100.0,50,45,44,41,,,,,
LIQT,100.0,100.0,100.0,100.0,100.0,100.0,50,45,44,41,,,,,
SSB,100.0,100.0,100.0,100.0,100.0,100.0,50,45,44,41,,,,,
QH,100.0,100.0,100.0,100.0,100.0,100.0,50,45,44,41,,,,,
OXLC,100.0,100.0,100.0,100.0,100.0,100.0,50,45,44,41,,,,,
IPAR,100.0,100.0,100.0,100.0,100.0,100.0,50,45,44,41,,,,,
ONON,100.0,100.0,100.0,100.0,100.0,100.0,50,45,44,41,,,,,
BRT,100.0,100.0,100.0,100.0,100.0,100.0,50,45,44,41,,,,,
ICON,100.0,100.0,100.0,100.0,100.0,100.0,50,45,44,41,,,,,
MRSN,100.0,100.0,100.0,100.0,100.0,100.0,50,45,44,41,,,,,
PRT,100.0,100.0,100.0,100.0,100.0,100.0,50,45,44,41,,,,,
PLRZ,100.0,100.0,100.0,100.0,100.0,100.0,50,45,44,41,,,,,
COHN,100.0,100.0,100.0,100.0,100.0,100.0,50,45,44,41,,,,,
MNDR,100.0,100.0,100.0,100.0,100.0,100.0,50,45,44,41,,,,,
CSCO,100.0,100.0,100.0,100.0,100.0,100.0,50,45,44,41,,,,,
GDOT,100.0,100.0,100.0,100.0,100.0,100.0,50,45,44,41,,,,,
STKS,100.0,100.0,100.0,100.0,100.0,100.0,50,45,44,41,,,,,
ARCO,100.0,100.0,100.0,100.0,100.0,100.0,50,45,44,41,,,,,
ADNT,100.0,100.0,100.0,100.0,100.0,100.0,50,45,44,41,,,,,
ANNA,100.0,100.0,100.0,100.0,100.0,100.0,50,45,44,41,,,,,
ACGL,100.0,100.0,100.0,100.0,100.0,100.0,50,45,44,41,,,,,
XHLD,100.0,100.0,100.0,100.0,100.0,100.0,50,45,44,41,,,,,
SFBC,100.0,100.0,100.0,100.0,100.0,100.0,50,45,44,41,,,,,
GBTG,100.0,100.0,100.0,100.0,100.0,100.0,50,45,44,41,,,,,
MLAB,100.0,100.0,100.0,100.0,100.0,100.0,50,45,44,41,,,,,
REFR,100.0,100.0,100.0,100.0,100.0,100.0,50,45,44,41,,,,,
HSAI,100.0,100.0,100.0,100.0,100.0,100.0,50,45,44,41,,,,,
AZTR,100.0,100.0,100.0,100.0,100.0,100.0,50,45,44,41,,,,,
UUU,100.0,100.0,100.0,100.0,100.0,100.0,50,45,44,41,,,,,
GVA,100.0,100.0,100.0,100.0,100.0,100.0,50,45,44,41,,,,,
QGEN,100.0,100.0,100.0,100.0,100.0,100.0,50,45,44,41,,,,,
BGSF,100.0,100.0,100.0,100.0,100.0,100.0,50,45,44,41,,,,,
ATXG,100.0,100.0,100.0,100.0,100.0,100.0,50,45,44,41,,,,,
LAB,100.0,100.0,100.0,100.0,100.0,100.0,50,45,44,41,,,,,
WRB,100.0,100.0,100.0,100.0,100.0,100.0,50,45,44,41,,,,,
DLTH,100.0,100.0,100.0,100.0,100.0,100.0,50,45,44,41,,,,,
ABEV,100.0,100.0,100.0,100.0,100.0,100.0,50,45,44,41,,,,,
RBA,100.0,100.0,100.0,100.0,100.0,100.0,50,45,44,41,,,,,
SPT,100.0,100.0,100.0,100.0,100.0,100.0,50,45,44,41,,,,,
ONTF,100.0,100.0,100.0,100.0,100.0,100.0,50,45,44,41,,,,,
OUT,100.0,100.0,100.0,100.0,100.0,100.0,50,45,44,41,,,,,
AMRN,100.0,100.0,100.0,100.0,100.0,100.0,50,45,44,41,,,,,
OVID,100.0,100.0,100.0,100.0,100.0,100.0,50,45,44,41,,,,,
ICUI,100.0,100.0,100.0,100.0,100.0,100.0,50,45,44,41,,,,,
HXHX,100.0,100.0,100.0,100.0,100.0,100.0,50,45,44,41,,,,,
ITRN,100.0,100.0,100.0,100.0,100.0,100.0,50,45,44,41,,,,,
CELC,100.0,100.0,100.0,100.0,100.0,100.0,50,45,44,41,,,,,
WEC,100.0,100.0,100.0,100.0,100.0,100.0,50,45,44,41,,,,,
CGNT,100.0,100.0,100.0,100.0,100.0,100.0,50,45,44,41,,,,,
SPOT,100.0,100.0,100.0,100.0,100.0,100.0,50,45,44,41,,,,,
TNK,100.0,100.0,100.0,100.0,100.0,100.0,50,45,44,41,,,,,
SBC,100.0,100.0,100.0,100.0,100.0,100.0,50,45,44,41,,,,,
OYSEU,100.0,100.0,100.0,100.0,100.0,100.0,50,45,44,41,,,,,
HTZ,100.0,100.0,100.0,100.0,100.0,100.0,50,45,44,41,,,,,
API,100.0,100.0,100.0,100.0,100.0,100.0,50,45,44,41,,,,,
EAF,100.0,100.0,100.0,100.0,100.0,100.0,50,45,44,41,,,,,
ALRS,100.0,100.0,100.0,100.0,100.0,100.0,50,45,44,41,,,,,
ECVT,100.0,100.0,100.0,100.0,100.0,100.0,50,45,44,41,,,,,
CCCX,100.0,100.0,100.0,100.0,100.0,100.0,50,45,44,41,,,,,
ISPR,100.0,100.0,100.0,100.0,100.0,100.0,50,45,44,41,,,,,
GENK,100.0,100.0,100.0,100.0,100.0,100.0,50,45,44,41,,,,,
RCI,100.0,100.0,100.0,100.0,100.0,100.0,50,45,44,41,,,,,
WGRX,100.0,100.0,100.0,100.0,100.0,100.0,50,45,44,41,,,,,
MRCC,100.0,100.0,100.0,100.0,100.0,100.0,50,45,44,41,,,,,
TAOP,100.0,100.0,100.0,100.0,100.0,100.0,50,45,44,41,,,,,
NXGL,100.0,100.0,100.0,100.0,100.0,100.0,50,45,44,41,,,,,
BRTX,100.0,100.0,100.0,100.0,100.0,100.0,50,45,44,41,,,,,
YIBO,100.0,100.0,100.0,100.0,100.0,100.0,50,45,44,41,,,,,
SHC,100.0,100.0,100.0,100.0,100.0,100.0,50,45,44,41,,,,,
KOF,100.0,100.0,100.0,100.0,100.0,100.0,50,45,44,41,,,,,
FN,100.0,100.0,100.0,100.0,100.0,100.0,50,45,44,41,,,,,
MGRX,100.0,100.0,100.0,100.0,100.0,100.0,50,45,44,41,,,,,
CCRN,100.0,100.0,100.0,100.0,100.0,100.0,50,45,44,41,,,,,
HTGC,100.0,100.0,100.0,100.0,100.0,100.0,50,45,44,41,,,,,
MD,100.0,100.0,100.0,100.0,100.0,100.0,50,45,44,41,,,,,
CV,100.0,100.0,100.0,100.0,100.0,100.0,50,45,44,41,,,,,
WHD,100.0,100.0,100.0,100.0,100.0,100.0,50,45,44,41,,,,,
SYRE,100.0,100.0,100.0,100.0,100.0,100.0,50,45,44,41,,,,,
TEL,100.0,100.0,100.0,100.0,100.0,100.0,50,45,44,41,,,,,
NTES,100.0,100.0,100.0,100.0,100.0,100.0,50,45,44,41,,,,,
QTTB,100.0,100.0,100.0,100.0,100.0,100.0,50,45,44,41,,,,,
DRS,100.0,100.0,100.0,100.0,100.0,100.0,50,45,44,41,,,,,
TEAM,100.0,100.0,100.0,100.0,100.0,100.0,50,45,44,41,,,,,
SIMA,100.0,100.0,100.0,100.0,100.0,100.0,50,45,44,41,,,,,
EVER,100.0,100.0,100.0,100.0,100.0,100.0,50,45,44,41,,,,,
BKR,100.0,100.0,100.0,100.0,100.0,100.0,50,45,44,41,,,,,
SNES,100.0,100.0,100.0,100.0,100.0,100.0,50,45,44,41,,,,,
CPRI,100.0,100.0,100.0,100.0,100.0,100.0,50,45,44,41,,,,,
BFST,100.0,100.0,100.0,100.0,100.0,100.0,50,45,44,41,,,,,
DRUG,100.0,100.0,100.0,100.0,100.0,100.0,50,45,44,41,,,,,
GLBZ,100.0,100.0,100.0,100.0,100.0,100.0,50,45,44,41,,,,,
ICHR,100.0,100.0,100.0,100.0,100.0,100.0,50,45,44,41,,,,,
INGR,100.0,100.0,100.0,100.0,100.0,100.0,50,45,44,41,,,,,
BRSP,100.0,100.0,100.0,100.0,100.0,100.0,50,45,44,41,,,,,
BOLD,100.0,100.0,100.0,100.0,100.0,100.0,50,45,44,41,,,,,
MCRB,100.0,100.0,100.0,100.0,100.0,100.0,50,45,44,41,,,,,
AEE,100.0,100.0,100.0,100.0,100.0,100.0,50,45,44,41,,,,,
CHRW,100.0,100.0,100.0,100.0,100.0,100.0,50,45,44,41,,,,,
FIBK,100.0,100.0,100.0,100.0,100.0,100.0,50,45,44,41,,,,,
TLS,100.0,100.0,100.0,100.0,100.0,100.0,50,45,44,41,,,,,
MTX,100.0,100.0,100.0,100.0,100.0,100.0,50,45,44,41,,,,,
MSBIP,100.0,100.0,100.0,100.0,100.0,100.0,50,45,44,41,,,,,
LE,100.0,100.0,100.0,100.0,100.0,100.0,50,45,44,41,,,,,
BYSI,100.0,100.0,100.0,100.0,100.0,100.0,50,45,44,41,,,,,
PSX,100.0,100.0,100.0,100.0,100.0,100.0,50,45,44,41,,,,,
SPMC,100.0,100.0,100.0,100.0,100.0,100.0,50,45,44,41,,,,,
NVDA,100.0,100.0,100.0,100.0,100.0,100.0,50,45,44,41,,,,,
FYBR,100.0,100.0,100.0,100.0,100.0,100.0,50,45,44,41,,,,,
RGA,100.0,100.0,100.0,100.0,100.0,100.0,50,45,44,41,,,,,
SHOT,100.0,100.0,100.0,100.0,100.0,100.0,50,45,44,41,,,,,
KBR,100.0,100.0,100.0,100.0,100.0,100.0,50,45,44,41,,,,,
ALLR,100.0,100.0,100.0,100.0,100.0,100.0,50,45,44,41,,,,,
PSFE,100.0,100.0,100.0,100.0,100.0,100.0,50,45,44,41,,,,,
UVSP,100.0,100.0,100.0,100.0,100.0,100.0,50,45,44,41,,,,,
DDD,100.0,100.0,100.0,100.0,100.0,100.0,50,45,44,41,,,,,
TELO,100.0,100.0,100.0,100.0,100.0,100.0,50,45,44,41,,,,,
FITBP,100.0,100.0,100.0,100.0,100.0,100.0,50,45,44,41,,,,,
FPI,100.0,100.0,100.0,100.0,100.0,100.0,50,45,44,41,,,,,
DGICB,100.0,100.0,100.0,100.0,100.0,100.0,50,45,44,41,,,,,
ANPA,100.0,100.0,100.0,100.0,100.0,100.0,50,45,44,41,31.35,0.83,15.48,15.48,0.05
DEA,100.0,100.0,100.0,100.0,100.0,100.0,50,45,44,41,,,,,
CFLT,100.0,100.0,100.0,100.0,100.0,100.0,50,45,44,41,,,,,
HOWL,100.0,100.0,100.0,100.0,100.0,100.0,50,45,44,41,,,,,
GPRE,100.0,100.0,100.0,100.0,100.0,100.0,50,45,44,41,,,,,
APLM,100.0,100.0,100.0,100.0,100.0,100.0,50,45,44,41,,,,,
WH,100.0,100.0,100.0,100.0,100.0,100.0,50,45,44,41,,,,,
SJ,100.0,100.0,100.0,100.0,100.0,100.0,50,45,44,41,,,,,
RYET,100.0,100.0,100.0,100.0,100.0,100.0,50,45,44,41,,,,,
CABO,100.0,100.0,100.0,100.0,100.0,100.0,50,45,44,41,,,,,
RHP,100.0,100.0,100.0,100.0,100.0,100.0,50,45,44,41,,,,,
GTERA,100.0,100.0,100.0,100.0,100.0,100.0,50,45,44,41,9.96,0.33,9.97,9.97,0.1
BBNX,100.0,100.0,100.0,100.0,100.0,100.0,50,45,44,41,,,,,
SFWL,100.0,100.0,100.0,100.0,100.0,100.0,50,45,44,41,,,,,
ROAD,100.0,100.0,100.0,100.0,100.0,100.0,50,45,44,41,,,,,
MVO,100.0,100.0,100.0,100.0,100.0,100.0,50,45,44,41,,,,,
FMAO,100.0,100.0,100.0,100.0,100.0,100.0,50,45,44,41,,,,,
WHWK,100.0,100.0,100.0,100.0,100.0,100.0,50,45,44,41,,,,,
HOTH,100.0,100.0,100.0,100.0,100.0,100.0,50,45,44,41,,,,,
PG,100.0,100.0,100.0,100.0,100.0,100.0,50,45,44,41,,,,,
MAMK,100.0,100.0,100.0,100.0,100.0,100.0,50,45,44,41,,,,,
MTB,100.0,100.0,100.0,100.0,100.0,100.0,50,45,44,41,,,,,
EB,100.0,100.0,100.0,100.0,100.0,100.0,50,45,44,41,,,,,
PXS,100.0,100.0,100.0,100.0,100.0,100.0,50,45,44,41,,,,,
BIRD,100.0,100.0,100.0,100.0,100.0,100.0,50,45,44,41,,,,,
IZM,100.0,100.0,100.0,100.0,100.0,100.0,50,45,44,41,,,,,
TIVC,100.0,100.0,100.0,100.0,100.0,100.0,50,45,44,41,,,,,
CGC,100.0,100.0,100.0,100.0,100.0,100.0,50,45,44,41,,,,,
UEC,100.0,100.0,100.0,100.0,100.0,100.0,50,45,44,41,,,,,
HFFG,100.0,100.0,100.0,100.0,100.0,100.0,50,45,44,41,,,,,
MGTX,100.0,100.0,100.0,100.0,100.0,100.0,50,45,44,41,,,,,
RRX,100.0,100.0,100.0,100.0,100.0,100.0,50,45,44,41,,,,,
CVV,100.0,100.0,100.0,100.0,100.0,100.0,50,45,44,41,,,,,
TDS,100.0,100.0,100.0,100.0,100.0,100.0,50,45,44,41,,,,,
SORA,100.0,100.0,100.0,100.0,100.0,100.0,50,45,44,41,,,,,
BCG,100.0,100.0,100.0,100.0,100.0,100.0,50,45,44,41,,,,,
QETAU,100.0,100.0,100.0,100.0,100.0,100.0,50,45,44,41,,,,,
NYXH,100.0,100.0,100.0,100.0,100.0,100.0,50,45,44,41,,,,,
ETSY,100.0,100.0,100.0,100.0,100.0,100.0,50,45,44,41,,,,,
GNRC,100.0,100.0,100.0,100.0,100.0,100.0,50,45,44,41,,,,,
FBRX,100.0,100.0,100.0,100.0,100.0,100.0,50,45,44,41,,,,,
FCNCP,100.0,100.0,100.0,100.0,100.0,100.0,50,45,44,41,,,,,
TAP,100.0,100.0,100.0,100.0,100.0,100.0,50,45,44,41,,,,,
TPG,100.0,100.0,100.0,100.0,100.0,100.0,50,45,44,41,,,,,
RAL,100.0,100.0,100.0,100.0,100.0,100.0,50,45,44,41,,,,,
NRGV,100.0,100.0,100.0,100.0,100.0,100.0,50,45,44,41,,,,,
RADX,100.0,100.0,100.0,100.0,100.0,100.0,50,45,44,41,,,,,
MGA,100.0,100.0,100.0,100.0,100.0,100.0,50,45,44,41,,,,,
ELPW,100.0,100.0,100.0,100.0,100.0,100.0,50,45,44,41,,,,,
EBON,100.0,100.0,100.0,100.0,100.0,100.0,50,45,44,41,,,,,
CPSH,100.0,100.0,100.0,100.0,100.0,100.0,50,45,44,41,,,,,
KGEI,100.0,100.0,100.0,100.0,100.0,100.0,50,45,44,41,,,,,
FTV,100.0,100.0,100.0,100.0,100.0,100.0,50,45,44,41,,,,,
SMG,100.0,100.0,100.0,100.0,100.0,100.0,50,45,44,41,,,,,
LCFY,100.0,100.0,100.0,100.0,100.0,100.0,50,45,44,41,,,,,
FCCO,100.0,100.0,100.0,100.0,100.0,100.0,50,45,44,41,,,,,
AFCG,100.0,100.0,100.0,100.0,100.0,100.0,50,45,44,41,,,,,
COKE,100.0,100.0,100.0,100.0,100.0,100.0,50,45,44,41,,,,,
VNRX,100.0,100.0,100.0,100.0,100.0,100.0,50,45,44,41,,,,,
NVT,100.0,100.0,100.0,100.0,100.0,100.0,50,45,44,41,,,,,
CMCL,100.0,100.0,100.0,100.0,100.0,100.0,50,45,44,41,,,,,
FRME,100.0,100.0,100.0,100.0,100.0,100.0,50,45,44,41,,,,,
BWBBP,100.0,100.0,100.0,100.0,100.0,100.0,50,45,44,41,,,,,
WHR,100.0,100.0,100.0,100.0,100.0,100.0,50,45,44,41,,,,,
ADMA,100.0,100.0,100.0,100.0,100.0,100.0,50,45,44,41,,,,,
NITO,100.0,100.0,100.0,100.0,100.0,100.0,50,45,44,41,,,,,
ORI,100.0,100.0,100.0,100.0,100.0,100.0,50,45,44,41,,,,,
MELI,100.0,100.0,100.0,100.0,100.0,100.0,50,45,44,41,,,,,
NTWO,100.0,100.0,100.0,100.0,100.0,100.0,50,45,44,41,,,,,
CCIXU,100.0,100.0,100.0,100.0,100.0,100.0,50,45,44,41,,,,,
GNLN,100.0,100.0,100.0,100.0,100.0,100.0,50,45,44,41,,,,,
BCE,100.0,100.0,100.0,100.0,100.0,100.0,50,45,44,41,,,,,
SOHO,100.0,100.0,100.0,100.0,100.0,100.0,50,45,44,41,,,,,
OABI,100.0,100.0,100.0,100.0,100.0,100.0,50,45,44,41,,,,,
PMTR,100.0,100.0,100.0,100.0,100.0,100.0,50,45,44,41,,,,,
INACU,100.0,100.0,100.0,100.0,100.0,100.0,50,45,44,41,,,,,
FRSH,100.0,100.0,100.0,100.0,100.0,100.0,50,45,44,41,,,,,
BTI,100.0,100.0,100.0,100.0,100.0,100.0,50,45,44,41,,,,,
NTB,100.0,100.0,100.0,100.0,100.0,100.0,50,45,44,41,,,,,
CTAS,100.0,100.0,100.0,100.0,100.0,100.0,50,45,44,41,,,,,
CWK,100.0,100.0,100.0,100.0,100.0,100.0,50,45,44,41,,,,,
CTM,100.0,100.0,100.0,100.0,100.0,100.0,50,45,44,41,,,,,
VRNT,100.0,100.0,100.0,100.0,100.0,100.0,50,45,44,41,,,,,
MCHPP,100.0,100.0,100.0,100.0,100.0,100.0,50,45,44,41,,,,,
FMNB,100.0,100.0,100.0,100.0,100.0,100.0,50,45,44,41,,,,,
ISRG,100.0,100.0,100.0,100.0,100.0,100.0,50,45,44,41,,,,,
EG,100.0,100.0,100.0,100.0,100.0,100.0,50,45,44,41,,,,,
LPAAU,100.0,100.0,100.0,100.0,100.0,100.0,50,45,44,41,,,,,
CLCO,100.0,100.0,100.0,100.0,100.0,100.0,50,45,44,41,,,,,
ECX,100.0,100.0,100.0,100.0,100.0,100.0,50,45,44,41,,,,,
TANH,100.0,100.0,100.0,100.0,100.0,100.0,50,45,44,41,,,,,
ONTO,100.0,100.0,100.0,100.0,100.0,100.0,50,45,44,41,,,,,
LSAK,100.0,100.0,100.0,100.0,100.0,100.0,50,45,44,41,,,,,
MMS,100.0,100.0,100.0,100.0,100.0,100.0,50,45,44,41,,,,,
IRBT,100.0,100.0,100.0,100.0,100.0,100.0,50,45,44,41,,,,,
FHI,100.0,100.0,100.0,100.0,100.0,100.0,50,45,44,41,,,,,
CAEP,100.0,100.0,100.0,100.0,100.0,100.0,50,45,44,41,,,,,
RENT,100.0,100.0,100.0,100.0,100.0,100.0,50,45,44,41,,,,,
EGG,100.0,100.0,100.0,100.0,100.0,100.0,50,45,44,41,,,,,
AMBR,100.0,100.0,100.0,100.0,100.0,100.0,50,45,44,41,,,,,
CHRS,100.0,100.0,100.0,100.0,100.0,100.0,50,45,44,41,,,,,
NKE,100.0,100.0,100.0,100.0,100.0,100.0,50,45,44,41,,,,,
BVFL,100.0,100.0,100.0,100.0,100.0,100.0,50,45,44,41,,,,,
AFRI,100.0,100.0,100.0,100.0,100.0,100.0,50,45,44,41,,,,,
PHIO,100.0,100.0,100.0,100.0,100.0,100.0,50,45,44,41,,,,,
EQ,100.0,100.0,100.0,100.0,100.0,100.0,50,45,44,41,,,,,
EDTK,100.0,100.0,100.0,100.0,100.0,100.0,50,45,44,41,,,,,
MTEN,100.0,100.0,100.0,100.0,100.0,100.0,50,45,44,41,,,,,
UNCY,100.0,100.0,100.0,100.0,100.0,100.0,50,45,44,41,,,,,
MLYS,100.0,100.0,100.0,100.0,100.0,100.0,50,45,44,41,,,,,
BKV,100.0,100.0,100.0,100.0,100.0,100.0,50,45,44,41,,,,,
LCNB,100.0,100.0,100.0,100.0,100.0,100.0,50,45,44,41,,,,,
WWR,100.0,100.0,100.0,100.0,100.0,100.0,50,45,44,41,,,,,
HUHU,100.0,100.0,100.0,100.0,100.0,100.0,50,45,44,41,,,,,
HUBS,100.0,100.0,100.0,100.0,100.0,100.0,50,45,44,41,,,,,
STX,100.0,100.0,100.0,100.0,100.0,100.0,50,45,44,41,,,,,
IONS,100.0,100.0,100.0,100.0,100.0,100.0,50,45,44,41,,,,,
APUS,100.0,100.0,100.0,100.0,100.0,100.0,50,45,44,41,1.74,0.19,1.83,1.83,0.56
MUR,100.0,100.0,100.0,100.0,100.0,100.0,50,45,44,41,,,,,
ACAD,100.0,100.0,100.0,100.0,100.0,100.0,50,45,44,41,,,,,
COPL,100.0,100.0,100.0,100.0,100.0,100.0,50,45,44,41,10.09,1.0,10.05,10.05,0.05
ROG,100.0,100.0,100.0,100.0,100.0,100.0,50,45,44,41,,,,,
MEI,100.0,100.0,100.0,100.0,100.0,100.0,50,45,44,41,,,,,
KDP,100.0,100.0,100.0,100.0,100.0,100.0,50,45,44,41,,,,,
CHR,100.0,100.0,100.0,100.0,100.0,100.0,50,45,44,41,,,,,
FFIN,100.0,100.0,100.0,100.0,100.0,100.0,50,45,44,41,,,,,
LPSN,100.0,100.0,100.0,100.0,100.0,100.0,50,45,44,41,,,,,
ITIC,100.0,100.0,100.0,100.0,100.0,100.0,50,45,44,41,,,,,
KNOP,100.0,100.0,100.0,100.0,100.0,100.0,50,45,44,41,,,,,
PSHG,100.0,100.0,100.0,100.0,100.0,100.0,50,45,44,41,,,,,
ALAR,100.0,100.0,100.0,100.0,100.0,100.0,50,45,44,41,,,,,
IDYA,100.0,100.0,100.0,100.0,100.0,100.0,50,45,44,41,,,,,
IPG,100.0,100.0,100.0,100.0,100.0,100.0,50,45,44,41,,,,,
CLDI,100.0,100.0,100.0,100.0,100.0,100.0,50,45,44,41,,,,,
CAH,100.0,100.0,100.0,100.0,100.0,100.0,50,45,44,41,,,,,
SLAB,100.0,100.0,100.0,100.0,100.0,100.0,50,45,44,41,,,,,
GAU,100.0,100.0,100.0,100.0,100.0,100.0,50,45,44,41,,,,,
HNVR,100.0,100.0,100.0,100.0,100.0,100.0,50,45,44,41,,,,,
CURV,100.0,100.0,100.0,100.0,100.0,100.0,50,45,44,41,,,,,
TDG,100.0,100.0,100.0,100.0,100.0,100.0,50,45,44,41,,,,,
LGVN,100.0,100.0,100.0,100.0,100.0,100.0,50,45,44,41,,,,,
PKE,100.0,100.0,100.0,100.0,100.0,100.0,50,45,44,41,,,,,
IMG,100.0,100.0,100.0,100.0,100.0,100.0,50,45,44,41,,,,,
JLHL,100.0,100.0,100.0,100.0,100.0,100.0,50,45,44,41,,,,,
PRLB,100.0,100.0,100.0,100.0,100.0,100.0,50,45,44,41,,,,,
G,100.0,100.0,100.0,100.0,100.0,100.0,50,45,44,41,,,,,
SVIIU,100.0,100.0,100.0,100.0,100.0,100.0,50,45,44,41,,,,,
OLP,100.0,100.0,100.0,100.0,100.0,100.0,50,45,44,41,,,,,
SUN,100.0,100.0,100.0,100.0,100.0,100.0,50,45,44,41,,,,,
MHK,100.0,100.0,100.0,100.0,100.0,100.0,50,45,44,41,,,,,
JACS,100.0,100.0,100.0,100.0,100.0,100.0,50,45,44,41,,,,,
WKEY,100.0,100.0,100.0,100.0,100.0,100.0,50,45,44,41,,,,,
SEGG,100.0,100.0,100.0,100.0,100.0,100.0,50,45,44,41,,,,,
NTCL,100.0,100.0,100.0,100.0,100.0,100.0,50,45,44,41,,,,,
BYFC,100.0,100.0,100.0,100.0,100.0,100.0,50,45,44,41,,,,,
KG,100.0,100.0,100.0,100.0,100.0,100.0,50,45,44,41,,,,,
KPTI,100.0,100.0,100.0,100.0,100.0,100.0,50,45,44,41,,,,,
TMHC,100.0,100.0,100.0,100.0,100.0,100.0,50,45,44,41,,,,,
CACI,100.0,100.0,100.0,100.0,100.0,100.0,50,45,44,41,,,,,
NIO,100.0,100.0,100.0,100.0,100.0,100.0,50,45,44,41,,,,,
ATNF,100.0,100.0,100.0,100.0,100.0,100.0,50,45,44,41,,,,,
EXOD,100.0,100.0,100.0,100.0,100.0,100.0,50,45,44,41,,,,,
MTDR,100.0,100.0,100.0,100.0,100.0,100.0,50,45,44,41,,,,,
CAPL,100.0,100.0,100.0,100.0,100.0,100.0,50,45,44,41,,,,,
FCF,100.0,100.0,100.0,100.0,100.0,100.0,50,45,44,41,,,,,
CCCM,100.0,100.0,100.0,100.0,100.0,100.0,50,45,44,41,10.3,0.03,11.04,11.04,0.46
VABK,100.0,100.0,100.0,100.0,100.0,100.0,50,45,44,41,,,,,
NDRA,100.0,100.0,100.0,100.0,100.0,100.0,50,45,44,41,,,,,
DV,100.0,100.0,100.0,100.0,100.0,100.0,50,45,44,41,,,,,
ADC,100.0,100.0,100.0,100.0,100.0,100.0,50,45,44,41,,,,,
LU,100.0,100.0,100.0,100.0,100.0,100.0,50,45,44,41,,,,,
TVA,100.0,100.0,100.0,100.0,100.0,100.0,50,45,44,41,10.11,0.76,10.07,10.07,0.04
COUR,100.0,100.0,100.0,100.0,100.0,100.0,50,45,44,41,,,,,
SEM,100.0,100.0,100.0,100.0,100.0,100.0,50,45,44,41,,,,,
PAAS,100.0,100.0,100.0,100.0,100.0,100.0,50,45,44,41,,,,,
LVS,100.0,100.0,100.0,100.0,100.0,100.0,50,45,44,41,,,,,
CTEV,100.0,100.0,100.0,100.0,100.0,100.0,50,45,44,41,,,,,
HHS,100.0,100.0,100.0,100.0,100.0,100.0,50,45,44,41,,,,,
SNV,100.0,100.0,100.0,100.0,100.0,100.0,50,45,44,41,,,,,
CRBU,100.0,100.0,100.0,100.0,100.0,100.0,50,45,44,41,,,,,
TXN,100.0,100.0,100.0,100.0,100.0,100.0,50,45,44,41,,,,,
CHD,100.0,100.0,100.0,100.0,100.0,100.0,50,45,44,41,,,,,
CNMD,100.0,100.0,100.0,100.0,100.0,100.0,50,45,44,41,,,,,
UYSCU,100.0,100.0,100.0,100.0,100.0,100.0,50,45,44,41,,,,,
YEXT,100.0,100.0,100.0,100.0,100.0,100.0,50,45,44,41,,,,,
KOPN,100.0,100.0,100.0,100.0,100.0,100.0,50,45,44,41,,,,,
TGE,100.0,100.0,100.0,100.0,100.0,100.0,50,45,44,41,,,,,
ADVM,100.0,100.0,100.0,100.0,100.0,100.0,50,45,44,41,,,,,
FGF,100.0,100.0,100.0,100.0,100.0,100.0,50,45,44,41,,,,,
PAYC,100.0,100.0,100.0,100.0,100.0,100.0,50,45,44,41,,,,,
CVBF,100.0,100.0,100.0,100.0,100.0,100.0,50,45,44,41,,,,,
PRAA,100.0,100.0,100.0,100.0,100.0,100.0,50,45,44,41,,,,,
ORN,100.0,100.0,100.0,100.0,100.0,100.0,50,45,44,41,,,,,
HOFT,100.0,100.0,100.0,100.0,100.0,100.0,50,45,44,41,,,,,
TNDM,100.0,100.0,100.0,100.0,100.0,100.0,50,45,44,41,,,,,
SG,100.0,100.0,100.0,100.0,100.0,100.0,50,45,44,41,,,,,
GORV,100.0,100.0,100.0,100.0,100.0,100.0,50,45,44,41,,,,,
OFLX,100.0,100.0,100.0,100.0,100.0,100.0,50,45,44,41,,,,,
CGTX,100.0,100.0,100.0,100.0,100.0,100.0,50,45,44,41,,,,,
MYNZ,100.0,100.0,100.0,100.0,100.0,100.0,50,45,44,41,,,,,
TLSA,100.0,100.0,100.0,100.0,100.0,100.0,50,45,44,41,,,,,
GIB,100.0,100.0,100.0,100.0,100.0,100.0,50,45,44,41,,,,,
DVS,100.0,100.0,100.0,100.0,100.0,100.0,50,45,44,41,,,,,
SPXC,100.0,100.0,100.0,100.0,100.0,100.0,50,45,44,41,,,,,
SMFG,100.0,100.0,100.0,100.0,100.0,100.0,50,45,44,41,,,,,
RZLT,100.0,100.0,100.0,100.0,100.0,100.0,50,45,44,41,,,,,
TK,100.0,100.0,100.0,100.0,100.0,100.0,50,45,44,41,,,,,
NEWP,100.0,100.0,100.0,100.0,100.0,100.0,50,45,44,41,,,,,
JENA,100.0,100.0,100.0,100.0,100.0,100.0,50,45,44,41,,,,,
VLY,100.0,100.0,100.0,100.0,100.0,100.0,50,45,44,41,,,,,
ACI,100.0,100.0,100.0,100.0,100.0,100.0,50,45,44,41,,,,,
EQR,100.0,100.0,100.0,100.0,100.0,100.0,50,45,44,41,,,,,
SYBX,100.0,100.0,100.0,100.0,100.0,100.0,50,45,44,41,,,,,
INDO,100.0,100.0,100.0,100.0,100.0,100.0,50,45,44,41,,,,,
NXTT,100.0,100.0,100.0,100.0,100.0,100.0,50,45,44,41,,,,,
CERO,100.0,100.0,100.0,100.0,100.0,100.0,50,45,44,41,,,,,
RL,100.0,100.0,100.0,100.0,100.0,100.0,50,45,44,41,,,,,
PELIU,100.0,100.0,100.0,100.0,100.0,100.0,50,45,44,41,,,,,
WHG,100.0,100.0,100.0,100.0,100.0,100.0,50,45,44,41,,,,,
DFSC,100.0,100.0,100.0,100.0,100.0,100.0,50,45,44,41,,,,,
PRGS,100.0,100.0,100.0,100.0,100.0,100.0,50,45,44,41,,,,,
CHWY,100.0,100.0,100.0,100.0,100.0,100.0,50,45,44,41,,,,,
CDT,100.0,100.0,100.0,100.0,100.0,100.0,50,45,44,41,,,,,
BOTJ,100.0,100.0,100.0,100.0,100.0,100.0,50,45,44,41,,,,,
MNST,100.0,100.0,100.0,100.0,100.0,100.0,50,45,44,41,,,,,
PRTH,100.0,100.0,100.0,100.0,100.0,100.0,50,45,44,41,,,,,
PEPG,100.0,100.0,100.0,100.0,100.0,100.0,50,45,44,41,,,,,
PMT,100.0,100.0,100.0,100.0,100.0,100.0,50,45,44,41,,,,,
NRDY,100.0,100.0,100.0,100.0,100.0,100.0,50,45,44,41,,,,,
CCBG,100.0,100.0,100.0,100.0,100.0,100.0,50,45,44,41,,,,,
REYN,100.0,100.0,100.0,100.0,100.0,100.0,50,45,44,41,,,,,
MMYT,100.0,100.0,100.0,100.0,100.0,100.0,50,45,44,41,,,,,
VACHU,100.0,100.0,100.0,100.0,100.0,100.0,50,45,44,41,,,,,
SWAG,100.0,100.0,100.0,100.0,100.0,100.0,50,45,44,41,,,,,
AMSC,100.0,100.0,100.0,100.0,100.0,100.0,50,45,44,41,,,,,
CWH,100.0,100.0,100.0,100.0,100.0,100.0,50,45,44,41,,,,,
NXST,100.0,100.0,100.0,100.0,100.0,100.0,50,45,44,41,,,,,
VCIG,100.0,100.0,100.0,100.0,100.0,100.0,50,45,44,41,,,,,
WB,100.0,100.0,100.0,100.0,100.0,100.0,50,45,44,41,,,,,
NOG,100.0,100.0,100.0,100.0,100.0,100.0,50,45,44,41,,,,,
ORCL,100.0,100.0,100.0,100.0,100.0,100.0,50,45,44,41,,,,,
VIVS,100.0,100.0,100.0,100.0,100.0,100.0,50,45,44,41,,,,,
TFC,100.0,100.0,100.0,100.0,100.0,100.0,50,45,44,41,,,,,
TRVI,100.0,100.0,100.0,100.0,100.0,100.0,50,45,44,41,,,,,
INVZ,100.0,100.0,100.0,100.0,100.0,100.0,50,45,44,41,,,,,
HOUR,100.0,100.0,100.0,100.0,100.0,100.0,50,45,44,41,,,,,
FTEK,100.0,100.0,100.0,100.0,100.0,100.0,50,45,44,41,,,,,
GORO,100.0,100.0,100.0,100.0,100.0,100.0,50,45,44,41,,,,,
THRM,100.0,100.0,100.0,100.0,100.0,100.0,50,45,44,41,,,,,
CPT,100.0,100.0,100.0,100.0,100.0,100.0,50,45,44,41,,,,,
LGCY,100.0,100.0,100.0,100.0,100.0,100.0,50,45,44,41,,,,,
AAM,100.0,100.0,100.0,100.0,100.0,100.0,50,45,44,41,,,,,
YSG,100.0,100.0,100.0,100.0,100.0,100.0,50,45,44,41,,,,,
RDW,100.0,100.0,100.0,100.0,100.0,100.0,50,45,44,41,,,,,
LVLU,100.0,100.0,100.0,100.0,100.0,100.0,50,45,44,41,,,,,
APLE,100.0,100.0,100.0,100.0,100.0,100.0,50,45,44,41,,,,,
WMB,100.0,100.0,100.0,100.0,100.0,100.0,50,45,44,41,,,,,
GRNT,100.0,100.0,100.0,100.0,100.0,100.0,50,45,44,41,,,,,
NVAX,100.0,100.0,100.0,100.0,100.0,100.0,50,45,44,41,,,,,
ACU,100.0,100.0,100.0,100.0,100.0,100.0,50,45,44,41,,,,,
USNA,100.0,100.0,100.0,100.0,100.0,100.0,50,45,44,41,,,,,
HIPO,100.0,100.0,100.0,100.0,100.0,100.0,50,45,44,41,,,,,
BIGC,100.0,100.0,100.0,100.0,100.0,100.0,50,45,44,41,,,,,
WSC,100.0,100.0,100.0,100.0,100.0,100.0,50,45,44,41,,,,,
GSHR,100.0,100.0,100.0,100.0,100.0,100.0,50,45,44,41,,,,,
IINN,100.0,100.0,100.0,100.0,100.0,100.0,50,45,44,41,,,,,
YI,100.0,100.0,100.0,100.0,100.0,100.0,50,45,44,41,,,,,
AZZ,100.0,100.0,100.0,100.0,100.0,100.0,50,45,44,41,,,,,
ZIP,100.0,100.0,100.0,100.0,100.0,100.0,50,45,44,41,,,,,
COOK,100.0,100.0,100.0,100.0,100.0,100.0,50,45,44,41,,,,,
DLTR,100.0,100.0,100.0,100.0,100.0,100.0,50,45,44,41,,,,,
KRC,100.0,100.0,100.0,100.0,100.0,100.0,50,45,44,41,,,,,
OZK,100.0,100.0,100.0,100.0,100.0,100.0,50,45,44,41,,,,,
TARS,100.0,100.0,100.0,100.0,100.0,100.0,50,45,44,41,,,,,
FLNT,100.0,100.0,100.0,100.0,100.0,100.0,50,45,44,41,,,,,
MSGS,100.0,100.0,100.0,100.0,100.0,100.0,50,45,44,41,,,,,
EOLS,100.0,100.0,100.0,100.0,100.0,100.0,50,45,44,41,,,,,
IGIC,100.0,100.0,100.0,100.0,100.0,100.0,50,45,44,41,,,,,
ZIMV,100.0,100.0,100.0,100.0,100.0,100.0,50,45,44,41,,,,,
DTM,100.0,100.0,100.0,100.0,100.0,100.0,50,45,44,41,,,,,
ABM,100.0,100.0,100.0,100.0,100.0,100.0,50,45,44,41,,,,,
CIB,100.0,100.0,100.0,100.0,100.0,100.0,50,45,44,41,,,,,
SIGIP,100.0,100.0,100.0,100.0,100.0,100.0,50,45,44,41,,,,,
DDS,100.0,100.0,100.0,100.0,100.0,100.0,50,45,44,41,,,,,
HBANP,100.0,100.0,100.0,100.0,100.0,100.0,50,45,44,41,,,,,
PSTL,100.0,100.0,100.0,100.0,100.0,100.0,50,45,44,41,,,,,
RHI,100.0,100.0,100.0,100.0,100.0,100.0,50,45,44,41,,,,,
KIDZ,100.0,100.0,100.0,100.0,100.0,100.0,50,45,44,41,,,,,
MJID,100.0,100.0,100.0,100.0,100.0,100.0,50,45,44,41,1.6,0.0,2.11,2.11,0.11
HNGE,100.0,100.0,100.0,100.0,100.0,100.0,50,45,44,41,,,,,
LRHC,100.0,100.0,100.0,100.0,100.0,100.0,50,45,44,41,,,,,
ULTA,100.0,100.0,100.0,100.0,100.0,100.0,50,45,44,41,,,,,
WRAP,100.0,100.0,100.0,100.0,100.0,100.0,50,45,44,41,,,,,
SXI,100.0,100.0,100.0,100.0,100.0,100.0,50,45,44,41,,,,,
ELDN,100.0,100.0,100.0,100.0,100.0,100.0,50,45,44,41,,,,,
DTCK,100.0,100.0,100.0,100.0,100.0,100.0,50,45,44,41,,,,,
SJM,100.0,100.0,100.0,100.0,100.0,100.0,50,45,44,41,,,,,
NIU,100.0,100.0,100.0,100.0,100.0,100.0,50,45,44,41,,,,,
REE,100.0,100.0,100.0,100.0,100.0,100.0,50,45,44,41,,,,,
MFC,100.0,100.0,100.0,100.0,100.0,100.0,50,45,44,41,,,,,
KE,100.0,100.0,100.0,100.0,100.0,100.0,50,45,44,41,,,,,
KALU,100.0,100.0,100.0,100.0,100.0,100.0,50,45,44,41,,,,,
FEMY,100.0,100.0,100.0,100.0,100.0,100.0,50,45,44,41,,,,,
EBC,100.0,100.0,100.0,100.0,100.0,100.0,50,45,44,41,,,,,
HUMA,100.0,100.0,100.0,100.0,100.0,100.0,50,45,44,41,,,,,
CHMG,100.0,100.0,100.0,100.0,100.0,100.0,50,45,44,41,,,,,
STNE,100.0,100.0,100.0,100.0,100.0,100.0,50,45,44,41,,,,,
AMZE,100.0,100.0,100.0,100.0,100.0,100.0,50,45,44,41,,,,,
C,100.0,100.0,100.0,100.0,100.0,100.0,50,45,44,41,,,,,
ARL,100.0,100.0,100.0,100.0,100.0,100.0,50,45,44,41,,,,,
ORIQU,100.0,100.0,100.0,100.0,100.0,100.0,50,45,44,41,10.04,0.86,10.02,10.02,0.96
WS,100.0,100.0,100.0,100.0,100.0,100.0,50,45,44,41,,,,,
WSO,100.0,100.0,100.0,100.0,100.0,100.0,50,45,44,41,,,,,
QXO,100.0,100.0,100.0,100.0,100.0,100.0,50,45,44,41,,,,,
MTSR,100.0,100.0,100.0,100.0,100.0,100.0,50,45,44,41,,,,,
DHC,100.0,100.0,100.0,100.0,100.0,100.0,50,45,44,41,,,,,
MOV,100.0,100.0,100.0,100.0,100.0,100.0,50,45,44,41,,,,,
FUSB,100.0,100.0,100.0,100.0,100.0,100.0,50,45,44,41,,,,,
NTST,100.0,100.0,100.0,100.0,100.0,100.0,50,45,44,41,,,,,
BPYPP,100.0,100.0,100.0,100.0,100.0,100.0,50,45,44,41,,,,,
VIPS,100.0,100.0,100.0,100.0,100.0,100.0,50,45,44,41,,,,,
TTMI,100.0,100.0,100.0,100.0,100.0,100.0,50,45,44,41,,,,,
OTRK,100.0,100.0,100.0,100.0,100.0,100.0,50,45,44,41,,,,,
XERS,100.0,100.0,100.0,100.0,100.0,100.0,50,45,44,41,,,,,
MAMO,100.0,100.0,100.0,100.0,100.0,100.0,50,45,44,41,,,,,
FATE,100.0,100.0,100.0,100.0,100.0,100.0,50,45,44,41,,,,,
BOWNU,100.0,100.0,100.0,100.0,100.0,100.0,50,45,44,41,,,,,
IBAC,100.0,100.0,100.0,100.0,100.0,100.0,50,45,44,41,,,,,
TOPP,100.0,100.0,100.0,100.0,100.0,100.0,50,45,44,41,,,,,
BMNR,100.0,100.0,100.0,100.0,100.0,100.0,50,45,44,41,31.68,0.21,32.78,32.78,1.53
ORKT,100.0,100.0,100.0,100.0,100.0,100.0,50,45,44,41,,,,,
BFAM,100.0,100.0,100.0,100.0,100.0,100.0,50,45,44,41,,,,,
CPHI,100.0,100.0,100.0,100.0,100.0,100.0,50,45,44,41,,,,,
BINI,100.0,100.0,100.0,100.0,100.0,100.0,50,45,44,41,,,,,
GTE,100.0,100.0,100.0,100.0,100.0,100.0,50,45,44,41,,,,,
ALDF,100.0,100.0,100.0,100.0,100.0,100.0,50,45,44,41,,,,,
RANG,100.0,100.0,100.0,100.0,100.0,100.0,50,45,44,41,,,,,
NSSC,100.0,100.0,100.0,100.0,100.0,100.0,50,45,44,41,,,,,
MBINL,100.0,100.0,100.0,100.0,100.0,100.0,50,45,44,41,,,,,
PZZA,100.0,100.0,100.0,100.0,100.0,100.0,50,45,44,41,,,,,
FORA,100.0,100.0,100.0,100.0,100.0,100.0,50,45,44,41,,,,,
FLOC,100.0,100.0,100.0,100.0,100.0,100.0,50,45,44,41,,,,,
SRE,100.0,100.0,100.0,100.0,100.0,100.0,50,45,44,41,,,,,
VZ,100.0,100.0,100.0,100.0,100.0,100.0,50,45,44,41,,,,,
INFY,100.0,100.0,100.0,100.0,100.0,100.0,50,45,44,41,,,,,
JBL,100.0,100.0,100.0,100.0,100.0,100.0,50,45,44,41,,,,,
QSEAU,100.0,100.0,100.0,100.0,100.0,100.0,50,45,44,41,,,,,
SKYX,100.0,100.0,100.0,100.0,100.0,100.0,50,45,44,41,,,,,
FCX,100.0,100.0,100.0,100.0,100.0,100.0,50,45,44,41,,,,,
BOX,100.0,100.0,100.0,100.0,100.0,100.0,50,45,44,41,,,,,
SIMAU,100.0,100.0,100.0,100.0,100.0,100.0,50,45,44,41,,,,,
LNC,100.0,100.0,100.0,100.0,100.0,100.0,50,45,44,41,,,,,
PDFS,100.0,100.0,100.0,100.0,100.0,100.0,50,45,44,41,,,,,
FENG,100.0,100.0,100.0,100.0,100.0,100.0,50,45,44,41,,,,,
TGL,100.0,100.0,100.0,100.0,100.0,100.0,50,45,44,41,,,,,
CYD,100.0,100.0,100.0,100.0,100.0,100.0,50,45,44,41,,,,,
PAM,100.0,100.0,100.0,100.0,100.0,100.0,50,45,44,41,,,,,
PSMT,100.0,100.0,100.0,100.0,100.0,100.0,50,45,44,41,,,,,
GTERU,100.0,100.0,100.0,100.0,100.0,100.0,50,45,44,41,10.17,0.72,10.12,10.12,0.22
FFBC,100.0,100.0,100.0,100.0,100.0,100.0,50,45,44,41,,,,,
NCMI,100.0,100.0,100.0,100.0,100.0,100.0,50,45,44,41,,,,,
GNE,100.0,100.0,100.0,100.0,100.0,100.0,50,45,44,41,,,,,
BEEP,100.0,100.0,100.0,100.0,100.0,100.0,50,45,44,41,,,,,
SVV,100.0,100.0,100.0,100.0,100.0,100.0,50,45,44,41,,,,,
ITRI,100.0,100.0,100.0,100.0,100.0,100.0,50,45,44,41,,,,,
CCS,100.0,100.0,100.0,100.0,100.0,100.0,50,45,44,41,,,,,
SOCAU,100.0,100.0,100.0,100.0,100.0,100.0,50,45,44,41,10.06,0.8,10.06,10.06,0.03
RELL,100.0,100.0,100.0,100.0,100.0,100.0,50,45,44,41,,,,,
LAZR,100.0,100.0,100.0,100.0,100.0,100.0,50,45,44,41,,,,,
FIGXU,100.0,100.0,100.0,100.0,100.0,100.0,50,45,44,41,,,,,
MKTW,100.0,100.0,100.0,100.0,100.0,100.0,50,45,44,41,,,,,
CDTX,100.0,100.0,100.0,100.0,100.0,100.0,50,45,44,41,,,,,
JHX,100.0,100.0,100.0,100.0,100.0,100.0,50,45,44,41,,,,,
BGFV,100.0,100.0,100.0,100.0,100.0,100.0,50,45,44,41,,,,,
NCPL,100.0,100.0,100.0,100.0,100.0,100.0,50,45,44,41,,,,,
FNV,100.0,100.0,100.0,100.0,100.0,100.0,50,45,44,41,,,,,
GDRX,100.0,100.0,100.0,100.0,100.0,100.0,50,45,44,41,,,,,
CHCI,100.0,100.0,100.0,100.0,100.0,100.0,50,45,44,41,,,,,
WIT,100.0,100.0,100.0,100.0,100.0,100.0,50,45,44,41,,,,,
MMSI,100.0,100.0,100.0,100.0,100.0,100.0,50,45,44,41,,,,,
HOLO,100.0,100.0,100.0,100.0,100.0,100.0,50,45,44,41,,,,,
PFLT,100.0,100.0,100.0,100.0,100.0,100.0,50,45,44,41,,,,,
RAVE,100.0,100.0,100.0,100.0,100.0,100.0,50,45,44,41,,,,,
DEI,100.0,100.0,100.0,100.0,100.0,100.0,50,45,44,41,,,,,
MTA,100.0,100.0,100.0,100.0,100.0,100.0,50,45,44,41,,,,,
KLAC,100.0,100.0,100.0,100.0,100.0,100.0,50,45,44,41,,,,,
RUSHA,100.0,100.0,100.0,100.0,100.0,100.0,50,45,44,41,,,,,
EQT,100.0,100.0,100.0,100.0,100.0,100.0,50,45,44,41,,,,,
L,100.0,100.0,100.0,100.0,100.0,100.0,50,45,44,41,,,,,
PCTY,100.0,100.0,100.0,100.0,100.0,100.0,50,45,44,41,,,,,
KNX,100.0,100.0,100.0,100.0,100.0,100.0,50,45,44,41,,,,,
RIO,100.0,100.0,100.0,100.0,100.0,100.0,50,45,44,41,,,,,
HLT,100.0,100.0,100.0,100.0,100.0,100.0,50,45,44,41,,,,,
ABVC,100.0,100.0,100.0,100.0,100.0,100.0,50,45,44,41,,,,,
USAU,100.0,100.0,100.0,100.0,100.0,100.0,50,45,44,41,,,,,
FEDU,100.0,100.0,100.0,100.0,100.0,100.0,50,45,44,41,,,,,
MODG,100.0,100.0,100.0,100.0,100.0,100.0,50,45,44,41,,,,,
PCLA,100.0,100.0,100.0,100.0,100.0,100.0,50,45,44,41,,,,,
CLNE,100.0,100.0,100.0,100.0,100.0,100.0,50,45,44,41,,,,,
XPRO,100.0,100.0,100.0,100.0,100.0,100.0,50,45,44,41,,,,,
NSPR,100.0,100.0,100.0,100.0,100.0,100.0,50,45,44,41,,,,,
FUL,100.0,100.0,100.0,100.0,100.0,100.0,50,45,44,41,,,,,
IAC,100.0,100.0,100.0,100.0,100.0,100.0,50,45,44,41,,,,,
GO,100.0,100.0,100.0,100.0,100.0,100.0,50,45,44,41,,,,,
ITT,100.0,100.0,100.0,100.0,100.0,100.0,50,45,44,41,,,,,
DMAAU,100.0,100.0,100.0,100.0,100.0,100.0,50,45,44,41,,,,,
SGMT,100.0,100.0,100.0,100.0,100.0,100.0,50,45,44,41,,,,,
RCKY,100.0,100.0,100.0,100.0,100.0,100.0,50,45,44,41,,,,,
ORIC,100.0,100.0,100.0,100.0,100.0,100.0,50,45,44,41,,,,,
KCHV,100.0,100.0,100.0,100.0,100.0,100.0,50,45,44,41,,,,,
HRB,100.0,100.0,100.0,100.0,100.0,100.0,50,45,44,41,,,,,
UNTY,100.0,100.0,100.0,100.0,100.0,100.0,50,45,44,41,,,,,
MDU,100.0,100.0,100.0,100.0,100.0,100.0,50,45,44,41,,,,,
EQIX,100.0,100.0,100.0,100.0,100.0,100.0,50,45,44,41,,,,,
ETWO,100.0,100.0,100.0,100.0,100.0,100.0,50,45,44,41,,,,,
VNT,100.0,100.0,100.0,100.0,100.0,100.0,50,45,44,41,,,,,
ALGS,100.0,100.0,100.0,100.0,100.0,100.0,50,45,44,41,,,,,
MOD,100.0,100.0,100.0,100.0,100.0,100.0,50,45,44,41,,,,,
STTK,100.0,100.0,100.0,100.0,100.0,100.0,50,45,44,41,,,,,
HSHP,100.0,100.0,100.0,100.0,100.0,100.0,50,45,44,41,,,,,
TDAC,100.0,100.0,100.0,100.0,100.0,100.0,50,45,44,41,,,,,
RAMP,100.0,100.0,100.0,100.0,100.0,100.0,50,45,44,41,,,,,
MBBC,100.0,100.0,100.0,100.0,100.0,100.0,50,45,44,41,,,,,
BSM,100.0,100.0,100.0,100.0,100.0,100.0,50,45,44,41,,,,,
MLGO,100.0,100.0,100.0,100.0,100.0,100.0,50,45,44,41,,,,,
PFIS,100.0,100.0,100.0,100.0,100.0,100.0,50,45,44,41,,,,,
UPLD,100.0,100.0,100.0,100.0,100.0,100.0,50,45,44,41,,,,,
WMK,100.0,100.0,100.0,100.0,100.0,100.0,50,45,44,41,,,,,
EL,100.0,100.0,100.0,100.0,100.0,100.0,50,45,44,41,,,,,
BY,100.0,100.0,100.0,100.0,100.0,100.0,50,45,44,41,,,,,
RCON,100.0,100.0,100.0,100.0,100.0,100.0,50,45,44,41,,,,,
OTTR,100.0,100.0,100.0,100.0,100.0,100.0,50,45,44,41,,,,,
OMEX,100.0,100.0,100.0,100.0,100.0,100.0,50,45,44,41,,,,,
ARQQ,100.0,100.0,100.0,100.0,100.0,100.0,50,45,44,41,,,,,
VREX,100.0,100.0,100.0,100.0,100.0,100.0,50,45,44,41,,,,,
INFU,100.0,100.0,100.0,100.0,100.0,100.0,50,45,44,41,,,,,
NBTX,100.0,100.0,100.0,100.0,100.0,100.0,50,45,44,41,,,,,
TRIP,100.0,100.0,100.0,100.0,100.0,100.0,50,45,44,41,,,,,
SGD,100.0,100.0,100.0,100.0,100.0,100.0,50,45,44,41,,,,,
TSAT,100.0,100.0,100.0,100.0,100.0,100.0,50,45,44,41,,,,,
SRG,100.0,100.0,100.0,100.0,100.0,100.0,50,45,44,41,,,,,
CG,100.0,100.0,100.0,100.0,100.0,100.0,50,45,44,41,,,,,
BABA,100.0,100.0,100.0,100.0,100.0,100.0,50,45,44,41,,,,,
CXW,100.0,100.0,100.0,100.0,100.0,100.0,50,45,44,41,,,,,
BMA,100.0,100.0,100.0,100.0,100.0,100.0,50,45,44,41,,,,,
CAR,100.0,100.0,100.0,100.0,100.0,100.0,50,45,44,41,,,,,
SNTI,100.0,100.0,100.0,100.0,100.0,100.0,50,45,44,41,,,,,
MGLD,100.0,100.0,100.0,100.0,100.0,100.0,50,45,44,41,,,,,
UYSC,100.0,100.0,100.0,100.0,100.0,100.0,50,45,44,41,10.1,0.79,10.05,10.05,0.01
PTNM,100.0,100.0,100.0,100.0,100.0,100.0,50,45,44,41,,,,,
SPWR,100.0,100.0,100.0,100.0,100.0,100.0,50,45,44,41,,,,,
DOOO,100.0,100.0,100.0,100.0,100.0,100.0,50,45,44,41,,,,,
NETDU,100.0,100.0,100.0,100.0,100.0,100.0,50,45,44,41,,,,,
PERF,100.0,100.0,100.0,100.0,100.0,100.0,50,45,44,41,,,,,
TRC,100.0,100.0,100.0,100.0,100.0,100.0,50,45,44,41,,,,,
DBX,100.0,100.0,100.0,100.0,100.0,100.0,50,45,44,41,,,,,
THRD,100.0,100.0,100.0,100.0,100.0,100.0,50,45,44,41,,,,,
UNF,100.0,100.0,100.0,100.0,100.0,100.0,50,45,44,41,,,,,
WDFC,100.0,100.0,100.0,100.0,100.0,100.0,50,45,44,41,,,,,
NEPH,100.0,100.0,100.0,100.0,100.0,100.0,50,45,44,41,,,,,
FNB,100.0,100.0,100.0,100.0,100.0,100.0,50,45,44,41,,,,,
MC,100.0,100.0,100.0,100.0,100.0,100.0,50,45,44,41,,,,,
SGN,100.0,100.0,100.0,100.0,100.0,100.0,50,45,44,41,,,,,
SZZLU,100.0,100.0,100.0,100.0,100.0,100.0,50,45,44,41,,,,,
SIM,100.0,100.0,100.0,100.0,100.0,100.0,50,45,44,41,,,,,
FDUS,100.0,100.0,100.0,100.0,100.0,100.0,50,45,44,41,,,,,
CASS,100.0,100.0,100.0,100.0,100.0,100.0,50,45,44,41,,,,,
AHL,100.0,100.0,100.0,100.0,100.0,100.0,50,45,44,41,,,,,
CDNA,100.0,100.0,100.0,100.0,100.0,100.0,50,45,44,41,,,,,
RILY,100.0,100.0,100.0,100.0,100.0,100.0,50,45,44,41,,,,,
FLS,100.0,100.0,100.0,100.0,100.0,100.0,50,45,44,41,,,,,
BHST,100.0,100.0,100.0,100.0,100.0,100.0,50,45,44,41,,,,,
LTRX,100.0,100.0,100.0,100.0,100.0,100.0,50,45,44,41,,,,,
AGMH,100.0,100.0,100.0,100.0,100.0,100.0,50,45,44,41,,,,,
GLDD,100.0,100.0,100.0,100.0,100.0,100.0,50,45,44,41,,,,,
HRTG,100.0,100.0,100.0,100.0,100.0,100.0,50,45,44,41,,,,,
ACFN,100.0,100.0,100.0,100.0,100.0,100.0,50,45,44,41,,,,,
BMEA,100.0,100.0,100.0,100.0,100.0,100.0,50,45,44,41,,,,,
EVGO,100.0,100.0,100.0,100.0,100.0,100.0,50,45,44,41,,,,,
SSKN,100.0,100.0,100.0,100.0,100.0,100.0,50,45,44,41,,,,,
HPK,100.0,100.0,100.0,100.0,100.0,100.0,50,45,44,41,,,,,
WLACU,100.0,100.0,100.0,100.0,100.0,100.0,50,45,44,41,,,,,
IFRX,100.0,100.0,100.0,100.0,100.0,100.0,50,45,44,41,,,,,
NPK,100.0,100.0,100.0,100.0,100.0,100.0,50,45,44,41,,,,,
TRNO,100.0,100.0,100.0,100.0,100.0,100.0,50,45,44,41,,,,,
HBCP,100.0,100.0,100.0,100.0,100.0,100.0,50,45,44,41,,,,,
CARL,100.0,100.0,100.0,100.0,100.0,100.0,50,45,44,41,13.6,0.0,14.34,14.34,0.23
PK,100.0,100.0,100.0,100.0,100.0,100.0,50,45,44,41,,,,,
BKYI,100.0,100.0,100.0,100.0,100.0,100.0,50,45,44,41,,,,,
FURY,100.0,100.0,100.0,100.0,100.0,100.0,50,45,44,41,,,,,
MTC,100.0,100.0,100.0,100.0,100.0,100.0,50,45,44,41,,,,,
AMRX,100.0,100.0,100.0,100.0,100.0,100.0,50,45,44,41,,,,,
DOUG,100.0,100.0,100.0,100.0,100.0,100.0,50,45,44,41,,,,,
FCEL,100.0,100.0,100.0,100.0,100.0,100.0,50,45,44,41,,,,,
STRW,100.0,100.0,100.0,100.0,100.0,100.0,50,45,44,41,,,,,
DRI,100.0,100.0,100.0,100.0,100.0,100.0,50,45,44,41,,,,,
MLI,100.0,100.0,100.0,100.0,100.0,100.0,50,45,44,41,,,,,
GMGI,100.0,100.0,100.0,100.0,100.0,100.0,50,45,44,41,,,,,
MMA,100.0,100.0,100.0,100.0,100.0,100.0,50,45,44,41,,,,,
DOC,100.0,100.0,100.0,100.0,100.0,100.0,50,45,44,41,,,,,
LXEO,100.0,100.0,100.0,100.0,100.0,100.0,50,45,44,41,,,,,
MITT,100.0,100.0,100.0,100.0,100.0,100.0,50,45,44,41,,,,,
MRTN,100.0,100.0,100.0,100.0,100.0,100.0,50,45,44,41,,,,,
RYAM,100.0,100.0,100.0,100.0,100.0,100.0,50,45,44,41,,,,,
CSIQ,100.0,100.0,100.0,100.0,100.0,100.0,50,45,44,41,,,,,
CSCI,100.0,100.0,100.0,100.0,100.0,100.0,50,45,44,41,,,,,
IEX,100.0,100.0,100.0,100.0,100.0,100.0,50,45,44,41,,,,,
AXSM,100.0,100.0,100.0,100.0,100.0,100.0,50,45,44,41,,,,,
MCBS,100.0,100.0,100.0,100.0,100.0,100.0,50,45,44,41,,,,,
CXM,100.0,100.0,100.0,100.0,100.0,100.0,50,45,44,41,,,,,
PAYO,100.0,100.0,100.0,100.0,100.0,100.0,50,45,44,41,,,,,
BILI,100.0,100.0,100.0,100.0,100.0,100.0,50,45,44,41,,,,,
TRMD,100.0,100.0,100.0,100.0,100.0,100.0,50,45,44,41,,,,,
TFPM,100.0,100.0,100.0,100.0,100.0,100.0,50,45,44,41,,,,,
YORK,100.0,100.0,100.0,100.0,100.0,100.0,50,45,44,41,,,,,
UROY,100.0,100.0,100.0,100.0,100.0,100.0,50,45,44,41,,,,,
ATNI,100.0,100.0,100.0,100.0,100.0,100.0,50,45,44,41,,,,,
RARE,100.0,100.0,100.0,100.0,100.0,100.0,50,45,44,41,,,,,
WNW,100.0,100.0,100.0,100.0,100.0,100.0,50,45,44,41,,,,,
PCSC,100.0,100.0,100.0,100.0,100.0,100.0,50,45,44,41,,,,,
NNE,100.0,100.0,100.0,100.0,100.0,100.0,50,45,44,41,,,,,
UAL,100.0,100.0,100.0,100.0,100.0,100.0,50,45,44,41,,,,,
INTJ,100.0,100.0,100.0,100.0,100.0,100.0,50,45,44,41,,,,,
EFSI,100.0,100.0,100.0,100.0,100.0,100.0,50,45,44,41,,,,,
ATKR,100.0,100.0,100.0,100.0,100.0,100.0,50,45,44,41,,,,,
KFFB,100.0,100.0,100.0,100.0,100.0,100.0,50,45,44,41,,,,,
KMPR,100.0,100.0,100.0,100.0,100.0,100.0,50,45,44,41,,,,,
PRKS,100.0,100.0,100.0,100.0,100.0,100.0,50,45,44,41,,,,,
FULTP,100.0,100.0,100.0,100.0,100.0,100.0,50,45,44,41,,,,,
BDL,100.0,100.0,100.0,100.0,100.0,100.0,50,45,44,41,,,,,
PBPB,100.0,100.0,100.0,100.0,100.0,100.0,50,45,44,41,,,,,
SRTS,100.0,100.0,100.0,100.0,100.0,100.0,50,45,44,41,,,,,
PMNT,100.0,100.0,100.0,100.0,100.0,100.0,50,45,44,41,,,,,
BGS,100.0,100.0,100.0,100.0,100.0,100.0,50,45,44,41,,,,,
CCL,100.0,100.0,100.0,100.0,100.0,100.0,50,45,44,41,,,,,
HPAI,100.0,100.0,100.0,100.0,100.0,100.0,50,45,44,41,,,,,
UDMY,100.0,100.0,100.0,100.0,100.0,100.0,50,45,44,41,,,,,
SPRC,100.0,100.0,100.0,100.0,100.0,100.0,50,45,44,41,,,,,
IMCC,100.0,100.0,100.0,100.0,100.0,100.0,50,45,44,41,,,,,
CVRX,100.0,100.0,100.0,100.0,100.0,100.0,50,45,44,41,,,,,
MSPR,100.0,100.0,100.0,100.0,100.0,100.0,50,45,44,41,,,,,
NXDR,100.0,100.0,100.0,100.0,100.0,100.0,50,45,44,41,,,,,
SERV,100.0,100.0,100.0,100.0,100.0,100.0,50,45,44,41,,,,,
VERX,100.0,100.0,100.0,100.0,100.0,100.0,50,45,44,41,,,,,
PCRX,100.0,100.0,100.0,100.0,100.0,100.0,50,45,44,41,,,,,
GLAD,100.0,100.0,100.0,100.0,100.0,100.0,50,45,44,41,,,,,
IVZ,100.0,100.0,100.0,100.0,100.0,100.0,50,45,44,41,,,,,
FRAF,100.0,100.0,100.0,100.0,100.0,100.0,50,45,44,41,,,,,
KZIA,100.0,100.0,100.0,100.0,100.0,100.0,50,45,44,41,,,,,
ARMN,100.0,100.0,100.0,100.0,100.0,100.0,50,45,44,41,,,,,
QTRX,100.0,100.0,100.0,100.0,100.0,100.0,50,45,44,41,,,,,
OPAL,100.0,100.0,100.0,100.0,100.0,100.0,50,45,44,41,,,,,
MATX,100.0,100.0,100.0,100.0,100.0,100.0,50,45,44,41,,,,,
BBDO,100.0,100.0,100.0,100.0,100.0,100.0,50,45,44,41,,,,,
ANTE,100.0,100.0,100.0,100.0,100.0,100.0,50,45,44,41,,,,,
DUO,100.0,100.0,100.0,100.0,100.0,100.0,50,45,44,41,,,,,
ARCC,100.0,100.0,100.0,100.0,100.0,100.0,50,45,44,41,,,,,
ZJK,100.0,100.0,100.0,100.0,100.0,100.0,50,45,44,41,,,,,
MFA,100.0,100.0,100.0,100.0,100.0,100.0,50,45,44,41,,,,,
BZH,100.0,100.0,100.0,100.0,100.0,100.0,50,45,44,41,,,,,
IART,100.0,100.0,100.0,100.0,100.0,100.0,50,45,44,41,,,,,
ADT,100.0,100.0,100.0,100.0,100.0,100.0,50,45,44,41,,,,,
AROW,100.0,100.0,100.0,100.0,100.0,100.0,50,45,44,41,,,,,
BOKF,100.0,100.0,100.0,100.0,100.0,100.0,50,45,44,41,,,,,
CBAT,100.0,100.0,100.0,100.0,100.0,100.0,50,45,44,41,,,,,
SLRC,100.0,100.0,100.0,100.0,100.0,100.0,50,45,44,41,,,,,
EBR,100.0,100.0,100.0,100.0,100.0,100.0,50,45,44,41,,,,,
TGB,100.0,100.0,100.0,100.0,100.0,100.0,50,45,44,41,,,,,
BBD,100.0,100.0,100.0,100.0,100.0,100.0,50,45,44,41,,,,,
LGIH,100.0,100.0,100.0,100.0,100.0,100.0,50,45,44,41,,,,,
IVF,100.0,100.0,100.0,100.0,100.0,100.0,50,45,44,41,,,,,
PLMK,100.0,100.0,100.0,100.0,100.0,100.0,50,45,44,41,,,,,
SUGP,100.0,100.0,100.0,100.0,100.0,100.0,50,45,44,41,,,,,
ASIX,100.0,100.0,100.0,100.0,100.0,100.0,50,45,44,41,,,,,
CDTG,100.0,100.0,100.0,100.0,100.0,100.0,50,45,44,41,,,,,
AACT,100.0,100.0,100.0,100.0,100.0,100.0,50,45,44,41,,,,,
PRTC,100.0,100.0,100.0,100.0,100.0,100.0,50,45,44,41,,,,,
MGPI,100.0,100.0,100.0,100.0,100.0,100.0,50,45,44,41,,,,,
BSAAU,100.0,100.0,100.0,100.0,100.0,100.0,50,45,44,41,10.31,1.0,10.06,10.06,0.0
ALE,100.0,100.0,100.0,100.0,100.0,100.0,50,45,44,41,,,,,
ZTEK,100.0,100.0,100.0,100.0,100.0,100.0,50,45,44,41,,,,,
DHIL,100.0,100.0,100.0,100.0,100.0,100.0,50,45,44,41,,,,,
CLF,100.0,100.0,100.0,100.0,100.0,100.0,50,45,44,41,,,,,
KRNY,100.0,100.0,100.0,100.0,100.0,100.0,50,45,44,41,,,,,
SHG,100.0,100.0,100.0,100.0,100.0,100.0,50,45,44,41,,,,,
CETY,100.0,100.0,100.0,100.0,100.0,100.0,50,45,44,41,,,,,
LCCC,100.0,100.0,100.0,100.0,100.0,100.0,50,45,44,41,10.05,0.9,10.03,10.03,0.12
CBUS,100.0,100.0,100.0,100.0,100.0,100.0,50,45,44,41,,,,,
BAOS,100.0,100.0,100.0,100.0,100.0,100.0,50,45,44,41,,,,,
EPRX,100.0,100.0,100.0,100.0,100.0,100.0,50,45,44,41,,,,,
PC,100.0,100.0,100.0,100.0,100.0,100.0,50,45,44,41,,,,,
MNSBP,100.0,100.0,100.0,100.0,100.0,100.0,50,45,44,41,,,,,
IRS,100.0,100.0,100.0,100.0,100.0,100.0,50,45,44,41,,,,,
VRAR,100.0,100.0,100.0,100.0,100.0,100.0,50,45,44,41,,,,,
XWEL,100.0,100.0,100.0,100.0,100.0,100.0,50,45,44,41,,,,,
CVLT,100.0,100.0,100.0,100.0,100.0,100.0,50,45,44,41,,,,,
CNM,100.0,100.0,100.0,100.0,100.0,100.0,50,45,44,41,,,,,
IPCXU,100.0,100.0,100.0,100.0,100.0,100.0,50,45,44,41,,,,,
CVS,100.0,100.0,100.0,100.0,100.0,100.0,50,45,44,41,,,,,
VRME,100.0,100.0,100.0,100.0,100.0,100.0,50,45,44,41,,,,,
NFG,100.0,100.0,100.0,100.0,100.0,100.0,50,45,44,41,,,,,
AMP,100.0,100.0,100.0,100.0,100.0,100.0,50,45,44,41,,,,,
MITK,100.0,100.0,100.0,100.0,100.0,100.0,50,45,44,41,,,,,
EMX,100.0,100.0,100.0,100.0,100.0,100.0,50,45,44,41,,,,,
SOPA,100.0,100.0,100.0,100.0,100.0,100.0,50,45,44,41,,,,,
FF,100.0,100.0,100.0,100.0,100.0,100.0,50,45,44,41,,,,,
SLG,100.0,100.0,100.0,100.0,100.0,100.0,50,45,44,41,,,,,
MODV,100.0,100.0,100.0,100.0,100.0,100.0,50,45,44,41,,,,,
HSPOU,100.0,100.0,100.0,100.0,100.0,100.0,50,45,44,41,,,,,
LBRDA,100.0,100.0,100.0,100.0,100.0,100.0,50,45,44,41,,,,,
GNS,100.0,100.0,100.0,100.0,100.0,100.0,50,45,44,41,,,,,
IT,100.0,100.0,100.0,100.0,100.0,100.0,50,45,44,41,,,,,
EH,100.0,100.0,100.0,100.0,100.0,100.0,50,45,44,41,,,,,
PARAA,100.0,100.0,100.0,100.0,100.0,100.0,50,45,44,41,,,,,
STGW,100.0,100.0,100.0,100.0,100.0,100.0,50,45,44,41,,,,,
ACMR,100.0,100.0,100.0,100.0,100.0,100.0,50,45,44,41,,,,,
PLG,100.0,100.0,100.0,100.0,100.0,100.0,50,45,44,41,,,,,
XBIO,100.0,100.0,100.0,100.0,100.0,100.0,50,45,44,41,,,,,
GP,100.0,100.0,100.0,100.0,100.0,100.0,50,45,44,41,,,,,
ERIC,100.0,100.0,100.0,100.0,100.0,100.0,50,45,44,41,,,,,
PD,100.0,100.0,100.0,100.0,100.0,100.0,50,45,44,41,,,,,
NXT,100.0,100.0,100.0,100.0,100.0,100.0,50,45,44,41,,,,,
SSD,100.0,100.0,100.0,100.0,100.0,100.0,50,45,44,41,,,,,
NSYS,100.0,100.0,100.0,100.0,100.0,100.0,50,45,44,41,,,,,
FCUV,100.0,100.0,100.0,100.0,100.0,100.0,50,45,44,41,,,,,
INV,100.0,100.0,100.0,100.0,100.0,100.0,50,45,44,41,,,,,
STHO,100.0,100.0,100.0,100.0,100.0,100.0,50,45,44,41,,,,,
PLTK,100.0,100.0,100.0,100.0,100.0,100.0,50,45,44,41,,,,,
CHA,100.0,100.0,100.0,100.0,100.0,100.0,50,45,44,41,,,,,
DNUT,100.0,100.0,100.0,100.0,100.0,100.0,50,45,44,41,,,,,
CHTR,100.0,100.0,100.0,100.0,100.0,100.0,50,45,44,41,,,,,
BTCT,100.0,100.0,100.0,100.0,100.0,100.0,50,45,44,41,,,,,
RGP,100.0,100.0,100.0,100.0,100.0,100.0,50,45,44,41,,,,,
TJX,100.0,100.0,100.0,100.0,100.0,100.0,50,45,44,41,,,,,
CMCT,100.0,100.0,100.0,100.0,100.0,100.0,50,45,44,41,,,,,
GT,100.0,100.0,100.0,100.0,100.0,100.0,50,45,44,41,,,,,
PRI,100.0,100.0,100.0,100.0,100.0,100.0,50,45,44,41,,,,,
GLSI,100.0,100.0,100.0,100.0,100.0,100.0,50,45,44,41,,,,,
WINA,100.0,100.0,100.0,100.0,100.0,100.0,50,45,44,41,,,,,
ONDS,100.0,100.0,100.0,100.0,100.0,100.0,50,45,44,41,,,,,
LNT,100.0,100.0,100.0,100.0,100.0,100.0,50,45,44,41,,,,,
PRFX,100.0,100.0,100.0,100.0,100.0,100.0,50,45,44,41,,,,,
AR,100.0,100.0,100.0,100.0,100.0,100.0,50,45,44,41,,,,,
VIRT,100.0,100.0,100.0,100.0,100.0,100.0,50,45,44,41,,,,,
GHLD,100.0,100.0,100.0,100.0,100.0,100.0,50,45,44,41,,,,,
WTGUU,100.0,100.0,100.0,100.0,100.0,100.0,50,45,44,41,10.16,0.65,10.09,10.09,0.0
GEO,100.0,100.0,100.0,100.0,100.0,100.0,50,45,44,41,,,,,
SWX,100.0,100.0,100.0,100.0,100.0,100.0,50,45,44,41,,,,,
CELH,100.0,100.0,100.0,100.0,100.0,100.0,50,45,44,41,,,,,
ANGH,100.0,100.0,100.0,100.0,100.0,100.0,50,45,44,41,,,,,
BIOA,100.0,100.0,100.0,100.0,100.0,100.0,50,45,44,41,,,,,
CMBM,100.0,100.0,100.0,100.0,100.0,100.0,50,45,44,41,,,,,
HCTI,100.0,100.0,100.0,100.0,100.0,100.0,50,45,44,41,,,,,
HSPO,100.0,100.0,100.0,100.0,100.0,100.0,50,45,44,41,,,,,
FWONK,100.0,100.0,100.0,100.0,100.0,100.0,50,45,44,41,,,,,
SKLZ,100.0,100.0,100.0,100.0,100.0,100.0,50,45,44,41,,,,,
DCTH,100.0,100.0,100.0,100.0,100.0,100.0,50,45,44,41,,,,,
AAON,100.0,100.0,100.0,100.0,100.0,100.0,50,45,44,41,,,,,
COYA,100.0,100.0,100.0,100.0,100.0,100.0,50,45,44,41,,,,,
PLX,100.0,100.0,100.0,100.0,100.0,100.0,50,45,44,41,,,,,
BOH,100.0,100.0,100.0,100.0,100.0,100.0,50,45,44,41,,,,,
BLBD,100.0,100.0,100.0,100.0,100.0,100.0,50,45,44,41,,,,,
EDSA,100.0,100.0,100.0,100.0,100.0,100.0,50,45,44,41,,,,,
CNP,100.0,100.0,100.0,100.0,100.0,100.0,50,45,44,41,,,,,
ZBH,100.0,100.0,100.0,100.0,100.0,100.0,50,45,44,41,,,,,
SKYT,100.0,100.0,100.0,100.0,100.0,100.0,50,45,44,41,,,,,
XTIA,100.0,100.0,100.0,100.0,100.0,100.0,50,45,44,41,,,,,
ALUR,100.0,100.0,100.0,100.0,100.0,100.0,50,45,44,41,,,,,
RERE,100.0,100.0,100.0,100.0,100.0,100.0,50,45,44,41,,,,,
HRTX,100.0,100.0,100.0,100.0,100.0,100.0,50,45,44,41,,,,,
SARO,100.0,100.0,100.0,100.0,100.0,100.0,50,45,44,41,,,,,
HR,100.0,100.0,100.0,100.0,100.0,100.0,50,45,44,41,,,,,
AII,100.0,100.0,100.0,100.0,100.0,100.0,50,45,44,41,,,,,
MPLX,100.0,100.0,100.0,100.0,100.0,100.0,50,45,44,41,,,,,
ASIC,100.0,100.0,100.0,100.0,100.0,100.0,50,45,44,41,,,,,
UNB,100.0,100.0,100.0,100.0,100.0,100.0,50,45,44,41,,,,,
KRRO,100.0,100.0,100.0,100.0,100.0,100.0,50,45,44,41,,,,,
AMIX,100.0,100.0,100.0,100.0,100.0,100.0,50,45,44,41,,,,,
AVA,100.0,100.0,100.0,100.0,100.0,100.0,50,45,44,41,,,,,
SURG,100.0,100.0,100.0,100.0,100.0,100.0,50,45,44,41,,,,,
JMSB,100.0,100.0,100.0,100.0,100.0,100.0,50,45,44,41,,,,,
HAFN,100.0,100.0,100.0,100.0,100.0,100.0,50,45,44,41,,,,,
OPHC,100.0,100.0,100.0,100.0,100.0,100.0,50,45,44,41,,,,,
NA,100.0,100.0,100.0,100.0,100.0,100.0,50,45,44,41,,,,,
KTCC,100.0,100.0,100.0,100.0,100.0,100.0,50,45,44,41,,,,,
ZEO,100.0,100.0,100.0,100.0,100.0,100.0,50,45,44,41,,,,,
WBA,100.0,100.0,100.0,100.0,100.0,100.0,50,45,44,41,,,,,
MPU,100.0,100.0,100.0,100.0,100.0,100.0,50,45,44,41,,,,,
CTSH,100.0,100.0,100.0,100.0,100.0,100.0,50,45,44,41,,,,,
TRMK,100.0,100.0,100.0,100.0,100.0,100.0,50,45,44,41,,,,,
BSVN,100.0,100.0,100.0,100.0,100.0,100.0,50,45,44,41,,,,,
STWD,100.0,100.0,100.0,100.0,100.0,100.0,50,45,44,41,,,,,
RUM,100.0,100.0,100.0,100.0,100.0,100.0,50,45,44,41,,,,,
ALVO,100.0,100.0,100.0,100.0,100.0,100.0,50,45,44,41,,,,,
MACI,100.0,100.0,100.0,100.0,100.0,100.0,50,45,44,41,,,,,
RBLX,100.0,100.0,100.0,100.0,100.0,100.0,50,45,44,41,,,,,
PVBC,100.0,100.0,100.0,100.0,100.0,100.0,50,45,44,41,,,,,
SNEX,100.0,100.0,100.0,100.0,100.0,100.0,50,45,44,41,,,,,
KBSX,100.0,100.0,100.0,100.0,100.0,100.0,50,45,44,41,,,,,
SEE,100.0,100.0,100.0,100.0,100.0,100.0,50,45,44,41,,,,,
DNB,100.0,100.0,100.0,100.0,100.0,100.0,50,45,44,41,,,,,
VIV,100.0,100.0,100.0,100.0,100.0,100.0,50,45,44,41,,,,,
ACGLN,100.0,100.0,100.0,100.0,100.0,100.0,50,45,44,41,,,,,
CLIK,100.0,100.0,100.0,100.0,100.0,100.0,50,45,44,41,,,,,
ALL,100.0,100.0,100.0,100.0,100.0,100.0,50,45,44,41,,,,,
PHM,100.0,100.0,100.0,100.0,100.0,100.0,50,45,44,41,,,,,
TFX,100.0,100.0,100.0,100.0,100.0,100.0,50,45,44,41,,,,,
MIMI,100.0,100.0,100.0,100.0,100.0,100.0,50,45,44,41,,,,,
HOVNP,100.0,100.0,100.0,100.0,100.0,100.0,50,45,44,41,,,,,
IQV,100.0,100.0,100.0,100.0,100.0,100.0,50,45,44,41,,,,,
AQB,100.0,100.0,100.0,100.0,100.0,100.0,50,45,44,41,,,,,
BFRG,100.0,100.0,100.0,100.0,100.0,100.0,50,45,44,41,,,,,
CASI,100.0,100.0,100.0,100.0,100.0,100.0,50,45,44,41,,,,,
IBOC,100.0,100.0,100.0,100.0,100.0,100.0,50,45,44,41,,,,,
RMAX,100.0,100.0,100.0,100.0,100.0,100.0,50,45,44,41,,,,,
DKL,100.0,100.0,100.0,100.0,100.0,100.0,50,45,44,41,,,,,
EBF,100.0,100.0,100.0,100.0,100.0,100.0,50,45,44,41,,,,,
FORLU,100.0,100.0,100.0,100.0,100.0,100.0,50,45,44,41,,,,,
ES,100.0,100.0,100.0,100.0,100.0,100.0,50,45,44,41,,,,,
BBDC,100.0,100.0,100.0,100.0,100.0,100.0,50,45,44,41,,,,,
SYF,100.0,100.0,100.0,100.0,100.0,100.0,50,45,44,41,,,,,
DCOM,100.0,100.0,100.0,100.0,100.0,100.0,50,45,44,41,,,,,
XPER,100.0,100.0,100.0,100.0,100.0,100.0,50,45,44,41,,,,,
PINS,100.0,100.0,100.0,100.0,100.0,100.0,50,45,44,41,,,,,
BWXT,100.0,100.0,100.0,100.0,100.0,100.0,50,45,44,41,,,,,
VSEE,100.0,100.0,100.0,100.0,100.0,100.0,50,45,44,41,,,,,
VBNK,100.0,100.0,100.0,100.0,100.0,100.0,50,45,44,41,,,,,
WTF,100.0,100.0,100.0,100.0,100.0,100.0,50,45,44,41,,,,,
GIBO,100.0,100.0,100.0,100.0,100.0,100.0,50,45,44,41,,,,,
LIEN,100.0,100.0,100.0,100.0,100.0,100.0,50,45,44,41,,,,,
AMTB,100.0,100.0,100.0,100.0,100.0,100.0,50,45,44,41,,,,,
AAPG,100.0,100.0,100.0,100.0,100.0,100.0,50,45,44,41,,,,,
PCTTU,100.0,100.0,100.0,100.0,100.0,100.0,50,45,44,41,,,,,
ISSC,100.0,100.0,100.0,100.0,100.0,100.0,50,45,44,41,,,,,
UMBFO,100.0,100.0,100.0,100.0,100.0,100.0,50,45,44,41,26.24,0.78,25.91,25.91,0.23
NVCT,100.0,100.0,100.0,100.0,100.0,100.0,50,45,44,41,,,,,
BCRX,100.0,100.0,100.0,100.0,100.0,100.0,50,45,44,41,,,,,
JCSE,100.0,100.0,100.0,100.0,100.0,100.0,50,45,44,41,,,,,
IPODU,100.0,100.0,100.0,100.0,100.0,100.0,50,45,44,41,10.2,0.95,10.14,10.12,0.0
MSC,100.0,100.0,100.0,100.0,100.0,100.0,50,45,44,41,,,,,
GPRK,100.0,100.0,100.0,100.0,100.0,100.0,50,45,44,41,,,,,
SOFI,100.0,100.0,100.0,100.0,100.0,100.0,50,45,44,41,,,,,
RSKD,100.0,100.0,100.0,100.0,100.0,100.0,50,45,44,41,,,,,
CFR,100.0,100.0,100.0,100.0,100.0,100.0,50,45,44,41,,,,,
RNAC,100.0,100.0,100.0,100.0,100.0,100.0,50,45,44,41,,,,,
NRIM,100.0,100.0,100.0,100.0,100.0,100.0,50,45,44,41,,,,,
IMXI,100.0,100.0,100.0,100.0,100.0,100.0,50,45,44,41,,,,,
MFI,100.0,100.0,100.0,100.0,100.0,100.0,50,45,44,41,,,,,
NX,100.0,100.0,100.0,100.0,100.0,100.0,50,45,44,41,,,,,
ARE,100.0,100.0,100.0,100.0,100.0,100.0,50,45,44,41,,,,,
CNL,100.0,100.0,100.0,100.0,100.0,100.0,50,45,44,41,,,,,
NAK,100.0,100.0,100.0,100.0,100.0,100.0,50,45,44,41,,,,,
HLI,100.0,100.0,100.0,100.0,100.0,100.0,50,45,44,41,,,,,
FVNNU,100.0,100.0,100.0,100.0,100.0,100.0,50,45,44,41,,,,,
ODYS,100.0,100.0,100.0,100.0,100.0,100.0,50,45,44,41,,,,,
JWEL,100.0,100.0,100.0,100.0,100.0,100.0,50,45,44,41,,,,,
ADAG,100.0,100.0,100.0,100.0,100.0,100.0,50,45,44,41,,,,,
BBW,100.0,100.0,100.0,100.0,100.0,100.0,50,45,44,41,,,,,
ORMP,100.0,100.0,100.0,100.0,100.0,100.0,50,45,44,41,,,,,
GOOGL,100.0,100.0,100.0,100.0,100.0,100.0,50,45,44,41,,,,,
CCEL,100.0,100.0,100.0,100.0,100.0,100.0,50,45,44,41,,,,,
BEP,100.0,100.0,100.0,100.0,100.0,100.0,50,45,44,41,,,,,
CWD,100.0,100.0,100.0,100.0,100.0,100.0,50,45,44,41,,,,,
DTIL,100.0,100.0,100.0,100.0,100.0,100.0,50,45,44,41,,,,,
ACVA,100.0,100.0,100.0,100.0,100.0,100.0,50,45,44,41,,,,,
MKTX,100.0,100.0,100.0,100.0,100.0,100.0,50,45,44,41,,,,,
MEG,100.0,100.0,100.0,100.0,100.0,100.0,50,45,44,41,,,,,
KULR,100.0,100.0,100.0,100.0,100.0,100.0,50,45,44,41,,,,,
YALA,100.0,100.0,100.0,100.0,100.0,100.0,50,45,44,41,,,,,
BMBL,100.0,100.0,100.0,100.0,100.0,100.0,50,45,44,41,,,,,
LTC,100.0,100.0,100.0,100.0,100.0,100.0,50,45,44,41,,,,,
BCYC,100.0,100.0,100.0,100.0,100.0,100.0,50,45,44,41,,,,,
QETA,100.0,100.0,100.0,100.0,100.0,100.0,50,45,44,41,,,,,
BB,100.0,100.0,100.0,100.0,100.0,100.0,50,45,44,41,,,,,
CHNR,100.0,100.0,100.0,100.0,100.0,100.0,50,45,44,41,,,,,
ESLT,100.0,100.0,100.0,100.0,100.0,100.0,50,45,44,41,,,,,
CPBI,100.0,100.0,100.0,100.0,100.0,100.0,50,45,44,41,,,,,
BAP,100.0,100.0,100.0,100.0,100.0,100.0,50,45,44,41,,,,,
NLY,100.0,100.0,100.0,100.0,100.0,100.0,50,45,44,41,,,,,
LXU,100.0,100.0,100.0,100.0,100.0,100.0,50,45,44,41,,,,,
TVAI,100.0,100.0,100.0,100.0,100.0,100.0,50,45,44,41,,,,,
GRNQ,100.0,100.0,100.0,100.0,100.0,100.0,50,45,44,41,,,,,
DEC,100.0,100.0,100.0,100.0,100.0,100.0,50,45,44,41,,,,,
MH,100.0,100.0,100.0,100.0,100.0,100.0,50,45,44,41,15.32,0.0,16.31,16.31,0.42
DGX,100.0,100.0,100.0,100.0,100.0,100.0,50,45,44,41,,,,,
RGS,100.0,100.0,100.0,100.0,100.0,100.0,50,45,44,41,,,,,
MATW,100.0,100.0,100.0,100.0,100.0,100.0,50,45,44,41,,,,,
MFIC,100.0,100.0,100.0,100.0,100.0,100.0,50,45,44,41,,,,,
EARN,100.0,100.0,100.0,100.0,100.0,100.0,50,45,44,41,,,,,
EBS,100.0,100.0,100.0,100.0,100.0,100.0,50,45,44,41,,,,,
BXMT,100.0,100.0,100.0,100.0,100.0,100.0,50,45,44,41,,,,,
AMBA,100.0,100.0,100.0,100.0,100.0,100.0,50,45,44,41,,,,,
HSBC,100.0,100.0,100.0,100.0,100.0,100.0,50,45,44,41,,,,,
UTL,100.0,100.0,100.0,100.0,100.0,100.0,50,45,44,41,,,,,
DPRO,100.0,100.0,100.0,100.0,100.0,100.0,50,45,44,41,,,,,
FLWS,100.0,100.0,100.0,100.0,100.0,100.0,50,45,44,41,,,,,
KORE,100.0,100.0,100.0,100.0,100.0,100.0,50,45,44,41,,,,,
ZENV,100.0,100.0,100.0,100.0,100.0,100.0,50,45,44,41,,,,,
BNS,100.0,100.0,100.0,100.0,100.0,100.0,50,45,44,41,,,,,
BAYA,100.0,100.0,100.0,100.0,100.0,100.0,50,45,44,41,,,,,
HOLX,100.0,100.0,100.0,100.0,100.0,100.0,50,45,44,41,,,,,
TPH,100.0,100.0,100.0,100.0,100.0,100.0,50,45,44,41,,,,,
VSEC,100.0,100.0,100.0,100.0,100.0,100.0,50,45,44,41,,,,,
TLIH,100.0,100.0,100.0,100.0,100.0,100.0,50,45,44,41,,,,,
CHYM,100.0,100.0,100.0,100.0,100.0,100.0,50,45,44,41,,,,,
DKNG,100.0,100.0,100.0,100.0,100.0,100.0,50,45,44,41,,,,,
HONDU,100.0,100.0,100.0,100.0,100.0,100.0,50,45,44,41,,,,,
SWKH,100.0,100.0,100.0,100.0,100.0,100.0,50,45,44,41,,,,,
NEXA,100.0,100.0,100.0,100.0,100.0,100.0,50,45,44,41,,,,,
HSIC,100.0,100.0,100.0,100.0,100.0,100.0,50,45,44,41,,,,,
NABL,100.0,100.0,100.0,100.0,100.0,100.0,50,45,44,41,,,,,
CLPS,100.0,100.0,100.0,100.0,100.0,100.0,50,45,44,41,,,,,
JBSS,100.0,100.0,100.0,100.0,100.0,100.0,50,45,44,41,,,,,
RYN,100.0,100.0,100.0,100.0,100.0,100.0,50,45,44,41,,,,,
NBIX,100.0,100.0,100.0,100.0,100.0,100.0,50,45,44,41,,,,,
UDR,100.0,100.0,100.0,100.0,100.0,100.0,50,45,44,41,,,,,
GATX,100.0,100.0,100.0,100.0,100.0,100.0,50,45,44,41,,,,,
WES,100.0,100.0,100.0,100.0,100.0,100.0,50,45,44,41,,,,,
CUZ,100.0,100.0,100.0,100.0,100.0,100.0,50,45,44,41,,,,,
TACH,100.0,100.0,100.0,100.0,100.0,100.0,50,45,44,41,,,,,
B,100.0,100.0,100.0,100.0,100.0,100.0,50,45,44,41,,,,,
BCH,100.0,100.0,100.0,100.0,100.0,100.0,50,45,44,41,,,,,
COGT,100.0,100.0,100.0,100.0,100.0,100.0,50,45,44,41,,,,,
JRSH,100.0,100.0,100.0,100.0,100.0,100.0,50,45,44,41,,,,,
SXTP,100.0,100.0,100.0,100.0,100.0,100.0,50,45,44,41,,,,,
SYBT,100.0,100.0,100.0,100.0,100.0,100.0,50,45,44,41,,,,,
CBRL,100.0,100.0,100.0,100.0,100.0,100.0,50,45,44,41,,,,,
GMHS,100.0,100.0,100.0,100.0,100.0,100.0,50,45,44,41,,,,,
NBTB,100.0,100.0,100.0,100.0,100.0,100.0,50,45,44,41,,,,,
OPXS,100.0,100.0,100.0,100.0,100.0,100.0,50,45,44,41,,,,,
IVP,100.0,100.0,100.0,100.0,100.0,100.0,50,45,44,41,,,,,
SYNA,100.0,100.0,100.0,100.0,100.0,100.0,50,45,44,41,,,,,
URG,100.0,100.0,100.0,100.0,100.0,100.0,50,45,44,41,,,,,
PELI,100.0,100.0,100.0,100.0,100.0,100.0,50,45,44,41,,,,,
CVGI,100.0,100.0,100.0,100.0,100.0,100.0,50,45,44,41,,,,,
GSK,100.0,100.0,100.0,100.0,100.0,100.0,50,45,44,41,,,,,
GELS,100.0,100.0,100.0,100.0,100.0,100.0,50,45,44,41,,,,,
DARE,100.0,100.0,100.0,100.0,100.0,100.0,50,45,44,41,,,,,
PLBY,100.0,100.0,100.0,100.0,100.0,100.0,50,45,44,41,,,,,
GNW,100.0,100.0,100.0,100.0,100.0,100.0,50,45,44,41,,,,,
ACM,100.0,100.0,100.0,100.0,100.0,100.0,50,45,44,41,,,,,
MMM,100.0,100.0,100.0,100.0,100.0,100.0,50,45,44,41,,,,,
WCC,100.0,100.0,100.0,100.0,100.0,100.0,50,45,44,41,,,,,
OII,100.0,100.0,100.0,100.0,100.0,100.0,50,45,44,41,,,,,
PFSI,100.0,100.0,100.0,100.0,100.0,100.0,50,45,44,41,,,,,
SCI,100.0,100.0,100.0,100.0,100.0,100.0,50,45,44,41,,,,,
RTX,100.0,100.0,100.0,100.0,100.0,100.0,50,45,44,41,,,,,
RAND,100.0,100.0,100.0,100.0,100.0,100.0,50,45,44,41,,,,,
SEI,100.0,100.0,100.0,100.0,100.0,100.0,50,45,44,41,,,,,
ETON,100.0,100.0,100.0,100.0,100.0,100.0,50,45,44,41,,,,,
CREG,100.0,100.0,100.0,100.0,100.0,100.0,50,45,44,41,,,,,
CNS,100.0,100.0,100.0,100.0,100.0,100.0,50,45,44,41,,,,,
RSI,100.0,100.0,100.0,100.0,100.0,100.0,50,45,44,41,,,,,
BBCP,100.0,100.0,100.0,100.0,100.0,100.0,50,45,44,41,,,,,
PGEN,100.0,100.0,100.0,100.0,100.0,100.0,50,45,44,41,,,,,
HNRG,100.0,100.0,100.0,100.0,100.0,100.0,50,45,44,41,,,,,
LNZA,100.0,100.0,100.0,100.0,100.0,100.0,50,45,44,41,,,,,
SMID,100.0,100.0,100.0,100.0,100.0,100.0,50,45,44,41,,,,,
CNI,100.0,100.0,100.0,100.0,100.0,100.0,50,45,44,41,,,,,
ALLO,100.0,100.0,100.0,100.0,100.0,100.0,50,45,44,41,,,,,
SYNX,100.0,100.0,100.0,100.0,100.0,100.0,50,45,44,41,,,,,
WVE,100.0,100.0,100.0,100.0,100.0,100.0,50,45,44,41,,,,,
BHP,100.0,100.0,100.0,100.0,100.0,100.0,50,45,44,41,,,,,
IRTC,100.0,100.0,100.0,100.0,100.0,100.0,50,45,44,41,,,,,
CORZ,100.0,100.0,100.0,100.0,100.0,100.0,50,45,44,41,,,,,
GREE,100.0,100.0,100.0,100.0,100.0,100.0,50,45,44,41,,,,,
TECX,100.0,100.0,100.0,100.0,100.0,100.0,50,45,44,41,,,,,
RXRX,100.0,100.0,100.0,100.0,100.0,100.0,50,45,44,41,,,,,
NEXM,100.0,100.0,100.0,100.0,100.0,100.0,50,45,44,41,,,,,
SOTK,100.0,100.0,100.0,100.0,100.0,100.0,50,45,44,41,,,,,
TCI,100.0,100.0,100.0,100.0,100.0,100.0,50,45,44,41,,,,,
CNOB,100.0,100.0,100.0,100.0,100.0,100.0,50,45,44,41,,,,,
AEM,100.0,100.0,100.0,100.0,100.0,100.0,50,45,44,41,,,,,
OACCU,100.0,100.0,100.0,100.0,100.0,100.0,50,45,44,41,,,,,
TDY,100.0,100.0,100.0,100.0,100.0,100.0,50,45,44,41,,,,,
EGHA,100.0,100.0,100.0,100.0,100.0,100.0,50,45,44,41,10.1,0.93,10.02,10.02,0.0
POOL,100.0,100.0,100.0,100.0,100.0,100.0,50,45,44,41,,,,,
KIM,100.0,100.0,100.0,100.0,100.0,100.0,50,45,44,41,,,,,
UNP,100.0,100.0,100.0,100.0,100.0,100.0,50,45,44,41,,,,,
PUBM,100.0,100.0,100.0,100.0,100.0,100.0,50,45,44,41,,,,,
EMR,100.0,100.0,100.0,100.0,100.0,100.0,50,45,44,41,,,,,
FIVN,100.0,100.0,100.0,100.0,100.0,100.0,50,45,44,41,,,,,
ARAY,100.0,100.0,100.0,100.0,100.0,100.0,50,45,44,41,,,,,
VRNA,100.0,100.0,100.0,100.0,100.0,100.0,50,45,44,41,,,,,
SAM,100.0,100.0,100.0,100.0,100.0,100.0,50,45,44,41,,,,,
OMER,100.0,100.0,100.0,100.0,100.0,100.0,50,45,44,41,,,,,
INNV,100.0,100.0,100.0,100.0,100.0,100.0,50,45,44,41,,,,,
AMRC,100.0,100.0,100.0,100.0,100.0,100.0,50,45,44,41,,,,,
WKSP,100.0,100.0,100.0,100.0,100.0,100.0,50,45,44,41,,,,,
OPTX,100.0,100.0,100.0,100.0,100.0,100.0,50,45,44,41,,,,,
SMR,100.0,100.0,100.0,100.0,100.0,100.0,50,45,44,41,,,,,
POCI,100.0,100.0,100.0,100.0,100.0,100.0,50,45,44,41,,,,,
NDLS,100.0,100.0,100.0,100.0,100.0,100.0,50,45,44,41,,,,,
TLK,100.0,100.0,100.0,100.0,100.0,100.0,50,45,44,41,,,,,
MO,100.0,100.0,100.0,100.0,100.0,100.0,50,45,44,41,,,,,
HCHL,100.0,100.0,100.0,100.0,100.0,100.0,50,45,44,41,2.8,0.0,4.74,4.74,1.9
UCAR,100.0,100.0,100.0,100.0,100.0,100.0,50,45,44,41,,,,,
AIFEU,99.98,100.1,101.5,101.19,101.0,100.0,16,81,79,41,10.2,0.57,10.28,10.2,0.0
LKFN,99.96,112.8,115.92,104.03,110.23,129.07,16,82,84,88,61.6,0.47,61.82,63.43,1.05
JEF,99.86,105.67,108.82,98.9,149.9,176.33,16,10,94,95,55.91,0.38,53.93,61.78,0.67
SMA,99.86,103.73,106.27,100.0,100.0,100.0,16,45,44,41,34.8,0.64,36.16,35.2,1.08
OTEX,99.84,107.15,111.33,107.29,99.16,96.61,16,84,9,5,28.38,0.54,28.76,27.98,0.78
IP,99.81,116.06,116.06,105.29,135.41,155.51,16,83,92,93,46.41,0.23,49.2,51.38,2.51
CIA,99.7,102.08,101.7,122.18,177.02,193.49,16,91,97,96,3.91,0.44,3.64,4.32,0.41
EPSN,99.57,101.95,125.67,142.22,137.59,126.25,16,95,93,87,6.1,0.35,7.19,6.48,0.79
ANIP,99.56,105.37,110.21,119.47,118.51,105.51,16,90,87,79,63.93,0.54,63.72,61.44,1.06
SPH,99.54,100.86,103.58,107.92,126.72,115.91,16,84,90,82,18.86,0.5,18.58,18.98,1.45
ACRS,99.52,119.26,128.19,107.51,174.84,395.09,16,84,96,98,1.53,0.13,1.5,1.98,0.88
NWN,99.51,101.1,110.86,115.15,116.18,119.27,16,88,86,84,39.88,0.52,40.23,40.1,0.87
VAL,99.48,117.61,124.04,99.94,83.67,81.38,16,10,4,3,45.28,0.33,44.66,43.01,1.62
RUSHB,99.43,107.19,114.84,115.56,124.16,130.95,16,88,89,88,52.36,0.58,52.98,54.16,0.89
PENN,99.41,111.18,115.36,102.71,118.04,117.73,16,82,87,84,17.8,0.45,17.16,18.29,0.94
VLN,99.31,128.74,130.47,123.37,127.09,156.8,16,91,90,94,2.38,0.37,2.46,2.32,0.81
NHI,99.29,99.29,103.47,112.46,113.18,134.91,16,87,85,89,71.33,0.42,70.75,71.12,0.97
FNLC,99.24,105.77,112.67,106.13,109.12,133.18,16,83,84,89,24.78,0.34,24.9,25.17,0.99
ZYME,99.21,107.65,126.32,114.43,134.61,185.89,16,88,92,96,12.57,0.39,12.78,13.24,1.4
AUDC,99.18,106.66,112.54,103.09,133.13,106.88,16,82,92,79,9.68,0.43,9.64,9.63,1.23
KVACU,99.13,104.33,104.62,105.91,105.46,119.31,16,83,81,84,11.44,0.29,11.36,11.17,0.0
RGLD,99.09,99.47,126.73,135.93,139.45,124.65,15,94,93,86,152.64,0.44,170.09,156.44,1.18
BKHAU,99.09,99.42,99.42,110.5,103.11,103.89,15,86,80,78,10.51,0.11,10.65,10.65,0.0
TNC,99.07,99.36,103.9,93.08,95.46,99.79,15,8,7,6,81.11,0.34,78.04,81.22,0.78
EOG,99.05,102.75,105.98,104.02,108.12,113.48,15,82,83,82,116.6,0.43,117.65,120.89,0.76
EBMT,99.03,105.41,119.94,126.8,127.1,136.88,15,92,90,90,15.76,0.6,16.69,16.41,0.42
AIG,99.02,103.32,112.41,113.55,119.81,109.93,15,87,88,80,77.0,0.45,82.76,78.52,1.05
TACT,99.0,99.0,104.78,97.75,100.42,95.58,15,9,79,5,3.84,0.34,3.68,3.93,0.87
ACGLO,98.98,98.98,100.3,98.08,98.9,107.82,15,9,8,80,20.8,0.34,20.41,20.89,0.93
NYT,98.86,100.08,114.15,113.57,110.11,121.79,15,87,84,85,52.29,0.6,54.8,52.43,1.25
TGNA,98.79,105.08,112.34,109.53,124.0,136.94,15,85,89,90,16.07,0.52,16.76,17.24,1.18
MSIF,98.76,102.76,107.4,104.93,100.0,100.0,15,83,44,41,14.86,0.27,16.24,15.89,4.0
AUST,98.72,102.6,121.6,144.19,141.01,343.55,15,95,93,98,1.28,0.19,1.39,1.5,1.07
PBYI,98.72,108.53,128.27,121.58,115.27,110.08,15,90,86,81,3.07,0.46,3.41,3.13,0.69
ESI,98.68,103.1,115.15,93.84,107.67,127.07,15,8,83,87,23.17,0.49,22.85,24.29,1.66
BHE,98.64,101.36,106.37,95.99,113.71,156.23,15,9,86,93,37.71,0.28,38.38,41.12,1.67
HTBK,98.59,106.71,124.01,113.9,118.89,128.24,15,87,87,87,9.25,0.44,9.73,9.58,1.66
LUCD,98.59,111.84,124.26,150.52,193.79,107.43,15,95,97,79,1.0,0.28,1.2,1.13,0.55
APO,98.59,109.04,119.55,109.28,144.07,171.12,15,85,94,95,138.29,0.51,140.27,148.15,1.65
PBA,98.58,99.08,102.92,108.73,112.82,122.82,15,85,85,85,37.2,0.4,37.11,37.56,0.64
GSBD,98.54,105.41,109.1,96.46,102.4,97.32,15,9,80,5,11.04,0.48,11.26,11.23,0.84
OPBK,98.53,111.42,121.69,116.74,128.02,172.55,15,89,90,95,12.8,0.31,12.86,13.65,0.73
SUZ,98.44,99.7,99.71,103.52,108.22,108.67,15,82,83,80,9.31,0.35,9.29,9.66,1.25
ORKA,98.41,101.81,120.3,83.58,77.21,183.65,15,5,4,96,13.6,0.29,12.76,15.2,0.6
SFBS,98.35,104.7,116.8,105.24,130.94,158.21,15,83,91,94,77.31,0.31,77.63,82.57,1.4
MGIH,98.34,109.26,106.76,118.24,134.19,198.89,15,89,92,96,1.52,0.11,1.59,1.6,0.6
CPHC,98.33,98.33,99.38,101.15,104.95,115.95,15,81,81,83,18.41,0.28,18.19,19.08,0.0
FULT,98.32,104.9,119.97,105.68,126.05,136.14,15,83,90,90,17.62,0.41,18.03,18.47,1.63
SAMG,98.3,104.07,107.96,101.85,121.43,122.91,15,81,88,85,15.87,0.43,15.56,16.5,0.79
RITR,98.3,100.45,143.29,179.68,110.35,105.11,15,97,84,78,4.1,0.29,4.58,4.13,0.07
ETD,98.29,106.9,115.29,106.86,109.22,109.81,15,84,84,80,28.56,0.59,28.04,27.93,1.74
UONE,98.25,122.89,125.34,108.3,99.01,85.43,15,84,8,3,1.55,0.28,1.69,1.52,0.32
HLIO,98.24,105.83,105.75,88.87,99.31,128.9,15,7,9,87,35.43,0.32,33.81,39.09,0.65
EPRT,98.23,100.18,106.88,109.39,115.24,130.35,15,85,86,88,30.54,0.53,31.61,31.5,0.83
ANGO,98.23,105.92,128.08,148.72,168.36,211.94,15,95,96,97,8.56,0.38,9.76,9.3,0.5
RBNE,98.17,101.82,102.27,100.0,100.0,100.0,15,45,44,41,2.5,0.01,3.69,3.54,0.07
LEA,98.11,104.94,120.99,104.51,90.79,87.48,15,83,6,3,93.06,0.42,96.55,93.47,0.73
MSDL,98.09,103.15,103.85,101.79,109.05,110.77,15,81,84,81,18.55,0.38,19.06,19.19,1.59
SLN,98.08,108.58,150.95,113.74,42.69,113.95,15,87,2,82,6.17,0.22,5.78,6.78,0.58
HLXB,98.08,101.38,101.82,103.77,109.03,105.18,15,82,84,78,10.43,0.15,10.74,10.7,0.14
NMIH,98.08,104.33,117.27,117.27,112.98,120.71,15,89,85,84,37.19,0.42,39.55,37.62,1.06
RDN,98.07,103.02,113.72,114.1,110.96,118.38,15,87,84,84,32.92,0.42,34.33,33.07,1.16
PAR,98.06,112.99,130.18,121.7,143.36,178.08,15,91,93,95,58.61,0.38,66.54,66.75,1.14
AOMR,98.05,107.02,112.92,101.54,108.87,105.69,15,81,83,79,9.19,0.47,9.33,9.09,1.03
WAL,98.03,106.95,125.38,108.03,130.03,158.77,15,84,91,94,76.33,0.46,77.62,80.79,1.07
ANGI,98.01,101.55,108.29,90.92,85.08,120.77,15,7,5,84,15.86,0.26,16.09,17.17,0.79
HDL,98.0,105.72,108.34,120.52,142.33,150.38,15,90,93,93,19.13,0.34,19.79,21.62,0.6
SMLR,97.94,109.5,138.86,126.91,168.13,250.22,15,92,96,98,34.46,0.23,38.4,43.29,0.79
BMR,97.91,105.58,118.28,132.58,131.79,179.67,15,93,91,95,3.02,0.28,3.17,3.1,0.26
GMAB,97.88,104.85,107.06,100.49,95.73,84.26,15,80,8,3,21.78,0.37,21.65,21.13,0.92
NJR,97.83,98.83,103.61,108.95,112.65,121.52,15,85,85,85,45.76,0.47,45.28,46.43,1.23
GUTS,97.81,106.5,106.4,132.89,58.76,86.54,15,93,2,3,1.81,0.33,1.84,1.82,0.22
KRT,97.79,105.43,116.66,117.93,121.83,132.39,15,89,89,89,26.42,0.4,28.85,28.38,1.13
NBY,97.76,99.74,104.69,94.06,83.38,84.74,15,8,4,3,0.59,0.49,0.61,0.62,0.9
RACE,97.65,115.99,119.79,114.52,119.78,124.04,15,88,88,86,436.24,0.34,484.92,457.37,4.32
USCB,97.6,115.71,114.37,111.43,149.46,166.34,15,86,94,94,16.17,0.36,16.76,17.59,1.15
FHTX,97.58,129.67,138.08,99.54,94.69,213.85,15,10,7,97,4.99,0.27,5.02,5.3,1.29
BRSL,97.57,105.63,108.21,95.97,89.81,94.7,15,9,6,4,14.69,0.41,13.48,14.28,1.07
CBSH,97.55,102.18,118.5,108.8,125.36,137.33,14,85,90,90,59.92,0.39,62.8,62.96,0.84
RNA,97.54,102.29,108.41,110.24,135.43,342.71,14,86,92,98,35.92,0.42,32.04,33.66,1.16
MBINN,97.47,100.6,100.62,98.78,106.81,118.97,14,10,82,84,19.83,0.34,19.75,20.46,0.95
HIHO,97.46,97.46,98.24,102.5,100.34,106.01,14,81,79,79,1.68,0.26,1.7,1.81,0.23
SVC,97.42,118.79,118.79,80.71,83.81,62.43,14,5,4,2,2.59,0.21,2.53,2.6,1.21
NWPX,97.41,101.72,106.35,102.32,137.23,167.46,14,81,92,95,40.54,0.17,40.69,45.21,1.14
AFG,97.4,100.46,106.01,103.86,113.06,124.61,14,82,85,86,122.42,0.25,124.38,126.91,1.21
ENTX,97.37,99.68,108.85,121.48,175.3,202.42,14,90,96,96,1.95,0.38,1.95,2.0,0.23
GSBC,97.36,105.24,117.38,110.32,112.89,127.67,14,86,85,87,55.99,0.38,58.18,58.0,0.95
BTBT,97.33,110.29,159.27,98.56,112.15,214.01,14,10,85,97,2.72,0.26,2.81,3.04,0.51
LEGN,97.33,108.1,116.69,96.67,90.3,81.97,14,9,6,3,38.8,0.37,36.09,36.46,0.62
NDSN,97.22,103.59,113.11,101.29,89.82,109.66,14,81,6,80,209.25,0.45,214.2,216.51,1.01
UBSI,97.21,104.58,116.93,109.33,112.43,130.29,14,85,85,88,35.03,0.36,36.4,36.51,0.95
NMTC,97.2,116.11,137.87,84.5,142.94,125.58,14,5,93,86,0.76,0.42,0.7,0.82,1.26
CLSK,97.14,112.19,142.79,123.11,103.11,203.68,14,91,80,96,10.44,0.34,10.77,10.47,0.65
PRK,97.1,103.36,118.97,112.96,116.63,154.96,14,87,87,93,158.56,0.29,166.25,166.67,0.87
AMH,97.09,100.51,102.85,111.81,107.41,105.96,14,86,82,79,35.19,0.35,36.26,36.11,2.32
PGR,97.05,102.63,106.42,125.79,131.63,133.04,14,92,91,89,241.09,0.41,261.03,259.64,0.84
SABR,96.97,113.84,127.54,107.56,140.42,142.4,14,84,93,91,2.93,0.38,2.95,3.24,1.52
CARR,96.95,121.59,121.6,113.58,104.19,129.46,14,87,81,88,66.92,0.44,73.14,69.72,1.16
POR,96.93,96.93,99.56,99.94,104.79,112.51,14,10,81,81,41.45,0.24,40.81,42.47,1.45
BTOG,96.92,170.09,266.76,42.23,31.36,93.71,14,2,1,4,0.34,0.08,0.27,0.66,0.19
RS,96.83,106.13,123.67,114.27,104.6,115.42,14,88,81,82,283.43,0.27,312.2,294.54,1.1
ZKH,96.83,96.83,98.78,95.35,89.08,91.27,14,9,5,4,3.0,0.28,3.07,3.36,1.98
RSVR,96.83,102.49,108.01,100.88,106.65,134.62,14,80,82,89,7.7,0.3,7.62,7.99,0.59
HCC,96.82,101.36,107.68,88.48,87.58,131.77,14,6,5,89,51.49,0.32,48.76,53.2,0.93
WPRT,96.81,105.22,109.03,76.36,95.16,88.42,14,4,7,3,3.66,0.31,3.25,3.69,0.85
GDEV,96.81,105.38,118.36,129.02,86.24,127.33,14,92,5,87,14.4,0.2,16.48,16.63,1.31
NAT,96.79,100.55,101.09,99.94,88.41,88.18,14,10,5,3,2.75,0.37,2.72,2.68,0.66
MTR,96.72,98.3,97.09,136.92,92.53,95.97,14,94,6,5,5.84,0.27,5.49,5.84,0.13
BTE,96.68,100.45,96.19,85.47,84.52,91.55,14,6,5,4,2.1,0.3,1.89,2.22,0.83
MIST,96.67,108.28,251.97,167.04,151.25,152.38,14,96,95,93,1.43,0.41,1.7,1.69,0.44
ENTA,96.59,111.39,118.84,108.33,77.78,96.93,14,84,4,5,7.11,0.27,7.18,7.14,1.13
GRVY,96.54,99.67,103.61,105.83,96.22,103.56,14,83,8,78,61.63,0.31,63.56,62.32,0.99
AGO,96.53,98.37,105.24,106.21,118.05,124.92,14,83,87,86,83.84,0.49,84.62,87.09,1.24
CIVB,96.46,104.82,143.15,133.02,129.8,156.13,14,93,91,93,19.35,0.43,22.21,21.07,2.04
PANW,96.44,114.47,125.19,118.18,115.97,131.72,14,89,86,88,172.88,0.42,195.4,188.06,2.5
LUMN,96.37,141.87,171.76,163.1,221.27,528.59,14,96,97,99,3.71,0.15,4.24,5.12,3.83
ASML,96.22,101.65,109.6,105.7,98.26,98.98,14,83,8,5,689.82,0.29,759.07,716.0,0.87
CRAI,96.21,101.71,117.39,109.99,134.73,161.22,14,85,92,94,170.16,0.33,185.56,184.25,0.8
PDM,96.18,103.04,105.74,101.32,108.66,150.09,14,81,83,92,7.32,0.31,7.37,7.96,1.36
MTN,96.17,104.74,112.95,98.84,95.41,102.93,14,10,7,78,148.9,0.33,156.53,160.05,0.7
JYNT,96.14,105.1,108.06,108.7,111.76,116.24,14,85,85,83,10.93,0.26,11.34,11.12,1.49
VINP,96.13,102.04,103.7,100.28,104.61,108.39,14,80,81,80,9.48,0.38,9.63,9.73,0.66
OCTO,96.11,162.42,162.42,92.1,93.15,106.95,14,8,7,79,1.58,0.21,1.33,1.51,0.16
INR,96.09,98.85,101.82,105.32,100.0,100.0,14,83,44,41,14.2,0.03,16.53,17.23,1.85
SND,96.04,96.04,101.71,100.33,130.78,137.28,14,80,91,90,2.05,0.36,1.99,2.18,0.78
NTCT,96.03,106.75,120.61,120.62,123.24,120.04,14,90,89,84,20.77,0.39,23.27,22.25,0.93
YQ,96.03,108.45,132.92,125.91,117.41,89.09,14,92,87,3,1.9,0.26,2.12,1.94,0.04
RYI,95.99,102.29,124.33,111.51,116.61,117.3,14,86,87,83,20.64,0.4,21.85,22.02,1.16
ARTNA,95.98,97.55,103.16,106.66,108.16,97.7,14,84,83,5,32.82,0.43,33.64,32.72,0.71
DMAC,95.98,117.5,126.55,108.19,189.79,216.5,14,84,97,97,4.12,0.26,4.06,4.72,0.67
BCSF,95.97,99.26,105.65,100.05,123.53,117.19,14,80,89,83,14.72,0.29,15.15,15.68,1.15
DOV,95.96,103.33,113.1,102.65,116.39,125.94,14,81,86,87,174.97,0.44,182.55,186.46,1.46
VRTX,95.93,98.31,105.4,111.49,119.44,120.8,14,86,88,85,462.13,0.55,455.02,463.7,1.47
TWIN,95.92,96.75,106.04,98.36,87.68,95.04,14,10,5,4,8.86,0.33,8.4,9.46,0.51
AMCR,95.9,98.54,106.15,96.56,106.35,108.8,14,9,82,80,9.3,0.29,9.34,9.69,0.91
WSBC,95.9,105.22,119.95,111.23,123.53,132.64,14,86,89,89,29.51,0.31,31.51,31.83,1.32
NTAP,95.88,101.7,109.49,101.39,117.02,125.36,13,81,87,86,101.1,0.46,103.73,107.17,0.68
ARW,95.86,109.7,125.22,113.39,95.43,101.18,13,87,7,77,114.66,0.52,125.64,117.12,2.3
VRSK,95.82,106.79,111.64,115.16,116.12,116.52,13,88,86,83,271.89,0.21,305.59,290.97,1.67
NCT,95.75,95.75,94.43,100.0,100.0,100.0,13,45,44,41,3.62,0.1,3.97,4.42,1.33
SNDR,95.75,104.37,112.93,100.35,116.28,139.44,13,80,86,90,24.09,0.25,24.61,26.38,1.31
MNDY,95.73,112.37,130.38,127.56,138.09,170.13,13,92,93,95,250.54,0.38,294.13,275.06,2.46
COP,95.67,99.34,100.51,95.74,100.47,102.89,13,9,79,78,92.76,0.36,91.66,96.55,0.83
COLL,95.65,103.77,111.47,96.54,93.3,110.29,13,9,7,81,30.07,0.31,30.44,30.46,1.6
APT,95.63,95.63,97.08,92.82,104.74,114.38,13,8,81,82,4.83,0.3,4.72,5.06,0.3
BNTC,95.61,98.33,130.78,166.11,203.53,231.29,13,96,97,97,10.96,0.34,13.54,12.36,0.53
ZM,95.48,105.27,114.0,117.53,132.23,142.69,13,89,91,91,70.97,0.46,77.35,78.6,1.09
ARIS,95.48,104.58,118.87,144.91,210.55,236.22,13,95,97,97,19.69,0.3,23.25,24.71,0.86
NTHI,95.45,96.62,94.06,100.0,100.0,100.0,13,45,44,41,4.75,0.11,5.52,6.57,0.15
BRKL,95.39,104.67,118.31,108.98,129.81,141.67,13,85,91,91,10.19,0.35,10.64,11.07,1.07
CB,95.36,97.28,103.69,110.97,112.62,114.25,13,86,85,82,267.4,0.23,282.58,281.57,1.7
MDV,95.35,95.68,104.86,112.48,115.05,121.04,13,87,86,85,14.35,0.3,14.24,14.76,0.54
CURB,95.33,100.6,102.07,101.1,107.99,108.12,13,81,83,80,21.89,0.46,22.67,23.15,0.99
NUVL,95.27,100.93,115.43,101.64,113.24,138.88,13,81,85,90,77.76,0.35,78.53,80.71,0.73
PLXS,95.26,97.68,112.62,108.8,120.11,158.03,13,85,88,94,125.16,0.24,132.61,140.0,1.06
SUPV,95.26,105.78,117.44,170.2,251.78,343.14,13,97,98,98,9.95,0.32,11.35,13.02,1.04
MPX,95.25,100.96,111.58,99.0,99.68,108.95,13,10,9,80,8.47,0.4,8.54,8.72,0.81
HOV,95.23,95.23,103.87,88.25,79.43,135.7,13,6,4,89,123.99,0.24,105.58,127.22,1.03
CCCS,95.22,97.8,99.98,91.69,105.11,114.13,13,7,81,82,9.73,0.32,9.34,10.23,2.35
CP,95.2,100.06,111.76,107.71,100.44,101.68,13,84,79,77,72.88,0.3,79.65,76.43,1.29
AWX,95.06,100.55,100.39,103.54,151.15,162.79,13,82,95,94,2.58,0.25,2.49,2.91,0.32
TREE,95.04,96.63,101.86,115.92,129.91,176.23,13,88,91,95,49.47,0.56,38.37,43.47,2.08
RDI,95.02,97.47,102.44,99.81,107.23,119.45,13,10,82,84,1.33,0.22,1.35,1.4,0.03
TREX,94.97,104.16,106.42,91.43,94.34,107.33,13,7,7,79,63.42,0.39,59.11,63.9,0.94
ADXN,94.93,104.94,123.76,122.8,106.79,140.76,13,91,82,91,8.1,0.31,8.61,8.29,0.05
CMPR,94.84,94.84,86.56,79.53,77.84,103.01,13,5,4,78,53.19,0.23,46.32,57.45,1.37
AWR,94.77,94.77,102.78,106.49,109.51,112.88,13,84,84,81,74.74,0.3,76.77,77.89,1.35
OWL,94.74,97.84,110.87,105.45,140.14,154.44,13,83,93,93,18.84,0.33,19.23,20.87,1.63
CCU,94.73,94.73,110.31,137.04,139.31,107.88,13,94,93,80,11.83,0.36,12.9,12.76,0.98
BURU,94.7,114.95,124.98,123.47,48.38,87.51,13,91,2,3,0.26,0.03,0.31,0.34,0.25
NPCE,94.7,94.94,113.71,198.6,171.87,175.97,13,97,96,95,8.99,0.25,11.13,11.2,0.69
SON,94.69,101.06,105.37,94.27,94.72,98.14,13,8,7,5,44.24,0.28,45.59,46.81,1.85
CHH,94.62,103.23,108.86,102.39,121.49,130.23,13,81,88,88,125.92,0.23,128.94,135.93,0.95
MAT,94.49,102.64,124.43,110.13,115.98,107.83,13,86,86,80,16.86,0.31,19.13,18.85,1.44
CNA,94.49,96.45,101.17,109.21,116.01,113.84,13,85,86,82,43.89,0.1,45.57,46.44,1.2
AA,94.48,99.31,105.19,86.86,106.38,154.85,13,6,82,93,28.4,0.24,29.27,33.76,1.13
SCSC,94.48,100.66,113.31,104.2,93.79,126.62,13,82,7,87,37.78,0.35,41.09,42.06,1.43
HRL,94.43,97.13,106.83,103.34,100.38,107.83,13,82,79,80,28.12,0.08,29.88,29.76,1.11
PEP,94.42,97.3,97.3,87.84,95.99,99.32,13,6,8,5,139.28,0.26,134.22,144.94,0.74
BHRB,94.38,111.64,128.51,109.21,114.77,136.32,13,85,86,90,56.81,0.4,59.83,60.31,0.94
YJ,94.34,104.18,104.7,110.33,101.07,92.75,13,86,80,4,1.81,0.22,1.79,1.77,0.14
SD,94.24,100.34,102.04,104.0,103.2,102.35,13,82,80,77,10.0,0.25,10.68,10.91,1.12
ABR,94.2,102.04,102.04,87.55,108.12,127.71,13,6,83,87,11.2,0.43,10.66,11.94,1.68
IBO,94.16,105.86,107.95,75.53,169.29,120.79,13,4,96,85,0.61,0.05,0.62,1.36,0.02
STLD,94.12,103.98,117.83,109.64,107.21,128.34,13,85,82,87,122.37,0.35,130.57,128.55,1.09
WAFD,94.12,98.81,111.66,102.86,100.61,130.91,13,82,79,88,28.87,0.36,29.32,30.44,1.62
FCPT,94.08,97.77,103.61,107.93,112.6,121.25,13,84,85,85,25.49,0.06,26.77,27.18,1.38
GOGL,94.07,96.98,97.48,87.42,90.93,117.59,13,6,6,83,8.37,0.31,7.88,8.63,1.78
HLNE,94.06,102.44,112.12,120.48,123.64,174.27,13,90,89,95,147.79,0.31,150.12,158.21,0.76
MESA,94.02,97.52,100.47,101.46,131.78,154.71,13,81,91,93,1.08,0.43,1.02,1.05,1.33
FNWD,93.94,95.38,100.93,114.09,114.24,134.51,13,87,86,89,27.52,0.24,28.34,28.95,3.01
BHB,93.9,104.29,116.97,108.97,118.99,146.4,13,85,88,92,28.64,0.16,30.01,30.87,1.43
TVGN,93.89,103.47,191.32,171.06,152.86,279.82,12,97,95,98,1.0,0.27,1.21,1.28,0.57
BRFH,93.86,112.69,124.53,126.59,220.08,218.44,12,92,97,97,2.77,0.29,2.94,2.96,2.8
OMCC,93.85,100.28,105.58,97.56,105.66,103.54,12,9,81,78,5.6,0.44,5.69,5.99,0.09
RIVN,93.84,112.73,114.91,140.43,119.68,132.27,12,94,88,89,12.38,0.37,13.8,12.71,1.44
REXR,93.8,97.67,100.71,89.59,93.43,92.6,12,7,7,4,35.92,0.25,36.16,37.89,0.85
INTT,93.76,102.25,111.17,100.63,105.86,102.18,12,80,82,77,7.07,0.27,6.98,7.41,0.19
UGP,93.74,94.82,106.44,103.67,95.51,83.78,12,82,8,3,3.06,0.31,3.06,3.0,1.28
COLB,93.73,103.27,116.24,105.54,128.06,155.41,12,83,91,93,23.26,0.28,23.78,25.47,0.84
SNAL,93.65,102.88,179.82,165.91,302.8,241.64,12,96,98,97,1.09,0.17,1.26,1.49,0.12
DLHC,93.59,104.26,121.87,96.58,73.9,80.38,12,9,3,2,5.52,0.31,5.53,6.18,0.51
PLBC,93.59,99.25,120.83,116.49,122.84,139.88,12,88,89,90,40.01,0.35,43.2,43.79,1.16
SMWB,93.52,103.0,113.35,94.01,243.09,225.44,12,8,98,97,7.91,0.17,8.08,10.16,1.15
TDW,93.51,104.68,109.48,91.74,80.51,82.77,12,7,4,3,47.53,0.23,46.84,48.28,1.08
CUBE,93.34,98.62,105.7,101.2,96.17,117.06,12,81,8,83,39.9,0.27,41.89,42.28,1.96
TH,93.31,103.73,107.31,103.8,107.98,124.71,12,82,83,86,7.43,0.41,7.38,7.77,0.58
ALC,93.25,99.45,102.37,110.31,110.21,114.15,12,86,84,82,87.87,0.3,87.53,89.16,0.6
LOB,93.24,101.21,106.01,94.64,93.04,137.44,12,8,7,90,31.01,0.29,30.04,34.3,1.14
ACA,93.13,102.81,113.19,105.09,120.38,132.86,12,83,88,89,83.66,0.32,87.94,91.58,1.33
LSTA,93.12,99.66,113.53,107.6,93.76,128.32,12,84,7,87,2.49,0.29,2.61,2.64,0.08
LAD,93.12,106.49,125.24,115.21,129.56,141.74,12,88,91,91,287.6,0.21,324.14,333.46,1.82
ARRY,93.08,113.57,139.24,116.61,86.3,82.05,12,88,5,3,6.06,0.32,7.08,6.37,1.08
DVA,93.06,97.14,103.49,97.27,134.2,131.44,12,9,92,88,138.48,0.11,140.49,150.54,0.88
NFBK,92.95,101.8,120.23,119.47,115.01,141.33,12,90,86,91,10.4,0.22,11.6,11.53,1.0
MCS,92.95,112.43,117.39,119.51,146.49,177.35,12,90,94,95,14.87,0.23,17.28,18.54,2.8
MKC,92.92,96.97,99.89,101.03,115.46,113.0,12,81,86,81,70.28,0.0,72.88,75.76,0.59
NAVI,92.77,105.59,125.99,110.47,95.02,103.93,12,86,7,78,12.66,0.36,13.91,13.59,1.11
NWBI,92.76,103.37,118.24,110.56,112.64,131.62,12,86,85,88,11.7,0.25,12.67,12.67,1.7
ATR,92.75,105.06,111.47,105.75,106.5,127.39,12,83,82,87,141.35,0.2,155.43,155.44,2.65
AGRO,92.62,98.41,93.22,93.88,117.03,115.66,12,8,87,82,8.81,0.1,9.31,10.01,0.83
UMH,92.61,96.95,102.03,103.46,113.36,124.69,12,82,85,86,16.23,0.02,16.83,17.66,1.28
PB,92.61,97.46,115.22,106.52,121.0,133.31,12,84,88,89,65.92,0.14,70.12,72.82,1.62
FWRG,92.59,98.34,110.75,100.87,116.59,120.84,12,80,86,85,16.78,0.39,16.4,17.99,1.38
ABG,92.55,101.09,119.25,107.97,136.81,133.87,12,84,92,89,223.02,0.13,238.25,245.2,1.89
BAFN,92.52,110.42,113.67,117.76,155.8,125.07,12,89,95,86,13.0,0.1,14.7,14.89,1.98
MARA,92.37,100.92,133.52,104.77,102.29,166.71,12,83,80,94,15.5,0.29,16.45,17.04,0.86
GURE,92.35,94.08,96.87,112.45,117.23,78.79,12,87,87,2,0.65,0.2,0.67,0.67,0.04
GCO,92.33,97.89,103.47,92.63,158.12,169.49,12,8,95,95,23.64,0.24,22.43,28.92,0.87
WFRD,92.33,98.27,96.7,75.81,73.81,86.65,12,4,3,3,54.74,0.2,51.81,61.58,0.85
PCOR,92.32,114.78,117.63,107.46,130.95,137.58,12,84,91,90,62.04,0.28,69.59,71.23,5.4
PANL,92.29,99.67,102.43,90.19,93.59,100.53,12,7,7,77,4.59,0.21,4.84,5.04,2.03
PFE,92.24,101.47,106.65,97.22,102.72,99.72,12,9,80,6,23.49,0.34,23.93,24.37,1.31
MNOV,92.24,92.24,91.58,97.83,134.89,170.21,12,9,92,95,1.43,0.24,1.33,1.65,2.44
RAIN,92.17,110.1,129.22,164.53,108.5,100.0,12,96,83,41,3.8,0.33,3.58,3.51,0.27
CREV,92.16,142.55,145.07,88.45,79.21,126.52,12,6,4,87,3.67,0.23,3.44,3.51,0.12
CVCO,91.98,92.75,106.39,122.22,136.72,150.51,12,91,92,93,422.81,0.34,430.8,473.42,1.09
EXAS,91.84,93.72,111.28,112.36,92.83,118.86,12,86,6,84,47.76,0.24,52.93,53.64,0.91
NE,91.83,106.82,119.88,103.54,89.03,87.44,12,82,5,3,25.7,0.29,27.39,27.38,0.96
ATNM,91.83,107.68,113.37,128.46,91.49,58.03,12,92,6,2,1.61,0.09,1.61,1.45,0.44
RLGT,91.75,98.58,106.17,100.82,126.47,131.06,12,80,90,88,5.85,0.13,6.04,6.5,0.57
MPB,91.75,96.75,120.0,113.86,121.98,147.8,12,87,89,92,27.11,0.37,27.72,28.45,2.01
AMAL,91.72,98.08,119.55,109.8,127.08,155.2,12,85,90,93,28.51,0.23,31.11,31.99,1.32
PPBI,91.69,98.36,109.13,99.65,111.85,128.07,12,10,85,87,21.18,0.3,21.58,23.11,1.27
VIST,91.68,96.35,115.56,112.03,126.73,146.07,12,86,90,92,43.31,0.34,48.03,49.76,2.29
WDAY,91.67,100.98,105.0,110.97,113.67,112.51,12,86,86,81,222.22,0.2,240.63,249.98,1.65
GHI,91.67,94.52,104.67,101.19,108.35,97.82,12,81,83,5,11.01,0.42,11.45,11.3,0.82
AXGN,91.66,97.44,98.93,156.86,207.1,231.65,12,96,97,97,12.67,0.4,11.26,14.78,1.63
TCX,91.56,113.37,137.93,111.61,107.99,93.11,12,86,83,4,16.51,0.2,20.13,17.96,1.05
ESS,91.52,104.34,108.89,107.67,116.26,125.64,11,84,86,86,256.72,0.08,281.35,284.42,1.59
DVN,91.52,96.29,102.84,95.17,100.38,90.53,11,9,79,4,32.14,0.29,32.76,34.13,1.11
RVP,91.48,92.42,88.09,88.5,109.14,90.04,11,6,84,4,0.74,0.29,0.67,0.71,1.67
RSSS,91.46,95.41,112.07,101.46,148.23,153.84,11,81,94,93,2.65,0.16,2.81,3.09,3.15
APA,91.42,96.84,107.37,96.22,91.88,89.3,11,9,6,3,18.46,0.3,18.65,19.9,1.07
EXR,91.39,101.47,106.23,100.27,104.89,123.27,11,80,81,85,139.3,0.27,148.03,149.75,2.74
ENTO,91.36,96.14,104.34,101.58,88.63,123.96,11,81,5,86,0.42,0.32,0.47,0.51,0.09
IRDM,91.34,98.89,127.89,110.35,114.49,108.96,11,86,86,80,24.18,0.23,28.55,28.2,1.04
HTLM,91.33,91.33,84.77,102.48,153.2,156.02,11,81,95,93,3.9,0.11,3.64,4.82,0.44
SAIC,91.33,93.16,100.6,108.58,102.03,125.14,11,85,80,86,110.73,0.27,110.98,115.93,0.88
CAC,91.31,105.81,120.41,110.31,129.53,150.18,11,86,91,92,36.6,0.17,40.14,41.35,1.87
LXP,91.3,95.86,107.39,101.38,103.49,111.36,11,81,81,81,7.75,0.24,8.34,8.36,1.08
INVH,91.3,97.82,101.72,109.75,108.57,101.91,11,85,83,77,30.34,0.09,32.62,32.46,1.49
YELP,91.3,97.83,99.89,110.96,108.5,110.4,11,86,83,81,33.04,0.06,35.57,36.61,0.83
KRYS,91.24,91.24,90.22,98.51,118.16,143.99,11,10,87,91,156.98,0.4,140.35,161.93,1.68
BLDR,91.22,93.59,100.18,89.53,95.2,118.51,11,7,7,84,130.18,0.26,120.18,142.22,1.75
ALB,91.18,113.66,116.14,78.61,82.67,112.61,11,4,4,81,67.9,0.3,65.61,77.72,0.99
BLCO,91.15,93.15,101.3,84.27,109.17,137.61,11,5,84,90,13.5,0.26,12.83,15.66,1.44
BLKB,91.13,97.78,95.62,92.44,101.68,115.06,11,8,80,82,65.28,0.22,63.78,70.68,1.63
RAPP,91.05,116.96,115.11,105.24,85.62,118.43,11,83,5,84,14.15,0.32,12.66,15.03,0.66
UTHR,91.03,91.98,95.63,101.67,126.63,155.11,11,81,90,93,294.28,0.14,298.82,331.09,4.05
SNY,90.98,100.01,101.38,107.38,121.51,111.56,11,84,88,81,46.75,0.22,49.27,49.88,1.13
WEYS,90.95,103.77,115.4,110.31,121.51,142.0,11,86,88,91,28.5,0.14,31.85,32.62,1.55
PETZ,90.91,90.91,95.02,91.96,120.77,123.07,11,8,88,85,1.04,0.23,1.01,1.13,0.21
IHT,90.88,109.06,113.04,139.36,164.58,165.48,11,94,96,94,1.94,0.35,2.23,2.3,0.64
KRNT,90.8,108.46,108.46,115.77,164.11,195.47,11,88,96,96,18.65,0.24,20.83,24.43,0.98
BFS,90.79,95.91,102.04,97.06,101.82,116.0,11,9,80,83,31.73,0.07,33.52,35.13,1.29
DLB,90.74,100.67,102.95,100.48,112.43,113.7,11,80,85,82,70.09,0.21,74.97,76.94,2.27
SCS,90.72,97.38,99.4,94.17,97.39,111.12,11,8,8,81,10.18,0.18,10.42,11.22,0.9
WSR,90.72,95.24,99.41,99.49,112.07,121.92,11,10,85,85,11.8,0.0,12.35,13.22,1.08
GOOD,90.62,95.08,101.96,101.13,119.98,133.61,11,81,88,89,13.01,0.06,14.0,14.78,0.9
TKLF,90.62,101.79,128.22,117.87,138.2,132.11,11,89,93,89,3.7,0.24,3.83,3.7,0.29
ERO,90.56,93.57,114.65,111.88,84.61,110.6,11,86,5,81,13.41,0.28,15.07,14.35,1.82
USEG,90.55,98.72,118.11,182.61,221.77,313.65,11,97,97,98,1.18,0.11,1.4,1.55,0.07
PMN,90.46,122.19,126.99,57.47,73.62,77.23,11,2,3,2,0.77,0.36,0.56,0.77,0.07
AOSL,90.45,101.96,111.98,84.55,150.09,177.28,11,5,94,95,24.82,0.26,25.28,30.23,1.01
EDRY,90.42,90.42,90.18,69.54,74.02,89.38,11,3,3,4,10.8,0.2,9.51,11.37,0.34
CL,90.39,95.04,99.75,101.3,105.61,106.38,11,81,81,79,83.51,0.0,89.24,90.36,1.86
UTSI,90.39,96.79,109.83,106.8,101.58,107.51,11,84,80,79,2.46,0.36,2.51,2.59,0.07
FRPH,90.38,95.23,96.7,95.09,106.17,109.4,11,9,82,80,25.95,0.0,27.05,28.96,1.1
CTO,90.36,98.15,103.2,103.25,116.68,122.7,11,82,87,85,16.44,0.02,17.65,18.28,1.11
CACC,90.31,103.03,112.61,109.19,110.03,107.22,11,85,84,79,447.51,0.19,503.78,488.13,1.68
SONO,90.25,100.75,102.86,90.32,104.34,108.78,11,7,81,80,10.36,0.36,10.54,11.98,1.25
CDXS,90.07,102.34,115.8,79.35,142.55,210.32,11,5,93,97,2.69,0.19,2.6,3.4,0.81
ONEW,90.06,90.06,95.81,78.09,84.26,109.64,11,4,5,80,15.75,0.27,14.57,17.1,1.08
VVX,89.99,92.39,102.29,104.13,104.88,155.78,11,82,81,93,47.34,0.2,46.87,51.34,1.19
KW,89.82,94.53,96.13,76.33,98.99,117.49,11,4,8,83,7.24,0.24,6.89,8.42,0.99
TALO,89.69,102.59,106.29,97.18,92.04,98.01,11,9,6,5,7.94,0.27,8.6,9.2,0.9
SCKT,89.64,93.47,113.52,106.81,134.47,142.81,11,84,92,91,1.11,0.26,1.15,1.25,0.7
ERIE,89.63,92.96,90.44,92.06,108.03,115.46,11,8,83,82,350.75,0.06,352.23,394.29,0.86
AVY,89.62,92.92,101.3,93.72,90.13,104.73,11,8,6,78,165.82,0.12,177.85,184.23,1.09
CYBN,89.58,90.15,112.74,112.74,88.77,102.54,11,87,5,77,7.56,0.37,7.99,8.59,0.98
EFX,89.43,93.58,113.95,108.39,106.07,114.36,11,84,82,82,239.99,0.35,258.71,255.75,1.58
HSCS,89.4,114.13,163.95,123.98,97.57,95.48,11,91,8,4,3.05,0.18,3.82,3.44,0.59
PPG,89.36,100.87,111.27,98.97,93.54,99.99,11,10,7,6,104.44,0.32,112.94,114.64,1.06
ZGN,89.36,107.57,118.44,106.2,97.0,98.86,11,83,8,5,7.75,0.31,8.75,8.21,0.68
WHF,89.35,92.82,98.59,93.3,106.17,106.25,11,8,82,79,8.7,0.17,8.82,9.29,0.72
HLMN,89.33,92.31,93.31,83.88,105.07,130.12,11,5,81,88,7.75,0.22,7.48,9.1,1.19
NUVB,89.32,103.41,107.69,107.02,104.25,144.4,10,84,81,91,2.23,0.26,2.2,2.31,0.54
CDW,89.26,98.07,105.0,98.36,100.86,93.45,10,10,79,4,168.86,0.3,178.13,179.11,1.13
FDS,89.26,95.81,106.2,106.46,107.08,114.13,10,84,82,82,391.33,0.0,435.3,451.85,1.3
CSL,89.13,106.71,114.04,104.37,99.57,129.75,10,83,9,88,352.52,0.22,388.92,386.85,2.09
LEGH,89.08,90.11,100.29,101.87,111.54,119.53,10,81,85,84,22.75,0.16,22.58,24.6,1.06
IRT,89.07,92.37,95.96,108.75,120.86,135.55,10,85,88,89,16.76,0.0,17.69,19.22,1.22
WASH,89.06,94.84,111.59,101.33,120.59,154.53,10,81,88,93,26.43,0.07,27.78,30.06,1.28
SUNS,89.04,97.54,110.05,96.14,96.1,116.85,10,9,8,83,9.87,0.3,10.6,11.42,0.94
CON,89.04,94.27,102.14,103.7,107.6,106.3,10,82,83,79,19.48,0.06,20.79,21.14,0.98
AHCO,89.03,99.39,106.08,96.98,118.85,126.34,10,9,87,87,8.75,0.34,9.06,9.59,0.99
RWT,89.03,98.09,107.96,98.83,104.24,115.97,10,10,81,83,5.46,0.27,5.71,6.01,2.25
UPWK,89.01,103.97,114.21,134.4,136.08,162.19,10,94,92,94,11.75,0.32,13.94,14.67,1.7
HAL,88.99,93.11,90.94,84.26,87.04,97.45,10,5,5,5,21.6,0.17,21.33,24.6,1.18
TKC,88.95,89.34,98.05,97.57,126.26,128.35,10,9,90,87,5.59,0.02,5.91,6.27,0.86
HOPE,88.91,93.3,114.08,102.72,106.41,134.75,10,82,82,89,9.71,0.18,10.46,11.02,2.27
HEPS,88.84,92.1,107.36,114.57,171.89,197.42,10,88,96,96,2.62,0.31,2.71,2.97,2.5
VTRS,88.79,98.89,101.7,92.5,96.62,122.97,10,8,8,85,8.81,0.28,8.95,10.04,0.55
FRT,88.75,93.78,101.18,95.7,105.69,115.84,10,9,81,82,90.61,0.26,94.26,100.43,1.19
OTIS,88.71,93.5,106.25,103.92,109.18,113.4,10,82,84,81,84.93,0.0,95.84,97.13,1.47
WTTR,88.61,96.08,100.66,88.59,142.67,162.96,10,6,93,94,9.01,0.23,9.04,10.86,1.44
CNXN,88.6,97.03,105.65,106.25,112.73,115.96,10,84,85,83,60.96,0.13,65.38,67.0,1.39
FTFT,88.58,113.03,182.84,55.59,59.22,96.88,10,2,2,5,2.02,0.25,1.67,2.38,0.03
GDDY,88.53,95.71,108.36,117.62,157.42,162.57,10,89,95,94,156.47,0.21,174.87,183.79,1.35
GCBC,88.53,98.05,102.82,86.55,96.35,122.69,10,6,8,85,23.07,0.16,23.31,25.72,0.66
TAIT,88.49,91.92,93.93,89.0,100.1,96.69,10,7,79,5,2.13,0.07,2.21,2.4,1.04
MMI,88.47,93.77,97.57,90.17,104.53,121.81,10,7,81,85,30.69,0.19,30.6,34.82,0.91
OS,88.41,100.41,112.21,113.95,102.15,109.9,10,87,80,80,23.21,0.32,26.82,26.75,0.69
MORN,88.4,93.21,104.18,102.43,107.11,121.16,10,81,82,85,272.42,0.17,298.89,313.36,1.9
SNFCA,88.38,95.6,109.08,115.42,167.93,167.3,10,88,96,95,8.41,0.21,9.2,10.52,0.52
FDBC,88.36,99.28,112.67,108.8,103.0,128.9,10,85,80,87,39.98,0.14,42.88,45.14,0.97
OLED,88.36,96.4,109.2,99.22,93.28,112.64,10,10,7,81,144.98,0.34,151.96,152.67,2.25
SKYH,88.34,95.22,100.04,115.28,116.14,129.77,10,88,86,88,9.44,0.19,10.06,11.12,0.9
EXOZ,88.22,91.76,93.71,105.79,147.95,100.0,10,83,94,41,10.07,0.12,11.38,13.26,0.15
ARHS,88.21,97.03,100.38,87.65,121.39,114.1,10,6,88,82,8.68,0.2,8.84,9.49,0.99
ARCB,88.13,107.5,106.77,94.9,88.25,105.11,10,8,5,78,70.12,0.2,73.61,84.49,1.23
CCG,88.12,89.07,98.11,95.88,125.69,84.93,10,9,90,3,0.76,0.2,0.79,0.87,0.49
ARWR,88.07,91.62,129.65,95.92,94.24,107.24,10,9,7,79,15.93,0.32,16.39,17.6,0.85
TXO,87.95,90.6,92.16,97.74,121.34,108.92,10,9,88,80,14.97,0.06,15.2,16.5,0.71
AKR,87.93,91.59,95.87,97.45,123.08,147.85,10,9,89,92,18.5,0.15,18.81,21.36,1.76
VNDA,87.93,100.71,111.32,98.25,107.49,121.51,10,10,82,85,4.19,0.14,4.62,4.63,1.7
ZTS,87.92,91.85,98.57,98.74,98.92,107.28,10,10,8,79,147.38,0.08,158.26,164.24,1.03
PODC,87.9,114.1,159.47,154.95,154.89,166.57,10,96,95,94,1.56,0.25,2.05,1.94,0.82
WY,87.89,94.55,96.97,93.31,100.96,105.11,10,8,79,78,25.08,0.07,26.04,28.19,1.01
SWK,87.87,98.18,104.96,86.33,102.87,109.21,10,6,80,80,66.98,0.23,68.27,76.94,0.91
LEN,87.8,89.56,94.22,87.2,81.23,118.48,10,6,4,84,115.98,0.17,110.27,126.99,1.15
EXP,87.78,94.09,100.12,91.47,99.19,138.83,10,7,9,90,220.44,0.22,210.04,242.04,1.05
PROF,87.72,90.3,98.22,91.3,92.86,101.59,10,7,6,77,5.5,0.22,5.85,6.48,0.49
EWCZ,87.69,105.54,111.89,106.33,91.22,105.55,10,84,6,79,4.22,0.18,5.4,5.58,0.85
UP,87.69,109.07,132.27,110.33,68.45,117.32,10,86,3,83,1.35,0.32,1.4,1.53,0.34
DAR,87.68,100.55,119.55,117.74,100.32,103.86,10,89,79,78,31.49,0.25,34.99,35.28,0.89
NOV,87.67,101.77,102.91,91.59,99.33,93.93,10,7,9,4,12.13,0.14,12.91,13.85,0.99
SENS,87.66,94.44,114.04,141.4,332.52,274.38,10,94,98,98,0.49,0.22,0.52,0.59,0.52
VALU,87.6,92.23,95.32,105.45,99.59,136.33,10,83,9,90,37.35,0.18,38.21,42.42,0.69
GSHD,87.59,101.46,120.37,127.81,161.85,170.12,10,92,95,95,85.72,0.2,101.76,106.58,2.41
YORW,87.57,88.0,95.77,103.29,105.99,103.31,10,82,82,78,30.45,0.08,31.77,33.12,1.59
BETR,87.55,93.09,114.61,111.54,105.27,85.45,10,86,81,3,13.35,0.31,13.19,12.49,0.43
AMPY,87.45,94.76,101.85,73.63,84.29,108.31,10,3,5,80,3.63,0.26,3.36,4.6,0.76
PED,87.27,92.78,90.74,95.28,93.29,108.59,9,9,7,80,0.62,0.23,0.65,0.73,0.8
CMDB,87.26,100.0,100.0,100.0,100.0,100.0,9,45,44,41,9.2,0.12,9.34,9.73,0.74
AZTA,87.18,91.3,96.62,74.1,107.8,108.85,9,4,83,80,32.34,0.2,30.84,38.79,0.61
MSEX,87.18,88.9,98.33,114.1,124.52,118.78,9,87,89,84,52.39,0.21,55.35,57.63,1.36
AURA,87.12,97.97,105.61,91.24,93.48,142.51,9,7,7,91,6.74,0.27,6.46,7.48,1.01
AXL,87.11,100.01,108.95,82.03,84.56,106.98,9,5,5,79,4.31,0.28,4.43,5.04,0.77
IAS,87.02,97.52,101.92,90.65,100.65,111.99,9,7,79,81,7.86,0.23,8.17,9.35,1.22
RPAY,86.94,89.62,89.02,73.96,89.14,112.57,9,4,5,81,4.83,0.19,4.89,6.26,0.72
HKPD,86.94,105.43,113.71,131.67,100.0,100.0,9,93,44,41,1.08,0.1,1.4,1.45,0.02
EP,86.93,99.09,109.09,99.06,117.11,134.22,9,10,87,89,4.41,0.13,5.14,5.71,1.32
PLSE,86.87,87.42,108.68,125.95,219.17,229.63,9,92,97,97,14.75,0.09,15.91,17.42,0.93
WMS,86.81,92.39,103.64,94.84,87.16,117.38,9,8,5,83,113.76,0.22,115.0,120.31,0.81
CTS,86.78,91.22,100.7,93.15,104.13,131.63,9,8,81,88,38.44,0.15,41.74,45.89,1.13
SPCE,86.75,96.38,111.87,76.77,52.77,68.66,9,4,2,2,3.68,0.24,3.33,4.52,0.6
CGON,86.6,94.93,119.53,92.89,87.08,116.24,9,8,5,83,26.31,0.44,26.28,28.29,0.91
BRID,86.58,87.89,89.1,85.61,108.85,109.98,9,6,83,80,7.76,0.04,7.81,9.01,0.86
CGEN,86.57,88.54,116.65,109.59,140.32,137.18,9,85,93,90,1.48,0.22,1.61,1.67,1.17
RIG,86.55,94.47,99.6,88.78,80.91,89.61,9,6,4,4,2.82,0.19,2.8,3.31,0.74
WLY,86.52,89.87,103.31,106.67,115.32,145.65,9,84,86,92,38.21,0.1,40.51,43.24,0.95
BTMD,86.5,97.2,93.43,89.22,102.11,124.09,9,7,80,86,3.89,0.17,3.99,4.68,1.01
SCOR,86.3,86.3,88.31,73.05,102.16,80.88,9,3,80,3,5.52,0.1,5.13,6.04,1.45
DFIN,86.21,117.35,133.02,116.53,115.57,106.8,9,88,86,79,51.07,0.4,59.65,56.76,2.55
CLX,86.19,91.67,91.67,95.24,111.71,121.07,9,9,85,85,123.1,0.1,126.42,145.5,2.12
SST,86.15,132.41,138.7,141.66,59.87,90.83,9,95,2,4,6.0,0.28,5.73,6.68,0.25
FVRR,86.09,100.89,117.65,128.69,126.11,148.9,9,92,90,92,22.08,0.04,28.95,28.89,1.6
DIN,86.08,97.6,105.06,99.87,86.52,99.62,9,10,5,6,21.77,0.22,24.68,26.04,1.55
OMCL,86.06,91.14,89.03,87.82,115.83,156.18,9,6,86,93,29.76,0.18,29.25,36.95,1.39
MMLP,85.9,90.33,95.98,92.63,118.85,140.69,9,8,87,91,2.92,0.2,3.01,3.43,0.12
UHS,85.83,87.31,100.49,103.11,103.02,124.63,9,82,80,86,162.98,0.09,176.88,185.61,1.19
GPN,85.75,98.39,99.1,82.48,103.9,106.41,9,5,81,79,78.04,0.21,78.99,95.38,0.8
QUIK,85.74,90.17,103.3,93.95,91.87,118.57,9,8,6,84,6.17,0.23,6.0,6.91,0.69
CIX,85.73,97.42,122.4,114.62,105.82,149.16,9,88,82,92,22.26,0.21,24.89,25.21,0.36
BMI,85.71,92.73,125.99,123.97,122.18,134.58,9,91,89,89,181.3,0.13,234.81,217.48,1.75
CRGY,85.69,90.17,94.83,86.26,139.23,144.68,9,6,93,91,8.96,0.19,8.98,11.43,1.38
LMT,85.63,85.95,98.96,101.04,99.4,119.25,9,81,9,84,421.01,0.05,460.36,477.01,1.11
GLUE,85.44,112.59,126.59,96.99,120.51,228.65,9,9,88,97,4.79,0.17,4.92,6.01,1.24
JCTC,85.41,85.41,91.46,89.42,105.95,101.11,9,7,82,77,3.61,0.13,3.7,4.18,0.07
CNR,85.32,88.27,95.49,84.12,93.05,143.4,9,5,7,91,72.83,0.13,71.91,87.85,0.98
VNOM,85.28,88.52,93.32,100.51,126.52,158.4,9,80,90,94,36.6,0.03,39.07,44.36,1.4
FLX,85.28,87.37,104.21,67.03,112.92,100.0,9,3,85,41,2.99,0.05,3.03,6.57,0.49
SQFT,85.16,103.45,204.48,96.33,99.24,100.84,9,9,9,77,5.8,0.16,5.84,6.43,0.04
LQDT,85.06,91.12,96.92,135.18,173.9,190.43,9,94,96,96,23.48,0.19,24.1,28.26,0.8
GWRS,85.03,88.67,98.64,93.66,93.99,116.35,9,8,7,83,9.62,0.02,10.23,11.1,3.43
ABOS,85.01,95.74,113.38,75.89,55.16,122.8,9,4,2,85,1.35,0.19,1.25,1.59,0.17
BAND,84.83,102.63,110.97,104.35,108.9,145.68,9,82,83,92,13.45,0.18,14.88,16.12,1.35
GAP,84.81,95.23,115.7,133.14,112.7,124.68,9,93,85,86,18.84,0.13,22.1,22.13,0.88
ANVS,84.7,98.09,115.7,103.9,39.66,125.64,9,82,1,86,2.51,0.15,2.61,3.78,0.74
TALK,84.51,91.34,110.08,130.97,164.69,179.67,9,93,96,95,2.31,0.26,2.79,3.01,1.01
TBBB,84.49,86.18,102.22,113.48,110.91,130.78,9,87,84,88,25.5,0.14,26.89,28.65,0.82
IOT,84.45,96.11,102.48,117.84,141.4,158.7,9,89,93,94,36.01,0.09,40.76,44.79,0.74
MSBI,84.4,94.44,101.9,92.23,86.57,128.01,9,8,5,87,16.53,0.14,17.52,19.94,1.1
BLFS,84.38,92.11,101.51,108.29,129.4,154.13,9,84,91,93,20.81,0.04,21.98,24.3,0.75
CGTL,84.36,88.38,55.35,74.77,106.65,100.0,9,4,82,41,0.94,0.01,1.15,3.51,0.14
TGT,84.25,90.04,91.75,84.13,94.4,117.42,9,5,7,83,99.77,0.18,99.67,116.53,0.78
FVR,84.15,91.77,95.0,92.59,98.52,100.0,9,8,8,41,11.3,0.06,11.78,14.72,1.73
KIDS,84.11,89.11,95.19,89.62,103.36,107.81,9,7,80,80,20.39,0.03,21.51,23.53,1.14
INMD,83.94,89.19,96.84,84.26,105.81,105.58,9,5,82,79,13.74,0.07,14.33,16.6,1.26
OMC,83.91,90.81,94.13,86.72,93.0,120.63,9,6,7,84,71.11,0.06,72.42,82.3,0.54
CTSO,83.85,89.14,131.81,133.54,143.2,108.49,8,93,93,80,0.87,0.16,1.04,1.01,24.12
SWKS,83.79,92.02,112.91,96.67,94.16,94.78,8,9,7,4,67.69,0.31,72.72,75.63,0.89
BLFY,83.63,92.39,105.6,103.32,103.7,121.02,8,82,81,85,8.39,0.0,9.16,9.69,1.91
ASRT,83.57,87.26,93.2,78.78,95.96,100.34,8,4,8,76,0.71,0.21,0.68,0.78,0.6
OPK,83.53,94.17,97.85,96.32,141.03,124.43,8,9,93,86,1.19,0.0,1.34,1.5,2.44
UCTT,83.49,86.67,90.81,78.99,104.72,112.47,8,4,81,81,22.3,0.18,22.5,28.84,1.02
VERI,83.47,86.77,109.7,66.03,133.12,157.8,8,3,92,94,2.14,0.27,1.71,2.52,0.63
EDUC,83.46,87.25,91.63,90.06,81.95,128.86,8,7,4,87,1.3,0.16,1.34,1.52,0.46
WAT,83.44,88.12,109.45,103.31,125.86,129.86,8,82,90,88,290.31,0.06,332.66,359.94,1.58
BXC,83.36,86.86,102.11,91.34,98.98,130.86,8,7,8,88,71.99,0.12,74.03,90.61,1.32
CARS,83.35,92.02,93.52,83.46,103.77,110.05,8,5,81,80,12.42,0.22,11.63,14.32,0.9
CNDT,83.3,93.99,99.64,85.11,124.63,134.42,8,6,89,89,2.46,0.2,2.61,3.23,1.32
POWI,83.27,90.43,110.0,99.23,100.94,99.1,8,10,79,5,47.63,0.19,54.16,57.33,1.37
VSCO,83.23,96.08,106.47,104.43,156.59,227.33,8,83,95,97,18.72,0.11,20.09,27.35,1.08
FLO,83.2,85.5,84.07,85.3,91.72,104.52,8,6,6,78,15.84,0.07,16.11,18.53,0.68
MSS,83.18,89.42,93.56,98.59,146.55,137.72,8,10,94,90,0.86,0.19,0.91,1.04,0.63
WNC,83.18,91.56,84.06,75.51,75.16,94.94,8,4,3,4,9.56,0.19,10.04,13.15,0.83
S,83.18,91.37,98.99,90.9,100.83,133.08,8,7,79,89,17.94,0.14,18.31,21.38,0.83
CLPT,83.06,90.25,127.24,148.68,233.01,229.71,8,95,98,97,10.0,0.29,11.73,13.5,0.66
PTLO,82.99,95.84,111.8,109.61,132.55,124.46,8,85,92,86,9.51,0.13,11.41,11.85,1.73
AIRI,82.93,90.14,101.26,91.02,93.53,159.39,8,7,7,94,3.4,0.08,3.45,4.07,0.04
NOVT,82.9,87.72,101.86,88.34,90.75,117.4,8,6,6,83,120.1,0.22,125.85,141.81,1.39
CRBP,82.85,84.53,88.83,82.83,47.73,154.7,8,5,2,93,9.31,0.08,8.31,10.38,0.75
QNST,82.69,89.27,93.02,92.98,144.63,156.1,8,8,94,93,16.25,0.15,15.73,18.99,1.01
ATHA,82.67,99.53,116.54,69.83,59.76,69.72,8,3,2,2,0.37,0.04,0.35,0.43,0.52
TDOC,82.52,97.78,107.17,99.61,138.19,118.4,8,10,93,84,6.94,0.05,7.67,8.9,1.18
ALIT,82.52,92.81,102.2,89.04,89.06,115.08,8,7,5,82,5.1,0.12,5.53,6.25,0.81
TRSG,82.48,83.25,92.16,99.43,82.23,103.29,8,10,4,78,1.72,0.33,1.75,1.96,0.16
MHH,82.46,88.07,90.39,87.57,154.76,178.76,8,6,95,95,7.35,0.1,7.2,10.4,0.35
DSX,82.37,89.48,91.5,82.67,81.52,85.75,8,5,4,3,1.49,0.15,1.56,1.75,0.65
OC,82.36,88.82,101.12,90.59,110.07,135.22,8,7,84,89,136.56,0.13,138.61,159.3,1.08
HQI,82.36,87.07,87.95,81.78,113.83,116.26,8,5,86,83,9.78,0.1,10.0,12.23,0.57
DEO,82.22,89.72,91.19,98.72,90.11,96.73,8,10,6,5,97.46,0.0,104.7,113.17,1.64
PNFP,82.22,89.36,132.13,116.73,140.0,158.66,8,89,93,94,86.13,0.05,107.38,110.11,3.44
RVSN,82.2,82.2,77.98,77.43,105.9,300.62,8,4,82,98,0.41,0.06,0.36,0.54,2.86
CI,82.18,92.49,104.86,108.43,108.89,105.95,8,84,83,79,262.23,0.0,308.75,309.3,1.84
DWTX,82.1,83.47,153.84,143.58,305.59,297.24,8,95,98,98,4.85,0.19,4.93,4.98,0.11
TRNS,82.1,83.41,94.72,93.98,82.88,100.77,8,8,4,77,74.55,0.09,83.35,90.21,0.59
LRMR,82.07,105.4,117.94,89.8,52.3,177.26,8,7,2,95,3.44,0.23,2.95,3.87,0.96
ESCA,82.06,89.87,105.06,112.89,121.33,116.34,8,87,88,83,11.78,0.0,13.78,14.37,1.23
EEIQ,82.06,85.82,88.06,76.09,109.65,124.91,8,4,84,86,0.62,0.3,0.57,0.78,0.13
TBHC,82.03,107.59,127.03,88.19,92.33,102.88,8,6,6,78,1.23,0.15,1.23,1.44,0.67
IMRN,82.0,87.64,96.87,92.84,100.16,110.01,8,8,79,80,1.65,0.04,1.76,1.87,0.22
FNGR,81.97,119.32,135.6,278.47,135.27,97.58,8,98,92,5,1.57,0.14,2.24,1.88,0.49
ESRT,81.9,85.42,98.5,95.65,97.88,117.66,8,9,8,84,7.15,0.09,7.95,8.89,0.85
HUBC,81.86,109.04,101.87,48.05,174.73,140.58,8,2,96,91,3.51,0.16,2.66,4.62,0.23
LAND,81.85,88.68,100.02,91.76,94.83,101.24,8,7,7,77,9.11,0.06,10.04,10.6,1.68
MNDO,81.73,83.03,85.42,95.04,112.14,112.06,8,8,85,81,1.41,0.15,1.43,1.67,1.07
SOND,81.45,83.22,117.75,117.75,134.63,180.85,8,89,92,96,2.12,0.13,2.19,2.72,0.29
BLIV,81.41,82.95,102.54,100.0,100.0,100.0,8,45,44,41,2.35,0.08,3.52,3.78,0.3
BLNK,81.32,92.89,107.21,75.63,54.47,84.55,8,4,2,3,0.95,0.11,0.92,1.19,0.41
PCG,81.31,81.31,79.33,103.15,100.18,121.35,8,82,79,85,14.12,0.13,14.5,17.17,0.99
AVAH,81.28,86.97,116.05,146.83,160.89,224.93,8,95,95,97,3.74,0.17,4.7,4.9,1.0
OLPX,81.26,94.78,111.53,97.6,87.16,106.66,8,9,5,79,1.31,0.17,1.41,1.55,0.58
ATOS,81.18,96.53,113.07,97.68,79.65,153.86,8,9,4,93,0.82,0.22,0.86,0.94,0.53
ILAG,81.1,83.52,110.84,123.54,134.22,181.37,8,91,92,96,0.47,0.13,0.49,0.67,0.77
ISOU,81.0,92.62,102.3,105.4,81.61,101.98,8,83,4,77,6.31,0.21,7.15,7.51,2.09
AKAM,81.0,89.65,96.58,90.36,104.02,102.24,8,7,81,77,74.38,0.16,78.3,86.87,1.3
FFWM,80.95,85.74,105.56,96.61,84.5,139.79,7,9,5,90,4.78,0.05,5.23,5.82,3.38
AXTA,80.95,86.09,96.72,95.33,107.47,122.88,7,9,82,85,27.82,0.0,30.12,34.17,1.17
RVTY,80.91,96.82,98.57,89.59,108.59,120.91,7,7,83,85,88.23,0.01,95.12,106.89,1.24
TOUR,80.9,90.76,96.52,104.6,131.05,142.98,7,83,91,91,0.78,0.03,0.87,0.97,0.7
PLL,80.88,85.37,101.03,77.24,90.07,121.71,7,4,6,85,7.27,0.21,6.68,8.48,0.61
LBRDK,80.85,103.2,140.32,140.86,140.45,158.43,7,94,93,94,60.11,0.11,86.04,79.87,1.7
NESR,80.83,91.56,95.19,83.42,106.64,104.26,7,5,82,78,6.4,0.21,6.21,7.68,0.52
DIBS,80.8,85.33,89.32,78.44,93.99,97.94,7,4,7,5,2.63,0.1,2.7,3.29,0.36
CPRT,80.79,83.69,89.25,113.84,113.9,122.91,7,87,86,85,45.51,0.01,48.97,55.44,0.72
CAVA,80.68,89.3,96.91,93.35,176.94,253.06,7,8,97,98,84.3,0.13,82.91,105.97,0.55
BITF,80.56,91.1,102.51,68.49,74.7,144.37,7,3,3,91,1.16,0.24,1.0,1.37,1.53
HIVE,80.54,89.8,112.89,95.97,96.16,182.2,7,9,8,96,2.03,0.18,2.04,2.61,1.36
ASH,80.41,80.41,87.77,75.84,79.61,102.85,7,4,4,78,50.5,0.09,51.07,61.95,1.48
MRNO,80.39,83.22,115.58,126.21,148.14,158.59,7,92,94,94,7.42,0.23,9.33,10.0,0.02
CRVL,80.33,82.73,99.82,110.59,141.64,142.67,7,86,93,91,86.71,0.0,101.78,109.72,1.16
VOC,80.32,91.26,88.87,79.81,77.64,99.06,7,5,4,5,2.91,0.22,2.87,3.5,2.23
STLA,80.3,92.26,107.93,89.84,85.99,80.98,7,7,5,3,8.79,0.23,9.85,10.37,0.67
EPAM,80.08,90.68,105.15,94.45,121.15,117.03,7,8,88,83,150.99,0.06,172.38,199.97,1.17
IFF,79.91,88.84,96.49,90.03,96.58,119.41,7,7,8,84,69.48,0.08,75.41,81.56,0.92
FG,79.77,83.29,84.39,88.19,112.53,124.46,7,6,85,86,31.38,0.08,31.7,38.27,1.15
BRBR,79.57,83.77,88.27,124.2,133.91,141.9,7,91,92,91,54.11,0.16,58.79,69.17,0.94
CRNT,79.47,88.53,102.23,93.22,209.62,213.5,7,8,97,97,2.16,0.04,2.38,3.05,1.29
AHH,79.43,83.81,87.36,80.35,90.87,104.72,7,5,6,78,6.69,0.09,6.93,8.37,0.81
JAKK,79.32,87.38,98.89,98.13,138.65,142.47,7,10,93,91,17.14,0.0,20.2,24.3,2.06
ANNX,79.32,82.42,104.43,78.9,67.53,180.46,7,4,3,96,2.45,0.17,2.44,3.58,0.56
EHAB,79.22,84.57,94.51,131.8,107.3,99.41,7,93,82,5,6.52,0.0,8.67,8.29,0.93
RH,79.19,87.63,97.92,72.3,147.48,158.25,7,3,94,94,200.76,0.18,193.83,284.03,1.0
ZCMD,79.15,83.46,87.12,108.94,102.05,148.75,7,85,80,92,0.99,0.0,1.15,1.34,0.04
VCEL,79.11,91.81,93.89,94.57,137.81,141.66,7,8,93,91,35.63,0.03,40.79,47.88,1.79
SAIH,79.07,125.85,244.43,116.55,106.57,168.28,7,88,82,95,7.5,0.22,8.14,9.88,0.6
BLNE,79.03,79.03,109.51,47.85,118.75,131.36,7,2,87,88,2.12,0.11,1.29,4.29,0.39
SAFE,79.02,84.09,90.36,87.57,94.23,107.29,7,6,7,79,14.09,0.01,15.1,17.31,2.22
BHFAP,79.02,81.05,92.18,97.74,95.49,114.5,7,9,8,82,16.54,0.22,18.54,20.46,0.4
CCO,78.94,87.22,107.28,93.06,92.0,118.45,7,8,6,84,1.02,0.2,1.14,1.29,2.13
GXAI,78.92,86.47,93.06,94.44,89.94,161.8,7,8,6,94,1.13,0.03,1.33,1.55,0.85
IQ,78.89,91.14,97.26,75.5,93.37,82.99,7,4,7,3,1.82,0.16,1.79,2.06,0.84
SXC,78.88,89.34,98.73,96.26,103.74,139.84,7,9,81,90,7.23,0.0,8.32,9.42,1.17
RYDE,78.8,80.45,112.23,87.31,56.62,56.58,7,6,2,2,0.3,0.01,0.29,0.36,0.02
FLYY,78.79,100.0,100.0,100.0,100.0,100.0,7,45,44,41,3.95,0.0,5.1,5.45,1.22
ECOR,78.77,93.9,111.96,84.27,240.41,278.7,7,5,98,98,6.77,0.15,6.03,10.22,0.55
ORGN,78.76,85.67,85.71,73.92,110.7,171.92,7,4,84,95,0.68,0.18,0.54,0.86,0.79
PNTG,78.74,83.72,102.31,115.74,118.32,179.26,7,88,87,95,22.07,0.0,26.57,27.56,1.38
MATV,78.71,94.2,101.3,77.07,65.41,115.38,7,4,2,82,6.26,0.13,6.78,8.57,0.8
NLSP,78.66,89.86,122.44,138.76,49.4,45.53,7,94,2,1,1.8,0.07,2.25,2.3,0.26
ACCO,78.64,91.9,94.28,84.87,104.77,126.48,7,6,81,87,3.44,0.03,3.7,4.47,1.96
VATE,78.56,88.24,113.8,122.22,253.8,175.14,7,91,98,95,5.27,0.2,5.61,6.71,1.75
CMG,78.43,87.46,106.97,104.08,107.74,122.76,7,82,83,85,42.52,0.0,51.84,54.73,1.22
TFIN,78.4,93.09,102.79,87.04,99.27,144.33,7,6,9,91,54.75,0.13,59.71,72.63,1.0
SCL,78.37,94.19,102.67,88.27,80.95,102.55,7,6,4,77,49.86,0.13,55.64,60.88,1.57
UPS,78.36,92.15,95.03,88.28,93.15,102.24,7,6,7,77,84.5,0.0,99.1,111.56,1.89
WU,78.29,83.16,87.14,92.95,101.57,94.87,7,8,80,4,7.92,0.0,8.64,9.69,1.1
MWYN,78.16,78.16,76.31,100.0,100.0,100.0,7,45,44,41,1.38,0.05,3.3,3.98,37.96
SHOO,78.15,90.5,92.26,75.36,92.41,115.75,7,4,6,82,23.52,0.14,24.94,32.59,1.95
COO,78.11,82.15,91.79,89.33,99.56,118.9,7,7,9,84,70.87,0.09,72.64,86.84,0.48
XTLB,78.01,106.72,117.5,85.82,104.18,165.2,7,6,81,94,1.39,0.22,1.34,1.52,0.27
CLAR,77.99,94.7,97.11,80.19,99.15,100.33,7,5,9,76,3.16,0.03,3.51,4.01,3.55
FGL,77.97,80.77,82.62,88.7,101.86,100.0,6,6,80,41,1.22,0.14,0.95,1.59,0.76
BYND,77.91,98.42,114.29,85.35,72.4,103.22,6,6,3,78,2.87,0.12,3.37,3.82,0.78
ASTC,77.89,82.73,84.16,82.97,89.3,90.36,6,5,6,4,5.25,0.0,5.71,6.46,1.25
REAX,77.88,83.04,99.55,101.88,124.1,202.06,6,81,89,96,3.88,0.01,4.15,4.67,0.81
CERS,77.81,84.09,103.11,93.96,108.9,121.28,6,8,83,85,1.27,0.04,1.38,1.55,0.93
CUE,77.59,89.56,99.6,91.05,115.48,173.34,6,7,86,95,0.74,0.2,0.72,1.04,0.57
VMD,77.5,80.45,100.18,96.84,104.64,129.86,6,9,81,88,5.93,0.0,6.66,7.62,1.44
PALI,77.5,97.69,99.35,57.91,41.33,53.63,6,2,1,1,1.01,0.12,0.79,1.37,0.29
GLBS,77.47,79.25,83.75,93.65,86.28,95.35,6,8,5,4,1.04,0.03,1.14,1.28,0.53
ACN,77.46,87.1,97.78,99.03,120.15,113.98,6,10,88,82,255.37,0.0,298.52,330.6,1.69
MNRO,77.43,87.74,90.98,84.28,72.65,110.83,6,5,3,81,14.09,0.12,15.15,19.0,1.57
CCCC,77.34,83.0,110.03,56.68,62.85,178.74,6,2,2,95,2.12,0.17,1.74,2.93,0.56
SELX,77.25,77.25,90.01,106.86,115.11,96.43,6,84,86,5,1.1,0.07,1.28,1.44,0.95
FPAY,77.24,101.42,107.0,114.56,146.06,185.0,6,88,94,96,1.04,0.06,1.23,1.42,1.05
SVRA,77.15,79.98,78.22,98.48,96.73,97.21,6,10,8,5,2.59,0.24,2.35,2.89,0.39
FLYW,77.15,92.04,96.31,89.28,114.41,123.31,6,7,86,86,10.37,0.13,11.11,14.72,1.15
CZR,77.14,90.4,103.39,94.73,103.59,107.4,6,8,81,79,25.68,0.11,28.33,32.27,1.4
SKIL,77.14,77.14,97.04,156.16,263.89,281.59,6,96,98,98,14.91,0.18,16.51,19.95,1.03
VTLE,77.02,86.75,87.88,79.72,95.6,102.0,6,5,8,77,16.91,0.13,17.67,23.97,1.19
CRGX,77.0,77.0,65.18,65.31,65.31,124.95,6,3,2,86,4.49,0.05,4.41,8.83,0.41
FLUX,76.95,84.8,124.45,95.18,90.56,77.13,6,9,6,2,1.62,0.17,1.72,1.84,0.76
NPWR,76.87,91.6,88.38,55.37,95.09,149.71,6,2,7,92,2.63,0.1,2.56,5.93,0.91
AVBP,76.8,91.05,110.69,119.0,126.52,157.59,6,90,90,94,18.66,0.12,21.98,24.2,0.8
TWST,76.8,79.65,93.26,87.56,139.55,146.06,6,6,93,92,33.68,0.2,34.32,40.93,1.31
KOS,76.79,90.18,85.17,72.84,71.19,76.57,6,3,3,2,1.95,0.11,1.98,2.71,1.44
NL,76.79,90.41,101.22,135.59,120.26,158.17,6,94,88,94,5.66,0.18,6.7,7.36,1.69
LYB,76.79,90.98,97.93,80.03,89.94,95.58,6,5,6,5,53.42,0.04,59.76,68.16,2.43
AFYA,76.73,84.41,105.74,118.22,114.27,102.11,6,89,86,77,13.68,0.0,16.83,16.85,1.16
CMBT,76.5,82.15,89.87,89.26,87.93,98.13,6,7,5,5,8.98,0.11,9.29,10.31,0.57
LBTYK,76.49,76.49,77.62,73.84,77.19,116.12,6,3,4,83,10.74,0.11,10.15,12.56,1.51
BRKR,76.3,88.74,89.53,79.65,89.28,94.81,6,5,6,4,37.99,0.07,39.77,48.19,1.51
LMNR,76.04,79.48,80.99,77.47,106.36,156.86,6,4,82,94,14.77,0.01,15.42,20.39,1.15
EPC,76.04,80.99,85.7,87.67,88.72,102.14,6,6,5,77,25.16,0.14,25.56,30.49,0.98
GLMD,75.98,81.71,107.46,76.78,74.87,83.36,6,4,3,3,1.55,0.03,1.75,2.3,0.67
INSP,75.93,80.73,86.44,85.71,109.43,119.79,6,6,84,84,126.1,0.02,132.47,166.85,1.58
TOP,75.91,79.2,86.5,89.1,79.37,76.5,6,7,4,2,1.12,0.04,1.24,1.38,1.25
EVH,75.86,81.31,89.83,89.27,61.68,99.53,6,7,2,5,9.98,0.11,9.62,11.54,0.71
ACET,75.79,87.91,109.1,80.98,74.86,86.79,6,5,3,3,0.67,0.2,0.72,0.87,0.67
KSPI,75.73,85.78,90.88,86.68,103.56,106.05,6,6,81,79,76.16,0.0,83.76,94.75,1.69
SINT,75.67,88.63,126.39,99.17,123.29,81.34,6,10,89,3,2.4,0.15,2.95,3.11,0.28
AUUD,75.63,83.05,77.52,91.08,53.82,60.3,6,7,2,2,4.46,0.06,4.55,6.55,0.38
SRL,75.53,80.12,81.85,108.56,123.94,134.21,6,85,89,89,5.73,0.0,6.2,7.26,1.11
MYSZ,75.38,80.28,82.77,90.18,95.05,265.63,6,7,7,98,1.2,0.02,1.25,1.63,0.44
DXLG,75.37,86.75,97.42,54.06,88.81,96.21,6,2,5,5,1.26,0.11,1.19,1.92,0.54
PRO,75.35,83.81,90.13,90.45,111.18,103.23,6,7,84,78,14.89,0.07,16.43,20.17,2.04
SAGT,75.34,84.8,101.64,100.0,100.0,100.0,6,45,44,41,1.92,0.06,2.33,2.86,0.22
KMX,75.3,83.79,91.41,91.93,119.6,117.92,6,7,88,84,55.98,0.0,64.68,74.05,1.06
ARKO,75.18,86.9,96.16,93.38,119.48,117.64,6,8,88,83,3.99,0.09,4.45,5.46,1.04
IMVT,75.16,83.41,92.93,74.19,75.98,102.27,6,4,3,77,15.71,0.12,16.34,20.69,1.15
CYTK,75.12,79.19,85.31,78.78,89.3,112.26,6,4,6,81,36.69,0.23,34.33,42.95,0.78
FNWB,74.75,76.62,84.79,98.86,110.02,102.44,6,10,84,77,7.59,0.13,8.11,9.78,0.3
CVM,74.6,74.6,60.33,43.24,57.06,57.85,6,2,2,2,9.45,0.2,3.63,11.4,0.51
ZD,74.46,81.88,83.1,72.81,108.04,113.61,6,3,83,82,29.49,0.0,31.9,42.79,1.28
BCAX,74.37,83.27,90.86,104.5,106.17,100.0,6,83,82,41,10.53,0.1,10.54,14.55,0.47
ITP,74.25,74.25,77.82,161.76,175.89,252.28,6,96,96,98,0.2,0.08,0.2,0.27,0.13
SAVA,74.16,85.27,96.26,66.73,53.67,129.31,6,3,2,88,2.12,0.03,2.11,6.0,0.56
AIOT,74.13,85.16,92.59,101.9,186.45,204.14,6,81,97,97,3.8,0.0,4.54,5.64,0.73
RXO,74.12,86.78,95.59,77.49,102.47,138.66,6,4,80,90,15.0,0.13,16.09,20.86,1.44
FUN,74.11,78.15,84.89,87.7,110.03,120.1,5,6,84,84,29.69,0.11,31.46,39.02,1.28
BRZE,74.08,85.76,87.0,96.25,115.0,123.42,5,9,86,86,26.2,0.02,29.7,35.34,0.77
STAA,73.97,80.67,83.25,83.09,73.24,86.19,5,5,3,3,17.76,0.1,17.59,21.16,0.97
RDGT,73.96,95.08,103.6,89.5,71.65,97.17,5,7,3,5,1.12,0.16,1.13,1.44,0.23
STRR,73.9,81.12,84.57,93.71,87.81,86.16,5,8,5,3,2.02,0.07,2.06,2.41,0.79
SKY,73.9,76.73,83.01,104.41,131.27,141.7,5,83,91,91,64.84,0.09,65.83,87.09,1.69
CIVI,73.85,82.26,89.53,79.05,91.43,93.93,5,5,6,4,28.73,0.12,29.72,38.27,0.82
DOCN,73.83,85.16,93.04,88.24,133.82,147.79,5,6,92,92,25.74,0.0,28.49,34.75,1.94
CLIR,73.82,83.19,80.19,87.19,142.07,168.76,5,6,93,95,0.55,0.05,0.59,0.83,0.68
ELUT,73.8,73.8,77.07,70.9,90.1,156.59,5,3,6,93,2.04,0.12,1.95,2.84,0.61
DTI,73.68,80.18,110.74,101.0,89.8,95.85,5,81,6,5,2.06,0.12,2.72,2.91,0.26
WIX,73.67,85.89,99.01,109.69,161.15,172.05,5,85,95,95,128.97,0.0,153.84,183.73,0.77
FICO,73.62,82.37,104.28,129.08,123.55,174.18,5,93,89,95,1381.07,0.0,1683.56,1915.32,2.15
MSAI,73.52,73.52,71.54,55.29,80.81,110.54,5,2,4,81,0.78,0.13,0.72,1.24,2.56
KSCP,73.41,87.99,164.23,97.56,65.93,182.41,5,9,3,96,5.79,0.13,6.26,9.22,1.12
BODI,73.38,83.37,88.11,75.88,116.48,101.48,5,4,86,77,3.91,0.08,3.97,5.71,0.18
HBB,73.25,88.81,109.42,95.34,106.59,140.39,5,9,82,90,13.3,0.0,17.88,18.84,1.25
BKKT,73.17,133.79,203.02,118.87,141.45,223.84,5,89,93,97,9.33,0.09,15.17,16.11,1.89
ASTL,73.16,89.95,115.69,99.85,96.36,149.39,5,10,8,92,5.14,0.11,6.28,7.5,1.43
HWH,73.05,100.76,84.33,74.35,50.98,127.81,5,4,2,87,1.37,0.09,1.35,2.08,0.15
NWGL,73.04,73.04,78.03,377.18,98.5,58.9,5,99,8,2,1.07,0.03,1.38,1.38,0.14
OLMA,72.99,72.99,98.2,80.68,61.08,99.26,5,5,2,5,5.33,0.17,4.6,6.11,0.98
MUSA,72.97,86.79,90.61,106.09,118.25,126.16,5,83,87,87,362.19,0.0,417.9,472.21,2.38
INGN,72.48,79.38,93.57,89.99,152.25,162.0,5,7,95,94,6.21,0.06,6.7,8.28,2.17
DECK,72.28,83.43,83.43,83.12,116.39,153.16,5,5,86,93,103.35,0.06,105.82,145.54,0.71
AESI,72.26,82.26,86.23,76.8,118.45,128.8,5,4,87,87,12.51,0.06,13.55,17.57,1.08
WKHS,72.2,76.4,169.18,32.58,43.0,82.92,5,1,2,3,1.65,0.05,1.5,5.57,0.22
KZR,72.11,77.58,91.46,82.39,92.92,108.17,5,5,6,80,4.05,0.04,4.37,5.68,1.32
GTBP,72.02,86.03,141.91,170.79,107.05,107.05,5,97,82,79,1.81,0.03,2.61,2.53,0.4
IMTE,72.02,82.34,110.21,117.15,143.42,98.46,5,89,94,5,1.0,0.3,1.11,1.26,0.2
CAG,71.99,74.72,77.19,88.0,98.43,101.87,5,6,8,77,18.51,0.02,20.49,24.15,1.15
BANL,71.92,76.83,103.17,119.05,140.32,129.17,5,90,93,88,0.68,0.11,0.83,0.98,0.21
GRO,71.78,81.14,78.08,89.77,100.0,100.0,5,7,44,41,1.57,0.02,1.63,3.95,0.42
XPON,71.61,86.12,100.66,56.13,30.6,30.7,5,2,1,1,1.13,0.01,1.0,1.58,0.06
CYH,71.6,78.13,122.71,112.9,108.1,123.91,5,87,83,86,2.44,0.01,3.43,3.41,1.14
COLD,71.24,74.02,79.8,83.19,93.89,99.29,5,5,7,5,15.71,0.0,16.58,20.1,1.51
LITM,71.21,76.25,86.28,87.67,227.13,307.58,5,6,98,98,3.69,0.09,3.85,5.63,0.32
KFRC,71.18,92.57,91.36,79.63,89.14,98.83,5,5,5,5,34.24,0.0,41.46,48.86,1.92
AMCX,71.08,81.82,85.15,80.34,95.54,99.83,5,5,8,6,5.63,0.01,6.27,7.63,3.05
CE,70.82,87.14,104.14,78.75,67.2,95.75,5,4,3,5,48.55,0.11,56.36,65.43,1.64
TSBX,70.72,78.42,81.91,68.49,56.68,64.71,5,3,2,2,0.35,0.02,0.35,0.41,0.18
PMTS,70.19,78.94,91.73,108.47,140.77,157.31,5,84,93,94,18.75,0.0,22.06,26.59,0.55
HCWC,70.06,76.31,75.16,79.13,81.09,100.0,5,5,4,41,0.39,0.01,0.41,0.85,0.92
PACS,70.04,78.97,90.31,82.41,71.04,127.38,5,5,3,87,10.62,0.06,11.56,15.03,1.07
EDBL,69.89,72.92,77.48,82.91,68.68,73.57,5,5,3,2,2.4,0.02,2.87,3.83,0.02
SPHL,69.87,76.41,99.37,83.38,116.74,100.0,5,5,87,41,0.53,0.02,0.52,2.29,0.33
EWTX,69.74,70.27,82.89,72.77,136.27,287.94,5,3,92,98,14.31,0.11,14.15,22.82,0.8
EVGN,69.71,77.99,85.24,117.42,63.13,49.94,5,89,2,1,1.16,0.05,1.32,1.49,0.03
PAL,69.44,79.17,84.3,85.48,96.44,100.79,5,6,8,77,6.58,0.0,7.41,8.8,0.76
PNBK,69.18,73.29,99.31,373.23,229.39,116.36,5,99,98,83,1.53,0.11,1.67,1.97,0.23
JFBR,69.14,86.18,94.96,335.5,686.81,873.52,5,98,99,99,6.35,0.06,7.13,21.17,0.26
GLTO,69.13,82.99,101.68,67.87,83.37,55.74,5,3,4,1,3.2,0.08,3.39,4.41,0.19
IONR,68.92,77.07,83.11,81.51,108.31,202.4,5,5,83,96,2.92,0.07,3.08,4.23,0.22
WFF,68.9,72.73,83.67,102.56,100.0,100.0,5,81,44,41,0.81,0.0,3.64,3.73,0.17
CLVT,68.56,95.43,104.3,92.56,86.75,104.41,5,8,5,78,3.62,0.13,4.27,4.71,1.22
ARTV,68.43,83.16,83.16,49.45,71.6,112.62,5,2,3,81,2.83,0.09,2.11,5.71,0.35
IBRX,68.39,87.1,95.1,92.73,90.6,131.92,5,8,6,89,2.37,0.11,2.79,3.23,0.82
WGO,68.13,76.89,86.68,76.25,78.86,107.15,4,4,4,79,28.84,0.02,31.75,41.2,1.07
ENFY,68.0,72.28,91.78,86.16,89.38,99.53,4,6,6,5,0.91,0.08,1.03,1.24,0.47
LGPS,67.7,70.1,79.28,100.0,100.0,100.0,4,45,44,41,0.89,0.02,1.04,2.27,0.03
ALGN,67.48,101.4,108.73,98.52,93.65,97.77,4,10,7,5,136.52,0.06,186.4,196.69,6.16
HUDI,67.36,74.52,76.77,82.78,83.27,83.72,4,5,4,3,1.1,0.0,1.35,1.61,0.66
EMN,67.26,89.12,97.18,84.81,109.89,118.57,4,6,84,84,58.79,0.0,77.59,88.01,3.73
UPXI,66.94,93.24,270.51,358.27,291.54,103.49,4,99,98,78,4.6,0.19,7.67,5.65,0.9
TTEC,66.76,110.35,123.05,128.85,85.34,87.35,4,92,5,3,3.09,0.0,5.05,4.52,9.1
BRN,66.64,75.28,70.99,103.18,90.87,85.03,4,82,6,3,1.13,0.01,1.25,1.54,0.1
ANY,66.54,86.4,117.25,101.37,74.51,171.24,4,81,3,95,0.51,0.08,0.68,0.83,0.78
QDEL,66.54,80.38,96.62,89.24,102.43,110.28,4,7,80,81,22.81,0.0,28.65,35.72,1.09
POWW,66.43,75.56,97.61,125.49,120.41,108.17,4,92,88,80,1.12,0.13,1.34,1.42,0.75
CNET,66.03,82.95,99.9,97.03,75.63,71.12,4,9,3,2,1.23,0.01,1.45,1.62,0.31
BAK,65.96,67.61,89.5,81.48,76.1,91.2,4,5,3,4,3.04,0.03,3.49,4.2,0.75
VRAX,65.66,74.75,86.15,88.34,173.23,241.18,4,6,96,97,0.85,0.02,0.92,1.47,0.73
GSUN,65.65,77.39,93.17,112.07,102.26,74.49,4,86,80,2,2.37,0.01,2.87,2.99,0.74
CXAI,65.43,71.92,83.2,88.69,99.23,127.14,4,6,9,87,0.92,0.06,1.0,1.31,0.92
KAVL,65.38,70.81,92.36,78.68,127.62,106.33,4,4,90,79,0.48,0.02,0.53,0.75,0.47
CSPI,65.32,73.85,86.24,113.54,165.13,161.4,4,87,96,94,10.14,0.0,12.31,14.93,0.41
AMPH,65.19,69.31,71.34,76.99,71.4,118.92,4,4,3,84,21.21,0.02,23.7,32.33,0.91
PKOH,65.11,74.24,83.15,81.58,96.34,129.27,4,5,8,88,15.56,0.0,17.6,23.02,1.02
GETY,65.1,73.64,89.47,76.04,74.66,117.58,4,4,3,83,1.66,0.1,1.77,2.34,1.29
HTCR,64.56,64.79,66.82,74.51,227.08,379.01,4,4,98,98,0.49,0.03,0.52,1.01,0.07
NAUT,64.41,64.88,67.5,58.04,68.67,117.13,4,2,3,83,0.76,0.04,0.75,1.41,0.43
FC,64.16,71.02,74.78,72.75,98.93,115.52,4,3,8,82,18.62,0.0,21.84,29.62,1.24
RXT,63.92,69.96,83.57,64.07,147.49,162.99,4,3,94,94,1.18,0.07,1.29,1.97,1.0
HCAI,63.68,63.91,64.62,165.26,100.0,100.0,4,96,44,41,0.73,0.0,2.09,4.87,0.16
CAMP,63.67,67.34,81.44,69.88,104.04,100.0,4,3,81,41,1.65,0.03,1.66,4.5,0.58
ADV,63.64,80.53,89.97,69.09,78.69,117.57,4,3,4,83,1.3,0.07,1.43,2.18,0.62
AVTR,63.54,81.42,74.79,70.99,93.62,100.25,4,3,7,76,11.36,0.0,13.33,17.54,4.79
MRVI,63.38,74.39,86.39,67.47,67.98,108.9,4,3,3,80,2.22,0.06,2.39,3.84,0.7
SKK,63.31,67.97,88.98,93.18,112.59,100.0,4,8,85,41,0.52,0.0,0.63,1.45,0.18
NOTE,63.22,83.57,93.98,60.05,168.74,132.69,4,2,96,89,0.56,0.06,0.63,0.92,0.66
DAWN,63.2,67.37,74.56,65.96,88.35,117.22,4,3,5,83,6.65,0.05,6.69,9.98,0.81
MBIO,62.89,76.09,118.62,75.45,22.5,73.61,4,4,1,2,1.47,0.03,1.61,4.8,0.03
MNTK,62.64,68.05,83.44,75.28,100.84,109.63,4,4,79,80,2.06,0.07,2.18,3.3,0.57
TPET,62.58,66.2,76.68,107.37,90.16,64.97,4,84,6,2,1.18,0.07,1.24,1.48,0.15
GAUZ,62.46,72.52,90.82,100.56,125.52,120.01,4,80,90,84,6.42,0.1,7.8,9.05,0.22
COOT,62.3,62.3,75.15,77.44,144.65,131.25,4,4,94,88,0.52,0.02,0.68,0.97,0.08
PWM,62.29,74.96,79.06,78.1,164.63,179.69,4,4,96,95,0.38,0.04,0.4,0.76,0.02
PIII,62.19,62.19,62.17,62.9,64.6,52.01,4,3,2,1,7.35,0.06,6.69,10.09,0.82
ABL,61.99,63.5,68.87,100.46,95.05,93.25,4,80,7,4,5.29,0.1,5.88,7.47,0.71
APRE,61.9,75.04,89.69,64.5,93.74,119.38,4,3,7,84,1.66,0.06,1.76,2.62,0.91
AMN,61.84,73.48,83.25,74.3,72.14,65.53,4,4,3,2,17.85,0.0,20.83,24.89,1.42
XRX,61.69,95.5,104.66,81.87,83.5,85.97,4,5,4,3,3.94,0.05,5.24,6.66,1.85
GWAV,61.68,95.32,112.58,55.95,67.25,94.56,4,2,3,4,0.2,0.06,0.21,0.33,0.71
RELI,61.2,79.19,98.8,161.94,68.97,84.09,4,96,3,3,1.05,0.02,1.54,1.63,0.09
MASK,61.16,63.64,86.78,116.67,116.32,100.0,4,89,86,41,1.1,0.0,2.5,2.9,0.26
AIRJ,60.53,72.14,84.69,76.53,110.56,128.13,4,4,84,87,3.98,0.02,4.43,6.36,0.53
RMBL,60.52,74.62,83.31,64.41,88.11,133.79,4,3,5,89,2.09,0.11,2.2,3.78,0.18
NSP,60.42,80.37,75.48,83.14,106.42,89.74,4,5,82,4,45.07,0.0,60.65,74.39,4.53
RMTI,60.39,62.88,84.8,60.62,102.95,251.61,4,2,80,98,0.96,0.04,0.99,1.75,0.38
ARVN,60.3,60.3,73.06,63.64,65.39,112.1,4,3,2,81,7.42,0.06,7.49,14.51,0.73
HP,60.27,65.94,67.88,65.34,96.38,105.66,4,3,8,79,15.66,0.02,16.45,25.18,1.14
NCEW,60.0,61.83,73.02,115.05,112.4,100.0,4,88,85,41,0.69,0.0,0.99,1.48,0.08
INEO,59.81,92.63,132.92,156.12,105.02,100.0,4,96,81,41,0.93,0.06,1.18,1.86,0.03
SMSI,59.79,66.44,106.37,122.66,133.09,101.64,4,91,92,77,0.7,0.09,0.87,0.99,1.25
OBIO,59.51,83.26,83.26,67.14,104.53,108.85,3,3,81,80,2.44,0.0,3.04,4.24,5.98
TIRX,59.21,64.25,80.17,109.56,89.96,90.46,3,85,6,4,0.97,0.0,1.26,1.52,0.1
PASG,59.02,79.43,86.07,84.0,75.06,131.92,3,5,3,89,5.74,0.03,7.47,9.91,0.91
ZBAO,58.95,58.95,67.59,55.62,61.26,103.35,3,2,2,78,0.98,0.03,1.0,1.66,0.58
GTI,58.84,65.05,48.93,49.29,19.99,88.17,3,2,1,3,0.13,0.02,0.1,0.7,0.36
PCVX,58.78,66.38,76.37,56.85,108.7,164.75,3,2,83,94,33.02,0.06,34.47,64.91,0.72
VYGR,58.73,68.89,80.82,66.45,75.1,99.62,3,3,3,6,2.96,0.04,3.18,4.54,1.17
TLPH,58.72,67.96,82.7,74.65,82.75,117.4,3,4,4,83,0.4,0.0,0.47,0.6,0.2
GYRE,58.63,69.94,88.08,92.25,102.96,153.84,3,8,80,93,6.65,0.02,8.02,10.38,0.41
NIPG,58.53,79.04,99.58,94.83,72.48,100.72,3,8,3,77,1.74,0.07,1.84,3.69,0.97
GLE,58.41,129.63,162.01,152.09,111.2,100.0,3,95,84,41,0.98,0.02,2.09,2.29,0.52
DRMA,58.32,68.76,68.76,54.47,81.64,66.61,3,2,4,2,6.45,0.02,6.92,10.35,6.73
MXCT,58.17,63.09,73.43,68.1,112.76,122.84,3,3,85,85,2.04,0.01,2.21,3.23,0.8
VEEE,58.13,71.62,74.26,152.49,83.91,88.27,3,95,5,3,2.17,0.01,2.29,3.54,0.2
NISN,57.95,64.19,67.96,75.11,152.17,225.27,3,4,95,97,3.9,0.03,4.08,6.35,0.11
LVRO,57.67,59.4,63.16,62.09,93.5,102.02,3,3,7,77,2.07,0.02,2.27,3.61,0.32
RENB,57.64,57.64,65.39,47.06,159.57,175.72,3,2,95,95,0.26,0.0,0.32,0.63,0.14
VEEA,57.54,64.61,71.98,74.76,55.87,71.62,3,4,2,2,1.49,0.01,1.86,2.44,1.65
NVCR,57.42,62.5,108.65,100.38,150.88,208.46,3,80,95,97,11.32,0.02,16.65,20.09,1.23
MSW,57.41,79.59,111.87,133.8,100.0,100.0,3,93,44,41,1.33,0.01,3.97,4.94,24.26
WEAV,57.39,67.27,81.4,92.21,153.76,150.98,3,8,95,93,6.83,0.0,8.54,12.14,2.68
WCT,57.17,63.57,98.5,89.99,149.92,100.0,3,7,94,41,0.19,0.0,0.23,1.78,0.51
BRCC,57.16,69.29,69.29,72.8,74.28,90.48,3,3,3,4,1.64,0.09,1.64,2.38,0.79
KRO,57.06,65.77,78.81,73.77,90.16,137.09,3,3,6,90,5.2,0.0,6.31,8.44,1.22
CSAI,57.03,77.3,80.76,89.65,100.0,100.0,3,7,44,41,1.8,0.0,2.14,5.35,0.94
DJT,56.98,64.58,93.1,90.1,91.34,193.58,3,7,6,96,16.92,0.12,19.57,26.61,0.71
IBTA,56.92,67.67,69.57,102.3,107.97,126.25,3,81,83,87,34.73,0.05,41.34,55.71,1.33
ZSPC,56.54,57.3,63.06,79.98,116.22,100.0,3,5,86,41,2.76,0.0,3.6,9.31,1.53
NEOG,56.25,65.66,65.81,53.93,74.88,106.4,3,2,3,79,4.66,0.02,5.28,9.31,1.03
HUN,55.96,67.92,76.06,68.05,86.37,98.79,3,3,5,5,9.21,0.0,11.01,15.25,2.19
ASTH,55.08,61.5,70.95,81.42,93.96,155.57,3,5,7,93,21.57,0.0,24.6,34.06,2.22
GBIO,54.83,61.15,81.87,46.56,36.65,122.53,3,2,1,85,4.21,0.04,3.95,8.42,1.03
WALD,54.16,73.8,88.56,86.04,95.08,89.47,3,6,7,4,1.7,0.0,2.39,3.0,0.94
SLRX,53.75,82.32,82.22,91.86,105.67,168.91,3,7,81,95,0.63,0.01,0.8,1.24,1.05
JZXN,53.64,62.41,55.37,213.54,376.13,82.17,3,98,98,3,1.03,0.02,1.96,2.53,0.51
RCEL,53.18,58.31,66.16,104.17,107.74,129.75,3,82,83,88,5.16,0.04,5.63,9.0,1.08
LSH,53.14,55.18,65.43,71.67,87.37,106.76,3,3,5,79,0.82,0.0,0.91,1.66,1.12
MREO,53.1,57.22,109.59,93.03,83.51,137.71,3,8,4,90,1.66,0.02,2.32,2.9,0.41
JAMF,52.28,58.91,68.03,71.63,92.2,100.03,3,3,6,76,7.4,0.0,9.27,12.88,1.28
WIMI,52.1,56.1,64.18,55.07,150.82,264.63,3,2,95,98,3.3,0.05,3.16,7.17,0.31
PHGE,51.8,51.89,58.47,61.86,101.41,54.2,3,2,80,1,0.4,0.01,0.45,0.63,0.18
CBIO,51.76,56.4,76.44,98.39,105.39,135.48,3,10,81,89,12.0,0.01,16.29,24.18,0.75
INO,51.71,53.16,92.56,89.19,56.01,82.02,3,7,2,3,1.43,0.01,1.79,2.53,0.51
ENPH,51.52,56.64,63.28,65.98,77.14,90.59,3,3,4,4,31.43,0.0,39.95,58.41,0.8
HELE,51.38,55.65,57.04,51.2,81.67,95.0,3,2,4,4,21.57,0.03,26.3,48.05,0.78
GOVX,50.92,52.02,63.97,72.26,91.46,119.83,3,3,6,84,0.73,0.03,0.88,1.57,0.28
ULY,50.88,94.99,147.61,133.58,165.94,58.27,3,93,96,2,4.4,0.06,5.93,6.37,0.08
DAVA,50.74,62.38,66.73,71.11,109.49,105.22,3,3,84,78,11.94,0.0,14.78,22.83,1.44
TTGT,50.65,64.62,70.03,41.93,63.04,114.2,3,1,2,82,6.81,0.01,7.39,15.54,1.02
FTEL,50.57,68.13,68.13,39.03,116.54,942.72,3,1,86,99,0.54,0.0,0.58,8.36,0.34
GLOB,50.4,58.77,65.53,69.35,108.39,123.72,3,3,83,86,79.79,0.0,92.54,157.78,1.92
ARBK,50.16,56.98,89.13,69.77,57.23,103.38,3,3,2,78,0.29,0.08,0.36,0.57,0.1
UNH,49.67,58.19,63.18,75.45,117.81,116.33,3,4,87,83,237.77,0.0,295.93,455.79,2.5
HURA,49.65,57.49,60.51,91.8,91.87,116.68,3,7,6,83,2.4,0.08,2.65,3.85,0.36
WYHG,49.32,50.82,53.12,109.09,164.83,100.0,3,85,96,41,1.13,0.0,1.35,5.45,0.27
ABP,48.93,55.84,49.23,26.84,19.93,105.4,3,1,1,78,0.24,0.01,0.23,1.99,0.36
CISS,48.65,51.5,61.97,55.41,33.61,58.13,3,2,1,2,3.17,0.01,3.5,7.23,0.35
BLMZ,48.58,97.89,116.5,58.13,75.13,98.09,3,2,3,5,0.17,0.03,0.17,0.38,0.09
OKUR,48.23,50.86,50.55,36.07,42.39,99.03,2,1,2,5,2.2,0.02,2.48,6.8,0.2
ENSC,48.14,54.7,81.98,56.3,73.02,180.32,2,2,3,95,2.05,0.04,2.2,4.76,0.97
TNMG,48.14,67.22,68.11,32.74,25.06,152.88,2,1,1,93,0.41,0.01,0.55,3.98,0.47
MIGI,48.02,72.85,91.33,78.32,65.73,196.99,2,4,3,96,0.42,0.02,0.51,0.84,0.65
SHFS,47.56,54.93,96.17,34.44,88.09,81.27,2,1,5,3,2.7,0.07,2.72,5.57,0.41
FRSX,47.13,56.18,65.85,79.56,137.18,275.92,2,5,92,98,0.37,0.0,0.5,0.75,0.27
RIME,47.12,50.68,57.54,69.7,27.16,54.58,2,3,1,1,2.24,0.0,2.56,16.22,0.31
BHVN,47.09,50.18,59.11,56.26,95.25,145.69,2,2,7,92,14.71,0.05,14.75,30.39,1.22
SAFX,46.98,49.51,65.83,298.81,106.97,100.0,2,98,82,41,1.32,0.0,5.71,9.33,0.23
IRWD,46.47,48.48,59.43,32.44,36.99,81.17,2,1,1,3,0.77,0.03,0.71,2.16,0.52
SUUN,46.31,49.99,54.39,58.73,157.87,81.95,2,2,95,3,1.3,0.0,1.52,2.58,0.16
BRLS,46.23,48.5,57.05,107.43,105.98,109.56,2,84,82,80,2.83,0.0,3.85,5.48,0.04
AUID,45.96,53.38,89.28,113.78,119.36,101.25,2,87,88,77,3.62,0.0,4.7,5.91,0.29
MTVA,45.69,48.55,53.42,37.68,69.16,72.87,2,1,3,2,0.61,0.0,0.69,1.53,0.14
SVRE,45.6,46.18,52.99,236.72,249.8,31.52,2,98,98,1,1.98,0.06,2.87,5.11,0.04
VMAR,44.93,54.64,80.44,77.99,25.21,28.5,2,4,1,1,5.36,0.0,6.98,13.39,0.4
BHAT,44.41,46.57,46.6,44.55,22.59,37.07,2,2,1,1,1.73,0.0,1.82,7.77,0.14
LEE,43.81,49.13,68.23,68.14,108.38,192.03,2,3,83,96,4.64,0.0,6.36,10.9,1.69
BDSX,43.42,52.12,52.65,41.65,70.59,100.31,2,1,3,76,0.36,0.08,0.32,0.85,0.05
CANF,43.38,58.43,61.19,62.52,96.41,99.42,2,3,8,5,0.66,0.0,1.02,1.5,1.26
HOOK,43.37,61.03,89.67,78.88,42.06,70.69,2,4,1,2,0.88,0.03,1.28,1.81,0.2
EONR,43.1,43.1,57.29,80.39,65.43,74.27,2,5,3,2,0.32,0.01,0.4,0.66,0.17
BJDX,42.92,53.15,55.0,39.79,95.22,36.07,2,1,7,1,1.5,0.0,1.66,3.18,0.02
GWH,42.56,49.88,68.18,38.06,63.5,80.47,2,1,2,2,1.71,0.09,1.49,3.97,0.17
MLSS,42.54,58.99,80.61,119.31,173.55,185.97,2,90,96,96,0.43,0.0,0.76,0.91,3.08
FEAM,42.38,50.19,58.87,73.78,52.04,119.01,2,3,2,84,3.05,0.0,3.89,7.09,3.95
ASBP,41.98,44.51,42.56,28.21,123.61,113.04,2,1,89,81,0.36,0.01,0.36,5.34,0.02
ACON,41.95,45.61,40.11,28.46,9.73,109.79,2,1,1,80,6.99,0.0,7.2,512.85,1.92
CODX,41.56,47.66,52.69,52.34,62.58,109.37,2,2,2,80,0.25,0.01,0.27,0.6,1.21
IBIO,41.08,50.22,61.04,43.46,325.57,168.58,2,2,98,95,0.66,0.0,0.8,2.3,0.15
ZBAI,40.32,45.67,63.68,118.49,173.75,236.56,2,89,96,97,0.36,0.03,0.51,0.88,0.03
RVPH,40.27,43.03,48.95,90.04,167.15,170.75,2,7,96,95,0.44,0.04,0.62,1.15,0.72
AIXI,39.74,43.77,66.36,74.48,96.56,122.97,2,4,8,85,1.7,0.0,2.54,4.17,1.18
NXXT,39.42,45.91,78.74,106.93,117.52,107.93,2,84,87,80,1.27,0.0,2.48,2.93,0.84
BIAF,39.16,45.02,51.33,65.42,80.46,85.07,2,3,4,3,0.29,0.04,0.3,0.68,0.09
SGBX,38.83,102.58,114.28,172.05,78.47,50.94,2,97,4,1,0.25,0.0,0.72,0.64,2.05
TWG,38.71,48.63,61.18,53.7,70.06,70.92,2,2,3,2,8.1,0.0,11.3,48.18,0.27
SDOT,38.61,41.37,72.16,60.64,102.29,140.91,2,2,80,91,0.87,0.0,1.31,2.53,0.39
DOGZ,37.55,46.74,48.45,123.4,423.42,847.59,2,91,99,99,7.62,0.0,18.43,30.3,0.1
MOVE,36.9,44.36,45.88,25.09,111.1,105.76,2,1,84,79,0.63,0.02,0.67,2.95,0.03
WORX,36.67,46.79,48.95,56.94,124.3,201.78,2,2,89,96,0.33,0.0,0.45,1.02,0.16
SCWO,36.47,53.68,57.96,98.43,40.92,140.46,2,10,1,90,0.19,0.0,0.31,0.59,1.55
EKSO,35.77,50.87,50.87,63.01,58.8,72.4,2,3,2,2,3.49,0.04,3.82,7.76,0.19
MNTS,35.3,36.07,39.11,47.43,67.47,133.09,2,2,3,89,1.15,0.0,1.37,4.14,0.11
BDMD,35.21,36.99,116.91,166.17,239.27,177.98,2,96,98,95,1.91,0.08,4.02,4.46,1.69
MYGN,34.37,38.25,45.64,44.37,74.63,86.1,2,2,3,3,3.91,0.0,4.84,10.75,0.84
INMB,33.55,44.09,41.88,115.81,152.91,122.01,2,88,95,85,2.56,0.06,4.96,6.37,0.27
NFE,33.02,47.25,56.24,54.32,106.01,110.15,2,2,82,81,2.82,0.04,3.19,8.37,1.0
YCBD,32.64,32.8,36.58,33.45,107.33,94.56,2,1,82,4,0.86,0.01,0.91,2.56,0.26
RXST,32.15,33.01,48.73,43.36,69.23,134.16,2,2,3,89,7.8,0.01,12.01,26.83,0.73
LESL,31.52,55.58,53.53,49.37,63.83,83.99,2,2,2,3,0.36,0.0,0.55,1.44,0.64
RNAZ,31.49,55.12,54.76,24.75,78.87,109.85,2,1,4,80,11.5,0.01,8.52,136.79,0.29
SMTK,31.26,32.59,34.57,78.69,99.39,117.82,2,4,9,84,0.91,0.01,1.09,2.44,0.14
KLRS,29.95,29.95,28.83,43.8,84.24,123.33,2,2,5,86,2.69,0.02,2.71,8.64,1.07
YHC,29.73,31.68,89.47,15.55,267.53,241.36,2,1,98,97,1.27,0.0,1.91,24.37,0.25
PTLE,29.39,30.07,49.03,94.82,81.05,100.0,2,8,4,41,0.2,0.0,0.44,2.86,0.07
XELB,28.91,41.27,45.63,62.9,75.36,101.98,2,3,3,77,1.1,0.0,1.87,3.92,3.64
MKZR,28.04,37.37,50.96,60.63,87.59,131.63,1,2,5,88,0.5,0.0,0.73,1.98,0.39
SONM,27.09,30.73,34.77,56.98,79.57,90.9,1,2,4,4,0.64,0.0,0.94,2.23,0.09
SRXH,27.04,29.17,42.18,69.87,108.84,80.39,1,3,83,2,0.38,0.0,0.57,1.17,0.98
RCKT,26.66,29.31,38.42,53.13,59.28,81.86,1,2,2,3,2.99,0.03,3.12,8.95,0.35
WINT,26.16,35.94,44.94,18.3,13.17,16.75,1,1,1,1,0.6,0.0,0.73,9.89,0.24
TOVX,25.89,29.67,32.84,73.41,69.3,67.21,1,3,3,2,0.43,0.0,0.46,1.12,1.4
NAAS,25.71,27.51,22.5,17.13,37.85,51.36,1,1,1,1,2.92,0.01,3.6,20.74,1.2
GCTK,25.34,32.05,40.75,24.53,5.23,138.18,1,1,1,90,6.23,0.0,6.98,312.65,0.06
BDRX,25.01,30.77,36.67,35.36,52.16,46.52,1,1,2,1,6.7,0.0,9.71,29.51,0.35
ONCO,22.6,30.67,41.68,31.98,18.12,46.91,1,1,1,1,3.45,0.0,4.9,58.51,0.48
XFOR,22.08,22.53,19.24,32.01,108.64,109.07,1,1,83,80,1.6,0.01,2.42,9.92,0.45
RVYL,20.94,23.5,74.71,85.98,74.66,116.4,1,6,3,83,0.26,0.0,0.59,1.08,0.05
ADTX,20.04,22.15,23.08,12.95,14.89,7.38,1,1,1,1,1.03,0.0,1.36,40.03,0.23
AQMS,19.7,24.3,27.03,43.75,82.7,50.14,1,2,4,1,0.39,0.0,0.65,1.68,0.28
JZ,19.18,20.82,22.17,82.89,93.41,94.32,1,5,7,4,1.54,0.0,2.47,7.24,0.26
SLE,18.31,24.06,43.98,45.58,55.06,80.41,1,2,2,2,4.15,0.0,5.37,17.52,0.12
SRPT,17.58,18.72,26.25,51.05,92.98,117.33,1,2,7,83,15.91,0.03,24.6,80.51,0.77
AGRI,15.68,21.68,39.14,58.76,51.5,48.54,1,2,2,1,4.04,0.0,8.86,19.83,0.54
NUWE,15.52,21.17,31.55,62.06,69.97,55.05,1,2,3,1,9.1,0.02,16.5,43.1,0.14
CHSN,12.87,21.85,26.26,112.43,28.41,613.89,1,87,1,99,0.07,0.0,0.25,2.87,2.04
JAGX,11.2,15.83,27.97,42.36,62.86,61.32,1,2,2,2,1.98,0.0,3.08,14.52,0.43
WAI,7.44,8.16,55.06,55.06,96.43,137.55,1,2,8,90,0.37,0.0,1.51,6.05,0.18
RAYA,6.72,10.63,313.68,265.0,202.93,223.84,1,98,97,97,0.08,0.01,1.73,1.41,17.26
FOXO,6.39,9.56,11.94,80.31,127.55,432.99,1,5,90,99,0.16,0.0,0.47,3.82,1.1
NCNA,4.43,5.88,5.74,69.62,63.68,43.73,1,3,2,1,0.04,0.0,0.07,0.81,0.47
GVH,4.25,6.15,13.09,237.05,98.01,105.43,1,98,8,79,5.14,0.0,144.51,143.95,0.26
GDHG,3.34,3.34,8.55,11.92,143.04,59.96,1,1,93,2,0.54,0.0,1.3,29.16,0.39
OST,2.53,4.03,8.84,409.85,103.68,78.26,1,99,81,2,0.08,0.0,3.15,2.69,0.22
