Ticker,RS,1wk:end max,1mo:1wk max,3mo:1mo max,6mo:3mo max,9mo:6mo max,Rating (RS),Rating (3M:1M),Rating (6M:3M),Rating (9M:6M),Price,52W pos,MA50,MA200,Volume / VMA50
TRON,1214.16,1389.46,2177.6,1860.95,109.6,74.69,99,99,23,5,6.97,0.62,6.5,2.02,0.16
ZEPP,833.38,845.41,473.38,157.38,116.39,85.87,99,94,82,9,24.85,0.98,7.94,4.16,0.39
ABVX,800.45,837.47,837.47,92.79,84.88,77.37,99,14,9,6,70.13,0.97,23.89,11.51,0.45
QBTS,751.33,785.14,862.18,1045.0,661.87,843.99,99,99,99,99,16.9,0.83,16.71,8.97,0.89
WBX,735.28,842.56,1161.85,1047.87,54.87,54.8,99,99,3,2,4.36,0.66,3.08,1.15,0.07
RGTI,639.08,656.21,782.03,828.66,1008.96,1991.6,99,99,99,99,15.44,0.76,13.34,9.79,0.46
VOR,572.05,572.05,311.22,332.05,116.14,157.52,99,98,81,93,2.07,0.76,1.38,1.02,0.09
MVST,475.45,500.02,536.19,837.07,662.7,617.46,99,99,99,99,2.89,0.61,3.52,2.1,1.34
XTKG,471.06,595.97,489.14,534.32,391.03,405.77,99,99,98,98,1.85,0.77,1.68,1.09,0.74
AREN,439.59,477.54,468.39,1037.63,644.12,179.92,99,99,99,95,6.75,0.67,5.83,3.12,0.27
SBET,438.63,448.81,720.83,1198.78,70.14,89.52,99,99,5,11,23.92,0.28,25.09,10.91,2.37
IDAI,411.4,458.81,535.07,563.22,869.19,1979.33,99,99,99,99,2.9,0.34,2.61,2.08,0.43
AMPX,405.22,405.22,408.07,288.59,227.14,214.6,99,98,97,96,8.06,0.92,5.45,3.22,2.62
PSIX,389.63,389.63,417.51,423.88,797.56,892.92,99,98,99,99,99.7,1.0,69.59,40.06,3.65
YYAI,385.39,437.23,352.34,103.73,103.73,58.53,99,75,19,3,4.75,0.33,1.64,1.56,0.07
PRCH,371.57,435.42,455.35,435.49,390.7,293.2,99,98,98,98,14.2,0.88,12.02,7.05,0.87
CTM,368.83,382.52,359.61,414.85,692.31,1086.43,99,98,99,99,1.28,0.47,1.18,0.9,1.47
BSGM,368.74,492.87,1531.03,2240.54,221.21,310.24,99,99,97,98,3.75,0.31,6.18,2.54,0.31
ANTE,360.28,360.28,232.89,201.6,323.72,143.44,99,96,98,91,2.34,0.81,1.07,0.68,1.64
QNTM,359.8,461.39,410.09,566.85,178.88,171.64,99,99,95,95,29.21,0.82,21.1,9.83,0.77
OKLO,359.71,401.09,425.38,530.81,430.16,389.72,99,99,98,98,75.32,0.89,62.18,36.82,0.68
SUPX,358.4,420.86,371.13,271.52,276.31,96.11,99,98,98,69,23.16,0.84,12.55,7.82,1.01
ALMU,352.8,392.47,418.59,456.82,326.85,347.35,99,99,98,98,20.61,0.84,17.73,9.54,0.62
IPA,350.1,350.1,371.93,322.33,80.4,72.46,99,98,7,5,2.0,0.84,1.33,0.67,0.69
ONDS,345.14,345.14,225.06,214.08,224.66,295.5,99,97,97,98,3.55,1.0,1.97,1.39,1.71
RKLB,335.46,338.07,382.54,331.28,461.96,480.73,99,98,98,98,44.69,0.86,37.37,25.83,1.66
HOVR,334.29,335.79,340.72,334.07,111.06,210.23,99,98,24,96,1.76,0.74,1.55,0.83,0.45
NEON,331.65,331.65,465.15,474.27,341.94,317.96,99,99,98,98,22.99,0.76,20.91,11.69,0.22
FIEE,329.5,420.82,425.17,654.55,235.52,42.69,99,99,97,1,2.77,0.56,2.98,1.25,0.03
LIDR,315.52,315.52,418.96,120.71,71.34,189.53,98,87,5,95,2.8,0.58,1.46,1.07,0.38
MPU,315.05,321.24,302.99,217.62,68.17,100.85,98,97,4,73,3.95,0.99,1.92,1.34,0.36
TSSI,313.78,454.66,463.18,544.12,1413.59,1579.12,98,99,99,99,20.15,0.62,23.68,13.46,1.39
DDC,309.31,327.4,489.16,274.9,88.67,45.89,98,98,11,2,12.07,0.57,12.47,6.32,0.31
HYPD,307.9,307.9,614.37,562.73,22.79,44.61,98,99,1,2,7.46,0.09,7.93,8.19,0.33
LEU,298.22,317.23,361.56,327.03,198.06,184.95,98,98,96,95,223.15,0.88,189.74,108.55,0.96
MNPR,285.95,333.44,476.96,626.19,1363.0,1155.54,98,99,99,99,34.65,0.65,37.94,32.84,0.68
NXTT,277.52,333.42,495.24,473.88,77.88,126.41,98,99,7,87,1.74,0.47,2.07,1.56,0.25
FTEK,274.17,279.6,254.05,255.71,103.49,94.8,98,97,19,68,3.0,0.98,2.43,1.38,1.6
LAES,271.0,287.55,325.48,509.59,703.15,1209.23,98,99,99,99,2.68,0.27,3.59,2.93,0.43
SOGP,269.9,312.36,271.92,247.03,113.09,97.67,98,97,26,71,4.8,0.71,4.08,2.46,0.02
GRYP,263.45,281.11,502.54,446.34,86.83,69.47,98,98,10,4,1.28,0.86,1.12,0.63,1.07
GRRR,263.38,263.38,333.0,374.5,748.11,545.5,98,98,99,99,17.06,0.37,19.43,17.04,0.61
BTCS,262.42,262.42,367.94,344.08,168.49,321.76,98,98,95,98,5.0,0.72,3.69,2.72,1.01
DAVE,262.37,368.13,445.57,475.69,299.34,485.81,98,99,98,98,183.02,0.61,222.7,126.78,1.31
VIOT,260.97,266.61,262.71,177.61,219.36,165.16,98,95,97,94,3.63,0.97,2.28,1.65,0.32
WLDN,255.8,255.8,199.58,175.84,125.01,148.18,98,95,86,92,113.65,1.0,70.38,47.82,3.38
LIXT,254.96,285.53,285.53,158.71,98.35,122.0,98,94,16,85,4.83,0.99,2.58,1.91,0.03
NVTS,244.99,293.27,318.83,259.58,113.91,107.28,98,97,26,78,6.66,0.69,6.93,3.76,0.48
ASM,238.64,238.64,313.09,304.8,235.07,158.81,98,98,97,93,3.81,0.86,3.57,2.04,0.98
ABVE,238.51,238.51,571.64,260.42,326.61,95.28,98,97,98,69,1.85,0.46,1.5,0.84,0.09
TNXP,237.0,237.0,210.47,268.15,102.75,179.94,98,97,18,95,46.49,0.73,40.0,25.79,0.64
FLYE,235.49,235.49,201.54,179.73,101.48,94.36,98,96,18,68,6.82,1.0,4.58,3.05,4.32
ZONE,234.93,271.29,271.53,277.12,112.94,88.14,98,98,26,10,3.93,0.88,3.29,1.82,0.02
QSG,234.81,276.86,359.85,635.82,325.33,144.8,98,99,98,92,8.0,0.54,9.11,4.86,0.54
KUKE,233.53,233.53,273.41,852.26,806.54,58.93,98,99,99,3,2.03,0.43,2.84,1.82,0.97
USAS,233.24,233.24,252.14,233.03,200.74,173.36,98,97,96,95,1.09,1.0,0.88,0.59,0.93
KC,233.0,246.63,287.54,335.67,594.61,560.65,98,98,99,99,13.55,0.61,13.16,12.03,0.56
GMM,231.82,231.82,249.68,391.7,782.29,584.48,98,98,99,99,2.68,0.55,2.73,2.87,0.61
OCFT,229.79,230.22,227.09,304.34,364.27,160.98,98,98,98,94,7.41,0.98,7.29,5.06,1.0
LASR,229.34,229.34,198.98,193.32,81.39,90.61,98,96,8,11,26.15,1.0,18.92,12.44,3.09
GALT,224.0,224.0,209.87,156.22,116.85,119.53,98,94,82,84,4.15,1.0,2.45,1.88,1.07
OCG,223.48,269.97,327.02,615.22,531.76,116.07,98,99,99,82,4.5,0.56,5.65,3.06,0.03
ASST,222.68,433.45,959.12,1547.0,838.98,82.1,98,99,99,7,3.29,0.23,5.12,2.25,0.25
TDTH,222.52,239.62,396.64,66.77,73.79,88.07,98,4,5,10,1.09,0.23,0.7,1.2,0.29
IONQ,218.98,224.38,288.91,329.98,348.12,492.85,98,98,98,99,41.85,0.79,41.41,33.38,0.92
VSAT,217.51,238.33,145.72,140.74,101.1,72.03,98,92,17,4,25.62,0.9,14.6,10.69,0.98
PROK,213.1,250.87,492.77,322.52,79.66,103.24,98,98,7,75,2.59,0.45,1.99,1.52,0.14
MB,212.93,221.91,229.02,99.45,114.01,92.57,98,45,53,40,14.88,0.97,10.32,7.65,0.33
YSG,211.79,220.71,279.55,251.76,172.33,143.21,98,97,95,91,9.18,0.78,8.88,5.34,0.44
OPRX,211.03,211.03,176.6,256.6,150.26,66.17,98,97,93,3,17.3,1.0,13.46,8.4,7.53
RCAT,210.22,229.15,287.11,338.21,708.04,1059.83,98,98,99,99,9.33,0.6,8.29,7.4,0.55
PGY,207.44,254.58,281.76,196.34,132.51,108.0,98,96,89,78,28.67,0.8,23.63,14.26,1.97
AGH,206.0,255.61,240.71,99.45,114.01,92.57,98,45,53,40,2.64,0.42,1.09,1.19,0.1
THM,205.58,209.02,190.5,186.26,168.13,90.52,98,96,95,11,1.4,0.97,1.01,0.68,1.92
PHAT,204.92,204.92,136.88,142.51,69.35,155.07,98,92,5,93,9.74,0.43,8.6,7.59,0.53
METC,204.82,206.23,198.6,126.29,95.06,91.71,98,88,14,12,22.55,0.96,15.34,11.29,1.73
LTBR,204.36,212.09,275.46,367.77,376.12,300.63,98,98,98,98,13.77,0.8,13.8,9.65,0.45
PDYN,204.14,234.35,305.17,315.42,958.46,884.16,98,98,99,99,7.6,0.52,8.86,6.87,0.69
NB,203.92,203.92,202.13,152.91,218.01,118.6,98,93,97,84,4.74,1.0,2.94,2.2,3.38
GRPN,203.79,254.72,242.19,275.6,213.04,99.01,98,98,97,72,32.98,0.85,33.52,19.03,1.71
IMRX,203.1,230.57,260.3,226.58,95.97,105.9,98,97,14,76,3.25,0.65,3.2,2.12,0.23
DOMH,202.68,202.68,263.59,283.75,633.29,161.26,98,98,99,94,5.73,0.42,5.18,4.01,1.26
RPID,201.51,243.73,319.49,300.22,363.21,288.87,98,98,98,98,3.4,0.74,3.52,2.34,0.39
PRPO,200.54,216.2,272.83,252.06,150.5,104.18,98,97,93,75,13.9,0.8,12.81,8.11,0.22
TPC,199.22,214.75,194.64,187.53,147.8,206.63,98,96,92,96,56.41,1.0,45.59,30.89,1.48
VFF,198.74,198.74,175.78,165.71,83.78,85.25,98,95,8,9,1.72,1.0,1.29,0.9,1.37
MYNZ,198.67,219.47,258.14,457.6,2084.7,1855.97,98,99,99,99,1.43,0.16,1.74,3.16,0.32
CTMX,198.52,236.17,310.57,306.64,93.47,74.44,97,98,13,5,2.35,0.75,2.42,1.33,1.05
GROY,198.25,198.25,174.17,166.63,129.8,91.34,97,95,88,12,3.23,1.0,2.37,1.64,1.32
VERB,197.47,250.15,141.58,107.21,61.73,55.06,97,78,3,2,16.8,0.78,9.24,7.19,0.93
PVLA,197.45,197.45,235.63,157.08,247.34,108.49,97,94,97,78,40.9,1.0,28.58,21.48,0.75
AREC,195.46,195.46,200.8,158.23,165.82,144.64,97,94,94,92,1.61,1.0,1.02,0.87,2.17
TAOX,195.12,198.78,327.22,265.09,86.96,90.75,97,97,10,11,6.16,0.5,6.14,3.64,0.17
NEPH,194.38,194.38,192.28,286.74,133.14,80.08,97,98,89,7,3.9,0.7,3.64,2.18,3.08
CNTB,193.26,210.24,229.22,119.88,75.41,88.7,97,86,6,10,2.07,0.83,1.38,1.05,0.41
MTEN,191.35,223.87,511.93,287.37,268.47,136.36,97,98,98,90,13.64,0.57,13.72,8.39,0.44
TLSA,191.12,219.24,220.51,197.32,202.55,125.65,97,96,96,87,2.2,0.84,1.68,1.19,0.73
KNW,190.65,251.05,248.05,248.05,39.52,56.79,97,97,2,2,2.22,0.13,2.47,3.92,0.06
MGRM,190.2,191.55,218.02,121.38,145.59,106.93,97,87,92,77,5.4,0.87,3.93,2.9,0.26
PPIH,189.15,189.15,196.69,190.35,133.26,171.07,97,96,89,94,26.27,1.0,21.25,15.8,2.47
OSS,188.75,188.75,225.66,179.56,167.37,166.79,97,96,95,94,5.47,0.85,4.38,3.21,1.16
PL,188.06,188.06,227.6,227.6,259.29,268.92,97,97,98,97,6.4,0.88,5.92,4.42,0.63
ALM,187.9,203.17,303.03,434.46,357.37,233.84,97,98,98,97,4.12,0.43,5.08,3.14,0.92
INVZ,185.9,187.92,203.74,181.88,124.45,185.11,97,96,86,95,1.67,0.69,1.41,1.06,0.62
WGS,185.47,185.47,178.17,168.72,671.11,1532.79,97,95,99,99,105.13,0.87,83.32,81.55,0.46
VHC,185.4,204.27,244.26,172.24,182.24,142.46,97,95,96,91,15.5,0.68,13.06,8.9,0.39
OWLT,184.82,184.82,217.13,207.68,109.48,102.96,97,96,23,74,9.3,0.98,7.51,5.27,3.08
ATNF,183.85,208.28,227.3,69.52,69.12,129.81,97,5,5,88,3.0,0.4,1.6,1.68,2.41
SSRM,183.3,183.33,167.59,189.54,205.79,136.18,97,96,97,90,15.19,1.0,12.7,9.64,1.18
GNS,182.58,212.66,321.7,303.44,56.57,51.5,97,98,3,2,0.98,0.56,0.92,0.61,0.29
RIGL,182.57,182.57,125.85,133.28,161.33,223.19,97,90,94,97,31.7,1.0,20.6,19.96,4.65
SOFI,182.3,182.3,200.37,195.52,167.0,194.06,97,96,95,96,22.1,0.97,18.3,14.88,0.66
OMH,182.25,194.66,208.0,730.72,905.58,72.82,97,99,99,5,1.27,0.3,1.45,1.21,0.02
HNRG,182.2,182.2,146.14,224.66,195.54,169.97,97,97,96,94,21.22,1.0,16.48,13.37,2.66
STRL,181.84,187.54,172.35,169.47,143.3,179.27,97,95,92,95,302.69,1.0,234.99,176.57,0.6
TLN,181.53,191.93,193.28,159.31,186.09,213.03,97,94,96,96,374.68,0.94,300.72,234.05,0.5
INDV,178.88,178.88,169.44,128.4,101.55,99.48,97,89,18,72,22.0,1.0,15.72,11.85,0.74
NNE,178.61,191.58,163.34,329.19,320.81,272.21,97,98,98,98,35.46,0.76,34.63,28.73,0.63
MEIP,178.47,178.47,252.75,101.86,86.35,80.87,97,74,9,7,5.19,0.67,3.52,2.77,0.4
ACFN,177.7,197.92,197.92,141.57,174.08,203.66,97,92,95,96,27.66,0.88,19.17,17.35,3.2
CURI,176.68,216.26,244.26,422.09,292.9,232.94,97,98,98,97,4.42,0.6,5.01,3.17,1.24
GDC,176.45,176.45,187.41,225.17,223.58,181.49,97,97,97,95,3.32,0.34,3.18,2.33,0.1
ETON,175.66,175.66,196.14,305.59,316.7,334.32,97,98,98,98,17.14,0.81,15.06,14.22,1.51
FEIM,174.82,177.26,165.64,166.96,160.66,172.75,97,95,94,95,29.53,0.98,22.52,17.69,0.68
DGXX,174.37,184.58,284.7,217.8,189.97,210.04,97,97,96,96,2.97,0.75,2.63,1.93,0.32
OMEX,174.09,174.09,273.53,229.78,171.06,51.17,97,97,95,2,1.66,0.28,1.28,0.75,2.24
SGHC,173.07,173.07,227.1,225.06,204.34,216.68,97,97,96,96,10.72,0.86,10.45,7.71,0.81
CNL,172.93,185.09,219.14,279.53,342.04,162.64,97,98,98,94,9.53,0.75,10.22,7.35,1.28
ZVIA,172.68,193.95,197.24,244.08,299.1,414.64,97,97,98,98,3.31,0.62,3.05,2.81,1.04
CMCL,172.3,172.3,168.5,178.13,146.09,120.37,97,95,92,85,23.36,0.97,20.16,13.73,1.51
NBTX,172.15,172.15,161.77,144.7,92.4,67.69,97,92,12,4,7.38,1.0,5.33,3.99,0.93
TTMI,171.79,181.5,207.75,193.69,125.05,139.6,97,96,86,91,45.28,0.89,40.7,28.01,0.82
MEGL,168.58,193.09,234.75,336.73,364.63,127.03,97,98,98,87,1.37,0.58,1.53,1.1,0.01
NVFY,168.2,255.34,333.2,244.28,115.19,55.7,97,97,81,2,1.82,0.51,1.86,1.02,0.8
TPR,167.49,178.7,179.36,159.12,180.65,173.43,97,94,95,95,109.09,0.96,93.74,74.45,0.87
SHOT,167.37,179.71,145.59,71.05,76.33,86.33,97,5,6,9,1.14,0.68,0.5,0.6,0.69
LITE,166.61,166.61,160.93,140.28,136.57,167.12,97,92,90,94,116.27,1.0,94.16,79.53,1.25
QS,165.7,176.12,264.91,154.27,88.49,97.6,97,93,10,71,8.76,0.47,7.57,5.47,0.71
YALA,165.17,165.82,143.24,182.14,192.93,86.03,97,96,96,9,9.08,1.0,7.27,5.53,1.27
MATH,164.83,187.8,244.47,291.73,192.17,114.4,97,98,96,82,2.97,0.65,3.42,2.06,0.19
FUTU,164.75,165.55,184.91,142.65,169.48,145.39,97,92,95,92,160.92,0.93,133.43,105.24,0.71
XMTR,163.82,180.61,166.63,161.78,148.38,224.85,97,94,93,97,41.64,0.91,34.1,31.14,1.15
ESGL,163.74,175.65,180.86,222.63,222.14,239.17,97,97,97,97,2.83,0.68,2.92,1.95,0.33
W,163.34,179.94,157.51,138.27,97.5,93.58,97,91,15,67,72.37,0.92,55.44,44.02,0.64
SCLX,162.68,162.68,148.69,40.83,41.54,62.37,96,2,2,3,15.72,0.28,8.16,12.97,0.57
SSSS,161.83,167.08,176.98,163.36,140.89,140.87,96,94,91,91,8.48,0.94,7.84,5.95,0.55
AENT,161.81,182.63,177.23,157.41,197.71,489.84,96,94,96,98,5.0,0.41,4.46,4.54,0.85
CDE,161.58,169.25,145.16,159.46,138.17,153.29,96,94,91,93,11.65,1.0,9.2,7.03,1.5
LPTH,161.27,164.09,178.3,188.93,210.71,269.82,96,96,97,98,3.63,0.81,3.11,2.53,0.91
ATYR,161.19,166.36,213.25,211.65,183.97,213.61,96,96,96,96,5.3,0.73,5.31,3.89,0.72
LIF,160.72,167.49,174.25,163.63,111.65,112.52,96,94,25,80,73.85,0.92,67.69,50.03,0.61
ASMB,160.68,160.68,145.97,139.68,98.32,122.62,96,92,16,86,23.97,1.0,17.85,14.67,10.43
COE,160.57,164.84,177.44,217.91,222.66,204.04,96,97,97,96,32.6,0.98,28.83,20.85,0.23
EOSE,160.34,166.7,166.12,382.79,380.1,405.1,96,98,98,98,6.37,0.87,5.03,4.59,0.67
IDN,160.18,169.92,194.41,220.76,113.04,126.38,96,97,26,87,4.89,0.71,5.29,3.36,0.26
TPCS,159.88,159.88,141.62,126.47,89.4,97.56,96,89,11,71,5.83,1.0,3.86,3.32,1.67
STIM,159.81,193.33,199.11,290.96,452.96,190.69,96,98,98,96,4.13,0.73,3.85,3.15,1.21
IHS,159.08,169.58,163.46,181.39,180.51,112.04,96,96,95,80,6.65,1.0,5.99,4.45,0.53
PRZO,159.0,173.68,246.77,183.26,222.9,358.23,96,96,97,98,1.49,0.46,1.43,1.19,0.44
NAGE,158.77,181.8,257.88,298.14,251.19,309.26,96,98,97,98,9.73,0.6,11.67,7.93,1.58
SPWH,158.46,163.78,179.2,234.22,80.11,89.11,96,97,7,11,3.61,0.83,3.37,2.29,0.82
GEOS,158.43,199.84,179.9,199.47,75.28,112.57,96,96,6,81,14.49,0.69,11.92,9.64,1.4
FUBO,158.42,166.69,181.55,211.94,244.69,314.01,96,96,97,98,3.68,0.59,3.52,2.94,2.32
SKYT,157.72,157.72,120.43,120.43,107.14,165.2,96,87,21,94,14.08,0.81,9.78,9.42,4.25
ALNT,157.3,172.17,163.16,159.61,112.25,104.03,96,94,25,75,42.0,0.99,36.84,27.31,1.68
AEHR,156.5,160.17,169.96,139.72,87.18,118.71,96,92,10,84,18.2,0.74,14.54,11.96,0.65
GOSS,156.4,193.23,199.06,156.17,187.79,123.51,96,94,96,86,1.76,0.73,1.5,1.12,1.13
PCTTU,155.88,162.6,245.94,176.59,132.06,222.97,96,95,89,97,17.8,0.66,17.29,13.39,0.5
UUU,155.46,167.61,194.69,201.65,134.4,157.24,96,96,89,93,3.33,0.87,3.16,2.34,0.25
COOP,154.99,169.04,152.82,153.09,171.7,117.42,96,93,95,83,177.36,0.88,151.43,117.26,0.47
SNT,154.75,169.25,185.53,187.04,233.48,248.99,96,96,97,97,4.08,0.73,4.38,3.48,0.25
OPTT,154.43,170.45,226.95,217.5,390.16,637.66,96,97,98,99,0.53,0.27,0.56,0.51,0.87
FIX,153.25,164.66,167.57,143.2,124.92,158.65,96,92,86,93,691.76,0.97,557.09,451.55,0.99
HRTG,152.92,162.4,182.52,272.9,271.52,133.47,96,98,98,89,21.45,0.75,22.45,16.19,1.48
GORO,152.02,158.05,182.14,225.37,238.91,151.06,96,97,97,93,0.5,0.57,0.59,0.42,0.58
EVEX,151.97,168.78,183.06,194.89,120.84,129.88,96,96,84,88,5.86,0.68,6.26,4.6,0.73
STRM,151.72,151.72,163.3,153.38,88.53,118.42,96,93,10,84,5.34,0.5,5.23,3.6,1.16
NCRA,151.51,155.1,151.9,116.05,119.48,88.51,96,84,84,10,1.63,0.93,1.19,1.03,0.67
CECO,151.22,156.94,156.76,109.17,101.55,125.75,96,80,18,87,43.93,0.94,32.24,27.89,1.25
SRFM,151.15,163.92,295.57,223.28,193.53,233.77,96,97,96,97,3.99,0.39,3.98,3.48,0.15
DC,151.0,151.0,152.28,149.2,137.48,123.84,96,93,90,86,4.08,0.89,3.87,2.91,0.91
AXON,150.69,164.63,159.76,179.92,170.84,195.72,96,96,95,96,842.5,0.95,772.56,638.12,1.03
WWW,150.54,160.31,142.87,127.52,152.99,184.78,96,89,93,95,27.44,0.98,19.95,18.31,2.05
MIMI,150.52,151.53,143.43,118.01,114.01,92.57,96,85,53,40,9.94,1.0,7.21,5.72,0.37
SRAD,150.47,164.88,167.96,169.84,198.58,175.56,96,95,96,95,27.62,0.86,27.21,21.64,0.96
AFRM,150.36,166.41,156.11,162.9,188.28,191.59,96,94,96,96,72.33,0.85,65.16,58.27,1.67
GFI,150.02,150.02,128.86,154.26,169.51,106.48,96,93,95,77,31.29,1.0,25.01,19.79,0.86
CMPO,149.75,149.75,138.22,147.23,186.56,212.63,96,93,96,96,17.53,1.0,14.27,12.73,4.94
SLDB,149.7,154.46,157.51,111.31,88.45,97.95,96,81,10,71,6.29,0.51,5.34,4.53,0.7
PPTA,148.96,153.04,150.93,200.13,200.49,212.23,96,96,96,96,16.9,0.93,14.91,12.17,0.58
KOPN,148.77,162.51,217.23,161.33,178.4,184.05,96,94,95,95,1.92,0.83,1.71,1.36,0.91
WKEY,148.51,164.5,185.18,267.86,320.14,566.59,96,97,98,99,5.3,0.32,6.25,5.32,0.29
RBRK,148.33,158.4,181.3,220.13,172.65,166.57,96,97,95,94,87.41,0.82,89.78,70.58,0.44
BWXT,148.31,148.98,124.7,134.66,104.39,128.8,96,91,19,88,179.19,0.97,142.98,120.04,0.79
UI,148.04,148.04,154.87,212.95,201.11,238.07,96,97,96,97,469.21,1.0,416.57,358.79,1.01
RMNI,147.19,149.7,176.32,150.79,180.64,121.19,96,93,95,85,4.02,0.67,3.99,3.16,0.78
BW,147.18,158.65,165.79,143.89,88.56,196.55,96,92,10,96,1.32,0.39,1.03,1.24,0.93
MPAA,147.03,148.55,152.01,174.73,174.73,109.91,96,95,95,79,11.28,0.84,11.19,9.07,0.27
ALDX,146.9,153.15,154.38,163.84,170.46,130.88,96,94,95,89,5.26,0.69,4.06,4.53,1.2
SNES,146.65,192.85,213.89,200.98,87.22,79.66,96,96,10,6,4.69,0.7,4.39,3.09,2.2
ALNY,146.58,146.58,141.04,132.57,142.39,123.22,96,90,91,86,438.93,1.0,330.85,276.12,0.86
CELH,146.57,146.57,125.63,125.97,113.57,61.69,96,88,26,3,51.95,1.0,44.19,33.78,1.55
TMQ,146.49,146.49,211.24,242.38,318.55,244.48,95,97,98,97,1.52,0.68,1.53,1.34,0.5
BGLC,146.38,175.68,178.52,350.48,96.24,85.07,95,98,14,8,5.57,0.38,4.58,3.53,0.03
AVGO,145.9,147.85,150.76,155.84,142.39,153.51,95,94,91,93,304.97,1.0,271.86,216.71,0.58
CCJ,145.8,145.85,150.62,147.83,105.57,123.81,95,93,20,86,76.92,0.93,71.55,55.04,0.7
EYE,145.66,186.14,200.94,192.24,127.26,78.48,95,96,87,6,22.64,0.82,23.38,15.06,1.08
CAR,145.6,162.01,215.38,219.28,108.3,92.12,95,97,22,12,153.71,0.65,162.48,106.46,0.66
IBKR,144.59,145.32,150.55,139.27,162.08,168.13,95,92,94,94,65.91,0.99,57.53,48.9,0.65
SIF,144.47,145.25,147.97,119.24,101.5,102.41,95,86,18,74,5.15,0.89,4.22,3.54,1.02
BBVA,144.1,144.1,135.62,145.28,149.19,107.64,95,93,93,78,18.59,1.0,15.5,12.61,0.86
FSI,143.75,155.67,174.82,170.87,250.31,242.04,95,95,97,97,5.53,0.71,5.04,4.62,0.18
ESLT,143.69,162.16,156.13,179.64,194.78,135.78,95,96,96,90,449.44,0.87,442.12,345.96,1.5
CVAC,143.45,148.42,162.32,167.45,114.29,131.56,95,95,79,89,5.44,0.95,5.24,3.75,0.19
OPFI,143.42,155.5,220.99,243.39,359.38,412.52,95,97,98,98,10.76,0.55,12.5,10.0,1.1
DXYZ,143.34,147.44,178.64,229.08,292.02,504.0,95,97,98,99,30.58,0.33,36.56,40.86,0.93
TSAT,143.3,171.93,192.63,179.55,220.32,190.79,95,95,97,96,21.01,0.63,22.65,18.22,0.76
EMX,143.29,144.72,139.98,135.7,131.39,97.22,95,91,89,70,3.08,0.97,2.71,2.09,1.46
EPRX,142.96,157.16,176.7,181.81,150.7,108.36,95,96,93,78,5.26,0.84,4.89,3.75,0.43
GPRO,142.87,142.87,172.1,87.25,61.94,80.47,95,11,3,7,1.41,0.79,0.95,0.93,0.85
AHR,142.84,145.46,142.9,170.22,166.3,143.12,95,95,95,91,40.51,1.0,36.7,30.74,1.11
LVWR,142.73,152.22,136.53,189.83,44.17,74.07,95,96,2,5,3.28,0.35,4.45,3.79,0.03
RSI,142.62,155.92,155.92,128.54,170.49,192.23,95,89,95,96,18.57,0.86,15.04,13.18,0.91
SKE,142.41,144.7,175.85,191.69,186.85,165.45,95,96,96,94,15.33,0.87,15.17,11.41,0.72
AIRS,142.36,159.56,200.32,160.98,95.28,160.1,95,94,14,94,6.24,0.66,5.37,4.8,0.53
ESEA,142.09,160.45,160.23,146.9,125.73,103.65,95,93,87,75,49.93,0.89,46.52,33.88,0.63
DXPE,142.02,147.86,146.25,134.39,182.17,207.72,95,91,95,96,110.01,0.94,92.88,85.02,1.3
CRML,141.79,141.79,121.74,124.22,67.15,95.33,95,88,4,69,4.63,0.38,3.04,4.12,1.23
NWTN,141.38,226.13,299.91,311.91,83.85,86.41,95,98,8,9,1.15,0.35,1.64,1.02,1.17
PBT,141.11,141.11,114.48,114.48,93.02,97.59,95,83,13,71,16.27,1.0,12.61,11.34,0.83
NTRP,140.58,142.73,142.73,110.56,259.16,248.92,95,81,98,97,4.03,0.41,3.55,3.93,0.32
OPOF,140.57,143.63,156.21,203.85,218.65,139.25,95,96,97,91,40.25,0.95,40.1,31.35,0.89
MASS,140.52,153.97,186.53,212.66,170.17,58.28,95,97,95,3,6.33,0.73,6.82,4.23,0.38
LNSR,140.41,145.07,170.11,245.28,326.17,234.89,95,97,98,97,12.87,0.69,12.95,11.23,0.67
REVG,140.34,143.6,152.85,156.86,129.53,141.15,95,94,88,91,50.01,0.99,46.27,35.53,0.82
STX,140.13,150.22,157.41,157.38,102.93,101.31,95,94,18,73,150.45,0.93,140.53,104.93,0.45
IRTC,139.9,156.85,156.85,161.07,149.59,118.7,95,94,93,84,158.5,0.94,144.31,112.53,0.81
JMIA,139.88,144.39,129.67,128.78,88.25,87.38,95,89,10,10,5.78,0.98,4.08,3.57,1.63
BKTI,139.68,139.68,167.61,232.57,245.87,218.47,95,97,97,96,40.09,0.64,43.64,37.12,0.63
KFS,139.11,150.13,168.59,184.14,108.3,100.07,95,96,22,73,13.52,0.67,14.05,9.88,0.62
SANM,139.04,139.23,142.21,131.04,117.36,121.98,95,90,83,85,121.25,1.0,99.16,84.07,1.6
NIU,139.0,139.0,142.71,196.03,264.97,95.07,95,96,98,68,3.78,0.66,3.55,2.82,0.64
VSME,138.9,138.9,111.03,100.57,92.85,103.6,95,72,12,75,1.32,0.36,1.1,1.08,0.11
WDH,138.83,138.83,153.72,128.4,135.68,101.48,95,89,90,74,1.81,0.79,1.53,1.31,0.6
USAU,138.73,138.73,165.06,193.74,212.74,165.28,95,96,97,94,12.02,0.77,12.1,9.24,0.72
SAND,138.63,138.63,143.24,154.52,163.95,102.89,95,93,94,74,10.42,1.0,9.47,7.31,0.81
BBIO,138.53,146.89,147.05,147.42,138.31,123.6,95,93,91,86,46.58,0.9,43.34,34.32,0.83
NCPL,138.44,140.92,300.34,383.22,83.81,71.15,95,98,8,4,3.12,0.23,4.03,2.45,0.16
INSM,138.38,139.94,135.56,135.67,181.36,189.9,95,91,95,96,109.55,0.96,97.45,79.04,0.8
AUPH,138.36,145.03,131.3,122.23,134.31,143.17,95,87,89,91,11.37,0.95,8.71,8.32,1.22
CEP,138.26,145.87,273.87,403.31,337.04,93.75,95,98,98,67,26.83,0.42,32.74,19.14,0.45
MAG,137.99,139.18,147.36,150.38,133.47,122.25,95,93,89,86,23.15,1.0,21.24,16.86,0.7
APH,137.98,139.74,139.59,137.11,124.45,115.89,95,91,86,82,109.98,1.0,98.76,77.86,0.56
MSTR,137.82,143.31,185.63,218.62,257.72,454.45,95,97,97,98,395.13,0.78,396.37,348.62,0.99
TGB,137.53,138.18,153.81,142.06,117.71,117.5,95,92,83,83,3.17,0.75,3.09,2.35,0.33
MGNI,137.46,153.22,182.68,184.24,166.9,170.42,95,96,95,94,22.47,0.86,21.16,16.46,1.49
ESP,137.39,154.36,173.55,172.2,128.67,130.85,95,95,88,89,43.03,0.71,44.53,32.81,0.68
LQDA,137.31,137.31,136.86,140.97,134.55,122.48,95,92,89,86,20.45,1.0,15.67,13.99,0.92
NAK,137.07,137.07,393.7,313.66,321.95,199.47,95,98,98,96,0.9,0.3,1.29,0.86,0.67
QNCX,136.74,148.42,174.68,143.1,134.19,221.06,94,92,89,97,1.65,0.68,1.53,1.48,0.73
CRWV,136.61,140.7,180.68,209.58,114.01,92.57,94,96,53,40,129.55,0.64,139.35,102.19,0.91
COGT,136.49,142.09,174.17,129.8,94.82,123.0,94,90,13,86,10.96,0.82,9.16,8.02,0.4
MESO,135.87,142.4,141.44,129.79,364.22,412.43,94,90,98,98,15.03,0.6,12.6,13.21,0.36
TIGO,135.86,139.67,142.5,148.62,149.94,113.98,94,93,93,81,42.05,0.96,38.01,29.77,1.21
LTM,135.78,138.19,138.93,127.8,119.68,100.03,94,89,84,73,43.67,1.0,40.62,32.1,0.6
VSTM,135.67,135.67,123.03,186.82,174.57,163.06,94,96,95,94,6.74,0.72,5.47,5.58,1.57
AAP,135.51,139.5,146.9,121.82,88.04,88.51,94,87,10,10,59.08,0.8,54.25,43.35,0.42
GILT,135.5,142.8,127.3,119.32,135.71,129.95,94,86,90,88,8.79,0.92,7.09,6.49,1.43
INKT,135.5,176.77,719.71,96.72,140.04,129.26,94,16,91,88,12.06,0.12,13.15,9.17,0.14
PRM,135.23,137.51,147.76,132.77,124.55,199.29,94,90,86,96,18.0,1.0,14.88,12.49,1.74
AHG,135.22,137.4,157.33,172.76,154.71,179.28,94,95,94,95,1.71,0.75,1.54,1.29,0.19
NVDA,135.18,137.18,135.57,124.7,117.05,160.76,94,88,82,94,182.7,1.0,159.21,135.85,0.68
RILYL,135.11,137.62,134.64,45.61,58.57,87.64,94,2,3,10,6.65,0.26,3.91,5.13,0.21
PLBY,134.93,165.42,183.65,169.96,204.42,214.81,94,95,96,96,1.72,0.76,1.69,1.44,0.53
CTOR,134.84,149.93,341.74,402.95,68.58,54.2,94,98,5,2,1.81,0.03,2.25,1.33,0.07
USAR,134.81,134.81,140.94,148.09,158.06,114.59,94,93,94,82,16.26,0.82,12.17,11.35,2.57
URGN,134.73,156.94,148.24,112.73,94.02,78.09,94,82,13,6,17.75,0.82,13.65,11.45,0.37
PARR,134.71,166.17,186.12,171.82,89.39,72.46,94,95,11,5,27.3,0.66,28.36,19.16,0.79
BTI,134.57,135.23,132.43,131.11,144.82,118.27,94,90,92,84,57.24,1.0,49.81,40.84,0.7
RILYP,134.4,134.55,123.29,49.05,60.74,89.42,94,2,3,11,6.28,0.3,3.77,4.91,0.21
DOYU,134.39,142.12,174.42,212.15,377.8,248.14,94,96,98,97,7.48,0.71,7.31,6.2,1.18
NEXT,134.34,137.89,151.84,128.45,151.77,143.46,94,89,93,91,10.34,0.78,9.67,8.0,1.02
BELFA,134.34,138.77,132.94,109.43,100.49,125.43,94,80,17,87,115.88,0.96,89.7,84.41,0.66
CTRN,134.21,134.21,133.79,159.57,130.39,115.52,94,94,88,82,31.56,0.87,30.91,25.0,0.56
RDIB,134.12,134.12,109.78,136.43,153.48,72.22,94,91,93,4,13.45,1.0,10.23,8.39,1.15
HWM,133.84,140.95,157.6,161.01,157.78,148.37,94,94,94,92,180.75,0.89,179.19,139.12,0.47
GHLD,133.76,140.28,139.52,135.02,121.08,88.84,94,91,84,10,20.02,1.0,18.35,14.36,1.13
FRGE,133.72,154.93,136.98,140.19,92.45,59.59,94,92,12,3,21.84,0.86,17.66,14.29,1.04
ERJ,133.49,136.65,146.47,152.47,181.31,152.66,94,93,95,93,58.39,0.92,52.43,44.76,0.81
ANET,133.37,135.26,124.17,110.49,128.54,145.05,94,81,88,92,139.18,1.0,105.18,99.11,0.95
VEON,133.32,133.32,138.36,163.11,155.86,171.07,94,94,94,94,56.2,0.97,48.47,43.19,1.13
TSHA,133.3,139.48,149.17,141.62,140.36,114.57,94,92,91,82,2.72,0.75,2.6,2.06,0.31
AMD,133.24,135.48,138.66,105.77,79.62,89.0,94,77,7,11,172.76,0.93,143.73,123.85,1.21
DOCS,133.14,133.14,131.29,161.71,245.61,231.68,94,94,97,97,66.58,0.71,58.91,57.31,2.72
DAN,132.83,134.16,141.61,143.1,145.9,143.81,94,92,92,91,17.54,0.98,16.8,13.68,0.71
ICCC,132.77,132.77,130.23,162.6,130.69,116.83,94,94,88,83,6.66,0.77,6.54,5.28,0.23
ODC,132.71,135.18,147.74,142.99,146.84,120.15,94,92,92,85,57.95,0.86,57.2,45.56,0.99
MLCO,132.64,140.76,142.81,132.12,98.39,92.57,94,90,16,40,8.66,0.89,7.74,6.33,0.47
MOGO,131.85,138.62,176.37,211.45,90.3,98.3,94,96,11,71,1.65,0.49,1.6,1.28,0.03
VRT,131.76,136.8,141.62,137.64,129.63,187.33,94,91,88,95,139.93,0.86,124.93,110.99,0.51
BOF,131.66,135.3,181.84,174.72,185.06,171.2,94,95,96,94,2.2,0.57,2.34,2.04,1.03
FFAI,131.41,132.06,182.98,91.12,67.82,71.3,94,13,4,4,2.47,0.19,1.87,1.53,0.56
NVA,131.16,131.16,114.59,144.98,148.72,154.01,94,93,93,93,12.96,0.65,11.91,11.52,2.32
APEI,130.73,138.96,149.52,165.18,154.94,157.34,94,95,94,93,29.83,0.9,29.46,23.68,1.1
WPM,130.54,130.54,129.62,141.7,161.31,108.26,94,92,94,78,100.69,1.0,91.36,74.4,1.7
TRS,130.42,130.42,129.36,111.7,100.3,95.64,94,82,17,69,35.53,0.99,29.73,25.65,1.52
PHAR,130.36,130.91,120.02,144.64,113.87,107.22,94,92,26,77,13.23,1.0,10.87,9.32,2.0
GLW,130.35,130.35,127.73,113.5,124.18,126.54,94,83,86,87,65.77,1.0,54.11,48.88,0.88
SII,130.31,133.88,150.03,149.39,137.61,105.87,94,93,90,76,67.02,0.77,67.16,50.62,0.85
PRA,130.3,130.3,133.53,163.29,191.89,114.75,94,94,96,82,23.91,1.0,23.41,19.38,0.7
SOC,130.15,138.85,143.66,164.87,183.93,171.22,94,94,96,94,28.83,0.78,25.38,24.13,1.09
TBH,129.81,136.94,145.48,99.45,114.01,92.57,94,45,53,40,1.27,0.12,0.85,1.51,0.16
OPRT,129.8,145.0,181.07,192.16,236.93,160.09,94,96,97,94,5.89,0.55,6.66,5.26,0.78
BBW,129.7,137.02,144.96,152.67,128.6,156.23,94,93,88,93,49.41,0.82,51.02,41.94,0.61
MTNB,129.63,129.63,103.28,114.83,76.27,44.66,94,84,6,2,1.13,0.08,0.92,0.79,1.18
SCPH,129.57,153.13,156.9,117.78,77.19,74.51,94,85,6,5,4.63,0.68,4.45,3.55,2.7
IDCC,129.41,147.27,142.37,138.47,159.05,155.3,94,91,94,93,264.21,0.96,230.51,203.64,0.67
EBAY,129.39,132.65,132.53,121.64,123.24,116.68,93,87,85,83,93.14,1.0,79.26,68.7,0.9
CHCI,129.38,129.38,133.31,149.48,154.12,148.38,93,93,94,92,13.69,1.0,11.16,9.45,0.97
KAR,129.14,140.3,125.38,125.9,119.86,115.65,93,88,84,82,27.98,0.93,24.42,21.07,1.09
OMAB,128.94,132.05,145.39,146.95,136.83,104.0,93,93,90,75,107.34,0.89,106.08,82.97,0.96
KALA,128.83,134.55,152.85,85.76,148.15,146.75,93,10,92,92,7.38,0.55,5.47,6.03,0.81
PGEN,128.72,139.98,145.93,130.58,191.29,142.46,93,90,96,91,1.78,0.82,1.6,1.37,0.79
LLYVA,128.47,130.14,132.18,146.82,161.36,167.77,93,93,94,94,84.47,1.0,78.47,70.98,1.5
FBRX,128.46,129.78,148.75,158.03,127.16,265.64,93,94,87,97,10.18,0.25,11.21,11.2,0.09
SENEB,128.37,131.61,131.61,138.88,156.88,126.08,93,92,94,87,104.5,0.93,98.96,84.24,0.0
VENU,128.2,131.26,129.43,124.67,107.94,92.57,93,88,22,40,15.0,1.0,12.29,10.14,0.29
GE,127.95,131.75,134.71,136.05,128.83,121.22,93,91,88,85,275.01,0.99,255.34,207.23,0.65
DLTR,127.89,133.26,131.27,128.2,105.75,74.63,93,89,20,5,116.12,0.98,104.25,80.86,0.53
SE,127.79,136.53,149.33,178.15,181.61,175.57,93,95,95,95,147.61,0.79,156.91,130.59,0.96
VSEC,127.71,138.54,135.09,140.49,141.64,140.5,93,92,91,91,153.5,0.94,135.55,117.2,1.35
SXT,127.64,127.99,134.55,131.66,129.51,102.65,93,90,88,74,116.62,1.0,103.69,83.52,0.72
NEM,127.39,127.52,120.15,125.19,138.24,96.14,93,88,91,69,68.98,1.0,59.32,48.84,0.73
GNRC,127.29,132.21,130.15,99.71,94.95,126.37,93,71,14,87,196.25,0.99,148.42,147.2,0.66
STFS,127.27,139.08,129.56,104.3,99.54,240.06,93,76,16,97,2.11,0.09,1.45,2.83,2.92
CIO,127.24,128.1,122.28,103.84,110.35,102.81,93,76,24,74,6.95,0.99,5.72,5.14,0.68
ACAD,127.2,134.55,134.35,132.07,106.06,99.06,93,90,20,72,24.6,1.0,22.38,18.5,0.93
SPAI,127.19,127.19,146.5,115.77,138.71,138.07,93,84,91,90,4.14,0.79,3.13,3.11,1.97
QXO,126.89,131.86,131.86,136.01,87.03,68.1,93,91,10,4,19.28,0.64,20.59,16.12,0.44
PUK,126.8,127.48,125.26,131.97,135.54,84.55,93,90,90,8,25.91,1.0,24.62,19.78,0.6
ROAD,126.67,126.67,134.91,154.44,135.5,167.62,93,93,90,94,112.22,0.99,104.66,90.01,1.8
GHM,126.64,154.03,156.18,154.62,123.73,167.76,93,93,86,94,48.3,0.7,49.22,40.07,0.9
AAME,126.61,134.01,132.14,137.53,108.17,85.33,93,91,22,9,2.4,1.0,2.06,1.68,0.57
HL,126.55,126.55,104.02,112.24,116.36,106.73,93,82,82,77,7.6,1.0,6.02,5.67,1.43
CALX,126.52,129.12,136.06,139.49,118.62,108.66,93,92,83,78,56.56,0.97,51.61,40.59,0.96
QURE,126.37,134.67,197.44,224.79,235.22,338.85,93,97,97,98,13.28,0.65,14.69,12.76,0.35
GRFS,126.31,133.67,133.67,114.8,112.63,105.57,93,84,25,76,10.66,0.96,9.41,8.14,0.77
CRS,126.18,132.83,167.12,169.88,167.12,183.74,93,95,95,95,248.74,0.75,263.51,207.03,1.13
SWIM,126.17,126.17,127.96,127.01,155.76,192.66,93,89,94,96,7.38,0.75,6.43,6.43,1.14
BTAI,126.12,126.12,56.44,54.73,30.55,52.21,93,3,1,2,4.04,0.21,1.9,3.98,6.1
MGTX,126.0,126.0,163.01,140.4,153.05,123.06,93,92,93,86,7.88,0.8,7.25,6.53,0.6
TIMB,125.89,125.89,126.32,135.58,127.04,79.7,93,91,87,6,20.61,1.0,18.7,14.93,0.71
IDXX,125.87,135.68,115.59,111.68,107.03,90.62,93,82,21,11,658.06,0.92,544.5,464.08,0.91
SCS,125.58,133.49,86.49,88.33,96.49,94.2,93,11,15,68,15.88,0.9,11.02,11.3,2.56
CCL,125.47,131.5,139.59,140.68,134.38,145.46,93,92,89,92,28.37,0.86,27.18,24.0,0.76
TERN,125.23,125.23,134.53,110.41,65.73,110.77,93,81,4,80,6.08,0.44,4.65,4.57,0.82
CX,125.21,129.09,129.09,113.55,105.43,95.06,93,83,20,68,8.62,0.98,7.42,6.25,0.78
MRUS,125.16,134.34,127.31,123.54,106.57,117.55,93,88,21,83,64.0,0.89,58.2,47.89,0.58
ARQ,125.13,125.13,114.87,108.4,104.61,158.05,93,79,19,93,6.62,0.71,5.5,5.59,1.19
ING,125.07,125.07,125.63,131.5,132.03,96.08,93,90,89,69,24.44,1.0,22.22,18.31,0.86
JUNS,125.05,147.92,241.85,167.29,97.27,92.57,93,95,15,40,1.21,0.05,1.38,2.5,0.19
NVT,125.0,129.46,129.46,112.63,90.7,105.19,93,82,11,76,88.68,0.96,74.46,67.21,1.12
ISBA,124.97,128.08,134.82,173.77,134.78,123.72,93,95,90,86,32.19,0.69,31.37,26.03,0.52
MQ,124.97,137.54,123.63,123.63,96.24,75.06,93,88,14,5,6.52,0.91,5.72,4.53,1.42
BZ,124.85,124.85,121.42,119.05,132.46,89.73,93,86,89,11,21.08,1.0,18.61,16.28,0.93
CIB,124.76,125.23,128.2,135.34,153.61,118.64,93,91,93,84,47.05,1.0,44.26,36.86,1.21
SLND,124.69,124.69,126.26,119.34,102.03,80.43,93,86,18,7,4.53,0.88,4.18,3.49,0.69
JVA,124.68,128.51,140.97,165.9,455.17,289.51,93,95,98,98,4.19,0.3,4.3,4.12,0.21
ITRN,124.6,124.6,123.83,129.2,152.88,119.71,93,89,93,84,42.19,0.97,38.4,34.06,0.84
MKTW,124.55,135.73,145.03,163.24,112.12,64.61,93,94,25,3,18.19,0.76,18.61,13.3,0.72
VALN,124.53,124.53,112.73,97.81,142.85,90.96,93,17,92,12,9.11,1.0,6.49,5.99,5.57
DCO,124.51,135.1,132.92,132.2,108.26,107.41,93,90,22,78,89.36,0.92,83.29,67.91,0.94
CPIX,124.5,174.27,163.74,304.27,443.31,335.84,93,98,98,98,3.23,0.38,4.02,3.57,1.17
SLNO,124.09,135.52,146.32,170.21,174.14,129.41,93,95,95,88,82.35,0.87,82.32,62.63,0.9
PBPB,123.75,137.33,138.79,129.95,131.54,139.0,92,90,89,91,12.55,0.89,11.87,10.42,1.3
SPTN,123.62,124.89,128.7,130.17,120.09,86.9,92,90,84,9,26.55,0.99,23.93,20.22,0.43
AEIS,123.56,123.56,128.85,128.33,109.64,109.8,92,89,23,79,150.82,1.0,134.02,116.51,1.33
UHG,123.31,127.98,116.97,87.82,65.89,92.28,92,11,4,13,3.98,0.43,3.53,3.84,0.2
BASE,123.0,126.51,142.06,155.85,96.63,87.29,92,94,15,10,24.3,0.98,22.74,18.37,0.31
PTON,122.77,122.77,119.93,143.75,184.79,206.07,92,92,96,96,7.84,0.64,6.76,7.45,2.0
AVAV,122.75,137.79,152.58,172.25,93.08,129.12,92,95,13,88,247.45,0.78,234.96,182.93,0.67
CEG,122.7,132.68,137.38,136.76,155.62,166.05,92,91,94,94,335.77,0.9,316.96,268.23,0.7
AKRO,122.57,129.31,163.69,174.41,190.93,205.17,92,95,96,96,50.46,0.8,52.15,41.58,0.75
ESE,122.47,125.49,132.83,142.08,142.08,121.74,92,92,91,85,193.26,0.95,189.03,159.46,2.73
AUBN,122.44,124.56,128.74,114.85,116.24,111.97,92,84,82,80,27.0,0.88,24.42,21.86,0.29
EYPT,122.39,123.84,158.62,138.27,76.35,105.53,92,91,6,76,10.23,0.76,9.56,8.0,0.59
SPRY,122.29,125.4,133.02,151.95,138.27,205.92,92,93,91,96,17.5,0.9,16.66,14.0,0.53
IBP,122.28,122.28,96.73,95.17,95.4,102.15,92,15,14,74,257.87,1.0,188.66,185.13,2.97
SHG,122.23,122.23,135.06,130.93,107.75,103.79,92,90,21,75,50.15,0.95,46.5,37.74,0.53
MFG,122.12,122.12,119.14,117.77,143.87,126.13,92,85,92,87,6.26,1.0,5.67,5.2,0.49
IZM,122.12,127.04,130.85,151.29,125.18,66.18,92,93,86,3,2.55,0.77,2.51,2.01,1.02
MYRG,121.93,129.02,137.42,140.7,121.01,122.04,92,92,84,85,185.05,0.86,179.62,148.68,0.9
IBEX,121.77,121.77,134.0,164.65,147.08,130.97,92,94,92,89,28.32,0.83,29.26,24.57,0.54
IRMD,121.58,124.07,115.82,118.44,115.0,120.57,92,86,80,85,69.93,0.97,60.11,55.46,0.49
TEL,121.52,124.81,126.53,112.51,104.9,96.67,92,82,20,70,201.98,0.92,178.14,154.51,0.75
NWG,121.27,121.83,124.69,149.14,156.77,133.51,92,93,94,90,14.17,0.99,13.63,11.51,0.71
PAAS,121.22,121.71,122.36,127.16,142.18,118.97,92,89,91,84,31.95,1.0,28.6,24.76,1.37
ASLE,121.21,121.21,87.93,97.0,134.85,98.22,92,16,90,71,8.26,0.95,6.07,6.48,3.37
EXTR,121.07,125.45,123.48,124.49,108.08,114.79,92,88,22,82,19.95,0.98,17.48,15.91,1.43
SKIN,121.04,121.04,140.36,134.34,81.47,87.02,92,91,8,9,1.89,0.73,1.76,1.54,7.51
CORZ,120.96,127.97,134.32,168.14,188.04,245.78,92,95,96,97,14.41,0.68,13.39,12.34,0.86
SEDG,120.89,154.5,183.04,138.79,90.45,51.76,92,91,11,2,24.94,0.68,23.08,17.06,0.74
VIV,120.87,122.42,123.98,127.51,119.54,88.16,92,89,84,10,12.11,0.99,11.01,9.13,0.76
APPS,120.84,177.48,234.61,325.86,284.8,164.58,92,98,98,94,4.35,0.5,5.33,3.49,0.67
FULC,120.76,140.21,197.25,195.15,123.38,89.71,92,96,85,11,6.49,0.55,7.19,4.72,0.57
SGI,120.26,120.26,121.79,118.05,121.69,120.98,92,86,85,85,74.95,1.0,69.66,61.15,1.19
BROS,120.13,133.14,128.89,167.56,210.21,191.44,92,95,97,96,66.08,0.66,66.05,60.57,2.14
HDSN,119.79,131.27,124.16,116.35,112.49,63.66,92,85,25,3,9.69,0.95,8.16,6.66,0.67
EFXT,119.78,119.78,112.04,115.75,149.46,168.49,92,84,93,94,9.11,0.75,7.9,8.07,2.5
GSL,119.62,125.16,120.45,110.38,110.31,96.45,92,81,24,70,29.9,0.96,27.14,23.03,1.11
DELL,119.41,119.41,116.85,114.72,94.04,124.88,92,83,13,87,137.61,0.94,122.34,111.95,0.95
DSWL,119.29,120.27,123.87,110.71,110.93,103.4,92,81,24,75,2.99,0.83,2.65,2.39,0.35
IMCC,119.1,119.1,170.71,237.2,94.94,139.83,92,97,14,91,2.74,0.29,2.97,2.3,0.11
EGO,119.07,119.24,111.71,133.83,139.51,104.71,92,91,91,76,22.6,0.93,20.86,17.52,1.11
HUHU,119.06,121.58,151.82,131.04,119.44,93.34,92,90,84,67,6.46,0.75,5.92,4.84,1.78
APG,118.97,127.91,133.1,133.46,119.82,99.16,92,90,84,72,34.46,0.89,33.68,27.31,0.43
SNN,118.82,118.82,104.54,111.52,116.56,87.79,92,82,82,10,36.14,1.0,30.56,27.35,1.26
LUNR,118.8,136.89,157.77,172.54,348.18,464.67,92,95,98,98,9.81,0.32,11.12,12.34,1.23
CAE,118.8,123.06,125.9,127.82,128.58,119.17,92,89,88,84,28.57,0.9,28.02,24.64,0.7
DNA,118.69,146.9,142.81,151.41,103.02,111.04,92,93,18,80,12.29,0.63,10.56,9.34,1.27
SMTC,118.58,120.95,134.62,112.44,110.1,216.94,92,82,24,96,50.85,0.5,45.85,46.69,0.82
PAC,118.42,119.68,120.68,130.33,130.29,111.83,92,90,88,80,240.92,0.99,229.51,197.59,0.36
HOTH,118.35,142.13,165.31,153.54,131.37,207.05,92,93,89,96,1.19,0.36,1.27,1.05,0.19
AVTX,118.34,118.34,99.22,54.8,108.41,134.63,92,3,22,90,8.93,0.49,5.55,7.34,2.17
LRN,118.33,118.33,125.77,165.47,190.62,165.15,92,95,96,94,149.45,0.88,139.05,126.81,1.4
LRCX,118.33,118.33,121.83,121.18,99.46,92.03,92,87,16,12,101.75,1.0,94.95,80.45,0.82
BOOT,118.23,123.6,132.1,129.94,111.24,133.62,92,90,25,90,166.06,0.86,165.22,140.79,0.69
REAL,118.14,118.14,119.57,162.71,250.48,352.24,92,94,97,98,6.4,0.46,5.45,6.24,5.09
DUOT,118.07,130.95,180.72,235.45,196.55,258.47,92,97,96,97,6.35,0.61,7.58,6.25,2.67
TAC,118.02,123.66,123.66,116.45,122.79,164.19,92,85,85,94,12.08,0.65,11.29,10.78,0.72
DERM,117.95,117.95,121.61,161.38,186.08,118.67,92,94,96,84,7.57,0.89,7.19,5.96,0.51
NUS,117.89,117.89,131.75,114.81,93.78,73.76,91,84,13,5,8.93,0.74,8.4,7.27,2.13
JFB,117.86,140.4,134.19,117.03,114.01,92.57,91,85,53,40,8.49,0.73,6.67,5.39,0.87
EVI,117.84,119.98,135.98,127.59,108.1,93.66,91,89,22,67,23.16,0.65,21.86,18.85,0.19
NYAX,117.82,121.59,137.14,171.27,155.02,138.68,91,95,94,91,42.53,0.69,45.46,37.16,2.15
CORT,117.75,118.11,134.36,178.71,303.79,194.8,91,95,98,96,72.3,0.48,71.19,64.11,0.5
ITRG,117.61,117.61,128.13,184.77,231.28,111.73,91,96,97,80,1.58,0.71,1.57,1.28,0.73
COSM,117.57,166.49,136.57,77.17,85.05,96.35,91,7,9,70,0.8,0.5,0.55,0.58,2.31
RNA,117.55,132.45,96.08,104.14,115.15,293.38,91,76,81,98,46.29,0.78,33.33,33.54,1.97
PAHC,117.46,122.26,150.32,136.52,141.45,156.62,91,91,91,93,28.1,0.77,26.91,23.16,0.87
GIC,117.34,118.97,117.0,100.31,94.94,70.21,91,72,14,4,34.65,1.0,28.35,25.77,1.39
NATL,117.21,117.21,98.33,100.4,107.91,127.36,91,72,22,88,37.11,0.98,28.71,29.11,1.55
III,117.19,117.19,138.22,156.3,128.26,95.52,91,94,88,69,4.44,0.66,4.67,3.76,2.06
HMY,117.13,117.34,123.12,154.83,200.77,123.05,91,93,96,86,15.76,0.77,14.52,12.41,0.75
VITL,117.08,117.08,93.93,107.31,123.7,149.19,91,79,86,92,45.48,1.0,36.22,35.28,2.44
BYRN,116.93,121.6,185.77,193.05,257.54,260.34,91,96,97,97,21.15,0.48,26.78,23.9,0.56
WRBY,116.89,123.44,132.43,117.51,158.26,169.3,91,85,94,94,23.33,0.67,22.6,21.59,1.39
SWAG,116.69,119.76,134.43,149.14,127.11,81.06,91,93,87,7,1.41,0.77,1.42,1.13,0.39
IVZ,116.69,122.3,127.8,100.33,104.22,107.11,91,72,19,77,20.72,0.89,17.33,16.47,0.44
ACCS,116.68,121.93,123.08,128.13,100.02,82.88,91,89,17,8,12.25,0.93,11.6,9.93,0.43
NEU,116.61,116.61,126.18,123.53,121.92,88.78,91,88,85,10,738.17,1.0,690.4,581.75,0.55
OLLI,116.6,123.33,123.33,125.67,135.22,122.38,91,88,90,86,135.1,0.9,127.06,111.01,0.8
OTLY,116.42,123.15,110.97,101.11,74.0,74.65,91,73,6,5,16.51,0.71,13.36,12.11,0.65
MU,116.41,116.41,129.9,129.9,100.89,103.47,91,90,17,75,118.89,0.86,114.85,98.92,1.26
SEGG,116.41,151.42,171.83,240.9,362.86,269.64,91,97,98,97,0.81,0.28,1.2,0.85,0.46
VUZI,116.39,124.62,142.05,189.61,335.08,350.81,91,96,98,98,2.07,0.28,2.63,2.61,0.61
NMRK,116.23,116.23,111.4,93.72,109.62,133.67,91,14,23,90,16.24,1.0,12.67,13.01,0.91
Z,116.17,122.6,116.88,117.56,151.29,152.08,91,85,93,93,80.92,0.85,74.5,73.29,1.33
MUFG,116.12,116.12,113.95,123.07,141.91,114.08,91,87,91,81,14.56,0.96,13.8,12.55,0.62
ENVX,116.06,121.69,159.01,135.35,109.46,114.21,91,91,23,82,10.78,0.51,11.22,9.62,0.59
JOUT,116.01,124.84,113.46,99.57,79.31,86.46,91,71,7,9,37.38,0.89,31.24,29.39,1.11
YB,115.91,121.24,118.37,99.45,114.01,92.57,91,45,53,40,26.16,0.72,23.04,20.7,0.21
UAVS,115.91,142.16,147.18,51.57,46.53,55.75,91,2,2,2,2.09,0.06,1.56,2.19,0.55
GTLS,115.82,121.28,121.5,110.51,127.54,146.6,91,81,87,92,198.65,0.82,166.5,168.45,2.16
HOUS,115.77,120.69,127.03,99.93,97.09,87.69,91,71,15,10,5.04,0.74,4.07,3.79,0.7
UBS,115.74,115.74,111.42,109.66,110.11,107.21,91,80,24,77,39.54,1.0,34.76,32.05,0.7
SMCI,115.73,149.91,141.91,116.54,160.54,82.85,91,85,94,8,44.6,0.59,48.37,39.07,1.06
ELPC,115.72,119.59,124.48,141.46,131.92,87.22,91,92,89,9,8.38,0.88,8.14,6.55,0.15
VOD,115.58,115.58,115.81,118.97,119.79,90.65,91,86,84,11,11.36,0.96,10.65,9.21,0.4
AZZ,115.56,117.5,122.16,111.23,115.34,122.0,91,81,81,85,110.25,0.94,100.22,90.28,1.21
AVAH,115.47,117.78,92.19,145.75,162.58,189.54,91,93,94,95,6.14,1.0,4.63,4.88,3.17
B,115.4,115.4,108.44,114.36,131.15,93.48,91,83,89,67,23.43,1.0,21.08,18.61,1.42
BYON,115.37,141.62,166.41,125.35,87.71,85.5,91,88,10,9,7.93,0.51,7.69,6.4,0.66
FFIV,115.26,116.59,120.08,124.51,139.47,138.45,91,88,91,91,321.77,1.0,297.83,273.14,0.8
DRD,115.22,119.49,114.65,164.24,196.38,110.96,91,94,96,80,15.29,0.8,14.22,12.48,0.79
CPA,115.03,116.01,115.11,118.25,112.35,101.96,91,86,25,74,117.76,1.0,108.67,95.52,1.33
SJT,115.02,115.94,126.34,167.39,164.68,95.88,91,95,94,69,5.83,0.68,6.12,5.14,1.52
GLPG,114.81,116.28,113.02,108.0,106.07,84.83,91,79,20,8,32.56,0.92,29.96,27.14,0.91
NYC,114.74,124.92,141.88,137.96,160.59,121.74,91,91,94,85,13.01,0.63,12.39,10.55,0.46
OSIS,114.74,115.1,128.83,141.72,145.09,136.72,91,92,92,90,225.94,0.88,223.01,194.86,0.74
KEQU,114.71,128.69,138.79,131.49,169.28,174.14,91,90,95,95,53.0,0.57,50.06,47.06,0.23
NFG,114.64,117.33,124.23,131.42,146.74,118.04,91,90,92,83,87.89,0.96,84.88,73.28,1.08
PI,114.5,119.9,112.17,92.37,71.98,147.89,91,13,5,92,153.73,0.52,120.22,127.19,0.63
GL,114.47,114.47,114.07,121.06,150.34,124.14,91,87,93,86,140.55,0.95,125.19,118.94,1.08
LPLA,114.4,117.65,124.35,131.54,128.06,133.23,91,90,88,89,369.84,0.86,377.9,343.2,0.69
ELP,114.38,118.48,118.46,133.68,129.32,87.82,91,91,88,10,9.17,0.98,8.81,7.26,0.81
MT,114.26,114.26,128.2,120.18,135.94,102.22,91,86,90,74,33.6,0.91,31.87,28.0,1.87
ZG,114.21,120.42,115.9,118.76,151.41,151.19,91,86,93,93,77.51,0.83,72.36,71.1,1.31
BWMX,114.19,119.66,113.36,79.0,96.46,80.78,91,7,15,7,13.37,0.92,9.62,10.42,0.74
SCHW,114.18,116.25,119.26,116.34,116.17,112.48,90,85,81,80,97.08,0.97,91.8,81.48,0.62
MGYR,114.03,117.72,118.39,123.39,127.75,117.65,90,88,87,83,17.25,1.0,16.47,14.56,0.05
NEWP,114.01,114.01,125.93,116.38,100.19,99.37,90,85,17,72,1.63,0.64,1.54,1.36,0.77
WRLD,113.86,115.63,131.04,131.52,111.64,106.87,90,90,25,77,160.83,0.8,162.09,135.76,0.57
DLO,113.82,113.82,119.32,126.42,125.2,119.86,90,89,86,84,10.97,0.62,10.75,10.19,1.43
FURY,113.79,116.46,126.4,125.76,102.49,99.48,90,88,18,72,0.5,0.68,0.51,0.42,1.1
NGVT,113.7,113.76,119.77,113.53,106.44,106.82,90,83,21,77,51.27,1.0,44.43,42.55,2.03
SYF,113.68,116.51,124.99,125.47,119.95,144.1,90,88,84,91,69.43,0.89,65.98,61.03,0.83
IVA,113.6,114.44,128.47,139.43,164.82,84.54,90,92,94,8,3.58,0.85,3.33,2.94,1.58
AVAL,113.57,113.57,121.93,124.88,140.93,119.34,90,88,91,84,3.02,0.88,2.86,2.54,1.69
SNEX,113.54,125.36,137.55,141.44,157.53,134.61,90,92,94,90,89.33,0.81,90.34,78.17,1.83
ATLC,113.53,113.53,124.67,144.64,159.08,179.67,90,92,94,95,56.82,0.79,52.16,52.62,1.05
NRXP,113.52,124.94,147.89,183.72,142.0,218.19,90,96,91,96,2.52,0.35,3.08,2.37,0.83
INDI,113.48,118.62,149.76,125.58,78.74,91.32,90,88,7,12,4.02,0.62,3.64,3.44,1.95
SN,113.33,119.81,124.5,116.76,136.82,143.51,90,85,90,91,116.06,0.92,103.23,98.28,1.14
TD,113.28,114.81,118.89,120.96,119.86,93.99,90,87,84,68,73.25,0.92,72.13,60.6,0.5
WSM,113.22,119.07,109.62,105.86,149.74,151.02,90,77,93,92,199.42,0.82,170.76,171.11,0.73
NPO,113.21,127.08,120.59,116.03,118.22,114.85,90,84,83,82,214.02,0.88,199.2,178.51,0.7
SKYE,113.19,124.52,174.89,181.47,56.18,125.48,90,96,3,87,3.52,0.4,3.33,3.06,0.24
HSHP,113.15,115.21,117.95,102.09,95.49,96.55,90,74,14,70,7.17,0.72,6.49,5.66,0.32
VEEV,113.08,117.26,122.5,129.46,116.76,105.33,90,90,82,76,282.13,0.91,283.15,240.8,0.56
WWR,113.02,121.94,150.26,112.41,163.98,197.29,90,82,94,96,0.72,0.37,0.65,0.65,0.87
ANIP,112.93,112.93,97.63,116.28,126.98,91.57,90,84,87,12,81.48,1.0,64.93,61.7,5.94
AMBR,112.91,135.74,215.2,365.09,419.12,361.35,90,98,98,98,6.56,0.38,9.17,8.42,0.43
ASPS,112.88,133.74,181.15,152.19,109.54,66.03,90,93,23,3,10.81,0.61,10.18,7.49,0.15
YOU,112.86,116.65,107.82,112.74,121.29,113.76,90,83,85,81,32.02,0.65,27.99,26.53,1.0
HLIO,112.68,122.19,93.99,87.4,81.52,109.67,90,11,8,79,48.7,0.76,35.37,39.03,0.85
SDM,112.62,198.15,91.37,99.45,114.01,92.57,90,45,53,40,10.17,0.27,12.6,10.71,1.48
CNTA,112.61,120.09,114.38,101.14,143.83,165.0,90,73,92,94,17.02,0.76,14.28,15.18,0.5
ACOG,112.57,119.42,168.23,154.97,109.56,92.57,90,93,23,40,9.9,0.82,9.69,6.93,0.64
RTX,112.49,115.89,120.01,118.3,126.08,107.84,90,86,87,78,154.86,0.92,147.44,129.76,0.67
DNN,112.47,122.67,116.31,103.34,83.66,116.71,90,75,8,83,2.12,0.78,1.88,1.79,0.44
CYBR,112.39,119.13,122.4,129.92,137.63,134.17,90,90,90,90,399.76,0.82,393.98,353.11,1.36
HAS,112.38,115.19,122.12,119.8,108.57,102.42,90,86,22,74,77.49,0.97,73.1,63.41,0.9
SUPN,112.37,114.37,97.19,100.49,111.83,115.04,90,72,25,82,41.23,0.9,33.4,34.35,1.28
ZWS,112.37,117.59,117.59,106.01,100.85,114.07,90,77,17,81,44.16,0.95,37.97,36.53,0.74
EXPE,112.31,112.31,110.07,117.63,130.2,130.78,90,85,88,89,195.26,0.89,176.51,174.57,4.01
RPRX,112.29,115.24,115.98,119.51,133.54,103.88,90,86,89,75,37.58,0.98,35.58,31.18,0.72
CUPR,112.28,117.7,117.7,99.45,114.01,92.57,90,45,53,40,8.21,0.88,6.69,5.92,1.9
PENG,112.28,116.0,122.0,102.97,106.3,103.08,90,75,21,74,23.26,0.82,21.76,19.27,0.47
WNEB,112.27,114.84,115.6,120.15,120.48,113.74,90,86,84,81,11.07,0.93,9.8,9.19,0.44
FOSL,112.24,122.57,147.31,122.18,136.85,181.95,90,87,90,95,1.67,0.53,1.57,1.48,0.96
CRMD,112.13,141.26,162.62,213.37,188.2,274.51,90,97,96,98,10.33,0.52,12.51,10.65,3.57
HEI,112.11,122.5,119.99,121.02,120.99,115.22,90,87,84,82,313.39,0.8,315.22,268.14,0.76
TREE,112.04,114.71,90.28,85.19,126.58,149.41,90,9,87,92,54.17,0.72,40.21,43.3,0.77
SMP,111.97,111.97,115.08,111.82,92.4,95.55,90,82,12,69,37.39,1.0,31.79,29.73,2.86
NRSN,111.91,123.9,186.29,223.96,106.56,147.93,90,97,21,92,1.26,0.34,1.92,1.32,0.39
DHX,111.9,151.4,154.23,179.43,143.45,137.93,90,95,92,90,2.42,0.58,2.68,2.11,0.31
PODD,111.88,111.88,111.71,141.69,131.77,131.19,90,92,89,89,307.1,0.86,300.04,275.87,1.49
NVNO,111.79,123.17,153.89,122.48,99.29,77.38,90,87,16,6,4.64,0.74,4.35,3.44,1.85
LECO,111.78,117.68,116.33,106.64,98.77,94.7,90,78,16,68,239.47,0.92,215.31,199.62,0.69
RCON,111.76,146.45,194.76,143.42,103.88,93.41,90,92,19,67,2.58,0.37,2.54,2.2,0.1
XYLO,111.6,111.6,107.91,135.97,136.76,110.05,90,91,90,79,5.21,0.88,5.04,4.52,0.53
COMP,111.59,120.65,113.54,145.01,202.91,170.83,90,93,96,94,8.15,0.66,6.7,7.11,0.67
IIIV,111.56,111.56,113.59,113.59,121.03,112.9,90,83,84,81,31.71,1.0,27.06,25.33,1.52
BWEN,111.56,136.19,136.06,95.77,81.29,80.8,90,16,8,7,2.38,0.66,2.11,1.81,1.14
HROW,111.53,111.53,112.45,114.59,154.61,275.66,90,83,94,98,34.43,0.35,32.28,32.62,1.23
MUX,111.49,114.37,119.84,127.24,95.17,95.76,89,89,14,69,10.2,0.72,10.14,8.6,1.52
ESQ,111.49,115.17,137.37,139.45,146.21,142.52,89,92,92,91,93.57,0.78,94.91,82.75,1.0
BILI,111.42,116.1,130.39,111.49,156.35,147.73,89,82,94,92,22.75,0.59,21.58,19.72,0.43
RBKB,111.32,115.08,120.42,127.89,128.74,113.88,89,89,88,81,12.44,0.88,12.14,10.55,0.13
IMO,111.3,113.16,113.23,116.29,113.03,102.12,89,84,26,74,85.31,0.99,80.37,71.49,0.86
BLD,111.24,111.28,103.4,94.56,92.97,94.63,89,15,13,68,415.41,0.97,343.42,329.9,0.89
ITUB,111.18,113.38,118.0,125.73,127.53,87.51,89,88,87,10,6.86,0.98,6.53,5.55,0.99
MTEK,111.13,116.01,153.26,162.34,187.13,354.72,89,94,96,98,2.65,0.25,2.95,2.7,0.11
ORGO,111.11,114.62,125.75,180.81,181.9,139.06,89,96,95,91,4.55,0.56,3.93,3.86,1.47
VCTR,111.03,111.03,112.93,109.62,127.68,146.46,89,80,87,92,70.48,0.98,65.37,62.69,1.22
PMVP,111.01,115.97,103.3,91.37,80.89,86.89,89,13,7,9,1.48,0.68,1.21,1.3,0.68
CSGP,111.0,114.64,113.14,100.14,112.68,87.9,89,71,26,10,94.5,0.92,84.67,78.28,0.83
MVBF,110.96,111.5,121.43,117.6,95.64,97.69,89,85,14,71,23.19,0.82,22.12,19.69,0.88
BLX,110.94,111.93,115.65,125.26,131.33,119.94,89,88,89,84,42.7,0.98,41.49,37.34,0.73
WULF,110.83,115.6,139.15,120.64,140.81,376.77,89,87,91,98,5.03,0.42,4.6,4.85,0.9
DAIO,110.83,114.96,126.23,111.22,104.1,101.65,89,81,19,74,3.23,0.86,3.06,2.73,0.74
NPKI,110.79,117.9,122.5,120.3,114.23,97.66,89,86,79,71,9.29,1.0,8.62,7.35,1.74
CASY,110.78,113.4,116.83,126.39,134.74,113.19,89,89,90,81,518.97,0.95,502.72,439.88,0.55
TNL,110.75,114.74,124.56,114.86,113.99,118.08,89,84,26,84,58.88,0.83,54.46,50.64,0.68
ZK,110.67,119.88,127.16,134.57,142.78,126.83,89,91,92,87,28.95,0.8,27.37,26.02,0.41
CRWD,110.6,120.45,135.12,141.46,143.37,130.11,89,92,92,88,424.49,0.68,475.68,400.23,1.06
ALG,110.57,115.98,118.1,115.99,101.24,94.67,89,84,17,68,222.58,0.94,216.62,192.16,0.81
STT,110.41,111.55,119.63,119.36,112.03,116.57,89,86,25,83,111.08,0.94,104.82,95.53,0.59
DDS,110.4,114.66,123.04,112.77,122.36,116.18,89,83,85,83,471.06,0.81,437.21,410.15,0.72
UGI,110.39,119.46,123.12,134.51,140.21,122.98,89,91,91,86,35.11,0.86,35.88,31.3,0.93
WXM,110.31,115.5,129.3,117.31,114.01,92.57,89,85,53,40,3.21,0.6,2.85,2.49,0.01
HLF,110.17,119.83,128.81,110.6,120.51,78.49,89,81,84,6,8.9,0.66,8.89,7.66,1.41
SLM,110.14,110.62,123.93,137.45,135.59,129.25,89,91,90,88,31.89,0.83,32.43,28.99,0.42
MBI,110.13,130.21,111.17,91.82,138.87,147.43,89,13,91,92,5.83,0.63,4.72,5.33,1.67
CHRW,110.1,112.66,110.71,101.58,112.44,115.14,89,73,25,82,116.78,0.97,99.53,99.74,0.88
CM,110.06,112.44,118.57,121.3,117.81,122.62,89,87,83,86,72.65,0.93,70.69,63.21,0.82
BLDE,109.99,121.33,128.59,125.63,105.12,131.52,89,88,20,89,3.94,0.6,4.03,3.65,0.82
KT,109.98,111.63,125.13,131.65,138.87,117.29,89,90,91,83,20.19,0.85,20.32,17.83,0.58
USM,109.97,112.34,107.08,118.22,141.08,127.64,89,86,91,88,74.25,0.98,66.32,64.5,1.63
BAOS,109.89,121.94,130.29,168.52,134.54,247.49,89,95,89,97,2.69,0.21,2.89,2.54,0.01
PVL,109.85,111.78,120.1,133.23,125.9,102.74,89,90,87,74,1.85,0.78,1.8,1.57,0.23
BEN,109.84,113.89,118.9,116.25,100.94,90.44,89,84,17,11,24.99,0.97,23.55,20.69,0.54
RILY,109.79,111.94,126.29,73.24,76.98,57.48,89,6,6,2,5.25,0.17,4.04,4.31,0.69
TSLA,109.77,109.77,114.25,139.95,144.9,201.74,89,92,92,96,329.65,0.48,320.1,324.03,0.87
AXTI,109.74,109.74,127.15,115.23,89.19,79.45,89,84,11,6,2.14,0.55,2.1,1.92,0.32
NTST,109.67,111.66,108.49,106.82,116.15,87.57,89,78,81,10,18.54,0.96,17.21,15.42,0.8
ETR,109.65,115.25,113.8,125.28,146.93,132.29,89,88,92,89,90.47,0.97,84.41,80.21,0.6
AMBP,109.54,111.21,151.45,139.11,125.45,95.86,89,92,87,69,3.77,0.64,4.11,3.24,0.61
ROK,109.46,120.86,124.28,118.79,110.09,98.78,89,86,24,72,333.23,0.82,336.15,290.05,0.95
ORLY,109.45,109.92,105.85,115.47,136.04,108.79,89,84,90,78,103.33,0.96,93.24,88.07,0.72
VANI,109.32,118.72,127.62,104.63,87.74,101.51,89,76,10,74,1.38,0.64,1.33,1.21,0.23
CBRE,109.3,111.57,114.54,110.93,124.3,127.68,89,81,86,88,155.4,0.95,140.16,133.78,0.61
ALEC,109.29,109.29,93.52,77.97,45.75,95.98,89,7,2,69,2.15,0.24,1.55,1.97,12.58
MCRI,109.26,117.0,125.76,108.26,116.62,109.01,89,79,82,79,96.8,0.69,91.73,84.2,0.61
CMI,109.13,110.65,107.37,98.45,113.05,122.95,89,18,26,86,387.03,1.0,339.8,338.04,1.07
POWL,108.98,108.98,112.02,108.95,105.19,221.73,89,80,20,97,243.85,0.47,208.55,218.11,1.03
TXNM,108.98,110.37,114.54,126.29,137.44,114.46,89,88,90,82,56.76,0.99,56.25,50.86,1.02
FER,108.96,109.7,113.82,125.86,125.67,99.99,89,88,87,73,52.5,0.91,52.14,45.64,1.33
E,108.92,110.3,109.25,109.81,112.68,86.28,89,80,26,9,34.64,0.99,32.7,29.16,0.61
SNX,108.83,108.83,116.28,116.28,114.66,113.51,89,84,80,81,146.57,0.96,135.63,125.68,0.56
FERG,108.83,110.78,115.85,116.66,93.19,100.38,89,85,13,73,223.55,0.95,217.24,188.66,0.55
GOOGL,108.8,108.8,104.69,100.33,105.51,112.33,89,72,20,80,201.42,0.93,180.7,175.54,0.99
SNPS,108.78,114.98,116.57,104.78,92.05,95.32,89,77,12,69,619.42,0.9,542.49,504.1,0.38
AIR,108.76,110.41,123.95,106.74,107.98,103.72,88,78,22,75,74.79,0.72,71.45,65.14,1.84
CELZ,108.73,125.23,132.43,103.25,185.63,106.76,88,75,96,77,3.33,0.33,2.64,2.82,1.09
HYPR,108.72,123.75,112.41,86.45,155.93,154.59,88,10,94,93,1.16,0.53,0.86,0.9,0.06
LHX,108.56,114.3,114.3,111.6,108.07,106.68,88,82,22,77,269.72,0.9,257.74,229.41,1.18
CRSR,108.53,112.35,120.48,113.68,138.57,106.45,88,83,91,77,9.03,0.49,9.29,8.5,3.49
LSBK,108.49,109.05,110.19,111.97,131.63,114.12,88,82,89,81,12.58,1.0,11.76,10.88,1.07
EDIT,108.42,127.28,175.44,161.25,78.02,51.53,88,94,7,2,2.21,0.38,2.45,1.92,0.85
BEPC,108.35,115.13,119.94,109.74,115.58,105.02,88,80,81,76,33.91,0.77,33.31,29.31,0.79
WDS,108.32,109.25,107.91,106.07,93.83,82.12,88,78,13,7,17.42,0.96,16.0,14.86,0.64
TIXT,108.27,108.27,108.36,104.07,75.77,77.56,88,76,6,6,3.79,0.71,3.6,3.37,0.77
PRTH,108.26,108.69,109.26,127.85,226.67,251.6,88,89,97,97,7.65,0.41,7.73,8.27,0.76
DXR,108.23,115.69,111.09,108.78,103.08,105.88,88,79,19,76,10.02,0.86,9.38,8.44,1.07
BBD,108.21,117.3,125.83,134.49,117.52,79.0,88,91,83,6,2.9,0.85,2.9,2.32,0.88
DRS,108.18,114.06,138.66,148.48,146.12,135.57,88,93,92,90,41.49,0.69,45.06,36.98,0.81
ZEO,108.18,117.42,131.86,164.84,97.34,125.01,88,94,15,87,2.32,0.46,2.75,2.08,0.0
HKIT,108.1,115.04,107.67,109.59,100.07,114.35,88,80,17,82,1.55,0.64,1.42,1.33,1.03
ALLE,108.03,110.92,110.54,109.58,109.43,100.44,88,80,23,73,163.72,0.94,148.86,137.22,0.59
SNYR,108.02,113.17,135.37,103.79,94.66,92.57,88,76,13,40,3.54,0.26,2.93,3.74,0.31
TMDX,108.0,129.21,126.8,157.62,119.89,75.85,88,94,84,5,114.5,0.48,123.9,91.27,0.71
URI,107.97,110.85,112.68,107.97,92.1,120.6,88,79,12,85,858.97,0.88,779.09,730.74,0.49
T,107.95,110.29,111.65,134.99,151.95,117.31,88,91,93,83,28.08,0.94,27.67,25.19,0.73
PAY,107.84,109.84,114.74,151.91,148.08,176.12,88,93,92,95,33.91,0.72,32.24,31.41,1.28
BLK,107.8,108.52,112.2,108.71,108.35,116.02,88,79,22,82,1124.97,1.0,1052.46,990.53,0.7
NC,107.71,113.19,120.77,135.94,138.38,100.49,88,91,91,73,37.14,0.63,39.18,33.76,0.36
PAX,107.66,113.21,115.34,116.95,98.8,91.67,88,85,16,12,13.65,0.83,13.69,11.97,0.49
PATK,107.62,109.48,110.45,109.34,108.34,115.36,88,80,22,82,100.37,0.92,94.84,88.54,0.84
SOHU,107.61,113.52,123.71,93.58,112.66,104.18,88,14,26,75,15.21,0.8,13.16,12.74,0.4
XYZ,107.6,115.88,108.26,98.68,108.62,126.37,88,18,22,87,73.39,0.51,69.34,72.11,1.98
MLTX,107.57,112.21,113.57,111.79,97.54,104.81,88,82,15,76,52.4,0.83,48.68,45.61,0.46
GNW,107.5,107.5,105.6,109.95,111.84,106.47,88,80,25,77,8.31,1.0,7.53,7.14,0.75
RRR,107.44,118.14,118.14,111.37,91.49,88.67,88,82,12,10,56.29,0.8,53.25,47.68,0.78
SBH,107.39,111.54,95.54,92.1,84.43,104.43,88,13,9,75,11.68,0.6,9.62,10.24,0.95
UBER,107.35,115.57,126.8,126.8,127.29,94.89,88,89,87,68,89.56,0.79,89.27,77.32,1.28
MCB,107.26,108.32,133.08,132.33,123.79,135.17,88,90,86,90,69.42,0.75,69.79,62.44,0.56
CCLD,107.22,107.22,120.2,119.99,255.03,230.75,88,86,97,97,2.67,0.43,2.34,2.59,1.73
AMX,107.21,107.88,106.32,110.26,114.35,77.88,88,81,80,6,19.05,1.0,17.43,15.52,0.78
TOMZ,107.19,109.9,114.16,138.79,120.97,149.39,88,91,84,92,1.02,0.65,1.02,0.9,0.3
TSLX,107.18,109.7,113.2,109.74,114.48,100.85,88,80,80,73,24.04,0.84,23.67,21.35,0.85
FNV,107.15,107.27,109.12,133.3,153.23,103.01,88,90,93,74,171.59,0.91,164.67,146.38,1.03
BLDP,107.13,116.13,129.04,108.77,75.43,78.36,88,79,6,6,1.8,0.7,1.71,1.48,0.3
VS,107.13,113.38,147.44,145.3,142.54,141.78,88,93,91,91,2.25,0.41,2.37,2.13,0.43
SGHT,107.11,107.11,100.17,113.71,80.2,101.58,88,83,7,74,4.24,0.43,3.83,3.43,1.8
TILE,107.08,121.64,116.67,105.96,116.2,159.7,88,77,81,93,24.87,0.82,21.35,21.78,1.0
ZH,107.04,110.0,123.48,115.36,150.63,91.56,88,84,93,12,4.33,0.47,4.22,4.04,0.34
EQT,107.03,110.52,121.86,137.78,141.42,136.02,88,91,91,90,51.29,0.71,55.44,49.98,0.54
UNFI,106.95,110.58,119.75,169.47,205.94,185.59,88,95,97,95,26.11,0.63,25.24,26.32,0.36
EZPW,106.92,108.34,103.26,128.82,155.46,109.72,88,89,94,79,15.28,0.81,13.77,13.41,0.73
TTI,106.91,113.69,113.09,110.51,109.4,122.25,88,81,23,86,3.92,0.63,3.48,3.51,0.93
TARS,106.85,108.54,95.63,121.3,145.26,177.19,88,87,92,95,47.85,0.73,41.63,46.69,1.25
RNW,106.78,112.73,112.73,116.78,113.58,103.81,88,85,26,75,7.45,0.9,7.2,6.54,0.71
IRON,106.76,116.72,118.18,103.02,117.3,128.37,88,75,82,88,58.03,0.72,54.78,54.41,0.72
GNTY,106.76,110.02,121.97,120.76,135.85,121.13,88,87,90,85,43.71,0.81,43.35,39.16,0.45
PRDO,106.74,109.88,112.55,135.08,131.66,128.77,88,91,89,88,31.24,0.79,31.0,27.54,1.16
PSMT,106.74,107.68,112.99,122.06,122.06,104.98,88,87,85,76,111.88,1.0,106.83,95.58,0.59
AQST,106.69,109.62,130.15,106.2,91.09,171.93,88,78,12,95,3.9,0.49,3.67,3.49,0.62
CDNS,106.67,117.01,118.99,114.83,111.62,105.41,88,84,25,76,352.06,0.86,318.23,294.44,0.72
SPOK,106.6,112.23,114.63,112.47,116.39,103.33,88,82,82,75,18.21,0.93,17.3,16.0,0.82
TRIN,106.57,106.57,102.16,104.77,122.32,110.35,87,77,85,79,15.82,1.0,14.41,13.94,1.34
FHN,106.4,108.9,118.58,118.58,125.68,129.75,87,86,87,88,21.41,0.84,21.08,19.82,0.92
MBBC,106.4,110.96,111.7,130.39,150.68,150.81,87,90,93,92,10.02,0.75,10.02,9.38,0.05
CUBI,106.39,109.84,123.31,123.31,107.23,104.21,87,88,21,75,62.64,0.86,58.89,53.2,0.61
DKNG,106.38,115.6,113.4,106.39,120.38,102.42,87,78,84,74,42.88,0.55,41.31,39.6,1.7
ALV,106.38,109.49,117.97,115.69,96.72,90.77,87,84,15,11,112.4,0.86,111.88,98.27,0.82
STXS,106.33,106.33,114.43,112.97,105.6,113.32,87,83,20,81,2.5,0.87,2.25,2.12,2.45
TTWO,106.32,112.09,121.22,138.74,144.29,119.99,87,91,92,84,217.37,0.76,232.98,206.94,2.81
BLTE,106.23,106.95,105.79,119.87,135.26,160.94,87,86,90,94,69.88,0.63,62.37,63.17,0.81
BN,106.23,114.24,120.56,114.07,115.36,124.3,87,83,81,87,64.71,0.87,62.69,57.61,0.91
AMG,106.19,107.24,112.08,108.26,105.07,104.18,87,79,20,75,211.3,0.94,197.39,181.88,0.48
SF,106.12,107.86,111.92,108.47,112.29,133.92,87,79,25,90,111.64,0.88,104.48,102.49,0.48
FPH,106.11,110.11,141.0,140.95,165.87,171.07,87,92,95,94,5.36,0.66,5.68,5.01,0.77
VTOL,106.11,110.37,103.24,97.94,102.71,109.3,87,17,18,79,38.0,0.87,33.96,33.47,0.93
BGSF,106.11,133.01,127.84,130.03,68.8,71.44,87,90,5,4,5.87,0.49,5.81,5.19,0.36
AZO,105.92,106.82,104.21,120.14,130.39,103.25,87,86,88,75,4035.16,0.97,3743.75,3506.05,0.69
TGS,105.92,116.04,116.25,134.77,140.47,170.79,87,91,91,94,28.4,0.7,27.43,27.31,0.68
CR,105.92,110.85,116.22,115.69,107.21,120.03,87,84,21,84,193.96,0.93,186.66,167.77,0.78
BNT,105.92,114.17,120.5,113.42,115.89,124.8,87,83,81,87,64.72,0.87,62.63,57.57,0.67
CWCO,105.86,107.06,113.02,114.45,112.15,91.8,87,83,25,12,29.29,0.77,29.15,26.36,0.44
DE,105.85,107.36,112.97,124.06,122.06,109.89,87,88,85,79,510.37,0.9,511.16,467.25,0.78
KFFB,105.8,105.8,100.83,93.56,102.85,97.37,87,14,18,70,3.29,0.85,2.9,2.87,0.09
CRH,105.76,105.76,101.83,105.48,114.64,116.66,87,77,80,83,109.3,0.99,94.13,95.23,1.82
FBNC,105.71,109.06,113.01,111.37,109.01,122.77,87,82,23,86,49.29,0.85,45.18,42.93,0.39
BKNG,105.67,110.51,116.92,123.7,127.68,127.4,87,88,87,88,5405.91,0.84,5568.69,5038.49,0.91
FDP,105.62,115.72,118.58,122.25,133.45,120.4,87,87,89,85,36.5,0.78,34.12,32.16,0.63
FINW,105.61,111.22,109.45,101.27,147.36,148.63,87,73,92,92,18.09,0.71,15.55,16.57,0.31
UROY,105.58,113.83,127.25,116.7,84.66,97.2,87,85,9,70,2.62,0.71,2.51,2.28,0.68
RJF,105.52,108.66,110.76,108.19,114.85,127.91,87,79,80,88,164.92,0.9,155.78,152.06,0.59
ORA,105.5,111.85,111.85,114.48,112.92,103.05,87,83,26,74,86.68,0.87,84.41,75.01,0.76
GOOS,105.49,108.52,135.55,118.86,95.27,95.79,87,86,14,69,11.21,0.52,12.29,10.22,0.88
RM,105.41,106.29,101.57,99.57,120.97,120.9,87,71,84,85,35.38,0.91,30.63,31.11,0.98
CME,105.4,111.62,110.58,129.29,138.42,106.41,87,90,91,77,282.21,0.92,276.26,252.18,0.63
ETN,105.31,112.76,114.7,109.32,98.65,116.35,87,80,16,83,362.84,0.8,353.89,328.09,0.9
CMCM,105.29,117.23,142.85,101.63,167.56,177.09,87,73,95,95,4.8,0.49,4.81,4.68,0.54
API,105.24,108.88,124.41,114.88,216.44,238.39,87,84,97,97,3.83,0.41,3.83,4.26,1.0
EMCG,105.23,105.23,94.14,102.62,119.14,95.79,87,74,84,69,13.95,1.0,12.18,11.9,26.91
CCEP,105.19,111.72,113.32,118.98,132.84,98.73,87,86,89,72,94.76,0.81,94.63,84.33,0.82
GREE,105.09,108.1,158.48,130.21,62.74,88.83,87,90,4,10,1.5,0.42,1.55,1.5,0.48
ECVT,105.02,110.26,117.24,113.42,92.88,91.9,87,83,12,12,8.46,0.86,8.34,7.5,2.38
OMF,104.97,109.21,119.13,118.78,109.18,114.46,87,86,23,82,55.83,0.86,55.08,50.71,0.47
F,104.96,104.96,107.97,107.35,106.09,91.3,87,79,20,12,11.32,0.82,10.97,10.1,0.56
CTRE,104.94,107.9,105.25,110.69,120.04,109.17,87,81,84,79,32.9,1.0,30.32,28.28,1.53
NI,104.9,111.32,109.8,118.84,135.23,117.17,87,86,90,83,42.28,0.92,40.2,38.02,0.89
CHT,104.83,107.04,108.92,114.28,116.89,94.45,87,83,82,68,45.17,0.97,43.95,39.27,1.03
SAH,104.78,108.34,137.26,137.55,114.25,121.79,87,91,79,85,74.25,0.6,77.78,67.6,0.72
ARES,104.76,105.48,111.86,111.86,116.76,122.7,87,82,82,86,188.43,0.91,175.88,167.92,0.66
DAC,104.76,106.67,105.49,106.68,108.57,99.81,87,78,22,72,94.63,0.98,88.72,81.53,0.55
CIGI,104.74,105.57,104.2,97.88,97.06,108.73,87,17,15,78,157.25,1.0,135.2,133.51,1.85
LE,104.71,112.73,98.98,86.92,90.78,135.07,87,10,12,90,12.96,0.43,10.87,11.89,0.84
OSW,104.58,112.31,116.63,115.77,127.14,129.59,87,84,87,88,21.35,0.81,20.71,19.25,0.61
EMR,104.55,116.17,119.43,116.12,101.25,114.62,87,84,17,82,132.74,0.7,134.85,121.99,0.75
MLI,104.55,106.47,110.66,106.65,128.59,150.92,87,78,88,92,89.08,0.81,81.78,79.91,0.42
BTDR,104.4,117.08,137.57,177.81,209.92,300.53,87,95,97,98,12.57,0.34,13.0,13.48,0.53
VOXR,104.36,104.36,105.51,143.09,161.29,106.59,87,92,94,77,3.35,0.8,3.34,2.87,0.3
CMA,104.34,107.7,113.08,104.6,109.68,128.81,87,76,23,88,66.86,0.84,61.61,60.71,0.62
ITRI,104.25,107.45,118.47,117.13,111.11,124.12,87,85,24,86,125.48,0.72,128.92,113.37,0.66
RWAY,104.23,104.34,107.76,101.55,105.54,98.15,86,73,20,71,10.98,0.89,10.57,10.01,1.37
CXDO,104.23,115.09,128.34,134.2,143.87,130.8,86,91,92,89,6.01,0.65,5.75,5.55,2.71
CSGS,104.18,106.82,114.0,128.85,137.51,127.18,86,89,90,87,64.53,0.94,63.46,58.63,1.37
CFG,104.15,106.09,113.97,113.66,111.71,125.98,86,83,25,87,47.28,0.86,44.81,42.71,0.59
VERI,104.05,104.05,95.95,65.67,113.86,132.55,86,4,26,89,2.84,0.48,1.79,2.47,2.9
NIC,103.98,105.54,126.04,122.7,127.67,121.18,86,87,87,85,126.36,0.75,126.18,115.0,0.42
NN,103.98,127.29,143.86,140.48,147.62,271.8,86,92,92,98,13.75,0.63,14.47,13.46,1.22
SCHL,103.91,108.36,114.88,87.74,82.09,68.37,86,11,8,4,24.53,0.57,21.34,20.86,0.59
HCI,103.9,105.61,114.02,154.5,151.51,114.19,86,93,93,81,140.33,0.63,148.33,133.69,1.15
ADM,103.89,103.89,98.73,99.8,94.91,82.27,86,71,13,7,57.84,0.86,53.08,49.89,0.74
SSYS,103.86,110.01,120.12,120.11,123.66,133.23,86,86,86,89,11.06,0.73,10.91,10.02,0.64
AMPL,103.84,118.83,130.76,124.7,130.86,117.15,86,88,88,83,11.53,0.57,12.41,11.24,2.54
ADEA,103.82,103.82,109.78,118.88,137.15,112.39,86,86,90,80,14.23,0.58,13.67,13.27,1.0
SQM,103.77,103.77,98.39,90.67,110.58,88.79,86,12,24,10,42.22,0.78,35.84,37.61,2.22
AUTL,103.76,110.08,125.42,103.94,55.74,76.52,86,76,3,5,2.33,0.33,2.31,2.25,0.68
PDLB,103.74,106.43,113.55,122.51,124.34,125.02,86,87,86,87,14.17,0.95,13.78,13.02,0.4
BTSG,103.71,106.12,123.59,152.71,148.23,169.6,86,93,93,94,20.78,0.72,21.62,19.72,0.59
UXIN,103.7,105.04,138.44,174.87,192.93,239.75,86,95,96,97,3.82,0.41,4.01,4.32,2.01
SEER,103.68,103.68,103.58,112.11,113.36,128.12,86,82,26,88,2.3,0.74,2.12,2.14,3.18
AIT,103.64,107.18,105.46,101.57,111.4,128.37,86,73,25,88,263.13,0.81,246.81,244.37,0.58
PBYI,103.6,103.6,111.49,115.21,114.99,99.56,86,84,80,72,3.69,0.91,3.41,3.14,3.66
DTM,103.55,108.22,109.73,126.18,132.29,149.75,86,88,89,92,104.58,0.83,104.31,99.22,0.67
GEG,103.53,106.42,105.78,115.97,116.74,91.61,86,84,82,12,2.15,0.77,2.13,1.93,1.97
VIAV,103.5,103.5,100.85,100.95,129.79,132.46,86,73,88,89,10.93,0.66,9.89,10.28,4.91
EXOD,103.46,103.46,142.35,238.17,367.11,1155.61,86,97,98,99,31.9,0.26,31.25,36.03,1.01
PNNT,103.46,104.13,104.91,102.29,111.42,100.51,86,74,25,73,7.27,0.91,6.93,6.56,1.04
CTVA,103.42,108.88,120.39,122.13,114.68,107.24,86,87,80,77,70.91,0.77,73.08,64.14,1.31
ODD,103.41,137.86,163.48,180.69,166.21,113.59,86,96,95,81,58.22,0.57,71.44,52.95,1.36
GPRE,103.39,114.25,123.42,91.79,43.04,59.84,86,13,2,3,7.4,0.37,6.54,7.31,0.85
FRAF,103.32,106.96,115.09,121.57,142.86,106.36,86,87,92,77,40.29,0.85,37.58,34.97,0.47
BP,103.31,105.0,98.85,94.8,110.74,89.44,86,15,24,11,34.14,0.99,31.31,30.21,0.65
TASK,103.26,108.48,115.53,117.66,105.29,127.12,86,85,20,87,17.04,0.74,16.88,15.35,0.76
SPNT,103.12,117.15,118.51,141.97,144.87,116.17,86,92,92,83,18.2,0.66,19.31,16.51,0.94
MATV,103.11,103.11,88.6,83.3,59.09,73.88,86,8,3,5,9.39,0.36,6.96,8.35,2.27
DRI,103.09,106.27,111.75,128.74,134.99,116.26,86,89,90,83,202.0,0.75,212.12,191.55,0.76
SKYW,103.08,108.27,114.87,113.79,124.6,155.51,86,83,86,93,110.81,0.8,106.5,102.17,0.68
LEVI,103.02,108.06,118.39,104.78,98.69,96.31,86,77,16,70,20.01,0.81,18.99,17.27,0.59
BRDG,103.02,105.78,115.37,129.23,133.33,115.99,86,90,89,82,10.02,0.74,9.98,9.32,1.06
ARGX,103.02,104.72,103.37,112.34,128.61,137.9,86,82,88,90,661.83,0.85,582.0,602.2,0.71
BNS,103.0,105.06,105.33,107.3,108.22,109.07,86,79,22,79,56.0,0.94,54.56,50.9,0.43
ATRC,103.0,115.76,108.88,111.04,135.2,144.04,86,81,90,91,35.31,0.68,32.72,34.09,0.72
JBI,102.96,107.15,100.91,98.13,85.51,74.84,86,17,9,5,9.81,0.71,8.6,7.93,1.71
NBN,102.92,103.47,113.14,108.86,140.02,153.8,86,80,91,93,96.88,0.72,90.83,93.08,0.61
NGL,102.92,102.92,100.97,95.7,106.23,106.68,86,15,21,77,4.5,0.6,4.17,4.31,3.29
MTRN,102.9,110.25,99.15,84.41,80.63,90.47,86,9,7,11,106.47,0.72,87.39,93.1,1.15
GPMT,102.89,105.08,107.39,90.42,88.64,96.91,86,12,11,70,2.83,0.7,2.53,2.62,0.71
SMID,102.87,102.87,108.25,97.7,100.25,135.14,86,17,17,90,37.35,0.48,33.74,36.0,0.58
NXST,102.84,108.28,108.28,109.61,114.84,96.0,86,80,80,69,186.8,0.9,178.23,165.05,1.84
SBR,102.83,103.79,98.06,105.6,116.2,104.49,86,77,81,76,70.46,0.99,66.28,63.63,1.15
WBA,102.78,103.02,103.91,107.09,116.57,97.05,86,78,82,70,11.94,0.8,11.48,10.62,0.98
SNGX,102.66,116.48,100.32,62.67,67.66,71.71,86,4,4,4,2.9,0.44,1.73,2.41,0.1
ATI,102.6,112.87,154.89,149.22,118.46,111.8,86,93,83,80,73.04,0.58,85.31,64.8,0.84
ARHS,102.57,108.76,86.67,88.16,107.78,106.56,86,11,22,77,11.22,0.61,9.03,9.51,1.99
IROQ,102.56,104.51,106.54,121.99,143.25,128.21,86,87,92,88,25.0,0.96,24.6,23.55,1.69
RITM,102.55,103.93,106.55,104.71,113.87,103.0,86,76,26,74,12.27,0.97,11.56,10.88,0.47
IONS,102.54,108.72,114.31,116.68,87.44,77.48,86,85,10,6,41.64,0.66,39.69,35.14,0.9
BX,102.48,105.57,109.27,100.92,108.5,138.99,86,72,22,91,168.91,0.66,154.46,157.28,0.62
AIFU,102.4,128.82,157.44,73.26,31.12,52.44,86,6,1,2,7.25,0.14,5.59,10.71,0.02
ULS,102.34,123.14,128.4,146.63,146.63,104.65,85,93,92,76,66.64,0.75,70.77,58.91,1.2
MOBX,102.27,102.27,115.91,72.56,118.19,126.3,85,5,83,87,0.96,0.24,0.81,0.97,0.42
BRBS,102.25,103.41,119.22,120.75,122.55,119.14,85,87,85,84,3.6,0.75,3.55,3.4,0.39
EPSM,102.2,133.38,239.64,224.08,114.01,92.57,85,97,53,40,18.77,0.64,18.31,13.9,1.97
HCC,102.19,102.19,94.18,85.02,87.04,110.69,85,9,10,79,60.73,0.6,49.68,52.95,1.09
LOGI,102.16,102.98,105.69,103.02,114.56,106.7,85,75,80,77,98.27,0.83,90.62,87.05,0.99
GM,102.14,103.74,103.25,104.24,107.15,130.89,85,76,21,89,53.53,0.68,50.88,50.11,0.42
BFH,102.12,104.84,115.47,112.53,120.17,144.79,85,82,84,92,58.22,0.69,57.2,55.35,0.64
TENX,102.06,119.48,118.52,130.08,163.85,146.17,85,90,94,92,5.91,0.59,5.93,5.86,0.33
ACR,102.02,106.05,105.6,114.8,165.47,130.39,85,84,94,89,19.69,0.55,18.28,18.22,0.47
BTBT,102.0,116.61,141.88,125.46,92.15,181.43,85,88,12,95,2.99,0.33,2.88,3.02,0.86
YMM,101.99,106.74,126.72,131.46,156.43,145.11,85,90,94,92,11.32,0.66,11.98,11.31,1.57
AB,101.97,101.97,110.47,124.49,124.49,107.0,85,88,86,77,40.4,0.86,40.04,36.76,1.34
SILC,101.96,112.45,112.45,101.37,110.19,111.32,85,73,24,80,16.6,0.78,15.5,15.22,1.33
GLAD,101.94,102.78,108.4,109.45,122.57,125.67,85,80,85,87,27.33,0.79,27.27,26.29,2.04
TURB,101.9,113.79,117.51,163.22,195.6,195.88,85,94,96,96,2.26,0.56,2.31,2.19,0.38
FDUS,101.88,101.88,107.49,101.16,115.33,111.83,85,73,81,80,21.37,0.85,20.53,19.88,2.37
LDOS,101.85,103.59,99.41,111.05,104.48,133.7,85,81,19,90,176.5,0.68,157.15,151.56,0.77
LAR,101.84,101.84,109.93,82.79,74.46,86.11,85,8,6,9,2.81,0.53,2.34,2.55,0.91
MC,101.83,105.55,109.04,101.05,112.5,124.86,85,73,25,87,70.02,0.72,64.08,65.18,0.47
NYMT,101.81,105.98,114.99,123.06,117.29,94.21,85,87,82,68,6.64,0.84,6.64,6.0,0.8
ATO,101.75,101.75,102.94,121.78,132.98,111.84,85,87,89,80,164.29,1.0,154.86,148.41,1.65
MTCH,101.74,101.74,96.07,93.07,97.65,91.17,85,14,15,12,36.09,0.83,32.26,31.78,0.81
SATS,101.67,105.19,132.41,132.41,158.2,157.06,85,90,94,93,27.08,0.67,25.85,25.11,0.47
XYL,101.65,104.38,104.38,98.61,99.28,93.66,85,18,16,67,142.65,0.95,131.11,124.06,0.49
CPOP,101.59,160.14,169.32,65.95,60.3,104.62,85,4,3,76,0.86,0.31,0.71,0.83,0.13
TORO,101.58,106.83,111.15,83.77,76.63,74.47,85,9,6,5,2.86,0.55,2.51,2.56,0.14
ENSG,101.53,102.43,100.13,110.94,109.38,104.24,85,81,23,75,160.63,1.0,149.16,139.96,0.91
BTSGU,101.49,105.95,118.82,145.08,139.83,155.61,85,93,91,93,72.93,0.72,75.64,69.23,0.01
LPSN,101.45,102.81,116.03,118.94,127.33,142.85,85,86,87,91,1.21,0.5,0.91,0.99,1.94
CAAP,101.4,102.88,101.84,118.23,114.12,114.8,85,86,79,82,20.97,0.88,20.1,19.34,0.51
BGFV,101.39,102.01,98.64,91.2,61.06,72.07,85,13,3,4,1.43,0.41,1.33,1.38,3.13
CBL,101.37,102.07,101.49,99.53,123.2,120.28,85,71,85,85,28.23,0.68,26.06,26.48,0.7
IGIC,101.36,101.61,112.8,123.29,155.47,160.89,85,88,94,94,23.8,0.77,23.48,23.74,1.09
AXGN,101.35,101.35,86.78,121.1,185.23,182.0,85,87,96,95,13.9,0.49,11.51,14.77,0.91
ACLX,101.3,105.64,97.84,98.09,103.34,163.48,85,17,19,94,70.5,0.35,67.41,71.08,1.7
AEP,101.19,104.91,103.98,110.19,130.92,102.65,85,80,89,74,112.5,0.94,104.9,99.98,0.89
KRC,101.18,104.06,103.87,101.25,96.87,111.16,85,73,15,80,37.81,0.72,35.56,35.24,0.81
SFST,101.16,103.16,113.93,110.97,109.29,127.8,85,81,23,88,40.8,0.71,38.92,37.48,1.01
BSVN,101.13,101.13,114.93,107.6,116.27,138.7,85,79,82,91,44.4,0.69,42.7,41.61,0.37
SCM,101.13,101.13,109.55,101.56,116.55,101.91,85,73,82,74,14.53,0.84,13.97,13.3,1.39
AYI,101.1,104.9,105.49,105.57,109.01,126.46,85,77,23,87,307.08,0.74,290.22,291.57,0.48
DEC,101.09,102.22,113.62,117.25,127.69,493.44,85,85,87,99,14.56,0.71,14.61,13.77,0.58
ISTR,101.06,102.44,117.29,114.25,108.43,141.67,85,83,22,91,21.39,0.69,20.52,19.87,0.5
MAMA,101.04,104.84,118.84,118.4,117.13,146.47,85,86,82,92,8.02,0.56,8.49,7.62,0.59
FIGS,101.04,111.24,116.84,107.18,102.83,97.48,85,78,18,70,6.22,0.81,5.73,5.29,1.78
FSTR,100.99,100.99,104.61,102.73,117.48,123.66,85,75,83,86,22.08,0.45,21.89,23.15,0.76
CSBR,100.99,105.31,125.75,125.75,217.64,223.11,85,88,97,97,6.41,0.33,7.25,7.55,0.48
BSBK,100.91,104.88,102.96,100.24,111.0,100.96,85,72,24,73,8.4,0.88,7.84,7.72,0.59
MMM,100.8,100.8,112.51,117.52,138.34,134.62,85,85,91,90,153.3,0.85,150.04,141.42,0.68
FSEA,100.76,105.34,105.34,117.07,129.92,107.48,85,85,88,78,11.46,0.9,11.32,10.58,0.54
CVGW,100.72,100.72,102.61,110.53,118.24,100.79,85,81,83,73,27.53,0.86,26.66,25.27,0.51
WRB,100.68,103.95,105.32,127.46,135.2,104.2,85,89,90,75,70.63,0.8,70.98,64.82,0.64
ELSE,100.64,104.06,102.89,113.01,111.99,129.43,85,83,25,88,4.65,0.52,4.44,4.47,0.39
PX,100.64,100.64,98.64,113.91,130.7,133.65,85,83,88,90,12.5,0.72,10.83,11.84,0.96
PCRX,100.57,100.57,103.82,128.92,150.91,114.26,85,89,93,82,25.18,0.87,23.68,22.66,1.97
L,100.53,101.39,100.59,108.78,119.01,101.83,85,79,83,74,93.77,0.98,90.57,86.45,0.64
STRZ,100.51,100.51,91.37,99.45,114.01,92.57,84,45,53,40,13.94,0.33,16.27,15.74,0.44
JHG,100.51,104.72,108.45,103.89,112.97,126.41,84,76,26,87,42.68,0.85,39.69,39.49,1.01
LNT,100.5,103.73,102.93,110.31,125.75,108.15,84,81,87,78,65.64,0.94,62.11,60.38,1.04
GNLX,100.44,128.13,135.57,134.07,158.24,122.5,84,91,94,86,3.15,0.33,3.08,3.08,0.49
GECC,100.43,106.0,107.61,114.43,115.57,105.46,84,83,81,76,10.95,0.98,10.74,9.97,1.5
RECT,100.39,106.59,110.43,124.5,134.71,157.36,84,88,90,93,4.73,0.41,4.74,4.76,0.8
NNI,100.38,103.89,104.82,106.69,113.13,97.62,84,78,26,71,122.82,0.87,119.88,112.55,1.05
KEY,100.38,102.33,112.36,112.36,104.79,121.27,84,82,19,85,17.61,0.73,17.35,16.71,0.75
ZIM,100.37,105.69,117.86,129.8,142.55,185.2,84,90,92,95,15.5,0.62,16.3,15.43,0.63
KARO,100.33,100.33,117.93,156.11,138.43,151.78,84,94,91,93,46.86,0.42,50.14,45.68,0.68
PPC,100.31,105.43,103.04,122.51,158.76,133.86,84,87,94,90,49.96,0.75,46.59,45.96,0.63
WEC,100.3,104.34,103.66,117.81,137.63,106.76,84,85,90,77,110.35,0.97,106.44,101.94,0.86
AEE,100.22,104.86,104.27,115.18,136.25,111.52,84,84,90,80,101.39,0.93,97.34,94.35,0.62
ATMU,100.2,100.2,101.22,102.9,117.72,142.98,84,75,83,91,41.0,0.75,37.22,38.45,2.65
TS,100.17,102.26,108.94,105.75,117.31,111.64,84,77,82,80,35.75,0.75,36.55,35.56,0.72
HNNA,100.16,116.12,124.15,125.61,141.29,159.43,84,88,91,93,11.49,0.67,12.02,11.14,2.27
MRX,100.12,111.19,125.79,184.61,192.12,133.74,84,96,96,90,35.41,0.56,39.07,35.71,0.86
BSY,100.11,114.99,114.99,111.09,97.54,87.6,84,81,15,10,53.49,0.74,53.78,47.73,0.85
MPLX,100.06,103.64,103.43,113.64,129.45,120.71,84,83,88,85,50.41,0.86,50.29,48.47,1.51
PLUG,100.06,111.52,121.25,77.03,73.92,105.17,84,7,5,76,1.51,0.33,1.38,1.65,0.26
INBS,100.05,107.89,144.24,103.92,136.72,106.6,84,76,90,77,1.52,0.29,1.74,1.63,0.39
EW,100.02,102.58,102.44,105.53,109.46,91.12,84,77,23,12,78.35,0.86,77.24,73.17,0.67
TLF,100.01,105.78,104.57,100.23,115.28,103.33,84,72,81,75,3.48,0.6,3.25,3.17,0.25
GNK,99.97,106.51,100.47,87.36,86.16,93.27,84,11,9,67,16.25,0.7,14.47,14.14,0.92
JNJ,99.97,101.11,99.23,101.99,116.91,88.73,84,74,82,10,173.33,1.0,159.31,154.16,0.91
QRVO,99.93,99.93,111.21,104.72,85.59,83.42,84,77,9,8,88.09,0.57,84.11,75.86,0.74
STAA,99.93,101.36,73.03,80.32,66.06,73.61,84,8,4,5,27.26,0.48,18.26,21.0,1.39
WMB,99.91,105.79,105.79,121.1,135.66,134.66,84,87,90,90,57.89,0.77,59.27,56.71,0.66
SANA,99.89,149.1,175.08,161.48,80.47,77.36,84,94,7,6,3.0,0.35,3.46,2.72,1.48
EQH,99.88,99.88,109.8,116.04,130.13,123.4,84,84,88,86,51.98,0.8,52.84,50.16,1.5
TRIP,99.83,99.83,119.4,110.98,97.76,91.25,84,81,15,12,17.97,0.94,15.66,14.91,2.73
SOL,99.81,103.54,104.83,105.63,91.97,101.59,84,77,12,74,1.89,0.42,1.85,1.79,0.85
HLVX,99.78,100.72,113.0,99.99,86.38,71.7,84,71,9,4,2.07,0.87,2.02,1.89,0.21
MANU,99.73,106.77,106.21,117.32,94.44,99.15,84,85,13,72,17.5,0.75,17.2,15.85,0.54
OPTX,99.72,99.72,132.18,122.11,100.07,155.71,84,87,17,93,1.62,0.28,1.53,1.59,0.54
CVLT,99.68,106.04,116.95,124.44,133.86,142.94,84,88,89,91,183.53,0.84,177.84,167.56,0.59
PSTL,99.59,102.64,104.82,109.31,117.47,91.73,84,80,83,12,14.44,0.79,14.39,13.31,0.76
VTS,99.49,108.27,98.17,98.65,110.56,109.14,84,18,24,79,24.85,0.78,23.28,23.53,0.58
QGEN,99.48,106.55,107.68,106.45,104.35,99.85,84,78,19,73,48.04,0.74,47.81,43.54,0.86
FRST,99.42,99.5,107.63,101.36,90.7,99.8,84,73,11,72,11.16,0.73,10.64,10.44,1.05
BAC,99.4,100.5,108.92,111.47,108.78,117.0,84,82,22,83,46.01,0.8,46.29,43.86,0.93
FSLR,99.38,106.1,105.54,103.06,79.3,93.93,84,75,7,68,184.65,0.47,168.3,165.69,0.42
CRBG,99.36,103.18,112.42,112.42,117.59,112.56,84,82,83,80,33.3,0.77,34.05,31.65,2.19
AN,99.34,100.8,114.32,115.11,108.48,108.42,84,84,22,78,196.23,0.69,197.42,180.02,0.51
HUBB,99.32,102.33,102.33,102.55,91.09,111.85,84,74,12,80,418.65,0.68,411.19,400.42,0.45
AER,99.31,100.65,110.58,117.13,119.02,104.81,84,85,83,76,110.24,0.76,113.89,102.65,1.16
NKE,99.29,102.29,106.34,101.9,91.44,83.79,84,74,12,8,74.19,0.61,69.39,69.92,0.41
MSM,99.29,99.94,108.14,107.55,102.33,90.98,84,79,18,12,86.1,0.76,84.89,79.84,0.55
COR,99.27,103.43,109.74,123.03,137.65,99.99,84,87,90,73,285.13,0.78,292.34,264.45,0.87
MBAVU,99.23,100.91,105.92,137.29,115.63,92.79,84,91,81,67,11.5,0.22,12.58,10.87,0.0
CXT,99.01,99.01,102.26,96.03,95.39,103.62,84,16,14,75,60.59,0.77,56.4,55.74,1.36
BULL,98.97,108.83,108.34,157.57,577.45,96.28,84,94,99,69,15.0,0.09,12.86,13.04,0.67
GPC,98.95,101.1,100.75,97.5,101.34,82.03,84,17,18,7,133.09,0.8,126.02,120.27,0.53
OI,98.94,98.94,126.47,125.71,110.59,86.72,84,88,24,9,13.42,0.61,14.18,12.37,0.7
SXI,98.93,101.72,100.28,90.81,104.38,113.81,84,12,19,81,187.67,0.72,162.03,173.51,0.97
GHC,98.91,99.79,99.77,117.95,129.53,115.66,84,85,88,82,973.36,0.91,937.85,921.27,0.41
VTR,98.89,101.38,101.38,116.04,137.57,114.48,84,84,90,82,68.57,0.93,64.53,63.51,0.53
MHUA,98.85,98.85,99.1,128.21,71.92,76.31,84,89,5,5,0.41,0.17,0.43,0.41,0.24
STVN,98.82,114.06,118.78,118.94,106.98,101.04,83,86,21,73,23.63,0.6,24.45,21.95,1.08
EU,98.82,104.66,128.22,128.71,67.21,89.25,83,89,4,11,2.67,0.47,2.59,2.64,0.58
DLX,98.8,98.8,85.42,84.98,85.37,108.24,83,9,9,78,19.14,0.58,15.95,17.79,1.83
AVIR,98.79,102.56,110.07,107.84,93.4,93.81,83,79,13,68,3.38,0.56,3.45,3.18,0.75
CCK,98.78,98.87,118.37,115.53,115.1,97.67,83,84,80,71,101.48,0.79,102.39,92.27,0.8
TCX,98.72,98.72,122.17,105.79,103.51,78.38,83,77,19,6,19.9,0.58,20.09,17.94,0.74
KNOP,98.71,103.41,102.07,116.49,127.84,91.76,83,85,87,12,6.92,0.72,6.77,6.16,0.33
SVIIU,98.69,100.91,98.01,102.43,118.46,95.4,83,74,83,69,12.89,1.0,11.91,11.59,0.0
GLP,98.67,101.91,102.23,110.53,129.02,118.9,83,81,88,84,50.21,0.66,51.79,50.35,1.61
EWBC,98.62,100.17,124.95,122.13,111.11,133.66,83,87,24,90,99.11,0.74,99.69,94.87,0.98
GIL,98.59,102.29,110.31,110.43,123.64,117.51,83,81,86,83,51.58,0.82,49.8,48.19,0.7
OTEX,98.58,98.58,97.16,98.62,94.75,87.14,83,18,13,9,30.91,0.79,28.88,27.89,2.3
ATEN,98.57,105.62,114.06,116.68,133.93,132.77,83,85,89,89,17.41,0.56,18.42,17.81,1.15
ADAG,98.55,106.09,96.76,92.35,80.1,101.92,83,13,7,74,2.17,0.37,1.94,1.97,0.2
STEM,98.51,100.77,147.84,124.29,101.19,137.77,83,88,17,90,12.72,0.37,10.6,9.96,0.9
GIFI,98.5,98.54,104.11,105.73,113.62,120.3,83,77,26,85,6.82,0.74,6.83,6.68,0.97
PCB,98.5,100.03,114.81,113.71,115.92,116.61,83,83,81,83,20.83,0.77,20.54,19.5,0.39
BOWN,98.49,99.48,100.69,207.88,197.75,95.25,83,96,96,69,9.19,0.54,9.93,8.95,0.0
HMST,98.49,104.56,104.61,120.27,112.42,98.0,83,86,25,71,12.66,0.55,12.93,11.43,0.95
RDWR,98.48,105.3,130.91,130.91,120.16,111.79,83,90,84,80,24.58,0.45,27.18,23.69,0.43
SLAB,98.46,103.92,122.42,119.71,125.92,118.24,83,86,87,84,125.42,0.54,137.68,125.26,0.72
DYNXU,98.45,101.61,107.6,100.42,114.6,92.57,83,72,80,40,11.98,0.56,10.87,10.27,0.32
FDSB,98.44,101.34,99.16,105.47,112.39,100.39,83,77,25,73,13.1,0.9,12.68,12.42,0.11
CDZIP,98.43,103.42,103.42,126.11,141.12,128.33,83,88,91,88,17.61,0.87,16.9,16.55,0.49
HIG,98.39,99.86,99.4,119.02,121.02,109.17,83,86,84,79,128.16,0.89,125.04,118.43,0.59
EFC,98.27,98.97,104.38,112.59,122.21,100.31,83,82,85,73,12.98,0.76,12.8,12.12,1.23
LUD,98.25,101.7,127.69,106.59,114.01,92.57,83,78,53,40,5.32,0.36,5.05,4.56,0.36
PNR,98.23,100.54,112.3,110.08,102.28,122.54,83,80,18,86,102.72,0.83,102.07,97.67,0.72
OGE,98.2,101.26,100.92,113.75,130.81,107.91,83,83,88,78,45.37,0.94,44.28,42.86,0.85
GEVO,98.14,103.82,129.47,128.52,174.26,265.09,83,89,95,97,1.18,0.24,1.34,1.53,0.59
LYTS,98.13,100.19,101.64,97.59,119.67,142.47,83,17,84,91,18.35,0.4,17.26,17.97,0.49
ST,98.11,101.66,114.16,112.08,85.09,80.76,83,82,9,7,29.45,0.58,29.92,28.08,0.7
PEG,98.03,101.59,101.25,101.03,114.86,116.15,83,73,80,83,87.68,0.7,83.46,83.03,0.83
ALL,98.0,98.56,97.79,112.77,119.8,111.21,83,83,84,80,206.8,0.89,198.71,195.43,0.7
DHI,98.0,98.0,93.56,87.57,95.44,97.9,83,11,14,71,156.5,0.52,133.4,137.68,0.86
TEM,97.98,105.29,135.95,156.39,151.67,122.32,83,94,93,86,60.87,0.5,62.07,54.62,2.46
VLGEA,97.91,97.91,107.36,121.41,141.76,114.08,83,87,91,81,34.88,0.67,36.9,33.99,0.26
KYMR,97.88,104.07,136.3,129.21,86.81,148.4,83,89,10,92,40.62,0.62,44.48,39.13,0.93
HSII,97.81,103.07,112.49,111.75,121.98,130.13,83,82,85,89,45.24,0.75,45.19,43.6,0.66
ALHC,97.8,97.8,100.36,152.07,263.08,173.34,83,93,98,95,14.51,0.54,13.8,14.26,0.68
DGX,97.63,97.63,102.4,117.01,129.55,102.86,83,85,88,74,176.96,0.89,173.51,165.08,0.58
KEYS,97.6,97.6,102.1,102.9,111.29,107.56,83,75,25,78,164.96,0.69,162.81,160.3,0.87
GRC,97.59,103.77,100.17,103.51,103.51,106.05,83,75,19,76,41.17,0.85,38.02,37.76,0.76
CRON,97.56,100.39,95.93,93.78,91.01,82.79,83,14,12,7,2.3,0.82,2.0,1.97,2.25
FUSB,97.55,102.9,102.0,112.26,142.71,122.09,83,82,92,85,12.85,0.71,12.83,12.77,0.67
VACHU,97.47,100.87,100.87,101.39,115.05,92.83,83,73,80,67,11.5,1.0,10.89,10.35,0.0
SHIP,97.45,101.37,93.47,82.57,89.21,104.97,83,8,11,76,7.43,0.36,6.72,6.85,0.72
CNH,97.44,99.83,115.59,116.8,121.05,107.48,83,85,84,78,12.43,0.7,12.93,12.13,0.52
NTIP,97.42,100.2,99.82,90.24,96.59,81.84,83,12,15,7,1.43,0.49,1.31,1.29,0.4
TJX,97.42,98.27,95.53,115.74,123.0,106.85,83,84,85,77,131.37,0.87,125.52,123.03,0.92
INSW,97.37,100.0,96.87,100.31,86.15,78.96,83,72,9,6,42.86,0.65,39.12,36.6,2.07
MNSO,97.35,101.47,98.38,120.24,116.52,131.66,83,86,82,89,20.14,0.51,18.28,19.66,0.34
VIPS,97.3,101.93,109.96,106.4,121.09,91.42,83,78,84,12,15.34,0.71,15.09,14.22,1.23
SPFI,97.29,98.89,113.41,107.87,118.15,122.99,83,79,83,86,36.72,0.59,36.93,35.29,0.84
ANSCU,97.26,102.38,102.38,101.78,117.15,94.94,83,74,82,68,11.64,0.83,10.86,10.7,0.0
CCBG,97.17,99.26,115.87,116.27,125.3,117.67,83,84,86,83,39.11,0.75,39.2,37.03,0.87
VICR,97.15,99.95,103.8,101.28,144.0,141.42,83,73,92,91,46.84,0.41,45.75,49.36,1.05
RBOT,97.1,99.1,163.2,104.22,172.3,189.32,83,76,95,95,9.32,0.38,8.66,9.93,0.45
QUAD,97.06,109.28,99.38,106.56,126.09,161.38,82,78,87,94,6.23,0.47,5.65,6.08,1.09
ABT,97.05,98.13,103.5,115.08,131.15,104.88,82,84,89,76,134.28,0.86,131.35,125.1,0.75
TU,97.0,97.17,104.54,107.69,114.21,84.23,82,79,79,8,16.08,0.85,16.18,14.89,0.81
NTRA,96.98,96.98,106.53,128.42,153.91,172.68,82,89,93,95,151.95,0.67,155.28,154.76,2.69
PHVS,96.91,105.56,147.46,100.36,97.67,109.16,82,72,15,79,20.12,0.62,19.16,18.2,1.03
PRQR,96.89,96.89,143.8,122.93,97.18,181.93,82,87,15,95,2.17,0.31,2.07,2.3,1.1
PLUT,96.88,109.15,101.97,89.5,114.01,92.57,82,12,53,40,3.27,0.56,2.7,2.89,0.34
HUMA,96.88,96.88,99.77,90.91,79.2,121.11,82,12,7,85,2.48,0.19,2.41,3.26,2.47
PW,96.85,106.98,100.75,123.69,140.76,237.63,82,88,91,97,1.35,0.36,1.16,1.18,1.1
HBT,96.85,98.97,112.29,113.59,120.83,113.66,82,83,84,81,24.39,0.71,24.65,23.24,0.73
BGC,96.83,96.83,108.15,110.5,111.19,122.39,82,81,24,86,10.17,0.68,9.9,9.47,0.69
PNC,96.78,97.98,106.73,106.51,105.79,122.17,82,78,20,85,189.74,0.69,185.96,183.12,0.45
MKL,96.76,101.89,107.0,110.72,119.26,118.9,82,81,84,84,1910.42,0.74,1972.87,1832.57,0.91
MWA,96.76,102.05,102.24,112.68,143.46,135.12,82,82,92,90,25.61,0.71,24.52,24.56,0.67
IBM,96.74,102.88,121.5,129.02,128.18,126.23,82,89,88,87,242.27,0.55,273.23,243.26,1.46
AAPL,96.74,96.74,90.02,96.49,110.12,113.11,82,16,24,81,229.35,0.66,206.67,220.78,2.0
HLMN,96.66,103.47,82.45,81.63,97.45,112.34,82,8,15,80,9.83,0.65,7.69,9.07,0.83
BYSI,96.65,106.26,134.82,164.87,110.85,108.88,82,94,24,79,2.0,0.39,2.24,1.84,0.31
NVS,96.6,98.64,105.13,108.37,123.57,92.03,82,79,85,12,116.84,0.77,118.07,107.7,0.96
OVLY,96.59,96.59,103.79,102.48,110.65,109.43,82,74,24,79,27.45,0.55,26.67,26.51,1.06
AGNC,96.56,101.41,100.11,97.75,115.82,101.86,82,17,81,74,9.45,0.84,9.18,8.9,0.48
IBN,96.45,99.2,100.18,120.96,132.16,103.71,82,87,89,75,32.87,0.78,33.49,31.27,0.43
PKST,96.44,111.58,112.3,109.05,117.86,90.92,82,80,83,12,12.08,0.44,13.3,11.98,6.0
SSD,96.44,99.2,98.09,92.31,93.93,95.84,82,13,13,69,181.31,0.74,163.35,165.61,0.71
FOR,96.43,98.92,94.76,77.72,78.54,86.11,82,7,7,9,26.0,0.47,21.94,23.74,0.93
PKX,96.39,98.14,106.74,100.01,95.07,68.26,82,71,14,4,53.67,0.45,52.4,48.67,0.8
TRV,96.38,98.34,99.56,117.63,123.22,112.67,82,85,85,81,264.87,0.85,263.42,254.57,0.72
GSIT,96.37,114.99,171.72,155.04,126.14,114.98,82,93,87,82,3.3,0.38,3.89,3.19,0.84
BCML,96.31,97.65,110.33,112.21,123.26,121.84,82,82,85,85,27.21,0.77,27.38,26.62,0.35
EH,96.3,96.3,118.79,114.95,177.08,123.82,82,84,95,86,17.89,0.42,17.34,17.85,0.54
HBCP,96.26,98.21,121.31,119.32,123.39,116.19,82,86,85,83,50.62,0.68,52.35,48.37,0.41
TRX,96.22,96.22,95.61,97.16,99.35,82.17,82,17,16,7,0.37,0.67,0.34,0.33,0.93
HSY,96.11,104.05,102.53,99.15,108.2,85.73,82,18,22,9,184.27,0.75,173.17,167.69,0.91
MCK,96.11,105.22,108.08,122.1,138.91,106.1,82,87,91,77,668.58,0.74,713.81,646.92,1.72
SKM,96.1,96.1,96.47,103.33,120.47,97.57,82,75,84,71,22.66,0.73,22.2,21.47,0.8
APO,96.1,100.17,104.41,105.97,117.96,145.2,82,77,83,92,141.97,0.53,141.46,148.19,1.04
OBK,96.08,98.56,109.72,106.16,115.22,114.58,82,78,81,82,35.69,0.57,36.1,34.84,0.68
USAC,96.08,96.08,99.12,107.64,121.52,117.14,82,79,85,83,24.35,0.56,24.22,23.77,1.15
TRMK,96.07,97.4,109.92,108.81,113.85,125.01,82,80,26,87,36.95,0.76,36.56,35.56,0.51
BJ,96.07,100.63,100.63,127.4,152.71,118.09,82,89,93,84,108.12,0.73,108.51,104.0,0.93
CIX,96.07,100.91,108.48,105.98,109.07,118.55,82,77,23,84,27.01,0.59,24.89,25.11,1.26
EQNR,96.06,101.84,104.69,110.89,113.47,93.33,82,81,26,67,24.5,0.48,25.66,23.8,1.37
VICI,96.05,101.38,103.1,106.43,121.91,96.11,82,78,85,69,32.9,0.84,32.57,30.93,0.75
MCHP,96.05,106.18,127.88,126.95,78.42,76.87,82,89,7,6,61.87,0.59,69.18,59.71,2.18
VMC,96.02,96.02,100.04,104.58,102.42,105.38,82,76,18,76,286.52,0.94,267.19,261.96,0.63
DHT,96.0,99.1,98.64,114.0,114.13,101.55,82,83,79,74,11.43,0.79,11.3,10.5,0.96
TCRT,95.96,117.03,164.52,218.1,138.5,48.73,82,97,91,2,2.47,0.28,3.57,2.46,1.75
TIPT,95.9,95.9,99.3,114.81,135.86,110.56,82,84,90,79,21.68,0.58,22.15,21.51,0.7
EPM,95.88,96.27,96.57,99.01,103.68,102.73,82,18,19,74,4.8,0.48,4.81,4.84,0.65
PAPL,95.84,95.84,62.91,21.36,52.26,55.13,82,1,2,2,4.9,0.21,2.28,6.56,27.26
CAMT,95.8,112.77,114.45,113.39,97.69,112.87,82,83,15,81,83.14,0.58,83.88,77.24,0.65
FONR,95.78,99.26,102.58,95.68,91.59,86.18,82,15,12,9,15.41,0.59,15.2,14.7,0.5
SCOR,95.75,97.49,78.85,68.06,86.2,90.87,82,4,9,12,6.99,0.63,5.25,6.02,1.79
BXMT,95.73,98.25,105.29,111.1,119.3,97.3,82,81,84,70,18.88,0.73,19.11,18.29,0.71
ENIC,95.67,100.16,113.96,137.51,137.36,106.86,82,91,90,77,3.29,0.64,3.46,3.11,0.42
NUE,95.67,95.95,101.71,101.12,91.12,85.71,82,73,12,9,138.98,0.58,132.35,128.93,0.48
CACI,95.66,96.95,101.82,119.96,111.17,120.81,82,86,24,85,494.89,0.68,464.65,438.98,0.94
FCCO,95.66,96.22,111.36,113.32,127.59,124.01,82,83,87,86,24.95,0.7,24.15,23.8,0.29
TMUS,95.63,98.15,99.76,119.01,147.23,123.6,81,86,92,86,244.98,0.68,235.23,239.41,0.92
SPHR,95.59,106.31,122.87,111.56,105.48,105.6,81,82,20,76,40.29,0.62,41.44,38.95,1.82
LNN,95.57,97.42,107.49,111.05,114.89,104.36,81,81,80,75,135.87,0.66,138.35,130.86,0.26
ORI,95.56,95.56,100.15,116.35,131.38,110.66,81,85,89,79,37.36,0.76,37.07,36.1,0.66
NWS,95.53,101.31,105.93,111.34,114.87,110.6,81,81,80,79,32.95,0.76,33.33,31.74,1.14
LOAN,95.51,99.41,101.6,100.42,118.51,104.88,81,72,83,76,5.49,0.78,5.31,5.24,2.07
TISI,95.5,98.31,114.12,180.22,221.98,238.22,81,96,97,97,16.78,0.47,18.21,17.78,0.1
NVRI,95.49,97.15,120.72,107.91,103.04,100.92,81,79,18,73,8.65,0.53,8.76,7.84,1.55
CTSO,95.48,95.48,96.45,126.16,128.96,99.02,81,88,88,72,1.0,0.32,1.04,1.0,0.51
MCHPP,95.47,102.92,115.59,113.1,114.01,92.57,81,83,53,40,58.18,0.65,64.3,56.68,0.96
APWC,95.47,102.72,108.18,106.73,118.0,124.53,81,78,83,87,1.72,0.55,1.71,1.62,0.26
STEP,95.42,96.71,110.9,112.39,121.32,156.06,81,82,85,93,58.47,0.63,57.74,57.52,1.59
OCS,95.38,99.49,115.64,127.86,150.43,163.88,81,89,93,94,18.21,0.59,18.72,18.43,0.23
PKBK,95.37,97.58,107.44,105.28,113.02,115.19,81,77,26,82,20.79,0.62,20.4,19.96,0.39
BATRK,95.35,100.82,108.41,111.05,106.99,89.46,81,81,21,11,43.76,0.72,44.66,40.75,0.97
EPD,95.32,97.75,99.11,106.48,120.83,111.69,81,78,84,80,31.44,0.76,30.9,30.75,1.32
KE,95.32,100.53,108.58,108.51,96.02,85.41,81,79,14,9,19.92,0.85,19.16,17.97,0.89
CMRE,95.31,101.34,85.26,75.22,83.65,107.79,81,6,8,78,10.66,0.45,9.34,10.57,0.9
FYBR,95.31,97.46,100.12,115.75,136.37,123.46,81,84,90,86,36.58,0.81,36.5,35.83,0.61
MTW,95.29,120.16,136.85,128.54,96.45,80.71,81,89,15,7,10.45,0.52,12.07,10.22,3.53
EDN,95.29,105.79,102.67,140.07,166.89,221.85,81,92,95,97,28.26,0.39,28.11,33.62,1.16
CDRO,95.28,103.05,106.93,113.5,115.04,131.01,81,83,80,89,8.31,0.86,8.04,7.48,0.36
GSRTU,95.26,99.03,99.03,106.06,114.96,92.57,81,78,80,40,11.75,0.88,11.73,10.62,0.0
SBCF,95.25,99.09,110.64,106.94,104.3,111.03,81,78,19,80,27.58,0.68,27.4,26.74,1.17
SUPV,95.24,102.92,103.83,168.38,206.1,317.15,81,95,97,98,10.96,0.4,10.94,12.98,0.9
GCMG,95.24,95.24,92.27,109.13,129.62,120.97,81,80,88,85,12.59,0.63,11.92,12.37,2.88
CLST,95.22,97.19,97.31,103.68,109.87,94.79,81,75,23,68,12.57,0.92,12.32,11.78,0.18
VZ,95.22,97.94,97.94,112.14,121.17,99.46,81,82,85,72,43.15,0.78,42.34,41.12,0.71
MNSBP,95.2,99.34,101.62,106.32,123.71,102.28,81,78,86,74,24.5,0.8,24.03,23.48,0.0
NCDL,95.19,95.19,101.28,97.41,110.37,95.8,81,17,24,69,16.25,0.7,16.29,15.88,0.46
JXN,95.12,98.69,101.32,101.87,112.59,154.26,81,74,25,93,90.56,0.51,86.15,87.27,0.94
WTI,95.08,106.49,106.83,127.22,89.08,74.79,81,89,11,5,1.73,0.38,1.78,1.66,0.54
V,95.08,100.09,105.46,117.33,123.77,112.08,81,85,86,80,336.78,0.69,353.37,334.51,0.89
HIMX,95.07,115.28,130.41,128.17,184.5,188.78,81,89,96,95,7.27,0.31,8.86,7.82,1.2
YOSH,95.04,132.62,156.52,365.7,519.14,130.68,81,98,99,89,1.71,0.23,2.51,2.29,0.49
BMRC,95.0,95.55,118.26,118.59,123.52,130.82,81,86,85,89,22.19,0.6,22.98,22.65,0.58
PDS,94.87,96.5,96.29,89.75,77.58,95.08,81,12,6,69,54.9,0.47,50.24,52.64,0.54
CCNEP,94.87,97.67,97.75,106.26,122.82,104.0,81,78,85,75,24.79,0.91,24.67,24.13,0.0
AFG,94.87,94.87,92.06,100.22,110.6,108.38,81,72,24,78,129.34,0.49,124.9,126.88,1.38
DMYY,94.86,103.89,106.06,137.57,126.78,93.17,81,91,87,67,12.5,0.45,13.34,11.77,1.33
PESI,94.85,96.92,120.92,116.3,85.17,135.61,81,85,9,90,11.18,0.52,10.92,10.44,0.62
KSS,94.84,104.71,118.19,77.63,66.33,73.5,81,7,4,5,11.12,0.37,9.69,11.17,0.35
KALV,94.81,99.95,132.21,126.46,133.23,80.59,81,89,89,7,12.41,0.58,13.55,11.34,0.43
EVAX,94.79,95.97,92.82,77.9,32.59,59.47,81,7,1,3,2.83,0.1,2.63,3.98,0.36
SBFG,94.76,97.09,99.63,109.64,136.57,135.64,81,80,90,90,20.69,0.66,18.94,19.96,0.34
RSG,94.75,96.84,102.0,121.99,133.67,104.77,81,87,89,76,235.21,0.64,243.97,228.52,0.51
FNB,94.75,96.89,110.05,109.34,100.34,113.23,81,80,17,81,14.94,0.65,14.86,14.52,0.49
ALK,94.73,99.6,106.69,105.61,160.37,164.76,81,77,94,94,52.28,0.44,51.15,55.82,0.68
STE,94.73,94.73,94.71,109.61,112.86,91.57,81,80,26,12,242.85,0.82,234.42,223.8,1.37
FMS,94.71,103.4,114.59,136.36,131.71,113.35,81,91,89,81,24.07,0.54,27.19,24.2,1.04
ALB,94.68,94.68,102.94,82.46,80.4,95.1,81,8,7,69,75.48,0.42,66.86,77.09,1.71
BWB,94.67,94.95,115.17,115.69,119.36,110.24,81,84,84,79,15.61,0.7,15.69,14.66,0.53
TGLS,94.65,105.76,104.76,133.03,127.85,147.87,81,90,87,92,74.35,0.66,78.56,76.03,1.65
WAY,94.63,99.82,113.03,129.96,133.37,120.6,81,90,89,85,34.59,0.55,37.95,36.88,0.94
VALE,94.6,94.6,95.89,96.05,104.11,75.21,81,16,19,5,10.22,0.64,9.72,9.45,0.9
XP,94.56,100.62,121.49,128.08,109.17,70.84,81,89,23,4,17.32,0.66,18.54,15.61,0.5
ATLO,94.55,96.9,96.37,97.52,109.22,92.04,80,17,23,12,18.51,0.95,17.98,17.39,0.37
UMBF,94.52,97.25,106.11,104.54,107.76,131.37,80,76,21,89,110.18,0.6,106.58,108.27,0.66
TFC,94.51,95.56,106.46,105.96,106.78,113.85,80,77,21,81,43.07,0.73,42.23,41.89,0.7
AGNCO,94.5,98.25,98.25,105.1,118.06,99.12,80,77,83,72,25.5,0.94,25.2,24.38,0.45
VTMX,94.5,96.5,96.5,109.55,103.14,81.9,80,80,19,7,28.45,0.85,27.23,25.45,0.3
WLFC,94.49,97.12,101.18,123.03,214.02,291.37,80,87,97,98,149.53,0.42,141.16,170.91,0.48
AIZ,94.47,97.35,91.27,102.59,111.59,111.28,80,74,25,80,203.27,0.61,194.05,202.07,0.77
DGII,94.42,103.94,120.87,120.87,109.41,114.72,80,87,23,82,31.85,0.68,33.62,31.34,1.25
ASB,94.41,96.58,112.63,111.04,106.08,120.66,80,81,20,85,24.0,0.61,24.45,23.72,0.79
AWK,94.4,97.41,97.14,112.45,129.75,93.54,80,82,88,67,145.36,0.82,141.5,136.25,1.47
FTHM,94.39,94.39,118.68,110.15,56.11,76.81,80,80,3,6,1.32,0.27,1.27,1.35,1.25
BG,94.35,94.72,84.62,98.45,95.03,83.1,80,18,14,8,82.94,0.49,78.56,78.21,0.76
GNTX,94.31,96.56,97.48,81.2,81.19,85.98,80,8,8,9,26.62,0.59,23.25,25.18,0.79
SRE,94.26,96.71,94.89,99.88,99.24,110.18,80,71,16,79,81.71,0.63,76.96,78.47,0.95
SCCO,94.23,94.23,98.28,98.8,100.78,102.72,80,18,17,74,100.1,0.6,97.42,95.13,0.8
TDG,94.23,107.61,109.18,111.16,114.64,106.56,80,81,80,77,1389.77,0.52,1507.19,1376.15,1.48
ABBV,94.21,97.0,98.08,101.81,123.8,100.97,80,74,86,73,198.05,0.72,188.63,185.07,0.7
ECBK,94.21,95.63,103.05,120.63,127.31,105.02,80,87,87,76,15.75,0.75,15.73,15.21,0.41
RITR,94.19,94.19,118.24,168.53,117.92,91.87,80,95,83,12,4.02,0.28,4.64,4.11,0.16
INVX,94.18,98.22,98.05,98.87,117.2,89.02,80,18,82,11,16.2,0.56,15.95,15.87,0.82
EVTC,94.11,94.97,97.31,109.16,108.61,89.55,80,80,22,11,35.7,0.62,35.4,34.74,0.71
FWONA,94.1,101.57,113.89,117.5,125.05,121.43,80,85,86,85,85.67,0.65,90.96,84.38,0.85
PCH,94.08,96.76,94.31,93.47,112.38,97.21,80,14,25,70,42.75,0.63,40.11,40.95,0.52
HXL,94.07,96.83,97.24,90.25,92.87,96.49,80,12,12,70,60.32,0.57,57.75,58.67,0.67
ALOT,94.07,97.08,94.8,101.49,74.86,92.92,80,73,6,67,11.49,0.4,10.48,11.22,0.11
AXSM,94.06,96.25,113.36,118.19,152.01,117.56,80,86,93,83,104.8,0.43,105.89,105.12,0.47
BEEP,94.05,99.49,106.45,126.69,131.41,127.78,80,89,89,88,3.65,0.5,3.98,3.83,0.41
FITB,94.04,94.7,105.67,103.6,102.57,121.79,80,75,18,85,41.64,0.61,41.01,40.95,0.54
AGNCN,94.0,96.85,96.59,105.08,117.32,98.67,80,77,82,72,25.78,0.96,25.31,24.66,0.34
CBAN,93.96,95.49,112.28,111.85,125.29,127.12,80,82,86,87,15.94,0.64,16.28,16.02,0.65
RLMD,93.96,99.4,125.07,152.4,92.63,92.01,80,93,12,12,0.59,0.1,0.66,0.89,0.26
AMRC,93.95,129.64,112.51,88.56,68.01,91.32,80,11,4,12,20.11,0.38,16.83,18.87,0.9
FRO,93.95,100.47,99.92,109.22,95.1,81.14,80,80,14,7,19.14,0.54,18.34,16.84,1.09
TEX,93.92,97.88,113.72,105.98,79.52,89.53,80,77,7,11,48.59,0.64,48.46,45.77,0.9
RADX,93.9,106.01,106.01,100.6,114.64,92.57,80,72,80,40,4.68,0.06,4.67,4.97,0.38
LMAT,93.89,97.01,88.45,93.25,116.37,131.97,80,14,82,89,92.28,0.49,83.29,89.68,1.0
CLGN,93.89,93.89,72.82,103.75,72.43,78.24,80,76,5,6,2.85,0.37,1.97,2.96,0.16
CARE,93.86,93.86,105.69,101.33,110.32,124.12,80,73,24,86,17.41,0.55,17.32,17.19,0.71
GNE,93.85,121.93,135.29,176.4,108.92,83.25,80,95,23,8,16.17,0.17,22.65,17.09,1.23
MGRC,93.85,98.22,103.88,101.17,107.06,101.05,80,73,21,73,117.9,0.68,117.05,114.91,0.64
ABEV,93.83,96.41,104.2,126.61,135.57,83.71,80,89,90,8,2.26,0.64,2.38,2.17,0.46
ETNB,93.82,100.21,155.12,129.1,117.28,116.94,80,89,82,83,9.16,0.63,9.99,8.68,1.11
KVHI,93.72,96.82,97.66,102.25,116.29,116.51,80,74,82,83,5.28,0.51,5.31,5.35,1.89
MFC,93.72,98.18,97.8,115.35,118.16,122.21,80,84,83,86,30.09,0.75,31.23,30.35,1.65
KO,93.64,94.08,96.13,111.72,127.31,91.44,80,82,87,12,70.34,0.77,70.08,67.17,0.58
HSPO,93.62,96.44,96.44,104.7,121.53,98.21,80,76,85,71,12.19,0.78,12.1,11.73,0.05
HQY,93.62,93.62,108.57,117.23,124.8,125.05,80,85,86,87,93.05,0.52,100.31,97.67,0.58
EC,93.58,96.0,97.24,108.55,120.55,94.84,80,79,84,68,8.55,0.59,8.92,8.28,1.28
GNL,93.58,93.58,97.76,115.96,120.2,90.21,80,84,84,11,7.68,0.86,7.28,7.13,1.63
NAT,93.54,94.47,91.42,97.03,88.34,75.52,80,17,10,5,2.87,0.51,2.73,2.62,0.82
INVE,93.53,94.63,94.5,92.35,88.94,83.01,80,13,11,8,3.58,0.5,3.36,3.48,0.58
SMRT,93.52,93.52,79.29,67.96,77.05,77.69,80,4,6,6,1.27,0.44,0.99,1.26,0.93
ATMC,93.47,95.91,96.53,103.5,118.36,94.75,80,75,83,68,12.1,0.85,11.85,11.58,0.07
ARLP,93.4,98.54,100.68,111.03,128.03,119.23,80,81,88,84,25.29,0.7,25.83,25.2,1.49
NMM,93.4,96.5,92.74,87.19,95.32,132.62,80,11,14,89,44.3,0.43,40.23,42.22,0.47
ESNT,93.38,93.38,93.2,103.08,108.26,95.56,80,75,22,69,60.27,0.69,58.09,56.62,1.92
MITK,93.37,93.37,102.5,102.56,94.77,98.12,80,74,13,71,9.94,0.65,9.65,9.41,2.5
OGS,93.29,93.29,96.04,118.02,125.47,111.84,80,86,87,80,75.22,0.66,73.23,72.62,0.98
NSTS,93.28,99.21,100.08,112.99,123.54,115.99,79,83,85,82,12.14,0.71,12.23,11.83,0.14
SKT,93.24,97.34,95.14,102.11,115.57,117.39,79,74,81,83,31.66,0.56,30.58,32.16,0.82
MTSI,93.23,113.08,115.74,121.42,106.98,129.47,79,87,21,88,120.94,0.54,135.02,124.38,3.17
OVV,93.22,95.89,98.59,96.77,106.18,95.49,79,16,21,69,39.9,0.61,39.68,39.77,0.84
GPI,93.15,96.16,117.73,114.33,128.01,131.97,79,83,88,89,421.61,0.58,434.46,423.05,0.67
BHP,93.11,93.11,96.17,94.79,98.72,85.65,79,15,16,9,52.86,0.6,50.34,49.84,0.67
BFRI,93.08,111.04,111.19,73.28,122.81,98.46,79,6,85,71,0.95,0.46,0.79,0.89,0.16
VLRS,93.08,101.69,101.69,74.01,103.45,113.69,79,6,19,81,5.59,0.37,4.9,6.21,0.47
AKA,93.07,93.98,87.79,84.53,98.66,159.02,79,9,16,93,12.12,0.21,11.61,15.14,1.13
FGI,93.04,112.33,130.81,92.11,97.25,76.56,79,13,15,6,3.89,0.53,3.6,3.79,4.67
RNST,93.04,97.08,115.91,108.31,110.0,109.95,79,79,24,79,35.72,0.7,36.47,35.11,0.65
GATX,93.04,94.28,99.8,101.82,117.26,113.36,79,74,82,81,151.26,0.62,154.61,153.41,0.43
PZZA,93.03,102.25,112.39,107.15,98.02,85.69,79,78,16,9,43.32,0.5,46.45,43.26,0.75
BPYPO,93.02,95.6,98.94,106.97,113.36,114.71,79,78,26,82,14.61,0.69,14.56,14.31,0.64
ROIV,93.0,94.4,98.03,99.54,105.9,100.91,79,71,20,73,11.49,0.66,11.34,11.17,0.57
HSPOU,92.97,96.77,96.55,104.99,117.37,98.77,79,77,83,72,12.21,0.69,12.15,11.75,0.0
TCBIO,92.94,96.4,100.65,101.61,110.58,99.71,79,73,24,72,20.62,0.74,20.57,19.94,0.15
AC,92.94,97.72,102.02,110.06,117.63,102.54,79,80,83,74,36.37,0.57,37.34,36.34,1.01
IVR,92.93,96.78,98.3,96.03,110.66,100.29,79,16,24,73,7.61,0.73,7.47,7.36,0.57
HAFN,92.86,102.21,98.59,103.93,88.05,86.68,79,76,10,9,5.51,0.56,5.33,5.0,1.09
PROV,92.86,96.28,102.09,107.27,114.61,114.67,79,79,80,82,15.26,0.73,15.47,15.19,0.25
ESHA,92.85,94.12,94.12,102.6,116.11,102.06,79,74,81,74,11.28,0.56,11.03,10.89,2.94
AROC,92.84,93.66,96.84,116.46,131.47,141.67,79,85,89,91,23.22,0.46,23.91,24.45,0.85
SILA,92.82,94.74,94.74,106.6,121.78,93.5,79,78,85,67,25.39,0.78,24.48,24.53,0.35
HON,92.8,95.66,104.02,106.16,105.82,103.15,79,78,20,75,216.31,0.59,228.45,217.85,0.88
FTDR,92.8,110.98,124.64,133.12,123.85,141.88,79,90,86,91,54.88,0.7,57.72,52.86,0.87
VKTX,92.77,92.77,86.74,77.99,63.89,206.67,79,7,4,96,37.89,0.31,29.81,35.84,1.79
GES,92.77,93.86,97.11,93.31,73.06,74.37,79,14,5,5,13.85,0.46,12.4,12.44,0.51
DLR,92.76,98.5,102.12,110.26,107.34,118.84,79,81,21,84,169.91,0.62,174.02,167.52,0.53
RGCO,92.76,93.59,99.56,106.97,126.57,100.78,79,78,87,73,21.28,0.6,21.18,20.58,0.62
BAYAU,92.76,95.72,95.72,102.67,117.54,96.04,79,75,83,69,11.35,1.0,11.27,10.99,0.0
NWE,92.75,92.75,90.97,110.97,124.7,99.08,79,81,86,72,55.33,0.64,52.49,53.35,0.7
GDOT,92.75,98.65,110.58,120.15,92.33,102.86,79,86,12,74,9.64,0.48,10.26,9.55,0.82
AARD,92.75,97.48,120.04,121.42,114.01,92.57,79,87,53,40,11.99,0.49,12.47,11.11,0.46
FBIO,92.74,92.74,108.54,109.09,102.61,115.15,79,80,18,82,1.82,0.44,1.9,1.8,0.56
ZIONP,92.72,95.64,96.3,104.64,120.69,108.69,79,76,84,78,23.08,0.72,22.91,22.8,0.38
FOXF,92.72,101.42,98.11,85.67,68.83,63.4,79,10,5,3,28.07,0.38,27.36,27.51,2.41
GAU,92.71,92.71,97.02,112.91,115.46,125.4,79,83,81,87,1.52,0.63,1.4,1.35,1.0
MATW,92.68,102.34,104.31,100.8,92.01,113.73,79,72,12,81,23.58,0.41,23.54,24.1,1.12
ATMVU,92.66,95.69,95.69,101.82,114.36,95.0,79,74,80,68,11.85,0.58,11.85,11.48,0.0
WSBCP,92.65,95.19,95.19,104.12,119.5,98.44,79,76,84,71,25.19,1.0,24.92,24.38,0.23
ONBPO,92.63,95.14,95.1,102.89,114.87,96.51,79,75,80,70,25.1,0.98,24.55,24.12,1.3
MCD,92.63,95.36,95.02,111.37,124.17,95.11,79,82,86,69,305.45,0.76,299.36,298.84,0.69
EFSI,92.6,95.24,94.68,99.86,107.19,110.64,79,71,21,79,33.09,0.64,31.64,32.45,0.58
MRAM,92.56,92.66,111.24,112.0,100.07,90.64,79,82,17,11,5.98,0.61,6.29,5.96,0.52
OMCC,92.55,96.59,94.33,94.31,109.24,93.69,79,14,23,67,5.95,0.61,5.69,5.98,0.0
TARA,92.54,96.64,104.03,112.5,157.12,290.28,79,82,94,98,3.13,0.3,3.13,3.76,0.81
ONBPP,92.53,95.25,95.01,103.53,115.05,95.68,79,75,80,69,25.09,1.0,24.69,24.23,0.77
DFH,92.52,94.61,103.93,97.48,89.79,98.16,79,17,11,71,25.98,0.32,25.07,25.13,0.81
USB,92.52,93.54,104.9,105.07,99.6,114.87,79,77,17,82,44.86,0.56,45.0,44.98,0.55
CRAI,92.51,97.99,104.04,106.76,121.37,135.43,79,78,85,90,186.42,0.59,185.29,184.07,0.44
OGI,92.51,92.51,104.04,104.08,90.08,91.2,79,76,11,12,1.45,0.47,1.4,1.38,1.07
CNTY,92.49,103.13,117.47,100.69,94.16,144.44,79,72,13,91,2.21,0.27,2.29,2.64,0.77
BUD,92.49,92.82,105.53,122.07,131.18,80.03,79,87,89,7,61.99,0.63,68.02,59.76,0.83
HAYW,92.44,96.89,103.12,98.57,98.24,107.88,79,18,16,78,15.18,0.73,14.44,14.58,1.3
CGNT,92.44,98.46,100.97,135.15,136.08,138.38,79,91,90,90,8.85,0.5,9.51,9.01,0.8
RLYB,92.44,92.81,92.81,64.18,62.25,69.58,79,4,4,4,0.53,0.28,0.41,0.66,0.13
PPSI,92.41,95.02,104.58,81.88,98.47,124.53,78,8,16,87,3.21,0.34,2.92,3.48,0.49
TOL,92.4,94.45,97.47,92.65,88.63,125.82,78,13,10,87,125.78,0.47,115.62,121.42,0.55
FIBK,92.4,95.66,104.56,101.96,105.76,115.23,78,74,20,82,29.24,0.53,28.9,29.57,0.86
AFJK,92.4,96.12,96.12,104.44,119.29,95.7,78,76,84,69,11.21,0.9,11.18,10.91,0.0
OBDC,92.4,93.18,98.56,99.49,105.7,99.57,78,71,20,72,14.17,0.68,14.4,14.09,1.01
TFINP,92.38,95.42,95.87,101.06,112.83,102.87,78,73,26,74,22.42,0.81,21.98,21.92,1.12
EXPD,92.34,94.46,93.7,98.63,103.72,89.52,78,18,19,11,117.12,0.54,114.72,114.38,0.71
VCIC,92.33,93.35,93.35,101.12,114.55,92.57,78,73,80,40,10.72,1.0,10.41,10.19,0.0
MDWD,92.32,93.49,112.25,124.53,117.61,114.09,78,88,83,81,18.63,0.5,20.03,18.28,0.59
FAF,92.3,93.12,91.53,100.89,115.47,104.5,78,72,81,76,62.7,0.6,58.91,61.24,0.35
AUDC,92.3,97.03,99.38,96.23,119.49,107.79,78,16,84,78,9.85,0.47,9.72,9.64,0.82
HD,92.27,94.18,91.81,98.51,106.29,108.04,78,18,21,78,387.85,0.59,367.78,379.69,0.68
BRSP,92.23,95.37,94.52,96.59,104.11,96.18,78,16,19,69,5.33,0.67,5.07,5.27,1.02
COST,92.22,94.02,96.26,112.17,125.15,115.34,78,82,86,82,980.98,0.65,978.5,967.26,1.0
MFIC,92.2,93.74,99.97,96.25,100.8,97.69,78,16,17,71,12.59,0.65,12.7,12.55,0.97
ADSK,92.19,99.4,106.17,112.78,108.65,119.14,78,83,22,84,290.68,0.66,299.9,290.38,0.99
INDB,92.16,93.66,109.92,106.28,116.06,118.84,78,78,81,84,63.81,0.54,64.15,63.92,0.34
CYRX,92.14,121.18,108.96,103.16,84.21,93.6,78,75,9,67,7.56,0.61,7.15,6.92,1.37
BOTJ,92.11,94.37,100.85,115.0,128.68,123.13,78,84,88,86,13.94,0.54,14.0,13.89,0.0
PLL,92.1,92.1,88.63,77.11,93.6,104.3,78,7,13,75,9.0,0.4,6.87,8.38,1.37
LPAAU,92.09,95.08,95.08,101.15,115.48,93.29,78,73,81,67,10.56,0.76,10.55,10.27,0.0
MSBIP,92.08,94.67,94.67,101.0,109.4,97.52,78,73,23,71,24.26,0.87,23.34,23.41,0.39
KMB,92.06,93.43,91.91,103.29,117.89,94.09,78,75,83,68,136.16,0.59,131.19,132.56,0.68
VOYA,92.05,99.06,101.83,98.33,98.51,104.6,78,17,16,76,71.04,0.6,69.77,69.67,0.77
DYCQ,92.05,94.57,96.36,103.91,116.91,94.18,78,76,82,68,10.95,0.67,10.86,10.63,1.65
DRVN,92.04,99.57,107.34,126.59,129.16,114.32,78,89,88,82,16.58,0.66,17.38,16.67,1.18
MDU,91.96,98.35,96.41,114.85,116.89,139.98,78,84,82,91,16.51,0.52,16.76,17.08,2.05
DSGR,91.94,94.67,88.87,85.0,90.48,110.94,78,9,11,80,30.7,0.39,28.4,31.28,0.97
CLMT,91.93,105.55,116.75,105.63,89.8,127.73,78,77,11,88,14.37,0.37,15.58,16.23,1.11
CTRI,91.9,107.14,110.83,118.33,105.51,103.37,78,86,20,75,19.98,0.53,21.5,19.83,8.11
PFX,91.9,96.13,95.73,108.42,127.3,104.08,78,79,87,75,49.13,0.46,49.43,49.2,0.27
OPRA,91.88,94.94,119.07,119.93,143.02,142.57,78,86,92,91,15.92,0.46,17.91,17.59,0.66
OWL,91.88,92.05,98.76,98.75,113.62,133.4,78,18,26,89,19.75,0.39,19.32,20.81,1.21
ONFO,91.86,96.11,112.11,113.38,178.97,199.0,78,83,95,96,1.07,0.39,1.07,1.18,0.08
SRZN,91.86,102.6,99.06,91.97,126.33,146.3,78,13,87,92,9.56,0.29,8.99,10.23,0.67
TRGP,91.86,94.12,98.14,104.46,143.84,163.26,78,76,92,94,165.09,0.41,166.93,179.31,1.19
ELME,91.85,94.33,97.59,101.97,119.55,100.3,78,74,84,73,16.43,0.7,16.05,15.85,1.79
FORLU,91.81,94.7,94.7,102.09,117.61,94.08,78,74,83,68,11.54,1.0,11.45,11.21,0.0
ATS,91.79,102.3,102.03,105.4,90.67,89.66,78,77,11,11,28.18,0.61,30.61,28.77,0.89
ALE,91.73,94.94,94.94,103.56,119.58,99.76,78,75,84,72,65.61,0.84,65.19,64.27,1.81
GTM,91.7,96.76,104.47,96.19,97.2,96.57,78,16,15,70,9.82,0.43,10.22,10.2,1.19
SLF,91.67,100.96,104.1,117.79,116.14,104.48,78,85,81,76,56.54,0.53,63.31,58.89,2.5
KYTX,91.67,98.95,129.96,88.76,51.21,63.7,78,11,2,3,3.24,0.21,3.39,3.34,0.4
HOND,91.67,94.51,95.0,109.05,116.65,92.79,78,80,82,67,10.88,0.47,11.26,10.53,0.11
XOMA,91.65,100.95,106.68,109.49,97.89,126.52,78,80,15,87,26.5,0.51,25.89,25.74,0.74
SIM,91.64,96.21,94.71,99.14,108.87,84.31,78,18,23,8,27.79,0.76,27.6,26.76,0.0
GPATU,91.64,94.7,94.7,104.46,116.07,92.94,78,76,81,67,10.66,0.67,10.64,10.4,0.0
SIMAU,91.63,93.87,93.8,101.37,115.86,93.48,78,73,81,67,10.5,0.48,10.5,10.26,0.0
HBANM,91.62,93.35,92.88,102.29,110.58,105.1,78,74,24,76,23.1,0.56,22.21,22.42,0.19
RDACU,91.57,94.55,94.55,100.08,114.45,93.13,78,71,80,67,10.65,1.0,10.42,10.26,0.0
BPYPP,91.57,93.37,95.94,103.69,110.46,111.15,78,75,24,80,14.8,0.52,14.63,14.54,0.82
SGA,91.57,95.56,99.38,98.35,97.66,70.69,78,18,15,4,12.9,0.55,12.81,12.05,0.57
ANAB,91.53,99.1,124.37,115.64,109.51,90.43,78,84,23,11,21.03,0.31,24.13,20.38,1.77
FVCB,91.52,95.66,110.1,107.66,98.33,107.12,78,79,16,77,12.28,0.56,12.29,12.01,0.51
ALFUU,91.5,94.34,95.33,103.38,115.85,93.71,78,75,81,67,10.6,0.6,10.71,10.38,0.0
AON,91.47,92.5,97.65,103.67,125.38,107.17,78,75,86,77,366.4,0.51,357.92,368.81,0.8
BKU,91.46,92.41,106.46,104.64,116.27,125.09,78,76,82,87,36.05,0.54,35.86,36.15,0.59
UCB,91.42,94.12,109.81,105.94,110.75,114.57,78,77,24,82,29.7,0.59,30.01,29.92,0.69
LEGT,91.4,94.2,94.2,103.03,117.34,93.94,77,75,83,68,10.73,0.98,10.69,10.47,0.0
CHGG,91.38,104.26,158.39,130.54,57.32,70.16,77,90,3,4,1.14,0.31,1.36,1.33,0.56
ALF,91.37,93.67,93.22,101.96,115.25,93.01,77,74,81,67,10.53,0.84,10.53,10.28,0.01
UBFO,91.37,91.37,101.41,111.34,116.76,120.91,77,81,82,85,8.78,0.58,8.56,8.92,0.3
PSBD,91.37,92.7,92.98,95.76,99.94,94.09,77,16,17,68,13.77,0.61,13.88,14.01,0.54
MAC,91.36,94.88,97.05,95.01,112.63,129.33,77,15,25,88,16.69,0.42,16.43,17.6,1.17
HYAC,91.36,94.4,94.4,102.85,118.23,95.03,77,75,83,68,11.18,0.97,11.11,10.92,0.0
STM,91.33,91.63,120.58,118.98,86.16,67.84,77,86,9,4,25.17,0.47,29.02,25.57,0.73
RIO,91.31,91.31,94.08,99.53,106.15,89.46,77,71,20,11,61.86,0.58,59.6,59.93,1.03
GROW,91.31,94.6,97.09,100.59,95.52,88.35,77,72,14,10,2.37,0.61,2.41,2.33,0.3
AVT,91.3,93.83,104.51,104.51,103.94,97.85,77,76,19,71,51.97,0.7,52.98,51.26,0.75
MOGU,91.29,91.29,104.34,111.34,108.16,114.37,77,81,22,82,2.31,0.55,2.23,2.22,0.18
ROST,91.28,92.52,87.99,108.98,103.9,100.21,77,80,19,73,145.22,0.69,134.96,140.23,0.77
FULTP,91.25,93.99,92.07,101.41,113.46,105.4,77,73,26,76,19.02,0.7,18.11,18.85,0.21
BSBR,91.24,94.26,103.41,111.51,114.54,83.5,77,82,80,8,4.96,0.74,5.05,4.57,0.78
BNTC,91.23,93.91,112.92,157.52,203.36,199.7,77,94,96,96,11.8,0.42,13.29,12.39,0.2
EFSC,91.23,94.06,111.37,106.86,122.05,124.96,77,78,85,87,54.64,0.57,55.07,55.26,0.4
IGC,91.15,91.96,112.35,97.65,91.51,104.95,77,17,12,76,0.34,0.44,0.33,0.33,0.09
BOXL,91.15,91.15,113.07,100.94,108.47,253.7,77,72,22,97,2.12,0.14,1.98,2.22,0.63
UONE,91.14,96.58,109.93,106.18,100.89,79.08,77,78,17,6,1.62,0.35,1.68,1.53,0.13
MDV,91.14,91.14,92.94,99.79,117.81,100.71,77,71,83,73,15.0,0.49,14.3,14.74,0.73
STC,91.13,93.65,90.85,97.27,114.48,109.7,77,17,80,79,67.41,0.57,62.95,66.32,0.55
AROW,91.13,91.8,97.46,99.24,108.03,117.47,77,18,22,83,27.47,0.4,26.5,27.14,0.91
IBAC,91.12,93.86,93.86,102.34,116.18,93.42,77,74,81,67,10.49,1.0,10.46,10.28,0.0
BEAGU,91.06,94.11,94.11,103.58,114.32,92.57,77,75,79,40,10.74,0.71,10.72,10.39,0.0
RFAI,91.05,93.93,93.93,101.66,116.21,93.38,77,73,82,67,10.58,0.98,10.54,10.36,0.0
CLSK,91.05,100.01,124.31,120.3,81.13,172.6,77,86,7,95,10.07,0.31,10.87,10.44,1.32
EDTK,91.05,91.05,90.32,96.14,109.46,109.19,77,16,23,79,1.0,0.48,0.93,0.99,1.44
MBINM,91.05,94.41,94.41,101.81,116.69,98.57,77,74,82,72,25.18,0.89,24.99,24.87,0.37
YRD,91.03,96.14,109.45,137.84,181.25,139.12,77,91,95,91,5.67,0.38,6.18,5.87,0.52
LRMR,90.97,98.83,101.83,90.39,54.09,149.38,77,12,3,92,3.58,0.25,3.12,3.77,0.86
DOX,90.97,91.57,98.14,109.03,111.2,95.89,77,80,25,69,89.41,0.7,89.92,87.35,1.13
ALCYU,90.95,93.81,93.81,106.04,120.63,97.53,77,77,84,71,11.41,0.47,11.41,11.28,0.0
HBANP,90.95,92.48,93.2,99.61,104.8,97.77,77,71,19,71,18.06,0.55,17.41,17.56,0.35
LEA,90.94,92.82,106.69,100.22,89.44,78.34,77,72,11,6,95.89,0.55,97.07,93.25,0.75
FITBP,90.9,94.41,94.41,102.57,114.24,96.38,77,74,79,70,24.3,0.89,24.17,23.99,0.51
IHRT,90.87,112.76,131.94,129.57,124.62,135.06,77,90,86,90,1.6,0.38,1.78,1.82,0.67
EXPI,90.84,94.13,93.36,80.27,92.96,104.2,77,8,13,75,9.96,0.36,9.69,10.53,0.73
SD,90.82,91.78,89.43,98.88,99.54,92.61,77,18,16,66,10.88,0.47,10.74,10.88,0.83
PBR,90.82,100.22,97.54,98.56,114.65,96.59,77,18,80,70,12.12,0.41,12.41,12.39,2.57
GPOR,90.78,94.93,104.22,122.18,121.15,122.1,77,87,84,85,166.62,0.45,185.72,178.05,0.92
APA,90.73,90.73,92.7,90.8,86.49,80.8,77,12,9,7,20.01,0.44,18.87,19.78,1.44
ENGS,90.73,94.38,69.93,99.45,114.01,92.57,77,45,53,40,2.8,0.15,2.47,3.53,0.18
SGU,90.7,95.24,94.76,111.79,137.35,102.72,77,82,90,74,11.7,0.5,11.65,11.82,1.25
REG,90.7,95.4,93.46,106.15,118.18,103.95,77,78,83,75,71.92,0.62,70.91,71.31,0.64
OAKUU,90.66,94.89,94.89,100.65,117.22,94.83,77,72,82,68,11.85,0.8,11.7,11.55,0.0
RDAGU,90.64,93.42,93.42,99.45,114.01,92.57,77,45,53,40,10.72,0.61,10.65,10.53,0.0
ABR,90.64,93.71,90.86,84.02,97.49,107.28,77,9,15,78,11.82,0.54,10.89,11.88,0.54
DMAAU,90.63,93.79,93.79,100.16,114.01,92.57,77,72,53,40,10.54,0.9,10.4,10.22,
OACCU,90.61,93.8,93.8,103.68,114.5,92.57,77,75,80,40,10.61,0.58,10.67,10.34,0.0
DTCK,90.6,97.21,135.85,89.73,94.35,97.55,77,12,13,71,0.8,0.39,0.83,0.88,0.04
MAR,90.58,94.07,104.08,103.88,110.77,112.46,77,76,24,80,259.92,0.53,268.58,266.37,0.92
NNN,90.55,94.76,97.67,102.49,109.81,92.94,77,74,23,67,41.84,0.53,42.04,40.72,0.59
AAM,90.54,93.2,93.2,100.65,115.28,92.94,77,72,81,67,10.49,1.0,10.43,10.24,0.02
RAPT,90.53,94.36,127.33,80.35,105.28,56.22,77,8,20,2,9.81,0.2,9.43,9.77,0.27
BCAL,90.5,91.46,109.44,104.76,98.0,107.06,77,77,16,77,15.22,0.53,15.48,15.47,0.49
BANR,90.49,93.12,108.95,107.8,118.88,136.62,77,79,83,90,62.51,0.48,63.7,65.07,0.72
GRAF,90.49,93.73,93.73,101.49,115.17,92.9,77,73,81,67,10.48,0.91,10.47,10.23,0.0
ATLX,90.48,98.15,80.85,66.34,72.46,63.16,76,4,5,3,5.8,0.26,4.45,5.67,1.22
TRC,90.47,98.12,102.63,103.81,110.55,90.07,76,76,24,11,17.03,0.5,17.43,16.42,1.27
RYN,90.47,90.52,83.91,88.97,103.65,91.18,76,11,19,12,26.05,0.53,23.39,25.44,1.08
BOKF,90.42,92.48,99.0,96.44,108.05,118.69,76,16,22,84,101.28,0.45,99.49,103.39,0.55
RFAIU,90.41,93.6,93.6,101.77,114.64,93.17,76,74,80,67,10.58,0.97,10.56,10.4,0.0
AFBI,90.4,94.08,93.54,104.58,116.81,107.55,76,76,82,78,18.94,0.6,18.59,18.44,0.07
SBXD,90.39,94.65,94.65,101.4,114.49,92.98,76,73,80,67,10.47,0.4,10.73,10.29,0.37
HOLX,90.38,93.63,89.98,89.56,90.7,91.43,76,12,11,12,68.06,0.49,65.01,67.02,0.84
GRBK,90.38,92.34,101.51,97.94,107.02,108.73,76,17,21,78,65.2,0.39,63.14,62.3,0.76
FCF,90.37,93.7,102.92,101.84,107.81,118.53,76,74,22,84,16.21,0.46,16.14,16.18,0.62
UNM,90.36,94.81,112.48,129.17,140.72,134.07,76,89,91,90,69.39,0.58,78.28,75.42,1.12
WVE,90.34,97.26,105.33,87.66,149.69,272.22,76,11,93,98,8.09,0.26,7.42,10.02,0.76
DIOD,90.34,90.34,102.45,102.45,83.04,85.17,76,74,8,8,50.91,0.45,51.76,52.75,1.79
RNGR,90.32,92.53,102.18,95.9,135.97,144.22,76,16,90,91,12.6,0.28,12.23,13.89,0.31
CBAT,90.32,90.32,112.35,120.27,87.28,93.24,76,86,10,67,0.97,0.54,1.07,0.93,3.28
SBDS,90.25,240.1,664.64,147.82,58.98,58.32,76,93,3,3,8.14,0.12,12.34,25.09,1.62
EGAN,90.23,104.34,116.8,116.99,96.44,110.56,76,85,14,79,5.76,0.41,6.24,5.61,0.7
BRLT,90.23,98.38,83.17,82.25,81.02,92.22,76,8,7,13,1.75,0.39,1.46,1.61,1.07
WSFS,90.23,93.73,109.62,107.27,108.73,117.84,76,79,22,83,53.47,0.53,54.99,53.76,0.63
FBIZ,90.22,92.04,116.13,113.7,127.87,128.21,76,83,87,88,47.24,0.48,49.94,48.45,0.52
LPAA,90.21,93.31,93.31,100.98,115.3,92.9,76,73,81,67,10.41,0.87,10.42,10.2,0.0
ASPCU,90.2,92.87,92.87,100.4,114.68,92.57,76,72,80,40,10.5,1.0,10.37,10.2,0.0
TOON,90.19,90.59,108.11,114.29,94.05,67.09,76,83,13,3,0.68,0.43,0.75,0.66,0.5
CPF,90.18,91.23,107.28,106.59,116.59,135.58,76,78,82,90,26.9,0.4,27.51,27.7,0.65
DAAQU,90.17,93.11,93.11,99.45,114.01,92.57,76,45,53,40,10.72,0.4,10.89,10.74,0.0
HVIIU,90.16,93.21,93.21,100.52,114.01,92.57,76,72,53,40,10.45,0.81,10.48,10.24,0.0
IPCXU,90.13,92.63,92.63,99.45,114.01,92.57,76,45,53,40,10.56,0.94,10.48,10.38,0.0
UL,90.12,91.47,95.11,112.94,128.57,97.12,76,83,88,70,61.06,0.65,61.36,59.2,0.96
CAPN,90.11,93.26,93.26,100.5,114.59,92.57,76,72,80,40,10.36,0.75,10.32,10.15,0.04
DTSQ,90.04,93.05,93.05,100.71,115.16,92.96,76,72,81,67,10.41,0.88,10.41,10.22,0.0
FIHL,90.02,90.02,88.66,104.08,102.48,116.41,76,76,18,83,16.79,0.42,16.2,16.68,0.85
GGG,90.02,92.9,98.2,101.49,101.49,97.71,76,73,18,71,83.5,0.56,85.29,84.32,0.69
RBB,89.99,94.15,93.56,92.08,90.22,119.21,76,13,11,84,18.43,0.39,17.66,18.53,0.67
FACT,89.98,92.73,92.73,100.1,114.65,92.57,76,71,80,40,10.31,1.0,10.26,10.09,0.0
BACQ,89.98,92.83,92.83,100.33,114.7,92.57,76,72,80,40,10.34,0.79,10.33,10.08,0.02
HVII,89.96,92.03,92.03,100.14,114.01,92.57,76,71,53,40,10.19,1.0,10.14,9.99,0.0
NTWO,89.92,92.73,92.73,99.97,114.6,92.57,76,71,80,40,10.33,1.0,10.29,10.12,0.01
NRXS,89.92,94.47,112.39,140.94,85.62,100.75,76,92,9,73,2.46,0.36,2.56,2.5,0.16
KAI,89.89,92.24,95.56,95.23,109.91,122.96,76,15,23,86,326.29,0.3,324.7,344.92,0.62
WS,89.88,91.61,104.41,101.09,83.56,132.81,76,73,8,89,29.94,0.32,29.1,30.65,0.43
STRW,89.87,89.87,86.5,97.63,135.06,121.64,76,17,90,85,10.63,0.47,10.38,10.86,0.76
WVVI,89.86,94.14,113.03,133.06,181.02,139.91,76,90,95,91,4.76,0.51,5.3,5.02,0.12
VCICU,89.85,93.46,93.46,101.49,115.39,92.98,76,73,81,67,10.49,0.66,10.52,10.28,0.0
FMNB,89.85,90.49,101.48,101.46,106.62,105.27,76,73,21,76,13.56,0.49,13.58,13.59,0.65
LII,89.84,95.81,105.2,104.35,108.91,118.36,76,76,23,84,582.19,0.45,587.8,596.64,0.65
TXG,89.84,103.27,111.11,94.34,56.26,72.41,76,15,3,5,12.29,0.31,11.81,12.2,1.24
PEBK,89.83,92.24,101.55,105.3,108.3,106.94,76,77,22,77,28.25,0.59,28.68,28.29,0.33
CARG,89.82,98.09,108.92,109.22,138.87,137.0,76,80,91,90,29.11,0.38,32.67,33.35,2.33
GSBD,89.81,90.06,97.59,90.29,95.61,86.12,76,12,14,9,11.25,0.62,11.32,11.2,1.86
MRCC,89.78,89.78,82.87,90.31,114.12,111.85,76,12,79,80,6.85,0.4,6.31,7.12,5.28
PLMKU,89.76,92.58,92.58,99.96,114.01,92.57,76,71,53,40,10.36,0.35,10.37,10.21,0.0
LSAK,89.76,89.76,87.8,88.71,109.9,117.26,76,11,23,83,4.69,0.47,4.38,4.78,0.71
CMTL,89.75,96.58,117.48,100.02,77.81,103.71,76,71,7,75,2.01,0.21,2.32,2.42,0.55
RIBBU,89.73,92.62,92.62,100.16,114.01,92.57,76,72,53,40,10.45,0.56,10.47,10.29,0.0
BRFH,89.73,92.11,109.97,117.06,203.32,192.72,76,85,96,96,2.86,0.33,2.98,2.96,0.21
PAYX,89.7,92.12,96.99,114.05,123.97,104.99,76,83,86,76,141.19,0.56,146.99,144.43,0.58
ALDF,89.69,92.85,92.85,100.86,114.95,92.57,76,72,80,40,10.39,0.77,10.46,10.2,0.15
SJM,89.68,89.92,89.0,104.47,117.38,92.77,75,76,83,67,110.72,0.68,104.85,108.67,0.56
KOF,89.66,90.52,96.48,113.0,128.59,82.68,75,83,88,7,84.65,0.47,91.05,85.42,0.43
LEDS,89.65,94.0,161.05,200.53,204.65,115.01,75,96,96,82,1.62,0.3,2.41,1.89,0.8
RAAQU,89.64,92.31,92.31,99.45,114.01,92.57,75,45,53,40,10.36,0.67,10.34,10.26,0.0
GSRT,89.64,93.12,95.28,101.61,114.58,92.57,75,73,80,40,10.34,0.34,10.78,10.27,2.01
NTRSO,89.64,93.21,93.21,94.94,106.81,93.71,75,15,21,67,20.22,0.34,19.66,19.91,0.3
CAPL,89.63,92.3,94.62,117.26,126.34,102.07,75,85,87,74,20.32,0.44,20.8,21.04,1.67
OFG,89.63,93.9,106.55,103.79,103.19,106.69,75,76,19,77,41.72,0.64,42.68,41.42,0.62
ALRS,89.62,92.4,111.1,108.66,103.58,99.48,75,79,19,72,20.74,0.62,21.6,20.32,1.1
FBK,89.62,93.81,102.04,97.56,110.85,130.44,75,17,24,89,47.17,0.42,46.21,48.4,0.68
RANG,89.61,92.39,92.39,100.15,114.01,92.57,75,72,53,40,10.26,0.64,10.26,10.11,0.01
BEAG,89.6,92.52,92.52,101.27,115.09,92.57,75,73,80,40,10.44,0.79,10.45,10.2,0.97
CON,89.6,89.6,89.61,100.48,113.81,95.5,75,72,26,69,21.62,0.48,20.67,21.12,1.24
SAMG,89.59,91.18,93.84,98.84,108.75,106.96,75,18,22,77,16.19,0.5,15.78,16.48,0.4
SPMC,89.57,92.12,92.29,103.2,108.77,97.4,75,75,22,70,18.19,0.44,17.75,18.4,0.16
YHNAU,89.56,92.57,92.57,100.62,115.32,93.12,75,72,81,67,10.45,0.47,10.44,10.28,0.0
ATIIU,89.56,92.28,92.28,100.72,114.01,92.57,75,72,53,40,10.45,0.64,10.38,10.22,0.0
RDAC,89.55,92.28,92.28,100.1,114.8,92.57,75,71,80,40,10.35,1.0,10.3,10.18,0.0
ESI,89.55,90.36,99.42,95.83,102.68,107.62,75,16,18,78,23.9,0.56,23.05,24.25,0.63
WCN,89.54,91.98,92.31,108.83,121.22,102.18,75,80,85,74,187.89,0.62,186.69,186.0,0.75
RAC,89.54,92.43,92.43,99.45,114.01,92.57,75,45,53,40,10.26,0.93,10.19,10.13,0.02
SFL,89.53,93.88,92.84,89.62,89.79,89.39,75,12,11,11,9.19,0.6,8.87,8.93,0.79
DRDB,89.52,91.78,91.78,100.49,114.01,92.57,75,72,53,40,10.27,0.76,10.3,10.14,0.99
FSHPU,89.51,92.31,92.47,101.54,116.06,94.78,75,73,81,68,10.5,0.49,10.7,10.53,0.0
RNXT,89.51,100.76,127.78,127.6,90.61,126.48,75,89,11,87,1.14,0.48,1.31,1.17,1.35
CLNE,89.5,89.5,99.82,93.46,105.35,116.93,75,14,20,83,2.29,0.43,2.0,2.29,2.99
KFIIU,89.48,92.09,92.09,100.16,114.01,92.57,75,72,53,40,10.3,0.88,10.29,10.17,0.0
PFE,89.47,89.47,93.55,90.75,101.65,89.87,75,12,18,11,24.58,0.51,24.07,24.29,0.87
LCCCU,89.47,92.54,92.54,99.45,114.01,92.57,75,45,53,40,10.29,0.81,10.21,10.16,4.93
NOEM,89.46,92.22,92.22,99.97,114.01,92.57,75,71,53,40,10.1,0.94,10.07,9.97,0.0
CEVA,89.44,89.44,88.08,87.02,148.59,148.83,75,10,93,92,21.72,0.15,21.74,26.85,1.3
NHICU,89.43,92.24,92.24,99.45,114.01,92.57,75,45,53,40,10.34,0.67,10.33,10.18,0.0
LOKV,89.43,93.45,93.45,99.45,114.01,92.57,75,45,53,40,10.29,0.41,10.47,10.32,0.2
FMBH,89.41,94.34,105.81,104.05,104.23,110.89,75,76,19,80,37.28,0.56,37.57,37.1,0.67
MLAC,89.38,91.95,91.95,100.29,114.01,92.57,75,72,53,40,10.26,0.84,10.25,10.13,0.01
SDHIU,89.37,92.24,92.24,99.45,114.01,92.57,75,45,53,40,10.32,0.91,10.3,10.2,0.01
NPACU,89.36,92.24,92.24,99.45,114.01,92.57,75,45,53,40,10.28,0.35,10.37,10.27,0.06
TVACU,89.33,92.17,92.17,99.45,114.01,92.57,75,45,53,40,10.23,0.77,10.2,10.14,0.0
SSII,89.3,89.3,119.03,431.1,767.15,476.76,75,98,99,98,6.77,0.58,5.93,7.17,0.12
QSEAU,89.28,92.09,92.09,99.45,114.01,92.57,75,45,53,40,10.33,1.0,10.3,10.22,0.0
LCNB,89.28,91.53,100.85,102.66,114.02,108.1,75,75,79,78,14.49,0.42,14.79,14.91,0.29
CKX,89.28,94.65,93.06,90.55,98.8,86.66,75,12,16,9,11.8,0.41,11.22,11.7,0.0
TCOM,89.27,97.7,101.51,116.91,122.78,150.33,75,85,85,92,58.8,0.53,61.3,63.52,2.74
BKV,89.27,94.23,109.92,104.25,101.86,105.51,75,76,18,76,20.0,0.39,22.11,21.38,0.95
NHIC,89.26,92.1,92.1,99.45,114.01,92.57,75,45,53,40,10.21,0.97,10.16,10.1,0.48
NWN,89.26,91.25,98.85,113.8,125.59,103.73,75,83,87,75,39.97,0.54,40.18,40.12,0.64
PEN,89.22,93.87,97.79,134.87,138.73,117.53,75,91,91,83,240.49,0.55,247.31,257.9,0.59
SVCC,89.21,92.09,92.09,99.45,114.01,92.57,75,45,53,40,10.28,0.97,10.22,10.13,0.01
OSBC,89.2,92.08,110.9,108.96,113.04,114.67,75,80,26,82,16.74,0.49,17.51,17.31,0.56
MTD,89.2,90.26,93.2,88.04,96.97,94.12,75,11,15,68,1255.97,0.54,1201.07,1217.18,0.83
HHH,89.19,89.71,92.04,98.84,106.15,106.24,75,18,20,77,71.09,0.33,69.06,73.67,1.02
SKWD,89.17,96.72,109.18,142.63,142.45,129.73,75,92,91,88,48.72,0.47,55.64,52.13,0.81
MAYA,89.15,91.99,91.99,99.45,114.01,92.57,75,45,53,40,10.15,0.9,10.1,10.03,0.0
DMAA,89.13,92.02,92.02,99.45,114.01,92.57,75,45,53,40,10.26,0.95,10.21,10.12,0.01
MLACU,89.11,92.68,92.68,100.64,114.64,92.57,75,72,80,40,10.45,1.0,10.39,10.25,0.0
HTBK,89.09,91.07,109.77,108.1,111.36,109.91,75,79,25,79,9.3,0.51,9.62,9.45,0.93
WAFDP,89.07,90.07,90.74,101.47,113.2,104.45,75,73,26,75,16.25,0.36,15.81,16.21,0.45
AOS,89.05,90.21,91.87,94.34,92.69,81.94,74,15,12,7,70.83,0.4,67.23,67.99,0.77
DOLE,89.04,89.98,94.17,106.37,119.44,114.39,74,78,84,82,14.63,0.53,14.05,14.18,1.26
FULT,89.02,90.03,106.33,104.07,107.28,118.38,74,76,21,84,17.79,0.44,18.09,18.47,0.57
HTH,89.01,91.1,96.66,97.61,109.99,94.92,74,17,23,68,30.76,0.56,30.37,30.21,0.97
SGN,89.01,106.56,171.59,74.64,21.31,75.86,74,6,1,5,1.33,0.03,1.41,2.79,0.04
SVCCU,89.01,92.64,93.65,100.64,114.01,92.57,74,72,53,40,10.33,0.24,10.38,10.24,0.0
KRKR,88.95,92.09,127.17,131.9,102.87,152.21,74,90,18,93,5.12,0.33,5.52,4.55,0.16
KAPA,88.92,88.92,94.98,71.76,100.0,109.19,74,5,17,79,0.98,0.25,0.75,1.12,0.05
ECO,88.86,90.98,91.16,97.05,97.38,84.99,74,17,15,8,24.44,0.4,23.24,22.57,1.35
PANL,88.85,91.78,89.85,85.32,94.02,85.18,74,10,13,8,4.91,0.31,4.87,5.01,1.61
BHC,88.83,89.24,98.41,92.94,99.74,121.81,74,14,17,85,5.75,0.26,6.02,6.71,0.41
COLA,88.83,91.88,91.88,99.45,114.01,92.57,74,45,53,40,10.17,0.88,10.13,10.08,24.58
PR,88.83,96.03,98.82,101.74,98.36,100.66,74,74,16,73,13.26,0.54,13.79,13.65,0.87
CHARU,88.81,92.94,92.94,100.09,114.45,92.57,74,71,80,40,10.25,0.65,10.38,10.25,0.0
OLB,88.8,90.76,97.74,124.49,96.82,64.05,74,88,15,3,1.57,0.27,1.79,1.61,0.2
MSGS,88.79,90.63,92.98,96.72,100.1,108.81,74,16,17,78,199.32,0.39,200.27,206.6,1.06
SNDL,88.75,91.92,87.09,72.29,91.55,99.76,74,5,12,72,1.68,0.4,1.41,1.62,1.41
NA,88.75,88.75,152.01,307.28,151.64,206.67,74,98,93,96,4.4,0.13,8.01,6.59,1.18
SIGIP,88.7,91.42,91.18,96.28,109.59,95.19,74,16,23,69,17.43,0.32,16.96,17.44,0.3
SPKLU,88.62,91.92,91.92,111.1,113.76,101.71,74,81,26,74,10.79,0.22,10.84,10.97,0.0
RAIL,88.59,91.37,91.37,99.45,114.01,92.57,48,45,53,40,,,,,
AACI,88.59,91.37,91.37,99.45,114.01,92.57,48,45,53,40,10.05,0.29,10.05,10.05,0.01
NYT,88.59,91.37,91.37,99.45,114.01,92.57,48,45,53,40,,,,,
TXO,88.59,91.37,91.37,99.45,114.01,92.57,48,45,53,40,,,,,
UMC,88.59,91.37,91.37,99.45,114.01,92.57,48,45,53,40,,,,,
FNF,88.59,91.37,91.37,99.45,114.01,92.57,48,45,53,40,,,,,
MOMO,88.59,91.37,91.37,99.45,114.01,92.57,48,45,53,40,,,,,
RTO,88.59,91.37,91.37,99.45,114.01,92.57,48,45,53,40,,,,,
PHGE,88.59,91.37,91.37,99.45,114.01,92.57,48,45,53,40,,,,,
TSM,88.59,91.37,91.37,99.45,114.01,92.57,48,45,53,40,,,,,
META,88.59,91.37,91.37,99.45,114.01,92.57,48,45,53,40,,,,,
MNTN,88.59,91.37,91.37,99.45,114.01,92.57,48,45,53,40,,,,,
MMA,88.59,91.37,91.37,99.45,114.01,92.57,48,45,53,40,,,,,
ZTEK,88.59,91.37,91.37,99.45,114.01,92.57,48,45,53,40,,,,,
PWM,88.59,91.37,91.37,99.45,114.01,92.57,48,45,53,40,,,,,
TSBK,88.59,91.37,91.37,99.45,114.01,92.57,48,45,53,40,,,,,
FSV,88.59,91.37,91.37,99.45,114.01,92.57,48,45,53,40,,,,,
ZIMV,88.59,91.37,91.37,99.45,114.01,92.57,48,45,53,40,,,,,
WM,88.59,91.37,91.37,99.45,114.01,92.57,48,45,53,40,,,,,
ALGM,88.59,91.37,91.37,99.45,114.01,92.57,48,45,53,40,,,,,
INTR,88.59,91.37,91.37,99.45,114.01,92.57,48,45,53,40,,,,,
FERAU,88.59,91.37,91.37,99.45,114.01,92.57,48,45,53,40,,,,,
QUBT,88.59,91.37,91.37,99.45,114.01,92.57,48,45,53,40,,,,,
ZKIN,88.59,91.37,91.37,99.45,114.01,92.57,48,45,53,40,,,,,
OSUR,88.59,91.37,91.37,99.45,114.01,92.57,48,45,53,40,,,,,
BBCP,88.59,91.37,91.37,99.45,114.01,92.57,48,45,53,40,,,,,
WILC,88.59,91.37,91.37,99.45,114.01,92.57,48,45,53,40,,,,,
WCC,88.59,91.37,91.37,99.45,114.01,92.57,48,45,53,40,,,,,
GPAT,88.59,91.37,91.37,99.45,114.01,92.57,48,45,53,40,,,,,
HTO,88.59,91.37,91.37,99.45,114.01,92.57,48,45,53,40,,,,,
NVST,88.59,91.37,91.37,99.45,114.01,92.57,48,45,53,40,,,,,
ADD,88.59,91.37,91.37,99.45,114.01,92.57,48,45,53,40,,,,,
NOTV,88.59,91.37,91.37,99.45,114.01,92.57,48,45,53,40,,,,,
IBCP,88.59,91.37,91.37,99.45,114.01,92.57,48,45,53,40,,,,,
ALDFU,88.59,91.37,91.37,99.45,114.01,92.57,48,45,53,40,,,,,
HCSG,88.59,91.37,91.37,99.45,114.01,92.57,48,45,53,40,,,,,
ET,88.59,91.37,91.37,99.45,114.01,92.57,48,45,53,40,,,,,
CQP,88.59,91.37,91.37,99.45,114.01,92.57,48,45,53,40,,,,,
TRDA,88.59,91.37,91.37,99.45,114.01,92.57,48,45,53,40,,,,,
SPPL,88.59,91.37,91.37,99.45,114.01,92.57,48,45,53,40,,,,,
ELLO,88.59,91.37,91.37,99.45,114.01,92.57,48,45,53,40,,,,,
ALCO,88.59,91.37,91.37,99.45,114.01,92.57,48,45,53,40,,,,,
KMT,88.59,91.37,91.37,99.45,114.01,92.57,48,45,53,40,,,,,
TELA,88.59,91.37,91.37,99.45,114.01,92.57,48,45,53,40,,,,,
CGTL,88.59,91.37,91.37,99.45,114.01,92.57,48,45,53,40,,,,,
VVOS,88.59,91.37,91.37,99.45,114.01,92.57,48,45,53,40,,,,,
SOWG,88.59,91.37,91.37,99.45,114.01,92.57,48,45,53,40,,,,,
AACIU,88.59,91.37,91.37,99.45,114.01,92.57,48,45,53,40,10.33,1.0,10.15,10.14,0.01
BOC,88.59,91.37,91.37,99.45,114.01,92.57,48,45,53,40,,,,,
STR,88.59,91.37,91.37,99.45,114.01,92.57,48,45,53,40,,,,,
MGRT,88.59,91.37,91.37,99.45,114.01,92.57,48,45,53,40,,,,,
NGNE,88.59,91.37,91.37,99.45,114.01,92.57,48,45,53,40,,,,,
PASG,88.59,91.37,91.37,99.45,114.01,92.57,48,45,53,40,,,,,
PFGC,88.59,91.37,91.37,99.45,114.01,92.57,48,45,53,40,,,,,
FCEL,88.59,91.37,91.37,99.45,114.01,92.57,48,45,53,40,,,,,
BSX,88.59,91.37,91.37,99.45,114.01,92.57,48,45,53,40,,,,,
BRC,88.59,91.37,91.37,99.45,114.01,92.57,48,45,53,40,,,,,
MLP,88.59,91.37,91.37,99.45,114.01,92.57,48,45,53,40,,,,,
ALVO,88.59,91.37,91.37,99.45,114.01,92.57,48,45,53,40,,,,,
YTRA,88.59,91.37,91.37,99.45,114.01,92.57,48,45,53,40,,,,,
GGAL,88.59,91.37,91.37,99.45,114.01,92.57,48,45,53,40,,,,,
TTNP,88.59,91.37,91.37,99.45,114.01,92.57,48,45,53,40,,,,,
MMS,88.59,91.37,91.37,99.45,114.01,92.57,48,45,53,40,,,,,
PLBL,88.59,91.37,91.37,99.45,114.01,92.57,48,45,53,40,,,,,
ZDGE,88.59,91.37,91.37,99.45,114.01,92.57,48,45,53,40,,,,,
LCTX,88.59,91.37,91.37,99.45,114.01,92.57,48,45,53,40,,,,,
FTCI,88.59,91.37,91.37,99.45,114.01,92.57,48,45,53,40,,,,,
BLCO,88.59,91.37,91.37,99.45,114.01,92.57,48,45,53,40,,,,,
SHPH,88.59,91.37,91.37,99.45,114.01,92.57,48,45,53,40,,,,,
FWONK,88.59,91.37,91.37,99.45,114.01,92.57,48,45,53,40,,,,,
SYM,88.59,91.37,91.37,99.45,114.01,92.57,48,45,53,40,,,,,
JKS,88.59,91.37,91.37,99.45,114.01,92.57,48,45,53,40,,,,,
GAIN,88.59,91.37,91.37,99.45,114.01,92.57,48,45,53,40,,,,,
GXO,88.59,91.37,91.37,99.45,114.01,92.57,48,45,53,40,,,,,
DSS,88.59,91.37,91.37,99.45,114.01,92.57,48,45,53,40,,,,,
FOXO,88.59,91.37,91.37,99.45,114.01,92.57,48,45,53,40,,,,,
COCP,88.59,91.37,91.37,99.45,114.01,92.57,48,45,53,40,,,,,
BKSY,88.59,91.37,91.37,99.45,114.01,92.57,48,45,53,40,,,,,
SLDP,88.59,91.37,91.37,99.45,114.01,92.57,48,45,53,40,,,,,
TIGR,88.59,91.37,91.37,99.45,114.01,92.57,48,45,53,40,,,,,
UPB,88.59,91.37,91.37,99.45,114.01,92.57,48,45,53,40,,,,,
BANC,88.59,91.37,91.37,99.45,114.01,92.57,48,45,53,40,,,,,
MZTI,88.59,91.37,91.37,99.45,114.01,92.57,48,45,53,40,,,,,
NTRS,88.59,91.37,91.37,99.45,114.01,92.57,48,45,53,40,,,,,
LVS,88.59,91.37,91.37,99.45,114.01,92.57,48,45,53,40,,,,,
ENLV,88.59,91.37,91.37,99.45,114.01,92.57,48,45,53,40,,,,,
XPER,88.59,91.37,91.37,99.45,114.01,92.57,48,45,53,40,,,,,
FIG,88.59,91.37,91.37,99.45,114.01,92.57,48,45,53,40,,,,,
SI,88.59,91.37,91.37,99.45,114.01,92.57,48,45,53,40,,,,,
WWD,88.59,91.37,91.37,99.45,114.01,92.57,48,45,53,40,,,,,
SNCR,88.59,91.37,91.37,99.45,114.01,92.57,48,45,53,40,,,,,
GLSI,88.59,91.37,91.37,99.45,114.01,92.57,48,45,53,40,,,,,
LAWR,88.59,91.37,91.37,99.45,114.01,92.57,48,45,53,40,,,,,
TIRX,88.59,91.37,91.37,99.45,114.01,92.57,48,45,53,40,,,,,
BOLT,88.59,91.37,91.37,99.45,114.01,92.57,48,45,53,40,,,,,
MERC,88.59,91.37,91.37,99.45,114.01,92.57,48,45,53,40,,,,,
SKYQ,88.59,91.37,91.37,99.45,114.01,92.57,48,45,53,40,,,,,
THR,88.59,91.37,91.37,99.45,114.01,92.57,48,45,53,40,,,,,
RFL,88.59,91.37,91.37,99.45,114.01,92.57,48,45,53,40,,,,,
ASR,88.59,91.37,91.37,99.45,114.01,92.57,48,45,53,40,,,,,
TRUE,88.59,91.37,91.37,99.45,114.01,92.57,48,45,53,40,,,,,
HURA,88.59,91.37,91.37,99.45,114.01,92.57,48,45,53,40,,,,,
CSIQ,88.59,91.37,91.37,99.45,114.01,92.57,48,45,53,40,,,,,
MAN,88.59,91.37,91.37,99.45,114.01,92.57,48,45,53,40,,,,,
RMTI,88.59,91.37,91.37,99.45,114.01,92.57,48,45,53,40,,,,,
WMG,88.59,91.37,91.37,99.45,114.01,92.57,48,45,53,40,,,,,
IPODU,88.59,91.37,91.37,99.45,114.01,92.57,48,45,53,40,,,,,
PNW,88.59,91.37,91.37,99.45,114.01,92.57,48,45,53,40,,,,,
LFST,88.59,91.37,91.37,99.45,114.01,92.57,48,45,53,40,,,,,
RAAQ,88.59,91.37,91.37,99.45,114.01,92.57,48,45,53,40,,,,,
CMT,88.59,91.37,91.37,99.45,114.01,92.57,48,45,53,40,,,,,
RENB,88.59,91.37,91.37,99.45,114.01,92.57,48,45,53,40,,,,,
IFF,88.59,91.37,91.37,99.45,114.01,92.57,48,45,53,40,,,,,
CHYM,88.59,91.37,91.37,99.45,114.01,92.57,48,45,53,40,,,,,
ETD,88.59,91.37,91.37,99.45,114.01,92.57,48,45,53,40,,,,,
WPRT,88.59,91.37,91.37,99.45,114.01,92.57,48,45,53,40,,,,,
ACM,88.59,91.37,91.37,99.45,114.01,92.57,48,45,53,40,,,,,
AIRI,88.59,91.37,91.37,99.45,114.01,92.57,48,45,53,40,,,,,
G,88.59,91.37,91.37,99.45,114.01,92.57,48,45,53,40,,,,,
GMHS,88.59,91.37,91.37,99.45,114.01,92.57,48,45,53,40,,,,,
FLG,88.59,91.37,91.37,99.45,114.01,92.57,48,45,53,40,,,,,
VIR,88.59,91.37,91.37,99.45,114.01,92.57,48,45,53,40,,,,,
FCNCP,88.59,91.37,91.37,99.45,114.01,92.57,48,45,53,40,,,,,
EHAB,88.59,91.37,91.37,99.45,114.01,92.57,48,45,53,40,,,,,
GDYN,88.59,91.37,91.37,99.45,114.01,92.57,48,45,53,40,,,,,
PRKS,88.59,91.37,91.37,99.45,114.01,92.57,48,45,53,40,,,,,
PACS,88.59,91.37,91.37,99.45,114.01,92.57,48,45,53,40,,,,,
RYTM,88.59,91.37,91.37,99.45,114.01,92.57,48,45,53,40,,,,,
UTL,88.59,91.37,91.37,99.45,114.01,92.57,48,45,53,40,,,,,
DCOM,88.59,91.37,91.37,99.45,114.01,92.57,48,45,53,40,,,,,
CYD,88.59,91.37,91.37,99.45,114.01,92.57,48,45,53,40,,,,,
SMTK,88.59,91.37,91.37,99.45,114.01,92.57,48,45,53,40,,,,,
YMAB,88.59,91.37,91.37,99.45,114.01,92.57,48,45,53,40,,,,,
MAMK,88.59,91.37,91.37,99.45,114.01,92.57,48,45,53,40,,,,,
KRT,88.59,91.37,91.37,99.45,114.01,92.57,48,45,53,40,,,,,
BRTX,88.59,91.37,91.37,99.45,114.01,92.57,48,45,53,40,,,,,
DAWN,88.59,91.37,91.37,99.45,114.01,92.57,48,45,53,40,,,,,
NNNN,88.59,91.37,91.37,99.45,114.01,92.57,48,45,53,40,,,,,
CATO,88.59,91.37,91.37,99.45,114.01,92.57,48,45,53,40,,,,,
RDCM,88.59,91.37,91.37,99.45,114.01,92.57,48,45,53,40,,,,,
HBI,88.59,91.37,91.37,99.45,114.01,92.57,48,45,53,40,,,,,
NIO,88.59,91.37,91.37,99.45,114.01,92.57,48,45,53,40,,,,,
POAI,88.59,91.37,91.37,99.45,114.01,92.57,48,45,53,40,,,,,
ACRE,88.59,91.37,91.37,99.45,114.01,92.57,48,45,53,40,,,,,
SYK,88.59,91.37,91.37,99.45,114.01,92.57,48,45,53,40,,,,,
ZBRA,88.59,91.37,91.37,99.45,114.01,92.57,48,45,53,40,,,,,
DOC,88.59,91.37,91.37,99.45,114.01,92.57,48,45,53,40,,,,,
YOUL,88.59,91.37,91.37,99.45,114.01,92.57,48,45,53,40,2.01,0.03,2.58,2.58,0.22
SONM,88.59,91.37,91.37,99.45,114.01,92.57,48,45,53,40,,,,,
SKIL,88.59,91.37,91.37,99.45,114.01,92.57,48,45,53,40,,,,,
MESA,88.59,91.37,91.37,99.45,114.01,92.57,48,45,53,40,,,,,
ODFL,88.59,91.37,91.37,99.45,114.01,92.57,48,45,53,40,,,,,
CINF,88.59,91.37,91.37,99.45,114.01,92.57,48,45,53,40,,,,,
CNNE,88.59,91.37,91.37,99.45,114.01,92.57,48,45,53,40,,,,,
ASC,88.59,91.37,91.37,99.45,114.01,92.57,48,45,53,40,,,,,
URG,88.59,91.37,91.37,99.45,114.01,92.57,48,45,53,40,,,,,
WETH,88.59,91.37,91.37,99.45,114.01,92.57,48,45,53,40,,,,,
YXT,88.59,91.37,91.37,99.45,114.01,92.57,48,45,53,40,,,,,
RUSHA,88.59,91.37,91.37,99.45,114.01,92.57,48,45,53,40,,,,,
ROMA,88.59,91.37,91.37,99.45,114.01,92.57,48,45,53,40,,,,,
AREB,88.59,91.37,91.37,99.45,114.01,92.57,48,45,53,40,,,,,
RXO,88.59,91.37,91.37,99.45,114.01,92.57,48,45,53,40,,,,,
NNBR,88.59,91.37,91.37,99.45,114.01,92.57,48,45,53,40,,,,,
RSKD,88.59,91.37,91.37,99.45,114.01,92.57,48,45,53,40,,,,,
QMMM,88.59,91.37,91.37,99.45,114.01,92.57,48,45,53,40,,,,,
PTGX,88.59,91.37,91.37,99.45,114.01,92.57,48,45,53,40,,,,,
MRVL,88.59,91.37,91.37,99.45,114.01,92.57,48,45,53,40,,,,,
CNOB,88.59,91.37,91.37,99.45,114.01,92.57,48,45,53,40,,,,,
MAMO,88.59,91.37,91.37,99.45,114.01,92.57,48,45,53,40,,,,,
NESR,88.59,91.37,91.37,99.45,114.01,92.57,48,45,53,40,,,,,
SLN,88.59,91.37,91.37,99.45,114.01,92.57,48,45,53,40,,,,,
REPL,88.59,91.37,91.37,99.45,114.01,92.57,48,45,53,40,,,,,
HLIT,88.59,91.37,91.37,99.45,114.01,92.57,48,45,53,40,,,,,
OPY,88.59,91.37,91.37,99.45,114.01,92.57,48,45,53,40,,,,,
AVBP,88.59,91.37,91.37,99.45,114.01,92.57,48,45,53,40,,,,,
CHMI,88.59,91.37,91.37,99.45,114.01,92.57,48,45,53,40,,,,,
BACC,88.59,91.37,91.37,99.45,114.01,92.57,48,45,53,40,9.97,1.0,9.96,9.96,0.89
WINA,88.59,91.37,91.37,99.45,114.01,92.57,48,45,53,40,,,,,
KNSA,88.59,91.37,91.37,99.45,114.01,92.57,48,45,53,40,,,,,
FND,88.59,91.37,91.37,99.45,114.01,92.57,48,45,53,40,,,,,
GD,88.59,91.37,91.37,99.45,114.01,92.57,48,45,53,40,,,,,
BL,88.59,91.37,91.37,99.45,114.01,92.57,48,45,53,40,,,,,
AG,88.59,91.37,91.37,99.45,114.01,92.57,48,45,53,40,,,,,
MPB,88.59,91.37,91.37,99.45,114.01,92.57,48,45,53,40,,,,,
TRUP,88.59,91.37,91.37,99.45,114.01,92.57,48,45,53,40,,,,,
TFIN,88.59,91.37,91.37,99.45,114.01,92.57,48,45,53,40,,,,,
GLIBK,88.59,91.37,91.37,99.45,114.01,92.57,48,45,53,40,35.42,0.69,33.97,33.97,0.53
ANTX,88.59,91.37,91.37,99.45,114.01,92.57,48,45,53,40,,,,,
ROKU,88.59,91.37,91.37,99.45,114.01,92.57,48,45,53,40,,,,,
BHM,88.59,91.37,91.37,99.45,114.01,92.57,48,45,53,40,,,,,
TR,88.59,91.37,91.37,99.45,114.01,92.57,48,45,53,40,,,,,
CMCO,88.59,91.37,91.37,99.45,114.01,92.57,48,45,53,40,,,,,
TROW,88.59,91.37,91.37,99.45,114.01,92.57,48,45,53,40,,,,,
NAMS,88.59,91.37,91.37,99.45,114.01,92.57,48,45,53,40,,,,,
HBM,88.59,91.37,91.37,99.45,114.01,92.57,48,45,53,40,,,,,
HNST,88.59,91.37,91.37,99.45,114.01,92.57,48,45,53,40,,,,,
SHCO,88.59,91.37,91.37,99.45,114.01,92.57,48,45,53,40,,,,,
THRM,88.59,91.37,91.37,99.45,114.01,92.57,48,45,53,40,,,,,
GSHRU,88.59,91.37,91.37,99.45,114.01,92.57,48,45,53,40,,,,,
SR,88.59,91.37,91.37,99.45,114.01,92.57,48,45,53,40,,,,,
EA,88.59,91.37,91.37,99.45,114.01,92.57,48,45,53,40,,,,,
THFF,88.59,91.37,91.37,99.45,114.01,92.57,48,45,53,40,,,,,
ISOU,88.59,91.37,91.37,99.45,114.01,92.57,48,45,53,40,,,,,
NPB,88.59,91.37,91.37,99.45,114.01,92.57,48,45,53,40,,,,,
JCAP,88.59,91.37,91.37,99.45,114.01,92.57,48,45,53,40,17.61,0.49,17.23,17.23,0.84
HPE,88.59,91.37,91.37,99.45,114.01,92.57,48,45,53,40,,,,,
CTAS,88.59,91.37,91.37,99.45,114.01,92.57,48,45,53,40,,,,,
OCGN,88.59,91.37,91.37,99.45,114.01,92.57,48,45,53,40,,,,,
FE,88.59,91.37,91.37,99.45,114.01,92.57,48,45,53,40,,,,,
RUBI,88.59,91.37,91.37,99.45,114.01,92.57,48,45,53,40,2.64,0.0,3.29,3.29,0.18
ARIS,88.59,91.37,91.37,99.45,114.01,92.57,48,45,53,40,,,,,
CDTX,88.59,91.37,91.37,99.45,114.01,92.57,48,45,53,40,,,,,
SA,88.59,91.37,91.37,99.45,114.01,92.57,48,45,53,40,,,,,
CENN,88.59,91.37,91.37,99.45,114.01,92.57,48,45,53,40,,,,,
EME,88.59,91.37,91.37,99.45,114.01,92.57,48,45,53,40,,,,,
IDR,88.59,91.37,91.37,99.45,114.01,92.57,48,45,53,40,,,,,
CBRL,88.59,91.37,91.37,99.45,114.01,92.57,48,45,53,40,,,,,
OPEN,88.59,91.37,91.37,99.45,114.01,92.57,48,45,53,40,,,,,
FANG,88.59,91.37,91.37,99.45,114.01,92.57,48,45,53,40,,,,,
OKUR,88.59,91.37,91.37,99.45,114.01,92.57,48,45,53,40,,,,,
CAG,88.59,91.37,91.37,99.45,114.01,92.57,48,45,53,40,,,,,
AAPG,88.59,91.37,91.37,99.45,114.01,92.57,48,45,53,40,,,,,
CSWC,88.59,91.37,91.37,99.45,114.01,92.57,48,45,53,40,,,,,
FVNNU,88.59,91.37,91.37,99.45,114.01,92.57,48,45,53,40,,,,,
AMST,88.59,91.37,91.37,99.45,114.01,92.57,48,45,53,40,,,,,
MBIN,88.59,91.37,91.37,99.45,114.01,92.57,48,45,53,40,,,,,
ASTH,88.59,91.37,91.37,99.45,114.01,92.57,48,45,53,40,,,,,
KLXE,88.59,91.37,91.37,99.45,114.01,92.57,48,45,53,40,,,,,
QRHC,88.59,91.37,91.37,99.45,114.01,92.57,48,45,53,40,,,,,
CGCTU,88.59,91.37,91.37,99.45,114.01,92.57,48,45,53,40,,,,,
ASRT,88.59,91.37,91.37,99.45,114.01,92.57,48,45,53,40,,,,,
DNTH,88.59,91.37,91.37,99.45,114.01,92.57,48,45,53,40,,,,,
BARK,88.59,91.37,91.37,99.45,114.01,92.57,48,45,53,40,,,,,
SPXC,88.59,91.37,91.37,99.45,114.01,92.57,48,45,53,40,,,,,
ONIT,88.59,91.37,91.37,99.45,114.01,92.57,48,45,53,40,,,,,
CMC,88.59,91.37,91.37,99.45,114.01,92.57,48,45,53,40,,,,,
VRSK,88.59,91.37,91.37,99.45,114.01,92.57,48,45,53,40,,,,,
UVSP,88.59,91.37,91.37,99.45,114.01,92.57,48,45,53,40,,,,,
UAA,88.59,91.37,91.37,99.45,114.01,92.57,48,45,53,40,,,,,
PBM,88.59,91.37,91.37,99.45,114.01,92.57,48,45,53,40,,,,,
APYX,88.59,91.37,91.37,99.45,114.01,92.57,48,45,53,40,,,,,
ORKT,88.59,91.37,91.37,99.45,114.01,92.57,48,45,53,40,,,,,
SRI,88.59,91.37,91.37,99.45,114.01,92.57,48,45,53,40,,,,,
ULTA,88.59,91.37,91.37,99.45,114.01,92.57,48,45,53,40,,,,,
TDW,88.59,91.37,91.37,99.45,114.01,92.57,48,45,53,40,,,,,
INACU,88.59,91.37,91.37,99.45,114.01,92.57,48,45,53,40,10.13,1.0,10.06,10.06,0.2
WERN,88.59,91.37,91.37,99.45,114.01,92.57,48,45,53,40,,,,,
NLOP,88.59,91.37,91.37,99.45,114.01,92.57,48,45,53,40,,,,,
SLS,88.59,91.37,91.37,99.45,114.01,92.57,48,45,53,40,,,,,
LTRX,88.59,91.37,91.37,99.45,114.01,92.57,48,45,53,40,,,,,
STG,88.59,91.37,91.37,99.45,114.01,92.57,48,45,53,40,,,,,
AUST,88.59,91.37,91.37,99.45,114.01,92.57,48,45,53,40,,,,,
LH,88.59,91.37,91.37,99.45,114.01,92.57,48,45,53,40,,,,,
HNVR,88.59,91.37,91.37,99.45,114.01,92.57,48,45,53,40,,,,,
ABTS,88.59,91.37,91.37,99.45,114.01,92.57,48,45,53,40,,,,,
TYL,88.59,91.37,91.37,99.45,114.01,92.57,48,45,53,40,,,,,
LMND,88.59,91.37,91.37,99.45,114.01,92.57,48,45,53,40,,,,,
HBIO,88.59,91.37,91.37,99.45,114.01,92.57,48,45,53,40,,,,,
GOGO,88.59,91.37,91.37,99.45,114.01,92.57,48,45,53,40,,,,,
MIGI,88.59,91.37,91.37,99.45,114.01,92.57,48,45,53,40,,,,,
CHSN,88.59,91.37,91.37,99.45,114.01,92.57,48,45,53,40,,,,,
AGMH,88.59,91.37,91.37,99.45,114.01,92.57,48,45,53,40,,,,,
BHVN,88.59,91.37,91.37,99.45,114.01,92.57,48,45,53,40,,,,,
INTU,88.59,91.37,91.37,99.45,114.01,92.57,48,45,53,40,,,,,
AII,88.59,91.37,91.37,99.45,114.01,92.57,48,45,53,40,,,,,
TBHC,88.59,91.37,91.37,99.45,114.01,92.57,48,45,53,40,,,,,
CLBK,88.59,91.37,91.37,99.45,114.01,92.57,48,45,53,40,,,,,
NGS,88.59,91.37,91.37,99.45,114.01,92.57,48,45,53,40,,,,,
LIQT,88.59,91.37,91.37,99.45,114.01,92.57,48,45,53,40,,,,,
BZUN,88.59,91.37,91.37,99.45,114.01,92.57,48,45,53,40,,,,,
GPN,88.59,91.37,91.37,99.45,114.01,92.57,48,45,53,40,,,,,
BMI,88.59,91.37,91.37,99.45,114.01,92.57,48,45,53,40,,,,,
HAFC,88.59,91.37,91.37,99.45,114.01,92.57,48,45,53,40,,,,,
CJET,88.59,91.37,91.37,99.45,114.01,92.57,48,45,53,40,,,,,
RBLX,88.59,91.37,91.37,99.45,114.01,92.57,48,45,53,40,,,,,
ELTK,88.59,91.37,91.37,99.45,114.01,92.57,48,45,53,40,,,,,
OACC,88.59,91.37,91.37,99.45,114.01,92.57,48,45,53,40,,,,,
ORLA,88.59,91.37,91.37,99.45,114.01,92.57,48,45,53,40,,,,,
ALLT,88.59,91.37,91.37,99.45,114.01,92.57,48,45,53,40,,,,,
PLG,88.59,91.37,91.37,99.45,114.01,92.57,48,45,53,40,,,,,
ARLO,88.59,91.37,91.37,99.45,114.01,92.57,48,45,53,40,,,,,
EOG,88.59,91.37,91.37,99.45,114.01,92.57,48,45,53,40,,,,,
AXL,88.59,91.37,91.37,99.45,114.01,92.57,48,45,53,40,,,,,
COHR,88.59,91.37,91.37,99.45,114.01,92.57,48,45,53,40,,,,,
RUM,88.59,91.37,91.37,99.45,114.01,92.57,48,45,53,40,,,,,
NSA,88.59,91.37,91.37,99.45,114.01,92.57,48,45,53,40,,,,,
ENVA,88.59,91.37,91.37,99.45,114.01,92.57,48,45,53,40,,,,,
KN,88.59,91.37,91.37,99.45,114.01,92.57,48,45,53,40,,,,,
SLG,88.59,91.37,91.37,99.45,114.01,92.57,48,45,53,40,,,,,
MAYS,88.59,91.37,91.37,99.45,114.01,92.57,48,45,53,40,,,,,
TACHU,88.59,91.37,91.37,99.45,114.01,92.57,48,45,53,40,,,,,
TBBK,88.59,91.37,91.37,99.45,114.01,92.57,48,45,53,40,,,,,
HWKN,88.59,91.37,91.37,99.45,114.01,92.57,48,45,53,40,,,,,
CTBI,88.59,91.37,91.37,99.45,114.01,92.57,48,45,53,40,,,,,
SVII,88.59,91.37,91.37,99.45,114.01,92.57,48,45,53,40,,,,,
AIRG,88.59,91.37,91.37,99.45,114.01,92.57,48,45,53,40,,,,,
PRFX,88.59,91.37,91.37,99.45,114.01,92.57,48,45,53,40,,,,,
PVH,88.59,91.37,91.37,99.45,114.01,92.57,48,45,53,40,,,,,
DOMO,88.59,91.37,91.37,99.45,114.01,92.57,48,45,53,40,,,,,
VIST,88.59,91.37,91.37,99.45,114.01,92.57,48,45,53,40,,,,,
RELX,88.59,91.37,91.37,99.45,114.01,92.57,48,45,53,40,,,,,
CBSH,88.59,91.37,91.37,99.45,114.01,92.57,48,45,53,40,,,,,
UAMY,88.59,91.37,91.37,99.45,114.01,92.57,48,45,53,40,,,,,
VG,88.59,91.37,91.37,99.45,114.01,92.57,48,45,53,40,,,,,
NTWK,88.59,91.37,91.37,99.45,114.01,92.57,48,45,53,40,,,,,
ADPT,88.59,91.37,91.37,99.45,114.01,92.57,48,45,53,40,,,,,
IKT,88.59,91.37,91.37,99.45,114.01,92.57,48,45,53,40,,,,,
HMC,88.59,91.37,91.37,99.45,114.01,92.57,48,45,53,40,,,,,
CIVI,88.59,91.37,91.37,99.45,114.01,92.57,48,45,53,40,,,,,
CLX,88.59,91.37,91.37,99.45,114.01,92.57,48,45,53,40,,,,,
ALT,88.59,91.37,91.37,99.45,114.01,92.57,48,45,53,40,,,,,
FLO,88.59,91.37,91.37,99.45,114.01,92.57,48,45,53,40,,,,,
LGIH,88.59,91.37,91.37,99.45,114.01,92.57,48,45,53,40,,,,,
NRDY,88.59,91.37,91.37,99.45,114.01,92.57,48,45,53,40,,,,,
REPX,88.59,91.37,91.37,99.45,114.01,92.57,48,45,53,40,,,,,
CMPX,88.59,91.37,91.37,99.45,114.01,92.57,48,45,53,40,,,,,
ECX,88.59,91.37,91.37,99.45,114.01,92.57,48,45,53,40,,,,,
MWYN,88.59,91.37,91.37,99.45,114.01,92.57,48,45,53,40,,,,,
MOD,88.59,91.37,91.37,99.45,114.01,92.57,48,45,53,40,,,,,
BALL,88.59,91.37,91.37,99.45,114.01,92.57,48,45,53,40,,,,,
UVV,88.59,91.37,91.37,99.45,114.01,92.57,48,45,53,40,,,,,
VERA,88.59,91.37,91.37,99.45,114.01,92.57,48,45,53,40,,,,,
NMPAU,88.59,91.37,91.37,99.45,114.01,92.57,48,45,53,40,10.06,0.95,10.02,10.02,0.02
FGBIP,88.59,91.37,91.37,99.45,114.01,92.57,48,45,53,40,,,,,
CASK,88.59,91.37,91.37,99.45,114.01,92.57,48,45,53,40,,,,,
SUZ,88.59,91.37,91.37,99.45,114.01,92.57,48,45,53,40,,,,,
VTSI,88.59,91.37,91.37,99.45,114.01,92.57,48,45,53,40,,,,,
PBI,88.59,91.37,91.37,99.45,114.01,92.57,48,45,53,40,,,,,
EXC,88.59,91.37,91.37,99.45,114.01,92.57,48,45,53,40,,,,,
BWFG,88.59,91.37,91.37,99.45,114.01,92.57,48,45,53,40,,,,,
KOS,88.59,91.37,91.37,99.45,114.01,92.57,48,45,53,40,,,,,
ATMCU,88.59,91.37,91.37,99.45,114.01,92.57,48,45,53,40,,,,,
PCAP,88.59,91.37,91.37,99.45,114.01,92.57,48,45,53,40,10.31,0.0,10.43,10.43,1.36
IMTX,88.59,91.37,91.37,99.45,114.01,92.57,48,45,53,40,,,,,
LSH,88.59,91.37,91.37,99.45,114.01,92.57,48,45,53,40,,,,,
GSUN,88.59,91.37,91.37,99.45,114.01,92.57,48,45,53,40,,,,,
TM,88.59,91.37,91.37,99.45,114.01,92.57,48,45,53,40,,,,,
VNTG,88.59,91.37,91.37,99.45,114.01,92.57,48,45,53,40,,,,,
UFG,88.59,91.37,91.37,99.45,114.01,92.57,48,45,53,40,,,,,
AMTB,88.59,91.37,91.37,99.45,114.01,92.57,48,45,53,40,,,,,
XWEL,88.59,91.37,91.37,99.45,114.01,92.57,48,45,53,40,,,,,
DY,88.59,91.37,91.37,99.45,114.01,92.57,48,45,53,40,,,,,
IPSC,88.59,91.37,91.37,99.45,114.01,92.57,48,45,53,40,,,,,
BKKT,88.59,91.37,91.37,99.45,114.01,92.57,48,45,53,40,,,,,
SOTK,88.59,91.37,91.37,99.45,114.01,92.57,48,45,53,40,,,,,
DIN,88.59,91.37,91.37,99.45,114.01,92.57,48,45,53,40,,,,,
CLMB,88.59,91.37,91.37,99.45,114.01,92.57,48,45,53,40,,,,,
CING,88.59,91.37,91.37,99.45,114.01,92.57,48,45,53,40,,,,,
BMY,88.59,91.37,91.37,99.45,114.01,92.57,48,45,53,40,,,,,
TVA,88.59,91.37,91.37,99.45,114.01,92.57,48,45,53,40,,,,,
RRBI,88.59,91.37,91.37,99.45,114.01,92.57,48,45,53,40,,,,,
RNG,88.59,91.37,91.37,99.45,114.01,92.57,48,45,53,40,,,,,
CCI,88.59,91.37,91.37,99.45,114.01,92.57,48,45,53,40,,,,,
BLZE,88.59,91.37,91.37,99.45,114.01,92.57,48,45,53,40,,,,,
GGB,88.59,91.37,91.37,99.45,114.01,92.57,48,45,53,40,,,,,
NXTC,88.59,91.37,91.37,99.45,114.01,92.57,48,45,53,40,,,,,
ESS,88.59,91.37,91.37,99.45,114.01,92.57,48,45,53,40,,,,,
TYGO,88.59,91.37,91.37,99.45,114.01,92.57,48,45,53,40,,,,,
ATHM,88.59,91.37,91.37,99.45,114.01,92.57,48,45,53,40,,,,,
GVH,88.59,91.37,91.37,99.45,114.01,92.57,48,45,53,40,,,,,
FOUR,88.59,91.37,91.37,99.45,114.01,92.57,48,45,53,40,,,,,
MANH,88.59,91.37,91.37,99.45,114.01,92.57,48,45,53,40,,,,,
ZVRA,88.59,91.37,91.37,99.45,114.01,92.57,48,45,53,40,,,,,
VZLA,88.59,91.37,91.37,99.45,114.01,92.57,48,45,53,40,,,,,
XBIO,88.59,91.37,91.37,99.45,114.01,92.57,48,45,53,40,,,,,
MAYAU,88.59,91.37,91.37,99.45,114.01,92.57,48,45,53,40,,,,,
FTRK,88.59,91.37,91.37,99.45,114.01,92.57,48,45,53,40,,,,,
EGY,88.59,91.37,91.37,99.45,114.01,92.57,48,45,53,40,,,,,
SBRA,88.59,91.37,91.37,99.45,114.01,92.57,48,45,53,40,,,,,
SANG,88.59,91.37,91.37,99.45,114.01,92.57,48,45,53,40,,,,,
BRFS,88.59,91.37,91.37,99.45,114.01,92.57,48,45,53,40,,,,,
D,88.59,91.37,91.37,99.45,114.01,92.57,48,45,53,40,,,,,
TOVX,88.59,91.37,91.37,99.45,114.01,92.57,48,45,53,40,,,,,
RMR,88.59,91.37,91.37,99.45,114.01,92.57,48,45,53,40,,,,,
SND,88.59,91.37,91.37,99.45,114.01,92.57,48,45,53,40,,,,,
TOYO,88.59,91.37,91.37,99.45,114.01,92.57,48,45,53,40,,,,,
ARRY,88.59,91.37,91.37,99.45,114.01,92.57,48,45,53,40,,,,,
DLXY,88.59,91.37,91.37,99.45,114.01,92.57,48,45,53,40,4.78,0.34,4.84,4.84,0.09
AVA,88.59,90.81,94.35,111.67,131.52,95.75,48,82,89,69,37.32,0.4,37.69,37.66,1.46
FCAP,88.59,91.37,91.37,99.45,114.01,92.57,48,45,53,40,,,,,
APADU,88.59,91.37,91.37,99.45,114.01,92.57,48,45,53,40,10.06,1.0,10.02,10.02,0.02
GRCE,88.59,91.37,91.37,99.45,114.01,92.57,48,45,53,40,,,,,
FIP,88.59,91.37,91.37,99.45,114.01,92.57,48,45,53,40,,,,,
AMWD,88.59,91.37,91.37,99.45,114.01,92.57,48,45,53,40,,,,,
KBR,88.59,91.37,91.37,99.45,114.01,92.57,48,45,53,40,,,,,
UPS,88.59,91.37,91.37,99.45,114.01,92.57,48,45,53,40,,,,,
DAL,88.59,91.37,91.37,99.45,114.01,92.57,48,45,53,40,,,,,
BFLY,88.59,91.37,91.37,99.45,114.01,92.57,48,45,53,40,,,,,
BATRA,88.59,91.37,91.37,99.45,114.01,92.57,48,45,53,40,,,,,
ANSC,88.59,91.37,91.37,99.45,114.01,92.57,48,45,53,40,,,,,
JACS,88.59,91.37,91.37,99.45,114.01,92.57,48,45,53,40,,,,,
VWAV,88.59,91.37,91.37,99.45,114.01,92.57,48,45,53,40,,,,,
ACON,88.59,91.37,91.37,99.45,114.01,92.57,48,45,53,40,,,,,
STNE,88.59,91.37,91.37,99.45,114.01,92.57,48,45,53,40,,,,,
AMBO,88.59,91.37,91.37,99.45,114.01,92.57,48,45,53,40,,,,,
XPL,88.59,91.37,91.37,99.45,114.01,92.57,48,45,53,40,,,,,
MSGM,88.59,91.37,91.37,99.45,114.01,92.57,48,45,53,40,,,,,
GSAT,88.59,91.37,91.37,99.45,114.01,92.57,48,45,53,40,,,,,
HBNC,88.59,91.37,91.37,99.45,114.01,92.57,48,45,53,40,,,,,
ZOOZ,88.59,91.37,91.37,99.45,114.01,92.57,48,45,53,40,,,,,
EGHT,88.59,91.37,91.37,99.45,114.01,92.57,48,45,53,40,,,,,
ARX,88.59,91.37,91.37,99.45,114.01,92.57,48,45,53,40,27.53,0.31,27.91,27.91,0.2
ASTE,88.59,91.37,91.37,99.45,114.01,92.57,48,45,53,40,,,,,
XCUR,88.59,91.37,91.37,99.45,114.01,92.57,48,45,53,40,,,,,
VTRS,88.59,91.37,91.37,99.45,114.01,92.57,48,45,53,40,,,,,
CELC,88.59,91.37,91.37,99.45,114.01,92.57,48,45,53,40,,,,,
NCNA,88.59,91.37,91.37,99.45,114.01,92.57,48,45,53,40,,,,,
PII,88.59,91.37,91.37,99.45,114.01,92.57,48,45,53,40,,,,,
WFCF,88.59,91.37,91.37,99.45,114.01,92.57,48,45,53,40,,,,,
GRNT,88.59,91.37,91.37,99.45,114.01,92.57,48,45,53,40,,,,,
TVGN,88.59,91.37,91.37,99.45,114.01,92.57,48,45,53,40,,,,,
AMBA,88.59,91.37,91.37,99.45,114.01,92.57,48,45,53,40,,,,,
CPBI,88.59,91.37,91.37,99.45,114.01,92.57,48,45,53,40,,,,,
CERT,88.59,91.37,91.37,99.45,114.01,92.57,48,45,53,40,,,,,
AIOT,88.59,91.37,91.37,99.45,114.01,92.57,48,45,53,40,,,,,
ONEG,88.59,91.37,91.37,99.45,114.01,92.57,48,45,53,40,,,,,
AAMI,88.59,91.37,91.37,99.45,114.01,92.57,48,45,53,40,,,,,
ARTL,88.59,91.37,91.37,99.45,114.01,92.57,48,45,53,40,,,,,
CURB,88.59,91.37,91.37,99.45,114.01,92.57,48,45,53,40,,,,,
GBDC,88.59,91.37,91.37,99.45,114.01,92.57,48,45,53,40,,,,,
JEM,88.59,91.37,91.37,99.45,114.01,92.57,48,45,53,40,,,,,
SNDA,88.59,91.37,91.37,99.45,114.01,92.57,48,45,53,40,,,,,
EURK,88.59,91.37,91.37,99.45,114.01,92.57,48,45,53,40,,,,,
VRTS,88.59,91.37,91.37,99.45,114.01,92.57,48,45,53,40,,,,,
BCS,88.59,91.37,91.37,99.45,114.01,92.57,48,45,53,40,,,,,
SRRK,88.59,91.37,91.37,99.45,114.01,92.57,48,45,53,40,,,,,
FSUN,88.59,91.37,91.37,99.45,114.01,92.57,48,45,53,40,,,,,
IBOC,88.59,91.37,91.37,99.45,114.01,92.57,48,45,53,40,,,,,
COLAU,88.59,91.37,91.37,99.45,114.01,92.57,48,45,53,40,,,,,
PMTS,88.59,91.37,91.37,99.45,114.01,92.57,48,45,53,40,,,,,
WLYB,88.59,91.37,91.37,99.45,114.01,92.57,48,45,53,40,,,,,
DKL,88.59,91.37,91.37,99.45,114.01,92.57,48,45,53,40,,,,,
CRM,88.59,91.37,91.37,99.45,114.01,92.57,48,45,53,40,,,,,
MNR,88.59,91.37,91.37,99.45,114.01,92.57,48,45,53,40,,,,,
RDGT,88.59,91.37,91.37,99.45,114.01,92.57,48,45,53,40,,,,,
LZMH,88.59,91.37,91.37,99.45,114.01,92.57,48,45,53,40,,,,,
DHC,88.59,91.37,91.37,99.45,114.01,92.57,48,45,53,40,,,,,
IOR,88.59,91.37,91.37,99.45,114.01,92.57,48,45,53,40,,,,,
JMSB,88.59,91.37,91.37,99.45,114.01,92.57,48,45,53,40,,,,,
IVDA,88.59,91.37,91.37,99.45,114.01,92.57,48,45,53,40,,,,,
AIFF,88.59,91.37,91.37,99.45,114.01,92.57,48,45,53,40,,,,,
SNDK,88.59,91.37,91.37,99.45,114.01,92.57,48,45,53,40,,,,,
BOH,88.59,91.37,91.37,99.45,114.01,92.57,48,45,53,40,,,,,
MTX,88.59,91.37,91.37,99.45,114.01,92.57,48,45,53,40,,,,,
DGLY,88.59,91.37,91.37,99.45,114.01,92.57,48,45,53,40,,,,,
SBAC,88.59,91.37,91.37,99.45,114.01,92.57,48,45,53,40,,,,,
CLPR,88.59,91.37,91.37,99.45,114.01,92.57,48,45,53,40,,,,,
ELPW,88.59,91.37,91.37,99.45,114.01,92.57,48,45,53,40,,,,,
NKSH,88.59,91.37,91.37,99.45,114.01,92.57,48,45,53,40,,,,,
GSHD,88.59,91.37,91.37,99.45,114.01,92.57,48,45,53,40,,,,,
FBRT,88.59,91.37,91.37,99.45,114.01,92.57,48,45,53,40,,,,,
PTIX,88.59,91.37,91.37,99.45,114.01,92.57,48,45,53,40,,,,,
SRXH,88.59,91.37,91.37,99.45,114.01,92.57,48,45,53,40,,,,,
VIRC,88.59,91.37,91.37,99.45,114.01,92.57,48,45,53,40,,,,,
BTCM,88.59,91.37,91.37,99.45,114.01,92.57,48,45,53,40,,,,,
EPAM,88.59,91.37,91.37,99.45,114.01,92.57,48,45,53,40,,,,,
TBRG,88.59,91.37,91.37,99.45,114.01,92.57,48,45,53,40,,,,,
RCKY,88.59,91.37,91.37,99.45,114.01,92.57,48,45,53,40,,,,,
KLTO,88.59,91.37,91.37,99.45,114.01,92.57,48,45,53,40,,,,,
EDU,88.59,91.37,91.37,99.45,114.01,92.57,48,45,53,40,,,,,
STEC,88.59,91.37,91.37,99.45,114.01,92.57,48,45,53,40,,,,,
TNC,88.59,91.37,91.37,99.45,114.01,92.57,48,45,53,40,,,,,
ASBP,88.59,91.37,91.37,99.45,114.01,92.57,48,45,53,40,,,,,
RRX,88.59,91.37,91.37,99.45,114.01,92.57,48,45,53,40,,,,,
CXAI,88.59,91.37,91.37,99.45,114.01,92.57,48,45,53,40,,,,,
ASML,88.59,91.37,91.37,99.45,114.01,92.57,48,45,53,40,,,,,
CMMB,88.59,91.37,91.37,99.45,114.01,92.57,48,45,53,40,,,,,
MTZ,88.59,91.37,91.37,99.45,114.01,92.57,48,45,53,40,,,,,
SEZL,88.59,91.37,91.37,99.45,114.01,92.57,48,45,53,40,,,,,
DIBS,88.59,91.37,91.37,99.45,114.01,92.57,48,45,53,40,,,,,
VBTX,88.59,91.37,91.37,99.45,114.01,92.57,48,45,53,40,,,,,
UE,88.59,91.37,91.37,99.45,114.01,92.57,48,45,53,40,,,,,
NBHC,88.59,91.37,91.37,99.45,114.01,92.57,48,45,53,40,,,,,
CAPT,88.59,91.37,91.37,99.45,114.01,92.57,48,45,53,40,,,,,
TSEM,88.59,91.37,91.37,99.45,114.01,92.57,48,45,53,40,,,,,
NCNO,88.59,91.37,91.37,99.45,114.01,92.57,48,45,53,40,,,,,
NVR,88.59,91.37,91.37,99.45,114.01,92.57,48,45,53,40,,,,,
PAM,88.59,91.37,91.37,99.45,114.01,92.57,48,45,53,40,,,,,
ILMN,88.59,91.37,91.37,99.45,114.01,92.57,48,45,53,40,,,,,
FOX,88.59,91.37,91.37,99.45,114.01,92.57,48,45,53,40,,,,,
HIMS,88.59,91.37,91.37,99.45,114.01,92.57,48,45,53,40,,,,,
CRGY,88.59,91.37,91.37,99.45,114.01,92.57,48,45,53,40,,,,,
CRBU,88.59,91.37,91.37,99.45,114.01,92.57,48,45,53,40,,,,,
RZLV,88.59,91.37,91.37,99.45,114.01,92.57,48,45,53,40,,,,,
IMKTA,88.59,91.37,91.37,99.45,114.01,92.57,48,45,53,40,,,,,
PLRX,88.59,91.37,91.37,99.45,114.01,92.57,48,45,53,40,,,,,
ANGO,88.59,91.37,91.37,99.45,114.01,92.57,48,45,53,40,,,,,
IOSP,88.59,91.37,91.37,99.45,114.01,92.57,48,45,53,40,,,,,
CADE,88.59,91.37,91.37,99.45,114.01,92.57,48,45,53,40,,,,,
RUN,88.59,91.37,91.37,99.45,114.01,92.57,48,45,53,40,,,,,
BBDC,88.59,91.37,91.37,99.45,114.01,92.57,48,45,53,40,,,,,
LEGH,88.59,91.37,91.37,99.45,114.01,92.57,48,45,53,40,,,,,
JOBY,88.59,91.37,91.37,99.45,114.01,92.57,48,45,53,40,,,,,
OTRK,88.59,91.37,91.37,99.45,114.01,92.57,48,45,53,40,,,,,
LVLU,88.59,91.37,91.37,99.45,114.01,92.57,48,45,53,40,,,,,
AEI,88.59,91.37,91.37,99.45,114.01,92.57,48,45,53,40,,,,,
BOWNU,88.59,91.37,91.37,99.45,114.01,92.57,48,45,53,40,,,,,
BV,88.59,91.37,91.37,99.45,114.01,92.57,48,45,53,40,,,,,
PFLT,88.59,91.37,91.37,99.45,114.01,92.57,48,45,53,40,,,,,
UBCP,88.59,91.37,91.37,99.45,114.01,92.57,48,45,53,40,,,,,
LINK,88.59,91.37,91.37,99.45,114.01,92.57,48,45,53,40,,,,,
CAPNU,88.59,91.37,91.37,99.45,114.01,92.57,48,45,53,40,,,,,
LYEL,88.59,91.37,91.37,99.45,114.01,92.57,48,45,53,40,,,,,
RCL,88.59,91.37,91.37,99.45,114.01,92.57,48,45,53,40,,,,,
XOMAO,88.59,91.37,91.37,99.45,114.01,92.57,48,45,53,40,,,,,
HHS,88.59,91.37,91.37,99.45,114.01,92.57,48,45,53,40,,,,,
AIG,88.59,91.37,91.37,99.45,114.01,92.57,48,45,53,40,,,,,
IT,88.59,91.37,91.37,99.45,114.01,92.57,48,45,53,40,,,,,
PMT,88.59,91.37,91.37,99.45,114.01,92.57,48,45,53,40,,,,,
DOW,88.59,91.37,91.37,99.45,114.01,92.57,48,45,53,40,,,,,
VNMEU,88.59,91.37,91.37,99.45,114.01,92.57,48,45,53,40,10.05,1.0,10.0,10.0,0.0
SOND,88.59,91.37,91.37,99.45,114.01,92.57,48,45,53,40,,,,,
NSPR,88.59,91.37,91.37,99.45,114.01,92.57,48,45,53,40,,,,,
C,88.59,91.37,91.37,99.45,114.01,92.57,48,45,53,40,,,,,
AVBC,88.59,91.37,91.37,99.45,114.01,92.57,48,45,53,40,14.58,0.82,14.48,14.48,0.36
BWLP,88.59,91.37,91.37,99.45,114.01,92.57,48,45,53,40,,,,,
POLE,88.59,91.37,91.37,99.45,114.01,92.57,48,45,53,40,,,,,
UFCS,88.59,91.37,91.37,99.45,114.01,92.57,48,45,53,40,,,,,
DOUG,88.59,91.37,91.37,99.45,114.01,92.57,48,45,53,40,,,,,
ARQT,88.59,91.37,91.37,99.45,114.01,92.57,48,45,53,40,,,,,
RETO,88.59,91.37,91.37,99.45,114.01,92.57,48,45,53,40,,,,,
RERE,88.59,91.37,91.37,99.45,114.01,92.57,48,45,53,40,,,,,
MITQ,88.59,91.37,91.37,99.45,114.01,92.57,48,45,53,40,,,,,
MTDR,88.59,91.37,91.37,99.45,114.01,92.57,48,45,53,40,,,,,
BCSF,88.59,91.37,91.37,99.45,114.01,92.57,48,45,53,40,,,,,
CIG,88.59,91.37,91.37,99.45,114.01,92.57,48,45,53,40,,,,,
DOOO,88.59,91.37,91.37,99.45,114.01,92.57,48,45,53,40,,,,,
LICN,88.59,91.37,91.37,99.45,114.01,92.57,48,45,53,40,,,,,
BLFS,88.59,91.37,91.37,99.45,114.01,92.57,48,45,53,40,,,,,
ADXN,88.59,91.37,91.37,99.45,114.01,92.57,48,45,53,40,,,,,
ZM,88.59,91.37,91.37,99.45,114.01,92.57,48,45,53,40,,,,,
TFSL,88.59,91.37,91.37,99.45,114.01,92.57,48,45,53,40,,,,,
ACGLN,88.59,91.37,91.37,99.45,114.01,92.57,48,45,53,40,,,,,
IOTR,88.59,91.37,91.37,99.45,114.01,92.57,48,45,53,40,,,,,
HTB,88.59,91.37,91.37,99.45,114.01,92.57,48,45,53,40,,,,,
CSPI,88.59,91.37,91.37,99.45,114.01,92.57,48,45,53,40,,,,,
SVRE,88.59,91.37,91.37,99.45,114.01,92.57,48,45,53,40,,,,,
MG,88.59,91.37,91.37,99.45,114.01,92.57,48,45,53,40,,,,,
ERIC,88.59,91.37,91.37,99.45,114.01,92.57,48,45,53,40,,,,,
SB,88.59,91.37,91.37,99.45,114.01,92.57,48,45,53,40,,,,,
RMCF,88.59,91.37,91.37,99.45,114.01,92.57,48,45,53,40,,,,,
TRU,88.59,91.37,91.37,99.45,114.01,92.57,48,45,53,40,,,,,
MKZR,88.59,91.37,91.37,99.45,114.01,92.57,48,45,53,40,,,,,
PKOH,88.59,91.37,91.37,99.45,114.01,92.57,48,45,53,40,,,,,
BHRB,88.59,91.37,91.37,99.45,114.01,92.57,48,45,53,40,,,,,
HUM,88.59,91.37,91.37,99.45,114.01,92.57,48,45,53,40,,,,,
IONR,88.59,91.37,91.37,99.45,114.01,92.57,48,45,53,40,,,,,
CI,88.59,91.37,91.37,99.45,114.01,92.57,48,45,53,40,,,,,
ASTC,88.59,91.37,91.37,99.45,114.01,92.57,48,45,53,40,,,,,
LYG,88.59,91.37,91.37,99.45,114.01,92.57,48,45,53,40,,,,,
LITM,88.59,91.37,91.37,99.45,114.01,92.57,48,45,53,40,,,,,
BWAY,88.59,91.37,91.37,99.45,114.01,92.57,48,45,53,40,,,,,
KXIN,88.59,91.37,91.37,99.45,114.01,92.57,48,45,53,40,,,,,
APTV,88.59,91.37,91.37,99.45,114.01,92.57,48,45,53,40,,,,,
WGO,88.59,91.37,91.37,99.45,114.01,92.57,48,45,53,40,,,,,
IOT,88.59,91.37,91.37,99.45,114.01,92.57,48,45,53,40,,,,,
ATAT,88.59,91.37,91.37,99.45,114.01,92.57,48,45,53,40,,,,,
CENX,88.59,91.37,91.37,99.45,114.01,92.57,48,45,53,40,,,,,
SUGP,88.59,91.37,91.37,99.45,114.01,92.57,48,45,53,40,,,,,
MCBS,88.59,91.37,91.37,99.45,114.01,92.57,48,45,53,40,,,,,
NWPX,88.59,91.37,91.37,99.45,114.01,92.57,48,45,53,40,,,,,
SITE,88.59,91.37,91.37,99.45,114.01,92.57,48,45,53,40,,,,,
ESPR,88.59,91.37,91.37,99.45,114.01,92.57,48,45,53,40,,,,,
ASX,88.59,91.37,91.37,99.45,114.01,92.57,48,45,53,40,,,,,
MRC,88.59,91.37,91.37,99.45,114.01,92.57,48,45,53,40,,,,,
HLI,88.59,91.37,91.37,99.45,114.01,92.57,48,45,53,40,,,,,
SYBT,88.59,91.37,91.37,99.45,114.01,92.57,48,45,53,40,,,,,
EG,88.59,91.37,91.37,99.45,114.01,92.57,48,45,53,40,,,,,
BHFAO,88.59,91.37,91.37,99.45,114.01,92.57,48,45,53,40,,,,,
HOOD,88.59,91.37,91.37,99.45,114.01,92.57,48,45,53,40,,,,,
SPRO,88.59,91.37,91.37,99.45,114.01,92.57,48,45,53,40,,,,,
STRO,88.59,91.37,91.37,99.45,114.01,92.57,48,45,53,40,,,,,
ALC,88.59,91.37,91.37,99.45,114.01,92.57,48,45,53,40,,,,,
WCT,88.59,91.37,91.37,99.45,114.01,92.57,48,45,53,40,,,,,
PLPC,88.59,91.37,91.37,99.45,114.01,92.57,48,45,53,40,,,,,
ESLA,88.59,91.37,91.37,99.45,114.01,92.57,48,45,53,40,,,,,
MBCN,88.59,91.37,91.37,99.45,114.01,92.57,48,45,53,40,,,,,
ROL,88.59,91.37,91.37,99.45,114.01,92.57,48,45,53,40,,,,,
UHAL,88.59,91.37,91.37,99.45,114.01,92.57,48,45,53,40,,,,,
TOWN,88.59,91.37,91.37,99.45,114.01,92.57,48,45,53,40,,,,,
NXGL,88.59,91.37,91.37,99.45,114.01,92.57,48,45,53,40,,,,,
INTJ,88.59,91.37,91.37,99.45,114.01,92.57,48,45,53,40,,,,,
EDRY,88.59,91.37,91.37,99.45,114.01,92.57,48,45,53,40,,,,,
HVT,88.59,91.37,91.37,99.45,114.01,92.57,48,45,53,40,,,,,
KRO,88.59,91.37,91.37,99.45,114.01,92.57,48,45,53,40,,,,,
PRME,88.59,91.37,91.37,99.45,114.01,92.57,48,45,53,40,,,,,
SRPT,88.59,91.37,91.37,99.45,114.01,92.57,48,45,53,40,,,,,
GKOS,88.59,91.37,91.37,99.45,114.01,92.57,48,45,53,40,,,,,
SUI,88.59,91.37,91.37,99.45,114.01,92.57,48,45,53,40,,,,,
OEC,88.59,91.37,91.37,99.45,114.01,92.57,48,45,53,40,,,,,
QUIK,88.59,91.37,91.37,99.45,114.01,92.57,48,45,53,40,,,,,
BIPC,88.59,91.37,91.37,99.45,114.01,92.57,48,45,53,40,,,,,
TATT,88.59,91.37,91.37,99.45,114.01,92.57,48,45,53,40,,,,,
TITN,88.59,91.37,91.37,99.45,114.01,92.57,48,45,53,40,,,,,
EPSN,88.59,91.37,91.37,99.45,114.01,92.57,48,45,53,40,,,,,
TWFG,88.59,91.37,91.37,99.45,114.01,92.57,48,45,53,40,,,,,
GSBC,88.59,91.37,91.37,99.45,114.01,92.57,48,45,53,40,,,,,
RPM,88.59,91.37,91.37,99.45,114.01,92.57,48,45,53,40,,,,,
FMST,88.59,91.37,91.37,99.45,114.01,92.57,48,45,53,40,,,,,
DYNX,88.59,91.37,91.37,99.45,114.01,92.57,48,45,53,40,,,,,
IMAX,88.59,91.37,91.37,99.45,114.01,92.57,48,45,53,40,,,,,
FGMCU,88.59,91.37,91.37,99.45,114.01,92.57,48,45,53,40,,,,,
EGP,88.59,91.37,91.37,99.45,114.01,92.57,48,45,53,40,,,,,
NXE,88.59,91.37,91.37,99.45,114.01,92.57,48,45,53,40,,,,,
JBHT,88.59,91.37,91.37,99.45,114.01,92.57,48,45,53,40,,,,,
PTHL,88.59,91.37,91.37,99.45,114.01,92.57,48,45,53,40,,,,,
CTSH,88.59,91.37,91.37,99.45,114.01,92.57,48,45,53,40,,,,,
ZETA,88.59,91.37,91.37,99.45,114.01,92.57,48,45,53,40,,,,,
LADR,88.59,91.37,91.37,99.45,114.01,92.57,48,45,53,40,,,,,
AHCO,88.59,91.37,91.37,99.45,114.01,92.57,48,45,53,40,,,,,
IMNM,88.59,91.37,91.37,99.45,114.01,92.57,48,45,53,40,,,,,
HESM,88.59,91.37,91.37,99.45,114.01,92.57,48,45,53,40,,,,,
HBANL,88.59,91.37,91.37,99.45,114.01,92.57,48,45,53,40,,,,,
SBFM,88.59,91.37,91.37,99.45,114.01,92.57,48,45,53,40,,,,,
CTLP,88.59,91.37,91.37,99.45,114.01,92.57,48,45,53,40,,,,,
TBCH,88.59,91.37,91.37,99.45,114.01,92.57,48,45,53,40,,,,,
CLLS,88.59,91.37,91.37,99.45,114.01,92.57,48,45,53,40,,,,,
SDRL,88.59,91.37,91.37,99.45,114.01,92.57,48,45,53,40,,,,,
TUSK,88.59,91.37,91.37,99.45,114.01,92.57,48,45,53,40,,,,,
EBF,88.59,91.37,91.37,99.45,114.01,92.57,48,45,53,40,,,,,
KODK,88.59,91.37,91.37,99.45,114.01,92.57,48,45,53,40,,,,,
EVTL,88.59,91.37,91.37,99.45,114.01,92.57,48,45,53,40,,,,,
ATHA,88.59,91.37,91.37,99.45,114.01,92.57,48,45,53,40,,,,,
PFS,88.59,91.37,91.37,99.45,114.01,92.57,48,45,53,40,,,,,
DORM,88.59,91.37,91.37,99.45,114.01,92.57,48,45,53,40,,,,,
TGL,88.59,91.37,91.37,99.45,114.01,92.57,48,45,53,40,,,,,
LPTX,88.59,91.37,91.37,99.45,114.01,92.57,48,45,53,40,,,,,
SRBK,88.59,91.37,91.37,99.45,114.01,92.57,48,45,53,40,,,,,
LVTX,88.59,91.37,91.37,99.45,114.01,92.57,48,45,53,40,,,,,
DRRX,88.59,91.37,91.37,99.45,114.01,92.57,48,45,53,40,,,,,
NMFC,88.59,91.37,91.37,99.45,114.01,92.57,48,45,53,40,,,,,
QMCO,88.59,91.37,91.37,99.45,114.01,92.57,48,45,53,40,,,,,
HIT,88.59,91.37,91.37,99.45,114.01,92.57,48,45,53,40,,,,,
ONB,88.59,91.37,91.37,99.45,114.01,92.57,48,45,53,40,,,,,
MGX,88.59,91.37,91.37,99.45,114.01,92.57,48,45,53,40,,,,,
DVA,88.59,91.37,91.37,99.45,114.01,92.57,48,45,53,40,,,,,
JENA,88.59,91.37,91.37,99.45,114.01,92.57,48,45,53,40,,,,,
TGNA,88.59,91.37,91.37,99.45,114.01,92.57,48,45,53,40,,,,,
INEO,88.59,91.37,91.37,99.45,114.01,92.57,48,45,53,40,,,,,
CGCT,88.59,91.37,91.37,99.45,114.01,92.57,48,45,53,40,,,,,
INCR,88.59,91.37,91.37,99.45,114.01,92.57,48,45,53,40,,,,,
PIPR,88.59,91.37,91.37,99.45,114.01,92.57,48,45,53,40,,,,,
SST,88.59,91.37,91.37,99.45,114.01,92.57,48,45,53,40,,,,,
TNGX,88.59,91.37,91.37,99.45,114.01,92.57,48,45,53,40,,,,,
IIIN,88.59,91.37,91.37,99.45,114.01,92.57,48,45,53,40,,,,,
HTGC,88.59,91.37,91.37,99.45,114.01,92.57,48,45,53,40,,,,,
MSN,88.59,91.37,91.37,99.45,114.01,92.57,48,45,53,40,,,,,
MARPS,88.59,91.37,91.37,99.45,114.01,92.57,48,45,53,40,,,,,
KPRX,88.59,91.37,91.37,99.45,114.01,92.57,48,45,53,40,,,,,
TCBI,88.59,91.37,91.37,99.45,114.01,92.57,48,45,53,40,,,,,
VLN,88.59,91.37,91.37,99.45,114.01,92.57,48,45,53,40,,,,,
AZ,88.59,91.37,91.37,99.45,114.01,92.57,48,45,53,40,,,,,
UMBFO,88.59,91.37,91.37,99.45,114.01,92.57,48,45,53,40,26.05,0.64,25.93,25.93,0.14
ASO,88.59,91.37,91.37,99.45,114.01,92.57,48,45,53,40,,,,,
ARE,88.59,91.37,91.37,99.45,114.01,92.57,48,45,53,40,,,,,
PFIS,88.59,91.37,91.37,99.45,114.01,92.57,48,45,53,40,,,,,
APAM,88.59,91.37,91.37,99.45,114.01,92.57,48,45,53,40,,,,,
GENC,88.59,91.37,91.37,99.45,114.01,92.57,48,45,53,40,,,,,
CBFV,88.59,91.37,91.37,99.45,114.01,92.57,48,45,53,40,,,,,
HASI,88.59,91.37,91.37,99.45,114.01,92.57,48,45,53,40,,,,,
MCW,88.59,91.37,91.37,99.45,114.01,92.57,48,45,53,40,,,,,
WHG,88.59,91.37,91.37,99.45,114.01,92.57,48,45,53,40,,,,,
DDL,88.59,91.37,91.37,99.45,114.01,92.57,48,45,53,40,,,,,
NVCR,88.59,91.37,91.37,99.45,114.01,92.57,48,45,53,40,,,,,
FTI,88.59,91.37,91.37,99.45,114.01,92.57,48,45,53,40,,,,,
MSEX,88.59,91.37,91.37,99.45,114.01,92.57,48,45,53,40,,,,,
SHOP,88.59,91.37,91.37,99.45,114.01,92.57,48,45,53,40,,,,,
MBWM,88.59,91.37,91.37,99.45,114.01,92.57,48,45,53,40,,,,,
NGVC,88.59,91.37,91.37,99.45,114.01,92.57,48,45,53,40,,,,,
ORGN,88.59,91.37,91.37,99.45,114.01,92.57,48,45,53,40,,,,,
BEP,88.59,91.37,91.37,99.45,114.01,92.57,48,45,53,40,,,,,
YETI,88.59,91.37,91.37,99.45,114.01,92.57,48,45,53,40,,,,,
CSCO,88.59,91.37,91.37,99.45,114.01,92.57,48,45,53,40,,,,,
GOLF,88.59,91.37,91.37,99.45,114.01,92.57,48,45,53,40,,,,,
TSE,88.59,91.37,91.37,99.45,114.01,92.57,48,45,53,40,,,,,
HCA,88.59,91.37,91.37,99.45,114.01,92.57,48,45,53,40,,,,,
MSFT,88.59,91.37,91.37,99.45,114.01,92.57,48,45,53,40,,,,,
WTRG,88.59,91.37,91.37,99.45,114.01,92.57,48,45,53,40,,,,,
JFIN,88.59,91.37,91.37,99.45,114.01,92.57,48,45,53,40,,,,,
SPGI,88.59,91.37,91.37,99.45,114.01,92.57,48,45,53,40,,,,,
CRE,88.59,91.37,91.37,99.45,114.01,92.57,48,45,53,40,,,,,
SNAP,88.59,91.37,91.37,99.45,114.01,92.57,48,45,53,40,,,,,
HBAN,88.59,91.37,91.37,99.45,114.01,92.57,48,45,53,40,,,,,
GOTU,88.59,91.37,91.37,99.45,114.01,92.57,48,45,53,40,,,,,
DBVT,88.59,91.37,91.37,99.45,114.01,92.57,48,45,53,40,,,,,
CIA,88.59,91.37,91.37,99.45,114.01,92.57,48,45,53,40,,,,,
DK,88.59,91.37,91.37,99.45,114.01,92.57,48,45,53,40,,,,,
IQV,88.59,91.37,91.37,99.45,114.01,92.57,48,45,53,40,,,,,
COCO,88.59,91.37,91.37,99.45,114.01,92.57,48,45,53,40,,,,,
BLNE,88.59,91.37,91.37,99.45,114.01,92.57,48,45,53,40,,,,,
PCSA,88.59,91.37,91.37,99.45,114.01,92.57,48,45,53,40,,,,,
CMPR,88.59,91.37,91.37,99.45,114.01,92.57,48,45,53,40,,,,,
ATRO,88.59,91.37,91.37,99.45,114.01,92.57,48,45,53,40,,,,,
PINC,88.59,91.37,91.37,99.45,114.01,92.57,48,45,53,40,,,,,
EQ,88.59,91.37,91.37,99.45,114.01,92.57,48,45,53,40,,,,,
AMRN,88.59,91.37,91.37,99.45,114.01,92.57,48,45,53,40,,,,,
BNTX,88.59,91.37,91.37,99.45,114.01,92.57,48,45,53,40,,,,,
LYFT,88.59,91.37,91.37,99.45,114.01,92.57,48,45,53,40,,,,,
RIG,88.59,91.37,91.37,99.45,114.01,92.57,48,45,53,40,,,,,
SBC,88.59,91.37,91.37,99.45,114.01,92.57,48,45,53,40,,,,,
EXPO,88.59,91.37,91.37,99.45,114.01,92.57,48,45,53,40,,,,,
LPBBU,88.59,91.37,91.37,99.45,114.01,92.57,48,45,53,40,,,,,
HAO,88.59,91.37,91.37,99.45,114.01,92.57,48,45,53,40,,,,,
TRT,88.59,91.37,91.37,99.45,114.01,92.57,48,45,53,40,,,,,
EUDA,88.59,91.37,91.37,99.45,114.01,92.57,48,45,53,40,,,,,
SAGT,88.59,91.37,91.37,99.45,114.01,92.57,48,45,53,40,,,,,
SZZL,88.59,91.37,91.37,99.45,114.01,92.57,48,45,53,40,,,,,
HRMY,88.59,91.37,91.37,99.45,114.01,92.57,48,45,53,40,,,,,
GOGL,88.59,91.37,91.37,99.45,114.01,92.57,48,45,53,40,,,,,
TRTX,88.59,91.37,91.37,99.45,114.01,92.57,48,45,53,40,,,,,
AEM,88.59,91.37,91.37,99.45,114.01,92.57,48,45,53,40,,,,,
ESOA,88.59,91.37,91.37,99.45,114.01,92.57,48,45,53,40,,,,,
GLPI,88.59,91.37,91.37,99.45,114.01,92.57,48,45,53,40,,,,,
WHWK,88.59,91.37,91.37,99.45,114.01,92.57,48,45,53,40,,,,,
CCCX,88.59,91.37,91.37,99.45,114.01,92.57,48,45,53,40,,,,,
VRA,88.59,91.37,91.37,99.45,114.01,92.57,48,45,53,40,,,,,
AEYE,88.59,91.37,91.37,99.45,114.01,92.57,48,45,53,40,,,,,
SCL,88.59,91.37,91.37,99.45,114.01,92.57,48,45,53,40,,,,,
STAG,88.59,91.37,91.37,99.45,114.01,92.57,48,45,53,40,,,,,
CLAR,88.59,91.37,91.37,99.45,114.01,92.57,48,45,53,40,,,,,
CTOS,88.59,91.37,91.37,99.45,114.01,92.57,48,45,53,40,,,,,
RIBB,88.59,91.37,91.37,99.45,114.01,92.57,48,45,53,40,,,,,
ULCC,88.59,91.37,91.37,99.45,114.01,92.57,48,45,53,40,,,,,
DH,88.59,91.37,91.37,99.45,114.01,92.57,48,45,53,40,,,,,
XPOF,88.59,91.37,91.37,99.45,114.01,92.57,48,45,53,40,,,,,
BRSL,88.59,91.37,91.37,99.45,114.01,92.57,48,45,53,40,,,,,
BTOG,88.59,91.37,91.37,99.45,114.01,92.57,48,45,53,40,,,,,
APRE,88.59,91.37,91.37,99.45,114.01,92.57,48,45,53,40,,,,,
PCYO,88.59,91.37,91.37,99.45,114.01,92.57,48,45,53,40,,,,,
GTEN,88.59,91.37,91.37,99.45,114.01,92.57,48,45,53,40,10.3,0.43,10.26,10.26,0.4
AGI,88.59,91.37,91.37,99.45,114.01,92.57,48,45,53,40,,,,,
MACIU,88.59,91.37,91.37,99.45,114.01,92.57,48,45,53,40,,,,,
PAVM,88.59,91.37,91.37,99.45,114.01,92.57,48,45,53,40,,,,,
PVBC,88.59,91.37,91.37,99.45,114.01,92.57,48,45,53,40,,,,,
BANF,88.59,91.37,91.37,99.45,114.01,92.57,48,45,53,40,,,,,
WALD,88.59,91.37,91.37,99.45,114.01,92.57,48,45,53,40,,,,,
VSA,88.59,91.37,91.37,99.45,114.01,92.57,48,45,53,40,,,,,
KW,88.59,91.37,91.37,99.45,114.01,92.57,48,45,53,40,,,,,
IOBT,88.59,91.37,91.37,99.45,114.01,92.57,48,45,53,40,,,,,
HQI,88.59,91.37,91.37,99.45,114.01,92.57,48,45,53,40,,,,,
FDX,88.59,91.37,91.37,99.45,114.01,92.57,48,45,53,40,,,,,
SVA,88.59,91.37,91.37,99.45,114.01,92.57,48,45,53,40,6.47,,6.47,6.47,
PLAY,88.59,91.37,91.37,99.45,114.01,92.57,48,45,53,40,,,,,
SIG,88.59,91.37,91.37,99.45,114.01,92.57,48,45,53,40,,,,,
VFS,88.59,91.37,91.37,99.45,114.01,92.57,48,45,53,40,,,,,
SNWV,88.59,91.37,91.37,99.45,114.01,92.57,48,45,53,40,,,,,
HOV,88.59,91.37,91.37,99.45,114.01,92.57,48,45,53,40,,,,,
TDY,88.59,91.37,91.37,99.45,114.01,92.57,48,45,53,40,,,,,
EMPG,88.59,91.37,91.37,99.45,114.01,92.57,48,45,53,40,,,,,
MAS,88.59,91.37,91.37,99.45,114.01,92.57,48,45,53,40,,,,,
BQ,88.59,91.37,91.37,99.45,114.01,92.57,48,45,53,40,,,,,
ANNA,88.59,91.37,91.37,99.45,114.01,92.57,48,45,53,40,,,,,
BIAF,88.59,91.37,91.37,99.45,114.01,92.57,48,45,53,40,,,,,
FRHC,88.59,91.37,91.37,99.45,114.01,92.57,48,45,53,40,,,,,
UYSC,88.59,91.37,91.37,99.45,114.01,92.57,48,45,53,40,,,,,
GCI,88.59,91.37,91.37,99.45,114.01,92.57,48,45,53,40,,,,,
HCTI,88.59,91.37,91.37,99.45,114.01,92.57,48,45,53,40,,,,,
TRML,88.59,91.37,91.37,99.45,114.01,92.57,48,45,53,40,,,,,
OMSE,88.59,91.37,91.37,99.45,114.01,92.57,48,45,53,40,6.96,0.26,7.26,7.46,0.84
MNSB,88.59,91.37,91.37,99.45,114.01,92.57,48,45,53,40,,,,,
KDP,88.59,91.37,91.37,99.45,114.01,92.57,48,45,53,40,,,,,
REX,88.59,91.37,91.37,99.45,114.01,92.57,48,45,53,40,,,,,
M,88.59,91.37,91.37,99.45,114.01,92.57,48,45,53,40,,,,,
MAXN,88.59,91.37,91.37,99.45,114.01,92.57,48,45,53,40,,,,,
WLDS,88.59,91.37,91.37,99.45,114.01,92.57,48,45,53,40,,,,,
TCBS,88.59,91.37,91.37,99.45,114.01,92.57,48,45,53,40,,,,,
ITT,88.59,91.37,91.37,99.45,114.01,92.57,48,45,53,40,,,,,
SLE,88.59,91.37,91.37,99.45,114.01,92.57,48,45,53,40,,,,,
OFIX,88.59,91.37,91.37,99.45,114.01,92.57,48,45,53,40,,,,,
TRAK,88.59,91.37,91.37,99.45,114.01,92.57,48,45,53,40,,,,,
THG,88.59,91.37,91.37,99.45,114.01,92.57,48,45,53,40,,,,,
MFH,88.59,91.37,91.37,99.45,114.01,92.57,48,45,53,40,,,,,
BWMN,88.59,91.37,91.37,99.45,114.01,92.57,48,45,53,40,,,,,
CRC,88.59,91.37,91.37,99.45,114.01,92.57,48,45,53,40,,,,,
TRMD,88.59,91.37,91.37,99.45,114.01,92.57,48,45,53,40,,,,,
SNY,88.59,91.37,91.37,99.45,114.01,92.57,48,45,53,40,,,,,
NIVF,88.59,91.37,91.37,99.45,114.01,92.57,48,45,53,40,,,,,
WINT,88.59,91.37,91.37,99.45,114.01,92.57,48,45,53,40,,,,,
EFSCP,88.59,91.37,91.37,99.45,114.01,92.57,48,45,53,40,,,,,
LESL,88.59,91.37,91.37,99.45,114.01,92.57,48,45,53,40,,,,,
MAIN,88.59,91.37,91.37,99.45,114.01,92.57,48,45,53,40,,,,,
OLO,88.59,91.37,91.37,99.45,114.01,92.57,48,45,53,40,,,,,
SNA,88.59,91.37,91.37,99.45,114.01,92.57,48,45,53,40,,,,,
CRAQ,88.59,91.37,91.37,99.45,114.01,92.57,48,45,53,40,,,,,
SCSC,88.59,91.37,91.37,99.45,114.01,92.57,48,45,53,40,,,,,
TER,88.59,91.37,91.37,99.45,114.01,92.57,48,45,53,40,,,,,
MGA,88.59,91.37,91.37,99.45,114.01,92.57,48,45,53,40,,,,,
THC,88.59,91.37,91.37,99.45,114.01,92.57,48,45,53,40,,,,,
GNFT,88.59,91.37,91.37,99.45,114.01,92.57,48,45,53,40,,,,,
RCT,88.59,91.37,91.37,99.45,114.01,92.57,48,45,53,40,,,,,
VYNE,88.59,91.37,91.37,99.45,114.01,92.57,48,45,53,40,,,,,
LIMN,88.59,91.37,91.37,99.45,114.01,92.57,48,45,53,40,,,,,
KMRK,88.59,91.37,91.37,99.45,114.01,92.57,48,45,53,40,1.61,0.11,2.05,2.05,0.14
OZ,88.59,91.37,91.37,99.45,114.01,92.57,48,45,53,40,,,,,
SLI,88.59,91.37,91.37,99.45,114.01,92.57,48,45,53,40,,,,,
OTF,88.59,91.37,91.37,99.45,114.01,92.57,48,45,53,40,,,,,
CCM,88.59,91.37,91.37,99.45,114.01,92.57,48,45,53,40,,,,,
KRNT,88.59,91.37,91.37,99.45,114.01,92.57,48,45,53,40,,,,,
SIMA,88.59,91.37,91.37,99.45,114.01,92.57,48,45,53,40,,,,,
COPL,88.59,91.37,91.37,99.45,114.01,92.57,48,45,53,40,,,,,
CDW,88.59,91.37,91.37,99.45,114.01,92.57,48,45,53,40,,,,,
SIMO,88.59,91.37,91.37,99.45,114.01,92.57,48,45,53,40,,,,,
LTC,88.59,91.37,91.37,99.45,114.01,92.57,48,45,53,40,,,,,
VTYX,88.59,91.37,91.37,99.45,114.01,92.57,48,45,53,40,,,,,
AKAM,88.59,91.37,91.37,99.45,114.01,92.57,48,45,53,40,,,,,
PHG,88.59,91.37,91.37,99.45,114.01,92.57,48,45,53,40,,,,,
PSX,88.59,91.37,91.37,99.45,114.01,92.57,48,45,53,40,,,,,
WAVE,88.59,91.37,91.37,99.45,114.01,92.57,48,45,53,40,,,,,
NTWOU,88.59,91.37,91.37,99.45,114.01,92.57,48,45,53,40,,,,,
TWLO,88.59,91.37,91.37,99.45,114.01,92.57,48,45,53,40,,,,,
RTAC,88.59,91.37,91.37,99.45,114.01,92.57,48,45,53,40,11.75,0.43,11.71,11.71,0.54
BOSC,88.59,91.37,91.37,99.45,114.01,92.57,48,45,53,40,,,,,
GRI,88.59,91.37,91.37,99.45,114.01,92.57,48,45,53,40,,,,,
CBUS,88.59,91.37,91.37,99.45,114.01,92.57,48,45,53,40,,,,,
ACDC,88.59,91.37,91.37,99.45,114.01,92.57,48,45,53,40,,,,,
MVO,88.59,91.37,91.37,99.45,114.01,92.57,48,45,53,40,,,,,
REZI,88.59,91.37,91.37,99.45,114.01,92.57,48,45,53,40,,,,,
IMDX,88.59,91.37,91.37,99.45,114.01,92.57,48,45,53,40,,,,,
CEPT,88.59,91.37,91.37,99.45,114.01,92.57,48,45,53,40,,,,,
VSTA,88.59,91.37,91.37,99.45,114.01,92.57,48,45,53,40,,,,,
UPBD,88.59,91.37,91.37,99.45,114.01,92.57,48,45,53,40,,,,,
ABCB,88.59,91.37,91.37,99.45,114.01,92.57,48,45,53,40,,,,,
PONY,88.59,91.37,91.37,99.45,114.01,92.57,48,45,53,40,,,,,
CFR,88.59,91.37,91.37,99.45,114.01,92.57,48,45,53,40,,,,,
XPON,88.59,91.37,91.37,99.45,114.01,92.57,48,45,53,40,,,,,
IPGP,88.59,91.37,91.37,99.45,114.01,92.57,48,45,53,40,,,,,
GLDD,88.59,91.37,91.37,99.45,114.01,92.57,48,45,53,40,,,,,
CCIX,88.59,91.37,91.37,99.45,114.01,92.57,48,45,53,40,,,,,
ACU,88.59,91.37,91.37,99.45,114.01,92.57,48,45,53,40,,,,,
DATS,88.59,91.37,91.37,99.45,114.01,92.57,48,45,53,40,,,,,
CAC,88.59,91.37,91.37,99.45,114.01,92.57,48,45,53,40,,,,,
BGS,88.59,91.37,91.37,99.45,114.01,92.57,48,45,53,40,,,,,
CNTX,88.59,91.37,91.37,99.45,114.01,92.57,48,45,53,40,,,,,
MCRB,88.59,91.37,91.37,99.45,114.01,92.57,48,45,53,40,,,,,
YJ,88.59,91.37,91.37,99.45,114.01,92.57,48,45,53,40,,,,,
SGC,88.59,91.37,91.37,99.45,114.01,92.57,48,45,53,40,,,,,
VACH,88.59,91.37,91.37,99.45,114.01,92.57,48,45,53,40,,,,,
CHPT,88.59,91.37,91.37,99.45,114.01,92.57,48,45,53,40,,,,,
PTC,88.59,91.37,91.37,99.45,114.01,92.57,48,45,53,40,,,,,
OXSQ,88.59,91.37,91.37,99.45,114.01,92.57,48,45,53,40,,,,,
MIST,88.59,91.37,91.37,99.45,114.01,92.57,48,45,53,40,,,,,
CWK,88.59,91.37,91.37,99.45,114.01,92.57,48,45,53,40,,,,,
NBIS,88.59,91.37,91.37,99.45,114.01,92.57,48,45,53,40,,,,,
BH,88.59,91.37,91.37,99.45,114.01,92.57,48,45,53,40,,,,,
EML,88.59,91.37,91.37,99.45,114.01,92.57,48,45,53,40,,,,,
BODI,88.59,91.37,91.37,99.45,114.01,92.57,48,45,53,40,,,,,
NMG,88.59,91.37,91.37,99.45,114.01,92.57,48,45,53,40,,,,,
BELFB,88.59,91.37,91.37,99.45,114.01,92.57,48,45,53,40,,,,,
CNCK,88.59,91.37,91.37,99.45,114.01,92.57,48,45,53,40,,,,,
FINV,88.59,91.37,91.37,99.45,114.01,92.57,48,45,53,40,,,,,
UK,88.59,91.37,91.37,99.45,114.01,92.57,48,45,53,40,,,,,
O,88.59,91.37,91.37,99.45,114.01,92.57,48,45,53,40,,,,,
ARAY,88.59,91.37,91.37,99.45,114.01,92.57,48,45,53,40,,,,,
FEDU,88.59,91.37,91.37,99.45,114.01,92.57,48,45,53,40,,,,,
ENLT,88.59,91.37,91.37,99.45,114.01,92.57,48,45,53,40,,,,,
GB,88.59,91.37,91.37,99.45,114.01,92.57,48,45,53,40,,,,,
HR,88.59,91.37,91.37,99.45,114.01,92.57,48,45,53,40,,,,,
SSBI,88.59,91.37,91.37,99.45,114.01,92.57,48,45,53,40,,,,,
ESRT,88.59,91.37,91.37,99.45,114.01,92.57,48,45,53,40,,,,,
EGBN,88.59,91.37,91.37,99.45,114.01,92.57,48,45,53,40,,,,,
NHTC,88.59,91.37,91.37,99.45,114.01,92.57,48,45,53,40,,,,,
WMT,88.59,91.37,91.37,99.45,114.01,92.57,48,45,53,40,,,,,
EGG,88.59,91.37,91.37,99.45,114.01,92.57,48,45,53,40,5.3,0.4,5.31,5.31,0.01
CINT,88.59,91.37,91.37,99.45,114.01,92.57,48,45,53,40,,,,,
OLN,88.59,91.37,91.37,99.45,114.01,92.57,48,45,53,40,,,,,
GDDY,88.59,91.37,91.37,99.45,114.01,92.57,48,45,53,40,,,,,
QSI,88.59,91.37,91.37,99.45,114.01,92.57,48,45,53,40,,,,,
ENR,88.59,91.37,91.37,99.45,114.01,92.57,48,45,53,40,,,,,
WDAY,88.59,91.37,91.37,99.45,114.01,92.57,48,45,53,40,,,,,
ERNA,88.59,91.37,91.37,99.45,114.01,92.57,48,45,53,40,,,,,
SLSN,88.59,91.37,91.37,99.45,114.01,92.57,48,45,53,40,,,,,
PLCE,88.59,91.37,91.37,99.45,114.01,92.57,48,45,53,40,,,,,
CCG,88.59,91.37,91.37,99.45,114.01,92.57,48,45,53,40,,,,,
WTFC,88.59,91.37,91.37,99.45,114.01,92.57,48,45,53,40,,,,,
SMX,88.59,91.37,91.37,99.45,114.01,92.57,48,45,53,40,,,,,
FLS,88.59,91.37,91.37,99.45,114.01,92.57,48,45,53,40,,,,,
CAMP,88.59,91.37,91.37,99.45,114.01,92.57,48,45,53,40,,,,,
NXRT,88.59,91.37,91.37,99.45,114.01,92.57,48,45,53,40,,,,,
MP,88.59,91.37,91.37,99.45,114.01,92.57,48,45,53,40,,,,,
U,88.59,91.37,91.37,99.45,114.01,92.57,48,45,53,40,,,,,
RIOT,88.59,91.37,91.37,99.45,114.01,92.57,48,45,53,40,,,,,
EVH,88.59,91.37,91.37,99.45,114.01,92.57,48,45,53,40,,,,,
RAY,88.59,91.37,91.37,99.45,114.01,92.57,48,45,53,40,,,,,
RSSS,88.59,91.37,91.37,99.45,114.01,92.57,48,45,53,40,,,,,
TALK,88.59,91.37,91.37,99.45,114.01,92.57,48,45,53,40,,,,,
KLTR,88.59,91.37,91.37,99.45,114.01,92.57,48,45,53,40,,,,,
QCOM,88.59,91.37,91.37,99.45,114.01,92.57,48,45,53,40,,,,,
CRNC,88.59,91.37,91.37,99.45,114.01,92.57,48,45,53,40,,,,,
DASH,88.59,91.37,91.37,99.45,114.01,92.57,48,45,53,40,,,,,
SWIN,88.59,91.37,91.37,99.45,114.01,92.57,48,45,53,40,,,,,
MODD,88.59,91.37,91.37,99.45,114.01,92.57,48,45,53,40,,,,,
WTS,88.59,91.37,91.37,99.45,114.01,92.57,48,45,53,40,,,,,
KPLT,88.59,91.37,91.37,99.45,114.01,92.57,48,45,53,40,,,,,
SEIC,88.59,91.37,91.37,99.45,114.01,92.57,48,45,53,40,,,,,
OVID,88.59,91.37,91.37,99.45,114.01,92.57,48,45,53,40,,,,,
JOB,88.59,91.37,91.37,99.45,114.01,92.57,48,45,53,40,,,,,
ADTN,88.59,91.37,91.37,99.45,114.01,92.57,48,45,53,40,,,,,
ATGL,88.59,91.37,91.37,99.45,114.01,92.57,48,45,53,40,,,,,
FORD,88.59,91.37,91.37,99.45,114.01,92.57,48,45,53,40,,,,,
ITOS,88.59,91.37,91.37,99.45,114.01,92.57,48,45,53,40,,,,,
KZIA,88.59,91.37,91.37,99.45,114.01,92.57,48,45,53,40,,,,,
HCMAU,88.59,91.37,91.37,99.45,114.01,92.57,48,45,53,40,10.1,0.25,10.11,10.11,0.01
TTAN,88.59,91.37,91.37,99.45,114.01,92.57,48,45,53,40,,,,,
SIDU,88.59,91.37,91.37,99.45,114.01,92.57,48,45,53,40,,,,,
IMMR,88.59,91.37,91.37,99.45,114.01,92.57,48,45,53,40,,,,,
BTU,88.59,91.37,91.37,99.45,114.01,92.57,48,45,53,40,,,,,
NWGL,88.59,91.37,91.37,99.45,114.01,92.57,48,45,53,40,,,,,
KRP,88.59,91.37,91.37,99.45,114.01,92.57,48,45,53,40,,,,,
AACG,88.59,91.37,91.37,99.45,114.01,92.57,48,45,53,40,,,,,
PXLW,88.59,91.37,91.37,99.45,114.01,92.57,48,45,53,40,,,,,
CNMD,88.59,91.37,91.37,99.45,114.01,92.57,48,45,53,40,,,,,
SRDX,88.59,91.37,91.37,99.45,114.01,92.57,48,45,53,40,,,,,
GHG,88.59,91.37,91.37,99.45,114.01,92.57,48,45,53,40,,,,,
WEST,88.59,91.37,91.37,99.45,114.01,92.57,48,45,53,40,,,,,
XNET,88.59,91.37,91.37,99.45,114.01,92.57,48,45,53,40,,,,,
YI,88.59,91.37,91.37,99.45,114.01,92.57,48,45,53,40,,,,,
OPBK,88.59,91.37,91.37,99.45,114.01,92.57,48,45,53,40,,,,,
WLY,88.59,91.37,91.37,99.45,114.01,92.57,48,45,53,40,,,,,
MDGL,88.59,91.37,91.37,99.45,114.01,92.57,48,45,53,40,,,,,
YUMC,88.59,91.37,91.37,99.45,114.01,92.57,48,45,53,40,,,,,
SNTI,88.59,91.37,91.37,99.45,114.01,92.57,48,45,53,40,,,,,
BMNR,88.59,91.37,91.37,99.45,114.01,92.57,48,45,53,40,,,,,
RKDA,88.59,91.37,91.37,99.45,114.01,92.57,48,45,53,40,,,,,
PSHG,88.59,91.37,91.37,99.45,114.01,92.57,48,45,53,40,,,,,
AVB,88.59,91.37,91.37,99.45,114.01,92.57,48,45,53,40,,,,,
GLTO,88.59,91.37,91.37,99.45,114.01,92.57,48,45,53,40,,,,,
DVS,88.59,91.37,91.37,99.45,114.01,92.57,48,45,53,40,,,,,
ZEUS,88.59,91.37,91.37,99.45,114.01,92.57,48,45,53,40,,,,,
MLM,88.59,91.37,91.37,99.45,114.01,92.57,48,45,53,40,,,,,
APP,88.59,91.37,91.37,99.45,114.01,92.57,48,45,53,40,,,,,
POR,88.59,91.37,91.37,99.45,114.01,92.57,48,45,53,40,,,,,
TDUP,88.59,91.37,91.37,99.45,114.01,92.57,48,45,53,40,,,,,
SWVL,88.59,91.37,91.37,99.45,114.01,92.57,48,45,53,40,,,,,
CCU,88.59,91.37,91.37,99.45,114.01,92.57,48,45,53,40,,,,,
KLRS,88.59,91.37,91.37,99.45,114.01,92.57,48,45,53,40,,,,,
APLM,88.59,91.37,91.37,99.45,114.01,92.57,48,45,53,40,,,,,
MCO,88.59,91.37,91.37,99.45,114.01,92.57,48,45,53,40,,,,,
REFR,88.59,91.37,91.37,99.45,114.01,92.57,48,45,53,40,,,,,
EVOK,88.59,91.37,91.37,99.45,114.01,92.57,48,45,53,40,,,,,
ATRA,88.59,91.37,91.37,99.45,114.01,92.57,48,45,53,40,,,,,
FNLC,88.59,91.37,91.37,99.45,114.01,92.57,48,45,53,40,,,,,
FAST,88.59,91.37,91.37,99.45,114.01,92.57,48,45,53,40,,,,,
JBL,88.59,91.37,91.37,99.45,114.01,92.57,48,45,53,40,,,,,
CZNC,88.59,91.37,91.37,99.45,114.01,92.57,48,45,53,40,,,,,
WEN,88.59,91.37,91.37,99.45,114.01,92.57,48,45,53,40,,,,,
AYTU,88.59,91.37,91.37,99.45,114.01,92.57,48,45,53,40,,,,,
GROV,88.59,91.37,91.37,99.45,114.01,92.57,48,45,53,40,,,,,
J,88.59,91.37,91.37,99.45,114.01,92.57,48,45,53,40,,,,,
YHNA,88.59,91.37,91.37,99.45,114.01,92.57,48,45,53,40,,,,,
ASTI,88.59,91.37,91.37,99.45,114.01,92.57,48,45,53,40,,,,,
INTZ,88.59,91.37,91.37,99.45,114.01,92.57,48,45,53,40,,,,,
CRNT,88.59,91.37,91.37,99.45,114.01,92.57,48,45,53,40,,,,,
RRC,88.59,91.37,91.37,99.45,114.01,92.57,48,45,53,40,,,,,
RCEL,88.59,91.37,91.37,99.45,114.01,92.57,48,45,53,40,,,,,
WSBC,88.59,91.37,91.37,99.45,114.01,92.57,48,45,53,40,,,,,
BEEM,88.59,91.37,91.37,99.45,114.01,92.57,48,45,53,40,,,,,
AKBA,88.59,91.37,91.37,99.45,114.01,92.57,48,45,53,40,,,,,
GRMN,88.59,91.37,91.37,99.45,114.01,92.57,48,45,53,40,,,,,
WMS,88.59,91.37,91.37,99.45,114.01,92.57,48,45,53,40,,,,,
AWR,88.59,91.37,91.37,99.45,114.01,92.57,48,45,53,40,,,,,
PNFPP,88.59,91.37,91.37,99.45,114.01,92.57,48,45,53,40,,,,,
FITBI,88.59,91.37,91.37,99.45,114.01,92.57,48,45,53,40,,,,,
GOOD,88.59,91.37,91.37,99.45,114.01,92.57,48,45,53,40,,,,,
AMCR,88.59,91.37,91.37,99.45,114.01,92.57,48,45,53,40,,,,,
DV,88.59,91.37,91.37,99.45,114.01,92.57,48,45,53,40,,,,,
OCCI,88.59,91.37,91.37,99.45,114.01,92.57,48,45,53,40,,,,,
SES,88.59,91.37,91.37,99.45,114.01,92.57,48,45,53,40,,,,,
GFR,88.59,91.37,91.37,99.45,114.01,92.57,48,45,53,40,,,,,
HG,88.59,91.37,91.37,99.45,114.01,92.57,48,45,53,40,,,,,
LDWY,88.59,91.37,91.37,99.45,114.01,92.57,48,45,53,40,,,,,
KRRO,88.59,91.37,91.37,99.45,114.01,92.57,48,45,53,40,,,,,
BITF,88.59,91.37,91.37,99.45,114.01,92.57,48,45,53,40,,,,,
VRDN,88.59,91.37,91.37,99.45,114.01,92.57,48,45,53,40,,,,,
DBRG,88.59,91.37,91.37,99.45,114.01,92.57,48,45,53,40,,,,,
IVT,88.59,91.37,91.37,99.45,114.01,92.57,48,45,53,40,,,,,
LXFR,88.59,91.37,91.37,99.45,114.01,92.57,48,45,53,40,,,,,
VCEL,88.59,91.37,91.37,99.45,114.01,92.57,48,45,53,40,,,,,
GELS,88.59,91.37,91.37,99.45,114.01,92.57,48,45,53,40,,,,,
RYI,88.59,91.37,91.37,99.45,114.01,92.57,48,45,53,40,,,,,
ECPG,88.59,91.37,91.37,99.45,114.01,92.57,48,45,53,40,,,,,
AACBU,88.59,91.37,91.37,99.45,114.01,92.57,48,45,53,40,,,,,
CUBWU,88.59,91.37,91.37,99.45,114.01,92.57,48,45,53,40,,,,,
TDACU,88.59,91.37,91.37,99.45,114.01,92.57,48,45,53,40,,,,,
WLK,88.59,91.37,91.37,99.45,114.01,92.57,48,45,53,40,,,,,
SOPH,88.59,91.37,91.37,99.45,114.01,92.57,48,45,53,40,,,,,
MSIF,88.59,91.37,91.37,99.45,114.01,92.57,48,45,53,40,,,,,
KKR,88.59,91.37,91.37,99.45,114.01,92.57,48,45,53,40,,,,,
MJID,88.59,91.37,91.37,99.45,114.01,92.57,48,45,53,40,1.77,0.15,1.96,1.96,0.2
KRG,88.59,91.37,91.37,99.45,114.01,92.57,48,45,53,40,,,,,
NFGC,88.59,91.37,91.37,99.45,114.01,92.57,48,45,53,40,,,,,
NVGS,88.59,91.37,91.37,99.45,114.01,92.57,48,45,53,40,,,,,
DAKT,88.59,91.37,91.37,99.45,114.01,92.57,48,45,53,40,,,,,
OPCH,88.59,91.37,91.37,99.45,114.01,92.57,48,45,53,40,,,,,
EVER,88.59,91.37,91.37,99.45,114.01,92.57,48,45,53,40,,,,,
EIX,88.59,91.37,91.37,99.45,114.01,92.57,48,45,53,40,,,,,
AOUT,88.59,91.37,91.37,99.45,114.01,92.57,48,45,53,40,,,,,
CFND,88.59,91.37,91.37,99.45,114.01,92.57,48,45,53,40,9.67,1.0,9.49,9.49,0.46
BIVI,88.59,91.37,91.37,99.45,114.01,92.57,48,45,53,40,,,,,
RLJ,88.59,91.37,91.37,99.45,114.01,92.57,48,45,53,40,,,,,
PSFE,88.59,91.37,91.37,99.45,114.01,92.57,48,45,53,40,,,,,
TEO,88.59,91.37,91.37,99.45,114.01,92.57,48,45,53,40,,,,,
ZION,88.59,91.37,91.37,99.45,114.01,92.57,48,45,53,40,,,,,
SNOW,88.59,91.37,91.37,99.45,114.01,92.57,48,45,53,40,,,,,
CUBE,88.59,91.37,91.37,99.45,114.01,92.57,48,45,53,40,,,,,
HUT,88.59,91.37,91.37,99.45,114.01,92.57,48,45,53,40,,,,,
ENGN,88.59,91.37,91.37,99.45,114.01,92.57,48,45,53,40,,,,,
MTB,88.59,91.37,91.37,99.45,114.01,92.57,48,45,53,40,,,,,
AVXL,88.59,91.37,91.37,99.45,114.01,92.57,48,45,53,40,,,,,
OTIS,88.59,91.37,91.37,99.45,114.01,92.57,48,45,53,40,,,,,
AFL,88.59,91.37,91.37,99.45,114.01,92.57,48,45,53,40,,,,,
SITC,88.59,91.37,91.37,99.45,114.01,92.57,48,45,53,40,,,,,
HNGE,88.59,91.37,91.37,99.45,114.01,92.57,48,45,53,40,,,,,
TMDE,88.59,91.37,91.37,99.45,114.01,92.57,48,45,53,40,,,,,
RMCO,88.59,91.37,91.37,99.45,114.01,92.57,48,45,53,40,,,,,
HMR,88.59,91.37,91.37,99.45,114.01,92.57,48,45,53,40,,,,,
GLIBA,88.59,91.37,91.37,99.45,114.01,92.57,48,45,53,40,,,,,
HTHT,88.59,91.37,91.37,99.45,114.01,92.57,48,45,53,40,,,,,
GENI,88.59,91.37,91.37,99.45,114.01,92.57,48,45,53,40,,,,,
CLNN,88.59,91.37,91.37,99.45,114.01,92.57,48,45,53,40,,,,,
MOH,88.59,91.37,91.37,99.45,114.01,92.57,48,45,53,40,,,,,
YYGH,88.59,91.37,91.37,99.45,114.01,92.57,48,45,53,40,,,,,
ADVM,88.59,91.37,91.37,99.45,114.01,92.57,48,45,53,40,,,,,
TG,88.59,91.37,91.37,99.45,114.01,92.57,48,45,53,40,,,,,
BGL,88.59,91.37,91.37,99.45,114.01,92.57,48,45,53,40,,,,,
GILD,88.59,91.37,91.37,99.45,114.01,92.57,48,45,53,40,,,,,
NET,88.59,91.37,91.37,99.45,114.01,92.57,48,45,53,40,,,,,
OLP,88.59,91.37,91.37,99.45,114.01,92.57,48,45,53,40,,,,,
FTFT,88.59,91.37,91.37,99.45,114.01,92.57,48,45,53,40,,,,,
CPK,88.59,91.37,91.37,99.45,114.01,92.57,48,45,53,40,,,,,
LXEH,88.59,91.37,91.37,99.45,114.01,92.57,48,45,53,40,,,,,
VNRX,88.59,91.37,91.37,99.45,114.01,92.57,48,45,53,40,,,,,
LSPD,88.59,91.37,91.37,99.45,114.01,92.57,48,45,53,40,,,,,
JYD,88.59,91.37,91.37,99.45,114.01,92.57,48,45,53,40,,,,,
AWI,88.59,91.37,91.37,99.45,114.01,92.57,48,45,53,40,,,,,
DTIL,88.59,91.37,91.37,99.45,114.01,92.57,48,45,53,40,,,,,
HCHL,88.59,91.37,91.37,99.45,114.01,92.57,48,45,53,40,,,,,
SYPR,88.59,91.37,91.37,99.45,114.01,92.57,48,45,53,40,,,,,
BSAAU,88.59,91.37,91.37,99.45,114.01,92.57,48,45,53,40,,,,,
VMI,88.59,91.37,91.37,99.45,114.01,92.57,48,45,53,40,,,,,
MMLP,88.59,91.37,91.37,99.45,114.01,92.57,48,45,53,40,,,,,
BKHAU,88.59,91.37,91.37,99.45,114.01,92.57,48,45,53,40,,,,,
IMTE,88.59,91.37,91.37,99.45,114.01,92.57,48,45,53,40,,,,,
LWACU,88.59,91.37,91.37,99.45,114.01,92.57,48,45,53,40,10.07,0.37,10.05,10.05,0.01
URBN,88.59,91.37,91.37,99.45,114.01,92.57,48,45,53,40,,,,,
ASRV,88.59,91.37,91.37,99.45,114.01,92.57,48,45,53,40,,,,,
GHRS,88.59,91.37,91.37,99.45,114.01,92.57,48,45,53,40,,,,,
FBP,88.59,91.37,91.37,99.45,114.01,92.57,48,45,53,40,,,,,
PPBI,88.59,91.37,91.37,99.45,114.01,92.57,48,45,53,40,,,,,
DGICB,88.59,91.37,91.37,99.45,114.01,92.57,48,45,53,40,,,,,
TNFA,88.59,91.37,91.37,99.45,114.01,92.57,48,45,53,40,,,,,
RAMP,88.59,91.37,91.37,99.45,114.01,92.57,48,45,53,40,,,,,
MBINL,88.59,91.37,91.37,99.45,114.01,92.57,48,45,53,40,,,,,
FFIC,88.59,91.37,91.37,99.45,114.01,92.57,48,45,53,40,,,,,
BAH,88.59,91.37,91.37,99.45,114.01,92.57,48,45,53,40,,,,,
UPLD,88.59,91.37,91.37,99.45,114.01,92.57,48,45,53,40,,,,,
CHPG,88.59,91.37,91.37,99.45,114.01,92.57,48,45,53,40,10.01,0.22,10.01,10.01,0.09
CVBF,88.59,91.37,91.37,99.45,114.01,92.57,48,45,53,40,,,,,
NIPG,88.59,91.37,91.37,99.45,114.01,92.57,48,45,53,40,,,,,
EQIX,88.59,91.37,91.37,99.45,114.01,92.57,48,45,53,40,,,,,
GYRO,88.59,91.37,91.37,99.45,114.01,92.57,48,45,53,40,,,,,
BTBD,88.59,91.37,91.37,99.45,114.01,92.57,48,45,53,40,,,,,
BKYI,88.59,91.37,91.37,99.45,114.01,92.57,48,45,53,40,,,,,
LSTR,88.59,91.37,91.37,99.45,114.01,92.57,48,45,53,40,,,,,
IINN,88.59,91.37,91.37,99.45,114.01,92.57,48,45,53,40,,,,,
ASPN,88.59,91.37,91.37,99.45,114.01,92.57,48,45,53,40,,,,,
TX,88.59,91.37,91.37,99.45,114.01,92.57,48,45,53,40,,,,,
MBUU,88.59,91.37,91.37,99.45,114.01,92.57,48,45,53,40,,,,,
PFSI,88.59,91.37,91.37,99.45,114.01,92.57,48,45,53,40,,,,,
RANGU,88.59,91.37,91.37,99.45,114.01,92.57,48,45,53,40,,,,,
CMND,88.59,91.37,91.37,99.45,114.01,92.57,48,45,53,40,,,,,
WTF,88.59,91.37,91.37,99.45,114.01,92.57,48,45,53,40,,,,,
CGTX,88.59,91.37,91.37,99.45,114.01,92.57,48,45,53,40,,,,,
INN,88.59,91.37,91.37,99.45,114.01,92.57,48,45,53,40,,,,,
RFIL,88.59,91.37,91.37,99.45,114.01,92.57,48,45,53,40,,,,,
CABA,88.59,91.37,91.37,99.45,114.01,92.57,48,45,53,40,,,,,
CURV,88.59,91.37,91.37,99.45,114.01,92.57,48,45,53,40,,,,,
IRS,88.59,91.37,91.37,99.45,114.01,92.57,48,45,53,40,,,,,
TWI,88.59,91.37,91.37,99.45,114.01,92.57,48,45,53,40,,,,,
PSNL,88.59,91.37,91.37,99.45,114.01,92.57,48,45,53,40,,,,,
CAKE,88.59,91.37,91.37,99.45,114.01,92.57,48,45,53,40,,,,,
BHFAN,88.59,91.37,91.37,99.45,114.01,92.57,48,45,53,40,,,,,
EMBC,88.59,91.37,91.37,99.45,114.01,92.57,48,45,53,40,,,,,
NCLH,88.59,91.37,91.37,99.45,114.01,92.57,48,45,53,40,,,,,
ZNTL,88.59,91.37,91.37,99.45,114.01,92.57,48,45,53,40,,,,,
HTCO,88.59,91.37,91.37,99.45,114.01,92.57,48,45,53,40,,,,,
UWMC,88.59,91.37,91.37,99.45,114.01,92.57,48,45,53,40,,,,,
ZS,88.59,91.37,91.37,99.45,114.01,92.57,48,45,53,40,,,,,
CNOBP,88.59,91.37,91.37,99.45,114.01,92.57,48,45,53,40,,,,,
WHLR,88.59,91.37,91.37,99.45,114.01,92.57,48,45,53,40,,,,,
FENC,88.59,91.37,91.37,99.45,114.01,92.57,48,45,53,40,,,,,
SVRA,88.59,91.37,91.37,99.45,114.01,92.57,48,45,53,40,,,,,
DX,88.59,91.37,91.37,99.45,114.01,92.57,48,45,53,40,,,,,
NICE,88.59,91.37,91.37,99.45,114.01,92.57,48,45,53,40,,,,,
TV,88.59,91.37,91.37,99.45,114.01,92.57,48,45,53,40,,,,,
HOFT,88.59,91.37,91.37,99.45,114.01,92.57,48,45,53,40,,,,,
FUNC,88.59,91.37,91.37,99.45,114.01,92.57,48,45,53,40,,,,,
DAIC,88.59,91.37,91.37,99.45,114.01,92.57,48,45,53,40,5.02,0.01,8.59,8.59,0.03
TCBX,88.59,91.37,91.37,99.45,114.01,92.57,48,45,53,40,,,,,
MHO,88.59,91.37,91.37,99.45,114.01,92.57,48,45,53,40,,,,,
STKL,88.59,91.37,91.37,99.45,114.01,92.57,48,45,53,40,,,,,
SONY,88.59,91.37,91.37,99.45,114.01,92.57,48,45,53,40,,,,,
FAAS,88.59,91.37,91.37,99.45,114.01,92.57,48,45,53,40,,,,,
TECK,88.59,91.37,91.37,99.45,114.01,92.57,48,45,53,40,,,,,
LZM,88.59,91.37,91.37,99.45,114.01,92.57,48,45,53,40,,,,,
PGC,88.59,91.37,91.37,99.45,114.01,92.57,48,45,53,40,,,,,
VBNK,88.59,91.37,91.37,99.45,114.01,92.57,48,45,53,40,,,,,
SOBO,88.59,91.37,91.37,99.45,114.01,92.57,48,45,53,40,,,,,
ORIQU,88.59,91.37,91.37,99.45,114.01,92.57,48,45,53,40,10.06,1.0,10.02,10.02,0.63
WRAP,88.59,91.37,91.37,99.45,114.01,92.57,48,45,53,40,,,,,
TBPH,88.59,91.37,91.37,99.45,114.01,92.57,48,45,53,40,,,,,
POLEU,88.59,91.37,91.37,99.45,114.01,92.57,48,45,53,40,,,,,
CNP,88.59,91.37,91.37,99.45,114.01,92.57,48,45,53,40,,,,,
DARE,88.59,91.37,91.37,99.45,114.01,92.57,48,45,53,40,,,,,
WENNU,88.59,91.37,91.37,99.45,114.01,92.57,48,45,53,40,,,,,
MRVI,88.59,91.37,91.37,99.45,114.01,92.57,48,45,53,40,,,,,
JG,88.59,91.37,91.37,99.45,114.01,92.57,48,45,53,40,,,,,
ARBE,88.59,91.37,91.37,99.45,114.01,92.57,48,45,53,40,,,,,
UTZ,88.59,91.37,91.37,99.45,114.01,92.57,48,45,53,40,,,,,
LGCB,88.59,91.37,91.37,99.45,114.01,92.57,48,45,53,40,,,,,
AACT,88.59,91.37,91.37,99.45,114.01,92.57,48,45,53,40,,,,,
ENOV,88.59,91.37,91.37,99.45,114.01,92.57,48,45,53,40,,,,,
ISPC,88.59,91.37,91.37,99.45,114.01,92.57,48,45,53,40,,,,,
CTXR,88.59,91.37,91.37,99.45,114.01,92.57,48,45,53,40,,,,,
SBLK,88.59,91.37,91.37,99.45,114.01,92.57,48,45,53,40,,,,,
FSBC,88.59,91.37,91.37,99.45,114.01,92.57,48,45,53,40,,,,,
OCTO,88.59,91.37,91.37,99.45,114.01,92.57,48,45,53,40,,,,,
ELA,88.59,91.37,91.37,99.45,114.01,92.57,48,45,53,40,,,,,
CRAQU,88.59,91.37,91.37,99.45,114.01,92.57,48,45,53,40,,,,,
SFIX,88.59,91.37,91.37,99.45,114.01,92.57,48,45,53,40,,,,,
AIHS,88.59,91.37,91.37,99.45,114.01,92.57,48,45,53,40,,,,,
QETAU,88.59,91.37,91.37,99.45,114.01,92.57,48,45,53,40,,,,,
LI,88.59,91.37,91.37,99.45,114.01,92.57,48,45,53,40,,,,,
DIS,88.59,91.37,91.37,99.45,114.01,92.57,48,45,53,40,,,,,
ABNB,88.59,91.37,91.37,99.45,114.01,92.57,48,45,53,40,,,,,
VLO,88.59,91.37,91.37,99.45,114.01,92.57,48,45,53,40,,,,,
BDX,88.59,91.37,91.37,99.45,114.01,92.57,48,45,53,40,,,,,
LITB,88.59,91.37,91.37,99.45,114.01,92.57,48,45,53,40,,,,,
LGCY,88.59,91.37,91.37,99.45,114.01,92.57,48,45,53,40,,,,,
FTS,88.59,91.37,91.37,99.45,114.01,92.57,48,45,53,40,,,,,
ACLS,88.59,91.37,91.37,99.45,114.01,92.57,48,45,53,40,,,,,
ALZN,88.59,91.37,91.37,99.45,114.01,92.57,48,45,53,40,,,,,
ICMB,88.59,91.37,91.37,99.45,114.01,92.57,48,45,53,40,,,,,
EGHA,88.59,91.37,91.37,99.45,114.01,92.57,48,45,53,40,10.02,0.4,10.03,10.03,0.23
ARCB,88.59,91.37,91.37,99.45,114.01,92.57,48,45,53,40,,,,,
AKR,88.59,91.37,91.37,99.45,114.01,92.57,48,45,53,40,,,,,
DSGN,88.59,91.37,91.37,99.45,114.01,92.57,48,45,53,40,,,,,
LXP,88.59,91.37,91.37,99.45,114.01,92.57,48,45,53,40,,,,,
SEE,88.59,91.37,91.37,99.45,114.01,92.57,48,45,53,40,,,,,
ASPI,88.59,91.37,91.37,99.45,114.01,92.57,48,45,53,40,,,,,
FATBB,88.59,91.37,91.37,99.45,114.01,92.57,48,45,53,40,,,,,
SELF,88.59,91.37,91.37,99.45,114.01,92.57,48,45,53,40,,,,,
AXINU,88.59,91.37,91.37,99.45,114.01,92.57,48,45,53,40,,,,,
SPB,88.59,91.37,91.37,99.45,114.01,92.57,48,45,53,40,,,,,
LAUR,88.59,91.37,91.37,99.45,114.01,92.57,48,45,53,40,,,,,
SOS,88.59,91.37,91.37,99.45,114.01,92.57,48,45,53,40,,,,,
VSH,88.59,91.37,91.37,99.45,114.01,92.57,48,45,53,40,,,,,
CPHI,88.59,91.37,91.37,99.45,114.01,92.57,48,45,53,40,,,,,
FDBC,88.59,91.37,91.37,99.45,114.01,92.57,48,45,53,40,,,,,
PLNT,88.59,91.37,91.37,99.45,114.01,92.57,48,45,53,40,,,,,
FXNC,88.59,91.37,91.37,99.45,114.01,92.57,48,45,53,40,,,,,
MPC,88.59,91.37,91.37,99.45,114.01,92.57,48,45,53,40,,,,,
TRNS,88.59,91.37,91.37,99.45,114.01,92.57,48,45,53,40,,,,,
CFSB,88.59,91.37,91.37,99.45,114.01,92.57,48,45,53,40,,,,,
LRHC,88.59,91.37,91.37,99.45,114.01,92.57,48,45,53,40,,,,,
SPG,88.59,91.37,91.37,99.45,114.01,92.57,48,45,53,40,,,,,
CIFR,88.59,91.37,91.37,99.45,114.01,92.57,48,45,53,40,,,,,
NTRB,88.59,91.37,91.37,99.45,114.01,92.57,48,45,53,40,,,,,
LBRDK,88.59,91.37,91.37,99.45,114.01,92.57,48,45,53,40,,,,,
CSCI,88.59,91.37,91.37,99.45,114.01,92.57,48,45,53,40,,,,,
PAYC,88.59,91.37,91.37,99.45,114.01,92.57,48,45,53,40,,,,,
FSLY,88.59,91.37,91.37,99.45,114.01,92.57,48,45,53,40,,,,,
MOV,88.59,91.37,91.37,99.45,114.01,92.57,48,45,53,40,,,,,
OGN,88.59,91.37,91.37,99.45,114.01,92.57,48,45,53,40,,,,,
NXPI,88.59,91.37,91.37,99.45,114.01,92.57,48,45,53,40,,,,,
SOPA,88.59,91.37,91.37,99.45,114.01,92.57,48,45,53,40,,,,,
BLBX,88.59,91.37,91.37,99.45,114.01,92.57,48,45,53,40,,,,,
BRX,88.59,91.37,91.37,99.45,114.01,92.57,48,45,53,40,,,,,
INDO,88.59,91.37,91.37,99.45,114.01,92.57,48,45,53,40,,,,,
CSTM,88.59,91.37,91.37,99.45,114.01,92.57,48,45,53,40,,,,,
BRRWU,88.59,91.37,91.37,99.45,114.01,92.57,48,45,53,40,,,,,
EVLV,88.59,91.37,91.37,99.45,114.01,92.57,48,45,53,40,,,,,
OKE,88.59,91.37,91.37,99.45,114.01,92.57,48,45,53,40,,,,,
MSDL,88.59,91.37,91.37,99.45,114.01,92.57,48,45,53,40,,,,,
TBI,88.59,91.37,91.37,99.45,114.01,92.57,48,45,53,40,,,,,
DALN,88.59,91.37,91.37,99.45,114.01,92.57,48,45,53,40,,,,,
DUK,88.59,91.37,91.37,99.45,114.01,92.57,48,45,53,40,,,,,
SKBL,88.59,91.37,91.37,99.45,114.01,92.57,48,45,53,40,,,,,
PTLO,88.59,91.37,91.37,99.45,114.01,92.57,48,45,53,40,,,,,
LXEO,88.59,91.37,91.37,99.45,114.01,92.57,48,45,53,40,,,,,
PAGP,88.59,91.37,91.37,99.45,114.01,92.57,48,45,53,40,,,,,
SHEL,88.59,91.37,91.37,99.45,114.01,92.57,48,45,53,40,,,,,
RCMT,88.59,91.37,91.37,99.45,114.01,92.57,48,45,53,40,,,,,
SPKL,88.59,91.37,91.37,99.45,114.01,92.57,48,45,53,40,,,,,
QETA,88.59,91.37,91.37,99.45,114.01,92.57,48,45,53,40,,,,,
APOG,88.59,91.37,91.37,99.45,114.01,92.57,48,45,53,40,,,,,
WBTN,88.59,91.37,91.37,99.45,114.01,92.57,48,45,53,40,,,,,
BCE,88.59,91.37,91.37,99.45,114.01,92.57,48,45,53,40,,,,,
AGCO,88.59,91.37,91.37,99.45,114.01,92.57,48,45,53,40,,,,,
VEL,88.59,91.37,91.37,99.45,114.01,92.57,48,45,53,40,,,,,
FTRE,88.59,91.37,91.37,99.45,114.01,92.57,48,45,53,40,,,,,
AMSF,88.59,91.37,91.37,99.45,114.01,92.57,48,45,53,40,,,,,
DDOG,88.59,91.37,91.37,99.45,114.01,92.57,48,45,53,40,,,,,
AMED,88.59,91.37,91.37,99.45,114.01,92.57,48,45,53,40,,,,,
BLND,88.59,91.37,91.37,99.45,114.01,92.57,48,45,53,40,,,,,
STWD,88.59,91.37,91.37,99.45,114.01,92.57,48,45,53,40,,,,,
CRCT,88.59,91.37,91.37,99.45,114.01,92.57,48,45,53,40,,,,,
TAL,88.59,91.37,91.37,99.45,114.01,92.57,48,45,53,40,,,,,
THRD,88.59,91.37,91.37,99.45,114.01,92.57,48,45,53,40,,,,,
LFMD,88.59,91.37,91.37,99.45,114.01,92.57,48,45,53,40,,,,,
LODE,88.59,91.37,91.37,99.45,114.01,92.57,48,45,53,40,,,,,
GEF,88.59,91.37,91.37,99.45,114.01,92.57,48,45,53,40,,,,,
APLD,88.59,91.37,91.37,99.45,114.01,92.57,48,45,53,40,,,,,
IMUX,88.59,91.37,91.37,99.45,114.01,92.57,48,45,53,40,,,,,
PELI,88.59,91.37,91.37,99.45,114.01,92.57,48,45,53,40,10.02,0.7,10.0,10.0,0.02
CSX,88.59,91.37,91.37,99.45,114.01,92.57,48,45,53,40,,,,,
DJT,88.59,91.37,91.37,99.45,114.01,92.57,48,45,53,40,,,,,
KELYA,88.59,91.37,91.37,99.45,114.01,92.57,48,45,53,40,,,,,
HEPS,88.59,91.37,91.37,99.45,114.01,92.57,48,45,53,40,,,,,
CDT,88.59,91.37,91.37,99.45,114.01,92.57,48,45,53,40,,,,,
XTIA,88.59,91.37,91.37,99.45,114.01,92.57,48,45,53,40,,,,,
BDN,88.59,91.37,91.37,99.45,114.01,92.57,48,45,53,40,,,,,
THTX,88.59,91.37,91.37,99.45,114.01,92.57,48,45,53,40,,,,,
HURN,88.59,91.37,91.37,99.45,114.01,92.57,48,45,53,40,,,,,
APLS,88.59,91.37,91.37,99.45,114.01,92.57,48,45,53,40,,,,,
BACQU,88.59,91.37,91.37,99.45,114.01,92.57,48,45,53,40,,,,,
HWBK,88.59,91.37,91.37,99.45,114.01,92.57,48,45,53,40,,,,,
PSNY,88.59,91.37,91.37,99.45,114.01,92.57,48,45,53,40,,,,,
ARMP,88.59,91.37,91.37,99.45,114.01,92.57,48,45,53,40,,,,,
BA,88.59,91.37,91.37,99.45,114.01,92.57,48,45,53,40,,,,,
NAII,88.59,91.37,91.37,99.45,114.01,92.57,48,45,53,40,,,,,
HUSA,88.59,91.37,91.37,99.45,114.01,92.57,48,45,53,40,,,,,
BTM,88.59,91.37,91.37,99.45,114.01,92.57,48,45,53,40,,,,,
LOB,88.59,91.37,91.37,99.45,114.01,92.57,48,45,53,40,,,,,
GOOG,88.59,91.37,91.37,99.45,114.01,92.57,48,45,53,40,,,,,
FKWL,88.59,91.37,91.37,99.45,114.01,92.57,48,45,53,40,,,,,
TAYD,88.59,91.37,91.37,99.45,114.01,92.57,48,45,53,40,,,,,
MBX,88.59,91.37,91.37,99.45,114.01,92.57,48,45,53,40,,,,,
POWI,88.59,91.37,91.37,99.45,114.01,92.57,48,45,53,40,,,,,
LDI,88.59,91.37,91.37,99.45,114.01,92.57,48,45,53,40,,,,,
LAW,88.59,91.37,91.37,99.45,114.01,92.57,48,45,53,40,,,,,
BY,88.59,91.37,91.37,99.45,114.01,92.57,48,45,53,40,,,,,
INOD,88.59,91.37,91.37,99.45,114.01,92.57,48,45,53,40,,,,,
CHE,88.59,91.37,91.37,99.45,114.01,92.57,48,45,53,40,,,,,
STLD,88.59,91.37,91.37,99.45,114.01,92.57,48,45,53,40,,,,,
DEVS,88.59,91.37,91.37,99.45,114.01,92.57,48,45,53,40,,,,,
CULP,88.59,91.37,91.37,99.45,114.01,92.57,48,45,53,40,,,,,
RY,88.59,91.37,91.37,99.45,114.01,92.57,48,45,53,40,,,,,
XERS,88.59,91.37,91.37,99.45,114.01,92.57,48,45,53,40,,,,,
SLNH,88.59,91.37,91.37,99.45,114.01,92.57,48,45,53,40,,,,,
CANG,88.59,91.37,91.37,99.45,114.01,92.57,48,45,53,40,,,,,
SEB,88.59,91.37,91.37,99.45,114.01,92.57,48,45,53,40,,,,,
PHR,88.59,91.37,91.37,99.45,114.01,92.57,48,45,53,40,,,,,
CCIXU,88.59,91.37,91.37,99.45,114.01,92.57,48,45,53,40,,,,,
KCHVU,88.59,91.37,91.37,99.45,114.01,92.57,48,45,53,40,,,,,
EEX,88.59,91.37,91.37,99.45,114.01,92.57,48,45,53,40,,,,,
LAMR,88.59,91.37,91.37,99.45,114.01,92.57,48,45,53,40,,,,,
AU,88.59,91.37,91.37,99.45,114.01,92.57,48,45,53,40,,,,,
FCBC,88.59,91.37,91.37,99.45,114.01,92.57,48,45,53,40,,,,,
JLL,88.59,91.37,91.37,99.45,114.01,92.57,48,45,53,40,,,,,
SION,88.59,91.37,91.37,99.45,114.01,92.57,48,45,53,40,,,,,
PRAA,88.59,91.37,91.37,99.45,114.01,92.57,48,45,53,40,,,,,
SAIC,88.59,91.37,91.37,99.45,114.01,92.57,48,45,53,40,,,,,
AIRJ,88.59,91.37,91.37,99.45,114.01,92.57,48,45,53,40,,,,,
QDEL,88.59,91.37,91.37,99.45,114.01,92.57,48,45,53,40,,,,,
BFAM,88.59,91.37,91.37,99.45,114.01,92.57,48,45,53,40,,,,,
NBIX,88.59,91.37,91.37,99.45,114.01,92.57,48,45,53,40,,,,,
GNSS,88.59,91.37,91.37,99.45,114.01,92.57,48,45,53,40,,,,,
MDB,88.59,91.37,91.37,99.45,114.01,92.57,48,45,53,40,,,,,
APT,88.59,91.37,91.37,99.45,114.01,92.57,48,45,53,40,,,,,
FBYD,88.59,91.37,91.37,99.45,114.01,92.57,48,45,53,40,,,,,
PETZ,88.59,91.37,91.37,99.45,114.01,92.57,48,45,53,40,,,,,
KHC,88.59,91.37,91.37,99.45,114.01,92.57,48,45,53,40,,,,,
PDEX,88.59,91.37,91.37,99.45,114.01,92.57,48,45,53,40,,,,,
IFS,88.59,91.37,91.37,99.45,114.01,92.57,48,45,53,40,,,,,
FFIN,88.59,91.37,91.37,99.45,114.01,92.57,48,45,53,40,,,,,
LSCC,88.59,91.37,91.37,99.45,114.01,92.57,48,45,53,40,,,,,
AGNCL,88.59,91.37,91.37,99.45,114.01,92.57,48,45,53,40,,,,,
PTHS,88.59,91.37,91.37,99.45,114.01,92.57,48,45,53,40,,,,,
BBDO,88.59,91.37,91.37,99.45,114.01,92.57,48,45,53,40,,,,,
TACT,88.59,91.37,91.37,99.45,114.01,92.57,48,45,53,40,,,,,
FIZZ,88.59,91.37,91.37,99.45,114.01,92.57,48,45,53,40,,,,,
CHWY,88.59,91.37,91.37,99.45,114.01,92.57,48,45,53,40,,,,,
GLUE,88.59,91.37,91.37,99.45,114.01,92.57,48,45,53,40,,,,,
FLGT,88.59,91.37,91.37,99.45,114.01,92.57,48,45,53,40,,,,,
PJT,88.59,91.37,91.37,99.45,114.01,92.57,48,45,53,40,,,,,
KINS,88.59,91.37,91.37,99.45,114.01,92.57,48,45,53,40,,,,,
CHACU,88.59,91.37,91.37,99.45,114.01,92.57,48,45,53,40,,,,,
CRESY,88.59,91.37,91.37,99.45,114.01,92.57,48,45,53,40,,,,,
ENB,88.59,91.37,91.37,99.45,114.01,92.57,48,45,53,40,,,,,
METCB,88.59,91.37,91.37,99.45,114.01,92.57,48,45,53,40,,,,,
AMH,88.59,91.37,91.37,99.45,114.01,92.57,48,45,53,40,,,,,
HITI,88.59,91.37,91.37,99.45,114.01,92.57,48,45,53,40,,,,,
PLMR,88.59,91.37,91.37,99.45,114.01,92.57,48,45,53,40,,,,,
PGR,88.59,91.37,91.37,99.45,114.01,92.57,48,45,53,40,,,,,
OHI,88.59,91.37,91.37,99.45,114.01,92.57,48,45,53,40,,,,,
DKS,88.59,91.37,91.37,99.45,114.01,92.57,48,45,53,40,,,,,
PH,88.59,91.37,91.37,99.45,114.01,92.57,48,45,53,40,,,,,
TRVG,88.59,91.37,91.37,99.45,114.01,92.57,48,45,53,40,,,,,
NWSA,88.59,91.37,91.37,99.45,114.01,92.57,48,45,53,40,,,,,
IROHU,88.59,91.37,91.37,99.45,114.01,92.57,48,45,53,40,,,,,
OCUL,88.59,91.37,91.37,99.45,114.01,92.57,48,45,53,40,,,,,
LZB,88.59,91.37,91.37,99.45,114.01,92.57,48,45,53,40,,,,,
MNMD,88.59,91.37,91.37,99.45,114.01,92.57,48,45,53,40,,,,,
PLRZ,88.59,91.37,91.37,99.45,114.01,92.57,48,45,53,40,,,,,
CPS,88.59,91.37,91.37,99.45,114.01,92.57,48,45,53,40,,,,,
MEG,88.59,91.37,91.37,99.45,114.01,92.57,48,45,53,40,,,,,
PCT,88.59,91.37,91.37,99.45,114.01,92.57,48,45,53,40,,,,,
SSL,88.59,91.37,91.37,99.45,114.01,92.57,48,45,53,40,,,,,
BFC,88.59,91.37,91.37,99.45,114.01,92.57,48,45,53,40,,,,,
DRIO,88.59,91.37,91.37,99.45,114.01,92.57,48,45,53,40,,,,,
GIBO,88.59,91.37,91.37,99.45,114.01,92.57,48,45,53,40,,,,,
CTRA,88.59,91.37,91.37,99.45,114.01,92.57,48,45,53,40,,,,,
IMCR,88.59,91.37,91.37,99.45,114.01,92.57,48,45,53,40,,,,,
HYLN,88.59,91.37,91.37,99.45,114.01,92.57,48,45,53,40,,,,,
IHG,88.59,91.37,91.37,99.45,114.01,92.57,48,45,53,40,,,,,
BVS,88.59,91.37,91.37,99.45,114.01,92.57,48,45,53,40,,,,,
CW,88.59,91.37,91.37,99.45,114.01,92.57,48,45,53,40,,,,,
CION,88.59,91.37,91.37,99.45,114.01,92.57,48,45,53,40,,,,,
CNM,88.59,91.37,91.37,99.45,114.01,92.57,48,45,53,40,,,,,
TMCI,88.59,91.37,91.37,99.45,114.01,92.57,48,45,53,40,,,,,
EMN,88.59,91.37,91.37,99.45,114.01,92.57,48,45,53,40,,,,,
CODX,88.59,91.37,91.37,99.45,114.01,92.57,48,45,53,40,,,,,
AMTD,88.59,91.37,91.37,99.45,114.01,92.57,48,45,53,40,,,,,
ACA,88.59,91.37,91.37,99.45,114.01,92.57,48,45,53,40,,,,,
SOUL,88.59,91.37,91.37,99.45,114.01,92.57,48,45,53,40,10.06,0.79,10.03,10.02,0.7
DGNX,88.59,91.37,91.37,99.45,114.01,92.57,48,45,53,40,,,,,
MBRX,88.59,91.37,91.37,99.45,114.01,92.57,48,45,53,40,,,,,
RBA,88.59,91.37,91.37,99.45,114.01,92.57,48,45,53,40,,,,,
KR,88.59,91.37,91.37,99.45,114.01,92.57,48,45,53,40,,,,,
DVAX,88.59,91.37,91.37,99.45,114.01,92.57,48,45,53,40,,,,,
FLUT,88.59,91.37,91.37,99.45,114.01,92.57,48,45,53,40,,,,,
BLUW,88.59,91.37,91.37,99.45,114.01,92.57,48,45,53,40,9.97,0.53,9.97,9.97,0.7
DUOL,88.59,91.37,91.37,99.45,114.01,92.57,48,45,53,40,,,,,
DLPN,88.59,91.37,91.37,99.45,114.01,92.57,48,45,53,40,,,,,
PRLB,88.59,91.37,91.37,99.45,114.01,92.57,48,45,53,40,,,,,
RLX,88.59,91.37,91.37,99.45,114.01,92.57,48,45,53,40,,,,,
CPRT,88.59,91.37,91.37,99.45,114.01,92.57,48,45,53,40,,,,,
GLNG,88.59,91.37,91.37,99.45,114.01,92.57,48,45,53,40,,,,,
FSFG,88.59,91.37,91.37,99.45,114.01,92.57,48,45,53,40,,,,,
HLT,88.59,91.37,91.37,99.45,114.01,92.57,48,45,53,40,,,,,
NMAX,88.59,91.37,91.37,99.45,114.01,92.57,48,45,53,40,,,,,
SNBR,88.59,91.37,91.37,99.45,114.01,92.57,48,45,53,40,,,,,
XRTX,88.59,91.37,91.37,99.45,114.01,92.57,48,45,53,40,,,,,
ASH,88.59,91.37,91.37,99.45,114.01,92.57,48,45,53,40,,,,,
APD,88.59,91.37,91.37,99.45,114.01,92.57,48,45,53,40,,,,,
KBH,88.59,91.37,91.37,99.45,114.01,92.57,48,45,53,40,,,,,
OPXS,88.59,91.37,91.37,99.45,114.01,92.57,48,45,53,40,,,,,
LILA,88.59,91.37,91.37,99.45,114.01,92.57,48,45,53,40,,,,,
LOCL,88.59,91.37,91.37,99.45,114.01,92.57,48,45,53,40,,,,,
CALC,88.59,91.37,91.37,99.45,114.01,92.57,48,45,53,40,,,,,
CGBD,88.59,91.37,91.37,99.45,114.01,92.57,48,45,53,40,,,,,
VSCO,88.59,91.37,91.37,99.45,114.01,92.57,48,45,53,40,,,,,
ATLN,88.59,91.37,91.37,99.45,114.01,92.57,48,45,53,40,,,,,
FNKO,88.59,91.37,91.37,99.45,114.01,92.57,48,45,53,40,,,,,
FSHP,88.59,91.37,91.37,99.45,114.01,92.57,48,45,53,40,,,,,
TE,88.59,91.37,91.37,99.45,114.01,92.57,48,45,53,40,,,,,
OXLC,88.59,91.37,91.37,99.45,114.01,92.57,48,45,53,40,,,,,
CRMT,88.59,91.37,91.37,99.45,114.01,92.57,48,45,53,40,,,,,
SAN,88.59,91.37,91.37,99.45,114.01,92.57,48,45,53,40,,,,,
LIN,88.59,91.37,91.37,99.45,114.01,92.57,48,45,53,40,,,,,
NNVC,88.59,91.37,91.37,99.45,114.01,92.57,48,45,53,40,,,,,
SFBC,88.59,91.37,91.37,99.45,114.01,92.57,48,45,53,40,,,,,
CENTA,88.59,91.37,91.37,99.45,114.01,92.57,48,45,53,40,,,,,
MYFW,88.59,91.37,91.37,99.45,114.01,92.57,48,45,53,40,,,,,
LANV,88.59,91.37,91.37,99.45,114.01,92.57,48,45,53,40,,,,,
INAC,88.59,91.37,91.37,99.45,114.01,92.57,48,45,53,40,,,,,
ASPC,88.59,91.37,91.37,99.45,114.01,92.57,48,45,53,40,,,,,
NTES,88.59,91.37,91.37,99.45,114.01,92.57,48,45,53,40,,,,,
COSO,88.59,91.37,91.37,99.45,114.01,92.57,48,45,53,40,,,,,
NU,88.59,91.37,91.37,99.45,114.01,92.57,48,45,53,40,,,,,
GSM,88.59,91.37,91.37,99.45,114.01,92.57,48,45,53,40,,,,,
NHI,88.59,91.37,91.37,99.45,114.01,92.57,48,45,53,40,,,,,
TZOO,88.59,91.37,91.37,99.45,114.01,92.57,48,45,53,40,,,,,
BAM,88.59,91.37,91.37,99.45,114.01,92.57,48,45,53,40,,,,,
YORKU,88.59,91.37,91.37,99.45,114.01,92.57,48,45,53,40,,,,,
EVRG,88.59,91.37,91.37,99.45,114.01,92.57,48,45,53,40,,,,,
KEP,88.59,91.37,91.37,99.45,114.01,92.57,48,45,53,40,,,,,
XBIT,88.59,91.37,91.37,99.45,114.01,92.57,48,45,53,40,,,,,
TECX,88.59,91.37,91.37,99.45,114.01,92.57,48,45,53,40,,,,,
POET,88.59,91.37,91.37,99.45,114.01,92.57,48,45,53,40,,,,,
CADL,88.59,91.37,91.37,99.45,114.01,92.57,48,45,53,40,,,,,
PTNM,88.59,91.37,91.37,99.45,114.01,92.57,48,45,53,40,,,,,
WELL,88.59,91.37,91.37,99.45,114.01,92.57,48,45,53,40,,,,,
EGHAU,88.59,91.37,91.37,99.45,114.01,92.57,48,45,53,40,10.23,0.96,10.18,10.16,0.0
BE,88.59,91.37,91.37,99.45,114.01,92.57,48,45,53,40,,,,,
SCI,88.59,91.37,91.37,99.45,114.01,92.57,48,45,53,40,,,,,
LINE,88.59,91.37,91.37,99.45,114.01,92.57,48,45,53,40,,,,,
LAKE,88.59,91.37,91.37,99.45,114.01,92.57,48,45,53,40,,,,,
HGBL,88.59,91.37,91.37,99.45,114.01,92.57,48,45,53,40,,,,,
SEED,88.59,91.37,91.37,99.45,114.01,92.57,48,45,53,40,,,,,
PELIU,88.59,91.37,91.37,99.45,114.01,92.57,48,45,53,40,10.21,0.91,10.16,10.15,0.0
YUM,88.59,91.37,91.37,99.45,114.01,92.57,48,45,53,40,,,,,
RAL,88.59,91.37,91.37,99.45,114.01,92.57,48,45,53,40,,,,,
OFLX,88.59,91.37,91.37,99.45,114.01,92.57,48,45,53,40,,,,,
WRN,88.59,91.37,91.37,99.45,114.01,92.57,48,45,53,40,,,,,
IDA,88.59,91.37,91.37,99.45,114.01,92.57,48,45,53,40,,,,,
PRTG,88.59,91.37,91.37,99.45,114.01,92.57,48,45,53,40,,,,,
FVR,88.59,91.37,91.37,99.45,114.01,92.57,48,45,53,40,,,,,
YCBD,88.59,91.37,91.37,99.45,114.01,92.57,48,45,53,40,,,,,
AVDL,88.59,91.37,91.37,99.45,114.01,92.57,48,45,53,40,,,,,
SNSE,88.59,91.37,91.37,99.45,114.01,92.57,48,45,53,40,,,,,
MNRO,88.59,91.37,91.37,99.45,114.01,92.57,48,45,53,40,,,,,
MNST,88.59,91.37,91.37,99.45,114.01,92.57,48,45,53,40,,,,,
AES,88.59,91.37,91.37,99.45,114.01,92.57,48,45,53,40,,,,,
FGF,88.59,91.37,91.37,99.45,114.01,92.57,48,45,53,40,,,,,
GRAB,88.59,91.37,91.37,99.45,114.01,92.57,48,45,53,40,,,,,
WING,88.59,91.37,91.37,99.45,114.01,92.57,48,45,53,40,,,,,
DIT,88.59,91.37,91.37,99.45,114.01,92.57,48,45,53,40,,,,,
GAIA,88.59,91.37,91.37,99.45,114.01,92.57,48,45,53,40,,,,,
MSCI,88.59,91.37,91.37,99.45,114.01,92.57,48,45,53,40,,,,,
FLYW,88.59,91.37,91.37,99.45,114.01,92.57,48,45,53,40,,,,,
SCNX,88.59,91.37,91.37,99.45,114.01,92.57,48,45,53,40,,,,,
MHH,88.59,91.37,91.37,99.45,114.01,92.57,48,45,53,40,,,,,
CAPR,88.59,91.37,91.37,99.45,114.01,92.57,48,45,53,40,,,,,
BATL,88.59,91.37,91.37,99.45,114.01,92.57,48,45,53,40,,,,,
FMX,88.59,91.37,91.37,99.45,114.01,92.57,48,45,53,40,,,,,
FN,88.59,91.37,91.37,99.45,114.01,92.57,48,45,53,40,,,,,
PMTR,88.59,91.37,91.37,99.45,114.01,92.57,48,45,53,40,,,,,
SBSW,88.59,91.37,91.37,99.45,114.01,92.57,48,45,53,40,,,,,
CTEV,88.59,91.37,91.37,99.45,114.01,92.57,48,45,53,40,,,,,
WW,88.59,91.37,91.37,99.45,114.01,92.57,48,45,53,40,,,,,
HTZ,88.59,91.37,91.37,99.45,114.01,92.57,48,45,53,40,,,,,
ENFY,88.59,91.37,91.37,99.45,114.01,92.57,48,45,53,40,,,,,
EAF,88.59,91.37,91.37,99.45,114.01,92.57,48,45,53,40,,,,,
HFBL,88.59,91.37,91.37,99.45,114.01,92.57,48,45,53,40,,,,,
NBTB,88.59,91.37,91.37,99.45,114.01,92.57,48,45,53,40,,,,,
QTRX,88.59,91.37,91.37,99.45,114.01,92.57,48,45,53,40,,,,,
UBXG,88.59,91.37,91.37,99.45,114.01,92.57,48,45,53,40,,,,,
RDN,88.59,91.37,91.37,99.45,114.01,92.57,48,45,53,40,,,,,
RCI,88.59,91.37,91.37,99.45,114.01,92.57,48,45,53,40,,,,,
INBX,88.59,91.37,91.37,99.45,114.01,92.57,48,45,53,40,,,,,
ADCT,88.59,91.37,91.37,99.45,114.01,92.57,48,45,53,40,,,,,
CETX,88.59,91.37,91.37,99.45,114.01,92.57,48,45,53,40,,,,,
OYSE,88.59,91.37,91.37,99.45,114.01,92.57,48,45,53,40,,,,,
EXK,88.59,91.37,91.37,99.45,114.01,92.57,48,45,53,40,,,,,
NRT,88.59,91.37,91.37,99.45,114.01,92.57,48,45,53,40,,,,,
OR,88.59,91.37,91.37,99.45,114.01,92.57,48,45,53,40,,,,,
PLTK,88.59,91.37,91.37,99.45,114.01,92.57,48,45,53,40,,,,,
UVE,88.59,91.37,91.37,99.45,114.01,92.57,48,45,53,40,,,,,
TVRD,88.59,91.37,91.37,99.45,114.01,92.57,48,45,53,40,,,,,
CRWS,88.59,91.37,91.37,99.45,114.01,92.57,48,45,53,40,,,,,
GEHC,88.59,91.37,91.37,99.45,114.01,92.57,48,45,53,40,,,,,
HKPD,88.59,91.37,91.37,99.45,114.01,92.57,48,45,53,40,,,,,
HPK,88.59,91.37,91.37,99.45,114.01,92.57,48,45,53,40,,,,,
CV,88.59,91.37,91.37,99.45,114.01,92.57,48,45,53,40,3.93,0.31,4.31,4.31,0.24
EPIX,88.59,91.37,91.37,99.45,114.01,92.57,48,45,53,40,,,,,
NEXA,88.59,91.37,91.37,99.45,114.01,92.57,48,45,53,40,,,,,
FRBA,88.59,91.37,91.37,99.45,114.01,92.57,48,45,53,40,,,,,
BZH,88.59,91.37,91.37,99.45,114.01,92.57,48,45,53,40,,,,,
YHC,88.59,91.37,91.37,99.45,114.01,92.57,48,45,53,40,,,,,
WMK,88.59,91.37,91.37,99.45,114.01,92.57,48,45,53,40,,,,,
KNTK,88.59,91.37,91.37,99.45,114.01,92.57,48,45,53,40,,,,,
FIVE,88.59,91.37,91.37,99.45,114.01,92.57,48,45,53,40,,,,,
ORRF,88.59,91.37,91.37,99.45,114.01,92.57,48,45,53,40,,,,,
BKD,88.59,91.37,91.37,99.45,114.01,92.57,48,45,53,40,,,,,
UEC,88.59,91.37,91.37,99.45,114.01,92.57,48,45,53,40,,,,,
IZEA,88.59,91.37,91.37,99.45,114.01,92.57,48,45,53,40,,,,,
DHAI,88.59,91.37,91.37,99.45,114.01,92.57,48,45,53,40,,,,,
NXDT,88.59,91.37,91.37,99.45,114.01,92.57,48,45,53,40,,,,,
LCCC,88.59,91.37,91.37,99.45,114.01,92.57,48,45,53,40,10.04,0.8,10.03,10.03,0.0
MAIA,88.59,91.37,91.37,99.45,114.01,92.57,48,45,53,40,,,,,
COIN,88.59,91.37,91.37,99.45,114.01,92.57,48,45,53,40,,,,,
LPL,88.59,91.37,91.37,99.45,114.01,92.57,48,45,53,40,,,,,
MCVT,88.59,91.37,91.37,99.45,114.01,92.57,48,45,53,40,,,,,
RMBS,88.59,91.37,91.37,99.45,114.01,92.57,48,45,53,40,,,,,
IPW,88.59,91.37,91.37,99.45,114.01,92.57,48,45,53,40,,,,,
NEUP,88.59,91.37,91.37,99.45,114.01,92.57,48,45,53,40,,,,,
PKE,88.59,91.37,91.37,99.45,114.01,92.57,48,45,53,40,,,,,
XENE,88.59,91.37,91.37,99.45,114.01,92.57,48,45,53,40,,,,,
NRGV,88.59,91.37,91.37,99.45,114.01,92.57,48,45,53,40,,,,,
OSPN,88.59,91.37,91.37,99.45,114.01,92.57,48,45,53,40,,,,,
IPOD,88.59,91.37,91.37,99.45,114.01,92.57,48,45,53,40,,,,,
GFL,88.59,91.37,91.37,99.45,114.01,92.57,48,45,53,40,,,,,
WTFCN,88.59,91.37,91.37,99.45,114.01,92.57,48,45,53,40,,,,,
UFPI,88.59,91.37,91.37,99.45,114.01,92.57,48,45,53,40,,,,,
ARBB,88.59,91.37,91.37,99.45,114.01,92.57,48,45,53,40,,,,,
ELTX,88.59,91.37,91.37,99.45,114.01,92.57,48,45,53,40,,,,,
DLNG,88.59,91.37,91.37,99.45,114.01,92.57,48,45,53,40,,,,,
ED,88.59,91.37,91.37,99.45,114.01,92.57,48,45,53,40,,,,,
FCX,88.59,91.37,91.37,99.45,114.01,92.57,48,45,53,40,,,,,
ICE,88.59,91.37,91.37,99.45,114.01,92.57,48,45,53,40,,,,,
OVBC,88.59,91.37,91.37,99.45,114.01,92.57,48,45,53,40,,,,,
CCAP,88.59,91.37,91.37,99.45,114.01,92.57,48,45,53,40,,,,,
MRT,88.59,91.37,91.37,99.45,114.01,92.57,48,45,53,40,,,,,
QD,88.59,91.37,91.37,99.45,114.01,92.57,48,45,53,40,,,,,
WKHS,88.59,91.37,91.37,99.45,114.01,92.57,48,45,53,40,,,,,
HTLD,88.59,91.37,91.37,99.45,114.01,92.57,48,45,53,40,,,,,
WBD,88.59,91.37,91.37,99.45,114.01,92.57,48,45,53,40,,,,,
WYHG,88.59,91.37,91.37,99.45,114.01,92.57,48,45,53,40,,,,,
LGL,88.59,91.37,91.37,99.45,114.01,92.57,48,45,53,40,,,,,
KITT,88.59,91.37,91.37,99.45,114.01,92.57,48,45,53,40,,,,,
WOK,88.59,91.37,91.37,99.45,114.01,92.57,48,45,53,40,,,,,
AOSL,88.59,91.37,91.37,99.45,114.01,92.57,48,45,53,40,,,,,
WT,88.59,91.37,91.37,99.45,114.01,92.57,48,45,53,40,,,,,
MLEC,88.59,91.37,91.37,99.45,114.01,92.57,48,45,53,40,,,,,
TDS,88.59,91.37,91.37,99.45,114.01,92.57,48,45,53,40,,,,,
HUYA,88.59,91.37,91.37,99.45,114.01,92.57,48,45,53,40,,,,,
GCL,88.59,91.37,91.37,99.45,114.01,92.57,48,45,53,40,,,,,
BHE,88.59,91.37,91.37,99.45,114.01,92.57,48,45,53,40,,,,,
KTOS,88.59,91.37,91.37,99.45,114.01,92.57,48,45,53,40,,,,,
CZWI,88.59,91.37,91.37,99.45,114.01,92.57,48,45,53,40,,,,,
IREN,88.59,91.37,91.37,99.45,114.01,92.57,48,45,53,40,,,,,
EQX,88.59,91.37,91.37,99.45,114.01,92.57,48,45,53,40,,,,,
PLOW,88.59,91.37,91.37,99.45,114.01,92.57,48,45,53,40,,,,,
OUT,88.59,91.37,91.37,99.45,114.01,92.57,48,45,53,40,,,,,
CVRX,88.59,91.37,91.37,99.45,114.01,92.57,48,45,53,40,,,,,
PGAC,88.59,91.37,91.37,99.45,114.01,92.57,48,45,53,40,,,,,
HII,88.59,91.37,91.37,99.45,114.01,92.57,48,45,53,40,,,,,
INGM,88.59,91.37,91.37,99.45,114.01,92.57,48,45,53,40,,,,,
ITW,88.59,91.37,91.37,99.45,114.01,92.57,48,45,53,40,,,,,
GAME,88.59,91.37,91.37,99.45,114.01,92.57,48,45,53,40,,,,,
MSW,88.59,91.37,91.37,99.45,114.01,92.57,48,45,53,40,,,,,
SPT,88.59,91.37,91.37,99.45,114.01,92.57,48,45,53,40,,,,,
EBS,88.59,91.37,91.37,99.45,114.01,92.57,48,45,53,40,,,,,
MNOV,88.59,91.37,91.37,99.45,114.01,92.57,48,45,53,40,,,,,
BYFC,88.59,91.37,91.37,99.45,114.01,92.57,48,45,53,40,,,,,
SYY,88.59,91.37,91.37,99.45,114.01,92.57,48,45,53,40,,,,,
NODK,88.59,91.37,91.37,99.45,114.01,92.57,48,45,53,40,,,,,
SKLZ,88.59,91.37,91.37,99.45,114.01,92.57,48,45,53,40,,,,,
CLH,88.59,91.37,91.37,99.45,114.01,92.57,48,45,53,40,,,,,
CDRE,88.59,91.37,91.37,99.45,114.01,92.57,48,45,53,40,,,,,
AIRT,88.59,91.37,91.37,99.45,114.01,92.57,48,45,53,40,,,,,
HI,88.59,91.37,91.37,99.45,114.01,92.57,48,45,53,40,,,,,
HURC,88.59,91.37,91.37,99.45,114.01,92.57,48,45,53,40,,,,,
ATAI,88.59,91.37,91.37,99.45,114.01,92.57,48,45,53,40,,,,,
MBOT,88.59,91.37,91.37,99.45,114.01,92.57,48,45,53,40,,,,,
BDTX,88.59,91.37,91.37,99.45,114.01,92.57,48,45,53,40,,,,,
NINE,88.59,91.37,91.37,99.45,114.01,92.57,48,45,53,40,,,,,
ALAR,88.59,91.37,91.37,99.45,114.01,92.57,48,45,53,40,,,,,
IE,88.59,91.37,91.37,99.45,114.01,92.57,48,45,53,40,,,,,
VAL,88.59,91.37,91.37,99.45,114.01,92.57,48,45,53,40,,,,,
HSPTU,88.59,91.37,91.37,99.45,114.01,92.57,48,45,53,40,,,,,
RDW,88.59,91.37,91.37,99.45,114.01,92.57,48,45,53,40,,,,,
RLI,88.59,91.37,91.37,99.45,114.01,92.57,48,45,53,40,,,,,
AGRO,88.59,91.37,91.37,99.45,114.01,92.57,48,45,53,40,,,,,
VVX,88.59,91.37,91.37,99.45,114.01,92.57,48,45,53,40,,,,,
OBAWU,88.59,91.37,91.37,99.45,114.01,92.57,48,45,53,40,10.02,0.5,10.02,10.02,0.0
RYET,88.59,91.37,91.37,99.45,114.01,92.57,48,45,53,40,,,,,
AP,88.59,91.37,91.37,99.45,114.01,92.57,48,45,53,40,,,,,
BUSEP,88.59,91.37,91.37,99.45,114.01,92.57,48,45,53,40,,,,,
AGX,88.59,91.37,91.37,99.45,114.01,92.57,48,45,53,40,,,,,
NVNI,88.59,91.37,91.37,99.45,114.01,92.57,48,45,53,40,,,,,
ADUS,88.59,91.37,91.37,99.45,114.01,92.57,48,45,53,40,,,,,
PULM,88.59,91.37,91.37,99.45,114.01,92.57,48,45,53,40,,,,,
ALLO,88.59,91.37,91.37,99.45,114.01,92.57,48,45,53,40,,,,,
SFM,88.59,91.37,91.37,99.45,114.01,92.57,48,45,53,40,,,,,
OKTA,88.59,91.37,91.37,99.45,114.01,92.57,48,45,53,40,,,,,
WLAC,88.59,91.37,91.37,99.45,114.01,92.57,48,45,53,40,,,,,
PEPG,88.59,91.37,91.37,99.45,114.01,92.57,48,45,53,40,,,,,
UCAR,88.59,91.37,91.37,99.45,114.01,92.57,48,45,53,40,,,,,
STEL,88.59,91.37,91.37,99.45,114.01,92.57,48,45,53,40,,,,,
SOCAU,88.59,91.37,91.37,99.45,114.01,92.57,48,45,53,40,10.04,0.42,10.05,10.05,0.02
BMHL,88.59,91.37,91.37,99.45,114.01,92.57,48,45,53,40,4.01,0.51,4.04,4.04,0.26
CYCU,88.59,91.37,91.37,99.45,114.01,92.57,48,45,53,40,,,,,
MRP,88.59,91.37,91.37,99.45,114.01,92.57,48,45,53,40,,,,,
QSEA,88.59,91.37,91.37,99.45,114.01,92.57,48,45,53,40,10.1,0.71,10.06,10.05,0.0
GBCI,88.59,91.37,91.37,99.45,114.01,92.57,48,45,53,40,,,,,
STN,88.59,91.37,91.37,99.45,114.01,92.57,48,45,53,40,,,,,
TIL,88.59,91.37,91.37,99.45,114.01,92.57,48,45,53,40,,,,,
INV,88.59,91.37,91.37,99.45,114.01,92.57,48,45,53,40,,,,,
GRAN,88.59,91.37,91.37,99.45,114.01,92.57,48,45,53,40,,,,,
ARTW,88.59,91.37,91.37,99.45,114.01,92.57,48,45,53,40,,,,,
MRM,88.59,91.37,91.37,99.45,114.01,92.57,48,45,53,40,,,,,
MTA,88.59,91.37,91.37,99.45,114.01,92.57,48,45,53,40,,,,,
IAG,88.59,91.37,91.37,99.45,114.01,92.57,48,45,53,40,,,,,
NXL,88.59,91.37,91.37,99.45,114.01,92.57,48,45,53,40,,,,,
KGC,88.59,91.37,91.37,99.45,114.01,92.57,48,45,53,40,,,,,
UMAC,88.59,91.37,91.37,99.45,114.01,92.57,48,45,53,40,,,,,
KLG,88.59,91.37,91.37,99.45,114.01,92.57,48,45,53,40,,,,,
QVCGA,88.59,91.37,91.37,99.45,114.01,92.57,48,45,53,40,,,,,
SBUX,88.59,91.37,91.37,99.45,114.01,92.57,48,45,53,40,,,,,
NRP,88.59,91.37,91.37,99.45,114.01,92.57,48,45,53,40,,,,,
HDL,88.59,91.37,91.37,99.45,114.01,92.57,48,45,53,40,,,,,
FL,88.59,91.37,91.37,99.45,114.01,92.57,48,45,53,40,,,,,
LYV,88.59,91.37,91.37,99.45,114.01,92.57,48,45,53,40,,,,,
MIND,88.59,91.37,91.37,99.45,114.01,92.57,48,45,53,40,,,,,
BXSL,88.59,91.37,91.37,99.45,114.01,92.57,48,45,53,40,,,,,
ECL,88.59,91.37,91.37,99.45,114.01,92.57,48,45,53,40,,,,,
CBNA,88.59,91.37,91.37,99.45,114.01,92.57,48,45,53,40,,,,,
SWBI,88.59,91.37,91.37,99.45,114.01,92.57,48,45,53,40,,,,,
SPIR,88.59,91.37,91.37,99.45,114.01,92.57,48,45,53,40,,,,,
TAIT,88.59,91.37,91.37,99.45,114.01,92.57,48,45,53,40,,,,,
SIGI,88.59,91.37,91.37,99.45,114.01,92.57,48,45,53,40,,,,,
RACE,88.59,91.37,91.37,99.45,114.01,92.57,48,45,53,40,,,,,
NWL,88.59,91.37,91.37,99.45,114.01,92.57,48,45,53,40,,,,,
NXT,88.59,91.37,91.37,99.45,114.01,92.57,48,45,53,40,,,,,
TTSH,88.59,91.37,91.37,99.45,114.01,92.57,48,45,53,40,,,,,
NETDU,88.59,91.37,91.37,99.45,114.01,92.57,48,45,53,40,,,,,
DXCM,88.59,91.37,91.37,99.45,114.01,92.57,48,45,53,40,,,,,
TEN,88.59,91.37,91.37,99.45,114.01,92.57,48,45,53,40,,,,,
UAL,88.59,91.37,91.37,99.45,114.01,92.57,48,45,53,40,,,,,
RS,88.59,91.37,91.37,99.45,114.01,92.57,48,45,53,40,,,,,
KWR,88.59,91.37,91.37,99.45,114.01,92.57,48,45,53,40,,,,,
AEVA,88.59,91.37,91.37,99.45,114.01,92.57,48,45,53,40,,,,,
VTLE,88.59,91.37,91.37,99.45,114.01,92.57,48,45,53,40,,,,,
PLSE,88.59,91.37,91.37,99.45,114.01,92.57,48,45,53,40,,,,,
PRIM,88.59,91.37,91.37,99.45,114.01,92.57,48,45,53,40,,,,,
SSY,88.59,91.37,91.37,99.45,114.01,92.57,48,45,53,40,,,,,
GDHG,88.59,91.37,91.37,99.45,114.01,92.57,48,45,53,40,,,,,
BAP,88.59,91.37,91.37,99.45,114.01,92.57,48,45,53,40,,,,,
TMP,88.59,91.37,91.37,99.45,114.01,92.57,48,45,53,40,,,,,
IESC,88.59,91.37,91.37,99.45,114.01,92.57,48,45,53,40,,,,,
TVAI,88.59,91.37,91.37,99.45,114.01,92.57,48,45,53,40,,,,,
CHPGU,88.59,91.37,91.37,99.45,114.01,92.57,48,45,53,40,10.13,0.43,10.13,10.13,0.0
BPOP,88.59,91.37,91.37,99.45,114.01,92.57,48,45,53,40,,,,,
CCSI,88.59,91.37,91.37,99.45,114.01,92.57,48,45,53,40,,,,,
AM,88.59,91.37,91.37,99.45,114.01,92.57,48,45,53,40,,,,,
TLSI,88.59,91.37,91.37,99.45,114.01,92.57,48,45,53,40,,,,,
DT,88.59,91.37,91.37,99.45,114.01,92.57,48,45,53,40,,,,,
PACB,88.59,91.37,91.37,99.45,114.01,92.57,48,45,53,40,,,,,
NTNX,88.59,91.37,91.37,99.45,114.01,92.57,48,45,53,40,,,,,
CCS,88.59,91.37,91.37,99.45,114.01,92.57,48,45,53,40,,,,,
SLDE,88.59,91.37,91.37,99.45,114.01,92.57,48,45,53,40,17.13,0.0,19.54,19.54,0.63
ARMK,88.59,91.37,91.37,99.45,114.01,92.57,48,45,53,40,,,,,
SAR,88.59,91.37,91.37,99.45,114.01,92.57,48,45,53,40,,,,,
HRZN,88.59,91.37,91.37,99.45,114.01,92.57,48,45,53,40,,,,,
APPF,88.59,91.37,91.37,99.45,114.01,92.57,48,45,53,40,,,,,
AISP,88.59,91.37,91.37,99.45,114.01,92.57,48,45,53,40,,,,,
SSEAU,88.59,91.37,91.37,99.45,114.01,92.57,48,45,53,40,,,,,
PXS,88.59,91.37,91.37,99.45,114.01,92.57,48,45,53,40,,,,,
BHR,88.59,91.37,91.37,99.45,114.01,92.57,48,45,53,40,,,,,
BTG,88.59,91.37,91.37,99.45,114.01,92.57,48,45,53,40,,,,,
RDZN,88.59,91.37,91.37,99.45,114.01,92.57,48,45,53,40,,,,,
RR,88.59,91.37,91.37,99.45,114.01,92.57,48,45,53,40,,,,,
FLNC,88.59,91.37,91.37,99.45,114.01,92.57,48,45,53,40,,,,,
AMTX,88.59,91.37,91.37,99.45,114.01,92.57,48,45,53,40,,,,,
CFBK,88.59,91.37,91.37,99.45,114.01,92.57,48,45,53,40,,,,,
FDMT,88.59,91.37,91.37,99.45,114.01,92.57,48,45,53,40,,,,,
TROO,88.59,91.37,91.37,99.45,114.01,92.57,48,45,53,40,,,,,
INM,88.59,91.37,91.37,99.45,114.01,92.57,48,45,53,40,,,,,
PEP,88.59,91.37,91.37,99.45,114.01,92.57,48,45,53,40,,,,,
INNV,88.59,91.37,91.37,99.45,114.01,92.57,48,45,53,40,,,,,
EAT,88.59,91.37,91.37,99.45,114.01,92.57,48,45,53,40,,,,,
INDP,88.59,91.37,91.37,99.45,114.01,92.57,48,45,53,40,,,,,
IBG,88.59,91.37,91.37,99.45,114.01,92.57,48,45,53,40,,,,,
APDN,88.59,91.37,91.37,99.45,114.01,92.57,48,45,53,40,,,,,
GCT,88.59,91.37,91.37,99.45,114.01,92.57,48,45,53,40,,,,,
PMCB,88.59,91.37,91.37,99.45,114.01,92.57,48,45,53,40,,,,,
UCTT,88.59,91.37,91.37,99.45,114.01,92.57,48,45,53,40,,,,,
FLXS,88.59,91.37,91.37,99.45,114.01,92.57,48,45,53,40,,,,,
AMZN,88.59,91.37,91.37,99.45,114.01,92.57,48,45,53,40,,,,,
RUSHB,88.59,91.37,91.37,99.45,114.01,92.57,48,45,53,40,,,,,
GTEC,88.59,91.37,91.37,99.45,114.01,92.57,48,45,53,40,,,,,
ARDX,88.59,91.37,91.37,99.45,114.01,92.57,48,45,53,40,,,,,
AESI,88.59,91.37,91.37,99.45,114.01,92.57,48,45,53,40,,,,,
NATH,88.59,91.37,91.37,99.45,114.01,92.57,48,45,53,40,,,,,
IPWR,88.59,91.37,91.37,99.45,114.01,92.57,48,45,53,40,,,,,
PAYO,88.59,91.37,91.37,99.45,114.01,92.57,48,45,53,40,,,,,
PBF,88.59,91.37,91.37,99.45,114.01,92.57,48,45,53,40,,,,,
LNKB,88.59,91.37,91.37,99.45,114.01,92.57,48,45,53,40,,,,,
JXG,88.59,91.37,91.37,99.45,114.01,92.57,48,45,53,40,,,,,
MCHX,88.59,91.37,91.37,99.45,114.01,92.57,48,45,53,40,,,,,
FORTY,88.59,91.37,91.37,99.45,114.01,92.57,48,45,53,40,,,,,
ZENA,88.59,91.37,91.37,99.45,114.01,92.57,48,45,53,40,,,,,
UCL,88.59,91.37,91.37,99.45,114.01,92.57,48,45,53,40,,,,,
PEW,88.59,91.37,91.37,99.45,114.01,92.57,48,45,53,40,,,,,
ACHR,88.59,91.37,91.37,99.45,114.01,92.57,48,45,53,40,,,,,
SLSR,88.59,91.37,91.37,99.45,114.01,92.57,48,45,53,40,,,,,
AZTR,88.59,91.37,91.37,99.45,114.01,92.57,48,45,53,40,,,,,
HCM,88.59,91.37,91.37,99.45,114.01,92.57,48,45,53,40,,,,,
MGM,88.59,91.37,91.37,99.45,114.01,92.57,48,45,53,40,,,,,
AQN,88.59,91.37,91.37,99.45,114.01,92.57,48,45,53,40,,,,,
ANTA,88.59,91.37,91.37,99.45,114.01,92.57,48,45,53,40,,,,,
VRAR,88.59,91.37,91.37,99.45,114.01,92.57,48,45,53,40,,,,,
SY,88.59,91.37,91.37,99.45,114.01,92.57,48,45,53,40,,,,,
MRCY,88.59,91.37,91.37,99.45,114.01,92.57,48,45,53,40,,,,,
SMHI,88.59,91.37,91.37,99.45,114.01,92.57,48,45,53,40,,,,,
HUN,88.59,91.37,91.37,99.45,114.01,92.57,48,45,53,40,,,,,
TRVI,88.59,91.37,91.37,99.45,114.01,92.57,48,45,53,40,,,,,
TREX,88.59,91.37,91.37,99.45,114.01,92.57,48,45,53,40,,,,,
AXTA,88.59,91.37,91.37,99.45,114.01,92.57,48,45,53,40,,,,,
LX,88.59,91.37,91.37,99.45,114.01,92.57,48,45,53,40,,,,,
RYAM,88.59,91.37,91.37,99.45,114.01,92.57,48,45,53,40,,,,,
BHB,88.59,91.37,91.37,99.45,114.01,92.57,48,45,53,40,,,,,
ACNB,88.59,91.37,91.37,99.45,114.01,92.57,48,45,53,40,,,,,
PRTA,88.59,91.37,91.37,99.45,114.01,92.57,48,45,53,40,,,,,
JBGS,88.59,91.37,91.37,99.45,114.01,92.57,48,45,53,40,,,,,
LFVN,88.59,91.37,91.37,99.45,114.01,92.57,48,45,53,40,,,,,
BOX,88.59,91.37,91.37,99.45,114.01,92.57,48,45,53,40,,,,,
LARK,88.59,91.37,91.37,99.45,114.01,92.57,48,45,53,40,,,,,
NSIT,88.59,91.37,91.37,99.45,114.01,92.57,48,45,53,40,,,,,
LPG,88.59,91.37,91.37,99.45,114.01,92.57,48,45,53,40,,,,,
CHKP,88.59,91.37,91.37,99.45,114.01,92.57,48,45,53,40,,,,,
CELU,88.59,91.37,91.37,99.45,114.01,92.57,48,45,53,40,,,,,
AGL,88.59,91.37,91.37,99.45,114.01,92.57,48,45,53,40,,,,,
NKTR,88.59,91.37,91.37,99.45,114.01,92.57,48,45,53,40,,,,,
OPHC,88.59,91.37,91.37,99.45,114.01,92.57,48,45,53,40,,,,,
PANW,88.59,91.37,91.37,99.45,114.01,92.57,48,45,53,40,,,,,
LTRN,88.59,91.37,91.37,99.45,114.01,92.57,48,45,53,40,,,,,
BVN,88.59,91.37,91.37,99.45,114.01,92.57,48,45,53,40,,,,,
WNS,88.59,91.37,91.37,99.45,114.01,92.57,48,45,53,40,,,,,
PPBT,88.59,91.37,91.37,99.45,114.01,92.57,48,45,53,40,,,,,
SPOT,88.59,91.37,91.37,99.45,114.01,92.57,48,45,53,40,,,,,
APUS,88.59,91.37,91.37,99.45,114.01,92.57,48,45,53,40,,,,,
INCY,88.59,91.37,91.37,99.45,114.01,92.57,48,45,53,40,,,,,
OST,88.59,91.37,91.37,99.45,114.01,92.57,48,45,53,40,,,,,
ISRL,88.59,91.37,91.37,99.45,114.01,92.57,48,45,53,40,,,,,
TPVG,88.59,91.37,91.37,99.45,114.01,92.57,48,45,53,40,,,,,
TRST,88.59,91.37,91.37,99.45,114.01,92.57,48,45,53,40,,,,,
GTENU,88.59,91.37,91.37,99.45,114.01,92.57,48,45,53,40,,,,,
LWAY,88.59,91.37,91.37,99.45,114.01,92.57,48,45,53,40,,,,,
ULBI,88.59,91.37,91.37,99.45,114.01,92.57,48,45,53,40,,,,,
SZZLU,88.59,91.37,91.37,99.45,114.01,92.57,48,45,53,40,,,,,
CDP,88.59,91.37,91.37,99.45,114.01,92.57,48,45,53,40,,,,,
CASI,88.59,91.37,91.37,99.45,114.01,92.57,48,45,53,40,,,,,
PCAR,88.59,91.37,91.37,99.45,114.01,92.57,48,45,53,40,,,,,
ASTS,88.59,91.37,91.37,99.45,114.01,92.57,48,45,53,40,,,,,
SPEGU,88.59,91.37,91.37,99.45,114.01,92.57,48,45,53,40,10.13,0.83,10.09,10.09,0.0
FRMEP,88.59,91.37,91.37,99.45,114.01,92.57,48,45,53,40,,,,,
GVA,88.59,91.37,91.37,99.45,114.01,92.57,48,45,53,40,,,,,
PRGS,88.59,91.37,91.37,99.45,114.01,92.57,48,45,53,40,,,,,
EL,88.59,91.37,91.37,99.45,114.01,92.57,48,45,53,40,,,,,
CHMG,88.59,91.37,91.37,99.45,114.01,92.57,48,45,53,40,,,,,
AL,88.59,91.37,91.37,99.45,114.01,92.57,48,45,53,40,,,,,
HNI,88.59,91.37,91.37,99.45,114.01,92.57,48,45,53,40,,,,,
ANY,88.59,91.37,91.37,99.45,114.01,92.57,48,45,53,40,,,,,
MH,88.59,91.37,91.37,99.45,114.01,92.57,48,45,53,40,,,,,
THO,88.59,91.37,91.37,99.45,114.01,92.57,48,45,53,40,,,,,
EMPD,88.59,91.37,91.37,99.45,114.01,92.57,48,45,53,40,,,,,
EMA,88.59,91.37,91.37,99.45,114.01,92.57,48,45,53,40,,,,,
CB,88.59,91.37,91.37,99.45,114.01,92.57,48,45,53,40,,,,,
QUMSU,88.59,91.37,91.37,99.45,114.01,92.57,48,45,53,40,,,,,
RMAX,88.59,91.37,91.37,99.45,114.01,92.57,48,45,53,40,,,,,
LINC,88.59,91.37,91.37,99.45,114.01,92.57,48,45,53,40,,,,,
OAKU,88.59,91.37,91.37,99.45,114.01,92.57,48,45,53,40,,,,,
MLR,88.59,91.37,91.37,99.45,114.01,92.57,48,45,53,40,,,,,
KIDS,88.59,91.37,91.37,99.45,114.01,92.57,48,45,53,40,,,,,
HCKT,88.59,91.37,91.37,99.45,114.01,92.57,48,45,53,40,,,,,
MKSI,88.59,91.37,91.37,99.45,114.01,92.57,48,45,53,40,,,,,
DSX,88.59,91.37,91.37,99.45,114.01,92.57,48,45,53,40,,,,,
ANPA,88.59,91.37,91.37,99.45,114.01,92.57,48,45,53,40,,,,,
WK,88.59,91.37,91.37,99.45,114.01,92.57,48,45,53,40,,,,,
TLK,88.59,91.37,91.37,99.45,114.01,92.57,48,45,53,40,,,,,
ZTO,88.59,91.37,91.37,99.45,114.01,92.57,48,45,53,40,,,,,
CVV,88.59,91.37,91.37,99.45,114.01,92.57,48,45,53,40,,,,,
GLMD,88.59,91.37,91.37,99.45,114.01,92.57,48,45,53,40,,,,,
BABA,88.59,91.37,91.37,99.45,114.01,92.57,48,45,53,40,,,,,
SMWB,88.59,91.37,91.37,99.45,114.01,92.57,48,45,53,40,,,,,
NPK,88.59,91.37,91.37,99.45,114.01,92.57,48,45,53,40,,,,,
NOC,88.59,91.37,91.37,99.45,114.01,92.57,48,45,53,40,,,,,
ROG,88.59,91.37,91.37,99.45,114.01,92.57,48,45,53,40,,,,,
MYND,88.59,91.37,91.37,99.45,114.01,92.57,48,45,53,40,,,,,
VVPR,88.59,91.37,91.37,99.45,114.01,92.57,48,45,53,40,,,,,
JFU,88.59,91.37,91.37,99.45,114.01,92.57,48,45,53,40,,,,,
BANL,88.59,91.37,91.37,99.45,114.01,92.57,48,45,53,40,,,,,
KBDC,88.59,91.37,91.37,99.45,114.01,92.57,48,45,53,40,,,,,
ATHE,88.59,91.37,91.37,99.45,114.01,92.57,48,45,53,40,,,,,
ONCY,88.59,91.37,91.37,99.45,114.01,92.57,48,45,53,40,,,,,
PSIG,88.59,91.37,91.37,99.45,114.01,92.57,48,45,53,40,,,,,
JRVR,88.59,91.37,91.37,99.45,114.01,92.57,48,45,53,40,,,,,
KELYB,88.59,91.37,91.37,99.45,114.01,92.57,48,45,53,40,,,,,
DAVA,88.59,91.37,91.37,99.45,114.01,92.57,48,45,53,40,,,,,
SWKH,88.59,91.37,91.37,99.45,114.01,92.57,48,45,53,40,,,,,
UIS,88.59,91.37,91.37,99.45,114.01,92.57,48,45,53,40,,,,,
CNF,88.59,91.37,91.37,99.45,114.01,92.57,48,45,53,40,,,,,
ORKA,88.59,91.37,91.37,99.45,114.01,92.57,48,45,53,40,,,,,
CJMB,88.59,91.37,91.37,99.45,114.01,92.57,48,45,53,40,,,,,
RHLD,88.59,91.37,91.37,99.45,114.01,92.57,48,45,53,40,,,,,
EPR,88.59,91.37,91.37,99.45,114.01,92.57,48,45,53,40,,,,,
ABOS,88.59,91.37,91.37,99.45,114.01,92.57,48,45,53,40,,,,,
SVCO,88.59,91.37,91.37,99.45,114.01,92.57,48,45,53,40,,,,,
CRVO,88.59,91.37,91.37,99.45,114.01,92.57,48,45,53,40,,,,,
FSP,88.59,91.37,91.37,99.45,114.01,92.57,48,45,53,40,,,,,
AX,88.59,91.37,91.37,99.45,114.01,92.57,48,45,53,40,,,,,
GIPR,88.59,91.37,91.37,99.45,114.01,92.57,48,45,53,40,,,,,
SDGR,88.59,91.37,91.37,99.45,114.01,92.57,48,45,53,40,,,,,
VNT,88.59,91.37,91.37,99.45,114.01,92.57,48,45,53,40,,,,,
AEO,88.59,91.37,91.37,99.45,114.01,92.57,48,45,53,40,,,,,
LZ,88.59,91.37,91.37,99.45,114.01,92.57,48,45,53,40,,,,,
TBMC,88.59,91.37,91.37,99.45,114.01,92.57,48,45,53,40,,,,,
OP,88.59,91.37,91.37,99.45,114.01,92.57,48,45,53,40,,,,,
SPR,88.59,91.37,91.37,99.45,114.01,92.57,48,45,53,40,,,,,
CGNX,88.59,91.37,91.37,99.45,114.01,92.57,48,45,53,40,,,,,
LOMA,88.59,91.37,91.37,99.45,114.01,92.57,48,45,53,40,,,,,
RRGB,88.59,91.37,91.37,99.45,114.01,92.57,48,45,53,40,,,,,
UNP,88.59,91.37,91.37,99.45,114.01,92.57,48,45,53,40,,,,,
TUYA,88.59,91.37,91.37,99.45,114.01,92.57,48,45,53,40,,,,,
ON,88.59,91.37,91.37,99.45,114.01,92.57,48,45,53,40,,,,,
QTTB,88.59,91.37,91.37,99.45,114.01,92.57,48,45,53,40,,,,,
AMRX,88.59,91.37,91.37,99.45,114.01,92.57,48,45,53,40,,,,,
LMFA,88.59,91.37,91.37,99.45,114.01,92.57,48,45,53,40,,,,,
PROF,88.59,91.37,91.37,99.45,114.01,92.57,48,45,53,40,,,,,
STRT,88.59,91.37,91.37,99.45,114.01,92.57,48,45,53,40,,,,,
KWM,88.59,91.37,91.37,99.45,114.01,92.57,48,45,53,40,3.9,0.41,4.07,3.7,0.04
EHLD,88.59,91.37,91.37,99.45,114.01,92.57,48,45,53,40,,,,,
PRTC,88.59,91.37,91.37,99.45,114.01,92.57,48,45,53,40,,,,,
ADBE,88.59,91.37,91.37,99.45,114.01,92.57,48,45,53,40,,,,,
NMRA,88.59,91.37,91.37,99.45,114.01,92.57,48,45,53,40,,,,,
LC,88.59,91.37,91.37,99.45,114.01,92.57,48,45,53,40,,,,,
LFUS,88.59,91.37,91.37,99.45,114.01,92.57,48,45,53,40,,,,,
HONDU,88.59,91.37,91.37,99.45,114.01,92.57,48,45,53,40,,,,,
ECG,88.59,91.37,91.37,99.45,114.01,92.57,48,45,53,40,,,,,
AXIL,88.59,91.37,91.37,99.45,114.01,92.57,48,45,53,40,,,,,
VTGN,88.59,91.37,91.37,99.45,114.01,92.57,48,45,53,40,,,,,
JL,88.59,91.37,91.37,99.45,114.01,92.57,48,45,53,40,,,,,
CMBM,88.59,91.37,91.37,99.45,114.01,92.57,48,45,53,40,,,,,
GEO,88.59,91.37,91.37,99.45,114.01,92.57,48,45,53,40,,,,,
RDDT,88.59,91.37,91.37,99.45,114.01,92.57,48,45,53,40,,,,,
SPCB,88.59,91.37,91.37,99.45,114.01,92.57,48,45,53,40,,,,,
HTCR,88.59,91.37,91.37,99.45,114.01,92.57,48,45,53,40,,,,,
GTI,88.59,91.37,91.37,99.45,114.01,92.57,48,45,53,40,,,,,
ALCY,88.59,91.37,91.37,99.45,114.01,92.57,48,45,53,40,,,,,
MXL,88.59,91.37,91.37,99.45,114.01,92.57,48,45,53,40,,,,,
NEXM,88.59,91.37,91.37,99.45,114.01,92.57,48,45,53,40,,,,,
PYPD,88.59,91.37,91.37,99.45,114.01,92.57,48,45,53,40,,,,,
PCSC,88.59,91.37,91.37,99.45,114.01,92.57,48,45,53,40,,,,,
NTCT,88.59,91.37,91.37,99.45,114.01,92.57,48,45,53,40,,,,,
BXP,88.59,91.37,91.37,99.45,114.01,92.57,48,45,53,40,,,,,
BBAR,88.59,91.37,91.37,99.45,114.01,92.57,48,45,53,40,,,,,
DCBO,88.59,91.37,91.37,99.45,114.01,92.57,48,45,53,40,,,,,
INUV,88.59,91.37,91.37,99.45,114.01,92.57,48,45,53,40,,,,,
CIEN,88.59,91.37,91.37,99.45,114.01,92.57,48,45,53,40,,,,,
DEFT,88.59,91.37,91.37,99.45,114.01,92.57,48,45,53,40,,,,,
CAEP,88.59,91.37,91.37,99.45,114.01,92.57,48,45,53,40,,,,,
GITS,88.59,91.37,91.37,99.45,114.01,92.57,48,45,53,40,,,,,
TRNR,88.59,91.37,91.37,99.45,114.01,92.57,48,45,53,40,,,,,
FRGT,88.59,91.37,91.37,99.45,114.01,92.57,48,45,53,40,,,,,
EURKU,88.59,91.37,91.37,99.45,114.01,92.57,48,45,53,40,,,,,
SXTP,88.59,91.37,91.37,99.45,114.01,92.57,48,45,53,40,,,,,
WAFU,88.59,91.37,91.37,99.45,114.01,92.57,48,45,53,40,,,,,
KLAC,88.59,91.37,91.37,99.45,114.01,92.57,48,45,53,40,,,,,
CVNA,88.59,91.37,91.37,99.45,114.01,92.57,48,45,53,40,,,,,
FG,88.59,91.37,91.37,99.45,114.01,92.57,48,45,53,40,,,,,
CFFN,88.59,91.37,91.37,99.45,114.01,92.57,48,45,53,40,,,,,
IROH,88.59,91.37,91.37,99.45,114.01,92.57,48,45,53,40,,,,,
MO,88.59,91.37,91.37,99.45,114.01,92.57,48,45,53,40,,,,,
DKI,88.59,91.37,91.37,99.45,114.01,92.57,48,45,53,40,5.48,,5.48,5.48,1.0
CMS,88.59,91.37,91.37,99.45,114.01,92.57,48,45,53,40,,,,,
EXE,88.59,91.37,91.37,99.45,114.01,92.57,48,45,53,40,,,,,
ARQQ,88.59,91.37,91.37,99.45,114.01,92.57,48,45,53,40,,,,,
NTGR,88.59,91.37,91.37,99.45,114.01,92.57,48,45,53,40,,,,,
PSNYW,88.59,91.37,91.37,99.45,114.01,92.57,48,45,53,40,,,,,
OBLG,88.59,91.37,91.37,99.45,114.01,92.57,48,45,53,40,,,,,
SENEA,88.59,91.37,91.37,99.45,114.01,92.57,48,45,53,40,,,,,
SID,88.59,91.37,91.37,99.45,114.01,92.57,48,45,53,40,,,,,
FORA,88.59,91.37,91.37,99.45,114.01,92.57,48,45,53,40,,,,,
MTC,88.59,91.37,91.37,99.45,114.01,92.57,48,45,53,40,,,,,
MOLN,88.59,91.37,91.37,99.45,114.01,92.57,48,45,53,40,,,,,
RAIN,88.59,91.37,91.37,99.45,114.01,92.57,48,45,53,40,,,,,
ANIK,88.59,91.37,91.37,99.45,114.01,92.57,48,45,53,40,,,,,
HSDT,88.59,91.37,91.37,99.45,114.01,92.57,48,45,53,40,,,,,
TFX,88.59,91.37,91.37,99.45,114.01,92.57,48,45,53,40,,,,,
ADP,88.59,91.37,91.37,99.45,114.01,92.57,48,45,53,40,,,,,
BLUWU,88.59,91.37,91.37,99.45,114.01,92.57,48,45,53,40,,,,,
KD,88.59,91.37,91.37,99.45,114.01,92.57,48,45,53,40,,,,,
NATR,88.59,91.37,91.37,99.45,114.01,92.57,48,45,53,40,,,,,
REVB,88.59,91.37,91.37,99.45,114.01,92.57,48,45,53,40,,,,,
OXM,88.59,91.37,91.37,99.45,114.01,92.57,48,45,53,40,,,,,
UUUU,88.59,91.37,91.37,99.45,114.01,92.57,48,45,53,40,,,,,
CXW,88.59,91.37,91.37,99.45,114.01,92.57,48,45,53,40,,,,,
MCTR,88.59,91.37,91.37,99.45,114.01,92.57,48,45,53,40,,,,,
IRDM,88.59,91.37,91.37,99.45,114.01,92.57,48,45,53,40,,,,,
MFI,88.59,91.37,91.37,99.45,114.01,92.57,48,45,53,40,,,,,
NEE,88.59,91.37,91.37,99.45,114.01,92.57,48,45,53,40,,,,,
INO,88.59,91.37,91.37,99.45,114.01,92.57,48,45,53,40,,,,,
CCRD,88.59,91.37,91.37,99.45,114.01,92.57,48,45,53,40,,,,,
WTW,88.59,91.37,91.37,99.45,114.01,92.57,48,45,53,40,,,,,
CURR,88.59,91.37,91.37,99.45,114.01,92.57,48,45,53,40,,,,,
SMR,88.59,91.37,91.37,99.45,114.01,92.57,48,45,53,40,,,,,
VTEX,88.59,91.37,91.37,99.45,114.01,92.57,48,45,53,40,,,,,
GLE,88.59,91.37,91.37,99.45,114.01,92.57,48,45,53,40,,,,,
ANF,88.59,91.37,91.37,99.45,114.01,92.57,48,45,53,40,,,,,
CSAN,88.59,91.37,91.37,99.45,114.01,92.57,48,45,53,40,,,,,
TPG,88.59,91.37,91.37,99.45,114.01,92.57,48,45,53,40,,,,,
NAKA,88.59,91.37,91.37,99.45,114.01,92.57,48,45,53,40,,,,,
NTB,88.59,91.37,91.37,99.45,114.01,92.57,48,45,53,40,,,,,
WEYS,88.59,91.37,91.37,99.45,114.01,92.57,48,45,53,40,,,,,
SSNC,88.59,91.37,91.37,99.45,114.01,92.57,48,45,53,40,,,,,
CBNK,88.59,91.37,91.37,99.45,114.01,92.57,48,45,53,40,,,,,
RMSG,88.59,91.37,91.37,99.45,114.01,92.57,48,45,53,40,,,,,
BNRG,88.59,91.37,91.37,99.45,114.01,92.57,48,45,53,40,,,,,
ONON,88.59,91.37,91.37,99.45,114.01,92.57,48,45,53,40,,,,,
CISO,88.59,91.37,91.37,99.45,114.01,92.57,48,45,53,40,,,,,
ZBH,88.59,91.37,91.37,99.45,114.01,92.57,48,45,53,40,,,,,
FERA,88.59,91.37,91.37,99.45,114.01,92.57,48,45,53,40,,,,,
MDRR,88.59,91.37,91.37,99.45,114.01,92.57,48,45,53,40,,,,,
LOW,88.59,91.37,91.37,99.45,114.01,92.57,48,45,53,40,,,,,
RAPP,88.59,91.37,91.37,99.45,114.01,92.57,48,45,53,40,,,,,
BON,88.59,91.37,91.37,99.45,114.01,92.57,48,45,53,40,,,,,
EXEL,88.59,91.37,91.37,99.45,114.01,92.57,48,45,53,40,,,,,
APLT,88.59,91.37,91.37,99.45,114.01,92.57,48,45,53,40,,,,,
GLBZ,88.59,91.37,91.37,99.45,114.01,92.57,48,45,53,40,,,,,
AAUC,88.59,91.37,91.37,99.45,114.01,92.57,48,45,53,40,,,,,
LIVN,88.59,91.37,91.37,99.45,114.01,92.57,48,45,53,40,,,,,
MPX,88.59,91.37,91.37,99.45,114.01,92.57,48,45,53,40,,,,,
IMMX,88.59,91.37,91.37,99.45,114.01,92.57,48,45,53,40,,,,,
JACK,88.59,91.37,91.37,99.45,114.01,92.57,48,45,53,40,,,,,
IP,88.59,91.37,91.37,99.45,114.01,92.57,48,45,53,40,,,,,
HXHX,88.59,91.37,91.37,99.45,114.01,92.57,48,45,53,40,,,,,
ABCL,88.59,91.37,91.37,99.45,114.01,92.57,48,45,53,40,,,,,
PFBC,88.59,91.37,91.37,99.45,114.01,92.57,48,45,53,40,,,,,
STNG,88.59,91.37,91.37,99.45,114.01,92.57,48,45,53,40,,,,,
LFCR,88.59,91.37,91.37,99.45,114.01,92.57,48,45,53,40,,,,,
EBC,88.59,91.37,91.37,99.45,114.01,92.57,48,45,53,40,,,,,
TELO,88.59,91.37,91.37,99.45,114.01,92.57,48,45,53,40,,,,,
XGN,88.59,91.37,91.37,99.45,114.01,92.57,48,45,53,40,,,,,
CHEK,88.59,91.37,91.37,99.45,114.01,92.57,48,45,53,40,,,,,
PAYS,88.59,91.37,91.37,99.45,114.01,92.57,48,45,53,40,,,,,
CLVT,88.59,91.37,91.37,99.45,114.01,92.57,48,45,53,40,,,,,
FIGXU,88.59,91.37,91.37,99.45,114.01,92.57,48,45,53,40,,,,,
MELI,88.59,91.37,91.37,99.45,114.01,92.57,48,45,53,40,,,,,
BWBBP,88.59,91.37,91.37,99.45,114.01,92.57,48,45,53,40,,,,,
SEI,88.59,91.37,91.37,99.45,114.01,92.57,48,45,53,40,,,,,
PLMK,88.59,91.37,91.37,99.45,114.01,92.57,48,45,53,40,,,,,
BLFY,88.59,91.37,91.37,99.45,114.01,92.57,48,45,53,40,,,,,
GTY,88.59,91.37,91.37,99.45,114.01,92.57,48,45,53,40,,,,,
OMC,88.59,91.37,91.37,99.45,114.01,92.57,48,45,53,40,,,,,
RENT,88.59,91.37,91.37,99.45,114.01,92.57,48,45,53,40,,,,,
FAT,88.59,91.37,91.37,99.45,114.01,92.57,48,45,53,40,,,,,
PRT,88.59,91.37,91.37,99.45,114.01,92.57,48,45,53,40,,,,,
CYCC,88.59,91.37,91.37,99.45,114.01,92.57,48,45,53,40,,,,,
FLNG,88.59,91.37,91.37,99.45,114.01,92.57,48,45,53,40,,,,,
ALTO,88.59,91.37,91.37,99.45,114.01,92.57,48,45,53,40,,,,,
AJG,88.59,91.37,91.37,99.45,114.01,92.57,48,45,53,40,,,,,
ABAT,88.59,91.37,91.37,99.45,114.01,92.57,48,45,53,40,,,,,
CHEF,88.59,91.37,91.37,99.45,114.01,92.57,48,45,53,40,,,,,
CAN,88.59,91.37,91.37,99.45,114.01,92.57,48,45,53,40,,,,,
VATE,88.59,91.37,91.37,99.45,114.01,92.57,48,45,53,40,,,,,
ASND,88.59,91.37,91.37,99.45,114.01,92.57,48,45,53,40,,,,,
AVDX,88.59,91.37,91.37,99.45,114.01,92.57,48,45,53,40,,,,,
DHIL,88.59,91.37,91.37,99.45,114.01,92.57,48,45,53,40,,,,,
NMR,88.59,91.37,91.37,99.45,114.01,92.57,48,45,53,40,,,,,
CRTO,88.59,91.37,91.37,99.45,114.01,92.57,48,45,53,40,,,,,
HOVNP,88.59,91.37,91.37,99.45,114.01,92.57,48,45,53,40,,,,,
COHN,88.59,91.37,91.37,99.45,114.01,92.57,48,45,53,40,,,,,
GCTS,88.59,91.37,91.37,99.45,114.01,92.57,48,45,53,40,,,,,
TT,88.59,91.37,91.37,99.45,114.01,92.57,48,45,53,40,,,,,
WPC,88.59,91.37,91.37,99.45,114.01,92.57,48,45,53,40,,,,,
SEMR,88.59,91.37,91.37,99.45,114.01,92.57,48,45,53,40,,,,,
ONCHU,88.59,91.37,91.37,99.45,114.01,92.57,48,45,53,40,,,,,
BNR,88.59,91.37,91.37,99.45,114.01,92.57,48,45,53,40,,,,,
CRVS,88.59,91.37,91.37,99.45,114.01,92.57,48,45,53,40,,,,,
COEP,88.59,91.37,91.37,99.45,114.01,92.57,48,45,53,40,,,,,
MYE,88.59,91.37,91.37,99.45,114.01,92.57,48,45,53,40,,,,,
AUGO,88.59,91.37,91.37,99.45,114.01,92.57,48,45,53,40,26.25,1.0,24.68,24.68,0.83
MDLZ,88.59,91.37,91.37,99.45,114.01,92.57,48,45,53,40,,,,,
LVO,88.59,91.37,91.37,99.45,114.01,92.57,48,45,53,40,,,,,
HIPO,88.59,91.37,91.37,99.45,114.01,92.57,48,45,53,40,,,,,
BBUC,88.59,91.37,91.37,99.45,114.01,92.57,48,45,53,40,,,,,
GSIW,88.59,91.37,91.37,99.45,114.01,92.57,48,45,53,40,,,,,
TMC,88.59,91.37,91.37,99.45,114.01,92.57,48,45,53,40,,,,,
TOST,88.59,91.37,91.37,99.45,114.01,92.57,48,45,53,40,,,,,
VNET,88.59,91.37,91.37,99.45,114.01,92.57,48,45,53,40,,,,,
YEXT,88.59,91.37,91.37,99.45,114.01,92.57,48,45,53,40,,,,,
KZR,88.59,91.37,91.37,99.45,114.01,92.57,48,45,53,40,,,,,
RDVT,88.59,91.37,91.37,99.45,114.01,92.57,48,45,53,40,,,,,
KCHV,88.59,91.37,91.37,99.45,114.01,92.57,48,45,53,40,,,,,
BRNS,88.59,91.37,91.37,99.45,114.01,92.57,48,45,53,40,,,,,
LILAK,88.59,91.37,91.37,99.45,114.01,92.57,48,45,53,40,,,,,
UNTY,88.59,91.37,91.37,99.45,114.01,92.57,48,45,53,40,,,,,
NTLA,88.59,91.37,91.37,99.45,114.01,92.57,48,45,53,40,,,,,
INFA,88.59,91.37,91.37,99.45,114.01,92.57,48,45,53,40,,,,,
ADUR,88.59,91.37,91.37,99.45,114.01,92.57,48,45,53,40,,,,,
MGIC,88.59,91.37,91.37,99.45,114.01,92.57,48,45,53,40,,,,,
TZUP,88.59,91.37,91.37,99.45,114.01,92.57,48,45,53,40,,,,,
DFDV,88.59,91.37,91.37,99.45,114.01,92.57,48,45,53,40,,,,,
LOOP,88.59,91.37,91.37,99.45,114.01,92.57,48,45,53,40,,,,,
WSO,88.59,91.37,91.37,99.45,114.01,92.57,48,45,53,40,,,,,
NMIH,88.59,91.37,91.37,99.45,114.01,92.57,48,45,53,40,,,,,
JFBR,88.59,91.37,91.37,99.45,114.01,92.57,48,45,53,40,,,,,
AKTX,88.59,91.37,91.37,99.45,114.01,92.57,48,45,53,40,,,,,
TCI,88.59,91.37,91.37,99.45,114.01,92.57,48,45,53,40,,,,,
GRVY,88.59,91.37,91.37,99.45,114.01,92.57,48,45,53,40,,,,,
VABK,88.59,91.37,91.37,99.45,114.01,92.57,48,45,53,40,,,,,
OFS,88.59,91.37,91.37,99.45,114.01,92.57,48,45,53,40,,,,,
AMN,88.59,91.37,91.37,99.45,114.01,92.57,48,45,53,40,,,,,
KSCP,88.59,91.37,91.37,99.45,114.01,92.57,48,45,53,40,,,,,
GSHR,88.59,91.37,91.37,99.45,114.01,92.57,48,45,53,40,,,,,
PDFS,88.59,91.37,91.37,99.45,114.01,92.57,48,45,53,40,,,,,
INFU,88.59,91.37,91.37,99.45,114.01,92.57,48,45,53,40,,,,,
EFX,88.59,91.37,91.37,99.45,114.01,92.57,48,45,53,40,,,,,
NVO,88.59,91.37,91.37,99.45,114.01,92.57,48,45,53,40,,,,,
IX,88.59,91.37,91.37,99.45,114.01,92.57,48,45,53,40,,,,,
PTCT,88.59,91.37,91.37,99.45,114.01,92.57,48,45,53,40,,,,,
CSW,88.59,91.37,91.37,99.45,114.01,92.57,48,45,53,40,,,,,
COTY,88.59,91.37,91.37,99.45,114.01,92.57,48,45,53,40,,,,,
ARCT,88.59,91.37,91.37,99.45,114.01,92.57,48,45,53,40,,,,,
ISRLU,88.59,91.37,91.37,99.45,114.01,92.57,48,45,53,40,,,,,
GPUS,88.59,91.37,91.37,99.45,114.01,92.57,48,45,53,40,,,,,
MSGE,88.59,91.37,91.37,99.45,114.01,92.57,48,45,53,40,,,,,
PLUR,88.59,91.37,91.37,99.45,114.01,92.57,48,45,53,40,,,,,
KREF,88.59,91.37,91.37,99.45,114.01,92.57,48,45,53,40,,,,,
ONMD,88.59,91.37,91.37,99.45,114.01,92.57,48,45,53,40,,,,,
MLYS,88.59,91.37,91.37,99.45,114.01,92.57,48,45,53,40,,,,,
VRNS,88.59,91.37,91.37,99.45,114.01,92.57,48,45,53,40,,,,,
PERI,88.59,91.37,91.37,99.45,114.01,92.57,48,45,53,40,,,,,
LUXE,88.59,91.37,91.37,99.45,114.01,92.57,48,45,53,40,,,,,
CYTK,88.59,91.37,91.37,99.45,114.01,92.57,48,45,53,40,,,,,
PINS,88.59,91.37,91.37,99.45,114.01,92.57,48,45,53,40,,,,,
RTACU,88.59,91.37,91.37,99.45,114.01,92.57,48,45,53,40,,,,,
CARV,88.59,91.37,91.37,99.45,114.01,92.57,48,45,53,40,,,,,
GMS,88.59,91.37,91.37,99.45,114.01,92.57,48,45,53,40,,,,,
COMM,88.59,91.37,91.37,99.45,114.01,92.57,48,45,53,40,,,,,
EBR,88.59,91.37,91.37,99.45,114.01,92.57,48,45,53,40,,,,,
TEF,88.59,91.37,91.37,99.45,114.01,92.57,48,45,53,40,,,,,
MTG,88.59,91.37,91.37,99.45,114.01,92.57,48,45,53,40,,,,,
GRNQ,88.59,91.37,91.37,99.45,114.01,92.57,48,45,53,40,,,,,
ARW,88.59,91.37,91.37,99.45,114.01,92.57,48,45,53,40,,,,,
SHIM,88.59,91.37,91.37,99.45,114.01,92.57,48,45,53,40,,,,,
MEDP,88.59,91.37,91.37,99.45,114.01,92.57,48,45,53,40,,,,,
GERN,88.59,91.37,91.37,99.45,114.01,92.57,48,45,53,40,,,,,
FTAI,88.59,91.37,91.37,99.45,114.01,92.57,48,45,53,40,,,,,
DPRO,88.59,91.37,91.37,99.45,114.01,92.57,48,45,53,40,,,,,
GAMB,88.59,91.37,91.37,99.45,114.01,92.57,48,45,53,40,,,,,
SWX,88.59,91.37,91.37,99.45,114.01,92.57,48,45,53,40,,,,,
PACHU,88.59,91.37,91.37,99.45,114.01,92.57,48,45,53,40,10.03,0.53,10.02,10.02,0.01
PRE,88.59,91.37,91.37,99.45,114.01,92.57,48,45,53,40,,,,,
TK,88.59,91.37,91.37,99.45,114.01,92.57,48,45,53,40,,,,,
SDA,88.59,91.37,91.37,99.45,114.01,92.57,48,45,53,40,,,,,
FTNT,88.59,91.37,91.37,99.45,114.01,92.57,48,45,53,40,,,,,
BDC,88.59,91.37,91.37,99.45,114.01,92.57,48,45,53,40,,,,,
RVSN,88.59,91.37,91.37,99.45,114.01,92.57,48,45,53,40,,,,,
VLY,88.59,91.37,91.37,99.45,114.01,92.57,48,45,53,40,,,,,
STRS,88.59,91.37,91.37,99.45,114.01,92.57,48,45,53,40,,,,,
PRAX,88.59,91.37,91.37,99.45,114.01,92.57,48,45,53,40,,,,,
MGRX,88.59,91.37,91.37,99.45,114.01,92.57,48,45,53,40,,,,,
TME,88.59,91.37,91.37,99.45,114.01,92.57,48,45,53,40,,,,,
PGNY,88.59,91.37,91.37,99.45,114.01,92.57,48,45,53,40,,,,,
OOMA,88.59,91.37,91.37,99.45,114.01,92.57,48,45,53,40,,,,,
WES,88.59,91.37,91.37,99.45,114.01,92.57,48,45,53,40,,,,,
UYSCU,88.59,91.37,91.37,99.45,114.01,92.57,48,45,53,40,,,,,
GAUZ,88.59,91.37,91.37,99.45,114.01,92.57,48,45,53,40,,,,,
KIDZ,88.59,91.37,91.37,99.45,114.01,92.57,48,45,53,40,,,,,
KGS,88.59,91.37,91.37,99.45,114.01,92.57,48,45,53,40,,,,,
CABO,88.59,91.37,91.37,99.45,114.01,92.57,48,45,53,40,,,,,
WH,88.59,91.37,91.37,99.45,114.01,92.57,48,45,53,40,,,,,
UA,88.59,91.37,91.37,99.45,114.01,92.57,48,45,53,40,,,,,
MS,88.59,91.37,91.37,99.45,114.01,92.57,48,45,53,40,,,,,
ENS,88.59,91.37,91.37,99.45,114.01,92.57,48,45,53,40,,,,,
GMAB,88.59,91.37,91.37,99.45,114.01,92.57,48,45,53,40,,,,,
GS,88.59,91.37,91.37,99.45,114.01,92.57,48,45,53,40,,,,,
PEBO,88.59,91.37,91.37,99.45,114.01,92.57,48,45,53,40,,,,,
ELWS,88.59,91.37,91.37,99.45,114.01,92.57,48,45,53,40,,,,,
BRZE,88.59,91.37,91.37,99.45,114.01,92.57,48,45,53,40,,,,,
USNA,88.59,91.37,91.37,99.45,114.01,92.57,48,45,53,40,,,,,
ATR,88.59,91.37,91.37,99.45,114.01,92.57,48,45,53,40,,,,,
RNAC,88.59,91.37,91.37,99.45,114.01,92.57,48,45,53,40,,,,,
AVNS,88.59,91.37,91.37,99.45,114.01,92.57,48,45,53,40,,,,,
TVAIU,88.59,91.37,91.37,99.45,114.01,92.57,48,45,53,40,,,,,
NOAH,88.59,91.37,91.37,99.45,114.01,92.57,48,45,53,40,,,,,
NUWE,88.59,91.37,91.37,99.45,114.01,92.57,48,45,53,40,,,,,
NVMI,88.59,91.37,91.37,99.45,114.01,92.57,48,45,53,40,,,,,
ANNX,88.59,91.37,91.37,99.45,114.01,92.57,48,45,53,40,,,,,
LOPE,88.59,91.37,91.37,99.45,114.01,92.57,48,45,53,40,,,,,
NEGG,88.59,91.37,91.37,99.45,114.01,92.57,48,45,53,40,,,,,
ORIC,88.59,91.37,91.37,99.45,114.01,92.57,48,45,53,40,,,,,
PSEC,88.59,91.37,91.37,99.45,114.01,92.57,48,45,53,40,,,,,
ORCL,88.59,91.37,91.37,99.45,114.01,92.57,48,45,53,40,,,,,
SHO,88.59,91.37,91.37,99.45,114.01,92.57,48,45,53,40,,,,,
CATX,88.59,91.37,91.37,99.45,114.01,92.57,48,45,53,40,,,,,
WOR,88.59,91.37,91.37,99.45,114.01,92.57,48,45,53,40,,,,,
LXRX,88.59,91.37,91.37,99.45,114.01,92.57,48,45,53,40,,,,,
CWEN,88.59,91.37,91.37,99.45,114.01,92.57,48,45,53,40,,,,,
OZK,88.59,91.37,91.37,99.45,114.01,92.57,48,45,53,40,,,,,
OUST,88.59,91.37,91.37,99.45,114.01,92.57,48,45,53,40,,,,,
LHAI,88.59,91.37,91.37,99.45,114.01,92.57,48,45,53,40,,,,,
OMCL,88.59,91.37,91.37,99.45,114.01,92.57,48,45,53,40,,,,,
IH,88.59,91.37,91.37,99.45,114.01,92.57,48,45,53,40,,,,,
PSKY,88.59,91.37,91.37,99.45,114.01,92.57,48,45,53,40,,,,,
WBS,88.59,91.37,91.37,99.45,114.01,92.57,48,45,53,40,,,,,
ABEO,88.59,91.37,91.37,99.45,114.01,92.57,48,45,53,40,,,,,
NREF,88.59,91.37,91.37,99.45,114.01,92.57,48,45,53,40,,,,,
GTIM,88.59,91.37,91.37,99.45,114.01,92.57,48,45,53,40,,,,,
BTMD,88.59,91.37,91.37,99.45,114.01,92.57,48,45,53,40,,,,,
QFIN,88.59,91.37,91.37,99.45,114.01,92.57,48,45,53,40,,,,,
IVP,88.59,91.37,91.37,99.45,114.01,92.57,48,45,53,40,,,,,
JOYY,88.59,91.37,91.37,99.45,114.01,92.57,48,45,53,40,,,,,
DB,88.59,91.37,91.37,99.45,114.01,92.57,48,45,53,40,,,,,
BWA,88.59,91.37,91.37,99.45,114.01,92.57,48,45,53,40,,,,,
JEF,88.59,91.37,91.37,99.45,114.01,92.57,48,45,53,40,,,,,
QSR,88.59,91.37,91.37,99.45,114.01,92.57,48,45,53,40,,,,,
FELE,88.59,91.37,91.37,99.45,114.01,92.57,48,45,53,40,,,,,
CODA,88.59,91.37,91.37,99.45,114.01,92.57,48,45,53,40,,,,,
SORA,88.59,91.37,91.37,99.45,114.01,92.57,48,45,53,40,,,,,
XYF,88.59,91.37,91.37,99.45,114.01,92.57,48,45,53,40,,,,,
PMTRU,88.59,91.37,91.37,99.45,114.01,92.57,48,45,53,40,11.07,1.0,10.49,10.43,0.0
PLD,88.59,91.37,91.37,99.45,114.01,92.57,48,45,53,40,,,,,
EVCM,88.59,91.37,91.37,99.45,114.01,92.57,48,45,53,40,,,,,
CAH,88.59,91.37,91.37,99.45,114.01,92.57,48,45,53,40,,,,,
ADV,88.59,91.37,91.37,99.45,114.01,92.57,48,45,53,40,,,,,
MSI,88.59,91.37,91.37,99.45,114.01,92.57,48,45,53,40,,,,,
ILAG,88.59,91.37,91.37,99.45,114.01,92.57,48,45,53,40,,,,,
CTGO,88.59,91.37,91.37,99.45,114.01,92.57,48,45,53,40,,,,,
EFOI,88.59,91.37,91.37,99.45,114.01,92.57,48,45,53,40,,,,,
RMD,88.59,91.37,91.37,99.45,114.01,92.57,48,45,53,40,,,,,
XTNT,88.59,91.37,91.37,99.45,114.01,92.57,48,45,53,40,,,,,
UEIC,88.59,91.37,91.37,99.45,114.01,92.57,48,45,53,40,,,,,
MTSR,88.59,91.37,91.37,99.45,114.01,92.57,48,45,53,40,,,,,
EMCGU,88.59,91.37,91.37,99.45,114.01,92.57,48,45,53,40,,,,,
PMN,88.59,91.37,91.37,99.45,114.01,92.57,48,45,53,40,,,,,
TRMB,88.59,91.37,91.37,99.45,114.01,92.57,48,45,53,40,,,,,
CREG,88.59,91.37,91.37,99.45,114.01,92.57,48,45,53,40,,,,,
AMP,88.59,91.37,91.37,99.45,114.01,92.57,48,45,53,40,,,,,
LNC,88.59,91.37,91.37,99.45,114.01,92.57,48,45,53,40,,,,,
RZLT,88.59,91.37,91.37,99.45,114.01,92.57,48,45,53,40,,,,,
PWR,88.59,91.37,91.37,99.45,114.01,92.57,48,45,53,40,,,,,
EXLS,88.59,91.37,91.37,99.45,114.01,92.57,48,45,53,40,,,,,
MGNX,88.59,91.37,91.37,99.45,114.01,92.57,48,45,53,40,,,,,
AFYA,88.59,91.37,91.37,99.45,114.01,92.57,48,45,53,40,,,,,
OSK,88.59,91.37,91.37,99.45,114.01,92.57,48,45,53,40,,,,,
KRYS,88.59,91.37,91.37,99.45,114.01,92.57,48,45,53,40,,,,,
AFJKU,88.59,91.37,91.37,99.45,114.01,92.57,48,45,53,40,,,,,
CNVS,88.59,91.37,91.37,99.45,114.01,92.57,48,45,53,40,,,,,
NFE,88.59,91.37,91.37,99.45,114.01,92.57,48,45,53,40,,,,,
HSAI,88.59,91.37,91.37,99.45,114.01,92.57,48,45,53,40,,,,,
OFAL,88.59,91.37,91.37,99.45,114.01,92.57,48,45,53,40,,,,,
NSC,88.59,91.37,91.37,99.45,114.01,92.57,48,45,53,40,,,,,
FEBO,88.59,91.37,91.37,99.45,114.01,92.57,48,45,53,40,,,,,
CLFD,88.59,91.37,91.37,99.45,114.01,92.57,48,45,53,40,,,,,
MAAS,88.59,91.37,91.37,99.45,114.01,92.57,48,45,53,40,,,,,
SEVN,88.59,91.37,91.37,99.45,114.01,92.57,48,45,53,40,,,,,
AEBI,88.59,91.37,91.37,99.45,114.01,92.57,48,45,53,40,11.12,0.43,10.57,10.57,0.64
DSY,88.59,91.37,91.37,99.45,114.01,92.57,48,45,53,40,,,,,
VERO,88.59,91.37,91.37,99.45,114.01,92.57,48,45,53,40,,,,,
FWRD,88.59,91.37,91.37,99.45,114.01,92.57,48,45,53,40,,,,,
CCEC,88.59,91.37,91.37,99.45,114.01,92.57,48,45,53,40,,,,,
HDB,88.59,91.37,91.37,99.45,114.01,92.57,48,45,53,40,,,,,
MIR,88.59,91.37,91.37,99.45,114.01,92.57,48,45,53,40,,,,,
ATEX,88.59,91.37,91.37,99.45,114.01,92.57,48,45,53,40,,,,,
ROCK,88.59,91.37,91.37,99.45,114.01,92.57,48,45,53,40,,,,,
NG,88.59,91.37,91.37,99.45,114.01,92.57,48,45,53,40,,,,,
AMWL,88.59,91.37,91.37,99.45,114.01,92.57,48,45,53,40,,,,,
NKTX,88.59,91.37,91.37,99.45,114.01,92.57,48,45,53,40,,,,,
EE,88.59,91.37,91.37,99.45,114.01,92.57,48,45,53,40,,,,,
DENN,88.59,91.37,91.37,99.45,114.01,92.57,48,45,53,40,,,,,
SJ,88.59,91.37,91.37,99.45,114.01,92.57,48,45,53,40,,,,,
UPC,88.59,91.37,91.37,99.45,114.01,92.57,48,45,53,40,,,,,
SMFG,88.59,91.37,91.37,99.45,114.01,92.57,48,45,53,40,,,,,
ARKR,88.59,91.37,91.37,99.45,114.01,92.57,48,45,53,40,,,,,
PCOR,88.59,91.37,91.37,99.45,114.01,92.57,48,45,53,40,,,,,
FMFC,88.59,91.37,91.37,99.45,114.01,92.57,48,45,53,40,7.55,0.88,6.47,6.47,0.1
MRNA,88.59,91.37,91.37,99.45,114.01,92.57,48,45,53,40,,,,,
CLRB,88.59,91.37,91.37,99.45,114.01,92.57,48,45,53,40,,,,,
CCB,88.59,91.37,91.37,99.45,114.01,92.57,48,45,53,40,,,,,
DTE,88.59,91.37,91.37,99.45,114.01,92.57,48,45,53,40,,,,,
MCY,88.59,91.37,91.37,99.45,114.01,92.57,48,45,53,40,,,,,
HWC,88.59,91.37,91.37,99.45,114.01,92.57,48,45,53,40,,,,,
GEN,88.59,91.37,91.37,99.45,114.01,92.57,48,45,53,40,,,,,
INLF,88.59,91.37,91.37,99.45,114.01,92.57,48,45,53,40,,,,,
JLHL,88.59,91.37,91.37,99.45,114.01,92.57,48,45,53,40,3.98,0.39,4.12,4.12,0.09
AMTM,88.59,91.37,91.37,99.45,114.01,92.57,48,45,53,40,,,,,
ISPR,88.59,91.37,91.37,99.45,114.01,92.57,48,45,53,40,,,,,
TLIH,88.59,91.37,91.37,99.45,114.01,92.57,48,45,53,40,0.63,0.0,2.78,2.78,0.44
ELAN,88.59,91.37,91.37,99.45,114.01,92.57,48,45,53,40,,,,,
KB,88.59,91.37,91.37,99.45,114.01,92.57,48,45,53,40,,,,,
CLPS,88.59,91.37,91.37,99.45,114.01,92.57,48,45,53,40,,,,,
CWBC,88.59,91.37,91.37,99.45,114.01,92.57,48,45,53,40,,,,,
MRSN,88.59,91.37,91.37,99.45,114.01,92.57,48,45,53,40,,,,,
HALO,88.59,91.37,91.37,99.45,114.01,92.57,48,45,53,40,,,,,
PLXS,88.59,91.37,91.37,99.45,114.01,92.57,48,45,53,40,,,,,
CNDT,88.59,91.37,91.37,99.45,114.01,92.57,48,45,53,40,,,,,
ALLY,88.59,91.37,91.37,99.45,114.01,92.57,48,45,53,40,,,,,
TTE,88.59,91.37,91.37,99.45,114.01,92.57,48,45,53,40,,,,,
FTLF,88.59,91.37,91.37,99.45,114.01,92.57,48,45,53,40,,,,,
LU,88.59,91.37,91.37,99.45,114.01,92.57,48,45,53,40,,,,,
XLO,88.59,91.37,91.37,99.45,114.01,92.57,48,45,53,40,,,,,
NRG,88.59,91.37,91.37,99.45,114.01,92.57,48,45,53,40,,,,,
SMG,88.59,91.37,91.37,99.45,114.01,92.57,48,45,53,40,,,,,
CVKD,88.59,91.37,91.37,99.45,114.01,92.57,48,45,53,40,,,,,
TXT,88.59,91.37,91.37,99.45,114.01,92.57,48,45,53,40,,,,,
USFD,88.59,91.37,91.37,99.45,114.01,92.57,48,45,53,40,,,,,
SSP,88.59,91.37,91.37,99.45,114.01,92.57,48,45,53,40,,,,,
HSIC,88.59,91.37,91.37,99.45,114.01,92.57,48,45,53,40,,,,,
NIQ,88.59,91.37,91.37,99.45,114.01,92.57,48,45,53,40,17.95,0.52,18.08,18.08,0.3
ADI,88.59,91.37,91.37,99.45,114.01,92.57,48,45,53,40,,,,,
CPSS,88.59,91.37,91.37,99.45,114.01,92.57,48,45,53,40,,,,,
LION,88.59,91.37,91.37,99.45,114.01,92.57,48,45,53,40,,,,,
AMAT,88.59,91.37,91.37,99.45,114.01,92.57,48,45,53,40,,,,,
LPBB,88.59,91.37,91.37,99.45,114.01,92.57,48,45,53,40,,,,,
CAT,88.59,91.37,91.37,99.45,114.01,92.57,48,45,53,40,,,,,
LGHL,88.59,91.37,91.37,99.45,114.01,92.57,48,45,53,40,,,,,
BNC,88.59,91.37,91.37,99.45,114.01,92.57,48,45,53,40,,,,,
AIV,88.59,91.37,91.37,99.45,114.01,92.57,48,45,53,40,,,,,
SBEV,88.59,91.37,91.37,99.45,114.01,92.57,48,45,53,40,,,,,
AVO,88.59,91.37,91.37,99.45,114.01,92.57,48,45,53,40,,,,,
RGS,88.59,91.37,91.37,99.45,114.01,92.57,48,45,53,40,,,,,
YPF,88.59,91.37,91.37,99.45,114.01,92.57,48,45,53,40,,,,,
HYMC,88.59,91.37,91.37,99.45,114.01,92.57,48,45,53,40,,,,,
ICHR,88.59,91.37,91.37,99.45,114.01,92.57,48,45,53,40,,,,,
R,88.59,91.37,91.37,99.45,114.01,92.57,48,45,53,40,,,,,
DRDBU,88.59,91.37,91.37,99.45,114.01,92.57,48,45,53,40,,,,,
RKT,88.59,91.37,91.37,99.45,114.01,92.57,48,45,53,40,,,,,
SMMT,88.59,91.37,91.37,99.45,114.01,92.57,48,45,53,40,,,,,
HGTY,88.59,91.37,91.37,99.45,114.01,92.57,48,45,53,40,,,,,
MOB,88.59,91.37,91.37,99.45,114.01,92.57,48,45,53,40,,,,,
HONE,88.59,91.37,91.37,99.45,114.01,92.57,48,45,53,40,,,,,
SFD,88.59,91.37,91.37,99.45,114.01,92.57,48,45,53,40,,,,,
BNZI,88.59,91.37,91.37,99.45,114.01,92.57,48,45,53,40,,,,,
WSBF,88.59,91.37,91.37,99.45,114.01,92.57,48,45,53,40,,,,,
SVV,88.59,91.37,91.37,99.45,114.01,92.57,48,45,53,40,,,,,
REYN,88.59,91.37,91.37,99.45,114.01,92.57,48,45,53,40,,,,,
NXDR,88.59,91.37,91.37,99.45,114.01,92.57,48,45,53,40,,,,,
YORK,88.59,91.37,91.37,99.45,114.01,92.57,48,45,53,40,,,,,
BB,88.59,91.37,91.37,99.45,114.01,92.57,48,45,53,40,,,,,
GLOB,88.59,91.37,91.37,99.45,114.01,92.57,48,45,53,40,,,,,
ISRG,88.59,91.37,91.37,99.45,114.01,92.57,48,45,53,40,,,,,
TCMD,88.59,91.37,91.37,99.45,114.01,92.57,48,45,53,40,,,,,
MRNO,88.59,91.37,91.37,99.45,114.01,92.57,48,45,53,40,,,,,
BBSI,88.59,91.37,91.37,99.45,114.01,92.57,48,45,53,40,,,,,
CDTG,88.59,91.37,91.37,99.45,114.01,92.57,48,45,53,40,,,,,
GWRS,88.59,91.37,91.37,99.45,114.01,92.57,48,45,53,40,,,,,
ARCC,88.59,91.37,91.37,99.45,114.01,92.57,48,45,53,40,,,,,
GDTC,88.59,91.37,91.37,99.45,114.01,92.57,48,45,53,40,,,,,
TANH,88.59,91.37,91.37,99.45,114.01,92.57,48,45,53,40,,,,,
ACMR,88.59,91.37,91.37,99.45,114.01,92.57,48,45,53,40,,,,,
RGLD,88.59,91.37,91.37,99.45,114.01,92.57,48,45,53,40,,,,,
JYNT,88.59,91.37,91.37,99.45,114.01,92.57,48,45,53,40,,,,,
NTZ,88.59,91.37,91.37,99.45,114.01,92.57,48,45,53,40,,,,,
VTVT,88.59,91.37,91.37,99.45,114.01,92.57,48,45,53,40,,,,,
AVTR,88.59,91.37,91.37,99.45,114.01,92.57,48,45,53,40,,,,,
SWKS,88.59,91.37,91.37,99.45,114.01,92.57,48,45,53,40,,,,,
DG,88.59,91.37,91.37,99.45,114.01,92.57,48,45,53,40,,,,,
TAVI,88.59,91.37,91.37,99.45,114.01,92.57,48,45,53,40,,,,,
YHGJ,88.59,91.37,91.37,99.45,114.01,92.57,48,45,53,40,,,,,
SXTC,88.59,91.37,91.37,99.45,114.01,92.57,48,45,53,40,,,,,
FRPT,88.59,91.37,91.37,99.45,114.01,92.57,48,45,53,40,,,,,
FOA,88.59,91.37,91.37,99.45,114.01,92.57,48,45,53,40,,,,,
ULH,88.59,91.37,91.37,99.45,114.01,92.57,48,45,53,40,,,,,
AMRZ,88.59,91.37,91.37,99.45,114.01,92.57,48,45,53,40,,,,,
AXS,88.59,91.37,91.37,99.45,114.01,92.57,48,45,53,40,,,,,
ALUR,88.59,91.37,91.37,99.45,114.01,92.57,48,45,53,40,,,,,
AGEN,88.59,91.37,91.37,99.45,114.01,92.57,48,45,53,40,,,,,
AACB,88.59,91.37,91.37,99.45,114.01,92.57,48,45,53,40,,,,,
IBIO,88.59,91.37,91.37,99.45,114.01,92.57,48,45,53,40,,,,,
BR,88.59,91.37,91.37,99.45,114.01,92.57,48,45,53,40,,,,,
ARDT,88.59,91.37,91.37,99.45,114.01,92.57,48,45,53,40,,,,,
VRSN,88.59,91.37,91.37,99.45,114.01,92.57,48,45,53,40,,,,,
AGAE,88.59,91.37,91.37,99.45,114.01,92.57,48,45,53,40,,,,,
AMBQ,88.59,91.37,91.37,99.45,114.01,92.57,48,45,53,40,,,,,
SDHC,88.59,91.37,91.37,99.45,114.01,92.57,48,45,53,40,,,,,
SLQT,88.59,91.37,91.37,99.45,114.01,92.57,48,45,53,40,,,,,
RGNX,88.59,91.37,91.37,99.45,114.01,92.57,48,45,53,40,,,,,
JAKK,88.59,91.37,91.37,99.45,114.01,92.57,48,45,53,40,,,,,
PFSA,88.59,91.37,91.37,99.45,114.01,92.57,48,45,53,40,0.47,0.0,0.98,0.98,0.09
PLBC,88.59,91.37,91.37,99.45,114.01,92.57,48,45,53,40,,,,,
CVE,88.59,91.37,91.37,99.45,114.01,92.57,48,45,53,40,,,,,
BAK,88.59,91.37,91.37,99.45,114.01,92.57,48,45,53,40,,,,,
SNRE,88.59,91.37,91.37,99.45,114.01,92.57,48,45,53,40,,,,,
ARTV,88.59,91.37,91.37,99.45,114.01,92.57,48,45,53,40,,,,,
MAGN,88.59,91.37,91.37,99.45,114.01,92.57,48,45,53,40,,,,,
BBU,88.59,91.37,91.37,99.45,114.01,92.57,48,45,53,40,,,,,
DYCQU,88.59,91.37,91.37,99.45,114.01,92.57,48,45,53,40,,,,,
AUUD,88.59,91.37,91.37,99.45,114.01,92.57,48,45,53,40,,,,,
SHC,88.59,91.37,91.37,99.45,114.01,92.57,48,45,53,40,,,,,
SLVM,88.59,91.37,91.37,99.45,114.01,92.57,48,45,53,40,,,,,
LGND,88.59,91.37,91.37,99.45,114.01,92.57,48,45,53,40,,,,,
VOC,88.59,91.37,91.37,99.45,114.01,92.57,48,45,53,40,,,,,
XRAY,88.59,91.37,91.37,99.45,114.01,92.57,48,45,53,40,,,,,
CSTE,88.59,91.37,91.37,99.45,114.01,92.57,48,45,53,40,,,,,
PHM,88.59,91.37,91.37,99.45,114.01,92.57,48,45,53,40,,,,,
RDI,88.59,91.37,91.37,99.45,114.01,92.57,48,45,53,40,,,,,
MET,88.59,91.37,91.37,99.45,114.01,92.57,48,45,53,40,,,,,
FOXA,88.59,91.37,91.37,99.45,114.01,92.57,48,45,53,40,,,,,
HIFS,88.59,91.37,91.37,99.45,114.01,92.57,48,45,53,40,,,,,
VRTX,88.59,91.37,91.37,99.45,114.01,92.57,48,45,53,40,,,,,
AIP,88.59,91.37,91.37,99.45,114.01,92.57,48,45,53,40,,,,,
PATH,88.59,91.37,91.37,99.45,114.01,92.57,48,45,53,40,,,,,
WTG,88.59,91.37,91.37,99.45,114.01,92.57,48,45,53,40,10.03,0.75,10.02,10.02,0.02
STRA,88.59,91.37,91.37,99.45,114.01,92.57,48,45,53,40,,,,,
MRK,88.59,91.37,91.37,99.45,114.01,92.57,48,45,53,40,,,,,
AMLX,88.59,91.37,91.37,99.45,114.01,92.57,48,45,53,40,,,,,
AMCX,88.59,91.37,91.37,99.45,114.01,92.57,48,45,53,40,,,,,
INFY,88.59,91.37,91.37,99.45,114.01,92.57,48,45,53,40,,,,,
AMKR,88.59,91.37,91.37,99.45,114.01,92.57,48,45,53,40,,,,,
ADT,88.59,91.37,91.37,99.45,114.01,92.57,48,45,53,40,,,,,
RSLS,88.59,91.37,91.37,99.45,114.01,92.57,48,45,53,40,,,,,
ATHR,88.59,91.37,91.37,99.45,114.01,92.57,48,45,53,40,,,,,
CHCO,88.59,91.37,91.37,99.45,114.01,92.57,48,45,53,40,,,,,
MOS,88.59,91.37,91.37,99.45,114.01,92.57,48,45,53,40,,,,,
NOG,88.59,91.37,91.37,99.45,114.01,92.57,48,45,53,40,,,,,
ARAI,88.59,91.37,91.37,99.45,114.01,92.57,48,45,53,40,,,,,
CCEL,88.59,91.37,91.37,99.45,114.01,92.57,48,45,53,40,,,,,
LBGJ,88.59,91.37,91.37,99.45,114.01,92.57,48,45,53,40,,,,,
STLA,88.59,91.37,91.37,99.45,114.01,92.57,48,45,53,40,,,,,
CPNG,88.59,91.37,91.37,99.45,114.01,92.57,48,45,53,40,,,,,
PHI,88.59,91.37,91.37,99.45,114.01,92.57,48,45,53,40,,,,,
LCII,88.59,91.37,91.37,99.45,114.01,92.57,48,45,53,40,,,,,
AI,88.59,91.37,91.37,99.45,114.01,92.57,48,45,53,40,,,,,
OBE,88.59,91.37,91.37,99.45,114.01,92.57,48,45,53,40,,,,,
EPWK,88.59,91.37,91.37,99.45,114.01,92.57,48,45,53,40,,,,,
ZLAB,88.59,91.37,91.37,99.45,114.01,92.57,48,45,53,40,,,,,
CFLT,88.59,91.37,91.37,99.45,114.01,92.57,48,45,53,40,,,,,
NCSM,88.59,91.37,91.37,99.45,114.01,92.57,48,45,53,40,,,,,
TTAM,88.59,91.37,91.37,99.45,114.01,92.57,48,45,53,40,,,,,
ADN,88.59,91.37,91.37,99.45,114.01,92.57,48,45,53,40,,,,,
JOE,88.59,91.37,91.37,99.45,114.01,92.57,48,45,53,40,,,,,
DNB,88.59,91.37,91.37,99.45,114.01,92.57,48,45,53,40,,,,,
DBD,88.59,91.37,91.37,99.45,114.01,92.57,48,45,53,40,,,,,
BRKR,88.59,91.37,91.37,99.45,114.01,92.57,48,45,53,40,,,,,
BURL,88.59,91.37,91.37,99.45,114.01,92.57,48,45,53,40,,,,,
JZXN,88.59,91.37,91.37,99.45,114.01,92.57,48,45,53,40,,,,,
SIEB,88.59,91.37,91.37,99.45,114.01,92.57,48,45,53,40,,,,,
DFIN,88.59,91.37,91.37,99.45,114.01,92.57,48,45,53,40,,,,,
FRD,88.59,91.37,91.37,99.45,114.01,92.57,48,45,53,40,,,,,
XEL,88.59,91.37,91.37,99.45,114.01,92.57,48,45,53,40,,,,,
LGPS,88.59,91.37,91.37,99.45,114.01,92.57,48,45,53,40,,,,,
OPI,88.59,91.37,91.37,99.45,114.01,92.57,48,45,53,40,,,,,
TPB,88.59,91.37,91.37,99.45,114.01,92.57,48,45,53,40,,,,,
TW,88.59,91.37,91.37,99.45,114.01,92.57,48,45,53,40,,,,,
JCI,88.59,91.37,91.37,99.45,114.01,92.57,48,45,53,40,,,,,
VYX,88.59,91.37,91.37,99.45,114.01,92.57,48,45,53,40,,,,,
DOV,88.59,91.37,91.37,99.45,114.01,92.57,48,45,53,40,,,,,
AVBH,88.59,91.37,91.37,99.45,114.01,92.57,48,45,53,40,,,,,
SVM,88.59,91.37,91.37,99.45,114.01,92.57,48,45,53,40,,,,,
LPA,88.59,91.37,91.37,99.45,114.01,92.57,48,45,53,40,,,,,
TKO,88.59,91.37,91.37,99.45,114.01,92.57,48,45,53,40,,,,,
CSV,88.59,91.37,91.37,99.45,114.01,92.57,48,45,53,40,,,,,
WENN,88.59,91.37,91.37,99.45,114.01,92.57,48,45,53,40,,,,,
SITM,88.59,91.37,91.37,99.45,114.01,92.57,48,45,53,40,,,,,
WHD,88.59,91.37,91.37,99.45,114.01,92.57,48,45,53,40,,,,,
PRK,88.59,91.37,91.37,99.45,114.01,92.57,48,45,53,40,,,,,
ACIW,88.59,91.37,91.37,99.45,114.01,92.57,48,45,53,40,,,,,
BLBD,88.59,91.37,91.37,99.45,114.01,92.57,48,45,53,40,,,,,
HOWL,88.59,91.37,91.37,99.45,114.01,92.57,48,45,53,40,,,,,
AMSC,88.59,91.37,91.37,99.45,114.01,92.57,48,45,53,40,,,,,
CDZI,88.59,91.37,91.37,99.45,114.01,92.57,48,45,53,40,,,,,
BJRI,88.59,91.37,91.37,99.45,114.01,92.57,48,45,53,40,,,,,
PSQH,88.59,91.37,91.37,99.45,114.01,92.57,48,45,53,40,,,,,
EQV,88.59,91.37,91.37,99.45,114.01,92.57,48,45,53,40,,,,,
PPL,88.59,91.37,91.37,99.45,114.01,92.57,48,45,53,40,,,,,
STBA,88.59,91.37,91.37,99.45,114.01,92.57,48,45,53,40,,,,,
SMXT,88.59,91.37,91.37,99.45,114.01,92.57,48,45,53,40,,,,,
FICO,88.59,91.37,91.37,99.45,114.01,92.57,48,45,53,40,,,,,
EPC,88.59,91.37,91.37,99.45,114.01,92.57,48,45,53,40,,,,,
KTB,88.59,91.37,91.37,99.45,114.01,92.57,48,45,53,40,,,,,
TH,88.59,91.37,91.37,99.45,114.01,92.57,48,45,53,40,,,,,
ZJYL,88.59,91.37,91.37,99.45,114.01,92.57,48,45,53,40,,,,,
KFII,88.59,91.37,91.37,99.45,114.01,92.57,48,45,53,40,,,,,
KOD,88.59,91.37,91.37,99.45,114.01,92.57,48,45,53,40,,,,,
EBMT,88.59,91.37,91.37,99.45,114.01,92.57,48,45,53,40,,,,,
ZBIO,88.59,91.37,91.37,99.45,114.01,92.57,48,45,53,40,,,,,
PN,88.59,91.37,91.37,99.45,114.01,92.57,48,45,53,40,,,,,
CGAU,88.59,91.37,91.37,99.45,114.01,92.57,48,45,53,40,,,,,
SAIL,88.59,91.37,91.37,99.45,114.01,92.57,48,45,53,40,,,,,
BMO,88.59,91.37,91.37,99.45,114.01,92.57,48,45,53,40,,,,,
KAVL,88.59,91.37,91.37,99.45,114.01,92.57,48,45,53,40,,,,,
PGRE,88.59,91.37,91.37,99.45,114.01,92.57,48,45,53,40,,,,,
APM,88.59,91.37,91.37,99.45,114.01,92.57,48,45,53,40,,,,,
ETSY,88.59,91.37,91.37,99.45,114.01,92.57,48,45,53,40,,,,,
AQMS,88.59,91.37,91.37,99.45,114.01,92.57,48,45,53,40,,,,,
LNG,88.59,91.37,91.37,99.45,114.01,92.57,48,45,53,40,,,,,
GFS,88.59,91.37,91.37,99.45,114.01,92.57,48,45,53,40,,,,,
KTCC,88.59,91.37,91.37,99.45,114.01,92.57,48,45,53,40,,,,,
LPRO,88.59,91.37,91.37,99.45,114.01,92.57,48,45,53,40,,,,,
VST,88.59,91.37,91.37,99.45,114.01,92.57,48,45,53,40,,,,,
WYNN,88.59,91.37,91.37,99.45,114.01,92.57,48,45,53,40,,,,,
ALEX,88.59,91.37,91.37,99.45,114.01,92.57,48,45,53,40,,,,,
SKX,88.59,91.37,91.37,99.45,114.01,92.57,48,45,53,40,,,,,
PBBK,88.59,91.37,91.37,99.45,114.01,92.57,48,45,53,40,,,,,
MGEE,88.59,91.37,91.37,99.45,114.01,92.57,48,45,53,40,,,,,
FORL,88.59,91.37,91.37,99.45,114.01,92.57,48,45,53,40,,,,,
CLS,88.59,91.37,91.37,99.45,114.01,92.57,48,45,53,40,,,,,
NGG,88.59,91.37,91.37,99.45,114.01,92.57,48,45,53,40,,,,,
RLAY,88.59,91.37,91.37,99.45,114.01,92.57,48,45,53,40,,,,,
NETD,88.59,91.37,91.37,99.45,114.01,92.57,48,45,53,40,,,,,
USIO,88.59,91.37,91.37,99.45,114.01,92.57,48,45,53,40,,,,,
ARI,88.59,91.37,91.37,99.45,114.01,92.57,48,45,53,40,,,,,
HAIN,88.59,91.37,91.37,99.45,114.01,92.57,48,45,53,40,,,,,
AZN,88.59,91.37,91.37,99.45,114.01,92.57,48,45,53,40,,,,,
BIIB,88.59,91.37,91.37,99.45,114.01,92.57,48,45,53,40,,,,,
KG,88.59,91.37,91.37,99.45,114.01,92.57,48,45,53,40,,,,,
CLF,88.59,91.37,91.37,99.45,114.01,92.57,48,45,53,40,,,,,
APPN,88.59,91.37,91.37,99.45,114.01,92.57,48,45,53,40,,,,,
MEC,88.59,91.37,91.37,99.45,114.01,92.57,48,45,53,40,,,,,
ALXO,88.59,91.37,91.37,99.45,114.01,92.57,48,45,53,40,,,,,
MITT,88.59,91.37,91.37,99.45,114.01,92.57,48,45,53,40,,,,,
LTH,88.59,91.37,91.37,99.45,114.01,92.57,48,45,53,40,,,,,
CVEO,88.59,91.37,91.37,99.45,114.01,92.57,48,45,53,40,,,,,
DTSQU,88.59,91.37,91.37,99.45,114.01,92.57,48,45,53,40,,,,,
IXHL,88.59,91.37,91.37,99.45,114.01,92.57,48,45,53,40,,,,,
ENSC,88.59,91.37,91.37,99.45,114.01,92.57,48,45,53,40,,,,,
CNXC,88.59,91.37,91.37,99.45,114.01,92.57,48,45,53,40,,,,,
GFF,88.59,91.37,91.37,99.45,114.01,92.57,48,45,53,40,,,,,
PMEC,88.59,91.37,91.37,99.45,114.01,92.57,48,45,53,40,,,,,
FLY,88.59,91.37,91.37,99.45,114.01,92.57,48,45,53,40,,,,,
UHT,88.59,91.37,91.37,99.45,114.01,92.57,48,45,53,40,,,,,
BKHA,88.59,91.37,91.37,99.45,114.01,92.57,48,45,53,40,,,,,
YMAT,88.59,91.37,91.37,99.45,114.01,92.57,48,45,53,40,4.59,1.0,4.4,4.4,0.79
TOI,88.59,91.37,91.37,99.45,114.01,92.57,48,45,53,40,,,,,
DTST,88.59,91.37,91.37,99.45,114.01,92.57,48,45,53,40,,,,,
ALX,88.59,91.37,91.37,99.45,114.01,92.57,48,45,53,40,,,,,
CHAR,88.59,91.37,91.37,99.45,114.01,92.57,48,45,53,40,,,,,
KVAC,88.59,91.37,91.37,99.45,114.01,92.57,48,45,53,40,,,,,
ATII,88.59,91.37,91.37,99.45,114.01,92.57,48,45,53,40,,,,,
TACH,88.59,91.37,91.37,99.45,114.01,92.57,48,45,53,40,,,,,
NL,88.59,91.37,91.37,99.45,114.01,92.57,48,45,53,40,,,,,
WF,88.59,91.37,91.37,99.45,114.01,92.57,48,45,53,40,,,,,
RPD,88.59,91.37,91.37,99.45,114.01,92.57,48,45,53,40,,,,,
BKE,88.59,91.37,91.37,99.45,114.01,92.57,48,45,53,40,,,,,
OYSEU,88.59,91.37,91.37,99.45,114.01,92.57,48,45,53,40,10.15,0.79,10.12,10.11,0.0
CIM,88.59,91.37,91.37,99.45,114.01,92.57,48,45,53,40,,,,,
PHOE,88.59,91.37,91.37,99.45,114.01,92.57,48,45,53,40,,,,,
GCO,88.59,91.37,91.37,99.45,114.01,92.57,48,45,53,40,,,,,
OII,88.59,91.37,91.37,99.45,114.01,92.57,48,45,53,40,,,,,
CUZ,88.59,91.37,91.37,99.45,114.01,92.57,48,45,53,40,,,,,
RDY,88.59,91.37,91.37,99.45,114.01,92.57,48,45,53,40,,,,,
ACNT,88.59,91.37,91.37,99.45,114.01,92.57,48,45,53,40,,,,,
CODI,88.59,91.37,91.37,99.45,114.01,92.57,48,45,53,40,,,,,
MSC,88.59,91.37,91.37,99.45,114.01,92.57,48,45,53,40,,,,,
IDT,88.59,91.37,91.37,99.45,114.01,92.57,48,45,53,40,,,,,
EVR,88.59,91.37,91.37,99.45,114.01,92.57,48,45,53,40,,,,,
ABVC,88.59,91.37,91.37,99.45,114.01,92.57,48,45,53,40,,,,,
MGY,88.59,91.37,91.37,99.45,114.01,92.57,48,45,53,40,,,,,
ACT,88.59,91.37,91.37,99.45,114.01,92.57,48,45,53,40,,,,,
FUL,88.59,91.37,91.37,99.45,114.01,92.57,48,45,53,40,,,,,
MCRP,88.59,91.37,91.37,99.45,114.01,92.57,48,45,53,40,,,,,
TGE,88.59,91.37,91.37,99.45,114.01,92.57,48,45,53,40,3.72,0.0,7.08,7.08,0.29
TRI,88.59,91.37,91.37,99.45,114.01,92.57,48,45,53,40,,,,,
WFC,88.59,91.37,91.37,99.45,114.01,92.57,48,45,53,40,,,,,
ZYBT,88.59,91.37,91.37,99.45,114.01,92.57,48,45,53,40,,,,,
FPI,88.59,91.37,91.37,99.45,114.01,92.57,48,45,53,40,,,,,
HPQ,88.59,91.37,91.37,99.45,114.01,92.57,48,45,53,40,,,,,
EHC,88.59,91.37,91.37,99.45,114.01,92.57,48,45,53,40,,,,,
RGR,88.59,91.37,91.37,99.45,114.01,92.57,48,45,53,40,,,,,
OKYO,88.59,91.37,91.37,99.45,114.01,92.57,48,45,53,40,,,,,
BCH,88.59,91.37,91.37,99.45,114.01,92.57,48,45,53,40,,,,,
IQST,88.59,91.37,91.37,99.45,114.01,92.57,48,45,53,40,,,,,
CETY,88.59,91.37,91.37,99.45,114.01,92.57,48,45,53,40,,,,,
CHCT,88.59,91.37,91.37,99.45,114.01,92.57,48,45,53,40,,,,,
SYBX,88.59,91.37,91.37,99.45,114.01,92.57,48,45,53,40,,,,,
CLIR,88.59,91.37,91.37,99.45,114.01,92.57,48,45,53,40,,,,,
COLL,88.59,91.37,91.37,99.45,114.01,92.57,48,45,53,40,,,,,
OBIO,88.59,91.37,91.37,99.45,114.01,92.57,48,45,53,40,,,,,
AGM,88.59,91.37,91.37,99.45,114.01,92.57,48,45,53,40,,,,,
BZAI,88.59,91.37,91.37,99.45,114.01,92.57,48,45,53,40,,,,,
MA,88.59,91.37,91.37,99.45,114.01,92.57,48,45,53,40,,,,,
DCI,88.59,91.37,91.37,99.45,114.01,92.57,48,45,53,40,,,,,
GIG,88.59,91.37,91.37,99.45,114.01,92.57,48,45,53,40,,,,,
EWTX,88.59,91.37,91.37,99.45,114.01,92.57,48,45,53,40,,,,,
NPAC,88.59,91.37,91.37,99.45,114.01,92.57,48,45,53,40,10.12,0.0,10.21,10.21,1.21
BLIN,88.59,91.37,91.37,99.45,114.01,92.57,48,45,53,40,,,,,
PAG,88.59,91.37,91.37,99.45,114.01,92.57,48,45,53,40,,,,,
ELMD,88.59,91.37,91.37,99.45,114.01,92.57,48,45,53,40,,,,,
FCNCA,88.59,91.37,91.37,99.45,114.01,92.57,48,45,53,40,,,,,
GSK,88.59,91.37,91.37,99.45,114.01,92.57,48,45,53,40,,,,,
SGLY,88.59,91.37,91.37,99.45,114.01,92.57,48,45,53,40,,,,,
NDAQ,88.59,91.37,91.37,99.45,114.01,92.57,48,45,53,40,,,,,
SDST,88.59,91.37,91.37,99.45,114.01,92.57,48,45,53,40,,,,,
CALM,88.59,91.37,91.37,99.45,114.01,92.57,48,45,53,40,,,,,
PACK,88.59,91.37,91.37,99.45,114.01,92.57,48,45,53,40,,,,,
KRMN,88.59,91.37,91.37,99.45,114.01,92.57,48,45,53,40,,,,,
PAVS,88.59,91.37,91.37,99.45,114.01,92.57,48,45,53,40,,,,,
UPST,88.59,91.37,91.37,99.45,114.01,92.57,48,45,53,40,,,,,
AIRO,88.59,91.37,91.37,99.45,114.01,92.57,48,45,53,40,20.49,0.03,23.63,23.63,0.21
KURA,88.59,91.37,91.37,99.45,114.01,92.57,48,45,53,40,,,,,
PZG,88.59,91.37,91.37,99.45,114.01,92.57,48,45,53,40,,,,,
INTC,88.59,91.37,91.37,99.45,114.01,92.57,48,45,53,40,,,,,
CRSP,88.59,91.37,91.37,99.45,114.01,92.57,48,45,53,40,,,,,
PAA,88.59,91.37,91.37,99.45,114.01,92.57,48,45,53,40,,,,,
KBSX,88.59,91.37,91.37,99.45,114.01,92.57,48,45,53,40,,,,,
MTR,88.59,91.37,91.37,99.45,114.01,92.57,48,45,53,40,,,,,
KVACU,88.59,91.37,91.37,99.45,114.01,92.57,48,45,53,40,,,,,
TOPP,88.59,91.37,91.37,99.45,114.01,92.57,48,45,53,40,,,,,
WATT,88.59,91.37,91.37,99.45,114.01,92.57,48,45,53,40,,,,,
SIFY,88.59,91.37,91.37,99.45,114.01,92.57,48,45,53,40,,,,,
HCAT,88.59,91.37,91.37,99.45,114.01,92.57,48,45,53,40,,,,,
CNO,88.59,91.37,91.37,99.45,114.01,92.57,48,45,53,40,,,,,
DMAC,88.59,91.37,91.37,99.45,114.01,92.57,48,45,53,40,,,,,
KGEI,88.59,91.37,91.37,99.45,114.01,92.57,48,45,53,40,,,,,
FGMC,88.59,91.37,91.37,99.45,114.01,92.57,48,45,53,40,,,,,
RBBN,88.59,91.37,91.37,99.45,114.01,92.57,48,45,53,40,,,,,
SERA,88.59,91.37,91.37,99.45,114.01,92.57,48,45,53,40,,,,,
TPIC,88.59,91.37,91.37,99.45,114.01,92.57,48,45,53,40,,,,,
KMI,88.59,91.37,91.37,99.45,114.01,92.57,48,45,53,40,,,,,
CRDO,88.59,91.37,91.37,99.45,114.01,92.57,48,45,53,40,,,,,
PNRG,88.59,91.37,91.37,99.45,114.01,92.57,48,45,53,40,,,,,
NUKK,88.59,91.37,91.37,99.45,114.01,92.57,48,45,53,40,,,,,
KALU,88.59,91.37,91.37,99.45,114.01,92.57,48,45,53,40,,,,,
PCAPU,88.59,91.37,91.37,99.45,114.01,92.57,48,45,53,40,,,,,
IRT,88.59,91.37,91.37,99.45,114.01,92.57,48,45,53,40,,,,,
RMBL,88.59,91.37,91.37,99.45,114.01,92.57,48,45,53,40,,,,,
BOOM,88.59,91.37,91.37,99.45,114.01,92.57,48,45,53,40,,,,,
ASYS,88.59,91.37,91.37,99.45,114.01,92.57,48,45,53,40,,,,,
RYAAY,88.59,91.37,91.37,99.45,114.01,92.57,48,45,53,40,,,,,
UTHR,88.59,91.37,91.37,99.45,114.01,92.57,48,45,53,40,,,,,
RL,88.59,91.37,91.37,99.45,114.01,92.57,48,45,53,40,,,,,
XNCR,88.59,91.37,91.37,99.45,114.01,92.57,48,45,53,40,,,,,
NOTE,88.59,91.37,91.37,99.45,114.01,92.57,48,45,53,40,,,,,
BKR,88.59,91.37,91.37,99.45,114.01,92.57,48,45,53,40,,,,,
CARL,88.59,91.37,91.37,99.45,114.01,92.57,48,45,53,40,,,,,
AIMD,88.59,91.37,91.37,99.45,114.01,92.57,48,45,53,40,,,,,
DGICA,88.59,91.37,91.37,99.45,114.01,92.57,48,45,53,40,,,,,
IPI,88.59,91.37,91.37,99.45,114.01,92.57,48,45,53,40,,,,,
BCBP,88.59,91.37,91.37,99.45,114.01,92.57,48,45,53,40,,,,,
CRGX,88.59,91.37,91.37,99.45,114.01,92.57,48,45,53,40,,,,,
CRNX,88.59,91.37,91.37,99.45,114.01,92.57,48,45,53,40,,,,,
ONCO,88.59,91.37,91.37,99.45,114.01,92.57,48,45,53,40,,,,,
EPOW,88.59,91.37,91.37,99.45,114.01,92.57,48,45,53,40,,,,,
AGFY,88.59,91.37,91.37,99.45,114.01,92.57,48,45,53,40,,,,,
BNL,88.59,91.37,91.37,99.45,114.01,92.57,48,45,53,40,,,,,
RYAN,88.59,91.37,91.37,99.45,114.01,92.57,48,45,53,40,,,,,
YIBO,88.59,91.37,91.37,99.45,114.01,92.57,48,45,53,40,,,,,
BK,88.59,91.37,91.37,99.45,114.01,92.57,48,45,53,40,,,,,
ARKO,88.59,91.37,91.37,99.45,114.01,92.57,48,45,53,40,,,,,
LW,88.59,91.37,91.37,99.45,114.01,92.57,48,45,53,40,,,,,
SHBI,88.59,91.37,91.37,99.45,114.01,92.57,48,45,53,40,,,,,
EVC,88.59,91.37,91.37,99.45,114.01,92.57,48,45,53,40,,,,,
ORC,88.59,91.37,91.37,99.45,114.01,92.57,48,45,53,40,,,,,
MSGY,88.59,91.37,91.37,99.45,114.01,92.57,48,45,53,40,12.0,1.0,8.3,8.3,1.5
OCC,88.59,91.37,91.37,99.45,114.01,92.57,48,45,53,40,,,,,
CRDF,88.59,91.37,91.37,99.45,114.01,92.57,48,45,53,40,,,,,
TVTX,88.59,91.37,91.37,99.45,114.01,92.57,48,45,53,40,,,,,
GGR,88.59,91.37,91.37,99.45,114.01,92.57,48,45,53,40,,,,,
BSAC,88.59,91.37,91.37,99.45,114.01,92.57,48,45,53,40,,,,,
ISSC,88.59,91.37,91.37,99.45,114.01,92.57,48,45,53,40,,,,,
CNA,88.59,91.37,91.37,99.45,114.01,92.57,48,45,53,40,,,,,
CLDX,88.59,91.37,91.37,99.45,114.01,92.57,48,45,53,40,,,,,
BBLG,88.59,91.37,91.37,99.45,114.01,92.57,48,45,53,40,,,,,
SEPN,88.59,91.37,91.37,99.45,114.01,92.57,48,45,53,40,,,,,
BEAM,88.59,91.37,91.37,99.45,114.01,92.57,48,45,53,40,,,,,
JRSH,88.59,91.37,91.37,99.45,114.01,92.57,48,45,53,40,,,,,
LMB,88.59,91.37,91.37,99.45,114.01,92.57,48,45,53,40,,,,,
K,88.59,91.37,91.37,99.45,114.01,92.57,48,45,53,40,,,,,
CRDL,88.59,91.37,91.37,99.45,114.01,92.57,48,45,53,40,,,,,
REE,88.59,91.37,91.37,99.45,114.01,92.57,48,45,53,40,,,,,
UPXI,88.59,91.37,91.37,99.45,114.01,92.57,48,45,53,40,,,,,
CUE,88.59,91.37,91.37,99.45,114.01,92.57,48,45,53,40,,,,,
NX,88.59,91.37,91.37,99.45,114.01,92.57,48,45,53,40,,,,,
CREV,88.59,91.37,91.37,99.45,114.01,92.57,48,45,53,40,,,,,
SYTA,88.59,91.37,91.37,99.45,114.01,92.57,48,45,53,40,,,,,
PSTG,88.59,91.37,91.37,99.45,114.01,92.57,48,45,53,40,,,,,
NAMM,88.59,91.37,91.37,99.45,114.01,92.57,48,45,53,40,,,,,
DRMA,88.59,91.37,91.37,99.45,114.01,92.57,48,45,53,40,,,,,
AXIN,88.59,91.37,91.37,99.45,114.01,92.57,48,45,53,40,,,,,
MRBK,88.59,91.37,91.37,99.45,114.01,92.57,48,45,53,40,,,,,
ABL,88.59,91.37,91.37,99.45,114.01,92.57,48,45,53,40,,,,,
MENS,88.59,91.37,91.37,99.45,114.01,92.57,48,45,53,40,,,,,
GIGGU,88.59,91.37,91.37,99.45,114.01,92.57,48,45,53,40,,,,,
IMOS,88.59,91.37,91.37,99.45,114.01,92.57,48,45,53,40,,,,,
WAB,88.59,91.37,91.37,99.45,114.01,92.57,48,45,53,40,,,,,
AGNCM,88.59,91.37,91.37,99.45,114.01,92.57,48,45,53,40,,,,,
ACTU,88.59,91.37,91.37,99.45,114.01,92.57,48,45,53,40,,,,,
WBUY,88.59,91.37,91.37,99.45,114.01,92.57,48,45,53,40,,,,,
DINO,88.59,91.37,91.37,99.45,114.01,92.57,48,45,53,40,,,,,
BEAT,88.59,91.37,91.37,99.45,114.01,92.57,48,45,53,40,,,,,
COFS,88.59,91.37,91.37,99.45,114.01,92.57,48,45,53,40,,,,,
SMLR,88.59,91.37,91.37,99.45,114.01,92.57,48,45,53,40,,,,,
MACI,88.59,91.37,91.37,99.45,114.01,92.57,48,45,53,40,,,,,
FLWS,88.59,91.37,91.37,99.45,114.01,92.57,48,45,53,40,,,,,
RLGT,88.59,91.37,91.37,99.45,114.01,92.57,48,45,53,40,,,,,
POOL,88.59,91.37,91.37,99.45,114.01,92.57,48,45,53,40,,,,,
REXR,88.59,91.37,91.37,99.45,114.01,92.57,48,45,53,40,,,,,
HTFL,88.59,91.37,91.37,99.45,114.01,92.57,48,45,53,40,,,,,
RGC,88.59,91.37,91.37,99.45,114.01,92.57,48,45,53,40,,,,,
CVX,88.59,91.37,91.37,99.45,114.01,92.57,48,45,53,40,,,,,
NSSC,88.59,91.37,91.37,99.45,114.01,92.57,48,45,53,40,,,,,
CNFR,88.59,91.37,91.37,99.45,114.01,92.57,48,45,53,40,,,,,
JBDI,88.59,91.37,91.37,99.45,114.01,92.57,48,45,53,40,,,,,
CF,88.59,91.37,91.37,99.45,114.01,92.57,48,45,53,40,,,,,
ALGT,88.59,91.37,91.37,99.45,114.01,92.57,48,45,53,40,,,,,
KRUS,88.59,91.37,91.37,99.45,114.01,92.57,48,45,53,40,,,,,
COLD,88.59,91.37,91.37,99.45,114.01,92.57,48,45,53,40,,,,,
ARBK,88.59,91.37,91.37,99.45,114.01,92.57,48,45,53,40,,,,,
CVS,88.59,91.37,91.37,99.45,114.01,92.57,48,45,53,40,,,,,
MTRX,88.59,91.37,91.37,99.45,114.01,92.57,48,45,53,40,,,,,
BMBL,88.59,91.37,91.37,99.45,114.01,92.57,48,45,53,40,,,,,
RAND,88.59,91.37,91.37,99.45,114.01,92.57,48,45,53,40,,,,,
SMBK,88.59,91.37,91.37,99.45,114.01,92.57,48,45,53,40,,,,,
WKSP,88.59,91.37,91.37,99.45,114.01,92.57,48,45,53,40,,,,,
LOBO,88.59,91.37,91.37,99.45,114.01,92.57,48,45,53,40,,,,,
ADC,88.59,91.37,91.37,99.45,114.01,92.57,48,45,53,40,,,,,
OPAD,88.59,91.37,91.37,99.45,114.01,92.57,48,45,53,40,,,,,
MDAI,88.59,91.37,91.37,99.45,114.01,92.57,48,45,53,40,,,,,
CRK,88.59,91.37,91.37,99.45,114.01,92.57,48,45,53,40,,,,,
WEX,88.59,91.37,91.37,99.45,114.01,92.57,48,45,53,40,,,,,
FACTU,88.59,91.37,91.37,99.45,114.01,92.57,48,45,53,40,,,,,
KPTI,88.59,91.37,91.37,99.45,114.01,92.57,48,45,53,40,,,,,
EFTY,88.59,91.37,91.37,99.45,114.01,92.57,48,45,53,40,4.88,,4.88,4.88,1.0
CEPU,88.59,91.37,91.37,99.45,114.01,92.57,48,45,53,40,,,,,
RVYL,88.59,91.37,91.37,99.45,114.01,92.57,48,45,53,40,,,,,
SHFS,88.59,91.37,91.37,99.45,114.01,92.57,48,45,53,40,,,,,
DRUG,88.59,91.37,91.37,99.45,114.01,92.57,48,45,53,40,,,,,
TMHC,88.59,91.37,91.37,99.45,114.01,92.57,48,45,53,40,,,,,
MD,88.59,91.37,91.37,99.45,114.01,92.57,48,45,53,40,,,,,
ATEC,88.59,91.37,91.37,99.45,114.01,92.57,48,45,53,40,,,,,
SONN,88.59,91.37,91.37,99.45,114.01,92.57,48,45,53,40,,,,,
AORT,88.59,91.37,91.37,99.45,114.01,92.57,48,45,53,40,,,,,
CCIIU,88.59,91.37,91.37,99.45,114.01,92.57,48,45,53,40,,,,,
GWRE,88.59,91.37,91.37,99.45,114.01,92.57,48,45,53,40,,,,,
AEG,88.59,91.37,91.37,99.45,114.01,92.57,48,45,53,40,,,,,
ATNM,88.59,91.37,91.37,99.45,114.01,92.57,48,45,53,40,,,,,
HY,88.59,91.37,91.37,99.45,114.01,92.57,48,45,53,40,,,,,
MFIN,88.59,91.37,91.37,99.45,114.01,92.57,48,45,53,40,,,,,
IMAB,88.59,91.37,91.37,99.45,114.01,92.57,48,45,53,40,,,,,
FET,88.59,91.37,91.37,99.45,114.01,92.57,48,45,53,40,,,,,
ACN,88.59,91.37,91.37,99.45,114.01,92.57,48,45,53,40,,,,,
PRSU,88.59,91.37,91.37,99.45,114.01,92.57,48,45,53,40,,,,,
NOEMU,88.59,91.37,91.37,99.45,114.01,92.57,48,45,53,40,,,,,
LWLG,88.59,91.37,91.37,99.45,114.01,92.57,48,45,53,40,,,,,
BCARU,88.59,91.37,91.37,99.45,114.01,92.57,48,45,53,40,,,,,
VGZ,88.59,91.37,91.37,99.45,114.01,92.57,48,45,53,40,,,,,
HLLY,88.59,91.37,91.37,99.45,114.01,92.57,48,45,53,40,,,,,
ADNT,88.59,91.37,91.37,99.45,114.01,92.57,48,45,53,40,,,,,
SSB,88.59,91.37,91.37,99.45,114.01,92.57,48,45,53,40,,,,,
FLNT,88.59,91.37,91.37,99.45,114.01,92.57,48,45,53,40,,,,,
TSQ,88.59,91.37,91.37,99.45,114.01,92.57,48,45,53,40,,,,,
LUV,88.59,91.37,91.37,99.45,114.01,92.57,48,45,53,40,,,,,
DAAQ,88.59,91.37,91.37,99.45,114.01,92.57,48,45,53,40,,,,,
HTLM,88.59,91.37,91.37,99.45,114.01,92.57,48,45,53,40,,,,,
BLRX,88.59,91.37,91.37,99.45,114.01,92.57,48,45,53,40,,,,,
CFFI,88.59,91.37,91.37,99.45,114.01,92.57,48,45,53,40,,,,,
AGNCP,88.59,91.37,91.37,99.45,114.01,92.57,48,45,53,40,,,,,
MCFT,88.59,91.37,91.37,99.45,114.01,92.57,48,45,53,40,,,,,
LIND,88.59,91.37,91.37,99.45,114.01,92.57,48,45,53,40,,,,,
IPX,88.59,91.37,91.37,99.45,114.01,92.57,48,45,53,40,,,,,
NECB,88.59,91.37,91.37,99.45,114.01,92.57,48,45,53,40,,,,,
AME,88.59,91.37,91.37,99.45,114.01,92.57,48,45,53,40,,,,,
COUR,88.59,91.37,91.37,99.45,114.01,92.57,48,45,53,40,,,,,
FWRG,88.59,91.37,91.37,99.45,114.01,92.57,48,45,53,40,,,,,
HOUR,88.59,91.37,91.37,99.45,114.01,92.57,48,45,53,40,,,,,
OMDA,88.59,91.37,91.37,99.45,114.01,92.57,48,45,53,40,19.02,0.51,17.88,17.88,0.94
BBAI,88.59,91.37,91.37,99.45,114.01,92.57,48,45,53,40,,,,,
NFLX,88.59,91.37,91.37,99.45,114.01,92.57,48,45,53,40,,,,,
PC,88.59,91.37,91.37,99.45,114.01,92.57,48,45,53,40,,,,,
HSCS,88.59,91.37,91.37,99.45,114.01,92.57,48,45,53,40,,,,,
COLB,88.59,91.37,91.37,99.45,114.01,92.57,48,45,53,40,,,,,
IPM,88.59,91.37,91.37,99.45,114.01,92.57,48,45,53,40,,,,,
GDS,88.59,91.37,91.37,99.45,114.01,92.57,48,45,53,40,,,,,
FTK,88.59,91.37,91.37,99.45,114.01,92.57,48,45,53,40,,,,,
SHW,88.59,91.37,91.37,99.45,114.01,92.57,48,45,53,40,,,,,
STZ,88.59,91.37,91.37,99.45,114.01,92.57,48,45,53,40,,,,,
ALTG,88.59,91.37,91.37,99.45,114.01,92.57,48,45,53,40,,,,,
RF,88.59,91.37,91.37,99.45,114.01,92.57,48,45,53,40,,,,,
CVI,88.59,91.37,91.37,99.45,114.01,92.57,48,45,53,40,,,,,
DNOW,88.59,91.37,91.37,99.45,114.01,92.57,48,45,53,40,,,,,
PM,88.59,91.37,91.37,99.45,114.01,92.57,48,45,53,40,,,,,
PBFS,88.59,91.37,91.37,99.45,114.01,92.57,48,45,53,40,,,,,
LQDT,88.59,91.37,91.37,99.45,114.01,92.57,48,45,53,40,,,,,
TAK,88.59,91.37,91.37,99.45,114.01,92.57,48,45,53,40,,,,,
PHIO,88.59,91.37,91.37,99.45,114.01,92.57,48,45,53,40,,,,,
MDIA,88.59,91.37,91.37,99.45,114.01,92.57,48,45,53,40,,,,,
PDD,88.59,91.37,91.37,99.45,114.01,92.57,48,45,53,40,,,,,
AEMD,88.59,91.37,91.37,99.45,114.01,92.57,48,45,53,40,,,,,
WLACU,88.59,91.37,91.37,99.45,114.01,92.57,48,45,53,40,,,,,
ENTA,88.59,91.37,91.37,99.45,114.01,92.57,48,45,53,40,,,,,
MPWR,88.59,91.37,91.37,99.45,114.01,92.57,48,45,53,40,,,,,
CNI,88.59,91.37,91.37,99.45,114.01,92.57,48,45,53,40,,,,,
VPG,88.59,91.37,91.37,99.45,114.01,92.57,48,45,53,40,,,,,
PRU,88.59,91.37,91.37,99.45,114.01,92.57,48,45,53,40,,,,,
GLXY,88.59,91.37,91.37,99.45,114.01,92.57,48,45,53,40,27.78,0.7,22.89,22.84,1.25
VRCA,88.59,91.37,91.37,99.45,114.01,92.57,48,45,53,40,,,,,
GPK,88.59,91.37,91.37,99.45,114.01,92.57,48,45,53,40,,,,,
MDXH,88.59,91.37,91.37,99.45,114.01,92.57,48,45,53,40,,,,,
PLYM,88.59,91.37,91.37,99.45,114.01,92.57,48,45,53,40,,,,,
AGIO,88.59,91.37,91.37,99.45,114.01,92.57,48,45,53,40,,,,,
GHI,88.59,91.37,91.37,99.45,114.01,92.57,48,45,53,40,,,,,
NAVI,88.59,91.37,91.37,99.45,114.01,92.57,48,45,53,40,,,,,
CLIK,88.59,91.37,91.37,99.45,114.01,92.57,48,45,53,40,,,,,
NGD,88.59,91.37,91.37,99.45,114.01,92.57,48,45,53,40,,,,,
BYD,88.59,91.37,91.37,99.45,114.01,92.57,48,45,53,40,,,,,
ICFI,88.59,91.37,91.37,99.45,114.01,92.57,48,45,53,40,,,,,
TTEK,88.59,91.37,91.37,99.45,114.01,92.57,48,45,53,40,,,,,
MNTK,88.59,91.37,91.37,99.45,114.01,92.57,48,45,53,40,,,,,
MDT,88.59,91.37,91.37,99.45,114.01,92.57,48,45,53,40,,,,,
HRI,88.59,91.37,91.37,99.45,114.01,92.57,48,45,53,40,,,,,
SOUN,88.59,91.37,91.37,99.45,114.01,92.57,48,45,53,40,,,,,
INTA,88.59,91.37,91.37,99.45,114.01,92.57,48,45,53,40,,,,,
DLHC,88.59,91.37,91.37,99.45,114.01,92.57,48,45,53,40,,,,,
EDBL,88.59,91.37,91.37,99.45,114.01,92.57,48,45,53,40,,,,,
TACOU,88.59,91.37,91.37,99.45,114.01,92.57,48,45,53,40,,,,,
ANGI,88.59,91.37,91.37,99.45,114.01,92.57,48,45,53,40,,,,,
VAC,88.59,91.37,91.37,99.45,114.01,92.57,48,45,53,40,,,,,
MSA,88.59,91.37,91.37,99.45,114.01,92.57,48,45,53,40,,,,,
AGYS,88.59,91.37,91.37,99.45,114.01,92.57,48,45,53,40,,,,,
DOCN,88.59,91.37,91.37,99.45,114.01,92.57,48,45,53,40,,,,,
HGV,88.59,91.37,91.37,99.45,114.01,92.57,48,45,53,40,,,,,
ABUS,88.59,91.37,91.37,99.45,114.01,92.57,48,45,53,40,,,,,
CPSH,88.59,91.37,91.37,99.45,114.01,92.57,48,45,53,40,,,,,
GIGM,88.59,91.37,91.37,99.45,114.01,92.57,48,45,53,40,,,,,
ES,88.59,91.37,91.37,99.45,114.01,92.57,48,45,53,40,,,,,
CNSP,88.59,91.37,91.37,99.45,114.01,92.57,48,45,53,40,,,,,
GASS,88.59,91.37,91.37,99.45,114.01,92.57,48,45,53,40,,,,,
CMP,88.59,91.37,91.37,99.45,114.01,92.57,48,45,53,40,,,,,
MAZE,88.59,91.37,91.37,99.45,114.01,92.57,48,45,53,40,,,,,
RAVE,88.59,91.37,91.37,99.45,114.01,92.57,48,45,53,40,,,,,
NUTX,88.59,91.37,91.37,99.45,114.01,92.57,48,45,53,40,,,,,
MIRM,88.59,91.37,91.37,99.45,114.01,92.57,48,45,53,40,,,,,
JBTM,88.59,91.37,91.37,99.45,114.01,92.57,48,45,53,40,,,,,
SDHI,88.59,91.37,91.37,99.45,114.01,92.57,48,45,53,40,10.12,0.75,10.1,10.1,0.0
LKQ,88.59,91.37,91.37,99.45,114.01,92.57,48,45,53,40,,,,,
HYFM,88.59,91.37,91.37,99.45,114.01,92.57,48,45,53,40,,,,,
DRTS,88.59,91.37,91.37,99.45,114.01,92.57,48,45,53,40,,,,,
AEON,88.59,91.37,91.37,99.45,114.01,92.57,48,45,53,40,,,,,
SLGL,88.59,91.37,91.37,99.45,114.01,92.57,48,45,53,40,,,,,
FHI,88.59,91.37,91.37,99.45,114.01,92.57,48,45,53,40,,,,,
LOKVU,88.59,91.37,91.37,99.45,114.01,92.57,48,45,53,40,,,,,
FMAO,88.59,91.37,91.37,99.45,114.01,92.57,48,45,53,40,,,,,
EP,88.59,91.37,91.37,99.45,114.01,92.57,48,45,53,40,,,,,
AERT,88.59,91.37,91.37,99.45,114.01,92.57,48,45,53,40,,,,,
RBCAA,88.59,91.37,91.37,99.45,114.01,92.57,48,45,53,40,,,,,
RDAG,88.59,91.37,91.37,99.45,114.01,92.57,48,45,53,40,,,,,
HFFG,88.59,91.37,91.37,99.45,114.01,92.57,48,45,53,40,,,,,
BCO,88.59,91.37,91.37,99.45,114.01,92.57,48,45,53,40,,,,,
RVP,88.59,91.37,91.37,99.45,114.01,92.57,48,45,53,40,,,,,
MEOH,88.59,91.37,91.37,99.45,114.01,92.57,48,45,53,40,,,,,
PHLT,88.59,91.37,91.37,99.45,114.01,92.57,48,45,53,40,,,,,
GIS,88.59,91.37,91.37,99.45,114.01,92.57,48,45,53,40,,,,,
HSPT,88.59,91.37,91.37,99.45,114.01,92.57,48,45,53,40,,,,,
SU,88.59,91.37,91.37,99.45,114.01,92.57,48,45,53,40,,,,,
WTGUU,88.59,91.37,91.37,99.45,114.01,92.57,48,45,53,40,,,,,
KVYO,88.59,91.37,91.37,99.45,114.01,92.57,48,45,53,40,,,,,
TKLF,88.59,91.37,91.37,99.45,114.01,92.57,48,45,53,40,,,,,
DXC,88.59,91.37,91.37,99.45,114.01,92.57,48,45,53,40,,,,,
NDRA,88.59,91.37,91.37,99.45,114.01,92.57,48,45,53,40,,,,,
CVCO,88.59,91.37,91.37,99.45,114.01,92.57,48,45,53,40,,,,,
GBFH,88.59,91.37,91.37,99.45,114.01,92.57,48,45,53,40,,,,,
FSS,88.59,91.37,91.37,99.45,114.01,92.57,48,45,53,40,,,,,
LEGN,88.59,91.37,91.37,99.45,114.01,92.57,48,45,53,40,,,,,
COF,88.59,91.37,91.37,99.45,114.01,92.57,48,45,53,40,,,,,
UAN,88.59,91.37,91.37,99.45,114.01,92.57,48,45,53,40,,,,,
IHT,88.59,91.37,91.37,99.45,114.01,92.57,48,45,53,40,,,,,
MDCX,88.59,91.37,91.37,99.45,114.01,92.57,48,45,53,40,,,,,
GV,88.59,91.37,91.37,99.45,114.01,92.57,48,45,53,40,,,,,
MAX,88.59,91.37,91.37,99.45,114.01,92.57,48,45,53,40,,,,,
WB,88.59,91.37,91.37,99.45,114.01,92.57,48,45,53,40,,,,,
MDXG,88.59,91.37,91.37,99.45,114.01,92.57,48,45,53,40,,,,,
BKH,88.59,91.37,91.37,99.45,114.01,92.57,48,45,53,40,,,,,
CATY,88.59,91.37,91.37,99.45,114.01,92.57,48,45,53,40,,,,,
SAP,88.59,91.37,91.37,99.45,114.01,92.57,48,45,53,40,,,,,
AAOI,88.59,91.37,91.37,99.45,114.01,92.57,48,45,53,40,,,,,
GIB,88.59,91.37,91.37,99.45,114.01,92.57,48,45,53,40,,,,,
GMED,88.59,91.37,91.37,99.45,114.01,92.57,48,45,53,40,,,,,
MNDY,88.59,91.37,91.37,99.45,114.01,92.57,48,45,53,40,,,,,
QNST,88.59,91.37,91.37,99.45,114.01,92.57,48,45,53,40,,,,,
TCPC,88.59,91.37,91.37,99.45,114.01,92.57,48,45,53,40,,,,,
NTR,88.59,91.37,91.37,99.45,114.01,92.57,48,45,53,40,,,,,
TAVIU,88.59,91.37,91.37,99.45,114.01,92.57,48,45,53,40,,,,,
MAPS,88.59,91.37,91.37,99.45,114.01,92.57,48,45,53,40,,,,,
BHST,88.59,91.37,91.37,99.45,114.01,92.57,48,45,53,40,,,,,
AKAN,88.59,91.37,91.37,99.45,114.01,92.57,48,45,53,40,,,,,
SERV,88.59,91.37,91.37,99.45,114.01,92.57,48,45,53,40,,,,,
GEL,88.59,91.37,91.37,99.45,114.01,92.57,48,45,53,40,,,,,
REAX,88.59,91.37,91.37,99.45,114.01,92.57,48,45,53,40,,,,,
GTX,88.59,91.37,91.37,99.45,114.01,92.57,48,45,53,40,,,,,
HOG,88.59,91.37,91.37,99.45,114.01,92.57,48,45,53,40,,,,,
EARN,88.59,91.37,91.37,99.45,114.01,92.57,48,45,53,40,,,,,
ODV,88.59,91.37,91.37,99.45,114.01,92.57,48,45,53,40,,,,,
BSET,88.59,91.37,91.37,99.45,114.01,92.57,48,45,53,40,,,,,
FSM,88.59,91.37,91.37,99.45,114.01,92.57,48,45,53,40,,,,,
CLDI,88.59,91.37,91.37,99.45,114.01,92.57,48,45,53,40,,,,,
KFY,88.59,91.37,91.37,99.45,114.01,92.57,48,45,53,40,,,,,
ARMN,88.59,91.37,91.37,99.45,114.01,92.57,48,45,53,40,,,,,
CUK,88.59,91.37,91.37,99.45,114.01,92.57,48,45,53,40,,,,,
KLC,88.59,91.37,91.37,99.45,114.01,92.57,48,45,53,40,,,,,
GTERA,88.59,91.37,91.37,99.45,114.01,92.57,48,45,53,40,9.95,0.0,9.96,9.96,0.31
TXMD,88.59,91.37,91.37,99.45,114.01,92.57,48,45,53,40,,,,,
SGMT,88.59,91.37,91.37,99.45,114.01,92.57,48,45,53,40,,,,,
ETOR,88.59,91.37,91.37,99.45,114.01,92.57,48,45,53,40,57.93,0.25,61.54,62.02,0.29
VC,88.59,91.37,91.37,99.45,114.01,92.57,48,45,53,40,,,,,
JBS,88.59,91.37,91.37,99.45,114.01,92.57,48,45,53,40,,,,,
DAY,88.59,91.37,91.37,99.45,114.01,92.57,48,45,53,40,,,,,
CHAC,88.59,91.37,91.37,99.45,114.01,92.57,48,45,53,40,,,,,
SOBR,88.59,91.37,91.37,99.45,114.01,92.57,48,45,53,40,,,,,
MNY,88.59,91.37,91.37,99.45,114.01,92.57,48,45,53,40,,,,,
HSBC,88.59,91.37,91.37,99.45,114.01,92.57,48,45,53,40,,,,,
LAZ,88.59,91.37,91.37,99.45,114.01,92.57,48,45,53,40,,,,,
XHR,88.59,91.37,91.37,99.45,114.01,92.57,48,45,53,40,,,,,
CXM,88.59,91.37,91.37,99.45,114.01,92.57,48,45,53,40,,,,,
BACCU,88.59,91.37,91.37,99.45,114.01,92.57,48,45,53,40,10.09,0.67,10.07,10.07,0.0
KSPI,88.59,91.37,91.37,99.45,114.01,92.57,48,45,53,40,,,,,
TXN,88.59,91.37,91.37,99.45,114.01,92.57,48,45,53,40,,,,,
PWP,88.59,91.37,91.37,99.45,114.01,92.57,48,45,53,40,,,,,
AUR,88.59,91.37,91.37,99.45,114.01,92.57,48,45,53,40,,,,,
PBA,88.59,91.37,91.37,99.45,114.01,92.57,48,45,53,40,,,,,
VRNA,88.59,91.37,91.37,99.45,114.01,92.57,48,45,53,40,,,,,
GO,88.59,91.37,91.37,99.45,114.01,92.57,48,45,53,40,,,,,
LUCD,88.59,91.37,91.37,99.45,114.01,92.57,48,45,53,40,,,,,
OPAL,88.59,91.37,91.37,99.45,114.01,92.57,48,45,53,40,,,,,
KULR,88.59,91.37,91.37,99.45,114.01,92.57,48,45,53,40,,,,,
CPAC,88.59,91.37,91.37,99.45,114.01,92.57,48,45,53,40,,,,,
GWH,88.59,91.37,91.37,99.45,114.01,92.57,48,45,53,40,,,,,
RBC,88.59,91.37,91.37,99.45,114.01,92.57,48,45,53,40,,,,,
FLL,88.59,91.37,91.37,99.45,114.01,92.57,48,45,53,40,,,,,
SPH,88.59,91.37,91.37,99.45,114.01,92.57,48,45,53,40,,,,,
ZIP,88.59,91.37,91.37,99.45,114.01,92.57,48,45,53,40,,,,,
RGP,88.59,91.37,91.37,99.45,114.01,92.57,48,45,53,40,,,,,
ATMV,88.59,91.37,91.37,99.45,114.01,92.57,48,45,53,40,,,,,
VIK,88.59,91.37,91.37,99.45,114.01,92.57,48,45,53,40,,,,,
CTW,88.59,91.37,91.37,99.45,114.01,92.57,48,45,53,40,,,,,
WAL,88.59,91.37,91.37,99.45,114.01,92.57,48,45,53,40,,,,,
SKYX,88.59,91.37,91.37,99.45,114.01,92.57,48,45,53,40,,,,,
RMBI,88.59,91.37,91.37,99.45,114.01,92.57,48,45,53,40,,,,,
OIS,88.59,91.37,91.37,99.45,114.01,92.57,48,45,53,40,,,,,
LENZ,88.59,91.37,91.37,99.45,114.01,92.57,48,45,53,40,,,,,
TACO,88.59,91.37,91.37,99.45,114.01,92.57,48,45,53,40,10.4,0.32,10.42,10.42,0.38
MXCT,88.59,91.37,91.37,99.45,114.01,92.57,48,45,53,40,,,,,
ONTO,88.59,91.37,91.37,99.45,114.01,92.57,48,45,53,40,,,,,
BANX,88.59,91.37,91.37,99.45,114.01,92.57,48,45,53,40,,,,,
PYXS,88.59,91.37,91.37,99.45,114.01,92.57,48,45,53,40,,,,,
TGEN,88.59,91.37,91.37,99.45,114.01,92.57,48,45,53,40,,,,,
MSB,88.59,91.37,91.37,99.45,114.01,92.57,48,45,53,40,,,,,
TFPM,88.59,91.37,91.37,99.45,114.01,92.57,48,45,53,40,,,,,
TRP,88.59,91.37,91.37,99.45,114.01,92.57,48,45,53,40,,,,,
USLM,88.59,91.37,91.37,99.45,114.01,92.57,48,45,53,40,,,,,
CASS,88.59,91.37,91.37,99.45,114.01,92.57,48,45,53,40,,,,,
AMS,88.59,91.37,91.37,99.45,114.01,92.57,48,45,53,40,,,,,
NRDS,88.59,91.37,91.37,99.45,114.01,92.57,48,45,53,40,,,,,
ILPT,88.59,91.37,91.37,99.45,114.01,92.57,48,45,53,40,,,,,
DRCT,88.59,91.37,91.37,99.45,114.01,92.57,48,45,53,40,,,,,
DQ,88.59,91.37,91.37,99.45,114.01,92.57,48,45,53,40,,,,,
VOYG,88.59,91.37,91.37,99.45,114.01,92.57,48,45,53,40,,,,,
HSTM,88.59,91.37,91.37,99.45,114.01,92.57,48,45,53,40,,,,,
IPCX,88.59,91.37,91.37,99.45,114.01,92.57,48,45,53,40,,,,,
ATUS,88.59,91.37,91.37,99.45,114.01,92.57,48,45,53,40,,,,,
FLYY,88.59,91.37,91.37,99.45,114.01,92.57,48,45,53,40,,,,,
SLB,88.59,91.37,91.37,99.45,114.01,92.57,48,45,53,40,,,,,
MTAL,88.59,91.37,91.37,99.45,114.01,92.57,48,45,53,40,,,,,
SUNS,88.59,91.37,91.37,99.45,114.01,92.57,48,45,53,40,,,,,
AWRE,88.59,91.37,91.37,99.45,114.01,92.57,48,45,53,40,,,,,
VRNT,88.59,91.37,91.37,99.45,114.01,92.57,48,45,53,40,,,,,
WNW,88.59,91.37,91.37,99.45,114.01,92.57,48,45,53,40,,,,,
PLTR,88.59,91.37,91.37,99.45,114.01,92.57,48,45,53,40,,,,,
SBS,88.59,91.37,91.37,99.45,114.01,92.57,48,45,53,40,,,,,
TPET,88.59,91.37,91.37,99.45,114.01,92.57,48,45,53,40,,,,,
VIRT,88.59,91.37,91.37,99.45,114.01,92.57,48,45,53,40,,,,,
CRCL,88.59,91.37,91.37,99.45,114.01,92.57,48,45,53,40,,,,,
NTIC,88.59,91.37,91.37,99.45,114.01,92.57,48,45,53,40,,,,,
DAO,88.59,91.37,91.37,99.45,114.01,92.57,48,45,53,40,,,,,
REKR,88.59,91.37,91.37,99.45,114.01,92.57,48,45,53,40,,,,,
WKC,88.59,91.37,91.37,99.45,114.01,92.57,48,45,53,40,,,,,
NEOG,88.59,91.37,91.37,99.45,114.01,92.57,48,45,53,40,,,,,
SPCE,88.59,91.37,91.37,99.45,114.01,92.57,48,45,53,40,,,,,
FCFS,88.59,91.37,91.37,99.45,114.01,92.57,48,45,53,40,,,,,
GTES,88.59,91.37,91.37,99.45,114.01,92.57,48,45,53,40,,,,,
KEN,88.59,91.37,91.37,99.45,114.01,92.57,48,45,53,40,,,,,
JAZZ,88.59,91.37,91.37,99.45,114.01,92.57,48,45,53,40,,,,,
BETR,88.59,91.37,91.37,99.45,114.01,92.57,48,45,53,40,,,,,
NLY,88.59,91.37,91.37,99.45,114.01,92.57,48,45,53,40,,,,,
CRGO,88.59,91.37,91.37,99.45,114.01,92.57,48,45,53,40,,,,,
MBAV,88.59,91.37,91.37,99.45,114.01,92.57,48,45,53,40,,,,,
BRLS,88.59,91.37,91.37,99.45,114.01,92.57,48,45,53,40,,,,,
BRR,88.59,91.37,91.37,99.45,114.01,92.57,48,45,53,40,,,,,
CHA,88.59,91.37,91.37,99.45,114.01,92.57,48,45,53,40,,,,,
SIGA,88.59,91.37,91.37,99.45,114.01,92.57,48,45,53,40,,,,,
ANEB,88.59,91.37,91.37,99.45,114.01,92.57,48,45,53,40,,,,,
PHIN,88.59,91.37,91.37,99.45,114.01,92.57,48,45,53,40,,,,,
AXP,88.59,91.37,91.37,99.45,114.01,92.57,48,45,53,40,,,,,
BIO,88.59,91.37,91.37,99.45,114.01,92.57,48,45,53,40,,,,,
SO,88.59,91.37,91.37,99.45,114.01,92.57,48,45,53,40,,,,,
LSF,88.59,91.37,91.37,99.45,114.01,92.57,48,45,53,40,,,,,
OSCR,88.59,91.37,91.37,99.45,114.01,92.57,48,45,53,40,,,,,
AR,88.59,91.37,91.37,99.45,114.01,92.57,48,45,53,40,,,,,
TGTX,88.59,91.37,91.37,99.45,114.01,92.57,48,45,53,40,,,,,
SLXN,88.59,91.37,91.37,99.45,114.01,92.57,48,45,53,40,,,,,
STOK,88.59,91.37,91.37,99.45,114.01,92.57,48,45,53,40,,,,,
ELF,88.59,91.37,91.37,99.45,114.01,92.57,48,45,53,40,,,,,
USPH,88.59,91.37,91.37,99.45,114.01,92.57,48,45,53,40,,,,,
LLYVK,88.59,91.37,91.37,99.45,114.01,92.57,48,45,53,40,,,,,
SAM,88.59,91.37,91.37,99.45,114.01,92.57,48,45,53,40,,,,,
HMN,88.59,91.37,91.37,99.45,114.01,92.57,48,45,53,40,,,,,
NEOV,88.59,91.37,91.37,99.45,114.01,92.57,48,45,53,40,,,,,
GH,88.59,91.37,91.37,99.45,114.01,92.57,48,45,53,40,,,,,
KMPR,88.59,91.37,91.37,99.45,114.01,92.57,48,45,53,40,,,,,
MSS,88.59,91.37,91.37,99.45,114.01,92.57,48,45,53,40,,,,,
LSB,88.59,91.37,91.37,99.45,114.01,92.57,48,45,53,40,,,,,
PSN,88.59,91.37,91.37,99.45,114.01,92.57,48,45,53,40,,,,,
XXII,88.59,91.37,91.37,99.45,114.01,92.57,48,45,53,40,,,,,
QIPT,88.59,91.37,91.37,99.45,114.01,92.57,48,45,53,40,,,,,
COO,88.59,91.37,91.37,99.45,114.01,92.57,48,45,53,40,,,,,
NJR,88.59,91.37,91.37,99.45,114.01,92.57,48,45,53,40,,,,,
KNSL,88.59,91.37,91.37,99.45,114.01,92.57,48,45,53,40,,,,,
ATGE,88.59,91.37,91.37,99.45,114.01,92.57,48,45,53,40,,,,,
FIVN,88.59,91.37,91.37,99.45,114.01,92.57,48,45,53,40,,,,,
ZBAI,88.59,91.37,91.37,99.45,114.01,92.57,48,45,53,40,,,,,
EM,88.59,91.37,91.37,99.45,114.01,92.57,48,45,53,40,,,,,
SPRC,88.59,91.37,91.37,99.45,114.01,92.57,48,45,53,40,,,,,
TSN,88.59,91.37,91.37,99.45,114.01,92.57,48,45,53,40,,,,,
GLRE,88.59,91.37,91.37,99.45,114.01,92.57,48,45,53,40,,,,,
SURG,88.59,91.37,91.37,99.45,114.01,92.57,48,45,53,40,,,,,
BAX,88.59,91.37,91.37,99.45,114.01,92.57,48,45,53,40,,,,,
FLEX,88.59,91.37,91.37,99.45,114.01,92.57,48,45,53,40,,,,,
TDAC,88.59,91.37,91.37,99.45,114.01,92.57,48,45,53,40,,,,,
JSPR,88.59,91.37,91.37,99.45,114.01,92.57,48,45,53,40,,,,,
BAYA,88.59,91.37,91.37,99.45,114.01,92.57,48,45,53,40,,,,,
BHFAP,88.59,91.37,91.37,99.45,114.01,92.57,48,45,53,40,,,,,
CYBN,88.59,91.37,91.37,99.45,114.01,92.57,48,45,53,40,,,,,
STKH,88.59,91.37,91.37,99.45,114.01,92.57,48,45,53,40,,,,,
ADTX,88.59,91.37,91.37,99.45,114.01,92.57,48,45,53,40,,,,,
CAI,88.59,91.37,91.37,99.45,114.01,92.57,48,45,53,40,,,,,
CHR,88.59,91.37,91.37,99.45,114.01,92.57,48,45,53,40,,,,,
MBINN,88.59,91.37,91.37,99.45,114.01,92.57,48,45,53,40,,,,,
ASIC,88.59,91.37,91.37,99.45,114.01,92.57,48,45,53,40,,,,,
JPM,88.59,91.37,91.37,99.45,114.01,92.57,48,45,53,40,,,,,
LB,88.59,91.37,91.37,99.45,114.01,92.57,48,45,53,40,,,,,
ICL,88.59,91.37,91.37,99.45,114.01,92.57,48,45,53,40,,,,,
NVAX,88.59,91.37,91.37,99.45,114.01,92.57,48,45,53,40,,,,,
GIFT,88.59,91.37,91.37,99.45,114.01,92.57,48,45,53,40,,,,,
PEGA,88.59,91.37,91.37,99.45,114.01,92.57,48,45,53,40,,,,,
MPTI,88.59,91.37,91.37,99.45,114.01,92.57,48,45,53,40,,,,,
FVN,88.59,91.37,91.37,99.45,114.01,92.57,48,45,53,40,,,,,
SATL,88.59,91.37,91.37,99.45,114.01,92.57,48,45,53,40,,,,,
CLOV,88.59,91.37,91.37,99.45,114.01,92.57,48,45,53,40,,,,,
BNGO,88.59,91.37,91.37,99.45,114.01,92.57,48,45,53,40,,,,,
KRMD,88.59,91.37,91.37,99.45,114.01,92.57,48,45,53,40,,,,,
IMPP,88.59,91.37,91.37,99.45,114.01,92.57,48,45,53,40,,,,,
ACRS,88.59,91.37,91.37,99.45,114.01,92.57,48,45,53,40,,,,,
VIVS,88.59,91.37,91.37,99.45,114.01,92.57,48,45,53,40,,,,,
KVUE,88.59,91.37,91.37,99.45,114.01,92.57,48,45,53,40,,,,,
SYNA,88.59,91.37,91.37,99.45,114.01,92.57,48,45,53,40,,,,,
OTTR,88.59,91.37,91.37,99.45,114.01,92.57,48,45,53,40,,,,,
WYFI,88.59,91.37,91.37,99.45,114.01,92.57,48,45,53,40,15.3,0.0,15.76,15.76,0.38
ACXP,88.59,91.37,91.37,99.45,114.01,92.57,48,45,53,40,,,,,
MUR,88.59,91.37,91.37,99.45,114.01,92.57,48,45,53,40,,,,,
BSRR,88.59,91.37,91.37,99.45,114.01,92.57,48,45,53,40,,,,,
GBTG,88.59,91.37,91.37,99.45,114.01,92.57,48,45,53,40,,,,,
BSAA,88.59,91.37,91.37,99.45,114.01,92.57,48,45,53,40,10.01,1.0,10.01,10.01,0.02
GWW,88.59,91.37,91.37,99.45,114.01,92.57,48,45,53,40,,,,,
KMDA,88.59,91.37,91.37,99.45,114.01,92.57,48,45,53,40,,,,,
SPSC,88.59,91.37,91.37,99.45,114.01,92.57,48,45,53,40,,,,,
SKYH,88.59,91.37,91.37,99.45,114.01,92.57,48,45,53,40,,,,,
CUB,88.59,91.37,91.37,99.45,114.01,92.57,48,45,53,40,,,,,
TSCO,88.59,91.37,91.37,99.45,114.01,92.57,48,45,53,40,,,,,
SAFE,88.59,91.37,91.37,99.45,114.01,92.57,48,45,53,40,,,,,
NAMI,88.59,91.37,91.37,99.45,114.01,92.57,48,45,53,40,,,,,
CLPT,88.59,91.37,91.37,99.45,114.01,92.57,48,45,53,40,,,,,
SFHG,88.59,91.37,91.37,99.45,114.01,92.57,48,45,53,40,,,,,
CG,88.59,91.37,91.37,99.45,114.01,92.57,48,45,53,40,,,,,
BWIN,88.59,91.37,91.37,99.45,114.01,92.57,48,45,53,40,,,,,
BORR,88.59,91.37,91.37,99.45,114.01,92.57,48,45,53,40,,,,,
TBBB,88.59,91.37,91.37,99.45,114.01,92.57,48,45,53,40,,,,,
DOCU,88.59,91.37,91.37,99.45,114.01,92.57,48,45,53,40,,,,,
NEWT,88.59,91.37,91.37,99.45,114.01,92.57,48,45,53,40,,,,,
ELVA,88.59,91.37,91.37,99.45,114.01,92.57,48,45,53,40,,,,,
NEUE,88.59,91.37,91.37,99.45,114.01,92.57,48,45,53,40,,,,,
NNDM,88.59,91.37,91.37,99.45,114.01,92.57,48,45,53,40,,,,,
PTLE,88.59,91.37,91.37,99.45,114.01,92.57,48,45,53,40,,,,,
ALTS,88.59,91.37,91.37,99.45,114.01,92.57,48,45,53,40,,,,,
NOA,88.59,91.37,91.37,99.45,114.01,92.57,48,45,53,40,,,,,
FROG,88.59,91.37,91.37,99.45,114.01,92.57,48,45,53,40,,,,,
HIVE,88.59,91.37,91.37,99.45,114.01,92.57,48,45,53,40,,,,,
APVO,88.59,91.37,91.37,99.45,114.01,92.57,48,45,53,40,,,,,
IART,88.59,91.37,91.37,99.45,114.01,92.57,48,45,53,40,,,,,
SNV,88.59,91.37,91.37,99.45,114.01,92.57,48,45,53,40,,,,,
ASTL,88.59,91.37,91.37,99.45,114.01,92.57,48,45,53,40,,,,,
WDC,88.59,91.37,91.37,99.45,114.01,92.57,48,45,53,40,,,,,
VVV,88.59,91.37,91.37,99.45,114.01,92.57,48,45,53,40,,,,,
ARTNA,88.59,91.37,91.37,99.45,114.01,92.57,48,45,53,40,,,,,
SLRC,88.59,91.37,91.37,99.45,114.01,92.57,48,45,53,40,,,,,
SEAT,88.59,91.37,91.37,99.45,114.01,92.57,48,45,53,40,,,,,
CLYM,88.59,91.37,91.37,99.45,114.01,92.57,48,45,53,40,,,,,
POWW,88.59,91.37,91.37,99.45,114.01,92.57,48,45,53,40,,,,,
KRNY,88.59,91.37,91.37,99.45,114.01,92.57,48,45,53,40,,,,,
PLAG,88.59,91.37,91.37,99.45,114.01,92.57,48,45,53,40,,,,,
UTI,88.59,91.37,91.37,99.45,114.01,92.57,48,45,53,40,,,,,
PD,88.59,91.37,91.37,99.45,114.01,92.57,48,45,53,40,,,,,
ICON,88.59,91.37,91.37,99.45,114.01,92.57,48,45,53,40,,,,,
TWO,88.59,91.37,91.37,99.45,114.01,92.57,48,45,53,40,,,,,
CHD,88.59,91.37,91.37,99.45,114.01,92.57,48,45,53,40,,,,,
BDL,88.59,91.37,91.37,99.45,114.01,92.57,48,45,53,40,,,,,
GTERU,88.59,91.37,91.37,99.45,114.01,92.57,48,45,53,40,10.18,0.78,10.13,10.13,0.01
BVFL,88.59,91.37,91.37,99.45,114.01,92.57,48,45,53,40,,,,,
MTUS,88.59,91.37,91.37,99.45,114.01,92.57,48,45,53,40,,,,,
TRIB,88.59,91.37,91.37,99.45,114.01,92.57,48,45,53,40,,,,,
ONC,88.59,91.37,91.37,99.45,114.01,92.57,48,45,53,40,,,,,
AMPG,88.59,91.37,91.37,99.45,114.01,92.57,48,45,53,40,,,,,
TC,88.59,91.37,91.37,99.45,114.01,92.57,48,45,53,40,,,,,
BTCT,88.59,91.37,91.37,99.45,114.01,92.57,48,45,53,40,,,,,
NRIM,88.59,91.37,91.37,99.45,114.01,92.57,48,45,53,40,,,,,
ALTI,88.59,91.37,91.37,99.45,114.01,92.57,48,45,53,40,,,,,
AVPT,88.58,114.59,128.16,154.95,176.33,175.69,23,93,95,95,14.33,0.45,18.61,17.0,3.73
LRE,88.57,113.34,123.39,120.82,79.43,86.89,23,87,7,9,1.45,0.27,1.77,1.64,0.67
TNK,88.56,90.16,91.2,103.27,95.41,76.26,23,75,14,5,44.63,0.42,44.41,41.38,1.24
WSBK,88.55,91.37,91.37,99.45,114.01,92.57,23,45,53,40,9.49,0.78,9.26,9.29,0.47
ANIX,88.5,95.84,114.48,118.68,112.95,92.52,23,86,26,13,2.98,0.46,3.22,2.97,1.02
BIDU,88.5,89.54,94.42,96.07,111.83,86.74,23,16,25,9,87.36,0.27,87.11,87.99,0.61
TCBK,88.46,90.94,99.74,97.77,105.69,113.58,23,17,20,81,41.12,0.43,41.14,41.96,0.59
SUN,88.45,92.1,93.03,107.63,118.92,100.26,23,79,83,73,52.13,0.5,52.48,52.88,1.72
ITIC,88.43,90.38,87.97,119.55,130.88,143.34,23,86,89,91,221.12,0.39,209.05,230.11,0.72
FISI,88.41,90.84,111.15,114.95,123.3,124.67,22,84,85,87,24.88,0.48,25.94,25.73,0.58
HOMB,88.4,90.9,103.35,104.46,112.26,115.04,22,76,25,82,27.68,0.41,28.59,28.6,0.58
MHK,88.37,91.49,87.6,84.5,95.0,106.5,22,9,14,77,120.61,0.36,109.09,117.79,0.56
PKG,88.34,89.49,94.9,93.84,100.89,120.5,22,14,17,85,196.43,0.31,196.27,207.47,0.61
NTAP,88.34,88.34,95.55,95.55,103.66,107.92,22,15,19,78,106.21,0.55,104.2,106.66,0.64
PFG,88.32,89.37,94.57,100.72,108.45,99.19,22,72,22,72,76.59,0.39,78.35,79.61,0.67
UBSI,88.3,90.3,102.19,101.98,104.5,110.2,22,74,19,79,35.75,0.42,36.38,36.48,0.51
CCIRU,88.3,95.77,98.33,115.4,120.4,94.27,22,84,84,68,11.55,0.35,11.75,11.35,0.08
AA,88.3,91.26,91.59,83.62,98.41,132.5,22,9,16,89,30.17,0.31,29.43,33.48,0.8
PGACU,88.29,91.35,91.35,99.96,115.1,92.57,22,71,80,40,10.2,0.57,10.27,10.2,0.0
MASI,88.28,102.13,102.49,111.67,130.09,133.96,22,82,88,90,144.73,0.42,162.24,164.63,1.31
TXRH,88.26,96.16,99.52,111.19,104.41,119.86,22,81,19,84,172.84,0.4,187.78,181.46,3.31
FRME,88.23,90.43,106.37,102.01,115.39,115.9,22,74,81,82,37.56,0.35,38.53,39.36,0.5
FHB,88.17,90.52,106.21,106.16,111.15,116.89,22,78,24,83,23.92,0.45,24.65,24.89,1.18
VMD,88.01,88.01,85.49,90.84,98.07,110.09,22,12,16,79,7.1,0.33,6.66,7.56,3.08
OCFC,87.93,88.94,105.44,104.09,106.34,121.7,22,76,21,85,16.41,0.33,17.32,17.41,0.65
SARO,87.93,92.04,101.87,102.24,105.66,91.22,22,74,20,12,27.57,0.5,29.72,27.82,0.68
FBLA,87.92,90.73,95.71,97.42,107.28,92.57,22,17,21,40,11.25,0.46,11.42,11.53,0.29
GABC,87.91,89.79,102.71,104.08,110.56,121.28,22,76,24,85,38.19,0.38,38.76,39.23,0.34
CRUS,87.9,90.11,94.77,95.97,97.2,98.65,22,16,15,72,103.82,0.39,103.62,102.55,0.95
AMGN,87.86,93.71,94.29,93.01,117.66,92.05,22,14,83,12,288.23,0.45,292.9,287.58,0.74
HST,87.84,90.67,96.55,94.61,88.96,94.2,22,15,11,68,15.35,0.49,15.8,15.84,0.71
LSTA,87.82,100.38,98.68,103.38,92.24,114.28,22,75,12,82,2.6,0.35,2.63,2.64,0.72
EPRT,87.81,90.6,94.85,108.59,118.93,112.66,22,79,83,81,30.22,0.46,31.48,31.44,0.61
BREA,87.8,87.8,101.22,102.09,119.17,105.97,22,74,84,76,6.8,0.18,6.89,7.15,1.39
SABS,87.79,99.93,126.11,124.59,65.54,114.35,22,88,4,82,2.2,0.31,2.12,2.4,0.07
SON,87.78,88.46,91.14,92.23,97.4,84.09,22,13,15,8,45.43,0.4,45.04,46.1,0.59
CAAS,87.77,92.56,106.19,109.98,152.62,129.04,22,80,93,88,4.05,0.34,4.17,4.21,0.78
ZENV,87.76,87.76,86.92,103.34,139.21,166.13,22,75,91,94,1.66,0.31,1.48,1.68,1.11
HFWA,87.75,89.74,112.18,109.19,121.62,123.23,22,80,85,86,22.49,0.39,23.53,23.59,0.89
BUR,87.74,87.74,104.18,102.28,108.8,92.63,22,74,22,66,13.42,0.54,13.1,13.49,0.63
MARA,87.73,93.49,116.11,107.64,82.4,141.33,22,79,8,91,15.38,0.29,16.48,16.99,0.56
MODG,87.73,99.26,101.91,101.75,68.98,67.2,22,74,5,3,8.6,0.46,8.41,7.79,1.17
AMT,87.69,92.88,100.57,112.1,127.1,90.5,22,82,87,11,206.51,0.56,217.81,204.43,0.81
RSVR,87.69,91.3,94.76,95.06,103.63,115.37,22,15,19,82,7.55,0.24,7.64,7.96,1.55
MGIH,87.68,96.35,97.04,115.07,121.81,177.02,22,84,85,95,1.55,0.11,1.59,1.6,0.42
BEKE,87.66,91.45,97.55,113.88,152.28,126.13,22,83,93,87,17.56,0.37,18.53,19.27,0.71
H,87.65,91.23,102.55,97.14,102.4,105.33,22,17,18,76,135.86,0.51,140.1,140.92,1.29
TKR,87.65,91.17,99.88,97.86,95.72,93.31,22,17,14,67,74.39,0.6,74.73,73.91,0.51
ACGLO,87.64,90.49,90.44,93.51,107.22,90.47,22,14,21,11,20.81,0.35,20.48,20.85,0.66
XPO,87.64,95.14,111.02,110.89,105.27,132.0,22,81,20,89,120.22,0.43,125.4,126.5,0.72
PERF,87.6,90.36,117.62,112.89,109.88,132.51,22,83,23,89,1.94,0.2,2.13,2.07,0.79
ERII,87.57,87.57,80.23,82.13,109.81,104.43,22,8,23,75,14.19,0.33,13.02,14.87,1.07
CASH,87.54,90.96,111.61,121.12,124.84,129.99,22,87,86,88,73.81,0.54,78.29,77.16,0.79
INTT,87.53,88.79,96.63,93.4,97.15,93.37,22,14,15,67,7.05,0.36,7.08,7.4,0.59
CP,87.52,90.13,96.49,103.1,101.14,90.66,22,75,17,11,75.02,0.41,79.13,76.29,0.81
NDSN,87.52,90.56,97.66,95.14,89.26,92.44,22,15,11,13,211.04,0.47,215.9,215.46,0.65
MVIS,87.51,89.1,110.04,113.92,149.57,122.93,22,83,93,86,1.1,0.29,1.2,1.2,0.79
CNQ,87.49,95.14,93.93,106.23,97.51,88.22,22,78,15,10,30.31,0.48,31.62,30.54,1.21
BMRA,87.49,93.97,111.12,104.76,212.73,145.78,22,77,97,92,3.11,0.16,3.3,3.71,0.12
ALGS,87.47,99.68,114.35,82.3,197.09,355.91,22,8,96,98,7.69,0.09,7.77,15.24,0.84
MLKN,87.47,90.06,92.13,89.61,83.52,82.96,22,12,8,8,19.92,0.34,18.91,20.2,0.84
TBLA,87.4,94.23,107.72,111.42,98.14,101.33,22,82,16,73,3.28,0.43,3.53,3.43,1.23
USCB,87.4,92.35,102.77,107.53,135.08,144.66,22,79,90,92,16.19,0.36,16.72,17.63,0.35
LUCK,87.39,87.39,97.9,87.17,99.56,95.21,22,10,17,69,9.47,0.32,9.61,10.11,0.44
NMTC,87.37,96.1,120.59,98.42,133.79,112.05,22,18,89,80,0.75,0.4,0.72,0.82,0.82
DBX,87.36,87.98,94.24,112.33,113.88,112.99,22,82,26,81,26.91,0.45,27.91,28.34,2.04
AAL,87.36,89.85,101.88,93.28,113.69,137.59,22,14,26,90,11.62,0.27,11.55,13.27,0.69
OPT,87.33,90.17,96.77,111.15,156.37,160.29,21,81,94,94,3.41,0.33,3.41,3.75,
ZYME,87.32,91.0,111.38,105.83,113.74,157.6,21,77,26,93,12.02,0.32,12.87,13.21,1.88
XOM,87.31,91.69,95.67,99.26,110.72,98.16,21,18,24,71,106.8,0.34,109.46,109.51,0.82
NXPL,87.29,89.42,106.02,73.06,94.4,117.64,21,6,13,83,0.75,0.22,0.73,0.87,0.36
INSE,87.29,95.0,103.1,93.26,110.15,107.54,21,14,24,78,8.46,0.37,8.47,8.92,1.21
INVA,87.24,89.53,101.17,115.48,116.03,106.75,21,84,81,77,18.34,0.26,19.83,18.76,0.65
POST,87.22,87.27,87.27,102.52,118.74,100.73,21,74,83,73,107.96,0.3,108.48,111.41,1.74
KNF,87.22,87.29,83.13,112.98,116.48,128.14,21,83,82,88,88.04,0.48,83.74,93.88,0.69
HRB,87.19,87.19,90.93,108.78,126.74,103.15,21,79,87,75,55.35,0.37,55.68,55.68,0.9
NUVB,87.19,88.9,94.46,100.22,92.44,130.16,21,72,12,89,2.3,0.4,2.21,2.31,0.73
WLKP,87.17,89.65,92.53,103.94,117.22,102.19,21,76,82,74,21.95,0.37,22.14,22.52,1.58
WOOF,87.17,87.17,107.51,125.02,117.33,156.53,21,88,83,93,3.17,0.25,3.06,3.44,0.6
IDYA,87.12,90.35,93.42,94.45,68.59,71.3,21,15,5,4,23.1,0.34,22.4,22.49,0.76
HE,87.1,92.5,101.93,101.83,116.78,88.26,21,74,82,10,10.79,0.33,10.69,10.32,1.75
LKFN,87.1,91.33,102.74,97.61,96.44,109.42,21,17,14,79,60.77,0.43,62.02,63.35,0.46
POCI,87.1,95.91,96.03,95.4,91.27,94.34,21,15,12,68,4.73,0.4,4.73,4.65,0.09
SMA,87.0,91.24,94.88,99.45,114.01,92.57,21,45,53,40,33.98,0.51,36.03,35.18,0.37
WAFD,86.99,88.62,98.57,96.43,100.18,110.98,21,16,17,80,29.76,0.43,29.42,30.3,0.72
HIW,86.97,89.44,105.03,108.24,108.72,118.08,21,79,22,84,28.69,0.39,30.6,29.55,1.11
VET,86.96,95.29,95.84,88.64,84.58,88.81,21,11,9,10,7.51,0.42,7.67,8.15,1.12
CREX,86.93,92.24,126.19,143.88,68.07,117.59,21,92,4,83,2.39,0.32,3.15,2.72,0.34
ZKH,86.9,88.47,88.47,90.08,88.43,79.61,21,12,10,6,3.0,0.26,3.07,3.34,37.84
IEP,86.9,87.42,89.83,84.86,87.69,73.73,21,9,10,5,9.27,0.28,8.77,9.05,0.85
FLR,86.9,93.28,120.31,115.39,94.85,115.73,21,84,13,82,41.89,0.39,49.52,45.81,1.15
IPHA,86.81,99.06,99.25,119.75,117.32,112.78,21,86,82,81,2.1,0.42,1.96,1.94,0.49
JHX,86.8,87.8,92.17,90.72,91.75,93.54,21,12,12,67,28.21,0.37,26.49,29.21,0.62
ACEL,86.8,104.31,106.73,105.57,111.37,98.02,21,77,25,71,11.02,0.42,11.89,11.29,1.73
SRCE,86.79,88.51,105.24,104.58,113.83,110.75,21,76,26,79,58.84,0.44,61.29,60.55,0.49
RNR,86.78,91.75,91.75,104.72,107.4,106.62,21,77,21,77,240.37,0.31,242.2,247.45,0.58
SFBS,86.78,90.14,103.51,99.98,115.45,133.77,21,71,81,90,77.4,0.31,78.04,82.39,0.55
AUB,86.78,87.3,101.3,97.12,95.79,111.79,21,17,14,80,32.04,0.46,31.49,33.42,0.97
USEA,86.78,89.68,93.2,82.65,89.16,82.54,21,8,11,7,1.57,0.33,1.49,1.63,0.13
GLDG,86.77,88.53,87.23,97.67,109.76,99.64,21,17,23,72,0.8,0.25,0.77,0.81,0.49
CNX,86.75,89.74,105.53,111.44,115.42,148.7,21,82,81,92,29.03,0.27,32.23,32.63,0.54
CZFS,86.74,89.78,108.77,115.31,125.87,133.03,21,84,87,89,53.45,0.38,58.65,60.13,1.7
BEDU,86.72,94.69,94.69,108.36,109.75,107.76,21,79,23,78,1.7,0.43,1.77,1.74,0.0
NBY,86.7,90.04,92.79,87.73,82.22,70.03,21,11,8,4,0.59,0.49,0.61,0.62,0.5
ROOT,86.69,148.63,162.46,213.3,450.3,495.03,21,97,98,99,88.26,0.37,127.96,112.4,2.84
REBN,86.65,96.95,102.7,109.02,370.07,223.71,21,80,98,97,2.62,0.25,2.66,2.71,0.32
FUFU,86.65,86.65,81.81,91.6,117.18,111.15,21,13,82,80,3.96,0.32,3.53,4.45,0.95
NHC,86.65,86.65,90.93,98.8,98.05,118.2,21,18,16,84,100.38,0.25,101.69,103.29,0.77
HLNE,86.64,89.95,97.83,116.73,114.4,146.85,21,85,80,92,154.54,0.39,148.85,157.65,0.4
BPRN,86.62,86.65,93.19,98.15,100.56,102.09,21,17,17,74,31.91,0.45,30.78,31.89,0.45
FOXX,86.61,102.22,128.16,100.97,114.88,59.57,21,73,80,3,6.24,0.32,5.75,5.5,2.17
QCRH,86.61,89.46,97.01,94.88,107.31,132.02,21,15,21,89,70.54,0.23,69.92,75.2,0.82
PENN,86.6,90.83,99.6,95.81,108.44,105.0,21,16,22,76,16.96,0.36,17.39,18.25,1.1
DJCO,86.59,89.8,85.48,98.69,94.72,136.95,21,18,13,90,411.21,0.2,408.33,448.0,1.1
COP,86.57,89.14,88.68,90.35,101.89,90.13,21,12,18,11,93.91,0.4,92.4,96.28,1.13
CVU,86.53,93.67,95.86,107.48,153.04,179.09,21,79,93,95,3.23,0.28,3.25,3.64,1.21
AWX,86.49,89.23,89.25,94.6,130.69,148.23,21,15,88,92,2.51,0.18,2.5,2.91,0.26
PDM,86.45,90.8,93.09,93.54,96.08,126.08,21,14,14,87,7.55,0.36,7.47,7.89,0.96
SHAK,86.44,104.6,133.82,133.11,103.04,135.45,21,90,18,90,105.6,0.45,131.1,116.45,1.45
BMA,86.43,92.54,90.77,130.72,167.19,238.99,21,90,95,97,71.42,0.37,71.57,84.14,0.62
UDMY,86.42,94.62,89.8,85.11,108.99,89.21,21,9,23,11,7.0,0.28,7.14,7.72,0.97
ACI,86.42,89.61,101.21,113.06,126.8,98.12,21,83,87,71,19.71,0.44,20.92,20.33,0.81
LND,86.41,88.85,85.53,94.13,106.75,81.0,21,14,21,7,3.8,0.26,3.82,3.84,0.72
KIM,86.41,90.37,95.09,99.2,106.01,112.21,21,18,20,80,20.81,0.36,21.24,21.72,0.78
VNO,86.41,94.41,102.87,114.84,126.76,147.73,21,84,87,92,36.91,0.48,38.86,39.63,0.58
CIVB,86.4,88.14,124.92,128.96,129.34,132.36,20,89,88,89,19.34,0.44,21.72,20.92,0.98
CWT,86.35,87.6,87.28,101.49,118.56,90.58,20,73,83,11,46.78,0.42,46.0,46.95,0.69
DPZ,86.31,95.37,96.66,105.13,119.82,96.32,20,77,84,70,440.04,0.43,460.85,453.85,0.69
SIBN,86.31,112.28,118.76,127.15,120.94,107.73,20,89,84,78,15.68,0.46,17.74,15.78,0.79
AVNW,86.3,93.15,112.09,110.78,101.35,94.36,20,81,18,68,21.81,0.55,22.94,19.89,1.16
REFI,86.3,86.73,91.8,103.48,109.87,98.76,20,75,23,72,13.72,0.35,13.71,14.15,0.79
PRTS,86.24,86.24,82.44,91.52,108.79,113.9,20,13,22,81,0.88,0.28,0.82,0.94,1.92
ATXS,86.2,96.47,97.05,82.59,66.42,116.5,20,8,4,83,6.28,0.28,6.04,7.11,0.55
TBN,86.17,88.3,86.1,108.33,121.74,104.31,20,79,85,75,20.51,0.33,20.65,21.02,0.63
BRKL,86.13,87.74,104.86,102.91,112.8,120.1,20,75,26,84,10.15,0.38,10.47,10.92,1.23
CARR,86.11,88.58,107.99,109.79,109.09,111.01,20,80,23,80,66.03,0.41,72.62,69.36,0.72
GFAI,86.1,86.14,95.18,93.09,103.3,145.25,20,14,19,92,1.17,0.15,1.19,1.25,0.69
CVR,86.07,87.63,89.76,86.22,95.73,109.99,20,10,14,79,13.14,0.38,12.64,14.15,0.0
LIEN,86.07,86.89,89.32,91.14,114.95,121.57,20,13,80,85,10.27,0.32,10.15,10.8,0.51
FNWD,86.05,86.05,87.81,112.16,123.68,114.23,20,82,86,82,28.22,0.36,28.1,28.87,0.94
VINP,86.02,87.83,91.3,98.9,105.55,93.66,20,18,20,67,9.55,0.41,9.62,9.73,0.61
DD,86.02,90.26,97.77,93.38,98.56,97.0,20,14,16,70,70.47,0.47,71.19,74.09,1.04
UGP,86.0,91.51,92.2,96.52,99.54,66.43,20,16,16,3,3.04,0.3,3.07,2.99,0.93
YQ,85.99,88.76,118.77,116.43,116.67,81.93,20,85,82,7,1.92,0.28,2.11,1.92,0.19
MTN,85.98,88.35,97.52,96.33,90.63,93.61,20,16,11,67,148.72,0.33,156.49,159.64,0.44
KOP,85.9,102.47,103.59,98.55,80.5,81.52,20,18,7,7,28.84,0.34,32.57,31.31,3.13
CMPS,85.87,86.39,97.25,107.67,79.63,68.01,20,79,7,4,4.39,0.36,4.02,4.08,0.26
ESTA,85.87,110.72,110.58,106.25,96.61,110.03,20,78,15,79,34.8,0.35,40.56,38.97,2.06
CVLG,85.87,91.28,100.8,97.21,94.3,108.17,20,17,13,78,23.11,0.44,23.97,24.76,0.46
CACC,85.85,86.92,98.27,101.4,110.32,96.7,20,73,24,70,463.17,0.36,501.04,487.8,0.71
CPRI,85.83,93.66,88.28,78.74,74.76,78.66,20,7,6,6,19.7,0.24,18.32,20.14,1.06
WABC,85.82,88.06,99.51,100.68,105.62,106.0,20,72,20,76,47.58,0.33,48.4,49.8,0.98
BTE,85.79,93.07,89.95,80.87,82.2,76.15,20,8,8,5,2.05,0.27,1.94,2.2,0.43
BUSE,85.77,88.25,101.08,99.89,95.59,103.26,20,71,14,75,22.3,0.45,22.94,22.91,0.76
PSO,85.69,91.63,91.63,113.6,126.12,115.32,20,83,87,82,14.46,0.35,14.67,15.5,0.69
HRL,85.67,86.73,92.63,98.43,109.27,93.4,20,18,23,67,28.48,0.15,29.77,29.71,0.58
MOFG,85.63,85.98,107.23,106.65,121.84,125.24,20,78,85,87,27.39,0.31,28.76,29.36,0.51
WTM,85.61,90.01,92.43,98.97,108.38,104.81,20,18,22,76,1751.62,0.24,1783.89,1843.82,1.02
AGO,85.6,89.52,91.86,105.01,107.64,108.64,20,77,21,78,81.89,0.41,84.63,86.83,1.6
NEN,85.59,87.74,88.34,107.05,124.42,105.92,20,78,86,76,72.01,0.41,73.55,76.46,3.27
CCCS,85.58,90.94,87.62,86.96,90.13,98.05,20,10,11,71,9.52,0.28,9.44,10.2,0.87
HLN,85.53,90.45,95.67,117.6,123.57,98.41,20,85,85,71,9.54,0.25,10.22,9.94,0.62
NE,85.52,88.97,103.51,102.94,73.89,78.73,20,75,5,6,26.78,0.44,27.71,27.26,0.7
OCSL,85.51,87.17,90.95,91.02,101.01,86.69,20,13,17,9,13.4,0.3,13.95,14.33,1.0
CVGI,85.5,110.79,110.7,99.55,58.71,52.25,20,71,3,2,1.76,0.32,1.66,1.86,0.47
DRH,85.49,88.35,94.82,93.29,94.74,99.14,20,14,13,72,7.58,0.42,7.77,8.08,1.29
BIP,85.47,91.74,99.92,108.54,104.05,106.33,20,79,19,77,30.1,0.41,32.62,31.56,1.78
BLDR,85.45,87.56,86.5,82.21,86.84,99.3,20,8,10,72,132.2,0.28,122.38,140.59,0.59
LOCO,85.44,88.82,91.97,93.6,104.96,106.76,20,14,20,77,10.19,0.26,10.73,11.06,0.4
INGR,85.44,89.02,97.47,109.66,116.57,111.52,20,80,82,80,126.24,0.13,134.56,134.35,0.74
ANDE,85.38,88.74,81.32,79.13,95.7,84.81,20,7,14,8,37.94,0.35,36.39,40.32,1.3
MFA,85.32,86.93,92.34,95.75,105.78,96.28,20,16,20,69,9.31,0.4,9.29,9.58,0.72
DLB,85.28,86.59,89.9,97.44,106.69,101.15,20,17,21,73,72.56,0.33,74.69,76.92,0.81
PRI,85.28,90.1,94.7,103.78,113.79,111.72,20,76,26,80,257.87,0.29,265.87,275.12,0.82
SFWL,85.26,91.66,83.58,87.62,86.44,65.82,20,11,9,3,1.07,0.3,0.99,1.05,0.05
CEPO,85.23,90.08,115.59,107.96,114.01,92.57,20,79,53,40,10.58,0.1,11.97,11.08,0.6
SONO,85.2,88.66,91.27,86.09,90.53,96.95,20,10,11,70,11.33,0.49,10.64,11.95,1.14
TIC,85.2,96.47,100.21,99.45,114.01,92.57,20,45,53,40,9.37,0.08,11.02,10.96,1.46
UTMD,85.19,88.72,86.74,88.13,96.08,83.69,20,11,14,8,56.31,0.3,56.23,58.37,0.36
ROP,85.18,89.54,91.71,104.9,112.61,96.51,20,77,25,70,534.38,0.36,558.79,556.72,0.63
CDLR,85.18,86.67,88.68,93.99,101.86,95.56,20,14,18,69,20.92,0.32,20.92,21.37,0.59
BCRX,85.18,96.89,115.81,141.02,162.89,122.45,20,92,94,86,8.3,0.4,9.37,8.42,0.51
FSBW,85.18,86.99,100.82,104.23,111.78,118.31,20,76,25,84,38.44,0.27,39.35,39.9,0.3
JWEL,85.14,110.81,117.2,131.09,181.16,188.85,19,90,95,95,1.89,0.31,2.12,2.35,1.06
QLYS,85.14,92.61,100.51,101.98,95.49,94.39,19,74,14,68,128.46,0.3,139.13,136.76,0.94
NYXH,85.14,87.85,96.39,95.77,124.7,131.3,19,16,86,89,7.42,0.3,7.68,8.4,4.13
SBSI,85.12,87.34,99.51,97.06,105.07,108.45,19,17,20,78,28.76,0.27,29.47,30.29,0.62
VECO,85.09,85.09,80.96,76.04,71.34,77.25,19,7,5,6,23.61,0.3,20.87,23.3,1.89
CPHC,85.07,89.85,89.85,94.89,98.31,101.16,19,15,16,73,18.0,0.2,18.24,19.06,0.0
WHR,85.06,88.87,104.94,104.42,96.94,119.39,19,76,15,84,83.71,0.18,92.87,96.57,0.62
OXY,85.03,86.64,88.02,88.65,94.1,83.69,19,11,13,8,44.32,0.38,43.75,45.82,1.1
LIVE,85.03,127.03,146.68,212.78,167.52,58.56,19,97,95,3,14.34,0.44,15.16,11.74,0.1
LFT,85.02,85.02,87.46,112.62,124.95,109.65,19,82,86,79,2.31,0.39,2.28,2.4,0.64
SMBC,85.02,87.43,103.41,102.87,111.76,126.64,19,75,25,87,52.06,0.26,54.47,56.29,0.39
BCPC,84.99,86.11,88.76,101.48,108.04,104.29,19,73,22,75,159.34,0.31,159.33,164.71,1.01
CLCO,84.97,87.98,88.35,95.11,68.57,84.45,19,15,5,8,7.3,0.39,6.93,7.25,0.45
MXC,84.96,88.77,88.77,128.0,93.52,101.46,19,89,13,74,8.3,0.25,8.6,9.64,0.13
DVN,84.96,85.07,88.83,89.81,101.84,79.45,19,12,18,6,33.28,0.38,32.91,33.93,1.11
RELY,84.95,89.54,98.99,131.51,146.86,142.13,19,90,92,91,19.0,0.44,18.67,20.72,1.85
PT,84.95,86.62,96.63,97.01,114.02,92.41,19,17,79,13,0.92,0.17,0.94,0.97,0.21
NUVL,84.94,90.72,102.3,97.14,98.17,116.11,19,17,16,82,74.11,0.28,78.86,80.03,1.65
USGO,84.91,88.28,89.44,137.94,174.01,196.55,19,91,95,96,8.01,0.37,8.8,9.58,0.3
ADMA,84.9,104.23,102.8,168.48,209.05,266.84,19,95,97,97,16.52,0.39,18.7,18.77,1.34
CCNE,84.88,86.83,100.88,100.87,109.91,117.75,19,72,23,83,22.36,0.26,22.89,23.84,1.51
SINT,84.86,84.86,109.13,102.4,111.06,73.57,19,74,24,5,2.89,0.25,2.95,3.11,0.57
AOMR,84.85,91.14,100.36,100.79,102.14,96.81,19,72,18,70,9.13,0.51,9.31,9.1,1.12
PLAB,84.85,84.9,89.3,84.9,86.09,99.46,19,9,9,72,20.21,0.31,19.18,21.41,0.65
RXRX,84.83,89.18,91.62,85.14,122.03,95.84,19,9,85,69,5.36,0.2,5.37,6.21,0.4
ONL,84.78,87.13,97.38,82.01,106.66,99.16,19,8,21,72,2.58,0.41,2.31,2.91,0.92
FCPT,84.77,86.68,91.83,105.69,121.46,105.45,19,77,85,76,25.69,0.12,26.66,27.11,0.65
RVLV,84.74,86.23,91.72,90.94,121.67,173.8,19,13,85,95,19.64,0.12,20.99,25.71,1.12
GBLI,84.65,91.83,92.3,94.71,115.29,108.81,19,15,81,78,28.62,0.19,31.05,32.64,10.79
FFBC,84.62,86.9,99.67,98.87,107.2,116.75,19,18,21,83,23.69,0.24,24.35,25.48,0.48
ACGL,84.6,86.1,86.1,101.72,106.25,96.07,19,74,21,69,88.83,0.16,90.04,92.69,0.59
AHL,84.58,91.37,91.37,99.45,114.01,92.57,19,45,53,40,28.83,0.0,31.57,32.23,2.27
UONEK,84.55,87.03,90.89,73.68,61.17,62.45,19,6,3,3,0.66,0.23,0.66,0.77,0.15
NFBK,84.52,85.54,104.86,110.29,111.26,119.29,19,81,25,84,10.64,0.31,11.37,11.36,0.8
MMYT,84.51,84.51,90.25,108.83,128.05,149.88,19,80,88,92,94.54,0.27,96.76,102.98,0.33
CSL,84.49,84.49,98.46,102.9,102.9,112.38,19,75,18,80,366.57,0.31,385.78,384.12,1.11
COKE,84.46,86.77,85.96,104.86,137.27,122.14,19,77,90,85,114.11,0.23,111.84,122.27,0.47
TKC,84.46,85.36,84.17,95.68,124.83,114.12,19,15,86,81,5.91,0.19,5.87,6.27,1.0
BFST,84.39,84.87,104.83,101.39,108.16,119.77,19,73,22,84,23.13,0.26,24.52,25.21,0.59
EVO,84.39,85.72,106.11,108.95,100.61,102.49,19,80,17,74,3.93,0.39,4.07,4.13,0.57
IMMP,84.38,85.51,87.2,92.47,118.71,91.59,19,13,83,12,1.79,0.31,1.72,1.86,0.73
CLWT,84.33,85.18,85.18,99.82,96.14,86.51,19,71,14,9,1.23,0.31,1.18,1.29,0.58
LSE,84.27,87.07,95.33,102.6,110.68,92.57,19,74,24,40,5.4,0.13,5.58,5.8,0.02
BIRD,84.27,127.25,162.63,153.11,73.38,53.73,19,93,5,2,6.94,0.21,10.21,7.74,2.74
FITBO,84.26,87.96,89.28,101.99,108.89,97.96,19,74,23,71,20.16,0.24,19.94,21.12,0.33
KOSS,84.23,87.87,91.0,99.32,136.61,178.11,19,18,90,95,5.48,0.24,5.39,5.96,0.14
PG,84.22,85.34,87.19,98.8,113.12,96.71,19,18,26,70,153.51,0.12,157.95,163.21,0.69
BC,84.22,90.64,96.4,89.36,76.3,93.66,19,12,6,67,56.85,0.36,57.62,61.49,0.51
TTC,84.22,86.92,88.83,90.62,91.03,89.54,19,12,12,11,73.77,0.38,72.88,76.35,0.63
KLIC,84.19,84.37,87.58,85.81,84.88,97.7,19,10,9,71,35.42,0.36,34.51,38.8,1.15
COHU,84.19,84.94,91.85,91.85,70.56,85.09,19,13,5,8,19.39,0.4,19.12,20.83,1.01
PCTY,84.18,93.01,97.34,105.77,117.91,116.33,19,77,83,83,176.94,0.4,183.86,193.42,1.17
PLUS,84.16,84.16,91.18,94.61,84.37,109.43,19,15,9,79,69.26,0.31,69.61,72.18,3.12
CCCC,84.15,89.66,97.7,65.78,52.48,123.71,19,4,2,86,2.5,0.24,1.83,2.83,2.1
ESAB,84.15,104.86,106.77,111.91,117.28,124.2,19,82,82,86,111.13,0.44,124.98,122.85,1.19
BZFD,84.1,84.68,103.25,92.29,133.37,250.77,19,13,89,97,2.03,0.11,2.16,2.46,2.71
CPRX,84.09,93.36,99.33,124.57,139.61,128.41,18,88,91,88,19.86,0.36,22.36,22.49,1.58
NPCE,84.07,86.53,97.87,191.97,146.62,155.25,18,96,92,93,8.98,0.25,10.45,11.27,0.46
FGEN,84.07,84.07,72.98,66.78,137.77,108.45,18,4,90,78,8.71,0.25,6.86,9.17,1.39
IAS,84.04,84.04,89.41,85.15,95.79,92.25,18,9,14,13,8.98,0.41,8.2,9.29,2.74
JD,84.04,85.69,90.68,106.21,146.78,133.29,18,78,92,89,31.49,0.33,32.53,35.86,0.46
LAB,84.01,86.08,83.69,86.76,68.5,95.51,18,10,4,69,1.31,0.29,1.23,1.42,0.68
LXU,84.01,95.97,120.4,106.31,90.87,99.27,18,78,12,72,7.16,0.48,8.08,7.74,0.66
UTSI,83.98,83.98,98.25,101.47,101.77,95.85,18,73,18,69,2.49,0.39,2.49,2.58,0.09
MIRA,83.96,102.99,192.65,125.49,127.06,147.88,18,88,87,92,1.38,0.41,1.42,1.25,0.11
RWT,83.92,84.34,95.02,92.99,101.63,97.76,18,14,18,71,5.74,0.39,5.75,5.98,1.67
TAP,83.92,83.92,83.25,100.46,121.84,98.2,18,72,85,71,50.69,0.23,50.04,55.45,0.97
DSGX,83.91,90.97,89.79,106.95,109.76,113.28,18,78,23,81,101.23,0.26,104.05,108.89,0.54
KORE,83.91,87.88,127.97,112.19,142.86,121.03,18,82,92,85,2.4,0.54,2.46,2.27,0.15
IVVD,83.88,104.2,111.49,105.61,147.6,139.69,18,77,92,91,0.8,0.25,0.78,0.78,0.64
ARWR,83.87,85.39,111.94,101.05,84.9,91.9,18,73,9,12,16.42,0.39,16.49,17.5,1.54
FR,83.87,86.91,93.34,96.76,110.43,96.64,18,16,24,70,48.05,0.38,49.03,50.63,0.46
BFS,83.85,84.65,90.43,91.7,102.32,97.44,18,13,18,70,32.7,0.18,33.53,34.98,0.93
PODC,83.83,88.02,127.05,145.51,124.1,151.1,18,93,86,93,1.59,0.27,2.01,1.95,0.31
FSK,83.75,97.89,107.79,105.23,118.07,112.73,18,77,83,81,17.89,0.21,20.94,20.27,4.26
NBBK,83.74,86.52,104.14,101.25,116.27,107.79,18,73,82,78,17.12,0.28,17.48,18.16,0.37
DEO,83.72,83.72,79.9,97.45,97.98,85.66,18,17,15,9,109.47,0.29,104.17,112.44,0.87
WD,83.72,83.72,79.3,76.2,89.8,104.67,18,7,11,76,80.79,0.31,72.41,85.56,1.13
PYPL,83.71,87.81,99.26,100.83,100.83,121.9,18,72,17,85,67.65,0.3,72.82,76.17,0.88
ANRO,83.66,84.5,75.26,66.56,52.79,68.22,18,4,2,4,3.07,0.1,2.64,3.34,0.29
AMBI,83.62,91.14,97.23,109.77,117.16,106.42,18,80,82,77,4.8,0.27,4.7,4.96,1.84
INLX,83.61,91.78,114.07,141.69,160.72,194.2,18,92,94,96,11.45,0.45,12.37,13.04,1.03
TWIN,83.57,88.73,92.02,91.65,75.39,81.89,18,13,6,7,8.9,0.39,8.57,9.39,0.21
PAGS,83.56,83.56,102.45,113.04,117.85,67.21,18,83,83,4,8.51,0.31,8.64,7.9,1.01
BMR,83.5,89.46,105.03,123.52,97.11,163.62,18,88,15,94,2.86,0.24,3.2,3.09,0.12
CMDB,83.49,85.09,89.69,99.45,114.01,92.57,18,45,53,40,9.22,0.12,9.36,9.73,1.33
WASH,83.48,83.5,97.91,97.38,112.12,131.01,18,17,25,89,27.56,0.16,27.75,29.95,0.87
LCUT,83.45,83.45,86.2,87.75,78.65,84.72,18,11,7,8,3.98,0.24,4.24,4.81,0.52
STGW,83.44,84.47,84.58,79.07,92.65,113.03,18,7,12,81,5.39,0.31,4.81,5.95,0.72
RHP,83.43,88.72,99.69,97.62,95.17,100.7,18,17,14,73,92.41,0.39,98.26,98.86,0.65
ACIU,83.41,94.9,96.0,76.07,81.5,95.76,18,7,8,69,2.14,0.29,2.06,2.36,0.69
CNR,83.4,83.4,83.52,80.46,83.07,125.34,18,8,8,87,76.18,0.18,72.49,87.06,0.84
CGEN,83.4,83.4,100.72,101.71,116.42,124.82,18,74,82,87,1.5,0.23,1.61,1.66,0.76
HLXB,83.39,89.62,90.83,102.46,115.22,95.83,18,74,81,69,10.06,0.42,10.63,10.68,0.61
GRND,83.39,101.7,133.43,179.49,179.49,153.17,18,95,95,93,15.69,0.36,21.2,18.63,3.51
PPG,83.39,84.1,96.07,93.63,91.98,86.38,18,14,12,9,106.95,0.39,112.42,114.09,0.62
CTNM,83.38,86.78,77.04,45.63,59.9,94.83,18,2,3,68,6.47,0.18,4.67,8.65,0.75
COYA,83.35,91.45,94.13,92.69,112.28,107.86,18,14,25,78,6.08,0.24,5.9,6.22,0.24
ORN,83.34,96.54,127.37,136.91,117.35,116.56,18,91,83,83,6.9,0.41,8.53,7.5,1.31
ARR,83.27,92.84,96.7,95.7,106.01,96.6,18,15,20,70,15.62,0.47,16.35,16.52,2.23
BOW,83.21,87.35,95.32,122.17,138.1,106.43,18,87,90,77,31.0,0.27,34.77,35.2,3.49
NRC,83.2,83.2,93.63,96.78,70.8,68.32,18,16,5,4,15.1,0.41,15.16,15.55,1.18
CCIR,83.17,86.32,91.87,105.99,118.5,92.57,18,77,83,40,10.43,0.16,10.92,11.06,3.21
VRRM,83.16,90.59,92.1,99.84,100.42,94.67,18,71,17,68,23.49,0.46,24.69,23.96,1.3
PECO,83.04,87.23,90.74,100.48,112.26,102.22,18,72,25,74,33.04,0.0,34.82,35.78,1.29
BRT,83.04,84.49,87.4,89.97,109.11,103.56,18,12,23,75,14.9,0.08,15.56,16.5,1.0
FA,83.03,94.3,100.32,111.35,103.53,100.9,18,81,19,73,16.63,0.52,17.4,17.16,1.84
PRVA,83.03,83.05,96.67,122.87,134.76,107.52,18,87,90,78,20.58,0.42,21.33,22.11,1.76
SNOA,82.99,86.04,133.49,125.09,131.03,77.41,18,88,89,6,3.06,0.27,3.24,2.91,0.3
CHRD,82.96,89.22,90.12,86.39,87.61,78.73,18,10,10,6,101.06,0.31,103.02,107.45,0.98
CENT,82.91,99.95,101.74,92.98,104.57,97.09,18,14,19,70,34.09,0.15,37.12,36.85,1.08
EPAC,82.87,85.42,83.77,102.68,117.44,125.24,18,75,83,87,40.28,0.23,40.23,43.37,0.97
SFNC,82.86,84.98,95.36,94.33,106.48,122.42,18,15,21,86,18.95,0.23,19.19,20.69,0.59
LPX,82.81,89.67,92.96,94.27,114.41,130.07,17,14,80,88,90.81,0.26,89.89,98.55,0.79
ALRM,82.79,87.32,90.66,93.98,93.27,99.68,17,14,13,72,54.41,0.26,56.44,58.32,2.19
NWFL,82.78,84.62,96.69,102.28,103.8,109.36,17,74,19,79,24.18,0.3,25.01,25.69,0.54
UMH,82.77,86.36,90.39,98.7,114.73,108.31,17,18,80,78,16.35,0.06,16.82,17.62,0.67
ZD,82.76,86.03,72.72,68.05,96.12,96.57,17,4,14,70,36.68,0.24,32.08,42.45,1.96
LHSW,82.76,86.77,85.19,99.45,114.01,92.57,17,45,53,40,2.59,0.44,2.28,2.56,0.3
PBHC,82.74,85.76,91.86,103.38,124.66,118.06,17,75,86,84,14.49,0.18,14.91,16.03,0.52
IPG,82.74,83.2,87.97,88.38,94.54,86.81,17,11,13,9,24.91,0.27,24.39,26.15,0.68
IRIX,82.73,82.73,91.81,75.61,77.84,77.65,17,6,7,6,1.3,0.41,1.09,1.32,0.47
DWTX,82.71,83.21,136.34,137.73,306.45,265.02,17,91,98,97,4.89,0.2,4.87,4.99,0.38
DEI,82.69,88.55,100.33,92.32,108.37,127.82,17,13,22,88,14.43,0.22,15.08,16.11,0.99
VALU,82.68,85.55,82.3,102.63,101.18,116.71,17,75,17,83,37.7,0.2,38.14,42.16,2.12
OC,82.68,85.7,87.31,83.54,95.57,117.6,17,9,14,83,143.88,0.22,139.52,158.26,0.89
SACH,82.6,84.53,87.0,84.63,67.39,62.89,17,9,4,3,1.13,0.2,1.15,1.19,0.77
DWSN,82.56,91.39,111.14,179.86,100.88,98.87,17,96,17,72,1.36,0.13,1.5,1.42,0.02
CMTG,82.53,82.53,82.81,65.83,66.48,76.26,17,4,4,5,3.35,0.18,3.02,3.83,0.77
NOW,82.52,89.98,109.42,116.53,111.2,127.24,17,85,25,88,872.51,0.34,983.04,976.48,1.35
SHEN,82.51,94.71,102.19,97.76,102.5,74.7,17,17,18,5,12.17,0.29,14.04,12.84,1.6
ELBM,82.47,82.47,84.21,72.48,85.22,110.04,17,5,9,79,1.24,0.14,1.13,1.44,0.68
CARS,82.46,82.46,82.03,77.48,91.45,98.19,17,7,12,71,12.43,0.24,11.86,14.24,2.24
ZUMZ,82.44,85.78,85.98,76.12,83.69,97.38,17,7,8,70,14.58,0.17,13.38,15.81,0.48
MTH,82.4,85.86,90.06,84.92,94.93,100.81,17,9,14,73,72.16,0.23,68.51,74.57,0.37
FATN,82.4,82.4,102.34,99.45,114.01,92.57,17,45,53,40,5.96,0.04,8.11,8.63,1.96
TMO,82.4,83.64,85.43,74.37,93.47,94.84,17,6,13,68,460.72,0.3,426.38,487.45,0.59
PSA,82.39,85.45,88.9,101.35,108.99,105.61,17,73,23,76,281.74,0.2,291.15,298.98,0.49
IPAR,82.39,88.66,106.11,107.91,104.65,103.21,17,79,19,75,115.82,0.38,131.31,127.04,0.84
SER,82.39,82.39,94.81,103.92,100.12,65.31,17,76,17,3,5.51,0.31,5.69,5.34,0.53
XPRO,82.38,88.51,90.34,71.29,75.8,73.77,17,5,6,5,10.28,0.23,9.24,10.91,1.03
ERO,82.38,85.33,100.05,104.54,85.13,87.38,17,76,9,10,13.95,0.32,15.05,14.2,0.73
CPAY,82.36,89.08,97.22,105.66,115.28,121.12,17,77,81,85,301.7,0.26,329.09,344.45,1.12
EQBK,82.31,83.77,106.54,102.87,109.06,127.98,17,75,23,88,37.12,0.16,39.7,41.31,0.79
SNTG,82.31,86.11,98.77,94.8,92.3,88.54,17,15,12,10,1.76,0.31,1.84,1.86,0.14
LEN,82.26,83.63,81.35,80.08,85.15,99.41,17,7,9,72,120.85,0.23,111.7,125.54,0.66
RVSB,82.25,82.54,102.43,128.34,137.98,112.68,17,89,90,81,4.92,0.28,5.4,5.46,0.17
NWBI,82.22,84.75,104.69,102.36,106.76,112.95,17,74,21,81,11.5,0.25,12.39,12.42,1.39
CL,82.2,83.2,87.89,99.62,114.34,92.58,17,71,79,66,84.69,0.07,88.52,90.0,0.81
SAFT,82.17,82.85,85.91,103.94,110.58,97.85,17,76,24,71,70.95,0.1,75.48,77.66,0.93
CBU,82.11,82.11,99.69,99.82,112.02,126.82,17,71,25,87,54.38,0.2,56.01,59.27,1.33
SHLS,82.11,105.02,123.55,133.78,86.03,81.42,17,91,9,7,4.72,0.52,5.27,4.63,1.09
UDR,82.1,85.51,90.28,102.9,112.63,106.5,17,75,25,77,38.09,0.1,40.31,41.55,0.71
MTEX,82.07,82.82,92.39,134.69,139.37,180.34,17,91,91,95,8.37,0.16,9.05,10.05,5.22
AURA,82.07,86.09,93.6,84.39,91.47,120.08,17,9,12,84,6.8,0.28,6.54,7.39,0.75
WSR,82.07,85.4,88.11,97.61,115.96,106.81,17,17,81,77,11.97,0.06,12.36,13.18,0.4
BHLB,82.06,84.53,98.53,96.95,107.54,117.87,17,16,21,83,24.35,0.2,25.3,26.81,0.75
MKC,82.0,84.9,87.18,99.6,114.17,99.16,17,71,79,72,70.32,0.06,72.76,75.52,0.64
DXST,82.0,97.92,99.37,106.26,114.01,92.57,17,78,53,40,1.18,0.07,1.25,1.29,0.26
PDCC,82.0,83.13,89.96,96.6,110.15,93.55,17,16,24,67,16.4,0.17,17.2,18.08,0.14
TRN,81.99,84.38,87.37,87.37,106.33,119.88,17,11,21,84,27.18,0.25,26.34,30.3,1.27
BCG,81.98,82.91,82.03,99.33,85.4,88.48,17,18,9,10,2.13,0.2,2.1,2.28,1.13
SNDR,81.97,87.49,97.5,93.49,97.55,120.64,17,14,15,85,23.98,0.24,24.72,26.29,0.65
UPWK,81.95,84.1,99.27,130.79,122.53,138.99,17,90,85,91,13.17,0.49,13.6,14.72,2.16
ABM,81.92,82.51,92.47,99.58,105.6,108.97,17,71,20,79,47.74,0.37,47.44,50.33,0.59
AVY,81.92,82.0,87.73,90.92,94.03,86.07,17,13,13,9,170.81,0.2,176.88,183.07,0.73
NCT,81.82,87.49,87.49,99.45,114.01,92.57,17,45,53,40,2.71,0.0,3.82,4.34,0.66
ZGN,81.82,83.7,103.87,102.23,87.66,88.14,17,74,10,10,7.85,0.41,8.62,8.09,0.51
AHT,81.79,83.03,89.66,83.75,84.24,94.3,17,9,9,68,6.3,0.15,6.29,7.19,0.3
JCTC,81.75,81.75,79.5,84.24,101.34,93.45,17,9,18,67,3.81,0.23,3.69,4.16,0.04
YORW,81.74,81.74,85.39,95.39,114.43,86.08,17,15,80,9,30.93,0.15,31.59,32.97,0.91
SGRY,81.73,81.73,87.44,89.96,100.52,91.56,16,12,17,12,23.64,0.3,22.24,23.3,0.93
ANVS,81.73,91.83,103.07,99.48,34.03,95.18,16,71,2,69,2.55,0.15,2.67,3.64,0.38
DMLP,81.73,86.52,86.52,94.3,102.13,105.01,16,14,18,76,25.89,0.05,26.9,28.76,2.59
KEX,81.69,84.96,100.13,98.77,94.77,113.1,16,18,13,81,99.62,0.28,112.46,109.55,1.06
CHH,81.68,86.45,94.18,95.67,111.73,113.16,16,15,25,81,120.75,0.09,128.46,135.69,0.76
JKHY,81.67,88.98,92.74,108.64,112.29,95.03,16,79,25,68,161.56,0.03,177.43,175.58,1.72
HOPE,81.65,84.07,100.99,98.04,93.8,112.68,16,17,13,81,9.96,0.23,10.46,10.96,1.1
BBNX,81.59,103.03,108.26,106.65,114.01,92.57,16,78,53,40,14.74,0.36,15.8,15.62,0.86
TEVA,81.59,84.36,92.69,107.67,107.67,140.04,16,79,21,91,16.37,0.36,16.72,17.24,0.82
GME,81.59,84.56,83.43,141.99,152.75,176.07,16,92,93,95,22.27,0.18,24.51,26.13,0.34
LAD,81.58,85.32,108.14,106.93,112.81,122.77,16,78,26,86,291.97,0.24,321.73,332.42,0.87
PB,81.57,84.61,100.95,99.43,108.89,115.93,16,18,23,82,66.06,0.14,69.78,72.68,0.85
SWK,81.56,84.16,90.62,84.47,99.66,88.71,16,9,17,10,69.32,0.28,68.59,76.07,0.4
SNFCA,81.54,85.13,95.19,110.85,144.32,147.41,16,81,92,92,8.8,0.27,9.15,10.51,0.18
WTBA,81.49,83.79,100.22,101.1,115.28,120.55,16,73,81,85,17.97,0.18,19.09,20.28,1.15
IAC,81.48,94.94,99.94,98.4,103.25,91.78,16,18,19,12,34.17,0.12,38.12,37.45,1.42
GTN,81.47,101.76,131.7,116.67,123.49,71.93,16,85,85,4,4.13,0.46,4.54,4.05,2.13
ONEW,81.46,92.85,82.73,74.54,79.48,88.01,16,6,7,10,15.22,0.23,14.73,16.92,0.62
ABG,81.41,86.23,102.96,101.36,115.59,120.24,16,73,81,85,222.28,0.12,238.11,245.06,0.77
CPT,81.37,86.95,92.85,103.86,113.85,107.3,16,76,26,78,105.52,0.0,113.36,114.93,0.67
BAER,81.36,93.35,108.39,108.39,67.84,98.83,16,79,4,72,1.88,0.31,1.82,2.11,2.11
ERIE,81.36,81.89,82.36,89.23,110.36,97.83,16,11,24,71,357.32,0.09,352.94,390.66,1.39
OBT,81.31,83.54,104.43,98.73,102.28,114.05,16,18,18,81,23.73,0.24,25.62,26.01,0.46
BSM,81.29,83.93,85.79,98.01,109.78,96.38,16,17,23,70,12.2,0.17,12.72,13.51,0.94
DSP,81.27,88.43,100.25,117.0,229.19,219.83,16,85,97,96,12.47,0.18,13.55,15.87,1.14
RIVN,81.27,86.28,100.8,137.05,119.16,118.74,16,91,84,84,11.79,0.29,13.42,12.76,1.0
TPH,81.26,83.88,88.76,85.9,93.25,103.84,16,10,13,75,33.0,0.23,31.95,34.57,0.89
DHR,81.23,81.32,83.67,84.64,85.9,89.1,16,9,9,11,200.56,0.26,197.99,212.61,0.71
ALKS,81.23,82.78,100.38,108.27,124.77,106.85,16,79,86,77,26.71,0.1,28.93,30.15,0.73
GDEN,81.23,87.54,104.71,98.25,96.64,96.46,16,17,15,70,25.22,0.09,28.78,29.4,2.55
MMC,81.19,81.92,86.9,105.05,121.6,96.53,16,77,85,70,203.67,0.13,213.87,220.93,0.87
ELS,81.19,85.24,86.22,96.69,113.28,94.23,16,16,26,68,60.15,0.11,61.61,64.87,0.76
MAA,81.16,85.04,91.57,109.44,122.05,105.7,16,80,85,76,140.48,0.02,148.26,153.02,0.49
EQR,81.01,82.58,90.27,100.97,110.21,105.2,16,73,24,76,63.2,0.14,67.01,68.95,0.64
SENS,80.98,87.09,99.08,140.63,299.46,243.16,16,92,98,97,0.5,0.23,0.52,0.59,0.82
APLE,80.98,82.81,88.51,82.79,96.04,97.86,16,8,14,71,11.72,0.27,11.83,13.17,0.88
LAC,80.94,80.94,104.12,98.41,96.9,103.97,16,18,15,75,2.79,0.28,2.77,3.07,0.9
FRSH,80.94,87.75,105.82,107.65,118.62,121.14,16,79,83,85,12.63,0.2,14.6,15.23,1.12
NOK,80.91,81.89,103.25,123.77,140.83,110.47,16,88,91,79,4.1,0.28,4.84,4.74,0.81
A,80.9,83.65,91.08,88.37,94.16,101.41,16,11,13,74,114.62,0.29,117.01,124.61,0.6
ARL,80.89,85.36,101.22,110.32,90.4,94.98,16,81,11,68,12.95,0.3,13.89,13.94,0.59
UNF,80.84,82.98,88.38,101.8,117.04,120.86,16,74,82,85,172.14,0.16,179.67,190.35,0.49
IMA,80.77,91.58,92.62,86.97,88.89,102.11,16,10,11,74,14.67,0.23,16.11,17.01,0.26
WFRD,80.74,87.61,87.07,84.05,66.62,73.77,16,9,4,5,55.44,0.24,52.62,60.48,0.59
GT,80.71,98.22,110.96,121.4,121.46,89.45,16,87,85,11,8.36,0.17,10.79,9.86,4.2
ICCM,80.68,99.87,111.95,120.74,191.14,155.16,16,87,96,93,0.82,0.29,1.0,1.07,0.67
IRD,80.68,87.73,104.24,91.82,103.8,79.57,16,13,19,6,1.07,0.35,1.05,1.06,0.05
CWST,80.67,86.32,96.22,115.22,120.86,105.78,16,84,84,76,99.08,0.07,111.88,110.52,1.29
MAT,80.66,86.49,109.15,104.05,110.04,99.48,16,76,24,72,17.13,0.35,18.92,18.81,1.0
AMR,80.66,80.66,72.68,62.28,61.18,82.2,16,4,3,7,149.91,0.32,116.95,158.2,2.41
ODP,80.63,87.03,86.02,89.37,58.8,67.68,16,12,3,4,19.41,0.37,18.04,19.98,0.74
INVH,80.61,83.42,89.77,106.31,112.74,88.08,16,78,26,10,29.95,0.03,32.35,32.39,0.83
RELL,80.58,82.04,91.97,79.16,112.95,118.02,16,7,26,83,9.59,0.24,9.57,11.48,0.32
KNDI,80.54,81.63,87.55,94.28,109.51,59.89,16,14,23,3,1.14,0.21,1.15,1.21,0.74
LCFY,80.54,86.56,128.53,171.97,160.59,185.18,16,95,94,95,4.68,0.3,4.59,5.71,0.01
VNDA,80.49,81.28,98.66,94.2,106.95,103.02,16,14,21,74,4.2,0.18,4.61,4.62,0.66
EEFT,80.49,85.87,97.97,107.38,107.08,92.05,16,79,21,12,91.63,0.17,103.29,102.32,0.83
CNXN,80.48,80.96,91.83,105.58,105.58,99.43,15,77,20,72,61.31,0.15,64.74,66.66,0.78
LNKS,80.42,86.26,90.8,98.87,99.73,92.57,15,18,17,40,0.53,0.01,0.56,1.2,0.04
WST,80.42,83.15,92.15,79.97,86.64,98.88,15,7,9,72,240.98,0.32,226.6,261.31,0.6
GRDN,80.38,86.03,92.35,116.43,123.42,103.67,15,85,85,75,19.97,0.38,20.63,21.42,0.61
CDXS,80.38,88.21,99.99,84.34,117.06,181.59,15,9,82,95,2.77,0.21,2.64,3.39,1.02
CRT,80.37,81.83,90.44,98.23,132.7,87.93,15,17,89,10,8.81,0.12,9.59,9.98,1.31
TGT,80.35,81.51,80.42,77.96,87.82,99.54,15,7,10,72,105.4,0.26,100.54,115.28,0.61
ORMP,80.34,84.38,85.42,105.07,106.71,95.5,15,77,21,69,2.09,0.15,2.17,2.27,0.47
EXP,80.33,81.46,86.44,88.95,97.11,119.18,15,11,15,84,225.16,0.26,211.16,240.16,0.59
OPK,80.31,81.6,85.88,85.62,139.99,112.87,15,10,91,81,1.25,0.08,1.33,1.49,1.12
UNB,80.28,83.23,98.96,126.2,133.93,124.41,15,88,89,87,26.2,0.27,27.29,29.6,0.29
BRIA,80.14,85.97,94.86,95.82,95.18,92.57,15,16,14,40,2.45,0.26,2.41,2.85,0.2
WDFC,80.13,81.63,88.44,99.09,114.56,102.44,15,18,80,74,219.48,0.12,228.31,239.99,0.29
RGA,80.12,80.12,89.66,99.65,97.69,109.44,15,71,15,79,186.45,0.3,195.48,203.17,1.19
VIVK,80.11,92.6,92.6,96.81,87.12,122.62,15,16,10,86,0.97,0.24,0.87,1.03,0.12
FHTX,80.09,94.62,122.38,100.51,92.55,156.19,15,72,12,93,4.58,0.21,5.1,5.23,0.54
FRPH,80.08,83.09,86.16,90.68,105.33,95.7,15,12,20,69,25.99,0.16,26.95,28.86,1.28
CLDT,80.05,81.27,89.19,86.88,90.71,98.28,15,10,11,71,6.82,0.22,7.05,7.72,1.11
RPAY,80.02,85.82,79.43,68.4,80.13,94.86,15,5,7,68,5.15,0.27,4.96,6.19,0.77
CBT,80.0,83.63,80.37,79.6,93.56,112.78,15,7,13,81,78.02,0.14,75.94,86.14,0.7
PNTG,79.96,79.96,87.08,109.35,110.72,146.41,15,80,24,92,26.0,0.27,26.09,27.26,3.35
GBX,79.96,81.73,106.11,101.07,108.65,129.63,15,73,22,88,44.96,0.19,47.52,53.95,0.54
HUBG,79.89,84.46,84.48,80.69,87.54,110.26,15,8,10,79,34.58,0.16,34.35,39.48,0.75
BFIN,79.87,82.27,95.14,105.02,121.62,118.58,15,77,85,84,10.79,0.03,11.55,12.18,0.39
AMAL,79.86,83.8,105.53,103.72,115.1,127.57,15,75,80,88,27.89,0.19,30.76,31.69,0.75
CTO,79.85,83.16,91.49,99.75,114.82,105.55,15,71,80,76,16.34,0.0,17.53,18.23,0.58
MSBI,79.82,79.82,90.32,88.07,87.47,106.34,15,11,10,77,17.56,0.23,17.54,19.8,0.69
OLED,79.81,80.82,94.28,94.17,91.33,89.18,15,14,12,11,137.65,0.3,151.46,151.11,0.89
SOHO,79.78,86.57,99.17,106.07,76.78,76.84,15,78,6,6,0.81,0.22,0.89,0.89,0.55
MATX,79.76,87.55,86.83,84.44,103.08,124.87,15,9,19,87,107.44,0.2,110.62,126.62,1.09
BLKB,79.69,83.26,87.34,85.11,91.4,99.12,15,9,12,72,64.09,0.18,64.03,70.14,1.47
PINE,79.65,81.91,85.28,94.8,115.58,98.06,15,15,81,71,14.14,0.05,14.67,15.71,0.65
EXR,79.65,83.51,93.52,96.33,102.16,102.28,15,16,18,74,136.36,0.21,147.33,149.05,0.71
GAP,79.62,82.31,99.9,131.07,108.82,107.12,15,90,22,77,19.8,0.22,21.26,22.09,0.52
VRME,79.61,114.41,126.26,90.93,98.76,301.26,15,13,16,98,0.85,0.07,0.79,0.98,0.12
BBY,79.57,80.1,90.24,87.61,106.97,109.06,15,11,21,79,68.97,0.31,68.73,76.09,0.66
USEG,79.5,82.73,103.08,172.33,165.93,277.94,15,95,95,98,1.14,0.09,1.38,1.54,0.05
LBTYA,79.47,79.61,70.98,71.7,76.76,99.03,15,5,6,72,11.03,0.16,10.02,11.91,1.05
THCH,79.45,85.55,95.58,85.5,84.02,89.94,15,10,8,11,2.8,0.21,2.84,3.12,0.31
PRG,79.45,81.5,89.98,83.34,98.32,121.74,15,8,16,85,31.35,0.29,29.92,34.69,1.22
FCN,79.44,81.47,81.83,86.34,87.2,85.96,15,10,10,9,167.37,0.19,164.59,178.06,0.5
RPT,79.4,82.63,89.95,90.12,101.53,81.3,15,12,18,7,2.63,0.25,2.68,2.81,0.25
ENTX,79.39,92.72,96.87,106.75,157.34,181.7,15,78,94,95,1.82,0.23,1.95,2.0,0.82
VRM,79.37,82.05,91.15,101.68,114.01,92.57,15,74,53,40,25.85,0.22,27.7,28.9,0.6
WY,79.36,82.01,85.21,86.79,100.03,91.42,15,10,17,12,25.48,0.11,26.07,28.02,0.52
SIRI,79.36,83.71,95.8,95.29,94.8,79.16,15,15,13,6,21.42,0.2,22.4,22.81,1.12
TRNO,79.33,83.22,89.87,93.64,112.83,100.8,15,14,26,73,53.77,0.17,56.83,59.51,0.94
WIT,79.33,80.14,89.09,92.64,111.13,113.84,15,13,24,81,2.66,0.02,2.88,3.12,0.86
FRT,79.33,83.11,88.31,90.36,97.84,100.5,15,12,15,73,91.3,0.28,94.2,100.0,1.34
LNW,79.23,93.48,101.56,100.87,108.31,95.0,15,72,22,68,78.86,0.03,92.51,92.32,3.53
CHDN,79.23,85.69,91.35,77.13,86.45,96.54,15,7,9,70,100.9,0.22,102.74,115.65,0.88
GCBC,79.21,82.59,91.97,84.63,90.12,101.37,15,9,11,73,23.0,0.17,23.4,25.56,0.23
ONTF,79.2,79.46,85.96,92.01,93.93,97.4,15,13,13,70,4.93,0.18,5.29,5.8,1.27
LYRA,79.16,79.16,112.65,234.87,67.4,50.97,15,97,4,2,6.7,0.11,10.73,9.21,0.01
CRL,79.09,99.4,106.13,83.58,84.88,91.26,15,9,9,12,148.74,0.41,154.93,162.47,0.77
SLNG,79.08,84.29,103.31,125.67,162.69,155.54,15,88,94,93,4.53,0.17,4.98,5.38,1.03
VBIX,79.04,96.66,604.9,842.15,1158.25,1114.28,15,99,99,99,4.47,0.31,4.81,5.2,1.06
GIII,79.01,80.51,79.28,101.87,96.97,106.16,15,74,15,77,24.39,0.25,23.72,27.76,0.49
WHF,79.0,82.57,85.68,89.22,104.96,84.66,14,11,20,8,8.47,0.07,8.82,9.25,1.05
FBIN,78.98,82.66,79.14,76.95,85.43,95.23,14,7,9,69,56.05,0.2,53.11,63.1,1.75
NVEC,78.97,83.54,107.0,100.65,91.62,103.15,14,72,12,75,61.66,0.3,70.31,69.3,0.66
FIS,78.95,89.68,95.9,104.67,109.73,114.11,14,76,23,81,71.16,0.15,79.62,78.65,1.43
SHMD,78.92,80.52,86.0,121.45,150.06,83.2,14,87,93,8,2.65,0.29,2.78,2.86,0.37
WTTR,78.88,83.25,87.2,83.69,115.56,139.44,14,9,81,91,8.37,0.15,9.03,10.72,0.92
NLSP,78.88,78.88,89.49,126.89,54.47,37.72,14,89,3,1,2.14,0.13,2.25,2.23,0.6
NTHI,78.87,93.52,87.21,99.45,114.01,92.57,14,45,53,40,4.79,0.11,5.28,6.48,0.12
XPEL,78.87,85.48,103.65,103.17,99.96,99.79,14,75,17,72,33.58,0.4,35.81,37.08,1.33
NOMD,78.75,84.83,90.31,109.76,125.95,90.42,14,80,87,11,16.15,0.17,17.21,17.73,1.09
NCTY,78.73,81.37,89.45,130.73,205.24,241.74,14,90,97,97,8.58,0.21,8.98,11.92,1.47
LBTYK,78.73,79.35,69.89,71.8,76.72,96.84,14,5,6,70,11.21,0.15,10.28,12.3,0.8
DLTH,78.73,84.88,83.81,81.97,79.44,85.02,14,8,7,8,2.28,0.24,2.11,2.6,0.4
PRPL,78.66,89.64,103.9,84.0,97.13,106.5,14,9,15,77,0.82,0.35,0.77,0.84,0.36
UHS,78.61,78.61,87.2,99.67,106.86,100.59,14,71,21,73,172.3,0.2,174.67,184.03,0.63
AXR,78.6,83.1,94.4,94.14,112.62,161.95,14,14,25,94,22.14,0.19,21.96,26.12,0.3
SLGN,78.55,80.65,104.22,106.29,110.5,107.53,14,78,24,78,46.37,0.09,53.57,52.72,0.89
INTG,78.55,78.55,77.52,94.65,93.46,73.28,14,15,13,5,12.48,0.27,11.69,12.98,1.14
BBWI,78.53,83.44,97.69,94.6,105.13,101.34,14,15,20,73,28.51,0.21,29.63,32.33,0.6
ALSN,78.51,82.49,93.75,110.25,120.24,147.52,14,81,84,92,87.73,0.15,93.76,102.09,0.74
CCRN,78.45,81.67,85.18,96.16,130.34,113.42,14,16,88,81,12.72,0.34,13.08,14.66,1.02
PK,78.31,82.52,90.05,84.6,84.12,96.49,14,9,8,70,10.17,0.26,10.48,11.6,0.91
VCYT,78.31,80.55,80.23,104.41,134.57,155.18,14,76,90,93,27.37,0.19,26.07,33.73,1.03
CTS,78.24,79.29,87.53,87.82,86.62,108.96,14,11,9,79,39.18,0.18,41.57,45.65,0.61
GLBE,78.17,80.32,82.1,99.04,156.35,149.02,14,18,94,92,34.7,0.16,33.17,41.76,0.98
VRE,78.16,81.42,84.94,98.54,110.97,105.93,14,18,24,76,13.89,0.01,14.68,15.86,0.51
CMCSA,78.13,83.32,88.47,92.55,98.63,95.4,14,13,16,69,31.67,0.0,34.38,36.15,0.77
RDNT,78.03,85.34,91.28,95.35,103.65,159.19,14,15,19,93,53.36,0.18,56.57,61.45,2.36
MBC,78.01,80.18,77.8,74.58,94.86,101.24,14,6,13,73,11.91,0.22,11.06,13.8,2.08
IR,78.0,81.68,94.88,92.46,88.54,106.06,14,13,10,77,75.89,0.24,83.61,87.23,0.62
INMD,77.99,81.05,85.82,82.64,102.9,91.03,14,8,18,12,14.11,0.13,14.31,16.53,0.55
WFG,77.94,80.01,85.68,88.76,96.0,105.53,14,11,14,76,71.54,0.07,73.79,80.52,0.92
MODV,77.9,88.65,145.69,130.98,23.52,81.97,14,90,1,7,2.41,0.05,3.06,6.37,0.05
IAUX,77.88,77.88,85.88,88.54,118.34,74.96,14,11,83,5,0.62,0.32,0.62,0.64,0.99
WRD,77.85,86.19,100.76,76.6,131.6,92.57,14,7,89,40,9.19,0.08,8.8,13.18,0.53
BRO,77.8,80.34,92.07,111.13,135.27,110.02,14,81,90,79,93.65,0.07,104.89,109.19,0.87
RPTX,77.77,80.32,99.72,89.78,73.32,83.42,14,12,5,8,1.53,0.21,1.48,1.69,0.58
SPNS,77.69,80.92,94.44,96.74,96.76,109.41,14,16,15,79,26.52,0.18,28.95,28.05,1.13
MMSI,77.69,81.77,90.92,99.98,122.06,114.84,14,71,85,82,85.58,0.1,90.42,97.81,0.63
FTV,77.68,81.77,87.44,94.79,98.19,98.25,14,15,16,71,47.1,0.03,51.89,55.15,0.89
INR,77.67,87.79,89.24,99.58,114.01,92.57,14,71,53,40,14.38,0.05,16.21,17.11,0.53
SM,77.59,84.63,83.07,79.06,85.88,93.93,14,7,9,68,26.24,0.24,26.29,32.0,0.66
PED,77.55,80.55,82.87,89.91,91.2,93.21,14,12,12,67,0.62,0.22,0.65,0.72,0.17
DEA,77.55,79.48,82.96,78.75,95.41,94.16,14,7,14,68,22.07,0.17,22.55,25.42,0.77
GPRK,77.54,80.61,84.7,87.76,98.34,118.45,14,11,16,84,6.46,0.14,6.9,7.79,0.5
LMT,77.52,79.61,87.7,98.71,105.74,100.49,14,18,20,73,425.63,0.08,456.41,472.79,0.79
AQB,77.41,78.65,85.76,102.75,114.53,66.07,14,75,80,3,0.75,0.25,0.78,0.79,0.36
SNAL,77.4,89.34,156.3,157.5,273.01,221.1,14,94,98,97,0.98,0.12,1.27,1.46,0.13
IRM,77.39,86.13,96.67,105.21,105.36,129.05,14,77,20,88,90.16,0.28,99.12,99.7,0.97
HAL,77.39,82.13,83.01,79.63,86.59,83.39,14,7,9,8,20.9,0.15,21.48,24.41,0.74
GMRE,77.39,77.85,84.56,85.56,110.4,86.94,14,10,24,9,6.57,0.17,6.68,7.48,1.06
ACIC,77.36,82.21,92.26,104.67,109.33,118.82,14,76,23,84,10.24,0.26,10.72,11.71,1.39
PLX,77.35,77.89,86.95,196.34,221.16,195.9,14,96,97,96,1.54,0.29,1.49,1.94,0.36
AMC,77.35,77.81,89.57,96.03,87.93,88.66,14,16,10,10,2.93,0.11,3.14,3.44,0.94
MBLY,77.34,87.17,102.05,102.62,89.71,100.19,14,74,11,73,13.6,0.27,16.13,16.01,0.74
BGM,77.33,90.07,121.19,238.69,236.65,249.24,14,97,97,97,7.7,0.21,11.17,10.11,0.89
PRGO,77.33,96.27,101.09,104.01,111.85,89.71,14,76,25,11,22.55,0.0,26.76,25.97,2.64
PTMN,77.25,79.04,83.63,78.12,99.05,90.38,13,7,16,11,12.34,0.19,12.3,14.04,1.55
AVD,77.25,77.39,77.64,81.81,77.4,75.07,13,8,6,5,4.65,0.27,4.07,4.74,0.65
AAT,77.2,79.46,92.01,88.1,89.45,113.23,13,11,11,81,18.86,0.18,20.0,21.92,0.48
HIHO,77.18,89.05,89.05,99.08,101.45,96.31,13,18,18,70,1.58,0.17,1.69,1.8,0.24
CNS,77.09,81.26,87.35,98.4,102.6,130.07,13,18,18,88,73.24,0.1,75.63,84.07,1.14
EB,77.06,79.95,89.25,89.65,74.45,81.6,13,12,6,7,2.54,0.33,2.5,2.83,3.76
XIFR,77.06,77.06,73.16,70.35,61.13,69.14,13,5,3,4,9.9,0.1,8.93,11.91,2.59
JBSS,77.05,78.77,76.32,74.78,83.68,85.27,13,6,8,9,62.91,0.1,64.63,73.84,1.13
YELP,77.05,85.65,87.99,107.79,104.71,97.84,13,79,19,71,31.03,0.0,35.09,36.57,3.19
ASAN,77.04,85.78,91.31,115.56,145.53,173.76,13,84,92,95,13.54,0.14,14.5,16.81,0.99
VREX,76.98,76.98,72.8,68.65,88.96,99.25,13,5,11,72,9.48,0.27,8.02,11.26,4.64
QTWO,76.96,88.63,111.8,114.97,129.99,173.03,13,84,88,95,73.63,0.19,88.69,89.66,1.49
SNDX,76.93,84.1,63.03,67.76,83.5,97.86,13,4,8,71,12.48,0.29,10.12,13.18,1.37
ATNI,76.89,84.38,85.54,82.92,105.93,67.72,13,8,20,4,15.05,0.07,16.61,17.64,0.71
BRAG,76.87,79.17,103.67,96.04,120.52,98.52,13,16,84,71,4.1,0.34,4.31,4.23,0.39
FLX,76.85,79.05,87.31,94.49,108.24,91.26,13,15,22,12,3.11,0.06,3.1,6.3,0.92
CTKB,76.84,79.01,71.31,69.05,76.83,113.28,13,5,6,81,4.03,0.32,3.4,4.63,1.17
BMRN,76.83,84.2,79.33,83.87,98.31,78.02,13,9,16,6,57.33,0.08,57.38,63.18,1.52
ZTS,76.8,82.29,85.42,95.47,99.3,87.36,13,15,16,10,147.35,0.08,156.76,163.18,0.63
PNFP,76.79,77.39,114.53,114.48,117.75,134.5,13,83,83,90,89.92,0.13,105.65,109.77,1.25
SVC,76.79,94.72,105.78,83.58,83.19,60.83,13,9,8,3,2.28,0.16,2.56,2.56,1.21
ABLV,76.71,86.28,99.75,136.22,152.91,84.52,13,91,93,8,0.98,0.34,1.05,0.99,1.6
CGON,76.7,83.07,103.2,95.47,86.47,97.96,13,15,9,71,24.85,0.38,26.27,28.0,0.76
ICLR,76.68,79.81,87.11,64.43,75.42,68.85,13,4,6,4,158.44,0.16,151.9,178.7,0.62
VNOM,76.66,80.65,82.4,94.8,111.08,131.48,13,15,24,89,37.81,0.09,38.83,44.07,1.39
ITGR,76.62,79.41,89.64,94.94,107.05,110.57,13,15,21,79,106.45,0.03,116.28,125.77,0.64
HZO,76.57,80.89,100.33,97.19,92.38,95.84,13,17,12,69,22.47,0.26,24.47,25.96,0.85
AUNA,76.55,76.55,82.26,93.61,108.33,102.18,13,14,22,74,6.22,0.03,6.33,7.03,0.28
STAK,76.52,79.52,108.36,99.45,114.01,92.57,13,45,53,40,1.53,0.13,1.83,2.34,0.02
LBTYB,76.5,81.67,69.26,71.18,79.51,97.15,13,5,7,70,10.85,0.13,9.9,11.91,1.17
GURE,76.46,88.08,84.38,107.3,125.27,70.46,13,79,86,4,0.62,0.16,0.67,0.67,0.03
EIG,76.46,78.12,90.17,105.71,115.56,109.6,13,77,81,79,41.2,0.15,46.01,48.6,1.16
PCG,76.46,79.37,74.3,99.71,105.92,103.88,13,71,20,75,15.0,0.23,14.3,17.04,0.78
FDS,76.46,81.76,92.59,102.91,103.41,99.69,13,75,19,72,382.43,0.0,428.02,449.92,0.59
TALO,76.43,82.52,91.77,91.95,93.38,88.0,13,13,13,10,7.82,0.25,8.59,9.15,0.94
OTLK,76.4,77.5,98.47,83.67,55.28,69.91,13,9,3,4,1.9,0.11,1.91,2.26,0.61
RBNE,76.36,89.7,90.95,99.45,114.01,92.57,13,45,53,40,1.86,0.01,3.61,3.44,0.08
FARM,76.36,79.09,83.76,90.05,111.22,83.27,13,12,25,8,1.68,0.19,1.53,1.87,0.36
EDSA,76.32,76.4,84.31,79.14,97.23,50.11,13,7,15,2,2.12,0.15,2.11,2.21,0.34
BALY,76.26,76.26,79.58,91.62,105.8,92.57,13,13,20,40,9.6,0.07,9.88,13.78,0.26
TLRY,76.23,78.25,89.23,54.04,54.34,70.16,13,3,3,4,0.65,0.18,0.52,0.86,0.8
ASUR,76.22,76.8,107.06,111.07,123.73,131.26,13,81,86,89,8.21,0.04,9.81,9.99,1.43
MPW,76.2,80.64,83.93,117.87,149.67,107.16,13,85,93,77,4.08,0.19,4.3,4.59,0.68
CSTL,76.16,80.82,81.28,82.1,99.98,128.81,13,8,17,88,19.36,0.24,18.15,23.29,1.17
OM,76.14,110.07,138.54,174.25,98.14,111.59,13,95,16,80,12.8,0.14,18.53,14.26,1.11
FFWM,76.09,80.25,92.12,92.12,92.66,117.8,13,13,12,83,4.89,0.08,5.21,5.75,1.5
PSTV,76.07,83.08,56.04,62.23,110.37,74.64,13,3,24,5,0.8,0.37,0.4,0.88,0.3
TOPS,76.03,83.55,79.22,123.95,80.16,73.97,13,88,7,5,5.72,0.11,6.3,6.46,0.04
VNCE,75.97,77.04,81.67,87.44,144.97,253.05,13,11,92,97,1.57,0.08,1.49,2.12,0.08
BURU,75.93,88.48,102.67,114.04,48.13,79.86,13,83,2,7,0.21,0.02,0.32,0.32,0.18
KMTS,75.89,79.8,79.3,99.45,114.01,92.57,13,45,53,40,14.52,0.01,17.04,20.46,0.36
BLIV,75.88,77.34,89.13,99.45,114.01,92.57,13,45,53,40,2.72,0.16,3.31,3.72,0.69
MCS,75.87,84.92,104.17,115.12,130.17,151.99,13,84,88,93,14.62,0.21,17.01,18.51,1.47
CSR,75.84,79.51,87.97,94.05,106.07,103.78,13,14,20,75,53.51,0.02,59.79,62.29,0.68
CCO,75.84,83.64,92.63,87.39,82.15,94.11,13,11,8,68,1.07,0.26,1.15,1.27,0.62
NERV,75.83,82.3,91.06,85.21,77.46,79.85,13,9,6,7,1.76,0.26,1.82,1.93,0.06
COCH,75.83,78.82,92.5,86.62,72.96,110.45,13,10,5,79,1.53,0.11,1.5,1.64,1.17
ADSE,75.8,79.89,82.69,101.24,125.03,133.34,13,73,86,89,11.53,0.35,11.62,13.43,0.83
FENG,75.79,80.26,97.17,94.29,116.6,136.89,12,14,82,90,2.11,0.33,2.17,2.3,0.07
PEB,75.67,82.01,93.26,85.82,84.48,95.92,12,10,9,69,9.41,0.24,9.98,11.31,0.71
BRID,75.63,80.11,79.11,81.16,108.53,99.04,12,8,22,72,7.47,0.0,7.78,8.97,0.45
RES,75.63,75.63,89.72,89.72,91.28,94.65,12,12,12,68,4.58,0.12,4.83,5.41,0.87
GNTA,75.54,81.93,92.97,111.25,108.46,131.19,12,81,22,89,3.71,0.17,3.76,4.22,0.05
ACCO,75.5,78.2,81.77,79.56,91.5,106.58,12,7,12,77,3.64,0.1,3.7,4.44,0.71
TDOC,75.5,78.21,93.15,91.08,124.17,111.9,12,13,86,80,6.96,0.06,7.68,8.84,0.78
PRMB,75.43,87.81,98.03,128.43,158.87,152.46,12,89,94,93,23.69,0.22,29.22,30.67,1.4
EVGO,75.35,93.42,103.95,141.4,114.95,188.22,12,92,80,95,3.46,0.17,3.76,4.04,0.88
NOV,75.34,80.61,90.39,86.47,95.71,87.29,12,10,14,10,11.9,0.16,12.92,13.77,0.63
BIOA,75.23,77.21,89.12,96.06,103.61,91.22,12,16,19,12,4.33,0.06,4.4,7.24,0.18
SSTI,75.2,75.51,92.86,123.05,146.8,96.5,12,87,92,70,11.42,0.17,13.86,14.07,0.98
CBZ,75.17,78.12,95.29,93.78,110.31,113.37,12,14,24,81,63.19,0.08,71.01,75.83,0.94
MMI,75.13,84.91,85.99,84.25,101.43,103.52,12,9,18,75,29.07,0.08,30.83,34.65,1.12
BHF,75.09,79.89,98.22,116.5,126.99,112.51,12,85,87,80,44.52,0.17,52.98,53.53,1.44
AVR,75.08,81.07,87.62,88.39,103.59,92.57,12,11,19,40,3.62,0.19,3.81,4.93,0.21
BAND,75.08,81.92,96.79,95.77,98.75,126.69,12,16,16,87,13.37,0.18,14.82,16.01,0.71
KNX,75.08,81.06,92.05,90.56,90.53,100.76,12,12,11,73,41.11,0.15,44.41,48.45,0.7
DAR,75.06,80.37,103.22,111.97,90.63,90.97,12,82,11,12,30.63,0.19,34.91,35.14,0.65
AIN,75.05,76.81,87.96,85.27,88.42,93.28,12,9,10,67,60.94,0.17,67.77,72.73,0.99
SPWR,75.01,79.38,107.19,154.1,254.59,201.33,12,93,97,96,1.43,0.09,1.73,1.75,0.62
AFRI,75.0,76.19,75.28,77.75,90.66,87.22,12,7,11,9,7.75,0.01,7.77,8.94,0.52
UP,75.0,85.91,116.03,103.32,79.15,101.4,12,75,7,74,1.4,0.35,1.38,1.51,0.73
BNED,74.99,75.82,123.43,123.43,104.32,78.59,12,88,19,6,8.69,0.07,10.75,10.44,0.8
STHO,74.97,77.02,85.04,76.9,76.91,83.97,12,7,6,8,7.26,0.14,7.58,8.65,0.52
NBR,74.97,74.97,71.75,67.91,68.68,87.36,12,4,5,10,35.48,0.18,31.83,46.5,1.78
MYGN,74.96,74.96,39.67,38.98,67.22,62.97,12,2,4,3,6.32,0.1,4.95,10.28,1.22
THRY,74.91,80.0,87.36,81.79,104.49,95.29,12,8,19,69,12.87,0.27,12.73,14.57,1.13
TNYA,74.91,74.91,91.62,64.28,36.15,120.76,12,4,2,85,0.67,0.08,0.66,1.15,0.51
AMPY,74.86,85.97,89.08,69.67,73.13,92.77,12,5,5,67,3.56,0.24,3.45,4.53,0.6
CHRS,74.84,83.16,86.9,88.09,92.77,104.18,12,11,12,75,0.82,0.15,0.84,1.03,1.39
LCID,74.79,84.87,100.8,101.41,117.31,97.37,12,73,82,70,2.13,0.05,2.35,2.5,0.44
GANX,74.72,86.22,99.37,112.08,144.27,117.95,12,82,92,83,1.48,0.27,1.72,1.96,0.47
SMPL,74.68,77.91,84.88,100.87,116.89,102.85,12,72,82,74,29.45,0.0,32.42,35.46,0.81
FMC,74.67,77.86,86.51,85.57,79.16,90.95,12,10,7,12,35.79,0.07,41.47,44.65,0.97
BHFAM,74.67,78.32,75.49,96.42,98.09,97.48,12,16,16,70,12.45,0.24,13.25,14.59,0.94
PMAX,74.61,74.61,76.94,91.18,86.75,88.07,12,13,9,10,0.36,0.02,0.4,1.1,0.14
VSEE,74.57,82.22,88.92,69.76,76.99,61.2,12,5,6,3,1.32,0.15,1.22,1.37,0.05
CWH,74.53,78.37,100.3,97.94,97.7,99.51,12,17,15,72,14.76,0.24,17.43,18.81,0.65
UFI,74.53,76.95,81.01,89.62,93.43,92.19,12,12,13,13,4.49,0.05,4.85,5.35,0.37
RH,74.52,78.98,84.54,81.55,127.07,140.23,12,8,87,91,215.04,0.22,196.51,280.8,0.47
CNK,74.52,85.16,105.82,133.64,130.33,160.82,12,91,88,94,24.81,0.09,29.95,29.56,1.23
SNCY,74.52,78.56,105.77,98.61,129.95,123.63,12,18,88,86,10.72,0.25,11.79,13.33,1.0
ESCA,74.52,79.29,91.1,109.47,131.56,101.35,12,80,89,73,11.8,0.0,13.54,14.34,0.68
DTSS,74.48,79.91,93.07,94.39,87.65,100.83,12,15,10,73,1.85,0.05,2.07,2.18,0.26
APGE,74.38,80.28,89.11,101.75,87.7,157.87,12,74,10,93,35.39,0.2,39.88,41.29,0.63
DCTH,74.38,89.61,110.94,179.76,214.1,211.85,12,96,97,96,10.01,0.25,13.09,12.93,1.4
BXC,74.37,77.81,89.29,87.2,84.8,112.3,12,11,9,80,72.15,0.12,74.61,89.67,1.04
YSXT,74.35,83.92,134.16,166.89,143.31,92.57,12,95,92,40,2.56,0.05,4.98,4.12,0.61
AMRK,74.27,74.27,77.84,72.05,95.72,87.66,12,5,14,10,22.05,0.1,21.65,25.74,0.96
MIDD,74.25,91.25,101.63,100.49,114.24,111.39,12,72,79,80,119.71,0.03,144.39,145.51,1.38
FOLD,74.2,75.6,68.04,64.41,89.46,81.81,12,4,11,7,6.76,0.17,6.13,8.24,0.81
NIXX,74.17,76.79,96.04,107.32,125.43,308.46,12,79,86,98,1.73,0.07,1.96,2.56,0.18
FBGL,74.09,90.21,96.97,88.09,114.01,92.57,12,11,53,40,0.61,0.03,0.63,0.78,0.33
IMRN,74.08,74.92,86.15,91.04,94.74,97.48,12,13,13,70,1.71,0.09,1.75,1.86,0.1
WNC,74.04,77.47,82.07,72.17,60.8,82.24,12,5,3,7,9.89,0.23,10.16,12.94,0.84
UG,74.02,76.23,88.56,83.31,108.43,104.14,12,8,22,75,7.9,0.03,8.17,9.15,1.14
CMCT,74.01,81.64,89.82,120.94,139.89,112.42,11,87,91,80,8.57,0.11,8.0,10.07,0.43
ARCO,74.0,76.28,85.71,91.89,99.85,76.73,11,13,17,6,6.85,0.1,7.35,7.69,0.64
SBGI,73.98,87.81,98.45,110.67,127.79,128.84,11,81,87,88,11.93,0.03,14.06,14.84,1.75
SXC,73.97,75.64,88.55,90.64,103.39,121.13,11,12,19,85,7.49,0.05,8.21,9.39,0.69
RYDE,73.88,78.6,97.94,97.94,54.03,50.9,11,17,3,2,0.31,0.01,0.3,0.35,0.12
AHH,73.74,73.74,77.14,74.76,83.12,89.16,11,6,8,11,6.95,0.14,6.93,8.28,1.08
ACET,73.72,81.08,96.69,74.9,72.94,72.91,11,6,5,5,0.62,0.15,0.72,0.85,5.81
EBON,73.69,78.95,102.4,69.68,70.45,116.04,11,5,5,82,4.02,0.13,3.98,5.09,0.23
CC,73.62,76.71,90.06,83.32,74.52,89.61,11,8,6,11,12.19,0.23,12.16,14.91,0.94
INGN,73.55,73.55,80.23,85.38,104.04,144.54,11,10,19,92,6.48,0.1,6.68,8.2,3.08
HWH,73.51,87.0,89.28,72.03,50.89,108.81,11,5,2,78,1.48,0.12,1.36,2.01,0.04
XTLB,73.5,89.43,103.76,80.51,94.47,109.53,11,8,13,79,1.36,0.21,1.38,1.5,0.26
CPB,73.43,75.39,74.28,84.94,100.23,90.82,11,9,17,12,32.44,0.11,32.06,37.48,0.53
MORN,73.4,80.77,89.96,96.77,97.32,105.05,11,16,15,76,258.92,0.04,294.52,311.35,0.79
ATOS,73.33,74.72,100.21,94.63,81.04,129.65,11,15,7,88,0.79,0.19,0.85,0.93,0.42
MED,73.3,80.59,90.64,83.56,74.95,74.17,11,9,6,5,12.85,0.09,13.83,15.22,0.65
EXOZ,73.26,80.6,83.72,102.87,133.67,92.57,11,75,89,40,9.84,0.1,10.93,13.17,0.17
ELVN,73.22,76.41,103.8,98.0,108.12,135.68,11,17,22,90,17.69,0.19,20.71,21.59,1.04
OXBR,73.22,73.22,107.28,84.6,268.23,263.63,11,9,98,97,1.79,0.12,1.9,2.76,0.19
JJSF,73.15,75.08,73.99,82.21,100.85,94.39,11,8,17,68,109.43,0.02,115.06,134.62,1.51
ATPC,73.15,73.15,84.16,155.05,132.35,63.49,11,94,89,3,1.37,0.27,1.43,1.45,0.76
CTNT,73.13,74.13,65.29,74.52,53.13,56.51,11,6,2,2,1.59,0.1,1.43,1.97,0.03
LEG,73.05,75.42,101.36,95.58,80.94,79.31,11,15,7,6,8.6,0.28,9.46,9.69,0.71
WYY,73.04,75.29,87.49,173.88,160.87,191.94,11,95,94,96,3.31,0.19,3.23,3.83,0.65
TNON,72.96,74.82,74.82,51.66,113.99,48.39,11,2,26,2,1.39,0.08,1.06,1.65,0.26
ACB,72.89,87.83,96.29,119.12,115.37,100.76,11,86,81,73,4.48,0.28,4.82,4.75,1.31
MNDO,72.86,74.68,75.94,84.64,108.85,99.98,11,9,23,73,1.33,0.05,1.41,1.66,0.46
MTLS,72.83,76.55,104.36,103.03,144.67,141.75,11,75,92,91,5.03,0.16,5.55,6.19,1.16
FF,72.83,77.09,80.43,89.79,95.7,106.19,11,12,14,77,3.75,0.0,4.03,4.52,0.9
TEAM,72.82,82.76,101.5,103.52,153.32,150.52,11,75,93,92,168.06,0.17,199.44,232.0,3.27
PBH,72.8,87.85,92.0,113.34,128.3,110.94,11,83,88,80,65.58,0.01,79.39,81.09,1.95
IBRX,72.8,76.44,84.29,86.68,90.04,111.16,11,10,11,80,2.44,0.13,2.77,3.2,0.56
NDLS,72.63,72.63,87.46,73.78,136.15,96.58,11,6,90,70,0.91,0.29,0.84,0.98,1.72
ABSI,72.63,77.82,94.09,89.31,135.85,124.12,11,12,90,86,2.84,0.17,2.87,3.23,0.67
MWG,72.54,77.33,81.48,102.94,111.05,89.9,11,75,24,11,0.25,0.04,0.27,0.28,0.27
IEX,72.52,75.03,87.13,90.02,89.67,98.48,11,12,11,71,158.26,0.0,177.01,193.24,0.84
IRBT,72.42,97.93,124.92,86.14,114.96,111.18,11,10,80,80,3.75,0.18,3.84,5.61,0.48
OESX,72.35,73.69,72.2,82.17,99.93,87.75,11,8,17,10,0.68,0.27,0.61,0.76,1.36
NVX,72.35,80.49,106.63,85.3,74.82,129.2,11,10,6,88,1.18,0.15,1.21,1.44,1.13
NSYS,72.33,72.33,81.17,85.57,89.12,97.23,11,10,11,70,8.42,0.14,8.73,9.73,0.54
MLNK,72.18,76.61,78.76,86.54,98.17,107.82,11,10,16,78,15.88,0.03,16.49,18.87,0.82
DDI,72.13,78.74,81.68,95.47,96.41,130.98,11,15,14,89,9.32,0.13,9.69,10.81,0.16
SSTK,72.12,80.41,81.89,78.25,75.61,86.77,11,7,6,9,20.08,0.27,19.03,23.13,0.98
FORM,72.1,72.23,91.32,89.79,77.08,92.68,11,12,6,66,28.58,0.19,33.43,35.69,0.79
GRO,72.0,72.0,72.21,86.85,95.18,92.57,11,10,14,40,1.72,0.03,1.65,3.88,0.16
FLOC,72.0,78.68,88.83,90.97,114.01,92.57,11,13,53,40,16.05,0.02,17.93,21.5,0.67
MKTX,71.92,82.03,89.6,105.64,107.81,105.4,11,77,22,76,187.01,0.02,215.27,224.38,1.49
BAFN,71.86,84.74,100.75,111.35,155.02,117.7,11,81,94,83,11.9,0.0,14.44,14.87,0.34
REGN,71.78,71.78,70.46,73.11,82.46,70.63,11,6,8,4,563.0,0.11,537.59,653.71,0.84
PRSO,71.74,74.53,120.97,143.88,84.12,71.1,11,92,8,4,0.86,0.2,1.04,0.98,0.48
XOS,71.73,71.73,79.14,94.17,101.29,65.13,11,14,17,3,3.19,0.1,3.2,3.61,0.49
ESTC,71.73,79.67,89.25,88.93,106.42,113.78,11,11,21,81,74.51,0.09,84.19,93.2,1.59
CAVA,71.66,76.53,85.01,90.3,149.58,212.57,11,12,93,96,85.05,0.14,83.3,104.78,1.09
PNBK,71.65,85.68,84.81,367.44,239.98,99.72,11,98,97,72,1.75,0.15,1.4,1.97,0.33
LAND,71.65,76.34,89.24,86.41,93.12,81.67,11,10,13,7,8.69,0.0,9.99,10.51,3.8
MRTN,71.54,74.75,82.42,83.39,88.61,86.25,11,9,10,9,11.87,0.0,12.95,14.41,1.06
HPP,71.47,77.66,87.75,74.76,78.09,74.19,11,6,7,5,2.5,0.17,2.55,2.91,0.76
XCH,71.44,75.3,79.27,91.1,95.13,162.31,11,13,14,94,1.16,0.01,1.33,5.04,1.78
IQ,71.42,73.85,85.32,70.52,93.8,71.12,10,5,13,4,1.84,0.17,1.81,2.05,0.39
UNIT,71.41,93.46,108.21,98.08,117.97,123.38,10,17,83,86,6.35,0.0,7.59,8.5,2.13
EWCZ,71.39,80.13,96.61,98.65,82.59,89.48,10,18,8,11,4.17,0.19,5.29,5.51,0.79
SHOO,71.39,80.5,80.88,69.7,84.02,95.92,10,5,8,69,25.44,0.21,24.99,32.05,1.11
RCUS,71.37,76.54,80.21,75.06,74.46,95.76,10,6,6,69,9.06,0.19,9.18,11.44,0.78
AVNT,71.34,78.88,84.67,85.89,90.88,110.52,10,10,12,79,32.86,0.18,34.1,39.4,0.82
CMBT,71.3,73.54,77.6,83.1,87.86,76.42,10,8,10,5,9.07,0.12,9.33,10.14,0.95
HBB,71.29,74.21,94.5,92.59,106.05,94.58,10,13,20,68,14.04,0.04,17.48,18.44,0.63
LMNR,71.29,73.88,70.43,72.64,97.94,129.47,10,5,15,88,15.45,0.06,15.41,20.09,0.38
RVTY,71.28,73.93,86.21,84.04,104.33,100.22,10,9,19,73,86.84,0.02,94.78,106.05,0.6
CWAN,71.28,78.52,86.25,97.41,127.15,132.92,10,17,87,89,19.72,0.07,21.89,25.81,2.31
TYRA,71.27,77.12,82.95,74.6,67.91,86.11,10,6,4,9,10.45,0.16,10.25,12.51,0.49
TRSG,71.25,75.36,80.84,93.94,82.98,88.39,10,14,8,10,1.69,0.33,1.73,1.94,0.2
GBR,71.22,81.25,94.37,156.35,90.42,98.5,10,94,11,71,0.82,0.13,1.04,1.04,0.85
NOVT,71.22,77.12,87.95,86.69,83.71,98.05,10,10,8,71,115.67,0.16,125.3,140.29,1.66
TECH,71.15,80.92,83.63,73.37,85.62,100.94,10,6,9,73,50.42,0.11,52.18,61.65,0.79
ACTG,71.15,84.45,93.68,87.84,92.46,91.57,10,11,12,12,3.25,0.2,3.69,3.94,1.53
ENTG,71.13,72.99,91.07,86.5,86.58,87.52,10,10,9,10,73.14,0.19,81.05,91.63,0.53
TENB,71.1,75.49,83.86,82.26,88.33,91.07,10,8,10,12,28.99,0.0,32.63,36.73,0.65
TFII,71.07,75.24,78.42,82.0,82.86,97.91,10,8,8,71,86.17,0.16,89.13,106.98,0.51
SYRE,70.99,77.05,82.75,74.45,74.05,169.82,10,6,6,94,15.16,0.12,16.26,20.44,0.45
JBLU,70.99,75.13,81.52,90.16,112.57,117.6,10,12,25,83,4.33,0.19,4.5,5.65,0.66
PUBM,70.99,81.18,103.91,94.66,95.12,90.24,10,15,14,11,10.93,0.27,12.01,12.87,1.47
SCKT,70.98,82.55,98.67,104.51,113.38,126.55,10,76,26,87,0.95,0.03,1.15,1.24,2.0
ZCMD,70.97,74.14,77.21,103.95,94.35,128.43,10,76,13,88,0.96,0.0,1.13,1.32,0.02
WU,70.97,73.8,75.24,90.46,101.29,87.7,10,12,17,10,8.04,0.04,8.51,9.62,0.67
ACVA,70.95,76.15,88.82,96.28,111.42,115.91,10,16,25,82,13.62,0.08,15.57,17.61,1.33
LGCL,70.94,79.88,173.64,160.56,65.56,73.72,10,94,4,5,0.53,0.14,0.82,0.68,1.73
OLPX,70.94,82.63,97.84,93.39,84.0,92.66,10,14,8,66,1.29,0.15,1.43,1.53,2.19
SAIA,70.94,79.7,83.62,66.4,96.05,119.09,10,4,14,84,283.72,0.14,283.56,387.99,0.34
IMVT,70.91,74.61,81.54,75.46,69.7,83.86,10,6,5,8,15.46,0.1,16.5,20.36,0.49
ELUT,70.91,74.75,67.49,70.38,86.6,138.63,10,5,9,91,2.01,0.11,1.98,2.8,0.17
MUSA,70.81,70.81,80.37,94.81,117.09,109.04,10,15,82,79,377.9,0.08,411.05,469.38,0.79
TTEC,70.76,70.76,104.27,120.36,86.64,74.86,10,87,9,5,3.42,0.21,4.83,4.45,4.71
HUIZ,70.7,72.85,94.42,63.73,102.36,129.83,10,4,18,88,2.31,0.14,2.26,2.82,1.98
NVCT,70.65,85.89,108.58,154.4,184.47,135.22,10,93,96,90,6.0,0.23,7.95,7.58,0.96
SRG,70.63,76.51,84.47,74.05,72.1,67.29,10,6,5,4,2.87,0.17,3.04,3.5,0.85
ISPO,70.63,73.66,87.59,106.15,124.21,163.11,10,78,86,94,3.03,0.15,3.44,3.86,0.74
AAON,70.58,74.33,78.19,106.89,111.07,156.14,10,78,24,93,80.52,0.13,79.86,100.52,1.65
MYSZ,70.51,72.13,71.94,84.45,83.65,238.89,10,9,8,97,1.25,0.03,1.25,1.62,0.86
ITP,70.51,70.51,68.07,160.58,162.5,230.23,10,94,94,97,0.21,0.1,0.2,0.27,0.06
PFAI,70.45,75.71,89.69,99.45,114.01,92.57,10,45,53,40,1.6,0.0,2.12,2.49,0.1
WETO,70.4,72.13,73.06,99.45,114.01,92.57,10,45,53,40,1.92,0.12,2.22,3.07,1.49
CRVL,70.4,73.58,84.5,109.21,128.94,124.48,10,80,88,87,86.19,0.01,99.26,109.24,0.88
OABI,70.38,73.05,70.3,63.67,80.74,86.34,10,4,7,9,1.97,0.21,1.8,2.76,0.45
FGBI,70.28,75.28,88.67,93.92,107.66,125.76,10,14,21,87,8.07,0.17,8.48,9.69,0.18
LLY,70.24,85.53,88.22,92.38,114.43,101.63,10,13,80,74,625.65,0.0,772.12,797.48,3.49
ADGM,70.23,87.61,136.72,136.72,149.03,75.7,10,91,93,5,1.35,0.12,1.37,1.46,0.12
DYAI,70.18,73.36,83.31,79.59,123.14,137.15,10,7,85,90,0.94,0.03,0.99,1.29,0.77
SCVL,70.05,79.35,80.4,70.25,66.69,102.33,10,5,4,74,19.57,0.1,20.25,24.91,1.01
TOUR,70.05,74.94,85.06,101.8,132.62,120.12,10,74,89,85,0.76,0.0,0.86,0.96,0.93
JELD,70.04,72.38,55.85,49.42,63.38,63.45,10,2,4,3,5.2,0.14,4.28,7.01,0.98
TLX,69.99,76.24,95.75,99.71,110.91,92.57,10,71,24,40,11.34,0.0,15.6,16.51,2.97
PAR,69.97,91.75,113.6,118.01,120.59,153.88,10,85,84,93,46.73,0.06,65.59,66.69,10.57
RICK,69.9,72.32,86.37,88.23,98.71,112.56,10,11,16,80,35.04,0.01,39.02,45.67,1.54
EDUC,69.85,76.25,82.18,83.29,75.22,110.27,10,8,6,79,1.26,0.13,1.33,1.5,0.15
PTEN,69.81,73.55,81.88,81.88,98.73,92.69,10,8,16,66,5.43,0.02,6.01,7.09,0.61
TOP,69.71,72.36,75.41,83.0,77.67,65.56,9,8,7,3,1.14,0.05,1.23,1.36,0.48
TLS,69.48,72.81,95.59,98.11,96.44,126.37,9,17,14,87,2.38,0.16,2.77,3.01,0.91
FEMY,69.46,73.72,76.17,96.96,147.63,97.96,9,16,92,71,0.89,0.1,0.89,1.14,0.49
NABL,69.44,78.55,81.99,82.43,82.15,74.57,9,8,8,5,7.48,0.17,8.01,8.82,1.0
VMEO,69.42,79.26,77.58,94.77,122.06,150.67,9,15,85,92,3.89,0.07,4.11,5.39,0.87
HCWC,69.38,70.47,67.77,73.72,79.92,88.07,9,6,7,10,0.41,0.01,0.41,0.81,0.25
TDC,69.34,72.49,78.83,83.08,88.45,89.3,9,8,10,11,20.53,0.09,21.89,25.75,1.03
CMRC,69.33,74.65,79.36,86.04,98.78,98.3,9,10,16,71,4.36,0.0,4.96,5.79,1.05
RGEN,69.29,74.01,93.77,90.02,101.2,102.92,9,12,17,74,111.43,0.04,122.67,138.66,0.74
ACHV,69.25,73.81,81.56,105.81,70.88,88.56,9,77,5,10,2.5,0.16,2.94,3.27,0.84
RVMD,69.25,80.58,90.19,94.25,101.22,159.89,9,14,17,94,35.0,0.13,38.47,42.08,1.63
SGRP,69.21,70.32,69.11,61.05,102.6,151.99,9,3,18,93,1.17,0.17,1.06,1.55,0.56
SQFT,69.16,80.17,181.23,93.42,96.15,91.77,9,14,14,12,5.11,0.08,5.79,6.4,0.07
FLYX,69.15,69.58,75.65,93.58,102.67,97.4,9,14,18,70,2.28,0.13,2.53,2.79,0.29
CRBP,69.11,81.79,77.22,77.69,49.6,130.65,9,7,2,89,8.43,0.06,8.46,10.14,0.53
OMI,69.09,69.09,74.41,75.25,65.13,84.42,9,6,4,8,7.09,0.09,7.73,9.83,1.35
FNWB,69.06,70.78,75.15,96.56,111.46,93.12,9,16,25,67,7.75,0.16,7.99,9.71,1.12
UFPT,69.05,89.59,93.03,96.53,90.72,134.8,9,16,11,90,205.56,0.11,236.53,247.22,0.79
INBK,68.98,70.53,91.1,86.96,87.22,133.12,9,10,10,89,21.92,0.08,24.92,29.87,0.3
BYND,68.97,76.92,100.26,79.34,68.56,69.47,9,7,5,4,2.66,0.07,3.36,3.73,0.66
ERAS,68.95,76.28,83.33,75.42,70.24,122.62,9,6,5,86,1.4,0.16,1.48,1.83,0.4
STKS,68.91,79.0,130.26,137.22,92.79,82.53,9,91,12,7,2.78,0.12,3.73,3.34,0.66
NNOX,68.83,74.14,80.08,85.48,98.09,127.0,9,10,16,87,4.65,0.09,5.12,5.99,0.96
MGLD,68.78,72.66,75.67,86.96,88.14,142.31,9,10,10,91,0.83,0.05,0.86,1.11,0.1
ELDN,68.72,91.29,120.07,104.15,149.08,220.09,9,76,93,96,2.71,0.1,3.16,3.71,1.06
BMGL,68.7,72.96,76.64,115.1,114.01,92.57,9,84,53,40,2.08,0.21,2.72,3.44,0.01
XHLD,68.65,70.8,74.2,99.45,114.01,92.57,9,45,53,40,0.34,0.0,0.42,0.79,0.32
UNCY,68.64,70.5,97.66,155.19,126.13,136.39,9,94,87,90,4.09,0.26,5.53,5.89,0.26
IBO,68.64,86.04,95.33,80.0,168.97,108.37,9,7,95,78,0.58,0.05,0.63,1.34,0.02
MI,68.57,88.49,104.71,83.11,65.89,150.06,9,8,4,92,2.84,0.15,2.58,3.39,0.15
SMTI,68.51,68.51,91.96,104.5,107.33,102.45,9,76,21,74,24.8,0.05,27.67,31.93,0.79
WAT,68.44,76.24,94.87,96.93,111.99,115.64,9,16,25,82,281.2,0.02,325.63,358.12,0.97
ICUI,68.4,81.43,82.42,103.6,115.76,136.82,9,75,81,90,112.85,0.0,130.17,148.16,4.92
GTLB,68.37,77.38,85.51,91.51,115.59,116.61,9,13,81,83,40.42,0.0,44.73,53.78,0.87
FVRR,68.3,78.66,99.64,124.98,113.51,133.1,9,88,26,89,21.71,0.01,27.86,28.87,1.59
MEI,68.28,70.59,116.79,116.28,97.69,99.19,9,84,15,72,6.48,0.16,7.91,8.71,1.25
GXAI,68.22,75.01,81.63,90.91,80.82,140.14,9,12,7,91,1.06,0.01,1.31,1.54,0.91
GDEV,68.08,88.78,102.19,121.33,99.4,97.92,9,87,16,71,13.05,0.15,16.31,16.32,0.68
EEIQ,68.05,76.66,77.25,74.91,98.73,111.15,9,6,16,80,0.58,0.23,0.56,0.78,0.11
YGMZ,67.96,70.99,84.5,144.07,128.59,63.65,9,92,88,3,0.81,0.14,1.01,1.02,0.03
CMG,67.95,72.42,92.36,95.58,94.16,104.48,9,15,13,76,41.44,0.0,51.02,54.31,1.39
LOVE,67.77,70.02,92.13,88.87,86.26,142.53,9,11,9,91,17.89,0.21,18.69,22.78,1.09
TPL,67.75,75.92,93.68,140.63,175.46,235.57,9,92,95,97,862.1,0.1,1034.61,1239.65,1.0
VHI,67.7,70.36,87.19,90.44,90.44,224.3,9,12,11,97,15.5,0.05,16.47,20.18,0.29
GLBS,67.7,71.23,74.6,88.61,82.39,77.0,9,11,8,6,1.0,0.0,1.14,1.26,0.82
PETS,67.68,75.08,92.03,96.51,111.99,132.56,9,16,25,89,3.06,0.03,3.46,4.16,0.97
OSTX,67.65,78.8,81.28,92.7,103.6,118.41,9,14,19,84,1.73,0.15,1.75,2.19,0.74
LUMN,67.55,88.05,151.17,150.82,199.33,445.43,9,93,96,98,3.76,0.1,4.23,5.06,0.87
HAE,67.42,99.41,98.42,97.05,91.22,100.0,9,17,12,73,53.99,0.0,72.62,71.61,3.79
CERS,67.38,73.55,89.02,91.95,88.51,108.13,9,13,10,78,1.21,0.0,1.38,1.54,0.63
LBRDA,67.3,74.39,122.71,136.93,139.61,131.07,9,91,91,89,58.06,0.08,82.44,78.9,0.69
WSC,67.18,71.84,90.61,84.01,91.51,88.0,9,9,12,10,24.35,0.12,28.21,31.57,1.13
FGL,66.99,76.92,72.82,85.94,106.42,92.57,9,10,21,40,1.13,0.12,0.96,1.58,0.06
EVGN,66.93,74.01,75.87,108.6,61.51,44.25,9,79,3,2,1.21,0.07,1.33,1.46,0.02
AZTA,66.91,79.66,84.76,75.37,88.2,96.8,9,6,10,70,29.03,0.13,31.01,38.41,1.03
BCC,66.86,70.76,75.42,76.1,84.88,107.62,9,7,9,78,82.09,0.0,87.27,108.24,0.95
NCMI,66.82,70.41,77.76,87.57,122.75,128.99,9,11,85,88,4.42,0.0,4.97,5.96,0.71
BCAX,66.82,72.92,80.94,102.88,112.2,88.07,9,75,25,10,10.2,0.08,10.43,14.3,0.29
CLBT,66.81,68.25,80.06,117.47,172.57,178.43,8,85,95,95,13.57,0.06,15.25,18.79,0.66
KMX,66.76,68.9,79.93,86.47,108.2,104.99,8,10,22,76,54.96,0.01,63.93,73.58,0.48
PRO,66.7,70.53,78.34,83.65,99.71,98.9,8,9,17,72,14.65,0.05,16.18,20.07,0.84
FORR,66.7,78.71,78.71,76.35,74.58,78.17,8,7,6,6,9.98,0.12,10.2,12.36,0.62
OS,66.67,82.0,97.92,105.44,89.77,92.61,8,77,11,66,20.12,0.13,26.24,26.58,3.49
SRL,66.62,69.01,73.14,102.31,124.0,122.2,8,74,86,86,5.7,0.07,6.08,7.2,0.2
PAMT,66.62,72.82,84.33,101.65,104.88,108.21,8,73,20,78,12.47,0.13,13.03,14.69,0.49
BILL,66.62,70.96,85.05,85.05,97.47,148.53,8,9,15,92,40.74,0.05,44.78,60.24,1.61
ZURA,66.54,73.82,97.24,62.68,59.97,102.49,8,4,3,74,1.42,0.11,1.32,1.89,0.3
BRY,66.48,77.77,84.64,84.34,74.76,76.58,8,9,6,6,2.81,0.16,2.97,3.54,0.63
CTRM,66.45,69.43,76.76,73.06,72.32,79.43,8,6,5,6,2.12,0.02,2.28,2.67,0.33
POLA,66.45,72.11,79.03,68.93,107.46,103.3,8,5,21,75,1.83,0.06,1.88,2.5,0.09
NCI,66.38,83.23,85.41,95.12,91.01,104.62,8,15,12,76,1.7,0.04,2.08,2.49,0.38
TPST,66.32,67.06,66.71,61.58,69.68,56.56,8,3,5,2,7.36,0.1,7.09,9.6,0.29
IPDN,66.29,70.39,123.08,90.87,52.23,124.56,8,12,2,87,2.12,0.12,2.07,3.62,0.09
PRLD,66.25,68.15,73.75,99.69,55.36,49.26,8,71,3,2,0.86,0.04,0.88,0.95,0.38
SGD,66.24,111.24,107.13,60.62,45.12,40.4,8,3,2,1,1.15,0.08,1.02,1.55,0.06
RC,66.22,68.87,71.47,71.4,87.33,82.04,8,5,10,7,4.07,0.01,4.34,5.34,1.29
HUBS,66.19,75.99,88.83,107.49,126.96,125.58,8,79,87,87,449.72,0.0,549.22,634.8,1.49
ICG,66.15,78.99,101.4,65.46,67.63,122.69,8,4,4,86,2.52,0.15,2.32,3.38,0.29
AMPH,66.14,66.14,62.57,71.07,74.55,89.22,8,5,6,11,23.81,0.1,23.41,31.63,2.01
PCLA,66.05,67.96,262.91,175.19,114.01,92.57,8,95,53,40,0.42,0.0,1.14,1.98,0.05
S,66.04,76.71,87.41,84.93,89.8,113.3,8,9,11,81,16.03,0.0,18.05,21.16,0.8
LBRT,65.95,71.09,75.65,75.38,85.28,106.62,8,6,9,77,11.05,0.09,12.18,15.21,0.68
ANL,65.92,65.92,67.49,70.28,87.64,72.91,8,5,10,5,1.56,0.07,1.55,2.01,0.55
TNET,65.91,67.35,74.5,99.89,89.83,89.31,8,71,11,11,63.57,0.01,72.24,81.25,0.65
GTBP,65.84,66.62,83.76,158.53,105.67,94.82,8,94,20,68,1.79,0.02,2.51,2.52,0.31
ADVB,65.74,65.74,70.33,99.45,114.01,92.57,8,45,53,40,0.38,0.0,0.72,1.63,1.2
JCSE,65.71,81.96,97.66,128.1,160.49,175.18,8,89,94,95,0.94,0.03,1.09,1.22,0.59
SMC,65.69,68.62,71.36,75.56,145.14,139.02,8,6,92,91,24.44,0.04,25.26,33.07,0.49
SKY,65.61,72.05,71.97,99.57,118.57,121.43,8,71,83,85,65.9,0.11,64.64,86.31,0.71
DNLI,65.59,69.26,81.36,78.39,89.33,133.62,8,7,11,90,13.96,0.12,14.26,18.38,1.31
CLW,65.49,68.19,93.83,95.02,83.19,84.86,8,15,8,8,22.42,0.02,27.8,27.36,0.83
NSP,65.49,65.49,72.04,82.54,111.57,77.73,8,8,25,6,53.47,0.18,59.25,73.51,1.39
STRR,65.49,67.52,73.99,90.04,87.27,68.68,8,12,10,4,2.02,0.08,2.05,2.36,0.92
CNET,65.39,65.39,88.99,90.4,77.74,62.05,8,12,7,3,1.32,0.04,1.43,1.6,0.01
CZR,65.37,70.48,89.27,87.23,93.08,88.63,8,11,13,10,24.04,0.04,28.02,31.76,1.29
ENTO,65.16,83.47,90.69,93.94,88.46,90.3,8,14,10,11,0.37,0.23,0.47,0.5,0.08
HLX,65.14,69.75,72.43,74.48,89.53,93.72,8,6,11,67,5.84,0.01,6.47,7.94,0.55
TSBX,65.11,67.67,71.85,64.05,57.67,58.06,8,4,3,2,0.35,0.02,0.36,0.41,0.59
DTI,65.0,69.55,96.64,96.64,83.54,84.94,8,16,8,8,2.09,0.19,2.67,2.88,0.21
TCRX,64.98,69.39,83.84,74.29,44.68,83.97,8,6,2,8,1.64,0.11,1.67,2.41,0.32
ODYS,64.98,67.28,73.07,100.44,159.49,186.64,8,72,94,95,4.4,0.06,4.88,6.25,0.13
COOK,64.98,80.7,94.31,84.93,85.72,107.79,8,9,9,78,1.41,0.04,1.75,2.14,0.67
NPWR,64.94,70.25,81.82,70.96,83.13,130.2,8,5,8,89,2.69,0.1,2.67,5.82,0.34
KROS,64.87,70.3,77.28,75.84,74.61,131.75,8,6,6,89,13.73,0.07,14.06,22.06,1.36
ALLR,64.76,68.82,83.52,75.13,61.67,42.11,8,6,3,1,0.97,0.05,0.97,1.06,0.62
SCYX,64.75,65.27,62.06,70.17,80.89,77.43,8,5,7,6,0.87,0.15,0.77,1.01,1.64
SAVA,64.71,77.56,84.19,73.77,52.29,113.02,8,6,2,81,2.18,0.03,2.13,5.34,0.59
LGO,64.67,67.72,91.44,79.0,105.85,111.63,8,7,20,80,1.28,0.07,1.36,1.69,0.77
DXLG,64.57,76.13,85.21,56.58,75.68,85.77,8,3,6,9,1.2,0.12,1.21,1.88,0.3
LOT,64.55,67.97,95.26,83.25,52.92,59.45,8,8,2,3,2.03,0.18,2.19,2.66,2.67
JILL,64.52,70.71,69.52,65.13,84.05,94.99,8,4,8,68,15.25,0.08,15.38,20.64,0.79
LPCN,64.51,68.32,72.6,92.45,77.49,124.65,8,13,6,87,2.93,0.03,3.2,3.89,0.13
ATKR,64.46,86.37,92.3,91.23,78.95,70.57,8,13,7,4,54.99,0.06,70.67,73.45,1.8
HSON,64.44,67.18,69.07,70.19,72.67,83.12,8,5,5,8,9.08,0.07,8.74,11.3,1.88
CCTG,64.34,64.53,62.94,69.63,96.72,92.75,8,5,15,66,1.08,0.03,1.08,1.5,0.33
VGAS,64.27,69.73,87.84,88.3,105.28,110.47,7,11,20,79,2.75,0.0,3.29,3.67,0.47
PUMP,64.26,70.26,86.24,83.98,100.87,121.61,7,9,17,85,4.82,0.03,5.93,7.26,1.09
OMER,64.11,64.11,65.93,120.09,202.32,318.58,7,86,96,98,4.06,0.12,3.5,6.62,0.93
BTOC,64.08,67.46,75.86,86.7,74.36,104.2,7,10,6,75,1.57,0.09,1.52,2.91,0.37
CARM,64.0,78.87,113.3,153.45,60.34,61.42,7,93,3,3,0.27,0.1,0.38,0.47,0.02
CIGL,63.99,72.87,89.69,99.45,114.01,92.57,7,45,53,40,2.04,0.0,7.03,6.45,0.09
MBIO,63.99,63.99,92.09,106.09,20.89,68.03,7,78,1,4,1.66,0.04,1.64,4.56,0.06
CYCN,63.96,78.17,126.41,135.29,132.06,196.18,7,91,89,96,2.29,0.19,3.02,2.96,0.29
EXFY,63.96,77.14,99.91,139.26,198.92,195.84,7,92,96,96,1.71,0.08,2.27,2.87,2.41
HP,63.96,63.96,58.61,60.43,81.4,93.25,7,3,8,67,17.29,0.1,16.51,24.73,1.71
EXAS,63.94,83.91,96.72,109.8,91.85,95.88,7,80,12,69,40.99,0.02,51.74,53.0,1.94
AMBC,63.94,77.71,83.45,70.26,81.86,92.17,7,5,8,13,6.94,0.06,7.62,9.65,2.61
CHNR,63.73,69.31,77.47,110.02,86.8,73.82,7,80,10,5,3.31,0.0,3.99,4.57,0.07
GLXG,63.71,67.79,72.1,73.82,99.22,88.07,7,6,16,10,0.58,0.01,0.59,1.93,0.25
LASE,63.66,81.14,117.76,90.45,152.25,403.13,7,12,93,98,2.44,0.03,2.64,3.87,0.42
REI,63.55,63.55,60.2,59.33,80.96,82.54,7,3,7,7,0.8,0.06,0.78,1.13,1.39
LYB,63.51,70.16,84.55,80.16,89.69,77.47,7,7,11,6,49.06,0.0,59.25,67.25,0.79
SEM,63.5,64.4,75.4,80.78,103.03,118.31,7,8,18,84,12.07,0.03,14.55,17.14,0.99
QNRX,63.41,66.04,82.4,71.5,48.73,90.58,7,5,2,11,7.15,0.07,8.47,13.46,0.18
CBLL,63.3,74.64,100.14,87.03,102.72,92.57,7,10,18,40,12.91,0.09,16.64,20.98,1.93
CYN,63.19,63.19,101.95,126.49,20.33,86.88,7,89,1,9,6.6,0.0,7.73,165.49,0.15
BLNK,63.15,77.02,94.04,70.2,52.97,66.57,7,5,2,3,0.87,0.11,0.94,1.16,0.83
SQNS,63.15,65.6,240.62,100.75,128.65,170.58,7,72,88,94,1.28,0.01,2.02,2.41,0.47
FI,62.99,65.92,80.69,97.04,128.25,127.59,7,17,88,88,133.24,0.01,159.71,195.6,0.7
VFC,62.94,69.41,84.26,78.43,148.82,152.34,7,7,93,93,11.83,0.13,12.28,17.18,0.96
NCEW,62.71,62.71,65.32,110.16,118.77,92.57,7,80,83,40,0.77,0.04,0.95,1.46,0.02
DECK,62.68,68.06,74.29,80.6,96.21,135.14,7,8,14,90,101.68,0.05,104.95,144.12,0.63
WGRX,62.6,62.6,65.65,99.45,114.01,92.57,7,45,53,40,0.8,0.01,1.15,2.46,0.23
MSAI,62.58,67.18,67.18,53.75,73.0,99.97,7,3,5,73,0.82,0.15,0.72,1.21,0.35
ALGN,62.51,63.72,93.88,91.48,79.99,86.6,7,13,7,9,139.88,0.08,182.78,194.7,1.22
TWNP,62.31,62.38,83.43,89.4,114.01,92.57,7,12,53,40,3.54,0.0,4.54,6.49,0.05
PRPH,62.26,70.43,76.27,76.27,57.1,23.7,7,7,3,1,0.31,0.03,0.37,0.58,0.17
WIX,62.22,69.36,86.41,106.27,140.45,152.47,7,78,91,93,122.85,0.0,151.47,182.69,2.05
SPRU,62.19,62.19,61.06,73.39,86.76,88.23,7,6,10,10,1.55,0.18,1.69,2.25,47.21
FLUX,62.01,70.31,96.1,111.31,88.24,64.79,7,81,10,3,1.52,0.14,1.71,1.8,0.42
WFF,61.89,63.6,69.76,99.45,114.01,92.57,7,45,53,40,0.99,0.03,3.25,3.58,0.15
SAIH,61.87,78.6,217.75,110.77,88.46,142.66,7,81,10,91,7.09,0.19,8.29,9.77,0.31
MX,61.78,72.2,104.88,96.09,102.78,85.24,7,16,18,9,2.7,0.02,3.84,3.91,1.79
TKNO,61.75,67.28,145.87,159.7,225.17,310.19,7,94,97,98,4.23,0.09,5.08,6.55,1.87
BRN,61.72,62.43,66.7,97.63,88.54,75.35,7,17,10,5,1.14,0.01,1.24,1.52,0.04
GMGI,61.68,70.8,76.89,76.04,101.93,96.38,7,7,18,70,1.4,0.02,1.69,1.98,2.0
CLB,61.61,62.62,76.39,72.02,89.42,107.52,7,5,11,78,10.22,0.0,11.69,15.15,0.63
ELV,61.55,61.55,69.29,93.52,110.62,79.37,7,14,24,6,293.99,0.07,340.75,385.78,0.99
ASGN,61.47,66.22,68.04,66.56,77.21,91.86,7,4,6,12,49.44,0.04,51.1,69.66,0.89
PHUN,61.4,65.22,89.27,96.69,73.05,121.49,7,16,5,85,2.58,0.02,3.12,3.95,0.73
CGEM,61.38,66.77,69.35,71.61,64.85,92.53,7,5,4,13,7.3,0.02,8.08,9.91,1.55
FNGR,61.26,74.9,117.63,270.73,192.05,81.96,7,97,96,7,1.42,0.1,1.99,1.86,0.4
DXF,61.23,67.0,84.76,96.78,114.01,92.57,7,16,53,40,4.48,0.01,5.3,8.54,1.39
OLMA,61.19,66.93,84.92,78.93,65.41,83.64,7,7,4,8,4.64,0.15,4.6,5.93,0.71
CROX,61.11,89.74,87.92,109.67,101.54,81.82,7,80,18,7,75.24,0.01,101.78,104.56,3.79
ASIX,61.07,69.74,95.52,94.2,98.82,107.44,7,14,16,78,18.13,0.01,22.78,25.74,0.93
SYNX,61.07,65.91,69.81,60.71,142.94,132.78,7,3,92,89,1.76,0.04,1.74,2.74,0.36
WOW,61.01,66.06,75.14,90.33,115.66,116.16,7,12,81,83,3.19,0.01,3.89,4.51,1.85
ROLR,60.86,65.35,86.46,98.69,104.86,92.57,7,18,20,40,2.23,0.04,2.77,3.92,0.26
BNAI,60.76,64.85,61.45,87.01,53.66,50.77,7,10,3,2,0.32,0.04,0.36,0.52,0.04
MYPS,60.71,65.34,74.08,91.62,90.12,99.29,7,13,11,72,1.05,0.0,1.3,1.53,0.27
COLM,60.66,66.58,76.98,84.65,105.17,103.41,7,9,20,75,50.7,0.03,60.11,73.89,0.96
SPHL,60.6,63.84,87.59,80.27,117.07,92.57,6,8,82,40,0.52,0.02,0.52,2.24,0.2
GTE,60.59,69.09,76.83,96.58,78.9,105.59,6,16,7,76,3.73,0.01,4.79,5.45,1.04
MGPI,60.59,63.51,72.06,73.0,69.53,50.23,6,6,5,2,27.4,0.02,29.95,35.18,0.85
NRIX,60.52,66.32,83.93,75.97,102.11,218.51,6,6,18,96,9.84,0.05,11.8,15.72,0.59
BLMZ,60.33,60.33,101.89,58.32,69.4,88.05,6,3,5,10,0.2,0.04,0.18,0.36,0.17
BCDA,60.31,71.7,97.52,100.87,112.34,69.38,6,72,25,4,1.79,0.05,2.17,2.28,0.25
HPAI,60.22,77.17,83.31,98.54,124.78,104.16,6,18,86,75,3.95,0.1,4.56,5.46,0.1
IRWD,60.21,60.21,52.13,30.0,33.95,71.9,6,1,1,4,0.9,0.06,0.73,2.07,0.51
CHTR,60.18,66.93,108.72,120.14,124.14,109.82,6,86,86,79,256.57,0.0,368.32,367.51,1.01
CAL,60.17,64.64,67.21,69.55,65.41,79.26,6,5,4,6,13.58,0.04,13.68,18.96,0.49
SELX,60.14,70.58,75.98,106.27,114.94,88.44,6,78,80,10,0.99,0.0,1.24,1.43,3.47
DBI,60.1,64.07,74.53,70.6,72.44,78.9,6,5,5,6,2.91,0.13,2.91,4.02,1.09
ATOM,60.02,98.91,120.14,167.55,174.55,411.16,6,95,95,98,3.52,0.08,5.19,6.29,0.87
FCUV,59.93,65.72,113.06,165.82,189.51,271.63,6,95,96,98,2.24,0.05,3.48,3.9,0.24
INSG,59.92,64.05,76.96,100.71,202.74,357.67,6,72,96,98,6.83,0.03,7.58,10.19,1.8
TTD,59.92,105.56,103.25,91.74,117.35,136.15,6,13,83,90,54.23,0.1,76.45,89.77,8.41
GRWG,59.88,63.9,78.62,85.02,66.93,80.81,6,9,4,7,1.05,0.13,1.07,1.35,1.13
LNZA,59.83,86.69,137.13,60.63,53.28,87.5,6,3,2,10,0.33,0.09,0.33,0.74,0.35
HUDI,59.8,62.82,67.22,80.48,83.2,72.28,6,8,8,4,1.12,0.02,1.32,1.58,0.19
MDBH,59.77,66.63,71.4,68.22,89.84,83.71,6,4,11,8,3.85,0.02,4.24,5.59,1.51
TIVC,59.77,60.3,86.6,96.37,149.96,76.92,6,16,93,6,3.16,0.06,3.88,4.58,0.6
LUCY,59.75,60.1,63.93,69.11,82.96,128.74,6,5,8,88,1.96,0.02,2.35,4.08,0.01
AFCG,59.39,61.2,65.73,71.03,102.48,107.69,6,5,18,78,4.47,0.04,4.68,6.54,0.67
PAL,59.31,63.45,73.95,84.0,94.06,89.86,6,9,13,11,6.05,0.0,7.27,8.66,0.75
GDRX,59.26,74.76,84.35,88.41,84.22,67.28,6,11,9,4,3.47,0.0,4.57,4.68,2.12
ALBT,59.17,63.25,69.62,112.65,279.88,95.39,6,82,98,69,2.22,0.03,2.77,3.74,0.09
KFRC,59.03,65.16,82.22,73.74,88.61,85.89,6,6,10,9,31.96,0.01,40.71,48.3,1.25
CE,58.98,66.57,89.92,82.63,60.71,54.15,6,8,3,2,48.05,0.1,55.85,63.29,1.04
MLSS,58.9,58.9,70.07,116.57,150.71,164.08,6,85,93,94,0.64,0.23,0.72,0.9,1.1
JANX,58.82,63.26,66.48,63.67,137.08,325.3,6,4,90,98,22.83,0.01,24.71,36.61,1.06
IGMS,58.69,58.69,56.12,51.03,45.65,133.4,6,2,2,89,1.27,0.01,1.27,3.87,0.22
TLYS,58.64,65.29,67.45,48.31,76.93,76.49,6,2,6,5,1.38,0.13,1.45,2.74,0.3
MNKD,58.61,65.44,66.81,85.4,103.31,145.18,6,10,19,92,3.52,0.02,3.88,5.27,1.17
HUBC,58.43,74.8,97.39,45.35,127.7,153.38,6,2,87,93,2.8,0.1,2.67,4.56,0.29
GETY,58.43,64.96,78.08,78.08,70.42,80.5,6,7,5,7,1.69,0.11,1.77,2.29,0.44
XIN,58.33,63.79,90.65,95.37,105.81,117.57,6,15,20,83,1.89,0.07,2.15,2.69,0.57
EDHL,58.25,60.66,89.69,99.45,114.01,92.57,6,45,53,40,0.58,0.0,3.5,3.68,0.16
DYN,58.24,67.39,64.75,72.28,58.57,136.76,6,5,3,90,11.16,0.11,10.7,16.13,0.74
CYH,58.21,65.75,107.33,109.13,100.56,104.09,6,80,17,75,2.49,0.03,3.3,3.32,0.61
SILO,58.14,65.44,62.42,74.16,131.92,135.0,6,6,89,90,0.69,0.17,0.62,1.03,0.39
BIYA,58.1,61.28,71.11,99.45,114.01,92.57,6,45,53,40,0.64,0.0,1.47,2.83,0.28
BLMN,57.79,73.25,93.3,87.39,67.66,66.19,6,11,4,3,6.63,0.04,8.92,10.17,1.64
RELI,57.73,59.17,83.72,153.96,64.33,76.74,6,93,4,6,1.02,0.01,1.53,1.6,0.02
SSKN,57.64,61.08,77.88,94.29,94.8,85.22,6,14,13,8,1.78,0.0,2.23,2.67,0.79
IFBD,57.62,62.27,65.64,67.98,71.16,94.62,6,4,5,68,1.02,0.04,1.05,1.61,0.14
VYGR,57.53,64.4,69.78,62.2,63.39,83.89,6,3,4,8,3.14,0.08,3.22,4.43,1.48
ECOR,57.4,79.87,97.32,88.1,216.56,249.73,6,11,97,97,4.62,0.0,6.15,10.17,1.34
THS,57.37,60.02,64.34,68.88,85.91,82.6,6,5,9,7,18.63,0.0,20.69,28.09,0.94
PDSB,57.36,59.3,74.15,91.85,62.78,74.23,6,13,4,5,1.11,0.06,1.36,1.62,0.51
GYRE,57.31,60.37,76.86,89.86,102.44,129.64,6,12,18,88,7.19,0.08,7.73,10.22,0.53
BDSX,57.24,57.24,46.49,32.13,58.62,90.24,6,1,3,11,0.4,0.1,0.32,0.82,0.72
SABR,57.21,92.94,110.12,108.15,128.68,122.95,6,79,88,86,1.88,0.0,2.94,3.22,3.69
RARE,57.14,60.99,93.24,89.9,88.0,96.64,6,12,10,70,27.54,0.04,33.19,39.92,0.73
SRTS,57.12,93.37,93.37,86.8,108.26,191.16,6,10,22,96,3.46,0.0,4.83,5.77,10.5
NITO,57.07,59.96,98.62,93.08,263.37,543.78,6,14,98,99,0.25,0.03,0.26,0.41,0.15
FC,57.04,59.98,65.24,66.81,89.2,87.86,6,4,11,10,18.85,0.01,21.41,29.07,0.64
TWST,56.95,70.17,81.06,80.36,103.71,123.93,6,8,19,86,25.64,0.02,34.15,40.44,1.6
HKD,56.7,60.34,66.44,87.94,76.46,86.93,6,11,6,9,1.64,0.0,1.84,2.39,0.36
RHI,56.68,59.76,67.15,74.06,80.86,96.61,5,6,7,70,34.2,0.0,41.24,55.18,0.65
LULU,56.63,60.86,72.93,102.22,111.94,117.14,5,74,25,83,189.43,0.0,239.62,311.4,0.86
WEAV,56.62,59.17,71.04,86.36,134.98,135.12,5,10,90,90,7.57,0.07,8.31,11.99,1.73
IIPR,56.58,66.37,77.15,75.25,74.24,98.22,5,6,6,71,45.83,0.0,54.03,67.82,2.14
CSAI,56.53,56.53,69.29,88.99,114.01,92.57,5,11,53,40,1.9,0.0,2.04,5.22,0.41
HRTX,56.52,80.07,97.99,107.36,142.68,104.87,5,79,92,76,1.32,0.17,1.99,1.87,10.03
PALI,56.51,72.1,87.15,55.38,41.14,45.36,5,3,2,2,0.79,0.05,0.81,1.3,1.09
RXT,56.31,61.01,74.07,63.07,126.05,139.53,5,4,87,91,1.21,0.09,1.3,1.93,1.11
FAMI,56.31,57.39,66.36,64.09,64.38,80.54,5,4,4,7,1.6,0.02,1.82,2.58,0.88
IMXI,56.11,57.23,59.33,64.28,88.07,98.8,5,4,10,72,9.28,0.04,10.13,15.08,0.96
GWAV,56.0,59.56,98.47,53.57,60.36,81.44,5,3,3,7,0.19,0.07,0.21,0.33,0.64
GBIO,55.7,57.39,73.23,44.43,31.71,96.35,5,2,1,70,4.1,0.04,4.01,7.93,0.41
ZBAO,55.55,58.71,59.68,57.48,62.24,84.67,5,3,4,8,1.03,0.05,1.0,1.6,0.31
CVM,55.5,70.27,68.16,41.93,51.38,49.47,5,2,2,2,7.44,0.15,4.2,10.9,0.44
LNTH,55.45,64.43,79.59,94.25,132.22,111.99,5,14,89,80,57.2,0.08,76.19,89.06,1.8
VERX,55.44,70.85,81.08,107.13,142.3,154.95,5,78,91,93,25.67,0.0,35.51,42.89,2.02
DDD,55.44,59.68,68.4,68.34,129.0,120.49,5,5,88,85,1.78,0.12,1.69,2.64,0.49
ASNS,55.35,55.35,58.26,80.65,111.16,122.3,5,8,24,86,0.62,0.11,0.61,0.95,2.55
BRCC,55.33,60.85,61.7,60.19,72.5,73.56,5,3,5,5,1.44,0.05,1.6,2.34,0.97
ALIT,55.33,75.4,89.19,89.19,83.65,97.57,5,11,8,71,3.81,0.0,5.42,6.17,2.24
THAR,55.26,62.95,97.96,93.27,70.76,65.48,5,14,5,3,1.23,0.08,1.54,1.75,0.15
BCYC,55.22,57.92,66.88,59.6,51.72,107.47,5,3,2,78,7.65,0.06,8.0,12.24,0.93
SMSI,55.2,64.28,94.66,113.23,126.3,97.29,5,83,87,70,0.68,0.12,0.86,0.98,0.69
STTK,55.18,68.3,65.31,65.31,83.54,52.25,5,4,8,2,0.76,0.01,0.9,1.08,0.31
MRKR,55.05,65.11,90.71,81.46,48.61,117.56,5,8,2,83,1.19,0.05,1.53,2.09,0.06
ALKT,55.03,64.51,95.11,101.52,100.2,132.93,5,73,17,89,20.12,0.0,27.75,31.43,1.16
ZDAI,54.76,58.18,90.94,91.1,62.63,566.56,5,13,4,99,0.52,0.0,0.72,3.04,0.12
ZJK,54.76,62.71,73.93,94.41,123.92,140.04,5,15,86,91,2.73,0.01,3.84,5.92,0.16
CDNA,54.63,63.77,91.65,94.41,150.18,164.35,5,15,93,94,11.97,0.01,16.85,19.85,1.05
BRBR,54.61,72.71,78.38,97.1,128.99,123.45,5,17,88,86,38.99,0.07,56.82,68.57,1.09
NISN,54.56,56.95,59.31,69.46,148.27,182.21,5,5,93,95,4.04,0.04,4.02,6.11,0.41
NAUT,54.54,61.3,58.91,58.91,60.98,83.69,5,3,3,8,0.73,0.03,0.75,1.36,0.33
EHTH,54.27,79.65,67.17,91.38,193.52,186.03,5,13,96,95,3.45,0.03,4.0,6.29,1.43
VRAX,54.22,59.99,76.08,87.86,154.1,216.39,5,11,93,96,0.78,0.0,0.89,1.45,0.22
LVRO,54.16,54.16,55.77,57.32,86.38,90.89,5,3,9,12,2.13,0.04,2.24,3.56,2.32
ATXG,54.09,58.12,92.73,117.06,149.05,123.31,5,85,93,86,0.43,0.04,0.64,0.71,0.04
FLD,53.75,60.61,76.97,58.37,91.02,96.09,5,3,12,69,4.01,0.15,4.44,7.4,0.28
COOT,53.72,57.25,58.05,76.88,131.16,119.78,5,7,89,84,0.52,0.02,0.66,0.96,0.05
VERU,53.59,70.38,80.66,105.02,88.28,149.03,5,77,10,92,0.37,0.0,0.57,0.61,1.03
TLPH,53.45,53.68,74.17,73.29,84.73,99.53,5,6,9,72,0.41,0.03,0.46,0.59,0.36
EZGO,53.29,82.14,82.14,60.95,51.91,56.86,5,3,2,2,0.33,0.03,0.35,0.54,0.73
FUN,53.27,69.06,73.29,85.35,99.36,107.76,5,10,16,78,23.79,0.0,30.7,38.7,1.77
WIMI,53.23,57.15,56.14,53.6,138.2,241.0,5,3,91,97,3.62,0.06,3.17,7.03,1.64
AYRO,53.19,78.93,72.21,71.2,75.56,69.6,5,5,6,4,5.88,0.0,6.86,9.19,0.33
ALMS,53.09,63.25,63.25,84.89,117.44,84.08,5,9,83,8,4.3,0.15,3.51,6.2,0.88
XRX,53.07,57.11,91.81,78.31,72.02,76.65,5,7,5,6,4.17,0.08,5.17,6.51,0.94
FATE,53.0,64.56,73.31,94.57,66.26,76.22,5,15,4,5,0.92,0.07,1.2,1.47,0.83
ITRM,52.94,55.62,82.77,75.5,107.81,204.2,5,6,22,96,0.71,0.01,0.92,1.32,1.28
PRCT,52.69,71.91,85.89,89.2,92.72,163.11,5,11,12,94,38.41,0.0,56.85,67.88,2.16
BFRG,52.57,57.47,78.06,85.81,121.27,94.11,5,10,85,68,1.27,0.0,1.56,2.0,0.44
TNMG,52.54,60.94,59.85,33.69,21.1,129.72,5,2,1,88,0.43,0.01,0.52,3.71,0.18
MASK,52.48,55.88,74.58,113.54,125.16,92.57,5,83,86,40,1.0,0.02,2.24,2.84,0.15
IMNN,52.42,58.9,63.14,243.9,125.14,96.01,5,97,86,69,7.18,0.07,12.27,11.69,0.14
NCL,52.39,53.11,75.48,575.71,165.58,112.19,5,99,94,80,0.16,0.0,0.29,0.29,0.11
SGML,52.38,52.38,65.3,64.94,100.39,95.04,5,4,17,68,5.44,0.11,5.42,9.55,1.93
XBP,52.24,82.92,126.17,94.7,115.88,80.4,5,15,81,7,0.63,0.04,0.95,1.09,0.21
CRI,51.92,54.31,64.54,65.13,79.72,79.16,5,4,7,6,25.36,0.04,30.09,42.02,0.55
PCVX,51.78,60.31,67.68,58.58,94.94,132.75,4,3,14,89,29.9,0.02,34.4,62.82,1.39
GENK,51.78,62.46,70.27,68.98,78.07,100.33,4,5,7,73,3.44,0.03,3.91,5.76,1.42
WPP,51.58,57.37,77.41,85.94,93.9,106.84,4,10,13,77,24.75,0.0,32.47,41.04,1.56
FPAY,51.38,70.77,94.84,112.69,131.69,158.54,4,82,89,93,0.72,0.01,1.19,1.4,1.0
CRIS,51.23,52.05,78.1,71.57,54.98,58.06,4,5,3,2,1.71,0.1,2.04,2.8,0.15
JTAI,50.99,58.1,60.13,79.59,82.25,11.8,4,7,8,1,3.14,0.01,3.66,5.14,0.24
BBGI,50.95,50.95,51.44,60.91,70.01,67.4,4,3,5,4,4.3,0.05,4.3,6.86,0.21
UOKA,50.76,50.76,51.56,54.67,52.61,51.91,4,3,2,2,2.57,0.02,2.62,4.23,0.19
JAMF,50.56,50.56,59.37,68.01,84.82,79.58,4,4,9,6,7.91,0.07,8.96,12.65,3.35
ULY,50.47,50.93,128.3,129.05,168.83,52.71,4,89,95,2,5.1,0.14,5.79,6.3,0.03
IBTA,50.28,55.58,61.58,98.3,97.22,107.03,4,17,15,77,32.8,0.01,39.66,54.86,0.88
DNUT,50.1,50.76,59.93,44.32,74.29,84.38,4,2,6,8,3.08,0.05,3.19,6.5,0.4
PIII,50.03,56.82,56.82,55.6,69.51,45.01,4,3,5,2,6.7,0.04,6.63,9.77,0.75
GP,50.01,62.07,58.28,58.65,63.31,68.24,4,3,4,4,0.35,0.03,0.4,0.62,0.33
ABP,49.78,49.93,49.47,24.83,19.42,84.9,4,1,1,8,0.25,0.01,0.23,1.72,0.25
TRAW,49.52,50.9,53.4,43.46,83.21,128.72,4,2,8,88,1.5,0.03,1.57,3.69,0.06
SKK,49.35,57.84,77.34,86.49,109.49,91.26,4,10,23,12,0.45,0.0,0.61,1.37,0.09
CLRO,49.19,51.31,114.15,111.1,139.5,147.72,4,81,91,92,4.61,0.02,6.73,8.16,0.01
ACHC,48.99,56.25,61.18,54.56,71.84,70.6,4,3,5,4,19.24,0.02,22.17,32.38,1.41
FLGC,48.79,59.84,85.05,80.98,86.02,167.01,4,8,9,94,18.76,0.02,24.72,34.1,2.65
ZSPC,48.62,51.66,55.31,75.23,115.5,92.57,4,6,81,40,2.4,0.02,3.29,9.1,3.61
CGC,48.51,48.51,64.61,74.77,43.01,67.77,4,6,2,4,1.25,0.07,1.24,2.07,4.66
HELE,48.48,53.26,49.58,49.83,76.08,81.8,4,2,6,7,21.81,0.03,25.87,46.91,0.44
CAPS,48.44,54.67,62.28,73.45,97.37,69.06,4,6,15,4,1.32,0.0,1.66,2.4,0.66
DMRC,48.36,54.44,62.26,62.69,106.72,148.83,4,4,21,92,11.22,0.02,12.84,22.77,0.71
BIOX,48.21,56.7,69.53,79.73,61.42,67.14,4,7,3,3,3.1,0.0,4.25,5.25,1.38
BCTX,47.98,47.98,214.43,317.13,1003.98,459.14,4,98,99,98,0.71,0.06,2.17,2.43,0.44
UNH,47.76,47.76,52.54,72.33,125.38,99.25,4,5,86,72,250.89,0.03,291.04,447.83,0.68
FEAM,47.2,47.2,52.18,68.23,42.49,108.38,4,5,2,78,3.77,0.04,3.8,6.82,0.82
ARVN,47.15,55.09,63.51,61.61,62.9,94.46,4,3,4,68,6.29,0.01,7.51,14.02,1.03
LEXX,46.99,48.0,48.32,52.49,78.51,89.84,4,2,7,11,0.85,0.01,0.93,1.56,0.42
DCGO,46.83,46.83,49.22,60.21,142.74,132.99,4,3,92,89,1.57,0.07,1.5,2.99,2.05
STSS,46.83,46.83,49.26,26.1,12.53,51.01,4,1,1,2,6.5,0.0,5.48,266.71,0.3
GPCR,46.67,51.62,75.78,87.02,82.21,81.02,4,10,8,7,16.31,0.07,19.82,25.29,1.36
NEO,46.52,47.38,57.57,58.28,83.07,118.96,4,3,8,84,5.8,0.07,6.82,11.16,0.78
ACRV,46.46,46.46,44.33,41.24,83.67,129.14,4,2,8,88,1.24,0.02,1.28,4.04,0.32
BCAB,46.42,51.35,69.46,82.43,63.94,113.98,4,8,4,81,0.35,0.04,0.4,0.7,0.77
BOLD,46.33,50.4,55.56,56.42,63.74,82.78,4,3,4,7,1.08,0.02,1.13,1.91,0.33
MLAB,46.01,58.07,72.04,100.26,124.74,118.63,4,72,86,84,64.29,0.07,87.77,115.94,0.81
GOCO,45.97,57.18,54.32,65.3,165.64,133.43,4,4,94,89,5.59,0.01,5.86,10.84,0.77
AUID,45.92,45.92,71.79,86.58,125.18,81.56,4,10,86,7,3.52,0.0,4.54,5.82,0.12
YAAS,45.87,46.55,48.66,143.54,101.26,92.57,4,92,17,40,0.39,0.01,1.58,2.31,0.12
GUTS,45.78,89.37,94.59,124.45,74.03,68.32,4,88,6,4,0.96,0.01,1.79,1.79,1.19
SCWO,45.71,49.84,50.69,94.58,45.36,117.99,4,15,2,83,0.25,0.03,0.3,0.56,0.42
PROP,45.65,46.43,62.17,54.73,92.28,94.89,4,3,12,68,3.26,0.03,3.63,5.97,1.14
CBIO,45.6,47.3,66.71,95.75,104.85,119.32,4,16,19,84,12.85,0.05,15.08,24.08,0.45
XAIR,45.57,45.57,57.13,66.28,61.94,77.26,4,4,3,6,3.0,0.02,3.52,6.14,0.72
ATER,45.53,47.74,61.13,82.49,99.07,81.58,4,8,16,7,1.19,0.01,1.4,2.03,0.5
BMEA,45.36,49.36,60.06,69.28,48.23,84.93,4,5,2,8,1.54,0.01,1.94,3.66,0.38
GOVX,45.24,49.08,55.99,68.05,78.59,100.97,4,4,7,73,0.68,0.03,0.85,1.53,0.22
BENF,45.22,57.29,79.31,57.86,31.01,34.06,4,3,1,1,0.29,0.02,0.32,0.54,0.07
FRSX,45.21,45.21,58.36,76.23,108.57,244.4,4,7,22,97,0.36,0.0,0.48,0.74,0.31
CCOI,45.14,65.59,77.21,74.47,109.63,112.3,4,6,23,80,30.62,0.0,47.67,62.69,6.07
MREO,44.98,48.51,95.26,89.86,82.86,116.05,4,12,8,82,1.53,0.0,2.26,2.82,0.57
MTVA,44.93,46.91,46.86,37.3,72.18,65.01,4,2,5,3,0.63,0.01,0.67,1.47,0.42
MURA,44.78,67.95,130.62,120.35,114.67,110.82,4,87,80,80,1.59,0.17,2.42,3.04,4.66
RNTX,44.46,50.28,64.42,85.94,79.21,139.3,4,10,7,91,1.11,0.0,1.55,2.1,0.83
ENPH,44.31,47.35,55.35,63.78,70.86,61.36,4,4,5,3,32.44,0.02,39.02,56.85,0.88
SGBX,44.29,52.04,99.53,165.31,75.49,67.57,3,95,6,4,0.4,0.17,0.69,0.62,13.91
HLP,44.22,51.9,52.1,118.93,98.55,91.97,3,86,16,12,0.66,0.03,0.77,1.14,6.28
BGI,43.79,47.24,58.28,60.1,62.49,63.37,3,3,4,3,0.63,0.0,0.86,1.26,2.34
ADIL,43.7,48.17,62.82,75.53,82.94,86.08,3,6,8,9,0.38,0.15,0.44,0.76,0.09
VEEA,43.64,53.25,64.12,69.24,50.31,65.11,3,5,2,3,1.25,0.0,1.78,2.38,2.55
CISS,43.29,47.42,54.2,53.0,35.75,48.83,3,3,2,2,3.2,0.01,3.47,6.87,0.45
UGRO,43.26,57.88,63.47,41.19,57.42,96.36,3,2,3,70,0.33,0.02,0.36,0.77,0.49
VTAK,43.2,43.2,50.21,121.79,71.21,66.84,3,87,5,3,0.19,0.01,0.24,0.35,0.07
BJDX,43.16,46.1,48.24,37.59,106.16,37.32,3,2,21,1,1.4,0.0,1.63,3.09,0.04
ENVB,43.01,46.47,43.86,42.3,30.63,80.23,3,2,1,7,1.11,0.0,1.26,29.62,0.35
EOLS,42.96,64.1,77.93,73.26,105.25,100.89,3,6,20,73,5.9,0.0,9.25,11.67,1.88
INSP,42.9,70.33,74.63,83.65,102.07,106.53,3,9,18,77,79.14,0.01,127.15,164.09,1.86
ANGH,42.87,46.98,76.8,72.05,84.85,83.67,3,5,9,8,3.3,0.03,4.87,6.43,0.13
RIME,42.81,49.6,50.47,66.13,28.44,46.21,3,4,1,2,2.37,0.0,2.57,14.09,0.46
EHGO,42.58,52.36,55.2,91.11,92.09,137.76,3,13,12,90,0.71,0.01,0.84,1.75,0.04
IFRX,42.45,46.58,62.22,115.11,167.19,154.58,3,84,95,93,0.8,0.04,0.84,1.56,0.41
NTCL,42.02,46.33,47.4,213.43,230.08,92.57,3,97,97,40,2.0,0.02,1.97,7.39,0.42
SGMO,41.97,55.61,75.76,78.01,124.52,417.11,3,7,86,98,0.46,0.01,0.51,1.1,1.43
SUUN,41.81,42.61,47.71,53.04,150.04,98.24,3,3,93,71,1.36,0.01,1.48,2.51,0.31
EDAP,41.78,45.48,70.81,67.08,74.47,58.05,3,4,6,2,1.25,0.0,1.59,2.09,1.91
HCAI,41.71,58.18,58.18,160.71,142.72,92.57,3,94,92,40,0.67,0.0,1.23,4.7,0.04
SAFX,41.47,42.92,44.98,286.1,121.9,92.57,3,98,85,40,1.29,0.0,4.64,9.06,0.15
IMG,41.26,51.12,39.61,61.51,97.95,103.63,3,3,15,75,0.35,0.06,0.31,0.58,1.02
TTGT,41.09,49.74,62.06,40.98,63.63,99.3,3,2,4,72,6.33,0.0,7.33,15.02,0.79
SCNI,41.02,43.85,73.92,87.97,97.46,87.07,3,11,15,9,1.52,0.02,2.21,2.93,0.04
TAOP,40.86,41.07,43.67,81.79,64.3,48.24,3,8,4,2,3.91,0.01,4.89,8.24,0.38
CANF,40.77,41.4,54.63,62.06,96.86,84.71,3,3,15,8,0.69,0.01,0.98,1.45,0.33
MYO,40.67,40.67,46.57,73.32,138.17,167.28,3,6,91,94,1.83,0.01,2.32,4.4,1.15
SDOT,40.61,40.61,63.12,57.11,93.73,121.92,3,3,13,85,0.92,0.02,1.28,2.47,0.26
AEHL,40.11,66.65,69.97,64.06,29.79,19.64,3,4,1,1,2.14,0.0,2.99,5.67,0.87
BDMD,39.89,39.89,52.15,157.24,238.24,164.75,3,94,97,94,2.23,0.11,3.74,4.43,0.25
BHAT,39.64,40.58,41.74,41.35,26.67,26.9,3,2,1,1,1.77,0.0,1.82,7.05,0.09
SLP,39.52,39.9,53.37,96.72,107.4,93.49,3,16,21,67,14.17,0.07,18.1,27.38,0.56
AMOD,39.35,42.18,76.29,43.38,42.08,104.13,3,2,2,75,1.05,0.0,1.2,3.52,0.06
RNAZ,39.29,41.47,48.96,27.37,71.25,76.59,3,1,5,6,10.39,0.01,8.9,121.69,0.15
PHH,39.09,41.09,53.93,338.16,199.87,92.57,3,98,96,40,0.64,0.0,13.44,10.76,0.32
LAZR,38.81,41.1,54.46,50.91,82.05,64.78,3,2,8,3,2.68,0.01,3.04,5.9,0.61
LEE,38.67,42.57,60.26,65.25,90.23,156.22,3,4,11,93,4.36,0.0,6.15,10.66,0.77
GNPX,38.57,42.35,65.11,64.37,54.4,122.57,3,4,3,86,0.21,0.0,0.27,0.63,0.36
MKDW,38.46,40.83,52.92,52.92,46.65,41.33,3,3,2,1,0.21,0.03,0.25,0.5,0.06
DFSC,38.16,40.84,744.97,98.32,53.81,26.66,3,17,3,1,4.05,0.07,7.07,10.27,0.1
EVTV,38.09,49.21,39.92,39.02,38.29,90.81,3,2,2,12,1.78,0.01,1.84,6.41,1.53
IOVA,38.04,48.8,70.84,39.65,54.66,113.53,3,2,3,81,2.11,0.04,2.22,4.94,2.41
SLRX,37.99,49.11,72.94,86.19,76.12,156.35,3,10,6,93,0.5,0.0,0.78,1.21,0.19
EONR,37.86,39.38,50.0,75.86,63.75,65.79,3,6,4,3,0.29,0.0,0.39,0.63,0.06
NXXT,37.63,40.48,68.37,103.66,105.48,101.9,3,75,20,74,1.37,0.06,2.32,2.9,0.3
CLSD,37.43,39.93,80.16,83.93,93.39,87.06,3,9,13,9,0.41,0.06,0.68,0.89,0.08
RANI,37.4,37.4,40.41,33.33,72.51,75.3,3,1,5,5,0.53,0.04,0.53,1.28,0.22
GORV,37.34,38.05,51.22,45.32,61.64,40.76,3,2,3,1,3.98,0.0,6.82,17.03,0.36
TROX,37.15,39.66,69.26,62.57,67.31,76.36,3,4,4,5,3.14,0.0,5.24,7.63,1.17
QLGN,37.03,44.93,74.07,79.49,69.26,36.82,3,7,5,1,1.82,0.01,3.24,3.75,0.07
FBLG,36.99,36.99,42.01,54.9,53.17,113.06,3,3,2,81,0.58,0.01,0.7,1.46,2.05
NWTG,36.8,45.76,40.98,39.25,29.22,39.3,3,2,1,1,1.8,0.0,1.64,14.3,0.59
RVPH,36.56,39.36,43.39,87.75,144.99,148.69,3,11,92,92,0.41,0.03,0.56,1.13,0.77
KTTA,36.55,36.55,31.4,45.83,49.44,52.79,3,2,2,2,0.68,0.0,0.76,1.78,0.59
CDLX,36.21,69.56,107.52,66.94,64.57,72.17,3,4,4,4,1.18,0.0,1.85,2.65,1.36
MNDR,36.14,38.41,41.69,40.86,176.38,71.27,3,2,95,4,0.9,0.01,1.15,2.09,0.23
AMIX,36.14,36.2,50.29,54.46,42.56,65.02,3,3,2,3,1.2,0.0,1.43,3.39,0.14
CDIO,35.99,35.99,37.05,49.76,125.93,263.93,2,2,87,97,3.45,0.0,4.08,11.55,1.57
HCWB,35.94,35.94,34.33,50.5,74.25,157.1,2,2,6,93,4.62,0.02,4.85,12.05,0.16
SG,35.82,47.04,62.39,62.89,113.71,213.38,2,4,26,96,9.74,0.0,13.42,24.66,5.99
ICU,35.79,36.77,35.85,48.55,69.84,35.46,2,2,5,1,0.78,0.06,0.79,1.64,0.09
CNC,35.37,37.3,44.76,94.78,106.18,87.7,2,15,21,10,25.59,0.01,40.8,55.5,0.74
TEAD,35.21,54.62,62.49,66.42,139.53,152.36,2,4,91,93,1.73,0.0,2.59,4.42,2.69
VMAR,35.16,41.05,56.52,73.4,27.62,26.34,2,6,1,1,4.95,0.0,6.81,12.46,0.45
JBIO,34.81,34.81,32.39,13.66,109.81,83.02,2,1,23,8,7.49,0.01,8.53,59.02,0.2
FTEL,34.61,46.21,60.67,41.43,19.55,609.49,2,2,1,99,0.48,0.0,0.58,7.93,0.18
CWD,34.49,39.93,36.87,32.78,106.2,86.1,2,1,21,9,2.6,0.0,3.27,8.58,0.13
LFWD,34.35,36.89,38.64,64.96,77.88,67.4,2,4,7,4,0.67,0.03,0.87,1.51,0.21
DVLT,34.21,36.16,57.8,77.42,51.46,88.84,2,7,2,10,0.42,0.01,0.69,1.15,0.5
TWG,34.05,35.37,54.67,51.33,65.1,59.57,2,2,4,3,7.66,0.0,10.75,35.71,0.09
WTO,34.05,35.76,41.19,47.62,44.36,37.09,2,2,2,1,1.1,0.0,1.01,2.27,0.1
ZYXI,33.91,38.23,62.18,61.61,79.9,86.73,2,3,7,9,1.45,0.02,2.25,5.06,0.54
MNTS,33.88,33.88,34.0,43.86,48.13,119.47,2,2,2,84,1.13,0.0,1.32,3.94,0.07
AZI,33.84,35.72,45.05,124.43,142.02,93.11,2,88,91,67,0.23,0.01,0.29,0.79,0.07
VEEE,33.69,64.86,64.95,151.65,151.65,77.88,2,93,93,6,2.1,0.0,2.29,3.47,0.47
TNDM,33.56,52.1,60.51,78.28,96.42,106.25,2,7,14,77,11.23,0.0,17.63,25.21,2.31
MOVE,33.32,33.99,40.25,26.94,101.81,93.21,2,1,18,67,0.61,0.01,0.68,2.84,0.06
LGVN,33.3,84.09,91.14,91.14,98.55,82.62,2,13,16,7,0.68,0.0,1.39,1.63,14.25
WORX,32.98,35.05,43.23,55.09,111.97,175.49,2,3,25,95,0.3,0.01,0.43,0.99,1.08
DOGZ,32.68,36.4,42.94,120.01,361.02,672.48,2,86,98,99,7.55,0.0,16.92,29.49,0.05
AMZE,32.61,32.61,74.45,86.66,120.16,141.16,2,10,84,91,4.2,0.05,7.53,12.34,1.58
XAGE,32.6,35.15,71.17,36.71,56.46,87.12,2,2,3,9,2.7,0.01,3.06,6.68,0.01
AIRE,32.5,37.94,77.4,52.54,158.95,253.04,2,2,94,97,0.34,0.05,0.37,1.02,0.12
ELAB,32.17,33.21,39.87,23.31,23.79,21.88,2,1,1,1,1.88,0.0,2.19,14.59,0.04
AIXI,31.75,38.49,57.3,71.88,86.94,106.54,2,5,10,77,1.62,0.0,2.37,4.08,0.97
SOAR,31.5,33.81,43.68,63.21,47.13,49.17,2,4,2,2,1.31,0.01,1.63,3.58,0.06
JDZG,31.14,39.26,62.18,91.43,105.67,118.97,2,13,20,84,1.7,0.0,2.68,4.9,2.02
EKSO,31.02,33.22,45.29,56.99,62.76,60.07,2,3,4,3,2.99,0.01,3.72,7.45,0.71
INMB,31.01,33.5,39.07,109.07,148.7,117.65,2,80,93,83,2.56,0.06,4.48,6.31,0.32
CNEY,30.09,36.49,45.59,58.85,58.0,85.12,2,3,3,8,2.1,0.0,2.62,5.54,0.24
RDHL,28.6,30.5,57.9,51.84,52.52,75.2,2,2,2,5,1.16,0.0,1.83,4.15,0.19
RXST,28.2,29.37,42.53,42.53,62.86,93.2,2,2,4,67,7.19,0.0,11.18,25.77,1.25
LUNG,27.85,30.73,57.3,52.7,116.69,83.89,2,3,82,8,1.55,0.0,2.78,5.34,1.34
XHG,27.66,27.66,23.57,9.21,60.53,15.42,2,1,3,1,1.21,0.0,1.35,16.46,0.07
INAB,27.55,27.55,31.73,43.12,57.0,68.07,2,2,3,4,2.31,0.01,2.51,6.27,0.66
ILLR,27.39,29.19,51.63,69.52,72.74,227.59,2,5,5,97,0.5,0.0,0.67,1.64,0.51
HTOO,26.48,34.03,45.7,66.86,75.06,91.57,2,4,6,12,4.25,0.01,7.26,12.67,0.07
SUNE,26.18,27.92,24.63,1.96,17.93,18.37,2,1,1,1,1.5,0.0,1.63,241.23,0.41
DUO,25.86,26.85,34.93,46.2,111.2,194.4,2,2,25,96,1.68,0.0,2.36,7.12,0.6
GNLN,25.78,25.78,20.69,1.36,37.39,43.71,2,1,2,2,3.26,0.0,4.71,644.1,0.05
PMNT,25.71,29.87,33.46,72.34,100.53,86.73,2,5,17,9,0.28,0.03,0.4,0.84,0.16
XELB,25.71,33.57,40.3,60.44,74.89,86.22,2,3,6,9,1.07,0.0,1.73,3.76,0.59
ORIS,25.49,25.49,65.95,94.63,93.98,92.57,2,15,13,40,0.14,0.0,0.57,2.32,31.58
MSPR,25.34,32.69,44.48,61.07,79.18,51.72,2,3,7,2,0.75,0.0,1.15,1.84,0.3
RCKT,24.68,27.72,33.17,48.2,53.4,68.76,2,2,3,4,2.86,0.03,2.93,8.58,0.81
CIIT,24.58,29.91,37.06,97.19,239.27,311.28,2,17,97,98,0.95,0.06,1.51,3.08,1.26
CERO,24.2,25.66,30.48,46.46,24.32,79.36,2,2,1,6,7.95,0.0,8.82,78.24,0.01
BDRX,23.97,23.97,30.26,33.46,46.82,43.0,2,2,2,2,7.13,0.0,9.19,28.18,0.12
GCTK,23.94,24.23,35.75,22.53,9.95,101.11,2,1,1,73,5.82,0.0,6.76,247.82,0.01
STI,23.74,34.18,53.83,44.73,85.83,123.21,2,2,9,86,3.28,0.01,3.94,12.52,0.26
HOLO,23.39,23.39,18.61,12.2,39.52,41.9,2,1,2,1,4.59,0.0,5.09,46.64,0.17
TRUG,23.16,24.1,33.27,41.83,62.86,57.06,2,2,4,2,5.09,0.0,7.31,18.37,0.14
BSLK,23.07,29.28,36.36,65.94,126.96,39.65,2,4,87,1,2.26,0.0,2.57,6.02,0.01
NVVE,22.02,30.71,53.95,66.05,56.2,56.41,2,4,3,2,0.5,0.0,0.96,2.06,0.15
STAI,21.6,23.9,44.05,49.47,59.23,90.27,1,2,3,11,0.54,0.0,0.7,3.56,0.19
NEHC,21.5,21.5,26.21,25.2,52.15,94.74,1,1,2,68,0.39,0.0,0.49,3.31,0.05
ECDA,21.44,28.07,35.67,39.46,84.1,84.01,1,2,8,8,0.15,0.01,0.26,0.64,0.06
INTS,21.33,23.9,26.75,18.99,78.59,81.79,1,1,7,7,0.27,0.01,0.34,1.65,1.26
INHD,20.98,20.98,25.15,112.18,174.19,91.93,1,82,95,12,1.21,0.01,1.36,3.92,0.04
XFOR,20.69,22.42,20.18,29.98,98.14,97.32,1,1,16,70,1.49,0.0,2.26,9.56,0.63
DFLI,20.26,21.77,36.19,17.89,43.61,74.56,1,1,2,5,0.23,0.01,0.27,1.79,0.08
WOLF,20.13,23.36,46.62,47.6,61.18,61.84,1,2,3,3,1.48,0.07,1.34,5.14,0.13
ATCH,20.02,25.93,22.22,14.6,27.95,56.43,1,1,1,2,0.18,0.0,0.2,4.22,0.4
OSRH,19.62,22.89,34.05,51.18,90.24,99.35,1,2,11,72,0.6,0.0,1.19,5.36,0.12
NAAS,18.87,26.42,24.66,17.72,34.32,46.87,1,1,2,2,2.17,0.0,3.37,19.39,0.21
JZ,17.59,19.26,19.43,60.73,97.75,83.07,1,3,15,8,1.43,0.0,2.2,7.02,0.02
AIM,14.9,18.91,128.58,53.05,52.56,65.13,1,3,2,3,2.5,0.0,7.48,13.83,0.81
ADAP,14.54,18.11,69.53,60.25,63.05,77.51,1,3,4,6,0.08,0.0,0.23,0.44,1.28
IVF,13.91,16.95,29.03,31.41,43.15,108.86,1,1,2,79,1.8,0.0,3.03,13.95,0.39
NAOV,13.85,14.83,21.4,67.38,123.63,93.65,1,4,85,67,0.8,0.0,0.95,4.16,0.26
EJH,13.66,15.22,5.11,16.59,109.82,45.87,1,1,23,2,1.49,0.0,2.42,28.13,0.14
JAGX,13.28,13.28,24.41,29.35,56.79,52.95,1,1,3,2,2.14,0.01,2.85,13.81,0.57
OGEN,13.01,15.41,15.28,46.61,52.12,55.54,1,2,2,2,1.16,0.0,2.56,6.88,0.54
WLGS,12.2,12.91,31.05,25.98,926.71,911.15,1,1,99,99,0.05,0.0,0.08,2.3,0.85
QH,11.63,11.63,144.19,170.21,224.98,228.03,1,95,97,97,0.12,0.01,1.03,1.29,2.05
AGRI,11.6,15.33,34.15,56.79,55.9,40.41,1,3,3,1,3.13,0.0,7.79,18.67,0.35
MLGO,9.57,9.57,9.98,111.32,473.8,31.01,1,81,99,1,9.2,0.0,20.8,115.95,0.19
WAI,8.55,8.55,8.72,50.56,91.78,114.11,1,2,12,81,0.38,0.0,1.35,5.75,0.31
SISI,8.31,9.61,14.78,35.06,37.92,36.25,1,2,2,1,0.13,0.0,0.25,1.32,0.2
VCIG,6.53,8.6,16.55,14.67,25.97,23.06,1,1,1,1,0.91,0.0,1.88,19.73,0.45
RAYA,5.12,6.14,280.59,262.34,216.85,171.85,1,97,97,95,0.07,0.0,1.59,1.39,2.0
BINI,0.01,0.03,0.04,0.03,6.71,14.18,1,1,1,1,1.73,0.0,481.95,89820781.74,17.63
