Ticker,RS,1wk:end max,1mo:1wk max,3mo:1mo max,6mo:3mo max,9mo:6mo max,Rating (RS),Rating (3M:1M),Rating (6M:3M),Rating (9M:6M),Price,52W pos,MA50,MA200,Volume / VMA50
PPCB,108541.46,121751.75,163847.25,812441.76,1317454.87,1627484.18,99,99,99,99,1.82,0.07,4.42,4.46,0.04
QMMM,9181.03,9181.03,14962.25,407.5,156.2,124.14,99,98,88,73,119.4,0.58,31.3,8.59,0.2
RGC,4237.77,4237.77,5258.21,12426.3,35913.74,1235.56,99,99,99,99,15.1,0.19,13.86,8.31,0.18
ZEPP,1376.1,1580.57,1825.56,1367.87,116.39,116.06,99,99,62,66,44.53,0.82,35.11,11.14,0.6
DFDV,1246.22,1428.9,1661.93,2880.29,5989.97,91.38,99,99,99,21,15.34,0.35,16.98,10.87,0.55
WBX,976.33,1039.78,890.17,1161.85,58.31,54.87,99,99,4,4,4.55,0.69,4.63,1.74,0.28
RGTI,951.38,980.33,802.52,782.03,828.66,1991.6,99,99,99,99,31.18,0.97,17.99,12.74,1.93
ABVX,950.4,999.91,1037.08,986.25,85.62,74.0,99,99,16,9,82.84,0.92,73.06,23.44,0.4
DRUG,917.38,917.38,894.7,972.83,2031.44,3115.25,99,99,99,99,52.72,0.94,41.02,35.19,0.86
OPEN,866.87,928.91,967.05,433.54,61.11,70.13,99,98,5,7,8.81,0.83,4.83,2.04,0.43
ABTS,759.95,768.37,597.76,796.16,1558.7,705.58,99,99,99,98,8.39,0.92,4.64,2.89,1.04
SOGP,743.32,901.24,2018.72,312.36,205.89,113.09,99,97,94,62,20.27,0.55,11.95,4.73,0.02
ORBS,732.49,880.95,2884.29,144.63,86.25,88.74,99,84,16,18,11.49,0.24,6.29,2.62,0.16
QBTS,695.64,734.77,653.4,862.18,1045.0,843.99,99,99,99,98,26.76,0.96,18.41,11.81,1.32
YDKG,692.3,692.3,1169.03,550.56,201.6,323.72,99,98,94,97,3.34,0.58,3.06,1.22,0.27
SUPX,672.6,761.36,1057.9,975.23,276.31,190.73,99,99,96,92,48.37,0.7,37.77,15.06,0.49
TOI,642.89,643.35,782.41,782.41,859.22,417.17,99,99,99,98,3.54,0.82,3.57,2.09,1.11
QUBT,642.32,723.98,723.98,1615.31,1344.81,2522.15,99,99,99,99,20.15,0.78,16.61,12.5,2.4
LICN,583.27,648.63,2274.48,1414.46,5200.34,1269.88,99,99,99,99,4.55,0.68,4.53,3.23,0.28
FORD,570.58,634.26,740.65,246.2,181.89,136.68,99,95,92,80,29.23,0.73,18.06,8.9,0.93
STEX,560.39,697.73,697.73,2240.54,1684.85,305.49,99,99,99,96,5.52,0.47,5.03,3.17,0.85
ONDS,553.34,637.52,585.73,505.25,214.08,295.5,99,98,94,96,7.66,0.97,4.51,2.18,0.87
MFH,538.38,538.38,304.14,157.64,363.19,469.64,99,87,97,98,18.19,1.0,6.17,5.8,0.61
NVFY,499.28,554.55,611.32,333.2,244.28,86.74,99,97,96,16,5.22,1.0,3.07,1.44,1.14
FIEE,491.64,509.92,350.89,654.55,654.55,148.67,99,98,98,85,2.72,0.55,2.8,1.64,0.12
MNPR,482.65,487.4,531.74,476.96,806.16,1363.0,99,98,98,99,76.63,0.99,44.71,37.57,2.07
OKLO,482.28,704.46,673.43,425.38,530.81,430.16,99,98,98,98,110.53,0.76,81.93,47.66,1.28
IDAI,481.38,544.88,488.15,563.22,526.71,1979.33,99,98,98,99,3.17,0.37,2.95,2.54,0.98
BMNR,477.27,520.02,520.02,92.82,114.01,101.26,99,26,54,38,50.5,0.35,47.16,41.24,0.78
AMPX,470.84,572.04,556.66,408.07,260.81,227.14,98,98,96,94,10.93,0.9,8.2,4.33,0.68
QURE,458.95,458.95,178.22,197.44,224.79,338.85,98,92,95,97,54.31,1.0,17.41,14.88,3.63
MOB,455.85,455.85,396.72,350.19,226.74,337.03,98,97,95,97,10.2,1.0,5.35,3.2,3.26
GITS,447.01,459.28,478.0,957.97,805.44,968.1,98,99,98,99,2.36,0.58,2.37,1.7,0.07
ATGL,446.78,493.69,547.04,461.85,850.26,1018.62,98,98,99,99,27.95,0.58,25.5,24.11,0.0
LIXT,420.69,420.69,409.06,285.53,86.25,122.0,98,96,16,71,5.06,0.82,4.47,2.37,2.37
JL,415.1,429.62,789.22,789.22,942.9,1048.03,98,99,99,99,6.55,0.96,6.07,4.89,2.26
TDUP,405.87,441.0,588.57,738.17,607.94,275.15,98,99,98,96,9.21,0.75,10.0,5.57,0.75
NEGG,405.69,485.79,726.29,1265.37,151.96,58.03,98,99,87,4,43.18,0.32,56.92,21.04,0.96
VSA,403.69,408.43,501.23,294.23,174.78,62.06,98,96,91,5,3.18,0.78,2.09,1.01,0.3
MFI,392.19,397.62,581.44,810.63,754.78,117.72,98,99,98,68,35.74,0.71,34.18,16.86,0.77
KOD,383.98,386.76,250.68,277.29,120.16,321.73,98,96,68,96,15.8,1.0,9.34,6.07,1.35
MVST,378.12,396.81,442.97,591.32,837.07,662.7,98,98,99,98,3.87,0.83,3.05,2.52,0.64
BETR,374.41,468.3,228.7,141.09,111.25,91.38,98,83,47,21,53.02,0.75,22.93,14.66,2.4
IREN,372.82,439.56,378.06,230.11,143.11,183.98,98,94,84,91,41.86,0.87,25.2,13.73,1.88
NBTX,367.85,367.85,268.08,234.24,144.7,92.4,98,95,84,22,16.24,0.99,8.86,5.01,1.23
CELC,366.61,397.96,441.31,381.06,98.86,83.91,98,97,30,14,50.6,0.78,45.96,20.09,0.59
TGEN,360.91,378.62,461.71,692.34,548.06,373.7,98,98,98,97,7.85,0.79,8.09,4.58,0.61
CDTX,359.96,359.96,335.06,354.13,286.87,190.26,98,97,96,92,90.5,1.0,65.62,35.42,3.23
PRCH,356.86,391.54,465.81,491.23,435.49,298.7,98,98,98,96,17.09,0.89,15.95,9.45,0.65
CTEV,355.23,355.23,498.08,511.25,346.7,294.43,98,98,97,96,51.45,0.69,57.49,32.76,1.13
DBVT,352.99,358.96,634.41,678.85,883.43,548.33,98,98,99,98,9.16,0.78,9.54,7.35,2.21
OVID,346.31,346.31,254.47,230.27,51.46,67.26,98,94,3,6,1.73,1.0,0.96,0.62,3.69
UAMY,344.77,415.31,394.13,456.49,772.38,548.52,98,98,98,98,6.25,0.85,4.45,2.82,1.46
TMC,344.63,374.68,340.84,561.53,586.85,194.07,98,98,98,92,6.36,0.76,5.76,3.62,0.7
SLGL,343.17,441.5,441.5,393.5,139.4,150.3,98,97,82,85,28.99,0.94,19.62,10.27,0.29
BE,341.95,407.68,400.99,259.21,154.77,242.05,98,96,87,95,70.32,0.79,50.32,29.16,0.73
ENTO,337.71,337.71,311.79,154.85,93.94,90.3,98,86,24,20,4.75,0.9,2.44,1.72,0.04
LTBR,335.39,335.39,281.0,308.48,367.77,376.12,98,97,97,97,21.44,1.0,15.26,11.09,1.9
AREC,334.27,368.11,368.11,297.12,165.82,100.47,98,96,90,33,2.78,0.93,1.82,1.04,0.56
HAO,331.85,331.85,266.03,410.35,783.18,818.28,98,98,98,98,1.25,0.32,1.25,1.25,0.07
SY,330.43,356.88,447.78,586.61,225.74,118.29,98,98,95,68,3.97,0.63,4.31,1.95,0.37
SIFY,327.91,327.91,299.48,246.18,159.41,148.67,98,95,88,85,12.89,1.0,9.13,5.42,1.04
NVNI,327.19,365.98,215.77,179.99,82.33,491.87,98,90,13,98,1.45,0.15,0.67,1.14,1.42
LEU,326.84,339.13,321.42,361.56,327.03,198.06,98,97,97,92,305.35,0.97,223.55,131.71,1.19
AREN,325.2,332.51,322.76,529.99,1037.63,184.25,98,98,99,91,6.31,0.62,6.31,4.02,0.51
NBY,323.17,345.46,670.1,161.96,87.73,82.22,98,88,18,13,2.19,0.46,1.42,0.81,0.02
NRGV,322.65,322.65,281.44,144.23,81.92,193.0,98,84,13,92,3.03,0.94,1.78,1.36,1.56
SONN,322.49,359.89,417.85,446.28,51.53,42.26,98,98,3,2,5.33,0.49,4.1,2.35,0.54
KALA,319.96,337.97,337.97,163.0,109.37,148.15,98,88,44,85,19.05,0.97,11.27,7.14,1.68
LPTH,315.64,315.64,310.93,238.85,188.93,269.82,98,95,93,95,7.9,1.0,4.63,3.16,4.33
COEP,315.34,315.34,221.03,205.26,256.27,250.07,98,93,96,95,17.5,0.98,12.69,9.91,0.63
NB,314.24,332.14,273.37,217.89,218.01,134.22,98,94,94,79,6.82,0.92,4.43,2.78,2.33
BREA,312.59,340.31,314.46,101.22,102.09,119.17,98,45,34,69,24.71,0.92,8.85,7.48,1.31
RLMD,309.36,309.36,269.54,125.07,152.4,40.43,98,74,87,2,1.81,0.46,1.0,0.58,0.41
NKTR,308.21,418.82,441.11,207.08,193.33,107.43,98,93,93,53,58.5,0.97,34.18,18.58,1.07
ABAT,307.8,365.08,272.76,259.99,145.64,218.49,98,96,85,94,4.38,0.92,2.7,1.72,1.15
RYM,306.8,311.25,349.03,348.94,490.29,597.56,98,97,98,98,36.67,0.57,32.58,25.63,0.16
EQ,305.31,305.31,318.35,307.82,95.34,99.37,98,97,25,31,1.5,0.71,1.21,0.73,0.07
ABVC,305.29,331.07,327.75,602.14,305.3,109.73,98,98,97,57,3.16,0.63,2.94,1.6,0.75
ATAI,304.19,320.97,267.02,270.88,176.98,156.98,98,96,91,87,5.27,0.93,4.33,2.41,0.48
PTHS,302.71,314.45,309.5,250.94,191.09,231.12,98,95,93,94,33.8,0.99,25.15,16.86,1.16
AMLX,299.28,299.28,301.12,243.03,208.82,132.43,98,95,94,78,14.52,1.0,9.71,5.78,1.86
CGTX,298.86,346.99,766.17,695.99,60.08,97.17,98,98,5,28,1.33,0.37,1.56,0.75,0.22
JMIA,293.12,303.25,312.92,230.63,96.7,88.25,98,94,27,18,11.38,0.95,7.83,4.41,0.59
UUUU,292.17,295.93,256.58,213.48,113.15,85.77,98,93,50,15,16.71,0.96,11.33,6.62,1.3
AGH,289.08,289.08,431.53,340.07,114.01,101.26,98,97,54,38,2.87,0.47,3.1,1.7,1.24
PL,288.78,289.1,260.87,227.6,198.29,268.92,98,94,93,95,12.2,1.0,7.79,5.34,0.98
IONQ,288.03,324.41,301.83,306.71,329.98,492.85,97,97,97,98,67.28,0.88,47.17,37.68,1.4
PVLA,286.22,286.22,279.05,257.08,247.34,222.28,97,95,96,94,59.59,1.0,48.29,27.77,1.24
XTKG,284.37,292.19,634.78,634.78,534.32,370.54,97,98,98,97,1.86,0.76,2.01,1.35,0.03
IMRX,284.15,378.37,446.34,352.24,162.21,99.99,97,97,89,32,8.08,0.86,5.4,2.83,4.07
OMEX,283.84,302.25,308.7,273.53,229.78,72.86,97,96,95,8,1.97,0.88,1.66,0.97,0.49
PSIX,283.78,368.97,337.15,423.88,467.45,892.92,97,98,98,99,103.72,0.88,91.89,51.19,0.69
SCLX,283.78,309.76,303.33,230.6,41.54,39.84,97,94,2,2,29.21,0.75,19.13,12.06,1.0
ABTC,281.12,299.84,338.01,502.54,317.59,44.46,97,98,97,2,6.58,0.68,6.72,3.78,0.59
YI,280.5,289.24,392.03,636.26,1418.12,1262.02,97,98,99,99,4.71,0.4,6.44,6.44,0.41
MENS,278.64,340.66,340.66,92.82,114.01,101.26,97,26,54,38,59.74,0.9,41.96,32.27,2.73
CIFR,276.13,343.83,300.32,172.0,115.85,136.33,97,90,61,80,11.47,0.78,7.72,5.13,2.63
PGEN,275.16,299.47,361.1,314.68,163.17,191.29,97,97,89,92,3.51,0.69,3.05,1.84,0.42
QSG,275.02,302.41,309.5,397.01,635.82,151.0,97,97,98,86,9.23,0.64,8.71,5.83,0.95
XNET,274.87,276.52,254.0,288.96,309.69,289.96,97,96,97,96,8.42,0.95,6.4,4.48,0.49
ASM,274.55,274.55,283.12,313.09,304.8,220.42,97,97,97,94,5.11,1.0,4.03,2.56,1.64
MP,273.63,314.49,360.16,382.43,197.93,177.58,97,97,93,90,68.63,0.86,67.74,35.75,1.47
MLYS,272.5,272.5,264.6,118.69,154.39,137.19,97,69,87,81,39.99,1.0,22.7,15.47,0.97
HOVR,271.55,272.33,255.47,342.98,334.07,210.23,97,97,97,93,2.49,1.0,1.75,1.06,1.56
VFF,269.91,302.62,317.5,288.77,143.56,83.78,97,96,84,14,2.64,0.77,2.34,1.22,0.55
TURB,269.09,402.32,593.03,134.75,195.6,195.88,97,80,93,92,5.76,0.4,3.41,2.6,0.03
ZKIN,268.7,268.7,242.25,393.0,461.18,452.2,97,97,98,98,2.6,0.61,2.13,1.73,0.72
METC,267.02,294.49,259.37,234.28,111.97,92.73,97,95,48,23,31.43,0.93,24.62,13.78,0.8
SLNH,266.17,331.18,100.16,141.09,40.79,67.23,97,83,2,6,2.75,0.57,0.78,1.12,1.57
MRM,264.28,264.28,142.64,208.38,170.52,27.42,97,93,90,1,2.94,0.71,1.72,1.2,12.17
HYFT,261.66,292.23,508.95,597.0,200.65,73.85,97,98,93,9,1.8,0.51,2.05,0.95,0.24
ROMA,260.56,283.39,296.45,467.72,556.82,111.51,97,98,98,60,2.97,0.66,2.97,1.86,0.42
HIT,260.45,327.49,329.51,240.55,103.2,101.26,97,95,35,38,3.33,0.4,2.69,2.68,0.12
OPAD,256.76,282.55,338.56,203.18,49.81,60.61,97,93,3,5,4.51,0.68,2.98,2.13,0.34
USAS,256.2,256.2,242.12,252.14,222.03,200.74,97,95,95,92,3.52,1.0,2.64,1.76,2.88
PZG,255.79,255.79,215.47,189.55,150.51,100.1,97,92,86,32,1.27,1.0,0.87,0.55,0.89
HOOD,255.75,261.56,279.25,318.42,253.64,298.19,97,97,96,96,121.78,0.95,110.6,69.22,0.59
UMAC,255.29,277.72,258.63,404.74,324.07,963.41,97,98,97,99,12.91,0.64,10.57,9.25,0.45
CYD,251.53,251.53,246.34,233.37,194.55,252.35,97,95,93,95,41.4,1.0,31.22,19.83,1.08
SES,251.37,263.16,214.01,155.43,180.83,228.08,97,86,92,94,1.86,0.74,1.24,0.97,1.35
SATS,251.21,261.64,376.29,212.15,134.75,158.2,97,93,80,87,73.45,0.85,47.64,30.55,0.6
DOMH,250.34,250.34,226.95,263.76,344.05,633.29,97,96,97,98,6.84,0.54,5.8,4.66,0.73
PEPG,247.99,272.74,78.92,63.54,59.2,40.39,97,5,4,2,5.07,0.46,1.59,1.88,1.62
ALXO,246.67,246.67,143.26,132.89,38.06,53.06,97,79,2,4,1.87,0.94,0.92,0.91,0.63
ALMU,245.46,283.64,391.61,418.59,456.82,288.19,97,98,98,96,17.64,0.7,19.26,12.13,1.0
APP,245.16,245.16,241.25,245.16,268.8,481.66,97,95,96,98,669.86,1.0,478.31,370.97,0.79
RR,244.71,346.07,302.78,226.42,260.0,356.13,97,94,96,97,4.2,0.73,2.74,2.32,1.33
CMCL,244.53,244.53,224.39,182.59,173.06,110.77,97,91,91,58,36.6,1.0,26.1,16.4,1.52
STEM,242.54,292.44,192.32,165.08,124.29,137.77,97,88,72,81,17.86,0.65,15.36,11.25,0.46
IMAB,242.52,272.73,460.8,479.7,254.83,72.48,97,98,96,8,3.48,0.63,3.68,1.83,0.11
APLD,242.37,268.23,223.28,237.76,241.95,182.69,97,95,95,91,21.71,0.86,15.69,9.85,0.73
KTOS,242.23,243.63,228.79,226.7,160.33,151.0,97,94,89,86,86.28,1.0,66.77,42.06,0.67
OCC,242.1,299.7,327.67,198.23,126.33,213.22,97,93,74,93,8.05,0.78,6.36,4.26,0.47
VGZ,241.8,263.82,263.82,163.86,214.52,144.36,97,88,94,83,2.08,0.9,1.34,0.94,1.41
SSRM,241.31,242.72,247.79,210.85,205.79,202.04,97,93,94,93,24.13,1.0,17.63,12.01,1.07
CLS,240.76,253.28,284.8,254.93,201.18,252.09,97,95,94,95,243.79,0.93,210.23,134.39,0.59
GALT,240.24,240.24,313.13,225.55,156.22,102.64,97,94,88,45,4.55,0.73,4.06,2.17,0.5
BW,240.06,276.08,285.02,172.07,107.58,101.26,97,90,42,38,2.88,0.8,1.9,1.26,0.91
HOUS,238.67,240.97,162.19,150.95,99.93,90.3,97,85,31,20,10.44,1.0,6.16,4.23,1.84
CRDO,237.62,281.76,313.61,257.2,228.16,294.52,97,95,95,96,142.93,0.79,127.8,80.0,0.95
EOSE,236.09,258.24,226.92,179.9,382.79,405.1,97,90,97,97,10.12,0.94,7.11,5.39,0.82
ASST,236.0,394.5,735.06,959.12,1547.0,82.1,97,99,99,13,2.44,0.16,4.61,2.98,1.3
NBIS,235.3,249.32,209.27,204.13,152.72,148.73,97,93,87,85,107.7,0.94,72.53,44.0,0.91
EPSM,234.34,234.34,338.89,239.64,224.08,101.26,97,95,95,38,35.1,0.23,27.02,18.69,1.93
GPRO,233.74,258.81,232.61,196.81,85.23,62.78,96,92,15,5,2.29,0.75,1.63,1.01,0.54
IDR,233.51,233.51,207.92,208.72,182.44,132.88,96,93,92,79,33.56,1.0,25.1,16.34,1.42
LIDR,233.3,268.17,360.03,418.96,95.87,189.53,96,98,26,92,2.36,0.47,2.71,1.35,0.07
HSAI,233.29,264.09,294.74,324.74,338.78,420.7,96,97,97,98,28.77,0.96,24.87,19.11,0.89
PGY,233.24,280.42,291.47,281.76,162.6,132.51,96,96,89,78,34.64,0.74,34.49,18.53,0.8
RKLB,233.06,274.34,319.0,382.54,323.65,480.73,96,97,97,98,46.26,0.83,46.41,30.81,0.69
AEHR,231.33,255.11,243.28,218.32,112.04,118.71,96,94,48,69,30.19,0.87,23.01,14.02,1.1
TRML,230.66,231.91,235.36,136.48,116.71,92.23,96,81,63,22,47.74,1.0,29.42,19.97,1.03
UUU,228.92,320.08,371.33,201.65,179.24,157.24,96,93,91,87,4.23,0.57,3.77,2.41,0.26
QVCGA,228.88,228.88,218.02,55.53,47.31,72.11,96,3,3,8,13.77,0.36,7.1,9.89,0.27
BTCS,228.71,229.85,228.51,367.94,183.62,230.23,96,97,92,94,4.54,0.64,4.61,3.01,0.18
CDE,228.31,228.6,208.92,169.25,159.46,138.17,96,89,88,81,18.44,1.0,12.72,8.34,0.95
WULF,227.35,250.12,243.81,194.34,116.28,203.78,96,92,62,93,10.83,0.93,8.12,5.26,0.46
QNTM,227.32,258.06,252.91,461.39,566.85,171.64,96,98,98,90,16.32,0.42,20.03,12.01,0.8
PROK,226.32,261.29,238.02,492.77,59.44,103.24,96,98,5,46,2.49,0.42,2.62,1.63,0.4
ITRG,225.98,227.42,215.22,161.81,231.28,151.0,96,88,95,86,2.95,0.95,2.1,1.51,1.68
VERI,224.72,269.95,242.05,118.94,94.01,121.74,96,70,24,71,5.08,0.82,3.13,2.53,1.22
AIIO,224.03,247.83,199.92,299.91,311.91,72.84,96,96,97,8,2.05,0.72,1.44,1.09,6.02
GOSS,223.79,246.69,289.54,235.29,156.17,187.79,96,95,88,91,2.7,0.73,2.38,1.43,1.01
TNGX,223.41,223.41,227.37,301.49,174.14,46.49,96,96,91,3,8.53,1.0,6.9,3.83,1.26
DRD,223.2,223.2,195.31,150.12,196.38,172.22,96,85,93,90,28.41,1.0,18.54,14.16,1.6
VIOT,222.04,222.04,245.24,273.45,185.38,219.36,96,96,92,94,3.45,0.87,3.42,2.0,0.22
LWLG,221.55,281.86,254.06,193.35,75.28,66.73,96,92,10,6,3.58,0.71,2.82,1.75,0.84
BNR,221.5,221.5,207.75,237.91,89.84,137.47,96,95,19,81,8.93,0.84,7.85,5.58,0.12
CTMX,221.37,221.37,174.99,310.57,306.64,74.44,96,97,97,9,2.9,0.96,2.17,1.51,2.73
RAPT,221.05,225.52,210.84,127.33,97.94,105.28,96,76,28,49,26.38,1.0,13.6,10.03,2.63
LAES,219.93,251.99,326.78,375.17,509.59,1209.23,96,97,98,99,3.77,0.39,3.08,3.38,2.07
CTM,219.17,235.46,308.11,382.52,414.85,1086.43,96,97,98,99,1.14,0.41,1.15,1.06,0.48
ALM,219.01,223.19,196.99,434.46,363.5,302.97,96,98,97,96,5.93,0.68,4.47,3.69,2.17
GROY,218.73,218.73,233.09,203.36,166.63,108.31,96,93,90,54,3.87,1.0,3.23,2.0,1.28
BITF,218.62,251.0,252.45,89.66,66.42,72.43,96,19,6,8,2.54,0.74,1.63,1.3,0.82
LASR,218.0,230.67,224.73,229.34,189.29,90.61,96,94,93,20,29.13,0.9,26.01,15.36,1.32
AMPG,217.86,262.6,297.35,230.77,208.13,450.34,96,94,94,98,3.84,0.63,3.49,2.44,0.56
THM,217.31,229.59,251.94,217.87,186.26,137.73,96,94,92,81,1.55,0.9,1.35,0.83,0.92
AQB,217.09,217.09,181.97,87.18,114.53,114.53,96,16,58,64,1.84,1.0,0.99,0.8,0.14
SLDP,216.48,290.14,314.74,369.34,167.15,138.66,96,97,90,81,3.73,0.63,4.05,2.13,0.65
LCTX,216.24,216.24,198.58,189.21,161.0,75.87,96,92,89,9,1.71,1.0,1.2,0.76,1.44
LINK,216.05,239.74,184.72,151.3,133.01,183.66,96,86,79,91,13.62,0.97,8.45,7.0,2.74
DAVE,215.12,238.54,253.25,475.69,412.04,412.69,96,98,98,97,218.1,0.74,211.34,151.38,0.48
PRPO,213.41,213.41,245.37,272.83,174.73,150.5,96,96,91,85,17.42,0.77,15.88,9.88,1.75
VSAT,213.09,234.06,299.87,299.0,118.89,101.1,96,96,67,34,28.93,0.85,25.76,14.12,0.34
CNL,212.79,212.79,233.25,258.62,342.04,313.78,96,95,97,96,14.17,1.0,11.42,8.84,0.55
NUTX,212.24,212.24,191.57,717.68,1291.89,451.74,96,99,99,98,102.53,0.53,92.75,87.62,0.49
AXTI,212.07,232.9,195.81,154.68,103.7,89.19,96,86,36,19,4.66,0.88,2.92,2.1,1.19
OUST,212.0,291.05,308.66,315.25,258.32,179.9,96,97,96,91,27.83,0.75,28.72,16.26,0.72
ELVA,211.47,249.25,229.15,195.73,140.6,109.87,96,92,83,57,6.09,0.75,5.39,3.41,1.24
MBOT,210.08,222.52,292.08,258.91,242.9,239.54,96,96,95,94,3.22,0.65,3.26,2.32,0.48
AEI,209.67,308.15,413.84,136.89,120.88,121.84,96,81,69,71,2.28,0.44,1.82,1.17,0.24
PLTR,209.29,213.62,221.85,302.22,321.29,362.18,96,96,97,97,177.57,0.94,166.09,118.85,0.66
SLI,209.25,209.25,188.52,185.61,139.75,103.44,96,91,83,46,3.75,0.99,2.84,1.9,2.34
MTNB,208.89,213.35,237.33,237.33,114.83,46.62,96,95,59,3,1.9,0.39,1.53,0.89,0.04
COMM,208.67,251.84,299.21,334.83,242.37,258.84,96,97,95,95,15.4,0.89,14.1,7.67,0.63
FBIO,207.8,207.8,182.04,123.83,109.09,115.15,96,73,44,65,3.91,0.97,2.62,1.99,1.53
RZLT,207.28,207.28,174.41,155.95,112.33,205.73,96,87,49,93,9.34,1.0,6.93,4.87,1.85
RZLV,206.7,276.6,297.86,120.14,110.33,57.78,96,71,46,4,5.95,0.73,4.2,2.78,1.25
APLT,206.09,206.09,76.55,71.95,41.7,28.57,96,7,2,1,1.24,0.09,0.49,0.52,34.99
SPCB,205.99,210.4,197.4,215.8,268.06,336.05,96,94,96,97,12.9,0.84,10.09,8.78,0.42
EMX,205.43,205.43,200.81,162.49,131.68,118.54,96,88,78,68,4.79,1.0,3.56,2.43,2.02
PRE,205.28,223.21,177.96,183.23,204.34,123.54,95,91,94,73,12.57,0.89,8.75,6.64,0.98
IVA,205.19,205.19,193.83,157.4,164.82,112.88,95,87,89,62,6.05,0.94,4.57,3.36,0.53
XGN,205.03,211.75,211.97,238.09,287.44,225.87,95,95,96,94,10.89,1.0,9.23,6.14,0.89
TRON,204.55,294.8,724.18,2177.6,1860.95,109.6,95,99,99,56,2.17,0.18,5.62,2.63,0.5
VHC,203.78,239.06,239.06,244.26,172.24,182.24,95,95,91,91,17.14,0.78,16.18,10.58,2.42
SBSW,203.53,203.53,173.26,195.25,171.73,107.03,95,92,91,52,11.16,1.0,8.81,5.81,1.32
STOK,202.99,202.99,184.68,175.43,110.13,118.86,95,90,45,69,24.14,1.0,18.12,11.93,1.14
LAC,202.96,243.54,105.68,104.12,98.41,96.26,95,51,29,27,6.33,0.79,3.14,2.97,4.08
KC,202.63,241.73,231.65,287.54,414.29,594.61,95,96,98,98,15.64,0.72,14.89,13.75,2.05
SBET,202.33,220.7,214.55,720.83,1198.78,78.06,95,99,99,10,16.0,0.18,19.52,12.63,0.34
FSI,202.32,221.9,244.15,198.18,202.64,250.31,95,93,94,95,9.51,0.78,7.96,5.52,0.6
VSME,202.19,294.59,273.85,173.58,100.57,103.6,95,90,32,46,2.5,0.79,1.85,1.21,1.9
OCFT,202.12,215.79,231.79,264.97,353.6,364.27,95,96,97,97,7.48,0.99,7.34,5.88,0.53
TLS,202.11,216.41,207.71,201.2,89.86,96.44,95,93,19,27,6.91,0.93,5.13,3.47,0.43
GFI,202.11,204.86,195.88,166.79,169.51,157.56,95,89,90,87,40.85,0.95,32.26,23.13,1.02
OPRX,201.8,203.7,228.17,221.0,256.6,133.4,95,94,96,79,18.78,0.98,16.28,10.5,0.67
QS,201.74,250.04,249.71,264.91,144.05,97.6,95,96,84,29,12.66,0.82,9.84,6.21,0.71
NEUP,201.64,212.63,249.42,163.92,131.25,111.2,95,88,78,59,12.31,0.78,9.64,6.35,0.8
AEVA,200.89,290.68,315.24,851.5,830.48,165.48,95,99,99,89,15.15,0.36,16.6,12.22,0.68
NG,200.13,200.13,174.99,167.83,152.05,103.73,95,89,87,47,8.3,1.0,6.35,4.27,0.87
ABVE,200.03,228.98,284.36,571.64,326.61,115.99,95,98,97,66,1.63,0.4,1.81,1.05,0.46
INBX,199.96,199.96,188.69,179.01,102.23,97.84,95,90,34,29,32.68,1.0,25.35,16.81,1.45
APLM,199.9,222.34,211.58,74.92,68.03,81.15,95,8,6,12,18.43,0.94,7.98,7.49,0.0
LIF,199.84,201.48,200.43,174.25,163.63,111.65,95,90,89,60,104.51,1.0,87.66,58.17,0.88
ETHZ,199.8,199.8,200.12,650.8,69.52,129.81,95,98,7,77,2.51,0.18,3.51,1.8,0.4
VSTM,199.76,199.76,206.25,182.41,186.82,170.54,95,91,92,89,8.89,0.77,8.02,6.42,0.44
JOBY,199.65,206.18,215.13,291.08,150.01,166.83,95,96,86,89,16.11,0.73,15.82,9.84,0.84
SPAI,199.54,220.16,235.65,190.66,125.88,138.71,95,92,74,81,6.5,0.7,5.42,3.68,0.35
FTEK,199.31,237.98,261.85,280.94,251.6,94.36,95,96,96,25,3.03,0.78,2.95,1.72,0.39
PHLT,198.96,198.96,239.66,251.85,121.99,92.52,95,95,70,22,7.73,1.0,6.84,3.87,0.2
MATH,198.74,199.99,201.26,257.23,291.73,192.17,95,95,97,92,3.66,0.86,3.22,2.41,0.63
KRRO,198.05,198.05,161.68,87.1,49.08,96.4,95,16,3,27,40.66,0.43,23.41,23.54,0.79
CPS,198.0,206.13,211.44,185.45,176.17,130.53,95,91,91,77,36.89,0.92,31.83,20.99,0.53
BKTI,197.96,207.46,212.71,227.2,245.87,207.56,95,94,96,93,80.38,1.0,59.22,43.64,0.79
DPRO,197.94,199.95,206.08,195.35,119.7,116.78,95,92,68,66,6.69,0.9,5.1,3.5,1.74
ARQQ,197.93,234.46,227.59,436.75,346.41,528.68,95,98,97,98,36.45,0.82,33.86,25.79,1.15
MDXH,197.54,197.54,176.47,158.74,106.34,87.22,95,87,39,17,4.63,0.98,3.22,2.24,1.51
PDYN,197.42,207.17,209.11,315.42,315.42,958.46,95,97,97,99,8.86,0.62,8.14,7.65,0.8
HYPD,197.23,266.93,401.27,614.37,302.2,20.68,95,98,97,1,9.57,0.19,8.35,5.2,0.95
TVRD,197.0,237.92,245.83,218.29,228.51,158.68,95,94,95,88,36.32,0.91,29.24,21.59,1.21
AMSC,196.5,225.49,227.43,227.78,151.1,172.11,95,94,86,90,58.57,0.88,52.04,32.57,0.59
CURI,196.31,196.31,185.28,299.96,422.09,292.9,95,96,98,96,5.35,0.77,4.52,3.57,0.52
SEDG,196.21,202.29,190.05,198.23,118.32,89.56,95,93,66,19,39.45,1.0,30.53,20.09,0.74
BBAI,195.98,229.18,215.82,344.86,255.93,554.14,95,97,96,98,6.73,0.64,6.18,4.81,0.84
ASPI,195.62,216.02,198.04,216.09,245.8,191.41,95,94,96,92,10.55,0.9,9.59,6.8,0.6
HYMC,195.46,210.96,210.98,146.17,168.43,151.04,95,84,90,86,6.06,0.86,4.6,3.32,1.65
SOFI,195.23,204.58,208.16,202.77,154.83,194.06,95,93,87,92,27.98,0.92,24.46,17.0,0.53
TYGO,195.2,195.2,158.54,126.9,126.46,93.1,95,76,74,23,2.4,0.98,1.5,1.11,0.34
GORO,195.12,206.01,205.76,196.72,234.43,238.91,95,92,95,94,0.86,1.0,0.6,0.5,1.76
CLLS,194.56,204.93,190.63,163.89,90.54,86.07,95,88,20,16,3.36,0.88,2.78,1.83,1.06
ONEG,194.27,206.15,270.51,251.86,135.41,101.26,95,95,80,38,11.36,0.86,9.68,4.91,3.81
INOD,194.02,214.05,199.71,202.49,279.73,383.26,95,93,96,97,70.52,0.94,49.56,44.01,0.52
ENGS,194.0,213.19,209.52,108.89,114.01,101.26,95,58,54,38,6.59,0.63,4.38,3.96,0.17
MGRM,193.18,193.18,229.3,218.02,126.46,145.59,95,94,74,84,5.91,0.98,5.64,3.49,0.49
MASS,193.09,193.83,164.8,196.34,212.66,143.35,95,92,94,83,8.01,0.97,6.55,4.82,2.0
CHEK,192.81,258.68,276.2,72.3,84.71,88.67,95,7,15,18,2.21,0.84,1.01,0.91,0.09
UEC,192.61,198.78,195.59,169.5,113.37,104.55,95,89,50,48,13.67,0.98,10.64,7.28,0.99
TDTH,192.23,192.23,199.98,396.64,72.97,87.83,94,97,8,17,0.92,0.2,1.06,0.92,0.16
MYNZ,192.09,192.09,269.7,275.09,744.22,2084.7,94,96,98,99,1.55,0.18,1.69,3.26,0.45
CRML,191.22,210.56,254.46,254.46,124.22,95.33,94,95,72,26,6.49,0.7,5.49,4.06,1.04
FLUX,190.23,190.23,152.55,111.31,92.89,88.24,94,61,22,18,3.8,1.0,1.95,1.74,1.3
NEWP,190.09,190.09,164.62,125.93,116.38,100.19,94,75,62,32,2.84,1.0,1.88,1.42,1.4
HUT,189.63,217.82,218.29,147.22,144.56,222.65,94,84,84,94,33.16,0.83,26.0,19.95,0.99
MLCI,189.46,189.46,192.86,114.99,112.69,108.12,94,65,49,54,7.9,0.98,5.16,4.21,0.82
TTMI,189.22,191.26,179.34,207.75,175.49,135.19,94,93,91,80,55.78,0.98,46.68,32.14,1.01
YYAI,189.0,210.66,307.86,437.23,103.73,36.49,94,98,36,2,2.4,0.23,3.09,1.4,1.09
KPLT,188.97,196.92,225.11,163.57,170.04,170.04,94,88,90,89,17.31,0.68,15.73,10.49,0.42
AU,188.76,191.52,179.73,159.12,186.82,156.25,94,87,92,87,68.3,0.98,57.16,40.96,1.11
TPC,188.72,194.23,194.77,214.75,172.99,152.14,94,94,91,86,64.67,0.95,57.05,36.47,0.49
RDDT,188.65,210.74,227.52,217.81,157.92,245.89,94,94,88,95,240.11,0.85,216.19,161.14,0.47
RPID,187.95,190.34,190.34,319.49,323.15,363.21,94,97,97,97,3.27,0.69,3.1,2.64,1.1
NEPH,187.82,187.82,193.98,231.03,286.74,87.52,94,94,96,17,4.45,0.85,3.93,2.63,1.18
SIF,187.63,187.63,195.03,195.57,105.18,102.41,94,92,38,44,7.18,0.94,6.29,4.08,0.14
LITE,187.49,191.85,208.23,168.14,139.52,161.23,94,89,82,88,160.75,0.91,130.58,90.3,0.67
INDV,186.87,186.87,206.92,209.77,121.86,99.48,94,93,70,31,23.92,0.94,22.12,14.17,0.87
JBDI,186.85,213.83,231.04,118.61,150.96,107.27,94,69,86,53,1.84,0.71,1.23,0.92,0.1
HOUR,186.16,191.05,376.2,129.77,153.55,255.24,94,77,87,95,3.06,0.42,2.23,1.81,0.07
RUN,185.68,191.81,183.1,166.6,121.63,70.33,94,89,70,7,17.67,0.93,13.99,9.82,0.87
WDC,185.63,191.79,181.34,149.29,125.67,102.39,94,85,74,44,106.88,0.93,84.03,57.7,0.7
REAL,185.39,185.64,194.76,169.5,162.71,352.24,94,89,89,97,10.37,0.9,7.78,7.01,0.8
UFG,184.89,185.42,215.78,135.99,125.3,101.26,94,81,73,38,7.9,0.77,5.02,4.29,0.06
VVPR,184.67,275.84,379.17,385.94,601.99,284.45,94,97,98,96,4.68,0.65,5.17,3.41,0.36
WLDN,184.47,201.67,251.95,267.67,156.9,124.43,94,96,88,73,96.26,0.73,99.64,58.4,0.44
IPX,184.47,184.47,191.49,187.9,150.38,227.81,94,92,86,94,50.75,1.0,42.26,29.3,1.3
KOPN,184.33,197.46,189.3,217.23,161.11,184.05,94,94,89,91,2.28,0.79,2.11,1.57,0.66
SGHC,184.2,184.2,191.31,227.1,214.51,216.68,94,94,94,93,13.3,1.0,11.77,8.89,0.75
KGC,183.86,187.83,182.88,162.78,185.22,154.63,94,88,92,87,24.11,0.98,19.9,14.51,1.24
METCB,183.36,188.08,187.4,177.21,97.21,92.39,94,90,27,22,16.12,0.87,15.37,10.09,0.41
COE,183.36,186.2,244.37,196.68,217.91,222.66,94,92,94,94,44.82,0.89,37.2,25.2,0.1
AACG,183.26,280.89,306.49,233.43,123.69,126.75,94,95,72,75,1.64,0.5,1.82,1.12,0.42
INKT,183.22,199.56,192.04,719.71,140.04,133.79,94,99,83,79,13.96,0.16,15.35,10.46,0.48
XERS,182.93,182.93,197.38,197.38,212.98,216.41,94,92,94,93,8.18,0.98,6.97,4.95,0.63
UI,182.59,184.14,181.85,161.58,212.95,238.07,94,88,94,94,650.1,0.99,512.85,398.41,0.88
STRL,182.17,193.08,192.08,187.54,162.12,156.83,94,92,89,87,342.11,0.89,293.0,197.94,0.76
TMQ,181.81,189.72,194.85,211.24,280.63,318.55,94,93,96,96,2.06,0.94,1.8,1.49,0.97
SUIG,181.74,185.48,319.59,352.42,87.3,127.21,94,97,17,75,3.93,0.43,5.18,2.76,0.42
WLDS,181.7,242.69,338.86,57.47,43.1,31.94,94,4,2,2,4.95,0.2,2.57,2.99,0.08
VNET,181.68,202.6,193.87,207.83,326.14,617.07,94,93,97,98,10.8,0.66,8.5,7.52,1.29
RITR,181.61,181.61,123.73,130.75,168.53,93.7,94,78,90,24,6.96,0.78,4.74,4.01,2.31
STX,181.52,190.72,184.3,157.41,141.42,100.04,94,87,83,32,217.51,0.93,173.87,119.47,0.68
OCG,181.27,201.57,211.62,428.08,615.22,125.67,94,98,98,74,4.01,0.48,4.23,3.48,0.08
BKSY,181.23,190.01,190.01,328.25,233.55,198.44,94,97,95,92,19.71,0.65,18.56,14.02,0.55
COSM,181.1,182.66,151.23,166.49,72.19,96.35,94,89,8,27,1.08,0.92,0.82,0.6,0.35
LDI,181.06,190.43,248.04,119.96,77.67,77.34,94,70,11,10,3.13,0.6,2.48,1.73,0.67
RAPP,180.88,180.88,211.01,109.08,98.56,88.66,94,58,29,18,26.59,0.8,18.42,14.12,1.39
IAG,180.82,180.82,164.98,137.47,191.43,153.67,94,81,93,86,12.42,1.0,8.98,7.04,1.38
PRME,180.24,193.66,205.06,210.51,88.97,63.92,94,93,19,6,5.12,0.9,4.03,2.72,0.7
FOSL,179.5,204.7,222.52,206.85,121.67,148.09,94,93,70,85,2.72,0.72,2.52,1.74,0.93
STTK,179.39,179.39,165.73,72.58,76.91,83.54,94,7,10,14,2.28,0.49,1.28,1.13,0.1
ETON,179.09,179.09,159.31,196.14,305.59,334.32,94,92,97,97,21.27,1.0,16.84,15.53,1.18
PMEC,178.96,182.09,204.23,199.78,186.61,109.63,94,93,92,57,1.82,0.95,1.63,1.11,0.07
CRNC,178.9,190.72,190.72,237.1,198.25,434.52,94,95,93,98,11.92,0.53,10.27,10.21,0.84
WBTN,178.88,197.23,197.23,152.87,86.89,96.03,94,86,17,27,19.44,0.87,14.02,11.09,0.36
FULC,178.77,178.77,162.29,197.25,186.65,87.19,94,92,92,17,8.84,1.0,7.09,5.34,0.89
LXRX,178.76,178.76,173.5,154.35,149.42,55.08,94,86,86,4,1.4,0.62,1.14,0.8,1.46
AGMH,178.74,209.04,209.04,76.82,31.88,118.32,93,9,2,68,8.66,0.07,2.98,18.37,0.29
FLYX,178.68,178.68,179.74,136.42,102.67,101.04,93,81,34,34,5.0,0.88,3.61,3.12,0.54
CPSH,178.56,186.91,179.67,186.32,194.23,110.72,93,91,93,58,3.76,0.89,3.2,2.26,0.62
RBLX,178.41,178.41,197.37,228.44,197.76,158.5,93,94,93,87,135.06,0.97,127.44,86.32,0.47
HL,178.08,178.08,176.84,137.4,114.41,116.36,93,81,58,66,11.67,0.99,8.36,6.24,0.93
NCSM,177.86,177.86,174.54,137.07,192.18,187.04,93,81,93,91,53.08,1.0,38.74,31.91,1.15
AEC,177.67,177.67,128.61,171.99,184.49,108.29,93,90,92,54,8.88,1.0,5.94,4.86,3.43
INTZ,177.57,177.57,169.67,274.81,271.06,392.62,93,96,96,97,1.72,0.26,1.81,1.66,0.44
OSS,177.47,207.28,221.18,225.66,179.56,167.37,93,94,91,89,5.62,0.75,5.67,3.8,1.3
EYE,177.04,177.04,168.22,200.94,180.56,103.6,93,93,92,46,28.54,1.0,24.37,17.29,0.78
VRNA,176.76,180.53,203.57,278.35,290.64,310.57,93,96,96,96,106.69,1.0,105.72,76.67,0.73
ADUR,176.6,188.49,207.9,210.79,180.19,108.19,93,93,92,54,12.52,0.86,11.73,7.82,0.51
PPTA,176.59,176.59,165.29,172.35,200.13,211.62,93,90,93,93,21.16,1.0,17.49,13.54,3.68
AMRC,176.42,176.42,151.74,129.64,88.56,89.01,93,77,18,19,34.79,0.87,23.78,18.4,0.94
ZBIO,176.02,176.02,180.14,145.0,123.39,96.33,93,84,72,27,20.09,0.71,17.29,11.11,0.52
AMBO,175.6,194.04,182.91,192.86,204.01,246.77,93,92,94,95,3.54,0.79,3.3,2.75,0.08
SHFS,175.22,175.22,97.44,85.39,46.95,77.7,93,15,3,10,7.29,0.59,3.37,4.63,0.12
ESPR,175.1,175.1,166.64,159.61,77.95,100.01,93,87,11,32,2.65,0.62,2.09,1.65,0.85
REZI,174.83,178.03,178.03,150.66,104.72,108.23,93,85,37,54,41.33,0.97,32.59,23.65,0.88
FUBO,174.82,179.56,172.73,211.94,234.51,314.01,93,93,95,96,4.2,0.7,3.82,3.34,0.48
YQ,174.57,186.65,176.99,118.77,114.17,116.67,93,69,58,66,3.83,0.88,2.43,2.04,0.73
ARMN,174.57,175.62,182.48,153.59,162.42,122.56,93,86,89,72,9.65,0.95,8.13,5.78,0.9
BGLC,174.52,185.96,165.17,350.48,118.92,96.24,93,97,67,27,5.65,0.39,5.45,3.89,0.03
ARWR,174.33,174.33,159.98,111.94,84.04,84.9,93,62,14,15,32.8,1.0,22.5,18.26,0.69
PARR,174.12,179.94,182.04,186.12,155.34,73.31,93,91,87,9,37.17,0.97,32.45,21.95,0.92
XMTR,174.03,174.03,178.94,180.61,161.78,224.85,93,91,89,94,55.86,1.0,45.09,34.94,0.98
TNYA,174.02,174.02,158.08,139.89,64.28,56.49,93,82,6,4,1.66,0.37,1.06,0.93,1.29
SXTC,173.86,205.83,198.96,221.17,511.17,878.89,93,94,98,99,1.63,0.25,1.62,1.64,0.04
FTCI,173.83,186.83,198.0,187.11,149.26,111.64,93,91,86,60,7.21,0.85,6.12,4.3,0.28
ACFN,173.56,178.64,184.43,197.92,151.95,203.66,93,92,87,93,28.55,0.9,26.73,19.48,0.44
HIMS,173.35,173.35,163.04,218.17,283.36,409.52,93,94,96,97,58.4,0.8,51.38,43.26,0.87
MPAA,173.2,182.92,169.42,182.72,174.73,173.95,93,91,91,90,16.61,0.93,13.89,10.55,1.08
CIEN,173.14,173.14,182.63,129.18,126.95,158.46,93,77,75,87,141.93,1.0,105.19,83.83,1.59
RMCO,173.06,189.87,205.35,162.82,133.6,110.82,93,88,79,58,2.16,0.88,1.75,1.27,0.13
PRIM,172.76,172.76,164.58,157.64,119.39,164.32,93,87,67,89,133.42,1.0,111.65,81.96,0.71
BLBX,172.7,177.47,198.44,324.8,219.51,177.52,93,97,94,90,6.27,0.59,6.73,4.49,0.41
TLSA,172.63,172.63,145.87,220.51,200.21,202.55,93,94,93,93,2.06,0.76,1.92,1.35,0.67
USAU,172.44,172.44,165.19,173.55,195.79,212.74,93,90,93,93,16.23,0.99,12.77,10.36,1.15
ATCH,172.12,188.26,325.42,37.14,8.83,36.06,93,2,1,2,0.79,0.04,0.33,2.27,0.77
RIOT,172.04,174.65,175.44,148.3,115.09,126.64,93,85,60,75,17.69,0.97,14.02,10.92,1.2
NVTS,172.02,188.06,179.37,318.83,259.58,113.91,93,97,96,63,6.43,0.65,6.78,4.42,0.53
NGD,171.97,178.06,179.91,165.24,184.19,154.59,93,88,92,87,6.83,0.98,5.51,4.04,0.95
RMBS,171.97,176.84,176.72,132.53,114.87,119.73,93,79,59,70,102.62,0.93,78.9,62.32,0.74
RFIL,171.74,183.25,187.83,189.28,141.34,144.85,93,92,83,84,8.6,0.87,7.5,5.3,0.76
MTA,171.1,171.1,172.82,148.78,125.85,105.65,93,85,74,50,6.17,1.0,4.86,3.52,0.8
UROY,170.95,182.65,147.99,127.25,116.7,85.72,93,76,63,15,4.29,0.91,3.11,2.37,0.76
GILT,170.1,172.95,174.64,160.83,127.13,135.71,93,88,75,80,11.74,0.96,9.46,7.3,0.52
MSGM,170.05,174.8,177.39,267.23,247.09,86.44,93,96,96,16,2.81,0.66,3.07,2.18,0.94
DBGI,169.98,169.98,111.56,241.65,343.19,266.96,93,95,97,95,8.53,0.39,9.7,7.72,2.3
AGX,169.92,170.53,166.58,196.6,244.0,221.72,93,92,96,94,266.73,0.99,232.06,179.32,0.7
ATRO,169.88,169.88,167.63,161.81,166.16,145.88,93,88,90,84,44.71,1.0,36.92,27.27,0.92
VOR,169.68,276.01,551.07,580.86,93.08,157.52,93,98,23,87,33.62,0.61,39.16,23.94,0.38
SYM,169.41,196.73,187.18,223.77,141.9,85.87,93,94,83,15,52.14,0.76,51.18,33.45,0.47
RILYL,169.4,189.54,184.0,178.5,43.1,70.87,93,90,2,8,6.5,0.6,6.54,4.84,0.37
BLNE,169.25,202.74,247.39,95.79,43.0,119.61,93,34,2,69,4.04,0.38,2.34,3.61,0.45
SKYT,169.19,169.19,135.49,157.72,112.77,163.71,93,87,49,88,18.08,1.0,11.58,9.95,3.1
SMR,169.14,217.62,217.62,293.2,325.49,437.61,93,96,97,98,38.0,0.66,40.21,27.88,0.82
SPPL,169.09,180.01,148.0,87.35,100.66,259.61,93,17,32,95,6.32,0.36,3.67,4.31,0.48
COOP,168.87,168.87,180.18,169.89,171.7,122.25,92,89,91,72,212.26,0.94,191.49,135.49,0.86
WBD,168.84,173.31,182.96,141.45,124.32,123.02,92,83,72,72,19.51,0.98,13.87,11.07,0.59
CVM,168.26,168.26,231.91,198.94,47.36,51.38,92,93,3,3,8.95,0.22,8.92,8.85,0.14
TRVI,168.0,168.0,203.67,178.7,213.13,239.21,92,90,94,94,8.77,0.87,7.72,5.98,0.65
ATMVU,167.95,168.39,168.05,99.33,114.36,103.39,92,41,58,46,22.0,1.0,14.26,12.17,0.0
ALLT,167.9,167.9,162.78,234.36,235.6,321.01,92,95,95,96,9.94,0.94,8.28,7.36,0.41
FIX,167.58,170.73,167.98,167.57,142.12,158.65,92,89,83,88,804.36,0.97,705.81,499.87,0.68
CMPX,167.55,167.55,175.49,181.71,159.72,242.38,92,91,88,95,3.74,0.94,3.22,2.53,1.21
W,167.31,175.35,193.51,180.52,114.92,97.5,92,90,60,29,86.82,0.95,76.82,50.46,0.67
RCAT,167.3,193.02,186.0,287.11,391.73,1059.83,92,96,98,99,10.14,0.66,9.52,8.12,0.89
VZLA,167.15,167.15,155.34,153.04,179.78,144.76,92,86,92,84,4.25,1.0,3.52,2.65,0.94
APM,167.12,167.12,224.85,382.58,93.76,99.66,92,97,23,32,1.85,0.35,1.77,1.22,0.01
TOYO,166.64,166.64,163.06,197.28,101.93,104.82,92,92,33,49,6.03,0.96,5.14,3.71,3.17
BLDP,166.27,184.77,158.26,132.12,101.96,78.36,92,79,33,11,2.75,0.88,2.08,1.6,1.01
NUAI,166.26,166.26,50.35,33.83,28.22,52.15,92,2,2,3,1.84,0.13,0.51,1.49,9.28
U,165.54,180.04,187.49,179.05,121.67,128.9,92,90,70,76,42.76,0.87,38.83,26.97,0.73
COGT,165.46,165.46,171.91,174.17,87.5,110.9,92,90,17,59,14.16,1.0,12.19,8.38,1.69
VNCE,165.32,190.16,174.03,81.67,98.41,188.72,92,12,29,92,3.5,0.6,1.88,2.17,0.15
ASYS,165.26,173.98,171.75,114.88,89.55,97.41,92,65,19,29,9.44,0.97,6.34,5.07,1.56
HYPR,165.17,165.17,155.02,158.6,86.45,155.93,92,87,16,87,1.51,0.83,1.24,0.96,0.8
STEC,164.06,178.77,280.58,143.48,245.58,246.78,92,83,96,95,1.26,0.35,0.95,0.99,0.02
DK,164.01,168.47,167.06,152.0,121.49,88.31,92,86,70,18,32.79,0.96,26.13,19.42,1.11
USAR,163.49,168.09,146.86,169.86,148.09,158.06,92,89,86,87,17.33,0.87,14.82,12.15,1.21
PLG,163.39,163.39,122.52,118.75,122.04,97.46,92,69,70,29,2.55,1.0,1.68,1.43,5.83
EQX,163.05,163.05,156.23,126.56,132.8,127.15,92,75,79,75,10.79,0.97,8.28,6.8,0.78
ADPT,163.01,167.99,183.34,211.72,211.72,194.51,92,93,94,92,13.22,0.93,12.27,9.38,0.75
CMCM,162.96,187.33,174.18,142.85,130.6,167.56,92,83,78,89,8.12,0.81,6.31,5.03,1.48
OR,162.93,162.93,155.11,140.79,147.28,120.64,92,83,85,70,38.42,1.0,31.94,24.27,1.32
B,162.68,162.68,150.24,130.69,131.15,116.97,92,78,78,67,34.48,0.96,26.05,20.31,1.17
TLN,162.37,167.49,178.93,193.28,159.31,201.74,92,92,88,93,411.23,0.93,379.53,266.3,0.4
SOUN,162.27,177.45,175.46,199.0,167.84,564.69,92,93,90,98,15.94,0.58,13.53,12.27,0.72
JFU,161.77,167.62,160.77,158.27,89.87,88.1,92,87,19,18,2.63,0.77,2.12,1.61,0.48
CRVS,161.76,161.76,122.9,120.94,125.7,215.21,92,71,74,93,7.39,0.68,5.27,4.6,1.67
WWR,161.47,161.47,136.67,150.26,112.41,197.29,92,85,49,92,1.01,0.79,0.78,0.68,2.72
TRX,161.08,161.08,139.08,98.62,99.35,88.35,92,40,30,18,0.59,0.94,0.41,0.34,1.79
RILYP,160.86,190.01,192.71,183.79,49.05,78.41,92,91,3,11,6.45,0.62,6.32,4.66,0.17
EXK,160.81,161.36,159.01,145.88,139.19,150.41,92,84,82,85,7.8,1.0,5.95,4.55,1.24
KYTX,160.22,171.9,150.65,129.96,86.82,63.7,92,78,17,5,6.1,0.91,4.06,3.2,1.19
IDCC,160.17,160.17,156.66,147.27,159.05,159.05,92,85,88,88,345.05,0.98,279.61,224.3,0.74
NNNN,160.17,228.06,415.04,431.64,222.78,101.26,92,98,95,38,34.94,0.63,45.5,23.48,0.14
MEGL,159.91,171.59,186.23,234.75,364.63,322.29,92,95,97,97,1.51,0.66,1.48,1.26,0.12
URG,159.7,159.7,149.52,135.04,101.7,82.93,92,80,33,13,1.76,1.0,1.39,1.05,1.13
IESC,159.65,159.65,161.06,169.4,155.51,198.47,92,89,87,92,392.85,1.0,351.29,259.7,0.74
AAUC,159.17,159.53,150.22,139.17,165.6,129.34,92,82,90,77,17.06,0.99,14.06,11.59,0.39
HOTH,159.07,175.32,158.72,165.31,153.54,207.05,92,88,87,93,1.73,0.65,1.43,1.16,0.53
ESEA,159.02,165.35,174.9,174.56,147.36,109.32,92,90,85,56,61.98,0.93,57.75,38.54,0.48
FDMT,158.91,158.91,124.65,135.75,67.7,44.06,92,81,6,2,8.39,0.67,6.29,4.83,0.64
ACMR,158.82,162.95,153.57,156.07,147.88,159.43,92,87,85,88,37.77,0.95,29.57,24.16,0.91
FGI,158.81,189.42,223.64,130.81,95.97,97.25,92,78,26,28,6.23,0.54,4.61,3.87,0.03
CTNM,158.79,158.79,176.37,154.29,56.17,79.34,92,86,4,11,11.92,0.52,8.92,7.67,0.36
MNY,158.7,185.57,217.44,187.19,80.32,77.74,92,91,12,10,1.5,0.55,1.82,1.13,0.61
AG,158.43,158.43,144.32,142.47,136.67,121.57,92,83,81,71,12.14,1.0,9.3,7.17,1.35
MAZE,158.26,158.26,143.2,131.24,114.01,101.26,92,78,54,38,27.0,1.0,17.12,13.14,1.25
EDIT,158.21,161.44,133.9,175.44,115.83,72.73,92,90,61,8,3.24,0.81,2.77,1.93,1.14
TLRY,158.17,180.32,186.14,186.14,43.22,68.48,92,91,2,7,1.15,0.56,1.01,0.81,0.68
GAU,157.82,163.5,171.34,142.85,115.46,100.33,92,83,61,33,2.26,0.77,1.98,1.47,1.43
EYPT,157.77,157.77,158.28,163.47,136.68,76.35,92,88,81,10,13.9,0.97,11.75,8.39,1.07
LQDA,157.74,171.15,204.82,198.61,140.97,134.55,92,93,83,79,21.8,0.62,23.64,16.57,1.25
SEI,157.71,163.48,151.63,201.12,188.83,308.08,91,93,93,96,39.71,0.99,30.88,27.27,0.82
ESGL,157.5,174.51,188.85,221.68,222.63,216.91,91,94,95,93,3.7,0.91,3.1,2.2,0.19
CECO,157.47,159.85,159.88,163.65,108.78,119.92,91,88,43,70,49.26,0.94,44.88,31.23,1.13
FUTU,157.34,174.37,201.28,194.06,154.37,169.48,91,92,87,89,172.85,0.82,172.84,120.65,1.22
MUX,157.19,157.19,154.78,127.24,107.32,95.17,91,76,41,26,15.55,1.0,12.01,9.18,1.35
UPXI,156.9,164.13,151.2,238.88,352.72,92.86,91,95,97,23,5.22,0.24,6.42,5.91,0.45
EVLV,156.65,175.82,193.8,202.27,187.76,128.58,91,93,93,76,7.68,0.84,7.64,5.06,1.08
CLPT,156.54,156.54,79.9,110.6,155.66,204.77,91,60,87,93,21.55,1.0,11.43,13.37,2.73
ELTX,156.28,162.38,177.21,200.01,141.73,166.06,91,93,83,89,11.0,0.9,10.49,7.79,0.6
GEOS,156.26,171.63,241.99,236.45,199.47,86.02,91,95,93,16,19.09,0.86,16.98,10.69,0.69
HONDU,156.19,168.52,125.68,115.43,121.63,105.55,91,66,70,50,19.5,0.88,13.22,11.61,2.32
ALEC,156.17,161.86,155.15,126.19,70.01,45.15,91,75,7,2,3.1,0.43,2.32,1.71,0.8
ODV,156.14,157.35,150.23,150.23,126.57,80.65,91,85,74,12,3.32,1.0,2.69,1.97,1.16
RYTM,155.98,157.12,170.16,170.16,135.58,123.43,91,89,81,73,99.16,0.91,95.7,68.81,0.91
AENT,155.97,187.2,210.56,196.02,124.29,489.84,91,92,72,98,6.73,0.56,5.77,4.79,0.53
SNTG,155.93,168.92,318.77,98.77,94.8,90.3,91,40,24,20,3.34,0.35,2.33,1.95,0.04
VALN,155.91,166.17,164.77,178.57,133.94,142.85,91,90,80,83,9.71,0.71,9.03,6.8,0.15
FMFC,155.76,163.27,91.39,92.82,114.01,101.26,91,26,54,38,14.04,1.0,9.5,8.56,0.6
SRRK,155.49,155.49,150.66,241.49,240.13,439.23,91,95,95,98,38.75,0.8,34.28,35.57,2.1
NTWK,155.4,155.4,172.57,148.06,109.49,95.25,91,85,44,26,4.74,0.85,4.29,3.08,0.46
DOMO,155.18,177.92,174.7,198.62,182.37,116.89,91,93,92,66,15.78,0.79,15.74,10.91,0.86
AIRS,154.7,154.89,135.0,200.32,136.74,109.13,91,93,81,56,7.42,0.82,6.34,4.76,0.84
IRD,154.7,154.7,126.57,104.24,91.82,103.8,91,51,21,47,1.82,1.0,1.26,1.09,2.11
MRCY,154.64,154.85,154.69,144.71,147.09,140.02,91,84,85,82,76.82,0.99,64.23,50.55,1.03
OLMA,154.63,154.63,144.51,84.92,78.47,49.58,91,14,11,3,9.51,0.67,6.19,5.25,1.69
APEI,154.55,154.55,149.39,150.28,165.18,148.26,91,85,90,85,38.54,1.0,31.73,26.21,1.02
BHST,154.47,165.53,139.63,145.81,125.8,105.76,91,84,74,50,10.89,0.87,8.44,6.74,0.85
FEIM,154.09,155.85,198.01,189.54,166.96,169.42,91,92,90,89,30.11,0.81,29.23,20.66,0.37
NEM,154.05,154.05,148.76,137.7,138.24,118.3,91,82,82,68,85.25,1.0,71.54,53.98,0.76
BBW,154.04,154.88,169.33,147.67,152.67,156.23,91,85,87,87,72.89,0.94,60.17,46.4,1.38
IDN,154.02,160.37,160.88,194.41,220.76,113.04,91,92,94,62,5.4,0.84,5.27,3.84,0.76
IBEX,153.83,156.11,158.87,134.0,164.65,147.08,91,80,89,84,41.01,0.96,31.85,26.89,0.67
NIO,153.74,164.78,157.18,150.65,100.08,106.62,91,85,31,52,7.04,0.9,5.69,4.49,1.07
AVAH,153.65,153.65,151.62,133.33,162.58,155.85,91,79,89,87,8.75,1.0,6.71,5.31,0.79
RSI,153.63,158.23,172.48,171.49,127.98,192.23,91,89,76,92,21.72,0.94,19.67,14.7,0.63
IONS,153.49,153.49,153.59,116.68,103.08,84.83,91,67,35,15,64.09,0.99,49.78,37.88,0.6
SAND,153.44,153.44,155.15,151.45,163.95,133.93,91,86,89,79,12.27,1.0,10.78,8.23,0.97
FMST,153.19,155.35,170.09,262.06,422.59,72.49,91,96,98,8,3.08,0.51,2.88,2.01,1.06
ONMD,153.16,165.34,162.41,132.3,87.72,194.33,91,79,18,92,1.06,0.65,0.72,0.72,0.03
PSNYW,153.12,153.12,274.1,99.1,120.5,133.43,91,41,68,79,0.29,0.45,0.23,0.19,0.06
HWH,153.06,161.14,284.95,89.28,72.03,57.22,91,19,8,4,2.76,0.35,2.27,1.8,0.01
SLSR,152.78,160.23,152.29,176.81,159.21,144.67,91,90,88,84,6.01,0.95,5.28,4.19,1.42
TTI,152.77,152.77,136.94,125.74,110.51,122.25,91,75,46,72,5.89,1.0,4.41,3.7,1.4
ATEC,152.76,156.73,155.03,161.93,141.6,134.05,91,88,83,79,15.02,0.87,14.58,11.84,0.57
PBPB,152.61,154.89,158.18,138.79,129.57,139.0,91,82,77,81,17.03,1.0,13.64,11.29,0.36
GRRR,152.57,190.79,245.07,333.0,520.91,748.11,91,97,98,98,19.9,0.42,17.73,19.28,1.91
FGEN,152.51,154.28,142.35,112.82,67.34,137.77,91,63,6,81,12.31,0.51,9.96,9.58,0.33
NET,152.47,162.78,167.14,182.3,179.73,187.14,91,91,91,91,216.34,0.92,207.55,156.91,0.71
TERN,152.43,152.43,166.47,162.72,78.09,75.55,91,88,11,9,7.64,0.78,6.73,4.66,1.04
SAN,152.4,152.4,148.69,156.34,156.44,154.44,91,87,88,86,10.38,1.0,9.46,7.26,0.61
DQ,152.1,172.58,166.32,138.32,100.2,112.6,91,82,31,61,28.33,0.86,24.3,18.97,1.16
EFOI,152.01,171.23,171.23,162.24,148.98,173.94,91,88,86,90,2.84,0.84,2.4,1.94,0.36
SKE,151.83,151.83,154.89,191.69,190.07,175.87,91,92,93,90,18.75,1.0,16.37,12.71,1.48
NIU,151.79,165.86,180.78,184.57,264.97,242.36,91,91,96,95,4.64,0.88,4.21,3.22,0.83
CTGO,151.69,153.08,141.64,159.04,163.53,69.31,91,87,89,7,24.33,0.97,21.45,15.48,1.23
APPS,151.63,163.06,163.92,252.85,325.86,284.8,91,95,97,96,5.4,0.66,4.78,3.91,0.58
DDC,151.54,160.5,232.51,489.16,199.35,88.67,91,98,93,18,9.13,0.4,12.42,7.38,0.59
FTK,151.52,151.52,145.38,213.32,264.53,209.59,90,93,96,93,14.65,0.84,12.26,10.72,0.85
SSM,151.25,151.25,232.96,284.56,2754.2,1901.98,90,96,99,99,8.35,0.39,7.09,7.93,0.39
OCGN,151.21,167.93,140.45,121.47,138.69,79.76,90,72,82,11,1.46,0.83,1.11,0.87,1.71
ALNT,151.21,155.67,164.18,172.17,146.35,104.03,90,90,85,47,43.8,0.87,43.66,31.25,0.64
KRKR,151.19,168.72,182.55,131.14,131.9,152.21,90,78,78,86,7.19,0.59,5.89,4.97,0.3
PAHC,151.16,154.5,164.1,150.32,124.16,141.45,90,85,72,82,38.81,0.9,33.45,25.24,0.6
DSWL,151.06,153.82,171.7,153.75,110.93,103.95,90,86,47,47,3.97,0.84,3.57,2.63,0.3
QD,150.91,157.48,174.36,184.15,129.89,139.46,90,91,77,82,4.47,0.83,4.18,3.18,0.93
WRN,150.6,150.6,132.36,113.38,121.16,99.84,90,64,69,32,1.98,1.0,1.44,1.2,1.81
AEM,150.56,150.56,144.43,136.61,178.0,149.12,90,81,91,85,163.42,1.0,140.36,112.85,0.85
AQST,150.42,150.42,141.84,130.15,106.2,104.38,90,78,39,48,5.99,1.0,4.38,3.42,4.99
ONCY,150.36,161.6,210.95,158.17,91.37,89.4,90,87,21,19,1.29,0.9,1.12,0.8,0.69
ETNB,150.33,155.3,149.51,155.12,126.91,117.28,90,86,75,67,14.7,0.97,9.95,8.93,1.42
ASMB,150.18,154.23,167.09,175.18,123.59,122.62,90,90,72,72,24.67,0.88,22.63,16.01,0.51
ATRA,150.18,157.96,145.86,155.29,99.58,169.92,90,86,30,89,13.74,0.66,12.01,9.36,0.62
BELFB,150.17,155.45,174.37,171.58,119.81,118.99,90,89,68,69,142.84,0.91,133.48,93.39,0.66
BLZE,150.06,167.56,156.62,120.05,93.49,96.1,90,70,23,27,9.54,0.81,7.74,6.21,0.76
TIGO,149.92,156.8,162.9,155.07,149.94,138.85,90,86,86,81,48.23,0.93,45.07,33.63,0.5
PRM,149.7,163.49,177.96,168.34,132.55,162.55,90,89,79,88,21.48,0.89,19.57,13.82,0.66
NUS,149.6,151.72,144.3,145.4,99.97,93.78,90,84,31,24,12.24,0.92,10.8,8.09,1.18
HUYA,149.51,155.01,166.56,173.29,112.65,139.47,90,90,49,82,3.37,0.77,3.44,2.45,0.51
RMNI,149.44,150.96,162.2,176.32,150.79,180.64,90,90,86,91,4.82,0.88,4.4,3.58,0.65
WGS,149.36,181.16,202.01,202.59,396.56,931.88,90,93,98,99,117.21,0.84,114.44,90.22,0.59
CHRS,149.35,153.73,149.51,124.19,92.1,104.18,90,74,21,47,1.5,0.8,1.15,1.08,1.13
INSM,149.3,152.4,181.87,171.11,148.55,181.36,90,89,86,91,137.03,0.88,127.26,90.12,0.55
LUD,149.3,191.62,283.9,127.69,114.01,101.26,90,76,54,38,11.05,0.46,8.45,5.76,0.48
USGO,149.27,149.27,102.15,111.19,150.6,174.01,90,61,86,90,13.22,1.0,8.94,9.41,1.22
AAMI,149.18,149.99,168.84,168.84,124.97,107.82,90,89,73,54,48.94,0.92,45.9,32.6,0.79
MBI,149.11,149.43,152.91,143.37,100.07,138.87,90,83,31,81,7.61,0.89,6.75,5.68,0.32
INVZ,149.04,180.05,232.53,205.75,176.06,185.11,90,93,91,91,1.7,0.71,1.73,1.24,0.49
HOWL,149.03,149.03,95.55,108.3,78.51,56.47,90,57,11,4,2.07,0.48,1.39,1.26,2.86
NTHI,149.02,168.07,151.76,93.52,114.01,101.26,90,29,54,38,10.1,0.51,7.04,6.9,0.35
CMPS,149.01,150.5,101.97,97.25,107.67,68.01,90,37,42,7,5.8,0.76,4.67,4.03,0.82
PSKY,148.99,154.85,148.29,130.27,114.75,113.13,90,78,59,62,18.92,0.92,14.8,12.25,0.23
AAME,148.98,184.97,197.02,198.05,133.27,103.44,90,92,79,46,2.9,0.72,2.9,1.95,0.85
DC,148.95,152.1,151.77,152.28,148.47,137.48,90,86,86,81,4.66,0.9,4.23,3.27,1.51
HIVE,148.9,166.8,160.63,104.53,79.09,88.52,90,51,11,18,3.52,0.56,2.75,2.38,1.03
IVVD,148.88,163.03,161.76,111.49,105.61,147.6,90,61,38,84,1.12,0.43,0.92,0.8,0.26
BWMN,148.75,148.75,160.47,154.43,112.53,87.54,90,86,49,17,42.08,0.93,38.99,28.28,0.46
PRZO,148.62,168.02,178.36,246.77,183.26,358.23,90,95,92,97,1.59,0.49,1.56,1.31,0.34
DMAC,148.54,148.54,144.18,128.04,118.15,171.19,90,76,65,89,6.94,0.91,5.76,5.02,0.28
EVI,148.42,162.79,148.32,145.16,106.95,108.1,90,84,41,54,31.68,0.87,25.99,20.06,1.26
HNRG,148.41,154.03,154.03,182.2,224.66,165.89,90,91,95,89,19.14,0.84,17.43,14.4,0.95
ZIMV,148.29,151.8,149.92,154.46,74.74,82.0,90,86,9,13,18.91,0.99,18.66,13.11,0.45
GH,148.2,148.2,170.74,165.74,185.1,198.27,90,88,92,92,60.03,0.84,55.19,46.22,0.9
BTM,148.18,148.18,182.55,362.55,381.49,94.38,90,97,97,25,3.54,0.46,4.25,2.92,0.41
GLW,148.15,149.58,149.56,130.37,114.79,126.54,90,78,59,75,79.35,0.96,67.6,52.83,0.6
TPB,147.84,156.15,156.48,163.64,181.07,176.19,90,88,92,90,98.03,0.92,94.07,72.36,0.72
OWLT,147.62,150.07,143.59,217.13,171.34,109.48,90,94,90,56,8.7,0.89,7.74,5.73,0.63
REKR,147.56,159.93,150.17,112.45,124.03,156.2,90,62,72,87,1.75,0.55,1.26,1.27,0.74
GDC,147.55,236.24,326.86,187.41,225.17,154.47,90,91,95,87,4.75,0.43,4.33,2.78,1.91
GDEV,147.51,162.84,105.45,102.19,121.33,86.48,90,47,69,16,26.0,0.67,15.89,15.09,4.48
SRFM,147.46,192.71,198.52,295.57,141.51,233.77,90,96,83,94,4.04,0.38,4.44,3.78,0.47
CHCI,147.45,176.77,200.19,182.59,154.12,143.11,90,91,87,83,15.54,0.75,15.0,10.55,0.63
LMND,147.42,162.85,165.53,208.31,171.7,234.41,90,93,91,94,51.43,0.79,50.45,39.01,0.82
RILY,147.29,159.94,169.85,148.2,64.49,76.98,90,85,6,10,6.26,0.73,5.84,4.42,0.46
TREE,146.95,155.7,163.38,157.07,125.97,126.58,90,87,74,75,70.56,0.86,61.91,46.87,0.4
GNS,146.93,164.62,204.96,321.7,208.14,46.24,90,97,94,3,0.98,0.56,0.97,0.64,0.6
NXT,146.89,148.48,140.27,148.87,140.85,115.14,89,85,83,65,73.07,0.99,64.5,51.65,0.81
EGAN,146.54,147.56,145.19,116.99,116.3,110.56,89,68,62,58,9.02,0.94,6.94,5.95,1.32
MNMD,146.42,146.42,131.79,138.56,111.38,132.2,89,82,48,78,10.67,1.0,9.59,7.63,1.61
TPR,146.26,157.4,156.57,179.36,159.12,180.65,89,90,88,91,109.05,0.9,106.27,83.08,0.52
IMPP,146.22,151.41,131.66,99.68,112.25,86.54,89,42,49,16,5.0,0.97,3.56,2.99,1.53
IRTC,146.22,155.0,169.03,156.85,161.07,132.92,89,87,89,79,170.81,0.87,163.54,128.06,0.28
KE,146.15,151.91,159.2,142.87,99.91,88.07,89,83,31,18,29.91,0.84,25.62,19.59,0.97
PBT,146.09,148.86,149.04,141.74,108.24,91.91,89,83,43,22,18.51,0.97,16.13,12.22,0.36
BABA,145.87,153.86,141.02,115.14,166.14,178.08,89,66,90,90,171.91,0.95,134.08,117.16,0.85
TME,145.84,165.63,179.82,179.82,147.61,131.81,89,90,85,78,23.63,0.83,23.84,16.69,0.6
DB,145.79,149.89,162.78,170.68,159.55,154.56,89,89,88,87,35.68,0.92,35.12,26.09,0.46
TPCS,145.78,149.25,154.06,159.88,126.47,97.49,89,87,74,29,5.07,0.79,5.07,3.63,0.36
EGO,145.71,145.71,141.44,128.41,139.51,107.24,89,77,82,53,28.85,1.0,24.1,19.04,2.06
CMPO,145.65,145.65,146.64,155.56,147.23,186.56,89,87,85,91,20.7,1.0,17.83,13.87,0.58
ABCL,145.59,146.79,169.14,171.36,134.76,97.59,89,89,80,29,4.74,0.87,4.49,3.22,0.72
ZOOZ,145.51,177.97,177.97,166.78,84.89,103.73,89,89,15,47,2.19,0.5,2.03,1.8,0.19
SNT,145.45,145.45,146.59,187.04,185.4,248.99,89,91,92,95,4.87,0.95,4.41,3.85,1.27
ADCT,145.36,145.36,132.05,175.15,158.94,70.47,89,90,88,7,3.65,0.99,3.15,2.31,1.73
THAR,145.32,185.56,314.8,394.16,83.83,65.48,89,97,14,6,3.02,0.3,2.75,1.93,0.02
SII,145.25,145.25,131.8,150.03,148.35,112.1,89,85,86,60,81.76,1.0,68.97,54.9,1.74
CFSB,145.09,145.09,150.4,179.66,193.18,116.52,89,90,93,66,14.22,1.0,13.98,10.34,0.37
TE,145.02,151.52,141.44,111.97,95.48,194.5,89,62,25,92,2.2,0.6,1.61,1.59,1.03
RHLD,144.96,152.41,150.65,145.93,114.01,101.26,89,84,54,38,68.14,0.87,57.43,41.01,1.47
DXPE,144.92,144.92,157.79,157.85,146.35,207.72,89,87,85,93,121.97,0.95,115.89,94.49,1.14
NAK,144.82,144.82,140.54,393.7,316.76,321.95,89,97,97,97,1.14,0.42,0.87,0.94,1.56
REVG,144.77,151.75,167.63,156.86,147.73,141.01,89,87,85,82,57.01,0.82,53.95,40.14,0.61
CNTB,144.76,158.0,216.88,233.66,97.78,87.24,89,95,28,17,1.58,0.56,1.9,1.17,0.56
SHLS,144.73,148.76,144.74,133.88,120.21,81.42,89,80,68,12,7.66,0.99,6.19,4.88,0.58
GDS,144.65,153.29,150.9,189.57,216.26,364.15,89,92,94,97,40.08,0.73,35.68,29.57,1.03
ORCL,144.44,163.3,180.03,152.71,136.83,120.07,89,86,81,70,283.46,0.78,258.5,190.81,1.26
ANEB,144.36,153.78,189.31,213.92,99.44,114.28,89,94,30,64,2.4,0.61,2.51,1.64,0.07
SION,144.35,144.35,136.86,145.46,114.01,101.26,89,84,54,38,28.94,1.0,21.86,17.09,0.95
CVI,144.34,144.34,140.8,146.02,122.63,94.5,89,84,71,25,36.31,1.0,29.59,23.39,0.7
GCT,144.29,152.25,153.47,147.63,103.51,76.86,89,85,36,10,29.66,0.87,27.27,20.03,0.68
PBYI,144.25,144.25,158.78,163.64,115.21,114.99,89,88,60,64,4.84,0.73,4.38,3.47,0.96
STNE,144.11,144.39,145.49,143.7,137.81,107.93,89,84,82,54,18.72,0.94,15.8,12.53,1.12
NFGC,144.07,144.07,111.06,96.13,90.92,78.86,89,35,20,11,2.46,0.83,1.8,1.59,3.68
AVTX,144.03,159.05,175.05,154.89,108.41,103.64,89,86,43,47,10.8,0.66,9.31,7.07,1.1
ASPS,144.01,152.19,168.12,181.15,152.19,91.23,89,91,87,21,11.12,0.64,11.26,8.09,0.32
DNN,143.95,147.74,137.96,122.67,103.34,98.02,89,73,35,29,2.77,0.95,2.28,1.81,1.65
WWW,143.82,159.39,179.85,177.09,119.42,180.27,89,90,67,91,27.88,0.8,27.9,20.05,0.75
MIRM,143.77,146.74,156.42,151.69,134.41,140.91,89,86,80,82,72.76,0.88,66.08,50.92,0.87
III,143.59,143.59,129.71,138.22,156.3,111.87,89,82,88,60,5.97,1.0,4.93,4.07,1.29
RERE,143.55,147.91,166.72,160.03,137.59,158.6,89,87,82,87,4.72,1.0,4.1,3.17,0.49
YSG,143.36,163.06,205.77,279.55,251.76,168.35,89,96,96,89,9.0,0.75,9.43,6.27,0.62
SEZL,143.31,159.61,175.6,616.31,563.56,437.41,89,98,98,98,84.19,0.38,106.28,79.88,0.38
TAOX,143.27,169.41,246.02,327.22,149.03,90.75,89,97,86,20,5.85,0.46,6.9,4.27,0.45
SA,143.27,143.27,126.84,121.44,106.51,86.76,89,72,40,16,21.9,1.0,17.5,13.79,1.2
INFU,143.25,143.25,146.84,141.3,93.02,103.84,89,83,22,47,10.34,0.93,8.78,7.14,0.95
HMY,143.22,143.22,128.56,126.03,200.77,148.86,89,75,93,85,18.12,1.0,15.18,13.34,1.17
CRVO,143.15,143.15,175.77,158.03,273.52,338.49,89,87,96,97,8.28,0.48,9.06,6.66,0.21
BVN,143.11,143.11,133.28,129.46,122.7,107.11,89,77,71,53,23.24,1.0,19.05,15.39,1.12
AVAV,143.01,159.37,153.4,172.25,162.35,97.01,89,90,89,28,301.2,1.0,257.93,190.93,0.76
TGB,142.99,147.84,141.09,153.81,141.6,117.71,89,86,83,67,4.05,1.0,3.37,2.57,0.83
DVS,142.88,142.88,124.5,123.37,115.02,112.14,89,73,60,60,4.88,1.0,3.86,3.15,2.3
ZURA,142.82,142.82,134.14,125.25,62.68,68.13,89,74,5,7,2.41,0.36,1.85,1.58,3.07
ESLT,142.79,145.21,156.88,163.03,194.78,193.76,89,88,93,92,493.57,0.95,473.11,387.71,1.03
NVA,142.79,142.79,117.6,131.16,148.72,154.01,89,78,86,86,15.3,0.82,11.83,12.1,0.62
CNTA,142.6,142.6,142.61,120.26,115.1,150.05,88,71,60,85,23.26,0.95,18.32,15.65,0.8
NNE,142.35,178.85,166.56,197.87,329.19,320.81,88,92,97,96,39.29,0.79,35.57,30.71,0.63
SNDK,142.32,150.81,144.23,105.89,114.01,101.26,88,54,54,38,97.12,0.88,59.5,47.9,1.56
TSEM,142.25,146.08,145.83,127.72,99.63,129.96,88,76,30,77,68.5,0.97,56.2,46.3,0.45
GNLX,142.18,146.2,128.24,135.57,123.78,158.24,88,81,72,87,4.2,0.6,3.61,3.23,0.2
INTC,142.13,142.13,125.05,102.38,99.11,106.13,88,47,30,51,35.5,1.0,24.15,22.01,2.15
IPDN,142.11,196.86,319.15,123.08,49.56,69.81,88,73,3,7,3.96,0.32,3.1,2.84,0.03
ATHE,142.11,163.47,222.79,268.01,244.29,293.07,88,96,96,96,3.95,0.53,5.01,4.07,0.25
VMEO,142.04,142.34,139.37,79.26,114.52,150.67,88,11,58,86,7.74,1.0,5.03,5.3,1.12
AVDL,141.98,141.98,142.6,137.36,94.08,70.95,88,81,24,8,15.34,0.9,13.74,10.08,0.76
AUPH,141.94,142.12,141.99,150.05,134.31,125.89,88,85,80,74,13.14,1.0,11.54,9.05,0.47
OMH,141.81,146.01,243.76,210.97,905.58,535.42,88,93,99,98,1.22,0.29,1.22,1.35,0.34
FBYD,141.76,191.26,189.37,112.66,137.68,108.56,88,63,82,55,11.41,0.68,8.34,7.41,0.52
APH,141.73,144.94,144.87,139.74,137.11,115.89,88,82,81,65,122.6,0.96,111.66,85.21,0.68
CVNA,141.7,151.11,159.98,189.39,206.95,238.59,88,92,94,94,369.29,0.9,359.0,280.54,0.68
RIGL,141.61,173.33,205.19,210.74,145.69,178.46,88,93,85,90,28.63,0.53,32.6,22.71,0.98
ORLA,141.6,141.67,163.19,180.57,270.5,213.14,88,90,96,93,10.81,0.78,10.68,9.12,0.8
PRLD,141.54,141.54,113.09,109.54,99.69,49.26,88,59,31,3,1.5,0.56,1.03,0.94,3.85
ALNY,141.36,144.62,162.13,160.73,132.57,142.39,88,88,79,83,446.4,0.86,425.99,308.19,0.68
ASTS,141.35,151.44,178.68,263.31,353.0,532.32,88,96,97,98,49.09,0.74,48.36,33.46,0.79
SBH,141.31,141.31,140.72,119.96,92.1,87.5,88,70,21,17,15.98,1.0,13.06,10.43,1.15
BBVA,141.27,141.47,141.37,151.37,145.88,149.19,88,86,85,85,19.25,0.99,17.95,14.2,0.57
DOUG,141.24,141.24,127.75,173.77,167.05,117.94,88,90,90,68,3.07,0.98,2.66,2.16,0.79
FET,141.11,141.11,151.32,145.2,128.66,130.14,88,84,76,77,28.77,1.0,23.7,18.87,1.25
IZEA,141.1,141.1,142.36,168.85,117.78,107.08,88,89,65,52,3.78,0.8,3.84,2.8,0.54
TVTX,140.97,140.97,160.38,114.16,187.63,217.06,88,65,92,94,25.3,0.85,19.3,18.41,0.6
TLPH,140.92,147.08,147.51,86.23,84.73,81.05,88,15,15,12,0.91,0.68,0.59,0.56,0.06
EM,140.91,145.2,143.75,137.58,168.9,165.5,88,82,90,89,1.35,0.96,1.26,1.11,0.12
IHS,140.9,143.93,168.47,170.52,181.39,162.17,88,89,92,88,6.67,0.81,6.83,5.14,0.43
BTG,140.9,140.9,133.56,131.48,141.37,124.06,88,78,83,73,4.92,1.0,3.99,3.22,1.51
SVM,140.78,145.07,125.82,127.16,124.67,129.09,88,76,73,76,6.08,0.99,4.87,4.0,0.92
OPXS,140.75,141.74,141.09,188.74,148.14,89.39,88,92,86,19,13.08,0.9,11.97,8.64,0.62
CENX,140.71,140.71,138.44,129.43,117.31,130.25,88,77,64,77,27.99,1.0,23.21,19.56,1.61
SGMT,140.61,140.61,198.53,302.24,228.11,145.66,88,96,95,84,7.34,0.65,7.92,5.49,0.45
KSS,140.55,150.4,150.5,119.38,69.52,66.33,88,70,7,6,16.23,0.75,14.13,10.9,0.33
CAR,140.54,152.92,161.68,217.32,219.28,82.09,88,94,94,13,161.27,0.7,164.77,116.82,0.96
DDS,140.52,140.52,139.36,123.04,105.78,122.36,88,73,38,72,623.76,1.0,530.36,438.6,0.77
BTU,140.5,144.78,125.59,93.31,76.34,77.64,88,29,10,10,24.53,0.75,18.2,15.93,0.68
IHRT,140.43,153.66,152.78,137.05,113.49,124.62,88,81,50,74,2.71,0.81,2.24,1.86,0.45
FSM,140.42,140.42,138.66,134.58,152.66,141.45,88,80,87,82,8.67,1.0,7.41,6.02,1.4
PLUG,140.36,156.71,127.09,135.94,65.69,105.17,88,81,6,49,2.37,0.68,1.71,1.59,1.32
PAAS,140.29,140.29,136.15,131.57,142.18,138.77,88,79,84,81,38.36,1.0,32.61,26.74,1.38
WCT,140.22,140.22,90.31,89.31,84.41,139.84,88,19,15,82,0.39,0.03,0.24,0.74,0.29
CRBU,140.13,140.13,136.06,174.1,98.57,72.83,88,90,29,8,2.13,0.68,1.94,1.42,1.29
TATT,140.1,156.98,156.98,155.84,200.1,200.46,88,87,93,92,40.02,0.91,36.35,30.15,0.34
MOGU,139.97,172.79,216.94,104.34,111.34,114.37,88,51,48,64,3.42,0.5,2.75,2.36,0.02
EPRX,139.95,161.39,149.57,181.81,150.7,138.8,88,91,86,81,5.74,0.79,5.42,4.17,1.12
AVGO,139.94,142.57,176.15,150.76,155.84,149.98,88,85,88,85,334.53,0.85,312.9,242.31,0.68
LYFT,139.88,148.56,152.09,118.35,126.93,101.72,88,69,75,42,21.87,0.92,16.8,14.51,0.68
TSHA,139.77,139.77,130.42,149.17,141.62,100.89,88,85,83,34,3.25,0.95,2.9,2.21,1.26
CIB,139.75,142.57,148.85,147.38,169.34,140.7,88,85,90,82,51.93,0.94,48.9,39.5,1.16
ATXG,139.73,148.5,110.46,92.73,130.35,149.05,88,23,77,85,1.0,0.79,0.6,0.71,1.71
RAIN,139.62,145.98,163.25,117.44,160.57,101.26,88,68,89,38,5.26,0.57,4.27,3.69,1.16
CCJ,139.3,143.74,146.56,150.62,147.83,102.18,88,85,85,44,85.58,0.97,78.21,58.94,0.76
MITQ,139.22,221.03,194.88,114.97,141.78,141.53,88,65,83,82,0.94,0.43,0.88,0.7,2.19
HBM,138.89,144.83,146.53,130.98,121.45,115.08,88,78,70,65,14.16,0.99,11.51,9.22,0.92
CGAU,138.87,138.87,129.13,109.3,125.14,103.57,88,58,73,46,10.26,1.0,8.04,6.82,0.98
LRCX,138.81,142.19,136.32,121.83,113.4,99.46,87,72,50,31,128.33,0.95,106.1,86.39,0.75
HITI,138.7,150.74,150.79,138.09,103.42,146.93,87,82,35,84,3.54,0.81,2.99,2.62,0.57
WDH,138.6,146.54,138.36,153.72,131.12,135.68,87,86,78,80,1.94,0.9,1.82,1.43,0.94
ARMP,138.59,138.94,133.47,146.73,101.0,86.47,87,84,32,16,3.01,0.97,2.66,2.06,0.67
SNDL,138.52,153.97,156.05,141.47,80.28,91.55,87,83,12,21,2.33,0.76,2.13,1.68,0.67
SSSS,138.46,146.0,154.05,176.98,159.57,140.89,87,90,88,82,8.84,0.91,8.71,6.63,0.79
SEPN,138.44,138.44,128.76,128.17,114.65,92.57,87,76,59,23,17.45,0.56,13.28,11.89,0.63
LAUR,138.35,138.35,138.94,128.86,136.98,122.65,87,77,81,72,30.94,1.0,26.56,21.99,1.52
PYXS,138.28,138.28,146.89,74.45,76.33,50.19,87,8,10,3,2.14,0.33,1.48,1.32,0.58
DDD,138.25,138.25,106.98,88.11,81.38,129.0,87,18,13,76,3.11,0.52,2.11,2.49,1.28
ENLT,138.18,145.3,150.94,148.14,139.03,105.55,87,85,82,50,28.53,0.93,26.81,20.16,0.22
LGND,138.04,138.04,138.65,135.13,120.84,122.17,87,80,69,72,169.72,0.99,154.14,122.06,0.69
NMG,138.03,141.64,130.61,114.09,115.05,118.32,87,64,60,68,2.41,0.91,2.02,1.82,0.62
MU,137.61,140.75,141.95,129.9,121.78,100.89,87,78,70,34,157.27,0.89,128.2,104.58,1.08
SCS,137.48,137.48,134.53,133.49,96.49,90.6,87,79,26,20,17.09,0.98,15.23,11.98,1.06
VTVT,137.46,137.46,124.39,96.19,137.95,139.02,87,35,82,81,22.33,0.92,17.35,17.19,0.46
LIVE,137.41,178.86,160.7,166.89,212.78,58.91,87,89,94,4,18.45,0.68,17.05,13.04,0.0
CELH,137.21,137.21,172.82,178.93,125.97,91.01,87,90,74,21,54.39,0.8,53.71,38.56,0.91
OPTT,137.21,143.91,167.49,226.95,220.91,637.66,87,94,94,98,0.52,0.26,0.55,0.57,0.47
PAYS,137.12,137.12,141.62,277.52,216.7,83.5,87,96,94,14,5.8,0.58,6.05,4.15,0.42
GEVO,137.01,141.91,146.68,167.24,129.47,265.09,87,89,77,95,2.06,0.46,1.65,1.5,0.98
MTEN,137.0,150.34,167.56,511.93,287.37,138.55,87,98,96,81,10.0,0.36,12.98,9.31,0.27
FNV,136.97,136.97,131.68,121.09,153.23,132.15,87,71,87,78,217.53,1.0,183.41,157.94,0.83
UPB,136.94,136.94,156.93,156.48,109.04,92.57,87,87,44,23,17.26,0.52,16.47,12.03,0.48
PONY,136.92,138.48,136.77,182.59,110.82,106.43,87,91,47,51,21.17,0.87,15.48,13.76,0.71
LENZ,136.84,137.15,140.83,143.82,133.47,180.59,87,84,79,91,42.03,0.99,37.31,29.64,0.63
TEM,136.84,148.07,148.07,156.39,156.39,151.67,87,87,88,86,78.48,0.81,72.36,58.62,0.53
TSSI,136.8,152.6,179.6,544.12,544.12,1579.12,87,98,98,99,17.66,0.47,18.99,14.68,0.82
INTR,136.79,140.42,134.03,125.41,130.91,111.17,87,74,78,59,9.14,0.94,8.0,6.37,0.66
NRG,136.75,139.88,139.6,167.87,173.41,141.01,87,89,91,82,168.57,0.94,156.34,126.3,0.9
BWXT,136.75,136.75,134.54,149.55,134.66,111.7,87,85,80,60,180.62,0.99,165.03,127.37,0.73
CCG,136.72,164.09,164.51,87.71,124.4,122.22,87,17,73,72,1.31,0.77,0.97,0.9,0.54
MEDP,136.46,136.46,138.36,130.25,89.96,93.82,87,78,19,24,496.79,0.98,461.56,355.93,0.34
ELAN,136.39,136.39,133.44,126.61,106.52,83.63,87,75,40,14,19.61,1.0,17.11,13.15,0.65
MTEK,136.37,136.37,140.6,153.26,162.34,354.72,87,86,89,97,4.19,0.6,2.99,2.88,11.72
PSTG,136.34,144.48,147.63,105.13,101.29,125.71,87,52,33,74,82.4,0.88,68.3,59.05,0.78
SIGA,136.27,138.04,131.67,138.16,105.87,91.48,87,82,39,21,9.16,0.93,8.25,6.33,0.95
HRTG,136.26,152.67,152.67,190.89,272.9,134.51,87,92,96,79,24.86,0.81,22.76,18.21,0.9
SITM,136.24,137.26,137.26,126.89,140.44,181.97,87,76,83,91,292.76,0.87,235.02,203.52,0.65
SCPH,136.22,136.22,136.0,156.9,111.54,77.19,87,87,48,10,5.65,0.95,5.31,3.79,2.06
DAO,136.2,138.15,134.8,154.3,189.06,245.43,87,86,93,95,9.47,0.79,8.93,8.45,1.11
CMBM,136.08,160.5,135.42,178.04,60.9,69.22,87,90,5,7,0.9,0.4,0.82,0.71,0.42
DUOT,136.04,140.66,147.91,182.64,235.45,258.47,87,91,95,95,7.51,0.77,6.98,6.62,0.36
VSTA,135.81,144.21,144.21,131.6,198.21,145.71,87,79,93,84,4.95,0.97,4.4,3.76,1.44
CMP,135.74,135.74,134.11,197.62,178.31,92.29,87,92,91,22,19.44,0.77,19.42,15.56,0.92
BTDR,135.65,148.32,136.53,137.57,177.81,300.53,87,82,91,96,16.25,0.49,14.15,14.08,0.96
DLTH,135.59,137.13,155.27,84.88,69.76,79.44,87,14,7,11,3.54,0.74,2.75,2.47,0.14
VSEC,135.39,135.39,136.83,138.86,141.64,136.99,87,82,83,80,164.48,0.91,157.82,126.16,0.58
NPKI,135.38,135.38,130.71,125.68,120.3,97.66,87,75,68,29,11.31,1.0,9.96,7.88,1.01
LRMR,135.37,135.37,120.94,128.12,84.23,58.61,87,76,15,4,5.09,0.45,3.88,3.22,2.14
CALC,135.36,136.64,134.69,157.4,60.33,85.06,87,87,5,15,3.08,0.49,3.11,2.4,0.2
WPM,135.33,135.33,133.22,132.97,161.31,138.24,87,79,89,81,109.04,1.0,99.02,80.85,0.92
RDNW,135.29,135.29,133.64,117.91,62.27,100.8,87,69,5,33,4.48,0.54,3.29,3.36,0.04
WF,135.27,138.04,140.92,161.72,144.02,109.95,87,88,84,57,56.42,0.95,54.51,40.94,0.68
DAN,135.26,135.26,149.99,149.99,143.1,145.9,87,85,84,84,20.04,0.91,18.78,15.51,0.72
CLNN,135.16,135.16,139.37,149.27,97.15,91.47,87,85,27,21,5.88,0.82,4.93,4.21,0.62
GTX,135.09,136.61,131.17,134.69,136.47,110.31,87,80,81,58,13.77,0.97,12.93,10.47,0.54
XPEV,135.08,137.03,167.21,167.21,224.49,265.21,87,89,95,95,22.79,0.78,20.45,18.66,1.15
PAPL,134.86,217.99,229.43,423.47,52.26,54.46,86,98,3,4,5.67,0.34,4.76,5.43,0.02
ARCT,134.81,134.81,125.77,121.63,84.49,75.02,86,72,15,9,22.17,0.8,16.55,14.72,1.49
GSAT,134.8,141.17,155.87,128.93,111.31,150.88,86,77,47,86,34.19,0.83,28.89,24.76,0.68
GHRS,134.8,134.8,122.82,193.41,146.28,172.56,86,92,85,90,14.44,0.62,13.6,11.7,4.23
MOGO,134.71,148.52,148.52,211.45,121.04,93.98,86,93,69,24,1.78,0.57,1.79,1.37,0.4
FLNC,134.64,134.64,103.92,130.12,63.53,82.97,86,78,5,13,11.91,0.42,8.29,8.22,1.41
DGNX,134.63,175.42,137.7,232.3,754.27,101.26,86,94,98,38,14.13,0.79,8.4,8.3,1.21
DSGN,134.54,134.54,129.14,120.85,104.16,167.04,86,71,36,89,6.57,0.8,5.2,4.62,0.89
GLDG,134.51,134.87,138.1,100.43,109.76,100.27,86,44,45,33,1.21,0.86,0.96,0.84,1.52
OKYO,134.5,139.98,169.8,239.03,223.22,132.09,86,95,95,78,2.18,0.52,2.5,1.77,0.46
ATGE,134.5,134.5,128.9,139.61,166.34,154.34,86,82,90,86,152.18,1.0,128.99,113.16,1.02
OPFI,134.39,135.13,139.78,243.39,243.05,412.52,86,95,95,97,12.1,0.64,10.8,10.76,0.87
ANIP,134.32,136.83,145.88,145.26,126.98,111.96,86,84,75,60,93.05,0.87,85.02,67.73,0.45
UCL,134.24,152.45,227.33,285.65,146.58,140.05,86,96,85,82,2.39,0.49,2.93,1.83,0.46
SPHR,134.1,140.19,145.39,122.87,110.29,105.6,86,73,46,50,58.98,0.93,47.58,40.22,0.82
IBKR,134.07,134.07,134.68,151.08,132.89,169.3,86,86,79,89,66.12,0.96,63.72,52.34,0.54
TFPM,134.06,134.06,137.29,137.42,153.82,126.47,86,81,87,75,28.63,0.98,26.25,21.11,0.86
SIMO,134.05,139.44,135.24,135.96,120.63,89.8,86,81,69,19,90.59,0.92,80.19,62.15,0.53
BZUN,134.0,138.65,150.16,105.02,130.19,137.22,86,52,77,81,4.06,0.72,3.35,3.05,0.35
POLA,133.96,139.53,114.89,81.92,84.71,107.46,86,12,15,53,3.47,0.73,2.27,2.37,0.08
TRS,133.92,136.17,142.67,141.52,109.49,99.13,86,83,44,31,38.4,0.92,36.76,27.65,0.92
DLO,133.87,138.49,138.3,152.2,126.3,125.2,86,86,74,74,14.55,0.86,13.0,11.0,0.63
IAUX,133.82,133.82,121.99,115.37,88.54,118.34,86,66,18,68,0.96,0.73,0.74,0.64,0.81
STIM,133.74,134.27,191.49,216.91,290.96,452.96,86,94,97,98,2.71,0.44,3.58,3.53,0.53
VTGN,133.66,133.66,125.37,111.44,87.54,99.0,86,61,17,31,3.53,0.91,3.13,2.68,0.5
AZ,133.63,164.63,191.41,383.28,424.16,392.0,86,97,98,97,8.18,0.63,9.25,8.24,1.26
KFS,133.56,133.56,135.71,184.14,170.44,95.08,86,91,90,26,14.57,0.78,14.17,10.76,0.61
MPU,133.54,146.47,224.34,321.24,98.87,93.13,86,97,30,23,1.36,0.25,2.49,1.42,0.09
NTLA,133.47,142.82,125.21,107.13,73.03,57.93,86,55,8,4,16.31,0.68,12.37,10.37,1.22
AGI,133.46,133.46,132.45,120.46,181.71,154.3,86,71,92,86,34.18,1.0,28.84,25.34,0.75
KNSA,133.43,133.43,134.84,130.74,132.66,115.55,86,78,79,65,36.49,0.97,33.28,25.7,0.53
AIRE,133.39,138.23,172.36,77.4,107.7,253.04,86,10,42,95,0.85,0.2,0.56,0.94,0.27
DRTS,133.38,134.61,131.52,121.55,124.47,156.54,86,72,73,87,4.11,0.96,3.42,3.11,0.5
EVOK,133.35,144.45,140.39,171.73,81.68,92.81,86,90,13,23,4.9,0.56,5.1,4.08,0.15
MLCO,133.27,138.62,157.31,146.97,108.3,88.46,86,84,43,18,9.58,0.9,9.24,6.83,0.65
VTYX,133.25,133.25,129.47,185.87,131.62,91.71,86,91,78,21,2.98,0.88,2.66,2.02,1.27
CALX,133.12,139.12,149.2,139.49,138.16,112.04,86,82,82,60,61.57,0.93,58.79,45.02,1.12
SNES,133.09,143.19,172.53,213.89,167.54,87.22,86,94,90,17,4.64,0.69,4.93,3.46,0.88
URGN,133.04,133.04,272.07,272.07,112.73,91.7,86,96,49,21,18.34,0.82,18.85,12.61,0.98
CNVS,132.97,144.09,213.76,402.03,259.14,330.76,86,97,96,97,3.36,0.39,4.7,4.0,0.25
FURY,132.94,141.51,150.95,126.4,125.76,102.49,86,75,74,44,0.66,0.85,0.57,0.45,0.82
NCRA,132.94,149.9,149.9,168.42,116.05,119.48,86,89,62,69,1.46,0.76,1.55,1.11,0.36
NUVB,132.89,132.98,140.85,114.68,100.22,130.16,86,65,31,77,3.2,0.69,2.83,2.38,0.83
HSHP,132.79,132.79,128.26,118.42,102.09,95.49,86,69,34,26,8.75,1.0,7.69,5.92,1.41
DHC,132.76,135.49,136.04,138.61,129.79,101.43,86,82,77,42,4.41,0.93,3.81,2.99,0.66
BBIO,132.76,138.9,161.28,159.73,147.42,136.96,86,87,85,80,50.05,0.87,49.48,38.7,0.58
FTHM,132.68,152.23,187.37,134.28,97.63,63.47,86,80,28,5,1.95,0.58,1.74,1.31,0.55
SPNS,132.68,132.84,136.47,136.51,96.76,90.2,86,81,27,20,43.01,1.0,37.68,29.89,0.49
ANET,132.59,144.36,150.41,135.26,110.4,145.05,86,80,46,84,142.5,0.88,133.75,105.87,0.52
CVAC,132.58,133.69,145.71,166.79,167.45,131.56,86,89,90,78,5.37,0.93,5.41,4.2,0.61
SRAD,132.55,139.92,159.17,167.96,198.58,177.03,86,89,93,90,28.97,0.86,29.9,24.21,1.16
HTZ,132.51,146.77,138.19,200.25,226.6,100.07,86,93,95,32,6.77,0.68,6.16,5.43,1.12
FIVE,132.43,132.71,144.6,158.54,133.01,84.55,86,87,79,14,154.76,0.99,143.19,108.86,0.56
MGIH,132.39,143.5,149.1,115.93,115.07,177.02,86,67,60,90,2.34,0.6,1.9,1.68,0.91
ROAD,132.35,135.87,136.1,139.41,154.44,150.35,86,82,87,85,128.0,0.87,115.49,95.31,0.49
LAR,132.32,147.02,141.86,134.21,76.58,74.46,86,80,10,9,3.54,0.86,3.15,2.54,2.1
MTSR,132.3,137.64,110.33,168.28,114.01,101.26,86,89,54,38,52.25,0.97,36.59,30.06,1.16
MIR,132.19,139.85,141.85,151.83,154.66,147.68,86,86,87,84,23.76,0.94,21.78,18.18,5.4
CIA,132.1,139.65,134.22,126.23,160.15,168.3,85,75,88,89,5.72,0.93,4.93,4.42,0.82
CURR,132.07,183.65,215.01,185.4,101.79,162.36,85,91,33,88,1.61,0.35,1.74,1.54,0.33
CRGO,132.06,142.72,146.73,148.73,120.65,205.47,85,85,69,93,3.28,0.69,3.14,2.77,0.52
AWRE,131.95,137.74,148.68,133.6,105.12,101.65,85,80,38,42,2.52,0.73,2.43,1.85,0.73
SE,131.91,142.55,147.69,151.58,178.15,181.61,85,86,91,91,184.58,0.88,175.37,144.08,0.77
AORT,131.85,131.9,146.35,148.23,116.37,123.59,85,85,62,73,41.06,0.83,39.06,30.67,0.93
CCB,131.69,132.4,139.53,142.11,171.65,180.78,85,83,91,91,118.0,1.0,106.86,92.25,0.79
FRAF,131.64,132.38,129.53,121.94,142.86,124.86,85,72,84,74,47.87,0.95,44.22,37.39,0.67
VOXR,131.6,131.6,116.33,114.06,161.29,125.91,85,64,89,74,4.16,1.0,3.45,3.01,2.31
IXHL,131.59,135.48,141.55,230.66,44.62,81.43,85,94,2,12,0.6,0.18,0.61,0.85,0.3
MTZ,131.59,131.59,131.02,137.41,134.85,148.03,85,81,80,85,208.12,1.0,184.88,152.5,0.63
EZPW,131.51,131.51,125.12,117.08,155.46,133.37,85,68,87,79,18.76,1.0,15.95,14.23,1.56
MDGL,131.39,137.19,142.46,136.7,136.7,133.42,85,81,81,79,424.23,0.88,384.72,330.45,0.96
FN,131.39,140.89,151.03,143.51,125.52,110.76,85,83,74,58,358.9,0.86,336.6,254.62,0.41
IE,131.32,131.32,113.51,152.05,122.94,85.71,85,86,71,15,11.99,1.0,9.78,7.72,1.81
ONC,131.26,133.03,138.04,137.59,159.33,150.16,85,82,88,85,326.06,0.86,313.79,254.54,0.54
DFLI,131.19,131.19,58.61,36.23,26.39,65.76,85,2,1,6,0.52,0.07,0.3,1.1,5.48
WRAP,131.13,141.78,141.78,86.98,119.06,132.46,85,16,67,78,2.35,0.82,1.62,1.72,0.85
SUPN,131.1,131.23,123.63,121.55,111.83,115.04,85,72,48,65,47.03,0.99,41.78,35.87,0.71
ADGM,131.06,138.66,118.74,136.72,149.03,69.82,85,81,86,7,1.91,0.39,1.53,1.28,0.18
BBBY,131.03,137.68,148.78,166.41,100.55,87.71,85,89,32,17,9.4,0.75,9.42,6.88,0.5
CORT,131.02,131.02,126.0,152.41,303.79,194.8,85,86,97,92,83.87,0.58,72.22,67.39,0.58
WKEY,130.93,132.86,150.74,202.97,267.86,566.59,85,93,96,98,6.69,0.44,5.67,5.93,1.39
DY,130.88,130.88,123.77,137.19,141.83,115.17,85,81,83,65,287.45,1.0,263.95,207.86,1.05
CLGN,130.73,130.73,100.36,112.39,103.75,78.24,85,62,36,10,3.14,0.49,2.57,2.73,1.23
NVRI,130.65,133.7,139.74,131.68,107.91,103.04,85,79,42,45,12.26,0.97,10.55,8.42,1.11
AEIS,130.61,134.48,132.75,129.91,116.89,109.8,85,78,63,57,166.46,0.9,152.51,124.11,0.65
NMRK,130.49,133.69,136.66,135.45,103.05,109.62,85,81,35,57,18.98,0.94,17.04,13.53,0.59
BRLT,130.46,152.12,194.97,183.99,82.25,92.22,85,91,13,22,2.13,0.56,2.05,1.57,0.04
SWAG,130.39,135.26,151.2,142.25,149.14,93.17,85,83,86,23,1.68,0.78,1.65,1.24,0.36
NAMS,130.33,130.33,129.52,129.52,106.42,144.45,85,77,40,83,28.5,1.0,24.61,21.73,0.85
KNOP,130.31,135.05,130.35,110.65,127.84,112.44,85,60,75,61,9.07,0.91,7.75,6.53,5.07
CCLD,130.21,133.7,147.36,132.5,119.99,255.03,85,79,68,95,3.36,0.63,3.0,2.67,0.45
ILPT,130.1,137.51,152.66,165.36,118.81,97.26,85,88,66,28,5.96,0.88,5.9,4.18,0.62
NESR,130.1,130.1,127.2,106.98,93.4,96.13,85,55,23,27,10.53,1.0,8.32,7.66,0.63
EFXT,130.08,131.4,131.32,124.14,119.38,168.49,85,74,67,89,10.99,0.98,9.55,8.48,0.4
LPL,130.08,133.15,130.52,128.98,97.07,93.2,85,77,27,23,5.09,0.96,4.28,3.47,1.16
SRTA,130.0,147.99,145.17,128.59,125.63,131.52,85,77,74,78,5.18,0.79,4.44,3.78,0.42
ALAR,129.99,147.39,163.9,156.93,129.52,87.45,85,87,77,17,14.86,0.69,14.74,10.57,0.28
AHG,129.98,132.84,149.33,157.33,172.76,154.71,85,87,91,87,1.75,0.78,1.78,1.44,0.06
DAKT,129.96,139.14,151.94,111.93,110.3,142.61,85,62,46,83,20.99,0.76,18.23,15.72,1.2
NVT,129.9,131.8,130.71,129.46,105.43,96.12,85,77,38,27,97.0,0.94,89.35,70.3,0.55
LLYVK,129.89,134.13,145.48,140.24,148.34,158.77,85,82,86,88,96.57,0.9,92.58,77.8,0.49
WYNN,129.83,133.42,134.2,123.01,116.46,97.35,85,73,63,28,128.97,0.99,116.32,94.42,0.7
OCUL,129.82,129.82,147.59,147.59,118.82,118.0,85,85,66,68,12.53,0.86,12.31,9.14,0.91
BIDU,129.76,137.14,136.91,97.53,107.21,111.83,85,38,41,60,131.34,0.89,100.32,91.1,0.65
HWM,129.73,131.46,131.24,161.01,157.78,149.76,85,88,88,85,193.15,1.0,182.01,151.0,0.93
COUR,129.7,129.7,132.2,141.28,115.06,93.34,85,83,60,24,11.72,0.85,11.38,8.95,0.37
FROG,129.66,129.66,131.14,128.93,131.78,119.63,85,77,78,69,50.09,0.99,46.01,38.63,0.38
MCRB,129.64,135.0,175.79,166.77,89.2,98.45,85,89,19,30,18.93,0.76,16.65,13.77,0.3
HIPO,129.62,130.45,131.55,131.9,132.51,176.25,85,79,79,90,35.44,0.9,31.83,27.73,0.53
NXE,129.49,129.49,125.87,111.74,112.77,94.97,85,61,49,25,9.1,1.0,7.47,6.37,1.23
AEO,129.47,135.37,146.28,85.17,69.97,75.01,85,15,7,9,17.95,0.71,14.41,12.98,0.41
PHAR,129.46,143.14,154.35,143.52,144.64,105.34,85,83,84,50,13.79,0.81,12.85,10.28,3.76
DGXX,129.42,135.1,154.82,284.7,203.88,210.04,85,96,94,93,2.32,0.52,2.69,2.05,0.59
MBX,129.39,150.92,107.9,124.34,103.62,85.22,85,74,36,15,17.51,0.58,13.35,12.06,1.73
MYRG,129.31,129.31,128.44,140.7,134.55,109.68,85,83,80,57,198.62,0.98,186.02,155.68,2.2
VUZI,129.23,138.62,115.36,154.46,189.61,350.81,84,86,93,97,3.04,0.49,2.28,2.75,1.4
BDTX,129.23,129.23,119.26,133.01,99.93,62.15,84,79,31,5,3.4,0.68,2.93,2.31,1.2
ECG,129.21,129.21,124.68,124.0,116.66,104.57,84,74,63,48,83.35,1.0,75.72,60.24,0.77
IPST,129.18,141.09,84.39,97.02,87.92,93.27,84,37,18,24,0.84,0.14,0.53,0.83,0.6
TBPH,128.99,130.93,138.91,138.09,122.13,106.54,84,82,70,52,14.07,0.94,12.87,10.49,0.76
PLAG,128.97,140.94,139.18,109.27,147.92,124.23,84,58,85,73,1.75,0.31,1.76,1.83,0.06
AUST,128.9,131.63,124.31,108.97,133.11,138.41,84,58,79,81,1.81,0.36,1.51,1.38,0.99
MRUS,128.89,128.89,125.81,138.46,123.54,103.48,84,82,72,46,68.89,0.97,66.48,50.97,0.96
LTRX,128.85,146.06,173.91,126.3,84.55,102.81,84,75,15,45,4.56,0.86,3.82,3.11,0.32
FORTY,128.83,130.3,145.45,149.86,130.55,126.03,84,85,77,75,135.01,0.81,128.84,105.08,0.0
VST,128.79,140.14,152.07,165.04,159.52,235.74,84,88,88,94,207.22,0.91,199.75,163.08,0.67
MESO,128.78,152.83,152.83,143.96,244.88,393.24,84,84,96,97,15.86,0.63,15.42,14.11,0.46
SVV,128.6,128.6,128.57,112.3,118.25,92.63,84,62,65,23,13.71,1.0,11.69,10.16,1.16
GTN,128.6,128.6,145.43,140.19,119.75,123.49,84,82,68,73,5.8,0.89,5.41,4.21,0.56
BTSG,128.59,131.9,140.36,141.75,152.71,169.6,84,83,87,89,27.39,0.95,23.54,20.92,1.22
LLYVA,128.56,132.54,143.85,139.14,150.58,161.36,84,82,86,88,93.81,0.9,90.05,76.13,0.54
C,128.42,128.96,130.94,127.48,118.12,124.76,84,76,65,74,103.42,1.0,96.11,79.5,0.81
CX,128.4,130.5,140.21,129.09,111.23,98.79,84,77,47,30,9.0,0.88,8.81,6.85,0.37
PBF,128.4,132.52,118.89,113.26,84.34,74.26,84,63,15,9,32.62,0.95,26.01,23.14,0.93
CTOR,128.32,128.32,188.88,402.95,310.9,68.58,84,97,97,7,2.0,0.3,1.86,1.44,0.38
ODP,128.31,128.31,101.09,97.05,79.77,58.8,84,37,12,4,27.98,0.8,20.67,18.95,1.25
UP,128.25,152.47,207.05,164.55,103.32,63.46,84,88,35,5,1.98,0.48,1.94,1.51,1.14
MDB,128.25,128.25,129.07,100.8,91.14,84.99,84,44,21,15,318.41,0.84,266.33,230.55,0.42
EBS,128.23,128.23,108.81,112.68,104.36,282.3,84,63,37,96,8.91,0.6,7.91,7.34,1.14
FLEX,128.2,134.05,139.73,147.37,135.53,135.26,84,85,80,80,56.85,0.92,53.33,43.33,0.68
UPWK,128.19,134.41,134.41,100.2,130.79,133.77,84,43,78,79,19.15,0.91,15.11,14.95,0.5
STRT,128.19,132.6,136.48,199.47,153.67,144.94,84,93,87,84,66.89,0.7,67.66,51.34,0.42
TWIN,128.14,133.75,136.3,129.47,83.31,79.61,84,77,14,11,13.99,0.93,11.03,9.4,0.49
INSG,128.07,128.07,130.17,102.32,124.54,242.27,84,47,73,95,14.41,0.6,10.36,9.64,1.09
XOMA,128.05,130.0,135.85,118.78,109.49,106.03,84,69,44,51,36.68,0.94,31.8,26.39,0.63
HCI,128.0,128.0,129.34,121.92,154.5,134.3,84,72,87,79,187.56,1.0,160.71,143.0,1.08
HROW,127.92,127.92,121.09,115.78,117.07,175.35,84,66,64,90,47.1,0.71,38.41,31.71,2.15
BWAY,127.88,137.86,153.52,149.18,144.97,143.96,84,85,85,83,14.66,0.75,14.02,11.14,0.5
OTLY,127.79,130.55,153.85,153.85,101.11,70.84,84,86,32,8,17.53,0.79,16.84,12.55,0.37
AMPY,127.78,127.78,90.7,92.48,69.67,89.08,84,23,7,19,6.07,0.77,4.03,4.1,7.32
DSS,127.77,127.77,158.68,138.38,91.4,82.49,84,82,21,13,1.37,0.62,1.12,0.96,0.12
BTOG,127.68,128.65,143.82,236.87,41.1,35.4,84,95,2,2,0.38,0.11,0.44,0.4,0.14
RAVE,127.66,132.46,132.88,123.17,129.6,138.34,84,73,77,81,3.45,0.9,3.14,2.76,1.46
DINO,127.58,128.86,129.1,120.28,104.85,79.05,84,71,37,11,53.26,0.97,47.75,37.95,0.99
WLACU,127.55,127.55,106.44,101.81,114.91,101.82,84,46,60,43,15.65,1.0,11.03,10.36,0.5
PLPC,127.42,131.39,132.23,134.2,120.69,118.97,84,80,69,69,199.36,0.92,177.44,149.32,1.61
IINN,127.41,130.65,158.21,158.51,86.42,79.02,84,87,16,11,1.31,0.79,1.24,0.94,0.63
BWFG,127.35,129.37,127.08,125.71,125.56,110.29,84,75,74,58,45.78,0.99,41.64,34.39,0.77
IVZ,127.35,127.79,130.55,127.8,96.31,107.11,84,76,26,53,22.72,1.0,21.51,17.11,0.68
NAGE,127.31,130.05,147.2,298.14,285.78,251.19,84,96,96,95,9.76,0.58,9.7,8.55,0.57
KEN,127.31,132.13,153.54,166.52,152.08,134.9,84,89,87,80,41.93,0.72,45.05,34.54,0.39
YALA,127.2,133.81,147.36,165.82,192.93,125.81,84,88,93,74,7.51,0.7,7.85,6.13,0.31
MEG,127.2,128.93,133.56,132.66,107.87,84.43,84,79,42,14,27.73,0.84,26.9,20.73,0.53
AAP,127.19,129.44,131.66,146.9,121.82,88.51,84,84,70,18,61.0,0.85,59.41,46.86,0.57
TENX,127.15,127.15,106.79,123.65,163.85,160.86,84,73,89,88,7.26,0.89,6.12,6.06,3.32
RRGB,127.15,133.59,148.35,162.05,130.67,103.04,84,88,78,45,6.98,0.91,6.4,5.14,0.54
TEL,127.09,127.09,125.9,126.53,107.25,102.21,84,75,41,44,217.04,0.97,205.57,164.16,0.88
RKT,127.05,127.05,136.13,129.14,139.03,111.66,84,77,82,60,19.51,0.86,18.2,13.99,0.91
KEP,127.0,135.09,145.82,184.93,184.93,102.44,84,91,92,44,12.99,0.78,13.66,10.09,0.45
UNFI,126.98,126.98,125.93,119.75,169.47,205.94,84,70,90,93,31.62,0.85,27.98,27.37,1.04
TBBK,126.96,129.21,133.35,130.01,124.01,128.71,84,78,72,76,77.32,0.94,71.12,58.23,0.57
BAOS,126.92,140.01,140.01,135.14,168.52,145.01,84,80,90,84,3.3,0.32,2.96,2.72,0.02
CNFR,126.87,164.83,214.69,103.21,92.9,109.15,84,49,22,56,1.19,0.47,0.96,0.88,0.05
LIQT,126.81,131.75,144.6,127.42,91.64,74.23,83,76,21,9,2.58,0.71,2.19,1.78,0.19
TSLA,126.8,127.21,131.96,116.14,139.95,185.19,83,67,83,91,440.4,0.85,351.96,334.47,1.14
GOOGL,126.72,132.39,132.39,109.99,100.33,112.31,83,59,32,61,246.54,0.93,215.25,184.69,0.5
HDSN,126.69,129.95,142.34,134.17,116.35,86.84,83,80,62,16,9.84,0.88,9.64,7.24,0.59
LTM,126.62,135.8,152.21,144.54,127.31,112.61,83,84,75,61,44.44,0.74,45.75,35.63,4.94
BKKT,126.58,132.21,70.27,180.85,115.28,195.06,83,91,60,92,17.95,0.43,11.89,14.86,1.17
NTES,126.57,133.94,139.53,135.68,139.25,117.72,83,81,82,68,147.62,0.86,138.12,114.72,1.17
GE,126.57,132.83,131.94,134.71,136.05,128.83,83,80,81,76,294.98,0.93,277.03,224.63,0.86
TARA,126.54,126.54,106.21,104.75,157.1,257.25,83,52,88,95,4.25,0.52,3.25,3.85,2.83
IONR,126.52,126.52,98.94,77.91,89.78,102.05,83,10,19,43,4.9,0.38,3.42,3.67,11.92
HLIO,126.48,131.15,133.61,134.69,75.77,93.05,83,80,10,23,52.73,0.9,49.13,39.6,0.5
TCI,126.46,127.15,137.43,150.53,149.16,95.35,83,85,86,26,47.49,0.98,44.72,35.08,0.68
FRD,126.46,126.91,128.64,111.46,118.75,112.19,83,61,66,61,22.26,0.95,18.63,16.59,0.52
NSSC,126.44,126.44,128.46,107.24,86.86,81.43,83,56,17,12,43.14,0.98,35.31,29.87,0.53
GOOG,126.42,131.59,131.59,109.4,100.11,111.89,83,58,31,60,247.18,0.93,215.93,186.05,0.71
FTLF,126.4,126.4,116.71,110.83,105.43,112.1,83,60,38,60,19.88,1.0,16.56,14.98,0.94
VIVS,126.39,146.78,150.85,64.79,44.76,222.59,83,5,3,94,3.21,0.13,2.49,3.13,0.19
HWKN,126.31,126.31,127.44,141.89,127.34,123.67,83,83,75,73,176.97,0.91,169.5,133.58,0.56
CRSP,126.29,126.29,125.27,136.41,100.32,89.16,83,81,31,19,61.67,0.82,57.84,45.88,0.69
NRXP,126.29,132.56,138.47,169.81,183.72,218.19,83,89,92,94,2.95,0.45,2.76,2.62,0.55
BOXL,126.23,230.58,118.77,113.07,91.92,253.7,83,63,21,95,2.61,0.21,2.05,2.17,0.16
CARV,126.2,129.98,175.17,160.36,107.99,110.07,83,87,42,57,2.38,0.61,2.18,1.75,0.1
EBR,126.18,126.66,122.85,113.0,125.85,114.19,83,63,74,63,9.47,0.96,8.04,7.05,0.51
SANA,126.17,127.67,114.06,175.08,113.81,80.47,83,90,51,12,3.34,0.53,3.58,2.75,0.79
PI,126.15,142.81,144.67,128.26,90.4,98.31,83,76,20,30,175.45,0.64,166.96,125.08,0.45
DOYU,126.14,133.08,147.07,174.42,315.14,377.8,83,90,97,97,7.48,0.69,7.95,6.83,0.62
ENGN,126.08,143.05,135.87,77.07,63.74,87.28,83,9,6,17,6.49,0.52,4.7,4.94,0.2
NEU,126.07,126.41,130.36,127.34,121.92,101.1,83,76,70,34,830.15,0.96,776.1,626.97,0.96
AIMD,126.06,136.7,135.96,134.74,118.6,102.22,83,80,66,44,3.48,0.68,3.3,2.94,0.0
GLUE,126.04,126.04,110.8,112.77,106.12,127.1,83,63,39,75,7.49,0.57,5.25,5.45,1.36
SKLZ,125.93,125.93,136.95,147.01,122.54,102.44,83,84,71,44,7.68,0.74,7.81,6.21,0.84
FPH,125.89,125.89,126.43,141.0,163.61,171.07,83,83,89,89,6.23,0.89,5.77,5.33,0.59
GRWG,125.86,127.48,116.81,117.06,85.02,71.95,83,68,15,8,1.65,0.57,1.43,1.29,0.35
EGG,125.83,125.83,94.87,92.82,114.01,101.26,83,26,54,38,7.0,0.69,5.82,5.62,11.19
TIGR,125.83,152.67,192.12,186.79,184.37,198.46,83,91,92,92,10.16,0.68,10.93,8.72,0.54
ISBA,125.8,125.8,129.43,148.41,173.77,121.81,83,85,91,71,35.15,0.83,32.42,27.61,0.24
CPIX,125.77,125.77,147.1,174.27,313.55,443.31,83,90,97,98,3.09,0.36,3.33,3.92,0.25
LNSR,125.77,132.82,140.92,171.73,308.07,326.17,83,90,97,97,12.35,0.64,12.62,12.21,0.6
FRO,125.73,126.18,121.44,102.21,109.22,95.1,83,47,44,26,23.09,0.88,20.67,17.42,0.6
OVBC,125.7,127.0,126.54,130.19,187.33,133.52,83,78,92,79,37.99,0.94,35.78,31.02,2.61
SATL,125.58,134.61,175.52,196.62,331.59,376.38,83,92,97,97,3.36,0.64,3.55,3.56,0.91
CYBR,125.57,128.5,128.5,122.4,129.92,137.63,83,73,77,81,480.45,0.95,437.24,378.87,0.31
MAMA,125.55,129.78,120.9,118.84,117.13,120.56,83,70,64,70,10.62,0.94,9.04,7.77,0.86
IH,125.48,131.07,140.97,161.47,147.38,184.97,83,88,85,91,2.79,0.78,2.85,2.24,0.97
ARTW,125.4,140.48,184.54,246.8,115.16,176.24,83,95,60,90,2.5,0.33,3.22,2.15,0.33
MGIC,125.38,129.53,149.09,167.13,148.66,130.74,83,89,86,77,19.25,0.79,20.22,15.62,0.39
SPRO,125.35,130.47,192.93,305.51,290.4,73.57,83,97,96,9,1.89,0.54,2.07,1.47,0.74
PKE,125.33,125.7,128.75,131.7,102.52,100.9,83,79,34,34,19.43,0.89,18.64,15.05,0.48
NVMI,125.24,132.15,133.62,133.15,122.53,131.67,83,79,71,78,309.76,0.96,273.48,233.2,0.39
ACHR,125.13,131.35,131.12,220.89,241.78,272.56,83,94,95,96,9.28,0.61,9.69,9.36,1.04
CEP,125.11,137.3,147.18,273.87,403.31,102.36,83,96,98,44,19.6,0.24,24.66,21.32,0.47
M,125.02,125.02,121.68,92.32,78.35,93.71,83,23,11,24,18.0,1.0,14.31,13.3,1.43
PPIH,124.94,130.46,229.94,229.94,181.06,153.41,83,94,92,86,22.96,0.58,26.52,18.04,0.92
BBD,124.92,127.07,121.53,134.54,134.05,106.33,83,80,80,51,3.3,0.95,3.01,2.47,1.16
JOYY,124.91,135.74,137.47,138.37,135.71,142.13,83,82,81,83,58.55,0.86,54.49,45.79,0.69
CNET,124.85,129.39,123.08,88.99,90.4,70.87,83,18,20,8,2.26,0.33,1.61,1.58,0.02
TIMB,124.83,129.34,130.34,134.94,135.8,108.82,83,80,81,55,21.52,0.95,20.29,16.29,0.34
PPSI,124.82,124.82,126.67,117.88,86.65,110.44,83,68,17,58,4.33,0.75,3.75,3.36,0.02
ISOU,124.78,124.78,111.13,98.39,98.7,81.46,82,40,29,12,10.09,0.8,7.93,7.21,0.98
CLF,124.78,124.78,117.65,108.7,75.99,79.28,82,57,10,11,12.37,0.81,10.79,9.4,1.37
KLAC,124.74,125.55,122.29,120.88,117.88,103.1,82,71,65,45,1064.29,0.99,928.85,785.88,0.52
WYY,124.73,138.37,138.37,113.59,173.88,155.81,82,64,91,87,5.0,0.68,4.22,3.9,0.63
SMP,124.71,124.71,123.38,118.25,103.15,92.4,82,69,35,22,41.12,1.0,37.24,30.84,0.74
EME,124.71,128.06,132.91,139.24,118.44,139.42,82,82,66,82,640.57,0.95,619.09,491.48,0.65
BLBD,124.68,126.56,133.15,130.63,100.25,103.04,82,78,31,45,57.95,0.9,53.83,42.16,0.51
AHR,124.64,126.97,139.26,145.97,170.22,157.02,82,84,90,87,42.15,0.95,40.96,33.39,0.88
ING,124.63,124.63,123.93,129.42,131.5,132.03,82,77,78,78,25.96,1.0,24.37,19.93,0.7
BTSGU,124.6,129.09,135.72,134.68,145.08,155.61,82,80,85,87,93.49,0.93,81.88,73.18,0.08
BKE,124.55,124.74,132.48,128.6,110.02,120.94,82,77,45,70,59.79,0.94,55.5,45.34,0.81
AVAL,124.51,127.52,127.38,126.2,137.75,141.97,82,75,82,83,3.32,0.9,3.16,2.75,0.37
MGTX,124.41,124.51,128.61,163.01,145.09,153.05,82,88,85,86,8.18,0.85,7.85,6.78,0.78
REX,124.41,125.48,138.44,128.44,115.83,88.86,82,77,61,18,31.13,0.94,28.84,23.01,0.74
MRAM,124.32,129.85,122.28,112.0,105.82,88.33,82,62,39,18,8.22,0.91,6.7,6.09,0.51
MGNI,124.3,145.28,150.25,184.24,144.31,170.42,82,91,84,89,22.14,0.75,23.63,18.0,0.61
GHM,124.28,124.46,125.29,156.18,146.32,167.76,82,87,85,89,53.51,0.87,51.03,42.2,0.93
SNOA,124.25,124.51,150.89,156.31,131.03,125.97,82,87,78,75,4.04,0.62,4.07,3.18,0.01
CRBP,124.23,124.23,100.89,87.91,77.69,76.99,82,17,11,10,12.11,0.43,9.76,8.93,0.6
PHVS,124.21,124.71,127.99,147.46,100.36,88.87,82,85,32,19,24.17,0.91,22.47,18.42,0.44
GIC,124.16,124.16,129.77,127.14,98.84,75.48,82,76,30,9,36.65,0.9,34.74,27.05,0.43
AMRN,124.08,125.24,125.24,151.58,146.08,84.28,82,86,85,14,16.0,0.86,15.26,12.21,1.14
JBL,124.07,136.07,138.55,164.51,154.17,127.18,82,88,87,75,215.84,0.85,216.96,175.01,1.18
HKIT,124.06,124.06,130.93,115.04,109.59,114.35,82,65,45,64,1.86,0.84,1.57,1.38,0.35
POWL,124.05,139.49,143.03,130.63,104.56,192.29,82,78,37,92,290.98,0.69,261.52,216.17,0.46
TRIB,124.04,144.99,159.96,166.81,77.02,60.0,82,89,10,5,1.07,0.33,1.13,0.84,0.02
PLUT,123.96,123.96,110.0,109.15,114.01,101.26,82,58,54,38,3.95,0.9,3.09,2.93,3.01
ACLS,123.95,126.04,120.79,106.71,88.89,64.54,82,55,19,6,97.48,0.84,81.72,67.29,0.53
BH,123.95,123.95,130.17,139.94,135.49,133.67,82,82,80,79,327.21,1.0,306.99,257.69,0.58
TSAT,123.94,123.94,150.14,192.63,179.55,220.32,82,92,91,94,25.26,0.8,23.26,19.87,0.48
STXS,123.82,124.68,121.14,132.42,112.97,113.32,82,79,50,62,2.94,1.0,2.66,2.25,0.31
SINT,123.81,136.79,154.06,109.13,93.4,111.06,82,58,23,59,4.54,0.61,3.62,3.22,0.11
SANM,123.78,129.09,140.12,142.21,122.79,121.98,82,83,71,71,114.11,0.83,114.67,91.08,0.65
DASH,123.72,128.33,131.03,149.64,144.22,140.05,82,85,84,82,262.47,0.93,252.61,209.92,0.49
BAP,123.68,124.91,129.37,129.68,123.58,112.7,82,77,72,61,263.66,0.88,252.22,204.37,0.49
SGI,123.67,127.59,134.27,129.63,121.69,120.98,82,77,70,70,82.64,0.89,80.25,66.3,0.52
LYTS,123.63,124.59,126.36,128.31,107.14,142.47,82,77,41,83,23.69,0.92,20.82,18.51,0.91
WB,123.54,128.71,129.36,133.57,113.73,129.09,82,80,51,76,12.33,0.92,11.15,9.52,0.83
WINA,123.46,123.46,122.5,108.37,123.75,100.51,82,57,72,33,502.49,0.94,439.71,390.02,0.39
BBDO,123.43,125.74,120.04,135.03,133.61,107.74,82,80,79,53,2.88,0.93,2.64,2.22,0.28
ALLR,123.35,142.89,162.71,117.87,72.01,57.98,82,68,8,4,1.58,0.55,1.3,1.07,0.04
GEG,123.34,126.18,144.94,117.67,116.74,109.55,82,68,63,56,2.66,0.69,2.44,2.06,0.02
PTGX,123.3,123.3,132.63,125.0,143.32,160.42,82,74,84,88,67.42,1.0,57.46,48.19,1.7
KFFB,123.27,124.49,122.64,110.18,102.85,100.08,82,59,35,32,3.83,1.0,3.3,2.97,0.58
GMAB,123.26,125.09,115.65,101.7,94.01,92.41,82,46,24,22,29.07,0.97,24.9,21.81,0.8
PUK,123.24,125.14,129.33,132.21,135.54,123.46,82,79,80,73,27.74,0.97,26.34,21.49,1.08
WRBY,123.22,127.19,127.81,138.29,117.51,169.3,82,82,64,89,27.6,0.93,25.86,22.64,0.87
GNTY,123.19,123.19,121.83,121.97,135.85,124.9,82,72,81,74,49.95,1.0,45.24,39.69,1.17
PINC,123.11,123.11,117.55,115.82,120.66,101.43,82,66,69,42,27.81,0.96,24.53,21.44,0.65
HOND,123.09,136.0,105.26,100.23,116.65,102.02,82,43,63,43,15.81,0.76,11.93,10.94,2.26
FENC,123.01,123.01,127.81,151.04,142.89,112.67,82,85,84,61,9.04,0.96,8.62,7.21,1.44
GDOT,123.01,131.74,139.92,128.31,120.15,97.13,82,77,68,28,14.2,0.88,12.65,10.02,0.6
BZ,122.95,134.12,152.27,137.46,128.14,132.46,82,81,76,78,23.0,0.85,22.12,17.84,0.63
WRLD,122.94,122.94,120.45,131.52,128.88,111.07,82,78,76,59,184.43,1.0,167.65,144.63,0.83
BCS,122.93,125.35,128.59,133.15,142.25,144.83,82,79,84,84,20.6,0.95,20.03,16.64,0.47
CW,122.92,122.92,122.44,141.58,142.85,119.7,82,83,84,70,526.16,1.0,493.24,404.44,0.82
ADNT,122.91,122.91,133.1,137.53,103.79,69.55,82,81,36,7,24.64,0.94,23.58,18.07,0.69
SBS,122.9,128.28,122.61,132.23,133.65,120.36,82,79,79,70,24.03,0.92,21.81,18.71,0.5
TSM,122.88,127.94,124.05,124.86,118.55,133.62,81,74,66,79,273.36,0.93,246.14,206.45,0.92
VC,122.84,123.79,130.37,130.41,98.07,86.5,81,78,28,16,123.24,0.91,120.04,94.21,0.69
SHOP,122.81,136.52,137.17,167.96,128.88,149.65,81,89,76,85,140.25,0.79,139.72,114.53,0.97
KYMR,122.8,122.8,114.69,136.3,123.16,112.29,81,81,71,61,56.25,1.0,44.68,38.79,1.73
RCL,122.78,128.21,148.32,161.77,140.78,152.53,81,88,83,86,326.89,0.8,333.29,265.93,0.64
DXR,122.68,122.68,125.12,128.59,104.47,97.56,81,77,37,29,12.05,0.98,10.75,8.79,0.12
GS,122.68,124.03,125.41,126.87,121.65,127.65,81,75,70,76,802.51,0.99,744.25,630.01,0.78
PRDO,122.65,122.7,117.53,129.25,135.08,128.77,81,77,80,76,37.0,1.0,32.15,28.97,0.49
KAR,122.64,125.98,128.49,140.3,119.72,119.86,81,82,68,70,28.09,0.89,27.69,22.81,1.49
CGNX,122.6,125.23,124.7,120.83,81.68,89.19,81,71,13,19,45.79,0.97,41.96,34.76,0.92
VLO,122.58,122.58,113.08,111.38,100.96,99.25,81,61,32,31,175.63,1.0,148.64,132.79,1.07
PRLB,122.57,122.57,124.76,127.0,117.57,127.53,81,76,64,76,50.4,0.97,46.96,40.89,1.0
IOBT,122.55,130.1,173.58,200.17,159.0,116.06,81,93,88,66,1.58,0.52,1.82,1.25,0.14
UTHR,122.49,122.96,115.1,85.61,103.58,117.82,81,15,36,68,432.66,0.96,342.64,327.88,0.88
ARQ,122.48,126.78,123.18,139.62,95.5,144.71,81,82,25,84,7.16,0.83,6.76,5.67,0.89
SPWH,122.46,127.96,148.67,200.83,234.22,89.11,81,93,95,19,3.04,0.65,3.13,2.4,0.45
HALO,122.44,125.03,125.02,122.37,136.48,132.15,81,72,81,78,73.75,0.87,68.65,59.42,1.13
MDAI,122.34,130.78,130.74,193.73,144.43,178.76,81,92,84,90,2.1,0.52,2.2,1.92,0.77
SNOW,122.31,123.75,130.53,149.0,146.86,123.79,81,85,85,73,224.64,0.88,213.82,186.69,0.54
ARRY,122.29,122.29,132.21,129.28,110.68,82.59,81,77,46,13,8.26,0.77,7.61,6.62,0.41
BWA,122.25,122.4,125.49,122.68,102.21,91.3,81,73,34,21,44.04,0.98,40.83,33.38,0.63
SMTC,122.22,122.22,142.92,135.45,104.29,216.94,81,81,37,93,62.97,0.73,55.63,47.66,0.5
ISSC,122.18,127.86,153.53,236.56,186.25,149.56,81,95,92,85,11.85,0.44,13.94,10.39,0.29
EVR,122.18,128.95,132.35,127.21,111.67,121.36,81,76,48,71,342.39,0.9,317.62,261.26,0.51
MFG,122.17,122.17,120.32,127.54,136.76,143.87,81,76,81,83,6.85,1.0,6.39,5.55,0.75
FINW,122.14,126.89,126.89,114.63,139.1,147.36,81,65,82,84,20.79,0.81,18.8,16.95,0.33
TACT,122.12,124.66,109.75,101.44,95.85,94.93,81,45,26,25,5.3,0.97,4.31,3.99,0.43
ODC,122.1,124.93,141.47,147.74,142.99,146.84,81,85,84,84,62.27,0.82,60.94,50.31,0.7
LC,122.0,129.87,134.21,130.58,99.75,167.6,81,78,31,89,16.54,0.85,15.78,13.26,0.58
FEDU,121.98,128.0,133.66,181.19,100.76,102.1,81,91,32,43,13.72,0.73,14.66,11.03,0.0
DNA,121.94,128.94,154.9,154.9,113.29,111.04,81,86,50,59,11.5,0.55,12.16,9.93,0.63
FRHC,121.94,121.94,123.65,145.42,168.72,162.09,81,84,90,88,173.56,0.83,173.39,150.28,0.65
ERJ,121.92,123.91,129.52,152.47,151.13,181.31,81,86,86,91,60.61,0.99,56.43,48.39,0.45
WNEB,121.91,124.99,125.48,126.06,120.48,116.98,81,75,68,67,12.22,0.92,11.72,9.77,0.36
CDZI,121.87,123.54,114.2,105.33,96.27,171.28,81,53,26,90,4.52,0.7,3.56,3.62,1.22
FTAI,121.81,129.19,128.23,124.32,115.48,193.84,81,74,61,92,164.87,0.83,148.2,124.25,0.94
VIK,121.78,128.59,137.85,136.58,127.86,125.08,81,81,75,74,60.3,0.84,60.41,49.59,0.65
GSL,121.76,124.01,124.72,125.16,110.38,110.31,81,74,46,58,31.88,0.92,30.1,24.19,0.55
GREE,121.72,128.95,103.94,158.48,117.75,64.1,81,87,65,6,1.69,0.51,1.51,1.34,0.87
NEOV,121.72,155.57,155.57,175.73,125.2,243.06,81,90,73,95,4.51,0.67,4.52,3.66,0.64
BLNK,121.71,130.54,115.0,94.04,70.2,63.76,81,31,7,5,1.52,0.54,1.13,1.06,0.8
MATV,121.7,134.66,146.15,145.34,71.8,62.24,81,84,8,5,11.41,0.58,10.41,8.04,0.64
SNX,121.69,121.69,111.67,116.28,106.69,114.66,81,67,40,64,164.5,1.0,148.32,131.05,1.97
RM,121.65,129.83,139.24,130.97,113.66,120.97,81,78,50,70,41.33,0.78,38.67,32.93,0.66
RBRK,121.58,121.58,160.36,185.55,220.13,169.39,81,91,94,89,82.15,0.74,85.79,77.22,0.61
NGL,121.51,127.15,134.64,120.99,95.7,106.68,81,71,25,52,6.22,0.82,5.17,4.53,0.24
SNEX,121.48,121.48,130.67,137.55,157.53,146.6,81,81,88,84,99.49,0.9,95.79,83.66,0.87
LXEO,121.45,121.45,121.4,114.26,88.87,58.27,81,65,19,4,6.77,0.53,4.87,4.38,1.31
ASLE,121.4,121.4,135.7,136.39,133.76,134.85,81,81,79,80,8.38,0.86,7.87,6.95,0.5
BTBD,121.32,121.32,186.51,186.26,92.58,112.88,81,91,22,62,1.88,0.43,1.77,1.51,0.04
ELPC,121.3,122.46,118.16,134.3,141.46,113.14,81,80,83,62,8.78,0.91,8.29,7.06,0.17
CAMT,121.25,124.03,122.24,114.45,102.09,112.87,81,65,34,62,104.63,0.96,89.14,79.04,0.76
INTG,121.21,130.1,134.66,98.18,94.65,74.26,81,39,24,9,18.42,0.85,14.61,13.32,0.95
TILE,121.21,125.69,127.47,121.64,109.93,141.71,81,72,45,82,28.39,0.88,25.96,22.47,0.62
LAW,121.19,124.1,120.43,100.5,82.51,80.87,81,44,13,12,6.46,0.91,5.1,4.65,0.47
BB,121.11,121.11,109.47,140.66,150.86,213.95,81,83,86,93,4.96,0.71,3.88,4.02,3.54
CG,121.1,131.57,135.29,129.63,106.87,111.64,81,77,40,60,63.99,0.85,63.62,51.2,1.03
LINC,121.01,121.01,111.91,160.55,161.88,138.28,81,88,89,81,22.92,0.88,21.02,18.99,0.69
RLAY,120.97,120.97,104.24,100.22,75.14,62.0,80,43,10,5,5.17,0.58,3.81,3.62,2.03
BELFA,120.95,124.88,140.08,138.79,96.71,104.01,80,82,27,47,119.02,0.91,114.17,87.59,0.44
SEB,120.88,120.88,131.54,123.27,103.02,98.61,80,73,35,30,3747.42,0.84,3587.59,2882.65,1.23
CTOS,120.87,120.87,125.93,137.71,105.79,109.93,80,82,38,57,6.18,1.0,5.9,4.98,0.67
EVAX,120.84,131.93,90.51,100.32,77.9,33.21,80,43,11,2,4.04,0.19,2.94,2.73,1.09
LOCL,120.79,139.75,146.16,131.74,211.2,114.75,80,79,94,64,2.93,0.48,2.68,2.4,0.27
NYAX,120.77,124.81,138.07,171.27,167.23,139.94,80,89,90,82,46.81,0.82,46.57,40.46,0.3
MKTW,120.74,120.74,125.96,163.24,160.07,110.23,80,88,88,57,16.71,0.67,18.15,14.38,0.64
WNS,120.71,122.78,121.81,123.7,147.5,126.32,80,73,85,75,76.17,1.0,75.31,62.64,0.38
URBN,120.65,120.65,138.73,154.46,170.55,140.8,80,86,90,82,73.0,0.85,74.05,62.17,0.83
DOCS,120.59,121.83,124.66,133.14,161.71,245.61,80,79,89,95,74.4,0.79,65.84,60.74,0.79
CRON,120.52,125.51,120.4,115.04,93.78,91.01,80,65,23,21,2.63,0.93,2.41,2.05,0.34
AMBA,120.51,139.14,136.12,114.82,113.24,141.34,80,65,50,82,83.28,0.89,73.57,65.21,0.44
MT,120.51,120.51,114.17,128.2,129.18,135.94,80,76,77,80,36.94,1.0,33.74,29.65,0.98
RCKY,120.51,120.51,121.65,117.64,95.73,88.98,80,68,26,19,29.75,0.93,27.43,22.35,0.52
OPRT,120.49,134.19,136.64,192.16,195.5,236.93,80,92,93,94,6.39,0.63,6.36,5.82,0.7
TV,120.39,122.27,138.59,134.47,120.19,90.42,80,80,68,20,2.69,0.83,2.59,2.05,0.46
CWK,120.39,124.93,128.03,127.96,88.61,107.97,80,76,18,54,15.87,0.89,14.64,12.16,0.91
RDIB,120.31,126.43,144.33,142.16,153.48,111.08,80,83,87,59,11.0,0.66,11.67,9.31,0.78
BK,120.27,120.33,119.03,120.48,127.59,127.72,80,71,75,76,109.53,1.0,103.61,88.7,0.64
SSBI,120.26,121.97,128.45,137.85,128.16,119.95,80,82,76,70,12.09,0.94,11.88,9.53,0.52
CLYM,120.23,121.62,123.42,128.78,55.86,52.24,80,77,4,3,2.13,0.23,1.98,1.63,0.62
ALHC,120.23,120.3,118.01,120.4,263.08,216.61,80,71,96,93,17.53,0.77,15.04,14.92,0.58
GAIA,120.23,120.23,111.15,114.24,116.65,120.51,80,65,63,70,6.09,0.89,5.16,4.75,0.91
IBP,120.17,123.07,139.35,142.35,95.4,85.83,80,83,25,15,249.18,0.76,246.85,193.1,0.54
EBAY,120.15,123.84,129.94,141.98,123.24,121.86,80,83,71,71,91.14,0.79,91.02,73.99,1.11
XYF,120.14,139.48,165.66,236.37,310.8,281.53,80,95,97,96,13.42,0.55,14.61,13.05,0.5
FBRX,120.11,139.37,112.99,148.75,158.03,265.64,80,85,88,95,13.84,0.41,11.38,11.45,1.46
AFRM,120.09,145.04,159.78,166.41,137.8,188.28,80,89,82,92,76.03,0.71,78.16,62.78,0.82
GRPN,120.08,122.89,165.84,254.72,275.6,152.57,80,95,96,86,22.74,0.5,27.53,21.61,0.94
AMX,120.04,121.68,117.07,113.87,114.35,90.95,80,64,58,20,20.86,0.95,19.3,16.32,0.63
FSLR,120.03,121.05,116.5,109.62,103.06,93.93,80,59,35,24,220.02,0.74,196.25,166.89,0.68
ARBB,120.03,172.16,81.36,94.47,198.42,186.44,80,31,93,91,8.39,0.41,5.39,7.64,0.35
BMO,119.97,120.55,120.29,115.12,115.04,111.33,80,66,60,59,130.63,1.0,119.02,103.77,0.69
EPOW,119.93,119.93,90.52,102.75,131.79,122.45,80,48,78,72,1.23,1.0,0.9,0.92,36.63
RL,119.9,120.48,125.38,131.76,136.46,142.18,80,79,81,83,311.97,0.94,299.77,259.87,0.72
NRT,119.81,119.81,109.59,111.05,117.21,111.04,80,60,64,59,5.83,1.0,5.15,4.51,3.14
PEGA,119.8,124.9,125.34,140.44,135.69,157.52,80,83,81,87,58.66,0.94,55.72,48.12,0.58
DCO,119.78,120.47,129.25,135.1,129.38,107.41,80,80,77,53,93.41,0.94,91.44,72.52,0.52
LU,119.77,119.77,109.81,106.03,132.59,160.79,80,54,79,88,3.59,0.7,3.0,2.82,1.21
ATAT,119.75,131.03,143.25,142.86,143.21,147.41,80,83,84,84,37.76,0.87,36.84,30.69,0.66
LZ,119.68,119.68,122.35,124.85,119.26,116.76,80,74,67,66,10.89,0.94,10.19,9.0,0.71
BKD,119.68,121.94,114.42,122.1,118.75,104.22,80,72,66,47,8.34,0.96,7.65,6.39,0.75
GENI,119.67,124.22,136.05,136.26,160.51,155.83,80,81,89,87,12.75,0.88,12.31,10.3,0.3
CLSK,119.67,133.63,129.41,124.31,101.48,91.72,80,74,33,21,12.96,0.57,10.91,9.97,1.52
MOD,119.63,131.15,139.61,128.93,102.19,128.3,80,77,34,76,138.65,0.78,134.05,106.41,0.69
BBU,119.53,119.53,108.25,111.62,114.58,113.84,80,61,58,63,32.2,1.0,26.61,24.25,3.94
STG,119.47,129.44,141.96,209.55,109.92,93.72,80,93,45,24,8.0,0.36,9.35,6.85,0.39
BCAB,119.45,119.45,122.33,69.46,82.43,33.68,80,6,13,2,0.67,0.19,0.47,0.48,0.52
TER,119.42,119.42,113.35,110.05,77.28,104.05,80,59,10,47,135.31,0.94,111.86,101.74,0.77
ROIV,119.42,119.42,119.44,98.29,105.9,98.71,80,39,39,30,15.17,0.98,12.54,11.37,1.0
HSBC,119.3,120.03,120.57,123.53,137.33,141.48,80,73,81,82,69.82,0.99,65.39,56.98,1.44
CORZ,119.29,132.29,129.34,168.14,160.21,204.62,80,89,88,93,16.85,0.88,14.56,12.23,0.6
JOUT,119.21,119.44,131.79,131.79,99.57,84.6,80,79,30,14,39.86,0.88,38.53,30.81,0.68
WT,119.2,129.14,130.5,128.35,106.78,107.87,80,77,40,54,13.9,0.89,13.54,10.67,0.55
JBGS,119.16,126.57,129.27,126.32,115.33,100.47,80,75,61,33,21.88,0.78,21.15,17.02,0.61
SNDX,119.15,119.15,111.75,116.08,82.56,83.5,80,67,13,14,15.68,0.53,13.92,12.76,1.24
CWCO,119.15,119.15,114.29,117.32,113.64,112.15,80,68,50,61,35.14,1.0,32.05,27.75,0.87
GRAB,119.13,127.89,127.89,122.92,125.01,126.56,79,73,73,75,6.11,0.89,5.36,4.89,0.86
IDXX,119.04,120.74,124.63,135.68,111.68,91.81,79,81,48,21,632.22,0.84,622.95,500.27,0.58
HCSG,119.04,120.29,119.75,133.63,133.38,101.92,79,80,79,43,16.36,0.97,14.99,12.95,1.02
PENG,119.0,125.6,124.46,122.0,102.97,106.3,79,72,35,51,26.2,0.87,24.79,20.64,0.63
MTRN,118.97,119.46,121.43,111.55,80.63,82.19,79,61,12,13,119.43,0.95,109.15,93.3,0.56
CIO,118.97,118.97,129.74,132.73,110.35,104.84,79,79,46,49,6.95,0.99,6.82,5.46,0.25
MESA,118.96,119.12,121.67,105.05,106.99,137.1,79,52,41,81,1.34,0.91,1.22,1.11,0.55
GSIT,118.96,124.05,114.64,171.72,127.19,126.14,79,90,75,75,3.84,0.52,3.63,3.22,0.26
CGON,118.94,118.94,119.06,103.2,86.47,84.85,79,49,16,15,37.54,0.9,29.26,27.18,0.65
CLNE,118.9,118.9,112.53,107.64,82.26,116.93,79,56,13,67,2.83,0.67,2.38,2.22,1.01
ABUS,118.88,118.88,119.63,96.1,116.28,105.68,79,35,62,50,4.41,0.76,3.75,3.43,0.56
DHX,118.88,132.53,136.84,179.43,159.24,143.45,79,90,88,83,2.74,0.74,2.72,2.28,0.65
EXPE,118.83,120.15,126.25,119.03,118.4,130.78,79,70,66,77,222.87,0.94,205.3,181.21,0.66
BULL,118.82,118.82,112.28,123.76,577.45,104.59,79,73,98,48,15.16,0.09,14.5,13.49,2.4
FTDR,118.8,119.77,118.33,129.85,133.12,141.88,79,78,79,83,66.96,0.97,61.25,54.19,0.88
YTRA,118.79,124.94,129.3,131.84,88.72,76.14,79,79,18,10,1.43,0.75,1.27,1.04,0.66
TARS,118.78,118.78,141.66,141.66,145.26,177.19,79,83,85,90,56.29,0.9,50.91,48.18,0.56
NGVT,118.74,118.74,127.07,124.51,100.73,106.82,79,74,32,52,55.11,0.82,53.22,44.78,0.87
ARQT,118.74,118.74,126.64,129.28,155.72,199.68,79,77,88,92,17.57,0.96,15.93,14.54,0.87
CPOP,118.7,262.77,208.34,169.32,65.22,104.62,79,89,6,48,0.92,0.27,1.18,0.84,1.36
VEON,118.64,129.99,140.04,141.99,163.11,171.07,79,83,89,89,52.6,0.7,55.08,47.2,0.62
STAA,118.63,120.19,125.5,120.98,80.32,64.65,79,71,12,6,26.8,0.53,25.31,20.83,0.22
AVD,118.55,123.46,108.56,98.81,81.81,74.34,79,40,13,9,5.81,0.8,4.93,4.68,0.53
GNK,118.49,124.15,117.94,107.91,87.36,85.53,79,56,17,15,18.32,0.88,16.95,14.32,0.73
RCMT,118.41,120.67,120.67,132.27,122.37,96.61,79,79,71,27,27.01,0.96,25.68,21.61,1.21
UAL,118.32,130.6,135.2,133.33,125.28,202.22,79,79,73,93,97.91,0.78,98.79,88.74,0.99
SHCO,118.32,127.98,139.18,133.11,121.89,141.91,79,79,70,83,8.84,0.98,7.98,7.02,1.07
CISO,118.29,127.39,138.74,194.08,207.39,394.49,79,92,94,97,1.07,0.23,1.04,1.08,0.65
RNA,118.27,118.27,125.34,132.45,104.14,122.94,79,79,36,72,42.95,0.66,42.58,33.67,0.84
TKO,118.25,118.86,128.1,126.33,138.22,150.52,79,75,82,86,199.04,0.94,183.68,162.6,0.93
NVDA,118.23,125.18,125.34,137.18,121.1,150.21,79,81,69,85,178.19,0.94,176.56,141.81,0.86
OTEX,118.17,120.16,117.13,105.3,98.15,87.6,79,53,29,17,37.45,0.95,32.39,28.39,0.42
SGN,118.16,140.49,140.49,171.59,74.64,29.99,79,89,9,2,1.83,0.1,1.66,1.59,0.41
NFG,118.14,118.14,113.4,124.23,146.74,140.6,79,74,85,82,93.72,1.0,87.58,77.89,0.9
VIV,118.13,121.87,127.04,127.51,126.27,106.65,79,76,74,52,12.29,0.91,12.09,9.82,0.53
VBTX,118.11,120.62,125.32,131.14,106.97,110.81,79,78,41,58,33.78,0.93,32.71,26.89,0.88
VRT,118.1,128.41,126.24,141.62,125.26,164.27,79,83,73,88,138.62,0.84,134.67,112.83,0.5
THC,118.09,118.09,117.62,119.83,120.42,109.71,79,70,68,57,202.0,1.0,177.28,151.46,0.72
LSCC,118.08,120.4,122.76,117.27,100.11,108.85,79,68,31,55,71.35,0.91,62.38,56.24,0.64
BTI,118.07,118.28,134.85,143.99,144.82,126.98,79,84,84,75,53.0,0.77,55.44,44.59,0.66
SBR,118.01,119.72,112.27,106.03,116.2,112.29,79,54,62,61,82.12,1.0,71.6,65.25,1.73
MLI,117.9,117.9,117.77,111.14,119.55,128.59,79,60,67,76,101.4,0.99,93.08,81.76,0.6
RDVT,117.89,118.68,125.05,147.08,170.1,157.19,79,84,90,87,52.07,0.99,47.07,42.44,1.12
BRBS,117.82,122.23,120.69,119.22,122.55,118.64,79,70,71,68,4.32,0.98,3.91,3.53,0.35
KRMN,117.77,118.86,124.87,114.66,119.37,101.26,79,65,67,38,68.42,0.99,55.8,44.19,0.53
ASTE,117.76,118.09,119.34,120.66,121.71,108.16,79,71,70,54,47.72,0.95,44.24,38.22,0.66
CELZ,117.74,117.74,131.26,132.43,103.25,185.63,79,79,35,91,3.31,0.32,3.17,2.85,0.21
CHRW,117.72,122.77,123.65,115.81,112.44,110.87,79,66,49,58,131.81,0.9,120.87,103.1,1.01
TIXT,117.72,119.86,133.27,114.64,101.71,75.77,79,65,33,9,4.49,0.98,4.1,3.44,0.24
MS,117.69,118.76,118.78,120.59,117.59,126.51,79,71,64,75,160.11,0.99,148.3,131.15,1.06
ZWS,117.67,117.67,119.75,119.19,106.01,107.83,79,70,39,54,46.78,0.94,44.37,37.78,0.73
ESE,117.66,123.44,125.62,135.44,142.08,138.73,79,80,83,81,205.11,0.87,198.67,170.07,1.63
SSL,117.65,117.65,129.64,122.39,98.42,73.06,79,73,29,9,6.28,0.77,6.03,4.83,0.88
VRAR,117.63,132.47,127.42,145.46,165.46,293.21,79,84,90,96,1.67,0.31,1.48,1.53,0.62
HLLY,117.61,121.31,151.17,144.62,83.88,94.47,79,84,14,25,3.25,0.64,3.16,2.65,0.44
FSS,117.61,120.74,127.49,129.83,116.95,104.9,79,78,63,49,122.24,0.88,122.6,98.99,0.54
HPE,117.6,123.67,126.31,111.87,99.79,119.79,78,62,31,70,24.0,0.9,22.23,19.49,1.04
BWLP,117.6,122.27,128.5,131.57,99.95,102.41,78,79,31,44,15.15,0.85,14.91,11.94,0.79
LYG,117.6,117.95,122.59,130.84,148.3,140.49,78,78,86,82,4.48,0.93,4.41,3.71,0.46
ITUB,117.56,117.96,117.48,123.5,127.53,112.79,78,73,75,62,7.24,0.95,6.81,5.84,0.85
PLX,117.56,120.79,114.68,104.38,221.16,206.56,78,51,94,93,2.06,0.51,1.64,1.99,0.58
KN,117.55,117.9,115.33,113.1,97.31,107.96,78,63,28,54,23.34,1.0,20.97,18.28,0.74
LITB,117.55,140.39,129.79,83.51,100.85,45.59,78,13,32,3,1.91,0.45,1.51,1.38,0.84
LTRN,117.5,119.31,120.71,124.81,98.28,118.66,78,74,29,69,4.45,0.66,4.31,3.86,0.49
AWI,117.48,119.85,123.31,123.3,114.53,113.06,78,73,58,62,193.98,0.93,190.12,159.18,0.45
WAVE,117.46,134.51,140.94,155.79,237.72,646.27,78,87,95,98,8.12,0.35,8.32,7.97,1.01
NATL,117.42,119.16,129.67,131.24,107.91,127.36,78,78,42,75,38.83,0.91,36.04,30.71,0.35
GHC,117.37,117.37,117.3,112.56,129.53,121.65,78,62,77,71,1184.8,1.0,1054.33,959.68,0.97
IIIV,117.32,119.0,119.08,117.8,117.4,121.03,78,68,64,71,32.02,0.93,30.4,26.55,0.97
ULTA,117.3,117.3,126.62,126.28,126.85,95.9,78,75,75,27,552.0,1.0,519.01,435.25,0.96
YOU,117.28,125.86,134.71,131.7,120.93,121.29,78,79,69,71,36.63,0.91,34.01,27.49,0.53
NC,117.27,120.56,117.33,135.94,138.38,120.19,78,81,82,70,43.84,0.99,39.11,35.14,1.46
CMT,117.23,119.07,119.1,111.83,102.43,89.12,78,61,34,19,21.68,0.97,18.84,16.21,0.86
WILC,117.21,119.49,143.22,160.06,147.91,156.27,78,87,85,87,19.14,0.76,20.57,16.99,0.52
ZS,117.21,117.21,116.02,152.48,153.97,114.65,78,86,87,64,294.65,0.85,280.69,240.77,0.95
MCY,117.17,118.0,114.78,116.12,107.93,119.02,78,67,42,69,83.21,1.0,74.86,62.45,0.71
VNTG,117.15,118.84,116.01,92.82,114.01,101.26,78,26,54,38,7.01,0.94,5.49,5.02,0.31
INSW,117.15,117.55,116.0,106.37,100.31,86.15,78,54,31,16,47.22,0.89,43.57,37.08,0.74
SYBX,117.12,118.78,116.55,124.23,87.28,86.85,78,74,17,16,1.74,0.95,1.53,1.34,0.4
GOOS,117.11,118.11,128.54,135.55,111.12,95.79,78,81,47,26,13.51,0.79,12.92,10.77,0.36
CCL,117.07,120.88,135.07,140.68,120.82,141.0,78,83,69,82,30.62,0.88,30.49,25.19,1.27
SPOT,117.06,122.62,128.04,166.0,172.92,181.89,78,88,91,91,716.53,0.86,694.29,620.5,0.62
ELP,117.05,119.46,115.13,128.28,133.68,112.18,78,77,79,61,9.52,0.91,9.02,7.76,0.48
NN,117.0,123.46,152.57,143.86,143.11,232.17,78,84,84,94,15.73,0.79,15.82,13.83,0.78
BKR,116.99,116.99,109.1,111.62,123.68,128.39,78,61,72,76,50.52,1.0,44.96,41.64,1.13
LEDS,116.98,116.98,103.98,166.01,204.65,176.92,78,89,94,90,2.18,0.57,1.87,2.01,0.42
APTV,116.95,116.95,116.58,112.12,101.27,96.54,78,62,33,27,86.22,1.0,76.09,66.19,0.5
TORO,116.95,118.91,110.78,111.15,83.77,76.63,78,60,14,10,3.25,0.87,2.91,2.55,0.77
IMAX,116.95,117.52,114.28,123.07,137.6,137.42,78,73,82,81,32.6,0.99,28.44,26.3,0.59
GBFH,116.82,118.02,119.7,140.27,141.32,134.79,78,82,83,79,40.68,0.86,39.81,38.09,0.79
SHIM,116.82,129.5,151.65,146.35,83.07,101.07,78,84,14,34,2.65,0.66,2.55,2.13,0.38
LUXE,116.81,123.23,128.39,130.24,164.32,267.48,78,78,89,95,8.32,0.53,8.47,8.5,1.89
SKYE,116.74,137.03,137.03,181.47,129.83,68.0,78,91,77,7,4.11,0.65,3.71,2.87,2.29
ESQ,116.7,119.14,120.32,138.33,146.21,142.52,78,82,85,83,103.57,0.96,98.48,87.28,0.57
CDLX,116.67,116.67,101.88,107.52,58.81,66.94,78,56,4,6,2.82,0.45,1.61,2.2,1.7
UBS,116.66,122.03,122.03,116.64,108.7,110.11,78,67,43,57,40.77,0.91,39.6,33.66,0.8
CVS,116.66,119.03,112.84,112.54,142.3,125.66,78,62,84,74,75.77,0.98,68.88,62.36,0.62
CUK,116.66,122.11,135.3,141.56,120.79,140.98,78,83,69,82,27.66,0.87,27.83,22.88,0.93
RYAM,116.64,119.7,120.57,89.24,90.46,133.92,78,19,20,79,6.87,0.51,5.3,5.61,1.13
ATLC,116.6,129.7,146.16,130.56,154.34,163.21,78,78,87,88,63.38,0.7,61.49,55.89,0.99
SAVA,116.59,120.44,71.13,84.19,56.26,52.29,78,14,4,3,2.99,0.06,2.33,2.22,1.25
ARLO,116.58,124.88,131.35,145.95,141.58,113.6,78,84,83,63,17.02,0.85,17.11,13.62,0.64
AIR,116.54,116.54,109.34,123.95,107.98,107.43,78,73,42,53,86.34,1.0,76.19,67.01,2.25
URI,116.48,117.21,124.32,120.12,101.92,100.16,78,71,33,32,947.27,0.93,910.25,746.66,0.68
FSFG,116.46,120.33,98.69,106.35,133.28,128.33,78,54,79,76,31.81,0.94,26.76,25.63,3.87
MPC,116.45,116.45,107.65,113.88,105.91,96.95,78,64,39,28,198.69,1.0,174.57,155.02,1.09
SFIX,116.43,134.62,133.42,131.55,124.52,161.49,78,78,73,88,4.69,0.55,5.17,4.4,1.76
APWC,116.41,127.45,123.06,108.39,118.0,111.56,78,57,65,60,2.04,0.76,1.86,1.65,1.63
FTI,116.39,116.89,125.86,124.25,124.52,121.73,78,74,73,71,40.37,0.97,36.94,31.95,0.68
RSSS,116.38,119.43,117.11,97.84,98.8,139.85,78,39,30,82,3.85,0.83,3.08,3.13,0.49
BWMX,116.26,121.48,131.06,121.34,96.46,90.71,78,72,26,20,12.82,0.85,12.77,10.52,0.25
GPRE,116.25,124.85,168.86,144.62,69.97,58.67,78,84,7,4,9.21,0.58,9.09,7.02,1.68
IMO,116.24,116.62,116.11,113.23,116.29,111.32,78,63,62,59,93.26,0.95,87.4,74.28,0.71
MLTX,116.21,116.21,122.09,117.57,111.79,99.9,78,68,48,32,61.99,1.0,54.63,46.43,1.89
CLCO,116.19,118.34,103.91,95.0,95.11,74.87,78,33,25,9,9.27,0.68,7.62,6.96,1.58
PBI,116.12,125.12,132.95,154.69,166.11,176.92,77,86,90,90,11.28,0.77,11.7,9.75,1.06
STNG,116.11,116.47,119.57,97.35,83.28,75.7,77,37,14,9,57.81,0.66,50.31,43.9,0.99
BILI,115.96,128.37,129.13,133.24,123.56,156.35,77,79,72,87,26.09,0.76,24.21,20.44,1.07
SENEA,115.94,116.15,132.12,132.4,145.99,141.01,77,79,85,82,107.45,0.89,106.4,90.84,0.79
KARO,115.91,116.1,115.63,123.07,156.11,151.78,77,73,88,86,56.66,0.81,50.21,46.53,0.72
ZYME,115.91,115.91,115.37,111.38,113.74,129.7,77,61,51,77,16.6,0.9,14.45,13.29,1.08
EA,115.87,115.87,108.08,111.18,117.81,101.48,77,61,65,42,193.35,1.0,167.14,149.29,4.52
SCHL,115.86,115.86,112.81,114.88,87.27,71.91,77,65,17,8,27.56,0.78,25.27,20.89,0.78
MIND,115.86,124.59,185.36,183.6,155.85,222.25,77,91,88,94,8.37,0.63,9.29,7.72,0.49
NMRA,115.84,118.07,115.08,139.66,36.5,80.34,77,82,2,12,1.74,0.07,1.73,2.11,0.28
AXL,115.83,115.83,112.77,103.21,79.35,79.57,77,49,12,11,6.18,0.81,5.53,4.94,0.54
LEVI,115.72,118.46,120.95,118.39,98.66,98.69,77,69,29,30,23.02,0.98,21.42,18.15,1.27
MUFG,115.72,115.72,115.98,122.44,134.74,141.91,77,73,80,83,16.04,1.0,15.05,13.3,0.56
ECO,115.7,117.8,115.83,106.88,97.05,97.38,77,55,27,28,29.5,0.72,26.62,23.24,0.83
DOOO,115.66,115.66,130.54,122.25,96.77,78.72,77,72,27,11,60.71,0.79,57.49,46.74,0.73
CUBI,115.63,115.63,125.58,123.31,111.59,106.78,77,73,48,52,67.45,0.83,66.26,55.88,0.58
PCTTU,115.61,117.71,159.5,245.94,173.29,190.21,77,95,91,92,17.8,0.64,18.58,13.72,0.0
DWTX,115.53,115.53,111.58,136.34,180.86,306.45,77,81,92,96,5.52,0.24,4.9,5.25,4.09
SONO,115.5,119.22,122.78,109.11,79.97,96.95,77,58,12,28,15.3,0.97,13.2,12.08,0.72
AMG,115.48,119.42,120.09,116.85,105.22,103.59,77,67,38,46,239.04,0.95,223.77,189.06,0.94
LHX,115.46,115.46,110.0,114.39,111.6,97.21,77,65,48,28,293.56,1.0,274.89,234.09,0.97
AMKR,115.46,115.55,114.48,99.35,80.39,78.09,77,42,12,10,29.03,0.88,24.39,21.85,0.69
MYE,115.42,115.42,129.53,127.92,111.25,93.03,77,76,47,23,16.7,0.99,15.9,12.96,0.68
PC,115.3,115.3,103.82,98.0,129.19,108.93,77,39,77,55,8.99,0.09,7.15,7.36,1.48
MCRI,115.21,115.21,116.0,125.76,111.73,116.62,77,75,48,66,104.55,0.91,102.47,87.63,0.65
TR,115.06,115.06,116.36,118.23,118.93,107.97,77,69,67,54,41.12,0.96,39.73,33.91,0.84
HCC,115.05,120.23,114.15,105.74,87.04,85.25,77,53,17,15,63.72,0.68,58.59,51.88,0.68
CEG,115.05,122.81,122.71,137.38,136.76,166.05,77,81,81,89,331.26,0.87,324.27,280.29,0.55
AKBA,115.05,117.11,138.37,248.58,240.07,187.08,77,95,95,91,2.74,0.53,3.24,2.65,0.51
WOLF,115.04,153.04,117.8,48.45,56.28,61.18,77,3,4,5,1.21,0.05,1.62,3.58,3.69
BPOP,115.0,115.91,116.65,116.9,112.2,104.67,77,68,49,48,128.04,1.0,120.14,103.17,0.71
PAC,114.94,118.23,117.66,125.61,130.33,118.34,77,74,77,68,248.56,0.92,240.66,207.1,0.91
CM,114.93,115.27,116.56,118.57,121.3,112.81,77,69,69,62,80.76,0.97,75.78,65.79,0.65
CCM,114.91,118.62,104.55,102.97,158.4,98.35,77,48,88,30,6.57,0.56,5.51,5.44,0.0
SHG,114.87,116.16,117.82,135.06,122.14,92.97,77,80,71,23,48.93,0.91,48.81,39.22,0.54
FCFS,114.85,114.85,117.02,114.14,126.51,108.93,77,64,74,55,153.3,0.97,140.53,124.67,1.91
IQ,114.8,123.11,131.92,108.06,87.91,93.8,77,57,18,24,2.63,0.66,2.3,2.07,0.55
PRO,114.8,116.48,83.12,78.34,85.21,99.71,77,10,15,32,22.93,0.67,16.06,19.11,0.8
USLM,114.78,114.78,116.26,110.86,114.19,180.08,77,60,58,91,129.78,0.62,117.9,108.16,0.69
IFS,114.76,117.67,126.5,129.78,140.05,131.65,77,77,83,78,40.16,0.9,38.93,33.92,0.87
CMI,114.74,117.0,117.72,110.77,103.86,115.76,77,60,36,65,418.04,0.95,392.09,345.91,0.79
GES,114.73,116.62,129.82,121.72,85.91,68.74,77,72,16,7,16.7,0.81,15.19,12.47,0.32
COIN,114.72,126.78,134.7,185.09,170.49,141.2,77,91,90,82,312.59,0.6,330.61,273.26,0.63
PLYM,114.71,114.82,116.49,112.56,87.56,87.72,77,62,18,17,21.97,0.95,18.77,16.74,0.49
TTWO,114.7,114.7,112.85,123.81,144.29,130.4,77,73,84,77,256.12,1.0,235.35,217.78,2.0
NU,114.7,115.07,116.23,110.63,107.35,101.8,77,60,41,43,15.78,0.92,13.98,12.45,1.02
BLX,114.69,115.5,117.8,122.07,125.26,131.33,77,72,73,78,46.7,0.91,44.83,39.71,1.04
PHAT,114.69,116.21,195.26,204.92,142.51,64.37,77,93,84,6,11.78,0.57,10.61,7.37,0.74
IRMD,114.68,116.77,130.72,129.83,118.44,120.57,77,78,66,70,70.27,0.85,68.19,58.54,1.2
SWKH,114.67,115.57,125.13,142.45,155.69,103.57,77,83,87,46,14.7,0.91,14.71,12.35,0.45
SURG,114.64,138.48,153.41,148.7,185.3,104.51,77,85,92,48,2.85,0.75,2.76,2.32,0.52
SONY,114.64,117.03,115.67,121.62,141.2,134.5,77,72,83,79,29.78,0.98,27.29,24.69,1.51
HOVNP,114.63,114.69,113.86,114.91,111.22,103.29,77,65,47,46,20.6,0.96,19.77,17.09,0.41
RRR,114.61,114.61,115.17,118.14,104.64,91.49,77,69,37,21,61.73,0.96,59.39,49.42,0.8
TD,114.56,114.56,114.38,120.96,120.73,110.23,77,71,69,57,79.25,1.0,75.11,64.31,0.86
ZH,114.53,124.07,123.89,123.48,136.7,150.63,77,73,81,86,5.0,0.7,4.75,4.27,0.75
LASE,114.49,134.15,161.69,192.4,107.62,260.91,77,92,42,95,4.6,0.19,3.24,3.52,0.32
SAIH,114.47,114.47,112.99,217.75,86.19,95.87,77,94,16,26,10.12,0.35,8.16,8.44,0.61
ADVM,114.46,114.46,92.15,81.42,77.19,80.75,76,12,10,12,4.51,0.38,2.99,3.53,1.44
ELA,114.43,119.74,121.79,115.29,128.54,137.17,76,66,76,81,7.81,0.9,6.87,6.54,0.7
CLMB,114.42,117.29,111.36,114.25,128.45,168.05,76,65,76,89,135.6,0.89,120.07,116.32,0.94
GYRO,114.41,114.41,115.0,112.69,110.21,106.36,76,63,45,51,10.71,0.84,9.88,8.96,7.84
ESLA,114.4,114.4,104.61,90.3,109.39,132.03,76,20,44,78,1.2,0.62,0.97,1.02,4.12
LXEH,114.36,114.36,100.68,92.4,748.23,454.32,76,23,98,98,3.02,0.07,1.99,5.4,0.52
ADN,114.33,114.33,135.37,149.37,142.23,221.41,76,85,84,94,3.39,0.28,3.14,3.69,0.08
SLSN,114.25,114.25,127.63,215.2,243.39,272.26,76,94,95,96,3.31,0.51,3.54,3.17,0.49
ALV,114.22,114.22,115.59,117.97,111.59,94.43,76,69,48,25,125.19,0.95,119.65,102.37,0.63
TK,114.21,117.89,121.41,118.28,126.71,104.15,76,69,75,47,8.47,0.9,7.99,6.85,0.57
GVA,114.18,114.79,117.09,120.59,117.74,135.86,76,71,65,80,108.99,0.94,104.72,90.17,0.61
LPG,114.17,116.71,126.35,126.55,93.87,81.43,76,75,23,12,31.21,0.91,30.52,24.24,0.68
SYF,114.14,116.37,122.63,125.47,115.67,136.71,76,74,61,80,74.54,0.93,73.02,63.24,0.53
FHI,114.11,116.53,126.51,126.89,120.35,113.65,76,76,68,63,51.97,0.89,51.72,43.05,0.51
ANRO,114.1,114.1,114.1,102.56,62.22,68.22,76,48,5,7,3.95,0.17,3.48,3.15,0.66
LGO,114.08,114.56,105.62,91.44,104.38,105.85,76,21,37,50,1.89,0.48,1.53,1.59,0.95
MSB,114.07,124.02,134.93,140.82,165.65,177.2,76,83,90,90,29.27,0.78,30.4,26.4,0.28
JPM,114.03,114.32,115.79,119.84,119.41,123.98,76,70,67,73,316.06,1.0,298.82,265.21,0.92
UGP,114.01,115.14,116.0,96.52,99.54,92.75,76,36,30,23,3.94,0.95,3.43,3.04,1.09
STKE,113.97,127.51,295.85,755.23,1645.7,3013.87,76,99,99,99,4.95,0.12,7.24,14.37,0.9
RCUS,113.95,113.95,102.51,86.05,75.06,85.97,76,15,9,16,12.84,0.52,10.62,10.61,0.79
PLBY,113.94,115.31,149.65,183.65,162.08,204.42,76,91,89,93,1.54,0.61,1.72,1.53,0.58
OPY,113.94,115.73,119.44,118.72,120.95,144.14,76,69,69,83,76.58,0.9,73.61,65.55,0.49
CVCO,113.93,113.93,112.69,102.81,135.12,126.98,76,48,80,75,572.47,1.0,495.58,484.04,0.82
CCRD,113.92,113.92,126.73,165.46,164.24,175.2,76,88,89,90,27.39,0.81,27.37,24.13,0.23
ESP,113.91,136.66,155.57,173.55,172.2,125.48,76,90,91,74,39.2,0.58,45.75,34.84,1.09
CFG,113.87,114.27,115.25,113.97,107.97,117.54,76,64,42,67,53.38,0.99,50.12,43.95,0.78
PTON,113.85,116.95,115.23,136.54,143.75,197.61,76,81,84,92,8.56,0.68,7.61,7.43,0.94
AXGN,113.85,122.64,125.57,116.67,175.87,185.23,76,67,91,91,17.16,0.73,15.1,15.18,0.64
AZZ,113.85,117.55,121.27,122.16,113.43,115.68,76,72,50,65,110.88,0.8,112.83,95.3,0.5
PSMT,113.79,113.79,112.11,114.09,122.06,103.88,76,64,70,47,120.94,1.0,110.9,99.09,1.29
GTLS,113.78,118.34,124.16,121.5,109.25,146.6,76,72,44,84,200.28,0.83,194.99,174.97,0.25
FCCO,113.73,113.73,113.45,113.32,119.12,127.59,76,64,67,76,28.94,0.98,26.64,24.39,0.48
ZUMZ,113.7,114.12,124.89,95.73,83.69,93.98,76,34,14,24,19.97,0.71,17.04,15.22,0.74
LOPE,113.7,113.96,112.13,111.49,129.24,116.92,76,61,77,66,216.94,1.0,194.75,182.01,0.95
PHIN,113.69,114.09,117.28,115.89,103.71,121.81,76,66,36,71,58.12,0.94,55.18,47.71,0.63
OMAB,113.68,117.83,127.02,145.39,146.95,119.02,76,84,85,69,104.57,0.83,106.4,90.26,1.33
VECO,113.68,113.68,108.28,94.96,76.04,75.1,76,32,10,9,29.87,0.76,24.23,22.84,1.01
ZONE,113.63,122.71,392.96,392.96,277.12,86.33,76,97,96,16,2.03,0.18,3.85,2.21,0.71
LRN,113.6,114.43,131.64,138.49,190.62,167.81,76,82,93,89,148.36,0.8,148.99,136.66,0.84
PTCT,113.59,115.46,120.42,120.44,151.2,152.15,76,71,86,86,58.99,0.86,52.57,49.48,0.66
ALLE,113.54,116.05,117.36,115.2,109.58,100.53,76,66,44,33,175.01,0.93,168.64,142.6,0.64
CCSI,113.54,113.54,111.73,105.48,123.96,149.5,76,53,72,85,29.39,0.91,25.19,23.97,0.45
TAC,113.52,113.52,116.77,123.66,116.45,161.19,76,73,63,88,13.62,0.9,12.49,11.1,0.47
VPG,113.52,118.07,119.84,109.86,107.09,90.19,76,59,41,20,32.19,0.93,28.97,25.48,0.53
FUNC,113.42,113.42,113.28,113.58,118.36,142.13,76,64,66,83,38.12,0.81,35.53,32.67,3.44
ACRS,113.41,113.41,116.69,112.76,107.63,225.3,76,63,42,94,1.99,0.26,1.79,1.84,0.72
CRMD,113.39,113.39,141.86,213.37,213.37,205.28,76,93,94,93,11.3,0.51,12.27,10.97,0.51
HII,113.38,113.38,118.65,117.82,120.73,93.26,76,68,69,24,278.77,1.0,268.18,221.87,0.78
BCO,113.31,113.31,116.27,114.22,99.35,95.43,76,65,30,26,117.0,0.99,106.74,93.55,0.63
WTS,113.31,113.31,118.64,119.1,117.33,105.54,76,70,64,50,278.41,0.93,271.14,231.74,0.4
SVRA,113.25,114.95,119.6,117.93,98.5,75.27,76,69,29,9,3.52,0.69,3.09,2.84,0.76
CAT,113.24,116.26,116.64,115.9,102.46,104.03,76,66,34,47,465.76,0.97,430.83,370.02,0.79
MPWR,113.23,119.28,119.32,113.57,106.24,91.65,76,64,39,21,887.55,0.9,824.4,684.06,0.54
UBER,113.21,117.13,118.83,126.8,127.29,111.38,76,75,75,59,98.45,0.98,93.2,80.99,0.57
APG,113.21,113.21,121.92,133.46,131.86,104.7,76,79,78,48,34.21,0.86,35.07,29.21,0.4
OSK,113.2,114.19,126.26,127.86,106.41,95.45,76,76,40,26,129.97,0.79,134.71,108.39,0.63
VIPS,113.18,117.09,117.53,116.0,116.05,121.09,75,67,62,71,18.43,0.93,16.83,14.9,0.84
APYX,113.17,136.16,143.15,198.63,159.79,105.05,75,93,88,49,2.02,0.67,2.09,1.64,0.73
NTRS,113.17,113.84,116.94,130.04,124.24,115.99,75,78,72,66,133.31,1.0,128.25,110.38,0.98
RGLD,113.13,113.13,109.29,117.74,150.05,123.86,75,68,86,73,196.71,1.0,173.89,162.95,1.41
PIPR,113.09,120.19,122.19,112.84,105.74,123.45,75,63,38,73,350.86,0.88,331.85,286.69,0.61
PGRE,113.05,114.43,130.31,135.57,138.23,95.57,75,81,82,26,6.52,0.71,6.72,5.42,0.58
RVP,113.05,113.05,107.19,108.11,92.71,100.01,75,57,22,32,0.84,0.96,0.79,0.74,0.28
PWR,113.05,113.05,116.87,128.14,128.73,122.93,75,76,76,72,405.44,0.91,389.01,332.6,0.74
SENEB,112.96,117.39,130.92,133.39,156.88,145.34,75,79,88,84,104.5,0.85,106.9,91.25,5.73
SLDB,112.94,113.32,119.35,159.77,88.58,84.89,75,87,18,15,6.15,0.72,5.98,4.55,0.99
JUNS,112.94,112.94,161.77,241.85,167.29,97.27,75,95,90,28,1.59,0.07,1.42,2.23,2.81
RTX,112.93,112.93,115.85,120.01,126.08,124.35,75,70,74,73,163.35,1.0,156.51,135.68,0.9
FAST,112.9,112.9,118.85,119.86,122.7,110.51,75,70,71,58,48.7,0.9,47.97,41.21,0.83
CYRX,112.89,129.12,134.06,121.89,101.13,93.6,75,72,32,24,9.2,0.8,8.61,7.23,0.62
PFGC,112.86,113.84,118.08,118.31,110.87,110.17,75,69,47,57,104.3,0.88,101.74,88.76,0.43
EXOZ,112.83,112.83,106.35,84.85,113.88,133.67,75,14,51,79,15.48,0.58,10.97,12.94,3.0
NPO,112.82,112.82,116.41,127.08,110.2,118.22,75,76,45,68,222.03,0.9,218.74,187.72,1.3
WWD,112.77,112.77,122.44,135.65,128.97,113.06,75,81,76,62,249.09,0.85,247.79,209.31,1.52
COHR,112.72,123.6,121.16,138.44,106.57,145.86,75,82,40,84,106.99,0.85,101.07,86.02,0.69
NMR,112.7,113.37,114.32,116.66,114.3,117.36,75,67,58,67,7.55,1.0,7.15,6.28,1.09
PRA,112.69,113.74,123.46,133.53,191.89,166.51,75,80,93,89,23.92,0.99,23.83,20.69,0.51
MNSO,112.68,120.25,134.89,134.89,120.24,129.78,75,80,68,77,22.26,0.64,22.11,20.47,1.33
NPK,112.63,114.25,118.08,121.4,115.71,128.07,75,72,61,76,112.63,0.92,106.12,95.79,1.19
ORIC,112.59,112.59,124.19,160.54,135.81,113.61,75,88,81,63,11.12,0.83,10.39,8.62,0.98
WELL,112.59,112.59,109.1,114.28,142.67,133.59,75,65,84,79,174.9,1.0,166.04,149.02,1.12
CASY,112.59,113.08,118.65,116.95,134.74,112.95,75,68,80,62,547.54,0.93,522.71,459.84,0.64
FSTR,112.59,114.35,116.86,106.32,92.74,123.66,75,54,22,73,27.54,0.83,24.92,23.47,1.07
ASML,112.57,112.78,109.25,96.72,98.13,88.87,75,36,29,19,951.52,0.97,777.37,736.87,0.57
ADEA,112.55,112.55,111.46,110.05,118.88,137.15,75,59,66,81,16.83,0.96,14.8,13.79,0.7
LOGI,112.51,117.11,115.53,105.69,103.42,114.56,75,53,35,64,108.28,0.9,100.54,89.86,0.54
RDNT,112.49,114.14,114.06,102.14,95.35,126.67,75,47,25,75,75.91,0.74,66.56,60.78,0.41
MCB,112.42,116.79,121.07,133.08,124.45,121.77,75,79,73,71,76.33,0.86,75.38,65.14,0.59
RGS,112.33,116.73,123.42,157.29,188.94,199.95,75,87,93,92,28.64,0.93,22.71,21.76,0.79
MVBF,112.26,112.26,113.76,121.43,111.2,96.22,75,72,47,27,24.95,1.0,23.68,20.14,0.42
MGX,112.25,112.25,98.68,100.45,69.72,113.63,75,44,7,63,2.29,0.35,2.03,2.12,1.74
QNCX,112.24,117.76,139.52,174.68,138.45,208.1,75,90,82,93,1.61,0.62,1.66,1.48,2.1
DORM,112.21,112.21,120.49,120.11,118.66,122.65,75,71,66,72,155.3,0.81,147.66,131.07,0.55
BNS,112.14,112.14,114.16,111.24,108.22,100.51,75,61,43,33,64.39,0.97,59.67,52.52,0.7
SNN,112.13,115.52,120.99,126.21,116.56,111.71,75,75,63,60,35.42,0.78,35.5,29.29,0.62
LX,112.1,122.28,154.85,220.19,480.49,460.04,75,94,98,98,5.51,0.41,6.18,7.14,0.38
INCY,112.06,114.21,115.45,118.19,106.56,108.53,75,69,40,55,82.7,0.87,81.31,70.59,0.76
ORA,112.03,112.03,114.17,118.64,114.48,101.12,75,69,58,34,94.87,1.0,90.66,76.94,0.79
NWG,112.01,112.01,124.79,132.51,156.77,151.15,75,79,88,86,14.02,0.81,14.21,12.36,1.06
OSIS,111.99,112.29,114.43,128.83,145.09,137.16,75,77,85,81,236.42,0.95,228.9,208.18,0.64
BBCP,111.98,115.02,113.17,113.51,121.56,133.93,75,64,70,79,7.16,0.64,7.02,6.64,0.43
CXDO,111.95,119.51,119.51,134.2,123.16,143.87,75,80,71,83,6.7,0.85,6.21,5.71,0.55
ATI,111.95,111.95,110.02,154.89,145.9,111.8,75,86,85,60,82.81,0.76,79.33,67.83,1.33
SHC,111.95,113.41,116.01,111.84,96.7,95.38,75,61,27,26,15.81,0.86,14.57,12.89,0.6
AGEN,111.9,124.34,123.47,219.59,171.48,68.79,75,94,91,7,3.95,0.44,4.84,3.73,0.9
KB,111.87,115.82,120.42,139.03,135.64,108.23,75,82,81,54,80.84,0.8,81.17,67.53,0.88
TNK,111.87,114.51,113.79,99.92,103.27,85.17,75,43,35,15,52.37,0.73,48.06,42.3,0.83
TROO,111.86,114.95,106.04,124.23,59.35,83.73,75,74,5,14,1.22,0.24,0.98,1.06,0.13
TNL,111.85,114.21,117.76,124.56,103.87,115.76,75,74,36,65,60.35,0.9,60.48,52.06,0.61
DRS,111.84,111.84,111.1,141.76,148.48,134.51,75,83,86,79,43.94,0.79,42.68,38.37,0.67
LILAK,111.82,111.97,118.26,118.32,90.8,93.72,75,69,20,24,8.39,0.68,7.73,6.51,0.48
FBNC,111.82,112.74,120.35,119.01,109.01,110.83,75,70,44,58,53.19,0.88,52.25,44.5,0.42
ONIT,111.81,111.98,121.14,126.6,130.65,126.16,75,75,78,75,40.98,0.76,40.7,35.89,0.72
EAF,111.81,111.81,105.9,152.05,114.28,131.97,75,86,58,78,13.83,0.49,11.86,11.68,1.06
GHLD,111.79,113.21,139.71,140.98,135.02,104.86,74,83,80,49,19.96,1.0,19.81,15.29,0.25
LNC,111.77,113.27,119.46,117.6,122.5,124.84,74,68,71,74,40.67,0.83,39.63,34.76,0.64
FCAP,111.73,113.22,112.55,119.48,166.47,131.58,74,70,90,78,45.96,0.78,39.86,38.91,0.65
ARGX,111.65,114.15,119.77,111.08,128.61,137.9,74,60,76,81,711.62,0.77,681.64,622.64,0.53
CRWD,111.65,116.63,117.58,135.12,143.37,131.72,74,80,84,78,481.42,0.86,444.84,418.17,0.73
UAN,111.63,111.63,116.31,121.52,122.4,112.05,74,72,71,60,90.81,0.93,89.23,78.16,0.66
GM,111.6,111.6,109.44,109.15,104.63,113.69,74,58,37,63,61.24,1.0,56.17,50.65,1.05
PXLW,111.59,111.59,169.04,146.46,96.14,82.38,74,84,26,13,9.61,0.55,9.95,8.42,0.19
AISP,111.59,137.42,137.42,151.31,150.61,222.41,74,86,86,94,5.28,0.68,5.03,4.72,0.47
UTI,111.58,111.58,99.72,155.98,174.3,160.33,74,87,91,88,31.85,0.8,28.66,28.97,0.92
ENIC,111.58,113.55,111.44,120.07,137.51,125.99,74,70,82,75,3.84,0.98,3.49,3.28,0.42
HUIZ,111.58,122.19,127.48,94.42,77.59,102.36,74,31,11,44,3.41,0.39,2.71,2.69,0.1
TCOM,111.54,119.63,119.63,104.66,116.91,141.28,74,51,63,82,75.92,0.91,67.81,64.57,0.77
GNW,111.54,111.54,113.55,114.97,111.84,106.35,74,65,48,51,9.11,1.0,8.38,7.38,0.77
PCRX,111.48,114.57,122.63,119.06,150.91,131.72,74,70,86,78,25.24,0.85,24.88,24.16,0.69
BOWNU,111.45,115.01,142.44,173.91,204.48,103.18,74,90,94,45,13.02,1.0,13.02,10.1,
AL,111.42,112.35,117.07,122.01,122.02,104.56,74,72,70,48,63.51,0.98,59.72,52.26,1.22
MRBK,111.42,112.81,114.64,108.84,125.55,142.29,74,58,74,83,16.06,0.89,15.18,14.29,0.95
ETSY,111.38,111.38,107.76,124.2,112.86,88.02,74,74,49,18,64.18,0.8,60.34,53.74,0.66
LE,111.38,121.25,125.21,112.73,85.44,96.72,74,63,16,28,14.95,0.6,13.75,11.6,0.42
ORLY,111.36,111.36,112.49,112.94,136.04,119.15,74,63,81,69,106.1,0.95,102.38,92.02,0.72
ARDX,111.34,123.29,129.68,124.38,97.89,98.56,74,74,28,30,5.54,0.62,5.67,4.97,1.46
MOS,111.33,113.18,107.43,131.96,139.28,106.58,74,79,82,52,35.32,0.85,33.76,30.19,0.77
IMTX,111.25,111.25,90.06,96.05,90.59,62.69,74,35,20,5,7.7,0.51,6.15,5.57,0.84
ITP,111.24,120.97,109.84,92.0,160.58,230.23,74,22,89,94,0.28,0.24,0.22,0.27,0.35
VMI,111.24,111.24,109.76,108.63,110.04,119.84,74,57,45,70,384.87,0.99,368.67,329.53,1.18
SFST,111.24,111.24,114.94,113.93,110.97,113.09,74,64,47,62,45.12,0.97,43.44,37.91,0.64
CATO,111.23,117.01,141.47,105.33,87.41,77.66,74,53,17,10,4.26,0.46,3.63,3.21,0.44
ELF,111.21,119.87,124.45,129.06,126.76,87.69,74,77,75,17,129.77,0.83,124.56,101.34,0.66
SLS,111.18,119.45,130.35,182.78,169.03,144.57,74,91,90,84,1.63,0.59,1.74,1.46,0.72
EVGO,111.17,113.09,101.1,118.8,141.4,126.92,74,69,83,75,4.57,0.33,3.94,3.59,0.66
SKIN,111.17,130.48,158.42,148.32,123.61,83.84,74,85,72,14,1.97,0.64,2.04,1.65,0.44
LDOS,111.13,112.85,113.99,111.87,111.05,102.36,74,62,47,44,184.9,0.8,176.0,152.75,1.0
QIPT,111.12,111.12,110.59,107.83,83.3,89.03,74,56,14,19,2.68,0.7,2.4,2.36,0.18
AX,111.08,111.08,117.87,126.09,110.76,113.03,74,75,47,62,87.45,0.86,88.06,74.32,0.86
LVTX,111.03,111.11,101.08,107.41,108.92,87.34,74,56,43,17,1.59,0.6,1.52,1.28,0.62
CRS,111.02,111.02,119.16,169.88,167.71,183.74,74,89,90,91,250.85,0.74,250.73,218.44,1.09
PAGS,110.96,113.62,115.13,109.2,117.85,95.22,74,58,65,26,10.04,0.85,8.96,8.18,0.71
CYTK,110.89,110.89,117.86,88.61,82.23,86.46,74,18,13,16,50.4,0.71,41.86,41.09,0.95
ENVA,110.88,117.19,119.22,125.84,133.93,142.98,74,75,80,83,121.93,0.88,113.9,103.77,0.47
COHN,110.86,112.84,138.11,138.86,112.63,129.49,74,82,49,77,11.0,0.75,11.67,9.37,0.59
NTIP,110.83,110.83,133.62,101.13,96.59,95.65,74,45,27,26,1.51,0.54,1.45,1.3,1.79
CRH,110.81,110.81,109.38,108.97,110.87,114.64,74,58,47,64,113.67,0.97,107.8,97.73,0.89
CBNA,110.8,111.31,111.25,106.01,111.45,98.41,74,54,48,30,32.64,1.0,28.87,25.82,0.65
EXTR,110.78,120.22,129.54,125.45,112.22,113.95,74,74,49,63,20.35,0.79,20.33,16.83,3.32
TCBX,110.77,112.44,118.51,123.83,134.84,141.67,74,73,80,82,39.41,0.9,38.57,34.44,0.68
MPTI,110.72,115.57,112.82,95.86,146.62,144.83,74,34,85,84,52.14,0.49,45.55,47.46,0.4
COF,110.72,113.56,116.4,125.92,120.47,125.36,74,75,68,74,224.05,0.93,218.86,195.98,0.69
ZENA,110.69,117.2,167.21,194.35,116.39,177.42,74,92,62,90,4.97,0.4,5.08,4.4,0.34
BRSL,110.61,110.61,108.52,105.08,94.85,89.74,74,52,25,19,17.13,0.97,15.8,14.11,0.66
GRC,110.59,110.59,107.37,103.77,103.51,99.69,74,50,36,32,45.93,1.0,42.13,38.14,1.06
AKRO,110.54,110.54,118.04,165.58,174.41,205.17,74,88,91,93,47.74,0.72,47.6,44.15,0.69
KRMD,110.53,114.57,132.4,139.47,119.85,179.96,74,82,68,91,3.96,0.67,3.9,3.5,0.41
ERAS,110.49,110.49,95.89,95.89,74.31,109.79,74,35,9,57,2.08,0.47,1.6,1.63,2.54
FTFT,110.47,116.12,160.69,163.98,55.18,61.26,74,88,4,5,2.11,0.27,2.21,2.07,0.39
SJT,110.47,112.85,110.91,129.29,167.39,135.87,74,77,90,80,5.98,0.69,5.82,5.44,1.21
VRDN,110.45,110.45,116.98,111.22,96.98,103.38,74,61,27,46,20.19,0.62,18.31,16.42,0.8
GIL,110.43,110.43,106.86,110.31,110.43,123.64,74,60,46,73,57.67,1.0,53.93,49.15,0.59
IGC,110.4,111.34,134.19,112.35,97.65,92.33,73,62,28,22,0.4,0.65,0.39,0.34,0.29
WFC,110.37,110.37,110.58,119.59,119.27,128.07,73,70,67,76,85.01,1.0,80.69,75.02,0.59
R,110.35,110.35,115.22,115.66,110.44,117.52,73,66,46,67,187.74,0.97,181.68,159.66,1.13
BOSC,110.35,114.03,123.24,140.25,145.35,131.88,73,82,85,78,4.78,0.82,4.86,4.2,0.28
ROKU,110.35,113.79,123.84,125.67,112.52,128.12,73,75,49,76,99.6,0.95,92.72,80.58,0.6
DWSN,110.33,117.77,110.28,112.87,179.86,100.88,73,63,92,34,1.83,0.4,1.54,1.42,0.41
SRBK,110.33,113.08,120.77,117.77,133.43,114.03,73,68,79,63,15.12,0.95,14.64,13.01,0.57
TRIP,110.32,120.94,124.26,119.4,94.71,97.76,73,70,24,29,17.14,0.76,17.55,15.38,0.74
CVE,110.32,110.32,109.54,103.04,94.18,86.73,73,49,24,16,17.77,0.99,15.88,14.22,2.12
RLX,110.32,114.47,122.74,116.9,110.83,129.37,73,68,47,77,2.49,0.79,2.39,2.17,0.8
BNTC,110.25,110.25,107.39,116.51,184.0,203.36,73,67,92,93,13.7,0.61,12.7,12.88,0.48
UWMC,110.24,113.32,116.52,100.5,99.89,92.82,73,44,31,23,6.24,0.6,5.39,5.08,0.78
CPNG,110.2,113.52,118.35,125.77,119.67,109.36,73,75,67,56,32.19,0.9,30.09,26.11,0.49
EU,110.19,112.46,101.42,128.71,109.36,79.76,73,77,44,11,3.08,0.59,2.65,2.43,0.81
MARPS,110.19,110.19,121.25,120.98,181.98,106.21,73,71,92,51,4.82,0.37,4.59,4.08,0.64
VRNS,110.18,110.18,110.12,111.66,106.42,87.93,73,61,40,18,59.54,0.98,56.48,47.87,0.61
MKSI,110.16,116.45,117.03,110.5,92.35,99.97,73,60,22,32,121.81,0.89,106.41,96.65,0.74
GLPG,110.14,110.14,110.0,116.28,108.0,93.27,73,67,42,24,33.78,0.97,32.47,27.95,0.64
MCK,110.12,110.12,101.77,114.02,138.91,120.36,73,64,82,70,760.55,1.0,697.92,666.77,1.0
GCO,110.1,115.23,125.34,108.97,85.67,142.23,73,58,16,83,30.26,0.49,28.62,28.81,0.56
ACM,110.08,112.52,112.57,109.82,110.51,106.67,73,59,46,52,129.25,0.92,121.86,108.41,0.94
CRNX,110.06,110.06,84.16,78.51,75.86,108.22,73,10,10,54,45.91,0.58,31.78,34.92,7.86
LILA,110.05,110.05,116.47,116.58,91.79,93.04,73,67,21,23,8.23,0.63,7.58,6.46,0.5
SMRT,110.04,119.09,121.23,119.52,62.93,77.69,73,70,5,10,1.45,0.59,1.34,1.23,0.77
BSAC,110.02,111.85,109.69,117.51,136.99,121.58,73,68,81,71,26.35,0.96,24.49,22.47,0.52
CREV,109.97,140.56,142.19,128.57,82.99,103.52,73,77,14,46,4.07,0.29,4.26,3.73,0.06
LYV,109.97,112.17,124.88,121.51,126.24,133.82,73,72,74,79,161.79,0.82,160.42,143.27,0.91
CANG,109.95,124.12,154.01,179.94,208.26,318.86,73,90,94,96,4.02,0.38,4.78,4.54,0.83
YEXT,109.92,110.94,128.02,131.83,142.16,108.8,73,79,83,55,8.67,0.86,8.56,7.27,0.63
FENG,109.92,117.38,112.26,97.17,105.01,116.6,73,37,37,66,2.88,0.76,2.39,2.27,0.46
SOPH,109.91,109.91,96.76,103.86,95.33,112.18,73,50,25,61,4.13,0.66,3.39,3.29,3.38
ASND,109.91,109.91,127.41,130.2,133.01,126.98,73,78,79,75,191.99,0.84,189.08,161.95,0.58
CHGG,109.9,124.12,114.23,158.39,119.49,61.69,73,87,67,5,1.5,0.47,1.41,1.25,0.93
ORN,109.84,109.84,100.08,136.91,129.52,117.35,73,81,77,67,8.66,0.79,7.65,7.49,0.61
CPAC,109.84,110.82,110.82,106.14,119.36,106.08,73,54,67,51,6.95,0.89,6.51,5.93,0.76
MD,109.81,111.68,115.75,115.26,148.14,146.19,73,66,86,84,16.3,0.86,15.31,14.26,0.7
MMA,109.78,118.22,138.14,97.4,107.59,81.15,73,37,42,12,1.48,0.46,1.13,1.05,0.07
GRO,109.75,114.42,103.08,102.72,86.85,95.18,73,48,17,26,2.83,0.12,1.98,3.25,0.42
CPA,109.74,115.07,113.59,118.96,118.25,106.53,73,70,65,51,117.63,0.88,115.24,99.7,0.66
PII,109.73,109.73,109.57,111.44,70.93,65.61,73,61,8,6,58.93,0.56,54.91,46.29,0.54
BBNX,109.71,119.0,116.52,108.26,114.01,101.26,73,57,54,38,19.53,0.59,18.52,16.54,1.9
CSTM,109.69,109.69,111.94,122.17,101.25,81.0,73,72,33,12,15.33,0.83,14.33,11.96,0.69
SIG,109.69,112.6,121.61,117.53,116.13,77.56,73,68,62,10,96.05,0.88,86.31,70.44,0.49
MO,109.68,109.68,111.28,116.47,137.78,123.34,73,67,82,73,65.71,0.96,63.56,56.64,0.67
FFIV,109.65,110.9,115.35,120.08,129.65,139.47,73,71,77,82,324.87,0.92,316.44,286.98,0.56
NSC,109.65,109.65,103.05,109.76,104.44,99.46,73,59,37,31,297.49,1.0,280.32,249.47,0.73
ASR,109.64,109.82,114.37,113.52,123.96,104.84,73,64,72,49,339.86,0.94,324.11,287.6,0.77
JCI,109.63,111.0,114.89,129.57,129.73,120.24,73,77,77,70,107.01,0.88,106.91,92.46,0.6
NRXS,109.63,109.63,89.72,112.39,140.94,100.75,73,62,83,33,2.99,0.58,2.54,2.43,2.03
WSM,109.61,110.66,115.44,119.74,105.86,151.02,73,70,39,86,201.35,0.84,195.92,179.97,0.67
ODD,109.57,109.57,117.35,169.98,180.69,112.41,73,89,92,61,60.99,0.59,62.98,56.1,0.64
LVS,109.5,109.68,122.44,120.31,95.8,96.94,73,71,26,28,54.01,0.86,53.29,45.43,0.66
EFSI,109.5,112.27,112.3,103.24,107.19,110.64,73,49,41,58,38.99,0.94,35.59,33.11,0.87
SCHW,109.49,109.49,112.83,119.26,116.34,111.13,73,70,62,59,95.46,0.91,95.48,84.7,0.56
GL,109.48,112.0,112.23,114.47,150.34,128.06,73,65,86,76,144.56,0.95,138.85,124.55,0.68
PCT,109.46,119.54,149.59,211.75,168.35,171.79,73,93,90,90,12.91,0.65,13.68,10.66,0.57
HYLN,109.45,119.27,104.51,104.51,93.88,157.36,73,51,23,87,2.08,0.35,1.7,1.79,1.54
TEN,109.43,112.78,116.72,107.14,102.81,84.4,72,55,35,14,22.84,0.84,21.19,18.14,0.56
ENS,109.42,109.42,108.72,102.73,100.13,102.44,72,48,31,44,111.64,0.99,100.0,93.64,0.61
ZVIA,109.39,109.39,129.96,244.08,236.68,414.64,72,95,95,97,2.71,0.44,2.86,2.96,1.46
RJF,109.38,109.38,108.96,110.76,106.94,124.27,72,60,41,73,175.69,1.0,167.2,154.25,1.49
BGSF,109.38,129.83,153.32,133.01,108.14,68.8,72,79,42,7,6.88,0.65,6.39,5.14,0.47
WCC,109.37,109.37,118.62,118.62,103.46,104.45,72,69,35,48,213.78,0.86,212.75,183.88,0.88
MGA,109.33,109.33,111.85,111.66,92.84,86.01,72,61,22,16,46.62,0.96,44.3,38.8,1.49
APA,109.32,111.16,110.93,101.23,90.8,84.25,72,45,20,14,24.69,0.91,21.37,19.85,1.06
AEG,109.29,112.87,113.91,116.8,113.61,112.94,72,67,50,62,7.95,0.96,7.54,6.65,0.64
BFC,109.27,110.21,116.44,124.45,131.58,114.83,72,74,78,64,124.37,0.85,124.59,109.3,0.39
JBI,109.26,109.26,112.86,115.1,92.85,85.51,72,66,22,15,10.02,0.86,9.82,8.34,0.47
VLY,109.24,109.64,112.33,108.16,115.72,111.79,72,57,61,60,10.68,0.88,10.01,9.19,1.01
OGI,109.23,118.77,121.11,105.87,104.08,91.2,72,54,36,21,1.69,0.81,1.59,1.38,0.59
BTCM,109.23,115.19,120.41,284.7,95.28,93.63,72,96,25,24,2.59,0.26,2.89,2.42,0.45
PFSI,109.21,109.21,112.05,101.23,118.04,107.63,72,45,65,53,124.04,0.92,109.2,101.94,0.53
VIAV,109.16,111.09,114.44,107.32,129.17,132.46,72,56,77,78,12.21,0.85,11.11,10.56,0.52
NGS,109.13,109.13,103.56,117.48,121.25,135.52,72,68,69,80,28.78,0.96,25.67,24.45,1.02
FOA,109.1,116.89,165.97,185.62,235.61,363.38,72,91,95,97,22.41,0.58,25.41,23.68,0.98
IIIN,109.09,109.66,113.34,133.44,123.28,92.62,72,79,71,23,38.49,0.93,37.52,32.63,0.57
AZO,109.06,110.48,112.16,111.74,130.39,119.8,72,61,77,70,4198.03,0.89,4069.97,3681.21,0.72
IX,109.03,110.41,111.31,114.74,102.49,99.59,72,65,34,32,26.64,0.95,25.28,21.91,0.92
ACR,109.03,109.26,109.62,108.97,149.17,165.47,72,58,86,89,21.17,0.72,20.2,18.98,0.98
GLXY,109.02,116.62,116.38,97.64,114.01,101.26,72,38,54,38,30.9,0.79,27.99,24.64,0.83
DAIO,109.01,109.01,120.58,126.23,110.7,104.1,72,75,46,47,3.38,0.92,3.26,2.84,0.67
WTI,109.01,109.01,99.7,106.83,127.22,89.08,72,55,75,19,2.06,0.59,1.77,1.61,2.39
VRSN,108.97,111.34,113.82,129.82,150.14,130.01,72,78,86,77,284.42,0.84,277.69,253.74,0.51
PLOW,108.92,109.44,116.58,121.51,114.25,103.73,72,72,58,47,31.5,0.82,31.31,26.84,0.75
TRVG,108.91,108.98,109.84,157.85,233.09,246.31,72,87,95,95,3.45,0.48,3.52,3.67,0.21
FHN,108.91,109.37,111.56,118.58,119.4,129.75,72,69,67,77,22.85,0.96,22.18,20.3,0.69
ATLN,108.91,109.25,140.84,146.19,131.35,158.19,72,84,78,87,3.5,0.4,3.17,3.56,0.61
GBIO,108.87,108.87,96.02,93.02,43.1,43.07,72,28,2,2,6.0,0.13,5.43,5.81,0.23
IMNM,108.85,108.85,94.14,100.51,86.23,78.68,72,44,16,11,11.59,0.67,10.14,9.44,5.27
PAX,108.82,111.88,109.69,116.95,115.89,98.37,72,68,61,30,14.55,0.87,13.89,12.28,1.18
FER,108.79,111.93,112.81,116.34,125.86,109.62,72,67,74,57,56.55,0.9,54.69,48.37,1.23
UAVS,108.76,108.76,125.99,147.18,51.57,55.75,72,84,3,4,2.04,0.1,2.06,1.89,0.28
DERM,108.75,113.98,116.24,133.32,186.08,136.62,72,79,92,80,7.06,0.7,7.29,6.24,0.48
GRNQ,108.74,112.26,139.08,231.19,182.72,174.84,72,94,92,90,1.38,0.34,1.56,1.25,0.16
HAFN,108.69,108.69,113.1,101.57,103.08,84.91,72,46,35,15,6.23,0.81,5.84,5.13,0.87
ETR,108.67,108.67,108.82,115.25,146.93,140.98,72,66,85,82,92.25,1.0,88.89,82.66,1.02
NFLX,108.65,111.61,121.02,148.8,156.11,140.49,72,85,88,82,1210.61,0.8,1208.77,1087.44,0.61
TGNA,108.62,110.81,119.76,120.1,120.77,123.9,72,71,69,73,20.27,0.86,19.42,17.73,1.12
IRON,108.61,108.61,108.28,118.18,117.3,128.37,72,69,64,76,65.55,0.94,60.21,54.79,1.03
ATMU,108.59,110.3,112.72,107.64,110.82,123.73,72,56,47,73,45.01,0.89,42.79,38.96,0.51
CTRN,108.59,121.65,154.71,145.77,159.57,130.39,72,84,88,77,30.74,0.64,32.67,27.39,0.46
ACIU,108.56,109.9,96.33,96.0,73.72,82.1,72,35,9,13,2.84,0.59,2.28,2.22,0.95
GRFS,108.52,108.52,110.08,133.67,108.79,112.63,72,80,43,61,9.82,0.79,10.07,8.28,0.64
TIC,108.5,108.5,103.17,100.21,114.01,101.26,72,43,54,38,14.49,1.0,11.28,11.06,0.98
COCO,108.48,108.48,112.73,118.4,116.93,135.23,72,69,63,80,39.96,0.85,36.72,35.4,0.78
GTES,108.46,109.81,114.86,127.55,114.14,122.34,72,76,58,72,24.9,0.88,24.98,21.84,0.94
CABA,108.39,108.39,89.61,80.11,77.79,48.25,72,11,11,3,2.36,0.34,1.71,1.85,1.28
CDNS,108.38,114.9,116.99,118.99,114.83,105.41,72,70,59,50,350.11,0.84,349.8,304.62,0.71
AUBN,108.28,112.04,123.13,128.74,116.24,111.97,72,77,62,60,27.5,0.92,26.24,22.44,2.42
NIC,108.28,108.28,112.66,126.04,127.67,124.19,72,75,75,73,134.17,0.88,132.88,119.24,0.77
CDZIP,108.27,109.09,112.91,107.66,141.12,133.77,72,56,83,79,19.37,0.92,18.34,17.26,3.25
GEL,108.19,109.84,116.2,125.02,143.13,142.7,72,74,84,83,16.61,0.9,16.68,14.19,0.58
HG,108.17,108.63,111.78,116.8,130.42,127.92,72,67,77,76,24.64,1.0,23.17,20.67,0.36
VENU,108.13,109.67,112.43,142.71,124.67,100.51,72,83,73,33,12.74,0.5,13.77,10.74,0.41
CTRE,108.13,108.13,112.46,115.05,120.04,109.44,72,65,68,56,34.8,1.0,33.32,29.05,0.68
LSBK,108.07,110.18,115.13,112.89,131.84,132.42,71,63,78,78,13.06,0.91,12.72,11.43,0.44
BBUC,108.06,119.93,122.14,121.8,123.83,120.17,71,72,72,70,32.92,0.77,32.68,28.01,1.9
MSGE,108.05,108.05,111.12,107.44,110.4,94.63,71,56,46,25,45.29,0.96,40.57,36.67,0.92
PJT,108.03,111.7,113.93,125.0,115.48,133.69,71,74,61,79,182.86,0.91,181.05,160.34,0.55
SB,108.02,111.47,106.87,102.76,88.46,88.86,71,48,18,18,4.6,0.84,4.29,3.73,0.92
QLGN,107.99,122.99,61.76,74.07,79.49,51.84,71,8,12,3,5.06,0.45,2.39,3.3,0.31
HLI,107.97,109.42,110.57,112.85,110.05,115.85,71,63,45,65,205.97,0.95,197.03,177.39,0.65
BAC,107.95,107.95,107.82,111.47,106.63,112.46,71,61,40,61,52.21,1.0,48.82,44.62,0.57
INDI,107.94,112.61,129.21,149.76,115.03,86.44,71,85,60,16,4.02,0.62,4.17,3.44,0.67
BFRI,107.93,108.4,106.05,111.19,87.29,122.81,71,61,17,72,0.96,0.52,0.93,0.89,0.1
RY,107.92,108.9,110.58,107.63,112.84,103.44,71,56,49,46,146.11,0.94,138.78,124.25,0.63
CBFV,107.89,108.47,108.93,108.93,126.17,114.95,71,58,74,64,33.96,1.0,32.25,29.31,0.54
MMS,107.88,110.47,112.35,104.56,96.13,87.66,71,51,26,17,88.12,0.87,82.81,73.49,1.16
VLRS,107.88,110.7,109.39,101.69,78.52,113.69,71,46,11,63,6.73,0.59,5.97,5.96,0.76
POET,107.87,130.94,132.43,168.73,160.81,384.99,71,89,89,97,5.76,0.58,5.5,4.85,2.63
STT,107.87,107.87,114.02,119.63,114.25,113.95,71,70,58,63,115.71,1.0,112.2,98.94,0.69
SSYS,107.82,107.93,104.72,120.12,117.28,133.23,71,71,64,79,11.62,0.79,10.61,10.34,1.15
ISTR,107.81,108.75,111.12,117.29,108.43,121.61,71,68,43,71,23.39,0.92,22.54,19.98,0.58
PMVP,107.81,107.81,118.32,123.7,80.44,84.31,71,73,12,14,1.48,0.68,1.41,1.26,0.14
BYD,107.79,107.79,112.0,119.01,114.26,115.09,71,70,58,65,85.94,0.96,84.23,75.65,0.73
LECO,107.76,107.76,113.18,117.68,103.71,98.36,71,68,36,30,236.72,0.86,237.78,205.68,0.68
EHC,107.75,108.34,108.25,120.07,130.69,112.89,71,70,78,62,126.7,1.0,119.39,109.05,0.4
GIGM,107.74,112.4,113.62,99.89,131.28,125.41,71,43,78,74,1.78,0.85,1.58,1.54,1.59
ITT,107.73,110.11,112.31,109.58,105.91,101.59,71,59,39,42,176.82,0.91,169.43,149.98,0.92
ENSG,107.7,107.7,109.75,110.97,110.94,97.13,71,60,47,28,172.5,0.97,162.28,143.46,0.59
JVA,107.69,115.34,120.91,140.97,165.9,455.17,71,83,90,98,4.53,0.26,4.38,4.29,0.48
ABCB,107.69,109.15,110.69,111.32,105.13,111.81,71,61,38,60,74.86,0.94,71.03,63.81,0.92
VOD,107.66,107.66,118.43,122.71,119.79,113.94,71,73,68,63,11.44,0.85,11.53,9.72,0.85
OBE,107.66,107.66,104.58,110.07,98.72,98.72,71,59,29,30,6.71,1.0,5.99,5.45,1.39
ALTG,107.64,112.69,135.91,140.97,100.25,87.27,71,83,31,17,7.2,0.7,7.79,6.37,0.52
INVX,107.61,107.61,100.54,103.06,115.64,117.2,71,49,61,67,18.74,0.95,16.73,16.08,2.18
RRBI,107.61,108.84,108.2,116.65,113.91,104.01,71,67,51,47,66.02,0.91,63.58,57.09,0.57
NOC,107.59,107.59,112.45,116.45,124.04,107.06,71,67,72,52,594.52,1.0,577.58,505.25,0.65
SXI,107.56,107.56,112.46,112.87,93.39,104.38,71,63,23,48,203.75,0.87,194.29,175.07,0.6
LVWR,107.56,110.12,112.51,199.7,189.83,63.79,71,93,93,5,4.7,0.57,4.12,3.48,0.29
AVBH,107.55,111.31,111.97,105.85,119.61,118.62,71,54,67,68,25.2,0.83,24.18,22.25,0.63
AN,107.54,107.54,114.82,115.11,111.42,108.42,71,66,48,54,217.66,0.87,210.84,188.53,0.8
KRC,107.53,110.99,112.45,112.72,101.25,105.62,71,63,33,50,42.65,0.89,40.17,35.69,1.11
NWPX,107.51,108.1,111.07,107.96,111.29,124.72,71,57,47,74,52.43,0.75,48.97,45.24,0.63
GROV,107.5,107.5,106.99,110.15,103.17,111.01,71,59,35,59,1.52,0.67,1.48,1.4,0.72
CRC,107.49,107.49,107.99,105.52,96.64,97.15,71,53,27,28,56.44,0.95,50.44,45.93,0.69
KORE,107.48,123.22,101.32,127.97,134.66,142.86,71,76,80,83,2.53,0.66,2.35,2.34,0.67
OESX,107.47,114.98,126.96,83.66,96.15,99.93,71,13,26,32,8.7,0.69,7.14,7.32,0.13
DLPN,107.45,107.45,104.85,104.93,91.07,75.21,71,52,21,9,1.3,0.64,1.2,1.11,0.03
SERV,107.43,132.99,132.99,223.66,214.71,387.91,71,94,94,97,11.68,0.37,10.97,11.19,0.69
ICCC,107.43,110.78,121.27,144.29,162.6,125.95,71,84,89,75,6.03,0.61,6.28,5.69,0.71
XEL,107.43,107.43,99.3,104.58,131.38,119.53,71,51,78,69,79.28,1.0,72.51,68.6,1.67
BLTE,107.42,107.42,109.96,109.07,134.88,135.26,71,58,80,80,69.98,0.63,66.45,62.32,1.03
BNT,107.39,114.36,113.52,120.5,113.34,118.13,71,71,50,68,68.44,0.84,66.96,59.25,0.9
OIS,107.39,107.61,106.76,123.19,113.1,111.35,71,73,50,59,6.2,1.0,5.46,5.04,0.58
ABBV,107.34,107.34,105.68,106.45,120.7,123.8,71,54,69,73,220.61,0.97,205.86,190.75,0.84
BN,107.33,114.12,113.19,120.56,113.32,118.4,71,71,50,68,68.42,0.85,66.94,59.29,0.71
AMD,107.32,110.92,126.35,138.66,104.45,78.24,71,82,37,10,159.46,0.76,165.37,127.14,0.55
ELWS,107.32,109.99,109.37,404.02,96.0,149.74,71,98,26,85,2.62,0.1,3.11,2.56,0.5
HONE,107.32,107.32,105.08,105.51,103.95,99.1,71,53,36,31,13.75,1.0,12.48,11.49,1.32
ATLO,107.24,107.89,106.69,102.64,109.22,103.06,71,48,44,45,20.41,0.94,19.34,17.73,1.53
DGII,107.24,107.24,108.67,120.87,117.35,114.72,71,71,64,64,37.19,0.94,34.26,31.93,0.91
INNV,107.24,117.79,112.69,104.86,100.1,72.75,71,52,31,8,4.8,0.59,3.95,3.7,0.56
AIRT,107.19,114.45,118.92,121.67,113.79,103.41,70,72,51,46,23.6,0.81,23.14,20.03,0.48
TBHC,107.13,118.06,150.19,111.1,83.32,81.14,70,60,14,12,1.66,0.46,1.59,1.41,0.35
FOXA,107.13,109.58,114.19,116.07,144.95,143.64,70,67,84,83,61.15,0.94,58.01,53.67,0.9
CAMP,107.12,111.44,107.29,72.85,96.59,100.8,70,8,27,33,2.98,0.16,1.9,3.17,0.18
GRMN,107.08,107.08,108.38,113.74,125.1,130.87,70,64,73,77,240.48,0.99,232.89,213.08,0.54
AMRX,107.06,107.06,108.82,112.59,117.96,124.32,70,63,65,73,9.75,0.89,9.09,8.24,1.1
ULS,107.03,107.03,106.1,135.88,146.63,111.34,70,81,85,59,69.44,0.85,67.26,61.19,0.6
BTBT,107.01,107.49,102.86,141.88,92.3,115.27,70,83,22,65,2.95,0.32,2.96,2.79,0.5
RDCM,106.99,111.53,112.98,119.2,120.16,136.05,70,70,68,80,14.35,0.81,13.71,12.79,0.51
XPRO,106.99,106.99,102.85,103.24,69.39,75.8,70,49,7,9,12.66,0.53,11.25,10.62,0.81
DHI,106.99,107.61,118.51,113.11,95.44,84.97,70,63,25,15,167.2,0.68,162.25,138.1,0.54
E,106.98,107.3,112.18,112.27,112.68,110.49,70,62,49,58,35.85,0.99,34.81,30.34,0.92
BQ,106.95,120.05,130.63,131.14,80.33,104.5,70,78,12,48,2.93,0.21,2.87,2.69,1.08
F,106.94,106.94,108.34,107.97,107.35,96.64,70,57,41,27,12.01,1.0,11.43,10.21,2.0
IDT,106.93,115.6,119.13,144.74,146.2,125.88,70,84,85,74,62.57,0.77,62.21,55.55,0.86
THFF,106.91,108.06,113.9,124.88,125.14,122.22,70,74,73,72,57.81,0.89,56.7,51.02,0.64
SHIP,106.89,114.22,109.9,101.37,83.39,89.21,70,45,14,19,8.65,0.54,7.79,6.79,0.89
APPF,106.85,107.97,114.75,133.74,102.5,115.29,70,80,34,65,278.53,0.67,276.71,240.4,0.47
DTST,106.78,109.3,114.09,115.99,92.38,111.21,70,67,22,59,4.27,0.56,4.62,4.07,0.58
NAT,106.78,110.92,109.63,101.97,97.03,88.34,70,47,27,18,3.2,0.74,3.01,2.65,1.05
JXN,106.75,106.75,104.88,106.24,111.16,117.58,70,54,47,67,103.8,0.85,93.87,86.33,0.85
CIG,106.68,109.1,104.46,113.08,111.67,112.23,70,63,48,61,2.08,0.92,1.96,1.78,0.69
BA,106.67,106.67,120.99,127.8,127.32,103.96,70,76,75,47,221.26,0.84,226.43,194.31,2.42
IDYA,106.66,106.66,102.6,99.07,87.06,70.46,70,41,17,7,26.83,0.71,24.58,21.88,1.56
CBL,106.66,106.66,111.38,113.8,113.82,123.2,70,64,51,72,30.29,0.83,29.48,26.86,0.73
HGTY,106.65,110.17,114.9,102.9,96.47,94.68,70,48,26,25,12.01,0.78,11.29,10.07,0.25
MCFT,106.64,107.59,117.14,107.91,94.42,98.78,70,56,24,30,21.81,0.78,21.1,18.76,0.53
CBRE,106.61,110.58,117.76,120.08,120.9,124.48,70,71,69,74,158.0,0.85,157.95,138.55,0.84
HTB,106.6,106.6,107.55,108.66,121.14,112.55,70,57,69,61,42.1,0.96,40.32,36.52,1.92
SCCO,106.6,111.88,103.45,99.1,99.1,101.37,70,41,30,42,117.0,0.95,99.83,93.32,0.83
FBK,106.6,106.6,104.85,103.33,110.85,116.15,70,49,47,66,56.0,0.94,51.29,48.17,1.26
NXST,106.59,110.09,115.08,118.91,114.84,114.84,70,70,59,64,197.8,0.83,198.25,170.27,0.64
RYAAY,106.59,106.59,125.87,131.28,124.97,104.18,70,78,73,47,57.79,0.69,61.3,51.47,1.15
DHT,106.58,108.39,108.39,102.16,114.0,114.13,70,47,51,63,12.31,0.85,11.71,10.86,0.78
HBCP,106.58,106.58,108.81,121.31,123.39,114.81,70,72,72,64,55.98,0.94,54.51,49.57,1.65
VEEV,106.57,106.57,120.05,123.45,129.46,112.19,70,73,77,61,290.27,0.96,280.94,250.52,1.21
VNT,106.55,107.16,110.39,109.09,98.48,96.34,70,58,29,27,42.16,0.9,41.84,37.22,0.84
TDY,106.55,106.55,105.64,111.65,116.05,115.73,70,61,62,65,577.11,1.0,551.08,504.97,1.19
AXON,106.53,116.81,126.47,170.6,179.92,182.07,70,89,92,91,708.84,0.66,758.78,672.35,0.69
PDD,106.48,110.2,113.4,96.9,109.15,117.09,70,37,44,67,129.99,0.63,121.06,111.6,0.61
UNTY,106.48,109.86,117.88,132.65,140.63,141.35,70,79,83,82,49.99,0.82,50.59,46.04,0.55
TUYA,106.44,114.1,117.23,137.29,205.65,238.19,70,81,94,94,2.49,0.41,2.5,2.55,0.71
AM,106.42,107.21,103.86,113.19,130.08,127.19,70,63,77,75,19.58,1.0,18.07,16.99,0.54
WFCF,106.4,110.95,107.2,99.47,109.74,109.63,70,42,45,57,13.64,0.99,11.92,11.59,0.34
CADE,106.4,106.4,108.79,109.09,101.22,110.2,70,58,33,57,37.58,0.96,36.09,32.71,0.44
MIMI,106.37,112.18,127.83,151.53,114.01,101.26,70,86,54,38,8.8,0.72,8.31,6.2,0.22
SPXC,106.33,110.17,114.17,124.19,107.29,103.02,70,74,41,45,182.95,0.74,187.65,157.71,0.51
NBN,106.32,114.25,119.19,118.03,134.79,145.78,70,69,80,84,102.65,0.73,103.79,95.02,0.98
BRY,106.29,106.29,99.36,84.82,75.21,76.58,70,14,10,10,4.01,0.58,3.24,3.32,1.02
PRSO,106.28,106.28,122.18,120.97,143.88,82.36,70,71,84,13,1.21,0.44,0.98,0.95,0.06
YMM,106.27,113.97,121.72,126.72,145.98,156.43,70,75,85,87,13.05,0.85,12.35,11.91,0.56
MBBC,106.27,106.57,112.52,116.57,145.6,150.81,70,67,85,86,10.43,0.83,10.22,9.94,1.27
RIVN,106.26,109.0,101.3,106.49,137.05,118.74,70,55,81,69,15.59,0.82,13.44,13.24,0.78
TASK,106.26,107.26,111.16,115.53,117.66,126.8,70,66,65,75,17.81,0.85,17.37,15.93,0.39
TJX,106.24,106.24,103.62,103.38,123.0,106.85,70,49,71,52,143.09,1.0,134.36,126.08,0.84
IDA,106.23,106.23,102.9,107.82,131.56,117.09,70,56,78,67,129.76,1.0,124.95,115.54,1.04
WRB,106.2,106.2,101.44,114.01,135.2,113.97,70,64,80,63,75.88,1.0,71.25,66.92,0.82
NATH,106.18,106.18,107.82,127.11,141.32,131.19,70,76,83,78,109.01,0.84,102.95,96.72,0.75
TRIN,106.16,107.32,109.06,107.23,122.32,121.05,69,55,71,71,16.05,0.91,15.74,14.52,1.49
HTHT,106.13,110.49,107.52,98.57,116.6,116.68,69,40,63,66,39.23,0.93,34.59,33.6,1.12
CXT,106.13,106.13,101.58,104.51,93.3,103.62,69,51,23,46,65.07,0.96,59.83,56.19,1.28
SCYX,106.12,106.12,103.16,76.8,80.89,77.85,69,9,13,10,1.08,0.43,0.87,0.95,0.82
SQM,106.1,106.84,119.32,116.48,103.18,110.58,69,67,35,58,44.24,0.84,42.63,38.57,0.63
KURA,106.05,106.05,92.36,82.21,58.58,54.99,69,12,4,4,9.05,0.25,7.31,7.18,1.78
SLND,106.02,114.79,112.19,126.26,110.33,86.8,69,75,46,16,4.44,0.84,4.29,3.69,0.62
MCHB,106.02,106.02,105.07,111.71,120.27,87.17,69,61,68,17,13.91,0.74,13.32,11.71,1.39
ENB,106.01,107.25,104.71,107.11,129.4,118.66,69,55,77,69,49.59,0.97,47.25,43.99,0.89
BOOT,106.01,108.45,124.37,132.1,129.94,133.62,69,79,77,79,169.18,0.79,174.14,146.68,0.76
RCI,105.97,105.97,109.11,111.33,88.58,78.76,69,61,18,11,35.66,0.82,34.62,29.2,0.64
TDS,105.9,106.53,117.66,126.23,170.42,166.35,69,75,90,89,37.51,0.82,38.66,36.26,0.81
ALB,105.9,105.9,108.36,105.84,79.25,84.44,69,54,12,14,88.1,0.65,78.28,73.32,0.92
FERG,105.89,106.95,112.79,115.85,116.66,85.02,69,66,63,15,225.88,0.87,226.92,192.47,0.78
ROK,105.89,106.59,111.97,124.28,116.41,102.06,69,74,62,43,343.58,0.9,345.02,300.38,0.61
PSX,105.87,105.87,100.75,105.88,99.82,101.34,69,54,31,42,139.46,1.0,127.26,118.79,1.12
BLD,105.87,109.3,120.48,124.72,92.97,84.66,69,74,22,14,393.42,0.7,408.63,338.29,0.55
MAIN,105.87,108.48,114.23,118.73,116.71,120.63,69,69,63,70,63.75,0.84,64.76,57.85,0.71
ZETA,105.86,110.76,115.55,103.23,91.51,138.53,69,49,21,81,20.52,0.37,18.59,16.62,0.49
SMFG,105.83,105.83,104.99,111.83,125.05,130.5,69,61,73,77,17.04,0.98,16.26,15.05,0.76
LDWY,105.83,108.6,119.38,119.04,122.34,107.72,69,70,71,53,5.1,0.73,5.19,4.57,0.14
MGYR,105.8,106.91,114.06,119.58,127.75,118.37,69,70,75,68,17.26,0.96,17.13,15.32,0.55
CMA,105.79,106.28,109.23,113.08,109.68,111.47,69,63,45,59,69.42,0.96,67.83,60.79,0.59
COR,105.71,106.7,103.64,113.09,137.65,115.57,69,63,82,65,307.0,0.99,292.81,273.26,1.08
BP,105.71,105.71,108.28,106.22,110.5,110.74,69,54,46,58,35.69,1.0,33.74,30.85,0.83
AER,105.69,105.69,109.31,110.58,119.02,113.85,69,60,67,63,123.13,0.96,116.9,106.56,0.44
RF,105.68,107.57,111.16,110.0,103.41,108.9,69,59,35,55,26.63,0.92,26.15,23.12,0.98
OZK,105.68,105.68,107.76,119.54,107.6,109.47,69,70,42,56,52.01,0.93,51.05,46.68,0.53
FLGT,105.66,105.66,106.79,102.47,110.63,86.17,69,47,46,16,22.59,0.99,20.85,19.05,0.93
ADM,105.66,107.7,113.92,116.49,99.8,92.95,69,67,31,23,60.6,0.84,59.19,51.04,1.65
MFIN,105.65,108.53,112.92,113.44,116.71,108.96,69,64,63,55,10.48,0.9,10.29,9.21,0.52
LUMN,105.65,108.96,110.34,151.17,172.18,266.95,69,86,91,95,5.92,0.4,4.82,4.65,0.7
LH,105.64,105.64,104.53,109.16,115.41,111.63,69,58,61,60,280.61,1.0,270.1,248.44,0.7
NHC,105.62,105.62,97.38,98.31,98.8,93.84,69,40,30,24,126.41,0.84,108.38,101.91,1.09
ZK,105.61,112.78,117.74,127.16,134.57,142.78,69,76,80,83,28.82,0.74,29.37,26.88,0.34
DTM,105.6,105.6,103.27,118.53,128.05,149.75,69,69,76,85,113.27,1.0,103.68,100.19,1.4
VMC,105.59,105.59,107.45,100.83,104.58,99.83,69,44,37,32,299.29,0.97,287.18,264.41,0.78
JBTM,105.57,106.49,116.83,121.96,118.0,123.59,69,72,65,73,137.35,0.82,138.45,124.85,0.86
JNJ,105.56,105.56,104.06,108.02,116.91,110.54,69,57,63,58,179.71,1.0,173.5,157.22,1.03
PTC,105.55,105.55,113.21,112.66,96.5,95.44,69,63,26,26,202.96,0.83,207.87,180.11,0.59
GECC,105.53,107.61,106.0,107.61,115.57,113.9,69,56,61,63,11.31,0.95,10.85,10.01,0.79
LOOP,105.52,105.54,125.43,128.5,116.9,80.89,69,77,63,12,1.58,0.59,1.6,1.32,0.12
TMDX,105.48,113.71,113.24,143.3,157.62,83.18,69,83,88,13,113.87,0.56,116.16,96.11,0.49
GD,105.46,105.46,109.09,107.08,107.28,97.47,69,55,41,29,330.34,1.0,318.26,280.25,0.97
AMAT,105.46,105.46,99.08,105.81,98.95,92.97,69,53,30,23,203.92,0.91,177.28,168.19,0.93
BRNS,105.43,105.43,115.57,181.96,94.27,85.85,69,91,24,15,1.22,0.43,1.29,1.05,0.29
NCLH,105.42,109.18,120.42,117.77,93.76,131.13,69,68,23,78,25.04,0.7,24.75,22.4,0.87
JKS,105.39,115.49,121.94,123.65,94.28,101.46,69,73,24,42,24.1,0.62,23.53,20.85,1.09
BSBR,105.39,105.55,105.03,111.49,115.44,104.41,69,61,61,48,5.49,0.96,5.1,4.72,0.91
CAE,105.38,110.21,107.91,125.9,128.58,123.02,69,75,76,72,28.51,0.88,27.78,25.75,0.61
BIOA,105.37,105.37,102.01,90.88,96.06,103.61,69,21,26,46,5.42,0.1,4.69,4.49,0.96
CIGI,105.37,108.15,116.05,119.49,97.88,99.31,69,70,28,31,157.0,0.81,158.53,135.85,0.86
ADAM,105.36,106.82,109.6,114.99,123.06,116.47,69,65,71,66,7.02,0.94,6.8,6.12,1.01
CRCT,105.35,111.52,112.63,117.8,114.55,105.88,69,68,58,50,6.28,0.83,5.82,5.25,0.84
TLK,105.34,111.4,114.13,121.34,102.71,81.06,69,72,34,12,18.86,0.81,18.91,15.98,0.3
CAAS,105.33,106.9,107.25,106.19,152.62,135.75,69,54,87,80,4.9,0.79,4.31,4.2,0.39
EDAP,105.32,110.4,113.56,70.81,73.22,74.47,69,7,8,9,2.42,0.67,1.85,2.01,0.27
ANGO,105.27,105.27,113.46,115.08,150.5,193.13,68,66,86,92,10.68,0.68,9.7,9.88,0.77
STN,105.27,110.29,110.11,123.98,126.83,101.98,68,73,75,43,106.22,0.84,109.12,94.05,0.61
NMTC,105.27,106.04,120.36,120.59,105.62,133.79,68,71,38,79,0.92,0.62,0.84,0.82,0.7
BSVN,105.26,107.62,113.62,114.93,116.27,137.93,68,65,62,81,47.53,0.87,46.93,41.92,0.29
BEEM,105.25,123.31,127.98,114.77,54.55,59.69,68,65,4,5,2.57,0.32,2.56,2.26,0.27
OMF,105.24,106.62,113.94,119.13,108.34,111.22,68,70,43,59,58.54,0.83,58.95,52.44,1.1
HCA,105.23,105.27,105.96,105.43,117.76,100.52,68,53,65,33,419.08,0.99,388.39,351.26,0.87
QUAD,105.22,108.92,113.6,111.74,106.56,136.1,68,61,40,80,6.55,0.54,6.26,5.98,0.48
HWC,105.19,106.08,108.28,112.14,110.13,113.37,68,62,45,62,63.26,0.94,61.2,56.07,1.09
SGD,105.18,105.29,96.58,111.24,60.62,39.26,68,61,5,2,1.56,0.15,1.24,1.31,0.06
AMBP,105.16,106.01,104.52,151.45,135.52,94.11,68,86,80,25,3.94,0.71,3.8,3.31,0.52
NTR,105.14,105.43,103.68,116.03,122.52,110.52,68,67,71,58,58.82,0.82,57.83,54.02,1.57
EMA,105.13,105.13,109.37,115.56,138.28,117.56,68,66,82,67,47.17,0.92,46.95,42.28,0.95
EWBC,105.13,105.38,108.47,124.95,111.13,116.66,68,74,47,66,108.36,0.97,104.61,95.74,0.72
BCH,105.08,107.14,107.4,118.82,144.88,126.77,68,69,84,75,30.0,0.85,29.01,27.01,0.77
BRFH,105.08,128.87,128.87,117.06,165.04,203.32,68,68,89,93,3.65,0.65,3.09,3.04,0.12
AXP,105.07,105.34,106.79,113.01,109.14,122.13,68,63,44,72,341.68,1.0,316.91,297.33,0.67
TRMB,105.05,105.64,109.27,121.97,108.78,119.46,68,72,43,69,81.24,0.87,82.07,73.47,0.62
SRG,105.01,105.01,113.43,96.11,73.94,72.1,68,35,9,8,4.08,0.74,3.56,3.4,0.93
TRST,104.99,107.98,114.6,109.86,108.26,102.5,68,59,43,44,37.68,0.8,36.65,32.62,0.62
GATX,104.97,104.97,102.04,102.15,117.26,112.53,68,47,64,61,176.97,1.0,161.77,155.87,0.82
AYI,104.96,106.61,112.32,109.29,104.59,113.0,68,58,37,62,338.64,0.95,322.54,294.01,0.96
KALV,104.96,108.1,116.17,132.21,133.23,124.0,68,79,79,73,12.4,0.58,13.73,11.85,1.77
ECVT,104.94,110.13,114.34,117.24,113.42,92.88,68,68,50,23,8.8,0.86,8.88,7.74,0.52
ORI,104.94,104.94,103.48,104.08,131.38,122.75,68,50,78,72,41.96,1.0,38.57,36.83,0.49
CNP,104.93,105.85,105.39,111.24,136.47,121.28,68,61,81,71,38.81,0.98,38.01,35.45,1.04
ERO,104.91,107.27,100.97,104.54,101.86,82.76,68,51,33,13,18.64,0.67,14.98,13.95,1.16
PHM,104.89,105.25,114.0,109.93,98.61,88.94,68,59,29,19,131.15,0.7,126.9,110.84,0.52
WFRD,104.89,104.89,101.48,91.71,71.25,66.62,68,22,8,6,69.61,0.57,60.05,57.08,0.83
CMRE,104.86,107.85,106.71,104.67,77.63,92.5,68,51,11,22,12.5,0.67,11.28,10.32,1.28
LIVN,104.83,105.24,116.78,113.85,97.9,86.57,68,64,28,16,53.44,0.79,51.51,45.71,0.95
CMC,104.83,104.83,106.03,105.31,96.64,91.25,68,53,27,21,58.68,0.83,56.0,50.16,0.58
JHG,104.82,105.1,107.81,108.45,100.88,118.16,68,57,32,68,44.87,0.97,43.6,39.51,0.49
DCI,104.82,104.82,104.92,97.42,97.42,96.76,68,38,28,28,81.02,0.95,76.19,70.01,0.64
CRUS,104.81,104.93,100.68,97.23,97.2,98.65,68,37,27,30,126.14,0.97,112.15,103.93,0.57
HWBK,104.81,104.81,109.92,109.48,131.52,137.42,68,59,78,81,31.43,0.76,30.49,29.59,0.39
ATMV,104.81,169.11,169.11,96.65,118.42,105.17,68,36,66,49,13.5,0.21,13.06,11.96,0.25
PRPL,104.78,109.56,119.53,126.48,84.0,106.5,68,75,14,51,0.95,0.56,0.99,0.87,0.39
COMP,104.76,121.57,137.45,140.39,200.39,202.91,68,82,93,93,7.95,0.53,8.49,7.52,1.15
AMR,104.76,110.17,105.46,89.13,62.28,66.15,68,19,5,6,162.65,0.41,143.17,144.77,0.5
JLL,104.75,111.9,114.48,115.56,109.53,115.43,68,66,44,65,301.5,0.84,292.31,259.31,0.82
FOX,104.72,106.2,112.0,115.13,145.56,144.38,68,66,85,83,55.29,0.92,52.84,49.66,2.88
STEP,104.71,107.92,105.63,110.9,114.61,130.41,68,60,59,77,65.46,0.91,61.19,57.22,0.83
XTNT,104.7,114.55,115.84,130.45,133.26,105.05,68,78,79,49,0.64,0.74,0.62,0.56,1.04
GNRC,104.7,116.14,120.91,132.21,93.77,102.12,68,79,23,43,168.27,0.66,181.74,148.23,0.94
CTLP,104.66,106.12,118.67,132.71,140.2,135.68,68,79,83,80,10.55,0.85,10.89,9.5,0.73
MODG,104.65,104.65,122.65,120.56,96.84,67.2,68,71,27,6,9.47,0.72,9.38,7.84,0.59
VITL,104.64,113.68,150.31,145.72,107.31,149.19,68,84,41,85,42.3,0.58,44.69,37.78,0.98
TBH,104.63,109.71,170.18,145.48,114.01,101.26,68,84,54,38,1.51,0.16,1.32,1.49,0.11
FDSB,104.62,104.62,105.58,104.71,112.39,104.64,68,52,49,48,13.85,0.97,13.53,12.71,0.48
RGR,104.61,104.61,91.89,85.92,110.75,101.55,68,15,47,42,43.37,1.0,35.75,36.44,1.02
ITIC,104.56,104.64,106.75,99.58,130.88,123.79,68,42,78,73,262.6,0.9,236.66,230.02,0.54
DBD,104.52,107.65,129.13,131.02,120.53,110.08,68,78,69,57,56.17,0.73,59.43,49.64,0.58
ATO,104.49,104.49,103.98,106.03,132.98,119.24,68,54,79,69,168.45,1.0,162.55,151.7,0.79
GXO,104.47,104.47,106.17,112.85,103.32,84.26,68,63,35,14,53.56,0.7,51.47,44.44,0.84
AXSM,104.46,104.46,108.45,113.36,144.97,152.01,68,64,85,86,116.76,0.64,113.28,109.12,0.58
VRME,104.44,140.09,140.09,126.26,90.93,301.26,68,75,20,96,0.92,0.09,0.9,0.96,0.08
NRIM,104.44,108.22,114.49,138.86,132.96,147.13,68,82,79,84,22.1,0.8,21.95,19.97,0.63
STVN,104.42,108.27,110.99,118.78,118.94,103.99,67,69,67,47,25.66,0.79,24.54,22.74,0.91
META,104.33,110.97,113.31,125.2,118.28,129.09,67,74,66,76,743.75,0.85,750.59,663.58,0.83
THO,104.33,108.71,110.33,110.18,93.31,89.52,67,59,23,19,106.33,0.85,102.75,91.22,0.81
NTRB,104.33,104.57,117.26,187.28,157.72,193.54,67,91,88,92,7.26,0.5,6.99,6.51,0.17
RDI,104.32,104.32,98.96,98.96,96.9,105.39,67,41,27,50,1.54,0.56,1.44,1.4,0.19
HSII,104.32,104.88,110.18,112.82,121.98,130.13,67,63,70,77,49.62,0.86,48.3,44.55,0.96
UFCS,104.29,104.57,110.4,116.18,130.21,127.51,67,67,77,76,30.78,0.87,29.78,28.01,0.55
GNTX,104.23,104.23,105.26,102.9,81.2,82.06,67,48,13,13,28.9,0.81,27.35,24.88,0.5
RBKB,104.23,105.09,121.83,125.84,128.74,122.66,67,75,76,72,11.84,0.61,12.77,11.12,0.86
NTST,104.2,104.45,108.7,116.58,116.15,99.45,67,67,62,31,17.96,0.86,18.16,15.77,0.57
GPMT,104.19,104.19,104.83,107.39,90.06,88.64,67,56,20,18,3.02,0.8,2.81,2.59,0.48
FCEL,104.15,117.47,100.12,84.3,73.35,69.01,67,14,9,7,7.9,0.45,5.37,6.25,0.93
XP,104.15,106.58,104.85,125.12,128.08,96.18,67,74,76,27,18.78,0.81,17.66,16.03,0.79
SXT,104.14,110.26,129.01,134.55,129.51,100.7,67,80,77,33,95.48,0.53,110.32,89.12,1.05
AAPL,104.12,105.34,100.42,96.74,102.82,113.11,67,36,35,62,255.46,0.97,228.37,221.56,0.79
LXFR,104.11,105.95,110.94,102.7,100.86,122.92,67,48,32,72,14.0,0.86,12.92,12.26,0.46
PATK,104.11,105.92,119.53,121.91,108.26,115.36,67,72,43,65,103.6,0.71,106.62,92.22,0.7
CSGS,104.11,104.2,104.86,119.7,137.51,128.85,67,70,82,76,65.16,0.93,63.36,60.52,0.62
JFB,104.1,104.1,115.27,140.4,115.4,101.26,67,82,61,38,6.85,0.49,6.95,5.67,41.94
KPTI,104.1,104.1,101.9,98.2,62.37,81.34,67,39,5,12,6.55,0.27,5.55,6.55,0.31
CCBG,104.09,104.58,110.08,115.87,125.3,115.16,67,66,73,65,42.62,0.9,41.57,37.79,0.75
BWB,104.09,104.09,106.51,115.69,119.36,108.6,67,66,67,55,17.18,0.91,16.25,14.93,0.76
EPR,104.04,104.04,105.03,124.61,126.89,124.56,67,74,75,74,57.49,0.84,55.11,50.84,0.57
MLM,104.04,104.04,107.34,102.19,104.65,88.8,67,47,37,18,613.74,0.9,603.42,542.61,0.74
VANI,103.99,111.3,109.22,127.62,104.34,93.52,67,76,37,24,1.43,0.71,1.35,1.2,0.41
RADX,103.96,111.66,111.66,119.74,114.64,110.68,67,70,59,58,5.75,0.13,5.47,4.98,0.96
L,103.96,103.96,102.86,105.92,119.01,112.35,67,54,67,61,100.3,1.0,95.05,88.73,0.88
ORGO,103.94,124.72,147.87,144.34,180.81,181.9,67,84,92,91,4.1,0.41,4.75,4.08,3.12
WMB,103.93,103.93,99.1,115.46,135.66,134.77,67,66,81,79,64.01,1.0,58.18,57.01,1.28
CARG,103.92,103.92,104.53,108.92,109.22,138.87,67,58,44,81,37.5,0.8,34.1,33.38,0.61
EDTK,103.91,103.91,104.8,103.47,109.46,109.19,67,49,44,56,1.12,0.83,1.03,1.01,4.1
CMDB,103.91,103.91,99.35,93.08,114.01,101.26,67,28,54,38,12.71,0.84,10.36,10.09,0.5
WSBF,103.89,105.08,99.95,98.69,113.93,105.92,67,40,51,50,15.85,0.91,14.42,13.43,0.62
BLK,103.89,104.5,108.89,112.2,106.6,112.64,67,62,40,61,1156.45,1.0,1120.58,1007.71,0.85
CLMT,103.89,107.0,109.76,116.75,102.77,122.76,67,67,34,72,18.75,0.67,16.4,15.42,0.95
UHG,103.88,103.88,125.14,132.25,87.82,65.89,67,79,18,6,4.16,0.47,4.13,3.53,1.01
HAS,103.88,103.96,114.39,122.12,111.66,108.44,67,72,48,54,75.59,0.8,77.54,65.51,0.77
J,103.85,105.51,106.11,107.01,101.19,100.49,67,55,32,33,147.86,0.91,145.51,131.55,0.59
QMCO,103.84,129.84,129.84,117.59,202.34,1193.4,67,68,94,99,9.48,0.1,8.2,15.68,1.3
EVRG,103.83,103.83,103.68,107.06,132.32,121.13,67,55,79,71,74.07,1.0,71.36,66.35,0.97
TRMK,103.81,105.19,106.99,109.92,113.85,112.61,67,59,51,61,40.28,0.93,38.99,35.92,0.62
FLXS,103.79,104.58,117.39,109.31,92.22,164.11,67,58,22,88,47.48,0.54,41.74,41.39,0.56
RNW,103.78,105.0,114.12,115.49,116.78,106.23,67,66,63,51,7.7,0.94,7.65,6.87,0.56
RPRX,103.78,105.46,109.53,118.67,133.54,127.29,67,69,79,75,35.04,0.81,36.22,32.7,1.15
WBS,103.78,106.18,109.68,118.61,108.26,116.32,67,69,43,66,59.84,0.86,59.67,54.54,0.63
CVLT,103.77,104.3,104.3,116.95,133.86,132.81,67,68,79,79,190.3,0.92,182.13,171.06,0.62
PSTL,103.76,103.76,108.14,109.34,117.47,107.19,67,58,64,53,15.89,0.9,15.15,13.68,1.18
VYGR,103.75,103.75,96.98,80.13,61.34,75.3,67,11,5,9,4.52,0.34,3.66,3.99,1.27
BEPC,103.74,103.76,109.39,119.94,115.58,107.4,67,70,61,53,34.56,0.85,34.16,29.61,1.07
WPC,103.71,103.71,104.22,107.99,122.33,116.28,67,57,71,66,68.45,0.99,66.08,60.58,1.27
SR,103.69,103.69,99.25,104.6,137.13,124.46,67,51,81,74,80.5,1.0,75.62,72.67,0.83
DGX,103.69,103.69,100.14,107.59,129.55,120.51,67,56,77,70,188.99,1.0,178.31,169.39,0.57
EBC,103.69,103.69,102.93,96.33,111.09,114.9,67,36,47,64,18.34,0.92,16.49,16.15,0.77
FXNC,103.66,106.45,107.37,104.47,123.62,128.94,67,51,72,76,23.14,0.67,22.49,21.89,0.86
GWRE,103.66,108.38,119.53,127.15,157.05,136.33,67,76,88,80,230.39,0.67,227.59,209.19,0.97
CXW,103.6,106.23,100.55,120.1,148.04,153.84,67,71,86,86,21.55,0.79,20.46,20.86,0.51
PODD,103.59,107.34,120.74,118.84,141.69,126.2,67,70,83,75,318.0,0.72,317.9,289.05,0.91
SILC,103.55,108.59,113.96,112.45,104.21,111.32,66,62,37,59,17.29,0.77,16.61,15.71,0.35
MNSB,103.55,105.31,117.71,117.71,118.31,96.62,66,68,66,27,21.03,0.76,21.29,18.59,0.97
BANC,103.51,103.91,107.92,105.23,101.74,106.86,66,52,33,52,16.68,0.89,15.77,14.7,0.65
NWGL,103.5,103.68,99.87,88.69,358.61,98.46,66,18,97,30,1.4,0.1,1.26,1.35,0.05
PSNL,103.5,112.87,111.42,246.03,217.87,284.51,66,95,94,96,6.04,0.67,5.4,5.01,0.92
BODI,103.48,123.08,127.48,101.91,114.36,109.11,66,47,58,56,5.97,0.51,5.33,5.56,0.36
AMCX,103.48,103.48,102.08,86.07,74.62,88.55,66,15,9,18,8.33,0.57,7.08,7.37,0.48
DLTR,103.47,108.16,125.3,133.26,128.2,81.63,66,79,76,13,95.06,0.61,107.86,87.3,1.03
NDRA,103.46,103.46,105.21,125.84,73.49,50.19,66,75,9,3,5.24,0.19,4.91,4.68,0.76
MHO,103.45,103.45,111.58,107.66,95.57,87.52,66,56,25,17,145.72,0.59,139.36,123.86,0.57
LIND,103.45,105.72,124.43,132.68,109.85,132.66,66,79,45,78,12.95,0.72,13.28,11.55,0.66
OSW,103.45,105.73,114.42,116.63,113.0,129.59,66,67,50,77,21.68,0.84,22.02,19.83,1.02
FNB,103.44,103.44,106.1,110.05,99.58,103.45,66,59,30,46,16.24,0.9,15.9,14.55,0.84
ASRT,103.43,108.67,108.53,96.75,76.61,87.02,66,36,10,17,0.89,0.52,0.8,0.75,1.11
SU,103.41,103.86,102.14,101.21,110.95,108.85,66,45,47,55,42.62,0.97,40.32,37.59,0.54
PDLB,103.38,104.03,107.13,113.55,124.34,125.02,66,64,72,74,14.86,0.95,14.55,13.43,0.63
IPGP,103.37,104.32,113.65,111.91,95.12,85.14,66,62,25,15,80.45,0.85,79.21,69.79,0.72
WMT,103.36,103.8,103.98,111.55,132.61,138.16,66,61,79,81,103.16,0.96,100.05,95.55,0.72
TOMZ,103.35,107.63,106.57,117.81,138.79,149.39,66,68,82,85,1.03,0.67,0.93,0.92,0.31
ES,103.34,103.34,96.13,104.37,112.17,106.08,66,51,49,51,69.77,1.0,64.85,60.64,1.14
IBM,103.33,103.33,96.51,126.03,129.02,128.18,66,75,76,76,284.31,0.91,254.37,249.75,1.65
SMHI,103.32,103.91,100.09,102.09,84.99,71.45,66,47,15,8,6.91,0.48,6.17,5.8,0.33
SHBI,103.29,103.81,107.82,120.16,110.11,118.36,66,71,45,68,16.94,0.91,16.41,15.12,0.7
PVL,103.28,104.5,115.33,126.48,133.23,116.1,66,75,79,66,1.84,0.74,1.89,1.62,0.9
VAL,103.25,104.25,108.88,107.1,93.11,74.62,66,55,23,9,50.4,0.78,49.1,43.06,0.72
SMBK,103.22,103.6,106.63,117.24,122.97,123.25,66,68,71,72,36.61,0.89,35.82,33.13,0.85
HIMX,103.2,107.37,113.91,130.41,123.41,188.78,66,78,72,92,8.54,0.49,8.4,8.27,0.59
HMN,103.18,104.1,107.2,106.54,129.68,117.75,66,55,77,68,45.8,0.9,44.26,41.33,1.16
ZION,103.17,105.02,106.82,111.48,109.18,117.12,66,61,44,67,57.54,0.86,55.46,51.7,0.74
MIRA,103.16,103.52,122.76,192.65,125.49,147.88,66,92,74,84,1.32,0.37,1.47,1.24,0.23
MRP,103.16,105.5,113.65,112.33,114.01,101.26,66,62,54,38,34.03,0.9,32.98,27.49,1.37
KLRS,103.15,103.15,88.84,43.09,69.92,84.17,66,2,7,14,5.61,0.16,3.38,6.18,0.73
KMTS,103.15,111.81,112.13,84.19,114.01,101.26,66,14,54,38,24.33,0.88,18.22,20.17,0.48
SF,103.13,104.09,108.74,111.92,109.61,123.68,66,62,45,73,114.66,0.97,112.94,102.89,1.75
NBIX,103.13,104.63,106.22,107.8,100.67,105.07,66,56,32,49,142.0,0.83,136.24,126.22,1.1
GRDN,103.12,107.94,120.06,109.28,123.42,103.67,66,58,72,47,26.01,0.7,24.47,22.32,0.79
RPTX,103.11,106.51,98.85,99.72,86.8,49.39,66,42,17,3,1.69,0.26,1.62,1.41,0.41
SRE,103.11,103.11,97.21,96.71,99.88,104.7,66,36,31,48,88.59,0.87,82.08,77.71,0.88
PBBK,103.1,108.12,116.8,113.37,118.79,117.45,66,64,66,67,19.45,0.92,19.0,16.72,0.14
MDRR,103.09,103.09,107.75,94.58,118.21,109.92,66,32,65,57,13.43,0.77,12.03,12.04,0.55
BTE,103.09,103.09,101.84,93.07,80.87,82.2,66,28,13,13,2.52,0.58,2.2,2.1,1.2
CCO,103.09,105.39,101.71,92.63,84.68,86.03,66,23,15,16,1.48,0.8,1.24,1.23,0.53
NPB,103.07,107.42,112.02,106.26,114.01,101.26,66,54,54,38,17.9,0.89,16.67,14.74,0.63
MSFT,103.07,103.15,108.23,115.24,110.9,95.81,66,66,47,26,511.46,0.87,511.69,448.99,0.77
SSP,103.06,105.76,142.99,152.54,149.6,150.97,66,86,86,86,2.71,0.47,2.99,2.53,0.64
ADT,103.04,103.04,104.43,105.25,129.43,117.23,66,52,77,67,8.81,0.98,8.56,7.93,0.81
ADTN,102.97,109.99,128.43,128.28,146.8,180.92,66,77,85,91,9.28,0.58,9.3,9.05,0.56
WAFU,102.93,108.03,104.61,82.18,97.34,148.91,66,12,28,85,1.8,0.33,1.53,1.58,0.09
MOV,102.87,104.1,109.17,92.43,84.75,85.59,66,23,15,15,18.88,0.85,17.29,16.66,0.68
SPG,102.87,102.87,101.94,98.03,108.03,111.54,66,39,42,60,185.39,1.0,172.85,165.0,0.81
ALCO,102.86,103.16,106.44,113.34,123.3,111.22,66,64,71,59,33.55,0.88,33.21,30.59,0.5
TRP,102.84,104.56,101.44,103.12,128.58,117.69,66,49,76,67,53.45,0.98,50.64,47.76,3.35
VREX,102.83,106.7,106.63,102.54,85.39,94.12,66,48,15,25,12.06,0.53,10.21,10.74,0.63
PRVA,102.82,102.82,95.61,107.88,134.76,123.29,66,56,80,72,23.96,0.8,21.46,22.43,1.09
BORR,102.82,108.53,109.17,102.16,64.57,66.06,66,47,6,6,2.93,0.34,2.59,2.55,0.76
CRAI,102.81,103.44,104.64,104.04,108.4,121.37,66,50,43,71,205.17,0.86,190.98,184.67,1.75
KG,102.81,113.75,111.82,126.96,125.57,79.77,66,76,74,11,26.8,0.57,26.96,23.24,0.59
BX,102.8,110.36,111.76,109.27,101.51,119.99,66,58,33,70,175.32,0.74,173.79,157.16,0.56
SAH,102.8,104.47,116.18,137.55,128.24,121.79,66,81,76,71,75.0,0.63,78.2,70.37,0.82
RAIL,102.79,104.96,105.36,196.44,137.24,268.25,65,92,81,95,9.49,0.45,9.29,8.71,0.68
IMDX,102.78,102.78,106.72,111.38,143.5,155.89,65,61,84,87,3.33,0.6,2.78,2.8,0.58
TRMD,102.75,104.34,110.69,98.12,83.2,81.77,65,39,14,13,21.32,0.44,20.53,18.02,0.71
HBI,102.72,102.72,99.82,98.48,91.4,144.3,65,40,21,83,6.59,0.52,5.7,5.97,0.39
WEC,102.72,102.72,98.05,104.34,137.63,124.85,65,51,82,74,112.85,1.0,108.64,103.4,0.86
KEY,102.71,103.59,107.23,112.36,104.79,107.61,65,62,37,53,18.89,0.95,18.44,16.7,0.72
FE,102.7,102.7,97.74,98.21,117.25,102.07,65,39,64,43,45.43,1.0,43.05,40.5,2.2
MTUS,102.69,102.77,105.06,106.73,94.13,85.06,65,55,24,15,17.01,0.88,16.34,14.76,0.66
TAYD,102.67,108.35,118.7,118.5,100.83,97.39,65,69,32,28,49.66,0.6,46.52,38.66,0.55
FORLU,102.65,102.92,102.1,101.55,117.61,104.51,65,46,64,48,12.95,1.0,11.95,11.4,0.0
MNST,102.65,102.65,103.97,108.7,124.04,108.42,65,57,72,54,65.34,0.94,62.65,58.07,0.54
OHI,102.64,102.64,106.36,108.35,120.34,111.76,65,57,68,60,41.84,0.83,40.89,37.26,0.56
FSBC,102.63,103.35,105.39,104.57,111.93,108.44,65,51,48,54,32.81,0.89,31.62,29.41,1.13
PH,102.63,104.18,106.93,111.67,107.51,113.48,65,61,41,63,750.72,0.93,742.36,670.67,0.52
LARK,102.61,104.28,103.83,115.03,159.68,137.75,65,65,88,81,26.99,0.73,26.16,25.87,1.17
CZWI,102.6,103.97,104.91,103.09,118.51,120.57,65,49,66,70,16.38,0.92,15.82,15.1,0.53
SBCF,102.56,104.35,107.71,110.64,103.0,104.3,65,60,35,48,30.6,0.91,29.6,26.95,0.94
AAPG,102.56,107.2,140.29,160.53,138.18,101.26,65,88,82,38,37.33,0.66,40.74,29.53,0.27
XYL,102.54,102.54,102.56,104.38,97.11,99.28,65,51,27,31,143.03,0.97,139.97,126.62,0.68
BWBBP,102.52,104.26,102.42,103.26,118.76,107.54,65,49,66,53,21.0,0.9,19.84,18.71,1.0
NLY,102.51,102.51,108.7,104.71,119.11,119.35,65,52,67,69,21.04,0.78,21.03,19.26,0.99
AFG,102.51,102.51,99.82,99.56,110.6,101.32,65,42,46,42,145.24,1.0,133.59,127.87,0.81
DELL,102.5,106.46,104.89,121.75,106.79,99.66,65,72,40,32,130.76,0.84,130.55,112.26,0.65
AAOI,102.49,130.72,148.84,198.11,162.66,275.89,65,92,89,96,25.77,0.46,24.97,23.34,0.53
NEUE,102.49,108.16,106.06,119.87,138.27,138.04,65,70,82,81,6.68,0.77,6.71,6.71,3.07
HMC,102.47,107.09,110.32,113.42,107.8,105.18,65,64,42,49,33.11,0.85,33.25,29.56,1.85
EMBC,102.46,104.67,108.59,107.84,94.2,147.22,65,56,24,84,13.9,0.43,13.1,13.51,0.6
HURN,102.45,102.45,99.88,104.86,144.22,139.13,65,52,84,81,145.98,0.85,136.19,136.34,0.74
IROQ,102.45,104.71,106.58,112.13,143.25,129.86,65,62,84,77,25.95,1.0,25.05,24.05,0.29
ANAB,102.45,102.45,89.76,124.37,115.64,90.97,65,74,61,20,23.58,0.49,22.24,19.82,1.15
BMRC,102.44,102.44,104.33,118.59,123.52,123.77,65,69,72,73,24.84,0.88,23.81,22.75,1.11
FIGS,102.44,121.41,136.12,132.18,107.18,102.83,65,79,41,45,6.59,0.78,6.77,5.54,0.91
DLX,102.42,103.01,110.67,111.86,82.33,105.99,65,61,13,51,19.54,0.66,18.47,17.33,0.67
WTFC,102.41,102.41,107.03,113.77,105.9,117.3,65,64,39,67,134.04,0.87,132.07,123.04,0.47
NTGR,102.37,104.0,111.2,134.76,156.34,172.95,65,80,88,90,29.25,0.84,26.62,26.77,0.73
DAY,102.37,102.85,103.21,103.22,99.17,112.51,65,49,30,61,68.86,0.6,63.33,62.32,0.27
CPBI,102.35,102.35,106.64,108.69,130.35,126.25,65,57,77,75,16.26,1.0,15.55,14.96,0.0
FSLY,102.34,102.47,107.56,97.65,108.95,110.51,65,38,44,58,8.5,0.55,7.47,7.69,0.62
MUR,102.32,102.32,93.56,90.73,86.25,83.19,65,21,16,13,30.03,0.72,24.99,24.93,0.93
DGICA,102.29,102.29,103.05,120.81,149.82,133.48,65,71,86,79,19.44,0.83,18.08,17.55,0.78
ZVRA,102.29,102.29,105.94,163.12,127.41,137.24,65,88,75,81,9.77,0.52,9.7,8.7,1.46
XPON,102.28,120.49,113.12,121.74,52.19,28.42,65,72,3,1,1.48,0.1,1.4,1.25,0.11
MI,102.26,110.1,140.78,106.43,83.11,79.73,65,54,14,11,3.58,0.24,3.23,2.84,0.27
SEER,102.25,102.25,98.39,112.11,113.36,123.4,65,62,50,73,2.27,0.69,2.12,2.12,0.58
T,102.23,104.31,112.57,116.71,151.95,139.15,65,67,87,81,28.31,0.86,28.56,26.41,0.81
KTB,102.21,104.9,108.61,95.9,95.46,124.52,65,35,25,74,80.52,0.69,71.68,71.39,0.66
HEI,102.18,102.35,116.47,122.5,121.02,115.09,65,73,69,65,320.31,0.85,317.9,277.16,0.82
ARL,102.18,104.31,97.79,110.32,110.32,88.93,65,60,46,19,16.47,0.82,14.71,14.02,0.26
DAL,102.17,107.29,111.02,112.7,97.8,132.93,65,63,28,79,57.2,0.66,57.92,54.35,0.89
NWN,102.16,102.16,95.02,98.85,125.59,111.61,65,41,74,60,44.65,1.0,41.28,40.45,0.91
GO,102.16,102.16,115.92,108.34,92.91,83.06,65,57,22,13,15.84,0.47,16.62,15.16,1.06
INDB,102.13,102.13,103.47,109.92,116.06,115.33,65,59,62,65,70.99,0.9,68.4,64.37,0.51
RBC,102.12,102.12,106.6,117.0,123.07,119.57,65,68,71,69,384.82,0.8,390.84,356.54,0.65
TX,102.12,104.1,106.11,103.99,96.07,98.4,65,50,26,30,34.48,0.92,32.99,29.56,0.87
CAH,102.09,103.3,104.41,130.79,137.49,121.25,65,78,81,71,153.71,0.77,152.41,141.07,0.73
WMS,102.09,105.11,108.99,109.05,86.49,79.31,65,58,16,11,137.39,0.62,134.31,119.7,0.63
BCML,102.06,103.21,108.59,111.12,123.26,118.24,65,60,71,68,29.47,0.84,28.68,26.96,0.6
ELLO,102.04,107.9,118.48,124.72,117.03,117.33,64,74,63,67,17.28,0.79,17.84,16.19,0.0
SPFI,102.02,102.02,106.42,113.41,118.15,109.48,64,64,65,56,39.24,0.79,39.42,35.84,0.77
MELI,102.0,103.7,102.37,126.07,136.35,125.46,64,75,81,74,2468.42,0.85,2390.65,2205.29,0.7
NI,102.0,102.0,104.27,111.32,135.23,126.92,64,61,80,75,42.57,0.93,41.69,39.06,0.96
NXDR,101.99,109.87,109.87,96.06,75.71,110.11,64,35,10,57,2.13,0.52,1.99,1.94,0.47
GIFI,101.89,101.89,107.08,104.11,113.62,116.85,64,50,50,66,7.35,0.87,6.99,6.78,2.11
WMG,101.89,103.89,106.8,106.0,105.18,109.9,64,54,38,57,33.3,0.76,32.21,30.48,0.75
DBX,101.88,102.04,104.85,101.43,113.8,113.88,64,45,51,63,31.42,0.79,28.85,28.75,0.83
GPC,101.85,103.5,102.5,101.59,101.34,97.0,64,46,33,28,137.69,0.87,135.46,122.72,0.57
VALE,101.85,107.33,105.12,99.45,105.99,104.28,64,42,39,48,10.7,0.92,10.13,9.28,1.77
ICL,101.79,103.82,110.24,139.27,145.81,135.46,64,82,85,80,6.09,0.65,6.28,6.14,0.83
ASX,101.79,106.65,110.84,102.9,99.03,105.14,64,48,30,49,11.17,0.88,10.48,9.76,0.64
CARE,101.78,101.78,105.19,105.69,110.32,109.44,64,53,46,56,19.7,0.91,18.76,17.27,0.91
PDS,101.77,101.77,103.9,100.85,89.75,95.08,64,44,19,26,59.09,0.74,55.65,51.77,0.85
RGNX,101.76,101.76,101.79,108.84,119.03,79.01,64,58,67,11,9.65,0.69,8.85,8.21,0.83
NATR,101.75,105.26,107.78,108.16,103.53,93.87,64,57,36,24,15.89,0.75,16.14,14.6,0.47
FDP,101.74,102.3,105.55,118.58,133.45,117.87,64,69,79,68,35.03,0.64,35.83,32.61,0.77
TH,101.74,106.43,112.33,110.78,102.91,112.85,64,60,35,62,8.88,0.66,8.36,7.85,0.63
ASB,101.73,101.73,104.37,112.63,106.08,108.45,64,63,39,55,26.06,0.87,25.51,23.73,1.21
NTCT,101.72,102.57,104.23,111.96,111.96,108.3,64,62,48,54,25.8,0.96,23.63,22.71,0.59
ROOT,101.71,107.69,105.7,179.96,283.05,450.3,64,90,96,98,92.57,0.39,101.1,115.09,0.58
QRVO,101.69,106.03,106.35,111.21,97.05,83.99,64,61,27,14,93.02,0.78,89.19,78.43,0.5
SNWV,101.67,102.45,140.93,141.73,134.1,127.24,64,83,80,75,34.4,0.67,37.72,31.18,3.23
ACAD,101.65,114.98,128.78,134.55,132.07,106.06,64,80,78,51,21.05,0.56,24.24,19.96,1.43
FBP,101.63,101.63,102.83,109.22,108.11,106.27,64,58,42,51,22.34,1.0,21.47,19.88,0.55
HTCR,101.63,114.07,150.47,156.06,106.48,345.87,64,87,40,97,0.82,0.16,0.74,0.93,0.14
CLIR,101.62,102.99,80.9,75.93,88.41,150.84,64,9,18,86,0.81,0.31,0.59,0.76,0.51
EQT,101.6,101.71,104.64,125.05,139.96,141.42,64,74,83,82,54.06,0.76,51.86,51.73,1.37
SRZN,101.59,114.78,124.56,129.8,113.01,146.3,64,77,50,84,11.56,0.48,10.89,10.45,0.35
PM,101.54,101.59,103.53,134.12,164.17,141.88,64,80,89,83,164.89,0.73,165.77,156.64,0.62
OGS,101.53,101.53,96.37,98.74,125.47,114.34,64,40,74,64,80.19,1.0,74.85,72.6,1.65
LAZ,101.51,108.76,110.78,118.62,102.8,115.16,64,69,34,65,53.96,0.82,54.48,48.05,0.43
WLAC,101.51,104.38,95.65,93.63,114.75,101.26,64,29,59,38,12.46,0.85,10.59,10.19,3.81
LFUS,101.49,101.59,105.68,109.45,92.01,93.16,64,58,21,23,259.82,0.91,253.76,225.57,0.67
HAFC,101.49,101.64,104.23,122.38,130.41,127.33,64,72,77,75,25.11,0.88,24.24,23.22,0.73
TCBI,101.48,101.48,106.18,117.37,111.03,113.07,64,68,47,62,86.51,0.89,85.33,78.51,0.61
FIBK,101.43,104.85,106.9,104.56,102.81,107.33,64,51,35,53,32.55,0.88,31.0,29.18,1.19
TRTX,101.42,103.79,111.38,109.52,106.65,108.99,64,59,40,55,8.62,0.72,8.77,7.85,1.42
DENN,101.4,103.22,103.8,86.39,80.03,85.07,64,16,12,15,5.33,0.54,4.44,4.62,0.76
STRW,101.38,106.06,105.6,105.76,125.45,135.06,64,53,74,80,12.3,0.9,11.22,10.78,0.93
MNKD,101.35,101.35,103.09,73.18,93.22,123.67,64,8,23,73,5.53,0.52,4.5,4.92,1.39
GILD,101.35,105.14,109.48,121.01,152.1,152.9,64,71,87,86,112.1,0.81,113.68,105.21,0.79
SOHU,101.32,108.59,126.14,123.71,105.94,112.66,64,73,39,61,15.46,0.83,15.56,13.12,0.63
AIT,101.32,101.32,104.96,107.18,111.4,117.48,64,55,48,67,261.43,0.76,264.98,245.27,0.43
TOL,101.29,103.23,110.25,106.5,88.71,100.2,64,55,18,33,137.22,0.62,133.13,118.85,0.4
GSM,101.28,105.03,99.46,102.67,90.68,93.82,64,48,20,24,4.31,0.68,4.24,3.91,0.55
PVH,101.24,105.82,101.1,84.19,92.51,92.53,64,14,22,22,86.78,0.5,79.72,79.58,0.66
ILAG,101.23,103.18,128.71,98.74,117.89,131.43,64,40,65,78,0.65,0.37,0.55,0.58,0.02
MTG,101.21,101.21,103.09,109.47,113.68,106.41,64,59,51,51,28.77,0.98,27.35,25.4,0.58
JFIN,101.19,112.61,160.13,216.15,242.28,223.53,64,94,95,94,10.48,0.4,12.8,11.44,0.73
BWEN,101.18,106.74,116.2,136.19,95.77,80.8,64,81,26,12,2.05,0.44,2.3,1.86,0.28
IMCR,101.18,101.18,99.19,106.93,111.13,85.9,64,55,47,15,34.02,0.67,33.84,31.51,1.22
ARI,101.17,103.45,106.69,107.3,110.02,109.46,64,56,45,56,10.24,0.76,10.26,9.38,0.67
VSCO,101.17,101.17,113.49,95.23,97.12,178.22,64,33,27,90,26.24,0.34,23.01,25.35,0.45
EBON,101.14,101.14,96.6,102.4,69.68,81.53,64,47,7,13,4.84,0.26,4.31,4.58,1.9
TXNM,101.14,101.55,105.26,115.91,137.44,132.23,64,66,81,78,56.63,0.97,56.7,52.85,0.79
POWW,101.13,104.34,102.6,88.52,124.86,104.8,64,18,73,48,1.44,0.41,1.35,1.45,0.69
PGNY,101.12,105.27,106.56,109.65,119.02,114.08,64,59,67,63,21.46,0.73,22.76,21.54,0.83
TDW,101.1,103.71,113.29,113.39,86.22,72.74,63,64,16,8,57.58,0.61,56.11,48.46,0.93
FOR,101.1,101.1,110.48,112.58,78.54,72.93,63,63,11,8,26.35,0.54,26.48,23.18,0.69
TYRA,101.09,101.09,96.64,95.85,70.09,86.11,63,34,7,16,12.97,0.27,11.59,11.52,0.76
ONFO,101.08,101.08,112.92,112.11,145.61,178.97,63,62,85,90,1.15,0.47,1.12,1.15,0.18
UMBF,101.08,102.52,106.26,106.11,106.05,118.27,63,54,39,68,119.43,0.84,116.18,108.41,0.56
PIII,101.06,107.8,88.38,74.52,69.51,55.8,63,8,7,4,9.76,0.22,7.75,8.52,0.82
SMCI,101.04,103.8,100.69,149.91,109.03,160.54,63,85,44,88,45.82,0.65,47.25,40.91,0.69
OII,101.02,101.02,99.42,99.13,92.31,103.87,63,41,22,47,25.66,0.66,23.27,22.23,0.69
FNWD,100.99,100.99,103.53,100.73,123.68,110.38,63,44,72,58,32.3,0.94,29.99,28.82,0.1
BAM,100.99,105.69,106.52,116.73,121.87,124.63,63,67,70,74,58.09,0.77,59.93,55.21,0.89
HTH,100.97,100.97,105.84,104.44,109.99,103.86,63,51,45,47,34.01,0.81,32.81,30.55,0.54
CSV,100.97,101.47,104.89,125.85,135.2,135.89,63,75,80,80,45.11,0.83,44.86,41.92,0.75
SBLK,100.95,104.77,105.52,106.29,91.76,94.17,63,54,21,25,19.27,0.67,19.01,16.47,0.47
FLNG,100.95,101.02,107.0,108.34,105.3,102.51,63,57,38,44,25.36,0.74,25.32,23.27,0.56
WOW,100.94,101.54,103.64,98.06,112.44,115.66,63,39,49,65,5.15,0.79,4.57,4.48,0.56
EHLD,100.92,101.97,98.89,127.05,114.16,101.26,63,76,58,38,7.23,0.21,7.17,6.88,0.12
BANF,100.92,101.11,105.79,115.32,120.09,114.63,63,66,68,64,130.79,0.85,129.16,120.99,0.79
HBAN,100.91,101.86,104.12,114.56,106.78,112.75,63,65,40,62,17.42,0.92,16.93,15.84,0.87
MSM,100.91,101.08,105.59,108.14,102.33,97.2,63,57,34,28,90.93,0.92,89.01,81.44,1.03
CALM,100.9,100.9,127.52,126.36,136.63,153.84,63,75,81,86,98.43,0.63,107.77,97.19,1.69
IAS,100.87,100.87,86.77,89.41,85.05,95.79,63,19,15,26,10.22,0.61,8.71,8.87,4.52
WHG,100.86,104.78,114.01,117.9,130.71,121.56,63,68,78,71,16.89,0.67,17.42,15.81,1.01
SRI,100.82,112.01,136.07,138.49,84.86,56.21,63,82,15,4,7.53,0.5,8.02,6.01,0.55
NTAP,100.81,103.77,105.73,95.55,94.06,103.66,63,34,24,47,119.88,0.83,112.96,106.11,0.75
GRBK,100.81,100.81,104.48,102.05,107.02,97.06,63,47,41,28,72.25,0.62,68.85,62.11,0.99
WXM,100.8,105.89,113.51,129.3,114.01,101.26,63,77,54,38,3.61,0.75,3.15,2.7,4.27
FWONK,100.8,100.8,103.01,116.49,119.22,123.08,63,67,67,72,104.93,0.99,101.03,95.52,0.91
ETHMU,100.78,102.74,108.41,107.6,114.6,101.62,63,56,59,42,11.75,0.49,12.12,10.6,0.0
TEX,100.77,101.63,102.93,113.72,97.5,78.89,63,64,28,11,51.81,0.77,50.96,45.36,0.66
MC,100.76,110.07,112.47,109.04,97.16,121.74,63,58,27,71,72.4,0.79,72.0,65.58,0.92
SVIIU,100.75,110.23,102.07,103.35,118.46,102.89,63,49,66,45,13.0,0.61,12.41,11.79,1.19
DKL,100.73,103.4,103.33,109.01,114.1,114.7,63,58,58,64,45.5,0.93,43.88,40.62,0.95
HLF,100.7,105.02,114.75,128.81,120.51,105.79,63,77,68,50,8.87,0.66,9.4,7.93,0.48
Z,100.66,109.11,117.1,122.6,127.39,151.29,63,73,75,86,79.49,0.66,83.4,75.44,0.76
MTCH,100.64,106.91,108.96,112.7,96.69,97.65,63,63,27,29,36.24,0.79,36.44,32.5,0.58
JEF,100.64,103.26,105.32,101.61,103.78,146.95,63,46,36,84,66.71,0.66,61.93,60.17,1.53
SMTK,100.63,109.05,80.29,37.16,92.89,100.53,63,2,22,33,1.88,0.19,1.13,2.02,0.03
SOBO,100.63,101.52,99.84,103.71,113.28,105.95,63,50,50,50,28.31,0.95,27.37,25.17,7.77
HIG,100.62,100.62,100.77,104.14,121.02,113.41,63,51,69,62,133.11,0.95,129.13,120.64,0.63
NTB,100.61,101.73,106.67,118.48,120.16,114.43,63,69,68,64,44.16,0.83,44.77,40.33,0.6
IFRX,100.57,105.23,138.98,62.22,115.11,167.19,63,5,60,89,1.3,0.29,1.1,1.45,0.34
CMPR,100.57,103.5,104.32,103.02,73.77,82.06,63,48,9,13,62.42,0.52,57.93,53.86,0.61
RMD,100.56,101.97,108.81,113.58,111.56,111.81,63,64,48,60,270.27,0.74,277.17,246.81,0.73
GBCI,100.56,100.56,100.71,101.86,104.9,114.58,63,46,37,64,49.91,0.62,47.02,45.61,1.61
DXST,100.56,104.32,110.43,101.7,114.01,101.26,63,46,54,38,1.4,0.14,1.29,1.3,0.1
ZG,100.53,108.29,115.44,120.42,129.13,151.41,63,71,76,86,77.16,0.69,80.26,73.14,1.1
FVCB,100.49,101.11,105.15,110.1,100.73,98.7,63,59,32,30,13.21,0.76,13.17,11.98,0.51
SNDA,100.47,103.84,97.04,102.28,97.04,113.63,63,47,27,63,27.61,0.89,25.7,24.32,0.57
FTS,100.46,100.71,101.23,105.82,130.64,111.6,63,54,78,60,49.67,0.9,49.42,45.75,0.78
NMM,100.46,101.48,103.15,97.55,87.19,95.32,63,38,17,26,47.76,0.53,45.48,41.26,1.12
ASC,100.45,102.2,105.97,93.37,78.67,76.96,63,29,11,10,12.46,0.42,11.39,10.54,0.58
PNC,100.45,101.43,103.9,106.73,103.91,110.63,63,55,36,58,203.32,0.91,198.12,183.96,0.63
EL,100.41,102.98,117.59,123.04,94.89,78.64,63,73,25,11,86.66,0.75,89.18,74.88,0.64
EC,100.41,100.81,103.05,97.99,120.55,114.84,63,39,69,64,9.41,0.86,8.95,8.63,0.96
VTOL,100.4,100.44,103.54,110.37,102.41,109.3,63,60,34,56,37.87,0.94,37.18,33.75,0.65
ALX,100.38,101.58,101.91,113.71,110.28,105.14,63,64,46,49,235.32,0.77,233.58,210.09,1.62
BOTJ,100.38,100.38,103.32,102.73,128.68,123.13,63,48,76,72,15.74,0.97,14.6,14.0,1.16
ROL,100.38,100.38,98.81,104.26,127.16,109.64,63,51,75,57,58.43,1.0,56.99,53.63,1.27
KAPA,100.37,112.63,212.96,129.96,100.0,109.19,62,78,31,56,1.1,0.37,1.23,1.1,0.71
BNL,100.37,100.37,104.21,105.12,116.57,109.55,62,52,63,56,18.12,0.85,17.45,16.15,1.35
ETN,100.36,103.26,104.92,114.7,104.81,107.98,62,65,37,54,365.58,0.82,363.71,327.55,0.68
VACHU,100.34,100.66,103.01,104.06,115.05,102.21,62,50,60,44,11.5,1.0,11.5,10.6,
CHEF,100.33,110.0,115.03,129.39,141.7,152.45,62,77,83,86,58.54,0.67,63.77,58.83,1.38
CSIQ,100.31,104.09,97.79,122.71,91.25,77.76,62,73,21,10,12.95,0.58,11.71,10.8,0.75
GNL,100.26,100.26,101.08,100.7,120.2,117.45,62,44,68,67,8.15,0.91,7.65,7.29,0.55
THG,100.24,100.24,100.8,104.18,128.01,123.97,62,51,76,73,179.31,0.95,172.16,164.15,1.06
AGCO,100.23,100.23,106.74,115.06,109.63,103.55,62,66,45,46,109.78,0.81,110.7,100.3,1.27
DG,100.22,103.71,114.5,122.22,130.48,88.35,62,72,77,18,102.12,0.71,108.99,93.11,1.06
ACT,100.22,100.22,101.77,103.87,118.37,106.9,62,50,66,52,39.1,0.98,37.2,34.87,1.1
RNGR,100.22,100.22,101.8,102.18,121.47,144.22,62,47,70,83,14.48,0.54,13.36,13.73,0.63
AEE,100.21,100.21,99.99,104.86,136.25,127.57,62,52,81,76,102.1,0.98,100.03,95.77,0.76
AMST,100.17,104.62,125.81,122.41,117.1,178.92,62,73,64,90,3.15,0.37,2.97,2.95,0.03
CVKD,100.17,104.12,100.98,100.98,179.46,207.36,62,44,91,93,14.03,0.45,12.31,15.03,0.63
FWONA,100.17,100.44,101.61,116.02,117.5,125.05,62,67,64,74,94.97,0.98,90.94,86.78,0.58
VINP,100.16,100.16,96.74,93.54,105.55,103.14,62,29,38,45,10.59,0.91,9.92,9.64,0.6
REI,100.15,100.15,92.72,86.71,80.96,81.1,62,16,13,12,1.14,0.38,0.93,1.04,1.38
PNR,100.13,101.0,105.54,112.3,106.85,111.98,62,62,40,60,109.76,0.92,106.78,98.6,0.47
SWIN,100.12,103.19,215.11,226.44,134.51,67.95,62,94,80,7,2.57,0.37,3.55,2.31,0.26
ADSK,100.1,100.32,105.09,107.23,112.78,109.21,62,55,49,56,322.88,0.96,305.11,291.66,0.54
CHMG,100.09,100.09,103.4,110.37,108.6,106.49,62,60,43,51,53.4,0.97,51.93,48.6,0.51
PFS,100.09,102.07,105.31,106.46,109.52,108.64,62,55,44,55,19.61,0.81,19.09,17.7,0.74
PPL,100.09,100.09,99.34,103.64,130.08,118.25,62,50,77,68,36.72,0.96,36.06,34.19,0.69
BSBK,100.08,107.21,115.32,114.59,111.0,104.7,62,65,47,48,9.0,0.82,8.87,7.9,0.26
STLD,100.07,100.82,100.57,102.83,104.4,105.19,62,48,37,49,139.63,0.71,130.5,127.34,1.1
NHI,100.07,100.07,97.9,99.32,121.45,112.35,62,41,70,61,79.85,0.94,75.65,71.67,1.06
EEX,100.06,102.0,103.09,113.77,102.17,87.35,62,64,34,17,5.12,0.91,5.02,4.57,0.33
RBA,100.03,108.17,108.52,114.7,128.24,119.14,62,65,76,69,107.44,0.72,113.47,102.41,1.6
QXO,100.02,103.74,130.41,134.54,136.01,60.97,62,80,81,5,18.79,0.56,20.59,16.88,0.76
D,100.01,101.62,98.78,104.56,114.95,107.98,62,51,60,54,60.33,0.92,59.47,55.08,0.63
CDRE,100.01,100.01,89.16,93.4,105.07,101.76,62,29,38,43,36.34,0.71,32.03,32.9,0.68
ROST,100.0,100.0,95.97,95.52,108.98,100.21,62,34,44,33,151.52,0.9,145.06,140.57,0.79
PRQR,100.0,100.0,106.79,143.8,116.18,131.96,62,84,62,78,2.11,0.29,2.17,2.05,1.6
SYPR,99.98,118.31,120.07,123.23,124.82,156.85,62,73,73,87,2.14,0.47,2.03,1.92,0.15
LEGH,99.98,99.98,105.4,103.92,114.45,107.57,62,50,58,53,27.33,0.83,25.94,24.76,0.68
NWE,99.97,99.97,99.76,100.96,124.7,113.15,62,44,73,62,58.02,0.99,55.27,53.47,0.55
NTNX,99.97,99.97,105.01,112.46,123.06,122.06,62,62,71,71,77.15,0.78,72.96,70.96,0.57
TM,99.96,101.35,101.73,102.65,107.25,103.05,62,48,41,45,198.1,0.89,192.52,183.48,0.53
OLLI,99.96,108.16,116.99,123.33,135.22,120.74,62,73,80,70,132.4,0.84,133.94,117.49,1.01
ACLX,99.95,99.95,99.31,105.64,103.34,112.53,62,53,35,61,79.75,0.5,72.59,68.25,0.92
OMDA,99.94,107.72,106.9,92.82,114.01,101.26,62,26,54,38,22.78,0.84,21.02,19.78,1.12
CPF,99.93,100.59,104.33,107.28,116.59,119.5,62,56,63,69,30.73,0.91,29.15,27.62,0.77
SWIM,99.92,105.62,125.26,127.96,143.52,176.01,62,76,84,90,7.52,0.77,7.53,6.68,0.62
ANY,99.92,99.92,89.77,103.91,98.93,89.96,62,50,30,20,0.71,0.23,0.62,0.7,0.52
LRE,99.9,103.09,125.74,123.39,120.82,86.89,62,73,69,16,1.78,0.53,1.64,1.56,1.55
ALRS,99.87,100.27,101.29,111.1,108.0,95.64,62,60,42,26,22.62,0.9,21.9,20.28,0.73
DMYY,99.86,100.91,110.84,119.06,137.57,105.33,62,70,82,50,13.02,0.56,12.91,12.17,1.44
MQ,99.85,104.48,125.31,137.54,123.51,96.24,62,81,72,27,5.36,0.57,5.96,4.8,0.43
NCTY,99.84,101.07,102.31,89.45,173.42,229.32,62,19,91,94,10.1,0.3,9.19,11.68,0.6
AIP,99.84,109.45,110.76,156.01,112.52,163.92,62,87,49,88,9.68,0.55,9.55,8.88,0.39
TSBK,99.83,101.53,107.73,104.67,119.71,106.79,62,51,68,52,34.2,0.75,33.32,30.9,0.53
DAC,99.82,102.49,107.25,106.67,108.57,108.45,62,55,43,55,91.95,0.86,93.15,83.76,0.87
OUT,99.81,101.78,104.81,106.65,102.51,114.75,62,55,34,64,18.48,0.91,18.13,16.79,0.55
BOKF,99.8,99.8,101.07,100.08,108.05,107.26,62,43,42,53,112.84,0.84,107.45,102.53,0.66
CLDX,99.79,99.79,95.66,98.14,76.99,71.41,62,39,10,8,26.14,0.53,23.26,21.95,0.73
SOTK,99.77,99.77,92.12,89.09,103.92,90.32,62,19,36,20,4.24,0.61,3.58,3.8,0.5
BSET,99.77,99.77,107.3,119.77,151.24,117.13,62,70,87,67,15.8,0.46,16.52,15.6,0.99
KT,99.75,100.87,110.36,125.16,138.87,127.66,61,74,82,76,19.32,0.73,20.21,18.41,0.66
CWBC,99.74,100.99,103.19,108.6,103.57,97.64,61,57,36,29,21.1,0.88,20.52,18.95,0.84
SSNC,99.73,100.39,103.27,104.97,121.19,121.69,61,52,69,71,87.87,0.89,87.14,81.66,0.76
NVS,99.72,99.89,106.06,109.36,123.57,115.11,61,58,72,65,123.65,0.83,122.06,111.38,0.65
SFWL,99.71,99.88,105.72,91.66,87.62,86.44,61,22,18,16,1.17,0.46,1.06,1.02,1.01
TFC,99.7,99.96,102.66,106.46,104.78,109.97,61,55,37,57,46.02,0.92,44.9,42.2,0.58
PBFS,99.69,101.5,104.4,103.88,119.87,112.02,61,50,68,60,13.07,0.82,12.83,11.92,0.77
MAMO,99.69,104.63,105.38,106.32,93.65,93.45,61,54,23,24,2.87,0.36,2.78,2.63,0.12
CCEC,99.68,102.17,102.94,128.12,134.27,113.5,61,76,80,63,22.18,0.71,22.14,20.32,0.54
CACI,99.66,102.2,106.32,108.55,119.96,98.56,61,57,68,30,485.59,0.65,482.72,434.92,0.76
TKNO,99.65,99.65,73.03,145.87,198.82,310.19,61,84,93,96,6.07,0.36,4.62,6.15,1.29
HR,99.62,100.27,106.69,101.57,115.46,107.97,61,46,61,54,17.86,0.83,17.0,15.86,0.7
KVHI,99.6,102.95,107.49,99.48,110.91,116.51,61,42,47,66,5.74,0.72,5.6,5.48,0.55
UVE,99.6,99.6,100.07,121.95,133.94,113.16,61,72,80,62,26.11,0.83,24.49,23.13,0.93
FFIC,99.6,99.67,101.83,93.21,102.6,101.55,61,29,34,42,13.96,0.52,12.98,12.77,0.72
ADI,99.59,100.08,106.16,110.61,105.76,106.86,61,60,38,52,247.56,0.92,239.03,219.44,0.76
JAZZ,99.59,99.82,100.82,97.17,110.48,121.27,61,37,46,71,127.0,0.63,121.62,119.73,0.82
NNI,99.57,99.94,105.2,106.1,112.17,113.13,61,54,49,62,126.14,0.87,125.58,115.07,0.82
AROC,99.53,99.53,98.29,101.84,126.29,141.67,61,46,74,82,26.5,0.7,24.05,24.82,1.0
CPK,99.52,99.52,92.92,96.24,128.29,111.34,61,35,76,59,134.08,1.0,123.65,123.16,1.41
INO,99.51,99.51,92.4,84.45,82.79,54.58,61,14,14,4,2.48,0.26,2.0,1.98,0.34
BKNG,99.51,101.36,106.9,120.13,127.68,118.66,61,71,75,69,5548.0,0.85,5549.0,5145.44,0.82
SPR,99.5,99.5,108.28,110.75,111.84,108.91,61,60,48,55,39.65,0.82,40.11,36.45,0.94
STRS,99.48,99.48,89.3,89.8,100.29,78.61,61,19,31,11,22.28,0.55,18.5,18.94,0.97
DDOG,99.47,99.47,104.31,121.41,106.7,109.74,61,72,40,57,139.07,0.64,136.49,126.89,0.55
FITB,99.46,100.45,103.36,105.67,101.98,104.56,61,53,33,48,45.43,0.88,43.86,40.95,0.6
GTM,99.44,101.54,107.57,104.47,94.94,97.2,61,51,25,28,11.56,0.73,10.81,10.19,0.58
ALLY,99.42,109.27,111.93,105.27,104.95,102.38,61,53,37,44,40.16,0.71,39.99,36.7,1.04
AXIL,99.4,121.0,119.46,164.61,131.24,166.98,61,88,78,89,5.75,0.34,7.26,6.2,0.99
CC,99.39,111.91,112.63,101.69,71.42,79.15,61,46,8,11,15.66,0.53,14.72,14.21,0.71
BANX,99.39,101.28,101.28,101.48,116.06,114.25,61,46,62,64,21.97,0.91,20.65,19.85,0.87
CSCO,99.38,101.68,107.24,116.8,119.02,120.86,61,67,67,70,67.22,0.78,68.1,62.91,0.76
EVC,99.36,105.63,116.65,120.89,118.68,115.83,61,71,66,65,2.38,0.79,2.39,2.14,0.42
SHOO,99.36,99.36,99.52,80.88,69.7,87.62,61,11,7,17,33.77,0.5,28.3,29.47,0.72
COLL,99.36,100.37,116.92,118.36,94.64,91.8,61,69,24,21,34.41,0.57,35.5,31.17,0.71
WTW,99.35,100.43,99.27,101.35,122.76,118.48,61,45,71,68,341.89,0.97,327.13,318.06,0.72
SPOK,99.33,99.33,108.26,114.63,116.39,107.92,61,65,62,54,17.43,0.8,17.68,16.19,0.57
CTRI,99.33,99.86,106.03,115.09,118.33,103.37,61,66,66,46,21.1,0.64,21.19,20.05,0.75
CFFN,99.32,99.79,102.62,107.11,108.52,100.61,61,55,43,33,6.39,0.76,6.22,5.81,1.22
ATRC,99.31,105.3,105.34,115.76,127.93,144.04,61,66,76,83,35.2,0.53,35.2,34.4,0.48
YRD,99.3,102.16,101.12,109.45,162.09,181.25,61,58,89,91,5.95,0.42,5.94,5.97,0.55
KGS,99.3,99.3,96.49,100.89,124.38,164.16,61,44,72,88,37.35,0.49,33.75,36.43,0.78
FRBA,99.29,99.72,104.89,107.91,115.38,110.61,61,56,61,58,16.46,0.87,16.02,14.92,0.83
AGNC,99.29,99.29,105.8,101.45,112.1,115.82,61,45,48,65,9.84,0.81,9.68,9.02,1.17
VTR,99.28,99.28,98.38,102.33,137.57,128.68,61,47,82,76,69.0,0.94,67.89,64.42,1.25
LNT,99.28,99.28,98.48,103.73,125.75,117.77,61,50,74,68,66.07,0.93,64.94,61.36,0.95
PLSE,99.27,99.27,97.6,97.05,148.85,192.62,61,37,86,92,17.77,0.33,15.76,17.06,0.62
GOLF,99.27,99.27,106.73,113.95,108.27,107.09,61,64,43,52,76.78,0.74,77.57,70.7,0.83
STEL,99.27,99.27,103.16,111.69,114.7,109.44,61,61,59,56,30.46,0.81,30.35,28.21,0.56
MDIA,99.24,99.33,100.69,107.04,118.02,131.15,61,55,65,78,1.3,0.42,1.33,1.18,0.22
PSHG,99.23,102.38,105.29,112.45,114.6,87.18,61,62,59,17,1.96,0.81,1.86,1.7,0.41
CLST,99.22,100.15,100.95,100.06,109.87,102.82,61,43,45,45,13.2,1.0,12.74,12.01,1.98
PDFS,99.2,99.2,83.82,90.78,77.66,82.88,61,21,11,13,26.12,0.58,21.39,22.3,0.99
IBOC,99.19,99.19,103.0,107.08,110.25,108.22,61,55,46,54,70.11,0.81,69.7,65.03,0.72
USB,99.19,101.21,101.45,105.07,99.07,107.61,61,52,30,53,49.44,0.85,47.33,44.9,0.9
CHWY,99.18,99.18,107.49,129.31,161.98,165.56,61,77,89,89,39.66,0.61,38.29,37.7,0.95
DYCQU,99.16,99.16,95.24,96.63,116.61,103.43,61,36,63,46,11.81,1.0,10.99,10.76,49.68
UGI,99.15,99.15,108.99,124.92,140.21,137.89,60,74,83,81,33.23,0.76,34.56,32.59,0.98
BEDU,99.14,99.14,95.73,98.03,109.75,96.54,60,39,45,27,1.9,0.72,1.77,1.72,2.3
WAL,99.14,102.17,105.27,109.3,108.01,116.49,60,58,42,66,88.27,0.82,84.75,80.08,0.97
AD,99.14,99.79,114.72,122.13,141.08,132.47,60,72,83,78,47.97,0.56,51.29,46.38,1.29
OPBK,99.1,102.73,102.73,108.3,111.41,135.67,60,57,48,80,14.24,0.52,13.82,13.3,0.35
CBAN,99.09,100.55,102.87,112.28,125.29,121.09,60,62,73,71,17.65,0.86,16.94,16.18,0.42
ANIX,99.09,99.09,99.29,114.48,118.68,109.5,60,65,66,56,3.4,0.69,3.15,2.94,0.75
GROW,99.08,100.77,97.25,101.35,97.53,94.11,60,45,28,25,2.69,0.99,2.46,2.33,1.9
MDT,99.06,100.97,100.18,101.74,116.36,112.08,60,46,62,60,94.22,0.91,92.52,87.34,0.7
HHH,99.06,99.06,100.16,95.3,106.15,104.4,60,33,39,48,80.54,0.73,74.86,73.04,0.97
CNTY,99.06,100.86,103.26,117.47,100.69,102.88,60,68,32,45,2.58,0.38,2.52,2.42,0.37
HSY,99.04,100.24,100.11,104.05,108.2,100.29,60,50,42,33,188.11,0.9,184.02,168.43,0.67
ELTK,99.03,99.03,91.98,105.52,107.56,97.94,60,53,42,29,11.0,0.87,10.3,10.09,0.43
NOAH,99.02,103.28,124.41,130.6,117.32,122.89,60,78,64,72,11.25,0.7,11.98,10.38,0.51
HBT,99.02,99.96,105.33,113.59,120.83,113.66,60,64,69,63,25.64,0.84,25.54,23.78,0.5
TRV,99.02,99.02,99.01,102.99,123.22,115.75,60,48,71,65,277.76,0.97,269.06,256.91,0.63
SN,99.0,106.5,117.52,124.5,107.63,143.51,60,74,42,83,105.9,0.72,115.94,100.7,0.99
CTBI,98.99,98.99,103.67,108.17,116.35,111.12,60,57,62,59,56.49,0.84,55.91,52.45,0.93
WK,98.99,98.99,95.54,99.2,92.69,127.86,60,41,22,76,85.79,0.45,76.33,81.52,0.94
INTT,98.98,104.65,97.58,97.58,93.4,97.15,60,38,23,28,8.22,0.66,7.3,7.36,0.58
NKSH,98.97,100.36,103.99,103.09,105.69,93.27,60,49,38,24,30.58,0.88,29.66,27.6,0.58
ZGN,98.97,103.82,99.12,103.87,99.61,88.14,60,50,30,18,9.1,0.84,8.61,8.26,0.59
IPI,98.95,98.95,97.03,133.51,159.81,136.08,60,80,88,80,31.29,0.57,30.56,30.12,1.09
ARHS,98.94,101.0,109.65,118.36,78.26,107.78,60,69,11,54,10.62,0.6,10.89,9.86,0.67
CINF,98.93,98.93,97.8,102.2,115.73,112.31,60,47,61,61,156.9,1.0,151.81,143.71,0.62
OVLY,98.93,98.93,102.18,103.79,110.65,104.23,60,50,46,48,29.28,0.77,28.0,26.5,0.51
CVX,98.93,99.22,103.18,100.27,117.17,113.77,60,43,64,63,160.16,0.87,155.09,147.75,0.74
BFH,98.91,102.64,114.78,115.47,107.44,140.95,60,66,41,82,59.59,0.71,62.09,56.59,0.85
BEN,98.9,103.23,115.45,118.9,108.94,92.06,60,70,43,22,23.27,0.71,24.79,21.43,0.9
MVIS,98.86,107.6,103.47,110.04,123.88,149.57,60,59,72,85,1.28,0.47,1.18,1.23,0.64
AEP,98.85,99.15,102.84,106.73,130.92,119.15,60,55,78,69,109.14,0.81,110.2,102.63,0.99
OVV,98.84,98.84,99.18,98.59,106.18,104.05,60,40,39,47,43.17,0.85,40.66,39.43,0.85
AGIO,98.84,98.84,94.98,109.1,90.11,96.57,60,58,20,27,38.93,0.39,37.48,34.05,0.96
LNG,98.83,98.83,102.39,112.51,128.57,133.78,60,62,76,79,238.43,0.82,234.56,228.37,0.63
PKBK,98.82,98.89,104.25,107.44,113.02,101.94,60,56,50,43,22.09,0.84,21.82,20.01,0.51
USFD,98.82,100.22,103.35,122.53,120.26,119.17,60,73,68,69,76.6,0.67,79.47,72.77,0.81
ITRN,98.79,98.79,101.78,124.6,137.41,152.88,60,74,81,86,35.08,0.6,37.02,35.13,0.53
RVMD,98.77,98.77,98.38,90.19,101.22,111.0,60,20,33,59,43.92,0.43,39.19,39.73,0.97
ALGM,98.75,105.07,121.81,153.68,126.76,112.67,60,86,75,61,29.71,0.63,31.57,27.01,0.6
VLGEA,98.73,98.73,105.06,115.93,141.76,118.9,60,67,83,69,37.92,0.85,36.54,35.11,1.86
ICCM,98.7,102.21,117.91,111.95,144.72,191.14,60,62,84,92,1.02,0.48,0.98,1.12,0.16
GASS,98.69,101.26,121.12,121.22,110.07,101.09,60,72,45,34,6.74,0.62,7.04,6.06,1.22
DTE,98.69,98.69,98.18,103.66,127.09,119.13,60,50,75,69,139.31,0.96,136.99,130.03,0.84
ATHA,98.69,101.86,91.35,102.23,64.49,62.07,60,47,6,5,3.86,0.27,3.96,3.88,0.62
UBFO,98.67,101.01,101.47,101.41,112.93,120.91,60,45,50,70,9.59,0.87,9.13,9.0,0.82
TCMD,98.67,99.51,99.74,99.11,100.27,116.26,60,41,31,66,13.78,0.43,12.45,13.38,0.57
MXL,98.67,106.14,120.77,120.77,87.33,123.01,60,71,17,72,16.09,0.44,15.92,15.04,0.46
MYFW,98.65,99.66,105.5,119.03,119.84,110.82,60,70,68,58,22.63,0.7,22.6,20.97,0.49
GBTG,98.65,101.93,104.2,104.72,101.26,125.95,60,52,33,75,8.14,0.62,7.62,7.55,0.71
TMP,98.63,99.46,101.47,107.45,117.64,118.43,60,56,65,68,68.63,0.68,67.11,64.5,0.78
ESNT,98.62,98.62,100.17,101.0,108.26,101.88,60,45,43,43,64.77,0.95,61.24,57.75,0.69
EH,98.62,105.6,100.34,118.79,150.9,177.08,60,69,86,90,18.07,0.39,17.47,17.99,0.72
SST,98.61,98.61,143.67,129.17,133.83,59.93,60,77,79,5,7.38,0.51,7.12,6.08,0.18
SYY,98.6,99.28,101.14,103.1,107.2,99.99,60,49,41,32,81.94,0.96,80.57,74.93,0.97
RMBI,98.59,100.66,107.87,105.16,119.68,109.67,60,52,67,57,14.28,0.81,14.26,13.41,0.62
BAND,98.58,100.32,102.82,96.79,87.03,98.75,60,37,17,30,17.52,0.58,15.25,15.37,0.46
PWM,98.54,98.54,101.92,83.33,58.22,160.62,60,13,4,88,0.55,0.16,0.48,0.67,0.26
PLAB,98.54,104.69,107.13,93.23,86.09,86.09,60,29,16,16,23.22,0.57,21.74,21.1,1.19
ISRL,98.53,98.76,96.92,104.11,118.09,104.69,59,50,65,48,13.0,0.81,12.6,12.04,0.0
OPRA,98.51,100.7,106.21,119.93,116.14,143.02,59,70,62,83,18.82,0.67,17.43,17.61,0.36
PDM,98.5,101.62,98.88,99.77,96.08,109.13,59,42,26,56,8.77,0.61,8.14,7.69,0.61
RIO,98.5,100.69,98.5,95.51,105.51,106.15,59,34,38,51,64.8,0.86,61.69,58.93,1.98
PACK,98.47,98.47,102.1,102.1,81.2,125.75,59,47,13,74,5.29,0.42,4.51,5.06,0.46
HST,98.45,98.45,99.47,98.95,92.47,89.12,59,41,22,19,17.55,0.88,16.65,15.81,0.63
DBRG,98.45,100.72,101.14,98.55,99.42,82.64,59,40,30,13,11.8,0.5,11.27,10.48,1.72
BBSI,98.42,100.35,110.96,111.7,121.31,120.79,59,61,69,70,44.73,0.67,46.46,42.79,0.89
MRC,98.42,103.12,108.33,112.15,102.46,111.4,59,62,34,59,14.62,0.88,14.46,13.06,0.66
ASRV,98.4,98.4,105.11,124.28,116.32,101.23,59,74,62,34,2.93,0.73,2.94,2.68,0.85
PTNM,98.4,112.54,104.07,92.82,114.01,101.26,59,26,54,38,9.74,0.67,3.24,4.9,0.45
MSTR,98.4,113.82,123.36,185.63,218.62,320.34,59,91,94,96,309.06,0.49,361.03,352.37,1.03
PFBC,98.37,99.92,103.8,107.32,111.37,107.88,59,56,48,54,91.39,0.75,93.1,86.53,0.55
EXEL,98.37,98.94,101.76,139.89,152.99,144.69,59,82,87,84,39.04,0.65,39.11,38.28,0.54
BEAM,98.34,101.39,104.16,98.96,82.88,116.19,59,41,14,66,22.97,0.43,19.64,21.61,0.75
SVII,98.32,102.16,95.78,97.56,117.2,104.6,59,38,64,48,12.63,0.76,12.09,11.65,1.01
NVAX,98.3,99.47,96.01,112.05,101.6,129.92,59,62,33,77,8.55,0.34,7.97,7.63,0.48
CATY,98.29,98.66,102.66,110.56,105.27,109.72,59,60,38,57,48.59,0.76,47.89,45.19,0.59
LHSW,98.28,114.23,114.23,117.74,114.01,101.26,59,68,54,38,2.12,0.29,2.44,2.49,2.76
MAPS,98.27,103.42,103.42,110.89,117.08,144.4,59,60,64,83,1.14,0.46,1.11,1.18,1.26
CME,98.27,98.34,101.48,112.65,138.42,126.28,59,63,82,75,270.28,0.78,270.09,258.99,0.78
GRCE,98.26,98.26,102.99,115.46,107.91,123.1,59,66,42,72,3.09,0.48,3.13,3.05,0.34
HD,98.26,100.45,102.7,99.76,106.29,105.32,59,42,39,49,410.09,0.85,397.38,378.95,0.64
FLUT,98.25,98.77,112.03,119.18,114.19,122.91,59,70,58,72,280.17,0.72,294.46,266.16,0.58
SNA,98.24,98.24,96.71,98.9,120.01,112.71,59,41,68,61,341.91,0.75,327.58,326.05,0.6
FBIZ,98.2,98.52,100.46,116.13,127.87,128.21,59,67,76,76,51.92,0.76,50.5,48.88,0.88
BBOT,98.18,99.46,94.36,103.4,115.22,105.34,59,49,60,50,11.7,0.88,10.31,10.65,0.49
HNVR,98.18,98.18,98.14,109.85,126.93,135.03,59,59,75,80,23.05,0.62,22.1,22.65,1.47
API,98.13,105.39,99.03,124.41,163.19,216.44,59,74,89,93,3.75,0.35,3.74,4.19,0.78
BDC,98.13,104.65,109.61,112.7,103.94,114.69,59,63,36,64,124.11,0.8,126.92,114.22,0.55
DVLT,98.09,98.09,43.01,57.8,77.42,88.84,59,4,10,18,1.09,0.35,0.48,0.92,7.99
HI,98.07,98.07,95.89,94.79,77.5,89.23,59,32,11,19,26.0,0.48,23.48,24.82,3.45
TALO,98.06,98.06,99.03,95.24,93.38,88.0,59,33,23,18,10.24,0.69,9.01,8.87,0.75
EBMT,98.06,98.77,99.49,105.63,129.13,117.88,59,53,76,68,17.42,0.87,16.88,16.41,0.74
ACNT,98.05,100.87,99.76,106.27,138.06,123.58,59,54,82,73,12.73,0.82,12.54,12.24,0.29
RDN,98.03,98.03,98.35,104.43,110.22,101.9,59,51,45,43,36.99,0.97,34.59,33.1,0.81
SPNT,98.0,98.0,104.81,132.36,144.87,122.03,59,79,84,71,18.32,0.68,18.65,17.18,0.69
HGV,98.0,100.63,109.09,122.83,101.72,96.57,59,73,33,27,43.49,0.59,46.08,41.15,0.46
BCAL,97.98,101.07,103.22,109.44,98.63,102.39,59,58,29,44,16.93,0.82,16.43,15.54,0.55
DKS,97.96,104.4,105.74,107.45,99.04,116.82,59,56,30,66,228.27,0.78,219.0,207.34,0.78
MNSBP,97.95,98.39,98.79,101.99,123.71,112.7,59,47,72,61,25.15,1.0,24.25,23.38,0.52
GXAI,97.94,101.52,127.08,175.02,90.91,128.25,59,90,20,76,1.69,0.16,1.51,1.58,0.04
HCWC,97.94,115.06,128.91,75.35,73.72,86.38,59,9,9,16,0.67,0.12,0.48,0.6,1.8
DCOM,97.93,98.54,103.03,104.8,118.72,128.26,59,52,66,76,30.41,0.57,29.47,28.53,0.67
RYI,97.93,100.49,100.17,107.35,120.55,111.4,59,56,69,59,22.73,0.68,22.2,21.71,0.53
NYT,97.93,97.93,102.44,104.03,109.79,97.67,59,50,45,29,58.19,0.78,57.33,53.31,0.54
ANNX,97.92,97.92,79.55,92.5,66.39,89.67,59,23,6,19,3.37,0.32,2.42,2.78,3.43
PEBK,97.92,99.36,103.79,105.3,108.3,106.94,59,53,43,52,31.18,0.87,30.17,28.64,0.79
DVN,97.91,97.91,96.11,92.05,101.84,98.38,59,22,33,30,36.99,0.69,33.99,33.21,1.26
DEC,97.9,99.85,115.05,114.82,117.25,129.91,59,65,64,77,14.33,0.66,14.99,13.96,1.21
SWX,97.88,98.71,100.02,102.55,111.49,107.02,59,48,48,52,78.13,0.88,78.19,73.45,1.71
NVGS,97.88,100.07,103.05,101.9,93.78,99.96,59,46,23,32,16.02,0.85,16.14,14.92,0.59
MTB,97.87,98.2,101.17,110.05,110.11,117.19,59,59,45,67,200.14,0.75,194.43,185.52,0.7
LOW,97.87,101.56,104.02,100.83,103.15,100.37,59,44,35,33,257.12,0.69,250.65,237.84,0.67
STE,97.86,97.86,97.53,100.64,112.86,102.69,59,44,49,45,249.08,0.93,240.48,228.06,0.78
RUSHB,97.86,100.15,103.88,105.66,127.75,117.68,59,53,75,67,57.74,0.86,56.68,55.14,0.63
GNSS,97.85,110.78,109.13,74.47,96.15,129.18,59,8,26,77,2.43,0.38,1.96,2.23,0.96
LPLA,97.82,98.08,104.95,124.35,131.54,133.23,59,74,78,79,340.52,0.66,360.06,351.48,0.54
WTTR,97.81,97.81,85.99,87.2,97.98,137.42,58,16,28,81,11.05,0.51,9.01,10.07,1.15
PAY,97.81,104.8,113.01,127.23,151.91,163.99,58,76,87,88,31.25,0.57,33.83,32.23,1.16
PENN,97.8,97.8,103.64,100.63,94.56,108.44,58,44,24,54,19.8,0.67,18.86,18.06,0.62
TEF,97.8,99.34,107.88,119.98,131.85,113.62,58,70,78,63,5.04,0.66,5.34,4.73,1.2
AII,97.79,98.95,98.48,97.05,114.01,101.26,58,37,54,38,21.98,0.93,19.13,18.13,1.46
LWAY,97.79,101.97,130.89,145.3,136.51,141.36,58,84,81,82,26.94,0.5,28.91,24.71,0.72
EGHT,97.79,99.16,96.67,93.62,92.13,127.01,58,29,22,75,2.25,0.35,2.0,2.17,0.64
VVX,97.78,101.53,106.12,112.65,106.64,103.62,58,63,40,46,54.8,0.48,54.46,50.19,1.07
STC,97.76,97.76,101.76,101.45,114.48,107.63,58,45,58,53,74.32,0.89,69.77,66.28,0.68
ZM,97.76,98.01,100.72,100.72,114.31,118.43,58,44,58,68,84.51,0.8,78.29,78.77,0.68
AUB,97.72,97.72,97.7,101.3,90.2,99.96,58,45,20,32,35.97,0.67,34.1,32.7,0.78
FLG,97.72,97.97,104.13,104.13,124.46,121.39,58,51,73,71,11.58,0.63,12.07,11.38,0.61
AARD,97.71,97.71,90.53,121.42,120.3,101.26,58,72,68,38,13.23,0.61,10.84,10.85,0.88
CNOBP,97.71,98.73,100.15,102.6,118.04,114.42,58,48,65,64,23.81,0.98,23.47,22.37,0.31
CBNK,97.68,99.36,109.73,128.36,129.39,125.32,58,77,77,74,32.1,0.71,33.11,30.97,0.57
RDWR,97.67,99.97,102.3,130.91,126.85,111.44,58,78,75,59,26.9,0.66,26.04,24.15,0.49
NDAQ,97.65,99.39,109.54,116.44,115.14,114.44,58,67,60,64,87.51,0.7,93.31,82.97,0.67
EFC,97.64,97.64,104.37,106.11,122.21,118.89,58,54,71,69,13.17,0.77,13.26,12.4,0.87
BHP,97.64,100.74,102.32,100.47,98.72,96.67,58,44,29,27,54.74,0.69,53.73,50.06,1.02
GME,97.64,100.39,99.28,93.92,152.75,176.07,58,30,87,90,26.42,0.41,23.66,25.88,0.94
CR,97.64,97.64,106.22,116.22,114.48,110.41,58,67,58,58,182.03,0.75,188.57,170.48,0.8
AMTX,97.64,97.64,113.99,148.94,97.47,80.94,58,85,28,12,2.54,0.38,2.58,2.22,1.76
O,97.62,97.62,95.68,100.32,116.7,107.55,58,43,63,53,60.32,0.9,58.17,55.36,1.08
ALL,97.61,97.61,95.09,101.6,119.8,119.2,58,46,68,69,212.76,1.0,202.38,196.48,0.79
PCB,97.58,97.64,104.72,114.81,115.92,109.43,58,65,62,56,21.19,0.8,21.41,19.86,0.82
PHOE,97.57,97.79,140.3,168.67,114.01,101.26,58,89,54,38,8.75,0.67,8.13,6.61,0.37
GSRTU,97.54,104.31,110.34,114.5,114.96,102.07,58,65,60,43,12.21,0.63,12.45,11.05,0.66
NWSA,97.53,97.53,98.06,100.69,105.84,100.59,58,44,39,33,30.45,0.95,29.51,28.23,0.72
SPKL,97.53,97.66,93.59,95.4,117.15,104.38,58,34,64,48,11.7,0.95,11.06,10.84,0.07
SHEL,97.52,97.52,102.13,101.5,116.87,112.63,58,46,63,61,73.4,0.97,71.9,67.21,1.08
SBRA,97.52,97.52,106.99,110.24,125.35,115.5,58,60,73,65,18.83,0.82,18.62,17.27,0.74
DUK,97.5,98.21,99.65,103.12,129.44,117.09,58,49,77,67,123.02,0.92,121.78,115.44,0.9
CF,97.47,98.09,93.77,116.56,125.02,112.83,58,67,73,62,92.13,0.71,87.43,85.31,0.8
TCBK,97.42,97.48,100.16,99.74,105.69,102.52,58,42,38,44,44.88,0.75,43.46,41.53,0.8
EXC,97.4,98.24,99.0,102.93,138.67,123.68,58,48,82,73,44.09,0.78,43.94,42.32,1.17
BPYPP,97.38,97.87,97.87,101.18,107.88,110.46,58,45,42,58,15.42,0.79,14.74,14.16,0.15
MHK,97.37,99.18,106.4,101.44,95.0,92.23,58,45,25,22,128.59,0.48,126.84,116.31,0.6
XHR,97.36,99.72,102.57,100.53,87.56,97.94,58,44,18,29,14.36,0.78,13.69,13.0,0.43
CERT,97.33,97.33,96.54,98.99,121.24,100.06,58,41,69,32,11.8,0.51,10.85,11.57,0.88
ALDX,97.33,101.82,160.75,163.84,170.46,161.11,58,88,90,88,5.07,0.66,5.37,4.59,0.65
ENVX,97.32,109.37,107.07,159.01,107.52,114.21,58,87,41,63,10.09,0.44,10.9,9.67,0.44
UCB,97.32,98.89,102.33,109.81,102.96,112.74,58,59,35,61,31.83,0.82,31.5,29.94,0.69
TGTX,97.31,97.31,89.06,127.57,210.64,192.88,58,76,94,92,35.5,0.59,31.75,34.38,0.63
OGE,97.3,97.3,96.99,101.4,130.81,120.94,58,45,78,70,45.73,0.98,44.85,43.5,0.64
ULCC,97.29,107.14,114.24,96.04,90.63,168.91,58,35,20,89,4.9,0.27,4.64,5.31,0.69
INVE,97.28,98.17,101.16,101.7,92.35,83.53,58,46,22,14,3.64,0.54,3.64,3.47,0.68
VCTR,97.27,98.91,108.12,112.93,115.22,134.05,58,63,60,79,65.74,0.7,69.19,63.38,0.53
KLIC,97.27,100.45,101.09,90.48,81.97,92.28,58,20,13,22,40.95,0.61,36.98,37.3,0.59
EFSC,97.27,98.42,102.87,111.37,118.82,122.05,58,61,66,71,58.84,0.84,58.11,55.51,0.63
VBNK,97.27,97.27,93.83,94.83,97.6,109.48,58,32,28,56,12.76,0.43,11.5,11.8,0.55
JMSB,97.25,98.76,102.92,104.53,97.75,98.94,58,51,28,31,20.28,0.54,19.64,18.34,0.79
FSEA,97.23,98.55,103.31,105.34,129.92,125.02,58,53,77,74,11.5,0.91,11.5,10.98,3.04
BSY,97.2,97.2,105.69,114.99,106.58,87.6,58,65,40,17,52.35,0.69,54.53,48.45,0.47
BHF,97.2,97.2,95.63,101.41,126.89,126.99,58,45,75,75,55.74,0.63,48.04,53.13,1.01
ATHM,97.2,99.76,103.57,104.03,115.21,118.38,58,50,60,68,29.04,0.57,28.57,27.38,0.99
KALU,97.18,97.18,100.03,125.03,106.88,92.68,58,74,40,23,77.7,0.67,77.76,71.67,0.95
BKU,97.18,97.44,100.35,106.46,108.68,118.88,58,55,43,69,38.59,0.73,37.98,36.2,1.01
PANW,97.16,97.16,96.33,108.82,112.45,109.5,57,58,49,56,202.37,0.89,189.69,187.62,0.58
PAG,97.16,97.16,105.33,111.58,110.18,106.67,57,61,45,52,171.74,0.67,177.71,163.83,0.84
LYEL,97.15,100.84,99.97,92.53,64.05,55.66,57,23,6,4,12.83,0.22,11.7,11.11,0.95
HIFS,97.13,104.59,108.14,115.86,120.75,117.72,57,66,69,68,265.18,0.6,265.1,253.18,2.61
HSPOU,97.12,97.12,96.16,99.46,117.37,113.08,57,42,64,62,12.8,1.0,12.22,11.88,50.0
BRC,97.08,100.13,104.99,99.62,108.28,104.65,57,42,43,48,77.48,0.72,74.98,71.95,0.66
PVBC,97.07,97.37,105.3,108.45,121.95,112.37,57,57,70,61,12.69,0.9,12.64,11.88,0.34
EDSA,97.02,97.28,97.18,94.13,97.23,92.46,57,31,27,22,2.49,0.29,2.35,2.17,0.11
FULTP,97.0,98.88,100.17,98.9,113.46,111.48,57,41,50,59,20.24,0.85,19.49,18.94,0.14
RNST,96.98,98.07,103.23,115.91,110.0,110.0,57,66,45,57,37.39,0.82,37.6,35.39,0.79
KINS,96.96,96.96,96.9,142.7,258.35,320.41,57,83,96,96,14.91,0.48,14.55,15.7,0.74
ENTA,96.95,96.95,106.56,104.66,95.49,72.36,57,51,25,8,7.9,0.42,7.94,6.66,7.17
XYZ,96.95,99.83,107.34,115.88,95.65,121.81,57,66,25,71,73.67,0.52,76.43,70.94,0.61
MIST,96.94,100.74,102.71,217.56,137.91,150.49,57,94,82,85,2.0,0.71,1.71,1.71,0.89
FISI,96.94,96.94,98.53,111.15,117.39,123.3,57,60,64,72,27.45,0.85,26.32,25.71,0.82
SO,96.94,97.27,97.73,101.24,127.05,116.53,57,45,75,66,94.53,0.96,93.26,88.23,1.08
MSBIP,96.93,96.93,94.62,95.93,109.4,100.68,57,35,44,33,24.65,1.0,23.61,23.02,0.25
SEE,96.93,96.93,96.3,97.46,94.22,91.47,57,38,24,21,34.42,0.84,31.59,31.32,1.3
CAKE,96.93,98.4,115.82,134.4,131.14,132.86,57,80,78,79,54.75,0.56,60.76,54.39,0.77
XENE,96.92,96.92,102.69,101.99,96.6,90.28,57,47,27,20,37.98,0.56,35.74,35.57,0.82
RBCAA,96.92,97.37,104.71,113.79,119.04,115.24,57,64,67,65,73.83,0.8,73.18,68.98,0.56
CHT,96.91,97.61,102.32,112.77,116.89,104.05,57,63,63,47,43.77,0.8,44.35,40.6,0.95
SSB,96.9,96.9,100.25,103.15,106.92,109.71,57,49,40,57,101.17,0.71,98.32,94.6,0.45
KEYS,96.9,98.6,99.0,102.1,102.9,111.29,57,47,35,59,173.34,0.8,167.06,161.57,1.01
CHNR,96.88,104.95,101.56,80.86,110.02,86.8,57,11,45,16,4.9,0.32,4.02,4.37,1.04
MWA,96.88,96.88,103.49,104.6,134.5,143.46,57,51,80,83,25.38,0.63,25.64,24.89,0.52
NGG,96.83,97.06,99.96,114.57,132.16,108.58,57,65,78,55,71.55,0.86,71.09,66.14,0.68
FORA,96.82,97.95,98.06,91.75,99.52,137.09,57,22,30,81,2.2,0.24,2.04,2.09,0.26
HASI,96.8,96.8,95.1,98.4,109.38,104.39,57,40,44,48,30.51,0.69,27.61,26.84,1.17
LCNB,96.8,97.41,99.29,100.85,114.02,102.84,57,44,58,45,15.71,0.72,15.38,14.7,0.51
UNM,96.8,96.8,94.66,114.73,138.73,140.72,57,65,82,82,78.26,0.84,73.37,76.05,0.47
LTC,96.79,96.79,95.25,97.51,117.47,105.1,57,38,64,49,36.61,0.89,35.48,34.31,1.63
ELSE,96.78,101.43,105.22,110.23,113.01,129.43,57,60,50,77,4.73,0.55,4.72,4.58,0.33
TFSL,96.78,97.6,100.14,101.25,111.93,100.92,57,45,48,34,13.22,0.75,13.03,12.47,1.14
PHIO,96.77,100.99,102.48,127.98,135.4,158.13,57,76,80,87,2.23,0.22,2.23,2.07,0.08
IRWD,96.75,106.06,107.01,103.97,30.0,70.63,57,50,2,7,1.39,0.18,1.09,1.6,0.8
ABT,96.75,97.99,97.31,107.29,131.15,122.33,57,56,78,72,133.55,0.81,130.96,128.1,0.71
LOB,96.73,99.05,105.47,103.63,82.74,86.26,57,50,14,16,36.17,0.48,34.99,32.28,0.58
VTMX,96.72,97.11,99.01,100.1,109.55,87.82,57,43,44,17,27.85,0.8,27.7,26.02,1.47
TPG,96.68,105.45,107.48,108.19,99.82,128.06,57,57,31,76,58.6,0.64,59.89,55.1,1.15
FSV,96.66,100.99,104.67,104.75,109.38,99.58,57,52,44,32,189.7,0.62,197.52,180.81,0.75
VOYA,96.65,98.32,101.08,101.83,98.51,98.51,57,46,29,30,75.78,0.78,73.71,68.56,0.64
IHG,96.65,96.65,99.69,101.52,108.32,119.5,57,46,43,69,123.23,0.74,119.58,117.74,1.28
EVCM,96.65,101.42,104.9,101.46,106.92,100.36,57,45,40,33,11.41,0.75,11.26,10.57,0.83
NWS,96.63,96.83,98.84,107.21,114.87,110.6,57,55,59,58,33.63,0.83,33.52,32.15,2.25
AES,96.58,98.55,106.92,108.35,95.4,87.64,57,57,25,17,13.24,0.39,13.14,11.6,0.63
TSLX,96.58,99.39,106.08,113.2,114.48,114.08,57,63,58,63,22.8,0.73,23.64,21.72,1.06
INUV,96.57,106.05,101.82,152.28,164.79,221.85,57,86,89,94,3.94,0.37,4.14,4.26,2.76
CODA,96.57,103.98,106.16,114.24,114.24,117.96,57,65,58,68,8.01,0.56,7.81,7.51,0.67
HFWA,96.57,96.57,97.81,112.18,121.62,117.54,57,62,70,67,24.85,0.75,23.9,23.6,0.65
SAR,96.57,98.03,102.96,105.22,121.3,115.08,57,52,69,65,24.38,0.83,24.73,23.44,0.75
MMM,96.54,99.34,102.73,112.51,133.58,138.34,57,62,79,81,152.81,0.82,153.48,145.39,0.63
HXL,96.53,96.53,102.32,100.55,91.12,96.49,57,44,21,27,63.37,0.71,62.02,58.94,1.74
QSI,96.5,108.23,93.8,166.62,168.58,350.48,57,89,90,97,1.49,0.23,1.35,1.64,0.84
PKG,96.49,96.49,96.9,96.26,100.89,113.63,57,35,32,63,215.95,0.61,205.61,202.51,0.78
XPL,96.46,107.53,114.08,113.61,100.69,108.37,57,64,32,54,0.71,0.55,0.74,0.67,0.86
CNOB,96.44,97.18,99.74,104.99,118.97,115.76,57,52,67,65,25.26,0.62,24.52,23.69,0.79
KMI,96.43,96.43,97.08,112.1,134.16,136.99,57,62,80,80,28.21,0.79,27.11,27.02,0.96
BGFV,96.42,96.42,100.07,102.01,87.37,62.5,56,47,17,5,1.44,0.41,1.42,1.32,4.36
ONB,96.42,96.42,99.94,112.77,115.29,123.95,56,63,60,73,22.14,0.72,21.85,21.54,1.2
OPI,96.41,97.19,173.01,54.98,34.8,52.1,56,3,2,3,0.41,0.12,0.3,0.51,0.3
GAIN,96.39,98.1,101.48,105.35,115.42,108.3,56,53,61,54,13.79,0.83,13.97,13.13,0.82
FCF,96.37,97.01,101.01,102.92,107.81,105.32,56,48,42,49,17.4,0.7,17.05,16.14,0.85
CFFI,96.37,99.47,99.94,105.31,127.24,144.04,56,53,75,83,68.6,0.45,68.16,68.35,0.33
CELU,96.36,97.86,177.41,161.34,132.94,103.7,56,88,79,47,2.25,0.38,2.99,2.19,5.32
NE,96.35,96.35,99.11,103.51,96.46,78.73,56,49,26,11,29.23,0.66,27.9,26.33,0.81
LSH,96.34,96.34,92.14,60.51,71.65,97.29,56,5,8,28,1.4,0.21,0.99,1.34,0.64
PRSU,96.34,97.17,103.29,103.12,98.19,109.48,56,49,29,56,36.6,0.51,34.49,34.82,0.45
CNTX,96.33,106.72,105.44,84.23,80.51,70.93,56,14,12,8,0.91,0.2,0.83,0.83,0.6
KTCC,96.32,96.73,93.56,83.3,78.48,84.63,56,13,11,14,3.49,0.33,3.07,3.12,0.25
CSGP,96.29,98.37,107.03,114.64,112.68,102.85,56,65,49,45,83.99,0.53,89.63,80.31,1.07
HLMN,96.28,100.09,103.98,104.11,92.57,97.45,56,50,22,29,9.17,0.51,9.34,8.86,0.51
COLB,96.26,97.78,100.17,101.44,114.96,114.96,56,45,60,64,26.06,0.58,25.34,24.68,0.96
PCOR,96.26,96.26,95.64,102.88,104.21,117.66,56,48,37,67,73.39,0.53,69.17,70.73,0.64
AVNW,96.26,101.28,107.38,112.09,108.24,101.35,56,62,43,42,22.54,0.7,22.71,20.84,0.79
MPLX,96.21,97.35,98.59,103.89,128.37,129.45,56,50,76,77,51.28,0.89,50.46,49.59,0.59
GSBC,96.21,96.21,101.32,103.14,105.8,101.79,56,49,38,43,62.37,0.79,60.86,58.31,0.54
FTRE,96.19,104.03,123.16,105.49,39.68,72.74,56,53,2,8,8.68,0.23,8.26,9.83,0.56
KODK,96.19,96.19,92.45,116.0,121.8,161.33,56,67,70,88,6.31,0.51,6.24,6.45,2.19
CCNE,96.19,99.4,102.94,102.59,109.91,106.86,56,48,45,52,24.93,0.59,24.74,23.55,0.46
HP,96.18,96.18,90.41,79.89,81.4,93.25,56,11,13,24,22.65,0.38,18.68,22.12,1.0
ORKA,96.18,105.32,104.87,109.9,78.72,109.01,56,59,11,55,15.2,0.36,14.9,13.23,1.72
ARTV,96.18,96.18,90.04,77.76,63.84,81.55,56,10,6,13,2.96,0.1,2.85,3.96,1.63
EMR,96.17,99.0,104.41,119.43,110.31,109.74,56,70,46,57,128.6,0.63,135.58,123.4,2.06
EDRY,96.17,100.09,99.81,86.46,73.07,73.07,56,16,8,9,12.27,0.34,11.08,10.38,0.0
VS,96.15,105.94,99.89,147.44,145.3,142.54,56,85,85,83,2.04,0.33,2.17,2.16,0.11
AVDX,96.15,96.15,100.72,103.31,111.89,103.26,56,49,48,46,9.96,0.65,9.91,9.5,0.51
OSCR,96.14,96.41,114.56,128.27,131.84,99.15,56,77,78,31,18.42,0.68,16.49,15.26,0.46
GSK,96.12,97.09,96.84,101.04,111.48,107.29,56,45,48,53,39.85,0.8,38.95,36.98,1.16
ACB,96.12,105.94,99.28,96.29,119.12,115.37,56,35,67,65,4.86,0.44,4.92,4.77,0.49
LEA,96.09,98.23,107.96,106.69,89.91,89.44,56,55,19,19,101.44,0.71,103.2,94.36,1.29
HUBB,96.07,98.65,103.98,102.55,100.51,103.52,56,48,32,46,425.22,0.73,432.85,397.29,0.92
NTRA,96.05,101.97,107.36,115.29,130.39,164.62,56,66,77,89,162.97,0.71,158.29,158.58,0.93
SMWB,96.03,99.05,106.07,99.43,86.13,213.63,56,42,16,93,9.54,0.28,9.03,9.89,0.52
BPYPO,96.03,97.21,99.23,104.56,113.36,112.81,56,51,50,62,15.02,0.88,14.47,13.94,0.13
MDU,96.02,96.02,91.4,98.35,116.89,123.81,56,40,63,73,17.48,0.59,16.54,16.77,0.94
AIZ,96.01,96.33,96.79,100.33,110.7,111.59,56,43,46,60,215.62,0.79,204.98,202.13,0.88
BKH,96.0,96.0,94.2,97.38,118.65,109.55,56,37,66,56,60.91,0.82,58.93,57.82,0.62
YUM,96.0,96.0,94.48,99.92,125.48,119.0,56,43,74,69,152.7,0.79,146.09,143.69,0.6
NRP,95.98,96.25,100.25,102.06,116.89,118.39,56,47,63,68,104.05,0.8,102.35,99.96,1.28
MSGS,95.97,95.97,97.52,95.77,100.1,106.97,56,34,31,52,223.55,0.8,203.81,203.19,1.38
MPX,95.96,96.83,100.24,96.34,99.59,91.4,56,36,30,21,9.24,0.79,8.85,8.52,0.5
BRSP,95.96,96.08,101.01,99.38,103.49,104.11,56,42,36,47,5.64,0.83,5.52,5.3,0.74
MBCN,95.95,99.56,104.21,113.78,119.26,106.97,56,64,67,52,31.03,0.78,29.79,27.84,0.73
CCEP,95.95,96.15,98.11,113.32,132.84,113.65,56,64,79,63,89.52,0.61,92.29,86.74,1.12
IMXI,95.92,95.92,96.62,92.92,67.28,98.09,56,28,6,29,14.21,0.42,12.84,14.18,0.24
ATLX,95.91,95.91,90.62,99.0,72.46,69.58,56,41,8,7,5.44,0.26,5.16,5.15,2.96
VNDA,95.89,95.89,91.91,98.66,100.08,106.95,56,40,31,52,5.1,0.77,4.56,4.56,1.7
NVST,95.89,99.6,104.38,107.6,101.72,100.85,56,56,33,34,20.35,0.74,20.66,19.14,0.91
AMWD,95.88,95.88,96.87,85.32,75.03,80.68,56,15,9,12,69.4,0.36,62.52,64.32,0.97
MGY,95.87,95.87,98.58,96.61,107.63,104.9,56,36,42,49,25.26,0.67,23.93,23.22,0.78
FNLC,95.83,95.83,99.55,100.77,110.66,101.21,56,44,46,34,26.8,0.6,26.36,25.14,1.19
PERI,95.83,99.04,99.04,123.59,117.93,87.7,56,73,65,17,9.49,0.55,9.79,9.37,0.46
VTS,95.82,95.82,106.38,108.27,110.56,109.14,56,57,46,56,24.16,0.72,24.49,23.07,1.0
AHL,95.82,97.06,94.31,92.82,114.01,101.26,56,26,54,38,36.65,0.99,33.31,32.96,0.52
SLNO,95.8,98.01,115.41,169.54,174.14,110.02,55,89,91,57,64.96,0.49,71.86,64.55,0.85
IMMX,95.8,96.51,104.84,157.25,137.39,102.78,55,87,81,45,2.08,0.45,2.35,2.11,0.84
BEP,95.79,95.79,100.08,109.7,108.43,101.93,55,59,43,43,25.92,0.8,25.65,23.54,1.12
QCOM,95.78,98.86,95.22,93.51,94.74,97.08,55,29,24,28,169.2,0.9,157.97,154.56,0.61
SKT,95.77,95.77,100.67,98.12,115.57,110.28,55,39,61,57,33.65,0.68,32.73,32.02,0.59
SHMD,95.77,95.77,87.83,89.42,150.06,98.34,55,19,86,30,3.28,0.6,2.6,2.84,2.8
PRAX,95.75,95.75,92.14,115.11,92.61,180.59,55,66,22,91,52.44,0.38,48.05,51.43,1.05
FMNB,95.75,97.35,100.84,101.48,106.62,99.69,55,46,40,32,14.54,0.81,14.22,13.47,0.76
GCI,95.75,99.82,102.79,95.36,91.7,138.92,55,33,21,81,4.24,0.5,4.08,3.95,0.54
TTAM,95.74,97.45,99.73,99.17,114.01,101.26,55,41,54,38,14.68,0.66,15.04,14.16,0.84
AROW,95.74,97.07,99.88,98.62,108.03,100.36,55,40,42,33,28.89,0.57,28.19,26.59,0.78
ZLAB,95.73,98.13,117.35,135.07,183.53,175.03,55,80,92,90,31.62,0.5,34.31,32.25,0.5
LZM,95.73,95.79,97.15,97.15,75.95,87.2,55,37,10,17,5.34,0.56,4.62,4.8,0.87
HE,95.69,96.42,108.77,102.04,116.78,107.09,55,47,63,52,11.16,0.62,11.56,10.6,0.71
GLDD,95.67,99.08,106.93,116.42,122.08,121.16,55,67,70,71,11.78,0.81,11.62,10.75,0.62
ACNB,95.66,95.88,101.34,103.11,119.52,108.75,55,49,67,55,44.67,0.66,43.98,41.62,0.46
ITRI,95.66,95.66,103.06,118.47,116.93,107.25,55,69,63,53,123.97,0.69,125.43,114.8,0.77
CFBK,95.65,95.65,97.2,105.28,110.94,116.86,55,53,47,66,24.3,0.49,24.37,23.62,0.79
MRVL,95.65,95.65,94.88,104.05,100.52,155.79,55,50,32,87,83.17,0.44,73.38,80.07,1.24
TSCO,95.65,98.92,109.13,107.18,110.12,105.8,55,55,45,50,56.52,0.59,59.49,54.58,0.63
XOM,95.65,95.65,97.78,95.67,110.72,107.01,55,34,47,52,117.22,0.84,110.3,107.84,1.16
TAL,95.63,98.0,99.4,103.36,136.79,144.94,55,49,81,84,11.2,0.45,10.83,11.08,1.26
RITM,95.61,97.58,104.91,106.55,113.87,110.55,55,55,51,58,11.62,0.69,12.24,11.25,0.71
UPST,95.58,111.01,125.47,189.79,146.77,204.4,55,92,85,93,57.35,0.42,69.89,61.68,0.61
REXR,95.57,96.53,98.67,93.78,93.58,92.61,55,30,23,23,41.58,0.57,39.66,37.6,0.59
ECBK,95.57,96.48,103.8,103.72,127.31,111.55,55,50,75,60,16.07,0.72,16.32,15.46,0.88
LXU,95.55,97.69,99.89,120.4,105.6,98.85,55,71,38,31,8.16,0.69,8.07,7.63,0.58
HFBL,95.54,96.62,99.52,103.12,125.81,109.0,55,49,74,55,13.74,0.95,13.38,12.97,0.21
LXP,95.54,97.42,94.8,94.99,104.19,103.05,55,32,37,45,9.07,0.8,8.62,8.32,1.26
PROV,95.5,96.28,95.35,104.11,114.61,111.48,55,50,59,59,16.0,0.98,15.41,15.09,4.47
NERV,95.49,96.16,117.49,121.81,85.21,79.85,55,72,15,11,2.12,0.57,2.11,1.91,0.32
RYN,95.49,95.49,95.37,97.85,103.65,99.0,55,39,36,31,26.45,0.62,25.34,24.83,0.76
NUE,95.48,95.48,107.64,107.83,91.81,91.12,55,56,21,21,138.13,0.56,142.33,128.1,0.73
OTTR,95.48,96.23,97.71,98.22,109.95,105.75,55,39,45,50,82.43,0.76,81.49,78.33,0.93
RGCO,95.48,97.74,102.19,106.14,126.57,105.78,55,54,74,50,22.72,0.91,21.75,20.91,1.24
HBANM,95.44,95.44,96.47,98.34,110.58,105.1,55,40,46,49,23.47,0.8,22.9,22.23,0.47
RUSHA,95.43,98.29,100.17,100.89,112.13,112.68,55,44,49,61,56.3,0.54,56.16,54.5,0.92
FDUS,95.43,96.96,99.75,107.49,111.61,115.33,55,56,48,65,20.18,0.73,20.63,19.77,1.05
EFSCP,95.41,96.93,99.78,103.79,107.11,100.83,55,50,41,33,20.4,0.87,20.26,19.04,0.1
ATEN,95.38,95.38,96.85,116.68,113.74,133.93,55,67,51,79,18.31,0.6,17.85,18.06,0.66
TAIT,95.36,100.11,132.47,84.52,98.23,99.91,55,14,29,32,2.5,0.31,2.28,2.3,0.07
BXP,95.35,97.59,97.9,99.36,103.45,100.4,55,42,35,33,74.82,0.63,70.71,68.58,1.32
INSE,95.33,100.7,101.19,103.1,97.8,110.15,55,49,28,57,9.12,0.51,9.05,8.79,0.78
PSN,95.33,96.72,104.16,98.48,90.66,104.29,55,40,20,48,81.46,0.45,77.8,73.73,0.72
HTBK,95.33,95.58,98.52,109.77,111.36,109.28,55,59,48,56,10.09,0.82,9.92,9.49,0.39
LNN,95.33,95.48,98.11,109.93,114.89,108.82,55,59,59,55,139.68,0.78,138.28,133.13,1.07
TT,95.32,95.32,98.8,117.81,119.72,109.9,55,68,68,57,415.23,0.64,424.88,392.49,1.15
HKPD,95.31,103.28,105.66,100.78,123.3,101.26,55,44,71,38,1.52,0.33,1.26,1.4,0.04
WOR,95.31,115.59,128.52,132.95,132.94,109.32,55,79,79,56,54.4,0.57,62.95,52.38,3.13
ECL,95.3,95.3,99.52,103.65,112.54,110.54,55,50,49,58,271.0,0.77,271.57,256.75,1.3
PZZA,95.3,95.53,99.02,112.39,107.15,98.02,55,62,41,29,47.0,0.66,45.84,42.51,0.68
ORMP,95.3,96.01,93.29,88.14,105.07,106.71,55,18,38,52,2.41,0.66,2.21,2.25,0.37
BZAI,95.29,95.29,105.04,100.23,49.75,123.36,55,43,3,73,3.9,0.15,3.71,4.53,0.98
CTVA,95.26,97.92,107.59,120.39,122.13,111.15,55,71,70,59,68.09,0.6,71.98,66.07,1.12
VCYT,95.26,95.83,95.56,87.99,116.07,155.18,55,17,62,87,33.44,0.45,29.0,32.58,0.52
DBI,95.26,106.67,121.82,76.35,70.6,78.35,55,9,8,11,3.77,0.32,3.58,3.81,0.32
CHCO,95.25,95.25,100.16,102.56,115.3,106.56,55,48,61,52,126.53,0.73,125.41,119.62,1.28
OM,95.25,106.01,102.78,144.03,174.25,110.11,55,84,91,57,14.52,0.5,14.65,14.65,0.4
DOCU,95.24,98.93,101.69,101.18,130.07,143.87,55,45,77,83,81.52,0.45,77.05,82.84,0.8
CNO,95.22,95.22,97.11,100.5,133.4,131.83,54,44,79,78,40.07,0.77,38.25,38.3,0.65
NBR,95.22,95.22,87.08,83.26,68.68,79.36,54,13,7,11,41.67,0.29,36.19,40.2,0.66
CRK,95.18,95.18,90.38,181.08,206.63,196.35,54,91,94,92,19.71,0.44,17.25,19.85,1.07
SEIC,95.17,97.51,104.56,117.78,112.43,112.61,54,68,49,61,85.7,0.71,88.12,83.09,0.65
KYIV,95.14,97.33,94.12,104.99,118.5,109.64,54,52,66,57,11.92,0.38,11.46,11.22,0.32
IRIX,95.11,95.11,99.89,91.81,75.61,77.84,54,22,10,10,1.15,0.32,1.29,1.26,0.19
FSUN,95.07,95.25,93.99,96.21,101.03,108.68,54,35,32,55,39.99,0.65,37.59,37.7,0.55
KRYS,95.05,95.05,90.98,88.05,112.75,113.17,54,18,49,62,167.82,0.58,149.49,155.47,0.56
THRM,95.04,95.04,101.09,98.19,69.61,80.16,54,39,7,12,35.22,0.48,34.63,32.45,0.45
MA,95.03,97.83,100.35,102.21,115.44,112.56,54,47,61,61,565.13,0.72,578.02,554.21,0.81
PHG,95.02,100.61,101.6,103.75,104.06,104.81,54,50,36,49,26.82,0.56,27.17,25.05,0.64
TALK,95.01,95.01,92.95,103.02,125.84,147.83,54,48,74,84,2.78,0.36,2.57,2.9,0.59
SD,95.01,95.01,100.46,97.29,99.54,97.9,54,37,30,29,11.69,0.79,10.99,10.81,0.99
HTGC,95.0,96.45,100.23,99.83,106.3,109.99,54,42,39,57,19.11,0.73,19.11,18.29,0.66
ORRF,95.0,97.36,98.92,103.35,99.6,112.22,54,49,30,61,34.6,0.62,34.06,32.34,0.43
FOLD,94.99,98.49,98.14,85.62,83.5,89.46,54,15,14,19,8.24,0.41,7.32,7.76,1.08
DOCN,94.98,99.11,100.13,100.98,98.92,119.03,54,44,30,69,35.1,0.45,32.27,33.5,0.82
FMS,94.96,96.8,98.62,121.78,136.36,116.48,54,72,81,66,25.58,0.64,25.25,24.9,0.63
LITM,94.95,105.45,104.6,88.99,130.39,276.62,54,18,77,96,4.51,0.13,4.08,5.75,1.0
ATNM,94.94,95.57,108.8,106.07,120.3,86.25,54,54,68,16,1.61,0.62,1.66,1.45,0.62
UTMD,94.94,95.82,96.86,93.3,96.08,89.16,54,29,26,19,62.81,0.73,59.29,57.53,0.56
PBA,94.94,96.34,93.31,93.67,115.18,110.5,54,30,60,58,40.09,0.78,37.82,37.13,1.22
HAL,94.93,94.93,85.69,83.1,86.59,85.08,54,13,17,15,25.11,0.51,22.0,23.08,1.23
SKYW,94.92,99.35,117.62,117.62,113.79,142.71,54,68,51,83,101.8,0.51,112.68,103.19,0.54
HOG,94.92,95.8,99.44,94.01,82.49,77.54,54,30,13,10,28.82,0.46,27.19,25.9,0.59
DH,94.9,98.3,101.99,106.03,100.2,99.26,54,54,31,31,3.98,0.49,3.98,3.78,0.49
USEA,94.89,96.55,97.31,93.89,81.45,89.16,54,30,13,19,1.72,0.46,1.62,1.54,0.59
OFG,94.89,94.96,97.27,106.55,103.19,104.32,54,55,35,48,44.68,0.9,43.72,41.7,0.67
PNFPP,94.88,94.88,99.35,98.76,116.21,108.5,54,40,62,55,25.02,0.83,24.84,23.98,0.41
ABEV,94.87,94.87,93.83,108.17,135.57,113.2,54,57,80,62,2.3,0.72,2.26,2.19,0.83
ECPG,94.85,96.39,100.17,100.04,93.94,98.08,54,43,24,29,43.72,0.69,41.32,40.9,0.95
MEOH,94.85,94.85,93.55,84.5,87.26,111.48,54,14,17,59,39.76,0.52,35.63,37.85,0.9
CCCC,94.84,125.06,132.29,110.74,50.41,65.19,54,60,3,6,2.23,0.19,2.53,2.41,1.08
CSX,94.83,95.12,92.32,103.95,97.38,90.08,54,50,28,20,34.01,0.76,34.13,31.82,0.62
MLNK,94.83,94.96,96.75,98.32,91.7,98.17,54,40,21,29,19.92,0.48,18.73,18.4,0.23
WTBA,94.82,96.02,95.43,101.1,115.28,110.92,54,45,60,59,20.8,0.57,19.42,19.91,1.3
DKNG,94.82,96.63,118.81,115.6,101.02,120.38,54,66,32,70,42.32,0.49,44.92,40.4,1.01
CCNEP,94.8,96.33,96.97,99.98,122.82,109.29,54,43,71,56,25.12,0.9,24.77,23.97,0.76
IMKTA,94.79,94.79,98.52,95.51,107.89,89.64,54,34,42,19,68.71,0.6,66.54,64.24,0.95
HBANP,94.78,94.78,97.03,96.04,104.8,100.97,54,35,37,34,18.57,0.7,18.24,17.53,0.47
RWAY,94.78,96.89,103.62,107.76,105.52,105.54,54,56,38,50,10.26,0.76,10.55,9.92,0.62
LION,94.78,95.62,96.24,86.57,105.72,106.42,54,16,38,51,7.0,0.41,6.48,6.98,1.58
CSWC,94.77,97.59,101.01,99.88,103.33,101.73,54,43,35,42,22.34,0.87,22.5,20.83,0.93
VET,94.76,94.76,89.99,95.84,88.64,88.81,54,34,18,18,8.56,0.62,7.73,7.81,2.34
ECX,94.75,101.06,101.06,159.4,133.31,197.55,54,87,79,92,2.08,0.52,1.68,1.79,0.23
HBNC,94.74,95.17,98.09,105.09,112.54,113.18,54,52,49,62,16.2,0.63,16.03,15.54,0.61
ACOG,94.74,105.92,118.66,168.23,138.95,106.26,54,89,82,51,7.08,0.44,8.87,7.3,1.76
HLT,94.74,98.5,103.46,111.06,105.96,113.99,54,60,39,63,261.75,0.78,269.86,252.24,1.11
TMCI,94.73,97.88,104.31,101.29,123.89,138.04,54,45,72,81,6.66,0.34,6.64,7.32,0.58
TBRG,94.73,101.73,100.93,132.75,227.49,246.76,54,79,95,95,20.49,0.47,20.72,23.43,0.76
SIGIP,94.72,94.81,95.76,95.82,109.59,103.81,54,34,45,47,18.4,0.78,17.58,17.12,1.32
REPX,94.72,94.72,99.02,93.69,104.02,126.28,54,30,36,75,28.96,0.5,27.41,28.27,1.7
DX,94.71,94.71,100.59,103.17,118.26,125.35,54,49,65,74,12.1,0.65,12.25,11.82,0.79
PWP,94.71,103.68,105.9,106.08,109.38,144.41,54,54,44,83,21.41,0.56,21.66,20.73,0.5
ETD,94.71,94.71,100.71,100.89,104.41,97.69,54,44,37,29,29.23,0.8,29.28,27.61,0.69
CLWT,94.69,95.19,102.85,89.92,99.82,94.95,54,20,31,25,1.39,0.58,1.29,1.26,0.17
PLD,94.68,94.68,92.71,93.86,100.99,100.75,53,30,32,33,114.19,0.76,109.45,107.92,0.87
MG,94.68,96.48,99.61,98.5,118.15,116.25,53,40,65,66,9.68,0.48,9.05,9.04,0.71
UMC,94.68,95.18,89.73,104.23,111.11,93.06,53,51,47,23,7.54,0.74,6.95,6.66,2.13
PEN,94.68,94.68,105.95,107.2,138.73,129.86,53,55,82,77,253.37,0.57,254.47,263.17,0.4
HVT,94.67,95.31,100.97,98.1,87.09,87.79,53,39,17,17,22.45,0.62,22.17,20.78,0.73
UVSP,94.66,95.0,99.91,111.21,121.53,118.41,53,61,70,68,30.63,0.76,30.4,29.54,0.67
AFL,94.66,94.66,93.45,95.51,120.6,113.64,53,34,69,63,111.36,0.9,105.09,104.21,0.72
MRX,94.65,95.85,98.82,140.93,192.12,135.6,53,83,93,80,33.96,0.46,35.49,36.77,0.62
HSPO,94.65,94.86,95.85,97.73,121.53,106.05,53,38,70,51,12.32,0.86,12.17,11.89,0.0
VCICU,94.63,95.42,101.83,100.08,115.39,102.39,53,43,61,44,10.86,0.47,11.01,10.48,0.0
VICI,94.62,94.62,97.95,103.1,121.91,111.01,53,49,70,59,32.47,0.84,32.54,30.89,0.99
QCRH,94.62,96.5,98.75,98.75,107.31,115.56,53,40,41,65,76.75,0.44,75.83,73.56,1.01
NXPI,94.61,94.89,101.0,103.99,92.21,94.47,53,50,22,25,226.04,0.75,223.39,209.51,0.47
ACIW,94.61,94.61,92.41,90.81,130.8,125.91,53,21,78,74,52.26,0.62,47.56,50.02,0.51
TMHC,94.61,95.65,104.25,102.94,109.16,99.01,53,48,44,31,66.25,0.59,66.27,62.14,0.6
CZFS,94.6,96.16,98.83,108.77,125.87,117.02,53,58,74,67,61.49,0.53,58.84,59.0,0.66
VG,94.6,94.6,94.88,133.8,122.07,101.26,53,80,70,38,14.83,0.46,13.78,13.33,0.79
UHS,94.58,94.86,92.5,88.89,106.86,95.67,53,18,40,26,200.85,0.54,178.63,180.5,0.53
TBCH,94.58,95.35,104.61,112.18,93.32,122.69,53,62,23,72,15.36,0.61,15.08,14.66,0.79
WES,94.57,94.99,97.97,101.13,115.49,116.0,53,45,61,66,39.42,0.87,38.75,37.92,1.29
ACTU,94.57,94.57,96.15,88.5,137.53,109.86,53,18,82,57,6.89,0.2,7.5,8.0,0.46
INFA,94.57,94.57,98.12,107.77,102.83,89.15,53,56,35,19,24.81,0.78,24.74,22.74,0.44
BEKE,94.57,99.47,100.99,98.18,149.06,152.28,53,39,86,86,19.45,0.37,18.79,19.07,0.61
CRSR,94.56,96.93,97.33,120.48,127.19,138.57,53,71,75,81,8.47,0.4,8.88,8.81,0.67
NJR,94.55,94.55,93.49,95.93,123.02,111.58,53,35,71,60,47.78,0.7,46.34,46.06,0.88
UBCP,94.55,96.19,106.0,107.92,119.53,112.05,53,56,67,60,13.88,0.72,14.04,13.12,0.41
VZ,94.55,94.91,97.4,102.01,121.17,115.94,53,47,69,66,43.61,0.83,43.5,41.76,0.7
DLR,94.55,94.61,94.52,105.49,110.26,112.67,53,53,46,61,171.46,0.67,169.83,164.72,0.5
SDRL,94.54,96.59,103.61,96.61,84.34,78.92,53,36,15,11,31.4,0.54,30.74,29.05,0.53
GFF,94.53,95.38,104.37,107.29,109.37,113.4,53,56,44,62,75.6,0.6,76.96,73.33,0.36
LOAN,94.51,94.51,97.33,101.6,118.51,115.19,53,46,66,65,5.46,0.74,5.41,5.3,0.19
LGCY,94.51,118.86,135.88,150.94,126.66,128.5,53,85,75,76,9.99,0.63,11.9,9.2,4.02
CZNC,94.5,95.5,98.14,99.88,123.01,113.35,53,43,71,62,19.9,0.63,19.57,19.2,0.6
STRR,94.49,96.8,93.86,72.66,72.67,75.71,53,7,8,9,11.4,0.4,9.57,10.46,0.61
ERII,94.48,95.03,93.3,94.03,109.56,109.81,53,31,44,57,15.32,0.46,14.28,14.37,1.1
ATMCU,94.47,98.57,102.36,101.29,117.16,103.84,53,45,64,47,12.23,0.53,12.34,11.81,0.0
LADR,94.45,94.45,98.6,98.4,110.51,106.66,53,40,46,52,11.41,0.81,11.3,10.84,1.47
MPW,94.44,94.61,101.49,89.48,149.67,143.94,53,19,86,83,4.92,0.56,4.37,4.57,0.42
GPI,94.43,96.52,105.48,117.73,127.21,131.97,53,68,75,78,435.53,0.64,446.07,433.67,1.31
PMNT,94.43,94.43,64.33,57.8,100.53,88.86,53,4,32,18,0.48,0.19,0.41,0.75,0.01
EXE,94.41,94.41,93.69,118.31,130.68,128.74,53,69,78,76,105.77,0.67,97.7,102.81,1.25
ANTX,94.41,99.75,100.84,96.01,100.0,100.0,53,35,31,32,1.25,0.37,1.16,1.21,0.24
BKHA,94.4,94.73,96.3,98.19,116.34,103.22,53,39,62,46,11.11,0.7,11.02,10.65,1.26
BHRB,94.4,94.4,96.17,113.89,104.07,103.39,53,64,36,46,62.64,0.7,61.26,59.12,0.6
SMTI,94.39,96.86,99.7,94.03,104.5,107.33,53,31,37,53,31.85,0.55,30.38,31.56,0.36
LKFN,94.39,94.39,97.47,102.74,96.44,102.88,53,48,26,45,65.77,0.65,64.86,62.72,1.19
PBR,94.38,97.53,95.43,100.22,114.65,111.1,53,43,59,59,13.08,0.76,12.38,12.2,0.97
WTRG,94.37,94.37,95.46,96.27,121.92,108.58,53,35,70,55,38.63,0.75,38.14,37.38,0.74
ALE,94.37,94.37,92.57,94.94,119.58,107.92,53,32,67,54,66.27,1.0,64.51,63.93,1.48
MTAL,94.36,95.6,97.88,105.52,107.06,88.97,53,53,41,19,12.2,0.69,12.13,11.04,0.65
AGNCN,94.36,94.5,96.29,97.83,117.32,109.16,53,39,64,56,25.92,0.96,25.77,24.98,0.53
AOMR,94.35,96.66,100.17,100.36,101.46,102.14,53,43,33,43,9.44,0.8,9.43,9.0,0.44
APAM,94.35,97.4,104.87,114.27,103.14,99.38,53,65,35,31,43.89,0.75,45.79,41.86,0.73
TU,94.35,94.75,98.22,105.47,114.21,101.23,53,53,58,34,15.68,0.74,16.19,15.13,1.01
UPLD,94.34,94.34,109.33,100.27,102.4,162.95,53,43,34,88,2.53,0.22,2.34,2.9,0.32
ONL,94.33,96.52,106.09,99.7,78.52,106.66,53,42,11,52,2.75,0.47,2.74,2.74,0.27
MYSE,94.33,104.52,100.45,146.53,262.04,590.71,53,84,96,98,2.1,0.11,2.21,2.61,0.35
EQH,94.33,98.72,101.4,112.42,130.13,127.92,53,62,77,76,52.39,0.77,52.75,51.39,0.91
MBC,94.31,94.31,96.09,94.41,87.39,95.04,53,31,17,25,13.67,0.41,12.52,13.04,1.34
MPB,94.29,99.62,101.68,106.84,113.98,110.2,52,55,51,57,29.39,0.66,28.97,27.94,1.42
MTSI,94.27,94.27,101.42,121.42,118.99,129.47,52,72,67,77,129.39,0.68,130.77,124.57,1.26
MKL,94.27,95.31,99.16,107.91,119.26,118.9,52,56,67,69,1914.07,0.72,1954.82,1880.12,1.1
ARBE,94.27,106.5,91.2,116.93,116.93,173.93,52,68,63,90,1.71,0.25,1.41,1.69,0.66
VICR,94.26,106.39,102.65,103.8,131.47,144.0,52,50,78,83,48.67,0.38,49.24,49.0,1.15
FRMEP,94.25,94.32,96.41,96.74,118.71,105.14,52,36,66,49,25.75,0.96,25.43,24.76,0.58
SBFG,94.23,97.67,108.49,103.19,127.43,136.57,52,49,75,80,20.28,0.49,20.58,20.06,0.47
WAY,94.23,96.1,108.41,121.38,133.37,130.8,52,72,79,77,37.56,0.58,36.77,38.14,2.58
PSTV,94.23,99.54,101.89,86.45,110.37,105.17,52,16,46,49,0.62,0.26,0.52,0.74,5.57
LBTYB,94.21,94.21,95.49,99.34,79.51,77.82,52,42,12,10,12.42,0.26,11.47,11.08,0.0
KGEI,94.19,94.47,99.79,153.15,228.9,270.17,52,86,95,95,5.78,0.41,5.71,6.62,0.47
AGNCO,94.18,94.46,96.97,98.37,118.06,109.37,52,40,65,56,25.66,0.97,25.56,24.73,0.41
FITBI,94.17,94.17,95.32,97.11,117.54,105.26,52,37,64,49,25.49,1.0,25.12,24.54,2.43
TOWN,94.16,94.5,98.2,104.77,116.28,114.55,52,52,62,64,35.59,0.73,35.94,34.55,0.92
ONBPO,94.16,94.16,95.8,96.59,114.87,103.74,52,36,59,47,25.33,0.97,25.06,24.35,0.29
AQN,94.15,95.14,104.83,107.82,119.03,102.57,52,56,67,44,5.39,0.62,5.75,5.2,0.89
MAC,94.14,94.14,101.73,100.59,102.0,118.11,52,44,34,68,17.9,0.58,17.41,17.22,3.22
AME,94.13,94.13,95.52,98.81,99.93,100.25,52,40,31,33,186.38,0.79,184.4,179.09,0.63
BRX,94.13,94.38,97.4,97.56,113.63,105.79,52,38,50,50,27.48,0.71,26.98,26.06,0.65
JRVR,94.13,99.32,100.79,105.88,117.38,76.37,52,54,64,10,5.57,0.57,5.6,5.03,0.51
DGICB,94.12,101.52,101.52,123.09,149.52,125.52,52,73,86,74,16.52,0.62,15.39,15.57,0.0
NGVC,94.11,94.11,100.95,117.19,205.18,213.36,52,68,94,93,37.61,0.36,38.31,41.91,0.62
FLYW,94.09,94.09,94.26,83.72,78.75,102.84,52,13,11,45,13.62,0.35,12.42,13.32,0.84
INGN,94.09,97.31,99.32,86.03,92.9,144.54,52,15,22,84,8.22,0.36,7.55,7.94,0.74
SBGI,94.08,94.08,93.27,98.45,125.91,127.79,52,40,74,76,14.79,0.54,14.04,14.27,0.7
SCOR,94.08,98.0,106.42,106.35,85.74,90.87,52,54,16,20,6.12,0.4,6.2,5.99,0.64
EPD,94.07,94.76,97.21,99.11,120.83,118.42,52,41,69,68,31.63,0.77,31.45,31.16,0.83
SRCE,94.07,94.07,96.36,105.24,113.83,112.14,52,52,51,60,62.81,0.72,62.26,60.73,0.86
BY,94.06,94.73,97.58,103.02,109.33,111.15,52,48,44,59,28.35,0.61,27.83,27.28,0.75
USAC,94.06,94.25,93.73,99.12,121.52,120.77,52,41,70,70,24.22,0.51,23.89,24.19,0.53
ELME,94.05,94.09,96.36,97.59,119.55,115.13,52,38,67,65,16.83,0.91,16.46,15.8,0.66
LQDT,94.05,95.1,100.82,96.28,138.91,168.76,52,35,82,89,27.3,0.36,25.99,28.77,0.61
AZN,94.04,95.9,101.4,104.68,111.48,110.43,52,51,48,58,73.76,0.59,76.76,71.56,0.97
NEE,94.03,94.03,95.19,97.7,106.6,107.9,52,38,40,54,75.85,0.65,72.37,70.16,0.86
WSBC,94.02,94.02,95.56,106.3,108.43,110.95,52,54,43,59,32.33,0.64,31.36,31.32,0.85
PFIS,94.02,95.84,102.17,109.96,108.86,111.49,52,59,43,60,49.66,0.61,50.61,48.12,0.82
USCB,94.01,94.01,94.74,102.77,135.08,134.01,52,48,80,79,17.5,0.55,17.16,17.42,1.16
BURL,94.0,95.82,108.57,104.24,109.2,118.66,52,51,44,69,263.68,0.56,277.3,258.85,0.7
EQNR,93.99,95.21,94.85,104.69,113.47,108.65,52,52,50,55,25.54,0.63,24.87,24.1,0.81
KVAC,93.98,94.21,96.03,96.8,118.86,105.76,52,37,66,50,11.69,1.0,11.53,11.27,0.0
AMPL,93.97,97.94,96.23,130.76,120.86,130.86,52,78,69,77,11.38,0.55,11.71,11.48,0.62
CMS,93.96,94.02,95.73,99.89,128.19,117.28,52,43,76,67,71.84,0.76,72.02,69.83,0.99
XLO,93.95,93.95,88.51,82.44,132.77,151.72,52,13,79,86,0.8,0.18,0.71,0.8,0.74
MGRC,93.95,96.89,100.61,103.88,107.06,104.17,52,50,41,47,118.48,0.66,121.22,115.9,0.71
FULT,93.93,95.15,98.01,106.33,105.82,113.47,52,54,39,63,18.89,0.61,18.88,18.41,0.55
MSI,93.92,98.51,101.49,97.95,109.39,111.07,52,39,44,59,456.52,0.6,457.21,438.63,0.58
CNQ,93.9,94.57,96.1,95.14,106.23,96.57,52,33,39,27,32.69,0.69,31.18,30.25,1.78
CLBT,93.89,93.89,90.99,87.22,131.84,178.43,52,17,78,90,18.63,0.41,15.77,18.37,0.56
PRKS,93.88,93.88,102.32,97.38,92.85,100.88,52,37,22,34,51.72,0.61,50.87,49.41,0.71
AGNCP,93.86,94.0,97.22,99.01,117.97,109.02,52,41,65,55,25.31,0.92,25.32,24.44,0.45
MB,93.85,93.85,158.78,229.02,114.01,101.26,52,94,54,38,9.74,0.55,10.96,8.11,0.03
AOS,93.84,94.61,96.36,95.4,94.34,89.78,52,34,24,19,72.45,0.45,71.88,67.8,0.52
TXT,93.84,93.84,94.46,102.23,93.58,88.2,52,47,23,18,83.49,0.77,80.83,76.36,0.9
INDO,93.82,96.8,99.63,107.82,180.35,114.54,52,56,92,64,3.04,0.29,2.89,2.83,2.51
HIW,93.82,94.28,97.5,105.03,108.72,106.36,52,52,43,51,31.3,0.71,30.24,29.0,0.61
IZM,93.81,98.35,113.37,130.85,151.29,72.86,52,78,87,8,2.39,0.68,2.49,2.06,0.38
ELMD,93.8,97.0,111.26,96.59,123.73,196.33,52,36,72,92,24.19,0.35,21.41,24.34,0.78
CLOV,93.79,94.21,91.83,108.25,234.72,316.64,52,57,95,96,3.2,0.39,2.83,3.36,0.46
MITT,93.78,97.55,103.57,114.09,119.32,120.47,51,64,67,70,7.57,0.87,7.58,6.99,1.13
FAF,93.77,94.94,101.93,101.93,115.47,109.93,51,47,61,57,64.98,0.78,63.53,61.04,0.76
DNOW,93.76,95.98,100.81,100.53,129.51,126.56,51,44,77,75,15.5,0.65,15.31,15.05,1.17
BVFL,93.76,96.53,99.83,99.83,115.51,120.01,51,42,61,70,16.43,0.62,16.3,15.8,0.48
ACU,93.75,94.6,99.54,105.29,117.8,102.82,51,53,65,45,41.45,0.7,41.95,39.56,0.57
SFD,93.75,96.21,100.45,101.18,114.01,101.26,51,45,54,38,23.35,0.67,24.49,22.19,0.71
SJM,93.74,95.1,93.71,95.25,117.38,102.53,51,33,64,44,109.21,0.67,109.1,107.4,0.8
FHB,93.74,95.01,97.16,106.21,109.86,111.15,51,54,45,59,25.17,0.68,25.0,24.6,0.86
LIEN,93.73,94.64,95.8,95.35,114.95,118.39,51,33,60,68,11.06,0.61,10.67,10.63,1.56
STWD,93.73,93.73,97.1,105.06,110.35,107.86,51,52,46,54,20.05,0.78,20.03,19.21,0.78
TLYS,93.73,95.96,96.65,109.31,52.25,76.93,51,58,3,10,2.08,0.32,1.78,2.35,0.34
GCMG,93.7,98.16,98.55,98.73,129.62,128.73,51,40,77,76,12.27,0.46,12.51,12.47,1.02
AMS,93.69,99.34,84.39,83.97,107.84,100.77,51,14,42,33,2.9,0.45,2.53,2.74,3.8
USPH,93.69,93.69,95.86,99.05,90.99,94.26,51,41,20,25,83.4,0.56,80.52,79.42,0.81
MNRO,93.67,96.17,92.39,92.24,77.65,82.89,51,23,11,13,18.68,0.42,16.36,16.81,0.68
FBLA,93.66,94.54,95.58,95.71,107.28,97.36,51,34,41,28,12.24,0.85,11.85,11.5,0.85
QETA,93.66,93.92,96.51,96.83,117.87,103.94,51,37,65,47,11.18,0.99,11.13,10.81,0.0
PANL,93.65,96.66,98.2,94.61,86.81,94.02,51,32,17,24,5.34,0.46,5.16,4.87,0.87
OCS,93.64,93.64,95.17,118.84,144.81,163.88,51,70,84,88,17.63,0.51,17.55,18.69,1.72
EGY,93.64,96.05,91.68,89.17,79.88,87.45,51,19,12,17,4.25,0.42,3.84,3.77,0.93
DIS,93.63,94.07,101.06,117.67,112.87,105.07,51,68,49,49,113.47,0.75,117.0,109.69,0.75
SND,93.63,95.82,93.63,96.15,132.68,125.72,51,35,79,74,2.14,0.51,1.95,2.03,0.59
TOON,93.63,108.92,111.43,108.11,114.29,84.78,51,57,58,15,0.73,0.61,0.75,0.67,1.2
WOOF,93.62,99.7,112.17,107.51,125.02,121.4,51,56,73,71,3.5,0.33,3.42,3.28,0.34
FNF,93.62,93.62,97.19,98.53,124.74,119.52,51,40,73,69,60.41,0.66,58.39,57.8,0.65
OAKU,93.62,94.25,94.32,96.43,119.47,106.07,51,36,67,51,12.0,0.95,11.84,11.64,0.05
BC,93.61,93.61,96.59,97.84,82.08,78.96,51,39,13,11,63.61,0.52,62.42,58.55,1.19
CFR,93.61,93.61,95.09,111.26,111.2,117.27,51,61,47,67,128.88,0.66,128.09,127.65,0.72
PKST,93.6,94.97,101.38,112.3,117.86,103.16,51,62,65,45,13.07,0.74,13.25,12.06,0.79
UBSI,93.6,93.6,95.68,102.19,104.5,99.45,51,47,37,31,37.35,0.6,36.9,35.87,0.84
TEVA,93.6,97.79,102.1,101.98,107.67,140.04,51,47,42,82,18.34,0.55,17.72,17.4,0.9
RANGU,93.59,93.9,93.63,95.98,114.66,101.26,51,35,59,38,11.0,1.0,10.63,10.38,0.0
AGNCL,93.59,93.59,97.14,97.69,119.99,108.82,51,38,68,55,25.18,0.91,25.12,24.42,0.86
ITW,93.59,93.59,96.73,97.78,100.67,104.65,51,38,32,48,261.04,0.78,261.23,252.13,0.57
MRCC,93.59,96.89,101.41,97.48,109.0,114.12,51,38,44,63,7.0,0.57,6.77,6.88,0.6
GRVY,93.58,93.58,96.7,94.01,102.25,90.29,51,30,34,20,64.22,0.72,64.19,62.19,0.64
EVER,93.58,98.46,98.46,110.42,148.3,155.3,51,60,86,87,23.65,0.53,24.09,23.18,0.42
CRBG,93.58,96.76,103.18,112.42,113.66,117.59,51,62,50,67,33.14,0.76,33.85,31.9,0.55
NFBK,93.58,93.58,92.85,105.47,111.02,111.26,51,53,47,59,11.93,0.61,11.35,11.23,0.96
SIM,93.58,93.58,95.94,96.21,108.87,94.15,51,35,43,25,27.92,0.79,27.76,26.9,0.83
AB,93.58,95.79,101.0,110.47,124.49,116.82,51,60,73,66,37.9,0.6,39.68,37.61,0.83
TCBS,93.57,97.54,97.54,99.01,125.44,116.63,51,41,73,66,16.23,0.62,16.11,15.8,4.2
TWLO,93.56,98.43,101.61,148.92,143.77,201.05,51,85,84,93,102.34,0.46,111.16,112.31,0.66
AXR,93.56,101.13,102.53,94.4,99.41,122.87,51,31,30,72,24.72,0.32,22.84,24.38,1.67
HUHU,93.56,130.8,144.84,151.82,126.13,110.32,51,86,74,58,4.77,0.3,6.56,5.21,0.55
AGNCM,93.55,93.61,97.05,97.99,114.88,107.68,51,39,59,53,25.22,0.95,25.12,24.35,1.73
PSIG,93.55,98.94,98.94,95.05,97.42,94.44,51,33,28,25,0.48,0.27,0.42,0.44,0.11
JRSH,93.54,93.54,99.43,103.57,114.61,119.8,51,49,59,70,3.3,0.61,3.35,3.27,3.89
KELYB,93.54,94.35,99.23,99.21,79.29,78.99,51,41,12,11,14.45,0.36,13.54,12.93,0.0
ACGLO,93.52,94.09,94.52,93.36,107.22,97.36,51,29,41,28,21.72,0.79,21.03,20.47,0.31
PLNT,93.52,94.09,101.83,113.88,126.7,136.73,51,64,75,80,103.66,0.72,105.9,102.2,0.82
CEVA,93.52,95.69,94.82,89.88,112.57,148.83,51,20,49,85,26.3,0.38,23.33,26.28,0.72
TONX,93.51,93.51,258.24,296.25,103.66,55.06,51,96,36,4,6.94,0.16,12.71,7.73,0.59
ARIS,93.51,95.14,97.94,115.54,187.07,211.15,51,66,92,93,24.66,0.54,23.02,25.05,1.11
ACHV,93.51,93.51,80.37,90.94,105.81,76.76,51,21,38,10,3.01,0.31,2.81,2.98,0.42
FIHL,93.5,94.74,93.75,94.89,104.08,101.3,51,32,36,42,17.53,0.54,16.79,16.46,0.81
FYBR,93.48,93.64,99.46,102.9,136.37,121.66,51,48,81,71,37.36,0.95,37.02,36.19,0.66
BIP,93.47,93.47,90.41,105.7,108.54,100.07,51,53,43,32,33.12,0.82,30.8,30.73,2.23
GV,93.45,93.45,112.13,117.65,178.06,319.98,50,68,91,96,2.08,0.19,1.73,2.12,0.02
ABR,93.45,93.45,99.88,102.97,95.51,97.49,50,48,25,29,12.05,0.64,11.63,11.3,0.86
FFWM,93.44,95.22,95.53,92.45,92.66,86.24,50,23,22,16,5.74,0.32,5.53,5.44,0.6
ATON,93.44,119.27,152.34,180.41,258.21,102.3,50,90,96,44,5.77,0.31,6.85,6.24,0.54
TBMC,93.42,93.42,93.68,97.92,117.85,104.48,50,39,65,48,11.82,0.83,11.63,11.46,0.67
FFBC,93.42,94.69,96.68,99.67,107.2,108.6,50,42,41,55,25.82,0.55,25.18,25.03,0.66
INGM,93.42,93.43,94.55,102.89,102.82,97.97,50,48,35,29,20.82,0.64,20.09,19.96,1.22
TROW,93.4,95.38,101.26,96.99,88.73,95.95,50,37,18,27,103.47,0.62,105.07,99.65,0.73
ETHM,93.4,93.47,96.92,99.52,114.66,101.63,50,42,59,42,10.58,0.36,10.88,10.19,0.15
ALGT,93.39,100.97,106.54,97.82,97.86,160.24,50,38,28,88,60.58,0.31,57.64,64.75,0.51
HOV,93.39,104.3,113.82,110.97,79.54,75.77,50,60,12,9,130.35,0.35,138.03,119.53,0.77
V,93.39,93.43,98.26,107.05,123.77,119.98,50,55,72,70,337.37,0.66,344.4,341.25,1.59
BIPC,93.39,94.39,93.2,106.19,108.99,103.19,50,54,44,46,40.97,0.78,39.95,38.73,1.09
HBANL,93.39,93.45,95.19,97.85,114.72,104.56,50,39,59,48,25.76,0.83,25.67,24.93,0.7
TCX,93.38,93.38,89.96,122.17,104.52,103.51,50,72,37,46,19.04,0.56,18.93,18.11,0.51
BHB,93.36,93.36,96.82,102.95,116.27,108.09,50,48,62,54,31.0,0.42,31.09,30.26,0.71
NDSN,93.36,93.36,93.51,97.66,92.14,88.4,50,38,22,18,227.0,0.64,219.72,209.69,0.8
CAPL,93.35,93.35,93.87,94.62,126.34,119.38,50,32,74,69,21.39,0.54,20.81,21.32,0.4
ESI,93.35,97.3,99.57,99.42,96.05,102.68,50,42,26,45,24.97,0.66,25.01,23.86,0.89
FMX,93.35,93.84,90.02,101.34,119.35,100.85,50,45,67,34,98.51,0.75,90.46,92.65,0.43
FMBH,93.35,94.51,98.53,105.81,104.23,101.62,50,53,37,42,38.85,0.71,38.93,36.77,0.82
TZUP,93.35,93.35,114.03,288.97,285.47,111.85,50,96,96,60,5.34,0.23,8.5,6.07,1.44
EXPI,93.33,93.67,101.65,104.88,92.96,89.29,50,52,22,19,11.07,0.52,10.71,10.06,0.64
DYCQ,93.33,96.37,99.94,101.02,116.91,104.07,50,45,63,47,11.1,0.67,11.22,10.79,0.0
CDP,93.33,93.7,99.07,96.17,106.63,107.63,50,35,40,53,29.29,0.64,28.86,27.94,0.77
HYAC,93.32,93.57,94.38,95.67,118.23,104.03,50,34,65,47,11.39,1.0,11.21,11.01,0.0
LIN,93.31,94.26,95.26,97.74,111.56,103.25,50,38,48,46,474.41,0.88,473.36,454.95,0.9
TTE,93.3,93.3,96.73,97.66,111.05,107.71,50,38,47,53,63.15,0.78,61.54,59.08,0.72
ACET,93.3,93.3,85.55,96.69,74.9,72.94,50,36,9,8,0.84,0.37,0.74,0.78,0.47
SILA,93.29,94.19,96.18,97.77,121.78,109.7,50,38,70,57,25.12,0.71,24.94,24.32,0.6
BDL,93.28,103.79,106.56,127.32,124.97,100.81,50,76,73,33,29.85,0.57,30.57,27.08,1.73
EXPD,93.25,93.83,95.49,95.44,103.72,100.78,50,34,36,33,121.84,0.71,119.38,114.8,0.72
AMRK,93.25,93.25,92.88,88.53,95.6,95.72,50,18,25,26,26.65,0.29,23.72,24.36,1.38
PNNT,93.25,95.55,103.34,104.91,111.42,110.49,50,52,48,58,6.68,0.66,7.05,6.57,0.72
SKYX,93.23,105.94,107.11,111.87,122.14,156.76,50,62,71,87,1.14,0.26,1.16,1.26,1.04
VABK,93.22,94.02,102.8,104.69,121.35,103.64,50,52,69,47,38.69,0.61,38.94,36.85,0.17
RYDE,93.22,93.22,124.05,97.94,83.01,54.03,50,39,14,4,0.35,0.18,0.33,0.32,0.64
TVACU,93.22,93.22,91.83,92.82,114.01,101.26,50,26,54,38,11.29,1.0,10.27,10.19,14.46
RMTI,93.21,93.21,113.84,78.44,60.42,96.75,50,10,5,28,1.27,0.12,1.27,1.41,0.43
ALEX,93.18,93.18,97.8,97.54,110.08,103.87,50,38,45,47,18.22,0.73,18.31,17.43,0.94
AFJK,93.16,93.55,95.21,97.07,119.29,106.18,50,37,67,51,11.32,0.99,11.26,11.03,0.0
EURK,93.15,93.34,94.01,95.07,115.29,101.77,50,33,60,43,10.7,0.96,10.65,10.39,1.04
LNKB,93.15,96.54,99.47,105.84,112.17,106.49,50,54,49,51,7.32,0.84,7.16,7.01,0.76
ONBPP,93.14,93.14,96.09,96.97,115.05,105.0,50,37,60,49,25.22,0.87,25.1,24.45,0.05
AAON,93.12,95.82,93.79,78.19,106.89,134.62,50,10,40,79,91.01,0.28,82.87,93.26,0.99
SCSC,93.12,93.12,94.61,98.49,94.08,103.99,50,40,24,47,44.2,0.62,42.68,40.99,0.5
PLXS,93.1,93.11,93.64,99.71,106.05,133.44,50,42,39,79,143.27,0.54,134.38,136.68,0.75
SNV,93.09,93.99,98.01,117.82,111.1,124.57,50,68,47,74,49.98,0.57,50.26,49.06,0.47
BLND,93.06,94.92,105.79,104.46,117.19,129.94,50,51,64,77,3.76,0.39,3.61,3.63,0.6
PFG,93.04,93.15,94.75,94.57,108.45,107.21,50,32,43,53,82.62,0.73,79.14,78.36,0.75
OFIX,93.04,95.91,100.96,92.29,107.64,112.66,50,23,42,61,14.29,0.41,13.58,14.59,0.48
WSFS,93.02,93.02,98.72,109.62,108.73,111.18,50,59,43,59,55.1,0.64,56.08,53.97,0.68
PAYC,93.02,93.74,94.65,116.24,137.43,121.6,50,67,81,71,217.51,0.55,224.89,223.7,1.19
MAX,93.01,98.94,107.78,91.48,89.7,83.69,50,21,19,14,12.04,0.34,11.15,10.51,0.48
OCFC,93.01,93.79,97.41,105.44,106.34,103.93,50,53,39,47,17.92,0.57,17.65,17.23,0.7
CBU,93.0,93.7,96.31,99.82,110.58,114.56,50,42,46,64,59.72,0.5,57.32,57.97,0.55
UVV,93.0,93.0,92.04,108.68,124.3,111.65,50,57,72,60,56.29,0.52,54.83,54.41,1.12
MCD,93.0,93.57,96.94,96.58,124.17,112.26,50,36,72,61,305.24,0.71,305.1,300.21,0.7
BANR,93.0,94.64,97.78,108.95,118.88,120.8,50,58,66,70,65.15,0.5,65.18,64.57,0.67
STM,92.99,95.95,96.35,120.58,105.97,81.55,49,71,39,13,28.0,0.66,27.0,25.69,0.53
POR,92.98,92.98,89.63,91.47,112.78,104.14,49,21,49,47,43.44,0.57,41.69,41.35,0.59
KBH,92.96,92.96,97.44,95.15,93.3,88.98,49,33,23,19,63.28,0.39,61.61,59.46,1.0
ATMC,92.95,94.39,94.89,96.53,118.36,105.29,49,36,66,49,12.0,0.7,11.93,11.68,0.83
TMUS,92.94,94.64,98.89,102.99,147.23,135.13,49,48,85,80,237.47,0.53,243.95,241.22,0.62
BFIN,92.93,93.47,94.77,95.14,121.62,119.93,49,33,70,70,12.26,0.56,11.84,12.06,0.95
BKV,92.92,92.92,99.72,109.92,104.25,105.51,49,59,37,50,23.95,0.76,21.57,21.74,1.95
MITK,92.89,97.56,100.96,104.19,102.56,95.99,49,51,34,27,9.93,0.65,9.81,9.58,0.75
WST,92.89,92.89,92.58,94.02,79.97,98.88,49,30,12,31,261.52,0.46,246.97,250.05,0.82
ESHA,92.87,95.56,100.89,95.7,116.11,102.97,49,34,62,45,11.49,0.5,11.3,11.02,0.23
MBINN,92.86,93.31,93.96,94.28,104.35,105.76,49,31,37,50,20.92,0.64,20.17,19.91,0.47
GABC,92.85,93.33,96.74,102.71,110.56,106.05,49,48,46,51,39.99,0.54,40.17,38.91,0.71
CHARU,92.84,93.08,95.62,96.54,114.45,102.22,49,36,58,44,10.82,1.0,10.63,10.37,0.0
EW,92.83,92.83,101.87,103.17,109.46,94.53,49,49,44,25,76.25,0.68,78.4,74.74,0.97
SSD,92.83,96.99,106.25,107.17,93.93,90.38,49,55,23,20,171.2,0.55,183.32,166.56,1.24
MGM,92.82,92.82,105.19,103.71,92.72,91.89,49,50,22,22,35.6,0.61,36.51,34.11,0.95
MGNX,92.82,92.82,85.25,76.87,57.25,61.88,49,9,4,5,1.73,0.2,1.65,2.0,0.67
OAKUU,92.82,93.06,94.75,96.0,117.22,104.74,49,35,64,48,11.85,0.76,11.85,11.61,
WSBCP,92.81,93.07,95.21,97.29,119.5,106.81,49,37,67,52,25.23,0.99,25.15,24.61,0.36
ONTF,92.81,92.81,88.87,86.96,92.01,97.4,49,16,21,29,6.04,0.62,5.37,5.65,0.61
ORC,92.81,92.81,95.41,97.54,106.06,112.7,49,38,39,61,7.05,0.62,7.02,6.93,1.13
FARM,92.79,96.16,106.81,93.08,110.49,111.22,49,28,46,59,1.78,0.25,1.8,1.84,0.32
RLYB,92.79,104.51,104.39,105.38,62.25,68.67,49,53,5,7,0.55,0.32,0.56,0.58,1.81
ACGLN,92.78,93.01,92.88,91.54,102.55,95.75,49,22,34,26,18.0,0.52,17.42,17.13,0.45
GGB,92.78,93.62,97.3,96.31,97.72,93.86,49,35,28,24,3.07,0.66,3.02,2.88,1.86
SUI,92.78,92.78,94.24,97.45,113.47,106.56,49,38,50,52,128.68,0.87,126.22,122.55,0.38
FSHP,92.77,93.01,93.97,94.51,115.42,102.64,49,31,61,45,10.65,0.98,10.53,10.37,0.0
TITN,92.77,98.5,117.55,130.65,127.05,116.77,49,78,75,66,17.07,0.46,19.52,17.89,1.48
TCBIO,92.71,95.05,96.42,101.41,110.58,105.99,49,45,46,51,20.81,0.8,20.5,19.75,1.11
CVV,92.7,97.62,88.29,110.04,98.56,106.75,49,59,29,52,3.26,0.34,3.25,3.26,0.79
ALGS,92.7,93.79,111.3,114.35,61.33,355.91,49,65,5,97,9.79,0.14,9.33,14.17,0.78
OBK,92.68,92.68,103.73,109.72,113.76,115.22,49,59,51,65,35.36,0.55,36.94,35.34,0.6
PCAR,92.67,92.67,94.28,93.55,98.35,103.76,49,29,29,47,100.5,0.52,98.83,98.9,2.02
GLNG,92.65,94.38,114.6,114.6,128.34,135.48,49,65,76,80,40.61,0.67,41.35,39.75,0.66
RTO,92.65,92.65,94.82,92.33,100.67,90.83,49,23,32,20,24.7,0.76,24.47,23.66,0.58
IGIC,92.62,96.62,100.7,112.8,151.18,155.47,49,63,86,87,23.42,0.66,23.98,23.91,0.6
HOMB,92.62,92.68,95.96,103.35,112.26,110.85,49,49,49,58,28.77,0.6,28.93,28.44,0.78
CAI,92.62,97.18,95.2,92.82,114.01,101.26,49,26,54,38,29.19,0.24,32.97,31.37,1.48
KVACU,92.6,92.84,94.43,96.09,118.31,105.59,49,35,66,50,11.5,0.3,11.45,11.26,0.0
ATXS,92.6,92.66,100.85,105.08,70.14,83.03,49,52,7,13,7.3,0.43,6.87,6.46,0.91
PNRG,92.6,95.67,97.81,102.24,169.48,176.32,49,47,90,90,172.44,0.37,163.55,181.66,2.21
BR,92.59,93.24,102.35,107.43,118.51,111.33,49,56,66,59,236.0,0.51,251.37,238.21,0.75
MSA,92.59,92.59,95.06,99.69,95.83,88.04,49,42,26,18,170.88,0.83,172.63,162.74,0.65
FCNCP,92.59,93.68,95.23,97.84,102.78,107.06,49,39,34,52,22.17,0.8,21.57,21.14,0.55
WAFDP,92.58,92.74,97.28,94.57,113.2,103.57,49,32,50,46,16.78,0.51,16.61,16.15,1.37
RACE,92.57,95.4,96.98,105.25,113.68,109.18,49,52,51,56,475.36,0.66,475.68,460.72,0.43
BLFS,92.57,95.87,99.06,100.96,115.66,127.72,49,44,61,76,24.7,0.53,24.09,24.35,0.51
ACIC,92.56,92.56,89.8,92.26,109.33,117.16,49,23,44,67,11.58,0.54,10.86,11.48,0.57
GLTO,92.56,92.56,69.09,90.12,57.16,81.23,49,20,4,12,4.41,0.22,3.34,3.78,0.17
AFBI,92.55,93.3,96.08,94.47,116.81,104.68,49,31,63,48,19.67,0.76,19.28,18.37,0.0
ICMB,92.54,93.18,97.06,98.04,110.32,111.69,49,39,46,60,2.77,0.75,2.73,2.71,0.51
NTRSO,92.54,92.97,95.14,94.76,106.81,98.2,49,32,40,30,20.27,0.42,20.16,19.53,0.45
VYX,92.54,95.69,101.04,121.33,97.37,94.48,49,72,28,25,12.6,0.65,13.16,11.9,0.45
COSO,92.53,94.89,96.1,94.89,114.01,101.26,49,32,54,38,23.03,0.81,21.69,21.17,0.21
SPH,92.52,93.57,93.09,93.9,125.16,117.3,49,30,73,67,18.56,0.45,18.4,18.81,0.61
VCIC,92.51,92.97,93.06,94.33,114.55,101.82,49,31,58,43,10.68,0.95,10.5,10.27,1.79
UE,92.51,93.0,97.58,98.15,104.0,105.13,49,39,36,49,20.08,0.61,20.02,19.23,0.38
TISI,92.47,93.79,114.86,127.6,221.98,175.82,48,76,94,90,17.05,0.35,17.96,17.9,0.55
AMZN,92.47,98.9,106.16,108.47,105.67,121.17,48,57,38,71,219.78,0.7,227.38,214.75,0.96
IVT,92.47,92.47,94.96,95.33,113.09,107.69,48,33,50,53,28.98,0.67,28.62,28.39,0.77
VNO,92.46,96.3,98.44,102.87,114.88,126.76,48,48,59,75,40.27,0.64,39.08,39.16,0.69
ACA,92.46,94.62,99.16,99.81,98.46,106.13,48,42,29,51,92.62,0.54,93.8,90.43,0.68
ANTA,92.46,92.46,97.8,97.8,114.01,101.26,48,38,54,38,11.93,0.2,12.22,12.13,0.38
RBB,92.46,93.74,100.05,101.63,90.22,96.47,48,46,20,27,19.06,0.46,19.29,17.97,0.31
APUS,92.45,96.28,96.28,101.34,114.01,101.26,48,45,54,38,1.93,0.54,1.87,1.84,0.58
MGLD,92.44,92.44,95.52,83.9,86.96,142.31,48,14,17,83,1.07,0.28,0.92,1.04,0.92
HAYW,92.44,92.44,101.27,104.09,98.57,99.96,48,50,29,32,14.85,0.67,15.52,14.55,0.66
MBWM,92.44,93.21,99.72,110.54,112.47,112.21,48,60,49,61,45.8,0.62,47.03,45.18,0.88
HQY,92.44,93.29,92.4,112.25,117.23,125.05,48,62,64,74,96.53,0.52,92.77,96.95,0.82
GEN,92.43,93.53,101.68,106.26,115.31,108.24,48,54,61,54,28.8,0.63,29.92,28.08,0.68
SWBI,92.42,92.42,85.83,76.35,91.5,77.3,48,9,21,10,9.7,0.36,8.38,9.22,0.68
CCK,92.39,92.39,99.04,118.37,115.53,108.31,48,69,61,54,97.07,0.64,98.78,93.22,0.95
PRT,92.35,94.61,95.88,105.52,121.58,121.62,48,53,70,71,3.94,0.75,3.95,3.85,0.67
BUSE,92.34,93.64,95.81,101.08,95.59,95.58,48,45,25,26,24.0,0.67,23.77,22.74,0.53
AEYE,92.33,92.33,86.94,78.93,79.7,143.58,48,10,12,83,14.21,0.18,12.52,13.45,0.82
FBGL,92.32,92.32,91.92,96.97,114.01,101.26,48,37,54,38,0.71,0.07,0.62,0.74,1.97
GPATU,92.3,92.44,96.31,96.73,116.07,103.78,48,36,62,47,10.72,0.73,10.67,10.49,0.0
ANSC,92.3,92.52,94.56,96.04,117.4,104.13,48,35,64,47,10.96,1.0,10.9,10.71,0.03
RNG,92.29,96.68,99.82,96.1,86.41,107.55,48,35,16,53,30.7,0.45,29.36,29.45,0.58
KWR,92.29,93.61,101.69,100.58,82.3,82.3,48,44,13,13,133.28,0.45,133.29,126.08,0.87
AXS,92.26,94.22,98.48,111.98,135.31,129.12,48,62,80,77,95.97,0.64,96.62,95.32,1.0
EXOD,92.25,96.01,106.55,142.35,324.26,1155.61,48,83,97,99,28.51,0.18,28.88,36.88,0.47
COP,92.25,92.25,95.96,93.11,101.89,97.18,48,28,33,28,98.48,0.58,94.38,93.71,1.01
RDACU,92.24,92.48,94.32,95.31,114.45,101.94,48,33,58,43,10.65,1.0,10.65,10.36,
AP,92.24,96.36,119.59,187.53,198.56,136.07,48,91,93,80,2.42,0.36,2.97,2.56,0.8
ST,92.24,93.52,102.99,114.16,92.03,85.09,48,65,21,15,30.2,0.67,31.56,27.85,0.87
OI,92.23,92.65,95.43,126.47,125.46,102.55,48,75,74,44,13.15,0.57,13.27,12.47,0.56
EPM,92.21,96.13,100.6,99.82,103.68,100.45,48,42,36,33,4.98,0.65,4.92,4.72,1.02
MDXG,92.16,92.72,92.54,95.81,107.85,130.67,48,34,42,77,6.94,0.34,7.03,7.47,0.84
LPAAU,92.16,92.4,94.26,95.91,115.48,102.27,48,35,61,44,10.59,0.79,10.57,10.36,0.0
CJMB,92.13,92.81,95.05,101.99,115.53,101.26,48,47,61,38,4.97,0.48,4.92,4.83,0.95
SIMA,92.12,92.43,92.84,95.16,115.17,102.36,48,33,60,44,10.52,1.0,10.45,10.28,0.0
BACQU,92.12,92.4,94.76,95.92,114.72,101.78,48,35,59,43,10.75,1.0,10.69,10.38,0.0
MARA,92.12,105.47,106.18,116.11,99.12,99.38,48,67,30,31,16.13,0.33,16.45,16.11,0.94
ADXN,92.12,102.97,116.24,110.69,115.0,100.37,48,60,60,33,8.94,0.48,8.44,8.1,0.19
MBAVU,92.1,92.64,93.38,137.29,127.13,102.58,48,81,75,45,11.2,0.17,11.3,11.04,0.0
LMT,92.1,92.1,87.07,90.22,105.74,98.19,48,20,38,30,487.44,0.42,446.93,456.98,0.51
WIX,92.1,94.5,95.08,88.35,106.27,152.47,48,18,39,86,177.42,0.47,147.75,176.1,0.69
LPAA,92.09,92.32,92.88,95.02,115.3,102.43,48,33,61,44,10.5,0.98,10.45,10.28,0.1
ENR,92.07,101.44,103.85,98.89,102.05,109.61,48,41,34,56,25.9,0.34,27.06,27.5,0.64
WMK,92.07,92.07,93.25,99.38,138.06,123.12,48,42,82,72,72.84,0.42,72.4,73.58,1.01
PRI,92.07,94.41,91.45,96.19,113.1,113.79,48,35,50,63,277.46,0.59,267.41,271.02,0.57
WTF,92.04,93.15,97.62,92.82,114.01,101.26,48,26,54,38,6.5,0.14,5.13,5.92,2.01
MACI,92.04,92.2,94.14,95.69,115.3,102.39,48,34,61,44,10.55,1.0,10.51,10.33,0.01
LODE,92.03,107.95,87.27,141.18,149.49,239.18,48,83,86,94,3.67,0.26,2.97,3.19,1.11
GRAF,92.01,92.42,93.93,95.36,115.17,101.82,48,33,60,43,10.54,0.84,10.5,10.31,1.51
DTIL,92.0,92.0,78.58,79.39,86.11,85.07,48,11,16,15,5.06,0.22,4.84,4.93,0.5
HEPS,92.0,93.4,91.23,98.59,134.54,161.37,48,40,80,88,2.81,0.43,2.78,2.93,0.4
NETD,92.0,92.68,95.05,95.42,117.07,104.39,48,34,64,48,11.22,0.85,11.26,11.03,0.01
OXY,91.99,91.99,95.39,90.03,94.1,92.29,48,20,24,22,47.47,0.62,45.13,44.95,1.13
LFCR,91.95,105.93,120.19,138.78,132.65,130.84,48,82,79,77,7.01,0.59,7.46,6.89,1.93
DTSQU,91.95,92.19,93.35,94.32,114.95,101.62,48,31,60,42,10.6,1.0,10.46,10.34,0.0
ARAY,91.95,100.0,96.55,85.91,99.32,130.19,48,15,30,77,1.67,0.31,1.5,1.7,0.88
ADAG,91.95,93.47,105.51,109.91,90.37,80.1,48,59,20,12,1.96,0.32,2.09,1.89,0.12
LEGT,91.95,92.46,94.2,96.27,117.34,102.92,48,35,64,45,10.75,0.92,10.74,10.55,0.39
BMBL,91.94,108.8,110.97,127.55,100.14,92.57,47,76,31,23,6.28,0.48,6.9,6.29,0.53
NOEMU,91.93,92.28,94.09,94.38,114.87,101.88,47,31,59,43,10.62,1.0,10.62,10.35,
UMBFO,91.93,92.07,93.09,92.82,114.01,101.26,47,26,54,38,27.76,1.0,26.58,26.25,0.16
INTU,91.93,91.93,91.01,117.35,120.85,95.29,47,68,69,26,698.26,0.59,711.76,664.55,0.74
PCSC,91.93,92.09,93.74,96.59,115.09,102.54,47,36,60,44,10.6,0.83,10.57,10.41,0.0
AUDC,91.92,98.22,100.08,99.38,100.7,119.49,47,42,32,69,9.66,0.47,9.81,9.63,0.82
DD,91.91,94.08,94.29,97.77,96.61,98.56,47,38,27,30,76.18,0.65,74.95,72.7,0.89
GIII,91.91,91.91,96.82,87.99,101.87,101.37,47,17,33,42,27.35,0.44,25.75,27.07,0.71
RRC,91.91,91.91,91.03,108.78,122.13,123.0,47,58,70,72,37.65,0.6,34.93,36.88,0.81
RFAI,91.9,92.23,94.01,94.93,116.21,102.41,47,32,62,44,10.64,1.0,10.6,10.43,0.0
GLP,91.9,94.66,97.84,103.56,129.02,122.01,47,49,76,71,49.99,0.5,51.0,50.89,1.22
TAK,91.87,93.36,96.32,103.6,127.08,112.77,47,50,75,62,14.74,0.73,14.82,14.34,0.37
OSBC,91.87,93.41,100.03,110.9,110.42,114.67,47,60,46,64,17.61,0.66,17.85,17.37,1.06
EURKU,91.86,91.86,95.11,95.81,116.2,102.44,47,34,62,44,10.89,0.99,10.77,10.54,2.56
DTSQ,91.85,92.18,92.97,94.68,115.16,101.9,47,32,60,43,10.49,1.0,10.44,10.29,0.0
IBAC,91.85,92.58,94.1,95.94,116.18,103.19,47,35,62,46,10.55,0.92,10.52,10.36,0.01
WAFD,91.84,92.17,94.01,98.57,100.18,96.79,47,40,31,28,30.96,0.54,30.54,29.43,0.62
FRGE,91.84,106.21,116.19,154.93,133.25,72.56,47,86,79,8,15.88,0.51,18.86,14.66,0.48
XPO,91.84,95.8,100.3,111.02,102.02,122.65,47,60,34,72,126.05,0.52,129.51,124.76,1.87
AAM,91.83,92.1,92.89,94.89,115.28,101.84,47,32,60,43,10.52,0.98,10.48,10.31,0.0
GPAT,91.81,92.1,94.37,95.31,115.95,102.32,47,33,62,44,10.59,0.98,10.58,10.4,0.0
SCI,91.8,91.8,91.5,98.15,115.44,106.25,47,39,61,51,82.11,0.66,79.09,78.55,0.66
NEWT,91.77,97.28,98.84,97.5,105.43,106.41,47,38,38,51,11.85,0.46,11.89,11.6,0.7
PRFX,91.75,95.09,87.67,156.52,150.17,306.66,47,87,86,96,1.39,0.09,1.47,2.29,0.04
ED,91.73,91.73,91.58,96.67,135.04,118.79,47,36,80,69,99.62,0.54,100.05,99.29,0.82
BAYA,91.73,91.73,94.38,98.27,119.06,105.81,47,39,67,50,11.13,0.7,11.12,10.95,1.41
WSBK,91.73,91.9,91.8,93.92,114.01,101.26,47,30,54,38,9.56,0.85,9.46,9.34,1.84
BSRR,91.69,93.69,98.59,114.1,119.92,120.63,47,64,68,70,29.65,0.59,29.86,28.68,0.61
FITBP,91.69,93.28,93.83,96.29,114.24,104.45,47,35,58,48,24.39,0.69,24.13,23.75,1.13
BILL,91.69,91.69,91.78,85.05,80.65,148.53,47,15,12,85,54.18,0.27,46.08,55.25,0.86
GOTU,91.69,99.64,110.04,122.06,116.4,118.81,47,72,62,69,3.21,0.53,3.64,3.21,0.85
KRNY,91.68,91.8,96.67,101.78,104.18,104.6,47,46,37,48,6.61,0.44,6.31,6.38,0.67
RFAIU,91.68,91.92,93.46,95.6,114.64,102.4,47,34,59,44,10.69,1.0,10.59,10.44,0.0
KR,91.65,91.71,102.7,113.01,141.61,124.79,47,63,83,74,65.46,0.57,69.25,66.42,0.62
HSCS,91.64,98.28,94.16,141.55,119.95,88.13,47,83,68,18,3.65,0.34,3.52,3.52,0.67
LTH,91.64,91.64,99.4,113.11,162.07,161.54,47,63,89,88,27.99,0.54,28.28,28.66,0.58
GIG,91.62,91.94,92.79,94.93,115.11,101.62,47,32,60,42,10.41,0.98,10.38,10.22,0.0
SIMAU,91.62,93.6,93.7,95.78,115.86,102.24,47,34,61,44,10.69,0.64,10.51,10.34,0.0
SFBS,91.61,93.31,100.54,103.51,115.04,115.45,47,49,60,65,82.59,0.49,83.16,81.4,0.66
MCHP,91.61,92.66,97.82,127.88,108.96,78.42,47,76,44,11,64.42,0.68,66.26,58.81,0.48
KMDA,91.6,97.89,103.17,126.84,127.88,129.05,47,75,76,76,6.67,0.54,7.18,6.91,1.31
CLH,91.58,92.0,96.73,97.41,100.73,102.26,47,38,32,44,231.95,0.61,238.28,225.92,1.0
LSE,91.58,91.58,93.36,102.6,110.68,108.7,47,48,46,55,5.44,0.13,5.44,5.72,0.36
POLEU,91.58,91.84,93.13,95.92,115.05,102.15,47,35,60,43,10.49,0.95,10.51,10.32,0.0
AMTD,91.56,105.96,106.83,90.02,86.58,82.84,47,20,17,13,1.17,0.34,1.08,1.06,0.55
VRTS,91.56,91.56,97.5,103.82,88.99,91.98,47,50,19,22,192.24,0.52,195.61,184.95,1.83
PX,91.56,100.84,102.94,101.62,119.04,132.34,47,46,67,78,11.23,0.46,12.14,11.8,0.68
LAMR,91.53,93.24,97.31,98.64,102.14,102.73,47,40,34,45,121.63,0.7,122.93,118.04,0.53
CUBWU,91.53,105.27,106.99,105.7,116.31,102.49,47,53,62,44,10.57,0.23,11.04,10.48,0.0
SPIR,91.52,104.04,89.41,117.17,113.33,189.59,47,68,50,92,11.17,0.28,9.96,11.4,0.47
TVA,91.5,92.02,91.83,92.83,114.01,101.26,47,28,54,38,10.65,0.89,10.15,10.1,3.84
PEBO,91.5,91.5,93.63,100.38,106.82,102.92,47,43,40,45,30.42,0.51,29.9,29.89,0.6
LGPS,91.48,96.43,100.09,95.82,114.01,101.26,47,34,54,38,1.1,0.05,1.02,1.89,0.19
CUB,91.48,91.77,93.75,95.47,115.34,102.3,47,34,61,44,10.5,0.91,10.49,10.33,0.0
ACCS,91.48,94.5,102.35,128.13,118.44,96.26,47,76,66,27,10.75,0.6,11.25,10.09,0.36
SGU,91.48,91.88,91.1,95.24,137.35,123.05,47,33,81,72,11.61,0.45,11.64,11.85,0.63
BAYAU,91.47,92.35,95.35,97.37,117.54,102.99,46,37,64,45,11.35,1.0,11.35,11.08,
SWKS,91.47,94.91,90.85,97.49,90.38,84.53,46,38,20,14,79.51,0.65,73.66,72.52,0.51
PINS,91.46,99.02,104.49,118.44,101.53,109.77,46,69,33,57,33.6,0.59,36.5,33.28,0.86
COLAU,91.45,91.69,93.45,94.4,114.01,101.26,46,31,54,38,10.75,1.0,10.71,10.41,0.0
AACBU,91.44,93.03,92.62,93.67,114.01,101.26,46,30,54,38,10.61,0.71,10.35,10.24,33.41
CAPNU,91.44,91.75,92.15,94.54,116.81,101.82,46,31,63,43,10.45,0.34,10.45,10.43,
ALF,91.43,91.94,94.07,96.01,115.25,102.24,46,35,60,44,10.56,0.88,10.53,10.36,0.37
FLS,91.42,101.41,103.33,101.7,99.79,119.83,46,46,31,70,54.05,0.6,54.29,52.74,0.81
NNVC,91.4,93.75,91.66,109.78,112.1,103.31,46,59,48,46,1.42,0.54,1.51,1.39,0.24
MTRX,91.4,94.02,118.03,119.6,115.98,125.83,46,70,62,74,12.93,0.5,14.38,13.17,1.25
TOUR,91.39,97.65,93.04,85.68,132.62,128.55,46,15,79,76,0.91,0.22,0.86,0.93,0.87
CNR,91.38,92.3,85.73,83.52,83.07,101.17,46,13,14,34,82.8,0.28,75.16,79.12,0.76
MET,91.38,91.38,94.09,95.9,108.57,110.29,46,35,43,58,81.62,0.75,78.44,78.89,0.68
HSPTU,91.38,91.61,92.55,93.81,114.78,102.01,46,30,59,43,10.49,0.89,10.4,10.26,0.0
WABC,91.38,91.38,91.74,99.51,105.62,104.16,46,42,38,47,50.05,0.51,49.03,49.1,0.85
CAPN,91.36,91.62,93.07,94.07,114.59,101.86,46,31,58,43,10.47,0.93,10.39,10.22,0.0
GAP,91.35,95.41,101.97,101.12,131.07,107.12,46,45,78,53,21.99,0.41,21.53,22.11,0.92
TBLA,91.35,92.56,90.72,107.72,111.42,98.14,46,56,48,29,3.51,0.56,3.37,3.41,0.62
ALFUU,91.34,91.72,93.79,98.59,115.85,102.06,46,40,61,43,10.65,0.65,10.63,10.46,0.55
BACQ,91.34,91.67,92.63,95.01,114.7,101.87,46,33,59,43,10.4,0.89,10.37,10.14,2.92
DSX,91.33,94.51,101.06,85.18,78.23,81.24,46,15,11,12,1.77,0.39,1.67,1.65,1.08
LUV,91.32,94.02,99.81,120.7,113.66,117.34,46,71,50,67,32.53,0.64,31.91,31.31,0.69
SOPA,91.32,103.26,107.3,134.23,126.05,385.05,46,80,74,97,1.15,0.1,1.25,1.27,0.61
REBN,91.3,99.02,108.13,118.95,232.11,370.07,46,70,95,97,2.44,0.22,2.69,2.9,0.31
ERIC,91.3,92.7,89.39,107.54,129.59,123.77,46,56,77,73,8.19,0.68,7.75,8.0,0.95
NETDU,91.27,91.51,93.45,95.23,122.71,108.59,46,33,71,55,11.35,0.82,11.32,11.21,0.0
CASH,91.26,91.26,95.83,111.61,124.84,119.99,46,61,73,70,76.04,0.58,76.85,76.91,0.63
FSBW,91.26,92.28,96.53,101.63,111.78,101.79,46,46,48,43,40.63,0.44,40.77,39.35,1.57
KW,91.24,93.44,98.4,99.9,93.76,95.56,46,43,23,26,8.38,0.46,8.16,7.97,0.92
NTWOU,91.23,91.51,93.79,94.97,114.78,101.86,46,32,59,43,10.48,0.98,10.47,10.24,0.0
MACIU,91.23,91.46,93.98,95.87,117.43,102.16,46,35,64,43,10.49,0.46,10.49,10.38,0.0
RSG,91.22,91.22,92.76,106.9,133.67,118.73,46,55,79,69,228.21,0.52,233.26,232.5,0.74
BYFC,91.22,95.57,107.59,117.75,120.88,144.0,46,68,69,83,7.41,0.51,7.71,7.2,0.23
BBDC,91.21,92.02,98.16,100.41,109.56,107.46,46,44,44,53,8.95,0.65,9.25,8.87,0.92
GIGGU,91.21,91.61,93.72,95.89,115.97,102.19,46,35,62,44,10.48,0.46,10.49,10.31,0.0
SCM,91.21,95.03,105.71,109.55,113.51,116.55,46,59,50,66,13.32,0.56,14.28,13.46,0.99
AVA,91.16,91.16,89.58,95.51,131.52,114.74,46,34,78,64,37.62,0.5,36.73,37.25,0.73
YHNA,91.16,91.4,93.36,94.04,114.64,101.7,46,31,59,42,10.47,0.98,10.43,10.26,0.0
HCM,91.15,97.39,97.54,104.95,102.29,99.89,46,52,34,32,15.64,0.4,16.56,15.28,0.5
PGACU,91.15,91.56,90.93,93.25,115.1,102.15,46,29,60,43,10.45,1.0,10.26,10.21,0.0
OACCU,91.14,91.34,93.0,94.8,114.5,101.77,46,32,58,43,10.65,0.62,10.65,10.43,0.0
TAVI,91.13,91.36,92.28,94.13,114.65,101.26,46,31,59,38,10.34,1.0,10.29,10.13,0.0
ALCY,91.12,95.18,94.41,98.72,119.71,104.88,46,40,68,49,11.51,0.46,11.61,11.4,0.06
POLE,91.12,93.22,93.2,94.54,114.69,101.8,46,31,59,43,10.46,0.66,10.43,10.23,0.02
RMCF,91.12,109.36,114.33,105.03,85.95,103.37,46,52,16,46,1.63,0.24,1.61,1.64,0.13
FGMCU,91.12,91.43,93.18,94.0,114.01,101.26,46,30,54,38,10.3,1.0,10.19,9.97,0.0
JACS,91.11,91.11,92.4,93.74,114.01,101.26,46,30,54,38,10.39,1.0,10.34,10.2,0.02
TKR,91.11,92.63,95.92,99.88,95.72,95.72,46,43,26,26,75.55,0.65,77.06,73.51,0.65
SMXT,91.11,91.11,90.98,106.64,85.31,139.43,46,55,15,82,1.04,0.25,1.1,1.24,0.01
TDACU,91.1,91.1,91.95,93.68,114.73,101.26,46,30,59,38,10.46,0.88,10.4,10.24,2.13
FMAO,91.1,91.1,95.32,103.83,106.66,114.39,46,50,40,64,26.29,0.44,25.66,25.34,1.19
MBINM,91.09,91.09,94.41,94.99,116.69,105.19,46,32,63,49,24.9,0.99,24.74,24.48,0.14
BHR,91.09,94.96,100.83,99.31,101.86,114.42,46,41,33,64,2.8,0.56,2.52,2.49,0.72
YHNAU,91.09,91.45,92.46,95.04,115.32,101.02,46,33,61,34,10.45,0.46,10.45,10.34,
WTFCN,91.09,91.19,93.0,94.15,114.01,101.26,46,31,54,38,27.04,0.91,26.6,26.13,1.18
AA,91.09,91.09,94.43,91.59,91.82,99.96,46,22,21,32,32.71,0.42,31.18,31.4,1.13
AVT,91.07,93.5,96.74,104.51,103.94,96.34,46,51,36,27,51.94,0.72,53.15,50.93,0.52
CVBF,91.07,93.36,97.06,109.14,105.94,112.84,46,58,39,62,19.39,0.45,19.73,19.48,0.89
VSTD,91.07,99.28,105.24,156.52,519.14,498.95,46,87,98,98,1.78,0.24,1.71,2.39,0.2
EXLS,91.06,91.06,91.83,101.37,130.18,132.04,45,45,77,78,43.75,0.45,43.13,45.64,0.65
MAYAU,91.03,92.09,93.09,94.03,114.01,101.26,45,31,54,38,10.65,0.64,10.69,10.44,0.0
CQP,91.03,91.45,92.45,99.33,139.7,130.46,45,41,82,77,54.03,0.43,54.02,56.71,0.73
CVGW,91.0,91.64,105.45,104.47,118.24,92.09,45,51,65,22,26.24,0.7,27.07,25.37,1.2
RNXT,90.99,99.28,99.28,127.78,127.6,126.48,45,76,75,75,1.18,0.53,1.16,1.17,0.48
BKHAU,90.98,91.22,91.28,92.18,117.07,102.37,45,23,64,44,10.77,0.24,10.59,10.66,0.0
ASPCU,90.98,91.26,96.5,94.07,114.68,101.94,45,31,59,43,10.46,0.47,10.51,10.28,12.54
NVR,90.98,91.98,97.82,96.89,100.86,90.37,45,37,32,20,8032.78,0.41,8035.9,7642.17,0.68
BSX,90.97,91.6,104.4,110.11,127.66,126.23,45,59,75,75,98.18,0.6,103.77,100.93,1.01
BG,90.97,90.97,95.48,98.66,98.45,83.31,45,40,29,14,81.97,0.52,80.72,77.02,1.14
DJCO,90.96,93.04,99.09,95.58,98.69,131.0,45,34,29,78,462.62,0.43,438.62,432.92,1.32
SELF,90.94,90.94,94.41,101.42,117.68,109.43,45,45,65,56,5.06,0.42,5.13,5.09,1.13
AFJKU,90.94,91.17,93.19,95.63,118.88,108.0,45,34,66,54,11.25,0.75,11.25,11.19,
HNGE,90.94,100.27,113.49,109.44,114.01,101.26,45,58,54,38,48.46,0.53,54.05,48.86,1.21
RDAC,90.92,91.16,92.29,93.74,114.8,101.94,45,30,59,43,10.41,0.98,10.37,10.21,0.0
ARLP,90.92,90.92,88.56,100.68,128.03,120.91,45,44,76,70,24.54,0.46,24.42,25.02,0.57
LGL,90.91,97.33,97.86,116.82,126.21,125.9,45,67,74,74,6.7,0.55,6.89,6.71,1.07
NWFL,90.91,94.5,94.31,98.53,103.8,94.72,45,40,36,25,26.0,0.48,25.51,25.22,0.39
ACEL,90.9,90.9,93.42,106.73,111.37,102.66,45,55,48,45,11.37,0.53,11.6,11.24,0.62
FORL,90.89,92.6,95.5,96.68,117.85,105.03,45,36,65,49,11.49,0.55,11.62,11.39,0.0
FACTU,90.89,91.12,93.55,95.59,116.16,101.7,45,34,62,42,10.37,0.53,10.41,10.21,15.22
CHAR,90.89,91.12,92.91,94.06,114.81,101.87,45,31,59,43,10.35,0.92,10.32,10.16,4.58
OACC,90.89,91.08,91.98,94.73,114.83,101.26,45,32,59,38,10.5,0.86,10.45,10.28,0.0
RVSB,90.88,90.88,88.19,105.39,137.98,112.98,45,53,82,62,5.4,0.47,5.09,5.47,3.38
MLACU,90.87,91.11,92.19,94.22,114.64,101.26,45,31,59,38,10.46,0.77,10.48,10.3,0.0
VACH,90.87,91.14,93.02,94.31,115.16,101.86,45,31,60,43,10.46,0.92,10.42,10.26,0.17
REG,90.85,91.01,93.04,95.4,118.18,112.11,45,34,65,60,71.52,0.65,71.11,70.7,0.57
LPBB,90.85,91.11,92.29,94.94,114.74,101.74,45,32,59,43,10.43,0.86,10.42,10.23,0.59
PEB,90.84,94.46,97.29,93.26,79.94,91.68,45,29,12,21,11.47,0.52,10.78,11.0,0.56
PAA,90.82,91.39,97.09,100.45,122.91,121.55,45,44,71,71,17.72,0.54,17.7,17.73,2.65
FVN,90.82,91.14,93.14,94.31,114.73,101.74,45,31,59,43,10.46,0.96,10.42,10.25,0.0
WAB,90.81,90.91,94.36,109.85,112.62,115.99,45,59,49,66,196.67,0.68,193.55,193.58,0.79
CMND,90.81,96.6,96.6,81.35,87.14,99.45,45,12,17,31,1.05,0.23,1.03,1.11,0.16
FVR,90.8,93.14,91.86,92.03,92.33,92.01,45,22,22,22,13.61,0.35,12.92,13.73,0.33
UNP,90.79,90.79,87.46,94.03,103.64,104.85,45,31,36,49,235.2,0.67,221.95,226.76,0.96
SLRC,90.78,93.26,97.13,101.27,117.84,115.11,45,45,65,65,15.44,0.65,15.96,15.66,1.56
TOST,90.78,100.02,112.37,135.65,139.84,150.64,45,81,83,86,37.21,0.46,43.48,39.96,0.66
ANSCU,90.78,91.02,92.99,102.38,117.15,103.8,45,47,64,47,10.82,0.27,11.04,10.79,0.0
LUCK,90.77,90.77,97.25,97.9,89.28,99.56,45,39,19,32,10.07,0.46,10.06,9.83,1.38
RMAX,90.77,90.77,94.79,96.6,91.55,94.35,45,36,21,25,9.73,0.38,8.95,8.91,0.59
ABOS,90.77,92.3,92.12,99.46,71.2,60.85,45,42,8,5,1.42,0.22,1.4,1.34,5.9
ALDFU,90.76,91.02,99.17,97.33,114.64,101.99,45,37,59,43,10.75,0.43,10.62,10.43,0.0
AACI,90.76,90.76,91.39,92.82,114.01,101.26,45,26,54,38,10.4,1.0,10.21,10.17,0.0
SGA,90.74,90.89,96.87,100.85,98.35,89.18,45,44,29,19,12.53,0.64,12.51,11.85,0.38
AACIU,90.74,90.94,93.35,93.97,114.01,101.26,45,30,54,38,10.55,0.73,10.45,10.3,0.0
IPG,90.73,90.73,94.94,95.15,94.11,94.54,45,33,24,25,26.35,0.49,25.75,25.48,1.03
SYNA,90.72,93.7,95.58,100.02,86.12,93.22,45,43,16,24,69.59,0.59,68.08,67.32,0.56
NHTC,90.71,92.23,90.01,86.92,106.35,103.02,45,16,39,45,4.44,0.41,4.49,4.45,0.13
LCFY,90.7,168.42,145.55,171.97,121.92,185.18,45,90,70,91,6.87,0.62,5.46,5.58,0.91
SMA,90.7,90.7,92.16,96.07,114.01,101.26,45,35,54,38,36.9,0.75,36.2,35.47,1.08
LUCD,90.69,91.18,115.78,112.69,219.95,187.17,45,63,94,91,1.03,0.3,1.09,1.16,0.52
GBR,90.68,90.68,98.18,108.2,156.35,98.5,45,57,88,30,1.07,0.36,0.98,1.01,0.45
LUNR,90.67,102.32,102.32,157.77,172.54,464.67,45,87,91,98,10.08,0.22,9.93,12.05,0.68
CGNT,90.67,90.91,94.29,112.21,135.15,138.38,45,62,80,81,8.35,0.38,8.81,9.23,0.67
BGM,90.67,100.7,97.25,168.64,238.69,249.24,45,89,95,95,10.16,0.38,8.6,10.23,1.31
BXMT,90.66,91.71,100.57,105.29,119.3,117.92,45,53,67,68,18.73,0.63,19.21,18.62,1.25
TTAN,90.66,97.3,102.2,98.84,118.39,101.26,45,41,66,38,105.08,0.48,109.99,106.22,0.7
GPCR,90.66,91.58,81.24,78.52,87.02,70.07,45,10,17,7,25.0,0.36,19.75,22.69,0.86
NNN,90.66,90.66,93.12,97.67,109.81,102.16,45,38,45,43,42.37,0.58,42.16,40.75,1.17
AVXL,90.64,93.58,120.15,160.64,163.78,240.29,44,88,89,94,8.66,0.43,10.06,9.41,0.75
QLYS,90.64,90.64,89.88,101.98,101.16,91.29,44,47,32,21,136.66,0.49,133.95,135.25,0.72
MSN,90.64,100.84,107.98,99.84,102.88,106.65,44,42,35,52,0.44,0.52,0.44,0.43,0.14
FGMC,90.63,90.83,93.05,94.02,114.01,101.26,44,30,54,38,10.0,1.0,9.96,9.78,0.42
RNR,90.63,90.73,90.54,94.18,107.4,101.08,44,31,41,34,250.61,0.47,242.29,242.49,0.73
QETAU,90.63,91.05,93.26,95.4,116.55,103.57,44,34,63,46,10.84,0.42,10.84,10.74,
FACT,90.63,91.02,92.3,94.33,114.65,101.26,44,31,59,38,10.28,0.92,10.29,10.12,0.59
KROS,90.62,90.62,86.8,77.28,74.61,38.18,44,9,9,2,16.05,0.11,14.91,14.37,0.95
FR,90.61,90.61,91.83,93.34,109.38,110.43,44,29,44,58,51.37,0.61,50.48,50.48,0.85
TTC,90.61,91.01,97.13,94.89,90.62,91.03,44,32,20,21,76.39,0.55,77.29,75.73,0.6
FONR,90.61,91.75,94.02,102.58,93.06,90.22,44,48,23,20,15.36,0.58,15.55,14.67,0.71
SQFT,90.6,101.94,137.78,181.23,96.15,92.56,44,91,26,23,5.99,0.18,5.8,6.21,0.04
FVNNU,90.59,90.99,93.07,94.26,113.58,102.78,44,31,50,45,10.5,0.22,10.51,10.42,0.0
KKR,90.57,102.63,104.0,111.37,100.01,133.73,44,61,31,79,134.01,0.56,142.95,133.44,1.36
FERAU,90.55,90.78,92.91,94.04,114.01,101.26,44,31,54,38,10.5,1.0,10.49,10.3,0.0
ALDF,90.54,90.73,92.05,95.27,114.95,101.26,44,33,60,38,10.4,0.78,10.42,10.23,0.31
TTNP,90.54,91.6,99.59,110.17,117.83,86.78,44,59,65,16,4.15,0.43,4.39,4.03,0.15
FWRD,90.54,97.15,125.71,148.54,95.27,106.52,44,85,25,51,26.73,0.55,29.29,25.26,0.92
CCIX,90.54,90.86,90.8,94.28,118.37,103.61,44,31,66,46,10.53,0.36,10.54,10.62,2.33
DRDBU,90.53,90.84,92.06,96.38,114.88,101.26,44,36,59,38,10.55,0.76,10.6,10.33,0.0
DOC,90.53,90.53,88.13,87.05,106.43,106.41,44,16,40,51,18.94,0.48,17.67,18.24,1.04
FPI,90.52,91.36,93.82,101.54,113.34,112.37,44,46,50,61,10.91,0.56,10.87,11.01,0.73
MAYA,90.51,90.75,91.9,93.5,114.01,101.26,44,29,54,38,10.23,0.95,10.18,10.07,0.09
NPCE,90.49,91.93,92.62,112.78,191.97,155.25,44,63,93,87,10.2,0.35,9.28,11.44,0.66
OFS,90.49,92.24,103.05,101.47,122.08,113.86,44,46,70,63,7.8,0.51,8.12,7.87,1.8
BEAGU,90.48,90.6,92.94,94.81,114.32,102.14,44,32,58,43,10.6,0.58,10.68,10.49,4.76
NREF,90.47,92.06,94.0,96.28,115.97,114.44,44,35,62,64,14.12,0.59,14.17,14.0,0.93
RIG,90.46,102.14,89.73,87.41,83.59,77.36,44,17,14,10,3.19,0.42,3.08,3.08,2.35
EXP,90.44,90.44,95.51,91.54,97.11,93.22,44,22,27,24,232.26,0.32,228.72,228.5,0.62
MWG,90.43,94.56,105.83,81.48,111.02,111.05,44,12,47,59,0.3,0.24,0.27,0.28,0.3
MOMO,90.42,95.84,121.5,136.78,131.0,120.32,44,81,78,70,7.37,0.56,8.07,7.17,1.06
RIBB,90.42,90.6,91.86,93.31,114.01,101.26,44,29,54,38,10.25,1.0,10.2,10.11,5.52
NOEM,90.41,90.75,92.53,93.5,114.01,101.26,44,29,54,38,10.2,1.0,10.13,10.0,14.05
IPM,90.4,91.43,105.82,92.32,93.84,82.48,44,23,23,13,2.0,0.25,1.99,1.95,0.05
RPM,90.39,93.75,96.59,97.66,102.77,99.25,44,38,34,31,117.01,0.5,121.91,117.35,1.2
CIM,90.39,90.61,99.71,104.02,103.47,104.94,44,50,36,49,13.68,0.74,13.9,13.24,1.09
QSEAU,90.39,90.62,91.96,93.48,114.01,101.26,44,29,54,38,10.4,1.0,10.37,10.26,0.0
BEAG,90.38,90.68,91.73,95.11,115.09,101.26,44,33,60,38,10.37,0.69,10.4,10.23,0.1
PR,90.38,90.38,99.44,98.82,101.74,100.66,44,41,33,33,13.68,0.64,13.57,13.39,1.97
NLOP,90.36,91.53,96.86,109.67,116.78,115.96,44,59,63,66,29.28,0.77,29.74,28.64,0.86
NBHC,90.36,90.36,94.43,96.34,100.6,105.16,44,36,32,49,39.47,0.37,38.36,38.83,0.93
SVCC,90.33,90.48,91.82,93.71,114.01,101.26,44,30,54,38,10.31,0.85,10.28,10.17,0.35
LEN,90.31,90.31,98.89,97.26,85.15,78.71,44,37,15,11,126.04,0.31,126.87,120.15,0.69
CHACU,90.31,90.31,91.9,92.82,114.01,101.26,44,26,54,38,10.55,1.0,10.28,10.23,28.05
EQV,90.3,90.61,92.68,95.3,114.76,101.72,44,33,59,42,10.39,0.66,10.39,10.23,0.19
ASPC,90.29,90.52,92.33,93.49,114.6,101.26,44,29,59,38,10.35,0.93,10.29,10.16,29.64
PAGP,90.29,91.18,97.32,99.14,123.12,122.11,44,41,71,72,18.84,0.55,18.96,18.95,0.45
SLAB,90.29,93.52,106.74,122.42,117.59,125.92,44,73,64,74,130.64,0.61,134.61,129.62,0.96
ANDE,90.29,90.29,93.18,92.53,95.7,93.83,44,23,25,24,40.63,0.52,38.65,39.19,0.97
HSPT,90.28,90.5,92.35,93.23,114.01,101.26,44,29,54,38,10.34,0.97,10.29,10.18,13.42
KIM,90.28,90.53,95.64,95.09,106.01,104.06,44,33,39,47,21.59,0.52,21.66,21.18,0.84
AIOT,90.28,93.99,91.71,81.22,115.4,168.1,44,12,61,89,5.19,0.3,4.67,5.42,0.39
AMTM,90.27,95.13,108.86,108.79,108.79,97.23,44,58,43,28,22.57,0.36,24.42,21.88,0.56
GFL,90.27,90.27,98.41,108.3,132.1,120.18,44,57,78,70,46.63,0.6,48.62,47.43,0.8
SMMT,90.26,90.26,134.42,161.9,393.24,325.13,44,88,98,97,20.95,0.21,24.3,22.1,0.83
IRM,90.26,91.22,88.19,101.13,105.21,111.45,44,45,38,59,100.93,0.52,94.89,95.05,0.77
COLA,90.26,90.42,91.83,93.38,114.01,101.26,44,29,54,38,10.23,1.0,10.19,10.11,0.13
MDV,90.25,91.19,95.48,97.83,117.81,105.6,43,39,65,50,14.84,0.41,14.74,14.54,0.77
OPTX,90.25,107.06,146.71,132.18,122.11,149.69,43,79,70,85,1.55,0.26,1.67,1.66,0.32
TDAC,90.25,90.5,92.48,93.56,114.01,101.26,43,29,54,38,10.36,1.0,10.33,10.21,0.0
BAER,90.24,90.62,98.14,108.39,86.96,98.83,43,57,17,30,1.66,0.23,1.9,1.9,1.04
KFY,90.23,92.85,98.77,101.72,104.02,100.68,43,46,36,33,70.38,0.63,72.33,68.09,0.78
FSHPU,90.23,90.69,91.78,99.36,116.06,102.18,43,42,62,44,10.67,0.66,10.56,10.56,4.17
RANG,90.22,90.47,92.1,93.49,114.01,101.26,43,29,54,38,10.29,0.7,10.26,10.14,0.0
MAS,90.22,92.32,97.1,98.4,96.8,98.95,43,40,27,31,70.44,0.47,71.33,69.33,0.71
WW,90.21,90.21,91.39,92.82,114.01,101.26,43,26,54,38,27.58,0.03,34.06,34.39,0.84
BBY,90.21,90.21,90.27,90.24,88.75,106.97,43,20,18,52,76.15,0.49,71.0,72.95,0.86
NWBI,90.21,90.3,93.13,104.69,106.76,101.91,43,52,40,43,12.52,0.52,12.32,12.24,0.54
NTWO,90.21,90.36,92.71,93.75,114.6,101.26,43,30,59,38,10.35,0.95,10.34,10.16,3.57
ET,90.2,91.13,95.08,99.59,115.55,123.8,43,42,61,73,17.46,0.51,17.41,17.69,0.81
DMAA,90.2,90.48,92.34,93.41,114.01,101.26,43,29,54,38,10.28,0.91,10.27,10.15,0.12
HVIIU,90.19,90.39,92.56,94.42,114.01,101.26,43,31,54,38,10.5,0.9,10.47,10.28,0.0
EGBN,90.19,91.6,93.97,94.6,99.14,107.71,43,32,30,53,20.87,0.38,18.91,20.77,0.48
FITBO,90.17,90.17,90.91,89.79,108.89,104.39,43,19,43,48,20.59,0.42,20.22,20.53,0.75
MAR,90.16,92.33,93.74,104.08,103.42,112.46,43,50,35,61,264.21,0.59,266.02,264.26,0.94
HVII,90.14,90.38,92.53,93.84,114.01,101.26,43,30,54,38,10.19,0.66,10.17,10.03,0.0
PRK,90.14,90.86,94.53,104.29,107.56,110.86,43,51,42,58,165.71,0.42,167.12,163.14,0.5
SVCCU,90.14,90.38,91.92,93.65,114.01,101.26,43,30,54,38,10.4,0.3,10.33,10.26,0.0
WM,90.14,90.16,90.91,98.6,122.38,109.43,43,40,71,56,218.69,0.48,224.51,223.38,0.85
PGAC,90.13,90.4,92.16,93.45,114.01,101.26,43,29,54,38,10.26,0.95,10.23,10.11,0.0
GSHRU,90.13,90.51,91.9,93.45,114.01,101.26,43,29,54,38,10.3,0.59,10.33,10.21,0.0
PLMK,90.13,90.36,92.23,93.71,114.01,101.26,43,30,54,38,10.33,0.97,10.29,10.17,0.01
ZIONP,90.12,90.22,93.39,96.3,120.69,114.02,43,35,69,63,22.16,0.49,22.78,22.65,0.29
TAVIU,90.11,90.52,91.98,95.08,114.69,102.94,43,33,59,45,10.44,0.67,10.49,10.31,0.0
CNM,90.1,90.1,117.43,118.81,119.45,106.7,43,69,67,52,52.82,0.44,60.58,55.11,1.55
MOFG,90.1,90.68,94.59,107.23,121.84,116.04,43,55,70,66,28.82,0.49,28.83,28.91,0.59
CCIXU,90.09,90.29,95.39,95.1,117.81,105.58,43,33,65,50,10.66,0.24,10.79,10.84,0.0
ROCK,90.08,90.08,90.56,97.28,92.95,93.87,43,37,22,24,62.91,0.53,62.54,60.89,0.86
PLBC,90.07,90.07,94.99,107.09,122.89,113.69,43,55,71,63,43.99,0.58,42.63,43.58,0.88
MFC,90.05,93.02,95.82,103.66,118.16,113.79,43,50,65,63,30.78,0.71,30.82,30.38,0.34
BSM,90.04,90.25,85.54,85.79,109.78,108.71,43,15,45,55,13.37,0.58,12.35,13.27,0.84
ESOA,90.03,90.03,86.94,107.96,114.94,164.38,43,57,60,89,10.23,0.21,10.09,10.54,0.46
ABG,90.03,90.39,96.2,102.96,105.1,120.24,43,48,38,70,239.0,0.3,240.35,244.46,0.95
IVR,90.02,90.02,98.53,98.3,102.07,110.66,43,40,34,58,7.46,0.66,7.62,7.43,0.75
KFII,90.02,90.25,91.72,93.68,114.01,101.26,43,30,54,38,10.22,1.0,10.19,10.1,0.0
DRDB,90.01,90.28,91.94,93.97,114.01,101.26,43,30,54,38,10.32,0.86,10.28,10.17,0.0
YJ,90.01,95.23,95.41,100.88,94.16,101.03,43,44,24,34,1.91,0.45,1.81,1.76,0.51
MLAC,90.01,90.27,92.44,93.62,114.01,101.26,43,29,54,38,10.3,0.95,10.29,10.16,0.0
KRP,90.01,90.35,94.36,102.29,98.3,99.25,43,47,29,31,13.87,0.72,13.89,13.49,0.69
PETZ,90.0,91.7,93.62,89.6,109.26,121.33,43,19,44,71,1.09,0.3,1.04,1.1,0.05
GFAI,90.0,98.2,92.35,95.18,89.71,145.25,43,33,19,84,1.12,0.13,1.17,1.25,0.63
WASH,89.99,90.55,93.9,97.91,112.12,111.5,43,39,49,60,29.26,0.3,28.83,29.08,0.55
EAT,89.99,95.07,120.51,159.41,206.96,263.61,43,87,94,95,132.19,0.5,153.47,153.93,0.89
MCGAU,89.97,93.51,91.39,92.82,114.01,101.26,43,26,54,38,11.02,0.51,11.16,11.13,0.02
PELIU,89.97,90.38,92.05,92.82,114.01,101.26,43,26,54,38,10.35,1.0,10.23,10.18,0.0
ADUS,89.96,90.45,93.28,95.13,101.56,108.5,43,33,33,55,117.34,0.6,112.2,111.74,0.67
GLPI,89.95,89.95,92.31,93.9,117.0,111.13,43,30,63,59,46.88,0.57,46.39,46.42,0.8
BUSEP,89.95,90.19,91.7,93.03,114.01,101.26,43,28,54,38,25.5,0.98,25.39,25.23,0.31
KFIIU,89.94,90.17,92.34,93.82,114.01,101.26,43,30,54,38,10.34,1.0,10.31,10.2,0.0
CHAC,89.94,89.99,91.74,92.82,114.01,101.26,43,26,54,38,10.21,1.0,10.05,10.02,2.73
PLMKU,89.92,90.15,92.11,93.7,114.01,101.26,43,30,54,38,10.36,0.35,10.36,10.24,
RAAQU,89.92,90.16,91.96,93.26,114.01,101.26,43,29,54,38,10.5,0.98,10.37,10.3,0.0
PMTR,89.9,90.22,91.39,92.82,114.01,101.26,43,26,54,38,10.25,0.75,10.24,10.21,0.27
ARMK,89.89,89.89,94.4,113.46,110.59,106.03,43,64,46,51,38.42,0.59,39.9,38.06,0.93
ATIIU,89.88,89.88,92.1,94.11,114.01,101.26,42,31,54,38,10.31,0.43,10.35,10.24,0.0
MCHPP,89.87,90.35,95.26,115.59,114.01,101.26,42,66,54,38,59.15,0.71,61.02,56.94,2.55
BSAAU,89.87,90.05,91.39,92.82,114.01,101.26,42,26,54,38,10.17,0.52,10.13,10.1,0.74
TS,89.87,90.86,101.11,108.94,116.93,117.31,42,58,63,67,35.36,0.63,35.93,35.78,1.17
RVSN,89.84,95.73,87.22,79.82,79.99,273.77,42,11,12,96,0.39,0.05,0.38,0.53,0.49
DMAAU,89.84,90.45,92.72,94.45,114.01,101.26,42,31,54,38,10.4,0.67,10.52,10.24,
TRGP,89.84,89.84,91.03,98.29,143.64,159.58,42,39,84,88,174.19,0.44,165.24,176.18,0.69
UYSC,89.83,90.1,91.79,92.82,114.01,101.26,42,26,54,38,10.15,1.0,10.11,10.08,0.0
DRH,89.83,90.84,97.54,97.59,93.29,95.27,42,38,23,26,8.1,0.6,8.12,8.0,0.87
BLUWU,89.82,90.01,91.39,92.82,114.01,101.26,42,26,54,38,10.11,0.92,10.05,10.03,0.01
EARN,89.81,90.43,92.81,100.69,94.09,102.58,42,44,24,45,5.7,0.76,5.68,5.58,0.4
UHT,89.81,89.98,95.06,100.42,120.12,109.23,42,44,68,56,39.09,0.6,39.46,38.13,0.88
ROG,89.8,89.8,91.11,87.36,72.85,81.27,42,17,8,12,80.04,0.45,75.14,77.14,0.5
PK,89.79,92.78,95.98,93.43,82.26,90.99,42,29,13,21,11.52,0.5,11.32,11.29,0.96
TACHU,89.79,90.17,91.72,92.82,114.01,101.26,42,26,54,38,10.27,0.63,10.24,10.17,0.38
SVC,89.76,90.53,94.85,105.78,75.78,83.19,42,53,10,13,2.75,0.32,2.72,2.51,0.58
WTGUU,89.76,90.03,91.9,92.82,114.01,101.26,42,26,54,38,10.17,0.69,10.16,10.12,0.0
MATW,89.76,96.28,99.16,104.31,92.5,113.73,42,51,22,63,24.07,0.48,24.35,23.83,0.81
AWK,89.75,89.75,95.28,99.05,129.75,114.94,42,41,77,64,136.36,0.56,141.08,136.73,0.67
WD,89.75,93.52,95.98,97.87,89.8,88.42,42,39,19,18,83.36,0.38,81.65,81.12,0.67
TBN,89.75,92.96,98.43,99.06,120.0,121.74,42,41,68,71,21.16,0.38,20.8,21.52,1.56
DE,89.74,91.13,98.82,112.97,124.06,122.06,42,63,72,71,463.99,0.54,490.06,478.34,0.79
ENTG,89.73,92.53,92.88,91.07,80.07,87.52,42,21,12,17,93.09,0.57,84.38,88.28,0.48
AACB,89.72,89.89,91.54,92.82,114.01,101.26,42,26,54,38,10.18,1.0,10.14,10.08,0.04
YETI,89.72,90.23,95.03,103.6,89.37,91.7,42,50,19,21,34.41,0.42,35.51,34.32,0.75
QSEA,89.72,89.96,91.81,92.82,114.01,101.26,42,26,54,38,10.14,0.94,10.11,10.07,0.98
IPOD,89.72,90.08,91.39,92.82,114.01,101.26,42,26,54,38,10.12,0.8,10.07,10.06,0.62
BPRN,89.72,92.74,94.61,98.06,100.56,94.29,42,39,32,25,32.25,0.48,32.25,31.36,1.05
WDAY,89.71,89.71,83.4,91.63,107.59,100.12,42,22,42,32,246.67,0.52,230.18,245.26,0.97
VRRM,89.71,90.41,94.3,99.34,99.84,100.42,42,42,31,33,24.48,0.59,24.62,24.02,1.15
GSRT,89.71,92.53,91.45,97.66,114.58,101.26,42,38,58,38,10.42,0.39,10.5,10.3,2.32
IMOS,89.71,94.83,92.11,94.07,92.07,83.79,42,31,21,14,18.86,0.6,17.4,17.63,0.61
RSVR,89.71,91.74,92.28,95.63,103.63,108.72,42,34,36,55,7.87,0.36,7.82,7.78,0.32
OYSEU,89.7,89.96,91.72,92.82,114.01,101.26,42,26,54,38,10.19,0.76,10.17,10.14,0.6
CIVB,89.69,91.55,95.64,125.92,129.34,118.51,42,75,77,68,20.66,0.48,20.45,20.89,0.79
FIGXU,89.68,89.92,91.39,92.82,114.01,101.26,42,26,54,38,10.07,0.68,10.06,10.05,0.0
FELE,89.68,89.74,94.44,94.45,98.74,100.02,42,31,29,32,95.1,0.44,95.2,94.07,0.68
MBAV,89.68,90.01,89.71,101.34,115.44,101.87,42,45,61,43,10.56,0.16,10.57,10.56,0.38
SIRI,89.68,92.81,92.81,95.8,92.18,94.8,42,34,22,25,22.7,0.43,22.85,22.37,0.66
BOWN,89.67,92.78,106.99,115.21,207.88,95.25,42,66,94,26,9.19,0.54,9.19,8.66,
COPL,89.65,89.85,91.68,92.82,114.01,101.26,42,26,54,38,10.11,1.0,10.08,10.07,0.0
STBA,89.65,90.65,93.93,102.5,111.15,106.49,42,47,47,51,38.27,0.56,38.11,37.48,0.87
ARW,89.65,89.65,97.14,108.85,103.06,87.67,42,58,35,17,120.92,0.65,124.63,117.12,0.64
USIO,89.65,91.4,97.76,110.65,108.93,158.71,42,60,43,88,1.47,0.15,1.56,1.6,0.44
KCHVU,89.64,89.8,91.98,92.82,114.01,101.26,42,26,54,38,10.24,0.76,10.21,10.17,0.34
UXIN,89.64,112.79,112.79,138.44,192.93,174.8,42,82,93,90,3.51,0.23,3.75,4.15,1.46
CNK,89.64,89.64,85.84,109.84,133.64,138.5,42,59,79,81,28.6,0.41,27.01,28.67,0.47
UCTT,89.63,102.38,97.02,81.98,68.86,92.03,42,12,7,22,26.68,0.38,24.42,26.47,0.61
LCCC,89.62,89.92,91.39,92.82,114.01,101.26,42,26,54,38,10.08,1.0,10.05,10.04,0.0
GSHR,89.62,89.92,91.76,92.82,114.01,101.26,42,26,54,38,10.15,0.79,10.15,10.11,0.0
CHPG,89.62,89.96,91.39,92.82,114.01,101.26,42,26,54,38,10.07,0.89,10.04,10.03,0.0
AMTB,89.61,92.84,98.11,97.55,97.33,98.1,42,38,28,29,19.94,0.39,20.31,20.15,1.33
UYSCU,89.61,90.09,91.82,92.82,114.01,101.26,42,26,54,38,10.32,0.75,10.3,10.22,0.0
TACO,89.61,89.85,91.39,92.82,114.01,101.26,42,26,54,38,10.44,0.47,10.37,10.37,0.17
PMTRU,89.61,90.32,93.22,93.98,114.01,101.26,42,30,54,38,10.69,0.6,10.68,10.53,0.0
IPODU,89.61,89.85,91.88,92.82,114.01,101.26,42,26,54,38,10.25,1.0,10.19,10.15,0.0
SOUL,89.6,89.89,91.91,92.82,114.01,101.26,42,26,54,38,10.09,0.92,10.08,10.04,0.37
COHU,89.58,99.86,101.01,91.85,85.02,84.38,41,22,15,14,20.56,0.47,20.19,19.87,1.97
CGCT,89.58,89.8,91.39,92.82,114.01,101.26,41,26,54,38,10.04,0.73,10.03,10.03,0.07
TACH,89.58,89.81,91.83,92.82,114.01,101.26,41,26,54,38,10.12,0.5,10.13,10.1,0.0
CNA,89.57,89.8,95.63,97.8,119.91,112.47,41,38,68,61,46.44,0.51,46.63,46.35,0.62
SYBT,89.57,94.46,109.4,120.54,132.06,126.15,41,71,78,75,71.22,0.55,76.55,73.57,0.98
ALK,89.56,102.29,116.44,109.27,109.93,164.76,41,58,45,89,50.88,0.28,56.8,57.17,0.94
PELI,89.56,89.74,91.39,92.82,114.01,101.26,41,26,54,38,10.05,1.0,10.02,10.01,0.87
BATRA,89.56,90.62,98.8,108.31,111.42,106.28,41,57,48,51,45.3,0.55,46.91,44.42,1.12
TVAIU,89.56,89.81,91.54,92.82,114.01,101.26,41,26,54,38,10.2,1.0,10.11,10.12,0.0
FERA,89.55,89.88,91.39,92.82,114.01,101.26,41,26,54,38,10.18,0.94,10.16,10.11,2.39
LPBBU,89.55,90.64,94.3,95.96,114.96,101.7,41,35,60,42,10.45,0.68,10.67,10.38,0.0
SZZL,89.55,89.82,91.85,92.82,114.01,101.26,41,26,54,38,10.08,0.48,10.09,10.05,0.17
EQBK,89.55,91.06,94.5,106.54,109.06,108.22,41,55,44,54,41.08,0.45,39.98,40.55,0.49
SDHI,89.55,89.74,91.39,92.82,114.01,101.26,41,26,54,38,10.15,0.9,10.12,10.12,0.0
TACOU,89.54,89.77,92.26,93.93,114.01,101.26,41,30,54,38,10.74,0.55,10.7,10.6,0.44
BTAI,89.54,101.25,208.4,225.81,48.16,52.21,41,94,3,3,2.7,0.14,3.46,3.11,0.11
H,89.53,91.31,93.59,102.55,92.04,105.33,41,48,21,50,142.11,0.62,142.28,138.7,0.76
AXINU,89.51,89.78,91.39,92.82,114.01,101.26,41,26,54,38,10.12,0.33,10.12,10.11,0.04
RAC,89.51,89.92,92.12,92.93,114.01,101.26,41,28,54,38,10.24,0.81,10.26,10.17,0.22
EGHAU,89.51,89.81,94.3,92.82,114.01,101.26,41,26,54,38,10.21,0.19,10.21,10.18,0.47
BACCU,89.51,89.8,91.39,92.82,114.01,101.26,41,26,54,38,10.09,0.5,10.1,10.08,0.0
DFH,89.51,93.23,107.84,114.64,90.18,84.03,41,65,20,14,26.17,0.35,27.61,24.6,0.62
JOE,89.5,91.3,97.66,98.33,98.29,92.13,41,40,29,22,49.34,0.48,50.47,46.96,0.63
RDAG,89.5,89.5,91.39,92.82,114.01,101.26,41,26,54,38,10.26,0.24,10.28,10.29,0.09
PACHU,89.49,89.74,91.39,92.82,114.01,101.26,41,26,54,38,10.02,0.33,10.03,10.02,0.0
INVA,89.49,89.49,99.2,108.35,116.03,101.03,41,57,62,34,18.86,0.37,19.55,18.84,0.68
OBAWU,89.48,89.71,91.39,92.82,114.01,101.26,41,26,54,38,10.03,0.5,10.02,10.02,0.0
TPST,89.48,95.61,110.69,110.69,68.5,69.68,41,60,7,7,9.38,0.28,9.01,9.13,0.24
CGCTU,89.47,89.71,91.79,92.83,114.01,101.26,41,28,54,38,10.15,0.3,10.17,10.12,0.0
ICE,89.47,89.54,96.94,107.09,122.14,119.61,41,55,71,69,167.73,0.56,177.98,169.23,0.86
LCCCU,89.47,89.58,92.01,92.86,114.01,101.26,41,28,54,38,10.21,0.56,10.25,10.18,0.0
NHIC,89.47,89.71,91.83,92.83,114.01,101.26,41,28,54,38,10.18,0.86,10.18,10.13,0.0
ARES,89.46,100.72,104.41,111.86,111.6,122.7,41,61,48,72,163.05,0.6,180.82,169.04,1.86
HXHX,89.46,89.46,85.92,92.82,114.01,101.26,41,26,54,38,1.5,0.27,1.16,1.43,1.05
CCRN,89.45,89.45,94.77,94.74,105.29,130.34,41,32,38,77,14.23,0.52,13.33,14.94,2.84
FLY,89.44,89.67,91.39,92.82,114.01,101.26,40,26,54,38,35.98,0.0,45.61,45.61,0.75
DNTH,89.44,89.67,91.39,92.82,114.01,101.26,40,26,54,38,,,,,
HDB,89.44,93.72,102.58,109.94,137.95,105.42,40,59,82,50,34.15,0.57,36.41,33.77,0.99
UL,89.44,90.07,97.17,99.81,128.57,106.82,40,42,76,52,59.28,0.51,61.33,59.39,1.24
BRCB,89.44,89.67,91.39,92.82,114.01,101.26,40,26,54,38,24.39,0.0,26.55,26.55,0.33
FIGX,89.44,89.67,91.39,92.82,114.01,101.26,40,26,54,38,9.99,0.57,10.0,10.0,0.0
CCIIU,89.44,89.67,91.39,92.82,114.01,101.26,40,26,54,38,10.29,0.75,10.26,10.24,0.26
SI,89.44,89.67,91.39,92.82,114.01,101.26,40,26,54,38,12.1,0.0,14.04,14.04,0.53
DKI,89.44,89.67,91.39,92.82,114.01,101.26,40,26,54,38,11.6,1.0,6.11,6.11,2.2
APADU,89.44,89.67,91.39,92.82,114.01,101.26,40,26,54,38,10.03,0.29,10.03,10.03,0.0
NIQ,89.44,89.67,91.39,92.82,114.01,101.26,40,26,54,38,15.69,0.07,17.47,17.47,0.65
SPEGU,89.44,89.67,91.39,92.82,114.01,101.26,40,26,54,38,10.17,1.0,10.12,10.12,0.0
LGN,89.44,89.67,91.39,92.82,114.01,101.26,40,26,54,38,31.67,0.47,31.57,31.57,0.26
OBA,89.44,89.67,91.39,92.82,114.01,101.26,40,26,54,38,9.95,0.67,9.94,9.94,0.05
PLTS,89.44,89.67,91.39,92.82,114.01,101.26,40,26,54,38,17.1,1.0,11.73,11.73,0.42
CHECU,89.44,89.67,91.39,92.82,114.01,101.26,40,26,54,38,9.99,1.0,9.99,9.99,0.0
CHOW,89.44,89.67,91.39,92.82,114.01,101.26,40,26,54,38,5.89,0.12,6.71,6.71,0.25
FCHL,89.44,89.67,91.39,92.82,114.01,101.26,40,26,54,38,0.64,0.0,4.43,4.43,0.38
SOCAU,89.44,89.67,91.39,92.82,114.01,101.26,40,26,54,38,10.09,1.0,10.06,10.06,0.0
LAWR,89.44,89.67,91.39,92.82,114.01,101.26,40,26,54,38,3.26,0.78,2.33,2.35,0.2
VIA,89.44,89.67,91.39,92.82,114.01,101.26,40,26,54,38,49.01,0.21,49.77,49.77,0.11
TLIH,89.44,89.67,91.39,92.82,114.01,101.26,40,26,54,38,0.6,0.02,1.02,1.5,0.3
ELVR,89.44,89.67,91.39,92.82,114.01,101.26,40,26,54,38,24.1,1.0,20.51,20.51,0.89
NSRX,89.44,89.67,91.39,92.82,114.01,101.26,40,26,54,38,8.0,0.03,8.11,8.11,0.62
BLZRU,89.44,89.67,91.39,92.82,114.01,101.26,40,26,54,38,10.34,1.0,10.08,10.08,0.64
AEXA,89.44,89.67,91.39,92.82,114.01,101.26,40,26,54,38,10.61,,10.61,10.61,1.0
NEWTP,89.44,89.67,91.39,92.82,114.01,101.26,40,26,54,38,23.99,0.5,24.01,24.01,0.22
YMT,89.44,89.67,91.39,92.82,114.01,101.26,40,26,54,38,1.75,0.0,2.25,2.25,0.51
TDIC,89.44,89.67,91.39,92.82,114.01,101.26,40,26,54,38,5.66,1.0,4.0,4.0,8.9
INACU,89.44,89.67,91.39,92.82,114.01,101.26,40,26,54,38,10.11,0.83,10.08,10.07,0.0
ONCH,89.44,89.67,91.39,92.82,114.01,101.26,40,26,54,38,10.27,0.47,10.26,10.26,0.88
DMIIU,89.44,89.67,91.39,92.82,114.01,101.26,40,26,54,38,9.96,0.0,9.97,9.97,0.09
MBVIU,89.44,89.67,91.39,92.82,114.01,101.26,40,26,54,38,10.12,1.0,10.04,10.04,0.04
RYOJ,89.44,89.67,91.39,92.82,114.01,101.26,40,26,54,38,2.3,0.4,2.22,2.22,8.9
AGNCZ,89.44,89.67,91.39,92.82,114.01,101.26,40,26,54,38,25.42,0.9,25.36,25.36,0.68
SOCA,89.44,89.67,91.39,92.82,114.01,101.26,40,26,54,38,10.0,0.52,9.98,9.98,0.03
YOUL,89.44,89.67,91.39,92.82,114.01,101.26,40,26,54,38,1.66,0.04,1.9,2.06,0.06
SVA,89.44,89.67,91.39,92.82,114.01,101.26,40,26,54,38,6.47,,6.47,6.47,
YDES,89.44,89.67,91.39,92.82,114.01,101.26,40,26,54,38,16.0,0.6,16.33,16.33,2.18
LHAI,89.44,89.67,91.39,92.82,114.01,101.26,40,26,54,38,9.52,0.85,7.76,7.76,0.45
ETS,89.44,89.67,91.39,92.82,114.01,101.26,40,26,54,38,0.88,0.01,1.12,1.12,0.09
PCAP,89.44,89.67,91.39,92.82,114.01,101.26,40,26,54,38,10.26,0.33,10.3,10.31,0.01
LWACU,89.44,89.6,91.39,92.82,114.01,101.26,40,26,54,38,10.03,0.12,10.05,10.05,0.35
CFND,89.44,89.67,91.39,92.82,114.01,101.26,40,26,54,38,8.28,0.21,8.54,8.54,0.03
PAII,89.44,89.67,91.39,92.82,114.01,101.26,40,26,54,38,9.94,0.67,9.93,9.93,0.03
KMRK,89.44,89.67,91.39,92.82,114.01,101.26,40,26,54,38,1.43,0.06,1.55,1.67,0.02
BCARU,89.44,89.67,91.39,92.82,114.01,101.26,40,26,54,38,10.05,1.0,9.98,9.98,0.0
NUTR,89.44,89.67,91.39,92.82,114.01,101.26,40,26,54,38,7.13,1.0,5.11,5.11,2.51
BACC,89.44,89.67,91.39,92.82,114.01,101.26,40,26,54,38,10.0,1.0,9.98,9.98,0.0
EVAC,89.44,89.67,91.39,92.82,114.01,101.26,40,26,54,38,9.94,0.33,9.94,9.94,0.01
LBRX,89.44,89.67,91.39,92.82,114.01,101.26,40,26,54,38,15.44,0.23,15.93,15.93,0.26
VWAV,89.44,89.67,91.39,92.82,114.01,101.26,40,26,54,38,9.55,0.79,8.28,7.99,0.02
AEBI,89.44,89.67,91.39,92.82,114.01,101.26,40,26,54,38,12.71,0.8,11.44,11.4,0.51
GLIBA,89.44,89.67,91.39,92.82,114.01,101.26,40,26,54,38,35.93,0.68,35.79,35.47,1.08
ORIQ,89.44,89.67,91.39,92.82,114.01,101.26,40,26,54,38,10.03,1.0,10.01,10.01,0.01
PFSA,89.44,89.67,91.39,92.82,114.01,101.26,40,26,54,38,0.31,0.02,0.52,0.62,0.06
FOFO,89.44,89.67,91.39,92.82,114.01,101.26,40,26,54,38,45.0,1.0,17.32,17.32,0.48
OYSE,89.44,89.67,91.39,92.82,114.01,101.26,40,26,54,38,10.03,0.78,10.02,10.01,0.0
ANPA,89.44,89.67,91.39,92.82,114.01,101.26,40,26,54,38,29.44,0.53,34.9,30.67,0.19
AVBC,89.44,89.67,91.39,92.82,114.01,101.26,40,26,54,38,15.27,0.6,15.14,15.14,0.21
YMAT,89.44,89.67,91.39,92.82,114.01,101.26,40,26,54,38,1.22,0.0,2.99,2.99,0.09
GLIBK,89.44,89.67,91.39,92.82,114.01,101.26,40,26,54,38,35.3,0.57,35.52,35.22,0.38
BUUU,89.44,89.67,91.39,92.82,114.01,101.26,40,26,54,38,8.45,1.0,6.52,6.52,0.48
EGHA,89.44,89.67,91.39,92.82,114.01,101.26,40,26,54,38,10.01,0.33,10.03,10.02,0.0
CURX,89.44,89.67,91.39,92.82,114.01,101.26,40,26,54,38,0.79,0.01,4.85,4.85,3.8
PLBL,89.44,89.67,91.39,92.82,114.01,101.26,40,26,54,38,8.33,0.14,9.87,9.87,0.46
CCII,89.44,89.67,91.39,92.82,114.01,101.26,40,26,54,38,10.14,1.0,10.11,10.11,0.33
QUMSU,89.44,89.67,91.39,92.82,114.01,101.26,40,26,54,38,10.09,1.0,10.04,10.04,0.21
VNMEU,89.44,89.67,91.39,92.82,114.01,101.26,40,26,54,38,10.01,0.5,10.0,10.0,0.07
CTW,89.44,89.67,91.39,92.82,114.01,101.26,40,26,54,38,2.1,0.1,2.16,2.16,0.44
ZGM,89.44,89.67,91.39,92.82,114.01,101.26,40,26,54,38,3.76,0.75,3.65,3.65,0.06
CCCX,89.44,89.67,91.39,92.82,114.01,101.26,40,26,54,38,13.5,1.0,10.54,10.48,3.22
WTG,89.44,89.67,91.39,92.82,114.01,101.26,40,26,54,38,10.06,1.0,10.04,10.04,0.0
EMPG,89.44,89.67,91.39,92.82,114.01,101.26,40,26,54,38,16.88,1.0,8.64,7.66,0.32
BLSH,89.44,89.67,91.39,92.82,114.01,101.26,40,26,54,38,62.59,0.53,61.23,61.23,0.54
MCGA,89.44,89.67,91.39,92.82,114.01,101.26,40,26,54,38,10.75,0.35,10.73,10.73,0.26
AMBQ,89.44,89.67,91.39,92.82,114.01,101.26,40,26,54,38,30.08,0.0,36.76,36.76,0.52
SPEG,89.44,89.67,91.39,92.82,114.01,101.26,40,26,54,38,9.97,1.0,9.96,9.96,0.0
THH,89.44,89.67,91.39,92.82,114.01,101.26,40,26,54,38,7.28,0.14,7.16,7.16,0.21
BMHL,89.44,89.67,91.39,92.82,114.01,101.26,40,26,54,38,3.64,0.01,3.94,3.94,0.0
GTERA,89.44,89.67,91.39,92.82,114.01,101.26,40,26,54,38,9.98,1.0,9.96,9.96,0.11
TVAI,89.44,89.67,91.39,92.82,114.01,101.26,40,26,54,38,10.04,0.6,10.03,10.02,0.0
ELOG,89.44,89.67,91.39,92.82,114.01,101.26,40,26,54,38,2.33,0.38,2.43,2.43,0.45
WYFI,89.44,89.67,91.39,92.82,114.01,101.26,40,26,54,38,22.83,0.61,19.13,19.13,0.55
PACH,89.44,89.67,91.39,92.82,114.01,101.26,40,26,54,38,9.96,0.67,9.95,9.95,0.09
KDK,89.44,89.67,91.39,92.82,114.01,101.26,40,26,54,38,7.42,0.0,7.68,7.68,0.97
LWAC,89.44,89.67,91.39,92.82,114.01,101.26,40,26,54,38,9.97,0.5,9.97,9.97,0.0
WBI,89.44,89.67,91.39,92.82,114.01,101.26,40,26,54,38,24.49,1.0,23.09,23.09,0.41
GTERU,89.44,89.67,91.39,92.82,114.01,101.26,40,26,54,38,10.21,0.85,10.17,10.16,0.65
KLAR,89.44,89.67,91.39,92.82,114.01,101.26,40,26,54,38,39.94,0.0,43.42,43.42,1.09
GTEN,89.44,89.71,91.39,92.82,114.01,101.26,40,26,54,38,10.25,0.38,10.23,10.22,0.0
OTGAU,89.44,89.67,91.39,92.82,114.01,101.26,40,26,54,38,10.05,0.83,10.04,10.04,0.05
MJID,89.44,89.67,91.39,92.82,114.01,101.26,40,26,54,38,1.16,0.1,1.49,1.49,7.39
MSGY,89.44,89.67,91.39,92.82,114.01,101.26,40,26,54,38,19.7,1.0,12.5,11.45,2.52
KCHV,89.44,89.67,91.39,92.82,114.01,101.26,40,26,54,38,10.02,0.17,10.02,10.02,0.01
ANGX,89.44,89.67,91.39,92.82,114.01,101.26,40,26,54,38,3.96,0.0,8.34,8.34,0.88
CRE,89.44,89.67,91.39,92.82,114.01,101.26,40,26,54,38,0.7,0.02,2.31,2.31,0.19
MH,89.44,89.67,91.39,92.82,114.01,101.26,40,26,54,38,13.75,0.2,14.57,14.57,0.49
MIAX,89.44,89.67,91.39,92.82,114.01,101.26,40,26,54,38,41.23,0.94,36.33,36.33,0.59
SVACU,89.44,89.67,91.39,92.82,114.01,101.26,40,26,54,38,10.23,1.0,10.09,10.09,0.14
AXIN,89.44,89.67,91.39,92.82,114.01,101.26,40,26,54,38,9.96,0.33,9.97,9.97,0.0
PMI,89.44,89.67,91.39,92.82,114.01,101.26,40,26,54,38,8.7,1.0,6.89,6.89,0.8
HVMCU,89.44,89.67,91.39,92.82,114.01,101.26,40,26,54,38,10.08,0.87,10.06,10.06,0.0
APAD,89.44,89.67,91.39,92.82,114.01,101.26,40,26,54,38,9.9,0.45,9.89,9.89,0.0
LATAU,89.44,89.67,91.39,92.82,114.01,101.26,40,26,54,38,9.99,0.33,9.99,9.99,0.0
MKLYU,89.44,89.67,91.39,92.82,114.01,101.26,40,26,54,38,9.99,0.67,9.99,9.99,0.27
FRT,89.44,89.44,91.85,89.45,97.84,97.57,40,19,28,29,99.52,0.54,97.0,98.05,0.75
BLUW,89.44,89.67,91.39,92.82,114.01,101.26,40,26,54,38,9.97,0.5,9.97,9.97,0.24
PTRN,89.44,89.67,91.39,92.82,114.01,101.26,40,26,54,38,13.96,0.4,13.98,13.98,0.35
HCMA,89.44,89.67,91.39,92.82,114.01,101.26,40,26,54,38,10.11,0.8,10.1,10.1,0.12
ONCHU,89.44,89.67,91.39,92.82,114.01,101.26,40,26,54,38,10.57,0.96,10.48,10.46,0.46
NMP,89.44,89.67,91.39,92.82,114.01,101.26,40,26,54,38,9.92,0.33,9.92,9.92,0.0
KOYNU,89.44,89.67,91.39,92.82,114.01,101.26,40,26,54,38,10.13,0.93,10.07,10.07,0.07
ORIQU,89.44,89.67,91.39,92.82,114.01,101.26,40,26,54,38,10.3,1.0,10.07,10.06,0.0
ARX,89.44,89.67,91.39,92.82,114.01,101.26,40,26,54,38,14.82,0.0,23.8,23.8,0.42
CARL,89.44,89.67,91.39,92.82,114.01,101.26,40,26,54,38,13.67,0.49,13.68,13.68,0.29
KOYN,89.44,89.67,91.39,92.82,114.01,101.26,40,26,54,38,9.94,0.5,9.93,9.93,0.96
MAGH,89.44,89.67,91.39,92.82,114.01,101.26,40,26,54,38,1.39,0.11,1.53,1.53,0.12
MAMK,89.44,89.67,91.39,92.82,114.01,101.26,40,26,54,38,2.48,0.3,2.37,2.46,0.06
BTQ,89.44,89.67,91.39,92.82,114.01,101.26,40,26,54,38,5.26,,5.26,5.26,1.0
FIG,89.44,89.67,91.39,92.82,114.01,101.26,40,26,54,38,52.91,0.03,69.44,69.44,0.58
EFTY,89.44,89.67,91.39,92.82,114.01,101.26,40,26,54,38,14.91,1.0,7.66,7.66,0.6
BRBI,89.44,89.67,91.39,92.82,114.01,101.26,40,26,54,38,13.52,0.0,17.87,17.87,0.32
MGN,89.44,89.67,91.39,92.82,114.01,101.26,40,26,54,38,4.85,,4.85,4.85,1.0
HCMAU,89.44,89.67,91.39,92.82,114.01,101.26,40,26,54,38,10.39,1.0,10.17,10.17,0.03
SSEAU,89.44,89.67,91.39,92.82,114.01,101.26,40,26,54,38,10.11,0.8,10.06,10.06,0.0
GSRFU,89.44,89.67,91.39,92.82,114.01,101.26,40,26,54,38,10.14,0.76,10.1,10.1,0.18
HTFL,89.44,89.67,91.39,92.82,114.01,101.26,40,26,54,38,33.06,0.6,32.13,32.13,0.77
EMISU,89.44,89.67,91.39,92.82,114.01,101.26,40,26,54,38,9.99,,9.99,9.99,0.11
STUB,89.44,89.67,91.39,92.82,114.01,101.26,40,26,54,38,16.86,0.0,18.67,18.67,0.25
JENA,89.44,89.67,91.39,92.82,114.01,101.26,40,26,54,38,10.14,0.57,10.14,10.14,0.0
VNME,89.44,89.67,91.39,92.82,114.01,101.26,40,26,54,38,9.94,1.0,9.92,9.92,0.0
TGHL,89.44,89.67,91.39,92.82,114.01,101.26,40,26,54,38,1.66,0.0,2.42,2.42,0.22
CV,89.44,89.67,91.39,92.82,114.01,101.26,40,26,54,38,4.58,0.78,4.12,4.18,0.86
FIGR,89.44,89.67,91.39,92.82,114.01,101.26,40,26,54,38,39.25,0.59,39.14,39.14,0.24
GEMI,89.44,89.67,91.39,92.82,114.01,101.26,40,26,54,38,23.84,0.05,26.08,26.08,0.25
WENN,89.44,89.67,91.39,92.82,114.01,101.26,40,26,54,38,10.11,0.11,10.18,10.2,0.07
BSAA,89.44,89.67,91.39,92.82,114.01,101.26,40,26,54,38,10.05,1.0,10.02,10.02,0.23
GRAN,89.44,89.67,91.39,92.82,114.01,101.26,40,26,54,38,3.41,0.0,4.38,4.54,3.05
TLNCU,89.44,89.67,91.39,92.82,114.01,101.26,40,26,54,38,10.07,1.0,10.02,10.02,0.0
BCAR,89.44,89.67,91.39,92.82,114.01,101.26,40,26,54,38,9.93,1.0,9.91,9.91,0.24
MGRT,89.44,89.67,91.39,92.82,114.01,101.26,40,26,54,38,4.2,0.83,3.48,3.49,0.02
DLXY,89.44,89.67,91.39,92.82,114.01,101.26,40,26,54,38,6.71,1.0,5.24,5.15,7.51
NTSK,89.44,89.67,91.39,92.82,114.01,101.26,40,26,54,38,24.23,0.53,23.91,23.91,0.19
CEPF,89.44,89.67,91.39,92.82,114.01,101.26,40,26,54,38,10.2,1.0,10.15,10.15,0.17
RUBI,89.44,89.67,91.39,92.82,114.01,101.26,40,26,54,38,1.94,0.0,2.59,2.59,0.15
INAC,89.44,89.67,91.39,92.82,114.01,101.26,40,26,54,38,9.97,0.98,9.96,9.96,0.06
NMPAU,89.44,89.67,91.39,92.82,114.01,101.26,40,26,54,38,10.12,1.0,10.08,10.06,0.03
CRAQ,89.43,89.69,91.39,92.82,114.01,101.26,38,26,54,38,9.99,0.68,10.0,9.99,0.0
IPCXU,89.41,89.41,91.98,93.71,114.01,101.26,38,30,54,38,10.47,0.74,10.5,10.42,0.0
CHPGU,89.4,89.67,91.85,92.82,114.01,101.26,38,26,54,38,10.16,0.55,10.16,10.14,0.21
SDHIU,89.37,89.67,91.79,92.93,114.01,101.26,38,28,54,38,10.3,0.74,10.32,10.24,0.0
APPN,89.37,94.88,92.8,91.75,97.48,95.49,38,22,28,26,30.98,0.33,30.06,31.31,0.72
ATII,89.37,89.67,91.68,92.82,114.01,101.26,38,26,54,38,10.21,0.8,10.21,10.15,0.0
SLM,89.36,90.5,105.37,126.05,137.45,135.59,38,75,81,80,27.91,0.52,30.72,29.93,1.06
GGG,89.35,89.45,93.21,98.2,101.49,101.28,38,39,33,42,84.71,0.63,85.06,84.15,0.69
ZTO,89.35,90.81,94.34,96.09,103.81,104.8,38,35,36,48,19.31,0.3,19.35,18.8,1.25
GTENU,89.34,89.68,91.82,92.84,114.01,101.26,38,28,54,38,10.35,0.22,10.45,10.35,0.03
PNW,89.33,89.33,92.41,97.69,129.16,118.46,38,38,76,68,86.76,0.51,89.75,88.68,1.54
RAAQ,89.33,89.53,91.65,92.82,114.01,101.26,38,26,54,38,10.14,0.78,10.13,10.14,0.02
SAIL,89.32,90.62,97.1,100.46,114.01,101.26,38,44,54,38,21.92,0.62,20.83,20.28,0.85
SGLY,89.3,110.29,110.29,88.4,91.5,118.76,38,18,21,69,1.09,0.15,1.07,1.12,0.29
NHICU,89.3,89.61,92.95,94.74,114.01,101.26,38,32,54,38,10.3,0.36,10.32,10.22,0.05
MCO,89.29,90.29,96.72,102.05,106.4,108.97,38,47,40,55,476.74,0.63,505.42,481.68,0.68
BOH,89.26,89.82,92.57,102.25,113.18,111.68,38,47,50,60,65.8,0.39,65.65,67.13,0.46
ADC,89.24,89.24,90.77,97.33,130.56,118.58,38,37,77,68,71.26,0.42,72.44,72.42,0.63
SBXD,89.24,89.72,92.77,97.14,114.49,101.7,38,37,58,42,10.51,0.43,10.53,10.37,0.0
ATUS,89.23,104.56,105.97,117.28,120.09,132.49,38,68,68,78,2.37,0.34,2.45,2.5,0.65
AJG,89.22,89.61,86.5,99.68,132.94,123.13,38,42,79,72,304.15,0.41,297.71,311.91,0.59
MCBS,89.21,90.23,94.22,97.87,106.49,112.42,38,39,40,61,28.69,0.39,28.93,28.91,0.62
CAPT,89.2,103.27,135.99,213.89,166.36,47.33,38,94,90,3,0.84,0.23,1.24,0.84,1.69
GPOR,89.2,89.2,93.85,113.48,122.18,122.1,38,64,71,72,178.74,0.6,171.2,180.06,0.86
RDAGU,89.2,89.5,92.35,93.8,114.01,101.26,38,30,54,38,10.51,0.39,10.63,10.54,0.11
SNPS,89.2,94.33,113.12,116.57,97.8,91.91,38,67,28,22,487.76,0.4,571.34,506.25,0.91
SMID,89.2,99.79,115.34,116.57,94.53,120.2,38,67,24,70,35.9,0.42,39.28,36.14,1.0
PRG,89.18,95.93,97.91,94.0,82.59,106.48,38,30,13,51,33.4,0.38,33.49,32.64,1.09
CRAQU,89.18,89.39,92.3,92.82,114.01,101.26,38,26,54,38,10.18,0.59,10.22,10.19,0.02
MBINL,89.17,89.18,89.28,90.6,111.6,100.67,38,20,48,33,23.32,0.59,22.73,23.18,0.13
WDS,89.16,90.42,106.71,109.45,106.07,92.3,38,58,39,22,15.35,0.62,16.72,15.07,1.1
NBBK,89.16,90.73,96.84,104.14,116.27,112.69,38,51,62,61,18.13,0.47,18.26,17.99,0.65
JBS,89.15,92.68,93.16,92.82,114.01,101.26,38,26,54,38,14.63,0.46,14.82,14.5,0.84
SITE,89.14,93.37,105.22,104.04,90.58,89.56,38,50,20,19,129.08,0.47,137.95,129.65,0.6
FRME,89.13,93.71,98.15,106.37,115.39,114.43,38,54,61,64,38.22,0.45,39.55,39.04,2.0
BOF,89.1,103.31,147.42,181.84,185.06,182.21,38,91,92,91,2.15,0.49,2.29,2.11,0.08
NSTS,89.1,91.87,94.2,105.25,123.54,120.51,38,52,72,70,11.55,0.41,11.95,11.95,4.66
ABLV,89.09,89.18,104.8,109.79,136.22,152.91,38,59,81,86,0.88,0.27,0.95,0.99,0.29
IPCX,89.09,89.25,91.39,92.82,114.01,101.26,38,26,54,38,10.09,0.09,10.15,10.16,0.0
HSTM,89.09,89.5,88.35,86.39,122.16,109.9,38,16,71,57,29.14,0.42,27.48,29.9,0.69
INN,89.07,94.4,97.65,101.38,86.87,100.87,38,45,17,34,5.61,0.64,5.43,5.36,0.64
PEG,89.06,89.43,93.01,101.59,114.86,111.51,38,46,59,60,82.3,0.41,83.85,81.67,0.88
VRM,89.05,89.05,100.78,99.57,114.01,101.26,38,42,54,38,28.43,0.36,27.34,28.6,0.26
ADP,89.05,89.65,91.13,102.41,120.34,112.95,38,47,68,62,291.54,0.43,299.1,299.78,1.01
AVO,89.03,93.99,101.05,103.88,107.49,115.85,38,50,41,65,12.03,0.49,12.43,11.78,1.38
PCYO,89.03,92.51,93.96,94.86,108.78,114.94,38,32,43,64,10.98,0.25,10.41,10.9,0.62
SZZLU,89.02,89.71,91.68,92.82,114.01,101.26,37,26,54,38,10.2,0.35,10.23,10.16,0.0
AYTU,89.02,131.61,132.19,155.12,137.28,63.97,37,86,81,6,1.74,0.4,2.34,1.76,3.27
NPAC,89.02,89.25,91.39,92.82,114.01,101.26,37,26,54,38,10.14,0.12,10.13,10.16,0.0
BIO,89.02,91.51,101.69,102.55,81.25,104.19,37,48,13,47,271.36,0.35,277.05,274.55,0.78
EGP,89.02,89.02,89.15,93.45,107.59,107.25,37,29,42,53,168.29,0.6,165.51,166.79,0.94
BBGI,89.01,109.29,82.76,63.5,62.94,70.01,37,5,5,7,5.77,0.2,4.75,5.99,0.94
BDN,88.99,92.77,90.44,97.45,96.51,107.28,37,38,26,53,4.36,0.39,4.2,4.33,2.05
LANV,88.99,95.5,111.7,124.65,160.23,131.48,37,74,89,78,2.05,0.59,2.21,2.14,0.58
AGYS,88.98,90.36,97.45,121.18,117.19,129.4,37,71,64,77,104.66,0.51,109.8,100.55,0.53
WENNU,88.97,88.97,91.29,92.82,114.01,101.26,37,26,54,38,10.45,0.15,10.52,10.56,0.46
FGBIP,88.97,88.97,92.86,92.01,115.4,102.84,37,22,61,45,18.58,0.27,18.91,18.76,0.86
MZTI,88.96,89.27,95.72,96.93,117.85,101.19,37,37,65,34,172.25,0.37,179.75,176.27,0.99
SAP,88.95,90.53,95.95,119.36,132.85,130.95,37,70,79,78,264.08,0.5,276.28,276.64,0.53
BLIV,88.94,89.37,92.26,92.82,114.01,101.26,37,26,54,38,3.51,0.34,3.17,3.64,0.38
FRST,88.94,89.81,99.3,107.63,95.2,92.43,37,56,25,22,10.72,0.64,11.13,10.32,0.61
PCH,88.93,89.01,95.64,99.01,112.38,109.05,37,41,49,55,40.18,0.41,41.38,40.61,1.05
CAEP,88.93,89.16,91.39,92.82,114.01,101.26,37,26,54,38,10.38,0.2,10.44,10.47,0.23
OPK,88.91,90.61,88.76,86.83,131.76,139.99,37,16,78,82,1.45,0.35,1.37,1.47,0.8
TOPP,88.87,88.87,115.02,135.18,114.01,101.26,37,80,54,38,1.5,0.18,2.0,1.82,0.05
AIG,88.85,88.89,96.02,102.58,122.34,116.57,37,48,71,66,77.98,0.51,78.99,78.89,0.7
ARTNA,88.85,90.08,90.76,95.16,114.29,96.86,37,33,58,28,32.47,0.52,32.89,32.31,0.37
TOPS,88.82,88.82,79.18,83.55,123.95,80.16,37,13,72,12,6.13,0.2,5.74,6.06,2.32
NMIH,88.82,89.67,93.87,107.69,109.03,100.98,37,56,44,34,39.26,0.62,38.97,37.67,0.62
OKTA,88.81,89.13,91.24,100.96,136.39,133.66,37,44,81,79,91.16,0.35,92.96,97.98,0.63
CSTL,88.81,96.32,105.13,91.97,99.98,128.81,37,22,31,76,22.71,0.4,20.42,21.68,0.31
RIBBU,88.8,89.04,92.15,95.08,114.01,101.26,37,33,54,38,10.45,0.56,10.46,10.32,0.0
DPZ,88.77,88.77,93.7,96.66,119.82,103.55,37,36,68,46,435.75,0.4,451.56,453.94,1.32
SMBC,88.75,90.48,94.94,103.41,110.68,111.76,37,49,46,60,54.3,0.38,55.48,54.92,2.01
AFRI,88.75,90.77,90.77,91.7,90.66,87.22,37,22,20,17,8.9,0.31,8.21,8.62,0.26
MDWD,88.71,89.32,91.59,112.25,124.53,117.61,37,62,73,67,17.89,0.4,18.11,18.32,0.49
SBDS,88.69,117.6,178.17,664.64,75.71,58.98,37,98,10,4,15.88,0.26,13.93,18.84,0.71
RRX,88.69,88.69,94.48,107.57,98.52,93.43,37,56,29,24,143.91,0.58,147.03,138.79,0.84
CAC,88.65,89.0,92.66,105.79,116.41,114.28,37,53,62,64,39.77,0.34,39.67,40.56,1.93
ARCC,88.64,93.67,97.42,103.8,113.03,110.95,37,50,50,59,20.46,0.51,21.81,21.14,1.08
CION,88.63,91.89,96.82,97.23,99.81,112.21,37,37,31,61,9.65,0.49,9.97,9.8,0.66
PPC,88.63,90.2,93.34,105.43,158.76,135.46,37,53,88,80,40.53,0.27,44.64,44.18,0.92
MTLS,88.61,92.19,85.15,104.36,103.03,144.67,37,51,35,84,5.62,0.27,5.25,5.93,0.42
SPKLU,88.6,88.83,90.27,92.44,113.76,101.71,37,23,51,42,10.79,0.18,10.79,10.97,
NPACU,88.59,88.9,91.86,92.82,114.01,101.26,37,26,54,38,10.28,0.35,10.26,10.26,0.25
AON,88.56,88.56,91.16,97.65,125.38,119.6,37,38,73,69,356.08,0.3,363.39,367.23,0.61
CTAS,88.56,88.56,90.56,105.84,118.62,111.56,37,54,66,60,204.24,0.5,212.86,207.93,0.97
KNDI,88.55,95.37,106.1,113.85,108.17,109.51,37,64,42,56,1.19,0.25,1.33,1.23,0.12
TDG,88.54,89.88,94.89,109.18,114.64,110.98,37,58,59,59,1295.72,0.39,1348.02,1300.45,0.55
TG,88.53,91.08,96.1,124.85,127.5,129.99,37,74,75,77,8.0,0.52,8.06,7.99,0.42
KSCP,88.49,93.32,92.49,145.55,80.88,129.78,37,84,13,77,5.46,0.11,6.04,7.08,0.29
SHO,88.47,89.39,91.45,92.28,88.25,106.06,37,23,18,51,9.64,0.45,9.24,9.63,0.73
DAAQ,88.47,88.58,90.94,92.82,114.01,101.26,37,26,54,38,10.18,0.07,10.27,10.37,0.02
ONTO,88.47,93.51,85.32,76.09,71.16,104.78,37,9,8,48,127.58,0.29,107.55,130.1,0.65
AMRZ,88.46,88.55,91.39,92.82,114.01,101.26,37,26,54,38,47.67,0.11,51.23,51.03,1.02
SFHG,88.45,93.36,85.27,105.16,100.43,103.14,37,52,32,45,0.7,0.0,0.76,1.04,0.82
TNC,88.4,89.57,92.47,93.14,89.34,91.83,37,28,19,22,80.57,0.47,81.67,79.73,1.33
TKC,88.39,90.02,87.92,89.6,104.24,124.83,37,19,37,74,5.94,0.26,5.81,6.25,2.89
STAG,88.39,88.68,93.62,97.61,105.36,102.15,37,38,38,43,34.93,0.66,35.47,34.5,1.52
TRT,88.38,90.57,86.16,94.95,105.67,106.74,37,32,38,52,5.71,0.32,5.47,5.64,2.01
JD,88.38,94.9,94.9,92.04,135.77,146.78,37,22,81,84,34.5,0.27,32.6,35.17,0.99
BGC,88.35,91.41,96.73,110.5,110.47,111.19,37,60,46,59,9.47,0.51,9.91,9.45,0.75
KELYA,88.35,93.1,94.82,96.67,79.1,77.77,37,36,12,10,13.14,0.2,13.53,12.85,0.94
TECK,88.35,88.35,90.41,91.06,90.12,95.48,37,21,20,26,41.44,0.52,35.31,38.05,0.88
AMP,88.34,88.34,93.0,104.01,105.74,116.58,37,50,38,66,499.29,0.53,507.02,510.28,1.34
PCAPU,88.34,88.63,89.99,92.82,114.01,101.26,37,26,54,38,10.42,0.07,10.49,10.69,0.31
LCII,88.33,90.28,97.69,99.09,87.82,89.23,36,41,18,19,95.05,0.45,99.83,94.32,0.67
EG,88.33,88.33,88.01,91.68,104.13,98.85,36,22,36,31,349.11,0.32,337.34,344.47,1.07
WETH,88.33,93.96,95.87,67.35,75.91,95.38,36,6,10,26,1.26,0.26,1.02,1.23,0.15
EB,88.32,100.83,99.53,90.14,85.1,81.6,36,20,15,13,2.69,0.4,2.62,2.71,0.46
MSCI,88.32,89.02,92.37,96.77,104.86,103.05,36,36,37,45,565.42,0.49,561.44,567.27,0.7
AGO,88.31,88.93,88.47,97.22,107.64,104.89,36,37,42,49,84.65,0.45,82.82,85.89,0.6
PEP,88.31,90.14,94.18,97.27,103.51,95.73,36,37,36,26,140.44,0.33,143.56,140.48,0.77
SFNC,88.3,89.05,95.35,95.36,106.48,105.76,36,33,40,50,19.71,0.36,19.83,19.96,0.43
LND,88.29,89.98,91.09,90.35,106.75,92.7,36,20,40,23,3.84,0.36,3.82,3.79,0.89
OBT,88.28,89.05,95.23,104.43,102.28,97.31,36,51,34,28,25.65,0.45,25.73,25.4,0.73
OSPN,88.28,88.28,90.25,109.76,110.56,139.78,36,59,46,82,16.3,0.51,14.78,16.14,0.64
CLBK,88.27,89.63,91.18,91.91,97.42,94.91,36,22,28,25,15.3,0.37,14.87,15.0,0.68
IQV,88.24,90.79,98.82,100.05,83.33,86.29,36,43,14,16,179.56,0.43,186.37,177.09,0.58
SYK,88.24,89.57,94.84,101.58,110.06,105.93,36,46,45,50,369.02,0.48,385.66,378.68,0.77
FBRT,88.23,88.29,92.02,90.87,111.07,110.32,36,21,47,58,11.27,0.44,11.05,11.37,0.96
CEPT,88.23,88.36,88.38,92.82,114.01,101.26,36,26,54,38,10.54,0.13,10.69,10.97,0.27
MFIC,88.22,89.68,95.21,99.97,100.78,100.8,36,43,32,33,12.05,0.61,12.47,12.23,1.37
BOX,88.21,88.53,89.96,104.87,120.61,108.48,36,52,69,55,32.37,0.39,32.24,32.49,0.72
QSR,88.2,88.36,85.07,96.78,106.75,98.06,36,36,40,29,64.91,0.51,64.73,64.57,0.61
IEP,88.19,88.19,89.93,89.83,87.69,87.37,36,20,18,17,8.28,0.22,8.51,8.23,0.77
IOR,88.17,93.85,95.89,101.27,115.22,107.56,36,45,60,53,17.99,0.57,18.4,18.05,0.0
QGEN,88.17,91.16,103.12,107.73,106.31,99.86,36,56,39,32,43.9,0.44,47.93,44.31,0.6
MVO,88.15,89.68,91.16,86.98,90.49,82.86,36,16,20,13,6.11,0.37,5.89,5.83,0.49
RBBN,88.14,91.7,100.95,106.62,118.65,134.6,36,55,66,79,3.75,0.33,3.91,3.93,0.61
GANX,88.13,88.97,105.41,111.51,121.67,144.27,36,61,70,83,1.79,0.24,1.68,1.9,1.0
K,88.13,88.13,89.95,98.87,136.89,123.31,36,41,81,72,77.94,0.21,79.06,80.03,1.21
HOPE,88.12,88.91,93.9,100.99,93.8,99.09,36,45,23,31,10.88,0.42,10.65,10.64,0.5
PESI,88.12,88.83,111.99,120.92,108.73,99.37,36,71,43,31,9.93,0.38,11.04,9.88,0.44
CBSH,88.11,88.11,90.16,104.26,113.35,110.85,36,51,50,58,59.85,0.4,60.91,62.14,1.02
GBDC,88.09,90.06,94.05,99.41,107.1,105.43,36,42,41,50,13.79,0.53,14.39,14.19,1.34
DAAQU,88.09,88.26,91.32,93.11,114.01,101.26,36,28,54,38,10.49,0.28,10.66,10.69,0.0
WEX,88.09,89.68,100.08,102.14,85.06,88.47,36,47,15,18,160.56,0.46,169.02,156.31,0.53
TOP,88.06,98.36,117.62,78.32,83.0,77.67,36,10,14,10,1.28,0.13,1.23,1.29,0.05
CWT,88.06,88.06,89.03,89.63,118.56,99.0,36,19,66,31,45.67,0.38,45.98,46.02,0.99
NBTB,88.05,88.86,91.48,97.26,107.07,110.21,36,37,41,57,42.54,0.35,42.58,43.42,0.63
NUVL,88.05,88.05,90.1,102.3,98.17,99.52,36,47,29,31,81.39,0.48,78.2,77.42,0.84
BZH,88.04,88.74,94.18,96.31,83.82,83.59,36,35,14,14,24.49,0.37,24.77,23.6,0.71
CWEN,88.04,88.45,95.65,113.23,128.45,121.47,36,63,76,71,28.54,0.56,29.64,28.23,0.81
CKX,88.02,89.66,96.86,94.65,98.8,92.28,36,32,30,22,11.47,0.32,11.62,11.48,0.0
TLSI,88.01,91.39,95.47,101.55,115.6,116.5,36,46,61,66,4.7,0.51,4.62,5.05,0.26
NEXT,88.01,88.14,145.92,151.84,142.2,151.77,36,86,84,86,7.04,0.33,9.71,8.4,1.36
PATH,88.01,94.33,87.11,101.68,101.63,90.59,36,46,33,20,12.21,0.42,11.55,12.32,0.87
JCSE,88.0,91.08,111.36,98.82,128.1,175.18,36,41,76,90,1.17,0.22,1.05,1.19,0.03
ESTC,88.0,90.59,93.56,89.25,100.48,108.89,36,19,32,55,85.95,0.3,83.87,91.75,0.78
IMUX,88.0,88.0,85.08,84.33,110.7,101.68,36,14,46,42,0.94,0.28,0.9,0.97,1.39
GEF,87.97,87.97,102.68,111.53,106.21,90.38,36,61,39,20,59.39,0.52,63.55,59.43,0.64
CB,87.96,87.96,88.46,94.23,118.92,110.35,36,31,67,58,280.69,0.54,273.82,278.98,0.53
A,87.93,89.43,92.98,91.08,86.58,101.41,36,21,17,42,123.39,0.46,120.88,122.83,0.73
BRZE,87.93,88.72,88.49,77.11,95.3,110.13,36,9,25,57,31.58,0.32,28.39,34.08,0.77
BROS,87.91,94.99,124.25,133.14,167.56,210.21,36,79,90,93,53.1,0.41,63.23,63.93,0.96
MTDR,87.91,87.91,96.14,97.6,94.7,102.25,36,38,24,44,49.01,0.49,48.3,49.28,0.86
PYPD,87.91,100.72,105.27,112.9,114.37,87.93,36,63,58,18,3.34,0.67,3.46,3.11,1.13
ALG,87.89,88.62,103.12,118.1,111.32,100.84,36,69,47,34,192.62,0.47,213.75,196.05,0.82
MBUU,87.89,87.89,104.98,106.01,89.31,89.15,36,54,19,19,33.34,0.41,34.22,33.46,1.65
AVR,87.87,95.56,104.14,91.53,98.5,103.59,36,21,29,46,4.29,0.29,4.04,4.83,0.46
LMAT,87.84,94.87,100.56,103.19,113.23,121.42,36,49,50,71,84.19,0.22,90.68,88.74,0.93
UBXG,87.84,88.67,282.79,302.44,349.19,472.32,36,97,97,98,1.83,0.38,2.83,3.29,0.36
GETY,87.82,87.82,82.13,79.31,66.92,74.67,35,11,6,9,2.01,0.22,1.87,2.03,0.71
HUM,87.82,91.51,106.66,104.49,114.08,93.2,35,51,58,23,254.95,0.37,269.18,258.78,0.65
DTSS,87.8,100.4,92.05,93.07,94.39,84.41,35,28,24,14,2.07,0.25,2.04,2.12,6.56
NOK,87.8,90.98,88.86,107.96,141.41,136.59,35,57,83,80,4.66,0.47,4.38,4.75,1.24
RAND,87.8,87.8,93.81,103.47,152.06,207.61,35,49,87,93,15.22,0.19,16.03,17.99,0.72
CHKP,87.8,87.8,84.71,104.55,134.94,129.64,35,51,80,77,204.65,0.54,196.56,209.22,0.61
NRDS,87.77,88.91,89.98,92.39,93.92,102.5,35,23,23,44,11.01,0.39,10.58,11.07,0.74
AKR,87.77,87.94,85.81,87.11,107.24,117.37,35,16,41,67,20.09,0.35,19.43,20.47,1.33
COFS,87.74,89.2,92.78,97.22,101.96,116.8,35,37,33,66,29.35,0.4,29.69,29.99,0.62
TLF,87.74,88.75,92.47,105.78,100.23,115.28,35,53,31,65,3.05,0.25,3.25,3.19,0.44
VTRS,87.74,89.75,98.75,98.49,84.46,103.36,35,40,15,46,9.52,0.42,9.81,9.57,0.75
MSC,87.73,91.42,127.0,115.6,68.44,86.3,35,66,7,16,3.98,0.26,4.48,4.05,0.16
MFA,87.73,88.35,96.33,95.41,105.78,105.17,35,34,38,49,9.6,0.49,9.72,9.5,0.81
RMSG,87.7,99.4,125.27,156.38,75.82,67.58,35,87,10,6,2.51,0.03,2.69,2.19,0.0
CURB,87.7,88.89,89.72,92.84,112.71,101.53,35,28,49,42,22.5,0.57,22.53,23.04,0.72
OOMA,87.69,90.42,96.86,100.56,125.72,140.89,35,44,74,82,12.48,0.3,12.16,13.16,0.61
NMAX,87.69,89.99,89.35,92.82,114.01,101.26,35,26,54,38,12.66,0.01,13.28,20.38,0.45
LOKVU,87.69,88.42,91.52,97.92,114.01,101.26,35,39,54,38,10.4,0.23,10.61,10.52,0.19
SLF,87.68,89.16,91.58,112.05,117.79,104.9,35,62,65,49,58.94,0.45,59.47,59.05,0.49
RTAC,87.68,87.97,91.39,92.82,114.01,101.26,35,26,54,38,11.03,0.26,11.12,11.3,1.4
LOKV,87.67,87.96,90.92,93.45,114.01,101.26,35,29,54,38,10.19,0.3,10.26,10.28,0.22
OTF,87.66,87.66,91.39,92.82,114.01,101.26,35,26,54,38,14.25,0.05,14.85,15.05,0.96
HOLX,87.66,87.74,89.16,96.61,90.7,86.08,35,36,20,16,67.21,0.47,66.7,64.88,0.8
LAD,87.63,91.49,97.74,108.14,106.25,115.78,35,57,39,65,318.93,0.4,317.56,326.54,0.84
AUNA,87.63,88.65,85.13,82.26,103.95,108.33,35,12,36,54,6.66,0.2,6.32,6.92,2.31
SOL,87.62,89.9,100.66,104.83,105.63,91.97,35,52,38,22,1.86,0.4,1.88,1.75,3.57
RSKD,87.6,89.48,87.61,101.24,97.25,114.63,35,45,27,64,4.74,0.36,4.88,4.91,0.43
PLCE,87.59,99.21,122.26,83.62,87.94,91.9,35,13,18,22,6.8,0.23,5.5,7.12,0.52
TCRX,87.58,87.58,79.45,83.84,60.22,49.08,35,14,5,3,1.85,0.15,1.79,1.89,0.82
DIOD,87.57,90.25,94.9,102.45,88.53,84.83,35,47,18,15,53.1,0.59,52.99,51.5,0.71
PBHC,87.56,90.78,86.86,93.43,124.66,118.98,35,29,73,69,15.32,0.34,14.9,15.65,3.61
BCE,87.55,87.66,95.89,99.85,94.32,84.87,35,43,24,15,23.1,0.21,24.22,22.79,0.73
IOTR,87.54,87.99,96.91,96.59,114.01,101.26,35,36,54,38,0.37,0.0,0.43,0.59,0.38
CHRD,87.53,87.53,96.37,91.46,87.61,85.66,35,21,18,15,104.53,0.48,104.67,103.03,1.43
WRD,87.51,97.41,96.9,100.76,101.66,131.6,35,44,33,78,10.19,0.11,9.7,12.04,1.18
VFC,87.51,89.33,90.05,84.26,94.7,152.34,35,14,24,86,14.73,0.3,13.6,16.17,0.61
FUSB,87.5,96.57,96.57,103.21,142.71,123.63,35,49,84,73,12.39,0.51,12.29,12.68,2.74
XNCR,87.5,87.5,71.75,65.43,58.98,109.17,35,6,4,56,11.57,0.23,8.57,12.35,1.19
CIX,87.48,92.14,94.36,112.8,109.07,96.78,35,63,44,28,24.24,0.46,24.73,23.75,0.41
ZBAI,87.48,90.35,98.16,56.96,118.43,218.98,35,4,66,94,9.5,0.13,7.21,14.45,0.19
FDX,87.48,88.66,84.43,87.9,91.3,96.34,35,17,21,27,237.82,0.41,228.21,236.47,1.08
PGC,87.47,89.09,92.85,105.21,110.1,114.29,35,52,45,64,28.14,0.28,27.61,29.26,0.54
APLS,87.46,87.46,111.26,111.31,68.2,84.48,35,61,7,14,22.37,0.32,24.42,23.93,1.09
MGRX,87.44,91.83,78.54,68.46,86.18,163.93,35,6,16,88,2.16,0.18,1.94,2.44,1.0
MTW,87.4,87.81,89.41,136.85,119.87,95.84,35,81,68,26,9.98,0.45,10.75,10.16,0.64
ASO,87.39,87.39,111.34,109.22,87.07,94.05,35,58,17,25,49.81,0.59,51.21,48.3,0.91
SUZ,87.39,89.58,94.98,95.16,97.61,99.47,35,33,28,31,9.24,0.32,9.56,9.59,0.94
KNTK,87.37,91.19,85.16,88.16,118.73,147.45,35,18,66,84,45.6,0.26,42.18,47.52,0.68
BRR,87.37,87.7,91.39,92.82,114.01,101.26,35,26,54,38,10.11,0.01,10.21,10.59,0.65
HNNA,87.37,89.3,108.86,125.61,124.22,153.03,35,74,72,86,10.78,0.48,11.64,11.2,0.48
STRA,87.34,87.34,86.53,88.33,97.73,95.21,35,18,28,26,85.07,0.42,79.67,85.33,0.97
STGW,87.32,87.81,93.97,89.53,92.65,92.62,35,19,22,23,5.41,0.32,5.45,5.65,0.85
CAAP,87.31,89.52,107.39,105.89,118.23,109.83,35,54,65,57,18.72,0.44,20.23,19.59,2.94
PT,87.31,95.96,107.99,96.63,114.02,102.04,35,36,58,43,0.95,0.26,0.96,0.97,0.13
CON,87.28,88.63,98.38,98.84,113.81,100.52,35,41,51,33,20.82,0.36,21.58,21.35,0.78
G,87.27,89.73,93.48,100.61,141.96,139.53,35,44,83,82,42.21,0.27,43.6,45.69,0.8
EFX,87.26,88.0,89.04,98.38,106.91,96.65,35,40,40,27,254.27,0.57,248.27,252.19,0.54
COKE,87.25,87.39,92.42,90.0,135.12,122.98,35,20,80,72,115.39,0.26,116.28,122.25,0.82
SHW,87.25,87.91,92.75,95.68,111.02,101.06,35,34,47,34,341.91,0.35,353.89,349.17,0.53
PFX,87.24,87.24,92.15,96.13,127.3,123.35,34,35,75,73,48.21,0.37,48.88,49.61,1.17
EXAS,87.23,88.63,90.19,101.08,109.8,84.91,34,45,45,15,53.57,0.42,48.96,51.13,0.71
ALCYU,87.22,87.45,97.2,95.22,120.63,106.05,34,33,69,51,10.96,0.12,11.3,11.31,0.0
LITS,87.21,101.51,191.76,252.75,98.03,82.19,34,95,28,13,2.56,0.14,4.47,2.94,0.34
GLBE,87.21,88.8,89.56,83.1,99.04,156.35,34,13,30,87,36.74,0.22,34.27,40.15,0.5
REYN,87.2,87.2,88.52,86.51,97.08,91.79,34,16,27,21,23.32,0.27,22.69,23.41,0.71
ZBH,87.19,88.88,95.34,96.03,109.28,103.53,34,35,44,46,98.24,0.36,100.33,101.07,0.57
LW,87.19,87.19,89.94,92.38,89.06,75.92,34,23,19,9,55.22,0.23,55.28,55.65,1.48
NVX,87.19,94.84,99.94,106.63,85.3,92.0,34,55,15,22,1.22,0.18,1.34,1.32,2.07
BLCO,87.18,91.24,96.69,95.44,90.1,98.27,34,34,20,30,14.5,0.36,14.51,14.6,1.06
RTACU,87.17,88.21,90.35,92.82,114.01,101.26,34,26,54,38,11.66,0.27,11.81,12.03,0.75
SKM,87.16,87.86,93.49,103.33,120.47,101.71,34,49,68,42,21.57,0.46,22.08,21.46,0.75
OMER,87.15,87.15,91.82,95.13,177.65,292.59,34,33,91,96,4.46,0.16,4.1,6.18,0.86
ABEO,87.15,87.15,113.75,116.65,142.66,103.69,34,67,84,47,5.44,0.41,6.48,5.83,1.33
IBCP,87.13,87.69,92.41,104.0,111.96,116.41,34,50,48,66,31.53,0.38,31.86,32.22,0.76
YB,87.1,93.27,128.07,128.07,114.01,101.26,34,76,54,38,20.49,0.38,25.47,21.97,0.79
SPMC,87.1,89.07,91.23,92.29,108.77,106.7,34,23,43,52,17.2,0.33,17.63,17.95,0.57
FANG,87.04,87.04,89.36,85.33,94.54,93.21,34,15,24,23,148.25,0.4,142.21,146.43,0.82
ACCO,87.03,88.19,89.87,87.35,89.07,96.07,34,17,19,27,4.06,0.28,3.87,4.12,1.02
BFST,87.03,87.04,94.7,104.83,108.16,107.61,34,52,42,53,24.21,0.37,24.44,24.62,0.85
HURC,87.03,93.24,97.71,112.13,103.69,105.54,34,62,36,50,17.39,0.41,18.23,17.68,0.64
SHEN,87.02,87.22,97.1,102.19,102.5,88.98,34,47,34,19,13.29,0.54,13.55,12.77,0.47
MTX,87.01,87.58,90.44,86.73,84.58,93.45,34,16,15,24,62.19,0.34,61.56,63.8,0.85
MTH,86.97,90.01,97.73,97.55,94.93,87.0,34,38,25,17,72.35,0.27,74.68,71.83,0.89
PRTA,86.93,86.93,95.8,93.97,72.58,80.63,34,30,8,12,9.41,0.3,7.91,10.08,0.75
ALTI,86.93,87.96,108.93,118.69,113.03,87.85,34,69,50,17,3.68,0.48,4.17,3.79,0.42
FINV,86.92,90.03,113.74,150.89,185.27,192.82,34,85,92,92,7.55,0.41,8.51,8.26,0.31
CIVI,86.9,86.9,96.46,83.87,74.59,85.0,34,14,9,15,33.29,0.34,32.09,34.7,0.78
WLKP,86.9,86.9,93.07,94.85,117.22,108.83,34,32,64,55,20.95,0.17,21.69,22.11,1.22
CTNT,86.9,92.6,92.75,85.91,74.52,53.13,34,15,9,4,1.77,0.15,1.68,1.83,0.66
EVTC,86.89,86.89,95.03,97.79,109.16,107.94,34,38,44,54,34.11,0.37,34.75,34.87,0.58
JOB,86.89,86.89,90.44,88.63,85.95,84.94,34,18,16,15,0.21,0.3,0.2,0.21,0.75
CVEO,86.88,88.24,94.28,100.91,101.0,106.98,34,44,32,52,22.64,0.44,23.32,22.58,0.59
ONEW,86.88,86.88,90.11,92.85,79.48,78.71,34,28,12,11,16.11,0.29,16.06,15.97,0.98
PMT,86.88,86.88,91.45,93.85,118.65,114.36,34,30,66,64,12.19,0.36,12.22,12.45,0.62
SBSI,86.88,88.73,95.12,99.51,105.07,98.84,34,42,38,30,29.03,0.33,30.01,29.45,0.79
SABS,86.85,102.52,116.16,126.11,85.32,114.35,34,75,15,64,2.01,0.25,2.25,2.23,0.11
BCTX,86.84,86.84,74.69,274.3,1003.98,572.86,34,96,99,98,11.04,0.13,7.98,24.33,1.23
REAX,86.83,97.18,99.35,96.9,109.73,135.79,34,37,45,80,4.53,0.26,4.62,4.55,0.89
VEL,86.83,87.5,96.37,98.06,106.7,105.33,34,39,40,50,18.49,0.49,18.26,18.35,0.77
RDGT,86.83,101.71,113.4,90.62,83.82,81.31,34,20,14,12,1.26,0.23,1.28,1.28,0.43
MANH,86.82,90.02,93.99,93.13,89.67,107.56,34,28,19,53,211.56,0.41,214.5,207.38,0.43
MTD,86.82,90.8,95.51,97.59,90.29,96.97,34,38,20,28,1204.43,0.44,1266.75,1218.18,0.88
WS,86.81,105.47,104.0,104.41,98.89,90.61,34,51,30,20,30.2,0.34,31.85,29.02,1.91
DEI,86.81,89.75,98.14,100.33,106.33,117.71,34,43,39,67,15.56,0.39,15.6,15.72,1.01
CNX,86.8,86.8,85.68,105.53,115.42,131.0,34,53,61,78,32.23,0.35,29.96,31.23,0.91
SNSE,86.8,92.15,103.46,97.97,91.35,86.21,34,39,21,16,8.8,0.31,8.16,8.37,0.03
OMC,86.76,86.76,88.37,87.94,92.97,90.6,34,17,22,20,77.05,0.25,75.45,77.06,0.75
EOG,86.75,86.75,97.5,93.93,107.96,105.21,34,30,42,49,117.31,0.45,119.0,119.54,1.48
NOV,86.74,86.74,87.33,90.39,95.71,94.8,34,20,25,25,13.48,0.5,12.79,13.28,1.23
KO,86.73,87.96,91.39,98.41,127.31,113.59,34,40,75,63,65.67,0.46,68.17,67.55,1.13
DHIL,86.73,86.81,91.21,100.33,99.95,97.39,34,43,31,28,140.92,0.42,143.26,142.1,0.85
PKX,86.71,88.58,101.54,106.74,89.63,95.07,34,55,19,25,48.73,0.31,53.29,47.94,0.94
AWX,86.71,87.32,84.92,89.25,114.38,148.23,34,19,58,85,2.61,0.17,2.53,2.83,0.61
BATRK,86.71,87.26,99.86,109.52,111.05,102.47,34,59,47,44,41.01,0.46,43.73,41.2,0.96
PKOH,86.7,88.17,94.69,78.54,84.95,87.91,34,10,15,18,20.83,0.31,19.25,20.97,0.75
ASAN,86.69,87.67,87.43,91.31,115.56,146.59,34,21,61,84,13.89,0.17,14.16,16.79,0.74
JG,86.68,106.23,129.99,205.83,249.4,326.01,33,93,96,97,8.13,0.38,9.8,9.52,0.79
HLP,86.67,86.67,79.78,52.57,118.93,91.97,33,3,67,22,1.04,0.36,0.76,1.07,0.16
PECO,86.67,86.67,90.75,91.83,112.26,100.24,33,22,49,33,34.49,0.28,34.51,35.11,0.95
DRI,86.66,87.21,103.48,112.88,134.99,126.38,33,63,80,75,188.12,0.5,204.22,198.53,1.07
SGML,86.66,89.23,82.95,70.51,100.18,100.39,33,7,31,33,7.03,0.26,6.1,8.27,1.07
VVV,86.64,90.38,98.1,96.71,96.7,89.18,33,36,27,19,36.67,0.44,38.22,36.64,0.62
CVGI,86.64,93.23,97.8,110.79,63.56,58.71,33,60,5,4,1.7,0.34,1.81,1.71,0.83
OPAL,86.63,86.63,66.52,103.7,111.31,73.67,33,50,47,9,2.54,0.45,2.32,2.54,1.39
SAMG,86.61,89.97,96.82,98.08,106.09,108.75,33,39,39,55,15.74,0.44,16.14,16.13,1.03
IMRN,86.58,87.7,89.43,90.69,94.74,97.48,33,20,24,29,1.93,0.28,1.79,1.85,0.45
GEO,86.57,90.82,91.61,117.36,177.6,223.6,33,68,91,94,20.9,0.37,22.26,26.39,0.54
TRNO,86.56,86.56,86.85,89.87,106.15,112.83,33,20,39,62,57.69,0.42,56.67,59.08,0.77
LMB,86.56,94.65,121.55,187.01,187.67,171.47,33,91,92,90,93.01,0.3,115.35,106.18,0.54
SWK,86.56,89.86,93.2,90.69,90.58,99.66,33,20,20,32,73.85,0.38,73.28,73.01,0.83
GOGO,86.55,86.79,117.61,195.41,175.47,109.52,33,92,91,56,9.11,0.27,12.15,10.09,1.18
BSLK,86.51,91.01,126.57,165.66,65.94,126.96,33,88,6,75,4.11,0.1,4.41,5.55,0.03
RS,86.5,87.9,91.5,106.78,105.64,102.72,33,55,38,45,283.94,0.29,293.97,291.04,1.09
NOW,86.49,89.29,89.29,110.21,116.53,124.46,33,60,63,74,936.0,0.48,920.4,959.29,0.53
RWT,86.48,88.43,95.96,95.02,101.63,100.26,33,33,33,33,5.75,0.5,5.8,5.7,0.89
RLGT,86.47,87.74,96.09,93.23,107.41,114.26,33,29,41,64,6.14,0.27,6.17,6.34,1.15
APO,86.46,91.96,92.48,104.41,106.53,137.75,33,51,40,81,137.63,0.43,140.35,144.15,0.89
CCU,86.46,87.37,90.11,100.16,144.83,137.62,33,43,84,81,11.97,0.31,12.09,13.01,0.46
FCUV,86.46,87.05,87.05,125.75,189.51,271.63,33,75,93,96,3.24,0.18,2.5,3.89,0.72
ALOT,86.45,88.06,95.94,101.49,78.06,78.45,33,46,11,11,10.19,0.26,10.96,10.63,1.18
CUZ,86.45,87.58,93.98,101.5,115.92,114.03,33,46,62,63,28.35,0.57,28.22,28.58,0.57
ARE,86.45,88.41,89.59,87.11,89.52,92.58,33,16,19,23,83.85,0.34,80.62,83.57,0.92
TMO,86.45,88.48,94.05,94.85,91.72,94.84,33,32,21,25,464.24,0.33,474.64,477.53,0.8
BRRWU,86.43,86.5,93.12,94.94,114.01,101.26,33,32,54,38,10.68,0.09,10.88,11.14,0.05
PACS,86.43,86.43,78.14,80.04,74.66,68.84,33,11,9,7,13.98,0.18,11.41,11.89,1.47
MTR,86.42,87.07,88.67,92.32,130.18,92.46,33,23,77,22,5.39,0.16,5.62,5.73,0.18
COST,86.39,89.06,91.42,100.07,125.15,116.9,33,43,73,66,915.95,0.23,955.59,973.44,2.15
DRVN,86.39,88.72,105.75,108.61,129.16,120.67,33,57,76,70,16.1,0.45,17.41,16.96,0.67
JCAP,86.37,88.91,91.39,92.82,114.01,101.26,33,26,54,38,17.15,0.3,17.77,17.67,0.4
SSTK,86.31,86.67,90.28,85.38,70.12,86.77,33,15,7,16,21.05,0.36,20.4,21.25,0.62
VERA,86.29,86.29,83.47,77.28,88.84,131.36,33,9,19,78,28.2,0.3,22.78,27.2,1.0
SFBC,86.29,86.29,88.16,89.36,119.4,112.62,33,19,67,61,47.74,0.35,46.63,49.34,0.42
BUD,86.27,87.59,93.35,110.41,131.18,110.57,33,60,78,58,59.14,0.52,61.81,60.39,0.66
SDGR,86.27,86.27,86.77,100.14,141.78,112.74,33,43,83,61,19.3,0.24,19.85,21.69,0.6
CEPO,86.26,86.62,86.54,115.59,114.01,101.26,33,66,54,38,10.5,0.09,10.74,10.97,0.34
AVPT,86.26,87.19,95.79,132.98,154.95,176.33,33,79,87,90,15.35,0.45,16.43,17.06,1.43
AOSL,86.26,93.0,97.72,98.22,84.22,133.51,33,39,15,79,28.47,0.37,27.83,28.75,0.74
OPT,86.25,88.22,92.84,105.11,118.61,160.29,33,52,66,88,3.41,0.12,3.41,3.67,
GLSI,86.22,96.41,94.04,97.23,80.21,95.43,33,37,12,26,10.4,0.25,11.52,11.1,1.58
SUN,86.2,86.62,89.89,93.51,118.92,111.59,33,29,67,60,50.52,0.3,51.53,53.01,0.88
BLIN,86.18,87.16,106.11,108.77,161.72,199.53,33,58,89,92,1.35,0.21,1.4,1.55,0.21
FDBC,86.15,87.69,94.73,100.77,101.38,93.53,33,44,33,24,44.37,0.38,43.32,43.07,0.5
SENS,86.13,86.53,99.5,99.08,165.88,299.46,33,41,90,96,0.46,0.2,0.48,0.61,0.64
CCI,86.11,86.11,93.23,102.69,118.6,109.07,33,48,66,56,95.31,0.45,100.02,96.15,0.77
MXC,86.09,86.16,91.44,90.13,128.0,101.46,33,20,76,42,9.45,0.4,8.39,9.07,2.54
STKL,86.08,88.08,98.77,118.15,97.01,118.63,33,69,27,68,5.88,0.52,6.22,6.17,0.57
ILLR,86.05,103.06,124.32,69.52,66.9,141.97,33,6,6,83,0.96,0.09,0.67,1.14,0.37
PULM,86.03,89.93,98.37,187.87,280.82,386.83,33,92,96,97,4.43,0.3,5.05,6.48,0.77
LBTYA,86.03,86.03,90.51,90.81,76.42,76.76,33,21,10,10,11.57,0.2,11.22,11.02,0.97
BUR,86.0,89.35,95.52,104.18,108.8,104.99,33,51,43,49,12.07,0.25,13.24,13.43,0.63
IBN,86.0,90.12,94.59,102.54,132.16,108.46,33,48,78,55,30.62,0.48,32.47,31.36,0.94
ISRLU,85.99,90.86,97.21,111.5,129.97,104.23,33,61,77,48,11.6,0.14,12.77,12.2,0.0
CSPI,85.99,90.35,86.94,82.04,119.19,144.96,33,12,67,84,12.37,0.21,11.62,14.5,0.45
PSA,85.99,85.99,86.1,91.15,108.99,102.55,33,21,44,44,286.29,0.29,283.82,289.39,1.02
AMGN,85.98,89.22,90.09,95.09,117.66,113.83,32,33,65,63,272.98,0.3,287.81,283.87,0.8
TPH,85.98,86.94,95.65,96.17,93.25,86.71,32,35,23,16,33.73,0.27,34.19,33.35,0.71
DYN,85.97,85.97,82.18,72.69,72.28,91.51,32,8,8,21,13.15,0.22,11.99,13.25,0.53
MDLZ,85.96,87.82,85.37,98.84,118.33,101.77,32,41,66,43,63.36,0.47,63.71,63.55,0.69
CCAP,85.92,87.82,91.56,87.5,100.55,108.23,32,17,32,54,15.17,0.29,15.09,15.93,1.13
BL,85.9,87.12,91.6,102.7,110.0,106.01,32,48,45,51,52.84,0.45,53.57,54.23,0.67
TRC,85.89,86.94,97.96,102.63,110.55,100.09,32,48,46,32,16.09,0.29,17.35,16.54,0.71
LSPD,85.89,92.13,92.59,99.37,90.71,93.21,32,42,20,23,11.55,0.34,12.36,12.14,1.07
RDY,85.88,88.33,89.83,99.13,107.5,95.48,32,41,41,26,14.22,0.51,14.31,14.16,1.1
ABM,85.85,85.85,85.93,92.47,102.64,105.6,32,23,34,50,45.78,0.24,47.25,49.07,0.67
BEAT,85.85,85.85,79.33,60.88,92.76,97.83,32,5,22,29,1.67,0.32,1.27,1.76,0.95
MLP,85.83,89.23,89.62,86.42,85.09,101.23,32,16,15,34,19.03,0.42,17.49,18.07,0.3
BRT,85.83,86.15,86.48,88.51,106.33,109.11,32,18,39,56,15.7,0.3,15.37,15.95,0.63
GRNT,85.82,85.82,90.26,104.06,107.74,106.68,32,50,42,52,5.77,0.62,5.3,5.54,0.85
GMM,85.81,98.15,260.11,265.38,391.7,782.29,32,96,98,98,1.89,0.37,2.34,3.03,0.3
GDTC,85.78,85.78,91.28,107.12,124.62,148.42,32,55,73,85,1.99,0.26,1.91,2.33,1.67
TTSH,85.78,92.49,94.67,98.68,99.0,114.23,32,40,30,63,6.45,0.48,6.36,6.51,0.54
BOOM,85.78,89.79,81.21,94.12,89.02,87.63,32,31,19,17,8.19,0.3,7.26,7.53,0.52
DLB,85.76,85.76,88.05,91.75,104.71,106.69,32,22,37,52,72.39,0.21,73.02,76.22,1.26
KZIA,85.74,89.89,127.49,164.06,108.29,84.14,32,88,43,14,7.33,0.14,8.2,7.07,0.05
PLUS,85.71,87.31,92.6,93.04,94.61,86.46,32,28,24,16,71.63,0.36,70.36,69.32,0.72
FNGR,85.7,87.51,86.33,119.35,270.73,98.56,32,70,96,30,1.61,0.15,1.59,1.79,0.36
VRNT,85.7,85.7,86.89,94.35,75.16,90.98,32,31,10,20,20.26,0.33,20.54,21.25,0.56
NODK,85.69,88.22,89.18,83.68,101.15,97.44,32,13,32,29,13.63,0.3,13.12,13.73,0.53
CMBT,85.69,88.34,83.69,79.56,83.53,87.86,32,11,14,17,9.93,0.21,9.08,9.47,0.58
SLB,85.69,85.69,88.07,86.04,101.12,99.49,32,15,32,31,35.52,0.32,34.4,36.43,0.93
REFR,85.68,92.92,75.93,116.56,118.14,102.07,32,67,65,43,1.54,0.43,1.49,1.49,0.74
FUFU,85.65,86.57,97.22,88.53,117.18,117.18,32,18,64,67,3.65,0.22,3.8,4.23,0.22
STRZ,85.65,86.14,85.58,101.85,114.01,101.26,32,46,54,38,14.44,0.38,14.12,15.02,0.32
JBLU,85.64,88.1,91.13,88.77,90.16,116.97,32,18,20,67,5.03,0.34,4.89,5.44,0.72
EVTL,85.63,96.04,86.58,127.54,112.39,178.58,32,76,49,90,5.44,0.2,5.49,5.59,1.0
APT,85.63,85.63,88.18,87.38,93.1,100.97,32,17,23,34,4.87,0.38,4.78,4.91,0.78
RAMP,85.63,85.63,84.99,112.79,113.69,113.27,32,63,51,62,28.15,0.38,28.74,29.85,0.81
BCSF,85.62,87.24,91.42,94.4,109.34,115.61,32,31,44,65,14.38,0.31,14.8,15.17,0.9
WSR,85.61,88.1,92.38,91.89,115.96,111.17,32,22,62,59,12.5,0.25,12.56,12.93,0.81
BIIB,85.6,86.41,88.31,87.35,78.5,78.77,32,17,11,11,137.37,0.3,135.83,135.48,1.07
ESTA,85.59,95.54,98.88,110.72,93.7,110.03,32,60,23,57,39.11,0.55,39.97,38.19,1.45
KOF,85.58,87.08,90.44,103.45,128.58,106.55,32,49,76,52,84.22,0.45,84.94,86.38,0.58
NYC,85.57,86.35,112.83,141.88,160.59,131.64,32,83,89,78,10.0,0.23,11.68,10.91,0.97
FWRG,85.57,86.85,101.81,101.57,126.96,109.43,32,46,75,56,16.0,0.3,17.51,17.93,1.26
HZO,85.56,85.58,98.54,100.33,86.01,93.29,32,43,16,24,26.21,0.48,25.22,25.15,0.85
CTRA,85.56,85.56,90.84,92.99,118.09,117.73,32,28,65,68,23.83,0.26,23.85,25.29,1.16
PFE,85.55,86.4,93.39,98.37,96.71,101.65,32,40,27,42,23.76,0.4,24.51,24.19,0.76
SPWR,85.54,88.53,93.27,110.92,254.59,201.33,32,60,96,93,1.77,0.29,1.61,1.67,6.15
TKLF,85.52,89.96,86.69,112.7,116.69,124.49,32,63,63,74,3.61,0.28,3.72,3.61,10.47
GSBD,85.5,87.22,92.04,97.59,95.17,95.61,32,38,25,26,10.89,0.51,11.32,11.12,0.97
SLG,85.5,89.16,92.03,102.56,104.55,113.07,32,48,37,62,59.37,0.4,58.18,59.47,0.78
ACGL,85.5,86.36,87.02,91.63,106.25,100.56,32,22,39,33,90.88,0.24,89.77,91.46,0.63
PDCC,85.5,86.79,91.61,90.99,110.15,103.56,32,21,45,46,16.75,0.37,16.61,17.4,0.85
CASS,85.49,87.35,93.34,101.66,111.08,102.81,32,46,47,45,40.39,0.3,41.99,41.81,0.63
BLFY,85.48,86.87,88.88,95.22,108.84,95.93,32,33,43,27,9.36,0.33,9.11,9.4,0.48
SID,85.46,88.17,80.36,83.75,98.35,91.01,32,14,29,21,1.51,0.24,1.43,1.52,0.57
HON,85.46,86.52,93.69,104.02,106.16,101.39,32,50,39,42,208.19,0.47,217.7,216.25,0.89
YUMC,85.46,88.89,100.33,108.21,133.66,132.29,32,57,79,78,43.25,0.35,45.18,46.09,0.55
SPGI,85.45,88.41,97.95,102.5,108.8,106.9,32,47,43,52,487.18,0.4,538.74,513.09,1.35
AR,85.45,85.66,90.32,111.66,134.44,139.94,32,61,80,82,34.11,0.47,32.53,36.17,1.05
CP,85.45,86.23,88.84,99.38,103.1,95.89,32,42,35,27,73.51,0.36,75.38,76.09,1.14
IROH,85.4,92.24,108.61,105.98,117.46,104.79,31,54,64,48,10.1,0.63,10.45,10.39,0.3
FORM,85.4,91.7,87.85,91.32,86.15,91.69,31,21,16,21,35.28,0.47,31.22,33.92,0.5
BGI,85.39,89.32,97.27,58.28,62.49,63.25,31,4,5,5,1.16,0.33,0.84,1.08,0.06
VNOM,85.39,85.39,83.19,83.69,110.8,118.8,31,13,47,69,39.71,0.22,38.01,41.4,1.24
CUE,85.38,85.38,93.64,92.05,103.65,115.07,31,22,36,65,0.71,0.18,0.79,0.92,0.74
POOL,85.36,87.3,91.32,90.01,102.54,98.79,31,20,34,30,305.86,0.22,315.92,319.06,0.83
LBTYK,85.33,85.33,89.76,89.27,76.72,76.51,31,19,10,10,11.84,0.2,11.39,11.35,1.22
JLHL,85.31,88.91,91.39,92.82,114.01,101.26,31,26,54,38,3.99,0.4,4.15,4.08,2.66
HESM,85.29,86.34,103.82,109.23,124.05,126.29,31,58,72,75,35.0,0.27,40.01,38.24,1.14
ASTH,85.28,85.28,95.45,86.14,91.78,84.43,31,15,21,14,29.68,0.2,27.57,29.94,0.99
KREF,85.27,86.75,91.3,90.17,113.49,113.34,31,20,50,62,9.29,0.3,9.36,9.53,0.8
CAN,85.27,88.59,79.76,95.46,69.11,184.2,31,34,7,91,0.79,0.09,0.75,1.13,0.61
BFLY,85.25,85.25,71.44,107.73,174.03,341.93,31,56,91,97,2.01,0.19,1.65,2.57,1.3
TRN,85.23,85.25,89.79,90.42,92.0,117.88,31,20,21,68,28.04,0.31,27.49,29.07,0.39
DIN,85.23,86.94,82.98,90.76,94.06,82.57,31,21,24,13,24.26,0.41,22.57,23.94,0.91
KRG,85.22,85.95,91.0,93.23,103.09,100.18,31,29,35,32,22.15,0.4,22.26,22.3,1.14
BTCT,85.21,91.58,89.79,146.55,170.43,337.27,31,84,90,97,2.68,0.07,2.73,3.99,0.23
TNXP,85.2,94.6,160.86,304.92,268.15,119.15,31,97,96,69,24.21,0.31,36.93,28.67,0.58
CMTL,85.2,86.87,93.37,117.48,97.88,103.71,31,68,28,47,2.57,0.37,2.19,2.24,0.87
SKY,85.15,85.15,87.28,80.36,118.57,115.24,31,11,66,65,74.31,0.29,71.53,82.57,0.61
NEN,85.13,85.83,87.79,90.65,124.42,110.81,31,20,73,58,71.5,0.15,71.73,75.13,0.95
EQIX,85.13,86.65,81.94,88.52,106.01,107.08,31,18,39,52,790.34,0.25,781.55,842.53,0.69
FHTX,85.06,85.06,99.65,122.38,92.55,84.99,31,72,22,15,4.86,0.26,5.3,4.74,1.19
TXN,85.03,85.09,98.05,113.73,103.12,98.51,31,64,35,30,184.55,0.54,190.64,185.06,0.83
SXC,85.02,86.18,81.69,88.55,103.39,102.1,31,18,35,43,8.2,0.21,7.76,8.73,0.68
TSN,85.01,85.95,88.99,91.36,116.68,105.93,31,21,63,50,54.19,0.21,54.96,56.42,0.89
FCNCA,85.0,85.65,93.54,106.56,101.63,116.51,31,55,33,66,1850.38,0.37,1948.04,1951.83,1.54
SON,84.96,87.31,90.68,92.99,97.4,90.79,31,28,28,20,43.91,0.33,46.14,45.56,1.13
OCSL,84.94,84.94,87.76,90.95,101.01,100.06,31,21,32,32,13.06,0.32,13.37,13.76,1.15
ASIC,84.92,86.67,91.39,92.82,114.01,101.26,31,26,54,38,19.52,0.14,21.02,21.34,1.34
OZ,84.92,84.92,88.11,96.35,111.69,117.91,31,36,48,68,64.25,0.26,63.52,65.15,0.95
OC,84.88,85.71,92.99,91.33,88.54,101.71,31,21,18,42,143.12,0.21,147.47,151.49,1.27
EML,84.88,86.65,90.23,86.64,95.6,100.18,31,16,25,32,24.58,0.38,23.64,24.54,0.72
DUOL,84.86,84.86,82.75,133.5,199.72,175.79,31,80,93,90,326.39,0.2,323.12,369.69,0.85
SUNS,84.85,85.44,91.41,97.53,95.16,96.2,31,38,25,27,10.97,0.48,10.71,10.89,0.95
USEG,84.84,85.23,84.29,123.2,172.33,277.94,31,73,91,96,1.24,0.1,1.19,1.47,3.32
PD,84.82,86.84,90.01,86.21,97.29,97.07,31,15,28,28,16.13,0.29,15.99,16.78,0.5
NSYS,84.81,89.51,89.51,81.66,85.57,89.12,31,12,16,19,9.25,0.31,8.89,9.4,0.16
WH,84.78,86.78,91.83,98.76,110.86,125.82,31,40,47,74,81.46,0.16,85.89,90.39,0.98
CERS,84.78,93.08,82.34,91.95,86.8,108.13,31,22,17,54,1.44,0.28,1.32,1.47,0.68
CACC,84.78,91.55,99.29,100.5,110.32,104.6,31,44,46,48,458.46,0.33,495.37,494.03,1.3
NKTX,84.77,90.45,92.76,95.01,74.36,48.66,31,33,9,3,2.04,0.2,2.11,2.01,0.82
DIT,84.77,88.83,89.32,86.62,95.4,91.74,31,16,25,21,116.5,0.38,113.77,119.43,4.1
VAC,84.76,94.13,99.11,113.72,92.44,100.84,31,64,22,34,69.85,0.44,75.96,73.26,0.9
PRU,84.76,84.76,91.25,92.42,99.16,99.16,31,23,30,31,104.41,0.36,104.57,106.23,0.9
SSII,84.76,105.55,489.24,127.89,431.1,767.15,31,76,98,98,5.56,0.32,6.63,7.65,0.63
AIRJ,84.76,84.76,80.37,78.84,66.46,109.84,31,10,6,57,5.19,0.18,4.66,5.96,2.41
WHWK,84.72,86.71,87.9,99.32,103.61,187.82,31,41,36,91,1.94,0.21,1.81,2.11,0.89
STHO,84.71,84.74,92.9,93.25,76.91,76.54,31,29,10,10,8.48,0.31,8.16,8.06,0.69
HPQ,84.71,90.67,91.68,81.07,86.77,96.87,31,12,17,28,26.71,0.32,26.75,27.77,0.92
GTLB,84.69,92.56,92.56,86.79,93.3,116.61,31,16,23,66,47.47,0.25,46.0,51.46,0.5
PW,84.68,84.68,122.79,123.99,140.76,168.37,31,73,83,89,0.99,0.18,1.19,1.17,0.43
CODX,84.68,90.35,131.9,67.81,42.26,70.22,31,6,2,7,0.38,0.13,0.32,0.45,0.15
GWRS,84.68,84.68,79.19,86.01,96.73,93.24,31,15,27,24,10.12,0.2,9.84,10.51,0.76
ANGI,84.68,92.21,92.77,105.38,85.81,80.93,31,53,16,12,16.74,0.35,17.38,16.29,0.7
FFIN,84.65,84.65,94.3,102.14,109.76,108.58,31,47,45,55,34.11,0.28,35.61,35.61,0.62
ALKS,84.65,84.65,88.61,100.38,123.88,124.77,31,43,72,74,27.89,0.21,27.85,30.14,1.17
PGR,84.63,84.84,84.88,99.55,132.93,130.97,31,42,79,78,243.48,0.15,245.38,258.78,0.99
WCN,84.62,84.62,87.66,95.74,121.22,108.54,30,34,69,55,172.41,0.11,182.09,185.38,0.6
ZD,84.61,84.61,88.69,86.72,73.92,96.57,30,16,9,27,36.87,0.24,35.54,39.72,0.56
NKE,84.58,92.78,100.44,106.34,81.54,91.44,30,54,13,21,69.31,0.48,74.63,69.31,1.38
CRGY,84.58,84.58,88.36,85.69,94.9,130.23,30,15,25,77,9.77,0.3,9.08,10.53,1.31
PB,84.56,84.56,86.77,100.95,108.89,109.14,30,44,43,56,66.55,0.2,67.17,70.41,0.85
HNI,84.55,84.55,87.95,102.97,99.3,99.07,30,48,30,31,46.1,0.39,46.2,46.51,1.26
PLUR,84.52,90.86,99.74,114.14,150.29,85.39,30,64,86,15,4.65,0.33,4.95,4.7,2.11
NAVI,84.51,84.51,89.68,108.78,96.92,92.57,30,58,27,23,12.83,0.47,13.15,13.14,0.78
RELX,84.5,84.5,88.09,104.89,124.61,109.08,30,52,73,56,46.83,0.26,48.49,49.65,0.73
EBF,84.49,85.05,86.37,87.41,110.42,111.88,30,17,46,60,18.36,0.31,18.17,19.04,0.88
PHGE,84.48,84.48,81.42,79.7,60.24,93.68,30,11,5,24,0.52,0.2,0.5,0.58,0.05
AAT,84.44,85.86,86.32,92.01,88.94,104.86,30,22,19,49,20.29,0.35,19.87,20.55,0.65
MNR,84.38,84.38,94.45,94.9,100.34,98.67,30,32,32,30,13.31,0.3,13.98,13.9,0.75
AMSF,84.38,84.57,88.93,89.1,121.91,111.55,30,19,70,60,43.77,0.1,44.77,47.17,1.01
POST,84.37,85.47,91.56,92.83,118.74,102.4,30,28,66,44,105.93,0.19,107.22,110.56,0.67
MSEX,84.37,84.37,84.79,88.32,134.9,112.93,30,18,80,62,53.5,0.28,53.0,55.18,0.64
RGA,84.35,84.53,86.92,89.67,99.65,104.01,30,19,30,47,191.06,0.39,190.01,197.36,0.6
CXM,84.34,84.34,94.21,103.3,98.2,103.07,30,49,29,45,7.86,0.39,8.36,8.45,0.46
NMFC,84.34,84.89,90.54,97.35,102.02,99.49,30,37,34,31,9.72,0.49,10.05,10.11,1.2
GTY,84.33,84.33,88.01,91.53,119.15,108.11,30,21,67,54,26.7,0.08,27.55,28.21,0.78
TDOC,84.32,90.47,90.72,93.15,85.34,124.17,30,28,15,73,8.16,0.21,7.67,8.48,1.2
PSO,84.31,84.72,87.14,95.45,125.07,126.12,30,34,73,75,13.99,0.22,14.34,15.34,0.48
PAVS,84.3,88.55,82.92,87.87,145.53,146.6,30,17,85,84,0.94,0.46,0.82,1.11,1.56
EPAC,84.29,84.29,88.64,95.47,117.44,112.71,30,34,64,61,40.2,0.22,40.92,42.49,0.52
UONEK,84.28,88.11,104.32,90.89,73.68,62.45,30,21,9,5,0.72,0.37,0.73,0.73,0.2
AWR,84.26,84.26,86.71,93.46,117.06,105.17,30,29,63,49,72.41,0.19,73.8,75.67,1.06
OBDC,84.25,88.54,93.01,98.56,105.7,105.45,30,40,38,50,13.24,0.37,14.18,14.1,1.14
HLNE,84.23,89.62,90.41,97.83,116.73,114.4,30,39,63,64,140.9,0.21,151.32,151.02,0.56
WTM,84.2,86.9,91.51,93.36,108.38,104.81,30,29,43,49,1715.94,0.08,1786.5,1824.63,1.14
VALU,84.19,84.19,87.96,87.29,102.63,111.01,30,17,34,59,39.0,0.26,38.12,40.11,0.62
PFAI,84.17,85.51,88.66,92.82,114.01,101.26,30,26,54,38,1.98,0.22,1.8,2.28,0.02
VIRT,84.16,84.39,108.97,130.68,149.18,150.3,30,78,86,85,35.21,0.36,40.43,38.93,0.56
MMLP,84.15,84.15,91.92,94.1,110.13,117.72,30,31,45,68,3.19,0.4,3.15,3.29,1.38
IR,84.15,84.15,83.78,94.88,89.13,92.0,30,32,19,22,82.3,0.4,80.68,83.59,0.87
EQR,84.12,84.83,85.51,90.27,110.21,105.02,30,20,45,49,64.53,0.29,64.42,67.05,0.98
UGRO,84.12,93.71,97.14,63.47,57.42,72.69,30,5,4,8,0.46,0.1,0.46,0.59,0.03
CUBE,84.11,84.11,84.96,92.54,101.02,93.8,30,23,32,24,40.51,0.32,40.39,40.98,0.8
HTO,84.11,84.11,86.56,92.58,115.16,102.69,30,23,60,45,48.41,0.29,49.42,50.8,0.74
APLE,84.11,86.34,92.05,90.87,89.5,97.48,30,21,19,29,12.03,0.34,12.33,12.74,0.77
EXR,84.11,84.11,85.55,93.52,102.16,100.55,30,29,34,33,139.83,0.32,141.0,144.21,0.77
LI,84.1,93.62,97.68,123.73,124.19,132.28,30,73,72,78,24.36,0.35,25.47,25.82,2.71
AAL,84.09,93.47,101.49,101.88,90.26,137.59,30,46,20,81,11.31,0.23,12.43,13.03,1.09
ESAB,84.09,84.09,89.61,106.77,113.15,117.28,30,55,50,67,110.06,0.26,117.53,120.85,0.82
REFI,84.08,84.82,91.28,92.39,109.87,108.48,30,23,45,55,13.29,0.17,13.69,14.11,0.76
DMLP,84.05,84.05,82.76,88.61,102.13,105.01,30,18,34,49,26.13,0.25,25.6,27.82,0.81
LCID,84.01,84.01,74.4,100.8,101.41,117.31,30,44,33,67,23.96,0.4,22.45,24.69,1.08
SARO,84.0,86.28,88.24,101.88,105.66,105.37,30,46,38,50,26.73,0.42,27.53,27.47,1.07
INLX,83.95,97.91,98.29,114.07,160.72,178.4,30,64,89,90,11.72,0.42,11.54,12.53,0.28
CNNE,83.95,88.17,92.22,108.95,105.83,97.43,30,58,39,29,18.31,0.42,19.33,18.88,0.91
RGEN,83.91,83.91,82.31,93.77,99.35,102.92,30,30,30,45,125.61,0.26,120.1,135.23,0.64
DSGR,83.91,88.74,95.18,98.48,84.3,94.99,30,40,15,25,28.97,0.29,31.0,30.05,1.18
CDLR,83.91,85.38,94.37,97.04,101.86,94.4,30,37,33,25,20.56,0.29,21.09,20.65,1.04
UTSI,83.9,89.85,92.43,98.25,101.77,95.88,30,39,33,27,2.48,0.38,2.43,2.51,0.23
GHI,83.9,83.9,86.76,92.69,107.95,107.55,30,23,42,53,10.62,0.31,10.77,11.22,1.0
ENTX,83.9,83.9,105.64,99.71,121.07,181.7,30,42,69,91,1.82,0.23,1.92,2.03,0.43
WGO,83.89,85.6,82.6,78.93,73.0,75.27,30,10,8,9,34.5,0.19,33.07,36.42,0.68
KEQU,83.87,93.9,115.92,138.79,129.47,174.14,30,82,77,90,43.74,0.33,53.13,49.43,0.18
INMD,83.86,83.91,85.75,85.82,102.76,102.9,30,15,34,45,14.9,0.26,14.56,15.89,0.49
CMCT,83.84,97.3,81.6,120.94,103.78,139.98,29,71,36,82,6.11,0.08,6.98,9.77,0.05
MANU,83.83,83.83,105.25,111.46,117.32,96.92,29,61,64,28,15.41,0.46,16.9,15.79,1.2
BHE,83.8,86.99,93.58,93.58,101.07,123.81,29,29,32,73,38.64,0.33,39.57,39.83,0.59
MYND,83.8,94.1,65.18,77.8,75.09,134.82,29,10,9,79,0.97,0.17,0.72,1.03,0.42
ABNB,83.79,86.76,91.09,98.07,101.18,107.61,29,39,32,53,123.7,0.32,127.87,130.33,0.58
JAMF,83.78,83.78,84.48,61.52,81.66,84.82,29,5,13,15,11.25,0.39,9.07,11.6,1.13
SNCY,83.78,93.0,99.7,105.77,101.59,129.95,29,53,33,77,11.78,0.36,12.3,13.09,0.85
EPRT,83.77,83.77,89.22,96.34,118.93,111.33,29,36,67,59,29.75,0.3,30.45,31.15,0.43
EHAB,83.74,85.39,82.48,106.96,126.92,104.92,29,55,75,49,8.11,0.37,7.56,8.35,0.65
NCNO,83.74,91.58,94.66,96.63,91.15,97.43,29,36,21,29,27.98,0.31,29.31,29.13,0.85
LAB,83.72,91.87,93.6,93.47,77.12,95.33,29,29,10,26,1.3,0.28,1.31,1.33,0.74
CENTA,83.69,85.73,95.61,105.31,107.61,94.88,29,53,42,25,30.01,0.21,33.34,32.31,0.66
TRU,83.68,87.44,93.7,102.46,98.77,104.92,29,47,29,49,85.19,0.41,90.71,88.94,0.79
ESS,83.68,83.68,84.89,95.14,115.89,110.98,29,33,61,59,267.8,0.28,266.94,278.93,0.65
ABSI,83.66,83.66,77.22,94.09,91.83,135.85,29,31,21,80,2.73,0.14,2.77,3.09,0.83
GHG,83.6,84.63,85.76,94.69,99.23,106.91,29,32,30,52,2.19,0.18,2.19,2.33,0.65
CLPR,83.6,86.65,98.53,96.2,97.99,102.48,29,35,28,44,3.82,0.17,4.0,3.92,0.44
CPRI,83.59,86.4,93.91,94.23,72.32,78.66,29,31,8,11,19.86,0.24,20.35,19.68,0.73
KMB,83.58,84.62,86.32,93.43,117.89,111.02,29,29,65,59,122.23,0.05,128.41,130.81,0.94
OSUR,83.56,84.9,92.68,92.68,83.88,82.49,29,23,14,13,3.2,0.39,3.15,3.27,1.24
RPT,83.56,84.23,89.4,89.95,101.53,100.42,29,20,33,33,2.57,0.31,2.61,2.7,0.75
GWW,83.52,84.04,88.31,97.31,105.9,105.61,29,37,39,50,959.73,0.15,996.18,1029.1,0.5
FFAI,83.51,103.21,134.66,182.98,86.4,71.3,29,91,16,8,1.38,0.18,2.18,1.61,0.8
APD,83.5,90.45,92.94,97.81,110.92,110.87,29,38,47,58,266.78,0.23,289.89,289.22,1.31
DT,83.49,83.49,86.08,105.45,105.8,112.44,29,53,38,61,49.51,0.39,49.86,52.05,0.88
PLMR,83.49,84.86,89.16,135.61,174.25,144.72,29,81,91,84,115.23,0.31,123.39,131.48,0.5
PG,83.43,83.88,86.89,89.6,113.12,104.8,29,19,50,48,152.5,0.08,155.96,161.41,0.8
SAM,83.39,85.74,84.27,79.67,97.05,91.83,29,11,27,22,215.02,0.2,216.58,234.95,0.52
BALY,83.38,83.38,90.08,84.34,105.8,104.72,29,14,38,48,10.79,0.18,9.86,13.12,1.48
MCHX,83.38,87.7,103.83,117.91,116.86,126.3,29,69,63,75,1.82,0.57,1.97,1.87,0.54
OSTX,83.38,91.95,115.67,118.07,103.6,118.41,29,69,36,68,2.05,0.23,2.05,2.15,0.75
BBT,83.38,86.67,92.48,98.53,107.54,110.07,29,40,41,57,24.19,0.2,25.47,26.09,0.89
OMCC,83.37,87.28,95.76,96.59,109.24,102.27,29,36,44,44,5.35,0.31,5.61,5.9,1.16
WKC,83.36,84.29,89.01,101.76,107.25,108.87,29,46,41,55,26.28,0.42,26.46,27.11,0.5
FKWL,83.35,85.34,88.56,88.56,159.82,183.25,29,18,88,91,4.2,0.14,4.05,4.72,3.11
ARKO,83.34,84.8,95.65,83.58,86.99,107.6,29,13,17,53,4.59,0.24,4.76,5.07,0.54
DLNG,83.33,87.49,90.74,88.89,104.27,149.33,29,18,37,85,3.61,0.16,3.65,3.92,1.51
ABL,83.32,83.32,83.92,75.6,101.47,83.73,29,9,33,14,5.87,0.21,6.13,7.03,1.51
ATOS,83.31,83.31,84.06,100.21,94.63,76.47,29,43,24,10,0.86,0.26,0.81,0.83,0.54
ATPC,83.3,88.99,85.49,84.16,155.05,67.45,29,14,87,6,1.27,0.23,1.32,1.41,0.98
ACRE,83.28,83.28,90.91,91.66,85.74,82.72,29,22,16,13,4.77,0.43,4.62,4.74,0.88
CCS,83.27,86.13,93.62,92.09,89.94,81.94,29,22,19,13,63.05,0.24,63.63,64.41,1.02
BMRA,83.27,89.77,89.16,111.12,176.66,212.73,29,60,91,93,2.81,0.11,3.16,3.76,0.02
RHP,83.27,85.06,92.41,99.69,97.62,92.56,29,42,28,23,92.72,0.4,96.91,96.9,0.74
OTIS,83.27,83.27,82.93,93.76,113.81,106.7,29,30,51,52,90.38,0.3,88.39,94.31,0.53
FSP,83.27,83.27,87.14,100.1,106.39,99.61,29,43,40,32,1.63,0.31,1.65,1.72,0.63
CLFD,83.26,83.93,88.29,125.54,117.23,108.22,29,74,64,54,33.72,0.42,36.0,34.75,0.52
IMMP,83.23,83.23,79.35,87.2,118.71,91.59,29,16,66,21,1.72,0.29,1.7,1.81,1.18
FA,83.22,83.22,85.21,100.32,111.35,103.53,29,43,48,46,15.37,0.35,16.48,16.72,2.05
BRID,83.19,83.19,83.03,80.11,88.61,108.53,29,11,18,55,8.01,0.17,7.74,8.75,0.43
TCRT,83.14,97.4,96.56,215.96,218.1,52.25,29,94,94,3,2.5,0.29,2.48,2.47,0.1
VMD,83.13,83.84,91.05,91.64,98.07,96.74,29,22,28,28,6.71,0.22,6.75,7.23,0.48
CATX,83.12,83.12,100.63,115.43,99.25,45.81,29,66,30,3,3.4,0.15,3.62,3.11,1.01
ELS,83.11,83.11,84.55,87.24,113.28,103.39,29,17,50,46,59.53,0.13,59.97,62.9,1.05
PALI,83.1,83.1,58.98,87.15,54.15,44.79,29,16,4,2,0.9,0.11,0.79,0.96,0.4
YORW,83.08,83.19,84.01,86.17,114.43,99.06,29,15,58,31,30.75,0.15,30.83,32.22,0.67
CSR,83.07,83.07,82.89,87.97,106.07,99.2,29,17,39,31,58.7,0.29,57.2,60.37,1.24
BLKB,83.07,85.09,90.4,87.34,91.4,91.19,29,17,21,21,64.17,0.18,65.75,67.19,1.22
CVRX,83.07,83.07,87.17,93.66,106.47,148.95,29,30,40,85,7.55,0.21,7.62,9.74,0.41
BCAX,83.04,83.04,93.91,91.16,112.2,91.2,28,21,49,21,11.71,0.17,11.37,12.57,2.32
OPHC,83.03,83.03,86.34,96.89,101.12,99.73,28,37,32,32,4.17,0.3,4.33,4.42,0.99
PRTC,83.03,84.9,91.58,94.19,94.13,80.78,28,31,24,12,16.9,0.34,17.58,18.04,0.13
KHC,83.03,85.18,87.91,87.69,103.09,99.0,28,17,35,31,26.05,0.09,27.03,27.75,1.05
MSBI,83.02,84.88,89.29,90.32,87.47,97.29,28,20,17,28,17.55,0.25,17.74,18.34,1.01
CCCS,83.01,83.57,89.84,91.29,85.98,95.88,28,21,16,27,9.31,0.23,9.7,9.85,0.74
NSPR,82.99,84.05,84.06,95.45,118.86,132.82,28,34,66,79,2.39,0.13,2.45,2.61,8.1
ICFI,82.99,84.37,92.52,84.43,76.87,81.09,28,14,10,12,93.04,0.16,93.85,95.97,0.59
BMR,82.96,83.73,95.26,105.03,123.52,163.62,28,52,72,88,2.95,0.26,3.02,3.07,0.13
CBAT,82.94,82.94,91.59,120.27,120.27,87.28,28,71,68,17,0.9,0.43,0.95,0.92,0.9
DRIO,82.94,83.13,63.54,86.02,93.18,111.13,28,15,23,59,13.27,0.29,10.04,13.06,2.1
FATN,82.93,88.93,88.93,102.34,114.01,101.26,28,47,54,38,6.38,0.1,6.58,7.99,0.28
UPBD,82.93,89.26,92.44,95.03,88.23,90.56,28,33,18,20,24.44,0.35,24.44,25.19,1.1
AIRO,82.92,84.74,91.39,92.82,114.01,101.26,28,26,54,38,19.08,0.01,21.51,22.52,0.77
AMT,82.91,83.32,90.95,101.64,127.1,109.11,28,46,75,56,194.27,0.38,205.76,203.92,0.96
BHC,82.9,86.8,123.83,133.67,86.53,99.74,28,80,16,32,6.48,0.4,6.89,6.49,0.29
HIHO,82.88,82.94,87.76,89.05,99.08,101.45,28,19,30,42,1.67,0.25,1.67,1.76,0.06
CHCT,82.88,83.12,86.57,92.7,98.11,97.73,28,23,28,29,15.05,0.2,15.22,16.35,0.67
PASG,82.87,82.87,68.95,84.13,79.7,93.75,28,14,12,24,8.0,0.16,6.78,8.76,1.52
HSIC,82.86,85.43,87.71,99.87,104.96,103.53,28,43,37,46,66.06,0.17,68.49,70.77,0.58
MGEE,82.85,83.2,86.61,93.95,118.42,109.05,28,30,66,55,83.26,0.03,84.58,88.53,0.7
RAL,82.84,88.68,91.39,92.82,114.01,101.26,28,26,54,38,43.15,0.17,43.76,44.75,0.59
THR,82.83,84.6,85.25,92.59,100.84,99.43,28,23,32,31,26.58,0.34,26.55,27.82,1.01
SKWD,82.83,84.36,87.26,115.75,142.63,126.71,28,66,84,75,47.02,0.26,49.08,51.95,0.62
DYAI,82.81,87.22,82.42,83.31,96.21,137.15,28,13,26,81,1.1,0.29,0.97,1.23,0.43
BNED,82.8,82.8,74.65,123.43,120.02,93.74,28,73,68,24,9.8,0.32,8.8,10.18,0.86
COYA,82.8,83.84,103.04,104.97,112.28,105.96,28,52,49,51,5.49,0.11,6.12,6.04,0.47
AVB,82.79,82.79,83.13,89.38,107.78,105.95,28,19,42,50,194.86,0.25,193.07,204.74,0.78
PTIX,82.77,82.77,77.02,74.62,179.05,66.51,28,8,91,6,4.29,0.23,3.34,4.28,0.01
OLED,82.76,82.76,83.08,94.28,94.17,91.33,28,31,24,21,149.5,0.41,142.53,144.73,0.87
BCBP,82.75,82.75,86.71,86.82,98.86,98.37,28,16,30,30,8.87,0.25,8.63,9.2,1.19
UNF,82.74,82.74,83.44,100.37,107.09,120.86,28,43,41,70,168.76,0.11,173.15,186.73,0.76
DOX,82.72,84.47,90.53,99.17,111.2,107.34,28,41,47,53,81.63,0.12,85.98,87.17,1.23
IPWR,82.71,110.32,110.32,97.3,79.44,99.51,28,37,12,31,5.05,0.25,5.11,5.53,0.4
MYGN,82.69,85.12,83.73,75.65,49.57,67.22,28,9,3,6,7.7,0.16,6.03,8.38,0.72
KLTO,82.69,82.69,228.12,427.6,402.34,58.95,28,98,98,4,0.46,0.17,0.78,0.57,0.47
AIFF,82.68,83.68,77.16,86.13,114.36,265.24,28,15,58,95,2.86,0.07,2.79,3.46,0.09
DEA,82.67,82.67,83.3,84.07,98.27,92.73,28,14,29,23,22.9,0.27,22.52,23.47,0.84
EKSO,82.58,82.58,77.79,51.72,62.76,60.07,28,3,5,5,5.05,0.15,3.82,6.01,1.09
ULBI,82.57,84.19,89.85,129.38,111.52,83.28,28,77,48,14,6.81,0.48,7.32,6.83,0.74
KOSS,82.55,86.96,93.4,97.05,116.19,178.11,28,37,62,90,5.26,0.27,5.78,5.75,0.15
CNXN,82.55,82.55,89.22,92.6,105.58,99.43,28,23,38,31,62.09,0.2,63.18,65.24,1.03
CPT,82.52,83.06,85.61,92.85,113.85,109.17,28,28,51,56,107.0,0.15,109.16,113.4,0.87
KRT,82.51,82.51,83.0,101.4,114.09,110.48,28,45,58,58,24.65,0.18,25.54,27.46,0.98
BDX,82.51,83.08,87.95,90.45,100.57,101.73,28,20,32,42,184.6,0.26,187.24,199.96,0.59
ANL,82.5,86.05,84.27,70.59,84.42,87.64,28,7,15,17,1.72,0.15,1.65,1.89,1.06
TRUP,82.48,82.48,94.63,138.77,141.42,139.75,28,82,83,82,43.67,0.47,46.72,45.11,0.65
OLN,82.48,84.05,88.61,78.9,63.48,63.23,28,10,5,5,23.96,0.21,22.15,24.18,1.19
PERF,82.48,85.35,100.78,117.62,112.35,132.51,28,68,49,78,1.88,0.16,2.03,2.07,0.85
SORA,82.47,83.84,90.07,171.17,114.01,101.26,28,89,54,38,4.78,0.26,5.49,5.63,0.11
UDMY,82.46,84.75,86.36,94.62,99.84,108.99,28,32,31,55,7.04,0.29,7.04,7.51,0.64
GLRE,82.46,82.46,83.44,99.5,110.69,102.2,28,42,46,44,12.91,0.17,12.92,13.54,0.97
WEYS,82.45,88.52,89.48,102.39,104.43,117.03,28,47,37,67,30.23,0.32,30.22,31.67,0.48
TBBB,82.45,83.92,87.4,93.96,115.04,106.14,28,30,60,51,26.26,0.21,25.91,27.47,0.96
CLAR,82.45,84.66,93.09,90.42,79.1,89.29,28,20,12,19,3.63,0.28,3.62,3.84,0.52
ZDGE,82.44,94.44,107.85,160.44,154.94,97.54,28,87,87,29,2.99,0.4,3.44,2.88,0.25
JILL,82.43,90.19,89.51,71.95,70.32,94.99,28,7,7,25,17.31,0.27,16.68,19.14,0.47
HLIT,82.4,84.5,87.96,83.37,86.86,97.52,27,13,17,29,10.07,0.28,9.39,10.11,0.44
ZEUS,82.37,85.94,90.15,92.47,84.78,79.34,27,23,15,11,30.92,0.21,32.46,32.59,0.83
VNRX,82.34,85.49,106.3,136.89,145.4,89.04,27,81,85,19,0.61,0.38,0.66,0.61,0.43
VRE,82.34,86.71,90.69,87.59,110.97,104.62,27,17,47,48,14.71,0.21,14.91,15.49,1.2
HOFT,82.33,85.13,80.79,92.47,80.52,76.64,27,23,12,10,11.27,0.38,10.11,10.78,1.35
SGRY,82.32,84.65,86.56,89.46,98.88,100.52,27,19,30,33,21.85,0.19,22.34,22.59,0.6
ALRM,82.31,84.57,89.93,91.66,93.98,93.27,27,22,24,24,52.72,0.17,55.86,57.71,1.81
CLPS,82.29,85.58,93.9,93.35,117.27,133.89,27,29,64,79,0.98,0.15,0.99,1.07,0.44
EE,82.29,83.5,85.88,111.03,145.4,160.2,27,60,85,88,25.3,0.39,24.32,27.7,0.89
MTVA,82.27,83.24,108.84,49.49,72.18,65.01,27,3,8,6,0.97,0.14,0.74,1.17,0.05
IP,82.27,84.34,89.86,103.35,117.9,130.35,27,49,65,77,45.32,0.15,48.22,49.79,0.6
NGNE,82.25,82.25,98.41,137.84,94.92,71.18,27,82,25,8,17.82,0.16,19.96,18.17,0.88
MAA,82.24,83.4,84.62,91.57,122.05,115.19,27,22,70,65,139.57,0.04,143.37,151.15,0.99
NRDY,82.21,84.88,88.6,109.18,137.19,158.89,27,58,81,88,1.3,0.42,1.39,1.58,0.9
LSF,82.2,98.09,94.98,121.61,152.93,327.55,27,72,87,97,5.83,0.21,6.2,6.55,0.48
NL,82.18,84.84,91.29,87.76,134.92,119.01,27,17,80,69,6.11,0.23,6.15,6.8,0.65
MAYS,82.16,82.33,88.42,91.71,101.16,91.34,27,22,32,21,38.0,0.2,38.17,39.2,0.0
BJ,82.15,84.55,90.8,110.26,152.71,135.39,27,60,87,80,93.1,0.29,101.37,105.58,1.08
LEGN,82.12,82.23,91.83,102.06,88.53,90.22,27,47,18,20,33.37,0.25,36.75,35.06,0.71
BNC,82.08,112.88,258.58,693.2,133.68,160.11,27,98,79,88,7.76,0.04,18.79,10.96,1.09
AFYA,82.07,86.86,83.69,98.08,122.37,108.8,27,39,71,55,15.5,0.31,15.08,16.6,0.93
MCS,82.05,82.05,84.8,104.17,115.96,144.15,27,51,62,83,15.67,0.14,15.75,17.59,0.53
TVGN,82.04,87.19,93.05,167.93,162.51,258.62,27,89,89,95,0.8,0.19,0.93,1.14,0.31
DLHC,82.04,82.04,86.2,108.56,79.86,68.04,27,57,12,7,5.58,0.42,5.63,5.6,0.17
BCRX,82.03,82.03,88.43,121.29,162.89,125.94,27,72,89,75,7.63,0.26,8.23,8.5,0.89
MIDD,82.03,83.43,88.94,101.63,113.34,114.24,27,46,50,63,133.01,0.27,137.04,144.85,0.52
CBRL,82.01,82.01,115.72,143.04,137.79,108.95,27,83,82,55,45.5,0.29,56.34,52.71,0.88
MOBX,82.0,93.82,133.24,115.91,75.22,123.77,27,66,10,73,0.83,0.16,0.96,0.99,0.19
GPN,81.99,84.01,86.88,88.08,91.8,95.54,27,18,21,26,84.32,0.34,84.79,90.56,0.9
DJT,81.99,81.99,76.63,81.25,89.33,162.61,27,12,19,88,16.93,0.08,17.56,23.54,0.63
EDU,81.95,87.17,92.45,89.36,92.83,77.47,27,19,22,10,51.35,0.26,48.66,50.39,0.45
PINE,81.95,82.79,86.7,88.39,115.58,103.77,27,18,61,47,14.08,0.11,14.43,15.08,0.79
SRDX,81.92,86.92,94.6,104.49,90.99,102.23,27,51,20,44,29.94,0.24,34.22,32.6,1.12
ZBRA,81.92,87.27,91.0,101.55,88.76,120.05,27,46,18,70,299.77,0.42,319.59,317.6,0.87
GBX,81.91,81.91,85.14,106.11,98.25,125.54,27,54,29,74,46.22,0.24,46.36,51.24,0.71
BHM,81.91,81.91,102.07,105.32,90.22,83.24,27,53,20,13,11.43,0.31,12.85,11.89,0.52
RES,81.91,81.91,84.36,89.72,91.28,94.65,27,19,21,25,4.87,0.24,4.63,5.14,0.45
GPRK,81.9,81.9,81.43,84.7,93.37,118.45,27,14,23,68,6.85,0.22,6.5,7.49,1.88
MNTN,81.9,90.18,90.67,92.82,114.01,101.26,27,26,54,38,17.37,0.0,22.92,22.91,0.59
SSKN,81.9,88.13,93.74,82.42,94.8,86.1,27,13,24,16,2.37,0.5,1.88,2.46,0.36
MBIO,81.9,82.31,81.63,106.09,41.09,68.03,27,54,2,7,1.59,0.04,1.65,2.79,0.27
PAYX,81.9,83.89,87.23,99.01,123.97,119.27,27,41,72,69,128.21,0.05,137.71,143.58,1.5
SNY,81.89,84.53,90.06,91.77,117.01,122.07,27,22,63,72,45.54,0.12,48.24,49.73,4.41
GENC,81.89,85.77,97.21,96.54,87.1,88.2,27,36,17,18,14.59,0.31,15.26,14.59,0.44
DOLE,81.89,83.82,91.8,95.03,119.44,108.67,27,33,67,55,13.15,0.22,14.06,13.93,1.15
UNB,81.89,83.81,88.94,98.96,133.93,118.16,27,41,80,68,25.24,0.11,26.5,28.96,4.16
OFAL,81.89,84.58,90.1,92.82,114.01,101.26,27,26,54,38,1.42,0.05,1.49,2.04,0.73
CPHI,81.88,97.96,90.32,90.65,127.59,127.42,27,20,75,76,1.87,0.36,1.67,1.93,0.13
EIX,81.86,82.24,83.92,83.62,92.92,96.58,27,13,22,27,55.01,0.2,54.53,56.28,0.72
INCR,81.84,86.35,94.8,99.31,92.09,94.4,27,41,21,25,1.46,0.35,1.56,1.54,1.52
MTEX,81.84,82.16,95.38,102.58,134.69,180.34,27,48,80,91,8.3,0.14,8.6,10.12,0.16
AIV,81.81,82.87,86.76,99.84,114.46,114.63,27,42,58,64,7.74,0.27,8.0,8.31,1.26
BCPC,81.78,83.74,86.26,90.63,108.04,102.9,27,20,42,45,150.08,0.04,157.07,161.95,0.91
SILO,81.76,88.55,85.41,83.03,126.4,135.0,27,13,74,80,0.77,0.22,0.68,0.96,0.52
SAGT,81.76,88.39,88.79,90.81,114.01,101.26,27,21,54,38,2.03,0.09,2.11,2.65,0.5
TGLS,81.75,83.61,90.04,115.33,133.03,133.84,27,66,79,79,67.84,0.2,73.56,75.65,0.85
SIBN,81.75,84.68,92.53,127.15,126.58,120.94,27,76,74,70,14.05,0.25,16.04,16.15,0.78
CMRC,81.73,81.73,83.47,79.36,93.43,98.78,26,11,23,30,5.09,0.26,4.75,5.53,0.8
GNFT,81.72,97.82,98.79,96.87,114.69,94.94,26,37,59,25,3.55,0.23,4.02,3.86,1.62
XFOR,81.71,81.71,67.03,67.03,36.92,98.14,26,6,2,29,3.46,0.09,2.77,7.81,0.08
NABL,81.7,84.97,84.58,81.99,82.43,82.15,26,12,13,13,8.09,0.27,8.0,8.26,0.77
SM,81.67,81.67,86.5,84.63,75.34,93.93,26,14,10,24,27.58,0.3,27.06,29.4,1.14
SPCE,81.63,84.94,75.62,98.13,74.21,61.63,26,39,9,5,3.42,0.2,3.41,3.81,0.65
LB,81.62,87.25,83.87,136.93,168.41,149.04,26,81,90,85,54.55,0.35,53.6,65.32,0.46
TTEK,81.6,86.92,92.67,93.02,95.45,94.6,26,28,25,25,33.33,0.24,36.35,34.85,0.77
NCDL,81.6,82.55,91.78,101.28,110.37,107.56,26,45,46,53,14.52,0.09,15.88,15.88,0.97
SAFT,81.58,83.0,84.3,94.0,110.58,99.57,26,30,46,32,71.19,0.17,71.79,75.47,1.53
KAI,81.58,83.65,89.49,95.56,107.37,112.0,26,34,41,60,302.68,0.12,327.06,335.99,0.75
DOV,81.57,82.6,88.32,97.65,97.89,102.81,26,38,28,45,167.99,0.33,177.52,181.98,0.81
DSGX,81.57,87.21,94.09,91.48,106.95,110.17,26,21,41,57,94.94,0.03,102.35,106.98,0.85
MDCX,81.57,95.01,87.1,97.24,186.39,146.31,26,37,92,84,2.63,0.13,2.35,3.17,0.62
CDW,81.57,81.57,84.6,91.63,92.12,88.64,26,22,21,18,164.37,0.26,167.75,172.97,1.15
TXO,81.57,81.57,81.97,81.68,116.68,121.24,26,12,63,71,14.32,0.18,14.15,15.53,0.75
CNDT,81.55,81.55,92.49,92.49,77.96,110.86,26,23,11,58,2.84,0.36,2.7,3.0,1.04
BNTX,81.54,83.85,95.93,105.73,121.25,115.92,26,53,69,66,98.08,0.28,106.3,107.37,0.61
CYH,81.52,82.38,77.95,107.33,109.13,100.56,26,56,44,33,3.18,0.21,2.86,3.12,0.57
RVLV,81.5,87.19,90.47,91.72,99.87,157.9,26,22,31,87,21.99,0.23,21.97,24.19,0.5
BOC,81.49,81.49,86.78,91.88,111.34,96.5,26,22,48,27,13.1,0.18,13.3,14.17,0.61
KBDC,81.49,82.02,90.97,97.78,111.57,105.88,26,38,48,50,13.83,0.01,15.09,15.48,1.59
LNW,81.49,83.08,88.14,101.56,107.55,108.31,26,46,41,54,84.96,0.21,90.46,91.07,0.83
SBUX,81.48,82.85,87.46,101.91,113.67,120.5,26,47,51,70,83.39,0.13,88.35,92.1,0.7
LEG,81.42,84.38,93.03,101.36,90.78,72.55,26,45,20,8,8.77,0.31,9.42,9.22,0.97
FCBC,81.41,82.4,88.46,100.58,118.28,107.17,26,44,66,53,35.64,0.08,37.15,38.35,0.63
ELVN,81.4,81.41,95.97,103.8,99.32,108.12,26,50,30,54,20.01,0.35,19.85,20.43,1.11
CTO,81.39,82.45,86.78,91.49,114.82,107.87,26,21,59,54,15.96,0.02,16.48,17.51,1.16
TXG,81.38,91.42,112.5,115.12,81.72,72.41,26,66,13,8,11.72,0.29,13.24,11.84,1.08
CENT,81.37,83.74,91.79,101.74,104.57,94.86,26,46,37,25,33.23,0.07,36.82,36.64,0.8
NXPL,81.35,86.66,89.33,106.02,75.13,117.64,26,54,10,67,0.85,0.3,0.75,0.83,0.2
FCN,81.35,81.35,85.88,86.48,87.2,85.96,26,16,17,16,161.52,0.11,166.49,171.72,0.81
RLJ,81.34,82.87,86.74,87.79,82.54,94.54,26,17,13,25,7.44,0.31,7.53,8.02,1.2
AGM,81.34,85.25,98.49,99.06,105.37,103.55,26,41,38,46,172.93,0.21,186.18,187.43,2.66
SRL,81.34,81.34,74.79,77.66,124.0,123.85,26,10,72,73,6.1,0.25,5.6,6.86,0.11
CLDT,81.33,81.96,90.7,91.91,86.86,93.13,26,22,17,23,6.97,0.27,7.15,7.51,1.19
CLX,81.3,81.3,80.77,81.63,106.54,101.74,26,12,40,43,124.39,0.16,123.25,136.78,0.96
CYCU,81.3,100.54,65.71,85.89,114.01,101.26,26,15,54,38,0.34,0.05,0.3,0.47,1.6
NCPL,81.29,93.5,91.7,383.22,229.32,72.51,26,97,95,8,2.24,0.1,2.51,2.52,0.82
TXMD,81.27,85.32,86.64,92.86,116.35,78.13,26,28,62,10,1.07,0.37,1.11,1.11,0.78
RELL,81.25,82.93,84.94,91.97,100.46,118.02,26,22,32,68,9.94,0.29,9.88,10.8,0.63
EVO,81.22,85.11,84.97,106.11,108.95,95.34,26,54,44,26,3.48,0.22,3.71,3.99,0.24
GGR,81.22,94.68,90.22,96.73,57.61,58.46,26,36,4,4,0.31,0.24,0.35,0.36,1.51
GEHC,81.21,84.8,89.09,92.97,97.79,103.17,26,28,28,45,72.46,0.39,74.39,76.82,0.73
KMT,81.2,81.23,85.6,104.04,93.47,92.51,26,50,23,22,20.99,0.29,22.01,21.95,0.79
PODC,81.18,84.8,92.76,145.51,145.34,151.1,26,84,85,86,1.75,0.36,1.69,1.94,0.49
KVYO,81.18,91.22,90.75,101.54,108.2,149.73,26,46,42,85,31.68,0.29,32.3,35.29,2.3
UONE,81.16,85.51,95.88,109.93,106.18,79.08,26,59,39,11,1.45,0.27,1.61,1.54,0.3
JWEL,81.14,90.92,87.97,125.42,131.09,181.16,26,74,78,91,1.8,0.22,1.95,2.27,0.34
SLN,81.14,81.14,77.33,135.38,95.12,39.04,26,80,25,2,5.54,0.19,5.42,5.06,0.98
SVCO,81.14,81.14,81.49,70.85,71.46,98.27,26,7,8,30,5.67,0.16,4.87,5.68,0.45
TYL,81.13,81.13,86.66,96.38,117.01,110.62,26,36,63,58,529.72,0.06,560.16,576.32,0.64
TBI,81.13,82.82,86.34,107.93,93.1,77.94,26,56,23,10,6.24,0.47,6.29,6.36,1.06
IAC,81.1,82.13,88.41,99.94,103.11,103.25,26,43,35,46,35.04,0.19,36.8,36.63,0.98
MMC,81.08,81.28,82.69,89.68,121.6,111.35,26,19,70,59,199.56,0.07,203.95,217.77,0.72
VSH,81.07,82.47,88.94,108.49,87.67,92.65,26,57,18,23,15.03,0.54,15.48,15.58,0.69
NVCT,81.06,81.06,88.47,108.58,184.47,164.87,26,57,92,89,6.08,0.24,6.67,7.5,0.43
PCG,81.05,81.05,83.87,80.47,105.92,101.52,26,11,39,42,14.97,0.23,14.81,16.09,0.93
OCCI,81.04,84.43,91.34,94.2,108.24,106.41,25,31,43,51,5.31,0.2,5.71,5.91,0.98
KSPI,81.04,83.17,88.91,92.87,88.8,93.27,25,28,19,24,84.0,0.21,88.75,91.16,1.16
PFLT,81.04,85.05,92.6,96.7,109.34,107.64,25,36,44,53,9.17,0.25,10.08,10.04,1.51
AUR,81.03,91.42,95.84,107.36,188.09,239.97,25,56,93,94,5.51,0.1,5.98,6.49,0.51
S,81.02,83.92,83.31,87.41,89.1,91.7,25,17,19,21,18.15,0.18,17.93,19.59,0.46
CBT,81.01,81.01,86.69,87.99,93.56,87.92,25,17,23,18,77.23,0.13,77.89,80.74,0.92
FVRR,81.01,82.89,82.89,107.33,124.98,133.1,25,56,73,79,25.28,0.28,23.73,27.89,0.58
MED,81.01,82.74,83.75,90.64,80.32,68.81,25,20,12,7,13.71,0.18,13.87,14.39,0.55
VOC,81.0,81.0,78.29,81.05,76.68,85.82,25,11,10,15,2.92,0.22,2.83,3.15,0.63
WIMI,81.0,106.22,100.7,69.5,97.37,241.0,25,6,28,95,4.58,0.1,4.01,6.31,0.49
OPCH,80.99,84.58,88.13,100.53,141.17,127.43,25,44,83,76,27.3,0.41,28.59,30.28,1.78
HRB,80.99,80.99,84.05,92.92,126.74,102.12,25,28,75,43,49.95,0.07,51.96,53.98,0.58
DCTH,80.97,84.68,85.16,124.36,179.76,214.1,25,74,92,93,10.74,0.26,10.97,12.98,0.71
TXRH,80.96,81.73,86.08,101.53,111.19,109.18,25,46,47,56,162.53,0.21,173.59,176.99,1.14
FLR,80.96,84.6,87.31,120.31,111.26,106.81,25,71,47,52,42.17,0.4,44.65,43.8,0.52
HUBG,80.94,82.29,86.84,85.29,87.47,96.73,25,15,17,28,34.65,0.17,35.78,37.45,1.1
DAR,80.9,80.9,87.29,106.98,111.97,90.45,25,55,48,20,32.11,0.29,32.54,33.83,0.86
MURA,80.89,81.73,61.74,130.62,112.17,114.67,25,78,49,64,2.09,0.32,2.07,2.76,0.8
BFS,80.89,80.89,87.55,90.43,102.32,97.86,25,20,34,29,31.95,0.1,32.72,34.06,1.27
AMPH,80.88,80.88,89.17,87.93,74.55,79.37,25,17,9,11,26.85,0.19,26.62,28.49,0.55
MSIF,80.87,81.09,86.09,94.91,114.01,101.26,25,32,54,38,13.5,0.0,14.58,15.48,1.01
CNXC,80.85,102.68,102.68,106.29,126.15,89.61,25,54,74,19,47.66,0.4,52.55,50.38,7.58
LFT,80.81,80.81,88.52,87.46,124.95,123.76,25,17,73,73,2.12,0.07,2.22,2.39,0.7
FATBB,80.79,88.46,92.48,91.72,110.16,132.35,25,22,45,78,2.54,0.14,2.6,2.87,2.03
GCBC,80.79,84.53,87.52,91.97,90.12,87.63,25,22,20,17,22.92,0.17,23.87,24.33,0.87
VVOS,80.79,94.21,161.04,236.97,109.17,180.16,25,95,44,91,3.12,0.21,4.33,3.75,0.68
GBLI,80.77,80.77,86.27,94.71,112.36,115.29,25,32,49,65,29.95,0.33,29.76,31.91,0.11
CNH,80.75,82.6,92.84,115.59,116.8,121.05,25,66,63,71,10.88,0.26,11.97,12.18,0.56
SGC,80.7,85.84,102.02,98.48,72.5,97.39,25,40,8,28,10.71,0.19,11.58,12.0,0.49
VEEE,80.69,80.69,82.93,64.95,151.65,79.63,25,5,87,11,2.76,0.15,2.28,3.07,0.06
ESCA,80.68,83.14,82.78,93.16,131.56,110.58,25,28,78,58,12.83,0.24,12.57,14.1,0.81
FCPT,80.68,80.68,86.42,94.23,121.46,110.43,25,31,70,58,24.45,0.0,25.66,26.77,1.75
BRN,80.68,80.68,71.79,69.27,97.63,88.54,25,6,28,18,1.32,0.18,1.16,1.41,0.83
CI,80.67,83.45,85.85,96.34,115.96,103.44,25,36,62,46,286.17,0.28,291.64,302.12,0.84
GFS,80.65,80.65,77.29,95.79,88.75,87.89,25,34,18,17,35.59,0.32,34.53,37.91,3.1
ICLR,80.64,83.8,93.48,94.76,69.69,75.42,25,32,7,9,163.79,0.22,171.69,170.79,0.46
CARS,80.63,88.02,95.36,88.4,73.69,98.19,25,18,9,30,12.24,0.22,12.95,13.4,0.71
ON,80.61,80.83,87.27,113.2,90.21,79.86,25,63,20,11,50.16,0.43,51.54,50.21,0.69
RMR,80.6,82.11,87.97,91.51,83.21,83.75,25,21,14,14,15.89,0.24,16.59,16.5,0.54
SIEB,80.6,87.43,93.4,186.91,232.59,148.1,25,91,95,85,2.92,0.24,3.32,3.41,0.32
CRWV,80.57,83.09,89.06,209.58,114.01,101.26,25,93,54,38,120.34,0.57,111.26,104.01,1.16
LFMD,80.57,83.1,89.05,226.3,242.44,114.86,25,94,95,64,6.43,0.21,7.46,7.64,0.6
PPG,80.56,84.56,88.41,96.07,93.63,89.85,25,35,23,20,103.65,0.32,109.78,111.23,0.98
PRTH,80.56,83.97,101.74,112.77,135.55,251.6,25,63,80,95,7.01,0.27,7.51,8.3,0.62
BANL,80.52,86.29,80.11,110.08,130.87,139.29,25,59,78,82,0.79,0.23,0.72,0.92,0.19
NLSP,80.52,86.98,84.48,126.89,101.92,47.42,25,76,33,3,2.19,0.22,2.16,1.99,2.84
HUDI,80.52,90.89,99.7,69.44,80.48,83.2,25,6,12,13,1.41,0.18,1.29,1.46,0.05
IMMR,80.52,80.89,82.23,89.47,95.56,104.1,25,19,25,47,7.14,0.21,7.1,7.65,0.52
TPVG,80.49,86.01,90.6,104.95,102.8,100.47,25,52,34,33,5.83,0.27,6.37,6.47,0.62
SIGI,80.47,80.47,82.2,87.96,105.14,94.95,25,17,38,25,79.84,0.2,79.08,85.39,0.5
ELDN,80.47,80.47,74.5,120.07,124.35,197.74,25,70,72,92,2.69,0.11,2.82,3.43,4.01
INGR,80.44,81.6,86.69,97.47,116.57,105.48,25,38,63,50,121.04,0.0,127.43,131.87,1.07
NVEC,80.44,83.85,87.16,107.0,99.66,103.15,25,55,30,45,65.17,0.42,65.53,67.81,0.41
PNFP,80.42,80.42,83.28,114.53,114.02,122.9,25,65,58,72,96.0,0.23,95.76,106.23,0.49
FGBI,80.4,81.61,84.38,89.5,107.66,102.5,25,19,42,44,8.07,0.17,8.25,9.05,1.6
WLFC,80.4,84.68,95.14,111.36,185.06,276.21,25,61,92,96,141.24,0.11,147.54,162.52,1.33
FORR,80.39,83.14,84.05,78.71,74.51,78.17,25,10,9,10,10.47,0.19,10.12,11.31,0.73
FUL,80.39,87.49,90.74,92.38,88.68,78.53,25,23,18,11,58.14,0.32,59.6,58.74,1.37
PCTY,80.39,81.59,86.97,98.28,117.91,115.94,25,39,65,66,163.69,0.04,176.39,189.22,0.94
WLYB,80.38,81.91,91.23,96.81,114.2,116.9,24,37,58,66,40.02,0.22,40.26,41.63,0.0
EDUC,80.37,87.6,105.31,82.18,83.29,84.23,24,12,14,14,1.36,0.23,1.24,1.37,0.04
OLP,80.36,80.36,86.26,91.19,114.49,110.88,24,21,58,58,21.95,0.04,22.51,23.86,1.29
CHMI,80.36,80.36,96.09,94.99,122.44,129.39,24,32,71,77,2.52,0.3,2.79,2.81,0.84
MIGI,80.34,80.34,62.02,79.69,73.34,63.75,24,11,9,5,0.5,0.12,0.43,0.59,12.88
QNST,80.33,82.5,85.5,81.99,98.9,134.98,24,12,30,80,16.17,0.16,15.88,17.98,0.88
NECB,80.32,82.25,88.22,101.17,118.53,117.48,24,45,66,67,20.87,0.09,21.51,22.69,0.99
VATE,80.3,83.78,91.04,98.91,156.52,228.57,24,41,88,94,4.79,0.15,5.16,6.63,0.18
CADL,80.29,80.29,98.84,111.33,177.98,323.47,24,61,91,97,5.54,0.21,5.79,6.46,1.01
PHR,80.26,83.43,124.31,118.57,117.5,124.26,24,69,64,73,23.62,0.38,27.17,26.47,0.67
ROP,80.23,80.86,85.2,93.77,112.61,106.01,24,30,49,51,499.31,0.04,529.09,550.93,0.72
MASI,80.23,80.96,85.91,104.25,121.89,130.09,24,51,70,77,141.4,0.15,148.63,162.27,0.89
IPHA,80.22,83.16,99.7,103.78,119.75,117.32,24,50,68,67,1.78,0.22,2.07,2.0,0.44
MMYT,80.21,89.39,93.09,94.49,128.05,148.35,24,31,76,85,94.67,0.27,98.18,101.62,0.73
CNI,80.2,80.36,83.9,92.88,97.29,88.67,24,28,28,18,92.88,0.06,94.23,98.86,0.57
DXYZ,80.2,84.72,93.92,180.81,242.31,404.53,24,91,95,97,24.02,0.23,28.4,40.48,1.24
NRSN,80.17,80.17,94.61,186.29,223.96,106.56,24,91,95,52,1.24,0.23,1.34,1.33,0.31
ZKH,80.16,81.77,83.44,88.47,90.08,88.43,24,18,20,18,2.85,0.14,2.96,3.2,0.19
WLY,80.15,82.04,91.88,96.93,109.17,115.64,24,37,44,65,39.9,0.21,39.92,41.43,0.8
BXSL,80.15,81.59,90.72,103.36,112.17,112.15,24,49,49,61,26.99,0.12,29.83,30.41,1.59
APOG,80.12,81.17,80.94,82.76,85.45,106.63,24,13,16,52,45.33,0.16,42.93,46.94,1.97
ARR,80.12,80.12,86.16,96.7,98.55,106.01,24,36,29,51,14.57,0.38,15.18,15.75,0.6
GRND,80.1,81.89,85.27,148.55,179.49,159.29,24,85,91,88,15.72,0.31,16.61,18.88,1.08
POAI,80.09,118.07,101.77,89.46,171.36,181.26,24,19,91,91,0.77,0.16,0.89,1.06,3.44
AMH,80.09,81.4,88.27,90.84,113.36,100.57,24,21,50,33,32.62,0.06,34.5,35.39,1.29
KBR,80.07,83.5,85.67,84.95,93.25,87.02,24,14,23,17,47.35,0.08,48.78,51.43,0.82
HLX,80.06,80.06,74.63,74.34,88.53,89.53,24,8,18,19,6.96,0.22,6.23,7.27,0.71
CPAY,80.06,80.71,87.62,97.22,115.28,113.91,24,37,60,63,296.7,0.13,316.78,336.52,0.91
QUIK,80.05,85.18,81.42,89.79,86.89,108.21,24,19,17,54,6.12,0.22,5.81,6.49,0.5
SNFCA,80.05,80.62,81.33,95.19,139.63,147.41,24,33,82,84,8.76,0.09,8.73,10.18,0.35
OWL,80.05,85.12,89.0,98.76,106.19,123.69,24,40,39,73,17.76,0.21,18.89,19.94,0.96
FF,80.02,81.27,81.99,83.19,89.79,97.83,24,13,19,29,3.93,0.16,3.88,4.21,0.52
LPX,80.01,81.98,93.24,93.09,101.29,125.75,24,28,33,74,84.72,0.1,92.81,95.76,0.93
KNSL,80.0,81.91,88.63,100.26,121.41,104.23,24,43,69,48,419.33,0.04,447.63,458.52,0.89
FLNT,80.0,85.59,97.32,95.15,95.5,89.98,24,33,25,20,2.16,0.27,2.19,2.34,0.09
CDRO,79.99,83.78,103.56,106.93,115.04,114.19,24,55,60,63,6.98,0.35,8.04,7.5,0.92
INVH,79.93,79.93,85.56,90.81,112.74,101.19,24,21,49,34,29.18,0.05,30.23,31.65,1.15
PSBD,79.93,84.0,91.52,92.98,97.33,99.94,24,28,28,32,12.13,0.25,13.31,13.39,0.87
CULP,79.92,80.61,92.24,87.03,103.15,110.79,24,16,35,58,4.29,0.26,4.29,4.62,2.25
CMTG,79.9,84.74,100.84,93.61,65.98,66.48,24,29,6,6,3.39,0.22,3.43,3.31,0.47
MSDL,79.89,81.22,86.96,92.04,106.43,103.54,24,22,40,46,16.88,0.0,18.08,18.98,0.96
ARDT,79.88,82.62,80.33,90.35,95.74,90.74,24,20,26,20,13.26,0.3,12.24,13.74,0.65
TWO,79.87,79.98,84.73,83.76,115.64,118.78,24,14,61,69,9.84,0.07,10.01,10.94,0.54
OXBR,79.86,94.61,114.37,107.28,92.38,268.23,24,56,22,95,1.96,0.16,2.01,2.6,0.46
LLY,79.84,82.24,83.54,88.22,114.43,109.05,24,18,58,55,724.54,0.33,734.5,781.19,0.74
CRL,79.82,81.17,91.55,106.13,77.94,84.88,24,54,11,15,148.56,0.4,159.47,156.04,0.82
BYSI,79.81,79.81,98.67,134.82,164.87,96.85,24,80,89,28,1.76,0.29,1.89,1.82,0.31
FAMI,79.76,80.14,81.16,66.36,63.51,80.54,24,6,5,12,1.95,0.1,1.77,2.25,0.32
LAKE,79.76,79.76,79.58,68.76,100.95,127.61,24,6,32,76,15.18,0.18,14.66,18.42,1.02
MSS,79.73,93.68,131.3,83.07,98.34,146.49,24,13,29,84,0.95,0.16,0.92,1.03,0.56
IRS,79.71,88.07,103.11,118.69,141.39,165.8,24,69,83,89,11.97,0.2,14.32,14.39,1.48
SACH,79.7,85.45,100.03,100.35,74.04,64.8,24,43,9,6,1.07,0.19,1.15,1.06,1.34
IOT,79.64,83.55,87.54,92.0,111.31,127.75,24,22,47,76,38.02,0.2,36.85,41.93,1.49
HUBS,79.61,80.09,80.09,88.83,107.49,126.96,24,18,41,75,517.76,0.24,493.11,605.66,0.54
BCIC,79.6,80.17,82.15,83.63,89.43,99.05,24,13,19,31,11.92,0.21,12.06,12.93,1.65
AMAL,79.59,80.01,85.34,105.53,104.0,115.57,24,53,36,65,27.69,0.17,29.01,30.66,0.49
SLDE,79.58,79.58,91.39,92.82,114.01,101.26,23,26,54,38,14.96,0.21,15.71,17.02,1.64
FG,79.53,82.09,84.78,87.09,98.63,106.22,23,16,29,51,31.9,0.12,33.33,36.1,0.71
FTNT,79.52,80.31,79.32,119.22,142.33,139.37,23,70,84,82,84.32,0.25,85.89,97.14,0.52
THRY,79.51,79.51,77.91,87.36,87.25,104.49,23,17,17,48,12.21,0.2,12.69,14.11,0.61
MTN,79.49,81.33,92.17,97.52,96.33,93.61,23,38,26,24,147.74,0.31,153.54,156.79,0.96
KD,79.49,84.13,89.7,135.62,136.71,173.55,23,81,81,90,29.45,0.33,32.87,35.94,1.32
MRK,79.47,79.54,88.03,91.04,82.79,86.44,23,21,14,16,78.56,0.17,81.78,84.56,1.01
DDI,79.46,81.39,82.16,81.68,96.41,86.71,23,12,26,16,9.32,0.13,9.48,9.93,1.08
LII,79.42,81.01,90.25,105.2,105.19,112.96,23,52,38,62,521.94,0.09,581.4,586.05,0.62
XIFR,79.42,79.42,84.83,82.14,70.35,68.69,23,12,7,7,10.11,0.11,9.81,10.5,3.61
ILMN,79.42,87.58,91.42,95.13,84.79,100.66,23,33,15,33,91.69,0.25,99.55,99.6,1.23
IKT,79.41,84.7,93.66,110.31,128.09,225.26,23,60,76,94,1.55,0.15,1.69,2.16,0.72
USNA,79.4,81.03,88.49,99.96,88.44,80.1,23,43,18,12,28.53,0.29,30.54,30.76,0.95
PYPL,79.4,81.27,86.68,100.83,98.46,121.32,23,44,29,71,67.3,0.29,69.59,73.53,0.74
LSTA,79.4,80.75,85.87,100.38,103.38,114.28,23,43,35,64,2.47,0.29,2.46,2.56,0.79
VTSI,79.35,79.35,87.88,118.38,103.7,80.53,23,69,36,12,5.38,0.38,5.96,5.84,0.45
CLB,79.34,79.34,80.56,76.39,88.67,99.18,23,9,18,31,12.79,0.26,11.54,13.76,0.83
CPRX,79.32,79.47,82.76,99.33,139.61,134.75,23,41,82,79,19.52,0.05,20.41,22.18,0.83
EIG,79.31,79.31,80.82,92.04,115.56,108.44,23,22,61,54,42.31,0.25,42.67,46.89,0.5
LFST,79.3,80.85,79.51,80.37,113.88,114.58,23,11,51,64,5.42,0.37,4.94,6.24,0.5
DXF,79.28,97.89,84.49,84.76,114.01,101.26,23,14,54,38,4.24,0.01,4.72,7.79,5.74
SANG,79.27,80.47,100.42,112.33,106.66,154.41,23,62,40,86,5.06,0.26,5.65,5.81,0.94
RELY,79.24,79.56,97.44,103.39,131.51,146.86,23,49,78,84,16.4,0.26,18.0,20.66,0.67
UDR,79.24,79.59,85.29,90.28,112.63,108.64,23,20,49,55,37.18,0.06,38.7,40.75,0.92
FLOC,79.22,79.22,84.16,88.83,114.01,101.26,23,18,54,38,16.01,0.07,16.66,20.33,0.81
AURA,79.22,79.22,84.84,94.76,84.39,94.41,23,32,15,25,6.16,0.18,6.55,6.79,1.48
GFR,79.21,79.78,89.6,81.09,88.8,101.05,23,12,19,34,4.87,0.23,4.74,5.29,0.81
GLAD,79.17,82.71,96.47,108.4,122.11,125.67,23,57,70,74,22.22,0.13,25.68,26.04,1.28
NA,79.16,85.57,141.53,232.64,307.28,151.64,23,95,97,86,5.31,0.18,5.45,6.35,0.16
NOG,79.14,79.14,79.18,95.03,92.6,101.07,23,33,22,34,27.66,0.34,25.87,29.35,2.19
VIR,79.12,79.12,75.29,77.72,84.38,135.2,23,10,15,80,5.49,0.15,5.0,6.51,1.62
DFIN,79.09,80.49,92.36,114.85,105.95,101.57,23,65,39,42,51.45,0.42,55.79,55.28,0.8
SKYH,79.01,80.74,90.47,91.2,123.12,107.37,23,21,71,53,10.08,0.15,10.27,10.92,0.75
SSTI,79.0,79.0,85.01,92.89,146.8,145.66,23,28,85,84,11.97,0.23,12.2,14.15,1.03
BMGL,79.0,79.0,114.24,114.69,115.1,101.26,23,65,60,38,1.76,0.15,2.03,3.1,0.36
ADSE,78.99,78.99,90.28,94.76,125.03,133.34,23,32,73,79,11.64,0.42,11.04,12.91,2.16
MOLN,78.98,79.26,76.53,79.31,89.68,109.44,23,11,19,56,3.85,0.11,3.7,4.22,0.91
SGHT,78.97,81.36,107.94,113.71,111.82,64.78,23,64,48,6,3.48,0.31,3.75,3.33,0.66
ALSN,78.96,81.45,81.82,96.26,110.25,134.27,23,35,46,79,85.68,0.05,87.96,97.82,0.89
GELS,78.95,81.1,83.28,126.37,141.84,101.25,23,75,83,34,1.4,0.15,1.5,1.79,0.02
POCI,78.94,81.42,94.63,97.21,92.15,94.34,23,37,22,25,4.39,0.26,4.64,4.64,1.31
TDC,78.94,80.05,78.32,78.84,83.08,89.3,23,10,14,19,22.19,0.21,21.31,24.1,0.78
NXDT,78.92,82.66,87.17,102.34,86.87,99.22,23,47,17,31,4.01,0.25,4.11,4.21,0.52
FRSH,78.91,80.54,82.45,105.82,111.65,121.14,23,54,48,71,12.48,0.18,13.25,14.98,0.72
AVIR,78.89,78.89,104.25,110.07,99.53,93.81,23,59,30,24,2.93,0.28,3.38,3.18,0.96
TWI,78.89,82.84,108.4,133.79,122.05,112.94,23,80,70,62,7.69,0.31,8.68,8.24,0.86
CPB,78.88,82.08,79.93,77.73,100.23,95.8,23,10,31,26,32.08,0.1,32.67,35.57,0.88
JBSS,78.87,79.17,84.12,85.57,83.68,85.27,23,15,14,15,63.3,0.16,63.71,68.49,0.7
AHCO,78.87,82.16,88.87,94.79,110.5,111.16,23,32,46,59,8.89,0.39,9.28,9.41,0.66
RUM,78.84,92.08,90.49,134.47,137.15,252.66,23,80,81,95,7.14,0.18,7.98,9.14,1.49
CRCL,78.84,78.84,103.54,92.82,114.01,101.26,23,26,54,38,126.99,0.24,148.61,159.88,0.45
RCON,78.79,84.4,98.22,194.76,143.42,93.41,23,92,84,24,2.02,0.19,2.42,2.15,0.04
ARCO,78.79,82.68,82.34,90.61,99.85,97.42,23,20,31,29,6.92,0.12,6.99,7.46,0.5
PRAA,78.78,80.54,87.57,88.18,101.3,94.36,23,18,33,25,16.04,0.24,16.33,18.02,0.76
TRI,78.78,80.97,91.11,115.29,124.11,104.77,23,66,72,48,157.02,0.07,179.61,178.57,0.59
SBC,78.78,81.4,88.91,92.43,93.39,52.63,23,23,23,3,4.27,0.2,4.41,4.46,0.47
LSAK,78.75,83.26,92.98,96.61,109.9,117.26,23,36,45,67,4.16,0.15,4.51,4.64,0.42
HTCO,78.75,79.65,86.34,82.56,226.18,735.9,23,13,95,98,7.97,0.03,7.48,33.67,0.45
CSBR,78.73,87.91,118.06,125.75,164.81,223.11,22,75,89,94,6.3,0.32,6.8,7.98,0.07
ACI,78.71,79.14,86.97,101.21,126.8,114.96,22,45,75,64,17.56,0.02,19.16,20.38,0.82
WY,78.7,79.1,84.8,87.67,100.03,98.36,22,17,31,30,24.54,0.05,25.35,26.9,0.88
DUO,78.69,95.04,94.26,34.93,58.55,111.2,22,2,4,59,3.3,0.03,2.43,5.22,0.12
GSUN,78.65,85.71,81.39,81.19,111.45,75.26,22,12,48,9,2.63,0.12,2.7,2.92,0.15
MAT,78.65,80.17,88.96,109.15,110.04,109.32,22,58,45,56,16.9,0.32,17.85,18.6,0.66
BMY,78.64,79.21,86.6,90.86,124.81,125.89,22,21,73,74,44.12,0.04,46.64,50.98,1.23
KOP,78.62,81.27,80.89,103.59,93.83,80.5,22,49,23,12,28.41,0.32,30.19,29.97,0.72
ZIM,78.61,88.86,87.61,117.86,134.41,163.94,22,68,80,88,13.94,0.37,15.08,15.25,0.52
SNYR,78.59,80.75,87.14,135.37,94.66,92.57,22,80,24,23,2.5,0.12,2.97,3.11,0.71
MBIN,78.56,78.73,81.02,86.05,96.74,98.18,22,15,27,30,32.05,0.18,32.23,34.82,0.66
TPL,78.55,78.55,77.89,96.32,169.3,175.75,22,36,90,90,954.28,0.12,922.22,1165.23,0.84
VOYG,78.55,79.25,91.39,92.82,114.01,101.26,22,26,54,38,29.2,0.05,33.12,37.0,0.63
SPRU,78.54,78.54,70.19,70.83,80.84,88.23,22,7,13,18,2.08,0.47,1.49,2.09,0.42
KWM,78.54,78.54,101.43,108.25,114.01,101.26,22,57,54,38,2.58,0.18,2.84,3.2,0.58
REGN,78.54,80.2,81.51,76.06,75.11,82.46,22,9,9,13,563.9,0.14,568.67,611.51,0.83
TWNP,78.49,78.49,81.95,83.43,114.01,101.26,22,13,54,38,4.07,0.05,3.94,5.95,0.84
GIS,78.47,79.75,76.59,79.14,101.84,98.62,22,11,33,30,50.09,0.07,49.79,55.03,0.83
EONR,78.47,78.47,71.71,57.5,75.86,65.79,22,4,10,6,0.43,0.1,0.35,0.52,1.16
SBAC,78.46,79.36,89.69,103.28,119.73,105.62,22,49,68,50,194.22,0.08,212.76,215.91,1.09
HTLD,78.41,78.41,77.43,82.87,83.71,90.11,22,13,14,20,8.56,0.23,8.31,9.33,0.66
LZB,78.41,78.41,79.25,90.77,105.4,113.21,22,21,38,62,34.81,0.08,36.07,39.89,0.84
YELP,78.41,78.97,80.36,87.99,107.79,102.26,22,17,42,44,31.48,0.09,32.38,35.8,0.94
AVNT,78.4,79.81,82.93,84.67,90.88,90.88,22,14,20,20,32.84,0.19,34.89,36.92,1.15
BFAM,78.39,78.92,85.64,93.82,112.61,111.85,22,30,49,60,108.52,0.13,115.77,119.58,0.6
SEVN,78.38,79.47,83.72,95.57,106.81,104.95,22,34,40,49,10.54,0.16,10.69,11.51,0.65
IMTE,78.38,108.61,98.38,97.33,127.92,139.75,22,37,76,82,1.04,0.32,1.05,1.19,0.03
ALMS,78.37,87.22,87.22,72.43,117.44,80.65,22,7,64,12,4.05,0.12,4.29,5.16,1.3
ROLR,78.35,88.88,89.51,87.84,104.86,92.57,22,17,37,23,2.9,0.15,2.7,3.35,0.25
IHT,78.35,78.35,129.27,101.48,142.14,152.32,22,46,83,86,1.88,0.08,2.0,2.3,0.08
STRO,78.33,78.33,71.45,70.22,57.6,49.64,22,7,4,3,0.89,0.1,0.87,1.15,0.8
AKAM,78.3,78.6,85.17,84.68,88.13,93.8,22,14,18,24,76.05,0.2,76.73,82.69,0.81
LGCB,78.28,90.76,92.94,91.35,79.66,73.79,22,21,12,9,2.16,0.23,2.43,2.44,3.3
NICE,78.28,81.72,81.72,95.92,105.01,85.87,22,35,37,15,145.78,0.25,147.26,158.87,0.88
ZTEK,78.22,78.22,82.9,128.28,179.85,125.58,22,77,92,74,0.85,0.25,0.85,1.1,0.1
XPEL,78.21,78.21,91.39,103.65,99.96,99.79,22,50,31,32,32.35,0.35,35.23,35.88,0.7
AVY,78.17,79.09,82.98,87.73,94.03,87.97,22,17,24,18,160.75,0.05,169.94,176.67,0.63
DVA,78.15,80.21,85.94,90.78,113.66,119.75,22,21,50,70,130.8,0.06,136.2,145.85,0.54
VFS,78.12,79.25,88.29,91.72,103.64,96.72,22,22,36,28,3.18,0.21,3.41,3.58,1.05
FOXF,78.12,81.91,93.91,101.42,83.49,68.83,22,45,14,7,25.16,0.29,28.43,26.5,0.42
CWD,78.12,99.55,132.68,39.93,96.48,106.2,22,2,26,51,5.31,0.28,3.8,7.36,0.04
MRVI,78.11,80.6,86.12,74.59,57.09,73.05,22,8,4,8,2.82,0.16,2.52,3.07,0.72
OMCL,78.1,80.68,83.12,85.29,103.27,123.36,22,15,35,73,30.72,0.21,31.18,34.3,0.46
ZNTL,78.1,78.1,93.2,96.6,55.49,59.95,22,36,4,5,1.55,0.17,1.55,1.77,1.3
FTV,78.1,78.1,79.28,88.57,96.89,98.04,22,18,27,29,48.53,0.13,48.49,53.64,0.51
CCTG,78.08,83.58,126.17,71.74,94.97,96.72,22,7,25,28,1.17,0.1,1.17,1.38,0.04
BALL,78.07,78.07,85.6,99.16,95.82,84.75,22,41,26,15,49.48,0.22,53.07,52.9,0.89
RKDA,78.07,86.57,103.14,135.15,157.6,213.79,22,80,88,93,3.4,0.21,3.97,4.29,1.38
HLN,78.03,79.12,86.79,100.3,123.57,112.86,22,43,72,62,8.82,0.04,9.55,9.89,1.28
XWEL,78.03,83.64,91.54,105.7,73.59,84.27,22,53,9,14,1.04,0.26,1.11,1.08,0.91
BENF,78.02,83.37,111.73,79.31,57.86,34.06,22,11,4,2,0.36,0.07,0.37,0.42,0.03
HDL,78.0,84.5,99.68,99.87,118.13,135.07,22,43,65,80,18.28,0.19,19.48,22.02,3.04
UTL,77.99,77.99,77.16,89.44,121.83,104.88,22,19,70,49,46.97,0.15,47.98,52.5,0.95
TWFG,77.99,77.99,80.35,107.22,124.4,104.78,22,55,73,48,27.01,0.26,27.76,30.7,0.97
MUSA,77.98,77.98,79.21,80.37,117.09,104.34,22,11,64,48,392.43,0.16,389.45,447.24,0.68
CZR,77.97,77.97,79.03,89.27,83.58,93.08,22,19,14,23,27.04,0.17,26.36,29.36,1.0
SCVL,77.94,80.83,96.87,83.32,66.96,87.6,22,13,6,17,21.48,0.18,21.84,22.77,0.7
JYNT,77.91,79.55,91.22,95.77,113.49,109.02,22,34,50,55,9.87,0.06,10.7,10.94,1.52
LOCO,77.89,78.46,87.27,92.35,104.96,101.24,21,23,37,34,10.01,0.23,10.39,10.68,0.65
JELD,77.88,85.58,104.03,108.03,55.48,63.38,21,57,4,5,5.07,0.13,5.59,6.01,0.53
CTSH,77.88,79.07,82.42,99.21,104.39,111.77,21,41,37,60,66.98,0.04,71.04,76.49,0.73
CVLG,77.87,80.07,90.08,100.8,92.06,106.86,21,44,21,52,21.6,0.32,23.66,23.98,0.67
BYRN,77.86,85.5,96.43,193.05,188.66,260.34,21,92,93,95,20.91,0.34,20.9,24.36,0.71
ZTS,77.84,77.84,83.01,86.7,99.3,96.18,21,16,30,27,143.5,0.05,150.2,158.82,0.84
ANF,77.82,83.11,88.62,96.69,68.82,117.01,21,36,7,67,85.89,0.2,94.53,96.65,0.69
BLDR,77.8,79.79,97.94,96.93,86.84,89.31,21,37,17,19,118.2,0.14,134.09,133.19,0.66
DVAX,77.79,78.08,85.04,91.59,116.96,117.25,21,22,63,67,9.78,0.08,10.41,11.5,0.86
NXRT,77.79,78.72,81.59,83.67,106.85,104.69,21,13,40,48,32.01,0.13,32.35,35.48,0.81
HKD,77.78,82.48,78.03,66.44,87.94,86.93,21,6,18,16,1.9,0.09,1.74,2.15,1.05
SAFE,77.78,78.66,83.4,86.35,99.77,92.95,21,16,31,23,15.71,0.17,15.45,16.25,0.67
CGBD,77.78,79.53,85.69,86.13,105.47,106.65,21,15,38,52,13.03,0.0,13.71,14.9,1.38
TMDE,77.71,77.71,105.89,92.82,114.01,101.26,21,26,54,38,0.84,0.03,0.91,1.18,0.39
GAME,77.7,82.24,85.93,261.7,110.24,82.44,21,96,46,13,0.68,0.09,0.87,0.85,0.54
MMI,77.7,80.21,86.68,88.04,99.94,101.43,21,18,31,42,29.83,0.15,31.25,33.02,0.7
ARTL,77.7,85.47,126.62,398.41,103.02,98.65,21,97,35,30,5.51,0.05,8.85,7.63,0.12
LBRT,77.67,77.67,68.84,75.65,83.87,106.62,21,9,14,52,12.74,0.22,11.35,14.02,0.91
DXCM,77.66,80.29,91.89,108.75,102.47,95.82,21,57,34,26,67.1,0.24,78.44,79.72,1.53
PNTG,77.62,77.62,82.21,104.13,110.72,107.84,21,51,47,54,25.4,0.24,24.27,26.03,0.62
IRT,77.61,79.4,83.57,85.38,116.95,114.47,21,15,63,64,16.54,0.02,17.32,18.69,1.07
FBIN,77.58,79.93,89.1,91.12,85.43,85.69,21,21,16,15,53.27,0.14,57.1,59.22,0.41
GLBS,77.56,90.35,90.35,77.73,88.61,82.39,21,10,18,13,1.11,0.11,1.07,1.17,0.4
FND,77.55,82.24,90.87,90.15,79.79,91.98,21,20,12,22,76.54,0.17,82.32,85.25,0.73
CL,77.53,79.46,82.09,89.38,114.34,103.25,21,19,58,46,79.59,0.01,84.25,88.37,0.84
TFII,77.53,79.65,85.25,83.55,77.63,91.07,21,13,11,21,88.8,0.2,91.64,98.76,0.93
UHAL,77.51,78.04,79.87,85.7,100.19,99.22,21,15,31,31,57.28,0.06,58.37,64.16,1.07
PAMT,77.5,77.78,80.03,86.88,104.88,89.36,21,16,37,19,12.28,0.11,12.51,13.78,0.6
CPHC,77.46,77.94,81.99,93.08,98.31,97.89,21,28,29,29,16.27,0.0,17.19,18.58,1.51
SFL,77.44,79.31,83.02,93.88,89.62,89.79,21,30,19,19,7.67,0.2,8.57,8.68,0.92
MLKN,77.43,88.53,95.12,99.04,87.54,82.08,21,41,17,13,17.98,0.28,20.15,19.53,1.47
CSL,77.43,79.86,92.93,98.46,102.9,91.49,21,40,35,21,327.52,0.08,377.5,371.28,0.8
FNWB,77.43,77.43,71.49,75.15,111.46,98.86,21,9,48,31,7.75,0.16,7.64,9.21,2.19
JBHT,77.42,77.42,84.77,90.07,88.52,95.7,21,20,18,26,134.46,0.15,142.02,150.18,1.8
CMCSA,77.42,77.99,85.52,88.94,98.63,94.82,21,18,29,25,31.72,0.02,33.14,34.66,0.67
BV,77.41,77.41,87.42,110.2,112.88,120.21,21,59,50,70,13.28,0.17,14.72,14.86,0.64
ESRT,77.39,79.71,79.64,86.81,89.14,94.36,21,16,19,25,7.65,0.2,7.51,8.22,1.33
PRTS,77.37,82.29,114.82,92.07,97.18,113.9,21,22,27,63,0.75,0.1,0.83,0.92,1.08
TRUE,77.37,96.1,102.31,87.28,66.77,105.11,21,17,6,49,1.98,0.21,2.04,2.25,0.37
UFI,77.33,77.33,77.81,87.73,93.43,92.19,21,17,23,22,4.75,0.14,4.54,5.08,0.45
EEFT,77.32,77.32,81.41,97.97,107.38,102.97,21,39,41,45,89.45,0.08,94.19,100.6,0.79
GMRE,77.3,88.03,90.92,89.92,106.92,102.58,21,20,40,45,33.5,0.16,35.64,37.29,1.36
CHD,77.29,78.44,83.38,88.07,113.91,106.14,21,18,51,51,86.7,0.03,92.95,99.76,1.0
RLI,77.29,77.29,80.64,87.26,113.87,105.83,21,17,51,50,65.05,0.04,66.88,73.44,0.67
HGBL,77.29,77.96,94.05,104.74,118.28,118.22,21,52,66,68,1.72,0.18,1.96,2.05,1.21
RPAY,77.28,84.67,86.94,90.47,68.4,81.15,21,20,7,12,5.15,0.27,5.46,5.77,1.06
UTZ,77.28,78.4,84.83,93.52,98.12,83.05,21,29,29,13,12.12,0.1,13.19,13.48,0.94
TIPT,77.24,100.94,104.37,114.81,135.86,135.86,21,65,81,80,19.05,0.07,22.42,21.81,8.34
CING,77.24,80.12,85.48,117.88,98.14,96.91,21,68,29,28,3.81,0.2,4.31,4.27,0.58
SYRE,77.23,78.19,81.05,82.75,72.63,82.14,21,13,8,13,16.24,0.16,16.4,17.82,1.78
AXTA,77.23,81.24,85.78,83.51,97.78,98.55,21,13,28,30,28.09,0.02,30.07,32.56,1.59
SNAP,77.2,82.73,81.39,93.51,81.24,91.95,21,29,13,22,8.27,0.22,8.04,9.19,1.87
BXC,77.19,78.97,94.98,93.16,78.67,90.31,21,28,11,20,74.08,0.15,77.9,83.03,0.48
CRNT,77.16,81.91,82.77,88.86,84.05,191.55,21,18,14,92,2.37,0.15,2.13,2.86,0.44
BHFAM,77.15,77.77,82.85,82.58,98.09,97.28,21,13,28,28,12.27,0.25,12.4,13.72,0.22
ATS,77.13,83.41,86.68,105.4,104.15,90.67,21,53,36,20,25.74,0.4,28.52,28.27,1.23
VTLE,77.1,77.1,78.63,77.09,75.24,92.3,21,9,10,22,18.34,0.23,16.76,21.39,0.79
SNAL,77.08,77.08,84.92,157.5,155.35,273.01,21,87,87,96,1.02,0.13,1.02,1.39,0.34
BRO,77.07,77.11,79.49,94.91,135.27,124.46,20,32,80,74,93.78,0.09,95.22,106.62,0.68
ADV,77.03,84.26,87.97,92.61,65.24,75.87,20,23,6,9,1.56,0.18,1.71,1.88,0.58
SMG,76.99,80.48,89.8,103.34,96.87,98.74,20,49,27,30,56.05,0.21,61.7,61.39,1.0
BHFAN,76.98,76.98,82.03,82.19,94.99,91.21,20,12,25,21,13.6,0.23,13.8,15.33,0.22
CRWS,76.97,76.97,76.69,75.08,81.41,87.6,20,8,13,17,2.9,0.14,2.87,3.31,1.25
UK,76.95,79.95,100.26,80.24,89.98,77.51,20,11,20,10,1.01,0.07,1.04,1.11,0.07
VRTX,76.93,76.93,78.73,91.52,126.01,116.16,20,21,74,66,385.74,0.13,407.37,447.22,0.96
SCKT,76.91,79.66,81.76,98.67,113.27,126.55,20,40,50,75,1.02,0.14,1.06,1.2,0.38
CRESY,76.88,80.59,93.04,108.41,140.3,148.6,20,57,83,85,9.21,0.16,10.3,11.27,1.96
AHH,76.86,79.04,82.74,77.55,76.05,87.78,20,10,10,17,6.81,0.14,6.98,7.58,0.96
FIZZ,76.85,77.47,86.51,96.27,106.98,90.17,20,35,41,20,37.09,0.04,43.02,43.11,1.31
LAND,76.85,78.88,76.81,89.24,93.12,92.56,20,19,23,23,9.12,0.12,9.16,9.89,0.62
WU,76.84,78.43,81.05,79.11,101.25,101.29,20,11,33,42,7.95,0.08,8.16,9.07,0.87
STLA,76.84,83.36,83.19,93.19,84.79,79.06,20,28,15,11,9.23,0.32,9.48,10.05,1.02
GURE,76.82,86.02,104.48,96.73,125.27,87.74,20,36,73,17,0.61,0.2,0.69,0.68,2.4
IBRX,76.82,81.47,85.68,84.29,90.04,75.69,20,14,20,9,2.54,0.15,2.53,2.78,0.6
GOOD,76.81,79.32,83.01,91.75,107.2,107.48,20,22,41,53,12.31,0.0,13.03,14.05,3.43
CPRT,76.8,77.63,83.95,81.8,118.49,100.45,20,12,66,33,44.87,0.0,47.07,53.65,1.14
BEEP,76.77,84.07,102.65,112.4,131.41,125.47,20,62,78,74,3.44,0.33,3.7,3.92,1.44
TAP,76.77,77.79,83.79,86.52,121.84,109.35,20,16,70,56,44.83,0.04,49.17,53.53,0.83
FRPH,76.77,77.41,80.2,87.93,105.33,97.58,20,17,38,29,24.56,0.03,25.82,27.95,1.97
ATR,76.73,77.73,81.63,97.45,104.7,100.3,20,38,37,33,132.29,0.03,141.73,149.34,0.59
CTS,76.72,81.32,86.23,87.82,86.62,103.32,20,17,17,46,39.32,0.19,41.19,43.7,0.96
NNBR,76.72,77.28,87.5,83.87,69.39,84.09,20,14,7,14,2.17,0.21,2.27,2.47,0.57
DTCK,76.72,76.97,115.82,135.85,91.71,97.55,20,81,21,29,0.8,0.49,0.85,0.84,1.3
XBIO,76.66,84.65,90.34,112.49,99.41,105.92,20,62,30,50,3.1,0.35,3.14,3.41,0.26
ASPN,76.66,77.0,73.12,87.69,53.09,64.69,20,17,4,6,7.1,0.12,7.16,7.88,0.54
CHYM,76.65,82.39,91.39,92.82,114.01,101.26,20,26,54,38,21.24,0.0,28.1,29.36,1.15
CHA,76.65,77.09,82.47,92.82,114.01,101.26,20,26,54,38,16.87,0.02,20.57,25.79,0.41
NPWR,76.64,79.67,71.75,81.82,47.69,119.57,20,12,3,69,3.03,0.13,2.57,4.41,0.65
CRM,76.62,79.01,83.97,91.16,96.15,115.35,20,21,26,65,243.43,0.09,249.12,281.14,0.58
SAIC,76.6,82.54,100.64,93.87,106.89,93.17,20,30,40,23,97.67,0.04,111.43,111.06,0.93
HCHL,76.58,87.87,91.39,92.82,114.01,101.26,20,26,54,38,3.26,0.16,3.47,3.87,0.48
PNBK,76.58,96.02,109.33,91.2,367.44,96.48,20,21,97,27,1.34,0.08,1.53,1.91,0.61
BAH,76.57,78.8,86.08,82.59,97.23,85.64,20,13,27,15,99.08,0.02,106.84,113.72,0.74
BMRN,76.55,76.92,81.68,84.2,98.31,97.85,20,14,29,29,53.85,0.06,57.15,61.48,0.85
IROHU,76.52,78.03,93.3,107.56,128.85,117.06,20,56,76,67,9.5,0.36,10.5,10.93,0.0
MHUA,76.52,88.44,97.51,99.1,128.21,71.92,20,41,76,8,0.38,0.14,0.4,0.37,0.62
EWTX,76.5,76.5,75.3,72.54,104.99,155.65,20,7,37,87,16.05,0.18,14.3,19.08,1.56
BRTX,76.49,79.17,101.89,90.4,127.05,149.63,20,20,75,85,1.43,0.07,1.54,1.71,2.22
ASUR,76.48,76.48,79.22,111.07,117.44,131.26,20,60,64,78,8.16,0.07,8.6,9.79,0.48
NTRP,76.48,92.42,162.23,153.84,185.37,259.16,20,86,92,95,3.39,0.31,3.8,4.18,0.62
TCPC,76.47,79.02,85.05,95.98,96.65,98.55,20,35,27,30,6.24,0.11,6.82,7.22,0.97
VRSK,76.46,76.46,82.62,102.52,121.33,110.83,20,48,69,58,247.07,0.06,268.03,287.27,0.94
PHI,76.45,79.43,87.13,90.37,110.06,107.34,20,20,45,53,19.04,0.02,21.45,22.14,1.27
MAXN,76.44,87.92,86.36,89.08,56.45,52.4,20,19,4,3,3.53,0.09,3.98,4.26,0.7
NSA,76.44,76.44,80.01,80.33,103.29,98.46,20,11,35,30,30.37,0.09,30.57,33.8,0.79
ETOR,76.43,78.8,82.73,92.82,114.01,101.26,20,26,54,38,41.1,0.0,49.9,56.05,0.8
WSO,76.43,76.43,79.04,92.26,116.47,111.96,20,23,63,60,398.01,0.09,419.32,460.39,0.65
ADBE,76.42,77.04,77.48,80.7,84.4,83.97,20,11,15,14,360.37,0.12,355.43,396.89,0.71
ISRG,76.36,77.27,81.99,101.89,116.09,127.76,20,46,62,76,441.12,0.04,470.33,519.89,0.85
CWH,76.35,81.14,84.81,100.3,94.54,97.94,20,43,24,29,16.5,0.38,16.81,17.78,0.85
PAM,76.35,80.51,87.27,114.73,140.15,168.72,20,65,83,89,61.88,0.14,69.07,76.72,1.14
GNTA,76.33,76.8,80.08,93.53,111.25,117.5,20,29,47,67,3.16,0.1,3.48,3.92,0.65
ENLV,76.3,78.54,100.68,150.65,96.43,83.57,20,85,26,14,1.03,0.19,1.2,1.11,0.18
BRIA,76.3,76.3,119.97,94.86,95.82,95.18,20,32,26,26,2.1,0.11,2.4,2.74,0.06
IEX,76.29,76.29,77.21,87.13,90.02,96.31,20,16,20,27,161.35,0.05,166.07,183.49,0.63
CGEN,76.25,76.78,81.67,101.71,95.87,124.82,19,46,26,74,1.38,0.14,1.45,1.63,0.37
MHH,76.23,80.45,82.9,79.28,99.0,159.07,19,11,30,88,7.78,0.14,7.64,9.52,0.2
TECH,76.21,77.96,87.88,89.32,82.92,100.94,19,19,14,34,51.85,0.16,53.71,58.29,0.72
WERN,76.17,76.78,84.64,85.21,85.73,91.67,19,15,16,21,26.26,0.1,27.94,30.07,0.88
SOHO,76.15,84.46,85.81,102.68,106.07,73.68,19,48,39,9,0.81,0.22,0.82,0.83,0.25
WIT,76.14,80.19,84.45,91.27,100.15,112.26,19,21,31,61,2.65,0.01,2.77,3.03,2.36
CINT,76.08,79.35,80.42,93.99,112.34,131.93,19,30,49,78,5.2,0.19,5.33,5.98,0.79
FTRK,76.07,76.07,58.84,92.82,114.01,101.26,19,26,54,38,0.62,0.03,0.55,1.65,0.54
TUSK,76.06,77.2,77.36,99.37,104.35,79.4,19,42,37,11,2.43,0.19,2.41,2.59,0.78
CDXS,76.05,76.86,86.98,99.99,80.46,159.36,19,43,12,88,2.46,0.13,2.71,3.16,0.72
EVEX,76.04,88.88,103.47,194.89,155.66,129.88,19,92,87,77,3.88,0.25,4.94,4.74,0.64
JKHY,76.03,77.07,85.01,95.42,112.29,111.66,19,34,49,60,149.38,0.02,163.17,172.14,1.53
ATOM,76.02,84.96,70.27,120.14,167.55,411.16,19,71,90,97,3.81,0.1,3.89,6.01,1.1
CHDN,75.96,76.2,84.94,91.35,86.45,91.79,19,21,16,21,96.94,0.15,102.47,108.86,0.83
BBWI,75.86,77.56,95.75,97.69,94.6,105.13,19,38,24,49,26.66,0.1,29.02,31.61,1.04
SER,75.85,88.22,88.22,97.96,103.92,71.15,19,39,36,8,4.97,0.22,5.26,5.25,0.07
CTSO,75.83,76.97,93.84,121.05,126.16,128.96,19,71,74,76,0.93,0.26,0.97,1.0,0.28
DHR,75.8,77.96,87.48,89.96,85.65,89.1,19,20,16,19,184.84,0.11,198.72,205.17,1.18
FIVN,75.76,80.14,77.71,87.5,81.15,93.03,19,17,13,23,25.12,0.16,26.34,30.65,0.71
PHUN,75.76,80.58,78.3,89.27,96.69,121.49,19,19,27,71,2.77,0.03,2.77,3.33,0.32
QTTB,75.75,75.75,67.55,99.04,39.46,33.3,19,41,2,2,1.89,0.01,1.91,2.42,0.87
PRPH,75.73,86.56,93.07,76.27,64.52,38.85,19,9,6,2,0.44,0.09,0.38,0.41,0.11
CGC,75.69,78.77,86.83,68.15,74.77,49.16,19,6,9,3,1.34,0.11,1.32,1.58,0.51
INR,75.68,76.95,85.11,93.7,114.01,101.26,19,30,54,38,13.76,0.1,14.09,16.46,0.85
UFPI,75.68,77.58,86.75,89.24,102.3,92.58,19,19,34,23,92.23,0.01,100.18,105.07,0.8
DEO,75.64,76.63,89.05,92.58,97.98,88.82,19,23,28,18,94.15,0.01,105.61,109.85,0.85
THCH,75.61,79.96,76.77,95.58,85.5,84.02,19,34,16,14,2.65,0.16,2.65,2.9,0.18
NNDM,75.61,79.7,74.49,75.78,73.42,104.05,19,9,9,47,1.59,0.19,1.43,1.8,1.9
DXLG,75.59,79.7,82.31,85.21,57.45,85.77,19,15,4,15,1.35,0.19,1.34,1.65,0.25
MAIA,75.58,75.78,78.07,87.48,105.67,97.03,19,17,38,28,1.62,0.1,1.59,1.78,0.5
WETO,75.54,76.23,101.59,101.59,114.01,101.26,19,46,54,38,1.97,0.14,2.06,2.85,0.09
FOXX,75.51,75.51,107.67,128.16,114.88,80.45,19,76,59,12,4.89,0.2,6.04,5.33,0.18
XPOF,75.51,76.16,79.72,92.07,77.18,130.91,19,22,10,78,7.85,0.07,9.03,10.71,0.27
PAYO,75.51,78.57,80.97,90.77,109.24,163.83,19,21,44,88,6.33,0.08,6.7,7.79,0.68
SLNG,75.5,77.83,74.32,103.31,125.67,162.69,19,49,74,88,4.16,0.16,4.28,5.25,1.77
UNH,75.47,78.17,75.99,69.93,125.38,103.54,19,7,73,46,344.08,0.29,299.2,401.08,0.38
AMCR,75.44,76.4,80.36,93.93,108.4,102.63,19,30,43,45,8.05,0.03,8.84,9.27,0.8
KPRX,75.42,75.42,79.13,89.06,107.43,88.62,19,19,41,18,2.61,0.15,2.7,3.11,0.34
NXGL,75.39,82.41,85.29,90.96,113.51,177.91,19,21,50,90,2.4,0.1,2.42,2.87,0.31
GCTS,75.37,82.81,81.47,73.37,77.95,62.11,19,8,11,5,1.52,0.22,1.43,1.7,0.52
PDEX,75.36,78.95,123.97,135.52,269.23,238.38,19,81,96,94,33.99,0.17,42.55,44.97,0.55
UG,75.36,76.53,85.04,88.56,102.73,108.43,19,18,34,54,7.76,0.02,8.19,8.73,0.48
HPP,75.35,79.85,96.67,91.09,78.09,75.49,19,21,11,9,2.59,0.23,2.68,2.69,0.53
NEXA,75.33,78.55,82.08,79.07,94.94,112.86,19,11,25,62,5.0,0.08,4.91,5.55,3.64
MKC,75.23,75.68,85.36,93.2,113.05,114.17,19,28,50,63,65.7,0.07,69.43,74.26,1.0
OFLX,75.21,79.26,85.62,87.34,76.11,78.75,19,17,10,11,31.59,0.12,33.45,34.85,0.99
WATT,75.2,77.68,78.02,118.6,68.29,259.08,19,69,7,95,7.91,0.02,9.38,10.82,0.5
TGS,75.2,80.42,98.39,116.25,140.47,170.79,19,67,83,89,21.9,0.24,25.96,27.22,1.02
PXS,75.2,76.23,77.07,72.87,79.39,78.9,19,8,12,11,2.87,0.15,2.8,3.17,0.47
FCX,75.17,97.15,104.95,109.86,100.06,98.21,19,59,31,30,35.75,0.31,43.11,39.78,2.36
AMC,75.13,76.84,76.84,89.57,96.03,87.91,19,19,26,18,2.89,0.1,2.95,3.16,1.02
GLBZ,75.11,83.88,79.49,102.24,115.18,107.88,19,47,60,54,4.5,0.18,4.4,5.0,0.29
SGMO,75.09,75.09,70.02,78.01,123.19,401.55,19,10,71,97,0.66,0.09,0.54,0.85,1.16
UMH,75.05,76.44,81.48,90.39,114.73,107.71,19,20,59,53,14.72,0.01,15.72,16.89,1.36
MBLY,75.04,90.07,90.07,102.62,102.62,100.19,19,48,34,32,13.85,0.21,14.31,15.73,1.03
FOUR,75.02,83.47,88.76,113.83,108.04,146.78,19,64,42,84,79.12,0.12,91.3,95.14,0.97
ACTG,75.0,77.79,76.15,93.68,84.4,92.46,19,30,15,22,3.29,0.23,3.4,3.72,0.45
IFBD,75.0,85.29,76.87,66.49,67.98,79.64,19,6,6,11,1.2,0.11,1.06,1.43,0.23
WDFC,74.96,75.79,81.28,89.54,114.56,99.02,18,19,58,31,199.04,0.0,214.83,230.46,1.39
TREX,74.96,76.21,95.67,95.53,84.56,90.61,18,34,15,20,51.28,0.03,61.35,61.93,0.83
EPIX,74.95,79.02,99.88,289.07,77.06,57.25,18,96,10,4,0.2,0.04,0.24,0.22,0.14
GT,74.95,79.46,80.36,110.96,121.46,98.22,18,60,70,30,7.86,0.0,9.07,9.7,0.91
WFG,74.93,79.61,85.54,86.25,96.0,96.04,18,16,26,27,66.94,0.01,72.59,77.1,0.54
IRBT,74.92,90.07,92.92,124.92,63.38,114.96,18,74,5,64,3.48,0.15,3.85,4.88,0.75
TNET,74.84,75.26,77.24,79.17,99.89,89.31,18,11,31,19,67.58,0.14,67.46,77.55,0.81
WHD,74.83,74.83,77.02,86.86,87.65,110.1,18,16,18,57,41.54,0.2,41.41,47.15,0.67
ZCMD,74.81,78.31,81.97,84.41,103.95,98.26,18,14,36,30,1.1,0.13,1.02,1.28,0.7
NXL,74.8,76.2,67.81,74.26,192.86,401.24,18,8,93,97,0.94,0.08,0.93,1.81,0.21
OKE,74.79,74.79,78.36,85.78,115.48,121.46,18,15,61,71,73.89,0.06,75.45,85.85,1.11
VHI,74.78,76.82,82.03,87.19,90.44,110.48,18,16,20,58,15.8,0.07,16.4,17.71,0.59
OLPX,74.76,75.67,85.23,97.84,90.6,83.85,18,39,20,14,1.36,0.24,1.43,1.45,0.62
ADMA,74.75,76.07,84.6,104.23,209.05,192.83,18,51,94,92,15.61,0.03,17.01,18.3,0.77
PACB,74.74,78.92,98.34,103.15,80.95,90.81,18,49,13,20,1.21,0.17,1.33,1.4,0.68
APGE,74.74,75.52,90.17,101.75,95.84,103.77,18,46,26,47,38.22,0.29,37.71,38.95,1.17
GIB,74.73,77.25,81.92,92.83,105.55,101.21,18,28,38,34,88.14,0.0,95.57,104.31,2.01
ALKT,74.72,74.72,78.83,95.11,101.52,130.52,18,33,33,77,25.68,0.25,24.66,29.09,0.5
EP,74.7,75.14,90.27,102.47,109.26,120.48,18,47,44,70,4.82,0.24,4.69,5.5,0.47
KNX,74.7,75.68,82.81,92.05,87.09,100.76,18,22,17,33,39.65,0.09,42.54,46.09,1.17
SAIA,74.67,80.56,85.44,83.62,82.76,100.18,18,13,14,32,293.57,0.17,303.7,352.23,1.21
QTWO,74.66,79.6,88.59,111.87,114.97,159.17,18,62,60,88,74.86,0.15,80.14,86.52,0.71
ATKR,74.66,74.66,76.4,92.3,83.46,68.2,18,23,14,7,60.76,0.18,62.96,67.96,1.64
NUKK,74.66,179.5,179.5,185.82,522.2,975.43,18,91,98,99,6.29,0.1,5.47,13.93,0.5
WGRX,74.62,80.03,82.91,72.74,114.01,101.26,18,8,54,38,0.97,0.08,1.1,2.17,0.88
MEC,74.55,76.69,85.62,100.34,97.37,92.19,18,43,28,22,13.57,0.17,14.81,14.93,1.17
INFY,74.54,76.81,78.93,88.75,91.39,106.58,18,18,21,52,16.52,0.08,16.93,18.78,1.02
ATNI,74.5,76.8,91.17,85.68,103.5,105.93,18,15,36,50,15.59,0.1,16.27,16.65,0.49
BHFAP,74.49,75.26,79.59,84.11,97.87,95.34,18,14,28,26,16.73,0.28,16.8,18.91,0.23
BKYI,74.47,74.47,74.1,81.95,97.11,193.54,18,12,27,92,0.75,0.09,0.77,0.96,0.93
MEI,74.43,79.6,85.44,116.79,105.95,97.69,18,67,39,29,7.6,0.3,7.19,8.34,0.71
IIPR,74.39,74.39,73.68,77.15,74.24,71.56,18,9,9,8,54.46,0.11,54.11,59.21,0.82
NTZ,74.36,79.21,83.56,73.68,106.1,105.37,18,8,39,50,3.38,0.29,3.08,3.98,0.0
SNDR,74.35,77.62,87.62,97.5,93.67,112.3,18,38,23,61,21.26,0.03,24.2,25.16,1.73
AHT,74.33,75.13,78.2,89.66,84.02,94.3,18,19,14,25,5.8,0.06,6.2,6.87,1.48
HMR,74.32,75.35,75.12,81.14,114.01,101.26,18,12,54,38,1.47,0.07,1.43,2.09,1.12
SOC,74.32,93.91,109.81,143.66,164.87,183.93,18,83,89,91,19.75,0.19,26.57,24.67,1.69
TRAK,74.3,77.61,76.38,97.43,119.96,135.16,18,38,68,80,16.93,0.14,16.96,19.92,0.53
CHH,74.28,75.82,81.29,94.18,106.34,111.73,18,31,39,60,109.45,0.03,120.3,131.01,0.86
PSQH,74.27,106.34,81.25,90.37,94.54,129.82,18,20,24,77,2.02,0.08,1.97,2.62,1.89
WKSP,74.21,78.71,80.33,90.83,63.66,149.6,18,21,5,85,3.12,0.07,3.38,4.92,0.68
ALTO,74.21,76.11,88.11,94.89,80.37,109.96,18,32,12,57,1.09,0.27,1.1,1.23,0.46
EXPO,74.19,74.19,76.94,78.87,95.44,89.86,18,10,25,20,69.5,0.03,70.48,79.1,0.67
WVE,74.1,79.59,123.56,123.56,138.59,195.55,18,73,82,92,6.8,0.12,8.29,8.94,1.16
CYCN,74.06,99.46,101.7,126.41,135.29,154.76,18,75,80,87,2.42,0.21,2.6,2.94,0.42
PSFE,74.05,79.06,84.5,82.91,97.63,116.81,18,13,28,66,12.91,0.11,13.38,15.28,0.63
RXT,74.03,82.25,82.72,74.07,83.09,129.62,18,8,14,77,1.39,0.18,1.32,1.72,0.58
BDSX,74.02,74.15,79.81,82.28,50.15,83.83,18,12,3,14,7.75,0.11,8.11,12.9,0.3
PRGO,73.97,73.97,81.77,101.09,111.85,105.91,18,45,48,50,21.45,0.09,23.7,25.09,1.53
FLL,73.95,73.95,84.66,108.76,93.32,101.69,18,57,23,42,3.35,0.17,3.85,4.02,0.47
ONON,73.89,79.62,78.02,115.24,133.52,149.82,18,66,79,85,42.47,0.19,46.38,50.87,0.84
DECK,73.86,78.98,85.29,79.45,80.6,135.14,18,11,12,80,105.77,0.08,110.85,133.16,0.75
XTLB,73.85,84.2,88.75,103.76,80.51,101.09,18,50,12,34,1.17,0.13,1.38,1.41,0.24
XOS,73.85,73.98,71.13,85.83,95.34,101.29,18,15,25,42,2.79,0.13,2.96,3.35,0.05
RECT,73.84,77.09,105.93,112.84,124.5,157.36,18,63,73,87,3.59,0.12,4.39,4.83,0.15
LOVE,73.78,76.96,84.84,92.13,88.87,101.41,18,22,19,42,17.32,0.19,18.65,20.41,0.96
MRT,73.76,81.82,86.0,115.83,193.77,288.47,18,66,93,96,2.28,0.22,2.46,2.95,0.55
VIRC,73.71,73.71,74.79,73.43,97.18,80.44,18,8,27,12,7.8,0.01,8.15,9.21,0.64
MMSI,73.68,76.18,85.07,90.92,122.06,115.45,17,21,70,65,80.2,0.0,86.04,95.35,1.31
OMSE,73.68,80.24,83.34,92.82,114.01,101.26,17,26,54,38,4.05,0.0,6.26,6.9,1.2
RYAN,73.67,74.14,76.12,94.79,130.89,118.87,17,32,78,69,55.58,0.19,57.71,65.21,1.25
IBG,73.64,99.79,83.33,135.45,107.15,101.34,17,81,41,42,2.39,0.06,2.88,3.5,0.49
VGAS,73.61,78.22,79.5,87.84,105.28,106.76,17,17,38,52,3.1,0.28,2.94,3.46,0.53
KNF,73.6,76.27,88.46,91.63,113.12,120.25,17,22,50,70,73.58,0.04,82.42,91.1,0.65
AIRG,73.6,79.34,77.09,89.43,75.85,127.82,17,19,10,76,4.11,0.11,4.44,5.02,0.45
TSQ,73.59,78.44,83.33,95.84,86.3,87.35,17,34,16,17,6.76,0.11,7.0,7.57,0.27
GMED,73.56,74.28,81.16,82.66,114.38,131.95,17,13,58,78,55.7,0.09,57.59,69.3,0.91
ISPC,73.56,101.78,104.12,86.79,49.7,50.77,17,16,3,3,1.17,0.09,1.2,1.55,0.17
CWST,73.55,73.99,80.75,102.72,120.86,108.18,17,48,69,54,89.58,0.09,98.32,108.48,0.84
MATX,73.54,75.79,77.09,87.55,102.15,107.15,17,17,34,53,102.78,0.14,105.68,118.89,0.47
DCBO,73.47,80.54,86.04,82.5,77.85,96.01,17,13,11,27,27.85,0.08,30.6,33.33,0.69
JCTC,73.46,73.46,82.19,89.64,101.34,97.09,17,19,33,28,3.48,0.06,3.62,4.05,1.12
CARR,73.43,75.03,86.72,107.99,109.79,100.15,17,57,45,32,58.84,0.14,66.41,67.46,1.07
TENB,73.43,73.43,76.98,83.86,85.57,91.07,17,14,16,21,29.66,0.07,30.71,34.81,0.78
HQI,73.38,74.56,76.32,77.93,102.26,105.16,17,10,34,49,9.84,0.12,9.8,11.3,0.72
HRL,73.33,73.97,88.71,93.6,109.27,95.87,17,29,44,26,24.72,0.05,27.16,29.09,0.7
CABO,73.33,75.26,77.46,66.84,83.01,91.34,17,6,14,21,166.49,0.16,154.28,221.18,0.57
SNBR,73.29,77.22,92.74,88.95,87.82,133.31,17,18,18,79,7.25,0.16,9.13,10.52,0.47
HY,73.27,73.77,74.24,79.29,78.06,81.5,17,11,11,13,37.14,0.05,38.21,42.86,0.8
ARCB,73.23,75.7,86.84,95.48,78.06,79.15,17,34,11,11,68.46,0.18,73.83,77.45,1.02
DNLI,73.21,73.21,82.0,81.36,77.75,100.92,17,12,11,34,13.95,0.12,14.31,16.34,1.17
KRUS,73.21,85.48,110.6,130.01,114.91,118.12,17,78,60,68,61.99,0.31,80.38,74.02,1.07
WHF,73.21,79.39,85.77,87.86,104.96,99.37,17,17,37,31,7.11,0.0,8.2,8.63,1.49
PED,73.17,73.17,77.59,82.87,89.91,93.21,17,13,19,23,0.6,0.18,0.61,0.67,0.73
GTE,73.16,76.05,71.07,76.83,96.58,105.59,17,9,26,50,4.46,0.2,4.11,5.05,0.79
MBRX,73.16,73.16,65.81,61.04,111.76,58.55,17,5,48,4,0.49,0.08,0.55,0.99,2.08
CHE,73.15,73.15,73.87,90.62,118.21,107.35,17,20,65,53,462.23,0.25,449.78,529.11,0.65
CCEL,73.1,76.35,73.4,83.14,106.32,114.21,17,13,39,63,4.8,0.16,4.7,5.75,0.52
IART,73.09,80.14,84.54,79.83,94.16,97.07,17,11,24,28,13.2,0.13,13.92,17.64,0.57
INEO,73.09,74.28,80.36,116.0,146.09,96.24,17,67,85,27,1.06,0.08,0.96,1.43,0.91
BHFAO,73.07,73.37,78.51,84.73,94.65,94.7,17,14,24,25,16.77,0.25,17.01,19.35,0.24
RENT,73.05,74.74,104.62,78.85,114.85,96.05,17,10,59,27,4.8,0.11,5.16,5.89,0.13
TEAM,73.05,74.24,77.06,101.5,114.31,153.32,17,46,58,86,166.65,0.05,176.46,220.9,0.87
HRI,73.01,79.81,91.1,96.59,87.38,121.87,17,36,17,71,118.87,0.13,126.49,143.25,0.69
ALT,73.0,73.0,56.02,78.6,107.92,93.13,17,10,42,23,4.0,0.1,3.73,5.44,0.89
WAT,72.98,75.63,77.27,95.9,108.49,115.64,17,35,43,65,291.71,0.1,294.67,346.36,0.49
PTEN,72.95,72.95,78.46,81.88,97.57,98.73,17,12,28,30,5.58,0.09,5.59,6.62,0.95
ITGR,72.95,73.95,78.9,93.13,101.61,110.57,17,28,33,58,101.5,0.03,106.57,120.95,0.79
GNE,72.92,76.4,81.19,169.33,176.4,98.4,17,89,91,30,15.35,0.12,16.73,16.97,0.57
JACK,72.9,72.9,65.16,63.9,62.21,70.9,17,5,5,8,20.23,0.11,19.6,27.44,0.95
KLTR,72.9,83.41,84.3,115.59,142.47,186.93,17,66,84,91,1.52,0.18,1.65,2.02,0.39
IMVT,72.87,72.87,76.07,81.54,68.05,74.55,17,12,6,9,16.23,0.16,15.91,18.11,1.42
ALC,72.86,77.06,83.09,92.65,116.23,104.75,17,23,62,48,73.92,0.03,82.84,87.34,1.17
NCMI,72.8,74.38,73.13,78.91,112.3,122.75,17,10,49,72,4.64,0.14,4.63,5.54,1.18
BRCC,72.79,74.75,75.52,61.7,72.5,73.56,17,5,8,9,1.56,0.14,1.61,2.07,0.36
AGRO,72.77,74.81,77.04,89.58,125.5,110.17,17,19,74,57,8.05,0.04,8.68,9.53,0.75
BGS,72.76,76.11,81.69,81.97,101.87,99.95,17,12,33,32,4.42,0.13,4.39,5.3,0.75
KMPR,72.72,73.27,76.33,94.48,111.68,112.16,17,31,48,61,51.86,0.16,54.74,61.27,0.75
CSAN,72.69,83.4,83.59,73.99,88.31,71.52,17,8,18,8,4.63,0.13,4.57,5.14,0.99
ZENV,72.69,81.56,101.59,99.25,106.42,166.13,17,41,40,89,1.33,0.12,1.49,1.7,0.38
ICUI,72.68,79.7,82.22,87.33,115.76,124.0,17,17,61,73,118.81,0.14,125.82,140.58,0.93
SLGN,72.68,72.68,79.31,105.54,110.5,104.7,17,53,46,48,42.5,0.07,46.71,51.05,0.9
HRMY,72.62,84.28,101.01,102.06,104.66,110.56,17,47,37,58,27.51,0.05,34.89,34.16,1.29
IOSP,72.61,73.58,81.55,80.07,83.97,88.84,17,11,14,18,77.54,0.0,82.83,93.31,2.94
DEFT,72.57,88.98,92.21,130.6,156.91,124.57,17,78,88,74,2.12,0.22,2.49,2.81,2.2
ISPR,72.5,74.76,83.45,70.06,73.86,69.2,17,7,9,7,2.64,0.11,2.92,3.49,0.64
CFLT,72.47,72.66,73.76,101.28,95.52,130.1,16,45,25,77,19.79,0.18,19.95,24.58,0.53
TFX,72.47,74.5,78.27,74.18,72.47,78.67,16,8,8,11,119.99,0.08,121.92,138.95,1.52
ISPO,72.46,72.46,74.12,87.8,124.21,163.11,16,17,72,88,2.99,0.14,2.94,3.75,0.15
CTRM,72.39,76.51,72.33,76.76,73.06,72.32,16,9,8,8,2.1,0.07,2.16,2.39,0.35
SPB,72.39,72.39,73.35,72.6,84.29,93.6,16,7,15,24,53.6,0.05,55.13,65.3,0.73
FIS,72.39,72.39,81.73,98.45,109.73,100.2,16,40,45,33,64.24,0.03,71.12,75.17,1.17
JTAI,72.39,72.39,61.92,61.35,82.25,68.82,16,5,13,7,3.68,0.06,3.36,3.98,1.78
ASH,72.38,74.41,84.1,83.09,73.7,74.9,16,13,9,9,48.79,0.08,52.43,56.27,1.41
WLK,72.35,78.44,84.25,85.44,77.89,81.58,16,15,11,13,77.65,0.11,83.51,92.8,0.89
JAKK,72.32,72.32,71.39,86.66,108.77,124.89,16,16,43,74,18.55,0.13,17.77,22.12,0.68
ALVO,72.32,73.51,68.22,86.38,93.23,102.13,16,16,23,43,8.34,0.09,8.47,10.17,0.65
NDLS,72.31,72.31,70.27,88.98,136.15,122.16,16,18,81,72,0.62,0.04,0.77,0.94,0.31
ENOV,72.3,77.96,79.59,83.66,83.67,90.94,16,13,14,20,29.99,0.18,29.65,35.97,0.42
TW,72.29,73.56,87.1,104.74,132.65,122.15,16,52,79,72,110.98,0.01,127.15,133.49,1.62
TRNS,72.28,74.47,83.51,85.92,92.28,86.78,16,15,22,16,73.7,0.07,79.54,84.11,1.09
COO,72.25,73.7,75.77,79.26,91.0,91.14,16,11,20,21,67.55,0.07,70.24,80.15,1.13
RH,72.23,80.15,97.42,90.54,77.1,140.23,16,20,10,82,202.5,0.18,221.87,261.11,1.37
KULR,72.21,79.81,93.41,129.82,381.33,1471.85,16,78,97,99,4.25,0.06,5.1,10.87,0.61
ELBM,72.2,72.2,71.58,84.21,72.32,109.22,16,14,8,56,1.06,0.12,1.05,1.25,18.34
GDRX,72.16,72.24,88.45,99.25,88.41,80.51,16,41,18,12,4.04,0.16,4.3,4.49,0.64
IPAR,72.15,72.27,79.96,106.11,107.91,104.65,16,54,42,48,101.23,0.07,113.74,123.43,0.63
NWL,72.15,77.29,90.61,92.33,83.92,133.4,16,23,14,79,5.17,0.12,5.64,6.5,0.81
DIBS,72.14,78.63,79.8,79.16,72.57,86.32,16,11,8,16,2.64,0.11,2.72,3.02,1.23
RXRX,72.14,74.16,77.93,91.62,85.6,122.03,16,22,16,71,4.72,0.11,5.25,5.91,1.62
DXC,72.12,73.32,74.09,81.13,87.53,100.1,16,12,17,32,14.01,0.12,13.99,16.69,1.61
OGN,72.1,72.73,74.45,73.9,91.15,94.03,16,8,21,24,10.21,0.21,9.77,11.93,0.76
NAUT,72.09,72.09,62.63,61.3,53.87,66.59,16,5,4,6,0.83,0.08,0.72,1.06,1.76
ACHC,72.07,73.99,70.15,61.79,57.75,71.84,16,5,4,8,24.53,0.11,21.9,28.8,0.94
ALLO,72.07,72.07,67.8,73.58,74.47,87.73,16,8,9,17,1.25,0.13,1.18,1.51,0.77
EPSN,72.07,73.73,87.15,120.92,135.71,136.9,16,71,81,80,5.18,0.01,5.79,6.41,1.69
NEO,72.04,75.38,80.96,58.88,74.81,118.96,16,4,9,69,7.93,0.22,6.91,9.79,0.47
MX,72.03,72.03,72.43,104.88,91.99,102.78,16,52,21,45,3.25,0.25,3.25,3.71,0.46
TPET,72.03,72.03,86.67,71.42,101.44,89.64,16,7,33,19,1.11,0.1,1.14,1.31,4.33
PROF,72.0,72.0,62.41,88.19,86.56,90.82,16,18,16,20,5.22,0.27,4.92,5.88,0.46
YPF,71.89,75.67,87.95,121.01,140.13,204.3,16,71,83,93,26.05,0.2,30.74,34.83,1.16
TIVC,71.85,72.83,71.39,96.37,128.47,149.96,16,36,76,85,2.96,0.04,3.33,4.28,0.04
PAL,71.84,72.89,76.45,78.51,94.06,93.78,16,10,24,24,6.84,0.09,7.37,8.36,0.48
ARVN,71.84,71.84,64.62,63.51,56.04,63.53,16,5,4,5,8.27,0.1,7.49,10.91,1.56
BLMZ,71.83,71.83,68.95,101.89,65.97,88.05,16,46,6,18,0.2,0.07,0.19,0.27,5.93
VLN,71.81,81.42,87.13,115.63,123.12,138.95,16,66,71,81,1.79,0.02,2.17,2.34,0.62
LKQ,71.77,72.32,74.28,88.42,115.14,104.93,16,18,60,49,30.3,0.1,31.53,36.91,0.62
QDEL,71.75,72.92,76.34,83.42,87.81,98.94,16,13,18,31,28.33,0.22,26.74,33.3,1.16
PSNY,71.74,79.25,115.56,99.19,113.46,109.18,16,41,50,56,0.96,0.1,1.06,1.07,0.47
FICO,71.66,72.84,75.45,93.63,128.56,123.73,16,29,76,73,1518.78,0.19,1465.43,1772.48,0.63
GPK,71.61,71.61,79.98,82.88,103.21,98.1,16,13,35,29,19.4,0.03,21.64,23.97,0.7
AVBP,71.6,71.6,76.3,104.97,113.55,116.01,16,52,50,66,18.03,0.09,19.29,22.02,0.89
RDW,71.57,73.06,74.03,182.7,236.32,431.02,16,91,95,98,8.83,0.13,10.67,13.77,0.96
RC,71.52,73.43,76.93,71.47,73.48,87.33,16,7,9,17,4.17,0.14,4.17,4.93,0.78
CNS,71.5,73.44,82.84,88.32,102.6,106.35,16,18,34,51,66.41,0.0,72.55,78.77,0.85
CPSS,71.4,73.75,79.71,99.86,117.44,118.19,16,43,64,68,7.86,0.11,8.27,9.48,0.71
CAL,71.37,73.87,80.77,67.88,69.55,63.69,16,6,7,5,13.65,0.07,14.63,16.31,0.69
ODFL,71.37,73.21,76.84,88.33,90.79,91.07,16,18,20,21,138.59,0.0,150.18,166.29,1.91
BJRI,71.36,72.22,81.78,123.66,129.98,106.67,16,73,77,52,30.27,0.03,34.16,36.84,0.67
EPAM,71.35,74.58,82.44,91.76,85.68,109.59,16,22,16,56,151.84,0.07,162.11,188.52,0.95
QFIN,71.33,76.6,78.46,134.75,189.5,189.94,16,80,93,92,29.75,0.23,31.44,37.69,0.83
SOAR,71.31,71.31,62.52,50.31,63.21,47.13,16,3,5,3,1.67,0.04,1.57,2.7,0.2
FSK,71.31,73.91,83.29,107.79,114.66,118.07,16,56,59,68,15.17,0.02,17.79,19.14,0.78
HFFG,71.3,90.0,101.46,106.58,156.74,139.07,15,55,88,81,2.76,0.33,3.2,3.28,4.5
WHR,71.3,75.22,95.65,104.94,93.94,119.39,15,52,24,69,77.49,0.08,88.47,93.2,0.72
BMI,71.24,71.24,76.79,114.52,118.19,107.69,15,65,65,53,176.39,0.08,186.79,211.16,0.72
INV,71.23,76.33,82.78,78.3,69.06,117.27,15,10,7,67,5.47,0.22,5.14,7.18,0.28
GDEN,71.2,72.57,77.07,104.71,94.94,96.64,15,52,25,27,23.19,0.03,25.44,27.97,1.12
AVNS,71.19,72.22,73.35,68.34,80.84,77.3,15,6,13,10,11.77,0.13,11.64,13.57,0.76
PBH,71.11,71.11,75.16,97.42,128.3,114.44,15,38,76,64,62.97,0.01,67.96,78.62,1.14
SLQT,71.07,72.37,82.63,88.29,151.46,251.91,15,18,87,95,2.03,0.07,2.06,3.0,0.37
CRDL,71.07,72.28,78.26,110.47,101.63,81.62,15,60,33,13,1.08,0.21,1.18,1.21,0.66
MNOV,71.05,73.98,81.4,84.28,100.68,126.02,15,14,32,75,1.27,0.06,1.3,1.54,0.15
SGRP,71.05,72.15,86.24,84.28,82.45,109.01,15,14,13,55,1.08,0.11,1.15,1.35,0.45
MKTX,71.03,71.03,77.3,93.36,107.81,96.78,15,29,42,28,180.14,0.02,190.79,209.2,0.71
ERIE,71.02,71.15,80.78,85.96,110.36,107.73,15,15,46,53,315.99,0.01,346.27,376.13,0.57
NRC,71.0,78.46,89.43,96.78,92.94,70.8,15,36,22,8,13.3,0.27,14.7,14.84,0.75
LSTR,71.0,71.72,77.5,82.33,86.44,88.62,15,12,16,18,122.1,0.02,130.79,145.96,0.82
JZXN,70.99,108.13,68.17,55.94,397.47,272.53,15,3,98,96,1.07,0.04,0.98,2.44,0.34
MLR,70.91,70.91,74.43,82.74,80.65,115.63,15,13,12,65,39.47,0.03,41.36,49.05,0.82
NOA,70.91,70.91,70.79,86.68,94.11,99.79,15,16,24,32,13.83,0.16,14.23,16.71,0.44
OBLG,70.86,74.86,83.58,150.53,98.92,83.4,15,85,30,14,2.66,0.18,3.36,3.51,0.68
OXLC,70.84,73.08,73.84,82.66,101.71,99.07,15,13,33,31,16.92,0.15,17.34,20.74,0.53
SFM,70.77,75.74,95.35,127.43,177.37,180.5,15,76,91,91,109.88,0.03,142.82,151.82,1.19
WNC,70.72,75.24,88.18,87.51,67.41,73.57,15,17,6,9,10.23,0.26,10.68,11.67,0.4
HRZN,70.72,75.01,79.82,86.33,101.17,99.18,15,16,32,31,6.14,0.0,7.02,7.63,1.04
FATE,70.69,70.69,64.42,78.81,94.57,50.45,15,10,24,3,1.0,0.11,1.06,1.21,0.9
AIRI,70.69,70.99,74.61,87.43,90.24,95.76,15,17,20,26,3.12,0.06,3.25,3.65,0.52
SDHC,70.65,71.96,78.2,83.83,83.64,81.68,15,14,14,13,18.26,0.08,19.48,21.07,1.0
BMEA,70.61,70.61,72.24,68.43,69.28,48.23,15,6,7,3,2.1,0.06,1.82,2.56,0.96
CREX,70.55,74.23,77.05,126.19,143.88,73.86,15,75,84,9,2.3,0.29,2.51,2.49,0.92
INBK,70.54,74.29,78.63,91.1,86.96,112.04,15,21,17,60,23.65,0.16,24.0,27.39,0.74
WING,70.51,72.29,96.67,115.8,125.04,85.72,15,66,73,15,247.44,0.19,309.02,290.22,1.33
GUTS,70.48,70.48,47.3,94.59,124.45,66.33,15,32,73,6,1.34,0.18,1.22,1.54,30.44
NTIC,70.48,71.37,74.65,76.15,84.63,98.38,15,9,15,30,7.8,0.13,7.67,9.37,0.25
EHTH,70.44,73.9,76.19,79.65,124.14,193.52,15,11,72,92,3.94,0.09,3.78,6.06,0.34
SMLR,70.43,74.69,79.67,121.15,125.82,212.85,15,71,74,93,28.31,0.11,32.78,41.01,2.01
UIS,70.39,75.12,73.57,86.09,99.39,115.03,15,15,30,65,3.98,0.06,4.01,4.86,0.8
PLRZ,70.37,75.38,77.13,77.13,90.28,101.75,15,9,20,43,1.08,0.0,1.13,127.37,0.04
GDDY,70.31,72.96,75.4,97.39,119.18,140.7,15,37,67,82,141.4,0.1,149.95,177.19,0.66
KIDS,70.3,72.97,84.39,84.39,102.92,100.0,15,14,35,32,18.28,0.03,20.32,22.32,0.97
RVTY,70.28,72.09,78.91,86.21,97.38,104.33,15,15,28,48,84.06,0.03,88.99,101.01,0.67
MCW,70.22,70.23,73.45,86.55,117.42,117.42,15,16,64,67,5.37,0.02,5.78,6.92,0.86
DAWN,70.21,70.76,77.78,74.1,62.0,82.09,15,8,5,13,6.77,0.09,6.91,8.52,1.39
IMCC,70.2,73.95,90.71,170.71,237.2,101.21,15,89,95,34,1.77,0.09,2.36,2.25,0.95
VKTX,70.19,70.19,75.65,105.11,71.21,93.74,15,52,8,24,25.57,0.1,29.96,30.46,0.54
CTKB,70.19,83.93,99.99,102.27,71.27,113.28,15,47,8,62,3.4,0.2,3.84,4.27,0.7
HURA,70.16,72.47,82.38,82.38,88.2,88.43,15,12,18,18,2.46,0.09,2.68,3.35,0.24
SHAK,70.16,76.03,82.45,133.82,129.11,132.37,15,80,76,78,92.4,0.25,109.85,112.66,0.62
ASTI,70.15,112.75,99.96,121.64,107.39,66.93,15,72,41,6,1.97,0.28,2.01,2.03,0.09
ACRV,70.07,70.07,61.99,55.61,39.04,96.98,15,3,2,28,1.66,0.08,1.41,3.0,0.2
ASTC,70.02,72.61,69.17,75.28,89.44,84.16,15,9,19,14,5.0,0.07,5.19,6.01,2.24
LBRDK,69.99,73.86,73.59,126.85,138.65,138.65,15,75,82,81,62.89,0.13,63.97,75.93,0.62
SCL,69.96,70.42,73.91,88.65,79.08,76.54,15,18,11,10,47.23,0.08,50.28,55.65,0.91
ELV,69.96,72.06,72.12,81.12,110.62,96.44,15,12,46,27,318.61,0.19,301.12,367.94,0.59
FLWS,69.96,79.74,81.91,86.95,73.97,88.92,15,16,9,19,4.77,0.06,5.54,6.15,0.72
SWVL,69.95,69.95,69.0,114.79,90.82,229.05,15,65,20,94,3.25,0.15,3.76,4.38,0.28
LBRDA,69.93,74.26,73.87,126.45,139.61,139.61,15,75,82,82,62.62,0.13,63.69,75.4,0.94
BVS,69.9,71.74,80.45,85.19,123.37,151.43,15,15,71,86,6.66,0.07,6.96,8.22,1.52
BOW,69.84,71.17,82.96,107.46,138.1,127.56,15,56,82,76,27.28,0.02,30.72,34.67,0.83
TGT,69.83,71.02,78.57,82.71,75.04,87.82,15,13,9,17,87.85,0.02,97.26,106.63,0.99
HNST,69.82,70.63,75.17,111.97,122.19,188.97,14,62,71,92,3.76,0.08,4.13,5.09,0.5
LMNR,69.74,71.17,75.64,77.6,84.94,103.44,14,10,15,46,15.1,0.03,15.45,18.2,0.64
AKAN,69.71,78.64,84.87,84.87,73.46,68.23,14,14,9,7,3.88,0.15,3.79,4.28,0.44
CLVT,69.69,76.71,85.5,90.05,85.11,78.14,14,20,15,10,3.69,0.15,4.17,4.39,0.79
TEO,69.68,71.02,84.59,99.59,135.05,173.16,14,42,80,90,7.41,0.12,8.67,10.38,3.12
OXM,69.66,73.15,78.07,68.25,73.96,91.78,14,6,9,21,42.09,0.11,43.12,55.79,0.94
WVVI,69.66,81.63,97.15,120.09,181.02,165.74,14,71,92,89,3.46,0.08,4.53,5.2,0.74
NEXM,69.64,83.05,83.55,117.1,105.56,71.19,14,68,38,8,5.68,0.16,5.63,6.05,0.68
DNUT,69.6,69.6,71.7,67.54,51.58,77.41,14,6,3,10,3.43,0.09,3.48,5.19,0.68
RGP,69.6,71.73,72.75,75.92,72.54,83.62,14,9,8,14,5.08,0.14,4.97,6.11,0.8
UNIT,69.58,74.03,81.45,108.21,114.04,117.97,14,57,58,68,6.19,0.08,7.13,7.99,0.42
EVGN,69.58,69.58,81.19,79.74,108.6,61.51,14,11,43,5,1.14,0.08,1.25,1.34,0.5
LEXX,69.54,100.07,87.62,61.46,78.51,89.84,14,5,11,19,1.05,0.1,0.99,1.34,20.48
LPTX,69.53,69.53,46.89,53.14,49.11,123.93,14,3,3,73,0.35,0.02,0.31,0.78,0.75
XBP,69.52,104.83,95.26,126.17,115.88,114.2,14,75,61,63,0.8,0.29,0.79,1.02,0.05
UFPT,69.38,70.6,74.6,96.53,94.01,106.84,14,36,24,52,193.54,0.04,215.29,231.39,1.07
TNON,69.36,86.31,84.65,86.07,96.49,113.99,14,15,26,63,1.18,0.07,1.26,1.35,0.02
ASIX,69.33,71.45,74.86,95.52,91.25,106.27,14,34,21,51,19.46,0.11,20.36,23.94,0.76
SMSI,69.31,79.56,91.86,94.66,113.23,126.3,14,32,50,75,0.73,0.07,0.73,0.96,0.41
LFVN,69.27,73.64,103.15,111.88,175.31,315.42,14,62,91,96,10.19,0.01,12.47,14.8,0.59
YGMZ,69.14,69.14,92.91,99.61,144.07,62.95,14,42,84,5,0.75,0.12,0.83,0.94,0.17
TTEC,69.09,74.62,78.25,113.0,120.36,71.92,14,63,68,8,3.29,0.17,3.89,4.21,0.64
PUMP,69.06,69.06,68.14,86.24,89.92,121.61,14,16,19,71,5.52,0.15,5.08,6.75,1.06
TFIN,69.04,74.64,83.36,89.1,78.68,106.04,14,19,11,51,51.38,0.07,58.09,65.1,0.73
DDL,69.03,73.4,79.54,83.2,128.66,180.84,14,13,76,91,2.03,0.03,2.17,2.67,1.37
AOUT,69.02,69.55,85.71,100.79,121.93,180.75,14,44,70,91,8.59,0.03,9.4,12.29,0.7
HTLM,69.01,78.69,100.29,94.2,98.78,142.38,14,31,29,83,3.1,0.03,3.74,4.77,1.12
AMN,69.01,69.01,73.5,72.22,72.51,70.69,14,7,8,7,18.87,0.09,19.15,22.2,0.63
RXO,68.96,74.22,79.52,82.54,80.96,95.81,14,13,13,26,14.94,0.12,15.99,18.34,0.86
UPS,68.94,69.76,73.46,82.06,86.38,92.06,14,12,16,22,83.72,0.02,87.41,101.57,0.78
NXTC,68.91,68.91,65.14,71.94,67.26,56.58,14,7,6,4,5.7,0.16,5.23,6.85,0.07
XPER,68.91,68.91,67.45,89.23,93.15,101.62,14,19,23,42,6.6,0.18,6.29,7.83,1.23
FLX,68.77,70.93,85.34,94.49,97.65,108.24,14,31,28,54,3.12,0.06,3.17,5.01,0.39
CSW,68.75,72.34,75.66,89.59,105.04,123.56,14,19,37,73,242.77,0.0,263.43,303.92,0.69
KDP,68.72,70.77,81.71,98.09,120.65,103.58,14,39,69,46,25.5,0.0,30.76,32.08,1.17
ZJK,68.71,73.06,74.86,77.42,94.41,140.04,14,10,24,82,3.5,0.07,3.49,5.48,0.25
NEOG,68.56,68.56,66.47,59.02,64.22,78.65,14,4,6,11,5.67,0.1,5.36,7.56,0.72
CNMD,68.48,73.23,79.77,82.02,90.62,92.35,14,12,20,22,46.0,0.0,51.89,57.73,1.04
GYRE,68.47,71.83,72.42,78.93,89.86,102.44,14,10,19,44,7.16,0.07,7.58,9.25,0.6
SKIL,68.45,79.38,85.31,92.14,173.95,249.53,14,23,91,95,13.2,0.03,14.55,19.77,0.65
AZTA,68.43,75.54,78.19,84.76,68.55,96.8,14,14,7,28,28.56,0.12,30.7,36.03,1.06
INLF,68.42,73.29,85.4,83.78,104.24,101.26,14,14,37,38,0.76,0.0,1.04,1.96,0.77
HHS,68.38,71.59,67.92,64.27,83.26,77.27,14,5,14,10,3.7,0.1,3.58,4.48,0.02
LCUT,68.32,72.78,90.04,87.75,76.78,84.72,14,17,10,15,3.82,0.23,4.09,4.51,0.76
ALTS,68.31,79.35,188.05,271.01,300.66,462.28,14,96,97,98,3.1,0.16,5.73,6.04,0.94
KVUE,68.31,73.78,84.59,97.82,126.18,114.37,14,38,74,64,16.42,0.03,20.31,21.49,1.97
KUKE,68.29,133.88,330.33,325.36,852.26,501.35,14,97,99,98,0.74,0.13,1.88,2.02,6.54
INTA,68.27,71.08,78.24,92.13,136.49,161.58,14,22,81,88,42.1,0.17,42.65,55.45,0.52
NINE,68.23,68.23,86.26,74.44,98.39,103.91,14,8,29,47,0.69,0.19,0.68,0.9,0.68
CAG,68.21,69.93,70.7,72.89,106.77,98.16,14,8,40,29,18.18,0.01,18.96,22.59,1.05
BFRG,68.2,70.12,64.57,78.06,92.84,121.27,14,10,22,71,1.41,0.1,1.33,1.83,0.56
CRT,68.14,69.83,82.77,90.44,132.7,120.56,14,20,79,70,7.59,0.06,8.57,9.71,0.73
SELX,68.11,78.93,81.97,88.86,114.94,107.74,14,18,60,53,0.97,0.07,1.07,1.35,0.89
GRI,68.06,69.71,67.88,62.9,38.39,107.62,14,5,2,53,1.95,0.04,1.63,4.77,0.12
MAN,68.05,69.83,74.41,79.02,93.11,92.23,14,11,23,22,38.59,0.04,40.75,47.93,0.84
BATL,68.01,68.01,59.29,78.81,136.61,49.51,14,10,81,3,1.24,0.04,1.2,1.5,0.5
PRMB,68.01,69.52,80.83,99.12,158.87,152.72,14,41,88,86,22.19,0.0,25.1,30.05,0.94
ACN,67.98,68.5,71.13,86.05,95.83,105.59,14,15,26,50,238.97,0.04,253.91,307.99,1.67
KIDZ,67.9,67.9,72.94,140.98,114.01,101.26,13,83,54,38,1.17,0.03,1.48,2.46,0.1
BOLD,67.87,67.87,66.22,56.24,60.48,72.79,13,4,5,8,1.14,0.05,1.16,1.61,1.36
RFL,67.87,77.57,91.36,118.95,155.42,119.26,13,70,87,69,1.36,0.05,1.61,1.75,0.52
DARE,67.85,67.85,62.57,88.05,96.78,85.35,13,18,27,15,2.09,0.07,2.19,2.79,0.53
LGIH,67.84,73.15,87.51,86.72,74.92,80.14,13,16,9,12,52.01,0.07,59.63,67.0,0.75
HYFM,67.84,70.44,89.83,114.95,89.88,92.56,13,65,19,23,2.88,0.2,4.0,4.23,1.07
DSY,67.74,71.69,138.52,82.3,84.44,89.89,13,12,15,20,1.28,0.06,1.26,1.7,0.15
NCI,67.67,75.94,89.03,95.12,95.12,103.35,13,33,25,46,1.85,0.06,1.9,2.22,0.01
BLMN,67.6,67.65,69.1,93.3,81.24,67.66,13,29,13,6,7.24,0.12,7.58,8.83,0.53
LOBO,67.57,74.24,63.77,66.07,59.87,79.14,13,6,5,11,0.65,0.1,0.6,1.0,0.01
KEX,67.57,68.26,78.75,100.13,97.69,96.65,13,43,28,27,84.73,0.04,97.34,103.97,0.75
SUUN,67.52,68.27,87.51,88.56,91.9,150.04,13,18,21,85,1.61,0.06,1.73,2.33,0.67
VRA,67.51,68.67,71.73,70.43,64.13,61.11,13,7,6,5,2.03,0.07,2.08,2.59,0.97
MNDY,67.51,70.99,70.99,116.61,119.89,124.08,13,67,68,73,206.59,0.22,215.37,257.44,0.42
OXSQ,67.49,75.19,85.37,86.83,106.78,104.05,13,16,40,47,1.68,0.01,2.16,2.27,1.28
ULH,67.47,71.1,79.65,82.37,71.24,114.01,13,12,8,63,23.5,0.06,24.8,29.31,0.57
NAII,67.41,69.67,85.73,92.78,73.23,76.13,13,23,9,9,2.88,0.07,3.55,3.62,2.71
AKTX,67.38,76.71,57.57,75.07,107.25,97.33,13,8,41,28,0.97,0.13,0.93,1.12,0.94
VERO,67.33,69.7,69.7,74.82,161.61,105.72,13,8,89,50,2.32,0.02,2.39,2.96,0.16
MRTN,67.33,68.15,73.83,82.42,88.61,85.64,13,13,18,15,10.73,0.0,11.85,13.51,0.91
XBIT,67.3,68.54,83.92,83.92,64.15,67.39,13,14,6,6,2.7,0.03,2.96,3.32,0.73
SEM,67.25,68.33,69.15,78.63,103.03,109.98,13,10,35,57,12.64,0.1,12.97,15.9,0.76
RBNE,67.23,67.23,82.22,92.82,114.01,101.26,13,26,54,38,1.27,0.0,2.03,2.94,0.47
ENFY,67.22,76.24,87.02,82.31,95.51,68.53,13,12,25,7,0.91,0.08,0.99,1.07,1.51
XHLD,67.13,67.15,74.0,74.2,114.01,101.26,13,8,54,38,0.31,0.0,0.34,0.69,1.01
BYND,67.12,69.73,65.64,100.26,76.34,68.56,13,43,10,7,2.85,0.11,2.86,3.23,0.43
HBB,67.07,67.31,70.72,94.5,106.05,105.22,13,31,39,49,14.42,0.08,14.78,16.91,0.58
ZIP,67.03,70.58,74.99,68.83,83.46,73.52,13,6,14,9,4.61,0.15,4.61,5.75,0.54
ASGN,67.01,69.52,74.25,72.68,76.17,88.32,13,7,10,18,47.87,0.02,51.38,62.76,0.82
GSHD,66.98,69.28,75.63,111.18,165.9,153.73,13,61,90,86,74.94,0.0,85.74,102.01,0.89
YIBO,66.96,71.01,77.59,84.65,92.84,173.89,13,14,22,90,1.31,0.07,1.39,1.84,0.26
NOMD,66.93,67.23,80.3,90.31,125.95,112.91,13,20,74,62,13.02,0.02,15.31,17.15,0.81
COCP,66.89,71.3,83.68,100.5,88.17,165.22,13,44,18,89,1.25,0.04,1.54,1.68,0.08
AMWL,66.87,73.46,80.99,110.97,92.83,111.61,13,60,22,60,6.2,0.01,7.17,8.03,1.21
KOS,66.86,66.86,66.8,80.1,68.92,66.61,13,11,7,6,1.79,0.09,1.84,2.29,0.95
GTIM,66.85,67.09,73.03,80.64,97.29,94.19,13,11,28,25,1.61,0.17,1.6,2.01,0.2
DV,66.83,70.86,93.96,90.21,83.85,97.54,13,20,14,29,11.89,0.0,14.84,16.02,0.9
PMCB,66.8,72.49,77.16,68.62,78.6,99.94,13,6,11,32,0.97,0.12,0.97,1.27,0.27
ARAI,66.79,71.93,91.07,92.82,114.01,101.26,13,26,54,38,3.89,0.08,5.97,7.12,0.91
CVR,66.78,70.16,70.16,89.76,87.9,95.73,13,19,18,26,10.55,0.16,11.12,12.78,0.85
IPSC,66.72,66.72,59.4,76.56,60.1,46.75,13,9,5,3,0.51,0.09,0.53,0.65,0.74
LYB,66.71,70.17,78.06,84.55,84.98,89.69,13,14,15,19,49.45,0.05,54.42,61.51,1.21
IFF,66.67,68.68,73.54,83.31,91.75,90.46,13,13,21,20,60.72,0.01,67.36,75.98,0.79
NCT,66.61,67.79,69.1,92.82,114.01,101.26,13,26,54,38,1.31,0.02,2.25,3.61,0.25
DTI,66.6,66.6,68.55,96.64,96.03,84.94,13,36,26,15,2.35,0.35,2.1,2.64,0.77
BIYA,66.56,79.93,79.93,71.11,114.01,101.26,13,7,54,38,0.58,0.01,0.64,2.24,5.98
MORN,66.55,66.85,75.9,93.49,96.77,101.24,13,29,27,34,234.9,0.03,259.94,296.33,0.95
XRTX,66.54,76.87,73.55,77.13,86.23,64.62,13,9,16,6,0.8,0.06,0.82,0.94,0.9
CLW,66.53,74.68,72.93,93.83,95.02,84.86,13,30,25,15,21.04,0.02,23.0,26.48,0.82
TRSG,66.51,77.0,76.87,80.84,93.94,80.13,13,11,24,12,1.39,0.18,1.65,1.8,2.02
FAT,66.51,77.33,65.92,86.76,101.07,114.08,13,16,32,63,1.96,0.09,2.04,2.67,0.6
AQMS,66.49,66.49,31.89,25.31,65.1,74.5,13,1,6,9,7.3,0.11,4.25,12.7,26.87
SDST,66.48,70.56,65.67,46.68,41.6,42.35,13,3,2,2,3.13,0.01,3.75,10.42,1.21
CNCK,66.31,66.31,68.63,76.31,97.23,83.82,13,9,27,14,4.51,0.02,4.92,6.44,0.42
CHTR,66.31,66.31,64.98,113.87,124.14,118.85,13,64,72,69,273.4,0.1,279.57,348.87,1.15
BCC,66.26,67.11,77.44,78.43,84.88,87.32,13,10,15,17,77.15,0.01,84.68,98.64,0.79
TRAW,66.24,71.7,70.08,62.1,43.46,128.72,13,5,2,76,1.85,0.06,1.65,3.14,0.27
MSAI,66.22,73.16,66.31,67.18,59.95,99.97,12,6,5,32,0.67,0.08,0.74,1.03,0.5
IPW,66.22,66.22,91.54,91.54,88.69,98.8,12,22,18,30,0.54,0.05,0.57,0.63,0.4
YXT,66.19,68.98,72.73,93.6,70.82,89.93,12,29,8,20,1.0,0.13,0.87,1.19,0.52
NAMM,66.18,66.18,91.39,92.82,114.01,101.26,12,26,54,38,3.16,0.02,3.72,6.89,0.16
COLM,66.17,67.43,71.82,76.98,96.23,105.17,12,9,26,49,52.64,0.09,54.84,68.83,0.8
GWH,66.14,75.11,79.89,59.8,51.86,63.15,12,4,3,5,1.6,0.09,1.66,2.88,0.88
CSAI,66.07,71.16,70.48,72.24,114.01,101.26,12,7,54,38,1.36,0.0,1.66,4.47,0.86
DAIC,66.04,87.87,91.39,92.82,114.01,101.26,12,26,54,38,3.0,0.0,4.36,6.3,0.88
BCG,65.99,71.31,75.72,82.91,99.33,84.93,12,13,30,15,1.61,0.08,1.96,2.16,0.72
CEPU,65.98,68.66,83.5,110.05,123.19,156.77,12,59,71,87,8.64,0.12,10.68,12.14,1.0
EMN,65.98,67.74,71.95,83.9,92.87,101.51,12,14,22,42,62.71,0.09,67.14,80.09,0.82
XCH,65.97,65.97,79.66,79.27,95.13,66.03,12,11,25,6,1.31,0.01,1.25,2.08,0.15
CRI,65.95,68.16,71.1,64.54,70.53,79.72,12,5,7,11,29.2,0.14,27.84,37.41,0.67
WYHG,65.95,67.69,84.24,86.92,151.79,158.46,12,16,87,87,1.32,0.02,1.35,4.7,1.22
PLRX,65.95,65.95,69.38,59.61,52.02,98.8,12,4,3,30,1.52,0.02,1.58,3.83,0.43
ATHR,65.95,68.87,70.83,145.91,114.01,101.26,12,84,54,38,4.96,0.02,7.45,9.85,0.6
RBOT,65.94,68.05,73.28,163.2,100.72,189.32,12,88,32,92,5.46,0.03,7.53,9.27,1.06
KRO,65.84,69.79,73.03,69.79,74.19,81.16,12,6,9,12,5.73,0.12,5.94,7.34,0.89
STI,65.81,65.81,103.17,53.83,35.41,123.21,12,3,2,72,4.86,0.05,4.2,9.74,0.03
MYSZ,65.76,93.32,97.44,76.91,84.45,238.89,12,9,15,94,1.19,0.02,1.25,1.57,0.35
ANVS,65.73,69.37,79.09,103.07,99.48,52.98,12,49,30,3,1.97,0.09,2.49,2.72,3.15
JANX,65.73,65.73,69.23,72.6,74.9,200.97,12,7,9,92,23.23,0.03,24.15,31.67,0.97
ICU,65.73,138.17,109.25,47.26,65.15,69.84,12,3,6,7,0.6,0.06,0.82,1.32,1.2
MNTK,65.71,69.65,77.73,75.66,69.57,91.11,12,9,7,21,2.02,0.07,2.11,2.73,0.49
PSEC,65.68,68.1,72.91,76.51,91.83,91.89,12,9,21,22,2.61,0.03,2.84,3.37,1.03
BCYC,65.68,67.49,61.62,66.88,55.49,64.83,12,6,4,6,7.4,0.05,7.51,9.64,0.47
YSXT,65.65,69.21,77.51,147.01,166.89,101.26,12,84,90,38,2.62,0.12,2.85,3.83,0.32
ALBT,65.65,75.07,70.61,71.42,142.36,279.88,12,7,84,96,2.46,0.06,2.33,3.62,0.07
ZBAO,65.64,68.44,68.44,60.65,62.24,61.74,12,5,5,5,1.03,0.05,1.02,1.23,0.28
LOT,65.61,78.3,74.21,95.26,82.79,59.45,12,33,14,4,1.92,0.2,2.08,2.28,0.96
JJSF,65.6,66.96,77.29,79.05,100.85,87.95,12,11,32,18,95.61,0.0,109.2,123.69,1.18
NSIT,65.57,68.47,78.0,80.04,87.94,88.34,12,11,18,18,112.77,0.01,127.98,143.08,0.7
EPWK,65.56,69.26,74.7,59.79,147.94,101.26,12,4,86,38,0.41,0.0,0.45,3.69,0.07
SBFM,65.54,71.06,70.21,71.89,56.09,58.14,12,7,4,4,1.46,0.11,1.47,1.9,1.79
SNCR,65.5,70.5,67.27,76.32,127.66,136.9,12,9,75,80,6.4,0.11,6.67,8.43,0.33
EWCZ,65.48,69.35,72.06,97.83,98.65,82.59,12,39,29,13,3.96,0.16,4.39,5.09,1.09
SMC,65.47,66.84,66.61,71.36,107.2,145.14,12,7,41,84,22.55,0.13,22.96,30.68,0.85
MNDO,65.45,67.03,67.79,75.94,108.85,108.57,12,9,43,55,1.15,0.09,1.25,1.56,0.5
BON,65.44,65.44,53.77,40.24,16.06,78.15,12,2,1,10,1.92,0.01,1.53,12.44,0.05
AESI,65.44,65.44,67.23,74.45,86.68,116.24,12,8,17,66,11.9,0.11,11.77,15.51,1.02
ARKR,65.41,65.41,60.61,76.4,101.78,114.12,12,9,33,63,7.3,0.05,7.45,10.05,0.1
SPRC,65.4,94.68,70.04,101.45,94.92,212.47,12,45,25,93,4.28,0.12,4.6,7.05,0.29
LPRO,65.4,72.14,69.62,128.66,50.04,100.45,12,77,3,33,2.2,0.23,2.24,3.17,0.51
MTC,65.39,65.39,81.57,74.97,70.51,47.43,12,8,7,3,0.88,0.02,0.93,1.15,0.13
CWAN,65.39,66.37,72.45,86.25,120.14,127.15,12,16,68,75,18.09,0.01,19.93,24.15,0.68
CRVL,65.38,66.16,74.21,92.04,128.94,124.48,12,22,76,74,78.64,0.0,87.2,104.67,0.74
LPCN,65.33,65.77,76.75,76.75,92.45,103.21,12,9,22,46,2.73,0.01,3.02,3.51,1.03
SUGP,65.33,77.49,77.49,138.36,73.31,74.67,12,82,9,9,5.3,0.06,6.57,8.16,0.48
INBS,65.3,73.93,99.51,144.24,96.64,136.72,12,84,27,80,1.12,0.0,1.58,1.63,4.14
TELA,65.3,72.59,82.07,116.2,88.15,74.53,12,67,18,9,1.45,0.25,1.72,1.92,0.58
FMC,65.29,70.21,81.28,86.51,85.57,86.52,12,16,16,16,33.64,0.02,38.31,41.24,1.14
BZFD,65.26,68.08,74.74,103.25,95.96,150.92,12,49,26,86,1.72,0.02,2.03,2.23,0.43
HPAI,65.25,69.23,70.14,83.31,124.78,113.63,12,13,73,63,3.71,0.0,4.05,5.21,2.6
ICHR,65.17,73.49,70.7,84.77,79.25,92.03,12,14,12,22,17.28,0.15,18.15,22.97,0.87
GCL,65.14,68.86,92.31,91.86,70.04,95.48,12,22,7,26,2.68,0.09,3.37,4.35,1.11
SMPL,65.13,68.03,74.84,84.88,116.89,102.85,12,14,63,45,24.71,0.0,28.99,33.97,0.83
VIST,65.13,68.8,71.59,99.78,103.65,128.49,12,42,36,76,36.17,0.1,40.33,47.53,0.99
RETO,65.1,65.1,125.83,193.17,580.9,399.32,12,92,98,97,1.17,0.16,1.91,2.27,0.43
WEST,65.08,69.87,76.58,94.03,99.56,92.97,11,31,30,23,4.67,0.0,6.02,6.38,0.85
SPHL,64.89,67.46,74.11,87.59,77.89,117.07,11,17,11,67,0.46,0.01,0.5,1.57,0.06
EVH,64.87,71.02,87.99,86.81,76.44,57.75,11,16,10,4,8.95,0.08,9.32,9.8,0.68
KAVL,64.86,72.69,139.43,124.85,73.8,114.54,11,74,9,64,0.46,0.0,0.66,0.72,0.06
SEED,64.84,64.84,66.71,66.71,77.43,88.47,11,6,11,18,1.12,0.12,1.07,1.52,0.25
CVU,64.84,67.44,71.85,102.26,118.78,179.09,11,47,66,90,2.54,0.05,2.87,3.5,0.99
CBZ,64.72,66.73,78.57,95.29,110.31,113.37,11,33,46,62,52.59,0.04,62.86,73.11,1.14
NAMI,64.67,68.08,84.25,56.64,127.91,100.28,11,4,76,33,1.06,0.04,1.05,2.39,0.05
CROX,64.6,65.19,76.45,89.74,109.67,86.88,11,19,45,16,81.73,0.1,88.3,99.93,2.11
AERT,64.6,85.51,94.99,124.37,141.62,68.22,11,74,83,7,0.68,0.1,0.79,0.76,0.08
HCKT,64.54,66.51,70.79,88.54,117.67,119.46,11,18,65,69,19.29,0.0,21.1,25.93,0.74
XRAY,64.51,67.0,74.51,85.86,80.05,76.3,11,15,12,10,12.5,0.02,13.98,15.61,1.1
AIN,64.48,66.87,77.23,87.96,85.93,93.28,11,17,16,24,53.56,0.0,62.09,69.55,0.99
SAFX,64.48,67.49,65.32,62.0,286.1,101.26,11,5,96,38,1.44,0.01,1.4,7.63,0.59
CDNA,64.4,66.11,61.24,94.41,121.1,155.95,11,31,69,87,14.93,0.16,13.13,18.15,1.0
CETY,64.4,66.48,61.13,48.88,64.12,86.29,11,3,6,16,0.28,0.1,0.25,0.39,0.56
ORGN,64.34,70.65,74.24,97.96,90.2,136.67,11,39,20,80,0.5,0.07,0.63,0.73,0.62
NISN,64.33,71.35,66.99,59.42,144.86,148.27,11,4,84,85,3.99,0.04,3.89,5.24,0.9
TC,64.25,69.11,83.78,84.11,77.35,70.15,11,14,10,7,13.45,0.09,13.43,15.67,0.45
IOVA,64.17,64.17,70.82,73.93,45.7,76.08,11,8,3,9,2.11,0.04,2.47,3.67,0.61
LPA,64.17,67.04,69.61,77.61,94.87,110.05,11,10,25,57,5.99,0.04,6.26,7.91,0.76
KZR,64.15,67.24,70.62,78.97,76.74,92.96,11,10,10,23,3.65,0.0,4.01,4.96,1.2
CMG,64.14,64.14,72.47,95.58,94.16,99.23,11,34,24,31,40.08,0.05,42.71,51.13,0.7
RCT,64.06,85.62,100.82,128.74,114.01,101.26,11,77,54,38,1.81,0.25,1.83,1.9,3.82
EXFY,64.05,64.8,68.31,100.65,149.75,198.92,11,44,86,92,1.95,0.11,1.95,2.76,0.46
LINE,64.01,64.97,70.63,71.76,102.68,94.89,11,7,34,25,38.25,0.02,41.43,49.51,0.95
CMCO,63.93,69.19,71.68,69.9,65.77,92.5,11,7,6,22,14.61,0.07,14.83,20.09,0.66
YHGJ,63.89,68.89,75.22,90.64,157.68,152.78,11,20,88,86,0.53,0.11,0.62,0.74,0.68
LPSN,63.87,68.59,108.8,118.94,110.15,142.85,11,70,45,83,0.65,0.03,0.93,0.97,0.4
FEAM,63.87,68.85,70.47,70.76,68.23,108.38,11,7,7,54,3.66,0.03,3.89,5.63,0.83
AEON,63.86,63.86,81.14,74.55,56.33,37.63,11,8,4,2,0.84,0.0,0.76,6.25,1.59
MRNA,63.81,68.66,66.15,80.32,57.2,56.17,11,11,4,4,24.49,0.02,27.06,30.76,0.98
FLO,63.81,65.18,72.78,81.12,98.56,88.14,11,12,29,18,12.76,0.0,14.91,16.96,1.18
NWTG,63.79,68.66,67.52,45.76,38.09,29.22,11,3,2,1,1.73,0.0,1.83,5.74,0.71
LNKS,63.72,71.53,91.29,90.8,98.87,99.73,11,21,30,32,0.46,0.0,0.54,1.05,0.25
LOMA,63.69,65.95,85.21,117.83,149.44,157.55,11,68,86,87,7.62,0.07,9.83,11.11,0.93
HBNB,63.66,65.13,91.39,92.82,114.01,101.26,11,26,54,38,2.99,0.12,2.51,4.47,0.55
UA,63.59,63.59,67.24,95.22,93.43,94.49,11,33,23,25,4.86,0.04,5.38,6.25,1.17
MODD,63.54,64.55,64.38,60.28,74.29,69.94,11,4,9,7,0.7,0.03,0.72,0.95,0.41
SKYQ,63.52,63.52,80.51,95.25,102.07,93.59,11,33,34,24,0.46,0.01,0.52,0.76,0.04
DEVS,63.5,65.67,69.43,142.1,166.44,92.57,11,83,90,23,2.41,0.05,2.9,4.07,0.01
ECOR,63.47,68.7,73.57,97.32,91.32,244.14,11,37,21,95,4.93,0.04,5.63,9.09,1.05
NOVT,63.39,72.01,73.83,87.95,81.42,83.71,11,17,13,14,101.03,0.0,117.23,130.74,1.4
EMPD,63.37,72.02,80.52,137.85,37.83,27.32,11,82,2,1,7.69,0.04,9.15,12.06,0.91
MCRP,63.34,67.98,83.19,98.4,114.01,101.26,11,40,54,38,1.51,0.05,1.86,2.5,0.85
STKS,63.34,68.66,74.83,137.22,128.18,84.9,11,81,76,15,2.46,0.04,2.82,3.22,1.38
WTO,63.25,66.74,73.8,49.45,47.62,44.36,11,3,3,2,1.06,0.05,1.08,1.81,0.21
PETS,63.24,63.35,73.72,92.03,96.56,112.86,11,22,26,62,2.65,0.01,3.07,3.87,1.67
BOLT,63.17,67.29,62.21,61.01,67.96,67.64,11,5,6,6,5.42,0.07,5.45,7.5,2.85
CRTO,63.16,63.71,67.91,65.96,93.65,117.79,11,6,23,68,22.25,0.02,23.27,31.0,0.67
VTEX,63.04,66.87,67.48,106.49,114.28,88.56,11,55,58,18,4.32,0.1,4.76,5.58,0.41
ATEX,63.03,64.5,69.04,70.9,113.58,114.04,11,7,50,63,21.63,0.03,22.03,28.91,0.82
TGE,63.02,66.04,91.39,92.82,114.01,101.26,11,26,54,38,2.15,0.0,3.78,5.32,0.22
BLRX,62.99,63.72,63.88,91.08,89.14,36.99,11,21,19,2,3.84,0.06,3.88,4.3,0.79
BARK,62.98,64.34,64.94,67.09,92.85,163.19,11,6,22,88,0.84,0.03,0.88,1.32,0.7
OS,62.98,66.04,67.68,98.48,105.44,90.83,11,40,38,20,19.71,0.11,21.18,24.62,1.22
HCAI,62.92,62.92,63.43,60.29,160.71,101.26,11,4,89,38,0.58,0.0,0.69,3.85,0.26
NVO,62.9,64.2,62.08,77.61,76.1,72.24,11,10,10,8,55.61,0.13,56.19,71.43,0.9
AEHL,62.85,74.86,92.14,69.97,34.75,29.79,10,7,2,1,3.0,0.03,3.4,4.15,0.04
GKOS,62.82,67.46,77.73,85.64,85.41,132.16,10,15,15,78,79.92,0.0,89.71,109.32,1.22
NSP,62.82,64.05,68.68,72.04,111.57,106.13,10,7,48,51,49.44,0.1,53.39,68.6,0.84
SYTA,62.8,77.69,82.65,150.68,121.06,38.83,10,85,69,2,2.24,0.07,3.09,3.54,0.56
STZ,62.8,63.39,75.15,78.41,94.88,80.84,10,10,25,12,132.49,0.01,157.28,176.54,0.98
CIGL,62.78,68.72,91.15,92.82,114.01,101.26,10,26,54,38,2.45,0.04,2.6,5.27,0.01
RARE,62.77,62.77,69.08,93.24,88.0,86.24,10,29,18,16,29.08,0.09,29.02,36.55,1.46
RIME,62.77,62.77,51.1,57.41,66.13,26.78,10,4,6,1,2.67,0.01,2.3,4.92,0.29
CASI,62.7,75.11,86.01,81.46,67.27,69.11,10,12,6,7,1.31,0.02,1.9,2.1,1.11
EPC,62.67,63.4,70.81,75.61,93.45,84.62,10,9,23,14,19.74,0.02,23.0,27.8,0.74
SEMR,62.59,63.79,62.91,74.52,80.34,124.06,10,8,12,73,7.41,0.03,8.0,10.65,0.48
ZDAI,62.57,67.77,54.72,91.1,89.51,62.63,10,21,19,5,0.67,0.0,0.55,0.74,0.11
CCOI,62.53,63.86,60.64,77.21,96.95,109.63,10,9,27,57,39.52,0.2,39.25,54.38,0.56
PLAY,62.51,63.77,93.79,124.37,123.32,67.36,10,74,71,6,19.25,0.12,25.21,24.66,0.62
FLGC,62.5,97.33,78.88,85.05,80.98,86.02,10,15,13,16,21.1,0.06,22.83,28.11,0.38
SPSC,62.49,62.94,65.92,78.81,86.04,93.02,10,10,16,23,106.32,0.03,114.84,142.5,0.54
POWI,62.42,66.82,73.53,94.98,91.46,90.92,10,32,21,20,40.02,0.01,46.38,53.58,1.04
FC,62.4,62.4,62.42,66.81,75.89,89.2,10,6,10,19,20.19,0.07,19.46,25.87,4.23
ENSC,62.4,63.38,60.57,71.7,69.61,159.51,10,7,7,88,2.24,0.06,2.13,3.72,0.24
AFCG,62.37,65.67,70.76,65.73,75.95,102.48,10,6,10,44,4.15,0.09,4.43,5.8,0.4
TZOO,62.34,64.68,64.52,105.92,127.06,194.83,10,54,75,92,10.01,0.05,10.18,14.39,0.63
AVTR,62.34,63.9,73.86,72.84,74.41,87.21,10,8,9,17,11.84,0.04,12.77,15.66,0.56
PRGS,62.29,62.29,69.89,107.04,110.27,103.12,10,55,46,45,42.02,0.04,44.98,55.71,1.42
CLRO,62.26,70.5,65.84,114.15,98.21,165.04,10,64,29,89,5.06,0.08,4.85,7.56,0.09
RYET,62.22,62.67,60.7,224.89,114.01,101.26,10,94,54,38,1.47,0.01,1.58,5.53,0.3
LYRA,62.21,62.21,94.91,128.37,234.87,67.4,10,77,95,6,6.47,0.1,6.99,8.42,0.35
FIP,62.18,65.24,68.89,114.44,95.51,116.56,10,65,25,66,4.38,0.18,5.22,5.68,0.59
DOW,62.13,62.92,66.01,75.8,76.25,81.01,10,9,10,12,22.96,0.08,23.89,30.42,0.8
CYBN,62.13,69.81,78.32,103.54,97.74,84.99,10,49,28,15,5.86,0.12,6.96,7.83,1.06
TLX,61.99,64.1,71.85,95.75,110.91,105.98,10,34,47,51,9.98,0.08,11.46,15.54,1.18
UPC,61.99,66.63,65.56,52.09,45.27,8.3,10,3,3,1,4.44,0.01,3.79,8.29,0.26
MSW,61.98,64.4,59.03,109.19,129.62,99.54,10,58,77,32,2.78,0.21,2.21,4.33,0.14
NOTV,61.95,61.95,64.27,101.38,131.62,195.41,10,45,78,92,1.38,0.01,1.75,2.7,0.48
KLXE,61.93,61.93,65.74,59.41,68.71,102.98,10,4,7,45,2.03,0.09,1.86,3.04,1.41
SDM,61.92,122.03,129.54,198.15,114.01,101.26,10,92,54,38,1.85,0.0,13.78,10.99,12.95
COTY,61.91,61.91,66.15,74.49,68.06,72.64,10,8,7,8,4.01,0.05,4.5,5.42,0.5
BAX,61.9,63.88,68.78,87.49,103.55,103.13,10,17,36,45,21.98,0.02,24.36,29.15,1.31
AUTL,61.82,61.82,71.19,125.42,96.19,55.74,10,74,26,4,1.56,0.11,1.86,1.93,0.89
SOBR,61.8,62.52,55.82,56.6,28.87,28.73,10,4,2,1,3.44,0.01,3.56,6.33,0.12
RCKT,61.79,61.79,67.27,67.27,52.95,56.26,10,6,4,4,3.26,0.06,3.19,6.49,0.46
FI,61.75,63.4,68.17,83.88,128.02,128.25,10,14,76,76,129.56,0.01,137.54,182.87,0.6
AKA,61.63,64.41,67.92,93.98,98.66,135.75,10,30,29,80,10.1,0.15,10.87,13.15,3.13
GAUZ,61.63,64.52,64.52,87.97,103.45,114.9,10,17,35,64,6.15,0.14,6.03,8.49,0.6
SPRY,61.61,62.64,96.41,151.95,147.85,135.4,10,86,85,80,9.8,0.04,13.8,13.51,1.06
BRAG,61.6,61.6,61.57,103.67,98.36,120.52,10,50,29,70,2.92,0.09,3.31,4.04,2.08
RDZN,61.58,72.21,86.94,123.05,96.86,123.15,10,73,27,72,0.88,0.1,1.06,1.2,0.9
MWYN,61.52,70.05,82.62,72.82,114.01,101.26,10,8,54,38,1.13,0.04,1.06,3.14,0.02
OLB,61.5,69.13,72.0,115.02,124.49,59.74,10,65,73,5,1.27,0.12,1.36,1.49,0.17
UAA,61.48,61.48,64.79,95.74,94.16,101.27,10,34,24,42,4.97,0.03,5.58,6.69,1.05
MGPI,61.47,64.74,71.78,73.0,69.84,54.09,10,8,7,4,24.68,0.0,28.59,31.46,0.99
RNAC,61.39,67.69,80.87,86.16,77.79,99.62,10,15,11,32,9.26,0.03,11.01,13.74,1.44
SLVM,61.37,61.75,65.12,70.17,94.02,113.42,10,7,24,62,43.06,0.05,45.16,59.74,0.53
NTCL,61.36,61.36,68.57,58.84,230.08,139.73,10,4,95,82,1.57,0.01,1.79,6.41,0.23
LVLU,61.32,61.32,50.76,43.39,64.37,64.14,10,2,6,6,4.81,0.07,4.17,7.95,0.05
CBIO,61.24,63.27,64.97,71.01,95.84,104.85,10,7,26,49,12.43,0.04,13.1,20.67,0.38
AGAE,61.2,65.64,86.49,283.39,336.87,134.76,10,96,97,79,0.95,0.09,1.35,1.41,0.07
PUBM,61.08,62.97,63.5,103.91,86.24,95.12,10,50,16,26,8.39,0.07,9.63,11.66,0.59
ORKT,61.08,65.21,76.07,86.75,82.4,80.64,10,16,13,12,0.58,0.02,0.69,1.04,0.72
UEIC,61.06,61.06,57.11,87.84,79.47,104.98,9,17,12,49,5.04,0.09,5.23,7.13,1.82
COOT,61.06,61.06,64.92,68.3,121.36,131.16,9,6,69,78,0.64,0.14,0.54,0.91,1.06
RPD,60.98,64.49,64.52,71.9,72.11,83.92,9,7,8,14,19.39,0.06,20.6,27.34,0.95
RCEL,60.94,70.26,78.41,62.99,112.51,115.65,9,5,49,65,5.2,0.1,5.15,7.69,0.16
MAGN,60.94,61.57,71.84,75.11,92.78,96.22,9,8,22,27,11.03,0.04,12.27,15.45,1.01
BHAT,60.93,60.93,48.34,41.74,41.35,23.34,9,2,2,1,1.94,0.01,1.74,3.72,1.35
BHVN,60.92,60.92,61.81,58.16,70.43,86.37,9,4,7,16,15.0,0.05,14.63,23.68,1.42
MDBH,60.86,60.86,67.28,71.4,89.59,89.84,9,7,19,19,3.67,0.08,3.73,5.03,0.99
RICK,60.83,62.05,75.18,86.37,91.4,112.56,9,16,21,61,30.03,0.13,35.04,43.24,1.0
APRE,60.82,60.82,63.29,78.45,62.56,107.11,9,10,5,53,1.46,0.01,1.63,2.24,0.8
AI,60.76,63.99,62.14,105.22,103.76,129.71,9,52,36,77,17.14,0.06,19.68,25.16,0.57
LEE,60.67,61.43,63.24,60.26,90.23,143.35,9,4,20,83,5.66,0.12,4.84,8.58,0.32
ZJYL,60.6,63.91,77.86,77.86,74.47,72.29,9,10,9,8,0.57,0.01,0.64,0.75,0.79
OABI,60.57,63.23,69.94,79.87,61.89,80.74,9,11,5,12,1.61,0.11,1.8,2.37,0.74
WEAV,60.53,66.04,66.4,71.04,94.08,135.12,9,7,24,80,7.12,0.03,7.64,10.96,0.68
VRCA,60.53,60.53,71.2,104.74,71.94,44.9,9,52,8,2,4.18,0.01,5.66,6.09,0.2
UOKA,60.52,80.87,74.04,72.67,54.67,52.61,9,7,4,3,2.65,0.04,2.78,3.54,0.2
AIFU,60.5,79.38,101.94,157.44,47.6,49.48,9,87,3,3,5.26,0.08,6.21,7.3,0.98
SLP,60.5,60.5,59.79,57.01,107.4,93.49,9,4,41,24,14.89,0.1,14.07,24.65,0.54
WEN,60.48,60.48,69.99,70.25,90.73,92.38,9,7,20,22,9.21,0.01,10.02,12.51,0.68
RNAZ,60.43,65.66,69.66,57.11,20.6,71.25,9,4,1,8,10.17,0.01,10.79,56.41,0.25
TIL,60.39,64.03,131.2,167.63,220.49,157.08,9,89,94,87,16.93,0.09,25.78,22.37,0.81
FGL,60.38,113.11,96.59,93.35,106.42,92.57,9,29,40,23,0.6,0.0,1.16,1.32,35.64
PLTK,60.27,62.63,61.41,74.24,79.94,91.18,9,8,12,21,3.6,0.06,3.81,4.98,1.41
ADVB,60.26,64.5,72.46,70.33,114.01,101.26,9,7,54,38,0.45,0.02,0.47,1.35,0.1
GAMB,60.1,60.7,66.11,99.39,127.86,161.32,9,42,75,88,8.17,0.03,9.22,12.21,0.57
SCAG,59.98,89.67,91.39,92.82,114.01,101.26,9,26,54,38,2.65,0.0,3.85,4.46,0.03
PCLA,59.94,60.18,66.38,262.91,128.4,101.26,9,96,76,38,0.46,0.01,0.49,1.69,0.56
UNCY,59.94,61.03,76.07,113.07,155.19,136.39,9,63,87,80,4.02,0.08,4.25,5.69,0.64
BIRD,59.94,66.73,80.49,162.63,153.11,64.91,9,88,87,6,5.74,0.18,7.61,7.28,1.2
GIFT,59.93,60.21,58.97,73.45,124.26,111.4,9,8,72,59,1.06,0.1,1.05,1.39,0.11
SCWO,59.92,59.92,71.48,61.51,94.58,51.16,9,5,24,3,0.31,0.07,0.29,0.38,0.29
MCTR,59.86,59.86,61.43,73.51,291.63,101.26,9,8,97,38,1.71,0.01,1.94,4.74,0.49
CUPR,59.79,61.05,63.39,130.58,114.01,101.26,9,78,54,38,1.0,0.04,3.93,4.78,0.07
CAVA,59.72,63.0,64.36,85.01,102.0,156.07,9,15,34,87,62.61,0.0,73.58,92.27,0.72
CENN,59.65,59.65,52.13,67.27,85.91,83.03,9,6,16,13,0.58,0.1,0.55,0.83,0.5
GTEC,59.64,67.09,69.53,123.65,129.93,112.95,9,73,77,62,1.36,0.1,1.47,1.8,0.29
RHI,59.58,61.31,64.15,67.15,80.4,92.49,9,6,12,22,34.02,0.02,36.27,48.62,1.05
MYPS,59.42,63.52,60.43,81.33,91.62,92.95,9,12,21,23,0.97,0.04,1.04,1.41,0.59
NVCR,59.37,60.54,62.01,93.81,105.36,185.53,9,30,38,91,12.89,0.09,12.4,18.83,0.66
LFWD,59.36,69.69,34.9,38.64,77.88,75.37,9,2,11,9,0.74,0.08,0.66,1.26,1.43
HAE,59.35,62.46,69.73,99.41,95.97,91.0,9,42,26,21,48.17,0.01,59.08,66.63,0.85
BGL,59.33,88.91,91.39,92.82,114.01,101.26,9,26,54,38,9.9,0.02,11.43,20.21,0.38
BAK,59.31,73.56,75.16,77.28,77.88,72.28,9,9,11,8,2.61,0.0,3.19,3.71,8.93
MREO,59.3,59.3,57.85,95.26,85.92,103.44,9,33,16,46,1.94,0.14,1.73,2.45,1.42
WPRT,59.24,63.21,68.48,96.77,93.45,92.53,9,36,23,22,2.35,0.04,3.04,3.4,0.62
SJ,59.24,68.04,72.57,92.74,125.46,109.5,9,23,74,56,0.58,0.06,0.76,0.88,4.31
VCEL,59.22,60.72,69.36,83.16,95.42,130.05,9,13,25,77,30.23,0.01,35.15,44.75,1.19
OBIO,59.17,59.17,69.36,74.14,90.46,91.87,9,8,20,22,2.42,0.02,2.72,3.65,0.65
LIMN,59.14,59.14,78.21,92.82,114.01,101.26,9,26,54,38,1.45,0.01,3.79,7.09,0.46
HUSA,59.14,59.14,110.48,124.57,162.41,150.75,9,74,89,86,6.96,0.14,8.81,10.1,3.25
CARM,59.06,59.06,116.93,113.3,153.45,60.34,9,63,87,5,0.29,0.13,0.31,0.36,0.07
SKK,58.95,60.91,62.26,86.49,104.75,109.49,9,16,37,56,0.41,0.0,0.47,0.72,0.14
TECX,58.78,63.01,99.64,99.0,336.33,361.61,9,41,97,97,15.2,0.01,20.58,26.28,1.66
TWST,58.74,60.36,70.46,81.06,99.1,123.09,9,12,30,72,26.91,0.09,28.72,37.48,0.76
VERX,58.7,59.31,59.17,84.91,107.13,154.95,9,14,41,87,24.97,0.03,27.54,38.81,0.84
BWIN,58.66,63.3,72.21,94.26,130.2,122.11,9,31,77,72,28.62,0.0,33.47,38.86,0.68
CBUS,58.64,58.64,56.02,60.63,95.94,49.18,8,5,26,3,1.3,0.01,1.42,2.05,0.63
WSC,58.61,64.83,70.44,90.61,80.7,91.51,8,20,12,21,20.56,0.0,25.03,29.13,1.16
BTMD,58.5,61.31,71.09,86.12,82.37,102.88,8,15,13,45,2.99,0.04,3.47,4.19,0.74
USBC,58.43,58.43,97.76,251.05,116.49,48.27,8,95,63,3,1.16,0.06,1.58,2.55,1.29
ODYS,58.34,69.91,62.78,100.44,102.53,186.64,8,44,34,91,4.41,0.12,4.14,5.87,0.86
KLC,58.31,58.71,58.52,78.82,96.09,97.86,8,10,26,29,6.94,0.01,8.15,13.24,0.76
RNTX,58.21,59.83,58.75,64.42,85.94,79.21,8,5,16,11,1.18,0.03,1.22,1.75,1.07
HUN,58.2,63.4,70.96,67.8,78.11,83.64,8,6,11,14,8.98,0.01,10.19,13.05,1.63
MRSN,58.2,58.2,48.66,57.83,43.39,60.45,8,4,2,5,7.57,0.03,7.34,13.45,0.44
NCL,58.16,86.12,86.12,79.94,575.71,112.19,8,11,98,61,0.12,0.0,0.16,0.28,1.47
PCVX,58.14,58.14,55.69,67.68,85.15,101.45,8,6,15,42,33.98,0.07,32.62,51.35,1.28
WALD,58.01,62.38,62.38,76.9,91.22,87.27,8,9,21,17,2.02,0.21,1.87,2.68,0.31
EDHL,57.99,58.15,59.87,92.82,114.01,101.26,8,26,54,38,0.73,0.06,0.63,2.75,0.06
NNOX,57.88,61.06,63.85,82.13,85.48,127.0,8,12,16,75,3.72,0.0,4.31,5.63,1.09
CXAI,57.83,61.07,60.21,81.1,73.16,114.13,8,12,8,63,0.74,0.06,0.84,1.17,0.71
LUCY,57.7,59.37,50.44,63.93,81.67,87.93,8,5,13,18,2.03,0.04,2.0,3.23,0.99
EEIQ,57.67,65.09,75.88,148.22,93.0,109.96,8,85,22,57,0.42,0.01,0.57,0.72,0.03
ALGN,57.63,58.24,65.2,93.88,86.86,86.6,8,30,17,16,126.19,0.01,148.27,180.24,0.52
HUBC,57.63,62.07,71.34,97.39,87.83,153.38,8,37,18,86,1.9,0.01,2.71,4.08,1.06
VBIX,57.6,62.23,54.92,604.9,1158.25,1114.28,8,98,99,99,2.88,0.06,3.62,4.76,0.63
CDIO,57.59,63.66,54.32,50.42,125.93,215.14,8,3,74,93,4.07,0.02,3.91,10.67,0.3
NX,57.52,58.77,93.4,94.96,78.51,75.37,8,32,11,9,13.8,0.02,18.52,19.6,1.08
SEGG,57.49,72.63,86.73,175.49,240.9,362.86,8,90,95,97,4.81,0.12,7.64,9.04,0.78
NIXX,57.45,64.93,80.0,96.04,107.32,308.46,8,35,41,96,1.47,0.01,1.7,2.36,1.13
BRKR,57.3,62.95,67.08,78.82,73.53,83.84,8,10,9,14,31.04,0.04,34.13,43.19,0.74
CBLL,57.28,59.76,61.51,100.14,102.72,93.74,8,43,34,24,11.37,0.01,12.74,18.36,0.69
EVTV,57.27,66.67,123.91,65.21,39.02,64.42,8,6,2,6,1.89,0.02,2.12,3.93,0.41
ENPH,57.24,68.27,66.09,63.8,70.86,70.65,8,5,8,7,36.5,0.08,36.21,50.6,0.59
CRDF,57.23,57.23,68.56,142.35,142.81,181.14,8,83,84,91,2.06,0.03,2.5,3.32,0.32
PDSB,57.23,57.45,69.82,77.72,91.85,53.92,8,10,21,4,1.02,0.03,1.16,1.36,0.93
JHX,57.21,61.34,65.68,92.17,82.78,91.75,8,23,14,21,18.77,0.02,23.28,27.02,1.1
FDS,57.1,58.26,76.83,92.59,103.41,98.76,8,23,35,30,289.69,0.03,370.16,428.53,0.97
QTRX,57.04,61.69,61.43,71.18,66.55,72.78,8,7,6,8,5.19,0.08,5.12,6.76,0.48
ANIK,56.93,56.93,57.11,59.78,74.85,80.02,8,4,9,12,9.02,0.05,9.17,13.2,0.53
GERN,56.88,56.88,65.87,65.24,59.95,96.05,8,6,5,27,1.29,0.05,1.33,1.88,0.61
ADIL,56.83,72.1,71.47,62.82,80.94,86.08,8,5,13,16,0.34,0.11,0.4,0.64,0.31
XELB,56.71,56.71,46.89,41.86,74.89,68.6,8,2,9,7,1.76,0.11,1.38,2.72,0.08
CODI,56.6,57.7,60.43,57.56,86.57,96.65,8,4,16,27,6.72,0.04,7.02,13.49,0.7
DSP,56.47,62.1,66.69,102.84,117.41,229.19,8,48,64,94,8.49,0.0,11.0,14.92,3.13
SITC,56.41,56.41,71.04,71.33,70.85,56.22,8,7,8,4,8.92,0.03,10.5,12.53,0.7
CAPR,56.39,67.86,67.86,116.58,180.74,236.67,8,67,92,94,7.09,0.07,6.94,10.83,1.53
CHPT,56.36,57.86,60.83,73.71,78.79,64.32,8,8,11,6,10.84,0.09,10.98,14.6,0.47
HUMA,56.3,56.3,52.36,99.77,66.06,121.07,8,42,6,71,1.73,0.12,1.87,2.69,0.45
LVRO,56.29,57.45,53.07,55.77,81.08,90.89,8,3,13,20,1.79,0.14,1.81,3.05,0.25
BCDA,56.28,58.06,87.09,97.52,112.34,101.32,8,38,49,42,1.42,0.15,1.91,2.2,0.33
LULU,56.26,57.64,59.35,74.88,102.22,117.14,8,8,34,67,176.3,0.06,192.61,288.76,0.72
THS,56.16,57.28,58.4,64.34,78.13,85.91,8,5,11,15,16.3,0.01,18.55,25.06,0.89
JEM,56.11,56.57,91.39,92.82,114.01,101.26,8,26,54,38,0.43,0.02,2.9,3.61,0.09
PCSA,56.05,56.05,45.27,51.12,50.39,48.0,8,3,3,3,0.21,0.03,0.21,0.41,0.41
KFRC,56.04,57.84,61.07,82.22,88.61,85.89,8,12,18,15,29.83,0.02,33.47,43.37,1.27
RDHL,55.96,55.96,51.56,57.9,39.38,55.96,8,4,2,4,1.84,0.08,1.49,3.08,0.24
ASBP,55.91,72.87,88.31,94.9,26.04,111.45,8,32,1,59,0.36,0.01,0.45,3.16,0.06
SHOT,55.88,57.68,98.56,179.71,76.33,49.97,8,90,10,3,0.28,0.04,0.56,0.5,4.73
IMG,55.79,58.82,53.6,51.12,97.95,103.63,8,3,28,47,0.25,0.02,0.26,0.48,0.12
OKUR,55.66,55.66,60.53,67.69,40.78,48.42,8,6,2,3,2.51,0.04,2.47,4.03,0.29
TSE,55.55,60.08,65.54,84.25,125.15,154.8,8,14,73,87,2.48,0.09,2.52,3.61,0.71
COOK,55.53,55.53,66.81,94.31,81.17,90.26,8,31,13,20,1.26,0.0,1.45,1.84,0.65
HELE,55.5,55.5,58.69,56.59,76.08,81.35,8,4,10,12,25.44,0.1,23.52,39.55,1.14
IBIO,55.47,57.37,57.08,56.32,243.81,309.86,7,4,95,96,0.81,0.04,0.76,1.94,0.16
QNRX,55.37,57.39,64.49,82.4,62.48,90.58,7,12,5,20,7.28,0.08,7.53,10.52,0.41
CGEM,55.36,57.98,73.25,73.2,71.61,77.86,7,8,8,10,5.96,0.0,7.29,8.61,1.05
CRIS,55.34,55.34,52.97,78.1,69.65,54.98,7,10,7,4,1.69,0.12,1.71,2.35,1.2
MOH,55.32,55.32,54.84,88.47,123.0,101.71,7,18,71,42,191.98,0.2,172.12,268.61,0.62
BNAI,55.23,63.45,70.13,70.13,87.01,50.77,7,7,17,3,0.3,0.06,0.32,0.42,1.86
SHPH,55.21,59.77,58.35,36.22,35.64,45.35,7,2,2,2,4.01,0.02,3.66,9.33,1.19
BAFN,55.15,55.15,57.62,100.75,147.76,155.02,7,44,85,87,8.9,0.18,10.37,14.13,0.49
INAB,55.15,55.15,47.54,34.41,55.94,68.07,7,2,4,7,2.29,0.03,2.2,4.99,3.37
OEC,54.95,57.91,71.36,73.73,74.16,74.16,7,8,9,9,7.97,0.02,9.99,12.18,0.96
PAR,54.84,58.24,73.83,113.6,118.01,143.5,7,64,65,83,39.88,0.0,52.58,62.83,0.68
INM,54.8,62.26,66.06,95.03,96.29,87.07,7,33,26,17,2.19,0.06,2.31,3.0,0.73
NRIX,54.75,54.75,60.9,83.93,71.32,117.54,7,14,8,67,8.93,0.03,9.94,13.21,1.72
LNZA,54.74,54.74,50.88,137.13,48.71,87.5,7,81,3,17,23.52,0.04,28.66,53.32,1.38
SERA,54.66,91.07,110.23,95.84,53.34,116.9,7,34,4,66,3.09,0.22,2.88,3.84,0.53
PMN,54.65,58.26,71.68,112.15,63.26,69.29,7,62,5,7,0.41,0.02,0.59,0.67,0.07
KMX,54.61,70.1,76.3,83.41,108.2,105.63,7,13,42,50,44.86,0.0,58.61,70.32,2.87
COLD,54.6,56.68,67.51,69.83,95.37,91.55,7,7,25,21,12.14,0.0,14.62,18.25,1.21
CNEY,54.57,61.48,51.75,51.75,58.85,50.27,7,3,4,3,2.46,0.02,2.32,4.1,0.11
NAAS,54.57,61.16,44.67,29.38,24.95,46.87,7,2,1,3,3.9,0.03,3.06,11.91,0.12
SOWG,54.53,58.67,58.67,99.73,36.81,57.63,7,42,2,4,0.79,0.02,0.83,1.43,0.02
TANH,54.49,63.28,68.49,60.24,48.53,59.66,7,4,3,4,1.75,0.02,1.98,3.12,0.29
KRNT,54.45,58.25,61.55,96.58,108.42,149.27,7,36,43,85,13.7,0.0,16.38,21.88,1.05
CE,54.36,60.44,68.2,89.92,73.06,60.71,7,20,8,5,40.78,0.03,47.76,55.15,1.05
ITRM,54.33,57.84,53.87,82.77,107.81,140.72,7,13,42,82,0.72,0.04,0.74,1.17,0.54
HPK,54.31,55.69,59.93,81.22,88.97,94.95,7,12,19,25,7.26,0.07,7.9,10.7,0.8
HRTX,54.17,56.71,78.66,97.99,122.5,142.68,7,39,71,83,1.21,0.1,1.47,1.84,2.23
SNGX,54.13,104.04,119.83,188.39,67.66,71.71,7,92,6,8,1.2,0.02,2.59,2.29,0.51
AMOD,54.1,58.44,58.44,76.29,42.08,33.5,7,9,2,2,1.08,0.02,1.15,1.8,0.04
SYNX,54.01,55.81,66.69,69.81,114.7,142.94,7,7,59,83,1.49,0.01,1.68,2.55,0.39
IRDM,54.0,56.52,84.11,112.18,107.2,107.81,7,62,41,54,17.65,0.01,23.19,26.61,1.2
HBIO,54.0,54.0,86.88,76.13,45.09,63.43,7,9,3,5,0.44,0.06,0.48,0.83,0.29
GLMD,53.95,53.95,66.1,95.73,63.51,71.82,7,34,5,8,1.4,0.03,1.52,1.94,0.19
VERU,53.85,53.85,54.26,95.21,105.02,149.03,7,33,37,85,3.73,0.06,3.96,5.49,1.22
NIPG,53.83,66.25,86.81,87.08,84.06,90.85,7,16,15,20,1.72,0.1,1.92,2.76,0.34
CRMT,53.8,56.77,88.79,115.08,106.96,90.67,7,66,41,20,30.27,0.0,42.43,47.91,0.86
STAK,53.73,53.73,85.36,108.36,114.01,101.26,7,57,54,38,0.69,0.0,1.3,2.06,0.33
TTD,53.59,53.59,58.6,105.56,85.16,123.2,7,53,15,72,47.14,0.03,60.94,76.96,0.55
FUN,53.58,54.45,59.99,73.29,87.56,107.76,7,8,18,54,21.9,0.03,25.79,35.23,0.95
IT,53.52,53.52,51.54,82.12,89.78,102.26,7,12,19,44,264.09,0.12,270.52,408.0,0.83
WPP,53.47,53.47,58.84,79.7,85.94,99.74,7,11,16,32,24.04,0.01,26.42,36.73,0.96
MKDW,53.45,53.45,48.07,52.92,46.65,46.21,7,3,3,3,0.22,0.04,0.21,0.37,0.13
SDA,53.37,55.39,59.31,48.26,50.67,103.31,7,3,3,46,2.44,0.03,2.43,4.34,0.23
BMA,53.12,56.38,72.61,92.54,148.84,238.99,7,23,86,94,45.34,0.08,60.24,80.07,1.13
TRDA,53.12,53.12,49.31,56.64,65.82,110.84,7,4,6,58,5.8,0.05,5.61,9.5,1.0
NXXT,53.02,61.77,58.74,75.99,103.66,105.48,7,9,36,50,1.77,0.2,1.63,2.71,2.57
PAVM,52.97,53.65,63.73,72.98,96.05,96.05,7,8,26,27,0.43,0.03,0.48,0.62,0.47
GMGI,52.89,54.18,58.87,76.89,101.93,96.38,7,9,33,27,1.17,0.12,1.28,1.76,0.68
ICG,52.88,74.08,74.08,101.4,55.34,122.69,7,45,4,72,1.65,0.06,2.22,2.97,0.74
XRX,52.88,57.24,56.5,91.81,70.75,76.65,7,22,8,10,3.75,0.02,4.24,5.74,0.78
INHD,52.81,138.53,382.65,184.62,174.19,91.93,7,91,91,22,1.45,0.04,2.91,3.74,0.5
IBTA,52.66,52.66,51.4,65.94,98.3,97.22,7,6,29,28,27.15,0.07,30.23,47.25,0.49
DCGO,52.64,54.69,65.92,69.38,78.63,142.74,7,6,11,83,1.37,0.02,1.52,2.6,0.77
ZEO,52.58,54.55,94.36,134.71,164.84,125.01,7,80,89,74,1.38,0.16,1.9,2.14,0.92
SRTS,52.53,53.38,56.8,93.37,97.0,167.69,7,29,27,89,3.1,0.0,3.82,5.04,0.42
KXIN,52.45,54.87,72.4,59.0,51.99,32.52,7,4,3,2,0.71,0.0,0.77,1.06,0.18
KTTA,52.29,54.78,59.34,45.8,49.44,51.07,7,3,3,3,0.73,0.01,0.74,1.32,0.53
CNC,52.18,52.18,51.29,80.92,106.18,90.38,6,11,39,20,34.86,0.19,29.11,50.36,0.8
REE,52.18,66.56,51.13,40.35,63.68,167.86,6,2,6,89,0.77,0.02,0.72,3.68,2.3
SPT,52.0,52.0,55.77,72.13,80.56,95.73,6,7,12,26,14.04,0.03,15.56,23.02,0.81
ZYBT,51.83,110.28,144.0,117.95,189.59,101.26,6,69,93,38,1.84,0.0,7.35,6.61,6.51
CAPS,51.78,52.9,59.28,62.28,89.06,97.37,6,5,19,28,1.25,0.08,1.34,2.07,0.02
FBLG,51.7,51.7,51.36,50.07,54.9,61.52,6,3,4,5,0.57,0.02,0.59,1.07,1.52
SKBL,51.65,51.65,47.86,98.98,114.01,101.26,6,41,54,38,3.7,0.25,1.33,7.45,0.32
WNW,51.56,54.6,80.28,70.28,35.14,307.77,6,7,2,96,1.84,0.01,1.88,7.07,0.37
HAIN,51.44,54.45,63.05,58.06,62.07,70.51,6,4,5,7,1.54,0.01,1.73,3.16,0.84
GIPR,51.42,63.61,65.26,73.04,78.26,72.11,6,8,11,8,0.96,0.12,1.08,1.49,0.27
SLE,51.38,94.73,41.34,37.97,54.35,65.51,6,2,4,6,4.9,0.05,4.02,11.8,0.23
NYXH,51.35,51.91,69.88,96.39,98.62,131.3,6,36,29,78,4.51,0.0,6.32,7.87,1.14
CTXR,51.31,62.0,95.76,88.69,49.15,30.22,6,18,3,2,1.15,0.04,1.3,1.68,0.63
PMTS,51.27,52.63,59.42,82.05,120.88,133.78,6,12,69,79,15.44,0.1,16.63,24.41,1.11
FPAY,51.18,51.35,54.62,94.84,114.66,145.43,6,32,59,84,0.7,0.12,0.81,1.26,0.11
MERC,51.07,54.14,63.0,71.05,90.54,109.62,6,7,20,57,2.73,0.02,3.21,4.73,0.38
NCEW,51.04,65.13,68.59,72.13,118.77,101.26,6,7,66,38,0.61,0.05,0.68,1.31,0.2
DRMA,51.02,51.02,56.16,61.21,79.62,79.4,6,5,12,11,5.19,0.05,5.93,8.93,2.5
GENK,51.01,52.68,61.72,70.27,68.98,82.5,6,7,7,13,2.93,0.0,3.46,4.84,0.9
JZ,50.92,51.99,44.1,28.19,97.75,93.34,6,1,28,24,1.8,0.03,1.66,5.54,0.05
BRBR,50.87,51.27,59.21,80.0,128.99,123.33,6,11,76,73,36.8,0.03,42.53,62.95,0.54
BJDX,50.86,55.75,51.08,54.34,106.16,57.79,6,3,39,4,1.49,0.03,1.48,2.59,0.02
CDTG,50.85,55.81,88.74,58.23,138.15,103.6,6,4,82,46,0.76,0.05,0.72,1.42,0.02
LZMH,50.68,51.83,61.58,134.04,279.66,101.26,6,80,96,38,3.33,0.03,4.06,9.37,0.91
GGAL,50.65,55.25,73.9,105.67,168.74,247.65,6,53,90,95,29.58,0.07,41.99,54.39,1.15
GDYN,50.62,51.26,51.2,77.7,115.27,162.4,6,10,60,88,7.99,0.03,8.37,14.5,1.04
BDMD,50.62,56.16,60.39,106.01,238.24,183.59,6,54,95,91,2.26,0.12,2.34,4.39,3.0
HCAT,50.6,52.25,67.67,69.34,71.26,90.95,6,6,8,20,2.8,0.02,3.32,4.47,0.7
INTJ,50.54,57.14,84.63,201.15,116.46,105.07,6,93,63,49,0.5,0.01,0.79,0.79,0.53
ULY,50.52,70.99,70.99,128.3,168.83,79.76,6,77,90,11,3.37,0.0,4.64,5.8,0.18
AZI,50.49,50.49,45.58,45.05,142.02,90.78,6,2,83,20,0.21,0.01,0.23,0.58,2.25
FLD,50.47,62.36,62.36,76.97,66.88,96.09,6,9,6,27,3.68,0.11,3.83,6.14,0.57
GMHS,50.44,54.63,75.57,77.17,55.8,130.11,6,9,4,77,1.44,0.02,1.48,3.04,0.03
DMRC,50.42,53.58,54.72,62.69,62.04,148.83,6,5,5,85,9.83,0.05,10.25,18.86,0.54
CSTE,50.25,50.63,50.63,53.56,71.47,92.68,6,3,8,23,1.47,0.03,1.59,2.7,1.19
PTLO,50.25,50.81,53.31,101.63,119.79,123.93,6,46,68,73,6.32,0.03,7.76,10.86,0.59
MLAB,50.24,57.57,57.57,81.17,108.44,124.74,6,12,43,74,64.51,0.07,68.03,107.4,0.64
ACVA,50.17,52.6,61.95,88.82,96.28,115.91,6,18,26,65,9.76,0.0,12.12,16.06,0.82
ANNA,50.01,50.5,46.82,89.41,184.64,106.03,6,19,92,51,4.3,0.02,4.47,7.67,0.08
PRCT,50.01,51.81,54.3,85.89,92.72,141.62,6,15,22,82,36.66,0.0,43.12,59.1,0.43
XCUR,49.92,57.3,100.08,225.51,434.37,574.62,6,94,98,98,3.81,0.05,5.91,9.76,0.15
LVO,49.91,51.2,60.23,90.54,82.69,130.3,6,20,13,77,4.82,0.04,5.84,8.12,3.83
EDN,49.89,57.47,69.26,105.79,164.68,221.85,6,53,89,94,16.6,0.04,23.3,31.5,1.04
SBEV,49.66,53.66,57.65,121.37,84.93,77.49,6,72,15,10,2.4,0.11,1.9,4.37,0.34
LNTH,49.6,51.88,60.71,80.47,129.22,132.22,6,11,77,78,50.61,0.01,58.71,82.09,0.75
GNPX,49.59,61.52,63.56,65.11,55.26,115.32,6,6,4,65,0.18,0.01,0.22,0.39,0.3
GP,49.53,57.01,59.88,62.07,58.65,63.31,6,5,4,5,3.13,0.06,3.55,5.18,0.03
TROX,49.43,60.96,62.48,69.26,59.44,67.46,6,6,5,6,4.04,0.09,4.35,6.3,0.81
OTLK,49.41,49.41,109.84,120.13,83.12,55.28,6,71,14,4,0.97,0.02,1.69,1.69,0.23
ARBK,49.34,50.8,50.19,79.14,65.33,44.46,6,11,6,2,0.26,0.06,0.3,0.41,0.3
BBAR,49.29,56.36,73.57,114.57,196.16,290.23,6,65,93,96,8.84,0.04,13.2,17.73,1.08
IBO,49.17,81.81,96.16,95.33,131.82,168.97,6,33,78,89,0.66,0.06,0.63,1.03,0.49
ALUR,49.06,57.51,57.51,74.83,57.07,41.44,6,8,4,2,2.09,0.01,2.44,3.6,0.37
GOCO,48.99,52.9,59.66,63.48,120.8,165.64,6,5,69,89,4.53,0.01,5.35,9.7,0.67
IVDA,48.91,65.76,65.76,87.37,99.92,247.49,6,17,31,95,1.2,0.0,1.71,2.49,1.04
EOLS,48.88,49.02,59.42,77.93,101.99,105.25,6,10,34,49,5.99,0.02,7.49,10.44,0.84
FRPT,48.75,48.75,52.32,64.84,70.8,127.53,6,5,8,76,49.68,0.0,60.25,91.88,1.03
MNTS,48.73,51.41,51.56,54.89,43.86,119.47,6,3,2,69,1.26,0.01,1.26,2.8,0.03
MASK,48.6,48.6,48.66,82.46,125.16,101.26,6,13,73,38,0.62,0.01,0.86,2.44,1.17
PN,48.59,48.74,69.04,111.09,114.01,101.26,5,60,54,38,0.65,0.0,1.73,2.5,0.39
ABP,48.48,54.13,54.45,60.41,24.83,36.82,5,4,1,2,0.22,0.0,0.24,0.57,0.2
EHGO,48.41,48.41,48.33,62.31,92.09,137.76,5,5,21,81,0.64,0.0,0.71,1.28,0.29
VRAX,48.35,49.61,48.26,76.08,91.48,216.39,5,9,21,93,0.61,0.02,0.74,1.22,0.22
MXCT,48.34,51.22,49.52,63.4,70.7,108.85,5,5,8,55,1.53,0.07,1.63,2.81,0.79
SRPT,48.3,48.3,40.88,32.47,55.78,95.81,5,2,4,26,18.36,0.05,17.56,60.17,0.3
JXG,48.3,57.87,49.44,105.14,229.54,236.37,5,52,95,94,0.81,0.0,1.0,1.87,0.3
NAKA,48.3,61.08,333.9,872.11,1338.31,211.65,5,99,99,93,1.15,0.01,7.12,6.22,2.03
LMFA,48.21,54.71,62.93,235.12,103.21,68.55,5,95,35,7,1.13,0.02,1.85,1.84,0.14
PTLE,48.17,50.45,56.68,45.14,92.42,92.57,5,2,22,23,0.19,0.0,0.19,2.01,0.43
FNKO,48.16,52.14,47.49,63.82,72.4,153.07,5,5,8,86,3.72,0.1,3.51,7.03,0.62
CNF,48.13,48.13,72.11,77.33,72.71,91.74,5,10,8,21,4.1,0.08,5.17,7.62,2.68
VELO,48.07,48.71,56.45,163.92,156.18,101.45,5,88,88,42,3.01,0.04,4.78,8.27,0.17
MLSS,48.02,51.44,62.75,78.71,135.39,164.08,5,10,80,88,0.46,0.03,0.57,0.87,0.17
ASTL,48.02,51.01,66.97,100.09,88.95,101.03,5,43,19,34,3.95,0.0,4.98,6.38,1.03
HSDT,47.69,54.61,55.0,3.46,51.5,98.94,5,1,3,31,13.6,0.01,9.08,221.13,0.43
ALIT,47.65,48.74,57.8,89.19,83.65,83.51,5,19,14,14,3.25,0.03,4.1,5.48,1.44
WFF,47.6,58.78,61.71,94.83,114.01,101.26,5,32,54,38,0.86,0.01,0.98,2.87,0.21
CLIK,47.54,49.03,60.05,97.22,181.38,149.59,5,37,92,85,0.3,0.03,0.34,0.89,0.06
CLRB,47.54,53.55,42.18,48.69,71.3,71.49,5,3,8,8,5.52,0.02,4.96,7.93,0.65
TELO,47.54,48.52,47.39,59.22,80.77,95.79,5,4,12,26,1.39,0.05,1.59,2.89,0.12
RANI,47.47,51.7,51.7,54.17,68.81,72.51,5,3,7,8,0.48,0.03,0.51,0.98,0.3
BNRG,47.39,63.82,60.48,64.37,145.29,232.07,5,5,85,94,1.93,0.02,2.04,4.59,7.01
ACON,47.37,53.68,53.68,40.6,17.42,98.55,5,2,1,30,7.62,0.0,7.43,192.62,0.95
SBLX,47.16,59.41,65.88,78.93,75.56,70.18,5,10,10,7,4.92,0.03,6.25,8.13,0.18
NOTE,47.14,48.37,51.33,82.2,72.73,152.44,5,12,8,86,4.55,0.03,6.11,9.87,0.48
SABR,47.1,53.41,55.84,110.12,107.17,128.68,5,59,41,76,1.76,0.02,2.17,2.9,0.36
WKHS,47.09,55.8,64.74,151.73,26.35,60.4,5,86,1,5,1.08,0.01,1.5,3.49,0.54
STSS,47.05,57.35,155.47,94.65,5.58,43.69,5,32,1,2,6.72,0.0,7.54,119.03,0.13
MRKR,47.04,47.04,54.13,90.71,81.46,84.47,5,20,13,14,0.95,0.02,1.15,1.64,0.32
FEBO,46.95,49.45,50.78,56.82,66.12,44.73,5,4,6,2,0.72,0.01,0.8,1.16,0.12
TOVX,46.89,46.89,49.1,49.51,73.11,61.2,5,3,8,5,0.4,0.02,0.43,0.91,0.17
LBGJ,46.88,72.9,80.1,94.48,98.25,92.57,5,31,29,23,0.65,0.0,1.27,1.73,4.05
KBSX,46.64,46.64,58.42,51.85,61.4,98.28,5,3,5,30,1.51,0.01,1.66,3.89,0.45
HCWB,46.46,47.9,53.96,43.68,53.96,87.73,5,2,4,17,4.09,0.02,4.39,9.29,0.01
TGL,46.39,48.85,47.3,42.36,23.36,30.37,5,2,1,2,1.17,0.01,1.12,4.24,0.29
CREG,46.29,50.37,39.48,34.08,101.43,89.35,5,2,33,19,1.99,0.1,1.64,4.96,0.37
AUID,46.21,47.05,70.8,81.46,125.18,101.13,5,12,73,34,3.17,0.11,3.7,5.27,13.88
XAIR,46.17,46.17,55.04,57.13,66.28,71.21,5,4,6,8,2.46,0.04,2.6,4.87,0.04
SOND,46.14,66.66,70.57,108.13,93.12,121.39,5,57,23,71,1.39,0.0,1.95,2.41,1.08
MAAS,46.04,61.02,62.12,58.95,58.32,29.56,5,4,4,1,3.42,0.01,3.74,8.05,0.85
GCTK,45.64,49.96,68.44,35.75,19.95,19.02,5,2,1,1,6.71,0.0,6.02,50.9,0.07
BTOC,45.63,59.22,65.61,86.08,86.7,91.95,5,15,17,22,0.96,0.0,1.41,2.08,1.51
CMMB,45.59,45.59,53.91,87.58,112.03,240.94,5,17,48,94,2.64,0.02,3.5,5.35,2.92
AREB,45.55,45.55,25.25,34.32,33.86,100.96,5,2,2,34,1.32,0.0,1.08,12.56,6.23
SCNX,45.51,47.98,54.67,116.62,45.62,94.03,5,67,3,24,0.85,0.01,1.39,2.27,0.24
DHAI,45.4,48.35,60.2,77.47,45.35,147.2,5,10,3,84,0.19,0.02,0.24,0.47,0.07
QRHC,45.36,45.36,46.89,51.21,47.66,73.53,5,3,3,9,1.62,0.01,1.81,3.23,1.19
LGVN,45.36,46.03,50.56,91.14,91.52,98.55,5,21,21,30,0.8,0.07,1.03,1.41,0.4
IQST,45.31,45.31,53.84,76.36,89.87,176.53,5,9,19,90,6.09,0.01,7.36,11.92,0.63
SNTI,45.2,45.8,48.88,67.81,169.36,158.69,5,6,90,88,1.39,0.01,1.57,3.04,0.54
TTGT,45.18,53.59,55.63,62.06,63.63,64.44,5,5,5,6,5.68,0.01,6.52,11.0,0.95
VSEE,45.06,50.74,54.34,88.92,69.76,76.99,5,18,7,10,0.63,0.02,0.93,1.22,1.0
XTIA,44.73,47.4,60.07,76.58,79.25,29.92,5,9,12,2,1.45,0.01,1.86,3.45,0.89
SQNS,44.72,44.72,42.07,240.62,122.04,170.58,5,95,70,89,9.1,0.03,12.18,21.14,0.21
CNSP,44.53,44.53,42.2,39.81,27.28,60.11,5,2,1,5,8.9,0.04,7.37,26.32,0.18
JDZG,44.51,56.59,57.54,62.18,105.67,118.97,5,5,38,69,1.81,0.01,2.11,3.96,0.32
ACDC,44.51,45.7,53.55,127.18,137.32,113.59,5,76,81,63,3.77,0.04,5.03,6.66,0.8
ATER,44.3,46.43,48.16,65.45,98.5,99.07,4,6,29,31,1.02,0.03,1.1,1.75,1.35
PMAX,44.24,47.84,65.63,76.94,91.18,79.88,4,9,21,11,0.28,0.0,0.34,0.62,0.23
SIDU,44.19,48.31,70.67,96.18,78.63,149.25,4,35,11,85,1.01,0.01,1.25,1.87,0.66
GLXG,44.1,71.74,90.53,72.1,92.73,99.22,4,7,22,31,3.77,0.0,5.47,7.06,0.47
TNDM,44.09,46.06,47.39,62.65,78.28,106.25,4,5,11,51,12.0,0.05,12.97,21.92,0.57
RVPH,43.95,43.95,42.29,52.91,87.75,148.69,4,3,18,85,0.3,0.01,0.44,1.0,1.54
ORIS,43.63,46.25,29.38,65.95,94.63,93.25,4,6,24,24,0.27,0.0,0.16,0.89,0.4
INSP,43.47,44.3,53.86,74.63,90.46,106.53,4,8,20,51,77.24,0.0,95.24,145.93,0.44
SUPV,43.2,49.39,67.78,103.83,204.75,317.15,4,50,94,96,5.4,0.03,8.48,12.56,1.2
AMBR,43.18,54.31,70.8,292.56,385.48,419.12,4,96,98,98,3.44,0.04,5.32,8.49,0.89
BGMS,42.97,42.97,64.25,34.2,120.04,50.75,4,2,68,3,5.15,0.01,8.41,26.11,0.04
XHG,42.93,46.47,45.43,31.39,60.53,46.46,4,2,5,3,1.52,0.0,1.29,8.68,0.01
TEAD,42.92,44.0,43.43,62.49,77.83,151.03,4,5,11,86,1.69,0.02,2.02,3.86,0.46
DOGZ,42.7,42.7,39.0,99.69,198.49,446.87,4,42,93,98,14.25,0.14,11.28,23.45,0.39
ICON,42.64,49.27,53.5,72.13,47.3,96.57,4,7,3,27,2.03,0.0,2.31,15.23,0.45
GOVX,42.6,44.5,44.51,55.99,68.05,94.54,4,4,6,25,0.65,0.06,0.72,1.25,0.3
BRLS,42.56,43.63,58.95,59.45,111.05,99.3,4,4,47,31,2.31,0.07,2.84,4.85,0.73
UCAR,42.56,44.03,50.51,97.86,97.11,113.42,4,39,27,62,1.97,0.01,2.23,3.51,10.49
SCNI,42.46,49.15,51.21,74.28,92.3,97.46,4,8,22,29,1.32,0.0,1.63,2.62,0.03
SXTP,42.29,42.9,44.36,64.97,95.87,67.43,4,6,26,6,1.36,0.01,1.36,2.76,0.22
MNDR,42.26,42.89,46.32,52.67,68.11,176.38,4,3,7,90,4.04,0.02,4.7,8.71,21.52
CANF,42.23,42.23,42.02,56.08,82.13,96.86,4,4,13,28,0.63,0.01,0.7,1.19,0.33
OMI,41.95,49.68,54.65,75.25,70.8,84.42,4,9,8,14,4.77,0.01,5.91,8.5,0.85
WBUY,41.57,41.57,39.66,176.27,133.39,80.54,4,90,79,12,3.48,0.06,3.78,7.4,0.26
HOLO,41.43,47.94,50.58,33.29,32.01,41.9,4,2,2,2,4.95,0.0,4.84,29.3,0.47
ASNS,41.42,41.65,46.14,58.26,82.69,122.3,4,4,13,72,0.39,0.02,0.48,0.81,0.09
FRSX,41.38,49.0,51.41,58.36,80.14,205.19,4,4,12,93,2.16,0.01,2.52,4.83,0.68
IMNN,41.32,41.32,40.4,77.42,243.9,116.14,4,10,96,66,5.18,0.01,6.27,10.79,0.17
ALZN,41.28,41.28,42.84,36.57,59.75,55.22,4,2,5,4,2.41,0.02,2.48,5.96,1.02
ANGH,41.28,43.07,47.17,76.8,79.65,84.85,4,9,12,15,2.95,0.01,3.52,5.68,0.04
HTOO,41.11,48.94,36.09,48.53,66.86,91.57,4,3,6,21,4.62,0.03,4.66,10.46,0.13
GLOB,40.99,41.24,44.42,57.19,67.25,100.69,4,4,6,33,58.01,0.01,70.65,127.49,0.94
COCH,40.94,69.24,71.46,92.5,86.62,71.19,4,23,17,8,0.78,0.0,1.33,1.46,0.5
JAGX,40.9,40.9,32.21,24.41,42.21,56.79,4,1,2,4,2.15,0.02,2.03,9.75,0.52
NFE,40.63,63.69,51.22,50.1,75.92,99.41,4,3,10,31,2.11,0.05,2.63,6.99,0.99
ADAP,40.6,41.98,35.95,69.53,56.38,63.05,4,6,4,5,0.15,0.11,0.11,0.33,0.89
LAZR,40.59,47.32,45.85,54.46,68.57,82.05,4,3,7,13,2.02,0.03,2.36,4.24,0.7
EUDA,40.59,42.27,52.12,89.71,142.53,176.05,4,19,84,90,1.7,0.13,2.24,3.48,0.96
GNLN,40.52,40.52,27.66,34.32,11.78,43.71,4,2,1,2,3.46,0.0,3.56,339.73,0.37
NITO,40.32,62.1,75.64,98.62,109.83,543.78,4,40,45,98,3.8,0.0,7.72,14.32,3.33
CURV,40.12,42.52,40.82,57.99,120.73,131.83,4,4,69,78,1.77,0.02,2.19,4.51,0.42
DAVA,39.96,42.22,63.32,62.92,69.21,97.15,4,5,7,28,8.89,0.0,12.11,19.88,0.81
EDBL,39.82,48.89,49.56,67.87,76.68,66.04,4,6,10,6,1.85,0.01,2.09,3.37,0.23
CISS,39.7,39.7,49.39,54.2,52.29,36.88,4,3,4,2,2.15,0.01,2.91,4.71,0.06
MKZR,39.67,41.48,49.09,44.43,89.17,106.1,4,2,19,51,5.2,0.02,5.68,14.36,0.1
AIHS,39.61,39.61,43.32,31.95,140.62,122.36,4,2,83,72,2.32,0.02,2.47,6.82,0.02
RXST,39.53,39.53,38.44,42.53,62.86,68.69,4,2,5,7,9.03,0.05,8.49,19.2,0.68
BDRX,39.44,39.44,40.13,33.46,30.73,46.82,4,2,2,3,6.35,0.01,6.81,20.07,0.3
IMA,39.19,41.73,74.59,92.62,87.04,92.25,4,23,17,22,7.71,0.0,12.78,15.44,0.1
WORX,39.08,40.56,40.06,43.98,65.28,118.64,4,2,6,68,0.29,0.01,0.33,0.79,0.08
CHR,38.96,41.91,61.44,104.41,69.2,94.9,4,51,7,25,0.77,0.04,1.21,1.68,0.21
TAOP,38.95,43.31,43.31,45.08,81.79,64.3,4,2,13,6,3.03,0.0,3.53,6.79,0.27
RELI,38.85,55.86,60.57,130.66,153.96,76.74,4,78,87,10,0.88,0.08,1.0,1.43,0.25
JBIO,38.78,38.78,46.58,46.52,109.81,103.27,4,3,45,46,8.48,0.02,7.71,45.6,0.57
GTI,38.3,49.06,43.37,58.31,38.96,26.82,4,4,2,1,3.72,0.0,5.08,12.8,2.2
JFBR,38.24,48.6,61.81,84.16,351.65,741.5,4,14,97,98,3.86,0.01,5.43,18.69,1.08
CGTL,38.14,40.35,63.16,79.36,115.26,94.9,4,11,60,25,0.57,0.01,0.76,2.93,0.05
BBLG,37.78,37.78,43.88,65.99,85.53,69.02,3,6,16,7,2.4,0.03,2.39,4.46,0.38
BIAF,37.74,41.86,71.49,63.13,80.91,48.59,3,5,13,3,5.29,0.03,7.86,13.9,45.32
ZYXI,37.37,41.19,41.55,62.18,56.88,79.9,3,5,4,12,1.45,0.02,1.72,3.89,0.2
LUNG,37.23,38.38,36.1,57.3,108.82,116.69,3,4,43,66,1.74,0.03,1.95,4.51,0.19
MOVE,37.22,39.25,84.59,52.29,38.37,101.81,3,3,2,43,0.55,0.0,0.69,2.24,0.14
PHH,37.06,37.15,39.47,338.16,199.87,101.26,3,97,93,38,0.5,0.0,0.6,8.89,0.74
IVP,36.95,40.72,35.49,45.74,48.73,32.65,3,3,3,2,0.99,0.02,0.87,1.94,0.15
YCBD,36.94,41.29,43.0,49.84,68.33,97.32,3,3,7,28,0.62,0.01,0.78,1.95,0.98
PBM,36.91,57.52,62.37,129.58,45.76,18.27,3,77,3,1,3.11,0.01,4.25,7.2,0.04
PEW,36.91,42.03,49.61,146.02,154.84,102.15,3,84,87,43,5.0,0.0,6.12,10.7,0.39
AGL,36.7,40.01,45.46,63.2,202.69,146.86,3,5,94,84,1.09,0.05,1.34,2.67,0.27
FTEL,36.04,52.9,63.04,60.67,36.76,240.36,3,5,2,94,5.86,0.0,8.53,49.41,0.99
RAY,35.66,35.66,137.61,191.45,215.74,111.64,3,92,94,60,0.52,0.0,1.78,1.61,0.07
REPL,35.57,36.13,52.56,123.05,106.47,148.48,3,73,40,85,4.13,0.11,5.45,9.41,0.2
AMIX,35.43,47.04,52.27,54.46,42.56,35.34,3,3,2,2,1.05,0.0,1.2,1.98,0.14
SG,35.34,39.56,42.74,62.39,85.19,145.54,3,5,15,84,8.15,0.0,10.31,19.57,0.69
TWG,35.18,35.18,30.69,54.67,65.1,63.3,3,3,6,5,6.7,0.0,6.56,13.45,0.49
PROP,35.03,37.42,42.73,62.17,69.34,94.89,3,5,7,25,1.86,0.0,2.71,4.92,0.45
LESL,34.91,37.23,33.42,49.36,46.84,58.36,3,3,3,4,0.31,0.01,0.36,0.96,0.46
GLE,34.87,54.59,60.74,142.12,148.23,108.4,3,83,86,54,0.73,0.02,1.18,1.66,0.05
VTAK,34.76,35.97,43.51,50.68,121.79,71.21,3,3,70,8,2.35,0.01,3.03,5.54,0.05
LRHC,34.75,37.33,44.14,42.7,36.88,76.98,3,2,2,10,6.87,0.03,6.49,18.32,0.04
FRGT,34.74,36.42,34.46,34.5,94.81,53.84,3,2,25,4,1.24,0.01,1.44,3.77,0.1
ERNA,34.6,34.6,31.74,39.81,46.67,48.83,3,2,3,3,1.14,0.0,1.52,3.21,0.23
CYN,34.24,76.27,71.21,126.49,108.87,13.28,3,75,43,1,5.68,0.0,6.38,38.33,0.26
APDN,33.99,33.99,24.35,16.5,11.57,47.12,3,1,1,3,4.14,0.0,3.7,48.33,24.12
ONCO,33.94,35.08,34.1,36.94,23.43,17.25,3,2,1,1,3.39,0.0,3.12,16.26,1.88
BURU,33.83,42.64,63.21,114.04,108.79,79.86,3,64,43,11,0.12,0.0,0.2,0.27,1.77
SVRE,33.58,40.63,38.14,66.05,236.92,248.67,3,6,95,95,1.58,0.04,1.97,4.57,0.11
ZSPC,33.36,42.52,57.49,58.5,115.5,107.69,3,4,61,53,1.0,0.0,2.18,7.78,2.1
INMB,33.27,33.27,29.97,94.74,133.64,148.7,3,32,79,85,2.01,0.03,2.3,5.75,0.27
DGLY,33.24,34.98,29.83,27.43,8.46,36.0,3,1,1,2,2.04,0.0,1.9,223.78,0.18
ELAB,33.07,35.14,39.43,41.7,23.31,23.79,3,2,1,1,5.4,0.0,6.41,20.48,0.04
INTS,32.76,36.94,40.56,41.28,78.59,76.18,3,2,11,10,0.24,0.0,0.28,1.18,0.24
AIXI,32.69,47.66,47.89,60.03,74.23,86.94,3,4,9,17,1.33,0.01,1.65,3.39,1.09
AEMD,32.61,32.9,53.48,57.55,89.22,138.72,3,4,19,81,0.75,0.02,1.15,2.91,0.05
ELUT,32.43,38.73,84.82,85.0,83.89,113.18,3,15,14,62,0.99,0.0,1.81,2.44,1.81
SRXH,32.34,33.93,42.96,47.68,110.74,74.47,3,3,47,9,0.33,0.03,0.39,0.97,0.01
VIVK,31.97,46.15,70.33,92.6,96.81,92.67,3,23,27,23,0.35,0.0,0.75,0.86,2.33
EZGO,31.9,42.52,63.37,82.14,60.95,45.01,3,12,5,2,0.16,0.03,0.28,0.41,0.76
ACXP,31.79,31.79,38.05,72.68,107.93,42.95,3,7,42,2,4.05,0.0,5.28,9.79,0.19
SEAT,31.49,31.49,32.54,49.08,70.86,94.49,3,3,8,25,16.48,0.02,20.77,50.67,0.89
BNGO,31.38,32.97,80.98,63.46,49.48,45.47,3,5,3,2,1.66,0.0,3.19,5.23,0.73
SUNE,31.08,32.77,37.89,36.57,8.63,18.37,3,2,1,1,1.4,0.0,1.51,119.53,0.28
TRNR,31.07,35.41,27.42,35.32,42.97,32.86,3,2,2,2,3.38,0.0,4.19,11.96,0.13
STFS,30.62,30.62,27.69,139.08,104.3,240.06,3,82,37,94,0.23,0.01,1.0,2.17,1.76
DRCT,30.37,46.45,52.15,56.61,67.56,69.47,3,4,6,7,0.33,0.0,0.45,0.79,1.79
KITT,30.25,33.89,80.13,75.74,74.04,156.03,3,9,9,87,3.17,0.0,6.6,10.23,1.11
FEMY,29.79,29.79,36.23,77.04,125.59,147.63,3,9,74,84,0.36,0.01,0.6,1.03,0.6
AUUD,29.31,35.62,37.58,83.28,63.24,54.1,3,13,5,4,2.11,0.02,2.87,5.04,0.04
JSPR,29.25,29.87,37.11,77.81,59.64,143.91,3,10,5,83,2.47,0.01,2.79,6.2,2.52
ELPW,29.15,29.15,27.76,127.54,316.51,33.18,3,76,97,2,0.34,0.0,1.7,1.7,0.36
JYD,28.86,38.96,37.68,92.17,772.41,606.95,3,23,98,98,0.14,0.01,0.18,1.52,0.71
DFSC,28.74,33.18,38.98,744.97,96.44,53.81,3,99,26,4,3.48,0.06,3.93,7.54,0.34
SOS,28.07,32.19,26.56,113.87,89.08,50.94,3,64,19,3,1.95,0.06,2.77,5.23,9.43
REVB,28.04,29.53,49.38,21.5,42.34,41.1,3,1,2,2,1.43,0.0,2.41,8.39,0.45
AZTR,28.04,30.87,39.77,55.36,75.15,48.6,3,3,10,3,0.7,0.0,1.01,1.85,0.05
CERO,27.95,30.29,36.05,33.57,46.46,30.34,3,2,3,2,5.39,0.0,7.09,28.43,1.8
CLDI,27.91,27.91,22.13,121.59,55.26,78.06,2,72,4,10,1.57,0.0,3.9,7.78,0.22
SONM,27.84,36.71,43.85,50.57,79.23,80.05,2,3,12,12,0.63,0.03,0.63,1.69,0.41
STAI,27.79,31.28,29.53,44.05,59.23,79.85,2,2,5,11,0.42,0.0,0.52,1.75,0.17
FGNX,27.64,31.99,61.63,173.64,81.06,92.23,2,90,13,22,5.89,0.0,16.45,18.31,1.16
MLGO,27.46,29.16,26.41,14.02,473.8,371.1,2,1,98,97,10.43,0.0,10.02,96.29,0.33
AGRI,27.25,37.84,15.46,35.59,56.79,38.08,2,2,4,2,3.52,0.02,3.47,12.13,0.22
RVYL,26.9,26.9,41.81,68.61,81.88,77.45,2,6,13,10,0.3,0.02,0.3,0.82,0.42
CLSD,26.87,26.87,39.29,80.16,93.39,93.39,2,11,23,24,4.04,0.02,5.62,11.45,0.26
TNMG,26.71,27.19,31.94,60.94,30.84,80.38,2,5,2,12,0.29,0.0,0.4,1.79,2.82
VEEA,26.36,26.36,26.18,64.12,69.24,65.11,2,5,7,6,0.72,0.03,0.92,1.95,2.19
TIRX,26.35,30.13,40.03,74.14,106.62,83.76,2,8,40,14,2.13,0.0,3.69,6.46,10.21
RENB,26.34,29.72,49.67,58.49,62.28,148.83,2,4,5,85,0.13,0.0,0.23,0.54,1.79
NEON,26.11,32.24,281.09,474.27,387.83,317.96,2,98,98,96,3.6,0.0,17.19,12.78,0.4
NAOV,26.02,35.22,50.63,24.53,123.63,93.65,2,1,72,24,6.38,0.02,7.11,30.74,0.06
LGHL,25.98,30.62,39.96,66.38,45.83,59.32,2,6,3,4,1.29,0.0,2.06,4.35,0.09
ADTX,25.51,30.03,31.26,25.92,12.2,13.41,2,1,1,1,0.85,0.0,1.05,12.85,1.19
GTBP,25.49,29.27,39.61,158.53,158.53,105.67,2,87,88,50,0.77,0.01,1.32,2.19,7.09
MYO,25.32,27.32,26.56,48.66,122.57,167.28,2,3,71,89,0.93,0.02,1.33,3.79,1.3
YHC,25.31,28.51,29.92,80.03,24.22,265.56,2,11,1,95,0.81,0.0,1.07,18.74,1.73
BNZI,25.09,27.08,21.59,31.45,54.57,44.86,2,2,4,2,2.77,0.01,3.13,9.5,1.17
BIOX,25.04,29.53,47.7,74.9,79.73,67.14,2,8,12,6,1.5,0.0,2.8,4.53,1.1
ENVB,24.52,24.52,58.79,58.79,42.3,80.23,2,4,2,12,0.61,0.0,1.06,13.69,0.64
NVNO,24.45,24.82,22.61,153.89,122.48,82.14,2,86,71,13,0.97,0.06,2.69,3.16,0.35
SISI,23.92,27.48,21.66,14.78,37.92,36.25,2,1,2,2,6.2,0.0,6.68,41.65,0.01
ATYR,23.69,28.5,161.99,213.25,210.92,213.61,2,93,94,93,0.84,0.0,4.47,4.02,1.46
SLXN,23.24,23.24,63.56,109.48,159.32,379.87,2,59,88,97,3.68,0.01,7.6,15.95,0.13
FLYE,23.23,29.12,28.26,250.91,179.73,101.48,2,95,91,42,0.78,0.02,2.91,2.81,0.08
MRNO,23.12,26.99,61.15,106.14,125.7,144.02,2,54,74,83,2.54,0.02,5.54,9.14,0.24
SDOT,22.28,31.54,49.69,63.12,78.65,101.34,2,5,11,42,5.25,0.0,9.28,20.31,1.39
AMBI,22.24,88.74,99.54,97.23,117.16,107.7,2,37,64,53,1.26,0.0,4.53,4.72,16.14
AMZE,21.83,26.46,27.2,79.74,96.65,126.24,2,11,27,75,2.82,0.04,3.53,9.85,1.75
HIND,21.41,23.42,31.61,25.12,25.56,60.26,2,1,1,5,5.17,0.0,9.2,120.36,0.11
GWAV,21.17,21.17,26.21,98.47,53.57,81.44,2,40,4,12,7.0,0.01,14.98,29.95,1.18
TRUG,20.93,22.73,22.97,33.27,56.91,62.86,2,2,4,5,2.67,0.0,4.37,14.31,0.43
OSRH,20.71,29.59,39.34,40.1,51.18,97.8,2,2,3,29,0.58,0.01,0.71,3.56,1.74
SLRX,19.94,21.06,37.67,75.02,86.19,156.35,2,8,16,87,3.81,0.0,6.93,15.15,0.39
CETX,19.68,33.73,66.15,49.3,50.73,22.17,2,3,3,1,0.39,0.0,1.05,1.66,1.43
YAAS,19.26,37.13,45.21,130.06,143.54,101.26,2,78,84,38,0.07,0.0,0.28,1.94,3.25
CIIT,19.11,22.72,29.03,57.46,181.91,241.45,2,4,92,95,0.59,0.01,0.87,2.53,1.21
APVO,18.99,21.02,18.5,14.44,29.97,41.61,2,1,2,2,1.5,0.0,2.08,33.68,0.38
SGBX,18.85,21.94,26.94,102.83,165.31,75.49,2,48,90,9,7.88,0.0,17.77,33.36,0.29
AIM,18.83,19.55,20.65,128.58,52.25,65.13,2,77,3,6,2.68,0.01,3.46,10.25,0.52
YYGH,18.7,21.16,180.1,282.67,189.33,136.2,2,96,93,80,0.37,0.01,1.73,1.72,0.26
ECDA,18.56,19.06,26.63,35.67,73.77,84.1,2,2,9,14,3.94,0.01,5.81,19.79,0.63
INDP,18.49,18.49,38.06,53.17,50.79,62.19,2,3,3,5,3.49,0.02,6.29,14.88,33.9
OGEN,18.2,20.42,17.96,36.38,48.37,55.54,2,2,3,4,1.27,0.02,1.22,5.44,0.51
PPBT,17.76,17.76,71.87,73.29,66.07,64.99,2,8,6,6,0.6,0.0,1.68,2.61,0.29
GPUS,17.67,18.75,18.75,34.24,138.02,46.21,2,2,82,3,0.46,0.01,0.59,2.87,12.87
LGCL,17.41,19.96,73.99,173.64,154.37,65.56,2,90,87,6,0.16,0.02,0.49,0.57,0.55
VYNE,17.24,20.69,20.56,85.01,84.33,186.85,2,15,15,91,0.33,0.01,0.49,1.57,0.53
STKH,16.87,17.42,21.29,39.88,45.13,55.15,2,2,3,4,4.34,0.0,6.31,32.13,0.09
GDHG,16.79,16.79,15.65,8.86,145.53,127.79,2,1,85,76,7.63,0.0,7.58,291.93,0.05
HCTI,16.75,16.75,65.75,67.22,53.26,210.29,2,6,4,93,2.49,0.0,4.15,73.39,0.15
NIVF,16.49,17.11,15.37,16.32,162.21,274.35,2,1,89,96,1.84,0.0,2.05,21.47,0.08
NUWE,16.39,16.39,20.75,28.22,61.34,68.3,2,1,5,7,3.48,0.0,6.44,30.78,0.23
GORV,16.37,17.54,22.43,51.22,36.36,61.64,2,3,2,5,2.18,0.0,3.89,12.12,0.12
QCLS,16.34,17.37,24.56,29.97,28.87,65.36,2,2,2,6,4.64,0.01,7.72,39.82,0.57
GSIW,15.85,17.14,15.75,234.96,195.87,44.31,2,95,93,2,0.15,0.03,0.16,0.58,0.08
EJH,15.07,16.64,17.93,15.22,109.82,86.33,1,1,45,16,1.04,0.0,1.34,21.15,0.33
IVF,14.15,14.15,12.57,29.03,31.45,108.86,1,2,2,55,0.84,0.0,1.41,8.85,0.06
BIVI,14.1,14.1,11.95,69.62,63.67,98.34,1,6,6,30,1.86,0.01,3.17,11.0,0.47
MLEC,14.09,14.31,15.42,93.68,119.57,92.17,1,30,67,22,1.14,0.0,2.12,6.08,0.19
NVVE,13.85,15.41,23.46,53.95,66.05,56.41,1,3,6,4,0.23,0.0,0.47,1.5,0.46
VMAR,13.26,13.92,12.59,73.4,60.89,26.34,1,8,5,1,1.38,0.0,3.06,7.79,0.46
PTHL,12.06,13.16,36.47,647.02,389.05,105.86,1,98,98,50,0.79,0.01,4.31,5.98,0.03
MSPR,11.21,11.73,26.51,58.66,79.18,68.29,1,4,12,7,1.39,0.0,3.84,10.36,1.13
NXTT,10.92,11.43,54.37,495.24,473.88,126.41,1,98,98,75,22.52,0.0,209.53,273.21,0.44
CHSN,10.64,11.09,11.09,25.73,106.67,262.1,1,1,40,95,2.51,0.0,4.59,87.22,0.84
CDT,9.9,12.89,17.68,20.06,13.97,50.38,1,1,1,3,0.69,0.0,1.41,24.79,0.09
NCNA,9.08,9.44,17.14,25.66,69.34,42.1,1,1,7,2,4.01,0.0,5.47,102.99,0.22
OST,8.67,8.67,2.17,22.88,384.42,86.1,1,1,98,16,1.7,0.0,1.98,53.68,0.0
WHLR,8.6,8.6,22.81,18.53,9.21,9.81,1,1,1,1,6.62,0.0,12.15,515.16,0.38
XXII,7.99,9.85,9.06,10.87,17.63,17.2,1,1,1,1,1.56,0.0,2.22,42.84,1.34
GVH,7.94,7.94,3.05,23.8,233.38,86.45,1,1,95,16,4.56,0.0,5.26,115.48,0.04
CJET,7.89,13.77,88.04,118.4,89.87,56.18,1,69,19,4,0.18,0.03,1.35,1.71,3.23
WOK,7.35,77.17,75.17,101.02,83.12,91.21,1,45,14,21,0.08,0.0,0.75,1.46,7.9
VCIG,4.96,6.04,12.66,16.55,15.85,25.97,1,1,1,1,7.59,0.0,22.61,305.1,0.5
ZNB,4.54,4.68,5.57,57.8,51.77,16.82,1,4,3,1,1.65,0.0,8.13,25.18,0.05
QH,4.3,4.98,7.38,144.19,195.82,224.98,1,84,93,94,5.95,0.01,23.5,96.19,0.63
RAYA,3.47,5.25,4.63,280.59,220.22,167.49,1,96,94,89,0.05,0.0,0.13,1.18,0.42
OP,3.4,3.46,5.54,162.45,217.53,60.57,1,88,94,5,1.28,0.0,3.56,21.21,0.18
WAI,3.37,4.13,4.97,50.56,53.86,91.78,1,3,4,21,4.67,0.01,6.18,96.85,19.2
SMX,2.48,2.6,5.14,25.78,25.86,18.68,1,1,1,1,1.47,0.0,4.81,74.05,0.5
GIBO,2.16,2.16,0.63,2.44,142.58,105.78,1,1,84,50,2.51,0.0,5.92,1263.94,0.12
SPRB,0.88,1.03,1.27,72.63,71.91,68.66,1,7,8,7,7.75,0.0,162.44,1079.58,0.11
BINI,0.78,1.32,1.41,0.04,0.12,14.18,1,1,1,1,3.28,0.0,6.22,26663282.33,0.12
