Ticker,RS,1wk:end max,1mo:1wk max,3mo:1mo max,6mo:3mo max,9mo:6mo max,Rating (RS),Rating (3M:1M),Rating (6M:3M),Rating (9M:6M),Price,52W pos,MA50,MA200,Volume / VMA50
LICN,2963237.49,13928605.23,15403331025.01,6.280211298001094e+23,6.640161682372993e+30,20996190137.84,99,99,99,99,4.75,0.71,4.5,3.16,1.04
BMNR,37384.67,37384.67,27458.86,9580.32,105.48,100.11,99,99,48,45,61.29,0.44,46.1,40.49,1.42
INKT,9530.13,9530.13,7764.47,2818.03,187.08,161.81,99,99,97,96,15.09,0.18,17.47,10.27,0.04
SBET,2236.86,3376.06,17802.55,16125.41,843.11,116.26,99,99,99,90,17.33,0.19,20.81,12.4,0.66
IBO,977.82,977.82,941.09,965.89,702.91,128.34,99,99,99,93,0.68,0.07,0.63,1.07,0.93
SONN,883.26,883.26,724.14,466.56,80.61,54.08,99,99,2,1,6.2,0.59,4.35,2.26,0.89
NXTT,867.56,1405.57,11217.47,32237.31,1744.12,244.27,99,99,99,98,22.97,0.0,257.94,284.1,0.92
BGLC,687.11,687.11,638.7,496.16,131.13,128.18,99,99,94,93,5.37,0.36,5.37,3.83,0.03
ETHZ,624.78,624.78,554.98,305.72,112.91,644.22,99,98,88,99,2.53,0.18,3.37,1.79,1.03
ANTE,469.85,469.85,427.66,283.2,326.92,172.38,99,98,98,97,3.43,0.6,2.83,1.15,5.34
CELC,458.22,458.22,414.67,248.09,102.5,90.96,99,98,11,4,51.88,0.8,42.11,19.1,0.99
LIXT,418.87,418.87,364.26,269.19,104.63,138.89,99,98,13,94,5.45,0.89,4.31,2.29,0.66
SUPX,353.48,353.48,308.52,232.14,257.65,100.25,99,98,98,79,55.25,0.8,33.48,13.83,0.62
HCTI,348.95,432.94,454.62,246.74,145.91,364.41,99,98,95,98,2.62,0.0,4.43,78.09,0.39
ABTC,332.76,364.46,671.85,961.27,381.11,129.64,99,99,98,93,7.11,0.75,6.71,3.69,1.11
CDTX,322.1,322.1,308.7,275.31,153.19,178.21,99,98,96,97,68.71,0.96,62.68,33.86,3.23
SGN,321.55,331.54,436.93,402.04,102.34,65.37,99,99,11,1,2.18,0.11,1.69,1.68,0.33
MPU,303.39,307.35,309.33,273.14,107.51,133.52,99,98,85,94,1.45,0.27,2.55,1.43,2.94
MB,294.99,307.3,308.98,280.65,130.0,100.11,99,98,93,45,9.79,0.55,11.27,8.05,0.03
VSA,282.7,282.7,282.18,306.43,511.68,219.08,99,98,98,98,3.05,0.75,1.92,0.95,0.65
SCLX,279.05,279.05,243.67,158.3,61.75,75.43,99,96,1,2,29.08,0.75,16.94,11.89,1.94
SPRO,276.83,355.41,722.86,704.38,235.3,87.87,99,99,98,3,2.0,0.58,2.13,1.45,0.66
GALT,276.16,287.95,282.4,210.71,111.75,88.44,99,98,88,4,4.8,0.78,3.86,2.12,0.87
NAKA,260.59,385.84,1581.93,2685.0,1600.9,248.3,99,99,99,98,1.4,0.02,8.18,6.22,5.27
SLGL,260.2,260.2,244.19,190.83,552.85,520.7,99,97,99,99,30.5,1.0,17.61,9.7,1.61
INHD,257.58,257.58,192.26,79.96,137.22,116.63,99,2,95,90,4.02,0.34,2.84,3.81,0.04
GEOS,254.38,257.15,253.41,196.24,81.39,103.83,99,97,2,83,19.49,0.94,16.07,10.46,0.84
LYRA,253.45,323.89,639.34,573.14,168.28,92.6,99,99,97,5,6.35,0.09,7.2,8.52,1.32
BW,251.69,251.69,247.62,224.65,88.72,142.75,99,98,4,95,3.27,0.92,1.69,1.23,4.03
FTFT,249.74,249.74,226.76,160.04,81.22,112.13,98,96,2,89,2.05,0.26,2.28,2.12,0.12
ONMD,249.56,249.56,220.61,134.07,127.13,174.69,98,94,93,97,0.94,0.55,0.68,0.72,0.08
OVID,248.62,248.62,222.8,130.4,60.19,95.79,98,94,1,7,1.21,0.86,0.86,0.62,0.5
AMPX,247.86,247.86,245.23,227.89,200.29,279.0,98,98,97,98,11.77,1.0,7.79,4.1,1.91
AREC,243.42,243.42,231.33,209.49,166.88,161.57,98,98,97,96,2.87,1.0,1.67,1.0,1.36
FORD,241.11,241.11,203.92,163.88,155.51,148.13,98,96,96,95,30.45,0.76,15.95,8.25,2.06
DPRO,237.99,237.99,236.89,203.05,127.44,169.15,98,97,93,96,6.13,0.8,4.94,3.44,1.22
PRME,236.48,236.48,227.98,193.29,79.38,91.37,98,97,2,5,4.89,0.94,3.94,2.67,1.34
OUST,225.95,239.57,258.24,250.4,143.24,166.37,98,98,95,96,34.66,0.99,28.31,15.73,1.43
JMIA,223.53,223.53,205.03,168.5,101.65,95.08,98,97,11,6,11.62,0.97,7.13,4.23,0.61
VSAT,220.13,220.13,216.91,166.66,121.54,109.92,98,96,92,88,29.61,0.87,24.37,13.62,3.15
TGEN,219.93,237.05,303.97,312.43,243.99,264.42,98,98,98,98,8.75,0.9,7.92,4.4,1.73
LWLG,217.19,217.19,205.92,158.41,81.09,102.65,98,96,2,82,4.19,1.0,2.56,1.71,2.65
HOVR,216.71,248.53,305.74,306.61,172.09,252.45,98,98,97,98,2.23,0.98,1.68,1.03,2.19
NWGL,214.44,232.02,227.93,205.96,123.74,103.95,98,97,92,83,1.51,0.12,1.22,1.35,0.1
SATS,213.19,213.19,194.82,117.96,114.91,112.26,98,91,89,89,72.47,0.84,43.28,29.33,1.29
ARTL,207.76,213.54,234.28,224.42,104.36,106.68,98,98,13,86,5.62,0.05,10.07,7.66,1.58
ATAI,204.05,204.29,203.81,200.56,135.48,145.57,98,97,94,95,4.95,1.0,4.07,2.32,0.93
HAO,203.93,230.21,458.23,24928.87,1612564523.55,37420862.42,98,99,99,99,1.24,0.32,1.26,1.23,0.11
MGRM,202.43,202.43,198.13,166.92,127.67,113.9,98,96,93,89,5.84,0.96,5.58,3.4,0.34
RLMD,199.74,199.74,206.18,257.02,201.52,59.87,98,98,97,1,1.53,0.38,0.89,0.57,0.38
AEI,198.8,198.8,164.06,122.78,114.46,112.11,98,92,89,88,3.47,0.77,1.67,1.13,3.39
PGEN,197.32,197.32,185.12,120.47,203.93,185.75,98,92,97,97,3.75,0.75,2.87,1.77,1.36
WOLF,196.55,196.55,159.64,114.98,88.87,133.81,98,90,4,94,2.23,0.12,1.57,3.79,1.71
FTEK,196.49,203.27,229.35,231.1,140.86,97.61,98,98,95,8,3.18,0.83,2.88,1.67,0.48
APLD,196.07,198.27,226.4,217.35,128.6,140.07,98,98,93,95,20.48,1.0,14.34,9.52,1.02
RUN,194.93,194.93,186.72,152.87,110.16,72.33,98,96,87,2,16.58,0.82,13.32,9.66,0.96
CIFR,194.85,194.85,179.34,154.29,101.99,199.47,98,96,11,97,12.28,0.99,7.02,4.97,1.24
SWIN,193.76,203.12,211.7,197.22,124.02,99.62,98,97,92,10,2.56,0.37,3.65,2.3,0.38
CTEV,193.01,204.35,217.75,209.61,370.38,338.62,98,98,98,98,51.73,0.69,56.85,31.66,1.81
PSTV,192.55,192.55,184.88,412.24,781.23,139.16,98,99,99,94,0.42,0.14,0.51,0.76,0.72
SST,192.37,197.8,194.55,163.43,83.4,86.08,98,96,3,3,8.41,0.63,6.94,6.12,0.87
UUUU,192.09,192.09,183.83,160.7,107.07,115.16,98,96,84,90,14.86,1.0,10.45,6.37,1.43
SXTC,191.86,212.9,361.73,3139.83,20041.05,1011.07,98,99,99,99,1.95,0.31,1.62,1.61,0.55
SUGP,190.56,190.56,174.53,167.51,100.71,135.46,98,96,9,94,6.17,0.11,7.06,8.45,0.12
TBH,190.37,190.37,177.64,125.51,112.3,102.98,98,93,88,82,1.56,0.17,1.24,1.49,0.45
BLNE,188.71,188.71,150.01,92.93,126.37,150.16,98,6,93,95,4.24,0.4,2.07,3.69,0.9
CRDO,188.35,188.42,187.06,184.54,150.67,200.93,98,97,96,97,169.56,0.98,122.52,77.85,2.59
DEVS,187.5,213.86,527.26,909.4,312.83,74.39,98,99,98,2,2.63,0.07,3.02,4.2,0.07
OKLO,187.42,191.03,230.38,235.75,228.04,281.11,98,98,98,98,135.23,1.0,75.28,44.97,3.49
WLDS,187.37,187.37,110.76,83.75,65.71,52.76,98,3,1,1,5.37,0.2,2.16,3.01,1.04
KWM,186.8,224.89,301.87,296.87,139.49,100.11,98,98,95,45,2.28,0.12,3.05,3.24,0.15
INVZ,186.7,189.87,188.72,184.36,174.01,200.67,98,97,97,97,1.99,0.88,1.71,1.21,1.6
SGMT,186.66,214.07,242.2,242.37,113.71,162.86,98,98,89,96,6.52,0.55,8.17,5.44,0.95
NBIS,185.2,185.2,186.79,186.96,162.63,185.65,98,97,96,97,99.31,1.0,66.8,42.06,1.17
IINN,184.44,186.99,189.67,168.88,77.75,100.57,98,97,2,79,1.24,0.73,1.25,0.94,0.51
LEU,184.26,192.81,224.57,231.51,139.29,176.35,98,98,95,97,294.49,1.0,215.48,126.16,2.42
SKYE,183.74,183.74,181.49,178.07,90.2,128.4,98,97,4,93,4.0,0.62,3.71,2.88,0.94
CIGL,181.87,181.87,177.39,229.63,145.42,100.11,98,98,95,45,3.0,0.06,2.73,5.4,0.01
LCTX,181.16,185.03,187.63,184.01,108.3,91.18,98,97,85,5,1.53,0.98,1.14,0.74,1.19
MCRB,178.58,178.58,168.81,123.03,102.45,107.34,98,92,11,86,17.45,0.65,16.23,13.74,1.09
VHC,178.32,178.32,171.91,157.29,179.81,166.03,98,96,97,96,17.51,0.8,16.2,10.28,0.36
ASBP,177.93,179.48,189.24,148.23,40.82,98.41,98,96,1,9,0.41,0.01,0.44,3.44,0.04
FFAI,177.42,186.45,197.03,185.61,147.62,134.81,98,97,96,94,1.77,0.32,2.24,1.6,0.71
WLDN,176.69,177.95,179.46,172.48,131.24,102.47,98,97,94,82,103.33,0.81,97.48,57.01,0.99
ZKIN,175.97,191.58,350.32,1139.47,15067.9,5483.69,98,99,99,99,2.34,0.54,2.13,1.68,0.25
PPIH,173.87,187.2,187.2,164.08,107.85,114.57,98,96,85,89,23.84,0.62,26.55,17.88,1.83
NRGV,173.66,173.66,157.78,124.08,117.16,204.54,98,93,90,97,3.11,1.0,1.55,1.32,3.0
LITS,173.0,179.69,184.94,165.29,93.99,94.27,97,96,6,6,2.8,0.19,4.56,2.94,1.14
SIF,172.22,172.22,168.84,146.4,97.41,91.01,97,95,7,4,7.08,0.92,6.06,4.0,1.41
DGXX,172.04,187.9,202.6,206.46,133.66,185.88,97,98,94,97,2.43,0.56,2.72,2.04,0.73
PL,170.78,170.78,166.59,160.18,162.87,200.45,97,96,96,97,11.11,1.0,7.25,5.15,2.16
LDI,169.39,169.39,151.05,120.64,80.46,81.78,97,92,2,2,3.72,0.76,2.31,1.71,2.83
ALMU,168.91,174.42,220.01,248.09,243.8,253.63,97,98,98,98,19.49,0.79,19.16,11.76,2.89
KPLT,166.34,166.34,155.59,126.88,162.8,137.16,97,93,96,94,19.56,0.8,14.89,10.22,1.24
STEC,165.67,165.67,118.3,196.47,640.06,9312.22,97,97,99,99,1.44,0.41,0.9,0.98,0.06
EMPG,165.41,165.41,147.4,103.74,105.48,100.11,97,83,48,45,13.13,0.98,7.4,6.97,0.37
LIVE,165.08,165.08,171.27,208.12,176.87,79.9,97,98,97,2,17.82,0.65,16.68,12.83,0.55
BKSY,164.77,165.78,178.55,187.85,167.31,210.14,97,97,97,98,20.99,0.7,19.04,13.78,1.8
AVTX,164.66,164.66,155.0,112.66,88.15,108.63,97,89,4,87,11.83,0.76,8.67,7.03,1.23
PLAG,164.43,164.43,187.44,183.97,117.76,189.05,97,97,90,97,2.08,0.42,1.7,1.85,1.45
ARQQ,164.39,175.4,221.56,226.22,275.93,544.51,97,98,98,99,41.73,0.95,33.77,25.39,2.67
AMPG,164.31,164.31,157.18,152.94,378.61,416.64,97,96,98,98,4.73,0.8,3.32,2.36,2.01
ZBIO,163.43,163.43,157.48,147.37,134.75,76.24,97,95,94,2,18.94,0.65,16.61,10.89,4.19
THM,162.87,162.87,162.31,160.78,160.51,107.91,97,96,96,86,1.6,0.99,1.3,0.81,1.04
ARTW,162.36,163.67,163.79,153.33,134.76,130.27,97,96,94,93,2.76,0.42,3.19,2.12,0.31
RHLD,161.29,161.29,153.89,134.15,110.2,106.39,97,94,87,85,69.95,0.91,54.43,40.07,1.7
LPTH,161.19,161.19,152.31,133.75,168.04,189.55,97,94,97,97,7.24,1.0,4.26,3.02,2.99
AXTI,160.51,160.51,154.25,137.57,97.83,106.76,97,95,8,86,4.34,1.0,2.67,2.03,3.07
ADUR,160.07,164.02,188.67,190.03,135.84,122.84,97,97,94,92,13.35,0.94,11.61,7.63,1.56
CWD,159.65,159.65,99.93,49.72,122.22,118.6,97,1,92,91,6.81,0.39,3.54,7.45,0.09
TSSI,158.79,181.59,277.49,298.38,160.63,192.13,97,98,96,97,15.91,0.4,19.32,14.48,1.06
AMRC,158.01,158.01,152.27,133.81,93.13,80.79,97,94,5,2,30.81,0.74,22.32,18.27,1.81
AIRS,157.85,164.97,189.7,191.39,93.75,119.21,97,97,5,91,6.55,0.7,6.16,4.76,2.47
PXLW,157.67,158.91,150.77,125.69,106.93,114.07,97,93,84,89,10.75,0.68,9.79,8.41,0.95
UEC,156.93,156.93,153.21,138.6,99.16,133.03,97,95,9,94,12.35,0.91,10.0,7.15,2.41
TOI,156.71,162.72,208.39,441.55,486.91,311.83,97,99,98,98,3.12,0.72,3.55,2.0,1.34
RFIL,156.22,156.32,155.48,146.14,120.0,114.16,97,95,91,89,7.75,0.82,7.34,5.19,0.86
UAMY,155.89,155.89,149.26,202.03,228.4,273.69,97,97,98,98,6.49,1.0,4.12,2.68,3.21
BBBY,155.6,155.6,158.15,159.71,110.93,103.52,97,96,87,83,9.52,0.76,9.26,6.81,0.79
SLI,155.41,156.56,156.35,150.91,115.17,130.82,97,96,89,93,3.05,0.99,2.78,1.86,1.36
FDMT,155.31,155.31,152.9,133.88,83.59,67.32,97,94,3,1,6.6,0.44,5.91,4.81,0.9
MATV,154.72,154.72,149.63,122.08,81.14,77.31,97,92,2,2,12.28,0.62,9.98,8.05,1.98
CCCC,153.43,153.43,142.4,115.26,64.75,78.17,97,90,1,2,3.16,0.35,2.51,2.46,0.56
NEON,153.37,195.44,233.01,222.94,136.55,111.35,97,98,94,88,4.05,0.0,19.47,12.87,0.44
AYTU,152.98,161.65,200.0,214.06,133.92,81.04,97,98,94,2,2.44,0.78,2.35,1.75,1.12
RZLT,152.73,152.73,149.45,137.51,95.41,99.69,97,95,6,10,7.7,0.91,6.59,4.78,4.85
BQ,152.71,152.71,145.87,124.68,85.44,121.56,97,93,3,92,3.19,0.26,2.88,2.71,0.26
RCT,152.25,160.28,163.36,150.39,100.73,100.11,97,96,9,45,0.82,0.0,1.9,1.92,3.1
BTM,152.03,177.17,295.43,317.87,206.32,122.47,97,98,98,92,3.66,0.48,4.45,2.87,1.1
SMR,151.86,162.98,212.78,224.02,148.35,198.17,97,98,96,97,46.77,0.88,40.48,27.5,3.49
U,151.38,151.38,146.46,135.16,111.36,112.75,97,95,88,89,46.05,0.98,37.6,26.52,0.88
XPON,151.32,151.32,147.86,121.31,75.01,59.52,97,92,2,1,1.27,0.05,1.34,1.27,0.03
APYX,151.02,155.99,179.33,183.92,124.3,126.55,97,97,92,93,2.29,0.83,2.1,1.63,0.84
ASTS,150.75,163.11,177.96,172.65,130.5,117.01,97,97,94,90,45.1,0.65,48.32,32.76,2.02
GAME,150.4,152.86,169.17,169.55,106.77,112.91,97,97,84,89,0.73,0.12,0.98,0.86,0.6
SKIN,150.14,150.37,156.13,161.72,118.2,109.25,97,96,91,87,2.28,0.81,2.01,1.63,1.64
PCLA,149.97,160.15,177.28,172.15,128.26,170.98,97,97,93,97,0.5,0.01,0.63,1.73,0.09
LIMN,149.96,211.4,337.98,335.24,156.6,100.11,97,99,96,45,1.26,0.0,4.23,7.38,0.4
BELFB,149.18,149.32,148.42,133.02,101.55,102.39,97,94,10,82,142.08,0.9,129.07,91.87,1.66
URG,149.04,150.94,150.77,141.88,92.36,101.9,97,95,5,81,1.65,1.0,1.34,1.04,4.82
TRML,148.99,148.99,133.85,115.35,108.56,105.14,97,90,86,84,47.73,1.0,26.5,19.41,1.27
VTYX,148.08,158.96,188.26,188.26,105.97,105.16,97,97,83,84,2.3,0.6,2.68,2.02,2.65
NCPL,147.85,161.77,195.76,205.81,122.75,130.51,97,97,92,93,2.42,0.13,2.72,2.51,0.32
TNXP,147.7,161.91,245.26,273.89,278.79,285.71,97,98,98,98,26.0,0.34,38.83,28.49,1.11
PTHL,146.28,181.04,310.26,461.12,246.68,110.94,97,99,98,88,0.86,0.01,6.34,6.07,0.06
FUTU,145.37,146.63,146.47,135.03,131.32,136.27,96,95,94,94,177.99,0.87,170.3,118.44,0.88
ZURA,145.35,145.35,139.83,108.21,83.92,76.77,96,87,3,2,1.99,0.25,1.77,1.59,1.41
DQ,145.34,145.34,139.28,116.73,109.26,125.63,96,90,86,93,27.22,0.88,23.54,18.78,1.02
STRL,145.09,145.33,149.02,150.32,130.37,115.19,96,96,94,90,360.25,1.0,282.03,194.02,4.09
SCPH,145.04,146.89,155.2,156.87,105.98,86.93,96,96,83,3,5.63,0.95,5.2,3.74,1.5
ELTX,144.83,146.38,150.98,144.16,159.08,154.36,96,95,96,96,11.32,0.94,10.28,7.64,0.63
FEIM,144.76,145.99,145.82,134.31,125.7,131.61,96,94,93,93,30.74,0.84,28.24,20.25,1.32
AGEN,144.61,155.04,200.24,225.97,140.36,86.48,96,98,95,3,4.38,0.52,5.08,3.72,0.84
LTRX,144.29,144.29,138.17,112.68,99.22,101.04,96,89,9,80,4.77,0.93,3.66,3.07,1.06
MITQ,144.18,144.18,134.03,120.67,113.51,125.95,96,92,89,93,1.35,1.0,0.82,0.68,1.52
JFB,144.06,147.66,161.74,163.57,142.03,101.06,96,96,95,80,5.98,0.37,7.1,5.66,2.47
MAZE,143.91,143.91,136.58,136.48,95.12,96.72,96,95,6,7,22.94,0.89,16.17,12.75,5.91
REPL,143.53,145.87,143.77,124.26,110.75,118.5,96,93,87,91,3.22,0.03,6.24,9.64,0.77
SRI,143.42,145.91,148.68,144.19,103.1,71.83,96,95,12,2,8.45,0.57,7.95,5.97,0.88
SNOA,143.38,143.38,140.62,150.31,162.32,99.09,96,96,96,9,4.18,0.66,4.03,3.15,0.01
CAR,143.15,148.92,169.05,183.45,138.2,106.59,96,97,95,86,157.66,0.67,168.04,115.36,2.0
BITF,142.71,142.71,121.09,103.31,79.85,105.91,96,83,2,85,3.12,0.97,1.46,1.28,2.21
SAIH,142.66,142.66,152.22,162.72,102.45,141.26,96,96,11,95,10.8,0.39,8.25,8.55,3.1
TOYO,142.55,142.55,140.02,128.24,127.59,154.82,96,93,93,96,5.78,0.89,4.92,3.65,0.87
HOUS,142.3,142.3,136.55,118.61,103.38,83.51,96,91,12,3,7.07,0.94,5.52,4.09,2.39
STX,142.23,142.23,143.2,144.87,115.42,95.28,96,95,90,7,221.23,1.0,166.28,116.31,1.36
TZUP,142.22,151.92,210.74,231.49,201.16,95.05,96,98,97,6,4.59,0.18,9.21,6.08,1.03
SPWH,142.18,157.64,199.44,230.89,182.24,88.09,96,98,97,3,3.08,0.66,3.17,2.37,0.96
WXM,141.87,141.87,136.63,125.95,101.31,100.11,96,93,10,45,3.54,0.72,3.16,2.66,10.03
FLNC,141.79,141.79,141.03,134.94,66.68,90.42,96,94,1,4,9.36,0.29,8.0,8.39,1.85
OWLT,141.35,148.16,165.44,169.51,117.08,109.16,96,97,90,87,8.17,0.81,7.71,5.64,4.7
IVVD,141.28,141.28,131.69,156.35,418.23,252.22,96,96,98,98,1.22,0.49,0.87,0.79,0.28
PTNM,140.74,140.74,116.82,154.3,115.89,100.11,96,96,90,45,7.55,0.51,3.4,4.62,0.14
NEOV,140.67,140.67,140.27,142.81,101.37,149.61,96,95,10,95,5.71,0.98,4.45,3.65,2.32
SEPN,140.17,141.02,151.38,158.3,104.3,107.63,96,96,13,86,15.7,0.48,12.82,12.11,2.74
CHCI,139.87,139.87,137.9,137.18,136.61,108.48,96,95,94,86,16.2,0.81,14.59,10.36,1.55
PCT,139.67,147.93,162.14,165.04,106.96,126.29,96,96,84,93,13.91,0.73,13.9,10.66,1.21
NTWK,139.51,139.51,135.37,133.49,106.64,96.77,96,94,83,7,4.57,0.79,4.2,3.03,1.25
CPSH,138.91,142.03,156.84,156.84,137.14,116.32,96,96,94,90,3.45,0.92,3.07,2.2,1.21
DAVE,138.55,144.97,191.49,227.52,186.6,223.96,96,98,97,98,238.54,0.82,208.74,147.91,1.9
SSRM,138.34,138.34,134.8,131.28,155.82,149.06,96,94,96,95,22.84,1.0,16.55,11.58,2.98
VRME,138.3,138.3,133.91,117.77,213.22,201.5,96,91,98,97,1.28,0.19,0.88,0.96,2.69
CMPX,138.21,138.32,136.85,131.46,175.51,172.93,96,94,97,97,3.39,0.8,3.17,2.48,5.56
OTLY,137.97,139.79,140.71,134.56,114.52,82.8,96,94,89,2,17.09,0.76,16.43,12.46,0.67
PRIM,137.96,137.96,135.39,125.82,103.33,127.09,96,93,12,93,128.82,1.0,107.13,80.75,1.92
CLYM,137.96,137.96,132.96,104.91,78.92,48.22,96,84,2,1,2.31,0.16,1.9,1.66,1.52
KRRO,137.89,137.89,123.65,86.11,74.52,166.25,96,3,2,96,36.05,0.36,20.98,23.71,1.22
ORCL,137.69,137.69,137.3,136.35,102.82,102.63,96,95,12,82,308.66,0.9,251.7,187.8,2.22
OCUL,137.48,137.77,138.17,133.21,109.16,104.68,96,94,86,84,12.1,0.8,12.19,9.07,1.11
AEC,137.35,144.48,188.82,209.0,160.32,155.88,96,98,96,96,7.09,0.91,5.74,4.79,2.74
MIND,137.26,137.72,137.62,127.41,205.99,213.52,96,93,98,98,8.17,0.61,9.18,7.6,0.96
XNET,136.97,136.97,131.99,169.68,205.21,170.19,96,97,98,97,7.74,0.86,6.05,4.33,0.76
VENU,136.36,143.31,156.24,151.45,103.8,98.4,96,96,13,9,12.81,0.51,13.68,10.68,12.7
MBOT,136.12,136.57,136.08,181.15,238.42,229.49,96,97,98,98,3.19,0.64,3.18,2.26,1.69
XTIA,135.85,159.51,176.87,176.2,70.54,55.63,96,97,2,1,1.6,0.01,1.91,3.7,1.76
TIL,135.78,149.09,195.48,195.47,131.49,75.72,96,97,94,2,19.93,0.14,26.54,22.62,1.07
WBUY,135.72,151.38,265.91,490.29,347.51,165.24,96,99,98,96,3.46,0.05,4.26,7.87,0.59
ALTG,134.92,138.87,142.17,135.9,93.68,111.04,96,95,5,88,7.09,0.68,7.83,6.39,1.33
FLYE,134.79,150.26,207.52,220.25,125.6,113.37,96,98,93,89,0.75,0.02,3.31,2.85,0.18
INTJ,134.75,142.84,160.81,168.35,95.7,99.88,96,97,6,10,0.55,0.03,0.89,0.81,0.84
FRGE,133.89,141.71,156.57,172.39,143.58,86.86,96,97,95,3,17.34,0.59,18.91,14.63,1.31
EFOI,133.88,133.88,127.26,131.91,206.65,165.32,96,94,98,96,3.0,0.92,2.34,1.9,0.68
KIDZ,133.74,158.62,380.53,1068.56,507.66,100.11,96,99,98,45,1.35,0.06,1.69,2.51,0.25
BDTX,133.45,133.55,139.57,140.17,100.83,75.95,95,95,10,2,3.28,0.58,2.91,2.29,1.18
QVCGA,132.98,132.98,105.36,54.55,74.94,78.42,95,1,2,2,14.31,0.38,6.05,10.06,1.52
GTN,132.95,133.34,132.9,120.42,113.07,90.87,95,92,89,4,5.52,0.81,5.37,4.16,1.78
HLLY,132.92,132.92,128.94,102.8,100.6,100.67,95,82,9,80,3.26,0.65,3.05,2.64,1.15
ALNY,132.87,132.87,132.42,125.45,114.13,97.82,95,93,89,8,453.56,0.89,412.42,303.19,1.43
DOMH,132.37,134.0,134.0,202.57,651.02,374.56,95,97,99,98,6.49,0.51,5.63,4.52,0.8
HIVE,132.22,132.22,122.32,108.46,82.37,124.71,95,87,3,92,3.79,0.63,2.6,2.39,1.21
SOUN,132.11,132.11,127.65,121.76,196.1,293.82,95,92,97,98,16.25,0.59,13.0,12.13,1.58
ANET,131.93,131.93,129.05,121.1,101.99,111.24,95,92,11,88,149.61,0.96,130.29,104.92,1.88
ENLT,131.77,132.02,131.57,127.13,109.63,106.85,95,93,86,86,29.17,0.97,26.46,19.86,0.42
IRWD,131.51,131.51,121.94,83.36,65.24,97.5,95,3,1,8,1.41,0.19,1.03,1.65,2.11
COEP,131.43,131.43,127.24,134.52,371.9,338.47,95,94,98,98,13.88,0.93,12.01,9.59,2.89
GXAI,131.39,131.39,125.39,104.46,157.91,199.79,95,84,96,97,1.71,0.17,1.45,1.58,0.06
SSSS,131.23,133.76,141.82,141.97,122.63,135.08,95,95,92,94,9.15,0.98,8.64,6.54,1.52
KE,131.21,131.21,127.45,113.96,102.0,102.64,95,89,11,82,31.59,0.92,24.49,19.31,3.01
IONQ,131.17,131.17,146.94,160.31,197.39,385.15,95,96,97,98,70.41,1.0,44.3,36.76,2.4
ALGS,130.26,132.38,132.56,110.26,146.01,333.36,95,88,95,98,9.67,0.14,9.2,14.6,1.07
PBT,130.15,130.15,128.43,118.64,101.57,106.63,95,91,10,86,17.79,0.93,15.54,12.08,0.78
AMD,130.14,132.41,134.87,134.0,103.13,89.19,95,94,12,4,157.39,0.75,164.7,126.67,0.97
THTX,130.04,130.6,137.48,178.74,171.68,135.09,95,97,97,94,3.3,1.0,3.22,2.34,1.12
NTLA,129.98,129.98,127.91,123.91,87.43,73.11,95,93,3,2,15.59,0.6,11.84,10.31,3.03
LASE,129.97,129.97,116.43,87.7,81.95,111.03,95,4,2,88,4.2,0.14,3.13,3.54,0.73
GCL,129.6,134.27,141.64,140.91,109.46,98.06,95,95,86,8,2.7,0.09,3.45,4.57,2.63
TGB,129.52,131.86,136.92,135.83,117.46,100.16,95,95,90,79,3.76,1.0,3.32,2.52,0.97
STAA,129.36,129.36,124.56,105.64,93.82,91.28,95,85,6,5,27.24,0.55,24.35,20.82,1.12
MDAI,129.23,134.92,155.67,155.67,144.01,189.96,95,96,95,97,2.41,0.67,2.25,1.92,2.13
BBW,129.11,129.11,128.35,125.96,115.35,122.19,95,93,89,92,73.06,0.94,58.23,45.73,2.07
MBI,129.05,129.05,123.82,99.72,125.74,162.03,95,11,93,96,7.8,0.93,6.43,5.66,2.41
WWR,128.83,130.31,131.67,119.43,151.58,155.75,95,92,96,96,0.74,0.4,0.75,0.67,0.49
NMRK,128.62,128.62,124.43,107.51,94.83,95.61,95,86,6,7,19.23,0.96,16.37,13.44,2.67
FIVE,128.53,131.72,146.59,153.34,123.31,104.06,95,96,92,83,151.99,0.97,141.24,107.69,1.7
MIRM,128.48,128.48,127.27,112.19,113.73,113.77,95,89,89,89,74.38,0.92,63.99,50.22,2.05
TRS,128.41,128.41,127.47,121.89,106.74,99.88,95,92,84,10,39.92,1.0,35.86,27.33,1.73
VRNA,128.39,132.71,141.32,142.1,163.05,161.48,95,95,96,96,106.02,0.99,105.55,75.0,0.73
UPST,128.09,130.01,133.77,131.49,116.49,167.94,95,94,90,96,67.89,0.61,71.43,62.0,1.44
FIGS,127.75,127.78,127.68,121.06,100.25,102.2,95,92,9,82,7.26,0.95,6.68,5.5,3.13
ENVX,127.62,130.58,142.5,144.78,113.47,121.2,95,95,89,92,10.09,0.44,11.36,9.65,1.0
TTI,127.6,127.6,127.58,113.04,111.55,125.95,95,89,88,93,5.3,1.0,4.19,3.65,2.15
CATX,127.52,134.79,146.46,146.99,94.16,55.37,95,95,6,1,3.19,0.13,3.7,3.13,1.33
HOV,127.49,127.49,123.94,108.03,85.58,81.82,95,87,3,2,143.96,0.43,135.96,120.84,1.76
TIXT,127.31,129.72,130.25,123.16,92.65,104.65,95,92,5,84,4.5,0.99,4.03,3.42,0.33
ILAG,127.3,128.03,126.22,116.91,74.46,97.19,95,91,2,8,0.65,0.37,0.54,0.59,0.2
PII,127.29,127.29,125.73,117.07,85.82,81.35,95,91,3,2,55.36,0.49,53.93,46.44,1.84
GNRC,127.23,127.23,125.86,117.73,89.33,116.75,95,91,4,90,182.28,0.8,179.53,148.54,1.56
BAOS,126.82,129.86,149.93,157.99,775.91,709.24,95,96,99,99,3.47,0.35,2.9,2.68,0.25
BWAY,126.78,126.78,125.47,117.82,109.01,115.68,95,91,86,90,15.47,0.84,13.72,11.02,0.83
LYEL,126.74,126.74,129.74,120.13,85.14,70.8,95,92,3,1,13.09,0.23,11.35,11.25,5.27
JOUT,126.62,126.62,126.54,118.96,95.6,94.53,95,91,6,6,40.87,0.93,37.6,30.61,1.16
REAL,126.6,126.6,117.49,100.53,170.16,247.22,95,80,97,98,10.89,0.96,7.27,6.9,1.63
CG,126.59,126.59,125.46,121.6,99.23,112.72,95,92,9,89,68.17,0.97,62.92,50.85,3.96
ADPT,126.54,127.85,131.01,137.19,147.75,152.65,95,95,96,95,13.36,0.96,12.05,9.21,1.37
TBHC,126.47,126.47,119.63,99.71,87.33,85.76,95,11,3,3,1.84,0.6,1.54,1.42,0.55
SSP,126.46,132.5,135.84,145.1,155.1,126.85,95,95,96,93,2.87,0.53,3.07,2.52,2.48
PHVS,126.41,126.41,124.47,117.65,99.81,103.24,95,91,9,83,25.36,1.0,22.39,18.29,2.17
RMBS,126.35,126.35,121.54,117.66,116.98,134.46,95,91,90,94,102.35,0.93,75.17,61.22,5.38
SOHU,126.31,126.31,125.28,112.82,102.46,99.9,95,89,11,10,15.58,0.84,15.45,13.07,0.45
SGHC,126.27,127.74,127.88,135.07,142.34,165.62,95,95,95,96,11.76,0.86,11.63,8.73,1.93
KRMN,126.21,126.21,127.54,135.56,135.85,102.72,94,95,94,82,66.12,1.0,54.15,43.41,3.01
CWK,126.12,126.12,122.83,108.66,88.99,103.04,94,87,4,83,16.64,0.97,14.17,12.13,1.71
UI,125.99,125.99,121.25,119.96,119.79,148.84,94,92,91,95,635.65,1.0,490.12,390.89,1.49
GREE,125.99,128.67,167.65,185.42,122.27,126.5,94,97,92,93,1.63,0.48,1.51,1.36,1.19
CMPO,125.95,125.95,124.88,118.52,104.79,110.26,94,91,13,88,19.77,0.96,17.24,13.7,2.39
OLMA,125.94,125.94,116.63,101.95,90.26,72.58,94,82,4,2,8.17,0.48,5.79,5.29,2.21
CRGO,125.84,125.84,123.83,116.52,184.0,229.03,94,90,97,98,3.23,0.67,3.04,2.73,2.39
VC,125.72,125.74,125.68,118.47,99.94,94.2,94,91,9,6,124.84,0.94,118.86,93.5,1.38
SIGA,125.63,125.63,124.73,118.14,110.68,87.91,94,91,87,3,8.78,0.85,8.02,6.25,1.57
SINT,125.59,125.59,124.19,122.15,138.1,148.22,94,92,95,95,4.93,0.69,3.44,3.2,0.26
WBD,125.48,125.48,118.81,116.1,114.92,123.54,94,90,89,92,19.33,0.99,13.13,10.85,2.23
ZDGE,125.15,134.29,144.31,145.56,105.52,98.6,94,95,82,9,2.99,0.4,3.55,2.87,1.52
HDSN,125.14,126.06,125.88,125.19,119.22,90.36,94,93,91,4,9.86,0.89,9.47,7.14,1.01
IE,125.08,128.29,140.35,141.04,117.69,120.99,94,95,90,91,9.5,0.66,9.76,7.67,2.72
AVAH,125.03,125.03,118.11,118.04,125.77,94.96,94,91,93,6,8.1,0.92,6.27,5.24,1.97
ARDX,125.02,125.02,119.34,97.54,107.05,103.52,94,9,84,83,6.21,0.8,5.52,4.96,1.24
WT,125.0,125.0,124.72,121.59,102.43,105.2,94,92,11,84,14.67,1.0,13.38,10.59,1.11
PPSI,124.92,124.92,118.21,99.98,87.41,122.8,94,11,3,92,4.45,0.8,3.6,3.37,0.06
MRUS,124.87,126.29,134.64,133.05,114.92,95.48,94,94,89,7,68.22,0.95,65.29,50.4,1.18
NVRI,124.78,124.78,122.94,119.18,106.01,95.21,94,91,83,7,12.28,0.97,10.27,8.3,1.67
PBYI,124.77,124.77,123.79,113.23,117.82,116.5,94,89,91,90,4.42,0.6,4.25,3.43,1.32
VIVS,124.76,124.76,107.67,95.04,207.53,184.36,94,7,98,97,4.15,0.2,2.32,3.19,0.33
MODG,124.54,127.55,128.91,121.04,101.24,82.45,94,92,10,2,9.29,0.69,9.35,7.82,1.25
KUKE,124.52,145.46,304.55,21244.06,57103.57,271.52,94,99,99,98,1.48,0.3,2.06,2.0,1.13
EEIQ,124.41,124.41,116.64,86.68,106.39,134.42,94,4,83,94,0.48,0.08,0.58,0.74,0.06
MDB,124.35,124.35,119.72,105.35,88.13,102.0,94,85,4,81,323.43,0.87,255.32,230.93,0.99
WF,124.2,125.64,130.07,130.1,120.81,98.6,94,94,92,9,57.57,0.99,54.37,40.33,0.51
AG,124.09,125.58,129.57,126.68,119.94,101.52,94,93,91,81,10.62,0.97,9.0,7.03,1.79
LPG,123.83,124.73,124.73,117.86,103.69,86.76,94,91,12,3,31.85,0.95,30.13,24.0,1.68
GNLX,123.81,123.81,122.99,112.84,159.4,154.35,94,89,96,95,4.16,0.59,3.51,3.2,1.54
POET,123.57,123.57,123.57,127.11,122.34,145.29,94,93,92,95,5.16,0.45,5.62,4.83,0.91
COUR,123.43,123.43,121.85,119.27,109.56,109.22,94,91,86,87,11.65,0.84,11.05,8.87,1.08
GLW,123.24,123.24,120.13,113.31,105.47,105.68,94,89,14,85,79.56,1.0,64.9,52.05,1.51
LILAK,123.23,123.23,121.94,108.04,94.48,88.47,94,87,6,4,8.08,0.62,7.54,6.47,1.89
RAY,123.08,134.18,183.73,226.59,251.76,95.02,94,98,98,6,0.51,0.0,1.95,1.63,0.25
ITRG,123.07,123.07,117.76,152.49,160.4,112.4,94,96,96,89,2.93,1.0,1.95,1.46,1.68
BUUU,123.0,123.0,113.56,100.05,105.48,100.11,94,45,48,45,7.8,0.92,6.2,6.2,0.08
ORKA,122.99,122.99,123.36,121.35,92.51,94.5,94,92,5,6,15.55,0.37,14.8,13.36,5.63
RDIB,122.8,123.12,122.54,154.62,164.89,111.72,94,96,97,88,11.41,0.71,11.47,9.19,0.29
ACLS,122.57,122.57,122.65,120.14,95.54,79.87,94,92,6,2,95.65,0.81,79.13,66.72,2.24
HBM,122.55,122.55,121.37,118.81,110.65,110.09,94,91,87,88,13.88,1.0,11.14,9.09,0.89
FGEN,122.5,122.5,113.27,92.14,146.02,149.61,94,5,95,95,11.31,0.43,9.49,9.52,0.7
VNRX,122.32,128.72,131.87,129.08,101.6,104.95,94,94,10,84,0.68,0.52,0.67,0.61,2.74
TPB,122.18,122.18,121.62,119.35,118.13,129.54,94,91,91,93,102.2,0.99,91.77,71.43,2.12
AMBO,122.11,122.11,116.69,144.85,295.26,479.77,94,95,98,98,3.96,0.93,3.2,2.7,0.48
DINO,122.11,122.79,122.79,119.45,103.99,87.15,94,92,13,3,52.52,0.98,46.8,37.58,1.72
MGIC,122.07,124.05,128.7,130.95,123.87,112.74,94,94,92,89,19.9,0.84,20.37,15.42,2.34
AEO,122.01,122.01,111.25,90.93,83.21,90.64,94,5,3,4,18.87,0.78,13.62,12.99,0.68
IBG,121.97,128.55,139.99,189.93,187.39,94.88,94,97,97,6,0.35,0.01,0.62,0.71,0.07
DC,121.63,123.8,126.67,126.83,133.39,124.47,94,93,94,92,4.77,0.95,4.18,3.2,2.78
CHRS,121.59,121.59,113.68,92.6,117.84,154.13,94,6,91,95,1.61,0.9,1.09,1.08,1.99
GHM,121.52,124.21,133.64,135.32,107.22,139.51,94,95,84,94,53.65,0.88,50.96,42.02,2.13
ARBK,121.5,121.5,122.8,122.58,88.65,93.05,94,92,4,5,0.28,0.08,0.3,0.42,0.33
MNPR,121.47,121.47,112.65,160.71,879.95,14280.38,94,96,99,99,63.29,0.95,41.71,36.34,3.11
TDW,121.42,122.39,122.57,114.8,90.96,87.51,94,90,5,3,55.98,0.53,55.4,48.3,1.64
EL,121.33,123.2,124.2,122.76,96.66,97.59,94,92,7,8,87.8,0.77,89.32,74.65,1.45
NEM,121.27,121.27,120.6,121.38,124.65,97.1,94,92,92,8,81.72,1.0,69.0,52.89,3.78
CIO,121.27,121.5,121.44,114.12,102.33,96.08,94,89,11,7,6.95,0.99,6.69,5.42,0.68
DTST,121.23,121.23,118.39,112.84,106.7,124.86,93,89,83,92,4.58,0.69,4.6,4.08,0.16
VBTX,121.21,121.21,119.46,111.99,96.25,106.17,93,89,7,85,34.3,0.97,32.44,26.79,1.84
ATRO,121.2,122.47,129.74,144.81,151.29,114.31,93,95,96,89,41.6,0.92,36.12,26.6,1.11
EME,121.16,121.71,121.71,121.64,107.38,106.95,93,92,85,86,632.02,0.97,610.7,488.25,17.91
VNTG,121.13,121.13,115.89,102.45,105.48,100.11,93,82,48,45,6.8,0.88,5.25,4.89,0.78
UONEK,121.05,121.05,119.01,110.74,85.21,86.9,93,88,3,3,0.78,0.41,0.73,0.74,0.38
CALX,120.98,121.15,123.91,127.48,121.69,105.57,93,93,92,85,62.86,0.97,57.69,44.3,2.25
NVDA,120.63,122.41,126.95,127.44,106.92,112.95,93,93,84,89,176.67,0.93,175.54,140.89,1.38
CLNE,120.61,120.61,119.68,111.68,89.24,101.41,93,89,4,81,2.65,0.59,2.32,2.23,1.74
AIRT,120.41,122.99,122.88,118.65,107.66,120.17,93,91,85,91,22.77,0.73,22.95,19.97,1.04
PKE,120.39,120.39,118.73,112.07,101.09,108.65,93,89,10,87,19.02,0.84,18.36,14.94,1.47
YOU,120.22,120.22,117.12,107.14,108.29,89.45,93,86,85,4,37.95,1.0,33.23,27.21,2.22
APH,120.13,120.53,124.81,128.73,123.78,105.44,93,94,92,84,123.94,1.0,109.32,83.95,1.8
FLEX,120.06,120.6,122.02,125.41,107.91,114.4,93,93,85,89,58.65,1.0,52.76,42.85,2.09
NGVT,120.0,120.0,118.71,111.42,107.27,116.22,93,88,85,90,56.35,0.86,52.31,44.59,2.56
XOMA,119.99,119.99,116.28,109.36,101.63,101.49,93,88,10,81,36.7,0.94,30.81,26.25,2.6
TIGO,119.84,119.84,119.6,128.56,132.79,107.77,93,93,94,86,49.68,1.0,44.12,33.01,2.74
STI,119.82,119.82,109.45,83.87,110.95,160.03,93,3,87,96,4.55,0.04,4.17,10.16,0.03
VIK,119.79,120.26,120.2,117.02,110.67,120.45,93,91,87,91,62.24,0.9,60.03,49.22,1.7
INTG,119.76,119.76,112.6,97.65,101.96,92.72,93,9,11,5,18.9,0.9,14.0,13.23,3.99
NATL,119.63,119.63,117.21,104.03,98.25,110.99,93,84,8,88,38.87,0.92,34.95,30.58,1.18
NMTC,119.59,119.59,116.88,107.17,139.86,138.94,93,86,95,94,0.93,0.63,0.81,0.81,2.34
JKS,119.59,119.59,118.31,111.73,103.23,128.37,93,89,12,93,24.92,0.67,23.43,20.83,1.64
BHC,119.56,121.72,121.72,106.0,92.28,99.49,93,85,5,10,6.73,0.44,6.87,6.52,0.48
SA,119.53,119.53,119.59,117.3,109.57,85.45,93,91,86,3,20.15,0.96,16.9,13.59,7.81
VTGN,119.5,119.5,117.25,104.59,105.49,101.73,93,84,82,81,2.98,0.59,3.03,2.66,1.07
PSTG,119.48,119.48,113.63,106.46,111.75,124.12,93,86,88,92,87.87,1.0,65.31,58.41,1.57
SEB,119.48,119.72,118.38,108.93,109.28,96.36,93,87,86,7,3500.2,0.68,3523.03,2855.36,5.12
TRUE,119.48,119.48,115.99,102.2,73.85,117.7,93,82,2,91,2.32,0.32,2.02,2.31,1.54
FSLR,119.45,119.45,118.3,118.44,101.94,83.39,93,91,11,3,212.49,0.68,191.02,166.45,1.37
MASS,119.12,126.5,159.07,251.91,283.36,127.43,93,98,98,93,7.3,0.89,6.44,4.69,2.5
ACXP,119.04,135.55,139.88,142.53,69.39,67.86,93,95,2,1,4.1,0.01,5.77,10.12,8.11
BORR,118.97,118.97,116.53,96.78,73.62,75.12,93,8,2,2,2.95,0.33,2.48,2.56,1.23
EAF,118.97,121.04,145.65,146.23,87.23,202.88,93,95,3,97,13.46,0.46,11.58,11.85,3.18
ARLO,118.95,123.4,135.25,140.07,118.99,102.59,93,95,91,82,18.07,0.97,16.97,13.5,1.12
ACOG,118.9,124.47,155.77,175.84,141.26,106.02,93,97,95,85,8.02,0.57,9.14,7.25,3.93
XTLB,118.87,118.87,118.39,114.05,88.94,94.35,93,89,4,6,1.21,0.16,1.42,1.42,0.13
SFIX,118.87,118.87,116.43,117.31,135.38,156.15,93,91,94,96,5.67,0.78,5.06,4.39,1.48
NFGC,118.86,118.86,116.75,113.01,94.15,92.18,93,89,6,5,2.12,0.64,1.74,1.58,1.35
GRWG,118.76,118.76,115.07,99.0,90.07,92.98,93,11,4,5,1.62,0.55,1.36,1.29,1.85
YYGH,118.73,145.08,171.81,175.55,120.11,174.2,93,97,91,97,0.38,0.01,1.96,1.75,0.45
ARTV,118.69,118.69,114.58,91.85,59.75,100.06,93,5,1,10,2.88,0.1,2.8,4.2,3.36
WILC,118.68,119.74,119.51,116.39,127.54,136.25,93,90,93,94,19.73,0.82,20.61,16.87,0.42
TBPH,118.67,118.68,118.28,112.86,108.3,111.54,93,89,85,88,13.88,0.91,12.62,10.38,1.16
EFTY,118.52,118.52,110.81,100.05,105.48,100.11,93,45,48,45,9.02,0.94,6.93,6.93,0.28
SLSR,118.47,120.67,125.38,135.0,129.29,140.3,93,94,93,95,5.17,0.82,5.22,4.12,0.94
CENX,118.42,118.42,117.21,112.88,106.86,134.79,93,89,84,94,27.57,1.0,22.54,19.48,2.39
BFRI,118.26,118.26,116.19,103.16,115.29,124.51,93,83,89,92,0.9,0.44,0.92,0.89,0.94
LTM,118.21,118.74,119.51,121.41,119.81,112.0,93,92,91,88,47.17,0.84,45.37,35.16,0.33
TER,118.21,118.21,116.95,106.26,96.66,100.72,93,85,7,80,119.85,0.73,107.82,101.26,2.28
SMP,118.14,118.14,117.37,112.51,98.73,98.18,93,89,8,8,39.51,0.92,36.48,30.66,1.72
AGX,118.13,119.53,135.49,148.49,143.79,139.87,93,96,95,95,260.64,1.0,227.06,176.44,1.42
MTRN,118.11,118.11,114.76,104.03,88.85,99.89,93,84,4,10,120.49,0.97,105.84,93.16,1.94
TATT,117.96,117.96,113.93,114.13,131.07,143.79,93,89,94,95,41.29,0.99,35.29,29.72,1.66
SEI,117.72,117.98,129.78,131.57,160.05,192.38,93,94,96,97,37.63,1.0,30.03,26.93,2.76
MAXN,117.64,117.64,116.22,108.87,78.12,119.79,93,87,2,91,3.71,0.11,3.95,4.37,0.52
ARRY,117.64,120.32,122.53,131.06,111.62,109.04,93,94,88,87,8.07,0.73,7.52,6.57,1.18
B,117.55,117.55,115.69,111.75,119.97,97.39,93,89,91,8,32.99,1.0,24.72,19.87,4.35
DAKT,117.54,117.54,112.21,109.33,103.74,124.45,92,88,13,92,22.14,0.85,17.69,15.63,3.11
UGRO,117.47,117.47,105.84,77.3,67.76,106.31,92,2,1,85,0.52,0.14,0.44,0.61,0.02
MGIH,117.38,117.38,109.33,109.05,156.08,148.83,92,87,96,95,2.59,0.76,1.82,1.65,6.95
CTRN,117.37,119.82,126.75,128.91,122.27,132.85,92,94,92,94,32.39,0.72,32.55,27.21,2.51
BODI,116.95,116.95,108.99,86.39,123.87,118.95,92,4,92,91,6.72,0.66,5.1,5.56,0.65
PWM,116.92,116.92,110.26,91.38,127.64,206.28,92,5,93,97,0.59,0.18,0.46,0.69,0.54
TEL,116.9,116.9,116.43,115.03,106.21,100.05,92,90,83,10,216.17,0.99,201.46,162.51,2.12
IDXX,116.82,116.87,116.89,115.82,112.43,98.53,92,90,88,9,656.16,0.92,612.17,495.22,1.67
SITM,116.79,116.79,117.76,126.14,115.17,129.04,92,93,89,93,312.85,1.0,225.59,201.56,2.09
SN,116.77,116.84,116.16,115.2,100.68,102.3,92,90,9,82,114.96,0.89,116.33,100.53,1.02
NCSM,116.53,116.53,112.06,119.67,137.86,135.55,92,92,95,94,49.15,0.93,36.73,31.27,1.44
BWA,116.42,116.42,115.51,111.01,104.31,98.86,92,88,13,9,44.22,0.99,39.99,33.13,2.13
BZ,116.4,116.4,114.84,111.41,127.45,117.18,92,88,93,90,24.28,0.95,21.65,17.61,0.83
HPE,116.39,116.39,114.52,109.56,96.2,109.58,92,88,7,87,24.99,0.98,21.83,19.41,1.75
DOUG,116.39,118.38,133.43,139.91,128.2,109.77,92,95,93,87,2.97,0.92,2.61,2.14,1.25
RCI,116.39,116.41,116.14,110.36,93.57,86.66,92,88,5,3,35.38,0.79,34.41,29.17,0.82
NESR,116.21,116.21,110.22,89.4,97.41,98.16,92,4,7,8,10.18,0.93,7.89,7.62,2.76
SAND,116.21,116.21,116.21,137.9,139.68,106.0,92,95,95,85,11.99,0.98,10.55,8.08,1.87
TRVI,116.14,116.14,114.23,147.5,181.06,166.29,92,96,97,96,8.15,0.78,7.54,5.83,3.44
INDO,116.1,129.92,132.19,130.05,105.98,137.82,92,94,83,94,2.85,0.23,2.88,2.83,0.72
IDCC,116.07,116.07,112.83,109.0,121.44,125.43,92,87,92,93,334.81,0.98,267.83,220.57,2.58
EVTL,116.04,119.59,139.85,149.23,123.35,161.38,92,96,92,96,5.73,0.23,5.44,5.64,2.05
ALB,115.97,115.97,113.6,103.39,86.4,113.55,92,83,3,89,81.84,0.54,77.12,73.83,0.79
OXBR,115.93,115.93,110.08,100.47,135.68,161.55,92,80,94,96,2.4,0.26,2.04,2.64,2.06
GOGO,115.88,127.53,160.07,181.16,145.91,116.9,92,97,95,90,8.88,0.25,12.84,10.06,4.04
SHCO,115.64,115.65,115.19,106.9,146.48,144.5,92,86,95,95,8.85,0.98,7.79,6.92,0.37
ARHS,115.56,115.56,114.35,105.51,104.66,109.07,92,85,13,87,11.06,0.64,10.66,9.85,1.18
CMTL,115.52,116.19,130.91,133.07,95.21,99.09,92,94,6,9,2.25,0.28,2.21,2.27,2.88
RRR,115.52,116.24,116.19,114.51,101.24,94.74,92,90,10,6,60.76,0.93,58.84,49.1,0.91
JBGS,115.49,115.49,114.47,111.77,110.3,93.08,92,89,87,5,23.76,0.96,20.69,16.85,5.8
NAMS,115.46,115.46,113.87,106.3,119.83,140.35,92,85,91,95,26.69,0.97,24.05,21.52,1.48
CMPR,115.25,115.25,112.56,101.52,82.85,92.27,92,81,3,5,62.31,0.49,56.23,54.33,1.27
PLUT,115.24,115.24,110.77,103.12,95.36,98.57,92,83,6,9,3.38,0.62,3.07,2.92,0.24
MPWR,115.19,115.19,115.32,116.74,110.81,93.82,92,90,87,6,916.36,0.96,805.96,675.87,2.13
ACAD,115.17,118.14,127.24,128.78,112.42,113.88,92,94,88,89,24.42,0.83,24.2,19.82,1.76
VRDN,115.15,115.16,115.23,109.07,86.15,94.25,92,87,3,6,19.43,0.57,18.04,16.43,1.63
BOOT,115.13,117.67,128.98,134.63,111.7,97.15,92,94,88,8,176.07,0.85,173.87,146.12,1.46
GSL,115.06,115.31,116.26,116.63,110.92,99.04,92,90,87,9,31.86,0.92,29.63,23.91,1.63
PDYN,114.83,120.13,141.99,147.78,547.64,813.67,92,96,99,99,7.9,0.54,8.22,7.55,1.18
WNEB,114.7,114.7,112.35,104.69,107.16,103.97,92,84,84,83,12.61,1.0,11.47,9.69,3.99
SHG,114.69,116.35,123.5,123.61,115.35,90.74,92,93,89,4,49.64,0.94,48.86,38.9,1.03
ECX,114.49,114.49,119.51,125.82,129.89,123.65,92,93,93,92,2.21,0.57,1.68,1.79,0.74
MRP,114.45,114.56,114.22,121.16,122.75,103.73,92,92,92,83,34.35,0.92,32.58,27.27,2.79
LAZ,114.31,114.31,113.68,109.24,95.82,104.49,92,88,6,84,56.83,0.93,54.2,48.04,2.1
INEO,114.14,121.69,136.15,168.35,140.15,64.01,92,97,95,1,1.03,0.07,0.98,1.48,0.19
MARPS,114.14,120.93,120.97,115.47,107.27,104.35,92,90,85,84,4.67,0.33,4.55,4.05,0.46
SGI,114.12,114.12,113.04,108.64,113.79,113.07,92,87,89,89,85.55,0.96,79.07,65.61,1.51
CMTG,114.08,114.09,113.77,103.16,87.3,80.9,92,83,3,2,3.75,0.27,3.38,3.38,3.63
FBYD,113.89,113.89,100.1,104.85,142.43,104.67,92,84,95,84,14.99,1.0,7.72,7.29,16.43
DFH,113.88,113.88,113.08,104.49,101.17,83.91,92,84,10,3,27.52,0.44,27.7,24.74,1.5
APLM,113.8,113.8,100.2,99.93,108.26,116.55,92,11,85,90,18.43,0.94,6.73,7.28,0.0
NEU,113.73,113.75,113.26,116.66,118.77,99.92,92,90,91,10,816.26,0.92,766.79,619.78,2.38
FBNC,113.72,113.72,112.41,105.73,99.39,102.36,92,85,9,82,53.53,0.9,51.63,44.34,2.32
GXO,113.71,115.21,116.09,114.79,97.89,103.21,92,90,8,83,49.66,0.58,51.48,44.5,1.76
VAL,113.56,115.3,116.16,115.53,98.98,87.87,92,90,8,3,50.33,0.76,48.81,42.92,1.57
CNL,113.45,113.45,111.65,174.88,211.21,164.39,92,97,98,96,13.38,0.94,11.05,8.58,0.89
EGO,113.3,113.3,112.34,130.63,130.88,92.05,92,94,94,5,27.91,0.98,23.29,18.72,3.59
JOYY,113.16,113.16,112.47,111.1,125.68,125.68,92,88,93,93,62.63,0.96,54.67,45.95,1.85
MHO,113.13,113.13,110.34,98.62,90.27,91.81,91,10,4,5,147.65,0.62,136.61,124.32,2.27
DBD,113.1,114.68,115.94,115.51,109.8,100.07,91,90,87,10,56.89,0.76,59.65,49.39,1.91
BTI,113.06,114.63,115.82,115.76,119.18,109.33,91,90,91,87,54.7,0.83,55.29,44.16,1.11
AMG,113.0,113.0,112.11,108.4,103.12,101.01,91,87,12,80,242.87,0.99,220.3,187.68,1.73
AMPY,112.94,112.94,112.85,104.23,77.38,95.61,91,84,2,7,4.47,0.44,3.84,4.14,0.92
YQ,112.92,112.92,107.43,122.55,122.38,100.33,91,92,92,79,4.08,1.0,2.26,1.98,2.0
GOOG,112.88,112.88,109.91,103.71,105.3,110.55,91,83,14,88,255.24,1.0,209.29,184.16,1.73
SMCI,112.87,115.38,129.24,134.86,136.42,130.77,91,94,94,93,45.81,0.65,47.77,40.79,0.85
VLRS,112.73,112.73,108.66,98.77,96.14,117.89,91,10,7,91,6.75,0.59,5.76,6.0,1.38
EVC,112.73,113.75,115.35,112.29,102.42,117.88,91,89,11,91,2.5,0.91,2.39,2.13,1.51
CLMT,112.68,113.97,113.97,119.3,92.81,114.89,91,91,5,90,18.51,0.65,16.17,15.51,2.02
ACIU,112.68,112.68,111.51,106.11,82.26,85.92,91,85,2,3,2.45,0.42,2.21,2.23,0.93
DBI,112.67,112.67,103.67,90.47,87.15,95.01,91,5,3,6,4.14,0.4,3.49,3.85,1.94
MTZ,112.54,113.02,118.34,123.4,114.67,110.02,91,93,89,88,200.96,1.0,181.55,150.9,1.74
ST,112.51,114.19,116.02,117.56,95.67,89.67,91,91,6,4,31.27,0.73,31.65,27.87,1.81
AZZ,112.5,112.5,111.66,108.58,107.57,108.25,91,87,85,86,113.92,0.87,112.43,94.84,2.25
SURG,112.43,113.61,133.23,237.66,232.36,109.7,91,98,98,87,2.94,0.79,2.77,2.3,1.14
SNN,112.34,112.34,111.42,107.22,115.12,101.59,91,86,89,81,36.85,0.88,34.9,29.02,0.53
DLTR,112.33,116.64,125.25,127.99,125.52,105.82,91,93,93,85,95.26,0.61,109.16,86.75,1.77
CNET,112.18,112.18,105.74,98.59,100.4,104.33,91,10,9,83,2.09,0.28,1.55,1.57,0.73
GO,112.17,112.17,110.12,102.16,103.06,109.76,91,82,12,87,16.55,0.54,16.41,15.26,1.88
MAMA,112.11,112.11,114.2,114.75,108.44,106.19,91,90,86,85,10.7,1.0,8.87,7.74,2.72
GROV,112.1,112.1,109.21,104.11,118.02,117.25,91,84,91,90,1.53,0.68,1.48,1.4,0.72
NTRS,112.0,112.59,113.03,113.47,104.52,109.48,91,89,13,87,131.5,0.99,127.6,109.75,2.35
CUPR,111.98,111.98,139.71,147.61,123.64,100.11,91,96,92,45,1.35,0.08,4.56,4.95,0.26
PLYM,111.93,111.93,108.4,95.28,97.2,88.42,91,7,7,4,22.02,0.96,18.18,16.65,1.88
CFG,111.92,111.92,111.04,106.49,101.34,107.89,91,86,10,86,53.55,1.0,49.54,43.76,2.01
SII,111.85,113.94,122.69,133.97,129.47,99.47,91,94,93,10,72.94,0.93,68.43,54.03,1.0
NTHI,111.82,111.82,97.36,85.4,105.81,100.11,91,3,83,45,11.99,0.65,6.35,6.72,3.45
SNT,111.77,114.54,119.06,123.29,166.09,205.67,91,93,97,97,4.49,0.85,4.4,3.81,0.75
YI,111.75,122.64,176.02,1348.13,433064.09,72494.44,91,99,99,99,5.22,0.45,6.71,6.34,2.0
GBR,111.74,116.64,116.88,118.38,94.96,100.23,91,91,6,79,1.05,0.34,0.97,1.01,0.45
INCY,111.72,111.72,111.5,106.56,99.9,106.55,91,86,9,85,86.53,0.99,79.86,70.35,3.07
FLUX,111.71,111.71,102.04,113.46,117.37,76.77,91,89,90,2,2.58,0.66,1.82,1.7,1.03
CLSK,111.64,111.64,118.94,125.66,106.69,143.47,91,93,83,95,13.62,0.63,10.79,9.99,2.11
LWAY,111.62,112.35,111.21,107.76,108.67,113.18,91,86,86,89,26.36,0.46,28.73,24.66,6.09
UBS,111.58,111.58,110.07,106.96,107.02,105.38,91,86,84,84,42.29,1.0,39.03,33.41,0.97
ORGN,111.54,111.54,108.6,95.57,78.07,75.71,91,8,2,2,0.52,0.07,0.64,0.75,0.71
TEN,111.48,112.22,112.06,109.3,105.51,88.51,91,88,82,4,22.72,0.83,20.83,17.99,0.88
PBI,111.44,112.92,115.49,116.39,128.15,123.12,91,90,93,92,11.79,0.85,11.69,9.65,1.48
MGA,111.28,111.28,110.66,106.58,96.43,100.99,91,86,7,80,46.94,0.98,43.84,38.73,1.13
GPMT,111.26,111.26,110.02,109.67,95.79,111.12,91,88,6,88,3.01,0.8,2.76,2.59,2.07
AHR,111.22,111.63,111.71,117.99,119.89,107.7,91,91,91,86,42.22,0.95,40.46,33.04,2.84
AOSL,111.15,111.25,111.25,106.2,98.45,123.34,91,85,8,92,28.62,0.38,27.62,29.17,1.98
IPGP,111.15,111.15,111.13,110.02,100.75,105.52,91,88,9,85,81.4,0.88,78.57,69.7,3.41
RPTX,111.12,111.14,110.95,117.95,105.76,86.97,91,91,83,3,1.71,0.26,1.6,1.45,0.3
AES,111.07,111.07,111.23,105.18,101.62,81.3,91,85,10,2,13.05,0.37,13.09,11.59,1.28
IRON,111.06,111.51,112.02,109.12,100.84,123.93,91,88,10,92,60.79,0.8,59.65,54.82,2.5
NPB,111.03,111.03,108.07,97.73,100.86,98.86,91,9,10,9,18.48,0.98,16.35,14.63,2.21
EXPE,111.02,111.02,108.75,102.47,108.49,117.64,91,82,86,90,222.43,0.94,201.38,180.37,2.07
USAU,110.93,110.93,116.41,145.21,150.39,124.98,91,95,96,92,15.93,1.0,12.35,10.15,1.88
SMMT,110.87,114.41,122.04,135.74,140.38,106.95,91,95,95,86,18.89,0.11,24.91,22.05,2.35
TCBX,110.85,110.85,109.12,102.82,107.79,119.37,91,82,85,91,40.28,0.95,38.23,34.33,3.73
BX,110.77,110.77,108.62,104.27,93.97,109.58,91,84,6,87,187.62,0.91,172.17,157.23,1.95
HAS,110.76,112.67,113.79,114.99,109.24,94.68,91,90,86,6,74.15,0.76,77.56,65.24,1.18
BCAB,110.76,110.76,102.66,106.96,98.25,100.14,91,86,8,79,0.62,0.17,0.45,0.5,1.0
GRPN,110.68,123.18,170.02,226.4,226.34,122.55,91,98,98,92,22.52,0.49,28.6,21.32,1.37
TIMB,110.61,111.88,113.08,127.3,128.79,99.82,90,93,93,10,21.72,1.0,19.98,16.06,0.31
BCO,110.57,110.57,108.6,97.47,101.01,91.71,90,9,10,5,113.97,0.9,104.4,93.01,3.14
INSW,110.57,110.61,110.17,107.0,104.89,90.38,90,86,14,4,47.61,0.9,42.66,36.77,2.28
PRSO,110.57,110.86,116.42,137.79,120.53,98.32,90,95,91,9,1.14,0.39,0.96,0.94,0.16
BTG,110.52,110.88,111.29,123.94,126.26,93.56,90,93,93,5,4.49,1.0,3.85,3.17,2.79
SHC,110.45,110.45,106.77,95.61,96.61,89.96,90,8,7,4,15.63,0.83,14.13,12.82,1.44
PEGA,110.41,110.62,116.55,125.76,114.76,128.81,90,93,89,93,59.68,0.98,54.8,47.83,3.07
CNTX,110.39,110.39,105.18,90.37,90.28,76.61,90,5,4,2,0.97,0.23,0.81,0.85,3.39
PACB,110.36,113.41,114.68,107.46,89.77,117.45,90,86,4,90,1.27,0.21,1.35,1.42,1.35
SNBR,110.32,110.32,109.53,108.72,88.16,113.2,90,87,4,89,8.28,0.23,9.11,10.77,0.98
BFH,110.32,110.44,110.27,106.67,101.09,117.47,90,86,10,90,63.46,0.86,62.12,56.59,2.14
DAL,110.31,110.31,109.65,105.18,102.09,121.9,90,85,11,92,59.76,0.74,57.76,54.49,1.86
MESA,110.3,110.3,106.58,109.43,115.26,120.94,90,88,89,91,1.34,0.91,1.19,1.1,1.59
ATLC,110.29,110.29,106.9,103.64,116.25,147.13,90,83,90,95,70.25,0.86,60.25,55.77,3.27
FOA,110.29,110.29,110.29,105.87,160.03,228.4,90,85,96,98,25.53,0.72,25.38,23.59,2.15
TCRX,110.24,110.32,111.34,106.05,73.53,80.14,90,85,2,2,1.79,0.14,1.79,1.96,1.03
ZH,110.22,110.22,106.96,99.07,131.61,126.98,90,11,94,93,5.2,0.77,4.71,4.23,1.08
SLND,110.06,110.34,116.28,118.66,113.18,106.8,90,91,89,86,4.49,0.86,4.3,3.66,3.96
BSVN,110.0,110.0,109.11,103.7,97.92,114.33,90,83,8,89,47.2,0.85,46.7,41.87,1.95
CBRE,109.96,109.96,109.57,103.81,104.71,105.53,90,83,13,85,164.14,0.97,155.92,138.0,1.82
PSIG,109.95,109.95,105.94,90.61,108.49,94.01,90,5,86,6,0.51,0.33,0.41,0.44,0.17
ADM,109.93,110.8,110.8,104.52,102.91,90.68,90,84,12,4,61.65,0.89,58.48,50.8,3.34
DSY,109.91,109.91,95.96,98.66,89.5,126.45,90,10,4,93,1.39,0.09,1.27,1.75,0.12
CURX,109.81,113.21,108.87,100.05,105.48,100.11,90,45,48,45,1.19,0.0,5.96,5.96,0.6
FRO,109.79,109.79,109.28,111.1,110.8,93.1,90,88,87,5,23.21,0.89,20.18,17.22,0.93
NRG,109.73,111.49,128.99,144.98,140.69,111.61,90,95,95,88,164.36,0.89,154.41,124.6,1.56
SNX,109.72,109.79,109.69,108.13,111.63,111.39,90,87,88,88,149.98,0.94,146.93,130.19,3.12
TPG,109.65,109.65,108.61,104.72,90.53,108.89,90,84,4,87,63.94,0.82,59.26,55.25,1.87
KPTI,109.61,109.61,105.09,81.77,79.02,107.94,90,3,2,86,5.41,0.17,5.32,6.68,0.9
LZ,109.58,109.58,108.16,105.92,121.28,120.29,90,85,92,91,10.95,0.95,10.0,8.94,1.44
KNOP,109.54,109.54,107.39,116.58,118.37,93.33,90,90,91,5,9.03,1.0,7.56,6.44,1.37
OPTT,109.49,111.66,121.03,130.94,556.95,758.6,90,94,99,99,0.53,0.27,0.55,0.56,0.75
EHLD,109.41,109.54,109.9,106.72,96.64,100.17,90,86,7,79,7.07,0.2,7.23,6.88,0.26
ERJ,109.38,110.55,110.63,110.35,129.17,123.39,90,88,93,92,57.94,0.89,55.64,47.82,0.5
EDRY,109.29,109.29,106.46,96.9,86.87,73.17,90,9,3,2,12.58,0.36,10.88,10.41,3.97
FROG,109.29,109.29,110.72,117.0,115.44,115.04,90,91,90,90,49.8,0.97,45.04,38.16,0.8
SMHI,109.24,109.24,109.2,105.32,93.8,84.51,90,85,6,3,6.83,0.47,6.04,5.8,4.55
AISP,109.22,109.33,126.1,131.94,198.05,222.16,90,94,97,98,5.86,0.79,5.03,4.67,1.45
Z,109.16,109.16,107.71,102.2,107.18,121.02,90,82,84,91,86.74,0.89,83.23,75.52,1.66
NXST,109.15,109.15,108.52,105.78,112.03,98.64,90,85,88,9,208.94,0.99,196.24,169.43,2.49
HYLN,109.12,109.12,108.23,102.12,87.14,136.2,90,82,3,94,1.98,0.31,1.64,1.81,2.6
AIR,109.1,110.35,112.03,111.56,103.77,101.18,90,88,13,80,75.3,0.73,75.73,66.7,2.04
AYI,109.09,109.09,108.19,103.33,97.9,110.02,90,83,8,88,336.69,0.94,317.91,293.65,2.38
VRNS,109.07,109.62,111.14,110.17,106.2,90.06,90,88,83,4,58.06,0.91,55.62,47.66,2.19
WEX,109.06,109.22,109.03,104.52,91.65,89.16,90,84,5,4,163.44,0.48,168.08,156.92,2.19
RYAM,109.04,109.04,101.49,81.94,85.77,102.58,90,3,3,82,7.13,0.55,5.04,5.65,2.85
ALTI,109.02,113.29,116.59,114.8,101.0,102.81,90,90,10,82,3.88,0.56,4.22,3.81,9.04
CPRI,109.01,109.01,107.45,102.67,95.19,92.14,90,82,6,5,20.5,0.26,20.26,19.75,1.16
CURI,108.81,110.71,146.43,216.54,222.71,136.14,90,98,98,94,5.27,0.75,4.43,3.48,1.74
PLUR,108.75,108.75,108.41,120.79,116.5,94.69,90,92,90,6,4.6,0.31,5.01,4.72,0.23
MTR,108.7,113.15,113.15,106.79,105.32,108.53,90,86,14,87,5.65,0.22,5.63,5.76,0.25
HGV,108.69,109.23,109.48,111.04,101.76,105.2,90,88,11,84,44.53,0.64,46.53,41.11,1.63
VOD,108.69,109.48,110.16,111.15,115.48,98.22,90,88,90,9,11.41,0.85,11.48,9.65,0.82
LHSW,108.6,108.6,104.13,93.52,101.6,100.11,90,6,10,45,2.87,0.53,2.44,2.49,5.1
OPI,108.48,108.48,87.55,64.59,66.49,75.4,90,2,1,2,0.39,0.11,0.28,0.54,0.85
WMS,108.42,108.42,107.04,98.81,98.14,88.38,90,10,8,4,143.17,0.71,131.78,119.49,1.27
NWPX,108.42,108.42,105.83,95.28,94.86,112.25,90,7,6,89,52.73,0.76,47.89,45.34,6.04
TEX,108.4,108.71,112.06,115.0,101.73,98.31,90,90,11,9,51.97,0.78,50.85,45.41,1.93
CIB,108.37,108.38,108.05,119.29,137.21,122.79,89,91,94,92,51.88,0.94,48.14,40.09,1.28
BBUC,108.37,108.37,107.5,110.04,113.87,102.85,89,88,89,82,35.32,0.95,32.2,27.81,3.03
ENVA,108.33,108.33,106.93,102.44,106.78,116.76,89,82,84,90,126.02,0.98,112.91,103.31,2.06
AGYS,108.31,111.78,126.96,128.63,105.38,116.87,89,93,14,90,105.62,0.52,110.85,101.25,3.39
PUK,108.26,108.8,110.69,126.9,133.2,107.07,89,93,94,86,27.56,0.96,26.04,21.2,0.95
AXGN,108.25,108.25,100.79,79.8,130.78,130.09,89,2,94,93,17.2,0.73,14.55,15.11,0.69
PVL,108.19,110.48,111.64,111.17,110.79,96.56,89,88,87,7,1.92,0.85,1.88,1.62,4.35
JVA,108.19,108.65,112.99,112.21,159.67,161.19,89,89,96,96,5.32,0.38,4.35,4.27,1.33
FTDR,108.1,108.56,112.27,119.98,106.29,112.05,89,92,83,88,66.88,0.99,60.33,53.97,2.56
CYBR,108.1,108.1,107.05,108.11,117.2,118.77,89,87,90,91,490.64,1.0,426.82,374.94,0.69
ETHMU,108.09,108.09,107.35,103.1,106.65,100.38,89,83,83,79,12.18,0.61,11.96,10.55,0.0
NMG,108.06,108.06,105.8,111.1,135.43,134.39,89,88,94,94,2.27,0.94,1.97,1.79,1.25
PACK,108.02,108.02,104.34,86.19,104.13,112.69,89,3,13,89,5.06,0.38,4.35,5.13,1.83
KBSX,108.01,113.33,121.02,215.86,242.61,99.27,89,98,98,9,1.49,0.01,1.68,4.15,6.28
OMF,107.92,108.24,108.24,107.92,102.85,111.88,89,87,12,88,60.83,0.93,58.67,52.3,1.42
SENEA,107.91,108.22,108.18,113.51,124.47,118.28,89,89,92,91,103.05,0.8,106.08,90.04,3.04
RL,107.82,107.95,111.75,115.45,117.34,122.05,89,90,90,92,312.45,0.94,298.41,258.68,2.15
OBLG,107.81,114.52,140.18,149.69,115.97,107.3,89,96,90,86,3.07,0.31,3.55,3.52,1.11
BZUN,107.74,107.74,101.53,98.87,129.34,129.34,89,10,93,93,4.16,0.76,3.21,3.01,0.99
SF,107.69,107.72,107.67,105.35,99.74,111.9,89,85,9,88,115.0,0.97,112.4,102.87,3.48
STT,107.68,108.13,108.45,108.48,101.83,105.97,89,87,11,85,113.5,0.94,111.5,98.49,1.65
BDL,107.68,110.77,121.12,120.67,108.55,98.26,89,92,86,9,31.73,0.72,30.96,26.95,1.33
VAC,107.63,108.03,108.05,109.84,95.17,115.3,89,88,6,90,76.32,0.59,76.85,73.79,4.3
JBTM,107.6,108.21,108.61,106.18,113.58,125.13,89,85,89,92,134.84,0.77,137.81,124.5,4.89
SYPR,107.56,108.02,113.11,114.68,150.25,153.55,89,90,96,95,2.34,0.59,2.02,1.9,0.35
NU,107.54,107.54,105.38,108.33,105.75,90.25,89,87,83,4,16.17,1.0,13.73,12.34,1.02
RYAAY,107.52,109.82,115.93,115.97,114.19,104.35,89,90,89,84,55.79,0.62,61.37,51.17,1.22
KALV,107.5,108.23,108.77,121.81,138.14,104.94,89,92,95,84,13.17,0.67,13.99,11.77,1.62
META,107.48,108.37,111.5,111.59,110.1,111.7,89,88,87,88,778.38,0.96,746.63,660.37,2.02
CVE,107.43,107.5,107.38,103.46,97.98,90.86,89,83,8,4,16.99,0.88,15.55,14.16,1.74
SMXT,107.42,107.42,105.86,96.88,146.02,201.35,89,9,95,97,1.11,0.29,1.11,1.27,0.16
REKR,107.39,107.39,118.53,124.75,187.35,185.12,89,93,97,97,1.79,0.57,1.2,1.24,4.04
ITP,107.36,107.36,106.87,106.6,217.05,211.72,89,86,98,98,0.24,0.16,0.21,0.27,0.73
AGIO,107.35,108.95,111.23,109.7,92.85,102.7,89,88,5,82,37.7,0.35,37.66,34.6,1.57
SAH,107.33,109.61,111.07,114.19,108.53,114.64,89,90,86,89,78.6,0.73,78.91,70.12,1.1
SLSN,107.3,113.77,135.88,166.92,146.83,169.45,89,96,96,97,3.46,0.55,3.58,3.15,2.04
VG,107.29,114.76,131.31,133.03,88.79,96.72,89,94,4,7,13.25,0.37,13.99,13.29,6.84
MS,107.29,107.29,106.86,107.17,106.24,116.7,89,86,83,90,159.91,1.0,146.41,130.35,2.85
SGHT,107.27,112.1,123.3,131.81,122.24,67.27,89,94,92,1,3.6,0.33,3.75,3.34,1.94
ASRT,107.27,107.27,103.93,97.94,85.28,83.01,89,10,3,3,0.9,0.48,0.77,0.75,2.26
OBE,107.23,108.83,110.22,108.33,103.8,97.37,89,87,13,8,6.2,0.91,5.88,5.43,1.67
MRVI,107.21,107.21,103.33,98.19,69.11,78.42,89,10,2,2,2.7,0.14,2.5,3.13,2.62
IMXI,107.13,107.13,101.21,81.28,86.85,106.58,89,2,3,86,14.4,0.43,12.4,14.36,0.91
EBON,107.12,107.12,103.16,98.44,83.44,121.2,89,10,3,92,5.06,0.3,4.33,4.67,3.47
BKD,107.11,107.78,108.63,121.03,128.75,94.73,89,92,93,6,7.91,0.97,7.59,6.32,1.55
SBCF,107.07,107.07,105.99,101.64,98.73,101.47,89,81,8,81,30.94,0.94,29.43,26.91,2.6
DOCS,107.04,107.04,105.28,97.28,139.02,140.34,89,9,95,95,72.82,0.76,64.6,60.25,1.84
IBEX,107.03,107.03,107.02,116.84,123.06,120.29,89,90,92,91,40.94,0.96,30.68,26.35,1.94
PSHG,107.01,110.83,112.02,109.92,99.89,95.02,89,88,9,6,1.85,0.67,1.85,1.69,0.72
ICON,106.98,109.98,109.98,91.52,28.08,105.14,89,5,1,84,2.23,0.01,2.37,17.54,0.27
IMNM,106.92,108.35,112.16,111.96,92.73,89.65,89,89,5,4,9.39,0.41,9.99,9.51,2.54
WOR,106.88,108.94,114.92,136.45,135.68,102.45,89,95,94,82,61.06,0.79,63.6,51.99,2.57
ROK,106.86,108.41,114.44,118.43,107.55,105.03,89,91,85,84,347.82,0.93,345.42,299.09,1.16
MSB,106.8,106.8,105.0,108.12,129.33,125.81,89,87,93,93,30.92,0.9,29.92,26.19,0.58
ECO,106.69,106.69,105.19,105.36,106.9,92.87,89,85,84,5,29.28,0.7,25.96,23.02,0.76
ICLR,106.69,106.69,105.61,94.72,86.99,85.52,89,7,3,3,174.0,0.27,169.72,171.95,1.34
CCRD,106.64,110.49,124.37,128.81,120.69,143.08,89,94,92,95,26.97,0.79,27.47,24.02,1.1
PRG,106.64,106.64,105.08,99.76,87.69,92.44,89,11,4,5,35.5,0.46,32.94,32.96,4.22
SPPL,106.56,106.56,97.02,92.58,209.46,1046.32,88,6,98,99,5.79,0.31,3.38,4.35,5.2
AVD,106.46,106.46,102.17,93.42,97.36,98.4,88,6,7,9,5.4,0.66,4.74,4.69,1.61
KNDI,106.45,106.45,104.53,96.34,127.74,108.82,88,8,93,87,1.34,0.38,1.32,1.23,0.18
BN,106.44,106.44,106.63,108.31,103.49,105.68,88,87,12,85,71.81,1.0,66.4,59.04,1.06
ILMN,106.44,106.75,107.18,104.77,81.72,104.67,88,84,2,84,102.75,0.38,99.76,100.75,2.0
AMX,106.4,106.4,105.97,114.43,115.62,94.99,88,90,90,6,20.16,0.95,18.96,16.17,1.69
BEPC,106.4,107.78,109.86,110.82,109.01,98.91,88,88,86,9,33.76,0.78,34.13,29.5,1.3
HNRG,106.38,106.38,116.69,152.89,156.31,159.19,88,96,96,96,19.49,0.88,17.08,14.24,1.23
BZH,106.34,106.36,105.7,101.46,90.35,94.79,88,81,4,6,24.91,0.39,24.7,23.84,2.0
SOC,106.33,106.74,117.08,120.88,124.74,122.47,88,92,93,92,23.56,0.42,26.74,24.63,1.36
GLSI,106.31,106.31,104.32,98.73,92.3,92.02,88,10,5,5,11.46,0.41,11.54,11.17,1.5
ARQT,106.31,106.31,104.35,109.92,135.42,135.15,88,88,94,94,17.38,0.94,15.75,14.42,1.25
OPY,106.22,106.22,104.78,104.63,111.53,123.47,88,84,88,92,78.17,0.95,72.65,65.24,2.05
GNTY,106.15,106.15,104.94,105.67,118.76,111.86,88,85,91,88,49.74,0.99,44.65,39.32,2.55
ATNM,106.13,106.45,113.64,135.31,137.53,84.94,88,95,95,3,1.59,0.6,1.66,1.44,0.78
COF,106.04,106.15,106.51,109.76,108.93,117.59,88,88,86,90,228.32,0.98,218.23,195.01,1.38
DIOD,106.03,107.1,109.14,109.81,89.91,100.81,88,88,4,80,53.94,0.61,53.15,51.7,2.67
BHM,106.03,109.74,112.91,110.44,93.27,95.01,88,88,5,6,11.46,0.3,13.24,12.09,7.19
MRAM,106.02,106.02,103.51,110.0,101.58,102.89,88,88,10,82,7.95,0.95,6.55,6.03,1.35
NMM,105.99,105.99,105.41,100.53,91.88,87.56,88,80,5,3,48.24,0.55,44.66,41.27,1.02
MMS,105.97,105.97,104.13,100.7,102.32,89.07,88,80,11,4,88.98,0.9,81.11,73.12,1.84
TK,105.88,107.07,109.62,118.98,117.2,99.56,88,91,90,10,8.57,0.93,7.89,6.77,1.18
MARA,105.88,105.88,110.58,117.94,104.03,138.28,88,91,13,94,18.29,0.46,16.66,16.32,1.18
TSLA,105.87,105.87,106.4,111.79,109.31,157.6,88,89,86,96,426.07,0.8,340.27,332.77,1.06
NOC,105.84,106.04,106.04,104.21,108.42,95.72,88,84,86,7,573.03,0.87,570.9,502.54,1.91
BLCO,105.8,105.8,103.98,95.28,86.87,95.32,88,7,3,7,15.19,0.43,14.42,14.72,1.72
ASPN,105.76,105.76,106.39,106.0,70.06,62.25,88,85,2,1,6.84,0.1,7.11,8.05,0.96
VMI,105.72,105.72,105.6,104.01,104.38,110.91,88,84,13,88,375.11,0.91,365.2,329.39,1.49
BLDR,105.71,105.91,104.83,95.23,86.87,88.12,88,7,3,3,124.15,0.2,135.0,134.69,2.07
TACT,105.69,105.69,103.05,96.34,98.7,98.07,88,8,8,8,4.83,0.98,4.14,3.96,2.12
WAL,105.68,105.68,104.26,99.06,96.82,100.79,88,11,7,80,90.98,0.9,84.17,80.15,2.96
NE,105.63,107.15,109.03,109.9,96.33,93.88,88,88,7,6,28.24,0.6,27.77,26.39,10.16
CEP,105.61,115.99,200.0,371.33,335.07,101.96,88,99,98,81,22.34,0.31,26.17,21.08,0.75
SSD,105.57,105.57,104.83,98.95,97.86,94.75,88,10,8,6,181.87,0.74,181.88,166.74,1.78
GRRR,105.51,106.82,114.63,140.54,541.47,541.47,88,95,98,99,21.49,0.47,17.78,18.95,2.19
FNB,105.48,105.48,104.96,102.34,96.97,106.11,88,82,7,85,16.29,0.91,15.84,14.55,1.83
FVCB,105.47,105.47,104.95,105.17,100.11,102.18,88,85,9,82,13.39,0.8,13.17,12.0,2.87
NAK,105.45,111.69,131.48,194.38,193.88,160.92,88,97,97,96,0.87,0.28,0.98,0.92,0.4
GRBK,105.42,105.42,104.53,99.92,102.06,86.86,88,11,11,3,71.26,0.59,68.33,62.09,2.22
TX,105.42,105.42,105.06,102.23,103.23,93.81,88,82,12,6,35.19,0.98,32.69,29.46,1.68
XHR,105.4,105.4,104.45,100.61,93.54,98.89,88,80,5,9,14.78,0.84,13.56,13.03,2.57
AUGO,105.39,105.39,102.93,100.05,105.48,100.11,88,45,48,45,31.97,0.92,27.61,27.61,1.84
ZVIA,105.37,111.77,124.62,133.08,183.21,307.86,88,94,97,98,2.38,0.35,2.9,2.97,1.83
ACCS,105.37,109.5,117.83,118.01,105.17,96.85,88,91,14,8,10.12,0.45,11.36,10.06,0.73
ASC,105.35,105.35,103.44,96.62,93.68,83.63,88,8,5,3,12.71,0.45,11.14,10.51,1.5
BLK,105.35,105.35,105.57,105.14,100.65,105.5,88,85,9,84,1142.85,0.97,1115.01,1004.65,2.59
LGPS,105.33,105.33,98.78,111.71,162.18,100.11,88,89,96,45,1.07,0.05,1.04,1.93,0.22
EM,105.26,105.26,104.39,107.86,164.88,159.93,88,86,97,96,1.35,0.97,1.24,1.09,0.18
SKYW,105.22,106.28,107.41,106.65,100.61,120.14,88,86,9,91,104.24,0.56,113.66,103.44,2.09
AEON,105.19,107.67,112.93,106.06,36.99,113.9,88,85,1,89,0.76,0.0,0.76,7.36,0.84
SNEX,105.14,105.58,105.58,115.5,126.94,118.41,88,90,93,91,92.75,0.77,95.41,83.0,2.67
PMI,105.13,105.13,98.81,100.05,105.48,100.11,88,45,48,45,7.53,0.98,6.52,6.52,1.14
CRS,105.12,108.24,120.03,130.43,120.83,115.08,88,94,92,90,239.83,0.66,254.76,217.28,4.18
NYAX,105.09,106.6,108.04,124.32,130.87,129.52,88,93,94,93,47.67,0.85,46.24,39.98,1.03
LEN,105.07,105.07,103.52,94.62,88.52,90.3,88,7,4,4,127.32,0.32,125.53,121.08,5.01
MYGN,105.04,105.04,98.3,74.25,70.52,68.82,88,2,2,1,7.77,0.17,5.76,8.59,1.46
APWC,105.03,105.03,103.37,108.06,112.13,112.03,88,87,88,88,2.21,1.0,1.81,1.63,7.52
VRTS,105.01,105.4,105.43,104.03,91.67,108.04,88,84,5,86,190.67,0.5,196.84,186.14,1.63
LYV,105.0,105.35,104.93,106.2,109.31,117.33,87,85,86,90,163.72,0.85,158.87,142.61,1.76
FIBK,104.97,104.97,103.22,97.93,97.34,105.22,87,10,7,84,33.45,0.96,30.73,29.18,2.56
MCHPP,104.87,108.11,117.86,125.82,113.72,100.11,87,93,89,45,60.39,0.75,61.7,56.82,0.66
EVGO,104.84,106.19,114.84,124.61,118.04,156.94,87,93,91,96,4.45,0.32,3.83,3.63,1.41
STKL,104.82,105.73,109.46,114.3,95.37,113.66,87,90,6,89,6.23,0.6,6.23,6.22,0.88
CRH,104.78,104.78,103.15,97.08,103.67,102.53,87,9,12,82,113.09,0.96,105.87,97.44,1.43
OCFT,104.78,107.2,118.52,170.71,252.25,229.02,87,97,98,98,7.28,0.96,7.35,5.76,0.37
LGCL,104.74,125.28,155.1,167.52,99.26,76.44,87,97,9,2,0.16,0.02,0.58,0.58,3.41
CSTL,104.69,104.69,102.78,86.83,84.26,96.66,87,4,3,7,24.41,0.49,19.99,21.89,1.28
MSFT,104.68,106.02,110.65,112.74,108.72,97.92,87,89,86,8,517.93,0.91,511.15,447.1,2.51
HUBC,104.66,104.66,102.26,93.44,212.4,206.2,87,6,98,97,2.19,0.04,2.83,4.15,0.68
ETN,104.64,105.09,108.75,111.39,103.43,103.29,87,88,12,83,374.5,0.88,363.15,327.54,1.46
POLA,104.64,104.64,97.87,82.67,105.96,105.68,87,3,83,85,2.88,0.49,2.13,2.36,0.19
TSCO,104.58,104.64,104.54,99.37,103.0,99.06,87,11,12,9,59.66,0.8,59.41,54.55,1.36
PRSU,104.56,104.56,101.55,88.42,98.64,116.58,87,4,8,90,36.61,0.51,33.88,35.03,1.19
CUE,104.49,104.91,103.19,91.2,135.99,260.29,87,5,94,98,0.67,0.15,0.8,0.93,1.17
ACM,104.49,104.49,104.26,106.26,104.68,104.47,87,85,13,84,132.48,0.99,120.25,108.01,3.31
GAIA,104.48,104.48,102.7,107.51,105.01,103.57,87,86,14,83,6.12,0.9,4.95,4.75,6.32
UGP,104.47,104.47,102.78,107.53,112.38,88.54,87,86,88,4,3.89,0.94,3.33,3.02,0.69
RNW,104.46,104.6,105.22,105.94,106.97,108.75,87,85,84,87,7.61,0.92,7.63,6.83,1.84
PLAY,104.43,114.07,126.39,131.26,101.6,104.99,87,94,10,84,19.61,0.14,26.37,25.11,2.36
ENR,104.42,104.42,99.58,85.9,95.35,115.07,87,3,6,90,28.83,0.5,26.62,27.78,2.31
IOVA,104.39,104.39,102.56,83.85,60.26,90.01,87,3,1,4,2.05,0.04,2.47,3.84,1.27
JXN,104.39,104.39,103.93,99.85,97.32,104.47,87,11,7,84,100.79,0.78,92.24,86.17,6.31
AAUC,104.37,105.24,113.03,144.93,151.75,126.62,87,95,96,93,15.8,1.0,13.7,11.35,3.44
NDAQ,104.32,105.75,107.23,107.21,104.84,103.51,87,86,14,83,89.57,0.77,93.42,82.78,3.84
PH,104.31,104.31,104.26,104.79,101.65,103.32,87,84,11,83,755.68,0.95,738.28,669.16,1.22
CANG,104.3,106.18,115.08,123.59,163.89,269.18,87,93,97,98,4.45,0.45,4.87,4.54,1.8
RPAY,104.25,104.25,102.97,97.79,86.81,93.23,87,9,3,5,5.45,0.33,5.41,5.84,1.43
NBIX,104.25,104.35,104.35,106.54,102.37,113.02,87,86,11,89,145.23,0.88,135.14,125.77,1.94
ALK,104.24,104.24,102.76,95.68,129.16,140.94,87,8,93,95,57.25,0.47,56.76,57.2,1.95
APAM,104.23,105.18,105.4,105.7,99.41,105.33,87,85,9,84,45.73,0.87,45.91,41.89,1.8
EEX,104.22,105.23,108.08,114.5,106.61,105.4,87,90,83,84,5.14,0.92,5.02,4.56,5.73
ATCH,104.16,104.16,65.4,39.94,49.31,124.11,87,1,1,92,0.92,0.04,0.29,2.58,1.98
WKSP,104.16,104.16,101.97,93.98,125.77,182.6,87,7,93,97,3.36,0.1,3.46,5.0,1.23
AVBH,104.15,104.15,101.82,93.27,111.5,107.7,87,6,88,86,26.23,0.98,23.76,22.16,9.8
CBRL,104.14,109.31,123.62,129.41,111.49,122.36,87,94,88,92,43.5,0.24,58.45,52.93,2.15
HOG,104.11,104.11,102.16,94.93,93.32,85.42,87,7,5,3,28.32,0.44,26.73,26.0,2.21
HEI,104.1,105.77,110.08,113.68,115.14,95.4,87,89,89,7,318.75,0.84,317.9,275.87,1.11
UBER,104.09,104.14,105.85,116.63,119.95,102.54,87,90,91,82,98.51,0.99,92.63,80.28,2.14
GIL,104.06,104.06,103.48,101.83,104.25,104.35,87,81,13,84,56.18,0.99,53.33,48.94,1.66
MFIN,104.05,104.05,103.63,106.44,108.56,113.78,87,86,86,89,10.52,0.92,10.17,9.18,2.82
DLPN,104.0,104.0,104.29,108.49,108.81,95.12,87,87,86,6,1.35,0.72,1.19,1.11,0.14
MPC,103.99,104.7,106.13,111.46,107.25,96.06,87,88,84,7,185.46,1.0,172.7,153.94,3.19
NNBR,103.94,103.94,102.83,95.6,82.71,102.11,87,8,3,81,2.24,0.23,2.26,2.52,1.12
GRC,103.91,103.91,102.29,98.84,101.04,102.16,87,10,10,81,44.9,1.0,41.28,38.05,4.35
WMG,103.89,103.89,101.94,91.85,106.6,104.02,87,5,83,83,33.54,0.79,31.92,30.43,1.46
WNC,103.86,104.24,104.28,97.2,80.74,95.38,87,9,2,7,10.88,0.31,10.64,11.89,1.09
VCTR,103.82,104.36,104.52,103.55,102.75,112.5,87,83,12,89,67.05,0.76,69.23,63.39,2.14
SRDX,103.72,104.17,104.29,101.75,89.53,97.07,87,81,4,8,32.37,0.42,34.24,32.82,0.86
KBH,103.69,103.69,101.69,92.64,87.87,88.42,87,6,4,4,63.94,0.38,60.84,59.89,2.57
AZ,103.66,108.59,123.53,136.54,152.84,303.19,87,95,96,98,8.66,0.68,9.55,8.2,1.56
BURL,103.65,103.65,103.27,99.56,98.44,104.34,87,11,8,83,263.11,0.55,276.54,259.54,1.23
ZS,103.57,106.97,119.97,133.22,128.64,108.96,87,94,93,87,294.27,0.85,280.64,238.69,1.21
ENSG,103.57,104.52,104.6,107.7,107.01,93.82,87,86,84,6,164.29,0.82,159.55,142.84,2.59
AAL,103.54,103.54,102.48,98.32,107.56,136.67,87,10,85,94,12.45,0.35,12.48,13.13,1.09
SOPH,103.52,103.72,103.64,99.86,113.85,109.47,87,11,89,87,3.32,0.3,3.36,3.28,0.76
HSII,103.51,103.51,103.05,100.48,104.45,113.79,86,80,13,89,49.83,0.87,47.96,44.44,4.08
MSGE,103.51,103.51,102.58,107.61,104.22,90.75,86,86,13,4,45.15,0.95,40.05,36.48,1.4
PERF,103.44,105.1,105.33,110.33,122.02,134.42,86,88,92,94,1.96,0.21,2.07,2.08,0.59
DEC,103.39,105.56,106.45,106.29,108.13,132.39,86,85,85,94,14.02,0.62,15.01,13.97,2.64
XPO,103.32,103.73,104.11,107.98,96.25,120.41,86,87,7,91,130.94,0.59,129.55,125.34,1.02
RNG,103.32,103.32,102.0,95.7,89.92,115.77,86,8,4,90,31.22,0.48,28.91,29.65,0.96
VTRS,103.31,103.67,103.7,98.09,88.54,105.81,86,10,4,85,9.9,0.49,9.75,9.64,4.49
NIC,103.31,103.31,103.07,106.26,111.59,107.95,86,85,88,86,133.63,0.87,132.9,118.72,2.66
SGC,103.29,103.29,102.28,91.72,91.09,104.71,86,5,5,84,11.26,0.26,11.54,12.14,3.3
NNVC,103.26,104.27,116.22,117.7,117.63,96.06,86,91,90,7,1.47,0.6,1.52,1.39,1.22
WHG,103.25,103.67,103.66,102.83,114.46,110.56,86,82,89,88,17.66,0.83,17.32,15.77,5.56
BABA,103.22,103.22,98.95,108.0,144.48,126.99,86,87,95,93,162.81,0.96,128.36,115.0,1.01
EZPW,103.21,103.21,100.56,108.6,129.26,110.77,86,87,93,88,17.72,0.98,15.54,14.09,3.71
MGYR,103.21,104.15,106.0,107.02,110.5,111.45,86,86,87,88,17.44,0.99,17.06,15.24,2.67
HCM,103.17,103.36,106.26,105.2,108.41,98.45,86,85,85,9,17.04,0.55,16.63,15.31,0.63
VTS,103.11,104.42,104.81,99.88,101.14,103.23,86,11,10,83,23.2,0.59,24.39,23.11,2.2
SPFI,103.06,103.11,102.97,102.44,102.1,105.97,86,82,11,85,39.22,0.79,39.25,35.81,2.64
FTK,103.04,108.43,142.57,168.85,155.89,160.78,86,97,96,96,13.02,0.7,12.19,10.6,3.42
VOYA,103.02,103.02,102.72,101.49,96.52,98.66,86,81,7,9,76.61,0.81,73.3,68.67,1.3
UPLD,103.01,103.01,97.06,75.0,130.33,175.95,86,2,93,97,2.5,0.22,2.28,2.94,0.31
MBC,102.99,102.99,99.77,88.12,90.89,89.58,86,4,4,4,13.1,0.35,12.35,13.14,1.85
HXL,102.98,102.99,102.91,99.77,101.14,103.05,86,11,10,83,61.86,0.64,61.74,58.97,2.11
PDD,102.97,102.97,100.73,95.77,115.07,108.98,86,8,89,87,129.47,0.62,118.59,110.83,1.96
STN,102.91,104.63,111.22,120.4,120.3,100.3,86,92,91,79,109.62,0.93,109.42,93.51,4.15
ORRF,102.85,102.85,101.94,98.47,91.42,104.4,86,10,5,84,35.45,0.67,33.88,32.44,1.29
PFSI,102.82,102.82,99.94,97.07,102.26,97.7,86,9,11,8,125.02,0.95,106.87,101.5,1.53
OVBC,102.78,102.78,100.71,123.24,143.54,108.59,86,92,95,87,38.95,1.0,35.38,30.73,6.8
ASB,102.74,102.74,102.43,103.5,99.55,111.92,86,83,9,88,26.27,0.9,25.45,23.72,1.66
MSM,102.72,102.74,102.63,102.71,103.38,97.59,86,82,12,8,90.99,0.92,88.85,81.22,2.53
GL,102.71,102.71,101.69,102.48,117.12,112.42,86,82,90,89,145.43,1.0,136.36,123.61,2.25
HCWC,102.7,102.7,92.12,86.18,79.08,71.35,86,3,2,1,0.82,0.16,0.45,0.62,1.17
WNW,102.62,102.62,98.79,97.52,75.59,177.73,86,9,2,97,2.0,0.01,1.87,7.52,1.14
ZBRA,102.59,102.89,104.95,105.95,88.34,104.02,86,85,4,83,318.54,0.51,321.18,320.11,1.15
ARES,102.59,103.12,105.66,106.81,101.75,109.66,86,86,11,87,183.0,0.86,181.46,169.05,1.54
KALU,102.58,104.04,110.55,118.41,102.71,107.49,86,91,12,86,77.2,0.66,79.03,71.78,2.4
KELYA,102.57,102.57,100.99,95.14,92.09,84.37,86,7,5,3,14.06,0.29,13.44,12.88,2.84
TBI,102.52,105.63,116.2,118.81,90.51,100.57,86,91,4,79,6.42,0.5,6.3,6.4,4.47
PNR,102.52,102.52,102.85,106.02,101.88,104.98,86,85,11,84,110.3,0.94,106.42,98.55,1.43
BMR,102.52,105.37,116.51,121.65,108.33,120.43,86,92,85,91,3.02,0.28,3.03,3.08,0.39
ZNTL,102.51,103.02,103.56,91.25,74.72,87.56,86,5,2,3,1.52,0.15,1.53,1.82,1.55
BCAL,102.51,102.51,101.34,100.73,98.09,108.05,86,80,8,86,17.43,0.91,16.35,15.55,1.25
EB,102.47,102.47,101.18,98.76,92.56,118.71,86,10,5,91,3.04,0.57,2.58,2.73,1.86
CLMB,102.47,102.47,99.96,92.52,106.74,121.4,86,6,84,92,132.17,0.85,117.05,116.29,0.82
GLIBK,102.36,102.36,102.09,100.05,105.48,100.11,86,45,48,45,35.49,0.6,35.19,35.19,2.35
FLR,102.35,106.6,116.89,120.22,98.82,108.83,86,92,8,87,44.6,0.49,45.64,44.1,2.64
ENS,102.33,102.33,99.95,93.38,102.97,101.01,86,6,12,80,109.99,0.96,97.65,93.25,3.27
MBUU,102.31,102.88,104.13,101.47,91.44,102.75,86,81,5,82,32.08,0.34,34.35,33.74,2.18
OPRT,102.3,103.97,112.7,128.85,173.76,173.26,86,94,97,97,7.1,0.75,6.34,5.76,3.28
AMBP,102.3,105.65,120.72,142.58,135.41,96.59,86,95,94,7,3.86,0.67,3.86,3.29,2.77
WD,102.29,102.29,99.76,89.4,88.64,95.16,86,4,4,7,87.23,0.46,80.68,81.69,3.1
CJMB,102.21,102.21,106.43,123.19,147.14,125.99,86,92,96,93,4.99,0.49,4.96,4.82,0.35
AVO,102.2,103.77,104.48,102.54,95.04,99.33,86,82,6,9,12.52,0.59,12.4,11.79,3.93
INTT,102.17,102.17,102.7,99.37,112.95,117.58,86,11,88,90,7.85,0.57,7.19,7.35,0.99
LBTYB,102.16,102.16,100.93,90.98,89.86,79.56,86,5,4,2,11.61,0.19,11.24,11.12,5.18
FFIV,102.15,102.15,102.34,103.78,116.2,117.62,86,83,90,90,328.69,0.95,313.28,285.2,2.61
MD,102.13,102.13,100.65,101.55,112.81,126.8,86,81,88,93,16.27,0.86,14.96,14.22,2.47
HBAN,102.13,102.15,101.94,103.7,99.41,108.98,86,83,9,87,17.72,0.97,16.87,15.84,1.13
NLY,102.13,102.13,101.36,97.89,112.5,108.12,86,10,88,86,21.35,0.84,20.91,19.18,2.98
SWK,102.09,102.09,100.49,95.68,95.91,93.16,85,8,7,5,76.67,0.43,72.84,73.23,2.74
INUV,102.08,102.57,112.23,119.32,180.06,198.55,85,91,97,97,3.57,0.3,4.27,4.24,2.1
VICR,102.08,102.08,100.69,94.94,116.99,132.06,85,7,90,94,52.88,0.57,48.69,49.11,1.16
UCB,102.06,102.06,101.6,100.04,101.49,109.64,85,11,10,87,32.23,0.86,31.44,29.96,2.74
FNV,102.0,102.0,100.71,119.82,130.54,111.46,85,92,94,88,213.93,1.0,177.75,155.62,3.03
HIFS,101.99,101.99,99.64,99.52,102.61,104.26,85,11,12,83,284.43,0.85,264.23,253.32,2.73
FSV,101.98,101.98,101.53,100.11,101.03,100.06,85,79,10,10,201.59,0.86,195.96,180.78,1.29
VRCA,101.96,108.5,123.05,126.64,96.79,72.94,85,93,7,2,4.39,0.02,6.05,6.27,38.71
SPOK,101.96,102.67,103.32,103.74,107.27,104.95,85,83,85,84,17.42,0.8,17.67,16.14,1.0
SCHW,101.94,103.21,105.85,110.33,110.75,111.76,85,88,87,88,94.33,0.88,95.24,84.36,1.62
ITUB,101.88,102.24,104.26,123.6,126.92,100.3,85,93,93,79,7.33,1.0,6.7,5.77,1.3
SPOT,101.87,103.49,108.76,122.26,133.17,130.79,85,92,94,93,734.92,0.9,693.66,614.87,0.79
PX,101.86,101.86,99.01,92.31,104.02,114.87,85,6,13,89,11.97,0.6,12.11,11.86,2.94
MRVL,101.8,103.15,106.4,105.37,110.96,139.61,85,85,87,95,74.26,0.33,72.64,80.77,1.6
BOKF,101.79,101.79,100.55,95.17,97.93,103.53,85,7,8,83,111.4,0.79,106.48,102.65,1.41
PSX,101.74,102.48,102.57,102.2,103.13,97.66,85,82,12,8,129.72,0.9,126.35,118.61,3.79
EVH,101.74,102.87,102.91,97.05,90.7,68.46,85,9,4,1,8.38,0.05,9.57,9.86,1.29
ICU,101.74,101.74,93.41,77.62,86.88,75.73,85,2,3,2,0.9,0.13,0.78,1.36,0.52
AARD,101.66,102.45,123.28,131.98,96.98,97.01,85,94,7,8,10.89,0.38,10.81,10.81,3.39
JNJ,101.62,101.62,101.01,99.58,111.53,102.06,85,11,88,81,176.19,0.94,171.62,156.48,2.92
FLNT,101.6,101.6,99.79,89.61,95.48,101.06,85,4,6,80,2.08,0.23,2.2,2.36,0.14
CR,101.6,103.31,107.68,110.57,107.08,105.63,85,88,84,85,182.05,0.75,189.18,170.4,2.91
BBCP,101.57,101.57,100.77,105.77,121.22,132.16,85,85,92,94,7.25,0.67,6.99,6.61,2.08
BKU,101.56,101.56,100.99,99.19,98.1,108.04,85,11,8,86,38.98,0.76,37.87,36.25,2.79
FARM,101.53,101.53,97.96,83.1,123.44,113.7,85,3,92,89,1.9,0.32,1.77,1.85,0.8
GHC,101.47,101.47,100.02,103.53,111.56,109.15,85,83,88,87,1150.48,0.94,1028.45,954.1,3.07
HUM,101.47,101.64,101.11,95.02,105.79,98.92,85,7,83,9,252.66,0.34,266.96,260.36,2.64
OTLK,101.46,106.5,128.46,123.24,101.45,68.22,85,92,10,1,0.96,0.02,1.82,1.71,0.36
KTB,101.44,101.44,98.7,96.73,92.88,108.2,85,8,5,86,80.42,0.69,70.19,71.64,2.89
PCB,101.44,101.65,101.78,104.06,104.55,105.57,85,84,13,85,21.44,0.84,21.42,19.85,3.44
ALGT,101.41,101.41,99.42,93.37,113.46,160.01,85,6,89,96,61.0,0.31,56.87,65.25,1.63
BOWN,101.39,104.49,126.64,247.24,251.72,97.78,85,98,98,8,9.19,0.54,9.21,8.7,0.0
AXP,101.32,101.32,100.97,104.62,102.69,108.39,85,84,12,86,341.12,1.0,314.38,296.3,3.3
HSY,101.31,101.33,101.11,100.0,109.6,94.61,85,11,86,6,190.18,0.94,181.51,168.01,2.05
MLNK,101.27,101.27,98.93,90.06,92.71,92.72,85,5,5,5,19.97,0.49,18.36,18.48,2.4
EGHT,101.26,101.26,99.56,92.0,105.9,137.16,85,5,83,94,2.12,0.29,1.97,2.19,1.55
ERO,101.25,101.32,105.74,114.17,106.79,80.66,85,89,84,2,16.97,0.54,14.63,13.87,0.86
KLIC,101.25,101.25,99.58,95.18,90.52,109.59,85,7,4,87,41.99,0.66,36.35,37.46,2.16
VS,101.2,104.46,113.12,115.93,197.23,460.14,85,90,97,98,1.96,0.3,2.23,2.15,0.17
BAND,101.19,101.19,98.66,98.92,90.48,107.28,85,10,4,86,17.54,0.59,15.06,15.44,1.14
PK,101.12,101.12,99.52,93.54,90.61,97.11,85,6,4,8,11.98,0.58,11.27,11.36,1.29
LITM,101.12,101.12,99.17,121.64,2879.01,2671.73,85,92,99,99,4.14,0.11,4.06,5.7,1.36
HONDU,101.12,101.86,104.74,117.87,117.32,101.84,85,91,90,81,15.85,1.0,12.62,11.4,5.78
SLNH,101.12,101.12,88.46,88.31,62.89,112.08,85,4,1,88,1.08,0.17,0.6,1.14,2.06
OESX,101.11,101.11,93.5,86.27,98.41,97.08,85,3,8,8,9.19,0.8,6.85,7.31,0.86
RBRK,101.11,104.79,118.53,134.72,146.42,169.66,85,94,95,97,80.23,0.71,86.33,76.55,2.63
ACHV,101.09,101.67,107.62,109.26,100.02,95.4,85,88,9,7,2.82,0.26,2.77,3.02,1.42
BMEA,101.07,103.52,112.11,100.35,69.91,85.62,85,80,2,3,1.95,0.05,1.81,2.68,2.04
ATGE,101.01,101.01,103.41,124.92,125.96,120.9,85,93,93,91,140.59,1.0,126.08,111.78,2.37
XPOF,101.01,101.01,102.11,102.95,104.44,124.19,85,83,13,92,7.92,0.07,9.27,10.9,0.88
TSBK,101.01,101.01,99.85,102.47,106.78,99.52,85,82,84,10,34.9,0.83,33.07,30.85,2.25
NITO,100.99,106.88,135.76,189.56,2052.99,1940.56,85,97,99,99,0.15,0.0,0.23,0.41,1.66
CACI,100.99,101.21,101.72,114.86,115.38,94.32,85,90,89,6,498.81,0.7,481.58,434.04,1.26
NVR,100.98,100.98,100.32,96.0,95.62,93.06,85,8,6,5,8094.7,0.43,7985.06,7669.35,2.5
WFC,100.96,100.96,101.03,104.09,111.0,119.99,85,84,87,91,84.64,1.0,80.27,74.73,2.26
SSB,100.95,100.95,99.73,95.42,97.64,103.02,85,7,7,82,101.39,0.72,97.9,94.8,2.25
LEGH,100.95,100.95,98.75,92.83,105.38,98.13,85,6,14,8,27.22,0.82,25.5,24.72,3.13
H,100.92,101.48,101.95,103.92,93.73,100.08,84,84,5,10,143.04,0.63,143.14,139.21,0.86
HNNA,100.92,102.22,103.0,105.39,109.23,116.02,84,85,86,90,11.04,0.54,11.79,11.23,2.37
CFFN,100.91,100.91,100.78,100.72,101.12,106.33,84,80,10,85,6.42,0.77,6.2,5.81,2.51
MUR,100.87,100.93,100.94,96.88,92.07,89.2,84,9,5,4,26.54,0.49,24.61,24.97,2.0
KTCC,100.84,100.84,100.54,100.85,84.62,98.53,84,80,3,9,3.57,0.35,3.02,3.17,2.9
WSBF,100.83,100.83,100.32,97.75,101.27,94.48,84,9,10,6,15.17,0.81,14.16,13.39,4.77
NTB,100.78,101.32,103.74,110.52,112.45,102.45,84,88,88,82,44.82,0.88,44.88,40.12,3.1
TKR,100.75,100.78,100.84,100.35,101.67,99.41,84,80,11,10,77.5,0.72,77.2,73.51,1.1
MCGAU,100.74,100.75,100.71,100.05,105.48,100.11,84,45,48,45,11.09,0.55,11.17,11.13,0.06
CIVI,100.69,102.01,102.06,93.48,87.96,94.62,84,6,4,6,30.8,0.25,31.7,35.03,2.08
FMBH,100.65,100.65,100.36,99.89,98.36,99.66,84,11,8,10,39.19,0.74,38.89,36.82,4.38
CARG,100.64,100.64,99.59,100.69,102.46,116.3,84,80,11,90,37.34,0.79,33.74,33.4,1.91
VSH,100.64,101.92,104.82,107.86,100.97,100.23,84,86,10,79,15.36,0.58,15.69,15.65,2.84
RDVT,100.58,101.13,104.79,120.74,121.27,120.57,84,92,92,91,52.26,1.0,46.5,42.08,3.38
DD,100.56,100.56,99.69,96.35,97.76,96.47,84,8,7,7,78.1,0.71,74.73,72.82,2.29
CLDI,100.56,101.59,116.07,116.07,96.37,179.28,84,90,7,97,1.54,0.0,4.5,8.36,0.21
ALX,100.54,101.02,102.92,107.82,111.53,94.33,84,86,88,6,232.3,0.73,233.34,209.38,1.65
FCF,100.48,100.48,99.84,98.07,98.56,102.27,84,10,8,82,17.55,0.73,16.99,16.16,4.71
TALO,100.47,101.8,101.92,99.22,94.72,94.06,84,11,6,6,8.93,0.46,8.89,8.89,2.14
AZO,100.46,100.46,99.69,108.12,117.0,108.76,84,87,90,87,4140.36,0.84,4025.07,3657.75,1.63
ELP,100.46,101.12,106.25,127.67,129.36,103.95,84,93,93,83,9.73,1.0,8.91,7.67,0.87
WELL,100.45,100.59,100.58,106.31,118.94,108.9,84,86,91,87,165.19,0.91,164.52,148.01,7.43
RBA,100.45,100.45,100.31,109.03,115.75,106.59,84,87,90,86,118.9,1.0,113.28,102.06,2.51
CORT,100.4,100.94,109.44,170.72,169.01,123.44,84,97,97,92,80.52,0.53,71.18,66.82,3.74
ARI,100.38,100.44,100.34,104.66,112.78,107.71,84,84,88,86,10.55,0.86,10.22,9.33,1.94
PW,100.35,101.62,105.27,104.19,123.24,185.85,84,84,92,97,0.93,0.15,1.21,1.2,0.32
BSRR,100.32,100.32,100.06,99.34,101.15,102.26,84,11,10,82,30.28,0.65,29.98,28.7,2.96
MBCN,100.32,100.35,101.0,110.8,111.22,103.32,84,88,88,83,32.35,0.91,29.66,27.82,3.88
PRDO,100.29,100.35,103.98,118.37,117.05,119.82,84,91,90,91,34.94,0.96,31.45,28.73,2.43
FBP,100.28,100.28,99.94,104.56,105.04,97.16,84,84,14,8,22.09,0.96,21.43,19.82,2.38
CIX,100.28,100.28,101.69,110.31,107.28,102.16,84,88,85,81,24.97,0.52,24.79,23.84,2.17
SPR,100.27,101.25,102.65,108.72,110.21,105.01,84,87,87,84,38.53,0.74,40.29,36.29,3.81
BLND,100.24,100.24,96.14,96.85,99.51,111.56,84,8,9,88,3.96,0.47,3.57,3.66,1.95
CTRI,100.22,100.9,106.31,115.25,111.45,118.47,84,90,88,91,21.36,0.67,21.15,20.04,2.62
VSTA,100.19,100.19,100.27,151.97,174.52,119.1,84,96,97,91,4.93,0.96,4.32,3.7,5.04
COLB,100.18,100.18,98.87,94.16,95.78,108.86,84,7,6,87,26.55,0.63,25.13,24.75,3.48
GDEV,100.17,101.02,116.41,130.7,116.1,106.11,84,94,90,85,21.42,0.48,14.95,14.95,3.35
PVBC,100.06,100.42,100.61,98.95,108.86,105.69,84,10,86,85,12.78,0.93,12.64,11.85,3.31
CBAN,100.05,100.05,99.08,97.92,104.84,104.88,84,10,14,84,17.58,0.85,16.9,16.17,4.38
FPH,100.04,100.04,100.45,111.09,151.41,140.42,84,88,96,95,6.23,0.9,5.77,5.28,0.92
SU,100.03,100.93,101.07,100.65,104.36,100.07,84,80,13,10,41.55,0.88,40.04,37.48,1.98
CSCO,99.96,100.94,103.39,104.03,109.47,109.14,84,84,86,87,68.21,0.83,68.12,62.69,2.47
BRIA,99.91,100.02,98.93,98.66,85.6,96.21,84,10,3,7,2.1,0.11,2.43,2.78,0.07
PNNT,99.9,100.49,100.72,100.16,107.82,106.13,84,80,85,85,6.93,0.8,7.07,6.55,1.27
NRSN,99.9,110.53,147.91,164.28,134.58,107.95,84,96,94,86,1.22,0.22,1.42,1.32,0.15
CLPR,99.89,99.89,99.16,97.38,101.44,103.77,84,9,10,83,4.11,0.27,3.97,3.93,1.11
TITN,99.89,101.49,105.01,121.26,121.62,114.06,84,92,92,89,18.27,0.6,19.73,17.83,2.91
FDP,99.88,99.95,100.14,108.07,110.41,108.29,84,87,87,86,35.69,0.7,35.65,32.57,3.1
TXT,99.87,100.14,100.69,103.13,99.3,92.85,84,83,9,5,83.62,0.78,81.01,76.39,1.59
AMAT,99.84,100.38,106.31,109.26,100.04,94.04,84,88,9,6,190.1,0.75,176.73,167.59,2.48
XLO,99.82,99.82,107.71,126.56,160.11,149.61,84,93,96,95,0.78,0.16,0.7,0.81,0.89
ASR,99.75,99.78,102.7,119.42,121.2,101.68,84,91,92,81,335.75,0.9,321.12,285.18,0.79
KFY,99.69,100.08,100.61,101.16,102.22,95.34,84,80,11,7,73.07,0.74,73.02,68.62,2.97
PHGE,99.66,99.66,95.64,83.16,110.63,108.96,84,3,87,87,0.54,0.2,0.49,0.59,0.05
DKL,99.61,100.02,101.75,102.89,109.92,107.34,84,82,87,86,45.05,0.93,43.63,40.4,0.93
FCEL,99.58,99.58,107.23,108.47,85.43,102.4,84,87,3,82,8.36,0.5,5.03,6.31,1.86
WRD,99.57,99.57,95.43,95.07,139.51,133.77,84,7,95,94,11.53,0.15,9.47,12.18,3.43
RMR,99.53,99.85,99.8,96.98,86.59,90.51,84,9,3,4,16.57,0.31,16.69,16.61,1.64
CTSO,99.53,103.35,105.79,103.73,117.6,110.7,84,83,90,88,0.94,0.25,0.97,1.0,0.64
HTBK,99.52,99.52,99.17,98.92,103.7,99.07,83,10,12,9,10.24,0.88,9.93,9.49,1.95
NFLX,99.5,101.15,107.21,123.13,122.42,121.06,83,92,92,91,1226.97,0.83,1213.23,1079.91,1.49
LGIH,99.44,99.44,97.3,84.45,78.94,87.67,83,3,2,3,56.55,0.13,59.58,68.36,1.86
GGB,99.43,99.87,100.82,100.1,98.48,100.37,83,79,8,79,3.11,0.69,3.0,2.89,1.23
DJCO,99.43,99.43,98.61,96.42,95.94,108.97,83,8,7,87,447.93,0.37,432.11,435.95,1.28
SHEN,99.35,100.71,103.81,108.73,108.93,89.19,83,87,86,4,13.76,0.63,13.68,12.77,3.04
DLXY,99.33,99.33,97.27,100.05,105.48,100.11,83,45,48,45,5.85,0.88,5.04,5.03,1.95
RBBN,99.23,100.33,101.28,99.56,116.77,121.33,83,11,90,92,3.87,0.39,3.92,3.93,1.5
NYT,99.21,99.33,99.69,107.01,107.43,97.38,83,86,85,8,58.41,0.79,57.03,53.22,1.85
FDSB,99.21,99.21,98.48,99.75,107.91,115.29,83,11,85,90,13.64,0.92,13.45,12.68,2.36
NFG,99.19,100.13,101.88,114.85,126.07,115.96,83,90,93,90,86.49,0.92,87.11,77.13,1.85
AMBI,99.19,100.58,101.88,104.43,105.67,122.53,83,84,83,92,4.77,0.26,4.71,4.77,0.4
CAE,99.18,100.34,104.85,108.7,117.36,122.88,83,87,90,92,27.95,0.84,27.87,25.63,2.41
XPEV,99.16,99.16,97.89,118.95,169.23,155.43,83,91,97,96,21.66,0.72,20.05,18.43,0.57
BANF,99.16,99.16,98.77,105.26,105.61,109.0,83,85,82,87,131.81,0.87,129.04,120.89,3.24
CWH,99.13,100.7,103.57,104.98,89.11,97.76,83,84,4,8,16.61,0.39,16.89,17.94,1.38
HTGC,99.12,99.12,99.03,96.69,105.59,104.86,83,8,82,84,19.52,0.82,19.07,18.26,1.38
INM,99.1,99.17,108.67,116.91,96.36,106.28,83,91,7,85,2.29,0.08,2.37,3.06,1.43
LCNB,99.01,99.01,97.93,98.71,102.74,102.78,83,10,12,82,16.02,0.81,15.32,14.72,3.24
JAZZ,99.0,99.0,97.51,91.25,112.91,112.17,83,5,88,89,128.3,0.66,120.04,119.57,1.95
MSI,98.97,98.97,97.72,95.88,98.5,103.29,83,8,8,83,476.21,0.78,452.44,439.34,1.77
AZN,98.97,99.05,99.06,99.21,111.17,104.74,83,11,87,84,76.28,0.71,76.24,71.33,1.52
OSBC,98.94,99.02,99.02,99.57,102.88,109.41,83,11,12,87,17.89,0.72,17.93,17.39,6.68
FDBC,98.91,98.91,98.28,96.49,95.93,100.84,83,8,7,80,44.09,0.37,43.23,43.28,2.66
ATHM,98.88,98.88,97.92,92.86,110.6,106.05,83,6,87,85,29.13,0.58,28.4,27.33,1.88
SWX,98.88,99.05,98.94,99.02,107.22,100.32,83,11,84,79,78.4,0.9,77.97,73.37,2.89
NHC,98.86,98.86,98.14,103.64,101.99,95.11,83,83,11,6,117.22,0.63,106.02,101.9,8.27
RXRX,98.75,100.0,103.54,101.38,119.27,125.19,83,81,91,92,4.91,0.14,5.3,5.97,2.32
JWEL,98.71,99.76,100.59,104.65,143.8,212.52,83,84,95,98,1.77,0.2,1.99,2.29,0.56
SRE,98.66,98.66,98.04,99.48,99.13,102.89,83,11,9,82,83.2,0.68,80.96,77.79,2.4
USEG,98.65,108.08,112.8,112.68,145.91,175.19,83,89,95,97,1.16,0.08,1.2,1.48,0.85
KT,98.57,99.78,102.0,112.52,118.4,108.97,83,89,91,87,19.39,0.74,20.37,18.34,0.97
EVTV,98.51,98.51,89.88,67.17,55.8,82.22,83,2,1,2,2.09,0.03,2.1,4.24,0.33
CVGW,98.49,99.71,100.52,112.1,112.37,93.34,83,89,88,5,27.47,0.87,27.07,25.37,1.94
UTMD,98.48,98.48,97.34,93.43,95.56,94.63,83,6,6,6,62.19,0.69,58.6,57.54,1.51
VOXR,98.48,99.65,103.83,134.43,135.34,93.17,83,94,94,5,3.7,1.0,3.37,2.97,2.2
MSA,98.47,99.28,101.17,102.05,99.84,93.54,83,82,9,5,170.97,0.82,172.77,162.81,5.21
FDUS,98.43,98.69,98.69,98.21,110.28,110.42,83,10,87,88,20.79,0.85,20.7,19.73,1.9
BGC,98.43,99.29,100.79,103.74,103.97,97.24,83,83,13,8,9.75,0.58,9.98,9.45,3.35
AOMR,98.41,98.41,98.03,100.03,107.55,105.41,83,11,85,84,9.8,0.92,9.4,8.98,1.77
REI,98.41,98.41,95.78,78.67,90.37,88.71,83,2,4,4,0.98,0.23,0.9,1.05,2.08
RDI,98.37,98.37,97.09,98.66,104.18,101.92,83,10,13,81,1.58,0.63,1.42,1.4,2.09
ELVN,98.32,101.62,104.55,103.55,95.49,105.57,83,83,6,85,18.96,0.28,20.15,20.54,4.77
DRH,98.31,98.31,98.06,95.44,95.79,99.76,83,7,6,10,8.3,0.66,8.11,8.03,1.85
IDA,98.3,98.3,97.88,103.66,112.21,104.86,83,83,88,84,125.7,0.92,123.89,115.18,2.19
GEN,98.22,99.91,102.33,103.39,102.98,105.87,83,83,12,85,28.99,0.65,29.99,28.13,2.55
AVDX,98.21,99.34,104.04,108.35,107.5,122.44,83,87,85,92,9.94,0.65,9.9,9.53,0.93
AVT,98.2,98.69,99.24,103.34,101.47,99.48,83,83,10,10,53.08,0.79,53.39,50.97,2.28
BY,98.2,98.2,97.18,95.39,98.05,107.46,83,7,8,86,28.47,0.63,27.78,27.35,5.81
INVX,98.18,98.53,99.06,97.85,120.68,111.27,83,10,92,88,17.35,0.73,16.53,16.02,2.24
LMB,98.17,104.03,124.62,150.9,139.0,117.9,83,96,95,91,105.5,0.45,120.27,106.3,1.14
TTC,98.16,98.16,97.04,94.21,95.26,96.91,83,7,6,8,78.24,0.63,77.0,75.94,1.64
MMM,98.16,98.16,98.01,102.03,114.51,110.94,83,82,89,88,156.6,0.92,153.73,144.79,1.89
L,98.12,98.15,98.0,104.37,109.06,103.47,83,84,86,83,96.69,0.94,94.27,88.41,2.94
NWL,98.08,98.13,97.67,92.23,92.55,129.72,83,6,5,93,5.53,0.17,5.66,6.61,1.27
DEI,98.04,98.04,97.5,93.49,94.66,105.84,83,6,6,85,16.16,0.48,15.61,15.79,1.94
ATRC,98.04,98.04,97.05,94.97,115.78,119.85,83,7,90,91,36.43,0.61,34.64,34.39,1.23
MCO,98.01,98.39,99.26,99.93,101.5,100.75,82,11,10,80,480.74,0.66,507.56,482.04,2.7
MITK,97.97,98.44,100.21,103.35,109.56,111.83,82,83,86,88,10.19,0.71,9.75,9.56,1.64
GIFI,97.96,98.5,98.45,101.86,106.93,121.53,82,81,84,92,6.91,0.68,6.99,6.78,1.29
WING,97.9,103.6,119.88,124.99,118.38,81.82,82,93,91,2,253.55,0.21,316.18,292.23,1.22
AKRO,97.9,102.93,119.15,129.23,198.87,168.1,82,94,97,96,45.22,0.65,48.16,43.75,2.57
EVRG,97.9,97.95,97.95,103.95,114.58,105.85,82,84,89,85,72.29,0.98,70.78,66.05,1.24
MTDR,97.87,100.33,101.38,100.92,99.64,109.05,82,80,9,87,45.43,0.35,48.67,49.52,1.63
SMG,97.87,99.3,103.27,105.26,94.42,103.44,82,85,6,83,58.05,0.26,62.73,61.8,1.09
SILO,97.87,97.87,94.28,78.02,162.78,156.59,82,2,96,96,0.68,0.16,0.66,0.97,0.85
GWRE,97.85,98.85,102.77,115.56,115.38,104.6,82,90,89,84,244.77,0.82,225.92,208.23,1.86
GNSS,97.82,97.82,90.98,77.62,88.37,97.19,82,2,4,8,2.5,0.41,1.91,2.26,1.06
BVFL,97.82,97.82,96.42,97.55,101.67,105.59,82,9,11,85,16.75,0.7,16.19,15.81,2.42
AEBI,97.81,97.81,96.29,100.05,105.48,100.11,82,45,48,45,12.49,0.75,11.2,11.28,2.36
SHEL,97.8,99.08,99.65,103.63,109.4,102.2,82,83,86,82,70.79,0.8,71.71,66.96,0.98
SGA,97.8,98.58,101.8,103.43,105.33,94.86,82,83,14,6,12.02,0.49,12.59,11.83,2.25
BRC,97.78,97.78,96.0,98.04,102.12,98.84,82,10,11,9,80.08,0.86,74.06,71.86,4.95
GATX,97.78,97.78,97.15,97.55,107.13,111.06,82,9,84,88,172.07,0.99,159.81,155.46,2.38
ITIC,97.75,97.75,95.16,96.79,107.57,109.75,82,8,85,87,254.15,0.79,231.04,230.26,1.03
HOPE,97.7,97.7,97.27,97.21,93.26,100.16,82,9,5,79,10.94,0.43,10.7,10.7,2.23
SVCO,97.65,97.65,94.96,89.33,81.09,87.65,82,4,2,3,5.26,0.13,4.76,5.76,2.36
ZGN,97.64,97.64,99.99,108.53,103.58,105.68,82,87,12,85,9.5,0.95,8.56,8.23,0.94
TRUP,97.64,101.83,114.65,123.67,115.48,116.02,82,93,90,90,45.19,0.53,47.39,45.37,1.34
OBT,97.64,97.64,96.75,101.79,99.14,96.33,82,81,9,7,26.04,0.48,25.93,25.49,6.69
PGNY,97.62,97.99,98.01,108.54,141.29,134.31,82,87,95,94,21.62,0.75,22.91,21.37,2.63
SBSI,97.62,97.62,97.28,95.32,96.29,99.02,82,7,7,9,30.14,0.44,30.14,29.56,4.37
CRDL,97.61,100.74,111.68,115.44,100.67,75.54,82,90,9,2,1.12,0.21,1.2,1.22,1.1
SPGI,97.6,98.03,98.09,100.28,103.64,100.3,82,80,12,79,507.16,0.56,541.93,513.65,3.48
LRN,97.54,98.92,98.92,119.02,132.34,135.4,82,91,94,94,141.71,0.73,147.85,135.77,1.52
AXSM,97.54,97.54,96.41,98.45,131.9,123.49,82,10,94,92,115.95,0.62,112.63,108.67,1.01
BATRK,97.51,99.57,101.67,104.98,106.88,97.83,82,84,84,8,41.22,0.48,44.25,41.18,3.16
GABC,97.5,97.5,96.88,97.14,99.58,105.21,82,9,9,84,40.8,0.61,40.17,39.01,2.19
MRCC,97.49,97.49,95.76,86.35,105.17,105.32,82,3,14,84,7.69,0.77,6.91,7.12,2.8
KODK,97.48,97.48,96.86,98.14,129.74,143.62,82,10,93,95,6.19,0.47,6.3,6.47,1.12
RYI,97.43,97.43,96.2,99.79,117.63,112.28,82,11,90,89,22.45,0.65,22.23,21.75,3.28
TOWN,97.42,97.42,97.09,97.74,104.21,102.51,82,9,13,82,35.87,0.76,35.93,34.57,2.32
PEP,97.4,97.4,97.01,92.09,101.08,93.36,82,5,10,5,141.76,0.36,143.03,140.83,1.42
KEYS,97.38,97.38,98.25,100.12,102.52,106.82,82,80,11,86,178.15,0.88,165.79,161.47,2.46
CRAI,97.35,97.35,96.13,99.67,102.22,109.38,82,11,11,87,210.79,0.97,189.21,184.22,1.08
LNW,97.22,97.46,97.81,98.48,107.84,101.89,82,10,85,81,87.28,0.27,91.63,91.39,1.06
BRX,97.21,97.23,96.83,97.53,102.15,100.34,82,9,11,79,27.63,0.73,26.81,26.1,1.58
YXT,97.16,97.16,96.98,98.51,74.88,88.99,82,10,2,4,0.95,0.12,0.86,1.23,0.32
WRAP,97.16,97.16,92.36,85.19,134.86,132.5,82,3,94,94,2.59,1.0,1.52,1.71,5.84
SOHO,97.16,98.45,104.3,107.63,95.6,85.79,82,86,6,3,0.96,0.4,0.83,0.83,11.25
MEOH,97.14,97.21,96.8,92.22,103.23,115.36,82,6,12,90,38.77,0.48,35.05,38.04,0.8
LIEN,97.13,97.13,95.93,91.84,102.09,107.62,82,5,11,86,10.82,0.52,10.62,10.65,7.54
TJX,97.08,97.08,96.08,105.36,108.59,102.29,82,85,86,82,139.78,0.95,132.49,125.67,1.48
QCOM,97.05,97.05,97.21,97.23,102.01,100.31,82,9,11,79,166.85,0.86,156.3,154.27,2.44
CDP,97.05,97.06,96.89,98.8,98.59,102.72,82,10,8,82,30.4,0.79,28.71,27.99,1.69
DVN,96.98,97.82,98.01,97.36,102.21,93.8,82,9,11,6,33.96,0.49,33.72,33.21,1.84
OI,96.88,98.84,105.34,116.85,114.91,94.06,82,91,89,6,13.13,0.57,13.44,12.45,2.44
ANDE,96.87,96.91,96.68,89.45,99.81,92.46,82,4,9,5,38.63,0.41,38.44,39.36,10.08
LSTA,96.82,98.05,107.1,108.71,102.14,100.94,82,87,11,80,2.33,0.21,2.49,2.57,0.48
ZTO,96.82,96.82,96.23,94.81,105.94,95.25,82,7,83,7,18.6,0.23,19.3,18.79,0.99
ELTK,96.8,98.02,101.22,106.09,99.43,102.78,82,85,9,82,10.5,0.75,10.27,10.09,0.56
UBSI,96.8,96.8,96.57,99.11,99.42,102.52,82,11,9,82,37.53,0.62,36.86,35.94,2.37
ZDAI,96.78,102.22,155.07,195.64,5213.04,49371.52,82,97,99,99,0.67,0.0,0.55,0.77,0.15
UVSP,96.76,96.76,96.49,101.45,103.65,105.27,82,81,12,84,31.21,0.84,30.47,29.55,2.19
FULTP,96.72,96.72,95.24,94.64,104.07,101.49,82,7,13,81,20.54,0.98,19.29,18.92,0.81
NUVL,96.71,97.05,98.37,100.26,96.94,85.53,81,80,7,3,76.67,0.36,78.62,77.78,2.19
SYRE,96.7,98.16,100.15,98.36,79.99,94.43,81,10,2,6,14.88,0.11,16.4,18.1,1.87
PR,96.68,98.98,100.05,101.78,100.74,104.24,81,81,9,83,13.25,0.56,13.56,13.42,1.69
CLFD,96.63,99.21,113.63,124.71,109.76,98.33,81,93,87,9,33.97,0.43,36.81,34.67,1.09
BANR,96.63,96.63,96.27,96.36,100.44,110.51,81,8,9,88,67.13,0.61,65.34,64.74,2.92
VCICU,96.51,96.52,96.43,101.85,107.42,101.7,81,81,85,81,11.15,0.63,10.98,10.46,0.0
ESOA,96.51,97.5,103.16,103.26,100.29,132.06,81,83,9,94,10.18,0.21,10.06,10.66,1.37
SMBC,96.49,96.49,96.25,96.38,97.0,108.54,81,8,7,87,55.97,0.47,55.6,55.17,2.25
RSVR,96.46,96.5,96.3,95.22,95.74,113.47,81,7,6,89,7.9,0.37,7.8,7.82,2.82
SPWR,96.45,98.02,103.78,120.4,117.31,82.93,81,92,90,2,1.58,0.18,1.6,1.68,1.88
LNT,96.41,96.43,96.36,101.15,110.39,102.56,81,80,87,82,64.17,0.77,64.63,61.24,1.38
TRC,96.4,97.31,97.93,103.54,108.19,97.76,81,83,85,8,16.26,0.32,17.58,16.54,1.57
AHCO,96.39,96.39,96.05,94.9,107.36,101.3,81,7,85,80,8.89,0.39,9.3,9.43,2.43
XPEL,96.37,98.48,101.8,106.85,97.04,98.57,81,86,7,9,33.12,0.39,35.48,36.2,4.66
BOTJ,96.32,96.32,95.61,106.15,108.37,103.38,81,85,85,83,15.4,0.89,14.45,14.0,1.15
LODE,96.3,100.75,123.29,131.52,117.68,128.69,81,94,90,93,3.21,0.19,2.95,3.21,2.28
GETY,96.3,96.3,94.42,88.61,84.22,86.95,81,4,3,3,2.07,0.24,1.84,2.05,1.82
VRSN,96.27,96.82,99.76,121.03,130.03,119.38,81,92,93,91,282.28,0.82,277.35,251.33,1.65
CEVA,96.25,96.25,93.36,85.08,121.16,127.55,81,3,92,93,26.42,0.39,22.97,26.38,4.5
PCAR,96.24,96.24,95.42,93.5,100.38,107.54,81,6,9,86,99.46,0.48,98.6,99.27,2.59
HTFL,96.22,96.22,95.47,100.05,105.48,100.11,81,45,48,45,32.88,0.68,31.85,31.85,2.85
REBN,96.22,96.22,95.77,112.63,363.72,283.87,81,89,98,98,2.52,0.23,2.73,2.87,0.85
IMDX,96.2,96.89,98.26,114.37,142.45,104.37,81,90,95,84,3.41,0.64,2.74,2.78,3.34
RIO,96.2,96.2,95.16,99.3,106.81,98.48,81,11,84,9,62.38,0.71,61.1,58.81,1.11
KIM,96.14,96.16,95.99,97.41,98.43,101.37,81,9,8,80,21.94,0.57,21.62,21.24,1.88
SANG,96.14,97.2,99.71,107.92,98.8,115.87,81,87,8,90,5.17,0.29,5.74,5.84,1.58
EDAP,96.12,96.12,90.13,86.8,100.85,99.58,81,4,10,10,2.5,0.69,1.76,2.0,0.41
SDHC,96.12,96.16,96.09,92.16,85.38,88.31,81,6,3,3,18.45,0.08,19.71,21.46,1.44
BG,96.11,97.65,97.65,105.45,106.62,87.25,81,85,83,3,79.17,0.42,80.18,77.16,2.35
ZENV,96.11,101.0,102.08,94.51,146.7,163.06,81,7,95,96,1.25,0.07,1.5,1.71,1.54
BUR,96.11,96.11,95.12,96.41,109.62,104.93,81,8,86,84,12.44,0.33,13.42,13.46,2.15
BRFS,96.09,96.09,95.32,104.39,104.42,95.31,81,84,13,7,3.82,0.45,3.7,3.7,2.27
SEE,96.07,96.07,95.96,99.83,96.29,99.03,81,11,7,9,34.1,0.81,31.36,31.38,1.68
OM,96.04,101.75,133.18,173.21,166.11,168.19,81,97,97,96,14.18,0.48,15.0,14.7,1.17
RDN,96.03,96.24,96.28,104.32,105.28,96.11,81,84,14,7,37.23,1.0,34.31,33.05,4.42
GSBD,96.02,96.57,96.86,96.76,100.62,98.73,81,8,9,9,11.23,0.63,11.41,11.14,1.36
NLOP,96.02,97.32,98.84,99.88,103.26,101.59,81,11,12,81,29.06,0.73,29.86,28.64,2.03
ASTH,96.01,96.01,93.25,86.23,94.05,80.39,81,3,6,2,27.77,0.15,27.25,30.32,2.1
PBR,96.01,97.01,97.11,95.51,108.28,103.54,81,7,85,83,12.62,0.56,12.45,12.41,0.82
IHG,95.98,95.98,95.74,96.57,104.49,110.13,81,8,13,88,119.77,0.62,119.44,118.45,0.98
SSYS,95.97,97.1,99.57,105.19,123.29,131.24,81,85,92,93,10.53,0.6,10.59,10.3,3.64
STBA,95.97,95.97,95.46,96.99,101.09,95.37,81,9,10,7,39.28,0.65,38.13,37.55,3.57
TTSH,95.97,95.97,96.93,97.55,105.16,106.56,81,9,14,85,6.56,0.52,6.35,6.51,3.25
ORC,95.97,96.05,95.9,93.88,109.65,109.11,81,7,86,87,7.0,0.6,7.01,6.92,2.7
MSGS,95.94,95.99,94.98,95.11,95.49,104.0,81,7,6,83,213.62,0.63,202.67,203.47,2.01
TIC,95.91,95.91,94.85,96.6,101.49,101.36,81,8,10,80,14.4,1.0,11.03,10.95,3.91
ICHR,95.84,95.84,95.51,91.52,99.91,111.47,81,5,9,88,18.44,0.21,18.68,23.38,1.74
UONE,95.83,97.28,105.39,114.06,115.19,97.99,81,89,89,8,1.49,0.32,1.64,1.54,0.87
XEL,95.83,95.83,95.29,102.57,111.18,102.76,81,82,88,82,72.11,0.88,71.76,68.42,2.53
SHO,95.8,95.8,94.5,91.1,101.08,106.45,81,5,10,85,9.78,0.49,9.17,9.67,2.81
SMA,95.78,95.9,96.5,108.34,109.91,100.11,81,87,87,45,37.05,0.77,36.11,35.42,2.32
SUNS,95.78,95.8,95.55,97.85,93.69,96.29,81,10,5,7,11.1,0.5,10.69,10.95,4.19
ELME,95.75,95.75,95.6,100.05,110.87,98.92,81,45,87,9,16.82,0.88,16.4,15.78,1.54
TFSL,95.74,95.75,95.56,103.25,105.95,100.41,81,83,83,79,13.2,0.74,12.98,12.46,1.82
BNTX,95.74,97.76,102.11,101.93,100.91,104.08,81,82,10,83,96.22,0.24,107.6,107.84,2.3
BKV,95.72,97.86,100.23,105.53,109.95,122.8,81,85,87,92,21.37,0.52,21.55,21.72,3.56
WASH,95.72,95.72,94.7,92.05,97.64,105.96,81,5,7,85,29.87,0.35,28.81,29.21,2.82
MWA,95.67,95.67,94.97,101.18,119.12,108.65,81,81,91,87,25.29,0.61,25.63,24.89,3.41
CFBK,95.66,95.79,95.97,100.11,100.12,116.64,80,79,9,90,24.4,0.5,24.33,23.72,3.35
CNR,95.66,95.66,95.17,92.34,89.11,115.04,80,6,4,90,76.02,0.18,74.59,80.22,1.53
STRS,95.65,95.65,94.45,101.73,100.14,92.17,80,81,9,5,21.75,0.51,18.15,19.02,5.02
DHIL,95.63,96.01,96.5,97.31,97.61,97.61,80,9,7,8,140.3,0.41,144.42,142.61,2.96
GNL,95.63,95.63,94.41,104.7,114.08,102.16,80,84,89,81,8.05,0.85,7.57,7.25,1.9
PODC,95.6,95.6,101.83,122.6,117.88,146.28,80,92,91,95,1.82,0.4,1.72,1.96,0.35
TECH,95.59,95.59,95.57,90.32,92.14,97.27,80,5,5,8,53.15,0.2,53.78,58.86,1.99
HBANM,95.56,95.56,94.75,99.1,104.76,98.15,80,11,13,8,23.93,0.95,22.74,22.21,0.19
APD,95.52,95.52,95.52,94.16,102.15,105.59,80,7,11,85,290.15,0.5,291.55,290.41,1.61
ES,95.5,96.05,99.7,105.68,108.65,97.69,80,85,86,8,67.0,1.0,65.13,61.08,5.45
SO,95.5,95.8,95.97,103.62,112.93,100.35,80,83,88,79,91.8,0.79,93.1,87.99,1.94
BPYPO,95.47,95.56,95.51,100.73,105.32,95.98,80,80,14,7,15.25,0.95,14.37,13.93,0.85
CENT,95.44,95.54,95.7,97.8,102.46,102.03,80,10,11,81,34.87,0.22,37.48,36.81,5.52
DUK,95.4,95.41,95.34,103.55,113.9,101.6,80,83,89,81,121.08,0.83,121.17,115.13,1.64
ACGLO,95.4,95.4,94.71,96.61,101.85,95.93,80,8,11,7,21.86,0.84,20.87,20.46,0.83
BSBR,95.39,95.58,96.74,116.51,118.83,98.9,80,90,91,9,5.51,0.97,5.04,4.68,0.85
TTE,95.35,96.41,96.76,101.85,109.64,99.57,80,81,86,10,60.54,0.61,61.55,58.89,0.92
GLE,95.34,95.34,110.86,135.1,139.09,85.94,80,95,95,3,0.88,0.06,1.39,1.72,0.05
CAH,95.32,97.56,103.45,118.42,119.22,108.05,80,91,91,86,149.6,0.7,153.31,140.33,1.67
PETZ,95.3,95.3,94.62,90.52,111.01,107.94,80,5,87,86,1.14,0.37,1.03,1.1,0.58
OABI,95.29,96.05,96.21,87.26,87.14,89.07,80,4,3,4,1.61,0.11,1.84,2.42,3.04
HOMB,95.27,95.27,94.92,98.45,102.81,106.25,80,10,12,85,29.28,0.68,28.93,28.48,3.35
BCBP,95.25,95.25,93.77,86.97,89.42,98.86,80,4,4,9,8.67,0.21,8.6,9.29,2.12
IPHA,95.24,95.24,95.53,114.36,155.52,158.93,80,90,96,96,1.87,0.27,2.06,1.99,0.96
SPNT,95.21,97.1,102.96,125.13,126.37,103.76,80,93,93,83,17.69,0.6,18.74,17.12,4.21
COCP,95.21,97.6,101.69,101.5,118.08,126.04,80,81,91,93,1.33,0.08,1.58,1.7,0.41
ZBH,95.2,95.2,94.35,92.17,104.83,99.67,80,6,14,10,100.09,0.44,99.82,101.31,2.63
PAY,95.19,95.19,97.13,120.85,123.38,143.7,80,92,92,95,34.55,0.74,33.57,32.36,2.3
RXO,95.17,95.17,93.79,92.52,81.61,105.29,80,6,2,84,16.14,0.18,16.09,18.68,4.19
JILL,95.16,95.16,91.38,83.72,93.23,105.64,80,3,5,85,18.02,0.31,16.4,19.38,1.05
TENX,95.15,95.15,95.24,99.92,136.45,152.99,80,11,94,95,6.41,0.7,6.04,6.05,0.67
POOL,95.13,95.13,93.77,91.2,97.78,97.75,80,5,8,8,317.92,0.33,314.69,320.59,3.65
VNDA,95.07,95.89,96.59,96.17,104.59,101.57,80,8,13,81,4.49,0.37,4.56,4.56,1.32
CNP,95.05,95.05,94.98,110.85,121.31,110.12,80,88,92,88,38.02,0.92,37.75,35.27,1.36
PMAX,95.03,97.67,113.36,112.42,87.38,84.4,80,89,3,3,0.32,0.01,0.35,0.69,2.29
WTFCN,95.0,95.04,94.92,100.79,105.48,100.11,80,80,48,45,27.03,0.98,26.51,26.08,0.55
UHT,95.0,95.26,95.28,101.86,108.22,97.41,80,81,85,8,41.35,0.74,40.31,38.79,2.89
TWLO,94.97,96.65,105.8,112.93,132.54,159.5,80,89,94,96,106.5,0.51,112.97,112.46,1.63
KR,94.95,95.66,96.06,108.29,120.14,109.53,80,87,91,87,65.58,0.58,69.86,66.27,2.28
TRT,94.91,95.13,95.23,92.91,101.19,118.18,80,6,10,91,5.51,0.24,5.45,5.66,1.19
COR,94.88,95.79,97.0,114.83,120.45,105.17,80,90,91,84,290.02,0.84,292.23,271.88,5.04
HFBL,94.86,94.96,95.38,105.52,110.33,103.65,80,85,87,83,13.49,0.85,13.37,12.93,3.53
LOCO,94.84,96.19,98.75,97.5,92.9,90.61,80,9,5,4,9.91,0.21,10.46,10.74,1.55
MNST,94.84,95.03,97.4,116.04,121.52,100.14,80,90,92,79,64.13,0.88,62.09,57.79,2.23
OMCC,94.81,95.69,95.69,94.32,106.64,104.15,80,7,83,83,5.03,0.16,5.72,5.91,15.09
EOG,94.8,96.16,96.47,94.3,103.68,100.33,80,7,12,79,116.0,0.41,119.33,119.8,2.44
THG,94.72,94.74,94.65,105.54,113.05,105.06,80,85,88,84,174.85,0.84,170.87,163.73,3.27
DTM,94.67,95.0,97.26,107.13,107.97,121.09,80,86,85,91,107.39,0.9,102.88,99.91,3.2
BKHA,94.67,94.69,94.67,101.28,106.85,101.39,80,81,84,80,11.1,0.7,11.01,10.63,0.0
ATOS,94.66,94.66,100.58,112.74,102.33,87.41,80,89,11,3,0.85,0.25,0.82,0.84,0.86
KOP,94.61,96.37,105.04,108.75,98.96,95.83,80,87,8,7,29.0,0.36,30.63,30.18,3.57
FSEA,94.6,94.86,94.94,106.68,118.44,114.15,80,86,91,89,11.44,0.89,11.47,10.92,3.57
CCEP,94.57,95.78,99.86,110.4,117.9,105.56,80,88,91,85,89.94,0.62,92.88,86.42,1.32
AKAN,94.56,95.76,99.47,97.12,103.56,100.45,80,9,12,79,3.52,0.06,3.81,4.32,0.11
IGIC,94.56,94.56,94.31,102.71,116.35,120.31,80,82,90,91,23.97,0.77,23.99,23.6,1.08
MEC,94.52,95.86,101.54,106.32,97.06,89.66,80,86,7,4,14.31,0.25,15.03,15.01,1.6
DRVN,94.52,95.02,94.97,107.63,113.24,107.1,80,86,89,86,16.62,0.54,17.53,16.97,1.78
LIN,94.48,94.61,95.15,102.43,108.82,99.1,80,82,86,9,479.01,0.94,471.99,454.31,2.31
AACIU,94.41,94.48,94.46,100.34,105.48,100.11,79,80,48,45,10.55,0.73,10.41,10.29,0.0
ICMB,94.37,94.42,93.93,97.63,107.12,105.75,79,9,84,85,2.85,0.87,2.72,2.7,0.82
MMI,94.34,94.34,93.89,88.13,96.56,97.06,79,4,7,8,31.6,0.28,31.33,33.28,2.53
CACC,94.31,94.52,94.69,102.95,111.04,106.13,79,83,87,85,507.29,0.71,498.15,494.03,1.94
API,94.28,94.28,97.11,97.11,174.65,268.25,79,9,97,98,3.85,0.4,3.75,4.23,0.79
ADUS,94.25,95.42,96.99,103.3,100.97,95.45,79,83,10,7,111.9,0.48,111.63,111.9,2.8
LTC,94.24,94.35,94.3,102.08,107.46,100.52,79,82,85,79,35.81,0.71,35.55,34.5,2.16
PLRZ,94.22,94.22,83.6,62.4,269.05,274.86,79,1,98,98,1.12,0.0,1.11,134.15,0.77
JYD,94.21,99.11,127.52,217.03,461.62,521.6,79,98,98,99,0.15,0.01,0.18,1.54,1.31
ISRL,94.18,95.21,97.49,108.09,109.93,101.6,79,87,87,81,12.65,0.65,12.57,12.0,0.7
FFIN,94.13,94.6,95.14,97.11,98.99,100.78,79,9,8,80,34.87,0.35,35.83,35.76,2.69
WEC,94.12,94.12,93.8,104.96,116.51,106.21,79,84,90,85,110.12,0.96,107.97,103.0,1.52
WLFC,94.09,94.09,93.59,88.63,106.72,143.0,79,4,83,95,145.81,0.15,147.03,164.07,2.63
FNF,94.09,94.09,93.21,97.47,113.66,100.31,79,9,89,79,58.69,0.54,57.73,57.82,2.18
EVER,94.07,94.35,97.26,113.23,137.59,121.73,79,89,95,92,25.5,0.67,24.15,23.05,1.53
AAT,94.07,94.07,94.01,92.13,90.08,98.81,79,5,4,9,20.75,0.39,19.87,20.7,2.41
TFIN,94.05,94.05,93.78,93.74,82.72,112.77,79,6,3,89,56.5,0.15,59.11,66.38,2.03
NWTG,94.03,94.03,89.72,79.3,90.37,74.3,79,2,4,2,2.01,0.01,1.79,6.92,0.79
EQNR,94.03,96.6,99.56,106.08,108.16,101.95,79,85,85,81,24.15,0.43,24.96,24.05,1.08
NVEC,94.01,94.57,99.88,106.41,98.91,100.86,79,86,8,80,66.14,0.45,66.56,68.0,2.61
XBIT,94.0,94.0,93.57,89.14,86.97,101.59,79,4,3,81,2.72,0.04,2.97,3.41,2.54
USCB,93.98,93.98,92.94,94.22,109.07,119.66,79,7,86,91,17.18,0.5,17.11,17.48,2.3
DEA,93.95,93.97,93.89,91.31,93.02,90.81,79,5,5,4,22.93,0.26,22.49,23.71,1.83
WABC,93.94,93.94,93.46,96.35,101.3,105.56,79,8,10,85,49.12,0.44,49.13,49.24,5.22
TRV,93.94,93.94,93.77,106.91,112.59,101.62,79,86,88,81,277.0,0.96,266.83,256.45,1.98
SNA,93.93,93.93,92.95,96.95,104.34,115.43,79,9,13,90,337.24,0.69,325.46,326.47,3.19
CXM,93.92,94.77,98.36,100.74,110.16,112.37,79,80,87,89,7.79,0.36,8.45,8.46,2.01
SYK,93.91,94.37,94.54,100.4,104.93,102.3,79,80,14,82,376.83,0.6,387.47,379.0,1.61
CBT,93.9,93.9,93.33,89.19,91.84,95.08,79,4,5,6,77.51,0.14,77.91,81.48,2.36
OPFI,93.86,94.85,111.78,132.36,176.99,203.47,79,94,97,97,11.74,0.62,10.8,10.65,1.18
FR,93.84,93.84,93.3,93.49,106.18,103.02,79,6,83,82,51.71,0.63,50.26,50.47,1.24
QETA,93.83,94.07,94.12,101.23,107.02,101.53,79,81,84,81,11.18,0.99,11.11,10.8,0.0
ENIC,93.8,93.8,94.73,115.8,124.12,117.66,79,90,92,90,3.8,0.96,3.44,3.25,0.63
APGE,93.78,95.82,98.72,105.96,104.91,85.8,79,85,14,3,36.53,0.24,37.73,39.21,2.57
SUZ,93.78,94.43,94.89,94.87,101.25,104.88,79,7,10,84,9.53,0.44,9.52,9.61,0.98
IAC,93.76,94.15,95.07,100.97,107.07,91.68,79,80,84,5,36.23,0.28,37.38,36.74,1.58
CAC,93.76,93.76,93.23,95.39,100.22,108.48,79,7,9,86,40.22,0.37,39.95,40.71,2.73
RDACU,93.74,93.79,93.78,100.55,106.77,101.77,79,80,84,81,10.65,1.0,10.63,10.35,0.0
BDX,93.73,93.73,92.58,85.54,103.16,101.29,79,3,12,80,187.04,0.29,186.47,200.76,1.11
TRAW,93.72,93.72,90.33,82.14,170.58,192.87,79,3,97,97,2.03,0.08,1.61,3.22,1.04
TDG,93.71,94.8,99.26,106.96,110.41,102.5,79,86,87,82,1282.46,0.36,1365.56,1297.98,1.44
IMUX,93.71,93.71,92.37,91.7,110.46,88.0,79,5,87,3,0.85,0.16,0.89,0.98,0.71
UBXG,93.71,97.61,107.67,323.65,107935.61,1914074.57,79,98,99,99,1.92,0.4,2.96,3.34,0.57
RLGT,93.7,93.84,93.45,91.79,99.61,103.21,79,5,9,83,5.95,0.18,6.17,6.37,5.59
HP,93.69,93.69,90.88,76.05,88.16,101.49,79,2,4,81,20.54,0.27,18.07,22.41,1.45
HLIT,93.65,93.65,91.71,88.48,88.33,93.98,79,4,4,6,10.21,0.3,9.3,10.18,1.35
CAL,93.63,93.63,91.18,86.83,88.52,86.57,79,4,4,3,14.32,0.1,14.64,16.71,1.82
NOEMU,93.6,93.8,93.8,101.29,106.98,102.1,79,81,84,81,10.62,1.0,10.62,10.33,0.0
WLAC,93.59,93.59,92.95,101.5,106.6,100.72,79,81,83,80,11.64,1.0,10.35,10.13,7.01
NOV,93.57,94.73,94.99,92.73,100.2,95.53,79,6,9,7,12.62,0.33,12.78,13.33,2.04
GRAN,93.57,94.99,97.32,100.05,105.48,100.11,79,45,48,45,3.42,0.0,4.55,4.6,0.68
SJM,93.57,93.57,92.26,101.33,111.9,96.23,79,81,88,7,108.78,0.65,108.73,107.52,2.21
PFLT,93.56,94.42,94.93,96.8,105.24,102.07,79,8,14,81,9.78,0.54,10.19,10.06,1.94
SLNO,93.49,100.12,116.44,161.26,159.5,97.8,79,96,96,8,54.74,0.27,74.17,64.27,2.39
BACQU,93.48,93.89,94.11,102.92,107.05,101.33,79,82,84,80,10.75,1.0,10.67,10.36,0.0
FRMEP,93.45,93.55,93.52,102.14,106.79,101.26,79,82,84,80,25.62,0.91,25.36,24.72,0.25
TECX,93.45,96.52,104.27,102.89,123.5,198.45,79,82,92,97,14.98,0.01,21.32,27.18,1.7
BAYAU,93.44,93.69,93.76,101.84,106.21,99.72,78,81,83,10,11.35,1.0,11.35,11.07,
PCRX,93.43,93.43,92.33,113.44,139.62,139.39,78,89,95,94,26.66,0.96,24.57,23.97,1.81
SNAL,93.42,98.44,106.33,111.92,220.68,251.64,78,89,98,98,1.07,0.15,1.07,1.4,2.06
ANY,93.4,93.4,100.61,118.55,102.82,137.3,78,91,12,94,0.68,0.21,0.62,0.72,0.42
BBWI,93.39,94.15,94.01,94.68,109.82,121.11,78,7,87,92,25.09,0.0,29.53,31.87,1.8
FORL,93.34,93.46,93.45,101.35,107.27,101.78,78,81,85,81,11.91,1.0,11.62,11.37,7.89
FITBP,93.31,93.31,93.09,99.7,105.32,100.65,78,11,14,80,25.43,1.0,24.44,24.1,0.57
ABLV,93.3,94.07,106.15,197.52,247.42,143.49,78,97,98,95,0.95,0.33,0.96,0.99,0.07
GBDC,93.3,93.85,95.28,99.98,105.25,103.68,78,11,14,83,14.33,0.73,14.49,14.19,1.49
PRU,93.27,93.57,93.55,95.15,97.0,98.88,78,7,7,9,103.59,0.34,104.5,106.71,1.83
LOVE,93.26,93.3,92.74,101.05,96.45,115.17,78,80,7,90,17.86,0.21,18.69,20.92,1.75
INVA,93.26,95.22,97.92,108.32,107.75,95.71,78,87,85,7,19.19,0.44,19.63,18.84,1.98
DBX,93.21,93.21,92.08,102.79,106.06,113.86,78,82,83,89,30.61,0.69,28.41,28.69,2.93
ASPCU,93.16,93.4,93.4,101.4,106.81,101.39,78,81,84,80,10.5,0.51,10.48,10.26,0.0
CMS,93.15,93.26,93.26,102.32,114.23,102.73,78,82,89,82,70.12,0.61,71.89,69.71,2.39
GTENU,93.14,93.55,94.02,101.11,105.54,100.11,78,80,82,45,10.36,0.23,10.45,10.35,0.0
IOR,93.13,93.71,95.69,104.41,107.59,104.5,78,84,85,84,19.0,0.86,18.45,18.01,1.41
OWL,93.12,93.22,94.51,94.86,101.1,117.71,78,7,10,91,18.9,0.32,19.04,20.05,1.44
OGE,93.11,93.39,93.5,103.18,113.5,105.34,78,83,89,84,44.13,0.76,44.76,43.41,1.9
WH,93.1,93.1,92.55,89.74,110.6,119.23,78,4,87,91,83.14,0.21,86.51,90.8,1.39
NCDL,93.07,94.61,95.81,97.13,106.1,103.4,78,9,83,83,15.03,0.27,16.12,15.91,2.29
ANGO,93.06,93.06,92.79,108.71,144.05,148.35,78,87,95,95,10.77,0.69,9.53,9.79,0.8
CHNR,93.05,93.05,89.88,101.74,104.58,116.79,78,81,13,90,4.95,0.32,3.91,4.38,0.46
TPET,93.05,96.38,96.55,102.74,168.34,143.04,78,82,97,95,1.06,0.08,1.15,1.3,1.44
PRTH,93.05,94.1,96.39,97.42,131.29,157.32,78,9,94,96,7.3,0.31,7.52,8.36,3.2
SGMO,93.03,93.03,90.74,79.15,107.19,230.23,78,2,84,98,0.55,0.05,0.53,0.88,1.39
DNUT,93.02,93.02,89.06,74.38,72.31,88.4,78,2,2,4,3.42,0.09,3.47,5.37,1.04
YUMC,93.01,93.04,93.13,96.18,112.45,127.04,78,8,88,93,43.76,0.47,45.61,46.19,0.65
DHR,93.0,93.75,94.53,92.36,93.55,89.35,78,6,5,4,193.29,0.18,200.09,206.73,1.49
TMUS,92.93,92.93,92.24,100.05,121.64,110.18,78,45,92,88,238.17,0.56,242.81,241.31,1.8
LPLA,92.91,95.0,101.86,109.07,119.74,133.65,78,87,91,94,335.75,0.66,363.41,351.18,3.26
MET,92.9,93.03,92.96,97.59,102.56,100.84,78,9,12,80,79.16,0.62,78.02,78.97,2.66
NTNX,92.88,92.88,96.82,109.99,115.32,107.13,78,88,89,86,77.09,0.78,72.71,70.74,9.49
GLPI,92.86,92.92,92.68,97.86,107.87,99.53,78,10,85,10,46.62,0.53,46.46,46.47,2.62
NMFC,92.85,93.54,94.22,96.35,102.77,101.16,78,8,12,80,9.91,0.57,10.12,10.13,2.47
CASH,92.82,92.82,92.79,102.47,105.17,110.71,78,82,14,88,76.33,0.6,77.5,77.1,3.6
WGO,92.82,92.82,91.71,86.08,84.09,95.2,78,3,3,7,33.11,0.15,32.78,36.95,1.98
BCIC,92.81,92.93,92.38,88.43,97.87,97.71,78,4,8,8,12.12,0.25,12.08,13.0,2.44
AMGN,92.8,93.82,95.12,97.81,111.99,100.67,78,10,88,80,285.41,0.45,289.29,283.63,4.03
DRDBU,92.8,93.25,94.35,103.42,108.01,101.16,78,83,85,80,10.5,0.7,10.6,10.33,0.0
EAT,92.75,96.53,104.21,115.09,139.1,157.18,78,90,95,96,136.35,0.54,156.4,153.77,1.78
PGC,92.75,92.75,91.48,93.32,97.43,116.59,78,6,7,90,29.06,0.35,27.73,29.45,2.0
SPIR,92.73,92.73,103.42,112.38,119.56,154.78,78,89,91,96,10.53,0.23,9.96,11.48,1.31
HSPO,92.72,93.1,93.44,103.27,108.8,103.34,78,83,86,83,12.32,0.86,12.14,11.86,0.0
BACQ,92.69,93.11,93.41,102.35,107.04,100.96,78,82,84,80,10.34,0.79,10.36,10.12,1.66
FIP,92.67,96.6,116.31,124.13,92.4,91.57,78,93,5,5,4.67,0.23,5.39,5.78,1.44
CCI,92.66,93.71,95.72,107.89,115.7,91.03,78,87,90,4,93.6,0.39,100.79,96.25,1.49
GIGGU,92.65,92.88,93.1,102.4,107.77,101.28,78,82,85,80,10.48,0.46,10.5,10.3,0.0
AFRI,92.65,92.65,90.81,87.37,92.51,90.36,78,4,5,4,9.15,0.37,8.1,8.65,6.81
JYNT,92.64,94.9,98.77,100.28,108.82,99.23,78,80,86,9,9.96,0.08,10.84,10.98,4.09
SAFE,92.62,92.62,91.53,89.0,97.38,84.27,78,4,7,3,16.3,0.21,15.39,16.36,2.02
FBRT,92.62,92.62,91.67,91.06,105.66,102.81,78,5,83,82,11.26,0.44,11.02,11.39,2.31
PELIU,92.62,92.78,92.79,100.29,105.48,100.11,78,80,48,45,10.34,1.0,10.21,10.17,1.3
NTWO,92.59,92.92,92.99,101.8,106.78,100.92,78,81,84,80,10.34,0.92,10.34,10.16,0.0
MAYA,92.57,92.7,92.7,101.37,106.19,100.13,78,81,83,79,10.23,0.95,10.17,10.06,0.07
ANSC,92.56,92.75,92.75,101.7,107.16,101.43,78,81,84,81,10.93,0.98,10.9,10.7,0.17
HVII,92.56,92.83,93.02,101.81,106.18,100.17,78,81,83,79,10.38,1.0,10.17,10.03,5.58
KVACU,92.53,92.65,92.65,101.72,108.3,104.89,78,81,85,84,11.5,0.3,11.45,11.25,0.0
BAYA,92.53,92.78,92.83,101.72,107.41,101.84,78,81,85,81,11.13,0.7,11.12,10.94,0.0
KCHVU,92.5,92.8,92.81,100.43,105.48,100.11,77,80,48,45,10.24,0.76,10.2,10.17,0.08
AFJK,92.5,92.67,92.74,102.22,108.24,102.66,77,82,85,82,11.32,0.99,11.24,11.01,0.0
PDEX,92.49,94.8,97.25,124.49,141.85,162.91,77,93,95,96,34.36,0.18,43.76,45.42,1.08
SAIC,92.48,92.92,92.92,104.34,110.86,92.76,77,84,87,5,103.87,0.15,112.8,111.6,2.32
NEUE,92.47,93.11,95.5,113.09,160.12,155.81,77,89,96,96,6.72,0.78,6.72,6.68,1.06
DMYY,92.47,92.99,100.05,121.53,121.62,102.5,77,92,92,82,13.79,0.73,12.84,12.11,1.87
POLE,92.46,92.73,92.94,101.97,107.02,101.09,77,82,84,80,10.46,1.0,10.42,10.22,0.01
FG,92.45,92.45,91.51,85.93,98.78,102.46,77,3,8,82,32.99,0.18,33.15,36.44,1.59
MHH,92.45,92.45,90.4,81.17,103.73,138.15,77,2,12,94,7.85,0.15,7.63,9.71,2.05
EH,92.44,92.44,92.13,93.96,146.89,141.21,77,7,96,95,17.95,0.42,17.48,17.92,1.44
UL,92.44,92.71,92.75,108.46,112.8,96.67,77,87,88,7,61.2,0.67,61.33,59.35,1.09
SPKL,92.41,92.41,92.4,101.38,106.91,101.52,77,81,84,81,11.35,1.0,10.98,10.81,3.62
FACT,92.39,92.68,92.91,101.9,106.85,100.8,77,81,84,80,10.29,0.94,10.29,10.12,0.03
DRI,92.37,94.24,96.99,112.46,118.69,114.85,77,89,91,89,184.73,0.45,206.37,198.04,2.83
GPATU,92.36,92.7,93.11,102.22,107.19,101.84,77,82,84,81,10.72,0.73,10.66,10.48,50.0
OACCU,92.34,92.7,93.55,103.2,107.49,101.38,77,83,85,80,10.6,0.57,10.66,10.42,0.0
NOEM,92.32,92.48,92.49,101.37,106.41,100.45,77,81,83,79,10.2,1.0,10.12,10.0,0.0
LSH,92.31,92.31,88.74,77.81,80.17,122.31,77,2,2,92,1.38,0.2,0.95,1.36,2.1
FANG,92.31,93.72,94.61,94.36,95.63,94.3,77,7,6,6,139.67,0.29,141.75,147.05,2.04
WTGUU,92.3,92.47,92.47,100.24,105.48,100.11,77,80,48,45,10.17,0.69,10.16,10.12,0.0
DOV,92.3,92.93,93.82,96.18,98.98,100.73,77,8,8,80,171.34,0.39,179.53,182.81,1.43
NODK,92.29,92.29,90.73,90.04,95.9,103.51,77,5,7,83,13.98,0.37,13.07,13.8,4.63
ATIIU,92.27,92.74,93.45,102.06,106.19,100.16,77,82,83,79,10.31,0.43,10.36,10.24,0.0
ET,92.26,92.75,93.53,97.3,110.71,116.19,77,9,87,90,17.3,0.48,17.4,17.71,1.1
SBXD,92.26,93.09,94.37,103.1,106.9,101.08,77,83,84,80,10.49,0.42,10.55,10.36,0.07
PLMK,92.25,92.54,92.74,101.62,106.45,100.32,77,81,83,79,10.3,0.89,10.29,10.17,0.0
LPBB,92.22,92.63,93.19,102.8,107.1,100.82,77,82,84,80,10.44,0.88,10.42,10.21,0.1
AMBQ,92.21,93.51,94.1,100.05,105.48,100.11,77,45,48,45,31.21,0.0,37.5,37.5,2.02
JBSS,92.2,92.2,91.64,87.69,87.99,90.69,77,4,4,4,63.24,0.15,63.86,69.04,1.55
COLA,92.2,92.37,92.37,101.02,106.0,100.12,77,80,83,79,10.21,0.96,10.18,10.11,0.0
VACH,92.2,92.43,92.51,101.78,107.01,101.08,77,81,84,80,10.43,0.94,10.41,10.25,0.21
CHMI,92.18,93.08,92.92,97.73,124.8,115.61,77,9,93,90,2.53,0.31,2.81,2.8,2.08
GLBE,92.18,92.18,89.93,85.3,108.12,137.59,77,3,85,94,36.83,0.23,33.88,40.56,0.9
ATII,92.16,92.5,92.72,101.18,105.71,100.11,77,81,83,45,10.2,0.82,10.21,10.15,0.11
GSHR,92.12,92.34,92.34,100.31,105.48,100.11,77,80,48,45,10.14,0.74,10.15,10.11,0.0
OYSEU,92.12,92.3,92.3,100.29,105.48,100.11,77,80,48,45,10.18,0.72,10.16,10.13,0.01
LND,92.12,92.43,92.58,102.3,104.87,92.39,77,82,14,5,3.88,0.41,3.81,3.79,0.76
MAYS,92.11,92.34,92.24,96.48,97.65,93.31,77,8,7,5,38.0,0.2,38.18,39.3,4.05
CHPGU,92.11,92.31,92.31,100.26,105.48,100.11,77,80,48,45,10.17,0.59,10.16,10.14,0.42
FCN,92.11,92.14,92.13,92.83,93.05,88.79,77,6,5,4,161.74,0.11,167.01,172.77,3.25
GTERU,92.1,92.18,92.18,100.05,105.48,100.11,77,45,48,45,10.17,0.72,10.16,10.16,0.0
AACB,92.1,92.42,92.69,101.42,105.85,100.11,77,81,83,45,10.15,0.9,10.13,10.07,0.03
PCSC,92.09,92.53,93.3,102.24,107.07,101.58,77,82,84,81,10.6,0.83,10.58,10.4,4.71
ALDF,92.09,92.53,93.3,103.19,107.19,101.07,77,83,84,80,10.41,0.8,10.43,10.23,0.34
OAKU,92.09,92.15,92.25,102.11,107.7,101.98,77,82,85,81,12.0,0.95,11.81,11.62,0.04
ALF,92.07,92.39,92.82,102.49,107.1,101.32,77,82,84,80,10.55,0.86,10.52,10.35,2.99
WEYS,92.06,92.06,93.31,98.74,102.22,110.61,77,10,11,88,30.87,0.38,30.39,31.77,5.84
LOKV,92.06,93.02,94.51,102.66,105.8,100.11,77,82,83,45,10.2,0.31,10.28,10.28,0.04
NMPAU,92.04,92.1,92.1,100.05,105.48,100.11,77,45,48,45,10.11,0.94,10.06,10.05,0.0
UHS,92.03,92.03,90.68,101.15,103.39,88.77,77,80,12,4,188.64,0.4,176.55,180.49,1.64
UVE,92.03,92.73,98.15,122.99,125.13,99.38,77,92,93,10,25.61,0.79,24.35,23.03,1.19
STRR,92.02,92.02,87.98,83.33,85.05,98.01,77,3,3,8,11.47,0.38,9.29,10.54,0.99
CCIIU,92.01,92.09,92.09,100.05,105.48,100.11,77,45,48,45,10.3,1.0,10.25,10.24,0.02
CHAC,92.0,92.27,92.31,100.4,105.48,100.11,77,80,48,45,10.05,0.72,10.04,10.02,0.01
SGRY,91.97,91.97,91.93,96.0,108.14,94.78,77,8,85,6,21.62,0.17,22.39,22.61,1.17
TVA,91.97,92.2,92.22,100.32,105.48,100.11,77,80,48,45,10.13,0.88,10.12,10.09,0.06
DIN,91.96,93.55,96.39,100.6,93.36,106.94,76,80,5,86,23.01,0.33,22.48,24.11,1.45
CCCX,91.96,91.96,90.88,100.05,105.48,100.11,76,45,48,45,12.17,1.0,10.24,10.24,9.77
WSR,91.94,91.94,91.35,93.91,104.86,104.54,76,7,14,84,12.73,0.32,12.54,12.96,2.77
BSAAU,91.94,92.03,92.03,100.07,105.48,100.11,76,79,48,45,10.16,0.48,10.12,10.09,0.01
NVA,91.94,91.94,94.04,118.19,155.76,187.49,76,91,96,97,13.72,0.7,11.32,11.96,1.78
QSEA,91.94,92.08,92.09,100.15,105.48,100.11,76,80,48,45,10.13,0.88,10.11,10.07,0.59
NPACU,91.93,92.68,93.4,101.64,105.61,100.11,76,81,82,45,10.24,0.29,10.27,10.26,0.86
YHNAU,91.91,92.16,92.27,101.51,106.83,101.67,76,81,84,81,10.45,0.47,10.45,10.33,
BATL,91.9,103.49,108.51,109.95,93.3,74.05,76,88,5,2,1.04,0.01,1.21,1.55,0.29
SWVL,91.86,94.78,111.13,115.65,123.01,178.85,76,90,92,97,3.3,0.16,3.9,4.46,1.83
CNA,91.85,91.87,91.61,101.35,110.46,102.66,76,81,87,82,45.51,0.38,46.37,46.37,6.43
KLAR,91.84,91.89,91.33,100.05,105.48,100.11,76,45,48,45,43.01,0.1,44.27,44.27,0.5
IIPR,91.81,91.81,91.18,87.5,81.89,83.94,76,4,2,3,57.43,0.15,54.06,60.29,1.89
WTRG,91.78,91.89,91.89,104.61,115.21,99.18,76,84,89,9,37.02,0.55,38.08,37.39,3.39
OACC,91.77,92.19,92.83,103.5,107.58,100.39,76,83,85,79,10.49,0.84,10.45,10.27,1.21
EQV,91.77,92.36,93.58,103.23,106.82,100.93,76,83,84,80,10.4,0.67,10.4,10.22,0.61
AXINU,91.77,91.92,91.92,100.06,105.48,100.11,76,79,48,45,10.11,0.29,10.12,10.11,0.0
COPL,91.76,91.92,91.92,100.11,105.48,100.11,76,79,48,45,10.09,0.9,10.08,10.06,0.0
NSPR,91.75,91.75,91.43,92.63,109.34,110.77,76,6,86,88,2.45,0.17,2.45,2.62,0.51
ALHC,91.75,91.75,89.55,112.96,147.08,123.76,76,89,96,92,16.54,0.67,14.64,14.79,2.12
MBIN,91.71,91.71,91.12,88.86,102.23,98.26,76,4,11,9,32.22,0.19,32.5,35.01,1.33
SMLR,91.71,92.38,103.14,105.13,126.65,236.04,76,84,93,98,29.18,0.13,34.06,41.78,2.12
MCD,91.7,91.7,91.3,103.54,112.9,101.9,76,83,88,81,302.38,0.64,304.59,299.9,1.68
MBRX,91.69,91.69,91.08,113.53,226.02,118.37,76,89,98,91,0.4,0.05,0.57,1.04,0.62
BACCU,91.65,91.79,91.79,100.09,105.48,100.11,76,79,48,45,10.12,0.75,10.09,10.08,0.03
FLGC,91.63,91.63,91.28,98.25,85.38,113.56,76,10,3,89,27.2,0.16,22.94,29.11,2.68
LCCC,91.55,91.67,91.67,100.05,105.48,100.11,76,45,48,45,10.06,1.0,10.05,10.04,0.0
EP,91.55,95.46,99.51,95.83,115.45,122.26,76,8,90,92,4.32,0.11,4.74,5.55,9.07
TVAIU,91.54,91.78,91.83,100.45,105.48,100.11,76,80,48,45,10.14,0.79,10.11,10.11,0.0
BVS,91.53,91.53,89.96,81.04,92.8,97.97,76,2,5,8,6.93,0.1,6.94,8.34,1.22
VMD,91.52,91.52,91.29,88.82,94.76,112.37,76,4,6,89,6.73,0.22,6.74,7.27,1.08
AMRZ,91.48,91.6,91.2,100.05,105.48,100.11,76,45,48,45,50.4,0.42,51.41,51.2,11.3
COKE,91.47,91.47,90.15,92.72,114.94,108.72,76,6,89,87,113.22,0.21,115.99,122.19,4.56
IPOD,91.47,91.56,91.56,100.02,105.48,100.11,76,11,48,45,10.09,1.0,10.07,10.06,0.0
DDI,91.47,91.47,91.24,96.84,99.03,99.63,76,8,8,10,9.47,0.15,9.55,10.03,1.26
SUUN,91.44,91.44,89.8,66.68,150.23,136.33,76,2,96,94,1.75,0.09,1.71,2.35,0.46
HVMCU,91.43,91.53,91.53,100.05,105.48,100.11,76,45,48,45,10.08,0.87,10.06,10.06,0.01
VRM,91.43,92.54,92.89,107.75,114.04,96.72,76,86,89,7,27.46,0.31,27.41,28.63,2.24
DAWN,91.43,91.43,89.79,80.81,79.59,91.63,76,2,2,5,6.81,0.1,6.9,8.69,1.25
DECK,91.42,91.42,89.2,83.83,90.92,123.62,76,3,5,92,113.79,0.14,109.78,135.46,1.35
JENA,91.42,91.56,91.56,100.05,105.48,100.11,76,45,48,45,10.14,0.5,10.14,10.14,0.0
RNR,91.42,91.75,92.06,101.3,103.74,99.14,76,81,13,9,243.02,0.35,241.36,243.39,3.46
VIA,91.4,91.53,91.32,100.05,105.48,100.11,76,45,48,45,50.18,0.5,50.18,50.18,0.29
WLY,91.38,91.7,90.88,98.93,107.22,101.66,76,10,84,81,40.32,0.24,40.03,41.61,1.54
TBMC,91.36,91.55,92.28,103.99,108.45,101.16,76,84,86,80,11.68,0.72,11.62,11.45,1.42
OPK,91.32,91.32,89.85,86.38,113.59,109.38,76,3,89,87,1.45,0.35,1.36,1.47,3.87
BRT,91.32,91.32,90.72,92.41,101.01,99.56,76,6,10,10,16.18,0.35,15.54,16.26,3.15
BLFY,91.31,91.31,90.43,96.08,101.19,94.57,76,8,10,6,9.12,0.25,9.1,9.44,4.93
SSEAU,91.3,91.4,91.4,100.05,105.48,100.11,76,45,48,45,10.1,1.0,10.05,10.05,0.2
QUMSU,91.3,91.41,91.41,100.05,105.48,100.11,76,45,48,45,10.06,0.76,10.04,10.04,0.0
ICL,91.29,92.67,96.38,115.79,132.43,132.6,76,90,94,94,6.14,0.67,6.36,6.11,0.63
CRAQ,91.28,91.47,91.47,100.05,105.48,100.11,76,45,48,45,9.98,0.5,10.0,9.99,0.13
APADU,91.28,91.42,91.42,100.05,105.48,100.11,76,45,48,45,10.02,0.17,10.03,10.03,0.0
PACHU,91.28,91.43,91.43,100.05,105.48,100.11,76,45,48,45,10.02,0.33,10.03,10.02,0.01
GTERA,91.26,91.4,91.4,100.05,105.48,100.11,76,45,48,45,9.97,0.75,9.96,9.96,0.88
FITBO,91.23,91.23,90.03,94.97,104.02,97.84,76,7,13,8,21.19,0.5,20.41,20.87,0.39
NETDU,91.23,91.51,92.09,102.95,109.59,103.3,76,83,86,83,11.35,0.82,11.32,11.19,0.0
PGACU,91.22,91.29,91.32,101.44,107.13,101.51,76,81,84,81,10.38,0.92,10.24,10.21,0.0
LGN,91.22,91.35,91.32,100.05,105.48,100.11,76,45,48,45,31.33,1.0,30.58,30.58,0.31
BRCB,91.22,91.33,91.32,100.05,105.48,100.11,76,45,48,45,27.11,0.0,27.62,27.62,0.24
MYSZ,91.17,91.32,91.32,100.05,105.48,100.11,42,45,48,45,,,,,
NEXM,91.17,91.32,91.32,100.05,105.48,100.11,42,45,48,45,,,,,
WSFS,91.17,91.32,91.32,100.05,105.48,100.11,42,45,48,45,,,,,
RAND,91.17,91.32,91.32,100.05,105.48,100.11,42,45,48,45,,,,,
CCIX,91.17,91.32,91.32,100.05,105.48,100.11,42,45,48,45,,,,,
KLRS,91.17,91.32,91.32,100.05,105.48,100.11,42,45,48,45,,,,,
DAY,91.17,91.32,91.32,100.05,105.48,100.11,42,45,48,45,,,,,
CLPS,91.17,91.32,91.32,100.05,105.48,100.11,42,45,48,45,,,,,
WFRD,91.17,91.32,91.32,100.05,105.48,100.11,42,45,48,45,,,,,
PZG,91.17,91.32,91.32,100.05,105.48,100.11,42,45,48,45,,,,,
AMTM,91.17,91.32,91.32,100.05,105.48,100.11,42,45,48,45,,,,,
LNKB,91.17,91.32,91.32,100.05,105.48,100.11,42,45,48,45,,,,,
FCX,91.17,91.32,91.32,100.05,105.48,100.11,42,45,48,45,,,,,
NSYS,91.17,91.32,91.32,100.05,105.48,100.11,42,45,48,45,,,,,
CMBM,91.17,91.32,91.32,100.05,105.48,100.11,42,45,48,45,,,,,
AVNT,91.17,91.32,91.32,100.05,105.48,100.11,42,45,48,45,,,,,
SRL,91.17,91.32,91.32,100.05,105.48,100.11,42,45,48,45,,,,,
SCSC,91.17,91.32,91.32,100.05,105.48,100.11,42,45,48,45,,,,,
SISI,91.17,91.32,91.32,100.05,105.48,100.11,42,45,48,45,,,,,
KLTR,91.17,91.32,91.32,100.05,105.48,100.11,42,45,48,45,,,,,
LC,91.17,91.32,91.32,100.05,105.48,100.11,42,45,48,45,,,,,
AIG,91.17,91.32,91.32,100.05,105.48,100.11,42,45,48,45,,,,,
BBIO,91.17,91.32,91.32,100.05,105.48,100.11,42,45,48,45,,,,,
LXRX,91.17,91.32,91.32,100.05,105.48,100.11,42,45,48,45,,,,,
TWFG,91.17,91.32,91.32,100.05,105.48,100.11,42,45,48,45,,,,,
ACN,91.17,91.32,91.32,100.05,105.48,100.11,42,45,48,45,,,,,
APTV,91.17,91.32,91.32,100.05,105.48,100.11,42,45,48,45,,,,,
MGEE,91.17,91.32,91.32,100.05,105.48,100.11,42,45,48,45,,,,,
CNK,91.17,91.32,91.32,100.05,105.48,100.11,42,45,48,45,,,,,
ELAB,91.17,91.32,91.32,100.05,105.48,100.11,42,45,48,45,,,,,
YCBD,91.17,91.32,91.32,100.05,105.48,100.11,42,45,48,45,,,,,
AXIN,91.17,91.32,91.32,100.05,105.48,100.11,42,45,48,45,,,,,
CHCO,91.17,91.32,91.32,100.05,105.48,100.11,42,45,48,45,,,,,
SWBI,91.17,91.32,91.32,100.05,105.48,100.11,42,45,48,45,,,,,
ENTA,91.17,91.32,91.32,100.05,105.48,100.11,42,45,48,45,,,,,
NVFY,91.17,91.32,91.32,100.05,105.48,100.11,42,45,48,45,,,,,
IBN,91.17,91.32,91.32,100.05,105.48,100.11,42,45,48,45,,,,,
ATEC,91.17,91.32,91.32,100.05,105.48,100.11,42,45,48,45,,,,,
WERN,91.17,91.32,91.32,100.05,105.48,100.11,42,45,48,45,,,,,
GOSS,91.17,91.32,91.32,100.05,105.48,100.11,42,45,48,45,,,,,
VERU,91.17,91.32,91.32,100.05,105.48,100.11,42,45,48,45,,,,,
CSAI,91.17,91.32,91.32,100.05,105.48,100.11,42,45,48,45,,,,,
HOND,91.17,91.32,91.32,100.05,105.48,100.11,42,45,48,45,,,,,
ALV,91.17,91.32,91.32,100.05,105.48,100.11,42,45,48,45,,,,,
FULT,91.17,91.32,91.32,100.05,105.48,100.11,42,45,48,45,,,,,
MEGL,91.17,91.32,91.32,100.05,105.48,100.11,42,45,48,45,,,,,
MSN,91.17,91.32,91.32,100.05,105.48,100.11,42,45,48,45,,,,,
DXST,91.17,91.32,91.32,100.05,105.48,100.11,42,45,48,45,,,,,
VET,91.17,91.32,91.32,100.05,105.48,100.11,42,45,48,45,,,,,
ZETA,91.17,91.32,91.32,100.05,105.48,100.11,42,45,48,45,,,,,
TMP,91.17,91.32,91.32,100.05,105.48,100.11,42,45,48,45,,,,,
PTC,91.17,91.32,91.32,100.05,105.48,100.11,42,45,48,45,,,,,
PYPD,91.17,91.32,91.32,100.05,105.48,100.11,42,45,48,45,,,,,
NXPI,91.17,91.32,91.32,100.05,105.48,100.11,42,45,48,45,,,,,
IFF,91.17,91.32,91.32,100.05,105.48,100.11,42,45,48,45,,,,,
NPCE,91.17,91.32,91.32,100.05,105.48,100.11,42,45,48,45,,,,,
UDR,91.17,91.32,91.32,100.05,105.48,100.11,42,45,48,45,,,,,
ONC,91.17,91.32,91.32,100.05,105.48,100.11,42,45,48,45,,,,,
LRMR,91.17,91.32,91.32,100.05,105.48,100.11,42,45,48,45,,,,,
CPOP,91.17,91.32,91.32,100.05,105.48,100.11,42,45,48,45,,,,,
CP,91.17,91.32,91.32,100.05,105.48,100.11,42,45,48,45,,,,,
ENTO,91.17,91.32,91.32,100.05,105.48,100.11,42,45,48,45,,,,,
AAMI,91.17,91.32,91.32,100.05,105.48,100.11,42,45,48,45,,,,,
NXPL,91.17,91.32,91.32,100.05,105.48,100.11,42,45,48,45,,,,,
GDDY,91.17,91.32,91.32,100.05,105.48,100.11,42,45,48,45,,,,,
INLX,91.17,91.32,91.32,100.05,105.48,100.11,42,45,48,45,,,,,
QSEAU,91.17,91.32,91.32,100.05,105.48,100.11,42,45,48,45,,,,,
AFJKU,91.17,91.32,91.32,100.05,105.48,100.11,42,45,48,45,,,,,
AMCR,91.17,91.32,91.32,100.05,105.48,100.11,42,45,48,45,,,,,
M,91.17,91.32,91.32,100.05,105.48,100.11,42,45,48,45,,,,,
PBHC,91.17,91.32,91.32,100.05,105.48,100.11,42,45,48,45,,,,,
VALU,91.17,91.32,91.32,100.05,105.48,100.11,42,45,48,45,,,,,
NWS,91.17,91.32,91.32,100.05,105.48,100.11,42,45,48,45,,,,,
COFS,91.17,91.32,91.32,100.05,105.48,100.11,42,45,48,45,,,,,
VIRT,91.17,91.32,91.32,100.05,105.48,100.11,42,45,48,45,,,,,
PLD,91.17,91.32,91.32,100.05,105.48,100.11,42,45,48,45,,,,,
HCKT,91.17,91.32,91.32,100.05,105.48,100.11,42,45,48,45,,,,,
HTCR,91.17,91.32,91.32,100.05,105.48,100.11,42,45,48,45,,,,,
HLNE,91.17,91.32,91.32,100.05,105.48,100.11,42,45,48,45,,,,,
STEX,91.17,91.32,91.32,100.05,105.48,100.11,42,45,48,45,,,,,
ALLO,91.17,91.32,91.32,100.05,105.48,100.11,42,45,48,45,,,,,
DRDB,91.17,91.32,91.32,100.05,105.48,100.11,42,45,48,45,,,,,
AACT,91.17,91.32,91.32,100.05,105.48,100.11,42,45,48,45,,,,,
LSE,91.17,91.32,91.32,100.05,105.48,100.11,42,45,48,45,,,,,
WGRX,91.17,91.32,91.32,100.05,105.48,100.11,42,45,48,45,,,,,
LB,91.17,91.32,91.32,100.05,105.48,100.11,42,45,48,45,,,,,
RLYB,91.17,91.32,91.32,100.05,105.48,100.11,42,45,48,45,,,,,
CAPT,91.17,91.32,91.32,100.05,105.48,100.11,42,45,48,45,,,,,
CE,91.17,91.32,91.32,100.05,105.48,100.11,42,45,48,45,,,,,
EXOD,91.17,91.32,91.32,100.05,105.48,100.11,42,45,48,45,,,,,
LRCX,91.17,91.32,91.32,100.05,105.48,100.11,42,45,48,45,,,,,
CCIXU,91.17,91.32,91.32,100.05,105.48,100.11,42,45,48,45,,,,,
LARK,91.17,91.32,91.32,100.05,105.48,100.11,42,45,48,45,,,,,
SFHG,91.17,91.32,91.32,100.05,105.48,100.11,42,45,48,45,,,,,
VITL,91.17,91.32,91.32,100.05,105.48,100.11,42,45,48,45,,,,,
UNM,91.17,91.32,91.32,100.05,105.48,100.11,42,45,48,45,,,,,
LMFA,91.17,91.32,91.32,100.05,105.48,100.11,42,45,48,45,,,,,
SKLZ,91.17,91.32,91.32,100.05,105.48,100.11,42,45,48,45,,,,,
SIMA,91.17,91.32,91.32,100.05,105.48,100.11,42,45,48,45,,,,,
LVS,91.17,91.32,91.32,100.05,105.48,100.11,42,45,48,45,,,,,
BENF,91.17,91.32,91.32,100.05,105.48,100.11,42,45,48,45,,,,,
CHPT,91.17,91.32,91.32,100.05,105.48,100.11,42,45,48,45,,,,,
CCU,91.17,91.32,91.32,100.05,105.48,100.11,42,45,48,45,,,,,
GAMB,91.17,91.32,91.32,100.05,105.48,100.11,42,45,48,45,,,,,
QURE,91.17,91.32,91.32,100.05,105.48,100.11,42,45,48,45,,,,,
BBLG,91.17,91.32,91.32,100.05,105.48,100.11,42,45,48,45,,,,,
CTW,91.17,91.32,91.32,100.05,105.48,100.11,42,45,48,45,,,,,
NXE,91.17,91.32,91.32,100.05,105.48,100.11,42,45,48,45,,,,,
CTGO,91.17,91.32,91.32,100.05,105.48,100.11,42,45,48,45,,,,,
ELPW,91.17,91.32,91.32,100.05,105.48,100.11,42,45,48,45,,,,,
GAUZ,91.17,91.32,91.32,100.05,105.48,100.11,42,45,48,45,,,,,
SVIIU,91.17,91.32,91.32,100.05,105.48,100.11,42,45,48,45,,,,,
AX,91.17,91.32,91.32,100.05,105.48,100.11,42,45,48,45,,,,,
EMBC,91.17,91.32,91.32,100.05,105.48,100.11,42,45,48,45,,,,,
AESI,91.17,91.32,91.32,100.05,105.48,100.11,42,45,48,45,,,,,
PAR,91.17,91.32,91.32,100.05,105.48,100.11,42,45,48,45,,,,,
MDT,91.17,91.32,91.32,100.05,105.48,100.11,42,45,48,45,,,,,
BALL,91.17,91.32,91.32,100.05,105.48,100.11,42,45,48,45,,,,,
DMRC,91.17,91.32,91.32,100.05,105.48,100.11,42,45,48,45,,,,,
REYN,91.17,91.32,91.32,100.05,105.48,100.11,42,45,48,45,,,,,
DH,91.17,91.32,91.32,100.05,105.48,100.11,42,45,48,45,,,,,
RHP,91.17,91.32,91.32,100.05,105.48,100.11,42,45,48,45,,,,,
PPG,91.17,91.32,91.32,100.05,105.48,100.11,42,45,48,45,,,,,
BLZRU,91.17,91.32,91.32,100.05,105.48,100.11,42,45,48,45,,,,,
SSL,91.17,91.32,91.32,100.05,105.48,100.11,42,45,48,45,,,,,
VYNE,91.17,91.32,91.32,100.05,105.48,100.11,42,45,48,45,,,,,
NHIC,91.17,91.32,91.32,100.05,105.48,100.11,42,45,48,45,,,,,
CVCO,91.17,91.32,91.32,100.05,105.48,100.11,42,45,48,45,,,,,
MFI,91.17,91.32,91.32,100.05,105.48,100.11,42,45,48,45,,,,,
RNGR,91.17,91.32,91.32,100.05,105.48,100.11,42,45,48,45,,,,,
IMVT,91.17,91.32,91.32,100.05,105.48,100.11,42,45,48,45,,,,,
CHRD,91.17,91.32,91.32,100.05,105.48,100.11,42,45,48,45,,,,,
PINS,91.17,91.32,91.32,100.05,105.48,100.11,42,45,48,45,,,,,
NPKI,91.17,91.32,91.32,100.05,105.48,100.11,42,45,48,45,,,,,
NUTX,91.17,91.32,91.32,100.05,105.48,100.11,42,45,48,45,,,,,
PRI,91.17,91.32,91.32,100.05,105.48,100.11,42,45,48,45,,,,,
FFWM,91.17,91.32,91.32,100.05,105.48,100.11,42,45,48,45,,,,,
HGTY,91.17,91.32,91.32,100.05,105.48,100.11,42,45,48,45,,,,,
AMRX,91.17,91.32,91.32,100.05,105.48,100.11,42,45,48,45,,,,,
HTOO,91.17,91.32,91.32,100.05,105.48,100.11,42,45,48,45,,,,,
ASRV,91.17,91.32,91.32,100.05,105.48,100.11,42,45,48,45,,,,,
CPF,91.17,91.32,91.32,100.05,105.48,100.11,42,45,48,45,,,,,
PAGS,91.17,91.32,91.32,100.05,105.48,100.11,42,45,48,45,,,,,
RAYA,91.17,91.32,91.32,100.05,105.48,100.11,42,45,48,45,,,,,
SAIA,91.17,91.32,91.32,100.05,105.48,100.11,42,45,48,45,,,,,
LSB,91.17,91.32,91.32,100.05,105.48,100.11,42,45,48,45,,,,,
SPRY,91.17,91.32,91.32,100.05,105.48,100.11,42,45,48,45,,,,,
DWSN,91.17,91.32,91.32,100.05,105.48,100.11,42,45,48,45,,,,,
EMA,91.17,91.32,91.32,100.05,105.48,100.11,42,45,48,45,,,,,
AMRN,91.17,91.32,91.32,100.05,105.48,100.11,42,45,48,45,,,,,
CNF,91.17,91.32,91.32,100.05,105.48,100.11,42,45,48,45,,,,,
ABVX,91.17,91.32,91.32,100.05,105.48,100.11,42,45,48,45,,,,,
POR,91.17,91.32,91.32,100.05,105.48,100.11,42,45,48,45,,,,,
INACU,91.17,91.32,91.32,100.05,105.48,100.11,42,45,48,45,,,,,
HWM,91.17,91.32,91.32,100.05,105.48,100.11,42,45,48,45,,,,,
LESL,91.17,91.32,91.32,100.05,105.48,100.11,42,45,48,45,,,,,
DKI,91.17,91.32,91.32,100.05,105.48,100.11,42,45,48,45,,,,,
OKUR,91.17,91.32,91.32,100.05,105.48,100.11,42,45,48,45,,,,,
BAER,91.17,91.32,91.32,100.05,105.48,100.11,42,45,48,45,,,,,
ACT,91.17,91.32,91.32,100.05,105.48,100.11,42,45,48,45,,,,,
JHX,91.17,91.32,91.32,100.05,105.48,100.11,42,45,48,45,,,,,
ATS,91.17,91.32,91.32,100.05,105.48,100.11,42,45,48,45,,,,,
HCC,91.17,91.32,91.32,100.05,105.48,100.11,42,45,48,45,,,,,
ARAY,91.17,91.32,91.32,100.05,105.48,100.11,42,45,48,45,,,,,
MOGO,91.17,91.32,91.32,100.05,105.48,100.11,42,45,48,45,,,,,
ORBS,91.17,91.32,91.32,100.05,105.48,100.11,42,45,48,45,,,,,
INTA,91.17,91.32,91.32,100.05,105.48,100.11,42,45,48,45,,,,,
RILYL,91.17,91.32,91.32,100.05,105.48,100.11,42,45,48,45,,,,,
CDRE,91.17,91.32,91.32,100.05,105.48,100.11,42,45,48,45,,,,,
OSS,91.17,91.32,91.32,100.05,105.48,100.11,42,45,48,45,,,,,
AQST,91.17,91.32,91.32,100.05,105.48,100.11,42,45,48,45,,,,,
AHT,91.17,91.32,91.32,100.05,105.48,100.11,42,45,48,45,,,,,
AAOI,91.17,91.32,91.32,100.05,105.48,100.11,42,45,48,45,,,,,
NVTS,91.17,91.32,91.32,100.05,105.48,100.11,42,45,48,45,,,,,
SYBT,91.17,91.32,91.32,100.05,105.48,100.11,42,45,48,45,,,,,
CFR,91.17,91.32,91.32,100.05,105.48,100.11,42,45,48,45,,,,,
GSM,91.17,91.32,91.32,100.05,105.48,100.11,42,45,48,45,,,,,
FTCI,91.17,91.32,91.32,100.05,105.48,100.11,42,45,48,45,,,,,
LOKVU,91.17,91.32,91.32,100.05,105.48,100.11,42,45,48,45,,,,,
TMDX,91.17,91.32,91.32,100.05,105.48,100.11,42,45,48,45,,,,,
ELS,91.17,91.32,91.32,100.05,105.48,100.11,42,45,48,45,,,,,
WATT,91.17,91.32,91.32,100.05,105.48,100.11,42,45,48,45,,,,,
NVAX,91.17,91.32,91.32,100.05,105.48,100.11,42,45,48,45,,,,,
PRAA,91.17,91.32,91.32,100.05,105.48,100.11,42,45,48,45,,,,,
SLNG,91.17,91.32,91.32,100.05,105.48,100.11,42,45,48,45,,,,,
JCTC,91.17,91.32,91.32,100.05,105.48,100.11,42,45,48,45,,,,,
NAMM,91.17,91.32,91.32,100.05,105.48,100.11,42,45,48,45,,,,,
GRAB,91.17,91.32,91.32,100.05,105.48,100.11,42,45,48,45,,,,,
APPF,91.17,91.32,91.32,100.05,105.48,100.11,42,45,48,45,,,,,
PEBK,91.17,91.32,91.32,100.05,105.48,100.11,42,45,48,45,,,,,
TEAM,91.17,91.32,91.32,100.05,105.48,100.11,42,45,48,45,,,,,
AGNCM,91.17,91.32,91.32,100.05,105.48,100.11,42,45,48,45,,,,,
BAP,91.17,91.32,91.32,100.05,105.48,100.11,42,45,48,45,,,,,
RSKD,91.17,91.32,91.32,100.05,105.48,100.11,42,45,48,45,,,,,
EXPI,91.17,91.32,91.32,100.05,105.48,100.11,42,45,48,45,,,,,
BUD,91.17,91.32,91.32,100.05,105.48,100.11,42,45,48,45,,,,,
NAMI,91.17,91.32,91.32,100.05,105.48,100.11,42,45,48,45,,,,,
KNX,91.17,91.32,91.32,100.05,105.48,100.11,42,45,48,45,,,,,
PSTL,91.17,91.32,91.32,100.05,105.48,100.11,42,45,48,45,,,,,
GEF,91.17,91.32,91.32,100.05,105.48,100.11,42,45,48,45,,,,,
FATE,91.17,91.32,91.32,100.05,105.48,100.11,42,45,48,45,,,,,
PTCT,91.17,91.32,91.32,100.05,105.48,100.11,42,45,48,45,,,,,
TRMD,91.17,91.32,91.32,100.05,105.48,100.11,42,45,48,45,,,,,
IRD,91.17,91.32,91.32,100.05,105.48,100.11,42,45,48,45,,,,,
MAS,91.17,91.32,91.32,100.05,105.48,100.11,42,45,48,45,,,,,
VTVT,91.17,91.32,91.32,100.05,105.48,100.11,42,45,48,45,,,,,
GIPR,91.17,91.32,91.32,100.05,105.48,100.11,42,45,48,45,,,,,
SXI,91.17,91.32,91.32,100.05,105.48,100.11,42,45,48,45,,,,,
ALCY,91.17,91.32,91.32,100.05,105.48,100.11,42,45,48,45,,,,,
EPSM,91.17,91.32,91.32,100.05,105.48,100.11,42,45,48,45,,,,,
LI,91.17,91.32,91.32,100.05,105.48,100.11,42,45,48,45,,,,,
KBR,91.17,91.32,91.32,100.05,105.48,100.11,42,45,48,45,,,,,
PROK,91.17,91.32,91.32,100.05,105.48,100.11,42,45,48,45,,,,,
SVV,91.17,91.32,91.32,100.05,105.48,100.11,42,45,48,45,,,,,
SND,91.17,91.32,91.32,100.05,105.48,100.11,42,45,48,45,,,,,
YJ,91.17,91.32,91.32,100.05,105.48,100.11,42,45,48,45,,,,,
SSM,91.17,91.32,91.32,100.05,105.48,100.11,42,45,48,45,,,,,
IMMR,91.17,91.32,91.32,100.05,105.48,100.11,42,45,48,45,,,,,
CISO,91.17,91.32,91.32,100.05,105.48,100.11,42,45,48,45,,,,,
RIGL,91.17,91.32,91.32,100.05,105.48,100.11,42,45,48,45,,,,,
KMTS,91.17,91.32,91.32,100.05,105.48,100.11,42,45,48,45,,,,,
ELPC,91.17,91.32,91.32,100.05,105.48,100.11,42,45,48,45,,,,,
HLN,91.17,91.32,91.32,100.05,105.48,100.11,42,45,48,45,,,,,
AVY,91.17,91.32,91.32,100.05,105.48,100.11,42,45,48,45,,,,,
BULL,91.17,91.32,91.32,100.05,105.48,100.11,42,45,48,45,,,,,
KVUE,91.17,91.32,91.32,100.05,105.48,100.11,42,45,48,45,,,,,
CVKD,91.17,91.32,91.32,100.05,105.48,100.11,42,45,48,45,,,,,
GLRE,91.17,91.32,91.32,100.05,105.48,100.11,42,45,48,45,,,,,
TAK,91.17,91.32,91.32,100.05,105.48,100.11,42,45,48,45,,,,,
EFXT,91.17,91.32,91.32,100.05,105.48,100.11,42,45,48,45,,,,,
CDZIP,91.17,91.32,91.32,100.05,105.48,100.11,42,45,48,45,,,,,
RYAN,91.17,91.32,91.32,100.05,105.48,100.11,42,45,48,45,,,,,
TASK,91.17,91.32,91.32,100.05,105.48,100.11,42,45,48,45,,,,,
RETO,91.17,91.32,91.32,100.05,105.48,100.11,42,45,48,45,,,,,
CEPO,91.17,91.32,91.32,100.05,105.48,100.11,42,45,48,45,,,,,
CHACU,91.17,91.32,91.32,100.05,105.48,100.11,42,45,48,45,,,,,
LITB,91.17,91.32,91.32,100.05,105.48,100.11,42,45,48,45,,,,,
HBT,91.17,91.32,91.32,100.05,105.48,100.11,42,45,48,45,,,,,
GOLF,91.17,91.32,91.32,100.05,105.48,100.11,42,45,48,45,,,,,
AGRI,91.17,91.32,91.32,100.05,105.48,100.11,42,45,48,45,,,,,
FTHM,91.17,91.32,91.32,100.05,105.48,100.11,42,45,48,45,,,,,
MEG,91.17,91.32,91.32,100.05,105.48,100.11,42,45,48,45,,,,,
SPSC,91.17,91.32,91.32,100.05,105.48,100.11,42,45,48,45,,,,,
BTBT,91.17,91.32,91.32,100.05,105.48,100.11,42,45,48,45,,,,,
RCMT,91.17,91.32,91.32,100.05,105.48,100.11,42,45,48,45,,,,,
CSR,91.17,91.32,91.32,100.05,105.48,100.11,42,45,48,45,,,,,
WAT,91.17,91.32,91.32,100.05,105.48,100.11,42,45,48,45,,,,,
GNS,91.17,91.32,91.32,100.05,105.48,100.11,42,45,48,45,,,,,
GPK,91.17,91.32,91.32,100.05,105.48,100.11,42,45,48,45,,,,,
DLNG,91.17,91.32,91.32,100.05,105.48,100.11,42,45,48,45,,,,,
PFGC,91.17,91.32,91.32,100.05,105.48,100.11,42,45,48,45,,,,,
OKE,91.17,91.32,91.32,100.05,105.48,100.11,42,45,48,45,,,,,
ULCC,91.17,91.32,91.32,100.05,105.48,100.11,42,45,48,45,,,,,
SZZLU,91.17,91.32,91.32,100.05,105.48,100.11,42,45,48,45,,,,,
TPVG,91.17,91.32,91.32,100.05,105.48,100.11,42,45,48,45,,,,,
COLAU,91.17,91.32,91.32,100.05,105.48,100.11,42,45,48,45,,,,,
FRT,91.17,91.32,91.32,100.05,105.48,100.11,42,45,48,45,,,,,
MTEK,91.17,91.32,91.32,100.05,105.48,100.11,42,45,48,45,,,,,
MNTS,91.17,91.32,91.32,100.05,105.48,100.11,42,45,48,45,,,,,
HUT,91.17,91.32,91.32,100.05,105.48,100.11,42,45,48,45,,,,,
NERV,91.17,91.32,91.32,100.05,105.48,100.11,42,45,48,45,,,,,
TEO,91.17,91.32,91.32,100.05,105.48,100.11,42,45,48,45,,,,,
TUSK,91.17,91.32,91.32,100.05,105.48,100.11,42,45,48,45,,,,,
NDSN,91.17,91.32,91.32,100.05,105.48,100.11,42,45,48,45,,,,,
GAP,91.17,91.32,91.32,100.05,105.48,100.11,42,45,48,45,,,,,
GPN,91.17,91.32,91.32,100.05,105.48,100.11,42,45,48,45,,,,,
FHI,91.17,91.32,91.32,100.05,105.48,100.11,42,45,48,45,,,,,
ITW,91.17,91.32,91.32,100.05,105.48,100.11,42,45,48,45,,,,,
AXR,91.17,91.32,91.32,100.05,105.48,100.11,42,45,48,45,,,,,
APDN,91.17,91.32,91.32,100.05,105.48,100.11,42,45,48,45,,,,,
FOXA,91.17,91.32,91.32,100.05,105.48,100.11,42,45,48,45,,,,,
EPWK,91.17,91.32,91.32,100.05,105.48,100.11,42,45,48,45,,,,,
ASNS,91.17,91.32,91.32,100.05,105.48,100.11,42,45,48,45,,,,,
HCI,91.17,91.32,91.32,100.05,105.48,100.11,42,45,48,45,,,,,
FMST,91.17,91.32,91.32,100.05,105.48,100.11,42,45,48,45,,,,,
PTON,91.17,91.32,91.32,100.05,105.48,100.11,42,45,48,45,,,,,
AVBP,91.17,91.32,91.32,100.05,105.48,100.11,42,45,48,45,,,,,
KLC,91.17,91.32,91.32,100.05,105.48,100.11,42,45,48,45,,,,,
HSCS,91.17,91.32,91.32,100.05,105.48,100.11,42,45,48,45,,,,,
BRSL,91.17,91.32,91.32,100.05,105.48,100.11,42,45,48,45,,,,,
CPA,91.17,91.32,91.32,100.05,105.48,100.11,42,45,48,45,,,,,
BWFG,91.17,91.32,91.32,100.05,105.48,100.11,42,45,48,45,,,,,
LFT,91.17,91.32,91.32,100.05,105.48,100.11,42,45,48,45,,,,,
OSTX,91.17,91.32,91.32,100.05,105.48,100.11,42,45,48,45,,,,,
SFBS,91.17,91.32,91.32,100.05,105.48,100.11,42,45,48,45,,,,,
LNN,91.17,91.32,91.32,100.05,105.48,100.11,42,45,48,45,,,,,
NAT,91.17,91.32,91.32,100.05,105.48,100.11,42,45,48,45,,,,,
JKHY,91.17,91.32,91.32,100.05,105.48,100.11,42,45,48,45,,,,,
ENLV,91.17,91.32,91.32,100.05,105.48,100.11,42,45,48,45,,,,,
PSMT,91.17,91.32,91.32,100.05,105.48,100.11,42,45,48,45,,,,,
RLJ,91.17,91.32,91.32,100.05,105.48,100.11,42,45,48,45,,,,,
NMR,91.17,91.32,91.32,100.05,105.48,100.11,42,45,48,45,,,,,
SCOR,91.17,91.32,91.32,100.05,105.48,100.11,42,45,48,45,,,,,
NTRP,91.17,91.32,91.32,100.05,105.48,100.11,42,45,48,45,,,,,
MMA,91.17,91.32,91.32,100.05,105.48,100.11,42,45,48,45,,,,,
LXEO,91.17,91.32,91.32,100.05,105.48,100.11,42,45,48,45,,,,,
GENC,91.17,91.32,91.32,100.05,105.48,100.11,42,45,48,45,,,,,
RNTX,91.17,91.32,91.32,100.05,105.48,100.11,42,45,48,45,,,,,
LMND,91.17,91.32,91.32,100.05,105.48,100.11,42,45,48,45,,,,,
NRT,91.17,91.32,91.32,100.05,105.48,100.11,42,45,48,45,,,,,
CPK,91.17,91.32,91.32,100.05,105.48,100.11,42,45,48,45,,,,,
WPM,91.17,91.32,91.32,100.05,105.48,100.11,42,45,48,45,,,,,
FURY,91.17,91.32,91.32,100.05,105.48,100.11,42,45,48,45,,,,,
ALTO,91.17,91.32,91.32,100.05,105.48,100.11,42,45,48,45,,,,,
DOW,91.17,91.32,91.32,100.05,105.48,100.11,42,45,48,45,,,,,
PRAX,91.17,91.32,91.32,100.05,105.48,100.11,42,45,48,45,,,,,
STKE,91.17,91.32,91.32,100.05,105.48,100.11,42,45,48,45,,,,,
BRBI,91.17,91.32,91.32,100.05,105.48,100.11,42,45,48,45,,,,,
PHI,91.17,91.32,91.32,100.05,105.48,100.11,42,45,48,45,,,,,
BH,91.17,91.32,91.32,100.05,105.48,100.11,42,45,48,45,,,,,
CADL,91.17,91.32,91.32,100.05,105.48,100.11,42,45,48,45,,,,,
CHTR,91.17,91.32,91.32,100.05,105.48,100.11,42,45,48,45,,,,,
ODP,91.17,91.32,91.32,100.05,105.48,100.11,42,45,48,45,,,,,
CNXC,91.17,91.32,91.32,100.05,105.48,100.11,42,45,48,45,,,,,
LOT,91.17,91.32,91.32,100.05,105.48,100.11,42,45,48,45,,,,,
NTIC,91.17,91.32,91.32,100.05,105.48,100.11,42,45,48,45,,,,,
FAAS,91.17,91.32,91.32,100.05,105.48,100.11,42,45,48,45,,,,,
ELLO,91.17,91.32,91.32,100.05,105.48,100.11,42,45,48,45,,,,,
MTN,91.17,91.32,91.32,100.05,105.48,100.11,42,45,48,45,,,,,
PRT,91.17,91.32,91.32,100.05,105.48,100.11,42,45,48,45,,,,,
LCID,91.17,91.32,91.32,100.05,105.48,100.11,42,45,48,45,,,,,
SOUL,91.17,91.32,91.32,100.05,105.48,100.11,42,45,48,45,,,,,
VMC,91.17,91.32,91.32,100.05,105.48,100.11,42,45,48,45,,,,,
UAA,91.17,91.32,91.32,100.05,105.48,100.11,42,45,48,45,,,,,
SOS,91.17,91.32,91.32,100.05,105.48,100.11,42,45,48,45,,,,,
RGC,91.17,91.32,91.32,100.05,105.48,100.11,42,45,48,45,,,,,
BLD,91.17,91.32,91.32,100.05,105.48,100.11,42,45,48,45,,,,,
FWRG,91.17,91.32,91.32,100.05,105.48,100.11,42,45,48,45,,,,,
ZM,91.17,91.32,91.32,100.05,105.48,100.11,42,45,48,45,,,,,
ULY,91.17,91.32,91.32,100.05,105.48,100.11,42,45,48,45,,,,,
MUSA,91.17,91.32,91.32,100.05,105.48,100.11,42,45,48,45,,,,,
BCARU,91.17,91.32,91.32,100.05,105.48,100.11,42,45,48,45,,,,,
CCK,91.17,91.32,91.32,100.05,105.48,100.11,42,45,48,45,,,,,
MTVA,91.17,91.32,91.32,100.05,105.48,100.11,42,45,48,45,,,,,
KITT,91.17,91.32,91.32,100.05,105.48,100.11,42,45,48,45,,,,,
BLX,91.17,91.32,91.32,100.05,105.48,100.11,42,45,48,45,,,,,
RNAC,91.17,91.32,91.32,100.05,105.48,100.11,42,45,48,45,,,,,
WRBY,91.17,91.32,91.32,100.05,105.48,100.11,42,45,48,45,,,,,
TVGN,91.17,91.32,91.32,100.05,105.48,100.11,42,45,48,45,,,,,
JBS,91.17,91.32,91.32,100.05,105.48,100.11,42,45,48,45,,,,,
MOH,91.17,91.32,91.32,100.05,105.48,100.11,42,45,48,45,,,,,
CVLG,91.17,91.32,91.32,100.05,105.48,100.11,42,45,48,45,,,,,
LPRO,91.17,91.32,91.32,100.05,105.48,100.11,42,45,48,45,,,,,
VNT,91.17,91.32,91.32,100.05,105.48,100.11,42,45,48,45,,,,,
GFS,91.17,91.32,91.32,100.05,105.48,100.11,42,45,48,45,,,,,
XGN,91.17,91.32,91.32,100.05,105.48,100.11,42,45,48,45,,,,,
TELA,91.17,91.32,91.32,100.05,105.48,100.11,42,45,48,45,,,,,
SLF,91.17,91.32,91.32,100.05,105.48,100.11,42,45,48,45,,,,,
NIU,91.17,91.32,91.32,100.05,105.48,100.11,42,45,48,45,,,,,
SEZL,91.17,91.32,91.32,100.05,105.48,100.11,42,45,48,45,,,,,
WETO,91.17,91.32,91.32,100.05,105.48,100.11,42,45,48,45,,,,,
REVB,91.17,91.32,91.32,100.05,105.48,100.11,42,45,48,45,,,,,
GILD,91.17,91.32,91.32,100.05,105.48,100.11,42,45,48,45,,,,,
KOPN,91.17,91.32,91.32,100.05,105.48,100.11,42,45,48,45,,,,,
KYTX,91.17,91.32,91.32,100.05,105.48,100.11,42,45,48,45,,,,,
SIRI,91.17,91.32,91.32,100.05,105.48,100.11,42,45,48,45,,,,,
LINC,91.17,91.32,91.32,100.05,105.48,100.11,42,45,48,45,,,,,
MLACU,91.17,91.32,91.32,100.05,105.48,100.11,42,45,48,45,,,,,
AVAL,91.17,91.32,91.32,100.05,105.48,100.11,42,45,48,45,,,,,
SMC,91.17,91.32,91.32,100.05,105.48,100.11,42,45,48,45,,,,,
ANGI,91.17,91.32,91.32,100.05,105.48,100.11,42,45,48,45,,,,,
AWRE,91.17,91.32,91.32,100.05,105.48,100.11,42,45,48,45,,,,,
SFBC,91.17,91.32,91.32,100.05,105.48,100.11,42,45,48,45,,,,,
CHEF,91.17,91.32,91.32,100.05,105.48,100.11,42,45,48,45,,,,,
NOK,91.17,91.32,91.32,100.05,105.48,100.11,42,45,48,45,,,,,
HYFM,91.17,91.32,91.32,100.05,105.48,100.11,42,45,48,45,,,,,
WBTN,91.17,91.32,91.32,100.05,105.48,100.11,42,45,48,45,,,,,
SNDA,91.17,91.32,91.32,100.05,105.48,100.11,42,45,48,45,,,,,
ATI,91.17,91.32,91.32,100.05,105.48,100.11,42,45,48,45,,,,,
ISSC,91.17,91.32,91.32,100.05,105.48,100.11,42,45,48,45,,,,,
XERS,91.17,91.32,91.32,100.05,105.48,100.11,42,45,48,45,,,,,
YPF,91.17,91.32,91.32,100.05,105.48,100.11,42,45,48,45,,,,,
UXIN,91.17,91.32,91.32,100.05,105.48,100.11,42,45,48,45,,,,,
CVM,91.17,91.32,91.32,100.05,105.48,100.11,42,45,48,45,,,,,
RELL,91.17,91.32,91.32,100.05,105.48,100.11,42,45,48,45,,,,,
GECC,91.17,91.32,91.32,100.05,105.48,100.11,42,45,48,45,,,,,
ACIW,91.17,91.32,91.32,100.05,105.48,100.11,42,45,48,45,,,,,
CIVB,91.17,91.32,91.32,100.05,105.48,100.11,42,45,48,45,,,,,
PFIS,91.17,91.32,91.32,100.05,105.48,100.11,42,45,48,45,,,,,
TCBIO,91.17,91.32,91.32,100.05,105.48,100.11,42,45,48,45,,,,,
GWRS,91.17,91.32,91.32,100.05,105.48,100.11,42,45,48,45,,,,,
ATO,91.17,91.32,91.32,100.05,105.48,100.11,42,45,48,45,,,,,
HMN,91.17,91.32,91.32,100.05,105.48,100.11,42,45,48,45,,,,,
LFCR,91.17,91.32,91.32,100.05,105.48,100.11,42,45,48,45,,,,,
MKSI,91.17,91.32,91.32,100.05,105.48,100.11,42,45,48,45,,,,,
XAIR,91.17,91.32,91.32,100.05,105.48,100.11,42,45,48,45,,,,,
QXO,91.17,91.32,91.32,100.05,105.48,100.11,42,45,48,45,,,,,
RSI,91.17,91.32,91.32,100.05,105.48,100.11,42,45,48,45,,,,,
PLAB,91.17,91.32,91.32,100.05,105.48,100.11,42,45,48,45,,,,,
PERI,91.17,91.32,91.32,100.05,105.48,100.11,42,45,48,45,,,,,
RAVE,91.17,91.32,91.32,100.05,105.48,100.11,42,45,48,45,,,,,
ESLT,91.17,91.32,91.32,100.05,105.48,100.11,42,45,48,45,,,,,
NGS,91.17,91.32,91.32,100.05,105.48,100.11,42,45,48,45,,,,,
RLX,91.17,91.32,91.32,100.05,105.48,100.11,42,45,48,45,,,,,
NRXP,91.17,91.32,91.32,100.05,105.48,100.11,42,45,48,45,,,,,
ISPO,91.17,91.32,91.32,100.05,105.48,100.11,42,45,48,45,,,,,
CEPF,91.17,91.32,91.32,100.05,105.48,100.11,42,45,48,45,,,,,
PALI,91.17,91.32,91.32,100.05,105.48,100.11,42,45,48,45,,,,,
TDOC,91.17,91.32,91.32,100.05,105.48,100.11,42,45,48,45,,,,,
TROO,91.17,91.32,91.32,100.05,105.48,100.11,42,45,48,45,,,,,
KSCP,91.17,91.32,91.32,100.05,105.48,100.11,42,45,48,45,,,,,
YALA,91.17,91.32,91.32,100.05,105.48,100.11,42,45,48,45,,,,,
AGNC,91.17,91.32,91.32,100.05,105.48,100.11,42,45,48,45,,,,,
ATUS,91.17,91.32,91.32,100.05,105.48,100.11,42,45,48,45,,,,,
BNT,91.17,91.32,91.32,100.05,105.48,100.11,42,45,48,45,,,,,
ODYS,91.17,91.32,91.32,100.05,105.48,100.11,42,45,48,45,,,,,
FSFG,91.17,91.32,91.32,100.05,105.48,100.11,42,45,48,45,,,,,
NHTC,91.17,91.32,91.32,100.05,105.48,100.11,42,45,48,45,,,,,
RRGB,91.17,91.32,91.32,100.05,105.48,100.11,42,45,48,45,,,,,
RCKY,91.17,91.32,91.32,100.05,105.48,100.11,42,45,48,45,,,,,
VSTD,91.17,91.32,91.32,100.05,105.48,100.11,42,45,48,45,,,,,
MWG,91.17,91.32,91.32,100.05,105.48,100.11,42,45,48,45,,,,,
AIV,91.17,91.32,91.32,100.05,105.48,100.11,42,45,48,45,,,,,
LMNR,91.17,91.32,91.32,100.05,105.48,100.11,42,45,48,45,,,,,
IBIO,91.17,91.32,91.32,100.05,105.48,100.11,42,45,48,45,,,,,
WHR,91.17,91.32,91.32,100.05,105.48,100.11,42,45,48,45,,,,,
ON,91.17,91.32,91.32,100.05,105.48,100.11,42,45,48,45,,,,,
JFIN,91.17,91.32,91.32,100.05,105.48,100.11,42,45,48,45,,,,,
EFX,91.17,91.32,91.32,100.05,105.48,100.11,42,45,48,45,,,,,
ADMA,91.17,91.32,91.32,100.05,105.48,100.11,42,45,48,45,,,,,
AFG,91.17,91.32,91.32,100.05,105.48,100.11,42,45,48,45,,,,,
MTB,91.17,91.32,91.32,100.05,105.48,100.11,42,45,48,45,,,,,
REG,91.17,91.32,91.32,100.05,105.48,100.11,42,45,48,45,,,,,
TNK,91.17,91.32,91.32,100.05,105.48,100.11,42,45,48,45,,,,,
DRS,91.17,91.32,91.32,100.05,105.48,100.11,42,45,48,45,,,,,
ELWS,91.17,91.32,91.32,100.05,105.48,100.11,42,45,48,45,,,,,
FNWD,91.17,91.32,91.32,100.05,105.48,100.11,42,45,48,45,,,,,
NYC,91.17,91.32,91.32,100.05,105.48,100.11,42,45,48,45,,,,,
CNTY,91.17,91.32,91.32,100.05,105.48,100.11,42,45,48,45,,,,,
WFCF,91.17,91.32,91.32,100.05,105.48,100.11,42,45,48,45,,,,,
VVOS,91.17,91.32,91.32,100.05,105.48,100.11,42,45,48,45,,,,,
ORMP,91.17,91.32,91.32,100.05,105.48,100.11,42,45,48,45,,,,,
FMX,91.17,91.32,91.32,100.05,105.48,100.11,42,45,48,45,,,,,
FSUN,91.17,91.32,91.32,100.05,105.48,100.11,42,45,48,45,,,,,
CI,91.17,91.32,91.32,100.05,105.48,100.11,42,45,48,45,,,,,
HSAI,91.17,91.32,91.32,100.05,105.48,100.11,42,45,48,45,,,,,
PSNY,91.17,91.32,91.32,100.05,105.48,100.11,42,45,48,45,,,,,
ABT,91.17,91.32,91.32,100.05,105.48,100.11,42,45,48,45,,,,,
GOCO,91.17,91.32,91.32,100.05,105.48,100.11,42,45,48,45,,,,,
EBAY,91.17,91.32,91.32,100.05,105.48,100.11,42,45,48,45,,,,,
FLX,91.17,91.32,91.32,100.05,105.48,100.11,42,45,48,45,,,,,
BILI,91.17,91.32,91.32,100.05,105.48,100.11,42,45,48,45,,,,,
USAS,91.17,91.32,91.32,100.05,105.48,100.11,42,45,48,45,,,,,
ACHR,91.17,91.32,91.32,100.05,105.48,100.11,42,45,48,45,,,,,
GAU,91.17,91.32,91.32,100.05,105.48,100.11,42,45,48,45,,,,,
TR,91.17,91.32,91.32,100.05,105.48,100.11,42,45,48,45,,,,,
TBN,91.17,91.32,91.32,100.05,105.48,100.11,42,45,48,45,,,,,
JFBR,91.17,91.32,91.32,100.05,105.48,100.11,42,45,48,45,,,,,
CFLT,91.17,91.32,91.32,100.05,105.48,100.11,42,45,48,45,,,,,
LRE,91.17,91.32,91.32,100.05,105.48,100.11,42,45,48,45,,,,,
FELE,91.17,91.32,91.32,100.05,105.48,100.11,42,45,48,45,,,,,
JMSB,91.17,91.32,91.32,100.05,105.48,100.11,42,45,48,45,,,,,
TENB,91.17,91.32,91.32,100.05,105.48,100.11,42,45,48,45,,,,,
KROS,91.17,91.32,91.32,100.05,105.48,100.11,42,45,48,45,,,,,
BBNX,91.17,91.32,91.32,100.05,105.48,100.11,42,45,48,45,,,,,
MGM,91.17,91.32,91.32,100.05,105.48,100.11,42,45,48,45,,,,,
PCTTU,91.17,91.32,91.32,100.05,105.48,100.11,42,45,48,45,,,,,
BIOA,91.17,91.32,91.32,100.05,105.48,100.11,42,45,48,45,,,,,
MLAC,91.17,91.32,91.32,100.05,105.48,100.11,42,45,48,45,,,,,
DAVA,91.17,91.32,91.32,100.05,105.48,100.11,42,45,48,45,,,,,
BSET,91.17,91.32,91.32,100.05,105.48,100.11,42,45,48,45,,,,,
GE,91.17,91.32,91.32,100.05,105.48,100.11,42,45,48,45,,,,,
MAT,91.17,91.32,91.32,100.05,105.48,100.11,42,45,48,45,,,,,
NBY,91.17,91.32,91.32,100.05,105.48,100.11,42,45,48,45,,,,,
ARCC,91.17,91.32,91.32,100.05,105.48,100.11,42,45,48,45,,,,,
LITE,91.17,91.32,91.32,100.05,105.48,100.11,42,45,48,45,,,,,
NGVC,91.17,91.32,91.32,100.05,105.48,100.11,42,45,48,45,,,,,
BCG,91.17,91.32,91.32,100.05,105.48,100.11,42,45,48,45,,,,,
NSC,91.17,91.32,91.32,100.05,105.48,100.11,42,45,48,45,,,,,
SBSW,91.17,91.32,91.32,100.05,105.48,100.11,42,45,48,45,,,,,
WSBK,91.17,91.32,91.32,100.05,105.48,100.11,42,45,48,45,,,,,
CNVS,91.17,91.32,91.32,100.05,105.48,100.11,42,45,48,45,,,,,
AME,91.17,91.32,91.32,100.05,105.48,100.11,42,45,48,45,,,,,
SATL,91.17,91.32,91.32,100.05,105.48,100.11,42,45,48,45,,,,,
INSE,91.17,91.32,91.32,100.05,105.48,100.11,42,45,48,45,,,,,
PAX,91.17,91.32,91.32,100.05,105.48,100.11,42,45,48,45,,,,,
RWAY,91.17,91.32,91.32,100.05,105.48,100.11,42,45,48,45,,,,,
MTA,91.17,91.32,91.32,100.05,105.48,100.11,42,45,48,45,,,,,
GCI,91.17,91.32,91.32,100.05,105.48,100.11,42,45,48,45,,,,,
SHOP,91.17,91.32,91.32,100.05,105.48,100.11,42,45,48,45,,,,,
NCNA,91.17,91.32,91.32,100.05,105.48,100.11,42,45,48,45,,,,,
JBI,91.17,91.32,91.32,100.05,105.48,100.11,42,45,48,45,,,,,
BRRWU,91.17,91.32,91.32,100.05,105.48,100.11,42,45,48,45,,,,,
AAPG,91.17,91.32,91.32,100.05,105.48,100.11,42,45,48,45,,,,,
ALGN,91.17,91.32,91.32,100.05,105.48,100.11,42,45,48,45,,,,,
AACG,91.17,91.32,91.32,100.05,105.48,100.11,42,45,48,45,,,,,
ETD,91.17,91.32,91.32,100.05,105.48,100.11,42,45,48,45,,,,,
FLXS,91.17,91.32,91.32,100.05,105.48,100.11,42,45,48,45,,,,,
MRTN,91.17,91.32,91.32,100.05,105.48,100.11,42,45,48,45,,,,,
RCKT,91.17,91.32,91.32,100.05,105.48,100.11,42,45,48,45,,,,,
JCI,91.17,91.32,91.32,100.05,105.48,100.11,42,45,48,45,,,,,
OXLC,91.17,91.32,91.32,100.05,105.48,100.11,42,45,48,45,,,,,
TALK,91.17,91.32,91.32,100.05,105.48,100.11,42,45,48,45,,,,,
JRSH,91.17,91.32,91.32,100.05,105.48,100.11,42,45,48,45,,,,,
MHK,91.17,91.32,91.32,100.05,105.48,100.11,42,45,48,45,,,,,
MCHX,91.17,91.32,91.32,100.05,105.48,100.11,42,45,48,45,,,,,
SERV,91.17,91.32,91.32,100.05,105.48,100.11,42,45,48,45,,,,,
SRAD,91.17,91.32,91.32,100.05,105.48,100.11,42,45,48,45,,,,,
DAO,91.17,91.32,91.32,100.05,105.48,100.11,42,45,48,45,,,,,
GCO,91.17,91.32,91.32,100.05,105.48,100.11,42,45,48,45,,,,,
OMC,91.17,91.32,91.32,100.05,105.48,100.11,42,45,48,45,,,,,
IVZ,91.17,91.32,91.32,100.05,105.48,100.11,42,45,48,45,,,,,
CPT,91.17,91.32,91.32,100.05,105.48,100.11,42,45,48,45,,,,,
PSFE,91.17,91.32,91.32,100.05,105.48,100.11,42,45,48,45,,,,,
MAX,91.17,91.32,91.32,100.05,105.48,100.11,42,45,48,45,,,,,
FAF,91.17,91.32,91.32,100.05,105.48,100.11,42,45,48,45,,,,,
HBCP,91.17,91.32,91.32,100.05,105.48,100.11,42,45,48,45,,,,,
WCN,91.17,91.32,91.32,100.05,105.48,100.11,42,45,48,45,,,,,
INSM,91.17,91.32,91.32,100.05,105.48,100.11,42,45,48,45,,,,,
CVAC,91.17,91.32,91.32,100.05,105.48,100.11,42,45,48,45,,,,,
SOGP,91.17,91.32,91.32,100.05,105.48,100.11,42,45,48,45,,,,,
EW,91.17,91.32,91.32,100.05,105.48,100.11,42,45,48,45,,,,,
EFSCP,91.17,91.32,91.32,100.05,105.48,100.11,42,45,48,45,,,,,
RFL,91.17,91.32,91.32,100.05,105.48,100.11,42,45,48,45,,,,,
POCI,91.17,91.32,91.32,100.05,105.48,100.11,42,45,48,45,,,,,
MKDW,91.17,91.32,91.32,100.05,105.48,100.11,42,45,48,45,,,,,
ACIC,91.17,91.32,91.32,100.05,105.48,100.11,42,45,48,45,,,,,
APPS,91.17,91.32,91.32,100.05,105.48,100.11,42,45,48,45,,,,,
TCBK,91.17,91.32,91.32,100.05,105.48,100.11,42,45,48,45,,,,,
LPTX,91.17,91.32,91.32,100.05,105.48,100.11,42,45,48,45,,,,,
BWLP,91.17,91.32,91.32,100.05,105.48,100.11,42,45,48,45,,,,,
ALMS,91.17,91.32,91.32,100.05,105.48,100.11,42,45,48,45,,,,,
EHTH,91.17,91.32,91.32,100.05,105.48,100.11,42,45,48,45,,,,,
TNGX,91.17,91.32,91.32,100.05,105.48,100.11,42,45,48,45,,,,,
PGR,91.17,91.32,91.32,100.05,105.48,100.11,42,45,48,45,,,,,
VTSI,91.17,91.32,91.32,100.05,105.48,100.11,42,45,48,45,,,,,
MMLP,91.17,91.32,91.32,100.05,105.48,100.11,42,45,48,45,,,,,
TARS,91.17,91.32,91.32,100.05,105.48,100.11,42,45,48,45,,,,,
NICE,91.17,91.32,91.32,100.05,105.48,100.11,42,45,48,45,,,,,
ATPC,91.17,91.32,91.32,100.05,105.48,100.11,42,45,48,45,,,,,
CDE,91.17,91.32,91.32,100.05,105.48,100.11,42,45,48,45,,,,,
VRT,91.17,91.32,91.32,100.05,105.48,100.11,42,45,48,45,,,,,
PTIX,91.17,91.32,91.32,100.05,105.48,100.11,42,45,48,45,,,,,
BLUWU,91.17,91.32,91.32,100.05,105.48,100.11,42,45,48,45,,,,,
TCBI,91.17,91.32,91.32,100.05,105.48,100.11,42,45,48,45,,,,,
LNKS,91.17,91.32,91.32,100.05,105.48,100.11,42,45,48,45,,,,,
OSW,91.17,91.32,91.32,100.05,105.48,100.11,42,45,48,45,,,,,
HTH,91.17,91.32,91.32,100.05,105.48,100.11,42,45,48,45,,,,,
MSIF,91.17,91.32,91.32,100.05,105.48,100.11,42,45,48,45,,,,,
VTMX,91.17,91.32,91.32,100.05,105.48,100.11,42,45,48,45,,,,,
BIYA,91.17,91.32,91.32,100.05,105.48,100.11,42,45,48,45,,,,,
CHDN,91.17,91.32,91.32,100.05,105.48,100.11,42,45,48,45,,,,,
LIF,91.17,91.32,91.32,100.05,105.48,100.11,42,45,48,45,,,,,
CASK,91.17,91.32,91.32,100.05,105.48,100.11,42,45,48,45,,,,,
COP,91.17,91.32,91.32,100.05,105.48,100.11,42,45,48,45,,,,,
ALL,91.17,91.32,91.32,100.05,105.48,100.11,42,45,48,45,,,,,
PMNT,91.17,91.32,91.32,100.05,105.48,100.11,42,45,48,45,,,,,
IVR,91.17,91.32,91.32,100.05,105.48,100.11,42,45,48,45,,,,,
AJG,91.17,91.32,91.32,100.05,105.48,100.11,42,45,48,45,,,,,
KORE,91.17,91.32,91.32,100.05,105.48,100.11,42,45,48,45,,,,,
FBLG,91.17,91.32,91.32,100.05,105.48,100.11,42,45,48,45,,,,,
OTGAU,91.17,91.32,91.32,100.05,105.48,100.11,42,45,48,45,,,,,
SVII,91.17,91.32,91.32,100.05,105.48,100.11,42,45,48,45,,,,,
FLY,91.17,91.32,91.32,100.05,105.48,100.11,42,45,48,45,,,,,
JJSF,91.17,91.32,91.32,100.05,105.48,100.11,42,45,48,45,,,,,
MACI,91.17,91.32,91.32,100.05,105.48,100.11,42,45,48,45,,,,,
RILY,91.17,91.32,91.32,100.05,105.48,100.11,42,45,48,45,,,,,
EML,91.17,91.32,91.32,100.05,105.48,100.11,42,45,48,45,,,,,
ROLR,91.17,91.32,91.32,100.05,105.48,100.11,42,45,48,45,,,,,
TTEC,91.17,91.32,91.32,100.05,105.48,100.11,42,45,48,45,,,,,
MAR,91.17,91.32,91.32,100.05,105.48,100.11,42,45,48,45,,,,,
PN,91.17,91.32,91.32,100.05,105.48,100.11,42,45,48,45,,,,,
KAI,91.17,91.32,91.32,100.05,105.48,100.11,42,45,48,45,,,,,
SBS,91.17,91.32,91.32,100.05,105.48,100.11,42,45,48,45,,,,,
CVNA,91.17,91.32,91.32,100.05,105.48,100.11,42,45,48,45,,,,,
IEX,91.17,91.32,91.32,100.05,105.48,100.11,42,45,48,45,,,,,
HCSG,91.17,91.32,91.32,100.05,105.48,100.11,42,45,48,45,,,,,
DIBS,91.17,91.32,91.32,100.05,105.48,100.11,42,45,48,45,,,,,
ENGN,91.17,91.32,91.32,100.05,105.48,100.11,42,45,48,45,,,,,
SANM,91.17,91.32,91.32,100.05,105.48,100.11,42,45,48,45,,,,,
AHH,91.17,91.32,91.32,100.05,105.48,100.11,42,45,48,45,,,,,
ROOT,91.17,91.32,91.32,100.05,105.48,100.11,42,45,48,45,,,,,
FYBR,91.17,91.32,91.32,100.05,105.48,100.11,42,45,48,45,,,,,
NMRA,91.17,91.32,91.32,100.05,105.48,100.11,42,45,48,45,,,,,
AEHR,91.17,91.32,91.32,100.05,105.48,100.11,42,45,48,45,,,,,
REFR,91.17,91.32,91.32,100.05,105.48,100.11,42,45,48,45,,,,,
BCS,91.17,91.32,91.32,100.05,105.48,100.11,42,45,48,45,,,,,
NET,91.17,91.32,91.32,100.05,105.48,100.11,42,45,48,45,,,,,
LNTH,91.17,91.32,91.32,100.05,105.48,100.11,42,45,48,45,,,,,
NRDS,91.17,91.32,91.32,100.05,105.48,100.11,42,45,48,45,,,,,
SYNX,91.17,91.32,91.32,100.05,105.48,100.11,42,45,48,45,,,,,
FER,91.17,91.32,91.32,100.05,105.48,100.11,42,45,48,45,,,,,
KXIN,91.17,91.32,91.32,100.05,105.48,100.11,42,45,48,45,,,,,
DCBO,91.17,91.32,91.32,100.05,105.48,100.11,42,45,48,45,,,,,
MRCY,91.17,91.32,91.32,100.05,105.48,100.11,42,45,48,45,,,,,
FEMY,91.17,91.32,91.32,100.05,105.48,100.11,42,45,48,45,,,,,
IQST,91.17,91.32,91.32,100.05,105.48,100.11,42,45,48,45,,,,,
AIRE,91.17,91.32,91.32,100.05,105.48,100.11,42,45,48,45,,,,,
HWH,91.17,91.32,91.32,100.05,105.48,100.11,42,45,48,45,,,,,
RBKB,91.17,91.32,91.32,100.05,105.48,100.11,42,45,48,45,,,,,
RYET,91.17,91.32,91.32,100.05,105.48,100.11,42,45,48,45,,,,,
PFE,91.17,91.32,91.32,100.05,105.48,100.11,42,45,48,45,,,,,
BC,91.17,91.32,91.32,100.05,105.48,100.11,42,45,48,45,,,,,
BOLT,91.17,91.32,91.32,100.05,105.48,100.11,42,45,48,45,,,,,
PLSE,91.17,91.32,91.32,100.05,105.48,100.11,42,45,48,45,,,,,
CV,91.17,91.32,91.32,100.05,105.48,100.11,42,45,48,45,,,,,
PWR,91.17,91.32,91.32,100.05,105.48,100.11,42,45,48,45,,,,,
SEIC,91.17,91.32,91.32,100.05,105.48,100.11,42,45,48,45,,,,,
DAIO,91.17,91.32,91.32,100.05,105.48,100.11,42,45,48,45,,,,,
TOPP,91.17,91.32,91.32,100.05,105.48,100.11,42,45,48,45,,,,,
SFD,91.17,91.32,91.32,100.05,105.48,100.11,42,45,48,45,,,,,
HWKN,91.17,91.32,91.32,100.05,105.48,100.11,42,45,48,45,,,,,
VIOT,91.17,91.32,91.32,100.05,105.48,100.11,42,45,48,45,,,,,
ESQ,91.17,91.32,91.32,100.05,105.48,100.11,42,45,48,45,,,,,
ABCB,91.17,91.32,91.32,100.05,105.48,100.11,42,45,48,45,,,,,
KPRX,91.17,91.32,91.32,100.05,105.48,100.11,42,45,48,45,,,,,
IRMD,91.17,91.32,91.32,100.05,105.48,100.11,42,45,48,45,,,,,
YORW,91.17,91.32,91.32,100.05,105.48,100.11,42,45,48,45,,,,,
EXTR,91.17,91.32,91.32,100.05,105.48,100.11,42,45,48,45,,,,,
MNSO,91.17,91.32,91.32,100.05,105.48,100.11,42,45,48,45,,,,,
VYX,91.17,91.32,91.32,100.05,105.48,100.11,42,45,48,45,,,,,
RPM,91.17,91.32,91.32,100.05,105.48,100.11,42,45,48,45,,,,,
LEGT,91.17,91.32,91.32,100.05,105.48,100.11,42,45,48,45,,,,,
FSBW,91.17,91.32,91.32,100.05,105.48,100.11,42,45,48,45,,,,,
RICK,91.17,91.32,91.32,100.05,105.48,100.11,42,45,48,45,,,,,
PCSA,91.17,91.32,91.32,100.05,105.48,100.11,42,45,48,45,,,,,
NG,91.17,91.32,91.32,100.05,105.48,100.11,42,45,48,45,,,,,
PSNL,91.17,91.32,91.32,100.05,105.48,100.11,42,45,48,45,,,,,
CLIK,91.17,91.32,91.32,100.05,105.48,100.11,42,45,48,45,,,,,
CNEY,91.17,91.32,91.32,100.05,105.48,100.11,42,45,48,45,,,,,
BHP,91.17,91.32,91.32,100.05,105.48,100.11,42,45,48,45,,,,,
RDAG,91.17,91.32,91.32,100.05,105.48,100.11,42,45,48,45,,,,,
LNC,91.17,91.32,91.32,100.05,105.48,100.11,42,45,48,45,,,,,
CREX,91.17,91.32,91.32,100.05,105.48,100.11,42,45,48,45,,,,,
WTF,91.17,91.32,91.32,100.05,105.48,100.11,42,45,48,45,,,,,
NTWOU,91.17,91.32,91.32,100.05,105.48,100.11,42,45,48,45,,,,,
MDLZ,91.17,91.32,91.32,100.05,105.48,100.11,42,45,48,45,,,,,
BOXL,91.17,91.32,91.32,100.05,105.48,100.11,42,45,48,45,,,,,
POLEU,91.17,91.32,91.32,100.05,105.48,100.11,42,45,48,45,,,,,
EVEX,91.17,91.32,91.32,100.05,105.48,100.11,42,45,48,45,,,,,
SELX,91.17,91.32,91.32,100.05,105.48,100.11,42,45,48,45,,,,,
SD,91.17,91.32,91.32,100.05,105.48,100.11,42,45,48,45,,,,,
LBTYK,91.17,91.32,91.32,100.05,105.48,100.11,42,45,48,45,,,,,
MBAV,91.17,91.32,91.32,100.05,105.48,100.11,42,45,48,45,,,,,
IFRX,91.17,91.32,91.32,100.05,105.48,100.11,42,45,48,45,,,,,
SPHR,91.17,91.32,91.32,100.05,105.48,100.11,42,45,48,45,,,,,
MTW,91.17,91.32,91.32,100.05,105.48,100.11,42,45,48,45,,,,,
ARW,91.17,91.32,91.32,100.05,105.48,100.11,42,45,48,45,,,,,
TRGP,91.17,91.32,91.32,100.05,105.48,100.11,42,45,48,45,,,,,
ELVR,91.17,91.32,91.32,100.05,105.48,100.11,42,45,48,45,,,,,
BCC,91.17,91.32,91.32,100.05,105.48,100.11,42,45,48,45,,,,,
COOT,91.17,91.32,91.32,100.05,105.48,100.11,42,45,48,45,,,,,
BIO,91.17,91.32,91.32,100.05,105.48,100.11,42,45,48,45,,,,,
ONCH,91.17,91.32,91.32,100.05,105.48,100.11,42,45,48,45,,,,,
MTCH,91.17,91.32,91.32,100.05,105.48,100.11,42,45,48,45,,,,,
UTHR,91.17,91.32,91.32,100.05,105.48,100.11,42,45,48,45,,,,,
AIT,91.17,91.32,91.32,100.05,105.48,100.11,42,45,48,45,,,,,
INVH,91.17,91.32,91.32,100.05,105.48,100.11,42,45,48,45,,,,,
NSSC,91.17,91.32,91.32,100.05,105.48,100.11,42,45,48,45,,,,,
CWT,91.17,91.32,91.32,100.05,105.48,100.11,42,45,48,45,,,,,
DELL,91.17,91.32,91.32,100.05,105.48,100.11,42,45,48,45,,,,,
CMPS,91.17,91.32,91.32,100.05,105.48,100.11,42,45,48,45,,,,,
FOX,91.17,91.32,91.32,100.05,105.48,100.11,42,45,48,45,,,,,
BEEM,91.17,91.32,91.32,100.05,105.48,100.11,42,45,48,45,,,,,
TBBK,91.17,91.32,91.32,100.05,105.48,100.11,42,45,48,45,,,,,
CJET,91.17,91.32,91.32,100.05,105.48,100.11,42,45,48,45,,,,,
ADAG,91.17,91.32,91.32,100.05,105.48,100.11,42,45,48,45,,,,,
WBX,91.17,91.32,91.32,100.05,105.48,100.11,42,45,48,45,,,,,
NYXH,91.17,91.32,91.32,100.05,105.48,100.11,42,45,48,45,,,,,
BWXT,91.17,91.32,91.32,100.05,105.48,100.11,42,45,48,45,,,,,
CNX,91.17,91.32,91.32,100.05,105.48,100.11,42,45,48,45,,,,,
OGN,91.17,91.32,91.32,100.05,105.48,100.11,42,45,48,45,,,,,
ELMD,91.17,91.32,91.32,100.05,105.48,100.11,42,45,48,45,,,,,
PFG,91.17,91.32,91.32,100.05,105.48,100.11,42,45,48,45,,,,,
IH,91.17,91.32,91.32,100.05,105.48,100.11,42,45,48,45,,,,,
XOMAO,91.17,91.32,91.32,100.05,105.48,100.11,42,45,48,45,,,,,
STE,91.17,91.32,91.32,100.05,105.48,100.11,42,45,48,45,,,,,
ITRM,91.17,91.32,91.32,100.05,105.48,100.11,42,45,48,45,,,,,
ARWR,91.17,91.32,91.32,100.05,105.48,100.11,42,45,48,45,,,,,
HFWA,91.17,91.32,91.32,100.05,105.48,100.11,42,45,48,45,,,,,
MIRA,91.17,91.32,91.32,100.05,105.48,100.11,42,45,48,45,,,,,
GLOB,91.17,91.32,91.32,100.05,105.48,100.11,42,45,48,45,,,,,
ECBK,91.17,91.32,91.32,100.05,105.48,100.11,42,45,48,45,,,,,
SUPN,91.17,91.32,91.32,100.05,105.48,100.11,42,45,48,45,,,,,
NDRA,91.17,91.32,91.32,100.05,105.48,100.11,42,45,48,45,,,,,
CIG,91.17,91.32,91.32,100.05,105.48,100.11,42,45,48,45,,,,,
LECO,91.17,91.32,91.32,100.05,105.48,100.11,42,45,48,45,,,,,
JBLU,91.17,91.32,91.32,100.05,105.48,100.11,42,45,48,45,,,,,
ETHM,91.17,91.32,91.32,100.05,105.48,100.11,42,45,48,45,,,,,
MRM,91.17,91.32,91.32,100.05,105.48,100.11,42,45,48,45,,,,,
SIGI,91.17,91.32,91.32,100.05,105.48,100.11,42,45,48,45,,,,,
EWBC,91.17,91.32,91.32,100.05,105.48,100.11,42,45,48,45,,,,,
IPWR,91.17,91.32,91.32,100.05,105.48,100.11,42,45,48,45,,,,,
CPNG,91.17,91.32,91.32,100.05,105.48,100.11,42,45,48,45,,,,,
FLD,91.17,91.32,91.32,100.05,105.48,100.11,42,45,48,45,,,,,
MTD,91.17,91.32,91.32,100.05,105.48,100.11,42,45,48,45,,,,,
DFSC,91.17,91.32,91.32,100.05,105.48,100.11,42,45,48,45,,,,,
ZD,91.17,91.32,91.32,100.05,105.48,100.11,42,45,48,45,,,,,
SMBK,91.17,91.32,91.32,100.05,105.48,100.11,42,45,48,45,,,,,
TLSI,91.17,91.32,91.32,100.05,105.48,100.11,42,45,48,45,,,,,
ATXS,91.17,91.32,91.32,100.05,105.48,100.11,42,45,48,45,,,,,
GIC,91.17,91.32,91.32,100.05,105.48,100.11,42,45,48,45,,,,,
PINC,91.17,91.32,91.32,100.05,105.48,100.11,42,45,48,45,,,,,
PPTA,91.17,91.32,91.32,100.05,105.48,100.11,42,45,48,45,,,,,
HAFC,91.17,91.32,91.32,100.05,105.48,100.11,42,45,48,45,,,,,
GLDD,91.17,91.32,91.32,100.05,105.48,100.11,42,45,48,45,,,,,
GLAD,91.17,91.32,91.32,100.05,105.48,100.11,42,45,48,45,,,,,
CODX,91.17,91.32,91.32,100.05,105.48,100.11,42,45,48,45,,,,,
BMI,91.17,91.32,91.32,100.05,105.48,100.11,42,45,48,45,,,,,
GILT,91.17,91.32,91.32,100.05,105.48,100.11,42,45,48,45,,,,,
XBIO,91.17,91.32,91.32,100.05,105.48,100.11,42,45,48,45,,,,,
BEP,91.17,91.32,91.32,100.05,105.48,100.11,42,45,48,45,,,,,
AMTD,91.17,91.32,91.32,100.05,105.48,100.11,42,45,48,45,,,,,
BELFA,91.17,91.32,91.32,100.05,105.48,100.11,42,45,48,45,,,,,
DLTH,91.17,91.32,91.32,100.05,105.48,100.11,42,45,48,45,,,,,
BGI,91.17,91.32,91.32,100.05,105.48,100.11,42,45,48,45,,,,,
OUT,91.17,91.32,91.32,100.05,105.48,100.11,42,45,48,45,,,,,
BCTX,91.17,91.32,91.32,100.05,105.48,100.11,42,45,48,45,,,,,
NHICU,91.17,91.32,91.32,100.05,105.48,100.11,42,45,48,45,,,,,
CC,91.17,91.32,91.32,100.05,105.48,100.11,42,45,48,45,,,,,
GLXG,91.17,91.32,91.32,100.05,105.48,100.11,42,45,48,45,,,,,
CCJ,91.17,91.32,91.32,100.05,105.48,100.11,42,45,48,45,,,,,
HHS,91.17,91.32,91.32,100.05,105.48,100.11,42,45,48,45,,,,,
FBIZ,91.17,91.32,91.32,100.05,105.48,100.11,42,45,48,45,,,,,
ONTF,91.17,91.32,91.32,100.05,105.48,100.11,42,45,48,45,,,,,
SGBX,91.17,91.32,91.32,100.05,105.48,100.11,42,45,48,45,,,,,
CNTA,91.17,91.32,91.32,100.05,105.48,100.11,42,45,48,45,,,,,
PSNYW,91.17,91.32,91.32,100.05,105.48,100.11,42,45,48,45,,,,,
PLMKU,91.17,91.32,91.32,100.05,105.48,100.11,42,45,48,45,,,,,
BNS,91.17,91.32,91.32,100.05,105.48,100.11,42,45,48,45,,,,,
XMTR,91.17,91.32,91.32,100.05,105.48,100.11,42,45,48,45,,,,,
BYFC,91.17,91.32,91.32,100.05,105.48,100.11,42,45,48,45,,,,,
ASIC,91.17,91.32,91.32,100.05,105.48,100.11,42,45,48,45,,,,,
NNI,91.17,91.32,91.32,100.05,105.48,100.11,42,45,48,45,,,,,
DORM,91.17,91.32,91.32,100.05,105.48,100.11,42,45,48,45,,,,,
NVVE,91.17,91.32,91.32,100.05,105.48,100.11,42,45,48,45,,,,,
QDEL,91.17,91.32,91.32,100.05,105.48,100.11,42,45,48,45,,,,,
HESM,91.17,91.32,91.32,100.05,105.48,100.11,42,45,48,45,,,,,
AUBN,91.17,91.32,91.32,100.05,105.48,100.11,42,45,48,45,,,,,
AQB,91.17,91.32,91.32,100.05,105.48,100.11,42,45,48,45,,,,,
CME,91.17,91.32,91.32,100.05,105.48,100.11,42,45,48,45,,,,,
BEEP,91.17,91.32,91.32,100.05,105.48,100.11,42,45,48,45,,,,,
KOYNU,91.17,91.32,91.32,100.05,105.48,100.11,42,45,48,45,,,,,
FITB,91.17,91.32,91.32,100.05,105.48,100.11,42,45,48,45,,,,,
STAK,91.17,91.32,91.32,100.05,105.48,100.11,42,45,48,45,,,,,
HLP,91.17,91.32,91.32,100.05,105.48,100.11,42,45,48,45,,,,,
CRSR,91.17,91.32,91.32,100.05,105.48,100.11,42,45,48,45,,,,,
VEL,91.17,91.32,91.32,100.05,105.48,100.11,42,45,48,45,,,,,
GPAT,91.17,91.32,91.32,100.05,105.48,100.11,42,45,48,45,,,,,
SIMAU,91.17,91.32,91.32,100.05,105.48,100.11,42,45,48,45,,,,,
UAL,91.17,91.32,91.32,100.05,105.48,100.11,42,45,48,45,,,,,
HTCO,91.17,91.32,91.32,100.05,105.48,100.11,42,45,48,45,,,,,
TRON,91.17,91.32,91.32,100.05,105.48,100.11,42,45,48,45,,,,,
EGP,91.17,91.32,91.32,100.05,105.48,100.11,42,45,48,45,,,,,
KAVL,91.17,91.32,91.32,100.05,105.48,100.11,42,45,48,45,,,,,
BB,91.17,91.32,91.32,100.05,105.48,100.11,42,45,48,45,,,,,
MU,91.17,91.32,91.32,100.05,105.48,100.11,42,45,48,45,,,,,
TNC,91.17,91.32,91.32,100.05,105.48,100.11,42,45,48,45,,,,,
CPSS,91.17,91.32,91.32,100.05,105.48,100.11,42,45,48,45,,,,,
HEPS,91.17,91.32,91.32,100.05,105.48,100.11,42,45,48,45,,,,,
VOR,91.17,91.32,91.32,100.05,105.48,100.11,42,45,48,45,,,,,
RDAC,91.17,91.32,91.32,100.05,105.48,100.11,42,45,48,45,,,,,
FSTR,91.17,91.32,91.32,100.05,105.48,100.11,42,45,48,45,,,,,
CTOR,91.17,91.32,91.32,100.05,105.48,100.11,42,45,48,45,,,,,
TLRY,91.17,91.32,91.32,100.05,105.48,100.11,42,45,48,45,,,,,
NBHC,91.17,91.32,91.32,100.05,105.48,100.11,42,45,48,45,,,,,
CTNT,91.17,91.32,91.32,100.05,105.48,100.11,42,45,48,45,,,,,
VSME,91.17,91.32,91.32,100.05,105.48,100.11,42,45,48,45,,,,,
FSS,91.17,91.32,91.32,100.05,105.48,100.11,42,45,48,45,,,,,
LDOS,91.17,91.32,91.32,100.05,105.48,100.11,42,45,48,45,,,,,
NTRB,91.17,91.32,91.32,100.05,105.48,100.11,42,45,48,45,,,,,
MDWD,91.17,91.32,91.32,100.05,105.48,100.11,42,45,48,45,,,,,
GRND,91.17,91.32,91.32,100.05,105.48,100.11,42,45,48,45,,,,,
ATON,91.17,91.32,91.32,100.05,105.48,100.11,42,45,48,45,,,,,
LUMN,91.17,91.32,91.32,100.05,105.48,100.11,42,45,48,45,,,,,
MNTK,91.17,91.32,91.32,100.05,105.48,100.11,42,45,48,45,,,,,
MLI,91.17,91.32,91.32,100.05,105.48,100.11,42,45,48,45,,,,,
BINI,91.17,91.32,91.32,100.05,105.48,100.11,42,45,48,45,,,,,
CRVO,91.17,91.32,91.32,100.05,105.48,100.11,42,45,48,45,,,,,
BTOC,91.17,91.32,91.32,100.05,105.48,100.11,42,45,48,45,,,,,
LX,91.17,91.32,91.32,100.05,105.48,100.11,42,45,48,45,,,,,
HXHX,91.17,91.32,91.32,100.05,105.48,100.11,42,45,48,45,,,,,
CLIR,91.17,91.32,91.32,100.05,105.48,100.11,42,45,48,45,,,,,
PSEC,91.17,91.32,91.32,100.05,105.48,100.11,42,45,48,45,,,,,
ALRS,91.17,91.32,91.32,100.05,105.48,100.11,42,45,48,45,,,,,
TANH,91.17,91.32,91.32,100.05,105.48,100.11,42,45,48,45,,,,,
ARVN,91.17,91.32,91.32,100.05,105.48,100.11,42,45,48,45,,,,,
SOPA,91.17,91.32,91.32,100.05,105.48,100.11,42,45,48,45,,,,,
RBOT,91.17,91.32,91.32,100.05,105.48,100.11,42,45,48,45,,,,,
PAM,91.17,91.32,91.32,100.05,105.48,100.11,42,45,48,45,,,,,
EQT,91.17,91.32,91.32,100.05,105.48,100.11,42,45,48,45,,,,,
LAKE,91.17,91.32,91.32,100.05,105.48,100.11,42,45,48,45,,,,,
BTOG,91.17,91.32,91.32,100.05,105.48,100.11,42,45,48,45,,,,,
CDZI,91.17,91.32,91.32,100.05,105.48,100.11,42,45,48,45,,,,,
ZIMV,91.17,91.32,91.32,100.05,105.48,100.11,42,45,48,45,,,,,
OTIS,91.17,91.32,91.32,100.05,105.48,100.11,42,45,48,45,,,,,
WPC,91.17,91.32,91.32,100.05,105.48,100.11,42,45,48,45,,,,,
THFF,91.17,91.32,91.32,100.05,105.48,100.11,42,45,48,45,,,,,
ZOOZ,91.17,91.32,91.32,100.05,105.48,100.11,42,45,48,45,,,,,
ANVS,91.17,91.32,91.32,100.05,105.48,100.11,42,45,48,45,,,,,
PENG,91.17,91.32,91.32,100.05,105.48,100.11,42,45,48,45,,,,,
CRC,91.17,91.32,91.32,100.05,105.48,100.11,42,45,48,45,,,,,
SMTK,91.17,91.32,91.32,100.05,105.48,100.11,42,45,48,45,,,,,
UVV,91.17,91.32,91.32,100.05,105.48,100.11,42,45,48,45,,,,,
AEMD,91.17,91.32,91.32,100.05,105.48,100.11,42,45,48,45,,,,,
TH,91.17,91.32,91.32,100.05,105.48,100.11,42,45,48,45,,,,,
DALN,91.17,91.32,91.32,100.05,105.48,100.11,42,45,48,45,,,,,
CB,91.17,91.32,91.32,100.05,105.48,100.11,42,45,48,45,,,,,
IVDA,91.17,91.32,91.32,100.05,105.48,100.11,42,45,48,45,,,,,
RFAI,91.17,91.32,91.32,100.05,105.48,100.11,42,45,48,45,,,,,
LLYVA,91.17,91.32,91.32,100.05,105.48,100.11,42,45,48,45,,,,,
CVEO,91.17,91.32,91.32,100.05,105.48,100.11,42,45,48,45,,,,,
TAYD,91.17,91.32,91.32,100.05,105.48,100.11,42,45,48,45,,,,,
OCCI,91.17,91.32,91.32,100.05,105.48,100.11,42,45,48,45,,,,,
HOVNP,91.17,91.32,91.32,100.05,105.48,100.11,42,45,48,45,,,,,
ZBAO,91.17,91.32,91.32,100.05,105.48,100.11,42,45,48,45,,,,,
MSTR,91.17,91.32,91.32,100.05,105.48,100.11,42,45,48,45,,,,,
DYCQ,91.17,91.32,91.32,100.05,105.48,100.11,42,45,48,45,,,,,
RAPP,91.17,91.32,91.32,100.05,105.48,100.11,42,45,48,45,,,,,
KAPA,91.17,91.32,91.32,100.05,105.48,100.11,42,45,48,45,,,,,
FBIN,91.17,91.32,91.32,100.05,105.48,100.11,42,45,48,45,,,,,
MPX,91.17,91.32,91.32,100.05,105.48,100.11,42,45,48,45,,,,,
RELI,91.17,91.32,91.32,100.05,105.48,100.11,42,45,48,45,,,,,
JUNS,91.17,91.32,91.32,100.05,105.48,100.11,42,45,48,45,,,,,
BIDU,91.17,91.32,91.32,100.05,105.48,100.11,42,45,48,45,,,,,
USBC,91.17,91.32,91.32,100.05,105.48,100.11,42,45,48,45,,,,,
GYRE,91.17,91.32,91.32,100.05,105.48,100.11,42,45,48,45,,,,,
ALM,91.17,91.32,91.32,100.05,105.48,100.11,42,45,48,45,,,,,
RR,91.17,91.32,91.32,100.05,105.48,100.11,42,45,48,45,,,,,
CDLX,91.17,91.32,91.32,100.05,105.48,100.11,42,45,48,45,,,,,
AMCX,91.17,91.32,91.32,100.05,105.48,100.11,42,45,48,45,,,,,
SPT,91.17,91.32,91.32,100.05,105.48,100.11,42,45,48,45,,,,,
MNSB,91.17,91.32,91.32,100.05,105.48,100.11,42,45,48,45,,,,,
ASO,91.17,91.32,91.32,100.05,105.48,100.11,42,45,48,45,,,,,
ICG,91.17,91.32,91.32,100.05,105.48,100.11,42,45,48,45,,,,,
FLWS,91.17,91.32,91.32,100.05,105.48,100.11,42,45,48,45,,,,,
GRVY,91.17,91.32,91.32,100.05,105.48,100.11,42,45,48,45,,,,,
WRN,91.17,91.32,91.32,100.05,105.48,100.11,42,45,48,45,,,,,
QNRX,91.17,91.32,91.32,100.05,105.48,100.11,42,45,48,45,,,,,
NBR,91.17,91.32,91.32,100.05,105.48,100.11,42,45,48,45,,,,,
PBFS,91.17,91.32,91.32,100.05,105.48,100.11,42,45,48,45,,,,,
APUS,91.17,91.32,91.32,100.05,105.48,100.11,42,45,48,45,,,,,
TSE,91.17,91.32,91.32,100.05,105.48,100.11,42,45,48,45,,,,,
AMPH,91.17,91.32,91.32,100.05,105.48,100.11,42,45,48,45,,,,,
C,91.17,91.32,91.32,100.05,105.48,100.11,42,45,48,45,,,,,
ECVT,91.17,91.32,91.32,100.05,105.48,100.11,42,45,48,45,,,,,
AMOD,91.17,91.32,91.32,100.05,105.48,100.11,42,45,48,45,,,,,
LOAN,91.17,91.32,91.32,100.05,105.48,100.11,42,45,48,45,,,,,
PRPO,91.17,91.32,91.32,100.05,105.48,100.11,42,45,48,45,,,,,
GMHS,91.17,91.32,91.32,100.05,105.48,100.11,42,45,48,45,,,,,
ACNT,91.17,91.32,91.32,100.05,105.48,100.11,42,45,48,45,,,,,
WIMI,91.17,91.32,91.32,100.05,105.48,100.11,42,45,48,45,,,,,
BKH,91.17,91.32,91.32,100.05,105.48,100.11,42,45,48,45,,,,,
ADSK,91.17,91.32,91.32,100.05,105.48,100.11,42,45,48,45,,,,,
FENC,91.17,91.32,91.32,100.05,105.48,100.11,42,45,48,45,,,,,
CPAY,91.17,91.32,91.32,100.05,105.48,100.11,42,45,48,45,,,,,
HCHL,91.17,91.32,91.32,100.05,105.48,100.11,42,45,48,45,,,,,
AUNA,91.17,91.32,91.32,100.05,105.48,100.11,42,45,48,45,,,,,
TGT,91.17,91.32,91.32,100.05,105.48,100.11,42,45,48,45,,,,,
SAFT,91.17,91.32,91.32,100.05,105.48,100.11,42,45,48,45,,,,,
PVLA,91.17,91.32,91.32,100.05,105.48,100.11,42,45,48,45,,,,,
GVA,91.17,91.32,91.32,100.05,105.48,100.11,42,45,48,45,,,,,
SRTA,91.17,91.32,91.32,100.05,105.48,100.11,42,45,48,45,,,,,
ONEW,91.17,91.32,91.32,100.05,105.48,100.11,42,45,48,45,,,,,
CABO,91.17,91.32,91.32,100.05,105.48,100.11,42,45,48,45,,,,,
SHLS,91.17,91.32,91.32,100.05,105.48,100.11,42,45,48,45,,,,,
CASY,91.17,91.32,91.32,100.05,105.48,100.11,42,45,48,45,,,,,
WSBC,91.17,91.32,91.32,100.05,105.48,100.11,42,45,48,45,,,,,
OIS,91.17,91.32,91.32,100.05,105.48,100.11,42,45,48,45,,,,,
FOLD,91.17,91.32,91.32,100.05,105.48,100.11,42,45,48,45,,,,,
TRIB,91.17,91.32,91.32,100.05,105.48,100.11,42,45,48,45,,,,,
LSPD,91.17,91.32,91.32,100.05,105.48,100.11,42,45,48,45,,,,,
EDTK,91.17,91.32,91.32,100.05,105.48,100.11,42,45,48,45,,,,,
LIND,91.17,91.32,91.32,100.05,105.48,100.11,42,45,48,45,,,,,
PHAR,91.17,91.32,91.32,100.05,105.48,100.11,42,45,48,45,,,,,
LWACU,91.17,91.32,91.32,100.05,105.48,100.11,42,45,48,45,,,,,
NPK,91.17,91.32,91.32,100.05,105.48,100.11,42,45,48,45,,,,,
IPSC,91.17,91.32,91.32,100.05,105.48,100.11,42,45,48,45,,,,,
CELU,91.17,91.32,91.32,100.05,105.48,100.11,42,45,48,45,,,,,
FXNC,91.17,91.32,91.32,100.05,105.48,100.11,42,45,48,45,,,,,
GSHD,91.17,91.32,91.32,100.05,105.48,100.11,42,45,48,45,,,,,
ORGO,91.17,91.32,91.32,100.05,105.48,100.11,42,45,48,45,,,,,
RLAY,91.17,91.32,91.32,100.05,105.48,100.11,42,45,48,45,,,,,
TME,91.17,91.32,91.32,100.05,105.48,100.11,42,45,48,45,,,,,
RGTI,91.17,91.32,91.32,100.05,105.48,100.11,42,45,48,45,,,,,
NUWE,91.17,91.32,91.32,100.05,105.48,100.11,42,45,48,45,,,,,
CX,91.17,91.32,91.32,100.05,105.48,100.11,42,45,48,45,,,,,
WOK,91.17,91.32,91.32,100.05,105.48,100.11,42,45,48,45,,,,,
APA,91.17,91.32,91.32,100.05,105.48,100.11,42,45,48,45,,,,,
ROAD,91.17,91.32,91.32,100.05,105.48,100.11,42,45,48,45,,,,,
SSTK,91.17,91.32,91.32,100.05,105.48,100.11,42,45,48,45,,,,,
KLG,91.17,91.32,91.32,100.05,105.48,100.11,42,45,48,45,,,,,
CARE,91.17,91.32,91.32,100.05,105.48,100.11,42,45,48,45,,,,,
KRP,91.17,91.32,91.32,100.05,105.48,100.11,42,45,48,45,,,,,
LUCK,91.17,91.32,91.32,100.05,105.48,100.11,42,45,48,45,,,,,
ZG,91.17,91.32,91.32,100.05,105.48,100.11,42,45,48,45,,,,,
DVS,91.17,91.32,91.32,100.05,105.48,100.11,42,45,48,45,,,,,
CNQ,91.17,91.32,91.32,100.05,105.48,100.11,42,45,48,45,,,,,
DASH,91.17,91.32,91.32,100.05,105.48,100.11,42,45,48,45,,,,,
ARCT,91.17,91.32,91.32,100.05,105.48,100.11,42,45,48,45,,,,,
AERT,91.17,91.32,91.32,100.05,105.48,100.11,42,45,48,45,,,,,
ARBB,91.17,91.32,91.32,100.05,105.48,100.11,42,45,48,45,,,,,
LUXE,91.17,91.32,91.32,100.05,105.48,100.11,42,45,48,45,,,,,
TXO,91.17,91.32,91.32,100.05,105.48,100.11,42,45,48,45,,,,,
EQBK,91.17,91.32,91.32,100.05,105.48,100.11,42,45,48,45,,,,,
MOB,91.17,91.32,91.32,100.05,105.48,100.11,42,45,48,45,,,,,
SHW,91.17,91.32,91.32,100.05,105.48,100.11,42,45,48,45,,,,,
ODC,91.17,91.32,91.32,100.05,105.48,100.11,42,45,48,45,,,,,
SBEV,91.17,91.32,91.32,100.05,105.48,100.11,42,45,48,45,,,,,
VNET,91.17,91.32,91.32,100.05,105.48,100.11,42,45,48,45,,,,,
TDACU,91.17,91.32,91.32,100.05,105.48,100.11,42,45,48,45,,,,,
EBR,91.17,91.32,91.32,100.05,105.48,100.11,42,45,48,45,,,,,
RDAGU,91.17,91.32,91.32,100.05,105.48,100.11,42,45,48,45,,,,,
BLTE,91.17,91.32,91.32,100.05,105.48,100.11,42,45,48,45,,,,,
CMND,91.17,91.32,91.32,100.05,105.48,100.11,42,45,48,45,,,,,
EBC,91.17,91.32,91.32,100.05,105.48,100.11,42,45,48,45,,,,,
EVCM,91.17,91.32,91.32,100.05,105.48,100.11,42,45,48,45,,,,,
UMBFO,91.17,91.32,91.32,100.05,105.48,100.11,42,45,48,45,,,,,
HBIO,91.17,91.32,91.32,100.05,105.48,100.11,42,45,48,45,,,,,
ALEC,91.17,91.32,91.32,100.05,105.48,100.11,42,45,48,45,,,,,
BLIN,91.17,91.32,91.32,100.05,105.48,100.11,42,45,48,45,,,,,
MKTX,91.17,91.32,91.32,100.05,105.48,100.11,42,45,48,45,,,,,
ACFN,91.17,91.32,91.32,100.05,105.48,100.11,42,45,48,45,,,,,
BRBS,91.17,91.32,91.32,100.05,105.48,100.11,42,45,48,45,,,,,
ORLY,91.17,91.32,91.32,100.05,105.48,100.11,42,45,48,45,,,,,
CMBT,91.17,91.32,91.32,100.05,105.48,100.11,42,45,48,45,,,,,
LU,91.17,91.32,91.32,100.05,105.48,100.11,42,45,48,45,,,,,
BANC,91.17,91.32,91.32,100.05,105.48,100.11,42,45,48,45,,,,,
MWYN,91.17,91.32,91.32,100.05,105.48,100.11,42,45,48,45,,,,,
NEWTP,91.17,91.32,91.32,100.05,105.48,100.11,42,45,48,45,,,,,
WS,91.17,91.32,91.32,100.05,105.48,100.11,42,45,48,45,,,,,
MREO,91.17,91.32,91.32,100.05,105.48,100.11,42,45,48,45,,,,,
GRO,91.17,91.32,91.32,100.05,105.48,100.11,42,45,48,45,,,,,
ACDC,91.17,91.32,91.32,100.05,105.48,100.11,42,45,48,45,,,,,
PCAPU,91.17,91.32,91.32,100.05,105.48,100.11,42,45,48,45,,,,,
VEEE,91.17,91.32,91.32,100.05,105.48,100.11,42,45,48,45,,,,,
STRO,91.17,91.32,91.32,100.05,105.48,100.11,42,45,48,45,,,,,
NAGE,91.17,91.32,91.32,100.05,105.48,100.11,42,45,48,45,,,,,
SOCA,91.17,91.32,91.32,100.05,105.48,100.11,42,45,48,45,,,,,
CNS,91.17,91.32,91.32,100.05,105.48,100.11,42,45,48,45,,,,,
CRWD,91.17,91.32,91.32,100.05,105.48,100.11,42,45,48,45,,,,,
NVMI,91.17,91.32,91.32,100.05,105.48,100.11,42,45,48,45,,,,,
ASND,91.17,91.32,91.32,100.05,105.48,100.11,42,45,48,45,,,,,
LVWR,91.17,91.32,91.32,100.05,105.48,100.11,42,45,48,45,,,,,
PG,91.17,91.32,91.32,100.05,105.48,100.11,42,45,48,45,,,,,
OFG,91.17,91.32,91.32,100.05,105.48,100.11,42,45,48,45,,,,,
SNDK,91.17,91.32,91.32,100.05,105.48,100.11,42,45,48,45,,,,,
ESE,91.17,91.32,91.32,100.05,105.48,100.11,42,45,48,45,,,,,
FGI,91.17,91.32,91.32,100.05,105.48,100.11,42,45,48,45,,,,,
FVR,91.17,91.32,91.32,100.05,105.48,100.11,42,45,48,45,,,,,
ANSCU,91.17,91.32,91.32,100.05,105.48,100.11,42,45,48,45,,,,,
DYN,91.17,91.32,91.32,100.05,105.48,100.11,42,45,48,45,,,,,
NRIX,91.17,91.32,91.32,100.05,105.48,100.11,42,45,48,45,,,,,
PRE,91.17,91.32,91.32,100.05,105.48,100.11,42,45,48,45,,,,,
HSHP,91.17,91.32,91.32,100.05,105.48,100.11,42,45,48,45,,,,,
WHWK,91.17,91.32,91.32,100.05,105.48,100.11,42,45,48,45,,,,,
EPIX,91.17,91.32,91.32,100.05,105.48,100.11,42,45,48,45,,,,,
TDY,91.17,91.32,91.32,100.05,105.48,100.11,42,45,48,45,,,,,
ANTX,91.17,91.32,91.32,100.05,105.48,100.11,42,45,48,45,,,,,
RELY,91.17,91.32,91.32,100.05,105.48,100.11,42,45,48,45,,,,,
LAD,91.17,91.32,91.32,100.05,105.48,100.11,42,45,48,45,,,,,
ONL,91.17,91.32,91.32,100.05,105.48,100.11,42,45,48,45,,,,,
DCO,91.17,91.32,91.32,100.05,105.48,100.11,42,45,48,45,,,,,
ING,91.17,91.32,91.32,100.05,105.48,100.11,42,45,48,45,,,,,
MXCT,91.17,91.32,91.32,100.05,105.48,100.11,42,45,48,45,,,,,
INMB,91.17,91.32,91.32,100.05,105.48,100.11,42,45,48,45,,,,,
BOOM,91.17,91.32,91.32,100.05,105.48,100.11,42,45,48,45,,,,,
WETH,91.17,91.32,91.32,100.05,105.48,100.11,42,45,48,45,,,,,
YELP,91.17,91.32,91.32,100.05,105.48,100.11,42,45,48,45,,,,,
MBIO,91.17,91.32,91.32,100.05,105.48,100.11,42,45,48,45,,,,,
KRNT,91.17,91.32,91.32,100.05,105.48,100.11,42,45,48,45,,,,,
BOSC,91.17,91.32,91.32,100.05,105.48,100.11,42,45,48,45,,,,,
MVO,91.17,91.32,91.32,100.05,105.48,100.11,42,45,48,45,,,,,
GBTG,91.17,91.32,91.32,100.05,105.48,100.11,42,45,48,45,,,,,
TCX,91.17,91.32,91.32,100.05,105.48,100.11,42,45,48,45,,,,,
AMWD,91.17,91.32,91.32,100.05,105.48,100.11,42,45,48,45,,,,,
LYFT,91.17,91.32,91.32,100.05,105.48,100.11,42,45,48,45,,,,,
IOT,91.17,91.32,91.32,100.05,105.48,100.11,42,45,48,45,,,,,
TG,91.17,91.32,91.32,100.05,105.48,100.11,42,45,48,45,,,,,
SVCC,91.17,91.32,91.32,100.05,105.48,100.11,42,45,48,45,,,,,
QGEN,91.17,91.32,91.32,100.05,105.48,100.11,42,45,48,45,,,,,
CGCT,91.17,91.32,91.32,100.05,105.48,100.11,42,45,48,45,,,,,
HRTX,91.17,91.32,91.32,100.05,105.48,100.11,42,45,48,45,,,,,
ABVE,91.17,91.32,91.32,100.05,105.48,100.11,42,45,48,45,,,,,
FIEE,91.17,91.32,91.32,100.05,105.48,100.11,42,45,48,45,,,,,
ANIK,91.17,91.32,91.32,100.05,105.48,100.11,42,45,48,45,,,,,
PELI,91.17,91.32,91.32,100.05,105.48,100.11,42,45,48,45,,,,,
ECG,91.17,91.32,91.32,100.05,105.48,100.11,42,45,48,45,,,,,
PSKY,91.17,91.32,91.32,100.05,105.48,100.11,42,45,48,45,,,,,
CRCT,91.17,91.32,91.32,100.05,105.48,100.11,42,45,48,45,,,,,
FBLA,91.17,91.32,91.32,100.05,105.48,100.11,42,45,48,45,,,,,
KRG,91.17,91.32,91.32,100.05,105.48,100.11,42,45,48,45,,,,,
LCCCU,91.17,91.32,91.32,100.05,105.48,100.11,42,45,48,45,,,,,
BWB,91.17,91.32,91.32,100.05,105.48,100.11,42,45,48,45,,,,,
AIFF,91.17,91.32,91.32,100.05,105.48,100.11,42,45,48,45,,,,,
MVBF,91.17,91.32,91.32,100.05,105.48,100.11,42,45,48,45,,,,,
ACR,91.17,91.32,91.32,100.05,105.48,100.11,42,45,48,45,,,,,
PIII,91.17,91.32,91.32,100.05,105.48,100.11,42,45,48,45,,,,,
EIX,91.17,91.32,91.32,100.05,105.48,100.11,42,45,48,45,,,,,
BTSGU,91.17,91.32,91.32,100.05,105.48,100.11,42,45,48,45,,,,,
KTOS,91.17,91.32,91.32,100.05,105.48,100.11,42,45,48,45,,,,,
OMCL,91.17,91.32,91.32,100.05,105.48,100.11,42,45,48,45,,,,,
AQMS,91.17,91.32,91.32,100.05,105.48,100.11,42,45,48,45,,,,,
EXP,91.17,91.32,91.32,100.05,105.48,100.11,42,45,48,45,,,,,
BNAI,91.17,91.32,91.32,100.05,105.48,100.11,42,45,48,45,,,,,
GUTS,91.17,91.32,91.32,100.05,105.48,100.11,42,45,48,45,,,,,
BHVN,91.17,91.32,91.32,100.05,105.48,100.11,42,45,48,45,,,,,
AAP,91.17,91.32,91.32,100.05,105.48,100.11,42,45,48,45,,,,,
TGNA,91.17,91.32,91.32,100.05,105.48,100.11,42,45,48,45,,,,,
BKE,91.17,91.32,91.32,100.05,105.48,100.11,42,45,48,45,,,,,
SONM,91.17,91.32,91.32,100.05,105.48,100.11,42,45,48,45,,,,,
ONCHU,91.17,91.32,91.32,100.05,105.48,100.11,42,45,48,45,,,,,
AMC,91.17,91.32,91.32,100.05,105.48,100.11,42,45,48,45,,,,,
BUSEP,91.17,91.32,91.32,100.05,105.48,100.11,42,45,48,45,,,,,
HSIC,91.17,91.32,91.32,100.05,105.48,100.11,42,45,48,45,,,,,
MXC,91.17,91.32,91.32,100.05,105.48,100.11,42,45,48,45,,,,,
WDAY,91.17,91.32,91.32,100.05,105.48,100.11,42,45,48,45,,,,,
CORZ,91.17,91.32,91.32,100.05,105.48,100.11,42,45,48,45,,,,,
BOH,91.17,91.32,91.32,100.05,105.48,100.11,42,45,48,45,,,,,
HRI,91.17,91.32,91.32,100.05,105.48,100.11,42,45,48,45,,,,,
CHCT,91.17,91.32,91.32,100.05,105.48,100.11,42,45,48,45,,,,,
BWMN,91.17,91.32,91.32,100.05,105.48,100.11,42,45,48,45,,,,,
OPRA,91.17,91.32,91.32,100.05,105.48,100.11,42,45,48,45,,,,,
TURB,91.17,91.32,91.32,100.05,105.48,100.11,42,45,48,45,,,,,
LULU,91.17,91.32,91.32,100.05,105.48,100.11,42,45,48,45,,,,,
DXPE,91.17,91.32,91.32,100.05,105.48,100.11,42,45,48,45,,,,,
ALEX,91.17,91.32,91.32,100.05,105.48,100.11,42,45,48,45,,,,,
SLG,91.17,91.32,91.32,100.05,105.48,100.11,42,45,48,45,,,,,
OPAL,91.17,91.32,91.32,100.05,105.48,100.11,42,45,48,45,,,,,
BLUW,91.17,91.32,91.32,100.05,105.48,100.11,42,45,48,45,,,,,
STAI,91.17,91.32,91.32,100.05,105.48,100.11,42,45,48,45,,,,,
FUBO,91.17,91.32,91.32,100.05,105.48,100.11,42,45,48,45,,,,,
ACGLN,91.17,91.32,91.32,100.05,105.48,100.11,42,45,48,45,,,,,
OMI,91.17,91.32,91.32,100.05,105.48,100.11,42,45,48,45,,,,,
FN,91.17,91.32,91.32,100.05,105.48,100.11,42,45,48,45,,,,,
MGY,91.17,91.32,91.32,100.05,105.48,100.11,42,45,48,45,,,,,
WDS,91.17,91.32,91.32,100.05,105.48,100.11,42,45,48,45,,,,,
ARTNA,91.17,91.32,91.32,100.05,105.48,100.11,42,45,48,45,,,,,
SLAB,91.17,91.32,91.32,100.05,105.48,100.11,42,45,48,45,,,,,
SILC,91.17,91.32,91.32,100.05,105.48,100.11,42,45,48,45,,,,,
BGL,91.17,91.32,91.32,100.05,105.48,100.11,42,45,48,45,,,,,
SYTA,91.17,91.32,91.32,100.05,105.48,100.11,42,45,48,45,,,,,
AREB,91.17,91.32,91.32,100.05,105.48,100.11,42,45,48,45,,,,,
BK,91.17,91.32,91.32,100.05,105.48,100.11,42,45,48,45,,,,,
MPAA,91.17,91.32,91.32,100.05,105.48,100.11,42,45,48,45,,,,,
GTBP,91.17,91.32,91.32,100.05,105.48,100.11,42,45,48,45,,,,,
CTM,91.17,91.32,91.32,100.05,105.48,100.11,42,45,48,45,,,,,
ASM,91.17,91.32,91.32,100.05,105.48,100.11,42,45,48,45,,,,,
MP,91.17,91.32,91.32,100.05,105.48,100.11,42,45,48,45,,,,,
SOCAU,91.17,91.32,91.32,100.05,105.48,100.11,42,45,48,45,,,,,
PLCE,91.17,91.32,91.32,100.05,105.48,100.11,42,45,48,45,,,,,
JANX,91.17,91.32,91.32,100.05,105.48,100.11,42,45,48,45,,,,,
FPAY,91.17,91.32,91.32,100.05,105.48,100.11,42,45,48,45,,,,,
FUN,91.17,91.32,91.32,100.05,105.48,100.11,42,45,48,45,,,,,
SHMD,91.17,91.32,91.32,100.05,105.48,100.11,42,45,48,45,,,,,
ONB,91.17,91.32,91.32,100.05,105.48,100.11,42,45,48,45,,,,,
TIPT,91.17,91.32,91.32,100.05,105.48,100.11,42,45,48,45,,,,,
TRNO,91.17,91.32,91.32,100.05,105.48,100.11,42,45,48,45,,,,,
AMRK,91.17,91.32,91.32,100.05,105.48,100.11,42,45,48,45,,,,,
RIG,91.17,91.32,91.32,100.05,105.48,100.11,42,45,48,45,,,,,
HUBG,91.17,91.32,91.32,100.05,105.48,100.11,42,45,48,45,,,,,
MSW,91.17,91.32,91.32,100.05,105.48,100.11,42,45,48,45,,,,,
DOCN,91.17,91.32,91.32,100.05,105.48,100.11,42,45,48,45,,,,,
RH,91.17,91.32,91.32,100.05,105.48,100.11,42,45,48,45,,,,,
T,91.17,91.32,91.32,100.05,105.48,100.11,42,45,48,45,,,,,
INTU,91.17,91.32,91.32,100.05,105.48,100.11,42,45,48,45,,,,,
KFFB,91.17,91.32,91.32,100.05,105.48,100.11,42,45,48,45,,,,,
GFF,91.17,91.32,91.32,100.05,105.48,100.11,42,45,48,45,,,,,
AVBC,91.17,91.32,91.32,100.05,105.48,100.11,42,45,48,45,,,,,
MIAX,91.17,91.32,91.32,100.05,105.48,100.11,42,45,48,45,,,,,
KTTA,91.17,91.32,91.32,100.05,105.48,100.11,42,45,48,45,,,,,
LHX,91.17,91.32,91.32,100.05,105.48,100.11,42,45,48,45,,,,,
BGS,91.17,91.32,91.32,100.05,105.48,100.11,42,45,48,45,,,,,
AZTA,91.17,91.32,91.32,100.05,105.48,100.11,42,45,48,45,,,,,
ECOR,91.17,91.32,91.32,100.05,105.48,100.11,42,45,48,45,,,,,
CECO,91.17,91.32,91.32,100.05,105.48,100.11,42,45,48,45,,,,,
WMT,91.17,91.32,91.32,100.05,105.48,100.11,42,45,48,45,,,,,
BIIB,91.17,91.32,91.32,100.05,105.48,100.11,42,45,48,45,,,,,
PMCB,91.17,91.32,91.32,100.05,105.48,100.11,42,45,48,45,,,,,
MPB,91.17,91.32,91.32,100.05,105.48,100.11,42,45,48,45,,,,,
CARM,91.17,91.32,91.32,100.05,105.48,100.11,42,45,48,45,,,,,
TSQ,91.17,91.32,91.32,100.05,105.48,100.11,42,45,48,45,,,,,
STSS,91.17,91.32,91.32,100.05,105.48,100.11,42,45,48,45,,,,,
WTO,91.17,91.32,91.32,100.05,105.48,100.11,42,45,48,45,,,,,
KOSS,91.17,91.32,91.32,100.05,105.48,100.11,42,45,48,45,,,,,
LLYVK,91.17,91.32,91.32,100.05,105.48,100.11,42,45,48,45,,,,,
ATLX,91.17,91.32,91.32,100.05,105.48,100.11,42,45,48,45,,,,,
DTSS,91.17,91.32,91.32,100.05,105.48,100.11,42,45,48,45,,,,,
WTI,91.17,91.32,91.32,100.05,105.48,100.11,42,45,48,45,,,,,
SVA,91.17,91.32,91.32,100.05,105.48,100.11,42,45,48,45,,,,,
BJ,91.17,91.32,91.32,100.05,105.48,100.11,42,45,48,45,,,,,
ABL,91.17,91.32,91.32,100.05,105.48,100.11,42,45,48,45,,,,,
VUZI,91.17,91.32,91.32,100.05,105.48,100.11,42,45,48,45,,,,,
CEG,91.17,91.32,91.32,100.05,105.48,100.11,42,45,48,45,,,,,
MBAVU,91.17,91.32,91.32,100.05,105.48,100.11,42,45,48,45,,,,,
STRW,91.17,91.32,91.32,100.05,105.48,100.11,42,45,48,45,,,,,
FLYX,91.17,91.32,91.32,100.05,105.48,100.11,42,45,48,45,,,,,
TCOM,91.17,91.32,91.32,100.05,105.48,100.11,42,45,48,45,,,,,
FEAM,91.17,91.32,91.32,100.05,105.48,100.11,42,45,48,45,,,,,
PUMP,91.17,91.32,91.32,100.05,105.48,100.11,42,45,48,45,,,,,
CREG,91.17,91.32,91.32,100.05,105.48,100.11,42,45,48,45,,,,,
ADC,91.17,91.32,91.32,100.05,105.48,100.11,42,45,48,45,,,,,
TRI,91.17,91.32,91.32,100.05,105.48,100.11,42,45,48,45,,,,,
SEMR,91.17,91.32,91.32,100.05,105.48,100.11,42,45,48,45,,,,,
MED,91.17,91.32,91.32,100.05,105.48,100.11,42,45,48,45,,,,,
BBVA,91.17,91.32,91.32,100.05,105.48,100.11,42,45,48,45,,,,,
DGLY,91.17,91.32,91.32,100.05,105.48,100.11,42,45,48,45,,,,,
SMRT,91.17,91.32,91.32,100.05,105.48,100.11,42,45,48,45,,,,,
SKYT,91.17,91.32,91.32,100.05,105.48,100.11,42,45,48,45,,,,,
BTDR,91.17,91.32,91.32,100.05,105.48,100.11,42,45,48,45,,,,,
CRML,91.17,91.32,91.32,100.05,105.48,100.11,42,45,48,45,,,,,
GORV,91.17,91.32,91.32,100.05,105.48,100.11,42,45,48,45,,,,,
OZ,91.17,91.32,91.32,100.05,105.48,100.11,42,45,48,45,,,,,
FRD,91.17,91.32,91.32,100.05,105.48,100.11,42,45,48,45,,,,,
BUSE,91.17,91.32,91.32,100.05,105.48,100.11,42,45,48,45,,,,,
IDAI,91.17,91.32,91.32,100.05,105.48,100.11,42,45,48,45,,,,,
BMY,91.17,91.32,91.32,100.05,105.48,100.11,42,45,48,45,,,,,
AUR,91.17,91.32,91.32,100.05,105.48,100.11,42,45,48,45,,,,,
KZIA,91.17,91.32,91.32,100.05,105.48,100.11,42,45,48,45,,,,,
CRNC,91.17,91.32,91.32,100.05,105.48,100.11,42,45,48,45,,,,,
STC,91.17,91.32,91.32,100.05,105.48,100.11,42,45,48,45,,,,,
SNAP,91.17,91.32,91.32,100.05,105.48,100.11,42,45,48,45,,,,,
NXRT,91.17,91.32,91.32,100.05,105.48,100.11,42,45,48,45,,,,,
FGNX,91.17,91.32,91.32,100.05,105.48,100.11,42,45,48,45,,,,,
NB,91.17,91.32,91.32,100.05,105.48,100.11,42,45,48,45,,,,,
MGX,91.17,91.32,91.32,100.05,105.48,100.11,42,45,48,45,,,,,
MYFW,91.17,91.32,91.32,100.05,105.48,100.11,42,45,48,45,,,,,
LUV,91.17,91.32,91.32,100.05,105.48,100.11,42,45,48,45,,,,,
SCM,91.17,91.32,91.32,100.05,105.48,100.11,42,45,48,45,,,,,
MNR,91.17,91.32,91.32,100.05,105.48,100.11,42,45,48,45,,,,,
XENE,91.17,91.32,91.32,100.05,105.48,100.11,42,45,48,45,,,,,
ESTC,91.17,91.32,91.32,100.05,105.48,100.11,42,45,48,45,,,,,
NTGR,91.17,91.32,91.32,100.05,105.48,100.11,42,45,48,45,,,,,
SORA,91.17,91.32,91.32,100.05,105.48,100.11,42,45,48,45,,,,,
KRYS,91.17,91.32,91.32,100.05,105.48,100.11,42,45,48,45,,,,,
PRQR,91.17,91.32,91.32,100.05,105.48,100.11,42,45,48,45,,,,,
TARA,91.17,91.32,91.32,100.05,105.48,100.11,42,45,48,45,,,,,
SYBX,91.17,91.32,91.32,100.05,105.48,100.11,42,45,48,45,,,,,
DRIO,91.17,91.32,91.32,100.05,105.48,100.11,42,45,48,45,,,,,
LPSN,91.17,91.32,91.32,100.05,105.48,100.11,42,45,48,45,,,,,
MFH,91.17,91.32,91.32,100.05,105.48,100.11,42,45,48,45,,,,,
BLNK,91.17,91.32,91.32,100.05,105.48,100.11,42,45,48,45,,,,,
WALD,91.17,91.32,91.32,100.05,105.48,100.11,42,45,48,45,,,,,
IMKTA,91.17,91.32,91.32,100.05,105.48,100.11,42,45,48,45,,,,,
YHGJ,91.17,91.32,91.32,100.05,105.48,100.11,42,45,48,45,,,,,
BL,91.17,91.32,91.32,100.05,105.48,100.11,42,45,48,45,,,,,
OPEN,91.17,91.32,91.32,100.05,105.48,100.11,42,45,48,45,,,,,
GT,91.17,91.32,91.32,100.05,105.48,100.11,42,45,48,45,,,,,
GBX,91.17,91.32,91.32,100.05,105.48,100.11,42,45,48,45,,,,,
SHIM,91.17,91.32,91.32,100.05,105.48,100.11,42,45,48,45,,,,,
NJR,91.17,91.32,91.32,100.05,105.48,100.11,42,45,48,45,,,,,
PLTK,91.17,91.32,91.32,100.05,105.48,100.11,42,45,48,45,,,,,
FHB,91.17,91.32,91.32,100.05,105.48,100.11,42,45,48,45,,,,,
KFRC,91.17,91.32,91.32,100.05,105.48,100.11,42,45,48,45,,,,,
CIEN,91.17,91.32,91.32,100.05,105.48,100.11,42,45,48,45,,,,,
GOOGL,91.17,91.32,91.32,100.05,105.48,100.11,42,45,48,45,,,,,
NOAH,91.17,91.32,91.32,100.05,105.48,100.11,42,45,48,45,,,,,
CW,91.17,91.32,91.32,100.05,105.48,100.11,42,45,48,45,,,,,
ACRE,91.17,91.32,91.32,100.05,105.48,100.11,42,45,48,45,,,,,
DOGZ,91.17,91.32,91.32,100.05,105.48,100.11,42,45,48,45,,,,,
WKC,91.17,91.32,91.32,100.05,105.48,100.11,42,45,48,45,,,,,
JOE,91.17,91.32,91.32,100.05,105.48,100.11,42,45,48,45,,,,,
REPX,91.17,91.32,91.32,100.05,105.48,100.11,42,45,48,45,,,,,
CCM,91.17,91.32,91.32,100.05,105.48,100.11,42,45,48,45,,,,,
HI,91.17,91.32,91.32,100.05,105.48,100.11,42,45,48,45,,,,,
VFF,91.17,91.32,91.32,100.05,105.48,100.11,42,45,48,45,,,,,
RMCF,91.17,91.32,91.32,100.05,105.48,100.11,42,45,48,45,,,,,
SBR,91.17,91.32,91.32,100.05,105.48,100.11,42,45,48,45,,,,,
TRAK,91.17,91.32,91.32,100.05,105.48,100.11,42,45,48,45,,,,,
NAVI,91.17,91.32,91.32,100.05,105.48,100.11,42,45,48,45,,,,,
WWW,91.17,91.32,91.32,100.05,105.48,100.11,42,45,48,45,,,,,
CMRE,91.17,91.32,91.32,100.05,105.48,100.11,42,45,48,45,,,,,
MJID,91.17,91.32,91.32,100.05,105.48,100.11,42,45,48,45,,,,,
ULBI,91.17,91.32,91.32,100.05,105.48,100.11,42,45,48,45,,,,,
NUE,91.17,91.32,91.32,100.05,105.48,100.11,42,45,48,45,,,,,
TT,91.17,91.32,91.32,100.05,105.48,100.11,42,45,48,45,,,,,
QUBT,91.17,91.32,91.32,100.05,105.48,100.11,42,45,48,45,,,,,
BRFH,91.17,91.32,91.32,100.05,105.48,100.11,42,45,48,45,,,,,
FIZZ,91.17,91.32,91.32,100.05,105.48,100.11,42,45,48,45,,,,,
BNRG,91.17,91.32,91.32,100.05,105.48,100.11,42,45,48,45,,,,,
WIX,91.17,91.32,91.32,100.05,105.48,100.11,42,45,48,45,,,,,
VCIG,91.17,91.32,91.32,100.05,105.48,100.11,42,45,48,45,,,,,
CLH,91.17,91.32,91.32,100.05,105.48,100.11,42,45,48,45,,,,,
SCNI,91.17,91.32,91.32,100.05,105.48,100.11,42,45,48,45,,,,,
TLNCU,91.17,91.32,91.32,100.05,105.48,100.11,42,45,48,45,,,,,
CIGI,91.17,91.32,91.32,100.05,105.48,100.11,42,45,48,45,,,,,
FTV,91.17,91.32,91.32,100.05,105.48,100.11,42,45,48,45,,,,,
CERT,91.17,91.32,91.32,100.05,105.48,100.11,42,45,48,45,,,,,
PATK,91.17,91.32,91.32,100.05,105.48,100.11,42,45,48,45,,,,,
SPEGU,91.17,91.32,91.32,100.05,105.48,100.11,42,45,48,45,,,,,
NREF,91.17,91.32,91.32,100.05,105.48,100.11,42,45,48,45,,,,,
FCNCA,91.17,91.32,91.32,100.05,105.48,100.11,42,45,48,45,,,,,
TTEK,91.17,91.32,91.32,100.05,105.48,100.11,42,45,48,45,,,,,
RMBI,91.17,91.32,91.32,100.05,105.48,100.11,42,45,48,45,,,,,
BTCS,91.17,91.32,91.32,100.05,105.48,100.11,42,45,48,45,,,,,
MTNB,91.17,91.32,91.32,100.05,105.48,100.11,42,45,48,45,,,,,
VKTX,91.17,91.32,91.32,100.05,105.48,100.11,42,45,48,45,,,,,
GTLB,91.17,91.32,91.32,100.05,105.48,100.11,42,45,48,45,,,,,
NEXA,91.17,91.32,91.32,100.05,105.48,100.11,42,45,48,45,,,,,
RXT,91.17,91.32,91.32,100.05,105.48,100.11,42,45,48,45,,,,,
LDWY,91.17,91.32,91.32,100.05,105.48,100.11,42,45,48,45,,,,,
PRTC,91.17,91.32,91.32,100.05,105.48,100.11,42,45,48,45,,,,,
INNV,91.17,91.32,91.32,100.05,105.48,100.11,42,45,48,45,,,,,
PPBT,91.17,91.32,91.32,100.05,105.48,100.11,42,45,48,45,,,,,
AIFU,91.17,91.32,91.32,100.05,105.48,100.11,42,45,48,45,,,,,
RHI,91.17,91.32,91.32,100.05,105.48,100.11,42,45,48,45,,,,,
TACHU,91.17,91.32,91.32,100.05,105.48,100.11,42,45,48,45,,,,,
SKWD,91.17,91.32,91.32,100.05,105.48,100.11,42,45,48,45,,,,,
APPN,91.17,91.32,91.32,100.05,105.48,100.11,42,45,48,45,,,,,
EBS,91.17,91.32,91.32,100.05,105.48,100.11,42,45,48,45,,,,,
ABBV,91.17,91.32,91.32,100.05,105.48,100.11,42,45,48,45,,,,,
ALDFU,91.17,91.32,91.32,100.05,105.48,100.11,42,45,48,45,,,,,
SHFS,91.17,91.32,91.32,100.05,105.48,100.11,42,45,48,45,,,,,
TSEM,91.17,91.32,91.32,100.05,105.48,100.11,42,45,48,45,,,,,
IMTE,91.17,91.32,91.32,100.05,105.48,100.11,42,45,48,45,,,,,
MCBS,91.17,91.32,91.32,100.05,105.48,100.11,42,45,48,45,,,,,
CDTG,91.17,91.32,91.32,100.05,105.48,100.11,42,45,48,45,,,,,
AACBU,91.17,91.32,91.32,100.05,105.48,100.11,42,45,48,45,,,,,
PAYC,91.17,91.32,91.32,100.05,105.48,100.11,42,45,48,45,,,,,
MURA,91.17,91.32,91.32,100.05,105.48,100.11,42,45,48,45,,,,,
GLPG,91.17,91.32,91.32,100.05,105.48,100.11,42,45,48,45,,,,,
NAAS,91.17,91.32,91.32,100.05,105.48,100.11,42,45,48,45,,,,,
CMI,91.17,91.32,91.32,100.05,105.48,100.11,42,45,48,45,,,,,
TRTX,91.17,91.32,91.32,100.05,105.48,100.11,42,45,48,45,,,,,
TLN,91.17,91.32,91.32,100.05,105.48,100.11,42,45,48,45,,,,,
STEP,91.17,91.32,91.32,100.05,105.48,100.11,42,45,48,45,,,,,
YIBO,91.17,91.32,91.32,100.05,105.48,100.11,42,45,48,45,,,,,
PEBO,91.17,91.32,91.32,100.05,105.48,100.11,42,45,48,45,,,,,
AKAM,91.17,91.32,91.32,100.05,105.48,100.11,42,45,48,45,,,,,
J,91.17,91.32,91.32,100.05,105.48,100.11,42,45,48,45,,,,,
ZLAB,91.17,91.32,91.32,100.05,105.48,100.11,42,45,48,45,,,,,
NKSH,91.17,91.32,91.32,100.05,105.48,100.11,42,45,48,45,,,,,
SON,91.17,91.32,91.32,100.05,105.48,100.11,42,45,48,45,,,,,
MTX,91.17,91.32,91.32,100.05,105.48,100.11,42,45,48,45,,,,,
ATEN,91.17,91.32,91.32,100.05,105.48,100.11,42,45,48,45,,,,,
BALY,91.17,91.32,91.32,100.05,105.48,100.11,42,45,48,45,,,,,
ARMN,91.17,91.32,91.32,100.05,105.48,100.11,42,45,48,45,,,,,
HNST,91.17,91.32,91.32,100.05,105.48,100.11,42,45,48,45,,,,,
INLF,91.17,91.32,91.32,100.05,105.48,100.11,42,45,48,45,,,,,
GSRT,91.17,91.32,91.32,100.05,105.48,100.11,42,45,48,45,,,,,
SRCE,91.17,91.32,91.32,100.05,105.48,100.11,42,45,48,45,,,,,
FCCO,91.17,91.32,91.32,100.05,105.48,100.11,42,45,48,45,,,,,
IMPP,91.17,91.32,91.32,100.05,105.48,100.11,42,45,48,45,,,,,
OLLI,91.17,91.32,91.32,100.05,105.48,100.11,42,45,48,45,,,,,
HUMA,91.17,91.32,91.32,100.05,105.48,100.11,42,45,48,45,,,,,
MNMD,91.17,91.32,91.32,100.05,105.48,100.11,42,45,48,45,,,,,
ZENA,91.17,91.32,91.32,100.05,105.48,100.11,42,45,48,45,,,,,
RYN,91.17,91.32,91.32,100.05,105.48,100.11,42,45,48,45,,,,,
GGR,91.17,91.32,91.32,100.05,105.48,100.11,42,45,48,45,,,,,
ALCO,91.17,91.32,91.32,100.05,105.48,100.11,42,45,48,45,,,,,
MATH,91.17,91.32,91.32,100.05,105.48,100.11,42,45,48,45,,,,,
CUBI,91.17,91.32,91.32,100.05,105.48,100.11,42,45,48,45,,,,,
SDHIU,91.17,91.32,91.32,100.05,105.48,100.11,42,45,48,45,,,,,
ZIM,91.17,91.32,91.32,100.05,105.48,100.11,42,45,48,45,,,,,
ERIC,91.17,91.32,91.32,100.05,105.48,100.11,42,45,48,45,,,,,
NTST,91.17,91.32,91.32,100.05,105.48,100.11,42,45,48,45,,,,,
INTS,91.17,91.32,91.32,100.05,105.48,100.11,42,45,48,45,,,,,
FRST,91.17,91.32,91.32,100.05,105.48,100.11,42,45,48,45,,,,,
SIFY,91.17,91.32,91.32,100.05,105.48,100.11,42,45,48,45,,,,,
CGC,91.17,91.32,91.32,100.05,105.48,100.11,42,45,48,45,,,,,
NETD,91.17,91.32,91.32,100.05,105.48,100.11,42,45,48,45,,,,,
NWE,91.17,91.32,91.32,100.05,105.48,100.11,42,45,48,45,,,,,
UYSC,91.17,91.32,91.32,100.05,105.48,100.11,42,45,48,45,,,,,
FORM,91.17,91.32,91.32,100.05,105.48,100.11,42,45,48,45,,,,,
RIVN,91.17,91.32,91.32,100.05,105.48,100.11,42,45,48,45,,,,,
WULF,91.17,91.32,91.32,100.05,105.48,100.11,42,45,48,45,,,,,
KLXE,91.17,91.32,91.32,100.05,105.48,100.11,42,45,48,45,,,,,
GSRFU,91.17,91.32,91.32,100.05,105.48,100.11,42,45,48,45,,,,,
LXFR,91.17,91.32,91.32,100.05,105.48,100.11,42,45,48,45,,,,,
EGHAU,91.17,91.32,91.32,100.05,105.48,100.11,42,45,48,45,,,,,
WTBA,91.17,91.32,91.32,100.05,105.48,100.11,42,45,48,45,,,,,
ACEL,91.17,91.32,91.32,100.05,105.48,100.11,42,45,48,45,,,,,
KOF,91.17,91.32,91.32,100.05,105.48,100.11,42,45,48,45,,,,,
LILA,91.17,91.32,91.32,100.05,105.48,100.11,42,45,48,45,,,,,
SAR,91.17,91.32,91.32,100.05,105.48,100.11,42,45,48,45,,,,,
KOYN,91.17,91.32,91.32,100.05,105.48,100.11,42,45,48,45,,,,,
SMTI,91.17,91.32,91.32,100.05,105.48,100.11,42,45,48,45,,,,,
COOP,91.17,91.32,91.32,100.05,105.48,100.11,42,45,48,45,,,,,
TIRX,91.17,91.32,91.32,100.05,105.48,100.11,42,45,48,45,,,,,
SSNC,91.17,91.32,91.32,100.05,105.48,100.11,42,45,48,45,,,,,
STG,91.17,91.32,91.32,100.05,105.48,100.11,42,45,48,45,,,,,
CTMX,91.17,91.32,91.32,100.05,105.48,100.11,42,45,48,45,,,,,
DDD,91.17,91.32,91.32,100.05,105.48,100.11,42,45,48,45,,,,,
WTFC,91.17,91.32,91.32,100.05,105.48,100.11,42,45,48,45,,,,,
EPSN,91.17,91.32,91.32,100.05,105.48,100.11,42,45,48,45,,,,,
GES,91.17,91.32,91.32,100.05,105.48,100.11,42,45,48,45,,,,,
ROP,91.17,91.32,91.32,100.05,105.48,100.11,42,45,48,45,,,,,
CLBK,91.17,91.32,91.32,100.05,105.48,100.11,42,45,48,45,,,,,
BFC,91.17,91.32,91.32,100.05,105.48,100.11,42,45,48,45,,,,,
VNCE,91.17,91.32,91.32,100.05,105.48,100.11,42,45,48,45,,,,,
RITR,91.17,91.32,91.32,100.05,105.48,100.11,42,45,48,45,,,,,
BPYPP,91.17,91.32,91.32,100.05,105.48,100.11,42,45,48,45,,,,,
OPTX,91.17,91.32,91.32,100.05,105.48,100.11,42,45,48,45,,,,,
FIGX,91.17,91.32,91.32,100.05,105.48,100.11,42,45,48,45,,,,,
CRGY,91.17,91.32,91.32,100.05,105.48,100.11,42,45,48,45,,,,,
JXG,91.17,91.32,91.32,100.05,105.48,100.11,42,45,48,45,,,,,
USIO,91.17,91.32,91.32,100.05,105.48,100.11,42,45,48,45,,,,,
PFS,91.17,91.32,91.32,100.05,105.48,100.11,42,45,48,45,,,,,
FF,91.17,91.32,91.32,100.05,105.48,100.11,42,45,48,45,,,,,
GEL,91.17,91.32,91.32,100.05,105.48,100.11,42,45,48,45,,,,,
PBPB,91.17,91.32,91.32,100.05,105.48,100.11,42,45,48,45,,,,,
IVP,91.17,91.32,91.32,100.05,105.48,100.11,42,45,48,45,,,,,
AGM,91.17,91.32,91.32,100.05,105.48,100.11,42,45,48,45,,,,,
XOS,91.17,91.32,91.32,100.05,105.48,100.11,42,45,48,45,,,,,
RPD,91.17,91.32,91.32,100.05,105.48,100.11,42,45,48,45,,,,,
MDIA,91.17,91.32,91.32,100.05,105.48,100.11,42,45,48,45,,,,,
RTO,91.17,91.32,91.32,100.05,105.48,100.11,42,45,48,45,,,,,
HL,91.17,91.32,91.32,100.05,105.48,100.11,42,45,48,45,,,,,
ATHE,91.17,91.32,91.32,100.05,105.48,100.11,42,45,48,45,,,,,
IHT,91.17,91.32,91.32,100.05,105.48,100.11,42,45,48,45,,,,,
GENK,91.17,91.32,91.32,100.05,105.48,100.11,42,45,48,45,,,,,
SPHL,91.17,91.32,91.32,100.05,105.48,100.11,42,45,48,45,,,,,
EFC,91.17,91.32,91.32,100.05,105.48,100.11,42,45,48,45,,,,,
EPRT,91.17,91.32,91.32,100.05,105.48,100.11,42,45,48,45,,,,,
JACS,91.17,91.32,91.32,100.05,105.48,100.11,42,45,48,45,,,,,
CINT,91.17,91.32,91.32,100.05,105.48,100.11,42,45,48,45,,,,,
COIN,91.17,91.32,91.32,100.05,105.48,100.11,42,45,48,45,,,,,
PINE,91.17,91.32,91.32,100.05,105.48,100.11,42,45,48,45,,,,,
DIT,91.17,91.32,91.32,100.05,105.48,100.11,42,45,48,45,,,,,
LOW,91.17,91.32,91.32,100.05,105.48,100.11,42,45,48,45,,,,,
TELO,91.17,91.32,91.32,100.05,105.48,100.11,42,45,48,45,,,,,
VHI,91.17,91.32,91.32,100.05,105.48,100.11,42,45,48,45,,,,,
NGL,91.17,91.32,91.32,100.05,105.48,100.11,42,45,48,45,,,,,
AOUT,91.17,91.32,91.32,100.05,105.48,100.11,42,45,48,45,,,,,
BDSX,91.17,91.32,91.32,100.05,105.48,100.11,42,45,48,45,,,,,
KZR,91.17,91.32,91.32,100.05,105.48,100.11,42,45,48,45,,,,,
CCL,91.17,91.32,91.32,100.05,105.48,100.11,42,45,48,45,,,,,
GCBC,91.17,91.32,91.32,100.05,105.48,100.11,42,45,48,45,,,,,
IRM,91.17,91.32,91.32,100.05,105.48,100.11,42,45,48,45,,,,,
CGBD,91.17,91.32,91.32,100.05,105.48,100.11,42,45,48,45,,,,,
KFII,91.17,91.32,91.32,100.05,105.48,100.11,42,45,48,45,,,,,
HTB,91.17,91.32,91.32,100.05,105.48,100.11,42,45,48,45,,,,,
DMAAU,91.17,91.32,91.32,100.05,105.48,100.11,42,45,48,45,,,,,
SNCR,91.17,91.32,91.32,100.05,105.48,100.11,42,45,48,45,,,,,
WORX,91.17,91.32,91.32,100.05,105.48,100.11,42,45,48,45,,,,,
SFWL,91.17,91.32,91.32,100.05,105.48,100.11,42,45,48,45,,,,,
BLBD,91.17,91.32,91.32,100.05,105.48,100.11,42,45,48,45,,,,,
APLS,91.17,91.32,91.32,100.05,105.48,100.11,42,45,48,45,,,,,
IMAB,91.17,91.32,91.32,100.05,105.48,100.11,42,45,48,45,,,,,
TOP,91.17,91.32,91.32,100.05,105.48,100.11,42,45,48,45,,,,,
NNE,91.17,91.32,91.32,100.05,105.48,100.11,42,45,48,45,,,,,
PTEN,91.17,91.32,91.32,100.05,105.48,100.11,42,45,48,45,,,,,
NVGS,91.17,91.32,91.32,100.05,105.48,100.11,42,45,48,45,,,,,
MAAS,91.17,91.32,91.32,100.05,105.48,100.11,42,45,48,45,,,,,
CDLR,91.17,91.32,91.32,100.05,105.48,100.11,42,45,48,45,,,,,
BLRX,91.17,91.32,91.32,100.05,105.48,100.11,42,45,48,45,,,,,
ANPA,91.17,91.32,91.32,100.05,105.48,100.11,42,45,48,45,,,,,
NTRA,91.17,91.32,91.32,100.05,105.48,100.11,42,45,48,45,,,,,
TSAT,91.17,91.32,91.32,100.05,105.48,100.11,42,45,48,45,,,,,
TMHC,91.17,91.32,91.32,100.05,105.48,100.11,42,45,48,45,,,,,
GNTX,91.17,91.32,91.32,100.05,105.48,100.11,42,45,48,45,,,,,
CPRX,91.17,91.32,91.32,100.05,105.48,100.11,42,45,48,45,,,,,
RENB,91.17,91.32,91.32,100.05,105.48,100.11,42,45,48,45,,,,,
ITRN,91.17,91.32,91.32,100.05,105.48,100.11,42,45,48,45,,,,,
CNDT,91.17,91.32,91.32,100.05,105.48,100.11,42,45,48,45,,,,,
AIMD,91.17,91.32,91.32,100.05,105.48,100.11,42,45,48,45,,,,,
FHTX,91.17,91.32,91.32,100.05,105.48,100.11,42,45,48,45,,,,,
CRT,91.17,91.32,91.32,100.05,105.48,100.11,42,45,48,45,,,,,
NN,91.17,91.32,91.32,100.05,105.48,100.11,42,45,48,45,,,,,
ISPC,91.17,91.32,91.32,100.05,105.48,100.11,42,45,48,45,,,,,
SEER,91.17,91.32,91.32,100.05,105.48,100.11,42,45,48,45,,,,,
VIAV,91.17,91.32,91.32,100.05,105.48,100.11,42,45,48,45,,,,,
SARO,91.17,91.32,91.32,100.05,105.48,100.11,42,45,48,45,,,,,
BRNS,91.17,91.32,91.32,100.05,105.48,100.11,42,45,48,45,,,,,
SIG,91.17,91.32,91.32,100.05,105.48,100.11,42,45,48,45,,,,,
ATMC,91.17,91.32,91.32,100.05,105.48,100.11,42,45,48,45,,,,,
DOOO,91.17,91.32,91.32,100.05,105.48,100.11,42,45,48,45,,,,,
SPTN,91.17,91.32,91.32,100.05,105.48,100.11,42,45,48,45,,,,,
MAGH,91.17,91.32,91.32,100.05,105.48,100.11,42,45,48,45,,,,,
BRTX,91.17,91.32,91.32,100.05,105.48,100.11,42,45,48,45,,,,,
PAHC,91.17,91.32,91.32,100.05,105.48,100.11,42,45,48,45,,,,,
BEAM,91.17,91.32,91.32,100.05,105.48,100.11,42,45,48,45,,,,,
IMO,91.17,91.32,91.32,100.05,105.48,100.11,42,45,48,45,,,,,
HUYA,91.17,91.32,91.32,100.05,105.48,100.11,42,45,48,45,,,,,
MAGN,91.17,91.32,91.32,100.05,105.48,100.11,42,45,48,45,,,,,
VTOL,91.17,91.32,91.32,100.05,105.48,100.11,42,45,48,45,,,,,
PLPC,91.17,91.32,91.32,100.05,105.48,100.11,42,45,48,45,,,,,
BEDU,91.17,91.32,91.32,100.05,105.48,100.11,42,45,48,45,,,,,
TXRH,91.17,91.32,91.32,100.05,105.48,100.11,42,45,48,45,,,,,
ARMP,91.17,91.32,91.32,100.05,105.48,100.11,42,45,48,45,,,,,
QETAU,91.17,91.32,91.32,100.05,105.48,100.11,42,45,48,45,,,,,
CARL,91.17,91.32,91.32,100.05,105.48,100.11,42,45,48,45,,,,,
BKR,91.17,91.32,91.32,100.05,105.48,100.11,42,45,48,45,,,,,
TRIP,91.17,91.32,91.32,100.05,105.48,100.11,42,45,48,45,,,,,
SCHL,91.17,91.32,91.32,100.05,105.48,100.11,42,45,48,45,,,,,
SAIL,91.17,91.32,91.32,100.05,105.48,100.11,42,45,48,45,,,,,
CMCT,91.17,91.32,91.32,100.05,105.48,100.11,42,45,48,45,,,,,
ADTN,91.17,91.32,91.32,100.05,105.48,100.11,42,45,48,45,,,,,
BYSI,91.17,91.32,91.32,100.05,105.48,100.11,42,45,48,45,,,,,
MOD,91.17,91.32,91.32,100.05,105.48,100.11,42,45,48,45,,,,,
NRDY,91.17,91.32,91.32,100.05,105.48,100.11,42,45,48,45,,,,,
LBRDA,91.17,91.32,91.32,100.05,105.48,100.11,42,45,48,45,,,,,
VICI,91.17,91.32,91.32,100.05,105.48,100.11,42,45,48,45,,,,,
MKLYU,91.17,91.32,91.32,100.05,105.48,100.11,42,45,48,45,,,,,
ATMU,91.17,91.32,91.32,100.05,105.48,100.11,42,45,48,45,,,,,
LAB,91.17,91.32,91.32,100.05,105.48,100.11,42,45,48,45,,,,,
RRBI,91.17,91.32,91.32,100.05,105.48,100.11,42,45,48,45,,,,,
TNMG,91.17,91.32,91.32,100.05,105.48,100.11,42,45,48,45,,,,,
IBOC,91.17,91.32,91.32,100.05,105.48,100.11,42,45,48,45,,,,,
COSO,91.17,91.32,91.32,100.05,105.48,100.11,42,45,48,45,,,,,
ERII,91.17,91.32,91.32,100.05,105.48,100.11,42,45,48,45,,,,,
BBGI,91.17,91.32,91.32,100.05,105.48,100.11,42,45,48,45,,,,,
ULS,91.17,91.32,91.32,100.05,105.48,100.11,42,45,48,45,,,,,
DAN,91.17,91.32,91.32,100.05,105.48,100.11,42,45,48,45,,,,,
BEAG,91.17,91.32,91.32,100.05,105.48,100.11,42,45,48,45,,,,,
BSM,91.17,91.32,91.32,100.05,105.48,100.11,42,45,48,45,,,,,
XBP,91.17,91.32,91.32,100.05,105.48,100.11,42,45,48,45,,,,,
GTES,91.17,91.32,91.32,100.05,105.48,100.11,42,45,48,45,,,,,
PHLT,91.17,91.32,91.32,100.05,105.48,100.11,42,45,48,45,,,,,
DNA,91.17,91.32,91.32,100.05,105.48,100.11,42,45,48,45,,,,,
BKNG,91.17,91.32,91.32,100.05,105.48,100.11,42,45,48,45,,,,,
SRRK,91.17,91.32,91.32,100.05,105.48,100.11,42,45,48,45,,,,,
ASTL,91.17,91.32,91.32,100.05,105.48,100.11,42,45,48,45,,,,,
USB,91.17,91.32,91.32,100.05,105.48,100.11,42,45,48,45,,,,,
JOBY,91.17,91.32,91.32,100.05,105.48,100.11,42,45,48,45,,,,,
PAMT,91.17,91.32,91.32,100.05,105.48,100.11,42,45,48,45,,,,,
BXMT,91.17,91.32,91.32,100.05,105.48,100.11,42,45,48,45,,,,,
IMTX,91.17,91.32,91.32,100.05,105.48,100.11,42,45,48,45,,,,,
BCSF,91.17,91.32,91.32,100.05,105.48,100.11,42,45,48,45,,,,,
JD,91.17,91.32,91.32,100.05,105.48,100.11,42,45,48,45,,,,,
KSPI,91.17,91.32,91.32,100.05,105.48,100.11,42,45,48,45,,,,,
BNZI,91.17,91.32,91.32,100.05,105.48,100.11,42,45,48,45,,,,,
LWAC,91.17,91.32,91.32,100.05,105.48,100.11,42,45,48,45,,,,,
HBI,91.17,91.32,91.32,100.05,105.48,100.11,42,45,48,45,,,,,
HVIIU,91.17,91.32,91.32,100.05,105.48,100.11,42,45,48,45,,,,,
TIVC,91.17,91.32,91.32,100.05,105.48,100.11,42,45,48,45,,,,,
NFE,91.17,91.32,91.32,100.05,105.48,100.11,42,45,48,45,,,,,
SVCCU,91.17,91.32,91.32,100.05,105.48,100.11,42,45,48,45,,,,,
TSM,91.17,91.32,91.32,100.05,105.48,100.11,42,45,48,45,,,,,
GRNQ,91.17,91.32,91.32,100.05,105.48,100.11,42,45,48,45,,,,,
VREX,91.17,91.32,91.32,100.05,105.48,100.11,42,45,48,45,,,,,
ATER,91.17,91.32,91.32,100.05,105.48,100.11,42,45,48,45,,,,,
FORTY,91.17,91.32,91.32,100.05,105.48,100.11,42,45,48,45,,,,,
UEIC,91.17,91.32,91.32,100.05,105.48,100.11,42,45,48,45,,,,,
YDES,91.17,91.32,91.32,100.05,105.48,100.11,42,45,48,45,,,,,
ONBPP,91.17,91.32,91.32,100.05,105.48,100.11,42,45,48,45,,,,,
TRIN,91.17,91.32,91.32,100.05,105.48,100.11,42,45,48,45,,,,,
MELI,91.17,91.32,91.32,100.05,105.48,100.11,42,45,48,45,,,,,
FGMC,91.17,91.32,91.32,100.05,105.48,100.11,42,45,48,45,,,,,
ESHA,91.17,91.32,91.32,100.05,105.48,100.11,42,45,48,45,,,,,
INSP,91.17,91.32,91.32,100.05,105.48,100.11,42,45,48,45,,,,,
HPP,91.17,91.32,91.32,100.05,105.48,100.11,42,45,48,45,,,,,
WFG,91.17,91.32,91.32,100.05,105.48,100.11,42,45,48,45,,,,,
VZ,91.17,91.32,91.32,100.05,105.48,100.11,42,45,48,45,,,,,
CRBU,91.17,91.32,91.32,100.05,105.48,100.11,42,45,48,45,,,,,
KGEI,91.17,91.32,91.32,100.05,105.48,100.11,42,45,48,45,,,,,
AVB,91.17,91.32,91.32,100.05,105.48,100.11,42,45,48,45,,,,,
NIVF,91.17,91.32,91.32,100.05,105.48,100.11,42,45,48,45,,,,,
FCPT,91.17,91.32,91.32,100.05,105.48,100.11,42,45,48,45,,,,,
DOLE,91.17,91.32,91.32,100.05,105.48,100.11,42,45,48,45,,,,,
HKIT,91.17,91.32,91.32,100.05,105.48,100.11,42,45,48,45,,,,,
CINF,91.17,91.32,91.32,100.05,105.48,100.11,42,45,48,45,,,,,
IX,91.17,91.32,91.32,100.05,105.48,100.11,42,45,48,45,,,,,
HONE,91.17,91.32,91.32,100.05,105.48,100.11,42,45,48,45,,,,,
AGCO,91.17,91.32,91.32,100.05,105.48,100.11,42,45,48,45,,,,,
MO,91.17,91.32,91.32,100.05,105.48,100.11,42,45,48,45,,,,,
FRBA,91.17,91.32,91.32,100.05,105.48,100.11,42,45,48,45,,,,,
HSPT,91.17,91.32,91.32,100.05,105.48,100.11,42,45,48,45,,,,,
BOWNU,91.17,91.32,91.32,100.05,105.48,100.11,42,45,48,45,,,,,
HMC,91.17,91.32,91.32,100.05,105.48,100.11,42,45,48,45,,,,,
TU,91.17,91.32,91.32,100.05,105.48,100.11,42,45,48,45,,,,,
BHAT,91.17,91.32,91.32,100.05,105.48,100.11,42,45,48,45,,,,,
DXR,91.17,91.32,91.32,100.05,105.48,100.11,42,45,48,45,,,,,
TERN,91.17,91.32,91.32,100.05,105.48,100.11,42,45,48,45,,,,,
SHOO,91.17,91.32,91.32,100.05,105.48,100.11,42,45,48,45,,,,,
WYHG,91.17,91.32,91.32,100.05,105.48,100.11,42,45,48,45,,,,,
ORI,91.17,91.32,91.32,100.05,105.48,100.11,42,45,48,45,,,,,
WAB,91.17,91.32,91.32,100.05,105.48,100.11,42,45,48,45,,,,,
CNOB,91.17,91.32,91.32,100.05,105.48,100.11,42,45,48,45,,,,,
PNTG,91.17,91.32,91.32,100.05,105.48,100.11,42,45,48,45,,,,,
MYSE,91.17,91.32,91.32,100.05,105.48,100.11,42,45,48,45,,,,,
LXP,91.17,91.32,91.32,100.05,105.48,100.11,42,45,48,45,,,,,
FISI,91.17,91.32,91.32,100.05,105.48,100.11,42,45,48,45,,,,,
FTI,91.17,91.32,91.32,100.05,105.48,100.11,42,45,48,45,,,,,
PESI,91.17,91.32,91.32,100.05,105.48,100.11,42,45,48,45,,,,,
PDFS,91.17,91.32,91.32,100.05,105.48,100.11,42,45,48,45,,,,,
PEG,91.17,91.32,91.32,100.05,105.48,100.11,42,45,48,45,,,,,
HUIZ,91.17,91.32,91.32,100.05,105.48,100.11,42,45,48,45,,,,,
CLVT,91.17,91.32,91.32,100.05,105.48,100.11,42,45,48,45,,,,,
CM,91.17,91.32,91.32,100.05,105.48,100.11,42,45,48,45,,,,,
CLS,91.17,91.32,91.32,100.05,105.48,100.11,42,45,48,45,,,,,
OFS,91.17,91.32,91.32,100.05,105.48,100.11,42,45,48,45,,,,,
CVR,91.17,91.32,91.32,100.05,105.48,100.11,42,45,48,45,,,,,
ULTA,91.17,91.32,91.32,100.05,105.48,100.11,42,45,48,45,,,,,
MBWM,91.17,91.32,91.32,100.05,105.48,100.11,42,45,48,45,,,,,
WAFU,91.17,91.32,91.32,100.05,105.48,100.11,42,45,48,45,,,,,
OP,91.17,91.32,91.32,100.05,105.48,100.11,42,45,48,45,,,,,
FACTU,91.17,91.32,91.32,100.05,105.48,100.11,42,45,48,45,,,,,
BSY,91.17,91.32,91.32,100.05,105.48,100.11,42,45,48,45,,,,,
BOF,91.17,91.32,91.32,100.05,105.48,100.11,42,45,48,45,,,,,
HDL,91.17,91.32,91.32,100.05,105.48,100.11,42,45,48,45,,,,,
RKLB,91.17,91.32,91.32,100.05,105.48,100.11,42,45,48,45,,,,,
MOV,91.17,91.32,91.32,100.05,105.48,100.11,42,45,48,45,,,,,
LGCB,91.17,91.32,91.32,100.05,105.48,100.11,42,45,48,45,,,,,
GIG,91.17,91.32,91.32,100.05,105.48,100.11,42,45,48,45,,,,,
XRX,91.17,91.32,91.32,100.05,105.48,100.11,42,45,48,45,,,,,
PEW,91.17,91.32,91.32,100.05,105.48,100.11,42,45,48,45,,,,,
CLB,91.17,91.32,91.32,100.05,105.48,100.11,42,45,48,45,,,,,
CHARU,91.17,91.32,91.32,100.05,105.48,100.11,42,45,48,45,,,,,
CBAT,91.17,91.32,91.32,100.05,105.48,100.11,42,45,48,45,,,,,
CMC,91.17,91.32,91.32,100.05,105.48,100.11,42,45,48,45,,,,,
LPL,91.17,91.32,91.32,100.05,105.48,100.11,42,45,48,45,,,,,
SIMO,91.17,91.32,91.32,100.05,105.48,100.11,42,45,48,45,,,,,
PROF,91.17,91.32,91.32,100.05,105.48,100.11,42,45,48,45,,,,,
BMRA,91.17,91.32,91.32,100.05,105.48,100.11,42,45,48,45,,,,,
VSEC,91.17,91.32,91.32,100.05,105.48,100.11,42,45,48,45,,,,,
SID,91.17,91.32,91.32,100.05,105.48,100.11,42,45,48,45,,,,,
UPWK,91.17,91.32,91.32,100.05,105.48,100.11,42,45,48,45,,,,,
ALE,91.17,91.32,91.32,100.05,105.48,100.11,42,45,48,45,,,,,
STGW,91.17,91.32,91.32,100.05,105.48,100.11,42,45,48,45,,,,,
IMMP,91.17,91.32,91.32,100.05,105.48,100.11,42,45,48,45,,,,,
CTO,91.17,91.32,91.32,100.05,105.48,100.11,42,45,48,45,,,,,
GS,91.17,91.32,91.32,100.05,105.48,100.11,42,45,48,45,,,,,
HOTH,91.17,91.32,91.32,100.05,105.48,100.11,42,45,48,45,,,,,
AMBR,91.17,91.32,91.32,100.05,105.48,100.11,42,45,48,45,,,,,
CVLT,91.17,91.32,91.32,100.05,105.48,100.11,42,45,48,45,,,,,
FORA,91.17,91.32,91.32,100.05,105.48,100.11,42,45,48,45,,,,,
CYRX,91.17,91.32,91.32,100.05,105.48,100.11,42,45,48,45,,,,,
PXS,91.17,91.32,91.32,100.05,105.48,100.11,42,45,48,45,,,,,
NGD,91.17,91.32,91.32,100.05,105.48,100.11,42,45,48,45,,,,,
CCS,91.17,91.32,91.32,100.05,105.48,100.11,42,45,48,45,,,,,
BMRC,91.17,91.32,91.32,100.05,105.48,100.11,42,45,48,45,,,,,
KINS,91.17,91.32,91.32,100.05,105.48,100.11,42,45,48,45,,,,,
LYB,91.17,91.32,91.32,100.05,105.48,100.11,42,45,48,45,,,,,
CXW,91.17,91.32,91.32,100.05,105.48,100.11,42,45,48,45,,,,,
CRE,91.17,91.32,91.32,100.05,105.48,100.11,42,45,48,45,,,,,
MBINN,91.17,91.32,91.32,100.05,105.48,100.11,42,45,48,45,,,,,
MVIS,91.17,91.32,91.32,100.05,105.48,100.11,42,45,48,45,,,,,
VMAR,91.17,91.32,91.32,100.05,105.48,100.11,42,45,48,45,,,,,
PNBK,91.17,91.32,91.32,100.05,105.48,100.11,42,45,48,45,,,,,
MNDY,91.17,91.32,91.32,100.05,105.48,100.11,42,45,48,45,,,,,
QSG,91.17,91.32,91.32,100.05,105.48,100.11,42,45,48,45,,,,,
SOBR,91.17,91.32,91.32,100.05,105.48,100.11,42,45,48,45,,,,,
EARN,91.17,91.32,91.32,100.05,105.48,100.11,42,45,48,45,,,,,
G,91.17,91.32,91.32,100.05,105.48,100.11,42,45,48,45,,,,,
ALZN,91.17,91.32,91.32,100.05,105.48,100.11,42,45,48,45,,,,,
FNLC,91.17,91.32,91.32,100.05,105.48,100.11,42,45,48,45,,,,,
SKM,91.17,91.32,91.32,100.05,105.48,100.11,42,45,48,45,,,,,
TRMB,91.17,91.32,91.32,100.05,105.48,100.11,42,45,48,45,,,,,
BAM,91.17,91.32,91.32,100.05,105.48,100.11,42,45,48,45,,,,,
TEVA,91.17,91.32,91.32,100.05,105.48,100.11,42,45,48,45,,,,,
CLF,91.17,91.32,91.32,100.05,105.48,100.11,42,45,48,45,,,,,
ASH,91.17,91.32,91.32,100.05,105.48,100.11,42,45,48,45,,,,,
BNL,91.17,91.32,91.32,100.05,105.48,100.11,42,45,48,45,,,,,
UTSI,91.17,91.32,91.32,100.05,105.48,100.11,42,45,48,45,,,,,
SMWB,91.17,91.32,91.32,100.05,105.48,100.11,42,45,48,45,,,,,
SVC,91.17,91.32,91.32,100.05,105.48,100.11,42,45,48,45,,,,,
WYY,91.17,91.32,91.32,100.05,105.48,100.11,42,45,48,45,,,,,
COYA,91.17,91.32,91.32,100.05,105.48,100.11,42,45,48,45,,,,,
MTG,91.17,91.32,91.32,100.05,105.48,100.11,42,45,48,45,,,,,
KULR,91.17,91.32,91.32,100.05,105.48,100.11,42,45,48,45,,,,,
MSCI,91.17,91.32,91.32,100.05,105.48,100.11,42,45,48,45,,,,,
TRP,91.17,91.32,91.32,100.05,105.48,100.11,42,45,48,45,,,,,
CCEC,91.17,91.32,91.32,100.05,105.48,100.11,42,45,48,45,,,,,
HBANL,91.17,91.32,91.32,100.05,105.48,100.11,42,45,48,45,,,,,
YGMZ,91.17,91.32,91.32,100.05,105.48,100.11,42,45,48,45,,,,,
LAZR,91.17,91.32,91.32,100.05,105.48,100.11,42,45,48,45,,,,,
DGX,91.17,91.32,91.32,100.05,105.48,100.11,42,45,48,45,,,,,
BEAT,91.17,91.32,91.32,100.05,105.48,100.11,42,45,48,45,,,,,
SRPT,91.17,91.32,91.32,100.05,105.48,100.11,42,45,48,45,,,,,
MRX,91.17,91.32,91.32,100.05,105.48,100.11,42,45,48,45,,,,,
NEXT,91.17,91.32,91.32,100.05,105.48,100.11,42,45,48,45,,,,,
ESPR,91.17,91.32,91.32,100.05,105.48,100.11,42,45,48,45,,,,,
DTIL,91.17,91.32,91.32,100.05,105.48,100.11,42,45,48,45,,,,,
APM,91.17,91.32,91.32,100.05,105.48,100.11,42,45,48,45,,,,,
SILA,91.17,91.32,91.32,100.05,105.48,100.11,42,45,48,45,,,,,
BIOX,91.17,91.32,91.32,100.05,105.48,100.11,42,45,48,45,,,,,
IMA,91.17,91.32,91.32,100.05,105.48,100.11,42,45,48,45,,,,,
ESLA,91.17,91.32,91.32,100.05,105.48,100.11,42,45,48,45,,,,,
WHD,91.17,91.32,91.32,100.05,105.48,100.11,42,45,48,45,,,,,
EZGO,91.17,91.32,91.32,100.05,105.48,100.11,42,45,48,45,,,,,
FOSL,91.17,91.32,91.32,100.05,105.48,100.11,42,45,48,45,,,,,
CNNE,91.17,91.32,91.32,100.05,105.48,100.11,42,45,48,45,,,,,
NLSP,91.17,91.32,91.32,100.05,105.48,100.11,42,45,48,45,,,,,
FSK,91.17,91.32,91.32,100.05,105.48,100.11,42,45,48,45,,,,,
PDLB,91.17,91.32,91.32,100.05,105.48,100.11,42,45,48,45,,,,,
PNW,91.17,91.32,91.32,100.05,105.48,100.11,42,45,48,45,,,,,
KEN,91.17,91.32,91.32,100.05,105.48,100.11,42,45,48,45,,,,,
ELV,91.17,91.32,91.32,100.05,105.48,100.11,42,45,48,45,,,,,
PHIN,91.17,91.32,91.32,100.05,105.48,100.11,42,45,48,45,,,,,
REAX,91.17,91.32,91.32,100.05,105.48,100.11,42,45,48,45,,,,,
MAPS,91.17,91.32,91.32,100.05,105.48,100.11,42,45,48,45,,,,,
DGICA,91.17,91.32,91.32,100.05,105.48,100.11,42,45,48,45,,,,,
OCC,91.17,91.32,91.32,100.05,105.48,100.11,42,45,48,45,,,,,
BSLK,91.17,91.32,91.32,100.05,105.48,100.11,42,45,48,45,,,,,
MRSN,91.17,91.32,91.32,100.05,105.48,100.11,42,45,48,45,,,,,
AIRJ,91.17,91.32,91.32,100.05,105.48,100.11,42,45,48,45,,,,,
SONO,91.17,91.32,91.32,100.05,105.48,100.11,42,45,48,45,,,,,
NOW,91.17,91.32,91.32,100.05,105.48,100.11,42,45,48,45,,,,,
PMVP,91.17,91.32,91.32,100.05,105.48,100.11,42,45,48,45,,,,,
CCII,91.17,91.32,91.32,100.05,105.48,100.11,42,45,48,45,,,,,
CBNK,91.17,91.32,91.32,100.05,105.48,100.11,42,45,48,45,,,,,
DUOT,91.17,91.32,91.32,100.05,105.48,100.11,42,45,48,45,,,,,
CCNEP,91.17,91.32,91.32,100.05,105.48,100.11,42,45,48,45,,,,,
IBM,91.17,91.32,91.32,100.05,105.48,100.11,42,45,48,45,,,,,
GV,91.17,91.32,91.32,100.05,105.48,100.11,42,45,48,45,,,,,
HQY,91.17,91.32,91.32,100.05,105.48,100.11,42,45,48,45,,,,,
IOTR,91.17,91.32,91.32,100.05,105.48,100.11,42,45,48,45,,,,,
III,91.17,91.32,91.32,100.05,105.48,100.11,42,45,48,45,,,,,
CARS,91.17,91.32,91.32,100.05,105.48,100.11,42,45,48,45,,,,,
OHI,91.17,91.32,91.32,100.05,105.48,100.11,42,45,48,45,,,,,
SBH,91.17,91.32,91.32,100.05,105.48,100.11,42,45,48,45,,,,,
KVHI,91.17,91.32,91.32,100.05,105.48,100.11,42,45,48,45,,,,,
GIS,91.17,91.32,91.32,100.05,105.48,100.11,42,45,48,45,,,,,
OXY,91.17,91.32,91.32,100.05,105.48,100.11,42,45,48,45,,,,,
UCAR,91.17,91.32,91.32,100.05,105.48,100.11,42,45,48,45,,,,,
GLTO,91.17,91.32,91.32,100.05,105.48,100.11,42,45,48,45,,,,,
WCT,91.17,91.32,91.32,100.05,105.48,100.11,42,45,48,45,,,,,
VALE,91.17,91.32,91.32,100.05,105.48,100.11,42,45,48,45,,,,,
GLBS,91.17,91.32,91.32,100.05,105.48,100.11,42,45,48,45,,,,,
KNSA,91.17,91.32,91.32,100.05,105.48,100.11,42,45,48,45,,,,,
ROG,91.17,91.32,91.32,100.05,105.48,100.11,42,45,48,45,,,,,
AZTR,91.17,91.32,91.32,100.05,105.48,100.11,42,45,48,45,,,,,
ARL,91.17,91.32,91.32,100.05,105.48,100.11,42,45,48,45,,,,,
BRSP,91.17,91.32,91.32,100.05,105.48,100.11,42,45,48,45,,,,,
BFIN,91.17,91.32,91.32,100.05,105.48,100.11,42,45,48,45,,,,,
OFLX,91.17,91.32,91.32,100.05,105.48,100.11,42,45,48,45,,,,,
PHM,91.17,91.32,91.32,100.05,105.48,100.11,42,45,48,45,,,,,
DLX,91.17,91.32,91.32,100.05,105.48,100.11,42,45,48,45,,,,,
BLIV,91.17,91.32,91.32,100.05,105.48,100.11,42,45,48,45,,,,,
HAL,91.17,91.32,91.32,100.05,105.48,100.11,42,45,48,45,,,,,
RDZN,91.17,91.32,91.32,100.05,105.48,100.11,42,45,48,45,,,,,
SRXH,91.17,91.32,91.32,100.05,105.48,100.11,42,45,48,45,,,,,
AGNCO,91.17,91.32,91.32,100.05,105.48,100.11,42,45,48,45,,,,,
PGAC,91.17,91.32,91.32,100.05,105.48,100.11,42,45,48,45,,,,,
GRCE,91.17,91.32,91.32,100.05,105.48,100.11,42,45,48,45,,,,,
PANL,91.17,91.32,91.32,100.05,105.48,100.11,42,45,48,45,,,,,
TCMD,91.17,91.32,91.32,100.05,105.48,100.11,42,45,48,45,,,,,
AKBA,91.17,91.32,91.32,100.05,105.48,100.11,42,45,48,45,,,,,
RAC,91.17,91.32,91.32,100.05,105.48,100.11,42,45,48,45,,,,,
PRLB,91.17,91.32,91.32,100.05,105.48,100.11,42,45,48,45,,,,,
CVGI,91.17,91.32,91.32,100.05,105.48,100.11,42,45,48,45,,,,,
ANTA,91.17,91.32,91.32,100.05,105.48,100.11,42,45,48,45,,,,,
VSCO,91.17,91.32,91.32,100.05,105.48,100.11,42,45,48,45,,,,,
AXS,91.17,91.32,91.32,100.05,105.48,100.11,42,45,48,45,,,,,
LYG,91.17,91.32,91.32,100.05,105.48,100.11,42,45,48,45,,,,,
GTM,91.17,91.32,91.32,100.05,105.48,100.11,42,45,48,45,,,,,
MNTN,91.17,91.32,91.32,100.05,105.48,100.11,42,45,48,45,,,,,
LCFY,91.17,91.32,91.32,100.05,105.48,100.11,42,45,48,45,,,,,
ABEV,91.17,91.32,91.32,100.05,105.48,100.11,42,45,48,45,,,,,
VBNK,91.17,91.32,91.32,100.05,105.48,100.11,42,45,48,45,,,,,
LH,91.17,91.32,91.32,100.05,105.48,100.11,42,45,48,45,,,,,
LYTS,91.17,91.32,91.32,100.05,105.48,100.11,42,45,48,45,,,,,
NABL,91.17,91.32,91.32,100.05,105.48,100.11,42,45,48,45,,,,,
YSG,91.17,91.32,91.32,100.05,105.48,100.11,42,45,48,45,,,,,
WB,91.17,91.32,91.32,100.05,105.48,100.11,42,45,48,45,,,,,
EXE,91.17,91.32,91.32,100.05,105.48,100.11,42,45,48,45,,,,,
VGAS,91.17,91.32,91.32,100.05,105.48,100.11,42,45,48,45,,,,,
CNI,91.17,91.32,91.32,100.05,105.48,100.11,42,45,48,45,,,,,
LBRDK,91.17,91.32,91.32,100.05,105.48,100.11,42,45,48,45,,,,,
PDCC,91.17,91.32,91.32,100.05,105.48,100.11,42,45,48,45,,,,,
WYFI,91.17,91.32,91.32,100.05,105.48,100.11,42,45,48,45,,,,,
LADR,91.17,91.32,91.32,100.05,105.48,100.11,42,45,48,45,,,,,
PATH,91.17,91.32,91.32,100.05,105.48,100.11,42,45,48,45,,,,,
BBDC,91.17,91.32,91.32,100.05,105.48,100.11,42,45,48,45,,,,,
ARE,91.17,91.32,91.32,100.05,105.48,100.11,42,45,48,45,,,,,
SKK,91.17,91.32,91.32,100.05,105.48,100.11,42,45,48,45,,,,,
WDH,91.17,91.32,91.32,100.05,105.48,100.11,42,45,48,45,,,,,
HNVR,91.17,91.32,91.32,100.05,105.48,100.11,42,45,48,45,,,,,
PAVS,91.17,91.32,91.32,100.05,105.48,100.11,42,45,48,45,,,,,
OTF,91.17,91.32,91.32,100.05,105.48,100.11,42,45,48,45,,,,,
NCL,91.17,91.32,91.32,100.05,105.48,100.11,42,45,48,45,,,,,
GBFH,91.17,91.32,91.32,100.05,105.48,100.11,42,45,48,45,,,,,
NCLH,91.17,91.32,91.32,100.05,105.48,100.11,42,45,48,45,,,,,
CNFR,91.17,91.32,91.32,100.05,105.48,100.11,42,45,48,45,,,,,
BIRD,91.17,91.32,91.32,100.05,105.48,100.11,42,45,48,45,,,,,
SCI,91.17,91.32,91.32,100.05,105.48,100.11,42,45,48,45,,,,,
TWNP,91.17,91.32,91.32,100.05,105.48,100.11,42,45,48,45,,,,,
JBIO,91.17,91.32,91.32,100.05,105.48,100.11,42,45,48,45,,,,,
EPAC,91.17,91.32,91.32,100.05,105.48,100.11,42,45,48,45,,,,,
CUB,91.17,91.32,91.32,100.05,105.48,100.11,42,45,48,45,,,,,
GFR,91.17,91.32,91.32,100.05,105.48,100.11,42,45,48,45,,,,,
GSK,91.17,91.32,91.32,100.05,105.48,100.11,42,45,48,45,,,,,
MHUA,91.17,91.32,91.32,100.05,105.48,100.11,42,45,48,45,,,,,
MDV,91.17,91.32,91.32,100.05,105.48,100.11,42,45,48,45,,,,,
GMAB,91.17,91.32,91.32,100.05,105.48,100.11,42,45,48,45,,,,,
LOOP,91.17,91.32,91.32,100.05,105.48,100.11,42,45,48,45,,,,,
TKC,91.17,91.32,91.32,100.05,105.48,100.11,42,45,48,45,,,,,
BCML,91.17,91.32,91.32,100.05,105.48,100.11,42,45,48,45,,,,,
AMTX,91.17,91.32,91.32,100.05,105.48,100.11,42,45,48,45,,,,,
REE,91.17,91.32,91.32,100.05,105.48,100.11,42,45,48,45,,,,,
CROX,91.17,91.32,91.32,100.05,105.48,100.11,42,45,48,45,,,,,
KYMR,91.17,91.32,91.32,100.05,105.48,100.11,42,45,48,45,,,,,
IRBT,91.17,91.32,91.32,100.05,105.48,100.11,42,45,48,45,,,,,
TAL,91.17,91.32,91.32,100.05,105.48,100.11,42,45,48,45,,,,,
MSC,91.17,91.32,91.32,100.05,105.48,100.11,42,45,48,45,,,,,
VEEA,91.17,91.32,91.32,100.05,105.48,100.11,42,45,48,45,,,,,
ANIX,91.17,91.32,91.32,100.05,105.48,100.11,42,45,48,45,,,,,
INVE,91.17,91.32,91.32,100.05,105.48,100.11,42,45,48,45,,,,,
ACET,91.17,91.32,91.32,100.05,105.48,100.11,42,45,48,45,,,,,
VVPR,91.17,91.32,91.32,100.05,105.48,100.11,42,45,48,45,,,,,
WAY,91.17,91.32,91.32,100.05,105.48,100.11,42,45,48,45,,,,,
ZIONP,91.17,91.32,91.32,100.05,105.48,100.11,42,45,48,45,,,,,
COMP,91.17,91.32,91.32,100.05,105.48,100.11,42,45,48,45,,,,,
DMAA,91.17,91.32,91.32,100.05,105.48,100.11,42,45,48,45,,,,,
IMNN,91.17,91.32,91.32,100.05,105.48,100.11,42,45,48,45,,,,,
AAPL,91.17,91.32,91.32,100.05,105.48,100.11,42,45,48,45,,,,,
CDRO,91.17,91.32,91.32,100.05,105.48,100.11,42,45,48,45,,,,,
NTES,91.17,91.32,91.32,100.05,105.48,100.11,42,45,48,45,,,,,
CPBI,91.17,91.32,91.32,100.05,105.48,100.11,42,45,48,45,,,,,
GLUE,91.17,91.32,91.32,100.05,105.48,100.11,42,45,48,45,,,,,
FCHL,91.17,91.32,91.32,100.05,105.48,100.11,42,45,48,45,,,,,
IPX,91.17,91.32,91.32,100.05,105.48,100.11,42,45,48,45,,,,,
BBY,91.17,91.32,91.32,100.05,105.48,100.11,42,45,48,45,,,,,
ZYXI,91.17,91.32,91.32,100.05,105.48,100.11,42,45,48,45,,,,,
CLDT,91.17,91.32,91.32,100.05,105.48,100.11,42,45,48,45,,,,,
HMY,91.17,91.32,91.32,100.05,105.48,100.11,42,45,48,45,,,,,
PRPH,91.17,91.32,91.32,100.05,105.48,100.11,42,45,48,45,,,,,
GTY,91.17,91.32,91.32,100.05,105.48,100.11,42,45,48,45,,,,,
A,91.17,91.32,91.32,100.05,105.48,100.11,42,45,48,45,,,,,
BBAI,91.17,91.32,91.32,100.05,105.48,100.11,42,45,48,45,,,,,
GCTS,91.17,91.32,91.32,100.05,105.48,100.11,42,45,48,45,,,,,
ATKR,91.17,91.32,91.32,100.05,105.48,100.11,42,45,48,45,,,,,
BRBR,91.17,91.32,91.32,100.05,105.48,100.11,42,45,48,45,,,,,
WENN,91.17,91.32,91.32,100.05,105.48,100.11,42,45,48,45,,,,,
JEF,91.17,91.32,91.32,100.05,105.48,100.11,42,45,48,45,,,,,
TEM,91.17,91.32,91.32,100.05,105.48,100.11,42,45,48,45,,,,,
SNWV,91.17,91.32,91.32,100.05,105.48,100.11,42,45,48,45,,,,,
OMAB,91.17,91.32,91.32,100.05,105.48,100.11,42,45,48,45,,,,,
NVO,91.17,91.32,91.32,100.05,105.48,100.11,42,45,48,45,,,,,
HCWB,91.17,91.32,91.32,100.05,105.48,100.11,42,45,48,45,,,,,
ATRA,91.17,91.32,91.32,100.05,105.48,100.11,42,45,48,45,,,,,
NIO,91.17,91.32,91.32,100.05,105.48,100.11,42,45,48,45,,,,,
PMT,91.17,91.32,91.32,100.05,105.48,100.11,42,45,48,45,,,,,
HOOD,91.17,91.32,91.32,100.05,105.48,100.11,42,45,48,45,,,,,
IRT,91.17,91.32,91.32,100.05,105.48,100.11,42,45,48,45,,,,,
ALLR,91.17,91.32,91.32,100.05,105.48,100.11,42,45,48,45,,,,,
BBOT,91.17,91.32,91.32,100.05,105.48,100.11,42,45,48,45,,,,,
CON,91.17,91.32,91.32,100.05,105.48,100.11,42,45,48,45,,,,,
AGO,91.17,91.32,91.32,100.05,105.48,100.11,42,45,48,45,,,,,
PRLD,91.17,91.32,91.32,100.05,105.48,100.11,42,45,48,45,,,,,
RVMD,91.17,91.32,91.32,100.05,105.48,100.11,42,45,48,45,,,,,
ABAT,91.17,91.32,91.32,100.05,105.48,100.11,42,45,48,45,,,,,
PMN,91.17,91.32,91.32,100.05,105.48,100.11,42,45,48,45,,,,,
MSEX,91.17,91.32,91.32,100.05,105.48,100.11,42,45,48,45,,,,,
OSIS,91.17,91.32,91.32,100.05,105.48,100.11,42,45,48,45,,,,,
STHO,91.17,91.32,91.32,100.05,105.48,100.11,42,45,48,45,,,,,
EVGN,91.17,91.32,91.32,100.05,105.48,100.11,42,45,48,45,,,,,
SGRP,91.17,91.32,91.32,100.05,105.48,100.11,42,45,48,45,,,,,
UNB,91.17,91.32,91.32,100.05,105.48,100.11,42,45,48,45,,,,,
KFIIU,91.17,91.32,91.32,100.05,105.48,100.11,42,45,48,45,,,,,
INDB,91.17,91.32,91.32,100.05,105.48,100.11,42,45,48,45,,,,,
INSG,91.17,91.32,91.32,100.05,105.48,100.11,42,45,48,45,,,,,
BNED,91.17,91.32,91.32,100.05,105.48,100.11,42,45,48,45,,,,,
SNV,91.17,91.32,91.32,100.05,105.48,100.11,42,45,48,45,,,,,
FWONK,91.17,91.32,91.32,100.05,105.48,100.11,42,45,48,45,,,,,
SKT,91.17,91.32,91.32,100.05,105.48,100.11,42,45,48,45,,,,,
ABG,91.17,91.32,91.32,100.05,105.48,100.11,42,45,48,45,,,,,
TTAN,91.17,91.32,91.32,100.05,105.48,100.11,42,45,48,45,,,,,
PAAS,91.17,91.32,91.32,100.05,105.48,100.11,42,45,48,45,,,,,
NVX,91.17,91.32,91.32,100.05,105.48,100.11,42,45,48,45,,,,,
AFCG,91.17,91.32,91.32,100.05,105.48,100.11,42,45,48,45,,,,,
LASR,91.17,91.32,91.32,100.05,105.48,100.11,42,45,48,45,,,,,
SPNS,91.17,91.32,91.32,100.05,105.48,100.11,42,45,48,45,,,,,
DCOM,91.17,91.32,91.32,100.05,105.48,100.11,42,45,48,45,,,,,
UDMY,91.17,91.32,91.32,100.05,105.48,100.11,42,45,48,45,,,,,
ETON,91.17,91.32,91.32,100.05,105.48,100.11,42,45,48,45,,,,,
NBN,91.17,91.32,91.32,100.05,105.48,100.11,42,45,48,45,,,,,
LVLU,91.17,91.32,91.32,100.05,105.48,100.11,42,45,48,45,,,,,
EA,91.17,91.32,91.32,100.05,105.48,100.11,42,45,48,45,,,,,
ORIC,91.17,91.32,91.32,100.05,105.48,100.11,42,45,48,45,,,,,
ONON,91.17,91.32,91.32,100.05,105.48,100.11,42,45,48,45,,,,,
ANIP,91.17,91.32,91.32,100.05,105.48,100.11,42,45,48,45,,,,,
PRTA,91.17,91.32,91.32,100.05,105.48,100.11,42,45,48,45,,,,,
K,91.17,91.32,91.32,100.05,105.48,100.11,42,45,48,45,,,,,
EYE,91.17,91.32,91.32,100.05,105.48,100.11,42,45,48,45,,,,,
INAB,91.17,91.32,91.32,100.05,105.48,100.11,42,45,48,45,,,,,
UMBF,91.17,91.32,91.32,100.05,105.48,100.11,42,45,48,45,,,,,
GEO,91.17,91.32,91.32,100.05,105.48,100.11,42,45,48,45,,,,,
ATMV,91.17,91.32,91.32,100.05,105.48,100.11,42,45,48,45,,,,,
NNOX,91.17,91.32,91.32,100.05,105.48,100.11,42,45,48,45,,,,,
TSLX,91.17,91.32,91.32,100.05,105.48,100.11,42,45,48,45,,,,,
KRKR,91.17,91.32,91.32,100.05,105.48,100.11,42,45,48,45,,,,,
EPAM,91.17,91.32,91.32,100.05,105.48,100.11,42,45,48,45,,,,,
AAON,91.17,91.32,91.32,100.05,105.48,100.11,42,45,48,45,,,,,
IRIX,91.17,91.32,91.32,100.05,105.48,100.11,42,45,48,45,,,,,
SAMG,91.17,91.32,91.32,100.05,105.48,100.11,42,45,48,45,,,,,
LUNR,91.17,91.32,91.32,100.05,105.48,100.11,42,45,48,45,,,,,
EVO,91.17,91.32,91.32,100.05,105.48,100.11,42,45,48,45,,,,,
FCFS,91.17,91.32,91.32,100.05,105.48,100.11,42,45,48,45,,,,,
ALG,91.17,91.32,91.32,100.05,105.48,100.11,42,45,48,45,,,,,
ACU,91.17,91.32,91.32,100.05,105.48,100.11,42,45,48,45,,,,,
SOBO,91.17,91.32,91.32,100.05,105.48,100.11,42,45,48,45,,,,,
LINK,91.17,91.32,91.32,100.05,105.48,100.11,42,45,48,45,,,,,
KOD,91.17,91.32,91.32,100.05,105.48,100.11,42,45,48,45,,,,,
SNCY,91.17,91.32,91.32,100.05,105.48,100.11,42,45,48,45,,,,,
WSBCP,91.17,91.32,91.32,100.05,105.48,100.11,42,45,48,45,,,,,
WTS,91.17,91.32,91.32,100.05,105.48,100.11,42,45,48,45,,,,,
RM,91.17,91.32,91.32,100.05,105.48,100.11,42,45,48,45,,,,,
RGA,91.17,91.32,91.32,100.05,105.48,100.11,42,45,48,45,,,,,
EXEL,91.17,91.32,91.32,100.05,105.48,100.11,42,45,48,45,,,,,
ONDS,91.17,91.32,91.32,100.05,105.48,100.11,42,45,48,45,,,,,
IDYA,91.17,91.32,91.32,100.05,105.48,100.11,42,45,48,45,,,,,
YETI,91.17,91.32,91.32,100.05,105.48,100.11,42,45,48,45,,,,,
WTM,91.17,91.32,91.32,100.05,105.48,100.11,42,45,48,45,,,,,
DTSQ,91.17,91.32,91.32,100.05,105.48,100.11,42,45,48,45,,,,,
GFL,91.17,91.32,91.32,100.05,105.48,100.11,42,45,48,45,,,,,
CHH,91.17,91.32,91.32,100.05,105.48,100.11,42,45,48,45,,,,,
MDXG,91.17,91.32,91.32,100.05,105.48,100.11,42,45,48,45,,,,,
IPAR,91.17,91.32,91.32,100.05,105.48,100.11,42,45,48,45,,,,,
DAR,91.17,91.32,91.32,100.05,105.48,100.11,42,45,48,45,,,,,
DOC,91.17,91.32,91.32,100.05,105.48,100.11,42,45,48,45,,,,,
BURU,91.17,91.32,91.32,100.05,105.48,100.11,42,45,48,45,,,,,
DAAQU,91.17,91.32,91.32,100.05,105.48,100.11,42,45,48,45,,,,,
JG,91.17,91.32,91.32,100.05,105.48,100.11,42,45,48,45,,,,,
GM,91.17,91.32,91.32,100.05,105.48,100.11,42,45,48,45,,,,,
LBTYA,91.17,91.32,91.32,100.05,105.48,100.11,42,45,48,45,,,,,
LW,91.17,91.32,91.32,100.05,105.48,100.11,42,45,48,45,,,,,
HURN,91.17,91.32,91.32,100.05,105.48,100.11,42,45,48,45,,,,,
SNES,91.17,91.32,91.32,100.05,105.48,100.11,42,45,48,45,,,,,
HTLD,91.17,91.32,91.32,100.05,105.48,100.11,42,45,48,45,,,,,
OLN,91.17,91.32,91.32,100.05,105.48,100.11,42,45,48,45,,,,,
W,91.17,91.32,91.32,100.05,105.48,100.11,42,45,48,45,,,,,
NOG,91.17,91.32,91.32,100.05,105.48,100.11,42,45,48,45,,,,,
PLG,91.17,91.32,91.32,100.05,105.48,100.11,42,45,48,45,,,,,
YMM,91.17,91.32,91.32,100.05,105.48,100.11,42,45,48,45,,,,,
TUYA,91.17,91.32,91.32,100.05,105.48,100.11,42,45,48,45,,,,,
SHOT,91.17,91.32,91.32,100.05,105.48,100.11,42,45,48,45,,,,,
ADAM,91.17,91.32,91.32,100.05,105.48,100.11,42,45,48,45,,,,,
LPBBU,91.17,91.32,91.32,100.05,105.48,100.11,42,45,48,45,,,,,
TILE,91.17,91.32,91.32,100.05,105.48,100.11,42,45,48,45,,,,,
QMMM,91.17,91.32,91.32,100.05,105.48,100.11,42,45,48,45,,,,,
CZNC,91.17,91.32,91.32,100.05,105.48,100.11,42,45,48,45,,,,,
XNCR,91.17,91.32,91.32,100.05,105.48,100.11,42,45,48,45,,,,,
GPCR,91.17,91.32,91.32,100.05,105.48,100.11,42,45,48,45,,,,,
UNF,91.17,91.32,91.32,100.05,105.48,100.11,42,45,48,45,,,,,
CFND,91.17,91.32,91.32,100.05,105.48,100.11,42,45,48,45,,,,,
EGY,91.17,91.32,91.32,100.05,105.48,100.11,42,45,48,45,,,,,
DAC,91.17,91.32,91.32,100.05,105.48,100.11,42,45,48,45,,,,,
IROQ,91.17,91.32,91.32,100.05,105.48,100.11,42,45,48,45,,,,,
ZVRA,91.17,91.32,91.32,100.05,105.48,100.11,42,45,48,45,,,,,
QBTS,91.17,91.32,91.32,100.05,105.48,100.11,42,45,48,45,,,,,
XHG,91.17,91.32,91.32,100.05,105.48,100.11,42,45,48,45,,,,,
TACOU,91.17,91.32,91.32,100.05,105.48,100.11,42,45,48,45,,,,,
ADP,91.17,91.32,91.32,100.05,105.48,100.11,42,45,48,45,,,,,
CRBP,91.17,91.32,91.32,100.05,105.48,100.11,42,45,48,45,,,,,
TREE,91.17,91.32,91.32,100.05,105.48,100.11,42,45,48,45,,,,,
COSM,91.17,91.32,91.32,100.05,105.48,100.11,42,45,48,45,,,,,
IMMX,91.17,91.32,91.32,100.05,105.48,100.11,42,45,48,45,,,,,
IQ,91.17,91.32,91.32,100.05,105.48,100.11,42,45,48,45,,,,,
MBVIU,91.17,91.32,91.32,100.05,105.48,100.11,42,45,48,45,,,,,
DRTS,91.17,91.32,91.32,100.05,105.48,100.11,42,45,48,45,,,,,
NI,91.17,91.32,91.32,100.05,105.48,100.11,42,45,48,45,,,,,
THS,91.17,91.32,91.32,100.05,105.48,100.11,42,45,48,45,,,,,
CARV,91.17,91.32,91.32,100.05,105.48,100.11,42,45,48,45,,,,,
RDNT,91.17,91.32,91.32,100.05,105.48,100.11,42,45,48,45,,,,,
INCR,91.17,91.32,91.32,100.05,105.48,100.11,42,45,48,45,,,,,
CGNX,91.17,91.32,91.32,100.05,105.48,100.11,42,45,48,45,,,,,
FDX,91.17,91.32,91.32,100.05,105.48,100.11,42,45,48,45,,,,,
NBBK,91.17,91.32,91.32,100.05,105.48,100.11,42,45,48,45,,,,,
UBCP,91.17,91.32,91.32,100.05,105.48,100.11,42,45,48,45,,,,,
NXDR,91.17,91.32,91.32,100.05,105.48,100.11,42,45,48,45,,,,,
KMX,91.17,91.32,91.32,100.05,105.48,100.11,42,45,48,45,,,,,
ABUS,91.17,91.32,91.32,100.05,105.48,100.11,42,45,48,45,,,,,
FFIC,91.17,91.32,91.32,100.05,105.48,100.11,42,45,48,45,,,,,
HLF,91.17,91.32,91.32,100.05,105.48,100.11,42,45,48,45,,,,,
MUX,91.17,91.32,91.32,100.05,105.48,100.11,42,45,48,45,,,,,
ASAN,91.17,91.32,91.32,100.05,105.48,100.11,42,45,48,45,,,,,
AFL,91.17,91.32,91.32,100.05,105.48,100.11,42,45,48,45,,,,,
PIPR,91.17,91.32,91.32,100.05,105.48,100.11,42,45,48,45,,,,,
TAOP,91.17,91.32,91.32,100.05,105.48,100.11,42,45,48,45,,,,,
VRSK,91.17,91.32,91.32,100.05,105.48,100.11,42,45,48,45,,,,,
EVAC,91.17,91.32,91.32,100.05,105.48,100.11,42,45,48,45,,,,,
ZONE,91.17,91.32,91.32,100.05,105.48,100.11,42,45,48,45,,,,,
TEAD,91.17,91.32,91.32,100.05,105.48,100.11,42,45,48,45,,,,,
HSTM,91.17,91.32,91.32,100.05,105.48,100.11,42,45,48,45,,,,,
CFFI,91.17,91.32,91.32,100.05,105.48,100.11,42,45,48,45,,,,,
RXST,91.17,91.32,91.32,100.05,105.48,100.11,42,45,48,45,,,,,
PAPL,91.17,91.32,91.32,100.05,105.48,100.11,42,45,48,45,,,,,
TRN,91.17,91.32,91.32,100.05,105.48,100.11,42,45,48,45,,,,,
MGRC,91.17,91.32,91.32,100.05,105.48,100.11,42,45,48,45,,,,,
HSPTU,91.17,91.32,91.32,100.05,105.48,100.11,42,45,48,45,,,,,
NUVB,91.17,91.32,91.32,100.05,105.48,100.11,42,45,48,45,,,,,
LZB,91.17,91.32,91.32,100.05,105.48,100.11,42,45,48,45,,,,,
RAAQ,91.17,91.32,91.32,100.05,105.48,100.11,42,45,48,45,,,,,
AIRO,91.17,91.32,91.32,100.05,105.48,100.11,42,45,48,45,,,,,
WENNU,91.17,91.32,91.32,100.05,105.48,100.11,42,45,48,45,,,,,
STIM,91.17,91.32,91.32,100.05,105.48,100.11,42,45,48,45,,,,,
IMRX,91.17,91.32,91.32,100.05,105.48,100.11,42,45,48,45,,,,,
OPT,91.17,91.32,91.32,100.05,105.48,100.11,42,45,48,45,,,,,
CTNM,91.17,91.32,91.32,100.05,105.48,100.11,42,45,48,45,,,,,
BDC,91.17,91.32,91.32,100.05,105.48,100.11,42,45,48,45,,,,,
CBFV,91.17,91.32,91.32,100.05,105.48,100.11,42,45,48,45,,,,,
BETR,91.17,91.32,91.32,100.05,105.48,100.11,42,45,48,45,,,,,
ENTX,91.17,91.32,91.32,100.05,105.48,100.11,42,45,48,45,,,,,
MBX,91.17,91.32,91.32,100.05,105.48,100.11,42,45,48,45,,,,,
BA,91.17,91.32,91.32,100.05,105.48,100.11,42,45,48,45,,,,,
BHFAO,91.17,91.32,91.32,100.05,105.48,100.11,42,45,48,45,,,,,
LFVN,91.17,91.32,91.32,100.05,105.48,100.11,42,45,48,45,,,,,
BZFD,91.17,91.32,91.32,100.05,105.48,100.11,42,45,48,45,,,,,
AREN,91.17,91.32,91.32,100.05,105.48,100.11,42,45,48,45,,,,,
TGE,91.17,91.32,91.32,100.05,105.48,100.11,42,45,48,45,,,,,
NGG,91.17,91.32,91.32,100.05,105.48,100.11,42,45,48,45,,,,,
AUUD,91.17,91.32,91.32,100.05,105.48,100.11,42,45,48,45,,,,,
EQR,91.17,91.32,91.32,100.05,105.48,100.11,42,45,48,45,,,,,
ZBAI,91.17,91.32,91.32,100.05,105.48,100.11,42,45,48,45,,,,,
RMAX,91.17,91.32,91.32,100.05,105.48,100.11,42,45,48,45,,,,,
KVYO,91.17,91.32,91.32,100.05,105.48,100.11,42,45,48,45,,,,,
CTOS,91.17,91.32,91.32,100.05,105.48,100.11,42,45,48,45,,,,,
CVS,91.17,91.32,91.32,100.05,105.48,100.11,42,45,48,45,,,,,
WTW,91.17,91.32,91.32,100.05,105.48,100.11,42,45,48,45,,,,,
APOG,91.17,91.32,91.32,100.05,105.48,100.11,42,45,48,45,,,,,
CMP,91.17,91.32,91.32,100.05,105.48,100.11,42,45,48,45,,,,,
COCO,91.17,91.32,91.32,100.05,105.48,100.11,42,45,48,45,,,,,
FIGR,91.17,91.32,91.32,100.05,105.48,100.11,42,45,48,45,,,,,
MCRP,91.17,91.32,91.32,100.05,105.48,100.11,42,45,48,45,,,,,
SHAK,91.17,91.32,91.32,100.05,105.48,100.11,42,45,48,45,,,,,
MPTI,91.17,91.32,91.32,100.05,105.48,100.11,42,45,48,45,,,,,
STEL,91.17,91.32,91.32,100.05,105.48,100.11,42,45,48,45,,,,,
LMAT,91.17,91.32,91.32,100.05,105.48,100.11,42,45,48,45,,,,,
MPW,91.17,91.32,91.32,100.05,105.48,100.11,42,45,48,45,,,,,
FOR,91.17,91.32,91.32,100.05,105.48,100.11,42,45,48,45,,,,,
QRVO,91.17,91.32,91.32,100.05,105.48,100.11,42,45,48,45,,,,,
BKTI,91.17,91.32,91.32,100.05,105.48,100.11,42,45,48,45,,,,,
NWFL,91.17,91.32,91.32,100.05,105.48,100.11,42,45,48,45,,,,,
FBGL,91.17,91.32,91.32,100.05,105.48,100.11,42,45,48,45,,,,,
IAG,91.17,91.32,91.32,100.05,105.48,100.11,42,45,48,45,,,,,
HBNC,91.17,91.32,91.32,100.05,105.48,100.11,42,45,48,45,,,,,
GDEN,91.17,91.32,91.32,100.05,105.48,100.11,42,45,48,45,,,,,
MCGA,91.17,91.32,91.32,100.05,105.48,100.11,42,45,48,45,,,,,
RLI,91.17,91.32,91.32,100.05,105.48,100.11,42,45,48,45,,,,,
COOK,91.17,91.32,91.32,100.05,105.48,100.11,42,45,48,45,,,,,
MSGY,91.17,91.32,91.32,100.05,105.48,100.11,42,45,48,45,,,,,
NXT,91.17,91.32,91.32,100.05,105.48,100.11,42,45,48,45,,,,,
SWKH,91.17,91.32,91.32,100.05,105.48,100.11,42,45,48,45,,,,,
SCAG,91.17,91.32,91.32,100.05,105.48,100.11,42,45,48,45,,,,,
ZGM,91.17,91.32,91.32,100.05,105.48,100.11,42,45,48,45,,,,,
GLP,91.17,91.32,91.32,100.05,105.48,100.11,42,45,48,45,,,,,
OCGN,91.17,91.32,91.32,100.05,105.48,100.11,42,45,48,45,,,,,
SNTG,91.17,91.32,91.32,100.05,105.48,100.11,42,45,48,45,,,,,
CERO,91.17,91.32,91.32,100.05,105.48,100.11,42,45,48,45,,,,,
HURA,91.17,91.32,91.32,100.05,105.48,100.11,42,45,48,45,,,,,
F,91.17,91.32,91.32,100.05,105.48,100.11,42,45,48,45,,,,,
GMGI,91.17,91.32,91.32,100.05,105.48,100.11,42,45,48,45,,,,,
URGN,91.17,91.32,91.32,100.05,105.48,100.11,42,45,48,45,,,,,
LAC,91.17,91.32,91.32,100.05,105.48,100.11,42,45,48,45,,,,,
PDM,91.17,91.32,91.32,100.05,105.48,100.11,42,45,48,45,,,,,
VERX,91.17,91.32,91.32,100.05,105.48,100.11,42,45,48,45,,,,,
QH,91.17,91.32,91.32,100.05,105.48,100.11,42,45,48,45,,,,,
TPH,91.17,91.32,91.32,100.05,105.48,100.11,42,45,48,45,,,,,
ASPS,91.17,91.32,91.32,100.05,105.48,100.11,42,45,48,45,,,,,
HRMY,91.17,91.32,91.32,100.05,105.48,100.11,42,45,48,45,,,,,
IBAC,91.17,91.32,91.32,100.05,105.48,100.11,42,45,48,45,,,,,
TS,91.17,91.32,91.32,100.05,105.48,100.11,42,45,48,45,,,,,
FLG,91.17,91.32,91.32,100.05,105.48,100.11,42,45,48,45,,,,,
MI,91.17,91.32,91.32,100.05,105.48,100.11,42,45,48,45,,,,,
RMNI,91.17,91.32,91.32,100.05,105.48,100.11,42,45,48,45,,,,,
TLSA,91.17,91.32,91.32,100.05,105.48,100.11,42,45,48,45,,,,,
ASLE,91.17,91.32,91.32,100.05,105.48,100.11,42,45,48,45,,,,,
OS,91.17,91.32,91.32,100.05,105.48,100.11,42,45,48,45,,,,,
RRX,91.17,91.32,91.32,100.05,105.48,100.11,42,45,48,45,,,,,
RVSB,91.17,91.32,91.32,100.05,105.48,100.11,42,45,48,45,,,,,
EGBN,91.17,91.32,91.32,100.05,105.48,100.11,42,45,48,45,,,,,
BTU,91.17,91.32,91.32,100.05,105.48,100.11,42,45,48,45,,,,,
NKTX,91.17,91.32,91.32,100.05,105.48,100.11,42,45,48,45,,,,,
UNP,91.17,91.32,91.32,100.05,105.48,100.11,42,45,48,45,,,,,
PKBK,91.17,91.32,91.32,100.05,105.48,100.11,42,45,48,45,,,,,
MKZR,91.17,91.32,91.32,100.05,105.48,100.11,42,45,48,45,,,,,
TCRT,91.17,91.32,91.32,100.05,105.48,100.11,42,45,48,45,,,,,
INGM,91.17,91.32,91.32,100.05,105.48,100.11,42,45,48,45,,,,,
DXYZ,91.17,91.32,91.32,100.05,105.48,100.11,42,45,48,45,,,,,
IBP,91.17,91.32,91.32,100.05,105.48,100.11,42,45,48,45,,,,,
DRCT,91.17,91.32,91.32,100.05,105.48,100.11,42,45,48,45,,,,,
ROIV,91.17,91.32,91.32,100.05,105.48,100.11,42,45,48,45,,,,,
PHH,91.17,91.32,91.32,100.05,105.48,100.11,42,45,48,45,,,,,
EMN,91.17,91.32,91.32,100.05,105.48,100.11,42,45,48,45,,,,,
FLUT,91.17,91.32,91.32,100.05,105.48,100.11,42,45,48,45,,,,,
CAPS,91.17,91.32,91.32,100.05,105.48,100.11,42,45,48,45,,,,,
BSX,91.17,91.32,91.32,100.05,105.48,100.11,42,45,48,45,,,,,
IIIN,91.17,91.32,91.32,100.05,105.48,100.11,42,45,48,45,,,,,
BNC,91.17,91.32,91.32,100.05,105.48,100.11,42,45,48,45,,,,,
KMT,91.17,91.32,91.32,100.05,105.48,100.11,42,45,48,45,,,,,
BCAX,91.17,91.32,91.32,100.05,105.48,100.11,42,45,48,45,,,,,
CCLD,91.17,91.32,91.32,100.05,105.48,100.11,42,45,48,45,,,,,
BMRN,91.17,91.32,91.32,100.05,105.48,100.11,42,45,48,45,,,,,
OPXS,91.17,91.32,91.32,100.05,105.48,100.11,42,45,48,45,,,,,
CEPT,91.17,91.32,91.32,100.05,105.48,100.11,42,45,48,45,,,,,
HIG,91.17,91.32,91.32,100.05,105.48,100.11,42,45,48,45,,,,,
ESS,91.17,91.32,91.32,100.05,105.48,100.11,42,45,48,45,,,,,
JACK,91.17,91.32,91.32,100.05,105.48,100.11,42,45,48,45,,,,,
RNAZ,91.17,91.32,91.32,100.05,105.48,100.11,42,45,48,45,,,,,
BREA,91.17,91.32,91.32,100.05,105.48,100.11,42,45,48,45,,,,,
ABEO,91.17,91.32,91.32,100.05,105.48,100.11,42,45,48,45,,,,,
ADEA,91.17,91.32,91.32,100.05,105.48,100.11,42,45,48,45,,,,,
ALLT,91.17,91.32,91.32,100.05,105.48,100.11,42,45,48,45,,,,,
CFSB,91.17,91.32,91.32,100.05,105.48,100.11,42,45,48,45,,,,,
GURE,91.17,91.32,91.32,100.05,105.48,100.11,42,45,48,45,,,,,
CWBC,91.17,91.32,91.32,100.05,105.48,100.11,42,45,48,45,,,,,
CLSD,91.17,91.32,91.32,100.05,105.48,100.11,42,45,48,45,,,,,
KB,91.17,91.32,91.32,100.05,105.48,100.11,42,45,48,45,,,,,
RDNW,91.17,91.32,91.32,100.05,105.48,100.11,42,45,48,45,,,,,
CAAS,91.17,91.32,91.32,100.05,105.48,100.11,42,45,48,45,,,,,
RANI,91.17,91.32,91.32,100.05,105.48,100.11,42,45,48,45,,,,,
KREF,91.17,91.32,91.32,100.05,105.48,100.11,42,45,48,45,,,,,
XPRO,91.17,91.32,91.32,100.05,105.48,100.11,42,45,48,45,,,,,
FRPT,91.17,91.32,91.32,100.05,105.48,100.11,42,45,48,45,,,,,
RY,91.17,91.32,91.32,100.05,105.48,100.11,42,45,48,45,,,,,
GLNG,91.17,91.32,91.32,100.05,105.48,100.11,42,45,48,45,,,,,
FEDU,91.17,91.32,91.32,100.05,105.48,100.11,42,45,48,45,,,,,
RDWR,91.17,91.32,91.32,100.05,105.48,100.11,42,45,48,45,,,,,
SNDR,91.17,91.32,91.32,100.05,105.48,100.11,42,45,48,45,,,,,
YSXT,91.17,91.32,91.32,100.05,105.48,100.11,42,45,48,45,,,,,
BWEN,91.17,91.32,91.32,100.05,105.48,100.11,42,45,48,45,,,,,
JHG,91.17,91.32,91.32,100.05,105.48,100.11,42,45,48,45,,,,,
GERN,91.17,91.32,91.32,100.05,105.48,100.11,42,45,48,45,,,,,
LNZA,91.17,91.32,91.32,100.05,105.48,100.11,42,45,48,45,,,,,
CXDO,91.17,91.32,91.32,100.05,105.48,100.11,42,45,48,45,,,,,
BMHL,91.17,91.32,91.32,100.05,105.48,100.11,42,45,48,45,,,,,
NEOG,91.17,91.32,91.32,100.05,105.48,100.11,42,45,48,45,,,,,
LGVN,91.17,91.32,91.32,100.05,105.48,100.11,42,45,48,45,,,,,
IMRN,91.17,91.32,91.32,100.05,105.48,100.11,42,45,48,45,,,,,
NTCT,91.17,91.32,91.32,100.05,105.48,100.11,42,45,48,45,,,,,
ACA,91.17,91.32,91.32,100.05,105.48,100.11,42,45,48,45,,,,,
RANGU,91.17,91.32,91.32,100.05,105.48,100.11,42,45,48,45,,,,,
EDN,91.17,91.32,91.32,100.05,105.48,100.11,42,45,48,45,,,,,
DLHC,91.17,91.32,91.32,100.05,105.48,100.11,42,45,48,45,,,,,
BVN,91.17,91.32,91.32,100.05,105.48,100.11,42,45,48,45,,,,,
BFRG,91.17,91.32,91.32,100.05,105.48,100.11,42,45,48,45,,,,,
DT,91.17,91.32,91.32,100.05,105.48,100.11,42,45,48,45,,,,,
DERM,91.17,91.32,91.32,100.05,105.48,100.11,42,45,48,45,,,,,
SRZN,91.17,91.32,91.32,100.05,105.48,100.11,42,45,48,45,,,,,
IPI,91.17,91.32,91.32,100.05,105.48,100.11,42,45,48,45,,,,,
GMM,91.17,91.32,91.32,100.05,105.48,100.11,42,45,48,45,,,,,
QCRH,91.17,91.32,91.32,100.05,105.48,100.11,42,45,48,45,,,,,
WDC,91.17,91.32,91.32,100.05,105.48,100.11,42,45,48,45,,,,,
EQH,91.17,91.32,91.32,100.05,105.48,100.11,42,45,48,45,,,,,
DHAI,91.17,91.32,91.32,100.05,105.48,100.11,42,45,48,45,,,,,
NIXX,91.17,91.32,91.32,100.05,105.48,100.11,42,45,48,45,,,,,
VINP,91.17,91.32,91.32,100.05,105.48,100.11,42,45,48,45,,,,,
MYRG,91.17,91.32,91.32,100.05,105.48,100.11,42,45,48,45,,,,,
FAST,91.17,91.32,91.32,100.05,105.48,100.11,42,45,48,45,,,,,
SPXC,91.17,91.32,91.32,100.05,105.48,100.11,42,45,48,45,,,,,
INDP,91.17,91.32,91.32,100.05,105.48,100.11,42,45,48,45,,,,,
MGNI,91.17,91.32,91.32,100.05,105.48,100.11,42,45,48,45,,,,,
ROMA,91.17,91.32,91.32,100.05,105.48,100.11,42,45,48,45,,,,,
WINA,91.17,91.32,91.32,100.05,105.48,100.11,42,45,48,45,,,,,
NEO,91.17,91.32,91.32,100.05,105.48,100.11,42,45,48,45,,,,,
MACIU,91.17,91.32,91.32,100.05,105.48,100.11,42,45,48,45,,,,,
PODD,91.17,91.32,91.32,100.05,105.48,100.11,42,45,48,45,,,,,
XYL,91.17,91.32,91.32,100.05,105.48,100.11,42,45,48,45,,,,,
CVV,91.17,91.32,91.32,100.05,105.48,100.11,42,45,48,45,,,,,
QNTM,91.17,91.32,91.32,100.05,105.48,100.11,42,45,48,45,,,,,
RAIL,91.17,91.32,91.32,100.05,105.48,100.11,42,45,48,45,,,,,
NEWP,91.17,91.32,91.32,100.05,105.48,100.11,42,45,48,45,,,,,
ATLN,91.17,91.32,91.32,100.05,105.48,100.11,42,45,48,45,,,,,
ALTS,91.17,91.32,91.32,100.05,105.48,100.11,42,45,48,45,,,,,
CGCTU,91.17,91.32,91.32,100.05,105.48,100.11,42,45,48,45,,,,,
FBRX,91.17,91.32,91.32,100.05,105.48,100.11,42,45,48,45,,,,,
BYRN,91.17,91.32,91.32,100.05,105.48,100.11,42,45,48,45,,,,,
GDTC,91.17,91.32,91.32,100.05,105.48,100.11,42,45,48,45,,,,,
MGNX,91.17,91.32,91.32,100.05,105.48,100.11,42,45,48,45,,,,,
EYPT,91.17,91.32,91.32,100.05,105.48,100.11,42,45,48,45,,,,,
COGT,91.17,91.32,91.32,100.05,105.48,100.11,42,45,48,45,,,,,
SYY,91.17,91.32,91.32,100.05,105.48,100.11,42,45,48,45,,,,,
CBSH,91.17,91.32,91.32,100.05,105.48,100.11,42,45,48,45,,,,,
RTX,91.17,91.32,91.32,100.05,105.48,100.11,42,45,48,45,,,,,
FPI,91.17,91.32,91.32,100.05,105.48,100.11,42,45,48,45,,,,,
GNW,91.17,91.32,91.32,100.05,105.48,100.11,42,45,48,45,,,,,
WLKP,91.17,91.32,91.32,100.05,105.48,100.11,42,45,48,45,,,,,
ELDN,91.17,91.32,91.32,100.05,105.48,100.11,42,45,48,45,,,,,
ESCA,91.17,91.32,91.32,100.05,105.48,100.11,42,45,48,45,,,,,
AIM,91.17,91.32,91.32,100.05,105.48,100.11,42,45,48,45,,,,,
PHG,91.17,91.32,91.32,100.05,105.48,100.11,42,45,48,45,,,,,
LATAU,91.17,91.32,91.32,100.05,105.48,100.11,42,45,48,45,,,,,
TAIT,91.17,91.32,91.32,100.05,105.48,100.11,42,45,48,45,,,,,
NPO,91.17,91.32,91.32,100.05,105.48,100.11,42,45,48,45,,,,,
UBFO,91.17,91.32,91.32,100.05,105.48,100.11,42,45,48,45,,,,,
GRDN,91.17,91.32,91.32,100.05,105.48,100.11,42,45,48,45,,,,,
NXTC,91.17,91.32,91.32,100.05,105.48,100.11,42,45,48,45,,,,,
IMCC,91.17,91.32,91.32,100.05,105.48,100.11,42,45,48,45,,,,,
MLGO,91.17,91.32,91.32,100.05,105.48,100.11,42,45,48,45,,,,,
EGG,91.17,91.32,91.32,100.05,105.48,100.11,42,45,48,45,,,,,
USLM,91.17,91.32,91.32,100.05,105.48,100.11,42,45,48,45,,,,,
PKX,91.17,91.32,91.32,100.05,105.48,100.11,42,45,48,45,,,,,
NOTE,91.17,91.32,91.32,100.05,105.48,100.11,42,45,48,45,,,,,
ESEA,91.17,91.32,91.32,100.05,105.48,100.11,42,45,48,45,,,,,
EC,91.17,91.32,91.32,100.05,105.48,100.11,42,45,48,45,,,,,
MG,91.17,91.32,91.32,100.05,105.48,100.11,42,45,48,45,,,,,
ENSC,91.17,91.32,91.32,100.05,105.48,100.11,42,45,48,45,,,,,
NCNO,91.17,91.32,91.32,100.05,105.48,100.11,42,45,48,45,,,,,
RERE,91.17,91.32,91.32,100.05,105.48,100.11,42,45,48,45,,,,,
JELD,91.17,91.32,91.32,100.05,105.48,100.11,42,45,48,45,,,,,
ASML,91.17,91.32,91.32,100.05,105.48,100.11,42,45,48,45,,,,,
SBDS,91.17,91.32,91.32,100.05,105.48,100.11,42,45,48,45,,,,,
ZJK,91.17,91.32,91.32,100.05,105.48,100.11,42,45,48,45,,,,,
TVTX,91.17,91.32,91.32,100.05,105.48,100.11,42,45,48,45,,,,,
JEM,91.17,91.32,91.32,100.05,105.48,100.11,42,45,48,45,,,,,
CLST,91.17,91.32,91.32,100.05,105.48,100.11,42,45,48,45,,,,,
EXC,91.17,91.32,91.32,100.05,105.48,100.11,42,45,48,45,,,,,
FUNC,91.17,91.32,91.32,100.05,105.48,100.11,42,45,48,45,,,,,
IROHU,91.17,91.32,91.32,100.05,105.48,100.11,42,45,48,45,,,,,
MLM,91.17,91.32,91.32,100.05,105.48,100.11,42,45,48,45,,,,,
SONY,91.17,91.32,91.32,100.05,105.48,100.11,42,45,48,45,,,,,
OFAL,91.17,91.32,91.32,100.05,105.48,100.11,42,45,48,45,,,,,
ASUR,91.17,91.32,91.32,100.05,105.48,100.11,42,45,48,45,,,,,
HNGE,91.17,91.32,91.32,100.05,105.48,100.11,42,45,48,45,,,,,
MNKD,91.17,91.32,91.32,100.05,105.48,100.11,42,45,48,45,,,,,
PMTS,91.17,91.32,91.32,100.05,105.48,100.11,42,45,48,45,,,,,
AIRG,91.17,91.32,91.32,100.05,105.48,100.11,42,45,48,45,,,,,
DG,91.17,91.32,91.32,100.05,105.48,100.11,42,45,48,45,,,,,
FI,91.17,91.32,91.32,100.05,105.48,100.11,42,45,48,45,,,,,
WAFDP,91.17,91.32,91.32,100.05,105.48,100.11,42,45,48,45,,,,,
CMCL,91.17,91.32,91.32,100.05,105.48,100.11,42,45,48,45,,,,,
FLS,91.17,91.32,91.32,100.05,105.48,100.11,42,45,48,45,,,,,
AMSC,91.17,91.32,91.32,100.05,105.48,100.11,42,45,48,45,,,,,
PRGS,91.17,91.32,91.32,100.05,105.48,100.11,42,45,48,45,,,,,
VCIC,91.17,91.32,91.32,100.05,105.48,100.11,42,45,48,45,,,,,
AEVA,91.17,91.32,91.32,100.05,105.48,100.11,42,45,48,45,,,,,
NBTB,91.17,91.32,91.32,100.05,105.48,100.11,42,45,48,45,,,,,
ATAT,91.17,91.32,91.32,100.05,105.48,100.11,42,45,48,45,,,,,
SRBK,91.17,91.32,91.32,100.05,105.48,100.11,42,45,48,45,,,,,
QS,91.17,91.32,91.32,100.05,105.48,100.11,42,45,48,45,,,,,
EMR,91.17,91.32,91.32,100.05,105.48,100.11,42,45,48,45,,,,,
UNIT,91.17,91.32,91.32,100.05,105.48,100.11,42,45,48,45,,,,,
NDLS,91.17,91.32,91.32,100.05,105.48,100.11,42,45,48,45,,,,,
LENZ,91.17,91.32,91.32,100.05,105.48,100.11,42,45,48,45,,,,,
OFIX,91.17,91.32,91.32,100.05,105.48,100.11,42,45,48,45,,,,,
TZOO,91.17,91.32,91.32,100.05,105.48,100.11,42,45,48,45,,,,,
PBF,91.17,91.32,91.32,100.05,105.48,100.11,42,45,48,45,,,,,
DOMO,91.17,91.32,91.32,100.05,105.48,100.11,42,45,48,45,,,,,
CURR,91.17,91.32,91.32,100.05,105.48,100.11,42,45,48,45,,,,,
CTVA,91.17,91.32,91.32,100.05,105.48,100.11,42,45,48,45,,,,,
CHYM,91.17,91.32,91.32,100.05,105.48,100.11,42,45,48,45,,,,,
STUB,91.17,91.32,91.32,100.05,105.48,100.11,42,45,48,45,,,,,
PEB,91.17,91.32,91.32,100.05,105.48,100.11,42,45,48,45,,,,,
MMYT,91.17,91.32,91.32,100.05,105.48,100.11,42,45,48,45,,,,,
EMPD,91.17,91.32,91.32,100.05,105.48,100.11,42,45,48,45,,,,,
TBLA,91.17,91.32,91.32,100.05,105.48,100.11,42,45,48,45,,,,,
BIVI,91.17,91.32,91.32,100.05,105.48,100.11,42,45,48,45,,,,,
IRS,91.17,91.32,91.32,100.05,105.48,100.11,42,45,48,45,,,,,
SANA,91.17,91.32,91.32,100.05,105.48,100.11,42,45,48,45,,,,,
TNON,91.17,91.32,91.32,100.05,105.48,100.11,42,45,48,45,,,,,
DGII,91.17,91.32,91.32,100.05,105.48,100.11,42,45,48,45,,,,,
CUBWU,91.17,91.32,91.32,100.05,105.48,100.11,42,45,48,45,,,,,
AQN,91.17,91.32,91.32,100.05,105.48,100.11,42,45,48,45,,,,,
TSHA,91.17,91.32,91.32,100.05,105.48,100.11,42,45,48,45,,,,,
FFBC,91.17,91.32,91.32,100.05,105.48,100.11,42,45,48,45,,,,,
ABSI,91.17,91.32,91.32,100.05,105.48,100.11,42,45,48,45,,,,,
UAVS,91.17,91.32,91.32,100.05,105.48,100.11,42,45,48,45,,,,,
DYCQU,91.17,91.32,91.32,100.05,105.48,100.11,42,45,48,45,,,,,
TMC,91.17,91.32,91.32,100.05,105.48,100.11,42,45,48,45,,,,,
NBTX,91.17,91.32,91.32,100.05,105.48,100.11,42,45,48,45,,,,,
VPG,91.17,91.32,91.32,100.05,105.48,100.11,42,45,48,45,,,,,
INTC,91.17,91.32,91.32,100.05,105.48,100.11,42,45,48,45,,,,,
ARGX,91.17,91.32,91.32,100.05,105.48,100.11,42,45,48,45,,,,,
NEPH,91.17,91.32,91.32,100.05,105.48,100.11,42,45,48,45,,,,,
IP,91.17,91.32,91.32,100.05,105.48,100.11,42,45,48,45,,,,,
RWT,91.17,91.32,91.32,100.05,105.48,100.11,42,45,48,45,,,,,
TE,91.17,91.32,91.32,100.05,105.48,100.11,42,45,48,45,,,,,
ASPC,91.17,91.32,91.32,100.05,105.48,100.11,42,45,48,45,,,,,
CING,91.17,91.32,91.32,100.05,105.48,100.11,42,45,48,45,,,,,
HKD,91.17,91.32,91.32,100.05,105.48,100.11,42,45,48,45,,,,,
NCRA,91.17,91.32,91.32,100.05,105.48,100.11,42,45,48,45,,,,,
MSBI,91.17,91.32,91.32,100.05,105.48,100.11,42,45,48,45,,,,,
FCNCP,91.17,91.32,91.32,100.05,105.48,100.11,42,45,48,45,,,,,
SKE,91.17,91.32,91.32,100.05,105.48,100.11,42,45,48,45,,,,,
DWTX,91.17,91.32,91.32,100.05,105.48,100.11,42,45,48,45,,,,,
SR,91.17,91.32,91.32,100.05,105.48,100.11,42,45,48,45,,,,,
SOWG,91.17,91.32,91.32,100.05,105.48,100.11,42,45,48,45,,,,,
SEED,91.17,91.32,91.32,100.05,105.48,100.11,42,45,48,45,,,,,
GHG,91.17,91.32,91.32,100.05,105.48,100.11,42,45,48,45,,,,,
RMSG,91.17,91.32,91.32,100.05,105.48,100.11,42,45,48,45,,,,,
SVM,91.17,91.32,91.32,100.05,105.48,100.11,42,45,48,45,,,,,
MGPI,91.17,91.32,91.32,100.05,105.48,100.11,42,45,48,45,,,,,
SRTS,91.17,91.32,91.32,100.05,105.48,100.11,42,45,48,45,,,,,
BPOP,91.17,91.32,91.32,100.05,105.48,100.11,42,45,48,45,,,,,
YHNA,91.17,91.32,91.32,100.05,105.48,100.11,42,45,48,45,,,,,
SMID,91.17,91.32,91.32,100.05,105.48,100.11,42,45,48,45,,,,,
PSQH,91.17,91.32,91.32,100.05,105.48,100.11,42,45,48,45,,,,,
TRU,91.17,91.32,91.32,100.05,105.48,100.11,42,45,48,45,,,,,
MYE,91.17,91.32,91.32,100.05,105.48,100.11,42,45,48,45,,,,,
NWSA,91.17,91.32,91.32,100.05,105.48,100.11,42,45,48,45,,,,,
QUAD,91.17,91.32,91.32,100.05,105.48,100.11,42,45,48,45,,,,,
TAVI,91.17,91.32,91.32,100.05,105.48,100.11,42,45,48,45,,,,,
FLNG,91.17,91.32,91.32,100.05,105.48,100.11,42,45,48,45,,,,,
AMS,91.17,91.32,91.32,100.05,105.48,100.11,42,45,48,45,,,,,
VFC,91.17,91.32,91.32,100.05,105.48,100.11,42,45,48,45,,,,,
BR,91.17,91.32,91.32,100.05,105.48,100.11,42,45,48,45,,,,,
MUFG,91.17,91.32,91.32,100.05,105.48,100.11,42,45,48,45,,,,,
ALCYU,91.17,91.32,91.32,100.05,105.48,100.11,42,45,48,45,,,,,
ADN,91.17,91.32,91.32,100.05,105.48,100.11,42,45,48,45,,,,,
PM,91.17,91.32,91.32,100.05,105.48,100.11,42,45,48,45,,,,,
APEI,91.17,91.32,91.32,100.05,105.48,100.11,42,45,48,45,,,,,
RVP,91.17,91.32,91.32,100.05,105.48,100.11,42,45,48,45,,,,,
ISRLU,91.17,91.32,91.32,100.05,105.48,100.11,42,45,48,45,,,,,
HNI,91.17,91.32,91.32,100.05,105.48,100.11,42,45,48,45,,,,,
CXT,91.17,91.32,91.32,100.05,105.48,100.11,42,45,48,45,,,,,
LFUS,91.17,91.32,91.32,100.05,105.48,100.11,42,45,48,45,,,,,
VRAX,91.17,91.32,91.32,100.05,105.48,100.11,42,45,48,45,,,,,
BRKR,91.17,91.32,91.32,100.05,105.48,100.11,42,45,48,45,,,,,
WLK,91.17,91.32,91.32,100.05,105.48,100.11,42,45,48,45,,,,,
JFU,91.17,91.32,91.32,100.05,105.48,100.11,42,45,48,45,,,,,
GGAL,91.17,91.32,91.32,100.05,105.48,100.11,42,45,48,45,,,,,
MCY,91.17,91.32,91.32,100.05,105.48,100.11,42,45,48,45,,,,,
ASTI,91.17,91.32,91.32,100.05,105.48,100.11,42,45,48,45,,,,,
CENN,91.17,91.32,91.32,100.05,105.48,100.11,42,45,48,45,,,,,
GIII,91.17,91.32,91.32,100.05,105.48,100.11,42,45,48,45,,,,,
RCUS,91.17,91.32,91.32,100.05,105.48,100.11,42,45,48,45,,,,,
HTLM,91.17,91.32,91.32,100.05,105.48,100.11,42,45,48,45,,,,,
AUST,91.17,91.32,91.32,100.05,105.48,100.11,42,45,48,45,,,,,
PAGP,91.17,91.32,91.32,100.05,105.48,100.11,42,45,48,45,,,,,
ONBPO,91.17,91.32,91.32,100.05,105.48,100.11,42,45,48,45,,,,,
SAP,91.17,91.32,91.32,100.05,105.48,100.11,42,45,48,45,,,,,
SAVA,91.17,91.32,91.32,100.05,105.48,100.11,42,45,48,45,,,,,
FWONA,91.17,91.32,91.32,100.05,105.48,100.11,42,45,48,45,,,,,
VRRM,91.17,91.32,91.32,100.05,105.48,100.11,42,45,48,45,,,,,
TOPS,91.17,91.32,91.32,100.05,105.48,100.11,42,45,48,45,,,,,
DOX,91.17,91.32,91.32,100.05,105.48,100.11,42,45,48,45,,,,,
EUDA,91.17,91.32,91.32,100.05,105.48,100.11,42,45,48,45,,,,,
BTAI,91.17,91.32,91.32,100.05,105.48,100.11,42,45,48,45,,,,,
ULH,91.17,91.32,91.32,100.05,105.48,100.11,42,45,48,45,,,,,
RANG,91.17,91.32,91.32,100.05,105.48,100.11,42,45,48,45,,,,,
MOS,91.17,91.32,91.32,100.05,105.48,100.11,42,45,48,45,,,,,
LTRN,91.17,91.32,91.32,100.05,105.48,100.11,42,45,48,45,,,,,
PRFX,91.17,91.32,91.32,100.05,105.48,100.11,42,45,48,45,,,,,
CL,91.17,91.32,91.32,100.05,105.48,100.11,42,45,48,45,,,,,
BXSL,91.17,91.32,91.32,100.05,105.48,100.11,42,45,48,45,,,,,
EWTX,91.17,91.32,91.32,100.05,105.48,100.11,42,45,48,45,,,,,
CWEN,91.17,91.32,91.32,100.05,105.48,100.11,42,45,48,45,,,,,
CRNX,91.17,91.32,91.32,100.05,105.48,100.11,42,45,48,45,,,,,
AEYE,91.17,91.32,91.32,100.05,105.48,100.11,42,45,48,45,,,,,
MAC,91.17,91.32,91.32,100.05,105.48,100.11,42,45,48,45,,,,,
ASX,91.17,91.32,91.32,100.05,105.48,100.11,42,45,48,45,,,,,
MDXH,91.17,91.32,91.32,100.05,105.48,100.11,42,45,48,45,,,,,
DNOW,91.17,91.32,91.32,100.05,105.48,100.11,42,45,48,45,,,,,
MTUS,91.17,91.32,91.32,100.05,105.48,100.11,42,45,48,45,,,,,
MANU,91.17,91.32,91.32,100.05,105.48,100.11,42,45,48,45,,,,,
ATLO,91.17,91.32,91.32,100.05,105.48,100.11,42,45,48,45,,,,,
BAH,91.17,91.32,91.32,100.05,105.48,100.11,42,45,48,45,,,,,
JBL,91.17,91.32,91.32,100.05,105.48,100.11,42,45,48,45,,,,,
CALM,91.17,91.32,91.32,100.05,105.48,100.11,42,45,48,45,,,,,
IEP,91.17,91.32,91.32,100.05,105.48,100.11,42,45,48,45,,,,,
INTZ,91.17,91.32,91.32,100.05,105.48,100.11,42,45,48,45,,,,,
HURC,91.17,91.32,91.32,100.05,105.48,100.11,42,45,48,45,,,,,
MKTW,91.17,91.32,91.32,100.05,105.48,100.11,42,45,48,45,,,,,
KBDC,91.17,91.32,91.32,100.05,105.48,100.11,42,45,48,45,,,,,
HUN,91.17,91.32,91.32,100.05,105.48,100.11,42,45,48,45,,,,,
EPR,91.17,91.32,91.32,100.05,105.48,100.11,42,45,48,45,,,,,
XTNT,91.17,91.32,91.32,100.05,105.48,100.11,42,45,48,45,,,,,
SDGR,91.17,91.32,91.32,100.05,105.48,100.11,42,45,48,45,,,,,
VERI,91.17,91.32,91.32,100.05,105.48,100.11,42,45,48,45,,,,,
SLE,91.17,91.32,91.32,100.05,105.48,100.11,42,45,48,45,,,,,
PNFPP,91.17,91.32,91.32,100.05,105.48,100.11,42,45,48,45,,,,,
TLK,91.17,91.32,91.32,100.05,105.48,100.11,42,45,48,45,,,,,
HRZN,91.17,91.32,91.32,100.05,105.48,100.11,42,45,48,45,,,,,
GDC,91.17,91.32,91.32,100.05,105.48,100.11,42,45,48,45,,,,,
CGTX,91.17,91.32,91.32,100.05,105.48,100.11,42,45,48,45,,,,,
DEO,91.17,91.32,91.32,100.05,105.48,100.11,42,45,48,45,,,,,
NFBK,91.17,91.32,91.32,100.05,105.48,100.11,42,45,48,45,,,,,
LGND,91.17,91.32,91.32,100.05,105.48,100.11,42,45,48,45,,,,,
DYAI,91.17,91.32,91.32,100.05,105.48,100.11,42,45,48,45,,,,,
BHRB,91.17,91.32,91.32,100.05,105.48,100.11,42,45,48,45,,,,,
MIST,91.17,91.32,91.32,100.05,105.48,100.11,42,45,48,45,,,,,
PAC,91.17,91.32,91.32,100.05,105.48,100.11,42,45,48,45,,,,,
ESNT,91.17,91.32,91.32,100.05,105.48,100.11,42,45,48,45,,,,,
NRXS,91.17,91.32,91.32,100.05,105.48,100.11,42,45,48,45,,,,,
ROST,91.17,91.32,91.32,100.05,105.48,100.11,42,45,48,45,,,,,
E,91.17,91.32,91.32,100.05,105.48,100.11,42,45,48,45,,,,,
RBC,91.17,91.32,91.32,100.05,105.48,100.11,42,45,48,45,,,,,
VRNT,91.17,91.32,91.32,100.05,105.48,100.11,42,45,48,45,,,,,
MIMI,91.17,91.32,91.32,100.05,105.48,100.11,42,45,48,45,,,,,
POAI,91.17,91.32,91.32,100.05,105.48,100.11,42,45,48,45,,,,,
BTE,91.17,91.32,91.32,100.05,105.48,100.11,42,45,48,45,,,,,
TKO,91.17,91.32,91.32,100.05,105.48,100.11,42,45,48,45,,,,,
TPL,91.17,91.32,91.32,100.05,105.48,100.11,42,45,48,45,,,,,
CYN,91.17,91.32,91.32,100.05,105.48,100.11,42,45,48,45,,,,,
TRNR,91.17,91.32,91.32,100.05,105.48,100.11,42,45,48,45,,,,,
PFSA,91.17,91.32,91.32,100.05,105.48,100.11,42,45,48,45,,,,,
SHPH,91.17,91.32,91.32,100.05,105.48,100.11,42,45,48,45,,,,,
ORIQU,91.17,91.32,91.32,100.05,105.48,100.11,42,45,48,45,,,,,
BRN,91.17,91.32,91.32,100.05,105.48,100.11,42,45,48,45,,,,,
BLFS,91.17,91.32,91.32,100.05,105.48,100.11,42,45,48,45,,,,,
KMDA,91.17,91.32,91.32,100.05,105.48,100.11,42,45,48,45,,,,,
AWI,91.17,91.32,91.32,100.05,105.48,100.11,42,45,48,45,,,,,
VRE,91.17,91.32,91.32,100.05,105.48,100.11,42,45,48,45,,,,,
OTTR,91.17,91.32,91.32,100.05,105.48,100.11,42,45,48,45,,,,,
SBFG,91.17,91.32,91.32,100.05,105.48,100.11,42,45,48,45,,,,,
VFS,91.17,91.32,91.32,100.05,105.48,100.11,42,45,48,45,,,,,
RGLD,91.17,91.32,91.32,100.05,105.48,100.11,42,45,48,45,,,,,
CNC,91.17,91.32,91.32,100.05,105.48,100.11,42,45,48,45,,,,,
MRNA,91.17,91.32,91.32,100.05,105.48,100.11,42,45,48,45,,,,,
WKEY,91.17,91.32,91.32,100.05,105.48,100.11,42,45,48,45,,,,,
RVTY,91.17,91.32,91.32,100.05,105.48,100.11,42,45,48,45,,,,,
IREN,91.17,91.32,91.32,100.05,105.48,100.11,42,45,48,45,,,,,
ED,91.17,91.32,91.32,100.05,105.48,100.11,42,45,48,45,,,,,
MTEN,91.17,91.32,91.32,100.05,105.48,100.11,42,45,48,45,,,,,
ORIQ,91.17,91.32,91.32,100.05,105.48,100.11,42,45,48,45,,,,,
PBBK,91.17,91.32,91.32,100.05,105.48,100.11,42,45,48,45,,,,,
PLXS,91.17,91.32,91.32,100.05,105.48,100.11,42,45,48,45,,,,,
AVIR,91.17,91.32,91.32,100.05,105.48,100.11,42,45,48,45,,,,,
TMDE,91.17,91.32,91.32,100.05,105.48,100.11,42,45,48,45,,,,,
MENS,91.17,91.32,91.32,100.05,105.48,100.11,42,45,48,45,,,,,
FSI,91.17,91.32,91.32,100.05,105.48,100.11,42,45,48,45,,,,,
MSDL,91.17,91.32,91.32,100.05,105.48,100.11,42,45,48,45,,,,,
RAPT,91.17,91.32,91.32,100.05,105.48,100.11,42,45,48,45,,,,,
OMEX,91.17,91.32,91.32,100.05,105.48,100.11,42,45,48,45,,,,,
PKST,91.17,91.32,91.32,100.05,105.48,100.11,42,45,48,45,,,,,
ATGL,91.17,91.32,91.32,100.05,105.48,100.11,42,45,48,45,,,,,
BCRX,91.17,91.32,91.32,100.05,105.48,100.11,42,45,48,45,,,,,
PT,91.17,91.32,91.32,100.05,105.48,100.11,42,45,48,45,,,,,
MTSR,91.17,91.32,91.32,100.05,105.48,100.11,42,45,48,45,,,,,
GLIBA,91.17,91.32,91.32,100.05,105.48,100.11,42,45,48,45,,,,,
PFX,91.17,91.32,91.32,100.05,105.48,100.11,42,45,48,45,,,,,
TACO,91.17,91.32,91.32,100.05,105.48,100.11,42,45,48,45,,,,,
WLYB,91.17,91.32,91.32,100.05,105.48,100.11,42,45,48,45,,,,,
GRFS,91.17,91.32,91.32,100.05,105.48,100.11,42,45,48,45,,,,,
DLR,91.17,91.32,91.32,100.05,105.48,100.11,42,45,48,45,,,,,
NTIP,91.17,91.32,91.32,100.05,105.48,100.11,42,45,48,45,,,,,
AMR,91.17,91.32,91.32,100.05,105.48,100.11,42,45,48,45,,,,,
CMCM,91.17,91.32,91.32,100.05,105.48,100.11,42,45,48,45,,,,,
HCAI,91.17,91.32,91.32,100.05,105.48,100.11,42,45,48,45,,,,,
WTG,91.17,91.32,91.32,100.05,105.48,100.11,42,45,48,45,,,,,
LIQT,91.17,91.32,91.32,100.05,105.48,100.11,42,45,48,45,,,,,
SPH,91.17,91.32,91.32,100.05,105.48,100.11,42,45,48,45,,,,,
ASMB,91.17,91.32,91.32,100.05,105.48,100.11,42,45,48,45,,,,,
SQNS,91.17,91.32,91.32,100.05,105.48,100.11,42,45,48,45,,,,,
EPRX,91.17,91.32,91.32,100.05,105.48,100.11,42,45,48,45,,,,,
PLBY,91.17,91.32,91.32,100.05,105.48,100.11,42,45,48,45,,,,,
VECO,91.17,91.32,91.32,100.05,105.48,100.11,42,45,48,45,,,,,
COLD,91.17,91.32,91.32,100.05,105.48,100.11,42,45,48,45,,,,,
METCB,91.17,91.32,91.32,100.05,105.48,100.11,42,45,48,45,,,,,
CODA,91.17,91.32,91.32,100.05,105.48,100.11,42,45,48,45,,,,,
CBZ,91.17,91.32,91.32,100.05,105.48,100.11,42,45,48,45,,,,,
FORR,91.17,91.32,91.32,100.05,105.48,100.11,42,45,48,45,,,,,
BGMS,91.17,91.32,91.32,100.05,105.48,100.11,42,45,48,45,,,,,
NKE,91.17,91.32,91.32,100.05,105.48,100.11,42,45,48,45,,,,,
NA,91.17,91.32,91.32,100.05,105.48,100.11,42,45,48,45,,,,,
AENT,91.17,91.32,91.32,100.05,105.48,100.11,42,45,48,45,,,,,
AEHL,91.17,91.32,91.32,100.05,105.48,100.11,42,45,48,45,,,,,
APP,91.17,91.32,91.32,100.05,105.48,100.11,42,45,48,45,,,,,
AWR,91.17,91.32,91.32,100.05,105.48,100.11,42,45,48,45,,,,,
GSBC,91.17,91.32,91.32,100.05,105.48,100.11,42,45,48,45,,,,,
DSWL,91.17,91.32,91.32,100.05,105.48,100.11,42,45,48,45,,,,,
FMAO,91.17,91.32,91.32,100.05,105.48,100.11,42,45,48,45,,,,,
MGRT,91.17,91.32,91.32,100.05,105.48,100.11,42,45,48,45,,,,,
IONR,91.17,91.32,91.32,100.05,105.48,100.11,42,45,48,45,,,,,
JL,91.17,91.32,91.32,100.05,105.48,100.11,42,45,48,45,,,,,
AVNW,91.17,91.32,91.32,100.05,105.48,100.11,42,45,48,45,,,,,
AIIO,91.17,91.32,91.32,100.05,105.48,100.11,42,45,48,45,,,,,
GIBO,91.17,91.32,91.32,100.05,105.48,100.11,42,45,48,45,,,,,
BRLT,91.17,91.32,91.32,100.05,105.48,100.11,42,45,48,45,,,,,
CREV,91.17,91.32,91.32,100.05,105.48,100.11,42,45,48,45,,,,,
ANGH,91.17,91.32,91.32,100.05,105.48,100.11,42,45,48,45,,,,,
CNTB,91.17,91.32,91.32,100.05,105.48,100.11,42,45,48,45,,,,,
SUPV,91.17,91.32,91.32,100.05,105.48,100.11,42,45,48,45,,,,,
QUIK,91.17,91.32,91.32,100.05,105.48,100.11,42,45,48,45,,,,,
GSHRU,91.17,91.32,91.32,100.05,105.48,100.11,42,45,48,45,,,,,
MODD,91.17,91.32,91.32,100.05,105.48,100.11,42,45,48,45,,,,,
CHT,91.17,91.32,91.32,100.05,105.48,100.11,42,45,48,45,,,,,
RZLV,91.17,91.32,91.32,100.05,105.48,100.11,42,45,48,45,,,,,
IMCR,91.17,91.32,91.32,100.05,105.48,100.11,42,45,48,45,,,,,
NTAP,91.17,91.32,91.32,100.05,105.48,100.11,42,45,48,45,,,,,
TKLF,91.17,91.32,91.32,100.05,105.48,100.11,42,45,48,45,,,,,
DSX,91.17,91.32,91.32,100.05,105.48,100.11,42,45,48,45,,,,,
ZIP,91.17,91.32,91.32,100.05,105.48,100.11,42,45,48,45,,,,,
RITM,91.17,91.32,91.32,100.05,105.48,100.11,42,45,48,45,,,,,
TTNP,91.17,91.32,91.32,100.05,105.48,100.11,42,45,48,45,,,,,
QIPT,91.17,91.32,91.32,100.05,105.48,100.11,42,45,48,45,,,,,
PFBC,91.17,91.32,91.32,100.05,105.48,100.11,42,45,48,45,,,,,
SBAC,91.17,91.32,91.32,100.05,105.48,100.11,42,45,48,45,,,,,
NWBI,91.17,91.32,91.32,100.05,105.48,100.11,42,45,48,45,,,,,
BBD,91.17,91.32,91.32,100.05,105.48,100.11,42,45,48,45,,,,,
CAT,91.17,91.32,91.32,100.05,105.48,100.11,42,45,48,45,,,,,
MLAB,91.17,91.32,91.32,100.05,105.48,100.11,42,45,48,45,,,,,
WYNN,91.17,91.32,91.32,100.05,105.48,100.11,42,45,48,45,,,,,
EPM,91.17,91.32,91.32,100.05,105.48,100.11,42,45,48,45,,,,,
ALKT,91.17,91.32,91.32,100.05,105.48,100.11,42,45,48,45,,,,,
RCAT,91.17,91.32,91.32,100.05,105.48,100.11,42,45,48,45,,,,,
ABR,91.17,91.32,91.32,100.05,105.48,100.11,42,45,48,45,,,,,
MIR,91.17,91.32,91.32,100.05,105.48,100.11,42,45,48,45,,,,,
ADNT,91.17,91.32,91.32,100.05,105.48,100.11,42,45,48,45,,,,,
CUK,91.17,91.32,91.32,100.05,105.48,100.11,42,45,48,45,,,,,
SLB,91.17,91.32,91.32,100.05,105.48,100.11,42,45,48,45,,,,,
TTD,91.17,91.32,91.32,100.05,105.48,100.11,42,45,48,45,,,,,
BXC,91.17,91.32,91.32,100.05,105.48,100.11,42,45,48,45,,,,,
QNCX,91.17,91.32,91.32,100.05,105.48,100.11,42,45,48,45,,,,,
RNA,91.17,91.32,91.32,100.05,105.48,100.11,42,45,48,45,,,,,
BWBBP,91.17,91.32,91.32,100.05,105.48,100.11,42,45,48,45,,,,,
CLNN,91.17,91.32,91.32,100.05,105.48,100.11,42,45,48,45,,,,,
CLWT,91.17,91.32,91.32,100.05,105.48,100.11,42,45,48,45,,,,,
LZMH,91.17,91.32,91.32,100.05,105.48,100.11,42,45,48,45,,,,,
TYRA,91.17,91.32,91.32,100.05,105.48,100.11,42,45,48,45,,,,,
CCO,91.17,91.32,91.32,100.05,105.48,100.11,42,45,48,45,,,,,
SZZL,91.17,91.32,91.32,100.05,105.48,100.11,42,45,48,45,,,,,
TW,91.17,91.32,91.32,100.05,105.48,100.11,42,45,48,45,,,,,
HOWL,91.17,91.32,91.32,100.05,105.48,100.11,42,45,48,45,,,,,
ESP,91.17,91.32,91.32,100.05,105.48,100.11,42,45,48,45,,,,,
LCII,91.17,91.32,91.32,100.05,105.48,100.11,42,45,48,45,,,,,
BWIN,91.17,91.32,91.32,100.05,105.48,100.11,42,45,48,45,,,,,
STTK,91.17,91.32,91.32,100.05,105.48,100.11,42,45,48,45,,,,,
SPEG,91.17,91.32,91.32,100.05,105.48,100.11,42,45,48,45,,,,,
MVST,91.17,91.32,91.32,100.05,105.48,100.11,42,45,48,45,,,,,
DSGR,91.17,91.32,91.32,100.05,105.48,100.11,42,45,48,45,,,,,
LAR,91.17,91.32,91.32,100.05,105.48,100.11,42,45,48,45,,,,,
SLM,91.17,91.32,91.32,100.05,105.48,100.11,42,45,48,45,,,,,
LGO,91.17,91.32,91.32,100.05,105.48,100.11,42,45,48,45,,,,,
DV,91.17,91.32,91.32,100.05,105.48,100.11,42,45,48,45,,,,,
TM,91.17,91.32,91.32,100.05,105.48,100.11,42,45,48,45,,,,,
DY,91.17,91.32,91.32,100.05,105.48,100.11,42,45,48,45,,,,,
TAOX,91.17,91.32,91.32,100.05,105.48,100.11,42,45,48,45,,,,,
RSSS,91.17,91.32,91.32,100.05,105.48,100.11,42,45,48,45,,,,,
ONEG,91.17,91.32,91.32,100.05,105.48,100.11,42,45,48,45,,,,,
MKL,91.17,91.32,91.32,100.05,105.48,100.11,42,45,48,45,,,,,
SLVM,91.17,91.32,91.32,100.05,105.48,100.11,42,45,48,45,,,,,
LE,91.17,91.32,91.32,100.05,105.48,100.11,42,45,48,45,,,,,
SVACU,91.17,91.32,91.32,100.05,105.48,100.11,42,45,48,45,,,,,
LAW,91.17,91.32,91.32,100.05,105.48,100.11,42,45,48,45,,,,,
ELA,91.17,91.32,91.32,100.05,105.48,100.11,42,45,48,45,,,,,
RNXT,91.17,91.32,91.32,100.05,105.48,100.11,42,45,48,45,,,,,
CRVS,91.17,91.32,91.32,100.05,105.48,100.11,42,45,48,45,,,,,
BIAF,91.17,91.32,91.32,100.05,105.48,100.11,42,45,48,45,,,,,
BSAC,91.17,91.32,91.32,100.05,105.48,100.11,42,45,48,45,,,,,
MFIC,91.17,91.32,91.32,100.05,105.48,100.11,42,45,48,45,,,,,
TXMD,91.17,91.32,91.32,100.05,105.48,100.11,42,45,48,45,,,,,
AVXL,91.17,91.32,91.32,100.05,105.48,100.11,42,45,48,45,,,,,
PHR,91.17,91.32,91.32,100.05,105.48,100.11,42,45,48,45,,,,,
HYFT,91.17,91.32,91.32,100.05,105.48,100.11,42,45,48,45,,,,,
CVBF,91.17,91.32,91.32,100.05,105.48,100.11,42,45,48,45,,,,,
PYPL,91.17,91.32,91.32,100.05,105.48,100.11,42,45,48,45,,,,,
USPH,91.17,91.32,91.32,100.05,105.48,100.11,42,45,48,45,,,,,
VIVK,91.17,91.32,91.32,100.05,105.48,100.11,42,45,48,45,,,,,
NTSK,91.17,91.32,91.32,100.05,105.48,100.11,42,45,48,45,,,,,
HUBB,91.17,91.32,91.32,100.05,105.48,100.11,42,45,48,45,,,,,
MH,91.17,91.32,91.32,100.05,105.48,100.11,42,45,48,45,,,,,
EPC,91.17,91.32,91.32,100.05,105.48,100.11,42,45,48,45,,,,,
FERAU,91.17,91.32,91.32,100.05,105.48,100.11,42,45,48,45,,,,,
OVV,91.17,91.32,91.32,100.05,105.48,100.11,42,45,48,45,,,,,
ZNB,91.17,91.32,91.32,100.05,105.48,100.11,42,45,48,45,,,,,
THH,91.17,91.32,91.32,100.05,105.48,100.11,42,45,48,45,,,,,
DCI,91.17,91.32,91.32,100.05,105.48,100.11,42,45,48,45,,,,,
UNTY,91.17,91.32,91.32,100.05,105.48,100.11,42,45,48,45,,,,,
MBINM,91.17,91.32,91.32,100.05,105.48,100.11,42,45,48,45,,,,,
CADE,91.17,91.32,91.32,100.05,105.48,100.11,42,45,48,45,,,,,
VNO,91.17,91.32,91.32,100.05,105.48,100.11,42,45,48,45,,,,,
XRAY,91.17,91.32,91.32,100.05,105.48,100.11,42,45,48,45,,,,,
CYCN,91.17,91.32,91.32,100.05,105.48,100.11,42,45,48,45,,,,,
WRB,91.17,91.32,91.32,100.05,105.48,100.11,42,45,48,45,,,,,
HELE,91.17,91.32,91.32,100.05,105.48,100.11,42,45,48,45,,,,,
ADT,91.17,91.32,91.32,100.05,105.48,100.11,42,45,48,45,,,,,
MRC,91.17,91.32,91.32,100.05,105.48,100.11,42,45,48,45,,,,,
D,91.17,91.32,91.32,100.05,105.48,100.11,42,45,48,45,,,,,
KC,91.17,91.32,91.32,100.05,105.48,100.11,42,45,48,45,,,,,
RES,91.17,91.32,91.32,100.05,105.48,100.11,42,45,48,45,,,,,
SJ,91.17,91.32,91.32,100.05,105.48,100.11,42,45,48,45,,,,,
HOUR,91.17,91.32,91.32,100.05,105.48,100.11,42,45,48,45,,,,,
UGI,91.17,91.32,91.32,100.05,105.48,100.11,42,45,48,45,,,,,
LCUT,91.17,91.32,91.32,100.05,105.48,100.11,42,45,48,45,,,,,
RDCM,91.17,91.32,91.32,100.05,105.48,100.11,42,45,48,45,,,,,
MAIN,91.17,91.32,91.32,100.05,105.48,100.11,42,45,48,45,,,,,
LGCY,91.17,91.32,91.32,100.05,105.48,100.11,42,45,48,45,,,,,
FSHPU,91.17,91.32,91.32,100.05,105.48,100.11,42,45,48,45,,,,,
BKKT,91.17,91.32,91.32,100.05,105.48,100.11,42,45,48,45,,,,,
WLACU,91.17,91.32,91.32,100.05,105.48,100.11,42,45,48,45,,,,,
CCG,91.17,91.32,91.32,100.05,105.48,100.11,42,45,48,45,,,,,
AMBA,91.17,91.32,91.32,100.05,105.48,100.11,42,45,48,45,,,,,
SUI,91.17,91.32,91.32,100.05,105.48,100.11,42,45,48,45,,,,,
OLPX,91.17,91.32,91.32,100.05,105.48,100.11,42,45,48,45,,,,,
CELZ,91.17,91.32,91.32,100.05,105.48,100.11,42,45,48,45,,,,,
BBSI,91.17,91.32,91.32,100.05,105.48,100.11,42,45,48,45,,,,,
LSAK,91.17,91.32,91.32,100.05,105.48,100.11,42,45,48,45,,,,,
TGLS,91.17,91.32,91.32,100.05,105.48,100.11,42,45,48,45,,,,,
CAAP,91.17,91.32,91.32,100.05,105.48,100.11,42,45,48,45,,,,,
BRID,91.17,91.32,91.32,100.05,105.48,100.11,42,45,48,45,,,,,
STWD,91.17,91.32,91.32,100.05,105.48,100.11,42,45,48,45,,,,,
SGLY,91.17,91.32,91.32,100.05,105.48,100.11,42,45,48,45,,,,,
TDC,91.17,91.32,91.32,100.05,105.48,100.11,42,45,48,45,,,,,
RELX,91.17,91.32,91.32,100.05,105.48,100.11,42,45,48,45,,,,,
ANF,91.17,91.32,91.32,100.05,105.48,100.11,42,45,48,45,,,,,
EBF,91.17,91.32,91.32,100.05,105.48,100.11,42,45,48,45,,,,,
STEM,91.17,91.32,91.32,100.05,105.48,100.11,42,45,48,45,,,,,
PLBL,91.17,91.32,91.32,100.05,105.48,100.11,42,45,48,45,,,,,
DLO,91.17,91.32,91.32,100.05,105.48,100.11,42,45,48,45,,,,,
VLGEA,91.17,91.32,91.32,100.05,105.48,100.11,42,45,48,45,,,,,
ICFI,91.17,91.32,91.32,100.05,105.48,100.11,42,45,48,45,,,,,
UP,91.17,91.32,91.32,100.05,105.48,100.11,42,45,48,45,,,,,
SERA,91.17,91.32,91.32,100.05,105.48,100.11,42,45,48,45,,,,,
OCFC,91.17,91.32,91.32,100.05,105.48,100.11,42,45,48,45,,,,,
INMD,91.17,91.32,91.32,100.05,105.48,100.11,42,45,48,45,,,,,
BIP,91.17,91.32,91.32,100.05,105.48,100.11,42,45,48,45,,,,,
NAII,91.17,91.32,91.32,100.05,105.48,100.11,42,45,48,45,,,,,
CTLP,91.17,91.32,91.32,100.05,105.48,100.11,42,45,48,45,,,,,
DKNG,91.17,91.32,91.32,100.05,105.48,100.11,42,45,48,45,,,,,
HHH,91.17,91.32,91.32,100.05,105.48,100.11,42,45,48,45,,,,,
KDP,91.17,91.32,91.32,100.05,105.48,100.11,42,45,48,45,,,,,
GRMN,91.17,91.32,91.32,100.05,105.48,100.11,42,45,48,45,,,,,
KRNY,91.17,91.32,91.32,100.05,105.48,100.11,42,45,48,45,,,,,
BHB,91.17,91.32,91.32,100.05,105.48,100.11,42,45,48,45,,,,,
RMTI,91.17,91.32,91.32,100.05,105.48,100.11,42,45,48,45,,,,,
SYF,91.17,91.32,91.32,100.05,105.48,100.11,42,45,48,45,,,,,
XOM,91.17,91.32,91.32,100.05,105.48,100.11,42,45,48,45,,,,,
FET,91.17,91.32,91.32,100.05,105.48,100.11,42,45,48,45,,,,,
HVT,91.17,91.32,91.32,100.05,105.48,100.11,42,45,48,45,,,,,
SLRC,91.17,91.32,91.32,100.05,105.48,100.11,42,45,48,45,,,,,
IART,91.17,91.32,91.32,100.05,105.48,100.11,42,45,48,45,,,,,
YHC,91.17,91.32,91.32,100.05,105.48,100.11,42,45,48,45,,,,,
BLSH,91.17,91.32,91.32,100.05,105.48,100.11,42,45,48,45,,,,,
DAIC,91.17,91.32,91.32,100.05,105.48,100.11,42,45,48,45,,,,,
CLX,91.17,91.32,91.32,100.05,105.48,100.11,42,45,48,45,,,,,
DGNX,91.17,91.32,91.32,100.05,105.48,100.11,42,45,48,45,,,,,
ENPH,91.17,91.32,91.32,100.05,105.48,100.11,42,45,48,45,,,,,
DBGI,91.17,91.32,91.32,100.05,105.48,100.11,42,45,48,45,,,,,
BLDP,91.17,91.32,91.32,100.05,105.48,100.11,42,45,48,45,,,,,
INBS,91.17,91.32,91.32,100.05,105.48,100.11,42,45,48,45,,,,,
ESGL,91.17,91.32,91.32,100.05,105.48,100.11,42,45,48,45,,,,,
BHE,91.17,91.32,91.32,100.05,105.48,100.11,42,45,48,45,,,,,
MC,91.17,91.32,91.32,100.05,105.48,100.11,42,45,48,45,,,,,
KEY,91.17,91.32,91.32,100.05,105.48,100.11,42,45,48,45,,,,,
HZO,91.17,91.32,91.32,100.05,105.48,100.11,42,45,48,45,,,,,
KRT,91.17,91.32,91.32,100.05,105.48,100.11,42,45,48,45,,,,,
UMAC,91.17,91.32,91.32,100.05,105.48,100.11,42,45,48,45,,,,,
QTTB,91.17,91.32,91.32,100.05,105.48,100.11,42,45,48,45,,,,,
TWST,91.17,91.32,91.32,100.05,105.48,100.11,42,45,48,45,,,,,
REZI,91.17,91.32,91.32,100.05,105.48,100.11,42,45,48,45,,,,,
LVO,91.17,91.32,91.32,100.05,105.48,100.11,42,45,48,45,,,,,
AMIX,91.17,91.32,91.32,100.05,105.48,100.11,42,45,48,45,,,,,
PDS,91.17,91.32,91.32,100.05,105.48,100.11,42,45,48,45,,,,,
LKQ,91.17,91.32,91.32,100.05,105.48,100.11,42,45,48,45,,,,,
BSBK,91.17,91.32,91.32,100.05,105.48,100.11,42,45,48,45,,,,,
VOYG,91.17,91.32,91.32,100.05,105.48,100.11,42,45,48,45,,,,,
HASI,91.17,91.32,91.32,100.05,105.48,100.11,42,45,48,45,,,,,
MLYS,91.17,91.32,91.32,100.05,105.48,100.11,42,45,48,45,,,,,
HIND,91.17,91.32,91.32,100.05,105.48,100.11,42,45,48,45,,,,,
KNSL,91.17,91.32,91.32,100.05,105.48,100.11,42,45,48,45,,,,,
ALLY,91.17,91.32,91.32,100.05,105.48,100.11,42,45,48,45,,,,,
CRIS,91.17,91.32,91.32,100.05,105.48,100.11,42,45,48,45,,,,,
LBRX,91.17,91.32,91.32,100.05,105.48,100.11,42,45,48,45,,,,,
BEKE,91.17,91.32,91.32,100.05,105.48,100.11,42,45,48,45,,,,,
DTSQU,91.17,91.32,91.32,100.05,105.48,100.11,42,45,48,45,,,,,
THO,91.17,91.32,91.32,100.05,105.48,100.11,42,45,48,45,,,,,
QRHC,91.17,91.32,91.32,100.05,105.48,100.11,42,45,48,45,,,,,
NHI,91.17,91.32,91.32,100.05,105.48,100.11,42,45,48,45,,,,,
EMISU,91.17,91.32,91.32,100.05,105.48,100.11,42,45,48,45,,,,,
IVA,91.17,91.32,91.32,100.05,105.48,100.11,42,45,48,45,,,,,
JAGX,91.17,91.32,91.32,100.05,105.48,100.11,42,45,48,45,,,,,
WAVE,91.17,91.32,91.32,100.05,105.48,100.11,42,45,48,45,,,,,
MAYAU,91.17,91.32,91.32,100.05,105.48,100.11,42,45,48,45,,,,,
EIG,91.17,91.32,91.32,100.05,105.48,100.11,42,45,48,45,,,,,
AMZN,91.17,91.32,91.32,100.05,105.48,100.11,42,45,48,45,,,,,
HG,91.17,91.32,91.32,100.05,105.48,100.11,42,45,48,45,,,,,
HITI,91.17,91.32,91.32,100.05,105.48,100.11,42,45,48,45,,,,,
ISBA,91.17,91.32,91.32,100.05,105.48,100.11,42,45,48,45,,,,,
BRZE,91.17,91.32,91.32,100.05,105.48,100.11,42,45,48,45,,,,,
TTWO,91.17,91.32,91.32,100.05,105.48,100.11,42,45,48,45,,,,,
CLRO,91.17,91.32,91.32,100.05,105.48,100.11,42,45,48,45,,,,,
FIG,91.17,91.32,91.32,100.05,105.48,100.11,42,45,48,45,,,,,
OVLY,91.17,91.32,91.32,100.05,105.48,100.11,42,45,48,45,,,,,
HRTG,91.17,91.32,91.32,100.05,105.48,100.11,42,45,48,45,,,,,
NOA,91.17,91.32,91.32,100.05,105.48,100.11,42,45,48,45,,,,,
CRMT,91.17,91.32,91.32,100.05,105.48,100.11,42,45,48,45,,,,,
ANGX,91.17,91.32,91.32,100.05,105.48,100.11,42,45,48,45,,,,,
SNSE,91.17,91.32,91.32,100.05,105.48,100.11,42,45,48,45,,,,,
STM,91.17,91.32,91.32,100.05,105.48,100.11,42,45,48,45,,,,,
FGBI,91.17,91.32,91.32,100.05,105.48,100.11,42,45,48,45,,,,,
PPL,91.17,91.32,91.32,100.05,105.48,100.11,42,45,48,45,,,,,
IR,91.17,91.32,91.32,100.05,105.48,100.11,42,45,48,45,,,,,
PAYX,91.17,91.32,91.32,100.05,105.48,100.11,42,45,48,45,,,,,
CRVL,91.17,91.32,91.32,100.05,105.48,100.11,42,45,48,45,,,,,
FCAP,91.17,91.32,91.32,100.05,105.48,100.11,42,45,48,45,,,,,
JPM,91.17,91.32,91.32,100.05,105.48,100.11,42,45,48,45,,,,,
AGH,91.17,91.32,91.32,100.05,105.48,100.11,42,45,48,45,,,,,
NPWR,91.17,91.32,91.32,100.05,105.48,100.11,42,45,48,45,,,,,
FIVN,91.17,91.32,91.32,100.05,105.48,100.11,42,45,48,45,,,,,
EGAN,91.17,91.32,91.32,100.05,105.48,100.11,42,45,48,45,,,,,
IONS,91.17,91.32,91.32,100.05,105.48,100.11,42,45,48,45,,,,,
BNR,91.17,91.32,91.32,100.05,105.48,100.11,42,45,48,45,,,,,
YOUL,91.17,91.32,91.32,100.05,105.48,100.11,42,45,48,45,,,,,
SLN,91.17,91.32,91.32,100.05,105.48,100.11,42,45,48,45,,,,,
AACI,91.17,91.32,91.32,100.05,105.48,100.11,42,45,48,45,,,,,
HWBK,91.17,91.32,91.32,100.05,105.48,100.11,42,45,48,45,,,,,
FSLY,91.17,91.32,91.32,100.05,105.48,100.11,42,45,48,45,,,,,
METC,91.17,91.32,91.32,100.05,105.48,100.11,42,45,48,45,,,,,
INV,91.17,91.32,91.32,100.05,105.48,100.11,42,45,48,45,,,,,
AGAE,91.17,91.32,91.32,100.05,105.48,100.11,42,45,48,45,,,,,
CDW,91.17,91.32,91.32,100.05,105.48,100.11,42,45,48,45,,,,,
FINV,91.17,91.32,91.32,100.05,105.48,100.11,42,45,48,45,,,,,
HAFN,91.17,91.32,91.32,100.05,105.48,100.11,42,45,48,45,,,,,
NCT,91.17,91.32,91.32,100.05,105.48,100.11,42,45,48,45,,,,,
WIT,91.17,91.32,91.32,100.05,105.48,100.11,42,45,48,45,,,,,
CLAR,91.17,91.32,91.32,100.05,105.48,100.11,42,45,48,45,,,,,
MTAL,91.17,91.32,91.32,100.05,105.48,100.11,42,45,48,45,,,,,
PHUN,91.17,91.32,91.32,100.05,105.48,100.11,42,45,48,45,,,,,
BRY,91.17,91.32,91.32,100.05,105.48,100.11,42,45,48,45,,,,,
RFAIU,91.17,91.32,91.32,100.05,105.48,100.11,42,45,48,45,,,,,
LEVI,91.17,91.32,91.32,100.05,105.48,100.11,42,45,48,45,,,,,
NRC,91.17,91.32,91.32,100.05,105.48,100.11,42,45,48,45,,,,,
AVAV,91.17,91.32,91.32,100.05,105.48,100.11,42,45,48,45,,,,,
DTCK,91.17,91.32,91.32,100.05,105.48,100.11,42,45,48,45,,,,,
UG,91.17,91.32,91.32,100.05,105.48,100.11,42,45,48,45,,,,,
TFII,91.17,91.32,91.32,100.05,105.48,100.11,42,45,48,45,,,,,
CPAC,91.17,91.32,91.32,100.05,105.48,100.11,42,45,48,45,,,,,
SES,91.17,91.32,91.32,100.05,105.48,100.11,42,45,48,45,,,,,
CRMD,91.17,91.32,91.32,100.05,105.48,100.11,42,45,48,45,,,,,
SGD,91.17,91.32,91.32,100.05,105.48,100.11,42,45,48,45,,,,,
SER,91.17,91.32,91.32,100.05,105.48,100.11,42,45,48,45,,,,,
GOTU,91.17,91.32,91.32,100.05,105.48,100.11,42,45,48,45,,,,,
PASG,91.17,91.32,91.32,100.05,105.48,100.11,42,45,48,45,,,,,
EQX,91.17,91.32,91.32,100.05,105.48,100.11,42,45,48,45,,,,,
STLD,91.17,91.32,91.32,100.05,105.48,100.11,42,45,48,45,,,,,
MCTR,91.17,91.32,91.32,100.05,105.48,100.11,42,45,48,45,,,,,
TGS,91.17,91.32,91.32,100.05,105.48,100.11,42,45,48,45,,,,,
FC,91.17,91.32,91.32,100.05,105.48,100.11,42,45,48,45,,,,,
MNRO,91.17,91.32,91.32,100.05,105.48,100.11,42,45,48,45,,,,,
PNFP,91.17,91.32,91.32,100.05,105.48,100.11,42,45,48,45,,,,,
CZFS,91.17,91.32,91.32,100.05,105.48,100.11,42,45,48,45,,,,,
HYMC,91.17,91.32,91.32,100.05,105.48,100.11,42,45,48,45,,,,,
NTR,91.17,91.32,91.32,100.05,105.48,100.11,42,45,48,45,,,,,
WKHS,91.17,91.32,91.32,100.05,105.48,100.11,42,45,48,45,,,,,
WRLD,91.17,91.32,91.32,100.05,105.48,100.11,42,45,48,45,,,,,
FINW,91.17,91.32,91.32,100.05,105.48,100.11,42,45,48,45,,,,,
AER,91.17,91.32,91.32,100.05,105.48,100.11,42,45,48,45,,,,,
FERG,91.17,91.32,91.32,100.05,105.48,100.11,42,45,48,45,,,,,
CTRE,91.17,91.32,91.32,100.05,105.48,100.11,42,45,48,45,,,,,
FATBB,91.17,91.32,91.32,100.05,105.48,100.11,42,45,48,45,,,,,
ZUMZ,91.17,91.32,91.32,100.05,105.48,100.11,42,45,48,45,,,,,
ETR,91.17,91.32,91.32,100.05,105.48,100.11,42,45,48,45,,,,,
HLMN,91.17,91.32,91.32,100.05,105.48,100.11,42,45,48,45,,,,,
IPW,91.17,91.32,91.32,100.05,105.48,100.11,42,45,48,45,,,,,
OSUR,91.17,91.32,91.32,100.05,105.48,100.11,42,45,48,45,,,,,
CSL,91.17,91.32,91.32,100.05,105.48,100.11,42,45,48,45,,,,,
GEG,91.17,91.32,91.32,100.05,105.48,100.11,42,45,48,45,,,,,
LEA,91.17,91.32,91.32,100.05,105.48,100.11,42,45,48,45,,,,,
LNG,91.17,91.32,91.32,100.05,105.48,100.11,42,45,48,45,,,,,
LZM,91.17,91.32,91.32,100.05,105.48,100.11,42,45,48,45,,,,,
SDM,91.17,91.32,91.32,100.05,105.48,100.11,42,45,48,45,,,,,
LAMR,91.17,91.32,91.32,100.05,105.48,100.11,42,45,48,45,,,,,
BGSF,91.17,91.32,91.32,100.05,105.48,100.11,42,45,48,45,,,,,
NRIM,91.17,91.32,91.32,100.05,105.48,100.11,42,45,48,45,,,,,
FATN,91.17,91.32,91.32,100.05,105.48,100.11,42,45,48,45,,,,,
BLZE,91.17,91.32,91.32,100.05,105.48,100.11,42,45,48,45,,,,,
MSAI,91.17,91.32,91.32,100.05,105.48,100.11,42,45,48,45,,,,,
CHGG,91.17,91.32,91.32,100.05,105.48,100.11,42,45,48,45,,,,,
INO,91.17,91.32,91.32,100.05,105.48,100.11,42,45,48,45,,,,,
TVAI,91.17,91.32,91.32,100.05,105.48,100.11,42,45,48,45,,,,,
PACH,91.17,91.32,91.32,100.05,105.48,100.11,42,45,48,45,,,,,
INAC,91.17,91.32,91.32,100.05,105.48,100.11,42,45,48,45,,,,,
STVN,91.17,91.32,91.32,100.05,105.48,100.11,42,45,48,45,,,,,
FVNNU,91.17,91.32,91.32,100.05,105.48,100.11,42,45,48,45,,,,,
OPAD,91.17,91.32,91.32,100.05,105.48,100.11,42,45,48,45,,,,,
WHF,91.17,91.32,91.32,100.05,105.48,100.11,42,45,48,45,,,,,
PROV,91.17,91.32,91.32,100.05,105.48,100.11,42,45,48,45,,,,,
IOSP,91.17,91.32,91.32,100.05,105.48,100.11,42,45,48,45,,,,,
BIPC,91.17,91.32,91.32,100.05,105.48,100.11,42,45,48,45,,,,,
GWAV,91.17,91.32,91.32,100.05,105.48,100.11,42,45,48,45,,,,,
BV,91.17,91.32,91.32,100.05,105.48,100.11,42,45,48,45,,,,,
LSBK,91.17,91.32,91.32,100.05,105.48,100.11,42,45,48,45,,,,,
PLTR,91.17,91.32,91.32,100.05,105.48,100.11,42,45,48,45,,,,,
CHR,91.17,91.32,91.32,100.05,105.48,100.11,42,45,48,45,,,,,
CULP,91.17,91.32,91.32,100.05,105.48,100.11,42,45,48,45,,,,,
ASYS,91.17,91.32,91.32,100.05,105.48,100.11,42,45,48,45,,,,,
LGL,91.17,91.32,91.32,100.05,105.48,100.11,42,45,48,45,,,,,
CISS,91.17,91.32,91.32,100.05,105.48,100.11,42,45,48,45,,,,,
CRM,91.17,91.32,91.32,100.05,105.48,100.11,42,45,48,45,,,,,
MYND,91.17,91.32,91.32,100.05,105.48,100.11,42,45,48,45,,,,,
CDNS,91.17,91.32,91.32,100.05,105.48,100.11,42,45,48,45,,,,,
UPB,91.17,91.32,91.32,100.05,105.48,100.11,42,45,48,45,,,,,
BLKB,91.17,91.32,91.32,100.05,105.48,100.11,42,45,48,45,,,,,
LAWR,91.17,91.32,91.32,100.05,105.48,100.11,42,45,48,45,,,,,
SAGT,91.17,91.32,91.32,100.05,105.48,100.11,42,45,48,45,,,,,
LOPE,91.17,91.32,91.32,100.05,105.48,100.11,42,45,48,45,,,,,
MDCX,91.17,91.32,91.32,100.05,105.48,100.11,42,45,48,45,,,,,
PD,91.17,91.32,91.32,100.05,105.48,100.11,42,45,48,45,,,,,
AXON,91.17,91.32,91.32,100.05,105.48,100.11,42,45,48,45,,,,,
INDI,91.17,91.32,91.32,100.05,105.48,100.11,42,45,48,45,,,,,
TBCH,91.17,91.32,91.32,100.05,105.48,100.11,42,45,48,45,,,,,
CSTE,91.17,91.32,91.32,100.05,105.48,100.11,42,45,48,45,,,,,
TOST,91.17,91.32,91.32,100.05,105.48,100.11,42,45,48,45,,,,,
BANX,91.17,91.32,91.32,100.05,105.48,100.11,42,45,48,45,,,,,
LVTX,91.17,91.32,91.32,100.05,105.48,100.11,42,45,48,45,,,,,
AL,91.17,91.32,91.32,100.05,105.48,100.11,42,45,48,45,,,,,
WES,91.17,91.32,91.32,100.05,105.48,100.11,42,45,48,45,,,,,
PGY,91.17,91.32,91.32,100.05,105.48,100.11,42,45,48,45,,,,,
DHI,91.17,91.32,91.32,100.05,105.48,100.11,42,45,48,45,,,,,
RMCO,91.17,91.32,91.32,100.05,105.48,100.11,42,45,48,45,,,,,
VIRC,91.17,91.32,91.32,100.05,105.48,100.11,42,45,48,45,,,,,
IPCX,91.17,91.32,91.32,100.05,105.48,100.11,42,45,48,45,,,,,
FSM,91.17,91.32,91.32,100.05,105.48,100.11,42,45,48,45,,,,,
SPCB,91.17,91.32,91.32,100.05,105.48,100.11,42,45,48,45,,,,,
MLKN,91.17,91.32,91.32,100.05,105.48,100.11,42,45,48,45,,,,,
MGTX,91.17,91.32,91.32,100.05,105.48,100.11,42,45,48,45,,,,,
GBIO,91.17,91.32,91.32,100.05,105.48,100.11,42,45,48,45,,,,,
KEQU,91.17,91.32,91.32,100.05,105.48,100.11,42,45,48,45,,,,,
APRE,91.17,91.32,91.32,100.05,105.48,100.11,42,45,48,45,,,,,
MITT,91.17,91.32,91.32,100.05,105.48,100.11,42,45,48,45,,,,,
WVE,91.17,91.32,91.32,100.05,105.48,100.11,42,45,48,45,,,,,
DVLT,91.17,91.32,91.32,100.05,105.48,100.11,42,45,48,45,,,,,
SEM,91.17,91.32,91.32,100.05,105.48,100.11,42,45,48,45,,,,,
TFC,91.17,91.32,91.32,100.05,105.48,100.11,42,45,48,45,,,,,
RYDE,91.17,91.32,91.32,100.05,105.48,100.11,42,45,48,45,,,,,
HD,91.17,91.32,91.32,100.05,105.48,100.11,42,45,48,45,,,,,
ACTG,91.17,91.32,91.32,100.05,105.48,100.11,42,45,48,45,,,,,
AD,91.17,91.32,91.32,100.05,105.48,100.11,42,45,48,45,,,,,
FRGT,91.17,91.32,91.32,100.05,105.48,100.11,42,45,48,45,,,,,
ALLE,91.17,91.32,91.32,100.05,105.48,100.11,42,45,48,45,,,,,
AEM,91.17,91.32,91.32,100.05,105.48,100.11,42,45,48,45,,,,,
PCYO,91.17,91.32,91.32,100.05,105.48,100.11,42,45,48,45,,,,,
SJT,91.17,91.32,91.32,100.05,105.48,100.11,42,45,48,45,,,,,
IROH,91.17,91.32,91.32,100.05,105.48,100.11,42,45,48,45,,,,,
VLO,91.17,91.32,91.32,100.05,105.48,100.11,42,45,48,45,,,,,
BGFV,91.17,91.32,91.32,100.05,105.48,100.11,42,45,48,45,,,,,
ESTA,91.17,91.32,91.32,100.05,105.48,100.11,42,45,48,45,,,,,
RVSN,91.17,91.32,91.32,100.05,105.48,100.11,42,45,48,45,,,,,
RKT,91.17,91.32,91.32,100.05,105.48,100.11,42,45,48,45,,,,,
UA,91.17,91.32,91.32,100.05,105.48,100.11,42,45,48,45,,,,,
CVI,91.17,91.32,91.32,100.05,105.48,100.11,42,45,48,45,,,,,
BTSG,91.17,91.32,91.32,100.05,105.48,100.11,42,45,48,45,,,,,
NATR,91.17,91.32,91.32,100.05,105.48,100.11,42,45,48,45,,,,,
ELUT,91.17,91.32,91.32,100.05,105.48,100.11,42,45,48,45,,,,,
STRZ,91.17,91.32,91.32,100.05,105.48,100.11,42,45,48,45,,,,,
MAMK,91.17,91.32,91.32,100.05,105.48,100.11,42,45,48,45,,,,,
GFAI,91.17,91.32,91.32,100.05,105.48,100.11,42,45,48,45,,,,,
RDDT,91.17,91.32,91.32,100.05,105.48,100.11,42,45,48,45,,,,,
BMBL,91.17,91.32,91.32,100.05,105.48,100.11,42,45,48,45,,,,,
ELSE,91.17,91.32,91.32,100.05,105.48,100.11,42,45,48,45,,,,,
HGBL,91.17,91.32,91.32,100.05,105.48,100.11,42,45,48,45,,,,,
TPC,91.17,91.32,91.32,100.05,105.48,100.11,42,45,48,45,,,,,
DDOG,91.17,91.32,91.32,100.05,105.48,100.11,42,45,48,45,,,,,
SLDB,91.17,91.32,91.32,100.05,105.48,100.11,42,45,48,45,,,,,
CSPI,91.17,91.32,91.32,100.05,105.48,100.11,42,45,48,45,,,,,
FEBO,91.17,91.32,91.32,100.05,105.48,100.11,42,45,48,45,,,,,
CIIT,91.17,91.32,91.32,100.05,105.48,100.11,42,45,48,45,,,,,
FCUV,91.17,91.32,91.32,100.05,105.48,100.11,42,45,48,45,,,,,
PAYS,91.17,91.32,91.32,100.05,105.48,100.11,42,45,48,45,,,,,
LEXX,91.17,91.32,91.32,100.05,105.48,100.11,42,45,48,45,,,,,
CVX,91.17,91.32,91.32,100.05,105.48,100.11,42,45,48,45,,,,,
FGL,91.17,91.32,91.32,100.05,105.48,100.11,42,45,48,45,,,,,
HAYW,91.17,91.32,91.32,100.05,105.48,100.11,42,45,48,45,,,,,
ARX,91.17,91.32,91.32,100.05,105.48,100.11,42,45,48,45,,,,,
NMAX,91.17,91.32,91.32,100.05,105.48,100.11,42,45,48,45,,,,,
INFY,91.17,91.32,91.32,100.05,105.48,100.11,42,45,48,45,,,,,
EFSI,91.17,91.32,91.32,100.05,105.48,100.11,42,45,48,45,,,,,
OC,91.17,91.32,91.32,100.05,105.48,100.11,42,45,48,45,,,,,
UYSCU,91.17,91.32,91.32,100.05,105.48,100.11,42,45,48,45,,,,,
FA,91.17,91.32,91.32,100.05,105.48,100.11,42,45,48,45,,,,,
MGLD,91.17,91.32,91.32,100.05,105.48,100.11,42,45,48,45,,,,,
MZTI,91.17,91.32,91.32,100.05,105.48,100.11,42,45,48,45,,,,,
HLIO,91.17,91.32,91.32,100.05,105.48,100.11,42,45,48,45,,,,,
CLCO,91.17,91.32,91.32,100.05,105.48,100.11,42,45,48,45,,,,,
SPRB,91.17,91.32,91.32,100.05,105.48,100.11,42,45,48,45,,,,,
TAVIU,91.17,91.32,91.32,100.05,105.48,100.11,42,45,48,45,,,,,
ABCL,91.17,91.32,91.32,100.05,105.48,100.11,42,45,48,45,,,,,
LION,91.17,91.32,91.32,100.05,105.48,100.11,42,45,48,45,,,,,
HTO,91.17,91.32,91.32,100.05,105.48,100.11,42,45,48,45,,,,,
VYGR,91.17,91.32,91.32,100.05,105.48,100.11,42,45,48,45,,,,,
SPCE,91.17,91.32,91.32,100.05,105.48,100.11,42,45,48,45,,,,,
PCOR,91.17,91.32,91.32,100.05,105.48,100.11,42,45,48,45,,,,,
MRBK,91.17,91.32,91.32,100.05,105.48,100.11,42,45,48,45,,,,,
THRM,91.17,91.32,91.32,100.05,105.48,100.11,42,45,48,45,,,,,
GSIT,91.17,91.32,91.32,100.05,105.48,100.11,42,45,48,45,,,,,
SSBI,91.17,91.32,91.32,100.05,105.48,100.11,42,45,48,45,,,,,
MQ,91.17,91.32,91.32,100.05,105.48,100.11,42,45,48,45,,,,,
HIW,91.17,91.32,91.32,100.05,105.48,100.11,42,45,48,45,,,,,
UROY,91.17,91.32,91.32,100.05,105.48,100.11,42,45,48,45,,,,,
KCHV,91.17,91.32,91.32,100.05,105.48,100.11,42,45,48,45,,,,,
PRPL,91.17,91.32,91.32,100.05,105.48,100.11,42,45,48,45,,,,,
FLL,91.17,91.32,91.32,100.05,105.48,100.11,42,45,48,45,,,,,
OII,91.17,91.32,91.32,100.05,105.48,100.11,42,45,48,45,,,,,
OSK,91.17,91.32,91.32,100.05,105.48,100.11,42,45,48,45,,,,,
CLW,91.17,91.32,91.32,100.05,105.48,100.11,42,45,48,45,,,,,
CASI,91.17,91.32,91.32,100.05,105.48,100.11,42,45,48,45,,,,,
MT,91.17,91.32,91.32,100.05,105.48,100.11,42,45,48,45,,,,,
GTLS,91.17,91.32,91.32,100.05,105.48,100.11,42,45,48,45,,,,,
PENN,91.17,91.32,91.32,100.05,105.48,100.11,42,45,48,45,,,,,
FNKO,91.17,91.32,91.32,100.05,105.48,100.11,42,45,48,45,,,,,
XYZ,91.17,91.32,91.32,100.05,105.48,100.11,42,45,48,45,,,,,
ADGM,91.17,91.32,91.32,100.05,105.48,100.11,42,45,48,45,,,,,
ASST,91.17,91.32,91.32,100.05,105.48,100.11,42,45,48,45,,,,,
JLHL,91.17,91.32,91.32,100.05,105.48,100.11,42,45,48,45,,,,,
ADVM,91.17,91.32,91.32,100.05,105.48,100.11,42,45,48,45,,,,,
JBDI,91.17,91.32,91.32,100.05,105.48,100.11,42,45,48,45,,,,,
CDT,91.17,91.32,91.32,100.05,105.48,100.11,42,45,48,45,,,,,
ISRG,91.17,91.32,91.32,100.05,105.48,100.11,42,45,48,45,,,,,
NEGG,91.17,91.32,91.32,100.05,105.48,100.11,42,45,48,45,,,,,
LTH,91.17,91.32,91.32,100.05,105.48,100.11,42,45,48,45,,,,,
AKTX,91.17,91.32,91.32,100.05,105.48,100.11,42,45,48,45,,,,,
APLE,91.17,91.32,91.32,100.05,105.48,100.11,42,45,48,45,,,,,
SG,91.17,91.32,91.32,100.05,105.48,100.11,42,45,48,45,,,,,
HST,91.17,91.32,91.32,100.05,105.48,100.11,42,45,48,45,,,,,
HDB,91.17,91.32,91.32,100.05,105.48,100.11,42,45,48,45,,,,,
AROW,91.17,91.32,91.32,100.05,105.48,100.11,42,45,48,45,,,,,
PKOH,91.17,91.32,91.32,100.05,105.48,100.11,42,45,48,45,,,,,
AGI,91.17,91.32,91.32,100.05,105.48,100.11,42,45,48,45,,,,,
SCYX,91.17,91.32,91.32,100.05,105.48,100.11,42,45,48,45,,,,,
KAR,91.17,91.32,91.32,100.05,105.48,100.11,42,45,48,45,,,,,
IRTC,91.17,91.32,91.32,100.05,105.48,100.11,42,45,48,45,,,,,
TXNM,91.17,91.32,91.32,100.05,105.48,100.11,42,45,48,45,,,,,
OR,91.17,91.32,91.32,100.05,105.48,100.11,42,45,48,45,,,,,
RIOT,91.17,91.32,91.32,100.05,105.48,100.11,42,45,48,45,,,,,
PRA,91.17,91.32,91.32,100.05,105.48,100.11,42,45,48,45,,,,,
MRKR,91.17,91.32,91.32,100.05,105.48,100.11,42,45,48,45,,,,,
TDTH,91.17,91.32,91.32,100.05,105.48,100.11,42,45,48,45,,,,,
ABVC,91.17,91.32,91.32,100.05,105.48,100.11,42,45,48,45,,,,,
SB,91.17,91.32,91.32,100.05,105.48,100.11,42,45,48,45,,,,,
PHOE,91.17,91.32,91.32,100.05,105.48,100.11,42,45,48,45,,,,,
ONFO,91.17,91.32,91.32,100.05,105.48,100.11,42,45,48,45,,,,,
DIS,91.17,91.32,91.32,100.05,105.48,100.11,42,45,48,45,,,,,
SMSI,91.17,91.32,91.32,100.05,105.48,100.11,42,45,48,45,,,,,
CSAN,91.17,91.32,91.32,100.05,105.48,100.11,42,45,48,45,,,,,
LXEH,91.17,91.32,91.32,100.05,105.48,100.11,42,45,48,45,,,,,
VGZ,91.17,91.32,91.32,100.05,105.48,100.11,42,45,48,45,,,,,
ANAB,91.17,91.32,91.32,100.05,105.48,100.11,42,45,48,45,,,,,
ROL,91.17,91.32,91.32,100.05,105.48,100.11,42,45,48,45,,,,,
CRCL,91.17,91.32,91.32,100.05,105.48,100.11,42,45,48,45,,,,,
GPRO,91.17,91.32,91.32,100.05,105.48,100.11,42,45,48,45,,,,,
ESAB,91.17,91.32,91.32,100.05,105.48,100.11,42,45,48,45,,,,,
BP,91.17,91.32,91.32,100.05,105.48,100.11,42,45,48,45,,,,,
UWMC,91.17,91.32,91.32,100.05,105.48,100.11,42,45,48,45,,,,,
AVNS,91.17,91.32,91.32,100.05,105.48,100.11,42,45,48,45,,,,,
OBDC,91.17,91.32,91.32,100.05,105.48,100.11,42,45,48,45,,,,,
AURA,91.17,91.32,91.32,100.05,105.48,100.11,42,45,48,45,,,,,
SE,91.17,91.32,91.32,100.05,105.48,100.11,42,45,48,45,,,,,
NINE,91.17,91.32,91.32,100.05,105.48,100.11,42,45,48,45,,,,,
VRAR,91.17,91.32,91.32,100.05,105.48,100.11,42,45,48,45,,,,,
CCAP,91.17,91.32,91.32,100.05,105.48,100.11,42,45,48,45,,,,,
GH,91.17,91.32,91.32,100.05,105.48,100.11,42,45,48,45,,,,,
RACE,91.17,91.32,91.32,100.05,105.48,100.11,42,45,48,45,,,,,
BTMD,91.17,91.32,91.32,100.05,105.48,100.11,42,45,48,45,,,,,
RRC,91.17,91.32,91.32,100.05,105.48,100.11,42,45,48,45,,,,,
WCC,91.17,91.32,91.32,100.05,105.48,100.11,42,45,48,45,,,,,
PLUG,91.17,91.32,91.32,100.05,105.48,100.11,42,45,48,45,,,,,
KURA,91.17,91.32,91.32,100.05,105.48,100.11,42,45,48,45,,,,,
QSR,91.17,91.32,91.32,100.05,105.48,100.11,42,45,48,45,,,,,
YMAT,91.17,91.32,91.32,100.05,105.48,100.11,42,45,48,45,,,,,
EVI,91.17,91.32,91.32,100.05,105.48,100.11,42,45,48,45,,,,,
TNYA,91.17,91.32,91.32,100.05,105.48,100.11,42,45,48,45,,,,,
CRUS,91.17,91.32,91.32,100.05,105.48,100.11,42,45,48,45,,,,,
MAMO,91.17,91.32,91.32,100.05,105.48,100.11,42,45,48,45,,,,,
RYM,91.17,91.32,91.32,100.05,105.48,100.11,42,45,48,45,,,,,
SBLX,91.17,91.32,91.32,100.05,105.48,100.11,42,45,48,45,,,,,
USEA,91.17,91.32,91.32,100.05,105.48,100.11,42,45,48,45,,,,,
DGICB,91.17,91.32,91.32,100.05,105.48,100.11,42,45,48,45,,,,,
WEAV,91.17,91.32,91.32,100.05,105.48,100.11,42,45,48,45,,,,,
OMDA,91.17,91.32,91.32,100.05,105.48,100.11,42,45,48,45,,,,,
SKYH,91.17,91.32,91.32,100.05,105.48,100.11,42,45,48,45,,,,,
VLN,91.17,91.32,91.32,100.05,105.48,100.11,42,45,48,45,,,,,
UMC,91.17,91.32,91.32,100.05,105.48,100.11,42,45,48,45,,,,,
GEHC,91.17,91.32,91.32,100.05,105.48,100.11,42,45,48,45,,,,,
PRMB,91.17,91.32,91.32,100.05,105.48,100.11,42,45,48,45,,,,,
BEAGU,91.17,91.32,91.32,100.05,105.48,100.11,42,45,48,45,,,,,
USFD,91.17,91.32,91.32,100.05,105.48,100.11,42,45,48,45,,,,,
FOXX,91.17,91.32,91.32,100.05,105.48,100.11,42,45,48,45,,,,,
DDS,91.17,91.32,91.32,100.05,105.48,100.11,42,45,48,45,,,,,
HKPD,91.17,91.32,91.32,100.05,105.48,100.11,42,45,48,45,,,,,
ETSY,91.17,91.32,91.32,100.05,105.48,100.11,42,45,48,45,,,,,
GPI,91.17,91.32,91.32,100.05,105.48,100.11,42,45,48,45,,,,,
TLS,91.17,91.32,91.32,100.05,105.48,100.11,42,45,48,45,,,,,
FSBC,91.17,91.32,91.32,100.05,105.48,100.11,42,45,48,45,,,,,
STOK,91.17,91.32,91.32,100.05,105.48,100.11,42,45,48,45,,,,,
SEVN,91.17,91.32,91.32,100.05,105.48,100.11,42,45,48,45,,,,,
PLNT,91.17,91.32,91.32,100.05,105.48,100.11,42,45,48,45,,,,,
REXR,91.17,91.32,91.32,100.05,105.48,100.11,42,45,48,45,,,,,
DHX,91.17,91.32,91.32,100.05,105.48,100.11,42,45,48,45,,,,,
MLTX,91.17,91.32,91.32,100.05,105.48,100.11,42,45,48,45,,,,,
SNYR,91.17,91.32,91.32,100.05,105.48,100.11,42,45,48,45,,,,,
EXLS,91.17,91.32,91.32,100.05,105.48,100.11,42,45,48,45,,,,,
GRNT,91.17,91.32,91.32,100.05,105.48,100.11,42,45,48,45,,,,,
OMER,91.17,91.32,91.32,100.05,105.48,100.11,42,45,48,45,,,,,
PARR,91.17,91.32,91.32,100.05,105.48,100.11,42,45,48,45,,,,,
SDOT,91.17,91.32,91.32,100.05,105.48,100.11,42,45,48,45,,,,,
TLF,91.17,91.32,91.32,100.05,105.48,100.11,42,45,48,45,,,,,
GKOS,91.17,91.32,91.32,100.05,105.48,100.11,42,45,48,45,,,,,
BROS,91.17,91.32,91.32,100.05,105.48,100.11,42,45,48,45,,,,,
DVAX,91.17,91.32,91.32,100.05,105.48,100.11,42,45,48,45,,,,,
KARO,91.17,91.32,91.32,100.05,105.48,100.11,42,45,48,45,,,,,
FTEL,91.17,91.32,91.32,100.05,105.48,100.11,42,45,48,45,,,,,
SLP,91.17,91.32,91.32,100.05,105.48,100.11,42,45,48,45,,,,,
CURB,91.17,91.32,91.32,100.05,105.48,100.11,42,45,48,45,,,,,
VIST,91.17,91.32,91.32,100.05,105.48,100.11,42,45,48,45,,,,,
EVTC,91.17,91.32,91.32,100.05,105.48,100.11,42,45,48,45,,,,,
WEN,91.17,91.32,91.32,100.05,105.48,100.11,42,45,48,45,,,,,
PECO,91.17,91.32,91.32,100.05,105.48,100.11,42,45,48,45,,,,,
MMC,91.17,91.32,91.32,100.05,105.48,100.11,42,45,48,45,,,,,
CNXN,91.17,91.32,91.32,100.05,105.48,100.11,42,45,48,45,,,,,
ERNA,91.17,91.32,91.32,100.05,105.48,100.11,42,45,48,45,,,,,
GITS,91.17,91.32,91.32,100.05,105.48,100.11,42,45,48,45,,,,,
KRMD,91.17,91.32,91.32,100.05,105.48,100.11,42,45,48,45,,,,,
PHIO,91.17,91.32,91.32,100.05,105.48,100.11,42,45,48,45,,,,,
UCTT,91.17,91.32,91.32,100.05,105.48,100.11,42,45,48,45,,,,,
CMMB,91.17,91.32,91.32,100.05,105.48,100.11,42,45,48,45,,,,,
ITT,91.17,91.32,91.32,100.05,105.48,100.11,42,45,48,45,,,,,
EPOW,91.17,91.32,91.32,100.05,105.48,100.11,42,45,48,45,,,,,
ZYBT,91.17,91.32,91.32,100.05,105.48,100.11,42,45,48,45,,,,,
AEP,91.17,91.32,91.32,100.05,105.48,100.11,42,45,48,45,,,,,
DCTH,91.17,91.32,91.32,100.05,105.48,100.11,42,45,48,45,,,,,
AUB,91.17,91.32,91.32,100.05,105.48,100.11,42,45,48,45,,,,,
LKFN,91.17,91.32,91.32,100.05,105.48,100.11,42,45,48,45,,,,,
ORN,91.17,91.32,91.32,100.05,105.48,100.11,42,45,48,45,,,,,
HALO,91.17,91.32,91.32,100.05,105.48,100.11,42,45,48,45,,,,,
PKG,91.17,91.32,91.32,100.05,105.48,100.11,42,45,48,45,,,,,
GMRE,91.17,91.32,91.32,100.05,105.48,100.11,42,45,48,45,,,,,
TRSG,91.17,91.32,91.32,100.05,105.48,100.11,42,45,48,45,,,,,
AAM,91.17,91.32,91.32,100.05,105.48,100.11,42,45,48,45,,,,,
LBRT,91.17,91.32,91.32,100.05,105.48,100.11,42,45,48,45,,,,,
HIHO,91.17,91.32,91.32,100.05,105.48,100.11,42,45,48,45,,,,,
CRAQU,91.17,91.32,91.32,100.05,105.48,100.11,42,45,48,45,,,,,
MOVE,91.17,91.32,91.32,100.05,105.48,100.11,42,45,48,45,,,,,
IKT,91.17,91.32,91.32,100.05,105.48,100.11,42,45,48,45,,,,,
AGNCN,91.17,91.32,91.32,100.05,105.48,100.11,42,45,48,45,,,,,
CRK,91.17,91.32,91.32,100.05,105.48,100.11,42,45,48,45,,,,,
USAR,91.17,91.32,91.32,100.05,105.48,100.11,42,45,48,45,,,,,
TIGR,91.17,91.32,91.32,100.05,105.48,100.11,42,45,48,45,,,,,
MTSI,91.17,91.32,91.32,100.05,105.48,100.11,42,45,48,45,,,,,
XPL,91.17,91.32,91.32,100.05,105.48,100.11,42,45,48,45,,,,,
RCON,91.17,91.32,91.32,100.05,105.48,100.11,42,45,48,45,,,,,
IAUX,91.17,91.32,91.32,100.05,105.48,100.11,42,45,48,45,,,,,
MTH,91.17,91.32,91.32,100.05,105.48,100.11,42,45,48,45,,,,,
VVV,91.17,91.32,91.32,100.05,105.48,100.11,42,45,48,45,,,,,
LIVN,91.17,91.32,91.32,100.05,105.48,100.11,42,45,48,45,,,,,
GWH,91.17,91.32,91.32,100.05,105.48,100.11,42,45,48,45,,,,,
FGMCU,91.17,91.32,91.32,100.05,105.48,100.11,42,45,48,45,,,,,
PSN,91.17,91.32,91.32,100.05,105.48,100.11,42,45,48,45,,,,,
DNLI,91.17,91.32,91.32,100.05,105.48,100.11,42,45,48,45,,,,,
BCDA,91.17,91.32,91.32,100.05,105.48,100.11,42,45,48,45,,,,,
VTLE,91.17,91.32,91.32,100.05,105.48,100.11,42,45,48,45,,,,,
MFG,91.17,91.32,91.32,100.05,105.48,100.11,42,45,48,45,,,,,
NIPG,91.17,91.32,91.32,100.05,105.48,100.11,42,45,48,45,,,,,
ALNT,91.17,91.32,91.32,100.05,105.48,100.11,42,45,48,45,,,,,
MSS,91.17,91.32,91.32,100.05,105.48,100.11,42,45,48,45,,,,,
PMTR,91.17,91.32,91.32,100.05,105.48,100.11,42,45,48,45,,,,,
GHI,91.17,91.32,91.32,100.05,105.48,100.11,42,45,48,45,,,,,
OGI,91.17,91.32,91.32,100.05,105.48,100.11,42,45,48,45,,,,,
SRFM,91.17,91.32,91.32,100.05,105.48,100.11,42,45,48,45,,,,,
OEC,91.17,91.32,91.32,100.05,105.48,100.11,42,45,48,45,,,,,
BWMX,91.17,91.32,91.32,100.05,105.48,100.11,42,45,48,45,,,,,
ALIT,91.17,91.32,91.32,100.05,105.48,100.11,42,45,48,45,,,,,
OKTA,91.17,91.32,91.32,100.05,105.48,100.11,42,45,48,45,,,,,
YYAI,91.17,91.32,91.32,100.05,105.48,100.11,42,45,48,45,,,,,
ARCB,91.17,91.32,91.32,100.05,105.48,100.11,42,45,48,45,,,,,
PLRX,91.17,91.32,91.32,100.05,105.48,100.11,42,45,48,45,,,,,
GELS,91.17,91.32,91.32,100.05,105.48,100.11,42,45,48,45,,,,,
MCHP,91.17,91.32,91.32,100.05,105.48,100.11,42,45,48,45,,,,,
AOS,91.17,91.32,91.32,100.05,105.48,100.11,42,45,48,45,,,,,
ESI,91.17,91.32,91.32,100.05,105.48,100.11,42,45,48,45,,,,,
RS,91.17,91.32,91.32,100.05,105.48,100.11,42,45,48,45,,,,,
PRKS,91.17,91.32,91.32,100.05,105.48,100.11,42,45,48,45,,,,,
GHLD,91.17,91.32,91.32,100.05,105.48,100.11,42,45,48,45,,,,,
XTKG,91.17,91.32,91.32,100.05,105.48,100.11,42,45,48,45,,,,,
SPMC,91.17,91.32,91.32,100.05,105.48,100.11,42,45,48,45,,,,,
GROW,91.17,91.32,91.32,100.05,105.48,100.11,42,45,48,45,,,,,
TTAM,91.17,91.32,91.32,100.05,105.48,100.11,42,45,48,45,,,,,
DXLG,91.17,91.32,91.32,100.05,105.48,100.11,42,45,48,45,,,,,
IMOS,91.17,91.32,91.32,100.05,105.48,100.11,42,45,48,45,,,,,
LPAAU,91.17,91.32,91.32,100.05,105.48,100.11,42,45,48,45,,,,,
FOXF,91.17,91.32,91.32,100.05,105.48,100.11,42,45,48,45,,,,,
BSAA,91.17,91.32,91.32,100.05,105.48,100.11,42,45,48,45,,,,,
HIT,91.17,91.32,91.32,100.05,105.48,100.11,42,45,48,45,,,,,
CMA,91.17,91.32,91.32,100.05,105.48,100.11,42,45,48,45,,,,,
ETNB,91.17,91.32,91.32,100.05,105.48,100.11,42,45,48,45,,,,,
KVAC,91.17,91.32,91.32,100.05,105.48,100.11,42,45,48,45,,,,,
FSHP,91.17,91.32,91.32,100.05,105.48,100.11,42,45,48,45,,,,,
COHR,91.17,91.32,91.32,100.05,105.48,100.11,42,45,48,45,,,,,
MEI,91.17,91.32,91.32,100.05,105.48,100.11,42,45,48,45,,,,,
AROC,91.17,91.32,91.32,100.05,105.48,100.11,42,45,48,45,,,,,
PBA,91.17,91.32,91.32,100.05,105.48,100.11,42,45,48,45,,,,,
SUN,91.17,91.32,91.32,100.05,105.48,100.11,42,45,48,45,,,,,
KLAC,91.17,91.32,91.32,100.05,105.48,100.11,42,45,48,45,,,,,
NWG,91.17,91.32,91.32,100.05,105.48,100.11,42,45,48,45,,,,,
MEDP,91.17,91.32,91.32,100.05,105.48,100.11,42,45,48,45,,,,,
SBRA,91.17,91.32,91.32,100.05,105.48,100.11,42,45,48,45,,,,,
POST,91.17,91.32,91.32,100.05,105.48,100.11,42,45,48,45,,,,,
BMGL,91.17,91.32,91.32,100.05,105.48,100.11,42,45,48,45,,,,,
CBIO,91.17,91.32,91.32,100.05,105.48,100.11,42,45,48,45,,,,,
WTTR,91.17,91.32,91.32,100.05,105.48,100.11,42,45,48,45,,,,,
DB,91.17,91.32,91.32,100.05,105.48,100.11,42,45,48,45,,,,,
SYNA,91.17,91.32,91.32,100.05,105.48,100.11,42,45,48,45,,,,,
CPS,91.17,91.32,91.32,100.05,105.48,100.11,42,45,48,45,,,,,
EDU,91.17,91.32,91.32,100.05,105.48,100.11,42,45,48,45,,,,,
PHAT,91.17,91.32,91.32,100.05,105.48,100.11,42,45,48,45,,,,,
ENGS,91.17,91.32,91.32,100.05,105.48,100.11,42,45,48,45,,,,,
PONY,91.17,91.32,91.32,100.05,105.48,100.11,42,45,48,45,,,,,
CRWV,91.17,91.32,91.32,100.05,105.48,100.11,42,45,48,45,,,,,
UHG,91.17,91.32,91.32,100.05,105.48,100.11,42,45,48,45,,,,,
TXG,91.17,91.32,91.32,100.05,105.48,100.11,42,45,48,45,,,,,
CENTA,91.17,91.32,91.32,100.05,105.48,100.11,42,45,48,45,,,,,
KOS,91.17,91.32,91.32,100.05,105.48,100.11,42,45,48,45,,,,,
BBT,91.17,91.32,91.32,100.05,105.48,100.11,42,45,48,45,,,,,
CGON,91.17,91.32,91.32,100.05,105.48,100.11,42,45,48,45,,,,,
CRDF,91.17,91.32,91.32,100.05,105.48,100.11,42,45,48,45,,,,,
SBC,91.17,91.32,91.32,100.05,105.48,100.11,42,45,48,45,,,,,
VZLA,91.17,91.32,91.32,100.05,105.48,100.11,42,45,48,45,,,,,
CIM,91.17,91.32,91.32,100.05,105.48,100.11,42,45,48,45,,,,,
GGG,91.17,91.32,91.32,100.05,105.48,100.11,42,45,48,45,,,,,
PZZA,91.17,91.32,91.32,100.05,105.48,100.11,42,45,48,45,,,,,
DMAC,91.17,91.32,91.32,100.05,105.48,100.11,42,45,48,45,,,,,
EPD,91.17,91.32,91.32,100.05,105.48,100.11,42,45,48,45,,,,,
UPBD,91.17,91.32,91.32,100.05,105.48,100.11,42,45,48,45,,,,,
MNDR,91.17,91.32,91.32,100.05,105.48,100.11,42,45,48,45,,,,,
UNFI,91.17,91.32,91.32,100.05,105.48,100.11,42,45,48,45,,,,,
FVRR,91.17,91.32,91.32,100.05,105.48,100.11,42,45,48,45,,,,,
AIP,91.17,91.32,91.32,100.05,105.48,100.11,42,45,48,45,,,,,
RUSHA,91.17,91.32,91.32,100.05,105.48,100.11,42,45,48,45,,,,,
CUZ,91.17,91.32,91.32,100.05,105.48,100.11,42,45,48,45,,,,,
RUBI,91.17,91.32,91.32,100.05,105.48,100.11,42,45,48,45,,,,,
IFBD,91.17,91.32,91.32,100.05,105.48,100.11,42,45,48,45,,,,,
MOBX,91.17,91.32,91.32,100.05,105.48,100.11,42,45,48,45,,,,,
SWIM,91.17,91.32,91.32,100.05,105.48,100.11,42,45,48,45,,,,,
LSF,91.17,91.32,91.32,100.05,105.48,100.11,42,45,48,45,,,,,
ADI,91.17,91.32,91.32,100.05,105.48,100.11,42,45,48,45,,,,,
LFMD,91.17,91.32,91.32,100.05,105.48,100.11,42,45,48,45,,,,,
OSCR,91.17,91.32,91.32,100.05,105.48,100.11,42,45,48,45,,,,,
URI,91.17,91.32,91.32,100.05,105.48,100.11,42,45,48,45,,,,,
SIM,91.17,91.32,91.32,100.05,105.48,100.11,42,45,48,45,,,,,
OGS,91.17,91.32,91.32,100.05,105.48,100.11,42,45,48,45,,,,,
CYD,91.17,91.32,91.32,100.05,105.48,100.11,42,45,48,45,,,,,
ETOR,91.17,91.32,91.32,100.05,105.48,100.11,42,45,48,45,,,,,
PRK,91.17,91.32,91.32,100.05,105.48,100.11,42,45,48,45,,,,,
VNMEU,91.17,91.32,91.32,100.05,105.48,100.11,42,45,48,45,,,,,
PAG,91.17,91.32,91.32,100.05,105.48,100.11,42,45,48,45,,,,,
AXIL,91.17,91.32,91.32,100.05,105.48,100.11,42,45,48,45,,,,,
PSBD,91.17,91.32,91.32,100.05,105.48,100.11,42,45,48,45,,,,,
SCVL,91.17,91.32,91.32,100.05,105.48,100.11,42,45,48,45,,,,,
RPRX,91.17,91.32,91.32,100.05,105.48,100.11,42,45,48,45,,,,,
PTHS,91.17,91.32,91.32,100.05,105.48,100.11,42,45,48,45,,,,,
SHBI,91.17,91.32,91.32,100.05,105.48,100.11,42,45,48,45,,,,,
UCL,91.17,91.32,91.32,100.05,105.48,100.11,42,45,48,45,,,,,
NNNN,91.17,91.32,91.32,100.05,105.48,100.11,42,45,48,45,,,,,
SBGI,91.17,91.32,91.32,100.05,105.48,100.11,42,45,48,45,,,,,
RDY,91.17,91.32,91.32,100.05,105.48,100.11,42,45,48,45,,,,,
O,91.17,91.32,91.32,100.05,105.48,100.11,42,45,48,45,,,,,
SITE,91.17,91.32,91.32,100.05,105.48,100.11,42,45,48,45,,,,,
EXFY,91.17,91.32,91.32,100.05,105.48,100.11,42,45,48,45,,,,,
CLLS,91.17,91.32,91.32,100.05,105.48,100.11,42,45,48,45,,,,,
KG,91.17,91.32,91.32,100.05,105.48,100.11,42,45,48,45,,,,,
AII,91.17,91.32,91.32,100.05,105.48,100.11,42,45,48,45,,,,,
EMX,91.17,91.32,91.32,100.05,105.48,100.11,42,45,48,45,,,,,
FRHC,91.17,91.32,91.32,100.05,105.48,100.11,42,45,48,45,,,,,
PGRE,91.17,91.32,91.32,100.05,105.48,100.11,42,45,48,45,,,,,
NUTR,91.17,91.32,91.32,100.05,105.48,100.11,42,45,48,45,,,,,
SLDP,91.17,91.32,91.32,100.05,105.48,100.11,42,45,48,45,,,,,
AKR,91.17,91.32,91.32,100.05,105.48,100.11,42,45,48,45,,,,,
MCFT,91.17,91.32,91.32,100.05,105.48,100.11,42,45,48,45,,,,,
BBU,91.17,91.32,91.32,100.05,105.48,100.11,42,45,48,45,,,,,
HUSA,91.17,91.32,91.32,100.05,105.48,100.11,42,45,48,45,,,,,
ISOU,91.17,91.32,91.32,100.05,105.48,100.11,42,45,48,45,,,,,
TORO,91.17,91.32,91.32,100.05,105.48,100.11,42,45,48,45,,,,,
EOSE,91.17,91.32,91.32,100.05,105.48,100.11,42,45,48,45,,,,,
TFPM,91.17,91.32,91.32,100.05,105.48,100.11,42,45,48,45,,,,,
BFAM,91.17,91.32,91.32,100.05,105.48,100.11,42,45,48,45,,,,,
CHAR,91.17,91.32,91.32,100.05,105.48,100.11,42,45,48,45,,,,,
ADXN,91.17,91.32,91.32,100.05,105.48,100.11,42,45,48,45,,,,,
SFNC,91.17,91.32,91.32,100.05,105.48,100.11,42,45,48,45,,,,,
SQM,91.17,91.32,91.32,100.05,105.48,100.11,42,45,48,45,,,,,
DENN,91.17,91.32,91.32,100.05,105.48,100.11,42,45,48,45,,,,,
PAII,91.17,91.32,91.32,100.05,105.48,100.11,42,45,48,45,9.93,0.5,9.93,9.93,0.35
MDBH,91.17,91.32,91.32,100.05,105.48,100.11,42,45,48,45,,,,,
NTRSO,91.17,91.32,91.32,100.05,105.48,100.11,42,45,48,45,,,,,
ALXO,91.17,91.32,91.32,100.05,105.48,100.11,42,45,48,45,,,,,
AFBI,91.17,91.32,91.32,100.05,105.48,100.11,42,45,48,45,,,,,
RGCO,91.17,91.32,91.32,100.05,105.48,100.11,42,45,48,45,,,,,
DFLI,91.17,91.32,91.32,100.05,105.48,100.11,42,45,48,45,,,,,
AGNCP,91.17,91.32,91.32,100.05,105.48,100.11,42,45,48,45,,,,,
CELH,91.17,91.32,91.32,100.05,105.48,100.11,42,45,48,45,,,,,
CAI,91.17,91.32,91.32,100.05,105.48,100.11,42,45,48,45,,,,,
CALC,91.17,91.32,91.32,100.05,105.48,100.11,42,45,48,45,,,,,
MGRX,91.17,91.32,91.32,100.05,105.48,100.11,42,45,48,45,,,,,
SNFCA,91.17,91.32,91.32,100.05,105.48,100.11,42,45,48,45,,,,,
SNPS,91.17,91.32,91.32,100.05,105.48,100.11,42,45,48,45,,,,,
ATMCU,91.17,91.32,91.32,100.05,105.48,100.11,42,45,48,45,,,,,
BFLY,91.17,91.32,91.32,100.05,105.48,100.11,42,45,48,45,,,,,
ATHA,91.17,91.32,91.32,100.05,105.48,100.11,42,45,48,45,,,,,
HIMS,91.17,91.32,91.32,100.05,105.48,100.11,42,45,48,45,,,,,
WW,91.17,91.32,91.32,100.05,105.48,100.11,42,45,48,45,,,,,
LEGN,91.17,91.32,91.32,100.05,105.48,100.11,42,45,48,45,,,,,
BRCC,91.17,91.32,91.32,100.05,105.48,100.11,42,45,48,45,,,,,
ARBE,91.17,91.32,91.32,100.05,105.48,100.11,42,45,48,45,,,,,
THC,91.17,91.32,91.32,100.05,105.48,100.11,42,45,48,45,,,,,
NXGL,91.17,91.32,91.32,100.05,105.48,100.11,42,45,48,45,,,,,
FULC,91.17,91.32,91.32,100.05,105.48,100.11,42,45,48,45,,,,,
OBK,91.17,91.32,91.32,100.05,105.48,100.11,42,45,48,45,,,,,
CAPR,91.17,91.32,91.32,100.05,105.48,100.11,42,45,48,45,,,,,
LOCL,91.17,91.32,91.32,100.05,105.48,100.11,42,45,48,45,,,,,
KRUS,91.17,91.32,91.32,100.05,105.48,100.11,42,45,48,45,,,,,
SOFI,91.17,91.32,91.32,100.05,105.48,100.11,42,45,48,45,,,,,
CCNE,91.17,91.32,91.32,100.05,105.48,100.11,42,45,48,45,,,,,
IPODU,91.17,91.32,91.32,100.05,105.48,100.11,42,45,48,45,,,,,
WK,91.17,91.32,91.32,100.05,105.48,100.11,42,45,48,45,,,,,
PACS,91.17,91.32,91.32,100.05,105.48,100.11,42,45,48,45,,,,,
IBKR,91.17,91.32,91.32,100.05,105.48,100.11,42,45,48,45,,,,,
FGBIP,91.17,91.32,91.32,100.05,105.48,100.11,42,45,48,45,,,,,
LEG,91.17,91.32,91.32,100.05,105.48,100.11,42,45,48,45,,,,,
RDGT,91.17,91.32,91.32,100.05,105.48,100.11,42,45,48,45,,,,,
ALAR,91.17,91.32,91.32,100.05,105.48,100.11,42,45,48,45,,,,,
SDA,91.17,91.32,91.32,100.05,105.48,100.11,42,45,48,45,,,,,
EDSA,91.17,91.32,91.32,100.05,105.48,100.11,42,45,48,45,,,,,
BOC,91.17,91.32,91.32,100.05,105.48,100.11,42,45,48,45,,,,,
FERA,91.17,91.32,91.32,100.05,105.48,100.11,42,45,48,45,,,,,
SCWO,91.17,91.32,91.32,100.05,105.48,100.11,42,45,48,45,,,,,
TACH,91.17,91.32,91.32,100.05,105.48,100.11,42,45,48,45,,,,,
RBCAA,91.17,91.32,91.32,100.05,105.48,100.11,42,45,48,45,,,,,
ONCY,91.17,91.32,91.32,100.05,105.48,100.11,42,45,48,45,,,,,
ZKH,91.17,91.32,91.32,100.05,105.48,100.11,42,45,48,45,,,,,
BCH,91.17,91.32,91.32,100.05,105.48,100.11,42,45,48,45,,,,,
RGS,91.17,91.32,91.32,100.05,105.48,100.11,42,45,48,45,,,,,
CERS,91.17,91.32,91.32,100.05,105.48,100.11,42,45,48,45,,,,,
RTACU,91.17,91.32,91.32,100.05,105.48,100.11,42,45,48,45,,,,,
FMFC,91.17,91.32,91.32,100.05,105.48,100.11,42,45,48,45,,,,,
DXCM,91.17,91.32,91.32,100.05,105.48,100.11,42,45,48,45,,,,,
GOOS,91.17,91.32,91.32,100.05,105.48,100.11,42,45,48,45,,,,,
ALT,91.17,91.32,91.32,100.05,105.48,100.11,42,45,48,45,,,,,
ACMR,91.17,91.32,91.32,100.05,105.48,100.11,42,45,48,45,,,,,
PLBC,91.17,91.32,91.32,100.05,105.48,100.11,42,45,48,45,,,,,
KRC,91.17,91.32,91.32,100.05,105.48,100.11,42,45,48,45,,,,,
ELOG,91.17,91.32,91.32,100.05,105.48,100.11,42,45,48,45,,,,,
LPAA,91.17,91.32,91.32,100.05,105.48,100.11,42,45,48,45,,,,,
AIZ,91.17,91.32,91.32,100.05,105.48,100.11,42,45,48,45,,,,,
SLRX,91.17,91.32,91.32,100.05,105.48,100.11,42,45,48,45,,,,,
WSO,91.17,91.32,91.32,100.05,105.48,100.11,42,45,48,45,,,,,
CBNA,91.17,91.32,91.32,100.05,105.48,100.11,42,45,48,45,,,,,
TEF,91.17,91.32,91.32,100.05,105.48,100.11,42,45,48,45,,,,,
VTR,91.17,91.32,91.32,100.05,105.48,100.11,42,45,48,45,,,,,
DOYU,91.17,91.32,91.32,100.05,105.48,100.11,42,45,48,45,,,,,
PRZO,91.17,91.32,91.32,100.05,105.48,100.11,42,45,48,45,,,,,
VST,91.17,91.32,91.32,100.05,105.48,100.11,42,45,48,45,,,,,
ITRI,91.17,91.32,91.32,100.05,105.48,100.11,42,45,48,45,,,,,
EXPD,91.17,91.32,91.32,100.05,105.48,100.11,42,45,48,45,,,,,
PRM,91.17,91.32,91.32,100.05,105.48,100.11,42,45,48,45,,,,,
ABM,91.17,91.32,91.32,100.05,105.48,100.11,42,45,48,45,,,,,
ACLX,91.17,91.32,91.32,100.05,105.48,100.11,42,45,48,45,,,,,
AEG,91.17,91.32,91.32,100.05,105.48,100.11,42,45,48,45,,,,,
AWK,91.17,91.32,91.32,100.05,105.48,100.11,42,45,48,45,,,,,
PMTRU,91.17,91.32,91.32,100.05,105.48,100.11,42,45,48,45,,,,,
NEWT,91.17,91.32,91.32,100.05,105.48,100.11,42,45,48,45,,,,,
HON,91.17,91.32,91.32,100.05,105.48,100.11,42,45,48,45,,,,,
BYD,91.17,91.32,91.32,100.05,105.48,100.11,42,45,48,45,,,,,
ETS,91.17,91.32,91.32,100.05,105.48,100.11,42,45,48,45,,,,,
CATO,91.17,91.32,91.32,100.05,105.48,100.11,42,45,48,45,,,,,
PRTS,91.17,91.32,91.32,100.05,105.48,100.11,42,45,48,45,,,,,
SPKLU,91.17,91.32,91.32,100.05,105.48,100.11,42,45,48,45,,,,,
SPAI,91.17,91.32,91.32,100.05,105.48,100.11,42,45,48,45,,,,,
YAAS,91.17,91.32,91.32,100.05,105.48,100.11,42,45,48,45,,,,,
DDC,91.17,91.32,91.32,100.05,105.48,100.11,42,45,48,45,,,,,
FAMI,91.17,91.32,91.32,100.05,105.48,100.11,42,45,48,45,,,,,
VANI,91.17,91.32,91.32,100.05,105.48,100.11,42,45,48,45,,,,,
TTGT,91.17,91.32,91.32,100.05,105.48,100.11,42,45,48,45,,,,,
GOVX,91.17,91.32,91.32,100.05,105.48,100.11,42,45,48,45,,,,,
ACNB,91.17,91.32,91.32,100.05,105.48,100.11,42,45,48,45,,,,,
AGMH,91.17,91.32,91.32,100.05,105.48,100.11,42,45,48,45,,,,,
HYPR,91.17,91.32,91.32,100.05,105.48,100.11,42,45,48,45,,,,,
STNG,91.17,91.32,91.32,100.05,105.48,100.11,42,45,48,45,,,,,
BAC,91.17,91.32,91.32,100.05,105.48,100.11,42,45,48,45,,,,,
IBCP,91.17,91.32,91.32,100.05,105.48,100.11,42,45,48,45,,,,,
SMPL,91.17,91.32,91.32,100.05,105.48,100.11,42,45,48,45,,,,,
SMTC,91.17,91.32,91.32,100.05,105.48,100.11,42,45,48,45,,,,,
V,91.17,91.32,91.32,100.05,105.48,100.11,42,45,48,45,,,,,
KMI,91.17,91.32,91.32,100.05,105.48,100.11,42,45,48,45,,,,,
SRG,91.17,91.32,91.32,100.05,105.48,100.11,42,45,48,45,,,,,
REGN,91.17,91.32,91.32,100.05,105.48,100.11,42,45,48,45,,,,,
CF,91.17,91.32,91.32,100.05,105.48,100.11,42,45,48,45,,,,,
SNDX,91.17,91.32,91.32,100.05,105.48,100.11,42,45,48,45,,,,,
VSTM,91.17,91.32,91.32,100.05,105.48,100.11,42,45,48,45,,,,,
ISPR,91.17,91.32,91.32,100.05,105.48,100.11,42,45,48,45,,,,,
DKS,91.17,91.32,91.32,100.05,105.48,100.11,42,45,48,45,,,,,
FLYW,91.17,91.32,91.32,100.05,105.48,100.11,42,45,48,45,,,,,
TMCI,91.17,91.32,91.32,100.05,105.48,100.11,42,45,48,45,,,,,
INDV,91.17,91.32,91.32,100.05,105.48,100.11,42,45,48,45,,,,,
TCI,91.17,91.32,91.32,100.05,105.48,100.11,42,45,48,45,,,,,
INFU,91.17,91.32,91.32,100.05,105.48,100.11,42,45,48,45,,,,,
VVX,91.17,91.32,91.32,100.05,105.48,100.11,42,45,48,45,,,,,
VELO,91.17,91.32,91.32,100.05,105.48,100.11,42,45,48,45,,,,,
MCK,91.17,91.32,91.32,100.05,105.48,100.11,42,45,48,45,,,,,
LOGI,91.17,91.32,91.32,100.05,105.48,100.11,42,45,48,45,,,,,
MFA,91.17,91.32,91.32,100.05,105.48,100.11,42,45,48,45,,,,,
AMST,91.17,91.32,91.32,100.05,105.48,100.11,42,45,48,45,,,,,
CSIQ,91.17,91.32,91.32,100.05,105.48,100.11,42,45,48,45,,,,,
VEON,91.17,91.32,91.32,100.05,105.48,100.11,42,45,48,45,,,,,
BLBX,91.17,91.32,91.32,100.05,105.48,100.11,42,45,48,45,,,,,
CSV,91.17,91.32,91.32,100.05,105.48,100.11,42,45,48,45,,,,,
PC,91.17,91.32,91.32,100.05,105.48,100.11,42,45,48,45,,,,,
WSM,91.17,91.32,91.32,100.05,105.48,100.11,42,45,48,45,,,,,
JOB,91.17,91.32,91.32,100.05,105.48,100.11,42,45,48,45,,,,,
UIS,91.17,91.32,91.32,100.05,105.48,100.11,42,45,48,45,,,,,
ANNX,91.17,91.32,91.32,100.05,105.48,100.11,42,45,48,45,,,,,
PVH,91.17,91.32,91.32,100.05,105.48,100.11,42,45,48,45,,,,,
NXDT,91.17,91.32,91.32,100.05,105.48,100.11,42,45,48,45,,,,,
MNSBP,91.17,91.32,91.32,100.05,105.48,100.11,42,45,48,45,,,,,
AMWL,91.17,91.32,91.32,100.05,105.48,100.11,42,45,48,45,,,,,
AUDC,91.17,91.32,91.32,100.05,105.48,100.11,42,45,48,45,,,,,
GENI,91.17,91.32,91.32,100.05,105.48,100.11,42,45,48,45,,,,,
TLPH,91.17,91.32,91.32,100.05,105.48,100.11,42,45,48,45,,,,,
IAS,91.17,91.32,91.32,100.05,105.48,100.11,42,45,48,45,,,,,
BBDO,91.17,91.32,91.32,100.05,105.48,100.11,42,45,48,45,,,,,
ICE,91.17,91.32,91.32,100.05,105.48,100.11,42,45,48,45,,,,,
R,91.17,91.32,91.32,100.05,105.48,100.11,42,45,48,45,,,,,
TONX,91.17,91.32,91.32,100.05,105.48,100.11,42,45,48,45,,,,,
CCB,91.17,91.32,91.32,100.05,105.48,100.11,42,45,48,45,,,,,
CBL,91.17,91.32,91.32,100.05,105.48,100.11,42,45,48,45,,,,,
IPM,91.17,91.32,91.32,100.05,105.48,100.11,42,45,48,45,,,,,
AMKR,91.17,91.32,91.32,100.05,105.48,100.11,42,45,48,45,,,,,
EHGO,91.17,91.32,91.32,100.05,105.48,100.11,42,45,48,45,,,,,
IDT,91.17,91.32,91.32,100.05,105.48,100.11,42,45,48,45,,,,,
CYTK,91.17,91.32,91.32,100.05,105.48,100.11,42,45,48,45,,,,,
FTAI,91.17,91.32,91.32,100.05,105.48,100.11,42,45,48,45,,,,,
FITBI,91.17,91.32,91.32,100.05,105.48,100.11,42,45,48,45,,,,,
OPBK,91.17,91.32,91.32,100.05,105.48,100.11,42,45,48,45,,,,,
CSBR,91.17,91.32,91.32,100.05,105.48,100.11,42,45,48,45,,,,,
OBA,91.17,91.32,91.32,100.05,105.48,100.11,42,45,48,45,,,,,
LUCY,91.17,91.32,91.32,100.05,105.48,100.11,42,45,48,45,,,,,
OKYO,91.17,91.32,91.32,100.05,105.48,100.11,42,45,48,45,,,,,
AGL,91.17,91.32,91.32,100.05,105.48,100.11,42,45,48,45,,,,,
DK,91.17,91.32,91.32,100.05,105.48,100.11,42,45,48,45,,,,,
EJH,91.17,91.32,91.32,100.05,105.48,100.11,42,45,48,45,,,,,
CSGP,91.17,91.32,91.32,100.05,105.48,100.11,42,45,48,45,,,,,
SFL,91.17,91.32,91.32,100.05,105.48,100.11,42,45,48,45,,,,,
SEGG,91.17,91.32,91.32,100.05,105.48,100.11,42,45,48,45,,,,,
DHT,91.17,91.32,91.32,100.05,105.48,100.11,42,45,48,45,,,,,
SPG,91.17,91.32,91.32,100.05,105.48,100.11,42,45,48,45,,,,,
XPER,91.17,91.32,91.32,100.05,105.48,100.11,42,45,48,45,,,,,
AVDL,91.17,91.32,91.32,100.05,105.48,100.11,42,45,48,45,,,,,
VCEL,91.17,91.32,91.32,100.05,105.48,100.11,42,45,48,45,,,,,
OLED,91.17,91.32,91.32,100.05,105.48,100.11,42,45,48,45,,,,,
MLSS,91.17,91.32,91.32,100.05,105.48,100.11,42,45,48,45,,,,,
TDUP,91.17,91.32,91.32,100.05,105.48,100.11,42,45,48,45,,,,,
HE,91.17,91.32,91.32,100.05,105.48,100.11,42,45,48,45,,,,,
OMSE,91.17,91.32,91.32,100.05,105.48,100.11,42,45,48,45,,,,,
TOON,91.17,91.32,91.32,100.05,105.48,100.11,42,45,48,45,,,,,
ECL,91.17,91.32,91.32,100.05,105.48,100.11,42,45,48,45,,,,,
MDGL,91.17,91.32,91.32,100.05,105.48,100.11,42,45,48,45,,,,,
CNCK,91.17,91.32,91.32,100.05,105.48,100.11,42,45,48,45,,,,,
USNA,91.17,91.32,91.32,100.05,105.48,100.11,42,45,48,45,,,,,
LUD,91.17,91.32,91.32,100.05,105.48,100.11,42,45,48,45,,,,,
AGNCL,91.17,91.32,91.32,100.05,105.48,100.11,42,45,48,45,,,,,
DTE,91.17,91.32,91.32,100.05,105.48,100.11,42,45,48,45,,,,,
BLMZ,91.17,91.32,91.32,100.05,105.48,100.11,42,45,48,45,,,,,
RGNX,91.17,91.32,91.32,100.05,105.48,100.11,42,45,48,45,,,,,
NVCT,91.17,91.32,91.32,100.05,105.48,100.11,42,45,48,45,,,,,
VERA,91.17,91.32,91.32,100.05,105.48,100.11,42,45,48,45,,,,,
YMT,91.17,91.32,91.32,100.05,105.48,100.11,42,45,48,45,,,,,
PMEC,91.17,91.32,91.32,100.05,105.48,100.11,42,45,48,45,,,,,
PCTY,91.17,91.32,91.32,100.05,105.48,100.11,42,45,48,45,,,,,
TMQ,91.17,91.32,91.32,100.05,105.48,100.11,42,45,48,45,,,,,
NC,91.17,91.32,91.32,100.05,105.48,100.11,42,45,48,45,,,,,
GROY,91.17,91.32,91.32,100.05,105.48,100.11,42,45,48,45,,,,,
NVNO,91.17,91.32,91.32,100.05,105.48,100.11,42,45,48,45,,,,,
STRT,91.17,91.32,91.32,100.05,105.48,100.11,42,45,48,45,,,,,
ADTX,91.17,91.32,91.32,100.05,105.48,100.11,42,45,48,45,,,,,
CSWC,91.17,91.32,91.32,100.05,105.48,100.11,42,45,48,45,,,,,
GNK,91.17,91.32,91.32,100.05,105.48,100.11,42,45,48,45,,,,,
HTZ,91.17,91.32,91.32,100.05,105.48,100.11,42,45,48,45,,,,,
LAES,91.17,91.32,91.32,100.05,105.48,100.11,42,45,48,45,,,,,
NNN,91.17,91.32,91.32,100.05,105.48,100.11,42,45,48,45,,,,,
CTRA,91.17,91.32,91.32,100.05,105.48,100.11,42,45,48,45,,,,,
DSGN,91.17,91.32,91.32,100.05,105.48,100.11,42,45,48,45,,,,,
WMB,91.17,91.32,91.32,100.05,105.48,100.11,42,45,48,45,,,,,
ECPG,91.17,91.32,91.32,100.05,105.48,100.11,42,45,48,45,,,,,
SION,91.17,91.32,91.32,100.05,105.48,100.11,42,45,48,45,,,,,
HUHU,91.17,91.32,91.32,100.05,105.48,100.11,42,45,48,45,,,,,
ORLA,91.17,91.32,91.32,100.05,105.48,100.11,42,45,48,45,,,,,
CASS,91.17,91.32,91.32,100.05,105.48,100.11,42,45,48,45,,,,,
JCSE,91.17,91.32,91.32,100.05,105.48,100.11,42,45,48,45,,,,,
ATYR,91.17,91.32,91.32,100.05,105.48,100.11,42,45,48,45,,,,,
CTSH,91.17,91.32,91.32,100.05,105.48,100.11,42,45,48,45,,,,,
OZK,91.17,91.32,91.32,100.05,105.48,100.11,42,45,48,45,,,,,
DSS,91.17,91.32,91.32,100.05,105.48,100.11,42,45,48,45,,,,,
MNY,91.17,91.32,91.32,100.05,105.48,100.11,42,45,48,45,,,,,
NATH,91.17,91.32,91.32,100.05,105.48,100.11,42,45,48,45,,,,,
TNFA,91.17,91.32,91.32,100.05,105.48,100.11,42,45,48,45,,,,,
VALN,91.17,91.32,91.32,100.05,105.48,100.11,42,45,48,45,,,,,
SNOW,91.17,91.32,91.32,100.05,105.48,100.11,42,45,48,45,,,,,
EVAX,91.17,91.32,91.32,100.05,105.48,100.11,42,45,48,45,,,,,
VLY,91.17,91.32,91.32,100.05,105.48,100.11,42,45,48,45,,,,,
SABS,91.17,91.32,91.32,100.05,105.48,100.11,42,45,48,45,,,,,
SBLK,91.17,91.32,91.32,100.05,105.48,100.11,42,45,48,45,,,,,
NSRX,91.17,91.32,91.32,100.05,105.48,100.11,42,45,48,45,,,,,
PAL,91.17,91.32,91.32,100.05,105.48,100.11,42,45,48,45,,,,,
MESO,91.17,91.32,91.32,100.05,105.48,100.11,42,45,48,45,,,,,
RPID,91.17,91.32,91.32,100.05,105.48,100.11,42,45,48,45,,,,,
BRAG,91.17,91.32,91.32,100.05,105.48,100.11,42,45,48,45,,,,,
ERAS,91.17,91.32,91.32,100.05,105.48,100.11,42,45,48,45,,,,,
JBHT,91.17,91.32,91.32,100.05,105.48,100.11,42,45,48,45,,,,,
MSPR,91.17,91.32,91.32,100.05,105.48,100.11,42,45,48,45,,,,,
BYND,91.17,91.32,91.32,100.05,105.48,100.11,42,45,48,45,,,,,
OPRX,91.17,91.32,91.32,100.05,105.48,100.11,42,45,48,45,,,,,
UFPI,91.17,91.32,91.32,100.05,105.48,100.11,42,45,48,45,,,,,
OBAWU,91.17,91.32,91.32,100.05,105.48,100.11,42,45,48,45,,,,,
ANRO,91.17,91.32,91.32,100.05,105.48,100.11,42,45,48,45,,,,,
QLYS,91.17,91.32,91.32,100.05,105.48,100.11,42,45,48,45,,,,,
AP,91.17,91.32,91.32,100.05,105.48,100.11,42,45,48,45,,,,,
PJT,91.17,91.32,91.32,100.05,105.48,100.11,42,45,48,45,,,,,
TTMI,91.17,91.32,91.32,100.05,105.48,100.11,42,45,48,45,,,,,
ANEB,91.17,91.32,91.32,100.05,105.48,100.11,42,45,48,45,,,,,
MSGM,91.17,91.32,91.32,100.05,105.48,100.11,42,45,48,45,,,,,
FTRE,91.17,91.32,91.32,100.05,105.48,100.11,42,45,48,45,,,,,
PNRG,91.17,91.32,91.32,100.05,105.48,100.11,42,45,48,45,,,,,
TYGO,91.17,91.32,91.32,100.05,105.48,100.11,42,45,48,45,,,,,
UUU,91.17,91.32,91.32,100.05,105.48,100.11,42,45,48,45,,,,,
INR,91.17,91.32,91.32,100.05,105.48,100.11,42,45,48,45,,,,,
SOAR,91.17,91.32,91.32,100.05,105.48,100.11,42,45,48,45,,,,,
OCSL,91.17,91.32,91.32,100.05,105.48,100.11,42,45,48,45,,,,,
KNTK,91.17,91.32,91.32,100.05,105.48,100.11,42,45,48,45,,,,,
FMNB,91.17,91.32,91.32,100.05,105.48,100.11,42,45,48,45,,,,,
IBTA,91.17,91.32,91.32,100.05,105.48,100.11,42,45,48,45,,,,,
FAT,91.17,91.32,91.32,100.05,105.48,100.11,42,45,48,45,,,,,
FOUR,91.17,91.32,91.32,100.05,105.48,100.11,42,45,48,45,,,,,
VERO,91.17,91.32,91.32,100.05,105.48,100.11,42,45,48,45,,,,,
ATEX,91.17,91.32,91.32,100.05,105.48,100.11,42,45,48,45,,,,,
SENS,91.17,91.32,91.32,100.05,105.48,100.11,42,45,48,45,,,,,
LSCC,91.17,91.32,91.32,100.05,105.48,100.11,42,45,48,45,,,,,
EHC,91.17,91.32,91.32,100.05,105.48,100.11,42,45,48,45,,,,,
UOKA,91.17,91.32,91.32,100.05,105.48,100.11,42,45,48,45,,,,,
DHC,91.17,91.32,91.32,100.05,105.48,100.11,42,45,48,45,,,,,
SMFG,91.17,91.32,91.32,100.05,105.48,100.11,42,45,48,45,,,,,
MA,91.17,91.32,91.32,100.05,105.48,100.11,42,45,48,45,,,,,
MOMO,91.17,91.32,91.32,100.05,105.48,100.11,42,45,48,45,,,,,
BCE,91.17,91.32,91.32,100.05,105.48,100.11,42,45,48,45,,,,,
NOVT,91.17,91.32,91.32,100.05,105.48,100.11,42,45,48,45,,,,,
CNOBP,91.17,91.32,91.32,100.05,105.48,100.11,42,45,48,45,,,,,
VSEE,91.17,91.32,91.32,100.05,105.48,100.11,42,45,48,45,,,,,
TLYS,91.17,91.32,91.32,100.05,105.48,100.11,42,45,48,45,,,,,
IZM,91.17,91.32,91.32,100.05,105.48,100.11,42,45,48,45,,,,,
ORKT,91.17,91.32,91.32,100.05,105.48,100.11,42,45,48,45,,,,,
BJDX,91.17,91.32,91.32,100.05,105.48,100.11,42,45,48,45,,,,,
ABTS,91.17,91.32,91.32,100.05,105.48,100.11,42,45,48,45,,,,,
MBBC,91.17,91.32,91.32,100.05,105.48,100.11,42,45,48,45,,,,,
GCTK,91.17,91.32,91.32,100.05,105.48,100.11,42,45,48,45,,,,,
ZEPP,91.17,91.32,91.32,100.05,105.48,100.11,42,45,48,45,,,,,
EURKU,91.17,91.32,91.32,100.05,105.48,100.11,42,45,48,45,,,,,
CCOI,91.17,91.32,91.32,100.05,105.48,100.11,42,45,48,45,,,,,
OAKUU,91.17,91.32,91.32,100.05,105.48,100.11,42,45,48,45,,,,,
PCG,91.17,91.32,91.32,100.05,105.48,100.11,42,45,48,45,,,,,
APLT,91.17,91.32,91.32,100.05,105.48,100.11,42,45,48,45,,,,,
KW,91.17,91.32,91.32,100.05,105.48,100.11,42,45,48,45,,,,,
MCB,91.17,91.32,91.32,100.05,105.48,100.11,42,45,48,45,,,,,
PEPG,91.17,91.32,91.32,100.05,105.48,100.11,42,45,48,45,,,,,
GTEC,91.17,91.32,91.32,100.05,105.48,100.11,42,45,48,45,,,,,
IDN,91.17,91.32,91.32,100.05,105.48,100.11,42,45,48,45,,,,,
IVT,91.17,91.32,91.32,100.05,105.48,100.11,42,45,48,45,,,,,
ARQ,91.17,91.32,91.32,100.05,105.48,100.11,42,45,48,45,,,,,
LXU,91.17,91.32,91.32,100.05,105.48,100.11,42,45,48,45,,,,,
AFRM,91.17,91.32,91.32,100.05,105.48,100.11,42,45,48,45,,,,,
ARKO,91.17,91.32,91.32,100.05,105.48,100.11,42,45,48,45,,,,,
FBIO,91.17,91.32,91.32,100.05,105.48,100.11,42,45,48,45,,,,,
AMPL,91.17,91.32,91.32,100.05,105.48,100.11,42,45,48,45,,,,,
CKX,91.17,91.32,91.32,100.05,105.48,100.11,42,45,48,45,,,,,
FE,91.17,91.32,91.32,100.05,105.48,100.11,42,45,48,45,,,,,
ACCO,91.17,91.32,91.32,100.05,105.48,100.11,42,45,48,45,,,,,
RUSHB,91.17,91.32,91.32,100.05,105.48,100.11,42,45,48,45,,,,,
SDRL,91.17,91.32,91.32,100.05,105.48,100.11,42,45,48,45,,,,,
CRWS,91.17,91.32,91.32,100.05,105.48,100.11,42,45,48,45,,,,,
DFDV,91.17,91.32,91.32,100.05,105.48,100.11,42,45,48,45,,,,,
CTXR,91.17,91.32,91.32,100.05,105.48,100.11,42,45,48,45,,,,,
CSW,91.17,91.32,91.32,100.05,105.48,100.11,42,45,48,45,,,,,
EKSO,91.17,91.32,91.32,100.05,105.48,100.11,42,45,48,45,,,,,
TCBS,91.17,91.32,91.32,100.05,105.48,100.11,42,45,48,45,,,,,
SKYX,91.17,91.32,91.32,100.05,105.48,100.11,42,45,48,45,,,,,
ILLR,91.17,91.32,91.32,100.05,105.48,100.11,42,45,48,45,,,,,
DE,91.17,91.32,91.32,100.05,105.48,100.11,42,45,48,45,,,,,
BRLS,91.17,91.32,91.32,100.05,105.48,100.11,42,45,48,45,,,,,
GTI,91.17,91.32,91.32,100.05,105.48,100.11,42,45,48,45,,,,,
AMTB,91.17,91.32,91.32,100.05,105.48,100.11,42,45,48,45,,,,,
ASTE,91.17,91.32,91.32,100.05,105.48,100.11,42,45,48,45,,,,,
GAIN,91.17,91.32,91.32,100.05,105.48,100.11,42,45,48,45,,,,,
CRNT,91.17,91.32,91.32,100.05,105.48,100.11,42,45,48,45,,,,,
CATY,91.17,91.32,91.32,100.05,105.48,100.11,42,45,48,45,,,,,
STXS,91.17,91.32,91.32,100.05,105.48,100.11,42,45,48,45,,,,,
AM,91.17,91.32,91.32,100.05,105.48,100.11,42,45,48,45,,,,,
AWX,91.17,91.32,91.32,100.05,105.48,100.11,42,45,48,45,,,,,
PSIX,91.17,91.32,91.32,100.05,105.48,100.11,42,45,48,45,,,,,
ACRS,91.17,91.32,91.32,100.05,105.48,100.11,42,45,48,45,,,,,
FWRD,91.17,91.32,91.32,100.05,105.48,100.11,42,45,48,45,,,,,
AA,91.17,91.32,91.32,100.05,105.48,100.11,42,45,48,45,,,,,
JAMF,91.17,91.32,91.32,100.05,105.48,100.11,42,45,48,45,,,,,
BRR,91.17,91.32,91.32,100.05,105.48,100.11,42,45,48,45,,,,,
MCHB,91.17,91.32,91.32,100.05,105.48,100.11,42,45,48,45,,,,,
GDS,91.17,91.32,91.32,100.05,105.48,100.11,42,45,48,45,,,,,
XRTX,91.17,91.32,91.32,100.05,105.48,100.11,42,45,48,45,,,,,
RBLX,91.17,91.32,91.32,100.05,105.48,100.11,42,45,48,45,,,,,
RIBBU,91.17,91.32,91.32,100.05,105.48,100.11,42,45,48,45,,,,,
TAP,91.17,91.32,91.32,100.05,105.48,100.11,42,45,48,45,,,,,
AUTL,91.17,91.32,91.32,100.05,105.48,100.11,42,45,48,45,,,,,
THAR,91.17,91.32,91.32,100.05,105.48,100.11,42,45,48,45,,,,,
SKYQ,91.17,91.32,91.32,100.05,105.48,100.11,42,45,48,45,,,,,
THR,91.17,91.32,91.32,100.05,105.48,100.11,42,45,48,45,,,,,
BKYI,91.17,91.32,91.32,100.05,105.48,100.11,42,45,48,45,,,,,
ZWS,91.17,91.32,91.32,100.05,105.48,100.11,42,45,48,45,,,,,
SMX,91.17,91.32,91.32,100.05,105.48,100.11,42,45,48,45,,,,,
BGM,91.17,91.32,91.32,100.05,105.48,100.11,42,45,48,45,,,,,
FORLU,91.17,91.32,91.32,100.05,105.48,100.11,42,45,48,45,,,,,
TBRG,91.17,91.32,91.32,100.05,105.48,100.11,42,45,48,45,,,,,
LIDR,91.17,91.32,91.32,100.05,105.48,100.11,42,45,48,45,,,,,
WOW,91.17,91.32,91.32,100.05,105.48,100.11,42,45,48,45,,,,,
NX,91.17,91.32,91.32,100.05,105.48,100.11,42,45,48,45,,,,,
PWP,91.17,91.32,91.32,100.05,105.48,100.11,42,45,48,45,,,,,
ESRT,91.17,91.32,91.32,100.05,105.48,100.11,42,45,48,45,,,,,
AON,91.17,91.32,91.32,100.05,105.48,100.11,42,45,48,45,,,,,
TC,91.17,91.32,91.32,100.05,105.48,100.11,42,45,48,45,,,,,
GWW,91.17,91.32,91.32,100.05,105.48,100.11,42,45,48,45,,,,,
NEUP,91.17,91.32,91.32,100.05,105.48,100.11,42,45,48,45,,,,,
ASGN,91.17,91.32,91.32,100.05,105.48,100.11,42,45,48,45,,,,,
SCCO,91.17,91.32,91.32,100.05,105.48,100.11,42,45,48,45,,,,,
BFST,91.17,91.32,91.32,100.05,105.48,100.11,42,45,48,45,,,,,
RMD,91.17,91.32,91.32,100.05,105.48,100.11,42,45,48,45,,,,,
HY,91.17,91.32,91.32,100.05,105.48,100.11,42,45,48,45,,,,,
ZCMD,91.17,91.32,91.32,100.05,105.48,100.11,42,45,48,45,,,,,
CRL,91.17,91.32,91.32,100.05,105.48,100.11,42,45,48,45,,,,,
CHEK,91.17,91.32,91.32,100.05,105.48,100.11,42,45,48,45,,,,,
BHST,91.17,91.32,91.32,100.05,105.48,100.11,42,45,48,45,,,,,
CAPN,91.17,91.32,91.32,100.05,105.48,100.11,42,45,48,45,,,,,
HROW,91.17,91.32,91.32,100.05,105.48,100.11,42,45,48,45,,,,,
ZK,91.17,91.32,91.32,100.05,105.48,100.11,42,45,48,45,,,,,
ELBM,91.17,91.32,91.32,100.05,105.48,100.11,42,45,48,45,,,,,
ARR,91.17,91.32,91.32,100.05,105.48,100.11,42,45,48,45,,,,,
TRNS,91.17,91.32,91.32,100.05,105.48,100.11,42,45,48,45,,,,,
AEE,91.17,91.32,91.32,100.05,105.48,100.11,42,45,48,45,,,,,
QTRX,91.17,91.32,91.32,100.05,105.48,100.11,42,45,48,45,,,,,
INOD,91.17,91.32,91.32,100.05,105.48,100.11,42,45,48,45,,,,,
TVACU,91.17,91.32,91.32,100.05,105.48,100.11,42,45,48,45,,,,,
HMR,91.17,91.32,91.32,100.05,105.48,100.11,42,45,48,45,,,,,
COLL,91.17,91.32,91.32,100.05,105.48,100.11,42,45,48,45,,,,,
GD,91.17,91.32,91.32,100.05,105.48,100.11,42,45,48,45,,,,,
FIGXU,91.17,91.32,91.32,100.05,105.48,100.11,42,45,48,45,,,,,
HYPD,91.17,91.32,91.32,100.05,105.48,100.11,42,45,48,45,,,,,
EBMT,91.17,91.32,91.32,100.05,105.48,100.11,42,45,48,45,,,,,
HCA,91.17,91.32,91.32,100.05,105.48,100.11,42,45,48,45,,,,,
OXSQ,91.17,91.32,91.32,100.05,105.48,100.11,42,45,48,45,,,,,
ZION,91.17,91.32,91.32,100.05,105.48,100.11,42,45,48,45,,,,,
EGHA,91.17,91.32,91.32,100.05,105.48,100.11,42,45,48,45,,,,,
SEDG,91.17,91.32,91.32,100.05,105.48,100.11,42,45,48,45,,,,,
RYTM,91.17,91.32,91.32,100.05,105.48,100.11,42,45,48,45,,,,,
ODD,91.17,91.32,91.32,100.05,105.48,100.11,42,45,48,45,,,,,
IFS,91.17,91.32,91.32,100.05,105.48,100.11,42,45,48,45,,,,,
CAKE,91.17,91.32,91.32,100.05,105.48,100.11,42,45,48,45,,,,,
IOBT,91.17,91.32,91.32,100.05,105.48,100.11,42,45,48,45,,,,,
MNDO,91.17,91.32,91.32,100.05,105.48,100.11,42,45,48,45,,,,,
CIA,91.17,91.32,91.32,100.05,105.48,100.11,42,45,48,45,,,,,
OYSE,91.17,91.32,91.32,100.05,105.48,100.11,42,45,48,45,,,,,
TOMZ,91.17,91.32,91.32,100.05,105.48,100.11,42,45,48,45,,,,,
HOLX,91.17,91.32,91.32,100.05,105.48,100.11,42,45,48,45,,,,,
VMEO,91.17,91.32,91.32,100.05,105.48,100.11,42,45,48,45,,,,,
ACON,91.17,91.32,91.32,100.05,105.48,100.11,42,45,48,45,,,,,
HLX,91.17,91.32,91.32,100.05,105.48,100.11,42,45,48,45,,,,,
LOBO,91.17,91.32,91.32,100.05,105.48,100.11,42,45,48,45,,,,,
CHMG,91.17,91.32,91.32,100.05,105.48,100.11,42,45,48,45,,,,,
SCNX,91.17,91.32,91.32,100.05,105.48,100.11,42,45,48,45,,,,,
HBANP,91.17,91.32,91.32,100.05,105.48,100.11,42,45,48,45,,,,,
BILL,91.17,91.32,91.32,100.05,105.48,100.11,42,45,48,45,,,,,
CGEN,91.17,91.32,91.32,100.05,105.48,100.11,42,45,48,45,,,,,
BFS,91.17,91.32,91.32,100.05,105.48,100.11,42,45,48,45,,,,,
REX,91.17,91.32,91.32,100.05,105.48,100.11,42,45,48,45,,,,,
IPCXU,91.17,91.32,91.32,100.05,105.48,100.11,42,45,48,45,,,,,
CDXS,91.17,91.32,91.32,100.05,105.48,100.11,42,45,48,45,,,,,
STRA,91.17,91.32,91.32,100.05,105.48,100.11,42,45,48,45,,,,,
ADIL,91.17,91.32,91.32,100.05,105.48,100.11,42,45,48,45,,,,,
VRA,91.17,91.32,91.32,100.05,105.48,100.11,42,45,48,45,,,,,
SOL,91.17,91.32,91.32,100.05,105.48,100.11,42,45,48,45,,,,,
FONR,91.17,91.32,91.32,100.05,105.48,100.11,42,45,48,45,,,,,
CCCS,91.17,91.32,91.32,100.05,105.48,100.11,42,45,48,45,,,,,
PRCH,91.17,91.32,91.32,100.05,105.48,100.11,42,45,48,45,,,,,
PYXS,91.17,91.32,91.32,100.05,105.48,100.11,42,45,48,45,,,,,
ARAI,91.17,91.32,91.32,100.05,105.48,100.11,42,45,48,45,,,,,
GLMD,91.17,91.32,91.32,100.05,105.48,100.11,42,45,48,45,,,,,
WOOF,91.17,91.32,91.32,100.05,105.48,100.11,42,45,48,45,,,,,
WSC,91.17,91.32,91.32,100.05,105.48,100.11,42,45,48,45,,,,,
SVRA,91.17,91.32,91.32,100.05,105.48,100.11,42,45,48,45,,,,,
JAKK,91.17,91.32,91.32,100.05,105.48,100.11,42,45,48,45,,,,,
AMLX,91.17,91.32,91.32,100.05,105.48,100.11,42,45,48,45,,,,,
AGNCZ,91.17,91.32,91.32,100.05,105.48,100.11,42,45,48,45,,,,,
PRO,91.17,91.32,91.32,100.05,105.48,100.11,42,45,48,45,,,,,
CHA,91.17,91.32,91.32,100.05,105.48,100.11,42,45,48,45,,,,,
GSRTU,91.17,91.32,91.32,100.05,105.48,100.11,42,45,48,45,,,,,
ONTO,91.17,91.32,91.32,100.05,105.48,100.11,42,45,48,45,,,,,
KKR,91.17,91.32,91.32,100.05,105.48,100.11,42,45,48,45,,,,,
IGC,91.17,91.32,91.32,100.05,105.48,100.11,42,45,48,45,,,,,
STLA,91.17,91.32,91.32,100.05,105.48,100.11,42,45,48,45,,,,,
GIGM,91.17,91.32,91.32,100.05,105.48,100.11,42,45,48,45,,,,,
HIPO,91.17,91.32,91.32,100.05,105.48,100.11,42,45,48,45,,,,,
ENTG,91.17,91.32,91.32,100.05,105.48,100.11,42,45,48,45,,,,,
HTHT,91.17,91.32,91.32,100.05,105.48,100.11,42,45,48,45,,,,,
HOFT,91.17,91.32,91.32,100.05,105.48,100.11,42,45,48,45,,,,,
BDN,91.17,91.32,91.32,100.05,105.48,100.11,42,45,48,45,,,,,
HLT,91.17,91.32,91.32,100.05,105.48,100.11,42,45,48,45,,,,,
CHPG,91.17,91.32,91.32,100.05,105.48,100.11,42,45,48,45,,,,,
OTEX,91.17,91.32,91.32,100.05,105.48,100.11,42,45,48,45,,,,,
NUS,91.17,91.32,91.32,100.05,105.48,100.11,42,45,48,45,,,,,
COE,91.17,91.32,91.32,100.05,105.48,100.11,42,45,48,45,,,,,
ALOT,91.17,91.32,91.32,100.05,105.48,100.11,42,45,48,45,,,,,
NEE,91.17,91.32,91.32,100.05,105.48,100.11,42,45,48,45,,,,,
ABOS,91.17,91.32,91.32,100.05,105.48,100.11,42,45,48,45,,,,,
WGS,91.17,91.32,91.32,100.05,105.48,100.11,42,45,48,45,,,,,
CRBG,91.17,91.32,91.32,100.05,105.48,100.11,42,45,48,45,,,,,
MANH,91.17,91.32,91.32,100.05,105.48,100.11,42,45,48,45,,,,,
INGN,91.17,91.32,91.32,100.05,105.48,100.11,42,45,48,45,,,,,
BASE,91.17,91.32,91.32,100.05,105.48,100.11,42,45,48,45,,,,,
NVS,91.17,91.32,91.32,100.05,105.48,100.11,42,45,48,45,,,,,
GPC,91.17,91.32,91.32,100.05,105.48,100.11,42,45,48,45,,,,,
CNM,91.17,91.32,91.32,100.05,105.48,100.11,42,45,48,45,,,,,
XYF,91.17,91.32,91.32,100.05,105.48,100.11,42,45,48,45,,,,,
SAN,91.17,91.32,91.32,100.05,105.48,100.11,42,45,48,45,,,,,
IVF,91.17,91.32,91.32,100.05,105.48,100.11,42,45,48,45,,,,,
TWI,91.17,91.32,91.32,100.05,105.48,100.11,42,45,48,45,,,,,
ATNI,91.17,91.32,91.32,100.05,105.48,100.11,42,45,48,45,,,,,
INFA,91.17,91.32,91.32,100.05,105.48,100.11,42,45,48,45,,,,,
INBX,91.17,91.32,91.32,100.05,105.48,100.11,42,45,48,45,,,,,
ACI,91.17,91.32,91.32,100.05,105.48,100.11,42,45,48,45,,,,,
YRD,91.17,91.32,91.32,100.05,105.48,100.11,42,45,48,45,,,,,
RAIN,91.17,91.32,91.32,100.05,105.48,100.11,42,45,48,45,,,,,
RENT,91.17,91.32,91.32,100.05,105.48,100.11,42,45,48,45,,,,,
TD,91.17,91.32,91.32,100.05,105.48,100.11,42,45,48,45,,,,,
PAA,91.17,91.32,91.32,100.05,105.48,100.11,42,45,48,45,,,,,
NKTR,91.17,91.32,91.32,100.05,105.48,100.11,42,45,48,45,,,,,
CRSP,91.17,91.32,91.32,100.05,105.48,100.11,42,45,48,45,,,,,
NCMI,91.17,91.32,91.32,100.05,105.48,100.11,42,45,48,45,,,,,
KN,91.17,91.32,91.32,100.05,105.48,100.11,42,45,48,45,,,,,
RNST,91.17,91.32,91.32,100.05,105.48,100.11,42,45,48,45,,,,,
ARKR,91.17,91.32,91.32,100.05,105.48,100.11,42,45,48,45,,,,,
BMA,91.17,91.32,91.32,100.05,105.48,100.11,42,45,48,45,,,,,
HR,91.17,91.32,91.32,100.05,105.48,100.11,42,45,48,45,,,,,
CHRW,91.17,91.32,91.32,100.05,105.48,100.11,42,45,48,45,,,,,
BTBD,91.17,91.32,91.32,100.05,105.48,100.11,42,45,48,45,,,,,
NCI,91.17,91.32,91.32,100.05,105.48,100.11,42,45,48,45,,,,,
KEP,91.17,91.32,91.32,100.05,105.48,100.11,42,45,48,45,,,,,
CNO,91.17,91.32,91.32,100.05,105.48,100.11,42,45,48,45,,,,,
WNS,91.17,91.32,91.32,100.05,105.48,100.11,42,45,48,45,,,,,
COTY,91.17,91.32,91.32,100.05,105.48,100.11,42,45,48,45,,,,,
RBB,91.17,91.32,91.32,100.05,105.48,100.11,42,45,48,45,,,,,
NL,91.17,91.32,91.32,100.05,105.48,100.11,42,45,48,45,,,,,
BDMD,91.17,91.32,91.32,100.05,105.48,100.11,42,45,48,45,,,,,
STKH,91.17,91.32,91.32,100.05,105.48,100.11,42,45,48,45,,,,,
TRX,91.17,91.32,91.32,100.05,105.48,100.11,42,45,48,45,,,,,
VCYT,91.17,91.32,91.32,100.05,105.48,100.11,42,45,48,45,,,,,
FBK,91.17,91.32,91.32,100.05,105.48,100.11,42,45,48,45,,,,,
SIGIP,91.17,91.32,91.32,100.05,105.48,100.11,42,45,48,45,,,,,
LII,91.17,91.32,91.32,100.05,105.48,100.11,42,45,48,45,,,,,
IXHL,91.17,91.32,91.32,100.05,105.48,100.11,42,45,48,45,,,,,
SYM,91.17,91.32,91.32,100.05,105.48,100.11,42,45,48,45,,,,,
BOW,91.17,91.32,91.32,100.05,105.48,100.11,42,45,48,45,,,,,
IHRT,91.17,91.32,91.32,100.05,105.48,100.11,42,45,48,45,,,,,
MYO,91.17,91.32,91.32,100.05,105.48,100.11,42,45,48,45,,,,,
MLP,91.17,91.32,91.32,100.05,105.48,100.11,42,45,48,45,,,,,
RAAQU,91.17,91.32,91.32,100.05,105.48,100.11,42,45,48,45,,,,,
GPOR,91.17,91.32,91.32,100.05,105.48,100.11,42,45,48,45,,,,,
GYRO,91.17,91.32,91.32,100.05,105.48,100.11,42,45,48,45,,,,,
SGU,91.17,91.32,91.32,100.05,105.48,100.11,42,45,48,45,,,,,
BAX,91.17,91.32,91.32,100.05,105.48,100.11,42,45,48,45,,,,,
GRAF,91.17,91.32,91.32,100.05,105.48,100.11,42,45,48,45,,,,,
ELAN,91.17,91.32,91.32,100.05,105.48,100.11,42,45,48,45,,,,,
AU,91.17,91.32,91.32,100.05,105.48,100.11,42,45,48,45,,,,,
SIEB,91.17,91.32,91.32,100.05,105.48,100.11,42,45,48,45,,,,,
FUL,91.17,91.32,91.32,100.05,105.48,100.11,42,45,48,45,,,,,
NGNE,91.17,91.32,91.32,100.05,105.48,100.11,42,45,48,45,,,,,
ICCC,91.17,91.32,91.32,100.05,105.48,100.11,42,45,48,45,,,,,
BE,91.17,91.32,91.32,100.05,105.48,100.11,42,45,48,45,,,,,
TV,91.17,91.32,91.32,100.05,105.48,100.11,42,45,48,45,,,,,
CLGN,91.17,91.32,91.32,100.05,105.48,100.11,42,45,48,45,,,,,
MBLY,91.17,91.32,91.32,100.05,105.48,100.11,42,45,48,45,,,,,
ENFY,91.17,91.32,91.32,100.05,105.48,100.11,42,45,48,45,,,,,
XWEL,91.17,91.32,91.32,100.05,105.48,100.11,42,45,48,45,,,,,
BZAI,91.17,91.32,91.32,100.05,105.48,100.11,42,45,48,45,,,,,
MATW,91.17,91.32,91.32,100.05,105.48,100.11,42,45,48,45,,,,,
TRST,91.17,91.32,91.32,100.05,105.48,100.11,42,45,48,45,,,,,
GEVO,91.17,91.32,91.32,100.05,105.48,100.11,42,45,48,45,,,,,
RVYL,91.17,91.32,91.32,100.05,105.48,100.11,42,45,48,45,,,,,
BLMN,91.17,91.32,91.32,100.05,105.48,100.11,42,45,48,45,,,,,
SDHI,91.17,91.32,91.32,100.05,105.48,100.11,42,45,48,45,,,,,
RBNE,91.17,91.32,91.32,100.05,105.48,100.11,42,45,48,45,,,,,
XCUR,91.17,91.32,91.32,100.05,105.48,100.11,42,45,48,45,,,,,
RVLV,91.17,91.32,91.32,100.05,105.48,100.11,42,45,48,45,,,,,
IIIV,91.17,91.32,91.32,100.05,105.48,100.11,42,45,48,45,,,,,
INN,91.17,91.32,91.32,100.05,105.48,100.11,42,45,48,45,,,,,
CCBG,91.17,91.32,91.32,100.05,105.48,100.11,42,45,48,45,,,,,
KGS,91.17,91.32,91.32,100.05,105.48,100.11,42,45,48,45,,,,,
AUPH,91.17,91.32,91.32,100.05,105.48,100.11,42,45,48,45,,,,,
UNH,91.17,91.32,91.32,100.05,105.48,100.11,42,45,48,45,,,,,
CWCO,91.17,91.32,91.32,100.05,105.48,100.11,42,45,48,45,,,,,
GBCI,91.17,91.32,91.32,100.05,105.48,100.11,42,45,48,45,,,,,
BACC,91.17,91.32,91.32,100.05,105.48,100.11,42,45,48,45,,,,,
AAME,91.17,91.32,91.32,100.05,105.48,100.11,42,45,48,45,,,,,
AB,91.17,91.32,91.32,100.05,105.48,100.11,42,45,48,45,,,,,
BPRN,91.17,91.32,91.32,100.05,105.48,100.11,42,45,48,45,,,,,
GSAT,91.17,91.32,91.32,100.05,105.48,100.11,42,45,48,45,,,,,
RJF,91.17,91.32,91.32,100.05,105.48,100.11,42,45,48,45,,,,,
TOUR,91.17,91.32,91.32,100.05,105.48,100.11,42,45,48,45,,,,,
CHECU,91.17,91.32,91.32,100.05,105.48,100.11,42,45,48,45,9.99,1.0,9.99,9.99,0.02
EURK,91.17,91.32,91.32,100.05,105.48,100.11,42,45,48,45,,,,,
PANW,91.17,91.32,91.32,100.05,105.48,100.11,42,45,48,45,,,,,
LQDA,91.17,91.32,91.32,100.05,105.48,100.11,42,45,48,45,,,,,
AIRI,91.17,91.32,91.32,100.05,105.48,100.11,42,45,48,45,,,,,
LAUR,91.17,91.32,91.32,100.05,105.48,100.11,42,45,48,45,,,,,
ISTR,91.17,91.32,91.32,100.05,105.48,100.11,42,45,48,45,,,,,
SIBN,91.17,91.32,91.32,100.05,105.48,100.11,42,45,48,45,,,,,
ADV,91.17,91.32,91.32,100.05,105.48,100.11,42,45,48,45,,,,,
BXP,91.17,91.32,91.32,100.05,105.48,100.11,42,45,48,45,,,,,
PLX,91.17,91.32,91.32,100.05,105.48,100.11,42,45,48,45,,,,,
BATRA,91.17,91.32,91.32,100.05,105.48,100.11,42,45,48,45,,,,,
QSI,91.17,91.32,91.32,100.05,105.48,100.11,42,45,48,45,,,,,
ADCT,91.17,91.32,91.32,100.05,105.48,100.11,42,45,48,45,,,,,
HII,91.17,91.32,91.32,100.05,105.48,100.11,42,45,48,45,,,,,
BMO,91.17,91.32,91.32,100.05,105.48,100.11,42,45,48,45,,,,,
AMAL,91.17,91.32,91.32,100.05,105.48,100.11,42,45,48,45,,,,,
FRME,91.17,91.32,91.32,100.05,105.48,100.11,42,45,48,45,,,,,
EXK,91.17,91.32,91.32,100.05,105.48,100.11,42,45,48,45,,,,,
PLOW,91.17,91.32,91.32,100.05,105.48,100.11,42,45,48,45,,,,,
TXN,91.17,91.32,91.32,100.05,105.48,100.11,42,45,48,45,,,,,
REVG,91.17,91.32,91.32,100.05,105.48,100.11,42,45,48,45,,,,,
RIBB,91.17,91.32,91.32,100.05,105.48,100.11,42,45,48,45,,,,,
VATE,91.17,91.32,91.32,100.05,105.48,100.11,42,45,48,45,,,,,
MOFG,91.17,91.32,91.32,100.05,105.48,100.11,42,45,48,45,,,,,
DBVT,91.17,91.32,91.32,100.05,105.48,100.11,42,45,48,45,,,,,
VIPS,91.17,91.32,91.32,100.05,105.48,100.11,42,45,48,45,,,,,
GLXY,91.17,91.32,91.32,100.05,105.48,100.11,42,45,48,45,,,,,
ASPI,91.17,91.32,91.32,100.05,105.48,100.11,42,45,48,45,,,,,
AVGO,91.17,91.32,91.32,100.05,105.48,100.11,42,45,48,45,,,,,
ACB,91.17,91.32,91.32,100.05,105.48,100.11,42,45,48,45,,,,,
CZWI,91.17,91.32,91.32,100.05,105.48,100.11,42,45,48,45,,,,,
EFSC,91.17,91.32,91.32,100.05,105.48,100.11,42,45,48,45,,,,,
PRCT,91.17,91.32,91.32,100.05,105.48,100.11,42,45,48,45,,,,,
SACH,91.17,91.32,91.32,100.05,105.48,100.11,42,45,48,45,,,,,
KRO,91.17,91.32,91.32,100.05,105.48,100.11,42,45,48,45,,,,,
OSRH,91.17,91.32,91.32,100.05,105.48,100.11,42,45,48,45,,,,,
TRMK,91.17,91.32,91.32,100.05,105.48,100.11,42,45,48,45,,,,,
SWAG,91.17,91.32,91.32,100.05,105.48,100.11,42,45,48,45,,,,,
HLI,91.17,91.32,91.32,100.05,105.48,100.11,42,45,48,45,,,,,
LHAI,91.17,91.32,91.32,100.05,105.48,100.11,42,45,48,45,,,,,
IPG,91.17,91.32,91.32,100.05,105.48,100.11,42,45,48,45,,,,,
EVR,91.17,91.32,91.32,100.05,105.48,100.11,42,45,48,45,,,,,
ATMVU,91.17,91.32,91.32,100.05,105.48,100.11,42,45,48,45,,,,,
PCH,91.17,91.32,91.32,100.05,105.48,100.11,42,45,48,45,,,,,
AVR,91.17,91.32,91.32,100.05,105.48,100.11,42,45,48,45,,,,,
IESC,91.17,91.32,91.32,100.05,105.48,100.11,42,45,48,45,,,,,
ALUR,91.17,91.32,91.32,100.05,105.48,100.11,42,45,48,45,,,,,
UAN,91.17,91.32,91.32,100.05,105.48,100.11,42,45,48,45,,,,,
CSGS,91.17,91.32,91.32,100.05,105.48,100.11,42,45,48,45,,,,,
EDIT,91.17,91.32,91.32,100.05,105.48,100.11,42,45,48,45,,,,,
DRUG,91.17,91.32,91.32,100.05,105.48,100.11,42,45,48,45,,,,,
STAG,91.17,91.32,91.32,100.05,105.48,100.11,42,45,48,45,,,,,
WBS,91.17,91.32,91.32,100.05,105.48,100.11,42,45,48,45,,,,,
TDS,91.17,91.32,91.32,100.05,105.48,100.11,42,45,48,45,,,,,
IPDN,91.17,91.32,91.32,100.05,105.48,100.11,42,45,48,45,,,,,
TDAC,91.17,91.32,91.32,100.05,105.48,100.11,42,45,48,45,,,,,
HSPOU,91.17,91.32,91.32,100.05,105.48,100.11,42,45,48,45,,,,,
OCG,91.17,91.32,91.32,100.05,105.48,100.11,42,45,48,45,,,,,
QNST,91.17,91.32,91.32,100.05,105.48,100.11,42,45,48,45,,,,,
GCMG,91.17,91.32,91.32,100.05,105.48,100.11,42,45,48,45,,,,,
OMH,91.17,91.32,91.32,100.05,105.48,100.11,42,45,48,45,,,,,
DRD,91.17,91.32,91.32,100.05,105.48,100.11,42,45,48,45,,,,,
SY,91.17,91.32,91.32,100.05,105.48,100.11,42,45,48,45,,,,,
CLDX,91.17,91.32,91.32,100.05,105.48,100.11,42,45,48,45,,,,,
SWKS,91.17,91.32,91.32,100.05,105.48,100.11,42,45,48,45,,,,,
RCL,91.17,91.32,91.32,100.05,105.48,100.11,42,45,48,45,,,,,
AIHS,91.17,91.32,91.32,100.05,105.48,100.11,42,45,48,45,,,,,
ALDX,91.17,91.32,91.32,100.05,105.48,100.11,42,45,48,45,,,,,
CSTM,91.17,91.32,91.32,100.05,105.48,100.11,42,45,48,45,,,,,
TAC,91.17,91.32,91.32,100.05,105.48,100.11,42,45,48,45,,,,,
GNLN,91.17,91.32,91.32,100.05,105.48,100.11,42,45,48,45,,,,,
ZEO,91.17,91.32,91.32,100.05,105.48,100.11,42,45,48,45,,,,,
CCSI,91.17,91.32,91.32,100.05,105.48,100.11,42,45,48,45,,,,,
EVLV,91.17,91.32,91.32,100.05,105.48,100.11,42,45,48,45,,,,,
AXL,91.17,91.32,91.32,100.05,105.48,100.11,42,45,48,45,,,,,
DBRG,91.17,91.32,91.32,100.05,105.48,100.11,42,45,48,45,,,,,
FRSX,91.17,91.32,91.32,100.05,105.48,100.11,42,45,48,45,,,,,
FHN,91.17,91.32,91.32,100.05,105.48,100.11,42,45,48,45,,,,,
LEDS,91.17,91.32,91.32,100.05,105.48,100.11,42,45,48,45,,,,,
SUIG,91.17,91.32,91.32,100.05,105.48,100.11,42,45,48,45,,,,,
YTRA,91.17,91.32,91.32,100.05,105.48,100.11,42,45,48,45,,,,,
AMN,91.17,91.32,91.32,100.05,105.48,100.11,42,45,48,45,,,,,
MRNO,91.17,91.32,91.32,100.05,105.48,100.11,42,45,48,45,,,,,
HYAC,91.17,91.32,91.32,100.05,105.48,100.11,42,45,48,45,,,,,
UTZ,91.17,91.32,91.32,100.05,105.48,100.11,42,45,48,45,,,,,
SNDL,91.17,91.32,91.32,100.05,105.48,100.11,42,45,48,45,,,,,
UFCS,91.17,91.32,91.32,100.05,105.48,100.11,42,45,48,45,,,,,
CAN,91.17,91.32,91.32,100.05,105.48,100.11,42,45,48,45,,,,,
FLGT,91.17,91.32,91.32,100.05,105.48,100.11,42,45,48,45,,,,,
SNTI,91.17,91.32,91.32,100.05,105.48,100.11,42,45,48,45,,,,,
GHRS,91.17,91.32,91.32,100.05,105.48,100.11,42,45,48,45,,,,,
JLL,91.17,91.32,91.32,100.05,105.48,100.11,42,45,48,45,,,,,
EXAS,91.17,91.32,91.32,100.05,105.48,100.11,42,45,48,45,,,,,
TPCS,91.17,91.32,91.32,100.05,105.48,100.11,42,45,48,45,,,,,
FTS,91.17,91.32,91.32,100.05,105.48,100.11,42,45,48,45,,,,,
MASK,91.17,91.32,91.32,100.05,105.48,100.11,42,45,48,45,,,,,
FIHL,91.17,91.32,91.32,100.05,105.48,100.11,42,45,48,45,,,,,
PPCB,91.17,91.32,91.32,100.05,105.48,100.11,42,45,48,45,,,,,
SDST,91.17,91.32,91.32,100.05,105.48,100.11,42,45,48,45,,,,,
RSG,91.17,91.32,91.32,100.05,105.48,100.11,42,45,48,45,,,,,
CABA,91.17,91.32,91.32,100.05,105.48,100.11,42,45,48,45,,,,,
DNN,91.17,91.32,91.32,100.05,105.48,100.11,42,45,48,45,,,,,
TOL,91.17,91.32,91.32,100.05,105.48,100.11,42,45,48,45,,,,,
MDRR,91.17,91.32,91.32,100.05,105.48,100.11,42,45,48,45,,,,,
UPXI,91.17,91.32,91.32,100.05,105.48,100.11,42,45,48,45,,,,,
ORA,91.17,91.32,91.32,100.05,105.48,100.11,42,45,48,45,,,,,
TRVG,91.17,91.32,91.32,100.05,105.48,100.11,42,45,48,45,,,,,
IQV,91.17,91.32,91.32,100.05,105.48,100.11,42,45,48,45,,,,,
AEIS,91.17,91.32,91.32,100.05,105.48,100.11,42,45,48,45,,,,,
PNC,91.17,91.32,91.32,100.05,105.48,100.11,42,45,48,45,,,,,
ROKU,91.17,91.32,91.32,100.05,105.48,100.11,42,45,48,45,,,,,
DLB,91.17,91.32,91.32,100.05,105.48,100.11,42,45,48,45,,,,,
JRVR,91.17,91.32,91.32,100.05,105.48,100.11,42,45,48,45,,,,,
GDRX,91.17,91.32,91.32,100.05,105.48,100.11,42,45,48,45,,,,,
RILYP,91.17,91.32,91.32,100.05,105.48,100.11,42,45,48,45,,,,,
TPR,91.17,91.32,91.32,100.05,105.48,100.11,42,45,48,45,,,,,
FTRK,91.17,91.32,91.32,100.05,105.48,100.11,42,45,48,45,,,,,
SSII,91.17,91.32,91.32,100.05,105.48,100.11,42,45,48,45,,,,,
MSBIP,91.17,91.32,91.32,100.05,105.48,100.11,42,45,48,45,,,,,
CGTL,91.17,91.32,91.32,100.05,105.48,100.11,42,45,48,45,,,,,
CTKB,91.17,91.32,91.32,100.05,105.48,100.11,42,45,48,45,,,,,
KSS,91.17,91.32,91.32,100.05,105.48,100.11,42,45,48,45,,,,,
APO,91.17,91.32,91.32,100.05,105.48,100.11,42,45,48,45,,,,,
RARE,91.17,91.32,91.32,100.05,105.48,100.11,42,45,48,45,,,,,
ELVA,91.17,91.32,91.32,100.05,105.48,100.11,42,45,48,45,,,,,
NWN,91.17,91.32,91.32,100.05,105.48,100.11,42,45,48,45,,,,,
CRTO,91.17,91.32,91.32,100.05,105.48,100.11,42,45,48,45,,,,,
DRMA,91.17,91.32,91.32,100.05,105.48,100.11,42,45,48,45,,,,,
SM,91.17,91.32,91.32,100.05,105.48,100.11,42,45,48,45,,,,,
FKWL,91.17,91.32,91.32,100.05,105.48,100.11,42,45,48,45,,,,,
IMAX,91.17,91.32,91.32,100.05,105.48,100.11,42,45,48,45,,,,,
ABP,91.17,91.32,91.32,100.05,105.48,100.11,42,45,48,45,,,,,
RADX,91.17,91.32,91.32,100.05,105.48,100.11,42,45,48,45,,,,,
BTCT,91.17,91.32,91.32,100.05,105.48,100.11,42,45,48,45,,,,,
UFG,91.17,91.32,91.32,100.05,105.48,100.11,42,45,48,45,,,,,
ITGR,91.17,91.32,91.32,100.05,105.48,100.11,42,45,48,45,,,,,
ONIT,91.17,91.32,91.32,100.05,105.48,100.11,42,45,48,45,,,,,
TDIC,91.17,91.32,91.32,100.05,105.48,100.11,42,45,48,45,,,,,
GORO,91.17,91.32,91.32,100.05,105.48,100.11,42,45,48,45,,,,,
TECK,91.17,91.32,91.32,100.05,105.48,100.11,42,45,48,45,,,,,
EQIX,91.17,91.32,91.32,100.05,105.48,100.11,42,45,48,45,,,,,
TREX,91.17,91.32,91.32,100.05,105.48,100.11,42,45,48,45,,,,,
KELYB,91.17,91.32,91.32,100.05,105.48,100.11,42,45,48,45,,,,,
AN,91.17,91.32,91.32,100.05,105.48,100.11,42,45,48,45,,,,,
POWL,91.17,91.32,91.32,100.05,105.48,100.11,42,45,48,45,,,,,
BTCM,91.17,91.32,91.32,100.05,105.48,100.11,42,45,48,45,,,,,
TROW,91.17,91.32,91.32,100.05,105.48,100.11,42,45,48,45,,,,,
SOND,91.17,91.32,91.32,100.05,105.48,100.11,42,45,48,45,,,,,
FND,91.17,91.32,91.32,100.05,105.48,100.11,42,45,48,45,,,,,
SBUX,91.17,91.32,91.32,100.05,105.48,100.11,42,45,48,45,,,,,
COMM,91.17,91.32,91.32,100.05,105.48,100.11,42,45,48,45,,,,,
INBK,91.17,91.32,91.32,100.05,105.48,100.11,42,45,48,45,,,,,
CAEP,91.17,91.32,91.32,100.05,105.48,100.11,42,45,48,45,,,,,
LPX,91.17,91.32,91.32,100.05,105.48,100.11,42,45,48,45,,,,,
GCT,91.17,91.32,91.32,100.05,105.48,100.11,42,45,48,45,,,,,
SLS,91.17,91.32,91.32,100.05,105.48,100.11,42,45,48,45,,,,,
CYBN,91.17,91.32,91.32,100.05,105.48,100.11,42,45,48,45,,,,,
DVA,91.17,91.32,91.32,100.05,105.48,100.11,42,45,48,45,,,,,
MOGU,91.17,91.32,91.32,100.05,105.48,100.11,42,45,48,45,,,,,
CTBI,91.17,91.32,91.32,100.05,105.48,100.11,42,45,48,45,,,,,
ALFUU,91.17,91.32,91.32,100.05,105.48,100.11,42,45,48,45,,,,,
RF,91.17,91.32,91.32,100.05,105.48,100.11,42,45,48,45,,,,,
UE,91.17,91.32,91.32,100.05,105.48,100.11,42,45,48,45,,,,,
DX,91.17,91.32,91.32,100.05,105.48,100.11,42,45,48,45,,,,,
SVRE,91.17,91.32,91.32,100.05,105.48,100.11,42,45,48,45,,,,,
ZEUS,91.17,91.32,91.32,100.05,105.48,100.11,42,45,48,45,,,,,
MPLX,91.17,91.32,91.32,100.05,105.48,100.11,42,45,48,45,,,,,
SNGX,91.17,91.32,91.32,100.05,105.48,100.11,42,45,48,45,,,,,
ENB,91.17,91.32,91.32,100.05,105.48,100.11,42,45,48,45,,,,,
CBU,91.17,91.32,91.32,100.05,105.48,100.11,42,45,48,45,,,,,
PI,91.17,91.32,91.32,100.05,105.48,100.11,42,45,48,45,,,,,
MTRX,91.17,91.32,91.32,100.05,105.48,100.11,42,45,48,45,,,,,
CRON,91.17,91.32,91.32,100.05,105.48,100.11,42,45,48,45,,,,,
ATXG,91.17,91.32,91.32,100.05,105.48,100.11,42,45,48,45,,,,,
ELF,91.17,91.32,91.32,100.05,105.48,100.11,42,45,48,45,,,,,
HCMAU,91.17,91.32,91.32,100.05,105.48,100.11,42,45,48,45,,,,,
PTGX,91.17,91.32,91.32,100.05,105.48,100.11,42,45,48,45,,,,,
FUFU,91.17,91.32,91.32,100.05,105.48,100.11,42,45,48,45,,,,,
TVRD,91.17,91.32,91.32,100.05,105.48,100.11,42,45,48,45,,,,,
GDOT,91.17,91.32,91.32,100.05,105.48,100.11,42,45,48,45,,,,,
NSTS,91.17,91.32,91.32,100.05,105.48,100.11,42,45,48,45,,,,,
GNFT,91.17,91.32,91.32,100.05,105.48,100.11,42,45,48,45,,,,,
CQP,91.17,91.32,91.32,100.05,105.48,100.11,42,45,48,45,,,,,
MRK,91.17,91.32,91.32,100.05,105.48,100.11,42,45,48,45,,,,,
NMP,91.17,91.32,91.32,100.05,105.48,100.11,42,45,48,45,,,,,
SHIP,91.17,91.32,91.32,100.05,105.48,100.11,42,45,48,45,,,,,
NMIH,91.17,91.32,91.32,100.05,105.48,100.11,42,45,48,45,,,,,
YUM,91.17,91.32,91.32,100.05,105.48,100.11,42,45,48,45,,,,,
KLTO,91.17,91.32,91.32,100.05,105.48,100.11,42,45,48,45,,,,,
GTX,91.17,91.32,91.32,100.05,105.48,100.11,42,45,48,45,,,,,
AHG,91.17,91.32,91.32,100.05,105.48,100.11,42,45,48,45,,,,,
CVRX,91.17,91.32,91.32,100.05,105.48,100.11,42,45,48,45,,,,,
PULM,91.17,91.32,91.32,100.05,105.48,100.11,42,45,48,45,,,,,
CMT,91.17,91.32,91.32,100.05,105.48,100.11,42,45,48,45,,,,,
PLUS,91.17,91.32,91.32,100.05,105.48,100.11,42,45,48,45,,,,,
ILPT,91.17,91.32,91.32,100.05,105.48,100.11,42,45,48,45,,,,,
KYIV,91.17,91.32,91.32,100.05,105.48,100.11,42,45,48,45,,,,,
AORT,91.17,91.32,91.32,100.05,105.48,100.11,42,45,48,45,,,,,
FTLF,91.17,91.32,91.32,100.05,105.48,100.11,42,45,48,45,,,,,
HUDI,91.17,91.32,91.32,100.05,105.48,100.11,42,45,48,45,,,,,
GFI,91.17,91.32,91.32,100.05,105.48,100.11,42,45,48,45,,,,,
VACHU,91.17,91.32,91.32,100.05,105.48,100.11,42,45,48,45,,,,,
EQ,91.17,91.32,91.32,100.05,105.48,100.11,42,45,48,45,,,,,
CTS,91.17,91.32,91.32,100.05,105.48,100.11,42,45,48,45,,,,,
SENEB,91.17,91.32,91.32,100.05,105.48,100.11,42,45,48,45,,,,,
MLR,91.17,91.32,91.32,100.05,105.48,100.11,42,45,48,45,,,,,
APT,91.17,91.32,91.32,100.05,105.48,100.11,42,45,48,45,,,,,
VABK,91.17,91.32,91.32,100.05,105.48,100.11,42,45,48,45,,,,,
ALGM,91.17,91.32,91.32,100.05,105.48,100.11,42,45,48,45,,,,,
MYNZ,91.17,91.32,91.32,100.05,105.48,100.11,42,45,48,45,,,,,
CAVA,91.17,91.32,91.32,100.05,105.48,100.11,42,45,48,45,,,,,
VIV,91.17,91.32,91.32,100.05,105.48,100.11,42,45,48,45,,,,,
CAG,91.17,91.32,91.32,100.05,105.48,100.11,42,45,48,45,,,,,
KGC,91.17,91.32,91.32,100.05,105.48,100.11,42,45,48,45,,,,,
ZTS,91.17,91.32,91.32,100.05,105.48,100.11,42,45,48,45,,,,,
ADAP,91.17,91.32,91.32,100.05,105.48,100.11,42,45,48,45,,,,,
LOMA,91.17,91.32,91.32,100.05,105.48,100.11,42,45,48,45,,,,,
MLCO,91.17,91.32,91.32,100.05,105.48,100.11,42,45,48,45,,,,,
PED,91.17,91.32,91.32,100.05,105.48,100.11,42,45,48,45,,,,,
XIFR,91.17,91.32,91.32,100.05,105.48,100.11,42,45,48,45,,,,,
IDR,91.17,91.32,91.32,100.05,105.48,100.11,42,45,48,45,,,,,
PB,91.17,91.32,91.32,100.05,105.48,100.11,42,45,48,45,,,,,
AHL,91.17,91.32,91.32,100.05,105.48,100.11,42,45,48,45,,,,,
TPST,91.17,91.32,91.32,100.05,105.48,100.11,42,45,48,45,,,,,
PCAP,91.17,91.32,91.32,100.05,105.48,100.11,42,45,48,45,,,,,
GASS,91.17,91.32,91.32,100.05,105.48,100.11,42,45,48,45,,,,,
DNTH,91.17,91.32,91.32,100.05,105.48,100.11,42,45,48,45,,,,,
ODV,91.17,91.32,91.32,100.05,105.48,100.11,42,45,48,45,,,,,
HWC,91.17,91.32,91.32,100.05,105.48,100.11,42,45,48,45,,,,,
YB,91.17,91.32,91.32,100.05,105.48,100.11,42,45,48,45,,,,,
MCRI,91.17,91.32,91.32,100.05,105.48,100.11,42,45,48,45,,,,,
MLEC,91.17,91.32,91.32,100.05,105.48,100.11,42,45,48,45,,,,,
APG,91.17,91.32,91.32,100.05,105.48,100.11,42,45,48,45,,,,,
LANV,91.17,91.32,91.32,100.05,105.48,100.11,42,45,48,45,,,,,
TNL,91.17,91.32,91.32,100.05,105.48,100.11,42,45,48,45,,,,,
CPHI,91.17,91.32,91.32,100.05,105.48,100.11,42,45,48,45,,,,,
HIMX,91.17,91.32,91.32,100.05,105.48,100.11,42,45,48,45,,,,,
GRI,91.17,91.32,91.32,100.05,105.48,100.11,42,45,48,45,,,,,
BHFAP,91.17,91.32,91.32,100.05,105.48,100.11,42,45,48,45,,,,,
VTAK,91.17,91.32,91.32,100.05,105.48,100.11,42,45,48,45,,,,,
GLDG,91.17,91.32,91.32,100.05,105.48,100.11,42,45,48,45,,,,,
TMO,91.17,91.32,91.32,100.05,105.48,100.11,42,45,48,45,,,,,
AKA,91.17,91.32,91.32,100.05,105.48,100.11,42,45,48,45,,,,,
IHS,91.17,91.32,91.32,100.05,105.48,100.11,42,45,48,45,,,,,
BCYC,91.17,91.32,91.32,100.05,105.48,100.11,42,45,48,45,,,,,
RCEL,91.17,91.32,91.32,100.05,105.48,100.11,42,45,48,45,,,,,
GPRE,91.17,91.32,91.32,100.05,105.48,100.11,42,45,48,45,,,,,
ZYME,91.17,91.32,91.32,100.05,105.48,100.11,42,45,48,45,,,,,
DAAQ,91.17,91.32,91.32,100.05,105.48,100.11,42,45,48,45,,,,,
ACVA,91.17,91.32,91.32,100.05,105.48,100.11,42,45,48,45,,,,,
CSX,91.17,91.32,91.32,100.05,105.48,100.11,42,45,48,45,,,,,
KWR,91.17,91.32,91.32,100.05,105.48,100.11,42,45,48,45,,,,,
EDUC,91.17,91.32,91.32,100.05,105.48,100.11,42,45,48,45,,,,,
KD,91.17,91.32,91.32,100.05,105.48,100.11,42,45,48,45,,,,,
XP,91.17,91.32,91.32,100.05,105.48,100.11,42,45,48,45,,,,,
NVT,91.17,91.32,91.32,100.05,105.48,100.11,42,45,48,45,,,,,
PBM,91.17,91.32,91.32,100.05,105.48,100.11,42,45,48,45,,,,,
COHU,91.17,91.32,91.32,100.05,105.48,100.11,42,45,48,45,,,,,
DXC,91.17,91.32,91.32,100.05,105.48,100.11,42,45,48,45,,,,,
AMP,91.17,91.32,91.32,100.05,105.48,100.11,42,45,48,45,,,,,
SXT,91.17,91.32,91.32,100.05,105.48,100.11,42,45,48,45,,,,,
ECDA,91.17,91.32,91.32,100.05,105.48,100.11,42,45,48,45,,,,,
DFIN,91.17,91.32,91.32,100.05,105.48,100.11,42,45,48,45,,,,,
QD,91.17,91.32,91.32,100.05,105.48,100.11,42,45,48,45,,,,,
WWD,91.17,91.32,91.32,100.05,105.48,100.11,42,45,48,45,,,,,
NVST,91.17,91.32,91.32,100.05,105.48,100.11,42,45,48,45,,,,,
HPQ,91.17,91.32,91.32,100.05,105.48,100.11,42,45,48,45,,,,,
IMG,91.17,91.32,91.32,100.05,105.48,100.11,42,45,48,45,,,,,
SCS,91.17,91.32,91.32,100.05,105.48,100.11,42,45,48,45,,,,,
YEXT,91.17,91.32,91.32,100.05,105.48,100.11,42,45,48,45,,,,,
INTR,91.17,91.32,91.32,100.05,105.48,100.11,42,45,48,45,,,,,
FLO,91.17,91.32,91.32,100.05,105.48,100.11,42,45,48,45,,,,,
HSBC,91.17,91.32,91.32,100.05,105.48,100.11,42,45,48,45,,,,,
MFC,91.17,91.32,91.32,100.05,105.48,100.11,42,45,48,45,,,,,
FRPH,91.17,91.32,91.32,100.05,105.48,100.11,42,45,48,45,,,,,
EU,91.17,91.32,91.32,100.05,105.48,100.11,42,45,48,45,,,,,
WAFD,91.17,91.32,91.32,100.05,105.48,100.11,42,45,48,45,,,,,
BEN,91.17,91.32,91.32,100.05,105.48,100.11,42,45,48,45,,,,,
EVOK,91.17,91.32,91.32,100.05,105.48,100.11,42,45,48,45,,,,,
GANX,91.17,91.32,91.32,100.05,105.48,100.11,42,45,48,45,,,,,
NVNI,91.17,91.32,91.32,100.05,105.48,100.11,42,45,48,45,,,,,
LOB,91.17,91.32,91.32,100.05,105.48,100.11,42,45,48,45,,,,,
CGAU,91.17,91.32,91.32,100.05,105.48,100.11,42,45,48,45,,,,,
CAMT,91.17,91.32,91.32,100.05,105.48,100.11,42,45,48,45,,,,,
STNE,91.17,91.32,91.32,100.05,105.48,100.11,42,45,48,45,,,,,
FIX,91.17,91.32,91.32,100.05,105.48,100.11,42,45,48,45,,,,,
FRAF,91.17,91.32,91.32,100.05,105.48,100.11,42,45,48,45,,,,,
FVN,91.17,91.32,91.32,100.05,105.48,100.11,42,45,48,45,,,,,
FENG,91.17,91.32,91.32,100.05,105.48,100.11,42,45,48,45,,,,,
VWAV,91.17,91.32,91.32,100.05,105.48,100.11,42,45,48,45,,,,,
LTBR,91.17,91.32,91.32,100.05,105.48,100.11,42,45,48,45,,,,,
SQFT,91.17,91.32,91.32,100.05,105.48,100.11,42,45,48,45,,,,,
KALA,91.17,91.32,91.32,100.05,105.48,100.11,42,45,48,45,,,,,
SCL,91.17,91.32,91.32,100.05,105.48,100.11,42,45,48,45,,,,,
CANF,91.17,91.32,91.32,100.05,105.48,100.11,42,45,48,45,,,,,
ROCK,91.17,91.32,91.32,100.05,105.48,100.11,42,45,48,45,,,,,
NISN,91.17,91.32,91.32,100.05,105.48,100.11,42,45,48,45,,,,,
WST,91.17,91.32,91.32,100.05,105.48,100.11,42,45,48,45,,,,,
NRP,91.17,91.32,91.32,100.05,105.48,100.11,42,45,48,45,,,,,
CHOW,91.17,91.32,91.32,100.05,105.48,100.11,42,45,48,45,,,,,
PAVM,91.17,91.32,91.32,100.05,105.48,100.11,42,45,48,45,,,,,
URBN,91.17,91.32,91.32,100.05,105.48,100.11,42,45,48,45,,,,,
CION,91.17,91.32,91.32,100.05,105.48,100.11,42,45,48,45,,,,,
IZEA,91.17,91.32,91.32,100.05,105.48,100.11,42,45,48,45,,,,,
KFS,91.17,91.32,91.32,100.05,105.48,100.11,42,45,48,45,,,,,
ARMK,91.17,91.32,91.32,100.05,105.48,100.11,42,45,48,45,,,,,
VEEV,91.17,91.32,91.32,100.05,105.48,100.11,42,45,48,45,,,,,
NVCR,91.17,91.32,91.32,100.05,105.48,100.11,42,45,48,45,,,,,
SFST,91.17,91.32,91.32,100.05,105.48,100.11,42,45,48,45,,,,,
COHN,91.17,91.32,91.32,100.05,105.48,100.11,42,45,48,45,,,,,
NUAI,91.17,91.32,91.32,100.05,105.48,100.11,42,45,48,45,,,,,
BHR,91.17,91.32,91.32,100.05,105.48,100.11,42,45,48,45,,,,,
MXL,91.17,91.32,91.32,100.05,105.48,100.11,42,45,48,45,,,,,
TWIN,91.17,91.32,91.32,100.05,105.48,100.11,42,45,48,45,,,,,
APAD,91.14,91.3,91.3,100.05,105.48,100.11,8,45,48,45,9.92,1.0,9.89,9.89,0.02
FCBC,91.14,91.25,91.29,97.32,102.54,98.96,8,9,12,9,36.38,0.15,37.56,38.51,4.01
KHC,91.12,91.12,90.79,93.23,104.19,94.56,8,6,13,6,26.42,0.13,27.11,27.84,2.05
ALRM,91.12,91.52,92.13,95.86,101.28,109.05,8,8,10,87,55.33,0.31,56.01,58.06,2.27
FSP,91.11,91.43,94.87,97.0,103.68,105.79,8,9,12,85,1.63,0.31,1.65,1.73,3.05
VNME,91.11,91.27,91.27,100.05,105.48,100.11,8,45,48,45,9.93,1.0,9.92,9.92,0.51
BCAR,91.1,91.26,91.26,100.05,105.48,100.11,8,45,48,45,9.9,0.23,9.9,9.9,0.56
XCH,91.08,91.56,92.89,101.16,99.01,132.89,8,80,8,94,1.35,0.01,1.26,2.51,0.37
TISI,91.08,92.55,92.88,135.1,135.12,122.86,8,95,94,92,17.5,0.38,18.01,17.88,2.53
ABNB,91.06,92.29,95.9,101.18,102.46,101.9,8,81,11,81,127.04,0.38,129.25,130.68,1.87
MTLS,91.06,91.67,95.18,100.23,108.39,141.03,8,80,85,95,5.29,0.21,5.27,5.98,0.93
RKDA,90.97,95.42,116.42,124.97,155.3,206.39,8,93,96,97,3.62,0.27,4.08,4.29,0.29
MBINL,90.94,90.95,90.77,95.6,103.54,101.29,8,8,12,80,23.2,0.54,22.7,23.2,0.33
SI,90.94,90.94,89.95,100.05,105.48,100.11,8,45,48,45,14.42,0.59,14.19,14.19,3.5
OPHC,90.92,91.73,93.72,99.16,98.89,101.65,8,11,8,81,4.21,0.32,4.36,4.44,2.68
CHWY,90.87,91.87,99.28,118.66,117.75,119.24,8,91,90,91,38.49,0.55,38.28,37.56,1.22
GTEN,90.82,91.0,91.07,100.05,105.48,100.11,8,45,48,45,10.21,0.25,10.22,10.22,0.14
LQDT,90.77,90.77,87.96,87.42,134.82,139.22,8,4,94,94,27.77,0.39,25.68,28.72,1.96
RECT,90.74,93.04,99.57,105.19,128.23,174.01,8,85,93,97,3.74,0.15,4.51,4.88,1.33
FUSB,90.69,90.69,91.16,99.72,111.33,108.37,8,11,88,86,13.69,0.91,12.32,12.71,4.8
RPT,90.65,90.65,90.33,94.74,105.69,101.68,8,7,83,81,2.66,0.42,2.61,2.71,2.18
MDU,90.64,90.64,91.24,99.73,103.62,114.47,8,11,12,89,16.71,0.44,16.49,16.82,4.29
EXR,90.57,90.81,91.48,98.19,100.59,93.31,8,10,9,5,139.32,0.3,141.89,144.7,1.83
UK,90.56,90.56,89.47,97.63,102.22,95.68,8,9,11,7,1.05,0.15,1.05,1.11,0.15
RAMP,90.55,92.46,103.14,109.33,107.73,120.35,8,88,85,91,27.59,0.33,29.19,29.93,2.24
ARIS,90.53,90.99,91.05,101.22,137.14,150.31,8,81,94,95,24.03,0.5,22.82,25.09,1.28
TCPC,90.52,91.62,94.59,96.13,104.38,108.5,8,8,13,86,6.58,0.25,6.94,7.26,2.38
FMC,90.49,91.96,95.09,98.48,98.03,92.35,8,10,8,5,36.22,0.09,39.09,41.78,1.65
CTAS,90.47,91.98,97.21,108.56,109.31,100.64,8,87,86,80,200.13,0.41,214.26,208.43,2.36
JCAP,90.47,90.51,90.48,100.05,105.48,100.11,8,45,48,45,17.94,0.52,17.7,17.7,11.28
IBRX,90.44,90.69,98.56,101.66,106.12,122.73,8,81,83,92,2.73,0.2,2.56,2.84,2.1
BKHAU,90.33,90.33,90.48,101.18,106.97,101.54,8,81,84,81,10.77,0.24,10.57,10.66,0.0
EG,90.3,90.33,90.25,99.05,104.49,95.09,8,11,13,6,335.38,0.14,336.62,345.27,3.23
ACRV,90.3,90.3,84.94,68.13,86.27,95.93,8,2,3,7,1.63,0.08,1.39,3.13,0.27
USAC,90.29,90.5,92.31,101.56,120.18,116.04,8,81,91,90,23.44,0.41,23.92,24.15,7.53
CUBE,90.24,90.7,91.87,100.54,102.0,88.51,8,80,11,4,40.2,0.29,40.55,41.14,1.72
PPC,90.2,90.78,91.52,109.39,124.36,112.91,8,88,92,89,40.69,0.32,44.82,44.24,1.99
TYL,90.2,91.25,92.79,97.22,103.7,101.3,8,9,12,80,534.32,0.1,563.13,578.81,2.91
REFI,90.18,90.3,90.38,96.5,104.38,103.68,8,8,13,83,13.46,0.24,13.74,14.14,2.16
TSN,90.17,90.2,90.11,97.86,110.44,98.53,8,10,87,9,53.59,0.16,54.89,56.62,1.41
SELF,90.13,91.16,95.26,107.18,108.34,101.91,8,86,85,81,5.06,0.42,5.15,5.09,1.0
CCTG,90.1,90.1,84.96,80.39,118.86,114.03,8,2,91,89,1.26,0.15,1.15,1.39,0.03
DPZ,90.05,90.35,90.4,104.98,114.67,104.08,8,84,89,83,428.71,0.32,455.46,454.7,2.15
CAPNU,90.04,90.04,90.64,104.7,109.93,101.51,8,84,87,81,10.45,0.34,10.45,10.42,0.0
MOLN,90.03,90.03,89.78,88.7,97.0,122.79,8,4,7,92,3.77,0.09,3.69,4.27,0.54
CARR,90.02,91.99,98.27,107.23,105.39,91.91,8,86,14,5,60.39,0.2,68.07,67.84,1.04
ICCM,90.0,90.0,87.48,93.25,185.58,188.1,8,6,97,97,1.05,0.51,0.98,1.11,0.42
FOFO,89.97,91.32,91.32,100.05,105.48,100.11,8,45,48,45,11.61,0.57,11.45,11.45,0.06
PAYO,89.94,89.94,89.3,87.29,99.22,126.43,8,4,9,93,6.59,0.13,6.72,7.9,3.0
GBLI,89.92,90.83,91.2,91.26,104.63,105.01,8,5,13,84,29.88,0.32,29.88,32.06,1.22
MTC,89.91,89.91,89.08,91.91,84.87,148.19,7,5,3,95,0.85,0.01,0.94,1.18,0.21
MIDD,89.87,90.11,91.46,96.22,114.98,112.19,7,8,89,89,134.85,0.3,138.29,145.07,2.02
KO,89.87,90.4,91.87,106.31,117.68,103.13,7,86,90,83,66.43,0.52,68.47,67.43,1.97
LNSR,89.83,89.83,92.75,128.99,193.45,182.44,7,94,97,97,12.38,0.64,12.69,12.09,1.95
VOC,89.83,89.87,89.47,90.21,86.85,100.96,7,5,3,80,2.79,0.17,2.83,3.19,0.41
LMT,89.82,89.82,89.51,101.43,103.98,91.43,7,81,13,5,472.94,0.34,445.12,457.51,1.61
BOX,89.77,90.89,96.38,104.51,104.13,99.15,7,84,13,9,32.17,0.37,32.24,32.51,1.75
NECB,89.76,90.08,90.3,96.8,98.19,113.75,7,8,8,89,21.42,0.15,21.74,22.86,3.31
THCH,89.75,90.34,93.55,95.39,94.21,126.48,7,7,6,93,2.55,0.13,2.68,2.94,1.2
RTAC,89.64,90.14,92.74,100.06,105.48,100.11,7,79,48,45,10.86,0.18,11.23,11.32,0.41
ACGL,89.63,89.83,89.83,101.1,104.82,93.63,7,80,14,6,88.4,0.14,89.7,91.69,1.81
AMT,89.59,91.01,94.06,108.74,117.51,95.61,7,87,90,7,193.31,0.37,208.52,204.15,2.07
S,89.57,89.57,88.25,90.44,89.39,102.14,7,5,4,81,19.1,0.26,17.85,19.8,1.42
DSGX,89.56,89.56,89.79,98.81,100.32,106.76,7,10,9,86,101.85,0.27,102.79,107.47,1.52
PSA,89.55,89.67,89.67,99.53,103.36,91.46,7,11,12,5,279.0,0.2,283.96,290.43,2.6
CNH,89.49,91.62,97.55,104.39,112.41,110.11,7,84,88,88,10.97,0.28,12.2,12.21,1.94
SBFM,89.47,89.47,89.84,88.03,95.11,101.7,7,4,6,81,1.47,0.11,1.47,1.94,0.55
WPRT,89.46,92.48,97.75,97.96,101.44,97.33,7,10,10,8,2.24,0.0,3.18,3.46,1.44
CZR,89.44,89.75,89.94,95.51,87.63,92.22,7,7,4,5,25.56,0.11,26.75,29.66,8.28
RGR,89.39,89.39,88.38,100.24,112.1,97.76,7,80,88,8,39.73,0.8,35.09,36.31,3.27
LBGJ,89.31,91.39,95.46,102.37,94.22,92.76,7,82,6,5,1.31,0.09,1.31,1.79,1.84
CPHC,89.3,90.13,91.37,91.64,105.11,106.98,7,5,14,86,16.31,0.0,17.39,18.68,1.63
WM,89.29,90.27,92.83,105.5,113.75,103.42,7,85,89,83,216.4,0.43,225.27,223.46,1.71
SGML,89.23,89.23,84.81,67.78,96.69,110.45,7,2,7,88,6.06,0.17,6.05,8.42,1.19
ANL,89.22,89.22,86.34,89.69,109.3,117.45,7,4,86,90,1.77,0.17,1.63,1.9,1.33
AXTA,89.17,89.17,88.1,90.06,97.99,102.26,7,5,8,82,30.27,0.18,30.22,32.85,1.56
FMS,89.14,90.14,97.67,116.93,118.74,109.88,7,91,91,87,25.3,0.62,25.39,24.84,1.0
CMCSA,89.14,89.91,90.13,97.45,100.75,100.63,7,9,9,80,31.59,0.01,33.47,34.92,2.39
NPAC,89.11,89.37,89.59,100.08,105.48,100.11,7,79,48,45,10.1,0.02,10.13,10.17,0.57
PEN,89.11,89.11,88.57,103.76,121.05,120.23,7,83,92,91,255.6,0.59,252.76,262.95,1.94
OSPN,89.08,89.08,88.99,96.24,105.32,115.17,7,8,14,90,15.71,0.43,14.71,16.19,2.77
QTWO,89.07,89.57,94.25,103.85,101.19,117.72,7,84,10,91,78.18,0.22,81.6,87.36,11.06
COST,89.06,89.18,91.17,103.59,109.47,106.58,7,83,86,86,951.16,0.4,958.11,974.5,2.16
WY,89.05,89.59,90.01,91.08,100.93,95.73,7,5,10,7,24.1,0.0,25.48,27.06,2.61
LLY,88.99,89.07,89.2,96.36,110.42,101.97,7,8,87,81,751.99,0.42,738.98,783.13,1.52
OLB,88.98,93.6,124.89,139.46,126.04,85.23,7,95,93,3,1.37,0.17,1.4,1.51,0.31
BCPC,88.98,89.12,89.43,98.94,104.69,97.05,7,10,13,8,156.52,0.23,157.7,162.59,3.72
DOCU,88.93,88.93,87.45,101.17,116.3,137.25,7,80,90,94,84.59,0.54,76.33,82.94,1.61
GSUN,88.89,88.89,86.75,112.78,123.74,96.04,7,89,92,7,2.98,0.19,2.71,2.93,0.69
GEMI,88.83,91.34,91.32,100.05,105.48,100.11,7,45,48,45,24.14,0.0,27.63,27.63,0.44
AVPT,88.83,90.7,99.14,113.24,111.48,137.7,7,89,88,94,15.67,0.49,16.74,17.14,1.64
BNTC,88.81,89.59,93.15,125.68,135.72,122.74,7,93,94,92,13.45,0.58,12.57,12.79,3.22
COCH,88.79,88.83,95.89,102.14,102.01,69.35,7,82,11,1,1.31,0.07,1.41,1.5,0.83
KMB,88.78,88.8,89.8,101.11,110.91,100.76,7,80,87,80,124.62,0.15,128.75,131.04,2.87
TFX,88.78,88.78,87.52,82.0,83.14,82.03,7,3,3,2,122.63,0.1,121.24,140.59,1.72
AVA,88.77,88.79,88.75,103.89,116.71,102.41,7,84,90,82,36.36,0.33,36.76,37.23,1.71
AMSF,88.74,88.74,88.28,94.56,104.75,111.04,7,7,13,88,43.89,0.11,44.85,47.42,5.27
SIDU,88.72,91.01,92.96,105.63,395.16,395.16,7,85,98,98,1.08,0.03,1.33,1.88,0.75
ATHR,88.67,99.52,164.94,216.98,193.76,100.11,7,98,97,45,5.14,0.03,8.22,10.07,0.13
THRY,88.62,88.62,88.57,88.27,106.61,106.67,7,4,83,86,12.15,0.19,12.69,14.21,1.54
UFPT,88.56,90.38,95.94,101.58,97.03,87.24,7,81,7,3,192.77,0.03,219.45,233.92,2.58
SNY,88.56,88.56,88.82,98.14,112.59,106.43,7,10,88,85,47.64,0.29,48.47,49.73,1.66
EWCZ,88.51,92.87,112.09,117.0,95.05,99.99,7,91,6,10,4.0,0.16,4.49,5.14,4.19
CMDB,88.5,88.5,84.71,82.8,105.43,100.11,7,3,14,45,11.77,0.64,10.03,9.96,1.23
AIOT,88.49,88.49,85.62,88.23,116.57,127.91,7,4,90,93,5.34,0.33,4.57,5.46,1.85
ZJYL,88.47,88.74,88.55,106.37,112.32,71.44,7,86,88,1,0.57,0.0,0.65,0.76,0.51
RC,88.37,88.37,87.77,84.81,90.0,95.48,7,3,4,7,4.34,0.19,4.18,5.0,3.04
KIDS,88.32,88.35,88.62,91.48,105.26,99.06,7,5,14,9,19.18,0.1,20.68,22.47,1.37
VBIX,88.31,91.88,128.15,217.78,238.25,146.47,6,98,98,95,2.79,0.05,3.88,4.86,0.13
WMK,88.31,88.35,88.36,107.36,123.62,105.17,6,86,92,84,70.92,0.35,72.87,73.57,8.49
CMCO,88.26,88.26,87.19,86.88,74.37,109.48,6,4,2,87,15.05,0.09,14.9,20.69,1.11
MTEX,88.21,88.21,88.63,101.79,142.12,153.11,6,81,95,95,8.83,0.21,8.58,10.16,1.22
AIN,88.2,89.67,90.58,91.97,97.93,100.14,6,5,8,79,56.33,0.07,63.47,70.2,2.18
UPC,88.2,88.2,86.96,97.55,79.66,89.71,6,9,2,4,4.49,0.01,3.73,10.22,15.8
DDL,88.19,88.19,86.43,78.63,96.73,146.32,6,2,7,95,2.11,0.06,2.19,2.73,1.85
CAPL,88.17,88.17,87.66,102.39,115.45,110.95,6,82,90,88,21.01,0.48,20.71,21.28,2.05
SOTK,88.11,88.11,86.53,99.62,101.04,109.21,6,11,10,87,4.17,0.57,3.52,3.81,1.35
MATX,88.06,88.18,89.83,90.86,96.78,105.96,6,5,7,85,103.76,0.15,106.51,120.08,3.2
OOMA,88.04,88.04,86.8,93.82,108.27,118.35,6,6,85,91,12.8,0.36,12.09,13.22,1.31
HQI,88.03,88.03,87.44,83.7,98.64,98.29,6,3,8,9,9.85,0.12,9.78,11.42,2.0
CCRN,87.95,87.99,87.91,87.08,140.64,158.62,6,4,95,96,13.54,0.44,13.21,14.99,2.13
ARLP,87.94,88.6,92.94,103.71,108.48,107.46,6,83,86,86,23.68,0.33,24.67,25.05,0.77
NSIT,87.93,88.55,88.59,87.73,95.98,91.86,6,4,7,5,119.07,0.02,130.42,144.23,5.02
SKY,87.89,87.89,83.89,82.36,104.26,102.63,6,3,13,82,74.41,0.29,70.65,83.33,2.78
OLP,87.87,88.36,88.83,95.97,101.41,99.59,6,8,10,10,22.81,0.11,23.08,24.47,1.87
RGEN,87.77,87.77,87.63,90.15,108.9,109.68,6,5,86,87,122.3,0.21,119.94,135.81,1.26
CNMD,87.7,87.7,87.38,91.21,92.48,99.46,6,5,5,10,50.01,0.09,52.08,58.36,1.23
MAIA,87.7,88.27,90.83,108.28,104.75,83.6,6,87,13,3,1.55,0.06,1.61,1.79,0.6
AMH,87.67,88.34,89.42,104.68,109.6,96.13,6,84,86,7,33.43,0.18,34.76,35.47,2.29
INGR,87.66,88.65,91.09,103.45,105.96,102.54,6,83,83,82,122.59,0.0,128.79,132.46,2.69
RUM,87.45,88.73,98.58,108.73,198.96,228.11,6,87,97,98,7.69,0.24,8.14,9.14,2.25
NEN,87.41,87.41,87.24,99.92,106.17,100.6,6,11,83,80,72.5,0.24,71.82,75.29,0.0
TBBB,87.4,87.4,87.01,103.82,104.82,95.95,6,83,14,7,25.49,0.14,25.87,27.54,0.69
OCS,87.4,88.51,93.66,101.12,132.08,134.96,6,80,94,94,16.62,0.43,17.59,18.64,3.06
CYH,87.38,87.38,96.7,118.05,108.3,78.27,6,91,85,2,3.04,0.17,2.91,3.12,1.06
LAND,87.37,88.07,89.61,92.54,98.43,91.3,6,6,8,5,9.26,0.14,9.31,9.99,1.45
CHD,87.37,87.6,87.65,93.56,106.68,102.22,6,6,83,82,90.35,0.0,93.93,100.3,2.18
ICUI,87.35,87.35,86.36,91.35,95.7,92.4,6,5,6,5,131.71,0.31,126.09,141.38,1.68
AVTR,87.34,87.4,87.2,82.87,83.75,85.55,6,3,3,3,12.5,0.08,12.88,15.89,1.24
HFFG,87.29,87.29,88.97,161.76,169.19,105.52,6,96,97,85,3.4,0.53,3.2,3.29,3.09
ODFL,87.28,87.9,89.05,92.43,93.3,103.11,6,6,5,83,140.84,0.0,152.54,168.07,2.19
GPRK,87.26,89.16,90.95,90.43,102.99,121.45,6,5,12,92,5.97,0.05,6.54,7.58,1.95
CAMP,87.24,87.24,75.9,64.3,109.69,104.09,6,1,86,83,2.28,0.09,1.77,3.26,0.31
PRVA,87.23,87.23,86.46,102.22,120.1,116.58,6,82,91,90,22.37,0.63,21.18,22.39,3.5
STKS,87.19,90.53,103.69,129.45,118.01,96.5,6,94,91,7,2.47,0.01,2.99,3.25,1.63
GLBZ,87.13,87.13,89.15,102.43,105.96,101.36,6,82,83,80,4.62,0.22,4.48,5.03,1.96
SAM,87.07,87.07,85.05,94.07,98.3,108.19,6,7,8,86,223.24,0.27,214.25,237.42,1.12
ATR,87.04,87.97,91.98,101.23,103.32,103.52,6,81,12,83,134.44,0.04,144.12,150.31,1.9
MX,87.02,87.99,96.11,105.12,103.11,102.39,6,84,12,82,3.26,0.26,3.32,3.74,0.87
MAN,86.96,86.96,86.96,83.33,97.94,92.61,6,3,8,5,37.34,0.0,41.29,48.51,8.33
VNOM,86.95,87.35,87.35,93.13,95.42,109.02,6,6,6,87,37.4,0.1,37.82,41.69,2.05
OBIO,86.92,88.72,90.67,89.79,100.88,109.36,6,4,10,87,2.44,0.01,2.78,3.72,1.82
LSTR,86.89,87.26,87.41,88.92,91.12,98.97,6,4,5,9,124.67,0.0,132.41,147.45,1.79
MASI,86.89,87.97,91.49,97.87,113.62,124.94,6,10,89,92,140.43,0.27,150.6,163.04,1.55
RGP,86.88,86.88,85.82,81.99,91.63,94.24,6,3,5,6,5.28,0.18,4.99,6.18,2.51
NIQ,86.83,87.04,88.53,100.05,105.48,100.11,6,45,48,45,17.06,0.28,17.63,17.63,3.21
ARCO,86.82,87.68,88.05,98.07,107.19,98.95,6,10,84,9,6.71,0.05,7.03,7.48,1.35
GOOD,86.77,87.46,88.48,93.97,98.37,102.43,6,7,8,82,12.88,0.05,13.23,14.24,1.81
CTRM,86.76,87.09,89.48,90.08,88.06,87.11,6,5,4,3,2.22,0.12,2.18,2.43,0.91
UTI,86.72,88.32,100.07,123.59,132.45,148.51,6,93,94,95,28.29,0.63,28.82,28.84,1.75
VIR,86.71,86.71,85.9,79.91,124.42,128.61,6,2,92,93,5.18,0.11,5.02,6.59,1.77
MKC,86.7,87.43,87.73,96.21,108.15,101.2,6,8,85,80,65.48,0.0,70.09,74.55,1.97
NAUT,86.67,86.67,84.91,83.95,65.3,78.17,6,3,1,2,0.68,0.02,0.72,1.09,2.45
SCKT,86.49,86.94,87.74,96.38,102.97,120.93,6,8,12,91,1.06,0.2,1.08,1.21,0.54
JTAI,86.46,86.46,92.89,158.46,355.37,135.29,6,96,98,94,3.36,0.05,3.37,3.99,0.96
CPB,86.45,86.45,84.95,89.98,99.07,88.94,6,5,9,4,33.43,0.17,32.46,35.81,2.25
USGO,86.31,86.31,85.83,107.01,128.67,183.8,5,86,93,97,9.21,0.48,8.51,9.39,0.67
LPCN,86.31,86.85,89.8,92.72,92.87,105.89,5,6,5,85,2.88,0.02,3.06,3.56,0.42
ADSE,86.3,89.53,89.79,89.03,110.97,119.64,5,4,87,91,9.33,0.12,11.1,12.99,3.36
ALKS,86.3,86.32,86.97,95.53,115.87,113.79,5,7,90,89,27.79,0.2,28.03,30.21,1.66
ERIE,86.3,86.89,87.18,91.62,104.11,93.99,5,5,13,6,317.99,0.0,349.34,378.78,2.09
ALC,86.29,86.91,88.44,100.85,110.83,99.49,5,80,87,10,77.25,0.0,84.03,87.65,0.62
RAL,86.2,86.83,89.45,100.05,105.48,100.11,5,45,48,45,43.42,0.19,44.16,44.84,1.85
MAA,86.2,86.2,86.2,99.65,111.38,102.1,5,11,88,81,140.86,0.08,144.3,151.53,1.89
UMH,86.17,86.85,87.97,95.86,102.89,96.89,5,8,12,8,14.76,0.0,15.9,16.98,2.7
ARDT,86.15,86.15,85.19,95.66,97.19,92.92,5,8,7,5,12.82,0.26,12.24,13.82,5.24
MCS,86.12,86.27,88.94,93.67,100.28,130.6,5,6,9,93,15.64,0.13,15.9,17.76,1.69
ENOV,86.05,86.05,84.07,84.21,94.57,105.83,5,3,6,85,32.36,0.28,29.72,36.41,1.03
NCTY,86.04,86.04,80.51,89.81,137.43,193.69,5,5,95,97,9.91,0.28,9.13,11.82,2.84
GNE,85.99,92.75,117.19,137.78,129.1,94.36,5,95,93,6,14.86,0.08,17.31,16.95,1.55
PSO,85.98,85.98,85.61,97.59,111.16,111.24,5,9,87,88,13.98,0.21,14.36,15.38,1.0
KEX,85.96,89.13,97.47,104.15,102.88,94.79,5,84,12,6,84.05,0.03,100.42,104.89,1.83
HRB,85.94,86.29,88.61,107.3,110.9,91.67,5,86,87,5,50.27,0.1,52.5,54.15,1.61
DMLP,85.86,86.02,86.73,94.33,99.48,105.96,5,7,9,85,25.3,0.14,25.74,27.96,1.37
FIS,85.71,87.55,93.49,105.76,105.99,98.43,5,85,83,9,65.11,0.0,72.61,75.66,1.87
UFI,85.7,85.7,88.27,94.28,94.02,93.28,5,7,6,5,4.65,0.1,4.55,5.11,1.18
LUCD,85.65,86.3,87.58,123.33,169.03,134.86,5,93,97,94,1.09,0.37,1.1,1.16,1.29
MNOV,85.65,85.65,85.02,85.04,97.5,118.41,5,3,7,91,1.27,0.06,1.3,1.56,0.63
PRGO,85.61,87.6,92.45,103.86,112.2,99.8,5,84,88,10,21.26,0.02,24.28,25.25,2.53
SPB,85.6,85.6,84.2,79.16,87.82,94.94,5,2,4,6,52.64,0.03,55.42,66.3,1.92
GME,85.59,85.59,89.03,113.49,116.0,127.96,5,89,90,93,26.08,0.38,23.37,25.92,1.11
SXC,85.55,85.55,84.84,92.82,97.4,129.76,5,6,7,93,7.92,0.16,7.81,8.82,1.53
CGNT,85.51,85.57,92.89,115.28,122.21,131.82,5,90,92,93,8.39,0.39,8.87,9.24,1.19
EXOZ,85.47,85.47,85.81,99.13,156.66,175.47,5,11,96,97,14.47,0.49,10.46,12.88,3.34
EDBL,85.46,90.81,132.87,133.49,111.3,116.63,5,94,88,90,1.84,0.0,2.17,3.43,0.39
TWO,85.42,85.42,84.96,92.48,114.89,110.32,5,6,89,88,9.9,0.09,10.04,10.96,1.73
GNTA,85.36,85.36,88.71,102.01,107.06,142.75,5,82,84,95,2.86,0.03,3.56,3.98,0.74
MRT,85.28,85.31,85.45,102.61,148.88,164.71,5,82,96,96,2.34,0.25,2.53,2.98,2.03
POWW,85.25,85.25,83.35,110.22,131.09,123.81,5,88,94,92,1.44,0.41,1.32,1.45,3.01
ACHC,85.24,85.24,83.35,76.67,82.53,82.42,5,2,3,2,22.14,0.07,21.88,29.26,7.15
DEFT,85.21,85.21,104.35,138.49,143.05,157.92,5,95,95,96,2.52,0.37,2.58,2.83,3.09
UHAL,85.17,85.61,86.44,93.0,97.69,96.91,5,6,7,8,56.32,0.02,58.82,64.54,2.34
MMSI,85.13,85.69,85.72,95.5,105.7,101.94,5,7,83,81,83.56,0.03,86.81,95.92,2.85
COO,85.08,85.08,84.68,87.74,92.38,89.67,5,4,5,4,68.17,0.08,70.8,81.02,2.09
GMED,85.08,85.08,84.3,83.68,103.72,114.97,5,3,12,90,55.91,0.1,57.69,70.0,2.25
WEST,85.07,86.88,96.24,109.11,113.14,103.41,5,88,89,83,5.08,0.01,6.14,6.45,1.55
ACTU,85.0,85.0,87.68,122.16,125.44,119.78,5,92,93,91,6.64,0.16,7.43,8.05,2.64
CMRC,84.96,84.96,83.42,85.33,102.53,110.28,5,3,11,88,5.03,0.24,4.73,5.59,1.08
IRDM,84.89,89.75,96.83,101.64,102.3,102.23,5,81,11,82,18.08,0.03,24.55,26.91,2.7
HRL,84.88,86.52,91.02,102.64,105.02,96.95,5,82,14,8,24.82,0.01,27.68,29.26,2.11
WDFC,84.75,85.72,88.33,100.12,102.96,101.69,5,80,12,81,210.36,0.05,216.85,232.18,2.99
POWI,84.7,86.41,91.32,98.1,97.79,103.34,5,10,8,83,42.95,0.05,47.78,54.15,2.77
RIME,84.68,85.82,91.71,91.71,76.76,45.46,5,5,2,1,2.28,0.0,2.29,5.62,0.34
EXPO,84.55,84.55,84.45,90.05,92.75,88.47,5,5,5,4,69.34,0.03,70.88,79.76,3.18
NSA,84.52,84.52,84.24,94.16,101.94,88.87,5,7,11,4,29.9,0.06,30.73,34.08,1.46
KNF,84.51,84.51,85.21,98.44,102.4,108.23,5,10,11,86,75.61,0.02,82.85,91.84,1.99
CCEL,84.49,84.49,84.84,83.06,102.82,121.37,5,3,12,92,4.85,0.17,4.7,5.84,5.26
VRTX,84.47,85.11,86.29,98.53,116.89,101.5,5,10,90,81,383.12,0.11,416.0,449.23,1.86
WU,84.45,84.45,83.41,93.05,105.15,99.18,5,6,14,9,8.14,0.13,8.15,9.11,1.67
OPCH,84.3,84.92,86.41,106.5,136.85,121.78,5,86,94,92,28.31,0.49,28.86,30.17,1.92
MIGI,84.28,84.28,91.33,108.42,100.1,164.24,5,87,9,96,0.4,0.06,0.45,0.62,0.45
EEFT,84.25,85.27,90.74,105.9,109.13,100.23,5,85,86,79,89.21,0.07,95.48,101.0,2.52
CHKP,84.24,84.48,88.6,106.06,121.95,113.14,5,85,92,89,197.79,0.44,198.09,208.83,2.35
AGRO,84.21,85.3,87.08,96.23,112.22,95.1,4,8,88,6,7.9,0.0,8.81,9.59,1.31
HBB,84.18,84.35,89.92,102.75,109.38,84.34,4,82,86,3,14.56,0.09,15.24,17.04,1.71
TROX,84.16,84.16,81.97,83.34,75.05,93.38,4,3,2,5,4.85,0.16,4.46,6.48,1.69
FRSH,84.15,85.28,89.09,96.21,119.67,142.26,4,8,91,95,12.89,0.23,13.38,15.07,1.07
CRESY,84.14,85.7,92.05,103.83,110.89,136.44,4,84,87,94,8.85,0.1,10.44,11.37,1.68
LRHC,84.12,84.12,79.7,71.97,64.8,164.87,4,2,1,96,7.42,0.03,6.53,19.52,0.15
ALSN,84.06,84.06,86.86,97.26,98.31,115.56,4,9,8,90,88.3,0.12,88.25,98.56,2.21
CLBT,84.04,84.04,81.31,91.34,108.82,120.53,4,5,86,91,17.61,0.33,15.39,18.43,0.78
CETX,84.01,88.78,90.3,90.82,64.98,27.04,4,5,1,1,0.66,0.0,1.13,1.72,0.96
ASIX,83.94,84.43,86.3,92.95,93.72,103.95,4,6,5,83,20.41,0.18,20.64,24.24,2.86
GTIM,83.92,83.97,83.24,75.98,94.07,91.07,4,2,6,4,1.58,0.13,1.59,2.04,0.44
GIB,83.88,84.86,87.28,98.41,100.79,98.58,4,10,10,9,92.61,0.01,96.57,104.86,1.18
CLOV,83.88,83.88,81.07,89.65,120.48,118.33,4,4,91,91,3.03,0.32,2.81,3.37,1.0
KMPR,83.83,84.89,87.96,97.01,103.63,105.93,4,9,12,85,51.83,0.16,55.66,61.72,2.3
HAE,83.72,86.57,95.7,104.11,99.12,105.02,4,84,9,84,50.6,0.01,61.6,67.48,2.73
SFM,83.72,86.33,92.85,113.95,120.5,121.82,4,89,91,92,120.41,0.2,147.81,152.73,2.21
TGTX,83.71,83.73,87.31,115.34,136.77,127.53,4,90,94,93,32.37,0.46,32.07,34.35,1.38
NNDM,83.7,83.7,82.07,80.87,106.1,107.13,4,2,83,86,1.39,0.04,1.43,1.82,1.32
PCVX,83.7,83.7,83.27,81.03,85.0,84.07,4,2,3,3,31.75,0.04,32.94,52.81,2.69
PUBM,83.58,85.39,98.62,107.54,90.91,104.65,4,86,4,84,8.63,0.09,10.05,11.87,1.45
ADBE,83.55,83.55,86.68,92.44,92.68,93.6,4,6,5,6,365.9,0.15,356.01,401.22,1.82
UPS,83.51,84.35,85.81,87.93,94.87,99.17,4,4,6,9,84.06,0.02,88.85,102.55,2.16
BAK,83.51,83.55,83.41,93.95,94.1,77.92,4,7,6,2,3.15,0.07,3.22,3.76,1.08
SLGN,83.4,85.2,90.93,103.1,103.95,101.09,4,83,13,80,42.8,0.0,47.96,51.39,2.12
GNPX,83.4,83.4,89.38,94.05,109.07,1477.59,4,7,86,99,0.23,0.03,0.23,0.41,0.24
LPA,83.4,83.4,86.05,85.93,133.94,149.3,4,3,94,95,6.3,0.08,6.35,8.02,1.59
BHFAM,83.38,84.13,85.0,96.69,98.46,92.07,4,8,8,5,12.7,0.31,12.33,13.8,2.47
BNGO,83.36,87.57,87.57,85.94,75.45,69.47,4,3,2,1,1.79,0.0,3.36,5.54,1.61
UNCY,83.34,88.25,97.68,119.83,119.43,151.78,4,92,91,95,3.96,0.07,4.33,5.77,1.5
PDSB,83.28,86.88,96.3,108.61,104.78,79.74,4,87,13,2,1.05,0.04,1.18,1.39,1.81
BHFAN,83.2,84.16,85.41,96.86,98.06,92.85,4,8,8,5,13.84,0.26,13.79,15.43,1.61
CGEM,83.07,85.37,89.92,89.15,87.17,77.79,4,4,3,2,6.2,0.02,7.46,8.78,2.65
EONR,83.06,83.06,82.82,84.79,98.17,144.7,4,3,8,95,0.49,0.14,0.35,0.53,2.65
GSIW,83.01,94.04,164.6,254.56,166.35,82.5,4,98,97,2,0.15,0.03,0.31,0.59,0.14
DCGO,82.97,82.97,81.54,67.83,104.57,126.61,4,2,13,93,1.45,0.04,1.52,2.67,2.04
CLPT,82.85,82.85,82.55,93.78,127.19,136.93,4,6,93,94,11.2,0.13,10.88,13.26,1.46
OXM,82.81,82.81,78.93,81.3,90.83,99.56,4,2,4,10,44.45,0.16,43.25,56.68,1.58
RDW,82.55,90.44,124.55,144.84,176.86,232.94,4,95,97,98,7.95,0.08,11.54,13.89,2.04
CPIX,82.47,84.82,96.37,169.89,450.12,463.18,4,97,98,98,3.15,0.37,3.37,3.88,0.61
CVU,82.46,83.48,86.8,87.95,118.87,130.16,4,4,91,93,2.55,0.05,2.96,3.53,0.33
UTL,82.37,82.69,84.58,99.98,110.42,95.93,4,11,87,7,45.31,0.03,48.45,52.78,4.48
BANL,82.35,82.35,81.74,91.3,129.57,162.94,4,5,93,96,0.74,0.18,0.73,0.92,0.29
LINE,82.17,82.17,81.37,84.33,98.72,87.68,4,3,8,3,40.38,0.03,41.74,50.06,2.27
ASTC,82.13,82.8,84.02,91.13,96.81,93.24,4,5,7,5,4.88,0.04,5.26,6.06,0.42
BJRI,81.96,86.14,99.34,117.66,116.46,105.5,4,91,90,84,29.75,0.0,35.14,37.01,1.32
STZ,81.96,83.07,85.2,96.91,102.11,93.82,4,9,11,6,132.92,0.0,160.75,179.08,2.65
SITC,81.92,83.98,87.18,86.74,85.35,80.95,4,4,3,2,8.67,0.0,10.75,12.7,2.14
SLQT,81.86,81.86,80.16,74.65,174.18,187.85,4,2,97,97,2.05,0.07,2.08,3.02,1.04
AR,81.82,84.16,89.64,109.03,126.93,125.27,4,87,93,93,31.7,0.34,32.82,36.12,1.78
BON,81.79,81.79,75.88,65.37,83.68,97.57,4,2,3,8,1.99,0.02,1.48,13.37,0.12
MORN,81.75,83.31,87.64,97.05,97.06,103.1,4,9,7,83,235.16,0.01,265.57,299.29,2.82
GP,81.61,81.61,78.4,77.89,77.46,83.08,4,2,2,3,3.77,0.1,3.64,5.33,0.27
BOLD,81.56,81.56,78.73,73.99,74.14,78.96,4,2,2,2,1.14,0.04,1.16,1.65,1.44
CEPU,81.42,85.08,95.69,98.61,110.1,132.52,4,10,87,94,7.68,0.0,10.92,12.27,2.03
FLOC,81.39,81.41,80.96,79.93,90.48,96.79,4,2,4,7,15.25,0.02,16.88,20.47,1.33
NOTV,81.33,84.68,102.73,106.21,158.26,251.51,4,85,96,98,1.37,0.01,1.8,2.76,1.04
TGHL,81.3,87.01,91.76,100.05,105.48,100.11,4,45,48,45,2.0,0.07,2.62,2.62,1.41
CPRT,81.23,81.23,80.21,98.97,107.86,107.89,4,10,85,86,45.85,0.03,47.2,54.08,2.79
BRO,81.18,81.83,83.02,100.74,116.47,104.99,3,80,90,84,91.73,0.03,96.52,107.05,2.12
ALVO,81.09,81.46,88.73,91.76,101.54,104.58,3,5,10,84,7.88,0.01,8.5,10.25,0.83
FTNT,81.06,82.04,89.1,104.18,114.98,118.35,3,84,89,91,84.21,0.24,87.77,97.46,2.91
HCAT,80.91,81.74,82.03,83.14,79.36,92.21,3,3,2,5,2.89,0.03,3.42,4.61,1.1
GTE,80.87,84.66,88.89,97.06,94.22,105.82,3,9,6,85,3.89,0.07,4.13,5.1,1.74
DTI,80.82,82.7,95.93,105.47,93.22,90.47,3,85,5,4,2.4,0.32,2.12,2.68,5.31
EE,80.79,82.17,88.24,101.87,112.78,130.2,3,81,88,93,24.03,0.29,24.46,27.85,0.89
CRI,80.76,80.76,78.18,78.95,86.32,89.31,3,2,3,4,31.27,0.19,28.01,38.03,1.4
CWAN,80.66,80.79,81.1,85.96,101.68,109.62,3,3,11,87,18.23,0.0,20.3,24.45,2.29
TNET,80.65,80.65,81.05,100.4,101.99,97.64,3,80,11,8,68.04,0.15,67.39,78.18,2.12
NOMD,80.55,81.82,82.88,99.84,118.96,104.64,3,11,91,84,13.36,0.0,15.73,17.25,1.09
CXAI,80.46,81.23,91.73,115.26,106.58,116.62,3,90,83,90,0.79,0.09,0.86,1.19,0.92
CWST,80.46,82.66,87.69,106.73,112.46,103.7,3,86,88,83,86.69,0.0,100.43,109.05,1.91
FDS,80.36,82.39,85.97,97.62,100.65,99.61,3,9,9,10,289.15,0.0,385.02,433.3,3.55
COLM,80.35,80.35,79.97,82.09,101.38,103.07,3,3,10,83,53.35,0.1,55.54,69.69,2.28
AI,80.25,81.89,96.02,104.45,97.87,139.14,3,84,8,94,17.9,0.09,20.61,25.66,1.14
CMG,80.1,82.01,87.21,97.26,95.29,102.73,3,9,6,82,39.32,0.03,44.17,51.72,1.81
BHF,80.07,80.52,85.43,108.77,119.87,114.75,3,87,91,89,57.59,0.73,47.5,53.05,9.83
XFOR,80.04,80.04,71.33,43.52,138.43,157.91,3,1,95,96,3.17,0.08,2.57,8.01,0.1
SABR,80.03,81.59,94.17,104.98,104.53,113.13,3,84,13,89,1.88,0.06,2.3,2.95,0.91
AFYA,79.95,79.95,81.55,111.39,120.16,102.05,3,88,91,81,15.82,0.36,15.03,16.6,0.47
LFST,79.82,79.82,77.16,83.05,106.89,107.81,3,3,84,86,5.23,0.33,4.85,6.29,2.1
EHAB,79.78,80.21,86.22,115.4,118.49,109.07,3,90,91,87,8.18,0.39,7.44,8.35,1.95
CDNA,79.47,79.8,82.84,92.51,92.19,91.92,3,6,5,5,14.59,0.15,13.43,18.41,1.35
HPAI,79.27,79.27,78.29,94.98,119.89,125.84,3,7,91,93,3.93,0.04,4.15,5.27,1.69
PLMR,79.21,81.38,90.7,131.98,141.01,117.03,3,94,95,90,115.84,0.31,125.86,131.32,1.18
NTZ,79.08,79.08,76.24,91.65,115.62,114.64,3,5,90,89,3.52,0.35,3.03,4.01,0.17
HAIN,78.95,78.95,77.21,64.96,67.65,101.7,3,2,1,81,1.53,0.01,1.73,3.33,3.05
PETS,78.95,79.63,84.35,88.35,106.29,137.3,3,4,83,94,2.73,0.0,3.12,3.93,1.44
FNWB,78.67,78.67,77.43,89.16,104.86,100.81,3,4,14,80,7.3,0.07,7.7,9.3,1.57
RYOJ,78.53,80.2,90.48,100.05,105.48,100.11,3,45,48,45,2.23,0.33,2.23,2.23,0.2
FNGR,78.46,78.95,99.28,197.64,204.23,96.91,3,97,98,8,1.61,0.15,1.61,1.8,0.44
HUBS,78.37,78.37,79.18,91.45,110.25,127.13,3,5,87,93,518.84,0.25,494.83,611.18,1.09
CODI,78.28,78.28,74.12,61.77,95.03,102.83,3,1,6,82,7.2,0.07,6.95,13.89,1.66
MCW,78.18,78.18,78.42,93.75,111.26,111.32,3,6,88,88,5.35,0.01,5.89,6.98,1.43
FICO,78.09,78.2,77.96,101.74,107.21,107.45,3,81,84,86,1477.21,0.15,1464.96,1793.03,1.52
WVVI,77.94,78.96,82.91,113.26,174.17,158.04,3,89,97,96,4.14,0.3,4.69,5.19,0.92
MERC,77.84,77.84,76.6,69.97,109.14,108.59,3,2,86,87,2.86,0.04,3.31,4.81,1.14
DXF,77.68,77.68,78.0,108.04,156.17,152.49,3,87,96,95,4.99,0.03,4.7,7.86,0.46
SKIL,77.64,77.64,76.37,92.77,158.09,166.43,3,6,96,96,14.3,0.09,14.7,19.81,1.69
NSP,77.41,77.41,76.62,86.27,113.89,104.46,3,3,89,84,50.38,0.12,54.08,69.33,2.27
VTEX,77.4,79.59,96.41,113.85,110.89,90.23,3,89,87,4,4.53,0.16,4.96,5.63,1.19
SPRU,77.39,77.39,75.46,83.0,103.78,105.74,3,3,13,85,1.76,0.3,1.47,2.12,0.05
SSTI,77.02,77.78,80.25,113.59,135.61,120.94,3,89,94,91,12.28,0.26,12.26,14.17,1.09
DJT,76.98,76.98,76.63,92.51,110.58,249.98,3,6,87,98,17.44,0.13,17.7,23.96,2.58
PBH,76.84,78.24,83.46,103.53,113.1,105.92,3,83,89,85,63.1,0.0,69.22,79.17,1.83
QMCO,76.75,76.75,82.28,118.25,1296.34,2858.84,3,91,99,99,11.88,0.13,8.08,15.76,19.24
CHE,76.64,76.78,77.54,100.84,111.97,100.94,3,80,88,80,452.25,0.2,449.99,531.72,1.76
DSP,76.53,77.99,84.29,92.73,122.51,167.62,3,6,92,96,9.09,0.0,11.46,15.2,1.93
BARK,76.04,76.04,72.96,72.32,102.1,123.65,3,2,11,92,0.86,0.04,0.89,1.35,2.56
SSKN,75.87,76.85,77.18,93.56,99.01,101.28,3,6,8,80,1.57,0.09,1.9,2.49,0.06
CETY,75.69,75.69,71.62,75.57,97.38,77.54,3,2,7,2,0.29,0.1,0.25,0.4,1.35
HPK,75.67,79.07,86.58,89.81,94.07,98.39,3,5,6,9,6.69,0.0,8.09,10.89,1.93
CBUS,75.44,75.44,84.73,99.45,106.33,105.73,3,11,83,85,1.42,0.04,1.45,2.12,1.36
QFIN,75.31,76.99,86.61,110.23,126.86,131.9,3,88,93,94,30.33,0.28,32.48,37.79,1.08
ENVB,75.09,78.68,80.5,76.4,57.44,86.7,3,2,1,3,0.6,0.0,1.13,15.52,2.41
TKNO,74.78,74.78,76.53,95.1,117.28,155.77,3,7,90,96,4.64,0.12,4.5,6.2,0.91
RDHL,74.62,74.62,71.49,67.14,61.65,82.1,3,2,1,2,1.69,0.06,1.54,3.23,0.04
ALBT,74.53,74.53,71.19,106.95,231.4,230.38,2,86,98,98,2.69,0.08,2.33,3.63,0.13
AUID,74.03,75.79,77.82,119.79,125.63,96.57,2,92,93,7,3.11,0.06,3.82,5.35,1.12
SLDE,73.99,75.91,84.95,100.65,105.48,100.11,2,80,48,45,14.72,0.19,16.13,17.19,7.61
XHLD,73.77,74.11,88.02,172.02,178.74,96.72,2,97,97,7,0.31,0.0,0.35,0.7,0.9
CBLL,73.71,75.41,84.78,95.94,91.83,105.51,2,8,5,85,12.25,0.06,13.15,18.79,3.24
DARE,73.41,74.29,79.79,97.25,98.82,102.85,2,9,8,82,2.12,0.08,2.26,2.82,0.09
DUO,73.1,73.1,62.17,50.33,113.05,611.58,2,1,88,99,3.7,0.03,2.27,5.35,0.39
EOLS,72.85,74.07,74.29,83.44,109.46,99.68,2,3,86,10,6.29,0.04,7.81,10.61,1.55
DUOL,72.83,75.96,93.9,142.09,141.74,120.55,2,95,95,91,290.9,0.08,329.1,371.01,0.85
GPUS,72.64,86.81,344.93,1173.64,840.74,94.26,2,99,99,6,0.53,0.02,0.66,3.0,3.42
LGHL,72.28,75.08,82.52,82.91,87.52,98.16,2,3,3,8,1.48,0.02,2.3,4.53,0.15
MYPS,71.84,73.43,81.42,95.75,98.97,121.75,2,8,8,92,1.0,0.06,1.06,1.44,3.31
JSPR,71.44,74.38,83.67,93.29,80.64,99.08,2,6,2,9,2.5,0.01,2.89,6.72,5.32
JDZG,70.18,70.18,66.35,88.04,144.28,274.9,2,4,95,98,2.03,0.02,2.22,4.05,0.33
WPP,70.14,70.73,74.01,88.38,88.69,102.45,2,4,4,82,24.04,0.0,26.81,37.45,1.88
ATOM,69.89,70.51,88.3,110.54,199.46,305.85,2,88,97,98,3.72,0.09,3.96,6.06,1.35
PFAI,68.82,68.82,65.14,79.6,104.41,100.11,2,2,13,45,1.98,0.22,1.79,2.29,0.25
CLRB,68.76,72.24,81.52,103.45,103.77,66.35,2,83,13,1,5.2,0.01,4.89,8.87,0.68
GIFT,68.63,68.69,71.17,122.71,165.88,100.01,2,92,97,10,1.05,0.06,1.06,1.41,0.18
RVPH,68.62,69.3,71.94,76.64,142.71,181.88,2,2,95,97,0.27,0.0,0.45,1.03,12.85
SPRC,68.51,68.51,97.6,113.5,379.82,371.56,2,89,98,98,4.77,0.14,4.9,7.06,0.4
CDIO,68.43,68.43,64.5,63.78,228.95,317.81,2,1,98,98,3.99,0.02,3.94,10.86,0.6
SLXN,68.39,76.97,103.32,247.56,21547.53,125993.29,2,98,99,99,3.5,0.01,8.39,16.96,0.25
HOLO,68.36,68.36,61.9,47.27,152.13,133.63,2,1,96,94,5.21,0.0,4.93,30.98,0.93
STFS,68.04,74.96,129.22,129.22,102.49,208.8,2,94,11,98,0.16,0.0,1.12,2.31,0.39
BAFN,67.76,69.67,79.84,97.43,131.88,126.15,2,9,94,93,8.5,0.15,10.96,14.24,0.1
SAFX,67.51,67.51,114.74,1528.17,4105.38,287.93,2,99,99,98,1.33,0.0,1.44,7.81,5.38
ZTEK,67.19,67.19,79.18,151.26,152.61,150.71,2,96,96,95,0.94,0.32,0.85,1.11,0.17
LVRO,66.9,66.9,70.91,70.91,104.45,116.78,2,2,13,90,1.84,0.15,1.84,3.13,1.57
TLX,66.82,69.33,79.4,102.98,117.57,114.33,2,83,90,89,9.98,0.08,12.01,15.69,3.29
NXL,66.75,66.75,64.87,63.92,143.88,509.38,2,1,95,99,0.94,0.08,0.94,1.9,0.5
TRDA,66.43,66.43,67.06,70.65,75.25,119.23,2,2,2,91,5.42,0.02,5.72,9.88,1.77
NAOV,66.4,66.4,62.11,141.53,167.42,100.33,2,95,97,79,7.2,0.03,7.42,32.62,0.19
BBAR,66.38,70.13,81.1,107.12,136.94,158.95,2,86,94,96,8.19,0.0,13.73,17.91,1.19
SXTP,66.02,66.28,77.31,128.11,117.73,113.33,2,93,90,89,1.36,0.01,1.41,2.86,0.17
PTLO,65.88,68.78,80.38,96.07,125.94,112.96,2,8,93,89,6.34,0.03,8.24,10.97,1.18
TOVX,65.69,65.69,62.94,62.87,111.74,107.85,2,1,88,86,0.4,0.01,0.43,0.93,0.39
TGL,65.27,65.27,59.06,48.47,78.82,75.89,2,1,2,2,1.19,0.01,1.11,4.49,0.31
LEE,64.96,64.96,62.19,74.38,81.52,179.53,2,2,2,97,5.4,0.1,4.94,8.84,0.61
PROP,64.8,67.0,71.01,73.46,103.97,104.37,2,2,13,84,1.87,0.0,2.88,5.07,1.92
XELB,64.45,64.45,62.17,78.7,78.88,90.39,2,2,2,4,1.39,0.05,1.38,2.85,0.06
TNDM,63.87,64.7,70.86,85.31,86.13,96.7,2,3,3,7,12.57,0.07,13.28,22.4,1.14
IT,63.4,63.99,71.13,88.31,96.22,97.09,2,4,7,8,256.39,0.09,281.03,414.41,2.79
QLGN,62.0,62.0,73.97,106.82,106.54,74.57,2,86,83,2,2.84,0.16,2.25,3.3,0.54
GDYN,61.95,62.03,63.54,73.94,119.28,136.15,2,2,91,94,7.53,0.0,8.62,14.76,3.38
CYCU,61.31,61.31,63.39,62.94,53.15,96.72,2,1,1,7,0.21,0.01,0.3,0.48,0.93
TWG,60.81,62.04,72.59,87.64,112.02,556.71,2,4,88,99,5.99,0.0,7.16,13.91,0.28
NXXT,60.45,60.84,62.43,116.44,120.74,125.82,2,90,92,93,1.67,0.16,1.63,2.74,8.37
AIXI,60.34,60.34,63.21,86.01,100.9,171.25,2,3,10,97,1.76,0.05,1.71,3.5,0.96
CNSP,59.04,59.04,54.26,58.16,79.42,90.5,2,1,2,4,7.98,0.03,7.57,27.7,0.59
NCEW,58.39,58.39,61.94,107.31,115.95,96.52,2,86,90,7,0.63,0.07,0.71,1.33,0.19
AMZE,56.83,58.42,67.46,86.83,107.41,158.12,2,4,85,96,3.43,0.07,4.05,10.19,1.69
LUNG,56.21,56.21,55.18,60.48,115.91,111.16,2,1,90,88,1.69,0.02,2.06,4.62,1.25
BDRX,56.08,56.08,55.14,55.33,79.35,94.44,2,1,2,6,6.61,0.02,7.05,21.3,0.2
ANNA,55.75,56.16,65.11,148.02,150.78,97.45,2,96,96,8,4.27,0.02,4.5,7.84,0.15
NUKK,55.54,55.54,76.0,310.74,260610.32,247721.1,2,98,99,99,6.23,0.1,5.69,13.82,1.44
AZI,55.53,55.53,51.54,107.45,126.49,148.27,2,86,93,95,0.22,0.01,0.23,0.6,0.28
NTCL,55.34,55.34,50.84,165.14,281.7,165.29,2,96,98,96,1.6,0.01,1.77,6.53,0.27
LFWD,55.17,55.25,58.1,88.03,113.84,96.59,1,4,89,7,0.56,0.01,0.66,1.29,0.4
SEAT,55.1,56.3,59.64,66.48,111.32,115.47,1,2,88,90,16.11,0.01,22.66,51.95,1.18
JZXN,55.07,55.07,72.5,212.71,386.33,270.59,1,98,98,98,1.07,0.04,0.97,2.44,3.18
SKBL,53.94,53.94,47.85,130.24,148.72,109.57,1,94,96,87,2.38,0.15,1.18,7.59,0.13
ONCO,53.5,53.5,51.23,51.82,39.1,57.72,1,1,1,1,2.97,0.0,3.22,17.52,0.07
SUNE,53.23,53.23,49.46,32.65,43.75,62.21,1,1,1,1,1.43,0.0,1.54,134.61,0.51
TLIH,50.67,53.0,68.46,102.29,105.48,100.11,1,82,48,45,0.59,0.02,1.41,1.58,0.13
CURV,48.54,50.34,56.58,102.44,150.68,152.89,1,82,96,95,1.81,0.03,2.3,4.57,2.05
PTLE,46.33,46.33,40.87,63.03,95.57,197.45,1,1,6,97,0.19,0.0,0.19,2.18,1.15
WHLR,45.57,46.58,42.81,34.62,12.65,58.53,1,1,1,1,1.46,0.0,2.84,124.44,0.46
TRUG,44.61,44.61,49.8,73.84,121.08,118.6,1,2,92,91,2.9,0.0,4.65,14.82,0.67
KMRK,44.5,45.27,55.04,100.05,105.48,100.11,1,45,48,45,1.55,0.09,1.69,1.69,0.84
HBNB,43.88,43.88,45.12,99.96,105.48,100.11,1,11,48,45,2.99,0.12,2.5,4.57,0.39
JZ,43.67,43.67,39.54,64.41,119.02,120.6,1,1,91,91,1.84,0.04,1.66,5.74,0.19
ZSPC,42.74,42.74,41.84,61.65,120.34,103.65,1,1,91,83,1.57,0.0,2.32,8.05,1.94
ADVB,41.84,41.84,38.66,48.0,103.78,100.54,1,1,13,79,0.47,0.03,0.5,1.38,0.71
EDHL,41.54,41.58,55.32,115.46,106.59,100.11,1,90,83,45,0.87,0.08,0.7,2.84,0.09
OGEN,39.05,39.05,42.62,68.93,96.62,97.24,1,2,7,8,1.19,0.01,1.23,5.66,0.58
OST,38.11,48.23,122.91,844.0,712.21,111.45,1,99,99,88,1.7,0.0,2.13,54.98,0.0
ORIS,37.3,37.77,48.12,128.16,1997.22,4691.42,1,93,99,99,0.16,0.0,0.19,1.31,0.4
WFF,35.03,38.9,57.31,139.15,132.77,100.11,1,95,94,45,0.91,0.02,1.01,2.95,0.14
APVO,34.53,34.53,32.64,26.42,65.07,150.89,1,1,1,95,1.76,0.0,2.21,38.36,1.22
WAI,31.11,31.45,38.47,47.89,94.26,144.06,1,1,6,95,3.59,0.0,6.98,102.86,0.08
GDHG,27.39,27.39,24.66,71.49,108.69,86.48,1,2,86,3,7.74,0.0,8.57,307.85,0.21
CHSN,27.12,27.19,54.47,123.37,122.63,1844.97,1,93,92,99,2.76,0.0,5.23,103.41,0.19
HSDT,17.43,17.43,11.52,45.55,148.86,157.54,1,1,96,96,24.13,0.02,8.38,232.41,0.92
XXII,15.36,15.36,19.18,35.13,38.3,43.07,1,1,1,1,1.97,0.0,2.57,49.91,12.35
GVH,12.15,14.03,30.66,170.23,163.25,101.36,1,97,97,80,5.16,0.0,6.22,118.75,0.08
