Ticker,RS,1wk:end max,1mo:1wk max,3mo:1mo max,6mo:3mo max,9mo:6mo max,Rating (RS),Rating (3M:1M),Rating (6M:3M),Rating (9M:6M),Price,52W pos,MA50,MA200,Volume / VMA50
DFSC,307351.6,837204.14,318487007.98,11491430869.18,17088375.08,99.73,99,99,99,81,3.01,0.05,5.8,8.42,0.07
TRON,17406.08,17592.12,17127.76,8947.07,147.57,113.92,99,99,96,90,2.7,0.22,7.1,2.46,1.34
INKT,6072.35,6072.35,4864.39,1185.7,185.73,146.02,99,99,97,95,14.8,0.17,15.94,9.87,0.04
PROK,2655.9,2655.9,2282.13,817.37,88.49,95.13,99,99,4,6,2.25,0.37,2.58,1.57,0.08
ABVE,1845.95,1845.95,1737.56,1189.53,295.27,122.76,99,99,98,92,1.65,0.4,1.77,0.98,0.12
BNC,1765.57,1765.57,1391.91,267.36,131.67,129.54,99,98,94,93,20.5,0.29,17.95,10.5,0.73
ASST,1329.7,1844.19,13315.89,13137.68,1979.69,110.78,99,99,99,89,4.54,0.33,4.72,2.64,0.9
ABTS,1302.34,1848.34,12403.41,6768261.53,6075919.15,123.49,99,99,99,92,3.48,0.4,4.24,2.49,0.09
GITS,1295.19,1697.53,4347.09,1174724.52,78353259095.12,62631825.13,99,99,99,99,2.03,0.5,2.38,1.53,0.02
HYPD,1228.21,1263.11,1259.14,875.35,55.26,67.79,99,99,1,1,6.14,0.11,8.89,5.0,0.25
CARM,1067.34,1067.34,919.59,645.58,69.66,88.09,99,99,2,3,0.4,0.25,0.34,0.4,0.67
VOR,695.41,695.41,624.21,260.91,170.07,172.38,99,98,97,97,1.96,0.72,2.06,1.13,0.19
SBDS,610.62,610.62,584.58,470.18,74.85,85.98,99,99,2,3,11.41,0.17,13.92,21.21,1.11
SOGP,550.82,550.82,363.88,225.69,130.29,122.26,99,98,94,92,30.46,0.84,7.14,3.25,0.58
AGH,530.99,530.99,440.34,157.99,99.88,103.8,99,96,9,84,3.71,0.64,2.24,1.51,0.33
NAKA,528.75,756.13,2572.04,2682.29,1029.88,240.24,99,99,99,98,4.08,0.13,10.21,6.12,7.09
ETHZ,488.94,488.94,436.7,169.6,134.98,640.79,99,97,94,99,2.31,0.16,3.06,1.78,0.54
LIDR,431.7,431.7,392.85,210.49,124.64,131.24,99,98,93,94,2.81,0.59,2.24,1.23,0.09
DALN,417.56,417.56,380.78,213.39,139.78,142.64,99,98,95,95,14.85,0.9,12.81,7.27,0.12
ABTC,407.72,464.15,961.66,961.66,244.18,143.59,99,99,98,95,7.4,0.85,6.25,3.46,3.88
HCTI,403.42,403.42,357.16,191.63,158.98,319.9,99,98,96,98,2.28,0.0,5.15,90.21,0.43
CELC,367.44,367.44,328.29,158.2,98.15,89.59,99,96,8,3,55.69,1.0,33.51,16.94,0.57
NKTR,353.93,353.93,330.72,239.08,91.48,101.7,99,98,5,83,40.18,1.0,25.8,15.8,1.44
NVTS,353.41,420.08,543.25,473.11,145.25,150.7,99,99,95,96,5.6,0.54,6.77,4.14,0.63
DRRX,340.44,340.44,292.82,117.58,92.37,72.94,99,92,5,1,1.91,0.98,1.33,0.9,0.49
TNGX,324.65,343.56,346.72,286.83,76.83,57.85,99,98,2,1,6.94,0.6,6.43,3.56,2.09
OPEN,312.29,312.29,253.81,118.92,83.09,98.57,99,92,3,80,6.65,1.0,2.53,1.56,1.79
MPU,309.02,309.02,305.25,219.26,95.0,110.64,99,98,6,88,1.77,0.36,2.56,1.44,0.14
XTKG,307.25,325.53,415.42,1152.31,8943421.34,55365270.09,99,99,99,99,2.17,0.9,1.93,1.28,2.45
ABVC,298.53,312.61,338.03,338.03,235.05,101.67,98,98,98,83,2.65,0.52,3.09,1.42,0.17
TDTH,296.17,296.17,293.06,177.77,75.22,80.37,98,97,2,2,0.76,0.14,0.89,1.02,0.07
BGL,285.95,287.87,286.6,257.37,105.28,96.83,98,98,48,42,8.29,0.0,23.48,23.48,0.41
MAAS,285.73,285.73,263.89,169.56,60.04,55.61,98,97,1,1,3.86,0.02,3.77,9.25,0.15
MBIO,283.1,283.1,268.9,173.79,44.47,85.94,98,97,1,3,1.43,0.03,1.8,3.43,0.02
KWM,281.91,301.82,300.83,277.73,105.28,96.83,98,98,48,42,2.44,0.15,3.45,3.37,6.4
SDM,280.14,286.69,286.69,236.91,107.93,96.83,98,98,86,42,9.98,0.26,14.07,10.83,0.87
BTCS,277.94,282.02,295.66,273.54,190.05,308.11,98,98,97,98,4.21,0.57,4.42,2.97,0.31
UPXI,273.73,312.58,638.81,1475.29,772.32,274.37,98,99,99,98,6.04,0.3,5.94,5.83,0.46
QNTM,266.32,294.41,354.05,352.3,350.18,153.03,98,98,98,96,14.06,0.35,20.81,11.1,0.67
PHAT,265.46,265.46,259.35,194.78,79.29,72.79,98,98,2,1,12.34,0.58,9.79,7.16,1.11
QMMM,264.97,264.97,233.38,196.61,146.75,93.59,98,98,96,5,7.61,0.6,2.91,1.47,0.49
SLDP,262.8,262.8,255.84,200.01,120.99,121.52,98,98,92,92,4.19,0.73,3.64,1.92,0.54
TGEN,261.62,278.19,312.28,311.65,260.76,259.56,98,98,98,98,7.04,0.7,8.07,4.09,0.62
DEVS,259.06,319.67,909.16,896.67,209.7,75.87,98,99,98,1,2.32,0.04,3.2,4.41,0.06
OUST,252.5,257.75,258.22,235.92,136.16,164.33,98,98,95,96,27.47,0.74,26.93,14.67,0.61
AIRE,247.91,247.91,212.66,95.71,267.87,259.38,98,7,98,98,0.41,0.07,0.35,0.95,0.22
MENS,246.27,246.27,215.09,109.76,105.28,96.83,98,88,48,42,52.31,0.86,27.52,25.47,0.75
BW,244.63,247.74,239.24,207.47,78.92,168.02,98,98,2,97,2.13,0.7,1.33,1.18,1.08
AMPX,243.47,243.47,238.86,206.94,234.15,290.6,98,98,98,98,7.11,0.8,6.95,3.75,0.48
EPSM,241.06,250.34,313.43,337.7,212.39,96.83,98,98,98,42,24.47,0.89,19.55,15.35,0.88
SGMT,236.6,241.37,242.52,228.09,114.36,182.48,98,98,90,97,7.11,0.62,8.55,5.35,0.51
VVPR,231.38,255.8,369.58,1093.51,807.49,146.67,98,99,99,95,4.8,0.67,5.16,3.12,0.2
PTIX,230.1,253.23,358.14,353.39,193.21,97.37,98,98,97,78,3.15,0.07,3.32,4.63,0.04
EVOK,226.87,226.87,218.22,162.34,104.13,121.05,98,97,12,92,5.21,0.63,4.78,4.02,0.0
SRFM,225.09,225.09,217.99,176.36,300.24,359.33,98,97,98,98,3.98,0.38,4.76,3.71,0.29
MOB,221.27,221.27,209.61,160.41,242.2,252.69,98,97,98,98,6.1,0.95,3.88,2.74,1.52
AREC,219.03,219.03,208.06,210.08,146.53,209.05,98,98,95,98,1.87,0.83,1.38,0.94,0.96
FMST,218.74,251.79,352.06,348.8,155.58,64.25,98,98,96,1,3.24,0.54,2.86,1.9,1.84
CTMX,216.98,245.3,436.66,438.38,198.5,88.59,98,99,97,3,2.28,0.72,2.24,1.42,1.66
CYN,215.99,215.99,214.65,182.62,47.96,149.08,98,97,1,96,5.65,0.0,8.19,104.72,0.05
CURR,215.81,215.81,190.43,110.14,282.68,180.77,98,88,98,97,1.67,0.37,1.65,1.55,0.05
VIOT,214.64,214.64,207.79,152.27,126.78,108.66,98,96,93,87,3.24,0.79,3.1,1.86,0.25
BTAI,210.7,210.7,192.0,88.84,71.82,100.17,98,4,2,81,3.79,0.25,3.12,3.46,0.24
BTM,210.12,237.84,317.82,313.21,156.37,121.31,98,98,96,92,3.52,0.46,4.78,2.78,0.65
SWIN,208.36,211.68,210.77,177.77,121.97,106.23,98,97,92,86,2.72,0.41,3.83,2.29,2.24
TMC,206.22,217.74,299.72,340.25,251.9,161.81,98,98,98,96,5.12,0.6,6.12,3.26,0.5
VSAT,205.79,205.79,192.22,140.37,119.5,98.36,98,95,91,80,29.65,0.89,21.23,12.49,0.95
ELWS,203.63,203.63,199.49,137.77,131.18,179.35,98,95,94,97,2.1,0.04,3.16,2.59,0.03
UCL,201.44,202.4,201.43,166.91,163.61,161.18,98,97,97,96,2.98,0.68,2.76,1.73,0.55
CPOP,196.65,196.65,179.3,117.82,86.98,105.27,98,92,3,85,1.23,0.65,0.9,0.81,0.02
DGXX,196.32,198.54,206.44,203.94,154.78,185.26,98,98,96,97,2.48,0.57,2.76,2.01,0.85
QS,196.27,196.27,193.61,167.76,99.0,99.47,98,97,8,81,7.84,0.39,9.09,5.76,0.21
LWLG,195.93,195.93,181.31,141.78,72.61,111.56,98,96,2,89,3.27,0.75,2.16,1.69,0.94
QUBT,195.88,207.24,253.99,257.31,1374.25,2489.79,98,98,99,99,15.11,0.58,16.75,11.55,0.76
FFAI,195.69,196.81,195.82,163.01,142.89,108.54,98,97,95,87,1.81,0.24,2.24,1.58,0.85
IDAI,195.5,204.82,287.89,1850.71,3746780.9,1619492.76,98,99,99,99,2.97,0.35,2.91,2.33,0.8
ONMD,194.92,194.92,171.16,109.8,138.08,152.67,98,88,95,96,0.87,0.48,0.62,0.72,0.04
BLBX,194.08,198.74,209.19,207.69,455.17,250.63,98,98,98,98,6.44,0.61,7.04,4.21,0.3
PRCH,194.02,194.91,232.25,233.88,294.24,392.58,98,98,98,99,18.2,1.0,14.23,8.38,1.07
JOBY,192.48,195.15,197.66,174.66,139.64,157.24,98,97,95,96,13.46,0.56,14.94,9.29,0.75
RILYL,191.71,191.71,177.28,112.9,82.76,98.68,98,90,3,80,6.07,0.55,5.58,4.92,0.14
SNES,186.57,186.57,188.43,186.8,130.1,128.04,98,97,94,93,5.03,0.77,4.97,3.27,0.65
AACG,185.49,185.49,168.39,118.43,124.16,160.02,98,92,92,96,2.04,0.89,1.42,1.04,0.39
ASBP,184.52,184.52,189.23,102.66,64.82,97.93,98,13,1,79,0.51,0.02,0.41,3.99,0.05
OSS,183.86,183.86,181.78,160.3,149.69,149.95,98,96,96,96,5.73,0.86,5.19,3.52,0.56
YSG,183.66,188.13,190.15,187.44,142.99,123.3,98,97,95,92,9.39,0.8,9.47,5.88,0.89
NA,183.3,190.2,187.5,184.5,276.01,491.83,98,97,98,99,4.93,0.17,6.45,6.56,0.14
TNXP,182.57,205.36,252.14,278.89,267.42,287.56,97,98,98,98,26.54,0.35,40.65,28.0,0.88
NEPH,181.07,187.88,194.26,190.19,148.84,96.1,97,97,96,7,3.83,0.68,3.81,2.43,0.35
PSTV,180.4,180.4,177.63,728.27,783.21,95.51,97,99,99,6,0.49,0.19,0.48,0.8,0.3
WBUY,179.4,199.83,429.47,491.27,303.1,183.95,97,99,98,97,2.8,0.03,5.13,8.81,0.06
COGT,178.89,178.89,174.4,141.85,85.71,92.72,97,96,3,5,13.05,1.0,11.19,8.11,0.64
UMAC,178.61,181.18,180.8,152.5,749.47,1048.45,97,96,99,99,9.56,0.46,9.86,8.95,0.43
PRPO,178.02,183.36,197.18,194.6,133.32,108.88,97,98,94,87,17.74,1.0,14.33,8.93,2.43
UUUU,176.95,176.95,172.67,146.63,99.92,134.71,97,96,9,94,11.56,0.92,8.99,6.06,0.58
XTIA,176.23,176.23,176.88,160.42,56.55,52.47,97,97,1,1,2.01,0.02,1.92,4.2,0.6
BE,175.58,175.58,165.47,124.18,188.69,236.81,97,93,97,98,57.07,1.0,36.38,25.75,0.87
VTYX,173.16,180.44,188.26,174.65,93.66,105.62,97,97,6,85,2.52,0.69,2.66,2.01,0.4
SEZL,173.12,192.34,300.2,302.67,179.56,224.38,97,98,97,98,85.85,0.4,127.33,78.33,0.69
KUKE,172.9,201.11,629.6,56778.51,48808.57,99.92,97,99,99,81,1.95,0.41,2.34,1.94,0.42
AYTU,172.88,177.3,214.03,208.81,113.09,78.89,97,98,89,2,2.25,0.68,2.33,1.71,0.36
FORD,172.46,172.46,164.04,162.41,143.89,144.91,97,97,95,95,16.36,1.0,10.94,6.84,3.92
EDIT,171.61,174.53,176.78,173.0,145.05,76.91,97,97,95,2,2.76,0.6,2.7,1.88,0.84
ABAT,171.12,171.12,170.18,164.08,177.83,177.24,97,97,97,97,2.4,0.63,2.3,1.56,1.22
PCLA,170.09,176.64,177.25,146.76,163.91,169.55,97,96,97,97,0.44,0.0,0.93,1.8,0.03
AGEN,169.64,184.49,220.9,226.12,108.21,87.92,97,98,86,3,4.33,0.51,5.2,3.64,0.36
HBIO,167.25,174.21,180.6,130.54,63.87,84.64,97,94,1,2,0.48,0.08,0.48,0.96,0.41
VHC,166.49,166.49,161.84,148.01,178.94,144.03,97,96,97,95,18.39,0.85,15.21,9.68,1.99
AMLX,166.07,166.07,162.35,160.38,137.23,181.18,97,96,95,97,10.2,1.0,8.09,5.23,1.07
CELU,165.45,169.12,169.12,150.34,122.12,160.27,97,96,92,96,2.41,0.43,2.95,2.21,0.27
SIF,164.55,164.55,160.88,132.98,90.43,90.65,97,95,4,4,7.08,0.98,5.42,3.82,0.87
PL,164.22,166.63,165.7,153.13,186.6,204.09,97,96,97,97,6.53,0.87,6.56,4.83,1.05
TBH,164.06,164.06,149.67,94.84,111.8,96.83,97,7,88,42,1.36,0.13,1.07,1.48,2.05
GPRE,163.9,163.9,153.8,127.67,68.11,81.97,97,94,1,2,10.64,0.7,8.3,7.11,1.23
ZEO,163.26,188.84,211.44,210.88,260.42,260.42,97,98,98,98,1.34,0.08,2.33,2.14,3.1
NB,163.22,163.22,160.57,150.45,163.23,126.44,97,96,96,93,4.27,0.84,3.61,2.46,0.74
RCT,162.59,163.33,162.97,124.36,100.2,96.83,97,93,9,42,1.37,0.03,2.18,1.99,0.08
APYX,162.32,168.01,183.93,180.65,118.93,126.84,97,97,91,93,1.96,0.64,2.13,1.59,0.52
TNYA,162.03,162.03,152.35,108.96,77.87,116.14,97,88,2,91,1.35,0.28,0.86,1.05,1.44
USAR,161.44,162.27,161.8,162.71,146.47,109.39,97,97,95,88,13.86,0.61,13.63,11.8,0.5
SATS,161.15,161.15,138.78,112.6,115.94,110.84,97,90,90,89,67.24,1.0,34.21,26.76,1.58
SPAI,161.01,161.01,149.38,127.93,172.32,182.38,97,94,97,97,6.74,0.97,4.11,3.42,0.83
ISSC,160.5,169.73,188.62,177.02,119.44,129.31,97,97,91,93,11.62,0.43,14.76,10.1,0.88
AAPG,159.62,161.94,162.23,160.74,134.24,102.03,97,97,94,83,40.5,0.76,40.99,28.62,1.24
RZLV,158.18,158.18,151.21,155.34,98.66,88.38,97,96,8,3,4.27,0.38,3.04,2.45,1.18
SNGX,157.96,157.96,142.5,84.77,84.98,95.71,97,3,3,7,2.86,0.45,2.25,2.36,0.02
GAME,157.93,163.75,169.52,160.21,106.41,111.81,97,96,84,89,0.7,0.1,1.07,0.86,0.25
GRNQ,157.72,164.55,177.66,174.3,129.24,135.85,97,97,93,94,1.25,0.26,1.71,1.23,0.43
HWH,155.91,155.91,119.57,112.67,105.82,178.35,97,90,83,97,5.13,0.8,1.74,1.87,0.3
PLUG,155.87,155.87,152.58,116.66,108.28,132.42,97,91,86,94,1.46,0.31,1.57,1.6,0.51
COE,155.82,155.82,151.35,139.87,136.51,127.72,97,95,95,93,47.99,1.0,32.44,22.83,1.71
METCB,155.8,155.8,148.65,120.94,97.85,95.53,97,93,8,6,16.0,0.9,13.33,9.59,0.33
DAVE,155.58,165.74,227.7,227.7,190.78,231.75,97,98,97,98,194.65,0.65,216.57,141.17,0.82
LUD,155.36,155.36,138.02,121.58,112.67,96.94,97,93,89,78,10.16,1.0,5.56,4.79,1.37
UUU,155.27,155.27,144.75,142.06,132.49,180.39,97,96,94,97,8.02,1.0,3.59,2.55,0.48
PCT,154.0,156.96,165.61,164.38,102.3,230.31,97,97,11,98,13.39,0.71,14.05,10.6,0.58
JFB,153.92,156.36,163.53,158.58,140.64,96.83,97,96,95,42,6.68,0.47,7.36,5.66,0.47
KAPA,153.65,153.65,136.33,90.52,140.55,141.19,97,5,95,95,1.72,0.59,1.01,1.1,0.37
EYPT,153.32,153.77,153.79,138.22,99.5,114.87,97,95,9,90,14.01,1.0,10.69,8.03,2.68
TTMI,152.19,154.07,164.2,164.27,114.96,126.66,97,97,90,93,47.7,0.97,44.24,30.1,0.91
AXTI,151.45,151.45,147.12,132.5,94.67,96.64,97,95,6,7,3.11,0.92,2.38,1.95,1.0
FTCI,151.29,151.66,152.17,151.34,110.08,271.45,97,96,87,98,6.28,0.84,5.45,4.04,0.24
MEGL,151.05,156.42,205.74,482.28,1037.88,284.6,97,99,99,98,1.33,0.56,1.48,1.18,0.18
RITR,150.33,155.65,155.65,159.35,129.0,112.7,97,96,93,89,4.85,0.42,4.43,3.89,1.75
FEDU,150.25,151.11,151.36,139.89,100.61,97.65,96,95,9,78,14.5,0.79,14.25,10.78,0.89
RDDT,150.13,150.13,144.93,113.71,183.37,233.66,96,90,97,98,240.0,0.97,184.96,153.0,0.77
WWW,149.64,149.64,146.02,131.81,107.91,140.5,96,95,86,95,31.85,0.98,24.7,19.5,0.85
ESPR,149.55,149.55,140.76,91.03,101.92,138.0,96,5,11,95,2.68,0.63,1.64,1.66,2.06
MIMI,149.27,153.69,154.94,141.97,133.34,117.8,96,96,94,91,6.57,0.46,7.66,5.93,0.27
RHLD,149.07,149.07,143.7,120.31,110.06,99.86,96,93,87,81,66.22,0.95,47.65,37.93,0.8
VENU,148.79,151.12,156.21,135.6,100.03,96.05,96,95,9,7,11.76,0.41,13.68,10.59,1.92
IDN,147.85,157.65,178.3,177.95,135.35,125.01,96,97,94,93,5.34,0.82,5.2,3.62,0.49
FRGE,147.59,150.96,161.77,172.34,123.7,86.94,96,97,92,3,17.32,0.59,19.13,14.52,0.67
RBLX,147.48,149.26,154.88,152.91,129.66,133.32,96,96,93,94,127.69,0.9,119.64,80.18,0.76
SQFT,147.0,147.0,142.9,123.78,110.56,110.96,96,93,87,89,4.88,0.06,5.85,6.22,0.03
KYTX,145.68,146.78,146.78,137.7,80.2,74.41,96,95,2,1,3.94,0.38,3.58,3.19,0.53
ENTO,145.19,145.19,134.97,107.08,134.2,198.54,96,87,94,97,2.7,0.96,1.65,1.53,0.01
CPSH,145.12,148.43,156.85,153.34,127.8,117.01,96,96,93,91,3.36,0.88,2.94,2.1,0.59
MDAI,144.6,150.46,155.49,150.14,164.25,170.21,96,96,97,97,1.82,0.4,2.38,1.89,0.38
BIAF,144.21,152.66,177.82,400.0,253.05,109.26,96,99,98,88,0.24,0.02,0.29,0.54,0.02
FAAS,144.18,172.79,252.47,251.26,115.59,100.9,96,98,90,82,0.22,0.01,0.39,0.49,0.4
MATV,143.98,143.98,138.38,106.74,74.38,78.61,96,86,2,2,12.43,0.59,8.95,8.05,0.8
AVTX,143.7,143.7,134.25,88.18,89.18,134.13,96,4,4,94,11.6,0.74,7.44,7.0,1.61
ESEA,143.69,143.69,143.06,140.47,127.62,93.57,96,95,93,5,61.89,0.93,53.46,36.53,0.46
CDE,143.69,143.69,143.0,140.08,122.52,116.88,96,95,92,91,14.67,1.0,10.5,7.59,1.41
UP,143.68,143.68,139.08,135.84,94.17,123.86,96,95,6,93,2.0,0.49,1.67,1.51,3.13
KPLT,143.34,143.34,134.58,112.2,163.49,117.72,96,90,97,91,21.08,1.0,12.28,9.49,1.8
U,142.55,142.55,141.34,126.87,116.58,127.33,96,94,90,93,43.82,1.0,33.83,25.36,1.38
BZAI,142.04,142.1,139.21,110.27,68.28,103.1,96,89,1,84,3.11,0.08,3.52,5.13,0.41
EVAX,141.35,147.55,151.18,134.03,73.3,63.04,96,95,2,1,2.92,0.1,2.76,3.05,1.03
LMND,140.83,140.83,140.5,120.26,143.05,193.72,96,92,95,97,50.25,0.78,46.45,38.33,0.55
STX,140.43,141.14,144.88,144.88,107.53,97.49,96,96,85,78,188.16,1.0,154.52,110.98,1.04
GCT,140.32,140.42,140.41,126.63,90.89,130.45,96,94,5,94,27.06,0.74,24.55,19.61,1.55
CLNN,140.29,140.3,140.02,110.25,98.32,93.82,96,89,8,5,6.03,0.84,4.2,4.06,0.52
RYM,139.98,139.98,148.87,153.84,499.74,1061.51,96,96,98,99,36.42,0.56,27.89,25.58,0.48
DHX,139.75,141.43,151.55,148.95,136.09,135.78,96,96,95,94,2.97,0.85,2.73,2.19,1.39
REPL,139.67,139.67,135.07,103.61,114.54,118.57,96,83,90,91,6.33,0.29,7.1,10.0,0.33
ZDGE,138.33,140.55,145.52,145.52,101.49,97.8,96,96,10,79,3.04,0.41,3.74,2.85,0.52
EYE,138.28,144.19,167.89,167.89,140.54,105.93,96,97,95,86,23.48,0.87,24.08,16.27,0.62
WKHS,138.27,138.27,131.4,85.64,80.54,167.24,96,3,2,97,1.26,0.02,1.78,4.42,0.14
PXLW,137.82,137.82,133.61,115.32,111.94,115.99,96,91,88,91,8.66,0.44,9.0,8.32,2.18
MASS,137.8,147.68,173.25,277.52,283.25,93.47,96,98,98,5,5.44,0.58,6.58,4.51,0.71
CELZ,137.67,137.67,134.47,109.68,142.17,123.8,96,88,95,93,3.31,0.32,2.97,2.79,0.03
EVGN,137.01,137.01,135.26,126.7,89.59,75.23,96,94,4,1,1.2,0.11,1.29,1.37,0.21
WGS,136.82,136.82,132.17,122.02,158.28,195.69,96,93,96,97,132.54,1.0,103.37,86.63,0.54
SGBX,136.66,168.46,223.3,232.16,171.11,140.62,96,98,97,95,0.12,0.0,0.43,0.55,0.17
LGCY,136.54,137.66,139.49,137.33,145.44,163.5,96,95,95,96,12.43,0.91,11.49,8.82,0.47
RIGL,136.49,136.49,130.77,103.12,121.06,145.69,96,83,92,95,41.34,0.98,27.86,22.03,0.85
TOYO,136.44,136.44,132.44,121.69,131.08,139.89,96,93,94,95,5.71,0.88,4.51,3.54,2.88
FIVE,136.43,139.51,153.3,153.44,110.77,109.95,96,96,87,88,153.4,1.0,137.8,104.69,1.07
DK,136.13,136.13,138.92,138.92,103.03,100.15,96,95,12,81,31.32,0.97,23.88,18.43,0.89
RMCO,135.47,135.47,128.72,114.08,116.3,112.84,96,91,90,90,2.02,0.85,1.54,1.2,0.3
MDXH,135.02,135.02,132.14,121.5,101.61,93.96,96,93,10,5,3.53,0.96,2.69,2.08,0.55
GHLD,134.92,135.17,134.6,127.6,113.23,85.77,96,94,89,2,19.89,0.99,19.7,14.77,0.35
EXK,134.79,135.13,133.87,120.6,115.24,141.15,96,93,90,95,5.99,0.86,5.52,4.37,1.32
MSC,134.43,134.43,130.88,111.62,86.31,109.15,96,89,3,87,3.85,0.24,4.58,4.24,0.25
IBG,134.3,135.57,149.13,189.82,168.24,93.82,96,97,97,5,0.36,0.0,0.66,0.75,0.82
AFRM,133.92,133.92,131.7,123.8,132.42,144.83,96,93,94,95,87.35,0.96,72.82,61.38,1.3
NTRP,133.9,133.9,130.43,104.07,262.79,282.07,96,84,98,98,3.94,0.4,3.83,4.1,0.76
REZI,133.28,133.28,130.14,118.08,96.76,119.6,96,92,7,92,35.75,1.0,27.79,22.71,1.08
MBOT,132.96,133.56,138.74,186.47,237.27,215.74,96,97,98,98,3.66,0.85,2.96,2.13,0.97
BLDP,132.83,132.83,132.01,126.95,98.25,98.92,96,94,8,80,1.99,0.87,1.87,1.52,0.89
DTCK,132.81,132.81,127.8,120.74,99.91,96.62,95,93,9,7,0.93,0.62,0.85,0.85,1.03
MAZE,132.75,135.31,136.55,133.32,87.99,95.0,95,95,4,6,15.88,0.81,14.53,12.18,1.4
PONY,132.29,138.2,194.64,201.02,128.66,126.24,95,98,93,93,13.71,0.49,14.0,13.38,0.39
INDO,132.15,132.15,131.5,127.27,100.59,132.38,95,94,9,94,2.88,0.24,2.9,2.84,0.22
ARQ,132.13,132.13,131.55,113.74,95.5,116.38,95,90,6,91,7.08,0.81,6.33,5.69,1.1
NEOV,131.86,133.89,142.76,141.96,101.84,145.02,95,96,11,95,3.77,0.48,4.2,3.67,0.6
THTX,131.77,133.35,146.07,178.68,168.62,134.28,95,97,97,94,3.27,1.0,3.11,2.23,0.66
CARV,131.66,131.66,122.66,119.98,99.15,99.79,95,92,8,81,2.93,0.93,1.99,1.7,0.85
ANVS,131.38,139.77,148.49,139.85,67.25,93.45,95,95,1,5,2.29,0.12,2.56,3.04,0.59
ACFN,131.32,131.32,128.06,111.66,130.33,162.59,95,89,94,96,27.62,0.87,22.89,18.61,0.6
COOP,131.31,131.31,129.68,126.75,122.57,106.8,95,94,92,86,213.11,1.0,171.3,126.62,0.85
WWR,131.27,131.27,127.72,108.56,155.65,156.65,95,88,96,96,0.72,0.37,0.72,0.66,0.91
EMX,130.69,130.69,128.09,125.69,125.19,102.63,95,94,93,83,4.07,1.0,3.09,2.24,5.49
NGNE,130.54,136.27,151.84,151.66,103.44,111.88,95,96,12,89,19.95,0.2,20.54,18.5,1.27
ALNY,130.36,130.36,129.38,117.56,112.12,99.2,95,92,88,80,452.0,0.94,384.73,292.35,0.67
GTN,130.34,130.34,126.83,118.89,113.29,102.61,95,92,89,83,6.12,0.96,5.27,4.14,0.5
AKBA,130.29,138.02,160.87,168.97,147.22,136.17,95,97,96,95,2.96,0.62,3.51,2.58,1.53
EAF,130.29,134.88,146.36,139.38,97.92,238.32,95,95,8,98,9.92,0.26,11.49,12.37,0.41
MEDP,130.24,130.24,126.11,105.94,100.27,99.33,95,86,9,80,486.98,1.0,409.09,343.98,0.46
SHIM,130.18,130.18,123.34,102.46,107.6,110.18,95,13,85,88,2.95,0.81,2.25,2.09,0.73
ADPT,130.1,130.99,132.12,137.24,153.39,153.51,95,95,96,96,12.85,0.95,11.81,8.81,0.64
WBTN,129.49,129.49,122.7,97.63,100.9,109.95,95,9,10,88,14.41,0.74,11.37,10.63,0.67
HLIO,128.86,128.86,124.28,101.33,88.95,113.07,95,12,4,90,55.55,0.99,43.4,39.4,0.53
ARLO,128.85,131.02,140.08,139.79,109.61,102.5,95,95,87,83,18.13,0.97,16.81,13.2,0.97
TXG,128.84,128.84,127.26,115.54,81.53,82.73,95,91,2,2,13.96,0.42,13.08,11.99,0.56
LINK,128.71,128.71,123.75,108.41,184.12,189.68,95,87,97,97,8.72,0.83,7.49,6.57,0.98
PDYN,128.69,134.18,147.26,147.93,697.22,835.37,95,96,99,99,6.82,0.45,8.46,7.38,0.74
EPRX,128.38,128.38,128.38,128.66,129.94,122.06,95,94,94,92,5.39,0.87,5.36,3.99,2.46
SCNX,128.31,129.65,129.16,107.3,56.88,110.87,95,87,1,89,0.89,0.01,1.58,2.78,0.97
TIXT,127.77,127.77,125.13,120.46,96.14,100.77,95,93,7,82,4.47,1.0,3.88,3.38,2.68
ELAN,127.65,128.06,128.21,128.01,104.1,86.39,95,94,12,3,18.43,0.99,15.86,12.72,0.94
BASE,127.6,128.16,129.56,130.04,107.04,105.75,95,94,85,85,24.44,0.99,24.34,19.04,1.13
XERS,127.6,127.6,123.49,138.86,142.05,116.06,95,95,95,91,7.85,0.97,6.13,4.61,0.61
BRLT,127.5,127.5,117.35,97.66,96.97,103.75,95,9,7,84,2.79,0.92,1.71,1.51,0.19
SGHC,127.41,127.41,129.95,135.11,155.69,166.88,95,95,96,96,12.65,1.0,11.35,8.4,2.19
VZLA,127.21,129.94,133.43,135.18,129.15,104.32,95,95,93,84,3.72,0.96,3.27,2.49,0.98
YTRA,126.94,126.94,125.1,106.31,78.84,88.87,95,86,2,3,1.47,0.78,1.1,1.04,0.85
QXO,126.85,127.79,135.77,136.19,114.04,104.05,95,95,89,84,22.05,0.83,20.86,16.6,1.18
NTLA,126.82,126.82,123.94,120.4,84.69,81.61,95,93,3,2,12.06,0.35,11.44,10.4,1.14
TRS,126.39,126.39,124.78,117.31,106.71,99.71,95,92,84,81,38.73,0.97,33.88,26.68,0.87
SPCB,125.99,132.17,145.23,143.32,323.67,299.4,95,96,98,98,9.7,0.57,9.74,8.2,0.96
BYSI,125.74,127.44,141.45,146.4,104.67,95.44,95,96,13,6,1.86,0.33,2.04,1.81,0.55
SABS,125.56,125.56,129.0,128.74,111.24,149.96,95,94,88,96,2.27,0.33,2.24,2.29,0.07
JOUT,125.55,125.55,123.8,112.84,90.71,94.3,95,90,5,5,40.81,0.93,35.59,30.15,0.34
PLBY,125.43,129.27,140.58,138.63,199.08,233.72,95,95,97,98,1.74,0.77,1.75,1.51,0.85
IBP,125.26,125.26,121.67,101.07,95.75,101.93,95,12,6,83,274.13,0.98,226.25,189.77,0.48
ULY,125.22,129.11,176.58,220.01,191.67,93.26,95,98,97,5,3.93,0.04,5.66,5.99,0.1
IVVD,124.58,124.58,138.39,179.03,423.9,192.18,95,97,98,97,1.14,0.45,0.77,0.76,1.23
NLSP,124.54,128.46,133.1,129.42,96.29,75.09,95,94,7,1,1.96,0.14,2.26,2.06,0.67
BBIO,124.45,124.45,123.67,116.86,130.79,124.57,95,92,94,93,53.38,1.0,47.47,36.73,1.02
AVGO,124.41,126.04,130.01,129.62,129.64,129.64,95,94,93,93,334.89,1.0,291.44,228.98,4.02
GNRC,124.29,124.29,122.94,108.13,88.37,114.25,95,87,4,90,181.3,0.79,172.29,148.64,0.61
AGX,124.19,128.23,141.32,148.53,131.67,141.21,95,96,94,95,211.51,0.79,222.13,172.23,3.48
NEXT,124.1,124.36,124.24,122.24,130.27,141.6,95,93,94,95,10.69,0.83,10.42,8.39,0.91
BTBT,123.96,126.4,129.94,123.72,96.16,155.42,95,93,7,96,2.51,0.21,2.99,2.89,0.33
TVRD,123.94,124.86,151.63,180.6,179.5,154.94,95,97,97,96,31.11,0.91,25.74,19.72,0.35
ARMN,123.88,123.88,132.66,150.39,149.42,95.76,95,96,96,7,9.18,1.0,7.35,5.36,1.19
CMPO,123.77,123.77,122.94,112.28,106.48,117.38,94,90,84,91,18.5,0.87,16.24,13.37,0.7
VST,123.74,126.92,133.74,133.74,128.18,165.64,94,95,93,96,188.0,0.82,195.52,159.48,1.13
NVT,123.56,123.56,122.8,119.51,98.3,110.6,94,92,8,88,92.8,1.0,82.69,68.78,0.97
AWRE,123.52,123.52,122.79,116.6,107.56,94.44,94,91,85,6,2.27,0.77,2.23,1.77,1.59
PSNYW,123.41,123.41,102.77,99.03,148.42,118.9,94,10,96,92,0.34,0.62,0.18,0.18,0.44
RAIL,123.39,126.72,135.2,135.04,101.74,133.45,94,95,10,94,8.36,0.35,9.68,8.79,0.48
ORKA,123.34,123.34,122.89,114.77,86.75,94.09,94,91,3,5,16.35,0.4,14.16,13.62,1.05
JBL,123.34,124.96,129.73,129.66,121.37,122.57,94,94,92,92,210.1,0.84,217.62,168.58,0.8
RNA,123.32,123.32,121.5,103.89,102.82,102.95,94,83,11,83,50.36,0.92,38.9,33.58,2.54
SNWV,123.14,123.14,120.92,129.2,160.05,168.53,94,94,96,97,37.88,0.78,37.26,30.14,0.45
AIP,123.11,123.42,123.35,116.41,128.03,136.66,94,91,93,95,8.86,0.44,9.54,8.82,0.41
NGD,122.93,123.07,126.1,146.18,144.24,110.6,94,96,95,88,6.3,1.0,4.95,3.75,0.95
MGTX,122.75,122.75,121.8,110.11,125.09,141.93,94,88,93,95,7.69,0.76,7.86,6.67,0.83
ACLS,122.64,122.64,122.09,118.57,90.38,83.13,94,92,4,2,80.61,0.58,75.99,65.99,0.65
GES,122.48,122.48,118.74,113.14,102.94,88.62,94,90,11,3,16.86,0.83,13.99,12.38,0.47
RMNI,122.45,122.45,120.52,126.97,172.02,154.91,94,94,97,96,4.5,0.8,4.34,3.39,0.61
EVR,122.25,122.25,121.83,119.49,95.88,112.52,94,92,7,89,318.77,0.96,299.96,258.05,0.98
IVZ,122.25,122.25,119.6,109.64,100.66,104.51,94,88,10,85,21.99,0.99,19.76,16.73,0.47
TDW,122.11,122.11,120.53,109.03,88.83,85.19,94,88,4,2,57.73,0.56,53.51,47.95,0.9
ARBK,121.97,122.78,122.56,116.91,85.45,100.55,94,92,3,82,0.24,0.05,0.31,0.46,0.05
BWLP,121.87,121.87,120.51,112.67,102.33,91.79,94,90,11,4,15.27,0.86,13.99,11.62,0.72
IONS,121.84,121.84,116.67,115.75,100.9,85.62,94,91,10,2,61.23,1.0,43.53,35.85,1.27
IHS,121.52,121.67,126.13,155.09,154.66,116.1,94,96,96,91,7.27,0.97,6.51,4.85,0.58
TREE,121.5,121.5,114.26,107.72,122.3,90.96,94,87,92,4,71.81,1.0,51.61,44.61,0.66
NVRI,121.36,121.36,120.14,119.16,98.8,94.76,94,92,8,6,11.76,1.0,9.6,8.05,1.6
RDIB,121.34,121.72,121.29,164.16,164.16,97.24,94,97,97,78,12.95,0.91,11.08,8.91,0.35
PRQR,121.25,121.25,120.32,120.31,101.43,218.22,94,93,10,98,2.45,0.39,2.19,2.16,1.23
DB,121.17,121.65,122.13,138.32,140.79,111.7,94,95,95,89,35.2,0.91,33.14,24.61,1.17
EVEX,120.93,128.55,153.14,152.75,141.62,148.73,94,96,95,96,3.92,0.26,5.88,4.72,1.2
MPAA,120.9,120.91,120.6,134.73,149.75,130.22,94,95,96,94,14.53,0.94,12.56,9.89,0.29
HL,120.77,120.77,118.09,106.44,111.43,103.69,94,86,88,84,9.02,1.0,6.83,5.83,1.06
CREX,120.7,129.19,151.77,154.46,95.54,84.29,94,96,6,2,2.34,0.31,2.8,2.55,0.22
COHR,120.67,121.94,128.34,125.66,97.5,130.19,94,94,7,94,97.84,0.72,96.96,85.86,1.76
GIC,120.64,120.64,118.77,111.3,105.37,91.37,94,89,83,4,37.93,0.98,31.89,26.3,1.42
CIO,120.61,120.61,118.93,107.38,102.27,95.69,94,87,11,7,6.94,0.99,6.39,5.32,1.27
RMBS,120.48,120.48,119.78,114.69,122.49,132.83,94,91,92,94,74.81,0.85,70.07,59.47,1.09
DLTR,120.47,122.98,126.39,128.02,120.51,106.22,94,94,92,86,101.12,0.71,110.16,85.23,1.64
HLF,120.45,120.45,120.53,117.9,130.07,97.42,94,92,94,78,9.86,0.83,9.48,7.84,0.72
LGND,120.4,120.4,116.76,102.25,103.93,106.37,94,13,12,86,166.75,0.99,139.94,118.42,0.84
FLEX,120.35,120.54,125.46,125.47,110.84,117.36,94,94,88,91,55.66,1.0,51.44,41.95,0.77
BOOT,120.05,122.03,134.75,134.55,100.37,100.65,94,95,9,82,182.57,0.92,169.78,143.87,0.85
TWIN,120.02,120.02,114.53,101.79,86.96,95.75,94,12,3,7,13.02,0.98,9.71,9.27,0.26
MU,120.01,121.03,123.75,123.46,103.18,109.91,94,93,12,88,131.37,1.0,118.03,100.42,1.34
NIPG,120.01,120.01,117.04,98.84,63.86,92.62,94,10,1,5,2.0,0.14,2.04,3.1,0.51
CTOS,119.8,119.8,118.65,114.34,112.43,134.01,94,91,89,94,6.09,0.97,5.7,4.95,1.03
SMRT,119.72,119.72,115.43,89.83,92.19,98.55,94,4,5,80,1.46,0.6,1.19,1.24,0.28
APP,119.64,120.3,123.55,123.74,198.11,259.48,94,93,97,98,490.24,0.95,399.33,350.55,1.44
LILAK,119.55,119.55,116.15,97.37,94.19,83.23,94,8,6,2,8.17,0.64,7.23,6.43,0.56
LTM,119.51,119.52,120.53,121.46,119.92,109.09,94,93,91,87,50.34,0.96,43.98,34.09,1.56
CWK,119.42,119.42,116.15,102.5,93.72,105.82,94,13,6,85,16.59,1.0,13.16,12.04,1.12
SMMT,119.2,119.2,125.13,140.28,142.69,170.63,94,95,95,97,25.98,0.56,25.74,22.06,1.02
SINT,119.06,119.06,114.83,122.36,145.7,154.98,94,93,95,96,5.51,0.82,3.22,3.18,2.4
MIRA,119.0,121.91,132.78,132.95,116.98,105.89,94,95,91,85,1.4,0.43,1.47,1.24,0.08
BLD,118.96,118.96,116.65,103.89,94.9,97.64,94,83,6,78,435.39,0.95,391.32,335.6,0.95
BKE,118.88,118.88,117.6,111.44,101.69,112.06,94,89,10,89,59.27,0.96,51.49,44.36,1.52
DGNX,118.81,118.81,133.42,688.79,3586.17,665.25,94,99,99,99,65.19,0.44,55.44,63.78,0.57
NPWR,118.54,120.77,120.77,95.51,94.9,135.54,94,7,6,94,2.2,0.06,2.71,5.14,0.39
PSNL,118.48,121.21,144.8,147.2,123.08,121.3,94,96,92,92,5.24,0.5,5.66,4.85,0.67
IH,118.17,119.13,122.99,141.25,144.62,105.84,93,96,95,85,2.74,0.75,2.71,2.14,0.07
NEM,118.14,118.14,116.84,123.21,124.78,90.12,93,93,93,4,76.17,1.0,65.03,51.04,0.82
FSLR,118.04,118.04,118.49,116.68,96.44,92.96,93,91,7,5,205.14,0.63,183.13,165.66,0.9
ASYS,117.97,117.97,114.09,97.06,93.9,90.8,93,8,6,4,6.42,1.0,5.04,4.83,3.69
LIQT,117.94,117.94,118.1,111.76,100.32,86.9,93,89,9,3,2.11,0.4,1.96,1.73,0.2
PBF,117.88,117.88,114.48,114.45,84.11,92.0,93,91,3,4,28.51,0.79,24.28,23.15,0.81
VBTX,117.82,117.82,115.67,109.0,96.44,109.83,93,88,7,88,34.22,0.96,31.16,26.7,0.53
ARCT,117.74,117.74,114.77,100.1,92.21,96.4,93,11,5,7,17.85,0.54,14.88,14.59,0.91
TBBK,117.36,117.36,114.33,108.75,104.07,106.54,93,88,12,86,75.8,0.94,66.53,56.74,0.57
FTK,117.34,124.28,167.63,169.1,147.0,170.51,93,97,96,97,11.26,0.58,12.75,10.41,0.72
PKE,117.28,117.28,115.56,108.16,100.72,104.97,93,87,10,85,19.16,0.86,17.52,14.71,0.64
KBSX,117.18,117.6,132.38,242.4,199.3,96.2,93,98,98,7,1.63,0.02,1.7,4.65,0.56
TE,117.07,117.07,110.51,101.54,154.86,234.54,93,12,96,98,1.98,0.5,1.44,1.6,1.31
DXPE,117.01,117.01,113.86,104.38,147.75,159.11,93,84,96,96,124.31,0.98,108.11,91.05,0.55
LPL,116.84,116.84,114.78,104.46,98.55,88.72,93,84,8,3,4.46,0.82,3.9,3.37,0.97
AQB,116.79,116.79,128.14,140.87,128.52,105.34,93,95,93,85,1.17,0.85,0.81,0.77,0.15
IRTC,116.77,116.79,123.39,131.77,135.64,136.08,93,95,94,94,181.05,0.99,152.51,120.84,0.74
LOCL,116.71,116.93,119.29,147.27,158.25,114.69,93,96,96,90,2.28,0.29,2.66,2.33,0.45
IDXX,116.68,116.68,116.59,114.51,110.87,96.46,93,91,88,7,642.99,0.88,590.55,483.85,0.63
BHST,116.63,117.97,117.97,122.06,120.5,106.11,93,93,92,86,7.59,0.59,7.81,6.52,0.64
URI,116.61,116.61,115.08,111.49,98.78,111.27,93,89,8,89,975.23,1.0,862.69,739.11,0.77
DTST,116.58,116.58,115.5,108.15,116.71,126.85,93,87,90,93,4.46,0.64,4.38,4.04,0.09
LPSN,116.49,116.49,115.52,99.97,131.58,128.97,93,11,94,93,0.93,0.27,1.0,0.98,0.13
CMCM,116.48,116.48,114.4,106.92,123.23,131.78,93,86,92,94,6.4,1.0,5.3,4.79,2.17
KAVL,116.31,116.31,108.75,85.61,144.71,202.56,93,3,95,97,0.83,0.38,0.64,0.73,0.05
LRCX,116.18,116.93,119.07,118.92,106.67,104.23,93,92,84,84,102.95,0.91,99.77,82.96,0.76
ALTI,116.17,116.65,116.58,112.29,94.29,111.26,93,90,6,89,4.14,0.67,4.27,3.83,0.44
SMP,116.14,116.14,114.62,110.35,95.5,99.23,93,89,6,80,39.99,1.0,34.88,30.23,0.64
SII,116.14,118.05,127.88,134.04,126.52,104.48,93,95,93,85,67.75,0.79,68.22,52.68,0.99
WYNN,116.12,116.12,113.88,113.21,106.01,111.83,93,90,84,89,120.9,0.9,110.55,91.96,1.19
JEM,116.12,133.83,142.62,131.56,105.28,96.83,93,95,48,42,0.33,0.0,4.03,4.38,8.94
SPNS,116.05,116.05,112.29,106.2,106.66,88.0,93,86,84,3,42.93,1.0,33.68,28.68,0.65
RRR,116.03,116.03,115.75,112.55,98.88,92.51,93,90,8,4,62.26,0.97,57.64,48.66,0.66
NRXS,115.96,119.91,138.29,140.07,114.91,96.6,93,95,90,7,2.43,0.35,2.52,2.47,0.25
ZVRA,115.89,118.46,125.87,123.44,105.86,110.78,93,93,84,89,8.95,0.38,10.56,8.78,0.54
NUVB,115.87,115.87,113.08,106.53,102.17,104.76,93,86,11,85,3.9,1.0,2.49,2.35,3.89
CSTM,115.78,117.45,123.25,124.61,111.08,80.6,93,93,88,2,14.59,0.75,14.01,11.74,0.94
PBPB,115.73,116.44,117.39,116.5,128.06,130.77,93,91,93,94,12.65,0.89,12.46,10.81,0.45
ACMR,115.62,115.97,121.3,121.3,150.79,115.31,93,93,96,90,27.41,0.74,28.02,22.96,1.07
VYX,115.55,116.18,120.24,119.36,91.29,103.71,93,92,5,84,13.31,0.74,13.2,12.0,1.13
FTAI,115.49,115.49,114.81,110.9,105.53,122.14,93,89,83,92,154.0,0.78,130.46,123.66,0.86
BNAI,115.46,123.18,123.18,110.48,81.17,90.25,93,89,2,4,0.31,0.07,0.34,0.46,0.1
RFL,115.41,116.75,116.84,111.06,111.31,115.36,93,89,88,90,1.44,0.1,1.78,1.79,0.58
BWMX,115.34,115.34,109.41,91.79,104.63,96.7,93,5,13,7,13.7,1.0,11.43,10.37,0.83
NCLH,115.33,115.33,113.54,104.8,107.61,132.42,93,85,85,94,25.66,0.75,23.65,22.51,1.02
BH,115.26,115.54,116.94,117.15,122.99,126.49,93,92,92,93,311.31,0.92,301.25,250.27,0.54
CCRD,115.23,118.05,128.82,128.56,131.96,143.77,93,94,94,95,27.24,0.8,27.88,23.64,0.57
MPWR,115.22,115.22,115.99,116.77,108.65,88.35,93,91,86,3,865.86,0.85,781.82,661.13,0.87
GSL,115.2,115.23,116.63,115.11,110.92,95.28,93,91,88,6,31.39,1.0,28.47,23.37,0.78
SNT,115.15,116.71,121.53,123.21,179.22,201.89,93,93,97,97,4.41,0.82,4.46,3.73,0.32
C,115.09,115.09,114.87,113.18,115.24,115.84,93,90,90,91,95.4,0.96,91.94,77.11,1.12
RCMT,115.05,115.59,124.8,124.93,103.83,107.95,93,93,12,87,27.41,1.0,25.09,21.29,0.6
WW,115.01,115.18,115.61,113.56,105.28,96.83,93,90,48,42,30.33,0.19,35.69,35.69,0.64
SYF,114.92,114.92,114.04,113.36,109.95,124.15,93,90,87,93,75.61,0.96,71.06,62.49,0.67
ATON,114.87,120.97,133.62,312.36,310.05,227.79,93,98,98,98,5.09,0.25,6.84,6.12,0.71
CUBI,114.8,114.8,113.06,109.53,106.7,109.11,93,88,84,87,67.29,0.83,64.93,55.0,1.73
RDZN,114.8,117.77,121.59,112.79,187.21,187.3,93,90,97,97,0.98,0.15,1.08,1.21,0.21
MOBX,114.76,114.76,108.87,95.38,237.18,246.62,92,7,98,98,1.06,0.3,0.91,0.99,2.39
YOU,114.72,114.72,112.87,108.13,108.52,100.22,92,87,86,81,34.91,0.84,31.59,26.73,0.62
MVBF,114.69,114.69,114.61,113.83,98.08,102.79,92,90,8,83,24.04,0.94,23.3,19.89,0.34
CATO,114.67,114.67,108.77,98.72,85.58,100.85,92,9,3,82,4.42,0.5,3.16,3.19,0.65
FBIO,114.67,114.67,109.32,107.85,106.5,113.93,92,87,84,90,3.71,1.0,2.09,1.85,12.57
ATHR,114.64,129.01,194.27,216.89,173.32,96.83,92,98,97,42,5.72,0.06,9.82,10.54,0.33
NINE,114.57,114.57,108.57,92.87,123.03,125.99,92,6,92,93,0.66,0.16,0.73,0.96,0.47
QURE,114.5,115.27,125.27,141.2,294.82,292.17,92,96,98,98,17.95,0.99,14.93,13.64,1.92
ECX,114.5,116.45,125.33,125.92,131.54,113.02,92,94,94,90,1.54,0.3,1.72,1.78,0.24
KB,114.47,117.1,125.59,128.94,114.22,100.84,92,94,89,82,78.13,0.72,81.67,66.66,0.42
MESO,114.43,114.43,113.3,98.8,193.46,205.38,92,10,97,97,14.39,0.55,14.02,13.76,1.57
AUBN,114.16,114.16,112.96,109.3,100.98,107.37,92,88,10,86,26.87,0.84,25.97,22.32,0.0
NRG,114.13,118.28,141.63,145.1,134.17,113.25,92,96,94,90,147.66,0.73,153.5,121.31,0.59
BLRX,114.03,119.93,126.89,127.97,82.35,69.88,92,94,3,1,3.67,0.05,4.1,5.04,0.23
IDYA,114.03,114.03,113.86,108.09,88.68,77.99,92,87,4,2,27.16,0.55,23.6,22.0,1.57
DAIO,113.89,115.02,116.92,114.53,110.13,111.05,92,91,87,89,3.21,0.85,3.19,2.79,0.49
ZDAI,113.6,125.25,181.26,196.39,28354.72,52758.23,92,98,99,99,0.44,0.0,0.59,1.67,0.55
WWD,113.59,115.76,121.25,121.41,113.05,105.62,92,93,89,85,242.85,0.79,250.59,204.56,1.18
HAS,113.54,113.54,114.1,115.0,109.29,93.26,92,91,87,5,79.73,0.93,77.26,64.45,0.63
VIV,113.54,113.83,113.83,117.56,117.11,92.3,92,92,91,4,12.47,0.94,11.75,9.49,0.47
SPXC,113.23,113.66,113.69,112.72,102.99,107.73,92,90,12,87,187.81,0.8,183.12,156.61,0.6
IGC,113.18,113.18,109.49,104.92,102.15,102.72,92,85,11,83,0.43,0.8,0.37,0.33,0.14
SNDK,113.13,113.13,109.48,110.36,129.69,107.3,92,89,93,86,68.55,1.0,45.78,43.33,3.39
AZ,113.12,116.02,131.89,136.92,178.33,343.48,92,95,97,98,8.54,0.68,9.94,8.12,0.67
ROAD,112.98,113.74,119.71,126.82,118.71,136.99,92,94,91,95,122.46,1.0,109.16,93.07,0.55
B,112.86,112.86,111.13,114.34,120.03,91.69,92,91,91,4,28.41,1.0,23.0,19.25,1.59
LAES,112.8,119.09,145.53,179.04,1905.34,1714.47,92,97,99,99,2.57,0.25,3.2,3.15,0.28
LEVI,112.78,112.78,111.38,111.03,101.27,98.65,92,89,10,80,22.22,0.96,20.57,17.71,0.58
WNS,112.67,112.67,111.47,113.81,134.6,104.4,92,90,94,85,75.4,1.0,73.55,60.83,0.46
RPID,112.63,120.19,152.79,175.45,270.64,203.42,92,97,98,97,2.72,0.54,3.2,2.49,0.94
AMBO,112.63,112.63,111.36,171.34,293.04,459.59,92,97,98,99,3.22,0.69,2.99,2.59,0.47
LASE,112.57,112.57,109.39,85.6,94.4,205.98,92,3,6,97,2.05,0.01,3.1,3.68,0.43
THO,112.55,112.55,111.08,103.43,92.26,100.1,92,83,5,81,112.33,0.98,98.29,91.35,0.75
ARDX,112.54,112.54,107.03,89.32,107.38,100.13,92,4,85,81,6.52,0.89,5.06,4.9,0.71
SACH,112.47,112.55,111.24,103.0,94.94,78.03,92,83,6,2,1.26,0.28,1.2,1.11,2.21
DKNG,112.41,112.41,110.27,104.97,106.81,107.89,92,85,84,87,46.56,0.68,44.56,40.36,0.95
AISP,112.38,116.3,130.43,131.8,209.27,214.65,92,95,98,98,4.3,0.48,5.16,4.54,0.41
ON,112.31,114.48,117.57,117.99,85.74,95.97,92,92,3,7,49.11,0.4,53.65,51.63,0.81
RM,112.3,112.3,107.7,93.32,110.28,110.32,92,6,87,88,43.09,0.96,35.18,31.94,0.63
REAL,112.29,112.29,108.18,97.15,226.08,268.95,92,8,98,98,8.67,0.72,6.37,6.66,0.84
CSIQ,112.23,115.15,122.21,124.67,100.43,106.43,92,93,9,86,11.17,0.41,11.89,10.8,3.73
LFMD,112.22,123.24,187.9,205.79,171.74,122.18,92,98,97,92,6.06,0.18,9.28,7.62,0.71
ONC,112.21,112.21,110.76,114.99,130.32,107.34,92,91,94,86,341.8,1.0,290.13,244.41,0.93
NSSC,112.18,112.18,110.22,110.22,93.08,104.89,92,88,5,85,39.52,0.9,31.81,29.66,1.03
INOD,112.06,115.49,122.18,122.9,208.43,260.54,92,93,98,98,43.48,0.59,45.1,42.33,1.26
BRFH,112.0,112.0,110.38,104.52,138.57,127.02,92,84,95,93,3.09,0.42,3.07,3.0,1.2
PTGX,111.92,112.49,112.49,132.59,132.08,99.47,92,95,94,81,60.53,0.97,55.07,46.78,2.53
TFPM,111.89,112.56,112.56,129.94,129.8,101.04,92,94,93,82,28.33,1.0,24.83,20.22,2.48
BVN,111.78,111.87,111.59,121.15,120.9,99.52,92,93,92,81,19.99,1.0,17.73,14.71,1.0
TRVI,111.77,112.48,114.43,172.29,181.64,142.44,92,97,97,95,7.01,0.82,7.03,5.55,0.87
USAU,111.75,114.47,121.75,148.86,150.96,126.76,92,96,96,93,12.47,0.82,11.89,9.81,0.72
ATEC,111.75,111.75,109.91,118.79,146.33,171.58,92,92,95,97,16.4,0.99,13.28,11.41,0.62
SYBX,111.73,111.73,110.99,103.88,96.22,95.8,92,83,7,7,1.46,0.63,1.43,1.32,0.18
SOL,111.59,112.64,116.08,115.8,97.27,109.07,92,91,7,87,1.88,0.41,1.88,1.75,0.44
ACIU,111.56,111.56,109.14,99.64,84.87,101.58,92,10,3,82,2.28,0.35,2.14,2.27,1.74
STNE,111.54,111.54,115.78,141.02,140.68,88.78,92,96,95,3,17.3,1.0,14.93,11.87,1.06
PVL,111.53,111.63,111.19,111.16,109.21,94.22,92,89,87,5,2.01,0.99,1.85,1.59,0.33
MTR,111.45,111.45,110.03,101.35,104.65,105.83,92,12,13,85,5.58,0.21,5.6,5.81,0.18
OSCR,111.43,111.43,113.81,115.23,104.28,97.53,91,91,13,78,19.43,0.67,15.93,15.11,0.59
BITF,111.36,111.36,107.75,99.25,79.73,112.04,91,10,2,89,1.29,0.3,1.17,1.27,0.69
CRS,111.27,114.18,127.06,130.56,117.47,119.21,91,94,91,92,247.43,0.74,261.15,214.41,1.19
PLPC,111.23,111.23,109.3,111.22,114.56,106.04,91,89,90,86,192.13,0.94,166.8,144.58,0.5
SLND,111.21,112.73,118.31,118.6,113.02,104.22,91,92,89,84,4.2,0.74,4.3,3.59,0.34
RMCF,111.08,111.08,109.41,103.35,88.34,142.15,91,83,4,95,1.54,0.2,1.61,1.72,0.17
CIGI,111.04,111.04,109.57,101.05,94.38,99.0,91,12,6,80,165.86,0.95,149.2,134.72,0.75
DSS,111.02,111.02,104.78,106.47,109.09,81.49,91,86,86,2,1.25,0.5,1.0,0.94,0.09
INCY,110.89,110.89,109.62,100.66,100.78,107.85,91,11,10,87,86.64,0.99,76.55,69.77,0.78
RPTX,110.76,111.0,112.92,118.14,100.35,109.92,91,92,9,88,1.69,0.26,1.54,1.51,0.14
MAMA,110.69,111.25,114.41,114.72,103.65,103.46,91,91,12,84,9.44,0.9,8.62,7.68,0.74
FBNC,110.68,110.68,108.83,103.67,99.3,103.12,91,83,9,84,55.4,0.99,49.88,43.93,0.6
WNEB,110.66,110.66,108.52,104.05,107.0,103.03,91,84,85,83,12.44,0.97,10.95,9.53,0.55
FHI,110.65,110.65,109.86,109.18,109.43,110.1,91,88,87,88,52.82,0.94,49.51,42.21,0.78
OPTX,110.62,111.27,117.79,125.76,355.03,333.13,91,94,98,98,1.5,0.24,1.57,1.6,21.3
GORO,110.47,111.43,141.17,201.95,262.39,192.81,91,98,98,97,0.75,0.94,0.55,0.45,2.27
CWCO,110.2,110.2,109.74,105.68,106.39,101.93,91,86,84,83,33.79,1.0,30.93,27.15,1.24
ROK,110.19,111.78,118.41,118.41,104.47,103.21,91,92,13,84,339.76,0.88,343.7,296.05,0.58
INTR,110.18,110.18,111.29,130.77,131.07,82.32,91,94,94,2,8.77,1.0,7.44,6.08,0.82
SNSE,110.17,110.17,107.59,98.51,106.5,126.99,91,9,84,93,8.32,0.26,8.1,8.47,0.53
ACRS,110.15,110.15,107.83,94.5,144.37,251.06,91,6,95,98,2.1,0.29,1.66,1.98,0.62
AMBP,110.08,113.4,130.9,142.58,131.86,100.49,91,96,94,82,3.58,0.55,4.01,3.27,0.37
OBE,110.05,110.21,109.98,106.08,103.54,94.34,91,86,12,6,5.84,0.78,5.8,5.41,1.11
DDOG,110.02,110.61,114.5,114.35,104.31,119.35,91,91,13,92,136.08,0.6,137.19,127.78,0.63
USEG,110.01,111.18,112.81,111.17,159.23,175.98,91,89,96,97,1.11,0.08,1.25,1.51,0.38
WING,110.01,113.86,124.62,125.11,106.78,91.89,91,94,84,4,309.79,0.47,328.6,295.26,0.46
ALOT,109.97,109.97,108.56,102.69,84.44,93.11,91,13,3,5,11.4,0.39,11.28,10.99,0.55
WFRD,109.93,109.93,107.47,99.59,79.82,89.81,91,10,2,4,62.5,0.43,56.81,58.39,0.84
TMDE,109.86,109.86,104.83,95.47,107.82,96.83,91,7,86,42,0.9,0.04,1.0,1.22,0.51
ESLT,109.78,110.24,111.44,138.9,146.69,125.7,91,95,96,93,482.04,0.97,457.07,368.95,1.0
LOB,109.74,109.74,107.29,99.7,81.36,103.79,91,10,2,84,38.36,0.57,33.46,33.06,1.01
OM,109.73,116.57,162.54,173.45,144.45,181.58,91,97,95,97,14.01,0.5,16.27,14.61,0.25
CNTA,109.71,109.71,108.36,96.31,104.91,108.79,91,8,13,87,15.73,0.6,15.88,15.27,0.89
META,109.7,110.74,111.63,110.95,112.85,112.85,91,89,89,90,752.45,0.88,738.52,650.23,0.83
CAKE,109.62,110.83,113.39,113.45,115.49,118.6,91,90,90,91,60.63,0.77,62.91,53.79,0.65
INFA,109.55,111.71,114.85,113.15,93.65,100.68,91,90,5,82,24.77,0.77,24.6,22.86,0.77
TBI,109.48,111.85,118.84,116.86,97.39,102.15,91,92,7,83,5.86,0.39,6.41,6.45,0.49
ZWS,109.45,109.45,108.42,103.56,99.09,115.61,91,83,8,91,46.03,0.97,41.47,37.23,0.68
UBS,109.39,109.39,108.87,105.31,106.96,103.63,91,85,85,84,40.36,0.98,37.72,32.89,1.03
ACHR,109.37,112.7,134.41,140.2,241.23,277.56,91,95,98,98,8.5,0.53,10.19,9.18,0.53
HGV,109.36,109.36,110.59,111.03,102.63,104.44,91,89,11,85,47.12,0.77,46.23,40.92,0.63
PLOW,109.35,109.35,109.04,110.87,107.21,98.14,91,89,85,79,33.45,0.96,30.85,26.48,0.46
PDS,109.25,109.25,108.19,99.79,89.1,95.37,91,10,4,6,56.77,0.64,53.26,52.16,0.59
PUK,109.23,109.83,112.58,130.98,133.11,100.07,91,94,94,81,26.39,0.96,25.48,20.62,1.02
PSTG,109.18,109.18,106.49,106.26,122.0,125.26,91,86,92,93,79.23,0.97,59.84,56.79,1.35
WDS,109.14,109.49,109.47,105.8,99.15,94.97,91,86,8,6,16.65,0.83,16.68,15.04,1.06
VTOL,108.96,108.96,107.9,100.26,97.93,96.83,91,11,8,42,37.82,0.94,36.23,33.73,1.24
AXIL,108.91,111.64,114.47,123.87,172.46,146.56,91,93,97,95,5.57,0.32,6.86,6.01,0.67
IMPP,108.9,109.28,109.31,109.43,96.09,80.61,91,88,7,2,3.53,0.62,3.15,2.9,4.81
COLL,108.88,108.88,106.94,98.51,98.83,88.98,91,9,8,3,38.32,0.79,34.04,30.73,1.3
FTDR,108.87,109.82,118.39,119.96,102.83,111.07,91,92,11,89,63.05,0.99,58.86,53.53,0.88
MDGL,108.84,108.84,104.42,101.52,121.01,135.41,91,12,92,94,432.89,0.98,347.31,322.06,0.71
ERAS,108.83,110.09,110.35,103.08,85.23,96.02,91,83,3,7,1.61,0.25,1.51,1.71,3.23
HRTG,108.79,111.1,135.62,178.22,175.09,96.0,91,97,97,7,24.09,0.88,22.04,17.27,0.71
OMAB,108.78,110.75,119.69,127.05,125.56,113.96,91,94,93,90,105.42,0.84,107.17,87.01,1.57
BC,108.73,108.73,107.85,102.07,83.82,99.6,91,12,3,81,66.61,0.59,60.52,59.58,0.8
FROG,108.68,109.13,115.34,116.99,115.38,113.2,91,92,90,90,50.06,1.0,43.62,37.24,0.81
KALV,108.64,108.71,110.69,128.99,137.21,89.94,91,94,95,4,15.82,0.98,13.75,11.54,0.88
ING,108.62,109.07,111.53,125.92,127.92,98.73,90,94,93,80,24.1,0.92,23.51,19.14,0.88
XYF,108.58,113.1,137.94,186.32,186.5,140.55,90,97,97,95,14.44,0.64,15.91,12.48,0.71
BKD,108.53,108.61,112.25,124.96,128.59,86.88,90,93,93,3,7.69,0.92,7.48,6.21,0.82
BTOC,108.49,109.74,114.44,110.87,73.21,140.49,90,89,2,95,1.25,0.05,1.52,2.43,1.29
EXPI,108.45,108.45,106.94,94.33,88.28,108.49,90,6,4,87,11.22,0.54,10.28,10.23,1.15
NXDR,108.32,108.32,106.27,93.06,99.34,102.82,90,6,9,83,2.07,0.48,1.85,1.96,1.87
PLUR,108.24,108.33,113.67,120.74,116.35,92.86,90,93,90,5,5.02,0.45,5.12,4.74,0.04
SHIP,108.23,108.23,107.2,99.92,91.35,87.48,90,11,5,3,7.99,0.44,7.15,6.72,1.66
BPOP,108.23,108.23,108.6,109.9,104.17,101.47,90,88,12,82,125.34,0.96,116.84,101.55,1.08
SNBR,108.22,108.72,109.59,104.66,114.01,116.7,90,85,89,91,9.67,0.32,8.74,10.97,0.72
PHM,108.22,108.22,105.81,97.71,95.7,95.98,90,9,6,7,140.57,0.87,119.81,110.76,1.01
VEON,108.19,108.33,109.46,120.43,133.02,132.45,90,93,94,94,55.01,0.78,53.1,45.66,0.83
SONO,108.19,108.19,105.26,96.81,104.72,112.66,90,8,13,89,14.69,0.95,11.87,11.96,1.1
WEX,108.19,108.19,107.11,99.72,92.05,95.27,90,10,5,6,171.19,0.56,164.09,157.58,0.76
OLLI,108.18,108.2,108.88,111.88,112.64,110.49,90,89,89,88,133.4,0.86,132.63,114.7,0.77
LAB,108.13,108.13,106.75,99.47,86.34,97.66,90,10,3,78,1.3,0.28,1.3,1.35,0.96
PBBK,108.11,108.11,107.15,107.03,110.13,99.64,90,87,87,81,19.65,0.95,18.61,16.34,0.45
GCO,108.1,108.1,104.16,94.49,132.24,139.43,90,6,94,95,33.36,0.6,25.45,28.87,1.03
SUPN,108.1,108.1,105.29,95.72,101.78,106.67,90,7,11,86,46.0,1.0,37.71,35.15,0.78
THC,108.07,108.59,115.29,119.42,114.34,94.5,90,92,89,6,196.18,1.0,171.8,147.96,0.7
CRON,108.07,108.07,106.11,101.74,103.06,93.27,90,12,12,5,2.5,0.84,2.23,2.01,0.77
SFST,108.05,108.05,106.67,105.91,100.86,118.15,90,86,10,91,44.79,0.96,41.76,37.83,0.55
WPM,107.99,108.54,110.18,130.28,133.5,101.14,90,94,94,82,104.24,1.0,94.02,77.5,1.14
LHX,107.92,108.43,109.31,109.69,109.33,99.66,90,88,87,81,272.39,0.95,266.93,230.89,0.86
WTS,107.89,107.96,110.01,110.8,110.59,101.73,90,89,87,83,280.31,0.97,262.36,226.63,0.72
CALM,107.86,107.86,107.11,106.81,114.1,126.74,90,86,89,93,113.83,0.94,106.45,96.11,0.81
BSY,107.76,108.39,112.46,112.46,102.24,94.81,90,90,11,6,53.8,0.76,55.38,48.18,0.89
BSBK,107.67,107.67,105.7,97.32,101.47,101.83,90,8,10,83,9.4,0.97,8.49,7.82,0.79
HYLN,107.67,107.78,108.29,99.67,91.08,157.7,90,10,5,96,1.76,0.23,1.57,1.9,1.01
HPP,107.67,107.67,104.4,92.61,92.12,81.69,90,5,5,2,3.07,0.35,2.65,2.75,1.79
SOWG,107.66,107.66,107.51,94.61,66.79,66.12,90,7,1,1,0.75,0.02,0.83,1.64,0.02
LAUR,107.64,107.64,106.73,115.24,116.28,112.62,90,91,90,89,27.85,0.99,24.78,21.2,0.69
TCBX,107.63,107.63,105.96,100.14,111.8,121.03,90,11,88,92,39.98,0.97,37.14,34.12,0.8
ISTR,107.57,107.57,106.5,106.04,99.13,114.15,90,86,8,90,23.14,0.89,22.05,20.0,0.65
JCI,107.55,109.04,116.31,117.75,113.86,108.33,90,92,89,87,106.23,0.88,106.46,90.58,0.87
LYTS,107.53,107.53,104.35,95.21,110.08,119.16,90,7,87,92,23.29,0.88,19.09,18.28,0.87
SAVA,107.52,108.66,110.88,107.56,76.55,77.34,90,87,2,2,2.16,0.03,2.2,3.03,0.36
DLX,107.49,107.49,104.93,92.96,95.14,112.75,90,6,6,90,19.52,0.66,17.46,17.52,0.67
MSFT,107.48,108.5,112.52,112.76,106.41,98.71,90,90,84,80,495.0,0.78,509.06,442.56,1.57
MRC,107.47,107.47,106.86,106.86,99.41,106.59,90,86,9,86,15.1,0.96,14.12,13.01,0.41
CRL,107.41,107.42,108.19,107.84,90.18,97.01,90,87,4,78,163.99,0.53,160.25,159.13,0.7
TRMB,107.26,107.86,109.34,108.99,109.65,117.01,90,88,87,91,80.74,0.86,81.35,72.83,0.77
EMR,107.26,108.12,111.99,111.99,104.27,113.52,90,89,13,90,132.55,0.7,137.19,123.2,1.0
VSTM,107.23,107.23,101.23,144.7,177.63,184.23,90,96,97,97,10.77,1.0,6.62,6.06,1.44
BX,107.13,107.13,106.21,102.49,99.58,116.14,90,13,9,91,169.99,0.67,166.49,157.4,0.82
EEIQ,107.12,107.12,100.13,84.05,117.43,134.27,90,3,91,94,0.52,0.12,0.58,0.76,0.14
FGEN,107.09,107.09,101.12,87.27,145.97,149.33,90,4,95,96,12.1,0.49,8.31,9.41,0.73
FAST,107.07,107.07,106.51,111.35,111.89,110.0,90,89,88,88,47.99,0.87,46.63,40.58,1.48
GNW,107.03,107.03,105.94,103.14,103.37,100.38,90,83,12,81,8.57,0.96,8.03,7.29,0.81
NXPL,107.01,107.19,107.25,98.54,131.5,122.1,90,9,94,92,0.71,0.18,0.75,0.84,0.54
CDNS,107.0,107.0,108.57,110.41,107.81,110.62,90,89,86,88,351.01,0.86,337.84,300.9,0.67
RBKB,106.98,106.98,107.21,112.84,113.2,107.8,90,90,89,87,13.62,0.98,12.63,10.92,0.09
ASND,106.97,106.98,106.98,121.28,128.36,105.82,90,93,93,85,205.91,1.0,182.22,156.93,0.96
LEGN,106.88,106.88,106.27,100.45,101.11,85.89,90,11,10,2,36.08,0.36,37.88,35.61,1.21
HZO,106.87,106.87,105.73,103.8,92.23,101.72,90,83,5,83,26.46,0.47,25.35,25.56,0.76
GLXY,106.85,106.85,104.88,99.83,105.28,96.83,90,11,48,42,23.49,0.39,25.18,23.45,0.71
VNT,106.78,106.78,106.24,104.8,101.85,106.53,90,85,11,86,43.45,0.99,40.37,36.89,0.7
XPL,106.77,106.77,105.33,101.68,109.62,101.09,89,12,87,82,0.83,0.97,0.71,0.65,3.82
JHG,106.72,106.72,105.69,103.86,102.24,109.65,89,83,11,88,44.28,0.95,42.15,39.42,1.16
LFCR,106.72,106.8,110.04,117.94,118.13,134.49,89,92,91,94,7.53,0.71,7.64,6.87,0.9
OPRT,106.67,107.87,123.76,131.0,174.15,172.72,89,94,97,97,6.57,0.66,6.43,5.59,0.67
PRPH,106.66,107.77,111.61,112.84,102.18,53.82,89,90,11,1,0.35,0.04,0.37,0.44,0.18
HNRG,106.57,108.59,124.39,156.62,153.72,172.63,89,96,96,97,17.04,0.73,16.6,13.97,0.61
ZLAB,106.54,109.04,111.12,119.56,132.68,127.08,89,92,94,93,30.76,0.47,35.25,31.91,1.35
LNC,106.53,106.53,104.47,102.35,113.1,106.98,89,13,89,86,42.11,0.93,37.61,34.21,0.85
STM,106.44,108.34,116.28,121.34,104.55,91.87,89,93,13,4,26.86,0.58,28.26,25.52,0.73
CMA,106.44,106.44,105.4,101.09,100.41,111.28,89,12,9,89,68.86,0.9,66.22,61.27,0.55
NDAQ,106.42,106.81,107.22,106.82,103.22,103.13,89,86,12,84,93.48,0.89,92.93,82.36,1.22
TRUP,106.4,109.43,120.77,123.6,106.55,111.45,89,93,84,89,44.09,0.49,49.27,45.81,0.64
AAUC,106.38,108.83,120.48,147.82,153.11,121.29,89,96,96,92,15.02,0.94,13.32,10.93,1.32
PENN,106.37,106.37,104.4,98.37,103.28,103.71,89,9,12,84,20.47,0.75,18.46,18.17,1.15
MLKN,106.37,106.37,104.91,96.57,90.27,90.75,89,8,4,4,21.44,0.54,20.29,19.84,0.58
STN,106.36,107.93,114.68,120.37,119.97,99.31,89,93,91,80,108.05,0.9,109.36,92.26,0.78
PAX,106.3,107.22,113.26,113.22,105.89,101.81,89,90,84,83,13.85,0.9,13.61,12.05,1.23
RLX,106.25,106.25,105.34,103.67,127.29,125.48,89,83,93,93,2.61,1.0,2.3,2.11,1.16
NXDT,106.25,107.44,108.7,104.2,95.72,98.36,89,84,6,80,3.8,0.19,4.27,4.28,1.14
JYD,106.25,112.06,156.38,238.54,528.61,517.24,89,98,99,99,0.17,0.01,0.19,1.59,1.85
CPRI,106.25,106.25,104.84,100.36,95.45,88.94,89,11,6,3,21.28,0.29,19.69,19.76,0.75
NMR,106.25,106.25,106.01,102.61,112.86,109.74,89,13,89,88,7.2,0.91,6.84,6.16,0.61
NRT,106.17,107.74,108.25,112.36,112.07,97.36,89,90,88,78,5.07,0.79,4.97,4.39,2.4
STKL,106.15,106.69,114.37,114.37,104.61,117.79,89,91,13,91,6.59,0.69,6.19,6.28,0.81
ICON,106.07,106.07,102.4,77.69,36.4,100.55,89,2,1,82,2.02,0.0,2.43,21.99,0.31
TOPS,106.05,108.57,108.34,105.05,96.36,97.03,89,85,7,78,5.43,0.04,5.84,6.21,0.15
LOT,106.02,108.23,120.44,123.83,81.34,81.84,89,93,2,2,1.95,0.2,2.14,2.44,0.86
ENVA,105.99,105.99,104.15,102.48,111.25,118.33,89,13,88,91,120.17,0.93,111.73,102.48,1.15
GEG,105.89,105.89,103.47,110.65,110.74,98.02,89,89,87,79,2.75,0.75,2.23,1.99,0.72
CRCT,105.86,106.82,112.59,114.92,105.74,97.84,89,91,83,79,5.93,0.84,5.58,5.1,0.79
BYD,105.76,105.76,106.03,105.98,107.59,110.27,89,86,85,88,86.46,0.97,83.41,74.93,0.48
TR,105.73,105.73,105.68,111.54,111.77,98.29,89,89,88,79,40.82,1.0,37.99,33.23,0.65
CTKB,105.54,105.54,103.25,80.69,100.69,120.91,89,2,10,92,4.02,0.32,3.73,4.47,0.67
MTW,105.53,108.0,127.01,126.51,104.19,103.88,89,94,12,84,10.13,0.47,11.54,10.2,0.88
CM,105.52,105.52,107.67,110.28,106.77,100.72,89,89,84,82,78.32,0.97,73.34,64.49,0.9
EWBC,105.49,105.49,106.87,107.72,101.57,115.62,89,87,10,91,107.58,0.96,103.8,95.53,1.19
NOC,105.44,105.44,104.68,107.24,108.33,91.98,89,87,86,4,580.8,0.92,555.68,497.83,0.86
CXDO,105.3,105.3,105.55,106.23,118.68,113.71,89,86,91,90,6.59,0.81,6.02,5.6,0.47
ISOU,105.19,105.29,107.36,109.59,99.72,121.46,89,88,9,92,8.24,0.51,7.25,7.24,0.83
VMI,105.17,105.17,104.84,102.61,104.45,111.76,89,13,13,89,377.91,0.97,357.26,327.65,1.09
TOST,105.14,106.88,116.27,116.22,116.21,135.18,89,91,90,94,41.22,0.69,44.82,40.1,0.85
MNSB,105.12,105.12,104.58,111.42,111.54,101.75,89,89,88,83,22.13,0.9,20.77,18.34,0.4
CPNG,105.11,106.79,116.0,117.41,110.61,103.95,89,92,87,84,28.91,0.78,29.44,25.5,0.77
IIIN,105.04,105.67,114.35,124.64,120.02,97.06,89,93,91,78,38.88,0.95,37.47,31.95,0.57
SNDX,105.03,105.03,100.69,86.19,97.79,90.18,89,3,8,4,17.04,0.64,12.06,12.83,1.16
EFTY,105.02,105.02,101.72,102.81,105.28,96.83,89,48,48,42,6.71,0.66,6.32,6.32,0.26
ADI,104.98,105.0,106.95,108.16,103.14,97.8,89,87,12,79,247.07,0.92,237.21,216.84,0.61
ITRI,104.85,106.33,110.21,112.0,108.79,106.88,89,89,86,86,120.45,0.61,129.47,114.51,1.04
MNSO,104.85,104.85,101.55,96.26,128.14,133.18,89,8,93,94,24.52,0.82,20.19,20.09,0.68
INTG,104.74,104.74,98.95,98.17,101.45,89.63,89,9,10,4,17.42,0.84,12.57,12.97,0.34
FRHC,104.73,104.86,110.57,115.41,125.86,125.87,89,91,93,93,169.46,0.79,167.5,146.71,0.52
RRBI,104.65,104.65,104.28,104.87,102.9,105.33,89,85,11,85,64.51,0.9,62.78,56.73,1.48
BRSL,104.59,104.59,101.72,95.62,100.36,87.9,89,7,9,3,16.77,0.88,14.97,14.01,0.57
ZH,104.54,104.54,102.79,105.89,131.38,117.22,89,86,94,91,4.87,0.65,4.53,4.16,0.59
NBN,104.52,104.52,101.9,93.89,111.42,125.66,89,6,88,93,109.02,0.96,99.37,94.33,0.63
RIG,104.49,104.49,103.75,98.86,87.12,98.45,89,10,3,80,3.07,0.37,2.89,3.16,0.74
ATLC,104.42,104.42,101.43,104.54,132.58,149.9,89,84,94,96,67.84,0.98,57.35,54.95,0.66
BRY,104.38,104.38,102.21,97.57,90.33,89.12,89,9,4,3,3.21,0.33,3.02,3.34,0.57
HUBB,104.37,104.47,105.12,104.96,96.62,109.86,88,85,7,88,436.04,0.8,426.24,398.45,0.77
TOON,104.31,105.54,117.45,125.1,123.96,84.17,88,94,92,2,0.8,0.78,0.74,0.66,1.09
PSN,104.28,104.51,103.97,99.84,90.08,102.53,88,11,4,83,75.65,0.35,76.43,75.1,1.07
UBER,104.28,104.53,110.03,118.06,120.01,98.6,88,92,91,80,90.99,0.83,92.35,79.04,1.17
PLYM,104.25,104.25,100.16,96.49,97.05,84.26,88,8,7,2,22.4,1.0,16.99,16.44,0.97
ARCB,104.25,104.25,103.37,100.88,86.46,102.22,88,11,3,83,75.7,0.3,76.69,80.33,0.84
NX,104.21,104.29,103.15,96.94,85.87,93.31,88,8,3,5,18.18,0.17,20.16,20.82,4.52
NVGS,104.18,104.18,103.74,102.42,98.21,98.8,88,13,8,80,16.62,0.95,15.69,14.85,0.6
SRDX,104.17,104.28,103.97,95.05,90.19,95.13,88,7,4,6,32.38,0.42,33.73,33.17,0.42
GM,104.13,104.13,102.9,101.69,101.99,106.58,88,12,11,86,58.27,0.93,54.07,50.35,0.86
PH,104.08,104.08,104.8,104.81,101.21,106.86,88,85,10,86,758.56,0.97,727.69,666.0,0.8
GNTY,104.08,104.08,102.94,109.02,118.72,109.61,88,88,91,88,49.54,0.99,45.78,40.47,0.7
HGTY,104.08,104.08,103.29,100.15,96.51,91.6,88,11,7,4,11.78,0.95,10.58,9.99,1.29
XPO,104.06,104.06,107.26,108.02,104.05,123.38,88,87,12,92,130.91,0.59,129.16,126.17,0.75
AVAL,104.03,104.03,103.6,114.71,134.45,122.93,88,91,94,92,3.31,0.96,3.02,2.65,0.18
RDWR,104.01,105.04,110.5,113.55,105.88,102.86,88,90,84,83,25.01,0.49,26.91,23.93,0.5
SPRY,103.98,109.08,118.69,125.53,123.51,117.89,88,94,92,91,10.07,0.0,16.07,13.81,2.52
DOCS,103.94,103.94,102.14,100.82,141.79,141.79,88,11,95,95,69.34,0.71,62.5,59.23,0.47
BNS,103.93,103.93,103.08,104.6,102.92,100.02,88,84,11,81,63.44,0.99,56.83,51.72,1.02
GLDD,103.92,105.28,111.78,114.92,105.08,119.74,88,91,13,92,11.73,0.8,11.48,10.78,0.65
F,103.91,103.91,104.05,110.36,110.86,96.39,88,89,88,7,11.74,0.95,11.32,10.1,0.7
MSB,103.91,103.91,103.06,114.55,130.67,136.15,88,91,94,95,31.2,0.94,28.56,25.7,0.31
MBUU,103.88,104.14,104.08,100.77,89.28,107.23,88,11,4,86,33.66,0.42,34.52,34.2,1.46
EDRY,103.87,103.87,101.48,93.45,86.82,78.39,88,6,3,2,10.89,0.23,10.4,10.52,1.27
AUST,103.87,103.87,103.86,113.79,113.99,201.9,88,90,89,97,1.79,0.41,1.38,1.39,1.1
ONIT,103.84,103.84,107.61,114.46,112.7,109.2,88,91,89,88,42.28,0.98,39.15,34.99,1.07
BFC,103.82,103.82,107.32,114.21,114.61,108.03,88,91,90,87,127.97,0.91,123.41,107.75,1.14
DORM,103.81,103.81,101.96,100.26,101.66,110.42,88,11,10,88,163.67,1.0,137.27,129.55,0.55
DKS,103.8,103.8,102.48,95.84,108.48,108.71,88,7,86,87,221.24,0.68,214.19,206.79,2.03
DRD,103.74,103.74,101.25,149.32,156.34,120.24,88,96,96,92,21.22,1.0,15.25,13.04,1.39
RENT,103.71,104.3,112.5,112.08,90.66,94.51,88,90,5,6,6.06,0.25,5.04,6.27,0.55
ZBRA,103.61,104.12,105.99,105.59,94.15,109.65,88,86,6,88,313.8,0.48,321.55,324.03,0.84
OUT,103.61,103.61,103.19,100.04,100.06,107.57,88,11,9,87,18.22,0.89,17.6,16.77,1.01
AEG,103.57,103.88,103.99,110.42,110.3,98.78,88,89,87,80,7.52,0.81,7.33,6.53,1.46
ZNTL,103.48,103.48,101.14,83.65,81.36,110.95,88,3,2,89,1.75,0.21,1.48,1.91,0.44
MESA,103.46,103.46,101.25,109.35,117.84,119.47,88,88,91,92,1.29,0.84,1.11,1.08,2.99
ALTO,103.43,103.43,101.92,96.07,110.77,110.5,88,8,87,88,1.17,0.34,1.13,1.26,0.61
RDNT,103.38,103.38,101.75,98.83,92.22,111.1,88,10,5,89,71.41,0.63,61.11,61.25,0.58
KW,103.3,103.3,100.3,87.29,88.23,95.2,88,4,4,6,8.77,0.54,7.74,8.12,0.81
WHG,103.26,103.26,102.51,105.68,114.55,112.11,88,86,90,89,17.34,0.81,17.05,15.68,0.17
SPOK,103.21,103.31,103.03,105.19,107.21,104.41,88,85,85,85,17.44,0.8,17.67,16.04,0.75
PW,103.17,105.22,105.22,107.12,139.41,172.16,88,87,95,97,1.0,0.19,1.24,1.2,2.82
HLMN,103.12,103.12,100.13,86.21,93.32,105.12,88,3,5,85,10.14,0.71,8.74,8.98,0.53
HIMX,103.09,103.97,114.02,114.41,179.39,175.71,88,91,97,97,8.39,0.47,8.62,8.03,0.58
BP,103.03,103.03,102.04,99.42,112.9,103.11,88,10,89,84,33.93,0.86,32.61,30.36,1.0
AIT,103.0,103.0,102.36,98.81,103.47,118.45,88,10,12,91,265.44,0.84,260.23,245.93,0.48
GLSI,103.0,103.0,101.72,92.6,92.15,90.96,88,5,5,4,10.93,0.33,11.23,11.28,0.39
USLM,102.98,102.98,102.2,99.32,97.1,148.05,88,10,7,96,123.06,0.58,110.31,109.82,0.89
FITB,102.98,102.98,101.92,99.83,96.51,103.44,88,11,7,84,45.62,0.89,43.07,40.99,0.86
AUB,102.97,102.97,101.79,98.71,93.89,101.41,88,9,6,82,35.75,0.66,33.13,33.11,0.59
BHR,102.97,102.97,100.77,98.88,91.45,107.87,88,10,5,87,2.98,0.67,2.4,2.51,1.19
ADXN,102.96,103.74,109.31,115.86,113.57,87.94,88,91,89,3,8.09,0.31,8.42,8.01,0.0
RBOT,102.95,106.44,112.98,114.43,177.72,217.23,88,91,97,98,5.69,0.05,8.26,9.76,0.28
VTRS,102.95,102.95,101.47,94.74,91.14,103.33,88,7,5,84,10.5,0.59,9.57,9.78,0.81
SITE,102.95,102.95,101.42,96.14,94.49,100.42,88,8,6,82,152.97,0.94,134.53,130.39,1.39
SRBK,102.93,102.93,101.98,109.67,110.89,106.54,88,88,88,86,15.0,0.97,14.33,12.72,0.55
CWBC,102.91,102.91,101.83,100.98,98.12,98.17,88,12,8,79,21.23,0.9,20.24,18.95,0.46
GIL,102.89,102.89,102.28,101.82,104.15,103.58,87,12,12,84,55.5,0.95,52.33,48.62,1.26
MT,102.88,103.07,105.14,119.62,128.32,105.72,87,92,93,85,34.22,0.96,33.02,28.88,1.6
INSG,102.83,102.83,96.15,85.52,88.45,104.42,87,3,4,85,13.24,0.51,8.78,9.54,0.81
VECO,102.82,102.82,101.52,93.65,85.9,91.94,87,6,3,4,24.51,0.43,22.32,22.85,0.54
APWC,102.8,102.8,102.88,109.82,111.65,102.92,87,88,88,83,1.8,0.68,1.75,1.63,0.16
LHSW,102.72,103.93,104.12,84.97,101.19,96.83,87,3,10,42,2.07,0.27,2.37,2.51,0.23
CNET,102.67,102.67,99.65,98.61,100.49,111.35,87,9,9,89,1.52,0.1,1.48,1.55,0.68
SOND,102.61,102.61,101.64,98.51,90.64,98.08,87,9,4,79,1.77,0.05,2.28,2.56,0.12
FLYW,102.56,102.56,100.4,96.06,93.42,112.43,87,8,5,89,12.99,0.31,11.9,14.0,0.64
WTFC,102.53,102.53,103.25,103.85,104.57,113.92,87,83,13,90,139.53,0.99,130.38,122.97,1.02
TFC,102.49,102.49,101.45,99.65,101.66,103.74,87,10,10,84,46.52,0.96,44.46,42.19,1.05
ADTN,102.46,102.46,101.34,98.27,146.47,152.58,87,9,95,96,9.75,0.7,9.16,8.95,0.56
CRSR,102.39,104.05,109.89,109.4,147.57,138.12,87,88,96,95,8.84,0.46,9.13,8.7,1.01
RPAY,102.36,102.36,101.83,88.48,90.78,94.32,87,4,5,6,5.88,0.41,5.24,5.95,0.45
PMAX,102.34,107.51,113.32,110.81,73.26,78.81,87,89,2,2,0.26,0.0,0.37,0.83,0.52
CSX,102.34,103.37,104.84,103.02,96.14,97.31,87,83,7,78,32.53,0.61,34.22,31.98,0.47
CNTX,102.3,102.3,97.57,90.35,90.2,78.84,87,5,4,2,0.82,0.15,0.77,0.88,0.37
KNDI,102.2,102.2,99.3,107.68,126.98,90.18,87,87,93,4,1.39,0.42,1.28,1.22,0.25
ASB,102.19,102.19,102.35,103.48,101.79,110.73,87,83,11,88,26.64,0.94,25.22,23.7,1.04
PNR,102.17,102.29,104.3,106.07,100.15,109.82,87,86,9,88,110.64,1.0,105.3,98.33,0.69
ATMU,102.1,102.1,100.3,96.78,99.55,113.94,87,8,9,90,46.08,1.0,40.3,38.77,0.71
FIBK,102.03,102.03,100.53,96.9,99.64,105.4,87,8,9,85,32.55,0.88,30.14,29.18,0.51
SPR,101.99,102.16,104.02,110.06,110.09,102.3,87,88,87,83,40.84,0.92,40.15,35.92,1.52
TROW,101.96,101.96,101.11,98.64,96.51,106.11,87,9,7,86,108.16,0.71,104.62,101.7,1.29
ARQT,101.95,101.95,100.37,120.23,134.4,132.11,87,92,94,94,17.15,0.98,15.07,14.08,1.62
HTB,101.95,101.95,101.37,101.95,105.22,101.3,87,12,13,82,41.23,0.97,39.33,36.18,1.27
CTVA,101.95,102.98,107.62,111.19,110.22,102.5,87,89,87,83,72.3,0.79,73.14,65.27,0.81
SCSC,101.94,102.04,104.53,104.79,93.44,101.04,87,85,5,82,44.92,0.65,41.96,41.49,1.33
LINC,101.94,105.37,122.52,129.76,123.8,121.92,87,94,92,92,19.38,0.61,21.61,18.62,0.63
WYY,101.94,101.94,98.23,104.23,106.88,124.21,87,84,85,93,5.03,0.69,3.59,3.88,0.65
LOBO,101.84,101.84,102.84,92.32,79.79,125.34,87,5,2,93,0.53,0.06,0.56,1.11,0.02
MOGU,101.84,101.84,102.35,106.05,111.08,112.5,87,86,88,89,2.49,0.78,2.31,2.24,0.67
CSCO,101.84,102.41,104.04,104.39,109.65,108.4,87,84,87,87,66.9,0.8,68.37,62.17,1.06
MOS,101.82,104.52,119.64,126.44,125.37,98.63,87,94,93,80,32.45,0.65,34.66,29.75,0.9
TSLX,101.77,102.03,103.34,105.6,110.44,105.94,87,86,87,86,24.58,0.93,24.15,21.81,0.61
ASX,101.77,101.77,104.6,104.8,104.74,104.03,87,85,13,84,10.47,0.87,10.15,9.62,1.25
H,101.73,101.73,103.78,103.93,97.18,100.68,87,83,7,82,144.95,0.66,143.42,139.8,0.64
GCTS,101.71,101.71,98.69,94.24,90.47,95.07,87,6,4,6,1.32,0.13,1.38,1.76,0.67
ARL,101.69,101.82,101.83,104.8,97.69,95.3,87,85,8,6,15.86,0.71,14.03,13.98,0.31
SSTK,101.68,101.68,100.63,94.83,88.54,93.87,87,7,4,5,20.11,0.3,19.76,21.9,0.92
JOE,101.63,101.63,101.34,99.6,98.64,88.09,87,10,8,3,51.14,0.53,50.09,46.88,1.36
CCBG,101.61,101.61,100.88,105.17,105.89,103.05,87,85,84,83,43.48,0.95,40.98,37.63,0.97
GLTO,101.59,103.76,104.32,101.48,81.62,69.69,87,12,2,1,3.01,0.07,3.41,3.97,0.37
AQN,101.57,103.14,107.54,120.05,120.58,92.62,87,92,92,5,5.67,0.76,5.83,5.13,0.62
NCI,101.5,101.85,105.02,102.87,114.75,225.22,87,82,90,98,1.78,0.05,1.98,2.29,0.73
VVX,101.49,101.49,99.28,102.1,103.89,115.78,87,12,12,91,56.68,0.55,52.35,50.51,1.09
EPM,101.43,101.43,101.08,96.4,100.75,111.26,87,8,10,89,5.07,0.63,4.92,4.84,0.67
TRMK,101.3,101.3,100.27,99.88,102.62,107.15,87,11,11,86,40.25,0.95,38.23,35.74,0.68
ZENV,101.26,101.26,98.78,94.45,154.79,160.17,87,6,96,96,1.51,0.22,1.53,1.71,0.63
TALO,101.26,101.26,99.81,99.22,93.26,94.07,87,10,5,5,9.47,0.55,8.72,8.98,0.84
CRBG,101.25,101.82,104.71,104.84,109.15,106.87,87,85,87,86,33.68,0.79,34.7,31.99,1.85
EBON,101.24,101.24,99.93,97.12,93.6,120.29,87,8,5,92,3.88,0.11,4.12,4.82,0.48
MRVI,101.14,101.14,99.86,92.22,73.26,75.93,87,5,2,1,2.51,0.11,2.48,3.25,0.73
MSTR,101.14,103.65,119.75,136.68,145.94,238.49,87,95,95,98,335.87,0.62,386.9,357.36,1.17
BAM,101.12,101.64,104.56,104.94,108.57,118.68,87,85,86,91,58.27,0.81,59.25,54.96,1.72
DUOT,101.12,104.61,127.51,138.54,180.34,193.47,87,95,97,97,6.71,0.66,7.01,6.43,1.06
DSGR,101.09,101.09,100.1,93.33,89.85,104.35,87,6,4,85,31.98,0.47,30.3,30.65,0.59
CACI,101.07,101.09,104.67,115.38,115.38,99.1,87,91,90,80,474.45,0.6,479.95,432.6,0.85
TCX,101.06,103.14,108.7,111.0,113.22,95.31,86,89,89,6,17.83,0.38,19.72,18.01,0.22
FLUX,101.04,101.25,107.4,117.27,116.82,80.26,86,92,90,2,1.49,0.14,1.76,1.7,0.73
PRA,100.99,101.91,108.51,157.36,157.69,112.82,86,96,96,90,23.76,0.98,23.73,20.15,0.64
VERA,100.97,105.66,105.66,96.95,81.69,113.91,86,8,2,90,24.19,0.17,22.21,28.88,1.93
SCM,100.96,100.96,100.38,98.99,108.81,104.63,86,10,86,85,14.8,0.95,14.36,13.35,1.24
SGC,100.92,100.92,98.47,85.54,96.13,105.49,86,3,7,85,12.21,0.38,11.32,12.35,0.83
EGY,100.91,100.91,99.6,94.68,88.31,93.65,86,7,4,5,3.83,0.28,3.71,3.83,0.88
LXFR,100.91,100.91,99.71,98.45,101.59,118.44,86,9,10,91,13.7,0.84,12.42,12.27,0.71
TKR,100.84,100.84,100.65,100.35,101.69,97.22,86,11,10,78,77.78,0.73,76.77,73.37,0.91
OI,100.76,102.13,111.19,116.85,114.9,94.9,86,91,90,6,12.77,0.51,13.95,12.44,0.95
TDS,100.75,100.75,99.81,106.33,123.0,133.11,86,86,92,94,39.51,0.93,38.35,35.92,0.7
VOXR,100.74,101.52,106.94,135.46,134.53,100.35,86,95,94,81,3.54,0.9,3.3,2.92,0.45
YAAS,100.74,107.94,110.48,112.47,81.82,93.02,86,90,3,5,0.1,0.0,0.61,2.1,21.75
NRIM,100.71,101.31,107.58,112.63,109.57,115.63,86,90,87,91,90.9,0.79,90.29,82.5,0.8
PODD,100.63,100.7,105.79,112.82,111.82,111.6,86,90,88,89,348.43,1.0,307.19,283.89,0.79
MO,100.6,100.6,100.07,113.78,116.86,99.93,86,90,91,81,66.55,0.95,62.38,56.63,0.7
NCL,100.58,118.03,207.2,245.88,220.29,185.11,86,98,98,97,0.15,0.01,0.16,0.29,0.7
ONFO,100.58,100.58,100.1,98.7,123.28,143.01,86,9,92,95,1.02,0.34,1.09,1.17,0.03
CVEO,100.55,100.87,101.18,100.57,100.49,91.22,86,11,9,4,23.4,0.51,23.61,22.62,0.54
FSV,100.55,100.55,99.87,100.36,100.95,97.89,86,11,10,79,201.58,0.99,190.29,180.07,0.29
GL,100.54,100.54,99.6,107.36,117.0,106.99,86,87,91,86,139.81,0.92,132.27,121.98,0.52
TIVC,100.54,105.33,138.35,227.49,349.54,202.35,86,98,98,97,2.94,0.04,3.62,4.38,0.03
MBCN,100.53,100.73,105.52,111.37,111.36,109.65,86,89,88,88,30.29,0.72,29.65,27.78,0.88
NFG,100.52,100.94,103.21,119.32,125.86,109.65,86,92,93,88,86.56,0.92,86.41,75.86,0.79
ALK,100.51,100.51,98.54,95.19,139.76,141.05,86,7,95,95,63.15,0.66,54.74,56.82,1.1
CNDT,100.51,100.51,99.6,91.51,101.97,103.88,86,5,11,84,2.83,0.35,2.66,3.08,0.67
PDLB,100.49,100.49,101.32,103.57,106.67,109.13,86,83,84,87,14.91,0.98,14.33,13.29,0.54
UGP,100.47,100.47,98.13,110.31,111.94,80.6,86,89,88,2,3.9,0.84,3.21,2.98,1.06
BKNG,100.46,101.55,106.29,110.18,108.43,116.89,86,88,86,91,5505.8,0.86,5605.66,5116.37,1.05
FCCO,100.43,100.43,99.24,99.6,106.01,108.06,86,10,84,87,27.63,0.99,25.53,24.12,0.45
SM,100.4,100.4,99.23,93.46,87.44,100.38,86,6,3,81,26.92,0.27,26.9,30.62,0.92
MTD,100.4,100.4,100.07,97.21,99.34,95.84,86,8,9,7,1305.71,0.63,1248.14,1215.2,0.64
FLNG,100.38,100.51,100.1,105.42,105.22,97.39,86,85,13,78,25.8,0.79,24.54,23.1,1.36
MAX,100.38,100.38,104.33,105.46,93.29,85.49,86,85,5,2,12.4,0.37,10.49,10.46,2.69
ECPG,100.33,100.33,102.0,103.01,96.51,100.17,86,83,7,81,44.45,0.72,39.88,41.23,2.29
SRG,100.33,100.33,97.43,90.58,87.04,91.19,86,5,3,4,3.74,0.56,3.24,3.41,1.09
MTH,100.31,100.31,98.29,91.9,92.84,93.44,86,5,5,5,82.83,0.48,73.33,73.3,1.41
IOVA,100.25,100.25,95.72,70.64,64.9,92.17,86,2,1,4,2.49,0.08,2.37,4.16,0.83
CSV,100.23,101.75,104.59,108.12,109.83,116.36,86,87,87,91,42.74,0.7,45.65,41.6,0.89
JNJ,100.16,100.16,99.19,103.89,111.25,95.42,86,83,88,6,178.43,0.99,167.01,155.15,1.15
WSBF,100.12,100.12,99.4,96.67,101.33,96.01,86,8,10,7,14.77,0.72,13.94,13.38,0.74
HBT,100.08,100.08,100.05,103.51,109.26,103.69,86,83,87,84,26.3,0.95,25.48,23.61,0.66
MSA,100.01,100.55,101.98,102.07,99.26,95.58,86,12,9,6,170.46,0.78,173.09,162.88,0.81
SYRE,99.98,100.16,100.02,94.9,78.11,101.85,86,7,2,83,17.0,0.19,16.4,18.71,0.62
SYY,99.95,99.95,99.47,101.78,103.58,95.29,86,12,12,6,82.45,1.0,79.1,74.48,0.89
MGNX,99.9,99.9,95.95,87.23,82.4,105.23,86,4,3,85,2.0,0.28,1.58,2.13,2.9
SOHO,99.86,100.62,107.19,107.68,92.28,90.51,86,87,5,4,0.83,0.24,0.84,0.84,0.32
GFF,99.85,99.85,99.4,99.81,104.76,111.77,86,11,13,89,81.34,0.86,76.66,73.56,0.78
BGC,99.84,100.11,101.09,103.72,103.91,97.04,86,83,12,78,9.94,0.63,10.08,9.45,0.8
CHEF,99.83,100.37,107.58,112.44,128.59,127.99,86,90,93,93,63.97,0.85,63.91,57.38,0.73
TLF,99.81,100.93,102.33,99.45,111.94,111.44,86,10,88,89,3.07,0.27,3.3,3.19,0.63
FBP,99.81,99.81,101.15,104.98,104.5,96.32,86,85,13,7,22.06,0.95,21.32,19.75,0.62
ALCO,99.79,100.04,100.63,108.36,115.96,108.8,86,87,90,87,33.53,0.87,32.92,30.07,0.83
FLGT,99.77,99.97,101.0,116.74,116.55,87.03,86,91,90,3,21.95,0.87,20.0,18.77,0.65
ISRLU,99.77,100.39,104.16,112.28,110.55,100.43,86,90,87,82,12.47,0.33,12.87,12.15,0.0
AGNC,99.69,99.69,98.67,98.53,108.76,101.43,86,9,86,82,10.37,1.0,9.39,8.91,1.4
GLNG,99.68,99.89,100.31,109.94,109.07,114.29,86,88,86,90,44.22,0.91,41.43,39.54,0.67
BEDU,99.64,101.39,103.55,113.6,111.38,95.09,85,90,88,6,1.7,0.43,1.75,1.72,2.17
ESOA,99.63,100.9,103.27,103.07,102.44,133.57,85,83,11,94,9.89,0.18,10.05,10.91,0.63
SHEL,99.61,99.65,99.52,105.82,109.29,97.2,85,86,87,78,71.6,0.85,71.48,66.54,1.1
RMR,99.56,99.56,98.93,94.31,86.46,90.67,85,6,3,4,16.83,0.34,16.62,16.78,0.51
GWRE,99.55,100.83,107.41,115.6,113.33,108.13,85,91,89,87,260.71,1.0,221.97,205.64,4.44
NEWT,99.52,99.52,98.41,94.43,98.23,113.06,85,6,8,90,12.03,0.5,11.77,11.72,0.59
INSE,99.51,99.51,98.43,97.05,103.6,105.9,85,8,12,86,9.4,0.56,8.84,8.83,0.41
BNTX,99.5,101.47,102.17,101.43,106.02,116.24,85,12,84,91,112.46,0.64,109.56,108.42,2.88
POCI,99.5,100.14,101.36,101.45,99.79,104.5,85,12,9,85,4.47,0.29,4.78,4.7,1.71
NYT,99.46,99.56,99.68,107.38,107.33,95.95,85,87,85,7,58.99,0.82,56.56,52.94,0.42
DCI,99.45,99.45,98.36,100.82,101.12,99.19,85,11,10,80,81.04,0.95,72.99,69.55,0.93
SILC,99.43,99.43,98.65,98.6,118.04,116.98,85,9,91,91,16.8,0.77,15.91,15.43,0.12
ARGX,99.41,99.41,97.18,98.46,108.12,109.66,85,9,86,88,750.78,1.0,625.18,612.07,1.1
VACHU,99.37,99.37,98.97,104.34,106.68,97.83,85,84,84,79,11.5,1.0,11.29,10.49,0.0
DCOM,99.33,99.33,97.75,93.8,101.53,121.58,85,6,10,92,30.63,0.58,28.66,28.83,0.68
AII,99.33,99.33,97.83,102.37,105.35,96.83,85,13,83,42,19.67,0.92,18.23,17.65,1.04
BCML,99.28,99.28,98.38,101.74,106.14,111.99,85,12,84,89,29.93,0.93,28.39,27.02,0.38
KBH,99.21,99.21,96.95,88.65,87.98,95.33,85,4,3,6,67.97,0.47,58.48,60.56,1.16
BTSGU,99.17,99.89,107.44,114.15,114.73,121.59,85,91,90,92,83.44,0.93,76.43,71.14,1.45
FNV,99.07,99.07,98.83,125.73,130.73,105.12,85,94,94,85,193.79,1.0,169.92,151.55,0.85
YIBO,99.06,99.8,114.73,113.97,115.48,142.31,85,90,90,95,1.34,0.08,1.4,2.0,4.4
OPFI,99.01,102.89,122.73,132.39,187.73,204.5,85,95,97,97,10.46,0.52,11.38,10.46,0.48
QUIK,99.01,100.38,102.56,102.56,107.1,113.14,85,13,85,90,5.14,0.09,5.97,6.62,0.28
CARG,99.0,99.0,100.73,100.69,108.92,118.06,85,11,86,91,36.16,0.71,33.21,33.38,0.91
SFBS,98.98,98.98,97.48,93.71,100.82,108.8,85,6,10,87,87.5,0.65,82.3,82.17,0.95
FATE,98.94,102.73,108.57,119.87,94.56,80.47,85,92,6,2,1.01,0.1,1.11,1.32,1.1
PDFS,98.89,98.95,99.77,99.43,86.44,99.45,85,10,3,81,19.95,0.21,21.64,22.97,0.69
TWLO,98.85,100.8,112.96,112.95,146.61,161.1,85,90,95,96,108.67,0.56,116.07,112.27,0.65
ROG,98.81,98.81,97.4,92.34,87.48,98.45,85,5,3,80,78.76,0.43,71.99,78.92,0.63
NEXM,98.79,100.0,112.58,126.95,123.25,96.76,85,94,92,7,5.6,0.15,6.32,6.14,1.02
CNNE,98.79,99.82,104.1,104.15,98.81,100.32,85,84,8,81,18.74,0.47,20.12,19.15,0.81
ROIV,98.77,98.77,98.01,102.24,102.24,93.61,85,13,11,5,12.92,1.0,11.59,11.19,1.51
KLIC,98.73,98.73,97.7,93.62,94.98,111.89,85,6,6,89,38.21,0.48,35.75,38.0,0.81
QSI,98.73,104.9,136.81,138.52,449.96,529.52,85,95,98,99,1.08,0.12,1.5,1.62,0.48
CLH,98.71,98.78,99.63,103.13,99.58,100.43,85,83,9,82,236.25,0.67,236.94,227.19,2.29
SSB,98.71,98.71,97.35,95.05,98.96,103.95,85,7,8,84,103.01,0.77,96.5,95.04,1.15
PDD,98.64,98.64,96.41,102.6,115.23,113.2,85,13,90,90,124.68,0.55,113.98,109.75,1.13
MAS,98.61,98.61,97.19,91.5,96.41,96.92,85,5,7,77,76.07,0.69,69.13,69.76,1.25
HTCR,98.61,98.61,89.3,68.11,176.43,223.88,85,1,97,98,1.12,0.29,0.6,0.97,1.26
OFG,98.59,98.59,100.19,101.53,100.06,98.62,85,12,9,80,44.8,0.91,43.72,41.69,0.69
FDUS,98.57,98.57,98.33,97.48,109.78,109.22,85,9,87,88,21.39,0.85,21.11,20.18,1.18
CBAN,98.52,98.52,97.7,98.75,104.84,104.87,85,9,13,85,17.1,0.84,16.83,16.15,0.69
RMTI,98.52,98.52,90.82,76.0,74.33,101.86,85,2,2,83,1.62,0.22,1.12,1.47,1.53
VIAV,98.5,98.5,96.33,95.67,116.41,115.59,85,7,90,90,11.66,0.77,10.53,10.41,0.76
HUBC,98.48,98.48,97.12,86.47,212.08,198.76,85,3,98,97,1.98,0.02,2.76,4.31,0.34
BBDC,98.47,98.47,98.13,97.47,104.69,100.78,85,8,13,82,9.39,0.84,9.2,8.85,0.95
CASI,98.43,98.43,93.1,80.21,79.7,78.7,85,2,2,2,2.34,0.18,1.72,2.28,0.02
RBCAA,98.43,98.43,100.13,105.12,105.88,109.45,85,85,84,88,76.83,0.95,73.42,69.33,0.42
FOX,98.43,98.43,98.58,105.44,117.79,116.77,85,85,91,91,55.97,1.0,51.95,48.87,0.8
FLNT,98.38,98.38,95.85,87.25,97.06,102.34,85,4,7,83,2.19,0.28,2.2,2.4,0.04
HESM,98.37,98.37,97.85,103.84,116.58,108.75,85,83,90,87,40.75,0.81,39.96,38.02,0.6
BANF,98.37,98.37,101.38,105.46,105.64,109.52,85,85,83,88,134.27,0.94,128.03,120.38,0.87
RNXT,98.35,100.34,118.41,121.95,114.01,128.97,85,93,89,93,1.24,0.61,1.18,1.17,2.19
CVLT,98.24,99.2,101.65,110.34,109.96,109.12,85,89,87,87,178.97,0.76,177.49,169.93,1.07
SPNT,98.2,99.3,109.9,126.27,126.11,102.58,85,94,93,83,18.77,0.73,18.99,16.97,1.09
BBCP,98.19,98.83,103.61,106.04,130.84,133.93,85,86,94,94,7.64,0.78,6.84,6.53,1.82
VALE,98.18,98.18,97.25,107.66,111.18,95.41,85,87,88,6,10.4,0.84,9.77,9.16,0.63
XIFR,98.12,98.12,96.21,90.62,81.78,81.52,85,5,3,2,10.39,0.13,9.49,11.06,0.85
MTG,98.11,98.11,99.24,108.17,107.84,95.59,84,87,86,7,28.4,0.99,26.82,25.16,0.77
BRSP,98.11,98.11,96.61,94.95,103.32,104.15,84,7,12,84,5.94,1.0,5.32,5.3,0.87
GSBC,98.1,98.1,97.07,99.37,100.23,103.69,84,10,9,84,63.49,0.87,60.24,58.26,0.48
NLOP,98.07,98.4,98.83,100.17,103.07,100.42,84,11,12,82,29.39,0.78,29.97,28.6,0.58
BNL,98.07,98.07,96.7,104.09,107.35,91.64,84,84,85,4,18.68,1.0,16.73,15.99,0.65
UE,98.05,98.05,96.89,93.93,96.05,100.96,84,6,7,82,21.2,0.74,19.64,19.53,0.72
TRU,98.02,98.35,101.52,101.72,95.84,99.99,84,12,7,81,90.02,0.54,91.06,89.61,1.12
NATH,98.02,98.68,101.96,116.18,124.03,104.52,84,91,92,85,105.0,0.75,103.77,95.02,0.35
RMBI,97.98,97.98,97.79,105.72,105.35,103.76,84,86,83,84,14.72,0.95,13.99,13.34,0.4
INO,97.96,97.96,93.47,99.22,92.27,76.91,84,10,5,2,2.79,0.27,1.74,2.1,0.63
QCRH,97.94,97.94,96.42,92.65,93.84,107.77,84,5,6,87,78.35,0.49,74.05,74.6,0.48
SPGI,97.93,98.05,98.08,101.21,103.54,98.99,84,12,12,80,538.06,0.8,539.48,512.24,0.83
TS,97.91,98.47,98.47,97.87,110.46,117.51,84,9,87,91,34.88,0.67,36.68,35.87,2.38
FOUR,97.88,99.33,105.16,105.47,112.14,120.43,84,85,88,92,87.59,0.28,96.24,96.78,0.82
CLST,97.88,97.88,97.43,103.14,104.85,99.53,84,83,13,81,13.1,0.98,12.55,11.91,0.17
ECL,97.84,98.18,98.46,104.07,107.91,98.82,84,84,86,80,273.56,0.8,272.12,255.55,1.03
DVN,97.83,97.83,96.85,98.0,101.84,89.55,84,9,11,3,34.76,0.53,33.62,33.58,1.21
LITM,97.78,97.78,96.09,146.96,2831.89,2005.07,84,96,99,99,3.76,0.09,4.03,5.64,0.41
BDSX,97.74,97.74,92.15,64.8,72.78,81.21,84,1,2,2,0.44,0.14,0.38,0.71,1.19
EGHT,97.73,97.73,95.85,90.53,117.39,137.98,84,5,91,95,2.07,0.26,1.95,2.23,0.73
ABBV,97.73,97.73,96.69,104.14,114.53,99.91,84,84,90,81,212.56,0.99,196.79,187.18,0.8
CJET,97.72,113.97,126.22,127.8,121.5,89.77,84,94,92,4,0.16,0.0,1.98,1.85,6.74
MURA,97.69,100.85,136.8,188.04,135.81,111.89,84,97,95,89,2.07,0.31,2.19,2.89,0.9
LANV,97.68,97.68,103.32,128.12,135.22,125.08,84,94,94,93,2.35,0.85,2.27,2.1,0.61
CLPR,97.67,97.67,96.47,98.41,101.5,106.27,84,9,10,86,4.41,0.37,3.84,3.95,0.59
WAFD,97.6,97.6,96.79,98.51,97.68,95.12,84,9,8,6,31.75,0.61,30.18,29.74,0.76
UPBD,97.58,97.58,98.33,100.08,92.43,100.3,84,11,5,81,25.4,0.42,24.45,25.68,0.95
DJCO,97.58,97.58,96.33,96.45,95.04,110.56,84,8,6,88,490.61,0.56,424.32,441.57,1.19
BREA,97.56,98.77,101.19,123.65,128.67,123.85,84,93,93,93,6.27,0.1,6.68,6.9,0.97
NTR,97.53,98.83,105.31,115.67,115.7,104.49,84,91,90,85,56.43,0.7,58.59,53.14,1.25
FDSB,97.52,97.52,96.77,102.39,106.8,110.9,84,13,84,89,13.97,1.0,13.16,12.61,0.16
VUZI,97.5,101.32,116.55,119.53,314.46,346.86,84,92,98,98,2.43,0.35,2.29,2.7,1.95
SAMG,97.47,97.47,96.82,91.71,104.16,106.42,84,5,12,86,15.82,0.42,16.37,16.43,0.79
APGE,97.45,97.48,102.52,106.11,104.93,101.42,84,86,13,82,37.87,0.28,38.59,39.57,0.6
RNAC,97.4,97.4,96.51,87.37,110.84,144.14,84,4,88,95,10.64,0.11,11.7,14.45,0.37
RPM,97.34,97.34,96.8,94.81,95.77,105.68,84,7,7,85,126.62,0.72,118.46,118.3,1.03
LITB,97.34,97.34,95.12,128.28,126.17,88.62,84,94,93,3,1.86,0.24,1.29,1.37,3.5
EDTK,97.3,97.3,95.52,99.8,106.74,101.65,84,11,84,82,1.04,0.61,0.98,1.0,1.43
WD,97.3,97.3,94.88,85.74,88.72,97.91,84,3,4,79,87.6,0.47,77.92,82.66,1.3
ACEL,97.28,97.55,102.32,104.82,103.15,97.05,84,85,12,78,11.47,0.56,11.88,11.29,0.69
BZFD,97.28,99.3,102.71,102.6,97.16,132.04,84,13,7,94,1.86,0.06,2.1,2.39,0.36
HUMA,97.26,104.06,124.79,117.23,88.5,92.86,84,92,4,5,1.43,0.06,2.08,2.9,0.54
TTWO,97.26,97.35,101.46,117.68,124.43,113.11,84,92,93,90,239.68,0.96,232.52,213.14,0.55
DBI,97.22,97.22,94.15,89.66,94.61,96.33,84,4,6,7,4.73,0.52,3.16,3.87,1.24
VRSN,97.19,97.72,104.69,125.01,129.79,114.14,84,93,93,90,280.09,0.81,277.35,246.15,0.78
VIVS,97.09,97.09,92.43,132.02,206.43,135.14,84,95,98,94,2.51,0.08,1.91,3.24,0.45
OCFC,97.07,97.07,96.97,99.32,98.43,106.41,84,10,8,86,18.34,0.64,17.7,17.37,1.09
TXNM,97.02,97.55,100.02,114.58,117.37,107.6,84,91,91,87,56.87,0.99,56.48,52.16,0.4
IMAX,97.01,97.01,102.0,108.68,109.57,111.47,84,88,87,89,29.78,1.0,27.03,25.8,1.18
UFCS,97.01,97.01,96.24,110.76,114.49,127.55,84,89,90,93,31.16,0.95,28.69,27.84,0.76
SKM,96.97,97.14,97.16,101.74,106.64,93.0,84,12,84,5,21.83,0.52,22.36,21.49,1.16
LPLA,96.96,98.52,106.53,109.03,124.29,132.58,84,88,92,94,332.99,0.66,370.52,350.18,2.03
INVA,96.96,97.48,97.9,108.26,105.41,94.58,84,87,83,6,20.48,0.72,19.6,18.81,1.12
CCCS,96.95,96.95,96.29,93.16,94.91,103.56,84,6,6,84,9.83,0.35,9.71,10.07,0.55
NRDS,96.93,97.74,106.51,106.07,97.62,114.4,84,86,8,90,10.68,0.35,10.58,11.29,1.47
EMBC,96.9,96.9,92.45,81.35,112.6,126.19,84,2,89,93,14.96,0.52,11.67,13.65,0.99
TOWN,96.89,96.89,96.48,100.01,104.09,102.13,84,11,12,83,36.36,0.83,35.8,34.53,2.99
GSBD,96.85,96.85,96.85,96.52,100.5,96.36,83,8,9,7,11.44,0.7,11.43,11.14,0.9
SBSI,96.8,96.8,95.79,95.43,96.25,98.19,83,7,7,79,30.99,0.53,30.07,29.74,0.69
MSN,96.8,96.8,95.92,96.44,110.88,100.82,83,8,88,82,0.41,0.38,0.41,0.43,0.25
ACNB,96.78,96.78,96.04,105.86,107.74,106.33,83,86,86,86,44.91,0.68,43.5,41.68,0.62
PSNY,96.78,96.78,97.67,105.67,107.39,89.24,83,86,85,3,1.01,0.16,1.1,1.08,1.66
AMOD,96.76,97.28,96.33,94.43,103.06,96.49,83,6,12,7,0.88,0.0,1.16,2.55,0.12
DAY,96.76,96.76,94.79,94.52,97.13,120.39,83,7,7,92,69.0,0.61,59.55,63.05,1.18
BROS,96.75,97.18,100.36,115.85,160.28,162.44,83,91,96,96,65.98,0.65,65.07,63.39,1.85
ITW,96.72,96.72,96.28,98.8,101.19,101.18,83,10,10,82,266.24,0.87,259.16,252.6,0.61
STRW,96.68,96.68,94.8,101.4,112.64,100.17,83,12,89,81,11.86,0.83,10.79,10.85,0.46
PBR,96.64,96.64,95.93,94.92,107.68,100.66,83,7,86,82,12.21,0.44,12.47,12.41,1.15
MLP,96.63,96.65,96.32,92.9,88.01,93.62,83,6,4,5,16.99,0.23,17.19,18.42,2.23
MTN,96.62,96.66,96.92,96.62,95.25,98.23,83,8,6,79,157.9,0.49,157.93,158.87,0.72
EC,96.59,96.59,96.34,108.91,124.16,107.84,83,88,92,87,9.08,0.76,8.87,8.47,0.71
SCWO,96.59,96.91,97.41,95.51,79.41,107.52,83,7,2,87,0.39,0.11,0.26,0.43,0.78
VNDA,96.55,96.55,96.11,98.84,104.03,95.19,83,10,12,6,4.61,0.45,4.63,4.59,0.68
JOB,96.54,97.21,97.97,95.12,101.8,96.48,83,7,11,7,0.19,0.1,0.2,0.21,0.62
LBTYA,96.44,96.44,94.32,88.58,90.41,84.82,83,4,4,2,11.88,0.23,10.7,11.15,0.81
MFIC,96.41,96.52,96.88,98.11,102.59,101.31,83,9,11,82,13.03,0.77,12.91,12.61,1.36
PKG,96.41,96.41,95.36,92.87,95.05,106.01,83,6,6,86,220.25,0.65,202.46,205.56,1.16
BLTE,96.4,96.67,97.97,111.88,112.49,129.33,83,89,89,93,65.74,0.52,63.82,62.61,0.47
CDLR,96.39,96.79,96.79,103.76,102.5,96.68,83,83,11,7,20.97,0.32,20.85,20.87,1.2
ONB,96.32,96.32,96.56,99.09,111.61,114.43,83,10,88,90,22.82,0.82,21.91,21.51,0.72
VEL,96.3,96.3,95.16,95.06,99.9,96.28,83,7,9,7,19.14,0.64,18.17,18.48,1.08
HIW,96.28,96.28,98.79,103.96,103.73,96.97,83,84,12,78,31.85,0.77,29.87,28.88,0.97
TPVG,96.27,96.63,100.37,100.16,107.19,109.63,83,11,85,88,6.83,0.67,6.81,6.77,0.69
FRME,96.26,96.26,95.16,95.37,105.17,108.39,83,7,13,87,41.01,0.71,39.55,39.21,0.64
NTCT,96.26,96.26,98.38,103.43,104.98,105.17,83,83,13,85,24.86,0.95,23.08,22.44,0.87
FTS,96.24,96.39,96.67,112.95,115.18,95.66,83,90,90,7,49.23,0.86,48.69,45.32,0.69
CDZIP,96.24,96.24,94.69,105.09,118.24,113.85,83,85,91,90,19.0,0.93,17.71,16.95,1.27
DSX,96.24,96.24,95.94,91.87,90.84,88.83,83,5,5,3,1.67,0.3,1.57,1.66,0.95
ADUS,96.23,96.51,98.04,103.27,96.5,94.79,83,83,7,6,113.22,0.51,112.09,112.44,0.55
LEGH,96.23,96.23,93.81,97.73,105.56,95.54,83,9,83,6,28.06,0.89,24.66,24.63,1.84
SVIIU,96.19,96.62,96.62,104.48,107.08,97.98,83,84,85,79,11.81,0.36,12.23,11.71,0.0
ICFI,96.18,96.18,94.69,88.42,82.89,90.74,83,4,3,4,95.21,0.18,90.94,98.85,0.63
AMWL,96.17,96.18,96.85,96.15,114.02,114.8,83,8,89,90,6.98,0.13,7.7,8.2,0.69
RDI,96.16,96.16,95.5,99.23,102.8,98.97,83,10,11,80,1.49,0.46,1.37,1.39,0.42
PEP,96.1,96.1,94.86,94.39,100.62,88.7,83,6,10,3,146.39,0.45,141.14,141.46,0.77
JBS,96.07,96.07,94.62,102.81,105.28,96.83,83,48,48,42,16.07,0.87,14.32,14.25,0.9
LNT,96.06,96.06,95.77,105.32,110.25,98.82,83,85,87,80,64.62,0.81,63.95,61.09,0.83
RTO,96.05,96.05,95.95,99.96,100.24,94.82,83,11,9,6,25.55,0.53,24.0,23.68,0.54
VCICU,96.01,96.01,95.94,104.45,107.23,98.35,83,84,85,79,10.9,0.5,10.85,10.4,0.0
OBT,96.0,96.0,99.83,101.82,99.23,100.03,83,12,9,81,26.75,0.54,26.15,25.75,0.38
VYGR,95.98,95.98,93.73,83.55,82.65,101.98,83,3,3,83,4.24,0.28,3.35,4.12,1.88
SMBC,95.94,95.94,95.0,96.35,96.87,106.37,83,8,7,86,57.36,0.54,55.64,55.61,0.45
TBLA,95.94,97.19,104.41,107.67,105.18,109.86,83,87,13,88,3.37,0.48,3.42,3.42,0.83
PAY,95.92,96.38,100.74,123.46,122.35,145.84,83,93,92,95,36.88,0.85,33.02,32.48,1.39
RYI,95.88,95.88,95.36,105.16,117.85,117.27,83,85,91,91,23.5,0.78,22.2,21.83,0.81
TDG,95.88,96.99,102.32,109.57,110.5,98.88,83,88,87,80,1271.04,0.34,1391.81,1292.46,1.5
PSBD,95.82,95.95,96.35,95.29,99.19,97.5,83,7,9,78,13.81,0.62,13.96,13.94,0.78
APO,95.81,95.9,97.56,97.88,108.03,131.75,83,9,86,94,131.55,0.37,142.23,146.43,1.45
BWBBP,95.78,95.78,95.46,101.92,104.77,98.31,83,12,13,79,19.61,0.68,19.15,18.52,1.7
AME,95.76,95.76,96.27,98.57,100.37,104.49,83,9,9,85,187.45,0.8,182.51,179.81,0.82
TCOM,95.76,95.76,94.68,101.13,109.11,129.36,83,12,86,93,72.79,0.92,63.35,63.73,1.45
RHP,95.75,95.75,98.84,99.7,97.09,104.96,83,10,7,85,100.78,0.62,98.36,98.0,0.87
OABI,95.73,95.73,93.74,76.39,88.09,95.82,83,2,4,7,1.71,0.13,1.89,2.54,0.57
ACR,95.68,95.68,94.26,108.39,125.61,111.1,83,87,93,89,21.26,0.73,19.23,18.69,0.25
COR,95.66,95.92,98.89,118.66,120.19,99.97,83,92,91,81,292.5,0.87,292.67,269.32,0.82
NVEC,95.6,96.61,104.22,106.39,96.82,100.18,82,86,7,81,66.72,0.47,67.98,68.36,0.67
AFG,95.57,95.57,94.53,102.17,103.08,100.25,82,12,12,81,138.65,0.81,129.07,127.72,1.08
GBFH,95.56,95.64,100.47,115.6,139.16,149.83,82,91,95,96,39.34,0.81,39.01,37.48,0.92
KR,95.5,95.56,96.5,113.96,120.18,106.66,82,90,91,86,67.75,0.74,70.53,65.83,0.88
LBTYK,95.5,95.5,93.35,88.29,90.85,85.42,82,4,5,2,12.09,0.22,10.92,11.49,0.59
APD,95.48,95.48,95.32,93.81,102.25,108.31,82,6,11,87,289.86,0.49,291.17,292.1,0.59
TPET,95.47,95.47,94.95,103.14,168.44,113.04,82,83,97,90,1.13,0.09,1.18,1.31,0.15
IRS,95.47,96.46,99.99,107.99,111.16,127.95,82,87,88,93,14.33,0.54,14.93,14.67,1.42
PRTC,95.45,97.44,98.33,102.31,100.74,99.43,82,13,10,80,16.23,0.28,18.08,18.47,1.87
FFBC,95.43,95.43,94.23,93.72,100.97,106.06,82,6,10,86,26.38,0.62,24.89,25.2,0.74
KIM,95.4,95.4,94.67,97.99,98.33,98.32,82,9,8,79,22.76,0.7,21.36,21.34,0.88
CFBK,95.38,95.45,96.85,100.07,99.85,113.89,82,11,9,90,24.74,0.54,24.13,23.84,2.85
LNN,95.37,95.68,98.7,107.16,108.4,103.99,82,87,86,84,140.48,0.8,139.0,132.3,0.52
MIAX,95.34,95.34,93.86,102.81,105.28,96.83,82,48,48,42,34.95,0.62,34.07,34.07,0.29
HNI,95.28,95.69,102.23,102.77,96.84,99.07,82,13,7,80,46.72,0.43,47.77,47.21,1.0
HWBK,95.27,95.27,94.29,100.77,114.69,119.53,82,11,90,92,31.39,0.74,29.85,29.72,0.17
SMA,95.25,95.48,99.73,109.69,109.78,96.83,82,88,87,42,37.34,1.0,35.7,35.16,0.6
MSBI,95.25,95.25,94.05,93.93,88.48,107.63,82,6,4,87,18.14,0.3,17.79,18.91,0.93
HSPOU,95.24,95.33,95.33,103.49,107.25,99.42,82,83,85,80,12.21,0.67,12.21,11.82,0.0
WK,95.23,95.23,93.29,83.68,111.32,125.11,82,3,88,93,79.93,0.34,72.56,82.72,1.14
KAI,95.21,95.24,95.14,92.48,102.37,112.62,82,5,11,89,326.95,0.3,331.38,343.17,0.77
WSBC,95.18,95.18,95.48,96.76,103.73,106.13,82,8,12,86,32.28,0.63,31.52,31.48,0.61
CPBI,95.16,95.16,94.3,104.21,107.99,112.62,82,84,86,89,16.27,1.0,15.26,14.84,0.0
FFIN,95.15,95.15,95.44,97.81,99.15,104.1,82,9,8,84,36.73,0.5,36.26,36.22,0.81
NRP,95.14,95.14,94.53,103.5,106.46,109.93,82,83,84,88,102.45,0.8,100.54,100.06,1.35
GRVY,95.12,95.25,97.46,106.08,105.34,100.43,82,86,83,82,63.89,0.7,64.02,62.36,3.14
STBA,95.11,95.11,94.75,98.51,101.08,95.3,82,9,10,6,39.58,0.68,38.08,37.69,0.83
UGRO,95.1,95.1,86.77,68.28,66.79,103.29,82,1,1,84,0.49,0.12,0.39,0.65,0.14
IRDM,95.1,95.68,99.93,101.67,102.71,102.22,82,12,11,83,25.12,0.31,27.24,27.62,1.04
DUK,95.05,95.05,94.81,108.3,113.67,96.15,82,87,89,7,120.61,0.81,120.21,114.67,0.67
BVFL,95.03,95.03,94.08,100.79,101.74,106.66,82,11,10,86,16.7,0.69,15.99,15.8,0.21
OC,95.02,95.02,93.75,89.12,93.19,110.75,82,4,5,89,155.59,0.36,145.73,155.26,1.43
NABL,95.02,95.39,98.41,98.17,87.04,85.88,82,9,3,2,7.9,0.25,7.95,8.41,0.91
HFWA,95.0,95.0,95.2,99.92,102.79,109.49,82,11,11,88,24.8,0.74,23.94,23.66,1.41
OMCC,94.99,94.99,94.35,97.14,107.32,101.97,82,8,85,83,5.9,0.58,5.82,5.95,1.24
AMP,94.98,95.4,98.26,99.5,102.02,113.14,82,10,11,90,489.28,0.46,519.32,515.46,1.58
ECBK,94.98,94.98,94.95,112.44,114.61,100.8,82,90,90,82,16.79,0.9,16.23,15.37,0.15
BOTJ,94.97,94.97,94.18,108.28,108.37,103.33,82,87,86,84,15.49,0.89,14.26,14.05,1.31
TG,94.94,96.43,105.94,110.37,109.33,115.86,82,89,87,91,7.84,0.56,8.36,7.94,0.8
IPWR,94.92,94.92,93.63,95.17,95.12,95.92,82,7,6,7,5.11,0.26,5.06,5.6,0.35
PCAR,94.88,94.88,94.4,93.46,101.06,108.38,82,6,10,87,99.05,0.47,97.89,99.73,0.74
UMC,94.88,96.07,105.75,116.85,117.36,84.2,82,91,91,2,6.8,0.49,7.12,6.61,0.7
PPL,94.86,94.86,94.42,107.75,113.55,99.82,82,87,89,81,35.96,0.8,35.74,34.25,0.63
DGX,94.86,94.86,94.63,109.44,115.31,101.61,82,88,90,82,183.49,0.98,175.07,167.56,0.52
WES,94.84,94.84,95.68,102.76,109.17,104.8,82,13,87,85,38.04,0.67,38.73,37.77,1.53
SUZ,94.83,94.87,94.3,95.02,100.34,101.78,82,7,9,83,9.63,0.49,9.48,9.64,0.68
LII,94.82,94.99,97.02,97.87,99.21,103.95,82,9,9,84,578.05,0.43,597.32,593.77,1.18
XEL,94.79,94.79,94.42,106.93,111.07,100.98,82,87,88,82,72.68,0.88,71.39,68.79,1.84
NWBI,94.75,94.75,96.8,99.75,98.96,99.63,82,10,8,81,12.71,0.57,12.48,12.35,0.93
TTD,94.74,97.88,118.97,117.39,86.75,113.2,82,92,3,90,52.07,0.07,69.46,83.17,0.73
BFST,94.73,94.73,94.69,95.76,99.97,104.81,82,7,9,85,25.16,0.49,24.81,24.89,0.62
SFNC,94.73,94.73,93.39,91.87,96.01,107.1,82,5,7,86,20.88,0.49,19.89,20.43,0.39
CCNEP,94.73,94.76,94.84,103.38,105.44,99.14,82,83,83,80,24.95,0.99,24.53,23.87,0.23
FSEA,94.72,94.72,95.53,111.54,118.08,108.47,82,89,91,87,11.68,0.98,11.42,10.8,1.71
SIBN,94.71,96.59,112.07,113.0,119.9,118.04,82,90,91,91,16.29,0.54,16.91,15.99,0.59
AGNCM,94.69,94.69,94.49,103.04,105.85,99.55,82,83,83,81,25.0,0.87,25.01,24.24,3.78
SLG,94.67,94.87,98.49,99.43,92.17,110.1,82,10,5,88,61.99,0.49,58.09,60.36,1.17
APLM,94.67,96.72,100.16,99.96,107.05,113.09,82,11,85,90,5.16,0.08,5.85,7.31,0.9
REAX,94.66,94.66,92.08,92.96,102.28,93.32,81,6,11,5,5.25,0.53,4.39,4.57,2.52
MWA,94.64,94.64,93.78,108.71,119.28,111.59,81,88,91,89,26.78,0.85,25.45,24.85,0.54
HHH,94.64,94.64,93.24,95.17,98.33,101.95,81,7,8,83,78.88,0.66,71.33,73.28,0.97
CACC,94.64,94.64,95.26,104.69,110.93,105.8,81,85,88,85,522.61,0.83,501.49,492.08,0.64
HOMB,94.64,94.64,95.13,100.21,102.63,105.56,81,11,11,85,29.86,0.76,28.87,28.54,1.1
HCI,94.64,94.65,98.78,130.52,132.12,108.52,81,94,94,87,170.56,0.95,149.74,137.98,1.19
LOPE,94.62,94.62,94.47,111.74,113.77,115.59,81,89,89,90,204.28,0.98,185.61,178.69,0.66
STGW,94.61,94.61,91.08,86.12,93.93,100.87,81,3,6,82,5.57,0.36,5.23,5.83,0.63
NTRA,94.55,94.61,94.35,104.86,118.74,129.75,81,85,91,93,168.02,0.86,154.48,158.12,0.57
DCBO,94.49,94.49,92.91,84.91,88.46,108.12,81,3,4,87,31.18,0.21,30.29,34.74,1.96
CNP,94.49,94.54,95.6,116.81,121.21,106.68,81,91,92,86,37.78,0.91,37.37,34.94,0.99
BYND,94.47,97.7,104.16,102.81,81.2,90.73,81,48,2,4,2.46,0.04,3.08,3.4,0.6
RSSS,94.45,94.45,92.63,94.31,121.31,131.4,81,6,92,94,3.32,0.54,2.87,3.11,0.54
SYK,94.45,94.46,96.61,102.15,104.69,100.68,81,12,13,82,392.31,0.83,389.56,379.16,0.9
BRC,94.44,94.44,92.95,100.78,102.07,97.58,81,11,11,78,81.96,0.96,71.82,71.47,1.11
IAC,94.43,94.43,98.67,103.97,107.17,93.22,81,84,85,5,37.19,0.36,37.83,36.87,1.4
HAL,94.42,94.42,93.12,88.77,93.21,97.41,81,4,5,78,22.1,0.26,21.54,23.63,0.86
RVLV,94.41,94.41,93.83,88.69,107.61,136.24,81,4,85,95,23.84,0.31,21.3,25.11,0.9
RSKD,94.41,95.59,100.61,100.92,108.92,108.89,81,12,86,87,4.63,0.3,5.01,4.91,0.46
YXT,94.4,94.91,98.31,96.66,80.28,82.07,81,8,2,2,0.82,0.05,0.85,1.3,0.35
BSX,94.39,94.39,96.65,107.11,114.71,110.86,81,87,90,89,107.22,0.98,104.81,100.14,0.59
MAT,94.33,94.48,99.9,100.73,108.69,102.64,81,11,86,83,18.82,0.58,18.6,18.71,0.64
WAB,94.32,95.24,101.37,105.15,104.33,109.37,81,85,13,88,193.18,0.61,199.59,194.13,1.19
AEE,94.29,94.29,94.01,106.93,114.73,104.63,81,87,90,85,100.63,0.88,99.35,95.73,0.99
PED,94.27,94.74,98.34,96.76,94.0,97.57,81,8,6,78,0.62,0.21,0.62,0.69,0.29
AXGN,94.24,94.24,89.71,87.48,131.06,128.73,81,4,94,93,15.98,0.62,13.46,14.94,0.72
DTE,94.23,94.24,94.61,111.22,116.42,99.11,81,89,90,80,136.6,0.82,136.71,129.8,0.75
RYN,94.2,94.2,92.83,96.54,101.59,95.02,81,8,10,6,26.75,0.62,24.65,25.25,0.71
DAAQU,94.14,94.78,96.29,104.39,105.3,96.83,81,84,83,42,10.52,0.3,10.74,10.71,0.11
IOR,94.12,94.53,96.7,107.24,107.66,102.16,81,87,85,83,18.2,0.63,18.56,17.93,0.0
MBAV,94.11,95.71,99.35,109.68,107.81,97.65,81,88,86,78,10.53,0.15,10.77,10.52,0.25
TM,94.11,94.11,93.68,106.92,108.15,102.52,81,86,86,83,199.62,0.96,184.17,181.34,0.53
GPN,94.11,94.11,92.38,85.66,96.95,102.54,81,3,7,83,87.78,0.4,83.38,93.08,0.6
QETA,94.1,94.1,93.86,103.78,106.81,98.28,81,83,84,79,11.19,1.0,11.08,10.77,0.0
JBHT,94.1,94.1,93.79,93.6,93.38,100.47,81,6,5,82,143.73,0.28,146.26,153.73,0.84
FBYD,94.07,94.13,92.9,122.17,142.18,97.73,81,93,95,79,6.39,0.35,6.73,7.14,1.21
MG,94.05,94.05,91.19,94.21,109.99,95.55,81,6,87,6,9.73,0.49,8.58,9.0,0.75
CHWY,94.02,95.93,104.2,118.74,116.79,120.92,81,92,90,92,42.33,0.73,38.92,37.35,1.09
GEHC,94.02,94.02,93.73,93.03,103.08,97.97,81,6,12,79,75.73,0.49,74.25,77.34,0.84
TXMD,94.02,94.22,113.18,138.47,133.4,86.42,81,95,94,3,1.08,0.33,1.14,1.13,0.8
FDX,94.02,94.02,93.65,92.16,93.44,97.53,81,5,5,78,227.72,0.3,230.32,242.3,0.84
BACQU,94.01,94.01,94.56,105.08,106.86,97.93,81,85,84,79,10.75,1.0,10.66,10.33,0.0
LPX,93.99,93.99,93.38,91.22,100.02,109.4,81,5,9,88,99.02,0.48,92.4,97.58,1.17
OBDC,93.99,94.09,95.7,101.89,104.62,101.06,81,12,13,82,14.34,0.75,14.4,14.12,0.76
GSRT,93.98,94.46,97.09,106.06,107.02,97.31,81,86,85,78,10.35,0.34,10.62,10.29,0.56
ORI,93.96,93.96,93.18,108.72,113.71,102.66,81,88,89,83,40.45,0.96,37.59,36.43,0.81
CAAS,93.95,93.95,95.26,102.17,107.76,115.8,81,12,86,91,4.44,0.55,4.15,4.18,1.79
IP,93.95,93.95,93.77,94.42,103.32,111.51,81,6,12,89,48.69,0.37,49.24,50.57,0.6
MRK,93.95,93.95,92.86,90.59,93.13,87.84,81,5,5,3,84.71,0.28,82.46,86.56,1.0
AGNCN,93.9,93.9,93.87,104.58,107.2,99.46,81,84,85,81,25.8,0.96,25.59,24.84,0.49
NREF,93.9,93.9,93.33,100.35,102.66,100.86,81,11,11,82,15.39,0.79,14.36,14.53,0.64
EQT,93.9,94.9,102.07,115.8,124.9,128.13,81,91,93,93,51.6,0.7,53.56,51.25,0.6
FMC,93.86,94.86,96.54,98.46,97.18,94.19,81,9,7,5,37.78,0.14,40.24,42.7,1.1
STRS,93.85,93.85,97.74,101.75,99.58,95.23,81,12,9,6,19.18,0.3,18.05,19.32,0.45
CARR,93.85,95.26,104.64,107.29,105.57,101.8,81,87,83,83,65.51,0.39,70.57,68.5,1.01
UTZ,93.84,93.87,93.87,95.96,96.19,91.31,81,8,7,4,13.85,0.34,13.42,13.85,0.55
MOFG,93.84,93.84,93.55,98.54,102.34,104.27,81,9,11,84,29.83,0.62,28.94,29.11,1.15
LPBBU,93.82,93.84,94.6,105.52,107.56,97.87,80,85,85,79,10.68,1.0,10.68,10.33,
AAT,93.74,93.74,93.15,92.12,88.45,98.07,80,5,4,79,20.92,0.41,19.7,20.98,0.84
TAK,93.72,93.72,93.83,111.54,116.77,95.58,80,89,90,6,15.4,0.96,14.82,14.2,0.86
COLAU,93.68,93.68,93.81,105.64,107.5,97.3,80,86,85,78,10.75,1.0,10.62,10.38,0.0
FGMCU,93.67,93.68,93.7,103.22,104.79,96.74,80,83,13,7,10.2,0.91,10.15,9.95,0.03
UTHR,93.61,93.61,90.66,92.85,94.92,99.2,80,5,6,80,400.52,0.93,307.07,324.66,1.35
VINP,93.61,93.61,92.98,102.81,105.05,97.9,80,48,13,79,10.15,0.88,9.66,9.6,0.33
VNO,93.6,93.6,96.9,98.94,101.95,114.06,80,10,11,90,41.29,0.72,38.14,39.19,1.62
WASH,93.6,93.6,92.23,94.34,97.63,107.04,80,6,8,86,29.99,0.36,28.65,29.49,1.18
ESLA,93.6,93.6,94.12,105.12,131.48,134.44,80,85,94,94,1.05,0.42,0.91,1.02,1.27
TCBS,93.58,93.61,93.6,104.34,111.1,102.64,80,84,88,83,16.13,0.72,16.09,15.72,0.0
LOKV,93.55,93.95,95.28,104.07,105.61,96.83,80,84,83,42,10.18,0.28,10.35,10.29,0.06
PYPL,93.55,94.12,97.9,99.01,98.78,111.46,80,10,8,89,68.26,0.32,71.67,74.97,0.73
NHI,93.54,93.54,92.52,108.41,111.49,89.8,80,87,88,4,78.4,0.84,73.17,71.31,0.82
FIZZ,93.54,95.04,97.57,107.04,106.99,97.53,80,87,85,78,40.01,0.1,44.99,43.88,1.47
WAFDP,93.53,93.53,92.51,100.35,102.17,97.13,80,11,11,78,17.32,0.67,16.26,16.13,3.34
IFRX,93.53,93.53,89.75,95.1,123.63,150.85,80,7,92,96,1.65,0.47,0.95,1.52,1.5
SCI,93.53,93.63,93.65,102.17,104.81,99.81,80,12,13,81,77.82,0.35,79.6,79.28,0.99
DMAAU,93.52,93.52,93.34,104.57,107.02,97.34,80,84,85,78,10.6,1.0,10.46,10.23,
RDACU,93.52,93.52,93.28,103.52,106.53,98.47,80,83,84,80,10.65,1.0,10.56,10.32,0.0
ATPC,93.52,95.12,118.71,197.07,199.01,99.08,80,98,97,80,1.29,0.24,1.34,1.42,0.55
JBLU,93.52,93.52,92.84,90.89,114.17,117.94,80,5,89,91,5.08,0.35,4.68,5.53,1.76
OPRA,93.49,93.8,100.69,104.24,112.26,121.19,80,84,88,92,17.82,0.56,17.3,17.56,1.34
WEC,93.44,93.44,93.62,110.07,116.32,101.1,80,88,90,82,107.79,0.87,106.77,102.43,0.8
NWFL,93.41,93.41,94.82,101.01,101.12,105.1,80,12,10,85,26.8,0.56,25.2,25.43,0.6
VZ,93.38,93.38,93.2,110.35,114.86,97.34,80,89,90,78,44.38,0.92,43.01,41.57,0.75
FGMC,93.38,93.39,93.41,103.41,104.95,96.59,80,83,13,7,9.99,0.98,9.93,9.76,0.18
EDU,93.34,93.34,93.75,97.34,95.8,98.15,80,8,7,79,48.82,0.19,48.55,50.9,0.55
CON,93.31,93.31,92.29,101.95,109.09,100.92,80,12,86,82,23.09,0.82,21.28,21.34,1.26
TRI,93.3,94.56,103.48,112.29,113.64,99.85,80,90,89,81,174.64,0.36,190.38,178.21,0.59
BLKB,93.3,93.3,92.67,91.06,89.96,95.93,80,5,4,7,66.6,0.27,64.9,68.4,0.87
FSFG,93.3,93.3,94.95,107.59,108.72,108.6,80,87,86,87,27.03,0.62,26.24,25.88,0.24
ENFY,93.29,93.29,91.26,93.55,106.01,110.24,80,6,84,88,1.03,0.15,1.03,1.13,0.02
WABC,93.27,93.27,93.03,99.52,101.19,103.8,80,10,10,84,49.53,0.47,49.3,49.56,1.08
CLDT,93.26,93.26,92.44,91.27,98.61,103.42,80,5,8,84,7.41,0.39,7.19,7.65,0.68
FRMEP,93.25,93.25,93.35,104.95,106.64,98.19,80,85,84,79,25.84,1.0,25.2,24.65,0.0
FSUN,93.23,93.23,92.04,93.71,101.92,101.16,80,6,11,82,38.42,0.52,37.07,37.65,0.57
FORL,93.22,93.22,93.01,104.24,107.07,98.13,80,84,85,79,11.73,1.0,11.59,11.34,0.0
RLJ,93.22,93.22,92.2,90.31,101.6,104.64,80,5,10,85,7.88,0.43,7.52,8.17,1.53
EML,93.16,93.16,92.24,91.79,97.01,94.18,80,5,7,5,23.96,0.34,23.19,24.78,0.47
LPAAU,93.16,93.26,93.59,104.39,106.96,98.26,80,84,85,79,10.55,0.74,10.56,10.32,0.0
SBGI,93.15,93.15,92.54,104.13,105.71,117.08,80,84,83,91,13.84,0.37,14.12,14.44,0.58
INBK,93.14,93.14,92.13,91.83,89.7,108.05,80,5,4,87,24.43,0.19,25.01,28.65,0.3
RAAQU,93.11,93.18,93.16,102.82,105.2,96.83,80,82,13,42,10.31,0.57,10.35,10.28,0.0
WERN,93.11,93.11,92.17,88.1,90.48,100.17,80,4,4,81,28.61,0.24,28.22,30.96,0.67
TGS,93.1,93.56,98.82,110.26,115.53,131.71,80,89,90,94,26.44,0.54,27.27,27.74,1.32
AMPH,93.09,93.09,91.03,81.63,78.87,96.71,80,2,2,7,29.42,0.27,25.06,29.76,0.76
GSHRU,93.09,93.1,93.38,103.51,105.48,96.83,80,83,83,42,10.3,0.59,10.33,10.2,0.0
AWK,93.08,93.08,93.03,113.62,118.19,91.34,80,90,91,4,143.6,0.79,141.97,136.45,0.59
SHW,93.08,93.08,92.85,101.88,102.77,97.74,80,12,11,79,372.43,0.71,351.71,351.56,1.62
VLGEA,93.06,93.43,97.01,116.09,116.22,103.15,80,91,90,84,37.2,0.83,36.35,34.57,0.38
MTLS,93.03,94.09,97.59,100.19,121.45,139.18,80,11,92,95,4.95,0.14,5.37,6.08,0.85
WSBCP,93.01,93.01,93.37,104.39,106.69,98.78,80,84,84,80,25.17,0.99,25.06,24.51,1.33
POLEU,93.0,93.14,93.7,104.63,107.08,97.95,80,84,85,79,10.49,0.95,10.52,10.28,0.0
MPLX,92.99,93.02,93.58,105.76,115.8,111.17,80,86,90,89,50.51,0.84,50.24,49.27,1.01
BBWI,92.98,92.98,93.24,94.67,118.56,120.76,80,7,91,92,29.41,0.28,30.5,32.13,1.85
FATBB,92.95,92.95,91.53,92.89,122.09,121.02,80,6,92,92,2.6,0.16,2.62,2.9,0.08
TRNS,92.94,93.23,94.83,102.06,97.48,89.03,79,12,7,3,78.18,0.14,82.94,86.38,1.86
WKC,92.94,93.15,97.44,99.11,103.55,98.22,79,10,12,79,26.62,0.47,27.31,27.26,5.17
FACTU,92.91,92.98,92.98,104.6,107.12,97.47,79,84,85,78,10.4,0.57,10.38,10.18,0.0
ERII,92.9,92.9,91.19,96.82,107.14,109.49,79,8,85,88,14.42,0.36,13.75,14.46,0.78
MBINN,92.89,92.89,92.41,97.17,101.62,99.79,79,8,10,81,20.58,0.49,20.02,20.25,1.72
SND,92.88,92.88,92.06,96.76,110.85,112.32,79,8,88,89,1.9,0.24,1.91,2.05,1.27
NETD,92.87,92.87,92.71,104.16,106.95,98.4,79,84,85,80,11.29,0.97,11.21,10.99,0.0
GIGGU,92.86,92.88,93.48,105.36,107.54,97.68,79,85,85,79,10.48,0.46,10.51,10.28,0.0
HEPS,92.85,92.85,92.0,90.94,119.7,134.58,79,5,91,94,2.81,0.43,2.75,2.94,0.34
MET,92.84,92.84,93.04,99.39,102.88,103.76,79,10,11,84,79.51,0.64,77.95,79.18,1.56
PLMKU,92.83,92.88,93.4,104.24,106.29,97.01,79,84,84,78,10.36,0.35,10.36,10.23,0.0
ALL,92.82,93.0,93.41,109.4,110.65,98.0,79,88,87,79,201.53,0.68,199.68,196.18,0.93
BLND,92.82,92.82,95.18,99.74,98.86,122.02,79,10,8,92,4.03,0.5,3.41,3.7,3.02
VRM,92.82,92.82,91.69,107.67,113.83,95.54,79,87,89,6,26.95,0.28,27.74,28.75,0.1
MACI,92.79,92.81,93.26,104.49,106.88,97.99,79,84,85,79,10.52,0.95,10.51,10.29,0.0
CASH,92.77,92.78,96.5,103.97,105.0,107.96,79,84,13,87,76.4,0.6,78.71,77.43,0.94
SVCCU,92.77,92.78,93.66,104.68,106.87,97.12,79,85,85,78,10.31,0.23,10.38,10.25,0.0
ESHA,92.73,92.73,92.55,104.09,106.74,99.29,79,84,84,80,11.18,0.49,11.11,10.94,4.55
ALDF,92.7,92.82,94.25,105.56,107.0,97.55,79,85,85,78,10.44,0.84,10.43,10.22,6.25
EVO,92.69,94.49,102.58,109.43,113.42,132.3,79,88,89,94,3.48,0.22,3.9,4.09,1.24
EQV,92.68,92.89,94.38,105.22,106.62,97.54,79,85,84,78,10.37,0.63,10.42,10.2,0.13
LUXE,92.68,92.68,97.08,106.07,163.37,178.22,79,86,97,97,9.48,0.67,8.12,8.33,0.83
GRAF,92.67,92.7,93.36,104.62,106.74,97.83,79,84,84,79,10.49,0.93,10.48,10.28,0.01
FERA,92.65,92.72,93.41,103.86,105.56,96.83,79,83,83,42,10.13,0.84,10.16,10.1,0.02
TVACU,92.65,92.67,92.9,103.31,105.34,96.83,79,83,83,42,10.23,0.77,10.22,10.16,0.0
AFJK,92.63,92.63,93.08,105.17,108.02,99.04,79,85,86,80,11.25,0.94,11.21,10.97,0.0
IMDX,92.61,93.59,100.42,131.5,142.55,85.19,79,95,95,2,2.48,0.23,2.73,2.75,0.32
IVT,92.61,92.61,91.7,98.78,101.95,98.08,79,9,11,79,29.96,0.88,27.92,28.43,0.64
ABT,92.6,92.64,93.87,108.3,117.74,105.51,79,87,91,85,132.94,0.79,130.58,126.74,0.51
AMRK,92.6,92.6,90.54,86.58,93.77,77.21,79,4,6,2,23.84,0.16,22.6,24.58,1.04
DT,92.59,93.52,100.32,100.76,104.09,104.12,79,11,12,84,50.0,0.41,51.52,52.54,1.24
LOVE,92.59,92.59,93.54,101.17,91.17,133.34,79,12,5,94,20.41,0.3,18.76,21.74,1.25
ASPCU,92.58,92.58,92.82,104.11,106.57,97.96,79,84,84,79,10.99,1.0,10.39,10.23,0.0
CCM,92.57,95.65,123.18,152.23,147.73,98.33,79,96,96,79,5.5,0.34,5.41,5.35,0.3
FYBR,92.56,92.56,92.84,104.74,107.23,97.69,79,85,85,79,37.26,1.0,36.79,35.99,2.1
KVACU,92.54,92.54,92.78,104.77,108.06,103.1,79,85,86,84,11.44,0.28,11.42,11.22,0.0
RANG,92.53,92.58,93.1,104.23,106.52,97.13,79,84,84,78,10.25,0.62,10.25,10.13,0.07
TDACU,92.52,92.52,93.09,104.39,106.68,97.35,79,84,84,78,10.4,0.76,10.39,10.23,0.0
SIMA,92.51,92.55,93.14,104.63,106.82,97.8,79,84,84,79,10.45,0.98,10.43,10.24,2.73
ALF,92.5,92.55,93.42,104.96,106.9,97.99,79,85,85,79,10.52,0.82,10.52,10.32,0.02
CLBK,92.48,92.48,91.91,95.65,97.42,96.8,79,7,7,7,15.01,0.32,14.73,15.2,0.98
QETAU,92.46,92.46,92.29,102.79,105.75,98.08,79,13,83,79,10.84,0.42,10.84,10.72,
BTMD,92.46,92.47,101.65,101.49,91.78,105.24,79,12,5,85,3.46,0.16,3.73,4.42,0.89
UYSCU,92.46,92.48,92.72,103.49,105.48,96.83,79,83,83,42,10.3,0.83,10.28,10.2,0.0
MBINM,92.46,92.46,92.19,102.58,105.49,98.85,79,13,83,80,25.39,1.0,25.16,24.94,0.72
HYAC,92.45,92.45,92.57,104.51,107.08,97.97,79,84,85,79,11.22,1.0,11.15,10.97,0.0
LND,92.44,92.44,92.13,103.91,104.48,87.65,79,83,13,3,3.99,0.42,3.8,3.8,0.44
MFC,92.43,92.95,96.61,107.59,107.93,105.35,79,87,86,85,30.66,0.71,30.76,30.4,0.77
SOUL,92.43,92.43,92.32,102.85,105.28,96.83,79,82,48,42,10.05,0.74,10.07,10.04,0.04
CUB,92.42,92.49,93.22,104.88,106.9,97.89,79,85,85,79,10.5,0.91,10.49,10.3,0.02
VACH,92.41,92.43,92.84,104.49,106.82,97.6,79,84,84,78,10.42,0.94,10.41,10.23,0.38
NOEM,92.41,92.41,92.56,103.96,106.21,97.09,79,84,84,78,10.15,1.0,10.1,9.99,0.0
CGCTU,92.4,92.4,92.45,102.89,105.29,96.83,79,82,83,42,10.15,0.3,10.17,10.12,0.0
LPAA,92.4,92.43,93.04,104.79,107.0,97.84,79,85,85,79,10.47,0.98,10.42,10.25,0.59
QNRX,92.37,93.9,100.47,98.76,79.12,126.85,79,9,2,93,7.56,0.08,7.96,11.68,0.4
RIBB,92.37,92.37,92.46,103.46,105.62,96.83,79,83,83,42,10.21,1.0,10.18,10.09,0.0
DTSQ,92.36,92.42,92.69,104.43,106.81,97.85,79,84,84,79,10.45,0.97,10.42,10.26,0.99
SAP,92.36,93.98,101.14,111.38,114.63,113.59,79,89,90,90,269.0,0.58,288.39,274.68,1.16
WTGUU,92.35,92.35,92.24,102.85,105.28,96.83,78,82,48,42,10.15,0.62,10.14,10.11,0.08
AEYE,92.3,92.3,94.52,94.5,83.84,119.97,78,6,3,92,12.88,0.12,12.03,14.36,0.74
TISI,92.3,92.3,96.27,134.7,133.8,107.29,78,95,94,86,19.23,0.52,18.04,17.78,1.65
WEYS,92.29,92.45,96.41,98.69,104.37,108.97,78,9,13,87,30.87,0.38,31.02,32.02,0.79
TCPC,92.29,92.87,96.08,95.94,105.09,106.45,78,8,13,86,7.24,0.4,7.38,7.62,1.1
CHAC,92.26,92.27,92.29,102.89,105.28,96.83,78,82,48,42,10.03,0.65,10.04,10.02,0.66
CE,92.24,93.68,104.53,105.09,87.46,78.21,78,85,3,2,48.73,0.11,52.17,57.3,1.02
SILO,92.24,92.24,89.46,72.88,160.33,142.64,78,2,96,95,0.61,0.12,0.65,0.98,0.33
COLA,92.24,92.24,92.42,103.66,105.81,96.83,78,83,83,42,10.21,0.96,10.17,10.1,0.0
RGLD,92.21,92.25,94.01,123.77,125.71,100.41,78,93,93,81,184.86,0.98,166.97,159.58,1.1
AVBC,92.21,92.21,91.69,102.81,105.28,96.83,78,48,48,42,15.09,0.62,14.85,14.85,0.25
BEAG,92.18,92.29,93.89,106.41,108.29,97.69,78,86,86,79,10.36,0.68,10.43,10.22,0.03
IPSC,92.17,93.48,95.16,94.51,71.63,94.6,78,7,2,6,0.5,0.09,0.55,0.72,0.58
CHPGU,92.17,92.17,92.15,102.84,105.28,96.83,78,82,48,42,10.19,0.66,10.15,10.13,0.29
EBMT,92.17,92.17,92.7,108.53,116.14,102.4,78,88,90,83,17.55,0.9,16.78,16.35,0.46
EGBN,92.15,92.15,89.7,85.97,97.5,120.15,78,3,7,92,19.82,0.3,18.84,21.36,0.6
POLA,92.14,92.14,87.28,83.14,106.95,116.75,78,3,85,91,2.68,0.41,2.0,2.39,0.82
YHNAU,92.11,92.12,92.69,104.19,106.56,98.55,78,84,84,80,10.45,0.47,10.45,10.32,
ACNT,92.09,92.86,95.56,117.02,120.27,111.13,78,92,91,89,12.2,0.74,12.62,12.12,0.53
AXS,92.08,92.73,96.42,113.15,114.9,107.47,78,90,90,86,97.43,0.72,97.42,94.79,0.91
TACH,92.07,92.07,91.93,102.82,105.28,96.83,78,82,48,42,10.13,0.55,10.11,10.1,0.0
V,92.06,92.6,96.42,108.63,114.14,110.07,78,88,89,88,343.22,0.72,347.85,338.97,0.92
CERS,92.05,92.34,92.33,91.91,98.64,99.39,78,5,8,80,1.33,0.17,1.34,1.5,0.69
SIDU,92.04,92.4,99.77,105.61,394.16,357.33,78,86,98,98,1.19,0.02,1.46,1.89,0.31
EH,92.04,92.04,93.21,104.66,146.38,129.82,78,85,95,94,16.16,0.31,17.56,17.84,0.82
KEX,92.04,94.28,102.23,104.17,101.14,100.27,78,84,10,81,89.08,0.04,106.44,107.02,1.82
KRYS,92.02,92.02,90.02,94.14,111.72,93.24,78,6,88,5,150.27,0.34,146.47,157.83,0.95
ALRM,92.01,92.13,93.37,96.96,103.92,108.37,78,8,12,87,56.95,0.39,56.23,58.38,0.73
ARTNA,92.0,92.2,93.76,109.74,110.98,90.22,78,88,88,4,33.24,0.53,33.11,32.36,0.77
REG,91.96,91.96,91.63,102.45,106.25,98.8,78,13,84,80,73.68,0.77,71.26,71.44,0.72
STLA,91.94,92.44,96.43,99.21,96.94,94.53,78,10,7,6,9.08,0.3,9.63,10.16,0.56
MAYS,91.92,91.92,91.92,97.43,97.69,93.78,78,8,8,5,38.0,0.2,38.21,39.5,0.0
NMPAU,91.9,91.9,91.71,102.81,105.28,96.83,78,48,48,42,10.11,1.0,10.04,10.04,0.53
MBLY,91.9,93.3,103.5,108.52,119.45,137.96,78,88,91,95,14.7,0.37,15.31,15.96,0.57
TACO,91.86,91.87,92.32,102.81,105.28,96.83,78,48,48,42,10.31,0.12,10.39,10.39,0.45
LGO,91.86,91.86,90.1,89.92,100.92,116.35,78,4,10,91,1.49,0.21,1.42,1.61,1.07
LFVN,91.84,91.84,90.94,85.6,151.59,160.72,78,3,96,96,12.11,0.21,13.16,15.09,3.05
STIM,91.84,93.45,105.31,182.09,413.55,356.65,78,97,98,98,3.23,0.54,3.75,3.38,1.43
BSAAU,91.84,91.84,91.75,102.81,105.28,96.83,78,48,48,42,10.13,0.38,10.09,10.09,1.05
MGRX,91.82,91.82,90.06,86.02,148.37,123.93,78,3,96,93,2.21,0.2,1.72,2.45,1.07
SGRY,91.82,91.88,91.94,99.87,108.29,86.49,78,11,86,3,22.51,0.23,22.46,22.66,0.66
REI,91.82,91.82,87.73,73.86,90.33,93.23,78,2,4,5,1.0,0.25,0.85,1.07,0.72
HQY,91.78,93.38,100.74,102.78,113.42,117.16,78,13,89,91,91.48,0.42,94.84,97.6,1.94
IMUX,91.77,91.77,90.41,98.91,111.41,92.98,78,10,88,5,0.76,0.08,0.88,0.99,1.78
PNW,91.77,91.77,91.85,107.54,113.2,97.12,78,87,89,78,89.0,0.67,90.48,88.9,0.52
BUD,91.76,93.65,101.82,125.75,128.27,87.8,78,94,93,3,60.23,0.56,64.58,59.98,0.87
TVAIU,91.75,91.77,92.04,102.95,105.28,96.83,78,82,48,42,10.1,0.5,10.12,10.11,0.0
CP,91.75,92.45,97.42,103.99,104.09,95.04,78,84,12,6,76.63,0.49,77.05,76.08,0.78
TGHL,91.75,91.75,91.33,102.81,105.28,96.83,78,48,48,42,3.52,0.59,3.49,3.49,0.02
SPEGU,91.75,91.75,91.61,102.81,105.28,96.83,78,48,48,42,10.12,0.75,10.11,10.11,0.2
TMUS,91.71,91.71,91.05,106.9,121.5,108.17,78,86,92,87,252.76,0.78,241.75,241.11,0.81
FCN,91.69,91.69,91.15,93.01,93.03,89.72,78,6,5,4,168.74,0.2,166.92,174.56,0.66
CEVA,91.66,91.66,89.89,82.12,124.61,125.88,78,3,93,93,22.73,0.2,22.61,26.61,0.68
BACCU,91.64,91.64,91.58,102.81,105.28,96.83,78,48,48,42,10.09,0.5,10.08,10.08,0.08
SDHI,91.64,91.64,91.6,102.81,105.28,96.83,78,48,48,42,10.14,1.0,10.11,10.11,0.78
KYIV,91.62,91.62,91.26,115.27,119.61,102.85,78,91,91,83,10.84,0.17,11.37,11.19,1.19
SPPL,91.6,91.6,89.6,97.8,306.15,1040.29,78,9,98,99,3.11,0.08,3.08,4.61,0.17
YRD,91.59,92.57,97.06,122.35,140.42,121.58,77,93,95,92,5.73,0.39,5.97,5.89,0.55
PLBC,91.57,91.57,93.27,100.64,103.95,109.73,77,11,12,88,44.8,0.65,42.91,43.83,0.96
NWN,91.54,91.54,90.87,106.74,112.26,98.44,77,86,88,80,41.84,0.76,40.71,40.36,0.98
NETDU,91.54,91.62,92.51,106.31,109.35,99.2,77,86,87,80,11.31,0.77,11.31,11.16,0.0
ALCYU,91.53,91.64,91.93,105.29,108.63,97.89,77,85,86,79,10.96,0.12,11.44,11.32,5.65
UXIN,91.49,91.49,96.79,113.2,139.72,373.2,77,90,95,98,3.5,0.34,3.93,4.25,0.67
PD,91.48,91.48,90.13,93.63,99.1,102.12,77,6,8,83,16.47,0.33,15.71,17.08,1.03
SOCAU,91.48,91.48,91.46,102.81,105.28,96.83,77,48,48,42,10.07,0.83,10.06,10.06,0.01
EPOW,91.45,91.91,93.85,114.73,121.61,104.04,77,91,92,84,0.88,0.38,0.92,0.92,0.75
MDXG,91.44,91.44,89.77,89.12,118.43,141.85,77,4,91,95,7.14,0.38,6.87,7.64,0.46
YORK,91.44,91.44,91.29,102.81,105.28,96.83,77,48,48,42,10.82,0.42,10.79,10.79,0.7
FCHL,91.44,91.44,91.33,102.81,105.28,96.83,77,48,48,42,4.6,1.0,4.42,4.42,0.93
ABSI,91.44,92.58,93.27,93.19,123.29,121.74,77,6,92,92,2.46,0.06,2.8,3.11,0.55
INAC,91.4,91.4,91.36,102.81,105.28,96.83,77,48,48,42,9.95,0.59,9.96,9.96,0.0
NVA,91.38,92.67,95.13,120.41,163.25,182.36,77,93,96,97,11.4,0.51,11.19,11.76,0.41
BLUWU,91.37,91.37,91.51,102.81,105.28,96.83,77,48,48,42,10.02,0.31,10.02,10.02,0.3
LWACU,91.37,91.37,91.46,102.81,105.28,96.83,77,48,48,42,10.02,0.06,10.05,10.05,0.0
HVMCU,91.37,91.37,91.33,102.81,105.28,96.83,77,48,48,42,10.05,0.67,10.05,10.05,0.0
CGCT,91.33,91.33,91.43,102.81,105.28,96.83,77,48,48,42,10.03,0.55,10.03,10.03,0.27
BACC,91.29,91.29,91.33,102.81,105.28,96.83,77,48,48,42,9.98,0.6,9.97,9.97,0.44
GTERA,91.27,91.27,91.37,102.81,105.28,96.83,77,48,48,42,9.96,0.5,9.96,9.96,0.3
NXGL,91.26,91.26,90.29,84.59,119.64,134.75,77,3,91,94,2.22,0.04,2.47,2.93,0.76
RVSN,91.26,91.26,89.95,87.76,260.34,252.04,77,4,98,98,0.41,0.06,0.37,0.53,1.73
HTLM,91.26,91.26,90.18,94.91,247.49,247.36,77,7,98,98,3.84,0.11,3.73,4.79,0.99
DIT,91.25,91.25,89.85,95.86,104.57,101.21,77,7,13,82,114.99,0.35,113.4,120.56,0.72
MBVIU,91.22,91.22,91.33,102.81,105.28,96.83,77,48,48,42,10.0,0.0,10.01,10.01,0.11
NEWTP,91.22,91.22,91.33,102.81,105.28,96.83,77,48,48,42,24.0,0.0,24.16,24.16,0.43
AXIN,91.21,91.21,91.33,102.81,105.28,96.83,77,48,48,42,9.97,0.67,9.97,9.97,0.26
SVACU,91.21,91.21,91.33,102.81,105.28,96.83,77,48,48,42,10.01,1.0,10.0,10.0,0.17
GSRFU,91.21,91.21,91.33,102.81,105.28,96.83,77,48,48,42,10.02,1.0,10.02,10.02,0.11
BNT,91.2,91.2,91.33,102.81,105.28,96.83,43,48,48,42,,,,,
NNNN,91.2,91.2,91.33,102.81,105.28,96.83,43,48,48,42,,,,,
CASK,91.2,91.2,91.33,102.81,105.28,96.83,43,48,48,42,,,,,
VRSK,91.2,91.2,91.33,102.81,105.28,96.83,43,48,48,42,,,,,
IZEA,91.2,91.2,91.33,102.81,105.28,96.83,43,48,48,42,,,,,
LSPD,91.2,91.2,91.33,102.81,105.28,96.83,43,48,48,42,,,,,
PAYC,91.2,91.2,91.33,102.81,105.28,96.83,43,48,48,42,,,,,
FORTY,91.2,91.2,91.33,102.81,105.28,96.83,43,48,48,42,,,,,
JAKK,91.2,91.2,91.33,102.81,105.28,96.83,43,48,48,42,,,,,
ATCH,91.2,91.2,91.33,102.81,105.28,96.83,43,48,48,42,,,,,
PBT,91.2,91.2,91.33,102.81,105.28,96.83,43,48,48,42,,,,,
JZXN,91.2,91.2,91.33,102.81,105.28,96.83,43,48,48,42,,,,,
AMBQ,91.2,91.2,91.33,102.81,105.28,96.83,43,48,48,42,,,,,
GOOS,91.2,91.2,91.33,102.81,105.28,96.83,43,48,48,42,,,,,
HALO,91.2,91.2,91.33,102.81,105.28,96.83,43,48,48,42,,,,,
AVT,91.2,91.2,91.33,102.81,105.28,96.83,43,48,48,42,,,,,
AVO,91.2,91.2,91.33,102.81,105.28,96.83,43,48,48,42,,,,,
XXII,91.2,91.2,91.33,102.81,105.28,96.83,43,48,48,42,,,,,
NEN,91.2,91.2,91.33,102.81,105.28,96.83,43,48,48,42,,,,,
TCBI,91.2,91.2,91.33,102.81,105.28,96.83,43,48,48,42,,,,,
SGU,91.2,91.2,91.33,102.81,105.28,96.83,43,48,48,42,,,,,
VSTA,91.2,91.2,91.33,102.81,105.28,96.83,43,48,48,42,,,,,
MMS,91.2,91.2,91.33,102.81,105.28,96.83,43,48,48,42,,,,,
SELX,91.2,91.2,91.33,102.81,105.28,96.83,43,48,48,42,,,,,
UYSC,91.2,91.2,91.33,102.81,105.28,96.83,43,48,48,42,,,,,
AXON,91.2,91.2,91.33,102.81,105.28,96.83,43,48,48,42,,,,,
CMCL,91.2,91.2,91.33,102.81,105.28,96.83,43,48,48,42,,,,,
PFLT,91.2,91.2,91.33,102.81,105.28,96.83,43,48,48,42,,,,,
EGG,91.2,91.2,91.33,102.81,105.28,96.83,43,48,48,42,,,,,
SOHU,91.2,91.2,91.33,102.81,105.28,96.83,43,48,48,42,,,,,
OCG,91.2,91.2,91.33,102.81,105.28,96.83,43,48,48,42,,,,,
TONX,91.2,91.2,91.33,102.81,105.28,96.83,43,48,48,42,,,,,
HCAT,91.2,91.2,91.33,102.81,105.28,96.83,43,48,48,42,,,,,
ZSPC,91.2,91.2,91.33,102.81,105.28,96.83,43,48,48,42,,,,,
SCKT,91.2,91.2,91.33,102.81,105.28,96.83,43,48,48,42,,,,,
MLSS,91.2,91.2,91.33,102.81,105.28,96.83,43,48,48,42,,,,,
OCTO,91.2,91.2,91.33,102.81,105.28,96.83,43,48,48,42,,,,,
KCHV,91.2,91.2,91.33,102.81,105.28,96.83,43,48,48,42,,,,,
LENZ,91.2,91.2,91.33,102.81,105.28,96.83,43,48,48,42,,,,,
MEG,91.2,91.2,91.33,102.81,105.28,96.83,43,48,48,42,,,,,
ETON,91.2,91.2,91.33,102.81,105.28,96.83,43,48,48,42,,,,,
PSTL,91.2,91.2,91.33,102.81,105.28,96.83,43,48,48,42,,,,,
SRZN,91.2,91.2,91.33,102.81,105.28,96.83,43,48,48,42,,,,,
NSP,91.2,91.2,91.33,102.81,105.28,96.83,43,48,48,42,,,,,
VERO,91.2,91.2,91.33,102.81,105.28,96.83,43,48,48,42,,,,,
ULCC,91.2,91.2,91.33,102.81,105.28,96.83,43,48,48,42,,,,,
CNOB,91.2,91.2,91.33,102.81,105.28,96.83,43,48,48,42,,,,,
HUM,91.2,91.2,91.33,102.81,105.28,96.83,43,48,48,42,,,,,
AOS,91.2,91.2,91.33,102.81,105.28,96.83,43,48,48,42,,,,,
KZIA,91.2,91.2,91.33,102.81,105.28,96.83,43,48,48,42,,,,,
GLP,91.2,91.2,91.33,102.81,105.28,96.83,43,48,48,42,,,,,
AAL,91.2,91.2,91.33,102.81,105.28,96.83,43,48,48,42,,,,,
LOGI,91.2,91.2,91.33,102.81,105.28,96.83,43,48,48,42,,,,,
ALTG,91.2,91.2,91.33,102.81,105.28,96.83,43,48,48,42,,,,,
MTAL,91.2,91.2,91.33,102.81,105.28,96.83,43,48,48,42,,,,,
CCK,91.2,91.2,91.33,102.81,105.28,96.83,43,48,48,42,,,,,
SR,91.2,91.2,91.33,102.81,105.28,96.83,43,48,48,42,,,,,
PLRX,91.2,91.2,91.33,102.81,105.28,96.83,43,48,48,42,,,,,
WLK,91.2,91.2,91.33,102.81,105.28,96.83,43,48,48,42,,,,,
OSTX,91.2,91.2,91.33,102.81,105.28,96.83,43,48,48,42,,,,,
DOW,91.2,91.2,91.33,102.81,105.28,96.83,43,48,48,42,,,,,
KLAC,91.2,91.2,91.33,102.81,105.28,96.83,43,48,48,42,,,,,
XYZ,91.2,91.2,91.33,102.81,105.28,96.83,43,48,48,42,,,,,
MTSI,91.2,91.2,91.33,102.81,105.28,96.83,43,48,48,42,,,,,
TDAC,91.2,91.2,91.33,102.81,105.28,96.83,43,48,48,42,,,,,
PXS,91.2,91.2,91.33,102.81,105.28,96.83,43,48,48,42,,,,,
LBTYB,91.2,91.2,91.33,102.81,105.28,96.83,43,48,48,42,,,,,
ISPR,91.2,91.2,91.33,102.81,105.28,96.83,43,48,48,42,,,,,
FLR,91.2,91.2,91.33,102.81,105.28,96.83,43,48,48,42,,,,,
LAND,91.2,91.2,91.33,102.81,105.28,96.83,43,48,48,42,,,,,
SPOT,91.2,91.2,91.33,102.81,105.28,96.83,43,48,48,42,,,,,
HLI,91.2,91.2,91.33,102.81,105.28,96.83,43,48,48,42,,,,,
EUDA,91.2,91.2,91.33,102.81,105.28,96.83,43,48,48,42,,,,,
AROC,91.2,91.2,91.33,102.81,105.28,96.83,43,48,48,42,,,,,
PDEX,91.2,91.2,91.33,102.81,105.28,96.83,43,48,48,42,,,,,
SAN,91.2,91.2,91.33,102.81,105.28,96.83,43,48,48,42,,,,,
NHIC,91.2,91.2,91.33,102.81,105.28,96.83,43,48,48,42,,,,,
GH,91.2,91.2,91.33,102.81,105.28,96.83,43,48,48,42,,,,,
MGLD,91.2,91.2,91.33,102.81,105.28,96.83,43,48,48,42,,,,,
VLY,91.2,91.2,91.33,102.81,105.28,96.83,43,48,48,42,,,,,
AEO,91.2,91.2,91.33,102.81,105.28,96.83,43,48,48,42,,,,,
CXT,91.2,91.2,91.33,102.81,105.28,96.83,43,48,48,42,,,,,
SBFM,91.2,91.2,91.33,102.81,105.28,96.83,43,48,48,42,,,,,
ARBB,91.2,91.2,91.33,102.81,105.28,96.83,43,48,48,42,,,,,
BIPC,91.2,91.2,91.33,102.81,105.28,96.83,43,48,48,42,,,,,
NATR,91.2,91.2,91.33,102.81,105.28,96.83,43,48,48,42,,,,,
XTNT,91.2,91.2,91.33,102.81,105.28,96.83,43,48,48,42,,,,,
AMRX,91.2,91.2,91.33,102.81,105.28,96.83,43,48,48,42,,,,,
AZO,91.2,91.2,91.33,102.81,105.28,96.83,43,48,48,42,,,,,
DERM,91.2,91.2,91.33,102.81,105.28,96.83,43,48,48,42,,,,,
DDD,91.2,91.2,91.33,102.81,105.28,96.83,43,48,48,42,,,,,
EDAP,91.2,91.2,91.33,102.81,105.28,96.83,43,48,48,42,,,,,
FNF,91.2,91.2,91.33,102.81,105.28,96.83,43,48,48,42,,,,,
INSM,91.2,91.2,91.33,102.81,105.28,96.83,43,48,48,42,,,,,
CNFR,91.2,91.2,91.33,102.81,105.28,96.83,43,48,48,42,,,,,
PETS,91.2,91.2,91.33,102.81,105.28,96.83,43,48,48,42,,,,,
PLG,91.2,91.2,91.33,102.81,105.28,96.83,43,48,48,42,,,,,
SCYX,91.2,91.2,91.33,102.81,105.28,96.83,43,48,48,42,,,,,
BKH,91.2,91.2,91.33,102.81,105.28,96.83,43,48,48,42,,,,,
TANH,91.2,91.2,91.33,102.81,105.28,96.83,43,48,48,42,,,,,
PTNM,91.2,91.2,91.33,102.81,105.28,96.83,43,48,48,42,,,,,
COYA,91.2,91.2,91.33,102.81,105.28,96.83,43,48,48,42,,,,,
HPAI,91.2,91.2,91.33,102.81,105.28,96.83,43,48,48,42,,,,,
MCHPP,91.2,91.2,91.33,102.81,105.28,96.83,43,48,48,42,,,,,
KLG,91.2,91.2,91.33,102.81,105.28,96.83,43,48,48,42,,,,,
PGAC,91.2,91.2,91.33,102.81,105.28,96.83,43,48,48,42,,,,,
CNR,91.2,91.2,91.33,102.81,105.28,96.83,43,48,48,42,,,,,
MDCX,91.2,91.2,91.33,102.81,105.28,96.83,43,48,48,42,,,,,
MRCC,91.2,91.2,91.33,102.81,105.28,96.83,43,48,48,42,,,,,
ANAB,91.2,91.2,91.33,102.81,105.28,96.83,43,48,48,42,,,,,
NVR,91.2,91.2,91.33,102.81,105.28,96.83,43,48,48,42,,,,,
AGIO,91.2,91.2,91.33,102.81,105.28,96.83,43,48,48,42,,,,,
MCHX,91.2,91.2,91.33,102.81,105.28,96.83,43,48,48,42,,,,,
POLE,91.2,91.2,91.33,102.81,105.28,96.83,43,48,48,42,,,,,
CC,91.2,91.2,91.33,102.81,105.28,96.83,43,48,48,42,,,,,
YOUL,91.2,91.2,91.33,102.81,105.28,96.83,43,48,48,42,,,,,
AEI,91.2,91.2,91.33,102.81,105.28,96.83,43,48,48,42,,,,,
HYFM,91.2,91.2,91.33,102.81,105.28,96.83,43,48,48,42,,,,,
ATYR,91.2,91.2,91.33,102.81,105.28,96.83,43,48,48,42,,,,,
INMD,91.2,91.2,91.33,102.81,105.28,96.83,43,48,48,42,,,,,
TAIT,91.2,91.2,91.33,102.81,105.28,96.83,43,48,48,42,,,,,
VBNK,91.2,91.2,91.33,102.81,105.28,96.83,43,48,48,42,,,,,
TASK,91.2,91.2,91.33,102.81,105.28,96.83,43,48,48,42,,,,,
TECX,91.2,91.2,91.33,102.81,105.28,96.83,43,48,48,42,,,,,
KFII,91.2,91.2,91.33,102.81,105.28,96.83,43,48,48,42,,,,,
SAGT,91.2,91.2,91.33,102.81,105.28,96.83,43,48,48,42,,,,,
MPC,91.2,91.2,91.33,102.81,105.28,96.83,43,48,48,42,,,,,
CLAR,91.2,91.2,91.33,102.81,105.28,96.83,43,48,48,42,,,,,
THM,91.2,91.2,91.33,102.81,105.28,96.83,43,48,48,42,,,,,
XTLB,91.2,91.2,91.33,102.81,105.28,96.83,43,48,48,42,,,,,
FBLA,91.2,91.2,91.33,102.81,105.28,96.83,43,48,48,42,,,,,
TWNP,91.2,91.2,91.33,102.81,105.28,96.83,43,48,48,42,,,,,
SSYS,91.2,91.2,91.33,102.81,105.28,96.83,43,48,48,42,,,,,
SEE,91.2,91.2,91.33,102.81,105.28,96.83,43,48,48,42,,,,,
FNWD,91.2,91.2,91.33,102.81,105.28,96.83,43,48,48,42,,,,,
SISI,91.2,91.2,91.33,102.81,105.28,96.83,43,48,48,42,,,,,
SXI,91.2,91.2,91.33,102.81,105.28,96.83,43,48,48,42,,,,,
CASY,91.2,91.2,91.33,102.81,105.28,96.83,43,48,48,42,,,,,
AVBP,91.2,91.2,91.33,102.81,105.28,96.83,43,48,48,42,,,,,
FVR,91.2,91.2,91.33,102.81,105.28,96.83,43,48,48,42,,,,,
TENX,91.2,91.2,91.33,102.81,105.28,96.83,43,48,48,42,,,,,
ILMN,91.2,91.2,91.33,102.81,105.28,96.83,43,48,48,42,,,,,
VEEA,91.2,91.2,91.33,102.81,105.28,96.83,43,48,48,42,,,,,
SFHG,91.2,91.2,91.33,102.81,105.28,96.83,43,48,48,42,,,,,
KT,91.2,91.2,91.33,102.81,105.28,96.83,43,48,48,42,,,,,
TGLS,91.2,91.2,91.33,102.81,105.28,96.83,43,48,48,42,,,,,
THRY,91.2,91.2,91.33,102.81,105.28,96.83,43,48,48,42,,,,,
ASTC,91.2,91.2,91.33,102.81,105.28,96.83,43,48,48,42,,,,,
WVE,91.2,91.2,91.33,102.81,105.28,96.83,43,48,48,42,,,,,
SOAR,91.2,91.2,91.33,102.81,105.28,96.83,43,48,48,42,,,,,
SANM,91.2,91.2,91.33,102.81,105.28,96.83,43,48,48,42,,,,,
MXL,91.2,91.2,91.33,102.81,105.28,96.83,43,48,48,42,,,,,
LCID,91.2,91.2,91.33,102.81,105.28,96.83,43,48,48,42,,,,,
MYRG,91.2,91.2,91.33,102.81,105.28,96.83,43,48,48,42,,,,,
TNDM,91.2,91.2,91.33,102.81,105.28,96.83,43,48,48,42,,,,,
RKLB,91.2,91.2,91.33,102.81,105.28,96.83,43,48,48,42,,,,,
THG,91.2,91.2,91.33,102.81,105.28,96.83,43,48,48,42,,,,,
SIRI,91.2,91.2,91.33,102.81,105.28,96.83,43,48,48,42,,,,,
RNW,91.2,91.2,91.33,102.81,105.28,96.83,43,48,48,42,,,,,
IIIV,91.2,91.2,91.33,102.81,105.28,96.83,43,48,48,42,,,,,
AFRI,91.2,91.2,91.33,102.81,105.28,96.83,43,48,48,42,,,,,
CIA,91.2,91.2,91.33,102.81,105.28,96.83,43,48,48,42,,,,,
UPLD,91.2,91.2,91.33,102.81,105.28,96.83,43,48,48,42,,,,,
OLED,91.2,91.2,91.33,102.81,105.28,96.83,43,48,48,42,,,,,
MLNK,91.2,91.2,91.33,102.81,105.28,96.83,43,48,48,42,,,,,
GIB,91.2,91.2,91.33,102.81,105.28,96.83,43,48,48,42,,,,,
HTFL,91.2,91.2,91.33,102.81,105.28,96.83,43,48,48,42,,,,,
BMBL,91.2,91.2,91.33,102.81,105.28,96.83,43,48,48,42,,,,,
UHS,91.2,91.2,91.33,102.81,105.28,96.83,43,48,48,42,,,,,
BTCT,91.2,91.2,91.33,102.81,105.28,96.83,43,48,48,42,,,,,
HNVR,91.2,91.2,91.33,102.81,105.28,96.83,43,48,48,42,,,,,
BPRN,91.2,91.2,91.33,102.81,105.28,96.83,43,48,48,42,,,,,
VTGN,91.2,91.2,91.33,102.81,105.28,96.83,43,48,48,42,,,,,
TGT,91.2,91.2,91.33,102.81,105.28,96.83,43,48,48,42,,,,,
ICCM,91.2,91.2,91.33,102.81,105.28,96.83,43,48,48,42,,,,,
CMRE,91.2,91.2,91.33,102.81,105.28,96.83,43,48,48,42,,,,,
ZVIA,91.2,91.2,91.33,102.81,105.28,96.83,43,48,48,42,,,,,
CLLS,91.2,91.2,91.33,102.81,105.28,96.83,43,48,48,42,,,,,
RDGT,91.2,91.2,91.33,102.81,105.28,96.83,43,48,48,42,,,,,
PARR,91.2,91.2,91.33,102.81,105.28,96.83,43,48,48,42,,,,,
TT,91.2,91.2,91.33,102.81,105.28,96.83,43,48,48,42,,,,,
FRPT,91.2,91.2,91.33,102.81,105.28,96.83,43,48,48,42,,,,,
HSHP,91.2,91.2,91.33,102.81,105.28,96.83,43,48,48,42,,,,,
VALU,91.2,91.2,91.33,102.81,105.28,96.83,43,48,48,42,,,,,
ATR,91.2,91.2,91.33,102.81,105.28,96.83,43,48,48,42,,,,,
DCGO,91.2,91.2,91.33,102.81,105.28,96.83,43,48,48,42,,,,,
GV,91.2,91.2,91.33,102.81,105.28,96.83,43,48,48,42,,,,,
DOLE,91.2,91.2,91.33,102.81,105.28,96.83,43,48,48,42,,,,,
CHCO,91.2,91.2,91.33,102.81,105.28,96.83,43,48,48,42,,,,,
CYH,91.2,91.2,91.33,102.81,105.28,96.83,43,48,48,42,,,,,
GNE,91.2,91.2,91.33,102.81,105.28,96.83,43,48,48,42,,,,,
ADBE,91.2,91.2,91.33,102.81,105.28,96.83,43,48,48,42,,,,,
DMAA,91.2,91.2,91.33,102.81,105.28,96.83,43,48,48,42,,,,,
CDRO,91.2,91.2,91.33,102.81,105.28,96.83,43,48,48,42,,,,,
XHG,91.2,91.2,91.33,102.81,105.28,96.83,43,48,48,42,,,,,
AGMH,91.2,91.2,91.33,102.81,105.28,96.83,43,48,48,42,,,,,
RILY,91.2,91.2,91.33,102.81,105.28,96.83,43,48,48,42,,,,,
CFFI,91.2,91.2,91.33,102.81,105.28,96.83,43,48,48,42,,,,,
SMCI,91.2,91.2,91.33,102.81,105.28,96.83,43,48,48,42,,,,,
AVPT,91.2,91.2,91.33,102.81,105.28,96.83,43,48,48,42,,,,,
ALGN,91.2,91.2,91.33,102.81,105.28,96.83,43,48,48,42,,,,,
PYXS,91.2,91.2,91.33,102.81,105.28,96.83,43,48,48,42,,,,,
UPC,91.2,91.2,91.33,102.81,105.28,96.83,43,48,48,42,,,,,
BRZE,91.2,91.2,91.33,102.81,105.28,96.83,43,48,48,42,,,,,
CAH,91.2,91.2,91.33,102.81,105.28,96.83,43,48,48,42,,,,,
FULT,91.2,91.2,91.33,102.81,105.28,96.83,43,48,48,42,,,,,
NPB,91.2,91.2,91.33,102.81,105.28,96.83,43,48,48,42,,,,,
ITP,91.2,91.2,91.33,102.81,105.28,96.83,43,48,48,42,,,,,
FTEK,91.2,91.2,91.33,102.81,105.28,96.83,43,48,48,42,,,,,
OMF,91.2,91.2,91.33,102.81,105.28,96.83,43,48,48,42,,,,,
SENS,91.2,91.2,91.33,102.81,105.28,96.83,43,48,48,42,,,,,
ALVO,91.2,91.2,91.33,102.81,105.28,96.83,43,48,48,42,,,,,
ANIX,91.2,91.2,91.33,102.81,105.28,96.83,43,48,48,42,,,,,
NUS,91.2,91.2,91.33,102.81,105.28,96.83,43,48,48,42,,,,,
MTB,91.2,91.2,91.33,102.81,105.28,96.83,43,48,48,42,,,,,
PLMK,91.2,91.2,91.33,102.81,105.28,96.83,43,48,48,42,,,,,
RYAAY,91.2,91.2,91.33,102.81,105.28,96.83,43,48,48,42,,,,,
DPZ,91.2,91.2,91.33,102.81,105.28,96.83,43,48,48,42,,,,,
HRI,91.2,91.2,91.33,102.81,105.28,96.83,43,48,48,42,,,,,
HIHO,91.2,91.2,91.33,102.81,105.28,96.83,43,48,48,42,,,,,
ORGO,91.2,91.2,91.33,102.81,105.28,96.83,43,48,48,42,,,,,
PAL,91.2,91.2,91.33,102.81,105.28,96.83,43,48,48,42,,,,,
CAMP,91.2,91.2,91.33,102.81,105.28,96.83,43,48,48,42,,,,,
PNFP,91.2,91.2,91.33,102.81,105.28,96.83,43,48,48,42,,,,,
NWGL,91.2,91.2,91.33,102.81,105.28,96.83,43,48,48,42,,,,,
MSM,91.2,91.2,91.33,102.81,105.28,96.83,43,48,48,42,,,,,
RCI,91.2,91.2,91.33,102.81,105.28,96.83,43,48,48,42,,,,,
EVLV,91.2,91.2,91.33,102.81,105.28,96.83,43,48,48,42,,,,,
HTOO,91.2,91.2,91.33,102.81,105.28,96.83,43,48,48,42,,,,,
AIFF,91.2,91.2,91.33,102.81,105.28,96.83,43,48,48,42,,,,,
SXTP,91.2,91.2,91.33,102.81,105.28,96.83,43,48,48,42,,,,,
SIEB,91.2,91.2,91.33,102.81,105.28,96.83,43,48,48,42,,,,,
POAI,91.2,91.2,91.33,102.81,105.28,96.83,43,48,48,42,,,,,
WBX,91.2,91.2,91.33,102.81,105.28,96.83,43,48,48,42,,,,,
BL,91.2,91.2,91.33,102.81,105.28,96.83,43,48,48,42,,,,,
WNC,91.2,91.2,91.33,102.81,105.28,96.83,43,48,48,42,,,,,
FE,91.2,91.2,91.33,102.81,105.28,96.83,43,48,48,42,,,,,
MANU,91.2,91.2,91.33,102.81,105.28,96.83,43,48,48,42,,,,,
INTS,91.2,91.2,91.33,102.81,105.28,96.83,43,48,48,42,,,,,
CFSB,91.2,91.2,91.33,102.81,105.28,96.83,43,48,48,42,,,,,
BSVN,91.2,91.2,91.33,102.81,105.28,96.83,43,48,48,42,,,,,
UNM,91.2,91.2,91.33,102.81,105.28,96.83,43,48,48,42,,,,,
MSAI,91.2,91.2,91.33,102.81,105.28,96.83,43,48,48,42,,,,,
WB,91.2,91.2,91.33,102.81,105.28,96.83,43,48,48,42,,,,,
BHAT,91.2,91.2,91.33,102.81,105.28,96.83,43,48,48,42,,,,,
WRN,91.2,91.2,91.33,102.81,105.28,96.83,43,48,48,42,,,,,
WOR,91.2,91.2,91.33,102.81,105.28,96.83,43,48,48,42,,,,,
PBFS,91.2,91.2,91.33,102.81,105.28,96.83,43,48,48,42,,,,,
AKA,91.2,91.2,91.33,102.81,105.28,96.83,43,48,48,42,,,,,
SMG,91.2,91.2,91.33,102.81,105.28,96.83,43,48,48,42,,,,,
ANNA,91.2,91.2,91.33,102.81,105.28,96.83,43,48,48,42,,,,,
SKYE,91.2,91.2,91.33,102.81,105.28,96.83,43,48,48,42,,,,,
SYPR,91.2,91.2,91.33,102.81,105.28,96.83,43,48,48,42,,,,,
RELY,91.2,91.2,91.33,102.81,105.28,96.83,43,48,48,42,,,,,
FLL,91.2,91.2,91.33,102.81,105.28,96.83,43,48,48,42,,,,,
CREG,91.2,91.2,91.33,102.81,105.28,96.83,43,48,48,42,,,,,
FLD,91.2,91.2,91.33,102.81,105.28,96.83,43,48,48,42,,,,,
MCHB,91.2,91.2,91.33,102.81,105.28,96.83,43,48,48,42,,,,,
HVIIU,91.2,91.2,91.33,102.81,105.28,96.83,43,48,48,42,,,,,
NTGR,91.2,91.2,91.33,102.81,105.28,96.83,43,48,48,42,,,,,
HURN,91.2,91.2,91.33,102.81,105.28,96.83,43,48,48,42,,,,,
HAO,91.2,91.2,91.33,102.81,105.28,96.83,43,48,48,42,,,,,
SBET,91.2,91.2,91.33,102.81,105.28,96.83,43,48,48,42,,,,,
MUR,91.2,91.2,91.33,102.81,105.28,96.83,43,48,48,42,,,,,
AOUT,91.2,91.2,91.33,102.81,105.28,96.83,43,48,48,42,,,,,
VCTR,91.2,91.2,91.33,102.81,105.28,96.83,43,48,48,42,,,,,
UMBFO,91.2,91.2,91.33,102.81,105.28,96.83,43,48,48,42,,,,,
PHR,91.2,91.2,91.33,102.81,105.28,96.83,43,48,48,42,,,,,
ADN,91.2,91.2,91.33,102.81,105.28,96.83,43,48,48,42,,,,,
PGR,91.2,91.2,91.33,102.81,105.28,96.83,43,48,48,42,,,,,
MITT,91.2,91.2,91.33,102.81,105.28,96.83,43,48,48,42,,,,,
PGY,91.2,91.2,91.33,102.81,105.28,96.83,43,48,48,42,,,,,
UIS,91.2,91.2,91.33,102.81,105.28,96.83,43,48,48,42,,,,,
ITRG,91.2,91.2,91.33,102.81,105.28,96.83,43,48,48,42,,,,,
LCUT,91.2,91.2,91.33,102.81,105.28,96.83,43,48,48,42,,,,,
TKO,91.2,91.2,91.33,102.81,105.28,96.83,43,48,48,42,,,,,
SILA,91.2,91.2,91.33,102.81,105.28,96.83,43,48,48,42,,,,,
LPRO,91.2,91.2,91.33,102.81,105.28,96.83,43,48,48,42,,,,,
ASRV,91.2,91.2,91.33,102.81,105.28,96.83,43,48,48,42,,,,,
AEVA,91.2,91.2,91.33,102.81,105.28,96.83,43,48,48,42,,,,,
CTM,91.2,91.2,91.33,102.81,105.28,96.83,43,48,48,42,,,,,
FBIN,91.2,91.2,91.33,102.81,105.28,96.83,43,48,48,42,,,,,
ETSY,91.2,91.2,91.33,102.81,105.28,96.83,43,48,48,42,,,,,
ACT,91.2,91.2,91.33,102.81,105.28,96.83,43,48,48,42,,,,,
PSEC,91.2,91.2,91.33,102.81,105.28,96.83,43,48,48,42,,,,,
BR,91.2,91.2,91.33,102.81,105.28,96.83,43,48,48,42,,,,,
MOLN,91.2,91.2,91.33,102.81,105.28,96.83,43,48,48,42,,,,,
GDDY,91.2,91.2,91.33,102.81,105.28,96.83,43,48,48,42,,,,,
LGL,91.2,91.2,91.33,102.81,105.28,96.83,43,48,48,42,,,,,
BATRA,91.2,91.2,91.33,102.81,105.28,96.83,43,48,48,42,,,,,
ACXP,91.2,91.2,91.33,102.81,105.28,96.83,43,48,48,42,,,,,
WENN,91.2,91.2,91.33,102.81,105.28,96.83,43,48,48,42,,,,,
ORLY,91.2,91.2,91.33,102.81,105.28,96.83,43,48,48,42,,,,,
CCSI,91.2,91.2,91.33,102.81,105.28,96.83,43,48,48,42,,,,,
BBT,91.2,91.2,91.33,102.81,105.28,96.83,43,48,48,42,,,,,
ALV,91.2,91.2,91.33,102.81,105.28,96.83,43,48,48,42,,,,,
CHE,91.2,91.2,91.33,102.81,105.28,96.83,43,48,48,42,,,,,
AOSL,91.2,91.2,91.33,102.81,105.28,96.83,43,48,48,42,,,,,
MAA,91.2,91.2,91.33,102.81,105.28,96.83,43,48,48,42,,,,,
SBSW,91.2,91.2,91.33,102.81,105.28,96.83,43,48,48,42,,,,,
OFLX,91.2,91.2,91.33,102.81,105.28,96.83,43,48,48,42,,,,,
BURU,91.2,91.2,91.33,102.81,105.28,96.83,43,48,48,42,,,,,
NCNA,91.2,91.2,91.33,102.81,105.28,96.83,43,48,48,42,,,,,
PDCC,91.2,91.2,91.33,102.81,105.28,96.83,43,48,48,42,,,,,
GPAT,91.2,91.2,91.33,102.81,105.28,96.83,43,48,48,42,,,,,
MLACU,91.2,91.2,91.33,102.81,105.28,96.83,43,48,48,42,,,,,
SBLK,91.2,91.2,91.33,102.81,105.28,96.83,43,48,48,42,,,,,
OS,91.2,91.2,91.33,102.81,105.28,96.83,43,48,48,42,,,,,
BCC,91.2,91.2,91.33,102.81,105.28,96.83,43,48,48,42,,,,,
HUIZ,91.2,91.2,91.33,102.81,105.28,96.83,43,48,48,42,,,,,
MKZR,91.2,91.2,91.33,102.81,105.28,96.83,43,48,48,42,,,,,
TCMD,91.2,91.2,91.33,102.81,105.28,96.83,43,48,48,42,,,,,
PFSA,91.2,91.2,91.33,102.81,105.28,96.83,43,48,48,42,,,,,
AURA,91.2,91.2,91.33,102.81,105.28,96.83,43,48,48,42,,,,,
HIND,91.2,91.2,91.33,102.81,105.28,96.83,43,48,48,42,,,,,
DOV,91.2,91.2,91.33,102.81,105.28,96.83,43,48,48,42,,,,,
VC,91.2,91.2,91.33,102.81,105.28,96.83,43,48,48,42,,,,,
LCNB,91.2,91.2,91.33,102.81,105.28,96.83,43,48,48,42,,,,,
WAI,91.2,91.2,91.33,102.81,105.28,96.83,43,48,48,42,,,,,
RETO,91.2,91.2,91.33,102.81,105.28,96.83,43,48,48,42,,,,,
IMTX,91.2,91.2,91.33,102.81,105.28,96.83,43,48,48,42,,,,,
GPRK,91.2,91.2,91.33,102.81,105.28,96.83,43,48,48,42,,,,,
COEP,91.2,91.2,91.33,102.81,105.28,96.83,43,48,48,42,,,,,
FOLD,91.2,91.2,91.33,102.81,105.28,96.83,43,48,48,42,,,,,
CVKD,91.2,91.2,91.33,102.81,105.28,96.83,43,48,48,42,,,,,
CVE,91.2,91.2,91.33,102.81,105.28,96.83,43,48,48,42,,,,,
BGFV,91.2,91.2,91.33,102.81,105.28,96.83,43,48,48,42,,,,,
CMMB,91.2,91.2,91.33,102.81,105.28,96.83,43,48,48,42,,,,,
GMHS,91.2,91.2,91.33,102.81,105.28,96.83,43,48,48,42,,,,,
PG,91.2,91.2,91.33,102.81,105.28,96.83,43,48,48,42,,,,,
MIR,91.2,91.2,91.33,102.81,105.28,96.83,43,48,48,42,,,,,
APPS,91.2,91.2,91.33,102.81,105.28,96.83,43,48,48,42,,,,,
NTIC,91.2,91.2,91.33,102.81,105.28,96.83,43,48,48,42,,,,,
BSGM,91.2,91.2,91.33,102.81,105.28,96.83,43,48,48,42,,,,,
CHAR,91.2,91.2,91.33,102.81,105.28,96.83,43,48,48,42,,,,,
LION,91.2,91.2,91.33,102.81,105.28,96.83,43,48,48,42,,,,,
WLAC,91.2,91.2,91.33,102.81,105.28,96.83,43,48,48,42,,,,,
JL,91.2,91.2,91.33,102.81,105.28,96.83,43,48,48,42,,,,,
CGC,91.2,91.2,91.33,102.81,105.28,96.83,43,48,48,42,,,,,
CPF,91.2,91.2,91.33,102.81,105.28,96.83,43,48,48,42,,,,,
TH,91.2,91.2,91.33,102.81,105.28,96.83,43,48,48,42,,,,,
ETNB,91.2,91.2,91.33,102.81,105.28,96.83,43,48,48,42,,,,,
IROQ,91.2,91.2,91.33,102.81,105.28,96.83,43,48,48,42,,,,,
SSTI,91.2,91.2,91.33,102.81,105.28,96.83,43,48,48,42,,,,,
PNBK,91.2,91.2,91.33,102.81,105.28,96.83,43,48,48,42,,,,,
BTG,91.2,91.2,91.33,102.81,105.28,96.83,43,48,48,42,,,,,
YJ,91.2,91.2,91.33,102.81,105.28,96.83,43,48,48,42,,,,,
KRG,91.2,91.2,91.33,102.81,105.28,96.83,43,48,48,42,,,,,
RYAN,91.2,91.2,91.33,102.81,105.28,96.83,43,48,48,42,,,,,
ENVX,91.2,91.2,91.33,102.81,105.28,96.83,43,48,48,42,,,,,
SO,91.2,91.2,91.33,102.81,105.28,96.83,43,48,48,42,,,,,
EPWK,91.2,91.2,91.33,102.81,105.28,96.83,43,48,48,42,,,,,
TPH,91.2,91.2,91.33,102.81,105.28,96.83,43,48,48,42,,,,,
VHI,91.2,91.2,91.33,102.81,105.28,96.83,43,48,48,42,,,,,
PEBK,91.2,91.2,91.33,102.81,105.28,96.83,43,48,48,42,,,,,
SBUX,91.2,91.2,91.33,102.81,105.28,96.83,43,48,48,42,,,,,
OGEN,91.2,91.2,91.33,102.81,105.28,96.83,43,48,48,42,,,,,
NTIP,91.2,91.2,91.33,102.81,105.28,96.83,43,48,48,42,,,,,
KNX,91.2,91.2,91.33,102.81,105.28,96.83,43,48,48,42,,,,,
IBOC,91.2,91.2,91.33,102.81,105.28,96.83,43,48,48,42,,,,,
VTMX,91.2,91.2,91.33,102.81,105.28,96.83,43,48,48,42,,,,,
STTK,91.2,91.2,91.33,102.81,105.28,96.83,43,48,48,42,,,,,
REVG,91.2,91.2,91.33,102.81,105.28,96.83,43,48,48,42,,,,,
DLHC,91.2,91.2,91.33,102.81,105.28,96.83,43,48,48,42,,,,,
AVNW,91.2,91.2,91.33,102.81,105.28,96.83,43,48,48,42,,,,,
CORT,91.2,91.2,91.33,102.81,105.28,96.83,43,48,48,42,,,,,
ENS,91.2,91.2,91.33,102.81,105.28,96.83,43,48,48,42,,,,,
ARR,91.2,91.2,91.33,102.81,105.28,96.83,43,48,48,42,,,,,
AMBC,91.2,91.2,91.33,102.81,105.28,96.83,43,48,48,42,,,,,
HBANM,91.2,91.2,91.33,102.81,105.28,96.83,43,48,48,42,,,,,
HYMC,91.2,91.2,91.33,102.81,105.28,96.83,43,48,48,42,,,,,
JFU,91.2,91.2,91.33,102.81,105.28,96.83,43,48,48,42,,,,,
DMYY,91.2,91.2,91.33,102.81,105.28,96.83,43,48,48,42,,,,,
DNOW,91.2,91.2,91.33,102.81,105.28,96.83,43,48,48,42,,,,,
CNTY,91.2,91.2,91.33,102.81,105.28,96.83,43,48,48,42,,,,,
FEMY,91.2,91.2,91.33,102.81,105.28,96.83,43,48,48,42,,,,,
CRML,91.2,91.2,91.33,102.81,105.28,96.83,43,48,48,42,,,,,
SHEN,91.2,91.2,91.33,102.81,105.28,96.83,43,48,48,42,,,,,
SIGIP,91.2,91.2,91.33,102.81,105.28,96.83,43,48,48,42,,,,,
FIS,91.2,91.2,91.33,102.81,105.28,96.83,43,48,48,42,,,,,
SIMAU,91.2,91.2,91.33,102.81,105.28,96.83,43,48,48,42,,,,,
BLX,91.2,91.2,91.33,102.81,105.28,96.83,43,48,48,42,,,,,
ERIE,91.2,91.2,91.33,102.81,105.28,96.83,43,48,48,42,,,,,
ADIL,91.2,91.2,91.33,102.81,105.28,96.83,43,48,48,42,,,,,
DSGX,91.2,91.2,91.33,102.81,105.28,96.83,43,48,48,42,,,,,
FACT,91.2,91.2,91.33,102.81,105.28,96.83,43,48,48,42,,,,,
ENIC,91.2,91.2,91.33,102.81,105.28,96.83,43,48,48,42,,,,,
MSDL,91.2,91.2,91.33,102.81,105.28,96.83,43,48,48,42,,,,,
NAAS,91.2,91.2,91.33,102.81,105.28,96.83,43,48,48,42,,,,,
INGM,91.2,91.2,91.33,102.81,105.28,96.83,43,48,48,42,,,,,
NTCL,91.2,91.2,91.33,102.81,105.28,96.83,43,48,48,42,,,,,
LULU,91.2,91.2,91.33,102.81,105.28,96.83,43,48,48,42,,,,,
CRNT,91.2,91.2,91.33,102.81,105.28,96.83,43,48,48,42,,,,,
FLGC,91.2,91.2,91.33,102.81,105.28,96.83,43,48,48,42,,,,,
HTGC,91.2,91.2,91.33,102.81,105.28,96.83,43,48,48,42,,,,,
IMNM,91.2,91.2,91.33,102.81,105.28,96.83,43,48,48,42,,,,,
YMM,91.2,91.2,91.33,102.81,105.28,96.83,43,48,48,42,,,,,
HLP,91.2,91.2,91.33,102.81,105.28,96.83,43,48,48,42,,,,,
SZZL,91.2,91.2,91.33,102.81,105.28,96.83,43,48,48,42,,,,,
RXRX,91.2,91.2,91.33,102.81,105.28,96.83,43,48,48,42,,,,,
TSN,91.2,91.2,91.33,102.81,105.28,96.83,43,48,48,42,,,,,
ENOV,91.2,91.2,91.33,102.81,105.28,96.83,43,48,48,42,,,,,
RGEN,91.2,91.2,91.33,102.81,105.28,96.83,43,48,48,42,,,,,
MHUA,91.2,91.2,91.33,102.81,105.28,96.83,43,48,48,42,,,,,
CBIO,91.2,91.2,91.33,102.81,105.28,96.83,43,48,48,42,,,,,
FLG,91.2,91.2,91.33,102.81,105.28,96.83,43,48,48,42,,,,,
GRFS,91.2,91.2,91.33,102.81,105.28,96.83,43,48,48,42,,,,,
CMRC,91.2,91.2,91.33,102.81,105.28,96.83,43,48,48,42,,,,,
RCKY,91.2,91.2,91.33,102.81,105.28,96.83,43,48,48,42,,,,,
ULS,91.2,91.2,91.33,102.81,105.28,96.83,43,48,48,42,,,,,
HSDT,91.2,91.2,91.33,102.81,105.28,96.83,43,48,48,42,,,,,
HTCO,91.2,91.2,91.33,102.81,105.28,96.83,43,48,48,42,,,,,
IMCC,91.2,91.2,91.33,102.81,105.28,96.83,43,48,48,42,,,,,
AGAE,91.2,91.2,91.33,102.81,105.28,96.83,43,48,48,42,,,,,
LVRO,91.2,91.2,91.33,102.81,105.28,96.83,43,48,48,42,,,,,
CLF,91.2,91.2,91.33,102.81,105.28,96.83,43,48,48,42,,,,,
GERN,91.2,91.2,91.33,102.81,105.28,96.83,43,48,48,42,,,,,
ELAB,91.2,91.2,91.33,102.81,105.28,96.83,43,48,48,42,,,,,
AIIO,91.2,91.2,91.33,102.81,105.28,96.83,43,48,48,42,,,,,
CHYM,91.2,91.2,91.33,102.81,105.28,96.83,43,48,48,42,,,,,
GOCO,91.2,91.2,91.33,102.81,105.28,96.83,43,48,48,42,,,,,
PACHU,91.2,91.2,91.33,102.81,105.28,96.83,43,48,48,42,,,,,
DFLI,91.2,91.2,91.33,102.81,105.28,96.83,43,48,48,42,,,,,
MIRM,91.2,91.2,91.33,102.81,105.28,96.83,43,48,48,42,,,,,
SRI,91.2,91.2,91.33,102.81,105.28,96.83,43,48,48,42,,,,,
KSCP,91.2,91.2,91.33,102.81,105.28,96.83,43,48,48,42,,,,,
ST,91.2,91.2,91.33,102.81,105.28,96.83,43,48,48,42,,,,,
DV,91.2,91.2,91.33,102.81,105.28,96.83,43,48,48,42,,,,,
SKY,91.2,91.2,91.33,102.81,105.28,96.83,43,48,48,42,,,,,
CNXC,91.2,91.2,91.33,102.81,105.28,96.83,43,48,48,42,,,,,
INVX,91.2,91.2,91.33,102.81,105.28,96.83,43,48,48,42,,,,,
JBI,91.2,91.2,91.33,102.81,105.28,96.83,43,48,48,42,,,,,
KC,91.2,91.2,91.33,102.81,105.28,96.83,43,48,48,42,,,,,
MYNZ,91.2,91.2,91.33,102.81,105.28,96.83,43,48,48,42,,,,,
STNG,91.2,91.2,91.33,102.81,105.28,96.83,43,48,48,42,,,,,
CRAI,91.2,91.2,91.33,102.81,105.28,96.83,43,48,48,42,,,,,
AGO,91.2,91.2,91.33,102.81,105.28,96.83,43,48,48,42,,,,,
SFWL,91.2,91.2,91.33,102.81,105.28,96.83,43,48,48,42,,,,,
DMLP,91.2,91.2,91.33,102.81,105.28,96.83,43,48,48,42,,,,,
OPT,91.2,91.2,91.33,102.81,105.28,96.83,43,48,48,42,,,,,
BURL,91.2,91.2,91.33,102.81,105.28,96.83,43,48,48,42,,,,,
OPY,91.2,91.2,91.33,102.81,105.28,96.83,43,48,48,42,,,,,
AMRZ,91.2,91.2,91.33,102.81,105.28,96.83,43,48,48,42,,,,,
KROS,91.2,91.2,91.33,102.81,105.28,96.83,43,48,48,42,,,,,
FRSH,91.2,91.2,91.33,102.81,105.28,96.83,43,48,48,42,,,,,
CMP,91.2,91.2,91.33,102.81,105.28,96.83,43,48,48,42,,,,,
LUCY,91.2,91.2,91.33,102.81,105.28,96.83,43,48,48,42,,,,,
SNAP,91.2,91.2,91.33,102.81,105.28,96.83,43,48,48,42,,,,,
OCS,91.2,91.2,91.33,102.81,105.28,96.83,43,48,48,42,,,,,
RHI,91.2,91.2,91.33,102.81,105.28,96.83,43,48,48,42,,,,,
VEEV,91.2,91.2,91.33,102.81,105.28,96.83,43,48,48,42,,,,,
EXLS,91.2,91.2,91.33,102.81,105.28,96.83,43,48,48,42,,,,,
ZKIN,91.2,91.2,91.33,102.81,105.28,96.83,43,48,48,42,,,,,
AMTD,91.2,91.2,91.33,102.81,105.28,96.83,43,48,48,42,,,,,
VRDN,91.2,91.2,91.33,102.81,105.28,96.83,43,48,48,42,,,,,
ZGN,91.2,91.2,91.33,102.81,105.28,96.83,43,48,48,42,,,,,
HWKN,91.2,91.2,91.33,102.81,105.28,96.83,43,48,48,42,,,,,
JENA,91.2,91.2,91.33,102.81,105.28,96.83,43,48,48,42,,,,,
PLAB,91.2,91.2,91.33,102.81,105.28,96.83,43,48,48,42,,,,,
CNC,91.2,91.2,91.33,102.81,105.28,96.83,43,48,48,42,,,,,
GAU,91.2,91.2,91.33,102.81,105.28,96.83,43,48,48,42,,,,,
DTIL,91.2,91.2,91.33,102.81,105.28,96.83,43,48,48,42,,,,,
RNR,91.2,91.2,91.33,102.81,105.28,96.83,43,48,48,42,,,,,
VABK,91.2,91.2,91.33,102.81,105.28,96.83,43,48,48,42,,,,,
OZ,91.2,91.2,91.33,102.81,105.28,96.83,43,48,48,42,,,,,
OMCL,91.2,91.2,91.33,102.81,105.28,96.83,43,48,48,42,,,,,
BRTX,91.2,91.2,91.33,102.81,105.28,96.83,43,48,48,42,,,,,
APTV,91.2,91.2,91.33,102.81,105.28,96.83,43,48,48,42,,,,,
CPAY,91.2,91.2,91.33,102.81,105.28,96.83,43,48,48,42,,,,,
SU,91.2,91.2,91.33,102.81,105.28,96.83,43,48,48,42,,,,,
ITRM,91.2,91.2,91.33,102.81,105.28,96.83,43,48,48,42,,,,,
LU,91.2,91.2,91.33,102.81,105.28,96.83,43,48,48,42,,,,,
PX,91.2,91.2,91.33,102.81,105.28,96.83,43,48,48,42,,,,,
SPCE,91.2,91.2,91.33,102.81,105.28,96.83,43,48,48,42,,,,,
IMMR,91.2,91.2,91.33,102.81,105.28,96.83,43,48,48,42,,,,,
HYPR,91.2,91.2,91.33,102.81,105.28,96.83,43,48,48,42,,,,,
SCS,91.2,91.2,91.33,102.81,105.28,96.83,43,48,48,42,,,,,
GOGO,91.2,91.2,91.33,102.81,105.28,96.83,43,48,48,42,,,,,
APLS,91.2,91.2,91.33,102.81,105.28,96.83,43,48,48,42,,,,,
LB,91.2,91.2,91.33,102.81,105.28,96.83,43,48,48,42,,,,,
RES,91.2,91.2,91.33,102.81,105.28,96.83,43,48,48,42,,,,,
ATRC,91.2,91.2,91.33,102.81,105.28,96.83,43,48,48,42,,,,,
CNH,91.2,91.2,91.33,102.81,105.28,96.83,43,48,48,42,,,,,
NRGV,91.2,91.2,91.33,102.81,105.28,96.83,43,48,48,42,,,,,
FUNC,91.2,91.2,91.33,102.81,105.28,96.83,43,48,48,42,,,,,
IMCR,91.2,91.2,91.33,102.81,105.28,96.83,43,48,48,42,,,,,
CF,91.2,91.2,91.33,102.81,105.28,96.83,43,48,48,42,,,,,
CYTK,91.2,91.2,91.33,102.81,105.28,96.83,43,48,48,42,,,,,
IPI,91.2,91.2,91.33,102.81,105.28,96.83,43,48,48,42,,,,,
JBDI,91.2,91.2,91.33,102.81,105.28,96.83,43,48,48,42,,,,,
ASTS,91.2,91.2,91.33,102.81,105.28,96.83,43,48,48,42,,,,,
IMRX,91.2,91.2,91.33,102.81,105.28,96.83,43,48,48,42,,,,,
SLDE,91.2,91.2,91.33,102.81,105.28,96.83,43,48,48,42,,,,,
INTA,91.2,91.2,91.33,102.81,105.28,96.83,43,48,48,42,,,,,
XENE,91.2,91.2,91.33,102.81,105.28,96.83,43,48,48,42,,,,,
TAOX,91.2,91.2,91.33,102.81,105.28,96.83,43,48,48,42,,,,,
XBP,91.2,91.2,91.33,102.81,105.28,96.83,43,48,48,42,,,,,
CMPX,91.2,91.2,91.33,102.81,105.28,96.83,43,48,48,42,,,,,
PMEC,91.2,91.2,91.33,102.81,105.28,96.83,43,48,48,42,,,,,
AIZ,91.2,91.2,91.33,102.81,105.28,96.83,43,48,48,42,,,,,
AHG,91.2,91.2,91.33,102.81,105.28,96.83,43,48,48,42,,,,,
RLGT,91.2,91.2,91.33,102.81,105.28,96.83,43,48,48,42,,,,,
REXR,91.2,91.2,91.33,102.81,105.28,96.83,43,48,48,42,,,,,
PBYI,91.2,91.2,91.33,102.81,105.28,96.83,43,48,48,42,,,,,
NIO,91.2,91.2,91.33,102.81,105.28,96.83,43,48,48,42,,,,,
TEL,91.2,91.2,91.33,102.81,105.28,96.83,43,48,48,42,,,,,
UROY,91.2,91.2,91.33,102.81,105.28,96.83,43,48,48,42,,,,,
USGO,91.2,91.2,91.33,102.81,105.28,96.83,43,48,48,42,,,,,
BALY,91.2,91.2,91.33,102.81,105.28,96.83,43,48,48,42,,,,,
LAKE,91.2,91.2,91.33,102.81,105.28,96.83,43,48,48,42,,,,,
HURC,91.2,91.2,91.33,102.81,105.28,96.83,43,48,48,42,,,,,
WTFCN,91.2,91.2,91.33,102.81,105.28,96.83,43,48,48,42,,,,,
PVLA,91.2,91.2,91.33,102.81,105.28,96.83,43,48,48,42,,,,,
EDN,91.2,91.2,91.33,102.81,105.28,96.83,43,48,48,42,,,,,
NBIS,91.2,91.2,91.33,102.81,105.28,96.83,43,48,48,42,,,,,
IE,91.2,91.2,91.33,102.81,105.28,96.83,43,48,48,42,,,,,
BAP,91.2,91.2,91.33,102.81,105.28,96.83,43,48,48,42,,,,,
IPGP,91.2,91.2,91.33,102.81,105.28,96.83,43,48,48,42,,,,,
HONDU,91.2,91.2,91.33,102.81,105.28,96.83,43,48,48,42,,,,,
CWT,91.2,91.2,91.33,102.81,105.28,96.83,43,48,48,42,,,,,
LDWY,91.2,91.2,91.33,102.81,105.28,96.83,43,48,48,42,,,,,
ZBH,91.2,91.2,91.33,102.81,105.28,96.83,43,48,48,42,,,,,
HONE,91.2,91.2,91.33,102.81,105.28,96.83,43,48,48,42,,,,,
FTEL,91.2,91.2,91.33,102.81,105.28,96.83,43,48,48,42,,,,,
CARL,91.2,91.2,91.33,102.81,105.28,96.83,43,48,48,42,,,,,
NDSN,91.2,91.2,91.33,102.81,105.28,96.83,43,48,48,42,,,,,
BSAC,91.2,91.2,91.33,102.81,105.28,96.83,43,48,48,42,,,,,
FRPH,91.2,91.2,91.33,102.81,105.28,96.83,43,48,48,42,,,,,
RELI,91.2,91.2,91.33,102.81,105.28,96.83,43,48,48,42,,,,,
EONR,91.2,91.2,91.33,102.81,105.28,96.83,43,48,48,42,,,,,
MAGN,91.2,91.2,91.33,102.81,105.28,96.83,43,48,48,42,,,,,
GNFT,91.2,91.2,91.33,102.81,105.28,96.83,43,48,48,42,,,,,
BHRB,91.2,91.2,91.33,102.81,105.28,96.83,43,48,48,42,,,,,
TNL,91.2,91.2,91.33,102.81,105.28,96.83,43,48,48,42,,,,,
ASC,91.2,91.2,91.33,102.81,105.28,96.83,43,48,48,42,,,,,
ALLT,91.2,91.2,91.33,102.81,105.28,96.83,43,48,48,42,,,,,
SKBL,91.2,91.2,91.33,102.81,105.28,96.83,43,48,48,42,,,,,
BKKT,91.2,91.2,91.33,102.81,105.28,96.83,43,48,48,42,,,,,
EFX,91.2,91.2,91.33,102.81,105.28,96.83,43,48,48,42,,,,,
AKRO,91.2,91.2,91.33,102.81,105.28,96.83,43,48,48,42,,,,,
CBFV,91.2,91.2,91.33,102.81,105.28,96.83,43,48,48,42,,,,,
BLMN,91.2,91.2,91.33,102.81,105.28,96.83,43,48,48,42,,,,,
RVMD,91.2,91.2,91.33,102.81,105.28,96.83,43,48,48,42,,,,,
CCII,91.2,91.2,91.33,102.81,105.28,96.83,43,48,48,42,,,,,
IBO,91.2,91.2,91.33,102.81,105.28,96.83,43,48,48,42,,,,,
ESS,91.2,91.2,91.33,102.81,105.28,96.83,43,48,48,42,,,,,
OLO,91.2,91.2,91.33,102.81,105.28,96.83,43,48,48,42,,,,,
IMNN,91.2,91.2,91.33,102.81,105.28,96.83,43,48,48,42,,,,,
LILA,91.2,91.2,91.33,102.81,105.28,96.83,43,48,48,42,,,,,
MA,91.2,91.2,91.33,102.81,105.28,96.83,43,48,48,42,,,,,
APEI,91.2,91.2,91.33,102.81,105.28,96.83,43,48,48,42,,,,,
PINC,91.2,91.2,91.33,102.81,105.28,96.83,43,48,48,42,,,,,
NCRA,91.2,91.2,91.33,102.81,105.28,96.83,43,48,48,42,,,,,
IONQ,91.2,91.2,91.33,102.81,105.28,96.83,43,48,48,42,,,,,
MLEC,91.2,91.2,91.33,102.81,105.28,96.83,43,48,48,42,,,,,
ZBIO,91.2,91.2,91.33,102.81,105.28,96.83,43,48,48,42,,,,,
REVB,91.2,91.2,91.33,102.81,105.28,96.83,43,48,48,42,,,,,
O,91.2,91.2,91.33,102.81,105.28,96.83,43,48,48,42,,,,,
BXP,91.2,91.2,91.33,102.81,105.28,96.83,43,48,48,42,,,,,
BEEM,91.2,91.2,91.33,102.81,105.28,96.83,43,48,48,42,,,,,
HSY,91.2,91.2,91.33,102.81,105.28,96.83,43,48,48,42,,,,,
GILT,91.2,91.2,91.33,102.81,105.28,96.83,43,48,48,42,,,,,
QD,91.2,91.2,91.33,102.81,105.28,96.83,43,48,48,42,,,,,
BFRG,91.2,91.2,91.33,102.81,105.28,96.83,43,48,48,42,,,,,
VOYA,91.2,91.2,91.33,102.81,105.28,96.83,43,48,48,42,,,,,
CX,91.2,91.2,91.33,102.81,105.28,96.83,43,48,48,42,,,,,
OPTT,91.2,91.2,91.33,102.81,105.28,96.83,43,48,48,42,,,,,
TNMG,91.2,91.2,91.33,102.81,105.28,96.83,43,48,48,42,,,,,
VVV,91.2,91.2,91.33,102.81,105.28,96.83,43,48,48,42,,,,,
DRVN,91.2,91.2,91.33,102.81,105.28,96.83,43,48,48,42,,,,,
PHG,91.2,91.2,91.33,102.81,105.28,96.83,43,48,48,42,,,,,
PSHG,91.2,91.2,91.33,102.81,105.28,96.83,43,48,48,42,,,,,
AMH,91.2,91.2,91.33,102.81,105.28,96.83,43,48,48,42,,,,,
ZJK,91.2,91.2,91.33,102.81,105.28,96.83,43,48,48,42,,,,,
INGN,91.2,91.2,91.33,102.81,105.28,96.83,43,48,48,42,,,,,
LVS,91.2,91.2,91.33,102.81,105.28,96.83,43,48,48,42,,,,,
CRMD,91.2,91.2,91.33,102.81,105.28,96.83,43,48,48,42,,,,,
HSPTU,91.2,91.2,91.33,102.81,105.28,96.83,43,48,48,42,,,,,
CING,91.2,91.2,91.33,102.81,105.28,96.83,43,48,48,42,,,,,
HKIT,91.2,91.2,91.33,102.81,105.28,96.83,43,48,48,42,,,,,
MIDD,91.2,91.2,91.33,102.81,105.28,96.83,43,48,48,42,,,,,
RFAI,91.2,91.2,91.33,102.81,105.28,96.83,43,48,48,42,,,,,
ESAB,91.2,91.2,91.33,102.81,105.28,96.83,43,48,48,42,,,,,
CVBF,91.2,91.2,91.33,102.81,105.28,96.83,43,48,48,42,,,,,
OSPN,91.2,91.2,91.33,102.81,105.28,96.83,43,48,48,42,,,,,
LMAT,91.2,91.2,91.33,102.81,105.28,96.83,43,48,48,42,,,,,
BTE,91.2,91.2,91.33,102.81,105.28,96.83,43,48,48,42,,,,,
TFIN,91.2,91.2,91.33,102.81,105.28,96.83,43,48,48,42,,,,,
RAY,91.2,91.2,91.33,102.81,105.28,96.83,43,48,48,42,,,,,
HD,91.2,91.2,91.33,102.81,105.28,96.83,43,48,48,42,,,,,
BHFAN,91.2,91.2,91.33,102.81,105.28,96.83,43,48,48,42,,,,,
MOH,91.2,91.2,91.33,102.81,105.28,96.83,43,48,48,42,,,,,
TRTX,91.2,91.2,91.33,102.81,105.28,96.83,43,48,48,42,,,,,
FSS,91.2,91.2,91.33,102.81,105.28,96.83,43,48,48,42,,,,,
CMCO,91.2,91.2,91.33,102.81,105.28,96.83,43,48,48,42,,,,,
EPSN,91.2,91.2,91.33,102.81,105.28,96.83,43,48,48,42,,,,,
MOMO,91.2,91.2,91.33,102.81,105.28,96.83,43,48,48,42,,,,,
LSE,91.2,91.2,91.33,102.81,105.28,96.83,43,48,48,42,,,,,
OCUL,91.2,91.2,91.33,102.81,105.28,96.83,43,48,48,42,,,,,
ACTG,91.2,91.2,91.33,102.81,105.28,96.83,43,48,48,42,,,,,
ENTA,91.2,91.2,91.33,102.81,105.28,96.83,43,48,48,42,,,,,
FLWS,91.2,91.2,91.33,102.81,105.28,96.83,43,48,48,42,,,,,
NCEW,91.2,91.2,91.33,102.81,105.28,96.83,43,48,48,42,,,,,
LBRDK,91.2,91.2,91.33,102.81,105.28,96.83,43,48,48,42,,,,,
TYRA,91.2,91.2,91.33,102.81,105.28,96.83,43,48,48,42,,,,,
EXPD,91.2,91.2,91.33,102.81,105.28,96.83,43,48,48,42,,,,,
NPACU,91.2,91.2,91.33,102.81,105.28,96.83,43,48,48,42,,,,,
LPG,91.2,91.2,91.33,102.81,105.28,96.83,43,48,48,42,,,,,
ATI,91.2,91.2,91.33,102.81,105.28,96.83,43,48,48,42,,,,,
MARA,91.2,91.2,91.33,102.81,105.28,96.83,43,48,48,42,,,,,
TGB,91.2,91.2,91.33,102.81,105.28,96.83,43,48,48,42,,,,,
SNA,91.2,91.2,91.33,102.81,105.28,96.83,43,48,48,42,,,,,
HLLY,91.2,91.2,91.33,102.81,105.28,96.83,43,48,48,42,,,,,
FIGXU,91.2,91.2,91.33,102.81,105.28,96.83,43,48,48,42,,,,,
LITE,91.2,91.2,91.33,102.81,105.28,96.83,43,48,48,42,,,,,
GOLF,91.2,91.2,91.33,102.81,105.28,96.83,43,48,48,42,,,,,
BGS,91.2,91.2,91.33,102.81,105.28,96.83,43,48,48,42,,,,,
MSGM,91.2,91.2,91.33,102.81,105.28,96.83,43,48,48,42,,,,,
LINE,91.2,91.2,91.33,102.81,105.28,96.83,43,48,48,42,,,,,
PCSC,91.2,91.2,91.33,102.81,105.28,96.83,43,48,48,42,,,,,
OII,91.2,91.2,91.33,102.81,105.28,96.83,43,48,48,42,,,,,
CSR,91.2,91.2,91.33,102.81,105.28,96.83,43,48,48,42,,,,,
MAMK,91.2,91.2,91.33,102.81,105.28,96.83,43,48,48,42,,,,,
XGN,91.2,91.2,91.33,102.81,105.28,96.83,43,48,48,42,,,,,
ASPI,91.2,91.2,91.33,102.81,105.28,96.83,43,48,48,42,,,,,
PM,91.2,91.2,91.33,102.81,105.28,96.83,43,48,48,42,,,,,
HCC,91.2,91.2,91.33,102.81,105.28,96.83,43,48,48,42,,,,,
IMTE,91.2,91.2,91.33,102.81,105.28,96.83,43,48,48,42,,,,,
TPR,91.2,91.2,91.33,102.81,105.28,96.83,43,48,48,42,,,,,
GKOS,91.2,91.2,91.33,102.81,105.28,96.83,43,48,48,42,,,,,
ATHA,91.2,91.2,91.33,102.81,105.28,96.83,43,48,48,42,,,,,
USEA,91.2,91.2,91.33,102.81,105.28,96.83,43,48,48,42,,,,,
CHDN,91.2,91.2,91.33,102.81,105.28,96.83,43,48,48,42,,,,,
FAT,91.2,91.2,91.33,102.81,105.28,96.83,43,48,48,42,,,,,
BDL,91.2,91.2,91.33,102.81,105.28,96.83,43,48,48,42,,,,,
ATLN,91.2,91.2,91.33,102.81,105.28,96.83,43,48,48,42,,,,,
REKR,91.2,91.2,91.33,102.81,105.28,96.83,43,48,48,42,,,,,
QUMSU,91.2,91.2,91.33,102.81,105.28,96.83,43,48,48,42,,,,,
MORN,91.2,91.2,91.33,102.81,105.28,96.83,43,48,48,42,,,,,
BENF,91.2,91.2,91.33,102.81,105.28,96.83,43,48,48,42,,,,,
HOND,91.2,91.2,91.33,102.81,105.28,96.83,43,48,48,42,,,,,
FC,91.2,91.2,91.33,102.81,105.28,96.83,43,48,48,42,,,,,
BBW,91.2,91.2,91.33,102.81,105.28,96.83,43,48,48,42,,,,,
PATK,91.2,91.2,91.33,102.81,105.28,96.83,43,48,48,42,,,,,
CLW,91.2,91.2,91.33,102.81,105.28,96.83,43,48,48,42,,,,,
ERNA,91.2,91.2,91.33,102.81,105.28,96.83,43,48,48,42,,,,,
DRDBU,91.2,91.2,91.33,102.81,105.28,96.83,43,48,48,42,,,,,
AGNCO,91.2,91.2,91.33,102.81,105.28,96.83,43,48,48,42,,,,,
PTHL,91.2,91.2,91.33,102.81,105.28,96.83,43,48,48,42,,,,,
BDMD,91.2,91.2,91.33,102.81,105.28,96.83,43,48,48,42,,,,,
ATMVU,91.2,91.2,91.33,102.81,105.28,96.83,43,48,48,42,,,,,
CCCC,91.2,91.2,91.33,102.81,105.28,96.83,43,48,48,42,,,,,
MIND,91.2,91.2,91.33,102.81,105.28,96.83,43,48,48,42,,,,,
BTDR,91.2,91.2,91.33,102.81,105.28,96.83,43,48,48,42,,,,,
ADV,91.2,91.2,91.33,102.81,105.28,96.83,43,48,48,42,,,,,
ASH,91.2,91.2,91.33,102.81,105.28,96.83,43,48,48,42,,,,,
MRNA,91.2,91.2,91.33,102.81,105.28,96.83,43,48,48,42,,,,,
LVTX,91.2,91.2,91.33,102.81,105.28,96.83,43,48,48,42,,,,,
MHH,91.2,91.2,91.33,102.81,105.28,96.83,43,48,48,42,,,,,
INTU,91.2,91.2,91.33,102.81,105.28,96.83,43,48,48,42,,,,,
PEN,91.2,91.2,91.33,102.81,105.28,96.83,43,48,48,42,,,,,
NEGG,91.2,91.2,91.33,102.81,105.28,96.83,43,48,48,42,,,,,
TXRH,91.2,91.2,91.33,102.81,105.28,96.83,43,48,48,42,,,,,
PWR,91.2,91.2,91.33,102.81,105.28,96.83,43,48,48,42,,,,,
CUPR,91.2,91.2,91.33,102.81,105.28,96.83,43,48,48,42,,,,,
G,91.2,91.2,91.33,102.81,105.28,96.83,43,48,48,42,,,,,
NEE,91.2,91.2,91.33,102.81,105.28,96.83,43,48,48,42,,,,,
HMC,91.2,91.2,91.33,102.81,105.28,96.83,43,48,48,42,,,,,
ORC,91.2,91.2,91.33,102.81,105.28,96.83,43,48,48,42,,,,,
BZ,91.2,91.2,91.33,102.81,105.28,96.83,43,48,48,42,,,,,
ELA,91.2,91.2,91.33,102.81,105.28,96.83,43,48,48,42,,,,,
VTSI,91.2,91.2,91.33,102.81,105.28,96.83,43,48,48,42,,,,,
SIM,91.2,91.2,91.33,102.81,105.28,96.83,43,48,48,42,,,,,
OLMA,91.2,91.2,91.33,102.81,105.28,96.83,43,48,48,42,,,,,
FR,91.2,91.2,91.33,102.81,105.28,96.83,43,48,48,42,,,,,
CVX,91.2,91.2,91.33,102.81,105.28,96.83,43,48,48,42,,,,,
RCAT,91.2,91.2,91.33,102.81,105.28,96.83,43,48,48,42,,,,,
FPH,91.2,91.2,91.33,102.81,105.28,96.83,43,48,48,42,,,,,
CI,91.2,91.2,91.33,102.81,105.28,96.83,43,48,48,42,,,,,
NMIH,91.2,91.2,91.33,102.81,105.28,96.83,43,48,48,42,,,,,
SHMD,91.2,91.2,91.33,102.81,105.28,96.83,43,48,48,42,,,,,
MBWM,91.2,91.2,91.33,102.81,105.28,96.83,43,48,48,42,,,,,
MAC,91.2,91.2,91.33,102.81,105.28,96.83,43,48,48,42,,,,,
WLDN,91.2,91.2,91.33,102.81,105.28,96.83,43,48,48,42,,,,,
EPIX,91.2,91.2,91.33,102.81,105.28,96.83,43,48,48,42,,,,,
ZEUS,91.2,91.2,91.33,102.81,105.28,96.83,43,48,48,42,,,,,
BJ,91.2,91.2,91.33,102.81,105.28,96.83,43,48,48,42,,,,,
NDRA,91.2,91.2,91.33,102.81,105.28,96.83,43,48,48,42,,,,,
JDZG,91.2,91.2,91.33,102.81,105.28,96.83,43,48,48,42,,,,,
ANET,91.2,91.2,91.33,102.81,105.28,96.83,43,48,48,42,,,,,
SLS,91.2,91.2,91.33,102.81,105.28,96.83,43,48,48,42,,,,,
BSAA,91.2,91.2,91.33,102.81,105.28,96.83,43,48,48,42,,,,,
SMTK,91.2,91.2,91.33,102.81,105.28,96.83,43,48,48,42,,,,,
EPRT,91.2,91.2,91.33,102.81,105.28,96.83,43,48,48,42,,,,,
SERA,91.2,91.2,91.33,102.81,105.28,96.83,43,48,48,42,,,,,
LUCK,91.2,91.2,91.33,102.81,105.28,96.83,43,48,48,42,,,,,
ELPC,91.2,91.2,91.33,102.81,105.28,96.83,43,48,48,42,,,,,
MGYR,91.2,91.2,91.33,102.81,105.28,96.83,43,48,48,42,,,,,
PCTTU,91.2,91.2,91.33,102.81,105.28,96.83,43,48,48,42,,,,,
CLVT,91.2,91.2,91.33,102.81,105.28,96.83,43,48,48,42,,,,,
SPRC,91.2,91.2,91.33,102.81,105.28,96.83,43,48,48,42,,,,,
CFLT,91.2,91.2,91.33,102.81,105.28,96.83,43,48,48,42,,,,,
LLYVA,91.2,91.2,91.33,102.81,105.28,96.83,43,48,48,42,,,,,
PPG,91.2,91.2,91.33,102.81,105.28,96.83,43,48,48,42,,,,,
ONTF,91.2,91.2,91.33,102.81,105.28,96.83,43,48,48,42,,,,,
HBNB,91.2,91.2,91.33,102.81,105.28,96.83,43,48,48,42,,,,,
TXT,91.2,91.2,91.33,102.81,105.28,96.83,43,48,48,42,,,,,
BLDR,91.2,91.2,91.33,102.81,105.28,96.83,43,48,48,42,,,,,
NXPI,91.2,91.2,91.33,102.81,105.28,96.83,43,48,48,42,,,,,
GTENU,91.2,91.2,91.33,102.81,105.28,96.83,43,48,48,42,,,,,
TTE,91.2,91.2,91.33,102.81,105.28,96.83,43,48,48,42,,,,,
PLAY,91.2,91.2,91.33,102.81,105.28,96.83,43,48,48,42,,,,,
RLYB,91.2,91.2,91.33,102.81,105.28,96.83,43,48,48,42,,,,,
ACET,91.2,91.2,91.33,102.81,105.28,96.83,43,48,48,42,,,,,
COSM,91.2,91.2,91.33,102.81,105.28,96.83,43,48,48,42,,,,,
ZION,91.2,91.2,91.33,102.81,105.28,96.83,43,48,48,42,,,,,
CBRL,91.2,91.2,91.33,102.81,105.28,96.83,43,48,48,42,,,,,
IXHL,91.2,91.2,91.33,102.81,105.28,96.83,43,48,48,42,,,,,
FELE,91.2,91.2,91.33,102.81,105.28,96.83,43,48,48,42,,,,,
ORIC,91.2,91.2,91.33,102.81,105.28,96.83,43,48,48,42,,,,,
III,91.2,91.2,91.33,102.81,105.28,96.83,43,48,48,42,,,,,
PLNT,91.2,91.2,91.33,102.81,105.28,96.83,43,48,48,42,,,,,
FENG,91.2,91.2,91.33,102.81,105.28,96.83,43,48,48,42,,,,,
ZYBT,91.2,91.2,91.33,102.81,105.28,96.83,43,48,48,42,,,,,
OLB,91.2,91.2,91.33,102.81,105.28,96.83,43,48,48,42,,,,,
ANSC,91.2,91.2,91.33,102.81,105.28,96.83,43,48,48,42,,,,,
ELVA,91.2,91.2,91.33,102.81,105.28,96.83,43,48,48,42,,,,,
MPTI,91.2,91.2,91.33,102.81,105.28,96.83,43,48,48,42,,,,,
ADAG,91.2,91.2,91.33,102.81,105.28,96.83,43,48,48,42,,,,,
VSH,91.2,91.2,91.33,102.81,105.28,96.83,43,48,48,42,,,,,
THRM,91.2,91.2,91.33,102.81,105.28,96.83,43,48,48,42,,,,,
SEB,91.2,91.2,91.33,102.81,105.28,96.83,43,48,48,42,,,,,
HPK,91.2,91.2,91.33,102.81,105.28,96.83,43,48,48,42,,,,,
CHRW,91.2,91.2,91.33,102.81,105.28,96.83,43,48,48,42,,,,,
KZR,91.2,91.2,91.33,102.81,105.28,96.83,43,48,48,42,,,,,
AGNCP,91.2,91.2,91.33,102.81,105.28,96.83,43,48,48,42,,,,,
LEA,91.2,91.2,91.33,102.81,105.28,96.83,43,48,48,42,,,,,
HAFN,91.2,91.2,91.33,102.81,105.28,96.83,43,48,48,42,,,,,
ACVA,91.2,91.2,91.33,102.81,105.28,96.83,43,48,48,42,,,,,
DTM,91.2,91.2,91.33,102.81,105.28,96.83,43,48,48,42,,,,,
GLIBA,91.2,91.2,91.33,102.81,105.28,96.83,43,48,48,42,,,,,
NNE,91.2,91.2,91.33,102.81,105.28,96.83,43,48,48,42,,,,,
FORR,91.2,91.2,91.33,102.81,105.28,96.83,43,48,48,42,,,,,
ESGL,91.2,91.2,91.33,102.81,105.28,96.83,43,48,48,42,,,,,
DYCQU,91.2,91.2,91.33,102.81,105.28,96.83,43,48,48,42,,,,,
ONL,91.2,91.2,91.33,102.81,105.28,96.83,43,48,48,42,,,,,
ASTE,91.2,91.2,91.33,102.81,105.28,96.83,43,48,48,42,,,,,
VRCA,91.2,91.2,91.33,102.81,105.28,96.83,43,48,48,42,,,,,
FWRG,91.2,91.2,91.33,102.81,105.28,96.83,43,48,48,42,,,,,
IDR,91.2,91.2,91.33,102.81,105.28,96.83,43,48,48,42,,,,,
PCYO,91.2,91.2,91.33,102.81,105.28,96.83,43,48,48,42,,,,,
FDBC,91.2,91.2,91.33,102.81,105.28,96.83,43,48,48,42,,,,,
NNOX,91.2,91.2,91.33,102.81,105.28,96.83,43,48,48,42,,,,,
PFBC,91.2,91.2,91.33,102.81,105.28,96.83,43,48,48,42,,,,,
HVII,91.2,91.2,91.33,102.81,105.28,96.83,43,48,48,42,,,,,
GLRE,91.2,91.2,91.33,102.81,105.28,96.83,43,48,48,42,,,,,
HFBL,91.2,91.2,91.33,102.81,105.28,96.83,43,48,48,42,,,,,
TBRG,91.2,91.2,91.33,102.81,105.28,96.83,43,48,48,42,,,,,
RBBN,91.2,91.2,91.33,102.81,105.28,96.83,43,48,48,42,,,,,
EHLD,91.2,91.2,91.33,102.81,105.28,96.83,43,48,48,42,,,,,
GIGM,91.2,91.2,91.33,102.81,105.28,96.83,43,48,48,42,,,,,
ETHM,91.2,91.2,91.33,102.81,105.28,96.83,43,48,48,42,,,,,
TRV,91.2,91.2,91.33,102.81,105.28,96.83,43,48,48,42,,,,,
WVVI,91.2,91.2,91.33,102.81,105.28,96.83,43,48,48,42,,,,,
XBIO,91.2,91.2,91.33,102.81,105.28,96.83,43,48,48,42,,,,,
CLX,91.2,91.2,91.33,102.81,105.28,96.83,43,48,48,42,,,,,
LGCL,91.2,91.2,91.33,102.81,105.28,96.83,43,48,48,42,,,,,
INNV,91.2,91.2,91.33,102.81,105.28,96.83,43,48,48,42,,,,,
ALTS,91.2,91.2,91.33,102.81,105.28,96.83,43,48,48,42,,,,,
SPHL,91.2,91.2,91.33,102.81,105.28,96.83,43,48,48,42,,,,,
PLAG,91.2,91.2,91.33,102.81,105.28,96.83,43,48,48,42,,,,,
ENSC,91.2,91.2,91.33,102.81,105.28,96.83,43,48,48,42,,,,,
KO,91.2,91.2,91.33,102.81,105.28,96.83,43,48,48,42,,,,,
BACQ,91.2,91.2,91.33,102.81,105.28,96.83,43,48,48,42,,,,,
NVMI,91.2,91.2,91.33,102.81,105.28,96.83,43,48,48,42,,,,,
REFI,91.2,91.2,91.33,102.81,105.28,96.83,43,48,48,42,,,,,
KELYA,91.2,91.2,91.33,102.81,105.28,96.83,43,48,48,42,,,,,
IESC,91.2,91.2,91.33,102.81,105.28,96.83,43,48,48,42,,,,,
PCTY,91.2,91.2,91.33,102.81,105.28,96.83,43,48,48,42,,,,,
NOEMU,91.2,91.2,91.33,102.81,105.28,96.83,43,48,48,42,,,,,
XWEL,91.2,91.2,91.33,102.81,105.28,96.83,43,48,48,42,,,,,
SEVN,91.2,91.2,91.33,102.81,105.28,96.83,43,48,48,42,,,,,
SAH,91.2,91.2,91.33,102.81,105.28,96.83,43,48,48,42,,,,,
PNTG,91.2,91.2,91.33,102.81,105.28,96.83,43,48,48,42,,,,,
EURKU,91.2,91.2,91.33,102.81,105.28,96.83,43,48,48,42,,,,,
HURA,91.2,91.2,91.33,102.81,105.28,96.83,43,48,48,42,,,,,
COUR,91.2,91.2,91.33,102.81,105.28,96.83,43,48,48,42,,,,,
IVR,91.2,91.2,91.33,102.81,105.28,96.83,43,48,48,42,,,,,
FMS,91.2,91.2,91.33,102.81,105.28,96.83,43,48,48,42,,,,,
THH,91.2,91.2,91.33,102.81,105.28,96.83,43,48,48,42,,,,,
TARA,91.2,91.2,91.33,102.81,105.28,96.83,43,48,48,42,,,,,
TNON,91.2,91.2,91.33,102.81,105.28,96.83,43,48,48,42,,,,,
SHOO,91.2,91.2,91.33,102.81,105.28,96.83,43,48,48,42,,,,,
EP,91.2,91.2,91.33,102.81,105.28,96.83,43,48,48,42,,,,,
TLYS,91.2,91.2,91.33,102.81,105.28,96.83,43,48,48,42,,,,,
LAD,91.2,91.2,91.33,102.81,105.28,96.83,43,48,48,42,,,,,
BPYPO,91.2,91.2,91.33,102.81,105.28,96.83,43,48,48,42,,,,,
MLAB,91.2,91.2,91.33,102.81,105.28,96.83,43,48,48,42,,,,,
GEO,91.2,91.2,91.33,102.81,105.28,96.83,43,48,48,42,,,,,
ODC,91.2,91.2,91.33,102.81,105.28,96.83,43,48,48,42,,,,,
KULR,91.2,91.2,91.33,102.81,105.28,96.83,43,48,48,42,,,,,
CAI,91.2,91.2,91.33,102.81,105.28,96.83,43,48,48,42,,,,,
HQI,91.2,91.2,91.33,102.81,105.28,96.83,43,48,48,42,,,,,
GPOR,91.2,91.2,91.33,102.81,105.28,96.83,43,48,48,42,,,,,
ZONE,91.2,91.2,91.33,102.81,105.28,96.83,43,48,48,42,,,,,
SBLX,91.2,91.2,91.33,102.81,105.28,96.83,43,48,48,42,,,,,
BULL,91.2,91.2,91.33,102.81,105.28,96.83,43,48,48,42,,,,,
VELO,91.2,91.2,91.33,102.81,105.28,96.83,43,48,48,42,,,,,
DWSN,91.2,91.2,91.33,102.81,105.28,96.83,43,48,48,42,,,,,
MB,91.2,91.2,91.33,102.81,105.28,96.83,43,48,48,42,,,,,
FNGR,91.2,91.2,91.33,102.81,105.28,96.83,43,48,48,42,,,,,
PRSU,91.2,91.2,91.33,102.81,105.28,96.83,43,48,48,42,,,,,
FFIC,91.2,91.2,91.33,102.81,105.28,96.83,43,48,48,42,,,,,
ALGS,91.2,91.2,91.33,102.81,105.28,96.83,43,48,48,42,,,,,
VIVK,91.2,91.2,91.33,102.81,105.28,96.83,43,48,48,42,,,,,
INGR,91.2,91.2,91.33,102.81,105.28,96.83,43,48,48,42,,,,,
ALZN,91.2,91.2,91.33,102.81,105.28,96.83,43,48,48,42,,,,,
CMS,91.2,91.2,91.33,102.81,105.28,96.83,43,48,48,42,,,,,
NAT,91.2,91.2,91.33,102.81,105.28,96.83,43,48,48,42,,,,,
OPCH,91.2,91.2,91.33,102.81,105.28,96.83,43,48,48,42,,,,,
CVI,91.2,91.2,91.33,102.81,105.28,96.83,43,48,48,42,,,,,
OHI,91.2,91.2,91.33,102.81,105.28,96.83,43,48,48,42,,,,,
ONBPP,91.2,91.2,91.33,102.81,105.28,96.83,43,48,48,42,,,,,
RITM,91.2,91.2,91.33,102.81,105.28,96.83,43,48,48,42,,,,,
MVIS,91.2,91.2,91.33,102.81,105.28,96.83,43,48,48,42,,,,,
CNA,91.2,91.2,91.33,102.81,105.28,96.83,43,48,48,42,,,,,
CODI,91.2,91.2,91.33,102.81,105.28,96.83,43,48,48,42,,,,,
CME,91.2,91.2,91.33,102.81,105.28,96.83,43,48,48,42,,,,,
MTA,91.2,91.2,91.33,102.81,105.28,96.83,43,48,48,42,,,,,
ATGL,91.2,91.2,91.33,102.81,105.28,96.83,43,48,48,42,,,,,
WHR,91.2,91.2,91.33,102.81,105.28,96.83,43,48,48,42,,,,,
GSIW,91.2,91.2,91.33,102.81,105.28,96.83,43,48,48,42,,,,,
FMAO,91.2,91.2,91.33,102.81,105.28,96.83,43,48,48,42,,,,,
XPON,91.2,91.2,91.33,102.81,105.28,96.83,43,48,48,42,,,,,
NAVI,91.2,91.2,91.33,102.81,105.28,96.83,43,48,48,42,,,,,
GCL,91.2,91.2,91.33,102.81,105.28,96.83,43,48,48,42,,,,,
PRME,91.2,91.2,91.33,102.81,105.28,96.83,43,48,48,42,,,,,
ORKT,91.2,91.2,91.33,102.81,105.28,96.83,43,48,48,42,,,,,
BWFG,91.2,91.2,91.33,102.81,105.28,96.83,43,48,48,42,,,,,
BARK,91.2,91.2,91.33,102.81,105.28,96.83,43,48,48,42,,,,,
GTERU,91.2,91.2,91.33,102.81,105.28,96.83,43,48,48,42,,,,,
NOTE,91.2,91.2,91.33,102.81,105.28,96.83,43,48,48,42,,,,,
LPCN,91.2,91.2,91.33,102.81,105.28,96.83,43,48,48,42,,,,,
HBM,91.2,91.2,91.33,102.81,105.28,96.83,43,48,48,42,,,,,
STKH,91.2,91.2,91.33,102.81,105.28,96.83,43,48,48,42,,,,,
ARAY,91.2,91.2,91.33,102.81,105.28,96.83,43,48,48,42,,,,,
RCON,91.2,91.2,91.33,102.81,105.28,96.83,43,48,48,42,,,,,
SKT,91.2,91.2,91.33,102.81,105.28,96.83,43,48,48,42,,,,,
BV,91.2,91.2,91.33,102.81,105.28,96.83,43,48,48,42,,,,,
BMO,91.2,91.2,91.33,102.81,105.28,96.83,43,48,48,42,,,,,
GTX,91.2,91.2,91.33,102.81,105.28,96.83,43,48,48,42,,,,,
TTSH,91.2,91.2,91.33,102.81,105.28,96.83,43,48,48,42,,,,,
KG,91.2,91.2,91.33,102.81,105.28,96.83,43,48,48,42,,,,,
CENT,91.2,91.2,91.33,102.81,105.28,96.83,43,48,48,42,,,,,
TSE,91.2,91.2,91.33,102.81,105.28,96.83,43,48,48,42,,,,,
TBCH,91.2,91.2,91.33,102.81,105.28,96.83,43,48,48,42,,,,,
NTWOU,91.2,91.2,91.33,102.81,105.28,96.83,43,48,48,42,,,,,
UFG,91.2,91.2,91.33,102.81,105.28,96.83,43,48,48,42,,,,,
PEG,91.2,91.2,91.33,102.81,105.28,96.83,43,48,48,42,,,,,
VKTX,91.2,91.2,91.33,102.81,105.28,96.83,43,48,48,42,,,,,
IMXI,91.2,91.2,91.33,102.81,105.28,96.83,43,48,48,42,,,,,
NITO,91.2,91.2,91.33,102.81,105.28,96.83,43,48,48,42,,,,,
LYFT,91.2,91.2,91.33,102.81,105.28,96.83,43,48,48,42,,,,,
RNGR,91.2,91.2,91.33,102.81,105.28,96.83,43,48,48,42,,,,,
UBCP,91.2,91.2,91.33,102.81,105.28,96.83,43,48,48,42,,,,,
AROW,91.2,91.2,91.33,102.81,105.28,96.83,43,48,48,42,,,,,
SDST,91.2,91.2,91.33,102.81,105.28,96.83,43,48,48,42,,,,,
PRAX,91.2,91.2,91.33,102.81,105.28,96.83,43,48,48,42,,,,,
EMPD,91.2,91.2,91.33,102.81,105.28,96.83,43,48,48,42,,,,,
ALBT,91.2,91.2,91.33,102.81,105.28,96.83,43,48,48,42,,,,,
BMY,91.2,91.2,91.33,102.81,105.28,96.83,43,48,48,42,,,,,
MRAM,91.2,91.2,91.33,102.81,105.28,96.83,43,48,48,42,,,,,
CVS,91.2,91.2,91.33,102.81,105.28,96.83,43,48,48,42,,,,,
CTSO,91.2,91.2,91.33,102.81,105.28,96.83,43,48,48,42,,,,,
BBY,91.2,91.2,91.33,102.81,105.28,96.83,43,48,48,42,,,,,
NG,91.2,91.2,91.33,102.81,105.28,96.83,43,48,48,42,,,,,
SLB,91.2,91.2,91.33,102.81,105.28,96.83,43,48,48,42,,,,,
CIVB,91.2,91.2,91.33,102.81,105.28,96.83,43,48,48,42,,,,,
HUYA,91.2,91.2,91.33,102.81,105.28,96.83,43,48,48,42,,,,,
MFH,91.2,91.2,91.33,102.81,105.28,96.83,43,48,48,42,,,,,
ARKR,91.2,91.2,91.33,102.81,105.28,96.83,43,48,48,42,,,,,
HIVE,91.2,91.2,91.33,102.81,105.28,96.83,43,48,48,42,,,,,
TAVI,91.2,91.2,91.33,102.81,105.28,96.83,43,48,48,42,,,,,
ANTX,91.2,91.2,91.33,102.81,105.28,96.83,43,48,48,42,,,,,
COIN,91.2,91.2,91.33,102.81,105.28,96.83,43,48,48,42,,,,,
CCEL,91.2,91.2,91.33,102.81,105.28,96.83,43,48,48,42,,,,,
NUE,91.2,91.2,91.33,102.81,105.28,96.83,43,48,48,42,,,,,
COLD,91.2,91.2,91.33,102.81,105.28,96.83,43,48,48,42,,,,,
TCRT,91.2,91.2,91.33,102.81,105.28,96.83,43,48,48,42,,,,,
XOMAO,91.2,91.2,91.33,102.81,105.28,96.83,43,48,48,42,,,,,
JSPR,91.2,91.2,91.33,102.81,105.28,96.83,43,48,48,42,,,,,
EM,91.2,91.2,91.33,102.81,105.28,96.83,43,48,48,42,,,,,
SB,91.2,91.2,91.33,102.81,105.28,96.83,43,48,48,42,,,,,
HROW,91.2,91.2,91.33,102.81,105.28,96.83,43,48,48,42,,,,,
TOL,91.2,91.2,91.33,102.81,105.28,96.83,43,48,48,42,,,,,
IRT,91.2,91.2,91.33,102.81,105.28,96.83,43,48,48,42,,,,,
ARQQ,91.2,91.2,91.33,102.81,105.28,96.83,43,48,48,42,,,,,
INR,91.2,91.2,91.33,102.81,105.28,96.83,43,48,48,42,,,,,
NSC,91.2,91.2,91.33,102.81,105.28,96.83,43,48,48,42,,,,,
RDAGU,91.2,91.2,91.33,102.81,105.28,96.83,43,48,48,42,,,,,
QTWO,91.2,91.2,91.33,102.81,105.28,96.83,43,48,48,42,,,,,
SKE,91.2,91.2,91.33,102.81,105.28,96.83,43,48,48,42,,,,,
SIGI,91.2,91.2,91.33,102.81,105.28,96.83,43,48,48,42,,,,,
KIDS,91.2,91.2,91.33,102.81,105.28,96.83,43,48,48,42,,,,,
ATAI,91.2,91.2,91.33,102.81,105.28,96.83,43,48,48,42,,,,,
AGNCL,91.2,91.2,91.33,102.81,105.28,96.83,43,48,48,42,,,,,
ULBI,91.2,91.2,91.33,102.81,105.28,96.83,43,48,48,42,,,,,
BWAY,91.2,91.2,91.33,102.81,105.28,96.83,43,48,48,42,,,,,
IBIO,91.2,91.2,91.33,102.81,105.28,96.83,43,48,48,42,,,,,
VMEO,91.2,91.2,91.33,102.81,105.28,96.83,43,48,48,42,,,,,
EEX,91.2,91.2,91.33,102.81,105.28,96.83,43,48,48,42,,,,,
MJID,91.2,91.2,91.33,102.81,105.28,96.83,43,48,48,42,,,,,
DLNG,91.2,91.2,91.33,102.81,105.28,96.83,43,48,48,42,,,,,
BVS,91.2,91.2,91.33,102.81,105.28,96.83,43,48,48,42,,,,,
EB,91.2,91.2,91.33,102.81,105.28,96.83,43,48,48,42,,,,,
TVAI,91.2,91.2,91.33,102.81,105.28,96.83,43,48,48,42,,,,,
CLDX,91.2,91.2,91.33,102.81,105.28,96.83,43,48,48,42,,,,,
EGAN,91.2,91.2,91.33,102.81,105.28,96.83,43,48,48,42,,,,,
CMT,91.2,91.2,91.33,102.81,105.28,96.83,43,48,48,42,,,,,
SMPL,91.2,91.2,91.33,102.81,105.28,96.83,43,48,48,42,,,,,
GNLX,91.2,91.2,91.33,102.81,105.28,96.83,43,48,48,42,,,,,
YORKU,91.2,91.2,91.33,102.81,105.28,96.83,43,48,48,42,,,,,
PWM,91.2,91.2,91.33,102.81,105.28,96.83,43,48,48,42,,,,,
RTX,91.2,91.2,91.33,102.81,105.28,96.83,43,48,48,42,,,,,
SURG,91.2,91.2,91.33,102.81,105.28,96.83,43,48,48,42,,,,,
CGTX,91.2,91.2,91.33,102.81,105.28,96.83,43,48,48,42,,,,,
FVRR,91.2,91.2,91.33,102.81,105.28,96.83,43,48,48,42,,,,,
NWL,91.2,91.2,91.33,102.81,105.28,96.83,43,48,48,42,,,,,
CATY,91.2,91.2,91.33,102.81,105.28,96.83,43,48,48,42,,,,,
TCRX,91.2,91.2,91.33,102.81,105.28,96.83,43,48,48,42,,,,,
CSGS,91.2,91.2,91.33,102.81,105.28,96.83,43,48,48,42,,,,,
SPWR,91.2,91.2,91.33,102.81,105.28,96.83,43,48,48,42,,,,,
LUV,91.2,91.2,91.33,102.81,105.28,96.83,43,48,48,42,,,,,
LFT,91.2,91.2,91.33,102.81,105.28,96.83,43,48,48,42,,,,,
EPD,91.2,91.2,91.33,102.81,105.28,96.83,43,48,48,42,,,,,
CRAQU,91.2,91.2,91.33,102.81,105.28,96.83,43,48,48,42,,,,,
YI,91.2,91.2,91.33,102.81,105.28,96.83,43,48,48,42,,,,,
AMBA,91.2,91.2,91.33,102.81,105.28,96.83,43,48,48,42,,,,,
BBU,91.2,91.2,91.33,102.81,105.28,96.83,43,48,48,42,,,,,
NXTC,91.2,91.2,91.33,102.81,105.28,96.83,43,48,48,42,,,,,
WLKP,91.2,91.2,91.33,102.81,105.28,96.83,43,48,48,42,,,,,
LBRT,91.2,91.2,91.33,102.81,105.28,96.83,43,48,48,42,,,,,
ENGS,91.2,91.2,91.33,102.81,105.28,96.83,43,48,48,42,,,,,
VNET,91.2,91.2,91.33,102.81,105.28,96.83,43,48,48,42,,,,,
OACC,91.2,91.2,91.33,102.81,105.28,96.83,43,48,48,42,,,,,
ARW,91.2,91.2,91.33,102.81,105.28,96.83,43,48,48,42,,,,,
QIPT,91.2,91.2,91.33,102.81,105.28,96.83,43,48,48,42,,,,,
FND,91.2,91.2,91.33,102.81,105.28,96.83,43,48,48,42,,,,,
SKYT,91.2,91.2,91.33,102.81,105.28,96.83,43,48,48,42,,,,,
PRM,91.2,91.2,91.33,102.81,105.28,96.83,43,48,48,42,,,,,
AIXI,91.2,91.2,91.33,102.81,105.28,96.83,43,48,48,42,,,,,
GTE,91.2,91.2,91.33,102.81,105.28,96.83,43,48,48,42,,,,,
SWKS,91.2,91.2,91.33,102.81,105.28,96.83,43,48,48,42,,,,,
MOGO,91.2,91.2,91.33,102.81,105.28,96.83,43,48,48,42,,,,,
MEC,91.2,91.2,91.33,102.81,105.28,96.83,43,48,48,42,,,,,
GPI,91.2,91.2,91.33,102.81,105.28,96.83,43,48,48,42,,,,,
MNRO,91.2,91.2,91.33,102.81,105.28,96.83,43,48,48,42,,,,,
PHAR,91.2,91.2,91.33,102.81,105.28,96.83,43,48,48,42,,,,,
SEAT,91.2,91.2,91.33,102.81,105.28,96.83,43,48,48,42,,,,,
NVO,91.2,91.2,91.33,102.81,105.28,96.83,43,48,48,42,,,,,
SNEX,91.2,91.2,91.33,102.81,105.28,96.83,43,48,48,42,,,,,
PACK,91.2,91.2,91.33,102.81,105.28,96.83,43,48,48,42,,,,,
PSO,91.2,91.2,91.33,102.81,105.28,96.83,43,48,48,42,,,,,
EDBL,91.2,91.2,91.33,102.81,105.28,96.83,43,48,48,42,,,,,
SPRU,91.2,91.2,91.33,102.81,105.28,96.83,43,48,48,42,,,,,
ARES,91.2,91.2,91.33,102.81,105.28,96.83,43,48,48,42,,,,,
HBCP,91.2,91.2,91.33,102.81,105.28,96.83,43,48,48,42,,,,,
PTON,91.2,91.2,91.33,102.81,105.28,96.83,43,48,48,42,,,,,
CG,91.2,91.2,91.33,102.81,105.28,96.83,43,48,48,42,,,,,
EXOD,91.2,91.2,91.33,102.81,105.28,96.83,43,48,48,42,,,,,
IMKTA,91.2,91.2,91.33,102.81,105.28,96.83,43,48,48,42,,,,,
TOP,91.2,91.2,91.33,102.81,105.28,96.83,43,48,48,42,,,,,
WORX,91.2,91.2,91.33,102.81,105.28,96.83,43,48,48,42,,,,,
IPAR,91.2,91.2,91.33,102.81,105.28,96.83,43,48,48,42,,,,,
COFS,91.2,91.2,91.33,102.81,105.28,96.83,43,48,48,42,,,,,
ELF,91.2,91.2,91.33,102.81,105.28,96.83,43,48,48,42,,,,,
LSCC,91.2,91.2,91.33,102.81,105.28,96.83,43,48,48,42,,,,,
ARMK,91.2,91.2,91.33,102.81,105.28,96.83,43,48,48,42,,,,,
ICHR,91.2,91.2,91.33,102.81,105.28,96.83,43,48,48,42,,,,,
JG,91.2,91.2,91.33,102.81,105.28,96.83,43,48,48,42,,,,,
LNKB,91.2,91.2,91.33,102.81,105.28,96.83,43,48,48,42,,,,,
LC,91.2,91.2,91.33,102.81,105.28,96.83,43,48,48,42,,,,,
NAGE,91.2,91.2,91.33,102.81,105.28,96.83,43,48,48,42,,,,,
WINA,91.2,91.2,91.33,102.81,105.28,96.83,43,48,48,42,,,,,
BRN,91.2,91.2,91.33,102.81,105.28,96.83,43,48,48,42,,,,,
RL,91.2,91.2,91.33,102.81,105.28,96.83,43,48,48,42,,,,,
NMAX,91.2,91.2,91.33,102.81,105.28,96.83,43,48,48,42,,,,,
AKTX,91.2,91.2,91.33,102.81,105.28,96.83,43,48,48,42,,,,,
IBEX,91.2,91.2,91.33,102.81,105.28,96.83,43,48,48,42,,,,,
FA,91.2,91.2,91.33,102.81,105.28,96.83,43,48,48,42,,,,,
HTZ,91.2,91.2,91.33,102.81,105.28,96.83,43,48,48,42,,,,,
DAO,91.2,91.2,91.33,102.81,105.28,96.83,43,48,48,42,,,,,
CION,91.2,91.2,91.33,102.81,105.28,96.83,43,48,48,42,,,,,
GUTS,91.2,91.2,91.33,102.81,105.28,96.83,43,48,48,42,,,,,
COHN,91.2,91.2,91.33,102.81,105.28,96.83,43,48,48,42,,,,,
ESE,91.2,91.2,91.33,102.81,105.28,96.83,43,48,48,42,,,,,
KGEI,91.2,91.2,91.33,102.81,105.28,96.83,43,48,48,42,,,,,
CRESY,91.2,91.2,91.33,102.81,105.28,96.83,43,48,48,42,,,,,
ESP,91.2,91.2,91.33,102.81,105.28,96.83,43,48,48,42,,,,,
CRDF,91.2,91.2,91.33,102.81,105.28,96.83,43,48,48,42,,,,,
LYB,91.2,91.2,91.33,102.81,105.28,96.83,43,48,48,42,,,,,
HMY,91.2,91.2,91.33,102.81,105.28,96.83,43,48,48,42,,,,,
ATMV,91.2,91.2,91.33,102.81,105.28,96.83,43,48,48,42,,,,,
STAG,91.2,91.2,91.33,102.81,105.28,96.83,43,48,48,42,,,,,
VFS,91.2,91.2,91.33,102.81,105.28,96.83,43,48,48,42,,,,,
AZI,91.2,91.2,91.33,102.81,105.28,96.83,43,48,48,42,,,,,
RKDA,91.2,91.2,91.33,102.81,105.28,96.83,43,48,48,42,,,,,
ASRT,91.2,91.2,91.33,102.81,105.28,96.83,43,48,48,42,,,,,
CNX,91.2,91.2,91.33,102.81,105.28,96.83,43,48,48,42,,,,,
AP,91.2,91.2,91.33,102.81,105.28,96.83,43,48,48,42,,,,,
HYFT,91.2,91.2,91.33,102.81,105.28,96.83,43,48,48,42,,,,,
AORT,91.2,91.2,91.33,102.81,105.28,96.83,43,48,48,42,,,,,
CUK,91.2,91.2,91.33,102.81,105.28,96.83,43,48,48,42,,,,,
KAR,91.2,91.2,91.33,102.81,105.28,96.83,43,48,48,42,,,,,
RMD,91.2,91.2,91.33,102.81,105.28,96.83,43,48,48,42,,,,,
SITC,91.2,91.2,91.33,102.81,105.28,96.83,43,48,48,42,,,,,
FLXS,91.2,91.2,91.33,102.81,105.28,96.83,43,48,48,42,,,,,
BBNX,91.2,91.2,91.33,102.81,105.28,96.83,43,48,48,42,,,,,
MDBH,91.2,91.2,91.33,102.81,105.28,96.83,43,48,48,42,,,,,
DINO,91.2,91.2,91.33,102.81,105.28,96.83,43,48,48,42,,,,,
PSQH,91.2,91.2,91.33,102.81,105.28,96.83,43,48,48,42,,,,,
MTEK,91.2,91.2,91.33,102.81,105.28,96.83,43,48,48,42,,,,,
KREF,91.2,91.2,91.33,102.81,105.28,96.83,43,48,48,42,,,,,
CMCT,91.2,91.2,91.33,102.81,105.28,96.83,43,48,48,42,,,,,
EMA,91.2,91.2,91.33,102.81,105.28,96.83,43,48,48,42,,,,,
IBKR,91.2,91.2,91.33,102.81,105.28,96.83,43,48,48,42,,,,,
CZNC,91.2,91.2,91.33,102.81,105.28,96.83,43,48,48,42,,,,,
CCIIU,91.2,91.2,91.33,102.81,105.28,96.83,43,48,48,42,,,,,
RZLT,91.2,91.2,91.33,102.81,105.28,96.83,43,48,48,42,,,,,
ALGT,91.2,91.2,91.33,102.81,105.28,96.83,43,48,48,42,,,,,
BXSL,91.2,91.2,91.33,102.81,105.28,96.83,43,48,48,42,,,,,
BELFB,91.2,91.2,91.33,102.81,105.28,96.83,43,48,48,42,,,,,
CQP,91.2,91.2,91.33,102.81,105.28,96.83,43,48,48,42,,,,,
MAMO,91.2,91.2,91.33,102.81,105.28,96.83,43,48,48,42,,,,,
THFF,91.2,91.2,91.33,102.81,105.28,96.83,43,48,48,42,,,,,
PRTS,91.2,91.2,91.33,102.81,105.28,96.83,43,48,48,42,,,,,
APADU,91.2,91.2,91.33,102.81,105.28,96.83,43,48,48,42,,,,,
CIX,91.2,91.2,91.33,102.81,105.28,96.83,43,48,48,42,,,,,
IPG,91.2,91.2,91.33,102.81,105.28,96.83,43,48,48,42,,,,,
DCTH,91.2,91.2,91.33,102.81,105.28,96.83,43,48,48,42,,,,,
UVE,91.2,91.2,91.33,102.81,105.28,96.83,43,48,48,42,,,,,
FITBP,91.2,91.2,91.33,102.81,105.28,96.83,43,48,48,42,,,,,
SHPH,91.2,91.2,91.33,102.81,105.28,96.83,43,48,48,42,,,,,
HDL,91.2,91.2,91.33,102.81,105.28,96.83,43,48,48,42,,,,,
TRML,91.2,91.2,91.33,102.81,105.28,96.83,43,48,48,42,,,,,
MDB,91.2,91.2,91.33,102.81,105.28,96.83,43,48,48,42,,,,,
CHA,91.2,91.2,91.33,102.81,105.28,96.83,43,48,48,42,,,,,
A,91.2,91.2,91.33,102.81,105.28,96.83,43,48,48,42,,,,,
HCM,91.2,91.2,91.33,102.81,105.28,96.83,43,48,48,42,,,,,
AFBI,91.2,91.2,91.33,102.81,105.28,96.83,43,48,48,42,,,,,
ALRS,91.2,91.2,91.33,102.81,105.28,96.83,43,48,48,42,,,,,
PGC,91.2,91.2,91.33,102.81,105.28,96.83,43,48,48,42,,,,,
JEF,91.2,91.2,91.33,102.81,105.28,96.83,43,48,48,42,,,,,
LCCCU,91.2,91.2,91.33,102.81,105.28,96.83,43,48,48,42,,,,,
OVID,91.2,91.2,91.33,102.81,105.28,96.83,43,48,48,42,,,,,
CEPF,91.2,91.2,91.33,102.81,105.28,96.83,43,48,48,42,,,,,
VNME,91.2,91.2,91.33,102.81,105.28,96.83,43,48,48,42,,,,,
PAA,91.2,91.2,91.33,102.81,105.28,96.83,43,48,48,42,,,,,
RRGB,91.2,91.2,91.33,102.81,105.28,96.83,43,48,48,42,,,,,
PHIN,91.2,91.2,91.33,102.81,105.28,96.83,43,48,48,42,,,,,
TELA,91.2,91.2,91.33,102.81,105.28,96.83,43,48,48,42,,,,,
FSI,91.2,91.2,91.33,102.81,105.28,96.83,43,48,48,42,,,,,
HSCS,91.2,91.2,91.33,102.81,105.28,96.83,43,48,48,42,,,,,
JMIA,91.2,91.2,91.33,102.81,105.28,96.83,43,48,48,42,,,,,
GRCE,91.2,91.2,91.33,102.81,105.28,96.83,43,48,48,42,,,,,
HOUS,91.2,91.2,91.33,102.81,105.28,96.83,43,48,48,42,,,,,
HOG,91.2,91.2,91.33,102.81,105.28,96.83,43,48,48,42,,,,,
BABA,91.2,91.2,91.33,102.81,105.28,96.83,43,48,48,42,,,,,
PETZ,91.2,91.2,91.33,102.81,105.28,96.83,43,48,48,42,,,,,
EARN,91.2,91.2,91.33,102.81,105.28,96.83,43,48,48,42,,,,,
GATX,91.2,91.2,91.33,102.81,105.28,96.83,43,48,48,42,,,,,
XLO,91.2,91.2,91.33,102.81,105.28,96.83,43,48,48,42,,,,,
SRCE,91.2,91.2,91.33,102.81,105.28,96.83,43,48,48,42,,,,,
RSI,91.2,91.2,91.33,102.81,105.28,96.83,43,48,48,42,,,,,
FSLY,91.2,91.2,91.33,102.81,105.28,96.83,43,48,48,42,,,,,
JELD,91.2,91.2,91.33,102.81,105.28,96.83,43,48,48,42,,,,,
SA,91.2,91.2,91.33,102.81,105.28,96.83,43,48,48,42,,,,,
RLAY,91.2,91.2,91.33,102.81,105.28,96.83,43,48,48,42,,,,,
SOPA,91.2,91.2,91.33,102.81,105.28,96.83,43,48,48,42,,,,,
WBS,91.2,91.2,91.33,102.81,105.28,96.83,43,48,48,42,,,,,
SVCC,91.2,91.2,91.33,102.81,105.28,96.83,43,48,48,42,,,,,
KEY,91.2,91.2,91.33,102.81,105.28,96.83,43,48,48,42,,,,,
FFWM,91.2,91.2,91.33,102.81,105.28,96.83,43,48,48,42,,,,,
BRLS,91.2,91.2,91.33,102.81,105.28,96.83,43,48,48,42,,,,,
BCTX,91.2,91.2,91.33,102.81,105.28,96.83,43,48,48,42,,,,,
TMO,91.2,91.2,91.33,102.81,105.28,96.83,43,48,48,42,,,,,
HAE,91.2,91.2,91.33,102.81,105.28,96.83,43,48,48,42,,,,,
FLYX,91.2,91.2,91.33,102.81,105.28,96.83,43,48,48,42,,,,,
FHN,91.2,91.2,91.33,102.81,105.28,96.83,43,48,48,42,,,,,
SAM,91.2,91.2,91.33,102.81,105.28,96.83,43,48,48,42,,,,,
RILYP,91.2,91.2,91.33,102.81,105.28,96.83,43,48,48,42,,,,,
MLI,91.2,91.2,91.33,102.81,105.28,96.83,43,48,48,42,,,,,
SNTG,91.2,91.2,91.33,102.81,105.28,96.83,43,48,48,42,,,,,
ZBAI,91.2,91.2,91.33,102.81,105.28,96.83,43,48,48,42,,,,,
IPCX,91.2,91.2,91.33,102.81,105.28,96.83,43,48,48,42,,,,,
BBGI,91.2,91.2,91.33,102.81,105.28,96.83,43,48,48,42,,,,,
ASIC,91.2,91.2,91.33,102.81,105.28,96.83,43,48,48,42,,,,,
CHCI,91.2,91.2,91.33,102.81,105.28,96.83,43,48,48,42,,,,,
COCP,91.2,91.2,91.33,102.81,105.28,96.83,43,48,48,42,,,,,
TEM,91.2,91.2,91.33,102.81,105.28,96.83,43,48,48,42,,,,,
ATIIU,91.2,91.2,91.33,102.81,105.28,96.83,43,48,48,42,,,,,
EWCZ,91.2,91.2,91.33,102.81,105.28,96.83,43,48,48,42,,,,,
OWLT,91.2,91.2,91.33,102.81,105.28,96.83,43,48,48,42,,,,,
ABCL,91.2,91.2,91.33,102.81,105.28,96.83,43,48,48,42,,,,,
VIK,91.2,91.2,91.33,102.81,105.28,96.83,43,48,48,42,,,,,
LYV,91.2,91.2,91.33,102.81,105.28,96.83,43,48,48,42,,,,,
FBK,91.2,91.2,91.33,102.81,105.28,96.83,43,48,48,42,,,,,
HBANP,91.2,91.2,91.33,102.81,105.28,96.83,43,48,48,42,,,,,
SN,91.2,91.2,91.33,102.81,105.28,96.83,43,48,48,42,,,,,
DVAX,91.2,91.2,91.33,102.81,105.28,96.83,43,48,48,42,,,,,
DAN,91.2,91.2,91.33,102.81,105.28,96.83,43,48,48,42,,,,,
CTRN,91.2,91.2,91.33,102.81,105.28,96.83,43,48,48,42,,,,,
INN,91.2,91.2,91.33,102.81,105.28,96.83,43,48,48,42,,,,,
RUSHA,91.2,91.2,91.33,102.81,105.28,96.83,43,48,48,42,,,,,
ASR,91.2,91.2,91.33,102.81,105.28,96.83,43,48,48,42,,,,,
CHR,91.2,91.2,91.33,102.81,105.28,96.83,43,48,48,42,,,,,
AMTB,91.2,91.2,91.33,102.81,105.28,96.83,43,48,48,42,,,,,
TGL,91.2,91.2,91.33,102.81,105.28,96.83,43,48,48,42,,,,,
DGICB,91.2,91.2,91.33,102.81,105.28,96.83,43,48,48,42,,,,,
LFST,91.2,91.2,91.33,102.81,105.28,96.83,43,48,48,42,,,,,
ROP,91.2,91.2,91.33,102.81,105.28,96.83,43,48,48,42,,,,,
BIDU,91.2,91.2,91.33,102.81,105.28,96.83,43,48,48,42,,,,,
INFU,91.2,91.2,91.33,102.81,105.28,96.83,43,48,48,42,,,,,
LIXT,91.2,91.2,91.33,102.81,105.28,96.83,43,48,48,42,,,,,
ANDE,91.2,91.2,91.33,102.81,105.28,96.83,43,48,48,42,,,,,
TLPH,91.2,91.2,91.33,102.81,105.28,96.83,43,48,48,42,,,,,
RIOT,91.2,91.2,91.33,102.81,105.28,96.83,43,48,48,42,,,,,
JRVR,91.2,91.2,91.33,102.81,105.28,96.83,43,48,48,42,,,,,
SSII,91.2,91.2,91.33,102.81,105.28,96.83,43,48,48,42,,,,,
BIO,91.2,91.2,91.33,102.81,105.28,96.83,43,48,48,42,,,,,
AUTL,91.2,91.2,91.33,102.81,105.28,96.83,43,48,48,42,,,,,
RR,91.2,91.2,91.33,102.81,105.28,96.83,43,48,48,42,,,,,
TKNO,91.2,91.2,91.33,102.81,105.28,96.83,43,48,48,42,,,,,
OSUR,91.2,91.2,91.33,102.81,105.28,96.83,43,48,48,42,,,,,
SATL,91.2,91.2,91.33,102.81,105.28,96.83,43,48,48,42,,,,,
VIRT,91.2,91.2,91.33,102.81,105.28,96.83,43,48,48,42,,,,,
IBN,91.2,91.2,91.33,102.81,105.28,96.83,43,48,48,42,,,,,
MVST,91.2,91.2,91.33,102.81,105.28,96.83,43,48,48,42,,,,,
CHCT,91.2,91.2,91.33,102.81,105.28,96.83,43,48,48,42,,,,,
CBAT,91.2,91.2,91.33,102.81,105.28,96.83,43,48,48,42,,,,,
RPT,91.2,91.2,91.33,102.81,105.28,96.83,43,48,48,42,,,,,
OCC,91.2,91.2,91.33,102.81,105.28,96.83,43,48,48,42,,,,,
CANG,91.2,91.2,91.33,102.81,105.28,96.83,43,48,48,42,,,,,
SMHI,91.2,91.2,91.33,102.81,105.28,96.83,43,48,48,42,,,,,
CRE,91.2,91.2,91.33,102.81,105.28,96.83,43,48,48,42,,,,,
ULH,91.2,91.2,91.33,102.81,105.28,96.83,43,48,48,42,,,,,
VYNE,91.2,91.2,91.33,102.81,105.28,96.83,43,48,48,42,,,,,
ATEX,91.2,91.2,91.33,102.81,105.28,96.83,43,48,48,42,,,,,
TRAW,91.2,91.2,91.33,102.81,105.28,96.83,43,48,48,42,,,,,
AMG,91.2,91.2,91.33,102.81,105.28,96.83,43,48,48,42,,,,,
OOMA,91.2,91.2,91.33,102.81,105.28,96.83,43,48,48,42,,,,,
WKSP,91.2,91.2,91.33,102.81,105.28,96.83,43,48,48,42,,,,,
BANX,91.2,91.2,91.33,102.81,105.28,96.83,43,48,48,42,,,,,
TATT,91.2,91.2,91.33,102.81,105.28,96.83,43,48,48,42,,,,,
WHWK,91.2,91.2,91.33,102.81,105.28,96.83,43,48,48,42,,,,,
PLUT,91.2,91.2,91.33,102.81,105.28,96.83,43,48,48,42,,,,,
OSBC,91.2,91.2,91.33,102.81,105.28,96.83,43,48,48,42,,,,,
FRD,91.2,91.2,91.33,102.81,105.28,96.83,43,48,48,42,,,,,
LASR,91.2,91.2,91.33,102.81,105.28,96.83,43,48,48,42,,,,,
RUBI,91.2,91.2,91.33,102.81,105.28,96.83,43,48,48,42,,,,,
PVBC,91.2,91.2,91.33,102.81,105.28,96.83,43,48,48,42,,,,,
HPQ,91.2,91.2,91.33,102.81,105.28,96.83,43,48,48,42,,,,,
RDCM,91.2,91.2,91.33,102.81,105.28,96.83,43,48,48,42,,,,,
HII,91.2,91.2,91.33,102.81,105.28,96.83,43,48,48,42,,,,,
ARE,91.2,91.2,91.33,102.81,105.28,96.83,43,48,48,42,,,,,
BWIN,91.2,91.2,91.33,102.81,105.28,96.83,43,48,48,42,,,,,
VPG,91.2,91.2,91.33,102.81,105.28,96.83,43,48,48,42,,,,,
NAMS,91.2,91.2,91.33,102.81,105.28,96.83,43,48,48,42,,,,,
EVTC,91.2,91.2,91.33,102.81,105.28,96.83,43,48,48,42,,,,,
ARCC,91.2,91.2,91.33,102.81,105.28,96.83,43,48,48,42,,,,,
TRP,91.2,91.2,91.33,102.81,105.28,96.83,43,48,48,42,,,,,
OMH,91.2,91.2,91.33,102.81,105.28,96.83,43,48,48,42,,,,,
RDAC,91.2,91.2,91.33,102.81,105.28,96.83,43,48,48,42,,,,,
LOOP,91.2,91.2,91.33,102.81,105.28,96.83,43,48,48,42,,,,,
LAC,91.2,91.2,91.33,102.81,105.28,96.83,43,48,48,42,,,,,
GGR,91.2,91.2,91.33,102.81,105.28,96.83,43,48,48,42,,,,,
CRMT,91.2,91.2,91.33,102.81,105.28,96.83,43,48,48,42,,,,,
NKE,91.2,91.2,91.33,102.81,105.28,96.83,43,48,48,42,,,,,
GORV,91.2,91.2,91.33,102.81,105.28,96.83,43,48,48,42,,,,,
KRNY,91.2,91.2,91.33,102.81,105.28,96.83,43,48,48,42,,,,,
XMTR,91.2,91.2,91.33,102.81,105.28,96.83,43,48,48,42,,,,,
HBI,91.2,91.2,91.33,102.81,105.28,96.83,43,48,48,42,,,,,
BBAI,91.2,91.2,91.33,102.81,105.28,96.83,43,48,48,42,,,,,
TCI,91.2,91.2,91.33,102.81,105.28,96.83,43,48,48,42,,,,,
CMPR,91.2,91.2,91.33,102.81,105.28,96.83,43,48,48,42,,,,,
POWI,91.2,91.2,91.33,102.81,105.28,96.83,43,48,48,42,,,,,
HTHT,91.2,91.2,91.33,102.81,105.28,96.83,43,48,48,42,,,,,
IEP,91.2,91.2,91.33,102.81,105.28,96.83,43,48,48,42,,,,,
SDHIU,91.2,91.2,91.33,102.81,105.28,96.83,43,48,48,42,,,,,
AGL,91.2,91.2,91.33,102.81,105.28,96.83,43,48,48,42,,,,,
CULP,91.2,91.2,91.33,102.81,105.28,96.83,43,48,48,42,,,,,
DY,91.2,91.2,91.33,102.81,105.28,96.83,43,48,48,42,,,,,
KOP,91.2,91.2,91.33,102.81,105.28,96.83,43,48,48,42,,,,,
TIC,91.2,91.2,91.33,102.81,105.28,96.83,43,48,48,42,,,,,
RAPT,91.2,91.2,91.33,102.81,105.28,96.83,43,48,48,42,,,,,
SAIH,91.2,91.2,91.33,102.81,105.28,96.83,43,48,48,42,,,,,
PRG,91.2,91.2,91.33,102.81,105.28,96.83,43,48,48,42,,,,,
ANTA,91.2,91.2,91.33,102.81,105.28,96.83,43,48,48,42,,,,,
SUPX,91.2,91.2,91.33,102.81,105.28,96.83,43,48,48,42,,,,,
HE,91.2,91.2,91.33,102.81,105.28,96.83,43,48,48,42,,,,,
VCIG,91.2,91.2,91.33,102.81,105.28,96.83,43,48,48,42,,,,,
VNRX,91.2,91.2,91.33,102.81,105.28,96.83,43,48,48,42,,,,,
BDN,91.2,91.2,91.33,102.81,105.28,96.83,43,48,48,42,,,,,
FARM,91.2,91.2,91.33,102.81,105.28,96.83,43,48,48,42,,,,,
AMT,91.2,91.2,91.33,102.81,105.28,96.83,43,48,48,42,,,,,
CTBI,91.2,91.2,91.33,102.81,105.28,96.83,43,48,48,42,,,,,
VTLE,91.2,91.2,91.33,102.81,105.28,96.83,43,48,48,42,,,,,
SLQT,91.2,91.2,91.33,102.81,105.28,96.83,43,48,48,42,,,,,
DAIC,91.2,91.2,91.33,102.81,105.28,96.83,43,48,48,42,,,,,
NEON,91.2,91.2,91.33,102.81,105.28,96.83,43,48,48,42,,,,,
OKE,91.2,91.2,91.33,102.81,105.28,96.83,43,48,48,42,,,,,
EXP,91.2,91.2,91.33,102.81,105.28,96.83,43,48,48,42,,,,,
WAVE,91.2,91.2,91.33,102.81,105.28,96.83,43,48,48,42,,,,,
PAMT,91.2,91.2,91.33,102.81,105.28,96.83,43,48,48,42,,,,,
HDSN,91.2,91.2,91.33,102.81,105.28,96.83,43,48,48,42,,,,,
IFS,91.2,91.2,91.33,102.81,105.28,96.83,43,48,48,42,,,,,
KNF,91.2,91.2,91.33,102.81,105.28,96.83,43,48,48,42,,,,,
GRPN,91.2,91.2,91.33,102.81,105.28,96.83,43,48,48,42,,,,,
OFS,91.2,91.2,91.33,102.81,105.28,96.83,43,48,48,42,,,,,
CNF,91.2,91.2,91.33,102.81,105.28,96.83,43,48,48,42,,,,,
OZK,91.2,91.2,91.33,102.81,105.28,96.83,43,48,48,42,,,,,
BK,91.2,91.2,91.33,102.81,105.28,96.83,43,48,48,42,,,,,
CLCO,91.2,91.2,91.33,102.81,105.28,96.83,43,48,48,42,,,,,
NXT,91.2,91.2,91.33,102.81,105.28,96.83,43,48,48,42,,,,,
NPKI,91.2,91.2,91.33,102.81,105.28,96.83,43,48,48,42,,,,,
GENI,91.2,91.2,91.33,102.81,105.28,96.83,43,48,48,42,,,,,
GNTX,91.2,91.2,91.33,102.81,105.28,96.83,43,48,48,42,,,,,
CTSH,91.2,91.2,91.33,102.81,105.28,96.83,43,48,48,42,,,,,
NPK,91.2,91.2,91.33,102.81,105.28,96.83,43,48,48,42,,,,,
CCU,91.2,91.2,91.33,102.81,105.28,96.83,43,48,48,42,,,,,
AES,91.2,91.2,91.33,102.81,105.28,96.83,43,48,48,42,,,,,
SHOP,91.2,91.2,91.33,102.81,105.28,96.83,43,48,48,42,,,,,
ORCL,91.2,91.2,91.33,102.81,105.28,96.83,43,48,48,42,,,,,
ERO,91.2,91.2,91.33,102.81,105.28,96.83,43,48,48,42,,,,,
TENB,91.2,91.2,91.33,102.81,105.28,96.83,43,48,48,42,,,,,
VRME,91.2,91.2,91.33,102.81,105.28,96.83,43,48,48,42,,,,,
LSAK,91.2,91.2,91.33,102.81,105.28,96.83,43,48,48,42,,,,,
VSEC,91.2,91.2,91.33,102.81,105.28,96.83,43,48,48,42,,,,,
KNSL,91.2,91.2,91.33,102.81,105.28,96.83,43,48,48,42,,,,,
LEN,91.2,91.2,91.33,102.81,105.28,96.83,43,48,48,42,,,,,
CARE,91.2,91.2,91.33,102.81,105.28,96.83,43,48,48,42,,,,,
CLPT,91.2,91.2,91.33,102.81,105.28,96.83,43,48,48,42,,,,,
WOLF,91.2,91.2,91.33,102.81,105.28,96.83,43,48,48,42,,,,,
TAOP,91.2,91.2,91.33,102.81,105.28,96.83,43,48,48,42,,,,,
GBCI,91.2,91.2,91.33,102.81,105.28,96.83,43,48,48,42,,,,,
FOSL,91.2,91.2,91.33,102.81,105.28,96.83,43,48,48,42,,,,,
DAAQ,91.2,91.2,91.33,102.81,105.28,96.83,43,48,48,42,,,,,
MD,91.2,91.2,91.33,102.81,105.28,96.83,43,48,48,42,,,,,
GPC,91.2,91.2,91.33,102.81,105.28,96.83,43,48,48,42,,,,,
EFSI,91.2,91.2,91.33,102.81,105.28,96.83,43,48,48,42,,,,,
AVAH,91.2,91.2,91.33,102.81,105.28,96.83,43,48,48,42,,,,,
FGI,91.2,91.2,91.33,102.81,105.28,96.83,43,48,48,42,,,,,
LXRX,91.2,91.2,91.33,102.81,105.28,96.83,43,48,48,42,,,,,
AEP,91.2,91.2,91.33,102.81,105.28,96.83,43,48,48,42,,,,,
MOD,91.2,91.2,91.33,102.81,105.28,96.83,43,48,48,42,,,,,
RENB,91.2,91.2,91.33,102.81,105.28,96.83,43,48,48,42,,,,,
JILL,91.2,91.2,91.33,102.81,105.28,96.83,43,48,48,42,,,,,
NBTB,91.2,91.2,91.33,102.81,105.28,96.83,43,48,48,42,,,,,
PLUS,91.2,91.2,91.33,102.81,105.28,96.83,43,48,48,42,,,,,
SEED,91.2,91.2,91.33,102.81,105.28,96.83,43,48,48,42,,,,,
KVAC,91.2,91.2,91.33,102.81,105.28,96.83,43,48,48,42,,,,,
OKTA,91.2,91.2,91.33,102.81,105.28,96.83,43,48,48,42,,,,,
CIB,91.2,91.2,91.33,102.81,105.28,96.83,43,48,48,42,,,,,
KNSA,91.2,91.2,91.33,102.81,105.28,96.83,43,48,48,42,,,,,
ONEG,91.2,91.2,91.33,102.81,105.28,96.83,43,48,48,42,,,,,
XP,91.2,91.2,91.33,102.81,105.28,96.83,43,48,48,42,,,,,
KCHVU,91.2,91.2,91.33,102.81,105.28,96.83,43,48,48,42,,,,,
WALD,91.2,91.2,91.33,102.81,105.28,96.83,43,48,48,42,,,,,
IRWD,91.2,91.2,91.33,102.81,105.28,96.83,43,48,48,42,,,,,
QH,91.2,91.2,91.33,102.81,105.28,96.83,43,48,48,42,,,,,
ASM,91.2,91.2,91.33,102.81,105.28,96.83,43,48,48,42,,,,,
RNST,91.2,91.2,91.33,102.81,105.28,96.83,43,48,48,42,,,,,
MCTR,91.2,91.2,91.33,102.81,105.28,96.83,43,48,48,42,,,,,
PAHC,91.2,91.2,91.33,102.81,105.28,96.83,43,48,48,42,,,,,
KRNT,91.2,91.2,91.33,102.81,105.28,96.83,43,48,48,42,,,,,
BGLC,91.2,91.2,91.33,102.81,105.28,96.83,43,48,48,42,,,,,
CLPS,91.2,91.2,91.33,102.81,105.28,96.83,43,48,48,42,,,,,
SWIM,91.2,91.2,91.33,102.81,105.28,96.83,43,48,48,42,,,,,
NHC,91.2,91.2,91.33,102.81,105.28,96.83,43,48,48,42,,,,,
AC,91.2,91.2,91.33,102.81,105.28,96.83,43,48,48,42,,,,,
COST,91.2,91.2,91.33,102.81,105.28,96.83,43,48,48,42,,,,,
KRMD,91.2,91.2,91.33,102.81,105.28,96.83,43,48,48,42,,,,,
MITK,91.2,91.2,91.33,102.81,105.28,96.83,43,48,48,42,,,,,
PTHS,91.2,91.2,91.33,102.81,105.28,96.83,43,48,48,42,,,,,
FLUT,91.2,91.2,91.33,102.81,105.28,96.83,43,48,48,42,,,,,
OTIS,91.2,91.2,91.33,102.81,105.28,96.83,43,48,48,42,,,,,
TOI,91.2,91.2,91.33,102.81,105.28,96.83,43,48,48,42,,,,,
BALL,91.2,91.2,91.33,102.81,105.28,96.83,43,48,48,42,,,,,
ALB,91.2,91.2,91.33,102.81,105.28,96.83,43,48,48,42,,,,,
SEER,91.2,91.2,91.33,102.81,105.28,96.83,43,48,48,42,,,,,
SVRA,91.2,91.2,91.33,102.81,105.28,96.83,43,48,48,42,,,,,
IMRN,91.2,91.2,91.33,102.81,105.28,96.83,43,48,48,42,,,,,
BMGL,91.2,91.2,91.33,102.81,105.28,96.83,43,48,48,42,,,,,
BJDX,91.2,91.2,91.33,102.81,105.28,96.83,43,48,48,42,,,,,
REBN,91.2,91.2,91.33,102.81,105.28,96.83,43,48,48,42,,,,,
FRAF,91.2,91.2,91.33,102.81,105.28,96.83,43,48,48,42,,,,,
FCNCP,91.2,91.2,91.33,102.81,105.28,96.83,43,48,48,42,,,,,
PWP,91.2,91.2,91.33,102.81,105.28,96.83,43,48,48,42,,,,,
PK,91.2,91.2,91.33,102.81,105.28,96.83,43,48,48,42,,,,,
KVYO,91.2,91.2,91.33,102.81,105.28,96.83,43,48,48,42,,,,,
SUGP,91.2,91.2,91.33,102.81,105.28,96.83,43,48,48,42,,,,,
CUZ,91.2,91.2,91.33,102.81,105.28,96.83,43,48,48,42,,,,,
ENSG,91.2,91.2,91.33,102.81,105.28,96.83,43,48,48,42,,,,,
NN,91.2,91.2,91.33,102.81,105.28,96.83,43,48,48,42,,,,,
API,91.2,91.2,91.33,102.81,105.28,96.83,43,48,48,42,,,,,
MLYS,91.2,91.2,91.33,102.81,105.28,96.83,43,48,48,42,,,,,
JTAI,91.2,91.2,91.33,102.81,105.28,96.83,43,48,48,42,,,,,
RICK,91.2,91.2,91.33,102.81,105.28,96.83,43,48,48,42,,,,,
KRO,91.2,91.2,91.33,102.81,105.28,96.83,43,48,48,42,,,,,
KMTS,91.2,91.2,91.33,102.81,105.28,96.83,43,48,48,42,,,,,
SOBR,91.2,91.2,91.33,102.81,105.28,96.83,43,48,48,42,,,,,
EZPW,91.2,91.2,91.33,102.81,105.28,96.83,43,48,48,42,,,,,
WMT,91.2,91.2,91.33,102.81,105.28,96.83,43,48,48,42,,,,,
ODD,91.2,91.2,91.33,102.81,105.28,96.83,43,48,48,42,,,,,
PLBL,91.2,91.2,91.33,102.81,105.28,96.83,43,48,48,42,,,,,
SLAB,91.2,91.2,91.33,102.81,105.28,96.83,43,48,48,42,,,,,
LH,91.2,91.2,91.33,102.81,105.28,96.83,43,48,48,42,,,,,
ETS,91.2,91.2,91.33,102.81,105.28,96.83,43,48,48,42,,,,,
HDB,91.2,91.2,91.33,102.81,105.28,96.83,43,48,48,42,,,,,
RELL,91.2,91.2,91.33,102.81,105.28,96.83,43,48,48,42,,,,,
UNB,91.2,91.2,91.33,102.81,105.28,96.83,43,48,48,42,,,,,
XPRO,91.2,91.2,91.33,102.81,105.28,96.83,43,48,48,42,,,,,
NC,91.2,91.2,91.33,102.81,105.28,96.83,43,48,48,42,,,,,
ICCC,91.2,91.2,91.33,102.81,105.28,96.83,43,48,48,42,,,,,
MP,91.2,91.2,91.33,102.81,105.28,96.83,43,48,48,42,,,,,
ATLO,91.2,91.2,91.33,102.81,105.28,96.83,43,48,48,42,,,,,
FPI,91.2,91.2,91.33,102.81,105.28,96.83,43,48,48,42,,,,,
AMPG,91.2,91.2,91.33,102.81,105.28,96.83,43,48,48,42,,,,,
GGG,91.2,91.2,91.33,102.81,105.28,96.83,43,48,48,42,,,,,
NGL,91.2,91.2,91.33,102.81,105.28,96.83,43,48,48,42,,,,,
MGM,91.2,91.2,91.33,102.81,105.28,96.83,43,48,48,42,,,,,
LWAY,91.2,91.2,91.33,102.81,105.28,96.83,43,48,48,42,,,,,
FRBA,91.2,91.2,91.33,102.81,105.28,96.83,43,48,48,42,,,,,
ATII,91.2,91.2,91.33,102.81,105.28,96.83,43,48,48,42,,,,,
WLACU,91.2,91.2,91.33,102.81,105.28,96.83,43,48,48,42,,,,,
DHC,91.2,91.2,91.33,102.81,105.28,96.83,43,48,48,42,,,,,
GRDN,91.2,91.2,91.33,102.81,105.28,96.83,43,48,48,42,,,,,
NAOV,91.2,91.2,91.33,102.81,105.28,96.83,43,48,48,42,,,,,
VRAX,91.2,91.2,91.33,102.81,105.28,96.83,43,48,48,42,,,,,
TDY,91.2,91.2,91.33,102.81,105.28,96.83,43,48,48,42,,,,,
GO,91.2,91.2,91.33,102.81,105.28,96.83,43,48,48,42,,,,,
SNAL,91.2,91.2,91.33,102.81,105.28,96.83,43,48,48,42,,,,,
BRFS,91.2,91.2,91.33,102.81,105.28,96.83,43,48,48,42,,,,,
TRSG,91.2,91.2,91.33,102.81,105.28,96.83,43,48,48,42,,,,,
CLDI,91.2,91.2,91.33,102.81,105.28,96.83,43,48,48,42,,,,,
STXS,91.2,91.2,91.33,102.81,105.28,96.83,43,48,48,42,,,,,
APUS,91.2,91.2,91.33,102.81,105.28,96.83,43,48,48,42,,,,,
E,91.2,91.2,91.33,102.81,105.28,96.83,43,48,48,42,,,,,
JCTC,91.2,91.2,91.33,102.81,105.28,96.83,43,48,48,42,,,,,
LCTX,91.2,91.2,91.33,102.81,105.28,96.83,43,48,48,42,,,,,
PELI,91.2,91.2,91.33,102.81,105.28,96.83,43,48,48,42,,,,,
AFJKU,91.2,91.2,91.33,102.81,105.28,96.83,43,48,48,42,,,,,
TMQ,91.2,91.2,91.33,102.81,105.28,96.83,43,48,48,42,,,,,
ATAT,91.2,91.2,91.33,102.81,105.28,96.83,43,48,48,42,,,,,
SBEV,91.2,91.2,91.33,102.81,105.28,96.83,43,48,48,42,,,,,
AIFU,91.2,91.2,91.33,102.81,105.28,96.83,43,48,48,42,,,,,
FIHL,91.2,91.2,91.33,102.81,105.28,96.83,43,48,48,42,,,,,
HSON,91.2,91.2,91.33,102.81,105.28,96.83,43,48,48,42,,,,,
EGHAU,91.2,91.2,91.33,102.81,105.28,96.83,43,48,48,42,,,,,
DAVA,91.2,91.2,91.33,102.81,105.28,96.83,43,48,48,42,,,,,
ATS,91.2,91.2,91.33,102.81,105.28,96.83,43,48,48,42,,,,,
AMBI,91.2,91.2,91.33,102.81,105.28,96.83,43,48,48,42,,,,,
SMTC,91.2,91.2,91.33,102.81,105.28,96.83,43,48,48,42,,,,,
ABOS,91.2,91.2,91.33,102.81,105.28,96.83,43,48,48,42,,,,,
EFSCP,91.2,91.2,91.33,102.81,105.28,96.83,43,48,48,42,,,,,
LGPS,91.2,91.2,91.33,102.81,105.28,96.83,43,48,48,42,,,,,
VRTS,91.2,91.2,91.33,102.81,105.28,96.83,43,48,48,42,,,,,
J,91.2,91.2,91.33,102.81,105.28,96.83,43,48,48,42,,,,,
TRT,91.2,91.2,91.33,102.81,105.28,96.83,43,48,48,42,,,,,
BWA,91.2,91.2,91.33,102.81,105.28,96.83,43,48,48,42,,,,,
GFL,91.2,91.2,91.33,102.81,105.28,96.83,43,48,48,42,,,,,
WDAY,91.2,91.2,91.33,102.81,105.28,96.83,43,48,48,42,,,,,
AMPL,91.2,91.2,91.33,102.81,105.28,96.83,43,48,48,42,,,,,
OKYO,91.2,91.2,91.33,102.81,105.28,96.83,43,48,48,42,,,,,
GTBP,91.2,91.2,91.33,102.81,105.28,96.83,43,48,48,42,,,,,
CAPL,91.2,91.2,91.33,102.81,105.28,96.83,43,48,48,42,,,,,
STRL,91.2,91.2,91.33,102.81,105.28,96.83,43,48,48,42,,,,,
ROOT,91.2,91.2,91.33,102.81,105.28,96.83,43,48,48,42,,,,,
RGP,91.2,91.2,91.33,102.81,105.28,96.83,43,48,48,42,,,,,
DXST,91.2,91.2,91.33,102.81,105.28,96.83,43,48,48,42,,,,,
PIII,91.2,91.2,91.33,102.81,105.28,96.83,43,48,48,42,,,,,
MFG,91.2,91.2,91.33,102.81,105.28,96.83,43,48,48,42,,,,,
HXHX,91.2,91.2,91.33,102.81,105.28,96.83,43,48,48,42,,,,,
TTGT,91.2,91.2,91.33,102.81,105.28,96.83,43,48,48,42,,,,,
SNDA,91.2,91.2,91.33,102.81,105.28,96.83,43,48,48,42,,,,,
SMX,91.2,91.2,91.33,102.81,105.28,96.83,43,48,48,42,,,,,
WPP,91.2,91.2,91.33,102.81,105.28,96.83,43,48,48,42,,,,,
NGG,91.2,91.2,91.33,102.81,105.28,96.83,43,48,48,42,,,,,
BAYAU,91.2,91.2,91.33,102.81,105.28,96.83,43,48,48,42,,,,,
VATE,91.2,91.2,91.33,102.81,105.28,96.83,43,48,48,42,,,,,
CDRE,91.2,91.2,91.33,102.81,105.28,96.83,43,48,48,42,,,,,
PFE,91.2,91.2,91.33,102.81,105.28,96.83,43,48,48,42,,,,,
OP,91.2,91.2,91.33,102.81,105.28,96.83,43,48,48,42,,,,,
XELB,91.2,91.2,91.33,102.81,105.28,96.83,43,48,48,42,,,,,
TVA,91.2,91.2,91.33,102.81,105.28,96.83,43,48,48,42,,,,,
LOAN,91.2,91.2,91.33,102.81,105.28,96.83,43,48,48,42,,,,,
NRIX,91.2,91.2,91.33,102.81,105.28,96.83,43,48,48,42,,,,,
CLB,91.2,91.2,91.33,102.81,105.28,96.83,43,48,48,42,,,,,
QRHC,91.2,91.2,91.33,102.81,105.28,96.83,43,48,48,42,,,,,
GVA,91.2,91.2,91.33,102.81,105.28,96.83,43,48,48,42,,,,,
ALXO,91.2,91.2,91.33,102.81,105.28,96.83,43,48,48,42,,,,,
DGLY,91.2,91.2,91.33,102.81,105.28,96.83,43,48,48,42,,,,,
WHD,91.2,91.2,91.33,102.81,105.28,96.83,43,48,48,42,,,,,
SKLZ,91.2,91.2,91.33,102.81,105.28,96.83,43,48,48,42,,,,,
PRSO,91.2,91.2,91.33,102.81,105.28,96.83,43,48,48,42,,,,,
XOS,91.2,91.2,91.33,102.81,105.28,96.83,43,48,48,42,,,,,
GOVX,91.2,91.2,91.33,102.81,105.28,96.83,43,48,48,42,,,,,
PROF,91.2,91.2,91.33,102.81,105.28,96.83,43,48,48,42,,,,,
WGRX,91.2,91.2,91.33,102.81,105.28,96.83,43,48,48,42,,,,,
IREN,91.2,91.2,91.33,102.81,105.28,96.83,43,48,48,42,,,,,
BBDO,91.2,91.2,91.33,102.81,105.28,96.83,43,48,48,42,,,,,
KMRK,91.2,91.2,91.33,102.81,105.28,96.83,43,48,48,42,,,,,
CLGN,91.2,91.2,91.33,102.81,105.28,96.83,43,48,48,42,,,,,
DJT,91.2,91.2,91.33,102.81,105.28,96.83,43,48,48,42,,,,,
EXEL,91.2,91.2,91.33,102.81,105.28,96.83,43,48,48,42,,,,,
AEHL,91.2,91.2,91.33,102.81,105.28,96.83,43,48,48,42,,,,,
SES,91.2,91.2,91.33,102.81,105.28,96.83,43,48,48,42,,,,,
AEHR,91.2,91.2,91.33,102.81,105.28,96.83,43,48,48,42,,,,,
RIVN,91.2,91.2,91.33,102.81,105.28,96.83,43,48,48,42,,,,,
LZMH,91.2,91.2,91.33,102.81,105.28,96.83,43,48,48,42,,,,,
ACA,91.2,91.2,91.33,102.81,105.28,96.83,43,48,48,42,,,,,
HCSG,91.2,91.2,91.33,102.81,105.28,96.83,43,48,48,42,,,,,
PENG,91.2,91.2,91.33,102.81,105.28,96.83,43,48,48,42,,,,,
MAYA,91.2,91.2,91.33,102.81,105.28,96.83,43,48,48,42,,,,,
BMRN,91.2,91.2,91.33,102.81,105.28,96.83,43,48,48,42,,,,,
PBH,91.2,91.2,91.33,102.81,105.28,96.83,43,48,48,42,,,,,
ADC,91.2,91.2,91.33,102.81,105.28,96.83,43,48,48,42,,,,,
EVI,91.2,91.2,91.33,102.81,105.28,96.83,43,48,48,42,,,,,
DC,91.2,91.2,91.33,102.81,105.28,96.83,43,48,48,42,,,,,
CSTL,91.2,91.2,91.33,102.81,105.28,96.83,43,48,48,42,,,,,
HCWC,91.2,91.2,91.33,102.81,105.28,96.83,43,48,48,42,,,,,
GBIO,91.2,91.2,91.33,102.81,105.28,96.83,43,48,48,42,,,,,
CTS,91.2,91.2,91.33,102.81,105.28,96.83,43,48,48,42,,,,,
NWG,91.2,91.2,91.33,102.81,105.28,96.83,43,48,48,42,,,,,
KODK,91.2,91.2,91.33,102.81,105.28,96.83,43,48,48,42,,,,,
BAER,91.2,91.2,91.33,102.81,105.28,96.83,43,48,48,42,,,,,
BCG,91.2,91.2,91.33,102.81,105.28,96.83,43,48,48,42,,,,,
CNOBP,91.2,91.2,91.33,102.81,105.28,96.83,43,48,48,42,,,,,
SOFI,91.2,91.2,91.33,102.81,105.28,96.83,43,48,48,42,,,,,
KNTK,91.2,91.2,91.33,102.81,105.28,96.83,43,48,48,42,,,,,
FUN,91.2,91.2,91.33,102.81,105.28,96.83,43,48,48,42,,,,,
WOK,91.2,91.2,91.33,102.81,105.28,96.83,43,48,48,42,,,,,
CHD,91.2,91.2,91.33,102.81,105.28,96.83,43,48,48,42,,,,,
FCAP,91.2,91.2,91.33,102.81,105.28,96.83,43,48,48,42,,,,,
HLVX,91.2,91.2,91.33,102.81,105.28,96.83,43,48,48,42,,,,,
PRPL,91.2,91.2,91.33,102.81,105.28,96.83,43,48,48,42,,,,,
UDR,91.2,91.2,91.33,102.81,105.28,96.83,43,48,48,42,,,,,
WELL,91.2,91.2,91.33,102.81,105.28,96.83,43,48,48,42,,,,,
CEPU,91.2,91.2,91.33,102.81,105.28,96.83,43,48,48,42,,,,,
PTC,91.2,91.2,91.33,102.81,105.28,96.83,43,48,48,42,,,,,
EBAY,91.2,91.2,91.33,102.81,105.28,96.83,43,48,48,42,,,,,
BUSE,91.2,91.2,91.33,102.81,105.28,96.83,43,48,48,42,,,,,
CNS,91.2,91.2,91.33,102.81,105.28,96.83,43,48,48,42,,,,,
PII,91.2,91.2,91.33,102.81,105.28,96.83,43,48,48,42,,,,,
RYDE,91.2,91.2,91.33,102.81,105.28,96.83,43,48,48,42,,,,,
OPK,91.2,91.2,91.33,102.81,105.28,96.83,43,48,48,42,,,,,
STWD,91.2,91.2,91.33,102.81,105.28,96.83,43,48,48,42,,,,,
YGMZ,91.2,91.2,91.33,102.81,105.28,96.83,43,48,48,42,,,,,
ATNM,91.2,91.2,91.33,102.81,105.28,96.83,43,48,48,42,,,,,
IMAB,91.2,91.2,91.33,102.81,105.28,96.83,43,48,48,42,,,,,
DHI,91.2,91.2,91.33,102.81,105.28,96.83,43,48,48,42,,,,,
DXCM,91.2,91.2,91.33,102.81,105.28,96.83,43,48,48,42,,,,,
VMAR,91.2,91.2,91.33,102.81,105.28,96.83,43,48,48,42,,,,,
UPST,91.2,91.2,91.33,102.81,105.28,96.83,43,48,48,42,,,,,
XFOR,91.2,91.2,91.33,102.81,105.28,96.83,43,48,48,42,,,,,
CVRX,91.2,91.2,91.33,102.81,105.28,96.83,43,48,48,42,,,,,
LCCC,91.2,91.2,91.33,102.81,105.28,96.83,43,48,48,42,,,,,
MELI,91.2,91.2,91.33,102.81,105.28,96.83,43,48,48,42,,,,,
ABNB,91.2,91.2,91.33,102.81,105.28,96.83,43,48,48,42,,,,,
CRDL,91.2,91.2,91.33,102.81,105.28,96.83,43,48,48,42,,,,,
RSVR,91.2,91.2,91.33,102.81,105.28,96.83,43,48,48,42,,,,,
DFH,91.2,91.2,91.33,102.81,105.28,96.83,43,48,48,42,,,,,
GROY,91.2,91.2,91.33,102.81,105.28,96.83,43,48,48,42,,,,,
HOVR,91.2,91.2,91.33,102.81,105.28,96.83,43,48,48,42,,,,,
BMNR,91.2,91.2,91.33,102.81,105.28,96.83,43,48,48,42,,,,,
HUT,91.2,91.2,91.33,102.81,105.28,96.83,43,48,48,42,,,,,
GROV,91.2,91.2,91.33,102.81,105.28,96.83,43,48,48,42,,,,,
GWH,91.2,91.2,91.33,102.81,105.28,96.83,43,48,48,42,,,,,
ANGO,91.2,91.2,91.33,102.81,105.28,96.83,43,48,48,42,,,,,
PAVS,91.2,91.2,91.33,102.81,105.28,96.83,43,48,48,42,,,,,
EFC,91.2,91.2,91.33,102.81,105.28,96.83,43,48,48,42,,,,,
OXBR,91.2,91.2,91.33,102.81,105.28,96.83,43,48,48,42,,,,,
EE,91.2,91.2,91.33,102.81,105.28,96.83,43,48,48,42,,,,,
TORO,91.2,91.2,91.33,102.81,105.28,96.83,43,48,48,42,,,,,
ECO,91.2,91.2,91.33,102.81,105.28,96.83,43,48,48,42,,,,,
CPRT,91.2,91.2,91.33,102.81,105.28,96.83,43,48,48,42,,,,,
SUNE,91.2,91.2,91.33,102.81,105.28,96.83,43,48,48,42,,,,,
BEEP,91.2,91.2,91.33,102.81,105.28,96.83,43,48,48,42,,,,,
MRVL,91.2,91.2,91.33,102.81,105.28,96.83,43,48,48,42,,,,,
SBC,91.2,91.2,91.33,102.81,105.28,96.83,43,48,48,42,,,,,
RDY,91.2,91.2,91.33,102.81,105.28,96.83,43,48,48,42,,,,,
TER,91.2,91.2,91.33,102.81,105.28,96.83,43,48,48,42,,,,,
STAA,91.2,91.2,91.33,102.81,105.28,96.83,43,48,48,42,,,,,
TMHC,91.2,91.2,91.33,102.81,105.28,96.83,43,48,48,42,,,,,
URBN,91.2,91.2,91.33,102.81,105.28,96.83,43,48,48,42,,,,,
NNVC,91.2,91.2,91.33,102.81,105.28,96.83,43,48,48,42,,,,,
CGON,91.2,91.2,91.33,102.81,105.28,96.83,43,48,48,42,,,,,
BDC,91.2,91.2,91.33,102.81,105.28,96.83,43,48,48,42,,,,,
EHGO,91.2,91.2,91.33,102.81,105.28,96.83,43,48,48,42,,,,,
APOG,91.2,91.2,91.33,102.81,105.28,96.83,43,48,48,42,,,,,
NAII,91.2,91.2,91.33,102.81,105.28,96.83,43,48,48,42,,,,,
GLE,91.2,91.2,91.33,102.81,105.28,96.83,43,48,48,42,,,,,
RVSB,91.2,91.2,91.33,102.81,105.28,96.83,43,48,48,42,,,,,
TBMC,91.2,91.2,91.33,102.81,105.28,96.83,43,48,48,42,,,,,
GP,91.2,91.2,91.33,102.81,105.28,96.83,43,48,48,42,,,,,
ABVX,91.2,91.2,91.33,102.81,105.28,96.83,43,48,48,42,,,,,
MNDO,91.2,91.2,91.33,102.81,105.28,96.83,43,48,48,42,,,,,
INVE,91.2,91.2,91.33,102.81,105.28,96.83,43,48,48,42,,,,,
CAPS,91.2,91.2,91.33,102.81,105.28,96.83,43,48,48,42,,,,,
KN,91.2,91.2,91.33,102.81,105.28,96.83,43,48,48,42,,,,,
CMTG,91.2,91.2,91.33,102.81,105.28,96.83,43,48,48,42,,,,,
LIN,91.2,91.2,91.33,102.81,105.28,96.83,43,48,48,42,,,,,
SKYW,91.2,91.2,91.33,102.81,105.28,96.83,43,48,48,42,,,,,
MTNB,91.2,91.2,91.33,102.81,105.28,96.83,43,48,48,42,,,,,
SBCF,91.2,91.2,91.33,102.81,105.28,96.83,43,48,48,42,,,,,
BKR,91.2,91.2,91.33,102.81,105.28,96.83,43,48,48,42,,,,,
APLT,91.2,91.2,91.33,102.81,105.28,96.83,43,48,48,42,,,,,
EFOI,91.2,91.2,91.33,102.81,105.28,96.83,43,48,48,42,,,,,
CRBP,91.2,91.2,91.33,102.81,105.28,96.83,43,48,48,42,,,,,
ITIC,91.2,91.2,91.33,102.81,105.28,96.83,43,48,48,42,,,,,
UTI,91.2,91.2,91.33,102.81,105.28,96.83,43,48,48,42,,,,,
WS,91.2,91.2,91.33,102.81,105.28,96.83,43,48,48,42,,,,,
RCEL,91.2,91.2,91.33,102.81,105.28,96.83,43,48,48,42,,,,,
EQ,91.2,91.2,91.33,102.81,105.28,96.83,43,48,48,42,,,,,
LODE,91.2,91.2,91.33,102.81,105.28,96.83,43,48,48,42,,,,,
BCS,91.2,91.2,91.33,102.81,105.28,96.83,43,48,48,42,,,,,
BKSY,91.2,91.2,91.33,102.81,105.28,96.83,43,48,48,42,,,,,
PR,91.2,91.2,91.33,102.81,105.28,96.83,43,48,48,42,,,,,
TSQ,91.2,91.2,91.33,102.81,105.28,96.83,43,48,48,42,,,,,
PSMT,91.2,91.2,91.33,102.81,105.28,96.83,43,48,48,42,,,,,
VITL,91.2,91.2,91.33,102.81,105.28,96.83,43,48,48,42,,,,,
DD,91.2,91.2,91.33,102.81,105.28,96.83,43,48,48,42,,,,,
CPA,91.2,91.2,91.33,102.81,105.28,96.83,43,48,48,42,,,,,
SHFS,91.2,91.2,91.33,102.81,105.28,96.83,43,48,48,42,,,,,
GFR,91.2,91.2,91.33,102.81,105.28,96.83,43,48,48,42,,,,,
CWH,91.2,91.2,91.33,102.81,105.28,96.83,43,48,48,42,,,,,
IPX,91.2,91.2,91.33,102.81,105.28,96.83,43,48,48,42,,,,,
RYET,91.2,91.2,91.33,102.81,105.28,96.83,43,48,48,42,,,,,
ACCO,91.2,91.2,91.33,102.81,105.28,96.83,43,48,48,42,,,,,
WTF,91.2,91.2,91.33,102.81,105.28,96.83,43,48,48,42,,,,,
BWEN,91.2,91.2,91.33,102.81,105.28,96.83,43,48,48,42,,,,,
CTXR,91.2,91.2,91.33,102.81,105.28,96.83,43,48,48,42,,,,,
ASUR,91.2,91.2,91.33,102.81,105.28,96.83,43,48,48,42,,,,,
SCPH,91.2,91.2,91.33,102.81,105.28,96.83,43,48,48,42,,,,,
TDUP,91.2,91.2,91.33,102.81,105.28,96.83,43,48,48,42,,,,,
DVS,91.2,91.2,91.33,102.81,105.28,96.83,43,48,48,42,,,,,
FCEL,91.2,91.2,91.33,102.81,105.28,96.83,43,48,48,42,,,,,
FEIM,91.2,91.2,91.33,102.81,105.28,96.83,43,48,48,42,,,,,
PTLE,91.2,91.2,91.33,102.81,105.28,96.83,43,48,48,42,,,,,
SSNC,91.2,91.2,91.33,102.81,105.28,96.83,43,48,48,42,,,,,
BOSC,91.2,91.2,91.33,102.81,105.28,96.83,43,48,48,42,,,,,
INTZ,91.2,91.2,91.33,102.81,105.28,96.83,43,48,48,42,,,,,
ITGR,91.2,91.2,91.33,102.81,105.28,96.83,43,48,48,42,,,,,
HLN,91.2,91.2,91.33,102.81,105.28,96.83,43,48,48,42,,,,,
BEP,91.2,91.2,91.33,102.81,105.28,96.83,43,48,48,42,,,,,
KMX,91.2,91.2,91.33,102.81,105.28,96.83,43,48,48,42,,,,,
CBL,91.2,91.2,91.33,102.81,105.28,96.83,43,48,48,42,,,,,
FN,91.2,91.2,91.33,102.81,105.28,96.83,43,48,48,42,,,,,
STEL,91.2,91.2,91.33,102.81,105.28,96.83,43,48,48,42,,,,,
APVO,91.2,91.2,91.33,102.81,105.28,96.83,43,48,48,42,,,,,
YMT,91.2,91.2,91.33,102.81,105.28,96.83,43,48,48,42,,,,,
NNN,91.2,91.2,91.33,102.81,105.28,96.83,43,48,48,42,,,,,
STC,91.2,91.2,91.33,102.81,105.28,96.83,43,48,48,42,,,,,
GBR,91.2,91.2,91.33,102.81,105.28,96.83,43,48,48,42,,,,,
PI,91.2,91.2,91.33,102.81,105.28,96.83,43,48,48,42,,,,,
AVDL,91.2,91.2,91.33,102.81,105.28,96.83,43,48,48,42,,,,,
HNST,91.2,91.2,91.33,102.81,105.28,96.83,43,48,48,42,,,,,
JACK,91.2,91.2,91.33,102.81,105.28,96.83,43,48,48,42,,,,,
EHTH,91.2,91.2,91.33,102.81,105.28,96.83,43,48,48,42,,,,,
PODC,91.2,91.2,91.33,102.81,105.28,96.83,43,48,48,42,,,,,
BCYC,91.2,91.2,91.33,102.81,105.28,96.83,43,48,48,42,,,,,
ATOM,91.2,91.2,91.33,102.81,105.28,96.83,43,48,48,42,,,,,
GREE,91.2,91.2,91.33,102.81,105.28,96.83,43,48,48,42,,,,,
STVN,91.2,91.2,91.33,102.81,105.28,96.83,43,48,48,42,,,,,
KGC,91.2,91.2,91.33,102.81,105.28,96.83,43,48,48,42,,,,,
AMX,91.2,91.2,91.33,102.81,105.28,96.83,43,48,48,42,,,,,
MBBC,91.2,91.2,91.33,102.81,105.28,96.83,43,48,48,42,,,,,
IMO,91.2,91.2,91.33,102.81,105.28,96.83,43,48,48,42,,,,,
GROW,91.2,91.2,91.33,102.81,105.28,96.83,43,48,48,42,,,,,
KLC,91.2,91.2,91.33,102.81,105.28,96.83,43,48,48,42,,,,,
BON,91.2,91.2,91.33,102.81,105.28,96.83,43,48,48,42,,,,,
DRUG,91.2,91.2,91.33,102.81,105.28,96.83,43,48,48,42,,,,,
LIF,91.2,91.2,91.33,102.81,105.28,96.83,43,48,48,42,,,,,
EOG,91.2,91.2,91.33,102.81,105.28,96.83,43,48,48,42,,,,,
ORGN,91.2,91.2,91.33,102.81,105.28,96.83,43,48,48,42,,,,,
BFS,91.2,91.2,91.33,102.81,105.28,96.83,43,48,48,42,,,,,
VS,91.2,91.2,91.33,102.81,105.28,96.83,43,48,48,42,,,,,
PRKS,91.2,91.2,91.33,102.81,105.28,96.83,43,48,48,42,,,,,
CYBN,91.2,91.2,91.33,102.81,105.28,96.83,43,48,48,42,,,,,
BCPC,91.2,91.2,91.33,102.81,105.28,96.83,43,48,48,42,,,,,
SSBI,91.2,91.2,91.33,102.81,105.28,96.83,43,48,48,42,,,,,
L,91.2,91.2,91.33,102.81,105.28,96.83,43,48,48,42,,,,,
XYL,91.2,91.2,91.33,102.81,105.28,96.83,43,48,48,42,,,,,
TACOU,91.2,91.2,91.33,102.81,105.28,96.83,43,48,48,42,,,,,
LAZ,91.2,91.2,91.33,102.81,105.28,96.83,43,48,48,42,,,,,
ACRE,91.2,91.2,91.33,102.81,105.28,96.83,43,48,48,42,,,,,
SRE,91.2,91.2,91.33,102.81,105.28,96.83,43,48,48,42,,,,,
CNSP,91.2,91.2,91.33,102.81,105.28,96.83,43,48,48,42,,,,,
EKSO,91.2,91.2,91.33,102.81,105.28,96.83,43,48,48,42,,,,,
LNG,91.2,91.2,91.33,102.81,105.28,96.83,43,48,48,42,,,,,
BHC,91.2,91.2,91.33,102.81,105.28,96.83,43,48,48,42,,,,,
FGBI,91.2,91.2,91.33,102.81,105.28,96.83,43,48,48,42,,,,,
AVIR,91.2,91.2,91.33,102.81,105.28,96.83,43,48,48,42,,,,,
TMCI,91.2,91.2,91.33,102.81,105.28,96.83,43,48,48,42,,,,,
HCHL,91.2,91.2,91.33,102.81,105.28,96.83,43,48,48,42,,,,,
CCIX,91.2,91.2,91.33,102.81,105.28,96.83,43,48,48,42,,,,,
OTTR,91.2,91.2,91.33,102.81,105.28,96.83,43,48,48,42,,,,,
MCK,91.2,91.2,91.33,102.81,105.28,96.83,43,48,48,42,,,,,
CYBR,91.2,91.2,91.33,102.81,105.28,96.83,43,48,48,42,,,,,
YELP,91.2,91.2,91.33,102.81,105.28,96.83,43,48,48,42,,,,,
MNMD,91.2,91.2,91.33,102.81,105.28,96.83,43,48,48,42,,,,,
IRIX,91.2,91.2,91.33,102.81,105.28,96.83,43,48,48,42,,,,,
PZZA,91.2,91.2,91.33,102.81,105.28,96.83,43,48,48,42,,,,,
CCG,91.2,91.2,91.33,102.81,105.28,96.83,43,48,48,42,,,,,
LGCB,91.2,91.2,91.33,102.81,105.28,96.83,43,48,48,42,,,,,
NMFC,91.2,91.2,91.33,102.81,105.28,96.83,43,48,48,42,,,,,
KSPI,91.2,91.2,91.33,102.81,105.28,96.83,43,48,48,42,,,,,
SERV,91.2,91.2,91.33,102.81,105.28,96.83,43,48,48,42,,,,,
GHI,91.2,91.2,91.33,102.81,105.28,96.83,43,48,48,42,,,,,
AAON,91.2,91.2,91.33,102.81,105.28,96.83,43,48,48,42,,,,,
LXU,91.2,91.2,91.33,102.81,105.28,96.83,43,48,48,42,,,,,
PCH,91.2,91.2,91.33,102.81,105.28,96.83,43,48,48,42,,,,,
ETOR,91.2,91.2,91.33,102.81,105.28,96.83,43,48,48,42,,,,,
ODFL,91.2,91.2,91.33,102.81,105.28,96.83,43,48,48,42,,,,,
ZIONP,91.2,91.2,91.33,102.81,105.28,96.83,43,48,48,42,,,,,
YYAI,91.2,91.2,91.33,102.81,105.28,96.83,43,48,48,42,,,,,
RFIL,91.2,91.2,91.33,102.81,105.28,96.83,43,48,48,42,,,,,
PVH,91.2,91.2,91.33,102.81,105.28,96.83,43,48,48,42,,,,,
GEL,91.2,91.2,91.33,102.81,105.28,96.83,43,48,48,42,,,,,
NEXA,91.2,91.2,91.33,102.81,105.28,96.83,43,48,48,42,,,,,
QBTS,91.2,91.2,91.33,102.81,105.28,96.83,43,48,48,42,,,,,
SPTN,91.2,91.2,91.33,102.81,105.28,96.83,43,48,48,42,,,,,
LSH,91.2,91.2,91.33,102.81,105.28,96.83,43,48,48,42,,,,,
HOLX,91.2,91.2,91.33,102.81,105.28,96.83,43,48,48,42,,,,,
PC,91.2,91.2,91.33,102.81,105.28,96.83,43,48,48,42,,,,,
SWKH,91.2,91.2,91.33,102.81,105.28,96.83,43,48,48,42,,,,,
GSHR,91.2,91.2,91.33,102.81,105.28,96.83,43,48,48,42,,,,,
RYAM,91.2,91.2,91.33,102.81,105.28,96.83,43,48,48,42,,,,,
AACIU,91.2,91.2,91.33,102.81,105.28,96.83,43,48,48,42,,,,,
DE,91.2,91.2,91.33,102.81,105.28,96.83,43,48,48,42,,,,,
NXTT,91.2,91.2,91.33,102.81,105.28,96.83,43,48,48,42,,,,,
DBGI,91.2,91.2,91.33,102.81,105.28,96.83,43,48,48,42,,,,,
PPCB,91.2,91.2,91.33,102.81,105.28,96.83,43,48,48,42,,,,,
BHVN,91.2,91.2,91.33,102.81,105.28,96.83,43,48,48,42,,,,,
RTAC,91.2,91.2,91.33,102.81,105.28,96.83,43,48,48,42,,,,,
BRID,91.2,91.2,91.33,102.81,105.28,96.83,43,48,48,42,,,,,
ELBM,91.2,91.2,91.33,102.81,105.28,96.83,43,48,48,42,,,,,
MSI,91.2,91.2,91.33,102.81,105.28,96.83,43,48,48,42,,,,,
ACDC,91.2,91.2,91.33,102.81,105.28,96.83,43,48,48,42,,,,,
WHLR,91.2,91.2,91.33,102.81,105.28,96.83,43,48,48,42,,,,,
FIVN,91.2,91.2,91.33,102.81,105.28,96.83,43,48,48,42,,,,,
MNST,91.2,91.2,91.33,102.81,105.28,96.83,43,48,48,42,,,,,
GTY,91.2,91.2,91.33,102.81,105.28,96.83,43,48,48,42,,,,,
THCH,91.2,91.2,91.33,102.81,105.28,96.83,43,48,48,42,,,,,
ICL,91.2,91.2,91.33,102.81,105.28,96.83,43,48,48,42,,,,,
FATN,91.2,91.2,91.33,102.81,105.28,96.83,43,48,48,42,,,,,
PRLD,91.2,91.2,91.33,102.81,105.28,96.83,43,48,48,42,,,,,
HOV,91.2,91.2,91.33,102.81,105.28,96.83,43,48,48,42,,,,,
ALFUU,91.2,91.2,91.33,102.81,105.28,96.83,43,48,48,42,,,,,
PHH,91.2,91.2,91.33,102.81,105.28,96.83,43,48,48,42,,,,,
CRVL,91.2,91.2,91.33,102.81,105.28,96.83,43,48,48,42,,,,,
KRKR,91.2,91.2,91.33,102.81,105.28,96.83,43,48,48,42,,,,,
LTC,91.2,91.2,91.33,102.81,105.28,96.83,43,48,48,42,,,,,
ALMS,91.2,91.2,91.33,102.81,105.28,96.83,43,48,48,42,,,,,
WFF,91.2,91.2,91.33,102.81,105.28,96.83,43,48,48,42,,,,,
HXL,91.2,91.2,91.33,102.81,105.28,96.83,43,48,48,42,,,,,
AACB,91.2,91.2,91.33,102.81,105.28,96.83,43,48,48,42,,,,,
MLCO,91.2,91.2,91.33,102.81,105.28,96.83,43,48,48,42,,,,,
MCO,91.2,91.2,91.33,102.81,105.28,96.83,43,48,48,42,,,,,
KOS,91.2,91.2,91.33,102.81,105.28,96.83,43,48,48,42,,,,,
ATUS,91.2,91.2,91.33,102.81,105.28,96.83,43,48,48,42,,,,,
TNC,91.2,91.2,91.33,102.81,105.28,96.83,43,48,48,42,,,,,
BCO,91.2,91.2,91.33,102.81,105.28,96.83,43,48,48,42,,,,,
ZTO,91.2,91.2,91.33,102.81,105.28,96.83,43,48,48,42,,,,,
DGICA,91.2,91.2,91.33,102.81,105.28,96.83,43,48,48,42,,,,,
RJF,91.2,91.2,91.33,102.81,105.28,96.83,43,48,48,42,,,,,
CVM,91.2,91.2,91.33,102.81,105.28,96.83,43,48,48,42,,,,,
SGRP,91.2,91.2,91.33,102.81,105.28,96.83,43,48,48,42,,,,,
ADSK,91.2,91.2,91.33,102.81,105.28,96.83,43,48,48,42,,,,,
OMC,91.2,91.2,91.33,102.81,105.28,96.83,43,48,48,42,,,,,
CVR,91.2,91.2,91.33,102.81,105.28,96.83,43,48,48,42,,,,,
AXSM,91.2,91.2,91.33,102.81,105.28,96.83,43,48,48,42,,,,,
MAN,91.2,91.2,91.33,102.81,105.28,96.83,43,48,48,42,,,,,
ENLT,91.2,91.2,91.33,102.81,105.28,96.83,43,48,48,42,,,,,
FNB,91.2,91.2,91.33,102.81,105.28,96.83,43,48,48,42,,,,,
MGRM,91.2,91.2,91.33,102.81,105.28,96.83,43,48,48,42,,,,,
PROP,91.2,91.2,91.33,102.81,105.28,96.83,43,48,48,42,,,,,
AMWD,91.2,91.2,91.33,102.81,105.28,96.83,43,48,48,42,,,,,
IROH,91.2,91.2,91.33,102.81,105.28,96.83,43,48,48,42,,,,,
OPRX,91.2,91.2,91.33,102.81,105.28,96.83,43,48,48,42,,,,,
IPW,91.2,91.2,91.33,102.81,105.28,96.83,43,48,48,42,,,,,
HSBC,91.2,91.2,91.33,102.81,105.28,96.83,43,48,48,42,,,,,
UFPI,91.2,91.2,91.33,102.81,105.28,96.83,43,48,48,42,,,,,
CALC,91.2,91.2,91.33,102.81,105.28,96.83,43,48,48,42,,,,,
GLBZ,91.2,91.2,91.33,102.81,105.28,96.83,43,48,48,42,,,,,
SDGR,91.2,91.2,91.33,102.81,105.28,96.83,43,48,48,42,,,,,
RACE,91.2,91.2,91.33,102.81,105.28,96.83,43,48,48,42,,,,,
TK,91.2,91.2,91.33,102.81,105.28,96.83,43,48,48,42,,,,,
COHU,91.2,91.2,91.33,102.81,105.28,96.83,43,48,48,42,,,,,
IMVT,91.2,91.2,91.33,102.81,105.28,96.83,43,48,48,42,,,,,
RXO,91.2,91.2,91.33,102.81,105.28,96.83,43,48,48,42,,,,,
CBU,91.2,91.2,91.33,102.81,105.28,96.83,43,48,48,42,,,,,
NVST,91.2,91.2,91.33,102.81,105.28,96.83,43,48,48,42,,,,,
DXYZ,91.2,91.2,91.33,102.81,105.28,96.83,43,48,48,42,,,,,
BATL,91.2,91.2,91.33,102.81,105.28,96.83,43,48,48,42,,,,,
VNMEU,91.2,91.2,91.33,102.81,105.28,96.83,43,48,48,42,,,,,
BOOM,91.2,91.2,91.33,102.81,105.28,96.83,43,48,48,42,,,,,
EVTL,91.2,91.2,91.33,102.81,105.28,96.83,43,48,48,42,,,,,
RXST,91.2,91.2,91.33,102.81,105.28,96.83,43,48,48,42,,,,,
SNCY,91.2,91.2,91.33,102.81,105.28,96.83,43,48,48,42,,,,,
FCBC,91.2,91.2,91.33,102.81,105.28,96.83,43,48,48,42,,,,,
CGEN,91.2,91.2,91.33,102.81,105.28,96.83,43,48,48,42,,,,,
GMGI,91.2,91.2,91.33,102.81,105.28,96.83,43,48,48,42,,,,,
AER,91.2,91.2,91.33,102.81,105.28,96.83,43,48,48,42,,,,,
KELYB,91.2,91.2,91.33,102.81,105.28,96.83,43,48,48,42,,,,,
AMN,91.2,91.2,91.33,102.81,105.28,96.83,43,48,48,42,,,,,
VAL,91.2,91.2,91.33,102.81,105.28,96.83,43,48,48,42,,,,,
MIST,91.2,91.2,91.33,102.81,105.28,96.83,43,48,48,42,,,,,
GDRX,91.2,91.2,91.33,102.81,105.28,96.83,43,48,48,42,,,,,
KRP,91.2,91.2,91.33,102.81,105.28,96.83,43,48,48,42,,,,,
QUAD,91.2,91.2,91.33,102.81,105.28,96.83,43,48,48,42,,,,,
ZTEK,91.2,91.2,91.33,102.81,105.28,96.83,43,48,48,42,,,,,
CRM,91.2,91.2,91.33,102.81,105.28,96.83,43,48,48,42,,,,,
ESI,91.2,91.2,91.33,102.81,105.28,96.83,43,48,48,42,,,,,
GRAN,91.2,91.2,91.33,102.81,105.28,96.83,43,48,48,42,,,,,
ARI,91.2,91.2,91.33,102.81,105.28,96.83,43,48,48,42,,,,,
MRTN,91.2,91.2,91.33,102.81,105.28,96.83,43,48,48,42,,,,,
AAPL,91.2,91.2,91.33,102.81,105.28,96.83,43,48,48,42,,,,,
IBRX,91.2,91.2,91.33,102.81,105.28,96.83,43,48,48,42,,,,,
PUBM,91.2,91.2,91.33,102.81,105.28,96.83,43,48,48,42,,,,,
GOTU,91.2,91.2,91.33,102.81,105.28,96.83,43,48,48,42,,,,,
LRE,91.2,91.2,91.33,102.81,105.28,96.83,43,48,48,42,,,,,
COO,91.2,91.2,91.33,102.81,105.28,96.83,43,48,48,42,,,,,
KLXE,91.2,91.2,91.33,102.81,105.28,96.83,43,48,48,42,,,,,
CBUS,91.2,91.2,91.33,102.81,105.28,96.83,43,48,48,42,,,,,
RBC,91.2,91.2,91.33,102.81,105.28,96.83,43,48,48,42,,,,,
OVV,91.2,91.2,91.33,102.81,105.28,96.83,43,48,48,42,,,,,
OPBK,91.2,91.2,91.33,102.81,105.28,96.83,43,48,48,42,,,,,
KINS,91.2,91.2,91.33,102.81,105.28,96.83,43,48,48,42,,,,,
CPB,91.2,91.2,91.33,102.81,105.28,96.83,43,48,48,42,,,,,
BIVI,91.2,91.2,91.33,102.81,105.28,96.83,43,48,48,42,,,,,
NOAH,91.2,91.2,91.33,102.81,105.28,96.83,43,48,48,42,,,,,
CMC,91.2,91.2,91.33,102.81,105.28,96.83,43,48,48,42,,,,,
HRZN,91.2,91.2,91.33,102.81,105.28,96.83,43,48,48,42,,,,,
USAC,91.2,91.2,91.33,102.81,105.28,96.83,43,48,48,42,,,,,
SOC,91.2,91.2,91.33,102.81,105.28,96.83,43,48,48,42,,,,,
HSII,91.2,91.2,91.33,102.81,105.28,96.83,43,48,48,42,,,,,
RTACU,91.2,91.2,91.33,102.81,105.28,96.83,43,48,48,42,,,,,
INHD,91.2,91.2,91.33,102.81,105.28,96.83,43,48,48,42,,,,,
SMSI,91.2,91.2,91.33,102.81,105.28,96.83,43,48,48,42,,,,,
BIOA,91.2,91.2,91.33,102.81,105.28,96.83,43,48,48,42,,,,,
BN,91.2,91.2,91.33,102.81,105.28,96.83,43,48,48,42,,,,,
CRGY,91.2,91.2,91.33,102.81,105.28,96.83,43,48,48,42,,,,,
VREX,91.2,91.2,91.33,102.81,105.28,96.83,43,48,48,42,,,,,
GDOT,91.2,91.2,91.33,102.81,105.28,96.83,43,48,48,42,,,,,
KIDZ,91.2,91.2,91.33,102.81,105.28,96.83,43,48,48,42,,,,,
CRUS,91.2,91.2,91.33,102.81,105.28,96.83,43,48,48,42,,,,,
GLBS,91.2,91.2,91.33,102.81,105.28,96.83,43,48,48,42,,,,,
CATX,91.2,91.2,91.33,102.81,105.28,96.83,43,48,48,42,,,,,
FTRK,91.2,91.2,91.33,102.81,105.28,96.83,43,48,48,42,,,,,
ZD,91.2,91.2,91.33,102.81,105.28,96.83,43,48,48,42,,,,,
OTLK,91.2,91.2,91.33,102.81,105.28,96.83,43,48,48,42,,,,,
JCSE,91.2,91.2,91.33,102.81,105.28,96.83,43,48,48,42,,,,,
GALT,91.2,91.2,91.33,102.81,105.28,96.83,43,48,48,42,,,,,
VTR,91.2,91.2,91.33,102.81,105.28,96.83,43,48,48,42,,,,,
CLMT,91.2,91.2,91.33,102.81,105.28,96.83,43,48,48,42,,,,,
MCRP,91.2,91.2,91.33,102.81,105.28,96.83,43,48,48,42,,,,,
HPE,91.2,91.2,91.33,102.81,105.28,96.83,43,48,48,42,,,,,
SCVL,91.2,91.2,91.33,102.81,105.28,96.83,43,48,48,42,,,,,
NMRA,91.2,91.2,91.33,102.81,105.28,96.83,43,48,48,42,,,,,
EBC,91.2,91.2,91.33,102.81,105.28,96.83,43,48,48,42,,,,,
BNZI,91.2,91.2,91.33,102.81,105.28,96.83,43,48,48,42,,,,,
SUI,91.2,91.2,91.33,102.81,105.28,96.83,43,48,48,42,,,,,
NBY,91.2,91.2,91.33,102.81,105.28,96.83,43,48,48,42,,,,,
UHAL,91.2,91.2,91.33,102.81,105.28,96.83,43,48,48,42,,,,,
GASS,91.2,91.2,91.33,102.81,105.28,96.83,43,48,48,42,,,,,
MYGN,91.2,91.2,91.33,102.81,105.28,96.83,43,48,48,42,,,,,
DDS,91.2,91.2,91.33,102.81,105.28,96.83,43,48,48,42,,,,,
WFC,91.2,91.2,91.33,102.81,105.28,96.83,43,48,48,42,,,,,
HOUR,91.2,91.2,91.33,102.81,105.28,96.83,43,48,48,42,,,,,
IDT,91.2,91.2,91.33,102.81,105.28,96.83,43,48,48,42,,,,,
SMR,91.2,91.2,91.33,102.81,105.28,96.83,43,48,48,42,,,,,
CUE,91.2,91.2,91.33,102.81,105.28,96.83,43,48,48,42,,,,,
MRM,91.2,91.2,91.33,102.81,105.28,96.83,43,48,48,42,,,,,
QRVO,91.2,91.2,91.33,102.81,105.28,96.83,43,48,48,42,,,,,
HUSA,91.2,91.2,91.33,102.81,105.28,96.83,43,48,48,42,,,,,
HWM,91.2,91.2,91.33,102.81,105.28,96.83,43,48,48,42,,,,,
FCX,91.2,91.2,91.33,102.81,105.28,96.83,43,48,48,42,,,,,
GHRS,91.2,91.2,91.33,102.81,105.28,96.83,43,48,48,42,,,,,
FCF,91.2,91.2,91.33,102.81,105.28,96.83,43,48,48,42,,,,,
UPWK,91.2,91.2,91.33,102.81,105.28,96.83,43,48,48,42,,,,,
JMSB,91.2,91.2,91.33,102.81,105.28,96.83,43,48,48,42,,,,,
CTGO,91.2,91.2,91.33,102.81,105.28,96.83,43,48,48,42,,,,,
VGAS,91.2,91.2,91.33,102.81,105.28,96.83,43,48,48,42,,,,,
WCT,91.2,91.2,91.33,102.81,105.28,96.83,43,48,48,42,,,,,
SSP,91.2,91.2,91.33,102.81,105.28,96.83,43,48,48,42,,,,,
AGYS,91.2,91.2,91.33,102.81,105.28,96.83,43,48,48,42,,,,,
IPHA,91.2,91.2,91.33,102.81,105.28,96.83,43,48,48,42,,,,,
IMMX,91.2,91.2,91.33,102.81,105.28,96.83,43,48,48,42,,,,,
IKT,91.2,91.2,91.33,102.81,105.28,96.83,43,48,48,42,,,,,
CAPT,91.2,91.2,91.33,102.81,105.28,96.83,43,48,48,42,,,,,
SCHL,91.2,91.2,91.33,102.81,105.28,96.83,43,48,48,42,,,,,
OSRH,91.2,91.2,91.33,102.81,105.28,96.83,43,48,48,42,,,,,
ELTK,91.2,91.2,91.33,102.81,105.28,96.83,43,48,48,42,,,,,
TOMZ,91.2,91.2,91.33,102.81,105.28,96.83,43,48,48,42,,,,,
REGN,91.2,91.2,91.33,102.81,105.28,96.83,43,48,48,42,,,,,
RAMP,91.2,91.2,91.33,102.81,105.28,96.83,43,48,48,42,,,,,
ZIM,91.2,91.2,91.33,102.81,105.28,96.83,43,48,48,42,,,,,
NICE,91.2,91.2,91.33,102.81,105.28,96.83,43,48,48,42,,,,,
SRAD,91.2,91.2,91.33,102.81,105.28,96.83,43,48,48,42,,,,,
PAGP,91.2,91.2,91.33,102.81,105.28,96.83,43,48,48,42,,,,,
OLPX,91.2,91.2,91.33,102.81,105.28,96.83,43,48,48,42,,,,,
ORRF,91.2,91.2,91.33,102.81,105.28,96.83,43,48,48,42,,,,,
IDA,91.2,91.2,91.33,102.81,105.28,96.83,43,48,48,42,,,,,
CENX,91.2,91.2,91.33,102.81,105.28,96.83,43,48,48,42,,,,,
DLXY,91.2,91.2,91.33,102.81,105.28,96.83,43,48,48,42,,,,,
NPO,91.2,91.2,91.33,102.81,105.28,96.83,43,48,48,42,,,,,
EXTR,91.2,91.2,91.33,102.81,105.28,96.83,43,48,48,42,,,,,
DIN,91.2,91.2,91.33,102.81,105.28,96.83,43,48,48,42,,,,,
PBA,91.2,91.2,91.33,102.81,105.28,96.83,43,48,48,42,,,,,
GHC,91.2,91.2,91.33,102.81,105.28,96.83,43,48,48,42,,,,,
JYNT,91.2,91.2,91.33,102.81,105.28,96.83,43,48,48,42,,,,,
FET,91.2,91.2,91.33,102.81,105.28,96.83,43,48,48,42,,,,,
BMR,91.2,91.2,91.33,102.81,105.28,96.83,43,48,48,42,,,,,
GAP,91.2,91.2,91.33,102.81,105.28,96.83,43,48,48,42,,,,,
URG,91.2,91.2,91.33,102.81,105.28,96.83,43,48,48,42,,,,,
PAPL,91.2,91.2,91.33,102.81,105.28,96.83,43,48,48,42,,,,,
INDV,91.2,91.2,91.33,102.81,105.28,96.83,43,48,48,42,,,,,
SYNX,91.2,91.2,91.33,102.81,105.28,96.83,43,48,48,42,,,,,
BWMN,91.2,91.2,91.33,102.81,105.28,96.83,43,48,48,42,,,,,
OVBC,91.2,91.2,91.33,102.81,105.28,96.83,43,48,48,42,,,,,
PPIH,91.2,91.2,91.33,102.81,105.28,96.83,43,48,48,42,,,,,
FTRE,91.2,91.2,91.33,102.81,105.28,96.83,43,48,48,42,,,,,
QFIN,91.2,91.2,91.33,102.81,105.28,96.83,43,48,48,42,,,,,
WST,91.2,91.2,91.33,102.81,105.28,96.83,43,48,48,42,,,,,
MAXN,91.2,91.2,91.33,102.81,105.28,96.83,43,48,48,42,,,,,
UONE,91.2,91.2,91.33,102.81,105.28,96.83,43,48,48,42,,,,,
AFL,91.2,91.2,91.33,102.81,105.28,96.83,43,48,48,42,,,,,
NKSH,91.2,91.2,91.33,102.81,105.28,96.83,43,48,48,42,,,,,
LUNR,91.2,91.2,91.33,102.81,105.28,96.83,43,48,48,42,,,,,
KEN,91.2,91.2,91.33,102.81,105.28,96.83,43,48,48,42,,,,,
VBIX,91.2,91.2,91.33,102.81,105.28,96.83,43,48,48,42,,,,,
CAPR,91.2,91.2,91.33,102.81,105.28,96.83,43,48,48,42,,,,,
MGY,91.2,91.2,91.33,102.81,105.28,96.83,43,48,48,42,,,,,
CBRE,91.2,91.2,91.33,102.81,105.28,96.83,43,48,48,42,,,,,
DWTX,91.2,91.2,91.33,102.81,105.28,96.83,43,48,48,42,,,,,
CHRD,91.2,91.2,91.33,102.81,105.28,96.83,43,48,48,42,,,,,
STOK,91.2,91.2,91.33,102.81,105.28,96.83,43,48,48,42,,,,,
ACCS,91.2,91.2,91.33,102.81,105.28,96.83,43,48,48,42,,,,,
OCGN,91.2,91.2,91.33,102.81,105.28,96.83,43,48,48,42,,,,,
PLRZ,91.2,91.2,91.33,102.81,105.28,96.83,43,48,48,42,,,,,
AMR,91.2,91.2,91.33,102.81,105.28,96.83,43,48,48,42,,,,,
AR,91.2,91.2,91.33,102.81,105.28,96.83,43,48,48,42,,,,,
CODA,91.2,91.2,91.33,102.81,105.28,96.83,43,48,48,42,,,,,
DIBS,91.2,91.2,91.33,102.81,105.28,96.83,43,48,48,42,,,,,
DUOL,91.2,91.2,91.33,102.81,105.28,96.83,43,48,48,42,,,,,
KTB,91.2,91.2,91.33,102.81,105.28,96.83,43,48,48,42,,,,,
AVAV,91.2,91.2,91.33,102.81,105.28,96.83,43,48,48,42,,,,,
CLFD,91.2,91.2,91.33,102.81,105.28,96.83,43,48,48,42,,,,,
LBGJ,91.2,91.2,91.33,102.81,105.28,96.83,43,48,48,42,,,,,
CBSH,91.2,91.2,91.33,102.81,105.28,96.83,43,48,48,42,,,,,
INDI,91.2,91.2,91.33,102.81,105.28,96.83,43,48,48,42,,,,,
BLNE,91.2,91.2,91.33,102.81,105.28,96.83,43,48,48,42,,,,,
SFL,91.2,91.2,91.33,102.81,105.28,96.83,43,48,48,42,,,,,
RADX,91.2,91.2,91.33,102.81,105.28,96.83,43,48,48,42,,,,,
SGI,91.2,91.2,91.33,102.81,105.28,96.83,43,48,48,42,,,,,
OGI,91.2,91.2,91.33,102.81,105.28,96.83,43,48,48,42,,,,,
JBSS,91.2,91.2,91.33,102.81,105.28,96.83,43,48,48,42,,,,,
AZN,91.2,91.2,91.33,102.81,105.28,96.83,43,48,48,42,,,,,
GRWG,91.2,91.2,91.33,102.81,105.28,96.83,43,48,48,42,,,,,
NHICU,91.2,91.2,91.33,102.81,105.28,96.83,43,48,48,42,,,,,
MCBS,91.2,91.2,91.33,102.81,105.28,96.83,43,48,48,42,,,,,
MDWD,91.2,91.2,91.33,102.81,105.28,96.83,43,48,48,42,,,,,
PLTR,91.2,91.2,91.33,102.81,105.28,96.83,43,48,48,42,,,,,
MAPS,91.2,91.2,91.33,102.81,105.28,96.83,43,48,48,42,,,,,
AXR,91.2,91.2,91.33,102.81,105.28,96.83,43,48,48,42,,,,,
ARKO,91.2,91.2,91.33,102.81,105.28,96.83,43,48,48,42,,,,,
INFY,91.2,91.2,91.33,102.81,105.28,96.83,43,48,48,42,,,,,
ELLO,91.2,91.2,91.33,102.81,105.28,96.83,43,48,48,42,,,,,
DNN,91.2,91.2,91.33,102.81,105.28,96.83,43,48,48,42,,,,,
HKPD,91.2,91.2,91.33,102.81,105.28,96.83,43,48,48,42,,,,,
ONBPO,91.2,91.2,91.33,102.81,105.28,96.83,43,48,48,42,,,,,
PMI,91.2,91.2,91.33,102.81,105.28,96.83,43,48,48,42,,,,,
CERO,91.2,91.2,91.33,102.81,105.28,96.83,43,48,48,42,,,,,
BAOS,91.2,91.2,91.33,102.81,105.28,96.83,43,48,48,42,,,,,
NWS,91.2,91.2,91.33,102.81,105.28,96.83,43,48,48,42,,,,,
DXR,91.2,91.2,91.33,102.81,105.28,96.83,43,48,48,42,,,,,
IQST,91.2,91.2,91.33,102.81,105.28,96.83,43,48,48,42,,,,,
FINW,91.2,91.2,91.33,102.81,105.28,96.83,43,48,48,42,,,,,
TSHA,91.2,91.2,91.33,102.81,105.28,96.83,43,48,48,42,,,,,
CTLP,91.2,91.2,91.33,102.81,105.28,96.83,43,48,48,42,,,,,
VIR,91.2,91.2,91.33,102.81,105.28,96.83,43,48,48,42,,,,,
ACRV,91.2,91.2,91.33,102.81,105.28,96.83,43,48,48,42,,,,,
NUWE,91.2,91.2,91.33,102.81,105.28,96.83,43,48,48,42,,,,,
PMN,91.2,91.2,91.33,102.81,105.28,96.83,43,48,48,42,,,,,
LIVN,91.2,91.2,91.33,102.81,105.28,96.83,43,48,48,42,,,,,
CBZ,91.2,91.2,91.33,102.81,105.28,96.83,43,48,48,42,,,,,
SIMO,91.2,91.2,91.33,102.81,105.28,96.83,43,48,48,42,,,,,
SNDL,91.2,91.2,91.33,102.81,105.28,96.83,43,48,48,42,,,,,
ANEB,91.2,91.2,91.33,102.81,105.28,96.83,43,48,48,42,,,,,
FAMI,91.2,91.2,91.33,102.81,105.28,96.83,43,48,48,42,,,,,
TVTX,91.2,91.2,91.33,102.81,105.28,96.83,43,48,48,42,,,,,
AQST,91.2,91.2,91.33,102.81,105.28,96.83,43,48,48,42,,,,,
VSCO,91.2,91.2,91.33,102.81,105.28,96.83,43,48,48,42,,,,,
ABUS,91.2,91.2,91.33,102.81,105.28,96.83,43,48,48,42,,,,,
EHC,91.2,91.2,91.33,102.81,105.28,96.83,43,48,48,42,,,,,
MWYN,91.2,91.2,91.33,102.81,105.28,96.83,43,48,48,42,,,,,
STRT,91.2,91.2,91.33,102.81,105.28,96.83,43,48,48,42,,,,,
KRT,91.2,91.2,91.33,102.81,105.28,96.83,43,48,48,42,,,,,
AVNT,91.2,91.2,91.33,102.81,105.28,96.83,43,48,48,42,,,,,
GETY,91.2,91.2,91.33,102.81,105.28,96.83,43,48,48,42,,,,,
UAVS,91.2,91.2,91.33,102.81,105.28,96.83,43,48,48,42,,,,,
SPG,91.2,91.2,91.33,102.81,105.28,96.83,43,48,48,42,,,,,
MNSBP,91.2,91.2,91.33,102.81,105.28,96.83,43,48,48,42,,,,,
PLXS,91.2,91.2,91.33,102.81,105.28,96.83,43,48,48,42,,,,,
AACBU,91.2,91.2,91.33,102.81,105.28,96.83,43,48,48,42,,,,,
ESCA,91.2,91.2,91.33,102.81,105.28,96.83,43,48,48,42,,,,,
TRIB,91.2,91.2,91.33,102.81,105.28,96.83,43,48,48,42,,,,,
SQNS,91.2,91.2,91.33,102.81,105.28,96.83,43,48,48,42,,,,,
MYSZ,91.2,91.2,91.33,102.81,105.28,96.83,43,48,48,42,,,,,
TCBK,91.2,91.2,91.33,102.81,105.28,96.83,43,48,48,42,,,,,
LTH,91.2,91.2,91.33,102.81,105.28,96.83,43,48,48,42,,,,,
LX,91.2,91.2,91.33,102.81,105.28,96.83,43,48,48,42,,,,,
RAVE,91.2,91.2,91.33,102.81,105.28,96.83,43,48,48,42,,,,,
SOUN,91.2,91.2,91.33,102.81,105.28,96.83,43,48,48,42,,,,,
BHM,91.2,91.2,91.33,102.81,105.28,96.83,43,48,48,42,,,,,
WULF,91.2,91.2,91.33,102.81,105.28,96.83,43,48,48,42,,,,,
SBXD,91.2,91.2,91.33,102.81,105.28,96.83,43,48,48,42,,,,,
GRAB,91.2,91.2,91.33,102.81,105.28,96.83,43,48,48,42,,,,,
PAG,91.2,91.2,91.33,102.81,105.28,96.83,43,48,48,42,,,,,
CORZ,91.2,91.2,91.33,102.81,105.28,96.83,43,48,48,42,,,,,
BB,91.2,91.2,91.33,102.81,105.28,96.83,43,48,48,42,,,,,
FLS,91.2,91.2,91.33,102.81,105.28,96.83,43,48,48,42,,,,,
HUDI,91.2,91.2,91.33,102.81,105.28,96.83,43,48,48,42,,,,,
FORM,91.2,91.2,91.33,102.81,105.28,96.83,43,48,48,42,,,,,
UI,91.2,91.2,91.33,102.81,105.28,96.83,43,48,48,42,,,,,
PERF,91.2,91.2,91.33,102.81,105.28,96.83,43,48,48,42,,,,,
TITN,91.2,91.2,91.33,102.81,105.28,96.83,43,48,48,42,,,,,
PCRX,91.2,91.2,91.33,102.81,105.28,96.83,43,48,48,42,,,,,
JXN,91.2,91.2,91.33,102.81,105.28,96.83,43,48,48,42,,,,,
SHO,91.2,91.2,91.33,102.81,105.28,96.83,43,48,48,42,,,,,
VICR,91.2,91.2,91.33,102.81,105.28,96.83,43,48,48,42,,,,,
ALEX,91.2,91.2,91.33,102.81,105.28,96.83,43,48,48,42,,,,,
OKUR,91.2,91.2,91.33,102.81,105.28,96.83,43,48,48,42,,,,,
MNPR,91.2,91.2,91.33,102.81,105.28,96.83,43,48,48,42,,,,,
TSBK,91.2,91.2,91.33,102.81,105.28,96.83,43,48,48,42,,,,,
DSWL,91.2,91.2,91.33,102.81,105.28,96.83,43,48,48,42,,,,,
FNWB,91.2,91.2,91.33,102.81,105.28,96.83,43,48,48,42,,,,,
IVA,91.2,91.2,91.33,102.81,105.28,96.83,43,48,48,42,,,,,
PKST,91.2,91.2,91.33,102.81,105.28,96.83,43,48,48,42,,,,,
SANG,91.2,91.2,91.33,102.81,105.28,96.83,43,48,48,42,,,,,
UNH,91.2,91.2,91.33,102.81,105.28,96.83,43,48,48,42,,,,,
ECOR,91.2,91.2,91.33,102.81,105.28,96.83,43,48,48,42,,,,,
PFS,91.2,91.2,91.33,102.81,105.28,96.83,43,48,48,42,,,,,
MYSE,91.2,91.2,91.33,102.81,105.28,96.83,43,48,48,42,,,,,
IMMP,91.2,91.2,91.33,102.81,105.28,96.83,43,48,48,42,,,,,
STLD,91.2,91.2,91.33,102.81,105.28,96.83,43,48,48,42,,,,,
EVC,91.2,91.2,91.33,102.81,105.28,96.83,43,48,48,42,,,,,
FKWL,91.2,91.2,91.33,102.81,105.28,96.83,43,48,48,42,,,,,
PRLB,91.2,91.2,91.33,102.81,105.28,96.83,43,48,48,42,,,,,
PAAS,91.2,91.2,91.33,102.81,105.28,96.83,43,48,48,42,,,,,
SHOT,91.2,91.2,91.33,102.81,105.28,96.83,43,48,48,42,,,,,
CSBR,91.2,91.2,91.33,102.81,105.28,96.83,43,48,48,42,,,,,
SEM,91.2,91.2,91.33,102.81,105.28,96.83,43,48,48,42,,,,,
IQV,91.2,91.2,91.33,102.81,105.28,96.83,43,48,48,42,,,,,
AXP,91.2,91.2,91.33,102.81,105.28,96.83,43,48,48,42,,,,,
ABR,91.2,91.2,91.33,102.81,105.28,96.83,43,48,48,42,,,,,
HMN,91.2,91.2,91.33,102.81,105.28,96.83,43,48,48,42,,,,,
PFX,91.2,91.2,91.33,102.81,105.28,96.83,43,48,48,42,,,,,
SWBI,91.2,91.2,91.33,102.81,105.28,96.83,43,48,48,42,,,,,
MQ,91.2,91.2,91.33,102.81,105.28,96.83,43,48,48,42,,,,,
KMPR,91.2,91.2,91.33,102.81,105.28,96.83,43,48,48,42,,,,,
REPX,91.2,91.2,91.33,102.81,105.28,96.83,43,48,48,42,,,,,
EA,91.2,91.2,91.33,102.81,105.28,96.83,43,48,48,42,,,,,
PHGE,91.2,91.2,91.33,102.81,105.28,96.83,43,48,48,42,,,,,
AUPH,91.2,91.2,91.33,102.81,105.28,96.83,43,48,48,42,,,,,
PGACU,91.2,91.2,91.33,102.81,105.28,96.83,43,48,48,42,,,,,
PRT,91.2,91.2,91.33,102.81,105.28,96.83,43,48,48,42,,,,,
COSO,91.2,91.2,91.33,102.81,105.28,96.83,43,48,48,42,,,,,
RDVT,91.2,91.2,91.33,102.81,105.28,96.83,43,48,48,42,,,,,
ADEA,91.2,91.2,91.33,102.81,105.28,96.83,43,48,48,42,,,,,
BGI,91.2,91.2,91.33,102.81,105.28,96.83,43,48,48,42,,,,,
VERU,91.2,91.2,91.33,102.81,105.28,96.83,43,48,48,42,,,,,
KSS,91.2,91.2,91.33,102.81,105.28,96.83,43,48,48,42,,,,,
PT,91.2,91.2,91.33,102.81,105.28,96.83,43,48,48,42,,,,,
HOFT,91.2,91.2,91.33,102.81,105.28,96.83,43,48,48,42,,,,,
ODP,91.2,91.2,91.33,102.81,105.28,96.83,43,48,48,42,,,,,
PRTH,91.2,91.2,91.33,102.81,105.28,96.83,43,48,48,42,,,,,
CUBWU,91.2,91.2,91.33,102.81,105.28,96.83,43,48,48,42,,,,,
SIGA,91.2,91.2,91.33,102.81,105.28,96.83,43,48,48,42,,,,,
BOWN,91.2,91.2,91.33,102.81,105.28,96.83,43,48,48,42,,,,,
MHO,91.2,91.2,91.33,102.81,105.28,96.83,43,48,48,42,,,,,
HBAN,91.2,91.2,91.33,102.81,105.28,96.83,43,48,48,42,,,,,
BAC,91.2,91.2,91.33,102.81,105.28,96.83,43,48,48,42,,,,,
UWMC,91.2,91.2,91.33,102.81,105.28,96.83,43,48,48,42,,,,,
CWEN,91.2,91.2,91.33,102.81,105.28,96.83,43,48,48,42,,,,,
AEMD,91.2,91.2,91.33,102.81,105.28,96.83,43,48,48,42,,,,,
HCA,91.2,91.2,91.33,102.81,105.28,96.83,43,48,48,42,,,,,
GWW,91.2,91.2,91.33,102.81,105.28,96.83,43,48,48,42,,,,,
DNA,91.2,91.2,91.33,102.81,105.28,96.83,43,48,48,42,,,,,
DENN,91.2,91.2,91.33,102.81,105.28,96.83,43,48,48,42,,,,,
MSBIP,91.2,91.2,91.33,102.81,105.28,96.83,43,48,48,42,,,,,
CMBM,91.2,91.2,91.33,102.81,105.28,96.83,43,48,48,42,,,,,
SWX,91.2,91.2,91.33,102.81,105.28,96.83,43,48,48,42,,,,,
STEC,91.2,91.2,91.33,102.81,105.28,96.83,43,48,48,42,,,,,
FINV,91.2,91.2,91.33,102.81,105.28,96.83,43,48,48,42,,,,,
QMCO,91.2,91.2,91.33,102.81,105.28,96.83,43,48,48,42,,,,,
CIIT,91.2,91.2,91.33,102.81,105.28,96.83,43,48,48,42,,,,,
MANH,91.2,91.2,91.33,102.81,105.28,96.83,43,48,48,42,,,,,
ECDA,91.2,91.2,91.33,102.81,105.28,96.83,43,48,48,42,,,,,
PGRE,91.2,91.2,91.33,102.81,105.28,96.83,43,48,48,42,,,,,
AIRS,91.2,91.2,91.33,102.81,105.28,96.83,43,48,48,42,,,,,
DTSQU,91.2,91.2,91.33,102.81,105.28,96.83,43,48,48,42,,,,,
PBI,91.2,91.2,91.33,102.81,105.28,96.83,43,48,48,42,,,,,
WMS,91.2,91.2,91.33,102.81,105.28,96.83,43,48,48,42,,,,,
LMFA,91.2,91.2,91.33,102.81,105.28,96.83,43,48,48,42,,,,,
BSET,91.2,91.2,91.33,102.81,105.28,96.83,43,48,48,42,,,,,
XPEL,91.2,91.2,91.33,102.81,105.28,96.83,43,48,48,42,,,,,
MTC,91.2,91.2,91.33,102.81,105.28,96.83,43,48,48,42,,,,,
CECO,91.2,91.2,91.33,102.81,105.28,96.83,43,48,48,42,,,,,
ALX,91.2,91.2,91.33,102.81,105.28,96.83,43,48,48,42,,,,,
SNYR,91.2,91.2,91.33,102.81,105.28,96.83,43,48,48,42,,,,,
PPC,91.2,91.2,91.33,102.81,105.28,96.83,43,48,48,42,,,,,
ADVM,91.2,91.2,91.33,102.81,105.28,96.83,43,48,48,42,,,,,
FVN,91.2,91.2,91.33,102.81,105.28,96.83,43,48,48,42,,,,,
CGEM,91.2,91.2,91.33,102.81,105.28,96.83,43,48,48,42,,,,,
YEXT,91.2,91.2,91.33,102.81,105.28,96.83,43,48,48,42,,,,,
AMAT,91.2,91.2,91.33,102.81,105.28,96.83,43,48,48,42,,,,,
CRC,91.2,91.2,91.33,102.81,105.28,96.83,43,48,48,42,,,,,
AMTX,91.2,91.2,91.33,102.81,105.28,96.83,43,48,48,42,,,,,
ADAM,91.2,91.2,91.33,102.81,105.28,96.83,43,48,48,42,,,,,
SCOR,91.2,91.2,91.33,102.81,105.28,96.83,43,48,48,42,,,,,
CLNE,91.2,91.2,91.33,102.81,105.28,96.83,43,48,48,42,,,,,
DOMH,91.2,91.2,91.33,102.81,105.28,96.83,43,48,48,42,,,,,
TUYA,91.2,91.2,91.33,102.81,105.28,96.83,43,48,48,42,,,,,
WLFC,91.2,91.2,91.33,102.81,105.28,96.83,43,48,48,42,,,,,
HRMY,91.2,91.2,91.33,102.81,105.28,96.83,43,48,48,42,,,,,
REFR,91.2,91.2,91.33,102.81,105.28,96.83,43,48,48,42,,,,,
IFBD,91.2,91.2,91.33,102.81,105.28,96.83,43,48,48,42,,,,,
WRLD,91.2,91.2,91.33,102.81,105.28,96.83,43,48,48,42,,,,,
RMAX,91.2,91.2,91.33,102.81,105.28,96.83,43,48,48,42,,,,,
EW,91.2,91.2,91.33,102.81,105.28,96.83,43,48,48,42,,,,,
AIRT,91.2,91.2,91.33,102.81,105.28,96.83,43,48,48,42,,,,,
DHR,91.2,91.2,91.33,102.81,105.28,96.83,43,48,48,42,,,,,
AMPY,91.2,91.2,91.33,102.81,105.28,96.83,43,48,48,42,,,,,
SENEA,91.2,91.2,91.33,102.81,105.28,96.83,43,48,48,42,,,,,
ITUB,91.2,91.2,91.33,102.81,105.28,96.83,43,48,48,42,,,,,
MMI,91.2,91.2,91.33,102.81,105.28,96.83,43,48,48,42,,,,,
WLY,91.2,91.2,91.33,102.81,105.28,96.83,43,48,48,42,,,,,
ONCHU,91.2,91.2,91.33,102.81,105.28,96.83,43,48,48,42,,,,,
LCFY,91.2,91.2,91.33,102.81,105.28,96.83,43,48,48,42,,,,,
EPR,91.2,91.2,91.33,102.81,105.28,96.83,43,48,48,42,,,,,
SNTI,91.2,91.2,91.33,102.81,105.28,96.83,43,48,48,42,,,,,
HVT,91.2,91.2,91.33,102.81,105.28,96.83,43,48,48,42,,,,,
MS,91.2,91.2,91.33,102.81,105.28,96.83,43,48,48,42,,,,,
EXAS,91.2,91.2,91.33,102.81,105.28,96.83,43,48,48,42,,,,,
BOH,91.2,91.2,91.33,102.81,105.28,96.83,43,48,48,42,,,,,
CARS,91.2,91.2,91.33,102.81,105.28,96.83,43,48,48,42,,,,,
PSA,91.2,91.2,91.33,102.81,105.28,96.83,43,48,48,42,,,,,
AMZN,91.2,91.2,91.33,102.81,105.28,96.83,43,48,48,42,,,,,
SNPS,91.2,91.2,91.33,102.81,105.28,96.83,43,48,48,42,,,,,
ADM,91.2,91.2,91.33,102.81,105.28,96.83,43,48,48,42,,,,,
BAYA,91.2,91.2,91.33,102.81,105.28,96.83,43,48,48,42,,,,,
MCRI,91.2,91.2,91.33,102.81,105.28,96.83,43,48,48,42,,,,,
ASMB,91.2,91.2,91.33,102.81,105.28,96.83,43,48,48,42,,,,,
SGN,91.2,91.2,91.33,102.81,105.28,96.83,43,48,48,42,,,,,
TAYD,91.2,91.2,91.33,102.81,105.28,96.83,43,48,48,42,,,,,
STKS,91.2,91.2,91.33,102.81,105.28,96.83,43,48,48,42,,,,,
SON,91.2,91.2,91.33,102.81,105.28,96.83,43,48,48,42,,,,,
SHLS,91.2,91.2,91.33,102.81,105.28,96.83,43,48,48,42,,,,,
SWK,91.2,91.2,91.33,102.81,105.28,96.83,43,48,48,42,,,,,
STI,91.2,91.2,91.33,102.81,105.28,96.83,43,48,48,42,,,,,
PRO,91.2,91.2,91.33,102.81,105.28,96.83,43,48,48,42,,,,,
WSFS,91.2,91.2,91.33,102.81,105.28,96.83,43,48,48,42,,,,,
RECT,91.2,91.2,91.33,102.81,105.28,96.83,43,48,48,42,,,,,
ALGM,91.2,91.2,91.33,102.81,105.28,96.83,43,48,48,42,,,,,
NGVC,91.2,91.2,91.33,102.81,105.28,96.83,43,48,48,42,,,,,
FWONK,91.2,91.2,91.33,102.81,105.28,96.83,43,48,48,42,,,,,
AHT,91.2,91.2,91.33,102.81,105.28,96.83,43,48,48,42,,,,,
CNQ,91.2,91.2,91.33,102.81,105.28,96.83,43,48,48,42,,,,,
DOMO,91.2,91.2,91.33,102.81,105.28,96.83,43,48,48,42,,,,,
D,91.2,91.2,91.33,102.81,105.28,96.83,43,48,48,42,,,,,
GLPI,91.2,91.2,91.33,102.81,105.28,96.83,43,48,48,42,,,,,
IAG,91.2,91.2,91.33,102.81,105.28,96.83,43,48,48,42,,,,,
SRTA,91.2,91.2,91.33,102.81,105.28,96.83,43,48,48,42,,,,,
VLN,91.2,91.2,91.33,102.81,105.28,96.83,43,48,48,42,,,,,
QSR,91.2,91.2,91.33,102.81,105.28,96.83,43,48,48,42,,,,,
WTTR,91.2,91.2,91.33,102.81,105.28,96.83,43,48,48,42,,,,,
GCTK,91.2,91.2,91.33,102.81,105.28,96.83,43,48,48,42,,,,,
RBRK,91.2,91.2,91.33,102.81,105.28,96.83,43,48,48,42,,,,,
ACHV,91.2,91.2,91.33,102.81,105.28,96.83,43,48,48,42,,,,,
CURB,91.2,91.2,91.33,102.81,105.28,96.83,43,48,48,42,,,,,
ATEN,91.2,91.2,91.33,102.81,105.28,96.83,43,48,48,42,,,,,
NJR,91.2,91.2,91.33,102.81,105.28,96.83,43,48,48,42,,,,,
ARTL,91.2,91.2,91.33,102.81,105.28,96.83,43,48,48,42,,,,,
ACGL,91.2,91.2,91.33,102.81,105.28,96.83,43,48,48,42,,,,,
BLCO,91.2,91.2,91.33,102.81,105.28,96.83,43,48,48,42,,,,,
ACIC,91.2,91.2,91.33,102.81,105.28,96.83,43,48,48,42,,,,,
TX,91.2,91.2,91.33,102.81,105.28,96.83,43,48,48,42,,,,,
ALLR,91.2,91.2,91.33,102.81,105.28,96.83,43,48,48,42,,,,,
CNL,91.2,91.2,91.33,102.81,105.28,96.83,43,48,48,42,,,,,
EQX,91.2,91.2,91.33,102.81,105.28,96.83,43,48,48,42,,,,,
GCBC,91.2,91.2,91.33,102.81,105.28,96.83,43,48,48,42,,,,,
FOXX,91.2,91.2,91.33,102.81,105.28,96.83,43,48,48,42,,,,,
WMG,91.2,91.2,91.33,102.81,105.28,96.83,43,48,48,42,,,,,
PRCT,91.2,91.2,91.33,102.81,105.28,96.83,43,48,48,42,,,,,
EXE,91.2,91.2,91.33,102.81,105.28,96.83,43,48,48,42,,,,,
TSEM,91.2,91.2,91.33,102.81,105.28,96.83,43,48,48,42,,,,,
RNAZ,91.2,91.2,91.33,102.81,105.28,96.83,43,48,48,42,,,,,
POET,91.2,91.2,91.33,102.81,105.28,96.83,43,48,48,42,,,,,
WF,91.2,91.2,91.33,102.81,105.28,96.83,43,48,48,42,,,,,
CEPT,91.2,91.2,91.33,102.81,105.28,96.83,43,48,48,42,,,,,
STAI,91.2,91.2,91.33,102.81,105.28,96.83,43,48,48,42,,,,,
NISN,91.2,91.2,91.33,102.81,105.28,96.83,43,48,48,42,,,,,
WLYB,91.2,91.2,91.33,102.81,105.28,96.83,43,48,48,42,,,,,
ENTG,91.2,91.2,91.33,102.81,105.28,96.83,43,48,48,42,,,,,
BKHA,91.2,91.2,91.33,102.81,105.28,96.83,43,48,48,42,,,,,
RXT,91.2,91.2,91.33,102.81,105.28,96.83,43,48,48,42,,,,,
FIGS,91.2,91.2,91.33,102.81,105.28,96.83,43,48,48,42,,,,,
ZTS,91.2,91.2,91.33,102.81,105.28,96.83,43,48,48,42,,,,,
ATOS,91.2,91.2,91.33,102.81,105.28,96.83,43,48,48,42,,,,,
EIG,91.2,91.2,91.33,102.81,105.28,96.83,43,48,48,42,,,,,
SER,91.2,91.2,91.33,102.81,105.28,96.83,43,48,48,42,,,,,
NE,91.2,91.2,91.33,102.81,105.28,96.83,43,48,48,42,,,,,
SDHC,91.2,91.2,91.33,102.81,105.28,96.83,43,48,48,42,,,,,
KLTO,91.2,91.2,91.33,102.81,105.28,96.83,43,48,48,42,,,,,
GLAD,91.2,91.2,91.33,102.81,105.28,96.83,43,48,48,42,,,,,
NAK,91.2,91.2,91.33,102.81,105.28,96.83,43,48,48,42,,,,,
CPS,91.2,91.2,91.33,102.81,105.28,96.83,43,48,48,42,,,,,
DRTS,91.2,91.2,91.33,102.81,105.28,96.83,43,48,48,42,,,,,
ARTW,91.2,91.2,91.33,102.81,105.28,96.83,43,48,48,42,,,,,
RGS,91.2,91.2,91.33,102.81,105.28,96.83,43,48,48,42,,,,,
TU,91.2,91.2,91.33,102.81,105.28,96.83,43,48,48,42,,,,,
IRM,91.2,91.2,91.33,102.81,105.28,96.83,43,48,48,42,,,,,
ABG,91.2,91.2,91.33,102.81,105.28,96.83,43,48,48,42,,,,,
TGTX,91.2,91.2,91.33,102.81,105.28,96.83,43,48,48,42,,,,,
BBD,91.2,91.2,91.33,102.81,105.28,96.83,43,48,48,42,,,,,
YHGJ,91.2,91.2,91.33,102.81,105.28,96.83,43,48,48,42,,,,,
EURK,91.2,91.2,91.33,102.81,105.28,96.83,43,48,48,42,,,,,
EJH,91.2,91.2,91.33,102.81,105.28,96.83,43,48,48,42,,,,,
VFF,91.2,91.2,91.33,102.81,105.28,96.83,43,48,48,42,,,,,
NFGC,91.2,91.2,91.33,102.81,105.28,96.83,43,48,48,42,,,,,
GENK,91.2,91.2,91.33,102.81,105.28,96.83,43,48,48,42,,,,,
SIG,91.2,91.2,91.33,102.81,105.28,96.83,43,48,48,42,,,,,
AMC,91.2,91.2,91.33,102.81,105.28,96.83,43,48,48,42,,,,,
ZIMV,91.2,91.2,91.33,102.81,105.28,96.83,43,48,48,42,,,,,
ICG,91.2,91.2,91.33,102.81,105.28,96.83,43,48,48,42,,,,,
BPYPP,91.2,91.2,91.33,102.81,105.28,96.83,43,48,48,42,,,,,
IHT,91.2,91.2,91.33,102.81,105.28,96.83,43,48,48,42,,,,,
AKAN,91.2,91.2,91.33,102.81,105.28,96.83,43,48,48,42,,,,,
AVD,91.2,91.2,91.33,102.81,105.28,96.83,43,48,48,42,,,,,
LMNR,91.2,91.2,91.33,102.81,105.28,96.83,43,48,48,42,,,,,
PKBK,91.2,91.2,91.33,102.81,105.28,96.83,43,48,48,42,,,,,
NFLX,91.2,91.2,91.33,102.81,105.28,96.83,43,48,48,42,,,,,
SVCO,91.2,91.2,91.33,102.81,105.28,96.83,43,48,48,42,,,,,
BOF,91.2,91.2,91.33,102.81,105.28,96.83,43,48,48,42,,,,,
FHTX,91.2,91.2,91.33,102.81,105.28,96.83,43,48,48,42,,,,,
ZYME,91.2,91.2,91.33,102.81,105.28,96.83,43,48,48,42,,,,,
MUSA,91.2,91.2,91.33,102.81,105.28,96.83,43,48,48,42,,,,,
BLFY,91.2,91.2,91.33,102.81,105.28,96.83,43,48,48,42,,,,,
MGNI,91.2,91.2,91.33,102.81,105.28,96.83,43,48,48,42,,,,,
WBD,91.2,91.2,91.33,102.81,105.28,96.83,43,48,48,42,,,,,
KALA,91.2,91.2,91.33,102.81,105.28,96.83,43,48,48,42,,,,,
MTUS,91.2,91.2,91.33,102.81,105.28,96.83,43,48,48,42,,,,,
THR,91.2,91.2,91.33,102.81,105.28,96.83,43,48,48,42,,,,,
SLF,91.2,91.2,91.33,102.81,105.28,96.83,43,48,48,42,,,,,
COTY,91.2,91.2,91.33,102.81,105.28,96.83,43,48,48,42,,,,,
SAIC,91.2,91.2,91.33,102.81,105.28,96.83,43,48,48,42,,,,,
NXE,91.2,91.2,91.33,102.81,105.28,96.83,43,48,48,42,,,,,
KARO,91.2,91.2,91.33,102.81,105.28,96.83,43,48,48,42,,,,,
EQIX,91.2,91.2,91.33,102.81,105.28,96.83,43,48,48,42,,,,,
KMB,91.2,91.2,91.33,102.81,105.28,96.83,43,48,48,42,,,,,
TECH,91.2,91.2,91.33,102.81,105.28,96.83,43,48,48,42,,,,,
ANIP,91.2,91.2,91.33,102.81,105.28,96.83,43,48,48,42,,,,,
MMLP,91.2,91.2,91.33,102.81,105.28,96.83,43,48,48,42,,,,,
GTLB,91.2,91.2,91.33,102.81,105.28,96.83,43,48,48,42,,,,,
MITQ,91.2,91.2,91.33,102.81,105.28,96.83,43,48,48,42,,,,,
GCI,91.2,91.2,91.33,102.81,105.28,96.83,43,48,48,42,,,,,
NUKK,91.2,91.2,91.33,102.81,105.28,96.83,43,48,48,42,,,,,
YCBD,91.2,91.2,91.33,102.81,105.28,96.83,43,48,48,42,,,,,
PLSE,91.2,91.2,91.33,102.81,105.28,96.83,43,48,48,42,,,,,
VOYG,91.2,91.2,91.33,102.81,105.28,96.83,43,48,48,42,,,,,
TAP,91.2,91.2,91.33,102.81,105.28,96.83,43,48,48,42,,,,,
LEDS,91.2,91.2,91.33,102.81,105.28,96.83,43,48,48,42,,,,,
INV,91.2,91.2,91.33,102.81,105.28,96.83,43,48,48,42,,,,,
POWL,91.2,91.2,91.33,102.81,105.28,96.83,43,48,48,42,,,,,
INTT,91.2,91.2,91.33,102.81,105.28,96.83,43,48,48,42,,,,,
TRVG,91.2,91.2,91.33,102.81,105.28,96.83,43,48,48,42,,,,,
IT,91.2,91.2,91.33,102.81,105.28,96.83,43,48,48,42,,,,,
SUN,91.2,91.2,91.33,102.81,105.28,96.83,43,48,48,42,,,,,
PFGC,91.2,91.2,91.33,102.81,105.28,96.83,43,48,48,42,,,,,
CHGG,91.2,91.2,91.33,102.81,105.28,96.83,43,48,48,42,,,,,
STFS,91.2,91.2,91.33,102.81,105.28,96.83,43,48,48,42,,,,,
ENTX,91.2,91.2,91.33,102.81,105.28,96.83,43,48,48,42,,,,,
ABEO,91.2,91.2,91.33,102.81,105.28,96.83,43,48,48,42,,,,,
TTNP,91.2,91.2,91.33,102.81,105.28,96.83,43,48,48,42,,,,,
KRRO,91.2,91.2,91.33,102.81,105.28,96.83,43,48,48,42,,,,,
AEIS,91.2,91.2,91.33,102.81,105.28,96.83,43,48,48,42,,,,,
TLS,91.2,91.2,91.33,102.81,105.28,96.83,43,48,48,42,,,,,
MYND,91.2,91.2,91.33,102.81,105.28,96.83,43,48,48,42,,,,,
YQ,91.2,91.2,91.33,102.81,105.28,96.83,43,48,48,42,,,,,
VWAV,91.2,91.2,91.33,102.81,105.28,96.83,43,48,48,42,,,,,
FOXA,91.2,91.2,91.33,102.81,105.28,96.83,43,48,48,42,,,,,
ARTV,91.2,91.2,91.33,102.81,105.28,96.83,43,48,48,42,,,,,
AI,91.2,91.2,91.33,102.81,105.28,96.83,43,48,48,42,,,,,
OPI,91.2,91.2,91.33,102.81,105.28,96.83,43,48,48,42,,,,,
SORA,91.2,91.2,91.33,102.81,105.28,96.83,43,48,48,42,,,,,
FMBH,91.2,91.2,91.33,102.81,105.28,96.83,43,48,48,42,,,,,
RWAY,91.2,91.2,91.33,102.81,105.28,96.83,43,48,48,42,,,,,
CMTL,91.2,91.2,91.33,102.81,105.28,96.83,43,48,48,42,,,,,
WAL,91.2,91.2,91.33,102.81,105.28,96.83,43,48,48,42,,,,,
LLYVK,91.2,91.2,91.33,102.81,105.28,96.83,43,48,48,42,,,,,
ATXS,91.2,91.2,91.33,102.81,105.28,96.83,43,48,48,42,,,,,
DAR,91.2,91.2,91.33,102.81,105.28,96.83,43,48,48,42,,,,,
LNZA,91.2,91.2,91.33,102.81,105.28,96.83,43,48,48,42,,,,,
ETN,91.2,91.2,91.33,102.81,105.28,96.83,43,48,48,42,,,,,
AL,91.2,91.2,91.33,102.81,105.28,96.83,43,48,48,42,,,,,
FTI,91.2,91.2,91.33,102.81,105.28,96.83,43,48,48,42,,,,,
VSME,91.2,91.2,91.33,102.81,105.28,96.83,43,48,48,42,,,,,
ZUMZ,91.2,91.2,91.33,102.81,105.28,96.83,43,48,48,42,,,,,
PMCB,91.2,91.2,91.33,102.81,105.28,96.83,43,48,48,42,,,,,
ASPS,91.2,91.2,91.33,102.81,105.28,96.83,43,48,48,42,,,,,
MEOH,91.2,91.2,91.33,102.81,105.28,96.83,43,48,48,42,,,,,
NIXX,91.2,91.2,91.33,102.81,105.28,96.83,43,48,48,42,,,,,
BETR,91.2,91.2,91.33,102.81,105.28,96.83,43,48,48,42,,,,,
KALU,91.2,91.2,91.33,102.81,105.28,96.83,43,48,48,42,,,,,
CDIO,91.2,91.2,91.33,102.81,105.28,96.83,43,48,48,42,,,,,
RCL,91.2,91.2,91.33,102.81,105.28,96.83,43,48,48,42,,,,,
CDNA,91.2,91.2,91.33,102.81,105.28,96.83,43,48,48,42,,,,,
XNET,91.2,91.2,91.33,102.81,105.28,96.83,43,48,48,42,,,,,
XCUR,91.2,91.2,91.33,102.81,105.28,96.83,43,48,48,42,,,,,
GNL,91.2,91.2,91.33,102.81,105.28,96.83,43,48,48,42,,,,,
PAR,91.2,91.2,91.33,102.81,105.28,96.83,43,48,48,42,,,,,
PHLT,91.2,91.2,91.33,102.81,105.28,96.83,43,48,48,42,,,,,
DRS,91.2,91.2,91.33,102.81,105.28,96.83,43,48,48,42,,,,,
SVV,91.2,91.2,91.33,102.81,105.28,96.83,43,48,48,42,,,,,
OXSQ,91.2,91.2,91.33,102.81,105.28,96.83,43,48,48,42,,,,,
ZOOZ,91.2,91.2,91.33,102.81,105.28,96.83,43,48,48,42,,,,,
CREV,91.2,91.2,91.33,102.81,105.28,96.83,43,48,48,42,,,,,
JVA,91.2,91.2,91.33,102.81,105.28,96.83,43,48,48,42,,,,,
BCBP,91.2,91.2,91.33,102.81,105.28,96.83,43,48,48,42,,,,,
FERAU,91.2,91.2,91.33,102.81,105.28,96.83,43,48,48,42,,,,,
BTBD,91.2,91.2,91.33,102.81,105.28,96.83,43,48,48,42,,,,,
TDOC,91.2,91.2,91.33,102.81,105.28,96.83,43,48,48,42,,,,,
IBAC,91.2,91.2,91.33,102.81,105.28,96.83,43,48,48,42,,,,,
BILI,91.2,91.2,91.33,102.81,105.28,96.83,43,48,48,42,,,,,
UTSI,91.2,91.2,91.33,102.81,105.28,96.83,43,48,48,42,,,,,
WNW,91.2,91.2,91.33,102.81,105.28,96.83,43,48,48,42,,,,,
BBSI,91.2,91.2,91.33,102.81,105.28,96.83,43,48,48,42,,,,,
USB,91.2,91.2,91.33,102.81,105.28,96.83,43,48,48,42,,,,,
INDB,91.2,91.2,91.33,102.81,105.28,96.83,43,48,48,42,,,,,
ZJYL,91.2,91.2,91.33,102.81,105.28,96.83,43,48,48,42,,,,,
USBC,91.2,91.2,91.33,102.81,105.28,96.83,43,48,48,42,,,,,
SPKL,91.2,91.2,91.33,102.81,105.28,96.83,43,48,48,42,,,,,
GDS,91.2,91.2,91.33,102.81,105.28,96.83,43,48,48,42,,,,,
NMTC,91.2,91.2,91.33,102.81,105.28,96.83,43,48,48,42,,,,,
MCY,91.2,91.2,91.33,102.81,105.28,96.83,43,48,48,42,,,,,
CTNM,91.2,91.2,91.33,102.81,105.28,96.83,43,48,48,42,,,,,
GIFT,91.2,91.2,91.33,102.81,105.28,96.83,43,48,48,42,,,,,
TSLA,91.2,91.2,91.33,102.81,105.28,96.83,43,48,48,42,,,,,
MTSR,91.2,91.2,91.33,102.81,105.28,96.83,43,48,48,42,,,,,
HTLD,91.2,91.2,91.33,102.81,105.28,96.83,43,48,48,42,,,,,
NNI,91.2,91.2,91.33,102.81,105.28,96.83,43,48,48,42,,,,,
GENC,91.2,91.2,91.33,102.81,105.28,96.83,43,48,48,42,,,,,
DYAI,91.2,91.2,91.33,102.81,105.28,96.83,43,48,48,42,,,,,
KFFB,91.2,91.2,91.33,102.81,105.28,96.83,43,48,48,42,,,,,
NXXT,91.2,91.2,91.33,102.81,105.28,96.83,43,48,48,42,,,,,
ATMCU,91.2,91.2,91.33,102.81,105.28,96.83,43,48,48,42,,,,,
NCPL,91.2,91.2,91.33,102.81,105.28,96.83,43,48,48,42,,,,,
FDMT,91.2,91.2,91.33,102.81,105.28,96.83,43,48,48,42,,,,,
RIBBU,91.2,91.2,91.33,102.81,105.28,96.83,43,48,48,42,,,,,
EDUC,91.2,91.2,91.33,102.81,105.28,96.83,43,48,48,42,,,,,
SFBC,91.2,91.2,91.33,102.81,105.28,96.83,43,48,48,42,,,,,
CPT,91.2,91.2,91.33,102.81,105.28,96.83,43,48,48,42,,,,,
VGZ,91.2,91.2,91.33,102.81,105.28,96.83,43,48,48,42,,,,,
LSTR,91.2,91.2,91.33,102.81,105.28,96.83,43,48,48,42,,,,,
BANL,91.2,91.2,91.33,102.81,105.28,96.83,43,48,48,42,,,,,
ATNI,91.2,91.2,91.33,102.81,105.28,96.83,43,48,48,42,,,,,
CLIR,91.2,91.2,91.33,102.81,105.28,96.83,43,48,48,42,,,,,
SNOA,91.2,91.2,91.33,102.81,105.28,96.83,43,48,48,42,,,,,
FTLF,91.2,91.2,91.33,102.81,105.28,96.83,43,48,48,42,,,,,
KEQU,91.2,91.2,91.33,102.81,105.28,96.83,43,48,48,42,,,,,
COLB,91.2,91.2,91.33,102.81,105.28,96.83,43,48,48,42,,,,,
DECK,91.2,91.2,91.33,102.81,105.28,96.83,43,48,48,42,,,,,
SRRK,91.2,91.2,91.33,102.81,105.28,96.83,43,48,48,42,,,,,
CTRM,91.2,91.2,91.33,102.81,105.28,96.83,43,48,48,42,,,,,
ACGLN,91.2,91.2,91.33,102.81,105.28,96.83,43,48,48,42,,,,,
IOBT,91.2,91.2,91.33,102.81,105.28,96.83,43,48,48,42,,,,,
DX,91.2,91.2,91.33,102.81,105.28,96.83,43,48,48,42,,,,,
CRAQ,91.2,91.2,91.33,102.81,105.28,96.83,43,48,48,42,,,,,
BFRI,91.2,91.2,91.33,102.81,105.28,96.83,43,48,48,42,,,,,
SMWB,91.2,91.2,91.33,102.81,105.28,96.83,43,48,48,42,,,,,
FICO,91.2,91.2,91.33,102.81,105.28,96.83,43,48,48,42,,,,,
CCAP,91.2,91.2,91.33,102.81,105.28,96.83,43,48,48,42,,,,,
TROO,91.2,91.2,91.33,102.81,105.28,96.83,43,48,48,42,,,,,
MRBK,91.2,91.2,91.33,102.81,105.28,96.83,43,48,48,42,,,,,
DPRO,91.2,91.2,91.33,102.81,105.28,96.83,43,48,48,42,,,,,
ESTA,91.2,91.2,91.33,102.81,105.28,96.83,43,48,48,42,,,,,
IPODU,91.2,91.2,91.33,102.81,105.28,96.83,43,48,48,42,,,,,
MTRX,91.2,91.2,91.33,102.81,105.28,96.83,43,48,48,42,,,,,
FUL,91.2,91.2,91.33,102.81,105.28,96.83,43,48,48,42,,,,,
MAIN,91.2,91.2,91.33,102.81,105.28,96.83,43,48,48,42,,,,,
MBC,91.2,91.2,91.33,102.81,105.28,96.83,43,48,48,42,,,,,
PRU,91.2,91.2,91.33,102.81,105.28,96.83,43,48,48,42,,,,,
TWI,91.2,91.2,91.33,102.81,105.28,96.83,43,48,48,42,,,,,
GTES,91.2,91.2,91.33,102.81,105.28,96.83,43,48,48,42,,,,,
DOGZ,91.2,91.2,91.33,102.81,105.28,96.83,43,48,48,42,,,,,
FRT,91.2,91.2,91.33,102.81,105.28,96.83,43,48,48,42,,,,,
OLN,91.2,91.2,91.33,102.81,105.28,96.83,43,48,48,42,,,,,
UFPT,91.2,91.2,91.33,102.81,105.28,96.83,43,48,48,42,,,,,
CROX,91.2,91.2,91.33,102.81,105.28,96.83,43,48,48,42,,,,,
ZENA,91.2,91.2,91.33,102.81,105.28,96.83,43,48,48,42,,,,,
ACLX,91.2,91.2,91.33,102.81,105.28,96.83,43,48,48,42,,,,,
HBNC,91.2,91.2,91.33,102.81,105.28,96.83,43,48,48,42,,,,,
JAZZ,91.2,91.2,91.33,102.81,105.28,96.83,43,48,48,42,,,,,
SLRX,91.2,91.2,91.33,102.81,105.28,96.83,43,48,48,42,,,,,
NAUT,91.2,91.2,91.33,102.81,105.28,96.83,43,48,48,42,,,,,
ERJ,91.2,91.2,91.33,102.81,105.28,96.83,43,48,48,42,,,,,
ADT,91.2,91.2,91.33,102.81,105.28,96.83,43,48,48,42,,,,,
BOXL,91.2,91.2,91.33,102.81,105.28,96.83,43,48,48,42,,,,,
CRTO,91.2,91.2,91.33,102.81,105.28,96.83,43,48,48,42,,,,,
DDI,91.2,91.2,91.33,102.81,105.28,96.83,43,48,48,42,,,,,
LVLU,91.2,91.2,91.33,102.81,105.28,96.83,43,48,48,42,,,,,
VERI,91.2,91.2,91.33,102.81,105.28,96.83,43,48,48,42,,,,,
GOOG,91.2,91.2,91.33,102.81,105.28,96.83,43,48,48,42,,,,,
SEGG,91.2,91.2,91.33,102.81,105.28,96.83,43,48,48,42,,,,,
DKL,91.2,91.2,91.33,102.81,105.28,96.83,43,48,48,42,,,,,
TFSL,91.2,91.2,91.33,102.81,105.28,96.83,43,48,48,42,,,,,
MGRC,91.2,91.2,91.33,102.81,105.28,96.83,43,48,48,42,,,,,
EXPE,91.2,91.2,91.33,102.81,105.28,96.83,43,48,48,42,,,,,
MBI,91.2,91.2,91.33,102.81,105.28,96.83,43,48,48,42,,,,,
PAC,91.2,91.2,91.33,102.81,105.28,96.83,43,48,48,42,,,,,
MTVA,91.2,91.2,91.33,102.81,105.28,96.83,43,48,48,42,,,,,
GILD,91.2,91.2,91.33,102.81,105.28,96.83,43,48,48,42,,,,,
CANF,91.2,91.2,91.33,102.81,105.28,96.83,43,48,48,42,,,,,
ALKS,91.2,91.2,91.33,102.81,105.28,96.83,43,48,48,42,,,,,
WETH,91.2,91.2,91.33,102.81,105.28,96.83,43,48,48,42,,,,,
RNG,91.2,91.2,91.33,102.81,105.28,96.83,43,48,48,42,,,,,
RMSG,91.2,91.2,91.33,102.81,105.28,96.83,43,48,48,42,,,,,
ANSCU,91.2,91.2,91.33,102.81,105.28,96.83,43,48,48,42,,,,,
MNR,91.2,91.2,91.33,102.81,105.28,96.83,43,48,48,42,,,,,
JWEL,91.2,91.2,91.33,102.81,105.28,96.83,43,48,48,42,,,,,
ENVB,91.2,91.2,91.33,102.81,105.28,96.83,43,48,48,42,,,,,
SEI,91.2,91.2,91.33,102.81,105.28,96.83,43,48,48,42,,,,,
CRWD,91.2,91.2,91.33,102.81,105.28,96.83,43,48,48,42,,,,,
SLSR,91.2,91.2,91.33,102.81,105.28,96.83,43,48,48,42,,,,,
URGN,91.2,91.2,91.33,102.81,105.28,96.83,43,48,48,42,,,,,
R,91.2,91.2,91.33,102.81,105.28,96.83,43,48,48,42,,,,,
PRGO,91.2,91.2,91.33,102.81,105.28,96.83,43,48,48,42,,,,,
XBIT,91.2,91.2,91.33,102.81,105.28,96.83,43,48,48,42,,,,,
GE,91.2,91.2,91.33,102.81,105.28,96.83,43,48,48,42,,,,,
GBLI,91.2,91.2,91.33,102.81,105.28,96.83,43,48,48,42,,,,,
VIST,91.2,91.2,91.33,102.81,105.28,96.83,43,48,48,42,,,,,
TUSK,91.2,91.2,91.33,102.81,105.28,96.83,43,48,48,42,,,,,
NMG,91.2,91.2,91.33,102.81,105.28,96.83,43,48,48,42,,,,,
APAM,91.2,91.2,91.33,102.81,105.28,96.83,43,48,48,42,,,,,
MC,91.2,91.2,91.33,102.81,105.28,96.83,43,48,48,42,,,,,
AAM,91.2,91.2,91.33,102.81,105.28,96.83,43,48,48,42,,,,,
VVOS,91.2,91.2,91.33,102.81,105.28,96.83,43,48,48,42,,,,,
AAOI,91.2,91.2,91.33,102.81,105.28,96.83,43,48,48,42,,,,,
NKTX,91.2,91.2,91.33,102.81,105.28,96.83,43,48,48,42,,,,,
AG,91.2,91.2,91.33,102.81,105.28,96.83,43,48,48,42,,,,,
XAIR,91.2,91.2,91.33,102.81,105.28,96.83,43,48,48,42,,,,,
AVDX,91.2,91.2,91.33,102.81,105.28,96.83,43,48,48,42,,,,,
WFCF,91.2,91.2,91.33,102.81,105.28,96.83,43,48,48,42,,,,,
CNO,91.2,91.2,91.33,102.81,105.28,96.83,43,48,48,42,,,,,
GFI,91.2,91.2,91.33,102.81,105.28,96.83,43,48,48,42,,,,,
APDN,91.2,91.2,91.33,102.81,105.28,96.83,43,48,48,42,,,,,
VOD,91.2,91.2,91.33,102.81,105.28,96.83,43,48,48,42,,,,,
HMR,91.2,91.2,91.33,102.81,105.28,96.83,43,48,48,42,,,,,
SVRE,91.2,91.2,91.33,102.81,105.28,96.83,43,48,48,42,,,,,
ALEC,91.2,91.2,91.33,102.81,105.28,96.83,43,48,48,42,,,,,
INCR,91.2,91.2,91.33,102.81,105.28,96.83,43,48,48,42,,,,,
ECVT,91.2,91.2,91.33,102.81,105.28,96.83,43,48,48,42,,,,,
RC,91.2,91.2,91.33,102.81,105.28,96.83,43,48,48,42,,,,,
BZUN,91.2,91.2,91.33,102.81,105.28,96.83,43,48,48,42,,,,,
SYM,91.2,91.2,91.33,102.81,105.28,96.83,43,48,48,42,,,,,
ORN,91.2,91.2,91.33,102.81,105.28,96.83,43,48,48,42,,,,,
CNM,91.2,91.2,91.33,102.81,105.28,96.83,43,48,48,42,,,,,
PECO,91.2,91.2,91.33,102.81,105.28,96.83,43,48,48,42,,,,,
VCIC,91.2,91.2,91.33,102.81,105.28,96.83,43,48,48,42,,,,,
FIGX,91.2,91.2,91.33,102.81,105.28,96.83,43,48,48,42,,,,,
SGLY,91.2,91.2,91.33,102.81,105.28,96.83,43,48,48,42,,,,,
NWE,91.2,91.2,91.33,102.81,105.28,96.83,43,48,48,42,,,,,
PPBT,91.2,91.2,91.33,102.81,105.28,96.83,43,48,48,42,,,,,
UHG,91.2,91.2,91.33,102.81,105.28,96.83,43,48,48,42,,,,,
TIMB,91.2,91.2,91.33,102.81,105.28,96.83,43,48,48,42,,,,,
DEC,91.2,91.2,91.33,102.81,105.28,96.83,43,48,48,42,,,,,
SBRA,91.2,91.2,91.33,102.81,105.28,96.83,43,48,48,42,,,,,
REYN,91.2,91.2,91.33,102.81,105.28,96.83,43,48,48,42,,,,,
SCHW,91.2,91.2,91.33,102.81,105.28,96.83,43,48,48,42,,,,,
SENEB,91.2,91.2,91.33,102.81,105.28,96.83,43,48,48,42,,,,,
SAIA,91.2,91.2,91.33,102.81,105.28,96.83,43,48,48,42,,,,,
ATRO,91.2,91.2,91.33,102.81,105.28,96.83,43,48,48,42,,,,,
CRGO,91.2,91.2,91.33,102.81,105.28,96.83,43,48,48,42,,,,,
CDZI,91.2,91.2,91.33,102.81,105.28,96.83,43,48,48,42,,,,,
GSUN,91.2,91.2,91.33,102.81,105.28,96.83,43,48,48,42,,,,,
VRNT,91.2,91.2,91.33,102.81,105.28,96.83,43,48,48,42,,,,,
MMA,91.2,91.2,91.33,102.81,105.28,96.83,43,48,48,42,,,,,
UONEK,91.2,91.2,91.33,102.81,105.28,96.83,43,48,48,42,,,,,
WSM,91.2,91.2,91.33,102.81,105.28,96.83,43,48,48,42,,,,,
RAIN,91.2,91.2,91.33,102.81,105.28,96.83,43,48,48,42,,,,,
USAS,91.2,91.2,91.33,102.81,105.28,96.83,43,48,48,42,,,,,
TEX,91.2,91.2,91.33,102.81,105.28,96.83,43,48,48,42,,,,,
GOOGL,91.2,91.2,91.33,102.81,105.28,96.83,43,48,48,42,,,,,
CLS,91.2,91.2,91.33,102.81,105.28,96.83,43,48,48,42,,,,,
SUIG,91.2,91.2,91.33,102.81,105.28,96.83,43,48,48,42,,,,,
KLRS,91.2,91.2,91.33,102.81,105.28,96.83,43,48,48,42,,,,,
FLNC,91.2,91.2,91.33,102.81,105.28,96.83,43,48,48,42,,,,,
PGNY,91.2,91.2,91.33,102.81,105.28,96.83,43,48,48,42,,,,,
SVM,91.2,91.2,91.33,102.81,105.28,96.83,43,48,48,42,,,,,
UTL,91.2,91.2,91.33,102.81,105.28,96.83,43,48,48,42,,,,,
BKTI,91.2,91.2,91.33,102.81,105.28,96.83,43,48,48,42,,,,,
AIR,91.2,91.2,91.33,102.81,105.28,96.83,43,48,48,42,,,,,
DASH,91.2,91.2,91.33,102.81,105.28,96.83,43,48,48,42,,,,,
IART,91.2,91.2,91.33,102.81,105.28,96.83,43,48,48,42,,,,,
TPC,91.2,91.2,91.33,102.81,105.28,96.83,43,48,48,42,,,,,
BSLK,91.2,91.2,91.33,102.81,105.28,96.83,43,48,48,42,,,,,
CTEV,91.2,91.2,91.33,102.81,105.28,96.83,43,48,48,42,,,,,
NCMI,91.2,91.2,91.33,102.81,105.28,96.83,43,48,48,42,,,,,
IDCC,91.2,91.2,91.33,102.81,105.28,96.83,43,48,48,42,,,,,
EVH,91.2,91.2,91.33,102.81,105.28,96.83,43,48,48,42,,,,,
SRL,91.2,91.2,91.33,102.81,105.28,96.83,43,48,48,42,,,,,
ALG,91.2,91.2,91.33,102.81,105.28,96.83,43,48,48,42,,,,,
QLYS,91.2,91.2,91.33,102.81,105.28,96.83,43,48,48,42,,,,,
RIME,91.2,91.2,91.33,102.81,105.28,96.83,43,48,48,42,,,,,
HCWB,91.2,91.2,91.33,102.81,105.28,96.83,43,48,48,42,,,,,
AIG,91.2,91.2,91.33,102.81,105.28,96.83,43,48,48,42,,,,,
EXFY,91.2,91.2,91.33,102.81,105.28,96.83,43,48,48,42,,,,,
PRIM,91.2,91.2,91.33,102.81,105.28,96.83,43,48,48,42,,,,,
DBD,91.2,91.2,91.33,102.81,105.28,96.83,43,48,48,42,,,,,
BUR,91.2,91.2,91.33,102.81,105.28,96.83,43,48,48,42,,,,,
ARRY,91.2,91.2,91.33,102.81,105.28,96.83,43,48,48,42,,,,,
PRZO,91.2,91.2,91.33,102.81,105.28,96.83,43,48,48,42,,,,,
CADE,91.2,91.2,91.33,102.81,105.28,96.83,43,48,48,42,,,,,
CEP,91.2,91.2,91.33,102.81,105.28,96.83,43,48,48,42,,,,,
PROV,91.2,91.2,91.33,102.81,105.28,96.83,43,48,48,42,,,,,
ALM,91.2,91.2,91.33,102.81,105.28,96.83,43,48,48,42,,,,,
CCI,91.2,91.2,91.33,102.81,105.28,96.83,43,48,48,42,,,,,
INLF,91.2,91.2,91.33,102.81,105.28,96.83,43,48,48,42,,,,,
STZ,91.2,91.2,91.33,102.81,105.28,96.83,43,48,48,42,,,,,
BRBS,91.2,91.2,91.33,102.81,105.28,96.83,43,48,48,42,,,,,
NEUE,91.2,91.2,91.33,102.81,105.28,96.83,43,48,48,42,,,,,
ASPC,91.2,91.2,91.33,102.81,105.28,96.83,43,48,48,42,,,,,
KTCC,91.2,91.2,91.33,102.81,105.28,96.83,43,48,48,42,,,,,
CVAC,91.2,91.2,91.33,102.81,105.28,96.83,43,48,48,42,,,,,
MPX,91.2,91.2,91.33,102.81,105.28,96.83,43,48,48,42,,,,,
CMPS,91.2,91.2,91.33,102.81,105.28,96.83,43,48,48,42,,,,,
CR,91.2,91.2,91.33,102.81,105.28,96.83,43,48,48,42,,,,,
HGBL,91.2,91.2,91.33,102.81,105.28,96.83,43,48,48,42,,,,,
ANL,91.2,91.2,91.33,102.81,105.28,96.83,43,48,48,42,,,,,
HIFS,91.2,91.2,91.33,102.81,105.28,96.83,43,48,48,42,,,,,
APH,91.2,91.2,91.33,102.81,105.28,96.83,43,48,48,42,,,,,
BNR,91.2,91.2,91.33,102.81,105.28,96.83,43,48,48,42,,,,,
JRSH,91.2,91.2,91.33,102.81,105.28,96.83,43,48,48,42,,,,,
LNKS,91.2,91.2,91.33,102.81,105.28,96.83,43,48,48,42,,,,,
WEN,91.2,91.2,91.33,102.81,105.28,96.83,43,48,48,42,,,,,
BWXT,91.2,91.2,91.33,102.81,105.28,96.83,43,48,48,42,,,,,
MCS,91.2,91.2,91.33,102.81,105.28,96.83,43,48,48,42,,,,,
VRNA,91.2,91.2,91.33,102.81,105.28,96.83,43,48,48,42,,,,,
ET,91.2,91.2,91.33,102.81,105.28,96.83,43,48,48,42,,,,,
AGM,91.2,91.2,91.33,102.81,105.28,96.83,43,48,48,42,,,,,
ARLP,91.2,91.2,91.33,102.81,105.28,96.83,43,48,48,42,,,,,
DNLI,91.2,91.2,91.33,102.81,105.28,96.83,43,48,48,42,,,,,
SANA,91.2,91.2,91.33,102.81,105.28,96.83,43,48,48,42,,,,,
CBNK,91.2,91.2,91.33,102.81,105.28,96.83,43,48,48,42,,,,,
PMTR,91.2,91.2,91.33,102.81,105.28,96.83,43,48,48,42,,,,,
GHG,91.2,91.2,91.33,102.81,105.28,96.83,43,48,48,42,,,,,
LMT,91.2,91.2,91.33,102.81,105.28,96.83,43,48,48,42,,,,,
AXINU,91.2,91.2,91.33,102.81,105.28,96.83,43,48,48,42,,,,,
HSPO,91.2,91.2,91.33,102.81,105.28,96.83,43,48,48,42,,,,,
ELOG,91.2,91.2,91.33,102.81,105.28,96.83,43,48,48,42,,,,,
FENC,91.2,91.2,91.33,102.81,105.28,96.83,43,48,48,42,,,,,
QSEAU,91.2,91.2,91.33,102.81,105.28,96.83,43,48,48,42,,,,,
KVUE,91.2,91.2,91.33,102.81,105.28,96.83,43,48,48,42,,,,,
ZM,91.2,91.2,91.33,102.81,105.28,96.83,43,48,48,42,,,,,
YUM,91.2,91.2,91.33,102.81,105.28,96.83,43,48,48,42,,,,,
ARWR,91.2,91.2,91.33,102.81,105.28,96.83,43,48,48,42,,,,,
PYPD,91.2,91.2,91.33,102.81,105.28,96.83,43,48,48,42,,,,,
GLW,91.2,91.2,91.33,102.81,105.28,96.83,43,48,48,42,,,,,
NPAC,91.2,91.2,91.33,102.81,105.28,96.83,43,48,48,42,,,,,
RDW,91.2,91.2,91.33,102.81,105.28,96.83,43,48,48,42,,,,,
SHCO,91.2,91.2,91.33,102.81,105.28,96.83,43,48,48,42,,,,,
STE,91.2,91.2,91.33,102.81,105.28,96.83,43,48,48,42,,,,,
JKHY,91.2,91.2,91.33,102.81,105.28,96.83,43,48,48,42,,,,,
PERI,91.2,91.2,91.33,102.81,105.28,96.83,43,48,48,42,,,,,
SGD,91.2,91.2,91.33,102.81,105.28,96.83,43,48,48,42,,,,,
GLPG,91.2,91.2,91.33,102.81,105.28,96.83,43,48,48,42,,,,,
BSBR,91.2,91.2,91.33,102.81,105.28,96.83,43,48,48,42,,,,,
SYNA,91.2,91.2,91.33,102.81,105.28,96.83,43,48,48,42,,,,,
UMBF,91.2,91.2,91.33,102.81,105.28,96.83,43,48,48,42,,,,,
CIG,91.2,91.2,91.33,102.81,105.28,96.83,43,48,48,42,,,,,
ECG,91.2,91.2,91.33,102.81,105.28,96.83,43,48,48,42,,,,,
TSM,91.2,91.2,91.33,102.81,105.28,96.83,43,48,48,42,,,,,
NOV,91.2,91.2,91.33,102.81,105.28,96.83,43,48,48,42,,,,,
ITRN,91.2,91.2,91.33,102.81,105.28,96.83,43,48,48,42,,,,,
ETD,91.2,91.2,91.33,102.81,105.28,96.83,43,48,48,42,,,,,
OPHC,91.2,91.2,91.33,102.81,105.28,96.83,43,48,48,42,,,,,
BAFN,91.2,91.2,91.33,102.81,105.28,96.83,43,48,48,42,,,,,
CISO,91.2,91.2,91.33,102.81,105.28,96.83,43,48,48,42,,,,,
AACT,91.2,91.2,91.33,102.81,105.28,96.83,43,48,48,42,,,,,
SEPN,91.2,91.2,91.33,102.81,105.28,96.83,43,48,48,42,,,,,
VRTX,91.2,91.2,91.33,102.81,105.28,96.83,43,48,48,42,,,,,
FITBI,91.2,91.2,91.33,102.81,105.28,96.83,43,48,48,42,,,,,
TTI,91.2,91.2,91.33,102.81,105.28,96.83,43,48,48,42,,,,,
AXL,91.2,91.2,91.33,102.81,105.28,96.83,43,48,48,42,,,,,
ADTX,91.2,91.2,91.33,102.81,105.28,96.83,43,48,48,42,,,,,
UBSI,91.2,91.2,91.33,102.81,105.28,96.83,43,48,48,42,,,,,
RPRX,91.2,91.2,91.33,102.81,105.28,96.83,43,48,48,42,,,,,
BCAB,91.2,91.2,91.33,102.81,105.28,96.83,43,48,48,42,,,,,
CASS,91.2,91.2,91.33,102.81,105.28,96.83,43,48,48,42,,,,,
AMCR,91.2,91.2,91.33,102.81,105.28,96.83,43,48,48,42,,,,,
ELME,91.2,91.2,91.33,102.81,105.28,96.83,43,48,48,42,,,,,
FIX,91.2,91.2,91.33,102.81,105.28,96.83,43,48,48,42,,,,,
KEYS,91.2,91.2,91.33,102.81,105.28,96.83,43,48,48,42,,,,,
ETHMU,91.2,91.2,91.33,102.81,105.28,96.83,43,48,48,42,,,,,
OACCU,91.2,91.2,91.33,102.81,105.28,96.83,43,48,48,42,,,,,
TMDX,91.2,91.2,91.33,102.81,105.28,96.83,43,48,48,42,,,,,
BAK,91.2,91.2,91.33,102.81,105.28,96.83,43,48,48,42,,,,,
EAT,91.2,91.2,91.33,102.81,105.28,96.83,43,48,48,42,,,,,
NWPX,91.2,91.2,91.33,102.81,105.28,96.83,43,48,48,42,,,,,
TRC,91.2,91.2,91.33,102.81,105.28,96.83,43,48,48,42,,,,,
HAFC,91.2,91.2,91.33,102.81,105.28,96.83,43,48,48,42,,,,,
CNMD,91.2,91.2,91.33,102.81,105.28,96.83,43,48,48,42,,,,,
HSPT,91.2,91.2,91.33,102.81,105.28,96.83,43,48,48,42,,,,,
WSBK,91.2,91.2,91.33,102.81,105.28,96.83,43,48,48,42,,,,,
ALT,91.2,91.2,91.33,102.81,105.28,96.83,43,48,48,42,,,,,
TD,91.2,91.2,91.33,102.81,105.28,96.83,43,48,48,42,,,,,
HCKT,91.2,91.2,91.33,102.81,105.28,96.83,43,48,48,42,,,,,
TPG,91.2,91.2,91.33,102.81,105.28,96.83,43,48,48,42,,,,,
INTJ,91.2,91.2,91.33,102.81,105.28,96.83,43,48,48,42,,,,,
CHARU,91.2,91.2,91.33,102.81,105.28,96.83,43,48,48,42,,,,,
DFIN,91.2,91.2,91.33,102.81,105.28,96.83,43,48,48,42,,,,,
ATLX,91.2,91.2,91.33,102.81,105.28,96.83,43,48,48,42,,,,,
YORW,91.2,91.2,91.33,102.81,105.28,96.83,43,48,48,42,,,,,
BELFA,91.2,91.2,91.33,102.81,105.28,96.83,43,48,48,42,,,,,
BDX,91.2,91.2,91.33,102.81,105.28,96.83,43,48,48,42,,,,,
LAMR,91.2,91.2,91.33,102.81,105.28,96.83,43,48,48,42,,,,,
BEAM,91.2,91.2,91.33,102.81,105.28,96.83,43,48,48,42,,,,,
WTM,91.2,91.2,91.33,102.81,105.28,96.83,43,48,48,42,,,,,
SLGL,91.2,91.2,91.33,102.81,105.28,96.83,43,48,48,42,,,,,
ETR,91.2,91.2,91.33,102.81,105.28,96.83,43,48,48,42,,,,,
LDI,91.2,91.2,91.33,102.81,105.28,96.83,43,48,48,42,,,,,
HR,91.2,91.2,91.33,102.81,105.28,96.83,43,48,48,42,,,,,
FWONA,91.2,91.2,91.33,102.81,105.28,96.83,43,48,48,42,,,,,
TIGR,91.2,91.2,91.33,102.81,105.28,96.83,43,48,48,42,,,,,
VET,91.2,91.2,91.33,102.81,105.28,96.83,43,48,48,42,,,,,
CADL,91.2,91.2,91.33,102.81,105.28,96.83,43,48,48,42,,,,,
LRMR,91.2,91.2,91.33,102.81,105.28,96.83,43,48,48,42,,,,,
HOPE,91.2,91.2,91.33,102.81,105.28,96.83,43,48,48,42,,,,,
CCO,91.2,91.2,91.33,102.81,105.28,96.83,43,48,48,42,,,,,
TACT,91.2,91.2,91.33,102.81,105.28,96.83,43,48,48,42,,,,,
PLCE,91.2,91.2,91.33,102.81,105.28,96.83,43,48,48,42,,,,,
NUTX,91.2,91.2,91.33,102.81,105.28,96.83,43,48,48,42,,,,,
ALMU,91.2,91.2,91.33,102.81,105.28,96.83,43,48,48,42,,,,,
BSRR,91.2,91.2,91.33,102.81,105.28,96.83,43,48,48,42,,,,,
WPC,91.2,91.2,91.33,102.81,105.28,96.83,43,48,48,42,,,,,
CCEP,91.2,91.2,91.33,102.81,105.28,96.83,43,48,48,42,,,,,
TBBB,91.2,91.2,91.33,102.81,105.28,96.83,43,48,48,42,,,,,
SCCO,91.2,91.2,91.33,102.81,105.28,96.83,43,48,48,42,,,,,
FSHP,91.2,91.2,91.33,102.81,105.28,96.83,43,48,48,42,,,,,
RFAIU,91.2,91.2,91.33,102.81,105.28,96.83,43,48,48,42,,,,,
HOWL,91.2,91.2,91.33,102.81,105.28,96.83,43,48,48,42,,,,,
TIPT,91.2,91.2,91.33,102.81,105.28,96.83,43,48,48,42,,,,,
KGS,91.2,91.2,91.33,102.81,105.28,96.83,43,48,48,42,,,,,
PANW,91.2,91.2,91.33,102.81,105.28,96.83,43,48,48,42,,,,,
AHL,91.2,91.2,91.33,102.81,105.28,96.83,43,48,48,42,,,,,
LESL,91.2,91.2,91.33,102.81,105.28,96.83,43,48,48,42,,,,,
CDTX,91.2,91.2,91.33,102.81,105.28,96.83,43,48,48,42,,,,,
CHNR,91.2,91.2,91.33,102.81,105.28,96.83,43,48,48,42,,,,,
GNTA,91.2,91.2,91.33,102.81,105.28,96.83,43,48,48,42,,,,,
MDU,91.2,91.2,91.33,102.81,105.28,96.83,43,48,48,42,,,,,
NAMI,91.2,91.2,91.33,102.81,105.28,96.83,43,48,48,42,,,,,
SRTS,91.2,91.2,91.33,102.81,105.28,96.83,43,48,48,42,,,,,
MNY,91.2,91.2,91.33,102.81,105.28,96.83,43,48,48,42,,,,,
GFS,91.2,91.2,91.33,102.81,105.28,96.83,43,48,48,42,,,,,
GEOS,91.2,91.2,91.33,102.81,105.28,96.83,43,48,48,42,,,,,
ANNX,91.2,91.2,91.33,102.81,105.28,96.83,43,48,48,42,,,,,
MGIC,91.2,91.2,91.33,102.81,105.28,96.83,43,48,48,42,,,,,
HOOD,91.2,91.2,91.33,102.81,105.28,96.83,43,48,48,42,,,,,
SHG,91.2,91.2,91.33,102.81,105.28,96.83,43,48,48,42,,,,,
ELP,91.2,91.2,91.33,102.81,105.28,96.83,43,48,48,42,,,,,
SLM,91.2,91.2,91.33,102.81,105.28,96.83,43,48,48,42,,,,,
NMM,91.2,91.2,91.33,102.81,105.28,96.83,43,48,48,42,,,,,
PDM,91.2,91.2,91.33,102.81,105.28,96.83,43,48,48,42,,,,,
PAYS,91.2,91.2,91.33,102.81,105.28,96.83,43,48,48,42,,,,,
NVDA,91.2,91.2,91.33,102.81,105.28,96.83,43,48,48,42,,,,,
INEO,91.2,91.2,91.33,102.81,105.28,96.83,43,48,48,42,,,,,
COCH,91.2,91.2,91.33,102.81,105.28,96.83,43,48,48,42,,,,,
VOC,91.2,91.2,91.33,102.81,105.28,96.83,43,48,48,42,,,,,
PEPG,91.2,91.2,91.33,102.81,105.28,96.83,43,48,48,42,,,,,
BZH,91.2,91.2,91.33,102.81,105.28,96.83,43,48,48,42,,,,,
GPRO,91.2,91.2,91.33,102.81,105.28,96.83,43,48,48,42,,,,,
UAMY,91.2,91.2,91.33,102.81,105.28,96.83,43,48,48,42,,,,,
PACS,91.2,91.2,91.33,102.81,105.28,96.83,43,48,48,42,,,,,
FBRX,91.2,91.2,91.33,102.81,105.28,96.83,43,48,48,42,,,,,
MMM,91.2,91.2,91.33,102.81,105.28,96.83,43,48,48,42,,,,,
WRB,91.2,91.2,91.33,102.81,105.28,96.83,43,48,48,42,,,,,
TXN,91.2,91.2,91.33,102.81,105.28,96.83,43,48,48,42,,,,,
ASPN,91.2,91.2,91.33,102.81,105.28,96.83,43,48,48,42,,,,,
SSRM,91.2,91.2,91.33,102.81,105.28,96.83,43,48,48,42,,,,,
TRN,91.2,91.2,91.33,102.81,105.28,96.83,43,48,48,42,,,,,
DAC,91.2,91.2,91.33,102.81,105.28,96.83,43,48,48,42,,,,,
SPB,91.2,91.2,91.33,102.81,105.28,96.83,43,48,48,42,,,,,
GELS,91.2,91.2,91.33,102.81,105.28,96.83,43,48,48,42,,,,,
YB,91.2,91.2,91.33,102.81,105.28,96.83,43,48,48,42,,,,,
CMI,91.2,91.2,91.33,102.81,105.28,96.83,43,48,48,42,,,,,
SST,91.2,91.2,91.33,102.81,105.28,96.83,43,48,48,42,,,,,
WOW,91.2,91.2,91.33,102.81,105.28,96.83,43,48,48,42,,,,,
NOG,91.2,91.2,91.33,102.81,105.28,96.83,43,48,48,42,,,,,
GHM,91.2,91.2,91.33,102.81,105.28,96.83,43,48,48,42,,,,,
SMFG,91.2,91.2,91.33,102.81,105.28,96.83,43,48,48,42,,,,,
LIMN,91.2,91.2,91.33,102.81,105.28,96.83,43,48,48,42,,,,,
LIND,91.2,91.2,91.33,102.81,105.28,96.83,43,48,48,42,,,,,
EFSC,91.2,91.2,91.33,102.81,105.28,96.83,43,48,48,42,,,,,
PHIO,91.2,91.2,91.33,102.81,105.28,96.83,43,48,48,42,,,,,
ASO,91.2,91.2,91.33,102.81,105.28,96.83,43,48,48,42,,,,,
LOMA,91.2,91.2,91.33,102.81,105.28,96.83,43,48,48,42,,,,,
USCB,91.2,91.2,91.33,102.81,105.28,96.83,43,48,48,42,,,,,
CTRI,91.2,91.2,91.33,102.81,105.28,96.83,43,48,48,42,,,,,
ALIT,91.2,91.2,91.33,102.81,105.28,96.83,43,48,48,42,,,,,
GOSS,91.2,91.2,91.33,102.81,105.28,96.83,43,48,48,42,,,,,
CYCU,91.2,91.2,91.33,102.81,105.28,96.83,43,48,48,42,,,,,
WTW,91.2,91.2,91.33,102.81,105.28,96.83,43,48,48,42,,,,,
NSPR,91.2,91.2,91.33,102.81,105.28,96.83,43,48,48,42,,,,,
LGVN,91.2,91.2,91.33,102.81,105.28,96.83,43,48,48,42,,,,,
CENN,91.2,91.2,91.33,102.81,105.28,96.83,43,48,48,42,,,,,
DTSS,91.2,91.2,91.33,102.81,105.28,96.83,43,48,48,42,,,,,
DG,91.2,91.2,91.33,102.81,105.28,96.83,43,48,48,42,,,,,
KOYNU,91.2,91.2,91.33,102.81,105.28,96.83,43,48,48,42,,,,,
MSS,91.2,91.2,91.33,102.81,105.28,96.83,43,48,48,42,,,,,
MACIU,91.2,91.2,91.33,102.81,105.28,96.83,43,48,48,42,,,,,
OWL,91.2,91.2,91.33,102.81,105.28,96.83,43,48,48,42,,,,,
CCEC,91.2,91.2,91.33,102.81,105.28,96.83,43,48,48,42,,,,,
SKK,91.2,91.2,91.33,102.81,105.28,96.83,43,48,48,42,,,,,
FUBO,91.2,91.2,91.33,102.81,105.28,96.83,43,48,48,42,,,,,
BCAR,91.2,91.2,91.33,102.81,105.28,96.83,43,48,48,42,,,,,
FOXF,91.2,91.2,91.33,102.81,105.28,96.83,43,48,48,42,,,,,
PAGS,91.2,91.2,91.33,102.81,105.28,96.83,43,48,48,42,,,,,
NOA,91.2,91.2,91.33,102.81,105.28,96.83,43,48,48,42,,,,,
PRGS,91.2,91.2,91.33,102.81,105.28,96.83,43,48,48,42,,,,,
NCSM,91.2,91.2,91.33,102.81,105.28,96.83,43,48,48,42,,,,,
BAX,91.2,91.2,91.33,102.81,105.28,96.83,43,48,48,42,,,,,
TRIN,91.2,91.2,91.33,102.81,105.28,96.83,43,48,48,42,,,,,
ABM,91.2,91.2,91.33,102.81,105.28,96.83,43,48,48,42,,,,,
PSIG,91.2,91.2,91.33,102.81,105.28,96.83,43,48,48,42,,,,,
INSW,91.2,91.2,91.33,102.81,105.28,96.83,43,48,48,42,,,,,
ICMB,91.2,91.2,91.33,102.81,105.28,96.83,43,48,48,42,,,,,
SVC,91.2,91.2,91.33,102.81,105.28,96.83,43,48,48,42,,,,,
AZZ,91.2,91.2,91.33,102.81,105.28,96.83,43,48,48,42,,,,,
FULC,91.2,91.2,91.33,102.81,105.28,96.83,43,48,48,42,,,,,
KPRX,91.2,91.2,91.33,102.81,105.28,96.83,43,48,48,42,,,,,
IAUX,91.2,91.2,91.33,102.81,105.28,96.83,43,48,48,42,,,,,
OYSEU,91.2,91.2,91.33,102.81,105.28,96.83,43,48,48,42,,,,,
SQM,91.2,91.2,91.33,102.81,105.28,96.83,43,48,48,42,,,,,
DBVT,91.2,91.2,91.33,102.81,105.28,96.83,43,48,48,42,,,,,
CURV,91.2,91.2,91.33,102.81,105.28,96.83,43,48,48,42,,,,,
CINT,91.2,91.2,91.33,102.81,105.28,96.83,43,48,48,42,,,,,
GRI,91.2,91.2,91.33,102.81,105.28,96.83,43,48,48,42,,,,,
MSGS,91.2,91.2,91.33,102.81,105.28,96.83,43,48,48,42,,,,,
MPW,91.2,91.2,91.33,102.81,105.28,96.83,43,48,48,42,,,,,
AEM,91.2,91.2,91.33,102.81,105.28,96.83,43,48,48,42,,,,,
LDOS,91.2,91.2,91.33,102.81,105.28,96.83,43,48,48,42,,,,,
HOTH,91.2,91.2,91.33,102.81,105.28,96.83,43,48,48,42,,,,,
PELIU,91.2,91.2,91.33,102.81,105.28,96.83,43,48,48,42,,,,,
AMRC,91.2,91.2,91.33,102.81,105.28,96.83,43,48,48,42,,,,,
GBDC,91.2,91.2,91.33,102.81,105.28,96.83,43,48,48,42,,,,,
CVGW,91.2,91.2,91.33,102.81,105.28,96.83,43,48,48,42,,,,,
TJX,91.2,91.2,91.33,102.81,105.28,96.83,43,48,48,42,,,,,
CTNT,91.2,91.2,91.33,102.81,105.28,96.83,43,48,48,42,,,,,
DHAI,91.2,91.2,91.33,102.81,105.28,96.83,43,48,48,42,,,,,
AIRG,91.2,91.2,91.33,102.81,105.28,96.83,43,48,48,42,,,,,
INBS,91.2,91.2,91.33,102.81,105.28,96.83,43,48,48,42,,,,,
SONN,91.2,91.2,91.33,102.81,105.28,96.83,43,48,48,42,,,,,
RVYL,91.2,91.2,91.33,102.81,105.28,96.83,43,48,48,42,,,,,
NET,91.2,91.2,91.33,102.81,105.28,96.83,43,48,48,42,,,,,
SIFY,91.2,91.2,91.33,102.81,105.28,96.83,43,48,48,42,,,,,
FSM,91.2,91.2,91.33,102.81,105.28,96.83,43,48,48,42,,,,,
VIPS,91.2,91.2,91.33,102.81,105.28,96.83,43,48,48,42,,,,,
AARD,91.2,91.2,91.33,102.81,105.28,96.83,43,48,48,42,,,,,
CRSP,91.2,91.2,91.33,102.81,105.28,96.83,43,48,48,42,,,,,
STRZ,91.2,91.2,91.33,102.81,105.28,96.83,43,48,48,42,,,,,
NDLS,91.2,91.2,91.33,102.81,105.28,96.83,43,48,48,42,,,,,
IHG,91.2,91.2,91.33,102.81,105.28,96.83,43,48,48,42,,,,,
AHH,91.2,91.2,91.33,102.81,105.28,96.83,43,48,48,42,,,,,
KVHI,91.2,91.2,91.33,102.81,105.28,96.83,43,48,48,42,,,,,
YSXT,91.2,91.2,91.33,102.81,105.28,96.83,43,48,48,42,,,,,
GRNT,91.2,91.2,91.33,102.81,105.28,96.83,43,48,48,42,,,,,
BLFS,91.2,91.2,91.33,102.81,105.28,96.83,43,48,48,42,,,,,
BEN,91.2,91.2,91.33,102.81,105.28,96.83,43,48,48,42,,,,,
HST,91.2,91.2,91.33,102.81,105.28,96.83,43,48,48,42,,,,,
JUNS,91.2,91.2,91.33,102.81,105.28,96.83,43,48,48,42,,,,,
ANTE,91.2,91.2,91.33,102.81,105.28,96.83,43,48,48,42,,,,,
FLO,91.2,91.2,91.33,102.81,105.28,96.83,43,48,48,42,,,,,
BCAL,91.2,91.2,91.33,102.81,105.28,96.83,43,48,48,42,,,,,
KRUS,91.2,91.2,91.33,102.81,105.28,96.83,43,48,48,42,,,,,
TNET,91.2,91.2,91.33,102.81,105.28,96.83,43,48,48,42,,,,,
NMP,91.2,91.2,91.33,102.81,105.28,96.83,43,48,48,42,,,,,
WATT,91.2,91.2,91.33,102.81,105.28,96.83,43,48,48,42,,,,,
PPTA,91.2,91.2,91.33,102.81,105.28,96.83,43,48,48,42,,,,,
VICI,91.2,91.2,91.33,102.81,105.28,96.83,43,48,48,42,,,,,
SARO,91.2,91.2,91.33,102.81,105.28,96.83,43,48,48,42,,,,,
PACH,91.2,91.2,91.33,102.81,105.28,96.83,43,48,48,42,,,,,
GAUZ,91.2,91.2,91.33,102.81,105.28,96.83,43,48,48,42,,,,,
OXY,91.2,91.2,91.33,102.81,105.28,96.83,43,48,48,42,,,,,
BHB,91.2,91.2,91.33,102.81,105.28,96.83,43,48,48,42,,,,,
BTU,91.2,91.2,91.33,102.81,105.28,96.83,43,48,48,42,,,,,
ZK,91.2,91.2,91.33,102.81,105.28,96.83,43,48,48,42,,,,,
POST,91.2,91.2,91.33,102.81,105.28,96.83,43,48,48,42,,,,,
ABL,91.2,91.2,91.33,102.81,105.28,96.83,43,48,48,42,,,,,
UCTT,91.2,91.2,91.33,102.81,105.28,96.83,43,48,48,42,,,,,
AVXL,91.2,91.2,91.33,102.81,105.28,96.83,43,48,48,42,,,,,
ELUT,91.2,91.2,91.33,102.81,105.28,96.83,43,48,48,42,,,,,
FGL,91.2,91.2,91.33,102.81,105.28,96.83,43,48,48,42,,,,,
PFG,91.2,91.2,91.33,102.81,105.28,96.83,43,48,48,42,,,,,
ORA,91.2,91.2,91.33,102.81,105.28,96.83,43,48,48,42,,,,,
RELX,91.2,91.2,91.33,102.81,105.28,96.83,43,48,48,42,,,,,
FSP,91.2,91.2,91.33,102.81,105.28,96.83,43,48,48,42,,,,,
SHBI,91.2,91.2,91.33,102.81,105.28,96.83,43,48,48,42,,,,,
CURX,91.2,91.2,91.33,102.81,105.28,96.83,43,48,48,42,,,,,
SCLX,91.2,91.2,91.33,102.81,105.28,96.83,43,48,48,42,,,,,
BTI,91.2,91.2,91.33,102.81,105.28,96.83,43,48,48,42,,,,,
MH,91.2,91.2,91.33,102.81,105.28,96.83,43,48,48,42,,,,,
MDIA,91.2,91.2,91.33,102.81,105.28,96.83,43,48,48,42,,,,,
PEB,91.2,91.2,91.33,102.81,105.28,96.83,43,48,48,42,,,,,
SSKN,91.2,91.2,91.33,102.81,105.28,96.83,43,48,48,42,,,,,
LSBK,91.2,91.2,91.33,102.81,105.28,96.83,43,48,48,42,,,,,
ALE,91.2,91.2,91.33,102.81,105.28,96.83,43,48,48,42,,,,,
TRAK,91.2,91.2,91.33,102.81,105.28,96.83,43,48,48,42,,,,,
FBIZ,91.2,91.2,91.33,102.81,105.28,96.83,43,48,48,42,,,,,
ELV,91.2,91.2,91.33,102.81,105.28,96.83,43,48,48,42,,,,,
SELF,91.2,91.2,91.33,102.81,105.28,96.83,43,48,48,42,,,,,
HCAI,91.2,91.2,91.33,102.81,105.28,96.83,43,48,48,42,,,,,
WDFC,91.2,91.2,91.33,102.81,105.28,96.83,43,48,48,42,,,,,
MFI,91.2,91.2,91.33,102.81,105.28,96.83,43,48,48,42,,,,,
DEI,91.2,91.2,91.33,102.81,105.28,96.83,43,48,48,42,,,,,
LOKVU,91.2,91.2,91.33,102.81,105.28,96.83,43,48,48,42,,,,,
USFD,91.2,91.2,91.33,102.81,105.28,96.83,43,48,48,42,,,,,
OTLY,91.2,91.2,91.33,102.81,105.28,96.83,43,48,48,42,,,,,
SNDR,91.2,91.2,91.33,102.81,105.28,96.83,43,48,48,42,,,,,
KOSS,91.2,91.2,91.33,102.81,105.28,96.83,43,48,48,42,,,,,
REE,91.2,91.2,91.33,102.81,105.28,96.83,43,48,48,42,,,,,
EL,91.2,91.2,91.33,102.81,105.28,96.83,43,48,48,42,,,,,
AWX,91.2,91.2,91.33,102.81,105.28,96.83,43,48,48,42,,,,,
MKTW,91.2,91.2,91.33,102.81,105.28,96.83,43,48,48,42,,,,,
APA,91.2,91.2,91.33,102.81,105.28,96.83,43,48,48,42,,,,,
ESNT,91.2,91.2,91.33,102.81,105.28,96.83,43,48,48,42,,,,,
MYE,91.2,91.2,91.33,102.81,105.28,96.83,43,48,48,42,,,,,
NERV,91.2,91.2,91.33,102.81,105.28,96.83,43,48,48,42,,,,,
PFIS,91.2,91.2,91.33,102.81,105.28,96.83,43,48,48,42,,,,,
AMGN,91.2,91.2,91.33,102.81,105.28,96.83,43,48,48,42,,,,,
FHB,91.2,91.2,91.33,102.81,105.28,96.83,43,48,48,42,,,,,
BIP,91.2,91.2,91.33,102.81,105.28,96.83,43,48,48,42,,,,,
NUVL,91.2,91.2,91.33,102.81,105.28,96.83,43,48,48,42,,,,,
IBTA,91.2,91.2,91.33,102.81,105.28,96.83,43,48,48,42,,,,,
S,91.2,91.2,91.33,102.81,105.28,96.83,43,48,48,42,,,,,
STEP,91.2,91.2,91.33,102.81,105.28,96.83,43,48,48,42,,,,,
KOF,91.2,91.2,91.33,102.81,105.28,96.83,43,48,48,42,,,,,
STRO,91.2,91.2,91.33,102.81,105.28,96.83,43,48,48,42,,,,,
YETI,91.2,91.2,91.33,102.81,105.28,96.83,43,48,48,42,,,,,
AM,91.2,91.2,91.33,102.81,105.28,96.83,43,48,48,42,,,,,
FBGL,91.2,91.2,91.33,102.81,105.28,96.83,43,48,48,42,,,,,
DRI,91.2,91.2,91.33,102.81,105.28,96.83,43,48,48,42,,,,,
AZTA,91.2,91.2,91.33,102.81,105.28,96.83,43,48,48,42,,,,,
AKAM,91.2,91.2,91.33,102.81,105.28,96.83,43,48,48,42,,,,,
MXC,91.2,91.2,91.33,102.81,105.28,96.83,43,48,48,42,,,,,
BKV,91.2,91.2,91.33,102.81,105.28,96.83,43,48,48,42,,,,,
RBB,91.2,91.2,91.33,102.81,105.28,96.83,43,48,48,42,,,,,
OVLY,91.2,91.2,91.33,102.81,105.28,96.83,43,48,48,42,,,,,
EPAC,91.2,91.2,91.33,102.81,105.28,96.83,43,48,48,42,,,,,
VMD,91.2,91.2,91.33,102.81,105.28,96.83,43,48,48,42,,,,,
BKU,91.2,91.2,91.33,102.81,105.28,96.83,43,48,48,42,,,,,
TW,91.2,91.2,91.33,102.81,105.28,96.83,43,48,48,42,,,,,
TLSA,91.2,91.2,91.33,102.81,105.28,96.83,43,48,48,42,,,,,
UPB,91.2,91.2,91.33,102.81,105.28,96.83,43,48,48,42,,,,,
SPWH,91.2,91.2,91.33,102.81,105.28,96.83,43,48,48,42,,,,,
ZYXI,91.2,91.2,91.33,102.81,105.28,96.83,43,48,48,42,,,,,
AOMR,91.2,91.2,91.33,102.81,105.28,96.83,43,48,48,42,,,,,
TAC,91.2,91.2,91.33,102.81,105.28,96.83,43,48,48,42,,,,,
DDC,91.2,91.2,91.33,102.81,105.28,96.83,43,48,48,42,,,,,
PKX,91.2,91.2,91.33,102.81,105.28,96.83,43,48,48,42,,,,,
EVCM,91.2,91.2,91.33,102.81,105.28,96.83,43,48,48,42,,,,,
AGCO,91.2,91.2,91.33,102.81,105.28,96.83,43,48,48,42,,,,,
KHC,91.2,91.2,91.33,102.81,105.28,96.83,43,48,48,42,,,,,
PJT,91.2,91.2,91.33,102.81,105.28,96.83,43,48,48,42,,,,,
AZTR,91.2,91.2,91.33,102.81,105.28,96.83,43,48,48,42,,,,,
AMRN,91.2,91.2,91.33,102.81,105.28,96.83,43,48,48,42,,,,,
MTEN,91.2,91.2,91.33,102.81,105.28,96.83,43,48,48,42,,,,,
CXAI,91.2,91.2,91.33,102.81,105.28,96.83,43,48,48,42,,,,,
CGAU,91.2,91.2,91.33,102.81,105.28,96.83,43,48,48,42,,,,,
FIEE,91.2,91.2,91.33,102.81,105.28,96.83,43,48,48,42,,,,,
MEI,91.2,91.2,91.33,102.81,105.28,96.83,43,48,48,42,,,,,
T,91.2,91.2,91.33,102.81,105.28,96.83,43,48,48,42,,,,,
DYCQ,91.2,91.2,91.33,102.81,105.28,96.83,43,48,48,42,,,,,
CRNC,91.2,91.2,91.33,102.81,105.28,96.83,43,48,48,42,,,,,
FNLC,91.2,91.2,91.33,102.81,105.28,96.83,43,48,48,42,,,,,
RGCO,91.2,91.2,91.33,102.81,105.28,96.83,43,48,48,42,,,,,
SLRC,91.2,91.2,91.33,102.81,105.28,96.83,43,48,48,42,,,,,
VTAK,91.2,91.2,91.33,102.81,105.28,96.83,43,48,48,42,,,,,
RS,91.2,91.2,91.33,102.81,105.28,96.83,43,48,48,42,,,,,
TOVX,91.2,91.2,91.33,102.81,105.28,96.83,43,48,48,42,,,,,
PLX,91.2,91.2,91.33,102.81,105.28,96.83,43,48,48,42,,,,,
GDEV,91.2,91.2,91.33,102.81,105.28,96.83,43,48,48,42,,,,,
SLN,91.2,91.2,91.33,102.81,105.28,96.83,43,48,48,42,,,,,
BHF,91.2,91.2,91.33,102.81,105.28,96.83,43,48,48,42,,,,,
MSGE,91.2,91.2,91.33,102.81,105.28,96.83,43,48,48,42,,,,,
AIM,91.2,91.2,91.33,102.81,105.28,96.83,43,48,48,42,,,,,
VLRS,91.2,91.2,91.33,102.81,105.28,96.83,43,48,48,42,,,,,
STAK,91.2,91.2,91.33,102.81,105.28,96.83,43,48,48,42,,,,,
NNBR,91.2,91.2,91.33,102.81,105.28,96.83,43,48,48,42,,,,,
NPCE,91.2,91.2,91.33,102.81,105.28,96.83,43,48,48,42,,,,,
JACS,91.2,91.2,91.33,102.81,105.28,96.83,43,48,48,42,,,,,
PDSB,91.2,91.2,91.33,102.81,105.28,96.83,43,48,48,42,,,,,
DBRG,91.2,91.2,91.33,102.81,105.28,96.83,43,48,48,42,,,,,
GTM,91.2,91.2,91.33,102.81,105.28,96.83,43,48,48,42,,,,,
RAPP,91.2,91.2,91.33,102.81,105.28,96.83,43,48,48,42,,,,,
CERT,91.2,91.2,91.33,102.81,105.28,96.83,43,48,48,42,,,,,
OTF,91.2,91.2,91.33,102.81,105.28,96.83,43,48,48,42,,,,,
CPK,91.2,91.2,91.33,102.81,105.28,96.83,43,48,48,42,,,,,
ALNT,91.2,91.2,91.33,102.81,105.28,96.83,43,48,48,42,,,,,
LHAI,91.2,91.2,91.33,102.81,105.28,96.83,43,48,48,42,,,,,
MREO,91.2,91.2,91.33,102.81,105.28,96.83,43,48,48,42,,,,,
WILC,91.2,91.2,91.33,102.81,105.28,96.83,43,48,48,42,,,,,
CSGP,91.2,91.2,91.33,102.81,105.28,96.83,43,48,48,42,,,,,
NFE,91.2,91.2,91.33,102.81,105.28,96.83,43,48,48,42,,,,,
ASML,91.2,91.2,91.33,102.81,105.28,96.83,43,48,48,42,,,,,
SXC,91.2,91.2,91.33,102.81,105.28,96.83,43,48,48,42,,,,,
SKWD,91.2,91.2,91.33,102.81,105.28,96.83,43,48,48,42,,,,,
FOR,91.2,91.2,91.33,102.81,105.28,96.83,43,48,48,42,,,,,
SF,91.2,91.2,91.33,102.81,105.28,96.83,43,48,48,42,,,,,
TIRX,91.2,91.2,91.33,102.81,105.28,96.83,43,48,48,42,,,,,
JOYY,91.2,91.2,91.33,102.81,105.28,96.83,43,48,48,42,,,,,
CVLG,91.2,91.2,91.33,102.81,105.28,96.83,43,48,48,42,,,,,
SSL,91.2,91.2,91.33,102.81,105.28,96.83,43,48,48,42,,,,,
NCNO,91.2,91.2,91.33,102.81,105.28,96.83,43,48,48,42,,,,,
RGC,91.2,91.2,91.33,102.81,105.28,96.83,43,48,48,42,,,,,
IBCP,91.2,91.2,91.33,102.81,105.28,96.83,43,48,48,42,,,,,
NEUP,91.2,91.2,91.33,102.81,105.28,96.83,43,48,48,42,,,,,
RH,91.2,91.2,91.33,102.81,105.28,96.83,43,48,48,42,,,,,
WRD,91.2,91.2,91.33,102.81,105.28,96.83,43,48,48,42,,,,,
CDP,91.2,91.2,91.33,102.81,105.28,96.83,43,48,48,42,,,,,
DXLG,91.2,91.2,91.33,102.81,105.28,96.83,43,48,48,42,,,,,
GNLN,91.2,91.2,91.33,102.81,105.28,96.83,43,48,48,42,,,,,
OR,91.2,91.2,91.33,102.81,105.28,96.83,43,48,48,42,,,,,
AKR,91.2,91.2,91.33,102.81,105.28,96.83,43,48,48,42,,,,,
PMNT,91.2,91.2,91.33,102.81,105.28,96.83,43,48,48,42,,,,,
BEAT,91.2,91.2,91.33,102.81,105.28,96.83,43,48,48,42,,,,,
CYD,91.2,91.2,91.33,102.81,105.28,96.83,43,48,48,42,,,,,
OSW,91.2,91.2,91.33,102.81,105.28,96.83,43,48,48,42,,,,,
SG,91.2,91.2,91.33,102.81,105.28,96.83,43,48,48,42,,,,,
WTG,91.2,91.2,91.33,102.81,105.28,96.83,43,48,48,42,,,,,
SMLR,91.2,91.2,91.33,102.81,105.28,96.83,43,48,48,42,,,,,
TPST,91.2,91.2,91.33,102.81,105.28,96.83,43,48,48,42,,,,,
TMP,91.2,91.2,91.33,102.81,105.28,96.83,43,48,48,42,,,,,
TME,91.2,91.2,91.33,102.81,105.28,96.83,43,48,48,42,,,,,
MLAC,91.2,91.2,91.33,102.81,105.28,96.83,43,48,48,42,,,,,
APPF,91.2,91.2,91.33,102.81,105.28,96.83,43,48,48,42,,,,,
HNGE,91.2,91.2,91.33,102.81,105.28,96.83,43,48,48,42,,,,,
LNSR,91.2,91.2,91.33,102.81,105.28,96.83,43,48,48,42,,,,,
VRNS,91.2,91.2,91.33,102.81,105.28,96.83,43,48,48,42,,,,,
XPOF,91.2,91.2,91.33,102.81,105.28,96.83,43,48,48,42,,,,,
INSP,91.2,91.2,91.33,102.81,105.28,96.83,43,48,48,42,,,,,
JBTM,91.2,91.2,91.33,102.81,105.28,96.83,43,48,48,42,,,,,
OPXS,91.2,91.2,91.33,102.81,105.28,96.83,43,48,48,42,,,,,
ASIX,91.2,91.2,91.33,102.81,105.28,96.83,43,48,48,42,,,,,
DCO,91.2,91.2,91.33,102.81,105.28,96.83,43,48,48,42,,,,,
CCL,91.2,91.2,91.33,102.81,105.28,96.83,43,48,48,42,,,,,
EMPG,91.2,91.2,91.33,102.81,105.28,96.83,43,48,48,42,,,,,
ANPA,91.2,91.2,91.33,102.81,105.28,96.83,43,48,48,42,,,,,
LQDT,91.2,91.2,91.33,102.81,105.28,96.83,43,48,48,42,,,,,
ODV,91.2,91.2,91.33,102.81,105.28,96.83,43,48,48,42,,,,,
BQ,91.2,91.2,91.33,102.81,105.28,96.83,43,48,48,42,,,,,
BWB,91.2,91.2,91.33,102.81,105.28,96.83,43,48,48,42,,,,,
IAS,91.2,91.2,91.33,102.81,105.28,96.83,43,48,48,42,,,,,
HAYW,91.2,91.2,91.33,102.81,105.28,96.83,43,48,48,42,,,,,
YHNA,91.2,91.2,91.33,102.81,105.28,96.83,43,48,48,42,,,,,
WHF,91.2,91.2,91.33,102.81,105.28,96.83,43,48,48,42,,,,,
LSF,91.2,91.2,91.33,102.81,105.28,96.83,43,48,48,42,,,,,
NTAP,91.2,91.2,91.33,102.81,105.28,96.83,43,48,48,42,,,,,
NSYS,91.2,91.2,91.33,102.81,105.28,96.83,43,48,48,42,,,,,
BMRA,91.2,91.2,91.33,102.81,105.28,96.83,43,48,48,42,,,,,
NEWP,91.2,91.2,91.33,102.81,105.28,96.83,43,48,48,42,,,,,
APG,91.2,91.2,91.33,102.81,105.28,96.83,43,48,48,42,,,,,
CCS,91.2,91.2,91.33,102.81,105.28,96.83,43,48,48,42,,,,,
AN,91.2,91.2,91.33,102.81,105.28,96.83,43,48,48,42,,,,,
SXTC,91.2,91.2,91.33,102.81,105.28,96.83,43,48,48,42,,,,,
ANIK,91.2,91.2,91.33,102.81,105.28,96.83,43,48,48,42,,,,,
TRIP,91.2,91.2,91.33,102.81,105.28,96.83,43,48,48,42,,,,,
YALA,91.2,91.2,91.33,102.81,105.28,96.83,43,48,48,42,,,,,
SWVL,91.2,91.2,91.33,102.81,105.28,96.83,43,48,48,42,,,,,
WYFI,91.2,91.2,91.33,102.81,105.28,96.83,43,48,48,42,,,,,
BEPC,91.2,91.2,91.33,102.81,105.28,96.83,43,48,48,42,,,,,
AGI,91.2,91.2,91.33,102.81,105.28,96.83,43,48,48,42,,,,,
MUFG,91.2,91.2,91.33,102.81,105.28,96.83,43,48,48,42,,,,,
CXW,91.2,91.2,91.33,102.81,105.28,96.83,43,48,48,42,,,,,
NSIT,91.2,91.2,91.33,102.81,105.28,96.83,43,48,48,42,,,,,
CEPO,91.2,91.2,91.33,102.81,105.28,96.83,43,48,48,42,,,,,
INTC,91.2,91.2,91.33,102.81,105.28,96.83,43,48,48,42,,,,,
INACU,91.2,91.2,91.33,102.81,105.28,96.83,43,48,48,42,,,,,
LE,91.2,91.2,91.33,102.81,105.28,96.83,43,48,48,42,,,,,
IHRT,91.2,91.2,91.33,102.81,105.28,96.83,43,48,48,42,,,,,
BLBD,91.2,91.2,91.33,102.81,105.28,96.83,43,48,48,42,,,,,
MTCH,91.2,91.2,91.33,102.81,105.28,96.83,43,48,48,42,,,,,
VAC,91.2,91.2,91.33,102.81,105.28,96.83,43,48,48,42,,,,,
VTEX,91.2,91.2,91.33,102.81,105.28,96.83,43,48,48,42,,,,,
NTES,91.2,91.2,91.33,102.81,105.28,96.83,43,48,48,42,,,,,
UNP,91.2,91.2,91.33,102.81,105.28,96.83,43,48,48,42,,,,,
RCKT,91.2,91.2,91.33,102.81,105.28,96.83,43,48,48,42,,,,,
AFCG,91.2,91.2,91.33,102.81,105.28,96.83,43,48,48,42,,,,,
AMTM,91.2,91.2,91.33,102.81,105.28,96.83,43,48,48,42,,,,,
OIS,91.2,91.2,91.33,102.81,105.28,96.83,43,48,48,42,,,,,
KURA,91.2,91.2,91.33,102.81,105.28,96.83,43,48,48,42,,,,,
COF,91.2,91.2,91.33,102.81,105.28,96.83,43,48,48,42,,,,,
FOA,91.2,91.2,91.33,102.81,105.28,96.83,43,48,48,42,,,,,
BHFAM,91.2,91.2,91.33,102.81,105.28,96.83,43,48,48,42,,,,,
NLY,91.2,91.2,91.33,102.81,105.28,96.83,43,48,48,42,,,,,
FULTP,91.2,91.2,91.33,102.81,105.28,96.83,43,48,48,42,,,,,
RAAQ,91.2,91.2,91.33,102.81,105.28,96.83,43,48,48,42,,,,,
RSG,91.2,91.2,91.33,102.81,105.28,96.83,43,48,48,42,,,,,
TFII,91.2,91.2,91.33,102.81,105.28,96.83,43,48,48,42,,,,,
GEF,91.2,91.2,91.33,102.81,105.28,96.83,43,48,48,42,,,,,
FISI,91.2,91.2,91.33,102.81,105.28,96.83,43,48,48,42,,,,,
VMC,91.2,91.2,91.33,102.81,105.28,96.83,43,48,48,42,,,,,
MAYAU,91.2,91.2,91.33,102.81,105.28,96.83,43,48,48,42,,,,,
CETX,91.2,91.2,91.33,102.81,105.28,96.83,43,48,48,42,,,,,
SAR,91.2,91.2,91.33,102.81,105.28,96.83,43,48,48,42,,,,,
BY,91.2,91.2,91.33,102.81,105.28,96.83,43,48,48,42,,,,,
MKLYU,91.2,91.2,91.33,102.81,105.28,96.83,43,48,48,42,,,,,
BRIA,91.2,91.2,91.33,102.81,105.28,96.83,43,48,48,42,,,,,
TBN,91.2,91.2,91.33,102.81,105.28,96.83,43,48,48,42,,,,,
ULTA,91.2,91.2,91.33,102.81,105.28,96.83,43,48,48,42,,,,,
MGA,91.2,91.2,91.33,102.81,105.28,96.83,43,48,48,42,,,,,
PRAA,91.2,91.2,91.33,102.81,105.28,96.83,43,48,48,42,,,,,
PRDO,91.2,91.2,91.33,102.81,105.28,96.83,43,48,48,42,,,,,
MIGI,91.2,91.2,91.33,102.81,105.28,96.83,43,48,48,42,,,,,
BIIB,91.2,91.2,91.33,102.81,105.28,96.83,43,48,48,42,,,,,
NTNX,91.2,91.2,91.33,102.81,105.28,96.83,43,48,48,42,,,,,
KFY,91.2,91.2,91.33,102.81,105.28,96.83,43,48,48,42,,,,,
BTCM,91.2,91.2,91.33,102.81,105.28,96.83,43,48,48,42,,,,,
MASI,91.2,91.2,91.33,102.81,105.28,96.83,43,48,48,42,,,,,
KDP,91.2,91.2,91.33,102.81,105.28,96.83,43,48,48,42,,,,,
ROL,91.2,91.2,91.33,102.81,105.28,96.83,43,48,48,42,,,,,
PMTRU,91.2,91.2,91.33,102.81,105.28,96.83,43,48,48,42,,,,,
GFAI,91.2,91.2,91.33,102.81,105.28,96.83,43,48,48,42,,,,,
YDES,91.2,91.2,91.33,102.81,105.28,96.83,43,48,48,42,,,,,
MODG,91.2,91.2,91.33,102.81,105.28,96.83,43,48,48,42,,,,,
FORLU,91.2,91.2,91.33,102.81,105.28,96.83,43,48,48,42,,,,,
GTEN,91.2,91.2,91.33,102.81,105.28,96.83,43,48,48,42,,,,,
SGA,91.2,91.2,91.33,102.81,105.28,96.83,43,48,48,42,,,,,
LNTH,91.2,91.2,91.33,102.81,105.28,96.83,43,48,48,42,,,,,
BOWNU,91.2,91.2,91.33,102.81,105.28,96.83,43,48,48,42,,,,,
GTI,91.2,91.2,91.33,102.81,105.28,96.83,43,48,48,42,,,,,
PCG,91.2,91.2,91.33,102.81,105.28,96.83,43,48,48,42,,,,,
MLR,91.2,91.2,91.33,102.81,105.28,96.83,43,48,48,42,,,,,
IRON,91.2,91.2,91.33,102.81,105.28,96.83,43,48,48,42,,,,,
UAN,91.2,91.2,91.33,102.81,105.28,96.83,43,48,48,42,,,,,
SKYH,91.2,91.2,91.33,102.81,105.28,96.83,43,48,48,42,,,,,
COOK,91.2,91.2,91.33,102.81,105.28,96.83,43,48,48,42,,,,,
SPFI,91.2,91.2,91.33,102.81,105.28,96.83,43,48,48,42,,,,,
SPMC,91.2,91.2,91.33,102.81,105.28,96.83,43,48,48,42,,,,,
HSIC,91.2,91.2,91.33,102.81,105.28,96.83,43,48,48,42,,,,,
ANF,91.2,91.2,91.33,102.81,105.28,96.83,43,48,48,42,,,,,
LGHL,91.2,91.2,91.33,102.81,105.28,96.83,43,48,48,42,,,,,
CAPN,91.2,91.2,91.33,102.81,105.28,96.83,43,48,48,42,,,,,
LGIH,91.2,91.2,91.33,102.81,105.28,96.83,43,48,48,42,,,,,
SD,91.2,91.2,91.33,102.81,105.28,96.83,43,48,48,42,,,,,
FTFT,91.2,91.2,91.33,102.81,105.28,96.83,43,48,48,42,,,,,
PRK,91.2,91.2,91.33,102.81,105.28,96.83,43,48,48,42,,,,,
ENB,91.2,91.2,91.33,102.81,105.28,96.83,43,48,48,42,,,,,
FAF,91.2,91.2,91.33,102.81,105.28,96.83,43,48,48,42,,,,,
SOBO,91.2,91.2,91.33,102.81,105.28,96.83,43,48,48,42,,,,,
CLWT,91.2,91.2,91.33,102.81,105.28,96.83,43,48,48,42,,,,,
TYGO,91.2,91.2,91.33,102.81,105.28,96.83,43,48,48,42,,,,,
WH,91.2,91.2,91.33,102.81,105.28,96.83,43,48,48,42,,,,,
LYEL,91.2,91.2,91.33,102.81,105.28,96.83,43,48,48,42,,,,,
HIPO,91.2,91.2,91.33,102.81,105.28,96.83,43,48,48,42,,,,,
NYC,91.2,91.2,91.33,102.81,105.28,96.83,43,48,48,42,,,,,
MODD,91.2,91.2,91.33,102.81,105.28,96.83,43,48,48,42,,,,,
PTCT,91.2,91.2,91.33,102.81,105.28,96.83,43,48,48,42,,,,,
TEN,91.2,91.2,91.33,102.81,105.28,96.83,43,48,48,42,,,,,
NOK,91.2,91.2,91.33,102.81,105.28,96.83,43,48,48,42,,,,,
CEG,91.2,91.2,91.33,102.81,105.28,96.83,43,48,48,42,,,,,
SEDG,91.2,91.2,91.33,102.81,105.28,96.83,43,48,48,42,,,,,
KNOP,91.2,91.2,91.33,102.81,105.28,96.83,43,48,48,42,,,,,
BHP,91.2,91.2,91.33,102.81,105.28,96.83,43,48,48,42,,,,,
FMFC,91.2,91.2,91.33,102.81,105.28,96.83,43,48,48,42,,,,,
KFRC,91.2,91.2,91.33,102.81,105.28,96.83,43,48,48,42,,,,,
HEI,91.2,91.2,91.33,102.81,105.28,96.83,43,48,48,42,,,,,
APRE,91.2,91.2,91.33,102.81,105.28,96.83,43,48,48,42,,,,,
OCSL,91.2,91.2,91.33,102.81,105.28,96.83,43,48,48,42,,,,,
SOTK,91.2,91.2,91.33,102.81,105.28,96.83,43,48,48,42,,,,,
INVZ,91.2,91.2,91.33,102.81,105.28,96.83,43,48,48,42,,,,,
OCFT,91.2,91.2,91.33,102.81,105.28,96.83,43,48,48,42,,,,,
HON,91.2,91.2,91.33,102.81,105.28,96.83,43,48,48,42,,,,,
LXEH,91.2,91.2,91.33,102.81,105.28,96.83,43,48,48,42,,,,,
KOD,91.2,91.2,91.33,102.81,105.28,96.83,43,48,48,42,,,,,
IVDA,91.2,91.2,91.33,102.81,105.28,96.83,43,48,48,42,,,,,
UGI,91.2,91.2,91.33,102.81,105.28,96.83,43,48,48,42,,,,,
PLD,91.2,91.2,91.33,102.81,105.28,96.83,43,48,48,42,,,,,
BCH,91.2,91.2,91.33,102.81,105.28,96.83,43,48,48,42,,,,,
XAGE,91.2,91.2,91.33,102.81,105.28,96.83,43,48,48,42,,,,,
CENTA,91.2,91.2,91.33,102.81,105.28,96.83,43,48,48,42,,,,,
HIMS,91.2,91.2,91.33,102.81,105.28,96.83,43,48,48,42,,,,,
GPK,91.2,91.2,91.33,102.81,105.28,96.83,43,48,48,42,,,,,
OGE,91.2,91.2,91.33,102.81,105.28,96.83,43,48,48,42,,,,,
AHR,91.2,91.2,91.33,102.81,105.28,96.83,43,48,48,42,,,,,
KORE,91.2,91.2,91.33,102.81,105.28,96.83,43,48,48,42,,,,,
CSL,91.2,91.2,91.33,102.81,105.28,96.83,43,48,48,42,,,,,
FRO,91.2,91.2,91.33,102.81,105.28,96.83,43,48,48,42,,,,,
SSSS,91.2,91.2,91.33,102.81,105.28,96.83,43,48,48,42,,,,,
OBK,91.2,91.2,91.33,102.81,105.28,96.83,43,48,48,42,,,,,
ANRO,91.2,91.2,91.33,102.81,105.28,96.83,43,48,48,42,,,,,
MCB,91.2,91.2,91.33,102.81,105.28,96.83,43,48,48,42,,,,,
PEW,91.2,91.2,91.33,102.81,105.28,96.83,43,48,48,42,,,,,
NBBK,91.2,91.2,91.33,102.81,105.28,96.83,43,48,48,42,,,,,
EME,91.2,91.2,91.33,102.81,105.28,96.83,43,48,48,42,,,,,
ABEV,91.2,91.2,91.33,102.81,105.28,96.83,43,48,48,42,,,,,
BEAGU,91.2,91.2,91.33,102.81,105.28,96.83,43,48,48,42,,,,,
CBNA,91.2,91.2,91.33,102.81,105.28,96.83,43,48,48,42,,,,,
TALK,91.2,91.2,91.33,102.81,105.28,96.83,43,48,48,42,,,,,
FRSX,91.2,91.2,91.33,102.81,105.28,96.83,43,48,48,42,,,,,
GLOB,91.2,91.2,91.33,102.81,105.28,96.83,43,48,48,42,,,,,
RVP,91.2,91.2,91.33,102.81,105.28,96.83,43,48,48,42,,,,,
PCVX,91.2,91.2,91.33,102.81,105.28,96.83,43,48,48,42,,,,,
KE,91.2,91.2,91.33,102.81,105.28,96.83,43,48,48,42,,,,,
CAPNU,91.2,91.2,91.33,102.81,105.28,96.83,43,48,48,42,,,,,
CAT,91.2,91.2,91.33,102.81,105.28,96.83,43,48,48,42,,,,,
UBXG,91.2,91.2,91.33,102.81,105.28,96.83,43,48,48,42,,,,,
GLIBK,91.2,91.2,91.33,102.81,105.28,96.83,43,48,48,42,,,,,
MKSI,91.2,91.2,91.33,102.81,105.28,96.83,43,48,48,42,,,,,
LXP,91.2,91.2,91.33,102.81,105.28,96.83,43,48,48,42,,,,,
HG,91.2,91.2,91.33,102.81,105.28,96.83,43,48,48,42,,,,,
NTWK,91.2,91.2,91.33,102.81,105.28,96.83,43,48,48,42,,,,,
CYCN,91.2,91.2,91.33,102.81,105.28,96.83,43,48,48,42,,,,,
IQ,91.2,91.2,91.33,102.81,105.28,96.83,43,48,48,42,,,,,
EVER,91.2,91.2,91.33,102.81,105.28,96.83,43,48,48,42,,,,,
AIV,91.2,91.2,91.33,102.81,105.28,96.83,43,48,48,42,,,,,
MSCI,91.2,91.2,91.33,102.81,105.28,96.83,43,48,48,42,,,,,
METC,91.2,91.2,91.33,102.81,105.28,96.83,43,48,48,42,,,,,
LAW,91.2,91.2,91.33,102.81,105.28,96.83,43,48,48,42,,,,,
NESR,91.2,91.2,91.33,102.81,105.28,96.83,43,48,48,42,,,,,
IPOD,91.2,91.2,91.33,102.81,105.28,96.83,43,48,48,42,,,,,
NVNI,91.2,91.2,91.33,102.81,105.28,96.83,43,48,48,42,,,,,
NTRSO,91.2,91.2,91.33,102.81,105.28,96.83,43,48,48,42,,,,,
ORLA,91.2,91.2,91.33,102.81,105.28,96.83,43,48,48,42,,,,,
TOPP,91.2,91.2,91.33,102.81,105.28,96.83,43,48,48,42,,,,,
KFIIU,91.2,91.2,91.33,102.81,105.28,96.83,43,48,48,42,,,,,
ICE,91.2,91.2,91.33,102.81,105.28,96.83,43,48,48,42,,,,,
JHX,91.2,91.2,91.33,102.81,105.28,96.83,43,48,48,42,,,,,
PRE,91.2,91.2,91.33,102.81,105.28,96.83,43,48,48,42,,,,,
QTRX,91.2,91.2,91.33,102.81,105.28,96.83,43,48,48,42,,,,,
OMEX,91.2,91.2,91.33,102.81,105.28,96.83,43,48,48,42,,,,,
JCAP,91.2,91.2,91.33,102.81,105.28,96.83,43,48,48,42,,,,,
WDC,91.2,91.2,91.33,102.81,105.28,96.83,43,48,48,42,,,,,
FTNT,91.2,91.2,91.33,102.81,105.28,96.83,43,48,48,42,,,,,
AACI,91.2,91.2,91.33,102.81,105.28,96.83,43,48,48,42,,,,,
CELH,91.2,91.2,91.33,102.81,105.28,96.83,43,48,48,42,,,,,
NBR,91.2,91.2,91.33,102.81,105.28,96.83,43,48,48,42,,,,,
GDC,91.2,91.2,91.33,102.81,105.28,96.83,43,48,48,42,,,,,
TZUP,91.2,91.2,91.33,102.81,105.28,96.83,43,48,48,42,,,,,
DDL,91.2,91.2,91.33,102.81,105.28,96.83,43,48,48,42,,,,,
AENT,91.2,91.2,91.33,102.81,105.28,96.83,43,48,48,42,,,,,
SBS,91.2,91.2,91.33,102.81,105.28,96.83,43,48,48,42,,,,,
ZETA,91.2,91.2,91.33,102.81,105.28,96.83,43,48,48,42,,,,,
MMSI,91.2,91.2,91.33,102.81,105.28,96.83,43,48,48,42,,,,,
SNX,91.2,91.2,91.33,102.81,105.28,96.83,43,48,48,42,,,,,
ELSE,91.2,91.2,91.33,102.81,105.28,96.83,43,48,48,42,,,,,
BG,91.2,91.2,91.33,102.81,105.28,96.83,43,48,48,42,,,,,
EBS,91.2,91.2,91.33,102.81,105.28,96.83,43,48,48,42,,,,,
SUPV,91.2,91.2,91.33,102.81,105.28,96.83,43,48,48,42,,,,,
CTRE,91.2,91.2,91.33,102.81,105.28,96.83,43,48,48,42,,,,,
IRBT,91.2,91.2,91.33,102.81,105.28,96.83,43,48,48,42,,,,,
BMA,91.2,91.2,91.33,102.81,105.28,96.83,43,48,48,42,,,,,
CCJ,91.2,91.2,91.33,102.81,105.28,96.83,43,48,48,42,,,,,
SNCR,91.2,91.2,91.33,102.81,105.28,96.83,43,48,48,42,,,,,
OMDA,91.2,91.2,91.33,102.81,105.28,96.83,43,48,48,42,,,,,
XOMA,91.2,91.2,91.33,102.81,105.28,96.83,43,48,48,42,,,,,
NIQ,91.2,91.2,91.33,102.81,105.28,96.83,43,48,48,42,,,,,
MSGY,91.2,91.2,91.33,102.81,105.28,96.83,43,48,48,42,,,,,
ENLV,91.2,91.2,91.33,102.81,105.28,96.83,43,48,48,42,,,,,
TEVA,91.2,91.2,91.33,102.81,105.28,96.83,43,48,48,42,,,,,
VNOM,91.2,91.2,91.33,102.81,105.28,96.83,43,48,48,42,,,,,
GPMT,91.2,91.2,91.33,102.81,105.28,96.83,43,48,48,42,,,,,
REX,91.2,91.2,91.33,102.81,105.28,96.83,43,48,48,42,,,,,
VRE,91.2,91.2,91.33,102.81,105.28,96.83,43,48,48,42,,,,,
LZB,91.2,91.2,91.33,102.81,105.28,96.83,43,48,48,42,,,,,
FANG,91.2,91.2,91.33,102.81,105.28,96.83,43,48,48,42,,,,,
DHT,91.2,91.2,91.33,102.81,105.28,96.83,43,48,48,42,,,,,
SMID,91.2,91.2,91.33,102.81,105.28,96.83,43,48,48,42,,,,,
NVVE,91.2,91.2,91.33,102.81,105.28,96.83,43,48,48,42,,,,,
BLK,91.2,91.2,91.33,102.81,105.28,96.83,43,48,48,42,,,,,
NVAX,91.2,91.2,91.33,102.81,105.28,96.83,43,48,48,42,,,,,
OSIS,91.2,91.2,91.33,102.81,105.28,96.83,43,48,48,42,,,,,
LVWR,91.2,91.2,91.33,102.81,105.28,96.83,43,48,48,42,,,,,
TILE,91.2,91.2,91.33,102.81,105.28,96.83,43,48,48,42,,,,,
GXO,91.2,91.2,91.33,102.81,105.28,96.83,43,48,48,42,,,,,
TSCO,91.2,91.2,91.33,102.81,105.28,96.83,43,48,48,42,,,,,
RCUS,91.2,91.2,91.33,102.81,105.28,96.83,43,48,48,42,,,,,
CHRS,91.2,91.2,91.33,102.81,105.28,96.83,43,48,48,42,,,,,
PSX,91.2,91.2,91.33,102.81,105.28,96.83,43,48,48,42,,,,,
RDHL,91.2,91.2,91.33,102.81,105.28,96.83,43,48,48,42,,,,,
ACON,91.2,91.2,91.33,102.81,105.28,96.83,43,48,48,42,,,,,
QSG,91.2,91.2,91.33,102.81,105.28,96.83,43,48,48,42,,,,,
RIO,91.2,91.2,91.33,102.81,105.28,96.83,43,48,48,42,,,,,
NYAX,91.2,91.2,91.33,102.81,105.28,96.83,43,48,48,42,,,,,
TLX,91.2,91.2,91.33,102.81,105.28,96.83,43,48,48,42,,,,,
NWSA,91.2,91.2,91.33,102.81,105.28,96.83,43,48,48,42,,,,,
TLSI,91.2,91.2,91.33,102.81,105.28,96.83,43,48,48,42,,,,,
LPTX,91.2,91.2,91.33,102.81,105.28,96.83,43,48,48,42,,,,,
DLO,91.2,91.2,91.33,102.81,105.28,96.83,43,48,48,42,,,,,
DOUG,91.2,91.2,91.33,102.81,105.28,96.83,43,48,48,42,,,,,
PPSI,91.2,91.2,91.33,102.81,105.28,96.83,43,48,48,42,,,,,
PCB,91.2,91.2,91.33,102.81,105.28,96.83,43,48,48,42,,,,,
SION,91.2,91.2,91.33,102.81,105.28,96.83,43,48,48,42,,,,,
LMB,91.2,91.2,91.33,102.81,105.28,96.83,43,48,48,42,,,,,
ADNT,91.2,91.2,91.33,102.81,105.28,96.83,43,48,48,42,,,,,
ROLR,91.2,91.2,91.33,102.81,105.28,96.83,43,48,48,42,,,,,
VFC,91.2,91.2,91.33,102.81,105.28,96.83,43,48,48,42,,,,,
OPAD,91.2,91.2,91.33,102.81,105.28,96.83,43,48,48,42,,,,,
SONY,91.2,91.2,91.33,102.81,105.28,96.83,43,48,48,42,,,,,
SAIL,91.2,91.2,91.33,102.81,105.28,96.83,43,48,48,42,,,,,
MBAVU,91.2,91.2,91.33,102.81,105.28,96.83,43,48,48,42,,,,,
AAME,91.2,91.2,91.33,102.81,105.28,96.83,43,48,48,42,,,,,
HIG,91.2,91.2,91.33,102.81,105.28,96.83,43,48,48,42,,,,,
EWTX,91.2,91.2,91.33,102.81,105.28,96.83,43,48,48,42,,,,,
CHMI,91.2,91.2,91.33,102.81,105.28,96.83,43,48,48,42,,,,,
TGE,91.2,91.2,91.33,102.81,105.28,96.83,43,48,48,42,,,,,
VLO,91.2,91.2,91.33,102.81,105.28,96.83,43,48,48,42,,,,,
BDTX,91.2,91.2,91.33,102.81,105.28,96.83,43,48,48,42,,,,,
IOTR,91.2,91.2,91.33,102.81,105.28,96.83,43,48,48,42,,,,,
BBBY,91.2,91.2,91.33,102.81,105.28,96.83,43,48,48,42,,,,,
EQNR,91.2,91.2,91.33,102.81,105.28,96.83,43,48,48,42,,,,,
LZ,91.2,91.2,91.33,102.81,105.28,96.83,43,48,48,42,,,,,
SOPH,91.2,91.2,91.33,102.81,105.28,96.83,43,48,48,42,,,,,
BLNK,91.2,91.2,91.33,102.81,105.28,96.83,43,48,48,42,,,,,
LI,91.2,91.2,91.33,102.81,105.28,96.83,43,48,48,42,,,,,
MFIN,91.2,91.2,91.33,102.81,105.28,96.83,43,48,48,42,,,,,
NVFY,91.2,91.2,91.33,102.81,105.28,96.83,43,48,48,42,,,,,
KPTI,91.2,91.2,91.33,102.81,105.28,96.83,43,48,48,42,,,,,
FL,91.2,91.2,91.33,102.81,105.28,96.83,43,48,48,42,,,,,
SRXH,91.2,91.2,91.33,102.81,105.28,96.83,43,48,48,42,,,,,
SSD,91.2,91.2,91.33,102.81,105.28,96.83,43,48,48,42,,,,,
SLNH,91.2,91.2,91.33,102.81,105.28,96.83,43,48,48,42,,,,,
ARX,91.2,91.2,91.33,102.81,105.28,96.83,43,48,48,42,,,,,
ZCMD,91.2,91.2,91.33,102.81,105.28,96.83,43,48,48,42,,,,,
DKI,91.2,91.2,91.33,102.81,105.28,96.83,43,48,48,42,,,,,
CLIK,91.2,91.2,91.33,102.81,105.28,96.83,43,48,48,42,,,,,
DNUT,91.2,91.2,91.33,102.81,105.28,96.83,43,48,48,42,,,,,
NI,91.2,91.2,91.33,102.81,105.28,96.83,43,48,48,42,,,,,
BRX,91.2,91.2,91.33,102.81,105.28,96.83,43,48,48,42,,,,,
DEO,91.2,91.2,91.33,102.81,105.28,96.83,43,48,48,42,,,,,
GAMB,91.2,91.2,91.33,102.81,105.28,96.83,43,48,48,42,,,,,
WLDS,91.2,91.2,91.33,102.81,105.28,96.83,43,48,48,42,,,,,
OTEX,91.2,91.2,91.33,102.81,105.28,96.83,43,48,48,42,,,,,
TEF,91.2,91.2,91.33,102.81,105.28,96.83,43,48,48,42,,,,,
BUUU,91.2,91.2,91.33,102.81,105.28,96.83,43,48,48,42,,,,,
HTO,91.2,91.2,91.33,102.81,105.28,96.83,43,48,48,42,,,,,
AAP,91.2,91.2,91.33,102.81,105.28,96.83,43,48,48,42,,,,,
IMA,91.2,91.2,91.33,102.81,105.28,96.83,43,48,48,42,,,,,
ATKR,91.2,91.2,91.33,102.81,105.28,96.83,43,48,48,42,,,,,
EGHA,91.2,91.2,91.33,102.81,105.28,96.83,43,48,48,42,,,,,
CSWC,91.2,91.2,91.33,102.81,105.28,96.83,43,48,48,42,,,,,
BCE,91.2,91.2,91.33,102.81,105.28,96.83,43,48,48,42,,,,,
SKX,91.2,91.2,91.33,102.81,105.28,96.83,43,48,48,42,,,,,
MBX,91.2,91.2,91.33,102.81,105.28,96.83,43,48,48,42,,,,,
WPRT,91.2,91.2,91.33,102.81,105.28,96.83,43,48,48,42,,,,,
ACOG,91.2,91.2,91.33,102.81,105.28,96.83,43,48,48,42,,,,,
CRI,91.2,91.2,91.33,102.81,105.28,96.83,43,48,48,42,,,,,
HOLO,91.2,91.2,91.33,102.81,105.28,96.83,43,48,48,42,,,,,
CW,91.2,91.2,91.33,102.81,105.28,96.83,43,48,48,42,,,,,
BXMT,91.2,91.2,91.33,102.81,105.28,96.83,43,48,48,42,,,,,
ENGN,91.2,91.2,91.33,102.81,105.28,96.83,43,48,48,42,,,,,
CNK,91.2,91.2,91.33,102.81,105.28,96.83,43,48,48,42,,,,,
HRL,91.2,91.2,91.33,102.81,105.28,96.83,43,48,48,42,,,,,
CSAN,91.2,91.2,91.33,102.81,105.28,96.83,43,48,48,42,,,,,
ITT,91.2,91.2,91.33,102.81,105.28,96.83,43,48,48,42,,,,,
CMBT,91.2,91.2,91.33,102.81,105.28,96.83,43,48,48,42,,,,,
HLNE,91.2,91.2,91.33,102.81,105.28,96.83,43,48,48,42,,,,,
FURY,91.2,91.2,91.33,102.81,105.28,96.83,43,48,48,42,,,,,
HELE,91.2,91.2,91.33,102.81,105.28,96.83,43,48,48,42,,,,,
LUMN,91.2,91.2,91.33,102.81,105.28,96.83,43,48,48,42,,,,,
KKR,91.2,91.2,91.33,102.81,105.28,96.83,43,48,48,42,,,,,
GSRTU,91.2,91.2,91.33,102.81,105.28,96.83,43,48,48,42,,,,,
OBLG,91.2,91.2,91.33,102.81,105.28,96.83,43,48,48,42,,,,,
KMT,91.2,91.2,91.33,102.81,105.28,96.83,43,48,48,42,,,,,
ILPT,91.2,91.2,91.33,102.81,105.28,96.83,43,48,48,42,,,,,
RANGU,91.2,91.2,91.33,102.81,105.28,96.83,43,48,48,42,,,,,
CCOI,91.2,91.2,91.33,102.81,105.28,96.83,43,48,48,42,,,,,
SABR,91.2,91.2,91.33,102.81,105.28,96.83,43,48,48,42,,,,,
YHC,91.2,91.2,91.33,102.81,105.28,96.83,43,48,48,42,,,,,
SBR,91.2,91.2,91.33,102.81,105.28,96.83,43,48,48,42,,,,,
ENR,91.2,91.2,91.33,102.81,105.28,96.83,43,48,48,42,,,,,
NFBK,91.2,91.2,91.33,102.81,105.28,96.83,43,48,48,42,,,,,
UDMY,91.2,91.2,91.33,102.81,105.28,96.83,43,48,48,42,,,,,
CLBT,91.2,91.2,91.33,102.81,105.28,96.83,43,48,48,42,,,,,
UHT,91.2,91.2,91.33,102.81,105.28,96.83,43,48,48,42,,,,,
NVX,91.2,91.2,91.33,102.81,105.28,96.83,43,48,48,42,,,,,
ESTC,91.2,91.2,91.33,102.81,105.28,96.83,43,48,48,42,,,,,
TAL,91.2,91.2,91.33,102.81,105.28,96.83,43,48,48,42,,,,,
BCDA,91.2,91.2,91.33,102.81,105.28,96.83,43,48,48,42,,,,,
GLXG,91.2,91.2,91.33,102.81,105.28,96.83,43,48,48,42,,,,,
ESQ,91.2,91.2,91.33,102.81,105.28,96.83,43,48,48,42,,,,,
MVO,91.2,91.2,91.33,102.81,105.28,96.83,43,48,48,42,,,,,
OMSE,91.2,91.2,91.33,102.81,105.28,96.83,43,48,48,42,,,,,
ADCT,91.2,91.2,91.33,102.81,105.28,96.83,43,48,48,42,,,,,
NTST,91.2,91.2,91.33,102.81,105.28,96.83,43,48,48,42,,,,,
MAR,91.2,91.2,91.33,102.81,105.28,96.83,43,48,48,42,,,,,
EOSE,91.2,91.2,91.33,102.81,105.28,96.83,43,48,48,42,,,,,
QTTB,91.2,91.2,91.33,102.81,105.28,96.83,43,48,48,42,,,,,
DSY,91.2,91.2,91.33,102.81,105.28,96.83,43,48,48,42,,,,,
GEN,91.2,91.2,91.33,102.81,105.28,96.83,43,48,48,42,,,,,
SYBT,91.2,91.2,91.33,102.81,105.28,96.83,43,48,48,42,,,,,
CAAP,91.2,91.2,91.33,102.81,105.28,96.83,43,48,48,42,,,,,
LQDA,91.2,91.2,91.33,102.81,105.28,96.83,43,48,48,42,,,,,
FRST,91.2,91.2,91.33,102.81,105.28,96.83,43,48,48,42,,,,,
LEGT,91.2,91.2,91.33,102.81,105.28,96.83,43,48,48,42,,,,,
LXEO,91.2,91.2,91.33,102.81,105.28,96.83,43,48,48,42,,,,,
CPRX,91.2,91.2,91.33,102.81,105.28,96.83,43,48,48,42,,,,,
RDN,91.2,91.2,91.33,102.81,105.28,96.83,43,48,48,42,,,,,
CXM,91.2,91.2,91.33,102.81,105.28,96.83,43,48,48,42,,,,,
IRMD,91.2,91.2,91.33,102.81,105.28,96.83,43,48,48,42,,,,,
NRXP,91.2,91.2,91.33,102.81,105.28,96.83,43,48,48,42,,,,,
LICN,91.2,91.2,91.33,102.81,105.28,96.83,43,48,48,42,,,,,
ROST,91.2,91.2,91.33,102.81,105.28,96.83,43,48,48,42,,,,,
ORIQU,91.2,91.2,91.33,102.81,105.28,96.83,43,48,48,42,,,,,
DIOD,91.2,91.2,91.33,102.81,105.28,96.83,43,48,48,42,,,,,
CRH,91.2,91.2,91.33,102.81,105.28,96.83,43,48,48,42,,,,,
PACB,91.2,91.2,91.33,102.81,105.28,96.83,43,48,48,42,,,,,
SJT,91.2,91.2,91.33,102.81,105.28,96.83,43,48,48,42,,,,,
TWG,91.2,91.2,91.33,102.81,105.28,96.83,43,48,48,42,,,,,
GABC,91.2,91.2,91.33,102.81,105.28,96.83,43,48,48,42,,,,,
TYL,91.2,91.2,91.33,102.81,105.28,96.83,43,48,48,42,,,,,
VALN,91.2,91.2,91.33,102.81,105.28,96.83,43,48,48,42,,,,,
EQH,91.2,91.2,91.33,102.81,105.28,96.83,43,48,48,42,,,,,
CCNE,91.2,91.2,91.33,102.81,105.28,96.83,43,48,48,42,,,,,
DRCT,91.2,91.2,91.33,102.81,105.28,96.83,43,48,48,42,,,,,
TLN,91.2,91.2,91.33,102.81,105.28,96.83,43,48,48,42,,,,,
FITBO,91.2,91.2,91.33,102.81,105.28,96.83,43,48,48,42,,,,,
DLR,91.2,91.2,91.33,102.81,105.28,96.83,43,48,48,42,,,,,
BODI,91.2,91.2,91.33,102.81,105.28,96.83,43,48,48,42,,,,,
PUMP,91.2,91.2,91.33,102.81,105.28,96.83,43,48,48,42,,,,,
RBA,91.2,91.2,91.33,102.81,105.28,96.83,43,48,48,42,,,,,
FCFS,91.2,91.2,91.33,102.81,105.28,96.83,43,48,48,42,,,,,
IR,91.2,91.2,91.33,102.81,105.28,96.83,43,48,48,42,,,,,
COMM,91.2,91.2,91.33,102.81,105.28,96.83,43,48,48,42,,,,,
JFIN,91.2,91.2,91.33,102.81,105.28,96.83,43,48,48,42,,,,,
CRVO,91.2,91.2,91.33,102.81,105.28,96.83,43,48,48,42,,,,,
BMI,91.2,91.2,91.33,102.81,105.28,96.83,43,48,48,42,,,,,
IZM,91.2,91.2,91.33,102.81,105.28,96.83,43,48,48,42,,,,,
CCLD,91.2,91.2,91.33,102.81,105.28,96.83,43,48,48,42,,,,,
WT,91.2,91.2,91.33,102.81,105.28,96.83,43,48,48,42,,,,,
MED,91.2,91.2,91.33,102.81,105.28,96.83,43,48,48,42,,,,,
DH,91.2,91.2,91.33,102.81,105.28,96.83,43,48,48,42,,,,,
GWRS,91.2,91.2,91.33,102.81,105.28,96.83,43,48,48,42,,,,,
CLSK,91.2,91.2,91.33,102.81,105.28,96.83,43,48,48,42,,,,,
AMST,91.2,91.2,91.33,102.81,105.28,96.83,43,48,48,42,,,,,
HTBK,91.2,91.2,91.33,102.81,105.28,96.83,43,48,48,42,,,,,
RY,91.2,91.2,91.33,102.81,105.28,96.83,43,48,48,42,,,,,
STSS,91.2,91.2,91.33,102.81,105.28,96.83,43,48,48,42,,,,,
MMC,91.2,91.2,91.33,102.81,105.28,96.83,43,48,48,42,,,,,
GSIT,91.2,91.2,91.33,102.81,105.28,96.83,43,48,48,42,,,,,
RGTI,91.2,91.2,91.33,102.81,105.28,96.83,43,48,48,42,,,,,
MLGO,91.2,91.2,91.33,102.81,105.28,96.83,43,48,48,42,,,,,
BGSF,91.2,91.2,91.33,102.81,105.28,96.83,43,48,48,42,,,,,
LZM,91.2,91.2,91.33,102.81,105.28,96.83,43,48,48,42,,,,,
LTRX,91.2,91.2,91.33,102.81,105.28,96.83,43,48,48,42,,,,,
UCB,91.2,91.2,91.33,102.81,105.28,96.83,43,48,48,42,,,,,
SEIC,91.2,91.2,91.33,102.81,105.28,96.83,43,48,48,42,,,,,
HLIT,91.2,91.2,91.33,102.81,105.28,96.83,43,48,48,42,,,,,
CVNA,91.2,91.2,91.33,102.81,105.28,96.83,43,48,48,42,,,,,
BIRD,91.2,91.2,91.33,102.81,105.28,96.83,43,48,48,42,,,,,
AUGO,91.2,91.2,91.33,102.81,105.28,96.83,43,48,48,42,,,,,
ONEW,91.2,91.2,91.33,102.81,105.28,96.83,43,48,48,42,,,,,
CAC,91.2,91.2,91.33,102.81,105.28,96.83,43,48,48,42,,,,,
TARS,91.2,91.2,91.33,102.81,105.28,96.83,43,48,48,42,,,,,
CJMB,91.2,91.2,91.33,102.81,105.28,96.83,43,48,48,42,,,,,
YYGH,91.2,91.2,91.33,102.81,105.28,96.83,43,48,48,42,,,,,
GYRE,91.2,91.2,91.33,102.81,105.28,96.83,43,48,48,42,,,,,
LTRN,91.2,91.2,91.33,102.81,105.28,96.83,43,48,48,42,,,,,
MZTI,91.2,91.2,91.33,102.81,105.28,96.83,43,48,48,42,,,,,
EVTV,91.2,91.2,91.33,102.81,105.28,96.83,43,48,48,42,,,,,
FSK,91.2,91.2,91.33,102.81,105.28,96.83,43,48,48,42,,,,,
KTTA,91.2,91.2,91.33,102.81,105.28,96.83,43,48,48,42,,,,,
SFD,91.2,91.2,91.33,102.81,105.28,96.83,43,48,48,42,,,,,
UAL,91.2,91.2,91.33,102.81,105.28,96.83,43,48,48,42,,,,,
PMTS,91.2,91.2,91.33,102.81,105.28,96.83,43,48,48,42,,,,,
HBANL,91.2,91.2,91.33,102.81,105.28,96.83,43,48,48,42,,,,,
FFIV,91.2,91.2,91.33,102.81,105.28,96.83,43,48,48,42,,,,,
EVAC,91.2,91.2,91.33,102.81,105.28,96.83,43,48,48,42,,,,,
XHLD,91.2,91.2,91.33,102.81,105.28,96.83,43,48,48,42,,,,,
SCL,91.2,91.2,91.33,102.81,105.28,96.83,43,48,48,42,,,,,
PNC,91.2,91.2,91.33,102.81,105.28,96.83,43,48,48,42,,,,,
BRKR,91.2,91.2,91.33,102.81,105.28,96.83,43,48,48,42,,,,,
ARHS,91.2,91.2,91.33,102.81,105.28,96.83,43,48,48,42,,,,,
RYTM,91.2,91.2,91.33,102.81,105.28,96.83,43,48,48,42,,,,,
MBINL,91.2,91.2,91.33,102.81,105.28,96.83,43,48,48,42,,,,,
GXAI,91.2,91.2,91.33,102.81,105.28,96.83,43,48,48,42,,,,,
DLPN,91.2,91.2,91.33,102.81,105.28,96.83,43,48,48,42,,,,,
TRUE,91.2,91.2,91.33,102.81,105.28,96.83,43,48,48,42,,,,,
SLNG,91.2,91.2,91.33,102.81,105.28,96.83,43,48,48,42,,,,,
MFA,91.2,91.2,91.33,102.81,105.28,96.83,43,48,48,42,,,,,
NCT,91.2,91.2,91.33,102.81,105.28,96.83,43,48,48,42,,,,,
TBPH,91.2,91.2,91.33,102.81,105.28,96.83,43,48,48,42,,,,,
XPEV,91.2,91.2,91.33,102.81,105.28,96.83,43,48,48,42,,,,,
TTAM,91.2,91.2,91.33,102.81,105.28,96.83,43,48,48,42,,,,,
GEVO,91.2,91.2,91.33,102.81,105.28,96.83,43,48,48,42,,,,,
WDH,91.2,91.2,91.33,102.81,105.28,96.83,43,48,48,42,,,,,
BGM,91.2,91.2,91.33,102.81,105.28,96.83,43,48,48,42,,,,,
VRT,91.2,91.2,91.33,102.81,105.28,96.83,43,48,48,42,,,,,
GMRE,91.2,91.2,91.33,102.81,105.28,96.83,43,48,48,42,,,,,
CZWI,91.2,91.2,91.33,102.81,105.28,96.83,43,48,48,42,,,,,
LOW,91.2,91.2,91.33,102.81,105.28,96.83,43,48,48,42,,,,,
MTZ,91.2,91.2,91.33,102.81,105.28,96.83,43,48,48,42,,,,,
ACGLO,91.2,91.2,91.33,102.81,105.28,96.83,43,48,48,42,,,,,
ADMA,91.2,91.2,91.33,102.81,105.28,96.83,43,48,48,42,,,,,
NXL,91.2,91.2,91.33,102.81,105.28,96.83,43,48,48,42,,,,,
ABP,91.2,91.2,91.33,102.81,105.28,96.83,43,48,48,42,,,,,
CTRA,91.2,91.2,91.33,102.81,105.28,96.83,43,48,48,42,,,,,
TREX,91.2,91.2,91.33,102.81,105.28,96.83,43,48,48,42,,,,,
CHPG,91.2,91.2,91.33,102.81,105.28,96.83,43,48,48,42,,,,,
TEO,91.2,91.2,91.33,102.81,105.28,96.83,43,48,48,42,,,,,
RGA,91.2,91.2,91.33,102.81,105.28,96.83,43,48,48,42,,,,,
BIOX,91.2,91.2,91.33,102.81,105.28,96.83,43,48,48,42,,,,,
RUN,91.2,91.2,91.33,102.81,105.28,96.83,43,48,48,42,,,,,
PSIX,91.2,91.2,91.33,102.81,105.28,96.83,43,48,48,42,,,,,
ALLY,91.2,91.2,91.33,102.81,105.28,96.83,43,48,48,42,,,,,
WU,91.2,91.2,91.33,102.81,105.28,96.83,43,48,48,42,,,,,
LAWR,91.2,91.2,91.33,102.81,105.28,96.83,43,48,48,42,,,,,
WTRG,91.2,91.2,91.33,102.81,105.28,96.83,43,48,48,42,,,,,
ASTI,91.2,91.2,91.33,102.81,105.28,96.83,43,48,48,42,,,,,
RAC,91.2,91.2,91.33,102.81,105.28,96.83,43,48,48,42,,,,,
HUBG,91.2,91.2,91.33,102.81,105.28,96.83,43,48,48,42,,,,,
ICLR,91.2,91.2,91.33,102.81,105.28,96.83,43,48,48,42,,,,,
ROKU,91.2,91.2,91.33,102.81,105.28,96.83,43,48,48,42,,,,,
CRVS,91.2,91.2,91.33,102.81,105.28,96.83,43,48,48,42,,,,,
HP,91.2,91.2,91.33,102.81,105.28,96.83,43,48,48,42,,,,,
ALLO,91.2,91.2,91.33,102.81,105.28,96.83,43,48,48,42,,,,,
DOOO,91.2,91.2,91.33,102.81,105.28,96.83,43,48,48,42,,,,,
VG,91.2,91.2,91.33,102.81,105.28,96.83,43,48,48,42,,,,,
SGHT,91.2,91.2,91.33,102.81,105.28,96.83,43,48,48,42,,,,,
CNVS,91.2,91.2,91.33,102.81,105.28,96.83,43,48,48,42,,,,,
OKLO,91.2,91.2,91.33,102.81,105.28,96.83,43,48,48,42,,,,,
ACB,91.2,91.2,91.33,102.81,105.28,96.83,43,48,48,42,,,,,
CDTG,91.2,91.2,91.33,102.81,105.28,96.83,43,48,48,42,,,,,
CGBD,91.2,91.2,91.33,102.81,105.28,96.83,43,48,48,42,,,,,
PALI,91.2,91.2,91.33,102.81,105.28,96.83,43,48,48,42,,,,,
ALCY,91.2,91.2,91.33,102.81,105.28,96.83,43,48,48,42,,,,,
ADGM,91.2,91.2,91.33,102.81,105.28,96.83,43,48,48,42,,,,,
GS,91.2,91.2,91.33,102.81,105.28,96.83,43,48,48,42,,,,,
DGII,91.2,91.2,91.33,102.81,105.28,96.83,43,48,48,42,,,,,
NRSN,91.2,91.2,91.33,102.81,105.28,96.83,43,48,48,42,,,,,
RUSHB,91.2,91.2,91.33,102.81,105.28,96.83,43,48,48,42,,,,,
SPIR,91.2,91.2,91.33,102.81,105.28,96.83,43,48,48,42,,,,,
MUX,91.2,91.2,91.33,102.81,105.28,96.83,43,48,48,42,,,,,
MSEX,91.2,91.2,91.33,102.81,105.28,96.83,43,48,48,42,,,,,
NMRK,91.2,91.2,91.33,102.81,105.28,96.83,43,48,48,42,,,,,
SI,91.2,91.2,91.33,102.81,105.28,96.83,43,48,48,42,,,,,
LTBR,91.2,91.2,91.33,102.81,105.28,96.83,43,48,48,42,,,,,
GPUS,91.2,91.2,91.33,102.81,105.28,96.83,43,48,48,42,,,,,
AEBI,91.2,91.2,91.33,102.81,105.28,96.83,43,48,48,42,,,,,
CRBU,91.2,91.2,91.33,102.81,105.28,96.83,43,48,48,42,,,,,
HSAI,91.2,91.2,91.33,102.81,105.28,96.83,43,48,48,42,,,,,
BRRWU,91.2,91.2,91.33,102.81,105.28,96.83,43,48,48,42,,,,,
KMDA,91.2,91.2,91.33,102.81,105.28,96.83,43,48,48,42,,,,,
NSA,91.2,91.2,91.33,102.81,105.28,96.83,43,48,48,42,,,,,
QSEA,91.2,91.2,91.33,102.81,105.28,96.83,43,48,48,42,,,,,
MRCY,91.2,91.2,91.33,102.81,105.28,96.83,43,48,48,42,,,,,
DAL,91.2,91.2,91.33,102.81,105.28,96.83,43,48,48,42,,,,,
WTO,91.2,91.2,91.33,102.81,105.28,96.83,43,48,48,42,,,,,
POR,91.2,91.2,91.33,102.81,105.28,96.83,43,48,48,42,,,,,
UNCY,91.2,91.2,91.33,102.81,105.28,96.83,43,48,48,42,,,,,
CCB,91.2,91.2,91.33,102.81,105.28,96.83,43,48,48,42,,,,,
PZG,91.2,91.2,91.33,102.81,105.28,96.83,43,48,48,42,,,,,
FCNCA,91.2,91.2,91.33,102.81,105.28,96.83,43,48,48,42,,,,,
NTZ,91.2,91.2,91.33,102.81,105.28,96.83,43,48,48,42,,,,,
UVV,91.2,91.2,91.33,102.81,105.28,96.83,43,48,48,42,,,,,
CBT,91.2,91.2,91.33,102.81,105.28,96.83,43,48,48,42,,,,,
CSPI,91.2,91.2,91.33,102.81,105.28,96.83,43,48,48,42,,,,,
PIPR,91.2,91.2,91.33,102.81,105.28,96.83,43,48,48,42,,,,,
AX,91.2,91.2,91.33,102.81,105.28,96.83,43,48,48,42,,,,,
PAII,91.2,91.2,91.33,102.81,105.28,96.83,43,48,48,42,,,,,
SHAK,91.2,91.2,91.33,102.81,105.28,96.83,43,48,48,42,,,,,
IINN,91.2,91.2,91.33,102.81,105.28,96.83,43,48,48,42,,,,,
FVNNU,91.2,91.2,91.33,102.81,105.28,96.83,43,48,48,42,,,,,
DMAC,91.2,91.2,91.33,102.81,105.28,96.83,43,48,48,42,,,,,
RWT,91.2,91.2,91.33,102.81,105.28,96.83,43,48,48,42,,,,,
ATMC,91.2,91.2,91.33,102.81,105.28,96.83,43,48,48,42,,,,,
LRN,91.2,91.2,91.33,102.81,105.28,96.83,43,48,48,42,,,,,
DHIL,91.2,91.2,91.33,102.81,105.28,96.83,43,48,48,42,,,,,
SID,91.2,91.2,91.33,102.81,105.28,96.83,43,48,48,42,,,,,
CRDO,91.2,91.2,91.33,102.81,105.28,96.83,43,48,48,42,,,,,
SLI,91.2,91.2,91.33,102.81,105.28,96.83,43,48,48,42,,,,,
ZBAO,91.2,91.2,91.33,102.81,105.28,96.83,43,48,48,42,,,,,
SPHR,91.2,91.2,91.33,102.81,105.28,96.83,43,48,48,42,,,,,
THAR,91.2,91.2,91.33,102.81,105.28,96.83,43,48,48,42,,,,,
GSM,91.2,91.2,91.33,102.81,105.28,96.83,43,48,48,42,,,,,
STG,91.2,91.2,91.33,102.81,105.28,96.83,43,48,48,42,,,,,
ATO,91.2,91.2,91.33,102.81,105.28,96.83,43,48,48,42,,,,,
CFFN,91.2,91.2,91.33,102.81,105.28,96.83,43,48,48,42,,,,,
GME,91.2,91.2,91.33,102.81,105.28,96.83,43,48,48,42,,,,,
PHI,91.2,91.2,91.33,102.81,105.28,96.83,43,48,48,42,,,,,
FONR,91.2,91.2,91.33,102.81,105.28,96.83,43,48,48,42,,,,,
ANGI,91.2,91.2,91.33,102.81,105.28,96.83,43,48,48,42,,,,,
LPBB,91.2,91.2,91.33,102.81,105.28,96.83,43,48,48,42,,,,,
TERN,91.2,91.2,91.33,102.81,105.28,96.83,43,48,48,42,,,,,
LSTA,91.2,91.2,91.33,102.81,105.28,96.83,43,48,48,42,,,,,
VRA,91.2,91.2,91.33,102.81,105.28,96.83,43,48,48,42,,,,,
VTS,91.2,91.2,91.33,102.81,105.28,96.83,43,48,48,42,,,,,
VCEL,91.2,91.2,91.33,102.81,105.28,96.83,43,48,48,42,,,,,
SAFX,91.2,91.2,91.33,102.81,105.28,96.83,43,48,48,42,,,,,
NUTR,91.2,91.2,91.33,102.81,105.28,96.83,43,48,48,42,,,,,
VANI,91.2,91.2,91.33,102.81,105.28,96.83,43,48,48,42,,,,,
FSBW,91.2,91.2,91.33,102.81,105.28,96.83,43,48,48,42,,,,,
WRBY,91.2,91.2,91.33,102.81,105.28,96.83,43,48,48,42,,,,,
NTWO,91.2,91.2,91.33,102.81,105.28,96.83,43,48,48,42,,,,,
JLL,91.2,91.2,91.33,102.81,105.28,96.83,43,48,48,42,,,,,
CFND,91.2,91.2,91.33,102.81,105.28,96.83,43,48,48,42,,,,,
JLHL,91.2,91.2,91.33,102.81,105.28,96.83,43,48,48,42,,,,,
SAND,91.2,91.2,91.33,102.81,105.28,96.83,43,48,48,42,,,,,
JBGS,91.2,91.2,91.33,102.81,105.28,96.83,43,48,48,42,,,,,
CMND,91.2,91.2,91.33,102.81,105.28,96.83,43,48,48,42,,,,,
AA,91.2,91.2,91.33,102.81,105.28,96.83,43,48,48,42,,,,,
ZNB,91.2,91.2,91.33,102.81,105.28,96.83,43,48,48,42,,,,,
USNA,91.2,91.2,91.33,102.81,105.28,96.83,43,48,48,42,,,,,
MDT,91.2,91.2,91.33,102.81,105.28,96.83,43,48,48,42,,,,,
APT,91.2,91.2,91.33,102.81,105.28,96.83,43,48,48,42,,,,,
ELVN,91.2,91.2,91.33,102.81,105.28,96.83,43,48,48,42,,,,,
ACU,91.2,91.2,91.33,102.81,105.28,96.83,43,48,48,42,,,,,
CLMB,91.2,91.2,91.33,102.81,105.28,96.83,43,48,48,42,,,,,
SKIL,91.2,91.2,91.33,102.81,105.28,96.83,43,48,48,42,,,,,
KRMN,91.2,91.2,91.33,102.81,105.28,96.83,43,48,48,42,,,,,
YMAB,91.2,91.2,91.33,102.81,105.28,96.83,43,48,48,42,,,,,
DRDB,91.2,91.2,91.33,102.81,105.28,96.83,43,48,48,42,,,,,
ACM,91.2,91.2,91.33,102.81,105.28,96.83,43,48,48,42,,,,,
BATRK,91.2,91.2,91.33,102.81,105.28,96.83,43,48,48,42,,,,,
PHVS,91.2,91.2,91.33,102.81,105.28,96.83,43,48,48,42,,,,,
MHK,91.2,91.2,91.33,102.81,105.28,96.83,43,48,48,42,,,,,
RLMD,91.2,91.2,91.33,102.81,105.28,96.83,43,48,48,42,,,,,
GPATU,91.2,91.2,91.33,102.81,105.28,96.83,43,48,48,42,,,,,
DTI,91.2,91.2,91.33,102.81,105.28,96.83,43,48,48,42,,,,,
BTOG,91.2,91.2,91.33,102.81,105.28,96.83,43,48,48,42,,,,,
MATW,91.2,91.2,91.33,102.81,105.28,96.83,43,48,48,42,,,,,
LIVE,91.2,91.2,91.33,102.81,105.28,96.83,43,48,48,42,,,,,
MTRN,91.2,91.2,91.33,102.81,105.28,96.83,43,48,48,42,,,,,
ALDFU,91.2,91.2,91.33,102.81,105.28,96.83,43,48,48,42,,,,,
EPC,91.2,91.2,91.33,102.81,105.28,96.83,43,48,48,42,,,,,
AMS,91.2,91.2,91.33,102.81,105.28,96.83,43,48,48,42,,,,,
SITM,91.2,91.2,91.33,102.81,105.28,96.83,43,48,48,42,,,,,
BANC,91.2,91.2,91.33,102.81,105.28,96.83,43,48,48,42,,,,,
MRKR,91.2,91.2,91.33,102.81,105.28,96.83,43,48,48,42,,,,,
SVA,91.2,91.2,91.33,102.81,105.28,96.83,43,48,48,42,,,,,
KOPN,91.2,91.2,91.33,102.81,105.28,96.83,43,48,48,42,,,,,
DOCU,91.2,91.2,91.33,102.81,105.28,96.83,43,48,48,42,,,,,
PGEN,91.2,91.2,91.33,102.81,105.28,96.83,43,48,48,42,,,,,
GANX,91.2,91.2,91.33,102.81,105.28,96.83,43,48,48,42,,,,,
WTI,91.2,91.2,91.33,102.81,105.28,96.83,43,48,48,42,,,,,
LVO,91.2,91.2,91.33,102.81,105.28,96.83,43,48,48,42,,,,,
SXT,91.2,91.2,91.33,102.81,105.28,96.83,43,48,48,42,,,,,
LEG,91.2,91.2,91.33,102.81,105.28,96.83,43,48,48,42,,,,,
COP,91.2,91.2,91.33,102.81,105.28,96.83,43,48,48,42,,,,,
GOOD,91.2,91.2,91.33,102.81,105.28,96.83,43,48,48,42,,,,,
TECK,91.2,91.2,91.33,102.81,105.28,96.83,43,48,48,42,,,,,
FWRD,91.2,91.2,91.33,102.81,105.28,96.83,43,48,48,42,,,,,
FSBC,91.2,91.2,91.33,102.81,105.28,96.83,43,48,48,42,,,,,
FUTU,91.2,91.2,91.33,102.81,105.28,96.83,43,48,48,42,,,,,
FSTR,91.2,91.2,91.33,102.81,105.28,96.83,43,48,48,42,,,,,
PSKY,91.2,91.2,91.33,102.81,105.28,96.83,43,48,48,42,,,,,
UBFO,91.2,91.2,91.33,102.81,105.28,96.83,43,48,48,42,,,,,
PESI,91.2,91.2,91.33,102.81,105.28,96.83,43,48,48,42,,,,,
APAD,91.2,91.2,91.33,102.81,105.28,96.83,43,48,48,42,,,,,
SSEAU,91.2,91.2,91.33,102.81,105.28,96.83,43,48,48,42,,,,,
GWAV,91.2,91.2,91.33,102.81,105.28,96.83,43,48,48,42,,,,,
W,91.2,91.2,91.33,102.81,105.28,96.83,43,48,48,42,,,,,
TSAT,91.2,91.2,91.33,102.81,105.28,96.83,43,48,48,42,,,,,
CSTE,91.2,91.2,91.33,102.81,105.28,96.83,43,48,48,42,,,,,
DELL,91.2,91.2,91.33,102.81,105.28,96.83,43,48,48,42,,,,,
WEAV,91.2,91.2,91.33,102.81,105.28,96.83,43,48,48,42,,,,,
DQ,91.2,91.2,91.33,102.81,105.28,96.83,43,48,48,42,,,,,
BKYI,91.2,91.2,91.33,102.81,105.28,96.83,43,48,48,42,,,,,
QLGN,91.2,91.2,91.33,102.81,105.28,96.83,43,48,48,42,,,,,
RERE,91.2,91.2,91.33,102.81,105.28,96.83,43,48,48,42,,,,,
GIFI,91.2,91.2,91.33,102.81,105.28,96.83,43,48,48,42,,,,,
ELMD,91.2,91.2,91.33,102.81,105.28,96.83,43,48,48,42,,,,,
IRD,91.2,91.2,91.33,102.81,105.28,96.83,43,48,48,42,,,,,
NVNO,91.2,91.2,91.33,102.81,105.28,96.83,43,48,48,42,,,,,
IX,91.2,91.2,91.33,102.81,105.28,96.83,43,48,48,42,,,,,
BMEA,91.2,91.2,91.33,102.81,105.28,96.83,43,48,48,42,,,,,
AVA,91.2,91.2,91.33,102.81,105.28,96.83,43,48,48,42,,,,,
AUDC,91.2,91.2,91.33,102.81,105.28,96.83,43,48,48,42,,,,,
INUV,91.2,91.2,91.33,102.81,105.28,96.83,43,48,48,42,,,,,
DAKT,91.2,91.2,91.33,102.81,105.28,96.83,43,48,48,42,,,,,
AERT,91.2,91.2,91.33,102.81,105.28,96.83,43,48,48,42,,,,,
GURE,91.2,91.2,91.33,102.81,105.28,96.83,43,48,48,42,,,,,
LYG,91.2,91.2,91.33,102.81,105.28,96.83,43,48,48,42,,,,,
NSTS,91.2,91.2,91.33,102.81,105.28,96.83,43,48,48,42,,,,,
FCPT,91.2,91.2,91.33,102.81,105.28,96.83,43,48,48,42,,,,,
MTDR,91.2,91.2,91.33,102.81,105.28,96.83,43,48,48,42,,,,,
ZG,91.2,91.2,91.33,102.81,105.28,96.83,43,48,48,42,,,,,
LECO,91.2,91.2,91.33,102.81,105.28,96.83,43,48,48,42,,,,,
CINF,91.2,91.2,91.33,102.81,105.28,96.83,43,48,48,42,,,,,
MPB,91.2,91.2,91.33,102.81,105.28,96.83,43,48,48,42,,,,,
GLDG,91.2,91.2,91.33,102.81,105.28,96.83,43,48,48,42,,,,,
CHT,91.2,91.2,91.33,102.81,105.28,96.83,43,48,48,42,,,,,
MNTK,91.2,91.2,91.33,102.81,105.28,96.83,43,48,48,42,,,,,
IROHU,91.2,91.2,91.33,102.81,105.28,96.83,43,48,48,42,,,,,
FERG,91.2,91.2,91.33,102.81,105.28,96.83,43,48,48,42,,,,,
GIS,91.2,91.2,91.33,102.81,105.28,96.83,43,48,48,42,,,,,
APLE,91.2,91.2,91.33,102.81,105.28,96.83,43,48,48,42,,,,,
USIO,91.2,91.2,91.33,102.81,105.28,96.83,43,48,48,42,,,,,
UCAR,91.2,91.2,91.33,102.81,105.28,96.83,43,48,48,42,,,,,
XHR,91.2,91.2,91.33,102.81,105.28,96.83,43,48,48,42,,,,,
CIEN,91.2,91.2,91.33,102.81,105.28,96.83,43,48,48,42,,,,,
DRIO,91.2,91.2,91.33,102.81,105.28,96.83,43,48,48,42,,,,,
NXST,91.2,91.2,91.33,102.81,105.28,96.83,43,48,48,42,,,,,
NATL,91.2,91.2,91.33,102.81,105.28,96.83,43,48,48,42,,,,,
TNK,91.2,91.2,91.33,102.81,105.28,96.83,43,48,48,42,,,,,
M,91.2,91.2,91.33,102.81,105.28,96.83,43,48,48,42,,,,,
EVGO,91.2,91.2,91.33,102.81,105.28,96.83,43,48,48,42,,,,,
NTHI,91.2,91.2,91.33,102.81,105.28,96.83,43,48,48,42,,,,,
QCOM,91.2,91.2,91.33,102.81,105.28,96.83,43,48,48,42,,,,,
UAA,91.2,91.2,91.33,102.81,105.28,96.83,43,48,48,42,,,,,
GTLS,91.2,91.2,91.33,102.81,105.28,96.83,43,48,48,42,,,,,
VNTG,91.2,91.2,91.33,102.81,105.28,96.83,43,48,48,42,,,,,
SZZLU,91.2,91.2,91.33,102.81,105.28,96.83,43,48,48,42,,,,,
LIEN,91.2,91.2,91.33,102.81,105.28,96.83,43,48,48,42,,,,,
AHCO,91.2,91.2,91.33,102.81,105.28,96.83,43,48,48,42,,,,,
WEST,91.2,91.2,91.33,102.81,105.28,96.83,43,48,48,42,,,,,
CRCL,91.2,91.2,91.33,102.81,105.28,96.83,43,48,48,42,,,,,
BLUW,91.2,91.2,91.33,102.81,105.28,96.83,43,48,48,42,,,,,
CRWV,91.2,91.2,91.33,102.81,105.28,96.83,43,48,48,42,,,,,
KRC,91.2,91.2,91.33,102.81,105.28,96.83,43,48,48,42,,,,,
MTX,91.2,91.2,91.33,102.81,105.28,96.83,43,48,48,42,,,,,
BXC,91.2,91.2,91.33,102.81,105.28,96.83,43,48,48,42,,,,,
SUUN,91.2,91.2,91.33,102.81,105.28,96.83,43,48,48,42,,,,,
NIU,91.2,91.2,91.33,102.81,105.28,96.83,43,48,48,42,,,,,
ABCB,91.2,91.2,91.33,102.81,105.28,96.83,43,48,48,42,,,,,
EU,91.2,91.2,91.33,102.81,105.28,96.83,43,48,48,42,,,,,
TEAM,91.2,91.2,91.33,102.81,105.28,96.83,43,48,48,42,,,,,
CZFS,91.2,91.2,91.33,102.81,105.28,96.83,43,48,48,42,,,,,
MARPS,91.2,91.2,91.33,102.81,105.28,96.83,43,48,48,42,,,,,
DYN,91.2,91.2,91.33,102.81,105.28,96.83,43,48,48,42,,,,,
ACIW,91.2,91.2,91.33,102.81,105.28,96.83,43,48,48,42,,,,,
MGRT,91.2,91.2,91.33,102.81,105.28,96.83,43,48,48,42,,,,,
INLX,91.2,91.2,91.33,102.81,105.28,96.83,43,48,48,42,,,,,
IBM,91.2,91.2,91.33,102.81,105.28,96.83,43,48,48,42,,,,,
WIMI,91.2,91.2,91.33,102.81,105.28,96.83,43,48,48,42,,,,,
HCMAU,91.2,91.2,91.33,102.81,105.28,96.83,43,48,48,42,,,,,
MYFW,91.2,91.2,91.33,102.81,105.28,96.83,43,48,48,42,,,,,
HITI,91.2,91.2,91.33,102.81,105.28,96.83,43,48,48,42,,,,,
GBTG,91.2,91.2,91.33,102.81,105.28,96.83,43,48,48,42,,,,,
RLI,91.2,91.2,91.33,102.81,105.28,96.83,43,48,48,42,,,,,
CALX,91.2,91.2,91.33,102.81,105.28,96.83,43,48,48,42,,,,,
OLP,91.2,91.2,91.33,102.81,105.28,96.83,43,48,48,42,,,,,
CGNX,91.2,91.2,91.33,102.81,105.28,96.83,43,48,48,42,,,,,
TRX,91.2,91.2,91.33,102.81,105.28,96.83,43,48,48,42,,,,,
COMP,91.2,91.2,91.33,102.81,105.28,96.83,43,48,48,42,,,,,
PAYO,91.2,91.2,91.33,102.81,105.28,96.83,43,48,48,42,,,,,
GPCR,91.2,91.2,91.33,102.81,105.28,96.83,43,48,48,42,,,,,
MCRB,91.2,91.2,91.33,102.81,105.28,96.83,43,48,48,42,,,,,
SYTA,91.2,91.2,91.33,102.81,105.28,96.83,43,48,48,42,,,,,
XOM,91.2,91.2,91.33,102.81,105.28,96.83,43,48,48,42,,,,,
CETY,91.2,91.2,91.33,102.81,105.28,96.83,43,48,48,42,,,,,
NGVT,91.2,91.2,91.33,102.81,105.28,96.83,43,48,48,42,,,,,
TIGO,91.2,91.2,91.33,102.81,105.28,96.83,43,48,48,42,,,,,
WENNU,91.2,91.2,91.33,102.81,105.28,96.83,43,48,48,42,,,,,
AAMI,91.2,91.2,91.33,102.81,105.28,96.83,43,48,48,42,,,,,
WETO,91.2,91.2,91.33,102.81,105.28,96.83,43,48,48,42,,,,,
SY,91.2,91.2,91.33,102.81,105.28,96.83,43,48,48,42,,,,,
SNV,91.2,91.2,91.33,102.81,105.28,96.83,43,48,48,42,,,,,
GNK,91.2,91.2,91.33,102.81,105.28,96.83,43,48,48,42,,,,,
MDRR,91.2,91.2,91.33,102.81,105.28,96.83,43,48,48,42,,,,,
AMKR,91.2,91.2,91.33,102.81,105.28,96.83,43,48,48,42,,,,,
GMAB,91.2,91.2,91.33,102.81,105.28,96.83,43,48,48,42,,,,,
SMXT,91.2,91.2,91.33,102.81,105.28,96.83,43,48,48,42,,,,,
THS,91.2,91.2,91.33,102.81,105.28,96.83,43,48,48,42,,,,,
CB,91.2,91.2,91.33,102.81,105.28,96.83,43,48,48,42,,,,,
FRGT,91.2,91.2,91.33,102.81,105.28,96.83,43,48,48,42,,,,,
AGRI,91.2,91.2,91.33,102.81,105.28,96.83,43,48,48,42,,,,,
TTC,91.2,91.2,91.33,102.81,105.28,96.83,43,48,48,42,,,,,
PEBO,91.2,91.2,91.33,102.81,105.28,96.83,43,48,48,42,,,,,
UNTY,91.2,91.2,91.33,102.81,105.28,96.83,43,48,48,42,,,,,
AMSC,91.2,91.2,91.33,102.81,105.28,96.83,43,48,48,42,,,,,
MATH,91.2,91.2,91.33,102.81,105.28,96.83,43,48,48,42,,,,,
CURI,91.2,91.2,91.33,102.81,105.28,96.83,43,48,48,42,,,,,
PMVP,91.2,91.2,91.33,102.81,105.28,96.83,43,48,48,42,,,,,
MBRX,91.2,91.2,91.33,102.81,105.28,96.83,43,48,48,42,,,,,
PBM,91.2,91.2,91.33,102.81,105.28,96.83,43,48,48,42,,,,,
EBR,91.2,91.2,91.33,102.81,105.28,96.83,43,48,48,42,,,,,
FBLG,91.2,91.2,91.33,102.81,105.28,96.83,43,48,48,42,,,,,
DSGN,91.2,91.2,91.33,102.81,105.28,96.83,43,48,48,42,,,,,
BMRC,91.2,91.2,91.33,102.81,105.28,96.83,43,48,48,42,,,,,
RDNW,91.2,91.2,91.33,102.81,105.28,96.83,43,48,48,42,,,,,
SJM,91.2,91.2,91.33,102.81,105.28,96.83,43,48,48,42,,,,,
UVSP,91.2,91.2,91.33,102.81,105.28,96.83,43,48,48,42,,,,,
HWC,91.2,91.2,91.33,102.81,105.28,96.83,43,48,48,42,,,,,
TTAN,91.2,91.2,91.33,102.81,105.28,96.83,43,48,48,42,,,,,
TBHC,91.2,91.2,91.33,102.81,105.28,96.83,43,48,48,42,,,,,
POOL,91.2,91.2,91.33,102.81,105.28,96.83,43,48,48,42,,,,,
MLM,91.2,91.2,91.33,102.81,105.28,96.83,43,48,48,42,,,,,
AWI,91.2,91.2,91.33,102.81,105.28,96.83,43,48,48,42,,,,,
ES,91.2,91.2,91.33,102.81,105.28,96.83,43,48,48,42,,,,,
GAIA,91.2,91.2,91.33,102.81,105.28,96.83,43,48,48,42,,,,,
BOX,91.2,91.2,91.33,102.81,105.28,96.83,43,48,48,42,,,,,
STEM,91.2,91.2,91.33,102.81,105.28,96.83,43,48,48,42,,,,,
ROMA,91.2,91.2,91.33,102.81,105.28,96.83,43,48,48,42,,,,,
PASG,91.2,91.2,91.33,102.81,105.28,96.83,43,48,48,42,,,,,
GRMN,91.2,91.2,91.33,102.81,105.28,96.83,43,48,48,42,,,,,
QGEN,91.2,91.2,91.33,102.81,105.28,96.83,43,48,48,42,,,,,
TTEC,91.2,91.2,91.33,102.81,105.28,96.83,43,48,48,42,,,,,
AUR,91.2,91.2,91.33,102.81,105.28,96.83,43,48,48,42,,,,,
BCSF,91.2,91.2,91.33,102.81,105.28,96.83,43,48,48,42,,,,,
SMBK,91.2,91.2,91.33,102.81,105.28,96.83,43,48,48,42,,,,,
LWAC,91.2,91.2,91.33,102.81,105.28,96.83,43,48,48,42,,,,,
AREN,91.2,91.2,91.33,102.81,105.28,96.83,43,48,48,42,,,,,
CV,91.2,91.2,91.33,102.81,105.28,96.83,43,48,48,42,,,,,
HHS,91.2,91.2,91.33,102.81,105.28,96.83,43,48,48,42,,,,,
CABA,91.2,91.2,91.33,102.81,105.28,96.83,43,48,48,42,,,,,
ALAR,91.2,91.2,91.33,102.81,105.28,96.83,43,48,48,42,,,,,
CIM,91.2,91.2,91.33,102.81,105.28,96.83,43,48,48,42,,,,,
TLIH,91.2,91.2,91.33,102.81,105.28,96.83,43,48,48,42,,,,,
BA,91.2,91.2,91.33,102.81,105.28,96.83,43,48,48,42,,,,,
LAZR,91.2,91.2,91.33,102.81,105.28,96.83,43,48,48,42,,,,,
IPDN,91.2,91.2,91.33,102.81,105.28,96.83,43,48,48,42,,,,,
SNN,91.2,91.2,91.33,102.81,105.28,96.83,43,48,48,42,,,,,
ADUR,91.2,91.2,91.33,102.81,105.28,96.83,43,48,48,42,,,,,
CYRX,91.2,91.2,91.33,102.81,105.28,96.83,43,48,48,42,,,,,
RRC,91.2,91.2,91.33,102.81,105.28,96.83,43,48,48,42,,,,,
HLT,91.2,91.2,91.33,102.81,105.28,96.83,43,48,48,42,,,,,
CTOR,91.2,91.2,91.33,102.81,105.28,96.83,43,48,48,42,,,,,
BHE,91.2,91.2,91.33,102.81,105.28,96.83,43,48,48,42,,,,,
DLTH,91.2,91.2,91.33,102.81,105.28,96.83,43,48,48,42,,,,,
ZEPP,91.2,91.2,91.33,102.81,105.28,96.83,43,48,48,42,,,,,
NBHC,91.2,91.2,91.33,102.81,105.28,96.83,43,48,48,42,,,,,
SBFG,91.2,91.2,91.33,102.81,105.28,96.83,43,48,48,42,,,,,
AGRO,91.2,91.2,91.33,102.81,105.28,96.83,43,48,48,42,,,,,
DFDV,91.2,91.2,91.33,102.81,105.28,96.83,43,48,48,42,,,,,
FDP,91.2,91.2,91.33,102.81,105.28,96.83,43,48,48,42,,,,,
FXNC,91.2,91.2,91.33,102.81,105.28,96.83,43,48,48,42,,,,,
ASLE,91.2,91.2,91.33,102.81,105.28,96.83,43,48,48,42,,,,,
WAFU,91.2,91.2,91.33,102.81,105.28,96.83,43,48,48,42,,,,,
TGNA,91.2,91.2,91.33,102.81,105.28,96.83,43,48,48,42,,,,,
GRRR,91.2,91.2,91.33,102.81,105.28,96.83,43,48,48,42,,,,,
GGB,91.2,91.2,91.33,102.81,105.28,96.83,43,48,48,42,,,,,
BCRX,91.2,91.2,91.33,102.81,105.28,96.83,43,48,48,42,,,,,
BTSG,91.2,91.2,91.33,102.81,105.28,96.83,43,48,48,42,,,,,
GIG,91.2,91.2,91.33,102.81,105.28,96.83,43,48,48,42,,,,,
TCBIO,91.2,91.2,91.33,102.81,105.28,96.83,43,48,48,42,,,,,
KWR,91.2,91.2,91.33,102.81,105.28,96.83,43,48,48,42,,,,,
BYRN,91.2,91.2,91.33,102.81,105.28,96.83,43,48,48,42,,,,,
ACAD,91.2,91.2,91.33,102.81,105.28,96.83,43,48,48,42,,,,,
GDHG,91.2,91.2,91.33,102.81,105.28,96.83,43,48,48,42,,,,,
ONCO,91.2,91.2,91.33,102.81,105.28,96.83,43,48,48,42,,,,,
CKX,91.2,91.2,91.33,102.81,105.28,96.83,43,48,48,42,,,,,
Z,91.2,91.2,91.33,102.81,105.28,96.83,43,48,48,42,,,,,
MNTS,91.2,91.2,91.33,102.81,105.28,96.83,43,48,48,42,,,,,
ICUI,91.2,91.2,91.33,102.81,105.28,96.83,43,48,48,42,,,,,
RBNE,91.2,91.2,91.33,102.81,105.28,96.83,43,48,48,42,,,,,
ROCK,91.2,91.2,91.33,102.81,105.28,96.83,43,48,48,42,,,,,
INM,91.2,91.2,91.33,102.81,105.28,96.83,43,48,48,42,,,,,
CHACU,91.2,91.2,91.33,102.81,105.28,96.83,43,48,48,42,,,,,
CCIXU,91.2,91.2,91.33,102.81,105.28,96.83,43,48,48,42,,,,,
NNDM,91.2,91.2,91.33,102.81,105.28,96.83,43,48,48,42,,,,,
NCDL,91.2,91.2,91.33,102.81,105.28,96.83,43,48,48,42,,,,,
NUAI,91.2,91.2,91.33,102.81,105.28,96.83,43,48,48,42,,,,,
BLZE,91.2,91.2,91.33,102.81,105.28,96.83,43,48,48,42,,,,,
TKLF,91.2,91.2,91.33,102.81,105.28,96.83,43,48,48,42,,,,,
AREB,91.2,91.2,91.33,102.81,105.28,96.83,43,48,48,42,,,,,
TPCS,91.2,91.2,91.33,102.81,105.28,96.83,43,48,48,42,,,,,
GD,91.2,91.2,91.33,102.81,105.28,96.83,43,48,48,42,,,,,
ILAG,91.2,91.2,91.33,102.81,105.28,96.83,43,48,48,42,,,,,
TRMD,91.2,91.2,91.33,102.81,105.28,96.83,43,48,48,42,,,,,
OPAL,91.2,91.2,91.33,102.81,105.28,96.83,43,48,48,42,,,,,
CAMT,91.2,91.2,91.33,102.81,105.28,96.83,43,48,48,42,,,,,
EVRG,91.2,91.2,91.33,102.81,105.28,96.83,43,48,48,42,,,,,
FIP,91.2,91.2,91.33,102.81,105.28,96.83,43,48,48,42,,,,,
ILLR,91.2,91.2,91.33,102.81,105.28,96.83,43,48,48,42,,,,,
ISRL,91.2,91.2,91.33,102.81,105.28,96.83,43,48,48,42,,,,,
CIGL,91.2,91.2,91.33,102.81,105.28,96.83,43,48,48,42,,,,,
CAN,91.2,91.2,91.33,102.81,105.28,96.83,43,48,48,42,,,,,
SLSN,91.2,91.2,91.33,102.81,105.28,96.83,43,48,48,42,,,,,
SFIX,91.2,91.2,91.33,102.81,105.28,96.83,43,48,48,42,,,,,
CLYM,91.2,91.2,91.33,102.81,105.28,96.83,43,48,48,42,,,,,
MGX,91.2,91.2,91.33,102.81,105.28,96.83,43,48,48,42,,,,,
DUO,91.2,91.2,91.33,102.81,105.28,96.83,43,48,48,42,,,,,
QNCX,91.2,91.2,91.33,102.81,105.28,96.83,43,48,48,42,,,,,
BAND,91.2,91.2,91.33,102.81,105.28,96.83,43,48,48,42,,,,,
BBVA,91.2,91.2,91.33,102.81,105.28,96.83,43,48,48,42,,,,,
AB,91.2,91.2,91.33,102.81,105.28,96.83,43,48,48,42,,,,,
ARMP,91.2,91.2,91.33,102.81,105.28,96.83,43,48,48,42,,,,,
LBRDA,91.2,91.2,91.33,102.81,105.28,96.83,43,48,48,42,,,,,
CIVI,91.2,91.2,91.33,102.81,105.28,96.83,43,48,48,42,,,,,
CAEP,91.2,91.2,91.33,102.81,105.28,96.83,43,48,48,42,,,,,
LADR,91.2,91.2,91.33,102.81,105.28,96.83,43,48,48,42,,,,,
BFH,91.2,91.2,91.33,102.81,105.28,96.83,43,48,48,42,,,,,
FGNX,91.2,91.2,91.33,102.81,105.28,96.83,43,48,48,42,,,,,
UL,91.2,91.2,91.33,102.81,105.28,96.83,43,48,48,42,,,,,
EQBK,91.2,91.2,91.33,102.81,105.28,96.83,43,48,48,42,,,,,
IMOS,91.2,91.2,91.33,102.81,105.28,96.83,43,48,48,42,,,,,
RRX,91.2,91.2,91.33,102.81,105.28,96.83,43,48,48,42,,,,,
LPTH,91.2,91.2,91.33,102.81,105.28,96.83,43,48,48,42,,,,,
OMER,91.2,91.2,91.33,102.81,105.28,96.83,43,48,48,42,,,,,
TLK,91.2,91.2,91.33,102.81,105.28,96.83,43,48,48,42,,,,,
DIS,91.2,91.2,91.33,102.81,105.28,96.83,43,48,48,42,,,,,
ZIP,91.2,91.2,91.33,102.81,105.28,96.83,43,48,48,42,,,,,
UOKA,91.2,91.2,91.33,102.81,105.28,96.83,43,48,48,42,,,,,
NBIX,91.2,91.2,91.33,102.81,105.28,96.83,43,48,48,42,,,,,
SVII,91.2,91.2,91.33,102.81,105.28,96.83,43,48,48,42,,,,,
KYMR,91.2,91.2,91.33,102.81,105.28,96.83,43,48,48,42,,,,,
LNW,91.2,91.2,91.33,102.81,105.28,96.83,43,48,48,42,,,,,
IPCXU,91.2,91.2,91.33,102.81,105.28,96.83,43,48,48,42,,,,,
WCC,91.2,91.2,91.33,102.81,105.28,96.83,43,48,48,42,,,,,
PANL,91.2,91.2,91.33,102.81,105.28,96.83,43,48,48,42,,,,,
HASI,91.2,91.2,91.33,102.81,105.28,96.83,43,48,48,42,,,,,
KLTR,91.2,91.2,91.33,102.81,105.28,96.83,43,48,48,42,,,,,
FVCB,91.2,91.2,91.33,102.81,105.28,96.83,43,48,48,42,,,,,
HI,91.2,91.2,91.33,102.81,105.28,96.83,43,48,48,42,,,,,
ENPH,91.2,91.2,91.33,102.81,105.28,96.83,43,48,48,42,,,,,
PMT,91.2,91.2,91.33,102.81,105.28,96.83,43,48,48,42,,,,,
RKT,91.2,91.2,91.33,102.81,105.28,96.83,43,48,48,42,,,,,
BFLY,91.2,91.2,91.33,102.81,105.28,96.83,43,48,48,42,,,,,
ABLV,91.2,91.2,91.33,102.81,105.28,96.83,43,48,48,42,,,,,
FER,91.2,91.2,91.33,102.81,105.28,96.83,43,48,48,42,,,,,
CVV,91.2,91.2,91.33,102.81,105.28,96.83,43,48,48,42,,,,,
PFSI,91.2,91.2,91.33,102.81,105.28,96.83,43,48,48,42,,,,,
DOCN,91.2,91.2,91.33,102.81,105.28,96.83,43,48,48,42,,,,,
EXC,91.2,91.2,91.33,102.81,105.28,96.83,43,48,48,42,,,,,
CGTL,91.2,91.2,91.33,102.81,105.28,96.83,43,48,48,42,,,,,
ATRA,91.2,91.2,91.33,102.81,105.28,96.83,43,48,48,42,,,,,
ELTX,91.2,91.2,91.33,102.81,105.28,96.83,43,48,48,42,,,,,
AVNS,91.2,91.2,91.33,102.81,105.28,96.83,43,48,48,42,,,,,
MDV,91.2,91.2,91.33,102.81,105.28,96.83,43,48,48,42,,,,,
APM,91.2,91.2,91.33,102.81,105.28,96.83,43,48,48,42,,,,,
ELPW,91.2,91.2,91.33,102.81,105.28,96.83,43,48,48,42,,,,,
AIMD,91.2,91.2,91.33,102.81,105.28,96.83,43,48,48,42,,,,,
BANR,91.2,91.2,91.33,102.81,105.28,96.83,43,48,48,42,,,,,
FMNB,91.2,91.2,91.33,102.81,105.28,96.83,43,48,48,42,,,,,
IGIC,91.2,91.2,91.33,102.81,105.28,96.83,43,48,48,42,,,,,
LW,91.2,91.2,91.33,102.81,105.28,96.83,43,48,48,42,,,,,
TPB,91.2,91.2,91.33,102.81,105.28,96.83,43,48,48,42,,,,,
OBAWU,91.2,91.2,91.33,102.81,105.28,96.83,43,48,48,42,,,,,
UA,91.2,91.2,91.33,102.81,105.28,96.83,43,48,48,42,,,,,
BUSEP,91.2,91.2,91.33,102.81,105.28,96.83,43,48,48,42,,,,,
NTRB,91.2,91.2,91.33,102.81,105.28,96.83,43,48,48,42,,,,,
BRNS,91.2,91.2,91.33,102.81,105.28,96.83,43,48,48,42,,,,,
ZS,91.2,91.2,91.33,102.81,105.28,96.83,43,48,48,42,,,,,
KEP,91.2,91.2,91.33,102.81,105.28,96.83,43,48,48,42,,,,,
AD,91.2,91.2,91.33,102.81,105.28,96.83,43,48,48,42,,,,,
TRST,91.2,91.2,91.33,102.81,105.28,96.83,43,48,48,42,,,,,
ALDX,91.2,91.2,91.33,102.81,105.28,96.83,43,48,48,42,,,,,
UEC,91.2,91.2,91.33,102.81,105.28,96.83,43,48,48,42,,,,,
SPRO,91.2,91.2,91.33,102.81,105.28,96.83,43,48,48,42,,,,,
OAKU,91.2,91.2,91.33,102.81,105.28,96.83,43,48,48,42,,,,,
STHO,91.2,91.2,91.33,102.81,105.28,96.83,43,48,48,42,,,,,
OSK,91.2,91.2,91.33,102.81,105.28,96.83,43,48,48,42,,,,,
FEAM,91.2,91.2,91.33,102.81,105.28,96.83,43,48,48,42,,,,,
NIC,91.2,91.2,91.33,102.81,105.28,96.83,43,48,48,42,,,,,
WTBA,91.2,91.2,91.33,102.81,105.28,96.83,43,48,48,42,,,,,
CVGI,91.2,91.2,91.33,102.81,105.28,96.83,43,48,48,42,,,,,
BOW,91.2,91.2,91.33,102.81,105.28,96.83,43,48,48,42,,,,,
WOOF,91.2,91.2,91.33,102.81,105.28,96.83,43,48,48,42,,,,,
PNFPP,91.2,91.2,91.33,102.81,105.28,96.83,43,48,48,42,,,,,
ESRT,91.2,91.2,91.33,102.81,105.28,96.83,43,48,48,42,,,,,
EDSA,91.2,91.2,91.33,102.81,105.28,96.83,43,48,48,42,,,,,
ATHM,91.2,91.2,91.33,102.81,105.28,96.83,43,48,48,42,,,,,
MEIP,91.2,91.2,91.33,102.81,105.28,96.83,43,48,48,42,,,,,
EBF,91.2,91.2,91.33,102.81,105.28,96.83,43,48,48,42,,,,,
EGP,91.2,91.2,91.33,102.81,105.28,96.83,43,48,48,42,,,,,
TACHU,91.2,91.2,91.33,102.81,105.28,96.83,43,48,48,42,,,,,
LOCO,91.2,91.2,91.33,102.81,105.28,96.83,43,48,48,42,,,,,
HUHU,91.2,91.2,91.33,102.81,105.28,96.83,43,48,48,42,,,,,
SBH,91.2,91.2,91.33,102.81,105.28,96.83,43,48,48,42,,,,,
TIL,91.2,91.2,91.33,102.81,105.28,96.83,43,48,48,42,,,,,
WRAP,91.2,91.2,91.33,102.81,105.28,96.83,43,48,48,42,,,,,
COPL,91.2,91.2,91.33,102.81,105.28,96.83,43,48,48,42,,,,,
STRA,91.2,91.2,91.33,102.81,105.28,96.83,43,48,48,42,,,,,
SKIN,91.2,91.2,91.33,102.81,105.28,96.83,43,48,48,42,,,,,
APLD,91.2,91.2,91.33,102.81,105.28,96.83,43,48,48,42,,,,,
MLTX,91.2,91.2,91.33,102.81,105.28,96.83,43,48,48,42,,,,,
TAVIU,91.2,91.2,91.33,102.81,105.28,96.83,43,48,48,42,,,,,
LCII,91.2,91.2,91.33,102.81,105.28,96.83,43,48,48,42,,,,,
APPN,91.2,91.2,91.33,102.81,105.28,96.83,43,48,48,42,,,,,
GSAT,91.2,91.2,91.33,102.81,105.28,96.83,43,48,48,42,,,,,
GECC,91.2,91.2,91.33,102.81,105.28,96.83,43,48,48,42,,,,,
MGPI,91.2,91.2,91.33,102.81,105.28,96.83,43,48,48,42,,,,,
WM,91.2,91.2,91.33,102.81,105.28,96.83,43,48,48,42,,,,,
NGS,91.2,91.2,91.33,102.81,105.28,96.83,43,48,48,42,,,,,
SLNO,91.2,91.2,91.33,102.81,105.28,96.83,43,48,48,42,,,,,
BRR,91.2,91.2,91.33,102.81,105.28,96.83,43,48,48,42,,,,,
MKL,91.2,91.2,91.33,102.81,105.28,96.83,43,48,48,42,,,,,
GTEC,91.2,91.2,91.33,102.81,105.28,96.83,43,48,48,42,,,,,
UTMD,91.2,91.2,91.33,102.81,105.28,96.83,43,48,48,42,,,,,
MRP,91.2,91.2,91.33,102.81,105.28,96.83,43,48,48,42,,,,,
GRBK,91.2,91.2,91.33,102.81,105.28,96.83,43,48,48,42,,,,,
CHEK,91.2,91.2,91.33,102.81,105.28,96.83,43,48,48,42,,,,,
TFX,91.2,91.2,91.33,102.81,105.28,96.83,43,48,48,42,,,,,
LYRA,91.2,91.2,91.33,102.81,105.28,96.83,43,48,48,42,,,,,
BOLT,91.2,91.2,91.33,102.81,105.28,96.83,43,48,48,42,,,,,
MI,91.2,91.2,91.33,102.81,105.28,96.83,43,48,48,42,,,,,
CRWS,91.2,91.2,91.33,102.81,105.28,96.83,43,48,48,42,,,,,
PRI,91.2,91.2,91.33,102.81,105.28,96.83,43,48,48,42,,,,,
ARIS,91.2,91.2,91.33,102.81,105.28,96.83,43,48,48,42,,,,,
AESI,91.2,91.2,91.33,102.81,105.28,96.83,43,48,48,42,,,,,
AVBH,91.2,91.2,91.33,102.81,105.28,96.83,43,48,48,42,,,,,
OYSE,91.2,91.2,91.33,102.81,105.28,96.83,43,48,48,42,,,,,
TSSI,91.2,91.2,91.33,102.81,105.28,96.83,43,48,48,42,,,,,
DOYU,91.2,91.2,91.33,102.81,105.28,96.83,43,48,48,42,,,,,
SLGN,91.2,91.2,91.33,102.81,105.28,96.83,43,48,48,42,,,,,
NRC,91.2,91.2,91.33,102.81,105.28,96.83,43,48,48,42,,,,,
ELS,91.2,91.2,91.33,102.81,105.28,96.83,43,48,48,42,,,,,
AMCX,91.2,91.2,91.33,102.81,105.28,96.83,43,48,48,42,,,,,
DMRC,91.2,91.2,91.33,102.81,105.28,96.83,43,48,48,42,,,,,
WSO,91.2,91.2,91.33,102.81,105.28,96.83,43,48,48,42,,,,,
SKYX,91.2,91.2,91.33,102.81,105.28,96.83,43,48,48,42,,,,,
MGIH,91.2,91.2,91.33,102.81,105.28,96.83,43,48,48,42,,,,,
GLMD,91.2,91.2,91.33,102.81,105.28,96.83,43,48,48,42,,,,,
CPHC,91.2,91.2,91.33,102.81,105.28,96.83,43,48,48,42,,,,,
OGS,91.2,91.2,91.33,102.81,105.28,96.83,43,48,48,42,,,,,
MOV,91.2,91.2,91.33,102.81,105.28,96.83,43,48,48,42,,,,,
PINS,91.2,91.2,91.33,102.81,105.28,96.83,43,48,48,42,,,,,
GRC,91.2,91.2,91.33,102.81,105.28,96.83,43,48,48,42,,,,,
DNTH,91.2,91.2,91.33,102.81,105.28,96.83,43,48,48,42,,,,,
ASGN,91.2,91.2,91.33,102.81,105.28,96.83,43,48,48,42,,,,,
PNNT,91.2,91.2,91.33,102.81,105.28,96.83,43,48,48,42,,,,,
XCH,91.2,91.2,91.33,102.81,105.28,96.83,43,48,48,42,,,,,
MCFT,91.2,91.2,91.33,102.81,105.28,96.83,43,48,48,42,,,,,
BNTC,91.2,91.2,91.33,102.81,105.28,96.83,43,48,48,42,,,,,
GBX,91.2,91.2,91.33,102.81,105.28,96.83,43,48,48,42,,,,,
WXM,91.2,91.2,91.33,102.81,105.28,96.83,43,48,48,42,,,,,
SE,91.2,91.2,91.33,102.81,105.28,96.83,43,48,48,42,,,,,
KTOS,91.2,91.2,91.33,102.81,105.28,96.83,43,48,48,42,,,,,
AMAL,91.2,91.2,91.33,102.81,105.28,96.83,43,48,48,42,,,,,
TV,91.2,91.2,91.33,102.81,105.28,96.83,43,48,48,42,,,,,
BORR,91.2,91.2,91.33,102.81,105.28,96.83,43,48,48,42,,,,,
NVS,91.2,91.2,91.33,102.81,105.28,96.83,43,48,48,42,,,,,
PTEN,91.2,91.2,91.33,102.81,105.28,96.83,43,48,48,42,,,,,
RF,91.2,91.2,91.33,102.81,105.28,96.83,43,48,48,42,,,,,
CFG,91.2,91.2,91.33,102.81,105.28,96.83,43,48,48,42,,,,,
EGO,91.2,91.2,91.33,102.81,105.28,96.83,43,48,48,42,,,,,
AYI,91.2,91.2,91.33,102.81,105.28,96.83,43,48,48,42,,,,,
NBTX,91.2,91.2,91.33,102.81,105.28,96.83,43,48,48,42,,,,,
SLDB,91.2,91.2,91.33,102.81,105.28,96.83,43,48,48,42,,,,,
BNRG,91.2,91.2,91.33,102.81,105.28,96.83,43,48,48,42,,,,,
DRMA,91.2,91.2,91.33,102.81,105.28,96.83,43,48,48,42,,,,,
LKFN,91.2,91.2,91.33,102.81,105.28,96.83,43,48,48,42,,,,,
GYRO,91.2,91.2,91.33,102.81,105.28,96.83,43,48,48,42,,,,,
CAE,91.2,91.2,91.33,102.81,105.28,96.83,43,48,48,42,,,,,
NEU,91.2,91.2,91.33,102.81,105.28,96.83,43,48,48,42,,,,,
IEX,91.2,91.2,91.33,102.81,105.28,96.83,43,48,48,42,,,,,
BMHL,91.2,91.2,91.33,102.81,105.28,96.83,43,48,48,42,,,,,
COCO,91.2,91.2,91.33,102.81,105.28,96.83,43,48,48,42,,,,,
AIRO,91.2,91.2,91.33,102.81,105.28,96.83,43,48,48,42,,,,,
SDRL,91.2,91.2,91.33,102.81,105.28,96.83,43,48,48,42,,,,,
BOKF,91.2,91.2,91.33,102.81,105.28,96.83,43,48,48,42,,,,,
AU,91.2,91.2,91.33,102.81,105.28,96.83,43,48,48,42,,,,,
ZURA,91.2,91.2,91.33,102.81,105.28,96.83,43,48,48,42,,,,,
PHOE,91.2,91.2,91.33,102.81,105.28,96.83,43,48,48,42,,,,,
CFR,91.2,91.2,91.33,102.81,105.28,96.83,43,48,48,42,,,,,
PULM,91.2,91.2,91.33,102.81,105.28,96.83,43,48,48,42,,,,,
KMI,91.2,91.2,91.33,102.81,105.28,96.83,43,48,48,42,,,,,
CHMG,91.2,91.2,91.33,102.81,105.28,96.83,43,48,48,42,,,,,
BCARU,91.2,91.2,91.33,102.81,105.28,96.83,43,48,48,42,,,,,
LFUS,91.2,91.2,91.33,102.81,105.28,96.83,43,48,48,42,,,,,
SUNS,91.2,91.2,91.33,102.81,105.28,96.83,43,48,48,42,,,,,
ARBE,91.2,91.2,91.33,102.81,105.28,96.83,43,48,48,42,,,,,
TDIC,91.2,91.2,91.33,102.81,105.28,96.83,43,48,48,42,,,,,
WKEY,91.2,91.2,91.33,102.81,105.28,96.83,43,48,48,42,,,,,
PEGA,91.2,91.2,91.33,102.81,105.28,96.83,43,48,48,42,,,,,
RGNX,91.2,91.2,91.33,102.81,105.28,96.83,43,48,48,42,,,,,
DEA,91.2,91.2,91.33,102.81,105.28,96.83,43,48,48,42,,,,,
DRH,91.2,91.2,91.33,102.81,105.28,96.83,43,48,48,42,,,,,
TLRY,91.2,91.2,91.33,102.81,105.28,96.83,43,48,48,42,,,,,
AEON,91.2,91.2,91.33,102.81,105.28,96.83,43,48,48,42,,,,,
LEU,91.2,91.2,91.33,102.81,105.28,96.83,43,48,48,42,,,,,
HTH,91.2,91.2,91.33,102.81,105.28,96.83,43,48,48,42,,,,,
CNTB,91.2,91.2,91.33,102.81,105.28,96.83,43,48,48,42,,,,,
CTAS,91.2,91.2,91.33,102.81,105.28,96.83,43,48,48,42,,,,,
FLYE,91.2,91.2,91.33,102.81,105.28,96.83,43,48,48,42,,,,,
NU,91.2,91.2,91.33,102.81,105.28,96.83,43,48,48,42,,,,,
JKS,91.2,91.2,91.33,102.81,105.28,96.83,43,48,48,42,,,,,
AMD,91.2,91.2,91.33,102.81,105.28,96.83,43,48,48,42,,,,,
USPH,91.2,91.2,91.33,102.81,105.28,96.83,43,48,48,42,,,,,
CPAC,91.2,91.2,91.33,102.81,105.28,96.83,43,48,48,42,,,,,
CZR,91.2,91.2,91.33,102.81,105.28,96.83,43,48,48,42,,,,,
JPM,91.2,91.2,91.33,102.81,105.28,96.83,43,48,48,42,,,,,
AFYA,91.2,91.2,91.33,102.81,105.28,96.83,43,48,48,42,,,,,
BIYA,91.2,91.2,91.33,102.81,105.28,96.83,43,48,48,42,,,,,
DBX,91.2,91.2,91.33,102.81,105.28,96.83,43,48,48,42,,,,,
SWAG,91.2,91.2,91.33,102.81,105.28,96.83,43,48,48,42,,,,,
KFS,91.2,91.2,91.33,102.81,105.28,96.83,43,48,48,42,,,,,
CIFR,91.2,91.2,91.33,102.81,105.28,96.83,43,48,48,42,,,,,
FSHPU,91.2,91.2,91.33,102.81,105.28,96.83,43,48,48,42,,,,,
FGBIP,91.2,91.2,91.33,102.81,105.28,96.83,43,48,48,42,,,,,
NTRS,91.2,91.2,91.33,102.81,105.28,96.83,43,48,48,42,,,,,
VEEE,91.2,91.2,91.33,102.81,105.28,96.83,43,48,48,42,,,,,
BBUC,91.2,91.2,91.33,102.81,105.28,96.83,43,48,48,42,,,,,
CYCC,91.2,91.2,91.33,102.81,105.28,96.83,43,48,48,42,,,,,
ALLE,91.2,91.2,91.33,102.81,105.28,96.83,43,48,48,42,,,,,
CAR,91.2,91.2,91.33,102.81,105.28,96.83,43,48,48,42,,,,,
FTHM,91.2,91.2,91.33,102.81,105.28,96.83,43,48,48,42,,,,,
LAR,91.2,91.2,91.33,102.81,105.28,96.83,43,48,48,42,,,,,
NTB,91.2,91.2,91.33,102.81,105.28,96.83,43,48,48,42,,,,,
UNFI,91.2,91.2,91.33,102.81,105.28,96.83,43,48,48,42,,,,,
HNNA,91.2,91.2,91.33,102.81,105.28,96.83,43,48,48,42,,,,,
BCAX,91.2,91.2,91.33,102.81,105.28,96.83,43,48,48,42,,,,,
BLMZ,91.2,91.2,91.33,102.81,105.28,96.83,43,48,48,42,,,,,
ONDS,91.2,91.2,91.33,102.81,105.28,96.83,43,48,48,42,,,,,
CUBE,91.2,91.2,91.33,102.81,105.28,96.83,43,48,48,42,,,,,
INBX,91.2,91.2,91.33,102.81,105.28,96.83,43,48,48,42,,,,,
VRRM,91.2,91.2,91.33,102.81,105.28,96.83,43,48,48,42,,,,,
IPM,91.2,91.2,91.33,102.81,105.28,96.83,43,48,48,42,,,,,
HOVNP,91.2,91.2,91.33,102.81,105.28,96.83,43,48,48,42,,,,,
GAIN,91.2,91.2,91.33,102.81,105.28,96.83,43,48,48,42,,,,,
GNS,91.2,91.2,91.33,102.81,105.28,96.83,43,48,48,42,,,,,
TTEK,91.2,91.2,91.33,102.81,105.28,96.83,43,48,48,42,,,,,
HIT,91.2,91.2,91.33,102.81,105.28,96.83,43,48,48,42,,,,,
CVU,91.2,91.2,91.33,102.81,105.28,96.83,43,48,48,42,,,,,
GSK,91.2,91.2,91.33,102.81,105.28,96.83,43,48,48,42,,,,,
CBLL,91.2,91.2,91.33,102.81,105.28,96.83,43,48,48,42,,,,,
PCOR,91.2,91.2,91.33,102.81,105.28,96.83,43,48,48,42,,,,,
ISBA,91.2,91.2,91.33,102.81,105.28,96.83,43,48,48,42,,,,,
WMB,91.2,91.2,91.33,102.81,105.28,96.83,43,48,48,42,,,,,
STT,91.2,91.2,91.33,102.81,105.28,96.83,43,48,48,42,,,,,
CVCO,91.2,91.2,91.33,102.81,105.28,96.83,43,48,48,42,,,,,
SHC,91.2,91.2,91.33,102.81,105.28,96.83,43,48,48,42,,,,,
GLUE,91.2,91.2,91.33,102.81,105.28,96.83,43,48,48,42,,,,,
YUMC,91.2,91.2,91.33,102.81,105.28,96.83,43,48,48,42,,,,,
ATGE,91.2,91.2,91.33,102.81,105.28,96.83,43,48,48,42,,,,,
FLX,91.2,91.2,91.33,102.81,105.28,96.83,43,48,48,42,,,,,
CDXS,91.2,91.2,91.33,102.81,105.28,96.83,43,48,48,42,,,,,
MRUS,91.2,91.2,91.33,102.81,105.28,96.83,43,48,48,42,,,,,
SNOW,91.2,91.2,91.33,102.81,105.28,96.83,43,48,48,42,,,,,
ATHE,91.2,91.2,91.33,102.81,105.28,96.83,43,48,48,42,,,,,
MCHP,91.2,91.2,91.33,102.81,105.28,96.83,43,48,48,42,,,,,
GMM,91.2,91.2,91.33,102.81,105.28,96.83,43,48,48,42,,,,,
BYFC,91.2,91.2,91.33,102.81,105.28,96.83,43,48,48,42,,,,,
VSA,91.2,91.2,91.33,102.81,105.28,96.83,43,48,48,42,,,,,
HFFG,91.2,91.2,91.33,102.81,105.28,96.83,43,48,48,42,,,,,
EFXT,91.2,91.2,91.33,102.81,105.28,96.83,43,48,48,42,,,,,
VRAR,91.2,91.2,91.33,102.81,105.28,96.83,43,48,48,42,,,,,
WIX,91.2,91.2,91.33,102.81,105.28,96.83,43,48,48,42,,,,,
FORA,91.2,91.2,91.33,102.81,105.28,96.83,43,48,48,42,,,,,
UG,91.2,91.2,91.33,102.81,105.28,96.83,43,48,48,42,,,,,
TKC,91.2,91.2,91.33,102.81,105.28,96.83,43,48,48,42,,,,,
OAKUU,91.2,91.2,91.33,102.81,105.28,96.83,43,48,48,42,,,,,
OBA,91.15,91.15,91.33,102.81,105.28,96.83,8,48,48,42,9.94,0.0,9.94,9.94,0.43
ZKH,91.15,91.41,91.74,91.29,104.38,113.07,8,5,13,90,2.85,0.14,3.02,3.26,0.02
KBDC,91.12,91.12,92.54,101.27,106.76,103.94,8,12,84,84,15.18,0.38,15.48,15.53,1.41
BCIC,91.11,91.11,90.05,86.16,97.26,94.43,8,3,7,6,12.15,0.25,12.06,13.16,0.91
ELVR,91.1,91.15,91.33,102.81,105.28,96.83,8,48,48,42,22.35,0.0,22.61,22.61,0.48
AON,91.05,91.05,90.86,100.81,110.5,100.55,8,11,87,82,370.54,0.49,361.84,368.92,0.59
RUM,91.05,93.1,106.59,108.71,218.14,226.63,8,88,98,98,7.11,0.18,8.49,9.09,0.61
ANY,91.04,92.69,113.15,118.68,92.32,157.62,8,92,5,96,0.64,0.18,0.6,0.76,0.49
CDW,90.94,91.47,98.91,99.63,97.73,91.75,8,10,8,4,169.73,0.32,171.86,173.83,1.31
NOW,90.92,91.95,102.55,108.16,103.37,113.77,8,87,12,90,913.8,0.43,938.11,968.26,0.77
ADP,90.9,91.71,94.94,106.2,107.59,101.61,8,86,85,82,295.97,0.52,304.11,301.71,1.25
NSRX,90.9,91.03,91.43,102.81,105.28,96.83,8,48,48,42,7.98,0.0,8.17,8.17,0.41
DOX,90.87,91.51,94.83,106.77,108.04,97.22,8,86,86,78,86.0,0.44,87.93,87.21,0.67
MBIN,90.83,90.83,90.01,88.01,102.26,96.05,8,4,11,7,32.82,0.21,33.11,35.5,0.77
PB,90.81,90.81,92.33,95.44,99.43,103.9,8,7,9,84,68.03,0.24,69.61,72.1,1.64
MCD,90.77,90.77,90.35,108.46,112.79,98.12,8,88,89,79,314.38,0.92,301.72,298.91,0.71
NOTV,90.73,96.32,106.33,105.68,205.42,266.87,8,86,98,98,1.64,0.08,1.91,2.86,0.78
GCMG,90.72,90.72,90.05,100.68,113.68,111.47,8,11,89,89,12.77,0.66,12.14,12.41,0.71
EXR,90.71,90.83,93.89,99.42,100.57,91.47,8,10,9,4,147.28,0.42,144.23,147.19,1.02
DOC,90.64,90.64,89.58,93.87,100.31,93.84,8,6,9,5,18.39,0.35,17.61,18.51,0.82
PHUN,90.62,91.82,98.19,100.49,102.48,197.56,8,11,11,97,2.49,0.01,2.93,3.46,0.78
CCCX,90.6,90.6,91.01,102.81,105.28,96.83,8,48,48,42,10.12,0.17,10.14,10.14,0.03
AVY,90.57,90.97,92.42,97.99,98.61,89.61,8,9,8,3,168.06,0.17,174.37,179.23,0.96
ALUR,90.56,92.96,102.22,100.82,104.14,92.73,8,11,12,5,2.23,0.01,2.61,4.18,0.38
TRGP,90.55,90.55,90.05,94.03,112.52,117.38,8,6,89,91,162.35,0.29,166.54,178.49,1.13
AVR,90.53,90.94,92.02,95.16,120.68,114.2,8,7,92,90,4.16,0.27,3.58,4.82,0.46
AIN,90.53,90.57,90.93,91.96,97.79,99.54,8,5,8,81,62.32,0.25,65.8,71.36,0.64
ASTL,90.51,90.51,99.67,101.43,78.87,96.0,8,12,2,7,5.13,0.11,5.72,6.84,1.43
MDLZ,90.5,91.18,95.04,110.65,115.04,87.63,8,89,90,3,61.74,0.35,65.25,63.55,0.8
FBRT,90.44,90.44,89.05,95.73,105.53,99.05,8,7,83,80,11.67,0.59,10.9,11.41,0.52
RDAG,90.41,90.43,91.02,102.81,105.28,96.83,8,48,48,42,10.22,0.12,10.29,10.29,0.01
SAFE,90.39,90.39,89.07,93.2,97.53,86.16,8,6,7,3,16.3,0.2,15.23,16.55,1.27
OFIX,90.38,90.38,86.27,78.22,101.45,107.22,8,2,10,86,14.55,0.43,12.47,14.9,0.64
MSIF,90.38,91.74,96.04,101.96,108.1,100.7,8,12,86,82,13.99,0.04,15.31,15.64,1.22
CNXN,90.38,90.38,94.0,100.0,100.16,97.1,8,11,9,78,65.56,0.4,64.15,65.92,0.86
PCAP,90.37,90.42,91.34,102.81,105.28,96.83,8,48,48,42,10.22,0.22,10.34,10.34,0.03
BKHAU,90.37,90.37,90.85,103.51,106.47,97.01,8,83,84,78,10.77,0.24,10.52,10.65,50.0
PCAPU,90.35,90.76,92.14,103.12,105.28,96.83,8,83,48,42,10.32,0.01,10.56,10.74,0.43
WSR,90.34,90.34,89.24,98.94,104.68,102.04,8,10,13,83,13.18,0.47,12.46,13.03,1.6
ARVN,90.32,90.32,88.4,79.2,76.79,98.19,8,2,2,79,7.83,0.08,7.49,12.18,1.03
FG,90.3,90.3,89.05,85.82,98.85,103.78,8,3,8,84,34.5,0.25,32.89,37.27,0.93
WGO,90.3,90.3,88.75,85.66,82.31,97.47,8,3,3,78,36.79,0.24,32.4,38.46,0.74
ASTH,90.28,90.28,86.73,88.74,94.5,97.22,8,4,6,78,29.7,0.2,26.33,30.94,0.93
NECB,90.23,90.23,91.85,97.94,98.24,116.11,8,9,8,91,22.18,0.2,22.41,23.46,0.44
BRT,90.2,90.2,90.0,95.55,100.82,98.54,8,7,10,80,15.68,0.25,15.47,16.39,1.67
OCCI,90.19,90.19,90.6,99.58,103.94,100.27,8,10,12,81,5.97,0.62,5.86,6.04,0.47
SBAC,90.19,91.62,96.25,111.93,114.18,90.09,8,89,89,4,197.74,0.14,223.36,217.59,2.1
IIPR,90.18,90.18,89.08,87.44,82.01,92.49,8,4,3,4,57.3,0.15,53.83,62.32,0.61
KD,90.12,92.02,108.6,111.25,138.04,144.62,8,89,95,95,32.76,0.49,35.74,36.0,0.94
OBIO,90.11,90.62,90.62,88.21,99.47,103.31,8,4,9,84,2.75,0.08,2.84,3.87,0.59
GDEN,90.1,90.99,97.53,97.87,99.23,101.25,8,9,9,82,24.8,0.07,27.65,28.91,0.79
CMCSA,90.04,90.04,91.1,99.57,100.65,99.53,8,10,10,81,33.91,0.2,34.02,35.37,1.01
WY,89.98,89.98,89.86,93.53,101.18,97.16,8,6,10,78,26.15,0.22,25.66,27.33,0.76
MMYT,89.92,89.92,90.59,105.74,105.24,110.38,7,86,13,88,100.45,0.44,97.17,102.58,0.86
TC,89.92,91.64,103.82,103.64,90.2,87.73,7,83,4,3,11.97,0.04,13.8,15.98,0.18
WFG,89.89,89.89,89.7,93.24,93.24,100.5,7,6,5,82,75.05,0.19,73.4,78.73,1.18
EZGO,89.88,95.91,97.49,90.34,72.19,70.3,7,5,2,1,0.14,0.0,0.33,0.47,1.13
FUSB,89.87,89.92,92.45,104.54,111.84,109.86,7,84,88,88,12.01,0.42,12.51,12.8,4.38
FUFU,89.84,89.84,88.4,88.06,111.57,123.22,7,4,88,92,3.56,0.19,3.69,4.34,0.3
SPKLU,89.81,89.95,91.29,103.35,103.98,101.46,7,83,12,82,10.79,0.2,10.79,10.98,
FF,89.81,89.81,89.37,89.59,89.87,90.82,7,4,4,4,3.96,0.17,3.9,4.29,0.52
XRAY,89.8,90.55,98.34,98.83,88.43,86.7,7,10,4,3,14.62,0.16,15.01,16.2,0.63
TRNO,89.79,89.79,89.23,95.29,107.27,100.19,7,7,85,81,59.08,0.5,56.26,59.14,1.17
PRTA,89.78,89.78,82.77,61.34,100.86,92.87,7,1,10,5,8.55,0.23,7.27,10.54,1.06
ORMP,89.77,89.77,89.72,104.32,106.86,96.41,7,84,84,7,2.23,0.37,2.14,2.25,0.81
NHTC,89.76,89.76,90.49,106.59,111.0,85.52,7,86,88,2,4.57,0.43,4.41,4.46,1.26
SMTI,89.74,89.74,87.14,96.57,101.52,104.18,7,8,10,84,33.57,0.67,28.92,31.76,0.25
BFIN,89.72,89.72,88.49,100.24,107.13,103.66,7,11,85,84,12.42,0.62,11.62,12.1,0.35
MX,89.7,91.28,103.76,105.11,103.0,101.63,7,85,12,82,2.97,0.13,3.5,3.78,0.88
EG,89.69,89.69,89.43,102.77,104.39,93.11,7,13,13,5,340.0,0.2,336.47,347.11,0.61
BJRI,89.66,92.71,109.35,117.74,113.07,110.45,7,92,89,88,33.56,0.28,37.87,37.25,0.85
NODK,89.6,89.6,88.95,92.58,95.53,97.98,7,5,6,79,13.34,0.24,12.94,13.92,0.4
ADSE,89.57,89.57,87.7,92.18,108.89,108.13,7,5,86,87,9.94,0.13,11.71,13.2,0.87
K,89.5,89.5,89.96,104.15,107.42,98.75,7,84,85,80,79.87,0.58,79.24,80.06,1.26
YPF,89.43,90.28,95.42,99.83,130.64,154.7,7,11,94,96,30.83,0.39,32.25,35.68,1.09
ED,89.4,89.54,89.82,113.99,120.44,92.92,7,91,92,5,98.05,0.48,100.63,99.17,0.7
DLB,89.4,89.4,89.91,99.18,108.84,107.66,7,10,86,87,72.64,0.28,73.88,76.6,0.93
AIRJ,89.34,89.34,87.09,75.55,130.53,140.56,7,2,94,95,4.52,0.09,4.62,6.18,0.34
ICU,89.32,89.32,85.35,80.09,86.41,65.51,7,2,3,1,0.8,0.09,0.72,1.43,0.25
PBHC,89.27,89.27,88.85,96.15,103.0,103.34,7,8,12,84,15.0,0.28,14.84,15.8,6.27
EIX,89.24,89.24,88.49,98.97,99.1,91.93,7,10,8,4,54.45,0.19,53.26,58.32,0.58
NYXH,89.22,91.9,97.55,95.75,123.02,111.51,7,7,92,89,5.93,0.04,7.15,8.1,0.35
MKDW,89.19,93.47,126.9,202.32,169.57,106.65,7,98,97,86,0.21,0.03,0.22,0.42,0.13
ARAI,89.16,89.16,88.28,87.35,105.28,96.83,7,4,48,42,4.11,0.0,7.92,7.81,0.68
CRNX,89.15,89.15,87.61,88.68,85.5,103.47,7,4,3,84,35.61,0.29,30.35,36.5,1.48
AWR,89.13,89.2,90.41,106.15,108.11,96.53,7,86,86,7,74.66,0.33,74.89,76.46,0.7
LLY,89.06,89.06,89.27,97.95,110.26,97.84,7,9,87,79,727.21,0.34,744.05,783.1,0.84
BLIV,89.05,89.05,106.1,168.78,168.47,96.83,7,97,97,42,3.67,0.38,3.05,3.63,0.3
NOVT,89.01,89.5,91.54,91.71,89.18,95.02,7,5,4,6,116.1,0.17,122.44,134.87,0.71
SGMO,89.01,89.01,86.33,73.26,126.2,260.12,7,2,93,98,0.55,0.05,0.53,0.96,0.81
KITT,89.0,93.77,97.35,108.96,289.9,256.07,7,88,98,98,4.39,0.0,8.23,10.68,1.9
DVA,88.98,88.98,88.73,95.91,103.32,102.06,7,7,12,83,137.87,0.2,139.43,148.19,0.81
WIT,88.94,88.94,88.97,89.99,104.4,106.0,7,4,13,86,2.73,0.09,2.82,3.07,0.8
BFAM,88.91,89.47,90.58,106.01,110.34,95.53,7,86,87,6,116.82,0.35,117.99,119.76,0.64
MNTN,88.81,89.48,92.29,102.23,105.28,96.83,7,12,48,42,20.02,0.12,23.89,23.64,1.07
PATH,88.74,90.11,99.25,103.38,104.03,107.51,7,83,12,87,11.49,0.3,11.78,12.47,2.82
MATX,88.7,89.06,90.87,89.29,96.94,108.63,7,4,7,87,105.56,0.18,107.93,122.49,0.75
CHH,88.7,89.06,91.02,93.36,102.86,106.49,7,6,11,86,116.83,0.0,126.24,133.79,0.66
WCN,88.69,88.97,90.33,108.17,112.36,97.64,7,87,89,78,179.3,0.34,184.58,186.45,0.78
LARK,88.66,88.79,93.43,124.05,124.94,115.66,7,93,93,91,26.87,0.73,26.0,25.53,0.14
BLSH,88.65,90.51,91.34,102.81,105.28,96.83,7,48,48,42,52.35,0.13,63.23,63.23,0.44
SNY,88.63,88.81,88.63,104.6,112.29,97.36,7,84,88,78,46.5,0.2,48.75,49.68,2.93
PINE,88.62,88.62,87.99,98.31,102.52,92.26,7,9,11,4,15.47,0.41,14.63,15.51,0.9
MTEX,88.6,88.6,90.02,102.52,151.8,151.8,7,13,96,96,9.57,0.29,8.7,10.14,0.6
BEKE,88.57,88.57,88.24,109.07,124.2,131.95,7,88,92,94,18.99,0.48,18.4,19.02,1.11
CAL,88.56,88.56,86.18,87.77,88.2,79.18,7,4,4,2,15.7,0.13,14.32,17.54,1.84
EPAM,88.55,88.55,90.21,90.6,106.41,115.84,7,5,84,91,169.46,0.21,167.76,194.92,1.35
WAY,88.53,88.75,92.98,105.45,130.68,130.0,7,85,94,94,37.27,0.58,36.81,37.56,0.55
SPH,88.52,88.52,87.95,104.33,118.94,108.15,7,84,91,87,18.4,0.42,18.28,18.77,0.92
TVGN,88.45,92.01,105.85,111.77,214.76,785.24,7,89,98,99,0.87,0.22,1.05,1.17,0.58
WMK,88.36,88.36,89.6,115.23,123.49,99.62,6,91,92,81,73.06,0.43,73.41,73.55,0.81
RVTY,88.36,88.44,88.31,88.02,99.33,96.36,6,4,9,7,86.64,0.07,93.12,103.14,0.91
ONTO,88.36,88.36,86.57,77.97,96.07,96.94,6,2,7,78,104.07,0.11,102.1,133.57,0.78
CPIX,88.35,90.83,107.35,201.78,456.45,387.7,6,98,98,99,3.31,0.39,3.32,3.77,0.65
CNI,88.35,88.8,93.77,103.01,103.09,90.4,6,83,12,4,96.55,0.17,97.92,100.53,1.88
RAND,88.34,88.34,87.55,95.93,159.5,155.62,6,8,96,96,14.91,0.17,16.55,17.84,1.93
PSFE,88.33,88.33,86.18,84.44,98.1,94.07,6,3,8,5,14.68,0.23,13.23,15.65,1.92
HY,88.31,88.57,90.96,90.96,89.46,96.28,6,5,4,7,37.7,0.07,39.53,44.19,1.31
WSC,88.25,89.18,95.78,96.62,95.06,97.22,6,8,6,78,23.71,0.09,27.0,30.21,0.81
BAH,88.21,88.21,88.36,96.18,96.4,97.52,6,8,7,78,102.45,0.04,108.34,116.91,1.3
GLBE,88.19,88.19,87.08,85.36,124.83,140.3,6,3,93,95,35.78,0.2,33.23,41.14,1.27
UNF,88.13,88.2,89.41,94.83,110.52,107.35,6,7,87,86,177.77,0.24,175.21,188.74,0.79
MAIA,88.11,89.16,96.37,108.15,102.55,79.43,6,87,11,2,1.54,0.05,1.66,1.82,2.05
DAWN,88.06,88.06,86.31,76.98,82.74,93.69,6,2,3,5,7.55,0.17,6.8,9.01,0.55
UK,88.04,88.04,89.2,100.42,102.13,92.02,6,11,11,4,1.07,0.16,1.04,1.12,2.5
RGR,88.0,88.0,87.63,104.51,111.93,90.86,6,84,88,4,35.37,0.37,34.73,36.3,0.79
CTO,87.93,87.93,89.0,99.49,102.96,99.85,6,10,12,81,17.42,0.32,17.06,18.07,0.67
ARCO,87.89,87.92,89.28,101.82,106.91,95.86,6,12,85,7,7.0,0.14,7.21,7.55,0.55
EQR,87.89,87.89,90.18,101.64,104.71,94.9,6,12,13,6,66.81,0.4,65.54,68.32,1.04
ERIC,87.87,88.15,92.39,108.84,110.53,105.98,6,88,87,86,8.01,0.59,7.77,8.0,0.78
SFM,87.86,89.85,96.94,115.2,120.58,123.08,6,91,92,92,138.83,0.5,153.99,153.57,0.73
PAM,87.84,88.19,92.45,102.49,116.62,131.4,6,13,90,94,67.97,0.3,71.96,78.42,1.43
BILL,87.82,87.82,87.04,87.43,109.36,149.5,6,4,87,96,51.54,0.23,44.38,58.11,2.63
TURB,87.8,87.8,91.49,120.96,160.18,156.45,6,93,96,96,2.3,0.58,2.29,2.26,0.34
ONON,87.75,89.92,104.17,108.69,104.89,113.21,6,88,13,90,45.52,0.3,49.08,51.81,0.8
MGEE,87.73,87.73,88.95,102.54,104.65,104.12,6,13,13,84,84.75,0.09,85.58,89.88,0.76
MKC,87.7,87.7,87.53,100.44,107.87,96.78,6,11,86,7,70.91,0.16,71.45,74.93,1.09
ELDN,87.69,88.15,90.66,90.04,125.45,156.42,6,5,93,96,2.71,0.09,3.04,3.55,0.98
CLRO,87.69,87.69,96.09,105.25,136.44,119.58,6,85,95,92,4.91,0.07,6.11,7.75,1.62
AVB,87.67,87.68,89.1,98.01,101.45,95.41,6,9,10,6,195.41,0.26,195.59,207.09,0.69
AIRI,87.66,87.67,88.99,89.45,88.93,87.09,6,4,4,3,3.18,0.06,3.32,3.75,0.02
BBOT,87.66,87.67,90.27,104.31,107.51,99.49,6,84,85,81,9.9,0.33,10.26,10.62,1.08
PKOH,87.65,87.65,85.09,83.13,86.41,103.55,6,3,3,84,21.05,0.32,18.26,21.74,1.4
ALC,87.59,87.85,89.49,104.67,110.73,94.74,6,85,87,6,80.17,0.09,85.97,88.04,0.85
ALHC,87.57,87.57,85.91,124.4,148.3,119.76,6,93,96,92,15.86,0.64,14.1,14.57,0.66
PAYX,87.56,88.59,93.44,108.1,110.04,102.01,6,87,87,83,135.44,0.29,141.25,144.28,0.82
QNST,87.52,87.52,86.65,84.31,105.46,113.62,6,3,83,90,15.95,0.14,15.75,18.41,0.76
TDC,87.52,87.57,88.47,89.1,93.03,104.82,6,4,5,85,21.01,0.13,21.47,24.78,1.08
CL,87.5,87.67,89.43,105.2,107.24,90.09,6,85,85,4,85.13,0.09,86.62,89.24,1.24
AMSF,87.48,87.48,86.77,99.33,104.43,107.13,6,10,13,86,45.87,0.23,45.0,48.3,0.84
UMH,87.46,87.8,88.35,98.86,102.71,94.35,6,10,11,6,15.24,0.04,16.24,17.15,1.98
COKE,87.44,87.44,85.76,97.0,114.08,104.85,6,8,89,85,120.81,0.39,114.84,123.43,1.06
RAL,87.43,87.84,91.19,102.81,105.28,96.83,6,48,48,42,43.28,0.17,45.34,45.39,0.45
CPSS,87.38,89.09,93.59,98.64,105.48,110.64,6,9,83,88,7.74,0.09,8.75,9.65,1.09
KBR,87.32,87.32,87.83,100.59,100.59,96.77,6,11,9,7,49.66,0.16,48.48,52.41,0.6
DEFT,87.3,91.64,123.94,143.44,150.33,163.43,6,96,96,96,2.03,0.19,2.68,2.83,0.61
GT,87.26,89.4,104.19,122.85,123.3,110.01,6,93,92,88,8.5,0.2,9.85,9.82,1.07
GIII,87.23,87.23,86.89,96.27,96.27,98.05,6,8,7,79,25.96,0.35,24.66,27.32,1.82
OESX,87.16,87.16,84.02,91.01,98.31,97.08,6,5,8,78,7.26,0.37,6.31,7.29,1.17
EEFT,87.11,88.47,95.44,108.83,109.01,97.79,6,88,86,79,91.16,0.15,98.46,101.7,1.13
SJ,87.0,90.17,101.04,119.85,119.68,107.08,6,92,91,86,0.68,0.07,0.81,0.9,1.57
AXTA,86.89,86.89,85.86,93.06,97.96,102.78,6,6,8,83,31.82,0.3,30.1,33.3,0.92
HLX,86.88,86.88,85.83,85.47,89.01,98.56,6,3,4,80,6.35,0.11,6.24,7.59,0.76
INVH,86.81,87.09,90.43,108.34,111.51,92.57,6,87,88,5,30.25,0.08,31.33,32.21,1.5
LUCD,86.78,86.78,91.12,135.47,168.8,118.81,6,95,97,91,1.37,0.69,1.1,1.15,2.69
VCYT,86.78,86.78,84.03,83.54,111.73,123.54,6,3,88,92,32.43,0.41,27.22,33.23,0.98
CGNT,86.75,88.65,97.07,117.1,126.62,128.84,6,92,93,93,9.01,0.53,9.0,9.19,0.86
AVTR,86.68,86.68,85.54,79.97,84.36,85.54,6,2,3,2,13.31,0.13,13.08,16.29,0.59
XIN,86.67,86.92,97.49,108.92,109.22,133.82,6,88,87,94,1.95,0.09,2.0,2.5,0.0
CCRN,86.66,86.66,85.4,89.27,158.99,158.35,5,4,96,96,14.1,0.51,13.11,14.84,2.82
GNSS,86.64,86.64,83.84,75.19,88.97,113.34,5,2,4,90,1.98,0.2,1.82,2.34,1.4
SAFT,86.57,86.88,89.93,105.09,105.24,96.05,5,85,13,7,72.58,0.26,72.34,76.17,1.25
VTVT,86.55,86.55,90.81,135.74,153.53,116.0,5,95,96,91,18.31,0.53,15.84,16.82,0.37
NWTG,86.52,86.52,84.02,75.25,90.67,79.95,5,2,5,2,1.84,0.0,1.7,9.25,0.53
UFI,86.5,86.9,88.53,94.36,94.47,90.98,5,6,6,4,4.49,0.05,4.64,5.16,0.55
ACI,86.47,86.98,91.73,112.59,116.77,104.74,5,90,90,85,19.06,0.31,20.14,20.43,0.76
HRB,86.42,87.11,91.22,110.06,110.83,89.57,5,88,87,3,51.13,0.16,53.31,54.45,1.15
IOSP,86.38,86.38,85.52,87.87,94.26,100.64,5,4,6,82,85.72,0.17,84.56,96.02,0.72
NRDY,86.17,87.97,99.14,109.4,165.81,179.82,5,88,97,97,1.34,0.45,1.48,1.58,0.76
JJSF,86.08,86.08,85.67,92.25,94.73,95.39,5,5,6,6,109.0,0.02,114.26,129.47,0.68
CHPT,86.07,88.42,92.03,98.02,85.81,91.88,5,9,3,4,10.22,0.06,11.89,15.58,0.6
XRX,86.05,87.2,96.59,98.15,89.53,92.11,5,9,4,4,3.92,0.04,4.69,6.07,0.84
YMAT,85.96,93.7,100.04,102.81,105.28,96.83,5,48,48,42,1.24,0.0,3.9,3.9,0.19
BLIN,85.95,86.27,93.71,120.79,151.64,153.61,5,93,96,96,1.39,0.26,1.44,1.54,0.38
XRTX,85.95,85.95,89.54,107.16,108.89,76.44,5,87,86,1,0.82,0.07,0.84,0.97,0.14
CRIS,85.88,88.21,96.22,101.48,81.92,86.76,5,12,3,3,1.68,0.1,1.77,2.52,0.55
VIRC,85.86,85.86,84.2,85.58,91.73,99.38,5,3,5,80,8.82,0.12,8.2,9.84,0.98
OGN,85.8,85.8,84.13,77.85,99.45,89.41,5,2,9,3,10.38,0.2,9.58,12.27,1.13
MWG,85.62,85.62,90.46,113.37,119.25,101.35,5,90,91,82,0.33,0.31,0.26,0.28,1.11
HBB,85.6,86.52,94.2,107.65,109.46,82.85,5,87,87,2,15.11,0.12,16.02,17.26,0.41
FMX,85.46,86.76,95.12,119.22,120.88,92.17,5,92,92,4,85.36,0.28,92.57,92.0,0.67
FTV,85.42,85.95,89.17,94.72,102.61,101.65,5,7,11,82,47.87,0.08,49.79,54.47,0.76
CPHI,85.41,85.41,100.0,126.7,143.07,120.92,5,94,95,92,1.68,0.24,1.63,1.94,0.69
OMI,85.38,85.65,90.54,91.32,86.67,94.74,5,5,3,6,5.62,0.09,6.9,9.1,0.99
BOC,85.37,85.37,87.97,104.23,107.42,97.52,5,84,85,78,13.5,0.29,13.51,14.28,0.76
NXRT,85.37,85.37,84.21,94.24,99.25,94.23,5,6,9,5,34.67,0.27,33.0,36.88,1.11
PRVA,85.32,85.32,85.94,107.36,119.78,113.93,5,87,91,90,23.28,0.73,21.01,22.32,1.24
JD,85.3,85.3,84.9,98.61,119.02,132.81,5,9,91,94,31.45,0.31,31.97,35.23,1.34
VNCE,85.29,85.29,83.8,82.69,248.22,240.68,5,3,98,98,1.51,0.07,1.5,2.09,0.84
ISRG,85.28,86.56,93.12,100.1,108.01,108.17,5,11,86,87,466.86,0.15,495.03,527.12,1.27
UPS,85.2,85.56,86.92,88.83,94.5,96.97,5,4,6,78,85.04,0.04,92.09,104.73,1.13
MRX,85.18,86.22,98.89,128.84,132.16,124.42,5,94,94,93,34.94,0.49,37.04,36.42,0.67
TXO,85.17,85.17,84.81,97.56,113.01,99.74,5,9,89,81,13.57,0.02,14.37,15.69,0.86
UNIT,85.17,85.69,89.1,89.62,98.57,102.15,5,4,8,83,6.44,0.14,7.34,8.22,1.06
CHKP,85.13,86.17,92.72,111.54,121.81,107.16,5,89,92,86,193.09,0.36,203.2,207.95,1.26
TWFG,85.11,87.31,97.86,113.27,113.75,102.16,5,90,89,83,25.84,0.0,30.37,31.33,0.74
SLXN,85.08,89.81,127.45,383.25,104673.71,125218.74,5,99,99,99,7.15,0.08,9.98,17.14,0.13
OEC,85.08,85.08,84.35,85.0,88.94,98.4,5,3,4,80,10.62,0.15,10.58,12.87,0.77
BNED,85.04,87.46,99.23,112.42,110.05,110.68,5,90,87,88,8.54,0.08,9.57,10.3,0.45
AJG,85.01,85.36,89.52,111.15,118.17,102.59,5,89,91,83,299.18,0.34,302.55,312.14,0.79
TOUR,84.97,84.97,85.27,101.33,107.54,134.36,5,12,85,94,0.88,0.17,0.84,0.93,0.77
CNCK,84.97,84.97,91.9,103.11,95.54,99.68,5,83,6,81,4.88,0.06,5.2,6.95,0.42
ACTU,84.93,84.93,90.03,125.03,124.78,113.08,5,94,93,90,8.24,0.41,7.25,8.13,0.72
MKTX,84.9,85.96,91.77,105.63,105.63,97.09,5,86,83,78,187.5,0.07,201.3,214.73,1.42
MNOV,84.88,84.88,84.38,85.49,106.21,115.78,5,3,84,91,1.29,0.08,1.31,1.6,1.28
HSTM,84.79,84.79,83.9,97.12,108.65,105.77,5,8,86,85,28.14,0.3,26.99,30.15,0.98
VSEE,84.7,87.93,96.93,95.97,116.79,122.64,5,8,90,92,0.67,0.04,1.09,1.29,0.11
BHFAO,84.64,84.9,85.01,95.23,95.9,91.52,5,7,7,4,18.68,0.41,17.89,20.25,0.61
BSM,84.63,84.71,85.26,101.36,107.14,99.97,5,12,85,81,11.95,0.08,12.35,13.38,0.93
GRO,84.53,84.53,81.25,65.05,57.95,92.74,5,1,1,5,1.86,0.04,1.64,3.67,0.33
BHFAP,84.5,84.62,84.68,96.02,96.56,94.15,5,8,7,5,18.54,0.43,17.54,19.77,0.6
IFF,84.47,85.05,89.2,94.83,95.11,87.45,5,7,6,3,66.03,0.06,70.81,77.83,0.93
ALKT,84.45,84.87,93.76,98.14,94.93,117.36,5,9,6,91,25.23,0.23,25.83,30.09,0.79
CRK,84.45,87.59,112.25,133.25,143.96,151.28,5,95,95,96,15.9,0.31,19.42,19.67,0.81
CWST,84.45,85.64,91.47,108.78,112.08,101.0,5,88,88,82,94.69,0.0,105.09,110.07,0.97
EXPO,84.35,84.35,84.12,91.72,92.87,93.17,5,5,5,5,71.42,0.07,72.0,81.07,0.96
QVCGA,84.28,84.28,68.15,49.47,78.7,93.32,4,1,2,5,9.09,0.21,4.22,10.48,0.53
ALSN,84.25,84.77,90.01,98.29,101.23,116.14,4,9,10,91,90.02,0.17,89.6,99.97,0.82
AUNA,84.21,84.21,83.55,94.79,113.43,109.84,4,7,89,88,6.36,0.09,6.29,6.97,0.5
PNRG,84.17,84.17,86.62,102.41,122.51,134.51,4,13,92,94,152.6,0.26,159.96,184.13,1.06
TWO,84.15,84.15,83.58,99.05,114.55,103.2,4,10,90,84,10.36,0.22,10.11,10.98,0.95
ARDT,84.1,84.16,87.97,96.91,97.01,88.09,4,8,7,3,13.16,0.29,12.35,13.98,0.68
TWST,84.08,84.5,84.5,85.51,108.36,113.74,4,3,86,90,25.76,0.03,31.9,38.95,0.92
CMG,84.03,85.19,91.39,97.27,95.56,103.4,4,8,6,84,41.06,0.0,47.54,52.78,1.24
QDEL,84.01,84.01,87.74,88.76,102.65,101.86,4,4,11,83,28.68,0.24,27.03,34.11,0.62
MRT,84.01,84.33,90.43,111.87,162.79,165.64,4,89,96,96,2.41,0.3,2.64,2.97,0.13
IONR,83.96,83.96,82.17,91.06,94.61,140.09,4,5,6,95,3.92,0.22,3.11,3.79,3.01
UEIC,83.85,86.21,101.8,101.72,100.87,120.38,4,12,10,92,4.8,0.05,5.83,7.65,0.95
PCSA,83.73,85.8,86.63,78.23,66.36,86.67,4,2,1,3,0.17,0.0,0.22,0.47,0.37
BNGO,83.72,83.72,81.55,85.85,66.74,67.88,4,3,1,1,3.99,0.05,3.4,6.09,0.78
DXC,83.64,83.64,83.27,84.92,94.76,98.92,4,3,6,80,14.79,0.19,14.32,17.26,1.0
SNFCA,83.6,83.62,83.46,89.44,118.5,124.55,4,4,91,93,8.42,0.07,8.91,10.43,0.5
CRT,83.58,83.68,86.72,106.12,116.38,107.01,4,86,90,86,8.7,0.1,9.17,9.87,1.05
PRFX,83.51,83.51,82.72,174.69,9025.38,12049.48,4,97,99,99,1.42,0.09,1.47,2.37,0.12
PLMR,83.45,85.84,99.25,138.37,140.8,111.57,4,95,95,89,123.21,0.4,131.74,130.83,0.49
LPA,83.27,84.32,86.03,86.55,147.89,147.89,4,3,96,96,6.34,0.09,6.52,8.03,0.24
MNKD,83.24,83.24,78.72,84.09,87.5,104.42,4,3,3,85,5.54,0.53,3.99,5.02,1.66
GMED,83.16,83.16,81.77,85.37,106.69,113.7,4,3,84,90,60.6,0.21,57.76,71.3,0.7
ISPC,83.14,85.62,88.18,79.4,68.51,99.64,4,2,2,81,0.85,0.03,1.06,1.75,33.82
CDLX,83.09,86.05,104.32,104.68,89.34,111.15,4,85,4,89,0.93,0.01,1.6,2.36,0.3
JANX,83.07,83.07,82.36,78.66,94.49,122.84,4,2,6,92,23.98,0.03,24.51,33.79,0.54
CSW,83.05,83.23,87.56,97.15,96.9,124.22,4,8,7,93,265.58,0.11,275.6,316.27,1.2
AIOT,82.95,82.95,81.78,91.15,124.15,129.1,4,5,92,93,5.02,0.26,4.39,5.54,1.94
RYOJ,82.89,85.96,91.33,102.81,105.28,96.83,4,48,48,42,1.92,0.02,2.31,2.31,0.12
FDS,82.81,83.45,90.37,100.11,100.76,102.48,4,11,10,83,371.01,0.02,404.83,440.09,0.84
NL,82.73,82.73,83.21,112.68,114.08,114.23,4,90,89,90,6.37,0.31,6.18,6.9,0.5
AUUD,82.69,87.62,104.23,104.23,76.72,78.95,4,84,2,2,2.06,0.0,3.6,5.61,0.12
NOMD,82.66,82.73,85.59,107.49,118.9,98.36,4,87,91,80,14.71,0.0,16.35,17.4,4.19
ISPO,82.52,83.7,83.79,94.7,129.1,118.77,4,7,93,91,3.16,0.18,3.09,3.8,21.95
ASAN,82.37,82.64,89.18,97.77,162.26,166.9,4,9,96,96,13.46,0.14,14.19,16.91,2.39
MOVE,82.31,82.31,72.04,54.87,132.46,137.33,4,1,94,95,1.08,0.09,0.7,2.52,0.24
MRSN,82.1,82.56,82.56,83.02,62.31,149.72,4,3,1,96,6.82,0.01,7.56,17.06,0.73
XNCR,82.1,82.1,81.0,73.65,85.59,129.26,4,2,3,93,8.55,0.08,8.29,13.52,0.95
EMN,82.05,82.05,85.19,90.03,97.58,99.96,4,5,8,81,69.06,0.2,71.73,83.68,0.68
GTIM,82.05,82.05,80.47,79.47,94.68,90.71,4,2,6,4,1.61,0.15,1.62,2.09,0.18
BRO,81.88,82.24,84.87,107.26,116.01,98.83,4,87,90,80,94.79,0.11,99.67,107.96,0.39
GDTC,81.74,81.74,83.98,101.12,146.83,164.81,4,12,96,96,1.93,0.23,1.97,2.35,0.23
EHAB,81.62,83.11,92.48,118.43,118.26,106.63,4,92,91,86,7.79,0.3,7.49,8.33,0.47
WAT,81.54,81.7,85.62,96.7,106.32,110.31,4,8,84,88,306.32,0.2,305.83,352.05,0.59
ACHC,81.52,81.52,79.21,76.64,82.15,81.62,4,2,3,2,23.72,0.09,22.14,30.11,0.91
SGML,81.5,81.5,76.71,70.52,98.03,131.42,4,2,8,94,6.43,0.2,5.89,8.83,1.1
FLY,81.43,83.44,91.33,102.81,105.28,96.83,4,48,48,42,42.63,0.0,47.53,47.53,0.14
CAVA,81.35,81.78,87.0,87.89,88.45,108.47,4,4,4,87,66.63,0.01,80.22,98.23,0.62
INDP,81.22,83.43,83.3,77.7,80.79,86.67,4,2,2,3,3.3,0.0,8.98,16.84,6.38
CODX,81.12,81.12,78.02,65.53,66.81,79.77,4,1,1,2,0.31,0.07,0.28,0.49,0.04
CWAN,81.1,81.1,82.03,88.53,102.4,110.78,4,4,11,89,20.77,0.16,20.82,25.04,1.29
RARE,80.98,80.98,81.07,91.89,91.38,86.31,4,5,5,3,31.82,0.17,30.5,37.84,0.61
TROX,80.87,80.87,80.7,83.33,75.74,95.16,4,3,2,6,4.48,0.13,4.56,6.79,0.99
CMDB,80.72,80.72,77.54,88.16,105.2,96.83,4,4,13,42,10.63,0.41,9.45,9.73,1.32
XPER,80.71,81.83,90.83,94.89,101.45,107.94,4,7,10,87,6.13,0.09,6.8,8.04,0.97
OXLC,80.67,80.67,85.33,100.34,103.16,98.89,4,11,12,80,3.64,0.35,3.66,4.12,0.67
POWW,80.64,80.64,83.2,115.76,131.21,118.16,4,91,94,91,1.44,0.41,1.29,1.43,1.2
GSHD,80.64,82.01,87.45,106.05,117.49,119.2,4,86,91,92,83.19,0.14,92.21,104.84,0.62
NEOG,80.58,80.58,78.0,72.92,77.02,90.22,4,2,2,4,5.75,0.1,5.22,8.21,0.53
ODYS,80.55,80.69,83.13,89.66,131.81,141.56,3,4,94,95,3.78,0.02,4.42,6.05,0.18
SPSC,80.54,81.53,89.17,94.21,91.16,97.15,3,6,5,78,110.6,0.07,123.75,148.48,0.79
HRTX,80.35,82.6,94.51,129.18,148.05,122.68,3,94,96,92,1.31,0.17,1.73,1.84,0.44
IOT,80.26,80.95,91.55,97.65,99.63,106.44,3,9,9,86,42.09,0.34,36.74,43.03,4.24
FLOC,80.19,80.19,79.63,80.24,91.18,94.84,3,2,5,6,15.56,0.04,17.29,20.76,1.04
BRCC,80.14,80.14,78.57,81.11,83.75,84.45,3,2,3,2,1.53,0.11,1.58,2.18,0.42
EXOZ,80.1,80.63,90.93,102.95,166.99,173.69,3,82,97,97,11.96,0.28,9.87,12.9,1.28
HKD,80.08,81.08,85.64,88.94,90.11,120.85,3,4,4,92,1.6,0.0,1.71,2.23,0.54
RPD,80.03,80.03,79.88,79.77,90.02,108.25,3,2,4,87,20.32,0.09,21.7,29.01,0.99
GRND,79.9,82.91,102.78,131.74,130.85,126.52,3,95,94,93,15.3,0.28,18.43,18.82,0.71
ATXG,79.8,81.71,88.72,109.1,153.3,142.59,3,88,96,95,0.55,0.19,0.56,0.7,0.08
MNDY,79.75,82.88,103.38,112.65,116.96,108.22,3,90,91,87,185.73,0.09,245.12,263.32,0.83
ACN,79.7,80.28,86.17,90.82,100.82,100.92,3,5,10,82,254.95,0.11,269.14,316.44,1.05
DSP,79.39,80.43,91.81,92.75,148.98,168.96,3,5,96,97,10.3,0.06,12.25,15.63,0.68
HUN,79.39,79.39,77.52,80.58,89.71,92.7,3,2,4,5,11.23,0.15,10.65,13.98,0.93
GNPX,79.38,81.55,92.17,93.9,154.6,1359.73,3,6,96,99,0.23,0.02,0.23,0.45,20.62
COLM,79.37,79.37,80.13,85.07,101.96,102.14,3,3,11,83,56.5,0.18,57.14,71.11,1.05
BRAG,78.97,82.27,98.27,101.52,123.1,111.35,3,12,92,89,2.66,0.02,3.82,4.08,0.48
NVCT,78.86,80.19,94.85,161.14,169.66,114.35,3,97,97,90,6.68,0.33,7.15,7.41,0.29
NEO,78.79,78.79,75.11,76.87,90.5,104.6,3,2,4,85,7.98,0.23,6.67,10.44,1.44
LKQ,78.77,79.02,85.36,108.77,113.83,98.3,3,88,89,79,32.38,0.24,33.44,37.4,0.49
CCTG,78.76,78.76,76.96,88.23,122.08,136.07,3,4,92,94,1.1,0.05,1.08,1.41,0.9
KXIN,78.75,80.5,84.66,85.96,76.5,264.7,3,3,2,98,0.68,0.0,0.82,1.16,1.71
PLTK,78.49,79.26,84.73,88.98,87.18,104.43,3,4,3,85,3.72,0.04,4.27,5.45,1.52
CLOV,78.43,78.43,80.56,94.39,121.24,130.97,3,6,92,94,2.75,0.22,2.78,3.38,0.42
SONM,77.9,77.9,75.88,71.73,92.33,125.73,3,2,5,93,0.57,0.01,0.69,1.89,0.14
MCW,77.88,77.88,81.73,101.62,111.42,112.21,3,12,88,89,5.66,0.03,6.08,7.11,0.51
OXM,77.83,77.95,78.07,83.61,94.37,99.16,3,3,6,80,42.14,0.11,42.75,58.2,1.28
PRMB,77.79,78.28,84.37,106.73,120.45,121.12,3,86,92,92,25.24,0.23,26.99,30.45,0.64
CISS,77.76,79.3,79.28,77.81,62.42,88.53,3,2,1,3,2.09,0.0,3.24,5.49,0.65
AMIX,77.62,77.62,77.31,78.52,68.05,73.23,3,2,1,1,1.12,0.01,1.31,2.46,0.09
AUID,77.58,77.8,78.35,122.83,125.25,95.05,3,93,93,6,3.72,0.04,4.22,5.51,0.28
CLRB,77.52,80.9,83.2,103.68,94.87,84.53,3,83,6,2,4.98,0.01,4.98,11.03,0.41
SEMR,77.47,77.91,83.36,84.72,106.02,109.82,3,3,84,88,7.72,0.05,8.44,11.14,0.8
CAG,77.42,77.42,77.11,96.79,101.19,88.24,3,8,10,3,19.28,0.08,19.24,23.14,0.69
GGAL,77.36,78.75,85.73,105.42,120.41,133.04,3,85,91,94,40.1,0.05,47.6,56.36,1.38
NCTY,77.09,77.09,77.35,95.75,164.22,188.44,3,7,97,97,9.65,0.26,8.8,11.89,1.1
HUBS,76.87,77.24,86.41,92.26,118.83,127.69,3,5,91,93,487.53,0.17,505.2,621.49,1.26
FNKO,76.74,76.74,77.86,76.88,113.87,115.06,3,2,89,90,3.27,0.07,3.83,7.6,1.18
CABO,76.51,76.51,72.86,75.4,84.51,104.87,3,2,3,85,163.86,0.15,143.19,239.09,0.59
TZOO,76.13,77.3,85.23,91.79,121.61,149.38,3,5,92,96,9.46,0.01,11.17,15.1,0.73
CHTR,75.99,77.87,94.13,111.52,112.89,105.29,3,89,89,85,261.5,0.03,320.41,358.42,1.11
MYPS,75.9,77.97,89.15,95.71,111.38,120.5,3,7,88,92,0.97,0.04,1.13,1.48,0.7
DARE,75.85,77.3,84.26,97.63,98.49,98.7,3,9,8,80,2.15,0.09,2.32,2.88,0.07
SLVM,75.84,75.84,75.37,83.29,89.71,108.71,3,3,4,87,45.38,0.09,47.37,63.06,0.87
BOLD,75.77,75.77,73.59,74.16,80.96,94.92,3,2,2,6,1.15,0.04,1.15,1.72,0.41
SMC,75.47,75.47,75.81,78.8,110.83,110.3,3,2,87,88,23.04,0.14,23.58,31.75,0.64
FI,75.42,75.42,75.39,90.89,111.58,109.67,3,5,88,88,135.05,0.03,148.82,189.14,0.71
MERC,75.31,75.31,73.75,72.66,109.62,107.36,3,2,87,86,3.23,0.11,3.42,4.96,0.33
DXF,74.95,75.64,86.37,110.85,155.79,151.13,3,89,96,96,4.47,0.01,4.7,8.05,0.34
SKYQ,74.87,77.66,92.41,106.13,93.61,56.59,3,86,5,1,0.41,0.0,0.56,0.81,0.62
PAVM,74.62,75.04,82.83,105.35,113.42,105.25,3,85,89,85,0.45,0.03,0.53,0.67,1.85
LRHC,74.45,74.45,72.02,71.79,71.66,143.0,3,2,2,95,6.61,0.02,6.81,21.97,0.17
FIG,74.41,77.82,89.95,102.81,105.28,96.83,3,48,48,42,54.86,0.0,77.85,77.85,1.36
MSW,74.24,74.48,97.26,114.04,136.51,131.06,3,91,95,94,2.38,0.15,2.69,4.56,0.39
EOLS,74.21,74.21,77.95,88.19,109.85,93.24,3,4,87,5,7.66,0.16,8.29,10.9,0.38
BBAR,74.16,75.56,84.86,112.34,143.7,160.27,3,90,95,96,12.33,0.15,15.18,18.3,1.81
JFBR,73.85,75.39,80.2,183.34,403802.95,2910515.52,2,97,99,99,3.69,0.01,6.13,21.23,0.28
LEXX,73.7,73.7,70.87,77.78,80.35,77.24,2,2,2,2,1.03,0.09,0.88,1.42,0.92
HAIN,72.85,72.85,69.65,62.58,67.19,92.5,2,1,1,4,1.82,0.05,1.7,3.64,0.88
FEBO,72.77,73.19,85.1,94.8,93.09,54.62,2,7,5,1,0.7,0.01,0.88,1.25,0.04
MNDR,72.73,73.09,73.19,117.4,187.46,114.65,2,92,97,90,0.8,0.0,1.04,1.86,25.36
RAYA,72.62,79.44,122.41,163.22,127.51,169.21,2,97,93,97,0.05,0.0,0.89,1.26,0.24
TPL,72.33,72.33,78.52,106.06,117.09,140.83,2,86,91,95,889.19,0.11,958.06,1207.83,0.93
NVCR,72.19,72.41,80.61,89.02,145.95,157.56,2,4,95,96,12.28,0.06,13.83,19.48,0.77
PTLO,72.17,74.76,89.23,99.84,126.63,105.04,2,11,93,85,6.82,0.01,9.35,11.21,1.16
VERX,71.86,74.22,84.64,93.55,106.33,129.95,2,6,84,94,24.04,0.0,30.68,40.98,1.21
SDA,71.67,71.67,68.96,64.54,76.2,96.05,2,1,2,7,2.64,0.05,2.39,4.89,0.72
TELO,71.62,71.62,71.12,71.65,108.12,107.87,2,2,86,87,1.24,0.02,1.55,3.13,0.06
ANGH,71.56,72.45,78.25,92.04,98.02,95.16,2,5,8,6,3.3,0.04,4.09,6.0,0.08
JAMF,71.54,71.54,70.32,81.82,92.08,90.8,2,3,5,4,9.18,0.18,8.49,11.91,1.05
MRNO,71.49,73.47,87.76,103.24,127.58,135.0,2,83,93,94,5.45,0.0,7.46,9.67,0.25
SPT,70.74,71.54,80.37,82.04,105.29,111.96,2,3,83,89,15.15,0.08,17.3,24.28,1.01
SDOT,70.52,70.52,68.57,60.22,105.56,114.01,2,1,83,90,0.9,0.01,1.1,2.26,0.16
RNTX,70.19,70.54,82.23,99.04,98.69,110.51,2,10,8,88,1.33,0.08,1.31,1.86,1.17
SCNI,70.09,71.16,81.49,87.98,105.07,102.66,2,4,13,83,1.5,0.02,1.87,2.75,0.06
LSB,69.76,69.76,67.55,65.93,98.07,95.96,2,1,8,7,0.84,0.02,0.92,1.78,0.04
RVPH,69.3,69.46,71.92,76.57,173.3,179.22,2,2,97,97,0.44,0.04,0.44,1.07,0.2
FPAY,69.24,70.82,89.37,96.82,126.46,146.32,2,8,93,95,0.74,0.14,0.93,1.34,0.37
GIPR,69.14,70.25,85.14,94.72,95.73,88.47,2,7,6,3,0.95,0.1,1.21,1.55,0.2
BRBR,69.06,69.45,75.68,97.66,107.97,116.09,2,9,86,91,39.46,0.08,48.84,65.94,1.2
PN,68.86,73.4,90.56,89.21,98.1,96.74,2,4,8,7,0.95,0.01,2.22,2.7,1.32
ASNS,68.81,69.98,73.86,81.64,95.64,95.64,2,2,6,7,0.44,0.05,0.53,0.87,0.41
CNEY,68.76,68.76,70.96,73.05,124.21,1341.96,2,2,92,99,2.2,0.0,2.41,4.58,0.82
RANI,68.58,68.58,65.64,66.23,93.83,96.71,2,1,6,7,0.5,0.03,0.53,1.1,0.16
CLSD,68.34,69.69,77.01,95.47,100.26,110.92,2,7,9,89,0.35,0.01,0.53,0.82,0.08
CTW,68.19,71.43,91.33,102.81,105.28,96.83,2,48,48,42,1.96,0.04,2.29,2.29,0.04
JBIO,67.89,67.89,63.56,58.53,109.02,123.74,2,1,86,93,7.77,0.01,8.39,51.74,0.26
NIVF,67.57,80.87,214.16,44396.94,5381673.71,13131.17,2,99,99,99,1.83,0.0,2.65,23.04,0.03
AMBR,67.53,72.79,94.65,156.2,236.22,260.83,2,96,98,98,3.98,0.11,6.92,8.57,0.86
MAGH,67.02,71.77,91.33,102.81,105.28,96.83,2,48,48,42,1.04,0.0,1.67,1.67,0.22
COOT,66.88,66.98,66.98,83.35,153.57,149.23,2,3,96,96,0.53,0.03,0.57,0.94,0.15
ATER,66.64,66.64,72.63,92.99,99.11,80.09,2,6,8,2,0.98,0.01,1.25,1.86,0.57
TRDA,66.59,67.05,68.14,70.62,81.25,115.11,2,2,2,90,5.29,0.02,6.08,10.55,1.63
IMG,66.07,66.07,63.57,113.05,580.68,3987.1,2,90,99,99,0.23,0.01,0.26,0.52,0.07
FCUV,65.97,67.67,88.47,163.5,457.35,349.46,2,97,98,98,2.16,0.04,2.8,3.86,0.49
VSTD,65.97,69.16,97.11,330.6,517.76,158.91,2,98,99,96,1.32,0.14,1.88,2.33,0.47
MXCT,65.89,66.6,71.53,72.46,111.25,112.93,2,2,88,90,1.41,0.04,1.84,2.96,0.61
TEAD,64.87,64.88,65.7,65.51,125.27,132.15,2,1,93,94,1.63,0.0,2.29,4.15,0.57
IVP,63.96,64.0,64.14,74.51,61.6,47.69,2,2,1,1,0.92,0.01,0.95,2.28,0.08
SOS,63.89,72.35,114.85,124.72,91.93,137.39,2,93,5,95,1.22,0.0,4.33,5.81,1.33
BBLG,63.28,64.94,79.21,92.4,89.4,206.56,2,5,4,98,2.31,0.02,2.75,4.86,0.55
CWD,62.88,62.88,55.46,57.12,121.37,108.83,2,1,92,87,2.08,0.03,2.77,7.58,0.07
WYHG,62.5,62.5,59.53,99.23,210.09,179.48,2,10,98,97,1.23,0.01,1.34,4.95,1.78
DVLT,62.38,66.89,80.03,84.31,77.59,97.91,2,3,2,79,0.31,0.01,0.54,1.01,0.67
GDYN,62.34,62.41,68.52,76.51,126.18,133.05,2,2,93,94,7.82,0.01,9.48,15.27,0.97
PFAI,62.2,62.2,61.74,86.5,104.11,96.83,2,3,12,42,2.6,0.46,1.8,2.33,23.74
TRNR,62.13,64.8,71.19,70.51,68.51,35.34,2,2,2,1,3.15,0.0,5.07,14.06,0.32
AMZE,61.81,64.04,75.26,86.94,113.0,185.2,2,4,89,97,1.89,0.0,5.4,10.82,1.45
LEE,61.8,62.16,64.73,75.15,93.89,188.56,2,2,6,97,4.09,0.02,5.26,9.41,0.2
OST,61.65,76.87,250.18,843.67,506.0,103.57,2,99,99,84,1.66,0.0,2.81,57.64,0.09
SLE,59.45,59.93,61.68,67.01,76.03,87.45,2,1,2,3,2.89,0.0,4.37,13.33,0.2
LFWD,56.04,56.97,60.75,95.98,113.67,87.47,2,8,89,3,0.53,0.0,0.68,1.35,0.49
LUNG,54.83,54.83,53.87,70.18,116.86,104.45,2,1,91,85,1.74,0.03,2.26,4.86,0.43
ADAP,54.65,58.59,76.08,83.45,76.92,76.55,2,3,2,1,0.04,0.0,0.15,0.37,0.72
JXG,54.6,56.9,72.84,168.76,520.99,312.77,1,97,99,98,0.91,0.03,1.12,1.89,0.6
BDRX,54.31,54.75,55.08,55.23,85.58,87.96,1,1,3,3,5.65,0.0,7.59,23.2,0.18
OFAL,53.82,54.56,59.77,103.03,105.28,96.83,1,83,48,42,1.27,0.01,1.72,2.18,0.09
SCAG,53.72,55.24,68.29,102.81,105.28,96.83,1,48,48,42,4.87,0.13,4.9,4.9,27.95
SLP,53.69,53.94,61.26,104.07,106.68,101.83,1,84,84,83,13.84,0.06,14.58,25.82,0.57
MSPR,51.76,56.02,82.01,130.12,153.04,138.7,1,94,96,95,2.55,0.01,5.66,11.17,27.14
INMB,51.49,53.8,63.13,118.16,166.8,139.86,1,92,97,95,1.95,0.0,2.54,5.98,0.19
INAB,50.7,50.7,49.64,68.17,111.65,137.58,1,1,88,95,2.16,0.01,2.24,5.55,0.41
CSAI,50.51,50.51,49.84,73.19,108.23,95.53,1,2,86,6,1.19,0.0,1.81,4.76,1.35
AIHS,49.89,50.42,63.64,112.03,108.21,92.61,1,90,86,5,2.38,0.03,2.68,7.33,0.39
TNFA,48.52,51.81,52.31,47.93,63.22,93.82,1,1,1,5,3.3,0.0,9.98,48.73,0.97
SRPT,47.87,47.87,46.46,53.59,92.17,93.98,1,1,5,5,18.71,0.05,17.74,67.85,0.38
TRUG,46.54,48.26,52.09,80.39,119.32,106.68,1,2,91,86,3.5,0.0,5.14,15.85,0.2
MYO,43.82,44.8,52.16,84.54,131.75,146.91,1,3,94,96,1.0,0.0,1.69,4.11,0.76
AQMS,43.06,43.06,41.76,67.91,102.0,92.28,1,1,11,4,4.17,0.02,4.57,13.97,0.14
EDHL,41.09,45.61,71.02,115.4,104.03,96.83,1,91,12,42,0.4,0.0,1.74,3.05,0.35
ORIS,39.61,41.68,63.17,150.5,4657.89,4499.2,1,96,99,99,0.11,0.0,0.28,1.63,0.12
JAGX,38.32,38.32,40.69,51.84,87.72,93.46,1,1,3,5,1.77,0.01,2.19,11.47,1.13
JZ,38.08,38.08,36.9,80.56,118.96,120.3,1,2,91,92,1.54,0.01,1.67,6.2,0.14
MASK,37.97,40.87,63.09,127.64,128.49,93.94,1,94,93,5,0.65,0.02,1.26,2.6,0.8
ADVB,36.7,36.7,35.47,57.69,103.38,96.83,1,1,12,42,0.42,0.02,0.54,1.45,0.28
IVF,34.18,36.52,49.54,57.11,75.92,145.16,1,1,2,95,0.82,0.0,1.9,11.19,0.17
CHSN,30.93,36.12,77.75,124.11,100.51,2392.49,1,93,9,99,2.06,0.0,6.76,132.23,0.88
CDT,30.26,30.26,29.18,32.04,47.1,86.76,1,1,1,3,1.18,0.0,1.95,35.61,0.43
NAMM,22.0,23.41,39.01,102.81,105.28,96.83,1,48,48,42,3.24,0.02,5.24,7.79,0.31
GVH,16.77,19.91,55.11,170.58,143.65,99.64,1,97,95,81,4.14,0.0,9.17,125.62,0.08
GIBO,3.57,4.02,7.8,87.3,112.95,99.46,1,4,89,81,2.4,0.0,10.48,1429.96,0.14
BINI,0.17,0.21,0.37,0.37,13.62,29.74,1,1,1,1,0.18,0.0,23.75,56063281.79,1.16
