Ticker,Name,Sector,Industry,Price,EPS QoQ (%),QoQ 2Q Algo (%),QoQ 3Q Algo (%),EPS YoY (%),YoY 2Q Algo (%),EPS RS,TTM EPS,Rev RS,TTM RPS,TTM PE,Rating (EPS RS),Rating (Rev RS)
3236,千如,Technology,Electronic Components,16.1,174.93,0.99,-3.17,876.14,,58272.07,0.19,-42.78,17.817,85.0,99,29
3062,建漢,Technology,Communication Equipment,25.5,0.98,57.25,-2.0,477.39,,32715.7,2.31,-19.78,11.681,11.13,99,78
4916,事欣科,Technology,Computer Hardware,40.6,0.38,0.61,4.41,291.25,,18927.87,0.52,-41.83,34.803,78.46,99,31
4541,晟田,Industrials,Aerospace & Defense,41.6,0.04,0.04,2.17,5.13,,11684.04,2.01,-22.51,21.795,20.67,99,75
1512,瑞利,Consumer Cyclical,Auto Parts,8.8,75.34,1.01,-15.0,169.38,,11658.29,-0.5,-38.04,10.851,,99,41
8374,羅昇,Industrials,Industrial Distribution,91.5,0.23,0.3,2.0,147.06,,9730.09,0.84,-0.71,36.427,111.43,99,89
1593,祺驊,Consumer Cyclical,Leisure,28.2,-0.19,-0.16,0.35,130.58,,8662.54,2.12,-31.38,28.972,13.3,99,59
1806,冠軍,Industrials,Building Products & Equipment,9.92,-1.75,-0.64,17.0,0.33,,8000.42,0.32,-38.64,8.842,31.56,99,40
2485,兆赫,Technology,Communication Equipment,11.25,0.22,0.18,-2.0,-0.71,,7950.11,-2.52,-144.03,6.441,,99,4
6141,柏承,Technology,Electronic Components,11.65,26.33,0.96,0.2,80.67,,5296.16,-5.63,-84.16,17.737,,99,5
5213,亞昕,Real Estate,Real Estate Services,27.7,1.59,2.7,-0.85,78.5,,5251.42,3.04,395.74,25.535,9.31,98,98
2363,矽統,Technology,Semiconductors,53.4,-574.39,-1.0,6.93,77.62,,5176.52,0.84,835.48,1.883,63.45,98,98
4503,金雨,Industrials,Business Equipment & Supplies,52.0,33.97,1.03,-3.83,72.84,,4837.99,-0.97,5.59,5.793,,98,91
4967,十銓,Technology,Computer Hardware,71.5,-0.36,-0.27,-0.07,-3.1,,4681.71,3.73,29.75,274.229,19.28,98,94
3605,宏致,Technology,Electronic Components,55.5,0.18,0.21,0.92,67.5,,4472.84,3.48,-18.95,74.188,16.29,98,79
5310,天剛,Technology,Computer Hardware,44.75,-1.69,-0.63,21.27,-1.57,,4429.67,2.18,-326.54,0.038,20.34,98,2
4420,光明,Consumer Cyclical,Textile Manufacturing,54.7,-0.1,-0.09,35.69,8.18,,4350.54,11.72,-9.39,22.631,4.66,98,86
1445,大宇,Consumer Cyclical,Textile Manufacturing,14.0,8.0,8.0,-8.0,37.94,,3616.47,-1.34,-56.63,7.253,,98,12
3504,揚明光,Industrials,Electrical Equipment & Parts,45.2,3.67,3.67,6.29,51.25,,3362.9,-0.12,-36.77,22.875,,98,45
4555,氣立,Technology,Electronic Components,33.65,279.07,1.0,-7.5,43.86,,2833.61,-0.81,-32.72,22.095,,98,55
6649,台生材,Healthcare,Medical Devices,36.95,1.08,13.67,0.0,40.5,,2724.66,0.77,153.1,3.465,47.66,98,97
1799,易威,Healthcare,Drug Manufacturers - Specialty & Generic,50.1,2.0,0.67,2.6,40.0,,2662.71,-0.41,46.86,5.097,,98,95
1423,利華,Consumer Cyclical,Textile Manufacturing,37.0,0.4,0.66,0.23,36.0,,2372.56,1.53,-75.03,0.93,24.18,98,7
2008,高興昌,Basic Materials,Steel,24.35,-0.83,-0.45,-0.12,32.71,,2220.92,0.33,-20.89,8.191,73.79,98,77
3454,晶睿,Industrials,Security & Protection Services,106.0,-0.35,-0.26,2.7,31.5,,2106.58,4.03,-17.9,89.161,26.55,98,80
2724,藝舍-KY,Consumer Cyclical,Lodging,25.25,-40.75,-1.03,9.39,20.0,,1989.92,3.79,87.74,9.418,6.57,98,96
6596,寬宏藝術,Communication Services,Entertainment,154.0,0.28,0.39,1.95,0.72,,1989.44,7.85,-24.29,45.192,20.13,98,72
1315,達新,Consumer Cyclical,Apparel Manufacturing,66.2,-0.94,-0.48,-0.35,-1.62,,1907.95,1.89,-28.49,23.373,34.71,98,65
3363,上詮,Technology,Communication Equipment,294.0,7.5,1.15,-2.86,30.0,,1865.85,-0.17,-8.99,14.703,,98,87
2547,日勝生,Industrials,Conglomerates,12.25,1.05,21.23,0.29,27.27,,1785.71,2.91,-44.43,7.247,4.23,97,25
6969,成信實業*-創,Industrials,Conglomerates,41.3,13.75,0.93,0.04,29.5,,1739.7,-1.56,42.57,6.494,,97,95
4416,三圓,Real Estate,Real Estate Services,61.9,-0.61,-1.55,-6.22,-9.47,,1580.21,-1.36,-13.43,6.494,,97,84
3541,西柏,Technology,Consumer Electronics,25.85,2.0,2.0,1.33,0.5,,1533.06,-0.02,-33.95,18.1,,97,52
8466,美吉吉-KY,Industrials,Building Products & Equipment,27.7,0.2,0.25,-1.18,21.0,,1398.62,2.56,-20.33,59.351,10.78,97,77
6241,易通展,Technology,Communication Equipment,12.65,6.3,1.19,-3.57,18.0,,1328.6,0.27,1.67,14.107,48.15,97,90
3064,泰偉,Communication Services,Electronic Gaming & Multimedia,63.3,-1.77,-2.3,4.9,-2.4,,1314.88,-1.68,-92.72,8.05,,97,5
3313,斐成,Industrials,Engineering & Construction,13.65,0.1,0.09,1.4,-20.87,,1313.42,-0.7,-1552.18,0.147,,97,2
6658,聯策,Technology,Semiconductor Equipment & Materials,73.3,4.55,4.55,-2.81,19.0,,1270.3,1.45,10.06,54.085,50.69,97,92
4175,杏一,Healthcare,Pharmaceutical Retailers,63.1,0.36,0.57,3.53,18.17,,1188.38,2.73,-35.49,184.408,22.93,97,48
1432,大魯閣,Consumer Cyclical,Leisure,16.95,6.0,6.0,0.57,16.62,,1182.93,-0.42,-29.94,12.495,,97,62
5278,尚凡,Communication Services,Internet Content & Information,36.3,0.31,0.44,-0.14,17.5,,1151.65,0.98,-23.51,7.706,37.4,97,74
5276,達輝-KY,Consumer Cyclical,Auto Parts,14.9,-0.18,-0.15,2.75,15.5,,1024.65,1.08,-18.22,23.99,13.8,97,80
2331,精英,Technology,Computer Hardware,18.2,1.1,10.7,-2.2,13.57,,1017.86,0.8,-46.03,31.559,23.0,97,23
1457,宜進,Consumer Cyclical,Textile Manufacturing,17.35,-0.21,-0.18,1.81,14.67,,983.83,1.35,-44.11,14.431,12.81,97,26
3083,網龍,Communication Services,Electronic Gaming & Multimedia,34.55,0.2,0.25,-3.5,-3.17,,974.58,0.43,-65.47,4.558,81.4,97,8
3362,先進光,Technology,Electronic Components,117.5,-0.2,-0.17,-0.58,-2.63,,930.6,1.98,-32.65,30.662,59.85,97,55
2614,東森,Industrials,Conglomerates,15.6,0.17,0.2,-1.1,13.0,,894.85,1.38,-46.84,18.656,11.41,97,22
6510,精測,Technology,Semiconductor Equipment & Materials,888.0,0.35,0.54,0.59,14.7,,877.12,21.84,4.71,124.475,40.66,97,91
6994,富威電力,Utilities,Utilities - Renewable,97.1,0.63,1.7,-4.9,10.0,,859.58,1.76,29.66,32.176,55.51,96,94
8089,康全電訊,Technology,Communication Equipment,44.8,-22.04,-1.05,0.11,18.33,,859.42,10.4,10.8,68.974,4.36,96,92
3056,富華新,Real Estate,Real Estate - Development,33.65,1.21,5.79,-1.43,12.38,,832.0,7.77,6137.7,45.084,4.4,96,99
2528,皇普,Real Estate,Real Estate Services,31.55,1.67,2.5,0.56,11.8,,805.65,4.3,1819885.5,19.709,7.51,96,99
6209,今國光,Technology,Electronic Components,24.15,18.5,1.06,-5.0,12.0,,783.78,-0.63,-24.54,14.948,,96,72
3018,隆銘綠能,Industrials,Engineering & Construction,14.25,-25.0,-25.0,-1.08,11.23,,768.39,0.0,16.82,13.711,,96,93
2312,金寶,Technology,Computer Hardware,18.2,0.0,0.0,0.17,0.17,,764.07,1.19,-19.26,116.521,15.46,96,79
2440,太空梭,Industrials,Electrical Equipment & Parts,12.35,8.08,1.14,-1.5,13.12,,763.99,-0.39,-30.73,29.458,,96,60
3234,光環,Technology,Semiconductors,36.2,4.07,1.33,-0.06,12.86,,758.15,-1.28,-24.71,5.664,,96,72
6624,萬年清,Industrials,Waste Management,35.0,-1.8,-2.25,10.0,6.0,,746.08,1.13,4.25,32.363,30.75,96,91
3219,倚強科,Industrials,Specialty Industrial Machinery,49.05,-4.12,-1.32,-1.86,12.25,,731.85,0.81,21.04,18.073,60.68,96,93
6441,廣錠,Technology,Semiconductors,27.2,-0.24,-0.31,0.3,-0.51,,718.86,-2.87,-77.22,9.734,,96,6
3432,台端,Industrials,Electrical Equipment & Parts,14.75,0.18,0.15,-0.35,-0.31,,640.04,-0.57,60.72,1.316,,96,96
2221,大甲,Basic Materials,Steel,29.5,-0.12,-0.11,0.72,9.83,,625.78,2.58,-35.14,33.897,10.97,96,49
5210,寶碩,Technology,Software - Application,27.5,3.4,1.42,1.48,10.4,,625.25,-0.31,-46.73,3.394,,96,22
3563,牧德,Technology,Semiconductor Equipment & Materials,525.0,0.8,3.92,-1.58,9.44,,600.92,10.34,83.72,35.363,49.32,96,96
5490,同亨,Industrials,Business Equipment & Supplies,28.4,1.01,83.87,-12.12,8.37,,590.84,1.02,-24.46,15.65,27.99,96,72
2534,宏盛,Real Estate,Real Estate - Development,24.85,0.96,24.75,7.0,9.1,,570.62,1.52,217.96,7.567,16.55,96,98
5521,工信,Industrials,Engineering & Construction,11.25,-5.5,-1.22,19.0,9.0,,560.47,0.2,-2.25,15.745,57.75,96,89
8011,台通,Technology,Communication Equipment,20.0,0.57,1.31,-2.08,0.88,,544.66,2.65,-70.53,13.442,7.66,95,7
6593,台灣銘板,Industrials,Business Equipment & Supplies,70.7,0.61,1.58,-0.33,7.33,,543.81,0.6,-44.51,24.858,124.0,95,25
1451,年興,Consumer Cyclical,Textile Manufacturing,18.8,0.51,1.02,0.33,7.93,,529.06,2.4,-59.24,30.738,7.83,95,11
2646,星宇航空,Industrials,Airlines,25.85,0.09,0.1,1.27,0.0,,521.4,0.53,92.43,14.106,49.53,95,97
6158,禾昌,Technology,Electronic Components,23.6,-31.5,-0.97,-0.12,8.0,,504.72,1.34,-41.63,35.18,17.61,95,32
6574,霈方,Consumer Defensive,Household & Personal Products,74.1,-0.06,-0.05,0.48,6.82,,491.83,5.25,-26.76,27.746,14.1,95,68
8040,九暘,Technology,Semiconductors,58.4,0.11,0.1,1.64,7.56,,486.04,-0.7,-36.21,7.429,,95,47
3450,聯鈞,Technology,Semiconductor Equipment & Materials,203.5,0.38,0.62,1.21,6.55,,467.88,5.8,37.61,62.055,35.26,95,95
6955,邦睿生技,Healthcare,Medical Devices,189.5,0.22,0.29,-0.02,0.53,,460.51,3.83,11.78,10.774,48.83,95,92
3465,進泰電子,Technology,Consumer Electronics,50.0,0.01,0.01,2.09,8.78,,456.72,1.5,-26.07,48.309,34.87,95,69
3349,寶德,Technology,Computer Hardware,18.15,4.67,0.82,-4960.6,7.33,,456.32,-0.55,-42.77,11.736,,95,29
5314,世紀,Technology,Semiconductors,58.5,0.89,8.47,-2.8,1.89,,455.34,1.41,197.45,3.147,45.18,95,98
4562,穎漢,Industrials,Specialty Industrial Machinery,53.0,2.75,1.57,-2.0,5.5,,453.03,-0.23,-35.07,9.036,,95,49
3054,立萬利,Healthcare,Drug Manufacturers - Specialty & Generic,22.7,6.75,0.87,-8.25,4.5,,450.54,-0.31,-86.61,1.021,,95,5
1472,三洋實業,Consumer Cyclical,Textile Manufacturing,96.0,0.55,1.23,0.96,0.56,,433.45,3.93,19.66,54.295,24.17,95,93
6259,百徽,Technology,Electronics & Computer Distribution,16.45,0.87,7.0,-7.2,0.36,,432.73,0.58,-12.76,16.971,29.05,95,84
3150,鈺寶-創,Technology,Semiconductor Equipment & Materials,22.2,-0.47,-0.32,-0.23,7.0,,432.24,0.94,-25.0,8.377,23.83,95,71
5251,天鉞電,Technology,Electronic Components,56.9,2.0,2.0,-3.6,1.17,,427.24,0.13,16.61,9.463,435.38,95,93
5228,鈺鎧,Technology,Electronic Components,16.9,1.55,0.61,0.51,7.0,,424.44,-1.48,-27.94,12.007,,94,66
6796,晉弘,Healthcare,Medical Devices,80.1,8.62,1.13,-10.29,8.5,,412.84,0.5,-13.42,16.582,161.0,94,84
1526,日馳,Consumer Cyclical,Leisure,18.35,8.27,8.27,-6.67,7.67,,397.13,-0.48,-44.24,12.495,,94,26
1599,宏佳騰,Consumer Cyclical,Auto Manufacturers,30.1,-16.12,-0.94,12.3,13.25,,396.53,1.69,-38.81,32.038,18.22,94,39
6762,達亞,Healthcare,Medical Devices,240.0,0.47,0.9,-3.24,6.25,,391.77,2.06,3.43,18.327,116.5,94,90
8097,常珵,Technology,Communication Equipment,64.7,-0.83,-0.45,-0.31,3.67,,381.23,0.6,2955.08,5.448,109.5,94,99
3308,聯德,Industrials,Electrical Equipment & Parts,17.75,0.04,0.04,9.8,3.46,,380.36,1.44,-1314.03,0.634,12.47,94,2
4167,松瑞藥,Healthcare,Biotechnology,18.55,0.81,4.19,0.86,4.55,,377.7,1.56,-43.2,3.85,12.18,94,28
1471,首利,Technology,Computer Hardware,10.0,0.06,0.07,10.0,5.25,,372.93,0.25,-56.73,1.788,40.2,94,12
6834,天二科技,Technology,Electronic Components,30.6,0.26,0.35,-0.6,5.8,,372.27,0.93,-14.92,15.398,33.39,94,83
3379,彬台,Industrials,Specialty Industrial Machinery,66.0,-0.19,-0.16,-1.27,3.94,,368.86,1.77,132.78,33.66,38.87,94,97
5426,振發,Industrials,Metal Fabrication,23.8,-0.21,-0.18,13.25,5.67,,366.28,1.37,-2.6,11.657,17.66,94,89
6743,安普新,Technology,Consumer Electronics,29.65,-3.48,-1.4,1.49,-0.15,,361.5,2.06,-34.81,46.77,14.39,94,50
2498,宏達電,Technology,Consumer Electronics,37.3,1.56,2.79,-0.08,5.5,,353.85,1.8,-33.92,3.835,21.03,94,52
5321,美而快,Technology,Electronic Components,38.7,-1.17,-0.54,286.35,13.83,,341.5,0.86,-34.99,64.046,45.47,94,50
1463,強盛新,Consumer Cyclical,Textile Manufacturing,18.95,0.39,0.64,5.4,4.56,,341.15,3.68,439.67,7.313,5.16,94,98
1540,喬福,Industrials,Specialty Industrial Machinery,29.2,0.59,1.42,-5.31,-0.32,,338.08,1.96,-33.95,5.863,15.15,94,52
5468,凱鈺,Technology,Semiconductors,16.9,2.2,2.2,-2.14,6.0,,337.9,0.05,-37.68,3.417,338.0,94,42
3704,合勤控,Technology,Communication Equipment,27.05,2.33,2.33,-2.14,5.36,,334.85,1.99,-21.83,67.935,14.07,94,76
1456,怡華,Real Estate,Real Estate Services,12.5,-0.5,-1.0,1.75,-0.04,,334.38,1.08,-106.22,9.877,11.62,93,4
1736,喬山,Consumer Cyclical,Leisure,174.5,-0.36,-0.27,0.64,2.98,,331.23,9.39,-12.91,166.122,19.38,93,84
8234,新漢,Technology,Computer Hardware,75.6,0.52,1.08,1.25,5.07,,329.03,1.31,-14.93,41.82,59.85,93,83
8176,智捷,Technology,Communication Equipment,10.35,0.26,0.35,3.5,2.21,,328.17,0.76,6.66,8.779,13.68,93,91
5345,天揚,Technology,Electronic Components,22.0,-0.18,-0.21,14.43,5.3,,323.59,-2.05,1.34,0.222,,93,90
3043,科風,Industrials,Electrical Equipment & Parts,21.7,0.11,0.12,3.5,-0.19,,320.72,0.89,-9.97,24.761,24.38,93,86
2929,淘帝-KY,Consumer Cyclical,Apparel Manufacturing,9.1,-0.33,-0.5,19.0,3.5,,319.74,0.21,-44.81,19.385,43.33,93,25
6165,浪凡,Technology,Electronic Components,54.0,0.64,1.8,0.15,5.24,,319.74,1.83,-31.94,37.737,29.51,93,57
3481,群創,Technology,Electronic Components,11.4,0.41,0.7,-1.73,4.75,,317.1,1.35,-39.17,25.949,8.48,93,38
3057,喬鼎,Technology,Computer Hardware,9.99,2.74,2.74,-0.14,13.29,,310.36,-0.69,-49.03,6.128,,93,18
6104,創惟,Technology,Semiconductors,140.5,0.41,0.7,0.98,5.08,,309.57,5.17,3.62,39.708,27.66,93,91
3686,達能,Technology,Solar,15.0,-0.1,-0.09,3.0,4.0,,309.41,-0.02,-89.64,1.041,,93,5
3073,天方能源,Technology,Semiconductors,49.3,-0.53,-0.35,5.51,3.92,,301.94,1.82,-3.57,1.766,28.02,93,88
3540,曜越,Technology,Electronics & Computer Distribution,30.65,3.35,3.35,-56.5,5.67,,300.76,-0.84,-26.01,58.218,,93,69
6547,高端疫苗,Healthcare,Biotechnology,40.7,-1.17,-7.04,-7.72,2.67,,299.01,-0.08,-56.89,2.015,,93,12
6114,久威,Technology,Electronic Components,37.85,1.24,5.22,-3.79,3.46,,294.47,5.29,-36.27,21.85,7.3,93,46
8429,金麗-KY,Consumer Cyclical,Apparel Manufacturing,7.85,-0.33,-0.25,0.25,3.67,,293.81,0.09,36.44,0.812,87.89,93,94
1616,億泰,Industrials,Electrical Equipment & Parts,32.2,0.18,0.21,8.0,3.29,,291.9,2.5,-22.99,25.236,12.92,93,74
2596,綠意,Real Estate,Real Estate Services,35.9,1.24,5.1,2.0,5.18,,288.5,1.24,116.88,10.69,29.8,93,97
2465,麗臺,Technology,Computer Hardware,57.9,2.83,1.55,0.42,5.17,,288.37,-3.9,-59.39,49.75,,92,11
8084,巨虹,Technology,Semiconductors,35.5,-2.44,-0.71,3.21,4.11,,288.32,1.38,-31.41,9.548,25.83,92,58
6236,中湛,Healthcare,Biotechnology,27.7,8.0,8.0,-0.12,4.86,,286.86,-0.07,-15.91,1.159,,92,82
6120,達運,Technology,Electronic Components,10.4,-5.0,-5.0,6.2,3.33,,284.78,0.38,-43.09,30.996,27.89,92,28
2254,巨鎧精密-創,Consumer Cyclical,Auto Parts,64.5,1.89,2.12,1.25,5.31,,283.69,-0.36,-2.3,11.071,,92,89
1455,集盛,Consumer Cyclical,Textile Manufacturing,8.84,-0.29,-0.42,-2.0,-2.57,,282.53,-0.35,-55.56,17.008,,92,13
4931,新盛力,Industrials,Electrical Equipment & Parts,102.5,0.24,0.31,0.56,3.48,,280.73,3.43,-18.64,32.872,30.03,92,79
5438,東友,Industrials,Business Equipment & Supplies,18.85,-2.62,-0.72,8.36,3.6,,270.59,1.27,-28.57,17.555,15.12,92,65
4109,加捷生醫,Consumer Defensive,Packaged Foods,15.4,0.61,1.56,-71.33,-0.17,,269.73,2.09,-42.52,5.035,7.27,92,29
6446,藥華藥,Healthcare,Drug Manufacturers - Specialty & Generic,536.0,0.26,0.36,0.06,2.8,,268.05,11.68,81.29,34.197,45.89,92,96
2926,誠品生活,Consumer Cyclical,Department Stores,46.0,-0.22,-0.18,2.22,2.19,,264.97,0.62,-33.92,145.067,74.19,92,52
6163,華電網,Communication Services,Telecom Services,22.0,16.0,16.0,-4.73,4.24,,263.29,1.64,-15.82,41.574,13.45,92,82
8249,菱光,Industrials,Electrical Equipment & Parts,50.9,-0.57,-0.36,3.02,3.95,,262.92,4.08,-0.02,41.586,12.77,92,90
2025,千興,Basic Materials,Steel,12.25,2.82,1.55,-6.29,4.31,,260.49,-1.85,-88.83,5.538,,92,5
2342,茂矽,Technology,Semiconductors,21.1,-0.06,-0.05,0.11,4.0,,255.07,0.8,-2.71,13.397,26.69,92,89
6751,智聯服務,Technology,Information Technology Services,42.9,6.33,6.33,-2.75,4.33,,251.1,1.09,-18.08,85.898,40.18,92,80
3577,泓格,Technology,Communication Equipment,93.7,-0.05,-0.05,1.02,4.13,,250.44,2.22,-16.47,18.004,40.9,92,82
3709,鑫聯大投控,Technology,Electronics & Computer Distribution,37.85,0.13,0.14,0.22,4.07,,247.96,2.7,4.02,314.254,14.22,92,91
3167,大量,Industrials,Specialty Industrial Machinery,140.5,0.32,0.48,0.68,6.37,,247.82,2.42,26.94,35.569,60.54,92,94
6708,天擎,Technology,Communication Equipment,46.8,2.29,2.29,-2.05,3.78,,240.84,0.03,17.89,7.894,1560.0,91,93
2536,宏普,Real Estate,Real Estate - Development,29.05,0.2,0.25,-6.0,3.0,,239.16,0.7,112.26,8.928,41.86,91,97
4164,承業醫,Healthcare,Medical Distribution,44.75,-5.1,-0.84,2.29,4.0,,238.58,1.02,0.73,23.531,44.12,91,90
2506,太設,Real Estate,Real Estate - Development,10.0,-5.6,-0.85,43.67,2.24,,238.49,2.37,-86.69,3.366,4.22,91,5
2426,鼎元,Technology,Semiconductors,15.4,-2.0,-2.0,-13.67,4.0,,237.61,0.25,-37.21,8.131,62.8,91,44
5206,坤悅,Real Estate,Real Estate - Development,37.25,-0.46,-0.31,1.21,3.37,,235.7,3.44,4238.61,22.969,10.78,91,99
8114,振樺電,Industrials,Business Equipment & Supplies,266.0,0.31,0.44,0.15,3.52,,234.58,15.35,77.19,231.443,17.23,91,96
2424,隴華,Technology,Consumer Electronics,65.6,1.04,0.51,0.3,3.48,,233.76,-2.46,161.55,3.228,,91,97
6276,安鈦克,Technology,Electronic Components,57.7,5.09,5.09,-1.11,3.97,,233.67,-0.94,2.79,61.709,,91,90
6220,岳豐,Technology,Communication Equipment,18.55,-2.37,-1.73,1.38,2.33,,233.19,1.63,-40.68,69.308,11.41,91,34
6194,育富,Technology,Electronic Components,34.2,0.26,0.34,-0.95,0.0,,232.27,4.15,-31.23,30.567,8.36,91,59
4729,熒茂,Technology,Electronic Components,21.6,-0.23,-0.19,0.6,3.2,,222.89,0.57,-28.41,13.318,39.82,91,65
3580,友威科,Industrials,Specialty Industrial Machinery,64.5,-3.46,-0.78,0.64,3.4,,221.79,5.43,-49.79,16.59,12.12,91,18
6229,研通,Technology,Semiconductors,24.55,-0.1,-0.09,-2.58,9.0,,219.11,0.69,12.37,53.998,36.09,91,92
6228,全譜,Technology,Computer Hardware,43.0,3.83,0.79,-0.04,4.0,,217.74,-0.74,18.64,2.002,,91,93
3191,雲嘉南,Technology,Electronic Components,13.6,1.25,0.56,0.07,3.25,,217.49,-0.44,-42.47,4.209,,91,30
5355,佳總,Technology,Electronic Components,7.78,3.12,0.76,-0.61,3.5,,216.61,-0.78,-45.98,2.877,,91,23
4402,郡都開發,Consumer Cyclical,Textile Manufacturing,19.1,0.33,0.25,2.0,2.33,,213.89,-0.02,-112.96,0.232,,91,4
1529,樂事綠能,Industrials,Electrical Equipment & Parts,26.8,3.0,3.0,-5.21,4.67,,212.5,0.01,31.22,5.267,2625.0,91,94
8941,關中,Consumer Defensive,Household & Personal Products,56.2,0.05,0.06,-0.76,3.18,,208.79,6.24,-34.27,91.683,9.01,90,51
5701,劍湖山,Consumer Cyclical,Leisure,4.84,0.67,0.4,2.14,3.0,,208.3,-0.44,-21.42,3.688,,90,76
4949,有成精密,Technology,Solar,52.8,2.81,2.81,4.53,2.75,,207.4,-0.31,-46.95,35.933,,90,22
2236,百達-KY,Industrials,Specialty Industrial Machinery,98.0,29.57,29.57,-4.75,2.85,,205.47,7.92,278.95,69.984,12.58,90,98
2539,櫻花建,Real Estate,Real Estate - Development,63.0,1.2,6.11,-3.03,2.92,,202.3,4.03,186.34,13.303,15.88,90,98
2034,允強,Basic Materials,Steel,21.1,0.98,42.04,-9.06,4.0,,202.17,0.1,-30.55,30.681,214.0,90,61
3689,湧德,Technology,Electronic Components,90.9,-0.02,-0.02,0.59,3.05,,200.31,7.3,-17.27,68.479,12.59,90,81
7631,聚賢研發,Industrials,Engineering & Construction,117.5,-0.27,-0.21,1.83,3.23,,198.75,6.72,-14.55,,17.49,90,83
1436,華友聯,Real Estate,Real Estate - Development,119.5,-9.87,-0.91,1.37,2.82,,198.56,16.57,952.84,59.438,7.36,90,98
3310,佳穎,Technology,Electronic Components,77.4,0.45,0.83,0.65,3.0,,198.06,3.58,183.29,41.164,20.92,90,98
6706,惠特,Industrials,Specialty Industrial Machinery,61.0,2.7,0.73,0.23,3.67,,195.49,-3.52,15.54,15.53,,90,93
5381,合正,Technology,Electronic Components,18.65,0.29,0.4,0.58,0.26,,194.9,0.99,-9.47,10.166,19.09,90,86
1466,聚隆,Consumer Cyclical,Textile Manufacturing,15.3,1.14,8.0,-7.0,2.13,,194.71,0.46,-32.3,27.261,32.93,90,56
2390,云辰,Industrials,Security & Protection Services,10.2,97.0,97.0,-3.4,2.39,,193.95,-0.08,-23.16,3.82,,90,74
4911,德英,Healthcare,Biotechnology,52.4,0.14,0.16,0.19,0.88,,193.56,1.98,32.4,4.64,26.46,90,94
9907,統一實,Consumer Cyclical,Packaging & Containers,19.75,0.18,0.22,-0.14,3.2,,192.33,1.29,-24.0,29.728,14.61,90,73
6909,創控,Industrials,Specialty Industrial Machinery,43.7,-0.63,-0.39,2.11,2.24,,190.11,1.99,57.76,,21.91,90,95
5457,宣德,Technology,Electronic Components,40.05,-0.18,-0.16,148.0,3.36,,186.45,3.01,-17.48,138.416,13.29,90,81
6712,長聖,Healthcare,Biotechnology,151.0,0.65,1.87,-5.22,2.89,,185.63,4.88,-24.08,10.679,30.84,90,73
1528,恩德,Industrials,Specialty Industrial Machinery,12.2,3.9,1.34,-7.8,6.4,,185.39,-0.49,-63.92,18.114,,89,9
1517,利奇,Industrials,Metal Fabrication,10.05,2.0,2.0,-0.5,3.5,,184.48,-0.35,-25.49,9.903,,89,70
3672,康聯訊,Technology,Communication Equipment,16.3,1.66,0.62,-0.68,3.87,,184.35,-1.42,3.58,10.892,,89,91
1103,嘉泥,Basic Materials,Building Materials,14.35,-2.35,-0.7,5.73,3.17,,184.3,0.67,-30.92,4.606,21.49,89,60
4529,淳紳,Technology,Electronic Components,4.12,0.71,0.41,0.02,0.41,,183.16,-1.23,-47.55,0.076,,89,21
2033,佳大,Basic Materials,Steel,15.55,0.29,0.42,0.2,1.75,,178.53,0.26,-22.87,7.706,60.58,89,75
8028,昇陽半導體,Technology,Semiconductor Equipment & Materials,131.5,0.29,0.42,0.22,2.72,,177.84,3.73,-4.78,22.584,35.39,89,88
3543,州巧,Technology,Electronic Components,28.1,3.28,1.44,-5.25,3.56,,177.36,-0.75,-29.33,38.06,,89,63
6171,大城地產,Real Estate,Real Estate - Development,35.45,-41.17,-0.98,84.33,2.67,,173.89,5.81,-14.02,18.235,6.3,89,84
6804,明係,Consumer Cyclical,Leisure,23.3,-0.24,-0.2,4.83,2.92,,171.16,-1.8,-58.29,52.367,,89,12
4744,皇將,Industrials,Specialty Industrial Machinery,21.75,15.5,15.5,-3.2,3.07,,168.64,1.16,-30.36,24.124,18.84,89,61
6875,國邑*,Healthcare,Biotechnology,40.6,-0.01,-0.01,-0.56,-0.6,,168.34,-1.59,5.2366666666666675e+17,1.298,,89,99
1808,潤隆,Real Estate,Real Estate - Development,31.9,-2.0,-2.0,-2.86,-3.27,,167.96,1.78,-2818.02,7.529,18.09,89,1
6739,竹陞科技,Technology,Semiconductors,409.5,0.21,0.26,0.34,2.07,,167.38,7.74,37.2,22.111,51.87,89,95
3617,碩天,Industrials,Electrical Equipment & Parts,282.5,-0.11,-0.1,-0.27,-0.25,,166.74,21.32,-27.59,137.479,13.04,89,66
3002,歐格,Industrials,Electrical Equipment & Parts,13.65,-0.5,-0.33,-3.0,2.0,,161.96,0.07,-45.1,5.744,195.0,89,24
4430,耀億,Consumer Cyclical,Textile Manufacturing,19.7,6.75,6.75,-0.28,5.43,,158.81,-0.2,-30.02,38.458,,89,62
4556,旭然,Industrials,Pollution & Treatment Controls,25.65,-4.25,-0.81,3.8,3.0,,158.0,0.4,-47.17,16.053,64.12,89,21
6854,錼創科技-KY創,Technology,Electronic Components,174.0,-16.38,-16.38,2.9,0.67,,157.86,0.87,26.09,17.339,198.28,89,94
8932,智通*,Consumer Cyclical,Apparel Manufacturing,136.0,0.63,1.68,-1.45,1.31,,157.0,2.5,13.38,17.059,55.0,88,92
3047,訊舟,Technology,Communication Equipment,18.0,-0.37,-0.27,-0.14,2.45,,153.99,1.01,-14.34,32.148,18.12,88,84
6415,矽力*-KY,Technology,Semiconductors,343.5,-0.55,-0.36,0.34,3.65,,152.69,6.49,-37.93,48.604,53.7,88,41
3128,昇銳,Industrials,Security & Protection Services,47.4,0.26,0.34,0.0,2.28,,152.63,2.06,-22.06,27.797,22.11,88,76
8462,柏文,Consumer Cyclical,Leisure,133.5,0.12,0.13,0.05,1.5,,152.36,5.58,-18.84,68.534,24.91,88,79
4560,強信-KY,Industrials,Tools & Accessories,39.05,0.23,0.31,0.1,2.68,,152.34,2.75,-21.14,25.07,14.0,88,76
9919,康那香,Consumer Defensive,Household & Personal Products,17.7,2.43,2.43,-0.54,2.92,,150.16,-1.16,-47.55,14.824,,88,21
4735,豪展,Healthcare,Medical Devices,35.5,-0.46,-0.32,-0.11,2.93,,149.24,2.07,-52.39,26.159,16.71,88,16
3296,勝德,Technology,Consumer Electronics,19.65,2.14,2.14,-5.0,1.75,,148.01,0.58,-50.76,16.714,35.6,88,17
1441,大東,Consumer Cyclical,Textile Manufacturing,11.55,0.58,1.37,-17.67,2.14,,147.92,2.68,10.13,25.192,4.31,88,92
6270,倍微,Technology,Semiconductors,20.75,-0.45,-0.31,1.11,2.7,,146.98,1.19,-36.67,37.85,17.56,88,45
2718,晶悅,Real Estate,Real Estate - Development,49.4,-23.95,-0.96,414.62,-0.71,,144.48,34.4,-473.9,45.415,1.47,88,2
3664,安瑞-KY,Technology,Communication Equipment,20.3,-1.26,-4.86,0.22,-0.13,,144.12,-0.05,-19.61,12.895,,88,79
2524,京城,Real Estate,Real Estate - Development,45.0,0.17,0.21,0.11,1.76,,143.91,8.61,50.03,27.84,5.35,88,95
2740,天蔥,Consumer Cyclical,Restaurants,33.45,0.15,0.13,0.71,2.43,,143.62,-7.24,-29.05,18.469,,88,64
5315,光聯,Technology,Electronic Components,21.5,0.33,0.48,-0.2,2.47,,141.75,1.62,2.07,16.525,13.27,88,90
6841,長佳智能,Healthcare,Health Information Services,62.6,0.8,4.0,-5.0,2.06,,141.33,0.68,22.76,3.686,93.38,88,93
8047,星雲,Industrials,Specialty Industrial Machinery,13.4,-2.6,-1.62,2.11,2.4,,141.18,-0.23,-42.5,11.752,,88,30
2409,友達,Technology,Electronic Components,12.25,1.77,2.29,-3.0,2.07,,140.0,0.5,-29.62,38.223,24.4,88,62
6127,九豪,Technology,Semiconductors,19.3,0.91,10.0,14.5,2.56,,138.62,0.05,-31.48,9.555,392.0,87,58
2505,國揚,Real Estate,Real Estate - Development,18.7,0.69,2.2,-0.2,2.6,,137.65,0.9,123.02,2.968,21.22,87,97
4129,聯合,Healthcare,Medical Devices,105.0,0.16,0.19,0.36,1.02,,137.54,5.72,-17.93,50.703,18.18,87,80
5525,順天,Real Estate,Real Estate - Development,32.85,-2.12,-1.89,-1.32,0.08,,137.04,2.06,10.17,15.635,16.0,87,92
2537,聯上發,Real Estate,Real Estate - Development,11.05,0.48,0.94,-4.37,2.29,,136.66,1.22,-39.24,7.273,9.34,87,37
3701,大眾控,Technology,Computer Hardware,33.1,1.35,3.85,-2.11,2.19,,136.59,0.56,-46.9,53.698,60.36,87,22
2449,京元電子,Technology,Semiconductors,101.5,0.27,0.36,0.3,2.13,,135.88,4.32,-28.37,23.058,23.96,87,65
6133,金橋,Industrials,Electrical Equipment & Parts,13.7,0.26,0.36,-3.71,2.0,,134.7,0.73,-15.8,10.901,19.45,87,82
8077,洛碁,Consumer Cyclical,Lodging,42.0,0.77,3.34,-1.47,-0.11,,131.29,4.24,-28.87,47.993,9.91,87,64
2751,王座,Consumer Cyclical,Restaurants,64.0,-0.34,-0.26,0.38,0.01,,129.38,4.3,-26.34,76.694,15.12,87,68
2543,皇昌,Industrials,Engineering & Construction,78.1,-0.04,-0.04,-2.43,1.56,,128.5,5.54,-32.7,30.663,14.17,87,55
6512,啟發電,Technology,Electronic Components,20.65,2.12,0.68,-0.91,2.0,,128.48,-0.87,-55.19,7.363,,87,13
1570,力肯,Industrials,Tools & Accessories,23.6,-0.34,-0.25,-0.24,2.07,,128.28,2.53,-20.79,14.66,9.29,87,77
3081,聯亞,Technology,Semiconductor Equipment & Materials,362.0,0.67,2.06,4.67,2.05,,128.22,0.31,-22.16,14.596,1175.81,87,76
1313,聯成,Basic Materials,Chemicals,7.83,0.87,0.47,-0.28,1.95,,126.14,-1.4,-56.0,52.713,,87,13
3028,增你強,Technology,Semiconductor Equipment & Materials,32.0,0.43,0.77,0.0,2.21,,125.94,2.98,-37.71,156.285,11.36,87,42
3162,精確,Industrials,Metal Fabrication,42.75,0.35,0.54,2.08,2.28,,125.84,1.68,88.38,44.37,25.57,87,96
2024,志聯,Basic Materials,Steel,17.65,2.0,2.0,-6.0,2.0,,124.59,0.18,-41.33,11.348,98.06,87,32
5284,jpp-KY,Technology,Electronic Components,214.0,0.67,2.05,1.17,2.99,,123.29,4.64,-10.01,53.054,45.26,86,86
5534,長虹,Real Estate,Real Estate - Development,86.7,-0.16,-0.13,-0.12,1.9,,122.4,8.32,44.22,43.576,10.59,86,95
4991,環宇-KY,Technology,Semiconductor Equipment & Materials,156.5,-3.06,-3.06,2.17,1.71,,119.51,-0.84,-11.14,16.836,,86,85
2030,彰源,Basic Materials,Steel,13.9,-0.1,-0.09,-0.14,3.73,,118.68,1.28,-47.25,43.704,10.94,86,21
8404,百和興業-KY,Consumer Cyclical,Footwear & Accessories,20.05,0.21,0.27,0.13,2.0,,118.57,1.29,-27.04,18.523,15.74,86,67
5487,通泰,Technology,Electronic Components,31.95,-3.0,-3.0,3.36,7.0,,117.8,-0.04,-53.04,7.993,,86,15
6186,新潤,Real Estate,Real Estate - Development,60.1,0.85,5.65,-6.11,1.75,,117.49,6.94,63.62,60.271,8.89,86,96
6515,穎崴,Technology,Semiconductors,1125.0,0.19,0.23,0.8,1.96,,117.34,44.89,47.0,201.356,25.28,86,95
4764,雙鍵,Basic Materials,Specialty Chemicals,41.4,5.73,5.73,-0.86,2.23,,116.07,0.23,-23.49,33.213,180.0,86,74
6166,凌華,Technology,Computer Hardware,63.5,0.27,0.36,3.28,2.13,,116.0,0.89,-18.94,49.195,71.12,86,79
8201,無敵,Technology,Consumer Electronics,10.7,0.4,0.29,0.17,2.2,,115.54,-0.66,-38.88,7.648,,86,39
4433,興采,Consumer Cyclical,Textile Manufacturing,28.75,2.26,2.26,-5.5,2.29,,115.35,1.44,-20.26,56.043,19.97,86,78
3013,晟銘電,Technology,Computer Hardware,124.0,0.02,0.02,-0.21,1.15,,115.15,4.06,10.97,50.864,30.67,86,92
6477,安集,Technology,Solar,27.6,-4.0,-4.0,0.0,2.33,,113.74,-0.46,-66.4,6.908,,86,8
3040,遠見,Technology,Consumer Electronics,64.0,0.61,1.54,-0.75,2.06,,112.45,1.09,-41.94,2.196,59.08,86,31
2706,第一店,Real Estate,Real Estate Services,13.2,-0.67,-0.4,0.33,1.4,,111.35,0.63,-32.81,0.719,20.95,86,55
6918,愛派司,Healthcare,Medical Devices,103.0,0.08,0.08,0.02,0.2,,109.88,5.21,-28.64,,19.87,86,64
4530,宏易,Industrials,Metal Fabrication,11.2,2.0,0.67,-1.06,2.29,,107.95,-1.11,15.17,3.501,,86,93
6113,亞矽,Technology,Semiconductors,24.15,23.0,23.0,-4.77,3.0,,107.09,0.05,-63.33,13.256,480.0,86,9
5283,禾聯碩,Technology,Consumer Electronics,77.5,-10.28,-1.11,0.13,1.87,,106.86,6.82,-31.23,89.846,11.38,85,59
2069,運錩,Basic Materials,Steel,14.25,-0.2,-0.17,-0.32,2.21,,104.02,2.3,-37.67,65.608,6.22,85,42
7714,創泓科技,Technology,Information Technology Services,101.5,0.04,0.04,0.38,1.4,,102.94,5.61,29.13,,18.09,85,94
6890,來億-KY,Consumer Cyclical,Footwear & Accessories,300.5,0.07,0.07,-0.47,0.09,,100.54,16.41,-14.44,162.264,17.92,85,83
6442,光聖,Technology,Electronic Components,445.5,0.11,0.12,0.05,1.48,,100.25,16.75,78.68,101.691,26.96,85,96
3447,展達,Technology,Communication Equipment,49.3,-1.22,-0.55,6.85,2.03,,99.3,1.92,8.89,37.548,25.68,85,92
6625,必應,Communication Services,Entertainment,103.0,-2.61,-0.72,0.23,-3.0,,98.82,5.0,-17.93,64.483,20.8,85,80
1464,得力,Consumer Cyclical,Textile Manufacturing,12.75,0.05,0.06,0.08,1.31,,98.37,1.2,-15.48,31.609,10.75,85,82
5227,立凱-KY,Industrials,Electrical Equipment & Parts,24.45,0.43,0.3,0.01,1.35,,98.03,-2.78,18.72,9.874,,85,93
3713,新晶投控,Technology,Solar,22.3,4.71,4.71,-0.43,2.3,,95.19,-0.29,-66.59,4.279,,85,8
6617,共信-KY,Healthcare,Biotechnology,81.9,-0.06,-0.06,1.75,1.44,,95.16,-0.55,167.53,0.277,,85,97
8341,日友,Industrials,Waste Management,70.4,0.03,0.03,0.2,1.8,,94.61,4.51,-20.93,29.99,15.74,85,77
1533,車王電,Consumer Cyclical,Auto Parts,29.5,0.93,0.48,-0.15,2.43,,94.22,-0.6,-32.62,34.559,,85,56
1713,國化,Basic Materials,Specialty Chemicals,54.1,0.42,0.71,-6.26,0.83,,93.41,10.53,-46.48,3.446,5.16,85,22
6134,萬旭,Technology,Communication Equipment,18.7,-2.0,-2.0,0.25,1.0,,93.41,0.34,-22.25,21.545,55.88,85,75
8473,山林水,Industrials,Waste Management,32.45,1.02,47.97,-22.0,0.16,,92.39,1.1,-3.55,21.494,30.18,85,88
3093,港建*,Technology,Electronic Components,27.15,0.16,0.19,5.2,1.69,,92.36,1.32,71.8,11.773,20.49,85,96
6152,百一,Technology,Communication Equipment,8.55,0.07,0.06,-2.47,0.47,,91.96,-0.16,-42.57,13.687,,85,29
4406,新昕纖,Consumer Cyclical,Textile Manufacturing,9.7,5.37,0.84,-1.61,2.0,,91.75,-0.65,-12.42,9.348,,85,85
4746,台耀,Healthcare,Drug Manufacturers - Specialty & Generic,67.1,0.68,2.13,-11.42,2.25,,91.56,2.98,-34.23,39.421,23.12,84,51
6187,萬潤,Industrials,Specialty Industrial Machinery,397.0,-0.25,-0.2,0.66,0.72,,91.01,15.96,37.12,64.916,25.22,84,94
1213,大飲,Consumer Defensive,Beverages - Non-Alcoholic,12.7,0.2,0.16,-291.23,0.87,,90.37,8.9,6.17,3.944,1.43,84,91
3607,谷崧,Consumer Cyclical,Packaging & Containers,14.75,-0.33,-0.5,-2.71,0.15,,90.36,0.22,-35.9,26.249,66.82,84,47
4979,華星光,Technology,Semiconductors,196.5,0.22,0.28,-0.01,1.05,,90.05,4.37,23.53,27.421,45.19,84,93
2364,倫飛,Technology,Computer Hardware,92.3,-0.0,-0.0,0.28,1.07,,89.66,5.25,-1.95,34.147,17.75,84,89
3229,晟鈦,Technology,Electronic Components,14.7,2.08,1.92,-2.37,0.5,,89.19,0.15,-18.15,14.794,96.0,84,80
3094,聯傑,Technology,Semiconductors,24.15,0.71,2.5,-3.0,2.0,,88.51,0.21,-20.38,2.183,117.14,84,77
3665,貿聯-KY,Industrials,Electrical Equipment & Parts,911.0,0.09,0.1,0.15,1.38,,88.29,29.51,-10.0,321.593,30.23,84,86
2367,燿華,Technology,Electronic Components,24.35,0.07,0.08,-0.58,0.49,,87.79,2.56,-32.86,27.414,9.69,84,55
3272,東碩,Technology,Computer Hardware,23.3,0.35,0.26,-0.3,0.73,,86.99,-2.66,-44.24,46.411,,84,26
8291,尚茂,Technology,Electronic Components,6.12,0.16,0.14,0.62,1.62,,86.98,-0.96,-785.72,0.101,,84,2
2345,智邦,Technology,Communication Equipment,813.0,0.32,0.47,0.03,1.28,,86.67,25.95,52.6,240.434,30.52,84,95
6142,友勁,Technology,Communication Equipment,9.37,1.8,0.64,-5.6,3.2,,85.77,-0.34,0.07,4.136,,84,90
9943,好樂迪,Consumer Cyclical,Leisure,72.6,0.18,0.22,-0.24,-0.44,,85.53,6.89,-33.74,30.792,10.55,84,53
8409,商之器,Healthcare,Health Information Services,22.5,-0.47,-0.89,2.54,-0.13,,85.29,-0.02,-44.86,8.666,,84,24
9955,佳龍,Industrials,Pollution & Treatment Controls,27.9,0.37,0.27,0.14,1.58,,84.97,-1.39,-42.26,11.591,,84,30
3288,點晶,Technology,Semiconductors,19.3,-0.44,-0.79,0.42,-0.04,,84.66,-0.37,-29.02,5.658,,84,64
1418,東華,Consumer Cyclical,Textile Manufacturing,20.25,-0.19,-0.23,-0.04,-0.06,,84.43,0.43,-84.91,0.17,47.79,84,5
5274,信驊,Technology,Semiconductors,5155.0,0.1,0.11,0.44,1.26,,84.36,80.31,38.72,198.751,63.44,83,95
4502,健信,Industrials,Metal Fabrication,17.3,0.56,1.25,-1.5,-0.29,,84.3,0.19,-90.37,21.657,91.84,83,5
6485,點序,Technology,Computer Hardware,51.4,0.7,2.3,3.2,2.54,,82.73,0.17,-9.33,30.922,308.24,83,86
5475,德宏,Consumer Cyclical,Textile Manufacturing,31.05,0.17,0.14,0.25,1.67,,82.41,-1.01,1.72,4.988,,83,90
2727,王品,Consumer Cyclical,Restaurants,238.0,0.0,0.0,0.04,0.17,,80.29,16.03,-32.99,273.517,14.66,83,54
3528,安馳,Technology,Electronics & Computer Distribution,83.6,0.38,0.62,-0.77,1.43,,76.72,5.13,-15.29,86.781,16.41,83,82
2913,農林,Consumer Defensive,Farm Products,15.2,0.12,0.11,0.2,0.5,,76.35,-0.2,-10.56,0.603,,83,85
1340,勝悅-KY,Consumer Cyclical,Footwear & Accessories,6.26,1.15,0.53,-0.16,1.44,,76.25,-4.89,-63.68,2.362,,83,9
6584,南俊國際,Consumer Cyclical,"Furnishings, Fixtures & Appliances",180.0,0.2,0.26,-0.17,0.39,,76.22,3.19,-25.11,30.831,57.37,83,71
1796,金穎生技,Healthcare,Drug Manufacturers - Specialty & Generic,44.9,3.91,3.91,-0.8,2.25,,75.1,-0.18,-13.28,13.729,,83,84
5306,桂盟,Consumer Cyclical,Auto Parts,93.4,0.1,0.11,0.22,1.57,,74.76,8.76,-35.3,40.735,10.7,83,48
4139,馬光-KY,Healthcare,Medical Care Facilities,27.9,-6.45,-6.45,1.05,0.87,,74.37,0.5,-36.93,26.637,56.0,83,44
6472,保瑞,Healthcare,Drug Manufacturers - Specialty & Generic,844.0,-0.02,-0.02,0.22,0.92,,74.29,53.51,18.71,203.928,15.72,83,93
2360,致茂,Technology,Scientific & Technical Instruments,426.0,0.19,0.24,0.01,1.22,,72.15,15.09,-0.21,57.058,28.23,83,89
1618,合機,Technology,Electronics & Computer Distribution,49.25,0.02,0.02,0.3,0.98,,72.11,4.29,-26.3,24.755,11.7,83,68
5340,建榮,Consumer Cyclical,Textile Manufacturing,45.4,0.35,0.54,-0.46,0.69,,70.58,0.83,-21.84,10.529,53.73,83,76
2413,環科,Technology,Electronic Components,17.1,2.15,2.15,-0.32,1.14,,70.45,-0.36,-44.87,25.274,,83,24
1734,杏輝,Healthcare,Biotechnology,32.55,0.41,0.69,-0.39,0.02,,70.04,1.69,-34.23,17.549,18.7,83,51
4552,力達-KY,Industrials,Specialty Industrial Machinery,22.95,0.4,0.67,-0.52,1.52,,69.69,1.57,-37.44,31.91,14.62,83,43
3558,神準,Technology,Communication Equipment,163.0,0.35,0.54,1.49,1.46,,69.34,6.3,-8.61,245.39,25.95,82,87
1519,華城,Industrials,Electrical Equipment & Parts,577.0,-0.21,-0.18,0.51,0.44,,69.19,15.81,2.71,75.171,36.43,82,90
1468,昶和,Consumer Cyclical,Textile Manufacturing,14.1,0.53,1.12,-4.87,0.04,,68.81,0.95,-41.41,6.703,14.89,82,32
4907,富宇,Real Estate,Real Estate - Development,42.45,-5.0,-0.83,0.54,0.11,,68.75,6.1,84.86,54.413,7.05,82,96
4198,欣大健康,Healthcare,Medical Devices,40.0,0.34,0.25,-0.12,1.32,,68.65,-1.3,-31.06,9.854,,82,59
4442,竣邦-KY,Consumer Cyclical,Textile Manufacturing,47.4,0.56,1.27,-0.96,1.21,,68.25,3.99,-20.19,50.139,11.43,82,78
3693,營邦,Technology,Computer Hardware,320.0,-0.12,-0.11,0.53,0.52,,68.11,30.07,16.72,232.286,10.66,82,93
6612,奈米醫材,Healthcare,Medical Instruments & Supplies,120.0,0.17,0.21,1.32,1.06,,67.53,2.98,26.91,23.381,39.77,82,94
2745,五福,Consumer Cyclical,Travel Services,135.5,0.24,0.31,-0.04,0.38,,67.43,10.51,177.74,235.223,13.23,82,98
2357,華碩,Technology,Computer Hardware,642.0,0.01,0.01,0.06,1.35,,67.35,51.79,-24.26,825.413,12.4,82,73
1240,茂生農經,Consumer Defensive,Farm Products,63.0,-0.0,-0.0,0.18,0.22,,67.25,4.55,-43.33,68.355,14.04,82,28
6669,緯穎,Technology,Computer Hardware,2595.0,0.21,0.27,0.28,0.96,,66.54,146.88,65.93,2526.372,17.6,82,96
3652,精聯,Technology,Computer Hardware,29.75,0.13,0.15,-0.65,1.12,,65.92,1.33,-34.62,32.958,22.71,82,50
8442,威宏-KY,Consumer Cyclical,Leisure,85.0,0.08,0.08,-0.78,-0.1,,65.34,9.92,-27.09,126.787,8.56,82,67
3017,奇鋐,Technology,Electronic Components,845.0,0.16,0.19,0.19,1.03,,64.09,23.76,0.28,206.423,34.51,82,90
3653,健策,Technology,Electronic Components,1430.0,0.28,0.39,-0.12,0.9,,64.06,29.3,10.4,113.408,48.81,82,92
3694,海華,Technology,Communication Equipment,60.0,-0.1,-0.09,0.12,1.08,,63.98,3.1,-31.44,63.069,19.29,82,58
6598,ABC-KY,Healthcare,Medical Devices,19.5,0.64,0.39,-0.39,1.2,,62.82,-2.46,-7.32,3.98,,82,87
3284,太普高,Industrials,Specialty Industrial Machinery,25.25,-0.6,-0.37,0.54,0.12,,62.08,2.62,-25.21,11.662,10.0,82,71
3521,鴻翊,Technology,Computer Hardware,11.1,0.27,0.21,-3.08,0.94,,61.79,-0.75,-349.46,0.86,,81,2
2059,川湖,Consumer Cyclical,"Furnishings, Fixtures & Appliances",2160.0,0.37,0.59,-0.26,0.81,,61.57,74.61,36.72,127.451,28.35,81,94
6223,旺矽,Technology,Semiconductor Equipment & Materials,1070.0,0.05,0.06,0.2,0.84,,61.48,27.61,-8.82,116.245,37.67,81,87
8489,三貝德,Consumer Defensive,Education & Training Services,42.85,0.73,0.42,1.37,1.18,,61.26,-1.1,-44.5,36.491,,81,25
3171,,Consumer Cyclical,Packaging & Containers,39.95,0.12,0.13,-0.34,1.19,,60.59,2.55,-41.31,27.651,15.82,81,32
5531,鄉林,Industrials,Engineering & Construction,9.09,-26.0,-26.0,2.76,0.15,,60.49,-0.08,-60.61,4.156,,81,10
4162,智擎,Healthcare,Biotechnology,75.1,0.05,0.05,-0.73,0.25,,58.97,12.13,-3.08,17.726,6.34,81,89
8937,合騏,Consumer Cyclical,Recreational Vehicles,146.5,2.0,0.67,-2.32,-3.0,,58.79,0.19,-50.61,1.548,776.32,81,17
3491,昇達科,Technology,Communication Equipment,342.5,0.03,0.04,-0.35,0.8,,58.2,9.01,-7.04,39.4,38.01,81,87
8210,勤誠,Technology,Computer Hardware,533.0,0.02,0.02,0.42,0.83,,58.18,17.96,-1.21,131.918,29.34,81,89
1733,五鼎,Healthcare,Biotechnology,27.35,0.31,0.44,0.22,1.14,,57.66,1.6,-25.72,19.613,17.12,81,70
8240,華宏,Technology,Electronic Components,29.8,-0.64,-0.39,1.19,1.11,,57.16,3.38,-35.02,77.911,8.98,81,49
3530,晶相光,Technology,Semiconductors,55.9,-3.31,-0.77,14.56,2.12,,56.71,-1.01,-52.51,22.341,,81,15
8467,波力-KY,Consumer Cyclical,Leisure,168.5,-0.04,-0.04,-0.23,0.51,,56.57,12.22,-21.68,49.683,13.91,81,76
6609,瀧澤科,Technology,Electronic Components,40.5,-2.38,-0.7,0.69,1.08,,56.38,2.71,-18.6,39.188,15.31,81,80
3019,亞光,Technology,Electronic Components,125.0,-1.06,-0.51,0.55,0.97,,56.32,6.17,-20.9,86.549,20.66,81,77
4108,懷特,Healthcare,Drug Manufacturers - Specialty & Generic,13.05,-0.08,-0.08,0.33,1.0,,56.31,-0.31,-45.34,0.763,,81,24
6667,信紘科,Industrials,Specialty Industrial Machinery,221.0,0.11,0.12,0.26,0.8,,56.08,10.92,44.2,94.947,21.52,81,95
6482,弘煜科,Communication Services,Electronic Gaming & Multimedia,60.5,0.0,0.0,1.37,0.62,,54.77,3.91,-22.01,23.926,15.6,81,76
3625,西勝,Industrials,Electrical Equipment & Parts,14.85,-0.51,-1.06,4.11,0.71,,54.71,-1.23,-115.76,3.789,,80,4
2937,集雅社,Consumer Cyclical,Specialty Retail,43.0,0.24,0.31,-0.22,0.96,,54.52,4.26,-25.31,121.117,10.09,80,71
2397,友通,Technology,Computer Hardware,62.1,0.08,0.08,0.25,1.07,,53.46,3.93,-19.52,89.761,16.13,80,79
1215,卜蜂,Consumer Defensive,Packaged Foods,128.0,0.16,0.18,0.36,0.9,,53.3,7.65,-40.39,94.108,16.8,80,35
6666,羅麗芬-KY,Consumer Defensive,Household & Personal Products,43.0,-0.08,-0.07,-0.45,0.93,,53.07,1.98,-34.56,23.973,22.35,80,50
6202,盛群,Technology,Semiconductors,40.3,9.0,9.0,-1.13,3.0,,52.97,-0.06,-9.09,12.464,,80,87
3511,矽瑪,Technology,Electronic Components,20.1,-0.55,-1.21,5.57,1.46,,52.51,-0.92,-28.45,23.483,,80,65
2607,榮運,Industrials,Integrated Freight & Logistics,34.15,0.1,0.11,0.03,0.62,,52.27,2.95,-24.25,20.041,11.59,80,73
6859,伯特光,Industrials,Metal Fabrication,140.0,0.82,4.55,-3.26,1.09,,51.94,4.1,41.66,21.488,34.15,80,95
8931,大汽電,Utilities,Utilities - Regulated Electric,52.5,0.02,0.02,0.22,0.8,,51.56,2.65,-30.95,20.98,19.96,80,60
6164,華興,Industrials,Electrical Equipment & Parts,10.5,0.23,0.3,-2.6,-0.4,,51.17,0.43,-43.37,8.77,24.3,80,27
2924,宏太-KY,Consumer Cyclical,Apparel Manufacturing,29.0,1.43,0.59,-4.0,0.45,,50.92,-1.6,-19.98,3.691,,80,78
3346,麗清,Technology,Semiconductors,23.45,-0.79,-0.44,-0.11,-0.04,,50.81,2.21,-22.24,82.695,10.72,80,75
3545,敦泰,Technology,Semiconductors,64.8,0.01,0.01,0.55,0.48,,50.74,2.95,-58.78,65.532,22.14,80,11
3492,長盛,Technology,Electronic Components,23.0,0.16,0.19,-0.17,0.57,,50.2,1.84,-22.82,24.096,12.61,80,75
2612,中航,Industrials,Integrated Freight & Logistics,41.5,0.34,0.53,-0.58,0.86,,50.07,5.76,-22.42,24.562,7.34,80,75
2701,萬企,Real Estate,Real Estate Services,11.25,-0.85,-0.46,0.5,0.67,,50.05,0.55,-51.33,0.712,20.55,80,17
3498,陽程,Industrials,Specialty Industrial Machinery,37.4,-1.39,-3.59,5.94,0.47,,49.9,-1.98,30.73,16.942,,80,94
3147,大綜,Technology,Information Technology Services,195.0,0.4,0.67,-0.21,0.74,,49.88,13.83,102.44,182.358,14.35,80,97
2317,鴻海,Technology,Electronic Components,161.5,-0.09,-0.08,0.4,0.91,,49.67,12.16,-21.97,517.251,13.28,79,76
6821,聯寶,Technology,Electronic Components,39.0,0.18,0.21,-0.33,0.87,,49.45,1.31,-24.32,18.908,29.77,79,72
6752,叡揚,Technology,Software - Infrastructure,149.5,-0.12,-0.1,0.04,0.83,,49.42,6.68,-20.69,51.555,22.53,79,77
6227,茂綸,Technology,Electronics & Computer Distribution,95.4,0.12,0.14,-0.26,0.9,,49.37,7.31,-18.21,173.812,12.38,79,80
3227,原相,Technology,Semiconductors,210.0,0.06,0.07,-0.02,0.85,,49.35,14.03,-18.4,61.665,14.93,79,80
6861,睿生光電,Healthcare,Medical Devices,50.6,0.16,0.19,-1.01,1.02,,48.45,4.17,-27.98,50.305,12.28,79,66
1538,正峰,Industrials,Tools & Accessories,26.0,0.06,0.06,-0.56,0.03,,47.89,-1.68,-8.4,3.864,,79,87
2748,雲品,Consumer Cyclical,Lodging,50.0,0.6,1.48,-0.27,-0.31,,47.3,2.78,-33.28,23.071,17.95,79,54
7556,意德士,Technology,Electronic Components,163.5,0.08,0.09,0.29,0.81,,47.29,6.39,-10.69,26.938,25.51,79,85
4987,科誠,Technology,Computer Hardware,81.8,-0.08,-0.08,0.01,0.79,,47.14,7.14,-31.58,41.415,11.48,79,58
5493,三聯,Technology,Electronic Components,77.4,0.6,1.5,-5.98,0.89,,46.91,4.45,-21.85,107.876,17.69,79,76
1589,永冠-KY,Industrials,Metal Fabrication,24.8,-5.07,-5.07,2.18,1.47,,46.69,-2.42,-30.74,59.672,,79,60
3467,台灣精材,Technology,Semiconductor Equipment & Materials,60.5,-0.17,-0.14,0.4,0.75,,46.61,1.1,-31.84,,54.55,79,57
4127,天良,Healthcare,Drug Manufacturers - Specialty & Generic,34.8,0.7,2.29,2.14,1.29,,46.09,0.49,-45.13,8.39,73.16,79,24
5903,全家,Consumer Cyclical,Department Stores,205.0,-2.67,-0.73,4.96,0.6,,45.78,17.71,-35.96,472.681,11.63,79,47
3479,安勤,Technology,Computer Hardware,92.5,-0.03,-0.03,0.22,0.61,,45.65,7.19,-17.57,109.87,13.1,79,80
4763,材料-KY,Basic Materials,Specialty Chemicals,82.0,0.06,0.06,0.03,-0.04,,45.5,8.48,-1.05,16.441,9.72,79,89
4192,杏國,Healthcare,Biotechnology,28.05,0.03,0.02,-0.08,-0.03,,45.28,-1.58,-5.3,0.692,,79,88
8476,台境,Industrials,Waste Management,19.5,-2.64,-0.72,-1.97,-1.36,,45.17,1.47,-44.76,8.641,13.3,78,25
2383,台光電,Technology,Electronic Components,957.0,0.16,0.19,0.03,0.74,,45.12,31.29,12.67,211.899,30.04,78,92
6470,宇智,Technology,Communication Equipment,47.4,0.69,2.25,-1.63,0.81,,44.85,4.28,3.44,57.74,11.07,78,90
6196,帆宣,Technology,Electronic Components,185.5,0.24,0.32,0.46,0.82,,44.36,10.07,-39.2,294.598,20.11,78,38
6417,韋僑,Technology,Communication Equipment,88.0,0.09,0.1,-0.13,0.76,,44.21,4.89,-27.59,36.238,18.16,78,66
6213,聯茂,Technology,Electronic Components,88.0,0.15,0.17,0.25,1.21,,44.06,2.77,-25.44,84.867,31.34,78,70
1110,東泥,Basic Materials,Building Materials,17.9,-1.69,-0.63,2.5,0.6,,43.65,0.64,-15.21,5.328,28.05,78,83
6873,泓德能源,Utilities,Utilities - Renewable,232.0,-2.51,-0.72,2.82,0.48,,43.37,10.86,24.05,95.532,21.55,78,93
2308,台達電,Technology,Electronic Components,482.5,-0.1,-0.09,0.24,0.77,,43.19,14.25,-16.02,172.767,33.72,78,82
2743,山富,Consumer Cyclical,Travel Services,121.5,0.79,3.66,0.14,-0.12,,42.91,6.69,67.14,185.954,18.68,78,96
1338,廣華-KY,Consumer Cyclical,Auto Parts,23.5,0.85,0.46,-4.5,1.31,,42.52,-0.97,-36.1,62.96,,78,47
1524,耿鼎,Consumer Cyclical,Auto Parts,27.55,0.17,0.21,0.1,-0.04,,42.28,3.56,-31.67,18.429,7.77,78,58
2497,怡利電,Consumer Cyclical,Auto Parts,38.65,-0.06,-0.06,0.17,0.36,,42.12,3.21,-13.03,39.563,12.29,78,84
5203,訊連,Technology,Software - Application,100.0,0.39,0.65,-0.93,0.02,,42.04,3.93,-25.78,27.198,25.7,78,69
1783,和康生,Healthcare,Medical Instruments & Supplies,44.05,-0.03,-0.03,-0.18,0.66,,41.36,2.32,-10.02,8.165,19.27,78,86
3209,全科,Technology,Communication Equipment,36.85,-0.05,-0.05,0.28,0.86,,41.03,3.39,-17.81,212.443,10.59,78,80
6691,洋基工程,Industrials,Engineering & Construction,465.5,0.04,0.04,0.45,0.66,,40.88,21.6,-6.4,156.238,21.64,78,87
6768,志強-KY,Consumer Cyclical,Footwear & Accessories,104.0,0.21,0.27,-0.3,0.57,,40.58,8.98,-1.02,104.01,11.53,78,89
6122,擎邦,Industrials,Engineering & Construction,50.0,-0.02,-0.02,-0.15,0.24,,40.09,4.58,-31.17,51.973,10.96,78,59
8069,元太,Technology,Electronic Components,211.0,0.04,0.05,-0.01,0.65,,40.03,8.42,-4.4,30.166,25.59,77,88
4568,科際精密,Industrials,Specialty Industrial Machinery,47.0,-0.03,-0.03,0.51,1.06,,38.41,3.34,-24.24,39.087,14.07,77,73
2330,台積電,Technology,Semiconductors,1100.0,-0.04,0.15,0.31,0.6,,38.32,49.49,8.82,121.145,22.23,77,92
2010,春源,Basic Materials,Steel,18.2,0.09,0.1,0.24,0.81,,38.29,1.92,-36.14,37.716,9.64,77,47
8021,尖點,Industrials,Tools & Accessories,54.1,-0.17,-0.14,0.0,1.4,,38.18,1.64,-26.74,25.967,32.13,77,68
4563,百德,Industrials,Specialty Industrial Machinery,61.1,0.02,0.02,-0.14,0.14,,37.81,3.94,-22.54,61.112,15.43,77,75
3312,弘憶股,Technology,Electronics & Computer Distribution,45.85,0.54,1.19,-1.39,0.81,,37.77,2.8,-12.87,119.206,16.8,77,84
2421,建準,Industrials,Specialty Industrial Machinery,104.0,0.15,0.18,-0.09,0.45,,37.69,6.04,-14.79,57.51,17.22,77,83
5439,高技,Technology,Electronic Components,240.0,0.62,1.66,-1.16,0.8,,37.68,4.41,-0.69,50.314,52.83,77,89
8261,富鼎,Technology,Semiconductors,76.6,0.05,0.05,0.14,0.96,,37.5,5.46,-30.13,25.78,14.27,77,61
4116,明基醫,Healthcare,Medical Instruments & Supplies,39.8,-0.1,-0.09,-0.1,-0.02,,37.47,2.33,-11.1,110.806,17.08,77,85
6805,富世達,Technology,Computer Hardware,821.0,0.03,0.03,0.3,0.59,,37.09,19.79,-12.22,127.325,41.28,77,85
3176,基亞,Healthcare,Biotechnology,29.95,1.69,2.45,-3.37,2.37,,36.92,-0.19,-0.92,11.631,,77,89
6781,AES-KY,Industrials,Electrical Equipment & Parts,1030.0,0.21,0.27,0.2,0.79,,36.82,29.66,-9.19,130.745,35.74,77,86
8422,可寧衛,Industrials,Waste Management,185.5,0.21,0.26,0.04,0.76,,36.61,11.15,-22.3,48.522,16.64,77,75
5243,乙盛-KY,Technology,Electronic Components,58.3,0.02,0.02,0.19,0.67,,36.39,3.57,-27.05,80.694,16.3,77,67
6788,華景電,Industrials,Electrical Equipment & Parts,277.5,-0.08,-0.08,0.05,0.55,,36.34,15.37,7.14,64.141,17.83,77,91
6498,久禾光,Technology,Electronic Components,113.0,-0.11,-0.1,0.33,0.61,,35.95,6.03,-14.97,26.666,19.49,77,83
3710,連展投控,Technology,Electronic Components,8.0,-0.58,-1.36,0.14,0.35,,35.84,-0.39,-32.35,26.107,,77,56
2404,漢唐,Industrials,Engineering & Construction,715.0,0.07,0.07,0.46,0.55,,35.81,36.07,-34.41,248.073,20.1,76,51
6728,上洋,Technology,Consumer Electronics,162.5,-0.08,-0.08,-0.09,0.7,,35.36,12.59,3.66,139.039,12.87,76,91
8908,欣雄,Utilities,Utilities - Regulated Gas,43.2,0.08,0.09,-0.01,0.68,,35.36,2.08,-0.52,29.725,20.94,76,89
4111,濟生,Healthcare,Medical Instruments & Supplies,31.25,0.32,0.47,-0.03,0.66,,35.19,2.23,-25.07,21.318,14.08,76,71
4714,永捷,Basic Materials,Specialty Chemicals,18.5,1.26,4.87,3.0,0.19,,34.81,0.46,33.97,5.65,40.98,76,94
5465,富驊,Technology,Computer Hardware,36.5,0.27,0.37,-0.58,0.62,,34.64,2.17,-28.41,32.207,17.17,76,65
3443,創意,Technology,Semiconductors,1235.0,-0.04,-0.04,0.14,0.45,,34.63,27.56,-17.02,196.831,45.36,76,81
4807,日成-KY,Consumer Cyclical,Luxury Goods,16.15,1.04,0.51,-0.17,1.88,,34.56,-1.08,12.39,52.456,,76,92
4557,永新-KY,Consumer Cyclical,Auto Parts,98.0,-0.07,-0.06,0.13,0.5,,34.19,10.92,-2.8,100.238,9.02,76,89
6290,良維,Industrials,Electrical Equipment & Parts,98.8,0.55,1.21,-1.48,0.51,,33.33,7.22,-16.69,54.497,14.27,76,81
1319,東陽,Consumer Cyclical,Auto Parts,93.8,0.25,0.33,-0.18,0.25,,33.3,7.9,-23.73,45.162,11.92,76,74
6721,信實,Industrials,Specialty Business Services,61.0,-0.02,-0.02,0.13,0.73,,33.12,4.97,-28.56,150.881,12.43,76,65
6139,亞翔,Industrials,Engineering & Construction,306.0,-0.07,-0.07,-0.06,-0.08,,32.67,17.6,-65.06,248.895,17.47,76,8
3004,豐達科,Industrials,Tools & Accessories,125.5,0.21,0.26,-0.32,0.04,,32.53,7.18,-19.67,65.474,17.83,76,79
1795,美時,Healthcare,Drug Manufacturers - Specialty & Generic,214.0,-0.05,-0.04,0.17,0.38,,32.5,20.74,-26.68,72.938,10.37,76,68
3230,錦明,Technology,Electronic Components,31.15,1.03,0.51,-11.61,0.73,,32.18,4.08,-47.1,5.698,7.65,76,21
2618,長榮航,Industrials,Airlines,37.4,-0.25,-0.2,0.15,0.26,,32.04,5.63,-25.99,41.485,6.85,76,69
9105,泰金寶-DR,Technology,Computer Hardware,5.77,-0.08,-0.08,0.0,0.2,,31.98,0.23,-31.34,14.759,25.26,76,59
1307,三芳,Consumer Cyclical,Textile Manufacturing,32.25,0.05,0.06,0.29,0.04,,31.79,3.74,-28.15,27.919,8.58,76,65
2382,廣達,Technology,Computer Hardware,273.0,0.08,0.09,0.1,0.62,,31.67,17.36,21.5,424.823,15.78,75,93
3628,盈正,Industrials,Electrical Equipment & Parts,41.8,-1.16,-0.54,4.25,0.58,,31.46,2.3,-28.68,69.377,18.22,75,64
5234,達興材料,Basic Materials,Specialty Chemicals,245.0,0.18,0.22,-0.08,0.69,,31.43,6.44,-29.75,41.621,38.12,75,62
6274,台燿,Technology,Electronic Components,256.0,-0.07,-0.07,0.09,0.46,,31.42,10.19,-8.95,91.435,24.58,75,87
9935,慶豐富,Consumer Cyclical,"Furnishings, Fixtures & Appliances",20.5,-0.14,-0.12,0.16,0.02,,30.8,2.36,-34.51,31.241,8.88,75,51
1730,花仙子,Consumer Defensive,Household & Personal Products,53.4,0.11,0.12,0.04,0.65,,30.8,4.48,-42.1,39.955,11.9,75,30
6201,亞弘電,Consumer Cyclical,"Furnishings, Fixtures & Appliances",61.3,-0.07,-0.07,-0.07,0.57,,30.44,5.02,-20.48,39.38,12.25,75,77
6944,兆聯實業,Industrials,Pollution & Treatment Controls,486.0,0.11,0.12,-0.0,0.24,,30.3,22.7,-9.83,163.935,21.28,75,86
6951,青新-創,Industrials,Waste Management,74.3,-0.23,-0.19,0.63,0.53,,29.7,5.23,-3.74,16.54,14.19,75,88
6806,森崴能源,Utilities,Utilities - Renewable,77.4,0.01,0.01,0.2,0.63,,29.68,3.55,82.62,101.393,23.97,75,96
2755,揚秦,Consumer Cyclical,Restaurants,140.0,0.0,0.0,0.13,0.44,,29.3,6.31,-20.25,87.906,22.11,75,78
1614,三洋電,Consumer Cyclical,"Furnishings, Fixtures & Appliances",38.9,-0.83,-0.45,3.0,0.71,,28.61,0.88,-32.76,22.495,44.43,75,55
6532,瑞耘,Technology,Semiconductor Equipment & Materials,71.1,0.11,0.12,0.28,0.5,,28.6,4.42,-25.08,19.9,16.13,75,71
4168,醣聯,Healthcare,Biotechnology,23.6,0.0,0.0,0.12,0.63,,28.45,-1.84,-25.74,0.176,,75,70
6541,泰福-KY,Healthcare,Biotechnology,56.7,-0.04,-0.04,0.19,0.49,,28.45,-7.87,929.56,0.458,,75,98
6692,進能服,Technology,Solar,37.1,1.09,11.67,3.76,2.18,,28.4,2.16,92.23,46.963,17.13,75,97
2731,雄獅,Consumer Cyclical,Travel Services,160.0,0.67,2.07,-2.54,0.31,,28.3,10.71,48.05,316.026,14.38,75,95
9931,欣高,Utilities,Utilities - Regulated Gas,34.75,0.18,0.22,-0.79,0.49,,27.78,3.1,-70.67,14.204,11.18,75,7
3033,威健,Technology,Electronics & Computer Distribution,33.8,-0.06,-0.06,-0.11,0.74,,27.59,2.49,-10.37,212.322,13.67,75,86
8032,光菱,Technology,Computer Hardware,39.8,-0.23,-0.19,0.12,0.75,,27.57,2.34,-23.84,58.919,17.26,74,73
3231,緯創,Technology,Computer Hardware,120.0,0.11,0.13,-0.05,0.49,,27.51,6.62,-7.44,403.618,18.05,74,87
2356,英業達,Technology,Computer Hardware,41.7,-0.1,-0.09,0.12,0.57,,27.39,2.31,-23.42,187.539,17.97,74,74
2102,泰豐,Consumer Cyclical,Auto Parts,19.65,0.25,0.2,-0.8,0.06,,27.29,-1.0,-52.98,0.622,,74,15
6288,聯嘉,Technology,Electronic Components,18.6,0.87,7.0,-12.0,-0.6,,27.14,0.33,-30.86,27.078,57.58,74,60
4749,新應材,Technology,Consumer Electronics,602.0,0.09,0.1,-0.26,0.08,,26.79,8.69,-4.41,42.559,70.77,74,88
4760,勤凱,Technology,Semiconductor Equipment & Materials,116.0,0.24,0.32,-0.51,0.62,,26.39,6.76,-6.46,54.41,17.6,74,87
4154,樂威科-KY,Consumer Defensive,Beverages - Non-Alcoholic,18.7,0.11,0.1,1.31,0.73,,26.24,-4.23,-113.63,1.47,,74,4
5443,均豪,Technology,Semiconductor Equipment & Materials,88.3,-0.22,-0.18,-0.03,0.55,,26.07,1.9,-56.27,26.141,46.21,74,13
2352,佳世達,Technology,Computer Hardware,26.15,-0.58,-0.37,0.59,0.92,,25.94,1.22,-37.07,105.114,21.68,74,44
6865,偉康科技,Technology,Software - Infrastructure,57.8,-0.44,-0.31,-0.15,0.79,,25.81,2.09,-43.04,,27.32,74,28
8155,博智,Technology,Electronic Components,120.5,0.31,0.45,-1.64,0.76,,25.75,5.0,3.15,79.73,24.4,74,90
2316,楠梓電,Technology,Electronic Components,52.8,0.17,0.2,0.07,0.47,,25.65,4.95,-40.79,18.706,10.91,74,34
5347,世界,Technology,Semiconductors,91.7,0.01,0.01,0.18,0.68,,24.42,4.69,-23.92,26.89,19.81,74,73
6720,久昌,Technology,Semiconductors,135.5,0.15,0.17,-0.21,0.21,,24.16,6.67,-24.75,22.39,20.46,74,72
4946,辣椒,Communication Services,Electronic Gaming & Multimedia,168.0,10.39,10.39,-0.1,2.05,,23.66,-6.83,718.14,20.907,,74,98
5410,國眾,Technology,Computer Hardware,28.75,0.31,0.46,-0.06,0.59,,23.6,1.82,6.62,48.843,15.71,74,91
3434,哲固,Technology,Computer Hardware,47.55,0.58,1.39,-2.01,0.26,,23.45,1.81,-32.26,26.905,26.02,74,56
6206,飛捷,Technology,Computer Hardware,133.0,0.26,0.35,-0.4,0.46,,23.32,7.58,-19.04,34.627,17.35,74,79
5364,力麗店,Consumer Cyclical,Lodging,19.85,0.45,0.31,-0.05,0.41,,23.17,-1.3,-49.22,6.917,,73,18
1413,宏洲,Consumer Cyclical,Textile Manufacturing,11.7,-1.86,-2.17,4.67,0.1,,23.01,-0.16,-47.31,17.208,,73,21
4532,瑞智,Industrials,Specialty Industrial Machinery,23.6,0.42,0.72,-1.17,0.46,,22.97,2.23,-17.32,46.492,10.76,73,81
2211,長榮鋼,Industrials,Metal Fabrication,85.1,-0.15,-0.13,0.02,0.28,,22.94,6.54,-16.16,33.446,13.09,73,82
4526,東台,Industrials,Specialty Industrial Machinery,29.15,2.46,1.68,0.02,3.93,,22.5,-2.93,-36.18,23.295,,73,47
9962,有益,Basic Materials,Steel,11.85,-0.25,-0.2,-0.72,0.71,,22.5,0.73,-34.24,27.642,16.23,73,51
3303,岱稜,Industrials,Metal Fabrication,44.65,-0.07,-0.06,0.97,0.3,,22.49,4.17,-28.69,32.88,11.01,73,64
8481,政伸,Industrials,Specialty Business Services,44.0,0.08,0.09,0.05,0.7,,22.45,3.4,-27.29,17.808,12.94,73,67
6914,阜爾運通,Industrials,Business Equipment & Supplies,144.5,0.19,0.24,-0.2,0.05,,22.43,7.23,-20.59,74.807,20.12,73,77
6919,康霈*,Healthcare,Biotechnology,1180.0,4.0,0.8,0.28,0.45,,22.29,-3.66,-2.6440000000000016e+16,0.262,,73,1
6844,諾貝兒,Consumer Cyclical,Specialty Retail,97.6,0.32,0.47,-0.07,0.78,,22.27,3.58,-38.89,91.346,27.26,73,39
2368,金像電,Technology,Electronic Components,314.0,0.05,0.05,0.05,0.44,,22.2,12.69,-12.8,86.193,24.11,73,84
6757,台灣虎航-創,Industrials,Airlines,86.2,-0.01,-0.01,0.4,0.07,,22.15,6.28,112.79,37.127,13.84,73,97
4119,旭富,Healthcare,Drug Manufacturers - Specialty & Generic,61.9,-5.41,-0.84,5.13,-0.37,,22.04,4.41,-21.68,13.172,14.29,73,76
4171,瑞基,Healthcare,Biotechnology,20.15,0.81,0.45,0.34,0.94,,21.91,-1.9,-60.92,3.708,,73,10
4728,雙美,Healthcare,Biotechnology,397.0,0.13,0.15,-0.06,0.27,,21.84,13.14,-22.58,35.704,30.29,73,75
4950,牧東,Consumer Cyclical,"Furnishings, Fixtures & Appliances",9.2,0.46,0.31,-2.67,0.87,,21.77,-0.71,137771.8,5.828,,73,99
6843,進典,,,60.0,-0.04,-0.04,0.13,0.5,,21.67,,-40.84,,23.62,73,34
5514,三豐,Real Estate,Real Estate Services,18.8,-3.0,-3.0,2.27,-0.2,,21.58,0.38,723.01,3.143,49.47,73,98
2375,凱美,Technology,Electronic Components,55.1,0.12,0.14,-0.88,0.65,,21.42,5.06,-37.23,49.622,11.01,72,43
4105,東洋,Healthcare,Drug Manufacturers - Specialty & Generic,75.3,0.02,0.02,0.43,0.39,,21.2,6.18,-26.95,24.448,12.18,72,67
6190,萬泰科,Technology,Communication Equipment,37.05,0.09,0.1,-0.08,0.44,,20.8,2.28,-17.24,54.727,16.78,72,81
3058,立德,Industrials,Electrical Equipment & Parts,9.3,-0.08,-0.09,0.57,0.94,,20.69,-1.72,-40.43,15.873,,72,34
5469,瀚宇博,Technology,Electronic Components,59.5,-0.06,-0.05,-0.13,0.54,,20.64,6.5,-33.9,84.419,9.34,72,52
7715,裕山,Industrials,Waste Management,39.8,0.14,0.17,-0.08,0.05,,20.54,5.02,-33.05,,7.9,72,54
2603,長榮,Industrials,Marine Shipping,195.0,-0.64,-0.39,1.1,0.55,,20.46,70.37,-27.09,224.743,2.81,72,67
3570,大塚,Technology,Software - Application,195.0,0.14,0.17,0.03,0.4,,20.17,14.25,6.9,139.508,13.89,72,91
6530,創威,Technology,Communication Equipment,52.7,0.03,0.03,0.05,0.39,,20.06,1.76,-25.6,8.721,29.94,72,70
4584,君帆,Industrials,Specialty Industrial Machinery,57.7,0.12,0.13,0.25,0.53,,19.95,3.92,-22.56,46.543,14.72,72,75
8277,商丞,Technology,Semiconductors,10.5,0.45,0.31,-0.4,0.45,,19.59,-0.67,-59.93,3.045,,72,11
1563,巧新,Consumer Cyclical,Auto Parts,52.1,0.32,0.47,0.1,0.31,,19.46,3.65,-40.9,31.844,14.52,72,33
2597,潤弘,Industrials,Engineering & Construction,170.0,-0.15,-0.13,0.14,0.39,,19.44,11.19,-26.87,103.927,15.42,72,68
4903,聯光通,Technology,Communication Equipment,25.1,0.08,0.08,-4.57,0.33,,19.23,0.12,-15.74,8.362,222.92,72,82
1473,台南,Consumer Cyclical,Apparel Manufacturing,26.9,0.44,0.78,-0.24,-0.15,,19.13,2.83,-31.18,52.195,9.72,72,59
6285,啟碁,Technology,Communication Equipment,116.0,0.28,0.38,-1.25,0.22,,18.74,7.44,-26.06,237.372,15.59,72,69
6271,同欣電,Technology,Semiconductor Equipment & Materials,104.0,0.05,0.05,0.2,0.6,,18.61,9.19,-42.85,57.537,11.64,72,29
6924,,Technology,Electronic Components,74.9,-0.93,-0.48,1.74,0.26,,18.46,7.52,-27.58,90.81,9.96,72,66
3712,永崴投控,Technology,Semiconductors,46.1,-0.34,-0.26,0.54,0.24,,18.36,4.71,33.05,123.554,10.76,72,94
6881,潤德,Industrials,Consulting Services,227.0,-0.09,-0.08,0.33,0.23,,18.11,16.21,-4.44,146.005,14.0,71,88
4554,橙的,Technology,Electronic Components,40.8,0.55,1.21,-0.79,0.43,,18.07,2.07,-30.64,18.123,19.13,71,60
2884,玉山金,Financial Services,Banks - Regional,34.7,0.04,0.04,0.3,0.41,,17.95,1.76,-21.44,4.75,19.86,71,76
1402,遠東新,Consumer Cyclical,Textile Manufacturing,32.85,0.07,0.07,-0.72,0.44,,17.81,2.13,-41.73,53.522,15.38,71,31
3131,弘塑,Technology,Semiconductor Equipment & Materials,1585.0,0.08,0.09,0.05,0.46,,17.8,32.0,-12.96,151.168,48.75,71,84
5386,青雲,Technology,Computer Hardware,74.2,0.53,1.13,2.04,0.32,,17.71,3.57,18.33,159.224,21.32,71,93
2471,資通,Technology,Information Technology Services,56.0,-0.69,-0.41,-0.32,0.38,,17.66,3.41,-23.23,19.383,16.54,71,74
8410,森田,Basic Materials,Specialty Chemicals,42.4,0.1,0.11,-1.45,-0.77,,17.53,6.64,-36.74,32.204,6.44,71,45
3661,世芯-KY,Technology,Semiconductors,3460.0,-0.12,-0.11,0.12,0.15,,17.52,79.08,-14.82,649.555,43.56,71,83
3622,洋華,Technology,Electronic Components,54.0,-0.25,-0.2,1.15,0.25,,17.51,5.01,-31.42,10.667,11.06,71,58
3357,臺慶科,Technology,Electronic Components,93.2,0.16,0.19,-0.23,0.55,,17.4,7.49,-18.93,57.762,12.35,71,79
1521,大億,Consumer Cyclical,Auto Parts,25.55,1.03,30.5,-47.0,0.43,,17.35,1.33,-56.66,46.183,19.21,71,12
6125,廣運,Industrials,Specialty Industrial Machinery,60.1,2.26,2.26,0.03,1.0,,17.33,-0.5,-46.98,10.541,,71,22
3551,世禾,Technology,Semiconductor Equipment & Materials,161.5,0.11,0.12,-0.04,0.45,,17.32,7.35,-29.68,47.063,22.04,71,62
6597,立誠,Technology,Electronic Components,79.0,-0.11,-0.1,0.36,0.22,,17.01,4.83,-25.8,33.68,16.36,71,69
5489,彩富,Technology,Consumer Electronics,44.85,-0.07,-0.07,-0.13,0.34,,16.73,2.55,-39.64,18.157,18.02,71,36
2301,光寶科,Technology,Computer Hardware,117.5,0.01,0.01,0.09,0.45,,16.57,5.57,-24.2,63.172,20.74,71,73
3052,夆典,Industrials,Engineering & Construction,14.25,0.17,0.21,0.11,0.26,,16.54,1.03,-36.89,13.385,13.4,71,45
5328,華容,Technology,Electronic Components,12.55,0.0,0.0,0.25,0.25,,16.48,0.4,-30.26,5.198,31.75,71,61
3217,優群,Technology,Computer Hardware,147.5,-0.09,-0.08,0.41,0.33,,16.41,12.03,-14.43,41.227,12.3,70,83
3526,凡甲,Technology,Electronic Components,229.0,-0.03,-0.03,0.01,0.34,,16.36,16.03,1.11,57.087,14.5,70,90
1234,黑松,Consumer Defensive,Beverages - Non-Alcoholic,40.2,-0.25,-0.2,0.47,0.39,,16.05,2.53,-50.71,24.49,15.89,70,17
2414,精技,Technology,Computer Hardware,43.7,0.02,0.02,0.32,0.46,,15.99,2.77,-25.98,155.264,16.61,70,69
3629,地心引力,Communication Services,Advertising Agencies,35.85,0.02,0.02,0.54,0.04,,15.94,-0.95,-2938.97,0.002,,70,1
6526,達發,Technology,Semiconductors,544.0,-0.08,-0.08,0.06,0.77,,15.85,18.01,-14.44,122.497,31.98,70,83
3293,鈊象,Communication Services,Electronic Gaming & Multimedia,832.0,0.09,0.1,0.91,0.29,,15.74,34.19,-14.71,69.889,24.19,70,83
4536,拓凱,Consumer Cyclical,Leisure,188.0,0.18,0.23,-0.23,0.19,,15.59,19.45,-20.97,109.886,9.95,70,77
8072,陞泰,Industrials,Security & Protection Services,43.8,0.52,1.08,-2.0,0.06,,15.53,1.27,-32.04,12.247,34.13,70,57
4173,久裕,Healthcare,Pharmaceutical Retailers,22.55,0.01,0.01,0.37,0.31,,15.44,1.33,-18.46,18.501,17.33,70,80
6414,樺漢,Technology,Computer Hardware,296.0,0.09,0.1,0.36,0.29,,15.11,18.14,-29.52,1078.42,16.43,70,63
6789,采鈺,Technology,Semiconductors,226.0,-0.57,-0.36,0.36,0.49,,14.87,5.74,-36.15,31.745,39.2,70,47
1439,雋揚,Consumer Cyclical,Textile Manufacturing,30.1,0.32,0.46,1.92,0.35,,14.63,1.93,134.92,2.189,15.6,70,97
8923,時報,Communication Services,Publishing,20.05,0.57,1.35,0.0,0.41,,14.62,1.07,-26.31,15.076,18.46,70,68
2613,中櫃,Industrials,Marine Shipping,26.35,-0.28,-0.22,0.06,0.53,,14.38,0.93,-38.72,23.979,28.87,70,39
9951,皇田,Consumer Cyclical,Auto Parts,59.3,0.4,0.66,-0.29,0.44,,14.27,4.72,-25.69,76.684,12.71,70,70
4571,鈞興-KY,Industrials,Tools & Accessories,157.0,0.23,0.29,-0.42,0.35,,14.21,9.92,-30.73,60.854,16.38,70,60
1419,新紡,Consumer Cyclical,Textile Manufacturing,57.0,-0.71,-0.42,0.13,0.1,,14.14,2.93,-18.79,14.76,19.69,70,79
2115,六暉-KY,Consumer Cyclical,Auto Parts,27.3,0.09,0.1,-0.29,0.53,,14.06,2.23,-33.34,30.714,12.42,69,53
2379,瑞昱,Technology,Semiconductors,577.0,0.04,0.04,-0.0,0.52,,13.95,32.26,-14.39,239.427,18.01,69,83
2488,漢平,Technology,Consumer Electronics,45.75,-0.49,-0.33,0.19,0.14,,13.79,5.29,-12.91,41.616,8.65,69,84
2395,研華,Technology,Computer Hardware,345.5,0.1,0.11,0.06,0.37,,13.7,11.12,-22.71,73.321,31.25,69,75
4772,台特化,Basic Materials,Specialty Chemicals,222.0,-0.01,-0.01,0.31,0.19,,13.58,2.8,-31.64,6.117,79.46,69,58
3305,昇貿,Technology,Electronic Components,57.6,0.12,0.14,0.13,0.51,,13.57,3.29,-4.37,68.256,17.54,69,88
6156,松上,Technology,Electronic Components,27.0,0.59,1.46,-3.71,0.25,,13.46,2.15,15.88,48.556,12.4,69,93
1603,華電,Technology,Electronics & Computer Distribution,38.15,-0.09,-0.09,1.0,0.28,,13.36,3.03,-6.92,31.007,12.84,69,87
6221,晉泰,Technology,Information Technology Services,47.05,-0.11,-0.1,0.15,0.22,,13.05,3.64,-10.75,45.093,13.27,69,85
5516,雙喜,Industrials,Engineering & Construction,13.5,-0.9,-9.5,32.01,0.77,,12.86,-3.27,-16.98,40.966,,69,81
2438,翔耀,Industrials,Electrical Equipment & Parts,27.1,0.3,0.23,-4.29,1.48,,12.38,-1.39,4.64,7.05,,69,91
3030,德律,Technology,Scientific & Technical Instruments,148.5,0.2,0.25,-0.2,0.27,,12.18,8.19,-19.42,28.727,17.95,69,79
1721,三晃,Basic Materials,Chemicals,11.15,-0.37,-0.59,1.0,0.83,,11.99,-0.78,-47.42,12.177,,69,21
1752,南光,Healthcare,Medical Instruments & Supplies,35.0,0.1,0.11,0.32,0.31,,11.99,2.57,-30.8,22.288,13.68,69,60
3324,雙鴻,Technology,Computer Hardware,645.0,0.12,0.14,-0.63,0.25,,11.67,21.4,-11.61,189.801,29.81,69,85
3044,健鼎,Technology,Electronic Components,241.5,0.01,0.01,0.17,0.28,,11.57,17.57,-31.16,128.701,13.46,69,59
2610,華航,Industrials,Airlines,21.55,0.05,0.05,0.11,0.35,,11.57,2.56,-29.43,34.332,8.59,69,63
5292,華懋,Industrials,Pollution & Treatment Controls,144.0,0.08,0.09,0.09,0.19,,11.41,9.15,-13.95,63.128,15.68,69,84
4114,健喬,Healthcare,Drug Manufacturers - Specialty & Generic,36.8,0.11,0.12,-0.23,0.12,,11.4,1.63,-24.31,13.488,20.49,69,72
3036,文曄,Technology,Electronic Components,133.5,-0.02,-0.02,0.49,0.54,,11.36,8.84,-10.41,911.015,15.1,68,85
6155,鈞寶,Technology,Electronic Components,22.8,0.25,0.34,-0.24,0.35,,11.01,1.07,-25.73,6.872,21.45,68,70
4153,鈺緯,Healthcare,Diagnostics & Research,41.0,0.24,0.31,-1.0,0.0,,11.01,1.6,-42.01,14.438,25.62,68,30
6761,穩得,Technology,Electronics & Computer Distribution,86.9,0.04,0.04,-0.17,0.36,,10.92,6.95,-33.4,67.099,12.59,68,53
3078,僑威,Industrials,Electrical Equipment & Parts,84.4,0.27,0.37,-0.45,0.24,,10.89,5.94,-13.44,41.568,14.28,68,84
4581,光隆精密-KY,Consumer Cyclical,Auto Parts,55.5,0.14,0.16,-0.22,0.17,,10.89,5.14,-38.28,32.005,10.56,68,41
8996,高力,Industrials,Specialty Industrial Machinery,260.0,-0.28,-0.22,0.23,0.01,,10.83,6.5,-13.71,46.399,40.77,68,84
4806,桂田文創,Communication Services,Entertainment,8.4,0.0,0.0,-0.25,-1.0,,10.62,-0.25,709.88,0.397,,68,98
6568,宏觀,Technology,Semiconductors,129.5,0.1,0.11,-0.11,0.42,,10.4,4.16,-32.64,35.824,31.73,68,56
2248,華勝-KY,Consumer Cyclical,Auto Parts,47.8,-0.13,-0.11,0.16,0.1,,10.27,6.52,-21.35,50.129,7.39,68,76
6121,新普,Industrials,Electrical Equipment & Parts,368.5,0.0,0.0,0.09,0.35,,10.22,30.81,-38.76,436.968,11.99,68,39
6416,瑞祺電通,Technology,Communication Equipment,87.0,-0.05,-0.04,-0.08,0.22,,10.21,4.69,-19.54,61.668,18.83,68,79
3426,台興,Technology,Electronic Components,44.2,-0.12,-0.1,0.03,0.26,,10.18,3.58,-28.36,30.609,12.35,68,65
2906,高林,Consumer Cyclical,Specialty Retail,15.4,0.38,0.62,-2.25,0.29,,10.17,0.54,-30.63,43.644,28.7,68,60
8213,志超,Technology,Electronic Components,30.4,-0.08,-0.07,-0.07,0.56,,10.14,2.96,-39.76,66.504,10.32,68,36
6516,勤崴國際,Technology,Scientific & Technical Instruments,68.1,-0.06,-0.05,0.13,0.2,,10.05,1.52,-4.72,8.677,44.28,68,88
6409,旭隼,Industrials,Electrical Equipment & Parts,1245.0,-0.22,-0.18,-0.04,0.19,,9.97,49.43,-30.12,265.611,25.39,68,61
8424,惠普,Basic Materials,Building Materials,73.1,0.18,0.22,-0.34,0.33,,9.93,4.94,-24.95,29.751,14.84,68,71
7708,全家餐飲,Consumer Cyclical,Restaurants,97.5,-0.08,-0.07,0.31,0.09,,9.92,5.5,-21.97,,17.73,68,76
2328,廣宇,Technology,Electronic Components,39.6,-0.17,-0.14,0.06,0.27,,9.88,2.08,-25.85,44.136,19.38,67,69
2481,強茂,Technology,Semiconductor Equipment & Materials,45.35,0.04,0.05,-0.12,0.53,,9.78,2.74,-37.11,33.233,16.77,67,44
6023,元大期,Financial Services,Capital Markets,82.2,-0.01,-0.01,0.39,0.14,,9.77,7.59,-49.2,11.396,11.03,67,18
3402,漢科,Industrials,Specialty Industrial Machinery,95.6,-0.01,-0.01,-0.01,0.22,,9.69,7.29,-37.5,74.113,13.31,67,43
4951,精拓科,Technology,Semiconductors,63.8,0.15,0.17,-0.4,0.31,,9.65,4.48,-36.34,15.319,14.4,67,46
3705,永信,Healthcare,Drug Manufacturers - Specialty & Generic,62.3,0.2,0.25,-0.52,0.23,,9.54,4.44,-25.11,31.613,14.03,67,71
3555,博士旺,Technology,Software - Infrastructure,33.75,-1.91,-2.09,2.81,-0.04,,9.53,-0.19,-147.61,1.8,,67,3
1615,大山,Industrials,Electrical Equipment & Parts,51.1,-0.04,-0.04,0.16,0.22,,9.3,4.12,-25.68,32.473,12.57,67,70
5272,笙科,Technology,Semiconductor Equipment & Materials,23.3,-1.0,-1375.52,-4404.27,-0.11,,9.29,-0.12,-44.21,6.068,,67,26
6902,走著瞧-創,Technology,Software - Application,85.2,2.73,1.58,-2.52,-0.38,,9.26,-1.34,-12.24,28.027,,67,85
5269,祥碩,Technology,Semiconductors,1960.0,0.11,0.13,-0.01,0.28,,9.23,51.42,-16.75,117.219,39.19,67,81
4933,友輝,Technology,Electronic Components,75.6,0.29,0.42,-0.6,0.17,,9.11,7.39,-25.41,37.651,10.34,67,70
2432,倚天酷碁-創,Technology,Computer Hardware,27.25,-0.4,-0.28,-0.16,0.04,,9.06,1.89,-11.14,45.077,14.47,67,85
1268,漢來美食,Consumer Cyclical,Restaurants,153.5,0.5,0.99,-0.05,-0.08,,8.92,9.72,-28.61,141.764,15.74,67,64
3583,辛耘,Technology,Semiconductors,346.0,0.03,0.03,0.06,0.23,,8.85,12.06,-13.59,127.678,28.69,67,84
1568,倉佑,Consumer Cyclical,Auto Parts,23.0,0.31,0.45,0.04,-0.45,,8.68,1.35,-51.56,10.029,17.11,67,17
2729,瓦城,Consumer Cyclical,Restaurants,208.0,-0.06,-0.06,0.34,0.02,,8.6,9.05,-32.7,156.811,22.87,67,55
3218,大學光,Healthcare,Medical Devices,195.0,0.2,0.24,-0.14,0.19,,8.58,13.36,-30.55,50.52,14.6,67,61
6829,千附精密,Industrials,Specialty Industrial Machinery,109.0,0.25,0.33,-1.1,0.28,,8.53,5.94,-17.1,32.608,18.77,67,81
4912,聯德控股-KY,Industrials,Metal Fabrication,76.5,-0.44,-0.3,0.04,0.33,,8.52,6.7,-21.36,98.814,11.7,66,76
6697,東捷資訊,Technology,Information Technology Services,45.0,0.14,0.16,-0.06,0.3,,8.35,2.8,-36.54,44.32,16.07,66,46
8446,華研,Communication Services,Entertainment,94.8,-0.05,-0.04,0.14,0.19,,8.33,11.94,-42.65,25.409,7.96,66,29
5520,力泰,Basic Materials,Building Materials,79.1,0.02,0.02,-0.07,0.21,,8.31,9.25,-30.8,68.9,8.55,66,60
6242,立康,Consumer Cyclical,Travel Services,42.1,-0.01,-0.01,-0.24,0.2,,8.23,2.57,-27.14,18.14,16.38,66,67
3090,日電貿,Technology,Electronic Components,71.2,0.15,0.17,0.17,0.35,,8.2,4.88,-15.85,62.363,14.63,66,82
3680,家登,Technology,Semiconductors,320.0,-0.5,-0.33,0.46,-0.02,,8.2,12.46,-16.62,71.773,27.37,66,81
1531,高林股,Industrials,Specialty Industrial Machinery,12.7,0.48,0.92,-1.0,1.43,,8.05,0.53,-40.72,9.21,23.96,66,34
5548,安倉,Industrials,Engineering & Construction,25.75,0.12,0.14,-1.67,0.24,,8.04,2.62,-32.09,,9.96,66,57
3533,嘉澤,Technology,Electronic Components,1405.0,0.05,0.05,-0.09,0.09,,7.98,84.46,-20.48,280.441,16.64,66,77
2762,世界健身-KY,Consumer Cyclical,Leisure,75.9,-0.13,-0.12,-1.12,-0.91,,7.96,2.77,-30.37,91.136,27.58,66,61
3413,京鼎,Technology,Semiconductor Equipment & Materials,302.5,0.1,0.11,-0.22,0.22,,7.92,23.32,-4.92,170.056,13.23,66,88
8464,億豐,Consumer Cyclical,"Furnishings, Fixtures & Appliances",407.5,0.0,0.0,0.0,0.24,,7.77,24.65,-29.34,104.073,16.45,66,63
6183,關貿,Industrials,Specialty Business Services,94.0,-0.04,-0.04,0.16,0.26,,7.67,3.59,-32.36,17.363,25.88,66,56
3169,亞信,Technology,Semiconductors,82.5,0.26,0.36,-0.53,0.43,,7.64,3.77,-27.33,14.418,22.23,66,67
6763,綠界科技*,Industrials,Conglomerates,62.3,0.08,0.09,0.2,0.3,,7.57,2.08,-34.97,8.82,30.43,66,50
4540,全球傳動,Industrials,Tools & Accessories,35.95,0.17,0.15,0.0,1.48,,7.56,-3.88,-60.89,21.358,,66,10
4754,國碳科,Basic Materials,Specialty Chemicals,41.3,0.31,0.44,-0.28,0.24,,7.48,2.81,-27.36,21.704,14.7,66,67
2107,厚生,Basic Materials,Specialty Chemicals,24.55,-0.19,-0.16,-0.22,0.34,,7.43,2.01,-18.55,5.278,12.21,66,80
4938,和碩,Technology,Computer Hardware,78.9,0.0,0.0,-0.3,0.33,,7.39,6.64,-35.17,430.805,12.0,65,49
9938,百和,Consumer Cyclical,Textile Manufacturing,54.7,0.0,0.0,0.31,0.37,,7.31,5.16,-28.77,54.213,10.5,65,64
6560,欣普羅,Technology,Electronic Components,39.55,6.0,6.0,0.54,1.22,,7.3,-0.15,85.57,4.247,,65,96
6689,伊雲谷,Technology,Software - Infrastructure,81.4,-0.27,-0.21,0.91,0.39,,7.27,2.42,-24.89,193.748,34.09,65,71
4766,南寶,Basic Materials,Specialty Chemicals,306.0,0.05,0.05,-0.02,0.03,,6.96,21.89,-29.14,195.297,14.25,65,63
3046,建碁,Technology,Computer Hardware,44.65,-0.06,-0.06,0.24,0.13,,6.96,3.95,-16.92,91.322,11.42,65,81
5434,崇越,Technology,Electronics & Computer Distribution,280.0,-0.0,-0.0,-0.1,0.19,,6.77,19.35,-14.72,319.869,14.63,65,83
3494,誠研,Technology,Computer Hardware,12.75,-0.2,-0.26,-0.83,-0.06,,6.75,-1.1,-20.75,7.611,,65,77
1584,精剛,Industrials,Metal Fabrication,23.15,-0.31,-0.23,-1.27,-0.11,,6.68,1.53,-17.04,14.296,15.07,65,81
6191,精成科,Technology,Electronic Components,91.3,-0.11,-0.1,0.04,0.27,,6.66,6.33,-42.02,45.838,14.66,65,30
6527,明達醫,Healthcare,Medical Instruments & Supplies,87.0,0.05,0.05,0.04,0.18,,6.65,5.16,-29.28,35.254,16.86,65,63
4915,致伸,Technology,Consumer Electronics,72.3,-0.03,-0.03,0.06,0.26,,6.33,5.91,-36.92,129.963,12.35,65,45
1522,堤維西,Consumer Cyclical,Auto Parts,45.7,0.03,0.03,-0.27,-0.45,,5.95,4.12,-40.16,63.849,11.07,65,35
6435,大中,Technology,Semiconductors,94.4,0.22,0.28,0.04,0.52,,5.94,6.77,-20.51,78.999,14.09,65,77
4126,太醫,Healthcare,Medical Instruments & Supplies,90.8,0.0,0.0,0.32,0.24,,5.9,6.44,-33.18,32.862,14.25,65,54
8367,建新國際,Industrials,Marine Shipping,45.5,0.01,0.01,-0.26,0.46,,5.83,3.52,-20.37,34.162,12.93,65,77
6670,復盛應用,Consumer Cyclical,Leisure,279.5,0.18,0.22,0.09,0.26,,5.75,29.15,-15.02,223.936,9.61,65,83
6811,宏碁資訊,Technology,Information Technology Services,241.5,0.09,0.09,-0.09,0.16,,5.71,13.45,-24.79,218.113,18.18,65,72
4551,智伸科,Consumer Cyclical,Auto Parts,119.0,0.08,0.09,0.19,0.38,,5.7,9.19,-26.39,69.985,13.17,65,68
3232,昱捷,Technology,Electronics & Computer Distribution,25.45,2.0,2.0,-4.0,0.5,,5.65,0.4,-84.12,29.139,63.5,64,6
1342,八貫,Consumer Cyclical,Textile Manufacturing,83.1,0.1,0.11,-0.1,0.13,,5.6,6.37,-19.2,34.219,13.11,64,79
8416,實威,Technology,Software - Application,160.0,0.22,0.28,-0.46,0.26,,5.55,11.58,-37.5,54.854,13.82,64,43
3576,聯合再生,Technology,Solar,6.6,1.73,0.63,0.06,0.55,,5.54,-1.26,-89.58,3.241,,64,5
2640,大車隊,Industrials,Railroads,134.5,-0.07,-0.07,0.23,0.11,,5.48,9.03,-31.3,51.729,14.89,64,59
6794,向榮生技-創,Healthcare,Biotechnology,62.3,-0.35,-0.54,0.96,0.19,,5.34,-1.53,159.37,0.671,,64,97
6573,虹揚-KY,Technology,Semiconductors,9.42,-1.4,-3.5,10.12,0.25,,5.3,-1.82,-59.05,11.59,,64,11
3045,台灣大,Communication Services,Telecom Services,107.0,-0.07,-0.07,0.29,0.23,,5.12,4.76,-37.01,65.883,22.37,64,44
2349,錸德,Technology,Computer Hardware,10.0,1000000.0,1000000.0,-2.0,-1.0,,5.06,0.06,-48.04,10.181,182.5,64,20
8033,雷虎,Consumer Cyclical,Leisure,63.0,10.68,10.68,-2.57,0.47,,5.05,0.57,-27.51,9.01,113.51,64,67
4506,崇友,Industrials,Specialty Industrial Machinery,114.0,0.09,0.1,-0.04,0.21,,4.94,5.82,-17.55,33.081,19.5,64,81
6936,永鴻生技,Consumer Defensive,Farm Products,38.75,-0.09,-0.09,0.34,0.29,,4.94,2.18,-24.14,,17.8,64,73
2881,富邦金,Financial Services,Insurance - Life,82.3,0.01,0.01,-0.18,0.35,,4.83,11.26,-29.01,59.595,7.38,64,64
1104,環泥,Basic Materials,Building Materials,27.35,-0.32,-0.24,0.26,0.17,,4.83,2.2,-35.82,11.612,12.48,64,47
3515,華擎,Technology,Computer Hardware,280.5,0.18,0.22,0.15,0.42,,4.61,11.45,37.85,253.768,23.71,64,95
2645,長榮航太,Industrials,Airports & Air Services,99.0,0.16,0.2,-0.25,0.1,,4.48,5.04,-24.38,44.745,19.94,64,72
3716,中化控股,Healthcare,Medical Distribution,35.3,0.31,0.45,-0.1,0.31,,4.32,2.7,-39.22,72.787,13.2,64,38
1108,幸福,Basic Materials,Building Materials,14.75,0.08,0.09,-0.22,0.07,,4.28,1.24,-35.46,12.074,11.9,64,48
6807,峰源-KY,Consumer Cyclical,"Furnishings, Fixtures & Appliances",60.6,-0.11,-0.1,0.12,0.09,,4.21,9.01,-25.81,95.746,6.7,64,69
5905,南仁湖,Consumer Cyclical,Resorts & Casinos,10.5,-0.56,-1.25,0.0,-0.08,,4.17,-0.53,-37.69,3.728,,63,42
3332,幸康,Industrials,Electrical Equipment & Parts,44.05,0.43,0.77,-0.36,0.21,,4.02,2.44,-26.78,28.972,18.09,63,68
2027,大成鋼,Basic Materials,Steel,33.4,0.67,2.08,-2.08,0.43,,3.81,1.73,-32.25,40.369,19.1,63,56
2947,振宇五金,Consumer Cyclical,Specialty Retail,93.0,0.21,0.26,0.14,0.37,,3.76,3.41,-31.84,114.936,27.51,63,57
2753,八方雲集,Consumer Cyclical,Restaurants,189.0,0.15,0.17,0.04,0.24,,3.76,9.68,-27.55,124.331,19.27,63,66
4131,浩泰,Healthcare,Biotechnology,33.95,0.08,0.07,0.08,0.29,,3.47,-1.11,183.13,2.958,,63,98
8415,大國鋼,Industrials,Tools & Accessories,33.55,-0.07,-0.07,0.63,0.32,,3.47,2.4,-36.94,22.248,14.02,63,44
1476,儒鴻,Consumer Cyclical,Apparel Manufacturing,400.5,-0.03,-0.03,0.02,0.18,,3.41,25.11,-24.35,140.58,15.93,63,72
1805,寶徠,Real Estate,Real Estate - Development,12.8,0.17,0.21,-1.47,0.15,,3.38,2.76,3635.37,6.684,4.64,63,99
6263,普萊德,Technology,Communication Equipment,143.0,0.01,0.01,-0.13,0.13,,3.33,8.82,-31.3,30.596,16.27,63,59
6266,泰詠,Technology,Semiconductor Equipment & Materials,30.25,0.03,0.04,-0.32,0.05,,3.32,2.5,-35.09,21.388,12.14,63,49
2493,揚博,Technology,Semiconductor Equipment & Materials,96.9,-0.02,-0.02,-0.02,0.08,,3.31,6.14,-31.91,32.545,15.83,63,57
2376,技嘉,Technology,Computer Hardware,278.0,0.23,0.3,-0.6,0.46,,3.28,15.76,-14.94,417.976,17.7,63,83
4142,國光生,Healthcare,Biotechnology,16.35,-12.78,-12.78,2.05,-0.2,,3.11,-0.67,1.5,3.761,,63,90
1442,名軒,Real Estate,Real Estate Services,71.4,-0.29,-0.23,-0.16,-0.1,,2.97,7.04,-47.92,22.587,10.21,63,20
9930,中聯資源,Basic Materials,Building Materials,75.7,0.08,0.09,-0.04,0.13,,2.88,4.79,-25.4,55.579,15.64,63,70
8438,昶昕,Basic Materials,Chemicals,29.8,-0.15,-0.13,-0.2,0.36,,2.85,2.32,-26.1,51.116,13.08,63,69
8390,金益鼎,Industrials,Waste Management,61.5,0.06,0.06,-0.44,0.12,,2.8,4.93,-23.47,53.051,12.6,63,74
6741,91APP*-KY,Technology,Software - Infrastructure,81.0,0.13,0.15,-0.14,0.13,,2.75,4.33,-28.02,14.079,19.17,63,66
5607,遠雄港,Industrials,Specialty Business Services,44.25,-0.12,-0.1,0.61,0.21,,2.73,1.97,-28.31,9.784,22.84,62,65
8487,愛爾達-創,Communication Services,Entertainment,77.8,-1.14,-0.53,3.3,-0.07,,2.67,6.67,-18.97,57.721,11.65,62,79
1525,江申,Consumer Cyclical,Auto Parts,60.8,-0.18,-0.15,0.11,0.21,,2.66,4.25,-45.69,19.442,14.31,62,23
3029,零壹,Technology,Computer Hardware,116.0,0.07,0.07,0.06,0.18,,2.63,5.29,10.75,130.5,21.46,62,92
3130,一零四,Industrials,Staffing & Employment Services,219.0,-0.21,-0.17,0.01,0.17,,2.61,15.49,-29.75,76.921,14.2,62,62
2241,艾姆勒,Consumer Cyclical,Auto Parts,24.75,0.43,0.3,-0.07,0.35,,2.58,-1.84,-50.18,6.499,,62,18
2834,臺企銀,Financial Services,Banks - Regional,16.15,0.05,0.05,-0.27,0.03,,2.4,1.21,-35.28,3.389,13.51,62,48
1477,聚陽,Consumer Cyclical,Apparel Manufacturing,248.0,0.04,0.04,0.36,0.13,,2.37,17.21,-27.11,149.333,14.61,62,67
6662,樂斯科,Healthcare,Biotechnology,34.15,-0.88,-0.47,0.34,0.21,,2.33,1.75,-19.79,11.895,19.94,62,78
6982,大井泵浦,Industrials,Specialty Industrial Machinery,59.9,0.0,0.0,-0.44,0.21,,2.3,2.97,-26.05,,20.98,62,69
6863,永道-KY,Technology,Electronic Components,156.0,0.05,0.05,-0.33,-0.01,,2.22,11.04,-10.2,65.041,14.22,62,86
3289,宜特,Technology,Semiconductors,111.5,0.19,0.24,-1.03,-0.06,,2.15,5.99,-32.23,59.367,20.45,62,56
2836,高雄銀,Financial Services,Banks - Regional,12.35,0.03,0.04,-0.04,0.25,,2.09,0.58,-25.84,2.456,21.55,62,69
1773,勝一,Basic Materials,Chemicals,128.0,-0.0,-0.0,0.03,0.19,,2.02,6.22,-37.2,37.204,20.34,62,44
6465,威潤,Technology,Communication Equipment,16.2,-0.47,-0.89,2.93,0.15,,1.93,-1.26,-47.87,3.049,,62,20
6855,數泓科,Industrials,Tools & Accessories,132.5,0.22,0.29,-0.18,0.07,,1.93,9.34,-28.48,27.445,14.03,62,65
5403,中菲,Technology,Software - Application,122.5,0.01,0.01,0.01,0.13,,1.89,8.43,-22.34,44.962,14.59,62,75
1336,台翰,Consumer Cyclical,Auto Parts,18.45,-0.14,-0.12,0.04,0.02,,1.87,2.08,-27.93,33.997,9.04,62,66
6205,詮欣,Technology,Electronic Components,40.55,0.07,0.07,-0.62,0.15,,1.85,2.5,-33.88,17.566,16.64,61,52
6771,平和環保-創,Industrials,Waste Management,56.6,0.13,0.15,0.14,0.26,,1.84,4.13,-33.32,20.941,13.8,61,54
6577,勁豐,Technology,Electronic Components,77.8,-0.12,-0.11,0.53,0.02,,1.79,6.6,-34.07,37.813,11.85,61,52
2643,捷迅,Industrials,Integrated Freight & Logistics,71.9,0.12,0.14,-0.07,0.32,,1.69,6.51,25.59,177.57,10.91,61,94
6561,是方,Communication Services,Telecom Services,397.0,0.03,0.04,0.01,0.15,,1.61,14.25,-28.49,49.953,27.89,61,65
1560,中砂,Industrials,Tools & Accessories,357.0,0.0,0.0,0.12,0.11,,1.52,7.07,-30.5,49.268,49.93,61,61
8926,台汽電,Industrials,Engineering & Construction,41.9,0.16,0.19,-0.6,0.14,,1.49,1.9,-35.96,12.437,22.26,61,47
3317,尼克森,Technology,Semiconductors,42.0,0.03,0.04,0.19,0.35,,1.48,2.65,-27.89,31.781,15.77,61,66
1786,科妍,Healthcare,Medical Instruments & Supplies,90.4,-0.02,-0.02,-0.22,0.04,,1.46,3.36,-29.73,12.724,28.66,61,62
1210,大成,Consumer Defensive,Packaged Foods,63.6,0.02,0.02,0.06,0.05,,1.44,4.24,-38.95,123.004,15.05,61,39
3311,閎暉,Technology,Electronic Components,30.3,8.17,8.17,-2.37,0.26,,1.39,0.84,-26.87,36.614,36.07,61,68
2480,敦陽科,Technology,Computer Hardware,158.5,0.13,0.15,-0.1,0.15,,1.18,7.69,-26.18,73.818,21.39,61,69
3706,神達,Technology,Computer Hardware,67.4,0.08,0.08,0.03,0.95,,1.04,3.86,62.78,62.468,17.54,61,96
4974,亞泰,Technology,Electronic Components,78.6,-0.02,-0.02,0.0,0.15,,1.01,7.46,-19.89,63.995,10.74,61,78
1465,偉全,Consumer Cyclical,Textile Manufacturing,13.3,2.4,2.4,-2.43,-0.06,,1.0,0.63,-59.78,4.511,21.03,61,11
5904,寶雅,Consumer Cyclical,Department Stores,507.0,0.01,0.01,0.3,0.11,,0.84,27.11,-31.36,229.104,18.81,61,59
2535,達欣工,Industrials,Engineering & Construction,57.5,0.06,0.07,-0.84,0.17,,0.83,5.28,-15.08,61.317,11.06,61,83
2752,豆府,Consumer Cyclical,Restaurants,209.5,0.04,0.05,-0.07,-0.02,,0.78,15.38,-19.71,142.799,13.62,61,78
2461,光群雷,Consumer Cyclical,Packaging & Containers,15.65,-0.35,-0.26,-5.68,0.3,,0.72,1.44,-45.34,32.094,11.04,61,24
2801,彰銀,Financial Services,Banks - Regional,19.9,0.04,0.04,0.1,0.09,,0.57,1.36,-33.03,3.523,14.74,60,54
6925,意藍,Technology,Software - Infrastructure,169.0,-0.2,-0.16,0.15,0.17,,0.48,2.82,-29.76,,59.93,60,62
5353,台林,Technology,Communication Equipment,25.2,-0.12,-0.11,0.16,0.02,,0.41,2.15,-42.02,24.329,11.72,60,30
8403,盛弘,Healthcare,Medical Distribution,26.9,0.3,0.42,-3.14,0.26,,0.39,1.57,-32.91,33.603,17.29,60,54
5205,中茂,Technology,Software - Application,31.3,-0.03,-0.03,-0.03,0.15,,0.33,-1.44,-42.92,2.714,,60,29
4707,磐亞,Basic Materials,Specialty Chemicals,9.72,0.02,0.02,-0.3,0.16,,0.13,0.97,-11.1,3.828,10.04,60,85
3035,智原,Technology,Semiconductor Equipment & Materials,177.0,0.14,0.16,0.01,0.18,,0.11,4.31,90.84,61.112,41.88,60,96
2327,國巨,Technology,Electronic Components,492.0,-0.01,-0.01,0.01,0.18,,0.01,39.34,-33.66,243.414,12.51,60,53
1225,福懋油,Consumer Defensive,Packaged Foods,30.05,0.12,0.13,-0.97,0.23,,0.0,1.56,-43.07,55.329,19.39,60,28
6278,台表科,Technology,Semiconductors,103.0,0.12,0.14,-0.3,0.24,,-0.06,10.42,-35.72,159.965,9.88,60,48
3323,加百裕,Industrials,Electrical Equipment & Parts,34.85,-0.44,-0.78,-7.0,0.24,,-0.19,-1.0,-57.25,59.554,,60,12
3529,力旺,Technology,Semiconductors,2415.0,0.05,0.06,-0.15,0.07,,-0.21,25.24,-25.22,49.758,96.08,60,71
6922,宸曜,Technology,Computer Hardware,185.0,0.23,0.3,-0.24,0.13,,-0.23,7.81,-18.94,59.51,24.14,60,79
6170,統振,Communication Services,Telecom Services,49.0,0.32,0.47,0.04,0.05,,-0.33,3.4,-28.65,31.086,14.38,60,64
8147,正淩,Technology,Electronic Components,106.5,0.15,0.17,0.08,-0.03,,-0.33,1.96,-21.29,34.092,54.34,60,76
6212,理銘,Real Estate,Real Estate - Development,47.4,1.09,11.85,1.0,-0.03,,-0.34,6.02,-134.58,23.229,7.87,60,4
6024,群益期,Financial Services,Capital Markets,49.25,-0.15,-0.13,0.01,-0.01,,-0.43,5.55,-30.92,12.581,9.0,60,60
8284,三竹,Technology,Software - Application,67.5,0.05,0.06,-0.02,0.11,,-0.46,5.67,-36.22,60.325,12.08,60,46
6581,鋼聯,Industrials,Waste Management,103.5,-0.05,-0.04,-0.82,0.09,,-0.61,7.56,-32.79,21.603,13.82,60,55
4771,望隼,Healthcare,Medical Instruments & Supplies,178.0,0.14,0.16,-0.2,-0.03,,-0.61,11.6,-26.43,52.619,15.69,60,68
6231,系微,Technology,Software - Application,238.5,-0.07,-0.07,0.05,0.08,,-0.68,7.44,-30.58,36.158,32.33,59,60
1294,漢田生技,Consumer Defensive,Packaged Foods,72.2,-0.22,-0.18,-0.08,-0.21,,-0.73,5.64,-24.76,28.136,12.89,59,72
2723,美食-KY,Consumer Cyclical,Restaurants,84.7,0.17,0.2,0.95,0.33,,-0.89,3.57,-37.58,106.46,23.67,59,43
8927,北基,Consumer Cyclical,Specialty Retail,48.85,-3.25,-0.76,-2.59,-0.25,,-0.91,1.23,-10.32,35.486,39.92,59,86
5703,亞都,Consumer Cyclical,Lodging,17.3,16.0,16.0,-0.42,-0.13,,-0.92,0.17,-34.67,5.927,101.76,59,50
5878,台名,Financial Services,Insurance Brokers,42.0,-0.19,-0.16,-0.89,0.21,,-1.01,2.24,-36.21,34.227,18.75,59,47
6949,沛爾生醫-創,Healthcare,Biotechnology,160.5,0.18,0.15,0.01,0.2,,-1.08,-6.56,57.0,0.459,,59,95
8936,國統,Industrials,Engineering & Construction,54.2,0.01,0.01,-0.19,0.04,,-1.1,3.39,-26.05,21.982,15.75,59,69
2472,立隆電,Technology,Electronic Components,74.0,0.02,0.02,-0.16,0.14,,-1.15,7.19,-23.74,66.719,10.46,59,74
5529,鉅陞,Real Estate,Real Estate Services,30.1,0.16,0.14,-0.83,0.04,,-1.22,-0.93,-52.29,0.798,,59,16
5212,凌網,Technology,Software - Infrastructure,46.2,-0.81,-0.45,0.09,0.09,,-1.38,3.7,-29.44,33.629,12.16,59,63
2423,固緯,Technology,Scientific & Technical Instruments,45.2,0.08,0.09,0.39,0.12,,-1.39,2.4,-38.93,19.226,19.08,59,39
3416,融程電,Technology,Electronic Components,151.0,-0.04,-0.04,0.18,0.09,,-1.42,6.77,-27.71,39.603,22.38,59,66
2206,三陽工業,Consumer Cyclical,Auto Manufacturers,63.0,0.07,0.08,-0.22,-0.14,,-1.6,5.87,-41.7,80.612,10.77,59,31
6906,現觀科,Technology,Information Technology Services,129.0,-0.43,-0.3,3.65,-0.12,,-1.66,3.5,-34.01,11.803,36.86,59,52
8426,紅木-KY,Consumer Cyclical,"Furnishings, Fixtures & Appliances",32.6,-3.95,-3.95,3.95,-2.06,,-1.79,3.69,-41.27,55.33,9.35,59,32
3711,日月光投控,Technology,Semiconductors,150.0,0.0,-0.04,0.24,0.63,-0.01,-1.96,7.4,-31.33,141.283,20.41,59,59
5225,東科-KY,Technology,Consumer Electronics,89.1,-0.4,-0.29,0.27,-0.01,,-2.16,11.75,-37.87,162.038,7.71,59,41
6894,衛司特,Industrials,Pollution & Treatment Controls,187.0,0.12,0.14,-0.11,0.14,,-2.26,8.79,-5.78,45.382,21.27,58,88
6585,鼎基,Basic Materials,Specialty Chemicals,98.9,0.06,0.07,-0.4,-0.04,,-2.31,9.87,-31.47,46.938,9.94,58,58
3596,智易,Technology,Communication Equipment,199.0,0.02,0.02,0.12,0.09,,-2.37,11.58,-35.83,222.93,17.01,58,47
2910,統領,Consumer Cyclical,Department Stores,21.6,0.15,0.18,-0.45,0.03,,-2.37,1.15,-39.49,3.436,19.17,58,36
2428,興勤,Technology,Electronic Components,134.0,0.0,0.0,-0.16,0.14,,-2.41,12.24,-25.38,61.307,11.03,58,70
4904,遠傳,Communication Services,Telecom Services,82.4,0.01,0.01,0.02,0.1,,-2.42,3.57,-36.57,29.098,23.14,58,45
9917,中保科,Industrials,Security & Protection Services,111.5,-0.02,-0.02,-0.09,0.14,,-2.47,6.6,-31.45,41.068,16.97,58,58
6803,崑鼎,Industrials,Waste Management,291.0,-0.04,-0.04,0.06,0.09,,-2.51,17.72,-26.25,121.813,16.45,58,68
4205,中華食,Consumer Defensive,Packaged Foods,96.0,-0.06,-0.06,0.14,0.11,,-2.52,4.55,-36.57,22.881,21.14,58,45
5222,全訊,Technology,Semiconductor Equipment & Materials,115.5,-0.31,-0.24,0.02,0.05,,-2.56,4.88,-38.42,15.771,24.18,58,40
4305,世坤,Consumer Cyclical,Auto Parts,46.75,0.22,0.29,-0.54,0.01,,-2.59,3.92,-32.88,19.471,11.93,58,55
6923,中台,Industrials,Waste Management,88.8,-0.39,-0.28,-0.17,-0.1,,-2.68,4.72,-56.95,17.938,18.94,58,12
7642,昶瑞機電,,,100.5,-0.03,-0.03,0.04,0.02,,-2.68,,-32.66,,15.58,58,55
3032,偉訓,Technology,Computer Hardware,88.8,0.39,0.65,-2.1,0.01,,-2.76,4.53,-30.83,68.694,19.47,58,60
3026,禾伸堂,Technology,Electronic Components,77.5,-0.04,-0.03,0.3,0.28,,-2.79,6.15,-32.27,79.862,12.67,58,56
6188,廣明,Technology,Computer Hardware,87.0,0.44,0.8,-0.32,0.23,,-3.01,2.51,-36.0,30.131,35.1,58,47
1503,士電,Industrials,Electrical Equipment & Parts,180.0,0.27,0.37,-0.01,0.04,,-3.04,5.89,-34.41,68.042,31.32,58,51
8255,朋程,Consumer Cyclical,Auto Parts,117.0,0.04,0.04,0.0,0.05,,-3.16,8.01,-17.38,78.185,14.73,58,81
4161,聿新科,Healthcare,Medical Devices,30.15,-0.1,-0.09,-0.63,-0.21,,-3.22,1.7,-46.08,16.501,17.59,58,23
6606,建德工業,Technology,Semiconductors,24.5,0.24,0.31,-1.25,0.24,,-3.3,0.78,-42.21,6.603,31.41,57,30
3014,聯陽,Technology,Semiconductors,127.0,-0.04,-0.04,0.23,0.16,,-3.39,10.33,-31.74,42.479,12.49,57,58
6198,瑞築,Technology,Semiconductors,31.55,0.5,0.33,-0.27,1.29,,-3.48,-0.47,-558.77,0.019,,57,2
6664,群翊,Industrials,Specialty Industrial Machinery,225.0,0.19,0.23,-0.41,-0.1,,-3.57,15.64,-38.93,41.622,14.29,57,39
3008,大立光,Technology,Electronic Components,2190.0,-0.01,-0.01,0.47,0.05,,-3.67,193.15,-17.59,469.952,11.65,57,80
4747,強生,Healthcare,Drug Manufacturers - Specialty & Generic,62.5,0.01,0.01,-0.06,0.07,,-4.06,1.91,-42.29,13.243,32.72,57,30
3523,迎輝,Technology,Electronic Components,17.6,0.21,0.17,-0.42,0.14,,-4.2,-2.23,-154.52,2.129,,57,3
2504,國產,Basic Materials,Building Materials,39.5,-0.01,-0.01,-1.27,0.01,,-4.35,3.9,-37.07,18.629,10.17,57,44
3715,定穎投控,Technology,Electronic Components,57.3,0.02,0.02,-0.32,-0.06,,-4.38,3.61,-32.1,65.444,17.4,57,57
6525,捷敏-KY,Technology,Semiconductors,67.5,0.11,0.12,-0.11,0.17,,-4.46,5.29,-30.39,37.378,12.8,57,61
2427,三商電,Industrials,Business Equipment & Supplies,29.05,0.49,0.97,-0.67,0.0,,-4.47,1.36,-60.14,22.694,21.58,57,11
2812,台中銀,Financial Services,Banks - Regional,22.7,0.03,0.03,-0.02,0.03,,-4.49,1.48,-30.83,3.373,15.37,57,60
4107,邦特,Healthcare,Medical Instruments & Supplies,116.0,-0.04,-0.03,0.16,0.07,,-4.5,7.71,-35.22,30.23,15.18,57,49
1232,大統益,Consumer Defensive,Packaged Foods,151.0,0.09,0.1,-0.65,0.1,,-4.6,8.4,-41.53,136.505,17.98,57,32
3611,鼎翰,Technology,Computer Hardware,193.5,0.11,0.13,-0.57,0.14,,-4.62,14.53,-1.89,206.777,13.56,57,89
3687,歐買尬,Communication Services,Electronic Gaming & Multimedia,78.6,0.02,0.02,-0.35,0.12,,-4.83,2.43,-36.72,57.692,32.76,57,45
2890,永豐金,Financial Services,Banks - Regional,24.9,0.08,0.08,0.17,0.06,,-4.93,1.76,-27.3,4.864,14.35,57,67
2324,仁寶,Technology,Computer Hardware,28.6,-0.27,-0.21,0.17,0.16,,-5.07,2.39,-43.47,208.803,12.09,57,27
2412,中華電,Communication Services,Telecom Services,130.0,0.04,0.04,-0.09,0.04,0.14,-5.3,4.76,-37.7,29.756,27.21,57,42
2453,凌群,Technology,Information Technology Services,56.1,0.15,0.17,0.16,0.03,,-5.31,3.22,-34.28,70.062,17.67,56,51
4104,佳醫,Healthcare,Medical Distribution,83.7,0.06,0.06,-0.28,0.05,,-5.43,4.76,-33.12,52.913,17.69,56,54
6284,佳邦,Technology,Electronic Components,69.0,0.2,0.26,-0.57,0.0,,-5.56,6.3,-33.9,50.359,11.02,56,52
2949,欣新網,Consumer Cyclical,Internet Retail,85.9,0.78,3.5,-5.74,0.17,,-5.59,3.46,-18.49,195.356,24.83,56,80
6605,帝寶,Consumer Cyclical,Auto Parts,181.5,0.13,0.15,-0.27,-0.06,,-5.7,18.46,-35.68,122.193,9.64,56,48
4908,前鼎,Technology,Communication Equipment,76.3,0.36,0.57,-0.89,-0.01,,-5.99,2.76,-42.39,11.772,28.08,56,30
6449,鈺邦,Technology,Electronic Components,104.5,0.07,0.08,0.1,-0.03,,-6.13,5.99,-20.1,41.832,17.61,56,78
6668,中揚光,Technology,Electronic Components,45.7,-0.69,-2.28,6.56,-0.09,,-6.18,-1.89,-44.72,9.619,,56,25
2852,第一保,Financial Services,Insurance - Property & Casualty,27.55,0.01,0.01,-0.1,-0.01,,-6.24,3.02,-39.45,25.623,9.21,56,37
3023,信邦,Technology,Electronic Components,224.5,-0.01,-0.01,0.01,0.01,,-6.25,14.56,-35.57,138.342,15.52,56,48
2013,中鋼構,Basic Materials,Steel,43.65,-0.08,-0.07,0.06,0.07,,-6.26,2.73,-29.57,101.111,16.12,56,63
4174,浩鼎,Healthcare,Biotechnology,32.0,0.08,0.07,0.04,0.17,,-6.3,-9.47,58.52,0.281,,56,96
2468,華經,Technology,Information Technology Services,62.6,0.38,0.62,-0.58,0.0,,-6.35,0.97,-1.7,36.125,64.74,56,89
3067,全域,Technology,Consumer Electronics,22.2,2.14,2.14,0.27,2.12,,-6.44,-0.84,-138.91,1.291,,56,4
5288,豐祥-KY,Industrials,Conglomerates,139.0,0.21,0.27,-0.81,-0.03,,-6.47,16.68,-31.96,109.432,8.33,56,57
9911,櫻花,Consumer Cyclical,"Furnishings, Fixtures & Appliances",85.5,0.06,0.07,0.09,0.07,,-6.58,6.03,-27.4,45.417,14.21,56,67
2354,鴻準,Technology,Electronics & Computer Distribution,63.7,-0.01,-0.01,0.13,0.12,,-6.67,2.61,115.53,68.551,24.83,56,97
1726,永記,Basic Materials,Specialty Chemicals,78.3,0.16,0.19,-0.02,0.08,,-6.72,5.39,-31.3,60.401,14.56,56,59
6184,大豐電,Communication Services,Entertainment,51.0,-0.08,-0.07,0.22,0.07,,-6.73,3.14,-36.92,14.403,16.24,56,45
5601,台聯櫃,Industrials,Integrated Freight & Logistics,37.2,-0.05,-0.05,0.0,0.0,,-6.95,0.41,-34.53,1.435,90.73,55,51
6279,胡連,Consumer Cyclical,Auto Parts,128.0,0.02,0.02,0.07,-0.03,,-6.97,11.7,-17.11,89.226,11.32,55,81
3085,新零售,Communication Services,Internet Content & Information,17.55,1.18,0.54,-0.39,0.82,,-7.23,-1.49,-80.63,0.93,,55,6
3264,欣銓,Technology,Semiconductors,75.7,0.03,0.03,0.03,0.1,,-7.3,4.6,-39.6,27.527,16.39,55,36
7709,榮田,Industrials,Specialty Industrial Machinery,40.0,-0.31,-0.24,0.17,-0.14,,-7.34,4.98,-58.52,,8.03,55,11
4432,銘旺實,Consumer Cyclical,Apparel Manufacturing,17.9,0.25,0.33,-0.83,-0.31,,-7.35,2.52,-38.17,22.504,7.22,55,41
1264,德麥,Consumer Defensive,Packaged Foods,319.5,-0.04,-0.04,0.14,0.02,,-7.4,20.64,-31.45,186.528,15.5,55,58
1513,中興電,Industrials,Specialty Industrial Machinery,162.5,-0.02,-0.02,0.02,-0.08,,-7.41,7.18,-32.12,52.459,22.98,55,57
2892,第一金,Financial Services,Banks - Regional,29.65,0.01,0.01,0.07,0.02,,-7.45,1.81,-39.06,4.779,16.41,55,38
1590,亞德客-KY,Industrials,Specialty Industrial Machinery,860.0,0.06,0.06,-0.31,0.06,,-7.46,38.61,-29.25,157.753,22.56,55,63
3060,銘異,Technology,Electronic Components,20.3,5.4,5.4,-2.33,1.0,,-7.47,0.57,-22.25,27.157,36.4,55,75
1295,生合,Healthcare,Biotechnology,133.5,-0.22,-0.18,0.21,0.07,,-7.58,5.47,-36.48,,24.59,55,46
6895,宏碩系統,Industrials,Electrical Equipment & Parts,202.0,-0.36,-0.27,0.88,0.09,,-7.66,2.57,-7.06,13.108,86.38,55,87
2496,卓越,Consumer Defensive,Education & Training Services,70.2,-0.26,-0.21,0.65,-0.1,,-7.72,6.86,-34.36,44.522,10.23,55,51
2832,台產,Financial Services,Insurance - Property & Casualty,29.8,0.07,0.08,0.0,-0.18,,-7.73,3.05,-37.96,20.061,10.03,55,41
6651,全宇昕,Technology,Electronic Components,78.6,0.0,0.01,-0.06,0.05,,-7.76,8.26,-22.25,44.407,9.56,55,75
1537,廣隆,Industrials,Electrical Equipment & Parts,138.0,-0.19,-0.16,0.03,-0.03,,-7.77,11.61,-35.05,99.323,11.93,55,49
3588,通嘉,Technology,Semiconductors,42.65,-0.94,-0.49,0.06,0.5,,-7.79,1.98,-37.63,25.042,22.27,55,42
2032,新鋼,Basic Materials,Steel,13.7,0.9,9.0,-18.0,0.46,,-7.8,0.51,-31.53,23.52,27.25,55,58
8162,微矽電子-創,Technology,Semiconductors,37.3,-0.55,-0.35,64.0,0.76,,-7.85,1.41,-26.93,16.3,26.49,54,67
1580,新麥,Industrials,Specialty Industrial Machinery,140.0,-0.14,-0.12,-0.12,-0.01,,-7.96,13.52,-28.03,98.318,10.36,54,66
6968,萬達寵物,Consumer Defensive,Packaged Foods,63.0,0.63,1.74,-1.38,0.02,,-7.99,2.46,-24.52,69.831,25.65,54,72
5902,德記,Consumer Defensive,Food Distribution,45.4,-0.04,-0.04,-0.14,0.0,,-8.09,2.1,-24.69,24.478,21.4,54,72
5876,上海商銀,Financial Services,Banks - Regional,45.9,-0.01,-0.01,2.16,0.08,,-8.12,2.85,-27.62,7.467,16.18,54,66
1732,毛寶,Consumer Defensive,Household & Personal Products,26.55,0.3,0.44,-0.5,0.36,,-8.14,0.34,-35.75,14.21,79.56,54,48
3005,神基,Technology,Computer Hardware,115.0,0.03,0.04,-0.02,0.09,,-8.17,7.38,-31.25,59.395,15.72,54,59
7703,銳澤,Industrials,Engineering & Construction,152.5,0.12,0.14,0.2,-0.02,,-8.27,7.35,-16.55,62.958,21.16,54,81
5425,台半,Technology,Semiconductors,45.45,0.17,0.21,-0.52,0.12,,-8.3,1.92,-10.12,65.31,24.06,54,86
2516,新建,Industrials,Engineering & Construction,16.15,-0.1,-0.09,17.0,0.36,,-8.35,1.05,-29.28,43.61,15.57,54,63
6492,生華科,Healthcare,Biotechnology,32.45,0.16,0.14,-0.17,0.03,,-8.46,-3.27,-30.6,0.011,,54,60
6846,綠茵,Healthcare,Biotechnology,77.2,0.21,0.26,0.16,0.05,,-8.51,5.46,-35.06,,14.14,54,49
6469,大樹,Healthcare,Pharmaceutical Retailers,142.5,-0.02,-0.02,-0.02,-0.06,,-8.58,4.99,-27.18,134.373,29.36,54,67
5287,數字,Communication Services,Internet Content & Information,176.5,-0.1,-0.09,0.07,0.01,,-8.63,12.51,-33.56,38.068,14.03,54,53
6534,正瀚-創,Basic Materials,Agricultural Inputs,77.3,1.59,2.69,-2.43,-0.05,,-8.76,4.41,-31.32,16.192,17.53,54,59
6151,晉倫,Basic Materials,Specialty Chemicals,28.75,-0.11,-0.1,-0.36,0.28,,-8.79,1.55,-32.88,31.267,18.71,54,55
2049,上銀,Industrials,Tools & Accessories,202.0,-0.19,-0.16,0.14,0.21,,-8.98,5.88,-37.06,69.883,35.71,54,44
6523,達爾膚,Consumer Defensive,Household & Personal Products,131.5,0.23,0.3,0.26,-0.05,,-9.1,10.38,-38.72,27.516,12.76,54,39
6613,朋億*,Industrials,Specialty Industrial Machinery,170.0,-0.52,-0.34,1.99,-0.1,,-9.11,16.22,-36.36,135.903,10.97,53,46
8499,鼎炫-KY,Technology,Electronic Components,227.0,0.09,0.1,0.16,0.14,,-9.45,11.46,-25.76,51.707,20.99,53,70
8279,生展,Healthcare,Biotechnology,113.0,-0.09,-0.08,0.46,0.03,,-9.51,8.9,-33.11,74.977,12.36,53,54
2387,精元,Technology,Computer Hardware,45.8,-0.46,-0.32,0.15,-0.04,,-9.59,7.68,-44.44,120.058,6.06,53,25
2912,統一超,Consumer Defensive,Grocery Stores,263.5,-0.01,-0.01,-0.13,-0.01,,-9.61,10.93,-33.84,328.488,24.34,53,53
6144,得利影,Communication Services,Entertainment,21.4,-0.6,-1.5,3.0,-0.2,,-9.62,-0.59,-47.53,4.748,,53,21
2633,台灣高鐵,Industrials,Railroads,28.6,0.14,0.16,-0.16,-0.12,,-9.69,1.11,-32.63,9.449,25.95,53,56
3444,利機,Technology,Semiconductor Equipment & Materials,51.7,0.66,1.97,-3.47,0.14,,-9.78,2.44,-22.63,27.037,21.48,53,75
6862,,Technology,Electronic Components,134.5,0.14,0.16,-0.14,-0.04,,-10.04,11.28,-24.46,48.902,12.01,53,72
6197,佳必琪,Technology,Computer Hardware,147.0,-0.17,-0.14,-0.22,-0.19,,-10.07,8.2,-23.83,57.022,17.99,53,73
8081,致新,Technology,Semiconductors,219.0,-0.0,-0.0,0.13,0.09,,-10.1,18.29,-33.71,98.819,11.97,53,53
3118,進階,Healthcare,Biotechnology,32.6,0.14,0.16,0.31,0.03,,-10.13,2.01,-39.33,22.494,16.22,53,37
3010,華立,Technology,Electronics & Computer Distribution,94.7,-0.21,-0.17,0.2,0.08,,-10.2,8.96,-32.93,315.381,10.52,53,54
3374,精材,Technology,Semiconductors,145.0,-0.32,-0.24,0.72,0.05,,-10.33,6.24,-36.09,26.393,23.0,53,47
2904,匯僑,Energy,Oil & Gas Equipment & Services,17.5,0.07,0.07,-0.21,-0.03,,-10.35,1.37,-34.92,6.413,12.92,53,50
1504,東元,Industrials,Specialty Industrial Machinery,46.55,-0.28,-0.22,0.08,-0.02,,-10.41,2.72,-39.34,26.134,17.19,53,37
2476,鉅祥,Industrials,Specialty Industrial Machinery,70.5,-0.13,-0.12,-0.04,-0.07,,-10.61,4.77,-27.92,32.796,15.05,53,66
5432,新門,Technology,Electronic Components,111.0,-0.41,-0.29,-0.52,-0.75,,-10.62,1.22,-47.77,8.561,93.03,53,20
3059,華晶科,Technology,Scientific & Technical Instruments,39.0,-0.03,-0.03,0.0,-0.08,,-10.64,1.09,-32.05,26.224,36.15,53,57
8050,廣積,Technology,Computer Hardware,59.0,0.29,0.4,-0.89,-0.22,,-10.95,3.59,-2.84,39.535,16.21,52,89
2901,欣欣,Consumer Cyclical,Department Stores,26.2,-0.19,-0.16,0.22,-0.5,,-10.99,0.38,-42.67,1.782,69.47,52,29
6491,晶碩,Healthcare,Medical Instruments & Supplies,298.0,0.06,0.06,-0.09,-0.04,,-11.12,22.95,-42.89,85.714,13.25,52,29
9942,茂順,Consumer Cyclical,Auto Parts,115.5,0.03,0.03,0.02,-0.05,,-11.23,8.51,-39.71,47.16,13.75,52,36
2006,東和鋼鐵,Basic Materials,Steel,64.5,0.01,0.01,-0.07,0.0,,-11.31,6.08,-41.03,81.917,10.71,52,33
5511,德昌,Industrials,Engineering & Construction,59.0,-0.84,-0.46,1.1,-0.15,,-11.33,7.28,-39.86,81.403,8.3,52,36
6835,圓裕,Industrials,Electrical Equipment & Parts,43.3,0.34,0.51,-1.23,-0.08,,-11.53,3.76,-38.64,37.197,11.62,52,40
2880,華南金,Financial Services,Banks - Regional,28.3,-0.12,-0.1,0.18,-0.05,,-11.54,1.64,-35.25,4.601,17.38,52,49
3501,維熹,Industrials,Electrical Equipment & Parts,58.4,0.15,0.18,-0.57,-0.19,,-11.55,5.79,-35.01,50.784,10.07,52,49
3265,台星科,Technology,Semiconductor Equipment & Materials,100.0,0.09,0.1,-0.2,-0.21,,-11.74,5.79,-30.39,31.188,17.53,52,61
6642,富致,Technology,Semiconductors,57.7,0.02,0.02,-0.41,0.08,,-11.78,3.62,-29.82,14.514,16.02,52,62
2441,超豐,Technology,Semiconductor Equipment & Materials,58.5,-0.07,-0.06,-0.08,0.13,,-11.81,4.44,-34.76,27.477,13.24,52,50
4188,安克,Healthcare,Medical Devices,15.8,0.1,0.09,-0.61,0.16,,-11.94,-0.85,-58.7,0.86,,52,11
6509,聚和,Basic Materials,Specialty Chemicals,31.4,0.15,0.17,-0.71,-0.02,,-11.97,2.57,-33.75,25.874,12.22,52,53
6690,安碁資訊,Technology,Software - Infrastructure,173.0,-0.21,-0.18,0.08,-0.09,,-12.09,9.91,-25.45,91.054,17.61,52,70
2849,安泰銀,Financial Services,Banks - Regional,13.85,-0.11,-0.1,0.28,0.19,,-12.21,0.71,-39.2,2.473,19.65,52,38
5016,松和,Basic Materials,Steel,24.85,-0.2,-0.17,0.51,0.27,,-12.29,1.8,-43.77,41.067,13.81,52,27
2247,汎德永業,Consumer Cyclical,Auto & Truck Dealerships,319.0,-0.15,-0.13,-0.09,-0.09,,-12.37,22.81,-37.6,710.222,13.83,52,42
6799,來頡,Technology,Semiconductors,92.1,0.36,0.55,-0.27,0.2,,-12.39,3.03,-34.4,22.271,31.22,52,51
4163,鐿鈦,Industrials,Tools & Accessories,106.0,0.29,0.42,-0.36,-0.06,,-12.43,5.24,-36.4,49.279,20.52,51,46
3679,新至陞,Technology,Electronic Components,126.5,0.43,0.74,-0.79,-0.1,,-12.69,13.54,-19.95,72.512,9.45,51,78
6997,博弘,Technology,Information Technology Services,107.0,0.01,0.01,-0.5,-0.15,,-12.88,5.89,-30.08,198.887,17.83,51,61
6782,視陽,Healthcare,Medical Instruments & Supplies,167.5,-0.01,-0.01,0.38,0.14,,-12.92,10.42,-20.24,60.362,16.27,51,78
7402,邑錡,Industrials,Security & Protection Services,81.0,0.58,1.41,-4.73,-0.02,,-12.96,1.46,-41.05,14.395,56.44,51,33
6953,家碩,Technology,Semiconductor Equipment & Materials,166.0,-0.25,-0.2,0.24,-0.22,,-12.99,7.84,-51.75,40.938,21.17,51,16
2883,開發金,Financial Services,Insurance - Life,15.05,-0.2,-0.17,0.49,0.06,,-13.13,1.96,-3.87,17.937,7.78,51,88
5236,凌陽創新,Technology,Semiconductors,119.5,-0.08,-0.08,0.28,0.07,,-13.21,8.12,-17.27,33.525,15.02,51,81
3034,聯詠,Technology,Semiconductors,496.0,0.0,0.0,-0.03,0.08,,-13.24,34.92,-35.69,173.341,14.32,51,48
2425,承啟,Technology,Computer Hardware,33.95,2.88,2.88,-2.6,-0.03,,-13.35,0.21,-37.41,32.844,164.76,51,43
2433,互盛電,Industrials,Business Equipment & Supplies,49.25,-0.92,-0.48,1.23,0.0,,-13.49,3.27,-44.14,19.075,15.05,51,26
7584,樂意,Communication Services,Electronic Gaming & Multimedia,69.1,-0.36,-0.27,5.33,0.1,,-13.51,4.2,34.93,73.278,15.07,51,94
2916,滿心,Consumer Cyclical,Apparel Manufacturing,46.0,0.48,0.94,-0.71,-0.14,,-13.62,3.98,-31.81,31.6,11.56,51,57
5312,寶島科,Healthcare,Medical Instruments & Supplies,139.0,-0.12,-0.11,0.39,-0.18,,-13.68,7.83,-37.51,65.759,18.01,51,43
3388,崇越電,Basic Materials,Specialty Chemicals,61.6,-0.11,-0.1,0.14,0.12,,-13.86,3.82,-42.05,102.315,16.15,51,30
6899,創為精密,Technology,Electronic Components,49.35,0.16,0.19,-0.15,0.1,,-13.92,3.48,-28.52,23.399,14.51,51,65
6175,立敦,Basic Materials,Aluminum,31.8,-0.21,-0.17,0.41,-0.01,,-13.99,3.19,-29.64,29.636,10.09,51,62
1777,生泰,Healthcare,Biotechnology,83.1,-0.26,-0.21,0.18,-0.15,,-14.09,8.54,-24.31,29.235,9.72,51,72
8436,大江,Consumer Defensive,Household & Personal Products,126.5,-0.09,-0.08,-0.65,0.12,,-14.1,7.68,-38.42,65.991,16.73,51,40
2903,遠百,Consumer Cyclical,Department Stores,21.15,0.06,0.07,-0.27,-0.21,,-14.18,1.58,-42.55,24.602,13.48,50,29
4966,譜瑞-KY,Technology,Semiconductors,588.0,-0.07,-0.07,0.35,0.16,,-14.26,33.35,-36.84,208.391,17.96,50,45
2891,中信金,Financial Services,Banks - Regional,44.1,-0.04,-0.04,0.41,-0.05,,-14.37,3.56,-23.22,24.155,12.42,50,74
2385,群光,Technology,Computer Hardware,131.5,-0.25,-0.2,-0.03,-0.11,,-14.44,12.23,-39.18,140.051,10.75,50,38
8070,長華*,Technology,Electronics & Computer Distribution,39.9,-0.17,-0.15,-0.17,-0.02,,-14.72,2.28,-34.13,25.442,17.46,50,51
8454,富邦媒,Consumer Cyclical,Internet Retail,256.5,0.13,0.15,-0.15,-0.06,,-14.87,13.49,-38.04,444.176,19.27,50,41
4945,陞達科技,Technology,Semiconductors,73.7,0.44,0.77,-0.74,-0.04,,-14.92,3.18,-10.16,17.152,23.33,50,86
6548,長科*,Technology,Semiconductors,30.85,0.0,0.0,-0.2,-0.04,,-14.99,1.99,-29.81,13.282,15.5,50,62
4207,環泰,Consumer Defensive,Confectioners,16.0,0.3,0.43,-1.39,0.12,,-15.07,1.12,-39.75,28.075,14.38,50,36
3673,TPK-KY,Technology,Electronic Components,30.25,-0.11,-0.1,-0.78,0.38,,-15.24,1.27,-52.79,165.362,24.06,50,15
2495,普安,Technology,Computer Hardware,22.05,-0.56,-0.36,0.19,-0.41,,-15.25,2.09,-57.59,4.535,10.84,50,12
3213,茂訊,Technology,Computer Hardware,110.5,0.41,0.7,-1.46,0.06,,-15.28,8.55,-39.06,48.703,13.22,50,38
9926,新海,Utilities,Utilities - Regulated Gas,52.0,-0.09,-0.08,-0.16,-0.06,,-15.3,2.59,-37.17,13.083,19.81,50,44
8342,益張,Industrials,Business Equipment & Supplies,78.2,0.1,0.11,-0.57,-0.22,,-15.37,7.28,-41.18,51.66,10.74,50,33
6257,矽格,Technology,Semiconductor Equipment & Materials,77.4,0.21,0.27,-0.59,-0.03,,-15.42,5.69,-30.32,39.259,13.69,50,61
2486,一詮,Technology,Electronic Components,73.5,2.5,0.71,-3.17,2.0,,-15.43,0.1,-30.61,24.531,746.0,50,60
9939,宏全,Consumer Cyclical,Packaging & Containers,151.0,-0.14,-0.12,-0.01,-0.12,,-15.45,9.51,-28.09,100.319,16.09,50,66
3624,光頡,Technology,Electronic Components,32.0,0.11,0.13,-0.77,0.12,,-15.47,2.1,-39.0,22.226,15.26,50,38
2459,敦吉,Technology,Electronic Components,58.6,0.02,0.02,-0.13,-0.07,,-15.49,5.24,-53.46,47.342,11.18,50,14
1216,統一,Consumer Defensive,Packaged Foods,84.0,-0.09,-0.08,0.03,-0.07,,-15.73,3.55,-31.42,117.59,23.94,49,58
1535,中宇,Industrials,Pollution & Treatment Controls,56.9,-0.02,-0.02,-0.07,-0.1,,-15.77,3.96,-40.45,86.667,14.42,49,34
3088,艾訊,Technology,Computer Hardware,88.4,-0.39,-0.28,0.35,-0.17,,-15.88,6.74,-25.11,69.145,13.4,49,71
1203,味王,Consumer Defensive,Packaged Foods,40.3,0.14,0.16,-0.14,-0.1,,-15.88,2.3,-39.43,26.389,17.39,49,37
4138,曜亞,Healthcare,Medical Devices,73.0,-0.08,-0.07,-0.03,-0.17,,-15.94,5.5,-44.26,41.894,13.27,49,26
2887,台新金,Financial Services,Banks - Regional,16.9,-0.15,-0.13,0.15,-0.06,,-16.1,1.32,-24.04,4.705,12.92,49,73
6136,富爾特,Communication Services,Advertising Agencies,22.2,-12.83,-0.93,81.0,0.0,,-16.17,0.89,-36.8,4.35,25.17,49,45
6776,展碁國際,Technology,Electronics & Computer Distribution,58.6,0.0,0.0,-0.01,-0.06,,-16.24,4.0,-25.69,324.775,14.62,49,70
2845,遠東銀,Financial Services,Banks - Regional,13.05,0.0,0.0,-0.06,-0.12,,-16.33,0.96,-40.22,2.916,13.85,49,35
6277,宏正,Technology,Computer Hardware,59.5,-0.01,-0.01,0.05,-0.02,,-16.41,4.06,-38.39,42.042,14.78,49,40
4583,台灣精銳,Industrials,Specialty Industrial Machinery,760.0,0.14,0.16,-0.15,-0.1,,-16.49,13.95,-32.64,38.057,55.05,49,56
2838,聯邦銀,Financial Services,Banks - Regional,18.05,-0.13,-0.12,0.77,-0.1,,-16.52,1.11,-37.84,4.529,16.53,49,42
8401,白紗科,Industrials,Specialty Business Services,27.3,-0.2,-0.17,0.12,-0.16,,-16.79,2.51,-40.82,23.354,10.92,49,34
5880,合庫金,Financial Services,Banks - Regional,25.3,-0.09,-0.09,0.23,-0.06,,-16.8,1.23,-30.66,4.084,20.73,49,60
5871,中租-KY,Financial Services,Credit Services,129.5,-0.07,-0.07,0.08,-0.08,,-16.9,12.84,-39.27,36.617,9.93,49,37
1737,臺鹽,Consumer Defensive,Household & Personal Products,32.6,0.04,0.04,-0.11,-0.06,,-16.93,1.82,-41.95,16.22,17.97,49,31
7722,LINEPAY,Technology,Software - Infrastructure,686.0,0.12,0.14,-0.42,-0.45,,-17.17,9.26,-7.84,106.207,75.05,49,87
2114,鑫永銓,Consumer Cyclical,Auto Parts,88.8,0.05,0.05,0.1,0.16,,-17.2,5.33,-39.41,19.034,16.66,49,37
2439,美律,Technology,Consumer Electronics,112.0,-0.41,-0.29,0.16,-0.2,,-17.52,8.13,-33.34,184.815,13.78,49,53
5007,三星,Industrials,Tools & Accessories,53.0,0.02,0.02,-0.22,-0.1,,-17.58,3.48,-42.93,22.882,15.09,48,28
6281,全國電,Consumer Cyclical,Specialty Retail,71.0,-0.06,-0.06,-0.16,-0.04,,-17.65,4.44,-40.94,199.087,15.99,48,33
1709,和益,Basic Materials,Chemicals,17.55,-0.01,-0.01,-0.41,0.03,,-17.69,1.54,-36.35,21.762,11.43,48,46
8049,晶采,Technology,Electronic Components,26.85,0.05,0.05,-1.76,-0.09,,-17.76,2.44,-53.25,10.872,11.11,48,15
5530,龍巖,Consumer Cyclical,Personal Services,62.6,0.32,0.48,-0.7,-0.12,,-17.84,3.69,-29.74,10.2,16.94,48,62
9937,全國,Consumer Cyclical,Specialty Retail,66.1,-0.08,-0.08,0.11,-0.08,,-17.86,2.34,-38.98,77.548,28.25,48,39
1731,美吾華,Healthcare,Drug Manufacturers - Specialty & Generic,21.7,0.14,0.17,-0.17,-0.1,,-17.88,1.26,-35.62,11.289,17.22,48,48
3484,崧騰,Industrials,Electrical Equipment & Parts,45.3,0.01,0.01,-0.14,0.1,,-17.97,3.97,-27.87,60.417,11.61,48,66
2454,聯發科,Technology,Semiconductors,1400.0,0.07,0.08,-0.02,-0.08,,-18.01,63.28,-29.0,346.108,22.04,48,64
6215,和椿,Industrials,Specialty Industrial Machinery,91.0,-0.19,-0.16,-0.27,0.03,,-18.06,2.12,3.05,22.467,45.28,48,90
3702,大聯大,Technology,Electronics & Computer Distribution,73.0,-0.04,-0.04,0.67,-0.03,,-18.07,3.95,-13.47,564.295,18.56,48,84
9802,鈺齊-KY,Consumer Cyclical,Footwear & Accessories,108.5,0.41,0.68,-2.96,-0.17,,-18.1,6.95,-14.77,81.081,15.83,48,83
4527,方土霖,Technology,Electronic Components,44.75,-0.58,-0.37,-0.06,-0.24,,-18.22,3.97,-48.8,46.314,11.31,48,19
1309,台達化,Basic Materials,Specialty Chemicals,9.99,0.39,0.28,-1.5,0.86,,-18.45,-0.44,-33.18,47.952,,48,54
3290,東浦,Industrials,Electrical Equipment & Parts,28.75,-0.39,-0.28,-0.05,-0.31,,-18.53,1.84,-18.57,16.527,15.62,48,80
7713,威力德生醫,Healthcare,Medical Devices,62.9,-0.06,-0.05,0.0,-0.12,,-18.6,3.96,-34.79,23.831,16.14,48,50
6116,彩晶,Technology,Electronic Components,6.87,0.48,0.32,-0.46,0.77,,-18.62,-1.66,-43.74,3.613,,48,27
8930,青鋼,Industrials,Building Products & Equipment,32.0,0.06,0.06,-0.25,-0.36,,-18.68,2.75,-42.77,18.481,11.47,48,29
6261,久元,Technology,Semiconductor Equipment & Materials,61.2,0.13,0.15,-1.03,0.04,,-18.73,4.21,-39.04,31.314,14.54,47,38
8383,千附,Industrials,Specialty Industrial Machinery,42.95,0.0,0.0,-0.29,-0.2,,-18.73,3.34,-20.75,28.078,12.92,47,77
6616,特昇-KY,Consumer Cyclical,"Furnishings, Fixtures & Appliances",9.77,3.33,3.33,1.35,0.08,,-18.73,-1.38,-38.84,32.88,,47,39
1735,日勝化,Basic Materials,Chemicals,15.5,-0.06,-0.06,-0.16,-0.76,,-18.86,0.84,-41.67,26.661,18.45,47,32
2305,全友,Technology,Computer Hardware,10.2,1.25,5.0,-7.0,-0.56,,-19.16,0.09,-41.24,3.497,115.0,47,32
6208,日揚,Industrials,Specialty Industrial Machinery,44.05,-0.06,-0.06,-0.37,-0.03,,-19.18,2.96,-47.74,35.411,14.88,47,21
2258,鴻華先進-創,Consumer Cyclical,Auto Manufacturers,41.95,0.03,0.03,-2.56,0.1,,-19.42,-1.18,182.04,5.428,,47,98
8215,明基材,Technology,Electronic Components,22.5,0.03,0.04,-0.64,0.36,,-19.5,0.66,-38.47,57.929,34.55,47,40
1337,再生-KY,Basic Materials,Specialty Chemicals,5.33,-0.08,-0.09,-0.03,-0.14,,-19.73,-1.59,-72.48,2.758,,47,7
3406,玉晶光,Technology,Computer Hardware,420.5,-0.29,-0.22,0.38,-0.25,,-19.79,36.24,-34.77,206.415,11.6,47,50
4755,三福化,Basic Materials,Specialty Chemicals,111.0,0.08,0.09,-0.17,0.0,,-19.83,4.1,-36.55,53.183,27.32,47,46
6146,耕興,Industrials,Specialty Business Services,161.0,-0.04,-0.04,-0.08,-0.16,,-19.92,12.14,-40.4,44.491,13.39,47,35
1785,光洋科,Industrials,Metal Fabrication,52.8,-0.14,-0.12,0.24,-0.22,,-19.94,3.07,-19.76,53.368,17.33,47,78
3522,御嵿,Consumer Cyclical,Restaurants,13.9,2.92,1.52,-0.21,-0.4,,-19.97,-2.38,-13.26,12.019,,47,84
3115,富榮綱,Technology,Electronic Components,12.25,0.26,0.21,-0.29,0.12,,-19.99,-1.01,-222.11,0.144,,47,3
3178,公準,Industrials,Tools & Accessories,44.25,2.3,2.3,-4.53,0.19,,-20.0,1.16,-35.55,29.645,38.06,47,48
6143,振曜,Technology,Communication Equipment,109.0,-0.07,-0.07,-0.62,-0.29,,-20.14,6.94,-23.56,89.088,15.78,47,74
4549,桓達,Technology,Scientific & Technical Instruments,129.0,0.07,0.07,-0.45,-0.12,,-20.2,4.55,-42.5,22.68,28.68,47,30
6661,威健生技,Healthcare,Diagnostics & Research,20.0,-4.08,-4.08,17.5,0.2,,-20.26,0.09,-30.11,14.247,222.22,47,61
1316,上曜,Real Estate,Real Estate Services,13.5,-0.49,-0.95,-3.2,-0.15,,-20.3,-0.81,118.18,7.085,,47,97
1416,廣豐,Technology,Information Technology Services,11.6,-0.46,-0.31,-0.22,-0.25,,-20.55,0.76,-33.03,1.816,15.46,46,54
8272,全景軟體,Technology,Software - Infrastructure,82.8,-0.98,-0.49,-0.07,-0.12,,-20.69,3.96,-29.7,,21.04,46,62
5289,宜鼎,Technology,Computer Hardware,242.0,0.28,0.38,-0.54,-0.06,,-21.25,11.86,-27.87,102.87,20.36,46,66
6683,雍智科技,Technology,Semiconductor Equipment & Materials,357.0,-0.03,-0.03,0.02,-0.18,,-21.53,16.78,-24.87,66.684,21.1,46,71
4533,協易機,Industrials,Specialty Industrial Machinery,23.45,0.06,0.06,2.67,-1.08,,-21.59,1.18,-19.07,24.286,20.42,46,79
4572,駐龍,Industrials,Specialty Industrial Machinery,165.0,-0.09,-0.08,-0.21,-0.63,,-21.62,6.24,-52.55,20.812,26.6,46,15
6115,鎰勝,Industrials,Electrical Equipment & Parts,49.8,-0.06,-0.05,-0.17,-0.21,,-21.7,3.47,-31.49,40.352,14.41,46,58
6461,益得,Healthcare,Biotechnology,17.45,0.05,0.04,-0.03,-0.16,,-21.79,-2.72,-101.76,0.238,,46,4
1788,杏昌,Healthcare,Medical Devices,139.0,0.01,0.01,-0.32,-0.14,,-22.02,7.81,-32.5,93.404,17.8,46,56
6546,正基,Technology,Communication Equipment,77.3,0.18,0.22,-0.36,-0.01,,-22.16,3.57,-34.67,36.994,22.1,46,50
8917,欣泰,Utilities,Utilities - Regulated Gas,59.2,0.01,0.01,-0.43,-0.19,,-22.22,2.26,-27.67,17.691,26.19,46,66
2820,華票,Financial Services,Capital Markets,15.3,-0.02,-0.02,0.72,-0.07,,-22.25,0.99,-54.71,1.606,15.61,46,14
2393,億光,Technology,Electronic Components,72.6,0.03,0.03,-0.48,-0.27,,-22.51,6.11,-40.24,47.574,11.96,46,35
7743,金利食安,Industrials,Specialty Business Services,28.4,-1.37,-0.58,0.5,-0.25,,-22.63,1.81,-29.18,,15.28,46,63
8432,東生華,Healthcare,Drug Manufacturers - Specialty & Generic,48.35,-0.3,-0.23,2.41,-0.35,,-22.7,2.66,3.14,31.313,18.18,46,90
9941,裕融,Financial Services,Credit Services,99.9,-0.2,-0.17,0.19,-0.14,,-22.78,8.21,-31.1,74.373,12.24,46,59
1565,精華,Healthcare,Medical Instruments & Supplies,157.0,-0.07,-0.06,0.46,-0.1,,-23.05,14.37,-41.04,90.472,11.1,46,33
4535,至興,Consumer Cyclical,Auto Parts,29.35,0.09,0.1,-0.21,-0.17,,-23.06,2.34,-44.25,37.8,12.69,46,26
1409,新纖,Consumer Cyclical,Textile Manufacturing,12.15,-0.18,-0.15,0.26,0.14,,-23.16,1.09,-42.17,28.03,11.19,45,30
2636,台驊控股,Industrials,Integrated Freight & Logistics,71.6,-0.07,-0.06,-0.24,0.07,,-23.31,9.52,-31.8,192.46,7.54,45,57
3441,聯一光,Technology,Electronic Components,29.3,0.37,0.58,-0.61,-0.31,,-23.33,1.27,-27.54,8.725,23.03,45,67
6464,台數科,Communication Services,Entertainment,81.3,-0.02,-0.02,-0.2,-0.15,,-23.47,6.72,-36.81,35.058,12.1,45,45
7734,印能科技,Consumer Cyclical,Packaging & Containers,1200.0,0.38,0.61,-0.9,-0.26,,-23.48,41.64,-19.92,92.521,29.3,45,78
1229,聯華,Industrials,Conglomerates,46.35,0.11,0.12,-0.66,-0.18,,-23.61,2.36,-55.28,7.233,20.04,45,13
3430,奇鈦科,Basic Materials,Specialty Chemicals,48.85,0.18,0.22,-0.74,-0.18,,-23.63,4.55,-33.77,44.645,10.22,45,53
6531,愛普*,Technology,Semiconductors,304.5,-0.01,-0.01,-0.1,-0.11,,-23.65,9.44,-25.14,27.232,34.11,45,71
5706,鳳凰,Consumer Cyclical,Travel Services,56.1,-0.79,-0.44,0.94,-0.83,,-23.71,3.2,92.01,40.538,17.66,45,97
2850,新產,Financial Services,Insurance - Property & Casualty,96.2,-0.07,-0.07,0.01,-0.24,,-23.79,9.94,-39.33,65.164,9.79,45,37
6629,泰金-KY,Consumer Cyclical,"Furnishings, Fixtures & Appliances",81.8,0.12,0.13,-0.15,-0.36,,-23.87,10.26,-40.67,43.272,7.97,45,34
6140,訊達,Technology,Electronics & Computer Distribution,43.5,0.08,0.08,1.48,-0.4,,-24.24,0.89,-15.09,40.105,48.82,45,83
3022,威強電,Technology,Computer Hardware,78.5,0.1,0.12,0.17,-0.3,,-24.32,8.09,-35.57,39.142,9.78,45,48
7736,虎山,Consumer Cyclical,Auto Parts,99.0,0.3,0.42,-0.65,-0.25,,-24.33,6.76,-7.1,21.631,14.7,45,87
1341,富林-KY,Consumer Cyclical,Textile Manufacturing,67.0,0.09,0.1,-0.15,-0.17,,-24.44,5.15,-30.41,54.38,13.01,45,61
2233,宇隆,Industrials,Specialty Industrial Machinery,182.0,-0.27,-0.21,0.03,-0.23,,-24.51,10.52,-37.24,60.908,17.44,45,43
1784,訊聯,Healthcare,Diagnostics & Research,66.5,0.13,0.15,-0.42,-0.47,,-24.53,1.51,-37.68,24.004,44.83,45,42
3338,泰碩,Technology,Electronic Components,50.6,0.13,0.15,-0.81,-0.26,,-24.64,2.82,-37.0,43.817,18.05,45,44
4706,大恭,Basic Materials,Specialty Chemicals,27.8,0.25,0.33,-1.08,-0.9,,-24.7,0.81,-51.68,14.688,34.32,45,16
2420,新巨,Industrials,Electrical Equipment & Parts,53.7,-0.03,-0.03,-0.01,-0.22,,-24.71,4.04,-43.73,14.555,13.27,44,27
8435,鉅邁,Basic Materials,Chemicals,66.1,-0.27,-0.21,-0.26,-0.22,,-24.83,4.5,-44.69,22.454,14.64,44,25
6423,億而得-創,Technology,Semiconductors,94.6,-0.01,-0.01,4.47,-0.1,,-25.07,0.9,-25.07,7.889,105.11,44,71
2707,晶華,Consumer Cyclical,Lodging,193.0,0.29,0.41,-0.33,-0.05,,-25.27,10.37,-32.58,50.274,18.61,44,56
1558,伸興,Consumer Cyclical,"Furnishings, Fixtures & Appliances",101.0,-0.32,-0.24,-0.01,-0.14,,-25.27,6.62,-29.94,128.908,15.26,44,62
2450,神腦,Technology,Electronics & Computer Distribution,29.2,0.02,0.02,0.16,-0.16,,-25.47,1.78,-44.2,122.921,16.46,44,26
5609,中菲行,Industrials,Integrated Freight & Logistics,75.9,0.06,0.07,-0.47,0.03,,-25.5,6.78,-26.77,216.754,11.24,44,68
2885,元大金,Financial Services,Financial Conglomerates,31.7,-0.12,-0.11,0.18,-0.2,,-25.73,2.63,-39.26,8.861,12.43,44,37
2478,大毅,Technology,Electronic Components,41.7,0.37,0.6,-1.22,-0.05,,-25.8,3.03,-28.87,36.288,13.83,44,64
1233,天仁,Consumer Defensive,Packaged Foods,31.25,0.35,0.54,-0.77,-0.37,,-25.84,0.87,-40.15,23.988,35.92,44,35
2467,志聖,Industrials,Specialty Industrial Machinery,143.0,-0.05,-0.05,-0.14,-0.15,,-26.01,4.75,-27.97,33.64,30.74,44,66
9925,新保,Industrials,Security & Protection Services,41.65,-0.03,-0.03,-0.93,-0.21,,-26.02,2.21,-38.12,20.455,18.87,44,41
2038,海光,Basic Materials,Steel,14.7,1.64,2.56,-3.25,0.54,,-26.12,0.34,-33.35,52.353,44.12,44,53
1527,鑽全,Industrials,Tools & Accessories,37.0,0.04,0.05,-0.08,-0.18,,-26.32,3.03,-43.23,22.695,12.28,44,28
4438,廣越,Consumer Cyclical,Apparel Manufacturing,79.0,-2.0,-2.0,0.83,-0.12,,-26.33,3.54,-25.16,163.032,22.51,44,71
8099,大世科,Technology,Information Technology Services,74.2,-0.01,-0.01,-0.07,-0.24,,-26.44,2.19,-40.52,44.4,33.84,44,34
6126,信音,Technology,Electronic Components,21.65,0.2,0.25,-1.12,-0.08,,-26.56,0.96,-36.8,28.988,22.55,44,45
7732,金興精密,Industrials,Electrical Equipment & Parts,39.5,1.27,4.65,-6.0,-0.33,,-26.59,2.49,-27.94,,14.7,44,66
2103,台橡,Basic Materials,Specialty Chemicals,16.8,-0.04,-0.04,0.1,0.25,,-26.61,1.13,-25.62,47.038,14.87,44,70
5478,智冠,Communication Services,Electronic Gaming & Multimedia,101.0,-0.13,-0.11,-0.43,-0.24,,-26.64,7.44,-44.06,44.56,13.78,43,26
1707,葡萄王,Healthcare,Drug Manufacturers - Specialty & Generic,122.5,-0.5,-0.33,0.27,-0.24,,-26.71,9.38,-41.03,74.693,13.17,43,33
4930,燦星網,Consumer Cyclical,"Furnishings, Fixtures & Appliances",22.95,-0.37,-0.27,-0.01,-0.19,,-26.9,2.58,-42.09,99.745,9.03,43,30
6872,浩宇生醫,Healthcare,Biotechnology,20.4,0.03,0.03,-0.21,-0.26,,-26.93,-1.66,2.912222222222219e+16,,,43,99
4906,正文,Technology,Communication Equipment,23.55,-0.27,-0.21,-2.22,-0.2,,-27.33,1.49,-46.08,59.692,15.91,43,23
2373,震旦行,Industrials,Industrial Distribution,57.7,-0.42,-0.29,0.2,-0.17,,-27.48,4.11,-43.99,49.854,14.21,43,26
6275,元山,Technology,Consumer Electronics,41.15,-0.29,-0.22,0.22,-0.24,,-27.59,2.66,-34.06,50.889,15.98,43,52
6224,聚鼎,Technology,Electronic Components,44.75,-0.59,-0.37,1.09,0.39,,-27.65,2.27,-30.19,35.259,19.82,43,61
1201,味全,Consumer Defensive,Packaged Foods,16.4,-0.14,-0.12,0.4,-0.18,,-27.85,0.83,-39.37,46.133,19.7,43,37
4953,緯軟,Technology,Information Technology Services,97.5,-0.12,-0.1,-0.01,-0.23,,-28.07,6.09,-27.33,143.903,16.01,43,67
5215,科嘉-KY,Technology,Computer Hardware,38.3,-0.46,-0.31,-0.6,-0.04,,-28.1,3.7,-40.3,42.49,10.68,43,35
8085,福華,Technology,Electronic Components,18.6,0.3,0.23,-6.17,-0.59,,-28.1,-0.96,-36.3,4.389,,43,46
2482,連宇,Industrials,Business Equipment & Supplies,18.0,-0.57,-1.33,-36.67,-4.23,,-28.16,-0.12,-64.25,7.312,,43,9
1723,中碳,Basic Materials,Chemicals,86.9,-0.29,-0.22,-0.01,-0.28,,-28.24,4.93,-41.56,32.781,17.57,43,32
6245,立端,Technology,Communication Equipment,74.6,-0.24,-0.19,0.24,-0.34,,-28.3,5.65,-38.01,51.298,13.54,43,41
5348,正能量智能,Technology,Communication Equipment,19.95,0.07,0.07,-1.93,-0.6,,-28.39,-0.86,-32.06,17.968,,43,57
2109,華豐,Consumer Cyclical,Auto Parts,16.35,0.28,0.38,-1.1,-0.3,,-28.61,1.52,-37.24,17.925,10.79,43,43
1720,生達,Healthcare,Drug Manufacturers - Specialty & Generic,56.1,-0.06,-0.06,0.01,-0.29,,-28.72,4.6,-33.87,38.141,12.28,43,52
8105,凌巨,Technology,Electronic Components,12.7,0.67,2.0,8.5,-0.5,,-28.83,0.1,-39.84,19.973,129.0,43,36
8109,博大,Industrials,Electrical Equipment & Parts,82.1,0.04,0.04,-0.08,-0.31,,-28.86,5.96,-38.3,18.539,13.78,42,40
6432,今展科,Technology,Electronic Components,27.0,0.58,1.37,-4.25,-0.13,,-29.4,1.46,-26.65,33.818,18.63,42,68
3630,新鉅科,Technology,Electronic Components,21.9,0.22,0.18,-0.49,-0.33,,-29.44,-2.56,-37.19,10.43,,42,44
6790,永豐實,Consumer Defensive,Household & Personal Products,43.25,0.19,0.23,-0.31,-0.18,,-29.62,2.64,-36.22,41.139,16.48,42,46
4160,訊聯基因,Healthcare,Diagnostics & Research,47.7,-0.74,-0.43,0.05,-0.83,,-29.86,1.79,-47.81,23.917,26.65,42,20
6674,鋐寶科技,Technology,Communication Equipment,25.1,0.21,0.18,-0.47,0.74,,-30.0,-2.2,-78.82,13.161,,42,6
6203,海韻電,Technology,Electronic Components,72.1,1.3,4.31,-5.0,-0.03,,-30.15,3.43,-38.09,26.156,21.28,42,41
1514,亞力,Industrials,Electrical Equipment & Parts,103.0,0.03,0.04,-0.32,-0.43,,-30.31,2.75,-36.31,33.205,38.91,42,46
3537,堡達,Industrials,Electrical Equipment & Parts,44.95,0.51,1.04,-1.24,-0.27,,-30.53,3.31,-44.23,49.591,13.64,42,26
2484,希華,Technology,Electronic Components,20.9,0.14,0.17,-0.5,0.0,,-30.61,0.97,-34.97,14.211,21.34,42,50
2515,中工,Industrials,Engineering & Construction,11.5,-0.5,-0.33,0.6,0.14,,-30.64,0.48,-32.3,15.733,24.17,42,56
1443,立益物流,Industrials,Integrated Freight & Logistics,31.8,0.13,0.15,0.02,-0.31,,-31.01,1.63,-25.88,7.137,19.51,42,69
2945,三商家購,Consumer Defensive,Grocery Stores,39.5,-0.24,-0.2,0.6,0.0,,-31.07,2.02,-37.82,213.385,19.55,42,42
1604,聲寶,Consumer Cyclical,"Furnishings, Fixtures & Appliances",25.2,0.1,0.11,-0.4,-0.07,,-31.31,2.05,-39.57,26.037,12.34,42,36
2250,IKKA-KY,Industrials,Specialty Industrial Machinery,86.2,-0.29,-0.23,0.06,-0.3,,-31.38,5.52,-39.92,115.03,16.03,42,36
2489,瑞軒,Industrials,Electrical Equipment & Parts,13.65,0.23,0.3,-0.8,-1.41,,-31.54,1.36,-23.75,33.881,10.15,42,73
6438,迅得,Industrials,Specialty Industrial Machinery,156.0,0.44,0.79,-0.9,-0.25,,-31.69,6.99,-24.41,71.27,22.6,42,72
3508,位速,Basic Materials,Specialty Chemicals,20.6,0.22,0.18,-0.28,-0.14,,-32.0,-1.74,-15.67,7.136,,42,82
6655,科定,Basic Materials,Lumber & Wood Production,120.5,-0.36,-0.27,-0.04,-0.21,,-32.07,4.75,-37.69,32.035,25.47,42,42
5009,榮剛,Basic Materials,Steel,34.6,-0.83,-0.45,0.39,-0.59,,-32.13,3.67,-42.95,20.996,9.46,41,28
4147,中裕,Healthcare,Biotechnology,85.6,0.28,0.22,-0.4,-0.5,,-32.37,-0.79,-35.63,2.224,,41,48
9960,邁達康,Consumer Cyclical,Specialty Retail,24.35,-0.13,-0.12,0.18,-0.27,,-32.44,1.91,-28.29,21.976,12.75,41,65
2066,世德,Industrials,Tools & Accessories,73.6,0.22,0.28,-0.51,-0.43,,-32.49,5.1,-40.84,62.35,14.57,41,34
6874,倍力,Technology,Software - Application,90.8,0.17,0.2,-0.52,-0.3,,-32.5,4.04,-56.48,72.832,22.8,41,12
8433,弘帆,Consumer Cyclical,Specialty Retail,58.8,0.1,0.11,-0.99,-0.55,,-32.7,8.29,-32.8,67.574,7.1,41,55
8016,矽創,Technology,Semiconductors,207.0,-0.06,-0.06,-0.14,-0.05,,-32.91,15.13,-39.49,150.258,13.75,41,36
4609,唐鋒,Technology,Consumer Electronics,8.2,-0.44,-0.8,-0.25,0.38,,-32.95,-0.42,-15.53,3.049,,41,82
6248,沛波,Basic Materials,Steel,24.55,-0.0,-0.0,-2.76,-0.49,,-33.27,2.84,-39.05,109.353,8.63,41,38
4545,銘鈺,Industrials,Metal Fabrication,30.3,-0.31,-0.24,-0.62,-0.5,,-33.3,2.16,-30.88,31.912,14.49,41,60
3168,眾福科,Technology,Electronic Components,45.65,-0.18,-0.15,-0.16,-0.23,,-33.41,2.73,-46.29,43.188,16.72,41,22
2355,敬鵬,Technology,Electronic Components,32.2,-0.13,-0.12,-0.29,-0.58,,-33.64,2.53,-45.45,40.489,12.81,41,24
6161,捷波,Technology,Computer Hardware,42.15,-0.33,-0.25,-0.11,-0.21,,-33.81,2.49,-47.87,18.394,17.11,41,20
6792,詠業,Technology,Electronic Components,51.2,0.19,0.24,-0.38,-0.08,,-33.87,2.06,-39.4,26.643,24.85,41,37
6486,互動,Technology,Software - Application,80.0,0.07,0.07,-0.48,-0.31,,-33.96,5.4,-39.33,50.349,14.89,41,37
6791,虎門科技,Technology,Software - Infrastructure,101.0,-0.15,-0.13,0.17,-0.35,,-34.05,3.84,-19.76,34.06,26.43,41,78
5538,東明-KY,Basic Materials,Steel,29.75,-0.07,-0.07,-0.31,0.21,,-34.16,2.97,-27.26,64.85,10.02,41,67
4961,天鈺,Technology,Semiconductors,187.0,-0.14,-0.12,-0.17,0.03,,-34.16,16.43,-25.02,166.368,11.38,41,71
4569,六方科-KY,Industrials,Metal Fabrication,140.0,0.22,0.28,-0.32,-0.19,,-34.32,7.4,-17.72,50.649,19.05,41,80
9904,寶成,Consumer Cyclical,Footwear & Accessories,28.3,-0.3,-0.23,0.67,-0.3,,-35.09,5.07,-34.64,90.797,5.64,40,50
8940,新天地,Consumer Cyclical,Restaurants,20.4,1.65,2.53,3.71,0.1,,-35.16,0.23,-30.1,24.733,89.57,40,61
6117,迎廣,Technology,Computer Hardware,95.2,-0.37,-0.27,-0.23,-1.4,,-35.19,3.27,-39.33,31.785,29.39,40,37
2455,全新,Technology,Semiconductor Equipment & Materials,130.0,0.04,0.04,-0.4,-0.22,,-35.32,3.43,-45.01,17.292,38.78,40,24
2067,嘉鋼,Industrials,Metal Fabrication,6.3,-0.02,-0.02,0.02,0.38,,-35.4,-2.53,-37.36,22.486,,40,43
6431,光麗-KY,Technology,Electronic Components,15.9,-0.03,-0.03,0.44,0.35,,-35.99,-2.36,12.92,5.793,,40,92
2231,為升,Consumer Cyclical,Auto Parts,68.8,0.08,0.08,3.62,-0.31,,-36.06,3.05,-51.81,31.86,23.15,40,16
3675,德微,Technology,Electronic Components,139.0,-0.28,-0.22,-0.18,-0.41,,-36.07,7.77,-42.95,52.851,18.4,40,28
6747,亨泰光,Healthcare,Medical Devices,192.5,-0.16,-0.14,0.76,-0.27,,-36.11,5.1,-31.98,28.789,37.75,40,57
2347,聯強,Technology,Electronics & Computer Distribution,67.0,-0.11,-0.1,0.24,-0.2,,-36.12,5.34,-48.24,248.003,12.6,40,20
2015,豐興,Basic Materials,Steel,64.8,0.02,0.02,-0.71,-0.27,,-36.13,3.94,-50.28,57.323,16.68,40,18
6753,龍德造船,Industrials,Aerospace & Defense,94.0,0.27,0.37,-1.25,-0.6,,-36.23,5.16,-22.47,46.11,18.31,40,75
6672,騰輝電子-KY,Technology,Electronic Components,71.5,0.19,0.24,-1.66,-0.19,,-36.39,4.75,-50.56,58.571,15.18,40,18
7718,友鋮,Industrials,Tools & Accessories,45.4,-0.25,-0.2,-0.03,-0.57,,-36.44,5.49,-36.31,59.24,8.22,40,46
2886,兆豐金,Financial Services,Banks - Regional,42.3,-0.06,-0.05,0.03,-0.44,,-36.53,2.09,-48.68,4.92,20.26,40,19
4720,德淵,Basic Materials,Specialty Chemicals,15.0,-0.11,-0.1,0.25,-0.55,,-36.7,1.27,-33.53,33.914,11.93,40,53
2303,聯電,Technology,Semiconductors,43.7,-0.44,-0.3,0.05,-0.35,,-36.7,3.75,-34.74,18.912,11.57,40,50
3042,晶技,Technology,Electronic Components,84.2,-0.04,-0.04,-0.11,-0.25,,-36.98,6.1,-31.96,39.107,13.87,40,57
5474,聰泰,Technology,Electronic Components,156.5,-0.42,-0.29,0.12,-0.32,,-37.03,6.65,-50.33,29.433,24.44,40,18
2371,大同,Industrials,Conglomerates,36.45,-10.57,-0.91,9.38,-1.0,,-37.06,6.5,-35.17,22.292,5.64,39,49
8488,吉源-KY,Consumer Cyclical,Packaging & Containers,11.3,0.19,0.16,0.0,-0.45,,-37.27,-0.48,-62.54,42.539,,39,9
1475,業旺,Consumer Cyclical,Textile Manufacturing,38.85,-0.08,-0.07,-0.88,-0.66,,-37.35,6.52,-21.56,29.278,5.94,39,76
1582,信錦,Technology,Electronic Components,69.4,-0.22,-0.18,-0.53,-0.65,,-37.4,6.38,-37.64,66.03,11.1,39,42
2207,和泰車,Consumer Cyclical,Auto & Truck Dealerships,560.0,0.0,0.0,-0.37,-0.37,,-37.56,34.0,-36.35,510.686,16.41,39,46
6235,華孚,Industrials,Metal Fabrication,48.6,-0.02,-0.02,-0.6,-0.69,,-37.56,2.62,-34.78,29.266,18.93,39,50
3557,嘉威,Consumer Cyclical,Specialty Retail,45.85,0.42,0.73,0.08,-0.37,,-37.71,5.58,-40.29,67.36,8.07,39,35
2617,台航,Industrials,Marine Shipping,27.7,-0.33,-0.25,0.66,-0.4,,-37.93,2.86,-36.15,10.538,9.83,39,47
8421,旭源,Industrials,Specialty Industrial Machinery,15.1,0.25,0.33,0.5,-1.8,,-38.17,-0.07,-41.78,22.43,,39,31
2474,可成,Industrials,Metal Fabrication,208.0,0.36,0.56,-1.4,-0.51,,-38.37,17.24,-38.38,27.872,12.06,39,40
8477,創業家,Consumer Cyclical,Internet Retail,11.85,0.01,0.01,2.37,0.02,,-38.45,-3.62,-130.69,17.215,,39,4
1817,凱撒衛,Consumer Defensive,Household & Personal Products,39.15,-0.3,-0.23,-0.11,-0.48,,-38.86,4.03,-33.0,39.138,9.69,39,54
6148,驊宏資,Technology,Communication Equipment,52.1,-1.29,-0.56,0.85,-0.53,,-38.93,1.45,-37.0,16.138,35.86,39,44
2608,嘉里大榮,Industrials,Trucking,33.5,-0.16,-0.14,0.04,-0.35,,-39.15,2.08,-38.89,27.22,16.18,39,39
3226,至寶電,Industrials,Electrical Equipment & Parts,45.0,0.3,0.44,-1.92,-0.5,,-39.15,5.02,-48.75,32.405,8.96,39,19
3027,盛達,Industrials,Conglomerates,30.35,5.0,5.0,-1.67,0.07,,-39.35,-0.21,-16.45,18.67,,39,82
2314,台揚,Technology,Communication Equipment,10.15,0.11,0.1,-0.43,-0.24,,-39.37,-4.65,-102.14,5.901,,39,4
8080,印鉐,Technology,Electronic Components,29.9,-0.05,-0.04,5.5,3.18,,-39.41,-0.13,8.3,3.979,,39,91
4956,光鋐,Technology,Electronic Components,24.1,-0.96,-25.13,-5.66,-0.69,,-39.52,-0.3,-33.38,13.323,,39,53
1711,永光,Basic Materials,Specialty Chemicals,15.2,-0.07,-0.07,-1.75,0.17,,-39.69,0.45,-39.65,14.988,34.89,38,36
1591,駿吉-KY,Industrials,Tools & Accessories,50.6,0.12,0.1,-0.83,-0.11,,-39.73,-1.3,-227.29,5.289,,38,3
2630,亞航,Industrials,Aerospace & Defense,33.55,-0.04,-0.03,-0.33,-0.29,,-39.77,0.63,-36.32,24.821,54.37,38,46
3211,順達,Industrials,Electrical Equipment & Parts,250.0,-2.47,-0.71,-0.4,-0.28,,-40.02,16.93,-74.53,84.387,14.8,38,7
6173,信昌電,Technology,Semiconductor Equipment & Materials,36.15,0.15,0.17,-0.77,-0.21,,-40.17,2.75,-40.51,22.171,13.24,38,34
2458,義隆,Technology,Semiconductors,121.5,-0.15,-0.13,-0.04,-0.25,,-40.26,8.86,-44.24,44.402,13.94,38,26
2105,正新,Consumer Cyclical,Auto Parts,39.05,-0.3,-0.23,-0.01,-0.51,,-40.29,2.27,-41.62,29.551,17.33,38,32
1227,佳格,Consumer Defensive,Packaged Foods,32.55,-0.19,-0.16,0.69,-0.33,,-40.56,1.78,-40.91,31.988,18.37,38,33
2235,謚源,Consumer Cyclical,Auto Parts,46.95,-0.09,-0.08,0.05,-0.67,,-40.63,2.29,-34.54,16.89,20.68,38,50
1717,長興,Basic Materials,Specialty Chemicals,23.95,-0.15,-0.13,0.03,-0.27,,-40.75,1.47,-41.02,37.539,16.36,38,33
3038,全台,Technology,Electronic Components,22.05,0.03,0.03,-0.16,-0.52,,-40.92,1.92,-55.43,23.158,11.48,38,13
2509,全坤建,Real Estate,Real Estate Services,13.1,-81.0,-81.0,0.43,-0.64,,-40.93,0.05,0.78,6.383,265.0,38,90
2882,國泰金,Financial Services,Insurance - Life,62.7,0.01,0.01,0.03,-0.19,,-41.28,6.6,-53.81,57.461,9.56,38,14
2615,萬海,Industrials,Marine Shipping,89.2,-0.56,-0.36,0.59,0.88,,-41.37,18.78,-26.09,61.034,4.77,38,69
6517,保勝光學,Technology,Electronic Components,67.4,0.07,0.08,-0.04,-0.56,,-41.39,3.2,-37.89,16.323,21.25,38,41
6195,詩肯,Consumer Cyclical,Specialty Retail,27.95,0.44,0.8,2.8,-0.17,,-41.64,1.48,-41.7,45.329,18.78,38,31
9905,大華,Consumer Cyclical,Packaging & Containers,21.8,-0.77,-0.44,0.61,-0.42,,-41.92,1.53,-38.87,27.554,14.15,38,39
3592,瑞鼎,Technology,Semiconductors,352.5,-0.09,-0.08,-0.1,-0.2,,-42.07,25.98,-42.14,318.59,13.63,38,30
8463,潤泰材,Basic Materials,Building Materials,22.8,-0.93,-0.48,1.87,-1.53,,-42.16,1.02,-23.76,45.676,22.4,37,73
6637,醫影,Healthcare,Medical Distribution,91.7,-0.18,-0.15,0.14,-0.59,,-42.17,6.26,-60.01,33.007,14.54,37,11
8103,瀚荃,Technology,Electronic Components,42.5,0.08,0.09,-1.26,-0.44,,-42.18,3.64,-36.55,36.633,11.81,37,46
6590,普鴻,Technology,Software - Application,77.0,0.01,0.01,-0.18,-0.47,,-42.2,4.58,-31.27,28.112,16.59,37,59
5285,界霖,Technology,Semiconductors,44.4,0.76,3.08,-16.67,-0.28,,-42.27,2.37,-34.07,50.732,18.67,37,52
3666,光耀,Technology,Electronic Components,28.2,-0.03,-0.03,0.62,1.06,,-42.51,-4.42,-48.77,12.267,,37,19
2477,美隆電,Technology,Consumer Electronics,20.7,-1.65,-0.62,0.28,1.43,,-42.88,1.58,-30.02,17.238,13.26,37,62
6579,研揚,Technology,Computer Hardware,119.0,0.95,20.2,-36.53,-0.66,,-43.13,6.32,-32.18,58.512,19.3,37,56
3376,新日興,Industrials,Metal Fabrication,212.0,-0.28,-0.22,-0.22,-0.49,,-43.23,6.53,-40.33,69.493,32.62,37,35
4726,永昕,Healthcare,Biotechnology,38.55,0.07,0.07,-0.45,0.06,,-43.46,-2.23,-6.63,3.517,,37,87
6727,亞泰金屬,Industrials,Specialty Industrial Machinery,69.4,0.37,0.6,-2.91,-0.46,,-43.78,5.12,-64.79,52.088,14.47,37,9
6123,上奇,Technology,Electronics & Computer Distribution,53.3,-0.32,-0.24,0.09,-0.42,,-43.83,3.38,-39.95,88.711,15.89,37,36
5452,佶優,Basic Materials,Specialty Chemicals,23.75,5.0,5.0,-3.67,-0.11,,-43.9,0.39,-41.48,38.025,62.05,37,32
1470,大統新創,Consumer Cyclical,Textile Manufacturing,21.2,0.28,0.38,-1.08,-0.57,,-44.16,1.0,-33.01,9.464,21.2,37,54
3257,虹冠電,Technology,Semiconductors,61.3,0.1,0.12,-0.54,-0.22,,-44.42,2.15,-52.87,10.035,28.51,37,15
5244,弘凱,Technology,Electronic Components,47.7,-0.23,-0.19,0.26,-0.33,,-44.65,2.11,-46.2,12.57,21.87,37,22
2351,順德,Technology,Semiconductor Equipment & Materials,69.8,-0.19,-0.16,-0.4,-0.45,,-44.77,3.48,-36.22,60.13,20.32,37,46
8271,宇瞻,Technology,Semiconductors,51.3,0.44,0.79,-1.46,-0.31,,-44.8,1.95,-37.44,61.675,26.26,37,43
6698,旭暉應材,Technology,Electronic Components,30.65,0.04,0.04,0.31,0.07,,-44.81,-0.94,-50.37,13.049,,37,18
2108,南帝,Basic Materials,Specialty Chemicals,22.95,0.11,0.12,-0.32,0.48,,-44.83,1.25,-48.59,23.262,18.52,36,19
3597,映興,Technology,Electronic Components,25.95,-0.67,-0.4,1.47,0.0,,-44.85,1.2,-11.91,20.695,21.04,36,85
5302,太欣,Technology,Semiconductors,7.05,-0.12,-0.14,0.0,-0.5,,-44.95,-0.3,-69.1,0.084,,36,7
3224,三顧,Technology,Electronics & Computer Distribution,37.2,-0.05,-0.06,-0.2,0.85,,-45.5,-0.84,-32.49,21.568,,36,56
6679,鈺太,Technology,Semiconductors,216.5,0.15,0.18,-0.61,-0.4,,-45.53,8.05,-40.18,39.581,27.14,36,35
2915,潤泰全,Consumer Cyclical,Textile Manufacturing,54.2,-0.01,-0.01,-0.14,-0.35,,-46.11,11.98,-44.37,2.721,4.57,36,26
8074,鉅橡,Technology,Electronic Components,22.85,-0.12,-0.11,0.15,-0.42,,-46.13,1.06,-35.19,15.831,23.3,36,49
4927,泰鼎-KY,Technology,Electronic Components,22.25,0.47,0.32,-0.5,0.12,,-46.27,-9.03,-34.15,63.285,,36,51
3322,建舜電,Technology,Electronic Components,12.25,0.66,0.4,-0.79,0.19,,-46.37,-0.85,-29.7,24.909,,36,62
9927,泰銘,Basic Materials,Other Industrial Metals & Mining,68.8,0.03,0.03,-0.67,-0.61,,-46.69,5.55,-41.06,50.941,12.25,36,33
1219,福壽,Consumer Defensive,Packaged Foods,14.45,0.43,0.75,-3.37,-0.4,,-46.86,0.49,-38.75,42.194,29.39,36,39
8349,恒耀,Industrials,Tools & Accessories,52.3,-0.2,-0.16,-0.21,-0.67,,-47.13,3.74,-45.95,74.606,14.06,36,23
5907,大洋-KY,Consumer Cyclical,Department Stores,6.5,-0.09,-0.09,-3.16,-0.36,,-47.16,-2.85,-54.97,15.958,,36,14
8066,來思達,Consumer Cyclical,"Furnishings, Fixtures & Appliances",21.85,3.0,3.0,-3.44,0.25,,-47.16,-0.2,-42.97,169.227,,36,28
1339,昭輝,Consumer Cyclical,Auto Parts,48.55,-0.04,-0.04,-0.17,-0.86,,-47.63,4.17,-41.98,25.829,11.67,36,31
2736,富野,Consumer Cyclical,Lodging,16.2,2.53,0.72,0.14,-0.15,,-48.01,-1.84,6.54,7.824,,36,91
3205,佰研,Healthcare,Biotechnology,48.8,-0.03,-0.03,0.11,-0.66,,-48.2,-1.65,-53.11,13.877,,36,15
1109,信大,Basic Materials,Building Materials,16.65,0.16,0.19,-2.06,-0.4,,-48.33,1.27,-52.87,13.327,13.11,36,15
3708,上緯投控,Basic Materials,Specialty Chemicals,86.2,0.02,0.02,-0.65,-0.6,,-48.44,2.12,-34.97,75.285,43.87,36,50
6901,鑽石投資,Financial Services,Asset Management,19.85,0.21,0.17,-4.94,0.42,,-48.87,-2.68,,-2.352,,35,
6291,沛亨,Technology,Semiconductors,84.0,0.02,0.02,-1.04,-0.91,,-49.01,5.15,-32.06,43.326,16.54,35,57
5301,寶得利,Consumer Cyclical,Luxury Goods,6.0,-0.71,-2.5,7.0,-1.0,,-49.14,-0.48,-58.12,2.261,,35,12
3532,台勝科,Technology,Semiconductor Equipment & Materials,74.3,0.15,0.18,-0.98,-0.62,,-49.29,3.03,-40.17,31.911,24.62,35,35
2492,華新科,Technology,Electronic Components,79.2,0.14,0.16,-1.24,-0.05,,-49.52,6.01,-37.21,72.903,13.21,35,44
6838,台新藥,Healthcare,Biotechnology,33.05,0.19,0.16,0.95,-0.8,,-49.62,-1.55,-14254.14,0.111,,35,1
1760,寶齡富錦,Healthcare,Biotechnology,70.5,0.02,0.02,0.39,-0.55,,-49.69,1.27,-41.45,23.463,56.61,35,32
3152,璟德,Technology,Communication Equipment,114.0,0.01,0.01,-0.01,-0.21,,-49.73,5.96,-51.3,24.248,19.21,35,17
8048,德勝,Technology,Communication Equipment,38.4,0.59,1.44,-1.34,-0.55,,-49.84,2.0,-67.6,15.753,18.95,35,8
4128,中天,Consumer Defensive,Packaged Foods,22.55,0.3,0.23,-1.61,-0.02,,-50.11,-1.88,-32.97,3.004,,35,54
2520,冠德,Real Estate,Real Estate - Diversified,53.0,-1.05,-0.51,-0.75,-0.72,,-50.11,9.61,-38.71,52.803,5.5,35,40
5533,皇鼎,Real Estate,Real Estate Services,16.75,-3.55,-0.78,7.09,-0.36,,-50.37,1.45,-20.04,8.191,11.62,35,78
8482,商億-KY,Consumer Cyclical,"Furnishings, Fixtures & Appliances",53.6,-0.4,-0.29,-0.16,-0.38,,-50.79,4.12,-36.39,35.291,13.01,35,46
4401,東隆興,Consumer Cyclical,Textile Manufacturing,15.75,-0.21,-0.17,-0.25,-0.06,,-52.06,1.05,-35.82,32.698,15.0,35,47
3051,力特,Technology,Electronic Components,24.0,-0.07,-0.07,0.44,-0.37,,-52.21,1.89,-32.79,11.729,13.02,35,55
2756,聯發國際,Consumer Defensive,Packaged Foods,115.5,0.15,0.18,-0.97,-0.43,,-52.31,2.01,-23.75,30.025,56.47,35,73
8928,鉅明,Consumer Cyclical,Leisure,29.1,1.4,3.5,-3.24,0.03,,-52.32,2.78,-28.46,65.2,10.47,35,65
6216,居易,Technology,Communication Equipment,32.05,-0.36,-0.26,-0.49,-0.74,,-52.67,2.47,-60.94,11.616,13.0,35,10
6603,富強鑫,Industrials,Specialty Industrial Machinery,15.75,-3.5,-0.78,-0.69,0.0,,-52.71,0.46,-32.25,28.893,34.35,35,56
4137,麗豐-KY,Consumer Defensive,Household & Personal Products,100.5,-0.62,-0.38,-0.76,-0.34,,-53.17,5.5,-59.74,47.075,18.45,34,11
7704,明遠精密,Industrials,Electrical Equipment & Parts,57.7,-0.15,-0.13,-0.75,-0.51,,-53.75,2.63,-46.31,23.38,21.83,34,22
4439,冠星-KY,Consumer Cyclical,Textile Manufacturing,92.5,0.44,0.78,-0.41,0.21,,-53.87,2.05,-25.51,152.406,47.32,34,70
6967,汎瑋材料,Basic Materials,Specialty Chemicals,50.0,-0.2,-0.17,-0.05,-0.46,,-54.35,3.08,-41.83,,16.23,34,31
8083,瑞穎,Consumer Cyclical,Auto Parts,151.5,0.03,0.03,-0.91,-0.64,,-54.37,8.97,-77.97,37.913,16.95,34,6
6508,惠光,Basic Materials,Agricultural Inputs,27.0,0.67,2.06,-4.75,-0.22,,-54.37,0.98,-44.49,17.175,27.24,34,25
5245,智晶,Technology,Semiconductors,31.8,-0.02,-0.02,-0.44,-0.26,,-55.28,-3.07,-45.76,20.884,,34,23
9908,大台北,Utilities,Utilities - Regulated Gas,31.0,-0.64,-0.39,0.52,-0.71,,-55.28,1.51,-38.14,6.653,20.66,34,41
2228,劍麟,Consumer Cyclical,Auto Parts,81.5,0.01,0.01,0.22,-0.9,,-55.43,7.85,-33.41,65.457,10.56,34,53
8942,森鉅,Basic Materials,Aluminum,45.0,0.27,0.38,-1.06,-0.61,,-55.57,4.69,-23.45,23.24,9.66,34,74
6412,群電,Industrials,Electrical Equipment & Parts,116.0,-0.59,-0.37,-0.03,-0.68,,-55.59,7.55,-37.41,93.75,15.5,34,43
8182,加高,Technology,Scientific & Technical Instruments,28.0,0.14,0.17,-0.46,-0.5,,-55.7,2.17,-41.7,27.463,13.09,34,31
6996,力領科技,Technology,Electronic Components,137.0,-0.4,-0.29,-0.05,-0.49,,-55.93,14.08,-48.1,74.297,9.77,34,20
5608,四維航,Industrials,Marine Shipping,14.7,-2.54,-2.54,2.33,0.2,,-56.12,-0.6,-47.81,8.968,,34,20
3512,皇龍,Real Estate,Real Estate Services,25.75,2.0,2.0,-307.6,0.66,,-56.14,1.06,-31.74,11.282,24.29,34,58
3055,蔚華科,Technology,Semiconductor Equipment & Materials,65.6,-0.21,-0.27,-3.78,0.36,,-56.28,-2.02,-216.68,4.625,,34,3
6240,松崗,Communication Services,Publishing,20.95,0.84,0.46,-2.97,-0.25,,-57.04,0.28,-26.83,2.124,74.11,34,68
3516,亞帝歐,Consumer Cyclical,"Furnishings, Fixtures & Appliances",19.8,-0.48,-0.33,1.44,-0.33,,-57.23,0.33,-69.51,19.802,60.0,34,7
6504,南六,Consumer Defensive,Household & Personal Products,60.3,30.5,30.5,-6.0,-0.66,,-57.48,1.0,-28.59,95.824,60.5,34,65
6885,全福生技,Healthcare,Biotechnology,33.7,0.08,0.07,-0.3,-0.61,,-57.49,-2.9,333333333333340.5,0.004,,33,99
4952,凌通,Technology,Semiconductors,37.9,-0.17,-0.14,-0.95,-0.33,,-57.5,2.12,-46.99,22.463,18.16,33,21
3546,宇峻,Communication Services,Electronic Gaming & Multimedia,99.8,0.21,0.27,-0.68,-0.69,,-57.75,5.29,-48.88,25.573,18.62,33,19
8444,綠河-KY,Basic Materials,Lumber & Wood Production,14.9,-0.5,-1.01,-0.97,-0.2,,-57.77,-9.48,-53.86,45.88,,33,14
3437,榮創,Technology,Semiconductors,13.9,-0.31,-0.45,-1.22,-0.27,,-57.85,-1.03,-59.71,13.672,,33,11
3623,富晶通,Technology,Electronic Components,17.5,0.27,0.21,-3.78,-0.75,,-57.88,-1.06,-43.0,9.059,,33,28
3321,同泰,Technology,Electronic Components,7.15,0.17,0.15,-1.35,-0.43,,-57.99,-2.47,-35.4,20.623,,33,48
6937,天虹,Technology,Semiconductors,212.0,-0.34,-0.26,-0.13,-0.71,,-58.0,5.49,-41.24,37.629,39.16,33,32
6965,,Consumer Cyclical,Footwear & Accessories,98.9,-0.5,-0.33,-0.68,-0.93,,-58.08,11.0,-20.85,197.432,8.98,33,77
4958,臻鼎-KY,Technology,Electronic Components,113.0,-2.17,-0.68,5.9,-0.56,,-58.26,8.91,-22.98,188.313,12.57,33,75
2941,米斯特,Consumer Cyclical,Internet Retail,52.8,-0.22,-0.18,-0.23,-0.73,,-58.32,2.92,-18.52,55.473,18.08,33,80
9906,欣巴巴,Industrials,Engineering & Construction,71.9,-2.36,-1.74,6.3,-0.85,,-58.34,5.93,-26.55,49.331,12.58,33,68
6204,艾華,Technology,Electronic Components,61.3,-0.12,-0.1,-0.19,0.15,,-58.46,1.52,-37.16,17.197,40.39,33,44
4106,雃博,Healthcare,Medical Devices,22.3,0.48,0.94,-1.62,-0.74,,-58.8,0.98,-50.46,22.755,22.76,33,18
6496,科懋,Healthcare,Drug Manufacturers - Specialty & Generic,24.2,-0.3,-0.43,-0.04,-0.22,,-58.95,-2.3,-40.83,19.117,,33,34
1440,南紡,Consumer Cyclical,Textile Manufacturing,13.1,-0.25,-0.33,0.33,0.2,,-58.97,-0.33,-42.14,10.356,,33,30
2897,王道銀行,Financial Services,Banks - Regional,8.94,-0.11,-0.1,0.15,-0.84,,-59.13,0.79,-52.72,3.447,11.47,33,15
2430,燦坤,Consumer Cyclical,Specialty Retail,24.1,0.26,0.35,-0.94,-0.52,,-59.43,1.47,-46.78,159.752,16.39,33,22
2063,世鎧,Industrials,Tools & Accessories,28.95,0.64,1.75,-3.25,-0.54,,-59.48,1.59,-52.22,22.049,18.46,33,16
6176,瑞儀,Technology,Electronic Components,137.5,-0.28,-0.22,-0.06,-0.79,,-60.25,13.63,-33.73,113.616,10.23,32,53
2065,世豐,Industrials,Tools & Accessories,36.9,0.16,0.19,-0.66,-0.64,,-60.31,2.9,-43.18,39.075,12.66,32,28
8111,立碁,Technology,Electronic Components,48.8,1.33,4.0,-7.0,-0.29,,-60.57,0.85,-39.32,7.531,57.53,32,37
6189,豐藝,Technology,Electronics & Computer Distribution,76.6,0.0,0.0,-0.35,-0.72,,-60.58,5.36,-67.39,158.248,14.33,32,8
1541,錩泰,Industrials,Tools & Accessories,30.45,2.31,2.31,-2.86,-0.43,,-61.14,0.83,-37.6,39.525,37.11,32,42
6005,群益證,Financial Services,Capital Markets,20.05,-0.21,-0.18,-0.02,-0.55,,-61.18,2.03,-93.57,6.454,10.2,32,5
8472,夠麻吉,Consumer Cyclical,Internet Retail,28.3,-0.04,-0.04,-0.22,0.68,,-61.28,-3.73,-42.98,18.698,,32,28
1725,元禎,Basic Materials,Specialty Chemicals,28.85,-3.36,-0.77,2.18,-0.79,,-61.83,1.8,-35.18,47.323,16.28,32,49
6118,建達,Technology,Electronics & Computer Distribution,14.0,-3.0,-0.75,2.0,-0.67,,-62.13,0.37,-34.69,101.622,38.51,32,50
8091,翔名,Technology,Semiconductors,104.5,-0.23,-0.19,-0.1,-0.81,,-62.24,6.23,-38.55,38.869,16.93,32,40
911622,泰聚亨-DR,Basic Materials,Steel,4.01,4.37,1.3,-3.43,0.0,,-62.31,-0.42,-48.6,7.195,,32,19
1611,中電,Consumer Cyclical,"Furnishings, Fixtures & Appliances",12.45,0.09,0.1,-0.5,-0.5,,-62.63,0.44,-44.92,3.595,28.52,32,24
6550,北極星藥業-KY,Healthcare,Biotechnology,37.35,0.06,0.05,-0.3,-0.54,,-62.89,-3.66,-57.83,0.116,,32,12
2321,東訊,Technology,Communication Equipment,15.1,-2.5,-2.5,3.05,0.22,,-63.23,-0.95,-43.63,45.131,,32,27
8423,保綠-KY,Consumer Cyclical,Auto Parts,18.9,1.33,4.0,-11.48,-0.79,,-63.26,0.51,-29.25,9.511,37.06,32,63
4566,時碩工業,Industrials,Specialty Industrial Machinery,54.4,0.39,0.64,-2.29,-0.84,,-63.51,1.97,-25.94,47.728,28.27,32,69
4133,亞諾法,Healthcare,Biotechnology,26.75,0.63,1.7,-5.0,-1.0,,-63.61,0.81,-38.16,5.958,33.02,32,41
6535,順藥,Healthcare,Biotechnology,143.5,0.61,0.38,-4.42,0.13,,-64.0,-2.53,40.05,0.265,,32,95
6703,軒郁,Consumer Defensive,Household & Personal Products,125.5,0.21,0.26,-1.98,-0.96,,-64.06,8.55,-38.47,116.682,14.74,32,40
3567,逸昌,Technology,Semiconductors,26.2,-0.4,-0.29,-0.29,-0.68,,-64.23,1.79,-52.1,9.018,14.47,31,16
6128,上福,Industrials,Business Equipment & Supplies,30.0,-0.1,-0.09,-0.28,-0.83,,-64.31,2.45,-39.33,43.028,12.29,31,37
5515,建國,Industrials,Engineering & Construction,24.75,-0.42,-0.3,0.55,-0.87,,-64.39,2.48,-20.87,27.351,10.04,31,77
4767,誠泰科技,Basic Materials,Specialty Chemicals,32.8,-0.24,-0.19,-0.29,-0.79,,-64.43,2.47,-48.8,36.8,13.28,31,19
6588,東典光電,Technology,Semiconductors,29.45,0.01,0.01,0.23,0.37,,-64.52,-5.1,-15.11,5.113,,31,83
6246,臺龍,Technology,Electronic Components,13.1,0.99,0.5,-4.8,0.13,,-64.74,-1.27,-24.34,41.72,,31,72
3489,森寶,Real Estate,Real Estate - Development,20.65,1.37,0.58,-3.5,1.0,,-65.07,-0.86,-54.5,25.852,,31,14
4577,達航科技,Industrials,Specialty Industrial Machinery,20.3,-0.28,-0.39,0.27,-0.95,,-65.37,-1.43,-26.83,14.255,,31,68
1605,華新,Basic Materials,Steel,19.4,0.31,0.44,-5.11,-0.18,,-65.54,0.66,-31.02,45.546,29.85,31,59
9918,欣天然,Utilities,Utilities - Regulated Gas,40.45,0.48,0.92,-2.21,-0.85,,-66.16,1.77,-36.35,11.316,22.85,31,46
8431,匯鑽科,Basic Materials,Specialty Chemicals,40.85,-12.33,-12.33,-0.06,0.02,,-66.2,1.27,-15.51,25.107,32.36,31,82
4995,晶達,Technology,Electronic Components,50.2,-0.75,-0.43,-0.08,-0.94,,-66.38,3.96,-34.38,33.307,12.68,31,51
5604,中連,Industrials,Trucking,37.5,-3.75,-0.79,8.35,0.0,,-66.78,2.53,-41.01,1.449,14.86,31,33
5471,松翰,Technology,Semiconductors,31.75,0.24,0.32,-2.14,-0.22,,-67.02,1.02,-50.23,16.369,31.67,31,18
1781,合世,Healthcare,Medical Devices,14.7,-0.71,-0.41,2.26,-1.5,,-67.07,0.29,-85.17,13.217,50.69,31,5
9921,巨大,Consumer Cyclical,Leisure,108.5,-0.18,-0.15,-1.31,-0.41,,-67.21,2.83,-38.1,183.813,39.05,31,41
6411,晶焱,Technology,Semiconductors,67.8,-0.39,-0.28,-0.11,-0.64,,-67.26,4.06,-43.87,28.039,16.9,31,27
6671,三能-KY,Consumer Defensive,Household & Personal Products,41.05,-0.41,-0.29,-0.27,-0.81,,-67.48,2.86,-39.18,33.645,14.35,31,38
3206,志豐,Technology,Electronic Components,37.4,-0.03,-0.03,-1.52,-0.95,,-67.75,3.47,-39.04,62.889,10.78,31,38
6243,迅杰,Technology,Semiconductors,36.4,2.87,2.87,-2.93,-0.77,,-67.94,0.86,-46.9,15.816,43.37,30,22
2948,寶陞,Consumer Cyclical,Home Improvement Retail,40.65,0.03,0.03,-0.59,-0.62,,-68.23,1.95,-35.55,70.939,20.85,30,48
6645,金萬林-創,Healthcare,Diagnostics & Research,18.55,-0.11,-0.12,0.09,-0.02,,-68.75,-3.04,-38.91,9.173,,30,39
2466,冠西電,Technology,Electronic Components,91.3,-0.43,-0.76,-0.12,-0.26,,-69.97,-0.27,-3.8,6.891,,30,88
4538,大詠城,Industrials,Metal Fabrication,17.6,-1.09,-0.52,34.0,-0.18,,-70.25,0.17,-44.9,5.399,108.24,30,24
6877,鏵友益,Technology,Semiconductor Equipment & Materials,82.3,3.0,3.0,-9.63,-0.6,,-70.55,1.22,3.07,13.504,67.21,30,90
2889,國票金,Financial Services,Capital Markets,16.1,-0.14,-0.12,-0.19,-0.64,,-71.17,0.53,-56.18,2.189,30.57,30,13
9958,世紀鋼,Industrials,Metal Fabrication,203.5,-0.1,-0.09,-0.29,-0.89,,-71.68,5.68,-19.74,51.552,36.36,30,78
2548,華固,Real Estate,Real Estate - Development,115.0,-5.64,-1.22,3.65,-0.68,,-72.04,4.43,-12.43,23.715,26.64,30,85
6180,橘子,Communication Services,Electronic Gaming & Multimedia,74.4,-0.38,-0.28,-3.66,-1.16,,-72.05,10.34,-50.42,60.557,7.21,30,18
1612,宏泰,Industrials,Electrical Equipment & Parts,35.4,0.15,0.18,-1.05,0.03,,-72.25,2.38,-24.04,21.878,14.96,30,73
4721,美琪瑪,Basic Materials,Specialty Chemicals,68.7,0.29,0.41,-2.54,-0.05,,-72.91,3.27,-62.41,27.279,21.53,30,10
6592,和潤企業,Financial Services,Credit Services,66.3,-0.74,-0.43,-0.27,-0.89,,-73.07,4.02,-52.33,34.533,16.57,30,16
5211,蒙恬,Technology,Software - Application,22.85,0.21,0.18,-0.29,-0.33,,-73.17,-1.24,-35.73,5.11,,30,48
3419,譁裕,Technology,Communication Equipment,12.7,0.11,0.1,-2.19,-0.5,,-74.0,-1.37,-23.63,12.982,,30,74
4942,嘉彰,Technology,Electronic Components,38.1,0.17,0.21,-2.26,-0.85,,-74.06,3.67,-40.12,40.482,10.42,30,35
2908,特力,Consumer Cyclical,Home Improvement Retail,19.5,0.0,0.0,-0.33,-0.73,,-74.21,0.55,-45.9,71.629,35.55,30,23
6904,伯鑫,Industrials,Tools & Accessories,127.5,-0.44,-0.31,-0.06,-1.01,,-74.48,9.23,-31.89,49.311,13.65,30,57
6147,頎邦,Technology,Semiconductor Equipment & Materials,54.7,-0.23,-0.19,-0.03,-0.84,,-74.62,4.73,-29.8,28.648,11.56,29,62
7728,光焱科技,Technology,Semiconductors,260.5,-0.79,-0.44,0.07,-1.22,,-74.72,7.5,-25.5,30.901,33.73,29,70
6419,京晨科,Industrials,Security & Protection Services,60.3,-0.58,-0.37,1.23,-1.53,,-74.75,8.09,-23.39,58.555,7.79,29,74
2460,建通,Technology,Electronic Components,17.45,-0.21,-0.27,-139.6,-0.21,,-74.79,-1.49,-34.8,19.722,,29,50
8921,沈氏,Industrials,Specialty Business Services,17.95,-16.0,-16.0,2.5,0.18,,-75.04,-0.2,-34.49,13.713,,29,51
3297,杭特,Industrials,Security & Protection Services,70.9,-2.5,-2.5,0.5,-1.33,,-75.07,-0.17,-33.45,4.814,,29,53
3031,佰鴻,Technology,Electronic Components,17.45,-1.75,-0.64,0.36,-0.9,,-75.27,0.98,-48.28,6.688,18.01,29,20
2462,良得電,Technology,Consumer Electronics,22.1,0.31,0.45,-4.18,-1.1,,-75.58,1.19,-29.39,28.166,18.74,29,63
5512,力麒,Real Estate,Real Estate - Diversified,8.62,0.89,7.82,10.23,-0.57,,-76.39,0.1,-29.4,8.126,87.6,29,63
9945,潤泰新,Industrials,Engineering & Construction,29.55,-0.02,-0.02,-0.18,-0.98,,-76.48,4.84,-37.71,11.659,6.2,29,42
2201,裕隆,Consumer Cyclical,Auto Manufacturers,32.65,-0.95,-0.49,0.05,-0.98,,-76.52,3.27,-50.6,78.883,10.05,29,18
8039,台虹,Technology,Electronic Components,45.65,-0.52,-0.34,-0.87,-0.91,,-76.57,2.11,-30.33,41.748,21.73,29,61
5299,杰力,Technology,Semiconductors,75.0,0.29,0.41,-1.33,-0.63,,-76.78,5.09,-46.05,33.222,14.73,29,23
2641,正德,Industrials,Marine Shipping,17.95,-0.57,-0.36,0.54,-0.86,,-77.08,1.61,-16.18,5.706,11.43,29,82
1708,東鹼,Basic Materials,Chemicals,30.45,-0.07,-0.06,0.01,0.27,,-78.7,4.09,-31.67,25.886,7.53,29,58
3163,波若威,Technology,Communication Equipment,185.0,0.39,0.63,-6.33,-1.75,,-79.13,4.59,-44.96,23.794,40.63,29,24
2337,旺宏,Technology,Semiconductors,20.9,-0.49,-0.97,-0.07,0.23,,-79.35,-1.63,-44.27,14.165,,29,26
5906,台南-KY,Consumer Cyclical,Apparel Manufacturing,49.55,-0.03,-0.03,0.86,-0.89,,-80.16,1.33,-40.16,51.097,36.84,29,35
1434,福懋,Consumer Cyclical,Textile Manufacturing,16.6,-2.09,-0.68,3.07,0.0,,-80.4,0.88,-36.57,17.375,18.75,29,45
6931,青松健康,Healthcare,Medical Care Facilities,50.3,-2.25,-2.25,0.08,-3.2,,-80.61,0.52,-16.25,16.523,97.12,28,82
2719,燦星旅,Consumer Cyclical,Travel Services,40.5,0.45,0.83,-23.0,-1.56,,-81.13,1.02,134.39,34.152,39.56,28,97
1256,鮮活果汁-KY,Consumer Defensive,Beverages - Non-Alcoholic,118.0,-2.38,-0.7,0.53,-0.86,,-82.1,7.94,-53.52,114.279,14.86,28,14
6499,益安,Healthcare,Medical Instruments & Supplies,132.5,0.02,0.02,0.15,0.12,,-82.16,-8.51,74.36,3.772,,28,96
2365,昆盈,Technology,Computer Hardware,33.7,-1.07,-0.52,0.22,-1.29,,-82.5,0.56,-40.85,4.467,61.52,28,33
8906,花王,Industrials,Specialty Business Services,35.5,-1.74,-2.36,29.74,-0.37,,-83.04,-0.29,-38.06,5.535,,28,41
2851,中再保,Financial Services,Insurance - Reinsurance,22.2,0.46,0.84,-2.45,-0.72,,-83.73,2.57,-45.15,26.724,8.77,28,24
6153,嘉聯益,Technology,Electronic Components,13.35,0.48,0.32,-2.27,-0.07,,-84.94,-4.48,-67.14,11.479,,28,8
5388,中磊,Technology,Communication Equipment,96.3,-0.4,-0.28,-0.01,-1.3,,-85.04,6.38,-64.36,175.215,15.02,28,9
6657,華安,Healthcare,Biotechnology,60.0,0.02,0.02,-0.83,-0.98,,-85.09,-3.58,-50.0,0.095,,28,18
8935,邦泰,Basic Materials,Specialty Chemicals,15.5,0.05,0.04,-0.71,-0.47,,-85.16,-0.74,-55.11,4.824,,28,13
4588,玖鼎電力,Industrials,Electrical Equipment & Parts,68.9,-1.06,-0.51,-0.54,-1.3,,-85.3,3.96,-62.29,22.894,17.4,28,10
5519,隆大,Industrials,Engineering & Construction,28.45,0.51,1.06,-1.67,-1.18,,-85.31,3.22,-185.13,20.879,8.99,28,3
3114,好德,Industrials,Industrial Distribution,24.1,0.4,0.65,-1.69,-1.03,,-85.59,1.42,-42.68,42.539,16.13,28,29
2374,佳能,Technology,Electronic Components,52.8,-0.3,-0.23,-0.06,-0.77,,-85.78,1.68,-20.05,22.358,33.1,28,78
6505,台塑化,Energy,Oil & Gas Refining & Marketing,36.5,10.14,10.14,-2.14,-0.36,,-86.4,0.49,-37.73,69.903,73.06,28,42
2408,南亞科,Technology,Semiconductors,47.15,-0.14,-0.16,-0.85,-0.62,,-86.9,-1.93,-75.24,10.268,,28,7
2369,菱生,Technology,Semiconductor Equipment & Materials,14.35,-0.09,-0.1,-2.08,-0.2,,-87.32,-0.92,-52.15,13.961,,28,16
6928,攸泰科技,Technology,Computer Hardware,44.3,5.6,5.6,0.39,-0.43,,-87.63,-0.92,-35.12,24.988,,28,49
2204,中華,Consumer Cyclical,Auto Manufacturers,60.4,-0.14,-0.13,-0.49,-0.99,,-87.76,6.16,-72.72,64.043,9.85,27,7
6182,合晶,Technology,Semiconductor Equipment & Materials,20.8,0.67,2.0,1.68,16.49,,-88.11,0.06,-30.6,16.251,350.0,27,60
6856,鑫傳,Communication Services,Entertainment,53.5,-0.58,-0.37,-0.4,-1.13,,-88.27,3.59,9.25,,15.04,27,92
3003,健和興,Industrials,Electrical Equipment & Parts,48.2,-0.39,-0.28,-0.49,-1.09,,-88.58,3.46,-41.71,29.069,14.68,27,31
8299,群聯,Technology,Semiconductors,493.0,0.24,0.32,-2.55,-1.17,,-88.7,29.58,-53.37,273.888,16.58,27,14
6233,旺玖,Technology,Semiconductors,20.05,-2.75,-1.57,1.25,-0.5,,-89.53,0.34,-33.92,5.308,59.41,27,52
3260,威剛,Technology,Semiconductors,94.7,-0.08,-0.07,-0.28,-1.1,,-89.75,7.27,-46.0,132.434,12.98,27,23
6715,嘉基,Technology,Communication Equipment,112.0,-0.48,-0.32,-0.1,-1.41,,-89.77,4.23,-59.49,32.137,26.48,27,11
6174,安碁,Technology,Electronic Components,20.55,-0.22,-0.18,6.57,0.04,,-89.81,0.75,-23.46,10.005,27.27,27,74
4743,合一,Healthcare,Biotechnology,59.3,1.06,0.51,-2.09,-0.79,,-89.91,-2.57,6.33,0.245,,27,91
1815,富喬,Technology,Electronic Components,37.6,1.2,6.09,-2.0,3.54,,-90.13,0.59,11.61,10.044,64.66,27,92
9912,偉聯,Technology,Electronic Components,11.9,-0.45,-0.82,-0.36,-0.47,,-90.67,-1.14,-45.25,9.345,,27,24
1809,中釉,Industrials,Building Products & Equipment,15.2,-0.7,-0.41,2.0,-1.2,,-91.53,0.27,-40.33,14.366,57.22,27,35
5015,華祺,Industrials,Tools & Accessories,32.65,1.65,2.54,-6.0,-0.55,,-91.59,2.26,-35.16,26.734,14.78,27,49
2451,創見,Technology,Computer Hardware,96.9,0.04,0.04,-1.06,-1.16,,-92.11,4.52,-37.77,24.085,21.64,27,42
1102,亞泥,Basic Materials,Building Materials,41.5,-0.2,-0.16,-1.23,-1.17,,-92.29,3.37,-41.28,22.833,12.42,27,32
8024,佑華,Technology,Semiconductors,13.35,-0.09,-0.1,-1.71,-0.62,,-92.77,-1.36,-60.26,4.846,,27,10
8227,巨有科技,Technology,Semiconductors,172.0,0.31,0.45,-3.35,-1.16,,-93.07,1.43,-22.21,18.615,123.78,27,76
7712,博盛半導體,Technology,Semiconductors,115.0,-0.14,-0.12,-0.36,-1.17,,-93.7,6.82,-42.33,45.884,16.86,27,30
6210,慶生,Technology,Electronic Components,16.7,0.1,0.09,-0.14,0.2,,-94.28,-3.53,-46.55,8.018,,26,22
4543,萬在,Consumer Cyclical,Auto Parts,27.25,0.43,0.75,-5.11,-1.83,,-94.34,1.51,-47.96,13.053,18.25,26,20
1903,士紙,Consumer Defensive,Household & Personal Products,55.3,-3.8,-3.8,3.0,-0.4,,-94.51,-0.1,-53.75,0.593,,26,14
2712,遠雄來,Consumer Cyclical,Resorts & Casinos,22.7,0.42,0.3,1.03,-1.11,,-95.02,-1.52,-47.37,3.273,,26,21
8924,大田,Consumer Cyclical,Leisure,54.6,-0.3,-0.23,-0.89,-0.72,,-95.16,5.13,-57.42,53.824,10.7,26,12
8929,富堡,Consumer Defensive,Household & Personal Products,17.8,-2.8,-2.8,1.85,-2.07,,-95.96,0.39,-33.99,15.647,46.28,26,52
1231,聯華食,Consumer Defensive,Packaged Foods,141.0,-0.42,-0.3,0.06,-1.33,,-96.11,3.61,-31.71,45.785,39.47,26,58
4120,友華,Healthcare,Drug Manufacturers - Specialty & Generic,53.3,-1.16,-7.31,7.23,-0.7,,-96.2,-4.01,-37.49,51.22,,26,43
4770,上品,Basic Materials,Specialty Chemicals,250.5,-0.52,-0.34,0.05,-1.36,,-96.35,17.98,-67.83,74.322,14.04,26,8
3164,景岳,Healthcare,Biotechnology,20.5,0.46,0.86,-1.43,-1.11,,-96.38,0.45,-52.27,4.259,46.22,26,16
8437,大地-KY,Consumer Defensive,Education & Training Services,20.35,-13.4,-13.4,2.23,-0.03,,-96.87,0.3,-58.31,6.298,67.0,26,11
3006,晶豪科,Technology,Semiconductors,49.9,-2.15,-2.15,-0.19,-0.29,,-97.04,1.74,-57.47,46.487,28.91,26,12
6576,逸達,Healthcare,Drug Manufacturers - Specialty & Generic,65.3,0.22,0.18,-1.27,-1.16,,-97.93,-8.89,-25.07,2.998,,26,71
2434,統懋,Technology,Semiconductors,29.35,0.55,1.23,7.09,-2.5,,-98.23,-0.8,-49.6,1.383,,26,18
5220,萬達光電,Technology,Electronic Components,18.9,10.33,10.33,-2.36,-0.53,,-98.32,0.19,-35.56,17.835,100.0,26,48
3591,艾笛森,Technology,Electronic Components,17.05,-0.72,-0.42,-0.45,-1.11,,-98.52,0.9,-33.1,18.308,19.22,26,54
1437,勤益控,Real Estate,Real Estate Services,32.95,-0.79,-0.44,-0.22,-1.38,,-99.04,2.78,-32.22,4.227,11.78,26,56
2020,美亞,Basic Materials,Steel,23.7,-0.11,-0.1,0.25,-1.44,,-99.21,2.22,-62.9,18.391,10.81,26,9
4994,傳奇,Communication Services,Electronic Gaming & Multimedia,95.8,-0.23,-0.18,1.53,-1.5,,-99.77,3.51,-80.83,21.631,27.46,26,6
6578,達邦蛋白,Consumer Defensive,Packaged Foods,19.5,5.0,5.0,-5.0,-2.67,,-100.21,0.09,-75.26,4.427,218.33,25,6
5209,新鼎,Technology,Information Technology Services,113.0,-0.7,-0.41,0.03,-1.4,,-101.25,10.84,-66.7,204.472,10.52,25,8
6425,易發,Technology,Semiconductor Equipment & Materials,42.25,-0.27,-0.37,-22.0,-2.03,,-101.28,-0.73,-64.46,35.265,,25,9
4148,全宇生技-KY,Basic Materials,Agricultural Inputs,44.5,-2.32,-0.7,8.42,-1.2,,-101.32,1.67,-34.08,38.777,27.43,25,52
2739,寒舍,Consumer Cyclical,Lodging,39.9,4.54,4.54,-4.97,-1.94,,-101.36,4.21,-27.33,55.467,9.51,25,67
3141,晶宏,Technology,Semiconductors,57.4,1.59,2.69,-6.37,-0.43,,-102.26,0.95,-47.51,20.092,60.84,25,21
6732,昇佳電子,Technology,Electronic Components,181.0,-0.0,-0.0,-0.14,-1.13,,-103.43,8.69,-48.67,98.773,21.0,25,19
4542,科嶠,Industrials,Specialty Industrial Machinery,59.1,85.0,85.0,-4.0,-0.42,,-103.54,-0.1,-36.01,17.151,,25,47
2514,龍邦,Industrials,Engineering & Construction,16.0,-0.36,-0.26,1.12,-1.42,,-104.01,2.14,-50.78,64.536,7.5,25,17
2442,新美齊,Real Estate,Real Estate - Development,25.3,0.81,4.33,-7.15,-1.28,,-104.85,0.83,-12.08,4.611,30.48,25,85
2511,太子,Real Estate,Real Estate - Development,9.29,-0.37,-0.27,2.4,-1.0,,-105.65,0.15,-45.44,5.22,62.53,25,24
8905,裕國,Consumer Defensive,Packaged Foods,30.8,-0.5,-0.33,-0.03,-1.26,,-105.72,1.11,-46.37,17.506,27.75,25,22
3531,先益,Technology,Semiconductors,23.1,2.59,2.59,-3.38,-1.44,,-105.86,0.79,-52.68,24.995,29.24,25,15
3594,磐儀,Technology,Computer Hardware,39.5,-3.67,-3.67,-2.42,-2.11,,-108.57,0.95,-7.09,17.838,42.53,25,87
6462,神盾,Technology,Software - Infrastructure,123.0,0.02,0.02,-0.16,-0.96,,-109.16,-13.95,-31.91,57.154,,25,57
6643,M31,Technology,Semiconductors,530.0,-0.21,-0.18,-2.94,-1.17,,-109.82,2.49,-16.78,37.731,215.26,25,81
8042,金山電,Technology,Electronic Components,28.9,-2.43,-1.7,-0.04,-1.33,,-110.15,0.56,-33.33,27.272,52.86,25,54
6840,東研信超,Technology,Electronic Components,46.9,11.0,11.0,-3.39,-1.67,,-111.92,0.24,-36.71,28.861,196.04,25,45
9949,琉園,Consumer Defensive,Household & Personal Products,17.8,0.0,0.0,-0.85,-1.4,,-111.95,-1.33,-54.79,3.692,,25,14
2377,微星,Technology,Computer Hardware,141.5,-0.31,-0.23,-0.21,-1.32,,-112.49,6.36,-31.67,241.208,22.41,24,58
2064,晉椿,Basic Materials,Steel,14.1,0.02,0.02,-2.64,-2.14,,-112.66,-0.32,-41.47,24.097,,24,32
4306,炎洲,Basic Materials,Specialty Chemicals,15.6,-0.58,-0.37,-1.77,-1.5,,-113.71,1.07,-42.66,24.49,14.72,24,29
2353,宏碁,Technology,Computer Hardware,29.6,-0.97,-0.49,0.06,-1.35,,-113.83,1.62,-39.11,88.879,18.77,24,38
2348,海悅,Real Estate,Real Estate Services,101.0,-0.33,-0.25,0.55,-1.6,,-114.94,10.71,-54.99,63.388,9.8,24,13
3373,熱映,Healthcare,Medical Devices,19.3,-0.41,-0.68,-1.11,-0.73,,-115.35,-0.85,-48.95,9.801,,24,19
6234,高僑,Industrials,Tools & Accessories,25.2,0.58,1.4,-5.0,-1.53,,-115.44,0.76,-128.84,5.374,32.7,24,4
2501,國建,Real Estate,Real Estate - Development,18.45,0.42,0.71,-3.29,-1.76,,-115.81,1.11,-55.42,18.934,17.07,24,13
4564,元翎,Consumer Cyclical,"Furnishings, Fixtures & Appliances",15.35,-0.04,-0.04,0.27,0.36,,-115.85,-1.56,-2.53,6.222,,24,89
6214,精誠,Technology,Information Technology Services,108.0,-0.39,-0.28,-0.04,-1.63,,-117.59,6.02,-38.85,147.754,18.36,24,39
3095,及成,Technology,Electronic Components,30.1,-0.03,-0.03,-2.08,-2.28,,-117.94,-0.98,-33.86,59.549,,24,52
4934,太極,Technology,Solar,10.15,0.22,0.18,-2.25,0.07,,-118.36,-2.06,-310.61,1.391,,24,2
6570,維田,Technology,Computer Hardware,37.25,-0.48,-0.32,0.59,-1.41,,-118.73,1.27,-45.83,23.402,29.37,24,23
8131,福懋科,Technology,Semiconductors,27.35,0.1,0.11,-1.29,-1.32,,-120.58,1.58,-45.19,19.907,17.69,24,24
6640,均華,Technology,Semiconductors,728.0,-0.12,-0.11,-0.12,-2.01,,-121.17,10.77,-71.8,77.243,67.6,24,7
2329,華泰,Technology,Semiconductors,37.55,0.04,0.04,-1.0,-1.59,,-121.78,1.23,-41.06,29.135,30.61,24,33
2380,虹光,Technology,Computer Hardware,3.77,29.5,1.04,-3.3,-0.5,,-123.21,-2.01,-62.64,10.851,,24,9
6538,倉和,Technology,Electronic Components,87.2,-0.21,-0.17,-1.54,-1.86,,-123.65,7.08,-50.82,56.226,12.6,24,17
8163,達方,Technology,Electronic Components,34.85,-1.12,-0.53,0.1,-1.48,,-123.75,1.9,-37.96,79.11,18.39,24,41
3556,禾瑞亞,Technology,Semiconductors,35.4,0.21,0.26,-1.11,-1.2,,-125.54,1.79,-50.65,14.731,19.58,23,17
5011,久陽,Industrials,Tools & Accessories,12.95,-0.06,-0.06,-4.54,-0.8,,-125.74,-0.48,-5.86,45.718,,23,88
1446,宏和,Consumer Cyclical,Textile Manufacturing,23.9,-5.3,-0.84,1.38,-4.07,,-127.76,8.11,-48.52,23.62,2.9,23,19
6282,康舒,Industrials,Electrical Equipment & Parts,24.8,2.1,0.68,-2.62,1.0,,-128.06,-0.02,-35.95,36.948,,23,47
2457,飛宏,Industrials,Electrical Equipment & Parts,19.95,-6.33,-6.33,1.4,-3.06,,-128.14,-0.01,-43.59,25.078,,23,27
6488,環球晶,Technology,Semiconductors,308.5,-0.51,-0.34,0.03,-1.66,,-128.52,15.7,-37.15,132.071,20.35,23,44
3587,閎康,Technology,Scientific & Technical Instruments,184.5,-1.39,-0.58,-0.15,-1.78,,-128.97,8.08,-32.83,77.481,22.65,23,55
3518,柏騰,Industrials,Specialty Industrial Machinery,16.35,-0.16,-0.19,-0.24,-0.65,,-129.16,-2.53,-56.78,3.784,,23,12
2104,國際中橡,Basic Materials,Specialty Chemicals,10.35,-1.03,-31.62,379.63,0.04,,-129.67,-2.83,-42.74,18.672,,23,29
3548,兆利,Technology,Electronic Components,112.0,-0.14,-0.12,-1.28,-1.94,,-129.88,6.71,-29.65,148.696,16.62,23,62
4968,立積,Technology,Semiconductors,117.0,5.22,5.22,-5.42,-0.11,,-130.33,1.71,-45.76,40.304,71.05,23,23
1539,巨庭,Industrials,Specialty Industrial Machinery,19.95,0.79,3.67,-12.67,-1.56,,-130.6,1.02,-56.27,20.063,19.41,23,13
5201,凱衛,Technology,Software - Application,43.05,-0.25,-0.32,-4.6,-2.03,,-130.64,1.64,-67.16,7.779,26.16,23,8
2012,春雨,Basic Materials,Steel,18.6,-0.33,-0.25,-2.67,-1.56,,-130.76,0.81,-40.85,33.107,22.78,23,33
5344,立衛,Technology,Semiconductors,12.85,-25.0,-25.0,-0.23,-2.25,,-130.79,0.28,-54.07,4.266,45.89,23,14
1776,展宇,Basic Materials,Chemicals,15.75,-0.32,-0.24,0.28,-0.71,,-130.88,0.67,-38.25,20.881,23.51,23,41
1702,南僑,Consumer Defensive,Packaged Foods,40.65,-0.05,-0.05,-0.89,-1.79,,-131.92,3.14,-34.38,96.782,13.01,23,51
6451,訊芯-KY,Technology,Semiconductors,143.5,-1.16,-7.06,-9.5,-0.3,,-132.37,0.16,38.5,58.766,903.12,23,95
6589,台康生技,Healthcare,Biotechnology,61.9,0.31,0.24,-0.17,-0.53,,-132.49,-2.46,-60.29,3.181,,23,10
5309,系統電,Technology,Scientific & Technical Instruments,37.55,4.0,4.0,-2.4,-1.92,,-132.61,0.38,-38.34,16.155,99.47,22,40
1449,佳和,Consumer Cyclical,Textile Manufacturing,12.0,0.12,0.14,-1.29,-1.78,,-132.63,0.61,-63.53,27.013,21.64,22,9
8071,能率網通,Technology,Computer Hardware,16.9,-0.3,-0.43,-0.61,-1.34,,-134.23,-1.34,-36.57,39.976,,22,45
6533,晶心科,Technology,Semiconductor Equipment & Materials,265.0,-0.97,-27.75,37.5,-1.26,,-135.07,-1.22,-15.09,28.423,,22,83
3360,尚立,Technology,Electronics & Computer Distribution,11.75,-0.15,-0.18,-10.0,-0.76,,-136.34,-0.62,-31.03,85.02,,22,59
5483,中美晶,Technology,Semiconductor Equipment & Materials,97.9,-0.49,-0.33,-0.25,-1.86,,-140.19,6.94,-39.0,133.965,14.19,22,38
6733,博晟生醫,Healthcare,Biotechnology,30.05,-0.04,-0.04,0.12,-2.0,,-140.21,-1.13,42.8,1.456,,22,95
5230,雷笛克光學,Technology,Electronic Components,19.35,-2.77,-2.77,0.64,-3.33,,-140.32,-0.08,-45.85,27.227,,22,23
9950,萬國通,Consumer Cyclical,Footwear & Accessories,11.65,0.17,0.2,-2.2,-2.29,,-140.4,0.7,-33.75,14.985,16.79,22,53
1789,神隆,Healthcare,Drug Manufacturers - Specialty & Generic,16.4,0.33,0.5,-2.0,-2.0,,-140.68,0.31,-56.3,4.059,53.71,22,12
8916,光隆,Consumer Cyclical,Textile Manufacturing,49.9,-0.88,-0.47,-0.8,-1.97,,-140.94,3.36,-33.13,53.347,14.7,22,54
3037,欣興,Technology,Electronic Components,125.5,-0.05,-0.05,-0.59,-1.67,,-141.43,2.27,-29.25,78.256,55.07,22,63
3663,鑫科,Industrials,Metal Fabrication,61.7,0.5,1.0,-4.67,-1.89,,-142.55,0.5,-28.25,49.536,126.2,22,65
1597,直得,Industrials,Electrical Equipment & Parts,79.3,0.03,0.03,-0.47,-1.56,,-142.63,0.82,-47.59,11.871,99.02,22,21
2392,正崴,Technology,Electronic Components,52.4,-2.26,-0.69,1.57,-2.07,,-142.95,3.04,-29.8,217.791,17.99,22,62
8933,愛地雅,Consumer Cyclical,Leisure,5.92,-0.19,-0.23,-0.87,-2.14,,-143.43,-0.89,-35.07,8.625,,22,49
6754,匯僑設計,Industrials,Consulting Services,58.1,-2.38,-0.7,-0.46,-2.1,,-143.52,5.76,-75.84,71.042,10.09,22,6
3306,鼎天,Technology,Scientific & Technical Instruments,38.85,-2.07,-1.94,-2.36,-2.6,,-143.74,2.52,-39.17,19.651,15.62,22,38
5356,協益,Technology,Electronic Components,25.1,0.46,0.85,-4.7,-3.22,,-143.75,1.29,-39.22,37.677,19.57,22,38
4939,亞電,Technology,Electronic Components,19.35,-0.42,-0.29,1.75,-1.17,,-144.18,0.12,-46.85,15.479,161.67,21,22
3122,笙泉,Technology,Semiconductors,29.15,-0.16,-0.2,-0.12,-0.29,,-144.67,-1.57,-44.33,9.163,,21,26
4935,茂林-KY,Technology,Electronic Components,38.35,-0.54,-0.35,-0.65,-1.7,,-144.67,3.5,-46.94,53.784,10.96,21,22
2634,漢翔,Industrials,Aerospace & Defense,41.7,-0.02,-0.02,-1.35,-2.4,,-146.52,1.7,-60.18,38.542,24.76,21,10
5603,陸海,Industrials,Integrated Freight & Logistics,20.35,-0.32,-0.24,-2.87,-1.5,,-148.21,1.02,-51.41,16.803,20.1,21,17
1410,南染,Consumer Cyclical,Textile Manufacturing,34.75,-0.12,-0.11,0.0,-1.75,,-148.51,0.43,-55.88,3.686,80.81,21,13
6207,雷科,Technology,Electronic Components,43.15,0.4,0.68,-2.43,-2.0,,-151.2,1.4,-44.41,17.001,31.25,21,25
9929,秋雨,Industrials,Specialty Business Services,14.6,0.32,0.24,-3.0,-0.22,,-151.45,-0.16,-39.34,6.443,,21,37
3499,環天科,Technology,Scientific & Technical Instruments,13.65,-0.28,-0.39,-0.38,-6.33,,-152.22,-0.36,-43.49,7.879,,21,27
1217,愛之味,Consumer Defensive,Packaged Foods,10.5,-10.5,-10.5,-0.04,-2.19,,-152.97,0.23,-37.3,10.396,46.09,21,43
6823,濾能,Industrials,Pollution & Treatment Controls,41.0,0.13,0.11,-0.3,-0.23,,-153.23,-7.25,-22.06,21.645,,21,76
5351,鈺創,Technology,Semiconductor Equipment & Materials,25.7,-0.28,-0.4,0.13,0.07,,-153.73,-1.77,-71.56,10.379,,21,7
5864,致和證,Financial Services,Capital Markets,11.6,-1.08,-12.77,-29.2,-2.22,,-153.78,-0.14,-43.89,0.418,,21,27
5484,慧友,Industrials,Security & Protection Services,34.8,-0.17,-0.21,-8.0,-2.05,,-153.89,-1.34,-36.81,6.943,,21,45
9946,三發地產,Real Estate,Real Estate - Diversified,20.0,-8000000.0,-8000000.0,-4.5,-2.5,,-155.25,0.95,-637.37,5.389,21.16,21,2
6199,天品,Technology,Computer Hardware,99.9,-2.22,-1.82,2.87,-1.0,,-156.51,0.51,-29.22,1.571,200.0,21,63
3015,全漢,Industrials,Electrical Equipment & Parts,55.3,-1.9,-0.66,1.18,-2.05,,-156.55,1.74,-36.0,63.687,32.76,21,47
3356,奇偶,Industrials,Security & Protection Services,49.05,-1.22,-5.6,-14.2,-2.51,,-156.72,2.91,-56.36,13.068,16.91,21,12
3071,協禧,Industrials,Electrical Equipment & Parts,17.95,-3.0,-0.75,-1.07,-2.0,,-157.24,0.77,-40.84,22.443,23.25,20,34
2809,京城銀,Financial Services,Banks - Regional,53.3,0.0,0.0,-0.91,-2.19,,-157.38,3.25,-65.77,6.79,16.52,20,8
6903,巨漢,Industrials,Engineering & Construction,111.5,-0.34,-0.25,-0.74,-2.19,,-158.06,7.06,-100.0,38.073,15.86,20,5
1586,和勤,Industrials,Metal Fabrication,26.0,-1.06,-17.05,-7.0,-2.0,,-158.44,-0.23,-53.34,29.549,,20,15
2359,所羅門,Technology,Electronic Components,131.5,2.86,1.54,-3.36,-2.0,,-158.81,0.7,-4.65,22.938,192.14,20,88
1536,和大,Consumer Cyclical,Auto Parts,53.0,-0.1,-0.12,-3.0,-2.16,,-163.99,0.01,-55.12,19.753,5410.0,20,13
6179,亞通,Industrials,Engineering & Construction,27.55,6.37,1.19,-1.24,-0.75,,-164.2,-0.01,-5.71,38.991,,20,88
1810,和成,Consumer Cyclical,"Furnishings, Fixtures & Appliances",14.45,-3.57,-3.57,0.78,-0.5,,-164.41,0.16,-41.13,16.067,91.88,20,33
1308,亞聚,Basic Materials,Specialty Chemicals,11.15,-0.05,-0.06,-2.0,-0.25,,-165.52,-1.34,-46.97,10.113,,20,22
4550,長佳,Industrials,Engineering & Construction,25.0,-1.67,-0.62,12.14,-2.5,,-165.89,2.69,-108.15,27.943,9.29,20,4
2362,藍天,Technology,Computer Hardware,44.9,0.59,1.45,-5.18,-2.3,,-167.42,2.04,-62.27,43.059,22.08,20,10
3372,典範,Technology,Semiconductors,13.2,0.09,0.08,-1.41,-1.19,,-168.67,-1.23,-47.0,5.22,,20,21
4534,慶騰,Industrials,Metal Fabrication,15.6,-0.33,-0.5,-2.25,-3.0,,-168.73,-0.01,-43.3,9.73,,20,28
6958,日盛台駿,Financial Services,Credit Services,22.4,-6.45,-6.45,-0.22,-2.03,,-168.87,0.52,-33.94,19.127,43.08,20,52
4510,高鋒,Industrials,Specialty Industrial Machinery,45.35,-7.0,-1.17,-1.77,-3.0,,-171.91,1.02,-54.66,15.188,45.49,20,14
1617,榮星,Technology,Electronics & Computer Distribution,16.0,-0.04,-0.05,-3.55,-2.25,,-172.3,0.27,-35.7,20.886,59.26,20,48
1304,台聚,Basic Materials,Specialty Chemicals,9.22,0.03,0.02,-1.7,-0.59,,-173.27,-2.22,-43.19,47.684,,20,28
4561,健椿,Industrials,Metal Fabrication,40.6,-0.74,-0.43,-1.0,-2.48,,-173.55,2.62,-60.83,19.385,16.03,20,10
8046,南電,Technology,Electronic Components,140.0,0.56,1.28,-1.0,2.33,,-174.3,0.88,-33.63,52.062,160.8,20,53
2464,盟立,Industrials,Specialty Industrial Machinery,53.5,-2.0,-0.67,0.44,-2.0,,-174.76,0.49,-29.2,39.057,111.84,19,63
1474,弘裕,Consumer Cyclical,Textile Manufacturing,12.7,1.12,9.5,-18.0,-2.44,,-176.97,0.37,-40.17,24.45,34.59,19,35
5508,永信建,Real Estate,Real Estate - Development,123.5,-1.33,-0.57,0.03,-2.63,,-178.22,12.59,-190.09,36.194,9.93,19,3
8112,至上,Technology,Semiconductors,42.2,-1.35,-0.57,-0.5,-2.37,,-178.32,2.74,-50.99,436.813,15.42,19,17
8183,精星,Technology,Electronic Components,25.65,-1.96,-0.66,-0.05,-2.46,,-178.94,2.93,-15.88,63.478,8.96,19,82
4123,晟德,Healthcare,Drug Manufacturers - Specialty & Generic,37.1,0.33,0.5,4.8,2.03,,-179.14,-0.07,-20.07,2.274,,19,78
3339,泰谷,Technology,Semiconductors,35.8,-1.83,-2.2,-2.0,-2.06,,-179.73,-0.08,-48.68,9.343,,19,19
4413,飛寶企業,Consumer Cyclical,Apparel Manufacturing,19.2,-0.16,-0.19,-5.0,-2.04,,-181.55,-0.44,-18.78,14.033,,19,79
9914,美利達,Consumer Cyclical,Leisure,101.5,-0.32,-0.25,0.05,0.01,,-181.65,-2.33,-66.0,104.893,,19,8
3564,其陽,Technology,Computer Hardware,64.1,-6.17,-0.86,1.35,-2.33,,-182.12,0.82,-25.92,39.977,79.63,19,69
1438,三地開發,Real Estate,Real Estate - Diversified,38.6,0.17,0.15,-0.34,-2.36,,-182.67,-1.8,1606666666667173.8,12.095,,19,99
6695,芯鼎,Technology,Semiconductors,41.95,-0.41,-0.68,0.33,-2.09,,-183.02,-0.89,-33.36,10.927,,19,53
1454,台富,Consumer Cyclical,Textile Manufacturing,14.9,-0.98,-40.58,-106.63,-3.29,,-183.3,-0.13,-36.93,13.413,,19,44
8054,安國,Technology,Computer Hardware,118.5,-0.13,-0.15,-2.44,-1.12,,-183.35,-2.62,-38.55,22.199,,19,40
8938,明安,Consumer Cyclical,Leisure,63.2,1.26,4.85,-5.64,0.44,,-183.83,8.33,-28.82,104.957,7.65,19,64
3354,律勝,Technology,Electronic Components,16.4,0.23,0.19,-1.44,-2.75,,-183.97,-0.45,-60.14,1.741,,19,11
1904,正隆,Basic Materials,Paper & Paper Products,18.25,0.23,0.3,-1.8,-2.12,,-184.76,0.37,-38.41,40.931,49.59,19,40
1303,南亞,Basic Materials,Specialty Chemicals,27.3,0.71,2.5,-21.0,-1.67,,-185.01,0.32,-37.68,33.607,83.91,19,42
1417,嘉裕,Consumer Cyclical,Apparel Retail,7.95,0.83,0.45,0.0,-2.0,,-185.13,-0.85,-275.58,2.214,,19,2
4919,新唐,Technology,Semiconductors,69.9,2.85,2.85,-4.0,-0.87,,-185.62,0.07,-43.65,75.803,1025.71,18,27
6957,裕慶-KY,Consumer Cyclical,"Furnishings, Fixtures & Appliances",155.0,-0.15,-0.13,-0.48,-2.94,,-185.63,10.82,-55.14,70.816,14.37,18,13
1236,宏亞,Consumer Defensive,Confectioners,21.6,1.4,3.5,29.0,-0.5,,-185.92,-0.31,-45.66,22.154,,18,23
6217,中探針,Technology,Electronic Components,27.3,-0.58,-1.36,1.95,-0.46,,-187.51,-2.81,-16.62,33.622,,18,81
4943,康控-KY,Technology,Electronic Components,9.99,-0.43,-0.74,1.55,-3.88,,-187.69,-2.18,-51.63,12.65,,18,16
2344,華邦電,Technology,Semiconductors,18.5,-0.98,-56.72,-194.53,-1.18,,-191.25,0.01,-42.63,18.596,1855.0,18,29
2431,聯昌,Technology,Electronic Components,10.7,0.18,0.15,-0.07,0.73,,-191.48,-0.56,-48.71,3.777,,18,19
6154,順發,Technology,Electronics & Computer Distribution,14.25,-0.25,-0.2,13.0,-0.25,,-191.82,0.01,-39.18,47.06,1425.0,18,38
6582,申豐,Basic Materials,Specialty Chemicals,33.05,-3.63,-1.38,1.54,0.53,,-192.08,1.07,-51.06,16.99,31.12,18,17
3188,鑫龍騰,Real Estate,Real Estate - Development,28.1,-1.18,-0.54,0.72,-2.82,,-192.38,1.6,-233.59,5.521,17.72,18,3
3138,耀登,Technology,Communication Equipment,86.6,-2.98,-1.51,0.21,-2.57,,-192.46,2.5,-46.71,33.117,35.2,18,22
1312A,國喬特,Basic Materials,Chemicals,21.7,-0.36,-0.55,-0.26,-0.39,,-193.41,-1.59,6.43,17.045,,18,91
1312,國喬,Basic Materials,Chemicals,9.11,-0.36,-0.55,-0.26,-0.39,,-193.41,-1.59,6.43,17.045,,18,91
8044,網家,Consumer Cyclical,Internet Retail,31.8,0.27,0.21,-0.61,-0.46,,-194.52,-4.33,-47.91,241.204,,18,20
6756,威鋒電子,Technology,Electronic Components,91.0,-0.41,-0.29,-0.79,-2.17,,-194.73,1.74,-48.73,24.437,53.74,18,19
3685,元創精密,Consumer Cyclical,Auto Parts,11.2,-0.25,-0.33,0.67,-0.15,,-195.05,-0.55,-49.19,15.334,,18,18
1714,和桐,Basic Materials,Chemicals,7.53,0.0,0.0,5.0,-2.62,,-195.5,0.2,-28.97,21.209,38.0,18,64
4580,捷流閥業,Industrials,Specialty Industrial Machinery,79.4,-0.46,-0.32,-0.98,-2.84,,-199.61,6.56,-42.71,54.487,12.2,18,29
6456,GIS-KY,Technology,Electronic Components,40.35,-0.11,-0.12,0.18,-2.4,,-199.85,0.1,-48.6,207.333,410.5,18,19
3380,明泰,Technology,Communication Equipment,27.6,-0.6,-1.5,-10.8,-2.67,,-201.59,0.08,-52.71,38.373,350.62,17,15
2939,永邑-KY,Industrials,Conglomerates,27.5,0.94,0.49,1.06,-2.54,,-202.26,-3.96,-22.88,7.346,,17,75
2062,橋椿,Industrials,Building Products & Equipment,24.2,-0.5,-0.33,-1.82,-2.84,,-202.64,2.17,-62.89,35.54,11.29,17,9
1608,華榮,Industrials,Electrical Equipment & Parts,26.2,0.3,0.42,-1.5,-0.86,,-202.68,1.22,-33.58,27.186,22.21,17,53
6021,美好證,Financial Services,Capital Markets,20.7,-0.79,-3.86,-4.57,-2.69,,-202.84,-0.52,-47.93,2.716,,17,20
2704,國賓,Consumer Cyclical,Lodging,42.05,-0.07,-0.08,-44.5,-5.09,,-203.84,-2.58,-37.17,3.612,,17,44
1259,安心,Consumer Cyclical,Restaurants,56.3,0.35,0.54,-7.23,-2.74,,-204.76,1.31,-38.35,186.106,42.98,17,40
3086,華義,Communication Services,Electronic Gaming & Multimedia,155.5,43.0,43.0,-2.61,-2.48,,-205.15,0.16,-47.43,5.785,990.62,17,21
4702,中美實,Basic Materials,Specialty Chemicals,10.7,-1.4,-3.5,3.33,-2.72,,-205.37,0.09,-114.27,2.281,118.89,17,4
6952,大武山,Consumer Defensive,Farm Products,48.25,-1.43,-3.34,0.26,-3.29,,-206.79,-0.91,-66.99,16.591,,17,8
9928,中視,Communication Services,Broadcasting,16.25,-0.27,-0.37,-4.2,-4.14,,-208.06,-1.15,-44.38,13.682,,17,25
5450,南良,Consumer Cyclical,Textile Manufacturing,14.35,-0.89,-0.47,0.19,-2.44,,-208.28,0.68,-42.58,21.806,21.4,17,29
6230,尼得科超眾,Technology,Electronic Components,130.5,-0.35,-0.54,-2.32,-2.45,,-208.62,0.18,-32.73,97.421,713.89,17,55
2002A,中鋼特,Basic Materials,Steel,40.4,3.0,3.0,-10.0,-1.0,,-209.17,0.11,-51.37,22.947,367.27,17,17
2002,中鋼,Basic Materials,Steel,18.95,3.0,3.0,-10.0,-1.0,,-209.17,0.11,-51.37,22.947,171.82,17,17
8107,大億金茂,Consumer Cyclical,Auto Parts,15.85,0.04,0.04,-2.61,-3.12,,-209.72,1.0,-28.38,12.827,16.1,17,65
6016,康和證,Financial Services,Capital Markets,11.75,-0.65,-1.82,-5.15,-2.55,,-209.85,0.08,-104.4,3.758,150.62,17,4
3691,碩禾,Technology,Solar,67.3,0.42,0.3,-9.88,-3.0,,-211.9,-7.15,-87.98,62.317,,17,5
2483,百容,Industrials,Electrical Equipment & Parts,17.1,-10.33,-10.33,-0.5,-2.42,,-213.07,0.06,-41.71,16.575,285.83,17,31
2230,泰茂,Consumer Cyclical,Auto Parts,101.0,-3.53,-0.78,-0.38,-10.0,,-213.51,3.76,25.64,32.881,26.99,16,94
6129,普誠,Technology,Semiconductors,10.0,-0.07,-0.07,-0.46,-2.13,,-213.66,-1.32,-73.19,5.846,,16,7
8088,品安,Technology,Computer Hardware,31.5,2.38,1.72,0.12,-0.62,,-214.15,0.08,-41.15,18.017,385.0,16,33
4157,太景*-KY,Healthcare,Biotechnology,8.2,1.17,0.54,-2.11,-2.0,,-215.48,-0.07,-391.05,0.211,,16,2
2436,偉詮電,Technology,Semiconductors,49.35,0.27,0.37,-5.37,-2.5,,-215.84,1.18,-28.58,18.381,42.37,16,65
1101,台泥,Basic Materials,Building Materials,24.0,-2.5,-0.71,0.68,-2.71,,-217.74,1.24,-10.28,21.779,19.19,16,86
6112,邁達特,Technology,Information Technology Services,57.5,0.15,0.18,46.63,-2.4,,-218.43,-0.12,-34.39,97.437,,16,51
2302,麗正,Technology,Semiconductor Equipment & Materials,15.1,-4.33,-4.33,-1.37,-3.2,,-219.72,0.59,-18.67,4.833,26.61,16,79
1506,正道,Consumer Cyclical,Auto Parts,11.55,-1.5,-0.6,1.0,-3.0,,-221.75,0.11,-39.36,3.459,104.09,16,37
1907,永豐餘,Basic Materials,Paper & Paper Products,23.5,-3.11,-1.47,46.0,-2.89,,-223.26,0.72,-40.12,47.314,32.15,16,35
8027,鈦昇,Industrials,Specialty Industrial Machinery,81.6,-0.2,-0.25,-2.23,-0.97,,-225.03,-0.79,-41.78,16.145,,16,31
2611,志信,Industrials,Marine Shipping,16.65,-4.37,-4.37,-0.16,-3.24,,-225.5,-0.01,-41.21,3.638,,16,33
6719,力智,Technology,Semiconductors,206.5,0.76,3.2,-4.35,0.05,,-228.34,2.46,-37.72,37.97,84.15,16,42
6101,寬魚國際,Technology,Electronic Components,37.35,3.67,1.37,-3.0,-3.67,,-229.45,0.17,38.23,5.303,219.71,16,95
3066,李洲,Technology,Electronic Components,14.3,-1.97,-2.03,-3.16,-3.13,,-229.72,0.59,-47.67,2.652,24.24,16,21
6020,大展證,Financial Services,Capital Markets,18.9,-1.43,-3.33,-15.33,-2.82,,-230.69,0.24,-764.67,0.87,78.75,16,2
2035,唐榮,Basic Materials,Steel,30.8,-0.26,-0.35,-17.0,-1.35,,-230.89,-2.89,-46.11,34.577,,16,22
4960,誠美材,Technology,Electronic Components,13.75,0.0,0.0,-40.0,-2.95,,-234.01,-1.08,-35.03,15.999,,16,49
2606,裕民,Industrials,Marine Shipping,48.6,-2.91,-0.74,0.28,-3.33,,-234.08,4.68,-45.85,18.854,10.73,16,23
6222,上揚,Consumer Cyclical,"Furnishings, Fixtures & Appliances",20.95,0.38,0.28,-4.75,-3.33,,-235.14,-0.51,-367.65,0.067,,15,2
2702,華園,Consumer Cyclical,Lodging,13.05,20.0,20.0,-2.21,-0.38,,-236.85,0.18,-27.18,9.351,72.5,15,67
6929,佑全,Consumer Defensive,Packaged Foods,33.1,0.34,0.25,-4.87,-2.04,,-237.83,-1.64,-39.48,72.804,,15,36
8101,,Technology,Communication Equipment,14.55,-0.52,-1.1,3.35,1.07,,-238.23,-1.42,51.17,3.696,,15,95
5522,遠雄,Real Estate,Real Estate - Development,64.3,-3.69,-1.37,0.15,-3.33,,-241.59,3.47,-328.35,25.224,18.73,15,2
2734,易飛網,Consumer Cyclical,Travel Services,21.2,-2.34,-2.34,-10.14,-4.3,,-245.86,0.7,-13.65,31.685,30.86,15,84
1762,中化生,Healthcare,Biotechnology,26.1,12.0,12.0,-3.45,-3.0,,-247.25,0.55,-65.21,25.471,50.55,15,8
4739,康普,Basic Materials,Specialty Chemicals,50.7,-5.18,-5.18,-0.41,-2.96,,-247.84,0.71,-50.63,34.593,72.39,15,17
6654,天正國際,Industrials,Specialty Industrial Machinery,77.0,-0.2,-0.24,0.72,-1.59,,-248.58,-2.71,-29.47,9.449,,15,63
4905,台聯電,Technology,Communication Equipment,62.9,2.4,1.71,-2.18,-3.86,,-248.74,1.49,31.14,21.254,40.74,15,94
2923,鼎固-KY,Real Estate,Real Estate - Development,24.15,-1.5,-3.0,9.33,-3.47,,-250.17,-0.08,-305.41,2.989,,15,2
2444,兆勁,Technology,Communication Equipment,11.2,0.33,0.25,-0.76,-3.57,,-250.31,-0.49,-46.71,13.543,,15,22
9933,中鼎,Industrials,Engineering & Construction,26.85,-1.9,-2.12,-0.62,-3.62,,-251.35,0.3,-54.06,140.857,89.33,15,14
2732,六角,Consumer Defensive,Beverages - Non-Alcoholic,77.3,-2.29,-0.7,-0.03,-3.73,,-251.94,3.83,-42.8,87.205,20.26,15,29
3632,研勤,Technology,Software - Application,10.45,-3.0,-3.0,3.75,-5.0,,-255.33,-0.39,-66.15,8.452,,15,8
2031,新光鋼,Basic Materials,Steel,37.6,0.49,0.33,-3.17,-3.18,,-256.65,1.14,-8.88,50.341,33.42,15,87
1587,吉茂,Consumer Cyclical,Auto Parts,28.05,4.91,1.26,3.23,-3.0,,-257.43,-0.5,-32.37,29.719,,15,56
3011,今皓,Technology,Electronic Components,12.4,0.04,0.04,-0.78,-1.03,,-258.01,-2.58,-53.07,9.93,,15,15
8440,綠電,Industrials,Waste Management,28.7,-2.5,-1.67,-2.14,-3.5,,-258.15,0.41,-29.42,22.903,71.71,15,63
5223,安力-KY,Industrials,Metal Fabrication,26.4,-3.5,-3.5,3.56,6.6,,-259.93,-0.21,-18.28,40.039,,14,80
3707,漢磊,Technology,Semiconductors,33.45,-0.11,-0.12,-0.29,-0.83,,-261.93,-1.77,-51.88,15.69,,14,16
3550,聯穎,Industrials,Electrical Equipment & Parts,13.9,0.83,0.45,-16.0,-0.68,,-262.25,-2.16,-36.96,39.952,,14,44
3050,鈺德,Technology,Consumer Electronics,12.85,-0.5,-0.33,2.0,-3.67,,-262.72,0.22,-38.02,8.059,60.91,14,41
2243,宏旭-KY,Consumer Cyclical,Auto Parts,11.5,-0.24,-0.32,-10.25,-5.36,,-262.86,-0.51,-28.39,27.877,,14,65
6109,亞元,Industrials,Electrical Equipment & Parts,10.45,0.06,0.06,-0.42,-2.55,,-267.9,-1.93,-60.62,10.113,,14,10
6494,九齊,Technology,Semiconductors,33.6,-6.5,-6.5,-6.18,-3.1,,-270.0,1.68,-56.99,41.197,20.3,14,12
2338,光罩,Technology,Semiconductor Equipment & Materials,27.1,-0.11,-0.12,0.2,-3.63,,-271.18,-6.69,-46.02,34.352,,14,23
1598,岱宇,Consumer Cyclical,Leisure,21.45,0.35,0.26,-0.26,-3.23,,-272.47,-0.26,-42.96,46.17,,14,28
6770,力積電,Technology,Semiconductors,15.6,0.83,0.45,-0.47,-1.36,,-272.89,-1.79,-44.01,10.827,,14,26
1452,宏益,Consumer Cyclical,Textile Manufacturing,11.4,-3.5,-3.5,-6.2,-3.5,,-273.73,0.57,-38.86,12.956,20.09,14,39
1220,台榮,Consumer Defensive,Packaged Foods,13.95,-2.2,-1.83,-0.26,-3.9,,-275.86,0.78,-38.7,19.735,17.88,14,40
1301,台塑,Basic Materials,Specialty Chemicals,34.5,25.0,1.04,-3.33,-2.0,,-278.03,-0.21,-44.82,31.282,,14,25
2545,皇翔,Real Estate,Real Estate - Diversified,41.95,-4.21,-0.81,0.35,-4.23,,-281.22,7.38,-73.39,34.826,5.73,14,7
1321,大洋,Basic Materials,Specialty Chemicals,35.4,-0.31,-0.45,-3.91,-3.52,,-281.76,0.02,-51.95,20.673,1787.5,14,16
2332,友訊,Technology,Communication Equipment,17.3,-29.0,-29.0,6.5,-2.11,,-282.12,-0.13,-45.1,23.686,,14,24
6693,廣閎科,Technology,Semiconductors,57.7,-17.67,-17.67,-3.04,-4.43,,-282.68,2.09,-22.61,25.437,27.94,14,75
2429,銘旺科,Technology,Electronic Components,60.3,0.6,0.37,0.64,0.57,,-284.22,-2.1,8.36,5.112,,14,91
6111,大宇資,Communication Services,Electronic Gaming & Multimedia,48.7,-0.72,-2.61,-5.5,-4.5,,-284.96,0.05,3.96,50.002,991.0,14,91
3646,艾恩特,Technology,Electronic Components,29.25,-5.5,-0.85,-0.37,-4.0,,-285.18,1.21,-55.76,19.578,24.17,13,13
6168,宏齊,Technology,Semiconductors,15.35,-1.5,-0.6,3.0,-1.0,,-287.55,0.02,-43.78,10.076,797.5,13,27
4304,勝昱,Consumer Cyclical,Packaging & Containers,10.8,-0.15,-0.18,0.32,-3.6,,-289.61,-1.6,-34.09,10.674,,13,52
1235,興泰,Consumer Defensive,Farm Products,68.0,-2.37,-0.7,0.21,-2.42,,-291.17,-0.21,17.24,1.365,,13,93
5488,松普,Industrials,Electrical Equipment & Parts,9.07,-0.75,-0.43,-0.8,2.0,,-294.53,0.05,-38.28,9.318,177.8,13,41
6294,智基,Technology,Electronic Components,50.8,4.5,1.29,-3.64,-3.5,,-294.67,1.5,-37.36,43.091,34.27,13,43
9940,信義,Real Estate,Real Estate Services,25.6,-1.79,-0.64,-0.67,-4.17,,-294.88,1.92,-72.56,16.089,13.7,13,7
6830,汎銓,Technology,Semiconductor Equipment & Materials,124.5,-1.85,-2.18,-2.1,-3.7,,-294.93,0.6,-31.68,41.186,216.67,13,58
2609,陽明,Industrials,Marine Shipping,62.7,-1.32,-0.57,1.04,-0.21,,-295.14,18.4,-47.79,64.264,3.41,13,20
4989,榮科,Basic Materials,Copper,16.65,0.2,0.16,-17.4,-3.4,,-298.07,-2.59,-81.52,19.727,,13,6
6015,宏遠證,Financial Services,Capital Markets,10.8,-0.92,-11.5,-36.0,-3.71,,-298.79,0.02,-101.58,2.855,540.0,13,4
6916,華凌,Technology,Electronic Components,19.9,-8.0,-0.89,16.0,-4.0,,-299.29,0.43,-34.02,30.839,46.51,13,52
8289,泰藝,Technology,Scientific & Technical Instruments,19.45,2.36,1.74,-2.37,-3.57,,-301.09,0.15,-38.17,22.618,127.33,13,41
1727,中華化,Basic Materials,Chemicals,24.4,-2.7,-1.59,0.0,-4.0,,-303.02,0.47,-40.17,14.831,55.0,13,35
8110,華東,Technology,Semiconductor Equipment & Materials,12.8,2.23,2.23,-2.5,-0.43,,-305.18,0.17,-47.21,15.143,75.88,13,21
5546,永固-KY,Basic Materials,Building Materials,30.15,-1.79,-2.27,5.5,-7.13,,-307.49,-0.89,-81.79,31.044,,13,6
1609,大亞,Industrials,Electrical Equipment & Parts,36.85,-2.33,-1.75,-2.58,-4.56,,-308.25,1.66,-34.16,39.535,22.71,13,51
4716,大立,Basic Materials,Specialty Chemicals,14.7,-0.8,-4.12,-16.75,-2.27,,-308.34,0.1,-40.15,6.859,146.0,13,35
6225,天瀚,Technology,Consumer Electronics,11.15,-0.3,-0.44,-7.0,-4.0,,-310.98,-0.27,-63.85,1.792,,12,9
5464,霖宏,Technology,Electronic Components,25.25,2.1,1.91,-3.23,-4.03,,-314.81,0.51,-43.38,14.9,48.14,12,27
5543,桓鼎-KY,Industrials,Building Products & Equipment,19.0,-5.97,-5.97,7.27,-3.73,,-314.92,-6.23,-51.33,77.388,,12,17
3490,單井,Technology,Semiconductor Equipment & Materials,19.4,-1.24,-5.08,-1.83,-4.49,,-316.88,-0.82,-43.13,5.146,,12,28
5258,虹堡,Industrials,Business Equipment & Supplies,65.1,-2.23,-0.69,0.1,-4.93,,-317.33,4.97,-37.45,70.051,13.44,12,43
3520,華盈,Technology,Electronic Components,13.35,3.5,1.4,-2.33,-3.0,,-317.73,0.22,-20.96,16.426,64.77,12,77
5392,能率,Technology,Electronic Components,30.35,-0.22,-0.29,-3.36,-4.5,,-319.89,0.0,-45.98,55.489,,12,23
2061,風青,Industrials,Electrical Equipment & Parts,18.0,1.29,0.56,-2.53,-4.67,,-321.16,-0.43,-12.94,24.66,,12,84
3266,昇陽,Real Estate,Real Estate Services,15.55,-0.43,-0.3,2.08,-5.29,,-323.26,1.55,-236.91,10.887,10.0,12,3
6177,達麗,Real Estate,Real Estate - Development,47.55,-1.5,-3.02,-24.71,-4.75,,-323.34,4.78,-24.71,29.27,10.17,12,72
4513,福裕,Industrials,Specialty Industrial Machinery,18.9,-0.48,-0.92,-0.6,-4.67,,-326.02,-0.93,-66.91,9.775,,12,8
4804,,Consumer Cyclical,Personal Services,6.26,-0.63,-1.71,6.0,1.19,,-331.04,-1.09,-51.23,2.628,,12,17
3221,台嘉碩,Technology,Communication Equipment,18.7,0.76,3.25,-13.0,-1.87,,-331.56,0.69,-41.78,21.29,26.01,12,31
2722,夏都,Consumer Cyclical,Resorts & Casinos,29.8,-4.31,-4.31,633.72,-2.24,,-332.51,-0.35,-48.42,4.731,,12,19
4711,永純,Basic Materials,Specialty Chemicals,14.95,2.5,1.67,-5.0,-4.0,,-334.68,0.06,-44.84,12.518,250.83,12,25
3325,旭品,Technology,Electronics & Computer Distribution,16.55,0.13,0.12,-1.65,-4.82,,-335.74,-1.45,-52.53,14.741,,12,15
2227,裕日車,Consumer Cyclical,Auto Manufacturers,57.8,-4.78,-4.78,-2.76,-4.85,,-344.75,3.06,-85.02,66.961,18.79,12,5
3527,聚積,Technology,Semiconductors,68.6,3.83,1.35,-2.22,-1.17,,-344.75,0.22,-60.52,38.566,317.73,12,10
2323,中環,Technology,Computer Hardware,7.92,-0.21,-0.27,-2.94,-3.04,,-348.35,-1.04,-43.41,6.78,,12,27
1467,南緯,Consumer Cyclical,Apparel Manufacturing,8.05,-6.5,-0.87,79.25,-5.0,,-357.58,0.36,-43.0,21.583,22.36,11,28
6026,福邦證,Financial Services,Capital Markets,11.15,1.04,24.69,-275.19,-4.56,,-358.98,0.69,-125.98,2.192,16.01,11,4
1314,中石化,Basic Materials,Specialty Chemicals,6.62,0.44,0.3,-3.5,-2.33,,-359.9,0.01,-57.21,7.393,655.0,11,12
4741,泓瀚,Basic Materials,Specialty Chemicals,26.1,-0.85,-0.46,-0.81,-5.4,,-360.04,1.44,-61.97,16.816,18.12,11,10
5202,力新,Technology,Software - Application,20.9,-0.32,-0.47,-13.39,-5.37,,-361.19,1.32,-54.96,1.765,16.36,11,14
6615,慧智,Healthcare,Diagnostics & Research,32.05,-3.29,-3.29,-4.62,-4.87,,-363.43,0.12,-58.45,19.881,267.08,11,11
8087,麗升能源,Utilities,Utilities - Renewable,41.0,0.3,0.23,-0.71,-5.13,,-363.83,-0.16,-153.64,14.261,,11,3
1414,東和,Consumer Cyclical,Textile Manufacturing,18.15,-3.0,-1.5,0.25,-5.0,,-364.89,0.16,-48.33,2.275,114.38,11,20
6742,澤米,Technology,Electronic Components,55.0,-0.2,-0.25,-3.0,-5.5,,-365.0,0.19,-28.92,9.916,283.16,11,64
8121,越峰,Technology,Electronic Components,18.85,-2.54,-2.54,-0.7,-3.6,,-367.81,0.37,-39.46,14.539,51.35,11,36
8093,保銳,Technology,Computer Hardware,16.7,2.15,1.87,0.28,2.96,,-368.57,-2.36,-80.34,3.797,,11,6
3390,旭軟,Technology,Electronic Components,20.05,0.78,3.59,-62.0,-5.62,,-368.59,0.92,-34.47,12.615,22.01,11,51
5460,同協,Industrials,Metal Fabrication,13.45,0.0,0.0,-9.0,0.0,,-369.53,0.22,-41.77,4.781,61.14,11,31
1310,台苯,Basic Materials,Chemicals,7.61,0.0,0.0,-35.0,-4.67,,-373.61,-1.0,-38.26,21.768,,11,41
6552,易華電,Technology,Semiconductors,24.25,0.02,0.02,-2.12,-3.56,,-375.93,-0.85,-53.62,22.954,,11,14
2491,吉祥全,Consumer Cyclical,"Furnishings, Fixtures & Appliances",10.2,-0.17,-0.21,-15.4,-5.64,,-378.2,-1.81,-47.7,2.405,,11,21
2754,亞洲藏壽司,Consumer Cyclical,Restaurants,83.3,-6.56,-6.56,2.04,-6.94,,-379.83,-0.05,-34.64,112.881,,11,50
2106,建大,Consumer Cyclical,Auto Parts,21.15,-0.79,-0.44,-1.44,-5.57,,-379.92,0.92,-35.56,36.387,23.1,11,48
4130,健亞,Healthcare,Biotechnology,18.7,0.29,0.4,-0.36,-0.67,,-385.02,0.17,-41.78,4.487,110.59,11,31
5498,凱崴,Industrials,Tools & Accessories,13.1,0.25,0.2,-3.5,-2.5,,-387.25,-0.2,-33.33,6.255,,10,54
1595,川寶,Industrials,Specialty Industrial Machinery,33.2,-0.1,-0.11,-0.47,-2.06,,-390.81,-0.76,-52.08,18.547,,10,16
2399,映泰,Technology,Computer Hardware,17.55,2.5,2.5,-3.8,-2.17,,-391.11,-0.09,-60.97,10.607,,10,10
5263,智崴,Consumer Cyclical,Leisure,93.9,-5.3,-5.3,2.19,-6.25,,-394.51,0.35,-21.34,20.883,267.14,10,76
2028,威致,Basic Materials,Steel,18.5,-0.07,-0.07,-2.87,-5.43,,-399.48,0.58,-63.64,29.384,32.07,10,9
3287,廣寰科,Technology,Electronics & Computer Distribution,36.4,-0.1,-0.11,-4.33,-4.24,,-399.53,0.93,-40.9,17.194,38.71,10,33
2014,中鴻,Basic Materials,Steel,13.9,0.9,0.47,-1.21,-4.75,,-403.63,-0.82,-85.86,18.859,,10,5
3021,鴻名,Technology,Computer Hardware,16.7,-4.5,-1.29,0.3,-5.67,,-403.74,0.24,-43.9,35.712,70.21,10,27
6569,醫揚,Healthcare,Health Information Services,109.0,-1.32,-0.57,-0.45,-5.95,,-405.06,3.53,-30.68,33.031,31.59,10,60
3228,金麗科,Technology,Semiconductors,172.0,0.03,0.03,-2.13,-5.08,,-405.54,-0.89,-75.31,5.574,,10,6
4576,大銀微系統,Industrials,Electrical Equipment & Parts,110.0,0.37,0.6,-0.1,3.32,,-406.24,1.17,-24.87,19.929,98.29,10,71
6292,迅德,Industrials,Electrical Equipment & Parts,46.0,0.22,0.28,-2.96,-5.89,,-407.64,1.75,-43.64,22.068,26.29,10,27
2406,國碩,Technology,Solar,11.2,0.08,0.07,-1.0,-4.8,,-410.07,-1.1,-83.14,17.91,,10,6
4155,訊映,Healthcare,Medical Devices,15.75,17000000.0,17000000.0,-2.71,-0.47,,-411.36,0.57,-24.65,12.177,27.72,10,72
8092,建暐,Industrials,Specialty Industrial Machinery,19.75,-1.19,-6.33,3.67,-3.37,,-416.64,-0.77,-70.2,5.307,,10,7
2642,宅配通,Industrials,Integrated Freight & Logistics,25.55,-1.02,-53.77,-26.7,-4.12,,-421.54,-0.76,-43.96,41.954,,10,26
3466,德晉,Technology,Communication Equipment,43.5,-0.03,-0.03,-0.15,-2.15,,-423.07,-3.08,-726.18,2.826,,10,2
2726,雅茗-KY,Consumer Cyclical,Restaurants,18.15,-1.73,-2.36,-0.17,-6.51,,-424.05,-0.76,-44.46,20.829,,10,25
2017,官田鋼,Basic Materials,Steel,9.57,-0.09,-0.1,-4.0,-6.17,,-425.27,-0.46,-41.74,7.685,,10,31
6443,元晶,Technology,Solar,14.9,-1.42,-3.37,-0.5,-6.75,,-432.14,-1.44,-83.08,7.972,,9,6
6558,興能高,Industrials,Electrical Equipment & Parts,50.4,-1.33,-4.0,-3.0,-4.5,,-435.04,0.01,-42.1,12.479,4980.0,9,30
6265,方土昶,Technology,Electronics & Computer Distribution,8.96,0.95,0.49,-3.42,-4.1,,-436.93,-0.2,-72.73,4.389,,9,7
3207,耀勝,Technology,Electronic Components,65.5,-1.35,-3.83,-15.67,-5.0,,-438.69,-0.42,-18.83,25.562,,9,79
6680,鑫創電子,Technology,Computer Hardware,72.4,-10.62,-0.91,-0.01,-6.75,,-445.02,3.69,-24.29,29.134,19.62,9,72
5371,中光電,Technology,Consumer Electronics,55.4,-4.7,-0.82,-0.38,-6.4,,-451.87,1.73,-47.63,99.809,31.56,9,21
6219,富旺,Real Estate,Real Estate - Diversified,21.15,-0.67,-2.0,-10.18,-5.25,,-455.46,4.01,-1634.4,38.863,5.62,9,1
6108,競國,Technology,Electronic Components,13.75,-3.65,-1.38,567.07,-6.2,,-464.39,0.61,-74.6,29.397,22.46,9,7
4113,聯上,Industrials,Engineering & Construction,20.3,-4.83,-0.83,-2.3,-7.5,,-467.06,3.06,-155.15,22.235,6.75,9,3
6716,應廣,Technology,Semiconductors,52.9,-1.18,-0.54,-1.92,-6.58,,-468.36,3.02,-66.61,39.689,17.52,9,8
6124,業強,Technology,Electronic Components,32.0,0.34,0.25,-1.47,-6.0,,-471.28,-1.43,-40.55,9.935,,9,34
2405,輔信,Technology,Computer Hardware,15.35,3.0,3.0,-5.78,-6.0,,-477.95,-0.03,-42.47,4.823,,9,30
3581,博磊,Technology,Semiconductors,36.35,-0.12,-0.14,-2.29,-6.75,,-482.58,0.32,-32.85,27.613,108.75,9,55
4976,佳凌,Technology,Electronic Components,26.5,0.12,0.11,-3.86,-4.2,,-495.11,-0.79,-43.6,8.267,,9,27
1453,大將,Consumer Cyclical,Textile Manufacturing,13.1,0.12,0.11,-2.29,-2.25,,-495.43,-0.25,-1621.79,0.013,,9,1
2637,慧洋-KY,Industrials,Marine Shipping,53.4,-3.5,-1.4,-0.17,-7.0,,-503.18,5.3,-67.97,0.793,10.45,9,8
2888,新光金,Financial Services,Insurance - Life,11.35,-0.87,-6.6,-7.26,-4.55,,-515.12,0.31,-212.32,17.308,36.77,9,3
9944,新麗,Consumer Cyclical,Textile Manufacturing,17.1,3.2,3.2,-1.33,-2.48,,-515.17,-1.04,-52.17,20.87,,9,16
1435,中福,Industrials,Conglomerates,32.5,-0.1,-0.11,-0.8,-2.67,,-516.07,-0.35,-95.17,0.068,,9,5
6785,昱展新藥,Healthcare,Drug Manufacturers - Specialty & Generic,149.5,3.17,0.76,-3.4,-7.33,,-516.77,0.04,-2.608196666666661e+18,0.087,3662.5,8,1
2101,南港,Consumer Cyclical,Auto Parts,37.7,-14.68,-1.07,3.8,-12.0,,-517.21,3.41,-26.39,18.369,11.06,8,68
1460,宏遠,Consumer Cyclical,Textile Manufacturing,6.53,2.8,1.56,-0.28,4.0,,-518.52,-0.37,-33.85,12.607,,8,52
4737,華廣,Healthcare,Medical Instruments & Supplies,75.4,1.6,0.61,-0.49,-1.62,,-518.59,-2.2,-37.44,31.908,,8,43
3268,海德威,Technology,Semiconductors,17.25,2.58,0.72,-2.95,-6.67,,-520.4,-0.15,-53.64,27.287,,8,14
8411,福貞-KY,Consumer Cyclical,Packaging & Containers,12.95,0.14,0.12,-6.92,-9.0,,-530.79,-0.79,-32.46,41.783,,8,56
1802,台玻,Basic Materials,Building Materials,16.6,0.96,0.49,-5.33,-0.44,,-550.27,-0.58,-44.0,14.542,,8,26
5398,慕康生醫,Healthcare,Drug Manufacturers - Specialty & Generic,21.0,-1.67,-2.5,-2.2,-7.67,,-554.87,-0.02,-78.37,4.558,,8,6
3552,同致,Consumer Cyclical,Auto Parts,54.5,-0.61,-0.38,-0.55,-7.89,,-559.19,0.84,-40.68,90.263,67.74,8,34
2401,凌陽,Technology,Semiconductors,17.9,-2.0,-2.0,1.0,-7.5,,-565.01,-0.01,-32.65,11.266,,8,55
6185,幃翔,Technology,Electronic Components,15.1,6.25,1.19,-5.6,-7.5,,-571.9,-0.09,-36.64,2.76,,8,45
3252,海灣,Consumer Cyclical,Resorts & Casinos,19.8,2.07,2.07,-1.09,-0.62,,-574.4,-0.36,-39.82,10.178,,8,36
6933,AMAX-KY,Technology,Computer Hardware,134.0,0.31,0.44,-2.56,-8.35,,-576.95,2.41,-3.08,147.564,61.0,8,89
8478,東哥遊艇,Consumer Cyclical,Recreational Vehicles,226.0,-0.79,-0.44,-2.61,-8.65,,-588.44,4.88,-100.41,44.239,43.14,8,5
4440,宜新實業,Consumer Cyclical,Textile Manufacturing,16.3,-3.21,-1.45,-0.29,-8.29,,-591.31,1.17,-48.62,16.506,14.06,8,19
1326,台化,Basic Materials,Chemicals,22.7,1.56,0.61,-2.03,-4.25,,-599.31,-0.28,-44.56,58.741,,8,25
4121,優盛,Healthcare,Medical Devices,13.9,0.08,0.08,-0.56,-4.0,,-599.37,-0.5,-41.86,44.849,,8,31
2540,愛山林,Real Estate,Real Estate Services,77.3,-3.13,-0.76,-0.17,-9.0,,-601.46,2.18,-35.88,17.496,36.24,8,47
4971,IET-KY,Technology,Semiconductors,165.5,-0.1,-0.12,-0.01,-3.28,,-604.3,-4.49,-11.83,21.403,,8,85
4183,福永生技,Healthcare,Medical Devices,19.95,-2.2,-0.69,-0.26,-9.0,,-612.3,0.28,-25.6,18.953,69.64,7,70
3455,由田,Technology,Electronic Components,86.4,-4.0,-0.8,0.07,-9.0,,-619.63,4.6,-39.08,31.467,18.5,7,38
1905,華紙,Basic Materials,Paper & Paper Products,11.65,-1.58,-2.71,3.43,-8.75,,-621.64,-0.58,-46.66,18.675,,7,22
1444,力麗,Consumer Cyclical,Textile Manufacturing,6.39,0.83,0.45,-2.25,-9.0,,-623.8,0.01,-48.54,8.215,648.0,7,19
1742,台蠟,Basic Materials,Specialty Chemicals,16.2,0.61,0.38,-2.1,-9.5,,-632.99,-0.44,-79.41,2.303,,7,6
3294,英濟,Technology,Electronic Components,39.05,-1.59,-2.71,0.2,-8.57,,-635.87,-0.03,-73.43,30.258,,7,7
2340,台亞,Technology,Semiconductors,19.5,-0.33,-0.5,-2.0,-8.75,,-643.99,-1.88,-43.65,9.841,,7,27
2530,華建,Real Estate,Real Estate Services,31.4,-15.25,-0.94,0.02,-10.5,,-644.31,1.69,2267.41,6.544,18.61,7,98
4977,眾達-KY,Technology,Computer Hardware,93.4,-13.33,-13.33,56.5,-9.6,,-653.48,1.76,13.45,15.347,52.39,7,92
1305,華夏,Basic Materials,Specialty Chemicals,9.72,0.27,0.21,-5.44,-8.2,,-654.23,-1.63,-59.12,18.319,,7,11
6405,悅城,Technology,Electronic Components,24.5,0.15,0.13,-2.19,-3.33,,-673.29,-1.05,-13197.3,1.41,,7,1
8086,宏捷科,Technology,Semiconductors,77.5,0.0,0.0,-1.52,-1.6,,-673.39,1.97,-87.3,20.055,39.59,7,5
2009,第一銅,Basic Materials,Copper,34.35,-15.5,-1.07,3.0,-10.89,,-680.18,0.73,-43.69,8.602,46.51,7,27
1710,東聯,Basic Materials,Chemicals,11.15,-3.4,-3.4,5.0,-4.67,,-681.19,-0.12,-28.85,28.235,,7,64
2905,三商,Financial Services,Insurance - Life,12.25,4.42,1.29,-2.32,-9.58,,-682.11,0.27,-47.98,122.777,44.81,7,20
6735,美達科技,Technology,Semiconductor Equipment & Materials,49.35,-1.83,-0.65,-1.72,-10.0,,-698.02,1.52,-101.35,6.938,33.03,7,4
1218,泰山,Consumer Defensive,Packaged Foods,19.55,-0.24,-0.2,0.31,0.16,,-708.14,1.57,-45.7,21.434,12.52,7,23
7740,,Utilities,Utilities - Regulated Electric,245.0,1.5,3.02,0.98,2.7,,-711.51,1.25,77.32,10.74,196.4,7,96
2023,燁輝,Basic Materials,Steel,15.5,0.72,0.42,-6.96,-9.0,,-715.08,-0.99,-45.58,36.986,,7,24
3593,力銘,Technology,Electronic Components,7.39,0.46,0.31,-5.77,-2.07,,-733.82,-2.53,-30.12,9.869,,6,61
2007,燁興,Basic Materials,Steel,6.96,0.24,0.19,-0.02,0.11,,-749.27,-2.03,-31.47,13.34,,6,58
3025,星通,Technology,Communication Equipment,48.05,-15.0,-0.94,1.54,-11.6,,-751.73,3.09,-55.76,11.002,15.79,6,13
1447,力鵬,Consumer Cyclical,Textile Manufacturing,5.86,4.5,1.29,-9.0,-10.0,,-753.41,-0.16,-57.85,37.141,,6,12
6226,光鼎,Technology,Electronic Components,6.52,0.28,0.22,-0.27,-0.29,,-758.83,-0.47,-41.28,5.727,,6,32
8443,阿瘦,Consumer Cyclical,Footwear & Accessories,12.0,20.0,1.05,-0.05,-13.0,,-768.21,-0.86,-39.98,16.953,,6,36
4923,力士,Technology,Semiconductors,32.45,-0.18,-0.22,-0.5,-5.02,,-773.99,-4.68,-45.31,24.601,,6,24
3189,景碩,Technology,Semiconductor Equipment & Materials,90.4,0.2,0.24,1.05,11.2,,-807.63,0.67,-26.1,70.805,134.93,6,69
6167,久正,Technology,Electronic Components,12.4,-0.5,-1.0,11.0,-2.0,,-807.88,-0.04,-53.08,6.471,,6,15
2816,旺旺保,Financial Services,Insurance - Diversified,26.0,-1.82,-0.65,-1.03,-11.93,,-815.62,3.74,-44.71,47.901,7.03,6,25
2419,仲琦,Technology,Communication Equipment,22.2,-4.0,-4.0,0.5,0.8,,-815.99,-0.12,-48.02,27.618,,6,20
1325,恆大,Consumer Cyclical,Textile Manufacturing,28.7,5.0,0.83,-2.14,-9.0,,-832.97,-0.78,-71.09,3.556,,6,7
3092,鴻碩,Industrials,Electrical Equipment & Parts,17.5,-0.04,-0.05,-2.0,-12.44,,-861.67,-3.23,-44.79,18.216,,6,25
3049,精金,Technology,Electronic Components,5.96,0.27,0.21,-0.54,0.21,,-871.73,-1.06,-44.78,1.882,,6,25
5291,邑昇,Technology,Electronic Components,24.05,5.5,1.22,-4.2,-11.0,,-876.14,0.28,-38.41,24.757,85.18,6,40
8104,錸寶,Technology,Electronic Components,39.2,-2.13,-2.13,0.57,-14.0,,-883.04,0.0,-12.68,27.729,,6,85
2388,威盛,Technology,Semiconductors,59.4,-14.25,-0.93,3.54,-6.5,,-898.08,1.91,-32.72,29.913,31.99,6,55
3016,嘉晶,Technology,Semiconductor Equipment & Materials,31.3,-7.5,-0.88,-2.25,-13.0,,-905.22,0.79,-52.41,13.774,41.52,6,16
7723,築間,Consumer Cyclical,Restaurants,46.35,-2.55,-0.72,-0.73,-14.0,,-907.9,2.52,-36.08,123.448,18.25,6,47
6988,,Technology,Electronic Components,17.65,-0.67,-0.4,0.4,-1.33,,-917.3,0.39,-43.07,18.362,45.26,5,28
8450,霹靂,Communication Services,Entertainment,19.25,-0.1,-0.11,-38.0,-14.17,,-936.54,-2.4,-60.14,4.862,,5,11
8171,天宇,Technology,Electronic Components,29.95,-0.6,-1.52,-3.33,-13.35,,-947.81,-3.56,-204.29,9.893,,5,3
9934,成霖,Industrials,Building Products & Equipment,9.72,0.71,2.5,-53.0,-4.0,,-960.91,0.89,-39.34,44.514,11.07,5,37
4924,欣厚-KY,Technology,Computer Hardware,14.35,8.5,1.13,-9.0,-18.0,,-971.97,-0.13,-11.65,19.869,,5,85
3149,正達,Technology,Electronic Components,30.3,-0.5,-0.98,0.04,-14.6,,-991.72,-2.14,-32.8,12.556,,5,55
4528,江興鍛,Consumer Cyclical,Auto Parts,17.2,0.35,0.26,-3.12,0.2,,-1013.48,0.03,-53.26,19.769,570.0,5,15
2239,英利-KY,Consumer Cyclical,Auto Parts,30.15,-0.64,-1.79,-6.6,-11.87,,-1028.43,-3.88,-50.06,172.278,,5,18
3631,晟楠,Industrials,Metal Fabrication,24.45,-0.28,-0.39,2.22,-15.0,,-1040.5,-0.71,-29.77,0.964,,5,62
8455,大拓-KY,Technology,Computer Hardware,20.7,-0.29,-0.42,0.72,-12.0,,-1041.91,-1.1,-60.0,45.881,,5,11
8067,志旭,Technology,Electronics & Computer Distribution,13.75,-0.17,-0.2,-12.0,-16.5,,-1089.24,-1.04,-24.22,5.724,,5,73
3259,鑫創,Technology,Semiconductors,21.5,0.08,0.07,0.27,1.18,,-1110.72,-2.57,-39.11,4.082,,5,38
3041,揚智,Technology,Semiconductor Equipment & Materials,25.2,0.08,0.08,-0.04,1.9,,-1143.84,-1.68,-63.56,13.322,,5,9
4745,合富-KY,Healthcare,Medical Devices,17.05,-0.66,-1.94,-0.33,-6.57,,-1154.42,-0.45,-63.31,50.882,,5,9
3285,微端,Technology,Electronic Components,24.9,-2.75,-0.73,-1.23,-14.5,,-1187.05,0.87,-62.24,18.745,28.62,5,10
6130,上亞科技,Healthcare,Drug Manufacturers - General,41.85,-0.77,-3.3,-2.8,-1.92,,-1187.21,-1.0,-20.28,4.47,,5,78
8064,東捷,Technology,Semiconductor Equipment & Materials,37.75,-2.22,-2.22,0.04,-17.5,,-1193.74,0.09,-54.33,15.431,422.22,5,14
8076,伍豐,Technology,Computer Hardware,26.5,-5.25,-0.84,-1.72,-18.5,,-1201.53,0.75,-67.54,7.056,34.8,5,8
2417,圓剛,Technology,Computer Hardware,35.6,0.06,0.06,-0.73,-7.5,,-1202.57,-0.55,-43.93,24.733,,4,26
5704,老爺知,Consumer Cyclical,Lodging,26.9,11.0,11.0,-5.5,-17.0,,-1205.43,-0.44,-93.17,7.532,,4,5
6237,驊訊,Technology,Semiconductors,38.6,0.05,0.05,-17.67,-18.0,,-1215.62,-0.81,-55.16,5.728,,4,13
1515,力山,Industrials,Specialty Industrial Machinery,27.6,0.17,0.2,-9.6,-18.14,,-1248.49,0.48,-146.33,27.149,57.92,4,4
2527,宏璟,Real Estate,Real Estate Services,27.55,-3.34,-3.34,41.0,-18.0,,-1249.45,4.14,-148.47,26.793,6.67,4,3
3669,圓展,Technology,Consumer Electronics,31.6,-34.5,-0.97,-0.3,-19.0,,-1296.31,1.85,-48.01,27.726,17.16,4,20
1530,亞崴,Industrials,Specialty Industrial Machinery,28.2,-1.43,-3.35,0.2,-19.67,,-1298.62,1.12,-12.73,21.819,25.0,4,85
2073,雄順,Basic Materials,Steel,28.15,3.5,1.4,-4.83,-19.0,,-1318.27,0.45,-36.24,,62.22,4,46
2867,三商壽,Financial Services,Insurance - Life,4.97,12.14,1.09,-2.1,-19.0,,-1326.58,-0.15,-55.34,18.169,,4,13
1516,川飛,Energy,Thermal Coal,15.2,5.65,0.85,-2.41,-16.0,,-1328.59,-6.61,-869.24,8.433,,4,2
4558,寶緯,Basic Materials,Aluminum,25.35,-0.2,-0.25,-4.05,-6.5,,-1329.97,0.09,-40.33,29.494,288.33,4,35
2022,聚亨,Industrials,Tools & Accessories,7.65,9.0,0.9,-0.73,-19.0,,-1334.63,-0.68,-36.8,24.304,,4,45
8354,冠好,Basic Materials,Specialty Chemicals,15.2,3.0,3.0,-6.25,-19.75,,-1342.76,0.78,-41.69,8.151,19.17,4,31
1583,程泰,Industrials,Specialty Industrial Machinery,52.6,-1.52,-2.92,0.01,-21.53,,-1427.91,3.56,-51.29,39.297,14.75,4,17
4523,永彰,Industrials,Electrical Equipment & Parts,34.95,-0.63,-1.7,-0.83,-20.56,,-1447.73,-3.38,-23.26,10.204,,4,74
1909,榮成,Basic Materials,Paper & Paper Products,8.92,0.5,0.33,-3.0,-21.55,,-1469.58,-0.38,-45.03,35.671,,4,24
8045,達運光電,Technology,Communication Equipment,65.4,-0.08,-0.08,-6.14,-23.67,,-1535.65,1.03,-83.16,17.481,65.53,4,6
8034,榮群,Technology,Communication Equipment,17.65,-10.51,-0.91,0.24,-23.01,,-1550.36,0.88,-106.48,6.474,20.06,4,4
7705,三商餐飲,Consumer Cyclical,Restaurants,53.7,-10.5,-0.91,-0.68,-23.8,,-1598.06,2.91,-37.08,101.031,18.52,4,44
1324,地球,Industrials,Business Equipment & Supplies,10.65,-0.45,-0.83,-2.5,-25.53,,-1625.63,0.01,-48.45,10.394,1075.0,3,19
6218,豪勉,Technology,Semiconductor Equipment & Materials,21.1,1.0,0.5,-0.01,-24.0,,-1673.31,-1.92,-37.48,19.53,,3,43
2855,統一證,Financial Services,Capital Markets,18.6,-4.2,-1.31,-1.49,-24.8,,-1682.19,1.61,-201.25,6.054,11.86,3,3
3105,穩懋,Technology,Semiconductors,83.7,-6.25,-0.86,-1.11,-23.0,,-1710.39,0.89,-61.22,39.136,95.28,3,10
3483,力致,Technology,Electronics & Computer Distribution,113.5,-10.5,-0.91,-1.06,-25.83,,-1728.46,6.63,-42.93,104.329,17.27,3,28
6418,詠昇,Technology,Electronic Components,16.3,-3.0,-0.75,-4.43,-27.0,,-1781.98,0.83,-42.9,22.863,19.88,3,29
6103,合邦,Technology,Semiconductors,49.35,5.5,0.85,-5.58,-29.0,,-1841.54,3.11,119.13,5.354,15.87,3,97
2538,基泰,Real Estate,Real Estate - Development,12.9,5.92,1.2,-2.57,-28.0,,-1845.82,0.29,16.64,2.274,44.66,3,93
4736,泰博,Healthcare,Medical Devices,123.5,-3.72,-1.37,-1.73,-27.5,,-1862.31,7.66,-52.81,47.593,16.32,3,15
2605,新興,Industrials,Marine Shipping,22.25,-10.0,-0.91,-1.86,-29.0,,-1933.14,1.35,-49.02,7.304,15.37,3,18
8068,全達,Technology,Electronics & Computer Distribution,18.25,-6.12,-0.86,1.79,-29.75,,-1941.05,1.1,-20.39,9.4,17.09,3,77
4102,永日,Healthcare,Drug Manufacturers - General,22.2,-7.75,-0.89,-1.12,-31.0,,-1959.55,0.89,-48.29,13.273,24.94,3,20
6542,隆中,Communication Services,Electronic Gaming & Multimedia,56.0,-7.17,-0.88,-0.93,-30.0,,-1984.06,1.13,-39.96,18.998,49.56,3,36
6269,台郡,Technology,Electronic Components,64.5,-0.26,-0.35,-5.12,-30.33,,-2077.04,-4.38,-64.27,76.981,,3,9
5523,豐謙,Real Estate,Real Estate Services,29.9,-1.58,-2.73,21.07,-31.5,,-2183.98,-0.08,-29768.39,0.054,,3,1
2208,台船,Industrials,Aerospace & Defense,17.6,-0.08,-0.09,-2.06,-1.32,,-2271.03,-2.55,-40.69,11.512,,3,34
8059,凱碩,Technology,Communication Equipment,35.5,-0.28,-0.39,-0.28,-27.5,,-2271.32,-2.39,72.96,2.753,,3,96
2601,益航,Consumer Cyclical,Department Stores,5.79,-0.39,-0.64,-6.0,-1.29,,-2511.11,-0.44,-51.62,5.735,,3,16
4909,新復興,Technology,Electronic Components,71.1,-64.12,-0.98,2.4,-43.0,,-2581.93,8.73,-242.67,25.162,8.29,3,2
1718,中纖,Financial Services,Banks - Regional,6.13,-3.0,-0.75,1.0,1.0,,-2599.82,0.03,-25.61,34.032,205.67,2,70
1813,寶利徠,Technology,Semiconductors,14.65,11.0,1.1,0.14,-40.0,,-2677.42,-1.03,-40.84,6.734,,2,34
6506,雙邦,Basic Materials,Specialty Chemicals,16.35,2.28,2.28,-2.87,0.02,,-2700.57,0.75,-36.25,23.56,21.67,2,46
3714,富采,Technology,Electronic Components,34.75,-1.03,-30.5,42.0,0.03,,-2727.3,-1.86,-44.25,33.104,,2,26
3048,益登,Technology,Electronics & Computer Distribution,25.6,3.14,1.47,-46.6,0.61,,-2871.15,-1.95,-28.75,434.064,,2,64
2415,錩新,Industrials,Metal Fabrication,23.0,-0.52,-0.34,2.5,-0.04,,-2890.28,1.14,-47.54,24.785,20.18,2,21
3609,三一東林,Technology,Electronic Components,48.6,0.13,0.11,-0.09,0.4,,-3074.51,-4.36,-23.42,11.893,,2,74
4973,廣穎,Technology,Computer Hardware,24.25,-8.83,-1.13,6.14,-48.0,,-3138.48,0.35,-38.8,69.354,69.71,2,39
4768,晶呈科技,Basic Materials,Specialty Chemicals,102.0,-16.25,-0.94,-0.09,-48.0,,-3200.55,1.99,-63.52,20.836,51.76,2,9
4972,湯石照明,Consumer Cyclical,"Furnishings, Fixtures & Appliances",17.9,-0.69,-2.25,-3.83,-0.06,,-3324.53,-0.02,-40.46,20.996,,2,34
8096,擎亞,Technology,Semiconductors,42.05,-0.33,-0.25,0.78,7.31,,-4142.45,4.21,25.22,237.259,10.14,2,93
3615,安可,Technology,Electronic Components,22.3,-3.5,-3.5,0.0,-4.0,,-4297.01,-0.2,-52.27,14.361,,2,16
1459,聯發,Consumer Cyclical,Textile Manufacturing,11.75,-1.73,-2.37,-0.89,-72.0,,-4508.65,0.71,-9.32,4.47,16.55,2,86
1569,濱川,Industrials,Metal Fabrication,49.5,-0.15,-0.17,-0.55,-67.5,,-4577.0,-3.92,-24.06,27.176,,2,73
6160,欣技,Industrials,Business Equipment & Supplies,20.2,0.29,0.22,0.86,-80.23,,-5554.18,-0.71,-44.84,18.659,,2,25
6869,雲豹能源,Utilities,Utilities - Renewable,155.5,-1.06,-18.2,-21.2,-87.5,,-5823.65,6.89,-26.64,28.591,23.0,2,68
5455,昇益,Real Estate,Real Estate - Development,33.25,4.5,1.29,-1.4,-91.67,,-5965.11,3.08,-137.81,40.499,10.8,2,4
2542,興富發,Real Estate,Real Estate - Development,40.35,-152.84,-0.99,1.65,-102.38,,-6842.39,2.84,-288.69,16.32,14.68,2,2
4419,皇家美食,Consumer Cyclical,Textile Manufacturing,47.8,-1.06,-18.5,20.0,-121.12,,-8087.51,-1.09,278.27,15.063,,2,98
3438,類比科,Technology,Semiconductors,45.8,0.0,0.0,-0.39,-0.48,,-9795.62,1.34,-35.25,21.193,34.33,1,49
4190,佐登-KY,Consumer Defensive,Household & Personal Products,35.5,1.25,0.56,-0.41,2.3,,-13522.43,-3.77,-37.81,38.826,,1,42
5014,建錩,Basic Materials,Steel,11.25,130.5,0.99,-2.24,-272.71,,-18267.55,0.59,-42.86,87.712,19.15,1,29
6641,基士德-KY,Industrials,Pollution & Treatment Controls,22.05,-63.11,-0.98,-1.39,-330.86,,-22102.99,0.27,-40.73,49.785,82.22,1,34
6264,富裔,Real Estate,Real Estate Services,7.91,0.09,0.08,-2.73,-356.41,,-23630.96,-0.17,-262.81,1.262,,1,2
4426,利勤,Consumer Cyclical,Textile Manufacturing,9.97,0.41,0.29,-0.88,-363.8,,-24266.12,-1.75,-41.58,5.41,,1,32
2616,山隆,Consumer Cyclical,Specialty Retail,14.8,0.06,0.06,-359.39,-374.79,,-25130.85,-5.01,-100.08,67.994,,1,5
2705,六福,Consumer Cyclical,Lodging,17.4,-4.75,-4.75,2.73,-400.99,,-26721.08,0.23,-30.32,12.212,75.87,1,61
8038,長園科,Industrials,Electrical Equipment & Parts,37.9,0.28,0.22,1.04,1.28,,-96456.41,-1.31,27.07,3.088,,1,94
1101B,台泥乙特,Basic Materials,Building Materials,46.8,,,,,,,2.9,-10.28,21.779,16.14,,86
1323,永裕,Consumer Cyclical,Packaging & Containers,19.8,0.0,5.83,0.12,,,,2.56,-80.18,26.416,7.77,,6
1522A,堤維西甲特,Consumer Cyclical,Auto Parts,49.3,,,,,,,1.249,-40.16,63.849,39.47,,35
1532,勤美,Industrials,Metal Fabrication,26.1,0.0,-27.62,0.71,,,,2.93,-75.3,40.101,8.99,,6
1626,艾美特-KY,Consumer Cyclical,"Furnishings, Fixtures & Appliances",10.95,0.0,-2.66,2.17,,,,-1.05,-41.28,55.727,,,32
1712,興農,Basic Materials,Agricultural Inputs,41.2,0.0,0.05,-0.47,,,,2.49,-41.91,44.749,16.61,,31
1722,台肥,Basic Materials,Agricultural Inputs,52.9,0.0,0.63,0.39,,,,2.0,-39.74,12.151,26.55,,36
1906,寶隆,Basic Materials,Paper & Paper Products,12.2,0.0,-0.58,-3.5,,,,0.25,-39.2,20.429,48.8,,38
2029,盛餘,Basic Materials,Steel,23.75,0.0,-0.85,-0.02,,,,1.83,-35.09,44.169,13.17,,49
2070,精湛,Industrials,Specialty Industrial Machinery,39.25,0.0,-0.61,0.46,,,,2.96,-49.8,19.961,13.7,,18
2313,華通,Technology,Electronic Components,59.9,0.0,0.56,0.17,,,,4.71,-38.98,61.786,12.91,,39
2348A,海悅甲特,Real Estate,Real Estate Services,36.65,,,,,,,14.11,-54.99,63.388,2.6,,13
2402,毅嘉,Technology,Electronic Components,38.85,0.0,0.27,1.0,,,,2.37,-25.35,32.927,16.58,,71
2546,根基,Industrials,Engineering & Construction,83.8,0.0,0.69,0.11,,,,6.95,-32.01,123.166,12.23,,57
2836A,高雄銀甲特,Financial Services,Banks - Regional,22.0,,,,,,,0.826,-25.84,2.456,26.57,,69
2838A,聯邦銀甲特,Financial Services,Banks - Regional,55.6,,,,,,,1.112,-37.84,4.529,48.11,,42
2881A,富邦特,Financial Services,Insurance - Life,62.9,,,,,,,11.919,-29.01,59.595,5.28,,64
2881B,富邦金乙特,Financial Services,Insurance - Life,61.3,,,,,,,11.919,-29.01,59.595,5.14,,64
2881C,富邦金丙特,Financial Services,Insurance - Life,52.0,,,,,,,11.919,-29.01,59.595,4.36,,64
2882A,國泰特,Financial Services,Insurance - Life,60.7,,,,,,,8.578,-53.81,57.461,7.06,,14
2882B,國泰金乙特,Financial Services,Insurance - Life,60.1,,,,,,,8.578,-53.81,57.461,7.01,,14
2883B,開發金乙特,Financial Services,Insurance - Life,7.45,,,,,,,2.259,-3.87,17.937,3.3,,88
2887E,台新戊特,Financial Services,Banks - Regional,48.95,,,,,,,1.422,-24.04,4.705,34.49,,73
2887F,台新戊特二,Financial Services,Banks - Regional,44.1,,,,,,,1.422,-24.04,4.705,31.01,,73
2887Z1,台新己特,Financial Services,Banks - Regional,15.05,,,,,,,,-24.04,4.705,,,73
2888A,新光金甲特,Financial Services,Insurance - Life,35.85,,,,,,,1.149,-212.32,17.308,31.68,,3
2888B,新光金乙特,Financial Services,Insurance - Life,36.1,,,,,,,1.149,-212.32,17.308,31.94,,3
2891B,中信金乙特,Financial Services,Banks - Regional,64.2,,,,,,,2.55,-23.22,24.155,25.18,,74
2891C,中信金丙特,Financial Services,Banks - Regional,60.3,,,,,,,2.55,-23.22,24.155,23.65,,74
2897B,王道銀乙特,Financial Services,Banks - Regional,11.9,,,,,,,,-52.72,3.447,,,15
2911,麗嬰房,Consumer Cyclical,Apparel Retail,5.0,0.27,-1.13,,,,,-4.51,,25.742,,,
3024,憶聲,Technology,Consumer Electronics,13.15,0.0,-4.0,0.25,,,,0.67,158.25,10.012,19.78,,97
3036A,文曄甲特,Technology,Electronic Components,50.2,,,,,,,10.609,-10.41,911.015,4.74,,85
3276,宇環,Technology,Electronic Components,13.05,-6.0,2.86,-0.08,,,,0.12,-187.67,9.864,107.5,,3
3535,晶彩科,Technology,Computer Hardware,55.4,0.0,-5.45,11.62,,,,0.7,14.87,8.354,87.0,,92
3645,達邁,Technology,Electronic Components,58.0,0.0,-0.86,3.14,,,,1.8,1.28,17.594,32.33,,90
3684,榮昌,Technology,Electronic Components,43.0,0.57,-1.63,1.09,,,,1.68,-9.61,32.742,28.15,,86
3703,欣陸,Industrials,Engineering & Construction,23.25,0.0,-0.16,5.58,,,,1.43,-41.3,38.803,16.47,,32
4303,信立,Consumer Cyclical,Footwear & Accessories,76.3,0.0,21.15,-3.55,,,,10.57,261.27,6.929,7.64,,98
4417,金洲,Consumer Cyclical,Textile Manufacturing,45.8,0.0,-0.02,1.91,,,,4.47,-16.17,39.72,9.87,,82
4722,國精化,Basic Materials,Specialty Chemicals,63.3,0.0,-0.24,0.15,,,,2.19,-40.96,40.453,28.9,,33
4999,鑫禾,Industrials,Tools & Accessories,23.8,0.0,-4.0,0.8,,,,1.0,-40.29,26.551,24.0,,35
5013,強新,Industrials,Electrical Equipment & Parts,26.05,0.0,0.28,-0.18,,,,1.67,-38.37,60.271,15.6,,40
5324,士開,Consumer Cyclical,Lodging,11.4,0.0,3.27,-0.29,,,,0.71,379.24,11.763,16.06,,98
5536,聖暉*,Industrials,Engineering & Construction,482.0,0.0,-0.3,0.91,,,,20.45,-5.48,268.586,24.13,,88
5871A,中租-KY甲特,,,102.5,,,,,,,,-39.27,,6.28,,37
6138,茂達,Technology,Semiconductors,180.0,0.0,0.09,0.06,,,,9.67,-41.1,87.13,19.03,,33
6150,撼訊,Technology,Electronics & Computer Distribution,71.0,0.0,-0.05,-0.49,,,,-4.1,-61.91,104.546,,,10
6169,昱泉,Communication Services,Electronic Gaming & Multimedia,21.85,0.0,0.35,-0.77,,,,-1.22,-15.92,1.263,,,82
6192,巨路,Industrials,Industrial Distribution,99.9,0.0,-0.14,-0.09,,,,10.37,-20.06,81.529,9.57,,78
6239,力成,Technology,Semiconductors,135.5,0.0,-0.07,0.06,,,,9.02,-48.9,94.372,15.13,,19
6244,茂迪,Technology,Solar,17.25,0.0,-1.17,-1.54,,,,0.61,-55.21,8.097,28.85,,13
6283,淳安,Technology,Electronic Components,20.2,0.0,-1.83,1.0,,,,0.77,-9.9,11.877,26.56,,86
6426,統新,Technology,Communication Equipment,74.5,0.0,-0.23,0.01,,,,-3.58,-63.45,9.066,,,9
6556,勝品,Industrials,Security & Protection Services,78.4,0.0,-1.09,0.03,,,,8.78,-56.41,54.607,8.93,,12
6591,動力-KY,Technology,Computer Hardware,65.2,0.0,1.55,-0.39,,,,3.11,-60.59,36.896,21.29,,10
6592A,和潤企業甲特,Financial Services,Credit Services,95.1,,,,,,,,-52.33,34.533,,,16
6592B,和潤企業乙特,Financial Services,Credit Services,96.3,,,,,,,,-52.33,34.533,,,16
6684,安格,Technology,Semiconductor Equipment & Materials,54.7,0.0,-0.85,0.84,,,,-4.24,-72.92,8.17,,,7
6767,台微醫,Healthcare,Medical Devices,28.3,0.0,-0.06,0.65,,,,-1.62,-8.07,10.322,,,87
6870,騰雲,Technology,Software - Infrastructure,203.5,-0.24,0.41,,,,,5.13,,30.377,39.57,,
6887,,Industrials,Waste Management,80.5,0.54,1.16,-2.16,,,,7.47,-25.0,88.833,10.5,,71
6962,,Technology,Electronic Components,51.8,0.54,1.17,-1.25,,,,6.18,-62.94,52.295,8.5,,9
7749,,Technology,Software - Infrastructure,549.0,0.96,,,,,,8.02,,27.378,71.32,,
8043,蜜望實,Technology,Electronic Components,27.1,-9.33,-9.33,-0.44,,,,0.85,-50.78,58.844,32.53,,17
8112A,至上甲特,Technology,Semiconductors,42.5,,,,,,,7.461,-50.99,436.813,5.71,,17
8150,南茂,Technology,Semiconductors,27.0,-1.06,,,,,,1.98,,31.409,13.48,,
8222,寶一,Industrials,Aerospace & Defense,46.8,0.0,-0.57,-0.22,,,,1.48,-17.46,12.962,32.16,,81
8349A,恒耀甲特,Industrials,Tools & Accessories,47.45,,,,,,,3.247,-45.95,74.606,14.61,,23
8358,金居,Technology,Electronic Components,69.1,0.0,-0.31,0.37,,,,3.64,-44.71,27.888,19.75,,25
9110,越南控-DR,Consumer Cyclical,Recreational Vehicles,6.05,,,,,,,-0.12,,0.198,,,
9902,台火,Real Estate,Real Estate Services,17.2,0.0,-2.14,-0.77,,,,0.58,-164.42,1.654,30.0,,3
9910,豐泰,Consumer Cyclical,Footwear & Accessories,118.0,0.0,-0.1,0.24,,,,5.94,-38.73,88.704,20.71,,39
9924,福興,Industrials,Building Products & Equipment,46.1,0.0,-0.07,-0.05,,,,4.73,-61.98,41.927,9.78,,10
9941A,裕融甲特,Financial Services,Credit Services,52.0,,,,,,,14.37,-31.1,74.373,3.62,,59
