Ticker,Sector,Industry,Price,EPS QoQ (%),QoQ 2Q Algo (%),QoQ 3Q Algo (%),EPS YoY (%),YoY 2Q Algo (%),EPS RS,TTM EPS,Rev RS,TTM RPS,TTM PE,Rating (EPS RS),Rating (Rev RS)
MCRB,Healthcare,Biotechnology,18.03,-2.66,-1.04,-0.51,0.91,2.46,19777757525.07,-6.79,-1.6103e+17,,,99,1
LUNR,Industrials,Aerospace & Defense,9.58,-1.0,12.49,-1.14,-2.55,,5386367227.37,-3.23,28.47,2.388,,99,86
LPCN,Healthcare,Biotechnology,2.85,-0.17,0.09,0.08,0.39,-2.89,3444423874.97,-0.84,22.36,0.787,,99,85
BXMT,Real Estate,REIT - Mortgage,19.45,4000000.0,16000000.0,1.0,9.75,71000000.0,2366646598.48,-0.07,-4.37,1.371,,99,40
HDL,Consumer Cyclical,Restaurants,18.8,0.5,2.0,-4.0,30000000.0,,1999979693.05,1.0,10.77,13.69,19.16,99,76
KNTK,Energy,Oil & Gas Midstream,44.17,5.6,4.0,-34.0,-0.64,,1644424035.89,0.73,16.95,27.381,58.82,99,82
BN,Financial Services,Asset Management,70.75,6.5,-12.0,25.0,15000000.0,,999979608.46,0.44,-24.58,52.034,163.2,99,10
JG,Technology,Software - Infrastructure,9.4578,39999900.0,-2.0,2.0,13333300.0,,888866406.18,-0.15,-0.01,58.4,,99,55
LITB,Consumer Cyclical,Apparel Manufacturing,2.04,12000000.0,0.0,-12000000.0,12000000.0,,799979675.96,0.12,-31.24,12.01,16.59,99,9
BEDU,Consumer Defensive,Education & Training Services,1.93,0.0,30.78,-13.43,12000000.0,,799979586.08,-4.15,-11.08,6.008,,99,19
CALX,Technology,Software - Infrastructure,64.04,7000000.0,2.86,-3.5,12000000.0,,799979559.89,-0.41,9.92,13.213,,99,76
FENC,Healthcare,Biotechnology,8.93,-1.75,0.5,2.5,0.82,,666646364.66,-0.45,1705555555555715.5,1.212,,99,97
JOB,Industrials,Staffing & Employment Services,0.2065,30000000.0,-29.0,8.5,18000000.0,-29.0,599997687.52,-0.34,-17.31,0.995,,99,13
EE,Energy,Oil & Gas Midstream,24.35,-2.2,0.07,0.25,-0.8,,566646270.45,1.34,3.62,37.377,17.93,98,65
BB,Technology,Software - Infrastructure,4.2,1000000.0,1.0,0.5,7000000.0,,466645878.07,0.02,-12.02,0.899,210.5,98,18
MIR,Industrials,Specialty Industrial Machinery,24.6,4000000.0,3500000.0,1.0,2.5,13000000.0,433313090.68,0.05,7.975555555555556e+17,4.08,488.8,98,99
CDE,Basic Materials,Gold,16.28,0.83,-0.5,-0.33,11000000.0,2.33,366646405.87,0.4,73.34,3.009,43.55,98,92
JVA,Consumer Defensive,Packaged Foods,5.44,-2.91,-0.82,0.29,-2.91,11000000.0,366646244.74,0.32,13.18,15.722,16.62,98,79
MITK,Technology,Software - Application,10.36,-3.0,3.0,-2.9,5000000.0,,333312955.99,0.33,-1.77,3.897,30.88,98,49
GRAF,Financial Services,Shell Companies,10.53,0.0,-0.12,-0.11,8000000.0,44.29,266690995.69,0.46,-7.3,,22.93,98,30
CTMX,Healthcare,Biotechnology,2.04,-27000000.0,0.59,1.43,8000000.0,0.59,266648426.18,0.5,-11.56,1.457,3.96,98,19
LINK,Technology,Electronic Components,10.34,9000000.0,-0.8,0.2,4000000.0,,266646286.15,-0.2,12.0,1.19,,98,78
CTLP,Technology,Software - Infrastructure,10.6,0.0,8.57,0.75,12.4,10.17,211091554.34,0.86,6.41,4.135,12.36,98,70
LFST,Healthcare,Medical Care Facilities,5.37,-1000000.0,1000000.0,1.0,5.0,6000000.0,199979845.23,-0.04,7.52,3.44,,98,72
CEPO,Financial Services,Shell Companies,10.4,1.0,1.03,36.8,48.11,4000000.0,133314203.5,0.11,-7.3,,94.36,98,30
DSP,Technology,Software - Application,9.4,4.5,-2.57,0.22,2000000.0,,133313028.95,0.13,8.07,19.632,69.92,98,73
MCHX,Communication Services,Advertising Agencies,1.9,5000000.0,-0.25,-1.0,2000000.0,,133312974.82,-0.1,-10.89,1.092,,98,20
CTM,Technology,Information Technology Services,1.06,1000000.0,0.5,0.33,3000000.0,7.0,99979888.56,-0.09,15.45,0.806,,98,81
DEFT,Financial Services,Capital Markets,2.72,-9083900.0,0.21,0.27,2000000.0,3.05,66646436.24,0.06,-160.67,0.241,42.0,98,5
MNKD,Healthcare,Biotechnology,5.61,-4000000.0,0.33,-0.33,1000000.0,,66646429.9,0.11,17.78,1.038,49.36,98,82
KRMD,Healthcare,Medical Instruments & Supplies,4.04,3000000.0,0.0,0.0,2000000.0,0.33,66646317.58,-0.1,10.98,0.802,,98,77
KFFB,Financial Services,Banks - Regional,3.4,0.0,185500.0,69.08,1000000.0,,66646266.21,-0.13,1.42,1.087,,98,59
CFSB,Financial Services,Banks - Regional,14.03,3000000.0,-30.48,-32.48,1000000.0,,66646066.23,0.0,-2.39,1.215,,98,47
GROY,Basic Materials,Gold,3.62,1000000.0,-3.0,-3.0,1000000.0,0.0,33313090.52,-0.01,427.73,0.073,,98,94
CTKB,Healthcare,Medical Devices,4.09,1.25,-1.25,-5.0,1.0,-0.8,22201819.48,-0.05,-3.26,1.522,,98,43
BINI,Consumer Cyclical,Auto Manufacturers,0.051,103.84,96.59,-0.09,8545.4,7.65,264741.02,-4749.94,406666666667098.9,93.806,,98,96
DTSQ,Financial Services,Shell Companies,10.49,-2.32,-0.45,-0.31,18.52,230.93,30604.75,0.28,-7.3,,37.46,98,30
EMPD,Consumer Cyclical,Auto Manufacturers,7.73,-7.32,12.65,0.93,-1.56,1220.59,23007.59,-255.73,69.85,13.978,,98,91
DGLY,Communication Services,Internet Content & Information,2.01,-879.5,4.64,4.64,1083.02,2.02,15791.62,-4926.18,-7.33,70.888,,97,26
CETX,Technology,Software - Infrastructure,0.6565,-3.28,4.97,18.05,335.01,715.03,15042.52,1708.22,8.47,47.814,0.0,97,73
INOD,Technology,Information Technology Services,69.91,-0.09,-0.36,-0.76,475.22,,11778.39,1.29,58.9,7.466,54.71,97,91
BEAG,Financial Services,Shell Companies,10.38,0.0,1.04,25.12,380.13,492.8,9004.94,0.37,-7.3,,28.05,97,30
CNSP,Healthcare,Biotechnology,8.74,-3.06,3.46,0.78,12.66,525.65,5627.43,2131.86,-7.3,,0.0,97,30
EONR,Energy,Oil & Gas E&P,0.506,0.83,2.55,0.72,1.0,7.18,2019.35,-0.55,6.656962999999995e+16,1.376,,97,99
MBIO,Healthcare,Biotechnology,1.62,-2.8,19.5,0.95,95.63,495.2,-578.74,1.99,-7.3,,0.84,97,30
CARG,Consumer Cyclical,Auto & Truck Dealerships,37.57,-0.65,-0.16,1.0,3.87,,-6292.38,1.25,-3.66,8.986,29.87,97,42
GNLN,Consumer Defensive,Tobacco,3.75,74.47,5.54,0.85,273.32,34.71,-9947.03,-14.15,-223.14,31.117,,97,4
BJDX,Healthcare,Medical Devices,1.52,1.39,0.69,0.41,180.67,116.14,-10123.48,499.26,-7.3,,0.0,97,30
CYN,Technology,Software - Application,5.57,1.44,30.64,0.97,225.24,63.07,-10731.28,-699.22,291111111111314.8,0.542,,97,96
ELAB,Healthcare,Biotechnology,6.1,5.53,15.62,0.94,238.09,37.21,-11161.21,116.66,-851418888878612.0,-1.162,0.05,97,2
ERIC,Technology,Communication Equipment,8.07,0.1,-0.15,0.26,3.44,,-11324.95,0.56,-10.88,73.778,14.41,97,20
IRWD,Healthcare,Drug Manufacturers - Specialty & Generic,1.46,2.53,-12.5,0.0,16.0,,-12209.34,-0.05,-16.57,1.921,,97,14
CRNC,Technology,Software - Application,11.66,-9.33,2.14,-0.16,124.0,,-12224.09,-0.58,-18.07,5.745,,97,13
HI,Industrials,Specialty Industrial Machinery,25.31,20.33,-7.44,-1.33,118.67,,-12470.12,-0.29,-23.98,40.486,,97,11
BENF,Financial Services,Asset Management,0.411,-3.26,-3.06,7.03,118.89,,-12580.58,-4.88,173.51,-4.365,,97,93
FFAI,Consumer Cyclical,Auto Manufacturers,1.68,-7.57,18.5,0.95,9.32,186.36,-12747.93,8.3,871111111110803.6,0.01,0.21,97,96
GPAT,Financial Services,Shell Companies,10.58,0.0,-0.12,-0.11,0.0,42.84,-13212.91,0.38,-7.3,,27.84,97,30
CORZ,Technology,Software - Infrastructure,16.75,-37.0,3.4,0.95,111.75,,-13356.18,-1.73,-61.18,1.122,,97,6
KITT,Industrials,Aerospace & Defense,3.31,0.08,-12.46,-1.09,-9.96,208.82,-13748.79,33.39,167.89,14.725,0.1,97,93
IBAC,Financial Services,Shell Companies,10.58,0.0,-0.15,-0.11,-0.4,2.2,-13769.23,0.24,-7.3,,44.04,97,30
DBGI,Consumer Cyclical,Apparel Retail,8.33,0.14,43.79,0.98,127.62,24.02,-14687.53,45.15,-35.48,4.713,0.19,97,8
HE,Utilities,Utilities - Regulated Electric,12.18,0.0,3.67,1.27,79.27,,-15156.09,1.03,-10.27,19.76,11.47,97,21
CING,Healthcare,Biotechnology,3.52,0.06,0.73,0.02,66.02,,-15198.52,135.02,-7.3,,0.03,96,30
INTU,Technology,Software - Application,674.96,0.0,5.01,1.4,145.14,0.18,-15506.29,13.69,10.9,67.254,50.25,96,77
LTH,Consumer Cyclical,Leisure,28.26,-0.09,0.29,0.4,0.22,1.77,-15703.31,1.02,10.7,13.425,27.28,96,76
HHS,Industrials,Conglomerates,3.685,0.0,5.6,-17.5,75.8,,-15769.23,-0.39,-18.92,23.785,,96,13
EQT,Energy,Oil & Gas E&P,49.39,2.27,-0.75,2.3,64.5,,-16134.36,1.9,56.96,12.07,25.89,96,90
EIX,Utilities,Utilities - Regulated Electric,55.58,-3.19,0.47,0.9,-0.28,125.33,-16181.4,6.81,-2.14,45.438,8.17,96,48
IVT,Real Estate,REIT - Retail,29.86,12.78,-0.44,14.0,61.0,,-16254.13,1.44,1.95,3.815,20.64,96,60
HCTI,Healthcare,Health Information Services,2.61,71.99,0.15,0.13,120.95,1.47,-16268.96,-112.08,-15.81,19.443,,96,15
GCTK,Healthcare,Medical Instruments & Supplies,6.89,3.18,13.08,0.93,101.29,16.51,-16446.22,-2441.21,-7.3,,,96,30
AVTX,Healthcare,Biotechnology,11.88,-0.54,-8.26,-8.26,-3.19,111.91,-16479.72,6.54,-111.76,0.047,1.81,96,5
FWRD,Industrials,Integrated Freight & Logistics,26.84,3.1,-0.35,1.15,56.24,,-16662.97,-4.96,-0.3,85.62,,96,53
LMFA,Financial Services,Credit Services,1.3,53.5,0.65,0.39,114.0,-2.31,-16667.07,-4.56,2098.62,1.629,,96,95
CPS,Consumer Cyclical,Auto Parts,38.96,-2.12,-24.33,4.62,53.25,,-16784.0,1.69,-5.39,153.568,22.47,96,37
GEG,Financial Services,Asset Management,2.8,4.0,-5.25,-1.25,103.0,-0.7,-17025.01,0.38,-195.06,0.59,7.16,96,5
CPB,Consumer Defensive,Packaged Foods,33.57,1.23,-1.64,-0.26,50.0,,-17028.34,2.01,-4.41,34.406,16.63,96,40
HFFG,Consumer Defensive,Food Distribution,3.43,2.5,26.67,-10.86,60.92,,-17063.79,-0.92,0.97,23.051,,96,58
GE,Industrials,Aerospace & Defense,297.09,0.03,0.05,0.03,0.65,,-17075.16,7.02,-0.16,38.744,42.9,96,54
JTAI,Technology,Software - Application,3.33,1.01,11.34,0.92,60.59,33.64,-17114.13,69.47,167.17,9.071,0.05,96,93
BRBS,Financial Services,Banks - Regional,4.34,2.0,2.0,-4.0,48.0,,-17114.42,0.36,-6.69,1.184,11.94,96,34
GRI,Healthcare,Biotechnology,1.93,3.43,0.48,0.33,46.21,16.42,-17305.45,90.8,-7.3,,0.02,96,30
COIN,Financial Services,Financial Data & Stock Exchanges,343.13,20.54,-18.73,16.1,36.33,,-17346.12,10.38,-8.27,26.572,32.99,96,24
MH,Consumer Defensive,Education & Training Services,13.79,53.22,1.02,-4.6,86.05,1.9,-17393.4,-0.4,13.05,13.52,,96,79
CHGG,Consumer Defensive,Education & Training Services,1.68,-0.94,-1.83,33.17,17.21,,-17585.13,-2.57,-46.8,4.821,,96,7
BCAL,Financial Services,Banks - Regional,17.64,-0.21,0.0,2.13,42.0,,-17610.08,0.9,67.01,5.055,19.37,96,91
CCOI,Communication Services,Telecom Services,37.92,-0.11,-0.2,0.46,-0.78,,-17881.05,-4.52,-3.51,19.276,,96,43
LUCY,Healthcare,Medical Instruments & Supplies,1.92,0.09,0.19,0.16,1.83,70.94,-17925.42,-2.19,63.57,0.802,,95,91
ETR,Utilities,Utilities - Regulated Electric,87.83,3.98,0.25,-1.25,35.35,,-18004.26,4.03,2.08,28.507,22.0,95,61
HIPO,Financial Services,Insurance - Property & Casualty,37.26,39.2,-2.07,6.24,33.8,,-18019.92,-0.38,33.74,17.005,,95,88
LPA,Real Estate,Real Estate - Development,6.3,-1.0,-4.5,-1.29,-8.75,82.5,-18026.46,0.26,3.16,1.449,24.23,95,64
BURU,Industrials,Specialty Industrial Machinery,0.1464,0.56,1.5,0.6,41.06,21.07,-18056.59,7.81,1271955555555412.2,0.0,0.02,95,96
DVLT,Technology,Software - Infrastructure,0.4147,-2.0,3.36,0.77,21.02,28.72,-18104.6,5.04,247.12,0.132,0.09,95,94
KN,Technology,Electronic Components,22.78,5.5,-11.5,20.0,33.22,,-18158.51,0.3,-9.24,6.413,75.3,95,23
CEP,Financial Services,Shell Companies,22.06,-0.5,0.0,0.0,35.63,38.36,-18181.77,0.33,-7.3,,67.7,95,30
IVP,Consumer Cyclical,Personal Services,0.8898,-0.16,-0.06,-0.07,0.4,19.47,-18290.41,-49.75,30.46,5.048,,95,87
KLXE,Energy,Oil & Gas Equipment & Services,1.8,0.56,-0.8,-0.76,-1.12,,-18324.18,-4.04,2.79,38.802,,95,63
MIGI,Financial Services,Capital Markets,0.4199,-19.0,16.0,0.94,0.37,58.5,-18387.8,-1.29,-27.23,2.66,,95,10
MDRR,Real Estate,REIT - Diversified,14.1697,1.18,-0.22,-0.29,1.76,-2.65,-18466.28,-2.61,-4.39,7.74,,95,40
CULP,Consumer Cyclical,Textile Manufacturing,4.49,7.5,0.94,0.36,28.0,,-18579.94,-0.97,-18.93,16.525,,95,13
CHRS,Healthcare,Biotechnology,1.53,6.24,-0.11,-3.89,24.36,,-18604.95,0.53,-10.8,2.354,3.04,95,20
GURE,Basic Materials,Chemicals,0.68,5.67,-0.1,-0.11,50.5,-0.08,-18619.11,-2.46,115.88,1.197,,95,93
IMCC,Healthcare,Drug Manufacturers - Specialty & Generic,1.93,-2.0,2.78,1.56,14.11,29.0,-18621.67,-0.49,-11.54,18.588,,95,19
CNX,Energy,Oil & Gas E&P,31.02,3.25,-0.38,-3.2,26.17,,-18630.52,0.84,46.14,12.285,36.14,95,89
CXDO,Communication Services,Telecom Services,6.82,0.0,0.6,1.5,1.0,1.0,-18645.33,0.1,11.14,2.313,69.7,95,77
IIIV,Technology,Software - Infrastructure,32.18,54.0,-9.0,-61.25,2.66,,-18652.51,0.48,0.88,10.411,66.81,95,57
EHAB,Healthcare,Medical Care Facilities,8.06,-2.5,3.63,1.39,26.05,,-18665.81,-2.66,-6.65,20.55,,95,34
CCL,Consumer Cyclical,Travel Services,31.45,8.17,-4.83,-4.96,5.14,,-18775.0,1.91,69.13,20.032,15.98,95,91
CUK,Consumer Cyclical,Travel Services,28.47,8.17,-4.83,-4.96,5.14,,-18775.0,1.91,69.13,20.032,14.5,95,91
EBS,Healthcare,Drug Manufacturers - Specialty & Generic,7.94,-6.68,3.16,-4.72,23.45,,-18808.35,2.62,-74.07,15.785,3.13,95,6
JYNT,Healthcare,Medical Care Facilities,10.26,-4.0,4.6,0.17,25.0,,-18850.99,-0.06,-13.81,3.537,,95,16
COLD,Real Estate,REIT - Industrial,12.99,7.0,1.17,-12.0,24.0,,-18902.93,-0.19,-8.56,9.176,,95,24
DAVA,Technology,Software - Infrastructure,9.54,0.0,0.58,2.0,37.0,7.33,-18928.36,0.49,-7.99,13.21,18.84,94,25
HP,Energy,Oil & Gas Drilling,21.23,-165.0,-54.0,-0.36,-2.84,,-18945.79,-0.33,37.2,34.592,,94,88
DRMA,Healthcare,Biotechnology,5.76,1.71,1.77,0.64,24.19,14.69,-18951.19,20.96,-7.3,,0.26,94,30
AUNA,Healthcare,Medical Care Facilities,6.345,1.31,0.6,-3.4,21.2,,-18957.1,0.95,2.05,57.372,6.79,94,61
CASK,Consumer Defensive,Beverages - Wineries & Distilleries,0.4843,-1.26,0.53,0.35,-3.23,-4.67,-18981.65,-2.92,-33.39,1.132,,94,8
CYH,Healthcare,Medical Care Facilities,3.08,22.1,4.3,4.57,22.1,,-19006.49,-1.47,-7.21,95.191,,94,33
DH,Healthcare,Health Information Services,4.28,12.57,-0.86,1.2,24.86,,-19008.31,-2.69,-5.33,2.173,,94,38
BVN,Basic Materials,Other Precious Metals & Mining,20.02,0.0,2.32,0.17,24.25,,-19023.25,1.64,8.16,5.149,12.75,94,73
GME,Consumer Cyclical,Specialty Retail,25.88,2.8,-1.9,6.25,8.5,,-19033.03,0.8,1.47,8.653,32.6,94,59
AZTR,Healthcare,Biotechnology,0.781,0.28,-0.15,-0.18,14.22,17.78,-19053.66,26.97,-50000000000979.18,0.0,0.03,94,3
GPUS,Industrials,Aerospace & Defense,0.5379,-1.71,12.18,0.92,13.21,-3.41,-19068.36,-28.33,86.73,24.812,,94,92
LXRX,Healthcare,Biotechnology,1.22,8.0,0.29,1.0,18.0,,-19158.89,-0.32,1442.6,0.161,,94,95
FOA,Financial Services,Credit Services,25.81,0.06,3.0,-2.43,16.05,,-19180.46,6.93,-137.55,51.365,3.68,94,5
AUPH,Healthcare,Biotechnology,12.89,0.0,15.0,-9.0,15.0,,-19183.3,0.43,36.39,1.861,30.23,94,88
IBTA,Technology,Software - Application,26.59,3.5,-123.0,3.43,15.67,,-19198.25,4.07,2.34,12.175,6.41,94,61
KEP,Utilities,Utilities - Regulated Electric,13.21,-1.05,1.04,-0.62,16.53,,-19224.3,3.57,2.77,74619.88,3.67,94,63
HCWB,Healthcare,Biotechnology,4.54,1.23,0.6,0.25,16.99,,-19226.72,-16.41,7468988888882630.0,0.68,,94,97
ESPR,Healthcare,Drug Manufacturers - Specialty & Generic,2.75,9.5,-0.91,0.36,15.5,,-19229.09,-0.54,26.62,1.367,,94,86
ERNA,Healthcare,Biotechnology,1.27,2.69,15.9,0.94,24.15,7.2,-19233.1,-17.76,-237777777777701.12,0.168,,94,3
BNED,Consumer Cyclical,Specialty Retail,9.11,-176.2,6.54,-0.34,16.65,,-19233.55,-12.1,-4.66,85.653,,94,39
FOSL,Consumer Cyclical,Footwear & Accessories,3.16,7.25,-1.36,3.29,17.25,,-19260.71,-1.11,-24.87,20.326,,94,10
GNPX,Healthcare,Biotechnology,0.2445,0.53,1.87,0.65,16.65,13.85,-19308.96,0.85,-7.3,,0.27,94,30
GRAL,Healthcare,Diagnostics & Research,39.59,-0.03,-0.07,0.36,15.06,,-19315.56,-11.71,17.23,3.961,,94,82
BSLK,Basic Materials,Specialty Chemicals,3.57,0.36,0.27,-2.68,15.92,,-19316.07,-5.05,1560.18,1.705,,94,95
CREX,Technology,Software - Application,2.32,-2.88,0.94,15.5,-1.83,33.0,-19316.12,-0.12,9.14,4.61,,93,74
BFRI,Healthcare,Drug Manufacturers - Specialty & Generic,0.8635,-0.21,-1.47,4.16,-10.4,,-19335.68,-1.82,8.09,4.966,,93,73
CRC,Energy,Oil & Gas E&P,57.58,0.52,2.53,-9.72,15.08,,-19359.59,7.83,36.92,40.311,7.02,93,88
DYCQ,Financial Services,Shell Companies,11.5,-0.42,-0.3,-0.23,-1.62,4.0,-19380.79,0.25,-7.3,,46.0,93,30
ENTO,Healthcare,Biotechnology,4.6,0.33,0.55,0.36,17.38,-12.14,-19383.66,-11.97,-7.3,,,93,30
BHC,Healthcare,Drug Manufacturers - Specialty & Generic,6.89,3.5,-2.56,2.09,12.33,,-19390.48,0.26,-2.24,26.683,25.88,93,47
DFDV,Technology,Software - Infrastructure,17.75,14.87,-0.62,-0.06,14.62,,-19397.08,0.95,226.92,0.321,17.82,93,94
ECO,Industrials,Marine Shipping,30.19,1.15,-0.05,-0.1,-0.46,,-19399.83,2.09,-8.13,10.692,14.01,93,24
KRNY,Financial Services,Banks - Regional,6.74,0.0,0.0,0.1,14.18,,-19406.23,0.42,-8.24,2.426,15.52,93,24
DFSC,Industrials,Aerospace & Defense,3.45,0.67,2.89,0.08,6.51,19.72,-19407.35,-31.95,217.18,12.708,,93,94
DAY,Technology,Software - Application,68.95,0.44,0.29,6.0,14.0,,-19422.39,0.3,5.82,11.653,229.33,93,69
FUFU,Financial Services,Capital Markets,3.94,3.9,-0.54,-1.17,28.0,-3.3,-19462.1,0.29,6.68,2.352,13.28,93,71
CLYM,Healthcare,Biotechnology,2.24,1.38,-1.38,0.0,12.92,,-19478.85,-0.02,-7.3,,,93,30
GOTU,Consumer Defensive,Education & Training Services,3.55,-2.78,2.08,2.44,0.88,,-19487.17,-0.39,7.72,21.797,,93,72
GORV,Consumer Cyclical,Auto & Truck Dealerships,2.16,-1.47,25.56,-0.74,13.47,,-19507.94,-129.7,-64.63,408.283,,93,6
BGMS,Healthcare,Biotechnology,4.51,-1470000000.0,7920000000.0,-0.83,10.76,,-19508.06,7123.5,439999999999895.25,0.006,0.0,93,96
FRPT,Consumer Defensive,Packaged Foods,52.12,2.31,-2.42,0.48,12.33,,-19509.86,0.66,11.69,21.453,77.88,93,78
DLR,Real Estate,REIT - Specialty,171.36,9.1,-0.8,3.15,12.77,,-19542.48,3.8,2.08,17.025,45.28,93,61
LYFT,Technology,Software - Application,21.96,9.0,2.0,2.0,9.0,9.0,-19544.23,0.23,7.17,14.671,98.17,93,72
DJT,Communication Services,Internet Content & Information,16.93,0.75,-0.17,-0.2,0.25,24.79,-19574.06,0.09,1633888888888903.8,0.017,193.78,93,97
LVLU,Consumer Cyclical,Apparel Retail,4.73,1.64,3.0,-3.75,2.63,,-19580.44,-17.87,-17.98,104.945,,93,13
LEG,Consumer Cyclical,"Furnishings, Fixtures & Appliances",9.64,0.73,1.13,-2.16,12.54,,-19591.89,1.03,-13.45,30.734,9.11,93,17
DOOO,Consumer Cyclical,Recreational Vehicles,63.41,-5.24,0.91,9.8,2.67,21.6,-19597.46,1.96,-4.1,106.187,31.18,93,41
EFXT,Energy,Oil & Gas Equipment & Services,10.75,1.58,0.57,-0.99,11.25,,-19607.17,1.04,10.12,18.8,10.32,93,76
HGV,Consumer Cyclical,Resorts & Casinos,44.88,2.53,-2.18,-0.4,12.0,,-19608.73,0.55,4.73,46.452,80.96,93,67
CLW,Basic Materials,Paper & Paper Products,21.78,3.24,-32.34,33.03,10.12,,-19630.32,-1.93,-1.65,93.327,,92,50
BNR,Healthcare,Diagnostics & Research,8.41,0.44,5.08,-1.26,10.67,,-19634.56,-1.9,-0.68,50.847,,92,52
JOYY,Communication Services,Internet Content & Information,63.47,0.37,136.0,-107.98,0.32,,-19639.89,-2.2,-26.1,39.018,,92,10
CDTX,Healthcare,Biotechnology,71.22,0.01,2.23,-1.19,11.12,,-19645.88,-7.63,-2013333333333548.8,0.0,,92,2
GWRE,Technology,Software - Application,246.64,0.0,2.22,-5.09,1.75,8.86,-19650.57,0.81,12.28,14.341,302.19,92,78
GDYN,Technology,Information Technology Services,7.77,1.0,-1.0,0.0,7.0,,-19655.3,0.2,13.84,4.779,37.65,92,80
FRSH,Technology,Software - Application,13.17,-1000000.0,7000000.0,0.43,6.0,,-19661.48,-0.18,12.7,2.604,,92,79
IHRT,Communication Services,Broadcasting,3.09,2.41,-9.6,2.31,11.04,,-19662.2,-2.41,-6.04,25.32,,92,35
IMG,Consumer Defensive,Packaged Foods,0.2683,2.21,0.69,0.39,9.82,,-19662.93,-2.42,-2759.08,0.241,,92,4
JAGX,Healthcare,Biotechnology,1.91,0.63,0.29,0.22,5.48,4.22,-19663.68,37.53,-1.49,7.718,0.05,92,50
FIVN,Technology,Software - Infrastructure,26.58,1.0,-14.0,3.5,9.5,,-19667.93,0.12,7.51,14.602,220.75,92,72
BIVI,Healthcare,Biotechnology,1.87,0.0,2.07,0.52,8.0,12.33,-19673.2,-12.12,-7.3,,,92,30
LUMN,Communication Services,Telecom Services,5.75,-3.6,-3.22,2.67,-17.4,,-19678.13,-1.19,-15.96,12.939,,92,14
ELLO,Utilities,Utilities - Renewable,18.2,2.37,-2.81,10.75,3.21,,-19683.01,0.48,-3.51,3.197,36.58,92,43
LB,Energy,Oil & Gas Equipment & Services,52.55,0.07,1.64,-0.42,12.09,,-19683.6,0.78,63.4,7.477,65.83,92,91
LGND,Healthcare,Biotechnology,169.83,9.84,-0.35,-3.21,12.52,,-19689.73,-4.05,-2.54,9.884,,92,46
BHF,Financial Services,Insurance - Life,45.26,5.93,-3.17,3.4,6.01,,-19694.2,8.75,-49.71,136.936,6.58,92,7
HUBS,Technology,Software - Application,513.12,6.0,-5.2,-0.6,3.67,,-19704.44,-0.21,14.47,54.801,,92,80
COHN,Financial Services,Capital Markets,11.3483,3.26,7.32,-2.1,2.79,,-19716.37,1.12,279.33,79.422,9.77,92,94
CCJ,Energy,Uranium,82.61,3.62,0.78,3.5,8.25,9.0,-19740.19,0.89,33.32,8.202,96.83,92,88
CLDI,Healthcare,Biotechnology,1.58,0.09,1.31,0.57,7.42,10.28,-19745.55,-0.2,-50000000000107.05,,,92,3
MKTW,Financial Services,Financial Data & Stock Exchanges,16.99,0.28,-0.43,-0.3,-0.47,-1.09,-19745.8,2.88,-31.69,171.992,5.77,92,9
ENSC,Healthcare,Biotechnology,2.1,0.76,1.09,-3.76,3.24,,-19748.86,-3.51,-7.3,5.513,,92,30
CLNN,Consumer Defensive,Packaged Foods,6.32,-7.67,6.28,0.86,0.36,18.22,-19752.66,-3.78,-177.08,0.034,,92,5
GEL,Energy,Oil & Gas Midstream,16.79,32.83,-6.0,-0.81,1.08,,-19754.25,-1.55,-12.41,23.495,,92,18
BP,Energy,Oil & Gas Integrated,34.56,1.39,3.83,-10.79,14.35,,-19757.99,0.25,-5.25,17.4285,136.48,91,38
FLR,Industrials,Engineering & Construction,42.42,11.51,-1.58,-2.72,14.08,-5.06,-19760.68,24.17,-9.81,95.959,1.85,91,22
GTLB,Technology,Software - Infrastructure,50.04,2.67,-4.14,-1.57,-2.33,,-19766.05,-0.04,27.25,5.241,,91,86
LINE,Real Estate,REIT - Industrial,40.49,-4.0,34.0,6.39,10.22,,-19770.38,-2.4,-1.93,23.732,,91,48
EDBL,Consumer Defensive,Farm Products,1.77,-1.66,3.19,0.57,3.56,,-19773.82,77.13,-27.73,11.585,0.02,91,9
ILMN,Healthcare,Diagnostics & Research,103.03,0.8,-0.41,-2.79,9.38,,-19774.97,7.9,-11.03,27.028,13.01,91,20
CVGW,Consumer Defensive,Food Distribution,27.82,-0.46,0.52,26.0,7.5,,-19776.02,0.75,-13.74,38.902,36.63,91,17
MANU,Communication Services,Entertainment,15.32,-0.44,9.41,-21.96,8.49,,-19790.98,-0.26,4.55,3.861,,91,67
HLF,Consumer Defensive,Packaged Foods,9.28,-0.04,-2.52,2.74,8.6,,-19793.87,3.18,-10.21,48.485,2.87,91,21
IQ,Communication Services,Entertainment,2.63,-2.5,2.0,-2.0,-3.0,,-19798.7,0.01,-17.31,28.741,260.0,91,13
AVPT,Technology,Software - Infrastructure,15.96,-1.0,5.5,-10.0,8.0,,-19806.4,-0.05,19.9,1.929,,91,83
FSHP,Financial Services,Shell Companies,10.55,0.0,0.08,0.08,6.0,8.13,-19806.73,0.33,-7.3,,32.3,91,30
GILT,Technology,Communication Equipment,11.4,2.55,-2.91,0.75,7.5,,-19811.93,0.4,21.5,6.131,29.07,91,84
INTZ,Technology,Software - Infrastructure,1.78,0.1,2.27,-0.03,4.3,,-19813.98,-0.53,8.46,0.506,,91,73
HYPD,Healthcare,Biotechnology,12.28,-0.57,2.27,0.69,5.72,10.79,-19814.21,-28.84,-1.570218111111096e+16,0.023,,91,2
ISPC,Healthcare,Diagnostics & Research,1.55,0.69,0.98,0.49,7.86,7.96,-19818.46,-8.91,-210.42,3.559,,91,5
CDT,Healthcare,Biotechnology,0.6863,2.35,2.37,0.7,19.02,2.94,-19823.65,-142.21,-7.3,,,91,30
BOLD,Healthcare,Biotechnology,1.14,0.01,0.02,0.02,0.1,16.28,-19824.2,-2.48,-7.3,,,91,30
CURI,Communication Services,Broadcasting,4.92,0.0,3.5,1.4,5.0,10.0,-19829.83,-0.09,23.25,1.078,,91,85
CPNG,Consumer Cyclical,Internet Retail,33.42,-2.0,-0.5,1.25,3.0,,-19832.12,0.2,5.47,17.879,164.3,91,69
MAZE,Healthcare,Biotechnology,23.48,0.49,-0.13,-1.93,-3.38,-0.24,-19844.64,-1.68,-8.208333333333332e+17,0.129,,91,1
EXAS,Healthcare,Diagnostics & Research,53.59,53.0,7.65,-21.24,8.0,,-19845.31,-5.45,8.72,15.767,,91,74
ENFY,Basic Materials,Agricultural Inputs,1.01,4.83,-1.92,2.79,12.17,0.14,-19846.39,-1.25,-37.32,5.375,,91,8
FSTR,Industrials,Railroads,27.99,2.4,-9.0,-168.5,0.08,,-19847.61,3.3,-5.59,47.934,8.41,91,37
BIO,Healthcare,Medical Devices,286.49,4.1,12.17,-2.09,7.53,,-19851.34,11.08,-7.41,91.957,25.64,90,26
HST,Real Estate,REIT - Hotel & Motel,17.6,-0.09,1.33,0.25,-0.06,,-19855.59,0.94,7.51,8.512,18.53,90,72
GDEN,Consumer Cyclical,Resorts & Casinos,24.63,1.0,-0.22,-0.64,8.0,,-19856.24,0.57,-16.35,24.069,43.11,90,14
ENLT,Utilities,Utilities - Renewable,28.71,-0.07,0.74,2.83,9.71,4.71,-19856.51,0.17,36.14,3.609,171.59,90,88
HIT,Technology,Software - Application,3.53,0.0,4.79,-3.64,0.6,,-19862.93,0.02,89.1,0.499,179.5,90,92
EXTR,Technology,Communication Equipment,22.68,-3.0,-1.0,2.33,6.0,,-19863.69,-0.06,6.06,8.615,,90,70
DCTH,Healthcare,Medical Devices,11.75,1.67,4.67,-2.83,7.0,,-19864.79,0.09,330.54,2.141,128.22,90,94
GOGO,Communication Services,Telecom Services,9.01,0.11,3.44,-3.75,9.0,,-19865.35,0.04,77.08,5.319,222.0,90,92
CADL,Healthcare,Biotechnology,4.94,-2.67,3.67,-0.21,7.22,,-19870.2,-0.66,-138888888888896.19,,,90,3
CPSH,Technology,Electronic Components,3.35,0.0,8.0,0.0,8.0,,-19875.83,-0.13,32.17,1.774,,90,88
FEAM,Basic Materials,Specialty Chemicals,3.99,7.62,-0.05,0.61,14.95,0.14,-19877.1,-10.63,-7.3,,,90,30
HWH,Consumer Cyclical,Leisure,2.83,8.0,0.33,0.25,11.0,3.89,-19878.69,-0.23,-413745555555562.56,0.236,,90,3
CVNA,Consumer Cyclical,Auto & Truck Dealerships,378.16,-0.19,1.64,-0.13,8.0,,-19883.09,4.04,20.99,124.317,97.0,90,84
CERT,Healthcare,Health Information Services,11.79,-4.0,-0.33,5.0,7.0,,-19886.23,0.05,4.25,2.522,229.6,90,66
ISPO,Consumer Cyclical,Travel Services,3.07,-4.0,2.5,-4.67,4.55,,-19886.35,0.82,-9.06,20.948,3.57,90,23
GPOR,Energy,Oil & Gas E&P,173.28,132.57,219.0,-17.55,7.1,,-19887.93,-6.81,41.71,63.568,,90,89
BNGO,Healthcare,Medical Instruments & Supplies,1.79,-0.73,8.38,1.78,6.24,,-19892.28,-43.87,-10.12,11.901,,90,21
KALU,Basic Materials,Aluminum,78.86,0.07,2.05,-0.7,6.58,,-19897.67,3.32,-1.06,193.235,23.25,90,51
INSG,Technology,Communication Equipment,13.04,4.33,-0.6,-7.6,-0.5,,-19897.92,-0.98,-30.56,12.343,,90,9
CRDO,Technology,Semiconductors,172.31,0.37,0.59,6.67,7.17,5.5,-19898.75,0.71,197.76,3.547,238.82,90,94
BWFG,Financial Services,Banks - Regional,45.95,0.32,1.75,0.33,7.29,,-19901.33,2.64,7.28,10.59,17.27,90,72
ENVB,Healthcare,Biotechnology,0.63,0.26,0.98,0.49,2.84,6.55,-19901.55,-9.97,-7.3,,,90,30
EXE,Energy,Oil & Gas E&P,98.89,4.84,0.62,-1.02,3.35,,-19905.23,-0.03,413.26,42.289,,90,94
BRY,Energy,Oil & Gas E&P,4.08,3.91,-61.5,-46.5,4.91,,-19905.25,0.08,-27.28,9.096,48.75,90,10
FIHL,Financial Services,Insurance - Diversified,17.76,3.11,1.87,-2.24,-1.56,,-19909.25,-0.38,12.21,23.372,,90,78
IREN,Financial Services,Capital Markets,36.32,5.23,0.22,4.0,8.21,0.37,-19910.79,0.39,184.03,2.335,99.08,89,93
MNDY,Technology,Software - Application,206.18,-17.0,0.2,2.87,-8.67,,-19919.24,0.77,26.26,21.664,284.61,89,86
CDLR,Industrials,Engineering & Construction,21.44,0.0,2.33,2.33,5.25,7.0,-19921.17,3.17,101.71,5.3,6.6,89,92
LXP,Real Estate,REIT - Industrial,9.31,0.5,0.5,1.0,8.0,7.0,-19921.38,0.27,-5.28,1.244,34.15,89,38
AUUD,Technology,Software - Application,2.14,0.31,0.6,0.38,3.96,7.73,-19921.75,-23.82,-7.3,,,89,30
ERO,Basic Materials,Copper,16.79,-0.13,0.32,0.46,2.31,12.0,-19922.02,1.38,20.45,5.182,12.3,89,84
HBM,Basic Materials,Copper,13.41,0.2,0.32,0.46,8.5,3.17,-19923.66,0.73,13.68,5.582,19.01,89,80
ITRG,Basic Materials,Other Precious Metals & Mining,2.71,5.0,4.5,1.29,2.17,9.0,-19923.77,0.11,4.408688888888888e+17,1.057,26.64,89,99
BLNE,Consumer Defensive,Beverages - Wineries & Distilleries,3.58,8.59,0.04,0.04,12.59,0.27,-19924.02,-19.8,1.1873333333333296e+16,0.387,,89,98
KW,Real Estate,Real Estate Services,8.89,5.0,-2.25,3.33,7.6,,-19925.51,-0.67,-3.58,3.86,,89,42
KOPN,Technology,Electronic Components,2.7,-0.5,0.25,0.2,0.67,12.5,-19931.26,-0.06,-36.35,0.302,,89,8
DAKT,Technology,Electronic Components,22.735,2.79,0.89,-2.28,4.09,,-19936.36,0.23,-6.83,15.536,96.26,89,34
FDSB,Financial Services,Banks - Regional,13.9181,29.5,4.25,1.31,3.97,11.18,-19938.69,0.46,101.08,2.84,29.65,89,92
ECVT,Basic Materials,Specialty Chemicals,9.36,2.67,7.67,-3.17,-0.4,,-19938.81,-0.12,0.95,6.203,,89,58
MNTS,Industrials,Aerospace & Defense,1.19,0.33,1.42,0.59,3.81,4.64,-19944.11,-11.28,-265.22,0.28,,89,4
KVUE,Consumer Defensive,Household & Personal Products,18.1,0.29,0.13,-0.33,6.33,,-19945.93,0.75,-9.8,7.902,24.45,89,22
CGC,Healthcare,Drug Manufacturers - Specialty & Generic,1.38,5.5,-0.29,0.33,6.27,,-19946.31,-3.06,-2.72,2.039,,89,46
DB,Financial Services,Banks - Regional,35.94,-0.21,0.05,0.05,11.54,0.44,-19949.41,2.89,-3.37,15.259,12.54,89,43
LAZR,Consumer Cyclical,Auto Parts,2.31,2.1,-0.52,-2.4,6.02,,-19951.14,-2.38,1.09,1.832,,89,58
ESHA,Financial Services,Shell Companies,12.09,-3.5,-13.0,-13.0,-4.86,-2.33,-19956.18,-0.2,-7.3,,,89,30
DAO,Consumer Defensive,Education & Training Services,8.88,-5.33,-0.09,-0.04,4.67,,-19956.51,0.27,1.61,47.932,32.78,89,59
CCLD,Healthcare,Health Information Services,3.52,2.0,-4000000.0,4000000.0,4.5,,-19961.7,-0.02,-11.79,4.532,,89,18
EVC,Communication Services,Advertising Agencies,2.51,12.25,0.17,-3.77,7.75,,-19963.94,-1.3,-6.19,4.382,,89,35
BWMN,Industrials,Engineering & Construction,43.43,4.09,-4.09,7.5,3.62,,-19966.32,0.65,18.36,28.192,66.02,89,83
INDV,Healthcare,Drug Manufacturers - Specialty & Generic,22.89,-1.53,4.43,1.33,6.27,,-19970.34,0.81,-1.75,9.214,27.79,89,49
BZ,Communication Services,Internet Content & Information,24.35,0.0,0.14,-0.04,0.24,1.14,-19975.02,0.67,6.01,17.68,36.24,88,70
GBDC,Financial Services,Asset Management,14.2,0.13,-0.4,0.17,5.8,,-19979.23,1.42,5212.05,3.303,10.09,88,95
FGNX,Financial Services,Asset Management,8.21,3.04,-0.29,-3.42,2.39,,-19981.03,-13.03,68.1,19.503,,88,91
JACK,Consumer Cyclical,Restaurants,18.85,7.44,-5.22,0.57,6.42,,-19981.11,-3.43,-10.55,77.957,,88,20
AYTU,Healthcare,Drug Manufacturers - Specialty & Generic,2.37,4.0,-0.85,2.71,2.25,4.25,-19981.78,-1.49,16.61,13.636,,88,82
BRSP,Real Estate,REIT - Mortgage,5.77,-5.75,-0.75,-0.43,1.79,12.25,-19983.75,-0.21,-9.77,2.635,,88,22
FIEE,Technology,Communication Equipment,2.8109,-0.3,0.55,0.35,0.23,10.1,-19984.38,-0.27,299953333332872.3,0.011,,88,96
EVAX,Healthcare,Biotechnology,2.995,-1.0,6.0,-0.75,5.0,,-19985.57,-6.5,81111111111390.88,1.179,,88,96
FLGC,Healthcare,Drug Manufacturers - Specialty & Generic,25.77,-1.75,3.0,0.75,0.91,8.5,-19985.58,-34.71,30.02,119.44,,88,87
BANC,Financial Services,Banks - Regional,17.05,-1.17,-0.08,29.0,0.0,,-19994.73,0.65,-17.56,5.721,25.94,88,13
GDC,Communication Services,Electronic Gaming & Multimedia,7.91,-0.25,1.75,0.64,2.9,6.0,-19996.35,-0.7,-7.3,,,88,30
CMND,Healthcare,Biotechnology,1.0,-0.56,0.5,0.73,1.36,0.75,-19997.59,-0.75,-7.3,,,88,30
GMED,Healthcare,Medical Devices,56.75,1.73,1.89,-1.0,5.52,,-20000.08,2.58,18.36,19.301,21.67,88,83
CCO,Communication Services,Advertising Agencies,1.46,-5.5,4.56,0.92,5.0,,-20001.37,-0.16,-4.78,3.132,,88,39
GOVX,Healthcare,Biotechnology,0.6615,0.29,0.51,0.34,4.69,4.49,-20002.7,-0.93,4303388888888962.5,0.568,,88,97
EMX,Basic Materials,Other Industrial Metals & Mining,4.24,0.0,0.0,0.0,5.0,3.0,-20002.74,0.05,39.71,0.27,86.0,88,89
ELDN,Healthcare,Biotechnology,2.55,-0.62,-7.06,-1.16,6.08,3.25,-20006.62,0.65,-7.3,,3.92,88,30
AXGN,Healthcare,Medical Devices,17.26,9.0,-9.0,5.0,5.0,,-20008.2,-0.1,9.47,4.485,,88,75
INTR,Financial Services,Banks - Regional,8.9,0.11,0.07,0.08,0.5,0.51,-20010.48,0.48,30.61,12.088,18.31,88,87
ELAN,Healthcare,Drug Manufacturers - Specialty & Generic,19.1,-6.0,8.0,-38.0,6.0,,-20011.2,0.88,-4.91,9.057,21.82,88,38
FLNC,Utilities,Utilities - Renewable,7.92,5.8,0.33,-2.16,4.0,,-20013.68,-0.18,29.45,18.872,,88,87
MBUU,Consumer Cyclical,Recreational Vehicles,33.38,-1.75,4.5,3.08,4.92,,-20016.59,0.76,6.79,41.067,42.21,88,71
CHMI,Real Estate,REIT - Mortgage,2.61,8.67,-2.0,2.69,1.0,,-20016.76,-0.51,-11.47,0.804,,88,19
ERII,Industrials,Pollution & Treatment Controls,15.14,5.5,-3.28,1.73,5.0,,-20017.84,0.42,-1.21,2.537,34.98,88,51
LITE,Technology,Communication Equipment,171.5,5.78,0.37,0.37,2.22,,-20024.85,0.37,29.33,23.841,456.03,87,87
GHM,Industrials,Specialty Industrial Machinery,54.08,0.05,1.67,-1.0,0.56,,-20024.96,1.26,6.66,19.764,42.58,87,71
INBS,Healthcare,Medical Devices,1.42,0.0,0.14,0.4,1.42,2.25,-20025.02,-2.0,1396524444444464.0,0.579,,87,97
AZZ,Industrials,Specialty Business Services,116.63,7.4,-0.65,-0.06,5.14,,-20025.7,8.83,13.07,53.089,12.9,87,79
BKYI,Industrials,Security & Protection Services,0.7977,-0.25,2.31,-0.36,4.0,,-20027.23,-1.12,29.13,1.784,,87,87
CMCL,Basic Materials,Gold,31.82,234.56,-65.0,1.47,1.52,,-20027.69,1.92,17.94,10.647,17.35,87,83
FWONA,Communication Services,Entertainment,93.85,16.0,-2.17,-0.68,14.3,-2.67,-20028.09,1.0,25.46,15.652,93.48,87,86
FWONK,Communication Services,Entertainment,103.68,16.0,-2.17,-0.68,14.3,-2.67,-20028.09,1.01,25.46,15.652,102.64,87,86
HLIT,Technology,Communication Equipment,10.49,-0.67,-5.6,0.74,4.67,,-20028.86,0.59,-4.08,5.956,17.31,87,41
BLFY,Financial Services,Banks - Regional,9.68,0.3,0.0,0.46,0.1,,-20029.37,-0.54,3.71,2.038,,87,65
KRYS,Healthcare,Biotechnology,160.61,0.07,-0.27,0.66,1.46,,-20029.97,4.91,5.633222222222229e+16,12.472,33.31,87,98
GEVO,Basic Materials,Specialty Chemicals,2.09,10.0,0.0,0.0,10.0,-0.12,-20030.35,-0.25,640.99,0.352,,87,95
FRO,Energy,Oil & Gas Midstream,23.87,1.33,-1.0,0.11,-1.4,,-20031.12,1.08,-3.33,8.193,21.49,87,43
LTM,Industrials,Airlines,47.57,-0.26,1.04,-0.94,1.7,,-20032.55,3.92,12.53,44.0,12.03,87,79
BWIN,Financial Services,Insurance Brokers,31.5,-5.2,2.48,-1.38,4.6,,-20033.15,-0.3,12.12,22.227,,87,78
GCI,Communication Services,Publishing,4.38,11.8,-10.0,4.21,4.4,,-20034.79,0.72,-15.26,16.627,5.97,87,15
ELBM,Basic Materials,Other Industrial Metals & Mining,1.09,20.5,-0.62,-1.65,9.25,0.01,-20035.42,-1.18,-7.3,,,87,30
FHI,Financial Services,Asset Management,53.31,-0.08,0.2,-0.02,4.8,,-20036.24,4.51,-0.96,21.728,11.69,87,52
KD,Technology,Information Technology Services,31.48,-0.25,-2.1,5.89,3.8,,-20036.64,1.23,-9.7,65.079,25.49,87,22
MPAA,Consumer Cyclical,Auto Parts,16.49,5.0,-4.0,2.25,6.75,,-20037.19,0.08,1.69,39.565,207.0,87,60
IKT,Healthcare,Biotechnology,1.54,0.36,1.67,0.62,5.0,3.87,-20038.14,-0.04,-7.3,,,87,30
GXAI,Communication Services,Electronic Gaming & Multimedia,1.6,0.55,1.29,0.56,5.55,4.35,-20040.63,-0.59,1140233333333571.8,0.042,,87,96
CCG,Communication Services,Internet Content & Information,1.47,-3.6,7.2,0.32,2.23,,-20042.46,-0.05,10.55,39.291,,87,76
LCNB,Financial Services,Banks - Regional,16.35,0.24,-0.33,0.42,4.86,,-20042.55,1.5,6.19,6.188,10.68,87,70
AZN,Healthcare,Drug Manufacturers - General,77.07,-0.19,0.94,0.05,0.27,,-20045.64,2.65,4.95,3.024603,28.78,87,68
KGS,Energy,Oil & Gas Equipment & Services,34.05,0.29,0.62,4.0,5.29,,-20045.79,0.91,4.12,14.863,36.55,86,66
FLG,Financial Services,Banks - Regional,12.41,0.37,0.58,0.93,5.0,,-20049.83,-1.46,-18.12,4.226,,86,13
FET,Energy,Oil & Gas Equipment & Services,27.38,5.89,94.22,-5.99,2.15,,-20051.24,-8.91,-4.07,65.036,,86,41
LGVN,Healthcare,Biotechnology,0.77,0.03,0.0,0.0,4.55,3.74,-20051.55,0.25,-21.8,0.142,3.14,86,11
DDL,Consumer Defensive,Grocery Stores,2.16,15.0,-12.5,-0.48,0.6,,-20054.1,0.19,-1.19,110.682,11.11,86,51
MD,Healthcare,Medical Care Facilities,16.59,0.87,-0.47,0.54,5.07,,-20060.95,1.3,-12.01,23.071,12.52,86,18
FORA,Healthcare,Health Information Services,2.31,5.0,-0.6,-1.5,9.0,0.0,-20062.07,-0.03,33.26,0.804,,86,88
CTEV,Healthcare,Health Information Services,55.39,0.15,2.27,0.69,8.34,6.58,-20063.17,-40.93,-7.12,57.533,,86,33
DTSS,Technology,Software - Infrastructure,2.16,-0.5,2.06,1.08,5.46,3.5,-20063.39,-2.66,1518.72,10.321,,86,95
ICU,Healthcare,Biotechnology,0.9,1.44,1.05,0.22,4.72,,-20064.14,-1.85,2403333333333326.0,0.106,,86,97
BILI,Communication Services,Internet Content & Information,27.08,27.0,-12.0,2.16,3.81,,-20069.14,0.07,9.75,70.211,387.86,86,75
HNRG,Energy,Thermal Coal,19.16,-0.21,0.7,2.37,2.42,5.6,-20070.02,-4.98,3.76,9.895,,86,65
FBRX,Healthcare,Biotechnology,13.21,0.43,1.16,0.54,6.06,1.94,-20072.17,-3.68,-7.3,,,86,30
CEPU,Utilities,Utilities - Regulated Electric,7.74,3.61,-2.16,5.36,2.61,,-20072.5,0.85,48.92,6211.25,9.04,86,90
GECC,Financial Services,Asset Management,11.33,24.5,-3.62,-0.78,8.29,2.25,-20072.67,1.62,4545.64,4.305,7.07,86,95
BCRX,Healthcare,Drug Manufacturers - Specialty & Generic,7.96,2000000.0,13000000.0,-0.86,4.0,,-20074.07,-0.18,40.16,2.678,,86,89
KRG,Real Estate,REIT - Retail,22.23,3.55,0.1,0.25,3.27,,-20075.3,0.79,6.3,3.901,28.08,86,70
HTZ,Industrials,Rental & Leasing Services,6.74,0.52,0.08,1.78,1.97,,-20075.8,-8.29,-9.9,28.059,,86,21
BG,Consumer Defensive,Farm Products,79.9,0.76,-2.0,1.84,4.33,,-20077.76,9.92,-11.03,372.893,7.98,86,20
CPHI,Healthcare,Drug Manufacturers - Specialty & Generic,1.965,0.5,0.75,0.43,4.56,2.0,-20078.4,-1.47,-9.97,1.665,,86,21
CTRN,Consumer Cyclical,Apparel Retail,33.95,3.36,16.55,1.04,5.6,,-20078.44,-1.99,-3.16,95.637,,86,44
GTBP,Healthcare,Biotechnology,0.8157,-0.67,1.82,0.65,2.95,3.97,-20078.95,-3.98,-7.3,,,86,30
LNSR,Healthcare,Medical Devices,12.4,14.47,-0.44,-11.38,4.27,,-20079.64,-4.21,4.97,4.973,,86,68
MIND,Technology,Scientific & Technical Instruments,8.27,3.0,-3.08,-10.48,3.18,,-20081.37,4.54,25.29,6.605,1.8,86,86
GRAB,Technology,Software - Application,6.35,0.0,0.0,0.0,2.0,4.0,-20083.17,0.02,29.98,0.755,319.5,86,87
HSII,Industrials,Staffing & Employment Services,51.29,0.57,2.12,-2.0,5.08,,-20083.22,1.6,2.99,56.451,31.14,85,63
DIOD,Technology,Semiconductors,56.55,10.9,-2.8,-0.67,4.82,,-20084.11,1.37,-1.65,29.934,39.37,85,50
ENR,Industrials,Electrical Equipment & Parts,29.53,4.54,0.26,-1.13,4.54,,-20084.41,3.45,-5.54,40.704,8.36,85,37
JRSH,Consumer Cyclical,Apparel Manufacturing,3.43,4.0,-1000000.0,-5000000.0,4.67,,-20085.27,0.07,-9.19,11.625,47.86,85,23
BNTC,Healthcare,Biotechnology,13.99,0.37,0.45,-0.35,-0.04,7.0,-20085.35,-5.03,-83333333333337.69,,,85,3
CBL,Real Estate,REIT - Retail,31.6,-2.37,-3.56,1.37,-0.75,,-20086.82,2.08,-2.26,17.716,14.59,85,47
COSM,Healthcare,Medical Distribution,0.9319,-2.33,7.0,0.87,0.5,2.67,-20087.58,-1.04,0.05,2.264,,85,55
AVO,Consumer Defensive,Food Distribution,12.73,4.25,-0.5,-3.0,0.24,,-20087.68,0.55,3.75,20.138,22.76,85,65
GERN,Healthcare,Biotechnology,1.32,0.5,0.33,0.0,4.0,,-20088.47,-0.13,7990.08,0.247,,85,96
FVRR,Communication Services,Internet Content & Information,25.21,3.5,-17.0,8.0,0.0,,-20089.09,0.49,5.75,11.631,54.43,85,69
CMCT,Real Estate,REIT - Office,7.21,0.09,1.15,5.85,4.21,,-20090.16,-245.51,-14.24,253.047,,85,16
MCS,Communication Services,Entertainment,16.1,3.3,-18.23,-22.75,3.69,,-20090.62,0.47,12.12,23.259,33.28,85,78
EM,Consumer Cyclical,Personal Services,1.36,0.0,-1.0,30.72,1.16,,-20092.5,-0.01,18.57,7.409,,85,83
EEX,Communication Services,Advertising Agencies,5.15,-9.0,1.67,2.67,2.0,,-20092.7,0.04,23.99,2.145,128.5,85,85
ELUT,Healthcare,Medical Devices,1.08,-1.3,1.6,-9.67,3.91,,-20094.51,-0.43,-18.32,0.64,,85,13
MMYT,Consumer Cyclical,Travel Services,99.28,-0.13,0.08,0.5,0.21,,-20095.61,0.86,11.01,8.756,118.42,85,77
HSAI,Consumer Cyclical,Auto Parts,29.64,3.49,-9.53,3.09,2.7,,-20097.22,0.11,43.41,19.007,264.09,85,89
BNZI,Technology,Software - Application,2.47,-26.2,15.73,0.94,-1.9,9.93,-20098.21,-111.67,127.94,8.203,,85,93
DDD,Technology,Computer Hardware,2.47,3.82,-0.12,4.4,4.76,,-20098.93,-1.24,-24.2,3.122,,85,11
CISO,Technology,Software - Infrastructure,1.22,3.22,-0.09,-0.09,6.67,0.45,-20099.68,-1.16,-0.41,1.65,,85,53
LYRA,Healthcare,Biotechnology,6.35,0.18,0.19,0.16,5.67,1.69,-20100.08,-28.99,-115.04,0.583,,85,5
BZAI,Technology,Software - Application,3.43,4.19,-0.7,-2.38,-1.34,-7.82,-20100.25,-1.54,-5978333333332814.0,0.063,,85,2
HUT,Financial Services,Capital Markets,37.38,2.02,-2.18,152.02,2.65,,-20101.03,1.43,635.94,1.41,25.34,85,95
BIPC,Utilities,Utilities - Regulated Gas,41.07,-2.23,2.58,2.58,-2.08,14.4,-20101.65,-9.78,0.01,30.667,,85,55
AUGO,Basic Materials,Gold,30.99,10.09,-5.35,2.44,4.27,,-20102.41,-0.82,24.47,9.321,,84,86
BBLG,Healthcare,Medical Devices,2.14,0.44,3.2,0.76,2.02,3.09,-20102.79,-21.39,-7.3,,,84,30
IDAI,Technology,Software - Application,3.15,0.29,0.09,0.08,3.62,3.46,-20102.92,-5.84,32.12,1.713,,84,88
BUR,Financial Services,Asset Management,12.87,1.86,1.2,-8.76,0.6,,-20103.42,1.06,65.27,2.022,11.74,84,91
KRUS,Consumer Cyclical,Restaurants,77.715,7.2,-2.87,4.75,2.0,,-20105.7,-0.82,23.89,22.98,,84,85
BORR,Energy,Oil & Gas Drilling,3.09,3.14,-2.57,1.75,0.15,,-20106.46,0.22,12.29,4.029,13.41,84,78
CTSO,Healthcare,Medical Devices,0.9329,2.5,6.0,-2.52,3.67,,-20107.82,-0.18,-3.26,0.621,,84,43
CTRE,Real Estate,REIT - Healthcare Facilities,34.71,0.03,0.21,0.38,4.14,,-20108.55,1.22,31.71,2.071,28.15,84,87
CPRI,Consumer Cyclical,Luxury Goods,21.52,13.36,-0.18,-24.05,5.0,,-20110.02,-9.56,-14.42,37.025,,84,16
DASH,Consumer Cyclical,Internet Retail,268.07,0.46,0.35,-0.12,2.76,,-20111.0,1.83,19.28,28.376,144.97,84,83
FPI,Real Estate,REIT - Specialty,11.07,4.0,0.2,0.25,3.5,2.0,-20112.03,1.29,-32.7,1.186,8.47,84,9
KEQU,Consumer Cyclical,"Furnishings, Fixtures & Appliances",45.6,0.39,0.65,-1.23,0.4,-3.98,-20112.4,4.13,28.46,91.942,10.66,84,86
MAGN,Basic Materials,Paper & Paper Products,11.45,1.25,0.47,1.54,8.43,,-20113.85,-20.28,101.17,81.994,,84,92
HIMS,Healthcare,Drug Manufacturers - Specialty & Generic,56.2,-0.16,0.83,-1.92,2.17,,-20113.91,0.79,66.51,9.131,73.19,84,91
DNOW,Industrials,Industrial Distribution,15.49,0.2,-0.1,0.83,0.14,,-20118.0,0.76,-3.19,22.704,19.86,84,44
KVHI,Communication Services,Telecom Services,6.17,2.8,1.44,-2.67,3.4,,-20118.1,-0.32,-14.38,5.55,,84,16
GENC,Industrials,Farm & Heavy Construction Machinery,15.25,-0.62,0.62,0.21,0.53,0.0,-20118.54,1.04,-0.39,8.018,14.56,84,53
ITRI,Technology,Scientific & Technical Instruments,121.09,0.04,0.12,-0.34,0.34,,-20119.3,5.85,-5.0,53.958,20.62,84,38
GEOS,Energy,Oil & Gas Equipment & Services,19.06,13.83,-2.17,2.52,3.67,,-20121.0,-1.02,-5.35,9.035,,84,38
IBIO,Healthcare,Biotechnology,0.87,0.0,-0.02,-0.04,0.34,0.73,-20121.03,-1.75,-1843333333333323.0,0.038,,84,2
HRTX,Healthcare,Biotechnology,1.29,-2.0,0.0,2.5,2.0,,-20121.43,-0.01,1.13,0.976,,84,58
EFOI,Consumer Cyclical,"Furnishings, Fixtures & Appliances",2.93,0.25,0.2,0.0,2.0,,-20122.49,-0.2,-40.92,0.798,,84,7
CYCN,Healthcare,Biotechnology,2.34,4.09,-0.32,-0.47,3.82,0.11,-20125.51,-0.69,2512222222222102.0,0.809,,84,97
ELVA,Industrials,Electrical Equipment & Parts,6.77,0.0,3.0,0.0,3.0,2.0,-20125.58,0.03,65.52,1.495,233.33,84,91
FUBO,Communication Services,Broadcasting,4.38,-28.5,6.0,0.45,3.0,,-20127.41,0.19,3.22,4.815,22.89,84,64
BROS,Consumer Cyclical,Restaurants,58.12,0.54,3.33,-2.67,0.67,,-20127.43,0.46,23.77,12.203,127.43,83,85
BAX,Healthcare,Medical Instruments & Supplies,23.69,-0.39,5.0,-4.7,4.44,,-20127.93,-0.48,-6.11,21.284,,83,35
LIF,Technology,Software - Application,103.08,0.5,-0.33,-0.25,2.67,3.33,-20128.11,0.38,33.67,1.889,270.84,83,88
MIRM,Healthcare,Biotechnology,75.32,1.5,0.64,-0.64,3.33,,-20128.3,-1.21,93.79,8.824,,83,92
IPI,Basic Materials,Agricultural Inputs,28.64,-0.44,45.56,-113.57,5.17,,-20128.72,-15.62,1.81,17.415,,83,60
KFS,Consumer Cyclical,Auto & Truck Dealerships,14.53,0.0,-0.13,-0.15,-0.62,-0.44,-20130.22,-0.42,7.64,4.393,,83,72
LITS,Healthcare,Biotechnology,2.71,0.03,2.0,0.07,2.51,3.15,-20131.33,-4.75,0.55,0.0,,83,56
CAG,Consumer Defensive,Packaged Foods,18.75,0.77,-1.0,-0.62,3.23,,-20131.55,2.4,-10.19,24.279,7.72,83,21
GLW,Technology,Electronic Components,79.62,2.06,-1.0,3.57,3.58,,-20133.08,0.94,4.37,16.635,84.64,83,67
EVOK,Healthcare,Drug Manufacturers - Specialty & Generic,5.08,-0.22,0.42,0.3,0.5,3.1,-20134.87,-1.25,52.9,4.827,,83,90
HNST,Consumer Defensive,Household & Personal Products,4.05,0.0,4.0,-7.1,2.33,,-20135.75,0.06,-5.0,3.658,65.33,83,38
EVCM,Technology,Software - Infrastructure,12.145,2.0,0.75,-0.4,3.0,,-20135.76,-0.08,0.69,3.874,,83,56
CLFD,Technology,Communication Equipment,34.37,0.22,2.44,-1.17,3.75,,-20139.23,0.01,-2.4,12.723,3397.0,83,47
GLBE,Consumer Cyclical,Internet Retail,36.8,2.83,-12.0,14.0,3.17,,-20139.9,-0.16,26.65,4.997,,83,86
DNA,Healthcare,Biotechnology,11.42,0.53,0.19,-0.85,2.85,,-20140.32,-5.76,-21.57,4.29,,83,12
LEDS,Technology,Semiconductors,2.19,-0.67,2.6,-0.14,3.0,3.2,-20141.15,-0.06,-40.55,4.166,,83,8
MDIA,Communication Services,Broadcasting,1.32,0.09,-3.54,-1.39,5.82,0.5,-20141.7,0.88,27.02,1.609,1.47,83,86
LSF,Consumer Defensive,Packaged Foods,5.96,-0.5,0.0,0.0,-0.5,4.5,-20142.26,-0.1,9.76,4.542,,83,75
MSC,Consumer Cyclical,Resorts & Casinos,4.1069,6.2,-0.33,0.59,2.8,,-20143.72,-0.36,341.1,3.527,,83,94
EYE,Consumer Cyclical,Specialty Retail,26.43,-0.64,3.0,-2.27,3.75,,-20144.0,-0.2,-3.94,23.917,,83,42
CAN,Technology,Computer Hardware,0.8199,8.94,0.21,-0.19,4.67,,-20144.19,-0.88,-2.45,1.078,,83,47
EXOD,Technology,Software - Infrastructure,29.26,3.84,-1.14,-8.0,4.46,-5.64,-20144.46,2.88,39.95,4.613,10.13,83,89
IFF,Basic Materials,Specialty Chemicals,63.75,2.67,-21.11,-2.28,2.57,,-20146.16,-1.54,-10.49,44.066,,83,20
GAUZ,Technology,Electronic Components,5.93,0.02,0.05,-1.1,3.56,,-20146.2,-0.12,51.82,5.161,,83,90
EDSA,Healthcare,Biotechnology,2.3,0.2,0.6,0.04,1.08,0.93,-20146.78,-1.24,-7.3,,,83,30
FMST,Basic Materials,Other Industrial Metals & Mining,2.93,3.37,1.42,0.22,5.0,0.58,-20148.08,-0.2,-7.3,,,82,30
GLMD,Healthcare,Biotechnology,1.51,-0.02,1.36,0.58,1.62,2.39,-20148.84,-5.61,-7.3,,,82,30
LINC,Consumer Defensive,Education & Training Services,21.46,-0.2,-2.67,0.69,3.5,,-20149.27,0.46,4.68,15.192,45.61,82,67
HRMY,Healthcare,Biotechnology,32.63,-0.14,-0.1,0.07,2.45,,-20151.83,3.1,14.38,13.509,10.5,82,80
GAME,Communication Services,Electronic Gaming & Multimedia,0.7747,0.75,0.14,0.12,3.75,1.14,-20152.36,-1.36,-1.08,2.678,,82,51
AVGO,Technology,Semiconductors,345.35,-0.19,-0.11,0.27,3.2,,-20152.56,3.9,15.48,12.755,88.45,82,81
HMN,Financial Services,Insurance - Property & Casualty,46.33,-0.31,0.06,0.06,6.89,0.45,-20153.91,3.38,-2.61,39.932,13.56,82,46
GRNT,Energy,Oil & Gas E&P,5.6,1.71,2.29,-2.29,3.75,,-20154.79,0.25,10.96,3.141,21.6,82,77
GRPN,Communication Services,Internet Content & Information,22.42,1.83,-0.47,-0.32,3.04,2.83,-20155.03,-0.28,-15.87,12.241,,82,14
DPRO,Industrials,Aerospace & Defense,5.46,0.03,-0.83,-4.75,4.85,0.35,-20159.02,-2.27,6.5,1.37,,82,70
HOVR,Industrials,Aerospace & Defense,2.03,0.0,-5.88,6.53,0.76,1.65,-20159.1,0.12,-7.3,,18.58,82,30
JOUT,Consumer Cyclical,Leisure,41.97,2.36,7.66,1.25,3.74,,-20159.15,-3.87,-6.92,54.855,,82,34
MNY,Communication Services,Internet Content & Information,2.22,4.0,-6.0,4.0,2.0,,-20160.37,-0.74,-40.91,2.012,,82,8
IRS,Real Estate,Real Estate Services,11.52,0.02,2.39,1.87,7.47,0.48,-20160.87,1.5,55.94,6645.92,7.93,82,90
CYRX,Industrials,Integrated Freight & Logistics,10.05,8.32,0.5,-20.0,2.27,,-20161.24,-1.0,2.65,4.776,,82,62
CALM,Consumer Defensive,Farm Products,104.47,-0.48,1.32,0.46,1.32,2.46,-20161.65,24.95,55.53,87.479,4.01,82,90
HYPR,Healthcare,Medical Devices,1.39,0.0,0.17,0.0,0.17,,-20161.86,-0.52,17.82,0.144,,82,82
CECO,Industrials,Pollution & Treatment Controls,51.15,-2.81,6.36,1.33,1.08,,-20162.63,1.43,22.76,18.713,34.19,82,85
GSAT,Communication Services,Telecom Services,34.56,2.23,1.62,-8.3,2.3,,-20163.85,-0.4,9.28,2.063,,82,75
GHC,Consumer Defensive,Education & Training Services,1159.9,0.53,-22.02,6.66,2.76,,-20165.25,154.05,-0.68,1117.192,7.47,82,52
KSCP,Industrials,Security & Protection Services,6.19,0.42,0.9,0.47,1.98,2.12,-20165.95,-6.59,1.03,2.234,,82,58
CTRI,Utilities,Utilities - Regulated Gas,21.8,3.22,-2.67,4.0,-0.56,,-20166.47,-0.02,0.41,30.64,,82,56
CRGO,Industrials,Integrated Freight & Logistics,3.3,0.0,1.22,-2.33,0.22,,-20166.78,-0.43,24.25,0.548,,82,85
INAB,Healthcare,Biotechnology,2.06,0.69,0.57,0.36,3.44,1.86,-20168.32,-9.16,-7.3,,,82,30
MCY,Financial Services,Insurance - Property & Casualty,79.31,2.54,-2.07,-1.28,1.66,,-20168.37,7.04,5.5,104.155,11.29,81,69
CAE,Industrials,Aerospace & Defense,26.98,-0.97,-0.49,2.31,0.2,5.28,-20170.0,0.94,-1.72,14.817,29.73,81,49
LXFR,Industrials,Specialty Industrial Machinery,14.77,-1.1,-0.62,-0.38,6.0,1.1,-20170.26,0.98,-3.84,15.088,14.37,81,42
GSM,Basic Materials,Other Industrial Metals & Mining,4.21,5.0,-0.44,-3.5,5.0,,-20170.37,0.71,8.68,7.96,5.9,81,74
CWK,Real Estate,Real Estate Services,16.87,24.0,-48.0,2.27,3.17,,-20171.21,0.88,-1.52,42.339,18.91,81,50
GWH,Industrials,Electrical Equipment & Parts,1.5,0.67,0.31,-0.04,1.08,,-20172.21,-6.26,993333333333791.4,0.513,,81,96
AVDL,Healthcare,Drug Manufacturers - Specialty & Generic,16.23,3.0,0.0,-0.67,2.4,,-20172.39,-0.02,3.107000000000009e+16,2.291,,81,98
HOOD,Financial Services,Capital Markets,120.91,0.19,-1.81,5.12,1.1,,-20174.8,1.97,30.89,4.036,63.34,81,87
LC,Financial Services,Banks - Regional,17.64,2.3,0.11,-0.44,1.54,,-20175.32,0.64,14.25,11.026,27.53,81,80
CACC,Financial Services,Credit Services,504.27,-0.16,-0.41,0.93,2.97,,-20175.7,34.62,-0.06,97.377,14.65,81,54
LDWY,Communication Services,Advertising Agencies,5.103,1.36,2.28,2.28,2.4,3.92,-20177.65,-1.47,2.030000000000002e+16,40.251,,81,98
FLXS,Consumer Cyclical,"Furnishings, Fixtures & Appliances",51.74,3.86,-3.44,1.16,1.14,,-20179.69,3.55,-7.97,84.03,13.59,81,25
MDGL,Healthcare,Biotechnology,440.75,0.75,-0.23,0.82,2.74,,-20180.65,-12.67,2.001477777777787e+17,23.437,,81,99
KTTA,Healthcare,Biotechnology,0.7197,1.44,0.39,0.28,4.62,1.3,-20180.77,-7.13,-16735555555562.86,,,81,3
LNTH,Healthcare,Drug Manufacturers - Specialty & Generic,51.56,0.08,7.24,-12.12,0.29,,-20180.95,3.76,9.52,22.049,13.41,81,75
KNSA,Healthcare,Drug Manufacturers - Specialty & Generic,35.92,1.0,2.0,0.5,5.0,,-20181.1,0.05,83.43,7.298,708.4,81,92
GOOD,Real Estate,REIT - Diversified,13.03,-0.33,-2.0,-0.67,2.33,3.0,-20181.39,0.37,-1.91,3.461,34.81,81,48
AVAH,Healthcare,Medical Care Facilities,8.46,3.33,-4.0,2.47,0.86,,-20182.4,0.09,6.01,11.134,90.0,81,70
AXL,Consumer Cyclical,Auto Parts,6.31,4.52,2.94,-2.37,1.14,,-20183.13,0.35,-9.47,49.476,17.69,81,22
FIGS,Consumer Cyclical,Apparel Manufacturing,7.44,4000000.0,-1000000.0,2.0,3.0,,-20184.22,0.05,-0.05,3.443,145.2,81,54
MOS,Basic Materials,Agricultural Inputs,34.22,0.73,0.42,0.39,3.56,,-20186.95,2.95,-3.72,35.444,11.52,81,42
CGNT,Technology,Software - Infrastructure,8.53,3.0,1.0,1.5,2.5,,-20188.36,-0.06,-1.36,5.202,,81,50
GT,Consumer Cyclical,Auto Parts,8.61,1.2,0.48,3.25,1.93,,-20189.83,1.47,-7.9,64.31,5.77,81,25
LFMD,Healthcare,Health Information Services,6.43,-7.0,3.0,6.0,2.17,,-20191.38,-0.2,18.53,5.718,,81,83
BKV,Energy,Oil & Gas E&P,22.19,2.32,-0.37,-4.58,2.73,,-20193.23,-0.53,22.0,9.403,,81,84
HASI,Financial Services,Asset Management,28.68,0.7,-0.26,4.47,2.48,,-20193.85,1.58,111.31,0.776,18.29,80,93
CRMD,Healthcare,Biotechnology,11.69,-0.1,0.45,5.4,2.16,,-20194.1,0.78,4.822973555555875e+16,1.917,14.36,80,98
FE,Utilities,Utilities - Regulated Electric,43.43,-0.35,-0.09,-0.08,4.75,0.41,-20194.49,2.27,-3.52,24.069,19.04,80,43
IZEA,Communication Services,Internet Content & Information,3.575,8.0,26.0,0.93,2.86,,-20195.06,-0.71,-4.52,2.132,,80,39
LASR,Technology,Semiconductors,31.2,1.29,2.19,-1.43,2.57,,-20195.77,-0.97,3.89,4.441,,80,66
CRM,Technology,Software - Application,244.28,0.22,0.0,0.0,0.33,0.02,-20195.93,6.87,3.46,41.255,35.97,80,64
IAC,Communication Services,Internet Content & Information,38.0,2.0,-0.1,0.23,2.54,,-20196.53,-5.58,-11.92,45.023,,80,18
HBI,Consumer Cyclical,Apparel Manufacturing,6.29,8.67,0.33,-3.25,4.7,,-20196.77,0.48,-15.66,10.025,13.42,80,15
GIGM,Communication Services,Electronic Gaming & Multimedia,1.7581,2.33,-0.5,-0.33,2.33,,-20197.45,-0.05,-1.82,0.294,,80,49
FLUT,Consumer Cyclical,Gambling,282.33,-1.69,2.53,2.29,-1.49,,-20198.5,2.05,9.74,83.899,138.78,80,75
BOX,Technology,Software - Infrastructure,32.3,2.0,-57.5,22.4,-0.67,,-20198.71,1.26,1.18,7.805,25.53,80,58
MKSI,Technology,Scientific & Technical Instruments,129.92,0.19,-0.74,0.46,1.71,,-20199.73,3.95,1.53,55.546,32.56,80,59
GVA,Industrials,Engineering & Construction,109.6,3.13,-2.23,-0.91,0.95,,-20200.13,3.33,-3.02,93.461,33.03,80,45
CKX,Energy,Oil & Gas E&P,11.15,0.33,0.33,0.5,-2.5,4.33,-20200.62,0.18,-435.04,0.411,65.0,80,4
IMAX,Communication Services,Entertainment,32.31,4.25,-1.5,-1.6,2.0,,-20200.91,0.6,-1.24,6.828,53.27,80,51
INM,Healthcare,Drug Manufacturers - Specialty & Generic,2.36,0.88,-0.34,0.16,0.85,0.02,-20200.94,-11.65,1210483333333363.2,6.807,,80,96
DUOL,Technology,Software - Application,289.67,0.26,1.52,-0.71,0.75,,-20201.32,2.44,38.26,19.809,119.22,80,89
HROW,Healthcare,Drug Manufacturers - Specialty & Generic,45.38,4.57,-3.63,2.58,2.29,,-20201.33,-0.28,26.48,6.318,,80,86
DGICB,Financial Services,Insurance - Property & Casualty,16.6,-0.53,0.01,0.39,2.62,,-20201.4,2.39,-4.99,28.375,7.49,80,38
DGICA,Financial Services,Insurance - Property & Casualty,19.51,-0.53,0.01,0.39,2.62,,-20201.4,2.39,-4.99,28.375,8.09,80,38
GROV,Consumer Defensive,Household & Personal Products,1.5,0.0,2.4,-7.5,1.8,,-20201.5,-0.59,-27.39,4.873,,80,9
CMMB,Healthcare,Biotechnology,2.63,0.75,0.14,0.25,2.25,,-20202.15,-2.0,-7.3,,,80,30
LLYVK,Communication Services,Entertainment,97.75,-9.77,-20.84,-20.84,-2.33,3.42,-20202.22,-3.13,-7.3,,,80,30
LLYVA,Communication Services,Entertainment,95.04,-9.77,-20.84,-20.84,-2.33,3.42,-20202.22,-3.13,-7.3,,,80,30
IVVD,Healthcare,Biotechnology,1.25,0.17,1.32,0.57,2.33,1.71,-20202.45,-0.92,2.820444444444472e+16,0.386,,80,98
MRP,Real Estate,REIT - Residential,34.63,0.74,2.47,2.47,2.54,2.08,-20202.75,0.29,9.933466666666665e+17,1.396,118.45,79,99
MBRX,Healthcare,Biotechnology,0.412,0.41,1.57,0.61,2.47,1.93,-20204.2,-3.74,-7.3,,,79,30
IVR,Real Estate,REIT - Mortgage,7.43,-2.54,3.89,-8.0,-0.05,,-20204.82,0.39,1067.04,0.97,18.82,79,95
GREE,Financial Services,Capital Markets,1.54,0.48,0.25,0.2,1.07,0.05,-20204.95,-1.56,-14.34,4.58,,79,16
BTE,Energy,Oil & Gas E&P,2.49,1.22,-0.78,-0.44,0.54,5.5,-20205.54,0.34,-15.16,4.056,7.03,79,15
BVS,Healthcare,Medical Devices,7.2,3.75,-4000000.0,7000000.0,4.36,,-20205.59,0.03,-5.49,8.571,231.0,79,37
LPL,Technology,Consumer Electronics,4.84,4.3,0.18,0.15,2.71,2.88,-20206.56,-0.48,-22.24,26298.12,,79,11
ENPH,Technology,Solar,38.44,0.22,-1.0,0.35,2.5,,-20207.68,1.29,5.22,11.149,29.78,79,68
FBIO,Healthcare,Biotechnology,3.56,2.04,0.29,0.23,2.46,1.17,-20208.09,-0.91,-9.12,2.348,,79,23
BHRB,Financial Services,Banks - Regional,64.31,0.1,0.37,-0.4,2.4,,-20208.4,7.81,24.53,22.021,8.05,79,86
KAR,Consumer Cyclical,Auto & Truck Dealerships,29.15,-0.12,-0.61,1.42,0.62,,-20209.11,0.73,0.81,17.287,39.85,79,57
ISRL,Financial Services,Shell Companies,12.11,-5.22,-3.06,-0.75,-2.54,-3.82,-20210.48,0.09,-7.3,,140.56,79,30
IAS,Communication Services,Advertising Agencies,8.64,1.0,-0.8,-0.11,1.0,,-20210.52,0.34,9.15,3.491,25.09,79,74
FBYD,Industrials,Conglomerates,13.47,4.0,0.5,-4.22,2.0,,-20210.95,0.36,-1.745666666666663e+16,0.301,41.64,79,2
EGHT,Technology,Software - Application,2.21,0.33,-3.0,6.5,1.67,,-20211.05,-0.16,-4.24,5.443,,79,40
CRESY,Industrials,Conglomerates,8.73,5.71,1.1,0.53,2.09,0.57,-20211.99,0.99,31.12,15286.91,8.94,79,87
COUR,Consumer Defensive,Education & Training Services,11.59,0.0,1.8,-0.56,2.0,,-20212.3,-0.33,5.58,4.51,,79,69
CEG,Utilities,Utilities - Renewable,322.71,6.03,-6.16,-0.41,0.03,,-20212.44,9.6,2.61,79.045,34.47,79,62
LIVN,Healthcare,Medical Devices,55.91,13.02,-6.83,0.69,0.67,,-20212.86,-3.88,2.05,24.073,,79,61
CCEL,Healthcare,Medical Care Facilities,4.5,0.33,-1.67,-0.62,-1.0,-1.25,-20213.52,-0.02,-7.11,3.963,,79,33
LEVI,Consumer Cyclical,Apparel Manufacturing,23.03,-1.0,-0.35,8.2,2.4,,-20214.1,1.05,-1.91,16.344,21.58,79,48
IOT,Technology,Software - Infrastructure,39.97,0.33,0.37,0.27,2.0,1.5,-20214.18,-0.16,27.1,2.523,,79,86
MEG,Industrials,Waste Management,29.43,2.33,0.41,-1.31,2.23,,-20214.25,-1.46,19.12,22.571,,79,83
CSIQ,Technology,Solar,11.77,9.62,-2.35,2.65,3.0,,-20216.4,-0.44,-3.09,88.343,,79,44
BWAY,Healthcare,Medical Devices,15.96,0.67,-0.33,1.0,1.5,,-20218.11,0.28,14.3,2.576,55.25,78,80
CMCSA,Communication Services,Telecom Services,31.64,2.34,-0.4,0.33,1.97,,-20219.19,6.03,-5.21,32.758,5.24,78,38
GAIN,Financial Services,Asset Management,14.01,-2.0,-0.67,1.5,2.17,2.32,-20219.52,2.17,117.22,2.583,6.49,78,93
LOAR,Industrials,Aerospace & Defense,81.32,0.12,3.0,-1.5,1.0,,-20219.93,0.46,20.55,4.89,173.93,78,84
EXEL,Healthcare,Biotechnology,40.45,0.19,0.16,0.2,-0.15,3.75,-20220.13,2.08,-2.6,7.953,19.28,78,46
LNKB,Financial Services,Banks - Regional,7.35,-1.05,1.05,0.05,0.25,,-20220.45,1.01,27.82,3.291,7.28,78,86
KORE,Communication Services,Telecom Services,2.14,-0.12,0.15,0.13,4.08,0.21,-20220.55,-3.91,-2.37,14.674,,78,47
MBI,Financial Services,Insurance - Specialty,7.5,0.14,-0.04,-0.04,3.77,0.44,-20220.61,-4.51,-11.53,2.235,,78,19
HRTG,Financial Services,Insurance - Property & Casualty,25.43,0.57,0.5,1.44,1.5,,-20220.84,3.47,-2.84,27.359,8.18,78,45
LNG,Energy,Oil & Gas Midstream,234.34,3.66,-1.77,0.1,0.9,,-20220.97,17.08,25.95,81.37,13.55,78,86
BE,Industrials,Electrical Equipment & Parts,80.97,-0.8,-5.6,8.67,0.5,,-20220.98,0.11,10.71,7.091,772.09,78,76
CRIS,Healthcare,Biotechnology,1.72,0.84,0.0,0.36,1.99,,-20221.01,-4.62,-1.8,1.312,,78,49
FNV,Basic Materials,Gold,202.5,0.17,0.2,0.15,2.12,,-20221.05,4.06,18.85,6.859,52.69,78,83
DOYU,Communication Services,Internet Content & Information,7.72,3.11,1.06,-50.36,2.26,,-20221.43,-0.98,-15.55,139.131,,78,15
BMRN,Healthcare,Biotechnology,55.14,0.29,0.47,0.18,1.23,,-20222.03,3.39,8.53,16.04,16.04,78,73
EGO,Basic Materials,Gold,26.99,0.91,-0.16,-0.14,1.48,1.06,-20222.17,2.03,31.68,7.691,13.75,78,87
ISOU,Energy,Uranium,9.44,-3.75,0.16,0.19,2.25,2.0,-20222.18,-0.46,-7.3,,,78,30
DERM,Healthcare,Drug Manufacturers - Specialty & Generic,7.27,0.12,-0.2,-0.25,0.06,1.94,-20222.78,-0.37,-8.24,2.567,,78,24
EBC,Financial Services,Banks - Regional,18.15,3.16,-4.6,11.0,2.12,,-20223.74,-0.33,37.57,2.758,,78,88
GPMT,Real Estate,REIT - Mortgage,3.1,-0.59,2.91,-0.25,2.74,,-20226.12,-2.12,9.73,-0.987,,78,75
CURX,Healthcare,Biotechnology,1.25,1.28,-0.29,-0.41,-0.37,-0.72,-20226.38,-0.02,-43333333333340.64,,,78,3
LIND,Consumer Cyclical,Travel Services,13.14,-18000000.0,48000000.0,-2.23,1.67,,-20226.56,-0.27,34.15,12.92,,78,88
BNT,Financial Services,Insurance - Diversified,70.64,2.07,-2.41,13.4,0.28,,-20226.57,6.15,46.75,50.562,11.68,78,90
ESP,Industrials,Electrical Equipment & Parts,43.6,-0.12,0.17,0.21,0.61,0.01,-20227.02,3.02,13.18,16.963,15.23,78,79
ICUI,Healthcare,Medical Instruments & Supplies,133.02,3.27,0.54,0.39,2.62,,-20227.31,-1.51,-4.45,96.691,,78,40
GDRX,Healthcare,Health Information Services,4.23,0.33,0.5,1.0,1.0,,-20228.66,0.09,-5.49,2.124,45.89,77,37
CNTX,Healthcare,Biotechnology,1.0,-0.8,1.7,0.63,-1.25,3.6,-20228.68,-0.43,-7.3,,,77,30
LUCD,Healthcare,Medical Devices,1.07,5.5,-1.6,0.25,1.87,,-20228.81,-0.95,71.07,0.063,,77,91
KGC,Basic Materials,Gold,22.26,0.43,0.02,0.02,1.53,2.33,-20229.14,1.24,29.09,4.944,18.94,77,87
KAVL,Consumer Defensive,Tobacco,0.515,1.53,-0.05,-0.05,2.29,0.77,-20229.18,-0.88,-3169.94,0.114,,77,4
IMNN,Healthcare,Biotechnology,5.1,0.95,0.11,0.1,2.56,0.86,-20229.52,-12.93,-555555555555562.9,,,77,3
FGEN,Healthcare,Biotechnology,11.32,-2.5,-2.6,2.06,1.07,,-20229.7,-21.61,-20.13,1.821,,77,12
HNVR,Financial Services,Banks - Regional,23.05,0.65,-1.65,0.1,2.0,,-20229.79,1.53,4.46,9.451,15.29,77,67
CIEN,Technology,Communication Equipment,138.04,4.83,-4.17,0.19,2.5,,-20229.89,0.98,13.62,31.785,141.19,77,80
FLX,Industrials,Integrated Freight & Logistics,3.21,6.2,28.8,-22.65,1.48,,-20230.38,-1.07,-12.38,72.748,,77,18
BLND,Technology,Software - Application,4.21,0.25,-0.67,0.0,1.25,,-20230.97,-0.14,-5.89,0.652,,77,36
GKOS,Healthcare,Medical Devices,85.84,-0.06,0.87,-0.54,2.12,,-20231.34,-1.61,15.75,7.713,,77,81
CFBK,Financial Services,Banks - Regional,24.41,0.13,0.0,0.05,1.96,,-20231.36,2.77,8.61,8.414,8.81,77,73
MEI,Technology,Electronic Components,8.33,0.21,0.17,-7.2,0.79,3.66,-20231.51,-1.54,-13.49,29.167,,77,17
MLNK,Technology,Software - Application,19.96,0.5,0.67,-0.11,2.25,,-20232.08,-0.3,-0.41,4.285,,77,53
MARA,Financial Services,Capital Markets,18.5,2.48,-2.14,4.24,4.18,,-20232.18,1.86,64.83,2.421,9.83,77,91
MAPS,Technology,Software - Application,1.29,-1.0,0.0,-0.5,0.0,,-20233.0,0.09,-9.42,1.815,13.89,77,22
GEO,Industrials,Security & Protection Services,21.98,0.5,0.27,-0.73,2.19,,-20233.42,0.65,-3.31,17.845,33.55,77,43
FTI,Energy,Oil & Gas Equipment & Services,39.23,0.91,-0.56,-0.21,0.51,,-20236.15,2.1,2.6,22.506,18.77,77,62
IMNM,Healthcare,Biotechnology,9.85,0.04,0.25,0.2,0.2,3.83,-20236.39,-3.05,1.557555555555559e+16,0.174,,77,98
LDI,Financial Services,Mortgage Finance,4.11,0.83,0.55,-18.0,2.0,,-20236.57,-0.33,-20.38,5.709,,77,12
DOCN,Technology,Software - Infrastructure,37.21,-0.02,1.1,-0.8,0.95,,-20237.8,1.31,9.27,9.064,27.92,77,75
BKKT,Technology,Software - Infrastructure,10.11,-2.83,3.5,-5.56,0.24,,-20238.24,-4.36,188.9,576.477,,77,93
CNK,Communication Services,Entertainment,27.88,3.53,-2.31,-2.67,1.19,,-20238.26,1.93,21.27,27.208,14.31,77,84
BKTI,Technology,Communication Equipment,76.25,0.72,-0.72,0.54,1.19,,-20238.3,3.1,2.49,21.811,25.04,77,62
LIDR,Technology,Software - Infrastructure,2.71,-0.04,1.02,0.09,1.42,,-20238.61,-3.04,-121.23,0.018,,76,5
CLBT,Technology,Software - Infrastructure,17.87,0.14,-0.14,13.37,2.5,,-20239.65,-0.72,10.87,1.899,,76,77
IRON,Healthcare,Biotechnology,62.63,-0.55,-0.07,-0.07,-0.53,0.07,-20240.35,-4.46,-7.3,,,76,30
DKNG,Consumer Cyclical,Gambling,43.3,5.57,3.0,1.14,1.46,,-20242.3,-0.65,35.67,11.017,,76,88
ENVX,Industrials,Electrical Equipment & Parts,9.96,-0.83,0.67,-0.54,1.86,,-20242.5,-0.7,6891111111111195.0,0.143,,76,97
INVA,Healthcare,Biotechnology,19.89,2.36,-3.31,15.0,2.84,,-20242.58,0.57,-8.1,5.906,33.67,76,25
LWAY,Consumer Defensive,Packaged Foods,26.91,0.22,0.07,0.07,0.08,0.35,-20243.18,0.7,4.54,12.868,37.66,76,67
KINS,Financial Services,Insurance - Property & Casualty,13.73,1.79,-0.52,-0.39,0.98,,-20243.28,2.05,20.93,14.325,6.68,76,84
CPA,Industrials,Airlines,118.69,-0.19,0.07,0.14,0.25,,-20244.07,15.38,6.84,83.759,7.79,76,71
GDS,Technology,Information Technology Services,39.0,-9.17,-4.73,21.07,1.67,,-20244.14,0.22,4.28,58.847,177.09,76,66
CRK,Energy,Oil & Gas E&P,17.05,2.12,-1.11,-1.11,2.05,,-20244.18,-0.25,46.31,5.7,,76,90
IEP,Energy,Oil & Gas Refining & Marketing,8.23,1.63,-3.16,-4.8,1.4,,-20244.28,-1.2,-15.67,18.583,,76,15
CNFR,Financial Services,Insurance - Property & Casualty,1.765,3.25,53.0,-3.08,2.88,,-20245.17,-2.48,-58.33,4.308,,76,6
GCMG,Financial Services,Asset Management,13.12,29.0,-16.0,0.89,1.73,,-20245.21,0.18,-4.76,11.397,72.0,76,39
MATW,Industrials,Conglomerates,25.89,2.72,-1.59,18.87,7.6,,-20246.55,-2.11,-21.44,52.361,,76,12
ERAS,Healthcare,Biotechnology,1.87,-0.09,0.0,0.0,1.42,,-20246.91,-0.39,-7.3,,,76,30
COSO,Financial Services,Banks - Regional,23.42,0.18,-0.57,0.33,1.42,,-20246.96,2.3,34.41,7.315,10.38,76,88
BRTX,Healthcare,Biotechnology,1.45,1.13,-0.66,-1.96,0.67,-0.94,-20247.09,-1.26,192.65,0.073,,76,94
GSHD,Financial Services,Insurance Brokers,80.36,1.22,-5.67,0.94,-0.25,,-20248.09,1.14,15.59,13.788,68.39,76,81
IMMX,Healthcare,Biotechnology,2.09,-0.47,0.3,0.23,-0.47,0.47,-20248.11,-0.77,-7.3,,,76,30
CWEN,Utilities,Utilities - Renewable,28.11,8.33,-4.67,-0.82,-0.54,2.5,-20248.23,0.65,0.26,12.084,43.2,76,55
DHT,Energy,Oil & Gas Midstream,12.8,0.3,-0.26,0.55,0.3,,-20248.62,1.17,-10.18,3.464,10.68,76,21
EMBC,Healthcare,Medical Instruments & Supplies,15.17,0.95,40000000.0,-25000000.0,2.12,,-20249.6,1.42,-2.09,18.966,10.1,76,48
MSGM,Communication Services,Electronic Gaming & Multimedia,2.794,1.48,3.7,-274.93,0.06,,-20249.68,0.16,10.11,0.004,18.06,76,76
BSX,Healthcare,Medical Devices,98.23,0.17,0.21,0.19,1.45,,-20249.84,1.68,11.99,12.53,58.23,75,78
MC,Financial Services,Capital Markets,77.75,-0.24,-0.81,4.35,2.06,,-20250.59,2.56,14.55,18.663,30.15,75,81
IDR,Basic Materials,Gold,29.17,0.67,-0.12,-0.11,0.18,-0.42,-20250.64,0.64,46.59,2.241,48.3,75,90
GFL,Industrials,Waste Management,46.13,-11.04,17.67,-3.17,2.82,,-20250.65,0.03,1.91,21.123,1548.33,75,60
CLS,Technology,Electronic Components,252.04,1.47,-0.76,0.67,1.29,,-20250.88,4.58,13.3,90.955,55.22,75,80
IAG,Basic Materials,Gold,11.01,1.0,-6.93,-0.87,-0.14,-0.57,-20250.99,1.43,35.2,3.435,7.93,75,88
IPSC,Healthcare,Biotechnology,0.507,-3.34,2.42,2.42,0.0,2.98,-20251.04,-0.28,636666666666666.6,1.333,,75,96
INO,Healthcare,Biotechnology,2.31,-0.2,0.37,0.27,0.95,1.57,-20251.09,-2.59,-671746666666778.1,0.005,,75,3
BCDA,Healthcare,Biotechnology,1.17,0.47,0.02,0.02,1.2,1.29,-20251.24,-1.68,-20000000000104.26,0.0,,75,3
CHEF,Consumer Defensive,Food Distribution,66.69,1.04,-1.33,0.7,0.34,,-20251.28,1.62,8.47,102.955,40.08,75,73
BOLT,Healthcare,Biotechnology,5.29,0.3,0.45,-0.05,1.49,,-20251.44,-26.42,63.66,2.176,,75,91
CVE,Energy,Oil & Gas Integrated,17.47,0.0,4.87,-4.5,-0.13,,-20251.53,1.04,-17.77,28.608,16.34,75,13
EDU,Consumer Defensive,Education & Training Services,52.52,-0.25,1.5,-6.5,1.0,,-20251.73,2.3,-6.34,30.254,22.55,75,35
GFR,Energy,Oil & Gas E&P,5.15,2.0,-1.35,-0.57,0.53,3.96,-20252.03,2.07,-14.85,10.062,2.43,75,16
CWBC,Financial Services,Banks - Regional,21.74,-0.07,0.19,1.06,2.24,,-20252.03,1.47,8.66,7.022,14.68,75,73
DAL,Industrials,Airlines,59.47,7.86,-2.54,-0.51,0.61,,-20252.77,6.88,3.96,96.082,8.69,75,66
IRIX,Healthcare,Medical Devices,1.28,0.67,-1.0,1.4,1.67,,-20253.24,-0.32,-4.04,2.982,,75,41
MRVL,Technology,Semiconductors,74.23,0.1,-0.1,4.39,2.05,,-20253.44,-0.12,34.42,8.367,,75,88
MAIA,Healthcare,Biotechnology,1.57,-0.12,-0.19,-0.23,1.22,1.87,-20253.89,-0.54,-7.3,,,75,30
FLYW,Technology,Software - Infrastructure,13.56,-2.33,3.33,-3.38,0.1,,-20254.36,0.05,22.54,4.366,262.4,75,85
GIL,Consumer Cyclical,Apparel Manufacturing,54.42,0.62,-0.54,0.05,1.6,,-20254.39,3.12,-1.64,21.655,18.01,75,50
IGC,Healthcare,Biotechnology,0.4119,0.0,0.0,0.0,0.5,2.0,-20254.87,-0.08,24.95,0.017,,75,86
FWRG,Consumer Cyclical,Restaurants,16.55,4.0,-2.0,-2.0,0.5,,-20256.11,0.18,-62.03,18.202,88.56,75,6
KALA,Healthcare,Biotechnology,17.535,-0.21,0.23,0.11,0.85,,-20256.4,-5.96,-4324444444444472.5,,,75,2
MGNX,Healthcare,Biotechnology,1.73,0.14,-6.2,-6.2,0.56,0.29,-20256.56,-0.57,73.96,2.631,,75,92
BBUC,Financial Services,Asset Management,36.07,-1.12,5.71,0.18,-2.01,,-20256.63,-14.36,-6.78,117.72,,74,34
CVM,Healthcare,Biotechnology,8.92,0.76,0.37,0.13,2.07,0.75,-20256.87,-9.13,-7.3,,,74,30
MKL,Financial Services,Insurance - Property & Casualty,1944.6,3.11,-2.21,-0.71,1.67,,-20257.04,166.6,8.64,1281.026,11.61,74,73
LCID,Consumer Cyclical,Auto Manufacturers,20.5,0.0,-9.91,17.64,0.42,,-20257.6,-11.3,254.13,3.3,,74,94
CXW,Industrials,Security & Protection Services,20.93,0.52,0.35,-0.12,1.06,,-20257.7,0.94,-0.18,18.218,22.24,74,54
FKWL,Technology,Communication Equipment,4.08,-3.5,-1.0,2.33,1.0,4.0,-20257.83,-0.14,-56.95,3.842,,74,7
BAK,Basic Materials,Chemicals,3.24,-3.61,12.3,12.3,12.99,2.93,-20257.99,-2.76,-15.91,195.072,,74,14
GLTO,Healthcare,Biotechnology,2.87,-0.35,0.38,0.28,0.89,1.63,-20258.15,-13.07,-7.3,,,74,30
FOXA,Communication Services,Entertainment,59.84,1.09,-0.08,-1.2,1.31,,-20259.53,4.91,-3.0,35.824,12.35,74,45
FOX,Communication Services,Entertainment,54.02,1.09,-0.08,-1.2,1.31,,-20259.53,4.91,-3.0,35.824,11.11,74,45
ESS,Real Estate,REIT - Residential,268.63,0.09,-0.27,1.18,1.37,,-20259.71,12.44,-0.75,29.362,21.51,74,52
EVER,Communication Services,Internet Content & Information,24.86,0.82,-0.59,0.06,1.22,,-20259.87,1.25,21.14,17.217,20.4,74,84
FBRT,Real Estate,REIT - Mortgage,11.32,-0.05,-0.25,-0.2,2.73,-0.75,-20260.23,0.98,-4.41,2.535,11.49,74,40
BSET,Consumer Cyclical,"Furnishings, Fixtures & Appliances",16.215,0.05,-0.81,2.37,4.73,,-20261.07,0.28,-9.89,37.55,57.71,74,21
ENIC,Utilities,Utilities - Regulated Electric,3.77,-12500000.0,2.58,-2.47,0.0,,-20261.18,0.09,-13.32,2.9,42.22,74,17
LIEN,Financial Services,Asset Management,11.123,0.15,-0.06,12.67,0.81,,-20261.41,1.35,16813.75,2.19,8.01,74,96
ESTC,Technology,Software - Application,89.64,-0.44,0.0,0.56,1.09,,-20261.57,-0.79,12.34,14.832,,74,79
MPW,Real Estate,REIT - Healthcare Facilities,5.04,0.25,2.45,0.94,2.37,,-20262.01,-2.39,-21.56,1.64,,74,12
FSLR,Technology,Solar,209.63,0.63,-0.87,0.26,-0.02,,-20262.3,11.71,3.07,40.554,18.15,74,64
LODE,Basic Materials,Other Precious Metals & Mining,3.04,0.37,0.58,0.37,1.22,0.59,-20262.5,-2.65,14.89,0.14,,74,81
KMDA,Healthcare,Drug Manufacturers - Specialty & Generic,6.955,0.86,0.0,0.0,0.62,,-20262.51,0.32,1.6,2.946,21.59,74,59
HQY,Healthcare,Health Information Services,95.59,0.11,1.07,3.29,0.68,,-20262.61,1.65,4.0,14.624,56.81,74,66
JFIN,Communication Services,Internet Content & Information,11.16,-0.03,0.95,0.02,1.2,,-20262.97,4.25,30.75,122.629,2.59,74,87
MSAI,Technology,Software - Infrastructure,0.7178,0.4,0.71,0.42,3.7,1.36,-20263.3,-0.5,-73.09,0.185,,74,6
IDT,Communication Services,Telecom Services,67.91,0.06,0.19,0.51,2.91,0.42,-20263.76,3.79,-8.88,48.563,17.66,74,23
DJCO,Technology,Software - Application,444.77,-2.1,3.1,-0.57,-0.62,1.9,-20263.83,70.2,16.16,57.476,6.38,73,81
GTM,Technology,Software - Application,12.14,-0.14,1.0,-0.75,2.0,,-20264.54,0.25,2.42,3.589,47.32,73,62
BOC,Industrials,Conglomerates,13.5,-2.5,0.75,0.43,0.0,3.5,-20264.75,0.02,3.62,3.551,658.0,73,65
MSA,Industrials,Security & Protection Services,170.58,0.06,-0.48,0.32,-0.14,,-20264.91,7.01,-2.59,46.472,24.39,73,46
MLCO,Consumer Cyclical,Resorts & Casinos,9.64,-0.73,2.62,-2.31,-0.07,,-20264.95,0.14,19.44,11.856,68.5,73,83
HOTH,Healthcare,Biotechnology,1.92,0.59,0.07,0.07,0.47,0.81,-20265.03,-1.04,-7.3,,,73,30
CLRB,Healthcare,Biotechnology,5.49,0.24,0.82,0.45,-3.4,5.5,-20265.18,-24.28,-7.3,,,73,30
GLUE,Healthcare,Biotechnology,6.93,-3.86,1.61,2.33,1.16,,-20265.86,0.39,8.40244444444447e+16,2.167,16.23,73,99
LE,Consumer Cyclical,Apparel Retail,15.77,1.25,-0.86,-6.25,0.42,-0.35,-20266.86,0.18,-14.64,42.617,85.72,73,16
BOW,Financial Services,Insurance - Property & Casualty,28.35,0.09,-0.19,0.13,0.9,,-20267.06,1.51,32.68,15.05,18.33,73,88
INTG,Consumer Cyclical,Lodging,19.5124,3.67,-5.88,3.43,4.33,-0.83,-20267.12,-3.41,11.14,28.397,,73,77
MAMA,Consumer Defensive,Packaged Foods,10.485,0.0,-0.33,3.0,0.0,,-20267.18,0.11,22.63,3.605,97.27,73,85
CUE,Healthcare,Biotechnology,0.7301,0.89,-0.31,0.31,1.22,,-20267.62,-0.51,-76.54,0.112,,73,5
IHS,Real Estate,Real Estate Services,6.92,0.1,-6.4,2.21,4.27,,-20267.9,0.33,-6.7,5.184,20.73,73,34
MRCY,Industrials,Aerospace & Defense,77.095,2.18,-0.1,0.0,2.91,1.33,-20267.92,-0.65,-1.71,15.525,,73,49
CAH,Healthcare,Medical Distribution,150.04,-1.09,0.28,-0.03,0.05,,-20269.35,6.45,-4.38,923.56,23.19,73,40
GTLS,Industrials,Specialty Industrial Machinery,199.83,0.62,-0.8,0.16,0.25,,-20269.39,5.45,12.54,97.548,36.6,73,79
ITRM,Healthcare,Biotechnology,0.6795,-0.14,0.79,0.2,0.87,,-20269.89,-0.81,-7.3,,,73,30
BJRI,Consumer Cyclical,Restaurants,30.03,0.69,3.57,-0.77,0.35,,-20270.02,1.2,-1.68,60.948,24.79,73,49
HLMN,Industrials,Tools & Accessories,9.78,8000000.0,1000000.0,-5.0,0.33,,-20270.52,0.11,-2.83,7.641,86.18,73,45
IRDM,Communication Services,Telecom Services,18.75,-0.4,-0.18,0.54,-0.35,,-20270.79,1.0,1.51,7.655,18.08,73,59
HYMC,Basic Materials,Gold,5.77,0.09,0.13,0.11,0.33,1.13,-20271.3,-1.97,-3.6921111111111144e+16,,,73,2
BALL,Consumer Cyclical,Packaging & Containers,49.2,0.22,6.73,-6.91,0.51,,-20272.78,2.02,-0.59,42.86,24.11,73,53
CFFN,Financial Services,Banks - Regional,6.53,0.17,0.0,0.33,1.0,,-20273.56,0.47,-23.29,1.481,13.66,73,11
DIS,Communication Services,Entertainment,114.86,0.61,0.28,4.64,1.03,,-20274.89,6.38,-2.22,52.294,17.83,72,47
BTSG,Healthcare,Health Information Services,27.25,-0.07,0.87,3.0,0.4,,-20275.14,0.25,18.45,62.843,109.24,72,83
FUTU,Financial Services,Capital Markets,173.92,0.2,0.14,0.41,1.1,,-20275.2,7.25,43.59,116.094,24.55,72,89
EZPW,Financial Services,Credit Services,17.895,-0.02,-0.24,0.27,0.36,0.18,-20275.39,1.29,5.33,22.04,13.74,72,68
CMCM,Communication Services,Internet Content & Information,8.41,9.37,-6.55,1.6,1.34,,-20276.03,-2.23,16.9,32.476,,72,82
DCBO,Technology,Software - Application,30.62,1.0,-6.8,1.44,-0.5,,-20276.11,0.69,11.63,7.668,43.48,72,78
IONS,Healthcare,Biotechnology,61.74,2.19,-0.41,0.44,2.73,,-20276.46,-1.76,58.09,6.047,,72,90
KBR,Industrials,Engineering & Construction,49.37,-0.59,0.57,-0.32,-0.41,,-20276.67,3.18,-2.9,60.962,15.34,72,45
CBUS,Healthcare,Biotechnology,1.35,1.2,-0.54,7.77,0.87,,-20277.02,-10.45,-1695.34,0.153,,72,4
DSGR,Industrials,Industrial Distribution,31.5,0.57,8.86,-2.17,1.75,,-20277.6,0.08,21.41,41.343,386.25,72,84
CRGY,Energy,Oil & Gas Integrated,8.78,62.0,69.0,-9.0,0.79,,-20277.95,-0.34,28.97,18.222,,72,87
CGTX,Healthcare,Biotechnology,1.47,0.27,0.39,0.28,0.64,0.93,-20278.38,-0.66,-7.3,,,72,30
BODI,Communication Services,Internet Content & Information,6.8,-0.01,5.0,-1.88,0.87,,-20278.77,-8.49,-64.78,47.198,,72,6
DRH,Real Estate,REIT - Hotel & Motel,8.33,2.8,2.4,-2.57,0.9,,-20278.99,0.28,1.5,5.397,29.64,72,59
EAT,Consumer Cyclical,Restaurants,138.87,-0.11,0.0,2.1,0.88,,-20279.02,8.32,10.85,120.722,16.39,72,77
DAN,Consumer Cyclical,Auto Parts,20.98,0.12,4.24,-19.33,0.73,,-20279.17,0.2,-9.51,68.491,102.2,72,22
CIM,Real Estate,REIT - Mortgage,14.04,-9.53,0.12,0.13,-1.47,0.31,-20280.2,1.28,-25.25,3.855,10.93,72,10
FCNCA,Financial Services,Banks - Regional,1895.96,0.23,-0.43,0.13,-0.12,,-20280.4,169.39,18.14,652.074,11.02,72,83
CAVA,Consumer Cyclical,Restaurants,63.56,-0.37,-2.14,3.31,-0.06,,-20280.54,1.18,14.4,9.416,53.84,72,80
MASI,Healthcare,Medical Devices,143.0,4.34,1.06,-37.22,2.17,,-20280.59,-5.08,5.39,40.033,,72,69
MCFT,Consumer Cyclical,Recreational Vehicles,22.44,0.52,0.35,2.82,2.37,,-20280.85,0.65,-6.52,17.299,33.37,72,34
CCCS,Technology,Software - Application,9.65,2.5,-4.0,1.19,-0.5,,-20281.44,0.0,4.66,1.589,,72,67
DNN,Energy,Uranium,2.57,6.0,-0.25,-0.33,3.0,-1.5,-20281.63,-0.07,-53.22,0.005,,72,7
GIS,Consumer Defensive,Packaged Foods,49.85,3.19,-1.15,-0.25,1.16,,-20282.17,5.29,-12.25,34.848,9.52,72,18
COMP,Real Estate,Real Estate Services,9.69,2.29,-0.12,-22.81,0.75,,-20282.37,-0.1,5.14,11.824,,72,68
CTRA,Energy,Oil & Gas E&P,24.09,-0.01,0.7,0.18,1.23,,-20282.55,2.09,25.28,8.326,11.14,71,86
DWSN,Energy,Oil & Gas Equipment & Services,1.64,-3.67,2.0,5.0,0.5,,-20282.71,-0.24,-6.86,1.808,,71,34
BIOA,Healthcare,Drug Manufacturers - Specialty & Generic,5.22,-0.67,8.81,0.9,-0.51,0.06,-20283.44,-6.81,1.6079999999999994e+16,0.139,,71,98
MCW,Consumer Cyclical,Auto & Truck Dealerships,5.44,0.12,1.67,-1.33,0.29,,-20283.47,0.26,-1.42,3.175,20.58,71,50
IDCC,Technology,Software - Application,339.21,0.55,-0.16,2.85,0.6,,-20284.06,14.1,25.33,34.921,23.75,71,86
FTAI,Industrials,Rental & Leasing Services,178.17,0.8,0.07,0.08,2.43,1.84,-20284.11,4.08,53.63,20.903,43.85,71,90
IBRX,Healthcare,Biotechnology,2.85,0.5,-0.87,0.5,1.0,,-20284.13,-0.48,1.468444444444615e+16,0.071,,71,98
CAPL,Energy,Oil & Gas Refining & Marketing,21.37,4.2,-3.15,0.59,1.06,,-20284.18,1.13,-16.01,92.548,18.59,71,14
DSX,Industrials,Marine Shipping,1.9,2.0,-6.0,2.5,2.33,,-20284.32,0.12,-7.8,1.956,15.42,71,25
MELI,Consumer Cyclical,Internet Retail,2476.37,0.06,-0.29,0.61,-0.02,,-20284.93,40.46,29.73,475.291,60.61,71,87
JBL,Technology,Electronic Components,223.29,0.92,0.2,-0.35,0.9,,-20285.07,5.25,2.93,256.018,42.73,71,63
BDTX,Healthcare,Biotechnology,3.35,-6.26,4.57,0.0,0.89,,-20285.34,0.24,-7.3,1.236,13.67,71,30
CRS,Industrials,Metal Fabrication,246.74,0.17,0.13,-0.01,0.19,,-20285.47,7.41,-5.39,57.313,32.37,71,37
CLDT,Real Estate,REIT - Hotel & Motel,7.13,8.0,7.0,-2.6,-0.43,,-20285.48,0.03,-6.65,6.337,236.67,71,34
GOCO,Financial Services,Insurance Brokers,4.86,-8.81,-5.65,3.17,-0.89,,-20285.62,-2.62,-25.27,79.39,,71,10
MBOT,Healthcare,Medical Instruments & Supplies,3.09,-0.25,0.75,0.43,0.7,1.12,-20286.09,-0.58,-7.3,,,71,30
LLY,Healthcare,Drug Manufacturers - General,762.93,1.05,-0.6,3.56,0.91,,-20286.17,15.27,23.61,59.218,49.25,71,85
CLBK,Financial Services,Banks - Regional,15.85,0.33,3.33,-4.5,2.0,,-20287.16,0.07,0.67,1.84,221.57,71,56
MITQ,Technology,Communication Equipment,1.29,1.5,-18.79,11.38,2.0,0.4,-20287.71,-0.12,4.85,1.868,,71,67
GBX,Industrials,Railroads,47.02,0.16,-0.07,0.24,0.76,0.54,-20287.79,7.09,4.7,113.131,6.51,71,67
BA,Industrials,Aerospace & Defense,215.66,-4.75,33.12,0.83,1.53,,-20288.36,-16.54,16.71,105.059,,71,82
GLDD,Industrials,Engineering & Construction,12.27,-2.33,0.72,1.23,0.36,,-20288.7,1.06,2.8,12.37,11.42,71,63
MRK,Healthcare,Drug Manufacturers - General,81.53,-0.14,0.36,0.19,-0.22,,-20288.8,6.49,-5.27,25.214,12.56,71,38
DSS,Consumer Cyclical,Packaging & Containers,1.3,1.29,0.18,0.15,1.75,0.05,-20289.11,-6.17,9.12,2.662,,71,74
BATL,Energy,Oil & Gas E&P,1.07,0.67,4.37,-6.53,1.52,,-20289.51,-1.69,-23.14,11.254,,71,11
BABA,Consumer Cyclical,Internet Retail,162.48,2.46,-2.93,0.12,0.84,,-20290.08,8.68,-4.31,430.407,18.76,70,40
FIX,Industrials,Engineering & Construction,799.38,0.37,0.16,0.0,0.74,,-20290.1,19.46,16.67,216.317,40.99,70,82
FTFT,Technology,Software - Application,2.19,31.66,-0.77,-3.4,2.44,-0.12,-20290.34,-24.49,-26.21,0.943,,70,10
INVH,Real Estate,REIT - Residential,29.52,-0.17,0.17,0.44,0.92,,-20290.51,0.89,-1.29,4.32,33.3,70,50
LAZ,Financial Services,Capital Markets,57.22,0.92,-0.46,-0.27,1.21,,-20290.73,2.92,0.7,32.121,19.46,70,57
AVAL,Financial Services,Banks - Regional,3.23,0.37,0.29,-0.48,1.42,,-20290.96,0.33,4.51,11000.66,9.58,70,67
LNT,Utilities,Utilities - Regulated Electric,63.78,-0.22,0.43,-0.98,1.0,,-20291.37,3.24,-0.92,16.14,19.81,70,52
BSM,Energy,Oil & Gas E&P,12.96,12.25,-3.75,-1.16,0.83,,-20291.69,1.16,-14.31,1.96,11.16,70,16
CRVO,Healthcare,Biotechnology,8.1,-0.25,-0.01,-0.01,-1.59,-0.37,-20291.87,-2.63,-7.3,0.887,,70,30
MPWR,Technology,Semiconductors,917.78,-0.0,-9.71,9.14,0.35,,-20292.17,38.21,21.26,52.774,23.98,70,84
LX,Financial Services,Credit Services,5.74,0.18,0.17,0.17,1.21,,-20292.18,1.28,-5.78,83.461,4.51,70,36
IRBT,Consumer Cyclical,"Furnishings, Fixtures & Appliances",4.41,3.18,-0.13,-11.0,2.54,,-20292.82,-6.17,-38.22,56.524,,70,8
CCRD,Technology,Software - Application,27.59,0.04,-0.04,-0.12,1.27,,-20293.19,0.99,13.55,8.265,27.24,70,80
BBU,Industrials,Conglomerates,27.67,-2.17,6.31,-2.45,2.2,,-20293.2,-0.14,-66.88,143.058,,70,6
GRC,Industrials,Specialty Industrial Machinery,44.55,0.3,0.1,-0.17,0.87,,-20293.22,1.97,3.59,25.669,22.79,70,65
CTGO,Basic Materials,Gold,23.9,2.49,-0.4,-0.66,2.51,0.14,-20293.36,-0.01,-7.3,,,70,30
IVDA,Industrials,Security & Protection Services,1.55,0.4,-0.04,-0.04,0.5,1.29,-20293.7,-1.36,11.44,2.745,,70,77
CASS,Industrials,Specialty Business Services,42.71,0.0,0.97,0.55,1.03,,-20294.66,1.58,-4.12,16.404,26.26,70,41
INGR,Consumer Defensive,Packaged Foods,124.04,-0.0,1.09,-0.97,0.35,,-20294.94,10.24,-8.04,112.727,11.97,70,25
GDDY,Technology,Software - Infrastructure,146.36,-0.08,0.11,0.03,0.38,,-20295.37,5.6,0.3,33.847,25.85,70,55
MGRC,Industrials,Rental & Leasing Services,123.47,0.27,-0.38,-2.82,0.74,,-20296.75,10.28,6.59,38.318,11.75,70,71
CRAI,Industrials,Consulting Services,212.31,-0.46,0.2,0.32,0.89,,-20296.79,8.26,0.94,105.648,25.52,70,57
CMP,Basic Materials,Other Industrial Metals & Mining,18.09,0.88,-0.35,1.05,1.56,,-20297.23,-2.9,0.74,44.542,,70,57
BLZE,Technology,Software - Infrastructure,9.72,0.31,0.76,-0.03,0.92,,-20297.37,-0.89,11.28,2.726,,70,77
GANX,Healthcare,Biotechnology,1.7,-0.19,0.03,0.03,1.21,0.37,-20297.83,-0.59,-61311111111134.12,,,69,3
MDXH,Healthcare,Diagnostics & Research,3.9,0.0,-0.36,1.86,0.87,0.63,-20297.84,-0.76,22.88,2.236,,69,85
GCT,Technology,Software - Infrastructure,29.12,0.34,-0.12,-0.29,0.4,,-20298.02,3.31,8.91,29.781,8.93,69,74
BAH,Industrials,Consulting Services,101.21,0.42,0.05,-1.07,0.71,,-20298.35,8.14,-3.47,94.602,12.55,69,43
HWM,Industrials,Aerospace & Defense,191.84,0.19,0.1,-0.05,0.55,,-20298.61,3.42,3.62,19.041,55.62,69,65
EVGN,Healthcare,Biotechnology,1.223,-0.63,-7.33,22.83,0.71,,-20298.64,-1.97,64.3,1.418,,69,91
FHTX,Healthcare,Biotechnology,5.14,0.07,0.02,0.02,0.61,0.97,-20298.69,-1.14,152.98,0.385,,69,93
HALO,Healthcare,Biotechnology,76.68,0.42,-0.12,0.0,0.86,,-20299.09,4.37,30.66,9.471,17.81,69,87
IOBT,Healthcare,Biotechnology,1.62,-0.18,0.03,0.03,-0.29,-0.13,-20299.15,-1.58,-7.3,,,69,30
ECBK,Financial Services,Banks - Regional,16.34,0.12,-0.12,0.29,0.8,,-20299.19,0.64,14.19,3.387,25.61,69,80
CINF,Financial Services,Insurance - Property & Casualty,155.93,8.68,-5.54,-1.03,1.2,,-20299.26,11.54,13.27,74.677,13.53,69,79
FSM,Basic Materials,Gold,7.94,-0.58,0.09,0.09,-0.08,1.11,-20299.31,0.55,31.35,3.84,14.84,69,87
EPR,Real Estate,REIT - Specialty,56.87,0.15,5.16,-3.84,0.75,,-20299.68,2.03,-1.6,9.249,27.94,69,50
DXPE,Industrials,Industrial Distribution,118.23,0.15,-0.04,0.01,0.43,,-20300.1,5.23,6.61,122.158,22.2,69,71
DY,Industrials,Engineering & Construction,270.71,0.6,0.88,-1.13,0.43,,-20300.11,8.9,7.27,172.008,30.29,69,72
CG,Financial Services,Asset Management,69.35,1.47,-0.64,-1.83,1.17,,-20300.14,3.42,7.51,15.403,19.93,69,72
KULR,Technology,Electronic Components,4.74,3.55,-0.75,-3.0,2.18,-0.75,-20300.44,-0.48,59.48,0.415,,69,91
CLMB,Technology,Electronics & Computer Distribution,134.31,0.6,-0.88,0.28,0.73,,-20300.47,4.82,47.54,128.685,27.42,69,90
KEX,Industrials,Marine Shipping,84.04,0.26,0.77,-1.08,0.17,,-20300.83,5.28,-0.28,57.403,15.92,69,54
CVAC,Healthcare,Biotechnology,5.35,-0.13,-3.78,-1.36,0.23,0.35,-20300.88,1.02,-622.83,2.271,5.25,69,4
BMEA,Healthcare,Biotechnology,2.08,0.57,0.01,0.12,1.02,,-20300.89,-3.0,-7.3,,,69,30
CSV,Consumer Cyclical,Personal Services,44.49,-0.8,1.08,0.0,0.83,,-20300.9,3.32,-7.33,26.839,13.25,69,26
LIQT,Industrials,Pollution & Treatment Controls,2.65,0.14,0.48,0.32,0.64,0.64,-20300.94,-1.34,-3.05,1.883,,69,44
DHIL,Financial Services,Asset Management,142.75,0.52,0.38,-0.96,0.96,,-20301.05,17.58,-9.63,55.449,7.98,69,22
EPIX,Healthcare,Biotechnology,0.2099,0.56,0.36,-0.36,0.78,,-20301.26,-0.57,-7.3,,,69,30
IH,Consumer Defensive,Education & Training Services,2.96,0.0,0.06,0.02,0.21,,-20301.51,0.26,-15.39,17.199,10.92,68,15
HOWL,Healthcare,Biotechnology,1.45,0.0,0.15,-0.21,0.0,,-20301.62,-1.64,1.0603333333333224e+16,0.0,,68,98
IIIN,Industrials,Metal Fabrication,39.34,0.47,7.83,-3.0,1.29,,-20301.74,1.59,7.18,31.02,24.21,68,72
INTS,Healthcare,Biotechnology,0.24,0.69,0.07,0.06,1.77,0.55,-20301.87,-0.82,-7.3,,,68,30
LYV,Communication Services,Entertainment,164.68,2.28,-3.19,-1.46,-1.56,0.66,-20302.02,2.36,26.27,102.671,69.37,68,86
IE,Basic Materials,Copper,9.31,0.33,0.25,0.2,1.17,0.92,-20302.06,-0.64,50.67,0.03,,68,90
JMIA,Consumer Cyclical,Internet Retail,11.92,0.01,0.17,-0.16,0.59,,-20302.09,-0.56,9.77,1.523,,68,76
KPRX,Healthcare,Biotechnology,2.6506,-0.04,0.28,0.22,-0.02,-9.98,-20302.29,-3.36,1.7777777777777772e+16,0.0,,68,98
LOOP,Basic Materials,Specialty Chemicals,1.8,1.29,0.56,-1.5,0.57,,-20302.45,-0.28,192222222225726.47,0.234,,68,96
BIRK,Consumer Cyclical,Footwear & Accessories,45.99,0.23,4.09,-1.55,0.72,,-20302.55,1.94,8.76,10.81,24.57,68,74
LOCL,Consumer Defensive,Farm Products,2.94,1.65,-0.03,-0.05,0.84,,-20302.67,-13.65,348.39,4.482,,68,94
GATX,Industrials,Rental & Leasing Services,172.69,-0.04,0.02,-0.16,0.7,,-20302.93,8.74,2.07,46.611,19.69,68,61
DT,Technology,Software - Application,48.6,0.23,-8.31,7.07,0.23,,-20303.33,1.62,13.18,5.941,29.86,68,79
BMRC,Financial Services,Banks - Regional,25.45,-2.71,-0.23,0.36,1.57,,-20303.72,0.43,127.54,5.843,57.7,68,93
CMRC,Technology,Software - Application,5.29,-10000000.0,3000000.0,2.0,0.5,,-20303.74,-0.23,-0.14,4.282,,68,54
IMDX,Healthcare,Diagnostics & Research,3.37,-0.15,6.42,-0.97,0.2,,-20303.83,-3.91,252.82,0.192,,68,94
FRAF,Financial Services,Banks - Regional,48.77,0.5,7.0,-7.68,0.92,,-20303.84,3.28,8.05,17.064,14.91,68,73
LVS,Consumer Cyclical,Resorts & Casinos,53.21,0.35,0.09,0.18,0.37,,-20303.97,1.98,20.28,16.256,27.21,68,84
BOSC,Technology,Communication Equipment,4.93,-0.77,1.87,-0.25,0.44,,-20304.0,0.51,19.15,8.002,9.6,68,83
CNTY,Consumer Cyclical,Resorts & Casinos,2.68,0.67,2.15,-7.12,2.4,,-20304.32,-3.46,-0.42,18.749,,68,53
CPBI,Financial Services,Banks - Regional,15.71,0.02,0.02,0.0,0.08,-0.08,-20304.55,0.98,2.845666666666667e+16,5.11,16.55,68,98
FDS,Financial Services,Financial Data & Stock Exchanges,301.23,0.04,0.03,-0.04,0.73,,-20304.59,15.56,-1.86,61.221,18.58,68,49
DUOT,Technology,Software - Application,7.77,-0.67,0.0,0.0,0.43,1.11,-20304.75,-1.06,176.77,1.561,,68,93
BKR,Energy,Oil & Gas Equipment & Services,47.28,0.73,-1.9,0.55,0.22,,-20304.92,3.06,-5.86,27.874,15.47,68,36
EBMT,Financial Services,Banks - Regional,17.69,0.02,-0.07,0.26,0.91,,-20304.94,1.61,1.95,10.823,10.93,68,60
EMA,Utilities,Utilities - Regulated Electric,45.83,-3.36,0.99,97.5,0.0,1.68,-20305.32,2.14,10.91,27.904,21.61,67,77
BTAI,Healthcare,Biotechnology,3.01,-0.63,1.38,0.43,0.35,,-20305.33,-11.9,416666666666149.6,0.189,,67,96
HTGC,Financial Services,Asset Management,19.35,0.52,-0.28,-0.14,0.69,,-20305.65,1.52,40.89,2.997,12.84,67,89
BHVN,Healthcare,Biotechnology,15.52,0.12,-0.17,-0.09,0.88,,-20305.77,-7.46,-7.3,,,67,30
HFBL,Financial Services,Banks - Regional,13.67,0.62,-0.37,0.06,0.86,,-20306.13,1.26,-3.97,6.811,10.71,67,41
BUD,Consumer Defensive,Beverages - Brewers,58.58,0.0,0.77,-0.69,0.48,1.0,-20306.14,3.5,-7.67,4.898611,16.96,67,26
IESC,Industrials,Engineering & Construction,377.5,0.09,0.28,-0.12,0.42,,-20306.16,13.09,11.27,162.867,28.99,67,77
DFLI,Industrials,Electrical Equipment & Parts,0.2877,0.6,0.49,-0.4,2.48,,-20306.25,-3.76,2.43,6.502,,67,62
COCO,Consumer Defensive,Beverages - Non-Alcoholic,39.26,0.21,4.5,-4.67,0.18,,-20306.29,1.07,7.72,9.848,37.13,67,72
LRCX,Technology,Semiconductor Equipment & Materials,126.32,0.3,0.12,0.08,0.73,,-20306.39,4.15,15.96,14.334,30.58,67,81
HIVE,Financial Services,Capital Markets,3.84,0.9,9.0,7.0,2.12,2.25,-20306.78,0.33,10.32,0.883,11.48,67,76
LAC,Basic Materials,Other Industrial Metals & Mining,3.22,-0.2,-0.11,-0.12,-1.0,-0.25,-20306.87,-0.25,-7.3,,,67,30
FOLD,Healthcare,Biotechnology,8.48,-0.14,-0.56,-1.25,-0.6,1.29,-20306.96,-0.12,14.26,1.862,,67,80
BMRA,Healthcare,Medical Devices,2.93,0.0,0.0,0.33,0.58,0.83,-20307.36,-2.16,-68.19,2.312,,67,6
DXC,Technology,Information Technology Services,14.27,-15.22,3.71,0.35,-0.56,,-20307.47,2.05,-11.65,70.669,6.73,67,19
LDOS,Technology,Information Technology Services,187.15,0.09,0.3,-0.27,0.27,,-20307.79,10.59,-3.13,130.176,17.7,67,44
LSBK,Financial Services,Banks - Regional,13.06,0.79,-0.37,0.08,0.79,,-20307.8,1.05,3.27,4.801,12.48,67,64
ENLV,Healthcare,Biotechnology,1.05,0.87,-0.11,-0.12,1.0,0.47,-20307.92,-0.57,-7.3,,,67,30
LIXT,Healthcare,Biotechnology,5.42,0.0,0.26,0.21,0.55,0.48,-20307.97,-1.28,-7.3,,,67,30
CDXS,Healthcare,Biotechnology,2.49,0.56,-0.92,1.23,1.0,,-20308.11,-0.8,44.83,0.712,,67,89
BDC,Technology,Communication Equipment,130.77,0.19,-0.12,0.1,0.27,,-20308.18,5.5,0.99,65.132,23.69,67,58
CGAU,Basic Materials,Gold,9.23,1.2,0.03,0.04,0.83,-1.07,-20308.3,0.34,-2.06,5.779,28.06,67,48
B,Basic Materials,Gold,30.07,0.74,-0.02,-0.02,1.24,0.59,-20309.15,1.59,4.53,7.972,20.75,67,67
FDP,Consumer Defensive,Farm Products,36.27,0.83,0.51,-1.05,0.06,,-20309.49,3.12,-4.72,89.965,11.44,67,39
KLTR,Technology,Software - Application,1.73,-4.0,3.0,-1.0,0.4,,-20309.74,-0.13,-5.75,1.194,,66,36
EEFT,Technology,Software - Infrastructure,89.22,1.62,-0.17,-2.3,0.26,,-20309.83,7.25,2.0,94.905,12.3,66,60
HG,Financial Services,Insurance - Reinsurance,24.43,1.34,1.39,-1.33,0.49,,-20310.01,3.66,17.46,25.542,6.66,66,82
BLRX,Healthcare,Biotechnology,3.8719,0.0,145612400.0,1.0,0.0,0.0,-20310.15,-6.0,5333333333332266.0,6.0,,66,97
MNTN,Technology,Software - Application,20.08,-12.0,0.12,0.11,-3.38,4.03,-20310.34,-0.76,19.78,12.424,,66,83
CARE,Financial Services,Banks - Regional,20.15,-0.05,0.08,0.5,0.76,,-20310.52,1.36,-0.33,6.705,14.54,66,53
FATN,Technology,Software - Infrastructure,5.9911,0.0,0.0,0.0,0.0,,-20310.53,0.15,-0.58,1.248,59.27,66,53
MRX,Financial Services,Capital Markets,33.81,0.05,0.11,0.13,0.27,0.59,-20311.11,3.31,22.93,36.907,9.92,66,85
MARPS,Energy,Oil & Gas Midstream,4.635,2.0,-2.0,0.33,1.0,-1.5,-20311.26,0.37,45.43,0.518,12.62,66,89
CTS,Technology,Electronic Components,42.66,0.38,0.0,-0.38,0.29,,-20311.54,2.11,-4.55,17.346,19.77,66,39
EKSO,Healthcare,Medical Instruments & Supplies,4.45,0.45,0.17,-0.4,0.6,,-20311.65,-6.49,-95.35,8.523,,66,5
LRN,Consumer Defensive,Education & Training Services,140.87,0.0,0.03,1.36,0.57,0.42,-20312.5,5.95,11.82,55.884,23.82,66,78
INVE,Industrials,Building Products & Equipment,3.69,-0.24,-0.91,-33.91,0.04,,-20312.68,-1.06,-53.61,0.993,,66,7
CVLT,Technology,Software - Application,195.41,-0.32,1.8,-0.44,0.26,,-20312.85,1.79,12.74,23.924,108.72,66,79
HTB,Financial Services,Banks - Regional,42.59,0.2,0.01,0.08,0.38,,-20313.33,3.43,-0.14,11.869,12.16,66,54
CPT,Real Estate,REIT - Residential,107.32,1.06,-0.03,10.25,0.85,,-20313.47,1.42,-2.03,14.471,76.02,66,48
EHTH,Financial Services,Insurance Brokers,3.96,-1.97,-8.79,2.4,0.36,,-20313.55,-0.22,-11.04,18.311,,66,19
MAYS,Real Estate,Real Estate Services,38.5,3.0,-9.0,2.5,2.0,-1.0,-20313.85,-0.03,-4.51,11.065,,66,39
ICLR,Healthcare,Diagnostics & Research,179.43,0.21,-0.66,0.34,0.3,,-20313.87,9.71,-5.35,99.748,17.92,66,38
KNSL,Financial Services,Insurance - Property & Casualty,427.32,0.5,-0.22,-0.05,0.45,,-20314.08,19.16,19.03,74.379,22.38,66,83
FRD,Basic Materials,Steel,21.92,-0.07,5.47,-0.7,0.92,,-20314.12,1.21,12.22,66.869,18.76,66,78
LMB,Industrials,Building Products & Equipment,103.1,-0.33,0.02,0.32,0.26,,-20314.43,2.92,4.24,48.51,36.13,66,66
FFIC,Financial Services,Banks - Regional,14.39,2.41,4.55,-6.37,1.28,,-20314.6,-1.23,6.47,4.244,,66,70
HURA,Healthcare,Biotechnology,2.58,-0.4,-1.92,7.41,0.9,,-20314.69,-0.74,-7.3,,,66,30
CMI,Industrials,Specialty Industrial Machinery,426.39,0.08,0.97,-0.94,0.22,,-20314.78,21.31,-4.22,245.326,19.88,66,41
INVZ,Consumer Cyclical,Auto Parts,1.97,-0.29,0.57,0.36,0.44,,-20314.99,-0.42,53.87,0.209,,65,90
LFVN,Consumer Defensive,Packaged Foods,10.9,-0.75,0.33,0.4,0.14,1.15,-20315.07,0.75,124.3,18.654,14.17,65,93
GFS,Technology,Semiconductors,33.27,0.08,4.47,-5.12,0.46,,-20315.43,-0.21,-4.58,12.373,,65,39
GITS,Communication Services,Internet Content & Information,2.5,-0.1,0.0,0.0,-0.05,1.0,-20315.59,-2.02,-475570000000008.75,0.0,,65,3
LBRDK,Communication Services,Telecom Services,60.29,0.43,0.31,0.44,0.97,0.11,-20315.64,7.58,-2.92,7.357,7.97,65,45
LBRDA,Communication Services,Telecom Services,60.06,0.43,0.31,0.44,0.97,0.11,-20315.64,7.58,-2.92,7.357,7.92,65,45
BIDU,Communication Services,Internet Content & Information,135.25,-0.05,0.52,-0.52,0.38,,-20315.67,10.96,-19.57,385.41,12.35,65,13
FERG,Industrials,Industrial Distribution,229.2,0.71,0.5,-0.7,0.58,,-20315.87,9.31,-4.06,154.661,24.64,65,41
MOVE,Healthcare,Medical Devices,0.6172,0.0,-0.18,0.67,0.56,,-20316.07,-3.94,1865555555555548.5,0.168,,65,97
HURC,Industrials,Specialty Industrial Machinery,17.35,0.07,0.08,-1.91,1.53,,-20316.48,-2.1,-5.21,28.889,,65,38
MLI,Industrials,Metal Fabrication,100.25,0.59,0.15,-0.23,0.57,,-20316.72,6.29,2.02,36.707,15.84,65,60
IRD,Healthcare,Biotechnology,1.49,1.0,0.1,0.09,1.5,0.21,-20316.75,-1.88,819.17,0.401,,65,95
HSCS,Healthcare,Medical Devices,3.52,0.0,-0.13,0.16,0.1,0.17,-20316.78,-9.34,28999999999965.42,0.006,,65,96
AXSM,Healthcare,Biotechnology,118.63,0.26,0.26,-0.15,0.72,,-20316.94,-5.06,5.5596666666666776e+16,10.154,,65,98
BARK,Consumer Cyclical,Specialty Retail,0.8727,-0.16,0.96,-1.33,0.45,,-20317.22,-0.17,-16.5,2.725,,65,14
MEOH,Basic Materials,Chemicals,39.54,-0.74,1.46,0.46,0.83,,-20317.22,3.48,-19.7,52.987,11.14,65,12
EXPE,Consumer Cyclical,Travel Services,221.92,2.67,-2.49,-1.28,-0.12,,-20317.25,8.12,2.79,109.225,27.39,65,63
IMCR,Healthcare,Biotechnology,33.415,-3.0,5.7,-3.76,0.15,,-20317.34,-0.41,62.13,7.107,,65,91
ISSC,Industrials,Aerospace & Defense,11.5,-1.14,6.5,-3.5,0.56,,-20317.48,0.66,71.89,4.416,17.27,65,91
LSTA,Healthcare,Biotechnology,2.39,0.02,0.04,0.04,0.13,0.18,-20317.6,-2.23,1577777777777770.2,0.126,,65,97
CBRE,Real Estate,Real Estate Services,165.73,0.33,-1.96,1.19,0.71,,-20317.7,3.56,6.49,126.056,46.11,65,70
CNM,Industrials,Industrial Distribution,50.36,0.34,0.56,-1.03,0.15,,-20317.73,2.24,2.04,40.673,22.74,65,61
KO,Consumer Defensive,Beverages - Non-Alcoholic,66.46,0.16,0.51,-0.29,0.59,,-20317.94,2.82,-4.1,10.929,23.56,65,41
ESLT,Industrials,Aerospace & Defense,490.63,0.15,0.19,0.13,0.57,,-20318.1,8.83,9.91,167.88,55.26,65,76
MODD,Healthcare,Medical Devices,0.73,0.04,0.04,0.08,0.0,0.4,-20318.45,-0.51,-7.3,,,65,30
GMAB,Healthcare,Biotechnology,28.04,0.78,0.01,0.01,0.73,0.03,-20319.26,1.93,16.9,5.7793,14.65,64,82
DXCM,Healthcare,Medical Devices,75.78,0.7,-0.44,0.15,0.28,,-20319.4,1.42,8.91,10.971,47.5,64,74
IROQ,Financial Services,Banks - Regional,25.75,0.0,-0.23,0.9,1.38,0.41,-20319.45,1.37,5.38,8.397,18.8,64,69
ESRT,Real Estate,REIT - Diversified,7.67,-0.5,-0.17,-0.14,-1.5,1.0,-20319.45,0.23,-4.38,4.581,32.3,64,40
AXON,Industrials,Aerospace & Defense,766.47,-1.48,-0.55,0.99,-0.17,,-20319.56,4.03,25.97,31.159,192.19,64,86
BCAB,Healthcare,Biotechnology,0.691,-0.23,-0.01,-0.16,0.37,,-20319.64,-1.1,1.1944444444444436e+16,0.205,,64,98
BFAM,Consumer Cyclical,Personal Services,111.06,0.45,0.32,-0.9,0.41,,-20319.71,3.05,3.91,48.419,35.74,64,66
ELMD,Healthcare,Medical Devices,24.99,0.18,-0.05,0.35,0.53,0.29,-20319.82,0.85,6.84,7.57,29.14,64,71
ISTR,Financial Services,Banks - Regional,23.53,-0.39,0.03,0.13,0.12,,-20319.92,2.24,-1.65,9.219,10.27,64,50
IMAB,Healthcare,Biotechnology,3.65,-0.5,2.25,0.69,-5.33,3.5,-20319.96,-0.51,-702222222222301.1,,,64,3
EXLS,Technology,Information Technology Services,42.38,0.0,0.32,-0.06,0.46,,-20320.15,1.45,8.53,12.146,29.91,64,73
KZR,Healthcare,Biotechnology,3.8,0.07,0.5,-0.08,0.58,,-20320.37,-9.7,-7.3,,,64,30
LECO,Industrials,Tools & Accessories,239.76,0.22,-0.18,0.4,0.44,,-20320.43,8.89,-0.36,73.039,26.8,64,53
CZFS,Financial Services,Banks - Regional,64.95,0.11,-0.05,0.06,0.62,,-20320.75,6.58,2.86,21.711,9.62,64,63
GSBD,Financial Services,Asset Management,11.24,0.26,-0.09,-0.08,2.38,-0.44,-20320.8,1.25,128.23,3.431,8.98,64,93
HSTM,Healthcare,Health Information Services,29.17,0.29,-0.14,-0.19,0.29,,-20320.86,0.67,-3.21,9.711,43.28,64,44
CARM,Healthcare,Biotechnology,0.283,-0.05,0.2,0.17,0.17,1.09,-20320.91,-1.19,-5.038666666666666e+16,0.258,,64,2
CNVS,Communication Services,Entertainment,3.34,-6.25,-8.5,5.22,-0.05,,-20320.92,0.15,12.3,4.968,22.07,64,78
FCCO,Financial Services,Banks - Regional,28.91,0.31,-0.06,0.08,0.58,,-20321.01,2.23,7.81,9.411,13.07,64,72
CBFV,Financial Services,Banks - Regional,33.91,1.14,-0.32,-0.29,0.52,,-20321.1,2.14,0.75,9.959,15.84,64,57
HNI,Consumer Cyclical,"Furnishings, Fixtures & Appliances",45.86,2.47,-1.7,-0.23,0.37,,-20321.13,3.08,-1.0,54.751,14.78,64,51
CDRE,Industrials,Aerospace & Defense,34.3,0.3,-0.39,2.56,-0.03,,-20321.15,0.93,1.96,14.094,36.31,64,60
CPRX,Healthcare,Biotechnology,20.4,-0.09,0.0,0.27,0.23,,-20321.16,1.65,23.6,4.63,11.99,64,85
GTX,Consumer Cyclical,Auto Parts,13.56,0.43,-0.57,0.96,0.48,,-20321.4,1.42,-6.39,16.559,9.58,64,35
CASY,Consumer Cyclical,Specialty Retail,543.71,0.42,0.73,-1.07,0.19,0.73,-20321.51,15.59,1.55,441.951,35.09,63,59
CVCO,Consumer Cyclical,Residential Construction,563.62,0.43,-0.54,0.31,0.56,,-20321.52,23.0,6.49,259.426,24.2,63,70
FSUN,Financial Services,Banks - Regional,39.47,0.12,0.02,0.02,0.06,0.85,-20321.59,3.14,3.06,13.739,12.63,63,63
EWCZ,Consumer Defensive,Household & Personal Products,4.15,1.25,-0.1,0.42,0.02,,-20322.01,0.2,-9.52,4.795,20.0,63,22
EDN,Utilities,Utilities - Regulated Electric,15.42,1.59,-1.09,-0.52,0.37,-2.16,-20322.21,3.34,10.46,52060.9,4.54,63,76
HTH,Financial Services,Financial Conglomerates,34.92,-0.14,0.18,0.2,0.84,,-20322.41,2.22,-11.63,19.116,15.48,63,19
BYRN,Industrials,Aerospace & Defense,21.07,0.57,-5.14,7.6,0.22,,-20322.45,0.63,31.16,4.575,33.67,63,87
BLX,Financial Services,Banks - Regional,47.6,0.24,0.0,-0.03,0.27,,-20322.49,5.97,20.05,8.29,7.87,63,83
LPTX,Healthcare,Biotechnology,0.3214,-0.08,0.0,0.19,0.3,,-20322.92,-1.58,-1666666666666673.5,,,63,2
INFA,Technology,Software - Infrastructure,24.83,-2000000.0,-3000000.0,2.67,-2.0,,-20323.01,-0.03,-4.74,5.472,,63,39
CFFI,Financial Services,Banks - Regional,71.79,0.43,-0.13,0.13,0.58,,-20323.03,7.54,3.22,37.684,9.54,63,64
BNC,Industrials,Farm & Heavy Construction Machinery,10.9,-0.17,-0.21,-0.42,0.01,,-20323.04,-4.21,103.23,4.335,,63,92
ENVA,Financial Services,Credit Services,126.85,0.06,0.16,0.49,0.5,,-20323.07,9.38,17.38,52.699,13.43,63,82
ELA,Consumer Cyclical,Luxury Goods,7.65,0.1,0.25,0.33,0.83,0.43,-20323.11,0.33,9.94,7.626,24.12,63,76
IDXX,Healthcare,Diagnostics & Research,655.51,0.23,0.13,-0.07,0.49,,-20323.16,12.01,1.94,49.562,54.63,63,60
IPDN,Industrials,Staffing & Employment Services,3.01,0.7,13.1,-17.33,1.17,,-20323.27,-1.48,-7.74,3.857,,63,25
CIVB,Financial Services,Banks - Regional,21.3,0.08,0.05,0.19,0.58,,-20323.33,2.53,0.82,10.133,8.22,63,57
KR,Consumer Defensive,Grocery Stores,65.99,-0.43,0.43,0.07,0.42,,-20323.39,3.94,4.35,210.035,16.64,63,66
INMD,Healthcare,Medical Devices,15.17,0.62,-3.42,0.74,0.5,,-20323.42,2.38,0.95,5.721,6.18,63,58
MGYR,Financial Services,Banks - Regional,17.44,-0.07,0.26,-0.21,0.48,,-20323.87,1.57,8.79,5.694,11.11,63,74
MRBK,Financial Services,Banks - Regional,16.12,1.38,-1.38,0.16,0.67,,-20324.03,1.61,5.1,9.515,9.92,63,68
ECPG,Financial Services,Credit Services,46.09,0.28,5.81,-8.36,0.85,,-20324.06,-3.71,0.38,61.658,,63,56
EME,Industrials,Engineering & Construction,628.92,0.28,-0.2,0.09,0.28,,-20324.06,24.08,8.87,342.181,26.25,63,74
LYTS,Technology,Electronic Components,23.45,1.08,-0.46,-0.21,0.42,,-20324.07,0.79,9.0,19.175,29.59,63,74
MFIN,Financial Services,Credit Services,10.75,-0.08,0.18,0.18,0.58,,-20324.1,1.75,12.65,14.718,6.01,63,79
MDB,Technology,Software - Infrastructure,316.3,-0.26,-3.3,2.54,0.28,,-20324.32,-0.94,19.3,28.231,,62,83
HLT,Consumer Cyclical,Lodging,266.3,0.48,-0.66,0.49,0.09,,-20324.45,6.5,4.71,19.946,41.32,62,67
MLYS,Healthcare,Biotechnology,39.87,0.2,0.24,0.15,0.26,,-20324.58,-3.56,-7.3,,,62,30
KT,Communication Services,Telecom Services,19.98,0.28,2.15,-2.74,0.76,,-20324.6,1.36,2.19,56058.82,14.26,62,61
CTXR,Healthcare,Biotechnology,1.17,0.59,0.02,0.1,0.96,0.06,-20324.81,-4.87,-7.3,,,62,30
KROS,Healthcare,Biotechnology,16.04,-5.82,4.21,0.24,0.64,,-20324.87,0.32,-2.2165555555522644e+16,5.853,48.63,62,2
META,Communication Services,Internet Content & Information,780.25,0.1,-0.25,0.33,0.37,,-20325.13,27.55,10.92,70.813,28.25,62,77
MNSB,Financial Services,Banks - Regional,21.09,1.12,9.8,-54.0,0.96,,-20325.25,-1.46,8.31,8.46,,62,73
IBEX,Technology,Information Technology Services,42.0,-0.1,0.3,0.36,0.38,0.34,-20325.35,2.36,1.07,38.035,17.35,62,58
ETON,Healthcare,Drug Manufacturers - Specialty & Generic,18.46,-0.67,-2.0,-2.0,0.2,,-20325.52,-0.15,72.81,2.199,,62,92
HIG,Financial Services,Insurance - Property & Casualty,131.41,0.6,-0.34,0.13,0.41,,-20325.69,11.01,0.19,95.268,11.89,62,55
FLEX,Technology,Electronic Components,58.13,-0.15,-0.16,0.25,0.47,,-20325.71,2.27,-3.94,67.901,25.84,62,42
CRUS,Technology,Semiconductors,122.75,-0.15,-0.62,0.14,0.48,,-20325.87,6.38,-0.66,36.604,18.83,62,52
BBW,Consumer Cyclical,Specialty Retail,74.21,-0.24,0.23,0.29,0.47,0.43,-20325.88,4.45,2.31,39.499,16.42,62,61
KTB,Consumer Cyclical,Apparel Manufacturing,82.01,0.73,-0.51,-0.09,0.43,,-20326.3,4.47,-1.35,47.852,17.99,62,50
CX,Basic Materials,Building Materials,9.32,-1.3,15.86,-7.91,0.38,,-20326.3,0.61,-9.63,10.82,14.87,62,22
INTA,Technology,Software - Application,45.33,3.0,2.25,-1.17,0.0,,-20326.45,-0.23,12.38,6.405,,62,79
MOBX,Technology,Semiconductors,0.8989,-1.83,7.67,-0.53,0.47,,-20326.46,-1.11,104.01,0.271,,62,93
CAAP,Industrials,Airports & Air Services,18.29,0.2,0.19,1.33,-0.03,,-20326.75,0.94,16.33,11.613,19.15,62,82
MNSO,Consumer Cyclical,Specialty Retail,24.77,0.0,-0.91,0.25,-0.46,-0.38,-20326.86,1.06,12.09,60.398,23.63,62,78
AVR,Healthcare,Medical Instruments & Supplies,5.4,0.05,-0.0,0.61,0.57,,-20326.93,-3.05,-4.44,0.085,,62,40
HIFS,Financial Services,Banks - Regional,292.01,0.32,0.1,0.11,1.3,0.03,-20327.0,15.36,24.84,34.434,18.52,62,86
IRTC,Healthcare,Medical Devices,176.4,1.2,-23.25,36.0,0.48,,-20327.03,-2.92,17.58,20.833,,62,82
CPIX,Healthcare,Drug Manufacturers - Specialty & Generic,3.31,-2.6,2.75,-0.27,0.6,,-20327.04,-0.22,-1.84,2.905,,62,49
EMR,Industrials,Specialty Industrial Machinery,131.91,0.21,-0.2,-0.68,0.81,,-20327.22,3.89,-1.12,31.406,34.02,62,51
DBX,Technology,Software - Infrastructure,30.79,-0.13,0.53,0.0,0.35,,-20327.25,1.63,-6.33,8.599,18.78,61,35
BLDP,Industrials,Specialty Industrial Machinery,2.62,-0.14,4.36,0.81,0.37,1.0,-20327.29,-0.99,-5.13,0.242,,61,38
CBZ,Industrials,Specialty Business Services,54.89,-1.89,2.06,-3.59,0.67,,-20327.31,1.44,40.57,40.903,37.35,61,89
GRNQ,Industrials,Consulting Services,1.3899,0.14,-0.33,-0.5,0.0,-1.0,-20327.34,-0.14,7.03,0.428,,61,71
J,Industrials,Engineering & Construction,149.63,24.83,2.83,-23.91,0.32,,-20327.63,3.89,-6.89,96.474,38.35,61,34
COKE,Consumer Defensive,Beverages - Non-Alcoholic,111.91,0.81,-0.72,0.55,0.16,,-20327.63,6.71,-2.59,79.63,16.87,61,46
HTHT,Consumer Cyclical,Lodging,38.09,0.72,13.5,-19.5,0.47,,-20327.7,1.68,3.86,78.838,23.08,61,65
MORN,Financial Services,Financial Data & Stock Exchanges,233.7,0.15,-0.49,-0.03,0.31,,-20327.71,9.41,-0.02,55.039,24.99,61,55
COR,Healthcare,Medical Distribution,290.84,-0.04,0.47,125.0,0.45,,-20327.82,9.74,2.19,1628.807,29.78,61,61
INDP,Healthcare,Biotechnology,2.57,-0.01,0.0,0.0,0.45,0.41,-20327.92,-37.38,-7.3,,,61,30
EPSN,Energy,Oil & Gas E&P,5.2,-1.57,0.8,4.0,0.75,1.57,-20328.09,0.23,25.4,2.005,22.57,61,86
BELFB,Technology,Electronic Components,150.97,0.49,10.71,-5.64,0.35,,-20328.21,3.91,10.09,47.207,36.34,61,76
BELFA,Technology,Electronic Components,124.97,0.49,10.71,-5.64,0.35,,-20328.21,3.92,10.09,47.207,30.13,61,76
FFIV,Technology,Software - Infrastructure,331.8,0.31,-0.14,0.01,0.34,,-20328.29,11.34,1.72,52.07,28.99,61,60
KLAC,Technology,Semiconductor Equipment & Materials,1046.69,0.11,0.33,-0.14,0.46,,-20328.31,30.4,11.85,91.379,34.37,61,78
IMUX,Healthcare,Biotechnology,0.84,0.25,-0.02,-0.02,0.05,0.2,-20328.39,-0.94,-7.3,,,61,30
FICO,Technology,Software - Application,1522.1,0.12,0.07,0.1,0.46,0.28,-20328.6,25.56,8.99,79.115,57.79,61,74
CNQ,Energy,Oil & Gas E&P,32.103,0.0,1.17,-0.98,0.46,,-20328.65,2.86,-10.37,18.048,11.04,61,21
CARS,Communication Services,Internet Content & Information,13.59,4.67,-10.0,-0.04,-0.55,,-20328.79,0.62,-5.93,11.091,21.56,61,36
AXIL,Technology,Consumer Electronics,6.93,0.0,-0.11,6.0,0.64,-0.44,-20328.94,0.1,86.11,4.077,69.2,61,92
CBAN,Financial Services,Banks - Regional,18.26,0.21,-0.11,0.31,0.48,,-20329.05,1.57,5.04,6.766,11.2,61,68
MFA,Real Estate,REIT - Mortgage,9.73,-0.45,17.0,-20.0,-0.45,,-20329.08,0.88,-36.73,2.743,11.22,61,8
CIA,Financial Services,Insurance - Life,5.59,5.33,-3.42,0.21,0.62,,-20329.12,0.22,-4.35,4.924,26.77,61,40
BAP,Financial Services,Banks - Regional,261.91,0.02,0.58,-0.35,0.36,,-20329.22,22.03,5.06,248.571,11.92,61,68
FI,Technology,Information Technology Services,132.87,0.23,-0.09,0.68,0.22,,-20329.24,5.98,0.71,37.476,22.04,60,57
BEEP,Industrials,Infrastructure Operations,3.14,-0.1,-2.33,1.0,-0.83,,-20329.52,-0.29,-1.69,0.953,,60,49
BIAF,Healthcare,Diagnostics & Research,5.073,-0.06,0.0,0.0,0.12,0.25,-20329.55,-17.1,2789982222222186.5,13.658,,60,97
AWI,Industrials,Building Products & Equipment,197.42,0.27,0.11,-0.23,0.35,,-20329.57,6.74,6.68,35.899,29.16,60,71
CURB,Real Estate,REIT - Retail,22.7,0.0,-0.1,2.34,0.68,,-20329.7,0.16,34.79,1.38,140.44,60,88
FCFS,Financial Services,Credit Services,148.56,-0.4,0.01,0.29,0.23,,-20329.8,6.5,1.96,75.923,22.53,60,60
FRME,Financial Services,Banks - Regional,40.96,0.03,-0.16,0.31,0.44,,-20330.16,3.85,-3.18,11.029,10.47,60,44
CYBN,Healthcare,Biotechnology,6.0,-0.35,-0.54,4.4,-1.04,1.45,-20330.47,-4.47,-7.3,,,60,30
DRS,Industrials,Aerospace & Defense,42.58,0.05,-0.79,0.55,0.43,,-20330.8,0.94,0.81,12.907,44.09,60,57
CRON,Healthcare,Drug Manufacturers - Specialty & Generic,2.67,-6.0,0.0,0.0,-4.0,3.0,-20330.81,0.05,11.4,0.34,52.4,60,77
FTDR,Consumer Cyclical,Personal Services,67.08,2.02,-0.82,-0.45,0.28,0.16,-20330.83,3.37,0.99,26.196,19.85,60,58
BTBD,Consumer Cyclical,Restaurants,1.57,6.0,-0.11,-0.12,2.0,0.4,-20331.12,-0.33,-5.79,2.362,,60,36
ECG,Industrials,Engineering & Construction,81.89,0.44,0.06,-0.21,0.36,,-20331.12,3.25,17.0,64.082,25.3,60,82
LYEL,Healthcare,Biotechnology,12.64,0.25,2.62,-2.83,0.24,,-20331.27,-24.26,-7211.05,0.004,,60,4
IMMR,Technology,Software - Application,7.39,-0.75,-0.08,0.52,-0.02,,-20331.39,1.8,2976.51,5.119,4.11,60,95
HUMA,Healthcare,Biotechnology,1.79,-2.17,2.75,1.06,1.0,,-20331.56,-0.47,2006666666666659.5,0.006,,60,97
GALT,Healthcare,Biotechnology,4.64,0.25,0.1,0.09,0.67,0.27,-20331.8,-0.64,-7.3,,,60,30
MRSN,Healthcare,Biotechnology,7.35,-0.03,-0.73,-0.22,0.03,,-20331.83,-14.79,6877.64,7.018,,60,96
MPTI,Technology,Electronic Components,49.0,-0.04,-0.33,-0.08,-0.16,,-20331.83,2.58,8.53,18.512,20.36,60,73
GP,Industrials,Farm & Heavy Construction Machinery,3.93,0.11,0.1,0.06,0.5,0.29,-20331.84,-6.1,-66.1,6.45,,60,6
BDSX,Healthcare,Diagnostics & Research,6.73,0.0,-0.33,0.17,0.0,,-20331.84,-5.2,3.94,10.433,,60,66
BX,Financial Services,Asset Management,188.68,0.22,-0.15,-0.11,0.69,,-20331.92,3.7,9.13,17.476,50.71,60,74
KB,Financial Services,Banks - Regional,84.23,0.04,0.04,0.04,0.04,0.7,-20331.92,10.68,-2.17,10002.25,7.85,60,48
DECK,Consumer Cyclical,Footwear & Accessories,115.43,-0.08,-2.01,0.89,0.23,,-20332.0,6.51,9.45,33.914,17.48,60,75
HBCP,Financial Services,Banks - Regional,56.93,0.07,0.13,0.03,0.44,,-20332.03,5.21,2.22,17.885,10.76,60,61
CHCI,Real Estate,Real Estate Services,16.21,-0.14,-5.5,3.33,0.4,,-20332.09,1.52,12.55,5.571,10.65,59,79
ISBA,Financial Services,Banks - Regional,34.3,0.28,-0.02,0.23,0.45,,-20332.18,2.19,-0.26,9.874,16.0,59,54
CHPT,Consumer Cyclical,Specialty Retail,10.78,-0.19,0.25,0.2,0.13,0.42,-20332.3,-11.53,-6.06,17.617,,59,35
BGC,Financial Services,Capital Markets,9.85,0.0,1.2,0.67,0.37,,-20332.33,0.3,23.08,5.189,32.5,59,85
FINV,Financial Services,Credit Services,7.92,-0.02,0.09,0.1,0.38,,-20332.4,1.5,1.89,54.298,5.11,59,60
LW,Consumer Defensive,Packaged Foods,56.47,-0.21,5.12,-4.56,-0.06,,-20332.56,2.5,1.03,45.368,22.26,59,58
INKT,Healthcare,Biotechnology,15.35,-0.51,-0.17,-0.2,-0.45,0.57,-20332.61,-2.8,-7.3,,,59,30
CXM,Technology,Software - Application,7.9,6.0,-2.5,-1.67,4.0,-5.0,-20332.81,0.44,3.57,3.22,17.7,59,65
MBCN,Financial Services,Banks - Regional,33.29,0.27,0.0,1.07,0.46,,-20332.87,2.25,9.81,8.73,14.38,59,76
BWB,Financial Services,Banks - Regional,17.66,0.23,0.19,-0.08,0.46,,-20332.96,1.21,15.97,4.344,14.34,59,81
CB,Financial Services,Insurance - Property & Casualty,274.28,1.24,-0.91,0.1,0.35,,-20332.96,22.65,1.11,143.085,12.09,59,58
LAB,Healthcare,Medical Devices,1.41,-0.29,0.29,-0.29,0.33,,-20332.99,-0.37,-5.46,0.458,,59,37
CUZ,Real Estate,REIT - Office,29.28,-0.33,0.33,0.29,0.8,,-20333.14,0.37,2.33,5.69,77.97,59,61
GRMN,Technology,Scientific & Technical Instruments,237.25,0.2,-0.31,0.09,0.32,,-20333.2,8.11,9.15,35.138,28.99,59,74
HEI,Industrials,Aerospace & Defense,321.74,0.12,-0.07,0.2,0.28,,-20333.35,4.56,12.33,30.879,69.9,59,79
CCK,Consumer Cyclical,Packaging & Containers,95.26,-0.05,-0.84,3.06,0.08,,-20333.39,4.75,-4.46,102.325,19.93,59,40
CP,Industrials,Railroads,75.61,0.37,-0.32,0.43,0.38,,-20333.48,3.26,2.09,16.024,23.19,59,61
CAKE,Consumer Cyclical,Restaurants,55.12,0.71,-0.25,0.37,0.07,,-20333.54,3.24,-1.14,77.407,16.85,59,51
IGIC,Financial Services,Insurance - Diversified,24.18,0.35,-0.14,-0.14,0.1,,-20333.58,2.79,1.51,12.097,8.59,59,59
IBKR,Financial Services,Capital Markets,64.92,0.05,-0.03,0.09,0.22,,-20333.62,1.9,15.16,12.923,34.23,59,81
GAP,Consumer Cyclical,Apparel Retail,23.02,0.14,-0.08,-0.33,0.05,,-20333.73,2.32,-8.36,40.389,9.59,59,24
FTNT,Technology,Software - Infrastructure,80.99,0.02,-0.23,-0.03,0.14,,-20333.81,2.51,8.96,8.271,33.55,59,74
GMRE,Real Estate,REIT - Healthcare Facilities,7.73,-4.0,0.5,-0.5,4.0,,-20333.82,0.35,1.99,2.131,21.51,59,60
LARK,Financial Services,Banks - Regional,27.21,-0.07,0.42,-0.2,0.45,,-20333.97,2.81,4.48,10.805,9.63,59,67
AUST,Basic Materials,Gold,1.67,1.0,0.37,0.27,1.5,0.5,-20334.27,-0.19,-7.3,,,59,30
MLM,Basic Materials,Building Materials,620.4,1.85,-1.52,-0.23,0.14,,-20334.33,18.06,-3.29,109.77,34.25,58,43
BBDO,Financial Services,Banks - Regional,2.9,0.1,0.06,0.07,0.49,0.35,-20334.37,0.35,4.97,8.288,8.21,58,68
BBD,Financial Services,Banks - Regional,3.27,0.1,0.06,0.07,0.49,0.35,-20334.37,0.35,4.97,8.288,9.51,58,68
AURA,Healthcare,Biotechnology,6.26,0.17,-0.13,-0.15,-0.15,-0.37,-20334.73,-1.95,-7.3,,,58,30
BOOT,Consumer Cyclical,Apparel Retail,178.74,0.42,-1.0,1.56,0.37,,-20334.87,6.36,8.36,65.166,27.68,58,73
MNPR,Healthcare,Biotechnology,66.25,0.09,-0.01,-0.01,0.4,0.34,-20334.93,-3.84,-7.3,,,58,30
IDN,Technology,Software - Application,5.47,1.0,0.5,0.33,0.0,0.0,-20334.96,-0.05,0.99,1.07,,58,58
DOCS,Healthcare,Health Information Services,73.6,-0.18,-0.21,0.67,0.27,,-20335.04,1.17,9.13,3.146,62.24,58,74
CLX,Consumer Defensive,Household & Personal Products,124.12,0.79,-0.03,0.94,0.55,,-20335.2,6.52,-4.33,57.511,18.66,58,40
FRT,Real Estate,REIT - Retail,100.22,1.47,-0.04,0.07,0.35,,-20335.24,3.95,-1.33,14.571,25.22,58,50
DC,Basic Materials,Gold,4.57,-0.5,0.87,0.47,0.67,1.5,-20335.32,-0.27,-7.3,,,58,30
BK,Financial Services,Banks - Diversified,108.52,0.23,0.02,0.03,0.27,,-20335.53,6.54,1.22,26.558,16.62,58,58
BV,Industrials,Specialty Business Services,13.63,6.33,5.67,-2.82,0.6,,-20335.62,0.12,-9.22,28.363,111.33,58,23
JBSS,Consumer Defensive,Packaged Foods,64.58,-0.49,0.48,0.17,0.35,,-20335.69,5.03,-5.75,94.998,12.57,58,36
CIB,Financial Services,Banks - Regional,51.56,0.03,0.05,0.1,0.24,,-20335.75,7.17,0.04,24526.367,7.24,58,55
FSLY,Technology,Software - Application,8.95,0.04,-0.17,0.17,0.23,,-20335.79,-1.03,5.39,4.011,,58,69
FDBC,Financial Services,Banks - Regional,45.0,0.15,0.02,0.17,0.4,,-20335.79,4.1,5.18,14.782,10.75,58,68
FCAP,Financial Services,Banks - Regional,45.32,0.16,0.0,0.11,0.33,,-20335.81,3.93,5.18,13.347,11.7,58,68
BURL,Consumer Cyclical,Apparel Retail,264.89,-0.07,-1.57,1.89,0.29,,-20335.98,8.47,0.75,173.986,31.06,58,57
BYD,Consumer Cyclical,Resorts & Casinos,83.3,0.4,-0.47,0.34,0.25,,-20336.0,6.46,-0.86,46.273,12.89,58,52
CRVL,Financial Services,Insurance Brokers,82.97,0.04,0.11,0.01,0.26,,-20336.02,1.93,3.77,17.88,41.17,58,65
DORM,Consumer Cyclical,Auto Parts,159.0,0.02,0.06,-0.02,0.25,,-20336.23,7.34,2.66,68.296,21.31,58,63
BETR,Financial Services,Mortgage Finance,32.02,0.4,0.04,0.04,0.18,0.02,-20336.42,-13.22,-10.33,8.619,,58,21
ICCM,Healthcare,Medical Devices,1.04,0.0,0.08,0.08,0.25,0.33,-20336.74,-0.27,-72.08,0.05,,58,6
CAMT,Technology,Semiconductor Equipment & Materials,101.15,-0.01,0.03,0.03,0.19,,-20336.82,2.72,12.09,10.362,35.89,57,78
FSFG,Financial Services,Banks - Regional,27.72,0.12,-0.14,0.69,0.5,,-20336.83,3.1,-6.0,11.616,8.85,57,36
CMPS,Healthcare,Medical Care Facilities,5.08,-1.05,2.15,-0.12,0.37,,-20336.93,-1.81,-7.3,,,57,30
CW,Industrials,Aerospace & Defense,512.8,0.19,-0.16,0.07,0.23,,-20336.95,11.84,3.08,87.313,43.47,57,64
HNNA,Financial Services,Asset Management,11.08,-0.22,-0.09,0.16,0.04,0.65,-20336.97,1.25,-6.16,4.615,8.83,57,35
LVWR,Consumer Cyclical,Auto Manufacturers,5.61,0.0,0.22,0.0,0.33,,-20337.01,-0.41,-17.74,0.117,,57,13
AUID,Technology,Software - Infrastructure,3.08,0.21,-0.13,-0.15,0.03,-0.25,-20337.08,-1.45,288.6,0.19,,57,94
ENB,Energy,Oil & Gas Midstream,49.12,-0.04,0.28,0.38,0.16,0.55,-20337.09,2.06,15.03,29.583,24.01,57,81
KARO,Technology,Software - Application,56.27,0.05,0.06,0.12,0.19,,-20337.11,1.79,11.35,154.165,31.68,57,77
GNTY,Financial Services,Banks - Regional,50.03,0.16,-0.16,0.35,0.35,,-20337.16,3.15,3.59,11.181,15.79,57,65
COLB,Financial Services,Banks - Regional,26.91,0.78,-0.68,-0.01,0.26,,-20337.21,2.52,4.09,8.967,10.54,57,66
CLB,Energy,Oil & Gas Equipment & Services,12.68,70.32,-48.95,-0.58,0.19,,-20337.25,0.62,-6.29,11.054,19.31,57,35
FMAO,Financial Services,Banks - Regional,26.52,0.1,-0.2,0.27,0.33,,-20337.31,2.16,6.56,8.087,12.08,57,70
DELL,Technology,Computer Hardware,132.11,0.22,-0.56,0.37,0.38,,-20337.37,6.85,4.63,146.288,19.26,57,67
HESM,Energy,Oil & Gas Midstream,39.48,0.14,-0.05,0.08,0.25,,-20337.45,2.69,4.12,14.624,13.14,57,66
INNV,Healthcare,Medical Care Facilities,5.07,7.0,0.25,-1.5,3.0,-1.0,-20337.46,-0.22,2.43,6.306,,57,62
KMI,Energy,Oil & Gas Midstream,27.67,0.0,0.07,0.07,0.23,,-20337.54,1.22,0.26,7.188,22.48,57,55
MMS,Industrials,Specialty Business Services,89.15,0.1,1.46,-0.74,0.27,,-20337.58,5.38,-3.06,92.868,16.54,57,44
IBM,Technology,Information Technology Services,265.0,1.07,-1.76,9.75,0.19,,-20337.68,6.21,-1.17,69.074,42.9,57,51
FHN,Financial Services,Banks - Regional,23.23,0.12,0.37,-0.33,0.35,,-20337.71,1.55,-5.64,5.908,14.9,57,37
JJSF,Consumer Defensive,Packaged Foods,102.55,8.08,-0.04,-4.85,0.21,,-20337.75,4.29,-1.29,82.196,23.31,57,50
EDIT,Healthcare,Biotechnology,3.0,0.46,-0.67,0.36,0.3,,-20337.78,-2.84,404.89,0.468,,57,94
IFRX,Healthcare,Biotechnology,1.37,-0.62,0.65,0.4,0.14,0.31,-20337.97,-0.86,70098888889246.53,0.003,,57,96
JKHY,Technology,Information Technology Services,154.47,0.15,0.14,-0.22,0.26,,-20337.97,6.25,1.61,32.594,24.32,57,59
ISRG,Healthcare,Medical Instruments & Supplies,435.83,-0.06,0.02,0.21,0.24,,-20338.01,7.15,11.49,25.609,61.36,57,77
HCWC,Consumer Defensive,Packaged Foods,0.93,1.33,1.57,0.61,1.0,0.09,-20338.26,-0.43,42.91,7.575,,56,89
DOMO,Technology,Software - Application,17.75,-0.24,0.03,0.03,-0.1,0.53,-20338.33,-1.95,-3.7,8.034,,56,42
MAS,Industrials,Building Products & Equipment,72.99,0.46,0.03,0.11,0.09,,-20338.34,3.77,-9.39,35.892,19.16,56,22
MSFT,Technology,Software - Infrastructure,508.45,0.05,0.07,-0.02,0.24,,-20338.34,13.62,8.93,37.902,38.03,56,74
MEDP,Healthcare,Diagnostics & Research,501.94,-0.19,-0.0,0.22,0.11,,-20338.48,13.46,9.84,73.795,37.04,56,76
CF,Basic Materials,Agricultural Inputs,84.1,0.28,-0.02,0.22,0.03,,-20338.5,7.63,5.15,37.757,11.15,56,68
LGCY,Consumer Defensive,Education & Training Services,12.51,1.09,-1.0,0.19,0.52,0.01,-20338.57,0.59,21.7,5.458,21.8,56,84
FXNC,Financial Services,Banks - Regional,24.01,2.11,2.8,-4.6,0.44,,-20338.66,0.84,36.59,8.643,28.45,56,88
DRI,Consumer Cyclical,Restaurants,192.74,-0.17,-0.07,0.51,0.26,,-20338.71,9.33,5.08,105.633,19.8,56,68
BOTJ,Financial Services,Banks - Regional,15.54,2.16,-0.89,-0.22,0.28,,-20338.72,1.58,0.67,10.242,9.75,56,56
EQBK,Financial Services,Banks - Regional,42.53,0.01,-0.23,-0.23,0.13,,-20338.75,4.05,0.74,13.735,10.37,56,57
LOPE,Consumer Defensive,Education & Training Services,209.17,-0.71,-0.13,1.0,0.24,,-20338.8,8.25,0.19,37.481,25.43,56,55
FSV,Real Estate,Real Estate Services,201.6,15.83,-11.0,-0.86,0.29,,-20338.83,3.12,4.48,119.915,64.61,56,67
FSBC,Financial Services,Banks - Regional,33.75,0.1,-0.02,0.21,0.33,,-20338.84,2.44,14.14,6.231,13.5,56,80
CWCO,Utilities,Utilities - Regulated Water,34.51,0.07,0.03,0.04,-2.12,-0.37,-20338.86,1.05,5.84,8.132,32.3,56,69
FLS,Industrials,Specialty Industrial Machinery,57.7,0.11,-0.05,0.34,0.13,,-20338.87,2.21,-2.49,35.385,25.65,56,47
MCK,Healthcare,Medical Distribution,690.13,-0.6,0.44,2.71,-0.12,,-20338.87,25.0,11.92,2992.629,27.93,56,78
GOOG,Communication Services,Internet Content & Information,252.33,-0.22,0.31,0.01,0.22,,-20338.92,9.37,5.48,30.428,27.24,56,69
GOOGL,Communication Services,Internet Content & Information,252.03,-0.22,0.31,0.01,0.22,,-20338.92,9.37,5.48,30.428,27.18,56,69
HAE,Healthcare,Medical Devices,51.15,-0.67,0.57,0.14,-0.06,,-20338.94,3.27,-6.63,27.126,15.47,56,34
INUV,Technology,Software - Application,3.45,0.0,-10000000.0,10000000.0,0.2,,-20338.94,-0.31,13.2,6.895,,56,79
CLVT,Technology,Information Technology Services,4.11,0.36,-0.25,-0.33,3.18,-0.07,-20338.96,-0.61,-6.21,3.581,,56,35
HUBB,Industrials,Electrical Equipment & Parts,440.1,0.45,-0.16,-0.11,0.15,,-20339.08,15.41,-2.36,105.068,28.65,56,47
CCBG,Financial Services,Banks - Regional,43.74,-0.12,0.12,0.14,0.05,0.34,-20339.1,3.41,-1.61,14.179,12.71,56,50
FIVE,Consumer Cyclical,Specialty Retail,155.44,0.04,-3.55,112.67,0.3,,-20339.21,4.95,12.13,76.895,30.71,56,78
IRMD,Healthcare,Medical Devices,72.375,0.22,-0.11,0.02,0.15,,-20339.23,1.61,8.83,6.115,43.8,55,74
CBNK,Financial Services,Banks - Regional,33.45,-0.06,0.87,-0.38,0.34,,-20339.52,2.66,18.8,12.868,12.29,55,83
BNAI,Technology,Software - Infrastructure,0.313,0.39,0.28,-0.78,2.0,,-20339.67,-0.84,-225.95,0.002,,55,4
BIRD,Consumer Cyclical,Apparel Retail,6.0,0.42,0.18,-0.21,0.25,,-20339.74,-10.55,-32.15,21.352,,55,9
BYND,Consumer Defensive,Packaged Foods,2.77,0.6,-0.06,-0.59,0.23,,-20339.89,-2.14,-27.75,4.198,,55,9
ESQ,Financial Services,Banks - Regional,104.27,0.03,-0.04,0.03,0.1,,-20339.9,5.39,12.42,16.003,19.19,55,79
CPK,Utilities,Utilities - Regulated Gas,126.31,-1.16,0.39,1.05,0.26,,-20339.98,5.59,7.31,37.844,23.0,55,72
IBN,Financial Services,Banks - Regional,32.06,-0.0,0.05,-0.01,0.14,,-20340.0,1.67,7.34,581.114,19.14,55,72
MCRI,Consumer Cyclical,Resorts & Casinos,102.57,0.36,-0.29,-0.08,0.21,,-20340.02,4.22,0.5,29.147,24.22,55,56
CRDL,Healthcare,Drug Manufacturers - Specialty & Generic,1.11,0.0,0.4,0.29,0.0,0.4,-20340.02,-0.35,-87511111111118.42,,,55,3
IBP,Consumer Cyclical,Residential Construction,263.71,0.53,-0.46,-0.02,0.09,,-20340.08,8.98,-1.21,106.89,28.91,55,51
EQIX,Real Estate,REIT - Specialty,785.3,0.07,26.14,-23.21,0.19,,-20340.17,10.21,-1.08,92.169,77.5,55,51
AXS,Financial Services,Insurance - Specialty,96.29,0.2,-0.49,0.67,0.14,,-20340.28,10.4,-2.74,76.342,9.17,55,46
CPRT,Industrials,Specialty Business Services,45.46,-0.02,0.05,0.05,0.21,,-20340.3,1.59,5.21,4.814,28.84,55,68
CWT,Utilities,Utilities - Regulated Water,45.61,2.23,-0.5,-2.12,0.01,,-20340.34,2.28,1.78,16.685,19.94,55,60
CFLT,Technology,Software - Infrastructure,20.19,-0.2,0.35,-0.17,0.17,,-20340.52,-0.93,18.08,3.201,,55,83
BANF,Financial Services,Banks - Regional,135.3,0.11,-0.01,-0.04,0.22,,-20340.58,6.95,2.48,19.77,18.97,55,62
FFIN,Financial Services,Banks - Regional,35.82,0.09,-0.02,0.13,0.27,,-20340.64,1.71,4.71,4.047,20.39,55,67
MNST,Consumer Defensive,Beverages - Non-Alcoholic,64.64,0.11,0.15,-0.03,0.22,,-20340.65,1.61,3.65,7.861,39.83,55,65
CVRX,Healthcare,Medical Devices,7.17,-0.08,-0.23,0.33,0.14,,-20340.68,-2.06,22.51,2.198,,55,85
BLD,Industrials,Engineering & Construction,418.89,0.26,-0.21,-0.11,0.11,,-20340.69,20.25,-5.25,179.178,20.45,55,38
AUR,Technology,Information Technology Services,5.96,0.09,0.04,0.04,0.09,-0.09,-20340.7,-0.47,-6.88888888888889e+16,0.001,,55,1
MDBH,Financial Services,Capital Markets,3.55,-0.26,0.13,0.11,-0.8,0.18,-20340.77,1.06,-7450429999999988.0,-0.063,3.23,55,2
BSAC,Financial Services,Banks - Regional,25.51,-0.02,0.0,0.14,0.25,,-20340.79,2.37,5.6,2475.6,10.8,55,69
EW,Healthcare,Medical Devices,74.55,-0.07,-0.07,-6.91,-0.07,,-20341.0,2.39,1.02,9.632,31.13,54,58
EXR,Real Estate,REIT - Industrial,142.69,-0.08,0.03,0.36,0.34,,-20341.06,4.6,4.38,16.021,30.29,54,67
HRB,Consumer Cyclical,Personal Services,50.44,-1.41,4.0,-0.45,0.21,,-20341.15,4.42,-3.33,27.73,11.37,54,43
EHC,Healthcare,Medical Care Facilities,125.33,-0.06,0.25,0.11,0.25,,-20341.16,5.14,4.12,56.55,24.14,54,66
CTBI,Financial Services,Banks - Regional,57.62,0.13,-0.02,0.02,0.27,,-20341.35,5.08,3.5,14.113,11.12,54,65
MAR,Consumer Cyclical,Lodging,263.95,0.16,0.47,-0.28,0.03,,-20341.35,8.89,5.38,24.408,30.2,54,69
GCBC,Financial Services,Banks - Regional,24.73,0.0,0.07,0.19,0.17,0.38,-20341.36,1.83,9.21,4.312,13.11,54,75
CACI,Technology,Information Technology Services,496.5,0.43,0.02,-0.1,0.19,,-20341.39,22.3,5.28,387.82,22.37,54,68
MSCI,Financial Services,Financial Data & Stock Exchanges,555.98,0.05,-0.05,0.09,0.16,,-20341.42,15.11,2.73,38.342,37.05,54,63
BBT,Financial Services,Banks - Regional,25.86,0.19,1.5,-1.74,0.39,,-20341.44,2.09,0.68,9.231,12.09,54,56
FBNC,Financial Services,Banks - Regional,54.94,0.06,8.78,-4.0,0.33,,-20341.51,2.34,4.41,8.771,22.88,54,67
KRT,Consumer Cyclical,Packaging & Containers,24.4,0.72,0.14,-0.61,0.2,,-20341.52,1.59,1.22,22.063,15.17,54,58
ENSG,Healthcare,Medical Care Facilities,167.07,0.05,0.01,0.01,0.17,,-20341.58,5.52,10.87,80.964,29.76,54,77
LII,Industrials,Building Products & Equipment,541.74,1.32,-0.64,-0.21,0.14,,-20341.64,23.37,-2.2,152.58,23.09,54,47
DYAI,Healthcare,Biotechnology,0.99,0.17,-0.75,-3.0,0.17,0.0,-20341.64,-0.19,10.7,0.139,,54,76
DOV,Industrials,Specialty Industrial Machinery,172.8,0.21,-5.23,3.14,-0.01,,-20341.66,7.74,-4.08,57.046,22.14,54,41
KSPI,Technology,Software - Infrastructure,90.08,0.02,-0.25,0.17,0.07,,-20341.79,10.47,48.95,16726.14,8.4,54,90
FNLC,Financial Services,Banks - Regional,27.53,0.14,-0.03,-0.05,0.31,,-20341.83,2.68,3.24,7.718,9.95,54,64
BCS,Financial Services,Banks - Diversified,21.01,0.0,0.94,-0.6,0.24,0.26,-20341.95,2.21,3.88,7.128,9.38,54,66
MA,Financial Services,Credit Services,586.05,0.13,-0.01,0.03,0.16,,-20341.96,14.84,8.68,33.068,39.36,54,74
LPLA,Financial Services,Capital Markets,339.37,-0.25,0.18,0.06,0.05,,-20341.98,14.57,17.34,180.922,23.04,54,82
CSWC,Financial Services,Asset Management,22.95,0.19,0.24,-0.41,0.61,-0.05,-20342.02,1.64,38.35,4.23,14.09,54,89
MBWM,Financial Services,Banks - Regional,48.29,0.15,-0.01,0.0,0.19,,-20342.03,5.03,0.66,14.115,9.34,54,56
HCA,Healthcare,Medical Care Facilities,401.06,0.06,0.15,0.15,0.24,,-20342.03,23.82,0.49,292.286,16.89,54,56
BCPC,Basic Materials,Specialty Chemicals,156.44,0.04,0.1,-0.01,0.19,,-20342.09,4.37,0.92,30.439,35.82,54,57
LMAT,Healthcare,Medical Instruments & Supplies,93.42,0.24,-0.02,0.0,0.15,,-20342.27,2.05,6.93,10.409,45.0,53,71
IX,Financial Services,Financial Conglomerates,26.86,0.05,0.06,0.06,0.26,0.16,-20342.31,2.22,0.62,2578.638,12.18,53,56
BR,Technology,Information Technology Services,242.56,0.54,0.7,0.79,0.16,,-20342.34,7.1,-0.99,58.831,34.01,53,52
MOD,Consumer Cyclical,Auto Parts,158.57,0.06,0.21,-0.16,0.08,,-20342.36,3.49,-2.47,49.497,44.4,53,47
HBAN,Financial Services,Banks - Regional,17.87,0.03,0.0,0.03,0.17,,-20342.38,1.34,0.23,4.979,13.22,53,55
GSL,Industrials,Marine Shipping,33.06,-0.3,0.34,0.09,0.07,,-20342.4,10.7,5.84,20.563,2.98,53,69
ED,Utilities,Utilities - Regulated Electric,96.35,-2.32,1.51,-0.89,0.17,,-20342.54,5.5,1.77,46.102,17.51,53,60
CADE,Financial Services,Banks - Regional,38.12,-0.03,-0.03,0.0,0.11,,-20342.59,2.82,6.31,9.501,13.24,53,70
CSCO,Technology,Communication Equipment,68.68,0.0,0.03,-0.11,0.17,0.34,-20342.72,2.55,-1.16,14.249,26.75,53,51
CBNA,Financial Services,Banks - Regional,31.43,-0.21,0.44,-0.98,-0.29,,-20342.8,4.21,2.52,9.425,7.71,53,62
CERS,Healthcare,Medical Devices,1.3,0.33,-3.0,1.0,0.0,,-20342.9,-0.1,7.53,1.027,,53,72
MANH,Technology,Software - Application,217.86,0.09,0.09,-0.32,0.09,,-20343.0,3.57,-0.08,17.364,60.98,53,54
AUTL,Healthcare,Biotechnology,1.36,0.44,0.1,0.09,0.22,-0.08,-20343.02,-0.87,1.3948666666666672e+17,0.115,,53,99
HAYW,Industrials,Electrical Equipment & Parts,15.32,2.0,-2.57,2.12,0.24,,-20343.02,0.6,-7.42,5.019,24.87,53,26
AVD,Basic Materials,Agricultural Inputs,5.8,9.0,1.02,0.5,13.0,-6.0,-20343.09,-4.47,-6.92,18.731,,53,34
CHCO,Financial Services,Banks - Regional,127.26,0.11,0.06,-0.04,0.17,,-20343.09,8.31,-0.03,20.627,15.05,53,55
FUNC,Financial Services,Banks - Regional,38.41,0.02,-0.06,0.07,0.23,,-20343.16,3.65,-0.55,12.578,10.46,53,53
ECOR,Healthcare,Medical Devices,4.995,0.07,-0.21,-0.26,-0.16,0.13,-20343.25,-1.6,28.55,3.37,,53,86
LHX,Industrials,Aerospace & Defense,282.73,0.2,-0.16,0.13,0.27,,-20343.27,8.94,-3.57,113.234,31.76,53,43
GBFH,Financial Services,Banks - Regional,41.08,0.06,-0.23,0.06,0.14,,-20343.27,1.27,23.35,4.672,32.3,53,85
CTOS,Industrials,Rental & Leasing Services,5.99,-0.62,-0.07,-0.07,-0.3,-0.33,-20343.29,-0.16,12.18,8.245,,53,78
CCRN,Healthcare,Medical Care Facilities,13.66,-9.0,5.0,-2.5,1.35,,-20343.29,-0.27,-25.71,36.661,,53,10
JILL,Consumer Cyclical,Apparel Retail,18.74,-0.1,-0.03,-0.03,0.25,-0.54,-20343.48,2.37,-7.35,39.308,7.6,53,26
CDP,Real Estate,REIT - Office,30.92,0.1,-0.01,-0.03,0.09,,-20343.52,1.27,-4.91,6.687,23.94,53,38
BSBK,Financial Services,Banks - Regional,9.245,-2.0,2.17,-1.33,2.5,,-20343.61,-0.02,5.83,1.161,,53,69
GASS,Industrials,Marine Shipping,7.11,0.45,0.0,0.15,-0.27,,-20343.69,1.64,2.48,4.874,4.28,52,62
FATE,Healthcare,Biotechnology,1.0,0.1,0.37,-0.1,0.14,,-20343.82,-1.46,-215.74,0.072,,52,5
BRAG,Consumer Cyclical,Gambling,2.79,0.57,-0.83,-5.0,0.43,-0.37,-20343.85,-0.25,3.16,4.188,,52,64
LAD,Consumer Cyclical,Auto & Truck Dealerships,337.33,0.25,-0.03,0.04,0.25,,-20343.86,33.71,0.81,1410.087,9.86,52,57
ENS,Industrials,Electrical Equipment & Parts,111.37,-0.49,-0.33,0.42,-0.18,0.22,-20343.88,8.74,-3.29,92.813,12.58,52,43
CATY,Financial Services,Banks - Regional,50.32,0.12,-0.14,0.2,0.21,,-20343.97,4.14,0.85,9.95,11.89,52,57
JOE,Real Estate,Real Estate - Diversified,52.16,0.7,-0.07,0.1,0.21,,-20343.98,1.42,8.91,7.325,35.61,52,74
G,Technology,Information Technology Services,41.3,0.01,-0.08,0.08,0.12,,-20344.07,3.01,-0.92,28.021,13.66,52,52
BBSI,Industrials,Staffing & Employment Services,46.91,19.0,-17.25,-0.15,0.12,,-20344.11,2.02,1.47,46.415,22.84,52,59
BEAT,Healthcare,Health Information Services,1.59,0.2,0.03,0.03,0.27,-0.06,-20344.14,-0.69,-7.3,,,52,30
IMRX,Healthcare,Biotechnology,9.01,0.05,0.38,-0.18,0.17,,-20344.2,-1.9,-352168888888958.06,,,52,3
KMX,Consumer Cyclical,Auto & Truck Dealerships,60.0,1.38,-0.4,-0.05,0.42,,-20344.21,3.62,-5.52,186.101,16.14,52,37
BOH,Financial Services,Banks - Regional,67.98,0.09,0.14,-0.09,0.32,,-20344.24,3.81,-0.28,16.615,17.48,52,54
FMBH,Financial Services,Banks - Regional,40.44,0.05,0.16,-0.01,0.18,,-20344.48,3.52,3.5,13.808,11.13,52,65
CME,Financial Services,Financial Data & Stock Exchanges,260.59,0.07,0.1,-0.05,0.16,,-20344.49,10.33,3.4,17.89,25.32,52,64
CENTA,Consumer Defensive,Packaged Foods,32.55,0.55,3.5,3.36,0.26,,-20344.49,2.18,-10.12,48.641,14.34,52,21
CENT,Consumer Defensive,Packaged Foods,35.94,0.55,3.5,3.36,0.26,,-20344.49,2.18,-10.12,48.641,16.0,52,21
KC,Technology,Software - Application,16.5,0.0,-0.6,4.8,0.25,0.25,-20344.52,-1.14,7.0,33.511,,52,71
ERIE,Financial Services,Insurance Brokers,319.62,0.26,-0.1,-0.05,0.07,,-20344.59,11.95,1.59,75.989,26.61,52,59
ECL,Basic Materials,Specialty Chemicals,264.83,0.3,-0.18,-0.56,0.08,,-20344.72,7.49,-4.18,55.483,35.44,52,41
CAAS,Consumer Cyclical,Auto Parts,5.02,0.04,0.14,0.17,0.04,-0.12,-20344.79,0.97,3.24,23.073,5.15,52,64
CHDN,Consumer Cyclical,Gambling,96.39,1.96,0.07,0.09,0.07,,-20344.85,5.79,3.02,38.578,16.46,52,63
IMO,Energy,Oil & Gas Integrated,93.96,-0.36,0.06,0.02,-0.13,,-20344.9,6.58,-15.31,96.107,13.96,52,15
COST,Consumer Defensive,Discount Stores,952.36,0.06,-0.0,-0.31,0.13,,-20344.92,17.6,1.11,605.36,54.04,52,58
DBD,Technology,Software - Application,60.05,2.5,-2.47,5.0,-0.21,,-20345.06,-0.35,-9.6,97.928,,51,22
ITUB,Financial Services,Banks - Regional,7.23,-0.01,0.04,0.04,0.1,0.14,-20345.1,0.75,-7.77,12.703,9.77,51,25
GABC,Financial Services,Banks - Regional,41.46,1.8,-1.6,0.1,0.22,,-20345.16,2.66,151.3,8.548,15.34,51,93
JLL,Real Estate,Real Estate Services,319.66,1.02,-3.33,0.56,0.33,,-20345.2,11.62,2.29,519.778,27.41,51,61
GNTX,Consumer Cyclical,Auto Parts,29.05,0.02,0.08,-0.38,0.16,,-20345.23,1.77,6.06,10.711,16.2,51,70
MAIN,Financial Services,Asset Management,65.83,0.05,-0.5,0.39,0.15,,-20345.42,6.08,6.1,6.311,10.82,51,70
AX,Financial Services,Banks - Regional,90.94,0.07,0.01,-0.08,0.07,,-20345.44,7.43,6.63,21.158,11.91,51,71
MRKR,Healthcare,Biotechnology,0.96,0.38,-0.21,-0.27,-0.16,-0.48,-20345.56,-1.35,3679036666666670.5,0.499,,51,97
EFSC,Financial Services,Banks - Regional,61.26,0.02,0.03,-0.03,0.14,,-20345.6,5.26,2.88,17.187,11.47,51,63
GNRC,Industrials,Specialty Industrial Machinery,184.04,0.72,-1.95,0.14,0.28,,-20345.67,6.02,-1.52,74.75,30.28,51,50
MGIC,Technology,Information Technology Services,19.81,0.05,-0.16,0.29,0.11,,-20345.71,0.79,1.93,11.905,25.19,51,60
ENTA,Healthcare,Biotechnology,7.84,0.25,-0.01,0.3,0.26,,-20345.74,-4.32,-10.31,3.044,,51,21
EP,Energy,Oil & Gas E&P,4.11,-0.25,0.08,-0.08,0.0,,-20345.74,-0.51,-30.28,1.183,,51,9
LKFN,Financial Services,Banks - Regional,66.71,0.35,-0.21,0.03,0.19,,-20345.8,3.67,-8.2,9.315,17.86,51,24
BKU,Financial Services,Banks - Regional,39.49,0.17,-0.18,0.12,0.26,,-20345.83,3.4,0.01,13.544,11.46,51,55
BASE,Technology,Software - Infrastructure,24.49,-0.3,0.03,0.03,-0.1,0.27,-20345.84,-1.41,6.86,4.144,,51,71
FN,Technology,Electronic Components,378.01,0.08,-0.06,0.12,0.09,,-20345.86,9.16,11.49,94.936,41.83,51,77
CDZI,Utilities,Utilities - Regulated Water,4.22,0.27,-0.08,-0.08,0.36,-0.17,-20345.86,-0.51,526.82,0.201,,51,94
LIN,Basic Materials,Specialty Chemicals,476.0,0.06,0.04,0.04,0.08,0.04,-20345.9,14.08,-4.66,70.103,34.02,51,39
GOLF,Consumer Cyclical,Leisure,75.59,-0.29,82.0,-45.5,0.12,,-20345.91,3.77,-2.2,40.43,19.76,51,47
GL,Financial Services,Insurance - Life,143.63,0.01,0.0,-0.13,0.09,,-20345.94,12.51,-4.03,69.792,11.63,51,41
FHB,Financial Services,Banks - Regional,25.96,0.23,0.15,-0.17,0.21,,-20345.99,1.93,-1.45,6.353,13.3,51,50
ICE,Financial Services,Financial Data & Stock Exchanges,171.13,0.07,0.14,0.06,0.35,,-20346.03,5.21,4.06,16.893,32.59,51,66
CPAY,Technology,Software - Infrastructure,305.27,0.16,-0.02,-0.13,0.12,,-20346.12,14.7,5.37,59.522,20.54,51,69
HOMB,Financial Services,Banks - Regional,29.76,0.03,0.14,0.02,0.18,,-20346.13,2.19,1.9,5.073,13.37,51,60
BMI,Technology,Scientific & Technical Instruments,178.34,-0.11,0.25,-0.04,0.04,,-20346.18,4.59,5.28,29.742,38.58,50,68
CZR,Consumer Cyclical,Resorts & Casinos,26.4,0.38,-11.8,2.25,0.44,,-20346.22,-0.93,-2.79,53.651,,50,45
DGII,Technology,Communication Equipment,38.11,0.0,0.04,-0.22,0.04,,-20346.27,1.14,-1.9,11.441,32.96,50,48
LVTX,Healthcare,Biotechnology,1.47,-1.46,0.08,2.29,-0.03,,-20346.4,-1.06,9.7,0.186,,50,75
GWW,Industrials,Industrial Distribution,1005.23,0.01,0.01,-0.02,0.05,,-20346.4,39.41,-0.3,361.178,25.06,50,53
BSY,Technology,Software - Application,52.95,-0.32,0.81,0.23,-0.05,,-20346.41,0.78,3.49,4.507,67.72,50,64
GSBC,Financial Services,Banks - Regional,64.51,0.18,0.16,-0.11,0.18,,-20346.42,5.86,-4.13,19.305,10.73,50,41
BCML,Financial Services,Banks - Regional,30.77,0.14,-0.08,0.02,0.16,,-20346.46,2.18,-2.17,8.699,13.65,50,48
FSS,Industrials,Pollution & Treatment Controls,127.67,0.55,-0.08,-0.07,0.18,-0.12,-20346.48,3.6,7.94,32.45,34.8,50,73
GS,Financial Services,Capital Markets,804.31,-0.29,0.17,0.42,0.26,,-20346.49,45.4,1.06,171.017,17.73,50,58
FAST,Industrials,Industrial Distribution,47.22,0.12,0.13,-0.13,0.14,,-20346.5,1.04,1.08,6.781,45.75,50,58
FFBC,Financial Services,Banks - Regional,26.36,0.37,-0.28,0.23,0.16,,-20346.52,2.5,-0.21,8.261,10.54,50,54
GD,Industrials,Aerospace & Defense,324.57,0.02,-0.14,0.24,0.15,,-20346.55,14.88,1.14,185.34,21.78,50,58
LTBR,Industrials,Electrical Equipment & Parts,15.14,0.5,-0.12,-0.13,0.06,-0.14,-20346.6,-0.83,-7.3,,,50,30
DBVT,Healthcare,Biotechnology,9.7082,-0.19,0.12,0.1,0.1,0.08,-20346.64,-5.6,-7.3,0.175,,50,30
CM,Financial Services,Banks - Diversified,80.44,0.05,-0.07,0.09,0.18,0.15,-20346.64,6.01,2.04,27.7,13.58,50,61
ITGR,Healthcare,Medical Devices,104.06,2.61,-2.47,-0.08,0.14,,-20346.67,2.35,4.3,52.672,43.96,50,66
GRCE,Healthcare,Biotechnology,3.12,0.36,0.26,-0.2,0.14,-0.27,-20346.71,-0.76,-7.3,,,50,30
DIBS,Consumer Cyclical,Internet Retail,2.87,0.17,0.0,0.07,0.0,,-20346.86,-0.55,-9.41,2.455,,50,22
HTO,Utilities,Utilities - Regulated Water,48.92,0.45,-0.41,-0.7,0.11,,-20346.94,3.07,4.15,23.389,15.87,50,66
LI,Consumer Cyclical,Auto Manufacturers,26.07,0.69,-4.5,0.25,-0.02,,-20347.01,1.08,17.91,143.022,23.84,50,82
MCB,Financial Services,Banks - Regional,80.7,0.22,-0.31,0.74,0.19,,-20347.04,6.17,6.71,24.845,12.82,50,71
EPRT,Real Estate,REIT - Retail,30.19,0.07,-0.03,0.11,0.1,,-20347.04,1.19,17.84,2.724,25.34,50,82
BCO,Industrials,Security & Protection Services,114.96,-0.17,0.29,0.41,0.0,0.09,-20347.05,3.72,-2.75,117.088,30.64,50,46
MS,Financial Services,Capital Markets,159.24,-0.22,0.16,0.18,0.16,,-20347.09,8.83,0.46,41.448,18.11,50,56
CTSH,Technology,Information Technology Services,70.26,-0.02,0.22,-0.06,0.15,,-20347.1,4.93,-1.14,41.47,13.58,49,51
EVR,Financial Services,Capital Markets,362.79,-0.51,0.03,0.79,0.31,,-20347.39,11.03,5.56,84.152,32.26,49,69
DLB,Industrials,Specialty Business Services,72.1,-0.98,0.34,0.16,0.2,,-20347.43,2.71,-1.2,14.058,26.41,49,51
IT,Technology,Information Technology Services,253.02,0.14,-0.88,-0.04,0.06,,-20347.43,16.23,-0.19,82.973,15.8,49,54
CLIR,Industrials,Pollution & Treatment Controls,0.5003,0.33,-0.33,-0.5,0.33,-0.33,-20347.46,-0.11,181.94,0.054,,49,93
BPOP,Financial Services,Banks - Regional,127.82,0.21,0.02,0.16,0.25,,-20347.49,10.31,0.56,40.01,12.41,49,56
FOUR,Technology,Software - Infrastructure,86.3,0.46,-1.12,-0.53,-0.69,-0.29,-20347.49,2.66,15.51,52.444,32.67,49,81
BFC,Financial Services,Banks - Regional,129.4,-0.06,0.05,0.05,0.08,0.21,-20347.56,6.93,1.57,16.717,18.39,49,59
BDX,Healthcare,Medical Instruments & Supplies,188.37,0.87,0.02,-0.38,0.19,,-20347.56,5.46,0.24,74.154,34.26,49,55
EFSI,Financial Services,Banks - Regional,39.6,2.56,-2.14,0.79,0.1,,-20347.56,2.37,13.89,14.478,16.61,49,80
BKH,Utilities,Utilities - Regulated Gas,58.71,-3.92,0.36,2.91,0.15,,-20347.68,3.96,-0.13,31.369,14.8,49,54
CHTR,Communication Services,Telecom Services,262.17,0.1,-0.2,0.15,0.1,,-20347.69,36.52,-7.1,391.518,7.19,49,33
BBVA,Financial Services,Banks - Diversified,19.12,0.02,0.12,-0.1,-0.02,,-20347.73,2.08,-4.75,5.454,9.28,49,39
C,Financial Services,Banks - Diversified,102.41,-0.01,0.47,-0.26,0.29,,-20347.9,6.77,-0.53,38.724,15.17,49,53
CPAC,Basic Materials,Building Materials,7.06,-0.09,-0.12,-0.11,0.22,0.0,-20347.92,0.69,-3.13,23.68,10.42,49,44
ITT,Industrials,Specialty Industrial Machinery,182.88,0.15,-0.17,-0.26,0.06,,-20347.95,6.35,0.76,45.815,28.51,49,57
DMRC,Technology,Software - Application,10.71,0.45,-0.37,0.25,0.13,,-20348.0,-1.83,-22.63,1.649,,49,11
FLNT,Communication Services,Advertising Agencies,2.03,0.3,-1.05,1.53,1.5,,-20348.16,-1.37,-31.37,11.767,,49,9
DCI,Industrials,Specialty Industrial Machinery,81.74,1.0,-0.63,-0.04,0.08,,-20348.23,3.05,-4.01,31.094,26.58,49,41
KNOP,Energy,Oil & Gas Midstream,8.87,-2.07,7.16,2.79,0.02,,-20348.28,0.21,0.81,9.16,43.0,49,57
GIC,Industrials,Industrial Distribution,36.53,0.86,0.3,-0.63,0.25,,-20348.31,1.7,-2.7,34.495,21.21,49,46
EU,Energy,Uranium,2.61,3.33,-0.19,-0.23,3.0,-2.25,-20348.39,-0.34,4716666666666695.0,0.239,,49,97
MCD,Consumer Cyclical,Restaurants,301.14,0.21,-0.08,-0.12,0.12,,-20348.41,11.67,-3.23,36.422,25.91,49,44
BEP,Utilities,Utilities - Renewable,25.63,0.59,-4.83,4.33,0.27,,-20348.43,-0.96,6.43,9.328,,49,70
CREG,Utilities,Utilities - Renewable,1.59,0.8,-0.5,-1.0,0.0,-2.0,-20348.59,-2.2,414759999999992.75,0.062,,49,96
EWBC,Financial Services,Banks - Regional,109.7,0.07,-0.0,-0.02,0.09,,-20348.65,8.56,4.38,17.754,12.73,48,67
FBP,Financial Services,Banks - Regional,22.24,0.06,0.02,0.02,0.09,,-20348.66,1.88,-2.57,5.484,11.75,48,46
IOVA,Healthcare,Biotechnology,2.2,0.09,-0.38,0.08,0.03,,-20348.75,-1.21,1321111111112683.5,0.763,,48,97
CTVA,Basic Materials,Agricultural Inputs,70.66,1.02,16.83,11.67,0.27,,-20348.77,2.17,-2.63,25.028,32.65,48,46
FTS,Utilities,Utilities - Regulated Electric,48.84,-0.32,0.08,0.09,0.13,0.08,-20348.8,2.47,-1.35,23.777,19.95,48,50
CIG,Utilities,Utilities - Diversified,2.09,-1.08,-0.52,0.94,-0.11,0.14,-20348.88,0.46,-1.7,14.667,4.52,48,49
CMG,Consumer Cyclical,Restaurants,39.81,0.1,0.21,-0.17,-0.03,,-20348.96,1.13,-0.46,8.532,34.8,48,53
DSGX,Technology,Software - Application,102.08,0.05,-0.01,-0.01,0.07,0.02,-20348.98,1.69,4.49,7.996,60.27,48,67
CTAS,Industrials,Specialty Business Services,199.51,-0.03,0.03,-0.01,0.09,,-20349.01,4.4,-0.26,25.624,45.48,48,54
MGA,Consumer Cyclical,Auto Parts,47.33,1.6,-0.37,-1.37,0.24,,-20349.02,4.26,-7.4,146.404,11.02,48,26
FCUV,Technology,Scientific & Technical Instruments,3.35,-0.18,-12.33,-12.33,0.05,0.18,-20349.07,-0.45,103.28,0.061,,48,92
DUK,Utilities,Utilities - Regulated Electric,120.39,-0.41,0.14,-0.04,0.11,,-20349.08,6.11,-1.7,39.804,19.82,48,49
FBIZ,Financial Services,Banks - Regional,52.685,0.02,-0.3,0.38,0.1,,-20349.09,5.6,1.72,18.531,9.34,48,60
ITIC,Financial Services,Insurance - Specialty,257.98,2.87,-1.64,-0.11,0.38,,-20349.14,17.48,-1.77,142.95,14.54,48,49
L,Financial Services,Insurance - Property & Casualty,97.04,0.07,1.02,-1.13,0.12,,-20349.2,6.3,-0.18,84.112,15.35,48,54
HOUR,Consumer Cyclical,Internet Retail,3.26,1.0,0.33,0.5,1.0,-0.5,-20349.26,0.03,1.88,3.939,103.33,48,60
GSK,Healthcare,Drug Manufacturers - General,40.3,-0.12,2.93,8.21,0.23,,-20349.3,2.25,-3.59,15.512,18.08,48,42
FRSX,Consumer Cyclical,Auto Parts,2.08,-3.45,7.32,-0.05,-0.16,,-20349.3,-3.83,47.6,0.18,,48,90
HBNC,Financial Services,Banks - Regional,16.84,-0.17,3.2,-2.68,0.47,,-20349.3,1.17,2.63,4.836,14.1,48,62
LULU,Consumer Cyclical,Apparel Retail,169.76,0.19,-1.36,1.14,-0.02,,-20349.34,14.66,3.51,90.031,11.57,48,65
BCBP,Financial Services,Banks - Regional,8.88,3.83,-4.19,-1.25,0.29,,-20349.36,0.2,7.02,3.831,43.35,48,71
BEAM,Healthcare,Biotechnology,25.1,0.24,-0.14,0.07,0.11,,-20349.46,-4.5,-28.57,0.679,,48,9
CFR,Financial Services,Banks - Regional,128.74,0.04,-0.03,0.06,0.08,,-20349.46,9.3,2.78,32.416,13.67,48,63
MMC,Financial Services,Insurance Brokers,196.15,-0.14,0.76,0.05,0.08,,-20349.52,8.32,3.26,52.437,23.65,48,64
MGRX,Healthcare,Health Information Services,2.22,1.26,-0.13,-0.15,1.4,0.16,-20349.61,-3.54,1338.78,0.107,,47,95
MGEE,Utilities,Utilities - Regulated Electric,84.11,-0.56,0.87,-0.85,0.11,,-20349.73,3.6,0.35,19.274,23.33,47,55
MDLZ,Consumer Defensive,Confectioners,63.25,0.58,-3.23,1.05,0.09,,-20349.74,2.73,0.62,28.174,23.34,47,56
CLH,Industrials,Waste Management,237.14,1.17,-0.43,-0.37,-0.04,,-20349.82,7.11,-1.94,110.506,32.99,47,48
DLNG,Energy,Oil & Gas Midstream,3.83,-0.22,-0.04,-0.1,0.15,,-20349.88,1.14,-3.9,4.333,3.28,47,42
CIX,Industrials,Security & Protection Services,25.32,0.05,0.14,0.32,0.13,,-20349.89,1.51,1.52,12.397,16.54,47,59
CBSH,Financial Services,Banks - Regional,60.25,0.16,-0.03,-0.01,0.12,,-20349.9,4.14,-1.0,12.548,14.31,47,51
AXR,Real Estate,Real Estate - Development,28.11,0.74,2.88,-4.85,0.14,0.28,-20349.94,2.48,-14.54,9.104,11.13,47,16
INFY,Technology,Information Technology Services,17.57,0.0,0.05,0.0,0.11,,-20349.94,0.77,-2.16,2.354,22.04,47,48
EFX,Industrials,Consulting Services,260.72,0.44,-0.31,0.23,0.17,,-20350.03,5.13,-0.7,47.079,50.21,47,52
CASH,Financial Services,Banks - Regional,77.06,-0.73,1.57,-0.1,0.03,,-20350.07,6.94,-2.39,30.664,11.0,47,47
BCH,Financial Services,Banks - Regional,29.3,-0.08,0.07,0.07,-0.06,0.11,-20350.08,2.62,-4.0,5287.4,11.2,47,41
CRH,Basic Materials,Building Materials,112.46,14.0,-7.87,-0.93,0.03,,-20350.18,4.77,-1.2,53.617,23.71,47,51
BTCS,Financial Services,Capital Markets,4.91,5.78,-0.21,-0.27,3.39,-2.1,-20350.2,-1.08,279.49,0.402,,47,94
CRDF,Healthcare,Biotechnology,2.16,-0.05,0.12,0.11,0.24,0.1,-20350.2,-0.87,-22.23,0.009,,47,11
EPAC,Industrials,Specialty Industrial Machinery,42.77,0.08,-0.05,-0.12,-0.15,,-20350.21,1.61,-2.38,11.209,25.48,47,47
MKTX,Financial Services,Capital Markets,179.71,3.77,-3.35,-0.09,0.11,,-20350.27,5.94,1.84,22.384,30.02,47,60
BRC,Industrials,Security & Protection Services,81.74,0.0,0.31,-0.17,0.08,0.04,-20350.31,3.94,4.92,31.771,20.32,47,68
ECX,Consumer Cyclical,Auto Parts,2.12,-0.66,-4.21,8.18,-0.08,,-20350.36,-0.35,-8.03,2.367,,47,25
BBDC,Financial Services,Asset Management,9.24,-0.55,0.29,0.14,0.11,,-20350.37,0.95,32.68,2.658,9.69,47,88
ETN,Industrials,Specialty Industrial Machinery,371.27,0.02,0.0,-0.03,0.01,,-20350.42,9.92,2.57,66.063,37.75,47,62
EVTC,Technology,Software - Infrastructure,33.83,0.24,-0.24,0.62,0.26,,-20350.44,2.13,2.56,13.89,15.81,47,62
CR,Industrials,Specialty Industrial Machinery,184.13,-0.24,0.32,0.05,0.2,,-20350.44,5.15,-0.82,38.835,35.35,47,52
LWLG,Basic Materials,Specialty Chemicals,3.69,-0.25,0.0,0.0,0.0,0.25,-20350.58,-0.17,45002222222251.56,0.001,,47,96
CSW,Industrials,Specialty Industrial Machinery,255.77,0.16,0.31,-0.42,-0.02,,-20350.61,8.35,7.78,55.298,30.76,47,72
IDA,Utilities,Utilities - Regulated Electric,125.61,0.61,-0.47,-0.32,0.03,0.16,-20350.62,5.69,-4.7,33.595,22.09,46,39
LAMR,Real Estate,REIT - Specialty,123.77,0.13,136.0,-145.0,0.13,,-20350.67,4.29,-3.19,21.885,28.85,46,44
FIBK,Financial Services,Banks - Regional,33.84,0.41,-0.04,-0.06,0.19,,-20350.75,2.22,0.76,9.07,15.07,46,57
MFG,Financial Services,Banks - Regional,6.58,0.0,0.0,0.0,0.02,,-20350.86,0.48,-5.47,309.8418,13.83,46,37
BEKE,Real Estate,Real Estate Services,20.07,0.56,0.47,-1.06,-0.44,,-20350.92,0.46,8.48,91.51,42.91,46,73
KRC,Real Estate,REIT - Office,44.44,0.76,-0.52,0.14,0.41,,-20350.97,1.84,-3.1,9.629,24.04,46,44
BANR,Financial Services,Banks - Regional,67.76,0.0,-0.02,0.02,0.14,,-20350.98,5.25,-1.78,18.07,12.79,46,49
DVN,Energy,Oil & Gas E&P,35.01,0.84,-0.27,-0.34,0.05,,-20351.08,4.44,2.93,25.243,7.65,46,63
IBOC,Financial Services,Banks - Regional,70.95,0.03,-0.01,-0.01,0.03,-0.01,-20351.09,6.61,-3.04,13.003,10.56,46,44
CRCT,Technology,Computer Hardware,6.79,0.09,0.83,0.2,0.33,,-20351.1,0.34,-13.49,3.337,20.09,46,17
HPQ,Technology,Computer Hardware,28.24,0.88,-0.4,-0.57,0.25,,-20351.21,2.75,-7.3,57.56,10.24,46,30
ITRN,Technology,Scientific & Technical Instruments,36.36,-0.09,0.04,0.01,0.02,,-20351.21,2.79,-3.3,17.071,12.78,46,43
CPF,Financial Services,Banks - Regional,31.35,0.03,0.57,-0.17,0.17,,-20351.26,2.24,1.85,9.38,13.82,46,60
HWKN,Basic Materials,Specialty Chemicals,177.53,0.78,0.1,-0.61,0.01,,-20351.27,4.05,5.35,48.694,42.9,46,69
FDX,Industrials,Integrated Freight & Logistics,226.5,-0.99,0.83,0.24,0.07,,-20351.42,17.06,-5.94,370.674,13.58,46,36
DRIO,Healthcare,Health Information Services,6.17,-0.29,0.39,0.28,-1.25,0.43,-20351.43,-13.4,-14.77,9.981,,46,16
GEHC,Healthcare,Health Information Services,74.0,-0.16,-0.28,0.53,0.13,,-20351.48,4.88,-3.72,43.739,15.35,46,42
GPI,Consumer Cyclical,Auto & Truck Dealerships,460.96,0.12,0.39,-0.23,0.05,,-20351.57,36.23,11.67,1687.63,12.59,46,78
CHKP,Technology,Software - Infrastructure,196.24,0.07,-0.33,0.26,0.06,,-20351.6,7.68,-1.35,24.333,25.75,46,50
LHAI,Real Estate,Real Estate Services,8.89,-4.59,-1.26,-0.56,-2.53,1.0,-20351.73,0.05,166.01,1.018,187.6,46,93
DOX,Technology,Software - Infrastructure,84.49,-0.05,0.09,0.76,0.14,,-20351.74,4.94,-3.03,41.364,16.96,46,45
AVY,Consumer Cyclical,Packaging & Containers,165.04,0.14,-0.03,-0.04,0.1,,-20351.81,8.93,-7.29,109.911,18.41,46,33
LMND,Financial Services,Insurance - Property & Casualty,57.3,0.43,0.05,0.05,0.35,-0.28,-20351.88,-2.82,36.8,8.301,,46,88
CL,Consumer Defensive,Household & Personal Products,81.53,0.08,-0.07,0.01,0.03,,-20351.9,3.56,-4.98,24.566,22.8,46,38
FTCI,Technology,Solar,7.62,-2.93,2.2,0.25,-0.18,,-20351.92,-3.65,11.0,4.987,,46,77
JHG,Financial Services,Asset Management,45.19,0.23,0.0,3.53,0.17,,-20351.96,2.66,-3.47,16.792,16.85,45,43
BJ,Consumer Defensive,Discount Stores,97.81,0.0,0.23,-0.27,0.05,,-20351.97,4.36,-2.62,158.68,22.03,45,46
JNJ,Healthcare,Drug Manufacturers - General,174.16,-0.99,2.21,0.27,0.18,,-20352.04,9.34,-2.08,37.653,18.86,45,48
EG,Financial Services,Insurance - Reinsurance,334.75,2.29,3.85,-2.18,-0.04,,-20352.04,19.15,2.12,419.314,17.51,45,61
MRNA,Healthcare,Biotechnology,25.45,0.18,0.15,-98.0,0.56,,-20352.08,-7.51,-35.43,7.974,,45,8
HDSN,Basic Materials,Specialty Chemicals,10.21,2.83,2.0,-3.83,0.1,,-20352.13,0.4,-5.72,5.052,24.65,45,37
BFST,Financial Services,Banks - Regional,24.63,0.08,0.25,-0.25,0.11,,-20352.22,2.51,9.86,10.274,9.65,45,76
DTM,Energy,Oil & Gas Midstream,107.7,-0.02,0.08,0.09,0.06,0.07,-20352.26,3.73,12.25,11.112,28.79,45,78
HBT,Financial Services,Banks - Regional,26.5,0.02,-0.07,0.1,0.07,,-20352.27,2.42,-0.43,7.285,10.74,45,53
KMPR,Financial Services,Insurance - Property & Casualty,52.83,-0.38,0.03,0.32,-0.04,,-20352.31,5.31,-4.29,74.789,9.76,45,40
BKE,Consumer Cyclical,Apparel Retail,61.17,0.29,-1.2,0.73,0.14,,-20352.38,4.0,-2.49,24.966,15.17,45,47
FMNB,Financial Services,Banks - Regional,15.08,0.03,-0.06,0.65,0.16,,-20352.54,1.34,3.08,4.533,10.9,45,64
BUSE,Financial Services,Banks - Regional,25.14,2.2,-2.11,-0.14,0.1,,-20352.56,1.26,41.19,7.321,19.63,45,89
FMS,Healthcare,Medical Care Facilities,25.46,0.48,1.26,-2.17,0.2,,-20352.7,1.32,-5.85,33.2605,19.17,45,36
EGP,Real Estate,REIT - Industrial,168.42,0.06,-0.03,0.04,0.05,,-20352.75,4.63,6.46,13.3,35.86,45,70
BSRR,Financial Services,Banks - Regional,31.08,0.18,-0.11,-0.03,0.08,,-20352.76,2.9,-3.85,10.437,10.44,45,42
LTRN,Healthcare,Biotechnology,4.07,0.05,0.0,0.0,0.15,0.21,-20352.76,-1.78,-7.3,,,45,30
FR,Real Estate,REIT - Industrial,52.34,0.17,-0.44,-0.44,0.08,,-20352.76,2.05,2.86,5.291,25.22,45,63
CELU,Healthcare,Biotechnology,2.19,-0.21,-0.07,-0.08,-2.4,0.23,-20352.8,-3.18,-65.16,1.942,,45,6
HGTY,Financial Services,Insurance - Property & Casualty,12.98,0.29,6.0,-2.0,0.0,,-20352.92,0.2,14.28,14.461,63.6,45,80
D,Utilities,Utilities - Regulated Electric,59.74,0.18,3.45,-5.67,0.31,,-20352.96,3.01,0.22,17.989,19.88,45,55
LOGI,Technology,Computer Hardware,111.33,0.02,-0.37,0.4,0.06,,-20352.98,4.19,-5.92,30.77,26.67,45,36
DAVE,Technology,Software - Application,227.8,-2.22,0.67,31.75,0.33,,-20353.08,3.77,46.15,33.352,63.27,45,90
CFG,Financial Services,Banks - Regional,53.64,0.19,-0.06,0.08,0.18,,-20353.13,3.28,-2.68,16.39,16.33,45,46
AWR,Utilities,Utilities - Regulated Water,71.92,0.24,-0.07,-0.27,0.02,,-20353.13,3.26,-1.8,16.179,22.05,45,49
HPK,Energy,Oil & Gas E&P,7.06,-0.37,2.71,-4.14,-0.11,,-20353.22,0.87,-0.38,7.74,7.69,44,53
BLIN,Technology,Software - Infrastructure,1.33,0.43,-0.67,-0.33,-1.33,-0.67,-20353.23,-0.27,-6.91,1.421,,44,34
FCX,Basic Materials,Copper,44.93,1.2,0.28,-0.92,0.26,,-20353.23,1.32,3.61,17.949,34.05,44,65
BSVN,Financial Services,Banks - Regional,48.61,0.07,-0.08,-0.06,-0.06,,-20353.24,4.65,-0.14,10.231,10.15,44,54
CBT,Basic Materials,Specialty Chemicals,78.09,0.09,0.01,-0.49,-0.06,,-20353.29,7.64,-11.97,70.583,10.15,44,18
EWTX,Healthcare,Biotechnology,15.53,0.26,-0.09,-0.1,0.0,-0.3,-20353.38,-1.56,-7.3,,,44,30
AXTA,Basic Materials,Specialty Chemicals,30.68,0.11,-0.4,0.37,-0.02,,-20353.49,2.04,-7.6,23.828,14.84,44,26
INSM,Healthcare,Biotechnology,145.86,-0.2,-0.08,-0.04,0.14,,-20353.51,-5.67,13.49,2.202,,44,80
AVB,Real Estate,REIT - Residential,193.63,0.14,-0.19,-0.32,0.06,,-20353.6,8.14,-1.39,21.259,23.71,44,50
CNI,Industrials,Railroads,93.51,0.01,0.02,0.06,0.07,,-20353.64,5.26,-6.3,27.28,17.74,44,35
CWH,Consumer Cyclical,Auto & Truck Dealerships,17.51,3.4,1.8,-5.67,1.18,,-20353.66,-0.24,-2.52,111.336,,44,46
ITW,Industrials,Specialty Industrial Machinery,263.59,0.08,-0.07,-0.54,0.01,,-20353.67,11.39,-5.76,53.689,22.99,44,36
CNS,Financial Services,Asset Management,69.54,-0.08,-0.15,0.15,0.14,,-20353.69,3.15,-0.04,10.665,21.77,44,54
EPD,Energy,Oil & Gas Midstream,31.82,0.03,-0.16,0.14,0.02,,-20353.79,2.67,-15.45,25.268,11.87,44,15
DTE,Utilities,Utilities - Regulated Electric,135.11,-0.95,-0.04,-0.04,-0.42,0.42,-20353.8,6.95,2.57,68.439,19.52,44,62
GH,Healthcare,Diagnostics & Research,58.8,-0.04,0.17,-0.02,0.05,,-20353.88,-3.35,21.86,6.7,,44,84
BAC,Financial Services,Banks - Diversified,52.13,-0.01,0.1,0.01,0.08,,-20353.88,3.41,-2.92,12.78,15.32,44,45
MAA,Real Estate,REIT - Residential,140.54,-0.68,0.09,0.45,0.07,,-20353.94,4.86,-4.44,18.826,28.98,44,40
JD,Consumer Cyclical,Internet Retail,35.38,-0.73,0.11,-0.19,-0.94,,-20353.98,3.59,9.9,875.602,9.78,44,76
KNX,Industrials,Trucking,41.32,0.11,-1.26,1.26,0.62,,-20354.02,1.02,-4.13,45.857,39.25,44,41
MRCC,Financial Services,Asset Management,7.63,-4.0,3.67,-3.87,-2.67,,-20354.02,0.09,-667.65,2.364,85.44,44,4
BWXT,Industrials,Aerospace & Defense,174.03,0.05,0.05,0.03,0.07,,-20354.03,3.21,3.58,31.28,54.36,44,65
MMSI,Healthcare,Medical Instruments & Supplies,84.1,0.08,0.06,-0.02,-0.11,,-20354.04,1.97,4.16,24.408,42.42,44,66
FELE,Industrials,Specialty Industrial Machinery,96.17,0.97,-0.09,-0.63,0.03,,-20354.04,3.86,0.55,45.074,24.7,44,56
FNB,Financial Services,Banks - Regional,16.56,0.12,0.07,0.0,0.06,,-20354.09,1.29,1.49,4.277,12.63,43,59
LNN,Industrials,Farm & Heavy Construction Machinery,141.15,-0.36,0.55,0.34,-0.03,,-20354.15,6.96,8.35,62.419,19.96,43,73
CBU,Financial Services,Banks - Regional,62.05,0.03,0.0,0.13,0.07,,-20354.17,3.67,0.5,14.359,16.51,43,56
DGX,Healthcare,Diagnostics & Research,183.33,0.27,-0.01,-0.02,0.22,,-20354.43,8.35,1.79,94.368,21.99,43,60
COFS,Financial Services,Banks - Regional,30.34,2.44,-2.65,-0.09,0.03,,-20354.44,1.61,54.92,10.025,18.63,43,90
EH,Industrials,Aerospace & Defense,17.03,-0.04,-0.64,0.06,-0.04,,-20354.49,-0.5,69.45,6.56,,43,91
INDB,Financial Services,Banks - Regional,72.84,0.15,-0.13,0.17,-0.01,,-20354.51,4.43,1.33,15.58,16.06,43,59
ELS,Real Estate,REIT - Residential,60.33,-0.36,0.14,0.14,0.0,,-20354.58,1.94,-6.27,8.084,31.22,43,35
HON,Industrials,Conglomerates,210.2,0.1,0.13,-0.1,0.04,,-20354.68,8.79,-0.63,61.842,23.82,43,52
GBCI,Financial Services,Banks - Regional,50.13,-0.07,-0.12,0.2,0.15,,-20354.78,1.93,6.99,7.481,25.74,43,71
CQP,Energy,Oil & Gas Midstream,53.77,-0.19,0.03,-0.03,-0.04,,-20354.78,4.11,11.83,20.576,12.75,43,78
FNWB,Financial Services,Banks - Regional,7.3,1.47,2.88,-0.39,1.62,,-20354.82,-1.15,3.5,5.584,,43,65
BNS,Financial Services,Banks - Diversified,64.64,0.24,0.8,-0.37,0.29,-0.07,-20354.83,3.8,0.56,25.495,17.09,43,56
AZO,Consumer Cyclical,Auto Parts,4132.83,0.25,-0.15,-0.06,-0.04,-0.02,-20354.86,147.81,-0.99,1122.093,28.01,43,52
DVA,Healthcare,Medical Care Facilities,130.23,0.28,-0.55,0.24,0.02,,-20354.87,10.15,-3.11,164.218,12.82,43,44
MSEX,Utilities,Utilities - Regulated Water,53.1,0.13,0.08,-0.63,0.02,,-20354.95,2.42,-3.59,10.945,21.82,43,42
BDL,Consumer Cyclical,Restaurants,31.73,-0.93,47.33,-9.5,0.25,0.39,-20354.98,2.33,0.6,73733.74,13.62,43,56
FND,Consumer Cyclical,Home Improvement Retail,87.11,0.31,0.02,-0.09,0.11,,-20355.01,1.94,0.81,42.836,42.97,43,57
ING,Financial Services,Banks - Diversified,25.32,0.0,0.27,-0.59,-0.14,-0.02,-20355.07,2.35,-4.71,6.314,10.82,43,39
HLI,Financial Services,Capital Markets,208.44,-0.25,0.27,0.02,0.07,,-20355.27,5.95,5.18,37.573,35.08,43,68
BIIB,Healthcare,Drug Manufacturers - General,143.81,1.62,-0.11,-0.46,0.08,,-20355.29,10.45,-4.18,68.449,13.64,43,41
CHT,Communication Services,Telecom Services,44.42,0.04,0.04,0.04,0.03,0.04,-20355.42,1.62,-3.04,75.2325,27.17,43,44
AXP,Financial Services,Credit Services,341.67,0.12,0.2,-0.15,-0.02,,-20355.48,14.22,4.02,90.235,23.99,43,66
FITB,Financial Services,Banks - Regional,46.28,0.24,-0.21,0.1,0.07,,-20355.49,3.21,-0.97,11.85,14.36,43,52
MCO,Financial Services,Financial Data & Stock Exchanges,482.32,-0.08,0.59,-0.35,0.06,,-20355.51,11.78,-2.74,40.482,40.81,42,46
KRMN,Industrials,Aerospace & Defense,65.45,2.25,-1.66,-2.52,0.44,-3.33,-20355.51,0.06,24.1,2.624,1102.0,42,85
BHR,Real Estate,REIT - Hotel & Motel,3.03,-5.0,10.75,-22.5,0.37,,-20355.51,-0.77,-3.49,10.711,,42,43
GIB,Technology,Information Technology Services,92.26,-0.04,-0.02,0.0,-0.05,0.03,-20355.52,5.48,2.5,69.423,16.9,42,62
CYTK,Healthcare,Biotechnology,49.29,0.21,-0.08,0.08,0.17,,-20355.53,-5.12,17694.1,0.724,,42,96
BLK,Financial Services,Asset Management,1137.13,0.06,-0.11,-0.02,0.02,,-20355.72,41.37,1.92,140.783,27.63,42,60
MOH,Healthcare,Healthcare Plans,179.71,-0.17,0.23,-0.28,-0.08,,-20355.9,20.28,7.08,752.083,8.64,42,71
ESNT,Financial Services,Insurance - Specialty,65.48,0.14,0.07,-0.04,0.01,,-20356.07,6.86,-3.3,12.28,9.52,42,43
CORT,Healthcare,Biotechnology,79.8,0.74,-0.53,-0.55,-0.03,,-20356.14,1.12,12.92,6.898,71.89,42,79
CNXN,Technology,Electronics & Computer Distribution,63.3,0.88,-0.52,-0.3,-0.01,,-20356.25,3.29,-5.57,111.261,19.07,42,37
LOW,Consumer Cyclical,Home Improvement Retail,267.57,0.46,0.46,-0.49,0.02,,-20356.32,12.2,-7.86,148.908,21.74,42,25
LNC,Financial Services,Insurance - Life,39.8,2.14,-3.22,3.98,-0.33,,-20356.33,5.99,-16.02,104.519,6.89,42,14
LFUS,Technology,Electronic Components,266.49,0.32,2.12,-2.49,0.27,,-20356.36,4.31,-0.01,91.435,60.95,42,55
FCPT,Real Estate,REIT - Retail,25.45,0.08,-0.04,0.0,0.04,,-20356.37,1.08,2.55,2.855,23.4,42,62
CCNE,Financial Services,Banks - Regional,26.65,0.23,-0.34,0.09,0.08,,-20356.37,2.38,2.35,10.774,10.99,42,61
FEMY,Healthcare,Medical Instruments & Supplies,0.3598,0.44,0.02,0.02,0.31,-0.35,-20356.39,-0.86,53.85,0.076,,42,90
CMPX,Healthcare,Biotechnology,3.68,-0.17,-0.09,-0.37,-0.4,,-20356.4,-0.45,-4722222222222229.0,0.0,,42,2
EXP,Basic Materials,Building Materials,236.23,0.88,-0.79,-0.19,-0.05,,-20356.49,13.6,-2.16,69.078,17.0,42,48
EIG,Financial Services,Insurance - Specialty,42.79,1.38,-1.19,-0.07,-0.01,,-20356.57,4.09,4.39,36.313,10.33,42,67
ICFI,Industrials,Consulting Services,97.77,-0.12,0.11,-0.33,-0.06,,-20356.64,5.74,-9.24,106.295,16.58,42,23
ENTX,Healthcare,Biotechnology,1.8,0.0,0.17,0.14,0.0,-0.2,-20356.78,-0.26,-327777777777821.3,0.004,,42,3
DLO,Technology,Software - Infrastructure,14.89,-0.07,0.45,0.22,-0.07,,-20356.8,0.48,41.55,3.015,31.23,42,89
BRZE,Technology,Software - Application,32.39,0.31,-1.0,0.59,-0.13,,-20356.94,-1.04,20.54,6.264,,42,84
KOF,Consumer Defensive,Beverages - Non-Alcoholic,82.88,0.03,-0.42,0.24,-0.06,,-20356.97,6.13,0.44,1374.879,13.77,42,56
LQDT,Consumer Cyclical,Internet Retail,28.24,0.04,0.21,-0.11,0.2,,-20357.1,0.83,15.46,15.102,33.46,42,81
BRX,Real Estate,REIT - Retail,27.84,0.22,-0.2,-0.16,0.22,-0.26,-20357.11,1.09,-0.99,4.34,25.35,41,52
KMB,Consumer Defensive,Household & Personal Products,125.51,-0.12,0.28,-1.01,-0.05,,-20357.12,7.32,-8.04,59.204,17.02,41,25
FIZZ,Consumer Defensive,Beverages - Non-Alcoholic,38.57,0.18,0.21,-0.17,-0.02,-0.01,-20357.14,1.98,-6.48,12.843,19.21,41,34
KLC,Consumer Defensive,Education & Training Services,7.24,0.83,7.5,-10.59,0.32,,-20357.28,-0.69,-1.67,24.367,,41,50
EQR,Real Estate,REIT - Residential,64.87,-0.33,-0.62,1.89,0.09,,-20357.28,2.65,-1.96,8.031,24.55,41,48
KBDC,Financial Services,Asset Management,14.34,0.13,-0.61,-0.06,-0.31,,-20357.31,1.68,11.83,,8.49,41,78
AWK,Utilities,Utilities - Regulated Water,135.39,0.41,-0.36,-0.26,0.04,0.11,-20357.34,5.55,2.14,25.344,24.34,41,61
LUNG,Healthcare,Medical Devices,1.6,-0.06,-0.09,0.09,0.03,,-20357.35,-1.43,9.32,2.274,,41,75
CLSK,Financial Services,Capital Markets,13.46,2.84,-2.69,9.3,2.14,-2.2,-20357.38,0.86,96.68,2.303,15.84,41,92
CHRW,Industrials,Integrated Freight & Logistics,137.09,0.13,-0.11,0.53,0.2,,-20357.71,4.4,-16.53,141.281,30.93,41,14
CINT,Technology,Software - Infrastructure,5.66,0.17,-0.24,0.93,0.0,,-20357.79,0.25,5.66,3.381,21.92,41,69
LBRT,Energy,Oil & Gas Equipment & Services,11.12,2.67,-1.67,-0.41,-0.48,,-20357.85,1.3,-6.77,25.191,8.42,41,34
LKQ,Consumer Cyclical,Auto Parts,31.13,0.15,0.08,-0.22,0.07,,-20357.86,2.74,-8.2,54.065,11.2,41,24
HWC,Financial Services,Banks - Regional,64.31,-0.05,-0.02,0.06,0.01,,-20357.87,5.42,-3.16,16.411,11.75,41,44
HRL,Consumer Defensive,Packaged Foods,24.96,0.0,0.06,-0.29,0.03,,-20357.99,1.37,-3.66,21.934,18.12,41,42
EXPD,Industrials,Integrated Freight & Logistics,124.05,-0.1,-0.14,0.04,0.09,,-20358.11,6.13,-8.85,81.417,19.6,41,23
CDW,Technology,Information Technology Services,162.87,0.21,-0.16,-0.2,-0.02,,-20358.12,8.04,-0.35,164.87,20.05,41,53
EBF,Industrials,Business Equipment & Supplies,18.3,0.09,-0.11,-0.03,-0.08,,-20358.28,1.51,-11.5,14.964,12.01,41,19
CHH,Consumer Cyclical,Lodging,109.86,0.85,-0.71,-0.38,-0.03,,-20358.29,6.47,-4.29,17.14,17.14,41,40
GBIO,Healthcare,Biotechnology,5.99,-0.42,0.45,-0.39,-0.02,,-20358.49,-10.84,6559999999999730.0,3.174,,41,97
LRMR,Healthcare,Biotechnology,4.28,0.12,-0.02,-0.87,-0.21,,-20358.54,-1.57,-7.3,,,41,30
FULT,Financial Services,Banks - Regional,19.47,0.06,0.39,0.09,0.0,,-20358.58,1.7,9.51,6.654,11.4,41,75
CLPR,Real Estate,REIT - Residential,4.23,11.29,-16.2,0.0,-0.17,,-20358.66,-1.03,-2.08,9.539,,41,48
MCBS,Financial Services,Banks - Regional,29.875,0.03,0.0,-0.03,-0.02,,-20358.68,2.57,-3.81,5.719,11.29,41,42
MDT,Healthcare,Medical Devices,95.59,-0.01,-0.23,0.02,0.0,,-20358.7,3.62,-1.07,26.663,26.27,41,51
GGG,Industrials,Specialty Industrial Machinery,85.04,0.04,0.16,-0.12,-0.03,,-20358.79,2.82,-4.36,12.899,30.01,40,40
COLM,Consumer Cyclical,Apparel Manufacturing,54.395,-5.0,-1.38,0.16,0.05,,-20358.81,3.89,-2.33,60.68,13.71,40,47
BY,Financial Services,Banks - Regional,29.27,0.02,-0.06,-0.01,-0.03,,-20358.82,2.68,3.42,8.727,10.62,40,64
CI,Healthcare,Healthcare Plans,293.76,0.18,-0.05,0.95,0.05,,-20358.82,18.23,4.17,961.023,15.93,40,66
DLX,Industrials,Conglomerates,19.9,0.59,0.1,0.41,0.08,,-20358.86,1.28,-8.83,47.364,15.17,40,23
GM,Consumer Cyclical,Auto Manufacturers,59.26,-0.75,0.11,0.13,-0.32,0.32,-20358.88,6.55,-3.82,182.048,9.0,40,42
HD,Consumer Cyclical,Home Improvement Retail,417.48,0.33,0.15,-0.22,-0.0,,-20359.07,14.72,-3.44,166.469,28.24,40,43
MFC,Financial Services,Insurance - Life,31.39,2.96,-1.52,-0.6,0.87,-0.8,-20359.14,2.25,-0.23,17.982,14.04,40,54
CVBF,Financial Services,Banks - Regional,20.21,-0.03,0.03,-0.03,0.0,,-20359.3,1.46,-6.31,3.681,13.66,40,35
LOAN,Real Estate,REIT - Mortgage,5.445,0.0,0.0,0.0,0.0,-0.08,-20359.31,0.48,-4.12,0.638,11.15,40,41
ELF,Consumer Defensive,Household & Personal Products,146.67,0.18,0.61,-0.1,-0.44,,-20359.43,1.69,15.69,23.851,82.82,40,81
KDP,Consumer Defensive,Beverages - Non-Alcoholic,27.2,0.05,4.45,-5.09,0.05,,-20359.59,1.13,-1.0,11.614,23.99,40,51
FTK,Energy,Oil & Gas Equipment & Services,12.98,-2.6,0.2,0.67,-0.4,,-20359.64,0.43,38.34,6.971,30.28,40,89
BMO,Financial Services,Banks - Diversified,129.39,0.25,-0.13,0.07,0.26,0.06,-20359.65,8.29,1.26,43.397,15.72,40,59
MGTX,Healthcare,Biotechnology,7.99,0.06,0.04,0.04,0.58,-0.59,-20359.65,-2.03,797.17,0.489,,40,95
CZNC,Financial Services,Banks - Regional,20.55,-0.02,-0.29,0.29,0.0,,-20359.8,1.75,-1.75,7.073,11.47,40,49
ELTX,Healthcare,Biotechnology,11.465,0.32,0.3,0.23,-0.03,0.32,-20359.86,-3.98,-7.3,,,40,30
CAC,Financial Services,Banks - Regional,41.52,0.95,-1.35,0.12,0.02,,-20359.89,3.16,22.52,12.559,12.73,40,85
FINW,Financial Services,Banks - Regional,20.63,0.29,0.14,-0.24,0.24,,-20359.89,0.96,10.77,5.903,23.43,40,76
DKS,Consumer Cyclical,Specialty Retail,227.21,0.45,0.08,0.09,0.07,-0.03,-20359.91,14.34,-2.97,172.504,15.48,40,45
DPZ,Consumer Cyclical,Restaurants,430.08,-0.14,-0.13,0.17,-0.06,,-20359.94,17.23,-3.54,139.018,24.88,40,43
GORO,Basic Materials,Gold,0.73,-0.29,0.29,0.22,2.33,-0.17,-20360.38,-0.41,-72.9,0.461,,40,6
IPAR,Consumer Defensive,Household & Personal Products,104.17,-0.32,0.74,-1.55,-0.15,,-20360.43,5.02,-2.84,45.48,20.2,40,45
LYG,Financial Services,Banks - Regional,4.58,0.0,0.0,0.0,0.0,0.0,-20360.44,0.36,-3.05,1.16,12.36,40,44
CUBE,Real Estate,REIT - Industrial,40.79,-0.08,-0.08,-0.07,-0.17,-0.08,-20360.51,1.64,-0.13,4.812,24.51,40,54
GRVY,Communication Services,Electronic Gaming & Multimedia,64.03,-0.66,-0.01,-0.01,0.05,-0.22,-20360.55,8.42,22.17,78840.41,7.62,39,85
ESE,Technology,Scientific & Technical Instruments,217.75,-0.19,0.32,-0.46,-0.12,,-20360.59,4.25,14.92,43.572,49.99,39,81
LOCO,Consumer Cyclical,Restaurants,10.13,0.26,-0.05,-0.05,-0.04,,-20360.61,0.85,-4.85,16.46,11.66,39,39
CSGS,Technology,Software - Infrastructure,66.69,-0.32,-1.12,0.84,-0.09,,-20360.63,2.88,-4.2,43.166,22.97,39,41
KFY,Industrials,Staffing & Employment Services,73.45,0.07,0.07,-0.04,0.08,-0.05,-20360.76,4.69,-3.52,53.502,15.58,39,43
FCBC,Financial Services,Banks - Regional,37.6,0.05,-0.11,0.0,-0.03,,-20360.84,2.72,-5.73,8.894,13.38,39,37
CVKD,Healthcare,Biotechnology,13.34,0.12,0.02,0.02,0.2,-0.34,-20360.89,-8.88,-7.3,,,39,30
JAMF,Technology,Software - Application,11.56,-16000000.0,13000000.0,-0.3,-0.07,,-20360.94,-0.38,9.56,5.136,,39,75
ESTA,Healthcare,Medical Devices,40.55,0.23,0.7,-1.02,0.09,,-20360.94,-3.08,6.92,6.168,,39,71
DG,Consumer Defensive,Discount Stores,106.9,0.05,1.05,-0.02,0.1,,-20361.05,5.4,-1.95,189.34,18.91,39,48
LAW,Technology,Software - Application,6.47,0.06,1.21,-1.8,0.0,,-20361.16,-0.94,-0.6,2.45,,39,53
HAFC,Financial Services,Banks - Regional,25.58,-0.18,0.0,0.2,0.04,,-20361.17,2.16,2.71,7.805,11.66,39,63
MPLX,Energy,Oil & Gas Midstream,50.75,-0.07,0.03,0.06,-0.12,,-20361.26,4.21,-3.21,11.266,11.95,39,44
BRO,Financial Services,Insurance Brokers,91.87,-0.47,0.59,-0.12,-0.14,,-20361.27,3.47,3.39,17.389,26.44,39,64
IEX,Industrials,Specialty Industrial Machinery,162.06,0.38,-0.29,0.03,-0.07,,-20361.28,6.18,-0.52,44.161,26.06,39,53
CMRE,Industrials,Marine Shipping,12.73,0.0,2.16,-1.04,0.03,0.0,-20361.37,2.62,-2719.29,17.402,4.69,39,4
FNGR,Communication Services,Telecom Services,1.68,-0.08,-0.08,0.0,-0.17,,-20361.47,-0.09,-0.73,0.629,,39,52
FOR,Real Estate,Real Estate - Development,27.08,0.05,0.94,-4.03,-0.17,,-20361.5,3.19,9.34,30.368,8.39,39,75
JBHT,Industrials,Integrated Freight & Logistics,135.06,0.12,-0.3,0.03,-0.0,,-20361.54,5.5,-7.3,120.792,24.09,39,30
DDS,Consumer Cyclical,Department Stores,602.07,-1.23,0.15,0.17,0.02,-0.07,-20361.56,36.24,-6.41,415.426,16.53,39,35
DCO,Industrials,Aerospace & Defense,96.0,0.18,0.54,-0.5,0.62,,-20361.82,2.65,-3.24,53.521,35.46,39,44
BLBX,Technology,Software - Application,6.475,-0.52,-0.02,-0.02,-0.3,0.17,-20361.83,-1.07,-40.04,0.657,,39,8
MKC,Consumer Defensive,Packaged Foods,66.25,0.08,-0.33,-0.04,-0.06,,-20361.92,2.87,-5.94,25.113,22.82,39,36
CSAI,Technology,Software - Infrastructure,1.65,0.13,-0.14,-0.17,-0.1,-0.34,-20361.96,-0.43,195.51,0.165,,39,94
DCOM,Financial Services,Banks - Regional,31.78,0.42,2.2,-2.86,0.49,,-20362.07,0.8,6.87,7.61,38.65,38,71
CAT,Industrials,Farm & Heavy Construction Machinery,466.96,0.1,-0.38,0.14,-0.19,,-20362.29,19.64,-4.9,132.214,23.75,38,39
FLUX,Industrials,Electrical Equipment & Parts,2.57,-0.09,-0.1,0.3,0.33,-0.83,-20362.39,-0.46,15.34,3.974,,38,81
CGNX,Technology,Scientific & Technical Instruments,46.19,0.71,-0.21,0.0,0.14,,-20362.39,0.72,-6.13,5.471,64.56,38,35
HONE,Financial Services,Banks - Regional,13.55,0.43,-0.5,1.1,0.11,,-20362.42,0.65,-7.28,4.071,20.63,38,33
DTIL,Healthcare,Biotechnology,4.91,0.04,0.01,0.01,-3.21,-2.3,-20362.46,-10.15,-184773.06,0.141,,38,3
IPM,Technology,Software - Application,2.44,-2.33,2.2,2.2,0.25,2.2,-20362.47,-0.33,1215.13,1.279,,38,95
AVXL,Healthcare,Biotechnology,8.67,-0.23,0.08,0.0,-0.14,0.0,-20362.62,-0.57,-7.3,,,38,30
EVO,Healthcare,Drug Manufacturers - Specialty & Generic,3.73,-0.35,0.12,0.11,1.25,-0.53,-20362.68,-0.52,-8.48,2.19,,38,24
CMS,Utilities,Utilities - Regulated Electric,70.18,-0.53,0.15,0.04,0.01,,-20362.7,3.39,2.59,26.885,20.68,38,62
AYI,Industrials,Electrical Equipment & Parts,344.52,0.28,-0.38,-0.12,-0.16,,-20362.78,12.69,8.47,134.955,26.53,38,73
COCH,Healthcare,Medical Devices,1.37,-0.1,0.14,0.12,-0.1,0.1,-20362.81,-1.41,-1.71,0.011,,38,49
MIRA,Healthcare,Drug Manufacturers - General,1.27,0.22,0.14,0.12,0.22,0.36,-20362.82,-0.47,-7.3,,,38,30
JBS,Consumer Defensive,Packaged Foods,15.52,0.04,-0.16,-0.13,0.78,0.78,-20363.0,1.15,8.18,207.518,13.25,38,73
FTV,Technology,Scientific & Technical Instruments,48.83,-0.02,-0.22,-0.03,-0.14,,-20363.11,2.22,-6.81,17.893,21.91,38,34
HWBK,Financial Services,Banks - Regional,32.59,0.14,0.17,0.0,0.33,,-20363.21,2.97,-2.06,10.759,11.06,38,48
GNLX,Healthcare,Biotechnology,4.01,0.05,-0.05,-0.05,0.1,0.38,-20363.32,-0.85,1.2297777777776832e+16,0.0,,38,98
EXPO,Industrials,Engineering & Construction,70.16,0.0,0.13,-0.11,-0.1,,-20363.51,1.99,-5.07,10.136,34.84,38,38
IMPP,Energy,Oil & Gas Midstream,4.63,0.12,2.2,-1.9,-0.78,,-20363.52,0.99,31.09,3.917,4.66,38,87
FCN,Industrials,Consulting Services,164.14,0.23,0.25,-0.33,-0.1,,-20363.56,7.1,-4.32,105.454,22.78,38,40
IBCP,Financial Services,Banks - Regional,31.97,0.09,-0.19,0.33,-0.1,,-20363.75,3.06,-7.26,10.419,10.25,38,33
DQ,Technology,Semiconductor Equipment & Materials,25.99,-0.07,1.53,-1.95,0.59,,-20363.92,-5.83,-141.12,8.879,,38,5
HLNE,Financial Services,Asset Management,150.445,0.05,-0.07,-0.04,-0.15,,-20363.96,5.22,-6.6,17.158,28.8,38,34
CUBI,Financial Services,Banks - Regional,68.38,4.9,-1.47,-0.84,0.03,,-20364.0,4.05,-5.88,18.943,16.42,38,36
ELME,Real Estate,REIT - Residential,16.93,0.25,-0.67,0.0,0.0,,-20364.1,-0.17,-0.78,2.794,,38,52
MIDD,Industrials,Specialty Industrial Machinery,135.16,0.17,-0.22,-0.01,-0.07,,-20364.16,7.86,-6.01,71.884,17.16,37,35
FVCB,Financial Services,Banks - Regional,13.87,0.11,0.04,0.04,0.35,,-20364.2,1.11,1.71,3.448,12.06,37,60
MHO,Consumer Cyclical,Residential Construction,152.36,0.11,-0.19,-0.08,-0.16,,-20364.2,18.21,-1.96,164.165,8.11,37,48
GRBK,Consumer Cyclical,Residential Construction,72.64,0.11,-0.39,0.17,-0.26,,-20364.25,7.83,-3.75,48.424,9.1,37,42
CE,Basic Materials,Chemicals,45.48,10.58,91.11,-17.51,0.28,,-20364.33,-14.64,-8.21,90.838,,37,24
IMXI,Technology,Software - Infrastructure,14.46,0.48,-1.0,-0.06,-0.16,,-20364.35,1.63,-8.21,20.752,8.83,37,24
EXC,Utilities,Utilities - Regulated Electric,43.11,-1.31,0.4,-0.09,-0.15,,-20364.41,2.63,-3.57,23.601,16.51,37,43
DKL,Energy,Oil & Gas Refining & Marketing,45.82,0.14,0.07,-0.04,-0.05,,-20364.47,2.94,-8.05,17.935,15.32,37,25
IOR,Financial Services,Mortgage Finance,17.76,0.0,-0.12,-0.07,-0.17,,-20364.89,1.06,-15.73,,17.92,37,15
DRTS,Healthcare,Biotechnology,3.8,0.0,-0.02,-0.02,-0.07,-0.09,-20364.92,-0.48,-7.3,,,37,30
EVRG,Utilities,Utilities - Regulated Electric,71.28,0.37,-1.37,-0.58,-0.22,0.02,-20364.99,3.64,-9.1,25.522,19.86,37,23
CCB,Financial Services,Banks - Regional,115.39,0.12,-0.49,-0.03,-0.18,,-20365.03,3.28,-0.94,23.493,34.64,37,52
LAUR,Consumer Defensive,Education & Training Services,29.61,6.0,-5.77,0.1,-0.28,,-20365.25,1.67,2.45,10.342,17.9,37,62
CNA,Financial Services,Insurance - Property & Casualty,46.4,0.09,12.05,-12.44,-0.06,,-20365.33,3.22,-1.38,54.003,14.13,37,50
ESEA,Industrials,Marine Shipping,63.65,-0.23,0.51,-0.13,-0.36,,-20365.4,17.09,3.12,31.83,3.66,37,64
DWTX,Healthcare,Biotechnology,4.8144,3.25,-0.34,-2.07,-0.59,,-20365.48,-19.25,-7.3,,,37,30
KOD,Healthcare,Biotechnology,9.84,0.06,-0.3,0.0,-0.2,,-20365.57,-3.79,-7.3,,,37,30
EPAM,Technology,Information Technology Services,155.87,0.21,-0.41,-0.32,-0.1,,-20365.59,7.01,7.65,89.43,22.28,37,72
CAMP,Healthcare,Biotechnology,2.5,0.0,0.06,0.05,0.04,0.66,-20365.6,-2.57,1.056333333333334e+16,0.207,,37,98
FLO,Consumer Defensive,Packaged Foods,13.3,0.1,0.23,-0.51,-0.16,,-20365.76,1.04,-4.43,24.157,12.6,37,40
CSX,Industrials,Railroads,33.43,0.29,-0.12,-0.2,-0.12,,-20365.78,1.63,-8.09,7.44,20.23,37,25
ELP,Utilities,Utilities - Regulated Electric,9.7,-0.16,0.14,-1.08,0.21,,-20365.88,0.62,142.52,8.02,15.69,37,93
ELPC,Utilities,Utilities - Regulated Electric,8.93,-0.16,0.14,-1.08,0.21,,-20365.88,0.62,142.52,8.02,14.58,37,93
EVI,Industrials,Industrial Distribution,29.33,1.0,-0.14,-1.75,-0.04,0.0,-20365.9,0.49,2.5,30.613,63.9,37,62
GGR,Consumer Cyclical,Auto Manufacturers,0.3288,3.17,-3.17,0.33,0.0,,-20365.98,-0.46,-15.77,0.992,,37,15
EOG,Energy,Oil & Gas E&P,118.32,-0.07,0.18,-0.32,-0.2,,-20366.09,10.31,-13.07,41.189,11.25,36,17
ELSE,Technology,Scientific & Technical Instruments,4.9,2.0,-2.25,-1.8,2000000.0,-2000000.0,-20366.16,0.13,-0.81,2.772,38.46,36,52
HSBC,Financial Services,Banks - Diversified,69.5,0.0,0.07,0.07,-0.13,-0.38,-20366.17,5.05,-16.63,3.93625,13.81,36,14
BRNS,Healthcare,Biotechnology,1.105,-0.06,-0.4,-0.67,-0.21,-0.22,-20366.22,-1.73,1423.0,0.374,,36,95
JPM,Financial Services,Banks - Diversified,313.23,0.03,0.05,0.1,-0.17,,-20366.26,19.48,1.12,57.936,16.16,36,58
CION,Financial Services,Asset Management,10.12,2.54,-9.0,11.0,0.24,,-20366.37,-0.2,-14.38,4.253,,36,16
EPRX,Healthcare,Biotechnology,6.07,-0.24,-0.11,-0.12,-0.53,0.0,-20366.42,-0.86,-7.3,,,36,30
JMSB,Financial Services,Banks - Regional,21.24,0.06,0.0,0.13,0.33,,-20366.72,1.32,2.32,3.985,15.58,36,61
HII,Industrials,Aerospace & Defense,274.69,0.02,0.2,0.23,-0.13,,-20366.95,13.37,-2.72,294.377,20.58,36,46
DVS,Basic Materials,Silver,4.08,-3.0,1.5,0.6,-0.2,0.0,-20366.99,-0.21,-7.3,,,36,30
COOP,Financial Services,Mortgage Finance,219.92,1.24,-1.32,1.58,-0.02,,-20367.25,8.92,-4.7,35.128,24.04,36,39
CNO,Financial Services,Insurance - Life,39.58,5.64,-10.57,17.0,-0.16,,-20367.32,2.77,-1.09,43.049,14.3,36,51
CZWI,Financial Services,Banks - Regional,16.69,0.03,0.19,-0.19,-0.06,,-20367.35,1.24,3.23,5.772,13.41,36,64
LH,Healthcare,Diagnostics & Research,277.15,0.12,0.48,-0.17,0.17,,-20367.38,9.07,-1.13,161.289,30.57,36,51
KAI,Industrials,Specialty Industrial Machinery,308.8,0.08,0.0,-0.31,-0.2,,-20367.73,8.98,-8.96,87.115,34.01,36,23
BVFL,Financial Services,Banks - Regional,16.72,0.38,0.17,-0.94,-0.1,,-20367.75,1.07,-1.09,3.863,15.65,36,51
IQST,Communication Services,Telecom Services,5.93,41.93,-0.96,-21.5,0.1,-0.19,-20367.79,-3.2,8.41,110.163,,36,73
FSBW,Financial Services,Banks - Regional,42.35,-0.02,0.09,-0.4,-0.15,,-20368.04,4.15,-3.62,18.176,9.93,36,42
FCF,Financial Services,Banks - Regional,17.92,-0.01,-0.1,0.12,-0.14,,-20368.07,1.3,1.26,4.448,13.5,36,59
CMA,Financial Services,Banks - Regional,70.34,0.13,0.02,-0.09,-0.05,,-20368.1,5.21,-4.17,24.356,13.41,36,41
MAT,Consumer Cyclical,Leisure,17.33,2.33,-4.5,-1.62,-0.06,,-20368.43,1.54,-11.47,16.124,11.09,36,19
LUXE,Consumer Cyclical,Luxury Goods,8.97,-0.2,4.4,-5.75,-0.5,,-20368.61,-0.51,-1.03,10.214,,36,51
EQNR,Energy,Oil & Gas Integrated,24.57,-0.94,0.33,-0.14,-0.3,,-20368.66,3.02,-5.95,19.65,8.0,36,36
BOXL,Technology,Consumer Electronics,1.53,-0.09,0.1,0.09,-0.7,1.7,-20368.68,-13.34,-27.83,46.512,,36,9
GPC,Consumer Cyclical,Auto Parts,137.91,0.31,0.46,-0.7,-0.16,,-20368.75,5.81,-2.46,171.069,23.64,35,47
IPWR,Industrials,Electrical Equipment & Parts,5.45,-0.1,-0.03,0.07,-0.06,,-20369.05,-1.22,-461017777777797.75,0.002,,35,3
HYLN,Consumer Cyclical,Auto Parts,1.99,0.25,-0.25,-0.33,-0.33,,-20369.49,-0.33,1.0100000000000088e+16,0.02,,35,97
ET,Energy,Oil & Gas Midstream,17.44,-0.16,0.28,-0.14,-0.09,,-20369.54,1.29,-10.23,23.517,13.41,35,21
COP,Energy,Oil & Gas E&P,93.48,-0.43,0.17,0.07,-0.28,,-20369.68,7.46,-2.21,48.482,12.32,35,47
HIW,Real Estate,REIT - Office,32.17,-4.35,0.73,2.75,-2.47,2.64,-20369.88,1.17,-7.84,7.609,27.06,35,25
DHI,Consumer Cyclical,Residential Construction,169.61,0.3,-0.02,-0.5,-0.22,,-20370.0,12.44,-9.29,109.467,13.53,35,22
FORTY,Technology,Information Technology Services,137.24,-0.29,-0.04,-0.18,-0.26,,-20370.12,4.98,1.82,188.767,27.79,35,60
BOKF,Financial Services,Banks - Regional,113.09,0.18,-0.14,-0.03,-0.16,,-20370.13,8.36,-8.6,32.711,13.33,35,24
MSDL,Financial Services,Asset Management,17.64,0.21,-0.38,-0.28,-0.61,-0.74,-20370.16,1.93,5.17,,9.08,35,68
BWMX,Consumer Cyclical,Specialty Retail,13.5,1.16,-0.49,2.95,0.08,,-20370.16,-0.18,0.08,380.527,,35,55
BKNG,Consumer Cyclical,Travel Services,5442.88,1.72,-2.19,-1.33,-0.63,,-20370.16,143.73,13.61,759.599,37.88,35,80
FTLF,Consumer Defensive,Packaged Foods,19.15,-0.16,-0.02,-0.02,-0.53,-0.05,-20370.47,0.8,1.43,6.817,24.22,35,59
ILPT,Real Estate,REIT - Industrial,6.45,0.03,0.12,0.03,0.09,,-20370.52,-1.4,3.63,6.735,,35,65
GPN,Industrials,Specialty Business Services,86.07,-0.25,-0.82,0.82,-0.48,,-20370.55,5.87,-5.84,40.44,14.74,35,36
HOLX,Healthcare,Medical Instruments & Supplies,68.27,11.87,-11.87,0.14,0.05,,-20370.58,2.41,-10.54,17.673,27.52,35,20
HGBL,Financial Services,Capital Markets,1.79,0.67,0.0,0.0,-0.4,-0.67,-20370.69,0.1,13.95,1.373,16.8,35,80
GAIA,Communication Services,Entertainment,6.04,-0.75,-0.33,0.67,0.29,,-20370.8,-0.19,2.66,3.979,,35,63
GGB,Basic Materials,Steel,3.11,0.16,1.34,-3.05,0.05,,-20371.01,0.3,-5.85,33.715,10.37,35,36
CON,Healthcare,Medical Care Facilities,21.02,0.17,0.76,-1.18,-0.17,,-20371.1,1.31,4.01,15.911,15.77,35,66
BATRA,Communication Services,Entertainment,45.44,2.41,-1.13,-2.94,0.0,,-20371.46,-0.33,1.43,11.261,,35,59
BATRK,Communication Services,Entertainment,41.73,2.41,-1.13,-2.94,0.0,,-20371.46,-0.33,1.43,11.261,,35,59
MO,Consumer Defensive,Tobacco,63.94,1.21,-1.81,0.34,-0.57,,-20371.5,5.17,-9.25,11.97,12.55,35,23
CCSI,Technology,Software - Infrastructure,29.34,-0.01,0.16,-0.17,-0.16,,-20371.55,4.15,-7.19,18.01,6.98,35,33
ES,Utilities,Utilities - Regulated Electric,63.88,-0.56,6.5,2.65,0.01,,-20371.6,2.29,3.12,35.544,29.26,35,64
K,Consumer Defensive,Packaged Foods,78.2,-0.02,-0.2,-0.01,-0.17,,-20371.61,3.82,-6.13,36.636,20.26,34,35
BFLY,Healthcare,Medical Devices,1.89,0.0,0.33,0.0,0.17,,-20371.82,-0.28,1.96,0.385,,34,60
MNOV,Healthcare,Biotechnology,1.24,-0.17,0.0,0.0,-0.4,0.0,-20371.94,-0.25,-3588784444444451.0,0.003,,34,2
CRT,Energy,Oil & Gas E&P,7.8,-1.0,0.08,0.09,-0.51,0.19,-20371.96,0.92,-23.61,1.093,8.32,34,11
MET,Financial Services,Insurance - Life,79.07,-0.24,-0.38,-0.02,-0.23,,-20371.96,5.89,-7.42,106.391,13.44,34,26
BKD,Healthcare,Medical Care Facilities,8.01,0.56,0.32,-0.68,-0.06,,-20372.06,-1.05,-2.33,13.227,,34,47
HBB,Consumer Cyclical,"Furnishings, Fixtures & Appliances",15.28,1.54,-12.54,11.57,-0.27,,-20372.12,2.32,-22.22,46.073,6.28,34,11
IAUX,Basic Materials,Gold,0.9285,1.0,0.0,0.0,1.2,-0.67,-20372.17,-0.3,4.106444444444464e+16,0.169,,34,98
IQV,Healthcare,Diagnostics & Research,190.2,0.09,-0.72,0.55,-0.28,,-20372.26,6.91,-2.57,88.625,27.09,34,46
HSIC,Healthcare,Medical Distribution,68.55,-0.25,0.19,-0.05,-0.14,,-20372.35,3.11,-4.85,102.934,21.82,34,39
MPC,Energy,Oil & Gas Refining & Marketing,185.03,17.5,-5.83,-0.62,-0.1,,-20372.41,6.88,-13.04,422.278,26.96,34,17
MGRM,Healthcare,Medical Devices,5.77,-0.6,0.3,0.23,-0.45,0.1,-20372.45,-0.54,-698051111111118.4,,,34,3
ESAB,Industrials,Metal Fabrication,109.64,0.0,0.25,-0.27,-0.24,,-20372.55,4.57,-5.1,45.208,24.17,34,38
MASS,Healthcare,Medical Devices,6.82,-4.32,3.2,0.5,0.0,,-20372.59,-2.36,5.95,1.863,,34,70
DFIN,Technology,Software - Application,53.45,0.2,3.91,-0.36,-0.15,,-20372.66,2.83,-17.67,26.399,18.78,34,13
MOGO,Technology,Software - Infrastructure,1.93,2.14,-0.2,-0.24,2.1,-2.27,-20372.75,0.12,-7.15,1.696,16.5,34,33
EA,Communication Services,Electronic Gaming & Multimedia,173.17,-0.24,-0.13,0.01,-0.31,,-20372.83,4.0,-6.11,28.941,43.27,34,35
HUBG,Industrials,Integrated Freight & Logistics,37.14,-0.07,0.12,0.03,-0.14,,-20373.08,1.65,-14.07,62.851,21.6,34,16
BFH,Financial Services,Credit Services,64.06,0.06,19.07,1.8,0.1,,-20373.12,5.95,-6.08,50.349,10.67,34,35
BBAR,Financial Services,Banks - Regional,8.27623,-0.42,0.28,-0.63,-1.01,,-20373.25,0.95,-8.56,11350.251,8.62,34,24
CPSS,Financial Services,Credit Services,8.24,0.0,-0.09,0.09,0.0,,-20373.38,0.8,-4.04,8.932,10.19,34,41
DFH,Consumer Cyclical,Residential Construction,28.43,0.04,-1.45,0.87,-0.46,,-20373.45,3.09,10.2,50.361,8.91,34,76
HOUS,Real Estate,Real Estate Services,7.36,3.92,-0.21,-10.67,-0.12,,-20373.45,-0.97,-10.94,51.865,,34,20
CNMD,Healthcare,Medical Devices,51.42,2.63,-4.74,-0.46,-0.41,,-20373.5,3.54,-2.19,42.844,14.13,34,47
MERC,Basic Materials,Paper & Paper Products,3.07,-2.91,-2.32,2.04,-0.28,,-20373.52,-1.63,-12.42,29.16,,34,18
LEGH,Consumer Cyclical,Residential Construction,27.88,0.42,-0.26,-0.2,-0.1,-0.44,-20373.56,2.23,3.56,7.639,12.21,33,65
DNLI,Healthcare,Biotechnology,13.18,0.08,-0.16,-0.06,-0.22,,-20373.65,-2.81,-3.672566666666666e+17,,,33,1
BCSF,Financial Services,Asset Management,14.86,-0.19,-0.08,-0.07,-0.22,-0.25,-20373.85,1.66,-21.16,4.387,8.93,33,12
FNF,Financial Services,Insurance - Specialty,59.17,2.4,-4.5,0.68,-0.11,,-20373.98,3.93,2.25,50.217,14.93,33,61
ERJ,Industrials,Aerospace & Defense,57.32,0.07,0.61,-2.86,-0.26,,-20374.16,2.05,12.26,216.816,28.26,33,78
LTC,Real Estate,REIT - Healthcare Facilities,35.85,-0.36,0.12,-0.65,-0.33,,-20374.19,1.81,9.7,4.739,19.78,33,75
FRBA,Financial Services,Banks - Regional,16.95,0.11,0.07,0.08,-0.07,-0.35,-20374.24,1.51,8.88,5.223,11.03,33,74
JBI,Industrials,Building Products & Equipment,10.45,0.87,8000000.0,-8000000.0,-0.27,,-20374.26,0.31,-9.92,6.378,32.81,33,21
GWRS,Utilities,Utilities - Regulated Water,10.03,2.0,-2.5,-0.71,-0.17,-0.5,-20374.96,0.22,-0.96,2.164,45.41,33,52
GHRS,Healthcare,Biotechnology,13.22,0.27,0.11,0.1,0.33,-0.27,-20375.32,-0.73,-7.3,,,33,30
CMC,Basic Materials,Steel,59.67,2.36,8.0,-2.69,-0.39,,-20375.36,0.3,-7.0,67.516,193.9,33,33
CLNE,Energy,Oil & Gas Refining & Marketing,2.69,5.67,-3.62,-0.62,-0.29,,-20375.37,-0.91,2.9,1.888,,33,63
III,Technology,Information Technology Services,5.54,0.67,-1.0,2.0,0.25,,-20375.4,0.16,-11.65,4.94,33.62,33,19
DEA,Real Estate,REIT - Office,23.57,0.29,-0.79,0.0,-0.11,,-20375.42,0.38,1.27,7.517,60.34,33,59
JBGS,Real Estate,REIT - Office,24.05,0.93,0.29,-1.25,-0.07,,-20375.66,-1.89,-13.8,6.429,,33,17
LFWD,Healthcare,Medical Devices,0.5598,-0.26,2.76,-3.94,-0.16,,-20375.93,-3.15,6.62,2.488,,33,71
CVLG,Industrials,Trucking,22.89,0.52,-0.04,-0.9,-0.22,,-20375.98,1.31,-2.79,43.187,16.92,33,45
MOLN,Healthcare,Biotechnology,3.69,-0.24,0.04,0.04,-0.22,-0.32,-20375.99,-2.27,-1.0340000000000088e+16,0.019,,33,2
KALV,Healthcare,Biotechnology,13.88,-0.1,-0.11,-0.01,-0.29,-0.21,-20376.09,-3.94,9506666666666660.0,0.028,,33,97
DE,Industrials,Farm & Heavy Construction Machinery,476.12,-0.4,1.08,-0.43,-0.33,,-20376.18,19.16,-11.4,162.983,24.51,33,19
FUL,Basic Materials,Specialty Chemicals,61.61,2.21,2.85,-8.77,-0.21,,-20376.27,1.84,-7.69,64.285,33.05,33,25
DLTR,Consumer Defensive,Discount Stores,98.26,-0.77,11.67,-16.76,0.47,,-20376.41,5.16,-5.43,87.217,18.46,33,37
ELV,Healthcare,Healthcare Plans,315.77,-0.25,4.27,-1.38,-0.28,,-20376.46,23.56,4.9,828.608,13.32,33,68
KURA,Healthcare,Biotechnology,8.44,-0.14,-2.0,1.86,-0.27,,-20376.66,-2.25,1.6179e+17,0.954,,33,99
HMC,Consumer Cyclical,Auto Manufacturers,33.78,-0.19,-0.16,-0.14,-0.75,0.07,-20376.67,2.94,-3.31,14365.161,11.34,32,43
GTY,Real Estate,REIT - Retail,27.78,-0.04,-0.56,0.44,-0.25,,-20376.76,1.15,2.78,3.822,23.82,32,63
CHE,Healthcare,Medical Care Facilities,458.25,-0.36,-0.24,0.21,-0.31,,-20376.8,19.45,-3.06,170.04,23.25,32,44
IVF,Healthcare,Medical Devices,0.8714,-0.06,-0.39,-0.79,-0.78,,-20377.0,-92.72,-8.8,31.515,,32,23
GTES,Industrials,Specialty Industrial Machinery,25.86,-0.09,0.71,-0.29,-0.23,,-20377.35,0.78,-7.66,13.211,32.42,32,26
FDUS,Financial Services,Asset Management,20.68,0.24,0.12,0.06,-0.04,,-20377.38,2.3,-14.54,4.461,9.04,32,16
CRBP,Healthcare,Biotechnology,11.62,-0.04,-0.78,0.47,-0.6,,-20377.41,-4.76,-979672222222229.5,,,32,2
BAM,Financial Services,Asset Management,59.87,0.06,-0.17,0.35,0.23,,-20377.54,1.43,-2.646666666666667e+18,2.697,41.97,32,1
CMT,Basic Materials,Specialty Chemicals,21.92,0.88,25000000.0,-36000000.0,-0.57,,-20377.54,1.08,-15.42,31.976,19.91,32,15
HFWA,Financial Services,Banks - Regional,25.19,-0.14,0.17,0.06,-0.14,,-20377.56,1.43,-8.36,6.485,17.32,32,24
KPLT,Technology,Software - Infrastructure,20.32,-0.33,0.72,-0.03,-0.01,,-20377.59,-7.08,3.78,58.408,,32,65
CENN,Consumer Cyclical,Auto Manufacturers,0.5801,-0.5,0.31,0.23,0.11,0.67,-20377.64,-0.98,8.93,0.936,,32,74
CNP,Utilities,Utilities - Regulated Electric,38.07,-0.5,0.2,0.25,-0.2,-0.22,-20377.74,1.43,-5.51,13.794,26.59,32,37
GLP,Energy,Oil & Gas Midstream,50.85,0.49,-0.43,-1.23,-1.02,,-20377.77,2.6,-11.34,527.085,18.94,32,19
BZUN,Consumer Cyclical,Internet Retail,4.4,0.8,-108000000.0,147000000.0,-0.18,,-20377.77,-0.43,-2.8,165.308,,32,45
AVNT,Basic Materials,Specialty Chemicals,36.33,3.59,-3.41,0.26,0.54,,-20377.82,1.29,-6.26,35.611,27.24,32,35
CASI,Healthcare,Biotechnology,1.78,-0.25,-0.11,-0.13,-0.65,0.03,-20377.97,-2.89,-4.28,1.929,,32,40
AVA,Utilities,Utilities - Diversified,36.41,-4.76,0.62,1.63,-0.71,0.08,-20378.06,2.24,-2.26,24.493,16.23,32,47
DAC,Industrials,Marine Shipping,94.45,0.16,-0.02,-0.02,-0.02,-0.26,-20378.25,24.37,2.12,54.489,3.8,32,61
KE,Industrials,Electrical Equipment & Parts,33.13,0.8,0.07,0.08,-0.11,,-20378.27,0.68,-14.51,59.992,46.46,32,16
MGY,Energy,Oil & Gas E&P,24.61,-0.32,0.23,-0.18,-0.24,,-20378.81,1.92,-8.09,7.053,12.51,32,25
IMVT,Healthcare,Biotechnology,15.4,-0.11,0.19,-0.03,-0.18,,-20378.82,-2.84,-7.3,,,32,30
MBC,Consumer Cyclical,"Furnishings, Fixtures & Appliances",13.43,1.9,-0.1,-1.09,-0.24,,-20379.27,0.72,-2.65,21.832,18.19,32,46
FLNG,Energy,Oil & Gas Midstream,25.08,-0.06,-1.4,1.62,-0.24,,-20379.32,1.83,-5.86,6.59,13.64,32,36
AVIR,Healthcare,Biotechnology,2.97,-0.1,0.0,-0.08,0.09,,-20379.46,-1.62,-3.904077777777778e+17,,,32,1
DMAC,Healthcare,Biotechnology,6.77,0.0,-0.09,-0.1,-0.38,-0.29,-20379.57,-0.69,-7.3,,,31,30
MGX,Healthcare,Biotechnology,2.14,0.26,-0.14,-0.17,-0.86,0.75,-20379.59,-2.33,697.71,0.91,,31,95
EFC,Real Estate,REIT - Mortgage,13.23,0.29,0.4,0.32,-0.38,,-20379.81,1.22,29.18,3.421,10.8,31,87
HSDT,Healthcare,Medical Devices,23.17,-9.42,0.47,0.32,-9.54,5.04,-20379.98,-12356.89,-285.86,8.097,,31,4
ENGN,Healthcare,Biotechnology,6.96,-0.06,-0.2,-0.25,-0.34,-0.04,-20380.27,-1.63,-7.3,,,31,30
DOMH,Financial Services,Capital Markets,6.33,3.7,-0.64,-1.75,2.11,-2.32,-20380.36,-1.7,2265555555555937.5,5.515,,31,97
MIST,Healthcare,Biotechnology,1.95,0.55,-0.38,-0.61,-0.43,-0.48,-20380.52,-0.84,-1111111111111185.0,,,31,2
MPX,Consumer Cyclical,Recreational Vehicles,9.38,1.0,-1.0,0.2,-0.17,,-20380.59,0.4,-12.86,6.444,22.85,31,17
CRBU,Healthcare,Biotechnology,1.78,-0.35,-0.1,-0.03,-0.38,,-20380.59,-1.78,-32.97,0.099,,31,8
HAL,Energy,Oil & Gas Equipment & Services,22.36,1.29,-1.92,0.08,-0.45,,-20380.6,2.13,-6.12,25.556,10.57,31,35
EML,Industrials,Tools & Accessories,26.77,0.75,4.36,1.3,0.0,0.03,-20380.7,1.79,-8.39,43.688,14.22,31,24
FONR,Healthcare,Diagnostics & Research,15.51,0.31,-0.62,0.25,0.36,-0.9,-20380.73,1.23,-2.95,15.928,12.31,31,45
JCI,Industrials,Building Products & Equipment,108.48,0.47,0.16,-0.51,-0.36,,-20380.77,3.0,-5.97,35.433,36.23,31,36
LXEO,Healthcare,Biotechnology,5.46,0.65,-0.05,-0.06,0.07,-0.29,-20381.41,-3.21,-726666666666691.0,,,31,2
CLPT,Healthcare,Medical Devices,11.35,0.05,-0.1,-0.11,-0.31,-0.37,-20381.47,-0.8,12.4,1.209,,31,79
MATX,Industrials,Marine Shipping,107.52,0.34,-0.76,-0.55,-0.13,,-20381.57,14.69,-10.78,105.313,7.06,31,20
CDIO,Healthcare,Biotechnology,3.87,-0.0,0.43,0.3,0.76,5.11,-20381.74,-3.75,189.86,0.014,,31,94
KFRC,Industrials,Staffing & Employment Services,30.79,0.3,-0.33,-0.28,-0.3,,-20381.9,2.38,-13.07,74.86,12.63,31,17
IPG,Communication Services,Advertising Agencies,26.02,2.91,-5.04,17.6,-0.3,,-20382.11,1.18,-11.35,23.807,21.74,31,19
CRNX,Healthcare,Biotechnology,35.48,-0.18,-0.18,0.09,-0.31,,-20382.16,-4.1,102.2,0.016,,31,92
GLPI,Real Estate,REIT - Specialty,47.17,-0.09,-0.32,0.18,-0.4,,-20382.16,2.6,-2.14,5.689,17.93,31,48
CABA,Healthcare,Biotechnology,2.18,-0.03,-0.09,-0.05,-0.3,,-20382.16,-2.71,-7.3,,,31,30
CHD,Consumer Defensive,Household & Personal Products,92.07,-0.15,0.17,3.48,-0.28,,-20382.25,2.12,-5.65,24.754,42.62,31,37
EOSE,Industrials,Electrical Equipment & Parts,9.0,-3.5,2.61,1.62,-3.2,2.83,-20382.31,-4.73,1087.74,0.15,,31,95
INMB,Healthcare,Biotechnology,1.97,-1.44,0.2,0.17,-1.1,0.42,-20382.4,-2.49,-123.06,0.002,,31,5
CDNS,Technology,Software - Application,364.88,-0.71,-0.24,0.44,-0.44,,-20382.41,3.7,11.47,18.718,100.91,30,77
LSTR,Industrials,Integrated Freight & Logistics,126.73,0.41,-0.54,-0.08,-0.23,,-20382.52,4.77,-11.94,136.403,26.14,30,18
LEA,Consumer Cyclical,Auto Parts,107.35,1.06,-0.09,-0.47,-0.47,,-20382.88,7.07,-66.54,419.869,14.9,30,6
JSPR,Healthcare,Biotechnology,2.59,-0.23,0.15,-0.31,-0.79,,-20382.97,-6.05,-7.3,,,30,30
CCCC,Healthcare,Biotechnology,3.32,0.0,0.32,-0.4,-0.42,,-20383.19,-1.59,-67.32,0.486,,30,6
KBH,Consumer Cyclical,Residential Construction,65.01,0.01,-0.7,0.23,-0.44,,-20383.33,7.54,-12.82,92.386,8.48,30,17
FBIN,Industrials,Building Products & Equipment,57.5,0.97,-1.01,-0.29,-0.28,,-20383.37,3.17,-9.79,36.642,17.59,30,22
CCI,Real Estate,REIT - Specialty,92.96,2.6,9.25,-16.67,0.16,,-20383.4,-9.0,-9.83,14.886,,30,22
AUBN,Financial Services,Banks - Regional,26.75,0.18,-0.02,-0.11,0.04,,-20383.41,1.9,-1.75,9.001,13.8,30,49
CODA,Industrials,Aerospace & Defense,8.26,0.37,0.0,-0.19,0.0,-0.62,-20383.57,0.3,11.4,2.17,27.63,30,77
BRKR,Healthcare,Medical Devices,33.27,-1.2,0.22,-2.0,0.0,,-20383.73,0.52,-3.61,22.702,63.79,30,42
BWA,Consumer Cyclical,Auto Parts,44.44,0.42,3.57,-2.78,-0.31,,-20384.16,1.06,-4.58,64.305,41.72,30,39
CIVI,Energy,Oil & Gas E&P,31.91,-0.49,0.27,-0.92,-0.62,,-20384.49,7.89,15.08,50.487,3.9,30,81
ENTG,Technology,Semiconductor Equipment & Materials,95.97,-0.2,-0.62,0.33,-0.29,,-20384.74,1.95,-4.41,21.296,47.86,30,40
HDB,Financial Services,Banks - Regional,35.62,-0.16,0.07,0.03,-0.02,-0.88,-20384.93,1.49,15.98,107.4138,23.79,30,81
LOB,Financial Services,Banks - Regional,37.25,1.43,-0.05,-0.27,-0.18,,-20384.93,1.21,4.02,8.952,30.68,30,66
LAND,Real Estate,REIT - Specialty,9.37,-2.52,4.56,4.56,-1.0,0.19,-20385.09,-0.44,-54.5,2.015,,30,7
HYFT,Healthcare,Biotechnology,1.88,4.21,0.81,-6.33,1.14,-1.92,-20385.19,-0.61,14.06,0.661,,30,80
KIM,Real Estate,REIT - Retail,22.17,0.28,-0.28,0.21,0.35,,-20385.23,0.82,0.92,3.107,26.76,30,57
IMKTA,Consumer Defensive,Grocery Stores,70.62,0.74,-0.1,12.12,-0.21,,-20385.45,2.98,-8.19,282.354,23.3,30,24
CNET,Communication Services,Advertising Agencies,2.08,-0.17,1.8,0.64,-1.45,0.91,-20385.54,-1.81,-739.65,3.448,,30,4
EGBN,Financial Services,Banks - Regional,21.42,-39.33,-7.5,-0.41,0.21,,-20385.59,-1.02,-11.51,3.86,,30,19
DYN,Healthcare,Biotechnology,13.92,0.08,-0.19,0.09,-0.39,,-20385.71,-3.88,-7.3,,,30,30
GEV,Industrials,Specialty Industrial Machinery,611.0,1.05,-0.9,6.0,-1.5,,-20385.83,4.12,0.72,133.145,151.5,30,57
LQDA,Healthcare,Biotechnology,24.67,-0.09,-0.2,-0.25,-0.32,-0.12,-20385.86,-1.82,88.02,0.232,,29,92
BILL,Technology,Software - Application,52.59,0.57,-4.0,3.12,-2.0,,-20385.88,-0.07,11.52,14.122,,29,78
LEU,Energy,Uranium,262.65,0.02,-1.01,11.7,-0.16,,-20385.9,6.18,-17.13,25.763,47.65,29,14
BOF,Consumer Defensive,Packaged Foods,2.31,-0.55,0.36,0.27,0.29,1.36,-20386.1,-0.62,123.3,1.241,,29,93
EBAY,Consumer Cyclical,Internet Retail,89.6,-0.35,-0.32,0.09,0.78,,-20386.47,4.5,-3.37,22.089,20.25,29,43
MRTN,Industrials,Trucking,11.28,0.8,-0.4,0.4,-0.11,,-20386.56,0.25,-11.96,11.303,44.28,29,18
GEN,Technology,Software - Infrastructure,28.86,-0.05,-0.13,0.0,-0.32,,-20386.93,0.96,16.95,6.862,30.2,29,82
HUM,Healthcare,Healthcare Plans,264.86,-1.28,2.79,-2.44,-0.25,,-20387.32,13.06,3.24,1021.524,19.35,29,64
BZFD,Communication Services,Internet Content & Information,1.92,0.18,-2.3,-2.67,-0.56,,-20387.43,-0.64,-7.69,5.086,,29,25
CSTL,Healthcare,Diagnostics & Research,23.46,6.62,-3.65,3.25,-1.0,,-20387.55,-0.34,9.53,12.204,,29,75
FROG,Technology,Software - Application,50.01,-0.19,0.31,0.0,-0.46,,-20387.55,-0.77,17.55,4.206,,29,82
E,Energy,Oil & Gas Integrated,35.07,-1.25,4.14,-1.29,-0.25,,-20387.56,1.75,-14.87,56.202,19.85,29,16
ETNB,Healthcare,Biotechnology,14.96,-0.45,1.08,0.36,-0.48,,-20387.58,-3.69,-7.3,,,29,30
CRVS,Healthcare,Biotechnology,6.12,-3.1,2.17,2.33,-0.43,,-20387.7,-1.1,-7.3,,,29,30
GXO,Industrials,Integrated Freight & Logistics,51.11,4.52,-2.04,2.0,-0.39,,-20387.84,0.51,8.86,107.317,97.37,29,74
GEF,Consumer Cyclical,Packaging & Containers,60.45,0.34,4.47,-6.27,-0.37,,-20387.87,2.42,-9.41,114.641,24.64,29,22
BMNR,Financial Services,Capital Markets,59.96,0.94,1.67,-0.72,-0.19,-0.5,-20388.04,-3.03,115.01,2.41,,29,93
BFS,Real Estate,REIT - Retail,32.36,0.14,0.32,-1.18,-0.45,,-20388.1,1.32,-0.08,11.5,24.05,29,54
BSBR,Financial Services,Banks - Regional,5.52,-0.61,-0.09,-0.08,-0.88,0.02,-20388.15,0.28,-18.46,13.31,19.68,29,13
BCG,Financial Services,Asset Management,1.78,-2.5,13.0,13.0,0.0,3.33,-20388.22,-0.12,-6.45,10.475,,29,34
LVO,Communication Services,Entertainment,0.5231,1.0,-0.33,-2.0,-1.0,,-20388.48,-0.23,-55.68,1.051,,29,7
FDMT,Healthcare,Biotechnology,7.1,-0.14,-0.04,-0.04,-0.56,-0.3,-20388.69,-3.53,-6076.45,0.001,,29,4
KNF,Basic Materials,Building Materials,76.3,2.36,-3.95,-5.39,-0.55,,-20388.8,2.7,-1.99,52.09,28.0,29,48
KYTX,Healthcare,Biotechnology,5.01,0.06,-0.13,-0.14,-0.45,0.09,-20388.85,-3.68,-7805555555555561.0,,,29,2
FAF,Financial Services,Insurance - Specialty,67.31,0.96,0.03,2.43,0.27,,-20388.92,1.82,-2.93,62.824,36.46,28,45
LPTH,Technology,Electronic Components,6.33,-0.29,-0.75,0.37,-0.29,-0.4,-20388.92,-0.25,3.2,0.843,,28,64
CCEC,Industrials,Marine Shipping,21.1,-1.65,-0.29,5.24,-0.22,,-20388.96,0.88,19.88,7.319,25.06,28,83
MMM,Industrials,Conglomerates,155.4,-0.52,0.53,-0.86,-0.53,,-20389.1,7.2,-11.08,45.233,21.75,28,19
BXSL,Financial Services,Asset Management,28.08,0.03,-0.14,0.0,-0.49,,-20389.2,2.81,-15.81,6.387,9.86,28,15
BFRG,Healthcare,Health Information Services,1.35,0.4,0.02,0.02,0.33,0.24,-20389.47,-0.75,160602222222276.03,0.004,,28,96
ELVN,Healthcare,Biotechnology,19.925,0.16,-0.24,0.04,-0.2,,-20389.66,-1.99,-7.3,,,28,30
LZB,Consumer Cyclical,"Furnishings, Fixtures & Appliances",34.18,0.22,-0.92,-0.04,-0.41,,-20389.94,2.18,-9.09,50.935,15.46,28,23
EOLS,Healthcare,Drug Manufacturers - Specialty & Generic,6.42,0.11,-1.73,1.73,-0.5,,-20389.96,-0.97,8.15,4.364,,28,73
IDYA,Healthcare,Biotechnology,26.22,-0.07,0.82,-1.48,-0.29,,-20390.14,-3.84,-37.26,0.08,,28,8
CWD,Financial Services,Asset Management,7.59,-0.16,1.84,-52.0,0.06,,-20390.22,-18.13,-27.36,27.786,,28,10
GPK,Consumer Cyclical,Packaging & Containers,19.96,-0.2,-0.1,-0.2,-0.77,,-20390.26,1.77,-5.55,28.64,11.02,28,37
GENI,Communication Services,Internet Content & Information,12.58,-6.0,3.0,-3.4,-1.33,,-20390.29,-0.31,17.24,2.325,,28,82
ICL,Basic Materials,Agricultural Inputs,6.12,0.0,0.17,-0.5,-0.29,,-20390.32,0.29,-4.15,5.388,21.17,28,41
BCYC,Healthcare,Biotechnology,7.16,-0.3,-0.17,-0.01,-0.48,,-20390.42,-3.52,-138.7,0.279,,28,5
EYPT,Healthcare,Biotechnology,13.76,-0.31,-0.02,-0.19,-0.47,,-20390.65,-2.69,-57.23,0.802,,28,6
KEY,Financial Services,Banks - Regional,19.13,0.03,2.21,0.68,0.4,,-20390.74,-0.08,0.43,4.59,,28,56
DARE,Healthcare,Biotechnology,2.08,0.11,0.05,0.05,-4.4,0.62,-20390.76,-2.16,1.111111111110776e+16,-0.002,,28,98
HLIO,Industrials,Specialty Industrial Machinery,55.61,0.55,0.57,-1.43,-0.21,,-20390.92,1.04,-10.49,23.519,52.26,28,20
HAFN,Industrials,Marine Shipping,6.28,0.15,-0.23,-1.62,-2.4,,-20391.25,0.84,-20.23,4.665,7.2,28,12
CGEM,Healthcare,Biotechnology,6.34,-0.45,-0.01,-0.06,-0.57,,-20391.33,-3.16,-2.1047777777777784e+16,,,28,2
LOVE,Consumer Cyclical,"Furnishings, Fixtures & Appliances",18.26,0.62,-4.16,8.22,-0.18,,-20391.7,0.71,-1.7,45.793,25.15,28,49
CDNA,Healthcare,Diagnostics & Research,14.77,0.19,-9.53,12.57,-0.78,,-20391.91,1.05,-10.18,6.289,13.9,28,21
LSPD,Technology,Software - Application,12.6,9.83,-21.29,0.12,-0.52,,-20391.93,-4.46,10.89,7.428,,28,77
ETSY,Consumer Cyclical,Internet Retail,64.85,2.75,-3.39,1.34,-0.64,,-20392.01,1.24,-2.58,26.078,52.41,28,46
KIDS,Healthcare,Medical Devices,20.11,0.53,0.5,-1.03,-0.15,,-20392.06,-1.8,12.48,9.49,,28,79
AVTR,Healthcare,Medical Instruments & Supplies,12.86,0.0,-7.22,8.25,-0.56,,-20392.57,1.01,-9.05,9.79,12.38,27,23
BLMN,Consumer Cyclical,Restaurants,6.81,-0.67,2.88,-12.75,-0.1,,-20393.19,0.89,-7.54,46.303,7.67,27,26
BBY,Consumer Cyclical,Specialty Retail,73.73,-0.08,-0.17,-0.14,-0.53,-0.2,-20393.93,3.63,-8.78,195.25,19.9,27,23
MBBC,Financial Services,Banks - Regional,10.3496,1.33,-2.0,2.22,5.43,-3.33,-20394.41,0.3,-3.47,3.238,34.93,27,43
HTBK,Financial Services,Banks - Regional,10.42,-0.9,0.12,0.0,-0.5,,-20394.42,0.63,3.78,2.933,16.25,27,65
DINO,Energy,Oil & Gas Refining & Marketing,53.11,56.0,56.0,-1.85,0.39,,-20394.58,-0.4,-9.83,142.373,,27,22
JEF,Financial Services,Capital Markets,70.36,-0.46,-0.15,-0.13,-0.61,-0.13,-20394.78,2.59,-2.85,32.014,26.83,27,45
DDI,Communication Services,Electronic Gaming & Multimedia,9.46,-0.09,-0.49,0.42,-0.51,,-20394.93,2.15,-10.72,6.725,4.4,27,20
CURR,,,1.68,0.3,0.0,0.0,-0.22,-0.46,-20395.49,,-27.33,,,27,10
HOFT,Consumer Cyclical,"Furnishings, Fixtures & Appliances",10.87,-0.07,0.17,0.15,-0.63,0.34,-20395.9,-1.22,-22.84,35.619,,27,11
BBNX,Healthcare,Medical Devices,23.05,1.38,-1.2,-0.11,-0.16,-1.28,-20396.09,-1.69,1203.0,3.566,,27,95
COGT,Healthcare,Biotechnology,12.72,-0.02,-0.03,0.04,-0.5,,-20396.32,-2.08,-7.3,,,27,30
EMN,Basic Materials,Specialty Chemicals,66.46,-0.3,-0.8,0.84,-0.61,,-20396.36,7.11,-10.85,80.363,9.16,27,20
GOOS,Consumer Cyclical,Apparel Manufacturing,13.85,-5.61,-4.14,23.0,-0.61,,-20396.47,0.35,9.99,14.131,39.11,27,76
BBCP,Industrials,Engineering & Construction,7.3,8.0,5.0,-3.83,-0.86,,-20396.84,0.16,-7.41,7.506,45.31,27,26
EVGO,Consumer Cyclical,Specialty Retail,4.65,-0.11,0.22,0.0,0.0,,-20396.88,-0.4,68.59,2.56,,27,91
FRST,Financial Services,Banks - Regional,11.13,2.09,6.36,-12.8,0.06,,-20397.11,0.11,-3.09,5.164,98.0,27,44
BKSY,Industrials,Specialty Business Services,19.43,-2.02,1.4,-0.53,-1.44,,-20397.13,-2.98,0.51,3.704,,27,56
JOBY,Industrials,Airports & Air Services,14.63,-2.73,0.45,0.31,-1.28,0.27,-20397.47,-1.07,1146666666666528.2,0.0,,27,96
MFIC,Financial Services,Asset Management,12.29,-0.68,0.02,0.02,-0.84,-0.22,-20397.51,1.05,-24.38,3.521,11.78,27,10
BAER,Industrials,Security & Protection Services,1.86,2.42,-0.14,-2.08,1.75,,-20397.73,-0.45,80.52,2.366,,27,92
CVX,Energy,Oil & Gas Integrated,158.84,-0.39,0.09,-0.35,-0.68,,-20398.08,7.76,-11.78,107.606,20.13,27,18
FYBR,Communication Services,Telecom Services,37.33,-0.88,0.81,-0.42,0.0,,-20398.64,-1.56,-5.5,24.228,,27,37
MDXG,Healthcare,Biotechnology,7.15,0.4,0.0,0.0,-0.71,,-20398.88,0.21,5.77,2.471,33.43,27,69
COMM,Technology,Communication Equipment,16.54,-49.71,72.0,3.6,-0.86,,-20398.9,0.27,8.12,21.942,60.93,26,73
EPC,Consumer Defensive,Household & Personal Products,20.89,0.03,16.0,-5.5,-0.6,,-20399.01,1.35,-8.62,45.724,15.05,26,24
BMY,Healthcare,Drug Manufacturers - General,45.6,-0.89,29.25,-14.0,-0.3,,-20399.1,2.49,-7.0,23.488,18.08,26,33
KRRO,Healthcare,Biotechnology,33.22,-0.1,-0.05,-0.05,-0.13,-0.02,-20399.86,-9.74,1.225666666666666e+16,0.671,,26,98
GUTS,Healthcare,Biotechnology,0.988,-0.15,0.07,-0.08,-0.55,,-20400.15,-2.1,-153333333333343.9,0.0,,26,3
MDWD,Healthcare,Biotechnology,17.25,-16.57,4.14,1.72,-0.81,,-20400.25,-2.6,-1.26,1.849,,26,50
BLNK,Industrials,Engineering & Construction,1.42,-0.55,2.65,0.18,-0.55,,-20400.36,-2.1,15.6,1.028,,26,81
INDI,Technology,Semiconductor Equipment & Materials,3.79,-0.11,0.0,0.56,-0.82,,-20400.47,-0.84,17.02,1.158,,26,82
FRHC,Financial Services,Financial Conglomerates,166.43,-0.79,-0.44,-0.46,-0.14,-0.22,-20400.51,1.32,20.99,26.782,128.7,26,84
IIPR,Real Estate,REIT - Industrial,58.26,-0.21,-0.31,0.0,-0.67,,-20400.63,4.63,-19.57,10.217,12.4,26,13
COLL,Healthcare,Drug Manufacturers - Specialty & Generic,36.16,3.75,-3.87,0.34,-0.58,,-20400.68,1.06,23.54,22.104,33.73,26,85
LCII,Consumer Cyclical,Recreational Vehicles,99.14,0.18,4.24,-2.78,-0.05,,-20400.99,5.98,-6.45,152.279,16.29,26,34
BRFH,Consumer Defensive,Beverages - Non-Alcoholic,3.84,-0.2,-0.25,-0.33,0.17,-0.67,-20401.15,-0.19,6.24,0.722,,26,70
LOT,Consumer Cyclical,Auto Manufacturers,2.015,0.0,1.36,-1.2,0.07,0.68,-20401.43,-1.44,739.85,1.117,,26,95
DSGN,Healthcare,Biotechnology,6.25,-0.1,-0.29,-0.04,-0.62,,-20401.48,-1.12,-7.3,,,26,30
KOP,Basic Materials,Specialty Chemicals,29.35,2.22,-0.36,-3.24,-0.55,,-20401.82,0.75,-12.37,98.502,38.67,26,18
MOV,Consumer Cyclical,Luxury Goods,20.01,1.11,-4.69,0.59,-0.24,,-20401.86,0.77,-6.59,29.443,25.31,26,34
JRVR,Financial Services,Insurance - Specialty,5.37,-1.83,14.41,-1.07,-1.17,,-20401.88,-3.2,-10.58,15.566,,26,20
CLDX,Healthcare,Biotechnology,25.92,-0.05,-0.14,-0.11,-0.57,,-20401.99,-3.01,-158.02,0.087,,26,5
AWRE,Technology,Software - Application,2.75,0.0,-0.33,0.0,-0.6,,-20402.0,-0.27,-14.19,0.76,,26,16
ETD,Consumer Cyclical,"Furnishings, Fixtures & Appliances",29.81,0.28,-0.56,0.02,-0.51,,-20402.05,2.01,-14.18,24.053,14.56,26,16
BHB,Financial Services,Banks - Regional,32.66,-0.67,-0.07,-0.11,-0.67,,-20402.31,2.57,-11.53,9.615,12.12,26,19
CMPR,Industrials,Specialty Business Services,62.9,0.0,-8.42,5.9,-0.02,-1.2,-20402.56,0.58,-2.47,136.539,107.43,26,47
CNNE,Consumer Cyclical,Restaurants,19.54,-1.17,-1.45,-2.36,-0.58,,-20402.64,-5.69,-17.38,7.063,,26,13
IHT,Real Estate,REIT - Hotel & Motel,1.88,1.0,0.5,0.33,1.0,,-20402.74,-0.15,-8.58,0.851,,26,24
LADR,Real Estate,REIT - Mortgage,11.37,0.56,-1.78,0.14,-0.86,,-20402.85,0.7,-20.85,1.94,16.21,25,12
DHC,Real Estate,REIT - Healthcare Facilities,4.49,-8.5,4.62,0.82,0.08,8.0,-20403.0,-1.2,-4.36,6.347,,25,40
GLSI,Healthcare,Biotechnology,11.54,-0.2,-0.11,-0.12,-0.5,-0.32,-20403.57,-1.37,-7.3,,,25,30
CAPR,Healthcare,Biotechnology,6.4,-0.08,-2.31,1.37,-0.63,,-20403.76,-1.59,-2.647625333333314e+16,0.317,,25,2
COYA,Healthcare,Biotechnology,5.74,0.22,-0.26,-0.35,-0.89,-0.26,-20403.78,-1.24,6669117777776434.0,0.026,,25,97
BNL,Real Estate,REIT - Diversified,18.55,0.22,-0.56,-0.36,-0.73,,-20403.85,0.52,-2.32,2.355,35.25,25,47
FENG,Communication Services,Internet Content & Information,2.66,1.5,-4.0,2.0,-1.0,,-20403.88,-0.74,-4.62,60.342,,25,39
LUV,Industrials,Airlines,32.27,2.54,-2.69,3.0,-0.52,,-20404.11,0.64,-0.67,47.406,50.81,25,52
BLDR,Industrials,Building Products & Equipment,128.93,0.96,-0.95,-0.48,-0.73,,-20404.14,6.6,-13.35,140.011,18.81,25,17
HURN,Industrials,Consulting Services,143.68,-0.23,-0.39,0.25,-0.87,,-20404.3,5.73,4.28,88.159,24.75,25,66
FIP,Industrials,Conglomerates,4.89,-2.3,2.31,-1.76,-0.4,,-20404.35,-1.45,40.15,3.38,,25,89
CXT,Industrials,Specialty Industrial Machinery,57.62,0.13,-1.65,0.23,-0.7,,-20404.46,2.61,-0.08,26.876,21.64,25,54
DHR,Healthcare,Diagnostics & Research,195.27,-0.73,-0.13,0.33,-0.6,,-20404.93,4.72,-5.52,33.368,40.95,25,37
CTNM,Healthcare,Biotechnology,12.4,0.0,-0.11,-0.4,-0.59,,-20405.03,-2.07,-7.3,,,25,30
KYMR,Healthcare,Biotechnology,51.16,-0.16,0.07,-0.07,-0.64,,-20405.46,-3.49,-95.72,0.564,,25,5
CNXC,Technology,Information Technology Services,57.1,-0.65,-0.65,5.88,-0.56,,-20405.59,3.65,0.55,150.179,15.61,25,56
CRSP,Healthcare,Biotechnology,62.94,-0.52,-2.59,1.3,-0.61,,-20405.79,-5.4,-13953.64,0.443,,25,4
CVR,Industrials,Tools & Accessories,10.9,-2.02,2.29,1.78,-3.73,2.71,-20405.89,-5.22,-16.98,26.516,,25,14
DMLP,Energy,Oil & Gas E&P,25.63,-0.44,-0.71,-0.41,-1.28,-0.22,-20406.0,1.73,-9.24,3.553,14.62,25,23
KMT,Industrials,Tools & Accessories,21.28,-0.46,0.78,-0.22,-0.68,,-20406.3,1.2,-11.03,25.456,17.49,25,20
CELC,Healthcare,Biotechnology,55.03,-0.21,-0.01,-0.21,-0.68,,-20406.41,-3.47,-7.3,,,25,30
AVNW,Technology,Communication Equipment,24.21,0.0,-0.25,3.69,1.33,-0.11,-20406.52,0.1,-2.14,34.272,237.6,25,48
CODX,Healthcare,Medical Devices,0.43,0.04,0.17,0.14,0.09,0.29,-20407.03,-1.15,-1101.47,0.032,,25,4
IOSP,Basic Materials,Specialty Chemicals,82.09,-0.39,3.15,-3.1,-0.33,,-20407.53,0.77,-3.69,71.772,103.31,25,42
FLL,Consumer Cyclical,Resorts & Casinos,3.49,-0.07,0.3,-0.46,-0.16,,-20407.63,-1.15,0.76,8.358,,25,57
ICCC,Healthcare,Biotechnology,5.66,-1.67,1.67,2.5,4.33,,-20407.84,0.21,9.17,3.22,28.38,24,75
DIN,Consumer Cyclical,Restaurants,23.84,0.68,0.56,-2.65,-0.69,,-20408.07,2.99,-0.52,56.723,7.7,24,53
CATX,Healthcare,Medical Devices,3.29,-0.16,-0.09,-0.1,-0.61,0.0,-20409.02,-1.37,-1.1994444444444452e+16,0.017,,24,2
MRC,Energy,Oil & Gas Equipment & Services,14.61,2.73,0.54,-2.48,-0.87,,-20409.09,0.23,-5.87,34.465,61.96,24,36
ESCA,Consumer Cyclical,Leisure,12.965,-0.46,-0.05,-1.05,-0.62,,-20409.1,0.92,-19.91,17.498,13.63,24,12
INCY,Healthcare,Biotechnology,86.0,1.55,-0.27,0.89,2.02,,-20409.47,4.23,7.81,23.711,20.46,24,72
DAIO,Technology,Electronic Components,3.3,-1.0,2.25,-3.33,0.12,,-20409.59,-0.28,2.18,2.457,,24,61
DENN,Consumer Cyclical,Restaurants,5.2,4.0,-12.0,0.08,-0.4,,-20409.99,0.3,-4.78,8.738,16.73,24,39
CLLS,Healthcare,Biotechnology,3.17,0.0,0.14,0.12,0.56,-3.25,-20410.18,-0.59,945.74,0.633,,24,95
BCAX,Healthcare,Biotechnology,11.06,0.36,-0.74,3.1,-0.52,,-20410.25,-4.66,-7.3,,,24,30
GES,Consumer Cyclical,Apparel Retail,16.74,6.42,-0.17,-0.21,2.75,-3.71,-20410.26,0.2,-1.97,60.438,83.85,24,48
INSW,Energy,Oil & Gas Midstream,48.82,0.25,0.37,-1.53,-1.34,,-20410.58,4.8,-2.95,16.191,9.92,24,45
CBLL,Healthcare,Medical Devices,12.56,-0.06,0.11,-0.31,-0.45,,-20411.72,-3.61,38.17,2.842,,24,88
BNTX,Healthcare,Biotechnology,96.31,0.08,-2.6,0.32,1.1,,-20412.8,-1.69,14.46,11.961,,24,80
CLAR,Consumer Cyclical,Leisure,3.88,-0.57,11.21,-20.37,-0.57,,-20412.95,-2.36,-8.78,6.625,,24,23
CWST,Industrials,Waste Management,88.46,2.0,-2.0,-0.25,-0.5,,-20413.31,0.19,15.14,27.654,456.26,24,81
FATBB,Consumer Cyclical,Restaurants,2.51,-0.16,0.49,-0.48,-0.3,,-20414.56,-12.71,21.35,33.182,,24,84
FAT,Consumer Cyclical,Restaurants,1.93,-0.16,0.49,-0.48,-0.3,,-20414.56,-12.71,21.35,33.182,,24,84
CVS,Healthcare,Healthcare Plans,74.42,-0.74,0.08,17.71,-0.74,,-20414.56,3.59,1.15,304.54,20.87,24,58
BALY,Consumer Cyclical,Resorts & Casinos,10.58,0.18,0.15,-3.11,-0.04,0.15,-20414.6,-10.9,5.71,46.054,,24,69
BLTE,Healthcare,Biotechnology,73.25,-0.11,-0.41,-0.14,-0.61,,-20415.28,-1.55,-7.3,,,24,30
FARM,Consumer Defensive,Packaged Foods,1.86,0.05,-24.0,25.0,-0.63,-6.67,-20415.68,-0.68,-5.75,15.999,,24,36
FCEL,Industrials,Electrical Equipment & Parts,8.33,-1.11,-0.26,0.56,-0.9,,-20415.68,-9.49,65.51,7.11,,24,91
EC,Energy,Oil & Gas Integrated,9.01,-0.73,-0.25,0.07,-0.86,,-20416.22,1.41,-7.85,31722.81,6.3,24,25
ESI,Basic Materials,Specialty Chemicals,26.99,-1.0,0.74,0.35,-0.95,,-20416.84,0.99,-5.69,10.273,26.78,23,37
BCC,Basic Materials,Lumber & Wood Production,81.52,0.55,-0.69,-0.31,-0.74,,-20416.87,6.82,-11.57,171.424,11.65,23,19
LEXX,Healthcare,Biotechnology,1.22,-0.4,0.07,-0.1,-0.62,-1.5,-20416.9,-0.68,45.11,0.036,,23,89
FANG,Energy,Oil & Gas E&P,140.64,-1.03,0.32,0.15,-0.96,,-20417.08,13.8,31.04,49.708,10.12,23,87
FURY,Basic Materials,Other Industrial Metals & Mining,0.68,1.0,0.25,0.2,1.0,-1.0,-20417.16,-0.53,-7.3,,,23,30
HOG,Consumer Cyclical,Recreational Vehicles,29.75,-0.2,2.15,-2.01,-0.84,,-20417.35,2.05,-23.57,35.674,13.81,23,11
HLLY,Consumer Cyclical,Auto Parts,3.41,3.5,17.0,-5.4,-0.56,,-20418.53,-0.27,-10.05,4.996,,23,21
LEN,Consumer Cyclical,Residential Construction,132.87,-0.08,-1.07,-0.05,-0.91,,-20418.72,10.11,-7.13,132.964,12.59,23,33
BRFS,Consumer Defensive,Packaged Foods,4.06,-0.52,0.3,-0.15,-0.29,,-20419.34,0.41,-1.84,39.338,9.32,23,49
FTHM,Real Estate,Real Estate Services,2.4,0.85,0.21,0.38,-0.86,,-20420.05,-1.06,19.14,16.784,,23,83
CTOR,Healthcare,Drug Manufacturers - Specialty & Generic,1.75,0.37,-0.22,-0.15,-0.19,-0.62,-20420.06,-0.39,-7.3,,,23,30
JHX,Basic Materials,Building Materials,19.29,-0.6,-0.37,0.74,-1.4,-0.44,-20420.19,0.77,-13.32,8.803,25.03,23,17
DLTH,Consumer Cyclical,Apparel Retail,4.16,12.25,-1.65,4.0,2.5,,-20421.1,-1.42,-13.55,17.841,,23,17
LCTX,Healthcare,Biotechnology,1.55,-5.5,0.0,0.0,-3.33,1.0,-20421.44,-0.17,81.31,0.049,,23,92
MSB,Basic Materials,Steel,30.42,0.31,-10.28,-0.91,-0.14,0.04,-20422.08,7.07,-88.32,1.906,4.37,23,5
INR,Energy,Oil & Gas E&P,13.6,2.92,-4.45,-2.68,-0.54,-1.14,-20422.38,1.49,8.7,19.557,8.64,23,74
CDLX,Communication Services,Advertising Agencies,2.755,0.44,0.19,8.35,-1.0,,-20422.47,-3.72,-13.56,5.176,,23,17
MDCX,Healthcare,Drug Manufacturers - General,2.43,-0.02,-0.15,-0.18,0.02,-1.0,-20422.63,-1.31,-7.3,,,23,30
HVT,Consumer Cyclical,Home Improvement Retail,23.76,-0.41,-1.08,0.67,-0.59,,-20423.79,1.17,-10.56,44.391,19.37,23,20
LGIH,Consumer Cyclical,Residential Construction,57.74,7.0,-11.71,-0.37,-0.83,,-20423.83,6.62,-27.83,87.344,8.54,23,9
GLDG,Basic Materials,Gold,1.15,1.0,0.75,0.43,2.0,-1.0,-20425.25,-0.09,-7.3,,,23,30
GIPR,Real Estate,REIT - Diversified,1.19,-0.62,-9.0,10.0,-0.93,,-20425.36,-1.9,9.62,1.822,,23,75
GTIM,Consumer Cyclical,Restaurants,1.62,3.33,-4.0,0.0,0.17,,-20425.81,0.12,-7.36,13.452,13.17,23,26
FVR,Real Estate,REIT - Diversified,13.59,-1.67,2.17,-0.17,-0.1,,-20426.35,-1.38,13.46,3.125,,23,80
MNR,Energy,Oil & Gas E&P,13.54,4.43,-2.0,-0.67,0.81,-2.14,-20426.99,1.97,22.07,8.643,6.64,23,85
DX,Real Estate,REIT - Mortgage,12.37,-1.33,-11.17,0.61,0.07,,-20427.05,0.84,-29.9,1.195,14.61,22,9
HRZN,Financial Services,Asset Management,6.71,0.06,-0.66,-2.6,-0.92,,-20427.08,-1.19,-72.77,2.477,,22,6
GNW,Financial Services,Insurance - Life,8.7,-0.08,13000000.0,-20000000.0,-0.42,,-20427.42,0.49,-8.23,17.21,18.43,22,24
INVX,Energy,Oil & Gas Equipment & Services,17.22,0.05,-4.33,-0.81,0.54,-4.15,-20427.95,2.1,51.46,12.605,8.26,22,90
GPCR,Healthcare,Biotechnology,23.23,-0.32,-0.27,-0.06,-0.98,,-20428.08,-3.15,-7.3,,,22,30
FRGE,Financial Services,Capital Markets,17.88,-0.04,-0.07,0.25,-0.19,,-20428.36,-5.03,1.21,7.322,,22,58
MLR,Consumer Cyclical,Auto Parts,40.96,0.06,-0.31,-0.47,-1.42,,-20428.37,3.63,-49.31,85.24,10.52,22,7
MREO,Healthcare,Biotechnology,1.77,0.0,0.0,0.0,0.0,-1.0,-20429.13,-0.3,-5.134795739946e+16,0.003,,22,1
FLYX,Industrials,Airlines,5.3,0.15,0.03,0.03,0.23,0.17,-20429.28,-0.95,9.31,12.452,,22,75
BC,Consumer Cyclical,Recreational Vehicles,65.43,1.87,5.0,-2.85,-0.66,,-20429.29,0.88,-8.51,76.878,71.99,22,24
EVTL,Industrials,Aerospace & Defense,5.19,-3.89,1.82,2.22,-3.89,4.36,-20429.47,-51.23,-146666666666673.97,,,22,3
CHCT,Real Estate,REIT - Healthcare Facilities,15.44,-17.67,-0.33,0.0,-0.19,,-20429.59,-0.39,-0.61,4.42,,22,53
CNH,Industrials,Farm & Heavy Construction Machinery,11.09,0.7,-0.4,-0.71,-1.0,,-20429.74,0.65,-18.17,14.461,16.88,22,13
GIII,Consumer Cyclical,Apparel Manufacturing,27.33,0.44,-5.17,-1.36,-1.08,,-20429.81,3.97,-9.04,71.688,6.63,22,23
HPE,Technology,Communication Equipment,25.24,4.9,-2.82,-1.27,-0.86,,-20430.24,0.85,5.94,25.081,29.4,22,70
KEYS,Technology,Scientific & Technical Instruments,177.21,-0.34,0.54,3.31,-1.01,,-20430.51,3.15,0.18,30.394,56.56,22,55
DNTH,Healthcare,Biotechnology,38.87,-0.07,-0.01,-0.09,-0.73,,-20431.72,-3.27,-547.68,0.137,,22,4
ICHR,Technology,Semiconductor Equipment & Materials,18.02,-1.15,-0.08,-0.5,-0.87,,-20431.84,-0.61,0.81,27.398,,22,57
CENX,Basic Materials,Aluminum,26.9,-7.0,-0.3,-0.23,-0.67,-7.4,-20432.05,1.2,0.7,26.122,22.97,22,57
CNL,Basic Materials,Gold,12.69,1.0,-0.42,-0.72,-0.22,-2.14,-20432.73,-0.47,-7.3,,,22,30
FORM,Technology,Semiconductor Equipment & Materials,36.04,0.5,-0.62,-0.85,-1.08,,-20432.83,0.57,-7.93,9.893,61.81,22,25
CGBD,Financial Services,Asset Management,13.49,-0.25,-0.24,-0.19,-0.75,-1.24,-20433.11,1.17,-30.68,4.137,11.56,22,9
INGN,Healthcare,Medical Devices,8.79,0.67,0.64,-0.64,0.6,,-20433.89,-1.06,-5.53,13.775,,22,37
HQI,Industrials,Staffing & Employment Services,10.06,-0.25,-0.6,2.0,-0.87,,-20435.01,0.19,-10.81,2.346,51.84,22,20
COHR,Technology,Scientific & Technical Instruments,108.05,-6.55,-5.18,12.5,-4.03,1.64,-20435.15,-0.52,11.32,37.544,,22,77
COO,Healthcare,Medical Instruments & Supplies,67.22,0.12,-0.19,-0.13,-0.06,,-20436.16,2.04,-0.12,20.279,33.42,21,54
KRNT,Industrials,Specialty Industrial Machinery,14.83,-0.55,-3.2,3.5,-0.7,,-20436.5,-0.25,-11.3,4.471,,21,19
COHU,Technology,Semiconductor Equipment & Materials,23.27,0.83,-0.43,-0.18,-0.06,,-20436.53,-1.86,-15.99,8.434,,21,14
JELD,Industrials,Building Products & Equipment,5.89,7.37,-1.61,0.09,-0.15,,-20436.76,-4.17,-21.65,40.428,,21,11
BHST,Consumer Defensive,Packaged Foods,8.54,-0.85,0.12,0.1,-5.0,2.69,-20437.06,-0.69,63.64,1.742,,21,91
BOWN,Financial Services,Shell Companies,9.2,2.94,-1.67,-2.5,1.78,-5.0,-20437.33,-0.22,-7.3,,,21,30
CXAI,Technology,Software - Application,0.7827,-1.0,1.5,0.6,1.12,3.25,-20438.23,-0.77,1.411666666666663e+16,0.327,,21,98
EQH,Financial Services,Asset Management,54.41,-2.08,-1.14,7.02,-2.02,,-20438.29,1.29,-32.5,44.981,42.04,21,9
BLFS,Healthcare,Medical Instruments & Supplies,26.28,-32.0,-28.0,7.75,0.52,,-20438.5,-0.4,6.62,1.991,,21,71
BIP,Utilities,Utilities - Diversified,31.07,-2.33,2.75,1.57,2.33,-1.5,-20439.25,0.05,3.88,46.643,618.2,21,66
CSL,Industrials,Building Products & Equipment,331.5,0.84,-0.12,-0.47,-1.53,,-20439.51,17.85,-3.76,112.274,18.94,21,42
JXN,Financial Services,Insurance - Life,99.58,5.87,-10.37,2.42,-0.47,,-20440.06,0.13,-254.36,77.388,775.31,21,4
HEPS,Consumer Cyclical,Internet Retail,2.85,-1.09,0.82,-1.08,-0.44,,-20440.43,-0.15,18.15,179.003,,21,83
LASE,Industrials,Specialty Industrial Machinery,4.71,0.0,0.04,0.04,-0.33,-1.0,-20440.53,-0.31,203.35,0.503,,21,94
BBBY,,,9.76,1.18,1.24,-0.25,1.74,,-20440.78,,-43.37,,,21,7
KKR,Financial Services,Asset Management,149.34,3.41,-6.77,0.87,-0.42,,-20440.95,2.11,9.34,24.104,70.58,21,75
ELTK,Technology,Electronic Components,10.3057,-2.0,15000000.0,-26000000.0,-1.2,,-20441.49,0.45,9.69,7.383,23.33,21,75
MG,Industrials,Security & Protection Services,9.83,2.0,-2.7,-0.24,-1.1,,-20441.54,0.37,-8.03,22.558,25.76,21,25
EXOZ,Healthcare,Biotechnology,13.77,-0.27,-0.04,-0.04,-0.67,-0.77,-20441.63,-0.92,-7.3,,,21,30
DBI,Consumer Cyclical,Footwear & Accessories,4.33,2.62,1.22,-4.4,-0.08,,-20442.51,-0.59,-10.9,59.13,,21,20
DV,Technology,Software - Application,12.78,4.0,-5.0,-0.83,0.25,-3.0,-20442.73,0.31,15.45,4.284,41.1,21,81
KGEI,Energy,Oil & Gas E&P,5.73,-1.0,0.0,0.14,-0.37,,-20443.29,0.54,-3.67,1.628,10.22,21,42
FSI,Basic Materials,Specialty Chemicals,10.11,9.0,-2.33,-2.33,0.6,-3.0,-20443.45,0.23,-0.51,2.977,43.43,21,53
LENZ,Healthcare,Biotechnology,41.69,0.0,-0.15,-0.21,-0.32,,-20443.63,-1.63,3.3333333333333324e+16,0.181,,21,98
BBWI,Consumer Cyclical,Specialty Retail,26.29,-0.63,-3.24,3.32,-1.25,,-20445.5,3.34,-7.15,34.444,7.51,20,33
AVBP,Healthcare,Biotechnology,18.58,1.11,-0.51,-1.06,-0.38,-1.71,-20445.9,-4.0,-7.3,,,20,30
GNE,Utilities,Utilities - Regulated Electric,15.18,-2.64,0.03,0.03,-2.27,0.33,-20445.96,0.41,5.35,17.223,36.24,20,69
GBR,Real Estate,Real Estate Services,1.09,1000000.0,0.0,0.0,0.0,-2.0,-20447.18,-0.01,5.47,0.029,,20,69
GCO,Consumer Cyclical,Apparel Retail,35.26,0.13,-0.07,-0.07,-0.97,0.1,-20447.2,-2.49,-5.12,223.589,,20,38
MLEC,Healthcare,Biotechnology,1.1945,-0.2,0.4,-0.75,-0.2,,-20447.48,-2.1,1508415000000712.0,,,20,97
EDUC,Communication Services,Publishing,1.47,0.23,-0.6,1.2,0.15,,-20447.68,-0.61,-63.13,3.714,,20,6
BRID,Consumer Defensive,Packaged Foods,7.9087,1.39,-2.58,0.33,0.11,-1.15,-20447.91,-0.8,-4.5,24.752,,20,39
HCAT,Healthcare,Health Information Services,3.02,-0.69,-0.06,-0.37,-1.57,,-20448.15,-1.51,-0.3,4.844,,20,53
EARN,Financial Services,Asset Management,5.73,-2.29,-4.0,6.25,-2.15,,-20448.22,0.28,-592.07,1.31,20.36,20,4
IRT,Real Estate,REIT - Residential,17.06,-0.33,4000000.0,-5000000.0,-0.67,,-20449.49,0.12,11.34,2.824,143.17,20,77
ISPR,Consumer Defensive,Tobacco,3.16,0.0,-0.36,-0.4,-0.81,-0.73,-20449.79,-0.69,-59.43,2.243,,20,6
BBIO,Healthcare,Biotechnology,53.33,-0.08,0.59,-0.63,-1.44,,-20450.06,-4.13,3499.49,1.243,,20,95
MBX,Healthcare,Biotechnology,10.07,0.22,-0.51,4.91,-0.17,,-20451.62,-6.24,-7.3,,,20,30
CCS,Real Estate,Real Estate - Development,67.47,-0.11,-1.57,0.24,-1.3,,-20451.82,8.2,-9.44,139.452,8.05,20,22
FUN,Consumer Cyclical,Leisure,22.81,1.22,0.2,-3.37,-2.1,,-20452.33,-4.86,44.03,31.654,,20,89
HXL,Industrials,Aerospace & Defense,62.5,-1.12,4.14,-6.0,-2.59,,-20453.26,1.08,-4.41,23.155,57.28,20,40
MMI,Real Estate,Real Estate Services,32.35,-1.55,-3.0,2.57,-1.0,,-20453.67,-0.32,-12.02,18.67,,20,18
GOSS,Healthcare,Biotechnology,3.08,-0.06,-0.07,-0.07,-2.29,,-20453.77,-0.61,1.2744555555555509e+17,0.177,,20,99
CRTO,Communication Services,Advertising Agencies,22.07,-0.75,-0.86,10.82,-0.22,,-20453.88,2.37,-7.48,35.971,9.25,20,26
MLTX,Healthcare,Biotechnology,54.16,-0.38,0.14,-0.29,-1.23,,-20454.22,-2.79,-7.3,,,20,30
IONQ,Technology,Computer Hardware,66.81,-4.0,0.36,0.26,-2.89,0.36,-20454.24,-2.06,116.56,0.23,,20,93
FLGT,Healthcare,Diagnostics & Research,22.49,-0.68,-0.95,1.53,-1.14,,-20454.31,-1.66,-16.79,9.905,,20,14
MBIN,Financial Services,Banks - Regional,33.0,-0.55,-1.0,0.59,-1.5,,-20454.81,4.54,6.41,13.055,7.1,20,70
BEN,Financial Services,Asset Management,24.4,-0.73,-0.12,2.53,-1.13,,-20455.07,0.51,-9.09,16.703,47.88,20,23
MGPI,Consumer Defensive,Beverages - Wineries & Distilleries,27.61,5.79,12.64,-2.79,-1.13,,-20455.96,-0.27,-26.63,28.179,,19,10
HIMX,Technology,Semiconductors,8.78,-0.21,-0.24,0.88,-0.81,,-20456.07,0.43,-21.69,5.09,19.77,19,11
GIFT,Communication Services,Internet Content & Information,1.07,0.22,0.23,0.19,2.33,0.18,-20456.57,-0.5,307.8,3.29,,19,94
DAWN,Healthcare,Biotechnology,7.21,0.21,-24.33,-24.33,-4.8,1.06,-20456.83,-0.89,1.4573444444444467e+17,1.853,,19,99
CRSR,Technology,Computer Hardware,8.69,-0.6,-11.0,57.0,0.75,,-20456.97,-0.8,2.9,13.399,,19,63
FISI,Financial Services,Banks - Regional,27.45,0.04,5.9,-5.73,-0.93,,-20457.84,-2.82,-21.65,5.697,,19,11
LNW,Consumer Cyclical,Gambling,88.22,0.15,-0.26,0.69,0.22,,-20460.6,3.95,-3.37,36.936,22.1,19,43
CARV,Financial Services,Banks - Regional,2.395,1.98,0.66,-1.66,0.95,-2.05,-20460.78,-2.44,-2.69,4.221,,19,46
CSTM,Basic Materials,Aluminum,16.36,-0.04,2.31,-16.22,-1.08,,-20461.15,0.23,-0.65,53.076,67.09,19,52
GRWG,Consumer Cyclical,Specialty Retail,1.72,1.0,1.44,-1.05,0.25,,-20461.26,-0.82,-38.28,2.764,,19,8
BBGI,Communication Services,Broadcasting,5.68,15.67,-0.28,0.99,1.22,,-20461.8,-5.14,-16.59,132.36,,19,14
MITT,Real Estate,REIT - Mortgage,7.85,-5.2,-0.45,-0.31,-1.5,-1.62,-20464.53,0.86,-36.26,2.822,9.08,19,8
MIAX,Financial Services,Capital Markets,38.86,0.0,-0.24,-0.31,-1.38,-3.4,-20464.77,0.02,12.96,19.838,1901.0,19,79
FEIM,Technology,Communication Equipment,30.82,-3.86,-3.71,4.71,-2.57,,-20465.88,2.28,-8.58,7.097,13.48,19,24
GILD,Healthcare,Drug Manufacturers - General,113.62,0.48,-0.35,0.43,0.22,,-20466.74,5.04,-5.48,23.155,22.64,19,37
BCTX,Healthcare,Biotechnology,9.08,0.42,0.42,-2.91,-2.02,3.57,-20466.79,-76.9,-7.3,,,19,30
GPRO,Technology,Consumer Electronics,2.54,2.0,-0.25,-3.8,2.1,,-20467.08,-0.67,-26.46,4.793,,19,10
DRVN,Consumer Cyclical,Auto & Truck Dealerships,16.89,6.25,48.75,-20.22,0.61,,-20467.11,-1.94,2.77,14.915,,19,63
COOK,Consumer Cyclical,"Furnishings, Fixtures & Appliances",1.35,-5.0,4.0,2.0,-2.0,,-20467.5,-0.27,-20.98,4.457,,19,12
MSBI,Financial Services,Banks - Regional,18.49,15.95,-1.61,-4.41,-1.41,,-20467.88,-6.8,-10.59,10.309,,19,20
FNWD,Financial Services,Banks - Regional,32.4,3.55,-0.14,-0.12,15.67,-18.82,-20469.78,1.24,2.97,14.954,25.81,19,63
BCE,Communication Services,Telecom Services,23.1,-0.08,3.0,3.0,0.07,0.55,-20470.93,0.33,-5.96,26.561,70.36,19,36
MRUS,Healthcare,Biotechnology,68.95,-0.59,0.02,0.02,-1.75,-1.37,-20471.74,-5.58,2.52,0.812,,19,62
ECDA,Consumer Cyclical,Auto Manufacturers,4.32,-0.37,0.0,0.0,-0.83,0.12,-20472.11,-14.4,10.94,28.18,,19,77
HR,Real Estate,REIT - Healthcare Facilities,18.08,-2.46,1.38,-0.19,-0.15,,-20472.77,-1.17,0.36,3.469,,19,56
EDAP,Healthcare,Medical Distribution,2.3325,0.27,-2.8,2.4,0.07,,-20472.91,-0.66,-1.7,1.683,,18,49
CIFR,Financial Services,Capital Markets,11.85,-0.09,0.68,0.41,-1.4,-2.18,-20474.36,-0.45,687.57,0.448,,18,95
CHWY,Consumer Cyclical,Internet Retail,38.42,0.0,1.5,5.0,-3.67,,-20474.96,0.36,0.95,29.946,106.92,18,58
BAND,Technology,Software - Infrastructure,18.08,-0.23,-1.17,-4.0,-2.07,,-20475.19,-0.34,0.29,26.567,,18,55
KOSS,Technology,Consumer Electronics,5.726,0.5,-4.0,6.0,-1.0,,-20475.75,-0.09,-7.24,1.348,,18,33
CSTE,Industrials,Building Products & Equipment,1.56,-0.46,-0.51,-1.04,-1.0,-1.47,-20477.97,-1.63,-24.09,11.755,,18,11
BRN,Energy,Oil & Gas E&P,1.17,-0.25,0.58,-0.23,-0.25,0.5,-20478.64,-0.76,-31.47,1.799,,18,9
CNR,Energy,Thermal Coal,77.2,0.97,-2.33,-2.11,-3.8,,-20478.66,2.2,84.02,80.949,34.55,18,92
KOS,Energy,Oil & Gas E&P,1.75,0.28,-22.0,-11.0,-2.38,,-20479.55,-0.34,-13.3,3.139,,18,17
INHD,Basic Materials,Steel,4.17,1.77,-2.77,0.66,0.7,-0.63,-20480.29,-2.71,7241666666666614.0,0.736,,18,97
DHX,Technology,Software - Application,2.96,9.5,-11.5,5.49,-2.0,,-20480.67,-0.21,-13.08,2.975,,18,17
JAKK,Consumer Cyclical,Leisure,18.32,0.0,2.95,-6.76,-3.33,,-20480.91,3.47,-22.35,61.876,5.19,18,11
MDAI,Healthcare,Medical Devices,2.21,-3.38,4.15,-4.12,-0.94,,-20481.13,-0.7,-29.08,1.275,,18,9
GPRE,Basic Materials,Chemicals,10.28,0.05,-0.33,-2.15,-1.87,,-20482.31,-2.32,-17.0,37.095,,18,14
EXFY,Technology,Software - Application,1.99,-2.33,-2.0,1.0,-2.33,,-20482.79,-0.17,-2.57,1.602,,18,46
CLCO,Energy,Oil & Gas Midstream,7.93,0.0,0.05,0.06,-1.87,-3.03,-20483.25,1.05,13.67,6.011,7.45,18,80
BWLP,Industrials,Marine Shipping,15.66,-0.3,-0.82,-0.45,-1.52,-2.6,-20484.18,1.52,20.5,24.76,10.09,18,84
HSY,Consumer Defensive,Confectioners,189.08,-2.69,-2.54,0.78,-1.98,,-20484.92,7.53,12.69,55.731,25.26,18,79
LMNR,Consumer Defensive,Farm Products,15.37,2.33,-0.11,-3.0,-7.0,-2.8,-20484.96,-0.54,-28.73,9.028,,18,9
BITF,Financial Services,Capital Markets,3.2,0.4,0.07,0.07,0.4,-2.5,-20486.58,-0.16,52.59,0.498,,18,90
GO,Consumer Defensive,Grocery Stores,16.97,5.8,-13.0,-11.5,-1.8,,-20486.91,0.08,-0.13,46.109,206.88,18,54
BEEM,Technology,Solar,3.04,2.71,-1.19,-6.28,0.21,-3.95,-20488.12,-1.52,-46.06,2.222,,18,7
DLPN,Communication Services,Advertising Agencies,1.24,0.62,1.4,0.58,0.31,-4.25,-20489.1,-1.36,12.47,4.597,,18,79
GLAD,Financial Services,Asset Management,23.57,-0.18,-2.1,0.16,-1.67,-1.79,-20490.46,3.39,-127.63,4.003,6.97,18,5
CBRL,Consumer Cyclical,Restaurants,45.8,-0.87,-0.79,3.55,-1.73,,-20491.32,2.06,-9.43,156.556,21.12,17,22
GHLD,Financial Services,Mortgage Finance,19.97,2.3,-5.08,2.46,-1.03,,-20491.67,0.42,-11.94,18.215,47.38,17,18
CLOV,Healthcare,Healthcare Plans,3.07,-2000000.0,4000000.0,-1.0,-3.0,,-20492.81,-0.08,14.16,3.211,,17,80
CURV,Consumer Cyclical,Apparel Retail,1.87,-2.0,1.4,3.5,-3.0,-1.0,-20493.09,0.03,-15.23,10.248,60.33,17,15
MRAM,Technology,Semiconductors,8.12,0.67,-3.0,-3.0,3.0,-4.0,-20493.51,0.09,7.5,2.337,88.33,17,72
MOFG,Financial Services,Banks - Regional,29.83,-0.52,-0.08,8.66,-1.08,,-20493.99,-3.55,-22.24,3.492,,17,11
GGAL,Financial Services,Banks - Regional,27.3,0.06,-2.54,2.17,-2.61,,-20494.58,6.33,4.42,3517.107,4.18,17,67
MNDO,Technology,Software - Application,1.1699,0.0,-2.0,0.2,-2.0,,-20494.79,0.15,-17.14,0.989,8.0,17,14
EL,Consumer Defensive,Household & Personal Products,88.0,-4.43,4.73,-2.81,-0.91,,-20494.95,-3.15,-18.78,39.783,,17,13
MLCI,Financial Services,Asset Management,7.9,3.0,0.21,0.17,-2.17,-2.06,-20495.01,-1.03,49.43,15.506,,17,90
GBLI,Financial Services,Insurance - Property & Casualty,29.8632,3.4,-2.05,-1.95,-0.01,-3.77,-20496.22,2.0,-11.36,31.661,14.94,17,19
LCUT,Consumer Cyclical,"Furnishings, Fixtures & Appliances",3.955,-8.63,-3.16,19.5,-1.15,,-20496.26,-1.6,-15.05,31.063,,17,15
DRCT,Communication Services,Advertising Agencies,0.3921,0.52,0.54,0.31,-0.44,,-20496.96,-1.83,-77.83,5.959,,17,5
MGLD,Financial Services,Asset Management,1.02,1.0,0.0,-0.6,-1.0,-0.33,-20497.57,-0.16,-17.64,0.723,,17,13
HTCR,Technology,Software - Application,1.02,3.8,-2.39,-1.72,2.8,-1.33,-20497.57,0.0,22.06,1.375,,17,85
EVEX,Industrials,Aerospace & Defense,3.79,-0.31,-0.14,-0.17,-0.62,-0.78,-20498.19,-0.63,-7.3,,,17,30
CLST,Financial Services,Banks - Regional,13.14,-0.14,0.0,0.45,0.08,,-20498.4,0.55,-14.74,3.01,23.64,17,16
FORR,Industrials,Consulting Services,11.21,23.0,-232.0,16.0,-0.57,,-20498.53,-4.67,-14.95,21.704,,17,15
FORD,Consumer Cyclical,Footwear & Accessories,31.54,0.71,-1.06,-0.28,-1.14,-1.64,-20499.28,-5.11,-78.3,22.811,,17,5
MP,Basic Materials,Other Industrial Metals & Mining,72.13,-0.36,0.0,0.14,0.11,,-20500.14,-0.62,40.3,1.478,,17,89
BRBR,Consumer Defensive,Packaged Foods,36.68,-1.71,-0.28,0.05,-2.35,,-20501.93,1.75,2.41,17.349,20.57,17,62
AWX,Industrials,Waste Management,2.5196,6.43,-9.44,-9.44,-2.43,-0.52,-20502.29,0.04,-14.78,20.056,65.25,17,16
MKZR,Real Estate,REIT - Diversified,6.64,-0.21,0.56,-0.4,-0.81,-1.6,-20502.54,-17.2,4.19,16.803,,17,66
KODK,Industrials,Specialty Business Services,6.23,-2.0,-3.69,1.02,-2.44,,-20503.14,-0.1,-9.45,12.882,,17,22
HOPE,Financial Services,Banks - Regional,11.23,-2.25,-0.16,0.01,-2.04,,-20504.21,0.35,-25.01,3.367,31.26,17,10
FF,Basic Materials,Specialty Chemicals,4.05,0.67,-7.67,3.0,-2.09,,-20505.62,-0.61,-79.92,3.788,,16,5
IPGP,Technology,Semiconductor Equipment & Materials,82.68,0.78,-1.0,30.61,-1.81,,-20505.76,-4.82,-14.14,22.058,,16,16
MPB,Financial Services,Banks - Regional,31.64,-2.23,-0.01,-0.03,-2.23,,-20506.4,2.35,12.26,10.09,13.34,16,78
ICG,Technology,Semiconductors,1.89,2.14,-3.55,2.67,-0.31,,-20507.46,0.05,-160.13,5.158,37.4,16,5
CNOB,Financial Services,Banks - Regional,26.24,-2.06,0.0,0.2,-2.13,,-20508.11,0.82,10.53,6.169,31.46,16,76
EVTV,Consumer Cyclical,Auto Manufacturers,2.14,2.18,-0.78,-3.5,-3.19,-1.21,-20508.72,-10.19,13.03,0.928,,16,79
CVGI,Consumer Cyclical,Auto Parts,1.94,0.0,8.58,-5.11,-2.0,,-20510.56,-1.29,-19.37,20.136,,16,13
HYFM,Industrials,Farm & Heavy Construction Machinery,3.24,-0.16,0.22,-0.31,0.4,,-20511.7,-13.4,-45.97,34.877,,16,7
CHMG,Financial Services,Banks - Regional,53.81,-2.07,0.02,0.04,-2.29,,-20512.22,2.34,-97.11,17.272,22.68,16,5
CNTA,Healthcare,Biotechnology,22.97,-0.9,3.2,-1.27,0.05,,-20512.55,-1.85,-7.3,0.116,,16,30
KLRS,Healthcare,Biotechnology,4.39,3.13,-0.79,-3.67,-2.35,,-20513.08,-2.71,-7.3,,,16,30
MGM,Consumer Cyclical,Resorts & Casinos,35.94,-1.89,0.0,-0.17,-2.33,,-20513.64,1.83,1.16,59.435,19.56,16,58
GNL,Real Estate,REIT - Diversified,8.14,4.44,-9.87,3.12,0.25,,-20514.16,-1.2,-8.39,3.364,,16,24
MLP,Real Estate,Real Estate Services,19.9,7.8,-0.6,-1.5,1.0,-5.29,-20514.48,-0.71,38.39,0.857,,16,89
CARR,Industrials,Building Products & Equipment,61.1,0.47,-5.11,4.74,-2.75,,-20514.59,1.74,-4.29,25.57,34.71,16,40
GLBZ,Financial Services,Banks - Regional,4.605,-2.4,6.0,-5.0,0.0,,-20515.66,0.01,-9.97,4.311,462.0,16,21
DIT,Consumer Defensive,Food Distribution,116.9,2.21,-5.53,-1.68,-0.16,-3.87,-20516.72,2.16,-2.97,3688.311,54.4,16,45
BRSL,Consumer Cyclical,Gambling,16.67,-3.23,-7.31,26.0,-2.38,,-20517.14,-0.58,-12.21,12.079,,16,18
CGON,Healthcare,Biotechnology,38.82,-0.2,-0.2,-0.25,-0.93,-0.25,-20517.83,-1.78,-740000000000547.2,0.008,,16,2
CHRD,Energy,Oil & Gas E&P,104.33,-2.83,0.06,-0.05,-2.54,,-20518.82,4.22,7.33,84.935,23.78,16,72
MPU,Communication Services,Entertainment,1.6,0.07,0.07,0.25,-1.85,,-20520.32,-0.28,3.321122222222221e+16,0.93,,16,98
DEI,Real Estate,REIT - Office,16.39,-7.0,25.0,-4.0,-2.5,,-20520.84,0.22,-4.67,5.98,73.45,16,39
LPX,Industrials,Building Products & Equipment,90.94,-0.69,0.46,-0.44,-1.9,,-20521.02,4.25,-16.62,41.143,20.78,16,14
BXP,Real Estate,REIT - Office,77.75,0.44,4.72,-3.74,0.1,,-20521.09,0.02,-4.0,21.571,3822.0,16,41
INFU,Healthcare,Medical Instruments & Supplies,10.04,13.0,-5.0,-1.0,3.0,,-20521.11,0.24,0.48,6.622,41.67,16,56
EB,Communication Services,Internet Content & Information,3.06,2.5,0.29,-1.25,-3.0,,-20521.54,-0.22,-10.99,3.236,,15,20
KMTS,Healthcare,Medical Instruments & Supplies,25.2,3.42,-3.41,-0.05,-0.11,-3.79,-20524.25,-2.52,8477777777777847.0,2.047,,15,97
FGBI,Financial Services,Banks - Regional,8.18,0.08,-19.0,-2.67,-2.06,,-20525.28,-1.01,-40.66,4.685,,15,8
IR,Industrials,Specialty Industrial Machinery,81.53,-2.59,-0.24,0.04,-2.59,,-20525.51,1.29,-0.22,18.294,63.26,15,54
FLOC,Energy,Oil & Gas Equipment & Services,15.92,-0.14,-3.23,0.05,-3.35,-2.26,-20525.81,2.12,94.85,42.571,7.19,15,92
LFT,Real Estate,REIT - Mortgage,2.21,2.67,-2.17,-1.86,-0.4,-4.67,-20526.28,0.18,-24.69,0.493,12.22,15,10
HHH,Real Estate,Real Estate - Development,83.67,-2.05,-14.57,1.24,-2.91,,-20526.78,5.17,-9.4,34.636,16.03,15,22
FMX,Consumer Defensive,Beverages - Brewers,92.69,-1.37,-0.43,4.75,-2.68,,-20527.2,2.33,2.09,2342.98,41.33,15,61
MAN,Industrials,Staffing & Employment Services,38.07,-13.0,-3.0,0.0,-2.15,,-20527.29,-0.36,-9.02,372.389,,15,23
IRM,Real Estate,REIT - Specialty,98.92,-4.0,-6.0,4.18,-2.25,,-20528.85,0.14,4.1,21.892,713.5,15,66
EGY,Energy,Oil & Gas E&P,4.3,0.14,-0.57,0.1,-2.37,,-20529.66,0.37,-9.11,4.521,11.19,15,23
KAPA,Healthcare,Biotechnology,1.34,0.0,0.12,0.11,-3.06,-1.78,-20531.13,-0.27,-7.3,,,15,30
HPP,Real Estate,REIT - Office,2.86,0.29,1.23,-0.71,-0.24,,-20531.5,-2.8,-17.84,5.06,,15,13
FULC,Healthcare,Biotechnology,7.54,0.0,0.11,0.13,-4.18,,-20532.35,-1.18,-5.333333333333331e+17,0.0,,15,1
CLMT,Basic Materials,Specialty Chemicals,18.58,0.1,-2.98,1.51,-2.54,,-20533.12,-5.27,-10.15,47.206,,15,21
BH,Consumer Cyclical,Restaurants,309.81,2.54,-20.7,-20.7,2.13,-2.59,-20533.16,28.92,-0.49,1399.042,10.8,15,53
FSEA,Financial Services,Banks - Regional,11.49,0.08,-1.15,-7.5,-4.38,0.71,-20533.42,-0.57,-1.47,3.387,,15,50
LUCK,Consumer Cyclical,Leisure,9.69,-6.65,-0.8,0.31,-4.95,-0.49,-20533.51,-0.13,0.01,8.436,,15,55
CELZ,Healthcare,Biotechnology,3.52,0.73,-0.05,-0.05,1.31,-0.14,-20534.37,-3.13,-53333333333436.33,0.003,,15,3
CTRM,Industrials,Marine Shipping,2.22,-0.76,-3.36,-3.36,-2.02,-3.02,-20534.45,-2.89,-13.58,6.851,,15,17
GAMB,Consumer Cyclical,Gambling,8.31,-2.19,0.39,-0.04,-3.0,,-20534.87,0.39,28.01,4.172,21.18,15,86
LFCR,Healthcare,Drug Manufacturers - Specialty & Generic,7.93,6.83,-0.88,1.12,-5.0,-2.09,-20535.41,-1.27,-8.06,3.701,,15,25
CVEO,Consumer Cyclical,Lodging,22.97,1.88,0.53,-2.06,-3.28,,-20536.17,-2.38,-16.51,46.322,,15,14
KPTI,Healthcare,Biotechnology,5.73,-0.56,0.3,0.08,-2.91,,-20537.11,-14.84,-20.47,16.236,,15,12
GDOT,Financial Services,Credit Services,15.25,-2.81,4.22,2.67,-0.57,,-20537.65,-0.44,10.76,35.395,,14,76
BOOM,Industrials,Conglomerates,7.67,-7.0,5.25,47.65,-2.0,,-20539.67,-8.65,2.59,31.323,,14,62
LPRO,Financial Services,Credit Services,2.26,0.0,122.0,-122.0,-1.0,,-20540.64,-1.19,-62.36,0.136,,14,6
FBLG,Healthcare,Biotechnology,0.535,0.17,-0.87,-6.5,-5.0,0.93,-20541.04,-0.36,-7.3,,,14,30
EBR,Utilities,Utilities - Renewable,9.21,0.0,-0.88,-7.5,-3.46,-2.14,-20542.31,0.54,8.75,19.678,17.69,14,74
DGXX,Utilities,Utilities - Independent Power Producers,2.47,-4.6,1.6,0.62,-0.75,-4.4,-20542.96,-0.56,-11.33,0.948,,14,19
CGEN,Healthcare,Biotechnology,1.34,0.0,-0.14,-8.0,-3.0,,-20544.73,-0.22,-257.08,0.243,,14,4
KTOS,Industrials,Aerospace & Defense,80.65,-0.5,0.0,0.5,-1.5,,-20544.8,0.1,8.08,7.916,807.7,14,73
KREF,Real Estate,REIT - Mortgage,9.66,-2.53,0.13,0.12,-2.83,-0.15,-20545.88,-0.66,-28.52,0.588,,14,9
GRND,Technology,Software - Application,15.86,-0.75,0.0,0.0,2.62,3.8,-20546.69,-0.39,21.47,2.086,,14,84
CHA,Consumer Cyclical,Restaurants,17.4,-8.83,0.03,0.03,-7.95,0.14,-20547.33,0.75,111.85,116.949,23.16,14,93
BXC,Industrials,Industrial Distribution,78.36,0.64,-0.91,-1.98,-2.06,,-20547.52,3.4,-11.24,356.881,22.32,14,19
DCGO,Healthcare,Medical Care Facilities,1.55,-0.22,-3.5,-3.5,-2.83,-2.22,-20547.55,-0.2,-68.64,4.312,,14,6
LESL,Consumer Cyclical,Specialty Retail,0.2831,3.33,-0.17,-3.8,-1.75,,-20548.54,-0.46,-16.58,6.753,,14,14
LGL,Technology,Scientific & Technical Instruments,6.55,-1000000.0,-4000000.0,3.0,-4.0,,-20548.81,0.04,-3.01,0.781,176.5,14,45
GSIT,Technology,Semiconductors,3.68,0.12,0.78,0.31,-3.0,,-20549.44,-0.54,9.6,0.855,,14,75
LEGN,Healthcare,Biotechnology,35.16,-0.26,-4.86,6.0,-5.8,-0.69,-20552.43,-1.78,56.23,4.338,,14,90
KSS,Consumer Cyclical,Department Stores,17.38,11.54,-4.31,1.15,1.32,,-20553.18,1.86,-12.95,142.475,9.28,14,17
FPH,Real Estate,Real Estate - Development,6.49,-5.6,-1.03,8.57,-3.2,,-20555.88,1.08,-399.24,2.841,5.77,14,4
CRWS,Consumer Cyclical,"Furnishings, Fixtures & Appliances",2.9,9.4,-12.56,0.12,-2.33,,-20556.18,-0.97,-10.47,8.295,,14,20
INSP,Healthcare,Medical Devices,83.4,-2.2,-10.8,0.9,-3.75,,-20556.26,1.74,17.29,28.972,45.91,14,82
M,Consumer Cyclical,Department Stores,17.61,1.29,-7.79,11.3,-0.69,,-20556.5,1.76,-10.09,82.072,9.97,14,21
BTMD,Healthcare,Medical Care Facilities,3.37,-3.4,2.67,-1.83,2.9,,-20556.62,0.88,-3.6,6.041,3.59,14,42
CRWD,Technology,Software - Infrastructure,502.63,0.42,-0.19,-4.29,-2.63,,-20558.02,-1.21,20.23,17.524,,14,84
KWR,Basic Materials,Specialty Chemicals,143.05,-6.18,-0.1,-1.26,-2.95,,-20560.92,-0.43,-3.93,103.565,,14,42
GHI,Financial Services,Mortgage Finance,10.74,-4.18,-2.55,2.7,-2.84,,-20561.88,-0.1,-48.09,1.181,,13,7
FFWM,Financial Services,Banks - Regional,5.96,-2.12,3.12,6.24,-2.8,,-20561.99,-1.49,-46.34,1.328,,13,7
LND,Consumer Defensive,Farm Products,3.86,11.27,2.29,-5.97,-2.8,,-20564.81,0.26,-55.9,10.616,14.92,13,7
DD,Basic Materials,Specialty Chemicals,78.1,11.07,-4.04,-4.89,-2.07,,-20565.56,0.17,-5.68,30.131,459.41,13,37
HZO,Consumer Cyclical,Specialty Retail,25.98,-17.13,-4.33,3.44,-2.7,,-20565.83,-1.21,-15.6,104.2,,13,15
HRI,Industrials,Rental & Leasing Services,128.26,-0.86,1.57,-3.65,-3.1,,-20565.95,0.83,7.04,130.988,143.49,13,71
LEE,Communication Services,Publishing,5.35,5.68,0.35,-0.66,1.35,,-20569.29,-6.83,-15.13,95.968,,13,15
FORL,Financial Services,Shell Companies,11.73,-1.0,-2.0,-2.0,-2.5,-3.0,-20570.79,0.0,-7.3,,,13,30
KRO,Basic Materials,Specialty Chemicals,6.23,-3.0,2.33,-6.17,-3.12,,-20571.49,0.59,-8.46,16.452,10.15,13,24
CAR,Industrials,Rental & Leasing Services,155.92,144.5,2.88,-9.34,-3.1,,-20571.89,-62.67,-4.49,330.283,,13,39
MOMO,Communication Services,Internet Content & Information,7.63,-3.5,0.94,-1.39,-3.62,,-20572.74,0.67,-12.91,59.241,11.22,13,17
KVYO,Technology,Software - Infrastructure,33.56,-0.8,1.0,-9.0,-3.5,,-20574.05,-0.24,30.04,3.928,,13,87
AXTI,Technology,Semiconductor Equipment & Materials,3.96,0.25,-0.67,-0.71,-3.0,,-20575.21,-0.54,-50.02,1.981,,13,7
CROX,Consumer Cyclical,Footwear & Accessories,80.365,-4.09,-1.25,0.89,-3.33,,-20575.82,3.68,2.6,72.439,21.83,13,62
LXU,Basic Materials,Chemicals,8.38,3.0,5.5,1.69,-2.25,,-20576.12,-0.46,-1.98,7.508,,13,48
CCU,Consumer Defensive,Beverages - Brewers,11.66,-6.14,-0.28,1.51,-3.24,,-20577.1,0.85,1.57,16408.453,13.75,13,59
CAL,Consumer Cyclical,Apparel Retail,14.99,-0.05,0.4,-7.0,-3.25,,-20577.17,1.76,-10.03,81.048,8.14,13,21
BRT,Real Estate,REIT - Residential,16.55,-0.17,-0.09,0.09,-0.08,,-20577.86,-0.48,9.66,5.496,,13,75
DOCU,Technology,Software - Application,85.01,-0.13,0.06,0.06,-13.0,1.19,-20579.51,1.32,2.66,15.234,64.08,13,63
BTOC,Industrials,Integrated Freight & Logistics,1.18,-1.25,1.75,-1.35,-6.49,-3.25,-20580.39,-0.23,85.49,4.458,,13,92
MSGE,Consumer Cyclical,Leisure,45.92,-4.35,-8.24,4.92,-3.49,,-20580.5,0.77,-20.11,19.628,58.64,13,12
MDU,Utilities,Utilities - Regulated Gas,16.09,-4.71,0.48,-0.19,-3.29,,-20581.61,0.88,-16.79,9.072,18.99,13,14
COCP,Healthcare,Biotechnology,1.27,0.15,0.57,0.36,1.65,0.7,-20582.04,-1.24,-7.3,,,13,30
CCAP,Financial Services,Asset Management,15.69,2.73,-1.36,-0.58,-0.34,-5.91,-20582.1,1.19,-17.94,4.942,13.22,13,13
HBIO,Healthcare,Medical Instruments & Supplies,0.4833,21.8,-114000000.0,11000000.0,0.4,,-20583.02,-1.29,-18.72,2.021,,13,13
INTT,Technology,Semiconductor Equipment & Materials,7.87,3.75,-2.58,2.0,-3.0,,-20583.3,-0.06,-15.73,9.983,,12,15
INSE,Consumer Cyclical,Gambling,9.38,-27000000.0,-239000000.0,18.92,-4.86,,-20583.7,2.13,2.38,10.457,4.49,12,61
DOC,Real Estate,REIT - Healthcare Facilities,18.4683,-0.2,5.0,-11.0,-3.2,,-20585.06,0.24,-3.15,4.003,76.96,12,44
CTNT,Industrials,Integrated Freight & Logistics,1.895,0.44,1.8,0.64,1.37,1.26,-20588.16,-1.31,-6.077503333333315e+16,0.391,,12,1
FRPH,Real Estate,Real Estate Services,25.02,-2.0,0.0,0.29,-2.67,,-20589.47,0.28,-1.44,1.706,87.5,12,50
HIHO,Industrials,Metal Fabrication,1.6916,-4.5,-1.5,1.5,-2.4,-3.0,-20590.68,0.02,269.96,1.614,84.75,12,94
BRLT,Consumer Cyclical,Luxury Goods,2.69,2.0,-0.5,-1.0,-2.0,-4.0,-20591.53,-0.03,-3.81,30.178,,12,42
KLG,Consumer Defensive,Packaged Foods,22.98,-1.78,0.14,2.69,-3.11,,-20594.06,0.34,-12.6,30.03,67.65,12,18
GIFI,Industrials,Metal Fabrication,7.09,-6.75,-0.13,0.86,-4.0,,-20599.44,0.6,-6.82,9.353,11.52,12,34
HSHP,Industrials,Marine Shipping,8.76,8.0,-8.0,-11.0,-7.0,,-20599.96,0.15,6.12266666666667e+16,2.703,58.27,12,98
MED,Consumer Cyclical,Personal Services,14.57,4.29,-2.0,-0.43,4.26,,-20600.86,0.33,-60.68,43.863,43.48,12,6
INTC,Technology,Semiconductors,30.57,-2.53,-5.33,128.33,-0.76,,-20601.76,-4.77,-12.03,12.254,,12,18
LPSN,Technology,Software - Application,0.6851,-0.13,7.47,-2.97,-3.76,,-20603.67,-1.9,-35.21,2.988,,12,8
CMPO,Industrials,Metal Fabrication,20.14,-2.24,3.52,1.08,-2.69,,-20604.18,-2.01,-7.2378e+17,3.204,,12,1
GFF,Industrials,Building Products & Equipment,76.59,-3.14,-0.26,0.16,-4.05,,-20605.01,1.45,-9.13,55.012,52.29,12,23
LMT,Industrials,Aerospace & Defense,473.62,-4.0,2.27,-2.06,-3.71,,-20605.48,17.83,-6.52,305.2,26.52,12,34
FOXF,Consumer Cyclical,Auto Parts,26.25,90.0,-623000000.0,-11000000.0,-0.86,,-20607.97,-6.04,-1.27,34.556,,12,50
FMC,Basic Materials,Agricultural Inputs,37.21,5.42,0.08,-5.0,-3.43,,-20609.84,1.04,-9.33,33.032,34.83,12,22
CRBG,Financial Services,Asset Management,32.53,-0.01,-4.25,2.91,-3.0,,-20614.35,-0.68,-26.15,28.411,,12,10
MESA,Industrials,Airlines,1.4,3.84,0.95,-0.7,2.04,-6.07,-20614.4,-4.28,-32.61,9.818,,12,9
DLHC,Industrials,Specialty Business Services,5.63,-2.0,-0.33,0.0,-3.0,-1.17,-20614.64,0.32,-14.43,25.083,17.53,12,16
GNSS,Technology,Scientific & Technical Instruments,2.5,0.0,-0.56,1.89,0.07,,-20615.49,-0.63,7.14,0.678,,12,72
MNRO,Consumer Cyclical,Auto Parts,18.26,1.64,-5.64,-0.18,-2.41,,-20616.16,-0.69,-6.98,40.174,,12,33
MEC,Industrials,Metal Fabrication,14.69,-5000000.0,-77000000.0,4.5,-4.6,,-20616.28,0.85,-21.25,25.469,16.84,12,12
CSR,Real Estate,REIT - Residential,58.2,-2.95,0.41,0.29,-3.58,,-20618.9,-1.8,-0.49,16.288,,11,53
DOW,Basic Materials,Chemicals,24.11,-1.68,-4.5,-4.75,-2.9,,-20619.93,-1.4,-15.75,59.246,,11,15
IPW,Consumer Cyclical,Internet Retail,0.55,-2.0,7.0,-4.0,-4.0,,-20622.18,-0.05,-28.25,2.382,,11,9
CPHC,Consumer Cyclical,Resorts & Casinos,16.66,0.0,-3.83,-1.35,-2.17,-4.33,-20623.02,0.03,-10.69,11.938,543.67,11,20
BGSF,Industrials,Staffing & Employment Services,7.21,-3.86,0.43,-0.43,-3.86,,-20623.74,-0.58,-11.95,24.326,,11,18
JANX,Healthcare,Biotechnology,24.4,-0.45,-0.06,0.42,-4.0,,-20623.97,-1.81,-5.931333333333333e+16,0.007,,11,1
LAKE,Consumer Cyclical,Apparel Manufacturing,14.87,-1.05,-21.0,20.0,-2.86,,-20627.91,-2.8,16.27,22.561,,11,82
CRMT,Consumer Cyclical,Auto & Truck Dealerships,34.14,-2.87,2.39,-0.63,-3.6,,-20631.05,1.79,-6.68,172.462,18.31,11,34
BGFV,Consumer Cyclical,Specialty Retail,1.41,-0.42,0.22,0.43,-1.41,,-20631.62,-4.2,-17.28,34.6,,11,14
BYFC,Financial Services,Banks - Regional,7.16,6.0,-3.33,0.05,-2.47,,-20635.24,-0.29,-0.32,3.892,,11,53
HCI,Financial Services,Insurance - Property & Casualty,185.24,-0.16,25.96,-1.25,0.08,,-20636.69,11.42,5.55,74.062,15.87,11,69
HTLD,Industrials,Trucking,8.5,0.29,-8.0,5.0,-2.5,,-20638.35,-0.46,-20.05,11.891,,11,12
FSK,Financial Services,Asset Management,15.87,-2.74,-0.16,-0.14,-3.03,-0.44,-20638.5,0.78,-258.35,5.877,20.33,11,4
BDN,Real Estate,REIT - Office,4.51,-2.19,0.56,2.84,-4.0,,-20639.0,-1.89,-9.55,1.773,,11,22
LSAK,Technology,Software - Infrastructure,4.18,-0.3,0.48,-4.71,-4.38,-3.5,-20641.21,-1.14,5.53,,,11,69
CSGP,Real Estate,Real Estate Services,89.26,5.0,-4.75,0.15,-4.0,,-20641.37,0.26,6.9,7.095,335.0,11,71
HOV,Consumer Cyclical,Residential Construction,149.57,-0.23,-0.47,-2.57,-3.96,,-20641.54,20.59,0.77,486.606,6.99,11,57
JUNS,Healthcare,Biotechnology,1.43,-0.4,-0.43,-0.75,-8.0,-1.5,-20641.69,-0.18,-259201111111137.7,,,11,3
BEPC,Utilities,Utilities - Renewable,34.64,-283.0,-151.17,2.13,-3.12,,-20641.76,-7.34,-7.49,11.44,,11,26
LPG,Energy,Oil & Gas Midstream,32.29,0.26,-1.63,1.27,-4.21,,-20643.15,1.13,-27.16,7.543,28.19,11,10
BW,Industrials,Specialty Industrial Machinery,3.52,-1.42,1.73,-6.1,-3.62,,-20644.17,-0.73,-10.56,7.571,,11,20
GAU,Basic Materials,Gold,2.36,2.43,-1.09,-12.18,1.33,-9.0,-20644.71,-0.03,2.5704333333333338e+17,1.203,,11,99
BWEN,Industrials,Specialty Industrial Machinery,2.12,-1.0,1.0,-12.91,-3.0,,-20647.92,-0.1,-2.84,6.498,,11,45
DBRG,Financial Services,Asset Management,12.16,11.0,11.0,-11.0,-3.4,,-20648.44,0.01,-2789.71,1.01,1204.0,11,4
JBLU,Industrials,Airlines,5.09,1.81,-3.54,0.31,-4.0,,-20649.78,-1.07,-3.99,25.843,,11,41
HCKT,Technology,Information Technology Services,20.57,-0.83,-0.18,-1.38,-4.33,,-20650.07,0.59,-4.63,11.206,33.59,10,39
GLPG,Healthcare,Biotechnology,33.24,0.0,-0.66,-1.93,-6.24,-2.7,-20666.55,-5.18,-18.23,0.2091,,10,13
HY,Industrials,Farm & Heavy Construction Machinery,37.97,-2.61,-0.5,-0.33,-5.58,-5.06,-20667.1,1.23,-21.05,225.112,29.78,10,12
LGO,Basic Materials,Other Industrial Metals & Mining,1.768,0.56,0.36,-0.19,1.56,,-20668.33,-0.58,-20.07,1.693,,10,12
IROH,Financial Services,Shell Companies,10.1,-2.0,-2.0,-0.67,-6.0,-4.0,-20668.46,0.05,-7.3,,203.0,10,30
JAZZ,Healthcare,Biotechnology,131.19,-6.72,-3.08,-0.11,-5.38,,-20675.28,-6.98,-2.64,66.966,,10,46
LYB,Basic Materials,Specialty Chemicals,52.69,-0.59,-1.13,-0.53,-7.29,-1.69,-20677.62,0.47,-17.86,119.306,110.66,10,13
FC,Consumer Defensive,Education & Training Services,19.95,-0.37,-2.12,-9.22,-4.91,,-20677.68,0.79,-10.58,21.492,25.0,10,20
CBAT,Industrials,Electrical Equipment & Parts,0.91,-0.5,-1.02,-51.52,-3.33,-6.5,-20679.0,-0.1,-5.15,1.618,,10,38
MRVI,Healthcare,Biotechnology,2.88,-0.29,-0.17,2.89,-4.4,,-20684.65,-1.37,-61.24,1.54,,10,6
BRCC,Consumer Defensive,Packaged Foods,1.71,-0.75,-0.33,-2.0,-6.0,,-20684.96,-0.14,3.67,5.059,,10,65
CART,Consumer Cyclical,Internet Retail,45.4,0.07,-0.4,0.24,0.95,,-20685.98,1.73,7.78,13.592,23.99,10,72
EAF,Industrials,Electrical Equipment & Parts,12.7,-1.27,0.27,-0.36,-4.67,,-20686.52,-8.2,-24.15,19.691,,10,11
CNC,Healthcare,Healthcare Plans,32.17,-6.18,3.63,-1.4,-5.24,,-20690.13,4.12,7.19,317.413,7.71,10,72
CYBR,Technology,Software - Infrastructure,485.95,-8.87,9.78,-8.77,-5.03,,-20691.99,-3.53,32.0,25.125,,10,88
IXHL,Healthcare,Drug Manufacturers - Specialty & Generic,0.54,0.65,-0.14,0.16,0.9,0.0,-20692.63,-1.23,-1570816453286673.5,0.005,,10,2
MNMD,Healthcare,Biotechnology,9.48,-0.85,0.52,-1.28,-5.25,,-20695.7,-1.34,-7.3,,,10,30
BGLC,Basic Materials,Specialty Chemicals,5.7,0.02,0.57,0.36,-4.04,-4.83,-20696.23,-1.64,-1.75,5.316,,10,49
BTG,Basic Materials,Gold,4.32,2.0,5.0,47.0,7.0,,-20699.03,-0.35,20.63,1.65,,10,84
JCTC,Basic Materials,Lumber & Wood Production,3.53,-0.12,0.19,-1.53,-5.5,-0.07,-20699.41,-0.59,-27.11,12.572,,10,10
MODG,Consumer Cyclical,Leisure,9.5,10.0,824.0,-410.5,-2.09,,-20701.61,-8.13,-6.4,22.537,,10,35
DAR,Consumer Defensive,Packaged Foods,32.45,3.0,-5.0,4.82,-5.12,,-20714.44,0.65,-3.55,35.899,49.12,10,43
GNK,Industrials,Marine Shipping,18.81,0.75,-2.04,-0.72,-4.37,,-20724.68,0.35,-32.31,8.12,53.46,10,9
CSAN,Energy,Oil & Gas Refining & Marketing,5.88,0.88,4.2,-32.78,-3.25,,-20727.24,-4.83,-2.27,93.664,,10,47
FG,Financial Services,Insurance - Life,33.6,2.3,-13.9,33.25,-5.15,,-20727.31,2.51,14.29,41.477,13.14,10,80
KELYB,Industrials,Staffing & Employment Services,13.84,2.25,6.62,-46.0,3.0,,-20727.63,-0.18,-5.97,127.363,,9,36
KELYA,Industrials,Staffing & Employment Services,14.34,2.25,6.62,-46.0,3.0,,-20727.63,-0.18,-5.97,127.363,,9,36
CNDT,Technology,Information Technology Services,2.96,0.27,-2.67,-9.33,-5.23,,-20728.25,0.13,-16.27,19.132,21.85,9,14
GLNG,Energy,Oil & Gas Midstream,40.02,0.91,-0.8,-0.37,-0.63,-5.62,-20728.59,-0.06,-5.0,2.576,,9,38
CNCK,Financial Services,Capital Markets,4.66,-3.14,25.26,-1.06,-4.06,0.42,-20728.74,-0.84,-21.51,3193.728,,9,12
GTEC,Consumer Cyclical,Auto Parts,1.4,-2.45,1.42,3.4,-2.7,0.61,-20733.5,0.55,-13.17,5.733,2.55,9,17
CMTL,Technology,Communication Equipment,2.49,0.55,5.96,-0.98,-11.25,0.41,-20739.5,-10.05,-8.9,16.917,,9,23
DOLE,Consumer Defensive,Farm Products,13.6,-3.1,2.0,-3.73,-7.5,,-20741.1,1.19,6.93,92.123,11.34,9,71
KRP,Energy,Oil & Gas E&P,13.67,-9.0,3.4,-3.18,-4.5,,-20741.7,-0.06,-1.6,3.689,,9,50
CSBR,Healthcare,Biotechnology,6.7,3.33,-3.54,5.6,-4.33,,-20742.14,0.21,-2.56,4.149,31.26,9,46
FTEK,Industrials,Pollution & Treatment Controls,3.32,0.0,2.0,-24.03,-1.0,,-20742.71,-0.11,-24.68,0.815,,9,10
DVAX,Healthcare,Drug Manufacturers - Specialty & Generic,9.75,5.81,-13.83,-1.17,0.78,,-20744.87,-0.45,-2.87,2.514,,9,45
ICMB,Financial Services,Asset Management,2.89,-6.0,-1.03,-0.51,-11.5,-0.13,-20745.98,0.3,60.17,1.417,9.5,9,91
BGS,Consumer Defensive,Packaged Foods,4.64,-13.0,282.0,-32.22,-3.4,,-20746.88,-2.83,-11.18,23.475,,9,19
KLIC,Technology,Semiconductor Equipment & Materials,43.03,25.5,-2.05,5.91,-4.67,,-20759.94,0.09,-34.3,12.287,466.56,9,8
BTDR,Technology,Software - Application,16.92,-3.83,2.5,-8.2,-4.43,,-20763.03,-4.8,29.09,2.061,,9,87
ENOV,Healthcare,Medical Devices,33.17,0.53,11.3,-19.78,-0.88,,-20767.73,-14.95,2.39,38.84,,9,62
CRWV,Technology,Software - Infrastructure,121.39,1.33,-0.15,-0.18,0.4,-3.37,-20769.19,-2.32,477.68,11.893,,9,94
CIGI,Real Estate,Real Estate Services,166.32,2.0,-19.62,1.01,-8.12,,-20776.66,2.23,6.74,102.305,73.72,9,71
MAX,Communication Services,Internet Content & Information,13.41,-7.25,-3.0,-1.12,-5.71,,-20787.86,-0.11,28.77,19.381,,9,87
GPRK,Energy,Oil & Gas E&P,6.26,-5.05,-5.05,-0.64,-3.45,-10.15,-20792.0,0.83,-39.06,10.585,7.19,9,8
BMA,Financial Services,Banks - Regional,40.0635,-0.51,-0.34,3.57,-8.66,,-20804.11,-0.67,-112.47,47961.85,,9,5
BFIN,Financial Services,Banks - Regional,12.53,-6.67,2.21,-2.14,-6.67,,-20811.78,0.16,-9.37,3.655,78.25,9,22
ESOA,Industrials,Engineering & Construction,10.09,4.15,-9.2,-7.0,-7.15,,-20817.53,0.17,20.96,23.189,59.88,9,84
METC,Basic Materials,Coking Coal,30.92,-0.53,-4.17,3.0,-4.62,,-20818.35,-0.45,4.8,11.799,,8,67
METCB,Basic Materials,Coking Coal,17.58,-0.53,-4.17,3.0,-4.62,,-20818.35,-0.45,4.8,11.799,,8,67
MLKN,Consumer Cyclical,"Furnishings, Fixtures & Appliances",20.44,-3.42,-3.58,25.5,-7.0,,-20820.08,-0.54,-2.77,53.204,,8,45
BAFN,Financial Services,Banks - Regional,8.6,-1.29,-14.35,11.61,-4.25,,-20820.56,1.83,3.34,18.914,4.64,8,64
EVH,Healthcare,Health Information Services,8.74,0.43,-1.33,0.0,-6.33,,-20820.74,-1.6,-23.93,19.049,,8,11
MMLP,Energy,Oil & Gas Midstream,3.09,-1.0,0.83,0.45,-2.5,-3.67,-20828.5,-0.4,-11.5,18.412,,8,19
CVU,Industrials,Aerospace & Defense,2.57,0.0,-4.0,-4.0,-2.1,-11.0,-20830.2,-0.08,-35.03,5.651,,8,8
CELH,Consumer Defensive,Beverages - Non-Alcoholic,55.19,1.2,2.5,-41.19,0.14,,-20833.58,0.38,72.24,6.931,144.03,8,92
HUYA,Communication Services,Entertainment,3.51,-2000000.0,75000000.0,-8.5,-7.5,,-20833.94,-0.09,-13.98,26.589,,8,16
FBLA,Financial Services,Banks - Regional,12.14,0.25,10.5,-6.32,0.02,,-20836.14,-1.65,-9.31,3.605,,8,22
BL,Technology,Software - Application,55.1,0.3,-8.0,2.21,-8.54,,-20841.16,1.29,2.64,10.795,41.09,8,62
EXK,Basic Materials,Silver,6.18,0.86,-0.3,-0.43,-0.17,-12.0,-20841.63,-0.27,31.78,0.949,,8,87
IMTX,Healthcare,Biotechnology,6.61,-0.76,-0.61,-1.56,-2.41,-15.5,-20844.64,-0.67,-163.95,1.121,,8,5
LSCC,Technology,Semiconductors,71.64,-1.0,-2.0,1.4,-7.0,,-20846.84,0.23,-7.91,3.552,313.65,8,25
BPRN,Financial Services,Banks - Regional,32.55,-6.8,0.03,2.38,-7.1,,-20847.07,0.95,5.0,10.127,33.59,8,68
COF,Financial Services,Credit Services,229.74,-3.48,0.3,-0.66,-7.17,,-20847.99,0.37,16.9,57.464,617.08,8,82
GTN,Communication Services,Broadcasting,5.51,-2.09,-8.13,0.89,-8.89,,-20848.17,1.53,-6.1,36.969,3.61,8,35
GRO,Basic Materials,Other Industrial Metals & Mining,2.88,0.23,-0.2,-0.25,-0.32,-11.67,-20850.67,-1.73,-7.3,,,8,30
CVV,Industrials,Specialty Industrial Machinery,3.06,-4.0,1.5,-0.5,-0.36,,-20860.11,-0.05,-16.58,4.241,,8,14
EQX,Basic Materials,Gold,10.4,4.4,-1.01,-120.72,-17.0,-0.31,-20861.61,-0.13,48.88,4.144,,8,90
BHM,Real Estate,REIT - Residential,11.0,0.02,-2.12,-2.12,-0.57,-1.48,-20863.18,-1.74,35.03,18.469,,8,88
GHG,Consumer Cyclical,Lodging,2.16,-2.08,0.07,0.05,-7.36,,-20869.04,0.15,-27.34,13.231,14.27,8,10
GETY,Communication Services,Internet Content & Information,2.04,2.12,-5.17,7.0,-9.0,,-20870.53,-0.27,-8.08,2.298,,8,25
BTU,Energy,Thermal Coal,21.79,-2.25,0.12,-2.31,-7.98,,-20880.4,1.09,-15.05,32.978,20.84,8,15
DTI,Energy,Oil & Gas Equipment & Services,2.55,-0.4,-0.25,-2.33,-8.0,,-20885.64,-0.14,5.65,4.657,,8,69
LTRX,Technology,Communication Equipment,4.69,0.43,-0.67,0.17,-8.0,,-20885.84,-0.29,-54.86,3.183,,7,7
HAS,Consumer Cyclical,Leisure,74.88,-9.59,3.84,-7.4,-7.16,,-20886.19,-4.07,-13.58,30.406,,7,17
CRL,Healthcare,Diagnostics & Research,156.99,1.12,9.44,-4.15,-0.65,,-20903.37,-1.31,-5.33,79.633,,7,38
DRUG,Healthcare,Biotechnology,50.145,-0.76,-43.0,-2.0,-15.8,-2.23,-20916.55,-1.0,-7.3,,,7,30
BIOX,Basic Materials,Agricultural Inputs,1.77,-10.0,45.04,-2.98,-8.12,,-20922.13,-0.83,-23.82,5.274,,7,11
HSPO,Financial Services,Shell Companies,12.32,0.06,-1.57,-0.61,-7.29,-9.26,-20922.78,0.14,-7.3,,88.0,7,30
GENK,Consumer Cyclical,Restaurants,3.11,0.2,-0.5,-5.0,-2.2,,-20926.32,-0.15,-1.16,43.388,,7,51
DK,Energy,Oil & Gas Refining & Marketing,32.12,0.58,1.36,-4.46,-2.03,,-20927.41,-13.25,-17.43,173.226,,7,13
MRNO,Real Estate,Real Estate - Development,2.83,-0.15,-0.18,-0.22,-1.14,,-20927.87,-2.53,662.61,1.048,,7,95
GLBS,Industrials,Marine Shipping,1.1337,-0.4,-0.67,-6.33,-6.0,,-20929.07,-0.04,-4.34,1.754,,7,40
CMCO,Industrials,Farm & Heavy Construction Machinery,15.66,-3.0,-3.0,4.71,-5.29,-8.71,-20929.95,-0.55,-7.68,33.429,,7,26
ESLA,Healthcare,Biotechnology,1.12,-1.5,0.5,-0.8,-14.0,-1.0,-20932.99,-0.24,-7.3,,,7,30
BRLS,Consumer Defensive,Packaged Foods,2.63,-0.05,0.07,0.07,0.38,1.45,-20934.15,-0.89,1.971560333333335e+16,1.331,,7,98
CLSD,Healthcare,Biotechnology,3.89,0.83,-15.5,14.0,0.67,,-20934.23,-5.4,67.9,0.818,,7,91
FGI,Consumer Cyclical,"Furnishings, Fixtures & Appliances",7.43,-0.83,-0.75,0.5,-7.4,,-20936.45,-1.49,-13.46,70.972,,7,17
EPM,Energy,Oil & Gas E&P,5.47,-0.17,-2.0,0.5,-8.0,,-20943.72,0.03,13.71,2.589,176.67,7,80
GCTS,Technology,Semiconductors,1.7,-0.73,0.03,0.03,-12.0,-6.0,-20944.59,-0.7,-38.18,0.126,,7,8
MHK,Consumer Cyclical,"Furnishings, Fixtures & Appliances",132.77,1.03,-0.28,-0.74,-0.05,,-20946.03,7.53,-7.66,170.4,17.35,7,26
FIS,Technology,Information Technology Services,66.24,-7.0,-2.47,0.27,-3.05,,-20949.66,0.25,-3.01,19.32,260.44,7,45
EDRY,Industrials,Marine Shipping,13.0,0.21,-0.12,0.27,-6.47,,-20950.22,-6.28,-44.44,18.172,,7,7
CRNT,Technology,Communication Equipment,2.54,0.0,-5.0,-2.5,-10.0,,-20955.12,0.15,-14.88,4.328,16.6,7,15
AVAV,Industrials,Aerospace & Defense,283.43,-3.44,10.83,-5.5,-2.89,,-20957.95,-0.64,93.6,33.155,,7,92
BLCO,Healthcare,Medical Instruments & Supplies,15.38,2.33,-59.0,-2.0,1.39,,-20968.1,-0.78,5.35,13.867,,7,69
HUN,Basic Materials,Chemicals,10.29,-29.67,26.33,-3.32,-8.08,,-20974.87,-1.79,-15.71,34.001,,7,15
HLX,Energy,Oil & Gas Equipment & Services,6.55,-2.0,-5.5,-0.46,-11.5,,-20978.77,0.32,-11.93,8.478,19.44,7,18
LBTYA,Communication Services,Telecom Services,11.94,-1.11,0.01,0.01,-12.24,-3.84,-20983.1,-9.54,-20.65,13.13,,6,12
LBTYB,Communication Services,Telecom Services,11.61,-1.11,0.01,0.01,-12.24,-3.84,-20983.1,-9.54,-20.65,13.13,,6,12
LBTYK,Communication Services,Telecom Services,12.05,-1.11,0.01,0.01,-12.24,-3.84,-20983.1,-9.54,-20.65,13.13,,6,12
BTBT,Financial Services,Capital Markets,3.12,5.57,-0.1,-0.12,2.29,-2.37,-20987.66,-0.34,-5.2,0.556,,6,38
INV,Financial Services,Asset Management,5.75,0.94,-1.18,-26.42,-8.37,,-20998.25,-5.27,60.68,0.027,,6,91
MAC,Real Estate,REIT - Retail,17.75,0.25,3.45,-0.78,-8.25,,-20998.33,-1.82,4.64,4.366,,6,67
IP,Consumer Cyclical,Packaging & Containers,47.11,2.71,0.75,-2.02,-9.21,,-21007.55,-0.06,20.86,52.828,,6,84
CC,Basic Materials,Specialty Chemicals,17.53,-83.67,2.5,0.71,-7.35,-12.67,-21020.61,-2.74,-5.78,39.02,,6,36
AZ,Technology,Software - Application,8.11,-0.84,-0.12,-0.13,-0.84,-20.0,-21024.79,-1.2,17.09,0.256,,6,82
GLXY,Financial Services,Capital Markets,33.08,7.67,7.67,1.85,-9.1,,-21027.44,-0.86,5.77437e+19,24.627,,6,99
KEN,Utilities,Utilities - Independent Power Producers,42.9,-1.2,-1.34,-0.57,-20.3,0.47,-21027.45,-1.65,3.31,14.681,,6,64
CLRO,Technology,Communication Equipment,5.14,-0.6,-0.1,-0.11,-0.5,-0.37,-21035.18,-6.98,-33.46,5.885,,6,8
EXPI,Real Estate,Real Estate Services,11.59,6.0,-0.17,0.0,-9.0,,-21053.85,-0.19,-4.25,29.765,,6,40
FNKO,Consumer Cyclical,Leisure,3.46,-0.42,-16.33,-3.67,-8.4,,-21070.1,-1.2,-25.59,18.207,,6,10
CSPI,Technology,Information Technology Services,13.05,-2.0,-6.0,2.33,-0.5,-17.0,-21070.6,-0.17,5.99,6.203,,6,70
FUSB,Financial Services,Banks - Regional,12.68,-9.0,0.0,-0.27,-11.0,,-21082.11,0.97,-5.42,6.19,14.11,6,37
BULL,Technology,Software - Application,12.74,-62.97,-37.43,-1.03,-23.31,126.67,-21084.25,0.15,23.34,2.149,88.6,6,85
ITP,Basic Materials,Paper & Paper Products,0.2196,1.19,-0.27,-0.37,-19.0,0.06,-21085.42,-1.06,-21.26,7.138,,6,12
IVZ,Financial Services,Asset Management,22.65,-13.67,-0.21,2.83,-10.67,,-21085.46,0.93,-7.34,13.519,24.18,6,26
MHH,Industrials,Staffing & Employment Services,7.565,13.0,-5.0,-4.33,-11.0,,-21086.66,0.07,-9.28,17.047,112.14,6,23
HCC,Basic Materials,Coking Coal,63.8,2.45,-9.0,-39.0,-11.27,,-21088.11,0.76,-25.02,23.295,82.75,6,10
AUDC,Technology,Communication Equipment,10.15,-13.0,-0.64,1.56,-11.0,,-21108.45,0.46,-6.77,8.209,22.04,6,34
MDV,Real Estate,REIT - Industrial,15.09,-31.0,-8.0,3.57,-11.67,,-21110.21,-0.44,-2.34,4.816,,6,47
ICON,Industrials,Marine Shipping,2.26,0.0,-0.36,-0.57,-3.93,-16.95,-21110.59,-89.35,22.81,8.121,,6,85
IBO,Healthcare,Biotechnology,0.6583,-9.73,-2.18,-1.85,-14.26,-0.31,-21111.9,-3.16,-8888888888896.19,0.001,,5,3
DDOG,Technology,Software - Application,136.81,-6.0,-0.86,-0.15,-12.0,,-21119.99,0.36,24.34,8.824,385.61,5,86
INLX,Technology,Software - Application,12.12,0.31,-0.31,-0.44,-7.5,-3.25,-21127.74,-0.42,-12.29,4.057,,5,18
COEP,Healthcare,Biotechnology,12.567,0.16,-0.05,-0.05,-10.92,-12.87,-21135.58,-6.87,1254539999999992.8,0.097,,5,96
CLGN,Healthcare,Biotechnology,2.64,-1.15,0.96,0.49,0.32,1.85,-21145.72,-1.13,-432.69,0.208,,5,4
MATV,Basic Materials,Specialty Chemicals,12.74,42.44,-261.67,13.67,-5.0,,-21158.42,-8.34,3.72,36.141,,5,65
JKS,Technology,Solar,24.09,-1.77,-22.0,5.36,-3.27,,-21181.49,-5.07,-38.53,1611.405,,5,8
AVT,Technology,Electronics & Computer Distribution,53.64,-13.57,0.02,0.49,-12.14,,-21182.36,2.75,-7.71,257.352,19.3,5,25
CYCU,Technology,Information Technology Services,0.2423,2.73,-1.04,-29.15,-6.82,-20.29,-21222.82,-0.36,-25.11,0.782,,5,10
CABO,Communication Services,Telecom Services,169.65,-169.91,41.67,-3.38,-10.16,,-21228.9,-88.11,-10.11,274.007,,5,21
JBTM,Industrials,Specialty Industrial Machinery,135.72,48.86,-14.23,-6.55,-12.71,,-21230.96,-2.31,83.31,64.608,,5,92
BHE,Technology,Electronic Components,40.79,-2.33,-4.1,0.19,-13.33,,-21237.85,1.04,-7.59,71.877,38.59,5,26
BBAI,Technology,Information Technology Services,6.28,-1.84,0.72,-7.6,-13.2,,-21240.12,-1.58,-21.36,0.555,,5,12
FBK,Financial Services,Banks - Regional,54.29,-13.0,0.04,2.68,-13.17,,-21242.54,1.94,-54.56,8.838,27.74,5,7
ETHZ,Healthcare,Biotechnology,2.51,1.23,0.13,0.12,-31.0,1.51,-21250.43,-14.95,-7.3,,,5,30
FLWS,Consumer Cyclical,Specialty Retail,5.65,0.0,-3.77,2.91,-7.75,-9.77,-21271.28,-3.13,-12.92,26.418,,5,17
EVLV,Industrials,Security & Protection Services,8.16,-24.0,18.0,0.0,-13.5,,-21272.96,-0.55,35.03,0.753,,5,88
CJMB,Industrials,Integrated Freight & Logistics,4.9,0.03,-0.44,-0.79,-10.8,-15.88,-21312.61,-1.06,-49.02,1.7,,5,7
INN,Real Estate,REIT - Hotel & Motel,5.98,1.0,-5.0,5.0,-15.5,,-21330.67,-0.1,2.85,6.8,,5,63
CMBT,Energy,Oil & Gas Midstream,9.51,-4.66,-1.06,-0.52,-22.75,-9.86,-21379.59,1.28,41.6,5.513,7.19,5,89
LAR,Basic Materials,Other Industrial Metals & Mining,3.29,0.33,-0.6,-1.5,-4.0,0.5,-21380.02,-0.11,-7.3,,,5,30
DEVS,Industrials,Pollution & Treatment Controls,2.75,2.42,-11.14,4.86,2.25,-0.13,-21398.61,0.7,67759999999992.7,0.004,3.76,5,96
FOXX,Technology,Consumer Electronics,5.23,-3.97,4.33,-0.68,-3.76,3.22,-21400.19,-0.93,1320.4,18.101,,5,95
COOT,Consumer Defensive,Packaged Foods,0.5302,-1.41,2.0,-1.08,-22.27,-4.17,-21426.44,-0.81,40.93,1.624,,5,89
CALC,Healthcare,Biotechnology,3.21,-0.11,0.19,0.16,-0.11,-37.0,-21427.64,-1.61,-7.3,,,5,30
DALN,Communication Services,Publishing,15.37,-2.19,6.14,2.01,-24.19,,-21431.28,-0.97,-14.86,22.629,,4,16
EQ,Healthcare,Biotechnology,1.5,0.5,-0.5,-807.04,-17.0,,-21445.4,-0.57,-7.484333333333333e+16,0.466,,4,1
DOUG,Real Estate,Real Estate Services,3.11,-2.86,0.0,3.71,-12.5,,-21452.18,-0.73,-14.36,12.308,,4,16
MSGS,Communication Services,Entertainment,215.37,7.43,-12.8,7.2,-16.14,,-21472.88,-0.94,-12.14,43.141,,4,18
GLOB,Technology,Information Technology Services,57.25,-15.0,-0.26,-0.14,-18.8,,-21605.12,2.45,3.53,56.541,23.27,4,65
CISS,Industrials,Marine Shipping,2.35,-2.7,0.58,-0.1,2.14,,-21624.7,21.9,122.73,67.552,0.1,4,93
CETY,Industrials,Specialty Industrial Machinery,0.2883,-1.0,1.0,0.5,0.0,3.0,-21648.79,-0.07,15.24,0.036,,4,81
MBLY,Consumer Cyclical,Auto Parts,14.59,0.62,-0.44,36.22,0.37,,-21709.23,-3.65,5.14,2.365,,4,68
HCSG,Healthcare,Medical Care Facilities,15.99,-2.91,0.44,-0.19,-21.0,,-21759.99,0.14,-1.77,24.105,113.07,4,49
GLRE,Financial Services,Insurance - Reinsurance,12.92,-86.0,2.07,-2.27,-22.0,,-21804.44,1.1,-2.52,20.491,11.69,4,46
CEVA,Technology,Semiconductors,26.34,-0.07,-1.0,-0.17,-14.0,,-21843.41,-0.06,-15.36,4.479,,4,15
FSP,Real Estate,REIT - Office,1.65,1.62,-0.17,-0.2,1.5,-2.0,-21864.79,-0.51,-24.36,1.08,,4,11
AVDX,Technology,Software - Infrastructure,9.94,-0.25,-3.0,0.0,-24.74,,-21872.8,-0.04,3.15,2.167,,4,64
BLBD,Industrials,Farm & Heavy Construction Machinery,60.15,0.41,-0.09,0.17,0.3,,-21900.08,3.49,14.92,44.382,17.11,4,81
CVI,Energy,Oil & Gas Refining & Marketing,33.87,0.07,-5.36,5.43,-6.43,,-21991.72,-3.32,-13.87,71.522,,4,16
MLAB,Technology,Scientific & Technical Instruments,69.17,2.51,-3.23,-3.03,0.38,,-21995.72,-0.13,-2.51,44.566,,4,46
BCIC,Financial Services,Asset Management,12.3,-48.0,7.5,0.88,0.41,-49.0,-22005.33,-0.94,-2048.29,5.895,,4,4
DMYY,Financial Services,Shell Companies,13.35,-0.41,-1.07,-15.0,-19.37,-28.0,-22016.83,-2.88,-7.3,,,4,30
F,Consumer Cyclical,Auto Manufacturers,11.74,-13.0,-0.42,-0.29,-47.0,-1.75,-22056.41,0.78,-0.39,46.616,14.9,4,53
FTRE,Healthcare,Biotechnology,10.65,0.51,-8.19,-1.19,-1.67,,-22064.23,-11.39,-3.93,30.355,,4,42
CIO,Real Estate,REIT - Office,6.95,-28.56,2.44,-1.82,-18.0,,-22117.21,-3.18,-6.79,4.197,,4,34
CTO,Real Estate,REIT - Diversified,16.46,-78.0,-8.0,-0.89,-24.67,-20.0,-22147.59,-1.3,20.11,4.686,,4,83
CMTG,Real Estate,REIT - Mortgage,3.95,-1.32,-0.17,-0.2,-13.44,-0.44,-22155.5,-2.98,-51.07,-1.056,,4,7
BLKB,Technology,Software - Application,68.31,4.4,68.4,-17.44,0.26,,-22181.98,-5.49,-6.14,23.327,,4,35
KIDZ,Consumer Defensive,Education & Training Services,1.46,-16.44,-0.68,-0.02,-30.01,,-22213.28,-0.01,-0.93,-0.044,,4,52
BMBL,Communication Services,Internet Content & Information,7.17,-19.85,20.15,1.05,-12.14,-0.46,-22294.35,-7.33,-8.66,9.434,,3,24
AZTA,Healthcare,Medical Instruments & Supplies,31.06,-0.31,-2.03,-1.65,-8.58,,-22349.58,-3.25,-4.52,14.454,,3,39
HL,Basic Materials,Other Precious Metals & Mining,10.77,0.8,1.5,6.66,1.25,,-22472.27,0.16,10.43,1.684,68.5,3,76
INBK,Financial Services,Banks - Regional,25.25,-4.5,-6.64,0.05,-32.5,,-22537.89,1.76,-2.88,12.194,13.72,3,45
IART,Healthcare,Medical Devices,15.38,-18.12,-2.31,2.82,-38.47,,-23056.96,-6.54,-7.22,21.195,,3,33
CANG,Financial Services,Capital Markets,4.62,-18.77,-4.7,-0.22,-24.82,,-23136.55,-3.58,6.67844582e+18,27.319,,3,99
CWAN,Technology,Software - Application,19.31,-4.0,-60.67,91.5,-44.71,,-23149.45,1.6,46.77,2.311,11.39,3,90
AVNS,Healthcare,Medical Devices,12.28,-12.86,62.71,-87.4,-42.5,,-23179.03,-10.02,-4.12,15.038,,3,41
FLD,Financial Services,Capital Markets,3.4,7.62,-0.48,-0.93,6.77,-92.74,-23218.61,-0.73,-4.820947499999996e+16,0.176,,3,2
BZH,Consumer Cyclical,Residential Construction,25.73,-43.0,3.2,-3.95,-90.0,-2.02,-23422.91,2.21,-12.47,79.326,11.27,3,18
KVAC,Financial Services,Shell Companies,11.59,-1.49,1.61,2.64,-0.78,-4.75,-24447.99,-0.24,-7.3,,,3,30
MCHP,Technology,Semiconductors,66.26,2.22,-1.9,-2.5,-3.67,,-24518.4,-0.34,-24.28,7.874,,3,11
INBX,Healthcare,Biotechnology,26.65,0.51,0.1,-0.09,-69.7,,-24894.57,-16.57,665.76,0.09,,3,95
CAPS,Basic Materials,Building Materials,1.52,2.62,6.24,0.86,63.85,26.47,-24963.66,-14.12,-11.68,8.024,,3,19
CRI,Consumer Cyclical,Apparel Retail,31.8,-42.0,-2.98,0.06,-75.0,,-25363.51,3.75,-7.19,80.224,8.34,3,33
HELE,Consumer Defensive,Household & Personal Products,23.22,-1.25,-5.02,1.89,-76.55,,-25469.63,-14.54,-17.16,81.449,,3,14
DNUT,Consumer Defensive,Grocery Stores,3.64,-11.75,-0.54,-2.77,-84.0,,-25824.96,-2.65,-15.5,9.043,,3,15
KHC,Consumer Defensive,Packaged Foods,26.08,-12.0,-1.95,8.37,-83.5,,-25908.23,-4.46,-8.69,21.118,,3,24
LIVE,Consumer Cyclical,Home Improvement Retail,18.31,-1.91,30.87,3.34,2.92,5.9,-26162.31,-1.35,-7.13,142.74,,3,33
LOMA,Basic Materials,Building Materials,7.13,-53.05,-0.04,0.07,-102.98,,-27046.77,0.3,-1.83,5716.047,24.03,3,49
HAIN,Consumer Defensive,Packaged Foods,1.49,-1.05,-0.3,-4.23,-101.0,,-27180.65,-5.89,-19.71,17.306,,3,12
KTCC,Technology,Computer Hardware,3.59,-5.0,6.67,-5.6,-105.71,,-27490.18,-0.77,-21.65,43.474,,3,11
LNZA,Industrials,Waste Management,20.5,-149.0,0.4,1.07,-106.14,,-27598.73,-68.0,-58.36,20.011,,3,6
FLYE,Consumer Cyclical,Auto Manufacturers,0.7348,-0.82,-4.5,0.67,-29.0,-192.55,-27755.03,-2.4,-33.83,4.266,,3,8
H,Consumer Cyclical,Lodging,142.76,-7.67,3.9,-9.19,-119.33,,-28234.32,4.41,7.13,33.275,32.44,2,71
KLTO,Healthcare,Biotechnology,0.55,-0.5,0.62,0.38,-3.0,-123.41,-29805.42,-0.46,-7.3,,,2,30
GTI,Basic Materials,Other Industrial Metals & Mining,3.86,-13.57,0.0,0.19,-9.53,9.0,-32885.26,-9.38,328773333333326.0,0.02,,2,96
CLF,Basic Materials,Steel,11.43,0.03,-0.09,-0.77,-228.01,,-35630.92,-3.41,-10.61,37.977,,2,20
MGNI,Communication Services,Advertising Agencies,23.88,2.14,-4.71,5.5,9.0,,-40822.26,0.3,1.24,4.843,86.4,2,59
LRHC,Real Estate,Real Estate Services,7.68,20.64,-0.93,-13.45,10.22,-15.74,-41296.89,-55.12,21.71,178.107,,2,84
COTY,Consumer Defensive,Household & Personal Products,4.27,4.87,-24.5,-3.5,-2.77,-831.37,-48219.47,-0.44,-11.98,6.766,,2,18
LION,,,7.15,20.5,-1.44,-0.17,8.12,,-60625.38,,0.05,,,2,55
INGM,Technology,Information Technology Services,21.28,-0.81,-0.06,-0.06,-0.45,0.38,-146027.0,1.2,-1.69,217.368,17.52,2,49
CAEP,Financial Services,Shell Companies,10.26,-10.56,0.41,0.29,-105.37,-86500.0,-2907460.14,-0.0,-7.3,,,2,30
CEPT,Financial Services,Shell Companies,10.55,79.83,0.61,0.38,1628.53,-88800.0,-2926375.75,0.04,-7.3,,263.25,2,30
GMGI,Communication Services,Electronic Gaming & Multimedia,0.9968,-3000000.0,1500000.0,1.0,-56.76,-205400.0,-6869057.74,-0.08,20.91,1.33,,2,84
MNTK,Basic Materials,Specialty Chemicals,2.3,-4000000.0,-6000000.0,-1.0,-3.0,-1000000.0,-33353708.41,0.02,-2.14,1.271,104.5,2,48
JFB,Real Estate,Real Estate - Development,5.4,-26000000.0,-108133.33,-1.0,-81.15,-1225900.0,-40886949.18,-0.25,-32.14,2.912,,2,9
LZ,Industrials,Specialty Business Services,11.1,-3000000.0,-1.33,0.17,-1000000.0,,-66686939.63,0.16,0.34,4.002,68.44,2,55
MLSS,Healthcare,Medical Instruments & Supplies,0.5378,0.0,0.0,0.0,-2000000.0,0.0,-66687017.55,-0.08,7.45,0.113,,2,72
FA,Industrials,Specialty Business Services,15.66,24000000.0,1.58,-9.33,-1000000.0,,-66687042.64,-0.97,69.4,7.669,,2,91
GROW,Financial Services,Asset Management,2.56,0.0,-2.0,-3.0,-4.0,-3000000.0,-100020552.63,-0.03,-38.2,0.633,,2,8
DTST,Technology,Information Technology Services,4.56,-10000000.0,-1000000.0,-1.0,-1.5,-5000000.0,-166687130.52,-0.05,3.49,3.616,,2,64
CIIT,Technology,Electronics & Computer Distribution,0.8311,-5.0,0.0,-1.0,-6000000.0,-2.0,-200020276.81,-0.08,9244891111111104.0,0.638,,2,97
MAMO,Consumer Cyclical,Recreational Vehicles,2.85,5000000.0,0.1,0.09,-7000000.0,-2.54,-233353817.7,-0.12,-61.79,1.916,,2,6
HITI,Healthcare,Pharmaceutical Retailers,3.98,-0.33,1.0,-7.0,-4000000.0,,-266686909.47,-0.08,15.84,7.019,,2,81
DXLG,Consumer Cyclical,Apparel Retail,1.46,4000000.0,-1.0,0.5,-4000000.0,,-266687132.64,-0.1,-13.6,8.206,,2,17
GYRE,Healthcare,Biotechnology,7.69,-3000000.0,3000000.0,-1000000.0,-4000000.0,,-266687536.26,0.02,-1.24,1.181,362.5,2,51
EGAN,Technology,Software - Application,9.01,0.0,-2000000.0,0.0,-5000000.0,-5000000.0,-333353599.25,1.13,-5.45,3.14,8.01,2,37
LSH,Industrials,Integrated Freight & Logistics,1.14,0.86,-0.44,-1.0,-14000000.0,-27.0,-466682324.85,-0.58,-6.11,2.284,,1,35
GBTG,Consumer Cyclical,Travel Services,8.22,-4.33,3.67,3.67,-1.0,5.0,-555575771.63,-0.12,12.46,5.244,,1,79
MQ,Technology,Software - Infrastructure,5.81,2000000.0,1.5,0.2,-23000000.0,,-1533353586.2,-0.13,5.32,1.122,,1,68
GRDN,Healthcare,Medical Care Facilities,26.42,0.0,-0.27,11.53,15000000.0,,-1613531456.39,-1.48,7.79,21.24,,1,72
GTE,Energy,Oil & Gas E&P,4.1,0.5,-1.16,-7.25,-4.22,-54000000.0,-1800020675.35,-1.95,-9.04,18.26,,1,23
BTM,Financial Services,Capital Markets,3.92,-0.25,2.6,-6.05,2.26,,-2278730187.42,-0.02,-3.13,27.556,,1,44
LILAK,Communication Services,Telecom Services,8.28,-2.07,1.11,0.53,-8.64,-69000000.0,-2300020710.65,-5.91,-10.09,22.316,,1,21
LILA,Communication Services,Telecom Services,8.17,-2.07,1.11,0.53,-8.64,-69000000.0,-2300020710.65,-5.91,-10.09,22.316,,1,21
HUSA,Energy,Oil & Gas E&P,6.72,-0.59,-0.75,-3.0,-12.87,-70000000.0,-2333354166.88,-9.01,-24.35,-0.027,,1,11
CATO,Consumer Cyclical,Apparel Retail,4.5,1.06,5.35,0.07,34.0,,-3133351422.67,-1.0,-6.18,34.328,,1,35
COE,Consumer Defensive,Education & Training Services,45.31,-60000000.0,0.0,10923000.0,-60000000.0,,-4000020362.07,-0.6,269.75,11.798,,1,94
HUIZ,Financial Services,Insurance Brokers,3.21,-100000000.0,-200000000.0,2.0,-2.0,,-7777798202.74,-0.28,-25.09,121.961,,1,10
AVBC,Financial Services,Banks - Regional,15.92,3.99,-5.93,-0.51,,,,-0.11,,3.67,,,
BAYA,Financial Services,Shell Companies,11.12,0.0,-0.11,-0.1,-0.11,-0.22,,0.37,,,30.05,,
BAYAU,Financial Services,Shell Companies,11.35,,,,,,,,,,,,
BBOT,Healthcare,Biotechnology,10.82,-0.29,-0.01,-0.41,,,,-1.1,,,,,
BEAGU,Financial Services,Shell Companies,10.6,,,,,,,,-7.3,,,,30
BHFAM,Financial Services,Insurance - Life,12.0219,,,,,,,12.609,-49.71,136.936,1.01,,7
BHFAN,Financial Services,Insurance - Life,13.17,,,,,,,12.609,-49.71,136.936,1.1,,7
BHFAO,Financial Services,Insurance - Life,16.23,,,,,,,12.609,-49.71,136.936,1.36,,7
BHFAP,Financial Services,Insurance - Life,15.94,,,,,,,12.609,-49.71,136.936,1.33,,7
BKHA,Financial Services,Shell Companies,11.1,-0.17,-0.21,-0.18,0.5,4.93,,0.36,,,30.83,,
BKHAU,Financial Services,Shell Companies,10.77,,,,,,,,,,,,
BLSH,Technology,Software - Infrastructure,65.61,4.2,-1.98,-2.11,,,,-1.0,,2293.053,,,
BOWNU,Financial Services,Shell Companies,13.02,,,,,,,,-7.3,,,,30
BPYPO,Real Estate,Real Estate Services,14.98,,,,,,,2.196,-28.16,22.34,6.94,,9
BPYPP,Real Estate,Real Estate Services,15.32,,,,,,,2.196,-28.16,22.34,7.07,,9
BTCM,Technology,Information Technology Services,2.86,0.0,,,,,,-2.0,,1.74,,,
BTCT,Technology,Computer Hardware,2.91,0.0,0.29,0.11,,,,-0.66,1.3145555555555774e+16,3.862,,,98
BTSGU,Healthcare,Health Information Services,93.78,,,,,,,,18.45,62.843,,,83
BUSEP,Financial Services,Banks - Regional,25.51,,,,,,,,41.19,7.321,,,89
BWBBP,Financial Services,Banks - Regional,20.75,,,,,,,1.56,15.97,4.344,13.6,,81
BYSI,Healthcare,Biotechnology,1.72,-3.75,2.1,-0.25,,,,-0.2,,,,,
CAI,Healthcare,Biotechnology,33.43,-18.92,-0.14,0.49,,,,-3.94,,12.415,,,
CANF,Healthcare,Biotechnology,0.651,,,,,,,0.0,,0.0,,,
CARL,Healthcare,Health Information Services,15.35,-3.45,3.14,-0.15,,,,-0.99,,8.949,,,
CCCX,Financial Services,Shell Companies,11.25,154.84,-0.66,5.17,,,,0.04,,,304.25,,
CCIX,Financial Services,Shell Companies,10.52,-2.5,-0.21,-0.18,-3.0,93.71,,0.23,,,45.78,,
CCIXU,Financial Services,Shell Companies,10.66,,,,,,,,,,,,
CCNEP,Financial Services,Banks - Regional,24.9662,,,,,,,3.22,2.35,10.774,7.89,,61
CDZIP,Utilities,Utilities - Regulated Water,19.9099,,,,,,,-0.834,526.82,0.201,,,94
CEPF,Financial Services,Shell Companies,10.165,0.76,-8.35,-5700.0,,,,-0.0,,,,,
CERO,Healthcare,Biotechnology,5.43,-0.94,4.66,0.68,,,,-358.33,-7.3,,,,30
CHEK,Healthcare,Diagnostics & Research,2.51,,,,,,,-4.3,,,,,
CHYM,Technology,Software - Application,23.34,-71.9,-10000000.0,0.0,,,,-2.52,,24.048,,,
CMBM,Technology,Communication Equipment,0.7501,-0.03,1.88,0.48,,,,-3.54,,6.17,,,
CNF,Financial Services,Mortgage Finance,3.01,,,,,,,-1.13,,49.806,,,
CNOBP,Financial Services,Banks - Regional,23.9,,,,,,,3.15,10.53,6.169,7.59,,76
CNTB,Healthcare,Biotechnology,1.61,-0.21,-2.42,2.69,,,,-0.81,,0.035,,,
CODI,Industrials,Conglomerates,7.3,-2.33,6.62,0.89,,,,-1.25,15.37,29.133,,,81
COLA,Financial Services,Shell Companies,10.21,2.0,1.17,6.93,12.57,,,0.07,,,145.86,,
COLAU,Financial Services,Shell Companies,10.75,,,,,,,,,,,,
CRCL,Financial Services,Capital Markets,140.42,-14.58,33000000.0,0.0,,,,-1.74,,30.8,,,
CV,Healthcare,Medical Devices,4.64,0.3,-0.01,-0.25,,,,-0.44,,5.76,,,
DAIC,Technology,Information Technology Services,3.29,-0.93,-12.68,,,,,-0.7,,0.004,,,
DDC,Consumer Defensive,Packaged Foods,11.05,,,,,,,5.18,,28.57,2.06,,
DHAI,Healthcare,Medical Devices,0.213,-10.0,1.0,,,,,-0.32,,2.073,,,
DTSQU,Financial Services,Shell Companies,10.45,,,,,,,,-7.3,,,,30
DYCQU,Financial Services,Shell Companies,11.1,,,,,,,,-7.3,,,,30
EFSCP,Financial Services,Banks - Regional,20.68,,,,,,,4.142,2.88,17.187,4.93,,63
EHLD,Industrials,Marine Shipping,7.17,-12.3,3.98,0.49,,,,4.23,,4.816,1.67,,
ETOR,Financial Services,Capital Markets,43.93,-0.93,0.96,-1.1,,,,2.24,,625.567,19.71,,
ETS,Industrials,Trucking,1.03,0.88,-3.16,-1.56,,,,,,0.197,,,
EURK,Financial Services,Shell Companies,10.68,-0.15,-0.33,1.03,43.47,53.97,,-0.15,,,,,
EURKU,Financial Services,Shell Companies,10.75,,,,,,,,,,,,
FCNCP,Financial Services,Banks - Regional,21.87,,,,,,,57.468,18.14,652.074,0.39,,83
FER,Industrials,Engineering & Construction,58.19,,,,,,,5.46,,12.966,10.56,,
FGBIP,Financial Services,Banks - Regional,18.94,,,,,,,2.603,-40.66,4.685,7.13,,8
FGMC,Financial Services,Shell Companies,9.9645,0.37,1.12,9.56,658.26,69.44,,0.08,,,124.5,,
FGMCU,Financial Services,Shell Companies,10.2,,,,,,,,,,,,
FIG,Technology,Software - Application,58.41,1136.73,-0.18,-174354400.0,,,,-1.15,,4.124,,,
FIGR,Financial Services,Capital Markets,43.175,37.51,-18.49,3.09,,,,0.3,,6.605,149.87,,
FITBI,Financial Services,Banks - Regional,25.79,,,,,,,3.483,-0.97,11.858,7.41,,52
FITBO,Financial Services,Banks - Regional,21.3,,,,,,,3.483,-0.97,11.85,6.08,,52
FITBP,Financial Services,Banks - Regional,25.36,,,,,,,3.483,-0.97,11.85,7.3,,52
FLY,Industrials,Aerospace & Defense,45.22,1085.37,,,,,,-1.96,,8.297,,,
FORLU,Financial Services,Shell Companies,11.51,,,,,,,,-7.3,,,,30
FPAY,Industrials,Rental & Leasing Services,0.7603,3.6,-1.17,,,,,-0.2,,6.492,,,
FRGT,Technology,Software - Application,1.29,8.68,7.45,0.75,,,,38.34,,16.751,0.04,,
FRMEP,Financial Services,Banks - Regional,25.67,,,,,,,3.81,-3.18,11.029,6.73,,44
FSHPU,Financial Services,Shell Companies,10.7,,,,,,,,-7.3,,,,30
FULTP,Financial Services,Banks - Regional,20.63,,,,,,,1.57,9.51,6.654,13.08,,75
GDEV,Communication Services,Electronic Gaming & Multimedia,16.98,0.14,,,,,,2.56,,23.463,8.37,,
GELS,Healthcare,Drug Manufacturers - Specialty & Generic,1.46,,,,,,,-0.36,,0.045,,,
GLIBA,Communication Services,Telecom Services,36.08,-0.3,1.69,-0.54,,,,3.45,,36.658,10.46,,
GLIBK,Communication Services,Telecom Services,35.6,-0.3,1.69,-0.54,,,,3.45,,36.658,10.29,,
GMHS,Communication Services,Electronic Gaming & Multimedia,1.37,,,,,,,0.07,,2.29,20.57,,
GNFT,Healthcare,Biotechnology,4.3825,,,,,,,0.04,,1.421,108.25,,
GPATU,Financial Services,Shell Companies,10.66,,,,,,,,-7.3,,,,30
GRFS,Healthcare,Drug Manufacturers - General,9.82,0.68,0.33,2.8,,,,0.52,1.43,5.666,18.73,,59
GRRR,Technology,Software - Infrastructure,20.5,0.0,2.7,0.73,,,,-6.73,-12.38,5.903,,,18
GSRFU,Financial Services,Shell Companies,10.13,,,,,,,,,,,,
GSRT,Financial Services,Shell Companies,10.33,1.07,1.18,6.6,72.14,4000000.0,,0.14,,,75.57,,
GSRTU,Financial Services,Shell Companies,11.42,,,,,,,,,,,,
GTEN,,,10.25,-30.44,-137800.0,,,,,,,,,,
GTENU,,,10.3609,,,,,,,,,,,,
GWAV,Industrials,Waste Management,7.11,0.0,31.24,5.98,,,,-423.48,23.21,309.17,,,85
HBANL,Financial Services,Banks - Regional,25.99,,,,,,,,0.23,4.979,,,55
HBANM,Financial Services,Banks - Regional,23.8125,,,,,,,0.778,0.23,4.979,30.76,,55
HBANP,Financial Services,Banks - Regional,18.68,,,,,,,0.778,0.23,4.979,24.04,,55
HLN,Healthcare,Drug Manufacturers - Specialty & Generic,9.24,0.0,0.07,0.08,,,,0.46,-5.56,2.432,19.91,,37
HMR,Industrials,Marine Shipping,1.35,-1.4,-40.59,-10.97,,,,-0.1,,0.476,,,
HNGE,Healthcare,Health Information Services,56.91,-8.4,10.39,1.05,,,,-5.46,,21.929,,,
HOVNP,,,20.52,,,,,,,,0.77,,,,57
HSPOU,Financial Services,Shell Companies,12.21,,,,,,,,-7.3,,,,30
HSPT,Financial Services,Shell Companies,10.32,-1.14,1.18,6.63,25.1,133.43,,0.13,,,79.38,,
HSPTU,Financial Services,Shell Companies,10.44,,,,,,,,,,,,
HTFL,Healthcare,Health Information Services,32.48,-0.07,,,,,,-1.34,,8.528,,,
HTLM,Consumer Cyclical,Specialty Retail,3.5,3.09,3.09,,,,,-0.37,,,,,
HTOO,Utilities,Utilities - Renewable,4.74,0.0,,,,,,-15.73,,13.492,,,
HYAC,Financial Services,Shell Companies,11.21,0.0,-0.12,-0.11,-0.25,-0.25,,0.34,,,32.97,,
IFS,Financial Services,Banks - Regional,39.4,0.0,0.0,0.0,,,,4.64,0.57,47.029,8.64,,56
ILLR,Technology,Software - Application,1.22,,,,,,,-2.42,,0.494,,,
IMOS,Technology,Semiconductors,19.36,-1.06,,,,,,0.39,,628.92,49.69,,
IROHU,Financial Services,Shell Companies,9.86,,,,,,,,-7.3,,,,30
ISRLU,Financial Services,Shell Companies,12.99,,,,,,,,-7.3,,,,30
JCAP,Financial Services,Credit Services,18.44,20.39,0.58,-0.02,,,,2.35,,9.137,7.63,,
JDZG,Technology,Information Technology Services,2.1002,,,,,,,0.26,,6.111,7.79,,
KBSX,Basic Materials,Steel,1.5818,,,,,,,-0.2,,1.244,,,
KG,Financial Services,Insurance Brokers,28.13,274.47,,,,,,9.21,,1.289,3.16,,
KLAR,Technology,Software - Infrastructure,44.99,0.94,-13.43,3.43,,,,-0.3,,8.135,,,
KNDI,Consumer Cyclical,Recreational Vehicles,1.38,0.0,-3.5,,,,,-0.6,,1.218,,,
KRKR,Communication Services,Advertising Agencies,7.63,,,,,,,-9.15,,109.583,,,
KUKE,Communication Services,Entertainment,1.48,,,,,,,-2.31,,17.363,,,
KVACU,Financial Services,Shell Companies,11.5,,,,,,,,-7.3,,,,30
KWM,Communication Services,Entertainment,2.34,,,,,,,-0.2,,7.181,,,
KYIV,Communication Services,Telecom Services,11.25,0.86,-0.64,1.0,,,,1.3,,79.189,8.67,,
LBRX,Healthcare,Biotechnology,16.02,0.0,,,,,,-1.46,,,,,
LCFY,Communication Services,Internet Content & Information,6.32,-10.5,15.5,-0.29,,,,-1.9,-7.99,2.339,,,25
LEGT,Financial Services,Shell Companies,10.78,0.0,-0.12,-0.11,-0.25,0.0,,0.36,,,29.86,,
LGN,Industrials,Engineering & Construction,29.72,6.44,-7.33,3.42,,,,0.33,,,94.94,,
LIMN,Healthcare,Biotechnology,1.29,-0.11,,,,,,-0.16,,,,,
LITM,Basic Materials,Other Industrial Metals & Mining,3.92,3.0,,,,,,-2.83,,,,,
LPAA,Financial Services,Shell Companies,10.49,-0.14,-0.25,113.61,,,,0.29,,,36.21,,
LPAAU,Financial Services,Shell Companies,10.59,,,,,,,,,,,,
LU,Financial Services,Credit Services,3.21,0.18,0.15,,,,,-0.77,,52.533,,,
LVRO,Basic Materials,Agricultural Inputs,1.62,0.09,0.08,-19.04,,,,-1.56,,79.92,,,
LZM,Basic Materials,Other Industrial Metals & Mining,5.12,-0.8,,,,,,-0.53,,0.005,,,
MAXN,Technology,Solar,3.73,6.12,-3.04,7.91,,,,34.66,-261.9,12.125,0.11,,4
MBINL,Financial Services,Banks - Regional,23.09,,,,,,,,6.41,13.055,,,70
MBINM,Financial Services,Banks - Regional,24.9,,,,,,,,6.41,13.055,,,70
MBINN,Financial Services,Banks - Regional,21.24,,,,,,,4.43,6.41,13.055,4.81,,70
MCHB,Financial Services,Banks - Regional,13.735,3.59,,,,,,0.84,,2.818,16.27,,
MCHPP,Technology,Semiconductors,61.19,,,,,,,,-24.28,7.874,,,11
MNSBP,Financial Services,Banks - Regional,25.07,,,,,,,2.633,8.31,8.46,9.48,,73
MRT,Technology,Software - Application,2.28,,,,,,,-1.25,,0.316,,,
MSBIP,Financial Services,Banks - Regional,24.11,,,,,,,,-10.59,10.309,,,20
