Ticker,Sector,Industry,Price,EPS QoQ (%),QoQ 2Q Algo (%),QoQ 3Q Algo (%),EPS YoY (%),YoY 2Q Algo (%),EPS RS,TTM EPS,Rev RS,TTM RPS,TTM PE,Rating (EPS RS),Rating (Rev RS)
UXIN,Consumer Cyclical,Auto & Truck Dealerships,3.55,32349200.0,-0.18,32.38,1800000000.0,,120000000006.65,-34.31,20.74,9.311,,99,83
UNCY,Healthcare,Biotechnology,4.09,-52000000.0,25000000.0,1.0,-2.54,610000000.0,20333333298.02,-2.74,306666666666652.25,,,99,96
VTRS,Healthcare,Drug Manufacturers - Specialty & Generic,9.86,255000000.0,-4.93,-6.37,27000000.0,,1799999571.58,-2.93,-16.82,11.881,,99,18
RVP,Healthcare,Medical Instruments & Supplies,0.8285,35000000.0,-0.67,-2.0,48000000.0,-36.0,1599998692.75,-0.3,11.38,1.275,,99,79
SRAD,Technology,Software - Application,29.47,1.12,8000000.0,-12000000.0,17000000.0,,1133333396.0,0.4,8.03,4.282,75.35,99,76
SKIN,Consumer Defensive,Household & Personal Products,2.37,3.0,0.0,0.87,16000000.0,,1066666840.2,-0.18,-17.09,2.482,,99,18
SGRP,Industrials,Specialty Business Services,1.17,-2000000.0,3.0,3.0,17000000.0,-13.0,566666240.15,-0.26,-70.64,6.119,,98,7
TLYS,Consumer Cyclical,Apparel Retail,2.02,7.73,-0.26,-0.36,11000000.0,-0.14,366666592.03,-1.51,-18.64,18.278,,98,17
THTX,Healthcare,Biotechnology,3.31,-9000000.0,-3000000.0,-1.0,-5.5,10000000.0,333333246.64,-0.19,-23.59,1.709,,98,13
TWFG,Financial Services,Insurance Brokers,25.26,0.44,-0.22,0.37,-3.04,,316666503.94,0.4,3.44,9.992,62.75,98,70
TDAC,Financial Services,Shell Companies,10.34,0.0,0.5,1.02,183.29,7000000.0,233339633.95,0.14,-9.89,,73.86,98,32
TPG,Financial Services,Asset Management,63.73,-1.67,1.0,0.0,6.0,,233333770.86,-0.18,-23.95,33.73,,98,13
VRAR,Technology,Software - Infrastructure,1.67,-7000000.0,6000000.0,0.25,0.29,4000000.0,133333401.07,-0.36,-15.99,0.463,,98,19
XTNT,Healthcare,Medical Devices,0.66,3000000.0,2000000.0,1.0,2.0,3000000.0,100000067.93,-0.04,12.4,0.925,,98,80
WRN,Basic Materials,Other Industrial Metals & Mining,1.66,0.0,171700.0,1.0,2000000.0,1000000.0,100000034.6,-0.01,-9.89,,,98,32
SSII,Healthcare,Medical Devices,5.44,3000000.0,-0.2,-0.25,2000000.0,1.0,66666876.52,-0.06,1595718888889022.5,0.155,,98,97
TALK,Healthcare,Health Information Services,2.65,0.0,-1000000.0,0.0,280200.0,,18680225.28,0.02,8.25,1.203,128.0,98,76
TRNR,Consumer Cyclical,Personal Services,3.5,7.17,3.17,20.07,4260.0,,285009.6,17152.49,122.24,18.709,0.0,97,92
SMLR,Healthcare,Medical Devices,29.49,2.18,-2.85,3.55,3603.78,,240303.88,4.56,-59.91,4.723,6.4,97,8
WHLR,Real Estate,REIT - Retail,1.54,15.6,-155.71,2.59,1221.74,,82202.11,-14.19,-3.83,93.907,,97,52
SYTA,Technology,Communication Equipment,2.67,2.79,0.35,0.26,1912.79,374.58,77180.01,2079.45,0.94,5.665,0.0,97,65
TNXP,Healthcare,Biotechnology,28.37,-0.36,2.44,1.35,496.63,,34111.2,2537.0,8631111111111098.0,2.437,0.01,97,98
TBI,Industrials,Staffing & Employment Services,6.46,47.0,-0.2,-0.54,344.0,,22824.59,-1.2,-13.89,51.674,,97,22
SUNE,Technology,Solar,1.43,-13.62,26.9,0.96,14.25,550.7,18992.98,-6.89,7988.59,71.457,,97,95
XNET,Technology,Software - Infrastructure,8.13,897.38,11.0,-3.15,270.0,,18104.71,-0.05,14.64,5.696,,97,81
RYN,Real Estate,REIT - Specialty,26.03,132.5,-111.0,10.58,262.0,,17519.95,2.48,-3.75,8.17,10.37,97,52
WEX,Technology,Software - Infrastructure,168.33,0.08,0.14,-0.58,0.07,,16503.83,7.89,-8.94,68.016,20.71,97,38
VRCA,Healthcare,Biotechnology,4.04,51.0,1.4,1.04,186.0,,12437.37,-7.74,80.18,1.935,,97,91
RSI,Consumer Cyclical,Gambling,21.69,2.0,2.0,1.0,145.11,,9831.28,0.21,12.86,11.311,104.86,97,80
SOBR,Technology,Scientific & Technical Instruments,3.25,0.11,19.47,0.95,85.18,158.05,8590.49,315.42,39246666666760.62,0.396,0.01,96,96
WRD,Technology,Software - Application,10.46,0.02,0.76,0.56,117.72,,8200.79,-1.2,57.19,1.785,,96,90
TGL,Technology,Software - Application,1.27,110.0,34.0,2.82,3.13,221.0,7565.69,356.1,-76.32,3.504,0.0,96,7
YPF,Energy,Oil & Gas Integrated,24.41,4.25,17.5,-6.07,-9.15,,6749.84,3.1,-9.47,51462.508,7.7,96,36
STSS,Healthcare,Medical Instruments & Supplies,8.09,-9.68,5.48,1.22,180.79,10.0,6410.45,-1196.84,1484813333333323.5,0.84,,96,96
TRAW,Healthcare,Biotechnology,2.06,-20.73,2.53,1.65,185.55,3.73,6343.75,4.19,3119.94,0.609,0.48,96,95
UAVS,Technology,Computer Hardware,1.83,-2.59,16.22,1.07,36.69,139.24,6013.76,24.42,11.94,1.752,0.08,96,79
XXII,Consumer Defensive,Tobacco,1.76,-4.44,14.35,0.93,0.9,157.03,5769.1,1500.24,-75.98,245.286,0.0,96,7
XPON,Industrials,Electrical Equipment & Parts,1.25,-0.11,3317.07,1.0,72.66,83.59,5288.64,39.67,83.01,3.796,0.03,96,91
RNAZ,Healthcare,Biotechnology,11.23,12.7,0.55,0.36,131.6,7.51,5287.58,-61.43,-9.89,,,96,32
XTIA,Industrials,Aerospace & Defense,1.52,0.3,3.78,0.79,88.42,31.64,4774.66,420.62,3557777777777719.5,1.069,0.0,96,97
TAC,Utilities,Utilities - Independent Power Producers,13.47,-3.53,9.0,9.0,-3.11,-3.8,4732.56,-0.39,-33.7,8.427,,95,10
UA,Consumer Cyclical,Apparel Manufacturing,4.84,15.0,-16000000.0,-39000000.0,69.0,,4610.89,0.22,-13.92,11.892,21.55,95,22
UAA,Consumer Cyclical,Apparel Manufacturing,4.95,15.0,-16000000.0,-39000000.0,69.0,,4610.89,0.22,-13.92,11.892,21.95,95,22
SND,Energy,Oil & Gas Equipment & Services,2.12,2.13,-7.2,40.71,56.0,,4506.81,0.03,14.58,7.821,71.0,95,81
RNW,Utilities,Utilities - Renewable,7.72,0.7,2.15,-2.26,57.12,,3899.79,0.28,43.59,312.234,27.18,95,88
WW,Consumer Cyclical,Personal Services,30.18,17.27,-3.94,2.87,50.07,,3319.75,13.55,-24.55,9.545,2.2,95,13
XYZ,Technology,Software - Infrastructure,77.37,1.84,-0.24,-0.19,1.75,-1.48,3136.98,4.68,-7.19,38.659,16.46,95,42
TUSK,Industrials,Conglomerates,2.34,19.0,31.0,0.56,19.06,,2981.95,-1.69,-10.88,3.916,,95,27
SGHC,Consumer Cyclical,Gambling,11.69,0.0,0.73,2.64,69.22,0.3,2276.16,0.26,12.26,4.428,45.23,95,79
VMAR,Consumer Cyclical,Recreational Vehicles,1.45,7.53,-1.83,7.96,50.05,16.41,2264.7,-268.45,-187.36,3.38,,95,5
TSQ,Communication Services,Advertising Agencies,6.87,2.2,-14.25,1.24,33.6,,2251.31,2.2,-10.59,28.46,3.19,95,28
UVV,Consumer Defensive,Tobacco,56.24,-0.09,-5.46,1.3,33.0,,2241.57,4.11,-6.3,117.863,13.45,94,44
SYBX,Healthcare,Biotechnology,1.67,-2.33,2.0,2.0,-7.25,71.33,2226.89,-0.09,-4665.5,0.0,,94,4
RPT,Real Estate,REIT - Mortgage,2.66,9.0,-2.33,4.0,33.0,,2207.33,0.11,97.09,0.121,24.18,94,92
RMNI,Technology,Software - Application,4.73,7.25,-0.75,7.71,34.0,,2187.79,-0.04,-7.68,4.68,,94,41
VICR,Technology,Electronic Components,53.84,14.33,-2.83,-0.13,31.67,,2064.62,1.46,-2.0,8.407,36.22,94,58
TDOC,Healthcare,Health Information Services,8.26,1.79,-0.89,-0.47,24.89,,2019.41,-1.15,-11.54,14.645,,94,26
XPOF,Consumer Cyclical,Leisure,8.2,9.0,12.6,-3.69,28.0,,1925.8,-1.79,0.17,9.461,,94,64
SRPT,Healthcare,Biotechnology,18.52,3.29,-3.79,3.71,27.71,,1924.48,-0.68,48.94,25.645,,94,89
TTEC,Technology,Information Technology Services,3.79,-6.67,-0.33,12.0,36.06,,1888.68,-0.53,-12.91,44.845,,94,23
SIF,Industrials,Aerospace & Defense,7.4,3.43,0.65,-1.05,55.0,0.17,1757.76,-0.31,-12.35,13.851,,94,24
YCBD,Healthcare,Drug Manufacturers - Specialty & Generic,0.7196,8.05,-0.08,2.04,41.52,4.71,1669.92,0.51,-29.36,9.412,1.29,94,11
WLFC,Industrials,Rental & Leasing Services,149.87,2.71,-0.27,-0.18,0.37,,1582.83,16.75,19.84,95.879,8.71,93,83
SUI,Real Estate,REIT - Residential,128.0,30.47,4.18,-2.31,22.86,,1570.17,-0.61,-3.78,25.553,,93,52
WBTN,Communication Services,Internet Content & Information,21.1,4.67,3.24,-5.8,22.33,,1525.65,-0.78,-0.22,10.63,,93,63
TTWO,Communication Services,Electronic Gaming & Multimedia,249.74,300.14,-28.69,1.93,20.71,,1362.94,-24.13,4.8,32.722,,93,72
SSSS,Financial Services,Asset Management,9.21,88.67,3.33,0.77,6.84,28.0,1339.9,1.97,685.57,0.118,4.64,93,94
VNO,Real Estate,REIT - Office,41.92,7.6,44.0,11.0,19.37,,1336.85,4.05,-9.82,9.886,10.29,93,35
VEON,Communication Services,Telecom Services,52.83,141.67,0.31,-10.07,7.82,34.83,1317.88,201.0,-5.54,58.691,0.27,93,47
TNFA,Healthcare,Biotechnology,3.9,1.0,1.04,0.51,24.22,13.28,1304.41,-202.0,-9.89,,,93,32
RYAAY,Industrials,Airlines,56.75,0.7,2.32,-22.58,1.44,33.94,1294.33,4.51,20.19,27.082,12.37,93,83
TPC,Industrials,Engineering & Construction,66.22,-0.39,3.85,0.27,18.0,,1207.06,-2.54,3.72,90.816,,93,70
VNCE,Consumer Cyclical,Apparel Manufacturing,2.62,3.51,5.05,-7.4,17.6,,1193.92,-1.34,-11.96,22.861,,93,25
TSSI,Technology,Information Technology Services,15.18,-1.17,0.44,-0.33,0.0,,1152.3,0.35,193.6,11.267,45.46,93,93
TIGR,Financial Services,Capital Markets,10.9,0.33,0.09,0.37,15.0,,1126.66,0.66,33.32,2.479,16.89,92,87
TBMC,Financial Services,Shell Companies,11.65,1.0,-1.5,-3.0,-3.5,-3.5,1120.06,-0.18,-9.89,,,92,32
TNON,Healthcare,Medical Devices,1.24,1.81,1.3,0.56,21.67,8.92,1105.14,5.52,24.45,0.773,0.23,92,84
TENX,Healthcare,Biotechnology,6.41,0.04,-0.19,-0.24,5.78,10.14,1099.14,2.94,-9.89,,2.18,92,32
SUZ,Basic Materials,Paper & Paper Products,9.57,-0.26,0.33,0.49,2.38,29.54,1083.95,1.2,2.51,41.325,7.94,92,68
VTAK,Healthcare,Medical Devices,2.69,-0.06,2.29,0.7,13.66,9.0,1076.91,33.63,408.17,1.258,0.07,92,94
VYX,Technology,Information Technology Services,13.15,4.0,-0.5,-75.1,16.67,,1055.73,-0.52,-18.68,18.852,,92,16
WNC,Industrials,Farm & Heavy Construction Machinery,11.5,-24.52,271.5,375.5,-3.83,,1044.29,-2.22,-22.13,40.102,,92,14
RTX,Industrials,Aerospace & Defense,158.19,0.08,0.04,0.01,14.5,,1011.22,4.56,-0.93,62.562,34.7,92,60
TEM,Healthcare,Health Information Services,87.07,0.6,0.07,0.07,26.44,2.67,1002.65,2.15,63.23,5.621,41.04,92,90
SLG,Real Estate,REIT - Office,63.03,0.87,-3.31,2.62,-3.0,,1000.93,-0.55,-5.43,9.405,,92,47
SE,Consumer Cyclical,Internet Retail,190.56,0.0,0.66,0.58,5.18,18.0,969.68,1.95,22.08,33.14,98.85,91,84
SINT,Healthcare,Medical Devices,4.22,0.42,2.2,0.69,2.84,6.95,944.54,-8.4,-183.58,1.135,,91,5
SGN,Technology,Software - Application,1.89,0.15,4.3,0.81,9.9,16.31,922.89,-8.11,-141.37,0.245,,91,6
SARO,Industrials,Aerospace & Defense,27.95,0.11,5.75,-2.23,12.0,,877.91,0.41,3.31,17.835,67.27,91,69
SURG,Communication Services,Telecom Services,2.853,0.06,0.46,0.32,0.83,-6.43,833.11,-2.5,-27.69,1.839,,91,12
TAL,Consumer Defensive,Education & Training Services,11.2,4.75,-3.75,-1.55,1.5,,809.77,0.17,-9.94,3.981,65.53,91,29
SHOP,Technology,Software - Application,152.096,2.33,-2.9,0.56,4.38,,784.99,1.79,18.95,7.739,85.64,91,83
YEXT,Technology,Software - Infrastructure,8.99,21.0,7.0,0.67,8.33,,772.12,-0.11,1.31,3.569,,91,66
SISI,Consumer Defensive,Farm Products,7.52,-24.6,0.52,4.07,-0.85,21.5,770.24,-6802.27,-2745808888888888.5,104.259,,91,2
UPST,Financial Services,Credit Services,68.05,3.0,0.0,1.33,11.33,,767.73,-0.05,53.15,9.51,,91,90
TRGP,Energy,Oil & Gas Midstream,170.12,2.17,-0.59,-0.21,1.18,,762.6,6.97,2.64,78.397,23.59,91,68
TONX,Technology,Software - Application,6.85,0.4,0.26,0.21,0.87,8.0,745.44,-8.18,-10633.76,4.198,,90,4
VSAT,Technology,Communication Equipment,30.14,3.49,-0.54,-0.14,-0.62,,741.68,-4.65,1.51,35.183,,90,66
STZ,Consumer Defensive,Beverages - Brewers,133.02,2.39,-2.63,2.94,-0.66,,726.51,-2.35,-12.86,55.827,,90,23
SNV,Financial Services,Banks - Regional,52.11,0.14,0.04,0.06,10.31,,721.35,5.18,52.73,15.876,9.84,90,90
SPRO,Healthcare,Biotechnology,2.0,7.33,0.52,-0.19,10.0,,720.96,-0.98,201.81,0.883,,90,93
TLF,Consumer Cyclical,Specialty Retail,3.1,-75.5,1.03,37.75,-3.0,23.83,717.19,0.08,-9.2,8.74,38.62,90,37
VCEL,Healthcare,Biotechnology,31.85,22.0,-2.74,21.0,9.0,,715.85,0.14,8.8,5.011,226.29,90,77
SWK,Industrials,Tools & Accessories,79.37,0.12,-1.15,1.11,10.57,,713.05,3.16,-11.14,100.481,24.26,90,27
SBFM,Healthcare,Drug Manufacturers - Specialty & Generic,1.48,-16.73,0.57,0.36,-2.92,3.55,702.25,-15.02,246.61,14.633,,90,94
XERS,Healthcare,Biotechnology,8.3,5.0,-1.0,2.67,9.0,,662.22,-0.2,44.32,1.613,,90,89
SLQT,Financial Services,Insurance Brokers,2.06,-6.5,-1.82,2.19,8.0,,655.15,0.01,-9.09,8.667,205.0,90,37
TD,Financial Services,Banks - Diversified,78.4,-2.32,3.05,1.2,14.5,3.65,637.91,8.48,-0.08,36.484,9.27,89,63
WOR,Industrials,Metal Fabrication,62.75,-9.0,0.4,0.16,9.12,,626.87,0.0,-11.58,23.358,,89,26
YHC,Consumer Defensive,Beverages - Wineries & Distilleries,0.9435,2.5,2.32,0.7,13.08,3.75,621.98,-114.01,15.54,3.206,,89,81
SOFI,Financial Services,Credit Services,28.11,0.5,-4.17,4.17,8.0,,616.7,0.5,31.73,2.776,59.02,89,87
UFCS,Financial Services,Insurance - Property & Casualty,32.5,0.29,-0.78,0.59,9.34,,615.17,3.51,-0.03,52.1,8.91,89,63
SEGG,Consumer Cyclical,Gambling,5.19,0.08,4.76,0.83,7.62,9.0,605.9,-14.14,-110.02,0.503,,89,6
SGBX,Industrials,Metal Fabrication,10.4,-0.04,1.48,0.6,6.04,9.96,588.58,-172.16,-118.63,47.115,,89,6
YJ,Consumer Cyclical,Internet Retail,1.82,4.0,-1.0,-6.09,6.5,,584.86,-61.94,-70.66,69.495,,89,7
SHLS,Technology,Solar,7.55,8000000.0,-5000000.0,32.33,0.14,,578.91,0.12,6.83,2.396,60.75,89,75
WATT,Technology,Scientific & Technical Instruments,7.4,0.5,1.58,0.61,7.12,8.25,576.38,-30.6,1335.92,2.955,,89,95
RNAC,Healthcare,Biotechnology,10.31,2.33,0.33,0.25,-0.14,14.44,564.58,-0.68,-7452.67,0.042,,89,4
YB,Technology,Software - Application,24.04,2.89,0.28,0.4,10.59,3.64,563.45,4.88,42.67,170.026,4.83,89,88
WKHS,Consumer Cyclical,Auto Manufacturers,1.14,1.8,0.81,0.45,9.45,4.15,552.76,-16.22,455.7,2.333,,88,94
SAIL,Technology,Software - Infrastructure,22.43,20.0,0.02,0.02,21.55,0.83,547.34,-1.46,25.3,3.164,,88,85
TEAM,Technology,Software - Application,169.63,2.0,-0.8,2.2,7.44,,546.58,-0.98,13.29,19.922,,88,80
TVRD,Healthcare,Biotechnology,38.74,2.03,0.21,0.17,7.43,,541.85,-2.25,-1.008000000000001e+16,,,88,2
TIGO,Communication Services,Telecom Services,48.06,2.55,5.33,-0.67,7.8,,536.07,5.64,-10.16,33.033,8.81,88,29
RYM,Industrials,Farm & Heavy Construction Machinery,40.23,-3.51,9.93,0.91,-0.18,-9.61,525.2,-31.67,1.3613333333333286e+16,7.436,,88,98
SXTP,Healthcare,Biotechnology,1.46,0.25,0.99,0.5,15.9,-2.17,518.27,0.07,-55.39,0.937,19.43,88,8
RRC,Energy,Oil & Gas E&P,35.29,1.47,0.03,0.86,7.25,,515.65,1.99,7.25,11.672,17.34,88,75
VS,Technology,Software - Application,2.0345,2.43,0.05,0.05,4.86,1.55,514.93,-0.53,4752.88,0.571,,88,95
SSTK,Communication Services,Internet Content & Information,21.85,0.56,14.5,-13.5,7.4,,514.05,1.81,6.51,28.834,11.99,88,75
SNES,Basic Materials,Specialty Chemicals,4.69,0.47,-0.05,0.7,2.54,,510.65,-4.3,30.85,1.701,,88,86
XCUR,Healthcare,Biotechnology,3.88,-2.2,13.25,13.25,-0.17,2.02,504.06,-3.86,-3.1473333333332676e+16,0.0,,87,1
TOST,Technology,Software - Infrastructure,41.48,0.4,0.67,-0.67,3.67,,491.47,0.39,21.09,9.675,105.46,87,83
TIVC,Healthcare,Medical Devices,3.125,0.15,0.28,0.22,1.45,5.81,485.63,-7.27,-62.04,0.801,,87,8
WBD,Communication Services,Entertainment,18.7,4.56,0.11,-4.33,7.36,,485.34,0.31,12.13,15.62,62.35,87,79
XOMA,Healthcare,Biotechnology,37.59,6.67,13.75,1.08,-0.91,15.33,482.37,-1.42,-62.74,3.781,,87,8
UDMY,Consumer Defensive,Education & Training Services,7.44,5.0,6.0,1.43,6.25,,469.0,-0.21,-2.91,5.366,,87,55
VRM,Consumer Cyclical,Auto & Truck Dealerships,27.33,-0.34,15.32,0.1,6.13,,463.99,-43.73,-1742.42,67.734,,87,4
UUU,Industrials,Building Products & Equipment,6.55,3.11,3.11,-2.6,5.11,3.53,457.7,1.19,-21.1,9.853,5.65,87,15
VRNA,Healthcare,Biotechnology,106.26,2.0,1.5,0.4,6.5,,455.28,-1.04,6.887722222222223e+17,2.647,,87,99
SOPA,Technology,Software - Application,1.24,5.89,0.05,0.04,9.11,1.75,453.22,-1.84,133.61,1.872,,87,93
SMTK,Technology,Semiconductor Equipment & Materials,1.6,0.07,0.84,0.46,2.27,9.03,438.57,-4.99,4.31,0.022,,87,71
TPET,Energy,Oil & Gas E&P,1.05,0.29,0.5,0.82,4.12,8.0,437.24,-1.17,355340000000126.9,0.053,,86,96
SSRM,Basic Materials,Gold,21.8,0.52,0.71,2.4,7.8,5.9,436.13,0.78,68.18,6.435,29.28,86,91
TGTX,Healthcare,Biotechnology,32.61,5.33,-4.33,4.33,2.8,,435.72,0.38,961.6,3.111,85.18,86,95
WRBY,Healthcare,Medical Instruments & Supplies,28.34,-4.0,3.0,-1.0,5.0,,420.78,-0.08,3.6,6.749,,86,70
WFRD,Energy,Oil & Gas Equipment & Services,65.5,0.8,-0.48,-0.39,0.09,,415.54,6.49,-16.05,70.701,9.82,86,19
TVTX,Healthcare,Biotechnology,24.19,2.36,0.55,-0.04,5.5,,403.95,-2.02,72.53,3.948,,86,91
SLNO,Healthcare,Biotechnology,56.58,9.56,0.34,0.44,5.33,,399.98,-4.22,2.177133333333333e+17,0.716,,86,99
TWST,Healthcare,Diagnostics & Research,27.95,2.94,-0.25,0.11,5.32,,393.27,-1.44,13.38,6.103,,86,80
SMTC,Technology,Semiconductors,61.15,-2.41,-1.18,5.8,7.42,,387.83,0.63,5.59,12.086,96.62,86,74
SON,Consumer Cyclical,Packaging & Containers,47.02,8.07,2.26,-2.19,4.41,,384.92,0.94,22.44,64.098,49.27,86,84
SLE,Communication Services,Internet Content & Information,3.66,1.21,0.8,0.2,4.31,,382.04,-45.28,-30.1,32.779,,86,11
SNDA,Healthcare,Medical Care Facilities,26.7,3.81,-1.03,1.58,4.37,,381.76,-2.62,17.73,17.754,,85,82
VUZI,Technology,Consumer Electronics,2.45,0.1,0.45,-0.14,5.2,,380.48,-0.52,-10.77,0.076,,85,28
SPB,Consumer Defensive,Household & Personal Products,54.46,25.67,-27.0,-0.21,2.81,,377.1,2.24,-17.64,106.413,23.5,85,17
ROOT,Financial Services,Insurance - Property & Casualty,100.97,0.18,-0.2,-0.05,3.62,,370.82,5.14,33.25,90.079,19.94,85,87
ULBI,Industrials,Electrical Equipment & Parts,7.14,-1.2,10.0,-1.0,-2.6,,365.06,0.19,5.23,10.754,37.16,85,73
SM,Energy,Oil & Gas E&P,27.36,0.11,-0.04,-0.27,-0.04,,359.21,7.07,6.1,26.236,3.63,85,74
WGS,Healthcare,Diagnostics & Research,130.71,2.65,0.17,0.15,3.89,2.39,355.9,0.08,24.74,12.985,1620.06,85,85
SEZL,Financial Services,Credit Services,89.5,-0.3,0.39,0.65,-0.07,3.55,350.85,2.94,54.89,11.055,31.16,85,90
SLXN,Healthcare,Biotechnology,3.61,2.11,34.63,0.97,6.64,4.83,349.8,-30.78,-9.89,,,85,32
ROKU,Communication Services,Entertainment,99.16,3.71,0.26,-3.0,4.43,,349.47,-0.42,4.68,30.127,,85,72
YHGJ,Consumer Cyclical,Packaging & Containers,0.536,1.0,0.75,0.43,1.0,0.5,347.22,-0.04,3.22,0.73,,85,69
SONN,Healthcare,Biotechnology,7.58,-0.07,0.75,1.29,4.89,-2.41,346.94,-6.82,-106.39,0.369,,85,6
VAL,Energy,Oil & Gas Equipment & Services,52.78,4.06,-4.55,1.11,-0.28,,346.59,3.82,-3.83,34.477,13.18,84,52
TOVX,Healthcare,Biotechnology,0.4131,-0.25,1.7,0.63,4.55,3.84,332.11,-4.22,-9.89,,,84,32
UFI,Consumer Cyclical,Textile Manufacturing,4.69,2.1,-0.48,-0.48,4.82,,330.27,-1.11,-23.42,31.197,,84,14
SBRA,Real Estate,REIT - Healthcare Facilities,18.86,0.65,-0.18,0.54,1.8,,329.0,0.76,-2.53,3.101,24.62,84,56
SLRX,Healthcare,Biotechnology,4.56,1.29,-0.15,-0.18,4.27,2.17,324.44,-23.7,-9.89,,,84,32
VVX,Industrials,Aerospace & Defense,59.21,1.73,-0.42,-0.3,4.38,5.5,321.55,2.21,2.52,137.137,24.89,84,68
TLSI,Healthcare,Medical Devices,4.92,0.44,0.03,-2.33,-0.29,,314.53,-1.15,42.28,1.246,,84,88
YMM,Technology,Software - Application,13.77,0.0,1.0,-0.67,0.5,,306.82,0.56,10.09,11.664,24.27,84,78
THG,Financial Services,Insurance - Property & Casualty,175.56,0.25,-0.31,0.64,2.91,,300.51,15.18,-2.72,178.474,11.52,84,55
TBLA,Communication Services,Internet Content & Information,3.51,2.0,-4.33,6.0,0.0,,300.15,0.04,-1.07,5.421,87.5,84,60
SGRY,Healthcare,Medical Care Facilities,22.03,14.0,1.87,-2.44,5.0,,292.11,-1.43,-0.32,25.591,,84,63
THAR,Healthcare,Biotechnology,2.66,0.55,0.74,0.42,2.78,1.58,290.98,-6.06,-9.89,,,83,32
SIDU,Industrials,Aerospace & Defense,1.08,0.13,0.83,0.45,2.19,3.06,287.42,-1.94,54.95,0.341,,83,90
VRE,Real Estate,REIT - Residential,15.66,2.0,0.08,-0.3,3.0,,286.26,-0.25,3.41,3.069,,83,70
SER,Healthcare,Biotechnology,4.51,-0.35,-1.97,-2.03,-2.08,9.98,286.03,-0.92,-3333333333333344.0,0.014,,83,2
RRGB,Consumer Cyclical,Restaurants,6.6,2.14,36.43,-1.07,3.77,,285.51,-3.44,-12.91,73.744,,83,23
WTM,Financial Services,Insurance - Property & Casualty,1753.62,2.62,4.85,-2.37,3.25,,284.35,79.82,60.12,1016.377,22.17,83,90
VIK,Consumer Cyclical,Travel Services,62.68,5.12,-2.0,-2.62,1.61,,279.68,1.89,54.6,13.229,32.93,83,90
VTOL,Energy,Oil & Gas Equipment & Services,38.37,0.16,-0.17,0.12,0.11,,278.65,4.0,-4.24,50.394,9.27,83,51
TWLO,Technology,Software - Infrastructure,108.38,0.15,2.62,-0.33,2.27,,273.19,0.1,4.71,30.56,1065.0,83,72
SNTI,Healthcare,Biotechnology,1.39,1.52,-1.1,8.42,3.37,,264.75,-8.52,-2197777777777789.8,,,83,2
TUYA,Technology,Software - Infrastructure,2.63,0.0,0.0,3.0,1.0,,259.58,0.05,-4.19,0.532,52.0,83,51
SEI,Energy,Oil & Gas Equipment & Services,36.23,1.14,-0.43,6.0,0.5,,258.92,0.59,69.15,13.531,63.78,82,91
VRTX,Healthcare,Biotechnology,387.11,0.6,-0.41,-0.14,4.46,,257.17,14.06,2.09,44.388,27.25,82,67
VITL,Consumer Defensive,Farm Products,46.17,-0.03,0.58,0.41,-0.03,,257.05,1.12,17.86,14.958,39.65,82,82
SMC,Energy,Oil & Gas Midstream,23.26,-3.12,14.0,7.02,3.41,,256.91,-22.61,18.05,42.663,,82,82
VIAV,Technology,Communication Equipment,12.34,-1.25,1.25,5.0,3.5,,256.6,0.15,-1.82,4.873,81.6,82,58
WERN,Industrials,Trucking,27.52,5.52,-2.18,0.81,3.81,,256.36,0.85,-9.36,48.145,31.78,82,37
SHPH,Healthcare,Drug Manufacturers - Specialty & Generic,4.44,1.28,2.15,0.68,6.33,1.77,253.06,-46.34,-9.89,,,82,32
VERO,Healthcare,Medical Devices,2.34,1.17,-0.55,0.25,3.18,,251.79,-44.79,-19.7,67.009,,82,16
UMH,Real Estate,REIT - Residential,15.03,3000000.0,0.0,-11000000.0,2.0,,251.38,0.14,0.08,3.103,105.43,82,63
TRUP,Financial Services,Insurance - Property & Casualty,44.81,8.33,-2.33,0.33,2.57,,250.23,0.25,5.01,31.987,180.76,82,73
TEVA,Healthcare,Drug Manufacturers - Specialty & Generic,18.45,0.32,2.0,1.05,4.0,,248.61,-0.15,-9.29,14.612,,82,37
VET,Energy,Oil & Gas E&P,7.81,-16.1,-1.15,-0.53,-1.9,9.0,248.04,0.68,5.12,12.617,11.06,81,73
STRS,Real Estate,Real Estate - Diversified,20.98,13.0,-0.76,-3.1,8.0,-2.58,246.76,-0.43,28.95,4.443,,81,86
THS,Consumer Defensive,Packaged Foods,17.31,9.5,-2.84,17.57,4.33,,240.78,0.36,-6.98,65.452,48.28,81,42
XHR,Real Estate,REIT - Hotel & Motel,14.83,2.73,16.0,6.0,2.73,,239.66,0.63,0.76,10.703,23.46,81,65
VIVS,Healthcare,Biotechnology,3.93,0.5,0.33,-0.36,1.4,1.2,238.85,-0.1,-70.46,0.08,,81,7
RNG,Technology,Software - Application,31.86,2.27,-0.37,0.12,2.14,,236.51,-0.13,-0.83,26.966,,81,61
SEG,Real Estate,Real Estate Services,24.68,1.16,0.45,0.62,3.65,,233.73,-9.51,7.6,8.18,,81,76
SOAR,Industrials,Airports & Air Services,1.6,4.79,8.31,1.14,3.41,3.49,233.62,-11.87,10068.96,43.924,,81,95
SNCY,Industrials,Airlines,13.2,-4.67,1.72,5.25,3.0,,233.23,1.07,-1.22,20.711,11.79,81,60
TBPH,Healthcare,Biotechnology,14.47,5.04,0.15,-0.19,4.21,,233.09,0.24,47.75,1.558,57.83,81,89
XPER,Technology,Software - Application,6.13,0.28,-3.51,3.78,1.09,,231.35,-0.07,-18.32,10.502,,81,17
W,Consumer Cyclical,Internet Retail,88.39,9.09,0.15,-0.7,4.09,,230.65,-2.39,-8.25,95.302,,81,39
XBIT,Healthcare,Biotechnology,2.76,5.0,-0.38,-0.62,6.17,-0.09,230.63,-0.91,-4455555555555606.0,,,80,2
WIX,Technology,Software - Infrastructure,183.3,0.69,-0.41,0.76,0.45,,229.9,2.82,2.24,33.599,64.58,80,67
WLDN,Industrials,Engineering & Construction,105.75,2.24,-0.67,0.04,2.24,,226.26,2.4,11.15,44.442,43.05,80,79
SQM,Basic Materials,Specialty Chemicals,43.12,-0.56,0.02,0.02,-1.42,7.32,223.19,1.67,-7.5,14.809,26.03,80,41
XAIR,Healthcare,Medical Devices,2.29,0.18,0.67,0.87,2.48,,222.54,-10.01,1287777777777897.8,1.176,,80,96
TCBS,Financial Services,Banks - Regional,16.6,0.09,0.1,0.11,1.0,5.09,222.29,0.8,-5.58,5.195,21.55,80,46
SHOT,Consumer Defensive,Beverages - Non-Alcoholic,0.3133,3.0,0.81,0.45,2.0,3.12,222.1,-0.35,-1215.54,-0.001,,80,4
VELO,Technology,Computer Hardware,3.19,-6.54,5.46,1.94,-3.9,,221.54,403.8,18.31,5.882,0.01,80,83
SLND,Industrials,Engineering & Construction,4.71,-1.37,0.12,11.67,4.05,,220.29,-1.5,-24.25,17.531,,80,13
SLI,Basic Materials,Other Industrial Metals & Mining,2.96,-2.0,2.0,0.24,0.48,3.52,218.73,0.61,-9.89,,5.0,80,32
SRBK,Financial Services,Banks - Regional,15.05,0.67,-1.0,-0.33,4.4,,217.46,0.44,27.2,3.775,34.52,80,85
WHG,Financial Services,Asset Management,17.11,1.0,-3.17,24.0,3.25,,214.95,0.42,-4.91,11.598,42.05,79,49
YQ,Consumer Defensive,Education & Training Services,3.8,0.17,-0.27,-0.37,1.33,1.0,211.24,-2.18,-177.1,16.326,,79,5
SAND,Basic Materials,Gold,11.72,0.25,0.33,0.5,0.67,5.0,209.04,0.12,11.68,0.655,99.92,79,79
TBRG,Healthcare,Health Information Services,21.41,4.67,13.67,0.74,3.0,,206.25,-0.76,-7.43,24.041,,79,41
SLSR,Basic Materials,Other Precious Metals & Mining,5.095,4.0,0.15,0.13,5.0,-0.25,199.85,-0.41,-9.89,,,79,32
SQFT,Real Estate,REIT - Diversified,7.28,-4.95,2.54,1.65,0.94,4.62,199.28,-11.23,-13.24,14.686,,79,23
TDW,Energy,Oil & Gas Equipment & Services,57.26,0.77,0.17,-0.24,0.53,,198.62,3.84,8.64,26.418,14.58,79,77
TV,Communication Services,Telecom Services,2.74,0.5,31.17,-15.48,19.0,,198.49,-98.71,-16.34,112.46,,79,19
SHCO,Consumer Cyclical,Lodging,8.85,2.25,12.75,-47000000.0,2.15,,196.47,-0.31,7.36,6.437,,79,75
TECX,Healthcare,Biotechnology,15.64,-0.15,-0.11,0.43,3.06,,196.27,4.14,-9.89,,3.62,79,32
TMDX,Healthcare,Medical Devices,121.1,0.36,2.8,0.54,1.78,,195.6,1.99,63.95,15.78,61.45,79,91
WAY,Healthcare,Health Information Services,38.58,0.12,0.55,2.67,2.11,,194.72,0.55,6.3,5.868,68.73,78,74
TDUP,Consumer Cyclical,Internet Retail,10.66,0.0,3.75,0.16,2.25,,192.56,-0.25,1.44,2.391,,78,66
USBC,Technology,Scientific & Technical Instruments,0.8898,1.25,0.29,0.13,2.67,1.17,190.33,-4.5,-9.89,,,78,32
SNGX,Healthcare,Biotechnology,2.76,0.29,-0.15,-0.18,0.6,1.75,190.27,-3.06,-277777777777715.53,0.0,,78,3
VVOS,Healthcare,Medical Devices,3.34,-0.22,-0.06,-0.06,0.09,2.62,189.08,-1.16,-15.37,1.786,,78,20
STEM,Utilities,Utilities - Renewable,17.13,9.1,2.53,0.72,3.95,2.07,187.45,-28.6,-2.1,19.026,,78,57
VTR,Real Estate,REIT - Healthcare Facilities,67.97,0.36,-0.18,1.6,2.0,,185.89,0.43,5.27,12.21,156.12,78,73
VSEC,Industrials,Aerospace & Defense,172.66,3.87,-2.75,0.2,2.07,,183.82,3.35,27.88,62.76,48.04,78,86
SPCE,Industrials,Aerospace & Defense,3.29,0.62,0.06,0.05,1.97,,183.35,-8.2,-618.92,0.049,,78,4
WOOF,Consumer Cyclical,Specialty Retail,3.51,2.25,0.25,0.2,2.8,,182.78,-0.1,-10.88,21.837,,78,27
TRON,Consumer Cyclical,Leisure,2.91,2.75,0.87,0.47,2.4,3.25,182.37,-0.15,-24.59,0.261,,78,13
SLDE,Financial Services,Insurance - Property & Casualty,14.82,0.42,0.16,0.19,1.44,0.69,181.54,2.04,35.84,16.648,7.22,77,87
SRTA,Industrials,Airports & Air Services,5.83,-0.25,2.08,-3.11,2.0,,181.42,-0.24,21.11,1.244,,77,84
UWMC,Financial Services,Mortgage Finance,6.57,2.37,-2.33,2.0,2.67,,181.1,0.04,40.79,16.862,160.0,77,88
SIGI,Financial Services,Insurance - Property & Casualty,78.3,-0.29,0.16,0.03,2.27,,180.71,6.11,1.75,83.999,12.67,77,67
SIG,Consumer Cyclical,Luxury Goods,96.87,-4.59,0.74,2.79,9.36,2.14,180.38,2.94,-9.71,158.752,32.61,77,36
XPRO,Energy,Oil & Gas Equipment & Services,12.35,0.33,-0.67,0.43,0.23,,178.73,0.61,-7.68,14.346,19.67,77,41
SKYH,Real Estate,Real Estate - Development,10.33,3.74,1.45,0.59,1.26,3.11,177.85,-1.15,91.77,0.689,,77,92
TTNP,Healthcare,Biotechnology,4.18,-0.05,0.17,0.14,2.52,1.0,175.94,-2.92,-1111111111811.55,,,77,3
SCS,Consumer Cyclical,"Furnishings, Fixtures & Appliances",16.98,-1.09,0.44,-2.31,0.22,,174.6,1.04,-3.54,28.244,16.23,77,53
SR,Utilities,Utilities - Regulated Gas,76.42,-11.14,1.63,3.63,2.04,,173.72,4.56,-6.77,41.911,16.77,77,43
SGC,Consumer Cyclical,Apparel Manufacturing,11.96,3.0,-3.6,-1.62,1.5,,173.39,0.51,-3.06,37.059,22.08,77,54
SBS,Utilities,Utilities - Regulated Water,24.39,-0.93,-0.48,4.05,1.6,,171.29,3.07,20.03,58.853,8.0,77,83
WILC,Consumer Defensive,Food Distribution,19.93,0.63,-0.03,-0.03,3.6,0.05,171.06,2.05,-0.86,43.106,9.62,76,61
TCOM,Consumer Cyclical,Travel Services,78.15,0.13,0.98,-2.16,0.26,,170.75,3.64,17.01,87.164,21.57,76,82
TRV,Financial Services,Insurance - Property & Casualty,277.9,2.83,-4.27,0.66,1.86,,170.0,22.6,-1.6,210.926,12.26,76,58
VAC,Consumer Cyclical,Resorts & Casinos,77.36,0.24,0.13,-0.68,0.9,,169.62,6.64,-1.07,96.102,11.49,76,60
SBLX,Consumer Cyclical,Auto Manufacturers,6.03,-8.33,0.12,0.11,-3.4,6.3,169.28,-57.29,-139.92,0.011,,76,6
SVM,Basic Materials,Silver,5.17,-0.22,-0.18,0.33,-0.45,4.07,169.06,0.24,2.76,1.439,21.71,76,69
UTI,Consumer Defensive,Education & Training Services,28.58,-0.05,-0.95,0.17,1.22,,168.49,1.16,10.27,14.948,24.39,76,78
SKYW,Industrials,Airlines,104.52,0.2,0.02,0.09,0.59,,166.87,9.81,6.21,95.144,10.63,76,74
SUPN,Healthcare,Drug Manufacturers - Specialty & Generic,46.13,2.9,-2.33,-1.5,0.11,,165.55,1.15,-9.47,11.957,40.03,76,36
SPRB,Healthcare,Biotechnology,12.4,5.87,-0.21,-0.26,3.73,-0.14,164.68,-86.43,476666666666646.4,2.278,,76,96
TRIP,Consumer Cyclical,Travel Services,19.14,4.62,-9.0,-27.0,0.71,,164.59,0.48,4.17,13.736,39.23,76,71
SNOA,Healthcare,Drug Manufacturers - Specialty & Generic,4.26,-0.09,-0.1,-0.07,0.76,1.29,163.33,-2.21,3.83,10.366,,75,71
TXG,Healthcare,Health Information Services,13.27,2.0,0.43,-0.33,2.14,,162.86,-0.7,1.38,5.269,,75,66
TX,Basic Materials,Steel,35.16,2.67,-3.77,6.15,4.36,,162.76,3.0,-18.41,82.709,11.73,75,17
UP,Industrials,Airports & Air Services,2.45,0.17,-0.08,-0.62,0.17,,161.24,-0.47,-18.0,1.097,,75,17
SRZN,Healthcare,Biotechnology,11.98,3.91,-0.89,-7.94,4.13,-0.75,161.09,-7.82,1.8392222222222212e+16,2.702,,75,98
TACT,Technology,Computer Hardware,4.75,-1000000.0,79000000.0,-12.17,2.0,,160.75,-0.86,3.32,4.777,,75,70
SRFM,Industrials,Airlines,4.53,-0.23,-0.07,-0.08,0.72,2.08,160.27,-2.64,18.97,6.434,,75,83
USCB,Financial Services,Banks - Regional,17.4,0.08,0.04,0.04,0.28,0.65,159.48,1.47,6.75,4.433,11.69,75,75
SDHC,Real Estate,Real Estate - Development,18.5,-0.15,-0.53,-0.3,2.66,,155.75,1.62,-0.72,113.74,11.39,75,61
XPEV,Consumer Cyclical,Auto Manufacturers,21.29,0.4,1.0,0.36,1.72,,155.13,-0.63,82.02,63.517,,75,91
TRDA,Healthcare,Biotechnology,5.55,-1.48,-15.0,12.67,-2.55,,154.75,-2.03,1.4334777777777464e+17,1.939,,75,98
VYNE,Healthcare,Biotechnology,0.31,0.54,0.4,0.04,0.69,,154.29,-0.9,-144.47,0.011,,74,5
SLS,Healthcare,Biotechnology,1.61,0.0,0.21,0.18,0.86,2.0,154.06,-0.3,-1111111111111194.4,,,74,3
TFPM,Basic Materials,Other Precious Metals & Mining,27.84,0.22,0.21,0.27,2.96,1.56,152.46,0.86,29.53,1.612,32.94,74,86
RYAN,Financial Services,Insurance - Specialty,53.12,2.86,-3.0,-0.36,0.08,,151.41,0.4,12.3,22.088,133.2,74,79
TNYA,Healthcare,Biotechnology,1.32,0.71,0.17,0.07,1.43,,151.07,-0.94,-9.89,,,74,32
TCRT,Healthcare,Biotechnology,2.51,0.06,0.02,0.02,0.13,0.57,150.64,-2.47,-26666666673077.2,0.004,,74,3
SKT,Real Estate,REIT - Retail,33.81,0.59,-0.41,0.04,0.17,,150.62,0.88,-1.63,5.042,37.97,74,58
UI,Technology,Communication Equipment,627.02,0.48,0.32,0.07,1.61,1.37,150.04,11.76,28.46,42.552,54.05,74,86
RNTX,Healthcare,Biotechnology,1.15,-0.12,0.04,0.04,0.61,2.44,149.63,-2.91,-9.89,,,74,32
TGS,Energy,Oil & Gas Integrated,20.12,-1.67,0.35,0.53,-1.97,0.23,147.76,1.41,-0.74,8133.405,14.61,74,61
WDH,Financial Services,Insurance - Diversified,1.86,0.33,0.0,0.0,1.0,,147.0,0.17,4.64,8.243,11.41,74,72
SGLY,Industrials,Integrated Freight & Logistics,1.31,-4.11,2.0,0.09,-0.44,-0.5,146.24,-0.87,-31.89,0.615,,73,11
TBCH,Technology,Consumer Electronics,15.45,-3.67,-34.67,4.94,1.5,,145.98,0.98,-33.09,17.686,15.6,73,10
SLNH,Financial Services,Capital Markets,0.8562,0.28,0.23,0.19,3.3,1.98,145.21,-8.02,-31.97,2.496,,73,11
STRO,Healthcare,Biotechnology,0.9028,5.5,-0.21,-0.27,3.21,0.04,144.66,-2.51,87.49,1.257,,73,92
SGMO,Healthcare,Biotechnology,0.55,0.75,-0.27,-3.2,1.25,,143.71,-0.26,3335.31,0.365,,73,95
STHO,Real Estate,Real Estate Services,8.885,-4.18,-6.55,-1.18,-0.45,5.46,142.01,-4.32,4.76,8.559,,73,72
SMR,Industrials,Specialty Industrial Machinery,38.12,-0.18,0.32,0.24,1.38,0.91,141.07,-1.19,555.41,0.483,,73,94
VRT,Industrials,Electrical Equipment & Parts,141.96,0.98,0.1,-0.21,0.77,,140.88,2.1,19.2,24.024,68.38,73,83
TATT,Industrials,Aerospace & Defense,41.61,-0.17,0.13,0.15,0.15,0.75,140.66,1.2,10.64,15.484,34.41,73,78
VGAS,Utilities,Utilities - Renewable,3.28,0.14,0.75,-0.17,1.0,,140.45,-0.41,-9.89,,,73,32
SMID,Basic Materials,Building Materials,43.24,0.25,0.03,0.03,1.14,1.86,140.11,2.27,17.85,17.221,17.16,73,82
SLGL,Healthcare,Biotechnology,26.5677,2.3,-0.94,-15.5,4.87,-0.39,139.12,-1.22,111.61,8.59,,72,92
UPWK,Communication Services,Internet Content & Information,19.6,-0.12,-2.93,4.24,0.47,,138.23,1.72,-4.14,5.787,11.67,72,51
SMG,Basic Materials,Agricultural Inputs,59.74,-0.47,4.12,2.55,0.11,,137.57,0.82,-14.68,59.939,70.79,72,21
SFBC,Financial Services,Banks - Regional,45.96,0.78,-0.67,0.67,1.58,,137.46,2.43,3.05,14.916,19.34,72,69
SPHR,Communication Services,Entertainment,60.74,2.84,0.54,-0.18,2.95,-0.71,136.97,-9.79,-7.0,28.747,,72,42
SOL,Technology,Solar,1.9,0.0,8.67,-3.56,2.0,,135.83,-0.07,-96.0,1.334,,72,7
VLO,Energy,Oil & Gas Refining & Marketing,163.85,2.2,-3.13,-0.28,-0.19,,135.65,2.49,-16.92,373.171,65.31,72,18
TELA,Healthcare,Medical Devices,1.59,0.14,-0.09,0.83,1.32,,135.64,-1.06,18.26,1.938,,72,83
VRTS,Financial Services,Asset Management,194.56,0.5,-0.15,-0.22,1.5,,133.38,20.5,-15.2,127.489,9.3,72,20
VIST,Energy,Oil & Gas E&P,34.74,1.63,-0.15,-0.75,0.56,,132.14,5.48,39.14,20.246,6.15,72,88
USAS,Basic Materials,Other Industrial Metals & Mining,2.78,0.5,0.33,0.25,0.0,1.33,131.28,-0.35,-24.29,0.518,,72,13
XLO,Healthcare,Biotechnology,0.7634,0.12,0.11,0.1,0.5,,128.01,-0.7,7048888888889042.0,0.289,,72,97
WSR,Real Estate,REIT - Retail,12.94,0.43,-3.86,1.27,1.0,,126.76,0.66,-6.38,3.065,19.29,71,44
YOU,Technology,Software - Application,37.07,0.0,-3.12,3.28,0.0,,126.29,1.63,17.14,8.806,23.28,71,82
VIRT,Financial Services,Capital Markets,35.21,0.51,0.06,0.58,1.32,,125.76,4.4,18.09,30.441,8.06,71,83
SNT,Industrials,Security & Protection Services,4.32,0.25,-0.75,0.17,1.5,,122.56,0.22,1.2,1.631,20.41,71,66
SATS,Communication Services,Telecom Services,71.22,-0.49,-0.15,-0.18,-0.39,-0.77,121.46,-1.06,-16.56,54.834,,71,19
WWW,Consumer Cyclical,Footwear & Accessories,30.4,1.54,-1.36,0.04,0.86,,121.12,1.04,-5.47,22.626,28.93,71,47
RWAY,Financial Services,Asset Management,10.47,8.0,-14.0,0.15,1.14,,121.12,1.88,53.89,3.752,5.62,71,90
RPD,Technology,Software - Infrastructure,20.18,3.33,0.0,-7.67,0.0,,118.92,0.44,-2.34,13.454,46.11,71,57
STIM,Healthcare,Medical Devices,2.91,0.4,0.57,0.33,1.2,,118.8,-1.15,81.47,2.278,,71,91
WDC,Technology,Computer Hardware,105.15,-0.07,-0.15,0.2,0.49,,118.53,4.45,-56.08,27.435,23.96,71,8
SN,Consumer Cyclical,"Furnishings, Fixtures & Appliances",116.95,0.18,-0.1,-0.02,1.02,,117.05,3.66,4.3,41.854,31.41,71,71
SYRE,Healthcare,Biotechnology,15.32,-0.01,0.35,0.31,0.4,,112.83,-2.53,-984444444444550.8,,,70,3
RVYL,Technology,Software - Infrastructure,0.2797,-1.42,0.65,0.39,1.35,0.36,112.25,-2.02,-2.46,5.895,,70,56
VEEE,Consumer Cyclical,Recreational Vehicles,2.38,0.24,0.7,0.41,2.55,0.64,111.97,-8.06,-6.06,9.569,,70,45
TOON,Communication Services,Entertainment,0.8201,0.08,-0.47,-0.9,0.15,0.43,110.52,-0.46,73.48,0.869,,70,91
VMD,Healthcare,Medical Devices,6.79,0.14,-0.57,0.1,1.0,,110.42,0.34,8.03,6.143,19.79,70,76
SWIM,Industrials,Building Products & Equipment,7.84,3.8,4.0,-6.0,0.17,,109.04,-0.12,-7.33,4.502,,70,41
TASK,Technology,Information Technology Services,17.55,-0.05,1.3,-0.4,0.57,,109.01,0.67,9.18,12.305,26.18,70,77
VG,Energy,Oil & Gas Midstream,13.823,-0.13,-1.12,3.51,0.2,,108.5,0.59,7.147777777777779e+18,3.548,22.46,70,99
SPRU,Technology,Solar,1.83,3.94,-1.62,8.0,1.65,,108.46,-4.21,2.5771111111111164e+16,5.496,,70,98
VFF,Consumer Defensive,Farm Products,2.71,5.0,0.33,-7.0,2.14,,108.1,-0.04,0.67,3.031,,70,65
STNE,Technology,Software - Infrastructure,19.18,0.21,6.42,-6.48,0.38,,106.5,-0.72,16.83,48.355,,70,82
SCLX,Healthcare,Drug Manufacturers - General,25.66,-2.28,-0.37,-0.58,0.03,2.69,104.87,-15.54,-46.23,5.869,,69,9
STEX,Healthcare,Medical Devices,6.4,-4.29,-0.08,-0.08,-1.47,1.57,103.31,-1.05,-86666666666834.44,0.001,,69,3
TRNO,Real Estate,REIT - Industrial,58.61,0.87,0.13,0.15,1.43,0.2,102.8,2.53,7.13,4.254,23.11,69,75
SRDX,Healthcare,Medical Devices,32.22,-0.03,-0.38,-0.08,0.43,,102.77,-1.24,-9.16,8.481,,69,37
RVPH,Healthcare,Biotechnology,0.4194,0.08,0.46,0.32,1.17,0.92,102.68,-0.64,-9.89,,,69,32
WFG,Basic Materials,Lumber & Wood Production,73.13,-2.77,3.12,3.12,-5.3,0.26,102.65,-1.61,-24.45,73.034,,69,13
TSHA,Healthcare,Biotechnology,2.99,-0.12,0.12,0.11,0.0,0.25,102.17,-0.34,2780000000000090.5,0.029,,69,97
SLSN,Consumer Defensive,Household & Personal Products,3.44,4000000.0,1000000.0,-5.0,1.0,,101.1,0.08,35.37,0.919,43.25,69,87
UPBD,Technology,Software - Application,27.34,-0.63,-0.3,0.02,-1.3,,100.97,1.8,-5.59,80.794,14.76,69,46
XNCR,Healthcare,Biotechnology,10.03,0.61,-0.06,0.15,1.66,,100.89,-2.36,31.82,2.061,,69,87
SFST,Financial Services,Banks - Regional,45.54,0.25,-0.08,0.3,1.19,,100.87,2.69,4.73,12.747,16.8,69,72
WPM,Basic Materials,Gold,104.78,0.15,0.24,0.32,1.39,0.55,100.14,1.73,36.6,3.664,62.23,68,87
TS,Energy,Oil & Gas Equipment & Services,35.12,0.06,-0.01,0.19,0.72,,99.79,3.7,-5.2,10.801,9.44,68,48
USAC,Energy,Oil & Gas Equipment & Services,24.31,0.57,-0.29,0.38,-0.05,,99.78,0.66,-0.83,8.339,35.52,68,61
UE,Real Estate,REIT - Retail,20.76,5.57,-2.43,2.43,0.77,,98.51,0.85,-4.56,3.692,24.15,68,50
SFD,Consumer Defensive,Packaged Foods,23.96,-0.19,-0.11,-0.1,-0.6,0.44,98.48,2.1,-3.27,38.504,11.41,68,54
UBS,Financial Services,Banks - Diversified,41.53,0.42,1.21,-0.87,1.14,,97.94,1.89,-4.2,14.769,22.38,68,51
UGP,Energy,Oil & Gas Refining & Marketing,3.98,2.29,-0.47,-0.32,1.52,-0.29,96.99,0.49,-3.82,125.919,7.94,68,52
STRW,Real Estate,REIT - Healthcare Facilities,12.68,0.23,-0.04,-0.04,0.14,0.08,95.98,0.59,13.17,13.449,20.83,68,80
SRG,Real Estate,Real Estate Services,4.33,-0.26,-0.01,-0.01,2.43,-0.17,95.5,-1.58,-52.1,0.273,,68,8
THC,Healthcare,Medical Care Facilities,190.29,-0.36,0.29,-0.48,0.19,,95.27,15.91,-7.08,219.948,11.95,68,42
SAM,Consumer Defensive,Beverages - Brewers,223.52,1.52,2.56,-2.18,0.24,,94.96,7.23,-8.98,180.605,30.88,68,38
TPCS,Industrials,Metal Fabrication,5.42,-7.0,9.0,-0.33,1.67,,94.25,-0.19,-9.9,3.463,,68,29
TKNO,Healthcare,Drug Manufacturers - Specialty & Generic,4.64,0.29,0.22,0.36,0.86,,94.2,-0.39,-4.94,0.734,,67,49
SAP,Technology,Software - Application,269.74,-0.05,0.11,0.1,0.91,,93.9,6.57,-1.2,30.778,40.63,67,60
SPWR,Technology,Solar,1.65,-3.8,5.65,1.22,-0.08,3.0,93.65,-0.94,931.4,3.078,,67,94
SAIC,Technology,Information Technology Services,102.48,0.9,-0.41,-0.06,0.71,,93.55,8.23,-11.6,155.417,12.62,67,25
SAR,Financial Services,Asset Management,24.89,0.17,0.21,-0.52,0.9,0.99,91.88,2.45,33.68,9.946,10.14,67,87
UNTY,Financial Services,Banks - Regional,53.725,0.43,0.0,0.06,0.74,,91.79,4.94,23.92,11.607,10.41,67,84
VINP,Financial Services,Asset Management,10.33,0.2,101.97,-89.99,0.96,,91.32,0.5,43.26,13.897,20.9,67,88
TCBX,Financial Services,Banks - Regional,41.0,0.24,-0.02,0.08,0.6,,91.31,3.27,13.85,13.265,12.32,67,80
SVV,Consumer Cyclical,Specialty Retail,12.9,5.0,-2.0,-14.0,1.0,,90.85,0.2,-1.71,9.969,63.25,67,58
TSM,Technology,Semiconductors,268.64,0.1,-0.04,0.15,0.61,,90.5,9.24,23.85,81.99062,28.67,67,84
SMTI,Healthcare,Medical Instruments & Supplies,34.64,0.78,-1.28,0.89,0.78,,90.22,-1.16,27.2,11.363,,67,85
SEIC,Financial Services,Asset Management,86.25,0.52,-0.01,0.01,0.72,,89.86,5.32,-3.47,17.329,16.3,66,53
SIBN,Healthcare,Medical Devices,15.18,0.07,-0.36,0.45,0.57,,89.85,-0.57,12.22,4.392,,66,79
XBIO,Healthcare,Biotechnology,3.12,0.31,-0.36,-0.55,0.84,0.32,89.58,-2.0,-14.84,1.586,,66,21
XRTX,Healthcare,Biotechnology,0.86,0.0,0.03,0.03,-4.17,5.53,89.26,-0.46,-9.89,,,66,32
STN,Industrials,Engineering & Construction,108.69,0.35,0.02,-0.05,0.63,,89.19,2.77,-1.26,53.941,39.57,66,59
SERA,Healthcare,Medical Devices,3.2,0.25,0.25,-0.04,0.56,,89.14,-0.85,-43.6,0.003,,66,9
UAL,Industrials,Airlines,105.38,1.54,-1.54,0.02,-0.34,,89.05,9.97,3.47,177.111,10.66,66,70
STG,Consumer Defensive,Education & Training Services,8.0,0.69,0.3,-0.53,0.56,,89.04,3.63,-6.08,147.69,2.24,66,45
USAU,Basic Materials,Gold,15.82,1.3,0.57,-1.7,1.67,-0.19,88.47,-1.55,-9.89,,,66,32
YI,Healthcare,Medical Distribution,5.4185,-17.18,-0.11,0.61,-0.25,,88.16,-1.21,-8.14,1641.135,,66,39
SBEV,Consumer Defensive,Beverages - Wineries & Distilleries,2.26,-1.27,0.31,0.24,-0.03,1.12,87.67,-15.97,-6978546666666708.0,1.22,,66,2
SHAK,Consumer Cyclical,Restaurants,98.98,2.91,-1.0,2.18,0.79,,87.64,0.47,4.94,32.991,211.96,65,73
TRVI,Healthcare,Biotechnology,8.54,0.0,0.22,0.18,0.33,,87.29,-0.42,-9.89,,,65,32
VEL,Financial Services,Mortgage Finance,18.44,0.25,-0.13,0.29,0.53,,86.93,2.21,43.66,5.736,8.36,65,89
ROLR,Consumer Cyclical,Gambling,3.2,4.57,-0.34,-3.78,1.6,,85.35,-0.87,13.3,3.683,,65,80
VLY,Financial Services,Banks - Regional,11.1,0.28,-0.11,0.11,0.77,,85.34,0.78,0.23,2.962,14.04,65,64
STRL,Industrials,Engineering & Construction,348.58,0.81,-1.86,0.84,0.39,,85.29,9.19,-1.4,69.878,39.2,65,59
SCHW,Financial Services,Capital Markets,93.28,0.1,0.05,0.32,0.65,,83.98,3.72,7.28,11.856,25.36,65,75
THFF,Financial Services,Banks - Regional,59.72,0.01,0.35,0.55,0.64,0.67,83.91,5.23,10.77,19.478,11.18,65,78
SYF,Financial Services,Credit Services,76.53,0.31,-0.01,-0.02,0.61,,83.8,8.23,-5.56,23.805,9.31,65,47
TMUS,Communication Services,Telecom Services,238.83,0.1,-0.01,-0.01,0.14,0.29,83.45,10.6,-5.11,73.173,22.47,65,48
WMT,Consumer Defensive,Discount Stores,103.6,0.57,-0.16,0.14,0.57,,83.39,2.65,-4.73,86.493,38.62,65,49
XYF,Financial Services,Credit Services,14.82,0.15,0.33,0.05,0.49,,83.01,5.41,37.98,168.153,2.79,64,88
SBAC,Real Estate,REIT - Specialty,198.82,0.18,0.11,-0.5,0.38,,82.86,8.14,-4.24,25.328,24.46,64,51
SAFT,Financial Services,Insurance - Property & Casualty,72.59,0.32,1.69,-2.16,0.73,,82.68,5.73,5.3,81.526,12.49,64,73
STTK,Healthcare,Biotechnology,2.23,0.12,0.37,-0.12,0.75,,82.36,-1.21,-1.0726666666667132e+16,0.059,,64,2
SKWD,Financial Services,Insurance - Property & Casualty,47.89,-0.09,1.92,-1.53,0.22,,82.18,3.16,10.31,30.845,14.99,64,78
TME,Communication Services,Internet Content & Information,25.29,-0.77,1.19,0.25,0.46,,82.11,0.93,0.93,19.678,27.0,64,65
WEAV,Healthcare,Health Information Services,7.69,0.09,-0.33,-0.12,0.09,,82.03,-0.41,7.44,2.999,,64,76
ROAD,Industrials,Engineering & Construction,130.82,9.0,2.33,-10.5,0.33,,82.02,1.38,32.63,45.309,96.86,64,87
TCBI,Financial Services,Banks - Regional,87.87,0.71,-0.55,2.01,0.99,,81.8,2.52,0.86,20.335,34.52,64,65
VC,Consumer Cyclical,Auto Parts,127.38,-0.0,-0.86,2.15,-0.08,,81.51,10.5,-8.71,139.489,11.89,64,38
USGO,Basic Materials,Other Industrial Metals & Mining,9.22,0.43,1.25,0.56,0.71,-0.25,80.93,-0.66,-9.89,,,64,32
VNRX,Healthcare,Medical Devices,0.6241,0.0,0.08,0.08,0.33,0.67,80.54,-0.24,42.22,0.014,,64,88
RNGR,Energy,Oil & Gas Equipment & Services,14.37,10.0,-7.67,-0.5,0.57,,80.26,0.99,2.51,25.385,13.86,63,68
VLN,Technology,Semiconductors,1.93,0.14,-0.14,0.43,0.14,,80.11,-0.32,4.32,0.632,,63,71
STAG,Real Estate,REIT - Industrial,35.5,-0.81,0.36,0.57,-0.22,1.45,79.87,1.27,1.27,4.354,27.54,63,66
UFPT,Healthcare,Medical Devices,201.6,-0.0,0.05,0.0,0.26,,79.58,8.62,27.21,76.575,22.36,63,85
YELP,Communication Services,Internet Content & Information,32.13,0.86,-0.73,0.12,0.23,,79.43,2.18,-3.94,22.098,14.6,63,52
SKIL,Consumer Defensive,Education & Training Services,14.72,0.64,-0.23,-0.3,0.74,-0.34,79.4,-13.93,6.168044444444444e+17,62.705,,63,99
VTYX,Healthcare,Biotechnology,2.39,0.03,0.05,0.22,0.18,,77.92,-1.66,-9.89,,,63,32
SFM,Consumer Defensive,Grocery Stores,122.75,-0.34,1.29,-0.14,0.44,,77.23,4.84,4.37,84.77,24.88,63,72
SPOK,Healthcare,Health Information Services,17.6,-0.14,0.39,0.0,0.29,,77.03,0.83,-6.91,6.902,20.99,63,42
RRR,Consumer Cyclical,Resorts & Casinos,60.99,0.26,-0.04,0.61,0.6,,76.65,2.93,-2.22,33.636,20.74,63,57
SLDB,Healthcare,Biotechnology,5.44,0.4,0.17,0.14,0.45,0.08,76.65,-2.79,-8993333333333350.0,,,63,2
RSVR,Communication Services,Entertainment,7.94,-5.0,-1.0,27.19,0.0,,76.26,0.12,-2.25,2.475,65.83,62,57
STE,Healthcare,Medical Devices,250.5,0.21,-0.18,0.15,0.22,,75.47,6.54,-1.08,56.588,38.04,62,60
WWR,Basic Materials,Other Industrial Metals & Mining,0.7498,-0.25,0.12,0.11,0.4,0.25,74.71,-0.19,-9.89,,,62,32
UAN,Basic Materials,Agricultural Inputs,91.13,0.43,0.48,3.81,0.48,,74.5,8.32,8.52,54.511,10.94,62,77
USFD,Consumer Defensive,Food Distribution,78.37,0.94,0.79,-1.18,0.2,,74.25,2.34,-4.39,165.533,33.47,62,50
TILE,Consumer Cyclical,"Furnishings, Fixtures & Appliances",29.88,1.55,-0.68,-0.32,0.44,,73.88,1.62,-3.27,23.155,18.25,62,54
SSYS,Technology,Computer Hardware,9.93,-0.11,2.28,-0.59,0.8,,73.62,-1.34,-10.55,7.574,,62,28
SSBI,Financial Services,Banks - Regional,12.02,-0.03,0.61,1.56,1.57,0.76,73.19,-0.24,0.5,4.1,,62,64
SENEB,Consumer Defensive,Packaged Foods,110.0,0.01,0.01,0.1,0.19,-0.0,72.65,6.24,-9.99,228.035,16.91,62,29
SENEA,Consumer Defensive,Packaged Foods,103.46,0.01,0.01,0.1,0.19,-0.0,72.65,6.24,-9.99,228.035,16.51,62,29
THRY,Communication Services,Internet Content & Information,12.51,2.45,-2.16,14.95,1.13,,72.33,-2.29,-18.02,18.485,,62,17
TGLS,Basic Materials,Building Materials,70.46,0.04,-0.11,-0.05,0.25,,71.99,3.89,8.49,20.338,18.02,61,77
WBS,Financial Services,Banks - Regional,62.32,0.17,0.29,-0.09,0.48,,71.96,4.92,12.93,14.751,12.51,61,80
TH,Industrials,Specialty Business Services,8.59,-1.14,-2.86,-0.54,-2.2,,71.73,0.1,-47.92,3.118,86.6,61,9
SMBK,Financial Services,Banks - Regional,37.83,0.04,0.16,0.05,0.46,,69.72,2.47,7.38,10.684,14.94,61,75
TARA,Healthcare,Biotechnology,3.21,-0.21,0.66,0.04,0.29,,69.14,-1.56,-9.89,,,61,32
XEL,Utilities,Utilities - Regulated Electric,72.17,-0.11,0.04,-0.49,0.41,,69.04,3.61,-4.05,24.273,19.98,61,51
RZLT,Healthcare,Biotechnology,8.2,-0.23,0.0,0.27,0.26,0.23,68.86,-0.98,-9.89,,,61,32
SENS,Healthcare,Medical Devices,0.4553,0.0,0.5,0.33,0.5,0.5,68.84,-0.1,20.87,0.036,,61,83
TW,Financial Services,Capital Markets,112.52,0.03,0.04,0.26,0.29,,68.52,2.59,13.49,9.063,43.27,61,80
TIMB,Communication Services,Telecom Services,21.56,0.21,0.02,0.02,0.25,0.57,67.95,1.4,-2.35,53.815,15.51,61,56
RPID,Healthcare,Medical Devices,3.22,-0.04,-0.18,0.18,0.07,,67.95,-1.0,-1.13,0.688,,61,60
VRME,Industrials,Security & Protection Services,0.9256,1.5,0.0,3.6,0.5,,67.56,-0.35,220.36,1.909,,60,93
TTEK,Industrials,Engineering & Construction,36.53,20.5,2000000.0,-36000000.0,0.34,,67.54,0.8,-2.73,17.28,45.08,60,55
SHC,Healthcare,Diagnostics & Research,15.97,2.67,-2.25,-0.5,0.0,,67.5,0.09,-3.7,3.967,173.67,60,53
VLGEA,Consumer Defensive,Grocery Stores,39.28,-0.51,0.32,0.18,0.25,0.17,67.24,3.8,-6.68,160.691,10.18,60,43
USLM,Basic Materials,Building Materials,127.78,-0.1,0.27,-0.24,0.19,,67.19,4.36,9.47,12.311,29.27,60,77
UMBF,Financial Services,Banks - Regional,124.18,1.33,-1.02,0.09,0.37,,67.16,8.84,46.99,32.676,13.86,60,89
WTRG,Utilities,Utilities - Regulated Water,37.21,-1.71,0.54,1.68,0.36,,66.97,2.33,3.8,8.47,15.89,60,70
VNT,Technology,Scientific & Technical Instruments,43.52,0.05,-0.39,0.37,0.38,,66.8,2.63,-2.54,20.31,16.45,60,56
TBBK,Financial Services,Banks - Regional,79.6,0.06,0.03,0.1,0.22,,65.4,4.65,26.95,10.839,16.79,60,85
TTD,Communication Services,Advertising Agencies,43.93,0.8,-2.7,0.95,0.06,,65.07,0.83,11.58,5.437,53.58,60,79
SNX,Technology,Electronics & Computer Distribution,150.77,0.12,-0.16,0.1,0.33,,64.99,8.53,4.93,716.728,17.58,60,73
SANM,Technology,Electronic Components,119.37,0.08,-0.02,0.07,0.38,,64.76,4.67,-1.28,148.375,25.33,59,59
SD,Energy,Oil & Gas E&P,11.6,0.51,-0.49,-0.33,1.21,0.17,64.76,2.03,7.72,3.95,5.54,59,76
SPIR,Industrials,Specialty Business Services,10.07,-0.21,-0.27,0.36,0.52,,64.47,-3.86,-27.77,3.917,,59,12
TTMI,Technology,Electronic Components,52.84,0.28,5.4,-1.8,0.58,,64.31,0.89,4.89,25.971,58.56,59,73
UHS,Healthcare,Medical Care Facilities,188.11,0.13,-0.04,0.3,0.27,,63.54,18.98,-0.87,251.821,9.94,59,61
TIPT,Financial Services,Insurance - Specialty,23.59,2.33,-2.47,0.62,0.43,,63.49,1.29,-5.99,54.419,18.29,59,45
WTS,Industrials,Specialty Industrial Machinery,285.86,0.36,0.09,-0.02,0.23,,63.35,9.3,-2.17,68.23,30.21,59,57
WTBA,Financial Services,Banks - Regional,21.14,0.0,0.12,0.2,0.52,,63.23,1.7,1.18,5.166,12.02,59,66
TRS,Consumer Cyclical,Packaging & Containers,40.02,0.32,1.21,1.33,0.52,,63.0,0.91,0.47,23.981,43.87,59,64
WT,Financial Services,Asset Management,14.47,0.0,-0.12,2.46,0.31,,62.75,0.41,-3.59,3.115,35.78,59,53
STVN,Healthcare,Medical Instruments & Supplies,27.25,0.1,-0.8,0.64,0.37,,62.47,0.58,-1.47,4.196,46.21,59,59
RNXT,Healthcare,Biotechnology,1.26,0.0,0.12,0.11,0.25,-0.14,62.46,-0.38,2861111111111101.0,0.022,,59,97
SCSC,Technology,Electronics & Computer Distribution,44.33,0.0,0.04,0.03,0.24,0.47,62.25,3.0,-5.71,129.716,14.6,58,46
WAB,Industrials,Railroads,190.37,0.04,0.53,-0.33,0.2,,62.2,6.72,-4.99,61.622,28.08,58,48
URBN,Consumer Cyclical,Apparel Retail,71.58,0.36,-0.1,0.16,0.27,,62.13,5.1,-0.06,63.753,14.0,58,63
SNSE,Healthcare,Biotechnology,9.3,0.38,0.04,0.04,0.43,0.19,62.11,-21.29,-9.89,,,58,32
UVE,Financial Services,Insurance - Property & Casualty,25.71,-0.18,6.05,3.71,0.01,,62.04,2.3,-2.83,55.652,11.13,58,55
TYL,Technology,Software - Application,530.05,0.04,0.24,-0.17,0.23,,61.91,7.0,0.38,52.307,76.33,58,64
VERI,Technology,Software - Infrastructure,4.18,-0.15,-2.53,2.26,0.09,,61.65,-2.16,-13.1,2.078,,58,23
TERN,Healthcare,Biotechnology,8.18,0.0,-0.08,0.17,0.19,,61.55,-1.03,-1111111111111121.1,,,58,3
SIGA,Healthcare,Drug Manufacturers - Specialty & Generic,8.87,51.0,-3.0,-3.0,15.67,-15.0,61.49,1.14,171.93,2.515,7.7,58,93
RPM,Basic Materials,Specialty Chemicals,124.06,3.32,-2.49,-0.24,0.26,,61.4,5.35,-6.35,57.793,22.89,58,44
TARS,Healthcare,Biotechnology,54.025,0.33,-0.07,0.02,0.83,,61.38,-2.29,177.78,7.43,,58,93
RRBI,Financial Services,Banks - Regional,67.87,-0.01,0.12,0.07,0.3,,61.35,5.67,0.59,17.026,11.66,57,65
RSKD,Technology,Software - Application,4.73,0.29,-3.5,2.0,-0.4,,61.3,-0.24,-3.69,2.055,,57,53
TKC,Communication Services,Telecom Services,5.9,0.37,-1.82,-0.65,0.07,-0.18,61.0,0.35,4.06,204.4225,17.23,57,71
SHBI,Financial Services,Banks - Regional,17.45,0.12,0.02,0.18,0.35,,60.87,1.62,10.78,6.245,10.62,57,78
WMB,Energy,Oil & Gas Midstream,60.38,-0.27,-0.01,-0.01,0.36,0.1,60.63,1.98,-2.39,9.311,30.36,57,56
SPFI,Financial Services,Banks - Regional,40.65,0.2,-0.35,0.49,0.32,,60.49,3.2,-2.9,12.165,12.26,57,55
SBCF,Financial Services,Banks - Regional,31.53,0.35,-0.08,0.11,0.39,,60.4,1.63,8.25,6.283,18.98,57,76
SMPL,Consumer Defensive,Packaged Foods,26.88,0.14,-0.06,0.31,0.0,,60.3,1.43,2.61,14.484,18.43,57,68
TDY,Technology,Scientific & Technical Instruments,562.63,0.11,-0.06,-0.32,0.17,,60.22,18.15,-0.65,126.404,31.15,57,62
VHC,Technology,Software - Infrastructure,17.0974,0.02,0.03,0.03,0.08,0.18,60.21,-4.78,3058.05,0.014,,57,95
TRAK,Technology,Software - Application,17.8,0.25,-0.12,0.06,0.25,0.14,60.04,0.34,0.59,1.207,51.85,57,65
TFC,Financial Services,Banks - Regional,46.08,0.03,-0.05,-0.09,0.47,,60.0,3.69,247.18,13.839,12.46,56,94
SKY,Consumer Cyclical,Residential Construction,76.32,0.79,-0.7,0.13,0.43,,59.97,3.76,-0.74,44.569,19.79,56,61
TT,Industrials,Building Products & Equipment,402.49,0.45,0.01,-0.27,0.17,,59.73,12.69,-0.39,92.387,32.04,56,62
TCRX,Healthcare,Biotechnology,1.72,-0.08,0.15,-0.2,0.0,,59.39,-1.1,243.98,0.123,,56,94
SNY,Healthcare,Drug Manufacturers - General,47.68,0.0,1.81,-3.17,-0.04,0.67,59.23,3.04,-13.92,18.451,15.67,56,22
TFIN,Financial Services,Banks - Regional,59.29,6.0,-5.33,-0.46,0.87,,59.06,0.44,-8.15,17.484,128.41,56,39
YALA,Technology,Software - Application,7.9,0.04,0.15,-0.25,0.2,,58.98,0.81,-4.6,2.19,9.25,56,49
SYBT,Financial Services,Banks - Regional,76.54,0.03,0.05,0.08,0.23,,58.85,4.35,4.6,12.428,17.3,56,72
TTAM,Basic Materials,Building Materials,15.45,0.47,-0.24,-0.19,-0.17,0.19,58.56,0.87,-6.28,9.075,17.41,56,44
WD,Financial Services,Mortgage Finance,87.54,11.5,-15.5,0.55,0.49,,58.56,3.24,0.0,33.418,26.92,56,63
UTHR,Healthcare,Drug Manufacturers - Specialty & Generic,409.87,-0.05,0.07,-0.03,0.1,,58.55,25.64,4.44,68.624,16.29,56,72
SPT,Technology,Software - Application,14.67,-0.11,0.32,0.2,0.43,,58.31,-0.95,8.22,7.461,,56,76
TXMD,Healthcare,Drug Manufacturers - Specialty & Generic,1.0898,2.2,-0.09,-0.1,2.8,0.0,58.23,-0.05,-96.34,0.222,,55,6
STXS,Healthcare,Medical Instruments & Supplies,2.8,0.4,0.29,-0.12,0.4,,58.21,-0.29,50.5,0.365,,55,89
XP,Financial Services,Capital Markets,20.11,0.09,0.02,0.02,0.22,0.22,57.93,1.71,-15.86,31.459,11.56,55,20
STRA,Consumer Defensive,Education & Training Services,83.05,0.1,0.19,-0.09,0.1,,57.58,4.81,-7.06,53.429,17.05,55,42
TMQ,Basic Materials,Other Industrial Metals & Mining,2.05,1.0,-0.33,-0.5,0.0,0.0,57.56,-0.06,-9.89,,,55,32
WELL,Real Estate,REIT - Healthcare Facilities,166.53,0.15,1.11,-2.89,0.1,,57.33,1.78,23.24,14.626,92.8,55,84
WTFC,Financial Services,Banks - Regional,136.74,0.03,0.02,0.07,0.2,,57.15,10.57,3.28,37.43,12.78,55,69
SGHT,Healthcare,Medical Devices,3.69,0.22,-0.22,-0.05,0.09,,57.03,-0.96,-9.61,1.494,,55,36
VMEO,Technology,Software - Application,7.73,3.0,-3.0,-5.0,-0.5,,56.99,0.07,-7.98,2.563,110.43,55,40
TEL,Technology,Electronic Components,217.31,53.0,-43.25,0.95,0.16,,56.86,4.86,0.12,55.362,44.48,55,64
VICI,Real Estate,REIT - Diversified,32.12,0.61,-0.14,-0.21,0.15,,56.79,2.61,6.29,3.727,12.2,55,74
TDG,Industrials,Aerospace & Defense,1286.12,0.03,0.08,0.31,0.06,,56.58,30.14,2.45,147.676,42.55,54,68
VEEV,Healthcare,Health Information Services,279.08,-0.14,0.17,0.04,0.16,,56.57,4.86,5.95,18.248,57.16,54,74
THR,Industrials,Specialty Industrial Machinery,27.09,-0.96,-0.08,0.96,0.04,,56.57,1.58,-9.6,14.663,17.35,54,36
U,Technology,Software - Application,45.45,-0.37,0.58,0.03,0.23,,56.54,-1.06,-4.27,4.358,,54,50
SXI,Industrials,Specialty Industrial Machinery,214.67,0.0,25.14,-21.0,0.1,0.37,56.35,4.63,6.44,66.251,44.48,54,75
ROP,Technology,Software - Application,509.01,0.14,-0.4,0.26,0.12,,56.07,14.23,3.37,69.568,35.46,54,70
SMP,Consumer Cyclical,Auto Parts,40.53,1.02,6.7,-2.8,0.47,,55.35,2.95,9.28,75.521,13.39,54,77
UDR,Real Estate,REIT - Residential,37.29,-1.09,12.5,-4.0,0.37,,55.32,0.39,-5.21,5.194,96.31,54,48
TJX,Consumer Cyclical,Apparel Retail,139.93,0.2,-0.34,0.08,0.15,,55.29,4.39,-3.56,51.696,31.84,54,53
SSB,Financial Services,Banks - Regional,103.45,1.41,-1.15,0.01,0.22,,55.14,6.73,30.0,23.227,15.07,54,86
WNEB,Financial Services,Banks - Regional,12.5,1.09,-0.45,0.78,0.35,,55.03,0.59,-1.57,3.711,21.37,54,59
V,Financial Services,Credit Services,338.18,0.16,-0.11,-0.03,0.12,,54.9,10.25,3.45,21.098,33.33,53,70
SXT,Basic Materials,Specialty Chemicals,103.14,0.09,0.15,-0.1,0.22,,54.89,3.17,-6.74,37.344,32.47,53,43
STOK,Healthcare,Biotechnology,23.5,-5.87,11.83,1.61,0.15,,54.86,0.87,1.378333333333348e+16,3.481,26.32,53,98
ROK,Industrials,Specialty Industrial Machinery,348.56,0.17,0.37,-0.3,0.28,,54.73,8.52,-4.86,71.37,40.82,53,49
WHWK,Healthcare,Biotechnology,1.97,-3.42,3.75,-0.46,-0.41,,54.66,-0.77,-4.119333333333318e+16,0.53,,53,1
XYL,Industrials,Specialty Industrial Machinery,142.18,0.35,-0.14,-0.13,0.16,0.1,54.63,3.84,0.38,35.906,37.21,53,64
WSBC,Financial Services,Banks - Regional,32.32,4.8,-5.67,0.3,0.3,,54.45,1.76,41.87,9.086,18.34,53,88
WING,Consumer Cyclical,Restaurants,255.87,-2.39,2.53,0.05,0.02,,54.32,6.01,8.23,23.366,42.19,53,76
WWD,Industrials,Aerospace & Defense,239.97,-0.01,0.24,0.05,0.08,,54.26,6.31,0.16,57.643,37.74,53,64
SBFG,Financial Services,Banks - Regional,21.13,0.82,-0.67,0.57,0.28,,54.0,1.83,2.73,9.361,11.51,53,69
WFC,Financial Services,Banks - Diversified,83.5,0.14,-0.03,0.01,0.19,,53.86,5.82,-9.8,23.505,14.54,53,35
SAN,Financial Services,Banks - Diversified,10.1,0.05,0.05,0.0,0.1,,53.74,0.97,-12.04,3.308,10.56,52,25
WVE,Healthcare,Biotechnology,6.96,-0.07,-2.61,3.61,-0.24,,53.61,-0.8,125.63,0.605,,52,93
TSBK,Financial Services,Banks - Regional,35.72,0.06,-0.01,0.07,0.22,,53.5,3.4,-2.07,9.872,10.26,52,57
TOL,Consumer Cyclical,Residential Construction,139.84,0.07,1.01,-1.65,0.03,,53.32,13.56,-2.07,108.532,10.3,52,57
WRB,Financial Services,Insurance - Property & Casualty,73.1,-0.04,-0.38,0.58,0.09,,53.3,4.4,0.32,35.933,16.68,52,64
UBSI,Financial Services,Banks - Regional,37.93,0.44,-0.19,0.0,0.2,,52.98,2.84,3.76,7.728,13.21,52,70
TLPH,Healthcare,Drug Manufacturers - Specialty & Generic,0.9438,0.0,-0.43,0.86,0.5,,52.93,-0.39,-3131111111111120.5,0.001,,52,2
VABK,Financial Services,Banks - Regional,40.24,-0.05,-0.02,-0.01,0.03,,52.69,3.31,-3.94,10.415,12.09,52,52
SOTK,Technology,Scientific & Technical Instruments,4.09,0.2,0.25,0.0,0.5,,52.65,0.09,-5.54,1.309,46.33,52,47
TR,Consumer Defensive,Confectioners,40.97,-0.04,-0.24,-0.44,0.12,,52.32,1.25,-5.08,9.881,32.38,52,48
SFBS,Financial Services,Banks - Regional,86.06,-0.04,-0.03,0.08,0.17,,52.24,4.57,2.18,8.949,18.43,52,67
WFCF,Industrials,Specialty Business Services,13.46,10.0,-17.0,1.0,0.22,,52.06,0.39,-6.27,4.906,33.92,52,45
WEC,Utilities,Utilities - Regulated Electric,109.47,-1.96,0.59,0.88,0.15,,51.99,5.21,0.22,29.271,21.14,51,64
SBH,Consumer Cyclical,Specialty Retail,15.56,0.18,-0.54,0.28,0.24,,51.87,1.85,-11.0,36.31,8.38,51,27
SCPH,Healthcare,Biotechnology,5.62,0.09,-0.06,1.14,0.29,,51.85,-1.81,1.510333333333341e+16,0.963,,51,98
VTVT,Healthcare,Biotechnology,21.5538,-0.19,-0.4,0.6,-0.14,,51.85,-2.92,-1112222222222243.4,0.003,,51,3
RSG,Industrials,Waste Management,226.71,0.11,-0.03,-0.1,0.09,,51.61,6.76,-2.47,52.228,33.57,51,56
TTAN,Technology,Software - Application,117.16,0.46,4.49,-3.04,0.61,,51.59,-8.05,16.58,12.302,,51,82
USPH,Healthcare,Medical Care Facilities,80.15,-0.38,0.54,0.33,0.23,,51.41,2.29,4.33,47.75,34.27,51,72
TRP,Energy,Oil & Gas Midstream,52.66,-0.17,0.0,-0.49,-0.16,,51.38,2.97,-1.22,13.759,17.69,51,60
UNP,Industrials,Railroads,220.36,0.17,-0.08,0.06,0.15,,51.35,11.52,-6.04,40.54,19.15,51,45
XPEL,Consumer Cyclical,Auto Parts,33.46,0.9,-0.03,-0.69,0.09,,51.12,1.76,5.02,16.234,18.82,51,73
RY,Financial Services,Banks - Diversified,146.16,0.24,-0.17,0.07,0.22,0.1,50.98,9.6,2.16,42.695,15.34,51,67
SHG,Financial Services,Banks - Regional,49.27,0.05,22.74,-19.32,0.13,,50.74,6.66,-8.1,30040.771,7.45,50,40
TRST,Financial Services,Banks - Regional,40.04,0.05,0.27,-0.15,0.2,,50.57,2.81,-5.46,9.315,13.92,50,47
TXRH,Consumer Cyclical,Restaurants,159.78,0.09,-0.02,0.37,0.04,,50.54,6.57,3.86,85.196,24.09,50,71
SMHI,Industrials,Marine Shipping,7.23,1.15,0.68,-0.59,0.73,,50.52,-2.36,-13.96,9.348,,50,22
ULTA,Consumer Cyclical,Specialty Retail,534.81,-0.16,-0.26,0.65,0.09,,50.5,26.07,-0.51,254.031,20.0,50,62
SPSC,Technology,Software - Application,108.65,-0.12,0.23,-0.34,0.06,,50.46,2.18,10.88,18.63,49.17,50,78
STC,Financial Services,Insurance - Property & Casualty,76.58,9.37,-6.43,-0.33,0.82,,50.12,3.12,-0.31,96.02,24.13,50,63
SNEX,Financial Services,Capital Markets,95.93,-0.16,-0.19,0.1,-0.01,,50.03,5.87,21.54,2775.073,15.8,50,84
WST,Healthcare,Medical Instruments & Supplies,254.98,0.47,-0.44,-0.04,0.2,,50.0,6.68,-3.53,40.83,38.15,50,53
SYK,Healthcare,Medical Devices,377.84,0.36,0.2,-0.52,0.07,,49.82,7.54,0.73,62.408,49.98,50,65
WM,Industrials,Waste Management,215.92,0.14,0.06,-0.27,0.06,,49.7,6.73,5.19,59.577,32.15,50,73
SLB,Energy,Oil & Gas Equipment & Services,34.74,0.29,-0.34,-0.07,-0.04,,49.68,2.92,-8.96,25.597,11.79,49,38
WAL,Financial Services,Banks - Regional,91.49,0.16,-0.09,0.09,0.19,,49.63,7.61,2.48,28.696,11.96,49,68
SMBC,Financial Services,Banks - Regional,56.25,0.01,0.07,0.18,0.18,,49.62,5.18,2.07,15.673,10.81,49,67
TFSL,Financial Services,Banks - Regional,13.33,0.14,-0.14,0.33,0.14,,49.25,0.29,-3.5,1.108,45.52,49,53
SMFG,Financial Services,Banks - Diversified,16.72,0.01,0.01,0.01,0.03,,49.24,1.24,-2.78,516.24,13.58,49,55
SPG,Real Estate,REIT - Retail,180.09,0.34,-0.61,0.4,0.13,,49.23,6.47,-5.01,18.493,27.93,49,48
TMHC,Consumer Cyclical,Residential Construction,69.2,-0.09,-0.11,-0.03,0.03,,49.01,8.65,-7.59,82.373,7.83,49,41
URI,Industrials,Rental & Leasing Services,942.79,0.21,-0.18,-0.15,0.0,-0.02,48.99,38.6,-1.33,240.597,24.39,49,59
TMP,Financial Services,Banks - Regional,71.09,0.09,0.0,0.05,0.37,,48.88,5.55,-1.07,21.523,12.46,49,60
WIT,Technology,Information Technology Services,2.86,-0.07,0.06,0.05,0.11,,48.82,0.15,-7.94,85.319,18.67,49,40
WEST,Consumer Defensive,Packaged Foods,5.06,0.26,-0.29,-0.41,-0.15,-0.07,48.76,-0.93,15.85,10.163,,49,81
SLGN,Consumer Cyclical,Packaging & Containers,43.15,0.3,0.52,-1.24,0.17,,48.75,2.81,-1.87,57.635,15.23,48,58
ROL,Consumer Cyclical,Personal Services,55.73,0.32,0.0,-0.27,0.07,,48.66,1.01,1.97,7.371,54.96,48,67
TPL,Energy,Oil & Gas E&P,913.27,-0.04,0.02,0.11,0.01,,48.59,20.04,2.0,32.326,43.67,48,67
WH,Consumer Cyclical,Lodging,83.08,0.45,-0.4,-0.19,0.06,,48.57,4.25,-4.63,18.588,19.56,48,49
VRSN,Technology,Software - Infrastructure,285.88,0.05,0.05,-0.03,0.1,,48.53,8.38,-4.14,16.779,33.68,48,51
SHEL,Energy,Oil & Gas Integrated,71.44,-0.3,4.27,-3.6,0.11,,48.48,4.48,-17.56,89.242,15.8,48,18
SST,Industrials,Specialty Business Services,8.83,-0.05,-0.1,0.74,0.7,,48.05,-9.69,-32.69,43.184,,48,11
SEB,Industrials,Conglomerates,3875.0,2.19,2.83,1.55,0.67,0.45,47.97,143.16,-1.68,9783.216,24.45,48,58
UNM,Financial Services,Insurance - Life,76.25,0.82,-0.82,-0.79,-0.06,,47.91,8.34,-6.08,71.736,9.14,48,45
VMC,Basic Materials,Building Materials,298.58,1.51,-1.29,0.41,0.04,,47.86,7.21,-2.82,57.426,41.3,48,55
SILO,Healthcare,Biotechnology,0.695,0.21,-0.02,-0.02,0.63,0.22,47.76,-1.01,-9.76,0.015,,48,35
TAK,Healthcare,Drug Manufacturers - Specialty & Generic,15.02,0.06,0.07,0.07,0.31,,47.6,0.29,-13.08,1419.7524,51.93,48,23
SSD,Basic Materials,Lumber & Wood Production,184.17,0.33,0.41,-0.68,0.07,,47.48,7.86,-1.64,54.272,23.14,47,58
SII,Financial Services,Asset Management,71.9,0.13,-0.04,-0.04,-0.02,0.02,47.36,1.94,13.06,7.713,37.6,47,80
SLF,Financial Services,Insurance - Diversified,59.46,-0.28,-0.22,-0.18,0.14,0.16,47.11,4.09,-38.53,59.678,14.72,47,10
TZOO,Communication Services,Internet Content & Information,10.31,-1.0,-0.04,0.04,-0.77,,47.07,0.9,2.36,7.438,11.34,47,67
VRRM,Technology,Information Technology Services,24.63,0.2,3.05,-2.95,0.14,,46.98,0.25,0.02,5.603,97.56,47,63
UNB,Financial Services,Banks - Regional,26.0,-0.04,-0.22,1.31,0.18,,46.91,2.01,-4.21,10.797,13.07,47,51
S,Technology,Software - Infrastructure,18.72,1.86,-1.86,0.14,0.0,,46.59,-1.32,25.22,2.797,,47,85
VIV,Communication Services,Telecom Services,12.67,0.28,-0.66,0.06,0.12,,46.54,0.67,-3.2,35.424,18.82,47,54
T,Communication Services,Telecom Services,29.2,0.02,0.09,19.67,0.27,,46.39,1.75,-8.62,17.202,16.58,47,39
TAYD,Industrials,Specialty Industrial Machinery,47.25,0.0,0.88,-1.5,-0.3,-0.28,46.11,2.87,14.43,14.785,16.21,47,80
SPGI,Financial Services,Financial Data & Stock Exchanges,507.8,-0.01,0.25,-0.09,0.08,,46.06,13.03,0.67,47.689,38.92,47,65
TENB,Technology,Software - Infrastructure,30.371,0.58,-10.5,5.0,0.0,,46.02,-0.37,4.17,7.91,,46,71
SONY,Technology,Consumer Electronics,30.07,0.2,-0.89,0.11,0.04,,46.0,1.34,-5.23,2158.727,21.91,46,48
USB,Financial Services,Banks - Regional,50.21,0.08,0.02,-0.02,0.14,,45.84,4.18,-6.35,16.39,12.06,46,44
UCB,Financial Services,Banks - Regional,32.39,0.09,-0.05,0.61,0.17,,45.82,2.2,-2.3,7.673,14.65,46,57
THM,Basic Materials,Gold,1.51,-1000000.0,167100.0,1.0,0.0,0.0,45.71,-0.02,-9.89,,,46,32
WEN,Consumer Cyclical,Restaurants,9.52,0.45,-0.15,-0.09,0.07,,45.68,0.96,-9.1,11.131,9.72,46,37
UVSP,Financial Services,Banks - Regional,31.61,-0.12,0.18,0.02,0.11,,45.48,2.73,-0.4,10.283,11.43,46,62
VSTM,Healthcare,Biotechnology,9.54,1.46,-0.23,-0.3,-0.26,0.31,45.44,-3.5,8226666666666420.0,0.041,,46,97
VLTO,Industrials,Pollution & Treatment Controls,107.06,-0.02,-0.01,0.03,0.09,,45.35,3.58,-4.46,21.643,29.86,46,50
SELF,Real Estate,REIT - Specialty,5.0638,0.2,4.0,-10.0,0.2,,45.3,0.22,-6.0,1.142,23.0,46,45
TCPC,Financial Services,Asset Management,6.65,-2.32,2.8,-2.8,2.16,,45.22,-0.1,-284.77,2.808,,46,5
SKE,Basic Materials,Other Industrial Metals & Mining,17.15,0.16,0.61,0.38,0.23,-0.2,44.94,-1.09,-9.89,,,45,32
VBTX,Financial Services,Banks - Regional,34.78,0.08,0.15,-0.24,0.14,,44.83,2.1,-4.95,7.802,16.33,45,49
STRT,Consumer Cyclical,Auto Parts,71.86,0.53,3.06,-1.79,-0.18,,44.81,4.58,-3.14,140.215,15.38,45,54
TXN,Technology,Semiconductors,181.62,0.1,-0.02,-0.13,0.15,,44.21,5.47,-0.87,18.304,32.79,45,61
WSO,Industrials,Industrial Distribution,384.25,1.35,-0.23,-0.78,0.01,,44.17,13.1,-10.09,199.196,29.76,45,29
SPH,Utilities,Utilities - Regulated Gas,18.81,-10.17,6.03,3.3,0.17,,43.98,1.48,-8.26,22.07,12.31,45,39
WSM,Consumer Cyclical,Specialty Retail,199.62,0.08,-0.03,-0.03,0.15,-0.1,43.87,8.98,-8.88,63.459,22.08,45,38
STKL,Consumer Defensive,Beverages - Non-Alcoholic,6.42,0.0,3.0,-0.6,2.0,,43.86,-0.02,3.25,6.504,,45,69
TMCI,Healthcare,Medical Devices,7.19,-0.12,-24.0,24.0,0.21,,43.84,-0.79,4.96,3.416,,45,73
WDFC,Basic Materials,Specialty Chemicals,213.15,-0.43,0.58,0.13,0.05,,43.83,6.35,-6.89,45.21,33.13,45,42
UBCP,Financial Services,Banks - Regional,13.57,0.03,0.03,0.0,0.1,,43.82,1.27,-3.91,5.402,10.24,45,52
TSCO,Consumer Cyclical,Specialty Retail,59.87,1.38,-0.29,-0.02,0.03,,43.76,2.03,-5.05,28.428,29.39,44,48
WCN,Industrials,Waste Management,175.41,0.19,2.24,-2.57,0.05,,43.65,2.49,-0.77,35.769,69.87,44,61
WSFS,Financial Services,Banks - Regional,55.99,0.13,0.04,0.0,0.11,,43.5,4.56,-2.62,17.094,12.16,44,56
SVC,Real Estate,REIT - Hotel & Motel,2.9,2.04,-0.43,-0.75,0.96,-0.46,43.29,-1.68,-8.22,11.392,,44,39
TAP,Consumer Defensive,Beverages - Brewers,46.9,2.57,-1.33,0.46,0.05,,42.98,5.07,-10.5,55.31,9.19,44,28
TXT,Industrials,Aerospace & Defense,83.92,0.2,0.49,-0.55,-0.01,,42.9,4.44,-5.16,76.73,18.83,44,48
UNF,Industrials,Specialty Business Services,170.7,0.62,-0.76,-0.04,0.05,,42.84,8.15,-5.75,132.298,20.67,44,46
STT,Financial Services,Asset Management,113.22,0.06,-0.21,0.09,0.01,,42.8,8.9,-3.25,45.791,12.75,44,54
WSBF,Financial Services,Banks - Regional,15.3,1.53,-0.65,0.08,0.39,,42.7,1.13,-17.22,7.36,13.42,44,18
SRCE,Financial Services,Banks - Regional,65.21,-0.01,0.2,-0.11,0.01,,42.54,5.7,-0.78,15.973,11.17,44,61
SCCO,Basic Materials,Copper,107.26,0.04,0.19,-0.13,0.03,,42.51,4.44,-10.78,14.757,24.77,44,27
WMK,Consumer Defensive,Grocery Stores,72.11,0.33,-0.7,0.34,0.03,,42.23,4.02,-6.6,180.949,17.64,44,43
ROST,Consumer Cyclical,Apparel Retail,146.09,0.06,-0.22,0.21,-0.02,,42.15,6.3,-5.56,66.066,23.2,43,47
VALU,Financial Services,Financial Data & Stock Exchanges,38.6,0.11,0.13,-0.09,0.11,0.0,42.11,2.27,-13.69,3.696,16.73,43,22
SEER,Healthcare,Biotechnology,2.2,0.03,0.09,-0.06,0.06,,41.98,-1.39,23.87,0.274,,43,84
WES,Energy,Oil & Gas Midstream,38.52,0.11,-0.09,0.16,-0.1,,41.95,3.25,-4.47,9.64,11.81,43,50
TMO,Healthcare,Diagnostics & Research,481.1,0.07,-0.2,0.12,0.06,,41.93,17.31,-6.82,113.716,27.71,43,42
SOND,Consumer Cyclical,Lodging,1.87,-2.07,4.92,-7.06,-0.06,,41.89,-20.96,-3.51,52.315,,43,53
VZ,Communication Services,Telecom Services,43.67,0.02,-0.03,0.53,0.08,,41.42,4.3,-6.32,32.449,10.11,43,44
WINA,Consumer Cyclical,Specialty Retail,514.95,0.07,0.04,-0.17,0.01,,41.33,11.25,-8.62,23.605,44.94,43,39
WMS,Industrials,Building Products & Equipment,144.66,0.87,-0.06,-0.6,-0.12,,41.3,5.54,-8.13,37.626,25.84,43,40
SCI,Consumer Cyclical,Personal Services,80.54,-0.14,-0.06,0.3,0.07,,41.3,3.68,-9.46,29.515,21.75,43,36
WAT,Healthcare,Diagnostics & Research,306.38,0.21,-0.91,0.43,0.02,,41.28,11.1,-3.29,51.256,27.11,43,54
YORW,Utilities,Utilities - Regulated Water,30.64,0.4,-0.44,-0.14,0.0,,41.19,1.37,-4.69,5.304,22.39,42,49
XOS,Industrials,Farm & Heavy Construction Machinery,2.81,0.38,0.87,-0.79,0.35,,41.0,-5.89,76.29,6.364,,42,91
UTL,Utilities,Utilities - Diversified,45.81,-5.76,1.0,84500000.0,-0.08,0.0,40.04,2.9,-4.49,30.614,15.62,42,50
VTGN,Healthcare,Biotechnology,3.04,-0.01,-0.01,-0.1,-0.34,-1.11,39.89,-1.79,101.68,0.021,,42,92
RMTI,Healthcare,Drug Manufacturers - Specialty & Generic,1.33,-0.25,-9.0,-9.0,-6.0,0.5,39.8,-0.07,-44.4,2.648,,42,9
STEL,Financial Services,Banks - Regional,31.71,0.11,-0.13,-0.21,-0.1,,39.79,2.08,-3.55,8.033,14.82,42,53
WCC,Industrials,Industrial Distribution,214.92,0.82,-0.45,-0.25,-0.14,,39.68,12.76,-2.61,454.186,16.36,42,56
WORX,Healthcare,Health Information Services,0.3015,-0.84,0.04,0.04,-0.77,-0.79,39.57,-1.15,-21.04,1.206,,42,15
SG,Consumer Cyclical,Restaurants,8.63,0.05,0.19,-0.39,-0.54,,39.55,-0.84,-0.83,5.891,,42,61
YETI,Consumer Cyclical,Leisure,35.84,2.1,-2.15,-0.05,0.05,,39.14,2.09,-9.48,21.826,16.55,42,36
RUSHB,Consumer Cyclical,Auto & Truck Dealerships,59.84,0.22,-0.24,-0.06,-0.09,,39.12,3.51,-7.77,97.061,16.82,42,40
RUSHA,Consumer Cyclical,Auto & Truck Dealerships,57.13,0.22,-0.24,-0.06,-0.09,,39.12,3.51,-7.77,97.061,16.25,42,40
WHD,Energy,Oil & Gas Equipment & Services,41.22,-0.1,-0.06,-0.09,-0.27,,39.07,2.65,-0.73,16.534,14.9,41,61
VVV,Consumer Cyclical,Auto & Truck Dealerships,39.9,0.52,-1.45,0.0,0.26,,38.99,2.14,-1.76,13.18,18.07,41,58
WAFD,Financial Services,Banks - Regional,31.83,0.12,0.2,-0.31,-0.03,,38.64,2.63,-9.92,8.916,11.95,41,29
TNL,Consumer Cyclical,Travel Services,61.51,0.5,-0.61,0.25,-0.12,,38.47,5.75,-5.58,57.743,10.62,41,46
SNA,Industrials,Tools & Accessories,339.49,0.05,-0.07,0.03,-0.07,,38.4,18.78,-8.76,96.788,17.96,41,38
SKM,Communication Services,Telecom Services,22.09,0.15,0.18,-0.26,0.03,,38.13,1.87,-9.43,46670.215,11.69,41,36
UTMD,Healthcare,Medical Instruments & Supplies,63.44,0.02,0.06,-0.18,-0.04,,37.68,3.75,-15.14,11.582,16.58,41,20
TGNA,Communication Services,Broadcasting,21.04,0.17,-2.11,0.26,-0.14,,37.63,2.75,-13.11,18.698,7.65,41,23
SSNC,Technology,Software - Application,89.25,-0.18,-0.16,0.51,-0.04,,37.38,3.17,-4.23,24.598,27.95,41,51
STBA,Financial Services,Banks - Regional,40.0,-0.05,0.01,0.01,-0.08,,37.32,3.4,-6.31,10.149,11.55,41,44
TROW,Financial Services,Asset Management,105.79,0.04,0.11,-0.37,0.06,,37.23,8.93,-11.26,31.999,11.87,40,26
TLK,Communication Services,Telecom Services,19.63,0.0,-0.01,-0.01,-0.03,-0.04,37.18,1.4,-12.18,74538.5,13.94,40,25
TPB,Consumer Defensive,Tobacco,101.935,0.0,4.79,-4.0,0.09,,37.14,2.8,3.9,22.847,36.5,40,71
RXRX,Healthcare,Biotechnology,4.93,0.22,0.06,-0.56,-0.02,,36.98,-1.81,49.71,0.18,,40,89
TISI,Industrials,Specialty Business Services,17.5,5.96,-3.11,0.57,-0.51,,36.86,-11.68,-3.42,194.861,,40,54
SITE,Industrials,Industrial Distribution,136.35,5.72,-0.27,-3.04,0.08,,36.7,2.75,-4.5,102.532,49.2,40,50
WLKP,Basic Materials,Chemicals,21.47,1.93,-2.07,-0.19,0.0,,36.62,1.49,-7.68,31.268,14.19,40,41
SYY,Consumer Defensive,Food Distribution,81.93,0.34,-0.01,-0.2,-0.12,,36.57,3.73,-6.34,166.693,22.09,40,44
VIPS,Consumer Cyclical,Internet Retail,18.78,-0.29,-0.26,1.38,-0.21,,36.56,1.87,-14.66,206.26,9.83,40,21
YRD,Financial Services,Credit Services,6.04,0.44,-0.34,-0.06,-0.15,,36.55,2.09,-2.6,70.997,2.89,40,56
URGN,Healthcare,Biotechnology,18.87,-0.14,-0.15,-0.45,-0.15,,36.39,-3.06,-1.92,1.993,,40,58
ULS,Industrials,Specialty Business Services,67.99,0.32,-0.21,-0.07,-0.13,,36.1,1.62,-4.18,14.718,42.04,40,51
WYNN,Consumer Cyclical,Resorts & Casinos,128.68,-0.08,-2.71,9.83,-0.58,,36.02,3.38,-0.5,65.315,38.32,39,62
VIR,Healthcare,Biotechnology,5.18,0.1,-0.16,1.05,0.27,,35.95,-4.01,-425.19,0.138,,39,4
WU,Financial Services,Credit Services,8.2,0.0,-2.08,0.46,-0.14,,35.85,2.64,-14.68,12.218,3.08,39,21
STWD,Real Estate,REIT - Mortgage,20.3,0.15,0.18,0.22,0.58,-0.48,35.84,1.08,-25.79,1.032,18.73,39,12
WS,Basic Materials,Steel,33.64,3.04,0.08,-1.19,0.05,,35.8,2.19,-19.34,62.491,15.33,39,16
SBR,Energy,Oil & Gas Midstream,77.1,-0.02,-0.03,-0.03,-0.24,-0.1,35.7,5.04,-17.81,5.328,15.22,39,17
TCBK,Financial Services,Banks - Regional,46.485,0.05,-0.1,0.0,-0.05,,35.47,3.39,-3.73,11.884,13.33,39,52
VECO,Technology,Semiconductor Equipment & Materials,28.4,-0.05,-0.24,-0.5,-0.35,,35.46,1.02,-11.42,12.166,27.99,39,26
SF,Financial Services,Capital Markets,115.57,2.36,-4.38,0.58,-0.06,,35.07,5.16,-5.76,48.966,22.29,39,46
ROCK,Industrials,Building Products & Equipment,62.0,0.24,-1.17,0.37,-0.21,,34.9,4.45,-1.41,44.611,13.9,39,59
SABS,Healthcare,Biotechnology,2.79,-0.95,0.5,0.33,-0.38,-0.04,34.76,-3.99,-9.89,0.012,,39,32
TREE,Financial Services,Financial Conglomerates,76.51,2.42,-2.64,8.75,0.12,,34.44,-4.07,0.11,75.382,,38,63
TPVG,Financial Services,Asset Management,6.21,0.03,2.78,-4.17,0.5,,34.38,1.03,-93.7,2.429,6.07,38,7
VRSK,Industrials,Consulting Services,245.33,0.09,0.11,-0.03,-0.19,,34.3,6.45,-2.89,21.229,37.75,38,55
WB,Communication Services,Internet Content & Information,12.4,0.18,10.25,-12.75,0.13,,34.13,1.41,-11.89,7.404,8.89,38,25
WABC,Financial Services,Banks - Regional,50.08,-0.04,-0.03,-0.1,-0.19,,34.09,4.8,-15.95,10.378,10.23,38,19
TCMD,Healthcare,Medical Devices,14.09,2.08,-4.08,0.9,-0.29,,34.03,0.62,-0.65,12.61,22.68,38,62
SHW,Basic Materials,Specialty Chemicals,349.56,0.5,0.05,-0.68,-0.17,,33.85,10.09,-7.73,92.486,34.37,38,41
SAFE,Real Estate,REIT - Diversified,16.7,-0.05,0.21,0.26,-0.08,-0.05,33.77,1.43,2.55,5.502,11.4,38,68
TYGO,Technology,Solar,1.81,0.57,3.0,-1.0,1.71,,33.76,-0.84,49.27,1.213,,38,89
TREX,Industrials,Building Products & Equipment,54.12,0.27,5.22,-3.11,-0.13,,33.42,1.74,-8.33,10.508,30.56,38,39
WTTR,Energy,Oil & Gas Equipment & Services,10.01,0.25,5.0,-9.0,-0.3,,32.81,0.32,-0.44,14.484,31.19,38,62
TFX,Healthcare,Medical Instruments & Supplies,125.8,0.33,2.42,-2.24,0.63,,32.67,4.29,-6.18,66.433,28.59,37,45
TSEM,Technology,Semiconductors,68.81,0.17,-0.36,0.0,-0.14,,32.52,1.74,-6.56,13.341,38.52,37,43
XPL,Basic Materials,Other Industrial Metals & Mining,0.7261,0.0,1.0,0.5,0.0,0.0,32.37,-0.07,-9.89,,,37,32
VRDN,Healthcare,Biotechnology,19.62,-0.15,-0.07,0.42,-0.3,,32.05,-3.57,-66.61,0.004,,37,8
SDGR,Healthcare,Health Information Services,19.65,0.39,-0.22,-0.29,0.25,-0.08,31.51,-2.48,5.74,3.257,,37,74
RS,Basic Materials,Steel,287.6,0.18,0.93,-0.87,-0.06,,31.37,13.82,-9.72,255.379,20.83,37,35
SLRC,Financial Services,Asset Management,16.11,0.19,-0.04,-0.04,0.02,-0.38,30.85,1.63,1.41,4.077,9.92,37,66
SMSI,Technology,Software - Application,0.7712,-1.79,-0.12,1.16,-0.18,,30.8,-1.23,-36.07,1.113,,37,10
XGN,Healthcare,Diagnostics & Research,9.65,-0.05,0.0,0.4,-0.31,,30.79,-0.89,1.26,3.084,,37,66
TBHC,Consumer Cyclical,Home Improvement Retail,1.88,-0.67,0.05,0.04,0.23,0.26,30.61,-1.42,-18.76,23.767,,37,16
SIEB,Financial Services,Capital Markets,3.14,-2.83,0.37,0.6,-2.2,1.44,30.58,0.24,-35.01,2.141,12.17,37,10
WK,Technology,Software - Application,80.54,0.09,-1.37,0.94,-0.09,,30.43,-1.19,10.46,14.436,,36,78
WF,Financial Services,Banks - Regional,56.78,0.57,-0.24,-0.2,0.02,-0.35,30.38,8.03,-4.37,41876.69,7.17,36,50
SDA,Consumer Cyclical,Auto & Truck Dealerships,2.67,0.08,0.08,0.07,0.33,,30.36,-0.71,9.64,4.625,,36,78
SU,Energy,Oil & Gas Integrated,42.72,-0.46,1.09,-1.45,-0.31,,30.32,3.29,-11.46,39.882,12.63,36,26
TSLX,Financial Services,Asset Management,23.49,0.62,-0.06,-0.06,0.24,-0.36,30.28,2.01,-0.71,5.072,11.74,36,62
TOWN,Financial Services,Banks - Regional,36.39,-0.29,0.22,-0.04,-0.1,,29.79,2.31,2.7,9.879,15.53,36,68
SBSI,Financial Services,Banks - Regional,30.92,0.01,-0.01,0.06,-0.12,,29.73,2.81,-7.77,8.411,10.73,36,40
TEN,Energy,Oil & Gas Midstream,23.2,0.22,0.28,-2.52,-0.54,,29.67,4.47,-5.83,26.325,5.08,36,46
SKYE,Healthcare,Biotechnology,3.94,-0.57,-0.17,-1.4,-1.2,,29.43,-1.06,-9.89,,,36,32
TRTX,Real Estate,REIT - Mortgage,9.34,0.75,0.33,-1.56,-0.24,,29.19,0.65,-4.81,1.72,14.22,36,49
XOM,Energy,Oil & Gas Integrated,113.93,-0.07,0.02,-0.12,-0.3,,29.1,7.04,-15.78,75.052,16.03,36,20
WSC,Industrials,Rental & Leasing Services,22.69,0.13,-1.09,2.3,2.04,,28.82,0.59,-7.23,12.738,38.25,36,42
UPXI,Communication Services,Internet Content & Information,6.82,-1.31,0.25,0.8,0.4,0.61,28.07,-21.77,-51.91,14.977,,35,9
SWKH,Financial Services,Asset Management,14.58,-0.28,-0.3,0.71,-0.03,,27.97,1.41,-20.04,3.055,10.22,35,16
SEE,Consumer Cyclical,Packaging & Containers,34.38,-0.24,16.6,-13.6,-0.06,,27.91,2.03,-10.68,36.425,16.8,35,28
TIL,Healthcare,Biotechnology,21.03,0.33,-1.37,0.95,-0.41,,27.81,-12.91,-9.89,,,35,32
SCL,Basic Materials,Specialty Chemicals,49.9,-0.72,4.73,-5.87,0.19,,27.0,2.54,-6.16,98.912,19.12,35,45
TLS,Technology,Software - Infrastructure,6.85,-0.08,0.08,2.0,-0.18,,26.97,-0.77,-2.99,1.607,,35,54
SNAP,Communication Services,Internet Content & Information,8.44,-1.0,-9.0,10.0,-0.07,,26.45,-0.32,-4.3,3.358,,35,50
TRMK,Financial Services,Banks - Regional,41.06,0.05,-0.05,0.1,-0.32,,26.41,3.56,490.46,12.455,11.43,35,94
TKR,Industrials,Tools & Accessories,79.09,0.01,0.1,-0.15,-0.21,,26.4,4.4,-9.22,64.5,17.61,35,37
SVRA,Healthcare,Biotechnology,3.6,-0.17,-0.04,-0.05,-0.17,-0.09,26.07,-0.51,-9.89,,,35,32
WNS,Technology,Information Technology Services,76.19,-1.34,0.04,0.17,-0.28,,25.94,3.58,-1.58,30.985,21.28,35,59
VANI,Healthcare,Biotechnology,1.47,-0.09,0.0,0.0,-0.2,,25.23,-0.45,-9.89,,,34,32
TRUE,Communication Services,Internet Content & Information,2.39,0.33,-0.33,-0.5,0.67,-1.0,25.13,-0.33,-5.29,2.093,,34,48
SPKL,Financial Services,Shell Companies,11.12,-0.5,-0.33,-0.25,-1.5,-0.67,24.42,0.15,-9.89,,75.67,34,32
TSLA,Consumer Cyclical,Auto Manufacturers,416.85,1.77,-4.54,0.06,-0.28,,23.92,1.66,-10.89,28.862,256.67,34,27
SPNS,Technology,Software - Application,43.05,-0.28,0.0,-0.03,-0.32,,23.66,1.22,-5.68,9.825,35.26,34,46
SNDR,Industrials,Trucking,23.01,0.4,-0.27,0.12,0.05,,23.58,0.7,-5.34,31.244,32.01,34,47
UFPI,Basic Materials,Lumber & Wood Production,98.2,0.31,0.16,-0.46,-0.21,,23.39,5.76,-15.68,112.681,16.55,34,20
SNOW,Technology,Software - Application,222.11,0.45,-0.14,-0.16,0.07,-0.36,23.36,-4.15,26.24,12.369,,34,85
SWKS,Technology,Semiconductors,77.03,0.63,-1.35,1.66,-0.07,,23.32,2.51,-7.93,25.524,31.45,34,40
UPS,Industrials,Integrated Freight & Logistics,85.05,0.08,-0.44,0.12,-0.09,,23.24,6.72,-12.55,106.063,12.51,34,24
UNH,Healthcare,Healthcare Plans,334.82,-0.84,0.14,-0.07,-0.22,,23.08,23.1,2.61,461.844,14.58,34,68
VFS,Consumer Cyclical,Auto Manufacturers,3.28,-0.15,0.73,-1.31,-0.08,,22.73,-1.32,67.04,26397.72,,33,91
SO,Utilities,Utilities - Regulated Electric,91.45,-0.51,1.42,-1.8,-0.37,,22.64,3.87,-2.96,25.82,23.72,33,55
USNA,Consumer Defensive,Packaged Foods,30.84,0.06,1.08,-1.38,-0.06,,22.39,1.8,-6.58,47.497,16.52,33,43
TRMD,Energy,Oil & Gas Midstream,23.21,-0.07,-0.58,-0.37,-2.47,-2.66,22.16,3.28,-20.15,13.697,6.88,33,16
TNC,Industrials,Specialty Industrial Machinery,82.44,0.57,0.94,-2.08,-0.34,,21.57,3.21,-10.54,67.025,25.13,33,28
RVTY,Healthcare,Diagnostics & Research,87.76,0.31,-1.22,0.01,0.03,,21.36,2.3,-11.11,23.229,37.7,33,27
STX,Technology,Computer Hardware,216.64,0.44,0.01,0.09,-0.06,,21.32,6.77,6.26,42.91,32.68,33,74
TNK,Energy,Oil & Gas Midstream,54.72,-0.22,-0.08,0.4,-0.78,,21.31,8.13,-33.96,28.898,6.58,33,10
SOLV,Healthcare,Medical Instruments & Supplies,74.37,-0.52,3.65,-3.12,0.02,,20.37,2.18,-7.21,48.29,33.82,33,42
SOBO,Energy,Oil & Gas Midstream,28.31,0.1,0.18,0.22,0.09,-0.28,20.13,1.44,-11.79,9.834,19.39,33,25
SRRK,Healthcare,Biotechnology,32.48,-0.46,-0.01,-0.01,-0.63,-0.14,19.89,-2.92,-3.688111111111111e+16,,,33,1
TM,Consumer Cyclical,Auto Manufacturers,200.47,-0.13,-0.12,-0.11,-0.53,-0.38,19.62,22.14,-2.4,2304.0156,8.99,32,56
UPLD,Technology,Software - Application,2.51,0.9,-4.39,-0.5,-0.09,,18.98,-1.81,-30.91,9.021,,32,11
VEEA,Technology,Information Technology Services,0.6227,-2.58,6.71,1.18,0.08,2.53,17.65,-0.91,-2057.3,0.005,,32,4
SGMT,Healthcare,Biotechnology,6.75,0.75,-0.12,-0.11,-0.28,,17.63,-1.86,-9.89,,,32,32
RUN,Technology,Solar,16.3,4.55,57.86,-32.81,0.94,,17.44,-11.76,-0.71,9.441,,32,62
TTE,Energy,Oil & Gas Integrated,61.38,-0.43,-0.02,0.77,-0.36,,17.39,5.52,-14.59,82.93,10.97,32,21
SGI,Consumer Cyclical,"Furnishings, Fixtures & Appliances",86.01,3.76,-3.41,-0.83,-0.3,,15.83,1.46,25.09,31.905,58.6,32,85
SAIA,Industrials,Trucking,314.83,0.44,-0.53,-0.22,-0.44,,15.47,10.82,-6.33,121.13,28.65,32,44
SOPH,Healthcare,Health Information Services,3.18,-0.27,-0.13,0.22,-0.43,,15.35,-1.1,6.63,1.043,,32,75
SERV,Industrials,Specialty Industrial Machinery,12.84,-0.57,0.57,-0.8,-0.33,,15.19,-1.05,119798888889000.0,0.029,,32,96
SGU,Energy,Oil & Gas Refining & Marketing,11.55,-5.19,1.54,2.29,-0.55,0.29,15.18,1.69,-13.26,51.443,6.76,32,23
UIS,Technology,Information Technology Services,4.07,0.5,-2.02,3.07,-0.65,,14.15,-1.15,-9.43,27.95,,32,36
TRNS,Industrials,Specialty Business Services,75.74,-0.37,0.85,-0.38,-0.4,,14.02,1.44,3.42,31.156,52.4,31,70
RVSB,Financial Services,Banks - Regional,5.21,0.2,-0.2,-0.17,0.2,,13.98,0.24,-6.39,2.44,21.46,31,44
TGT,Consumer Defensive,Discount Stores,89.42,-0.11,-0.06,0.3,-0.25,,13.51,8.58,-10.31,231.362,10.27,31,28
VTEX,Technology,Software - Application,4.65,2.2,-5.8,0.89,-1.25,,13.5,0.05,0.25,1.253,90.6,31,64
URG,Energy,Uranium,1.51,-1.0,-0.2,-0.25,-2.0,1.33,13.3,-0.17,1.925333333333342e+16,0.11,,31,98
TRU,Financial Services,Financial Data & Stock Exchanges,92.46,-0.36,1.24,-0.03,0.27,,12.53,1.99,0.65,22.368,45.18,31,65
TYRA,Healthcare,Biotechnology,12.79,0.0,-0.09,-0.05,-0.47,,12.15,-1.79,-9.89,,,31,32
SRE,Utilities,Utilities - Diversified,82.48,-0.96,0.32,0.04,-0.59,,11.98,4.13,-9.99,20.728,20.15,31,29
SMA,Real Estate,REIT - Industrial,38.25,1.19,-7.75,0.75,0.0,,11.85,-0.27,2.63,2.338,,31,68
SAMG,Financial Services,Asset Management,16.49,-0.24,0.53,-0.41,-0.33,,10.21,0.87,-11.3,13.216,18.32,31,26
WASH,Financial Services,Banks - Regional,30.39,0.1,6.52,-6.44,0.1,,10.19,-1.59,-12.66,6.35,,31,24
RXST,Healthcare,Medical Devices,9.49,-0.45,-0.33,0.07,-0.81,,10.17,-0.8,16.05,3.644,,30,81
SES,Consumer Cyclical,Auto Parts,1.58,-0.75,1.75,-0.22,-0.17,,9.98,-0.31,2.5779999999999988e+16,0.035,,30,98
STLD,Basic Materials,Steel,139.84,0.39,0.07,-0.51,-0.36,,9.88,6.89,-11.39,113.412,20.21,30,26
RRX,Industrials,Specialty Industrial Machinery,144.42,0.38,0.39,-0.76,0.27,,9.3,3.76,-6.28,88.276,38.15,30,44
SNYR,Healthcare,Medical Distribution,2.38,0.7,0.0,0.0,0.89,0.25,9.07,0.38,-16.57,4.074,6.32,30,19
TFII,Industrials,Trucking,94.41,0.76,-0.63,-0.39,-0.16,-0.64,8.37,4.34,-15.48,98.122,21.53,30,20
SEVN,Real Estate,REIT - Mortgage,11.02,-0.67,0.13,0.15,-0.56,-0.17,8.37,1.05,-30.11,1.984,10.21,30,11
VRNS,Technology,Software - Infrastructure,57.49,0.0,-1.67,0.33,-0.52,,8.36,-0.92,5.4,5.297,,30,74
SFNC,Financial Services,Banks - Regional,20.37,0.65,0.13,0.15,0.34,-0.19,8.1,1.27,-4.11,5.909,15.8,30,51
TRIN,Financial Services,Asset Management,16.27,0.47,-0.79,0.71,0.03,,7.52,2.27,-21.83,4.206,7.26,30,15
UMC,Technology,Semiconductors,6.99,0.15,-0.44,-0.3,-0.56,-0.35,7.5,0.55,-6.24,95.21,12.98,30,45
SKYX,Industrials,Electrical Equipment & Parts,1.3,0.12,-0.06,-0.06,0.0,0.11,6.97,-0.35,20383.07,0.856,,29,95
TNGX,Healthcare,Biotechnology,7.87,0.03,-0.03,-0.3,-0.46,,6.58,-1.32,-358.3,0.221,,29,5
VALE,Basic Materials,Other Industrial Metals & Mining,10.84,0.52,-0.35,-0.26,-0.3,-0.18,6.45,1.22,-22.54,49.078,8.9,29,14
VSTD,Consumer Cyclical,Restaurants,1.74,-0.04,-0.03,-0.03,-0.22,-0.48,5.87,-0.62,5.99,2.449,,29,74
SITM,Technology,Semiconductors,305.37,0.2,-0.1,-0.11,0.38,0.25,5.48,-3.47,26.11,10.844,,29,85
XENE,Healthcare,Biotechnology,37.76,-0.29,0.01,-0.04,-0.43,,5.13,-3.55,-1.0482222222222242e+16,0.096,,29,2
XPO,Industrials,Trucking,131.64,0.53,-0.1,-0.25,-0.43,,5.0,2.89,-8.55,68.453,45.31,29,39
SMCI,Technology,Computer Hardware,45.94,0.83,-2.0,-0.33,-0.82,,4.87,1.68,16.69,37.011,27.27,29,82
SNPS,Technology,Software - Infrastructure,480.11,-0.48,0.17,-2.79,-0.76,,4.74,7.38,3.93,41.285,67.14,29,71
SNFCA,Financial Services,Mortgage Finance,9.09,0.52,-0.85,-0.46,-0.15,-0.78,3.77,0.89,-11.32,13.813,9.97,29,26
RMR,Real Estate,Real Estate Services,17.01,0.19,-0.81,0.13,-0.16,-0.67,2.81,1.14,-12.38,11.737,14.54,29,24
THCH,Consumer Cyclical,Restaurants,2.58,-0.3,1.28,-0.47,-0.6,,2.51,-1.56,-10.21,41.245,,28,28
TGEN,Industrials,Electrical Equipment & Parts,7.29,-1.0,0.67,-0.25,0.0,,2.37,-0.16,25.41,1.052,,28,85
WYHG,Consumer Defensive,Packaged Foods,1.42,0.0,0.17,0.2,-0.32,-0.67,2.28,0.14,-5.54,4119.218,9.79,28,47
UNFI,Consumer Defensive,Food Distribution,30.81,-1.4,6.0,0.8,1.83,,2.0,-1.14,-3.75,537.607,,28,52
SDOT,Consumer Defensive,Farm Products,7.84,-1.57,-0.19,-0.16,-6.71,4.0,0.9,7.8,157.19,1286.171,0.98,28,93
VOYA,Financial Services,Financial Conglomerates,77.02,0.17,0.49,-0.03,-0.18,,0.29,5.06,-1.72,81.904,15.14,28,58
XBP,Technology,Software - Infrastructure,1.05,-0.36,-0.22,-0.28,-0.19,-1.0,-0.14,-0.29,-2.33,4.666,,28,57
TGB,Basic Materials,Copper,3.66,2.29,-0.99,-73.27,2.75,-2.29,-0.17,-0.07,-16.42,1.889,,28,19
SION,Healthcare,Biotechnology,23.23,0.51,-0.66,-0.3,-1.03,-0.45,-0.58,-1.72,-9.89,,,28,32
RPRX,Healthcare,Biotechnology,35.73,-7.06,0.2,-1.62,-2.31,,-1.0,2.29,-4.87,5.263,15.83,28,49
VBNK,Financial Services,Banks - Regional,12.73,-0.3,-0.08,-0.14,-0.8,-0.73,-2.89,0.68,8.18,3.8,18.68,28,76
VCTR,Financial Services,Asset Management,68.71,-0.41,-0.23,-0.06,-0.67,,-2.96,4.0,30.12,15.811,16.76,28,86
RYTM,Healthcare,Biotechnology,98.54,0.08,-0.12,0.01,-0.36,,-3.54,-3.01,139.65,2.505,,27,93
VOC,Energy,Oil & Gas E&P,2.8,0.53,-0.56,-0.36,-0.38,-1.24,-4.41,0.58,-23.89,0.649,4.81,27,13
UG,Consumer Defensive,Household & Personal Products,7.93,0.17,-0.29,-0.23,-0.5,-0.67,-4.69,0.56,-24.46,2.363,14.2,27,13
SCVL,Consumer Cyclical,Apparel Retail,22.71,1.06,-0.54,-0.35,-0.19,-0.88,-4.88,2.27,-16.77,42.386,9.89,27,18
TNET,Industrials,Staffing & Employment Services,68.02,-1.23,4.74,-2.96,-0.57,,-4.98,2.93,-8.93,100.869,23.22,27,38
RVMD,Healthcare,Biotechnology,45.22,-0.16,-0.01,-0.19,-0.62,,-5.15,-4.52,-1.2866666666666696e+16,,,27,2
TBH,Communication Services,Electronic Gaming & Multimedia,1.53,-0.14,-0.19,-0.23,-0.76,-0.42,-5.29,-0.38,-38728.42,0.0,,27,3
SNDL,Consumer Defensive,Beverages - Wineries & Distilleries,2.56,7.0,0.08,0.08,3.0,-5.0,-6.03,-0.28,107.4,3.609,,27,92
TRX,Basic Materials,Gold,0.5121,1000000.0,-1000000.0,500000.0,1000000.0,-1000000.0,-6.09,-0.0,1.6771111111111132e+16,0.163,,27,98
XMTR,Industrials,Specialty Industrial Machinery,52.43,-0.73,-0.5,0.05,-0.86,,-6.35,-1.23,17.82,12.078,,27,82
UAMY,Basic Materials,Other Industrial Metals & Mining,5.89,-2.15,2.84,2.84,-0.22,2.59,-6.65,-0.01,124.71,0.229,,27,93
VIRC,Consumer Cyclical,"Furnishings, Fixtures & Appliances",8.075,12.0,-4.7,-0.82,-0.6,-1.6,-6.85,0.85,-17.22,14.728,9.32,26,18
WRAP,Technology,Scientific & Technical Instruments,2.15,-7000000.0,-2000000.0,-1.0,-2.5,0.0,-6.88,-0.21,-56.56,0.067,,26,8
VERA,Healthcare,Biotechnology,26.34,-0.48,0.02,0.02,-0.94,-0.45,-7.16,-3.59,-9.89,,,26,32
TMC,Basic Materials,Other Industrial Metals & Mining,5.67,-2.33,0.0,0.0,-2.33,0.33,-7.16,-0.38,-9.89,,,26,32
UHAL,Industrials,Rental & Leasing Services,56.5,2.48,-2.53,-2.03,-0.4,,-7.42,1.42,-6.98,30.144,39.66,26,42
RNA,Healthcare,Biotechnology,41.81,-0.34,-0.12,-0.23,-0.86,,-7.71,-3.56,50.69,0.084,,26,89
SCWO,Industrials,Pollution & Treatment Controls,0.3435,0.0,-0.2,-0.25,-0.5,-0.5,-8.0,-0.11,1644.77,0.009,,26,95
SGML,Basic Materials,Other Industrial Metals & Mining,5.94,-5.0,2.64,2.29,-0.7,,-8.52,-0.41,1.517923848769621e+17,1.211,,26,98
SANA,Healthcare,Biotechnology,3.29,-0.86,0.0,0.19,-0.86,,-8.83,-1.06,-9.89,,,26,32
RVLV,Consumer Cyclical,Internet Retail,24.09,-0.21,0.0,0.06,-0.57,,-8.85,0.62,-0.72,16.646,38.02,26,61
SOUN,Technology,Software - Application,15.63,-2.74,3.09,-10.5,-0.73,,-10.06,-0.68,154.69,0.344,,26,93
SPWH,Consumer Cyclical,Specialty Retail,3.12,2.11,-1.43,-22.0,-0.12,,-11.5,-0.97,-11.34,31.69,,25,26
TE,Industrials,Electrical Equipment & Parts,1.86,-0.91,22.55,-11.95,-0.11,,-13.01,-0.54,8.883822222222223e+17,1.273,,25,99
TEX,Industrials,Farm & Heavy Construction Machinery,53.37,2.44,11.67,-45.0,-0.9,,-13.19,2.68,-1.51,77.788,19.39,25,59
UBER,Technology,Software - Application,94.7,-0.31,-2.85,1.64,0.33,,-13.55,5.87,15.34,22.562,16.78,25,81
WVVI,Consumer Defensive,Beverages - Wineries & Distilleries,4.482,1.89,-0.21,-0.26,-0.29,-0.18,-13.99,-0.55,-8.16,7.732,,25,39
TPH,Consumer Cyclical,Residential Construction,35.12,-0.03,-0.99,0.17,-0.84,,-14.21,3.93,-27.11,44.031,8.69,25,12
TSE,Basic Materials,Specialty Chemicals,2.62,-0.33,0.5,-0.35,-0.54,,-14.46,-10.98,-25.52,91.913,,25,13
UBFO,Financial Services,Banks - Regional,9.7,-0.23,0.07,-0.47,-0.92,,-16.15,0.65,-8.12,2.593,15.14,25,40
TTI,Industrials,Conglomerates,5.27,1.67,-25.0,40.0,0.33,,-16.34,0.92,-3.45,4.592,5.76,25,53
VNOM,Energy,Oil & Gas Midstream,37.96,-1.21,-2.29,2.92,-1.21,,-17.27,3.59,23.0,8.307,10.42,25,84
UHT,Real Estate,REIT - Healthcare Facilities,42.04,-0.06,0.03,0.17,-0.15,,-17.89,1.29,-7.67,7.237,32.05,25,41
SPR,Industrials,Aerospace & Defense,38.6,-0.03,0.03,-0.32,-0.51,,-18.31,-20.02,2.28,53.459,,24,67
WTW,Financial Services,Insurance Brokers,331.7,0.43,-4.26,2.33,1.44,,-19.19,1.48,-9.36,97.592,227.51,24,37
SBUX,Consumer Cyclical,Restaurants,83.42,0.45,-1.03,-0.17,-0.89,,-20.19,2.31,-5.11,32.321,36.61,24,48
SCOR,Communication Services,Internet Content & Information,6.48,-0.64,3.35,0.77,-1.29,-0.54,-20.64,-17.66,-7.47,70.52,,24,41
TITN,Industrials,Industrial Distribution,19.2,1.23,2.31,-28.03,-0.35,,-21.64,-2.7,-14.77,113.807,,24,21
RPTX,Healthcare,Biotechnology,1.765,0.82,0.07,0.07,1.1,-3.29,-21.83,-2.58,-64.76,0.006,,24,8
SKYQ,Energy,Oil & Gas Integrated,0.507,0.6,0.21,0.17,0.81,-0.28,-22.48,-0.64,-8.52,0.947,,24,39
WAVE,Utilities,Utilities - Renewable,8.4635,-2.0,0.1,0.09,-2.0,0.0,-22.81,-0.56,98.51,0.029,,24,92
WDAY,Technology,Software - Application,233.5,2.44,-0.4,-1.09,0.72,,-22.96,2.15,4.53,33.663,108.66,24,72
SCM,Financial Services,Asset Management,14.1,1.0,-1.14,-0.53,0.03,-2.0,-25.63,1.44,15.48,3.752,9.72,24,81
SEM,Healthcare,Medical Care Facilities,12.63,-0.37,4.67,-4.58,-0.87,,-29.52,0.77,-9.88,42.198,16.04,24,35
VST,Utilities,Utilities - Independent Power Producers,209.934,2.13,-3.47,-1.4,-0.28,-2.87,-32.03,6.23,-9.21,54.342,33.91,23,37
SID,Basic Materials,Steel,1.5,2.73,-6.28,8.89,2.19,,-32.27,-0.32,-11.66,33.703,,23,25
ULCC,Industrials,Airlines,5.27,-0.63,-2.26,1.18,-3.21,,-33.87,-0.15,-5.37,16.711,,23,47
TTC,Industrials,Tools & Accessories,79.94,-1.54,1.63,-0.69,-1.13,,-34.63,3.29,-9.67,44.91,23.78,23,36
UPB,Healthcare,Biotechnology,17.27,-0.46,-0.28,0.03,-0.95,,-35.09,-6.18,61.92,0.07,,23,90
SNDX,Healthcare,Biotechnology,15.45,0.18,0.12,-0.12,-0.04,,-35.51,-3.89,-1.2892111111111046e+17,0.905,,23,1
SIMO,Technology,Semiconductors,91.37,-0.14,-0.21,0.1,-0.88,,-36.92,2.31,-16.1,22.85,39.99,23,19
SEMR,Technology,Software - Application,7.53,-5.0,-1.0,1.0,-5.0,,-37.63,-0.01,12.01,2.812,,23,79
SIRI,Communication Services,Entertainment,23.0,0.02,-0.42,9.52,-0.72,,-39.29,-5.48,-11.15,25.34,,23,27
STNG,Energy,Oil & Gas Midstream,59.68,0.26,-0.17,-1.24,-1.86,,-40.16,7.44,-35.15,19.628,7.9,23,10
VNET,Technology,Information Technology Services,9.95,14.0,-14.0,-21.0,-5.0,,-40.49,-0.05,8.23,33.767,,23,76
XIFR,Utilities,Utilities - Renewable,10.08,2.25,0.03,-1.51,0.27,,-43.03,-1.86,-6.78,13.209,,23,43
STRR,Industrials,Conglomerates,11.57,1.57,-1.95,0.4,-0.53,,-43.9,-1.31,-12.54,46.231,,22,24
RNR,Financial Services,Insurance - Reinsurance,242.5,4.24,2.2,-6.74,0.83,,-45.48,39.15,10.42,263.63,6.21,22,78
TVGN,Healthcare,Biotechnology,0.8215,1.33,-0.4,-0.67,0.33,-2.14,-46.94,-0.19,-9.89,,,22,32
VFC,Consumer Cyclical,Apparel Manufacturing,15.11,0.3,-2.1,2.31,1.23,,-48.76,0.27,-12.76,24.382,53.48,22,24
TWNP,Consumer Cyclical,Restaurants,4.23,-0.5,-0.01,0.35,-0.69,,-48.91,-1.07,2.68,5.172,,22,68
TECH,Healthcare,Biotechnology,52.99,0.0,-0.57,0.05,-0.86,-1.21,-50.25,0.46,-6.41,7.743,115.54,22,44
WLY,Communication Services,Publishing,41.16,3.1,3.1,-2.74,8.33,-5.38,-50.49,1.78,-13.58,31.05,22.65,22,22
WLYB,Communication Services,Publishing,42.33,3.1,3.1,-2.74,8.33,-5.38,-50.49,1.78,-13.58,31.05,22.93,22,22
TSAT,Technology,Communication Equipment,24.31,2.32,7.31,-8.06,-0.78,,-52.13,-5.38,-42.44,34.252,,22,9
WKSP,Consumer Cyclical,Auto Parts,3.39,0.48,0.17,0.14,-3.58,0.67,-54.41,-7.22,233.3,3.115,,22,93
WEYS,Consumer Cyclical,Footwear & Accessories,30.71,-1.42,-0.83,0.25,-1.5,,-54.41,2.69,-15.18,29.603,11.48,22,20
SOWG,Consumer Defensive,Confectioners,0.96,-0.57,0.74,-0.21,-2.03,,-54.48,-1.48,-45.54,0.84,,21,9
SPRY,Healthcare,Biotechnology,9.93,-0.31,-0.27,-0.37,-2.54,-2.18,-54.73,-0.48,34514.41,1.15,,21,95
TCX,Technology,Software - Infrastructure,18.78,-0.03,0.24,0.19,0.21,0.77,-56.21,-8.69,-1.15,34.34,,21,60
WY,Real Estate,REIT - Specialty,24.54,0.09,0.0,1.75,-1.0,,-56.57,0.38,-16.34,9.69,63.42,21,19
VSCO,Consumer Cyclical,Apparel Retail,27.53,10.47,-112.62,4.28,-1.08,,-58.1,1.88,-8.89,78.313,14.16,21,38
SLAB,Technology,Semiconductors,141.29,0.4,-0.29,0.21,2.82,,-58.2,-3.21,9.36,21.659,,21,77
VENU,Consumer Cyclical,Restaurants,12.63,0.6,-0.64,-1.77,-1.5,-0.16,-58.38,-0.99,9.61,0.474,,21,77
WPRT,Consumer Cyclical,Auto Parts,2.25,-13.14,0.29,0.22,-6.82,4.64,-58.69,-1.18,-18.86,16.972,,21,16
TAOX,Technology,Software - Infrastructure,6.27,-94.83,19.58,1.05,-8.54,4.42,-60.39,-21.18,26413333333323.44,0.003,,21,96
TECK,Basic Materials,Other Industrial Metals & Mining,39.44,-0.76,-0.05,2.86,-0.67,,-60.65,0.33,-11.91,19.656,118.91,21,25
SILC,Technology,Communication Equipment,17.895,-0.2,0.55,-0.73,-1.36,,-60.97,-2.56,-20.59,10.138,,21,16
SMRT,Technology,Software - Application,1.6,2.5,-2.5,-0.2,-2.0,,-61.61,-0.38,-21.28,0.805,,20,15
SLDP,Consumer Cyclical,Auto Parts,3.91,-0.75,0.31,0.24,-0.08,0.5,-61.96,-0.52,52.86,0.126,,20,90
TER,Technology,Semiconductor Equipment & Materials,118.82,-0.24,-0.48,0.01,-1.41,,-62.07,2.88,-21.19,17.483,41.61,20,15
SGA,Communication Services,Broadcasting,12.49,2.39,-2.25,0.0,-1.22,,-63.34,0.33,-12.81,18.061,36.42,20,24
TOUR,Consumer Cyclical,Travel Services,0.9401,5.0,6.0,-2.71,-2.0,,-63.89,0.07,14.55,4.625,13.0,20,81
SPNT,Financial Services,Insurance - Reinsurance,18.02,0.02,4.85,-5.33,-0.18,,-65.88,0.95,-8.57,19.964,18.62,20,39
VATE,Industrials,Engineering & Construction,4.69,0.13,-0.47,-0.09,-2.5,,-68.17,-6.29,-30.33,76.156,,20,11
TBBB,Consumer Defensive,Discount Stores,25.87,-2.29,-2.62,-11.95,-2.2,,-68.6,-0.1,27.48,590.66,,20,86
UGI,Utilities,Utilities - Regulated Gas,33.0,-3.93,0.28,2.37,-2.3,,-70.55,1.89,-9.36,34.116,17.41,20,37
WSBK,Financial Services,Banks - Regional,9.5,-0.22,2.69,-1.87,0.59,0.37,-70.94,-0.1,-3.54,1.956,,20,53
SFIX,Consumer Cyclical,Apparel Retail,5.71,-0.2,0.0,5.0,2.0,,-71.86,-0.45,-14.96,10.05,,20,21
WHF,Financial Services,Asset Management,8.425,-0.8,4.0,4.0,-2.4,-0.44,-73.18,0.16,-116.13,3.506,50.25,19,6
TNDM,Healthcare,Medical Devices,13.24,1.53,-198.0,36.0,-0.66,,-80.26,-3.08,-0.63,15.124,,19,62
VTSI,Technology,Software - Application,5.5745,-4.5,0.37,0.6,-4.5,1.75,-82.07,0.1,0.66,2.385,53.7,19,65
TRML,Healthcare,Biotechnology,47.69,-0.01,-0.03,-0.1,-0.32,,-82.87,-3.44,-9.89,,,19,32
WPC,Real Estate,REIT - Diversified,67.45,-1.48,1.71,-1.43,-1.83,,-83.19,1.52,-0.3,7.425,44.19,19,63
RR,Industrials,Specialty Industrial Machinery,4.49,0.0,0.0,-0.33,-1.0,-1.0,-85.1,-0.16,-31.79,0.041,,19,11
VIVK,Energy,Oil & Gas Integrated,0.5849,-0.43,-0.56,-1.25,-1.5,-2.0,-85.74,-1.09,337.2,3.169,,19,94
RUM,Communication Services,Internet Content & Information,7.75,-11.0,114.0,-6.67,0.08,,-86.69,-1.44,46.71,0.459,,19,89
TRUG,Communication Services,Electronic Gaming & Multimedia,3.25,-50.44,-0.9,-9.51,0.47,1.44,-87.14,-35.78,-2.03,48.905,,19,57
TRC,Industrials,Conglomerates,16.38,-0.2,0.2,0.17,-2.5,-0.67,-89.85,-0.02,16.19,1.688,,19,81
SHIM,Industrials,Engineering & Construction,2.85,0.12,3.04,-21.6,6.32,,-90.61,-1.47,15.62,15.193,,19,81
VKTX,Healthcare,Biotechnology,26.04,-0.41,-0.28,-0.45,-1.9,,-90.83,-1.54,-9.89,,,19,32
WULF,Financial Services,Capital Markets,11.17,2.2,-0.45,-0.83,-0.67,-4.33,-93.02,-0.35,89.85,0.373,,18,92
SWBI,Industrials,Aerospace & Defense,9.49,-3.5,4.0,-1.25,-1.0,,-93.46,0.26,-21.48,10.661,36.08,18,15
SSP,Communication Services,Broadcasting,2.91,-1.68,-5.2,1.5,-2.93,,-95.68,0.5,-13.04,28.099,5.74,18,23
TRI,Industrials,Specialty Business Services,160.61,-0.39,-0.35,0.94,-1.7,,-97.78,3.56,-6.64,16.254,45.65,18,43
VYGR,Healthcare,Biotechnology,4.485,-0.08,0.11,-2.69,-2.17,,-100.05,-1.86,-288.21,0.731,,18,5
SHOO,Consumer Cyclical,Footwear & Accessories,32.7,-2.02,0.16,-0.59,-2.12,,-101.49,1.27,-2.95,32.786,25.21,18,55
TRVG,Communication Services,Internet Content & Information,3.35,0.0,-3.0,5.0,-1.0,,-109.58,-0.41,5.36,7.182,,18,74
SABR,Technology,Software - Infrastructure,1.91,-8.22,3.11,-0.19,-2.61,,-110.18,-0.9,-2.99,7.774,,18,54
SCHL,Communication Services,Publishing,27.54,-5.8,5.54,-14.31,-0.28,,-111.91,-0.69,30.42,60.18,,18,86
SAH,Consumer Cyclical,Auto & Truck Dealerships,79.88,-2.56,0.22,-0.27,-2.11,,-113.82,4.51,-4.33,430.962,17.43,18,50
SWX,Utilities,Utilities - Regulated Gas,79.0,-9.78,0.22,319.81,-2.44,,-115.45,2.69,-10.04,66.221,29.14,18,29
SJ,Communication Services,Internet Content & Information,0.6802,3.45,-2.57,-2.57,-0.59,-2.37,-117.99,0.04,-17.46,31.957,17.95,17,18
XWEL,Healthcare,Diagnostics & Research,1.0942,0.79,-0.01,-0.01,-0.17,-0.67,-118.89,-4.14,-35.36,5.897,,17,10
UEC,Energy,Uranium,12.26,-2.5,1.5,0.0,-0.4,-3.0,-123.18,-0.17,2.5734444444436356e+16,0.16,,17,98
WHR,Consumer Cyclical,"Furnishings, Fixtures & Appliances",84.9,-0.1,6.5,-4.53,-2.38,,-123.78,-2.67,-17.04,279.676,,17,18
STKS,Consumer Cyclical,Restaurants,2.61,-1.81,-0.17,1.89,-0.55,,-126.37,-1.48,17.11,26.949,,17,82
ULH,Industrials,Trucking,24.86,0.39,-2.35,-0.31,-2.66,,-126.71,2.31,-20.92,63.376,10.61,17,15
SHO,Real Estate,REIT - Hotel & Motel,9.92,2.0,3.0,-4.41,-2.67,,-129.19,0.02,3.17,4.688,489.0,17,69
SHIP,Industrials,Marine Shipping,9.1,3.43,-2.06,-0.91,-3.86,,-130.33,0.73,-18.16,7.347,12.01,17,17
WOLF,Technology,Semiconductors,2.46,-1.31,0.55,-0.29,-2.09,,-130.59,-11.39,-7.53,5.361,,17,41
VSTA,Consumer Defensive,Education & Training Services,4.95,-16.17,11.31,0.92,0.18,-7.81,-131.22,1.09,11.71,21.773,4.52,17,79
SLM,Financial Services,Credit Services,28.45,-3.47,1.8,3.22,-2.53,,-134.95,2.06,-29.21,5.71,13.8,17,12
WTI,Energy,Oil & Gas E&P,1.82,0.5,-0.31,0.56,-0.4,,-135.94,-0.76,-22.92,3.348,,16,14
TTSH,Consumer Cyclical,Home Improvement Retail,6.66,1000000.0,1000000.0,-11.68,-2.0,,-136.38,-0.01,-13.01,7.763,,16,23
TSN,Consumer Defensive,Farm Products,54.01,8.0,-50.5,0.0,-2.06,,-136.91,2.2,-5.76,152.631,24.36,16,46
SBC,Industrials,Consulting Services,4.65,-9.5,0.75,3.0,-8.17,0.13,-137.01,0.32,-21.99,1.86,13.59,16,14
SA,Basic Materials,Gold,19.11,0.09,2.1,2.1,-3.25,2.22,-137.32,-0.4,-9.89,,,16,32
TXNM,Utilities,Utilities - Regulated Electric,56.72,1.2,-6.75,-0.87,-1.41,-4.2,-140.94,1.94,-6.6,21.943,29.16,16,43
TPST,Healthcare,Biotechnology,10.01,18.85,-0.77,-3.35,1.64,-7.89,-142.67,-14.52,-9.89,,,16,32
SSM,Consumer Cyclical,Auto Manufacturers,9.64,-11.87,0.63,1.73,0.79,-8.16,-144.43,-5.24,120000000000088.55,0.035,,16,96
TAIT,Technology,Electronics & Computer Distribution,2.55,0.0,-9.0,-9.0,-2.4,-2.8,-146.74,-0.11,-22.92,0.698,,16,14
VTMX,Real Estate,Real Estate - Development,26.47,0.89,5.2,-2.72,-2.81,,-148.69,0.38,,3.06,70.84,16,
TRT,Technology,Semiconductor Equipment & Materials,5.48,-2.0,3.0,-2.0,-7.0,0.0,-152.61,0.0,-33.64,8.354,,16,10
TZUP,Communication Services,Advertising Agencies,4.53,0.83,-0.57,-1.33,-0.71,-4.5,-153.61,-0.74,-98.29,0.0,,15,6
USEG,Energy,Oil & Gas E&P,1.18,-0.9,-0.11,-0.12,-1.37,2.8,-155.87,-0.78,-89.24,0.409,,15,7
TRN,Industrials,Railroads,28.61,-0.59,-0.3,-0.09,-2.88,,-156.09,1.28,-44.64,30.823,21.91,15,9
TLN,Utilities,Utilities - Independent Power Producers,415.25,2.86,-17.33,-17.33,-4.0,-2.7,-160.49,3.9,-1.22,44.293,108.61,15,60
VRA,Consumer Cyclical,Footwear & Accessories,2.06,6.06,0.41,-2.67,-2.12,,-163.08,-2.97,-63.48,11.929,,15,8
UCL,Communication Services,Telecom Services,2.49,12.13,-20000000.0,-10000000.0,-4.56,,-167.75,0.0,-17.52,2.367,,15,18
WGO,Consumer Cyclical,Recreational Vehicles,33.7,32.5,8.0,4.61,-0.57,,-169.51,-0.56,-13.36,96.373,,15,22
SRI,Consumer Cyclical,Auto Parts,8.43,-0.31,0.0,0.0,-4.4,-0.18,-172.81,-1.08,-10.57,31.719,,15,28
SKLZ,Communication Services,Electronic Gaming & Multimedia,7.51,0.59,0.63,-0.25,-3.53,,-175.57,-2.7,-17.6,5.578,,15,17
SDRL,Energy,Oil & Gas Drilling,33.14,-1.96,-7.87,2.22,-6.31,,-181.97,1.19,-2.96,20.299,26.06,15,55
TELO,Healthcare,Biotechnology,1.4,-1.43,0.93,0.48,-2.4,2.29,-183.17,-0.54,-9.89,,,15,32
SKYT,Technology,Semiconductors,13.51,-0.4,-14.0,-4.0,-4.25,,-186.54,-0.34,-39.15,6.067,,15,9
VGZ,Basic Materials,Gold,2.14,0.0,-0.33,-0.5,-7.5,-1.0,-187.07,-0.07,-9.89,,,14,32
TDC,Technology,Software - Infrastructure,22.21,-4.11,0.77,-0.27,-3.22,,-189.97,1.13,-15.51,17.539,19.47,14,20
RXT,Technology,Software - Infrastructure,1.48,0.35,-0.19,2.15,-3.09,,-195.2,-1.59,-12.85,11.648,,14,24
SSTI,Technology,Software - Application,12.39,-1.0,1.67,-1.91,-3.0,,-196.16,-0.79,-5.56,8.207,,14,47
SNDK,Technology,Computer Hardware,98.87,82.31,-19.46,0.58,-2.19,-5.42,-201.02,-11.32,1.09,50.724,,14,66
SMMT,Healthcare,Biotechnology,19.23,-7.44,-0.06,-0.06,-7.44,-0.5,-201.1,-1.01,-783333333333360.5,,,14,3
STAA,Healthcare,Medical Instruments & Supplies,27.16,2.24,-0.59,-4.45,-3.27,,-203.81,-1.93,-88.36,4.55,,14,7
SMXT,Technology,Solar,1.08,-0.33,3.0,0.75,0.25,14.33,-208.41,-0.36,15.8,0.585,,14,81
WLK,Basic Materials,Specialty Chemicals,84.96,-2.58,-6.17,-13.0,-3.18,,-208.71,-0.52,-15.08,91.554,,14,21
SITC,Real Estate,REIT - Retail,8.91,13.67,5.17,-25.36,-4.09,,-209.1,6.96,-126.45,3.306,1.25,14,6
UMAC,Technology,Computer Hardware,11.11,-0.52,0.21,0.18,-1.0,-0.17,-216.4,-4.04,6178144444444468.0,0.561,,14,97
SONO,Technology,Consumer Electronics,15.49,18.33,-2.41,2.07,-2.0,,-225.99,-0.62,-21.44,11.664,,13,15
XFOR,Healthcare,Biotechnology,3.24,-87.77,151.04,-0.11,-4.89,,-227.08,-15.14,2841111111111268.5,4.741,,13,97
VMI,Industrials,Conglomerates,378.95,-3.84,0.12,-0.06,-4.23,,-229.72,10.8,-7.24,203.918,34.73,13,42
SHFS,Financial Services,Banks - Regional,3.18,-0.1,-5.0,-5.0,-2.03,-3.47,-244.46,-19.14,-165.47,4.196,,13,5
SBGI,Communication Services,Broadcasting,14.365,1.53,-2.15,0.85,-4.37,,-246.16,0.88,-21.3,51.594,16.06,13,15
VERU,Healthcare,Biotechnology,3.57,-9.0,0.2,0.08,-6.14,0.4,-247.04,6.0,-31.39,1.153,0.58,13,11
SPAI,Industrials,Aerospace & Defense,7.05,1.08,0.13,0.11,-0.46,-2.23,-248.87,-0.92,-386.87,0.109,,13,4
WKC,Energy,Oil & Gas Refining & Marketing,26.92,-15.38,3.78,-4.11,-4.35,,-252.37,-7.51,-18.33,676.216,,13,17
VRNT,Technology,Software - Infrastructure,20.29,-1.25,-12.5,0.15,-5.5,,-253.45,0.73,-10.14,14.499,27.78,13,29
SLVM,Basic Materials,Paper & Paper Products,45.27,-0.78,-2.0,-0.15,-4.46,,-260.95,5.2,-17.98,87.01,8.41,13,17
SLN,Healthcare,Biotechnology,5.03,0.05,0.14,0.12,-0.36,-9.0,-264.02,-1.68,-155.77,0.576,,13,5
VLRS,Industrials,Airlines,6.69,7.18,-12.25,0.25,-7.11,,-267.14,-0.29,-8.77,26.25,,12,38
STM,Technology,Semiconductors,28.39,-2.83,-5.33,-0.03,-4.55,,-269.09,0.47,-21.28,13.204,59.15,12,15
SIM,Basic Materials,Steel,27.33,-2.3,-1.21,-0.09,-4.98,,-286.98,2.03,-28.85,209.205,13.85,12,12
TG,Industrials,Metal Fabrication,8.17,-4.8,8.31,-18.27,-4.2,,-296.39,-0.24,-3.1,18.628,,12,54
SNBR,Consumer Cyclical,"Furnishings, Fixtures & Appliances",8.86,-1.87,-0.81,-0.5,-3.95,,-297.34,-1.82,-29.31,67.081,,12,12
TPR,Consumer Cyclical,Luxury Goods,113.3,-3.54,-0.44,0.74,-4.61,,-301.85,0.82,-3.81,32.337,139.26,12,52
SJM,Consumer Defensive,Packaged Foods,106.68,15.71,-0.1,-26.04,-5.24,,-321.76,-13.72,-9.26,81.844,,12,37
TWIN,Industrials,Specialty Industrial Machinery,13.46,2.1,-2.57,3.86,-4.4,,-324.44,-0.14,-11.3,24.591,,12,26
WRLD,Financial Services,Credit Services,175.13,-32.39,2.56,-0.66,-5.89,,-334.92,14.76,-8.82,105.887,11.66,12,38
VALN,Healthcare,Biotechnology,9.95,0.0,-2.0,-2.0,-6.0,-8.0,-335.73,-1.09,-10.38,2.488,,12,28
VERX,Technology,Software - Application,25.64,-8.0,7.14,-9.6,-4.0,,-336.54,-0.33,5.2,4.521,,12,73
SUIG,Financial Services,Credit Services,4.6,0.57,0.0,0.0,0.83,0.17,-337.01,0.24,7.42,0.526,18.38,11,75
SPOT,Communication Services,Internet Content & Information,734.12,-3.62,-0.65,0.21,-4.26,,-338.82,4.56,2.71,81.594,161.17,11,69
TROX,Basic Materials,Chemicals,5.06,0.32,-2.68,-0.19,-6.3,,-339.46,-1.58,-19.87,18.649,,11,16
WMG,Communication Services,Entertainment,33.81,-3.33,-5.43,0.25,-10.0,-1.57,-339.48,0.57,-1.86,12.453,58.84,11,58
TRIB,Healthcare,Medical Devices,1.21,-1.78,0.55,-0.91,-0.78,,-341.85,-1.8,-1.33,17.137,,11,59
STEP,Financial Services,Asset Management,65.39,-1.04,9.87,-11.04,-3.45,,-342.1,-3.21,-46.55,18.266,,11,9
TEF,Communication Services,Telecom Services,5.26,0.0,-0.26,-20.0,-6.33,-4.0,-345.05,-0.17,-20.41,8.567,,11,16
SCYX,Healthcare,Drug Manufacturers - Specialty & Generic,1.09,-0.27,-0.29,-0.42,1.14,-12.0,-347.39,-0.4,-80.44,0.066,,11,7
TWI,Industrials,Farm & Heavy Construction Machinery,8.47,-6.0,-3.0,13.5,-3.33,,-353.98,-0.32,-19.75,27.018,,11,16
UNIT,Real Estate,REIT - Specialty,6.88,-2.25,-0.8,0.8,-2.75,,-364.45,0.13,-7.92,8.228,49.38,11,40
TEAD,Communication Services,Internet Content & Information,1.73,3.67,-70000000.0,-14000000.0,-2.75,,-367.84,-0.76,28.75,16.025,,11,86
TOI,Healthcare,Medical Care Facilities,3.24,0.4,-0.5,0.29,0.13,,-369.89,-0.67,12.7,5.279,,11,80
VSTS,Industrials,Rental & Leasing Services,4.15,20.0,-22.0,3.0,-5.0,,-379.58,-0.23,-10.77,20.558,,10,28
RWT,Real Estate,REIT - Mortgage,6.07,-8.6,2.43,-2.29,-8.6,,-385.23,-0.66,-767.22,1.028,,10,4
UHG,Consumer Cyclical,Residential Construction,4.4,-3.82,30.0,16.0,-6.36,,-396.48,0.05,-11.58,8.246,85.2,10,26
ROIV,Healthcare,Biotechnology,15.09,-0.14,-2.26,2.35,-3.54,,-398.36,-1.09,-198.04,0.033,,10,5
ST,Technology,Scientific & Technical Instruments,31.84,-0.15,10.75,5.25,-0.17,,-398.82,0.75,-16.07,25.178,41.69,10,19
XHLD,Communication Services,Broadcasting,0.3352,0.38,-0.44,-0.78,-7.47,-7.0,-403.85,-0.28,-9.73,0.119,,10,35
TEO,Communication Services,Telecom Services,6.52,-3.0,57.05,9.3,-3.34,,-407.78,-0.41,38.61,12003.82,,10,88
RYI,Industrials,Metal Fabrication,23.23,4.0,-0.38,0.54,-3.83,,-417.38,-0.45,-15.7,138.044,,10,20
TWO,Real Estate,REIT - Mortgage,9.93,-1.94,-3.85,2.05,-7.09,,-428.13,-3.37,-531.29,2.482,,10,4
SGD,Real Estate,Real Estate - Development,1.33,-1.23,0.71,0.41,-16.62,3.79,-436.31,-12.41,345920000002141.06,0.9,,10,96
VCYT,Healthcare,Diagnostics & Research,33.23,-10.0,0.29,-1.86,-8.0,,-444.69,0.34,8.2,6.161,100.32,10,76
VNDA,Healthcare,Biotechnology,4.52,0.09,-5.25,0.12,-4.75,,-448.23,-1.14,-10.93,3.476,,9,27
SBDS,Consumer Cyclical,Internet Retail,19.79,-0.06,2.0,0.89,-3.46,,-470.62,-755.52,-36.64,274.346,,9,10
THO,Consumer Cyclical,Recreational Vehicles,103.61,255.0,2.0,-36.33,0.18,-15.0,-471.85,4.17,-10.43,180.558,24.64,9,28
SRTS,Healthcare,Medical Devices,3.15,1.67,-2.78,0.29,-2.67,,-476.0,-0.05,-21.48,2.3,,9,15
SAVA,Healthcare,Biotechnology,2.29,-0.92,0.19,0.02,-8.08,,-477.87,-2.63,-9.89,,,9,32
SOHU,Communication Services,Electronic Gaming & Multimedia,15.73,-9.8,9.8,-0.33,0.68,,-484.18,3.7,-38.25,18.084,4.21,9,10
SY,Healthcare,Health Information Services,3.81,-0.1,17.33,-30.62,-2.92,,-504.21,-0.9,-16.88,13.851,,9,18
TCI,Real Estate,Real Estate Services,46.09,-25.5,0.45,0.82,-7.5,0.77,-504.74,0.76,-5.53,5.525,61.51,9,47
SUUN,Utilities,Utilities - Renewable,1.8,-6.82,-2.06,-1.85,-2.77,-20.94,-511.52,-0.45,-71.87,1.229,,9,7
SILA,Real Estate,REIT - Healthcare Facilities,26.1,0.23,-0.54,-0.05,1.0,,-512.23,0.71,-1.36,3.435,36.38,9,59
SOHO,Real Estate,REIT - Hotel & Motel,0.9195,-7.5,2.23,0.81,-7.5,,-519.55,-0.33,-8.1,9.125,,9,40
SEDG,Technology,Solar,34.71,-0.25,1.94,3.23,0.08,,-571.57,-30.41,-23.44,16.273,,8,14
UCTT,Technology,Semiconductor Equipment & Materials,28.26,-31.55,-4.27,8.2,-9.33,,-604.23,-3.39,-9.87,47.422,,8,35
TOPP,Industrials,Trucking,1.71,-2.0,-0.74,-2.83,-11.93,-5.73,-618.61,-0.12,-27.39,0.955,,8,12
SNAL,Communication Services,Electronic Gaming & Multimedia,1.0,-7.8,-2.67,2.0,-8.33,,-623.87,-0.46,-11.09,2.458,,8,27
SUPV,Financial Services,Banks - Regional,5.15,0.71,-0.06,-0.06,-0.73,-8.03,-644.43,0.2,-12.65,8591.32,25.1,8,24
XELB,Consumer Cyclical,Apparel Manufacturing,1.48,-0.41,1.15,0.54,-21.75,1.62,-654.28,-9.9,-115.33,2.433,,8,6
ROG,Technology,Electronic Components,83.49,-49.0,-1.67,-20.33,-10.09,,-656.33,-3.53,-15.0,43.016,,8,21
XRAY,Healthcare,Medical Instruments & Supplies,13.42,-3.2,22.6,0.14,-10.0,,-664.27,-4.68,-14.56,18.396,,8,21
WYY,Technology,Information Technology Services,5.55,0.33,-0.33,-0.5,-0.2,-0.14,-665.05,-0.22,-0.39,15.157,,8,62
SSKN,Healthcare,Medical Devices,1.55,-0.03,-0.05,-0.05,-19.0,0.66,-667.75,-2.84,-15.18,7.935,,8,20
SIFY,Communication Services,Telecom Services,11.92,0.49,-1.24,-2.8,-5.8,,-673.2,-0.2,4.02,569.279,,8,71
SUN,Energy,Oil & Gas Refining & Marketing,50.24,-2.7,0.61,3.92,-10.76,,-674.55,1.16,-15.91,158.416,42.34,7,20
UUUU,Energy,Uranium,14.1,0.3,-0.3,-0.43,-1.5,-7.5,-699.76,-0.49,-14.33,0.33,,7,21
SLP,Healthcare,Health Information Services,15.86,-23.33,14.0,-7.5,-21.94,-0.33,-701.93,-3.15,1.55,4.004,,7,66
SXC,Basic Materials,Coking Coal,7.94,-9.0,-0.4,-0.29,-11.5,,-713.13,0.85,-11.93,21.631,9.32,7,25
SW,Consumer Cyclical,Packaging & Containers,44.17,-15.8,1.64,2.07,-11.2,,-737.68,0.26,110.72,59.586,168.54,7,92
TDS,Communication Services,Telecom Services,38.16,0.8,0.11,6.3,1.6,,-763.36,-0.97,-13.62,41.783,,7,22
USAR,Basic Materials,Other Industrial Metals & Mining,16.4,-3.05,0.55,1.2,-34.24,7.82,-765.36,-0.79,-9.89,,,7,32
SMWB,Technology,Software - Application,9.85,-0.27,-0.57,-1.33,-13.0,,-784.39,-0.35,9.0,3.247,,7,77
SONM,Technology,Communication Equipment,0.7068,-10.87,3.75,1.36,0.78,9.12,-787.0,-5.95,-10.88,9.223,,7,27
SBET,Consumer Cyclical,Gambling,17.22,4.17,-0.76,-3.18,-1.6,-26.8,-813.7,-13.58,-32.7,0.473,,7,10
TRMB,Technology,Scientific & Technical Instruments,81.66,0.37,-0.37,1.18,-13.51,,-823.57,1.17,-9.44,14.702,70.75,7,36
UONE,Communication Services,Broadcasting,1.49,-5.69,2.0,-0.15,-0.85,,-844.36,-3.44,-28.62,9.028,,6,12
UONEK,Communication Services,Broadcasting,0.843,-5.69,2.0,-0.15,-0.85,,-844.36,-3.44,-28.62,9.028,,6,12
VOR,Healthcare,Biotechnology,30.4,-47.31,0.27,0.21,-29.63,0.73,-920.5,-273.6,-9.89,,,6,32
SCKT,Technology,Computer Hardware,1.0509,0.3,-13000000.0,15000000.0,-0.25,,-922.19,-0.37,-29.68,2.158,,6,11
ULY,Technology,Software - Application,3.76,0.04,-6.22,13.58,1.32,,-937.51,-26.42,-16.38,112.805,,6,19
SWAG,Communication Services,Advertising Agencies,1.845,2.5,2.25,0.69,3.0,0.5,-948.13,-0.13,63.09,5.829,,6,90
SHEN,Communication Services,Telecom Services,14.21,0.0,-2.8,1.6,0.26,,-1001.0,-0.65,-4.23,6.362,,6,51
SNWV,Healthcare,Medical Devices,35.09,6.5,1.26,3.35,-16.33,,-1030.86,-8.22,30.33,5.461,,6,86
VPG,Technology,Scientific & Technical Instruments,33.17,4.5,-2.17,2.67,-16.0,,-1039.6,-0.09,-12.27,22.211,,6,25
RXO,Industrials,Trucking,17.45,2.6,-0.5,14.08,0.2,,-1053.5,-2.22,25.49,34.995,,6,85
TALO,Energy,Oil & Gas E&P,9.51,-20.0,6.2,-2.36,-16.0,,-1064.81,-0.95,-23.33,10.762,,6,14
SQNS,Technology,Semiconductors,10.33,-11.41,-1.73,-7.84,-17.0,,-1078.26,5.0,-28.17,15.015,1.97,6,12
VTLE,Energy,Oil & Gas E&P,16.36,-29.86,18.18,-2.67,-16.43,,-1117.62,-19.87,-13.05,51.51,,5,23
SVCO,Technology,Software - Application,5.6,1.09,-5.79,2.64,3.84,,-1124.33,-0.87,-21.84,1.897,,5,15
RSSS,Technology,Software - Application,3.93,8.0,-4.5,0.77,2.93,-35.67,-1145.44,-0.14,-2.82,1.599,,5,55
VSH,Technology,Semiconductors,15.81,4.0,15.33,-2.5,-16.0,,-1147.82,-0.65,-9.19,21.514,,5,37
SFL,Industrials,Marine Shipping,8.06,25.0,-2.6,-1.27,-34.0,-2.5,-1184.24,0.41,-2.09,6.403,19.15,5,57
UTZ,Consumer Defensive,Packaged Foods,12.8,0.33,2.0,2.0,-1.0,,-1314.08,0.21,-5.77,16.898,60.81,5,46
VHI,Basic Materials,Chemicals,16.73,-18.67,-0.36,-1.51,-22.33,,-1433.31,3.44,-13.32,73.456,4.79,5,22
XRX,Technology,Information Technology Services,3.99,-0.16,-2.75,47.55,-8.25,,-1569.46,-11.54,-11.41,49.43,,5,26
TBN,Energy,Oil & Gas E&P,21.94,1.16,-1.37,-0.13,-0.43,-0.43,-1664.73,-2.82,-9.89,,,5,32
SPTN,Consumer Defensive,Food Distribution,26.46,2.0,18.33,-4.15,-0.89,,-1714.12,-0.47,-7.9,287.492,,5,40
RPAY,Technology,Software - Infrastructure,5.75,-11.78,-0.8,-2.25,-27.75,,-1746.72,-1.25,-4.9,3.504,,5,49
STGW,Communication Services,Advertising Agencies,5.3,0.5,-2.0,0.0,0.5,,-1778.11,0.0,3.54,19.343,,4,70
THRM,Consumer Cyclical,Auto Parts,36.43,2000000.0,-50000000.0,-0.02,-29.0,,-1909.38,1.01,-5.97,47.085,34.65,4,46
SCNX,Healthcare,Pharmaceutical Retailers,0.889,-0.45,1.53,0.6,1.71,-63.09,-1922.95,0.51,-124660000000181.69,0.015,1.75,4,3
TLRY,Healthcare,Drug Manufacturers - Specialty & Generic,1.26,-0.49,-7.7,-1.5,-31.5,,-2081.45,-2.46,-38.62,0.922,,4,9
RYAM,Basic Materials,Chemicals,7.13,-10.1,-0.96,0.96,-33.0,,-2267.96,-6.73,-23.52,22.943,,4,14
TORO,Industrials,Marine Shipping,3.07,3.27,-0.22,-10.0,-43.28,,-2516.53,-0.02,-25.39,1.238,,4,13
UEIC,Technology,Consumer Electronics,4.7,1.18,-0.37,-0.75,1.86,,-2774.9,-1.25,-9.73,30.785,,4,35
VBIX,Communication Services,Internet Content & Information,2.76,-1.37,-0.17,-0.21,3.75,0.59,-2826.12,-4.46,-169.01,2.535,,4,5
SYNA,Technology,Semiconductors,74.35,3.67,-12.2,12.6,-44.92,,-3014.86,-1.22,-6.75,27.336,,4,43
TIXT,Technology,Software - Infrastructure,4.51,-9.89,0.17,0.14,-97.0,-2.11,-3299.66,-1.38,-2.41,9.83,,4,56
SEPN,Healthcare,Biotechnology,15.94,-0.14,0.31,-0.31,-0.43,,-3335.54,-7.58,251666666666618.12,0.024,,4,96
SANG,Technology,Software - Infrastructure,5.2201,0.5,0.0,-0.2,0.0,0.67,-3800.01,-0.15,-4.29,7.066,,3,50
USEA,Industrials,Marine Shipping,1.76,5.73,-1.48,-1.1,0.37,,-4430.13,-0.71,22.76,4.869,,3,84
RNST,Financial Services,Banks - Regional,38.8,-64.0,-0.08,-0.69,-68.0,,-4492.4,2.42,32.4,10.387,15.83,3,87
WOW,Communication Services,Telecom Services,5.22,-0.29,-0.32,1.09,-0.69,,-4718.06,-0.78,-18.17,7.349,,3,17
VREX,Healthcare,Medical Devices,12.34,-13.65,18.0,121.0,-72.67,,-4812.28,-3.23,-12.02,19.913,,3,25
STI,Industrials,Electrical Equipment & Parts,4.73,-60.2,14.91,14.91,-243.0,7.71,-7862.92,-4.12,15115555555545.67,0.002,,3,95
SPXC,Industrials,Building Products & Equipment,190.48,0.02,-0.12,0.14,0.17,,-8179.81,4.49,2.79,44.175,41.88,3,69
SEAT,Communication Services,Internet Content & Information,17.33,-25.75,-4.97,-7.01,-131.92,,-8709.61,-25.8,-28.31,105.377,,3,12
SNCR,Technology,Software - Infrastructure,6.55,-4.05,-3.11,2.39,-188.0,,-12313.02,-2.08,-12.42,16.817,,3,24
UROY,Energy,Uranium,3.59,1000000.0,1000000.0,-1000000.0,3.0,-500000.0,-16666537.07,-0.01,2.3680666666666662e+17,0.375,,3,99
VZLA,Basic Materials,Other Industrial Metals & Mining,3.7,1000000.0,1000000.0,1.0,-2.0,-500000.0,-16666670.5,-0.04,-9.89,,,3,32
USIO,Technology,Software - Infrastructure,1.47,0.0,-3.0,-4.0,-1000000.0,,-66666548.74,0.11,-6.75,3.116,12.91,3,43
VOXR,Basic Materials,Other Precious Metals & Mining,3.54,0.0,-0.65,-1.84,0.0,-1000000.0,-77777604.29,-0.03,6.46,0.213,,2,75
SYM,Industrials,Specialty Industrial Machinery,51.26,-0.25,-0.33,-2.67,-1.5,,-144444484.53,-0.08,39.13,20.538,,2,88
SLNG,Energy,Oil & Gas Integrated,4.02,2.0,-2.22,1.2,-3000000.0,,-199999474.88,0.05,-12.46,3.743,80.6,2,24
SACH,Real Estate,REIT - Mortgage,1.21,2000000.0,6500000.0,1.0,5.5,-8000000.0,-266666499.88,-0.91,-234.67,-0.015,,2,5
SJT,Energy,Oil & Gas E&P,5.83,-349300.0,0.0,0.0,-7.55,-8780600.0,-292686970.88,-0.0,-1.236609333333341e+16,0.001,,2,2
SVII,Financial Services,Shell Companies,12.3,5000000.0,-3.5,-3.5,-9000000.0,-2.8,-299997551.77,0.11,-9.89,,112.0,2,32
TXO,Energy,Oil & Gas E&P,14.04,-6000000.0,0.71,2.5,-9000000.0,-4.5,-300000281.61,0.29,31.09,7.835,48.0,2,87
TOMZ,Industrials,Pollution & Treatment Controls,0.9898,-5.0,15.0,-55.31,-6000000.0,,-399999957.19,-0.23,-138.12,0.311,,2,6
TKO,Communication Services,Entertainment,202.8,0.67,0.89,0.31,0.64,,-477777643.78,2.43,10.42,36.453,82.76,2,78
TU,Communication Services,Telecom Services,15.81,-21000000.0,0.05,0.05,-15000000.0,1.33,-499999925.46,0.47,-6.03,13.542,33.83,2,45
SYPR,Consumer Cyclical,Auto Parts,2.33,-1.25,-5.0,-1.0,-9000000.0,,-599999980.34,-0.11,-14.17,5.867,,2,22
STKE,Financial Services,Capital Markets,6.45,-0.67,-2.5,3.0,-4.0,-24000000.0,-800000219.8,-0.17,238.21,1.032,,1,94
VTS,Energy,Oil & Gas E&P,24.0,6.75,-3.0,-0.75,0.72,2.14,-811110952.76,1.09,10.94,7.248,21.28,1,78
SB,Industrials,Marine Shipping,4.62,-5000000.0,-2.2,-0.37,-24000000.0,,-1599999970.16,0.43,-23.52,2.639,10.53,1,14
WGRX,Healthcare,Pharmaceutical Retailers,1.38,4.64,-0.49,-0.95,-8.95,-62000000.0,-2066666950.35,-0.72,-2.4414828333333364e+16,0.703,,1,1
SBLK,Industrials,Marine Shipping,19.84,0.0,-36000000.0,-0.94,-79500000.0,-89000000.0,-5616666645.88,0.98,-84.83,9.682,20.1,1,7
RVSN,Industrials,Railroads,0.3797,,,,,,,0.03,,0.022,12.27,,
SATL,Industrials,Aerospace & Defense,3.55,4.67,-0.7,-0.18,,,,-1.3,,0.145,,,
SCNI,Healthcare,Biotechnology,1.56,0.0,2.82,2.82,,,,4.0,2104444444444434.5,0.872,0.39,,97
SDST,Industrials,Electrical Equipment & Parts,2.85,0.17,1.07,0.52,-0.04,-1.34,,-3.22,,,,,
SELX,Technology,Electronic Components,1.13,,,,,,,-0.04,,4.259,,,
SI,,,14.64,-3.12,-0.12,-0.16,,,,,,,,,
SIGIP,Financial Services,Insurance - Property & Casualty,18.4649,,,,,,,5.62,1.75,83.999,3.32,,67
SOC,Energy,Oil & Gas Drilling,24.06,-0.08,2.16,-0.49,,,,-2.99,-9.89,,,,32
SOGP,Communication Services,Internet Content & Information,20.85,,,,,,,0.85,,480.083,25.65,,
SPCB,Industrials,Security & Protection Services,11.65,0.0,0.5,,,,,0.78,,15.97,15.06,,
SPKLU,Financial Services,Shell Companies,10.79,,,,,,,,-9.89,,,,32
SPMC,,,17.62,,,,,,,,,,,,
STAI,Industrials,Building Products & Equipment,0.4475,9.43,-3.11,2.23,,,,-0.29,3038879999999990.0,0.003,,,97
STRZ,Communication Services,Entertainment,13.98,-11.11,,,,,,-15.48,,80.341,,,
STUB,Communication Services,Internet Content & Information,20.5,-1.12,-0.57,0.45,,,,-0.32,,5.895,,,
SUNS,Real Estate,REIT - Mortgage,11.71,-0.08,0.0,0.04,0.14,,,0.75,,1.728,14.8,,
SVIIU,Financial Services,Shell Companies,12.25,,,,,,,,-9.89,,,,32
SWVL,Industrials,Railroads,3.51,0.0,4.02,1.33,,,,-0.57,,2.062,,,
TACH,Financial Services,Shell Companies,10.12,32.57,-0.26,-0.35,54.26,0.03,,0.07,,,144.57,,
TACHU,Financial Services,Shell Companies,10.26,,,,,,,,,,,,
TCBIO,Financial Services,Banks - Regional,21.5,,,,,,,3.959,0.86,20.335,5.45,,65
TDACU,Financial Services,Shell Companies,10.4,,,,,,,,-9.89,,,,32
TIC,Industrials,Specialty Business Services,13.45,21000000.0,,,,,,-1.25,,9.809,,,
TK,Energy,Oil & Gas Midstream,8.67,0.32,-0.64,-0.64,,,,0.89,-22.75,11.348,9.63,,14
TTGT,Technology,Information Technology Services,6.98,0.31,-6.58,-1.05,,,,-13.7,,6.565,,,
UGRO,Industrials,Farm & Heavy Construction Machinery,0.555,-0.25,-0.14,0.9,,,,-1.05,,4.936,,,
UMBFO,Financial Services,Banks - Regional,27.29,,,,,,,,46.99,32.676,,,89
UYSC,Financial Services,Shell Companies,10.13,3.43,3.43,,,,,0.03,,,337.67,,
UYSCU,Financial Services,Shell Companies,10.32,,,,,,,,,,,,
VACH,Financial Services,Shell Companies,10.45,0.0,0.07,0.07,44.29,43.28,,0.35,,,29.8,,
VACHU,Financial Services,Shell Companies,11.5,,,,,,,,,,,,
VIOT,Consumer Cyclical,"Furnishings, Fixtures & Appliances",3.37,3.0,,,,,,0.3,,31.037,11.0,,
VOYG,Industrials,Aerospace & Defense,29.76,-1.1,-0.14,-0.45,,,,-1.87,,11.903,,,
VSEE,Healthcare,Health Information Services,0.6605,0.0,-56.17,-313.12,,,,-5.65,109.75,1.02,,,92
WAFDP,Financial Services,Banks - Regional,17.08,,,,,,,2.738,-9.92,8.916,6.22,,29
WBX,Technology,Electronic Components,4.1,0.85,0.09,0.08,,,,-13.76,,14.18,,,
WETH,Real Estate,Real Estate Services,1.26,-0.05,4.75,,,,,0.27,,3.635,4.7,,
WLAC,Financial Services,Shell Companies,11.5,0.0,25.39,,,,,0.02,,,582.0,,
WLACU,Financial Services,Shell Companies,12.74,,,,,,,,,,,,
WSBCP,Financial Services,Banks - Regional,25.2346,,,,,,,3.16,41.87,9.086,7.98,,88
WTFCN,Financial Services,Banks - Regional,27.0,,,,,,,,3.28,37.43,,,69
WXM,Industrials,Industrial Distribution,3.73,,,,,,,0.14,,3.894,25.29,,
WYFI,Technology,Software - Application,23.41,0.02,0.02,,,,,-0.12,,1.647,,,
XCH,Industrials,Specialty Industrial Machinery,1.3383,-4.66,,,,,,-0.4,,1.311,,,
XOMAO,Healthcare,Biotechnology,25.68,,,,,,,1.001,-62.74,3.781,25.64,,8
XTLB,Healthcare,Biotechnology,1.24,0.0,0.0,0.0,,,,-0.3,2427777777777768.0,0.1,,,97
YHNA,Financial Services,Shell Companies,10.47,-29.18,-0.06,-0.05,-0.53,28.52,,0.23,,,45.52,,
YHNAU,Financial Services,Shell Companies,10.45,,,,,,,,,,,,
YMT,Technology,Software - Application,2.26,0.36,,,,,,-0.14,,8.296,,,
