Ticker,Sector,Industry,Price,EPS QoQ (%),QoQ 2Q Algo (%),QoQ 3Q Algo (%),EPS YoY (%),YoY 2Q Algo (%),EPS RS,TTM EPS,Rev RS,TTM RPS,TTM PE,Rating (EPS RS),Rating (Rev RS)
NCNA,Healthcare,Biotechnology,2.86,10000000000.0,-399.0,1399.0,2500000000.0,,166666666576.38,-1747.21,-8.97,,,99,31
MCRB,Healthcare,Biotechnology,18.8,-2.66,-1.04,-0.51,0.91,2.46,19777777776.77,-6.79,-1.6103e+17,,,99,1
ODP,Consumer Cyclical,Specialty Retail,21.31,97000000.0,-7.82,-16.91,205000000.0,,13666666071.64,1.38,-16.71,215.806,16.09,99,16
LUNR,Industrials,Aerospace & Defense,8.42,-1.0,12.49,-0.79,-2.55,,5386387472.48,-3.23,26.81,2.388,,99,86
LPCN,Healthcare,Biotechnology,2.89,-0.17,0.09,0.08,0.39,-2.89,3444444126.67,-0.84,20.7,0.787,,99,84
HDL,Consumer Cyclical,Restaurants,18.8,0.5,2.0,-4.0,30000000.0,,1999999944.75,1.0,9.1,13.69,19.0,99,76
KNTK,Energy,Oil & Gas Midstream,42.69,5.6,4.0,-34.0,-0.64,,1644444287.58,0.73,15.28,27.381,57.47,99,82
LITB,Consumer Cyclical,Apparel Manufacturing,1.75,0.0,-12000000.0,2.54,24000000.0,,1599999927.66,0.12,-55.29,12.573,15.5,99,7
PBYI,Healthcare,Biotechnology,5.11,1.0,-5.5,-0.05,2.33,,1311111163.93,0.99,-2.49,4.824,5.08,99,53
KAR,Consumer Cyclical,Auto & Truck Dealerships,29.15,-0.12,-0.61,1.42,16000000.0,,1066666667.64,0.73,-0.85,17.287,39.82,99,58
FENC,Healthcare,Biotechnology,9.18,-1.75,0.5,2.5,0.82,,666666616.36,-0.45,1705555555555713.5,1.212,,99,97
EHAB,Healthcare,Medical Care Facilities,7.86,-2.5,3.63,1.39,10000000.0,,666666515.88,-2.66,-8.31,20.55,,99,36
JOB,Industrials,Staffing & Employment Services,0.191,30000000.0,-29.0,8.5,18000000.0,-29.0,600017939.22,-0.34,-18.97,0.995,,98,14
EE,Energy,Oil & Gas Midstream,23.74,-2.2,0.07,0.25,-0.8,,566666522.14,1.34,1.95,37.377,17.69,98,65
MIR,Industrials,Specialty Industrial Machinery,20.99,4000000.0,3500000.0,1.0,2.5,13000000.0,433333342.38,0.05,7.975555555555556e+17,4.08,458.0,98,99
JVA,Consumer Defensive,Packaged Foods,4.11,-0.82,0.29,0.41,11000000.0,2.33,366666671.18,0.64,8.63,14.829,6.48,98,76
NAGE,Healthcare,Biotechnology,9.32,-0.4,-0.29,3.5,5000000.0,,333333289.7,0.22,20.26,1.501,42.77,98,84
MITK,Technology,Software - Application,9.66,-3.0,3.0,-2.9,5000000.0,,333333207.69,0.33,-3.43,3.897,29.73,98,50
GRAF,Financial Services,Shell Companies,10.49,0.0,-0.12,-0.11,8000000.0,44.29,266711247.38,0.46,-8.97,,22.8,98,31
CTMX,Healthcare,Biotechnology,2.1,-27000000.0,0.59,1.43,8000000.0,0.59,266668677.88,0.5,-13.23,1.457,4.56,98,20
LINK,Technology,Electronic Components,9.11,9000000.0,-0.8,0.2,4000000.0,,266666537.85,-0.2,10.33,1.19,,98,78
LFST,Healthcare,Medical Care Facilities,5.47,-1000000.0,1000000.0,1.0,5.0,6000000.0,200000096.93,-0.04,5.86,3.44,,98,72
DSP,Technology,Software - Application,10.06,4.5,-2.57,0.22,2000000.0,,133333280.65,0.13,6.4,19.632,79.23,98,72
MCHX,Communication Services,Advertising Agencies,2.03,5000000.0,-0.25,-1.0,2000000.0,,133333226.52,-0.1,-12.56,1.092,,98,21
HFFG,Consumer Defensive,Food Distribution,3.18,2.5,26.67,-10.86,2000000.0,,133332460.07,-0.92,-0.7,23.051,,98,58
CTM,Technology,Information Technology Services,1.08,1000000.0,0.5,0.33,3000000.0,7.0,100000140.26,-0.09,13.78,0.806,,98,81
PCYO,Utilities,Utilities - Regulated Water,10.51,2.0,-4.33,0.14,-0.33,3000000.0,99999874.51,0.56,-32.74,1.14,19.68,98,9
DEFT,Financial Services,Capital Markets,1.98,-9083900.0,0.21,0.27,2000000.0,3.05,66666687.94,0.06,-162.33,0.241,33.83,98,5
MNKD,Healthcare,Biotechnology,5.34,-4000000.0,0.33,-0.33,1000000.0,,66666681.6,0.11,16.12,1.038,50.36,98,82
KRMD,Healthcare,Medical Instruments & Supplies,4.1,3000000.0,0.0,0.0,2000000.0,0.33,66666569.28,-0.1,9.32,0.802,,98,77
KFFB,Financial Services,Banks - Regional,3.2,0.0,185500.0,69.08,1000000.0,,66666517.91,-0.13,-0.25,1.026,,98,59
GROY,Basic Materials,Gold,3.6,1000000.0,-3.0,-3.0,1000000.0,0.0,33333342.22,-0.01,426.06,0.073,,98,95
NEWP,Basic Materials,Other Precious Metals & Mining,1.96,-1000000.0,1000000.0,0.0,0.0,1000000.0,33333226.74,-0.02,-8.97,,,98,31
NXT,Technology,Solar,68.85,0.14,0.16,0.0,0.23,-0.59,22224296.79,3.67,13.32,21.415,19.11,98,80
CTKB,Healthcare,Medical Devices,3.98,1.25,-1.25,-5.0,1.0,-0.8,22222071.18,-0.05,-4.93,1.522,,98,45
DTSQ,Financial Services,Shell Companies,10.45,-2.32,-0.45,-0.31,18.52,230.93,50856.44,0.28,-8.97,,37.34,97,31
EMPD,Consumer Cyclical,Auto Manufacturers,6.86,-7.32,12.65,0.93,-1.56,1220.59,43259.29,-255.73,68.18,13.978,,97,92
DGLY,Communication Services,Internet Content & Information,1.72,-879.5,4.64,4.64,1083.02,2.02,36043.32,-4926.18,-8.99,70.888,,97,27
LRHC,Real Estate,Real Estate Services,5.9,20.64,-0.93,-13.45,720.44,-15.74,23090.52,-55.12,20.04,178.107,,97,84
EONR,Energy,Oil & Gas E&P,0.345,0.83,2.55,0.72,1.0,7.18,22271.04,-0.55,6.656962999999995e+16,1.376,,97,98
MBIO,Healthcare,Biotechnology,1.47,-2.8,19.5,0.95,95.63,495.2,19672.1,1.99,-8.97,,0.72,97,31
INOD,Technology,Information Technology Services,41.1,0.0,-0.36,-0.76,516.45,7.33,17808.51,1.29,57.23,7.466,33.71,97,91
ONCO,Healthcare,Biotechnology,2.87,8.46,2.26,0.69,459.42,36.89,16438.25,2044.06,64961111111196.14,5.895,0.0,97,96
CTLP,Technology,Software - Infrastructure,10.85,8.57,0.75,-0.25,10.17,0.75,15484.79,0.8,4.19,4.004,13.51,97,69
CYCC,Healthcare,Biotechnology,7.46,-1470000000.0,7920000000.0,-0.83,174.69,,11672.89,7123.5,439999999999893.6,0.006,0.0,97,96
GNLN,Consumer Defensive,Tobacco,3.3,74.47,5.54,0.85,273.32,34.71,10304.67,-14.15,-224.81,31.117,,97,4
CYN,Technology,Software - Application,5.1,1.44,30.64,0.97,225.24,63.07,9520.42,-699.22,291111111111313.1,0.542,,97,96
ELAB,Healthcare,Biotechnology,4.395,5.53,15.62,0.94,238.09,37.21,9090.48,116.66,-851418888878613.6,-1.162,0.04,97,2
ERIC,Technology,Communication Equipment,7.94,0.1,-0.15,0.26,3.44,,8926.74,0.55,-12.54,73.778,14.56,97,21
IRWD,Healthcare,Drug Manufacturers - Specialty & Generic,1.1,2.53,-12.5,0.0,16.0,,8042.36,-0.05,-18.23,1.921,,97,15
CRNC,Technology,Software - Application,10.0,-9.33,2.14,-0.16,124.0,,8027.61,-0.58,-19.73,5.745,,97,14
NDRA,Healthcare,Diagnostics & Research,4.26,0.09,89.26,0.99,-20.37,240.71,7790.16,-60.23,-8.97,,,97,31
HI,Industrials,Specialty Industrial Machinery,25.77,20.33,-7.44,-1.33,118.67,,7781.58,-0.29,-25.64,40.486,,97,11
FFAI,Consumer Cyclical,Auto Manufacturers,1.91,-7.57,18.5,0.95,9.32,186.36,7503.77,8.3,871111111110801.9,0.01,0.22,97,96
GPAT,Financial Services,Shell Companies,10.58,0.0,-0.12,-0.11,0.0,42.84,7038.79,0.38,-8.97,,27.86,97,31
MOMO,Communication Services,Internet Content & Information,8.35,0.94,-1.39,0.17,104.0,,6853.56,1.07,-13.81,58.382,7.96,97,19
IBAC,Financial Services,Shell Companies,10.55,0.0,-0.15,-0.11,-0.4,2.2,6482.46,0.24,-8.97,,44.0,97,31
KITT,Industrials,Aerospace & Defense,4.7871,0.08,-12.46,-1.09,-9.96,208.82,6479.41,33.39,166.22,1.636,0.13,96,93
DBGI,Consumer Cyclical,Apparel Retail,9.145,0.14,43.79,0.98,127.62,24.02,5564.16,45.15,-37.14,4.713,0.19,96,8
HE,Utilities,Utilities - Regulated Electric,12.37,0.0,3.67,1.27,79.27,,5095.6,1.03,-11.94,19.76,11.95,96,22
INTU,Technology,Software - Application,668.29,0.0,5.01,1.4,145.14,0.18,4745.4,13.66,9.23,67.254,49.25,96,76
LTH,Consumer Cyclical,Leisure,28.83,-0.09,0.29,0.4,0.22,1.77,4548.38,1.02,9.03,13.425,28.41,96,76
HHS,Industrials,Conglomerates,3.725,0.0,5.6,-17.5,75.8,,4482.46,-0.39,-20.58,23.785,,96,13
NAAS,Consumer Cyclical,Specialty Retail,3.1,0.0,3.17,3.0,69.0,,4354.53,-156.8,-2.38,244.464,,96,53
MSTR,Technology,Software - Application,327.59,3.2,-4.44,-0.76,64.12,,4176.59,14.27,-6.22,1.944,23.54,96,41
EIX,Utilities,Utilities - Regulated Electric,54.67,0.0,0.47,0.9,2.27,125.33,4155.39,6.81,-3.8,45.438,8.0,96,49
EQT,Energy,Oil & Gas E&P,51.8,2.27,-0.75,2.3,64.5,,4117.34,1.9,55.29,12.07,27.16,96,91
NTCT,Technology,Software - Infrastructure,25.05,-7.3,-1.16,4.23,123.0,2.46,4027.55,1.03,-4.78,11.645,24.14,96,45
IVT,Real Estate,REIT - Retail,29.83,12.78,-0.44,14.0,61.0,,3997.57,1.44,0.28,3.815,20.81,96,61
HCTI,Healthcare,Health Information Services,2.08,71.99,0.15,0.13,120.95,1.47,3982.73,-112.08,-17.47,19.443,,96,15
MLAB,Technology,Scientific & Technical Instruments,64.33,2.11,2.11,-3.03,0.38,169.57,3895.66,-0.13,-4.17,44.566,,96,48
GCTK,Healthcare,Medical Instruments & Supplies,4.87,3.18,13.08,0.93,101.29,16.51,3805.48,-2441.21,-8.97,,,96,31
FWRD,Industrials,Integrated Freight & Logistics,30.38,3.1,-0.35,1.15,56.24,,3587.05,-4.96,-1.97,85.62,,96,54
LMFA,Financial Services,Credit Services,1.14,53.5,0.65,0.39,114.0,-2.31,3584.63,-4.56,2096.95,1.629,,96,95
NWTG,Consumer Cyclical,Leisure,1.76,0.62,19.41,0.95,68.71,43.58,3506.65,-130.77,196.23,3.886,,96,94
GEG,Financial Services,Asset Management,3.0,4.0,-5.25,-1.25,103.0,-0.7,3226.69,0.38,-196.72,0.59,7.24,96,5
GE,Industrials,Aerospace & Defense,282.27,0.03,0.05,0.03,0.65,,3176.53,7.01,-1.82,38.744,39.83,96,55
JTAI,Technology,Software - Application,3.15,1.01,11.34,0.92,60.59,33.64,3137.57,69.47,165.51,9.071,0.05,96,93
GRI,Healthcare,Biotechnology,1.5,3.43,0.48,0.33,46.21,16.42,2946.25,90.8,-8.97,,0.02,96,31
MH,Consumer Defensive,Education & Training Services,14.82,53.22,1.02,-4.6,86.05,1.9,2858.3,-0.4,11.39,13.52,,96,79
OCSL,Financial Services,Asset Management,13.83,2.05,-5.67,-4.0,43.0,,2682.36,0.57,2640.79,3.948,24.51,95,96
LUCY,Healthcare,Medical Instruments & Supplies,1.87,0.09,0.19,0.16,1.83,70.94,2326.28,-2.19,61.91,0.802,,95,91
ETR,Utilities,Utilities - Regulated Electric,88.18,3.98,0.25,-1.25,35.35,,2247.44,4.03,0.41,28.507,21.77,95,61
NUTX,Healthcare,Medical Care Facilities,85.88,-3.46,7.88,-23.57,34.12,,2238.88,53.66,139.86,118.737,1.55,95,93
HIPO,Financial Services,Insurance - Property & Casualty,32.92,39.2,-2.07,6.24,33.8,,2231.78,-0.38,32.07,17.005,,95,88
LPA,Real Estate,Real Estate - Development,6.35,-1.0,-4.5,-1.29,-8.75,82.5,2225.24,0.26,1.5,1.449,24.38,95,64
NOEM,Financial Services,Shell Companies,10.15,0.0,1.17,6.81,17.69,17.41,2222.02,0.1,-8.97,,101.5,95,31
DVLT,Technology,Software - Infrastructure,0.29,-2.0,3.36,0.77,21.02,28.72,2147.1,5.04,245.46,0.132,0.06,95,94
KN,Technology,Electronic Components,21.64,5.5,-11.5,20.0,33.22,,2093.19,0.3,-10.91,6.413,71.73,95,24
MX,Technology,Semiconductors,2.95,25.0,0.83,-0.69,35.0,,2087.15,-0.92,-16.82,6.359,,95,16
NVST,Healthcare,Medical Instruments & Supplies,20.78,0.0,9.0,-4.0,67.9,-0.4,1990.82,0.32,-3.8,14.881,66.59,95,49
KLXE,Energy,Oil & Gas Equipment & Services,1.95,0.56,-0.8,-0.76,-1.12,,1927.52,-4.04,1.12,38.802,,95,63
MIGI,Financial Services,Capital Markets,0.285,-19.0,16.0,0.94,0.37,58.5,1863.9,-1.29,-28.89,2.66,,95,10
MDRR,Real Estate,REIT - Diversified,14.45,1.18,-0.22,-0.29,1.76,-2.65,1785.41,-2.61,-6.05,7.74,,95,41
MANU,Communication Services,Entertainment,16.07,9.41,-21.96,28.49,26.46,,1656.46,-0.52,6.15,3.788,,95,72
GURE,Basic Materials,Chemicals,0.71,5.67,-0.1,-0.11,50.5,-0.08,1632.58,-2.46,114.21,1.197,,95,93
IMCC,Healthcare,Drug Manufacturers - Specialty & Generic,2.05,-2.0,2.78,1.56,14.11,29.0,1630.03,-0.49,-13.2,18.588,,95,20
CXDO,Communication Services,Telecom Services,6.49,0.0,0.6,1.5,1.0,1.0,1606.36,0.1,9.48,2.313,65.9,95,77
IIIV,Technology,Software - Infrastructure,30.14,54.0,-9.0,-61.25,2.66,,1599.19,0.48,-0.79,10.411,63.71,95,58
LUMN,Communication Services,Telecom Services,4.97,0.0,-3.22,2.67,-3.0,-4.33,1489.12,-1.19,-17.62,12.939,,95,15
CUK,Consumer Cyclical,Travel Services,29.01,8.17,-4.83,-4.96,5.14,,1476.7,1.91,67.46,20.032,15.11,95,92
EBS,Healthcare,Drug Manufacturers - Specialty & Generic,7.63,-6.68,3.16,-4.72,23.45,,1443.35,2.62,-75.73,15.785,2.89,95,6
JYNT,Healthcare,Medical Care Facilities,10.66,-5.0,4.0,0.17,25.0,,1406.65,-0.06,-15.47,3.537,,95,17
NBY,Healthcare,Biotechnology,4.22,-5.36,2.43,2.43,3.15,21.8,1331.92,2.3,-9.36,1.712,1.62,94,26
DAVA,Technology,Software - Infrastructure,9.97,0.0,0.58,2.0,37.0,7.33,1323.34,0.48,-9.66,13.21,21.21,94,26
HP,Energy,Oil & Gas Drilling,20.81,-165.0,-54.0,-0.36,-2.84,,1305.9,-0.33,35.54,34.592,,94,89
DRMA,Healthcare,Biotechnology,5.5,1.71,1.77,0.64,24.19,14.69,1300.51,20.96,-8.97,,0.25,94,31
DOOO,Consumer Cyclical,Recreational Vehicles,65.42,0.0,0.91,9.8,21.89,21.6,1294.97,1.96,-6.93,106.187,33.42,94,39
CYH,Healthcare,Medical Care Facilities,2.84,22.1,4.3,4.57,22.1,,1245.2,-1.47,-8.88,95.191,,94,35
DH,Healthcare,Health Information Services,4.01,12.57,-0.86,1.2,24.86,,1243.39,-2.69,-7.0,2.173,,94,39
EGHT,Technology,Software - Application,1.97,-5.0,-5.0,6.5,1.67,37.0,1218.42,-0.16,-5.9,5.443,,94,42
PDM,Real Estate,REIT - Office,8.6,-0.75,2.0,-1.67,-0.75,,1213.36,-0.56,-9.51,4.554,,94,26
GPUS,Industrials,Aerospace & Defense,0.4192,-1.71,12.18,0.92,13.21,-3.41,1183.34,-28.33,85.06,24.812,,94,92
NABL,Technology,Information Technology Services,7.84,1.0,-3.0,-2.0,-3.5,,1138.77,0.01,1.74,2.576,790.0,94,65
LXRX,Healthcare,Biotechnology,1.07,8.0,0.29,1.0,18.0,,1092.81,-0.32,1440.94,0.161,,94,95
NUWE,Healthcare,Medical Devices,4.89,-1.1,-64.86,-167.09,11.98,,1091.57,-313.92,-25.96,126.095,,94,11
EXTR,Technology,Communication Equipment,22.45,0.0,-1.0,2.33,15.0,17.67,1076.9,-0.06,4.4,8.615,,94,69
FOA,Financial Services,Credit Services,27.8,0.06,3.0,-2.43,16.05,,1071.24,6.93,-139.21,51.365,4.01,94,5
IBTA,Technology,Software - Application,26.45,3.5,-123.0,3.43,15.67,,1053.44,4.07,0.67,12.175,6.76,94,62
HCWB,Healthcare,Biotechnology,4.63,1.23,0.6,0.25,16.99,,1025.01,-16.41,7468988888882630.0,0.68,,94,97
KEP,Utilities,Utilities - Regulated Electric,13.53,-1.05,1.04,-0.62,16.49,,1024.57,3.54,1.1,74619.88,3.78,94,63
ERNA,Healthcare,Biotechnology,1.22,2.69,15.9,0.94,24.15,7.2,1018.59,-17.76,-237777777777702.8,0.168,,94,3
FOSL,Consumer Cyclical,Footwear & Accessories,3.42,7.25,-1.36,3.29,17.25,,990.98,-1.11,-26.54,20.326,,94,11
NVFY,Consumer Cyclical,"Furnishings, Fixtures & Appliances",2.67,0.5,11.5,0.92,10.0,20.67,961.89,-0.68,-15.52,1.161,,94,17
GNPX,Healthcare,Biotechnology,0.1557,0.53,1.87,0.65,16.65,13.85,942.73,0.85,-8.97,,0.27,94,31
GRAL,Healthcare,Diagnostics & Research,33.59,-0.03,-0.07,0.36,15.06,,936.14,-11.71,15.57,3.961,,94,82
FIVN,Technology,Software - Infrastructure,26.3,0.0,-14.0,3.5,18.0,11.0,917.1,0.12,5.85,14.602,222.5,93,72
DYCQ,Financial Services,Shell Companies,11.5,-0.42,-0.3,-0.23,-1.62,4.0,870.91,0.25,-8.97,,46.0,93,31
ENTO,Healthcare,Biotechnology,2.65,0.33,0.55,0.36,17.38,-12.14,868.04,-11.97,-8.97,,,93,31
DFDV,Technology,Software - Infrastructure,15.21,14.87,-0.62,-0.06,14.62,,854.62,0.95,225.26,0.321,15.75,93,94
ECO,Industrials,Marine Shipping,27.55,1.15,-0.05,-0.1,-0.46,,851.86,2.09,-9.8,10.692,13.51,93,25
DFSC,Industrials,Aerospace & Defense,2.99,0.67,2.89,0.08,6.51,19.72,844.34,-31.9,215.52,12.708,,93,94
PAX,Financial Services,Asset Management,13.85,-0.22,-2.73,121.87,14.35,,840.45,0.54,3.79,2.493,25.65,93,68
DAY,Technology,Software - Application,69.55,0.44,0.29,6.0,14.0,,829.3,0.3,4.15,11.653,230.0,93,69
GME,Consumer Cyclical,Specialty Retail,22.37,-1.9,6.25,0.0,2.1,,792.0,0.53,-28.31,8.555,42.66,93,10
FUFU,Financial Services,Capital Markets,3.65,3.9,-0.54,-1.17,28.0,-3.3,789.6,0.28,5.02,2.352,12.71,93,70
GOTU,Consumer Defensive,Education & Training Services,3.67,-2.78,2.08,2.44,0.88,,764.53,-0.38,6.06,21.797,,93,72
PBR,Energy,Oil & Gas Integrated,12.38,-0.24,3.13,-3.09,13.33,,761.0,2.14,-15.04,13.272,5.71,93,18
GORV,Consumer Cyclical,Auto & Truck Dealerships,2.78,-1.47,25.56,-0.74,13.47,,744.8,-129.7,-66.3,408.283,,93,6
FRPT,Consumer Defensive,Packaged Foods,53.24,2.31,-2.42,0.48,12.33,,741.83,0.66,10.03,21.453,83.74,93,77
ORN,Industrials,Engineering & Construction,7.64,3.0,-5.25,0.42,11.0,,735.62,0.33,-0.95,21.997,22.97,93,57
DLR,Real Estate,REIT - Specialty,162.84,9.1,-0.8,3.15,12.77,,709.21,3.8,0.42,17.025,42.96,93,61
LYFT,Technology,Software - Application,16.79,9.0,2.0,2.0,9.0,9.0,707.47,0.23,5.5,14.671,72.43,93,71
GWRE,Technology,Software - Application,216.99,2.22,-5.09,-0.82,8.86,,675.91,0.81,8.89,14.341,321.86,93,76
LVLU,Consumer Cyclical,Apparel Retail,3.88,1.64,3.0,-3.75,2.63,,671.26,-17.87,-19.64,104.945,,93,14
NOG,Energy,Oil & Gas E&P,26.02,-0.38,0.96,-3.17,-0.35,,663.02,6.06,5.11,21.188,4.1,93,70
LEG,Consumer Cyclical,"Furnishings, Fixtures & Appliances",9.79,0.73,1.13,-2.2,12.55,,660.45,1.03,-15.11,30.734,9.72,93,18
DJT,Communication Services,Internet Content & Information,16.76,0.0,-0.17,-0.2,-0.4,24.79,655.97,0.09,1633888888888902.0,0.017,185.33,93,97
EFXT,Energy,Oil & Gas Equipment & Services,10.29,1.58,0.57,-0.99,11.25,,644.53,1.04,8.46,18.8,9.63,92,76
JRSH,Consumer Cyclical,Apparel Manufacturing,3.43,1.0,1500000.0,-5000000.0,4.67,17.67,599.76,0.07,-10.86,11.625,49.0,92,24
GDYN,Technology,Information Technology Services,7.86,1.0,-1.0,0.0,7.0,,596.39,0.2,12.17,4.779,39.1,92,80
FRSH,Technology,Software - Application,13.01,-1000000.0,7000000.0,0.43,6.0,,590.22,-0.18,11.04,2.604,,92,79
IHRT,Communication Services,Broadcasting,2.28,2.41,-9.6,2.26,11.04,,589.82,-2.41,-7.71,25.32,,92,37
IMG,Consumer Defensive,Packaged Foods,0.2439,2.21,0.69,0.39,9.82,,588.77,-2.42,-2760.74,0.241,,92,4
JAGX,Healthcare,Biotechnology,1.65,0.63,0.29,0.22,5.48,4.22,588.02,37.53,-3.16,7.718,0.05,92,51
LB,Energy,Oil & Gas Equipment & Services,54.16,0.11,1.56,-0.42,12.03,,563.72,0.78,61.74,7.477,66.76,92,91
LGND,Healthcare,Biotechnology,167.74,9.84,-0.35,-3.21,12.52,,561.96,-4.04,-4.21,9.884,,92,47
HUBS,Technology,Software - Application,464.31,6.0,-5.2,-0.6,3.67,,547.25,-0.24,12.81,54.801,,92,80
PALI,Healthcare,Biotechnology,0.6327,-0.23,1.97,0.66,4.72,8.77,537.28,-3.64,-8.97,,,92,31
ELLO,Utilities,Utilities - Renewable,18.32,0.0,0.0,10.75,2.68,2.4,518.38,0.48,-5.18,3.197,38.17,92,44
NUVB,Healthcare,Biotechnology,3.42,-0.06,-0.07,0.0,10.12,,515.16,-0.38,8747777777777926.0,0.044,,92,97
MKTW,Financial Services,Financial Data & Stock Exchanges,18.08,0.28,-0.43,-0.3,-0.47,-1.09,506.19,2.88,-33.36,171.992,6.25,92,9
ENSC,Healthcare,Biotechnology,2.1473,0.76,1.09,-3.76,3.24,,502.84,-3.51,-8.97,5.513,,92,31
GTLB,Technology,Software - Infrastructure,43.46,2.67,-4.14,-1.57,-2.33,,485.64,-0.04,25.58,5.241,,92,86
PEN,Healthcare,Medical Devices,279.72,0.13,0.16,0.16,2.35,,483.44,3.77,5.63,33.16,74.66,92,71
LINE,Real Estate,REIT - Industrial,40.46,-4.0,34.0,6.39,10.22,,481.32,-2.4,-3.6,23.732,,92,49
EDBL,Consumer Defensive,Farm Products,1.85,-1.66,3.19,0.57,3.56,,477.88,77.13,-29.39,11.585,0.02,92,10
ILMN,Healthcare,Diagnostics & Research,97.68,0.8,-0.41,-2.79,9.38,,476.73,7.9,-12.69,27.028,12.52,92,21
OM,Healthcare,Medical Devices,13.35,2.52,1.01,0.12,8.58,,467.59,-18.75,2.04,14.987,,92,65
PAAS,Basic Materials,Gold,33.58,0.11,0.49,0.97,9.67,6.87,462.27,1.45,10.73,8.594,23.86,92,78
HLF,Consumer Defensive,Packaged Foods,10.09,-0.04,-2.52,2.74,8.6,,457.83,3.18,-11.87,48.485,3.1,92,22
IQ,Communication Services,Entertainment,2.71,-2.5,2.0,-2.0,-3.0,,453.0,0.01,-18.98,28.741,271.0,91,14
PBI,Industrials,Integrated Freight & Logistics,12.24,0.0,2.53,1.66,2.36,10.5,449.43,0.8,-64.55,10.881,15.35,91,6
CRS,Industrials,Metal Fabrication,240.26,0.0,0.13,-0.01,0.02,14.83,448.38,7.42,-7.06,57.313,33.35,91,39
FSHP,Financial Services,Shell Companies,10.56,0.0,0.08,0.08,6.0,8.13,444.97,0.33,-8.97,,32.0,91,31
GILT,Technology,Communication Equipment,9.89,2.55,-2.91,0.75,7.5,,439.77,0.4,19.83,6.131,24.93,91,84
INTZ,Technology,Software - Infrastructure,1.67,0.1,2.27,-0.03,4.3,,437.72,-0.53,6.8,0.506,,91,73
HYPD,Healthcare,Biotechnology,6.14,-0.57,2.27,0.69,5.66,10.79,435.48,-28.84,-1.5702181111110964e+16,0.023,,91,2
ISPC,Healthcare,Diagnostics & Research,0.6699,0.69,0.98,0.49,7.86,7.96,433.23,-8.91,-212.08,3.559,,91,4
NKSH,Financial Services,Banks - Regional,31.05,-0.42,0.06,0.14,8.2,,423.93,1.8,3.85,7.829,17.31,91,69
NBIS,Communication Services,Internet Content & Information,64.91,6.11,0.21,-0.23,8.35,,422.1,0.9,-3454.93,1.044,72.74,91,3
CURI,Communication Services,Broadcasting,4.5,0.0,3.5,1.4,5.0,10.0,421.86,-0.09,21.58,1.078,,91,85
OFS,Financial Services,Asset Management,8.66,-0.33,-4.52,14.83,-2.07,,408.9,0.76,-263.44,3.235,11.44,91,4
MAZE,Healthcare,Biotechnology,15.04,0.49,-0.13,-1.93,-3.38,-0.24,407.05,-1.68,-8.208333333333332e+17,0.129,,91,1
EXAS,Healthcare,Diagnostics & Research,51.41,53.0,7.65,-21.24,8.0,,406.39,-5.45,7.06,15.767,,91,73
ENFY,Basic Materials,Agricultural Inputs,1.0728,4.83,-1.92,2.79,12.17,0.14,405.3,-1.25,-38.99,5.375,,91,8
FSTR,Industrials,Railroads,27.18,2.4,-9.0,-168.5,0.08,,404.09,3.3,-7.26,47.934,8.04,91,38
HST,Real Estate,REIT - Hotel & Motel,17.59,-0.09,1.33,0.25,-0.06,,396.1,0.94,5.84,8.512,18.54,91,72
MTVA,Healthcare,Biotechnology,0.6869,0.38,0.26,0.21,6.12,2.67,395.67,-0.97,-8.97,,,91,31
GDEN,Consumer Cyclical,Resorts & Casinos,24.65,1.0,-0.22,-0.64,8.0,,395.46,0.57,-18.02,24.069,43.51,91,15
ENLT,Utilities,Utilities - Renewable,28.28,-0.07,0.74,2.83,9.71,4.71,395.18,0.17,34.48,3.609,171.18,91,88
MGA,Consumer Cyclical,Auto Parts,45.35,0.0,-0.37,-1.37,-1.1,16.33,394.68,4.26,-9.06,146.404,10.77,91,27
DCTH,Healthcare,Medical Devices,11.1,1.67,4.67,-2.83,7.0,,386.9,0.09,328.88,2.141,129.44,91,94
GOGO,Communication Services,Telecom Services,10.73,0.11,3.44,-3.75,9.0,,386.34,0.04,75.42,5.319,268.0,91,92
HIT,Technology,Software - Application,2.81,0.0,4.79,-3.64,0.6,,374.61,0.02,87.44,0.499,136.5,90,92
FEAM,Basic Materials,Specialty Chemicals,3.39,7.62,-0.05,0.61,14.95,0.14,374.59,-10.63,-8.97,,,90,31
ELDN,Healthcare,Biotechnology,2.61,-0.62,-7.06,-1.16,6.08,7.12,374.24,0.65,-8.97,,4.17,90,31
OWL,Financial Services,Asset Management,18.05,0.0,-2.0,-0.67,-5.0,-4.0,373.03,0.11,23.53,4.27,161.73,90,86
HWH,Consumer Cyclical,Leisure,6.2,8.0,0.33,0.25,11.0,3.89,373.01,-0.23,-413745555555564.2,0.236,,90,3
NTGR,Technology,Communication Equipment,27.98,-0.05,0.48,-10.55,6.09,,369.93,2.18,-3.42,24.278,12.82,90,50
CVNA,Consumer Cyclical,Auto & Truck Dealerships,370.17,-0.19,1.64,-0.13,8.0,,368.61,4.02,19.32,124.317,91.76,90,84
ISPO,Consumer Cyclical,Travel Services,2.93,-4.0,2.5,-4.67,4.55,,365.35,0.82,-10.72,20.948,3.85,90,24
GPOR,Energy,Oil & Gas E&P,175.62,132.57,219.0,-17.55,7.1,,363.77,-6.8,40.05,63.568,,90,89
INSG,Technology,Communication Equipment,12.81,4.33,-0.6,-7.6,-0.5,,353.78,-0.98,-32.22,12.343,,90,9
MSS,Consumer Defensive,Grocery Stores,0.9399,0.0,7.0,-5.0,11.0,3.0,353.58,0.07,56.91,7.118,13.0,90,91
IBIO,Healthcare,Biotechnology,0.8113,-0.02,-0.04,0.42,0.73,8.21,352.6,-0.04,-1843333333333345.2,0.041,,90,2
ENVB,Healthcare,Biotechnology,1.01,0.26,0.98,0.49,2.84,6.55,350.14,-9.97,-8.97,,,90,31
EXE,Energy,Oil & Gas E&P,96.66,4.84,0.62,-1.02,3.35,,346.47,-0.03,411.6,42.289,,90,94
FIHL,Financial Services,Insurance - Diversified,17.6,3.11,1.87,-2.24,-1.56,,342.44,-0.38,10.54,23.372,,90,78
HLVX,Healthcare,Biotechnology,2.1,0.09,4.67,-0.31,6.55,,341.08,-1.44,-8.97,,,90,31
NSC,Industrials,Railroads,279.76,0.03,-0.23,-0.19,0.05,13.39,339.12,14.8,-6.49,53.909,18.77,90,40
MNDY,Technology,Software - Application,182.42,-17.0,0.2,2.87,-8.67,,332.46,0.76,24.6,21.664,244.38,90,86
LXP,Real Estate,REIT - Industrial,9.1,0.5,0.5,1.0,8.0,7.0,330.32,0.27,-6.95,1.244,33.89,90,39
ERO,Basic Materials,Copper,14.68,-0.13,0.32,0.46,2.31,12.0,329.68,1.38,18.78,5.182,10.85,90,83
HBM,Basic Materials,Copper,12.4,0.2,0.32,0.46,8.5,3.17,328.04,0.73,12.02,5.582,17.42,90,79
ITRG,Basic Materials,Other Precious Metals & Mining,2.43,5.0,4.5,1.29,2.17,9.0,327.93,0.11,4.408688888888888e+17,1.057,23.27,90,99
KW,Real Estate,Real Estate Services,8.74,5.0,-2.25,3.33,7.6,,326.18,-0.67,-5.24,3.86,,90,44
KRNY,Financial Services,Banks - Regional,6.7,0.0,0.0,0.1,14.18,-0.09,321.83,0.42,-9.91,2.426,15.74,89,25
KOPN,Technology,Electronic Components,2.14,-0.5,0.25,0.2,0.67,12.5,320.44,-0.06,-38.02,0.302,,89,8
FDSB,Financial Services,Banks - Regional,13.965,29.5,4.25,1.31,3.97,11.18,313.01,0.46,99.42,2.84,30.37,89,93
ECVT,Basic Materials,Specialty Chemicals,9.01,2.67,7.67,-3.17,-0.4,,312.89,-0.12,-0.72,6.203,,89,58
MYSZ,Technology,Software - Application,1.2,2.4,0.73,0.42,7.53,2.69,311.31,-1.91,367.36,3.596,,89,94
MNTS,Industrials,Aerospace & Defense,1.22,0.33,1.42,0.59,3.81,4.64,307.58,-11.28,-266.89,0.28,,89,4
KVUE,Consumer Defensive,Household & Personal Products,20.54,0.29,0.13,-0.33,6.33,,305.76,0.75,-11.46,7.902,24.83,89,22
LITE,Technology,Communication Equipment,141.91,0.0,0.37,0.37,4.81,1.94,304.13,0.37,27.67,23.841,403.95,89,87
DB,Financial Services,Banks - Regional,35.32,-0.21,0.05,0.05,11.54,0.44,302.29,2.85,-5.04,15.259,12.35,89,44
OP,Industrials,Marine Shipping,1.08,0.0,13.5,-4.04,4.25,,301.27,-71.0,6.02,64.819,,89,72
LAZR,Consumer Cyclical,Auto Parts,1.69,2.1,-0.52,-2.4,5.97,,297.33,-2.38,-0.57,1.832,,89,58
ESHA,Financial Services,Shell Companies,11.18,-3.5,-13.0,-13.0,-4.86,-2.33,295.52,-0.2,-8.97,,,89,31
DAO,Consumer Defensive,Education & Training Services,8.35,-5.33,-0.09,-0.04,4.67,,295.19,0.27,-0.05,47.932,32.3,89,60
OBLG,Technology,Software - Application,2.67,0.55,0.31,13.57,2.63,,295.18,-13.25,-27.25,1.864,,89,10
FIEE,Technology,Communication Equipment,2.8,-0.3,0.55,0.35,0.23,10.8,290.65,-0.27,299953333332870.6,0.011,,89,96
ESPR,Healthcare,Drug Manufacturers - Specialty & Generic,2.53,2.5,-0.91,0.36,4.5,,289.28,-0.54,24.96,1.367,,89,86
EVC,Communication Services,Advertising Agencies,2.51,12.25,0.17,-3.77,7.75,,287.76,-1.3,-7.85,4.382,,89,37
OPRT,Financial Services,Credit Services,6.75,-0.4,0.05,4.75,6.2,,284.88,-0.14,29.1,16.587,,89,87
NERV,Healthcare,Biotechnology,2.34,0.16,-3.47,-1.4,1.53,1.26,276.82,1.48,-8.97,,1.59,89,31
MU,Technology,Semiconductors,124.21,0.19,-0.18,1.1,4.63,,276.28,5.54,12.59,30.394,23.71,89,80
NCPL,Financial Services,Capital Markets,1.9,0.0,0.49,1.18,4.96,7.66,273.95,-20.39,-52.25,0.627,,89,7
GBDC,Financial Services,Asset Management,14.79,0.13,-0.4,0.17,5.8,,272.46,1.42,5210.38,3.303,10.39,89,96
NEPH,Healthcare,Medical Instruments & Supplies,3.995,-1.5,0.67,0.5,2.5,,270.73,0.12,19.38,1.578,31.92,89,84
FGNX,Financial Services,Insurance - Diversified,10.27,3.04,-0.29,-3.42,2.39,,270.67,-13.03,66.44,19.503,,88,91
JACK,Consumer Cyclical,Restaurants,19.42,7.44,-5.22,0.57,6.42,,270.58,-3.43,-12.22,77.957,,88,21
NTNX,Technology,Software - Infrastructure,68.67,0.14,0.91,5.64,5.0,,269.43,0.65,10.75,9.488,107.57,88,78
EVAX,Healthcare,Biotechnology,2.7,-1.0,6.0,-0.75,5.0,,266.13,-6.5,81111111111389.2,1.179,,88,96
FLGC,Healthcare,Drug Manufacturers - Specialty & Generic,21.91,-1.75,3.0,0.75,0.91,8.5,266.12,-34.71,28.35,119.44,,88,87
GDC,Communication Services,Electronic Gaming & Multimedia,3.97,-0.25,1.75,0.64,2.9,6.0,255.35,-0.7,-8.97,,,88,31
PAY,Technology,Software - Infrastructure,37.05,0.09,0.0,-0.09,0.5,,255.23,0.44,30.28,8.368,83.82,88,88
NWBI,Financial Services,Banks - Regional,12.85,-0.31,0.31,0.0,5.5,,254.58,1.12,26.83,4.411,11.35,88,86
GMED,Healthcare,Medical Devices,60.29,1.73,1.89,-1.0,5.52,,251.62,2.58,16.69,19.301,23.49,88,82
GOVX,Healthcare,Biotechnology,0.7385,0.29,0.51,0.34,4.69,4.49,249.0,-0.93,4303388888888961.5,0.568,,88,97
EMX,Basic Materials,Other Industrial Metals & Mining,3.82,0.0,0.0,0.0,5.0,3.0,248.96,0.05,38.05,0.27,81.4,88,89
INTR,Financial Services,Banks - Regional,8.44,0.11,0.07,0.08,0.5,0.51,241.22,0.47,28.95,12.088,18.66,88,87
FLNC,Utilities,Utilities - Renewable,6.75,5.8,0.33,-2.16,4.0,,238.02,-0.18,27.79,18.872,,88,87
OGEN,Healthcare,Biotechnology,1.06,0.16,1.08,0.52,3.93,4.83,236.31,-19.06,-8.97,,,88,31
MBUU,Consumer Cyclical,Recreational Vehicles,33.2,-1.75,4.5,3.08,4.92,,235.11,0.76,5.13,41.067,44.29,88,70
ERII,Industrials,Pollution & Treatment Controls,14.31,5.5,-3.28,1.73,5.0,,233.86,0.42,-2.88,2.537,34.33,88,51
ELAN,Healthcare,Drug Manufacturers - Specialty & Generic,17.47,-6.0,8.0,-38.0,6.0,,232.03,0.88,-6.58,9.057,20.94,88,40
GHM,Industrials,Specialty Industrial Machinery,49.17,0.05,1.67,-1.0,0.56,,226.73,1.26,4.99,19.764,37.91,88,70
INBS,Healthcare,Medical Devices,1.52,0.0,0.14,0.4,1.42,2.25,226.67,-2.0,1396524444444462.2,0.579,,88,97
FWONA,Communication Services,Entertainment,90.03,16.0,-2.17,-0.68,14.3,-2.67,223.6,1.0,23.79,15.652,90.51,88,86
FWONK,Communication Services,Entertainment,99.67,16.0,-2.17,-0.68,14.3,-2.67,223.6,1.01,23.79,15.652,99.75,88,86
HLIT,Technology,Communication Equipment,9.92,-0.67,-5.6,0.74,4.67,,222.83,0.59,-5.75,5.956,17.02,88,42
KRYS,Healthcare,Biotechnology,149.75,0.07,-0.27,0.66,1.46,,221.72,4.91,5.633222222222229e+16,12.472,30.6,87,98
GEVO,Basic Materials,Specialty Chemicals,1.63,10.0,0.0,0.0,10.0,-0.12,221.35,-0.25,639.33,0.352,,87,95
ELBM,Basic Materials,Other Industrial Metals & Mining,0.8678,20.5,-0.62,-1.65,9.25,0.01,216.12,-1.18,-8.97,,,87,31
FHI,Financial Services,Asset Management,53.55,-0.08,0.2,-0.02,4.8,,215.46,4.51,-2.62,21.728,11.71,87,52
KD,Technology,Information Technology Services,31.77,-0.25,-2.1,5.89,3.8,,215.05,1.23,-11.37,65.079,26.63,87,23
MSPR,Healthcare,Health Information Services,2.24,0.16,-0.03,-0.03,0.27,-0.07,214.24,-2471.98,42.12,33.044,,87,90
IKT,Healthcare,Biotechnology,1.71,0.36,1.67,0.62,5.0,3.87,213.56,-0.04,-8.97,,,87,31
GSM,Basic Materials,Other Industrial Metals & Mining,4.18,5.0,-0.44,-3.5,5.0,,212.38,0.71,7.02,7.96,6.03,87,73
GXAI,Communication Services,Electronic Gaming & Multimedia,1.56,0.55,1.29,0.56,5.55,4.35,211.07,-0.59,1140233333333570.0,0.042,,87,96
LCNB,Financial Services,Banks - Regional,16.0,0.24,-0.33,0.42,4.86,,209.15,1.5,4.53,6.188,10.71,87,69
KGS,Energy,Oil & Gas Equipment & Services,36.52,0.29,0.62,4.0,5.29,,205.91,0.91,2.45,14.863,38.81,87,66
NXPL,Technology,Software - Application,0.696,-0.4,1.7,0.63,3.0,0.6,205.66,-0.44,10.73,2.427,,87,78
FLG,Financial Services,Banks - Regional,12.94,0.37,0.58,0.93,5.0,,202.69,-1.46,-19.79,4.226,,87,14
FET,Energy,Oil & Gas Equipment & Services,26.62,5.89,94.22,-5.99,2.15,,200.46,-8.91,-5.74,65.036,,87,42
LGVN,Healthcare,Biotechnology,0.7481,0.03,0.0,0.0,4.55,3.74,200.15,0.25,-23.46,0.142,3.17,87,12
GHG,Consumer Cyclical,Lodging,2.18,0.0,0.07,0.05,4.91,,199.62,0.15,-29.0,13.231,13.4,87,10
NVVE,Consumer Cyclical,Specialty Retail,0.2597,0.83,0.48,-1.33,2.16,,199.09,-10.38,-69.15,2.042,,87,6
DDL,Consumer Defensive,Grocery Stores,2.04,15.0,-12.5,-0.48,0.6,,197.59,0.19,-2.86,110.682,11.42,87,52
PCT,Industrials,Pollution & Treatment Controls,13.16,-17.2,5.9,1.2,-1.79,11.4,196.06,-1.7,1.099999999999999e+16,0.019,,87,98
CTEV,Healthcare,Health Information Services,67.66,0.15,2.27,0.69,8.39,6.63,191.62,-40.93,-8.78,57.533,,87,35
MD,Healthcare,Medical Care Facilities,17.01,0.87,-0.47,0.54,5.07,,190.75,1.3,-13.68,23.071,13.13,87,19
GCI,Communication Services,Publishing,4.11,0.0,-10.0,4.21,-3.0,11.0,190.24,0.72,-16.92,16.627,5.96,87,16
FORA,Healthcare,Health Information Services,2.15,5.0,-0.6,-1.5,9.0,0.0,189.63,-0.03,31.6,0.804,,87,88
DTSS,Technology,Software - Infrastructure,2.07,-0.5,2.06,1.08,5.46,3.5,188.31,-2.66,1517.05,10.321,,86,95
ICU,Healthcare,Biotechnology,0.819,1.44,1.05,0.22,4.72,,187.55,-1.85,2403333333333324.0,0.106,,86,97
OIS,Energy,Oil & Gas Equipment & Services,5.75,0.0,-3.8,2.04,1.5,5.2,186.61,0.11,-15.0,10.964,50.09,86,18
HNRG,Energy,Thermal Coal,16.45,-0.21,0.7,2.37,2.42,5.6,181.67,-4.98,2.1,9.895,,86,65
NGS,Energy,Oil & Gas Equipment & Services,27.1,0.08,0.7,-0.74,0.24,,179.8,1.42,5.97,13.179,18.66,86,72
FBRX,Healthcare,Biotechnology,10.96,0.43,1.16,0.54,6.06,1.94,179.53,-3.68,-8.97,,,86,31
GECC,Financial Services,Asset Management,11.25,24.5,-3.62,-0.78,8.29,2.25,179.03,1.62,4543.98,4.305,6.97,86,96
JOYY,Communication Services,Internet Content & Information,62.04,0.37,136.0,-107.98,0.32,,177.85,-2.2,-27.77,39.018,,86,10
KRG,Real Estate,REIT - Retail,23.03,3.55,0.1,0.25,3.27,,176.4,0.79,4.64,3.901,29.44,86,70
HTZ,Industrials,Rental & Leasing Services,5.43,0.52,0.08,1.78,1.97,,175.89,-8.29,-11.57,28.059,,86,22
GTBP,Healthcare,Biotechnology,0.929,-0.67,1.82,0.65,2.95,3.97,172.75,-3.98,-8.97,,,86,31
LNSR,Healthcare,Medical Devices,12.17,14.47,-0.44,-11.38,4.27,,172.05,-4.21,3.3,4.973,,86,68
GRAB,Technology,Software - Application,5.05,0.0,0.0,0.0,2.0,4.0,168.53,0.02,28.32,0.755,258.0,86,87
HSII,Industrials,Staffing & Employment Services,50.49,0.57,2.12,-2.0,5.08,,168.48,1.6,1.33,56.451,31.48,86,64
DIOD,Technology,Semiconductors,53.455,10.9,-2.8,-0.67,4.82,,167.59,1.37,-3.32,29.934,38.73,86,50
ENR,Industrials,Electrical Equipment & Parts,28.65,4.54,0.26,-1.13,4.54,,167.29,3.45,-7.21,40.704,8.34,86,38
NLY,Real Estate,REIT - Mortgage,21.8,-4.0,-4.2,14.6,4.0,,165.75,1.04,72.18,1.869,21.24,86,92
NYAX,Technology,Software - Infrastructure,49.77,0.62,0.82,4.63,4.81,2.33,165.01,0.57,18.72,9.523,87.6,86,83
LND,Consumer Defensive,Farm Products,3.9508,2.29,-5.97,-1.39,4.22,,163.71,0.25,25.94,10.616,15.96,86,86
GERN,Healthcare,Biotechnology,1.38,0.5,0.33,0.0,4.0,,163.23,-0.13,7988.42,0.247,,86,96
FVRR,Communication Services,Internet Content & Information,23.4,3.5,-17.0,8.0,0.0,,162.6,0.49,4.08,11.631,48.37,86,69
NB,Basic Materials,Other Industrial Metals & Mining,4.55,-10.0,4.0,0.6,0.0,8.0,160.12,-0.19,-8.97,,,86,31
EEX,Communication Services,Advertising Agencies,5.3,-9.0,1.67,2.67,2.0,,159.0,0.04,22.33,2.145,128.75,85,85
EM,Consumer Cyclical,Personal Services,1.38,0.0,-1.0,30.72,1.16,,159.0,-0.01,16.9,7.409,,85,83
ELUT,Healthcare,Medical Devices,2.01,-1.3,1.6,-9.67,3.91,,157.19,-0.43,-19.98,0.64,,85,14
DOCU,Technology,Software - Application,76.24,0.06,0.06,-13.0,1.19,1.54,156.8,1.32,0.21,15.234,60.5,85,60
MMYT,Consumer Cyclical,Travel Services,100.09,-0.13,0.08,0.5,0.21,,156.09,0.86,9.34,8.756,116.8,85,77
NEXA,Basic Materials,Other Industrial Metals & Mining,4.86,0.0,2.6,2.6,7.44,3.0,154.77,-0.68,-11.66,21.036,,85,22
HSAI,Consumer Cyclical,Auto Parts,26.41,3.54,-9.69,3.09,2.7,,154.47,0.11,41.75,19.007,240.82,85,89
DDD,Technology,Computer Hardware,2.05,3.82,-0.12,4.4,4.76,,152.76,-1.24,-25.86,3.122,,85,11
LYRA,Healthcare,Biotechnology,7.04,0.18,0.19,0.16,5.67,1.69,151.62,-28.99,-116.71,0.583,,85,5
LTM,Industrials,Airlines,51.41,-0.46,1.04,-0.73,0.68,,151.04,3.88,10.87,44.0,12.97,85,79
HUT,Financial Services,Capital Markets,25.61,2.02,-2.18,152.02,2.65,,150.67,1.43,634.28,1.41,17.75,85,95
PEGA,Technology,Software - Application,53.81,-1.75,-0.39,9.12,3.5,,149.85,1.22,-0.19,9.775,45.5,85,59
MUX,Basic Materials,Other Precious Metals & Mining,13.37,3.0,-0.5,-1.0,5.33,2.42,149.31,-0.25,-6.54,3.17,,85,40
IDAI,Technology,Software - Application,3.01,0.29,0.09,0.08,3.62,3.46,148.78,-5.84,30.46,1.713,,85,88
KRUS,Consumer Cyclical,Restaurants,83.09,7.2,-2.87,4.75,2.0,,145.99,-0.82,22.22,22.98,,85,85
OKTA,Technology,Software - Infrastructure,89.74,0.06,1.77,0.44,1.11,,145.82,0.84,8.39,15.975,108.9,85,76
CTSO,Healthcare,Medical Devices,0.9755,2.5,6.0,-2.52,3.67,,143.88,-0.18,-4.93,0.621,,85,45
CTRE,Real Estate,REIT - Healthcare Facilities,34.08,0.03,0.21,0.38,4.14,,143.15,1.22,30.04,2.071,27.82,85,88
DASH,Consumer Cyclical,Internet Retail,248.78,0.46,0.35,-0.12,2.76,,140.69,1.83,17.61,28.376,134.89,85,83
FPI,Real Estate,REIT - Specialty,10.75,4.0,0.2,0.25,3.5,2.0,139.66,1.29,-34.36,1.186,8.31,85,9
NPWR,Industrials,Specialty Industrial Machinery,2.23,3.31,-1.01,-78.0,-5.0,-8.69,139.64,-2.36,-1586666666666719.8,0.0,,85,2
MAGN,Basic Materials,Paper & Paper Products,11.94,1.25,0.47,1.54,8.43,,137.85,-20.28,99.5,81.994,,85,93
HIMS,Consumer Defensive,Household & Personal Products,48.11,-0.16,0.83,-1.92,2.17,,137.78,0.79,64.84,9.131,61.28,85,91
DNOW,Industrials,Industrial Distribution,16.01,0.2,-0.1,0.83,0.14,,133.69,0.76,-4.85,22.704,20.99,85,45
KVHI,Communication Services,Telecom Services,5.74,2.8,1.44,-2.67,3.4,,133.59,-0.32,-16.04,5.55,,84,17
GDS,Technology,Information Technology Services,32.76,0.0,-4.73,21.07,4.06,3.04,133.26,0.22,-3.93,58.847,150.77,84,48
GENC,Industrials,Farm & Heavy Construction Machinery,16.16,-0.62,0.62,0.21,0.53,0.0,133.16,1.04,-2.06,8.018,15.52,84,54
GLMD,Healthcare,Biotechnology,1.28,0.0,21.85,0.96,2.48,2.39,131.68,-5.61,-8.97,,,84,31
GEOS,Energy,Oil & Gas Equipment & Services,18.85,13.83,-2.17,2.52,3.67,,130.69,-1.02,-7.01,9.035,,84,39
HRTX,Healthcare,Biotechnology,1.32,-2.0,0.0,2.5,2.0,,130.27,-0.01,-0.54,0.976,,84,58
ELVA,Industrials,Electrical Equipment & Parts,6.39,0.0,3.0,-0.03,3.11,2.0,129.68,0.03,62.26,1.495,205.67,84,91
EFOI,Consumer Cyclical,"Furnishings, Fixtures & Appliances",2.51,0.25,0.2,0.0,2.0,,129.2,-0.2,-42.58,0.798,,84,8
ITRI,Technology,Scientific & Technical Instruments,121.12,0.0,0.12,-0.34,0.29,0.27,128.45,5.85,-6.67,53.958,20.59,84,40
PACB,Healthcare,Medical Devices,1.24,9.29,-145.0,23.0,3.57,,127.77,-2.23,0.69,0.542,,84,62
NRDS,Communication Services,Internet Content & Information,10.29,11000000.0,-52000000.0,401.47,2.09,,126.71,0.6,14.65,10.283,17.8,84,81
CYCN,Healthcare,Biotechnology,2.39,4.09,-0.32,-0.47,3.82,0.11,126.19,-0.69,2512222222222100.5,0.809,,84,97
CRMT,Consumer Cyclical,Auto & Truck Dealerships,36.51,0.0,-0.63,5.13,4.43,4.53,125.06,1.79,-6.08,172.525,20.18,84,41
MTRX,Industrials,Engineering & Construction,14.64,0.67,0.65,-1.06,3.42,,124.94,-0.82,5.66,26.841,,84,71
FUBO,Communication Services,Broadcasting,3.77,-28.5,6.0,0.45,3.0,,124.29,0.19,1.56,4.815,21.11,84,64
LIF,Technology,Software - Application,88.48,0.5,-0.33,-0.25,2.67,3.33,123.58,0.38,32.01,1.889,245.89,84,88
MIRM,Healthcare,Biotechnology,74.18,1.5,0.64,-0.64,3.33,,123.4,-1.21,92.12,8.824,,84,92
IPI,Basic Materials,Agricultural Inputs,29.31,-0.44,45.56,-113.57,5.17,,122.98,-15.62,0.15,17.415,,84,60
KFS,Consumer Cyclical,Auto & Truck Dealerships,14.25,0.0,-0.13,-0.15,-0.62,-0.44,121.48,-0.42,5.98,4.393,,84,72
MEIP,Healthcare,Biotechnology,4.27,0.03,2.0,0.07,2.51,3.15,120.37,-4.75,-1.11,0.0,,84,57
NIU,Consumer Cyclical,Auto Manufacturers,4.3,7.0,0.92,-0.77,5.0,,120.27,-0.26,12.0,47.513,,84,79
OOMA,Technology,Software - Application,13.0,4.0,0.8,-0.12,7.0,1.4,119.96,-0.06,-2.89,9.601,,84,51
GLW,Technology,Electronic Components,69.72,2.06,-1.0,3.57,3.58,,118.62,0.94,2.7,16.635,75.73,83,67
MAMA,Consumer Defensive,Packaged Foods,9.4,-0.33,3.0,-2.0,2.0,,117.85,0.11,20.53,3.432,85.82,83,84
PCSA,Healthcare,Biotechnology,0.1697,0.2,1.22,0.55,3.04,2.7,117.36,-2.31,-8.97,,,83,31
EVOK,Healthcare,Drug Manufacturers - Specialty & Generic,5.29,-0.22,0.42,0.3,0.5,3.1,116.83,-1.25,51.23,4.827,,83,90
HNST,Consumer Defensive,Household & Personal Products,3.97,0.0,4.0,-7.1,2.33,,115.95,0.06,-6.67,3.658,66.83,83,40
EVCM,Technology,Software - Infrastructure,11.32,2.0,0.75,-0.4,3.0,,115.93,-0.08,-0.98,3.874,,83,57
NEUE,Healthcare,Healthcare Plans,6.73,0.11,-0.49,3.39,2.3,,115.66,-17.65,-22.23,104.536,,83,13
PAYS,Technology,Software - Infrastructure,5.24,-0.67,0.67,0.0,2.0,,113.24,0.12,20.97,1.276,43.75,83,85
IREN,Financial Services,Capital Markets,26.13,0.0,0.22,4.0,2.16,0.37,112.2,0.39,182.36,2.335,67.05,83,94
GLBE,Consumer Cyclical,Internet Retail,35.06,2.83,-12.0,14.0,3.17,,111.79,-0.16,24.99,4.997,,83,86
NEUP,Healthcare,Biotechnology,11.92,6.33,-356.66,410.96,3.31,3.32,111.43,18.83,9.999999999999998e+16,0.009,0.63,83,98
DNA,Healthcare,Biotechnology,11.68,0.53,0.19,-0.85,2.85,,111.37,-5.76,-23.23,4.29,,83,12
LEDS,Technology,Semiconductors,1.65,-0.67,2.6,-0.14,3.0,3.2,110.54,-0.06,-42.22,4.166,,83,8
MDIA,Communication Services,Broadcasting,1.3,0.09,-3.54,-1.39,5.82,0.5,109.99,0.88,25.35,1.609,1.53,83,86
LSF,Consumer Defensive,Packaged Foods,5.72,-0.5,0.0,0.0,-0.5,4.5,109.44,-0.1,8.09,4.542,,83,75
PCG,Utilities,Utilities - Regulated Electric,15.23,0.0,0.02,0.02,0.17,-0.21,108.06,1.08,-8.0,11.263,13.97,83,36
EYE,Consumer Cyclical,Specialty Retail,23.11,-0.64,3.0,-2.27,3.75,,107.69,-0.2,-5.61,23.917,,83,43
EXOD,Technology,Software - Infrastructure,24.31,3.84,-1.14,-8.0,4.46,-5.64,107.24,2.88,38.28,4.613,8.34,83,89
IFF,Basic Materials,Specialty Chemicals,65.53,2.67,-21.11,-2.28,2.57,,105.54,-1.54,-12.16,44.066,,83,22
GAUZ,Technology,Electronic Components,5.14,0.02,0.05,-1.1,3.56,,105.5,-0.12,50.15,5.161,,83,90
EDSA,Healthcare,Biotechnology,2.45,0.2,0.6,0.04,1.08,0.93,104.92,-1.24,-8.97,,,83,31
NTRP,Consumer Cyclical,Travel Services,3.96,-0.32,-0.47,2.26,1.28,,104.88,-1.36,-36.91,0.077,,83,8
FLUT,Consumer Cyclical,Gambling,292.38,-1.69,2.53,2.29,-1.49,,104.18,2.04,8.07,83.899,144.75,83,75
MSC,Consumer Cyclical,Resorts & Casinos,4.13,6.2,-0.33,0.59,2.8,,103.84,-0.36,339.43,3.527,,82,94
FMST,Basic Materials,Other Industrial Metals & Mining,3.35,3.37,1.42,0.22,5.0,0.58,103.62,-0.2,-8.97,,,82,31
LINC,Consumer Defensive,Education & Training Services,19.47,-0.2,-2.67,0.69,3.5,,102.43,0.46,3.02,15.192,42.13,82,67
HRMY,Healthcare,Biotechnology,36.3,-0.14,-0.1,0.07,2.45,,99.86,3.1,12.72,13.509,11.61,82,80
GAME,Communication Services,Electronic Gaming & Multimedia,0.7295,0.75,0.14,0.12,3.75,1.14,99.34,-1.36,-2.74,2.678,,82,52
HMN,Financial Services,Insurance - Property & Casualty,46.96,-0.31,0.06,0.06,6.89,0.45,97.78,3.38,-4.27,39.932,13.69,82,47
GRNT,Energy,Oil & Gas E&P,5.42,1.71,2.29,-2.29,3.75,,96.91,0.25,9.3,3.141,21.32,82,77
GRPN,Communication Services,Internet Content & Information,23.3,1.83,-0.47,-0.32,3.04,2.83,96.66,-0.28,-17.53,12.241,,82,15
JOUT,Consumer Cyclical,Leisure,40.78,2.41,7.73,1.25,3.76,,94.06,-3.87,-8.59,54.855,,82,35
DPRO,Industrials,Aerospace & Defense,4.51,0.03,-0.83,-4.75,4.85,0.35,92.68,-2.26,4.84,1.37,,82,70
IRS,Real Estate,Real Estate Services,14.07,0.02,2.39,1.87,7.47,0.48,90.83,1.63,54.27,4480.54,8.79,82,91
CYRX,Industrials,Integrated Freight & Logistics,8.85,8.32,0.5,-20.0,2.27,,90.45,-1.0,0.98,4.776,,82,63
HYPR,Healthcare,Medical Devices,1.12,0.0,0.17,0.0,0.17,,89.83,-0.52,16.16,0.144,,82,82
GSAT,Communication Services,Telecom Services,30.69,2.23,1.62,-8.3,2.3,,87.85,-0.4,7.62,2.063,,82,74
GHC,Consumer Defensive,Education & Training Services,1128.22,0.53,-22.02,6.66,2.76,,86.45,154.1,-2.34,1117.192,7.34,82,53
KSCP,Industrials,Security & Protection Services,5.51,0.42,0.9,0.47,1.98,2.12,85.75,-6.59,-0.63,2.234,,82,58
CTRI,Utilities,Utilities - Regulated Gas,21.41,3.22,-2.67,4.0,-0.56,,85.23,-0.02,-1.26,30.64,,82,56
INAB,Healthcare,Biotechnology,2.18,0.69,0.57,0.36,3.44,1.86,83.37,-9.16,-8.97,,,82,31
MCY,Financial Services,Insurance - Property & Casualty,78.88,2.54,-2.07,-1.28,1.66,,83.33,7.04,3.84,104.155,11.0,82,69
LDWY,Communication Services,Advertising Agencies,5.72,0.0,2.28,2.28,2.68,3.92,83.22,-1.47,2.0300000000000016e+16,40.251,,82,98
NOTE,Technology,Information Technology Services,4.0,-1.67,2.33,0.1,0.12,,81.71,-3.84,-23.22,8.85,,82,12
OLO,Technology,Software - Application,10.26,0.0,1000000.0,2000000.0,-3.0,,81.5,-0.01,13.43,1.902,,82,80
LXFR,Industrials,Specialty Industrial Machinery,13.5,-1.1,-0.62,-0.38,6.0,1.1,81.44,0.98,-5.5,15.088,13.98,82,43
FRO,Energy,Oil & Gas Midstream,21.77,0.0,-1.0,0.11,-2.6,-4.4,80.57,1.08,-5.0,8.193,20.51,81,44
CWK,Real Estate,Real Estate Services,15.86,24.0,-48.0,2.27,3.17,,80.49,0.88,-3.18,42.339,18.85,81,50
GWH,Industrials,Electrical Equipment & Parts,1.28,0.67,0.31,-0.04,1.08,,79.48,-6.26,993333333333789.6,0.513,,81,96
KIM,Real Estate,REIT - Retail,22.54,0.0,-0.28,0.21,0.06,7.0,78.23,0.82,-0.75,3.107,27.76,81,58
PAYO,Technology,Software - Infrastructure,6.7,-0.2,-0.5,-0.33,-0.8,-0.33,77.56,0.25,7.32,2.798,26.6,81,74
HOOD,Financial Services,Capital Markets,102.91,0.19,-1.81,5.12,1.1,,76.89,1.97,29.23,4.036,51.4,81,87
LC,Financial Services,Banks - Regional,16.69,2.3,0.11,-0.44,1.54,,76.38,0.64,12.58,11.026,25.94,81,80
GT,Consumer Cyclical,Auto Parts,8.42,1.2,0.48,3.25,2.14,,75.84,1.47,-9.56,64.31,5.78,81,26
OPEN,Real Estate,Real Estate Services,5.96,2.0,0.33,-0.45,2.25,,75.41,-0.43,-13.7,7.208,,81,19
FLXS,Consumer Cyclical,"Furnishings, Fixtures & Appliances",46.79,3.86,-3.44,1.16,1.14,,72.01,3.55,-9.64,84.03,13.65,81,26
MDGL,Healthcare,Biotechnology,431.21,0.75,-0.23,0.82,2.74,,71.04,-12.64,2.001477777777787e+17,23.437,,81,99
KTTA,Healthcare,Biotechnology,0.796,1.44,0.39,0.28,4.62,1.3,70.93,-7.13,-16735555555564.52,,,81,3
LNTH,Healthcare,Drug Manufacturers - Specialty & Generic,53.82,0.08,7.24,-12.12,0.29,,70.75,3.76,7.86,22.049,14.56,81,75
KNSA,Healthcare,Drug Manufacturers - Specialty & Generic,35.51,1.0,2.0,0.5,5.0,,70.6,0.05,81.77,7.298,714.2,81,92
GOOD,Real Estate,REIT - Diversified,13.25,-0.33,-2.0,-0.67,2.33,3.0,70.3,0.37,-3.57,3.461,35.73,81,49
NNI,Financial Services,Credit Services,128.5,1.2,0.31,23.71,3.04,,69.9,9.04,36.88,42.765,14.25,81,89
FIGS,Consumer Cyclical,Apparel Manufacturing,6.83,4000000.0,-1000000.0,2.0,3.0,,67.48,0.05,-1.72,3.443,137.8,81,55
IOT,Technology,Software - Infrastructure,35.84,0.37,0.27,0.29,1.5,2.82,64.79,-0.16,25.58,2.523,,81,86
NITO,Basic Materials,Agricultural Inputs,0.2136,-1.57,2.29,0.7,0.28,2.71,64.56,-0.72,-113333333333351.88,0.015,,81,3
MOS,Basic Materials,Agricultural Inputs,32.62,0.72,0.42,0.39,3.55,,64.17,2.95,-5.38,35.444,11.0,81,43
MYRG,Industrials,Engineering & Construction,184.49,0.16,0.47,0.52,2.87,,63.7,4.77,0.46,216.013,37.71,81,61
NGL,Energy,Oil & Gas Midstream,5.8,2.0,2.0,0.75,4.5,-0.33,62.4,-0.6,-34.37,25.241,,81,9
ONC,Healthcare,Biotechnology,318.73,91000000.0,143000000.0,-0.22,2.29,,61.36,-1.67,38.38,42.692,,81,89
NGNE,Healthcare,Biotechnology,19.61,0.03,0.05,0.05,0.04,-0.08,60.95,-4.31,-5138888888888897.0,0.0,,80,2
NRXP,Healthcare,Biotechnology,2.63,-1.88,-0.39,-0.63,-0.31,1.18,60.35,-2.21,-8.97,,,80,31
LFMD,Healthcare,Health Information Services,6.28,-7.0,3.0,6.0,2.17,,60.32,-0.2,16.86,5.718,,80,83
PDLB,Financial Services,Banks - Regional,15.0,0.04,1.08,0.2,0.86,,58.49,0.71,15.77,4.007,21.0,80,82
HASI,Financial Services,Asset Management,28.03,0.7,-0.26,4.47,2.48,,57.85,1.58,109.64,0.776,17.84,80,93
CRMD,Healthcare,Biotechnology,12.8,-0.1,0.45,5.4,2.16,,57.59,0.78,4.822973555555875e+16,1.917,15.9,80,98
FE,Utilities,Utilities - Regulated Electric,43.47,-0.35,-0.09,-0.08,4.75,0.41,57.2,2.27,-5.18,24.069,19.15,80,44
MRP,Real Estate,REIT - Residential,34.23,0.0,1.09,12.64,2.78,2.08,57.07,0.29,9.933466666666665e+17,1.396,117.97,80,99
IZEA,Communication Services,Internet Content & Information,3.62,8.0,26.0,0.93,2.86,,56.64,-0.71,-6.18,2.132,,80,41
PD,Technology,Software - Application,16.57,2.57,0.71,-0.71,2.27,,55.98,-0.16,1.61,5.288,,80,64
LASR,Technology,Semiconductors,29.53,1.29,2.19,-1.43,2.57,,55.92,-0.97,2.22,4.441,,80,66
CRM,Technology,Software - Application,244.01,0.22,0.0,0.0,0.33,0.02,55.77,6.87,1.8,41.255,36.5,80,65
OR,Basic Materials,Gold,33.52,0.21,0.31,0.45,3.12,1.33,55.68,0.42,10.24,1.145,81.95,80,78
IAC,Communication Services,Internet Content & Information,36.79,2.0,-0.1,0.23,2.54,,55.16,-5.58,-13.59,45.023,,80,20
HBI,Consumer Cyclical,Apparel Manufacturing,6.36,8.67,0.33,-3.25,4.7,,54.93,0.48,-17.33,10.025,13.35,80,16
MKSI,Technology,Scientific & Technical Instruments,101.72,0.19,-0.74,0.46,1.71,,51.96,3.95,-0.13,55.546,26.45,80,59
NCSM,Energy,Oil & Gas Equipment & Services,42.4,0.0,0.16,-0.2,2.31,0.9,51.77,4.8,10.24,68.395,9.07,80,78
GVA,Industrials,Engineering & Construction,108.32,3.13,-2.23,-0.91,0.95,,51.56,3.33,-4.69,93.461,32.46,80,46
OTF,Financial Services,Asset Management,14.63,0.3,-0.36,-0.27,9.75,-0.33,50.92,1.85,797.15,2.99,7.95,80,95
MLCO,Consumer Cyclical,Resorts & Casinos,10.09,0.0,2.62,-2.31,0.62,1.17,50.91,0.14,17.77,11.856,69.57,80,83
IMAX,Communication Services,Entertainment,29.21,4.25,-1.5,-1.6,2.0,,50.79,0.6,-2.9,6.828,49.63,80,51
INM,Healthcare,Drug Manufacturers - Specialty & Generic,2.09,0.88,-0.34,0.16,0.85,0.02,50.76,-11.65,1210483333333361.5,6.807,,80,97
DUOL,Technology,Software - Application,272.7,0.26,1.52,-0.71,0.75,,50.38,2.44,36.6,19.809,111.14,79,89
HROW,Healthcare,Drug Manufacturers - Specialty & Generic,36.2,4.57,-3.63,2.58,2.29,,50.37,-0.28,24.82,6.318,,79,86
DGICA,Financial Services,Insurance - Property & Casualty,19.47,-0.53,0.01,0.39,2.62,,50.3,2.39,-6.65,28.375,7.89,79,40
DGICB,Financial Services,Insurance - Property & Casualty,14.88,-0.53,0.01,0.39,2.62,,50.3,2.39,-6.65,28.375,6.23,79,40
GROV,Consumer Defensive,Household & Personal Products,1.54,0.0,2.4,-7.5,1.8,,50.19,-0.59,-29.06,4.873,,79,10
IVVD,Healthcare,Biotechnology,0.9975,0.17,1.32,0.57,2.33,1.71,49.25,-0.92,2.820444444444472e+16,0.386,,79,98
PAHC,Healthcare,Drug Manufacturers - Specialty & Generic,39.07,-0.24,5.5,-1.12,1.21,1.48,47.84,1.19,20.7,31.993,33.15,79,84
MBRX,Healthcare,Biotechnology,0.379,0.41,1.57,0.61,2.47,1.93,47.5,-3.74,-8.97,,,79,31
IVR,Real Estate,REIT - Mortgage,7.98,-2.54,3.89,-8.0,-0.05,,46.88,0.39,1065.37,0.97,20.46,79,95
GREE,Financial Services,Capital Markets,1.13,0.48,0.25,0.2,1.07,0.05,46.75,-1.56,-16.01,4.58,,79,17
PDEX,Healthcare,Medical Instruments & Supplies,45.74,-1.65,0.56,-0.21,-0.28,4.16,45.84,2.67,2.88,20.254,14.3,79,67
LLYVK,Communication Services,Entertainment,96.95,-9.47,-16.15,-16.15,-2.33,3.3,45.45,-3.12,-8.97,,,79,31
LLYVA,Communication Services,Entertainment,94.14,-9.47,-16.15,-16.15,-2.33,3.3,45.45,-3.13,-8.97,,,79,31
LPL,Technology,Consumer Electronics,4.48,4.3,0.18,0.15,2.71,2.88,45.13,-0.47,-23.91,26298.12,,79,12
FBIO,Healthcare,Biotechnology,2.84,2.04,0.29,0.23,2.46,1.17,44.14,-0.91,-10.78,2.348,,79,24
ENPH,Technology,Solar,36.52,0.22,-1.0,0.35,2.5,,44.02,1.29,3.56,11.149,30.74,79,68
PBFS,Financial Services,Banks - Regional,13.2,0.13,-0.09,0.14,0.37,0.77,41.83,0.72,3.79,3.688,18.37,79,68
ISRL,Financial Services,Shell Companies,12.5576,-5.22,-3.06,-0.75,-2.54,-3.82,41.22,0.09,-8.97,,138.89,79,31
IAS,Communication Services,Advertising Agencies,8.74,1.0,-0.8,-0.11,1.0,,41.18,0.34,7.49,3.491,25.65,79,74
FBYD,Industrials,Conglomerates,7.05,4.0,0.5,-4.22,2.0,,40.75,0.36,-1.7456666666666632e+16,0.301,17.75,79,2
ONMD,Healthcare,Health Information Services,0.86,2.17,0.08,0.08,3.0,0.33,39.91,-0.1,-47.28,0.014,,79,7
HOVR,Industrials,Aerospace & Defense,1.61,0.0,-5.88,6.53,0.76,1.65,39.26,0.12,-8.97,,13.33,79,31
LIVN,Healthcare,Medical Devices,58.15,13.02,-6.83,0.69,0.67,,38.83,-3.88,0.39,24.073,,79,61
LEVI,Consumer Cyclical,Apparel Manufacturing,22.55,-1.0,-0.35,8.2,2.4,,37.6,1.05,-3.57,16.344,21.16,78,49
MEG,Industrials,Waste Management,29.32,2.33,0.41,-1.31,2.23,,37.45,-1.46,17.45,22.571,,78,83
FL,Consumer Cyclical,Apparel Retail,24.1,8.6,-8.4,2.52,-2.06,,35.88,-3.97,-11.91,82.476,,78,22
GLUE,Healthcare,Biotechnology,4.91,-4.8,1.61,2.33,1.87,,33.05,0.39,8.40244444444447e+16,2.167,12.67,78,98
GAIN,Financial Services,Asset Management,14.14,-2.0,-0.67,1.5,2.17,2.32,32.18,2.17,115.55,2.583,6.55,78,93
LOAR,Industrials,Aerospace & Defense,73.73,0.12,3.0,-1.5,1.0,,31.77,0.46,18.89,4.89,166.26,78,83
EXEL,Healthcare,Biotechnology,37.38,0.19,0.16,0.2,-0.15,3.75,31.57,2.08,-4.27,7.953,18.21,78,47
LNKB,Financial Services,Banks - Regional,7.24,-1.05,1.05,0.05,0.25,,31.25,1.01,26.15,3.291,7.14,78,86
KORE,Communication Services,Telecom Services,2.3,-0.12,0.15,0.13,4.08,0.21,31.15,-3.91,-4.03,14.674,,78,48
MBI,Financial Services,Insurance - Specialty,7.93,0.14,-0.04,-0.04,3.77,0.44,31.09,-4.51,-13.19,2.235,,78,20
HRTG,Financial Services,Insurance - Property & Casualty,24.47,0.57,0.5,1.44,1.5,,30.85,3.47,-4.5,27.359,6.94,78,46
LNG,Energy,Oil & Gas Midstream,236.97,3.66,-1.77,0.1,0.9,,30.72,17.09,24.29,81.37,13.8,78,86
CRIS,Healthcare,Biotechnology,1.7,0.84,0.0,0.36,1.99,,30.69,-4.62,-3.47,1.312,,78,50
FNV,Basic Materials,Gold,190.03,0.17,0.2,0.15,2.12,,30.65,4.07,17.19,6.859,47.61,78,83
DOYU,Communication Services,Internet Content & Information,7.71,3.11,1.06,-50.36,2.26,,30.27,-0.98,-17.22,139.131,,78,16
EGO,Basic Materials,Gold,25.19,0.91,-0.16,-0.14,1.48,1.06,29.53,2.03,30.01,7.691,12.87,78,88
NMG,Basic Materials,Other Industrial Metals & Mining,1.92,-0.75,-0.07,-0.07,-0.4,4.37,29.34,-0.33,-8.97,,,78,31
NOK,Technology,Communication Equipment,4.6,3.0,-16.0,3.68,2.5,,29.0,0.19,-9.48,3.56,23.95,78,26
DERM,Healthcare,Drug Manufacturers - Specialty & Generic,7.06,0.12,-0.2,-0.25,0.06,1.94,28.91,-0.37,-9.91,2.567,,78,25
OPRA,Communication Services,Internet Content & Information,17.8,-0.11,-0.6,0.6,-0.22,,28.4,0.9,19.32,6.234,19.8,78,84
EBC,Financial Services,Banks - Regional,17.35,3.18,-4.63,11.0,2.12,,27.95,-0.33,35.91,2.758,,78,89
NWSA,Communication Services,Entertainment,29.3,0.0,-1.11,0.81,1.0,2.6,26.25,0.84,-27.36,14.888,35.05,78,10
NWS,Communication Services,Entertainment,33.17,0.0,-1.11,0.81,1.0,2.6,26.25,0.84,-27.36,14.888,39.76,78,10
GPMT,Real Estate,REIT - Mortgage,2.97,-0.59,2.91,-0.25,2.74,,25.58,-2.12,8.07,-0.987,,77,75
LIND,Consumer Cyclical,Travel Services,14.48,-18000000.0,48000000.0,-2.23,1.67,,25.14,-0.27,32.49,12.92,,77,88
ESP,Industrials,Electrical Equipment & Parts,49.22,-0.12,0.17,0.21,0.61,0.01,24.68,2.68,11.51,17.982,18.7,77,79
ICUI,Healthcare,Medical Instruments & Supplies,125.63,3.27,0.54,0.39,2.62,,24.39,-1.52,-6.11,96.691,,77,41
NXDR,Communication Services,Internet Content & Information,2.05,0.5,-1.0,0.33,1.75,,24.32,-0.17,-4.12,0.655,,77,48
ISOU,Energy,Uranium,8.125,0.0,0.16,0.19,2.09,2.0,24.21,-0.46,-8.97,,,77,31
GDRX,Healthcare,Health Information Services,4.28,0.33,0.5,1.0,1.0,,23.03,0.09,-7.16,2.124,44.44,77,39
LUCD,Healthcare,Medical Devices,1.38,5.5,-1.6,0.25,1.87,,22.89,-0.95,69.41,0.063,,77,92
MPAA,Consumer Cyclical,Auto Parts,14.87,0.14,0.17,2.25,6.75,1.0,22.83,0.08,0.02,39.565,181.62,77,60
KGC,Basic Materials,Gold,21.49,0.43,0.02,0.02,1.53,2.33,22.56,1.24,27.42,4.944,17.83,77,87
KAVL,Consumer Defensive,Tobacco,0.88,1.53,-0.05,-0.05,2.29,0.77,22.51,-0.88,-3171.61,0.209,,77,4
IMNN,Healthcare,Biotechnology,5.65,0.95,0.11,0.1,2.55,0.86,22.08,-12.93,-555555555555564.56,,,77,3
FGEN,Healthcare,Biotechnology,11.43,-2.5,-2.6,2.06,1.07,,22.0,-21.61,-21.8,1.821,,77,13
HNVR,Financial Services,Banks - Regional,22.59,0.65,-1.65,0.1,2.0,,21.91,1.53,2.79,9.451,14.97,77,67
FLX,Industrials,Integrated Freight & Logistics,3.04,6.2,28.8,-22.65,1.48,,21.31,-1.06,-14.04,72.748,,77,19
GKOS,Healthcare,Medical Devices,90.14,-0.06,0.87,-0.54,2.12,,20.36,-1.61,14.08,7.713,,77,81
MLNK,Technology,Software - Application,19.96,0.5,0.67,-0.11,2.25,,19.61,-0.3,-2.08,4.285,,77,54
MARA,Financial Services,Capital Markets,15.11,2.48,-2.14,4.24,4.18,,19.51,1.86,63.17,2.421,8.17,77,91
NFG,Energy,Oil & Gas Integrated,86.82,0.0,3.78,4.68,5.05,0.32,18.78,2.7,10.76,24.065,32.06,77,78
MAPS,Technology,Software - Application,1.12,-1.0,0.0,-0.5,0.0,,18.69,0.09,-11.09,1.815,13.0,77,23
GEO,Industrials,Security & Protection Services,21.14,0.5,0.27,-0.73,2.19,,18.28,0.65,-4.97,17.845,31.74,77,45
KBR,Industrials,Engineering & Construction,48.94,0.0,0.57,-0.32,0.12,0.29,16.6,3.18,-4.87,60.962,15.62,77,45
FTI,Energy,Oil & Gas Equipment & Services,39.65,0.91,-0.56,-0.21,0.51,,15.54,2.1,0.93,22.506,18.52,77,62
IMNM,Healthcare,Biotechnology,9.8,0.04,0.25,0.2,0.2,3.83,15.31,-3.05,1.557555555555559e+16,0.174,,76,98
LDI,Financial Services,Mortgage Finance,2.28,0.83,0.55,-18.0,2.0,,15.12,-0.33,-22.05,5.709,,76,13
CURB,Real Estate,REIT - Retail,22.81,0.0,-0.1,2.34,3.82,0.31,14.53,0.16,33.13,1.38,143.44,76,88
MTSI,Technology,Semiconductors,131.89,0.14,6.35,-6.61,0.75,,14.13,-0.96,14.77,12.351,,76,81
DOCN,Technology,Software - Infrastructure,32.12,-0.02,1.1,-0.8,0.95,,13.89,1.31,7.6,9.064,25.01,76,74
OGI,Healthcare,Drug Manufacturers - Specialty & Generic,1.61,-8.0,2.63,-1.31,-2.74,2.11,13.11,0.01,57.93,2.004,165.0,76,91
LIDR,Technology,Software - Infrastructure,2.8,-0.04,1.02,0.09,1.42,,13.08,-3.04,-122.89,0.018,,76,5
IBEX,Technology,Information Technology Services,29.41,0.3,0.36,-0.16,0.34,0.79,12.82,2.25,-0.03,34.281,13.05,76,60
PDS,Energy,Oil & Gas Drilling,58.28,-1.08,1.38,-1.61,-0.19,,12.78,5.16,-3.58,133.928,11.0,76,49
IRON,Healthcare,Biotechnology,60.19,-0.55,-0.07,-0.07,-0.53,0.07,11.35,-4.46,-8.97,,,76,31
PDYN,Technology,Software - Infrastructure,7.0,-4.2,2.46,2.46,0.0,3.29,9.61,-1.84,-111.97,0.136,,76,5
DKNG,Consumer Cyclical,Gambling,47.4,5.57,3.0,1.14,1.46,,9.4,-0.65,34.0,11.017,,76,88
ENVX,Industrials,Electrical Equipment & Parts,9.02,-0.83,0.67,-0.54,1.86,,9.19,-0.7,6891111111111194.0,0.143,,76,97
INVA,Healthcare,Biotechnology,20.92,2.36,-3.31,15.0,2.84,,9.11,0.57,-9.76,5.906,35.93,76,25
LWAY,Consumer Defensive,Packaged Foods,30.9,0.22,0.07,0.07,0.08,0.35,8.52,0.7,2.88,12.868,44.46,76,67
KINS,Financial Services,Insurance - Property & Casualty,14.44,1.79,-0.52,-0.39,0.98,,8.42,2.05,19.27,14.325,6.69,76,83
CRK,Energy,Oil & Gas E&P,15.99,2.12,-1.11,-1.11,2.05,,7.51,-0.24,44.64,5.7,,76,90
IEP,Energy,Oil & Gas Refining & Marketing,8.44,1.63,-3.16,-4.8,1.4,,7.42,-1.2,-17.33,18.583,,76,16
GCMG,Financial Services,Asset Management,12.72,29.0,-16.0,0.89,1.73,,6.49,0.18,-6.43,11.397,70.94,76,40
LMNR,Consumer Defensive,Farm Products,15.96,-0.11,-3.0,-3.0,-2.8,0.17,5.62,-0.13,-26.52,9.932,,76,11
ERAS,Healthcare,Biotechnology,1.48,-0.09,0.0,0.0,1.42,,4.79,-0.39,-8.97,,,76,31
GSHD,Financial Services,Insurance Brokers,84.19,1.22,-5.67,0.94,-0.25,,3.6,1.14,13.92,13.788,72.97,76,81
IMMX,Healthcare,Biotechnology,2.19,-0.47,0.3,0.23,-0.47,0.47,3.59,-0.77,-8.97,,,75,31
CWEN,Utilities,Utilities - Renewable,28.69,8.33,-4.67,-0.82,-0.54,2.5,3.46,0.65,-1.41,12.084,44.12,75,56
DHT,Energy,Oil & Gas Midstream,12.27,0.3,-0.26,0.55,0.3,,3.07,1.17,-11.84,3.464,10.65,75,22
EMBC,Healthcare,Medical Instruments & Supplies,14.49,0.95,40000000.0,-25000000.0,2.12,,2.09,1.42,-3.76,18.966,10.54,75,49
MSGM,Communication Services,Electronic Gaming & Multimedia,2.94,1.48,3.7,-274.93,0.06,,2.02,0.16,8.45,0.004,18.56,75,76
OLB,Technology,Software - Infrastructure,1.065,-0.4,0.48,0.32,1.26,1.98,1.56,-6.9,-51.52,6.851,,75,7
MC,Financial Services,Capital Markets,71.73,-0.24,-0.81,4.35,2.06,,1.11,2.56,12.89,18.663,27.61,75,80
IDR,Basic Materials,Gold,28.21,0.67,-0.12,-0.11,0.18,-0.42,1.05,0.64,44.93,2.241,43.5,75,90
GFL,Industrials,Waste Management,48.24,-11.04,17.67,-3.17,2.82,,1.05,0.03,0.24,21.123,1596.67,75,60
OPTT,Industrials,Specialty Industrial Machinery,0.5134,0.0,0.0,0.25,1.0,1.75,0.87,-0.17,-3.75,0.046,,75,49
IAG,Basic Materials,Gold,9.46,1.0,-6.93,-0.87,-0.14,-0.57,0.7,1.43,33.53,3.435,6.93,75,88
IPSC,Healthcare,Biotechnology,0.4788,-3.34,2.42,2.42,0.0,2.98,0.65,-0.28,636666666666665.0,1.333,,75,96
INO,Healthcare,Biotechnology,2.75,-0.2,0.37,0.27,0.95,1.57,0.61,-2.59,-671746666666779.8,0.005,,75,3
NVDA,Technology,Semiconductors,171.66,0.4,-0.17,0.14,0.59,,0.48,3.51,54.8,6.755,47.58,75,91
MTNB,Healthcare,Biotechnology,1.69,-2.12,0.79,0.44,0.12,3.06,0.46,-3.87,-1217777777776745.8,,,75,2
NMTC,Healthcare,Medical Devices,0.7309,1.33,-2.17,4.0,2.33,0.57,-0.25,-0.16,185.01,0.189,,75,94
LE,Consumer Cyclical,Apparel Retail,14.49,-0.86,-6.25,7.5,-0.35,0.86,-0.32,0.13,-17.26,43.086,110.77,75,16
CWBC,Financial Services,Banks - Regional,21.17,-0.07,0.19,1.06,2.24,,-0.33,1.47,7.0,7.022,14.44,75,73
GFR,Energy,Oil & Gas E&P,5.25,2.0,-1.35,-0.57,0.53,3.96,-0.33,2.07,-16.51,10.062,2.46,75,17
OII,Energy,Oil & Gas Equipment & Services,24.68,0.08,-0.11,0.37,0.57,,-0.43,1.98,-1.86,27.416,12.15,75,55
DAL,Industrials,Airlines,60.55,7.86,-2.54,-0.51,0.61,,-1.08,6.88,2.3,96.082,8.89,75,66
IRIX,Healthcare,Medical Devices,1.32,0.67,-1.0,1.4,1.67,,-1.54,-0.32,-5.71,2.982,,75,42
MRVL,Technology,Semiconductors,64.1,0.1,-0.1,4.39,2.05,,-1.74,-0.12,32.76,8.367,,75,88
EAT,Consumer Cyclical,Restaurants,159.88,0.0,0.0,2.1,1.09,1.44,-1.84,8.32,9.19,120.722,19.02,74,76
NTR,Basic Materials,Agricultural Inputs,56.98,124.5,-10.5,4.75,2.22,,-2.17,2.78,-7.73,50.95,20.3,74,37
MAIA,Healthcare,Biotechnology,1.49,-0.12,-0.19,-0.23,1.22,1.87,-2.19,-0.54,-8.97,,,74,31
FLYW,Technology,Software - Infrastructure,13.05,-2.33,3.33,-3.38,0.1,,-2.67,0.05,20.87,4.366,259.8,74,85
KEQU,Consumer Cyclical,"Furnishings, Fixtures & Appliances",54.11,0.0,-1.23,0.36,-7.21,-0.85,-3.17,3.83,19.55,84.022,14.03,74,84
IGC,Healthcare,Biotechnology,0.438,0.0,0.0,0.0,0.5,2.0,-3.18,-0.08,23.28,0.017,,74,86
OKLO,Utilities,Utilities - Regulated Electric,69.61,-1.57,0.07,0.07,0.5,3.86,-3.26,-0.38,-8.97,,,74,31
NN,Technology,Software - Infrastructure,15.869,-0.07,-0.61,-1.55,-1.29,-0.61,-4.11,-1.3,49.74,0.049,,74,90
FWRG,Consumer Cyclical,Restaurants,18.66,4.0,-2.0,-2.0,0.5,,-4.42,0.18,-63.69,18.202,103.28,74,6
KALA,Healthcare,Biotechnology,14.53,-0.21,0.23,0.11,0.85,,-4.7,-5.96,-4324444444444473.5,,,74,2
MGNX,Healthcare,Biotechnology,1.94,0.14,-6.2,-6.2,0.56,0.29,-4.86,-0.57,72.29,2.631,,74,92
CVM,Healthcare,Biotechnology,11.24,0.76,0.37,0.13,2.07,0.75,-5.17,-9.13,-8.97,,,74,31
MKL,Financial Services,Insurance - Property & Casualty,1958.18,3.11,-2.21,-0.71,1.67,,-5.35,166.74,6.98,1281.026,11.47,74,73
NUS,Consumer Defensive,Household & Personal Products,12.3,-4.02,3.96,-5.29,6.53,,-5.4,2.03,-23.42,32.752,5.66,74,12
LCID,Consumer Cyclical,Auto Manufacturers,16.16,0.0,-0.09,0.86,0.42,,-5.91,-11.3,252.46,3.3,,74,94
CXW,Industrials,Security & Protection Services,19.87,0.52,0.35,-0.12,1.06,,-6.01,0.94,-1.84,18.218,20.93,74,55
FKWL,Technology,Communication Equipment,4.12,-3.5,-1.0,2.33,1.0,4.0,-6.14,-0.14,-58.62,3.842,,74,7
CVE,Energy,Oil & Gas Integrated,16.48,0.0,4.87,-4.5,-0.13,-0.32,-6.21,1.04,-25.09,28.608,15.34,74,12
GLTO,Healthcare,Biotechnology,3.0,-0.35,0.38,0.28,0.89,1.63,-6.45,-13.07,-8.97,,,74,31
NAMS,Healthcare,Biotechnology,25.66,1.2,-0.31,-0.44,1.66,2.12,-6.57,-1.59,1.141044444444449e+17,0.597,,74,99
ESS,Real Estate,REIT - Residential,264.5,0.09,-0.27,1.18,1.37,,-8.02,12.44,-2.41,29.362,21.55,74,53
EVER,Communication Services,Internet Content & Information,23.79,0.82,-0.59,0.06,1.22,,-8.18,1.25,19.48,17.217,18.83,74,84
FBRT,Real Estate,REIT - Mortgage,11.66,-0.05,-0.25,-0.2,2.73,-0.75,-8.53,0.98,-6.07,2.535,11.91,74,41
ENIC,Utilities,Utilities - Regulated Electric,3.61,-12500000.0,2.58,-2.47,0.0,,-9.48,0.09,-14.98,2.9,41.11,73,18
LIEN,Financial Services,Asset Management,10.865,0.15,-0.06,12.67,0.81,,-9.71,1.35,16812.08,2.19,7.98,73,96
ESTC,Technology,Software - Application,84.71,-0.44,0.0,0.56,1.09,,-9.87,-0.79,10.67,14.832,,73,78
MPW,Real Estate,REIT - Healthcare Facilities,4.45,0.25,2.45,0.94,2.37,,-10.31,-2.39,-23.22,1.64,,73,12
LODE,Basic Materials,Other Precious Metals & Mining,2.52,0.37,0.58,0.37,1.22,0.59,-10.8,-2.65,13.23,0.14,,73,80
KMDA,Healthcare,Drug Manufacturers - Specialty & Generic,7.06,0.86,0.0,0.0,0.62,,-10.81,0.32,-0.06,2.946,22.31,73,60
HQY,Healthcare,Health Information Services,97.7,0.11,1.07,3.29,0.68,,-10.91,1.65,2.34,14.624,55.44,73,66
JFIN,Communication Services,Internet Content & Information,12.23,-0.03,0.95,0.02,1.2,,-11.28,4.23,29.09,122.629,2.74,73,87
MSAI,Technology,Software - Infrastructure,0.6499,0.4,0.71,0.42,3.7,1.36,-11.6,-0.5,-74.76,0.185,,73,6
INVZ,Consumer Cyclical,Auto Parts,1.57,0.0,0.57,0.36,0.86,1.57,-11.97,-0.42,52.2,0.209,,73,90
IDT,Communication Services,Telecom Services,65.0,0.06,0.19,0.51,2.91,0.42,-12.06,3.79,-10.55,48.563,17.12,73,24
DJCO,Technology,Software - Application,490.03,-2.1,3.1,-0.57,-0.62,1.9,-12.13,70.21,14.5,57.476,6.99,73,81
NESR,Energy,Oil & Gas Equipment & Services,9.71,0.45,-1.55,0.27,-0.25,,-12.44,0.76,-3.66,13.651,12.54,73,49
GTM,Technology,Software - Application,10.12,-0.14,1.0,-0.75,2.0,,-12.85,0.25,0.76,3.589,40.92,73,62
MTX,Basic Materials,Specialty Chemicals,63.27,4.13,-3.67,0.17,1.36,,-13.0,0.01,-8.96,64.89,6411.0,73,35
MATW,Industrials,Conglomerates,24.89,2.72,-1.64,19.25,7.33,,-13.08,-2.11,-23.11,52.361,,73,12
MSA,Industrials,Security & Protection Services,172.31,0.06,-0.48,0.32,-0.14,,-13.22,7.01,-4.26,46.472,24.32,73,47
HOTH,Healthcare,Biotechnology,1.34,0.59,0.07,0.07,0.47,0.81,-13.34,-1.04,-8.97,,,73,31
OSW,Consumer Cyclical,Leisure,22.13,0.27,0.07,-0.5,0.27,,-14.75,0.68,33.21,8.811,32.29,73,88
INTG,Consumer Cyclical,Lodging,18.0,3.67,-5.88,3.43,4.33,-0.83,-15.43,-3.41,9.47,28.397,,73,77
CUE,Healthcare,Biotechnology,0.785,0.89,-0.31,0.31,1.22,,-15.92,-0.51,-78.21,0.112,,73,6
IHS,Real Estate,Real Estate Services,7.2,0.1,-6.4,2.21,4.27,,-16.2,0.33,-8.37,5.184,22.03,73,36
MRCY,Industrials,Aerospace & Defense,67.89,2.18,-0.1,0.0,2.91,1.33,-16.22,-0.65,-3.37,15.525,,73,50
CVGW,Consumer Defensive,Food Distribution,27.27,0.52,26.0,3.0,0.12,,-16.48,0.79,-12.89,38.969,34.41,72,21
NTST,Real Estate,REIT - Retail,17.86,1.0,2.25,1.8,2.33,1.0,-16.7,-0.08,18.86,2.227,,72,83
IPDN,Industrials,Staffing & Employment Services,8.04,0.7,13.1,-17.33,1.17,,-17.01,-1.48,-9.41,3.857,,72,26
GTLS,Industrials,Specialty Industrial Machinery,199.36,0.62,-0.8,0.16,0.25,,-17.69,5.44,10.88,97.548,36.66,72,79
ITRM,Healthcare,Biotechnology,0.632,-0.14,0.79,0.2,0.87,,-18.2,-0.81,-8.97,,,72,31
HLMN,Industrials,Tools & Accessories,9.92,8000000.0,1000000.0,-5.0,0.33,,-18.82,0.11,-4.49,7.641,92.18,72,47
IRDM,Communication Services,Telecom Services,24.62,-0.4,-0.18,0.54,-0.35,,-19.09,1.0,-0.15,7.655,25.12,72,59
NBR,Energy,Oil & Gas Drilling,37.78,-2.15,3.84,0.03,0.58,,-21.11,-14.55,4.61,282.126,,72,69
DRRX,Healthcare,Drug Manufacturers - Specialty & Generic,1.91,0.86,-2.92,2.79,0.71,,-21.23,-0.43,-109.1,0.053,,72,5
PAVM,Healthcare,Medical Devices,0.4442,-2.73,10.68,-57.69,0.61,,-22.4,4.41,-10760.09,0.077,0.1,72,3
DIS,Communication Services,Entertainment,118.81,0.61,0.28,4.64,1.03,,-23.19,6.38,-3.88,52.294,18.48,72,48
HYMC,Basic Materials,Gold,5.51,0.0,0.13,0.11,0.21,1.13,-23.36,-1.97,-3.6921111111111144e+16,,,72,2
ORI,Financial Services,Insurance - Property & Casualty,40.8,-0.22,1.35,-2.14,1.37,,-23.47,3.52,1.52,35.082,11.49,72,64
EZPW,Financial Services,Credit Services,16.9,-0.02,-0.24,0.27,0.36,0.18,-23.7,1.29,3.67,22.04,12.97,72,68
KTCC,Technology,Computer Hardware,2.88,6.67,-5.6,28.09,2.5,,-24.37,-0.77,-26.06,43.474,,72,11
DCBO,Technology,Software - Application,31.14,1.0,-6.8,1.44,-0.5,,-24.41,0.69,9.97,7.668,45.19,72,77
IONS,Healthcare,Biotechnology,59.35,2.19,-0.41,0.44,2.73,,-24.76,-1.76,56.43,6.047,,72,91
KMX,Consumer Cyclical,Auto & Truck Dealerships,60.95,0.26,0.35,-0.05,0.42,2.42,-25.87,3.62,-7.18,186.101,16.77,72,39
OMF,Financial Services,Credit Services,62.61,-0.27,0.69,-0.25,1.38,,-25.94,5.55,-0.96,23.118,11.08,72,57
NOW,Technology,Software - Application,898.56,-0.19,0.19,-0.12,0.46,,-26.41,7.95,13.64,58.347,114.94,72,81
DRH,Real Estate,REIT - Hotel & Motel,8.6,2.8,2.4,-2.57,0.9,,-27.3,0.28,-0.17,5.397,30.64,72,59
DAN,Consumer Cyclical,Auto Parts,20.67,0.12,4.24,-19.33,0.73,,-27.48,0.2,-11.18,68.491,103.05,72,23
FEIM,Technology,Communication Equipment,33.04,-3.71,4.71,0.12,0.21,,-28.47,2.46,14.73,7.263,12.85,72,81
FCNCA,Financial Services,Banks - Regional,2010.11,0.23,-0.43,0.13,-0.12,,-28.7,169.42,16.48,652.074,11.36,71,82
MASI,Healthcare,Medical Devices,143.01,4.34,1.06,-37.22,2.17,,-28.9,-5.09,3.73,40.033,,71,68
DNN,Energy,Uranium,2.28,6.0,-0.25,-0.33,3.0,-1.5,-29.93,-0.07,-54.88,0.005,,71,7
CTRA,Energy,Oil & Gas E&P,24.39,-0.01,0.7,0.18,1.23,,-30.85,2.09,23.62,8.326,11.47,71,86
DWSN,Energy,Oil & Gas Equipment & Services,1.6,-3.67,2.0,5.0,0.5,,-31.01,-0.24,-8.53,1.808,,71,35
OGE,Utilities,Utilities - Regulated Electric,44.3,0.71,-1.26,-0.56,0.04,2.44,-31.01,2.43,-3.75,15.984,18.17,71,49
MCW,Consumer Cyclical,Auto & Truck Dealerships,5.64,0.12,1.67,-1.33,0.29,,-31.77,0.26,-3.08,3.175,21.77,71,51
DSGR,Industrials,Industrial Distribution,31.9,0.0,8.86,-2.17,0.75,2.57,-31.85,0.08,19.75,41.343,399.75,71,84
OFIX,Healthcare,Medical Devices,14.7,2.75,-0.8,-0.06,1.44,,-32.14,-3.17,0.14,20.798,,71,60
FTAI,Industrials,Rental & Leasing Services,155.55,0.8,0.07,0.08,2.43,1.84,-32.41,4.08,51.96,20.903,37.75,71,90
IBRX,Healthcare,Biotechnology,2.39,0.5,-0.87,0.5,1.0,,-32.43,-0.48,1.4684444444446146e+16,0.071,,71,98
DSX,Industrials,Marine Shipping,1.64,2.0,-6.0,2.5,2.33,,-32.62,0.12,-9.47,1.956,13.92,71,26
MELI,Consumer Cyclical,Internet Retail,2417.8,0.06,-0.29,0.61,-0.02,,-33.23,40.37,28.06,475.291,59.88,71,87
JBL,Technology,Electronic Components,207.97,0.92,0.2,-0.35,0.9,,-33.37,5.25,1.27,256.018,40.02,71,63
GOCO,Financial Services,Insurance Brokers,4.89,-8.81,-5.65,3.17,-0.89,,-33.93,-2.62,-26.94,79.39,,71,10
NPB,Financial Services,Banks - Regional,18.44,0.04,0.13,0.14,0.57,0.74,-34.04,1.72,4.73,7.053,10.84,71,70
LLY,Healthcare,Drug Manufacturers - General,742.91,1.05,-0.6,3.55,0.92,,-34.11,15.27,21.95,59.218,47.62,71,85
MYFW,Financial Services,Banks - Regional,22.91,-0.65,0.54,0.27,1.36,,-34.35,1.18,-5.6,9.662,19.31,71,43
MBOT,Healthcare,Medical Instruments & Supplies,3.37,-0.25,0.75,0.43,0.7,1.12,-34.39,-0.58,-8.97,,,71,31
NGD,Basic Materials,Gold,6.14,5.5,-2.33,-2.33,0.29,2.0,-35.22,0.2,21.3,1.305,31.5,71,85
FSLR,Technology,Solar,201.87,0.0,-0.87,0.26,-0.66,-0.13,-35.5,11.69,1.4,40.554,17.55,71,64
NAOV,Healthcare,Medical Devices,5.21,2.86,-0.0,-0.0,1.64,-0.67,-35.87,-172.7,-42.53,15.683,,71,8
MITQ,Technology,Communication Equipment,0.7646,1.5,-18.79,11.38,2.0,0.4,-36.02,-0.12,3.19,1.868,,70,67
GBX,Industrials,Railroads,47.02,0.16,-0.07,0.24,0.76,0.54,-36.1,7.09,3.03,113.131,6.65,70,67
FUTU,Financial Services,Capital Markets,189.12,0.0,0.14,0.41,0.75,1.05,-36.58,7.21,41.92,116.094,25.98,70,89
NYC,Real Estate,Real Estate Services,10.35,-3.83,-0.3,4.2,1.23,,-36.73,-35.22,-29.75,21.546,,70,10
GLDD,Industrials,Engineering & Construction,11.67,-2.33,0.72,1.23,0.36,,-37.01,1.06,1.13,12.37,11.07,70,63
MEI,Technology,Electronic Components,7.02,0.0,-7.2,9.4,2.98,-0.24,-37.05,-1.77,-15.4,29.666,,70,18
DSS,Consumer Cyclical,Packaging & Containers,1.21,1.29,0.18,0.15,1.75,0.05,-37.42,-6.17,7.45,2.662,,70,74
MRK,Healthcare,Drug Manufacturers - General,84.05,-0.14,0.36,0.18,-0.22,,-38.0,6.49,-6.94,25.214,13.05,70,39
FIX,Industrials,Engineering & Construction,723.95,0.37,0.16,0.0,0.74,,-38.41,19.42,15.01,216.317,36.37,70,81
INVH,Real Estate,REIT - Residential,30.35,-0.17,0.17,0.44,0.92,,-38.81,0.89,-2.95,4.32,33.99,70,51
NIXX,Industrials,Staffing & Employment Services,1.64,0.36,3.93,0.8,0.59,0.33,-39.42,-3.59,6558.5,1.132,,70,96
LNT,Utilities,Utilities - Regulated Electric,64.72,-0.22,0.43,-0.98,1.0,,-39.68,3.24,-2.59,16.14,19.94,70,53
NE,Energy,Oil & Gas Drilling,28.82,-1.52,0.13,0.46,-4.07,,-39.78,1.9,22.96,20.959,15.05,70,85
INDV,Healthcare,Drug Manufacturers - Specialty & Generic,24.73,0.0,4.43,1.33,3.08,-0.18,-39.93,0.81,-3.42,9.214,30.84,70,50
CRVO,Healthcare,Biotechnology,10.21,-0.25,-0.01,-0.01,-1.59,-0.37,-40.18,-2.63,-8.97,0.887,,70,31
LX,Financial Services,Credit Services,6.0,0.18,0.17,0.17,1.21,,-40.48,1.28,-7.45,83.461,4.76,70,38
MPWR,Technology,Semiconductors,848.11,-0.0,-9.71,9.14,0.35,,-40.48,38.18,19.6,52.774,22.68,70,84
IH,Consumer Defensive,Education & Training Services,2.73,0.0,0.06,0.02,0.21,,-40.53,0.26,-17.06,17.199,10.54,70,16
PDFS,Technology,Software - Application,19.69,3.67,-9.0,-5.0,-0.33,,-40.55,0.02,13.1,5.034,997.5,70,80
NDAQ,Financial Services,Financial Data & Stock Exchanges,94.3,0.14,0.11,0.17,1.03,,-40.59,2.6,5.03,14.112,35.95,70,70
NINE,Energy,Oil & Gas Equipment & Services,0.6579,-0.39,0.22,0.18,0.6,,-40.78,-0.9,5.46,14.395,,70,71
IRBT,Consumer Cyclical,"Furnishings, Fixtures & Appliances",3.14,3.18,-0.13,-11.0,2.54,,-41.13,-6.17,-39.88,56.524,,70,8
GRC,Industrials,Specialty Industrial Machinery,43.2,0.3,0.1,-0.17,0.87,,-41.52,1.97,1.93,25.669,21.94,70,65
CTGO,Basic Materials,Gold,21.39,2.49,-0.4,-0.66,2.51,0.14,-41.66,-0.01,-8.97,,,69,31
NBIX,Healthcare,Drug Manufacturers - Specialty & Generic,140.4,12.62,-11.87,-0.24,0.7,,-41.8,3.39,11.24,25.124,42.51,69,79
OUST,Technology,Electronic Components,28.34,0.11,0.14,0.12,0.39,,-41.99,-1.8,28.56,2.454,,69,87
IVDA,Industrials,Security & Protection Services,1.47,0.4,-0.04,-0.04,0.5,1.29,-42.01,-1.36,9.78,2.745,,69,77
MSBI,Financial Services,Banks - Regional,18.67,15.95,-1.61,-4.41,1.2,,-42.24,-6.18,-13.18,12.283,,69,20
NU,Financial Services,Banks - Regional,14.87,0.14,0.0,0.0,0.3,0.46,-42.57,0.47,37.49,1.215,31.36,69,89
NBBK,Financial Services,Banks - Regional,19.13,0.18,-0.21,0.9,0.62,,-42.88,1.33,14.94,4.655,14.17,69,81
INGR,Consumer Defensive,Packaged Foods,127.93,-0.0,1.09,-0.97,0.35,,-43.24,10.23,-9.7,112.727,12.55,69,26
PEG,Utilities,Utilities - Regulated Electric,81.73,-0.01,1.07,-0.82,0.34,,-43.34,3.96,2.24,22.335,20.48,69,66
GDDY,Technology,Software - Infrastructure,144.92,-0.08,0.11,0.03,0.38,,-43.68,5.61,-1.37,33.847,25.89,69,56
NXTT,Technology,Software - Application,0.143,-6.33,0.82,4.43,4.67,-2.76,-44.52,2.12,-1.3201438888888904e+16,0.013,0.07,69,2
MGRC,Industrials,Rental & Leasing Services,125.62,0.27,-0.38,-2.82,0.74,,-45.06,10.27,4.93,38.318,12.24,69,70
PBBK,Financial Services,Banks - Regional,19.85,0.4,0.05,0.06,0.75,0.54,-46.08,0.95,8.31,5.825,20.68,69,75
GANX,Healthcare,Biotechnology,1.74,-0.19,0.03,0.03,1.21,0.37,-46.13,-0.59,-61311111111135.79,,,69,3
MDXH,Healthcare,Diagnostics & Research,3.53,0.0,-0.36,1.86,0.87,0.63,-46.14,-0.76,21.21,2.236,,69,85
GCT,Technology,Software - Infrastructure,26.133,0.34,-0.12,-0.29,0.4,,-46.32,3.31,7.25,29.781,8.18,69,74
PATH,Technology,Software - Infrastructure,10.85,-3.25,5.5,6.5,0.25,,-46.44,0.03,1.04,2.738,383.0,69,63
NMR,Financial Services,Capital Markets,7.16,0.01,0.01,0.19,0.51,0.84,-46.58,0.83,6.59,662.74,8.67,69,73
OMCC,Financial Services,Credit Services,5.99,-0.47,-0.87,0.75,3.45,1.53,-46.81,-0.55,-2109.1,1.782,,69,4
EVGN,Healthcare,Biotechnology,1.2,-0.63,-7.33,22.83,0.71,,-46.94,-1.97,62.64,1.418,,69,91
FHTX,Healthcare,Biotechnology,5.39,0.07,0.02,0.02,0.61,0.97,-47.0,-1.14,151.32,0.385,,69,93
HALO,Healthcare,Biotechnology,73.4,0.42,-0.12,0.0,0.86,,-47.4,4.37,29.0,9.471,17.15,69,87
IOBT,Healthcare,Biotechnology,1.78,-0.18,0.03,0.03,-0.29,-0.13,-47.46,-1.58,-8.97,,,69,31
ECBK,Financial Services,Banks - Regional,16.98,0.12,-0.12,0.29,0.8,,-47.49,0.64,12.53,3.387,26.23,68,80
FSM,Basic Materials,Gold,7.62,-0.58,0.09,0.09,-0.08,1.11,-47.61,0.55,29.69,3.84,13.95,68,87
ODC,Basic Materials,Specialty Chemicals,64.36,-0.1,-0.28,0.35,0.48,0.03,-47.91,3.39,0.78,34.22,18.82,68,62
EPR,Real Estate,REIT - Specialty,53.26,0.15,5.16,-3.84,0.75,,-47.99,2.03,-3.27,9.249,26.24,68,50
DXPE,Industrials,Industrial Distribution,125.82,0.15,-0.04,0.01,0.43,,-48.4,5.23,4.94,122.158,23.77,68,70
DY,Industrials,Engineering & Construction,254.0,0.6,0.88,-1.13,0.43,,-48.41,8.89,5.6,172.008,27.93,68,71
FOLD,Healthcare,Biotechnology,8.02,0.0,-0.56,-1.25,-0.4,1.29,-48.6,-0.12,12.6,1.862,,68,80
KULR,Technology,Electronic Components,4.44,3.55,-0.75,-3.0,2.18,-0.75,-48.75,-0.48,57.82,0.415,,68,91
KEX,Industrials,Marine Shipping,90.2,0.26,0.77,-1.08,0.17,,-49.14,5.28,-1.94,57.403,16.87,68,54
CVAC,Healthcare,Biotechnology,5.35,-0.13,-3.78,-1.36,0.23,0.35,-49.18,1.0,-624.49,2.271,5.39,68,4
CSV,Consumer Cyclical,Personal Services,43.3,-0.8,1.08,0.0,0.83,,-49.2,3.32,-9.0,26.839,12.87,68,27
LIQT,Industrials,Pollution & Treatment Controls,2.0845,0.14,0.48,0.32,0.64,0.64,-49.24,-1.34,-4.72,1.883,,68,46
DHIL,Financial Services,Asset Management,144.79,0.52,0.38,-0.96,0.96,,-49.36,17.58,-11.3,55.449,8.11,68,23
EPIX,Healthcare,Biotechnology,0.2316,0.56,0.36,-0.36,0.78,,-49.56,-0.57,-8.97,,,68,31
HOWL,Healthcare,Biotechnology,1.35,0.0,0.15,-0.21,0.0,,-49.92,-1.64,1.0603333333333222e+16,0.0,,68,98
IIIN,Industrials,Metal Fabrication,38.93,0.47,7.83,-3.0,1.29,,-50.04,1.59,5.52,31.02,24.45,68,71
INTS,Healthcare,Biotechnology,0.2745,0.69,0.07,0.06,1.77,0.55,-50.18,-0.82,-8.97,,,68,31
LYV,Communication Services,Entertainment,162.98,2.28,-3.19,-1.46,-1.56,0.66,-50.32,2.35,24.61,102.671,69.54,68,86
IE,Basic Materials,Copper,8.87,0.33,0.25,0.2,1.17,0.92,-50.37,-0.64,49.0,0.03,,68,90
KPRX,Healthcare,Biotechnology,2.7318,-0.04,0.28,0.22,-0.02,-9.98,-50.6,-3.36,1.7777777777777768e+16,0.0,,68,98
LOOP,Basic Materials,Specialty Chemicals,1.68,1.29,0.56,-1.5,0.57,,-50.75,-0.28,192222222225724.8,0.234,,68,96
MTA,Basic Materials,Other Precious Metals & Mining,5.42,-1.0,0.0,0.0,0.0,1.0,-50.87,-0.05,140.3,0.089,,68,93
LOCL,Consumer Defensive,Farm Products,2.32,1.65,-0.03,-0.05,0.84,,-50.97,-13.65,346.73,4.482,,68,94
GATX,Industrials,Rental & Leasing Services,168.5,-0.04,0.02,-0.16,0.7,,-51.24,8.73,0.4,46.611,19.2,67,61
NEN,Real Estate,Real Estate Services,72.0,0.09,-0.01,-0.01,0.02,0.1,-51.57,4.54,-2.06,23.954,15.86,67,54
DT,Technology,Software - Application,49.77,0.23,-8.31,7.07,0.23,,-51.63,1.62,11.51,5.941,30.86,67,79
OESX,Industrials,Electrical Equipment & Parts,7.35,0.12,0.11,1.2,2.0,1.11,-51.78,-2.8,-16.46,24.053,,67,17
JMIA,Consumer Cyclical,Internet Retail,8.19,0.01,0.17,-0.16,0.59,,-51.82,-0.56,8.11,1.523,,67,75
IMDX,Healthcare,Diagnostics & Research,2.47,-0.15,6.42,-0.97,0.2,,-52.13,-3.91,251.15,0.192,,67,94
LVS,Consumer Cyclical,Resorts & Casinos,55.11,0.35,0.09,0.18,0.37,,-52.27,1.98,18.62,16.256,27.12,67,83
FRAF,Financial Services,Banks - Regional,47.02,0.5,7.0,-7.68,0.92,,-52.37,3.28,6.38,17.064,14.41,67,72
OSPN,Technology,Software - Infrastructure,15.2,-0.73,-0.95,2.52,0.29,,-52.58,1.53,-8.74,6.274,9.94,67,35
NICE,Technology,Software - Application,138.67,0.48,0.31,-0.22,0.65,,-52.9,8.37,1.46,1.79772,16.78,67,64
DUOT,Technology,Software - Application,6.44,-0.67,0.0,0.0,0.43,1.11,-53.06,-1.06,175.11,1.561,,67,93
EBMT,Financial Services,Banks - Regional,17.64,0.02,-0.07,0.26,0.91,,-53.24,1.61,0.28,10.823,10.9,67,61
EMA,Utilities,Utilities - Regulated Electric,47.04,-3.36,0.99,97.5,0.0,1.68,-53.62,2.14,9.25,27.904,21.87,67,76
NWE,Utilities,Utilities - Regulated Electric,57.71,0.0,-0.05,0.73,1.4,0.18,-53.65,3.67,-3.08,24.912,15.79,67,51
DFLI,Industrials,Electrical Equipment & Parts,0.2922,0.6,0.49,-0.4,2.48,,-54.56,-3.76,0.77,6.502,,67,62
NXGL,Healthcare,Medical Instruments & Supplies,2.23,0.0,0.11,0.1,0.56,0.56,-54.63,-0.4,84.04,1.604,,67,92
CURV,Consumer Cyclical,Apparel Retail,2.38,1.4,3.5,-9.0,-1.0,2.6,-54.72,0.04,-14.86,10.249,44.5,67,18
IESC,Industrials,Engineering & Construction,359.14,0.0,0.28,-0.12,0.31,0.53,-55.01,13.08,9.6,162.867,26.73,67,77
HIVE,Financial Services,Capital Markets,2.71,0.9,9.0,7.0,2.12,2.25,-55.08,0.33,8.65,0.883,8.06,67,76
LAC,Basic Materials,Other Industrial Metals & Mining,2.79,-0.2,-0.11,-0.12,-1.0,-0.25,-55.17,-0.25,-8.97,,,67,31
DXC,Technology,Information Technology Services,14.5,-15.22,3.71,0.35,-0.56,,-55.77,2.05,-13.31,70.669,7.21,67,20
CRUS,Technology,Semiconductors,115.26,-0.44,-0.3,0.14,0.48,1.02,-56.07,6.38,-2.33,36.604,18.14,67,53
LDOS,Technology,Information Technology Services,178.58,0.09,0.3,-0.27,0.27,,-56.09,10.6,-4.8,130.176,16.89,66,45
LSBK,Financial Services,Banks - Regional,13.25,0.79,-0.37,0.08,0.79,,-56.1,1.05,1.61,4.801,12.56,66,64
ENLV,Healthcare,Biotechnology,1.07,0.87,-0.11,-0.12,1.0,0.47,-56.22,-0.57,-8.97,,,66,31
LIXT,Healthcare,Biotechnology,4.47,0.0,0.26,0.21,0.55,0.48,-56.27,-1.28,-8.97,,,66,31
PANW,Technology,Software - Infrastructure,192.35,-0.03,-0.05,-0.3,-0.45,,-56.75,1.59,7.88,13.919,122.3,66,75
EXC,Utilities,Utilities - Regulated Electric,43.34,0.0,0.4,-0.09,1.0,0.37,-56.94,2.63,-5.23,23.601,16.51,66,44
OPY,Financial Services,Capital Markets,74.44,-0.42,1.82,-1.29,1.08,,-57.48,7.71,-1.1,134.489,9.43,66,57
INVE,Industrials,Building Products & Equipment,3.75,-0.24,-0.91,-33.91,0.04,,-57.54,-1.06,-55.27,0.993,,66,7
FDP,Consumer Defensive,Farm Products,35.71,0.83,0.51,-1.05,0.06,,-57.79,3.12,-6.38,89.965,11.51,66,40
MVIS,Technology,Scientific & Technical Instruments,1.1,1.0,0.17,-1.0,0.83,,-57.86,-0.39,-685.93,0.011,,66,4
IDCC,Technology,Software - Application,287.88,0.0,-0.16,2.85,0.03,0.4,-58.01,14.07,23.66,34.921,20.45,66,86
KLTR,Technology,Software - Application,1.48,-4.0,3.0,-1.0,0.4,,-58.04,-0.13,-7.42,1.194,,66,38
HG,Financial Services,Insurance - Reinsurance,24.59,1.34,1.39,-1.33,0.49,,-58.31,3.66,15.8,25.542,6.67,66,82
PDD,Consumer Cyclical,Internet Retail,123.87,1.08,-0.86,0.1,-0.05,,-58.5,9.25,16.64,294.474,13.48,66,82
MNTN,Technology,Software - Application,20.52,-12.0,0.12,0.11,-3.38,4.03,-58.65,-0.76,18.11,12.424,,66,83
FATN,Technology,Software - Infrastructure,6.0578,0.0,0.0,0.0,0.0,,-58.84,0.15,-2.24,1.248,39.07,66,53
HWM,Industrials,Aerospace & Defense,179.53,0.0,0.1,-0.05,0.31,0.44,-58.9,3.42,1.95,19.041,52.11,66,65
NTRB,Healthcare,Biotechnology,6.23,0.0,0.0,0.25,0.75,,-59.12,-0.9,38.74,0.216,,66,89
MRX,Financial Services,Capital Markets,35.54,0.05,0.11,0.13,0.27,0.59,-59.42,3.31,21.26,36.907,10.56,66,85
FLR,Industrials,Engineering & Construction,41.47,0.0,-1.58,-2.72,-2.43,-5.06,-59.49,24.17,-11.47,95.959,1.72,66,22
PASG,Healthcare,Biotechnology,7.065,-10.84,0.12,0.11,0.72,0.2,-59.56,39.4,-8.97,,0.18,66,31
MARPS,Energy,Oil & Gas Midstream,4.73,2.0,-2.0,0.33,1.0,-1.5,-59.56,0.37,43.76,0.518,12.43,66,90
CTS,Technology,Electronic Components,42.59,0.38,0.0,-0.38,0.29,,-59.84,2.11,-6.21,17.346,20.07,66,41
EKSO,Healthcare,Medical Instruments & Supplies,4.06,0.45,0.17,-0.4,0.6,,-59.96,-6.49,-97.02,8.523,,65,5
EEFT,Technology,Software - Infrastructure,90.87,1.54,-0.16,-2.3,0.23,,-60.06,7.25,0.33,94.905,12.57,65,61
NNDM,Technology,Computer Hardware,1.36,-1.75,0.25,3.0,0.36,,-61.09,-0.4,34.82,0.274,,65,88
HTB,Financial Services,Banks - Regional,41.5,0.2,0.01,0.08,0.38,,-61.64,3.43,-1.81,11.869,12.02,65,55
EHTH,Financial Services,Insurance Brokers,3.95,-1.97,-8.79,2.4,0.36,,-61.86,-0.22,-12.7,18.311,,65,21
MAYS,Real Estate,Real Estate Services,38.0,3.0,-9.0,2.5,2.0,-1.0,-62.15,-0.03,-6.17,11.065,,65,41
ICLR,Healthcare,Diagnostics & Research,176.36,0.21,-0.66,0.34,0.3,,-62.17,9.71,-7.02,99.748,18.01,65,39
OPXS,Industrials,Aerospace & Defense,11.55,-0.18,1.17,-0.29,0.16,0.62,-62.2,0.75,13.89,5.767,15.43,65,81
KNSL,Financial Services,Insurance - Property & Casualty,459.71,0.5,-0.22,-0.05,0.45,,-62.39,19.17,17.37,74.379,23.76,65,83
FRD,Basic Materials,Steel,21.15,-0.07,5.47,-0.7,0.92,,-62.43,1.21,10.56,66.869,17.95,65,78
NKTR,Healthcare,Biotechnology,35.98,0.22,-9.0,7.0,0.27,,-62.62,-8.64,-82.83,5.344,,65,5
LMB,Industrials,Building Products & Equipment,112.3,-0.33,0.02,0.32,0.26,,-62.73,2.92,2.58,48.51,36.93,65,66
FFIC,Financial Services,Banks - Regional,13.6,2.41,4.55,-6.37,1.28,,-62.9,-1.23,4.8,4.244,,65,70
HURA,Healthcare,Biotechnology,2.53,-0.4,-1.92,7.41,0.9,,-63.0,-0.74,-8.97,,,65,31
PCTY,Technology,Software - Application,175.558,0.0,1.45,-0.33,0.89,0.09,-63.25,4.03,7.02,28.666,43.28,65,73
LFVN,Consumer Defensive,Packaged Foods,13.46,-0.75,0.33,0.4,0.14,1.15,-63.37,0.75,122.63,18.654,16.15,65,93
GFS,Technology,Semiconductors,33.33,0.08,4.47,-5.12,0.46,,-63.74,-0.21,-6.24,12.373,,65,41
GITS,Communication Services,Internet Content & Information,2.09,-0.1,0.0,0.0,-0.05,1.0,-63.89,-2.02,-475570000000010.4,0.0,,65,3
LBRDA,Communication Services,Telecom Services,59.26,0.43,0.31,0.44,0.97,0.11,-63.94,7.58,-4.58,7.357,7.88,65,46
LBRDK,Communication Services,Telecom Services,59.48,0.43,0.31,0.44,0.97,0.11,-63.94,7.58,-4.58,7.357,7.91,65,46
MOVE,Healthcare,Medical Devices,1.08,0.0,-0.18,0.67,0.56,,-64.48,-3.94,1865555555555547.0,0.168,,65,97
NVMI,Technology,Semiconductor Equipment & Materials,250.94,0.05,0.29,-0.02,0.5,,-64.69,7.36,24.17,27.582,34.74,65,86
MLI,Industrials,Metal Fabrication,97.12,0.59,0.15,-0.23,0.57,,-65.03,6.29,0.35,36.707,15.51,65,61
IRD,Healthcare,Biotechnology,1.28,1.0,0.1,0.09,1.5,0.21,-65.05,-1.88,817.51,0.401,,64,95
HSCS,Healthcare,Medical Devices,3.3,0.0,-0.13,0.16,0.1,0.17,-65.09,-9.34,28999999999963.76,0.005,,64,96
LRN,Consumer Defensive,Education & Training Services,162.24,0.0,0.03,1.36,0.57,0.42,-65.21,5.95,10.15,55.884,27.01,64,77
MEOH,Basic Materials,Chemicals,37.09,-0.74,1.46,0.46,0.83,,-65.52,3.48,-21.36,52.987,11.09,64,13
EXPE,Consumer Cyclical,Travel Services,216.52,2.67,-2.49,-1.28,-0.12,,-65.55,8.13,1.13,109.225,26.44,64,63
IMCR,Healthcare,Biotechnology,35.26,-3.0,5.7,-3.76,0.15,,-65.64,-0.41,60.46,7.107,,64,91
MNMD,Healthcare,Biotechnology,9.23,0.0,0.52,-1.28,-2.37,3.22,-65.77,-1.34,-8.97,,,64,31
ISSC,Industrials,Aerospace & Defense,12.11,-1.14,6.5,-3.5,0.56,,-65.78,0.66,70.23,4.416,17.61,64,92
KE,Industrials,Electrical Equipment & Parts,29.76,0.0,0.07,0.08,-1.0,2.6,-65.83,0.68,-16.18,59.992,43.97,64,17
LSTA,Healthcare,Biotechnology,2.11,0.02,0.04,0.04,0.13,0.18,-65.91,-2.23,1577777777777768.8,0.126,,64,97
KO,Consumer Defensive,Beverages - Non-Alcoholic,68.25,0.16,0.51,-0.29,0.59,,-66.25,2.82,-5.76,10.929,24.1,64,42
ESLT,Industrials,Aerospace & Defense,479.54,0.15,0.19,0.13,0.57,,-66.41,8.82,8.25,167.88,54.65,64,75
NXL,Healthcare,Medical Devices,0.85,0.5,0.27,0.21,0.7,-0.07,-66.53,-0.77,74.11,0.014,,64,92
EDU,Consumer Defensive,Education & Training Services,48.78,1.5,-6.5,6.5,0.0,,-66.7,2.3,-10.04,30.254,21.23,64,25
MODD,Healthcare,Medical Devices,0.7084,0.04,0.04,0.08,0.0,0.4,-66.75,-0.51,-8.97,,,64,31
CVCO,Consumer Cyclical,Residential Construction,555.24,-0.04,-0.04,0.31,0.56,0.65,-66.83,23.03,4.83,259.426,23.7,64,70
NFLX,Communication Services,Entertainment,1257.48,0.09,0.55,-0.26,0.47,,-67.02,23.51,4.83,97.62,52.91,64,70
GMAB,Healthcare,Biotechnology,27.38,0.78,0.01,0.01,0.73,0.03,-67.57,1.93,15.23,5.7793,14.27,64,82
NSP,Industrials,Staffing & Employment Services,55.62,0.0,7.23,-4.14,1.85,-0.54,-67.62,1.08,-4.44,176.184,50.0,64,47
DXCM,Healthcare,Medical Devices,80.76,0.7,-0.44,0.15,0.28,,-67.7,1.42,7.25,10.971,56.7,64,74
ESRT,Real Estate,REIT - Diversified,7.87,-0.5,-0.17,-0.14,-1.5,1.0,-67.76,0.23,-6.04,4.581,34.65,64,41
ODD,Technology,Software - Infrastructure,62.13,0.28,5.8,-2.1,0.1,,-68.07,1.8,22.18,13.251,35.0,64,85
ELMD,Healthcare,Medical Devices,24.91,0.18,-0.05,0.35,0.53,0.29,-68.13,0.85,5.18,7.57,28.79,64,71
ISTR,Financial Services,Banks - Regional,23.38,-0.39,0.03,0.13,0.12,,-68.23,2.24,-3.31,9.219,10.33,63,50
NFBK,Financial Services,Banks - Regional,11.98,0.26,-0.47,0.75,0.71,,-68.26,0.86,3.2,3.267,13.86,63,68
EXLS,Technology,Information Technology Services,44.13,0.0,0.32,-0.06,0.46,,-68.45,1.45,6.87,12.146,31.02,63,73
ELF,Consumer Defensive,Household & Personal Products,133.72,0.31,0.45,-0.1,-0.44,0.73,-68.69,1.69,14.02,23.851,79.27,63,81
KLAC,Technology,Semiconductor Equipment & Materials,873.29,0.0,0.33,-0.14,0.32,0.84,-68.9,30.41,10.19,91.379,29.76,63,77
GSBD,Financial Services,Asset Management,11.49,0.26,-0.09,-0.08,2.38,-0.44,-69.1,1.25,126.56,3.431,9.15,63,93
HSTM,Healthcare,Health Information Services,28.2,0.29,-0.14,-0.19,0.29,,-69.17,0.67,-4.87,9.711,42.0,63,45
MYSE,Technology,Software - Application,1.9,0.24,0.08,0.08,0.14,0.14,-69.26,-1.35,-725.97,0.0,,63,4
KZR,Healthcare,Biotechnology,3.825,0.21,0.32,-0.08,0.58,,-69.28,-9.7,-8.97,,,63,31
FCCO,Financial Services,Banks - Regional,27.735,0.31,-0.06,0.08,0.58,,-69.31,2.23,6.15,9.411,12.39,63,72
HNI,Consumer Cyclical,"Furnishings, Fixtures & Appliances",46.23,2.47,-1.7,-0.23,0.37,,-69.44,3.08,-2.66,54.751,15.17,63,52
NOAH,Financial Services,Asset Management,12.38,0.2,0.37,-0.22,0.8,,-69.64,1.13,-14.25,36.716,10.65,63,19
GTX,Consumer Cyclical,Auto Parts,13.18,0.43,-0.57,0.96,0.48,,-69.7,1.42,-8.06,16.559,9.21,63,36
KALU,Basic Materials,Aluminum,75.84,0.07,2.05,-0.7,0.22,,-69.88,3.32,-2.73,193.235,23.32,63,52
FSUN,Financial Services,Banks - Regional,38.64,0.12,0.02,0.02,0.06,0.85,-69.89,3.14,1.4,13.739,12.24,63,64
CZFS,Financial Services,Banks - Regional,61.81,0.11,-0.05,0.06,0.6,,-70.22,6.58,1.2,21.711,9.33,63,63
KNOP,Energy,Oil & Gas Midstream,8.09,-2.07,7.16,2.79,0.02,,-70.36,0.21,-0.85,9.16,38.57,63,58
HTH,Financial Services,Financial Conglomerates,35.74,-0.14,0.18,0.2,0.84,,-70.71,2.22,-13.29,19.116,15.88,63,20
LPTX,Healthcare,Biotechnology,0.2827,-0.08,0.0,0.19,0.3,,-71.22,-1.58,-1666666666666675.5,,,63,2
INFA,Technology,Software - Infrastructure,24.78,-2000000.0,-3000000.0,2.67,-2.0,,-71.32,-0.03,-6.4,5.472,,63,40
ENVA,Financial Services,Credit Services,123.38,0.06,0.16,0.49,0.5,,-71.38,9.39,15.71,52.699,12.8,63,82
ELA,Consumer Cyclical,Luxury Goods,7.6,0.1,0.25,0.33,0.83,0.43,-71.41,0.33,8.27,7.626,22.7,63,75
LW,Consumer Defensive,Packaged Foods,55.77,0.0,5.12,-4.56,0.14,0.02,-71.47,2.5,-0.64,45.368,23.2,62,58
IDXX,Healthcare,Diagnostics & Research,640.44,0.23,0.13,-0.07,0.49,,-71.47,12.02,0.28,49.562,53.49,62,61
NFGC,Basic Materials,Gold,1.89,-0.25,0.25,0.2,0.2,0.75,-71.66,-0.17,-8.97,,,62,31
INMD,Healthcare,Medical Devices,14.41,0.62,-3.42,0.74,0.5,,-71.73,2.38,-0.72,5.721,6.29,62,58
PAYC,Technology,Software - Application,224.5,-0.57,0.23,0.55,0.32,,-72.04,7.42,5.24,35.015,30.2,62,71
MGYR,Financial Services,Banks - Regional,17.4999,-0.07,0.26,-0.21,0.48,,-72.18,1.57,7.13,5.694,11.02,62,73
EWCZ,Consumer Defensive,Household & Personal Products,4.25,1.25,-0.1,0.47,0.0,,-72.24,0.2,-11.19,4.795,20.8,62,23
MRBK,Financial Services,Banks - Regional,15.74,1.38,-1.38,0.16,0.67,,-72.34,1.61,3.43,9.515,9.73,62,68
ECPG,Financial Services,Credit Services,41.9,0.28,5.81,-8.36,0.85,,-72.37,-3.71,-1.28,61.658,,62,56
MFIN,Financial Services,Credit Services,10.79,-0.08,0.18,0.18,0.58,,-72.4,1.75,10.99,14.718,6.12,62,79
MDB,Technology,Software - Infrastructure,322.05,-0.26,-3.3,2.54,0.28,,-72.62,-0.94,17.64,28.231,,62,83
HLT,Consumer Cyclical,Lodging,278.06,0.48,-0.66,0.49,0.09,,-72.75,6.51,3.05,19.946,41.83,62,67
MLYS,Healthcare,Biotechnology,33.12,0.2,0.24,0.15,0.26,,-72.88,-3.56,-8.97,,,62,31
NODK,Financial Services,Insurance - Property & Casualty,13.39,-2.84,2.44,2.44,0.65,0.0,-73.0,0.67,-19.32,14.776,19.91,62,14
CTXR,Healthcare,Biotechnology,1.15,0.59,0.02,0.1,0.96,0.06,-73.12,-4.87,-8.97,,,62,31
KROS,Healthcare,Biotechnology,15.55,-5.82,4.21,0.24,0.64,,-73.17,0.32,-2.216555555552265e+16,5.853,48.72,62,2
META,Communication Services,Internet Content & Information,748.65,0.1,-0.25,0.33,0.37,,-73.43,27.54,9.25,70.813,27.32,62,76
NWG,Financial Services,Banks - Regional,14.06,0.0,0.01,0.09,0.26,0.48,-73.5,1.58,1.59,3.652,8.71,62,64
MNSB,Financial Services,Banks - Regional,22.305,1.12,9.8,-54.0,0.96,,-73.56,-1.46,6.65,8.46,,62,73
NVNO,Healthcare,Medical Devices,0.7889,0.0,0.3,0.23,0.41,0.41,-73.79,-1.2,-8.97,,,62,31
ETON,Healthcare,Drug Manufacturers - Specialty & Generic,17.87,-0.67,-2.0,-2.0,0.2,,-73.82,-0.15,71.15,2.199,,62,92
NEM,Basic Materials,Gold,74.88,0.11,0.35,0.55,1.51,,-73.93,5.52,10.97,18.24,13.8,62,79
HIG,Financial Services,Insurance - Property & Casualty,134.7,0.6,-0.34,0.13,0.41,,-73.99,11.01,-1.47,95.268,11.96,62,55
DOCS,Healthcare,Health Information Services,68.52,-0.21,-0.18,0.67,0.27,0.55,-74.25,1.17,7.47,3.146,59.26,61,74
CX,Basic Materials,Building Materials,9.23,-1.31,15.86,-7.91,0.38,,-74.26,0.61,-11.29,10.82,15.41,61,23
IMAB,Healthcare,Biotechnology,4.35,-0.5,2.25,0.69,-5.33,3.5,-74.31,-0.51,-702222222222302.9,,,61,2
KTB,Consumer Cyclical,Apparel Manufacturing,80.4,0.73,-0.51,-0.09,0.43,,-74.6,4.47,-3.01,47.852,17.95,61,51
MOBX,Technology,Semiconductors,1.06,-1.83,7.67,-0.53,0.47,,-74.76,-1.11,102.34,0.271,,61,93
FLEX,Technology,Electronic Components,55.17,-0.15,-0.16,0.26,0.46,,-74.76,2.27,-5.6,67.901,24.52,61,43
NTLA,Healthcare,Biotechnology,11.62,0.12,0.15,0.06,0.55,,-74.98,-4.69,69.04,0.515,,61,92
MNSO,Consumer Cyclical,Specialty Retail,24.0804,0.0,-0.91,0.25,-0.46,-0.38,-75.17,1.06,10.42,60.398,23.13,61,78
HIFS,Financial Services,Banks - Regional,271.0,0.32,0.1,0.11,1.3,0.03,-75.3,15.37,23.17,34.434,17.33,61,85
JG,Technology,Software - Infrastructure,9.8819,0.0,-2.0,2.0,-2.0,0.0,-75.46,-0.15,-1.67,58.4,,61,55
DBX,Technology,Software - Infrastructure,29.43,-0.13,0.53,0.0,0.35,,-75.56,1.63,-7.99,8.599,18.33,61,36
GRNQ,Industrials,Consulting Services,1.28,0.14,-0.33,-0.5,0.0,-1.0,-75.65,-0.14,5.36,0.428,,61,71
J,Industrials,Engineering & Construction,143.74,24.83,2.83,-23.91,0.32,,-75.93,3.9,-8.55,96.474,37.29,61,35
MORN,Financial Services,Financial Data & Stock Exchanges,258.11,0.15,-0.49,-0.03,0.31,,-76.02,9.39,-1.69,55.039,27.4,61,55
INDP,Healthcare,Biotechnology,4.61,-0.01,0.0,0.0,0.45,0.41,-76.23,-37.38,-8.97,,,61,31
EPSN,Energy,Oil & Gas E&P,5.94,-1.57,0.8,4.0,0.75,1.57,-76.39,0.23,23.74,2.005,24.78,61,86
FFIV,Technology,Software - Infrastructure,314.35,0.31,-0.14,0.01,0.34,,-76.59,11.34,0.06,52.07,27.86,61,60
IMUX,Healthcare,Biotechnology,0.77,0.25,-0.02,-0.02,0.05,0.2,-76.7,-0.94,-8.97,,,61,31
NVGS,Energy,Oil & Gas Midstream,16.28,-0.26,0.26,0.19,-0.03,,-76.76,1.26,-13.76,8.182,13.19,61,19
EMR,Industrials,Specialty Industrial Machinery,133.1,0.21,-0.2,-0.7,0.79,,-76.78,3.88,-2.78,31.406,34.16,61,52
FICO,Technology,Software - Application,1518.92,0.12,0.07,0.1,0.46,0.28,-76.9,25.58,7.33,79.115,59.89,61,74
MFA,Real Estate,REIT - Mortgage,10.38,-0.45,17.0,-20.0,-0.45,,-77.39,0.88,-38.39,2.743,11.82,61,8
FCFS,Financial Services,Credit Services,150.83,-0.39,0.0,0.29,0.24,,-77.54,6.5,0.29,75.923,22.64,60,61
FI,Technology,Information Technology Services,136.18,0.23,-0.09,0.68,0.22,,-77.54,5.98,-0.95,37.476,22.58,60,57
ONTF,Technology,Software - Application,5.55,0.24,0.0,0.29,0.59,,-77.93,-0.86,-16.53,3.398,,60,17
FRME,Financial Services,Banks - Regional,41.52,0.03,-0.16,0.31,0.44,,-78.46,3.85,-4.84,11.029,10.65,60,45
LRCX,Technology,Semiconductor Equipment & Materials,100.42,0.0,0.12,0.08,0.33,0.41,-78.7,4.15,14.3,14.334,24.81,60,81
CYBN,Healthcare,Biotechnology,5.98,-0.35,-0.54,4.4,-1.04,1.45,-78.77,-4.46,-8.97,,,60,31
DRS,Industrials,Aerospace & Defense,40.91,0.05,-0.79,0.55,0.43,,-79.1,0.94,-0.85,12.907,43.83,60,58
CRON,Healthcare,Drug Manufacturers - Specialty & Generic,2.5,-6.0,0.0,0.0,-4.0,3.0,-79.12,0.05,9.74,0.34,50.0,60,77
FTDR,Consumer Cyclical,Personal Services,63.29,2.02,-0.82,-0.45,0.28,0.16,-79.13,3.37,-0.68,26.196,18.71,60,58
ECG,Industrials,Engineering & Construction,77.39,0.44,0.06,-0.21,0.36,,-79.43,3.25,15.34,64.082,22.82,60,82
MZTI,Consumer Defensive,Packaged Foods,183.91,0.0,-0.19,0.1,0.12,0.45,-79.55,6.07,-4.15,69.501,30.39,60,48
NTES,Communication Services,Electronic Gaming & Multimedia,133.14,-0.2,0.18,0.35,0.29,,-79.64,7.45,-0.55,34.449,18.02,60,58
IMMR,Technology,Software - Application,7.05,-0.75,-0.08,0.52,-0.02,,-79.69,1.8,2974.85,5.119,3.94,60,96
OVBC,Financial Services,Banks - Regional,36.9,-0.06,0.77,-0.09,0.41,,-79.71,2.94,5.66,13.478,12.41,60,71
HUMA,Healthcare,Biotechnology,1.46,-2.17,2.75,1.06,1.0,,-79.87,-0.47,2006666666666657.5,0.006,,60,97
MCK,Healthcare,Medical Distribution,691.45,-0.06,-0.05,2.71,-0.12,0.09,-80.0,24.95,10.26,2992.629,27.55,60,78
GALT,Healthcare,Biotechnology,4.67,0.25,0.1,0.09,0.67,0.27,-80.1,-0.64,-8.97,,,60,31
DOMO,Technology,Software - Application,14.66,0.03,0.03,0.06,0.53,0.1,-80.14,-1.95,-6.47,8.034,,60,40
MPTI,Technology,Electronic Components,45.12,-0.04,-0.33,-0.08,-0.16,,-80.14,2.58,6.87,18.512,17.41,60,73
GP,Industrials,Farm & Heavy Construction Machinery,0.2543,0.11,0.1,0.06,0.5,0.29,-80.14,-6.1,-67.77,0.645,,60,6
KB,Financial Services,Banks - Regional,78.22,0.04,0.04,0.04,0.04,0.7,-80.22,10.59,-3.83,10002.25,7.38,60,48
DECK,Consumer Cyclical,Footwear & Accessories,123.91,-0.08,-2.01,0.89,0.23,,-80.3,6.51,7.79,33.914,18.49,60,74
HBCP,Financial Services,Banks - Regional,56.71,0.07,0.13,0.03,0.44,,-80.33,5.21,0.55,17.885,10.8,60,61
ISBA,Financial Services,Banks - Regional,31.95,0.28,-0.02,0.23,0.45,,-80.48,2.19,-1.92,9.874,14.66,60,54
PCB,Financial Services,Banks - Regional,21.98,0.19,0.13,-0.11,0.47,,-80.62,2.14,5.48,7.179,10.19,59,71
MRSN,Healthcare,Biotechnology,7.12,-0.03,-0.73,-0.22,0.02,,-80.68,-14.79,6875.97,7.018,,59,96
GIII,Consumer Cyclical,Apparel Manufacturing,27.63,-5.17,-1.36,3.85,0.38,,-80.68,3.97,-10.27,71.688,6.54,59,24
NVO,Healthcare,Drug Manufacturers - General,56.14,-0.1,0.03,0.03,0.32,0.15,-80.69,3.9,8.47,70.144,14.16,59,76
NEE,Utilities,Utilities - Regulated Electric,70.87,1.41,-0.43,-0.54,0.25,,-80.69,2.87,2.78,12.603,24.7,59,67
FINV,Financial Services,Credit Services,7.78,-0.02,0.09,0.1,0.38,,-80.71,1.49,0.22,54.298,5.31,59,60
GCBC,Financial Services,Banks - Regional,23.41,0.07,0.19,-0.08,0.38,,-80.85,1.83,9.89,4.348,12.73,59,77
INKT,Healthcare,Biotechnology,13.75,-0.51,-0.17,-0.2,-0.45,0.57,-80.91,-2.8,-8.97,,,59,31
CXM,Technology,Software - Application,7.83,6.0,-2.5,-1.67,4.0,-5.0,-81.12,0.44,1.91,3.22,17.75,59,65
MBCN,Financial Services,Banks - Regional,30.9,0.27,0.0,1.07,0.46,,-81.18,2.25,8.14,8.73,13.46,59,75
ORA,Utilities,Utilities - Renewable,91.7,-0.46,0.0,0.81,0.24,,-81.26,2.16,0.93,14.966,42.18,59,62
LAB,Healthcare,Medical Devices,1.29,-0.29,0.29,-0.29,0.33,,-81.29,-0.37,-7.12,0.458,,59,39
LYEL,Healthcare,Biotechnology,11.72,0.25,2.62,-2.83,0.24,,-81.33,-24.26,-7212.72,0.004,,59,3
CUZ,Real Estate,REIT - Office,29.21,-0.33,0.33,0.29,0.8,,-81.44,0.37,0.67,5.69,79.65,59,62
GRMN,Technology,Scientific & Technical Instruments,237.66,0.2,-0.31,0.09,0.32,,-81.5,8.09,7.49,35.138,29.34,59,74
LARK,Financial Services,Banks - Regional,27.13,-0.07,0.42,-0.2,0.46,,-81.56,2.81,2.82,10.805,9.56,59,67
NATL,Technology,Software - Application,39.77,1.65,-1.74,0.91,0.45,,-81.6,1.72,-5.17,58.587,23.28,59,44
HEI,Industrials,Aerospace & Defense,322.29,0.12,-0.07,0.2,0.28,,-81.65,4.57,10.66,30.879,70.38,59,78
NGVC,Consumer Defensive,Grocery Stores,39.25,-0.12,0.33,0.07,0.27,,-81.83,1.88,-2.74,57.533,20.64,59,52
IGIC,Financial Services,Insurance - Diversified,24.19,0.35,-0.14,-0.14,0.1,,-82.0,2.79,-0.33,12.097,8.67,59,59
GAP,Consumer Cyclical,Apparel Retail,23.93,0.14,-0.08,-0.33,0.05,,-82.04,2.32,-10.02,40.389,10.26,59,25
EXP,Basic Materials,Building Materials,232.62,0.03,0.03,-0.19,-0.05,0.63,-82.1,13.59,-3.83,69.078,17.83,59,48
FTNT,Technology,Software - Infrastructure,76.44,0.02,-0.23,-0.03,0.14,,-82.11,2.51,7.3,8.271,31.41,58,74
GMRE,Real Estate,REIT - Healthcare Facilities,7.55,-4.0,0.5,-0.5,4.0,,-82.12,0.07,0.33,2.131,108.57,58,61
EME,Industrials,Engineering & Construction,640.57,0.0,-0.2,0.09,0.0,0.26,-82.27,24.08,7.2,342.181,25.97,58,74
KT,Communication Services,Telecom Services,20.14,0.37,0.2,0.26,0.8,0.44,-82.39,1.35,0.56,56058.82,15.02,58,61
IBKR,Financial Services,Capital Markets,64.28,0.05,-0.03,0.19,0.21,,-82.41,1.9,13.49,12.923,31.66,58,80
CRVL,Financial Services,Insurance Brokers,85.97,0.07,0.08,0.01,0.26,0.31,-82.58,1.93,2.1,17.88,44.29,58,65
MLM,Basic Materials,Building Materials,618.97,1.85,-1.52,-0.23,0.14,,-82.63,18.06,-4.96,109.77,34.48,58,45
NRIX,Healthcare,Biotechnology,9.12,0.29,0.12,-0.12,0.37,,-82.75,-2.6,177.04,1.11,,58,94
MCFT,Consumer Cyclical,Recreational Vehicles,22.61,0.0,0.35,2.82,3.09,0.05,-82.84,0.65,-8.01,17.299,35.51,58,36
GIL,Consumer Cyclical,Apparel Manufacturing,55.07,0.0,-0.54,0.05,0.6,0.19,-82.98,3.12,-3.3,21.655,17.79,58,50
NWPX,Basic Materials,Steel,52.21,1.27,-1.55,-0.01,0.05,,-83.19,3.32,-2.06,50.351,15.71,58,54
MNPR,Healthcare,Biotechnology,38.84,0.09,-0.01,-0.01,0.4,0.34,-83.24,-3.84,-8.97,,,58,31
IDN,Technology,Software - Application,5.24,1.0,0.5,0.33,0.0,0.0,-83.26,-0.05,-0.68,1.07,,58,58
NRP,Energy,Thermal Coal,103.96,-0.18,-0.07,0.57,0.09,,-83.48,10.67,-19.63,16.776,9.6,58,14
FRT,Real Estate,REIT - Retail,100.99,1.47,-0.04,0.07,0.35,,-83.54,3.95,-3.0,14.571,25.99,58,51
DC,Basic Materials,Gold,4.35,-0.5,0.87,0.47,0.67,1.5,-83.62,-0.27,-8.97,,,58,31
JBSS,Consumer Defensive,Packaged Foods,63.62,-0.49,0.48,0.17,0.35,,-83.71,5.03,-7.41,94.998,12.78,58,38
ENB,Energy,Oil & Gas Midstream,48.16,0.0,0.28,0.38,0.21,0.55,-83.85,2.06,13.37,29.583,23.43,58,80
FDBC,Financial Services,Banks - Regional,45.26,0.15,0.02,0.17,0.4,,-84.1,4.1,3.52,14.782,10.72,58,68
FSLY,Technology,Software - Application,7.3,0.04,-0.17,0.17,0.23,,-84.1,-1.03,3.72,4.011,,58,68
FCAP,Financial Services,Banks - Regional,43.47,0.16,0.0,0.11,0.33,,-84.11,3.93,3.52,13.347,11.02,58,68
NYT,Communication Services,Publishing,59.19,0.7,-1.5,0.92,0.27,,-84.2,1.93,0.26,16.237,30.56,58,60
DORM,Consumer Cyclical,Auto Parts,162.53,0.02,0.05,-0.02,0.25,,-84.68,7.33,0.99,68.296,22.33,58,63
NBHC,Financial Services,Banks - Regional,39.39,0.41,-0.16,-0.18,0.31,,-84.77,3.09,-0.16,10.462,12.66,57,59
NRIM,Financial Services,Banks - Regional,92.69,-0.13,0.21,0.24,0.3,,-84.81,7.99,17.69,31.749,11.38,57,83
NBN,Financial Services,Banks - Regional,110.46,-0.23,0.29,0.08,0.23,0.49,-84.94,8.98,15.6,25.215,12.14,57,82
MTN,Consumer Cyclical,Resorts & Casinos,158.79,0.61,2.43,0.01,0.1,,-85.01,7.85,-3.16,79.079,20.11,57,51
ICCM,Healthcare,Medical Devices,1.06,0.0,0.08,0.08,0.25,0.33,-85.04,-0.27,-73.74,0.05,,57,6
FSFG,Financial Services,Banks - Regional,27.63,0.12,-0.14,0.69,0.5,,-85.13,3.1,-7.67,11.616,8.72,57,37
FTS,Utilities,Utilities - Regulated Electric,49.68,0.0,0.08,0.09,0.49,0.08,-85.17,2.47,-3.02,23.777,19.93,57,51
CW,Industrials,Aerospace & Defense,481.09,0.19,-0.16,0.07,0.23,,-85.26,11.85,1.41,87.313,40.65,57,64
HNNA,Financial Services,Asset Management,12.45,-0.22,-0.09,0.16,0.04,0.65,-85.28,1.25,-7.82,4.615,9.73,57,37
LVWR,Consumer Cyclical,Auto Manufacturers,3.61,0.0,0.22,0.0,0.33,,-85.31,-0.41,-19.41,0.117,,57,14
OLLI,Consumer Defensive,Discount Stores,133.86,0.28,-0.44,0.9,0.25,,-85.33,3.46,5.73,39.794,38.55,57,72
KARO,Technology,Software - Application,52.38,0.05,0.06,0.12,0.19,,-85.41,1.76,9.68,154.165,30.1,57,77
GNTY,Financial Services,Banks - Regional,49.7,0.16,-0.16,0.35,0.35,,-85.46,3.15,1.93,11.181,15.73,57,65
NIC,Financial Services,Banks - Regional,137.58,0.12,-0.05,0.04,0.22,,-85.52,8.73,5.14,24.013,15.57,57,70
OLED,Technology,Electronic Components,144.68,0.04,0.39,-0.44,0.28,,-85.61,5.12,-1.51,13.918,28.4,57,55
FMAO,Financial Services,Banks - Regional,26.46,0.1,-0.2,0.27,0.33,,-85.61,2.16,4.9,8.087,12.12,57,70
HESM,Energy,Oil & Gas Midstream,41.28,0.14,-0.05,0.08,0.25,,-85.75,2.69,2.45,14.624,15.15,57,66
KMI,Energy,Oil & Gas Midstream,26.71,0.0,0.07,0.07,0.23,,-85.85,1.22,-1.4,7.188,21.8,57,56
MMS,Industrials,Specialty Business Services,88.51,0.1,1.46,-0.74,0.27,,-85.88,5.38,-4.72,92.868,16.4,57,46
IBM,Technology,Information Technology Services,247.18,1.07,-1.76,9.75,0.19,,-85.98,6.19,-2.84,69.074,40.15,57,52
FHN,Financial Services,Banks - Regional,22.79,0.12,0.37,-0.33,0.35,,-86.01,1.55,-7.31,5.908,14.35,57,38
JJSF,Consumer Defensive,Packaged Foods,108.3,8.08,-0.04,-4.85,0.21,,-86.05,4.29,-2.96,82.196,25.41,57,51
EDIT,Healthcare,Biotechnology,2.52,0.46,-0.67,0.36,0.3,,-86.08,-2.84,403.23,0.468,,57,94
IFRX,Healthcare,Biotechnology,1.57,-0.62,0.65,0.4,0.14,0.31,-86.27,-0.85,70098888889244.86,0.003,,56,96
NVAX,Healthcare,Biotechnology,7.79,-3.88,7.31,0.49,-0.65,,-86.27,2.22,2.42,6.705,3.56,56,66
ISRG,Healthcare,Medical Instruments & Supplies,454.52,-0.06,0.02,0.21,0.24,,-86.31,7.19,9.82,25.609,64.93,56,77
HCWC,Consumer Defensive,Packaged Foods,0.3958,1.33,1.57,0.61,1.0,0.09,-86.57,-0.43,41.25,7.575,,56,89
MSFT,Technology,Software - Infrastructure,507.97,0.05,0.07,-0.02,0.24,,-86.64,13.66,7.26,37.902,36.24,56,74
MEDP,Healthcare,Diagnostics & Research,482.34,-0.19,-0.0,0.22,0.11,,-86.78,13.44,8.17,73.795,36.23,56,75
LGCY,Consumer Defensive,Education & Training Services,12.5,1.09,-1.0,0.19,0.52,0.01,-86.87,0.59,20.03,5.458,21.07,56,84
FXNC,Financial Services,Banks - Regional,23.38,2.11,2.8,-4.6,0.44,,-86.96,0.84,34.93,8.643,28.05,56,88
EQBK,Financial Services,Banks - Regional,42.43,0.01,-0.23,-0.23,0.13,,-87.05,4.05,-0.93,13.735,10.42,56,57
LOPE,Consumer Defensive,Education & Training Services,205.14,-0.71,-0.13,1.0,0.24,,-87.1,8.25,-1.47,37.481,24.76,56,55
FSV,Real Estate,Real Estate Services,202.12,15.83,-11.0,-0.86,0.29,,-87.13,3.12,2.82,119.915,64.61,56,67
FSBC,Financial Services,Banks - Regional,33.09,0.1,-0.02,0.21,0.33,,-87.15,2.44,12.48,6.231,13.45,56,80
CWCO,Utilities,Utilities - Regulated Water,33.54,0.07,0.03,0.04,-2.12,-0.37,-87.16,1.05,4.17,8.132,32.18,56,69
FLS,Industrials,Specialty Industrial Machinery,54.55,0.11,-0.05,0.34,0.13,,-87.17,2.21,-4.16,35.385,24.98,56,48
GOOGL,Communication Services,Internet Content & Information,232.3,-0.22,0.31,0.01,0.22,,-87.23,9.38,3.82,30.428,25.05,56,69
GOOG,Communication Services,Internet Content & Information,232.66,-0.22,0.31,0.01,0.22,,-87.23,9.38,3.82,30.428,25.07,56,69
HAE,Healthcare,Medical Devices,54.08,-0.67,0.57,0.14,-0.06,,-87.24,3.27,-8.29,27.126,16.63,56,36
INUV,Technology,Software - Application,3.36,0.0,-10000000.0,10000000.0,0.2,,-87.25,-0.31,11.53,6.895,,56,79
FIVE,Consumer Cyclical,Specialty Retail,152.8,0.04,-3.55,112.67,0.3,,-87.51,4.95,10.46,76.895,30.99,56,78
PEPG,Healthcare,Biotechnology,1.28,0.31,-0.35,-0.03,0.24,,-87.76,-2.96,-8.97,,,56,31
OCGN,Healthcare,Biotechnology,1.03,0.0,0.0,0.0,0.2,,-87.77,-0.19,2764444444444459.5,0.016,,56,97
OSBC,Financial Services,Banks - Regional,18.76,0.11,0.05,-0.24,0.02,,-87.8,1.83,5.89,6.28,10.07,56,72
ESQ,Financial Services,Banks - Regional,96.86,0.03,-0.04,0.03,0.1,,-88.2,5.39,10.76,16.003,18.0,56,78
IBN,Financial Services,Banks - Regional,31.88,-0.0,0.05,-0.01,0.14,,-88.3,1.67,5.74,581.114,18.96,55,72
MCRI,Consumer Cyclical,Resorts & Casinos,103.71,0.36,-0.29,-0.08,0.21,,-88.33,4.22,-1.16,29.147,24.14,55,56
NI,Utilities,Utilities - Regulated Gas,39.83,-3.59,0.68,2.16,0.16,0.31,-88.38,1.88,4.62,13.172,21.45,55,69
IBP,Consumer Cyclical,Residential Construction,269.9,0.53,-0.46,-0.02,0.09,,-88.38,8.99,-2.87,106.89,30.49,55,51
EQIX,Real Estate,REIT - Specialty,767.93,0.07,26.14,-23.21,0.19,,-88.47,10.14,-2.75,92.169,76.3,55,52
CWT,Utilities,Utilities - Regulated Water,46.69,2.23,-0.5,-2.12,0.01,,-88.65,2.28,0.11,16.685,20.65,55,60
HUBB,Industrials,Electrical Equipment & Parts,437.16,0.45,-0.16,-0.11,0.13,,-88.72,15.39,-4.03,105.068,28.33,55,48
NOV,Energy,Oil & Gas Equipment & Services,13.36,0.53,-1.16,0.24,-0.97,,-88.87,1.21,-3.94,22.891,11.01,55,48
FFIN,Financial Services,Banks - Regional,37.24,0.09,-0.02,0.13,0.27,,-88.94,1.71,3.05,4.047,21.48,55,67
MNST,Consumer Defensive,Beverages - Non-Alcoholic,63.45,0.11,0.15,-0.03,0.22,,-88.96,1.61,1.99,7.861,38.8,55,65
CVRX,Healthcare,Medical Devices,7.7,-0.08,-0.23,0.33,0.14,,-88.99,-2.06,20.85,2.198,,55,85
OLMA,Healthcare,Biotechnology,6.35,-0.42,0.33,0.25,0.06,0.56,-89.0,-1.97,-8.97,,,55,31
MDBH,Financial Services,Capital Markets,3.4827,-0.26,0.13,0.11,-0.8,0.18,-89.07,1.06,-7450429999999988.0,-0.063,3.39,55,2
PAGS,Technology,Software - Infrastructure,9.26,0.04,-0.12,0.15,0.14,,-89.08,1.3,5.56,62.813,7.38,55,71
PAC,Industrials,Airports & Air Services,247.07,-0.08,0.32,0.09,0.18,,-89.09,9.95,31.7,4.501629,25.12,55,88
EW,Healthcare,Medical Devices,80.96,-0.07,-0.07,-6.91,-0.07,,-89.3,2.39,-0.64,9.632,33.87,55,58
EXR,Real Estate,REIT - Industrial,143.84,-0.08,0.03,0.36,0.34,,-89.37,4.6,2.72,16.021,32.02,55,67
EHC,Healthcare,Medical Care Facilities,124.48,-0.06,0.25,0.11,0.25,,-89.46,5.14,2.46,56.55,24.43,55,66
HRB,Consumer Cyclical,Personal Services,51.37,-1.41,4.0,-0.45,0.21,,-89.47,4.42,-5.0,27.73,11.57,55,44
FCEL,Industrials,Electrical Equipment & Parts,3.92,-0.26,0.56,-0.05,0.22,,-89.5,-7.5,43.56,6.63,,55,90
MAR,Consumer Cyclical,Lodging,268.85,0.16,0.47,-0.28,0.03,,-89.65,8.87,3.71,24.408,29.84,55,68
CTBI,Financial Services,Banks - Regional,58.84,0.13,-0.02,0.02,0.27,,-89.66,5.08,1.83,14.113,11.49,55,65
NRXS,Healthcare,Biotechnology,2.462,0.5,-0.14,-0.16,0.91,-0.03,-89.72,-1.05,21.7,0.434,,54,85
MSCI,Financial Services,Financial Data & Stock Exchanges,557.19,0.05,-0.05,0.09,0.16,,-89.72,15.1,1.07,38.342,36.76,54,63
FBNC,Financial Services,Banks - Regional,55.55,0.06,8.78,-4.0,0.33,,-89.81,2.34,2.74,8.771,23.68,54,67
KRT,Consumer Cyclical,Packaging & Containers,25.67,0.72,0.14,-0.61,0.2,,-89.82,1.59,-0.44,22.063,16.03,54,59
ENSG,Healthcare,Medical Care Facilities,173.0,0.05,0.01,0.01,0.17,,-89.88,5.52,9.2,80.964,31.52,54,76
LII,Industrials,Building Products & Equipment,561.37,1.32,-0.64,-0.21,0.14,,-89.94,23.35,-3.87,152.58,24.76,54,48
DYAI,Healthcare,Biotechnology,0.9569,0.17,-0.75,-3.0,0.17,0.0,-89.94,-0.19,9.03,0.139,,54,76
DOV,Industrials,Specialty Industrial Machinery,178.36,0.21,-5.23,3.14,-0.01,,-89.96,7.75,-5.75,57.046,22.94,54,42
KSPI,Technology,Software - Infrastructure,91.09,0.02,-0.25,0.17,0.07,,-90.09,10.5,47.29,16726.14,8.44,54,90
FNLC,Financial Services,Banks - Regional,27.54,0.14,-0.03,-0.05,0.31,,-90.13,2.68,1.58,7.718,10.14,54,64
NEON,Technology,Electronic Components,6.16,-0.1,-0.18,-0.21,0.0,0.4,-90.19,-0.38,-39.69,0.157,,54,8
GIGM,Communication Services,Electronic Gaming & Multimedia,1.551,0.0,-0.5,-0.33,0.0,0.33,-90.2,-0.05,-3.48,0.294,,54,50
HCA,Healthcare,Medical Care Facilities,411.59,0.06,0.15,0.16,0.25,,-90.24,23.82,-1.17,292.286,17.66,54,56
LPLA,Financial Services,Capital Markets,360.04,-0.25,0.18,0.06,0.05,,-90.28,14.58,15.68,180.922,22.84,54,82
CSWC,Financial Services,Asset Management,23.0,0.19,0.24,-0.41,0.61,-0.05,-90.32,1.64,36.69,4.23,14.0,54,89
MBWM,Financial Services,Banks - Regional,48.76,0.15,-0.01,0.0,0.19,,-90.34,5.03,-1.01,14.115,9.68,54,57
LMAT,Healthcare,Medical Instruments & Supplies,97.07,0.24,-0.02,0.0,0.15,,-90.57,2.05,5.26,10.409,47.56,54,71
NNVC,Healthcare,Biotechnology,1.375,0.0,0.64,-0.18,0.14,0.29,-90.57,-0.69,-8.97,,,54,31
IX,Financial Services,Financial Conglomerates,26.1,0.05,0.06,0.06,0.26,0.16,-90.61,2.21,-1.04,2578.638,11.86,54,57
KMT,Industrials,Tools & Accessories,21.83,0.0,0.78,-0.22,-0.15,0.71,-90.63,1.2,-12.69,25.456,18.29,54,21
MOD,Consumer Cyclical,Auto Parts,135.99,0.06,0.21,-0.16,0.08,,-90.63,3.49,-4.13,49.497,38.74,54,48
HBAN,Financial Services,Banks - Regional,17.88,0.03,0.0,0.03,0.17,,-90.68,1.34,-1.43,4.979,13.16,54,56
GSL,Industrials,Marine Shipping,30.89,-0.3,0.34,0.09,0.07,,-90.7,10.7,4.18,20.563,2.93,54,69
OC,Industrials,Building Products & Equipment,152.36,4.95,1.78,-2.23,0.31,,-90.78,8.17,0.75,136.568,19.04,53,62
ED,Utilities,Utilities - Regulated Electric,97.8,-2.32,1.51,-0.89,0.17,,-90.85,5.5,0.1,46.102,17.83,53,60
CSCO,Technology,Communication Equipment,67.99,0.0,0.03,-0.11,0.17,0.34,-91.02,2.55,-2.83,14.249,26.24,53,52
JKHY,Technology,Information Technology Services,161.29,0.0,0.14,-0.22,0.1,0.28,-91.09,6.25,-0.05,32.594,25.96,53,60
NECB,Financial Services,Banks - Regional,22.53,0.06,-0.04,-0.17,-0.15,,-91.18,3.29,-0.92,7.827,6.74,53,57
MWA,Industrials,Specialty Industrial Machinery,26.75,0.03,0.43,2.83,0.13,,-91.25,0.94,-2.6,8.936,28.49,53,53
MANH,Technology,Software - Application,209.86,0.09,0.09,-0.32,0.09,,-91.31,3.57,-1.75,17.364,60.31,53,55
HAYW,Industrials,Electrical Equipment & Parts,16.01,2.0,-2.57,2.12,0.24,,-91.32,0.6,-9.08,5.019,27.1,53,27
PAYX,Technology,Software - Application,137.32,0.0,0.25,-0.03,0.36,0.04,-91.39,4.58,-0.35,15.468,29.57,53,59
FUNC,Financial Services,Banks - Regional,37.15,0.02,-0.06,0.07,0.23,,-91.46,3.65,-2.21,12.578,10.12,53,53
ECOR,Healthcare,Medical Devices,4.925,0.07,-0.21,-0.26,-0.16,0.13,-91.56,-1.6,26.89,3.37,,53,87
GBFH,Financial Services,Banks - Regional,38.415,0.06,-0.23,0.06,0.14,,-91.57,1.27,21.68,4.672,30.98,53,85
LHX,Industrials,Aerospace & Defense,271.79,0.2,-0.16,0.13,0.27,,-91.58,8.96,-5.23,113.234,30.4,53,44
CTOS,Industrials,Rental & Leasing Services,6.15,-0.62,-0.07,-0.07,-0.3,-0.33,-91.6,-0.16,10.52,8.245,,53,78
NTB,Financial Services,Banks - Diversified,45.3,0.02,-0.09,0.16,0.15,,-91.66,4.96,-5.56,13.668,9.01,53,43
CSW,Industrials,Specialty Industrial Machinery,265.95,0.0,0.31,-0.42,-0.19,0.36,-91.71,8.34,6.12,55.298,31.84,53,72
JILL,Consumer Cyclical,Apparel Retail,17.58,-0.1,-0.03,-0.03,0.25,-0.54,-91.78,2.37,-9.02,39.308,7.59,53,27
NEU,Basic Materials,Specialty Chemicals,820.19,-0.12,0.15,-0.19,0.02,,-91.88,50.43,-8.07,293.118,16.13,53,36
LAD,Consumer Cyclical,Auto & Truck Dealerships,340.09,0.24,-0.03,0.05,0.26,,-91.91,33.7,-0.86,1410.087,10.12,53,58
GASS,Industrials,Marine Shipping,7.48,0.45,0.0,0.15,-0.27,,-91.99,1.64,0.81,4.874,4.53,53,62
OBT,Financial Services,Banks - Regional,26.95,0.13,0.22,1.21,0.19,,-92.02,2.56,6.75,9.177,10.45,53,73
FATE,Healthcare,Biotechnology,0.9729,0.1,0.37,-0.1,0.14,,-92.12,-1.46,-217.4,0.072,,53,4
ENS,Industrials,Electrical Equipment & Parts,103.06,-0.49,-0.33,0.42,-0.18,0.22,-92.18,8.74,-4.95,92.813,11.88,53,45
JOE,Real Estate,Real Estate - Diversified,50.18,0.7,-0.07,0.1,0.21,,-92.29,1.42,7.24,7.325,36.01,52,74
G,Technology,Information Technology Services,44.97,0.01,-0.08,0.08,0.12,,-92.37,3.01,-2.58,28.021,14.91,52,53
IMRX,Healthcare,Biotechnology,5.46,0.05,0.38,-0.18,0.17,,-92.5,-1.9,-352168888888959.7,,,52,3
MSI,Technology,Communication Equipment,478.62,0.19,-0.42,0.09,0.16,,-92.67,12.45,-2.22,66.445,38.47,52,53
FMBH,Financial Services,Banks - Regional,40.64,0.05,0.16,-0.01,0.18,,-92.78,3.52,1.84,13.808,11.4,52,65
NSA,Real Estate,REIT - Industrial,32.68,0.9,-0.5,-0.2,0.19,,-92.81,0.62,-5.92,9.727,53.71,52,42
KC,Technology,Software - Application,13.42,0.0,-0.6,4.8,0.25,0.25,-92.83,-1.13,5.34,33.511,,52,71
ERIE,Financial Services,Insurance Brokers,336.43,0.26,-0.1,-0.05,0.07,,-92.89,11.96,-0.07,75.989,28.02,52,60
MCS,Communication Services,Entertainment,15.29,0.0,-18.23,-22.75,0.17,-0.41,-92.93,0.47,10.45,23.259,32.83,52,78
ECL,Basic Materials,Specialty Chemicals,274.94,0.3,-0.18,-0.56,0.08,,-93.02,7.47,-5.85,55.483,36.62,52,42
LECO,Industrials,Tools & Accessories,243.98,0.0,-0.18,0.4,0.18,-0.03,-93.15,8.89,-2.02,73.039,27.48,52,54
IMO,Energy,Oil & Gas Integrated,87.47,-0.36,0.06,0.02,-0.13,,-93.21,6.57,-16.97,96.107,13.28,52,16
DBD,Technology,Software - Application,59.74,2.5,-2.47,5.0,-0.21,,-93.37,-0.35,-11.26,97.928,,52,23
ITUB,Financial Services,Banks - Regional,6.99,-0.01,0.04,0.04,0.1,0.14,-93.39,0.73,-9.43,12.703,9.73,52,26
CVS,Healthcare,Healthcare Plans,73.69,0.0,0.08,17.71,0.0,0.6,-93.41,3.59,-0.52,304.54,20.55,52,59
EDN,Utilities,Utilities - Regulated Electric,21.69,0.0,-1.09,-0.52,-0.32,-2.16,-93.45,3.61,41.96,52060.9,6.05,52,90
GABC,Financial Services,Banks - Regional,41.73,1.8,-1.6,0.1,0.22,,-93.46,2.66,149.64,8.548,15.52,52,93
JLL,Real Estate,Real Estate Services,307.68,1.02,-3.33,0.56,0.33,,-93.5,11.65,0.63,519.778,26.74,52,62
GNTX,Consumer Cyclical,Auto Parts,28.12,0.02,0.08,-0.38,0.16,,-93.53,1.77,4.39,10.711,16.09,52,69
NKTX,Healthcare,Biotechnology,2.13,0.39,-0.23,0.11,0.1,,-93.58,-1.46,-8.97,,,52,31
DLNG,Energy,Oil & Gas Midstream,3.72,-0.04,-0.1,0.6,0.22,,-93.69,1.1,-5.49,4.288,3.43,52,43
MAIN,Financial Services,Asset Management,66.59,0.05,-0.5,0.39,0.15,,-93.72,6.08,4.44,6.311,10.94,52,69
PB,Financial Services,Banks - Regional,68.8,0.04,0.0,0.02,0.21,,-93.77,5.5,-7.15,12.888,12.37,52,39
MRKR,Healthcare,Biotechnology,0.8598,0.38,-0.21,-0.27,-0.16,-0.48,-93.86,-1.35,3679036666666669.0,0.499,,51,97
EFSC,Financial Services,Banks - Regional,61.18,0.02,0.03,-0.03,0.14,,-93.9,5.26,1.22,17.187,11.53,51,63
GNRC,Industrials,Specialty Industrial Machinery,178.18,0.72,-1.95,0.14,0.28,,-93.97,6.0,-3.18,74.75,30.22,51,50
MGIC,Technology,Information Technology Services,19.57,0.05,-0.16,0.29,0.11,,-94.01,0.79,0.27,11.905,24.86,51,61
CTAS,Industrials,Specialty Business Services,206.84,0.0,0.03,-0.01,0.12,0.16,-94.01,4.4,-1.93,25.624,46.48,51,54
ENTA,Healthcare,Biotechnology,8.89,0.25,-0.01,0.3,0.26,,-94.04,-4.32,-11.98,3.044,,51,22
EP,Energy,Oil & Gas E&P,4.95,-0.25,0.08,-0.08,0.0,,-94.04,-0.51,-31.94,1.183,,51,9
ONDS,Technology,Communication Equipment,5.336,0.87,0.0,0.0,0.75,0.13,-94.08,-0.51,414.69,0.159,,51,94
LKFN,Financial Services,Banks - Regional,67.19,0.35,-0.21,0.03,0.19,,-94.11,3.67,-9.86,9.315,18.51,51,25
MTCH,Communication Services,Internet Content & Information,37.39,0.09,-0.34,0.19,0.02,,-94.18,2.02,-7.23,13.746,18.9,51,38
GOLF,Consumer Cyclical,Leisure,75.955,-0.29,82.0,-45.5,0.12,,-94.21,3.77,-3.87,40.43,20.31,51,48
GL,Financial Services,Insurance - Life,141.45,0.01,0.0,-0.13,0.09,,-94.24,12.5,-5.69,69.792,11.18,51,43
FHB,Financial Services,Banks - Regional,26.13,0.23,0.15,-0.17,0.21,,-94.3,1.93,-3.11,6.353,13.33,51,51
NAUT,Healthcare,Biotechnology,0.6518,0.08,0.08,-0.08,0.17,,-94.4,-0.52,-8.97,,,51,31
HOMB,Financial Services,Banks - Regional,30.09,0.03,0.14,0.02,0.18,,-94.43,2.19,0.24,5.073,13.63,51,60
ORRF,Financial Services,Banks - Regional,35.21,0.07,0.31,2.76,0.36,,-94.5,1.87,56.1,12.2,18.7,51,91
CZR,Consumer Cyclical,Resorts & Casinos,25.75,0.38,-11.8,2.25,0.44,,-94.52,-0.93,-4.45,53.651,,51,47
MUSA,Consumer Cyclical,Specialty Retail,373.64,1.79,-1.65,-0.03,0.06,,-94.53,24.05,-12.37,855.844,16.11,51,21
DGII,Technology,Communication Equipment,34.1,0.0,0.04,-0.22,0.04,,-94.57,1.14,-3.56,11.441,30.43,51,49
LVTX,Healthcare,Biotechnology,1.55,-1.46,0.08,2.29,-0.03,,-94.71,-1.06,8.03,0.186,,51,75
GSBC,Financial Services,Banks - Regional,64.28,0.18,0.16,-0.11,0.18,,-94.72,5.86,-5.8,19.305,10.83,51,42
FSS,Industrials,Pollution & Treatment Controls,124.97,0.55,-0.08,-0.07,0.18,-0.12,-94.79,3.59,6.27,32.45,34.8,51,72
GS,Financial Services,Capital Markets,748.9,-0.29,0.17,0.42,0.26,,-94.8,45.4,-0.6,171.017,16.26,51,58
FFBC,Financial Services,Banks - Regional,26.7,0.37,-0.28,0.23,0.16,,-94.82,2.5,-1.88,8.261,10.55,50,55
GD,Industrials,Aerospace & Defense,322.44,0.02,-0.14,0.24,0.15,,-94.86,14.88,-0.53,185.34,21.7,50,59
LTBR,Industrials,Electrical Equipment & Parts,14.12,0.5,-0.12,-0.13,0.06,-0.14,-94.9,-0.83,-8.97,,,50,31
DBVT,Healthcare,Biotechnology,9.22,-0.19,0.12,0.1,0.1,0.08,-94.95,-5.6,-8.97,0.175,,50,31
ITGR,Healthcare,Medical Devices,106.6,2.61,-2.47,-0.08,0.14,,-94.97,2.34,2.63,52.672,45.7,50,66
GRCE,Healthcare,Biotechnology,3.06,0.36,0.26,-0.2,0.14,-0.27,-95.02,-0.76,-8.97,,,50,31
NRT,Energy,Oil & Gas E&P,5.05,0.08,7.33,-3.67,0.08,0.14,-95.16,0.6,-1.31,0.673,8.45,50,56
DIBS,Consumer Cyclical,Internet Retail,2.76,0.17,0.0,0.07,0.0,,-95.17,-0.55,-11.07,2.455,,50,23
HTO,Utilities,Utilities - Regulated Water,49.94,0.45,-0.41,-0.7,0.11,,-95.25,3.07,2.48,23.389,16.44,50,66
LI,Consumer Cyclical,Auto Manufacturers,23.98,0.69,-4.5,0.25,-0.02,,-95.31,1.07,16.25,143.022,22.1,50,82
EPRT,Real Estate,REIT - Retail,30.74,0.07,-0.03,0.11,0.1,,-95.34,1.19,16.18,2.724,25.88,50,82
MCB,Financial Services,Banks - Regional,80.01,0.22,-0.31,0.74,0.19,,-95.34,6.17,5.05,24.845,12.88,50,70
ORCL,Technology,Software - Infrastructure,223.0,0.0,-0.08,0.07,-0.09,0.21,-95.39,4.33,2.14,20.58,53.76,50,66
MS,Financial Services,Capital Markets,150.53,-0.22,0.16,0.18,0.16,,-95.39,8.83,-1.2,41.448,16.77,50,56
CTSH,Technology,Information Technology Services,71.45,-0.02,0.22,-0.06,0.15,,-95.41,4.93,-2.81,41.47,14.57,50,52
NPCE,Healthcare,Medical Devices,9.61,-0.24,-0.17,0.06,0.0,,-95.42,-0.82,13.2,2.864,,50,80
IRMD,Healthcare,Medical Devices,72.14,0.0,-0.11,0.02,-0.05,0.12,-95.55,1.61,7.17,6.115,44.71,50,73
EVR,Financial Services,Capital Markets,318.14,-0.51,0.03,0.79,0.31,,-95.69,11.03,3.9,84.152,28.9,50,69
NMIH,Financial Services,Insurance - Specialty,40.1,-0.07,0.2,-0.07,0.07,,-95.69,4.71,-0.75,8.632,8.49,50,58
IT,Technology,Information Technology Services,236.73,0.14,-0.88,-0.04,0.06,,-95.74,16.23,-1.85,82.973,15.15,50,55
DLB,Industrials,Specialty Business Services,72.79,-0.98,0.34,0.16,0.2,,-95.74,2.71,-2.86,14.058,26.8,50,52
FOUR,Technology,Software - Infrastructure,87.52,0.46,-1.12,-0.53,-0.69,-0.29,-95.79,2.66,13.84,52.444,32.93,50,81
MVST,Consumer Cyclical,Auto Parts,2.53,-2.74,2.37,-7.5,-0.03,,-95.81,-0.35,9.18,1.31,,49,76
GWW,Industrials,Industrial Distribution,1028.03,0.0,0.01,-0.02,0.04,0.02,-95.87,39.44,-1.97,361.178,25.19,49,54
ONIT,Financial Services,Mortgage Finance,42.61,-0.05,-0.01,-0.01,0.9,-0.46,-95.96,3.94,-7.07,124.815,10.73,49,39
NATH,Consumer Cyclical,Restaurants,105.57,0.33,0.49,-0.35,-0.04,0.13,-96.19,5.76,-2.67,36.803,18.23,49,52
FAST,Industrials,Industrial Distribution,50.27,0.12,0.13,-0.13,0.12,,-96.26,1.04,-0.58,6.781,46.14,49,58
EFSI,Financial Services,Banks - Regional,36.93,2.56,-2.14,0.79,0.09,,-96.31,2.37,12.23,14.478,15.74,49,80
DMRC,Technology,Software - Application,8.09,0.45,-0.37,0.25,0.13,,-96.31,-1.83,-24.29,1.649,,49,12
LIN,Basic Materials,Specialty Chemicals,472.39,0.0,0.04,0.04,0.02,0.04,-96.32,14.09,-6.32,70.103,33.32,49,41
NWN,Utilities,Utilities - Regulated Gas,41.55,-37.33,0.95,2.58,0.2,,-96.36,2.54,-2.53,30.969,16.47,49,53
MA,Financial Services,Credit Services,595.64,0.0,-0.01,0.03,0.03,0.11,-96.41,14.84,7.02,33.068,39.37,49,73
MTB,Financial Services,Banks - Regional,202.36,0.28,-0.17,-0.04,0.14,,-96.44,15.43,-0.99,54.3,12.93,49,57
FLNT,Communication Services,Advertising Agencies,2.26,0.3,-1.05,1.53,1.5,,-96.46,-1.37,-33.03,11.767,,49,9
GIC,Industrials,Industrial Distribution,38.22,0.86,0.3,-0.63,0.25,,-96.61,1.7,-4.37,34.495,22.31,49,47
EU,Energy,Uranium,2.32,3.33,-0.19,-0.23,3.0,-2.25,-96.7,-0.34,4716666666666694.0,0.239,,49,97
MCD,Consumer Cyclical,Restaurants,316.99,0.21,-0.08,-0.12,0.12,,-96.7,11.66,-4.89,36.422,26.96,49,45
MTG,Financial Services,Insurance - Specialty,28.44,0.07,0.04,-0.05,0.05,,-96.85,3.05,-8.98,4.916,9.31,49,27
OMAB,Industrials,Airports & Air Services,103.18,0.04,0.08,-0.16,0.04,,-96.86,5.73,14.21,326.016,18.4,49,81
ORLY,Consumer Cyclical,Auto Parts,105.04,0.24,-0.02,-0.2,0.1,,-96.92,2.79,-2.2,19.861,37.58,49,53
EWBC,Financial Services,Banks - Regional,108.59,0.07,-0.0,-0.02,0.09,,-96.95,8.56,2.72,17.754,12.57,49,67
FBP,Financial Services,Banks - Regional,22.33,0.06,0.02,0.02,0.09,,-96.96,1.88,-4.23,5.484,11.73,49,47
IOVA,Healthcare,Biotechnology,2.2,0.09,-0.38,0.08,0.03,,-97.05,-1.21,1321111111112681.8,0.763,,49,97
CTVA,Basic Materials,Agricultural Inputs,72.65,1.02,16.83,11.67,0.27,,-97.08,2.17,-4.29,25.028,33.32,49,47
DSGX,Technology,Software - Application,106.22,0.05,-0.01,-0.01,0.07,0.02,-97.28,1.69,2.83,7.996,63.78,49,67
ONL,Real Estate,REIT - Office,2.95,-1.65,2.47,-2.28,0.33,,-97.32,-1.38,1.11,2.71,,48,63
MTZ,Industrials,Engineering & Construction,182.51,0.0,-6.38,-0.27,-2.38,5.08,-97.36,3.36,9.53,167.227,52.98,48,77
DUK,Utilities,Utilities - Regulated Electric,120.87,-0.41,0.14,-0.04,0.11,,-97.38,6.11,-3.36,39.804,19.74,48,50
FCUV,Technology,Scientific & Technical Instruments,2.2,-0.18,-12.33,-12.33,0.05,0.18,-97.38,-0.45,101.61,0.061,,48,93
FBIZ,Financial Services,Banks - Regional,52.32,0.02,-0.3,0.38,0.1,,-97.39,5.6,0.05,18.531,9.29,48,60
ITIC,Financial Services,Insurance - Specialty,254.99,2.87,-1.64,-0.11,0.38,,-97.44,17.5,-3.44,142.95,14.38,48,50
L,Financial Services,Insurance - Property & Casualty,97.53,0.07,1.02,-1.13,0.12,,-97.48,6.3,-1.84,84.112,15.34,48,55
HOUR,Consumer Cyclical,Internet Retail,1.89,1.0,0.33,0.5,1.0,-0.5,-97.56,0.03,0.22,3.939,121.67,48,60
HBNC,Financial Services,Banks - Regional,16.82,-0.17,3.2,-2.68,0.47,,-97.6,1.17,0.96,4.836,14.23,48,63
FRSX,Consumer Cyclical,Auto Parts,2.42,-3.45,7.32,-0.05,-0.16,,-97.61,-3.83,45.93,0.18,,48,90
GSK,Healthcare,Drug Manufacturers - General,39.61,-0.12,2.93,8.21,0.23,,-97.61,2.22,-5.26,15.512,18.24,48,44
PECO,Real Estate,REIT - Retail,36.03,-1.1,0.4,0.59,-0.2,,-97.65,0.55,0.16,5.59,65.73,48,60
LULU,Consumer Cyclical,Apparel Retail,206.09,0.19,-1.36,1.14,-0.02,,-97.65,14.65,1.85,90.031,11.45,48,65
MMC,Financial Services,Insurance Brokers,206.11,-0.14,0.76,0.05,0.08,,-97.82,8.33,1.6,52.437,24.46,48,64
PDSB,Healthcare,Biotechnology,1.22,0.0,0.19,0.16,0.1,0.43,-97.9,-0.91,-8.97,,,48,31
OSIS,Technology,Electronic Components,235.71,0.0,0.08,1.11,-0.07,0.22,-97.92,8.71,-1.21,102.218,26.81,48,56
MGRX,Healthcare,Health Information Services,2.22,1.26,-0.13,-0.15,1.4,0.16,-97.92,-3.54,1337.12,0.107,,48,95
MGEE,Utilities,Utilities - Regulated Electric,85.23,-0.56,0.87,-0.85,0.11,,-98.03,3.6,-1.31,19.274,23.54,48,56
MDLZ,Consumer Defensive,Confectioners,60.9,0.58,-3.23,1.05,0.09,,-98.05,2.73,-1.04,28.174,22.62,48,57
OFG,Financial Services,Banks - Regional,45.34,0.14,-0.09,0.09,0.06,,-98.14,4.25,-4.94,13.566,10.54,48,45
EFX,Industrials,Consulting Services,240.6,0.44,-0.31,0.23,0.17,,-98.33,5.12,-2.37,47.079,48.76,48,53
ECX,Consumer Cyclical,Auto Parts,1.53,-0.66,-4.21,8.18,-0.08,,-98.5,-0.35,-9.69,2.367,,48,26
EPAC,Industrials,Specialty Industrial Machinery,42.37,0.08,-0.05,-0.12,-0.15,,-98.52,1.61,-4.04,11.209,26.52,48,48
MKTX,Financial Services,Capital Markets,180.13,3.77,-3.35,-0.09,0.11,,-98.57,5.94,0.18,22.384,31.57,47,60
ETN,Industrials,Specialty Industrial Machinery,348.22,0.02,0.0,-0.03,0.01,,-98.72,9.95,0.9,66.063,35.08,47,62
EVTC,Technology,Software - Infrastructure,34.6,0.24,-0.24,0.62,0.26,,-98.74,2.13,0.9,13.89,16.18,47,62
NSPR,Healthcare,Medical Devices,2.44,-0.18,-0.16,-0.19,-0.18,,-98.86,-0.81,-2.14,0.142,,47,54
LWLG,Basic Materials,Specialty Chemicals,3.02,-0.25,0.0,0.0,0.0,0.25,-98.88,-0.17,45002222222249.9,0.001,,47,96
MUFG,Financial Services,Banks - Diversified,15.38,0.0,0.0,0.0,0.0,,-98.93,1.08,-9.28,469.055,14.14,47,27
LAMR,Real Estate,REIT - Specialty,128.01,0.13,136.0,-145.0,0.13,,-98.98,4.29,-4.85,21.885,29.84,47,45
FIBK,Financial Services,Banks - Regional,32.825,0.41,-0.04,-0.06,0.19,,-99.05,2.22,-0.91,9.07,14.66,47,57
KRC,Real Estate,REIT - Office,41.4,0.76,-0.52,0.14,0.41,,-99.27,1.84,-4.77,9.629,23.21,47,45
FN,Technology,Electronic Components,362.16,0.0,-0.06,0.12,0.01,0.01,-99.37,9.18,9.83,94.936,40.31,47,77
DVN,Energy,Oil & Gas E&P,35.58,0.84,-0.27,-0.34,0.05,,-99.39,4.44,1.27,25.243,7.83,47,63
IBOC,Financial Services,Banks - Regional,72.415,0.03,-0.01,-0.01,0.03,-0.01,-99.4,6.61,-4.7,13.003,10.83,47,46
OPCH,Healthcare,Medical Care Facilities,28.78,0.11,-0.29,0.12,0.0,,-99.4,1.26,5.74,32.19,23.09,47,72
OGS,Utilities,Utilities - Regulated Gas,75.21,-2.75,0.47,2.97,0.1,,-99.45,4.19,6.48,39.827,18.14,47,73
HPQ,Technology,Computer Hardware,28.92,0.88,-0.4,-0.57,0.25,,-99.51,2.75,-8.96,57.56,10.67,47,35
PBA,Energy,Oil & Gas Midstream,37.79,-0.23,0.14,0.17,-0.15,0.08,-99.51,2.15,-14.89,13.878,17.67,47,18
ITRN,Technology,Scientific & Technical Instruments,33.9,-0.09,0.04,0.01,0.02,,-99.51,2.79,-4.96,17.071,12.1,47,45
IROQ,Financial Services,Banks - Regional,25.4439,-0.23,0.9,0.54,0.41,,-99.51,1.37,1.25,7.98,18.55,47,63
OPBK,Financial Services,Banks - Regional,14.31,0.14,0.12,-0.09,0.17,,-99.54,1.48,2.71,5.667,9.64,47,67
HWKN,Basic Materials,Specialty Chemicals,168.69,0.78,0.1,-0.61,0.01,,-99.57,4.04,3.69,48.694,41.37,47,68
DRIO,Healthcare,Health Information Services,10.22,-0.29,0.39,0.28,-1.25,0.43,-99.73,-13.4,-16.44,9.981,,47,17
GEHC,Healthcare,Health Information Services,74.12,-0.16,-0.28,0.53,0.13,,-99.78,4.88,-5.39,43.739,15.52,47,43
DTM,Energy,Oil & Gas Midstream,105.3,0.0,0.08,0.09,0.08,0.07,-99.89,3.73,10.59,11.112,28.22,47,78
GPI,Consumer Cyclical,Auto & Truck Dealerships,480.01,0.12,0.39,-0.23,0.05,,-99.99,36.19,10.0,1687.63,13.37,46,77
DOX,Technology,Software - Infrastructure,84.6,-0.05,0.09,0.76,0.14,,-100.05,4.94,-13.61,41.364,17.41,46,19
LMND,Financial Services,Insurance - Property & Casualty,50.7,0.43,0.05,0.05,0.35,-0.28,-100.18,-2.82,35.13,8.301,,46,89
MFG,Financial Services,Banks - Regional,6.54,0.0,0.0,0.0,0.0,,-100.19,0.48,-7.14,309.8418,13.56,46,39
NPK,Industrials,Aerospace & Defense,108.77,-0.49,-0.03,-0.03,-0.18,0.16,-100.31,5.83,19.8,63.119,18.76,46,84
EG,Financial Services,Insurance - Reinsurance,345.26,2.29,3.85,-2.18,-0.04,,-100.34,19.14,0.38,419.314,17.76,46,61
OKE,Energy,Oil & Gas Midstream,74.38,0.29,-0.52,0.34,0.01,,-100.39,5.13,35.3,46.43,14.16,46,89
HTHT,Consumer Cyclical,Lodging,36.39,0.0,13.5,-19.5,-0.17,0.38,-100.42,1.67,2.19,78.838,22.51,46,66
HDSN,Basic Materials,Specialty Chemicals,10.36,2.83,2.0,-3.83,0.1,,-100.43,0.4,-7.38,5.052,25.5,46,38
JNJ,Healthcare,Drug Manufacturers - General,178.76,-0.99,2.21,0.27,0.18,,-100.48,9.33,-3.75,37.653,19.12,46,49
HBT,Financial Services,Banks - Regional,26.59,0.02,-0.07,0.1,0.07,,-100.57,2.42,-2.09,7.285,10.87,46,54
KMPR,Financial Services,Insurance - Property & Casualty,54.17,-0.38,0.03,0.32,-0.04,,-100.61,5.31,-5.96,74.789,10.16,46,42
HLI,Financial Services,Capital Markets,197.46,0.01,0.01,0.02,0.07,0.16,-100.71,5.93,3.51,37.573,33.24,46,68
OMER,Healthcare,Biotechnology,4.18,0.35,-0.07,0.04,1.26,,-100.82,-2.36,-8.97,,,46,31
FMNB,Financial Services,Banks - Regional,15.3,0.03,-0.06,0.65,0.16,,-100.84,1.34,1.42,4.533,11.23,46,64
DRI,Consumer Cyclical,Restaurants,210.19,0.0,0.51,0.05,0.07,0.05,-100.89,8.89,0.74,102.78,23.64,46,62
FMS,Healthcare,Medical Care Facilities,24.31,0.48,1.26,-2.17,0.2,,-101.01,1.3,-7.53,33.2605,19.05,46,38
LTRN,Healthcare,Biotechnology,4.2,0.05,0.0,0.0,0.15,0.21,-101.06,-1.78,-8.97,,,46,31
FR,Real Estate,REIT - Industrial,52.03,0.17,-0.44,-0.44,0.08,,-101.06,2.05,1.19,5.291,25.49,46,63
EGP,Real Estate,REIT - Industrial,168.22,0.06,-0.03,0.04,0.05,,-101.06,4.64,4.8,13.3,36.24,46,70
HGTY,Financial Services,Insurance - Property & Casualty,11.5,0.29,6.0,-2.0,0.0,,-101.23,0.2,12.62,14.461,58.9,46,80
LOGI,Technology,Computer Hardware,106.52,0.02,-0.37,0.4,0.06,,-101.28,4.19,-7.59,30.77,25.6,46,37
NNOX,Healthcare,Medical Devices,3.72,-0.1,0.1,0.0,0.0,,-101.29,-0.9,64.7,0.193,,45,91
DAVE,Technology,Software - Application,195.59,-2.22,0.67,31.75,0.33,,-101.38,3.78,44.48,33.352,51.49,45,90
HPK,Energy,Oil & Gas E&P,7.62,-0.37,2.71,-4.14,-0.11,,-101.52,0.87,-2.05,7.74,8.61,45,54
NVS,Healthcare,Drug Manufacturers - General,128.42,0.13,0.29,-0.11,0.29,,-101.72,6.86,1.14,27.896,18.91,45,63
INSM,Healthcare,Biotechnology,142.53,-0.2,-0.08,-0.04,0.14,,-101.81,-5.67,11.83,2.202,,45,79
LHAI,Real Estate,Real Estate Services,8.42,-4.59,-1.29,-0.56,-2.58,1.0,-101.88,0.05,164.34,1.018,175.2,45,93
CWH,Consumer Cyclical,Auto & Truck Dealerships,17.64,3.4,1.8,-5.67,1.18,,-101.96,-0.24,-4.18,111.336,,45,47
ITW,Industrials,Specialty Industrial Machinery,265.67,0.08,-0.07,-0.54,0.01,,-101.97,11.4,-7.42,53.689,23.35,45,38
OZK,Financial Services,Banks - Regional,52.93,0.07,-0.03,-0.03,0.04,-0.02,-102.04,6.16,-2.26,13.339,8.5,45,53
EPD,Energy,Oil & Gas Midstream,31.8,0.03,-0.16,0.14,0.02,,-102.1,2.67,-17.11,25.268,11.86,45,16
DTE,Utilities,Utilities - Regulated Electric,136.41,-0.95,-0.04,-0.04,-0.42,0.42,-102.1,6.95,0.91,68.439,19.65,45,62
GH,Healthcare,Diagnostics & Research,61.36,-0.04,0.17,-0.02,0.05,,-102.18,-3.35,20.2,6.7,,45,84
MAA,Real Estate,REIT - Residential,144.0,-0.68,0.09,0.45,0.07,,-102.24,4.86,-6.11,18.826,29.92,45,41
PEBK,Financial Services,Banks - Regional,31.9,0.18,0.22,-0.1,0.04,,-102.25,3.11,-3.72,15.877,10.2,45,49
JD,Consumer Cyclical,Internet Retail,30.93,-0.73,0.11,-0.19,-0.94,,-102.28,3.58,8.24,875.602,8.78,45,75
KNX,Industrials,Trucking,43.93,0.11,-1.26,1.26,0.62,,-102.32,1.02,-5.79,45.857,42.26,45,42
MRCC,Financial Services,Asset Management,7.56,-4.0,3.67,-3.87,-2.67,,-102.32,0.09,-669.31,2.364,84.0,45,4
MMSI,Healthcare,Medical Instruments & Supplies,92.15,0.08,0.06,-0.02,-0.11,,-102.34,1.97,2.49,24.408,47.19,45,66
FELE,Industrials,Specialty Industrial Machinery,97.88,0.97,-0.09,-0.63,0.03,,-102.34,3.86,-1.12,45.074,25.28,45,57
FNB,Financial Services,Banks - Regional,16.79,0.12,0.07,0.0,0.06,,-102.39,1.29,-0.18,4.277,12.78,45,59
LNN,Industrials,Farm & Heavy Construction Machinery,138.52,-0.36,0.55,0.34,-0.03,,-102.45,6.95,6.68,62.419,20.21,45,73
GIS,Consumer Defensive,Packaged Foods,49.61,0.0,-0.25,0.39,0.16,-0.04,-102.63,4.1,-11.24,35.143,12.34,45,23
FTCI,Technology,Solar,5.9,-2.93,2.2,0.25,-0.22,,-102.65,-3.65,9.33,4.987,,45,77
PBH,Healthcare,Drug Manufacturers - Specialty & Generic,66.75,-0.14,-0.12,0.12,-0.02,0.11,-102.66,4.26,-13.16,22.586,15.27,44,20
DGX,Healthcare,Diagnostics & Research,180.11,0.27,-0.01,-0.02,0.22,,-102.74,8.35,0.13,94.368,21.97,44,60
FCX,Basic Materials,Copper,46.07,1.21,0.26,-0.92,0.24,,-102.79,1.32,1.94,17.949,35.11,44,65
EH,Industrials,Aerospace & Defense,16.1,-0.04,-0.64,0.06,-0.04,,-102.8,-0.5,67.78,6.56,,44,92
INDB,Financial Services,Banks - Regional,72.05,0.15,-0.13,0.17,-0.01,,-102.81,4.43,-0.34,15.58,16.05,44,59
ELS,Real Estate,REIT - Residential,60.89,-0.36,0.14,0.14,0.0,,-102.88,1.94,-7.93,8.084,31.81,44,36
HON,Industrials,Conglomerates,215.19,0.1,0.13,-0.1,0.04,,-102.98,8.78,-2.29,61.842,24.4,44,53
GBCI,Financial Services,Banks - Regional,49.74,-0.07,-0.12,0.2,0.15,,-103.09,1.93,5.32,7.481,25.7,44,71
FNWB,Financial Services,Banks - Regional,7.2,3.45,-2.22,-0.39,1.62,,-103.13,-1.15,1.84,5.584,,44,65
NHI,Real Estate,REIT - Healthcare Facilities,77.22,0.05,-0.28,0.45,-0.03,,-103.15,3.14,-3.12,7.748,24.97,44,51
DVA,Healthcare,Medical Care Facilities,135.56,0.28,-0.55,0.24,0.02,,-103.17,10.15,-4.77,164.218,13.58,44,45
MSEX,Utilities,Utilities - Regulated Water,53.25,0.13,0.08,-0.63,0.02,,-103.26,2.42,-5.26,10.945,22.38,44,44
ING,Financial Services,Banks - Diversified,24.35,0.0,0.27,-0.59,-0.14,-0.02,-103.38,2.32,-6.39,6.314,10.39,44,40
ITT,Industrials,Specialty Industrial Machinery,171.9,0.0,-0.17,-0.26,-0.09,-0.02,-103.44,6.36,-0.9,45.815,26.87,44,57
NVT,Industrials,Electrical Equipment & Parts,91.93,-2.21,35.33,-9.5,0.01,,-103.52,1.54,13.56,20.125,60.26,44,80
MOH,Healthcare,Healthcare Plans,170.83,-0.15,0.22,-0.28,-0.07,,-103.79,20.28,5.41,752.083,8.61,44,71
FITB,Financial Services,Banks - Regional,46.26,0.24,-0.21,0.1,0.07,,-103.8,3.21,-2.63,11.85,14.21,44,52
MCO,Financial Services,Financial Data & Stock Exchanges,499.76,-0.08,0.59,-0.35,0.06,,-103.81,11.78,-4.41,40.482,42.36,44,47
KRMN,Industrials,Aerospace & Defense,53.38,2.25,-1.66,-2.52,0.44,-3.33,-103.81,0.06,22.44,2.624,1042.0,44,85
GIB,Technology,Information Technology Services,95.29,-0.04,-0.02,0.0,-0.05,0.03,-103.82,5.47,0.83,69.423,17.68,44,62
CYTK,Healthcare,Biotechnology,49.75,0.21,-0.08,0.08,0.17,,-103.83,-5.12,17692.44,0.724,,44,96
KMB,Consumer Defensive,Household & Personal Products,127.91,0.0,0.28,-1.01,0.06,-0.12,-103.96,7.31,-22.48,59.204,17.77,44,13
PARR,Energy,Oil & Gas Refining & Marketing,34.16,3.07,0.77,-8.77,2.58,,-104.01,-0.29,-6.15,141.449,,44,41
IR,Industrials,Specialty Industrial Machinery,79.2,0.0,-0.24,0.04,0.0,-0.09,-104.3,1.29,-1.89,18.294,62.75,43,54
OTLK,Healthcare,Biotechnology,0.8882,1.73,-3.08,-0.83,-4.47,4.34,-104.32,-0.84,1.003547999999999e+16,0.052,,43,97
PAG,Consumer Cyclical,Auto & Truck Dealerships,186.58,0.03,0.03,0.04,0.05,,-104.34,14.37,-7.25,458.896,13.06,43,38
ESNT,Financial Services,Insurance - Specialty,63.8,0.14,0.07,-0.04,0.01,,-104.38,6.86,-4.96,12.28,9.31,43,45
GOOS,Consumer Cyclical,Apparel Manufacturing,13.12,0.0,-4.14,23.0,3.86,-3.64,-104.46,0.35,8.33,14.131,38.26,43,76
OTIS,Industrials,Specialty Industrial Machinery,86.5,0.64,-0.39,-0.59,-0.03,,-104.48,3.78,-9.11,35.665,23.02,43,27
ESCA,Consumer Cyclical,Leisure,12.77,0.0,-0.05,-1.05,-0.11,0.46,-104.5,0.92,-21.57,17.498,13.98,43,13
NTAP,Technology,Software - Infrastructure,118.83,-0.44,0.14,0.0,-0.03,,-104.62,5.65,-7.74,32.503,21.02,43,37
FCPT,Real Estate,REIT - Retail,26.01,0.08,-0.04,0.0,0.04,,-104.67,1.08,0.88,2.855,24.18,43,62
FEMY,Healthcare,Medical Instruments & Supplies,0.3682,0.44,0.02,0.02,0.31,-0.35,-104.69,-0.86,52.19,0.076,,43,90
EIG,Financial Services,Insurance - Specialty,43.35,1.38,-1.19,-0.07,-0.01,,-104.87,4.09,2.73,36.313,10.41,43,67
ICFI,Industrials,Consulting Services,94.18,-0.12,0.11,-0.33,-0.06,,-104.94,5.74,-10.9,106.295,16.59,43,24
OVLY,Financial Services,Banks - Regional,29.15,0.06,-0.14,-0.22,-0.06,,-104.97,2.92,-1.82,9.68,10.11,43,55
ENTX,Healthcare,Biotechnology,2.16,0.0,0.17,0.14,0.0,-0.2,-105.09,-0.26,-327777777777823.0,0.004,,43,3
DLO,Technology,Software - Infrastructure,12.84,-0.07,0.45,0.22,-0.07,,-105.1,0.48,39.89,3.015,27.96,43,89
FLUX,Industrials,Electrical Equipment & Parts,1.49,-0.09,-0.1,0.4,0.5,-0.83,-105.13,-0.46,13.68,3.782,,43,81
LQDT,Consumer Cyclical,Internet Retail,26.93,0.04,0.21,-0.11,0.2,,-105.4,0.83,13.8,15.102,32.25,43,81
KLC,Consumer Defensive,Education & Training Services,7.2,0.83,7.5,-10.59,0.32,,-105.58,-0.69,-3.34,24.367,,43,50
EQR,Real Estate,REIT - Residential,65.59,-0.33,-0.62,1.89,0.09,,-105.58,2.66,-3.62,8.031,25.12,43,49
KBDC,Financial Services,Asset Management,15.17,0.13,-0.61,-0.06,-0.31,,-105.62,1.68,10.17,,9.04,43,77
LUNG,Healthcare,Medical Devices,1.74,-0.06,-0.09,0.09,0.03,,-105.65,-1.43,7.66,2.274,,43,74
CVBF,Financial Services,Banks - Regional,20.45,0.0,0.03,-0.03,0.03,,-105.76,1.46,-7.98,3.681,13.92,43,36
CUBE,Real Estate,REIT - Industrial,40.98,0.0,-0.08,-0.07,-0.08,-0.08,-105.82,1.64,-1.79,4.812,25.45,43,55
HDB,Financial Services,Banks - Regional,70.64,-0.04,-0.04,0.03,-0.02,-0.05,-105.86,1.49,14.32,107.4138,47.38,42,81
LBRT,Energy,Oil & Gas Equipment & Services,10.73,2.67,-1.67,-0.41,-0.48,,-106.15,1.3,-8.43,25.191,8.06,42,36
LKQ,Consumer Cyclical,Auto Parts,32.3,0.15,0.08,-0.22,0.07,,-106.16,2.74,-9.87,54.065,11.82,42,25
HWC,Financial Services,Banks - Regional,63.08,-0.05,-0.02,0.06,0.01,,-106.18,5.42,-4.82,16.411,11.57,42,45
HRL,Consumer Defensive,Packaged Foods,25.24,0.0,0.06,-0.29,0.03,,-106.29,1.37,-5.32,21.934,18.73,42,43
MXL,Technology,Semiconductors,15.55,0.87,0.17,0.32,0.52,,-106.29,-2.47,-11.04,4.441,,42,23
DLX,Industrials,Conglomerates,19.41,0.61,0.09,0.42,0.09,,-106.29,1.28,-10.5,47.364,15.25,42,24
IRTC,Healthcare,Medical Devices,182.17,0.0,-23.25,36.0,-0.49,0.52,-106.38,-2.91,15.91,20.833,,42,82
EXPD,Industrials,Integrated Freight & Logistics,121.64,-0.1,-0.14,0.04,0.09,,-106.41,6.13,-10.51,81.417,19.72,42,24
NCDL,Financial Services,Asset Management,16.01,0.1,-0.66,-0.4,-0.16,-0.97,-106.57,1.83,18.49,,8.72,42,83
EBF,Industrials,Business Equipment & Supplies,18.61,0.09,-0.11,-0.03,-0.08,,-106.58,1.51,-13.16,14.964,12.24,42,20
GBIO,Healthcare,Biotechnology,5.78,-0.42,0.45,-0.39,-0.02,,-106.79,-10.84,6559999999999729.0,3.174,,42,97
KR,Consumer Defensive,Grocery Stores,67.84,0.21,0.26,0.33,0.0,-0.21,-106.8,3.67,-8.44,210.035,18.46,42,36
LRMR,Healthcare,Biotechnology,3.87,0.12,-0.02,-0.87,-0.21,,-106.85,-1.57,-8.97,,,42,31
FULT,Financial Services,Banks - Regional,19.72,0.06,0.39,0.09,0.0,,-106.88,1.7,7.84,6.654,11.4,42,75
LOW,Consumer Cyclical,Home Improvement Retail,264.57,0.46,-0.01,-0.01,0.02,-0.04,-106.91,12.2,-9.52,148.908,22.13,42,26
MCBS,Financial Services,Banks - Regional,29.94,0.03,0.0,-0.03,-0.02,,-106.99,2.57,-5.48,5.719,11.47,42,43
MDT,Healthcare,Medical Devices,92.85,-0.01,-0.23,0.02,0.0,,-107.0,3.62,-2.74,26.663,25.66,42,52
FERG,Industrials,Industrial Distribution,238.17,0.5,-0.7,0.04,-0.06,,-107.03,8.01,-2.88,150.961,29.76,42,51
FDS,Financial Services,Financial Data & Stock Exchanges,369.48,0.03,-0.04,0.68,-0.06,,-107.09,13.88,-1.16,60.202,26.73,42,56
GGG,Industrials,Specialty Industrial Machinery,86.2,0.04,0.16,-0.12,-0.03,,-107.09,2.82,-6.02,12.899,30.45,42,41
NNN,Real Estate,REIT - Retail,42.38,0.04,0.0,-0.02,-0.07,,-107.15,2.1,-3.84,4.809,20.64,42,48
OTTR,Industrials,Conglomerates,84.43,0.14,0.24,-0.56,-0.12,,-107.15,6.79,-9.45,31.357,12.35,42,26
GM,Consumer Cyclical,Auto Manufacturers,58.0,-0.75,0.11,0.13,-0.32,0.32,-107.18,6.55,-5.48,182.048,8.9,41,43
HD,Consumer Cyclical,Home Improvement Retail,411.69,0.33,0.15,-0.22,-0.0,,-107.38,14.71,-5.11,166.469,28.48,41,44
MFC,Financial Services,Insurance - Life,30.91,2.96,-1.52,-0.6,0.87,-0.8,-107.45,2.25,-1.9,17.982,13.63,41,54
MAS,Industrials,Building Products & Equipment,73.98,0.0,0.03,0.11,-0.34,-0.1,-107.45,3.77,-11.05,35.892,20.18,41,23
ODYS,Technology,Scientific & Technical Instruments,3.785,0.16,-0.12,-0.13,-0.19,0.03,-107.48,-1.06,-108.84,0.36,,41,5
LOAN,Real Estate,REIT - Mortgage,5.38,0.0,0.0,0.0,0.0,-0.08,-107.61,0.48,-5.79,0.638,11.21,41,42
NIO,Consumer Cyclical,Auto Manufacturers,6.13,0.42,0.05,-0.38,0.08,,-107.72,-1.61,0.05,32.867,,41,60
NOMD,Consumer Defensive,Packaged Foods,14.94,0.76,-0.55,-0.35,-0.16,0.0,-107.73,1.55,-7.5,19.591,9.49,41,38
LFUS,Technology,Electronic Components,259.58,0.32,2.12,-2.49,0.27,,-107.88,4.31,-1.68,91.435,60.94,41,55
KDP,Consumer Defensive,Beverages - Non-Alcoholic,29.25,0.05,4.45,-5.09,0.05,,-107.89,1.13,-2.67,11.614,25.35,41,52
INFY,Technology,Information Technology Services,16.59,0.03,0.03,0.0,0.11,-0.18,-107.93,0.77,-3.82,2.354,21.27,41,48
FTK,Energy,Oil & Gas Equipment & Services,11.98,-2.6,0.2,0.67,-0.4,,-107.94,0.43,36.67,6.971,26.19,41,89
ICE,Financial Services,Financial Data & Stock Exchanges,174.52,0.0,0.14,0.06,0.26,0.04,-107.94,5.21,2.39,16.893,33.45,41,66
MGTX,Healthcare,Biotechnology,7.72,0.06,0.04,0.04,0.58,-0.59,-107.96,-2.03,795.5,0.489,,41,95
ORIC,Healthcare,Biotechnology,10.77,-0.12,0.21,-0.04,-0.04,,-108.09,-1.89,-8.97,,,41,31
CZNC,Financial Services,Banks - Regional,20.42,-0.02,-0.29,0.29,0.0,,-108.1,1.75,-3.41,7.073,11.52,41,50
ELTX,Healthcare,Biotechnology,10.85,0.32,0.3,0.23,-0.03,0.32,-108.16,-3.98,-8.97,,,41,31
FINW,Financial Services,Banks - Regional,19.45,0.29,0.14,-0.24,0.24,,-108.19,0.96,9.11,5.903,20.16,41,76
NJR,Utilities,Utilities - Regulated Gas,46.85,-14.6,0.55,0.43,-0.25,,-108.21,4.1,-5.83,20.97,11.48,41,42
DKS,Consumer Cyclical,Specialty Retail,222.03,0.45,0.08,0.09,0.07,-0.03,-108.22,14.34,-4.63,172.504,15.43,41,46
DPZ,Consumer Cyclical,Restaurants,462.6,-0.14,-0.13,0.17,-0.06,,-108.25,17.21,-5.21,139.018,26.95,41,44
NVR,Consumer Cyclical,Residential Construction,8407.77,0.14,-0.49,0.07,-0.12,,-108.43,472.71,-7.36,3565.585,17.99,41,38
NXTC,Healthcare,Biotechnology,4.94,-1.41,0.03,0.02,-0.71,0.56,-108.57,-25.97,-8.97,,,40,31
GORO,Basic Materials,Gold,0.65,-0.29,0.29,0.22,2.33,-0.17,-108.69,-0.41,-74.56,0.461,,40,6
NDSN,Industrials,Specialty Industrial Machinery,226.01,0.0,0.19,-0.29,-0.04,-0.05,-108.73,7.94,0.58,48.946,28.34,40,61
IPAR,Consumer Defensive,Household & Personal Products,114.47,-0.32,0.74,-1.55,-0.15,,-108.74,5.02,-4.51,45.48,22.53,40,46
LYG,Financial Services,Banks - Regional,4.38,0.0,0.0,0.0,0.0,0.0,-108.74,0.35,-4.71,1.16,12.43,40,46
NVTS,Technology,Semiconductors,5.54,-1.78,1.33,-1.1,-1.08,,-108.84,-0.66,-17.13,0.362,,40,16
GRVY,Communication Services,Electronic Gaming & Multimedia,64.73,-0.66,-0.01,-0.01,0.05,-0.22,-108.85,8.35,20.51,78840.41,7.65,40,84
LYTS,Technology,Electronic Components,23.25,-0.46,-0.21,0.21,-0.38,,-108.87,0.79,11.29,19.175,29.48,40,79
OHI,Real Estate,REIT - Healthcare Facilities,42.73,0.35,-0.21,-0.05,0.0,,-108.92,1.62,-1.38,4.012,26.63,40,56
CSGS,Technology,Software - Infrastructure,64.62,-0.32,-1.12,0.84,-0.09,,-108.93,2.88,-5.87,43.166,22.5,40,42
K,Consumer Defensive,Packaged Foods,79.48,0.0,-0.2,-0.01,-0.15,0.13,-108.94,3.82,-7.79,36.636,20.91,40,37
FCBC,Financial Services,Banks - Regional,38.08,0.05,-0.11,0.0,-0.03,,-109.14,2.72,-7.4,8.894,13.81,40,38
CVKD,Healthcare,Biotechnology,12.51,0.12,0.02,0.02,0.2,-0.34,-109.19,-8.88,-8.97,,,40,31
ESTA,Healthcare,Medical Devices,38.67,0.23,0.7,-1.02,0.09,,-109.24,-3.08,5.26,6.168,,40,71
ESE,Technology,Scientific & Technical Instruments,203.3,-0.19,0.32,-0.46,-0.13,,-109.24,4.24,13.26,43.572,47.8,40,80
JAMF,Technology,Software - Application,8.99,-16000000.0,13000000.0,-0.3,-0.07,,-109.25,-0.38,7.9,5.136,,40,75
DG,Consumer Defensive,Discount Stores,108.44,0.05,1.05,-0.02,0.1,,-109.35,5.4,-3.61,189.34,20.24,40,49
HAFC,Financial Services,Banks - Regional,25.3,-0.18,0.0,0.2,0.04,,-109.47,2.16,1.05,7.805,11.55,40,63
LAW,Technology,Software - Application,5.5,0.06,1.21,-1.8,0.0,,-109.47,-0.94,-2.27,2.45,,40,53
MPLX,Energy,Oil & Gas Midstream,50.81,-0.07,0.03,0.06,-0.12,,-109.56,4.21,-4.88,11.266,12.0,40,45
GGR,Consumer Cyclical,Auto Manufacturers,0.3487,3.17,-3.17,0.33,0.0,,-109.57,-0.46,-17.44,0.992,,40,15
IEX,Industrials,Specialty Industrial Machinery,164.86,0.38,-0.29,0.03,-0.07,,-109.59,6.18,-2.18,44.161,26.69,40,53
OBDC,Financial Services,Asset Management,14.36,-0.81,0.17,0.2,-0.15,0.04,-109.61,1.51,0.05,3.921,9.5,40,60
FNGR,Communication Services,Telecom Services,1.46,-0.08,-0.08,0.0,-0.17,,-109.77,-0.1,-2.39,0.629,,39,53
FOR,Real Estate,Real Estate - Development,28.16,0.05,0.94,-4.03,-0.17,,-109.8,3.19,7.67,30.368,9.0,39,74
JBHT,Industrials,Integrated Freight & Logistics,145.28,0.12,-0.3,0.03,-0.0,,-109.84,5.5,-8.96,120.792,26.13,39,35
NSSC,Industrials,Security & Protection Services,39.25,0.0,-0.04,-0.03,-0.18,-0.29,-109.9,1.19,-5.61,5.004,33.21,39,43
NMRA,Healthcare,Biotechnology,1.63,0.27,-0.14,0.22,0.12,,-109.94,-1.57,-8.97,,,39,31
IMPP,Energy,Oil & Gas Midstream,3.46,2.2,-1.9,-1.21,-0.75,,-109.97,1.2,30.11,4.425,2.94,39,88
DCO,Industrials,Aerospace & Defense,91.37,0.18,0.54,-0.5,0.62,,-110.12,2.65,-4.9,53.521,34.13,39,45
MKC,Consumer Defensive,Packaged Foods,70.13,0.08,-0.33,-0.04,-0.06,,-110.22,2.87,-7.6,25.113,24.71,39,37
CSAI,Technology,Software - Infrastructure,1.28,0.13,-0.14,-0.17,-0.1,-0.34,-110.27,-0.43,193.84,0.165,,39,94
DCOM,Financial Services,Banks - Regional,30.99,0.42,2.2,-2.86,0.49,,-110.37,0.8,5.21,7.61,38.29,39,71
HONE,Financial Services,Banks - Regional,13.0,0.43,-0.5,1.1,0.11,,-110.73,0.65,-8.95,4.071,19.95,39,35
DTIL,Healthcare,Biotechnology,5.03,0.04,0.01,0.01,-3.21,-2.3,-110.76,-10.15,-184774.73,0.141,,39,3
IPM,Technology,Software - Application,1.893,-2.33,2.2,2.2,0.25,2.2,-110.77,-0.33,1213.47,1.279,,39,95
EVO,Healthcare,Drug Manufacturers - Specialty & Generic,3.37,-0.35,0.12,0.11,1.25,-0.53,-110.99,-0.51,-10.14,2.19,,39,25
MIRA,Healthcare,Drug Manufacturers - General,1.38,0.22,0.14,0.12,0.22,0.36,-111.12,-0.47,-8.97,,,39,31
JBS,Consumer Defensive,Packaged Foods,15.86,0.04,-0.16,-0.13,0.78,0.78,-111.31,1.12,6.52,207.518,14.35,39,73
FTV,Technology,Scientific & Technical Instruments,47.58,-0.02,-0.22,-0.03,-0.14,,-111.41,2.22,-8.47,17.893,21.56,39,36
HWBK,Financial Services,Banks - Regional,31.77,0.14,0.17,0.0,0.33,,-111.51,2.97,-3.72,10.759,10.57,39,49
HFBL,Financial Services,Banks - Regional,13.4318,-0.37,0.06,0.48,0.0,,-111.58,1.26,-5.95,6.811,10.66,39,42
GNLX,Healthcare,Biotechnology,3.48,0.05,-0.05,-0.05,0.1,0.38,-111.62,-0.85,1.229777777777683e+16,0.0,,39,98
NTWK,Technology,Software - Application,4.02,2.2,-17.67,-2.0,3.0,-3.5,-111.69,0.02,1.35,5.576,205.0,39,64
EXPO,Industrials,Engineering & Construction,72.68,0.0,0.13,-0.11,-0.1,,-111.81,1.99,-6.73,10.136,35.89,39,40
FCN,Industrials,Consulting Services,168.47,0.23,0.25,-0.33,-0.1,,-111.87,7.1,-5.99,105.454,23.77,39,42
DELL,Technology,Computer Hardware,126.67,-0.58,0.37,0.35,-0.01,,-111.95,6.97,-6.29,144.057,17.91,38,41
IBCP,Financial Services,Banks - Regional,33.08,0.09,-0.19,0.33,-0.1,,-112.05,3.06,-8.92,10.419,10.73,38,35
FIZZ,Consumer Defensive,Beverages - Non-Alcoholic,41.33,0.0,-0.17,-0.24,-0.23,0.0,-112.1,1.99,-4.7,12.834,20.11,38,46
HII,Industrials,Aerospace & Defense,269.98,0.0,0.2,0.23,-0.16,-0.02,-112.17,13.37,-4.38,294.377,20.28,38,47
DQ,Technology,Semiconductor Equipment & Materials,26.96,-4.33,11.66,-13.73,0.59,,-112.27,-5.83,-142.78,8.879,,38,5
HLNE,Financial Services,Asset Management,147.04,0.05,-0.07,-0.04,-0.15,,-112.27,5.22,-8.26,17.158,27.99,38,36
CUBI,Financial Services,Banks - Regional,69.96,4.9,-1.47,-0.84,0.03,,-112.3,4.05,-7.55,18.943,16.61,38,37
ELME,Real Estate,REIT - Residential,17.13,0.25,-0.67,0.0,0.0,,-112.4,-0.17,-2.44,2.794,,38,53
MIDD,Industrials,Specialty Industrial Machinery,141.81,0.17,-0.22,-0.01,-0.07,,-112.46,7.86,-7.68,71.884,18.38,38,37
FVCB,Financial Services,Banks - Regional,13.53,0.11,0.04,0.04,0.35,,-112.49,1.11,0.28,3.448,12.05,38,61
MHO,Consumer Cyclical,Residential Construction,153.85,0.11,-0.19,-0.08,-0.16,,-112.5,18.22,-3.62,164.165,8.61,38,49
GRBK,Consumer Cyclical,Residential Construction,72.03,0.11,-0.39,0.17,-0.26,,-112.55,7.83,-5.42,48.424,9.37,38,43
ONB,Financial Services,Banks - Regional,23.03,-0.32,-0.04,0.06,-0.09,,-112.55,1.68,28.65,5.792,13.58,38,87
IMXI,Technology,Software - Infrastructure,14.57,0.48,-1.0,-0.06,-0.16,,-112.65,1.63,-9.87,20.752,8.88,38,25
DKL,Energy,Oil & Gas Refining & Marketing,43.25,0.14,0.07,-0.04,-0.05,,-112.77,2.94,-9.71,17.935,14.7,38,26
FLO,Consumer Defensive,Packaged Foods,14.3825,0.12,0.22,-0.51,-0.14,,-113.05,1.04,-6.09,24.157,14.24,38,41
NSYS,Healthcare,Medical Devices,9.29,5.0,0.12,-1.0,1.0,,-113.08,-1.17,-14.67,42.561,,38,18
IOR,Financial Services,Mortgage Finance,18.2,0.0,-0.12,-0.07,-0.17,,-113.19,1.06,-17.4,,17.17,38,16
DRTS,Healthcare,Biotechnology,3.49,0.0,-0.02,-0.02,-0.07,-0.09,-113.23,-0.48,-8.97,,,38,31
EVRG,Utilities,Utilities - Regulated Electric,71.58,0.37,-1.37,-0.58,-0.22,0.02,-113.3,3.64,-10.76,25.522,19.67,38,24
KALV,Healthcare,Biotechnology,15.2,0.0,-0.01,-0.05,-0.08,-0.1,-113.38,-3.69,-8.97,,,38,31
ESEA,Industrials,Marine Shipping,61.77,-0.23,0.51,-0.13,-0.36,,-113.7,17.09,1.45,31.83,3.62,38,64
KOD,Healthcare,Biotechnology,8.55,0.06,-0.3,0.0,-0.2,,-113.88,-3.79,-8.97,,,38,31
EPAM,Technology,Information Technology Services,168.09,0.21,-0.41,-0.32,-0.1,,-113.89,7.02,5.98,89.43,24.14,37,72
EOG,Energy,Oil & Gas E&P,121.6,-0.07,0.18,-0.32,-0.2,,-114.4,10.31,-14.74,41.189,11.44,37,18
PENN,Consumer Cyclical,Resorts & Casinos,19.65,-7.08,2.21,-2.67,0.5,,-114.45,-0.53,-5.0,44.555,,37,44
ELSE,Technology,Scientific & Technical Instruments,4.7001,2.0,-2.25,-1.8,2000000.0,-2000000.0,-114.47,0.13,-2.47,2.772,36.46,37,53
HSBC,Financial Services,Banks - Diversified,65.08,0.0,0.07,0.07,-0.13,-0.38,-114.47,5.05,-18.29,3.93625,12.99,37,15
JPM,Financial Services,Banks - Diversified,303.82,0.03,0.05,0.1,-0.17,,-114.56,19.49,-0.55,57.936,15.1,37,58
KFY,Industrials,Staffing & Employment Services,73.72,0.0,-0.04,-0.03,-0.12,-0.02,-114.68,4.6,-6.46,52.727,15.92,37,40
EPRX,Healthcare,Biotechnology,5.32,-0.24,-0.11,-0.12,-0.53,0.0,-114.73,-0.86,-8.97,,,37,31
NVCT,Healthcare,Biotechnology,6.52,-0.11,-0.06,-0.06,-0.15,-0.08,-114.84,-1.16,-8.97,,,37,31
ELP,Utilities,Utilities - Regulated Electric,8.96,-0.16,0.14,-1.08,0.21,,-114.92,0.6,140.86,8.02,15.2,37,93
JMSB,Financial Services,Banks - Regional,20.02,0.06,0.0,0.13,0.33,,-115.02,1.32,0.65,3.985,15.28,37,62
JHG,Financial Services,Asset Management,45.1,0.0,0.0,3.53,-0.05,-0.05,-115.12,2.66,-5.13,16.792,16.65,37,44
CSX,Industrials,Railroads,32.66,0.29,-0.13,-0.19,-0.14,,-115.12,1.63,-9.76,7.44,19.96,37,25
NEWT,Financial Services,Banks - Regional,12.34,0.47,-0.12,-0.11,0.23,-0.06,-115.15,2.02,10.54,14.385,5.96,37,78
ODFL,Industrials,Trucking,148.81,0.06,-0.02,-0.17,-0.17,,-115.25,5.12,-11.98,26.509,29.44,37,22
OPHC,Financial Services,Banks - Regional,4.2285,-0.06,-0.02,-0.01,-0.16,0.06,-115.27,1.28,23.41,3.753,3.3,37,86
DVS,Basic Materials,Silver,3.84,-3.0,1.5,0.6,-0.2,0.0,-115.29,-0.21,-8.97,,,37,31
FCF,Financial Services,Banks - Regional,18.02,0.0,-0.1,0.14,-0.12,,-115.45,1.3,-0.4,4.448,13.75,37,59
NVEC,Technology,Semiconductors,65.26,0.08,0.09,-0.32,-0.15,-0.15,-115.5,3.0,-16.58,5.21,22.24,37,16
CZWI,Financial Services,Banks - Regional,16.63,0.03,0.19,-0.19,-0.06,,-115.66,1.24,1.56,5.772,13.3,37,64
LH,Healthcare,Diagnostics & Research,275.23,0.12,0.48,-0.17,0.17,,-115.68,9.06,-3.04,161.289,30.76,37,51
LAZ,Financial Services,Capital Markets,56.82,-0.09,-0.46,-0.27,0.06,,-115.77,2.92,-0.96,32.121,19.32,37,57
NEXM,Basic Materials,Other Industrial Metals & Mining,5.36,1.0,-0.08,-0.08,0.8,-0.17,-116.03,-3.15,-8.97,,,36,31
KAI,Industrials,Specialty Industrial Machinery,328.21,0.08,0.0,-0.31,-0.2,,-116.03,8.99,-10.63,87.115,36.37,36,24
IQST,Communication Services,Telecom Services,6.09,41.93,-0.96,-21.5,0.1,-0.19,-116.1,-3.2,6.75,110.163,,36,73
FSBW,Financial Services,Banks - Regional,42.43,-0.02,0.09,-0.4,-0.15,,-116.35,4.15,-5.29,18.176,10.17,36,43
LOCO,Consumer Cyclical,Restaurants,10.39,0.0,-0.05,-0.05,-0.32,0.0,-116.66,0.85,-6.52,16.46,12.31,36,40
MAT,Consumer Cyclical,Leisure,18.65,2.33,-4.5,-1.62,-0.06,,-116.74,1.54,-13.13,16.124,12.22,36,20
LUXE,Consumer Cyclical,Luxury Goods,9.73,-0.2,4.4,-5.75,-0.5,,-116.91,-0.5,-2.69,10.214,,36,52
EQNR,Energy,Oil & Gas Integrated,24.04,-0.94,0.33,-0.14,-0.3,,-116.97,3.02,-7.62,19.65,7.88,36,37
MTD,Healthcare,Diagnostics & Research,1287.79,0.0,-0.53,0.2,-0.33,-0.06,-117.01,39.43,-5.93,184.728,33.11,36,42
GPC,Consumer Cyclical,Auto Parts,140.22,0.31,0.46,-0.7,-0.16,,-117.05,5.8,-4.12,171.069,24.05,36,48
EVI,Industrials,Industrial Distribution,27.93,-0.14,-1.75,0.52,0.0,-0.12,-117.18,0.48,3.38,29.1,59.17,36,68
IPWR,Industrials,Electrical Equipment & Parts,5.0938,-0.1,-0.03,0.07,-0.06,,-117.35,-1.22,-461017777777799.44,0.002,,36,3
PAGP,Energy,Oil & Gas Midstream,18.75,-1.8,11.5,-5.25,-0.33,,-117.64,-0.14,-19.84,242.005,,36,14
PAA,Energy,Oil & Gas Midstream,17.44,-1.33,13.25,-6.5,-0.24,,-117.78,0.65,-19.84,67.94,26.49,36,14
HYLN,Consumer Cyclical,Auto Parts,1.64,0.25,-0.25,-0.33,-0.33,,-117.79,-0.33,1.0100000000000086e+16,0.02,,36,97
ET,Energy,Oil & Gas Midstream,17.65,-0.16,0.28,-0.14,-0.09,,-117.85,1.29,-11.89,23.517,13.48,36,22
NCNO,Technology,Software - Application,30.45,-3.6,4.2,-2.2,-0.3,,-117.98,-0.29,8.1,4.977,,36,75
NXST,Communication Services,Broadcasting,206.66,-0.1,-1.25,0.44,-0.16,,-118.01,19.14,-9.83,171.861,10.88,36,25
HIW,Real Estate,REIT - Office,31.29,-4.35,0.73,2.75,-2.47,2.64,-118.18,1.17,-9.5,7.609,27.22,36,26
FND,Consumer Cyclical,Home Improvement Retail,82.75,0.0,0.02,-0.09,-0.18,-0.04,-118.26,1.94,-0.85,42.836,45.09,36,58
DHI,Consumer Cyclical,Residential Construction,176.69,0.3,-0.02,-0.5,-0.22,,-118.31,12.44,-10.95,109.467,14.61,36,23
FORTY,Technology,Information Technology Services,124.0,-0.29,-0.04,-0.18,-0.26,,-118.43,4.98,0.16,188.767,27.47,36,60
MSDL,Financial Services,Asset Management,17.98,0.21,-0.38,-0.28,-0.61,-0.74,-118.47,1.93,3.5,,9.31,36,68
MNY,Communication Services,Internet Content & Information,1.68,4.0,-6.0,4.0,2.0,,-118.55,-0.74,-6.809164555555561e+16,2.012,,35,1
LOVE,Consumer Cyclical,"Furnishings, Fixtures & Appliances",20.01,-4.16,8.22,0.19,0.14,,-118.59,0.79,-2.16,44.813,25.84,35,54
IDA,Utilities,Utilities - Regulated Electric,125.17,0.0,-0.47,-0.32,-0.56,0.16,-118.69,5.69,-6.37,33.595,22.03,35,40
FTLF,Consumer Defensive,Packaged Foods,18.43,-0.16,-0.02,-0.02,-0.53,-0.05,-118.77,0.8,-0.23,6.817,23.41,35,59
ILPT,Real Estate,REIT - Industrial,6.16,0.03,0.12,0.03,0.09,,-118.83,-1.4,1.96,6.735,,35,65
GPN,Industrials,Specialty Business Services,87.28,-0.25,-0.82,0.82,-0.48,,-118.86,5.87,-7.5,40.44,14.95,35,38
HOLX,Healthcare,Medical Instruments & Supplies,66.39,11.87,-11.87,0.14,0.05,,-118.88,2.41,-12.2,17.673,27.7,35,21
HGBL,Financial Services,Capital Markets,1.95,0.67,0.0,0.0,-0.4,-0.67,-118.99,0.1,12.29,1.373,18.9,35,80
GAIA,Communication Services,Entertainment,5.66,-0.75,-0.33,0.67,0.29,,-119.1,-0.19,1.0,3.979,,35,63
MO,Consumer Defensive,Tobacco,66.59,1.24,-1.85,0.34,-0.57,,-119.49,5.17,-10.91,11.97,12.87,35,24
ELPC,Utilities,Utilities - Regulated Electric,8.08,-0.16,0.14,-1.08,0.21,,-119.52,0.6,140.86,8.02,13.93,35,93
FOXA,Communication Services,Entertainment,60.81,0.0,-0.08,-1.18,0.12,-0.86,-119.69,4.91,-4.66,35.824,12.53,35,46
FOX,Communication Services,Entertainment,55.32,0.0,-0.08,-1.18,0.12,-0.86,-119.69,4.91,-4.66,35.824,11.4,35,46
ES,Utilities,Utilities - Regulated Electric,63.42,-0.56,6.5,2.65,0.01,,-119.9,2.29,1.46,35.544,27.74,35,64
GGB,Basic Materials,Steel,3.08,0.16,1.34,-3.05,0.05,,-119.91,0.29,-7.51,33.715,11.03,35,38
MRNA,Healthcare,Biotechnology,24.28,0.0,0.15,-98.0,0.32,0.22,-119.96,-7.51,-34.45,7.974,,35,9
D,Utilities,Utilities - Regulated Electric,58.1225,0.0,3.45,-5.67,0.11,-0.06,-120.14,3.01,-1.44,17.989,19.33,35,55
MNOV,Healthcare,Biotechnology,1.3442,-0.17,0.0,0.0,-0.4,0.0,-120.24,-0.25,-3588784444444453.0,0.003,,35,2
CRT,Energy,Oil & Gas E&P,8.7,-1.0,0.08,0.09,-0.51,0.19,-120.27,0.92,-25.27,1.093,9.46,35,11
MET,Financial Services,Insurance - Life,81.75,-0.24,-0.38,-0.02,-0.23,,-120.31,5.89,-9.08,106.391,13.5,35,27
HBB,Consumer Cyclical,"Furnishings, Fixtures & Appliances",15.13,1.54,-12.54,11.57,-0.27,,-120.42,2.32,-23.88,46.073,6.51,35,12
IAUX,Basic Materials,Gold,0.781,1.0,0.0,0.0,1.2,-0.67,-120.47,-0.3,4.106444444444464e+16,0.169,,35,98
IQV,Healthcare,Diagnostics & Research,184.08,0.09,-0.72,0.55,-0.28,,-120.56,6.91,-4.23,88.625,27.16,35,47
HSIC,Healthcare,Medical Distribution,67.78,-0.25,0.19,-0.05,-0.14,,-120.65,3.11,-6.51,102.934,22.32,34,40
MPC,Energy,Oil & Gas Refining & Marketing,178.98,17.5,-5.83,-0.62,-0.1,,-120.71,6.89,-14.7,422.278,26.17,34,18
MGRM,Healthcare,Medical Devices,5.94,-0.6,0.3,0.23,-0.45,0.1,-120.75,-0.54,-698051111111120.0,,,34,2
ESAB,Industrials,Metal Fabrication,116.42,0.0,0.25,-0.27,-0.24,,-120.85,4.57,-6.77,45.208,25.78,34,39
MASS,Healthcare,Medical Devices,5.5,-4.32,3.2,0.5,0.0,,-120.89,-2.36,4.29,1.863,,34,69
MSM,Industrials,Industrial Distribution,92.66,0.46,-0.19,-0.19,-0.25,,-120.94,3.54,-7.59,67.017,26.06,34,37
OFLX,Industrials,Specialty Industrial Machinery,35.29,0.17,-0.16,-0.14,-0.1,-0.2,-121.01,1.69,-9.38,9.976,20.72,34,26
MOGO,Technology,Software - Infrastructure,1.76,2.14,-0.2,-0.24,2.1,-2.27,-121.05,0.12,-8.82,1.696,15.25,34,35
EA,Communication Services,Electronic Gaming & Multimedia,168.03,-0.24,-0.13,0.01,-0.31,,-121.13,4.0,-7.78,28.941,42.16,34,37
NEOV,Industrials,Electrical Equipment & Parts,3.5,-0.33,0.0,-0.2,-1.0,-0.5,-121.28,-0.12,389.78,0.128,,34,94
FDX,Industrials,Integrated Freight & Logistics,225.28,0.0,0.24,-0.06,-0.57,0.07,-121.35,16.81,-9.33,364.838,13.55,34,27
HUBG,Industrials,Integrated Freight & Logistics,37.35,-0.07,0.12,0.03,-0.14,,-121.38,1.65,-15.74,62.851,22.68,34,17
HOUS,Real Estate,Real Estate Services,6.21,3.92,-0.21,-10.67,-0.12,,-121.75,-0.97,-12.61,51.865,,34,21
DFH,Consumer Cyclical,Residential Construction,28.7,0.04,-1.45,0.87,-0.46,,-121.76,3.09,8.78,50.361,10.01,34,76
MERC,Basic Materials,Paper & Paper Products,3.19,-2.91,-2.32,2.04,-0.28,,-121.82,-1.63,-14.09,29.16,,34,19
LEGH,Consumer Cyclical,Residential Construction,28.2,0.42,-0.26,-0.2,-0.1,-0.44,-121.87,2.23,1.9,7.639,12.58,34,65
DNLI,Healthcare,Biotechnology,14.79,0.08,-0.16,-0.06,-0.22,,-121.95,-2.81,-3.672566666666666e+17,,,34,1
FNF,Financial Services,Insurance - Specialty,60.42,2.4,-4.5,0.68,-0.11,,-122.29,3.93,0.58,50.217,15.41,34,61
ERJ,Industrials,Aerospace & Defense,58.91,0.07,0.61,-2.86,-0.26,,-122.47,2.05,10.6,216.816,29.74,34,78
LTC,Real Estate,REIT - Healthcare Facilities,36.39,-0.36,0.12,-0.65,-0.33,,-122.49,1.81,8.03,4.739,20.23,34,75
FRBA,Financial Services,Banks - Regional,16.99,0.11,0.07,0.08,-0.07,-0.35,-122.55,1.51,7.22,5.223,11.21,34,74
JBI,Industrials,Building Products & Equipment,10.19,0.87,8000000.0,-8000000.0,-0.27,,-122.56,0.31,-11.58,6.378,33.45,34,22
OMC,Communication Services,Advertising Agencies,78.54,-0.11,-0.56,0.16,-0.27,,-122.67,6.99,-5.1,81.24,11.36,34,44
GTES,Industrials,Specialty Industrial Machinery,25.93,-0.09,0.71,-0.29,-0.18,,-122.8,0.78,-9.33,13.211,33.24,33,27
ONEW,Consumer Cyclical,Specialty Retail,16.31,34.0,39.5,-0.29,-0.53,,-122.93,-0.73,-2.82,115.998,,33,52
DWTX,Healthcare,Biotechnology,5.0,3.25,-0.34,-2.07,-0.73,,-123.01,-19.25,-8.97,,,33,31
OLP,Real Estate,REIT - Diversified,23.56,1.17,-1.83,1.03,-0.19,,-123.03,1.29,0.35,4.572,18.33,33,61
GWRS,Utilities,Utilities - Regulated Water,9.71,2.0,-2.5,-0.71,-0.17,-0.5,-123.26,0.22,-2.62,2.164,44.48,33,52
CVLG,Industrials,Trucking,24.01,0.52,-0.04,-0.9,-0.21,,-123.41,1.31,-4.45,43.187,18.27,33,47
GHRS,Healthcare,Biotechnology,14.05,0.27,0.11,0.1,0.33,-0.27,-123.62,-0.73,-8.97,,,33,31
III,Technology,Information Technology Services,5.245,0.67,-1.0,2.0,0.25,,-123.7,0.16,-13.32,4.94,32.75,33,20
JBGS,Real Estate,REIT - Office,21.97,0.93,0.29,-1.25,-0.07,,-123.97,-1.89,-15.47,6.429,,33,17
FONR,Healthcare,Diagnostics & Research,15.65,0.31,-0.62,0.25,0.36,-0.9,-124.05,1.25,-3.67,16.363,12.48,33,49
LFWD,Healthcare,Medical Devices,0.5565,-0.26,2.76,-3.94,-0.16,,-124.24,-3.15,4.96,2.488,,33,70
MOLN,Healthcare,Biotechnology,3.565,-0.24,0.04,0.04,-0.22,-0.32,-124.29,-2.23,-1.034000000000009e+16,0.019,,33,2
DE,Industrials,Farm & Heavy Construction Machinery,474.9,-0.4,1.08,-0.43,-0.33,,-124.48,19.17,-13.06,162.983,24.69,33,20
FUL,Basic Materials,Specialty Chemicals,61.29,2.21,2.85,-8.77,-0.21,,-124.57,1.84,-9.35,64.285,33.9,33,26
DLTR,Consumer Defensive,Discount Stores,100.25,-0.77,11.67,-16.76,0.47,,-124.72,5.16,-7.1,87.217,19.6,33,39
KURA,Healthcare,Biotechnology,8.13,-0.14,-2.0,1.86,-0.27,,-124.96,-2.25,1.6179e+17,0.954,,33,99
HMC,Consumer Cyclical,Auto Manufacturers,34.18,-0.19,-0.16,-0.14,-0.75,0.07,-124.97,2.92,-4.98,14365.161,11.76,33,44
ELV,Healthcare,Healthcare Plans,308.05,-0.25,4.25,-1.38,-0.28,,-125.04,23.55,3.24,828.608,13.32,33,68
GTY,Real Estate,REIT - Retail,28.63,-0.04,-0.56,0.44,-0.25,,-125.07,1.15,1.11,3.822,25.1,33,63
NUE,Basic Materials,Steel,144.94,2.88,-0.82,0.16,-0.03,,-125.18,5.58,-7.92,131.931,26.39,33,36
NX,Industrials,Building Products & Equipment,20.91,2.37,-0.07,-3.57,-0.07,,-125.25,-6.35,39.79,39.51,,33,89
IVF,Healthcare,Medical Devices,0.8435,-0.06,-0.39,-0.79,-0.78,,-125.3,-92.72,-10.47,31.515,,33,24
DFIN,Technology,Software - Application,56.37,0.0,3.91,-0.36,-0.39,-0.06,-125.52,2.83,-19.34,26.399,19.9,32,14
PEBO,Financial Services,Banks - Regional,31.17,-0.15,-0.12,-0.17,-0.38,,-125.66,2.93,1.69,15.9,10.55,32,65
MXC,Energy,Oil & Gas E&P,8.5758,-0.46,-0.31,0.53,-0.17,0.09,-125.68,0.79,-5.36,3.626,10.89,32,43
FDUS,Financial Services,Asset Management,21.39,0.24,0.12,0.06,-0.04,,-125.68,2.3,-16.2,4.461,9.3,32,17
HFWA,Financial Services,Banks - Regional,25.03,-0.14,0.17,0.06,-0.14,,-125.87,1.43,-10.02,6.485,17.34,32,25
KPLT,Technology,Software - Infrastructure,19.28,-0.33,0.72,-0.03,-0.01,,-125.89,-7.08,2.11,58.408,,32,66
KFRC,Industrials,Staffing & Employment Services,31.87,0.31,-0.28,-0.28,-0.24,,-126.01,2.38,-14.73,74.86,13.5,32,18
GLP,Energy,Oil & Gas Midstream,52.21,0.49,-0.43,-1.23,-1.02,,-126.07,2.6,-13.0,527.085,19.8,32,20
DAC,Industrials,Marine Shipping,93.94,0.16,-0.02,-0.02,-0.02,-0.26,-126.56,24.37,0.46,54.489,3.92,32,61
MGY,Energy,Oil & Gas E&P,24.6,-0.32,0.23,-0.18,-0.24,,-127.11,1.92,-9.75,7.053,12.3,32,25
IMVT,Healthcare,Biotechnology,16.12,-0.11,0.19,-0.03,-0.18,,-127.12,-2.84,-8.97,,,32,31
MBC,Consumer Cyclical,"Furnishings, Fixtures & Appliances",13.06,1.9,-0.1,-1.09,-0.24,,-127.57,0.72,-4.32,21.832,18.76,32,47
FLNG,Energy,Oil & Gas Midstream,26.36,-0.06,-1.4,1.62,-0.24,,-127.62,1.83,-7.53,6.59,14.1,32,38
PCVX,Healthcare,Biotechnology,32.15,-0.17,-0.11,-0.13,-0.11,-0.22,-127.65,-4.11,-8.97,,,32,31
IVP,Consumer Cyclical,Personal Services,0.9204,81.56,0.65,0.39,0.4,1.05,-127.76,-49.75,28.8,5.048,,32,87
DMAC,Healthcare,Biotechnology,5.37,0.0,-0.09,-0.1,-0.38,-0.29,-127.87,-0.69,-8.97,,,32,31
MGX,Healthcare,Biotechnology,1.78,0.26,-0.14,-0.17,-0.86,0.75,-127.9,-2.33,696.04,0.91,,32,95
EFC,Real Estate,REIT - Mortgage,13.71,0.29,0.4,0.32,-0.38,,-128.11,1.22,27.52,3.421,11.34,32,87
HSDT,Healthcare,Medical Devices,5.995,-9.42,0.47,0.32,-9.54,5.04,-128.29,-12356.89,-287.52,8.097,,32,4
O,Real Estate,REIT - Retail,58.28,-0.27,0.22,-0.3,-0.36,,-128.4,1.03,5.72,6.187,57.56,32,71
HTGC,Financial Services,Asset Management,19.37,0.0,-0.28,-0.14,0.12,-0.97,-128.45,1.52,39.23,2.997,12.65,32,89
ENGN,Healthcare,Biotechnology,5.0,-0.06,-0.2,-0.25,-0.34,-0.04,-128.57,-1.63,-8.97,,,32,31
LVO,Communication Services,Entertainment,0.4477,0.25,0.2,-2.0,-1.0,-0.67,-128.64,-0.23,-57.35,1.051,,32,7
DOMH,Financial Services,Capital Markets,5.68,3.7,-0.64,-1.75,2.11,-2.32,-128.66,-1.7,2265555555555936.0,5.515,,31,97
FLGT,Healthcare,Diagnostics & Research,21.98,0.0,-0.95,1.53,-0.28,0.22,-128.74,-1.66,-18.45,9.905,,31,15
MIST,Healthcare,Biotechnology,1.78,0.55,-0.38,-0.61,-0.43,-0.48,-128.82,-0.84,-1111111111111186.8,,,31,2
MPX,Consumer Cyclical,Recreational Vehicles,9.24,1.0,-1.0,0.2,-0.17,,-128.89,0.4,-14.53,6.444,22.73,31,18
HAL,Energy,Oil & Gas Equipment & Services,22.47,1.29,-1.92,0.08,-0.45,,-128.9,2.13,-7.79,25.556,10.38,31,37
EML,Industrials,Tools & Accessories,24.09,0.75,4.36,1.3,0.0,0.03,-129.0,1.79,-10.05,43.688,13.39,31,25
JCI,Industrials,Building Products & Equipment,107.09,0.47,0.16,-0.51,-0.36,,-129.07,3.0,-7.64,35.433,35.41,31,37
MSIF,Financial Services,Asset Management,14.04,-0.03,-2.81,6.61,-0.29,,-129.39,1.39,-21.86,3.156,10.06,31,13
LXEO,Healthcare,Biotechnology,4.97,0.65,-0.05,-0.06,0.07,-0.29,-129.71,-3.21,-726666666666692.6,,,31,2
MATX,Industrials,Marine Shipping,104.39,0.34,-0.76,-0.55,-0.13,,-129.88,14.69,-12.45,105.313,7.19,31,21
IPG,Communication Services,Advertising Agencies,26.84,2.91,-5.04,17.6,-0.3,,-130.42,1.18,-13.02,23.807,23.01,31,20
GLPI,Real Estate,REIT - Specialty,48.34,-0.09,-0.32,0.18,-0.4,,-130.46,2.6,-3.81,5.689,18.63,31,49
CRNX,Healthcare,Biotechnology,34.25,-0.18,-0.18,0.09,-0.31,,-130.46,-4.1,100.54,0.016,,31,93
EOSE,Industrials,Electrical Equipment & Parts,7.34,-3.5,2.61,1.62,-3.2,2.83,-130.62,-4.73,1086.08,0.15,,31,95
NTRA,Healthcare,Diagnostics & Research,166.56,-0.48,-0.32,-0.46,-1.47,0.12,-130.65,-1.92,25.84,14.924,,31,86
INMB,Healthcare,Biotechnology,1.92,-1.44,0.2,0.17,-1.1,0.42,-130.7,-2.49,-124.72,0.002,,31,5
OBIO,Healthcare,Biotechnology,2.74,-0.02,-0.09,-0.1,-0.11,-0.29,-130.77,-1.83,53.69,0.077,,31,90
LSTR,Industrials,Integrated Freight & Logistics,134.36,0.41,-0.54,-0.08,-0.23,,-130.82,4.77,-13.6,136.403,27.69,31,19
OABI,Healthcare,Biotechnology,1.6,0.13,-0.42,0.33,-0.15,,-130.87,-0.61,-76.15,0.22,,31,6
OSK,Industrials,Farm & Heavy Construction Machinery,139.12,0.0,-0.36,-0.17,-0.49,-0.58,-131.09,9.97,-7.91,159.821,14.0,31,37
DEA,Real Estate,REIT - Office,22.66,0.29,-0.79,0.0,-0.22,,-131.13,0.38,-0.4,7.517,61.05,31,59
EWTX,Healthcare,Biotechnology,14.62,0.26,-0.09,-0.1,0.0,-0.3,-131.19,-1.56,-8.97,,,31,31
NYXH,Healthcare,Medical Instruments & Supplies,5.7,0.09,-0.29,0.07,-0.29,,-131.21,-2.47,74.34,0.135,,31,92
JSPR,Healthcare,Biotechnology,2.69,-0.23,0.15,-0.31,-0.79,,-131.27,-6.05,-8.97,,,30,31
KBH,Consumer Cyclical,Residential Construction,65.95,0.01,-0.7,0.23,-0.44,,-131.63,7.54,-14.49,92.386,9.01,30,19
PCAR,Industrials,Farm & Heavy Construction Machinery,98.21,0.44,-0.73,-0.11,-0.55,,-131.79,5.83,-15.71,59.158,16.99,30,17
NXPI,Technology,Semiconductors,225.39,-0.1,-0.01,-0.45,-0.47,,-132.58,8.39,-12.06,47.776,27.03,30,22
LEA,Consumer Cyclical,Auto Parts,110.37,1.05,-0.1,-0.47,-0.49,,-132.87,7.07,-68.2,419.869,15.71,30,6
LQDA,Healthcare,Biotechnology,28.84,-0.09,-0.2,-0.25,-0.29,-0.12,-133.0,-1.82,86.35,0.232,,30,92
ENTG,Technology,Semiconductor Equipment & Materials,79.65,-0.2,-0.62,0.33,-0.29,,-133.05,1.95,-6.07,21.296,42.04,30,41
LOB,Financial Services,Banks - Regional,38.65,1.43,-0.05,-0.27,-0.18,,-133.24,1.21,2.35,8.952,31.7,30,66
LAND,Real Estate,REIT - Specialty,9.03,-2.52,4.56,4.56,-1.0,0.19,-133.39,-0.44,-56.16,2.015,,30,7
IMKTA,Consumer Defensive,Grocery Stores,70.5,0.74,-0.1,12.12,-0.21,,-133.76,2.98,-9.85,282.354,23.69,30,25
DDS,Consumer Cyclical,Department Stores,571.3,0.15,0.17,0.68,-0.07,-0.7,-133.85,36.23,-10.13,414.98,15.92,30,25
EGBN,Financial Services,Banks - Regional,19.94,-39.33,-7.5,-0.41,0.21,,-133.89,-1.02,-13.18,3.86,,30,20
MTDR,Energy,Oil & Gas E&P,50.01,-0.59,0.12,-0.16,-0.51,,-133.91,6.81,5.6,28.069,7.08,30,71
DYN,Healthcare,Biotechnology,13.24,0.08,-0.19,0.09,-0.39,,-134.01,-3.88,-8.97,,,30,31
GEV,Industrials,Specialty Industrial Machinery,598.81,1.05,-0.9,6.0,-1.5,,-134.13,4.13,-0.94,133.145,140.94,30,57
NOC,Industrials,Aerospace & Defense,579.76,1.45,-0.55,-0.36,0.28,-0.9,-134.2,27.12,-6.5,279.221,21.42,30,40
LEU,Energy,Uranium,199.01,0.02,-1.01,11.7,-0.16,,-134.2,6.16,-18.8,25.763,33.34,30,14
MURA,Healthcare,Biotechnology,2.07,-0.44,0.04,-0.07,-0.49,,-134.41,-8.58,-8.97,,,30,31
NVCR,Healthcare,Medical Devices,11.98,-0.16,0.97,-1.18,-0.16,,-134.43,-1.56,-3.69,5.752,,30,49
EBAY,Consumer Cyclical,Internet Retail,93.03,-0.35,-0.32,0.09,0.78,,-134.77,4.5,-5.03,22.089,20.59,30,44
MRTN,Industrials,Trucking,11.76,0.8,-0.4,0.4,-0.11,,-134.87,0.25,-13.62,11.303,46.96,30,19
MSN,Technology,Consumer Electronics,0.42255,-0.25,-0.33,0.33,0.0,-0.14,-135.43,-0.22,-26.34,0.488,,30,11
GEN,Technology,Software - Infrastructure,29.53,-0.05,-0.13,0.0,-0.32,,-135.51,0.96,15.29,6.862,30.73,30,82
HUM,Healthcare,Healthcare Plans,312.0,-1.28,2.79,-2.44,-0.25,,-135.62,13.06,1.58,1021.524,23.58,29,64
GEF,Consumer Cyclical,Packaging & Containers,61.4,0.34,4.47,-6.27,-0.37,,-135.78,2.42,-11.07,114.641,25.36,29,23
MVO,Energy,Oil & Gas E&P,5.99,0.15,-0.35,-0.26,-0.2,-0.94,-135.8,1.26,-12.97,1.336,4.75,29,20
CSTL,Healthcare,Diagnostics & Research,23.09,6.62,-3.65,3.25,-1.0,,-135.85,-0.34,7.86,12.204,,29,75
FROG,Technology,Software - Application,48.4,-0.19,0.31,0.0,-0.46,,-135.85,-0.77,15.89,4.206,,29,82
E,Energy,Oil & Gas Integrated,34.87,-1.25,4.14,-1.29,-0.25,,-135.86,1.73,-16.54,56.202,19.76,29,16
ETNB,Healthcare,Biotechnology,8.61,-0.45,1.08,0.36,-0.48,,-135.89,-3.69,-8.97,,,29,31
CRVS,Healthcare,Biotechnology,5.73,-3.1,2.17,2.33,-0.43,,-136.0,-1.1,-8.97,,,29,31
GXO,Industrials,Integrated Freight & Logistics,51.38,4.52,-2.04,2.0,-0.39,,-136.14,0.51,7.2,107.317,103.2,29,74
OCFC,Financial Services,Banks - Regional,18.67,-0.25,-0.03,-0.17,-0.43,,-136.3,1.41,-3.56,6.484,13.01,29,49
OGN,Healthcare,Drug Manufacturers - General,9.68,0.65,-0.24,-2.31,-0.36,,-136.62,2.69,-9.34,24.321,3.86,29,27
FDMT,Healthcare,Biotechnology,6.61,-0.14,-0.04,-0.04,-0.56,-0.3,-137.0,-3.53,-6078.11,0.001,,29,3
KNF,Basic Materials,Building Materials,78.59,2.36,-3.95,-5.39,-0.55,,-137.1,2.7,-3.66,52.09,29.77,29,49
KYTX,Healthcare,Biotechnology,3.63,0.06,-0.13,-0.14,-0.45,0.09,-137.16,-3.68,-7805555555555562.0,,,29,2
LPTH,Technology,Electronic Components,5.72,-0.29,-0.75,0.37,-0.29,-0.4,-137.22,-0.25,1.53,0.843,,29,64
FAF,Financial Services,Insurance - Specialty,66.27,0.96,0.03,2.43,0.27,,-137.23,1.82,-4.6,62.824,36.85,29,46
MXCT,Healthcare,Medical Devices,1.36,-0.2,0.0,0.1,-0.33,,-137.24,-0.42,-22.27,0.338,,29,13
MMM,Industrials,Conglomerates,155.52,-0.52,0.53,-0.86,-0.53,,-137.41,7.21,-12.74,45.233,21.54,29,21
ELVN,Healthcare,Biotechnology,20.01,0.16,-0.24,0.04,-0.2,,-137.97,-1.99,-8.97,,,29,31
LZB,Consumer Cyclical,"Furnishings, Fixtures & Appliances",36.18,0.22,-0.92,-0.04,-0.41,,-138.24,2.18,-10.75,50.935,16.59,29,24
EOLS,Healthcare,Drug Manufacturers - Specialty & Generic,7.51,0.11,-1.73,1.73,-0.5,,-138.27,-0.97,6.49,4.364,,29,73
IDYA,Healthcare,Biotechnology,25.83,-0.07,0.82,-1.48,-0.29,,-138.45,-3.84,-38.92,0.08,,29,8
GPK,Consumer Cyclical,Packaging & Containers,20.9,-0.2,-0.1,-0.2,-0.77,,-138.56,1.77,-7.22,28.64,12.16,28,38
GENI,Communication Services,Internet Content & Information,13.55,-6.0,3.0,-3.4,-1.33,,-138.59,-0.31,15.58,2.325,,28,82
ICL,Basic Materials,Agricultural Inputs,6.09,0.0,0.17,-0.5,-0.29,,-138.63,0.29,-5.82,5.388,20.97,28,42
NTIP,Industrials,Specialty Business Services,1.61,0.0,-0.33,-0.5,0.5,1.0,-138.82,-0.1,-3.7808888888889176e+16,0.007,,28,1
EYPT,Healthcare,Biotechnology,11.88,-0.31,-0.02,-0.19,-0.47,,-138.95,-2.69,-58.89,0.802,,28,7
ONTO,Technology,Semiconductor Equipment & Materials,101.95,-0.88,0.31,-0.08,-0.55,,-138.98,4.04,-3.06,21.053,25.76,28,51
KEY,Financial Services,Banks - Regional,19.18,0.03,2.21,0.68,0.4,,-139.05,-0.08,-1.23,4.59,,28,56
DARE,Healthcare,Biotechnology,2.13,0.11,0.05,0.05,-4.4,0.62,-139.06,-2.16,1.111111111110776e+16,-0.002,,28,98
HLIO,Industrials,Specialty Industrial Machinery,54.52,0.55,0.57,-1.43,-0.21,,-139.22,1.04,-12.15,23.519,53.41,28,22
MYPS,Communication Services,Electronic Gaming & Multimedia,0.9657,0.0,8.0,-8.0,0.0,,-139.24,-0.25,-23.64,2.087,,28,12
CWD,Financial Services,Asset Management,2.38,-0.16,1.84,-52.0,0.05,,-139.48,-18.13,-29.02,27.786,,28,10
HAFN,Industrials,Marine Shipping,6.06,0.15,-0.23,-1.62,-2.4,,-139.56,0.84,-21.9,4.665,7.19,28,13
ETSY,Consumer Cyclical,Internet Retail,52.21,2.75,-3.39,1.34,-0.64,,-140.31,1.24,-4.25,26.078,43.6,28,47
KIDS,Healthcare,Medical Devices,20.71,0.53,0.5,-1.03,-0.15,,-140.37,-1.8,10.82,9.49,,28,79
ORGN,Basic Materials,Chemicals,0.5249,1.0,-1.0,1.89,0.56,,-140.76,-0.62,3.2005555555555536e+16,0.197,,28,98
MTH,Consumer Cyclical,Residential Construction,81.5,0.2,-0.4,-0.13,-0.55,,-141.9,8.77,-9.09,86.336,9.44,28,27
MBBC,Financial Services,Banks - Regional,10.372,1.33,-2.0,2.22,5.43,-3.33,-142.71,0.3,-5.13,3.238,34.57,28,44
HTBK,Financial Services,Banks - Regional,10.34,-0.9,0.12,0.0,-0.5,,-142.72,0.63,2.12,2.933,16.22,28,66
DINO,Energy,Oil & Gas Refining & Marketing,51.56,56.0,56.0,-1.85,0.39,,-142.88,-0.4,-11.86,142.373,,28,22
JEF,Financial Services,Capital Markets,64.97,-0.46,-0.15,-0.13,-0.61,-0.13,-143.08,2.59,-4.52,32.014,24.52,28,46
DDI,Communication Services,Electronic Gaming & Multimedia,9.64,-0.09,-0.49,0.42,-0.51,,-143.23,2.15,-12.39,6.725,4.44,28,21
INTA,Technology,Software - Application,45.24,0.0,2.25,-1.17,-3.0,1.25,-143.72,-0.23,10.72,6.405,,28,78
CURR,,,1.68,0.3,0.0,0.0,-0.22,-0.46,-143.79,,-28.99,,,28,10
OBK,Financial Services,Banks - Regional,39.09,-0.53,0.57,-0.3,-0.45,,-144.41,2.23,-13.74,10.935,17.33,27,19
OXM,Consumer Cyclical,Apparel Manufacturing,42.6,0.51,5.56,-11.36,-0.43,,-144.53,5.15,-6.37,97.056,8.18,27,40
NBTB,Financial Services,Banks - Regional,44.58,-0.73,0.03,-0.07,-0.53,,-144.58,2.78,8.0,12.306,15.84,27,75
EMN,Basic Materials,Specialty Chemicals,68.6,-0.3,-0.8,0.84,-0.61,,-144.67,7.11,-12.52,80.363,9.71,27,21
NRGV,Utilities,Utilities - Renewable,2.07,-0.57,2.07,-1.39,-0.22,,-145.04,-0.95,1.620855555555556e+17,0.337,,27,99
EVGO,Consumer Cyclical,Specialty Retail,3.78,-0.11,0.22,0.0,0.0,,-145.18,-0.4,66.93,2.56,,27,91
NHC,Healthcare,Medical Care Facilities,115.15,-0.37,4.36,-6.13,-0.14,,-145.53,6.7,13.94,94.481,17.16,27,81
JOBY,Industrials,Airports & Air Services,13.1,-2.73,0.45,0.31,-1.28,0.27,-145.77,-1.07,1146666666666526.5,0.0,,27,96
MFIC,Financial Services,Asset Management,13.08,-0.68,0.02,0.02,-0.84,-0.22,-145.82,1.05,-26.04,3.521,12.41,27,11
MTR,Energy,Oil & Gas E&P,5.6,1.42,0.19,0.24,-0.14,-0.51,-145.9,0.21,-43.06,0.311,26.55,27,8
CVX,Energy,Oil & Gas Integrated,157.69,-0.39,0.09,-0.35,-0.68,,-146.38,7.78,-13.45,107.606,19.75,27,20
PATK,Consumer Cyclical,"Furnishings, Fixtures & Appliances",114.06,-0.17,1.6,-1.79,-0.47,,-146.51,3.68,-8.48,117.075,30.86,27,35
FYBR,Communication Services,Telecom Services,37.13,-0.88,0.81,-0.42,0.0,,-146.94,-1.56,-7.16,24.228,,27,39
MDXG,Healthcare,Biotechnology,7.09,0.4,0.0,0.0,-0.71,,-147.19,0.21,4.1,2.471,34.0,27,69
EPC,Consumer Defensive,Household & Personal Products,23.58,0.03,16.0,-5.5,-0.6,,-147.32,1.35,-10.29,45.724,17.33,27,24
NET,Technology,Software - Infrastructure,209.98,0.0,-1.75,0.0,-1.75,-0.1,-147.48,-0.34,21.8,5.455,,27,85
KRRO,Healthcare,Biotechnology,28.085,-0.1,-0.05,-0.05,-0.13,-0.02,-148.16,-9.74,1.2256666666666658e+16,0.671,,27,98
MDWD,Healthcare,Biotechnology,16.76,-16.57,4.14,1.72,-0.81,,-148.55,-2.6,-2.93,1.849,,27,51
OSS,Technology,Computer Hardware,5.82,0.0,0.67,1.13,0.22,,-148.7,-0.66,-5.88,2.591,,27,42
INDI,Technology,Semiconductor Equipment & Materials,4.28,-0.11,0.0,0.56,-0.82,,-148.77,-0.84,15.36,1.158,,27,82
FRHC,Financial Services,Financial Conglomerates,172.38,-0.79,-0.44,-0.46,-0.14,-0.22,-148.81,1.32,19.32,26.782,128.38,27,84
IIPR,Real Estate,REIT - Industrial,56.65,-0.21,-0.31,0.0,-0.67,,-148.94,4.63,-21.23,10.217,12.38,27,13
LCII,Consumer Cyclical,Recreational Vehicles,105.69,0.18,4.24,-2.78,-0.05,,-149.29,5.98,-8.12,152.279,17.73,27,36
LOT,Consumer Cyclical,Auto Manufacturers,2.075,0.0,1.36,-1.2,0.07,0.68,-149.73,-1.44,738.18,1.117,,26,95
MOV,Consumer Cyclical,Luxury Goods,19.3,1.17,-5.06,0.58,-0.23,,-149.73,0.77,-8.26,29.443,25.29,26,36
DSGN,Healthcare,Biotechnology,6.11,-0.1,-0.29,-0.04,-0.62,,-149.78,-1.12,-8.97,,,26,31
KOP,Basic Materials,Specialty Chemicals,28.62,2.22,-0.36,-3.24,-0.55,,-150.13,0.75,-14.04,98.502,38.49,26,19
JRVR,Financial Services,Insurance - Specialty,5.69,-1.83,14.41,-1.07,-1.17,,-150.19,-3.2,-12.25,15.566,,26,21
ETD,Consumer Cyclical,"Furnishings, Fixtures & Appliances",30.24,0.28,-0.56,0.02,-0.51,,-150.37,2.01,-15.84,24.053,15.09,26,17
GUTS,Healthcare,Biotechnology,0.8998,-0.16,0.06,-0.08,-0.58,,-150.54,-2.1,-153333333333345.56,0.0,,26,3
IHT,Real Estate,REIT - Hotel & Motel,1.76,1.0,0.5,0.33,1.0,,-151.04,-0.15,-10.25,0.855,,26,24
LADR,Real Estate,REIT - Mortgage,11.76,0.56,-1.78,0.14,-0.86,,-151.16,0.7,-22.51,1.94,16.87,26,13
DHC,Real Estate,REIT - Healthcare Facilities,3.89,-8.5,4.62,0.82,0.08,8.0,-151.3,-1.2,-6.03,6.347,,26,41
OCFT,Technology,Software - Application,7.1,0.0,12.0,-16.33,-6.75,1.5,-151.68,-2.6,-56.54,1.498,,26,7
CXT,Industrials,Specialty Industrial Machinery,61.72,0.14,-1.65,0.23,-0.68,,-151.77,2.61,-1.74,26.876,23.41,26,55
GLSI,Healthcare,Biotechnology,10.97,-0.2,-0.11,-0.12,-0.5,-0.32,-151.88,-1.37,-8.97,,,26,31
FENG,Communication Services,Internet Content & Information,2.6165,1.5,-4.0,2.0,-1.0,,-152.18,-0.74,-6.28,60.342,,26,41
LUV,Industrials,Airlines,31.12,2.54,-2.69,3.0,-0.52,,-152.41,0.64,-2.34,47.406,49.05,26,53
MYE,Consumer Cyclical,Packaging & Containers,16.72,0.0,0.5,3.42,-0.56,1.0,-152.49,0.26,-11.2,22.13,62.77,26,23
HURN,Industrials,Consulting Services,145.15,-0.23,-0.39,0.25,-0.87,,-152.61,5.74,2.61,88.159,24.61,26,66
FIP,Industrials,Conglomerates,4.14,-2.3,2.31,-1.76,-0.4,,-152.66,-1.45,38.49,3.38,,26,89
OZ,Real Estate,Real Estate - Development,64.25,0.14,-0.11,-0.12,-0.58,-1.14,-153.12,-8.57,285.3,1.489,,26,94
DHR,Healthcare,Diagnostics & Research,199.03,-0.73,-0.13,0.33,-0.6,,-153.23,4.7,-7.19,33.368,42.6,26,38
CTNM,Healthcare,Biotechnology,10.99,0.0,-0.11,-0.4,-0.59,,-153.34,-2.07,-8.97,,,26,31
KYMR,Healthcare,Biotechnology,42.2,-0.16,0.07,-0.07,-0.64,,-153.76,-3.49,-97.38,0.564,,26,5
CRSP,Healthcare,Biotechnology,52.74,-0.52,-2.59,1.3,-0.61,,-154.09,-5.4,-13955.3,0.443,,26,3
CVR,Industrials,Tools & Accessories,9.49,-2.02,2.29,1.78,-3.73,2.71,-154.2,-5.22,-18.65,26.516,,25,15
DMLP,Energy,Oil & Gas E&P,25.42,-0.44,-0.71,-0.41,-1.28,-0.22,-154.3,1.73,-10.9,3.553,14.4,25,24
NUVL,Healthcare,Biotechnology,79.67,-0.18,-0.12,0.22,-0.58,,-154.52,-4.92,-8.97,,,25,31
ODV,Basic Materials,Gold,2.75,-0.3,0.24,0.19,-0.03,-2.0,-154.56,-0.8,102.54,0.059,,25,93
IOSP,Basic Materials,Specialty Chemicals,85.86,-0.39,3.15,-3.1,-0.33,,-155.84,0.77,-5.36,71.772,111.32,25,43
FLL,Consumer Cyclical,Resorts & Casinos,3.43,-0.07,0.3,-0.46,-0.16,,-155.93,-1.15,-0.9,8.358,,25,57
ICCC,Healthcare,Biotechnology,6.52,-1.67,1.67,2.5,4.33,,-156.14,0.21,7.51,3.22,30.14,25,74
FRGE,Financial Services,Capital Markets,17.69,0.28,-0.07,0.25,0.12,,-156.35,-5.03,-0.45,7.322,,25,59
DIN,Consumer Cyclical,Restaurants,23.3,0.68,0.56,-2.65,-0.69,,-156.38,2.99,-2.18,56.723,7.92,25,53
OTLY,Consumer Defensive,Packaged Foods,17.14,-3.5,6.5,-1.5,-0.8,,-156.53,-6.4,-4.06,27.653,,25,48
NKE,Consumer Cyclical,Footwear & Accessories,75.35,0.0,-0.44,0.11,-0.83,-0.43,-156.95,2.16,-18.14,31.187,34.22,25,15
MRC,Energy,Oil & Gas Equipment & Services,15.15,2.73,0.54,-2.48,-0.87,,-157.39,0.23,-7.54,34.465,65.65,25,37
INCY,Healthcare,Biotechnology,85.44,1.55,-0.27,0.89,2.02,,-157.77,4.23,6.15,23.711,20.48,25,72
NOA,Energy,Oil & Gas Equipment & Services,13.47,0.59,-0.68,-0.41,-0.54,-0.95,-157.81,0.86,8.82,45.248,15.55,25,76
HIMX,Technology,Semiconductors,8.32,-0.21,0.21,0.26,-0.81,0.58,-157.82,0.43,-23.35,5.09,19.51,25,12
DAIO,Technology,Electronic Components,3.17,-1.0,2.25,-3.33,0.12,,-157.89,-0.28,0.51,2.457,,25,61
NMRK,Real Estate,Real Estate Services,17.92,3.4,-6.4,1.7,0.5,,-158.0,0.41,3.59,17.135,45.27,25,68
DENN,Consumer Cyclical,Restaurants,4.81,4.0,-12.0,0.08,-0.4,,-158.3,0.3,-6.45,8.738,15.37,25,40
INSW,Energy,Oil & Gas Midstream,46.03,0.25,0.37,-1.53,-1.34,,-158.88,4.8,-4.62,16.191,9.75,25,46
GCO,Consumer Cyclical,Apparel Retail,33.68,-0.07,-0.07,-0.93,0.1,,-159.8,-2.49,-7.04,223.589,,25,39
OSTX,Healthcare,Biotechnology,2.09,-0.06,0.0,0.0,0.37,-1.49,-160.31,-0.71,-8.97,,,25,31
ON,Technology,Semiconductors,48.06,3.8,-2.29,-0.06,-0.93,,-161.39,1.05,-20.38,15.159,46.77,25,13
NMM,Industrials,Marine Shipping,47.93,-0.66,-0.4,-0.03,-0.72,,-162.69,10.98,-3.27,44.088,4.37,25,50
FAT,Consumer Cyclical,Restaurants,1.83,-0.16,0.49,-0.48,-0.3,,-162.86,-12.71,19.69,33.182,,24,84
FATBB,Consumer Cyclical,Restaurants,2.6,-0.16,0.49,-0.48,-0.3,,-162.86,-12.71,19.69,33.182,,24,84
DCI,Industrials,Specialty Industrial Machinery,80.62,-0.63,-0.04,-0.1,-0.92,,-162.89,3.05,-5.41,31.094,26.57,24,43
MSB,Basic Materials,Steel,31.44,-10.28,-0.91,13.51,0.04,,-164.37,7.12,-105.13,1.974,4.38,24,5
ESI,Basic Materials,Specialty Chemicals,25.7,-1.0,0.74,0.35,-0.95,,-165.14,0.99,-7.35,10.273,26.47,24,38
LEXX,Healthcare,Biotechnology,0.9654,-0.4,0.07,-0.1,-0.62,-1.5,-165.21,-0.68,43.44,0.036,,24,90
FANG,Energy,Oil & Gas E&P,142.74,-1.03,0.32,0.15,-0.96,,-165.39,13.8,29.37,49.708,10.05,24,87
FURY,Basic Materials,Other Industrial Metals & Mining,0.6498,1.0,0.25,0.2,1.0,-1.0,-165.46,-0.53,-8.97,,,24,31
NC,Energy,Thermal Coal,39.78,-0.52,-0.55,-1.06,-0.84,,-165.49,4.26,13.95,36.162,8.91,24,81
EC,Energy,Oil & Gas Integrated,9.04,-0.73,-0.25,0.07,-0.86,,-165.64,1.37,-9.52,31722.81,6.63,24,26
HOG,Consumer Cyclical,Recreational Vehicles,30.19,-0.2,2.15,-2.01,-0.84,,-165.66,2.05,-25.23,35.674,14.73,24,11
HLLY,Consumer Cyclical,Auto Parts,3.96,3.5,17.0,-5.4,-0.56,,-166.83,-0.27,-11.72,4.996,,24,22
LEN,Consumer Cyclical,Residential Construction,138.07,-0.08,-1.07,-0.05,-0.91,,-167.02,12.07,-8.8,133.423,11.75,24,35
HURC,Industrials,Specialty Industrial Machinery,16.68,0.08,-1.91,5.39,-0.02,,-168.18,-2.99,-18.83,28.345,,24,14
FTHM,Real Estate,Real Estate Services,1.85,0.85,0.21,0.38,-0.86,,-168.35,-1.06,17.47,16.784,,24,83
CTOR,Healthcare,Drug Manufacturers - Specialty & Generic,1.87,0.37,-0.22,-0.15,-0.19,-0.62,-168.36,-0.39,-8.97,,,24,31
JHX,Basic Materials,Building Materials,19.54,-0.6,-0.37,0.74,-1.4,-0.44,-168.5,0.77,-14.98,8.803,26.26,24,18
ORC,Real Estate,REIT - Mortgage,7.2,-2.61,1.57,-2.43,-2.22,,-168.86,0.14,-3007.33,0.268,51.36,24,4
NTRS,Financial Services,Asset Management,129.49,0.12,-0.19,0.02,-1.03,,-169.3,8.51,-29.89,40.003,14.96,24,10
LCTX,Healthcare,Biotechnology,1.2,-5.5,0.0,0.0,-3.33,1.0,-169.75,-0.17,79.64,0.049,,24,92
INR,Energy,Oil & Gas E&P,14.6,2.92,-4.45,-2.68,-0.54,-1.14,-170.68,1.49,7.04,19.557,9.47,24,73
MDCX,Healthcare,Drug Manufacturers - General,1.83,-0.02,-0.15,-0.18,0.02,-1.0,-170.93,-1.31,-8.97,,,24,31
HVT,Consumer Cyclical,Home Improvement Retail,23.57,-0.41,-1.08,0.67,-0.59,,-172.1,1.17,-12.22,44.391,20.51,23,21
LGIH,Consumer Cyclical,Residential Construction,65.46,7.0,-11.71,-0.37,-0.83,,-172.14,6.62,-29.5,87.344,10.12,23,10
OTEX,Technology,Software - Application,33.195,-2.18,-1.49,1.72,-2.09,-0.03,-172.29,1.65,-6.55,19.631,20.14,23,40
NPO,Industrials,Specialty Industrial Machinery,216.85,0.09,0.76,-0.42,-0.01,,-172.38,3.99,-2.1,51.335,54.98,23,54
GLDG,Basic Materials,Gold,1.06,1.0,0.75,0.43,2.0,-1.0,-173.55,-0.09,-8.97,,,23,31
GIPR,Real Estate,REIT - Diversified,0.927,-0.62,-9.0,10.0,-0.93,,-173.66,-1.9,7.95,1.822,,23,75
NCLH,Consumer Cyclical,Travel Services,25.59,2.29,-7.44,-0.86,-4.43,,-173.95,1.46,76.76,21.64,17.58,23,92
GTIM,Consumer Cyclical,Restaurants,1.66,3.33,-4.0,0.0,0.17,,-174.11,0.12,-9.02,13.452,13.42,23,27
MNR,Energy,Oil & Gas E&P,14.1,4.43,-2.0,-0.67,0.81,-2.14,-175.29,1.97,20.41,8.643,7.13,23,84
DX,Real Estate,REIT - Mortgage,12.77,-1.33,-11.17,0.61,0.07,,-175.35,0.84,-31.56,1.195,15.38,23,9
HRZN,Financial Services,Asset Management,6.96,0.06,-0.66,-2.6,-0.92,,-175.38,-1.19,-74.43,2.477,,23,6
GNW,Financial Services,Insurance - Life,8.66,-0.08,13000000.0,-20000000.0,-0.42,,-175.72,0.49,-9.9,17.21,17.49,23,25
ONFO,Communication Services,Internet Content & Information,1.0,0.38,-0.24,-0.32,0.08,-0.64,-175.99,-0.46,69.13,2.05,,23,92
NRDY,Technology,Software - Application,1.33,0.29,0.0,0.56,0.14,,-176.2,-0.38,-13.76,1.525,,23,19
INVX,Energy,Oil & Gas Equipment & Services,17.26,0.05,-4.33,-0.81,0.54,-4.15,-176.25,2.1,49.79,12.605,8.01,23,90
MLR,Consumer Cyclical,Auto Parts,41.81,0.06,-0.31,-0.47,-1.42,,-176.67,3.63,-50.97,85.24,11.51,23,7
MREO,Healthcare,Biotechnology,1.73,0.0,0.0,0.0,0.0,-1.0,-177.43,-0.3,-5.134795739946e+16,0.003,,23,1
GPCR,Healthcare,Biotechnology,19.76,-0.33,-0.27,-0.06,-1.0,,-177.48,-3.15,-8.97,,,23,31
FLYX,Industrials,Airlines,4.28,0.15,0.03,0.03,0.23,0.17,-177.58,-0.95,7.64,12.452,,23,74
EVTL,Industrials,Aerospace & Defense,4.51,-3.89,1.82,2.22,-3.89,4.36,-177.77,-50.52,-146666666666675.62,,,23,3
HPE,Technology,Communication Equipment,23.16,4.9,-2.82,-1.27,-0.86,,-178.54,0.85,4.28,25.081,27.67,23,69
KEYS,Technology,Scientific & Technical Instruments,166.95,-0.34,0.54,3.31,-1.01,,-178.81,3.16,-1.49,30.394,53.13,23,55
ONON,Consumer Cyclical,Footwear & Accessories,46.05,-2.42,-0.65,2.11,-2.2,,-179.19,0.52,28.42,8.335,87.54,23,87
EDUC,Communication Services,Publishing,1.11,-0.13,-0.15,1.2,0.15,0.65,-179.37,-0.61,-64.79,3.714,,22,6
DNTH,Healthcare,Biotechnology,24.66,-0.07,-0.01,-0.09,-0.73,,-180.03,-3.27,-549.34,0.137,,22,4
ICHR,Technology,Semiconductor Equipment & Materials,16.53,-1.15,-0.08,-0.5,-0.87,,-180.14,-0.61,-0.86,27.398,,22,58
FRST,Financial Services,Banks - Regional,11.25,-8.2,2.56,-12.8,-0.4,,-180.24,0.11,-4.76,5.164,101.55,22,46
FORM,Technology,Semiconductor Equipment & Materials,28.95,0.5,-0.62,-0.85,-1.08,,-181.14,0.57,-9.6,9.893,51.51,22,26
OAKU,Financial Services,Shell Companies,11.8,-3.0,-3.0,2.2,-1.0,,-181.5,0.72,-8.97,,16.39,22,31
NAII,Consumer Defensive,Packaged Foods,3.81,0.0,-0.12,-0.1,-0.37,0.41,-182.17,-1.39,-4.98,21.18,,22,44
INGN,Healthcare,Medical Devices,8.12,0.67,0.64,-0.64,0.6,,-182.19,-1.06,-7.19,13.775,,22,38
PAPL,Financial Services,Mortgage Finance,4.14,0.8,0.44,-0.04,1.4,0.11,-183.24,-8.2,-12.2,6.395,,22,21
HQI,Industrials,Staffing & Employment Services,9.91,-0.25,-0.6,2.0,-0.87,,-183.32,0.19,-12.47,2.346,53.0,22,21
JELD,Industrials,Building Products & Equipment,6.46,7.96,-1.77,0.09,-0.14,,-183.9,-4.17,-23.31,40.428,,22,12
KRNT,Industrials,Specialty Industrial Machinery,14.71,-0.55,-3.2,3.5,-0.7,,-184.81,-0.25,-12.96,4.471,,22,20
CXAI,Technology,Software - Application,0.6427,-1.0,1.5,0.6,1.12,3.25,-186.53,-0.77,1.4116666666666624e+16,0.385,,22,98
PAR,Technology,Software - Application,48.12,0.15,-0.05,-0.02,-4.08,,-186.57,-2.43,22.94,11.041,,22,85
EQH,Financial Services,Asset Management,54.07,-8.56,-16.5,6.96,-2.02,,-186.6,1.29,-34.16,44.981,41.37,22,9
MT,Basic Materials,Steel,33.23,0.0,3.08,-2.38,0.39,-0.09,-187.25,3.28,-12.76,39.3985,10.43,22,21
MVBF,Financial Services,Banks - Regional,24.23,-0.75,-1.61,3.56,-1.0,,-187.44,1.29,-10.41,11.087,18.64,22,24
CSL,Industrials,Building Products & Equipment,391.97,0.84,-0.12,-0.47,-1.53,,-187.82,17.87,-5.43,112.274,22.17,22,43
JXN,Financial Services,Insurance - Life,98.16,5.87,-10.37,2.42,-0.47,,-188.37,0.13,-256.02,77.388,734.0,22,4
LASE,Industrials,Specialty Industrial Machinery,2.13,0.0,0.04,0.04,-0.33,-1.0,-188.84,-0.31,201.69,0.503,,22,94
KKR,Financial Services,Asset Management,137.35,3.41,-6.77,0.87,-0.42,,-188.92,2.11,7.67,24.104,64.23,22,74
HEPS,Consumer Cyclical,Internet Retail,2.81,0.0,0.82,-1.08,0.09,-0.83,-189.14,-0.15,53.04,179.003,,22,90
NNBR,Industrials,Conglomerates,2.61,-0.13,1.22,-2.92,-1.17,,-189.5,-1.13,-18.64,8.826,,22,15
ELTK,Technology,Electronic Components,9.93,-2.0,15000000.0,-26000000.0,-1.2,,-189.79,0.45,8.02,7.383,22.42,21,75
MG,Industrials,Security & Protection Services,9.79,2.0,-2.7,-0.24,-1.1,,-189.85,0.37,-9.7,22.558,26.3,21,26
EXOZ,Healthcare,Biotechnology,10.575,-0.27,-0.04,-0.04,-0.67,-0.77,-189.93,-0.92,-8.97,,,21,31
HSON,Industrials,Staffing & Employment Services,9.87,1.57,-1.95,0.4,-0.53,,-190.65,-1.31,-11.62,46.231,,21,22
FBIN,Industrials,Building Products & Equipment,59.05,0.0,-1.01,-0.29,-1.53,-0.81,-190.84,3.17,-11.46,36.642,19.19,21,22
DV,Technology,Software - Application,15.25,4.0,-5.0,-0.83,0.25,-3.0,-191.03,0.31,13.78,4.284,48.39,21,81
ORLA,Basic Materials,Gold,11.27,2.47,-1.93,-2.07,0.87,-4.67,-191.12,0.07,649.35,1.851,167.43,21,95
KGEI,Energy,Oil & Gas E&P,5.38,-1.0,0.0,0.14,-0.37,,-191.59,0.54,-5.33,1.628,9.67,21,43
FSI,Basic Materials,Specialty Chemicals,9.96,9.0,-2.33,-2.33,0.6,-3.0,-191.76,0.23,-2.17,2.977,41.3,21,54
LENZ,Healthcare,Biotechnology,39.92,0.0,-0.15,-0.21,-0.32,,-191.94,-1.63,3.3333333333333324e+16,0.181,,21,98
PBT,Energy,Oil & Gas Midstream,17.93,-0.2,-0.92,-0.48,-2.6,-1.0,-193.35,0.36,-102.27,0.395,49.94,21,5
GNE,Utilities,Utilities - Regulated Electric,15.05,-2.64,0.03,0.03,-2.27,0.33,-194.26,0.41,3.68,17.223,36.88,21,68
OKUR,Healthcare,Biotechnology,2.7,0.04,0.15,-3.95,-0.08,,-194.45,-4.46,-8.97,,,21,31
INNV,Healthcare,Medical Care Facilities,3.65,0.25,-1.5,0.0,-1.0,-2.33,-194.65,-0.24,1.84,6.133,,21,65
GBR,Real Estate,Real Estate Services,0.985,1000000.0,0.0,0.0,0.0,-2.0,-195.49,-0.01,3.81,0.029,,21,68
MLEC,Healthcare,Biotechnology,1.1799,-0.2,0.4,-0.75,-0.2,,-195.78,-2.1,1508415000000710.5,,,21,97
NPKI,Energy,Oil & Gas Equipment & Services,10.63,-0.2,0.2,21.2,0.11,,-196.16,0.48,-30.44,2.735,21.88,21,9
HCAT,Healthcare,Health Information Services,3.3,-0.69,-0.06,-0.37,-1.57,,-196.46,-1.51,-1.97,4.844,,21,54
EARN,Financial Services,Asset Management,5.68,-2.29,-4.0,6.25,-2.15,,-196.52,0.28,-593.73,1.31,20.14,21,4
FISI,Financial Services,Banks - Regional,27.76,0.04,5.9,-5.73,-0.93,,-197.73,-2.82,-23.31,5.697,,21,12
IRT,Real Estate,REIT - Residential,17.78,-0.33,4000000.0,-5000000.0,-0.67,,-197.79,0.12,9.67,2.824,150.33,21,77
CULP,Consumer Cyclical,Textile Manufacturing,4.313,0.0,0.36,0.29,0.18,-0.27,-197.82,-1.53,-13.94,17.025,,21,19
PEP,Consumer Defensive,Beverages - Non-Alcoholic,146.89,-0.46,0.21,-0.92,-1.43,,-199.46,5.49,-6.63,66.92,26.66,21,40
MBX,Healthcare,Biotechnology,12.92,0.22,-0.51,4.91,-0.17,,-199.93,-6.23,-8.97,,,20,31
EL,Consumer Defensive,Household & Personal Products,87.46,-4.43,4.73,-2.81,-0.91,,-200.04,-3.15,-20.44,39.783,,20,13
NG,Basic Materials,Gold,6.75,-4.0,0.0,0.0,-2.75,0.0,-200.38,-0.26,-8.97,,,20,31
FUN,Consumer Cyclical,Leisure,25.58,1.22,0.2,-3.37,-2.1,,-200.63,-4.86,42.36,31.654,,20,90
HXL,Industrials,Aerospace & Defense,64.14,-1.12,4.14,-6.0,-2.59,,-201.56,1.08,-6.08,23.155,60.07,20,41
NDLS,Consumer Cyclical,Restaurants,0.69,-0.9,0.05,-0.4,-0.27,,-201.62,-0.94,-9.01,10.798,,20,27
MMI,Real Estate,Real Estate Services,32.74,-1.55,-3.0,2.57,-1.0,,-201.97,-0.32,-13.69,18.67,,20,19
GOSS,Healthcare,Biotechnology,2.51,-0.06,-0.07,-0.07,-2.29,,-202.08,-0.61,1.2744555555555509e+17,0.177,,20,99
CRTO,Communication Services,Advertising Agencies,23.4,-0.75,-0.86,10.82,-0.22,,-202.18,2.37,-9.14,35.971,9.84,20,27
MLTX,Healthcare,Biotechnology,59.72,-0.38,0.14,-0.29,-1.23,,-202.53,-2.79,-8.97,,,20,31
IONQ,Technology,Computer Hardware,42.11,-4.0,0.36,0.26,-2.89,0.36,-202.55,-2.06,114.89,0.23,,20,93
MBIN,Financial Services,Banks - Regional,32.96,-0.55,-1.0,0.59,-1.5,,-203.12,4.54,4.74,13.055,7.23,20,70
OEC,Basic Materials,Specialty Chemicals,10.32,0.0,-0.87,2.17,-1.19,,-203.24,0.27,-7.91,32.16,39.33,20,37
PEB,Real Estate,REIT - Hotel & Motel,11.83,7.17,0.38,-2.89,-1.83,,-203.26,-0.53,3.6,12.345,,20,68
FLOC,Energy,Oil & Gas Equipment & Services,16.06,-0.14,0.02,0.02,-0.09,-2.26,-203.35,2.12,93.18,42.571,7.34,20,93
CTRN,Consumer Cyclical,Apparel Retail,38.74,16.36,1.07,-0.58,4.82,-4.93,-204.09,-4.66,-6.81,95.642,,20,39
GIFT,Communication Services,Internet Content & Information,1.0306,0.22,0.23,0.19,2.33,0.18,-204.87,-0.5,306.13,3.29,,20,94
DAWN,Healthcare,Biotechnology,7.41,0.21,-24.33,-24.33,-4.8,1.06,-205.13,-0.89,1.4573444444444467e+17,1.853,,20,99
CRSR,Technology,Computer Hardware,8.96,-0.6,-11.0,57.0,0.75,,-205.28,-0.8,1.24,13.399,,20,63
MTSR,Healthcare,Biotechnology,36.29,0.56,-1.01,0.02,-0.23,-1.59,-205.54,-2.93,-8.97,,,20,31
MTW,Industrials,Farm & Heavy Construction Machinery,10.06,5.5,-9.94,9.05,-0.25,,-205.76,1.25,-8.93,60.468,8.1,20,35
CSTM,Basic Materials,Aluminum,13.95,-0.04,2.31,-16.22,-1.06,,-207.99,0.23,-2.01,53.076,63.43,20,54
LNW,Consumer Cyclical,Gambling,87.79,0.15,-0.26,0.69,0.22,,-208.91,3.95,-5.04,36.936,22.57,19,44
GRWG,Consumer Cyclical,Specialty Retail,1.55,1.0,1.44,-1.05,0.25,,-209.56,-0.82,-39.94,2.764,,19,8
OVV,Energy,Oil & Gas E&P,42.6,2.95,-2.08,-1.92,-0.08,-3.05,-211.19,2.27,-6.92,34.365,18.1,19,39
OPAD,Real Estate,Real Estate Services,4.88,0.41,0.15,-0.29,0.28,,-212.05,-2.07,-63.71,25.518,,19,6
NOTV,Healthcare,Diagnostics & Research,1.6,-0.16,1.32,-0.4,0.96,,-212.78,-2.62,62.18,16.644,,19,91
MITT,Real Estate,REIT - Mortgage,7.81,-5.2,-0.45,-0.31,-1.5,-1.62,-212.84,0.86,-37.92,2.822,9.05,19,8
MIAX,Financial Services,Capital Markets,35.5,0.0,-0.24,-0.31,-1.38,-3.4,-213.08,0.02,11.3,19.838,1747.5,19,79
NAVI,Financial Services,Credit Services,13.61,8.0,-12.5,12.5,-1.29,,-213.57,0.32,-58.54,5.643,42.91,19,7
GILD,Healthcare,Drug Manufacturers - General,112.77,0.48,-0.35,0.43,0.22,,-215.04,5.04,-7.15,23.155,22.83,19,39
GPRO,Technology,Consumer Electronics,1.46,2.0,-0.25,-3.8,2.1,,-215.38,-0.67,-28.12,4.793,,19,10
DRVN,Consumer Cyclical,Auto & Truck Dealerships,19.21,6.25,48.75,-20.22,0.61,,-215.42,-1.94,1.11,14.915,,19,63
OXSQ,Financial Services,Asset Management,2.2,3.0,-0.85,-5.5,-0.5,-3.0,-215.83,-0.02,-10.27,0.582,,19,24
CWST,Industrials,Waste Management,95.58,0.0,-2.0,-0.25,-2.5,-0.14,-216.38,0.19,13.48,27.654,498.37,19,80
FNWD,Financial Services,Banks - Regional,32.35,3.55,-0.14,-0.12,15.67,-18.82,-218.08,1.24,1.3,14.954,26.31,19,64
MRUS,Healthcare,Biotechnology,66.23,-0.59,0.02,0.02,-1.75,-1.37,-220.04,-5.58,0.85,0.812,,19,62
ECDA,Consumer Cyclical,Auto Manufacturers,0.1026,-0.37,0.0,0.0,-0.83,0.12,-220.41,-0.36,9.28,0.705,,19,77
HR,Real Estate,REIT - Healthcare Facilities,17.49,-2.46,1.38,-0.19,-0.15,,-221.07,-1.17,-1.3,3.469,,19,56
ORGO,Healthcare,Drug Manufacturers - Specialty & Generic,5.03,0.7,-4.4,-0.8,0.3,,-221.78,-0.14,-28.06,3.334,,19,10
OCC,Technology,Communication Equipment,6.4,0.56,0.21,0.18,1.33,0.29,-222.37,-0.38,-1.57,8.859,,19,55
KOSS,Technology,Consumer Electronics,6.07,0.0,-4.0,6.0,-2.0,0.0,-224.06,-0.09,-8.91,1.348,,19,35
MYO,Healthcare,Medical Devices,1.01,-0.37,-7.0,2.0,-2.67,,-224.13,-0.23,21.61,1.079,,19,85
CSTE,Industrials,Building Products & Equipment,1.39,-0.46,-0.51,-1.04,-1.0,-1.47,-226.27,-1.63,-25.75,11.755,,19,11
HSY,Consumer Defensive,Confectioners,185.3,-2.56,-2.54,0.78,-1.87,,-226.51,7.53,11.02,55.731,24.63,19,79
KOS,Energy,Oil & Gas E&P,1.72,0.28,-22.0,-11.0,-2.38,,-227.85,-0.34,-14.97,3.139,,18,18
INHD,Basic Materials,Steel,8.2,1.77,-2.77,0.66,0.7,-0.63,-228.6,-2.71,7241666666666612.0,0.736,,18,97
OBE,Energy,Oil & Gas E&P,6.04,0.05,-0.55,-0.35,-1.18,0.4,-228.73,-2.09,-35.18,9.449,,18,9
DHX,Technology,Software - Application,3.01,9.5,-11.5,5.49,-2.0,,-228.97,-0.21,-14.75,2.975,,18,18
JAKK,Consumer Cyclical,Leisure,17.75,0.0,2.95,-6.76,-3.33,,-229.21,3.47,-24.01,61.876,5.07,18,12
MDAI,Healthcare,Medical Devices,1.83,-3.38,4.15,-4.12,-0.94,,-229.44,-0.7,-30.75,1.275,,18,9
GPRE,Basic Materials,Chemicals,11.15,0.05,-0.33,-2.15,-1.87,,-230.62,-2.32,-18.66,37.095,,18,15
OPRX,Healthcare,Health Information Services,18.61,2.5,-12000000.0,50000000.0,3.75,,-230.79,-0.54,32.85,5.683,,18,88
EXFY,Technology,Software - Application,1.91,-2.33,-2.0,1.0,-2.33,,-231.09,-0.17,-4.23,1.602,,18,47
ISPR,Consumer Defensive,Tobacco,3.1,-0.36,-0.4,0.05,-0.73,-1.0,-232.97,-0.49,-7.42,2.554,,18,38
OMCL,Healthcare,Health Information Services,33.12,2.25,-3.27,0.79,0.5,,-235.09,0.5,-5.83,24.736,64.22,18,42
GO,Consumer Defensive,Grocery Stores,18.12,5.8,-13.0,-11.5,-1.8,,-235.21,0.08,-1.8,46.109,229.0,18,55
DLPN,Communication Services,Advertising Agencies,1.19,0.62,1.4,0.58,0.31,-4.25,-237.41,-1.36,10.81,4.597,,18,79
GLAD,Financial Services,Asset Management,26.21,-0.18,-2.1,0.16,-1.67,-1.79,-238.76,3.39,-129.3,4.003,7.68,18,5
GHLD,Financial Services,Mortgage Finance,19.84,2.3,-5.08,2.46,-1.03,,-239.97,0.42,-13.61,18.215,47.36,18,19
LNC,Financial Services,Insurance - Life,43.22,0.0,-3.22,3.98,-2.17,-2.58,-240.93,5.99,-17.68,104.519,7.03,18,15
MRAM,Technology,Semiconductors,6.4,0.67,-3.0,-3.0,3.0,-4.0,-241.82,0.09,5.84,2.337,72.33,18,72
MOFG,Financial Services,Banks - Regional,30.17,-0.52,-0.08,8.66,-1.08,,-242.29,-3.55,-23.9,3.492,,18,12
OXBR,Financial Services,Insurance - Reinsurance,1.99,-11.5,2.76,0.2,-0.79,,-242.34,-0.44,859.18,0.297,,18,95
MNDO,Technology,Software - Application,1.18,0.0,-2.0,0.2,-2.0,,-243.09,0.15,-18.81,0.989,8.07,18,14
PCH,Real Estate,REIT - Specialty,42.2,-2.67,3.71,0.75,-0.89,,-244.09,0.53,-23.01,13.42,80.89,18,12
GBLI,Financial Services,Insurance - Property & Casualty,30.1363,3.4,-2.05,-1.95,-0.01,-3.77,-244.52,2.0,-13.02,31.661,15.0,18,20
LCUT,Consumer Cyclical,"Furnishings, Fixtures & Appliances",4.29,-8.63,-3.16,19.5,-1.15,,-244.56,-1.6,-16.71,31.063,,18,16
HAIN,Consumer Defensive,Packaged Foods,1.86,-0.3,-4.23,-6.33,-1.76,,-245.09,-2.91,-18.6,17.943,,17,15
GGAL,Financial Services,Banks - Regional,39.99,0.06,-2.54,2.17,-2.61,,-245.15,6.85,2.76,3517.107,5.85,17,67
DRCT,Communication Services,Advertising Agencies,0.4474,0.52,0.54,0.31,-0.44,,-245.27,-1.83,-79.5,5.959,,17,6
NMFC,Financial Services,Asset Management,10.64,-2.14,0.0,0.0,-3.57,-0.18,-245.6,0.76,-262.91,3.298,13.97,17,4
OCUL,Healthcare,Biotechnology,12.7,-0.03,-0.31,-0.32,-0.5,,-245.8,-1.26,-19.2,0.335,,17,14
MGLD,Financial Services,Asset Management,1.02,1.0,0.0,-0.6,-1.0,-0.33,-245.87,-0.16,-19.3,0.785,,17,14
HTCR,Technology,Software - Application,0.8188,3.8,-2.39,-1.72,2.8,-1.33,-245.88,0.0,20.39,1.375,,17,84
OS,Technology,Software - Infrastructure,19.66,0.4,0.36,4.58,-0.99,,-246.15,-1.41,18.9,3.179,,17,83
MUR,Energy,Oil & Gas E&P,25.69,-2.12,0.43,-1.66,-4.25,,-246.31,1.95,-18.92,19.098,12.78,17,14
EVEX,Industrials,Aerospace & Defense,3.82,-0.31,-0.14,-0.17,-0.62,-0.78,-246.49,-0.63,-8.97,,,17,31
FORR,Industrials,Consulting Services,9.71,23.0,-232.0,16.0,-0.57,,-246.84,-4.67,-16.62,21.704,,17,16
FORD,Consumer Cyclical,Footwear & Accessories,14.85,0.71,-1.06,-0.28,-1.14,-1.64,-247.59,-5.11,-79.97,22.811,,17,6
NOVT,Technology,Scientific & Technical Instruments,115.35,-3.92,0.28,-0.15,-2.17,,-247.71,1.7,-3.96,26.583,68.29,17,48
MP,Basic Materials,Other Industrial Metals & Mining,64.18,-0.36,0.0,0.14,0.11,,-248.44,-0.62,38.63,1.478,,17,89
ORMP,Healthcare,Biotechnology,2.22,2.68,0.76,0.43,0.45,-5.75,-248.88,-0.61,-1488888888888909.0,0.049,,17,2
MKZR,Real Estate,REIT - Diversified,5.91,-0.21,0.56,-0.4,-0.81,-1.6,-250.84,-17.2,2.52,16.803,,17,66
EDAP,Healthcare,Medical Distribution,2.52,0.0,-2.8,2.4,-0.19,-0.58,-251.36,-0.65,-3.37,1.683,,17,50
KODK,Industrials,Specialty Business Services,5.79,-2.0,-3.69,1.02,-2.44,,-251.44,-0.1,-11.11,12.882,,17,23
HOPE,Financial Services,Banks - Regional,11.26,-2.29,-0.19,0.01,-2.05,,-252.96,0.35,-26.68,3.367,31.77,17,11
PCOR,Technology,Software - Application,69.17,0.57,0.91,-1.33,-2.5,,-253.37,-0.96,10.65,8.258,,17,78
FF,Basic Materials,Specialty Chemicals,3.92,0.67,-7.67,3.0,-2.09,,-253.93,-0.61,-81.58,3.788,,17,5
IPGP,Technology,Semiconductor Equipment & Materials,82.34,0.78,-1.0,30.61,-1.81,,-254.07,-4.82,-15.81,22.058,,17,17
MPB,Financial Services,Banks - Regional,30.39,-2.23,-0.01,-0.03,-2.23,,-254.7,2.35,10.6,10.09,12.86,17,78
MTRN,Basic Materials,Other Industrial Metals & Mining,110.96,0.42,3.76,-3.2,0.32,,-255.4,0.77,-6.73,83.094,146.22,16,40
EVTV,Consumer Cyclical,Auto Manufacturers,2.2,2.18,-0.78,-3.5,-3.19,-1.21,-257.02,-10.19,11.37,0.928,,16,79
OSCR,Healthcare,Healthcare Plans,18.38,-2.24,2.77,-1.82,-4.71,,-257.61,-0.69,34.11,42.979,,16,88
CVGI,Consumer Cyclical,Auto Parts,1.67,0.0,8.58,-5.11,-2.0,,-258.87,-1.29,-21.04,20.136,,16,13
EXPI,Real Estate,Real Estate Services,10.91,0.0,-0.17,0.0,-2.14,0.43,-259.3,-0.19,-5.91,29.765,,16,42
HYFM,Industrials,Farm & Heavy Construction Machinery,3.015,-0.16,0.22,-0.31,0.4,,-260.0,-13.4,-47.63,34.877,,16,7
KLRS,Healthcare,Biotechnology,4.66,3.13,-0.79,-3.67,-2.35,,-261.39,-2.71,-8.97,,,16,31
OXY,Energy,Oil & Gas E&P,46.61,-2.0,3.53,-4.22,-3.07,,-261.86,1.7,-13.15,28.611,27.01,16,20
MGM,Consumer Cyclical,Resorts & Casinos,37.03,-1.89,0.0,-0.17,-2.33,,-261.94,1.83,-0.51,59.435,20.04,16,59
GNL,Real Estate,REIT - Diversified,7.93,4.44,-9.87,3.12,0.25,,-262.46,-1.2,-10.05,3.364,,16,25
MLP,Real Estate,Real Estate Services,17.4,7.8,-0.6,-1.5,1.0,-5.29,-262.79,-0.71,36.73,0.857,,16,89
OMEX,Basic Materials,Other Industrial Metals & Mining,1.72,-7.0,-5.12,-0.84,-5.86,-1.12,-263.65,-0.38,-50.7,0.024,,16,7
GLBZ,Financial Services,Banks - Regional,4.3798,-2.4,6.0,-5.0,0.0,,-263.96,0.01,-11.64,4.311,451.5,16,22
DIT,Consumer Defensive,Food Distribution,116.94,2.21,-5.53,-1.68,-0.16,-3.87,-265.02,2.16,-4.64,3688.311,53.24,16,46
MLKN,Consumer Cyclical,"Furnishings, Fixtures & Appliances",21.17,0.0,-3.58,25.5,-2.36,-2.63,-268.01,-0.54,-4.43,53.204,,16,47
MPU,Communication Services,Entertainment,1.88,0.07,0.07,0.25,-1.85,,-268.63,-0.28,3.321122222222221e+16,0.93,,16,98
DEI,Real Estate,REIT - Office,16.57,-7.0,25.0,-4.0,-2.5,,-269.14,0.22,-6.33,5.98,76.86,16,40
LPX,Industrials,Building Products & Equipment,96.76,-0.69,0.46,-0.44,-1.9,,-269.33,4.25,-18.28,41.143,23.3,16,15
INFU,Healthcare,Medical Instruments & Supplies,10.63,13.0,-5.0,-1.0,3.0,,-269.41,0.24,-1.18,6.622,42.33,16,56
EB,Communication Services,Internet Content & Information,2.62,2.5,0.29,-1.25,-3.0,,-269.84,-0.22,-12.65,3.236,,16,21
NXDT,Real Estate,REIT - Diversified,3.8,-0.24,-0.52,-1.1,-3.12,-0.36,-271.31,-2.25,-285.35,2.315,,16,4
NCRA,Consumer Defensive,Packaged Foods,1.56,-0.97,0.1,0.09,-6.48,0.38,-272.52,-0.21,-22.78,0.993,,16,12
LFT,Real Estate,REIT - Mortgage,2.33,2.67,-2.17,-1.86,-0.4,-4.67,-274.58,0.18,-26.35,0.493,12.94,15,11
HHH,Real Estate,Real Estate - Development,77.72,-2.05,-14.57,1.24,-2.91,,-275.08,5.17,-11.07,34.636,15.26,15,23
FMX,Consumer Defensive,Beverages - Brewers,85.45,-1.37,-0.43,4.75,-2.68,,-275.5,2.28,0.43,2342.98,37.44,15,61
MAN,Industrials,Staffing & Employment Services,41.31,-13.0,-3.0,0.0,-2.15,,-275.59,-0.36,-10.69,372.389,,15,24
IRM,Real Estate,REIT - Specialty,91.08,-4.0,-6.0,4.18,-2.25,,-277.15,0.14,2.44,21.892,658.43,15,66
DAKT,Technology,Electronic Components,17.44,0.89,-2.28,5.18,-4.8,,-277.39,-0.21,-23.07,15.897,,15,12
EGY,Energy,Oil & Gas E&P,3.94,0.14,-0.57,0.1,-2.37,,-277.96,0.37,-10.77,4.521,10.35,15,24
OCS,Healthcare,Biotechnology,17.16,0.41,-0.03,-0.4,0.04,,-279.0,-2.89,-8.97,0.017,,15,31
KAPA,Healthcare,Biotechnology,1.55,0.0,0.12,0.11,-3.06,-1.78,-279.43,-0.27,-8.97,,,15,31
NEXT,Energy,Oil & Gas Equipment & Services,10.46,0.0,0.19,0.16,-1.62,-4.09,-279.49,-0.79,-8.97,,,15,31
FGBI,Financial Services,Banks - Regional,8.59,-0.13,-19.0,-2.67,-2.15,,-279.65,-1.01,-42.32,4.685,,15,8
HPP,Real Estate,REIT - Office,2.86,0.29,1.23,-0.71,-0.24,,-279.81,-2.8,-19.5,5.06,,15,14
FULC,Healthcare,Biotechnology,6.88,0.0,0.11,0.13,-4.18,,-280.65,-1.18,-5.333333333333331e+17,0.0,,15,1
FSEA,Financial Services,Banks - Regional,11.68,0.08,-1.15,-7.5,-4.38,0.71,-281.72,-0.57,-3.13,3.387,,15,51
CTRM,Industrials,Marine Shipping,2.0301,-0.76,-3.36,-3.36,-2.02,-3.02,-282.77,-2.89,-15.24,6.851,,15,18
GAMB,Consumer Cyclical,Gambling,8.22,-2.19,0.39,-0.05,-3.0,,-283.18,0.39,26.34,4.172,21.18,15,86
CVLT,Technology,Software - Application,177.15,0.36,0.56,-0.44,0.26,-6.41,-283.56,1.79,11.07,23.924,99.98,15,79
CVEO,Consumer Cyclical,Lodging,23.46,1.88,0.53,-2.06,-3.28,,-284.47,-2.38,-18.17,46.322,,15,15
KPTI,Healthcare,Biotechnology,6.735,-0.56,0.3,0.08,-2.91,,-285.41,-14.84,-22.14,16.236,,15,13
GDOT,Financial Services,Credit Services,13.7,-2.81,4.22,2.67,-0.57,,-285.95,-0.44,9.1,35.395,,15,76
LPRO,Financial Services,Credit Services,2.26,0.0,122.0,-122.0,-1.0,,-288.94,-1.19,-64.02,0.136,,15,6
ICG,Technology,Semiconductors,1.7499,2.14,-1.24,-5.17,-0.31,-1.33,-289.79,0.05,-161.8,5.158,35.4,15,5
EBR,Utilities,Utilities - Renewable,8.28,0.0,-0.88,-7.5,-3.46,-2.14,-290.61,0.53,7.09,19.678,15.96,15,73
DGXX,Utilities,Utilities - Independent Power Producers,2.21,-4.6,1.6,0.62,-0.75,-4.4,-291.26,-0.56,-13.0,0.948,,14,20
KTOS,Industrials,Aerospace & Defense,63.59,-0.5,0.0,0.5,-1.5,,-293.11,0.1,6.42,7.916,648.1,14,73
KREF,Real Estate,REIT - Mortgage,9.75,-2.53,0.13,0.12,-2.83,-0.15,-294.18,-0.66,-30.19,0.588,,14,9
GRND,Technology,Software - Application,15.11,-0.75,0.0,0.0,2.62,3.8,-295.0,-0.39,19.81,2.086,,14,84
DCGO,Healthcare,Medical Care Facilities,1.51,-0.22,-3.5,-3.5,-2.83,-2.22,-295.86,-0.2,-70.3,4.312,,14,6
OLPX,Consumer Cyclical,Specialty Retail,1.46,-1000000.0,1000000.0,-3.0,-2.0,,-296.65,0.0,-12.4,0.637,,14,21
LESL,Consumer Cyclical,Specialty Retail,0.344,3.33,-0.17,-3.8,-1.75,,-296.85,-0.46,-18.25,6.753,,14,15
M,Consumer Cyclical,Department Stores,17.24,-7.79,11.3,-4.4,-0.57,,-297.07,1.76,-13.6,82.072,9.85,14,19
LGL,Technology,Scientific & Technical Instruments,6.6369,-1000000.0,-4000000.0,3.0,-4.0,,-297.11,0.04,-4.68,0.781,165.25,14,46
FVR,Real Estate,REIT - Diversified,13.24,-1.67,2.17,-0.17,-0.1,,-297.34,-1.38,11.8,3.125,,14,79
GSIT,Technology,Semiconductors,2.93,0.12,0.78,0.31,-3.0,,-297.74,-0.54,7.94,0.855,,14,75
LUCK,Consumer Cyclical,Leisure,10.38,-8.61,-1.43,0.31,-4.95,-1.0,-298.97,-0.13,-1.65,8.436,,14,55
LEGN,Healthcare,Biotechnology,34.99,-0.26,-4.86,6.0,-5.8,-0.69,-300.73,-1.78,54.57,4.338,,14,91
KSS,Consumer Cyclical,Department Stores,16.42,11.54,-4.31,1.15,1.32,,-301.49,1.86,-14.61,142.475,8.91,14,18
FPH,Real Estate,Real Estate - Development,5.63,-5.6,-1.03,8.57,-3.2,,-304.19,1.08,-400.9,2.841,5.26,14,4
CRWS,Consumer Cyclical,"Furnishings, Fixtures & Appliances",3.05,9.4,-12.56,0.12,-2.33,,-304.48,-0.97,-12.14,8.295,,14,22
INSP,Healthcare,Medical Devices,86.32,-2.2,-10.8,0.9,-3.75,,-304.56,1.74,15.63,28.972,49.69,14,82
HIHO,Industrials,Metal Fabrication,1.68,0.0,-1.5,1.5,-1.5,-3.0,-308.98,0.02,268.3,1.684,81.73,14,94
KWR,Basic Materials,Specialty Chemicals,141.13,-6.18,-0.1,-1.26,-2.95,,-309.23,-0.43,-5.59,103.565,,14,43
GHI,Financial Services,Mortgage Finance,10.81,-4.18,-2.55,2.7,-2.84,,-310.18,-0.1,-49.76,1.181,,14,7
FFWM,Financial Services,Banks - Regional,6.09,-2.12,3.12,6.24,-2.8,,-310.29,-1.49,-48.0,1.328,,14,7
FBLG,Healthcare,Biotechnology,0.5939,0.0,-0.87,-6.5,-5.67,0.93,-311.56,-0.36,-8.97,,,14,31
DD,Basic Materials,Specialty Chemicals,77.15,11.07,-4.04,-4.89,-2.07,,-313.87,0.17,-7.34,30.131,457.76,14,38
HZO,Consumer Cyclical,Specialty Retail,26.11,-17.13,-4.33,3.44,-2.7,,-314.13,-1.21,-17.26,104.2,,13,16
HRI,Industrials,Rental & Leasing Services,129.0,-0.86,1.57,-3.65,-3.1,,-314.26,0.83,5.37,130.988,166.83,13,71
PACK,Consumer Cyclical,Packaging & Containers,4.95,0.44,-0.13,-0.15,-2.29,-0.3,-314.29,-0.45,-4.45,4.553,,13,47
NRG,Utilities,Utilities - Independent Power Producers,147.95,-6.97,83.22,83.22,-6.6,0.57,-315.94,2.32,-7.58,146.835,63.65,13,37
LEE,Communication Services,Publishing,3.9,5.68,0.35,-0.66,1.35,,-317.6,-6.83,-16.8,95.968,,13,16
KRO,Basic Materials,Specialty Chemicals,6.07,-3.0,2.33,-6.17,-3.12,,-319.8,0.59,-10.13,16.452,10.51,13,25
KVYO,Technology,Software - Infrastructure,31.15,-0.8,1.0,-9.0,-3.5,,-322.35,-0.24,28.37,3.928,,13,87
NCL,Consumer Cyclical,"Furnishings, Fixtures & Appliances",0.149,0.38,-6.26,-6.26,1.0,-5.25,-322.88,-0.18,-105.9,0.191,,13,5
LYB,Basic Materials,Specialty Chemicals,54.3,0.0,-1.13,-0.53,-4.22,-1.69,-323.53,0.47,-37.73,119.306,117.19,13,8
CROX,Consumer Cyclical,Footwear & Accessories,89.02,-4.09,-1.25,0.89,-3.33,,-324.13,3.68,0.93,72.439,23.49,13,62
LXU,Basic Materials,Chemicals,8.2,3.0,5.5,1.69,-2.25,,-324.42,-0.46,-3.64,7.508,,13,49
PANL,Industrials,Marine Shipping,5.25,-0.33,-7.0,0.64,-3.0,,-326.37,0.23,-0.12,10.587,23.26,13,59
MSGE,Consumer Cyclical,Leisure,40.47,-4.35,-8.24,4.92,-3.49,,-328.8,0.77,-21.78,19.628,53.06,13,13
MDU,Utilities,Utilities - Regulated Gas,16.24,-4.71,0.48,-0.19,-3.29,,-329.92,0.88,-18.45,9.072,18.39,13,15
MRVI,Healthcare,Biotechnology,2.36,-0.29,-0.17,2.89,-2.86,,-330.1,-1.37,-62.9,1.54,,13,6
NREF,Real Estate,REIT - Mortgage,15.48,-0.36,0.96,-0.92,0.6,,-331.24,2.65,2339.88,6.932,5.81,13,95
HBIO,Healthcare,Medical Instruments & Supplies,0.4679,21.8,-114000000.0,11000000.0,0.4,,-331.32,-1.29,-20.39,2.021,,13,13
INTT,Technology,Semiconductor Equipment & Materials,7.12,3.75,-2.58,2.0,-3.0,,-331.6,-0.06,-17.39,9.983,,13,16
OVID,Healthcare,Biotechnology,1.29,1.33,-0.08,0.54,-3.0,,-331.98,-0.54,842.33,0.094,,13,95
F,Consumer Cyclical,Auto Manufacturers,11.68,0.0,-0.42,-0.29,-2.83,-1.75,-332.5,0.78,-2.05,46.616,15.05,13,54
DOC,Real Estate,REIT - Healthcare Facilities,18.0,-0.2,5.0,-11.0,-3.2,,-333.37,0.24,-4.82,4.003,76.62,13,45
CRWD,Technology,Software - Infrastructure,412.46,0.42,-0.73,-2.64,-2.63,-3.44,-333.42,-1.21,18.56,17.524,,13,83
CTNT,Industrials,Integrated Freight & Logistics,1.67,0.44,1.8,0.64,1.37,1.26,-336.47,-1.31,-6.077503333333315e+16,0.391,,13,1
FRPH,Real Estate,Real Estate Services,25.5,-2.0,0.0,0.29,-2.67,,-337.78,0.28,-3.1,1.706,90.96,12,51
NATR,Consumer Defensive,Packaged Foods,17.34,0.12,0.06,0.07,3.14,1.17,-339.91,0.75,-6.18,24.949,22.85,12,41
PAMT,Industrials,Trucking,12.0,-0.24,2.92,-14.09,-2.44,,-340.77,-2.16,-22.59,30.3,,12,13
NWL,Consumer Defensive,Household & Personal Products,6.31,0.0,0.44,2.69,-2.22,-3.5,-342.27,-0.59,-16.29,17.754,,12,17
HOFT,Consumer Cyclical,"Furnishings, Fixtures & Appliances",10.68,0.17,0.15,-1.05,0.34,-6.67,-345.37,-1.09,-20.46,36.921,,12,13
GIFI,Industrials,Metal Fabrication,7.27,-6.75,-0.13,0.86,-4.0,,-347.74,0.6,-8.49,9.353,12.22,12,35
HSHP,Industrials,Marine Shipping,7.92,8.0,-8.0,-11.0,-7.0,,-348.26,0.15,6.12266666666667e+16,2.703,53.6,12,98
MED,Consumer Cyclical,Personal Services,13.85,4.29,-2.0,-0.43,4.26,,-349.17,0.33,-62.35,43.863,41.06,12,7
INTC,Technology,Semiconductors,24.61,-2.53,-5.33,128.33,-0.76,,-350.06,-4.77,-13.69,12.254,,12,19
LPSN,Technology,Software - Application,0.893,-0.13,7.47,-2.97,-3.76,,-351.98,-1.9,-36.88,2.988,,12,8
GFF,Industrials,Building Products & Equipment,79.68,-3.14,-0.26,0.16,-4.05,,-353.31,1.45,-10.79,55.012,56.1,12,24
LMT,Industrials,Aerospace & Defense,456.85,-4.0,2.27,-2.06,-3.71,,-353.79,17.81,-8.19,305.2,26.05,12,36
FOXF,Consumer Cyclical,Auto Parts,28.33,90.0,-623000000.0,-11000000.0,-0.86,,-356.28,-6.04,-2.94,34.556,,12,51
FMC,Basic Materials,Agricultural Inputs,37.29,5.42,0.08,-5.0,-3.43,,-358.15,1.04,-11.0,33.032,36.33,12,23
PAL,Industrials,Integrated Freight & Logistics,7.5,1.0,-1.4,3.8,-3.67,,-358.21,-0.08,7.657230933333332e+17,14.588,,12,99
NEO,Healthcare,Diagnostics & Research,8.06,-0.75,-0.67,0.17,-1.33,,-359.77,-0.82,1.52,5.411,,12,64
MNRO,Consumer Cyclical,Auto Parts,17.17,1.64,-5.73,-0.2,-2.41,,-360.29,-0.69,-8.65,40.174,,12,35
MSGS,Communication Services,Entertainment,196.09,0.0,-12.8,7.2,-2.8,-3.68,-360.81,-0.92,-13.81,43.141,,12,19
MESA,Industrials,Airlines,1.4,3.84,0.95,-0.7,2.04,-6.07,-362.7,-4.28,-34.27,9.818,,12,9
DLHC,Industrials,Specialty Business Services,5.96,-2.0,-0.33,0.0,-3.0,-1.17,-362.95,0.32,-16.09,25.083,18.28,12,17
GNSS,Technology,Scientific & Technical Instruments,2.0,0.0,-0.56,1.89,0.07,,-363.8,-0.63,5.48,0.678,,12,71
MEC,Industrials,Metal Fabrication,14.29,-5000000.0,-77000000.0,4.5,-4.6,,-364.58,0.85,-22.92,25.469,17.49,12,12
NFE,Energy,Oil & Gas Midstream,2.35,0.52,-28.75,12.0,-3.81,,-364.74,-2.24,-33.38,7.967,,11,9
CSR,Real Estate,REIT - Residential,59.67,-2.95,0.41,0.29,-3.58,,-367.21,-1.8,-2.16,16.288,,11,54
DOW,Basic Materials,Chemicals,23.91,-1.68,-4.5,-4.75,-2.9,,-368.24,-1.4,-17.41,59.246,,11,15
FORL,Financial Services,Shell Companies,11.73,0.0,-2.0,-2.0,-4.0,-3.0,-369.1,0.0,-8.97,,,11,31
LAUR,Consumer Defensive,Education & Training Services,27.72,0.0,-5.77,0.1,-7.38,-0.86,-369.82,1.67,0.79,10.342,16.68,11,62
IPW,Consumer Cyclical,Internet Retail,0.528,-2.0,7.0,-4.0,-4.0,,-370.49,-0.05,-29.91,2.382,,11,10
JANX,Healthcare,Biotechnology,23.94,-0.45,-0.06,0.42,-4.0,,-372.27,-1.81,-5.931333333333333e+16,0.007,,11,1
NXE,Energy,Uranium,7.6,-0.56,-1.57,-2.75,-8.0,-0.5,-374.85,-0.24,-8.97,,,11,31
LAKE,Consumer Cyclical,Apparel Manufacturing,15.0,-1.05,-21.0,20.0,-2.86,,-376.22,-3.06,14.61,22.318,,11,81
NAK,Basic Materials,Other Industrial Metals & Mining,0.8544,3.0,-0.78,-3.5,-1.0,-7.0,-376.6,-0.11,-8.97,,,11,31
MTEX,Consumer Defensive,Food Distribution,9.27,-1.84,-0.65,-1.85,-5.88,-2.27,-378.75,-2.05,-17.91,59.68,,11,15
PBF,Energy,Oil & Gas Refining & Marketing,28.25,0.0,-0.39,-0.02,-5.3,-4.97,-380.91,-8.52,-16.44,266.349,,11,17
KLG,Consumer Defensive,Packaged Foods,22.93,-1.78,0.14,2.69,-3.78,,-384.75,0.34,-14.27,30.03,67.56,11,19
HCI,Financial Services,Insurance - Property & Casualty,174.38,-0.16,25.96,-1.25,0.08,,-384.99,11.43,3.88,74.062,14.92,11,69
HTLD,Industrials,Trucking,8.58,0.29,-8.0,5.0,-2.5,,-386.65,-0.46,-21.71,11.891,,11,13
FSK,Financial Services,Asset Management,18.03,-2.74,-0.16,-0.14,-3.03,-0.44,-386.8,0.78,-260.02,5.877,23.24,11,4
CSGP,Real Estate,Real Estate Services,89.1,5.0,-4.75,0.15,-4.0,,-389.67,0.26,5.24,7.095,344.08,11,71
HOV,Consumer Cyclical,Residential Construction,148.87,-0.23,-0.47,-2.57,-3.96,,-389.85,20.58,-0.89,486.606,7.49,11,57
GAU,Basic Materials,Gold,2.38,2.43,-1.09,-12.18,1.33,-9.0,-393.02,-0.03,2.5704333333333338e+17,1.203,,11,99
LPG,Energy,Oil & Gas Midstream,30.74,-0.54,-0.35,1.27,-4.21,-4.3,-394.42,1.13,-28.83,7.543,27.51,11,10
DLTH,Consumer Cyclical,Apparel Retail,3.59,-1.65,4.0,-6.73,-0.87,,-394.69,-1.42,-19.28,17.841,,11,14
DBRG,Financial Services,Asset Management,11.28,11.0,11.0,-11.0,-3.4,,-396.74,0.01,-2791.38,1.01,1122.0,11,4
JBLU,Industrials,Airlines,5.09,1.81,-3.54,0.31,-4.0,,-398.08,-1.07,-5.66,25.843,,11,43
HCKT,Technology,Information Technology Services,20.76,-0.83,-0.18,-1.38,-4.33,,-398.38,0.59,-6.3,11.206,35.49,10,41
JUNS,Healthcare,Biotechnology,1.25,-0.4,-0.43,-0.75,-8.35,-1.5,-401.66,-0.18,-259201111111139.38,,,10,3
GES,Consumer Cyclical,Apparel Retail,16.86,-0.17,-0.21,-1.19,-3.71,-4.87,-412.69,0.2,-1.02,60.438,84.3,10,57
NAKA,Healthcare,Medical Care Facilities,3.28,-1.06,0.0,0.0,-0.35,-2.58,-413.81,-0.88,-45.23,0.362,,10,7
NNE,Industrials,Specialty Industrial Machinery,31.17,2.0,-5.33,0.44,-0.12,-8.71,-413.85,-0.95,-8.97,,,10,31
GLPG,Healthcare,Biotechnology,31.91,0.0,-0.66,-1.93,-6.24,-2.7,-414.86,-5.11,-19.9,0.2091,,10,14
HY,Industrials,Farm & Heavy Construction Machinery,37.12,-2.61,-0.5,-0.33,-5.58,-5.06,-415.41,1.23,-22.72,225.112,30.65,10,12
LGO,Basic Materials,Other Industrial Metals & Mining,1.49,0.56,0.36,-0.19,1.56,,-416.63,-0.58,-21.73,1.693,,10,13
IROH,Financial Services,Shell Companies,9.5,-2.0,-2.0,-0.67,-6.0,-4.0,-416.77,0.05,-8.97,,204.4,10,31
JAZZ,Healthcare,Biotechnology,128.02,-6.72,-3.08,-0.11,-5.38,,-423.59,-6.98,-4.3,66.966,,10,47
FC,Consumer Defensive,Education & Training Services,19.3,-0.37,-2.12,-9.22,-4.91,,-425.99,0.79,-12.25,21.492,24.46,10,21
OPAL,Utilities,Utilities - Regulated Gas,2.22,4.0,-5.0,-1.25,4.0,0.0,-431.66,0.06,7.48,11.845,37.67,10,74
EAF,Industrials,Electrical Equipment & Parts,9.24,-1.27,0.27,-0.36,-4.67,,-434.82,-8.2,-25.82,19.691,,10,11
INSE,Consumer Cyclical,Gambling,9.28,-27000000.0,-239000000.0,18.92,-6.4,,-436.64,2.13,0.72,10.457,4.41,10,62
HYFT,,,1.99,0.0,-6.33,0.67,-4.28,-5.6,-436.92,,-0.76,,,10,58
CYBR,Technology,Software - Infrastructure,458.1,-8.87,9.78,-8.77,-5.03,,-440.3,-3.52,30.34,25.125,,10,88
IXHL,Healthcare,Drug Manufacturers - Specialty & Generic,0.58,0.65,-0.14,0.16,0.9,0.0,-440.94,-1.23,-1570816453286675.5,0.005,,10,2
JCTC,Basic Materials,Lumber & Wood Production,3.7,-0.12,0.19,-1.53,-5.5,-0.07,-447.71,-0.59,-28.77,12.572,,10,10
MODG,Consumer Cyclical,Leisure,9.12,10.0,824.0,-410.5,-2.09,,-449.91,-8.13,-8.06,22.537,,10,36
OPK,Healthcare,Diagnostics & Research,1.38,0.0,-6.0,-1.0,-9.0,0.2,-458.1,-0.26,-32.44,0.958,,10,9
PCRX,Healthcare,Drug Manufacturers - Specialty & Generic,26.73,-2.1,-2.5,9.89,-4.73,,-460.38,-2.75,-4.68,15.341,,10,46
CURX,Healthcare,Biotechnology,7.1,-0.12,-0.13,-0.15,-0.72,,-460.49,-0.02,-43333333333342.3,,,10,3
DAR,Consumer Defensive,Packaged Foods,31.57,3.0,-5.0,4.82,-5.12,,-462.74,0.65,-5.22,35.899,49.29,10,44
GNK,Industrials,Marine Shipping,17.41,0.75,-2.04,-0.72,-4.37,,-472.98,0.35,-33.98,8.12,50.86,9,9
CSAN,Energy,Oil & Gas Refining & Marketing,5.19,0.88,4.2,-32.78,-3.25,,-475.54,-4.7,-3.94,93.664,,9,48
FG,Financial Services,Insurance - Life,35.31,2.3,-13.9,33.25,-5.15,,-475.62,2.51,12.62,41.477,13.75,9,80
KELYA,Industrials,Staffing & Employment Services,13.96,2.25,6.62,-46.0,3.0,,-475.93,-0.18,-7.64,127.363,,9,37
KELYB,Industrials,Staffing & Employment Services,13.7138,2.25,6.62,-46.0,3.0,,-475.93,-0.18,-7.64,127.363,,9,37
GLNG,Energy,Oil & Gas Midstream,43.85,0.91,-0.8,-0.37,-0.63,-5.62,-476.89,-0.06,2.36,2.576,,9,66
GTEC,Consumer Cyclical,Auto Parts,1.3257,-2.45,1.42,3.4,-2.7,0.61,-481.8,0.55,-14.84,5.733,2.35,9,18
DOLE,Consumer Defensive,Farm Products,13.4,-3.1,2.0,-3.73,-7.5,,-489.41,1.19,4.97,92.123,11.39,9,70
KRP,Energy,Oil & Gas E&P,13.73,-9.0,3.4,-3.18,-4.5,,-490.01,-0.06,-3.26,3.689,,9,50
FTEK,Industrials,Pollution & Treatment Controls,2.89,0.0,2.0,-24.03,-1.0,,-491.01,-0.11,-26.34,0.815,,9,11
DVAX,Healthcare,Drug Manufacturers - Specialty & Generic,9.98,5.81,-13.83,-1.17,0.78,,-493.17,-0.45,-4.53,2.514,,9,46
ICMB,Financial Services,Asset Management,2.92,-6.0,-1.03,-0.51,-11.5,-0.13,-494.28,0.3,58.51,1.417,9.82,9,91
MWYN,Consumer Cyclical,"Furnishings, Fixtures & Appliances",0.9261,0.0,7.52,1.15,2.04,-10.96,-496.8,-0.29,-19.75,0.727,,9,14
IART,Healthcare,Medical Devices,15.65,0.0,-2.29,2.82,-1.04,-6.81,-501.97,-6.54,-8.89,21.195,,9,35
OPI,Real Estate,REIT - Office,0.2195,0.14,0.36,0.27,-3.69,-5.0,-506.23,-5.32,-15.89,7.452,,9,17
KLIC,Technology,Semiconductor Equipment & Materials,37.78,25.5,-2.05,5.91,-4.67,,-508.25,0.09,-35.96,12.287,424.56,9,9
LSAK,Technology,Software - Infrastructure,4.67,0.48,-4.71,-0.08,-3.5,-9.0,-508.89,-0.88,13.6,8.385,,9,81
ENOV,Healthcare,Medical Devices,31.55,0.53,11.3,-19.78,-0.88,,-516.04,-14.95,0.73,38.84,,9,62
CRWV,Technology,Software - Infrastructure,87.48,1.33,-0.15,-0.18,0.4,-3.37,-517.5,-2.32,476.01,11.893,,9,95
FARM,Consumer Defensive,Packaged Foods,1.91,-24.0,25.0,-0.78,-6.67,-12.0,-524.27,-0.68,-8.48,16.019,,9,35
OWLT,Healthcare,Medical Devices,7.3,-22.55,6.73,-0.03,-6.9,,-525.81,-3.75,9.07,6.267,,9,76
LBTYK,Communication Services,Telecom Services,12.14,0.0,0.01,0.01,-6.33,-3.84,-534.64,-9.54,-87.12,13.13,,9,5
LBTYA,Communication Services,Telecom Services,11.91,0.0,0.01,0.01,-6.33,-3.84,-534.64,-9.54,-87.12,13.13,,9,5
LBTYB,Communication Services,Telecom Services,12.22,0.0,0.01,0.01,-6.33,-3.84,-534.64,-9.54,-87.12,13.13,,9,5
MAX,Communication Services,Internet Content & Information,11.98,-7.25,-3.0,-1.12,-5.71,,-536.17,-0.11,27.1,19.381,,8,87
GPRK,Energy,Oil & Gas E&P,6.44,-5.05,-5.05,-0.64,-3.45,-10.15,-540.3,0.83,-40.73,10.585,7.63,8,8
GLBS,Industrials,Marine Shipping,1.02,-0.4,-0.67,-6.33,-6.0,,-544.04,-0.04,-6.0,1.738,,8,41
OPFI,Financial Services,Credit Services,10.45,-0.62,-0.85,-2.24,-5.87,,-556.98,-1.36,4.53,13.947,,8,69
ESOA,Industrials,Engineering & Construction,9.88,4.15,-9.2,-7.0,-7.15,,-565.83,0.17,19.3,23.189,58.18,8,84
METC,Basic Materials,Coking Coal,24.98,-0.53,-4.17,3.0,-4.62,,-566.65,-0.45,3.13,11.799,,8,67
METCB,Basic Materials,Coking Coal,16.34,-0.53,-4.17,3.0,-4.62,,-566.65,-0.45,3.13,11.799,,8,67
NTHI,Healthcare,Biotechnology,7.47,6.0,-0.42,-0.72,-0.24,-12.39,-567.15,-2.23,-111111111111090.06,0.003,,8,3
EVH,Healthcare,Health Information Services,9.49,0.43,-1.33,0.0,-6.33,,-569.04,-1.6,-25.59,19.049,,8,11
MMLP,Energy,Oil & Gas Midstream,3.34,-1.0,0.83,0.45,-2.5,-3.67,-576.8,-0.4,-13.17,18.412,,8,20
CVU,Industrials,Aerospace & Defense,2.38,0.0,-4.0,-4.0,-2.1,-11.0,-578.5,-0.08,-36.69,5.651,,8,9
HGV,Consumer Cyclical,Resorts & Casinos,47.99,0.0,-2.18,-0.4,-9.5,-3.25,-582.04,0.55,3.06,46.452,85.67,8,67
HUYA,Communication Services,Entertainment,3.63,-2000000.0,75000000.0,-8.5,-7.5,,-582.24,-0.09,-15.65,26.589,,8,17
FBLA,Financial Services,Banks - Regional,12.0,0.25,10.5,-6.32,0.02,,-584.44,-1.65,-10.97,3.605,,8,23
EXK,Basic Materials,Silver,6.14,0.86,-0.3,-0.43,-0.17,-12.0,-589.93,-0.27,30.12,0.949,,8,88
KOF,Consumer Defensive,Beverages - Non-Alcoholic,83.46,-6.64,-0.42,0.24,-7.34,,-591.03,6.0,-1.23,1374.879,13.92,8,56
IMTX,Healthcare,Biotechnology,5.72,-0.76,-0.61,-1.56,-2.41,-15.5,-592.94,-0.66,-165.62,1.121,,8,5
LSCC,Technology,Semiconductors,65.97,-1.0,-2.0,1.4,-7.0,,-595.15,0.23,-9.57,3.552,287.43,8,26
NLOP,Real Estate,REIT - Office,29.41,-184.33,81.67,0.13,-7.55,,-595.79,-10.61,-32.08,7.944,,8,9
GTN,Communication Services,Broadcasting,6.11,-2.09,-8.13,0.89,-8.89,,-596.47,1.53,-7.77,36.969,4.0,8,37
GRO,Basic Materials,Other Industrial Metals & Mining,1.78,0.23,-0.2,-0.25,-0.32,-11.67,-598.97,-1.73,-8.97,,,8,31
OUT,Real Estate,REIT - Specialty,18.32,2.4,-4.22,1.2,-9.8,,-600.37,0.64,-9.12,10.921,28.47,8,27
CVV,Industrials,Specialty Industrial Machinery,2.9,-4.0,1.5,-0.5,-0.36,,-608.42,-0.05,-18.25,4.241,,7,15
EQX,Basic Materials,Gold,8.97,4.4,-1.01,-120.72,-17.0,-0.31,-609.92,-0.13,47.22,4.144,,7,90
GETY,Communication Services,Internet Content & Information,1.8,2.12,-5.17,7.0,-9.0,,-618.84,-0.27,-9.74,2.298,,7,25
DTI,Energy,Oil & Gas Equipment & Services,1.95,-0.4,-0.25,-2.33,-8.0,,-633.94,-0.14,3.98,4.657,,7,69
LTRX,Technology,Communication Equipment,4.52,0.43,-0.67,0.17,-8.0,,-634.14,-0.29,-56.53,3.183,,7,7
HAS,Consumer Cyclical,Leisure,80.4,-9.59,3.84,-7.4,-7.16,,-634.5,-4.07,-15.25,30.406,,7,18
NTZ,Consumer Cyclical,"Furnishings, Fixtures & Appliances",3.37,-0.24,1.36,-2.25,-1.41,,-643.68,-1.89,-18.43,28.362,,7,15
CRL,Healthcare,Diagnostics & Research,162.31,1.12,9.44,-4.15,-0.65,,-651.67,-1.3,-7.0,79.633,,7,39
MYGN,Healthcare,Diagnostics & Research,6.79,-357000000.0,47000000.0,-0.96,-7.71,,-653.8,-4.31,-5.79,9.108,,7,42
DRUG,Healthcare,Biotechnology,43.95,-0.76,-43.0,-2.0,-15.8,-2.23,-664.85,-0.99,-8.97,,,7,31
HSPO,Financial Services,Shell Companies,12.23,0.06,-1.57,-0.61,-7.29,-9.26,-671.08,0.14,-8.97,,87.36,7,31
GENK,Consumer Cyclical,Restaurants,3.16,0.2,-0.5,-5.0,-2.2,,-674.63,-0.15,-2.82,43.388,,7,52
DK,Energy,Oil & Gas Refining & Marketing,31.92,0.58,1.36,-4.46,-2.03,,-675.71,-13.25,-19.1,173.226,,7,14
MRNO,Real Estate,Real Estate - Development,5.69,-0.15,-0.18,-0.22,-1.14,,-676.18,-2.47,660.95,1.048,,7,95
ESLA,Healthcare,Biotechnology,1.08,-1.5,0.5,-0.8,-14.0,-1.0,-681.29,-0.24,-8.97,,,7,31
EPM,Energy,Oil & Gas E&P,5.09,-0.17,-2.0,0.5,-8.0,,-692.02,-0.04,12.04,2.609,,7,79
GCTS,Technology,Semiconductors,1.27,-0.73,0.03,0.03,-12.0,-6.0,-692.89,-0.7,-39.84,0.126,,7,8
MHK,Consumer Cyclical,"Furnishings, Fixtures & Appliances",135.42,1.03,-0.28,-0.74,-0.05,,-694.33,7.54,-9.32,170.4,18.47,7,27
NSIT,Technology,Electronics & Computer Distribution,126.46,0.0,-3.87,-0.55,-10.21,-7.58,-696.99,4.18,-12.16,261.927,30.55,7,22
ITP,Basic Materials,Paper & Paper Products,0.2,1.19,-0.27,-0.37,-15.0,0.06,-700.39,-1.06,-22.92,7.138,,7,12
FIS,Technology,Information Technology Services,68.71,-7.0,-2.47,0.27,-3.09,,-701.13,0.25,-4.68,19.32,274.96,7,46
CRNT,Technology,Communication Equipment,2.01,0.0,-5.0,-2.5,-10.0,,-703.42,0.15,-16.54,4.328,13.33,7,16
MTUS,Basic Materials,Steel,16.76,2.0,17.67,-2.85,-0.11,,-704.9,-0.5,-8.9,24.83,,6,35
EDRY,Industrials,Marine Shipping,10.9,0.21,-0.12,0.27,-6.47,,-709.96,-6.28,-46.11,18.172,,6,7
NTIC,Basic Materials,Specialty Chemicals,7.69,-4.0,-0.2,-2.33,-9.0,,-710.9,0.31,-1.26,9.007,24.98,6,56
HUN,Basic Materials,Chemicals,11.03,-29.67,26.33,-3.32,-8.08,,-723.17,-1.79,-17.37,34.001,,6,16
HLX,Energy,Oil & Gas Equipment & Services,6.6,-2.0,-5.5,-0.46,-11.5,,-727.08,0.32,-13.59,8.478,19.84,6,20
FGI,Consumer Cyclical,"Furnishings, Fixtures & Appliances",4.07,-0.83,-0.75,0.5,-8.11,,-732.16,-1.49,-15.13,70.972,,6,18
FLWS,Consumer Cyclical,Specialty Retail,5.18,-3.77,2.91,-0.66,-9.77,,-744.68,-3.13,-21.77,26.418,,6,13
INV,Financial Services,Asset Management,5.46,0.94,-1.2,-26.23,-8.37,,-746.4,-5.27,59.01,0.027,,6,91
MAC,Real Estate,REIT - Retail,18.5,0.25,3.45,-0.78,-8.25,,-746.63,-1.82,2.97,4.366,,6,67
MGPI,Consumer Defensive,Beverages - Wineries & Distilleries,28.69,0.0,12.64,-2.79,-11.21,-7.57,-754.84,-0.27,-28.3,28.179,,6,10
IP,Consumer Cyclical,Packaging & Containers,48.31,2.71,0.75,-2.02,-9.21,,-755.85,-0.06,19.2,52.828,,6,83
GLXY,Financial Services,Capital Markets,22.91,7.67,7.67,1.85,-9.1,,-775.75,-0.86,5.77437e+19,24.627,,6,99
KEN,Utilities,Utilities - Independent Power Producers,44.21,-1.2,-1.34,-0.57,-20.3,0.47,-775.76,-1.65,1.65,14.681,,6,65
NCMI,Communication Services,Advertising Agencies,4.3,1.91,-2.23,7.5,-0.22,,-777.99,-0.22,-0.25,2.48,,6,59
FTFT,Technology,Software - Application,2.06,0.0,-0.77,-3.4,-19.78,-0.12,-779.33,-24.49,-469.35,0.943,,6,4
NXRT,Real Estate,REIT - Residential,34.01,-0.04,0.15,0.13,-2.46,-4.78,-792.44,-1.95,-8.19,10.014,,6,36
FNKO,Consumer Cyclical,Leisure,3.33,-0.42,-16.33,-3.67,-8.4,,-818.41,-1.2,-27.26,18.207,,6,10
CSPI,Technology,Information Technology Services,11.56,-2.0,-6.0,2.33,-0.5,-17.0,-818.9,-0.17,4.32,6.203,,6,69
FUSB,Financial Services,Banks - Regional,12.14,-9.0,0.0,-0.27,-11.0,,-830.41,0.97,-7.08,6.19,12.38,6,39
IVZ,Financial Services,Asset Management,21.96,-13.67,-0.21,2.83,-10.67,,-833.76,0.93,-9.0,13.519,23.65,6,27
MHH,Industrials,Staffing & Employment Services,7.91,13.0,-5.0,-4.33,-11.0,,-834.96,0.07,-10.94,17.047,114.1,6,23
HCC,Basic Materials,Coking Coal,55.15,2.45,-9.0,-39.0,-11.27,,-836.41,0.76,-26.68,23.295,79.88,6,11
PBPB,Consumer Cyclical,Restaurants,12.63,8000000.0,-15000000.0,0.25,-13.5,,-857.34,0.35,-4.35,15.687,36.14,6,47
MDV,Real Estate,REIT - Industrial,15.33,-31.0,-8.0,3.57,-11.67,,-858.51,-0.44,-4.0,4.816,,5,48
ICON,Industrials,Marine Shipping,1.96,0.0,-0.36,-0.57,-3.93,-16.95,-858.9,-89.35,21.15,8.121,,5,85
IBO,Healthcare,Biotechnology,0.5828,-9.73,-2.18,-1.85,-14.26,-0.31,-860.2,-3.16,-8888888888897.86,0.001,,5,3
DBI,Consumer Cyclical,Footwear & Accessories,4.41,-4.73,-4.73,-0.02,-27.56,7.32,-862.76,-0.57,-15.46,57.439,,5,18
DDOG,Technology,Software - Application,131.78,-6.0,-0.86,-0.15,-12.0,,-868.29,0.35,22.67,8.824,388.8,5,85
INLX,Technology,Software - Application,11.306,0.31,-0.31,-0.44,-7.5,-3.25,-876.04,-0.42,-13.95,4.057,,5,19
NVRI,Industrials,Waste Management,11.74,-2.47,5.12,-5.5,-2.47,,-883.86,-1.92,-11.81,27.919,,5,22
PENG,Technology,Information Technology Services,24.71,-10.0,-0.11,5.6,-12.0,,-894.95,-0.29,-2.34,25.188,,5,53
MATV,Basic Materials,Specialty Chemicals,12.05,42.44,-261.67,13.67,-5.0,,-906.72,-8.34,2.06,36.141,,5,65
NSTS,Financial Services,Banks - Regional,11.9913,0.4,-0.4,-0.67,0.4,-0.4,-929.3,-0.16,6.18,1.935,,5,72
NL,Industrials,Security & Protection Services,6.55,0.0,-33.0,-1.18,-15.0,,-959.06,1.1,-0.15,3.126,5.79,5,59
CYCU,Technology,Information Technology Services,0.193,2.73,-1.04,-29.15,-6.82,-20.29,-971.12,-0.36,-26.78,0.782,,5,11
JKS,Technology,Solar,24.25,-1.77,-22.0,5.36,-3.27,,-977.35,-5.05,-40.19,1611.405,,5,8
JBTM,Industrials,Specialty Industrial Machinery,141.71,48.86,-14.23,-6.55,-12.71,,-979.26,-2.31,81.64,64.608,,5,92
FBK,Financial Services,Banks - Regional,54.14,-13.0,0.04,2.68,-13.17,,-990.85,1.94,-56.22,8.838,27.65,5,7
ETHZ,Healthcare,Biotechnology,2.42,1.23,0.13,0.12,-31.0,1.51,-998.74,-14.95,-8.97,,,5,31
CSBR,Healthcare,Biotechnology,6.915,-3.54,5.6,-1.0,-12.0,,-1001.56,0.33,-11.06,4.169,20.73,5,23
EVLV,Industrials,Security & Protection Services,7.89,-24.0,18.0,0.0,-13.5,,-1029.74,-0.55,33.36,0.753,,5,88
OI,Consumer Cyclical,Packaging & Containers,12.63,2.33,9.0,-0.92,-13.33,,-1036.42,-1.65,-9.59,42.067,,5,26
INN,Real Estate,REIT - Hotel & Motel,5.67,1.0,-5.0,5.0,-15.5,,-1078.97,-0.1,1.18,6.8,,5,63
LSPD,Technology,Software - Application,11.84,0.0,-21.29,0.12,-15.48,-14.47,-1103.7,-4.46,9.22,7.428,,5,76
LAR,Basic Materials,Other Industrial Metals & Mining,3.33,0.33,-0.6,-1.5,-4.0,0.5,-1128.33,-0.11,-8.97,,,5,31
DEVS,Industrials,Pollution & Treatment Controls,2.27,2.42,-11.14,4.86,2.25,-0.13,-1146.91,0.7,67759999999991.03,0.004,3.31,5,96
FOXX,Technology,Consumer Electronics,5.8,-3.97,4.33,-0.68,-3.76,3.22,-1148.49,-0.93,1318.74,18.101,,4,95
DALN,Communication Services,Publishing,14.87,-2.19,6.14,2.01,-24.19,,-1179.58,-0.97,-16.52,22.629,,4,17
EQ,Healthcare,Biotechnology,1.75,0.5,-0.5,-807.04,-17.0,,-1193.7,-0.57,-7.484333333333333e+16,0.466,,4,1
DOUG,Real Estate,Real Estate Services,2.65,-2.86,0.0,3.71,-12.5,,-1200.49,-0.73,-16.02,12.308,,4,17
NWFL,Financial Services,Banks - Regional,26.95,0.06,3.44,-4.21,0.29,,-1260.13,0.21,2.55,6.224,127.62,4,66
NGVT,Basic Materials,Specialty Chemicals,58.88,-8.18,0.22,7.41,0.94,,-1322.28,-5.95,-13.51,36.411,,4,20
GLOB,Technology,Information Technology Services,62.35,-15.0,-0.26,-0.14,-18.8,,-1353.43,2.45,1.87,56.541,25.76,4,65
MBLY,Consumer Cyclical,Auto Parts,14.85,0.62,-0.44,36.22,0.37,,-1457.53,-3.65,3.47,2.365,,4,68
CSIQ,Technology,Solar,9.71,0.0,-2.35,2.65,-35.5,-4.63,-1502.42,-0.44,-4.76,88.343,,4,46
HCSG,Healthcare,Medical Care Facilities,15.75,-2.91,0.44,-0.19,-21.0,,-1508.3,0.14,-3.43,24.105,113.07,4,50
GLRE,Financial Services,Insurance - Reinsurance,12.8,-86.0,2.07,-2.27,-22.0,,-1552.74,1.1,-4.18,20.491,11.58,4,47
GEL,Energy,Oil & Gas Midstream,16.69,0.0,-6.0,-0.81,-15.24,-44.11,-1553.15,-1.55,-71.68,23.495,,4,6
NEOG,Healthcare,Diagnostics & Research,5.74,0.0,41.06,-35.15,-1.0,-4.0,-1580.25,-5.03,-5.09,4.125,,4,44
FSP,Real Estate,REIT - Office,1.68,1.62,-0.17,-0.2,1.5,-2.0,-1613.1,-0.51,-26.02,1.08,,4,11
LFCR,Healthcare,Drug Manufacturers - Specialty & Generic,7.94,0.0,-0.88,1.12,-46.0,-2.09,-1648.85,-1.27,-9.72,3.701,,4,25
CVI,Energy,Oil & Gas Refining & Marketing,30.97,0.07,-5.36,5.43,-6.43,,-1740.02,-3.32,-15.53,71.522,,4,17
DMYY,Financial Services,Shell Companies,12.37,-0.41,-1.07,-15.0,-19.37,-28.0,-1765.13,-2.88,-8.97,,,4,31
OSUR,Healthcare,Medical Instruments & Supplies,3.15,-0.24,-0.5,-1.33,-25.0,,-1768.9,-0.68,-67.79,1.854,,4,6
FTRE,Healthcare,Biotechnology,10.51,0.51,-8.19,-1.19,-1.67,,-1812.53,-11.39,-5.59,30.355,,4,43
CTO,Real Estate,REIT - Diversified,17.34,-78.0,-8.0,-0.89,-24.67,-20.0,-1895.9,-1.3,18.45,4.686,,4,83
NRC,Healthcare,Health Information Services,14.96,-26.0,-0.12,0.17,-27.0,,-1910.64,0.77,-11.27,6.055,20.0,4,23
KIDZ,Consumer Defensive,Education & Training Services,1.03,-16.44,-0.68,-0.02,-30.01,,-1961.58,-0.01,-2.6,-0.044,,4,53
OMI,Healthcare,Medical Distribution,5.4,-34.31,11.0,-21.59,-25.9,,-2052.76,-5.61,-5.78,139.667,,4,42
HL,Basic Materials,Other Precious Metals & Mining,8.85,0.8,1.5,6.66,1.25,,-2220.57,0.16,8.76,1.684,56.38,3,76
INBK,Financial Services,Banks - Regional,24.91,-4.5,-6.64,0.05,-32.5,,-2286.19,1.76,-4.54,12.194,13.88,3,46
FLD,Financial Services,Capital Markets,3.59,7.62,-0.48,-0.93,6.77,-92.74,-2966.91,-0.73,-4.820947499999996e+16,0.176,,3,1
NUTR,Consumer Cyclical,Travel Services,4.8,0.0,-0.84,-5.16,-18.45,-67.83,-2969.94,0.0,300.78,0.182,,3,94
NUKK,Technology,Software - Application,4.72,-34.79,3.5,-0.97,2.52,16.26,-3173.44,-4.93,-1168093333333370.0,,,3,2
KVAC,Financial Services,Shell Companies,11.5793,-1.49,1.61,2.64,-0.78,-4.75,-4196.29,-0.24,-8.97,,,3,31
MCHP,Technology,Semiconductors,64.43,0.06,0.05,-2.5,-3.67,-4.05,-4279.57,-0.34,-25.94,7.874,,3,11
OLN,Basic Materials,Chemicals,24.08,-2.0,-8.0,3.33,-64.0,,-4421.67,-0.11,-8.38,57.541,,3,36
OCTO,Consumer Cyclical,Packaging & Containers,1.45,1.21,0.55,0.36,-7.71,-3.32,-4491.42,-5.71,58.43,18.197,,3,91
INBX,Healthcare,Biotechnology,27.72,0.51,0.1,-0.09,-69.7,,-4642.88,-16.57,664.09,0.09,,3,95
CRI,Consumer Cyclical,Apparel Retail,28.62,-42.0,-2.98,0.06,-75.0,,-5111.81,3.75,-8.85,80.224,7.66,3,35
HELE,Consumer Defensive,Household & Personal Products,25.67,-1.25,-5.03,1.89,-76.58,,-5219.55,-14.54,-18.82,81.449,,3,14
DNUT,Consumer Defensive,Grocery Stores,3.4,-11.75,-0.54,-2.77,-84.0,,-5573.26,-2.65,-17.17,9.043,,3,16
KHC,Consumer Defensive,Packaged Foods,26.96,-12.0,-1.95,8.37,-83.5,,-5656.53,-4.46,-10.36,21.118,,3,24
LIVE,Consumer Cyclical,Home Improvement Retail,15.705,-1.91,30.87,3.34,2.92,5.9,-5910.61,-1.35,-8.8,142.74,,3,35
FLYE,Consumer Cyclical,Auto Manufacturers,0.6602,-0.82,-4.5,0.67,-6.5,-192.55,-6753.33,-2.4,-35.49,4.266,,3,9
LOMA,Basic Materials,Building Materials,9.15,-53.05,-0.04,0.07,-102.98,,-6795.08,0.33,-3.49,5716.047,27.27,3,50
H,Consumer Cyclical,Lodging,145.28,-7.67,3.9,-9.19,-119.33,,-7982.62,4.41,5.47,33.275,32.87,3,71
LNZA,Industrials,Waste Management,18.86,-149.0,0.4,1.07,-106.14,,-8164.27,-68.0,-60.03,20.011,,3,7
KLTO,Healthcare,Biotechnology,0.495,-0.5,0.62,0.38,-3.0,-123.41,-9553.72,-0.46,-8.97,,,3,31
GTI,Basic Materials,Other Industrial Metals & Mining,3.36,0.0,0.0,0.0,9.0,0.0,-12158.3,-1.2,-8.97,,,3,31
NXXT,Utilities,Utilities - Renewable,1.59,4.33,-1.03,-34.99,-4.95,-65.67,-15180.79,-0.44,3.869403833333344e+16,5.055,,3,98
MGNI,Communication Services,Advertising Agencies,24.85,2.14,-4.71,5.5,9.0,,-20570.57,0.3,-0.42,4.843,82.83,2,59
LION,,,6.2,20.5,-1.44,-0.17,8.12,,-40801.77,,-1.62,,,2,55
INGM,Technology,Information Technology Services,19.7,-0.81,-0.06,-0.06,-0.45,0.38,-125775.3,1.2,-3.36,217.368,16.68,2,50
GMGI,Communication Services,Electronic Gaming & Multimedia,0.9819,-3000000.0,1500000.0,1.0,-56.76,-205400.0,-6848617.15,-0.08,19.25,1.33,,2,83
PED,Energy,Oil & Gas E&P,0.62,-2000000.0,-1500000.0,-1.0,-2.5,-1000000.0,-33333401.04,0.14,-41.86,0.391,4.39,2,8
MNTK,Basic Materials,Specialty Chemicals,2.06,-4000000.0,-6000000.0,-1.0,-3.0,-1000000.0,-33333456.72,0.02,-3.8,1.271,103.5,2,49
JFB,Real Estate,Real Estate - Development,6.899,-26000000.0,-108133.33,-1.0,-81.15,-1225900.0,-40866697.48,-0.25,-33.8,2.912,,2,9
LZ,Industrials,Specialty Business Services,10.85,-3000000.0,-1.33,0.17,-1000000.0,,-66666687.93,0.16,-1.32,4.002,64.5,2,56
MLSS,Healthcare,Medical Instruments & Supplies,0.6205,0.0,0.0,0.0,-2000000.0,0.0,-66666765.86,-0.08,5.78,0.113,,2,72
FA,Industrials,Specialty Business Services,15.98,24000000.0,1.58,-9.33,-1000000.0,,-66666790.94,-0.97,67.74,7.669,,2,92
GROW,Financial Services,Asset Management,2.435,-2.0,-3.0,1.0,-3000000.0,-10.0,-100000547.79,0.01,-34.17,0.66,242.0,2,9
NHTC,Consumer Cyclical,Internet Retail,4.4622,-1000000.0,-1.0,5.56,-2000000.0,,-133333458.45,0.03,-17.57,3.666,152.34,2,15
DXLG,Consumer Cyclical,Apparel Retail,1.33,4000000.0,-0.14,-0.17,-4000000.0,-2.75,-133333639.28,-0.1,-15.26,8.206,,2,18
DTST,Technology,Information Technology Services,4.52,-10000000.0,-1000000.0,-1.0,-1.5,-5000000.0,-166666878.82,-0.05,1.82,3.616,,2,65
MAMO,Consumer Cyclical,Recreational Vehicles,2.3999,5000000.0,0.1,0.09,-7000000.0,-2.54,-233333566.0,-0.12,-63.46,1.916,,2,6
HITI,Healthcare,Pharmaceutical Retailers,3.17,-0.33,1.0,-7.0,-4000000.0,,-266666657.78,-0.09,14.18,6.816,,2,81
GYRE,Healthcare,Biotechnology,7.58,-3000000.0,3000000.0,-1000000.0,-4000000.0,,-266667284.57,0.02,-2.9,1.181,384.5,2,51
EGAN,Technology,Software - Application,6.17,-2000000.0,0.0,-1.5,-5000000.0,,-333333429.22,1.13,-11.17,3.14,5.75,2,23
MIND,Technology,Scientific & Technical Instruments,9.07,-12.46,-1.09,27.09,-12000000.0,2.93,-399999944.18,4.2,-14.78,7.884,2.25,2,18
LSH,Industrials,Integrated Freight & Logistics,1.2,0.86,-0.44,-1.0,-14000000.0,-27.0,-466662073.15,-0.58,-7.78,2.284,,2,37
MTLS,Technology,Software - Application,4.97,1000000.0,-6.0,0.0,-7000000.0,,-466666794.48,0.1,-9.99,4.496,49.5,2,25
GBTG,Consumer Cyclical,Travel Services,8.14,-4.33,3.67,3.67,-1.0,5.0,-555555519.93,-0.12,10.8,5.244,,2,79
CWAN,Technology,Software - Application,20.16,-4.0,-60.67,91.5,-9000000.0,,-599999917.2,1.6,45.11,4.631,12.98,2,90
NAT,Energy,Oil & Gas Midstream,3.23,-2000000.0,1.0,-3.0,-10000000.0,,-666666595.42,0.07,-43.04,1.429,46.71,1,8
MQ,Technology,Software - Infrastructure,6.11,2000000.0,1.5,0.2,-23000000.0,,-1533333334.51,-0.13,3.66,1.122,,1,68
GRDN,Healthcare,Medical Care Facilities,28.47,0.0,-0.27,11.53,15000000.0,,-1613511204.7,-1.48,6.13,21.24,,1,72
GTE,Energy,Oil & Gas E&P,4.05,0.0,-1.16,-7.25,-3.15,-54000000.0,-1800000387.85,-1.95,-10.7,18.26,,1,24
PBHC,Financial Services,Banks - Regional,14.9682,-48000000.0,-0.44,2.09,-32000000.0,,-2133333461.02,0.35,-16.64,6.373,42.86,1,16
LILAK,Communication Services,Telecom Services,8.17,-2.07,1.11,0.53,-8.64,-69000000.0,-2300000458.95,-5.91,-11.76,22.316,,1,22
LILA,Communication Services,Telecom Services,8.0,-2.07,1.11,0.53,-8.64,-69000000.0,-2300000458.95,-5.91,-11.76,22.316,,1,22
HUSA,Energy,Oil & Gas E&P,7.9,-0.59,-0.75,-3.0,-12.87,-70000000.0,-2333333915.18,-9.01,-26.01,-0.027,,1,11
NUAI,Technology,Software - Infrastructure,0.405,0.14,-1.93,1.19,-0.49,,-3533333472.36,-0.74,-3.87,0.041,,1,48
HUIZ,Financial Services,Insurance Brokers,2.5901,-100000000.0,-200000000.0,2.0,-2.0,,-7777777951.04,-0.28,-26.75,121.961,,1,11
PAM,Utilities,Utilities - Independent Power Producers,68.01,-275000000.0,0.1,0.0,-250000000.0,,-16666666758.51,8.25,-8.48,34.475,8.24,1,35
CV,Healthcare,Medical Devices,3.78,0.3,-0.01,-0.25,,,,-0.44,,5.76,,,
DAIC,Technology,Information Technology Services,4.07,-0.93,-12.68,,,,,-0.7,,0.004,,,
DDC,Consumer Defensive,Packaged Foods,11.04,,,,,,,5.15,,188.716,2.12,,
DHAI,Healthcare,Medical Devices,0.234,-10.0,1.0,,,,,-0.32,,2.073,,,
DTSQU,Financial Services,Shell Companies,10.45,,,,,,,,-8.97,,,,31
DYCQU,Financial Services,Shell Companies,11.1,,,,,,,,-8.97,,,,31
EFSCP,Financial Services,Banks - Regional,20.45,,,,,,,4.142,1.22,17.187,5.0,,63
EHLD,Industrials,Marine Shipping,7.17,-12.3,3.98,0.49,,,,4.23,,4.816,1.68,,
ETOR,Financial Services,Capital Markets,46.155,-0.93,0.96,-1.1,,,,2.25,,625.567,20.62,,
ETS,Industrials,Trucking,0.9913,0.91,-3.21,-1.53,,,,,,0.197,,,
EURK,Financial Services,Shell Companies,10.65,-0.15,-0.33,1.03,43.47,53.97,,-0.15,,,,,
EURKU,Financial Services,Shell Companies,10.8,,,,,,,,,,,,
FCNCP,Financial Services,Banks - Regional,21.63,,,,,,,57.468,16.48,652.074,0.38,,82
FER,Industrials,Engineering & Construction,54.97,,,,,,,5.39,,12.966,10.34,,
FGBIP,Financial Services,Banks - Regional,19.03,,,,,,,2.603,-42.32,4.685,7.33,,8
FGMC,Financial Services,Shell Companies,9.985,0.37,1.12,9.56,658.26,69.44,,0.08,,,124.88,,
FGMCU,Financial Services,Shell Companies,10.24,,,,,,,,,,,,
FIG,Technology,Software - Application,54.56,1136.73,-0.18,-174354400.0,,,,-1.15,,4.124,,,
FITBI,Financial Services,Banks - Regional,25.7,,,,,,,3.483,-2.63,11.858,7.4,,52
FITBO,Financial Services,Banks - Regional,20.39,,,,,,,3.483,-2.63,11.85,5.94,,52
FITBP,Financial Services,Banks - Regional,24.43,,,,,,,3.483,-2.63,11.85,7.12,,52
FLY,Industrials,Aerospace & Defense,42.82,1078.91,,,,,,-1.96,,8.297,,,
FORLU,Financial Services,Shell Companies,12.55,,,,,,,,-8.97,,,,31
FPAY,Industrials,Rental & Leasing Services,0.7217,3.6,-1.17,,,,,-0.2,,6.492,,,
FRGT,Technology,Software - Application,1.28,8.68,7.45,0.75,,,,38.34,,16.751,0.03,,
FRMEP,Financial Services,Banks - Regional,25.84,,,,,,,3.81,-4.84,11.029,6.78,,45
FSHPU,Financial Services,Shell Companies,10.5,,,,,,,,-8.97,,,,31
FULTP,Financial Services,Banks - Regional,19.95,,,,,,,1.57,7.84,6.654,12.8,,75
GDEV,Communication Services,Electronic Gaming & Multimedia,15.4572,0.14,,,,,,2.56,,23.463,5.68,,
GELS,Healthcare,Drug Manufacturers - Specialty & Generic,0.96,,,,,,,-0.35,,0.045,,,
GLIBA,Communication Services,Telecom Services,36.92,-0.3,1.69,-0.54,,,,3.45,,36.658,10.65,,
GLIBK,Communication Services,Telecom Services,36.22,-0.3,1.69,-0.54,,,,3.45,,36.658,10.55,,
GMHS,Communication Services,Electronic Gaming & Multimedia,2.03,,,,,,,0.09,,0.779,21.33,,
GNFT,Healthcare,Biotechnology,3.8805,,,,,,,0.04,,1.421,98.5,,
GPATU,Financial Services,Shell Companies,10.66,,,,,,,,-8.97,,,,31
GRFS,Healthcare,Drug Manufacturers - General,9.9,0.68,0.33,2.8,,,,0.51,-0.24,5.666,19.86,,59
GRRR,Technology,Software - Infrastructure,17.1,0.0,2.7,0.73,,,,-6.73,-14.05,5.903,,,19
GSRFU,Financial Services,Shell Companies,10.01,,,,,,,,,,,,
GSRT,Financial Services,Shell Companies,10.36,1.07,1.18,6.6,72.14,4000000.0,,0.14,,,73.93,,
GSRTU,Financial Services,Shell Companies,13.5,,,,,,,,,,,,
GTEN,,,10.18,-30.44,-137800.0,,,,,,,,,,
GTENU,,,10.35,,,,,,,,,,,,
GWAV,Industrials,Waste Management,6.67,0.0,31.24,5.98,,,,-423.48,21.54,309.17,,,85
HBANL,Financial Services,Banks - Regional,25.53,,,,,,,,-1.43,4.979,,,56
HBANM,Financial Services,Banks - Regional,22.75,,,,,,,0.778,-1.43,4.979,29.52,,56
HBANP,Financial Services,Banks - Regional,18.5,,,,,,,0.778,-1.43,4.979,24.13,,56
HLN,Healthcare,Drug Manufacturers - Specialty & Generic,9.84,0.0,0.07,0.08,,,,0.45,-7.22,2.432,21.78,,38
HMR,Industrials,Marine Shipping,1.24,-1.4,-40.59,-10.97,,,,-0.1,,0.476,,,
HNGE,Healthcare,Health Information Services,56.01,-8.4,10.39,1.05,,,,-5.46,,21.929,,,
HOVNP,,,19.9,,,,,,,,-0.89,,,,57
HSPOU,Financial Services,Shell Companies,0.0,,,,,,,,-8.97,,,,31
HSPT,Financial Services,Shell Companies,10.31,-1.14,1.18,6.63,25.1,133.43,,0.13,,,79.31,,
HSPTU,Financial Services,Shell Companies,10.3701,,,,,,,,,,,,
HTFL,Healthcare,Health Information Services,34.085,,,,,,,-1.34,,8.528,,,
HTLM,Consumer Cyclical,Specialty Retail,3.89,3.09,3.09,,,,,-0.09,,,,,
HTOO,Utilities,Utilities - Renewable,4.0141,0.0,,,,,,-30.61,,3.04,,,
HYAC,Financial Services,Shell Companies,11.22,0.0,-0.12,-0.11,-0.25,-0.25,,0.34,,,33.0,,
IFS,Financial Services,Banks - Regional,40.74,0.0,0.0,0.0,,,,4.56,-1.09,46.605,8.96,,57
ILLR,Technology,Software - Application,0.4325,,,,,,,-2.42,,0.494,,,
IMOS,Technology,Semiconductors,17.05,-1.06,,,,,,0.38,,628.92,46.05,,
IROHU,Financial Services,Shell Companies,9.86,,,,,,,,-8.97,,,,31
ISRLU,Financial Services,Shell Companies,12.99,,,,,,,,-8.97,,,,31
JCAP,Financial Services,Credit Services,18.64,20.39,0.58,-0.02,,,,2.35,,9.137,7.91,,
JDZG,Technology,Information Technology Services,2.02,,,,,,,0.26,,6.111,6.77,,
KBSX,Basic Materials,Steel,1.64,,,,,,,-0.2,,1.244,,,
KG,Financial Services,Insurance Brokers,25.99,274.47,,,,,,9.21,,,2.81,,
KMTS,Healthcare,Medical Instruments & Supplies,16.51,0.0,-0.03,-0.03,,,,-5.13,,2.433,,,
KNDI,Consumer Cyclical,Recreational Vehicles,1.42,0.0,-3.5,,,,,-0.6,,1.218,,,
KRKR,Communication Services,Advertising Agencies,4.85,,,,,,,-9.1,,109.583,,,
KUKE,Communication Services,Entertainment,1.97,,,,,,,-2.3,,17.363,,,
KVACU,Financial Services,Shell Companies,11.44,,,,,,,,-8.97,,,,31
KWM,Communication Services,Entertainment,2.23,,,,,,,-0.2,,7.181,,,
KYIV,Communication Services,Telecom Services,11.29,0.22,,,,,,1.26,,79.189,8.6,,
LCFY,Communication Services,Internet Content & Information,5.33,-10.5,15.5,-0.29,,,,-1.87,-9.66,2.339,,,26
LEGT,Financial Services,Shell Companies,10.73,0.0,-0.12,-0.11,-0.25,0.0,,0.36,,,29.81,,
LIMN,Healthcare,Biotechnology,2.83,-0.11,,,,,,-0.16,,,,,
LITM,Basic Materials,Other Industrial Metals & Mining,3.73,3.0,,,,,,-2.83,,,,,
LPAA,Financial Services,Shell Companies,10.47,-0.14,-0.25,113.61,,,,0.29,,,36.1,,
LPAAU,Financial Services,Shell Companies,10.75,,,,,,,,,,,,
LU,Financial Services,Credit Services,2.96,0.18,0.15,,,,,-0.76,,52.533,,,
LVRO,Basic Materials,Agricultural Inputs,1.43,0.09,0.08,-19.04,,,,-1.53,,79.92,,,
LZM,Basic Materials,Other Industrial Metals & Mining,4.2,-0.8,,,,,,-0.53,,0.005,,,
MAXN,Technology,Solar,3.66,0.0,-3.04,7.91,,,,34.66,-263.57,12.125,0.11,,4
MBINL,Financial Services,Banks - Regional,23.12,,,,,,,,4.74,13.055,,,70
MBINM,Financial Services,Banks - Regional,25.25,,,,,,,,4.74,13.055,,,70
MBINN,Financial Services,Banks - Regional,20.385,,,,,,,4.43,4.74,13.055,4.65,,70
MCHB,Financial Services,Banks - Regional,13.1,3.59,,,,,,452.17,,4.156,0.03,,
MCHPP,Technology,Semiconductors,59.83,,,,,,,,-25.94,7.874,,,11
MNSBP,Financial Services,Banks - Regional,23.5832,,,,,,,2.633,6.65,8.46,9.02,,73
MRT,Technology,Software - Application,2.393,,,,,,,-1.25,,0.316,,,
MSBIP,Financial Services,Banks - Regional,23.58,,,,,,,,-22.76,12.283,,,12
MYNZ,Healthcare,Diagnostics & Research,1.68,,,,,,,-22.36,,0.923,,,
NEGG,Consumer Cyclical,Internet Retail,40.25,,,,,,,-1.18,,67.343,,,
NETD,Financial Services,Shell Companies,11.31,2.0,-2.0,-0.67,-0.5,-4.0,,0.2,,,56.45,,
NETDU,Financial Services,Shell Companies,11.31,,,,,,,,,,,,
NEWTP,Financial Services,Banks - Regional,24.08,,,,,,,,10.54,14.385,,,78
NIPG,Communication Services,Entertainment,1.99,,,,,,,-1.38,,2.429,,,
NIQ,,,16.9,9.25,0.58,-0.09,,,,,,,,,
NMAX,Communication Services,Broadcasting,13.32,-0.2,-2.5,7.06,,,,-0.92,,2.858,,,
NOEMU,Financial Services,Shell Companies,10.62,,,,,,,,-8.97,,,,31
NRSN,Healthcare,Biotechnology,1.1,0.0,0.0,0.0,,,,-0.36,-8.97,,,,31
NTRSO,Financial Services,Asset Management,20.36,,,,,,,7.21,-29.89,40.003,2.86,,10
NTWO,Financial Services,Shell Companies,10.37,0.0,60.22,,,,,0.1,,,103.7,,
NTWOU,Financial Services,Shell Companies,10.49,,,,,,,,,,,,
OAKUU,Financial Services,Shell Companies,11.85,,,,,,,,-8.97,,,,31
OMDA,Healthcare,Health Information Services,23.72,-0.26,0.18,0.77,,,,-0.57,,18.263,,,
ONBPO,Financial Services,Banks - Regional,25.1405,,,,,,,0.891,28.65,5.792,28.31,,87
ONBPP,Financial Services,Banks - Regional,25.1301,,,,,,,0.891,28.65,5.792,28.35,,87
OPTX,Technology,Electronic Components,1.54,-28.62,4.0,,,,,0.0,,0.812,,,
OSRH,Healthcare,Biotechnology,0.5905,53.0,-1.57,0.48,,,,-0.4,,0.011,,,
PACS,Healthcare,Medical Care Facilities,11.23,-5.75,,,,,,0.61,,26.578,18.31,,
PBM,Healthcare,Biotechnology,2.58,,,,,,,41.76,,,0.06,,
PCTTU,Industrials,Pollution & Treatment Controls,17.8,,,,,,,-0.623,1.099999999999999e+16,0.019,,,98
