Ticker,RS,1 Week Ago,1 Month Ago,3 Months Ago,6 Months Ago,9 Months Ago,Rating (RS),Rating (1M),Rating (3M),Rating (6M),Rating (9M),Price,52W pos,MA10,MA30,Volume / VMA10
A,,,,,,,,,,,,,,,,
AA,,,,,,,,,,,,,,,,
AACB,,,,,,,,,,,,,,,,
AACBU,,,,,,,,,,,,10.6,1.0,10.42,10.27,
AACG,,,,,,,,,,,,,,,,
AACI,,,,,,,,,,,,,,,,
AACIU,,,,,,,,,,,,,,,,
AACT,,,,,,,,,,,,,,,,
AAL,,,,,,,,,,,,,,,,
AAM,,,,,,,,,,,,,,,,
AAME,,,,,,,,,,,,2.17,0.6,2.09,1.78,
AAMI,,,,,,,,,,,,,,,,
AAOI,,,,,,,,,,,,,,,,
AAON,,,,,,,,,,,,78.69,0.3,75.29,86.78,
AAP,,,,,,,,,,,,,,,,
AAPG,,,,,,,,,,,,,,,,
AAPL,,,,,,,,,,,,,,,,
AARD,,,,,,,,,,,,,,,,
AAT,,,,,,,,,,,,,,,,
AAUC,,,,,,,,,,,,,,,,
AB,,,,,,,,,,,,,,,,
ABAT,,,,,,,,,,,,,,,,
ABBV,,,,,,,,,,,,,,,,
ABCB,,,,,,,,,,,,,,,,
ABCL,,,,,,,,,,,,,,,,
ABEO,,,,,,,,,,,,,,,,
ABEV,,,,,,,,,,,,2.35,0.56,2.38,2.43,
ABG,,,,,,,,,,,,229.96,0.37,246.72,233.6,
ABL,,,,,,,,,,,,,,,,
ABLV,,,,,,,,,,,,,,,,
ABM,,,,,,,,,,,,,,,,
ABNB,,,,,,,,,,,,,,,,
ABOS,,,,,,,,,,,,1.5,0.09,1.28,1.13,
ABP,,,,,,,,,,,,,,,,
ABR,,,,,,,,,,,,,,,,
ABSI,,,,,,,,,,,,,,,,
ABT,,,,,,,,,,,,,,,,
ABTS,,,,,,,,,,,,,,,,
ABUS,,,,,,,,,,,,,,,,
ABVC,,,,,,,,,,,,,,,,
ABVE,,,,,,,,,,,,,,,,
ABVX,,,,,,,,,,,,,,,,
AC,,,,,,,,,,,,,,,,
ACA,,,,,,,,,,,,,,,,
ACAD,,,,,,,,,,,,,,,,
ACB,,,,,,,,,,,,,,,,
ACCO,,,,,,,,,,,,3.75,0.15,3.7,3.65,
ACCS,,,,,,,,,,,,12.02,0.29,11.84,10.2,
ACDC,,,,,,,,,,,,,,,,
ACEL,,,,,,,,,,,,,,,,
ACET,,,,,,,,,,,,,,,,
ACGL,,,,,,,,,,,,88.35,0.47,89.17,91.77,
ACGLN,,,,,,,,,,,,,,,,
ACGLO,,,,,,,,,,,,,,,,
ACHC,,,,,,,,,,,,,,,,
ACHR,,,,,,,,,,,,,,,,
ACHV,,,,,,,,,,,,,,,,
ACI,,,,,,,,,,,,,,,,
ACIC,,,,,,,,,,,,,,,,
ACIU,,,,,,,,,,,,,,,,
ACIW,,,,,,,,,,,,,,,,
ACLS,,,,,,,,,,,,,,,,
ACLX,,,,,,,,,,,,67.59,0.5,66.42,63.93,
ACM,,,,,,,,,,,,,,,,
ACMR,,,,,,,,,,,,30.08,0.82,27.33,23.76,
ACN,,,,,,,,,,,,,,,,
ACNB,,,,,,,,,,,,43.03,0.77,42.97,41.89,
ACNT,,,,,,,,,,,,,,,,
ACOG,,,,,,,,,,,,,,,,
ACON,,,,,,,,,,,,,,,,
ACR,,,,,,,,,,,,,,,,
ACRE,,,,,,,,,,,,,,,,
ACRS,,,,,,,,,,,,,,,,
ACRV,,,,,,,,,,,,1.35,0.03,1.27,1.33,
ACT,,,,,,,,,,,,34.85,0.77,36.1,35.69,
ACTG,,,,,,,,,,,,3.7,0.3,3.74,3.55,
ACTU,,,,,,,,,,,,,,,,
ACU,,,,,,,,,,,,41.61,0.7,41.4,39.89,
ACVA,,,,,,,,,,,,,,,,
ACXP,,,,,,,,,,,,,,,,
ADAG,,,,,,,,,,,,,,,,
ADAP,,,,,,,,,,,,,,,,
ADBE,,,,,,,,,,,,365.79,0.06,374.24,383.52,
ADC,,,,,,,,,,,,,,,,
ADCT,,,,,,,,,,,,,,,,
ADD,,,,,,,,,,,,,,,,
ADEA,,,,,,,,,,,,,,,,
ADGM,,,,,,,,,,,,,,,,
ADI,,,,,,,,,,,,,,,,
ADIL,,,,,,,,,,,,0.45,0.03,0.35,0.54,
ADM,,,,,,,,,,,,54.39,0.3,54.05,50.06,
ADMA,,,,,,,,,,,,,,,,
ADN,,,,,,,,,,,,1.91,0.0,2.04,2.35,
ADNT,,,,,,,,,,,,21.75,0.34,21.09,16.52,
ADP,,,,,,,,,,,,301.79,0.8,304.67,306.9,
ADPT,,,,,,,,,,,,,,,,
ADSE,,,,,,,,,,,,,,,,
ADSK,,,,,,,,,,,,297.03,0.81,299.28,288.75,
ADT,,,,,,,,,,,,8.45,0.97,8.4,8.21,
ADTN,,,,,,,,,,,,,,,,
ADTX,,,,,,,,,,,,,,,,
ADUR,,,,,,,,,,,,,,,,
ADUS,,,,,,,,,,,,,,,,
ADV,,,,,,,,,,,,1.46,0.1,1.5,1.36,
ADVB,,,,,,,,,,,,0.69,0.0,0.7,1.14,
ADVM,,,,,,,,,,,,2.77,0.04,2.43,2.64,
ADXN,,,,,,,,,,,,,,,,
AEBI,,,,,,,,,,,,,,,,
AEE,,,,,,,,,,,,,,,,
AEG,,,,,,,,,,,,7.07,0.93,7.05,6.82,
AEHL,,,,,,,,,,,,,,,,
AEHR,,,,,,,,,,,,,,,,
AEI,,,,,,,,,,,,,,,,
AEIS,,,,,,,,,,,,,,,,
AEM,,,,,,,,,,,,,,,,
AEMD,,,,,,,,,,,,1.29,0.0,1.31,2.34,
AENT,,,,,,,,,,,,,,,,
AEO,,,,,,,,,,,,,,,,
AEON,,,,,,,,,,,,,,,,
AEP,,,,,,,,,,,,107.4,1.0,104.16,104.11,
AER,,,,,,,,,,,,,,,,
AERT,,,,,,,,,,,,,,,,
AES,,,,,,,,,,,,,,,,
AESI,,,,,,,,,,,,,,,,
AEVA,,,,,,,,,,,,32.23,0.88,30.56,19.35,
AEYE,,,,,,,,,,,,,,,,
AFBI,,,,,,,,,,,,18.65,0.75,18.56,18.34,
AFCG,,,,,,,,,,,,,,,,
AFG,,,,,,,,,,,,,,,,
AFJK,,,,,,,,,,,,11.15,0.95,11.16,11.11,
AFJKU,,,,,,,,,,,,,,,,
AFL,,,,,,,,,,,,,,,,
AFRI,,,,,,,,,,,,7.8,0.02,7.78,7.95,
AFRM,,,,,,,,,,,,68.9,0.82,66.59,55.68,
AFYA,,,,,,,,,,,,,,,,
AG,,,,,,,,,,,,,,,,
AGAE,,,,,,,,,,,,1.84,0.47,2.29,2.02,
AGCO,,,,,,,,,,,,107.02,0.54,106.44,98.98,
AGEN,,,,,,,,,,,,,,,,
AGFY,,,,,,,,,,,,,,,,
AGH,,,,,,,,,,,,,,,,
AGI,,,,,,,,,,,,,,,,
AGIO,,,,,,,,,,,,,,,,
AGL,,,,,,,,,,,,,,,,
AGM,,,,,,,,,,,,,,,,
AGMH,,,,,,,,,,,,2.85,0.01,2.58,2.84,
AGNC,,,,,,,,,,,,9.25,0.86,9.24,8.81,
AGNCL,,,,,,,,,,,,24.79,0.99,24.6,24.29,
AGNCM,,,,,,,,,,,,,,,,
AGNCN,,,,,,,,,,,,,,,,
AGNCO,,,,,,,,,,,,25.43,1.0,25.1,24.71,
AGNCP,,,,,,,,,,,,25.3,1.0,24.81,24.33,
AGO,,,,,,,,,,,,83.39,0.71,85.27,85.35,
AGRI,,,,,,,,,,,,,,,,
AGRO,,,,,,,,,,,,9.5,0.25,9.35,9.55,
AGX,,,,,,,,,,,,,,,,
AGYS,,,,,,,,,,,,,,,,
AHCO,,,,,,,,,,,,,,,,
AHG,,,,,,,,,,,,,,,,
AHH,,,,,,,,,,,,,,,,
AHL,,,,,,,,,,,,,,,,
AHR,,,,,,,,,,,,,,,,
AHT,,,,,,,,,,,,,,,,
AI,,,,,,,,,,,,28.71,0.45,25.72,24.01,
AIFE,,,,,,,,,,,,,,,,
AIFEU,,,,,,,,,,,,,,,,
AIFF,,,,,,,,,,,,,,,,
AIFU,,,,,,,,,,,,,,,,
AIG,,,,,,,,,,,,81.21,0.82,83.18,82.96,
AIHS,,,,,,,,,,,,,,,,
AII,,,,,,,,,,,,,,,,
AIM,,,,,,,,,,,,9.25,0.09,9.06,7.73,
AIMD,,,,,,,,,,,,,,,,
AIN,,,,,,,,,,,,,,,,
AIOT,,,,,,,,,,,,,,,,
AIP,,,,,,,,,,,,,,,,
AIR,,,,,,,,,,,,,,,,
AIRE,,,,,,,,,,,,,,,,
AIRG,,,,,,,,,,,,,,,,
AIRI,,,,,,,,,,,,,,,,
AIRJ,,,,,,,,,,,,,,,,
AIRO,,,,,,,,,,,,,,,,
AIRS,,,,,,,,,,,,,,,,
AIRT,,,,,,,,,,,,,,,,
AISP,,,,,,,,,,,,,,,,
AIT,,,,,,,,,,,,,,,,
AIV,,,,,,,,,,,,,,,,
AIXI,,,,,,,,,,,,,,,,
AIZ,,,,,,,,,,,,,,,,
AJG,,,,,,,,,,,,,,,,
AKA,,,,,,,,,,,,10.9,0.3,10.89,10.67,
AKAM,,,,,,,,,,,,,,,,
AKAN,,,,,,,,,,,,,,,,
AKBA,,,,,,,,,,,,,,,,
AKR,,,,,,,,,,,,18.55,0.48,18.54,19.04,
AKRO,,,,,,,,,,,,,,,,
AKTX,,,,,,,,,,,,,,,,
AL,,,,,,,,,,,,,,,,
ALAB,,,,,,,,,,,,102.13,0.61,94.58,83.8,
ALAR,,,,,,,,,,,,11.92,0.24,12.38,9.26,
ALB,,,,,,,,,,,,,,,,
ALBT,,,,,,,,,,,,,,,,
ALC,,,,,,,,,,,,,,,,
ALCO,,,,,,,,,,,,,,,,
ALCY,,,,,,,,,,,,,,,,
ALCYU,,,,,,,,,,,,,,,,
ALDF,,,,,,,,,,,,10.46,0.92,10.47,10.37,
ALDFU,,,,,,,,,,,,,,,,
ALDX,,,,,,,,,,,,5.39,0.6,4.24,2.99,
ALE,,,,,,,,,,,,,,,,
ALEC,,,,,,,,,,,,1.59,0.09,1.53,1.33,
ALEX,,,,,,,,,,,,,,,,
ALF,,,,,,,,,,,,10.52,0.82,10.54,10.45,
ALFUU,,,,,,,,,,,,,,,,
ALG,,,,,,,,,,,,,,,,
ALGM,,,,,,,,,,,,,,,,
ALGN,,,,,,,,,,,,,,,,
ALGS,,,,,,,,,,,,,,,,
ALGT,,,,,,,,,,,,,,,,
ALHC,,,,,,,,,,,,12.41,0.51,13.43,15.27,
ALIT,,,,,,,,,,,,,,,,
ALK,,,,,,,,,,,,,,,,
ALKS,,,,,,,,,,,,29.22,0.47,29.25,29.53,
ALKT,,,,,,,,,,,,,,,,
ALL,,,,,,,,,,,,,,,,
ALLE,,,,,,,,,,,,152.82,1.0,146.25,140.41,
ALLO,,,,,,,,,,,,,,,,
ALLR,,,,,,,,,,,,,,,,
ALLT,,,,,,,,,,,,8.04,0.8,8.67,7.64,
ALLY,,,,,,,,,,,,,,,,
ALM,,,,,,,,,,,,4.53,0.58,5.93,4.76,
ALMS,,,,,,,,,,,,,,,,
ALMU,,,,,,,,,,,,,,,,
ALNT,,,,,,,,,,,,,,,,
ALNY,,,,,,,,,,,,,,,,
ALOT,,,,,,,,,,,,,,,,
ALRM,,,,,,,,,,,,,,,,
ALRS,,,,,,,,,,,,22.06,0.82,21.98,20.46,
ALSN,,,,,,,,,,,,86.99,0.53,92.38,96.0,
ALT,,,,,,,,,,,,4.08,0.19,4.7,5.21,
ALTG,,,,,,,,,,,,,,,,
ALTI,,,,,,,,,,,,4.41,0.29,4.17,3.64,
ALTO,,,,,,,,,,,,,,,,
ALTS,,,,,,,,,,,,,,,,
ALUR,,,,,,,,,,,,3.14,0.0,2.65,2.59,
ALV,,,,,,,,,,,,,,,,
ALVO,,,,,,,,,,,,,,,,
ALX,,,,,,,,,,,,,,,,
ALXO,,,,,,,,,,,,,,,,
ALZN,,,,,,,,,,,,3.28,0.0,3.07,4.27,
AM,,,,,,,,,,,,,,,,
AMAL,,,,,,,,,,,,,,,,
AMAT,,,,,,,,,,,,,,,,
AMBA,,,,,,,,,,,,,,,,
AMBC,,,,,,,,,,,,,,,,
AMBI,,,,,,,,,,,,4.4,0.17,4.62,4.54,
AMBO,,,,,,,,,,,,,,,,
AMBP,,,,,,,,,,,,4.57,0.93,4.46,3.9,
AMBR,,,,,,,,,,,,,,,,
AMC,,,,,,,,,,,,3.54,0.02,3.18,3.07,
AMCR,,,,,,,,,,,,,,,,
AMCX,,,,,,,,,,,,,,,,
AMD,,,,,,,,,,,,,,,,
AME,,,,,,,,,,,,,,,,
AMED,,,,,,,,,,,,97.46,0.94,97.22,95.22,
AMG,,,,,,,,,,,,,,,,
AMGN,,,,,,,,,,,,,,,,
AMH,,,,,,,,,,,,36.15,0.62,35.98,36.73,
AMIX,,,,,,,,,,,,,,,,
AMKR,,,,,,,,,,,,,,,,
AMLX,,,,,,,,,,,,,,,,
AMN,,,,,,,,,,,,,,,,
AMOD,,,,,,,,,,,,1.23,0.02,1.15,1.23,
AMP,,,,,,,,,,,,544.55,0.9,532.52,505.92,
AMPG,,,,,,,,,,,,,,,,
AMPH,,,,,,,,,,,,,,,,
AMPL,,,,,,,,,,,,,,,,
AMPX,,,,,,,,,,,,8.66,1.0,5.54,3.63,
AMPY,,,,,,,,,,,,,,,,
AMR,,,,,,,,,,,,,,,,
AMRC,,,,,,,,,,,,,,,,
AMRK,,,,,,,,,,,,,,,,
AMRN,,,,,,,,,,,,15.82,0.42,15.55,12.48,
AMRX,,,,,,,,,,,,,,,,
AMRZ,,,,,,,,,,,,,,,,
AMS,,,,,,,,,,,,,,,,
AMSC,,,,,,,,,,,,42.72,1.0,37.73,28.43,
AMSF,,,,,,,,,,,,,,,,
AMST,,,,,,,,,,,,,,,,
AMT,,,,,,,,,,,,,,,,
AMTB,,,,,,,,,,,,19.95,0.37,18.82,17.94,
AMTD,,,,,,,,,,,,1.03,0.01,1.04,1.03,
AMTM,,,,,,,,,,,,25.24,0.49,23.68,21.9,
AMTX,,,,,,,,,,,,,,,,
AMWD,,,,,,,,,,,,52.45,0.03,53.98,56.24,
AMWL,,,,,,,,,,,,,,,,
AMX,,,,,,,,,,,,,,,,
AMZE,,,,,,,,,,,,,,,,
AMZN,,,,,,,,,,,,,,,,
AN,,,,,,,,,,,,,,,,
ANAB,,,,,,,,,,,,,,,,
ANDE,,,,,,,,,,,,,,,,
ANEB,,,,,,,,,,,,,,,,
ANET,,,,,,,,,,,,,,,,
ANF,,,,,,,,,,,,,,,,
ANGH,,,,,,,,,,,,,,,,
ANGI,,,,,,,,,,,,,,,,
ANGO,,,,,,,,,,,,,,,,
ANIK,,,,,,,,,,,,,,,,
ANIP,,,,,,,,,,,,,,,,
ANIX,,,,,,,,,,,,3.44,0.45,3.28,2.91,
ANL,,,,,,,,,,,,1.5,0.0,1.53,1.72,
ANNA,,,,,,,,,,,,,,,,
ANNX,,,,,,,,,,,,2.32,0.14,2.52,2.15,
ANPA,,,,,,,,,,,,7.81,1.0,5.66,5.66,
ANRO,,,,,,,,,,,,,,,,
ANSC,,,,,,,,,,,,,,,,
ANSCU,,,,,,,,,,,,10.77,0.97,10.77,10.76,
ANSS,,,,,,,,,,,,,,,,
ANTA,,,,,,,,,,,,,,,,
ANTE,,,,,,,,,,,,1.06,0.37,0.82,0.76,
ANTX,,,,,,,,,,,,,,,,
ANVS,,,,,,,,,,,,,,,,
ANY,,,,,,,,,,,,,,,,
AOMR,,,,,,,,,,,,,,,,
AON,,,,,,,,,,,,,,,,
AORT,,,,,,,,,,,,,,,,
AOS,,,,,,,,,,,,,,,,
AOSL,,,,,,,,,,,,,,,,
AOUT,,,,,,,,,,,,,,,,
AP,,,,,,,,,,,,,,,,
APA,,,,,,,,,,,,,,,,
APAM,,,,,,,,,,,,46.35,0.97,45.4,41.26,
APD,,,,,,,,,,,,,,,,
APDN,,,,,,,,,,,,5.04,0.0,4.99,8.4,
APEI,,,,,,,,,,,,,,,,
APG,,,,,,,,,,,,34.77,1.0,34.32,30.47,
APGE,,,,,,,,,,,,39.31,0.45,42.05,39.44,
APH,,,,,,,,,,,,,,,,
API,,,,,,,,,,,,,,,,
APLD,,,,,,,,,,,,,,,,
APLE,,,,,,,,,,,,,,,,
APLM,,,,,,,,,,,,,,,,
APLS,,,,,,,,,,,,,,,,
APLT,,,,,,,,,,,,0.46,0.01,0.37,0.39,
APM,,,,,,,,,,,,,,,,
APO,,,,,,,,,,,,152.0,0.75,144.22,136.21,
APOG,,,,,,,,,,,,41.97,0.09,41.66,40.93,
APP,,,,,,,,,,,,,,,,
APPF,,,,,,,,,,,,,,,,
APPN,,,,,,,,,,,,,,,,
APPS,,,,,,,,,,,,5.37,0.43,5.59,4.56,
APRE,,,,,,,,,,,,,,,,
APT,,,,,,,,,,,,,,,,
APTV,,,,,,,,,,,,68.2,0.33,69.17,63.83,
APUS,,,,,,,,,,,,,,,,
APVO,,,,,,,,,,,,,,,,
APWC,,,,,,,,,,,,,,,,
APYX,,,,,,,,,,,,,,,,
AQB,,,,,,,,,,,,,,,,
AQMS,,,,,,,,,,,,,,,,
AQN,,,,,,,,,,,,,,,,
AQST,,,,,,,,,,,,,,,,
AR,,,,,,,,,,,,36.31,0.67,38.9,37.92,
ARAI,,,,,,,,,,,,9.25,0.56,9.67,8.42,
ARAY,,,,,,,,,,,,1.34,0.04,1.34,1.42,
ARBB,,,,,,,,,,,,,,,,
ARBE,,,,,,,,,,,,1.51,0.2,1.62,1.52,
ARBK,,,,,,,,,,,,,,,,
ARCB,,,,,,,,,,,,78.54,0.22,77.63,67.68,
ARCC,,,,,,,,,,,,,,,,
ARCO,,,,,,,,,,,,,,,,
ARCT,,,,,,,,,,,,,,,,
ARDT,,,,,,,,,,,,,,,,
ARDX,,,,,,,,,,,,4.41,0.17,4.08,4.1,
ARE,,,,,,,,,,,,78.17,0.22,75.08,72.99,
AREB,,,,,,,,,,,,,,,,
AREC,,,,,,,,,,,,,,,,
AREN,,,,,,,,,,,,,,,,
ARES,,,,,,,,,,,,,,,,
ARGX,,,,,,,,,,,,,,,,
ARHS,,,,,,,,,,,,,,,,
ARI,,,,,,,,,,,,,,,,
ARIS,,,,,,,,,,,,,,,,
ARKO,,,,,,,,,,,,,,,,
ARKR,,,,,,,,,,,,8.99,0.07,9.11,9.76,
ARL,,,,,,,,,,,,,,,,
ARLO,,,,,,,,,,,,,,,,
ARLP,,,,,,,,,,,,,,,,
ARM,,,,,,,,,,,,,,,,
ARMK,,,,,,,,,,,,,,,,
ARMN,,,,,,,,,,,,,,,,
ARMP,,,,,,,,,,,,,,,,
AROC,,,,,,,,,,,,,,,,
AROW,,,,,,,,,,,,26.75,0.64,26.73,25.69,
ARQ,,,,,,,,,,,,,,,,
ARQQ,,,,,,,,,,,,42.36,0.99,38.54,25.67,
ARQT,,,,,,,,,,,,,,,,
ARR,,,,,,,,,,,,,,,,
ARRY,,,,,,,,,,,,,,,,
ARTL,,,,,,,,,,,,14.95,0.53,12.29,8.14,
ARTNA,,,,,,,,,,,,,,,,
ARTV,,,,,,,,,,,,2.39,0.06,1.82,2.02,
ARTW,,,,,,,,,,,,,,,,
ARVN,,,,,,,,,,,,,,,,
ARW,,,,,,,,,,,,,,,,
ARWR,,,,,,,,,,,,,,,,
AS,,,,,,,,,,,,38.47,0.97,38.25,32.72,
ASAN,,,,,,,,,,,,15.01,0.28,13.86,15.4,
ASB,,,,,,,,,,,,,,,,
ASBP,,,,,,,,,,,,0.36,0.01,0.31,0.37,
ASC,,,,,,,,,,,,,,,,
ASGN,,,,,,,,,,,,48.41,0.0,49.72,52.92,
ASH,,,,,,,,,,,,,,,,
ASIC,,,,,,,,,,,,,,,,
ASIX,,,,,,,,,,,,,,,,
ASLE,,,,,,,,,,,,,,,,
ASM,,,,,,,,,,,,3.68,0.86,3.66,3.02,
ASMB,,,,,,,,,,,,,,,,
ASML,,,,,,,,,,,,734.58,0.32,776.7,732.63,
ASND,,,,,,,,,,,,169.9,0.92,173.63,166.53,
ASNS,,,,,,,,,,,,,,,,
ASO,,,,,,,,,,,,54.12,0.47,48.48,43.07,
ASPC,,,,,,,,,,,,10.26,0.97,10.26,10.2,0.2
ASPCU,,,,,,,,,,,,,,,,
ASPI,,,,,,,,,,,,,,,,
ASPN,,,,,,,,,,,,,,,,
ASPS,,,,,,,,,,,,15.04,0.23,11.36,8.4,
ASR,,,,,,,,,,,,312.0,0.77,310.46,315.07,
ASRT,,,,,,,,,,,,,,,,
ASRV,,,,,,,,,,,,,,,,
ASST,,,,,,,,,,,,,,,,
ASTC,,,,,,,,,,,,,,,,
ASTE,,,,,,,,,,,,,,,,
ASTH,,,,,,,,,,,,22.65,0.0,24.31,27.07,
ASTI,,,,,,,,,,,,,,,,
ASTL,,,,,,,,,,,,,,,,
ASTS,,,,,,,,,,,,57.98,1.0,48.89,34.03,
ASUR,,,,,,,,,,,,,,,,
ASX,,,,,,,,,,,,,,,,
ASYS,,,,,,,,,,,,4.51,0.14,4.5,4.0,
ATAI,,,,,,,,,,,,3.23,1.0,2.66,2.06,
ATAT,,,,,,,,,,,,,,,,
ATCH,,,,,,,,,,,,,,,,
ATEC,,,,,,,,,,,,,,,,
ATEN,,,,,,,,,,,,,,,,
ATER,,,,,,,,,,,,,,,,
ATEX,,,,,,,,,,,,22.84,0.0,25.06,27.68,
ATGE,,,,,,,,,,,,117.08,0.8,122.34,121.53,
ATGL,,,,,,,,,,,,,,,,
ATHA,,,,,,,,,,,,,,,,
ATHE,,,,,,,,,,,,,,,,
ATHM,,,,,,,,,,,,,,,,
ATHR,,,,,,,,,,,,13.06,0.7,12.88,11.63,
ATI,,,,,,,,,,,,93.41,1.0,87.77,74.85,
ATII,,,,,,,,,,,,10.21,0.92,10.22,10.12,
ATIIU,,,,,,,,,,,,,,,,
ATKR,,,,,,,,,,,,,,,,
ATLC,,,,,,,,,,,,,,,,
ATLN,,,,,,,,,,,,1.8,0.03,2.07,2.74,
ATLO,,,,,,,,,,,,,,,,
ATLX,,,,,,,,,,,,,,,,
ATMC,,,,,,,,,,,,,,,,
ATMCU,,,,,,,,,,,,,,,,
ATMU,,,,,,,,,,,,37.68,0.74,36.82,35.95,
ATMV,,,,,,,,,,,,11.9,1.0,11.83,11.75,
ATMVU,,,,,,,,,,,,,,,,
ATNF,,,,,,,,,,,,,,,,
ATNI,,,,,,,,,,,,17.59,0.17,16.83,16.0,
ATNM,,,,,,,,,,,,,,,,
ATO,,,,,,,,,,,,156.66,0.93,153.84,155.04,
ATOM,,,,,,,,,,,,,,,,
ATOS,,,,,,,,,,,,,,,,
ATPC,,,,,,,,,,,,,,,,
ATR,,,,,,,,,,,,156.38,0.68,156.29,153.19,
ATRA,,,,,,,,,,,,,,,,
ATRC,,,,,,,,,,,,,,,,
ATRO,,,,,,,,,,,,,,,,
ATS,,,,,,,,,,,,,,,,
ATUS,,,,,,,,,,,,,,,,
ATXG,,,,,,,,,,,,,,,,
ATXS,,,,,,,,,,,,,,,,
ATYR,,,,,,,,,,,,,,,,
AU,,,,,,,,,,,,47.66,0.91,46.67,44.56,
AUB,,,,,,,,,,,,33.22,0.53,32.21,29.58,
AUBN,,,,,,,,,,,,,,,,
AUDC,,,,,,,,,,,,,,,,
AUGO,,,,,,,,,,,,,,,,
AUID,,,,,,,,,,,,,,,,
AUNA,,,,,,,,,,,,6.35,0.03,6.32,6.59,
AUPH,,,,,,,,,,,,,,,,
AUR,,,,,,,,,,,,,,,,
AURA,,,,,,,,,,,,,,,,
AUST,,,,,,,,,,,,,,,,
AUTL,,,,,,,,,,,,,,,,
AUUD,,,,,,,,,,,,,,,,
AVA,,,,,,,,,,,,,,,,
AVAH,,,,,,,,,,,,3.96,0.58,4.48,4.89,
AVAL,,,,,,,,,,,,,,,,
AVAV,,,,,,,,,,,,274.03,0.98,250.36,194.45,
AVB,,,,,,,,,,,,,,,,
AVBP,,,,,,,,,,,,22.05,0.35,22.52,21.26,
AVD,,,,,,,,,,,,,,,,
AVDL,,,,,,,,,,,,10.83,0.34,9.55,9.12,
AVDX,,,,,,,,,,,,,,,,
AVGO,,,,,,,,,,,,,,,,
AVIR,,,,,,,,,,,,,,,,
AVNS,,,,,,,,,,,,11.22,0.0,11.97,12.31,
AVNT,,,,,,,,,,,,,,,,
AVNW,,,,,,,,,,,,,,,,
AVO,,,,,,,,,,,,,,,,
AVPT,,,,,,,,,,,,18.78,0.94,18.53,17.87,
AVR,,,,,,,,,,,,,,,,
AVT,,,,,,,,,,,,,,,,
AVTR,,,,,,,,,,,,,,,,
AVTX,,,,,,,,,,,,,,,,
AVXL,,,,,,,,,,,,10.98,0.85,10.29,9.06,
AVY,,,,,,,,,,,,,,,,
AWI,,,,,,,,,,,,,,,,
AWK,,,,,,,,,,,,,,,,
AWR,,,,,,,,,,,,,,,,
AWRE,,,,,,,,,,,,,,,,
AWX,,,,,,,,,,,,,,,,
AX,,,,,,,,,,,,,,,,
AXGN,,,,,,,,,,,,11.28,0.46,10.87,12.34,
AXIL,,,,,,,,,,,,,,,,
AXL,,,,,,,,,,,,,,,,
AXON,,,,,,,,,,,,,,,,
AXP,,,,,,,,,,,,,,,,
AXR,,,,,,,,,,,,,,,,
AXS,,,,,,,,,,,,97.11,0.82,99.64,99.9,
AXSM,,,,,,,,,,,,,,,,
AXTA,,,,,,,,,,,,,,,,
AXTI,,,,,,,,,,,,2.44,0.34,2.13,1.7,
AYI,,,,,,,,,,,,292.66,0.76,294.44,267.99,
AYRO,,,,,,,,,,,,,,,,
AYTU,,,,,,,,,,,,,,,,
AZ,,,,,,,,,,,,,,,,
AZI,,,,,,,,,,,,0.26,0.02,0.27,0.62,
AZN,,,,,,,,,,,,,,,,
AZO,,,,,,,,,,,,3713.93,0.92,3690.73,3696.92,
AZTA,,,,,,,,,,,,31.16,0.14,31.62,28.74,
AZTR,,,,,,,,,,,,0.23,0.0,0.24,0.27,
AZZ,,,,,,,,,,,,,,,,
B,,,,,,,,,,,,,,,,
BA,,,,,,,,,,,,,,,,
BABA,,,,,,,,,,,,,,,,
BAC,,,,,,,,,,,,47.32,0.94,47.12,43.36,
BACCU,,,,,,,,,,,,10.06,0.42,10.06,10.05,
BACQ,,,,,,,,,,,,,,,,
BACQU,,,,,,,,,,,,,,,,
BAER,,,,,,,,,,,,,,,,
BAFN,,,,,,,,,,,,,,,,
BAH,,,,,,,,,,,,,,,,
BAK,,,,,,,,,,,,,,,,
BALL,,,,,,,,,,,,57.85,0.57,57.51,53.52,
BALY,,,,,,,,,,,,,,,,
BAM,,,,,,,,,,,,,,,,
BANC,,,,,,,,,,,,,,,,
BAND,,,,,,,,,,,,,,,,
BANF,,,,,,,,,,,,135.3,1.0,127.74,121.81,
BANL,,,,,,,,,,,,,,,,
BANR,,,,,,,,,,,,,,,,
BANX,,,,,,,,,,,,,,,,
BAOS,,,,,,,,,,,,2.8,0.19,2.77,2.49,
BAP,,,,,,,,,,,,,,,,
BARK,,,,,,,,,,,,,,,,
BASE,,,,,,,,,,,,24.31,0.71,24.38,19.86,
BATL,,,,,,,,,,,,,,,,
BATRA,,,,,,,,,,,,,,,,
BATRK,,,,,,,,,,,,,,,,
BAX,,,,,,,,,,,,27.77,0.0,29.57,29.88,
BAYA,,,,,,,,,,,,,,,,
BAYAU,,,,,,,,,,,,,,,,
BB,,,,,,,,,,,,,,,,
BBAI,,,,,,,,,,,,,,,,
BBAR,,,,,,,,,,,,,,,,
BBCP,,,,,,,,,,,,6.84,0.57,6.45,6.46,
BBD,,,,,,,,,,,,2.81,0.77,2.97,2.74,
BBDC,,,,,,,,,,,,,,,,
BBDO,,,,,,,,,,,,2.43,0.69,2.58,2.42,
BBGI,,,,,,,,,,,,,,,,
BBIO,,,,,,,,,,,,46.51,1.0,44.71,38.68,
BBLG,,,,,,,,,,,,,,,,
BBNX,,,,,,,,,,,,13.59,0.26,14.55,14.38,
BBSI,,,,,,,,,,,,43.63,1.0,42.52,41.6,
BBU,,,,,,,,,,,,,,,,
BBUC,,,,,,,,,,,,,,,,
BBVA,,,,,,,,,,,,,,,,
BBW,,,,,,,,,,,,52.66,0.96,52.57,45.04,
BBWI,,,,,,,,,,,,,,,,
BBY,,,,,,,,,,,,67.55,0.21,69.25,67.77,
BC,,,,,,,,,,,,59.67,0.32,58.14,52.25,
BCAB,,,,,,,,,,,,,,,,
BCAL,,,,,,,,,,,,16.36,0.73,15.85,14.74,
BCAX,,,,,,,,,,,,10.93,0.13,9.54,11.2,
BCBP,,,,,,,,,,,,,,,,
BCC,,,,,,,,,,,,,,,,
BCDA,,,,,,,,,,,,2.23,0.01,2.19,2.22,
BCE,,,,,,,,,,,,23.68,0.16,22.71,21.94,
BCG,,,,,,,,,,,,,,,,
BCH,,,,,,,,,,,,28.4,0.81,29.27,29.65,
BCLI,,,,,,,,,,,,,,,,
BCML,,,,,,,,,,,,,,,,
BCO,,,,,,,,,,,,,,,,
BCPC,,,,,,,,,,,,,,,,
BCRX,,,,,,,,,,,,8.61,0.65,9.15,9.35,
BCS,,,,,,,,,,,,18.88,1.0,18.35,17.17,
BCSF,,,,,,,,,,,,,,,,
BCTX,,,,,,,,,,,,,,,,
BCYC,,,,,,,,,,,,,,,,
BDC,,,,,,,,,,,,,,,,
BDL,,,,,,,,,,,,,,,,
BDMD,,,,,,,,,,,,,,,,
BDN,,,,,,,,,,,,,,,,
BDRX,,,,,,,,,,,,,,,,
BDSX,,,,,,,,,,,,,,,,
BDTX,,,,,,,,,,,,3.13,0.31,2.65,2.14,
BDX,,,,,,,,,,,,,,,,
BE,,,,,,,,,,,,,,,,
BEAG,,,,,,,,,,,,,,,,
BEAGU,,,,,,,,,,,,10.69,0.7,10.69,10.65,
BEAM,,,,,,,,,,,,,,,,
BEAT,,,,,,,,,,,,,,,,
BEDU,,,,,,,,,,,,,,,,
BEEM,,,,,,,,,,,,2.56,0.11,1.77,1.64,
BEEP,,,,,,,,,,,,,,,,
BEKE,,,,,,,,,,,,,,,,
BELFA,,,,,,,,,,,,91.0,0.79,89.02,74.31,
BELFB,,,,,,,,,,,,,,,,
BEN,,,,,,,,,,,,24.6,0.76,24.06,21.49,
BENF,,,,,,,,,,,,,,,,
BEP,,,,,,,,,,,,,,,,
BEPC,,,,,,,,,,,,,,,,
BETR,,,,,,,,,,,,13.19,0.0,13.04,13.2,
BFAM,,,,,,,,,,,,114.88,0.62,119.09,122.22,
BFC,,,,,,,,,,,,,,,,
BFH,,,,,,,,,,,,61.16,0.91,58.75,52.66,
BFIN,,,,,,,,,,,,11.81,0.68,11.68,11.84,
BFLY,,,,,,,,,,,,1.87,0.28,1.93,2.21,
BFRG,,,,,,,,,,,,1.51,0.04,1.56,1.71,
BFRI,,,,,,,,,,,,0.88,0.03,0.73,0.71,
BFS,,,,,,,,,,,,,,,,
BFST,,,,,,,,,,,,,,,,
BG,,,,,,,,,,,,74.42,0.14,79.08,78.48,
BGC,,,,,,,,,,,,,,,,
BGFV,,,,,,,,,,,,,,,,
BGI,,,,,,,,,,,,,,,,
BGL,,,,,,,,,,,,,,,,
BGLC,,,,,,,,,,,,,,,,
BGM,,,,,,,,,,,,,,,,
BGS,,,,,,,,,,,,4.07,0.03,4.23,4.74,
BGSF,,,,,,,,,,,,6.55,0.47,6.5,4.68,
BH,,,,,,,,,,,,,,,,
BHAT,,,,,,,,,,,,,,,,
BHB,,,,,,,,,,,,,,,,
BHC,,,,,,,,,,,,6.31,0.32,6.49,5.45,
BHE,,,,,,,,,,,,,,,,
BHF,,,,,,,,,,,,,,,,
BHFAM,,,,,,,,,,,,11.76,0.03,13.12,13.74,
BHFAN,,,,,,,,,,,,,,,,
BHFAO,,,,,,,,,,,,17.75,0.01,19.24,19.41,
BHFAP,,,,,,,,,,,,,,,,
BHLB,,,,,,,,,,,,,,,,
BHM,,,,,,,,,,,,14.09,0.49,12.97,11.4,
BHP,,,,,,,,,,,,,,,,
BHR,,,,,,,,,,,,,,,,
BHRB,,,,,,,,,,,,64.31,0.84,61.56,56.88,
BHST,,,,,,,,,,,,,,,,
BHVN,,,,,,,,,,,,,,,,
BIAF,,,,,,,,,,,,,,,,
BIDU,,,,,,,,,,,,87.81,0.13,86.17,86.04,
BIGC,,,,,,,,,,,,4.95,0.02,4.96,5.07,
BIIB,,,,,,,,,,,,,,,,
BILI,,,,,,,,,,,,25.2,0.87,21.74,19.31,
BILL,,,,,,,,,,,,45.86,0.07,45.61,44.46,
BIO,,,,,,,,,,,,,,,,
BIOA,,,,,,,,,,,,,,,,
BIOX,,,,,,,,,,,,,,,,
BIP,,,,,,,,,,,,32.4,0.81,32.99,31.86,
BIPC,,,,,,,,,,,,,,,,
BIRD,,,,,,,,,,,,,,,,
BIRK,,,,,,,,,,,,,,,,
BITF,,,,,,,,,,,,1.04,0.1,0.93,0.95,
BIVI,,,,,,,,,,,,,,,,
BIYA,,,,,,,,,,,,,,,,
BJ,,,,,,,,,,,,104.71,0.75,109.06,112.86,
BJDX,,,,,,,,,,,,,,,,
BJRI,,,,,,,,,,,,,,,,
BK,,,,,,,,,,,,,,,,
BKD,,,,,,,,,,,,,,,,
BKE,,,,,,,,,,,,,,,,
BKH,,,,,,,,,,,,,,,,
BKHA,,,,,,,,,,,,,,,,
BKHAU,,,,,,,,,,,,,,,,
BKKT,,,,,,,,,,,,,,,,
BKNG,,,,,,,,,,,,,,,,
BKR,,,,,,,,,,,,,,,,
BKSY,,,,,,,,,,,,,,,,
BKTI,,,,,,,,,,,,40.99,0.71,46.71,44.75,
BKU,,,,,,,,,,,,37.99,0.83,36.31,34.25,
BKV,,,,,,,,,,,,,,,,
BKYI,,,,,,,,,,,,,,,,
BL,,,,,,,,,,,,56.56,0.54,55.89,52.95,
BLBD,,,,,,,,,,,,,,,,
BLBX,,,,,,,,,,,,7.74,0.89,7.0,4.83,
BLCO,,,,,,,,,,,,,,,,
BLD,,,,,,,,,,,,,,,,
BLDE,,,,,,,,,,,,,,,,
BLDP,,,,,,,,,,,,,,,,
BLDR,,,,,,,,,,,,,,,,
BLFS,,,,,,,,,,,,20.83,0.62,21.67,22.58,
BLFY,,,,,,,,,,,,9.11,0.39,9.38,9.3,
BLIN,,,,,,,,,,,,,,,,
BLIV,,,,,,,,,,,,,,,,
BLK,,,,,,,,,,,,,,,,
BLKB,,,,,,,,,,,,64.08,0.13,63.81,62.86,
BLMN,,,,,,,,,,,,,,,,
BLMZ,,,,,,,,,,,,,,,,
BLND,,,,,,,,,,,,3.37,0.53,3.37,3.39,
BLNE,,,,,,,,,,,,,,,,
BLNK,,,,,,,,,,,,1.05,0.07,0.97,0.84,
BLRX,,,,,,,,,,,,,,,,
BLTE,,,,,,,,,,,,,,,,
BLUWU,,,,,,,,,,,,10.03,1.0,10.01,10.01,
BLX,,,,,,,,,,,,,,,,
BLZE,,,,,,,,,,,,,,,,
BMA,,,,,,,,,,,,,,,,
BMBL,,,,,,,,,,,,7.14,0.22,6.36,5.49,
BMEA,,,,,,,,,,,,,,,,
BMGL,,,,,,,,,,,,,,,,
BMHL,,,,,,,,,,,,,,,,
BMI,,,,,,,,,,,,,,,,
BMNR,,,,,,,,,,,,,,,,
BMO,,,,,,,,,,,,,,,,
BMR,,,,,,,,,,,,,,,,
BMRA,,,,,,,,,,,,,,,,
BMRC,,,,,,,,,,,,,,,,
BMRN,,,,,,,,,,,,,,,,
BMY,,,,,,,,,,,,,,,,
BN,,,,,,,,,,,,67.27,1.0,63.05,57.96,
BNAI,,,,,,,,,,,,0.31,0.0,0.34,0.35,
BNED,,,,,,,,,,,,11.23,0.03,11.32,10.82,
BNGO,,,,,,,,,,,,,,,,
BNL,,,,,,,,,,,,15.77,0.65,15.94,15.75,
BNR,,,,,,,,,,,,,,,,
BNRG,,,,,,,,,,,,,,,,
BNS,,,,,,,,,,,,,,,,
BNT,,,,,,,,,,,,,,,,
BNTC,,,,,,,,,,,,,,,,
BNTX,,,,,,,,,,,,,,,,
BNZI,,,,,,,,,,,,3.88,0.0,5.36,8.15,
BOC,,,,,,,,,,,,13.55,0.14,13.98,14.44,
BODI,,,,,,,,,,,,4.01,0.02,3.97,4.05,
BOF,,,,,,,,,,,,,,,,
BOH,,,,,,,,,,,,,,,,
BOKF,,,,,,,,,,,,,,,,
BOLD,,,,,,,,,,,,,,,,
BOLT,,,,,,,,,,,,,,,,
BON,,,,,,,,,,,,,,,,
BOOM,,,,,,,,,,,,,,,,
BOOT,,,,,,,,,,,,170.59,1.0,165.06,142.96,
BORR,,,,,,,,,,,,,,,,
BOSC,,,,,,,,,,,,,,,,
BOTJ,,,,,,,,,,,,,,,,
BOW,,,,,,,,,,,,,,,,
BOWN,,,,,,,,,,,,,,,,
BOWNU,,,,,,,,,,,,,,,,
BOX,,,,,,,,,,,,,,,,
BOXL,,,,,,,,,,,,,,,,
BP,,,,,,,,,,,,,,,,
BPMC,,,,,,,,,,,,,,,,
BPOP,,,,,,,,,,,,,,,,
BPRN,,,,,,,,,,,,,,,,
BPYPO,,,,,,,,,,,,14.45,0.8,14.89,14.35,
BPYPP,,,,,,,,,,,,,,,,
BQ,,,,,,,,,,,,2.79,0.02,2.67,2.29,
BR,,,,,,,,,,,,,,,,
BRAG,,,,,,,,,,,,,,,,
BRBR,,,,,,,,,,,,,,,,
BRBS,,,,,,,,,,,,,,,,
BRC,,,,,,,,,,,,69.02,0.75,68.47,69.15,
BRCC,,,,,,,,,,,,,,,,
BRDG,,,,,,,,,,,,10.72,0.91,10.19,9.6,
BREA,,,,,,,,,,,,,,,,
BRFH,,,,,,,,,,,,,,,,
BRFS,,,,,,,,,,,,,,,,
BRIA,,,,,,,,,,,,2.35,0.23,2.42,2.42,
BRID,,,,,,,,,,,,,,,,
BRKL,,,,,,,,,,,,,,,,
BRKR,,,,,,,,,,,,40.55,0.09,41.32,38.97,
BRLS,,,,,,,,,,,,,,,,
BRLT,,,,,,,,,,,,1.46,0.04,1.43,1.44,
BRN,,,,,,,,,,,,,,,,
BRNS,,,,,,,,,,,,,,,,
BRO,,,,,,,,,,,,,,,,
BROS,,,,,,,,,,,,,,,,
BRSL,,,,,,,,,,,,14.43,0.18,13.91,13.34,
BRSP,,,,,,,,,,,,4.92,0.35,5.03,4.9,
BRT,,,,,,,,,,,,,,,,
BRTX,,,,,,,,,,,,1.57,0.24,1.59,1.69,
BRX,,,,,,,,,,,,25.55,0.67,25.72,25.35,
BRY,,,,,,,,,,,,,,,,
BRZE,,,,,,,,,,,,,,,,
BSAAU,,,,,,,,,,,,10.07,1.0,10.05,10.04,
BSAC,,,,,,,,,,,,,,,,
BSBK,,,,,,,,,,,,,,,,
BSBR,,,,,,,,,,,,,,,,
BSET,,,,,,,,,,,,,,,,
BSGM,,,,,,,,,,,,,,,,
BSLK,,,,,,,,,,,,,,,,
BSM,,,,,,,,,,,,12.18,0.0,12.98,13.49,
BSRR,,,,,,,,,,,,,,,,
BSVN,,,,,,,,,,,,,,,,
BSX,,,,,,,,,,,,,,,,
BSY,,,,,,,,,,,,,,,,
BTAI,,,,,,,,,,,,,,,,
BTBD,,,,,,,,,,,,,,,,
BTBT,,,,,,,,,,,,,,,,
BTCM,,,,,,,,,,,,4.06,0.54,2.86,2.16,
BTCS,,,,,,,,,,,,6.57,1.0,3.6,2.71,
BTCT,,,,,,,,,,,,3.36,0.11,3.4,3.59,
BTDR,,,,,,,,,,,,,,,,
BTE,,,,,,,,,,,,,,,,
BTG,,,,,,,,,,,,,,,,
BTI,,,,,,,,,,,,51.59,1.0,49.12,45.28,
BTM,,,,,,,,,,,,,,,,
BTMD,,,,,,,,,,,,,,,,
BTOC,,,,,,,,,,,,,,,,
BTOG,,,,,,,,,,,,0.78,0.07,0.34,0.22,
BTSG,,,,,,,,,,,,19.94,0.72,21.64,21.28,
BTSGU,,,,,,,,,,,,,,,,
BTU,,,,,,,,,,,,,,,,
BUD,,,,,,,,,,,,,,,,
BULL,,,,,,,,,,,,16.89,0.41,13.02,14.14,
BUR,,,,,,,,,,,,,,,,
BURL,,,,,,,,,,,,,,,,
BURU,,,,,,,,,,,,0.3,0.01,0.32,0.25,
BUSE,,,,,,,,,,,,,,,,
BUSEP,,,,,,,,,,,,,,,,
BV,,,,,,,,,,,,,,,,
BVFL,,,,,,,,,,,,15.76,0.76,15.36,15.22,
BVN,,,,,,,,,,,,,,,,
BVS,,,,,,,,,,,,,,,,
BW,,,,,,,,,,,,,,,,
BWA,,,,,,,,,,,,,,,,
BWAY,,,,,,,,,,,,,,,,
BWB,,,,,,,,,,,,,,,,
BWBBP,,,,,,,,,,,,,,,,
BWEN,,,,,,,,,,,,,,,,
BWFG,,,,,,,,,,,,37.88,1.0,36.99,34.44,
BWIN,,,,,,,,,,,,,,,,
BWLP,,,,,,,,,,,,,,,,
BWMN,,,,,,,,,,,,,,,,
BWMX,,,,,,,,,,,,,,,,
BWXT,,,,,,,,,,,,,,,,
BX,,,,,,,,,,,,168.72,0.75,154.93,142.44,
BXC,,,,,,,,,,,,,,,,
BXMT,,,,,,,,,,,,19.24,0.86,19.33,18.68,
BXP,,,,,,,,,,,,68.95,0.56,69.13,66.78,
BXSL,,,,,,,,,,,,,,,,
BY,,,,,,,,,,,,,,,,
BYD,,,,,,,,,,,,,,,,
BYFC,,,,,,,,,,,,,,,,
BYND,,,,,,,,,,,,,,,,
BYON,,,,,,,,,,,,,,,,
BYRN,,,,,,,,,,,,21.74,0.63,27.96,25.67,
BYSI,,,,,,,,,,,,,,,,
BZ,,,,,,,,,,,,,,,,
BZAI,,,,,,,,,,,,,,,,
BZFD,,,,,,,,,,,,,,,,
BZH,,,,,,,,,,,,,,,,
BZUN,,,,,,,,,,,,3.09,0.34,2.68,2.77,
C,,,,,,,,,,,,93.45,1.0,86.35,76.21,
CAAP,,,,,,,,,,,,19.8,0.84,20.01,19.92,
CAAS,,,,,,,,,,,,,,,,
CABA,,,,,,,,,,,,1.67,0.02,1.68,1.64,
CABO,,,,,,,,,,,,,,,,
CAC,,,,,,,,,,,,42.27,0.81,41.18,39.45,
CACC,,,,,,,,,,,,498.79,0.53,509.9,495.01,
CACI,,,,,,,,,,,,,,,,
CADE,,,,,,,,,,,,34.89,0.84,33.42,30.84,
CADL,,,,,,,,,,,,,,,,
CAE,,,,,,,,,,,,29.1,0.96,28.37,26.25,
CAEP,,,,,,,,,,,,,,,,
CAG,,,,,,,,,,,,,,,,
CAH,,,,,,,,,,,,,,,,
CAI,,,,,,,,,,,,,,,,
CAKE,,,,,,,,,,,,62.68,0.92,63.08,55.8,
CAL,,,,,,,,,,,,,,,,
CALC,,,,,,,,,,,,,,,,
CALM,,,,,,,,,,,,105.94,0.97,102.12,96.78,
CALX,,,,,,,,,,,,53.67,0.99,51.38,45.53,
CAMP,,,,,,,,,,,,,,,,
CAMT,,,,,,,,,,,,,,,,
CAN,,,,,,,,,,,,,,,,
CANF,,,,,,,,,,,,1.04,0.01,1.04,1.11,
CANG,,,,,,,,,,,,,,,,
CAPL,,,,,,,,,,,,,,,,
CAPN,,,,,,,,,,,,10.33,1.0,10.31,10.26,
CAPNU,,,,,,,,,,,,,,,,
CAPR,,,,,,,,,,,,,,,,
CAPS,,,,,,,,,,,,,,,,
CAPT,,,,,,,,,,,,,,,,
CAR,,,,,,,,,,,,,,,,
CARE,,,,,,,,,,,,,,,,
CARG,,,,,,,,,,,,33.16,0.71,33.3,31.04,
CARM,,,,,,,,,,,,0.39,0.03,0.41,0.29,
CARR,,,,,,,,,,,,,,,,
CARS,,,,,,,,,,,,12.87,0.23,12.14,11.29,
CART,,,,,,,,,,,,,,,,
CARV,,,,,,,,,,,,,,,,
CASH,,,,,,,,,,,,80.93,0.91,79.96,77.96,
CASI,,,,,,,,,,,,,,,,
CASK,,,,,,,,,,,,0.43,0.02,0.46,0.51,
CASS,,,,,,,,,,,,,,,,
CASY,,,,,,,,,,,,,,,,
CAT,,,,,,,,,,,,,,,,
CATO,,,,,,,,,,,,,,,,
CATX,,,,,,,,,,,,,,,,
CATY,,,,,,,,,,,,,,,,
CAVA,,,,,,,,,,,,87.34,0.47,83.68,86.06,
CB,,,,,,,,,,,,,,,,
CBAN,,,,,,,,,,,,17.52,1.0,16.84,15.77,
CBAT,,,,,,,,,,,,,,,,
CBFV,,,,,,,,,,,,,,,,
CBIO,,,,,,,,,,,,,,,,
CBL,,,,,,,,,,,,,,,,
CBLL,,,,,,,,,,,,15.58,0.05,17.49,16.76,
CBNA,,,,,,,,,,,,,,,,
CBNK,,,,,,,,,,,,,,,,
CBRE,,,,,,,,,,,,,,,,
CBRL,,,,,,,,,,,,65.64,0.57,63.79,54.17,
CBSH,,,,,,,,,,,,,,,,
CBT,,,,,,,,,,,,74.9,0.23,76.27,76.11,
CBU,,,,,,,,,,,,,,,,
CBUS,,,,,,,,,,,,1.68,0.01,1.54,1.95,
CBZ,,,,,,,,,,,,,,,,
CC,,,,,,,,,,,,,,,,
CCAP,,,,,,,,,,,,14.49,0.3,14.24,14.71,
CCB,,,,,,,,,,,,101.7,0.99,98.37,89.38,
CCBG,,,,,,,,,,,,,,,,
CCCC,,,,,,,,,,,,,,,,
CCCM,,,,,,,,,,,,10.36,0.0,11.61,11.85,
CCCMU,,,,,,,,,,,,11.15,0.16,12.46,11.71,
CCCS,,,,,,,,,,,,,,,,
CCCX,,,,,,,,,,,,,,,,
CCEC,,,,,,,,,,,,23.93,0.97,23.79,21.51,
CCEL,,,,,,,,,,,,,,,,
CCEP,,,,,,,,,,,,96.84,1.0,94.51,91.05,
CCG,,,,,,,,,,,,,,,,
CCI,,,,,,,,,,,,,,,,
CCIR,,,,,,,,,,,,,,,,
CCIRU,,,,,,,,,,,,,,,,
CCIX,,,,,,,,,,,,10.53,0.42,10.55,10.81,
CCIXU,,,,,,,,,,,,,,,,
CCJ,,,,,,,,,,,,,,,,
CCK,,,,,,,,,,,,,,,,
CCL,,,,,,,,,,,,,,,,
CCLD,,,,,,,,,,,,2.39,0.48,2.43,2.04,
CCM,,,,,,,,,,,,5.4,0.14,5.53,6.14,
CCNE,,,,,,,,,,,,,,,,
CCNEP,,,,,,,,,,,,,,,,
CCO,,,,,,,,,,,,1.18,0.26,1.19,1.12,
CCOI,,,,,,,,,,,,,,,,
CCRD,,,,,,,,,,,,,,,,
CCRN,,,,,,,,,,,,12.78,0.17,12.94,13.44,
CCS,,,,,,,,,,,,,,,,
CCSI,,,,,,,,,,,,,,,,
CCTG,,,,,,,,,,,,,,,,
CCU,,,,,,,,,,,,12.09,0.36,12.76,13.82,
CDE,,,,,,,,,,,,9.08,0.93,9.08,7.88,
CDIO,,,,,,,,,,,,4.3,0.01,3.91,6.46,
CDLR,,,,,,,,,,,,,,,,
CDLX,,,,,,,,,,,,,,,,
CDNA,,,,,,,,,,,,,,,,
CDNS,,,,,,,,,,,,,,,,
CDP,,,,,,,,,,,,,,,,
CDRE,,,,,,,,,,,,32.64,0.59,32.51,32.59,
CDRO,,,,,,,,,,,,8.29,0.96,8.25,7.74,
CDT,,,,,,,,,,,,,,,,
CDTG,,,,,,,,,,,,,,,,
CDTX,,,,,,,,,,,,,,,,
CDW,,,,,,,,,,,,,,,,
CDXS,,,,,,,,,,,,,,,,
CDZI,,,,,,,,,,,,3.01,0.26,3.07,2.92,
CDZIP,,,,,,,,,,,,,,,,
CE,,,,,,,,,,,,57.31,0.15,57.9,51.83,
CECO,,,,,,,,,,,,,,,,
CEG,,,,,,,,,,,,,,,,
CELC,,,,,,,,,,,,,,,,
CELH,,,,,,,,,,,,,,,,
CELU,,,,,,,,,,,,,,,,
CELZ,,,,,,,,,,,,2.77,0.19,2.69,2.3,
CENN,,,,,,,,,,,,,,,,
CENT,,,,,,,,,,,,,,,,
CENTA,,,,,,,,,,,,,,,,
CENX,,,,,,,,,,,,,,,,
CEP,,,,,,,,,,,,,,,,
CEPO,,,,,,,,,,,,12.2,0.87,11.98,11.82,
CEPT,,,,,,,,,,,,,,,,
CEPU,,,,,,,,,,,,,,,,
CERO,,,,,,,,,,,,8.73,0.0,9.39,11.25,
CERS,,,,,,,,,,,,,,,,
CERT,,,,,,,,,,,,,,,,
CETX,,,,,,,,,,,,1.3,0.0,1.19,1.31,
CETY,,,,,,,,,,,,,,,,
CEVA,,,,,,,,,,,,,,,,
CF,,,,,,,,,,,,,,,,
CFBK,,,,,,,,,,,,,,,,
CFFI,,,,,,,,,,,,,,,,
CFFN,,,,,,,,,,,,,,,,
CFG,,,,,,,,,,,,,,,,
CFLT,,,,,,,,,,,,25.38,0.4,24.72,23.09,
CFR,,,,,,,,,,,,138.74,0.95,132.96,125.31,
CFSB,,,,,,,,,,,,,,,,
CG,,,,,,,,,,,,60.17,1.0,54.45,46.23,
CGAU,,,,,,,,,,,,,,,,
CGBD,,,,,,,,,,,,,,,,
CGC,,,,,,,,,,,,,,,,
CGCT,,,,,,,,,,,,10.01,0.35,10.01,10.01,
CGCTU,,,,,,,,,,,,,,,,
CGEM,,,,,,,,,,,,,,,,
CGEN,,,,,,,,,,,,,,,,
CGNT,,,,,,,,,,,,,,,,
CGNX,,,,,,,,,,,,,,,,
CGON,,,,,,,,,,,,,,,,
CGTL,,,,,,,,,,,,,,,,
CGTX,,,,,,,,,,,,,,,,
CHA,,,,,,,,,,,,,,,,
CHAC,,,,,,,,,,,,10.04,0.82,10.05,10.0,
CHACU,,,,,,,,,,,,10.29,0.76,10.31,10.17,
CHAR,,,,,,,,,,,,,,,,
CHARU,,,,,,,,,,,,10.41,1.0,10.41,10.34,
CHCI,,,,,,,,,,,,,,,,
CHCO,,,,,,,,,,,,124.98,0.91,123.07,118.41,
CHCT,,,,,,,,,,,,,,,,
CHD,,,,,,,,,,,,,,,,
CHDN,,,,,,,,,,,,,,,,
CHE,,,,,,,,,,,,,,,,
CHEB,,,,,,,,,,,,,,,,
CHEF,,,,,,,,,,,,64.82,0.99,63.8,61.1,
CHEK,,,,,,,,,,,,0.76,0.05,0.76,0.78,
CHGG,,,,,,,,,,,,,,,,
CHH,,,,,,,,,,,,,,,,
CHKP,,,,,,,,,,,,,,,,
CHMG,,,,,,,,,,,,,,,,
CHMI,,,,,,,,,,,,,,,,
CHNR,,,,,,,,,,,,3.83,0.01,3.87,4.21,
CHPG,,,,,,,,,,,,,,,,
CHPGU,,,,,,,,,,,,,,,,
CHPT,,,,,,,,,,,,0.62,0.01,0.68,0.67,
CHR,,,,,,,,,,,,1.52,0.1,1.51,1.4,
CHRD,,,,,,,,,,,,106.4,0.22,104.55,97.05,
CHRS,,,,,,,,,,,,,,,,
CHRW,,,,,,,,,,,,,,,,
CHSN,,,,,,,,,,,,0.11,0.0,0.13,0.3,
CHT,,,,,,,,,,,,43.78,0.73,45.33,43.45,
CHTR,,,,,,,,,,,,,,,,
CHWY,,,,,,,,,,,,39.17,0.72,40.64,40.46,
CHYM,,,,,,,,,,,,,,,,
CI,,,,,,,,,,,,,,,,
CIA,,,,,,,,,,,,3.56,0.42,3.58,3.82,
CIB,,,,,,,,,,,,,,,,
CIEN,,,,,,,,,,,,,,,,
CIFR,,,,,,,,,,,,,,,,
CIG,,,,,,,,,,,,1.83,0.74,1.92,1.87,
CIGI,,,,,,,,,,,,,,,,
CIGL,,,,,,,,,,,,,,,,
CIIT,,,,,,,,,,,,,,,,
CIM,,,,,,,,,,,,13.78,0.68,13.77,12.82,
CINF,,,,,,,,,,,,,,,,
CING,,,,,,,,,,,,,,,,
CINT,,,,,,,,,,,,,,,,
CIO,,,,,,,,,,,,,,,,
CION,,,,,,,,,,,,,,,,
CISO,,,,,,,,,,,,,,,,
CISS,,,,,,,,,,,,,,,,
CIVB,,,,,,,,,,,,,,,,
CIVI,,,,,,,,,,,,,,,,
CIX,,,,,,,,,,,,,,,,
CJET,,,,,,,,,,,,,,,,
CJMB,,,,,,,,,,,,,,,,
CKX,,,,,,,,,,,,,,,,
CL,,,,,,,,,,,,,,,,
CLAR,,,,,,,,,,,,3.59,0.09,3.59,3.4,
CLB,,,,,,,,,,,,,,,,
CLBK,,,,,,,,,,,,,,,,
CLBT,,,,,,,,,,,,,,,,
CLCO,,,,,,,,,,,,6.88,0.29,6.92,6.42,
CLDI,,,,,,,,,,,,,,,,
CLDT,,,,,,,,,,,,,,,,
CLDX,,,,,,,,,,,,,,,,
CLF,,,,,,,,,,,,,,,,
CLFD,,,,,,,,,,,,,,,,
CLGN,,,,,,,,,,,,2.03,0.11,1.54,1.93,
CLH,,,,,,,,,,,,227.76,0.7,230.37,223.86,
CLIK,,,,,,,,,,,,,,,,
CLIR,,,,,,,,,,,,,,,,
CLLS,,,,,,,,,,,,,,,,
CLMB,,,,,,,,,,,,,,,,
CLMT,,,,,,,,,,,,16.14,0.46,16.38,13.74,
CLNE,,,,,,,,,,,,,,,,
CLNN,,,,,,,,,,,,,,,,
CLOV,,,,,,,,,,,,,,,,
CLPR,,,,,,,,,,,,,,,,
CLPS,,,,,,,,,,,,1.0,0.38,0.96,0.97,
CLPT,,,,,,,,,,,,,,,,
CLRB,,,,,,,,,,,,,,,,
CLRO,,,,,,,,,,,,,,,,
CLS,,,,,,,,,,,,,,,,
CLSD,,,,,,,,,,,,,,,,
CLSK,,,,,,,,,,,,,,,,
CLST,,,,,,,,,,,,,,,,
CLVT,,,,,,,,,,,,4.23,0.15,4.29,4.1,
CLW,,,,,,,,,,,,28.01,0.13,28.48,27.53,
CLWT,,,,,,,,,,,,1.23,0.18,1.16,1.16,
CLX,,,,,,,,,,,,128.37,0.31,123.93,130.61,
CLYM,,,,,,,,,,,,,,,,
CM,,,,,,,,,,,,,,,,
CMA,,,,,,,,,,,,,,,,
CMBM,,,,,,,,,,,,,,,,
CMBT,,,,,,,,,,,,,,,,
CMC,,,,,,,,,,,,,,,,
CMCL,,,,,,,,,,,,,,,,
CMCM,,,,,,,,,,,,5.33,0.79,4.88,4.28,
CMCO,,,,,,,,,,,,,,,,
CMCSA,,,,,,,,,,,,,,,,
CMCT,,,,,,,,,,,,,,,,
CMDB,,,,,,,,,,,,,,,,
CME,,,,,,,,,,,,,,,,
CMG,,,,,,,,,,,,,,,,
CMI,,,,,,,,,,,,,,,,
CMMB,,,,,,,,,,,,,,,,
CMND,,,,,,,,,,,,,,,,
CMP,,,,,,,,,,,,,,,,
CMPO,,,,,,,,,,,,,,,,
CMPR,,,,,,,,,,,,,,,,
CMPS,,,,,,,,,,,,,,,,
CMPX,,,,,,,,,,,,3.0,0.81,2.69,2.25,
CMRE,,,,,,,,,,,,,,,,
CMS,,,,,,,,,,,,,,,,
CMT,,,,,,,,,,,,,,,,
CMTG,,,,,,,,,,,,,,,,
CMTL,,,,,,,,,,,,,,,,
CNA,,,,,,,,,,,,44.25,0.67,45.14,46.58,
CNC,,,,,,,,,,,,,,,,
CNCK,,,,,,,,,,,,5.88,0.15,5.66,6.16,
CNDT,,,,,,,,,,,,2.6,0.24,2.68,2.4,
CNET,,,,,,,,,,,,,,,,
CNEY,,,,,,,,,,,,,,,,
CNF,,,,,,,,,,,,,,,,
CNFR,,,,,,,,,,,,,,,,
CNH,,,,,,,,,,,,12.96,0.7,13.19,12.54,
CNI,,,,,,,,,,,,,,,,
CNK,,,,,,,,,,,,,,,,
CNL,,,,,,,,,,,,9.63,0.76,10.3,10.34,
CNM,,,,,,,,,,,,,,,,
CNMD,,,,,,,,,,,,47.64,0.0,51.52,53.62,
CNNE,,,,,,,,,,,,,,,,
CNO,,,,,,,,,,,,,,,,
CNOB,,,,,,,,,,,,,,,,
CNOBP,,,,,,,,,,,,,,,,
CNP,,,,,,,,,,,,,,,,
CNQ,,,,,,,,,,,,30.81,0.3,31.99,30.82,
CNR,,,,,,,,,,,,,,,,
CNS,,,,,,,,,,,,,,,,
CNSP,,,,,,,,,,,,,,,,
CNTA,,,,,,,,,,,,,,,,
CNTB,,,,,,,,,,,,,,,,
CNTX,,,,,,,,,,,,0.89,0.16,0.69,0.73,
CNTY,,,,,,,,,,,,,,,,
CNVS,,,,,,,,,,,,6.33,0.92,5.57,3.99,
CNX,,,,,,,,,,,,,,,,
CNXC,,,,,,,,,,,,58.33,0.35,55.19,53.71,
CNXN,,,,,,,,,,,,65.57,0.67,65.98,65.16,
COCH,,,,,,,,,,,,,,,,
COCO,,,,,,,,,,,,39.16,0.96,36.83,34.65,
COCP,,,,,,,,,,,,1.64,0.2,1.59,1.54,
CODA,,,,,,,,,,,,,,,,
CODI,,,,,,,,,,,,,,,,
CODX,,,,,,,,,,,,,,,,
COE,,,,,,,,,,,,,,,,
COEP,,,,,,,,,,,,10.68,0.33,8.61,8.96,
COF,,,,,,,,,,,,,,,,
COFS,,,,,,,,,,,,,,,,
COGT,,,,,,,,,,,,12.49,0.94,9.08,6.56,
COHN,,,,,,,,,,,,10.6,0.98,9.96,8.58,
COHR,,,,,,,,,,,,99.6,0.86,90.45,77.28,
COHU,,,,,,,,,,,,19.65,0.22,19.6,17.62,
COIN,,,,,,,,,,,,,,,,
COKE,,,,,,,,,,,,,,,,
COLA,,,,,,,,,,,,,,,,
COLAU,,,,,,,,,,,,10.47,1.0,10.47,10.42,
COLB,,,,,,,,,,,,,,,,
COLD,,,,,,,,,,,,,,,,
COLL,,,,,,,,,,,,31.2,0.49,30.77,29.21,
COLM,,,,,,,,,,,,,,,,
COMM,,,,,,,,,,,,,,,,
COMP,,,,,,,,,,,,,,,,
CON,,,,,,,,,,,,19.56,0.02,20.38,21.04,
COO,,,,,,,,,,,,72.63,0.1,72.26,75.72,
COOK,,,,,,,,,,,,1.88,0.12,1.83,1.59,
COOP,,,,,,,,,,,,,,,,
COOT,,,,,,,,,,,,0.52,0.0,0.68,0.74,
COP,,,,,,,,,,,,,,,,
COPL,,,,,,,,,,,,,,,,
COR,,,,,,,,,,,,,,,,
CORT,,,,,,,,,,,,,,,,
CORZ,,,,,,,,,,,,,,,,
COSM,,,,,,,,,,,,,,,,
COSO,,,,,,,,,,,,,,,,
COST,,,,,,,,,,,,,,,,
COTY,,,,,,,,,,,,,,,,
COUR,,,,,,,,,,,,8.74,0.17,8.49,8.42,
COYA,,,,,,,,,,,,,,,,
CP,,,,,,,,,,,,,,,,
CPA,,,,,,,,,,,,108.13,0.91,108.14,101.89,
CPAC,,,,,,,,,,,,6.1,0.98,5.99,5.75,
CPAY,,,,,,,,,,,,332.02,0.69,327.77,326.11,
CPB,,,,,,,,,,,,,,,,
CPBI,,,,,,,,,,,,,,,,
CPF,,,,,,,,,,,,,,,,
CPHC,,,,,,,,,,,,,,,,
CPHI,,,,,,,,,,,,1.76,0.02,1.82,1.81,
CPIX,,,,,,,,,,,,3.22,0.41,3.26,4.34,
CPK,,,,,,,,,,,,122.11,0.75,121.76,124.35,
CPNG,,,,,,,,,,,,31.49,1.0,30.24,27.14,
CPOP,,,,,,,,,,,,,,,,
CPRI,,,,,,,,,,,,,,,,
CPRT,,,,,,,,,,,,45.98,0.15,47.78,53.99,
CPRX,,,,,,,,,,,,,,,,
CPS,,,,,,,,,,,,22.67,0.85,22.61,20.71,
CPSH,,,,,,,,,,,,,,,,
CPSS,,,,,,,,,,,,9.07,0.29,9.71,9.22,
CPT,,,,,,,,,,,,113.93,0.8,113.58,114.16,
CQP,,,,,,,,,,,,,,,,
CR,,,,,,,,,,,,189.12,0.96,186.87,172.07,
CRAI,,,,,,,,,,,,,,,,
CRAQ,,,,,,,,,,,,,,,,
CRAQU,,,,,,,,,,,,,,,,
CRBG,,,,,,,,,,,,,,,,
CRBP,,,,,,,,,,,,8.5,0.09,8.02,7.65,
CRBU,,,,,,,,,,,,,,,,
CRC,,,,,,,,,,,,,,,,
CRCL,,,,,,,,,,,,,,,,
CRCT,,,,,,,,,,,,,,,,
CRDF,,,,,,,,,,,,,,,,
CRDL,,,,,,,,,,,,1.19,0.26,1.33,1.22,
CRDO,,,,,,,,,,,,,,,,
CREG,,,,,,,,,,,,,,,,
CRESY,,,,,,,,,,,,,,,,
CREV,,,,,,,,,,,,,,,,
CREX,,,,,,,,,,,,,,,,
CRGO,,,,,,,,,,,,,,,,
CRGX,,,,,,,,,,,,,,,,
CRGY,,,,,,,,,,,,,,,,
CRH,,,,,,,,,,,,,,,,
CRI,,,,,,,,,,,,,,,,
CRIS,,,,,,,,,,,,,,,,
CRK,,,,,,,,,,,,23.16,0.68,25.77,23.4,
CRL,,,,,,,,,,,,,,,,
CRM,,,,,,,,,,,,262.38,0.41,265.25,266.98,
CRMD,,,,,,,,,,,,,,,,
CRML,,,,,,,,,,,,,,,,
CRMT,,,,,,,,,,,,54.84,0.22,56.66,51.7,
CRNC,,,,,,,,,,,,,,,,
CRNT,,,,,,,,,,,,2.28,0.19,2.41,2.3,
CRNX,,,,,,,,,,,,,,,,
CRON,,,,,,,,,,,,,,,,
CROX,,,,,,,,,,,,,,,,
CRS,,,,,,,,,,,,287.42,1.0,274.9,235.59,
CRSP,,,,,,,,,,,,,,,,
CRSR,,,,,,,,,,,,,,,,
CRT,,,,,,,,,,,,,,,,
CRTO,,,,,,,,,,,,23.04,0.0,23.83,26.71,
CRUS,,,,,,,,,,,,,,,,
CRVL,,,,,,,,,,,,93.43,0.5,99.95,107.7,
CRVO,,,,,,,,,,,,,,,,
CRVS,,,,,,,,,,,,4.26,0.38,4.04,3.81,
CRWD,,,,,,,,,,,,,,,,
CRWS,,,,,,,,,,,,,,,,
CRWV,,,,,,,,,,,,123.02,0.58,151.53,104.44,
CSAI,,,,,,,,,,,,,,,,
CSAN,,,,,,,,,,,,,,,,
CSBR,,,,,,,,,,,,8.01,0.53,7.97,7.17,
CSCI,,,,,,,,,,,,,,,,
CSCO,,,,,,,,,,,,,,,,
CSGP,,,,,,,,,,,,,,,,
CSGS,,,,,,,,,,,,,,,,
CSIQ,,,,,,,,,,,,,,,,
CSL,,,,,,,,,,,,,,,,
CSPI,,,,,,,,,,,,,,,,
CSR,,,,,,,,,,,,,,,,
CSTE,,,,,,,,,,,,,,,,
CSTL,,,,,,,,,,,,,,,,
CSTM,,,,,,,,,,,,,,,,
CSV,,,,,,,,,,,,,,,,
CSW,,,,,,,,,,,,287.04,0.46,291.11,301.99,
CSWC,,,,,,,,,,,,,,,,
CSX,,,,,,,,,,,,,,,,
CTAS,,,,,,,,,,,,221.94,0.95,219.23,217.31,
CTBI,,,,,,,,,,,,56.94,0.96,54.19,51.1,
CTEV,,,,,,,,,,,,,,,,
CTGO,,,,,,,,,,,,19.77,0.61,19.98,17.31,
CTKB,,,,,,,,,,,,,,,,
CTLP,,,,,,,,,,,,,,,,
CTM,,,,,,,,,,,,,,,,
CTMX,,,,,,,,,,,,,,,,
CTNM,,,,,,,,,,,,,,,,
CTNT,,,,,,,,,,,,,,,,
CTO,,,,,,,,,,,,,,,,
CTOR,,,,,,,,,,,,,,,,
CTOS,,,,,,,,,,,,,,,,
CTRA,,,,,,,,,,,,,,,,
CTRE,,,,,,,,,,,,30.34,0.93,30.38,29.05,
CTRI,,,,,,,,,,,,20.76,0.45,21.31,20.24,
CTRM,,,,,,,,,,,,,,,,
CTRN,,,,,,,,,,,,30.83,0.85,31.28,27.02,
CTS,,,,,,,,,,,,,,,,
CTSH,,,,,,,,,,,,,,,,
CTSO,,,,,,,,,,,,1.03,0.11,1.12,1.02,
CTVA,,,,,,,,,,,,,,,,
CTXR,,,,,,,,,,,,,,,,
CUB,,,,,,,,,,,,,,,,
CUBE,,,,,,,,,,,,,,,,
CUBI,,,,,,,,,,,,,,,,
CUBWU,,,,,,,,,,,,11.94,1.0,10.88,10.59,
CUE,,,,,,,,,,,,,,,,
CUK,,,,,,,,,,,,,,,,
CULP,,,,,,,,,,,,,,,,
CUPR,,,,,,,,,,,,,,,,
CURB,,,,,,,,,,,,,,,,
CURI,,,,,,,,,,,,,,,,
CURR,,,,,,,,,,,,,,,,
CURV,,,,,,,,,,,,2.72,0.19,3.37,4.78,
CUZ,,,,,,,,,,,,,,,,
CV,,,,,,,,,,,,4.55,0.88,4.51,4.51,
CVAC,,,,,,,,,,,,,,,,
CVBF,,,,,,,,,,,,21.08,0.76,20.06,18.96,
CVCO,,,,,,,,,,,,,,,,
CVE,,,,,,,,,,,,,,,,
CVEO,,,,,,,,,,,,,,,,
CVGI,,,,,,,,,,,,,,,,
CVGW,,,,,,,,,,,,,,,,
CVI,,,,,,,,,,,,,,,,
CVKD,,,,,,,,,,,,11.29,0.32,12.0,14.13,
CVLG,,,,,,,,,,,,,,,,
CVLT,,,,,,,,,,,,172.07,0.87,171.29,171.74,
CVM,,,,,,,,,,,,3.96,0.02,2.99,4.75,
CVNA,,,,,,,,,,,,,,,,
CVR,,,,,,,,,,,,,,,,
CVRX,,,,,,,,,,,,,,,,
CVS,,,,,,,,,,,,,,,,
CVU,,,,,,,,,,,,,,,,
CVV,,,,,,,,,,,,,,,,
CVX,,,,,,,,,,,,,,,,
CW,,,,,,,,,,,,,,,,
CWAN,,,,,,,,,,,,21.5,0.33,21.75,22.62,
CWBC,,,,,,,,,,,,,,,,
CWCO,,,,,,,,,,,,,,,,
CWD,,,,,,,,,,,,,,,,
CWEN,,,,,,,,,,,,32.98,1.0,32.26,30.34,
CWH,,,,,,,,,,,,,,,,
CWK,,,,,,,,,,,,,,,,
CWST,,,,,,,,,,,,,,,,
CWT,,,,,,,,,,,,,,,,
CX,,,,,,,,,,,,7.62,0.66,7.17,6.61,
CXAI,,,,,,,,,,,,,,,,
CXDO,,,,,,,,,,,,,,,,
CXM,,,,,,,,,,,,,,,,
CXT,,,,,,,,,,,,57.26,0.66,56.13,52.43,
CXW,,,,,,,,,,,,,,,,
CYBN,,,,,,,,,,,,8.32,0.15,7.97,7.59,
CYBR,,,,,,,,,,,,,,,,
CYCC,,,,,,,,,,,,13.07,0.0,6.09,27.85,
CYCN,,,,,,,,,,,,,,,,
CYCU,,,,,,,,,,,,0.38,0.04,0.37,0.42,
CYD,,,,,,,,,,,,,,,,
CYH,,,,,,,,,,,,3.59,0.38,3.46,3.35,
CYN,,,,,,,,,,,,,,,,
CYRX,,,,,,,,,,,,,,,,
CYTK,,,,,,,,,,,,,,,,
CZFS,,,,,,,,,,,,59.0,0.64,59.88,58.03,
CZNC,,,,,,,,,,,,19.41,0.65,19.38,18.93,
CZR,,,,,,,,,,,,,,,,
CZWI,,,,,,,,,,,,,,,,
D,,,,,,,,,,,,,,,,
DAAQ,,,,,,,,,,,,,,,,
DAAQU,,,,,,,,,,,,,,,,
DAC,,,,,,,,,,,,89.89,0.9,88.49,84.76,
DAIC,,,,,,,,,,,,5.63,0.0,6.58,6.58,
DAIO,,,,,,,,,,,,,,,,
DAKT,,,,,,,,,,,,15.92,0.71,15.75,14.43,
DAL,,,,,,,,,,,,,,,,
DALN,,,,,,,,,,,,,,,,
DAN,,,,,,,,,,,,16.31,0.85,17.07,15.62,
DAO,,,,,,,,,,,,8.79,0.8,8.68,8.67,
DAR,,,,,,,,,,,,,,,,
DARE,,,,,,,,,,,,,,,,
DASH,,,,,,,,,,,,,,,,
DATS,,,,,,,,,,,,,,,,
DAVA,,,,,,,,,,,,,,,,
DAVE,,,,,,,,,,,,,,,,
DAWN,,,,,,,,,,,,6.4,0.01,6.56,6.77,
DAY,,,,,,,,,,,,,,,,
DB,,,,,,,,,,,,29.93,0.98,29.37,27.41,
DBD,,,,,,,,,,,,,,,,
DBI,,,,,,,,,,,,,,,,
DBRG,,,,,,,,,,,,,,,,
DBVT,,,,,,,,,,,,,,,,
DBX,,,,,,,,,,,,27.06,0.49,27.7,28.22,
DC,,,,,,,,,,,,4.12,0.99,3.93,3.36,
DCBO,,,,,,,,,,,,30.12,0.14,28.45,28.32,
DCGO,,,,,,,,,,,,,,,,
DCI,,,,,,,,,,,,,,,,
DCO,,,,,,,,,,,,,,,,
DCOM,,,,,,,,,,,,28.8,0.65,27.75,26.37,
DCTH,,,,,,,,,,,,,,,,
DD,,,,,,,,,,,,,,,,
DDC,,,,,,,,,,,,,,,,
DDD,,,,,,,,,,,,,,,,
DDI,,,,,,,,,,,,,,,,
DDL,,,,,,,,,,,,,,,,
DDOG,,,,,,,,,,,,145.02,0.73,139.42,119.16,
DDS,,,,,,,,,,,,,,,,
DE,,,,,,,,,,,,499.82,0.84,512.6,497.98,
DEA,,,,,,,,,,,,,,,,
DEC,,,,,,,,,,,,,,,,
DECK,,,,,,,,,,,,101.91,0.15,103.15,108.19,
DEFT,,,,,,,,,,,,,,,,
DEI,,,,,,,,,,,,,,,,
DELL,,,,,,,,,,,,,,,,
DENN,,,,,,,,,,,,3.96,0.11,4.18,3.91,
DEO,,,,,,,,,,,,,,,,
DERM,,,,,,,,,,,,7.19,0.86,7.02,6.99,
DEVS,,,,,,,,,,,,,,,,
DFDV,,,,,,,,,,,,24.41,0.71,23.43,18.69,
DFH,,,,,,,,,,,,,,,,
DFIN,,,,,,,,,,,,61.1,0.72,62.06,54.68,
DFLI,,,,,,,,,,,,,,,,
DFSC,,,,,,,,,,,,8.21,0.01,9.8,6.87,
DG,,,,,,,,,,,,,,,,
DGICA,,,,,,,,,,,,18.34,0.74,18.99,19.19,
DGICB,,,,,,,,,,,,,,,,
DGII,,,,,,,,,,,,,,,,
DGLY,,,,,,,,,,,,,,,,
DGNX,,,,,,,,,,,,61.46,0.5,53.67,70.23,
DGX,,,,,,,,,,,,,,,,
DGXX,,,,,,,,,,,,3.67,1.0,2.92,1.92,
DH,,,,,,,,,,,,3.84,0.15,3.88,3.38,
DHAI,,,,,,,,,,,,,,,,
DHC,,,,,,,,,,,,,,,,
DHI,,,,,,,,,,,,131.8,0.35,130.68,124.87,
DHIL,,,,,,,,,,,,,,,,
DHR,,,,,,,,,,,,,,,,
DHT,,,,,,,,,,,,10.86,0.73,11.18,11.2,
DHX,,,,,,,,,,,,2.6,0.47,2.82,2.18,
DIBS,,,,,,,,,,,,2.68,0.07,2.76,2.61,
DIN,,,,,,,,,,,,23.26,0.12,25.21,23.22,
DINO,,,,,,,,,,,,,,,,
DIOD,,,,,,,,,,,,,,,,
DIS,,,,,,,,,,,,121.42,0.94,120.85,108.42,
DIT,,,,,,,,,,,,114.01,0.13,112.87,112.95,
DJCO,,,,,,,,,,,,,,,,
DJT,,,,,,,,,,,,,,,,
DK,,,,,,,,,,,,,,,,
DKL,,,,,,,,,,,,44.47,0.98,43.75,40.95,
DKNG,,,,,,,,,,,,,,,,
DKS,,,,,,,,,,,,,,,,
DLB,,,,,,,,,,,,,,,,
DLHC,,,,,,,,,,,,,,,,
DLNG,,,,,,,,,,,,,,,,
DLO,,,,,,,,,,,,10.88,0.29,11.0,10.03,
DLPN,,,,,,,,,,,,,,,,
DLR,,,,,,,,,,,,177.98,0.84,173.17,166.82,
DLTH,,,,,,,,,,,,2.14,0.07,2.09,1.93,
DLTR,,,,,,,,,,,,,,,,
DLX,,,,,,,,,,,,,,,,
DLXY,,,,,,,,,,,,4.72,1.0,4.42,4.42,
DMAA,,,,,,,,,,,,,,,,
DMAAU,,,,,,,,,,,,,,,,
DMAC,,,,,,,,,,,,,,,,
DMLP,,,,,,,,,,,,27.5,0.45,27.58,27.82,
DMRC,,,,,,,,,,,,12.73,0.03,12.99,12.82,
DMYY,,,,,,,,,,,,,,,,
DNA,,,,,,,,,,,,10.13,0.05,10.17,8.52,
DNB,,,,,,,,,,,,,,,,
DNLI,,,,,,,,,,,,,,,,
DNN,,,,,,,,,,,,2.14,0.77,1.85,1.63,
DNOW,,,,,,,,,,,,,,,,
DNTH,,,,,,,,,,,,,,,,
DNUT,,,,,,,,,,,,,,,,
DOC,,,,,,,,,,,,,,,,
DOCN,,,,,,,,,,,,,,,,
DOCS,,,,,,,,,,,,,,,,
DOCU,,,,,,,,,,,,,,,,
DOGZ,,,,,,,,,,,,9.45,0.12,17.37,19.53,
DOLE,,,,,,,,,,,,13.72,0.54,13.98,14.16,
DOMH,,,,,,,,,,,,5.39,0.42,5.38,5.09,
DOMO,,,,,,,,,,,,16.29,0.91,14.29,11.38,
DOOO,,,,,,,,,,,,,,,,
DORM,,,,,,,,,,,,,,,,
DOUG,,,,,,,,,,,,,,,,
DOV,,,,,,,,,,,,,,,,
DOW,,,,,,,,,,,,28.34,0.05,28.22,28.44,
DOX,,,,,,,,,,,,89.42,0.86,90.19,89.18,
DOYU,,,,,,,,,,,,,,,,
DPRO,,,,,,,,,,,,5.45,0.15,3.69,2.7,
DPZ,,,,,,,,,,,,,,,,
DQ,,,,,,,,,,,,20.69,0.31,17.77,15.15,
DRCT,,,,,,,,,,,,,,,,
DRD,,,,,,,,,,,,13.75,0.72,13.59,14.52,
DRDB,,,,,,,,,,,,,,,,
DRDBU,,,,,,,,,,,,,,,,
DRH,,,,,,,,,,,,,,,,
DRI,,,,,,,,,,,,,,,,
DRIO,,,,,,,,,,,,,,,,
DRMA,,,,,,,,,,,,,,,,
DRRX,,,,,,,,,,,,,,,,
DRS,,,,,,,,,,,,48.13,1.0,46.23,42.57,
DRTS,,,,,,,,,,,,,,,,
DRUG,,,,,,,,,,,,26.16,0.53,25.98,28.83,
DRVN,,,,,,,,,,,,,,,,
DSGN,,,,,,,,,,,,,,,,
DSGR,,,,,,,,,,,,28.55,0.27,28.1,27.26,
DSGX,,,,,,,,,,,,105.09,0.68,102.24,105.41,
DSP,,,,,,,,,,,,,,,,
DSS,,,,,,,,,,,,0.93,0.03,0.91,0.92,
DSWL,,,,,,,,,,,,,,,,
DSX,,,,,,,,,,,,1.6,0.12,1.56,1.52,
DSY,,,,,,,,,,,,1.31,0.03,1.36,1.39,
DT,,,,,,,,,,,,,,,,
DTCK,,,,,,,,,,,,,,,,
DTE,,,,,,,,,,,,137.26,1.0,133.19,133.72,
DTI,,,,,,,,,,,,2.33,0.14,2.78,2.56,
DTIL,,,,,,,,,,,,,,,,
DTM,,,,,,,,,,,,,,,,
DTSQ,,,,,,,,,,,,,,,,
DTSQU,,,,,,,,,,,,,,,,
DTSS,,,,,,,,,,,,,,,,
DTST,,,,,,,,,,,,4.81,0.49,3.72,3.68,
DUK,,,,,,,,,,,,118.42,0.94,117.1,117.61,
DUO,,,,,,,,,,,,,,,,
DUOL,,,,,,,,,,,,,,,,
DUOT,,,,,,,,,,,,,,,,
DV,,,,,,,,,,,,,,,,
DVA,,,,,,,,,,,,,,,,
DVAX,,,,,,,,,,,,,,,,
DVLT,,,,,,,,,,,,0.67,0.0,0.68,0.77,
DVN,,,,,,,,,,,,,,,,
DVS,,,,,,,,,,,,3.75,0.95,3.49,3.08,
DWSN,,,,,,,,,,,,,,,,
DWTX,,,,,,,,,,,,,,,,
DX,,,,,,,,,,,,12.53,0.82,12.41,11.97,
DXC,,,,,,,,,,,,,,,,
DXCM,,,,,,,,,,,,,,,,
DXF,,,,,,,,,,,,,,,,
DXLG,,,,,,,,,,,,,,,,
DXPE,,,,,,,,,,,,,,,,
DXR,,,,,,,,,,,,,,,,
DXST,,,,,,,,,,,,1.3,0.32,1.21,1.19,
DXYZ,,,,,,,,,,,,,,,,
DY,,,,,,,,,,,,,,,,
DYAI,,,,,,,,,,,,,,,,
DYCQ,,,,,,,,,,,,,,,,
DYCQU,,,,,,,,,,,,,,,,
DYN,,,,,,,,,,,,9.02,0.06,9.26,10.7,
DYNX,,,,,,,,,,,,10.25,1.0,10.21,10.1,
DYNXU,,,,,,,,,,,,,,,,
E,,,,,,,,,,,,,,,,
EA,,,,,,,,,,,,,,,,
EAF,,,,,,,,,,,,,,,,
EARN,,,,,,,,,,,,,,,,
EAT,,,,,,,,,,,,,,,,
EB,,,,,,,,,,,,,,,,
EBAY,,,,,,,,,,,,78.14,0.99,76.6,72.7,
EBC,,,,,,,,,,,,,,,,
EBF,,,,,,,,,,,,,,,,
EBMT,,,,,,,,,,,,,,,,
EBON,,,,,,,,,,,,,,,,
EBR,,,,,,,,,,,,6.97,0.44,7.22,7.36,
EBS,,,,,,,,,,,,,,,,
EC,,,,,,,,,,,,8.84,0.36,9.17,8.91,
ECBK,,,,,,,,,,,,15.99,0.89,15.76,15.86,
ECDA,,,,,,,,,,,,,,,,
ECG,,,,,,,,,,,,,,,,
ECL,,,,,,,,,,,,,,,,
ECO,,,,,,,,,,,,,,,,
ECOR,,,,,,,,,,,,,,,,
ECPG,,,,,,,,,,,,,,,,
ECVT,,,,,,,,,,,,,,,,
ECX,,,,,,,,,,,,1.3,0.09,1.88,1.55,
ED,,,,,,,,,,,,,,,,
EDAP,,,,,,,,,,,,,,,,
EDBL,,,,,,,,,,,,2.59,0.0,2.63,2.53,
EDHL,,,,,,,,,,,,,,,,
EDIT,,,,,,,,,,,,,,,,
EDN,,,,,,,,,,,,24.95,0.38,26.18,30.08,
EDRY,,,,,,,,,,,,,,,,
EDSA,,,,,,,,,,,,,,,,
EDTK,,,,,,,,,,,,,,,,
EDU,,,,,,,,,,,,50.02,0.13,50.92,48.14,
EDUC,,,,,,,,,,,,,,,,
EE,,,,,,,,,,,,26.62,0.7,28.3,28.21,
EEFT,,,,,,,,,,,,,,,,
EEIQ,,,,,,,,,,,,,,,,
EEX,,,,,,,,,,,,5.0,0.46,5.04,4.57,
EFC,,,,,,,,,,,,,,,,
EFOI,,,,,,,,,,,,2.21,0.73,2.22,1.95,
EFSC,,,,,,,,,,,,58.63,0.94,56.28,53.06,
EFSCP,,,,,,,,,,,,,,,,
EFSI,,,,,,,,,,,,,,,,
EFX,,,,,,,,,,,,,,,,
EFXT,,,,,,,,,,,,,,,,
EG,,,,,,,,,,,,,,,,
EGAN,,,,,,,,,,,,,,,,
EGBN,,,,,,,,,,,,,,,,
EGG,,,,,,,,,,,,6.14,1.0,5.21,5.21,
EGHA,,,,,,,,,,,,,,,,
EGHAU,,,,,,,,,,,,,,,,
EGHT,,,,,,,,,,,,,,,,
EGO,,,,,,,,,,,,,,,,
EGP,,,,,,,,,,,,,,,,
EGY,,,,,,,,,,,,,,,,
EH,,,,,,,,,,,,18.78,0.56,17.35,17.02,
EHAB,,,,,,,,,,,,6.75,0.0,8.06,8.92,
EHC,,,,,,,,,,,,,,,,
EHGO,,,,,,,,,,,,0.79,0.0,0.82,1.0,
EHLD,,,,,,,,,,,,,,,,
EHTH,,,,,,,,,,,,,,,,
EIG,,,,,,,,,,,,,,,,
EIX,,,,,,,,,,,,,,,,
EJH,,,,,,,,,,,,2.63,0.0,2.66,14.06,
EKSO,,,,,,,,,,,,3.8,0.03,3.34,4.74,
EL,,,,,,,,,,,,,,,,
ELA,,,,,,,,,,,,,,,,
ELAB,,,,,,,,,,,,,,,,
ELAN,,,,,,,,,,,,,,,,
ELBM,,,,,,,,,,,,,,,,
ELDN,,,,,,,,,,,,3.7,0.62,3.12,3.06,
ELEV,,,,,,,,,,,,,,,,
ELF,,,,,,,,,,,,117.63,0.39,120.95,95.05,
ELLO,,,,,,,,,,,,,,,,
ELMD,,,,,,,,,,,,18.23,0.36,20.12,21.13,
ELME,,,,,,,,,,,,,,,,
ELP,,,,,,,,,,,,,,,,
ELPC,,,,,,,,,,,,,,,,
ELPW,,,,,,,,,,,,,,,,
ELS,,,,,,,,,,,,,,,,
ELSE,,,,,,,,,,,,,,,,
ELTK,,,,,,,,,,,,,,,,
ELTX,,,,,,,,,,,,,,,,
ELUT,,,,,,,,,,,,,,,,
ELV,,,,,,,,,,,,,,,,
ELVA,,,,,,,,,,,,,,,,
ELVN,,,,,,,,,,,,,,,,
ELWS,,,,,,,,,,,,,,,,
EM,,,,,,,,,,,,,,,,
EMA,,,,,,,,,,,,45.66,0.98,45.27,44.44,
EMBC,,,,,,,,,,,,,,,,
EMCG,,,,,,,,,,,,12.15,1.0,12.13,12.04,
EMCGU,,,,,,,,,,,,,,,,
EME,,,,,,,,,,,,,,,,
EML,,,,,,,,,,,,22.75,0.4,23.43,22.49,
EMN,,,,,,,,,,,,,,,,
EMPG,,,,,,,,,,,,,,,,
EMR,,,,,,,,,,,,,,,,
EMX,,,,,,,,,,,,,,,,
ENB,,,,,,,,,,,,45.09,0.9,44.79,45.49,
ENFY,,,,,,,,,,,,0.98,0.07,1.11,1.05,
ENGN,,,,,,,,,,,,,,,,
ENGS,,,,,,,,,,,,2.12,0.06,1.87,3.64,
ENIC,,,,,,,,,,,,3.38,0.65,3.51,3.53,
ENLT,,,,,,,,,,,,,,,,
ENLV,,,,,,,,,,,,,,,,
ENOV,,,,,,,,,,,,26.29,0.0,31.17,32.39,
ENPH,,,,,,,,,,,,,,,,
ENR,,,,,,,,,,,,,,,,
ENS,,,,,,,,,,,,,,,,
ENSC,,,,,,,,,,,,,,,,
ENSG,,,,,,,,,,,,,,,,
ENTA,,,,,,,,,,,,7.54,0.19,7.33,6.38,
ENTG,,,,,,,,,,,,,,,,
ENTO,,,,,,,,,,,,,,,,
ENTX,,,,,,,,,,,,,,,,
ENVA,,,,,,,,,,,,,,,,
ENVB,,,,,,,,,,,,1.32,0.0,1.28,1.27,
ENVX,,,,,,,,,,,,,,,,
EOG,,,,,,,,,,,,,,,,
EOLS,,,,,,,,,,,,,,,,
EONR,,,,,,,,,,,,,,,,
EOSE,,,,,,,,,,,,,,,,
EP,,,,,,,,,,,,,,,,
EPAC,,,,,,,,,,,,38.36,0.5,39.56,41.19,
EPAM,,,,,,,,,,,,,,,,
EPC,,,,,,,,,,,,,,,,
EPD,,,,,,,,,,,,,,,,
EPIX,,,,,,,,,,,,,,,,
EPM,,,,,,,,,,,,,,,,
EPOW,,,,,,,,,,,,,,,,
EPR,,,,,,,,,,,,,,,,
EPRT,,,,,,,,,,,,30.49,0.8,31.5,31.66,
EPRX,,,,,,,,,,,,5.29,0.97,5.13,4.2,
EPSM,,,,,,,,,,,,,,,,
EPSN,,,,,,,,,,,,,,,,
EPWK,,,,,,,,,,,,,,,,
EQ,,,,,,,,,,,,,,,,
EQBK,,,,,,,,,,,,39.83,0.66,41.07,39.31,
EQH,,,,,,,,,,,,,,,,
EQIX,,,,,,,,,,,,,,,,
EQNR,,,,,,,,,,,,,,,,
EQR,,,,,,,,,,,,,,,,
EQT,,,,,,,,,,,,,,,,
EQV,,,,,,,,,,,,,,,,
EQX,,,,,,,,,,,,,,,,
ERAS,,,,,,,,,,,,1.5,0.16,1.41,1.39,
ERIC,,,,,,,,,,,,,,,,
ERIE,,,,,,,,,,,,353.32,0.45,346.27,362.28,
ERII,,,,,,,,,,,,13.54,0.12,12.91,13.32,
ERJ,,,,,,,,,,,,49.3,0.76,54.34,48.89,
ERNA,,,,,,,,,,,,1.98,0.0,2.05,2.68,
ERO,,,,,,,,,,,,,,,,
ES,,,,,,,,,,,,,,,,
ESAB,,,,,,,,,,,,,,,,
ESCA,,,,,,,,,,,,,,,,
ESE,,,,,,,,,,,,,,,,
ESEA,,,,,,,,,,,,,,,,
ESGL,,,,,,,,,,,,,,,,
ESHA,,,,,,,,,,,,,,,,
ESI,,,,,,,,,,,,,,,,
ESLA,,,,,,,,,,,,0.85,0.01,0.9,0.96,
ESLT,,,,,,,,,,,,,,,,
ESNT,,,,,,,,,,,,,,,,
ESOA,,,,,,,,,,,,,,,,
ESP,,,,,,,,,,,,49.43,1.0,46.61,38.06,
ESPR,,,,,,,,,,,,,,,,
ESQ,,,,,,,,,,,,,,,,
ESRT,,,,,,,,,,,,,,,,
ESS,,,,,,,,,,,,287.37,0.83,284.05,279.37,
ESSA,,,,,,,,,,,,,,,,
ESTA,,,,,,,,,,,,,,,,
ESTC,,,,,,,,,,,,,,,,
ET,,,,,,,,,,,,,,,,
ETD,,,,,,,,,,,,28.97,0.67,28.85,27.42,
ETN,,,,,,,,,,,,,,,,
ETNB,,,,,,,,,,,,10.49,0.4,10.32,8.95,
ETON,,,,,,,,,,,,15.02,0.72,14.31,15.8,
ETOR,,,,,,,,,,,,,,,,
ETR,,,,,,,,,,,,,,,,
ETSY,,,,,,,,,,,,,,,,
ETWO,,,,,,,,,,,,,,,,
EU,,,,,,,,,,,,,,,,
EUDA,,,,,,,,,,,,,,,,
EURK,,,,,,,,,,,,,,,,
EURKU,,,,,,,,,,,,,,,,
EVAX,,,,,,,,,,,,2.63,0.02,2.49,2.12,
EVC,,,,,,,,,,,,,,,,
EVCM,,,,,,,,,,,,,,,,
EVER,,,,,,,,,,,,24.78,0.83,24.42,23.89,
EVEX,,,,,,,,,,,,,,,,
EVGN,,,,,,,,,,,,,,,,
EVGO,,,,,,,,,,,,3.77,0.29,3.68,3.52,
EVH,,,,,,,,,,,,,,,,
EVI,,,,,,,,,,,,22.92,0.68,22.6,19.1,
EVLV,,,,,,,,,,,,,,,,
EVO,,,,,,,,,,,,,,,,
EVOK,,,,,,,,,,,,4.56,0.13,3.73,3.21,
EVR,,,,,,,,,,,,,,,,
EVRG,,,,,,,,,,,,,,,,
EVTC,,,,,,,,,,,,,,,,
EVTL,,,,,,,,,,,,,,,,
EVTV,,,,,,,,,,,,,,,,
EW,,,,,,,,,,,,,,,,
EWBC,,,,,,,,,,,,,,,,
EWCZ,,,,,,,,,,,,4.9,0.1,5.5,4.78,
EWTX,,,,,,,,,,,,13.54,0.26,13.58,14.19,
EXAS,,,,,,,,,,,,50.46,0.15,52.48,51.67,
EXC,,,,,,,,,,,,,,,,
EXE,,,,,,,,,,,,108.64,0.74,112.79,111.6,
EXEL,,,,,,,,,,,,44.47,0.94,43.9,41.31,
EXFY,,,,,,,,,,,,,,,,
EXK,,,,,,,,,,,,5.38,0.89,5.16,4.26,
EXLS,,,,,,,,,,,,,,,,
EXOD,,,,,,,,,,,,,,,,
EXOZ,,,,,,,,,,,,,,,,
EXP,,,,,,,,,,,,,,,,
EXPD,,,,,,,,,,,,,,,,
EXPE,,,,,,,,,,,,,,,,
EXPI,,,,,,,,,,,,,,,,
EXPO,,,,,,,,,,,,,,,,
EXR,,,,,,,,,,,,,,,,
EXTR,,,,,,,,,,,,,,,,
EYE,,,,,,,,,,,,,,,,
EYPT,,,,,,,,,,,,,,,,
EZGO,,,,,,,,,,,,,,,,
EZPW,,,,,,,,,,,,13.98,0.73,13.81,14.31,
F,,,,,,,,,,,,,,,,
FA,,,,,,,,,,,,,,,,
FAAS,,,,,,,,,,,,,,,,
FACT,,,,,,,,,,,,10.27,0.93,10.28,10.19,
FACTU,,,,,,,,,,,,,,,,
FAF,,,,,,,,,,,,,,,,
FAMI,,,,,,,,,,,,,,,,
FANG,,,,,,,,,,,,,,,,
FARM,,,,,,,,,,,,,,,,
FARO,,,,,,,,,,,,,,,,
FAST,,,,,,,,,,,,46.06,1.0,43.07,41.58,
FAT,,,,,,,,,,,,,,,,
FATBB,,,,,,,,,,,,2.7,0.18,2.56,2.62,
FATE,,,,,,,,,,,,1.13,0.05,1.13,1.18,
FATN,,,,,,,,,,,,,,,,
FBGL,,,,,,,,,,,,,,,,
FBIN,,,,,,,,,,,,,,,,
FBIO,,,,,,,,,,,,,,,,
FBIZ,,,,,,,,,,,,,,,,
FBK,,,,,,,,,,,,,,,,
FBLA,,,,,,,,,,,,,,,,
FBLG,,,,,,,,,,,,,,,,
FBNC,,,,,,,,,,,,,,,,
FBP,,,,,,,,,,,,22.08,1.0,21.3,20.22,
FBRT,,,,,,,,,,,,,,,,
FBRX,,,,,,,,,,,,,,,,
FBYD,,,,,,,,,,,,,,,,
FC,,,,,,,,,,,,19.33,0.0,21.39,21.72,
FCAP,,,,,,,,,,,,39.01,0.6,42.3,44.76,
FCBC,,,,,,,,,,,,,,,,
FCCO,,,,,,,,,,,,25.41,0.85,24.46,23.49,
FCEL,,,,,,,,,,,,,,,,
FCF,,,,,,,,,,,,,,,,
FCFS,,,,,,,,,,,,,,,,
FCN,,,,,,,,,,,,,,,,
FCNCA,,,,,,,,,,,,2123.59,0.79,2031.42,1884.52,
FCNCP,,,,,,,,,,,,,,,,
FCPT,,,,,,,,,,,,26.34,0.75,26.69,27.04,
FCUV,,,,,,,,,,,,2.64,0.04,3.73,4.13,
FCX,,,,,,,,,,,,,,,,
FDBC,,,,,,,,,,,,43.78,0.31,44.41,41.58,
FDMT,,,,,,,,,,,,,,,,
FDP,,,,,,,,,,,,,,,,
FDS,,,,,,,,,,,,,,,,
FDSB,,,,,,,,,,,,,,,,
FDUS,,,,,,,,,,,,,,,,
FDX,,,,,,,,,,,,,,,,
FE,,,,,,,,,,,,,,,,
FEAM,,,,,,,,,,,,,,,,
FEBO,,,,,,,,,,,,,,,,
FEDU,,,,,,,,,,,,,,,,
FEIM,,,,,,,,,,,,21.47,0.9,21.4,19.3,
FELE,,,,,,,,,,,,,,,,
FEMY,,,,,,,,,,,,,,,,
FENC,,,,,,,,,,,,8.44,0.62,8.41,7.28,
FENG,,,,,,,,,,,,,,,,
FER,,,,,,,,,,,,53.12,0.99,52.45,50.32,
FERA,,,,,,,,,,,,10.16,0.96,10.16,10.08,
FERAU,,,,,,,,,,,,,,,,
FERG,,,,,,,,,,,,,,,,
FET,,,,,,,,,,,,,,,,
FF,,,,,,,,,,,,,,,,
FFAI,,,,,,,,,,,,,,,,
FFBC,,,,,,,,,,,,24.86,0.65,24.73,23.85,
FFIC,,,,,,,,,,,,12.49,0.32,12.19,11.96,
FFIN,,,,,,,,,,,,,,,,
FFIV,,,,,,,,,,,,302.17,0.95,295.41,282.71,
FFWM,,,,,,,,,,,,,,,,
FG,,,,,,,,,,,,,,,,
FGBI,,,,,,,,,,,,,,,,
FGBIP,,,,,,,,,,,,19.1,0.7,18.65,18.75,
FGEN,,,,,,,,,,,,,,,,
FGF,,,,,,,,,,,,,,,,
FGI,,,,,,,,,,,,,,,,
FGL,,,,,,,,,,,,1.0,0.08,0.84,1.09,
FGMC,,,,,,,,,,,,,,,,
FGMCU,,,,,,,,,,,,10.06,0.89,10.08,9.95,
FHB,,,,,,,,,,,,,,,,
FHI,,,,,,,,,,,,47.31,1.0,45.15,42.41,
FHN,,,,,,,,,,,,22.36,1.0,21.44,19.68,
FHTX,,,,,,,,,,,,,,,,
FI,,,,,,,,,,,,,,,,
FIBK,,,,,,,,,,,,,,,,
FICO,,,,,,,,,,,,,,,,
FIEE,,,,,,,,,,,,,,,,
FIGS,,,,,,,,,,,,,,,,
FIGXU,,,,,,,,,,,,,,,,
FIHL,,,,,,,,,,,,,,,,
FINV,,,,,,,,,,,,,,,,
FINW,,,,,,,,,,,,,,,,
FIP,,,,,,,,,,,,6.75,0.56,6.42,5.45,
FIS,,,,,,,,,,,,80.33,0.79,80.34,78.64,
FISI,,,,,,,,,,,,27.25,0.93,26.44,25.22,
FITB,,,,,,,,,,,,,,,,
FITBI,,,,,,,,,,,,,,,,
FITBO,,,,,,,,,,,,19.97,0.53,19.85,20.27,
FITBP,,,,,,,,,,,,24.07,0.91,24.22,23.98,
FIVE,,,,,,,,,,,,,,,,
FIVN,,,,,,,,,,,,,,,,
FIX,,,,,,,,,,,,554.18,1.0,533.94,470.23,
FIZZ,,,,,,,,,,,,,,,,
FKWL,,,,,,,,,,,,3.93,0.27,4.01,4.35,
FL,,,,,,,,,,,,25.17,0.57,24.69,20.22,
FLD,,,,,,,,,,,,,,,,
FLEX,,,,,,,,,,,,,,,,
FLG,,,,,,,,,,,,,,,,
FLGC,,,,,,,,,,,,0.62,0.05,0.63,0.63,
FLGT,,,,,,,,,,,,17.78,0.09,19.26,19.72,
FLL,,,,,,,,,,,,,,,,
FLNC,,,,,,,,,,,,,,,,
FLNG,,,,,,,,,,,,23.1,0.41,23.15,23.55,
FLNT,,,,,,,,,,,,,,,,
FLO,,,,,,,,,,,,,,,,
FLOC,,,,,,,,,,,,,,,,
FLR,,,,,,,,,,,,,,,,
FLS,,,,,,,,,,,,,,,,
FLUT,,,,,,,,,,,,,,,,
FLUX,,,,,,,,,,,,1.98,0.16,1.75,1.68,
FLWS,,,,,,,,,,,,,,,,
FLX,,,,,,,,,,,,3.02,0.05,3.07,2.71,
FLXS,,,,,,,,,,,,,,,,
FLYE,,,,,,,,,,,,,,,,
FLYW,,,,,,,,,,,,,,,,
FLYX,,,,,,,,,,,,,,,,
FLYY,,,,,,,,,,,,,,,,
FMAO,,,,,,,,,,,,,,,,
FMBH,,,,,,,,,,,,,,,,
FMC,,,,,,,,,,,,,,,,
FMFC,,,,,,,,,,,,7.05,1.0,5.84,5.84,
FMNB,,,,,,,,,,,,,,,,
FMS,,,,,,,,,,,,26.55,0.81,27.35,27.07,
FMST,,,,,,,,,,,,2.42,0.27,3.04,2.43,
FMX,,,,,,,,,,,,,,,,
FN,,,,,,,,,,,,,,,,
FNB,,,,,,,,,,,,,,,,
FND,,,,,,,,,,,,,,,,
FNF,,,,,,,,,,,,55.03,0.68,55.27,57.02,
FNGR,,,,,,,,,,,,,,,,
FNKO,,,,,,,,,,,,,,,,
FNLC,,,,,,,,,,,,,,,,
FNV,,,,,,,,,,,,,,,,
FNWB,,,,,,,,,,,,,,,,
FNWD,,,,,,,,,,,,26.63,0.63,27.73,29.18,
FOA,,,,,,,,,,,,,,,,
FOLD,,,,,,,,,,,,5.96,0.04,5.94,6.26,
FONR,,,,,,,,,,,,,,,,
FOR,,,,,,,,,,,,,,,,
FORA,,,,,,,,,,,,,,,,
FORD,,,,,,,,,,,,,,,,
FORL,,,,,,,,,,,,,,,,
FORLU,,,,,,,,,,,,11.54,1.0,11.49,11.36,
FORM,,,,,,,,,,,,35.28,0.29,34.98,31.55,
FORR,,,,,,,,,,,,,,,,
FORTY,,,,,,,,,,,,,,,,
FOSL,,,,,,,,,,,,,,,,
FOUR,,,,,,,,,,,,,,,,
FOX,,,,,,,,,,,,,,,,
FOXA,,,,,,,,,,,,56.25,0.96,55.93,53.31,
FOXF,,,,,,,,,,,,,,,,
FOXO,,,,,,,,,,,,0.11,0.0,0.17,0.48,
FOXX,,,,,,,,,,,,,,,,
FPAY,,,,,,,,,,,,,,,,
FPH,,,,,,,,,,,,,,,,
FPI,,,,,,,,,,,,,,,,
FR,,,,,,,,,,,,49.99,0.64,49.07,48.51,
FRAF,,,,,,,,,,,,,,,,
FRBA,,,,,,,,,,,,,,,,
FRD,,,,,,,,,,,,,,,,
FRGE,,,,,,,,,,,,18.22,0.21,17.89,14.75,
FRGT,,,,,,,,,,,,,,,,
FRHC,,,,,,,,,,,,,,,,
FRME,,,,,,,,,,,,40.61,0.83,39.38,37.39,
FRMEP,,,,,,,,,,,,25.49,1.0,25.41,25.24,
FRO,,,,,,,,,,,,,,,,
FROG,,,,,,,,,,,,,,,,
FRPH,,,,,,,,,,,,,,,,
FRPT,,,,,,,,,,,,70.82,0.15,70.7,76.65,
FRSH,,,,,,,,,,,,,,,,
FRST,,,,,,,,,,,,11.9,0.84,11.02,9.64,
FRSX,,,,,,,,,,,,,,,,
FRT,,,,,,,,,,,,,,,,
FSBC,,,,,,,,,,,,,,,,
FSBW,,,,,,,,,,,,,,,,
FSEA,,,,,,,,,,,,11.35,0.98,11.3,11.2,
FSFG,,,,,,,,,,,,26.2,0.78,25.35,25.56,
FSHP,,,,,,,,,,,,,,,,
FSHPU,,,,,,,,,,,,,,,,
FSI,,,,,,,,,,,,,,,,
FSK,,,,,,,,,,,,,,,,
FSLR,,,,,,,,,,,,175.85,0.33,164.09,154.93,
FSLY,,,,,,,,,,,,,,,,
FSM,,,,,,,,,,,,,,,,
FSP,,,,,,,,,,,,,,,,
FSS,,,,,,,,,,,,108.24,0.95,106.93,94.47,
FSTR,,,,,,,,,,,,22.74,0.56,22.59,20.44,
FSUN,,,,,,,,,,,,39.14,0.74,36.43,35.55,
FSV,,,,,,,,,,,,178.12,0.74,175.94,174.19,
FTAI,,,,,,,,,,,,,,,,
FTCI,,,,,,,,,,,,,,,,
FTDR,,,,,,,,,,,,57.78,0.93,58.57,53.09,
FTEK,,,,,,,,,,,,,,,,
FTEL,,,,,,,,,,,,,,,,
FTFT,,,,,,,,,,,,,,,,
FTHM,,,,,,,,,,,,,,,,
FTI,,,,,,,,,,,,,,,,
FTK,,,,,,,,,,,,,,,,
FTLF,,,,,,,,,,,,,,,,
FTNT,,,,,,,,,,,,,,,,
FTRE,,,,,,,,,,,,,,,,
FTRK,,,,,,,,,,,,0.61,0.0,1.88,2.99,
FTS,,,,,,,,,,,,,,,,
FTV,,,,,,,,,,,,,,,,
FUBO,,,,,,,,,,,,,,,,
FUFU,,,,,,,,,,,,,,,,
FUL,,,,,,,,,,,,,,,,
FULC,,,,,,,,,,,,,,,,
FULT,,,,,,,,,,,,19.62,0.86,18.5,17.37,
FULTP,,,,,,,,,,,,18.33,0.75,18.0,18.03,
FUN,,,,,,,,,,,,,,,,
FUNC,,,,,,,,,,,,,,,,
FURY,,,,,,,,,,,,,,,,
FUSB,,,,,,,,,,,,13.21,0.9,12.85,12.73,
FUTU,,,,,,,,,,,,160.57,1.0,133.58,110.37,
FVCB,,,,,,,,,,,,13.21,0.71,12.44,11.61,
FVN,,,,,,,,,,,,,,,,
FVNNU,,,,,,,,,,,,10.52,0.31,10.74,10.45,
FVR,,,,,,,,,,,,,,,,
FVRR,,,,,,,,,,,,,,,,
FWONA,,,,,,,,,,,,,,,,
FWONK,,,,,,,,,,,,,,,,
FWRD,,,,,,,,,,,,,,,,
FWRG,,,,,,,,,,,,16.84,0.25,16.79,16.88,
FXNC,,,,,,,,,,,,,,,,
FYBR,,,,,,,,,,,,,,,,
G,,,,,,,,,,,,,,,,
GABC,,,,,,,,,,,,40.87,0.79,39.58,38.14,
GAIA,,,,,,,,,,,,,,,,
GAIN,,,,,,,,,,,,,,,,
GALT,,,,,,,,,,,,,,,,
GAMB,,,,,,,,,,,,,,,,
GAME,,,,,,,,,,,,1.52,0.29,1.15,0.89,
GANX,,,,,,,,,,,,1.59,0.15,1.75,1.82,
GAP,,,,,,,,,,,,20.19,0.59,21.67,22.13,
GASS,,,,,,,,,,,,6.52,0.54,6.57,5.95,
GATX,,,,,,,,,,,,,,,,
GAU,,,,,,,,,,,,1.35,0.62,1.32,1.37,
GAUZ,,,,,,,,,,,,6.92,0.04,7.66,8.5,
GB,,,,,,,,,,,,,,,,
GBCI,,,,,,,,,,,,45.71,0.63,44.2,41.91,
GBDC,,,,,,,,,,,,,,,,
GBFH,,,,,,,,,,,,,,,,
GBIO,,,,,,,,,,,,,,,,
GBLI,,,,,,,,,,,,31.7,0.53,31.61,30.28,
GBR,,,,,,,,,,,,0.95,0.24,1.12,0.94,
GBTG,,,,,,,,,,,,6.32,0.31,6.34,6.37,
GBX,,,,,,,,,,,,48.64,0.45,49.89,45.86,
GCBC,,,,,,,,,,,,,,,,
GCI,,,,,,,,,,,,3.54,0.44,3.62,3.48,
GCL,,,,,,,,,,,,,,,,
GCMG,,,,,,,,,,,,,,,,
GCO,,,,,,,,,,,,,,,,
GCT,,,,,,,,,,,,,,,,
GCTK,,,,,,,,,,,,,,,,
GCTS,,,,,,,,,,,,,,,,
GD,,,,,,,,,,,,,,,,
GDC,,,,,,,,,,,,,,,,
GDDY,,,,,,,,,,,,,,,,
GDEN,,,,,,,,,,,,,,,,
GDEV,,,,,,,,,,,,,,,,
GDHG,,,,,,,,,,,,0.91,0.0,1.15,3.48,
GDOT,,,,,,,,,,,,10.58,0.25,10.54,9.47,
GDRX,,,,,,,,,,,,,,,,
GDS,,,,,,,,,,,,,,,,
GDTC,,,,,,,,,,,,,,,,
GDYN,,,,,,,,,,,,,,,,
GE,,,,,,,,,,,,,,,,
GECC,,,,,,,,,,,,,,,,
GEF,,,,,,,,,,,,,,,,
GEG,,,,,,,,,,,,2.01,0.52,2.09,2.04,
GEHC,,,,,,,,,,,,,,,,
GEL,,,,,,,,,,,,,,,,
GELS,,,,,,,,,,,,1.82,0.5,1.75,1.65,
GEN,,,,,,,,,,,,,,,,
GENC,,,,,,,,,,,,,,,,
GENI,,,,,,,,,,,,,,,,
GENK,,,,,,,,,,,,,,,,
GEO,,,,,,,,,,,,24.52,0.62,24.57,26.73,
GEOS,,,,,,,,,,,,,,,,
GERN,,,,,,,,,,,,1.24,0.02,1.4,1.4,
GES,,,,,,,,,,,,,,,,
GETY,,,,,,,,,,,,,,,,
GEV,,,,,,,,,,,,574.6,1.0,527.48,451.92,
GEVO,,,,,,,,,,,,,,,,
GFAI,,,,,,,,,,,,1.41,0.07,1.23,1.13,
GFF,,,,,,,,,,,,76.86,0.85,74.85,71.05,
GFI,,,,,,,,,,,,,,,,
GFL,,,,,,,,,,,,,,,,
GFR,,,,,,,,,,,,,,,,
GFS,,,,,,,,,,,,,,,,
GGAL,,,,,,,,,,,,,,,,
GGB,,,,,,,,,,,,,,,,
GGG,,,,,,,,,,,,,,,,
GGR,,,,,,,,,,,,0.34,0.04,0.31,0.28,
GH,,,,,,,,,,,,46.46,0.87,49.44,45.96,
GHC,,,,,,,,,,,,,,,,
GHG,,,,,,,,,,,,2.47,0.11,2.23,2.12,
GHI,,,,,,,,,,,,,,,,
GHLD,,,,,,,,,,,,,,,,
GHM,,,,,,,,,,,,,,,,
GHRS,,,,,,,,,,,,17.57,1.0,14.62,12.13,
GIB,,,,,,,,,,,,,,,,
GIBO,,,,,,,,,,,,,,,,
GIC,,,,,,,,,,,,,,,,
GIFI,,,,,,,,,,,,,,,,
GIFT,,,,,,,,,,,,,,,,
GIG,,,,,,,,,,,,10.38,0.96,10.38,10.29,
GIGGU,,,,,,,,,,,,10.54,0.96,10.51,10.38,
GIGM,,,,,,,,,,,,1.43,0.32,1.46,1.49,
GIII,,,,,,,,,,,,23.08,0.25,22.92,24.59,
GIL,,,,,,,,,,,,,,,,
GILD,,,,,,,,,,,,108.22,0.86,109.76,106.38,
GILT,,,,,,,,,,,,,,,,
GIPR,,,,,,,,,,,,1.44,0.03,1.45,1.51,
GIS,,,,,,,,,,,,50.1,0.01,51.17,53.42,
GITS,,,,,,,,,,,,,,,,
GKOS,,,,,,,,,,,,,,,,
GL,,,,,,,,,,,,,,,,
GLAD,,,,,,,,,,,,,,,,
GLBE,,,,,,,,,,,,,,,,
GLBS,,,,,,,,,,,,1.13,0.12,1.15,1.14,
GLBZ,,,,,,,,,,,,,,,,
GLDD,,,,,,,,,,,,11.16,0.76,11.65,10.79,
GLDG,,,,,,,,,,,,0.77,0.15,0.74,0.77,
GLE,,,,,,,,,,,,,,,,
GLIBA,,,,,,,,,,,,,,,,
GLIBK,,,,,,,,,,,,36.95,1.0,34.03,34.03,
GLMD,,,,,,,,,,,,,,,,
GLNG,,,,,,,,,,,,40.99,0.92,41.25,39.99,
GLOB,,,,,,,,,,,,,,,,
GLP,,,,,,,,,,,,51.54,0.81,52.5,51.37,
GLPG,,,,,,,,,,,,,,,,
GLPI,,,,,,,,,,,,,,,,
GLRE,,,,,,,,,,,,,,,,
GLSI,,,,,,,,,,,,,,,,
GLTO,,,,,,,,,,,,,,,,
GLUE,,,,,,,,,,,,,,,,
GLW,,,,,,,,,,,,,,,,
GLXG,,,,,,,,,,,,0.62,0.01,0.61,0.59,
GLXY,,,,,,,,,,,,,,,,
GM,,,,,,,,,,,,,,,,
GMAB,,,,,,,,,,,,,,,,
GME,,,,,,,,,,,,23.28,0.57,23.45,26.39,
GMED,,,,,,,,,,,,,,,,
GMGI,,,,,,,,,,,,,,,,
GMHS,,,,,,,,,,,,,,,,
GMM,,,,,,,,,,,,2.84,0.18,2.69,2.62,
GMRE,,,,,,,,,,,,,,,,
GMS,,,,,,,,,,,,,,,,
GNE,,,,,,,,,,,,,,,,
GNFT,,,,,,,,,,,,3.79,0.24,3.77,3.93,
GNK,,,,,,,,,,,,,,,,
GNL,,,,,,,,,,,,,,,,
GNLN,,,,,,,,,,,,,,,,
GNLX,,,,,,,,,,,,3.33,0.06,3.14,2.82,
GNPX,,,,,,,,,,,,0.28,0.0,0.26,0.27,
GNRC,,,,,,,,,,,,,,,,
GNS,,,,,,,,,,,,,,,,
GNSS,,,,,,,,,,,,,,,,
GNTA,,,,,,,,,,,,3.77,0.35,3.54,3.89,
GNTX,,,,,,,,,,,,22.94,0.13,22.38,21.86,
GNTY,,,,,,,,,,,,,,,,
GNW,,,,,,,,,,,,7.44,0.78,7.67,7.15,
GO,,,,,,,,,,,,,,,,
GOCO,,,,,,,,,,,,,,,,
GOGL,,,,,,,,,,,,,,,,
GOGO,,,,,,,,,,,,15.85,0.83,15.13,11.56,
GOLF,,,,,,,,,,,,,,,,
GOOD,,,,,,,,,,,,,,,,
GOOG,,,,,,,,,,,,,,,,
GOOGL,,,,,,,,,,,,,,,,
GOOS,,,,,,,,,,,,,,,,
GORO,,,,,,,,,,,,,,,,
GORV,,,,,,,,,,,,6.21,0.0,6.88,7.08,
GOSS,,,,,,,,,,,,,,,,
GOTU,,,,,,,,,,,,,,,,
GOVX,,,,,,,,,,,,0.76,0.03,0.76,0.92,
GP,,,,,,,,,,,,,,,,
GPAT,,,,,,,,,,,,,,,,
GPATU,,,,,,,,,,,,,,,,
GPC,,,,,,,,,,,,122.91,0.27,123.02,121.08,
GPCR,,,,,,,,,,,,,,,,
GPI,,,,,,,,,,,,,,,,
GPK,,,,,,,,,,,,22.45,0.26,21.81,22.52,
GPMT,,,,,,,,,,,,,,,,
GPN,,,,,,,,,,,,,,,,
GPOR,,,,,,,,,,,,,,,,
GPRE,,,,,,,,,,,,7.96,0.14,6.91,5.1,
GPRK,,,,,,,,,,,,,,,,
GPRO,,,,,,,,,,,,,,,,
GPUS,,,,,,,,,,,,,,,,
GRAB,,,,,,,,,,,,,,,,
GRAF,,,,,,,,,,,,,,,,
GRAL,,,,,,,,,,,,35.19,0.53,43.33,38.22,
GRAN,,,,,,,,,,,,,,,,
GRBK,,,,,,,,,,,,,,,,
GRC,,,,,,,,,,,,,,,,
GRCE,,,,,,,,,,,,3.36,0.58,3.18,2.84,
GRDN,,,,,,,,,,,,20.28,0.37,20.6,22.25,
GREE,,,,,,,,,,,,,,,,
GRFS,,,,,,,,,,,,,,,,
GRI,,,,,,,,,,,,,,,,
GRMN,,,,,,,,,,,,,,,,
GRND,,,,,,,,,,,,,,,,
GRNQ,,,,,,,,,,,,,,,,
GRNT,,,,,,,,,,,,,,,,
GRO,,,,,,,,,,,,,,,,
GROV,,,,,,,,,,,,,,,,
GROW,,,,,,,,,,,,,,,,
GROY,,,,,,,,,,,,,,,,
GRPN,,,,,,,,,,,,,,,,
GRRR,,,,,,,,,,,,,,,,
GRVY,,,,,,,,,,,,,,,,
GRWG,,,,,,,,,,,,,,,,
GRYP,,,,,,,,,,,,1.26,0.09,1.13,0.87,
GS,,,,,,,,,,,,,,,,
GSAT,,,,,,,,,,,,,,,,
GSBC,,,,,,,,,,,,,,,,
GSBD,,,,,,,,,,,,11.87,0.61,11.39,10.78,
GSHD,,,,,,,,,,,,,,,,
GSHR,,,,,,,,,,,,,,,,
GSHRU,,,,,,,,,,,,,,,,
GSIT,,,,,,,,,,,,,,,,
GSIW,,,,,,,,,,,,,,,,
GSK,,,,,,,,,,,,,,,,
GSL,,,,,,,,,,,,27.85,1.0,27.02,24.27,
GSM,,,,,,,,,,,,,,,,
GSRT,,,,,,,,,,,,,,,,
GSRTU,,,,,,,,,,,,,,,,
GSUN,,,,,,,,,,,,2.8,0.05,2.73,3.03,
GT,,,,,,,,,,,,,,,,
GTBP,,,,,,,,,,,,2.06,0.05,2.73,2.55,
GTE,,,,,,,,,,,,,,,,
GTEC,,,,,,,,,,,,,,,,
GTEN,,,,,,,,,,,,,,,,
GTENU,,,,,,,,,,,,,,,,
GTERU,,,,,,,,,,,,,,,,
GTES,,,,,,,,,,,,24.71,1.0,23.66,21.25,
GTI,,,,,,,,,,,,,,,,
GTIM,,,,,,,,,,,,,,,,
GTLB,,,,,,,,,,,,,,,,
GTLS,,,,,,,,,,,,,,,,
GTM,,,,,,,,,,,,,,,,
GTN,,,,,,,,,,,,,,,,
GTX,,,,,,,,,,,,,,,,
GTY,,,,,,,,,,,,,,,,
GURE,,,,,,,,,,,,0.69,0.08,0.74,0.7,
GUTS,,,,,,,,,,,,,,,,
GV,,,,,,,,,,,,,,,,
GVA,,,,,,,,,,,,94.04,0.93,92.64,87.13,
GVH,,,,,,,,,,,,,,,,
GWAV,,,,,,,,,,,,,,,,
GWH,,,,,,,,,,,,,,,,
GWRE,,,,,,,,,,,,,,,,
GWRS,,,,,,,,,,,,,,,,
GWW,,,,,,,,,,,,1028.35,0.67,1040.86,1048.4,
GXAI,,,,,,,,,,,,1.24,0.01,1.37,1.29,
GXO,,,,,,,,,,,,,,,,
GYRE,,,,,,,,,,,,7.21,0.09,7.66,8.54,
GYRO,,,,,,,,,,,,,,,,
H,,,,,,,,,,,,147.86,0.76,143.4,130.32,
HAE,,,,,,,,,,,,72.55,0.4,73.96,68.41,
HAFC,,,,,,,,,,,,25.93,0.96,25.17,23.47,
HAFN,,,,,,,,,,,,,,,,
HAIN,,,,,,,,,,,,1.55,0.01,1.58,2.05,
HAL,,,,,,,,,,,,21.22,0.08,21.73,21.13,
HALO,,,,,,,,,,,,,,,,
HAO,,,,,,,,,,,,,,,,
HAS,,,,,,,,,,,,77.81,1.0,74.52,66.07,
HASI,,,,,,,,,,,,26.69,0.67,26.68,25.71,
HAYW,,,,,,,,,,,,,,,,
HBAN,,,,,,,,,,,,,,,,
HBANL,,,,,,,,,,,,,,,,
HBANM,,,,,,,,,,,,22.34,0.79,22.28,22.17,
HBANP,,,,,,,,,,,,17.73,0.73,17.42,17.18,
HBB,,,,,,,,,,,,,,,,
HBCP,,,,,,,,,,,,,,,,
HBI,,,,,,,,,,,,4.51,0.15,4.58,4.74,
HBIO,,,,,,,,,,,,,,,,
HBM,,,,,,,,,,,,,,,,
HBNC,,,,,,,,,,,,,,,,
HBT,,,,,,,,,,,,,,,,
HCA,,,,,,,,,,,,,,,,
HCAI,,,,,,,,,,,,0.78,0.0,0.84,4.89,
HCAT,,,,,,,,,,,,3.65,0.0,3.8,3.91,
HCC,,,,,,,,,,,,52.55,0.4,48.47,47.61,
HCHL,,,,,,,,,,,,4.68,0.0,5.01,5.01,
HCI,,,,,,,,,,,,143.14,0.79,145.39,153.24,
HCKT,,,,,,,,,,,,23.32,0.23,24.44,24.92,
HCM,,,,,,,,,,,,,,,,
HCSG,,,,,,,,,,,,12.69,0.58,14.13,13.66,
HCTI,,,,,,,,,,,,,,,,
HCWB,,,,,,,,,,,,,,,,
HCWC,,,,,,,,,,,,0.43,0.03,0.42,0.41,
HD,,,,,,,,,,,,,,,,
HDB,,,,,,,,,,,,75.28,0.91,75.9,73.94,
HDL,,,,,,,,,,,,,,,,
HDSN,,,,,,,,,,,,,,,,
HE,,,,,,,,,,,,,,,,
HEI,,,,,,,,,,,,,,,,
HELE,,,,,,,,,,,,21.94,0.0,26.44,28.2,
HEPS,,,,,,,,,,,,,,,,
HES,,,,,,,,,,,,,,,,
HESM,,,,,,,,,,,,41.0,0.94,38.94,38.0,
HFBL,,,,,,,,,,,,,,,,
HFFG,,,,,,,,,,,,,,,,
HFWA,,,,,,,,,,,,,,,,
HG,,,,,,,,,,,,,,,,
HGBL,,,,,,,,,,,,,,,,
HGTY,,,,,,,,,,,,,,,,
HGV,,,,,,,,,,,,,,,,
HHH,,,,,,,,,,,,68.76,0.39,69.06,68.52,
HHS,,,,,,,,,,,,3.36,0.0,3.74,4.29,
HI,,,,,,,,,,,,,,,,
HIFS,,,,,,,,,,,,,,,,
HIG,,,,,,,,,,,,122.86,0.88,123.92,124.35,
HIHO,,,,,,,,,,,,,,,,
HII,,,,,,,,,,,,,,,,
HIMS,,,,,,,,,,,,,,,,
HIMX,,,,,,,,,,,,9.51,0.64,9.11,7.99,
HIPO,,,,,,,,,,,,,,,,
HIT,,,,,,,,,,,,1.16,0.09,0.92,0.75,
HITI,,,,,,,,,,,,,,,,
HIVE,,,,,,,,,,,,2.23,0.21,2.07,1.9,
HIW,,,,,,,,,,,,,,,,
HKD,,,,,,,,,,,,,,,,
HKIT,,,,,,,,,,,,,,,,
HKPD,,,,,,,,,,,,,,,,
HL,,,,,,,,,,,,,,,,
HLF,,,,,,,,,,,,9.27,0.3,9.24,7.81,
HLI,,,,,,,,,,,,196.17,1.0,185.36,173.51,
HLIO,,,,,,,,,,,,36.28,0.28,34.63,31.4,
HLIT,,,,,,,,,,,,,,,,
HLLY,,,,,,,,,,,,2.22,0.05,2.14,2.1,
HLMN,,,,,,,,,,,,,,,,
HLN,,,,,,,,,,,,9.6,0.54,10.12,10.49,
HLNE,,,,,,,,,,,,154.64,0.64,146.67,150.05,
HLP,,,,,,,,,,,,,,,,
HLT,,,,,,,,,,,,272.68,0.96,267.55,247.26,
HLVX,,,,,,,,,,,,,,,,
HLX,,,,,,,,,,,,,,,,
HLXB,,,,,,,,,,,,,,,,
HMC,,,,,,,,,,,,,,,,
HMN,,,,,,,,,,,,41.37,0.87,41.87,41.79,
HMR,,,,,,,,,,,,1.56,0.03,1.64,2.14,
HMST,,,,,,,,,,,,,,,,
HMY,,,,,,,,,,,,,,,,
HNGE,,,,,,,,,,,,,,,,
HNI,,,,,,,,,,,,,,,,
HNNA,,,,,,,,,,,,12.75,0.93,12.26,11.11,
HNRG,,,,,,,,,,,,15.79,0.76,15.73,15.9,
HNST,,,,,,,,,,,,,,,,
HNVR,,,,,,,,,,,,,,,,
HOFT,,,,,,,,,,,,10.55,0.14,10.95,9.82,
HOG,,,,,,,,,,,,,,,,
HOLO,,,,,,,,,,,,5.41,0.0,5.4,8.2,
HOLX,,,,,,,,,,,,,,,,
HOMB,,,,,,,,,,,,30.19,0.9,29.11,28.18,
HON,,,,,,,,,,,,,,,,
HOND,,,,,,,,,,,,,,,,
HONDU,,,,,,,,,,,,,,,,
HONE,,,,,,,,,,,,12.16,0.77,11.78,11.18,
HOOD,,,,,,,,,,,,109.74,1.0,92.8,69.34,
HOOK,,,,,,,,,,,,,,,,
HOPE,,,,,,,,,,,,,,,,
HOTH,,,,,,,,,,,,,,,,
HOUR,,,,,,,,,,,,,,,,
HOUS,,,,,,,,,,,,,,,,
HOV,,,,,,,,,,,,,,,,
HOVNP,,,,,,,,,,,,,,,,
HOVR,,,,,,,,,,,,,,,,
HOWL,,,,,,,,,,,,1.41,0.11,1.18,1.08,
HP,,,,,,,,,,,,15.52,0.01,16.32,17.46,
HPAI,,,,,,,,,,,,,,,,
HPE,,,,,,,,,,,,,,,,
HPK,,,,,,,,,,,,8.31,0.0,10.0,9.8,
HPP,,,,,,,,,,,,2.55,0.09,2.73,2.38,
HPQ,,,,,,,,,,,,,,,,
HQI,,,,,,,,,,,,9.81,0.04,10.09,10.05,
HQY,,,,,,,,,,,,,,,,
HR,,,,,,,,,,,,16.18,0.73,15.83,15.21,
HRB,,,,,,,,,,,,55.44,0.75,55.45,57.48,
HRI,,,,,,,,,,,,136.65,0.27,134.13,124.45,
HRL,,,,,,,,,,,,29.14,0.15,29.97,29.83,
HRMY,,,,,,,,,,,,35.2,0.8,33.05,32.61,
HROW,,,,,,,,,,,,35.89,0.56,32.82,28.69,
HRTG,,,,,,,,,,,,,,,,
HRTX,,,,,,,,,,,,,,,,
HRZN,,,,,,,,,,,,,,,,
HSAI,,,,,,,,,,,,,,,,
HSBC,,,,,,,,,,,,,,,,
HSCS,,,,,,,,,,,,,,,,
HSDT,,,,,,,,,,,,,,,,
HSHP,,,,,,,,,,,,,,,,
HSIC,,,,,,,,,,,,,,,,
HSII,,,,,,,,,,,,,,,,
HSON,,,,,,,,,,,,,,,,
HSPO,,,,,,,,,,,,,,,,
HSPOU,,,,,,,,,,,,,,,,
HSPT,,,,,,,,,,,,,,,,
HSPTU,,,,,,,,,,,,,,,,
HST,,,,,,,,,,,,,,,,
HSTM,,,,,,,,,,,,26.28,0.41,26.97,28.93,
HSY,,,,,,,,,,,,171.29,0.28,170.19,165.19,
HTB,,,,,,,,,,,,,,,,
HTBK,,,,,,,,,,,,,,,,
HTCO,,,,,,,,,,,,,,,,
HTCR,,,,,,,,,,,,,,,,
HTGC,,,,,,,,,,,,,,,,
HTH,,,,,,,,,,,,31.29,0.65,30.74,29.88,
HTHT,,,,,,,,,,,,,,,,
HTLD,,,,,,,,,,,,,,,,
HTLM,,,,,,,,,,,,3.6,0.01,3.59,3.71,
HTO,,,,,,,,,,,,,,,,
HTOO,,,,,,,,,,,,,,,,
HTZ,,,,,,,,,,,,,,,,
HUBB,,,,,,,,,,,,,,,,
HUBC,,,,,,,,,,,,,,,,
HUBG,,,,,,,,,,,,,,,,
HUBS,,,,,,,,,,,,,,,,
HUDI,,,,,,,,,,,,1.27,0.0,1.32,1.38,
HUHU,,,,,,,,,,,,7.18,0.9,6.45,5.35,
HUIZ,,,,,,,,,,,,,,,,
HUM,,,,,,,,,,,,,,,,
HUMA,,,,,,,,,,,,2.33,0.16,2.27,2.06,
HUN,,,,,,,,,,,,,,,,
HURA,,,,,,,,,,,,,,,,
HURC,,,,,,,,,,,,,,,,
HURN,,,,,,,,,,,,,,,,
HUSA,,,,,,,,,,,,,,,,
HUT,,,,,,,,,,,,21.62,0.63,19.94,16.62,
HUYA,,,,,,,,,,,,,,,,
HVII,,,,,,,,,,,,10.16,1.0,10.16,10.05,
HVIIU,,,,,,,,,,,,,,,,
HVT,,,,,,,,,,,,,,,,
HWBK,,,,,,,,,,,,,,,,
HWC,,,,,,,,,,,,60.21,0.97,58.49,54.57,
HWH,,,,,,,,,,,,,,,,
HWKN,,,,,,,,,,,,,,,,
HWM,,,,,,,,,,,,,,,,
HXHX,,,,,,,,,,,,,,,,
HXL,,,,,,,,,,,,,,,,
HY,,,,,,,,,,,,40.86,0.11,40.88,40.01,
HYAC,,,,,,,,,,,,,,,,
HYFM,,,,,,,,,,,,4.34,0.18,3.84,3.44,
HYLN,,,,,,,,,,,,,,,,
HYMC,,,,,,,,,,,,,,,,
HYPD,,,,,,,,,,,,,,,,
HYPR,,,,,,,,,,,,,,,,
HZO,,,,,,,,,,,,,,,,
IAC,,,,,,,,,,,,,,,,
IAG,,,,,,,,,,,,,,,,
IART,,,,,,,,,,,,,,,,
IAS,,,,,,,,,,,,,,,,
IAUX,,,,,,,,,,,,0.6,0.14,0.63,0.6,
IBAC,,,,,,,,,,,,,,,,
IBCP,,,,,,,,,,,,34.13,0.82,33.1,31.63,
IBEX,,,,,,,,,,,,,,,,
IBG,,,,,,,,,,,,,,,,
IBIO,,,,,,,,,,,,0.73,0.0,0.76,0.86,
IBKR,,,,,,,,,,,,,,,,
IBM,,,,,,,,,,,,285.87,0.96,286.42,263.74,
IBN,,,,,,,,,,,,,,,,
IBO,,,,,,,,,,,,,,,,
IBOC,,,,,,,,,,,,,,,,
IBP,,,,,,,,,,,,184.09,0.5,185.63,170.95,
IBRX,,,,,,,,,,,,,,,,
IBTA,,,,,,,,,,,,,,,,
ICAD,,,,,,,,,,,,3.87,0.96,3.78,3.56,
ICCC,,,,,,,,,,,,,,,,
ICCM,,,,,,,,,,,,,,,,
ICE,,,,,,,,,,,,,,,,
ICFI,,,,,,,,,,,,,,,,
ICG,,,,,,,,,,,,,,,,
ICHR,,,,,,,,,,,,22.75,0.24,21.19,19.06,
ICL,,,,,,,,,,,,,,,,
ICLR,,,,,,,,,,,,,,,,
ICMB,,,,,,,,,,,,,,,,
ICON,,,,,,,,,,,,3.04,0.01,2.53,2.14,
ICU,,,,,,,,,,,,,,,,
ICUI,,,,,,,,,,,,,,,,
IDA,,,,,,,,,,,,120.18,1.0,116.34,116.15,
IDAI,,,,,,,,,,,,3.0,0.57,2.73,2.25,
IDCC,,,,,,,,,,,,,,,,
IDN,,,,,,,,,,,,,,,,
IDR,,,,,,,,,,,,,,,,
IDT,,,,,,,,,,,,,,,,
IDXX,,,,,,,,,,,,,,,,
IDYA,,,,,,,,,,,,,,,,
IE,,,,,,,,,,,,,,,,
IEP,,,,,,,,,,,,,,,,
IESC,,,,,,,,,,,,,,,,
IEX,,,,,,,,,,,,,,,,
IFBD,,,,,,,,,,,,,,,,
IFF,,,,,,,,,,,,76.0,0.36,75.19,75.24,
IFRX,,,,,,,,,,,,,,,,
IFS,,,,,,,,,,,,,,,,
IGC,,,,,,,,,,,,,,,,
IGIC,,,,,,,,,,,,24.05,0.9,23.65,23.76,
IGMS,,,,,,,,,,,,,,,,
IH,,,,,,,,,,,,3.17,0.94,2.55,2.34,
IHG,,,,,,,,,,,,,,,,
IHRT,,,,,,,,,,,,,,,,
IHS,,,,,,,,,,,,,,,,
IHT,,,,,,,,,,,,,,,,
III,,,,,,,,,,,,,,,,
IIIN,,,,,,,,,,,,36.22,0.78,37.56,35.13,
IIIV,,,,,,,,,,,,,,,,
IINN,,,,,,,,,,,,,,,,
IIPR,,,,,,,,,,,,,,,,
IKNA,,,,,,,,,,,,,,,,
IKT,,,,,,,,,,,,,,,,
ILAG,,,,,,,,,,,,,,,,
ILLR,,,,,,,,,,,,,,,,
ILMN,,,,,,,,,,,,,,,,
ILPT,,,,,,,,,,,,5.23,0.91,4.95,3.68,
IMAB,,,,,,,,,,,,,,,,
IMAX,,,,,,,,,,,,28.42,0.97,27.79,26.41,
IMCC,,,,,,,,,,,,3.42,0.42,2.94,2.49,
IMCR,,,,,,,,,,,,,,,,
IMDX,,,,,,,,,,,,,,,,
IMG,,,,,,,,,,,,,,,,
IMKTA,,,,,,,,,,,,,,,,
IMMP,,,,,,,,,,,,1.7,0.16,1.66,1.73,
IMMR,,,,,,,,,,,,,,,,
IMMX,,,,,,,,,,,,,,,,
IMNM,,,,,,,,,,,,,,,,
IMNN,,,,,,,,,,,,,,,,
IMO,,,,,,,,,,,,82.31,0.99,81.33,74.19,
IMOS,,,,,,,,,,,,,,,,
IMPP,,,,,,,,,,,,,,,,
IMRN,,,,,,,,,,,,,,,,
IMRX,,,,,,,,,,,,4.13,0.33,3.62,2.21,
IMTE,,,,,,,,,,,,1.38,0.31,1.1,1.16,
IMTX,,,,,,,,,,,,,,,,
IMUX,,,,,,,,,,,,,,,,
IMVT,,,,,,,,,,,,,,,,
IMXI,,,,,,,,,,,,,,,,
INAB,,,,,,,,,,,,2.17,0.0,2.19,3.66,
INACU,,,,,,,,,,,,10.04,0.6,10.04,10.04,
INBK,,,,,,,,,,,,,,,,
INBS,,,,,,,,,,,,,,,,
INBX,,,,,,,,,,,,24.45,1.0,18.38,14.52,
INCR,,,,,,,,,,,,1.52,0.22,1.53,1.5,
INCY,,,,,,,,,,,,,,,,
INDB,,,,,,,,,,,,,,,,
INDI,,,,,,,,,,,,,,,,
INDO,,,,,,,,,,,,,,,,
INDP,,,,,,,,,,,,,,,,
INDV,,,,,,,,,,,,,,,,
INEO,,,,,,,,,,,,1.17,0.1,1.22,1.13,
INFA,,,,,,,,,,,,,,,,
INFU,,,,,,,,,,,,5.48,0.1,5.96,5.64,
INFY,,,,,,,,,,,,18.21,0.34,18.31,17.91,
ING,,,,,,,,,,,,,,,,
INGM,,,,,,,,,,,,,,,,
INGN,,,,,,,,,,,,6.35,0.25,6.9,6.75,
INGR,,,,,,,,,,,,,,,,
INHD,,,,,,,,,,,,1.46,0.01,1.4,3.1,
INKT,,,,,,,,,,,,,,,,
INLF,,,,,,,,,,,,,,,,
INLX,,,,,,,,,,,,13.9,0.88,12.86,12.99,
INM,,,,,,,,,,,,2.67,0.04,2.84,2.78,
INMB,,,,,,,,,,,,,,,,
INMD,,,,,,,,,,,,,,,,
INN,,,,,,,,,,,,5.28,0.48,5.27,4.57,
INNV,,,,,,,,,,,,3.93,0.24,4.07,3.7,
INO,,,,,,,,,,,,,,,,
INOD,,,,,,,,,,,,49.28,0.77,49.43,42.2,
INR,,,,,,,,,,,,,,,,
INSE,,,,,,,,,,,,,,,,
INSG,,,,,,,,,,,,,,,,
INSM,,,,,,,,,,,,102.56,1.0,100.14,81.78,
INSP,,,,,,,,,,,,,,,,
INSW,,,,,,,,,,,,38.88,0.37,39.09,36.91,
INTA,,,,,,,,,,,,,,,,
INTC,,,,,,,,,,,,23.1,0.14,22.56,21.0,
INTG,,,,,,,,,,,,11.24,0.0,11.79,12.26,
INTJ,,,,,,,,,,,,,,,,
INTR,,,,,,,,,,,,6.91,0.84,7.12,6.81,
INTS,,,,,,,,,,,,,,,,
INTT,,,,,,,,,,,,,,,,
INTU,,,,,,,,,,,,,,,,
INTZ,,,,,,,,,,,,,,,,
INUV,,,,,,,,,,,,,,,,
INV,,,,,,,,,,,,4.97,0.17,4.88,4.75,
INVA,,,,,,,,,,,,19.57,0.77,19.7,19.35,
INVE,,,,,,,,,,,,3.4,0.07,3.27,3.24,
INVH,,,,,,,,,,,,,,,,
INVX,,,,,,,,,,,,,,,,
INVZ,,,,,,,,,,,,,,,,
IOBT,,,,,,,,,,,,,,,,
IONQ,,,,,,,,,,,,,,,,
IONR,,,,,,,,,,,,3.48,0.14,2.88,3.28,
IONS,,,,,,,,,,,,,,,,
IOR,,,,,,,,,,,,,,,,
IOSP,,,,,,,,,,,,,,,,
IOT,,,,,,,,,,,,39.24,0.46,38.9,41.18,
IOTR,,,,,,,,,,,,0.5,0.04,0.43,0.72,
IOVA,,,,,,,,,,,,2.23,0.04,1.9,2.27,
IP,,,,,,,,,,,,,,,,
IPA,,,,,,,,,,,,,,,,
IPAR,,,,,,,,,,,,,,,,
IPCX,,,,,,,,,,,,10.15,0.5,10.15,10.15,
IPCXU,,,,,,,,,,,,10.5,0.93,10.5,10.34,
IPDN,,,,,,,,,,,,2.51,0.05,2.09,1.69,
IPG,,,,,,,,,,,,,,,,
IPGP,,,,,,,,,,,,,,,,
IPHA,,,,,,,,,,,,,,,,
IPI,,,,,,,,,,,,,,,,
IPM,,,,,,,,,,,,2.23,0.19,2.0,1.95,
IPOD,,,,,,,,,,,,,,,,
IPODU,,,,,,,,,,,,10.17,0.79,10.18,10.12,
IPSC,,,,,,,,,,,,0.58,0.03,0.57,0.55,
IPW,,,,,,,,,,,,,,,,
IPWR,,,,,,,,,,,,6.17,0.23,5.1,5.03,
IPX,,,,,,,,,,,,33.89,1.0,31.01,25.23,
IQ,,,,,,,,,,,,,,,,
IQST,,,,,,,,,,,,,,,,
IQV,,,,,,,,,,,,160.63,0.2,159.97,151.43,
IR,,,,,,,,,,,,85.55,0.59,85.24,80.79,
IRBT,,,,,,,,,,,,,,,,
IRD,,,,,,,,,,,,,,,,
IRDM,,,,,,,,,,,,,,,,
IREN,,,,,,,,,,,,,,,,
IRIX,,,,,,,,,,,,,,,,
IRM,,,,,,,,,,,,,,,,
IRMD,,,,,,,,,,,,,,,,
IROH,,,,,,,,,,,,,,,,
IROHU,,,,,,,,,,,,11.0,0.46,10.94,11.15,
IRON,,,,,,,,,,,,57.77,0.63,55.11,49.43,
IROQ,,,,,,,,,,,,,,,,
IRS,,,,,,,,,,,,14.72,0.8,14.31,14.47,
IRT,,,,,,,,,,,,,,,,
IRTC,,,,,,,,,,,,,,,,
IRWD,,,,,,,,,,,,,,,,
ISBA,,,,,,,,,,,,31.27,0.68,32.04,28.63,
ISOU,,,,,,,,,,,,,,,,
ISPC,,,,,,,,,,,,,,,,
ISPO,,,,,,,,,,,,,,,,
ISPR,,,,,,,,,,,,2.89,0.06,2.69,2.78,
ISRG,,,,,,,,,,,,,,,,
ISRL,,,,,,,,,,,,,,,,
ISRLU,,,,,,,,,,,,,,,,
ISSC,,,,,,,,,,,,,,,,
ISTR,,,,,,,,,,,,,,,,
IT,,,,,,,,,,,,355.4,0.13,385.16,410.27,
ITGR,,,,,,,,,,,,112.49,0.57,118.76,119.5,
ITIC,,,,,,,,,,,,202.9,0.55,209.34,220.69,
ITOS,,,,,,,,,,,,,,,,
ITP,,,,,,,,,,,,,,,,
ITRG,,,,,,,,,,,,,,,,
ITRI,,,,,,,,,,,,,,,,
ITRM,,,,,,,,,,,,,,,,
ITRN,,,,,,,,,,,,38.86,0.9,38.11,36.41,
ITT,,,,,,,,,,,,,,,,
ITUB,,,,,,,,,,,,,,,,
ITW,,,,,,,,,,,,,,,,
IVA,,,,,,,,,,,,,,,,
IVDA,,,,,,,,,,,,2.24,0.13,2.04,2.2,
IVF,,,,,,,,,,,,0.84,0.0,0.92,1.52,
IVP,,,,,,,,,,,,,,,,
IVR,,,,,,,,,,,,7.38,0.71,7.45,7.12,
IVT,,,,,,,,,,,,,,,,
IVVD,,,,,,,,,,,,,,,,
IVZ,,,,,,,,,,,,,,,,
IX,,,,,,,,,,,,,,,,
IXHL,,,,,,,,,,,,0.61,0.06,0.29,0.31,
IZEA,,,,,,,,,,,,,,,,
IZM,,,,,,,,,,,,,,,,
J,,,,,,,,,,,,138.67,0.87,132.76,126.35,
JACK,,,,,,,,,,,,21.4,0.06,19.72,21.78,
JACS,,,,,,,,,,,,,,,,
JAGX,,,,,,,,,,,,,,,,
JAKK,,,,,,,,,,,,,,,,
JAMF,,,,,,,,,,,,,,,,
JANX,,,,,,,,,,,,,,,,
JAZZ,,,,,,,,,,,,,,,,
JBDI,,,,,,,,,,,,,,,,
JBGS,,,,,,,,,,,,,,,,
JBHT,,,,,,,,,,,,148.89,0.24,148.06,140.23,
JBI,,,,,,,,,,,,8.71,0.27,8.57,7.95,
JBIO,,,,,,,,,,,,9.47,0.0,9.9,25.45,
JBL,,,,,,,,,,,,223.98,0.98,219.12,177.8,
JBLU,,,,,,,,,,,,4.41,0.16,4.31,4.47,
JBS,,,,,,,,,,,,,,,,
JBSS,,,,,,,,,,,,,,,,
JBTM,,,,,,,,,,,,132.19,0.98,126.45,115.43,
JCAP,,,,,,,,,,,,,,,,
JCI,,,,,,,,,,,,108.96,1.0,105.77,96.56,
JCSE,,,,,,,,,,,,,,,,
JCTC,,,,,,,,,,,,,,,,
JD,,,,,,,,,,,,33.92,0.53,32.32,33.18,
JDZG,,,,,,,,,,,,,,,,
JEF,,,,,,,,,,,,,,,,
JELD,,,,,,,,,,,,,,,,
JEM,,,,,,,,,,,,3.98,0.1,5.04,5.14,
JFB,,,,,,,,,,,,6.88,0.87,6.59,5.33,
JFBR,,,,,,,,,,,,,,,,
JFIN,,,,,,,,,,,,,,,,
JFU,,,,,,,,,,,,,,,,
JG,,,,,,,,,,,,11.67,0.98,11.41,10.07,
JHG,,,,,,,,,,,,,,,,
JHX,,,,,,,,,,,,26.26,0.24,26.82,25.06,
JILL,,,,,,,,,,,,,,,,
JJSF,,,,,,,,,,,,,,,,
JKHY,,,,,,,,,,,,,,,,
JKS,,,,,,,,,,,,,,,,
JL,,,,,,,,,,,,,,,,
JLHL,,,,,,,,,,,,,,,,
JLL,,,,,,,,,,,,,,,,
JMIA,,,,,,,,,,,,,,,,
JMSB,,,,,,,,,,,,,,,,
JNJ,,,,,,,,,,,,,,,,
JOB,,,,,,,,,,,,0.21,0.07,0.21,0.19,
JOBY,,,,,,,,,,,,17.78,1.0,11.67,8.58,
JOE,,,,,,,,,,,,,,,,
JOUT,,,,,,,,,,,,,,,,
JOYY,,,,,,,,,,,,,,,,
JPM,,,,,,,,,,,,,,,,
JRSH,,,,,,,,,,,,,,,,
JRVR,,,,,,,,,,,,,,,,
JSPR,,,,,,,,,,,,,,,,
JTAI,,,,,,,,,,,,,,,,
JUNS,,,,,,,,,,,,1.62,0.09,1.54,0.98,
JVA,,,,,,,,,,,,,,,,
JWEL,,,,,,,,,,,,,,,,
JXG,,,,,,,,,,,,,,,,
JXN,,,,,,,,,,,,87.5,0.76,87.53,82.02,
JYD,,,,,,,,,,,,0.18,0.0,0.19,0.23,
JYNT,,,,,,,,,,,,,,,,
JZ,,,,,,,,,,,,1.85,0.01,1.82,4.17,
JZXN,,,,,,,,,,,,,,,,
K,,,,,,,,,,,,,,,,
KAI,,,,,,,,,,,,333.7,0.6,322.05,315.61,
KALA,,,,,,,,,,,,,,,,
KALU,,,,,,,,,,,,,,,,
KALV,,,,,,,,,,,,,,,,
KAPA,,,,,,,,,,,,,,,,
KAR,,,,,,,,,,,,,,,,
KARO,,,,,,,,,,,,,,,,
KAVL,,,,,,,,,,,,0.51,0.0,0.51,0.53,
KB,,,,,,,,,,,,,,,,
KBDC,,,,,,,,,,,,,,,,
KBH,,,,,,,,,,,,,,,,
KBR,,,,,,,,,,,,,,,,
KBSX,,,,,,,,,,,,,,,,
KC,,,,,,,,,,,,,,,,
KCHVU,,,,,,,,,,,,,,,,
KD,,,,,,,,,,,,,,,,
KDP,,,,,,,,,,,,,,,,
KE,,,,,,,,,,,,19.38,0.35,19.46,17.46,
KELYA,,,,,,,,,,,,,,,,
KELYB,,,,,,,,,,,,13.11,0.16,12.41,11.79,
KEN,,,,,,,,,,,,,,,,
KEP,,,,,,,,,,,,13.05,0.86,12.96,10.85,
KEQU,,,,,,,,,,,,,,,,
KEX,,,,,,,,,,,,,,,,
KEY,,,,,,,,,,,,,,,,
KEYS,,,,,,,,,,,,,,,,
KFFB,,,,,,,,,,,,3.12,0.19,2.91,2.7,
KFII,,,,,,,,,,,,,,,,
KFIIU,,,,,,,,,,,,,,,,
KFRC,,,,,,,,,,,,,,,,
KFS,,,,,,,,,,,,,,,,
KFY,,,,,,,,,,,,,,,,
KG,,,,,,,,,,,,22.92,0.29,25.22,24.04,
KGC,,,,,,,,,,,,,,,,
KGEI,,,,,,,,,,,,,,,,
KGS,,,,,,,,,,,,,,,,
KHC,,,,,,,,,,,,,,,,
KIDS,,,,,,,,,,,,,,,,
KIDZ,,,,,,,,,,,,3.05,0.32,3.12,3.22,
KIM,,,,,,,,,,,,,,,,
KIND,,,,,,,,,,,,,,,,
KINS,,,,,,,,,,,,,,,,
KIRK,,,,,,,,,,,,1.2,0.05,1.16,1.19,
KITT,,,,,,,,,,,,1.15,0.0,0.98,0.98,
KKR,,,,,,,,,,,,,,,,
KLAC,,,,,,,,,,,,,,,,
KLC,,,,,,,,,,,,,,,,
KLG,,,,,,,,,,,,,,,,
KLIC,,,,,,,,,,,,,,,,
KLRS,,,,,,,,,,,,,,,,
KLTO,,,,,,,,,,,,,,,,
KLTR,,,,,,,,,,,,,,,,
KLXE,,,,,,,,,,,,,,,,
KMB,,,,,,,,,,,,,,,,
KMDA,,,,,,,,,,,,,,,,
KMI,,,,,,,,,,,,,,,,
KMPR,,,,,,,,,,,,61.73,0.73,62.74,61.77,
KMRK,,,,,,,,,,,,,,,,
KMT,,,,,,,,,,,,,,,,
KMTS,,,,,,,,,,,,,,,,
KMX,,,,,,,,,,,,,,,,
KN,,,,,,,,,,,,17.75,0.66,17.91,16.75,
KNDI,,,,,,,,,,,,,,,,
KNF,,,,,,,,,,,,,,,,
KNOP,,,,,,,,,,,,,,,,
KNSA,,,,,,,,,,,,,,,,
KNSL,,,,,,,,,,,,,,,,
KNTK,,,,,,,,,,,,42.77,0.39,43.01,43.19,
KNW,,,,,,,,,,,,,,,,
KNX,,,,,,,,,,,,,,,,
KO,,,,,,,,,,,,,,,,
KOD,,,,,,,,,,,,5.52,0.48,4.26,3.83,
KODK,,,,,,,,,,,,,,,,
KOF,,,,,,,,,,,,,,,,
KOP,,,,,,,,,,,,,,,,
KOPN,,,,,,,,,,,,,,,,
KORE,,,,,,,,,,,,,,,,
KOS,,,,,,,,,,,,,,,,
KOSS,,,,,,,,,,,,5.35,0.27,5.19,5.13,
KPLT,,,,,,,,,,,,,,,,
KPRX,,,,,,,,,,,,,,,,
KPTI,,,,,,,,,,,,,,,,
KR,,,,,,,,,,,,,,,,
KRC,,,,,,,,,,,,,,,,
KREF,,,,,,,,,,,,8.88,0.25,8.92,8.86,
KRG,,,,,,,,,,,,,,,,
KRKR,,,,,,,,,,,,5.57,0.16,5.71,5.37,
KRMD,,,,,,,,,,,,3.37,0.51,3.5,3.01,
KRMN,,,,,,,,,,,,,,,,
KRNT,,,,,,,,,,,,,,,,
KRNY,,,,,,,,,,,,,,,,
KRO,,,,,,,,,,,,,,,,
KROS,,,,,,,,,,,,13.75,0.06,13.72,13.92,
KRP,,,,,,,,,,,,,,,,
KRRO,,,,,,,,,,,,13.67,0.03,12.82,14.26,
KRT,,,,,,,,,,,,,,,,
KRUS,,,,,,,,,,,,,,,,
KRYS,,,,,,,,,,,,,,,,
KSCP,,,,,,,,,,,,,,,,
KSPI,,,,,,,,,,,,,,,,
KSS,,,,,,,,,,,,,,,,
KT,,,,,,,,,,,,,,,,
KTB,,,,,,,,,,,,,,,,
KTCC,,,,,,,,,,,,2.99,0.17,2.89,2.74,
KTOS,,,,,,,,,,,,59.12,1.0,48.89,40.31,
KTTA,,,,,,,,,,,,0.72,0.0,0.73,0.99,
KUKE,,,,,,,,,,,,2.93,0.66,2.99,3.43,
KULR,,,,,,,,,,,,,,,,
KURA,,,,,,,,,,,,,,,,
KVAC,,,,,,,,,,,,,,,,
KVACU,,,,,,,,,,,,,,,,
KVHI,,,,,,,,,,,,,,,,
KVUE,,,,,,,,,,,,,,,,
KVYO,,,,,,,,,,,,,,,,
KW,,,,,,,,,,,,,,,,
KWM,,,,,,,,,,,,4.22,0.81,4.25,3.29,
KWR,,,,,,,,,,,,119.09,0.17,119.79,110.63,
KXIN,,,,,,,,,,,,,,,,
KYMR,,,,,,,,,,,,,,,,
KYTX,,,,,,,,,,,,,,,,
KZIA,,,,,,,,,,,,10.15,0.13,8.64,5.82,
KZR,,,,,,,,,,,,,,,,
L,,,,,,,,,,,,92.38,1.0,90.98,88.7,
LAB,,,,,,,,,,,,,,,,
LAC,,,,,,,,,,,,,,,,
LAD,,,,,,,,,,,,,,,,
LADR,,,,,,,,,,,,,,,,
LAES,,,,,,,,,,,,,,,,
LAKE,,,,,,,,,,,,,,,,
LAMR,,,,,,,,,,,,,,,,
LAND,,,,,,,,,,,,,,,,
LANV,,,,,,,,,,,,,,,,
LAR,,,,,,,,,,,,,,,,
LARK,,,,,,,,,,,,,,,,
LASE,,,,,,,,,,,,3.27,0.19,2.81,2.71,
LASR,,,,,,,,,,,,,,,,
LAUR,,,,,,,,,,,,24.23,1.0,23.4,22.14,
LAW,,,,,,,,,,,,,,,,
LAWR,,,,,,,,,,,,,,,,
LAZ,,,,,,,,,,,,54.35,0.92,49.63,43.96,
LAZR,,,,,,,,,,,,,,,,
LB,,,,,,,,,,,,55.79,0.53,63.75,70.23,
LBGJ,,,,,,,,,,,,,,,,
LBRDA,,,,,,,,,,,,,,,,
LBRDK,,,,,,,,,,,,87.38,0.85,89.36,86.06,
LBRT,,,,,,,,,,,,,,,,
LBTYA,,,,,,,,,,,,,,,,
LBTYB,,,,,,,,,,,,,,,,
LBTYK,,,,,,,,,,,,,,,,
LC,,,,,,,,,,,,13.04,0.64,12.26,10.9,
LCCC,,,,,,,,,,,,,,,,
LCCCU,,,,,,,,,,,,,,,,
LCFY,,,,,,,,,,,,,,,,
LCID,,,,,,,,,,,,,,,,
LCII,,,,,,,,,,,,,,,,
LCNB,,,,,,,,,,,,,,,,
LCTX,,,,,,,,,,,,,,,,
LCUT,,,,,,,,,,,,,,,,
LDI,,,,,,,,,,,,,,,,
LDOS,,,,,,,,,,,,,,,,
LDWY,,,,,,,,,,,,4.98,0.37,4.88,4.59,
LE,,,,,,,,,,,,12.37,0.53,10.92,9.47,
LEA,,,,,,,,,,,,,,,,
LECO,,,,,,,,,,,,,,,,
LEDS,,,,,,,,,,,,,,,,
LEE,,,,,,,,,,,,,,,,
LEG,,,,,,,,,,,,,,,,
LEGH,,,,,,,,,,,,21.97,0.37,22.77,23.24,
LEGN,,,,,,,,,,,,,,,,
LEGT,,,,,,,,,,,,,,,,
LEN,,,,,,,,,,,,109.57,0.14,109.77,107.96,
LENZ,,,,,,,,,,,,,,,,
LESL,,,,,,,,,,,,,,,,
LEU,,,,,,,,,,,,,,,,
LEVI,,,,,,,,,,,,20.91,0.79,19.62,17.59,
LEXX,,,,,,,,,,,,,,,,
LFCR,,,,,,,,,,,,,,,,
LFMD,,,,,,,,,,,,10.55,0.62,12.56,10.3,
LFST,,,,,,,,,,,,,,,,
LFT,,,,,,,,,,,,,,,,
LFUS,,,,,,,,,,,,,,,,
LFVN,,,,,,,,,,,,12.97,0.41,12.78,12.77,
LFWD,,,,,,,,,,,,,,,,
LGCB,,,,,,,,,,,,,,,,
LGCL,,,,,,,,,,,,1.06,0.22,1.09,0.68,
LGCY,,,,,,,,,,,,,,,,
LGHL,,,,,,,,,,,,,,,,
LGIH,,,,,,,,,,,,,,,,
LGL,,,,,,,,,,,,,,,,
LGND,,,,,,,,,,,,139.1,1.0,120.72,110.77,
LGO,,,,,,,,,,,,1.78,0.16,1.4,1.42,
LGPS,,,,,,,,,,,,,,,,
LGVN,,,,,,,,,,,,,,,,
LH,,,,,,,,,,,,,,,,
LHSW,,,,,,,,,,,,,,,,
LHX,,,,,,,,,,,,264.77,1.0,255.34,238.36,
LI,,,,,,,,,,,,,,,,
LICN,,,,,,,,,,,,,,,,
LIDR,,,,,,,,,,,,1.13,0.05,1.0,0.81,
LIEN,,,,,,,,,,,,,,,,
LIF,,,,,,,,,,,,74.38,1.0,65.65,56.07,
LII,,,,,,,,,,,,,,,,
LILA,,,,,,,,,,,,,,,,
LILAK,,,,,,,,,,,,,,,,
LIMN,,,,,,,,,,,,5.42,0.0,9.0,9.71,
LIN,,,,,,,,,,,,,,,,
LINC,,,,,,,,,,,,,,,,
LIND,,,,,,,,,,,,,,,,
LINE,,,,,,,,,,,,,,,,
LINK,,,,,,,,,,,,7.8,0.71,6.63,6.11,
LION,,,,,,,,,,,,,,,,
LIQT,,,,,,,,,,,,1.85,0.16,1.7,1.61,
LITB,,,,,,,,,,,,,,,,
LITE,,,,,,,,,,,,,,,,
LITM,,,,,,,,,,,,,,,,
LIVE,,,,,,,,,,,,,,,,
LIVN,,,,,,,,,,,,,,,,
LIXT,,,,,,,,,,,,4.06,0.96,2.47,1.65,
LKFN,,,,,,,,,,,,65.19,0.71,63.03,59.24,
LKQ,,,,,,,,,,,,,,,,
LLY,,,,,,,,,,,,,,,,
LLYVA,,,,,,,,,,,,80.38,1.0,78.81,74.69,
LLYVK,,,,,,,,,,,,,,,,
LMAT,,,,,,,,,,,,,,,,
LMB,,,,,,,,,,,,,,,,
LMFA,,,,,,,,,,,,3.23,0.48,2.53,1.94,
LMND,,,,,,,,,,,,,,,,
LMNR,,,,,,,,,,,,,,,,
LMT,,,,,,,,,,,,,,,,
LNC,,,,,,,,,,,,,,,,
LND,,,,,,,,,,,,3.76,0.11,3.82,3.81,
LNG,,,,,,,,,,,,,,,,
LNKB,,,,,,,,,,,,,,,,
LNKS,,,,,,,,,,,,,,,,
LNN,,,,,,,,,,,,,,,,
LNSR,,,,,,,,,,,,,,,,
LNT,,,,,,,,,,,,64.13,1.0,61.73,61.31,
LNTH,,,,,,,,,,,,,,,,
LNW,,,,,,,,,,,,97.63,0.66,95.17,88.08,
LNZA,,,,,,,,,,,,,,,,
LOAN,,,,,,,,,,,,5.4,0.85,5.33,5.13,
LOAR,,,,,,,,,,,,,,,,
LOB,,,,,,,,,,,,31.74,0.32,30.85,28.1,
LOBO,,,,,,,,,,,,0.54,0.01,0.53,0.66,
LOCL,,,,,,,,,,,,,,,,
LOCO,,,,,,,,,,,,,,,,
LODE,,,,,,,,,,,,,,,,
LOGI,,,,,,,,,,,,,,,,
LOKV,,,,,,,,,,,,,,,,
LOKVU,,,,,,,,,,,,,,,,
LOMA,,,,,,,,,,,,,,,,
LOOP,,,,,,,,,,,,,,,,
LOPE,,,,,,,,,,,,,,,,
LOT,,,,,,,,,,,,,,,,
LOVE,,,,,,,,,,,,,,,,
LOW,,,,,,,,,,,,,,,,
LPA,,,,,,,,,,,,,,,,
LPAA,,,,,,,,,,,,,,,,
LPAAU,,,,,,,,,,,,,,,,
LPBB,,,,,,,,,,,,,,,,
LPBBU,,,,,,,,,,,,,,,,
LPCN,,,,,,,,,,,,,,,,
LPG,,,,,,,,,,,,,,,,
LPL,,,,,,,,,,,,,,,,
LPLA,,,,,,,,,,,,,,,,
LPRO,,,,,,,,,,,,2.41,0.15,2.25,1.81,
LPSN,,,,,,,,,,,,0.99,0.11,0.93,0.83,
LPTH,,,,,,,,,,,,,,,,
LPTX,,,,,,,,,,,,,,,,
LPX,,,,,,,,,,,,,,,,
LQDA,,,,,,,,,,,,,,,,
LQDT,,,,,,,,,,,,,,,,
LRCX,,,,,,,,,,,,,,,,
LRE,,,,,,,,,,,,,,,,
LRHC,,,,,,,,,,,,,,,,
LRMR,,,,,,,,,,,,,,,,
LRN,,,,,,,,,,,,,,,,
LSAK,,,,,,,,,,,,,,,,
LSB,,,,,,,,,,,,1.04,0.01,1.0,1.12,
LSBK,,,,,,,,,,,,,,,,
LSCC,,,,,,,,,,,,53.03,0.24,51.87,48.96,
LSE,,,,,,,,,,,,,,,,
LSF,,,,,,,,,,,,6.73,0.71,6.61,6.41,
LSH,,,,,,,,,,,,,,,,
LSPD,,,,,,,,,,,,12.54,0.36,11.63,10.71,
LSTA,,,,,,,,,,,,,,,,
LSTR,,,,,,,,,,,,136.27,0.03,140.33,138.67,
LTBR,,,,,,,,,,,,,,,,
LTC,,,,,,,,,,,,,,,,
LTH,,,,,,,,,,,,30.36,0.91,29.54,29.69,
LTM,,,,,,,,,,,,,,,,
LTRN,,,,,,,,,,,,,,,,
LTRX,,,,,,,,,,,,3.25,0.27,2.96,2.45,
LU,,,,,,,,,,,,,,,,
LUCD,,,,,,,,,,,,,,,,
LUCK,,,,,,,,,,,,,,,,
LUCY,,,,,,,,,,,,,,,,
LUD,,,,,,,,,,,,,,,,
LULU,,,,,,,,,,,,,,,,
LUMN,,,,,,,,,,,,,,,,
LUNG,,,,,,,,,,,,,,,,
LUNR,,,,,,,,,,,,,,,,
LUV,,,,,,,,,,,,,,,,
LUXE,,,,,,,,,,,,7.57,0.59,7.79,8.24,
LVLU,,,,,,,,,,,,,,,,
LVO,,,,,,,,,,,,0.69,0.07,0.76,0.75,
LVRO,,,,,,,,,,,,,,,,
LVS,,,,,,,,,,,,,,,,
LVTX,,,,,,,,,,,,1.42,0.18,1.34,1.3,
LVWR,,,,,,,,,,,,,,,,
LW,,,,,,,,,,,,,,,,
LWACU,,,,,,,,,,,,,,,,
LWAY,,,,,,,,,,,,,,,,
LWLG,,,,,,,,,,,,1.79,0.14,1.39,1.16,
LX,,,,,,,,,,,,,,,,
LXEH,,,,,,,,,,,,,,,,
LXEO,,,,,,,,,,,,,,,,
LXFR,,,,,,,,,,,,,,,,
LXP,,,,,,,,,,,,,,,,
LXRX,,,,,,,,,,,,,,,,
LXU,,,,,,,,,,,,,,,,
LYB,,,,,,,,,,,,63.21,0.2,61.36,58.11,
LYEL,,,,,,,,,,,,9.24,0.02,9.26,9.19,
LYFT,,,,,,,,,,,,,,,,
LYG,,,,,,,,,,,,,,,,
LYRA,,,,,,,,,,,,,,,,
LYTS,,,,,,,,,,,,,,,,
LYV,,,,,,,,,,,,,,,,
LZ,,,,,,,,,,,,8.85,0.31,8.86,8.5,
LZB,,,,,,,,,,,,37.85,0.55,38.55,39.78,
LZM,,,,,,,,,,,,4.23,0.08,4.33,3.85,
LZMH,,,,,,,,,,,,,,,,
M,,,,,,,,,,,,,,,,
MA,,,,,,,,,,,,,,,,
MAA,,,,,,,,,,,,150.77,0.73,148.48,153.17,
MAAS,,,,,,,,,,,,,,,,
MAC,,,,,,,,,,,,16.57,0.6,16.32,15.51,
MACI,,,,,,,,,,,,,,,,
MACIU,,,,,,,,,,,,,,,,
MAG,,,,,,,,,,,,,,,,
MAGN,,,,,,,,,,,,12.96,0.03,12.88,13.39,
MAIA,,,,,,,,,,,,,,,,
MAIN,,,,,,,,,,,,,,,,
MAMA,,,,,,,,,,,,,,,,
MAMK,,,,,,,,,,,,,,,,
MAMO,,,,,,,,,,,,,,,,
MAN,,,,,,,,,,,,,,,,
MANH,,,,,,,,,,,,202.05,0.33,196.34,186.46,
MANU,,,,,,,,,,,,17.67,0.45,17.66,15.55,
MAPS,,,,,,,,,,,,0.95,0.26,0.95,1.04,
MAR,,,,,,,,,,,,272.58,0.75,273.58,257.88,
MARA,,,,,,,,,,,,,,,,
MARPS,,,,,,,,,,,,,,,,
MAS,,,,,,,,,,,,65.56,0.47,64.63,63.08,
MASI,,,,,,,,,,,,,,,,
MASK,,,,,,,,,,,,,,,,
MASS,,,,,,,,,,,,,,,,
MAT,,,,,,,,,,,,,,,,
MATH,,,,,,,,,,,,3.32,0.85,3.36,2.77,
MATV,,,,,,,,,,,,,,,,
MATW,,,,,,,,,,,,,,,,
MATX,,,,,,,,,,,,,,,,
MAX,,,,,,,,,,,,,,,,
MAXN,,,,,,,,,,,,,,,,
MAYA,,,,,,,,,,,,,,,,
MAYAU,,,,,,,,,,,,,,,,
MAYS,,,,,,,,,,,,,,,,
MAZE,,,,,,,,,,,,17.78,1.0,13.53,11.23,
MB,,,,,,,,,,,,,,,,
MBAV,,,,,,,,,,,,,,,,
MBAVU,,,,,,,,,,,,,,,,
MBBC,,,,,,,,,,,,,,,,
MBC,,,,,,,,,,,,,,,,
MBCN,,,,,,,,,,,,,,,,
MBI,,,,,,,,,,,,4.79,0.47,4.45,4.44,
MBIN,,,,,,,,,,,,34.83,0.34,34.04,32.59,
MBINL,,,,,,,,,,,,23.76,0.53,23.4,23.11,
MBINM,,,,,,,,,,,,,,,,
MBINN,,,,,,,,,,,,,,,,
MBIO,,,,,,,,,,,,,,,,
MBLY,,,,,,,,,,,,,,,,
MBOT,,,,,,,,,,,,2.47,0.83,2.52,2.52,
MBRX,,,,,,,,,,,,0.8,0.04,0.45,0.74,
MBUU,,,,,,,,,,,,,,,,
MBWM,,,,,,,,,,,,,,,,
MBX,,,,,,,,,,,,,,,,
MC,,,,,,,,,,,,70.45,0.83,65.05,58.45,
MCB,,,,,,,,,,,,,,,,
MCBS,,,,,,,,,,,,29.3,0.67,28.81,28.03,
MCD,,,,,,,,,,,,,,,,
MCFT,,,,,,,,,,,,,,,,
MCHP,,,,,,,,,,,,,,,,
MCHPP,,,,,,,,,,,,,,,,
MCHX,,,,,,,,,,,,,,,,
MCK,,,,,,,,,,,,,,,,
MCO,,,,,,,,,,,,499.9,0.91,492.5,472.22,
MCRB,,,,,,,,,,,,,,,,
MCRI,,,,,,,,,,,,,,,,
MCRP,,,,,,,,,,,,,,,,
MCS,,,,,,,,,,,,,,,,
MCTR,,,,,,,,,,,,2.71,0.01,2.98,5.35,
MCVT,,,,,,,,,,,,,,,,
MCW,,,,,,,,,,,,,,,,
MCY,,,,,,,,,,,,,,,,
MD,,,,,,,,,,,,,,,,
MDAI,,,,,,,,,,,,,,,,
MDB,,,,,,,,,,,,,,,,
MDBH,,,,,,,,,,,,,,,,
MDCX,,,,,,,,,,,,,,,,
MDGL,,,,,,,,,,,,,,,,
MDIA,,,,,,,,,,,,,,,,
MDLZ,,,,,,,,,,,,,,,,
MDRR,,,,,,,,,,,,,,,,
MDT,,,,,,,,,,,,,,,,
MDU,,,,,,,,,,,,,,,,
MDV,,,,,,,,,,,,,,,,
MDWD,,,,,,,,,,,,,,,,
MDXG,,,,,,,,,,,,6.42,0.18,6.23,6.51,
MDXH,,,,,,,,,,,,2.4,0.34,2.21,1.99,
MEC,,,,,,,,,,,,,,,,
MED,,,,,,,,,,,,,,,,
MEDP,,,,,,,,,,,,,,,,
MEG,,,,,,,,,,,,,,,,
MEGL,,,,,,,,,,,,,,,,
MEI,,,,,,,,,,,,,,,,
MEIP,,,,,,,,,,,,,,,,
MELI,,,,,,,,,,,,,,,,
MENS,,,,,,,,,,,,,,,,
MEOH,,,,,,,,,,,,33.73,0.28,34.59,32.64,
MERC,,,,,,,,,,,,,,,,
MESA,,,,,,,,,,,,,,,,
MESO,,,,,,,,,,,,15.62,0.75,11.75,11.42,
MET,,,,,,,,,,,,,,,,
META,,,,,,,,,,,,704.28,0.93,711.25,641.93,
METC,,,,,,,,,,,,22.42,1.0,14.83,11.32,
METCB,,,,,,,,,,,,13.95,0.99,9.84,8.6,
MFA,,,,,,,,,,,,9.2,0.52,9.27,9.1,
MFC,,,,,,,,,,,,,,,,
MFG,,,,,,,,,,,,,,,,
MFH,,,,,,,,,,,,5.16,0.65,4.27,4.85,
MFI,,,,,,,,,,,,28.12,0.65,33.89,17.12,
MFIC,,,,,,,,,,,,13.25,0.82,12.79,12.23,
MFIN,,,,,,,,,,,,,,,,
MG,,,,,,,,,,,,,,,,
MGA,,,,,,,,,,,,41.4,0.34,40.13,36.62,
MGEE,,,,,,,,,,,,85.89,0.59,87.74,89.05,
MGIC,,,,,,,,,,,,,,,,
MGIH,,,,,,,,,,,,,,,,
MGLD,,,,,,,,,,,,,,,,
MGM,,,,,,,,,,,,,,,,
MGNI,,,,,,,,,,,,,,,,
MGNX,,,,,,,,,,,,,,,,
MGPI,,,,,,,,,,,,,,,,
MGRC,,,,,,,,,,,,113.92,0.66,116.4,111.89,
MGRM,,,,,,,,,,,,5.67,0.88,3.51,2.94,
MGRT,,,,,,,,,,,,3.47,,3.47,3.47,
MGRX,,,,,,,,,,,,,,,,
MGTX,,,,,,,,,,,,8.62,1.0,7.51,6.36,
MGX,,,,,,,,,,,,1.99,0.05,1.75,1.65,
MGY,,,,,,,,,,,,,,,,
MGYR,,,,,,,,,,,,,,,,
MHH,,,,,,,,,,,,,,,,
MHK,,,,,,,,,,,,,,,,
MHO,,,,,,,,,,,,,,,,
MHUA,,,,,,,,,,,,,,,,
MI,,,,,,,,,,,,,,,,
MIDD,,,,,,,,,,,,146.48,0.58,146.21,142.06,
MIGI,,,,,,,,,,,,0.59,0.07,0.49,0.53,
MIMI,,,,,,,,,,,,,,,,
MIND,,,,,,,,,,,,,,,,
MIR,,,,,,,,,,,,,,,,
MIRA,,,,,,,,,,,,1.8,0.19,1.35,1.24,
MIRM,,,,,,,,,,,,,,,,
MIST,,,,,,,,,,,,,,,,
MITK,,,,,,,,,,,,,,,,
MITQ,,,,,,,,,,,,,,,,
MITT,,,,,,,,,,,,,,,,
MKC,,,,,,,,,,,,,,,,
MKDW,,,,,,,,,,,,,,,,
MKL,,,,,,,,,,,,,,,,
MKSI,,,,,,,,,,,,,,,,
MKTW,,,,,,,,,,,,,,,,
MKTX,,,,,,,,,,,,,,,,
MKZR,,,,,,,,,,,,,,,,
MLAB,,,,,,,,,,,,70.05,0.0,90.87,104.86,
MLAC,,,,,,,,,,,,,,,,
MLACU,,,,,,,,,,,,,,,,
MLCO,,,,,,,,,,,,,,,,
MLEC,,,,,,,,,,,,,,,,
MLGO,,,,,,,,,,,,,,,,
MLI,,,,,,,,,,,,,,,,
MLKN,,,,,,,,,,,,,,,,
MLM,,,,,,,,,,,,,,,,
MLNK,,,,,,,,,,,,,,,,
MLP,,,,,,,,,,,,,,,,
MLR,,,,,,,,,,,,,,,,
MLSS,,,,,,,,,,,,,,,,
MLTX,,,,,,,,,,,,,,,,
MLYS,,,,,,,,,,,,14.23,0.75,14.09,14.53,
MMA,,,,,,,,,,,,,,,,
MMC,,,,,,,,,,,,212.28,0.52,214.46,222.72,
MMI,,,,,,,,,,,,,,,,
MMLP,,,,,,,,,,,,,,,,
MMM,,,,,,,,,,,,153.23,0.97,151.61,145.22,
MMS,,,,,,,,,,,,,,,,
MMSI,,,,,,,,,,,,,,,,
MMYT,,,,,,,,,,,,96.09,0.73,94.82,100.2,
MNDO,,,,,,,,,,,,,,,,
MNDR,,,,,,,,,,,,1.06,0.0,1.14,1.32,
MNDY,,,,,,,,,,,,,,,,
MNKD,,,,,,,,,,,,,,,,
MNMD,,,,,,,,,,,,,,,,
MNOV,,,,,,,,,,,,,,,,
MNPR,,,,,,,,,,,,46.48,0.96,37.21,37.51,
MNR,,,,,,,,,,,,,,,,
MNRO,,,,,,,,,,,,14.46,0.11,15.23,14.4,
MNSB,,,,,,,,,,,,,,,,
MNSBP,,,,,,,,,,,,,,,,
MNSO,,,,,,,,,,,,,,,,
MNST,,,,,,,,,,,,59.0,0.72,61.14,61.24,
MNTK,,,,,,,,,,,,,,,,
MNTN,,,,,,,,,,,,28.2,1.0,22.88,23.42,
MNTS,,,,,,,,,,,,,,,,
MNY,,,,,,,,,,,,1.67,0.1,1.05,0.86,
MO,,,,,,,,,,,,,,,,
MOB,,,,,,,,,,,,,,,,
MOBX,,,,,,,,,,,,,,,,
MOD,,,,,,,,,,,,,,,,
MODD,,,,,,,,,,,,,,,,
MODG,,,,,,,,,,,,9.24,0.23,8.72,7.38,
MODV,,,,,,,,,,,,,,,,
MOFG,,,,,,,,,,,,30.14,0.81,29.42,28.46,
MOGO,,,,,,,,,,,,1.91,0.69,1.71,1.34,
MOGU,,,,,,,,,,,,,,,,
MOH,,,,,,,,,,,,,,,,
MOLN,,,,,,,,,,,,3.6,0.04,3.72,3.88,
MOMO,,,,,,,,,,,,,,,,
MORN,,,,,,,,,,,,,,,,
MOS,,,,,,,,,,,,36.24,0.8,36.32,33.49,
MOV,,,,,,,,,,,,,,,,
MOVE,,,,,,,,,,,,,,,,
MP,,,,,,,,,,,,,,,,
MPAA,,,,,,,,,,,,,,,,
MPB,,,,,,,,,,,,,,,,
MPC,,,,,,,,,,,,,,,,
MPLX,,,,,,,,,,,,50.8,0.91,51.1,50.66,
MPTI,,,,,,,,,,,,,,,,
MPU,,,,,,,,,,,,2.13,0.59,1.51,1.1,
MPW,,,,,,,,,,,,,,,,
MPWR,,,,,,,,,,,,,,,,
MPX,,,,,,,,,,,,,,,,
MQ,,,,,,,,,,,,5.73,0.63,5.75,5.01,
MRAM,,,,,,,,,,,,6.75,0.38,6.52,5.95,
MRBK,,,,,,,,,,,,,,,,
MRC,,,,,,,,,,,,,,,,
MRCC,,,,,,,,,,,,,,,,
MRCY,,,,,,,,,,,,51.69,0.93,51.65,49.91,
MREO,,,,,,,,,,,,,,,,
MRK,,,,,,,,,,,,,,,,
MRKR,,,,,,,,,,,,,,,,
MRM,,,,,,,,,,,,,,,,
MRNA,,,,,,,,,,,,31.26,0.05,29.69,27.35,
MRNO,,,,,,,,,,,,,,,,
MRP,,,,,,,,,,,,,,,,
MRSN,,,,,,,,,,,,,,,,
MRT,,,,,,,,,,,,2.76,0.71,2.82,2.92,
MRTN,,,,,,,,,,,,12.75,0.0,13.18,13.12,
MRUS,,,,,,,,,,,,,,,,
MRVI,,,,,,,,,,,,,,,,
MRVL,,,,,,,,,,,,,,,,
MRX,,,,,,,,,,,,,,,,
MS,,,,,,,,,,,,140.83,0.96,140.13,127.99,
MSA,,,,,,,,,,,,174.92,0.71,171.13,161.09,
MSAI,,,,,,,,,,,,,,,,
MSB,,,,,,,,,,,,25.98,0.88,24.87,25.73,
MSBI,,,,,,,,,,,,,,,,
MSBIP,,,,,,,,,,,,,,,,
MSC,,,,,,,,,,,,,,,,
MSCI,,,,,,,,,,,,,,,,
MSDL,,,,,,,,,,,,19.7,0.65,19.04,18.89,
MSEX,,,,,,,,,,,,54.23,0.25,55.02,57.72,
MSFT,,,,,,,,,,,,,,,,
MSGE,,,,,,,,,,,,40.27,0.78,39.74,36.55,
MSGM,,,,,,,,,,,,3.41,0.53,3.04,2.7,
MSGS,,,,,,,,,,,,,,,,
MSGY,,,,,,,,,,,,,,,,
MSI,,,,,,,,,,,,420.46,0.66,417.25,416.41,
MSIF,,,,,,,,,,,,16.47,0.84,16.34,15.73,
MSM,,,,,,,,,,,,,,,,
MSN,,,,,,,,,,,,,,,,
MSPR,,,,,,,,,,,,,,,,
MSS,,,,,,,,,,,,,,,,
MSTR,,,,,,,,,,,,,,,,
MSW,,,,,,,,,,,,,,,,
MT,,,,,,,,,,,,32.47,0.85,32.16,30.48,
MTA,,,,,,,,,,,,,,,,
MTAL,,,,,,,,,,,,12.0,0.57,12.05,10.81,
MTB,,,,,,,,,,,,,,,,
MTC,,,,,,,,,,,,,,,,
MTCH,,,,,,,,,,,,32.45,0.29,31.67,30.17,
MTD,,,,,,,,,,,,,,,,
MTDR,,,,,,,,,,,,,,,,
MTEK,,,,,,,,,,,,,,,,
MTEN,,,,,,,,,,,,,,,,
MTEX,,,,,,,,,,,,,,,,
MTG,,,,,,,,,,,,25.2,0.74,26.73,26.0,
MTH,,,,,,,,,,,,,,,,
MTLS,,,,,,,,,,,,5.84,0.31,5.7,5.36,
MTN,,,,,,,,,,,,,,,,
MTNB,,,,,,,,,,,,,,,,
MTR,,,,,,,,,,,,,,,,
MTRN,,,,,,,,,,,,94.2,0.33,84.69,80.77,
MTRX,,,,,,,,,,,,14.55,0.93,13.68,12.53,
MTSI,,,,,,,,,,,,,,,,
MTSR,,,,,,,,,,,,,,,,
MTUS,,,,,,,,,,,,16.2,0.37,15.77,13.9,
MTVA,,,,,,,,,,,,,,,,
MTW,,,,,,,,,,,,,,,,
MTX,,,,,,,,,,,,57.01,0.23,56.82,56.29,
MTZ,,,,,,,,,,,,177.67,1.0,171.1,153.0,
MU,,,,,,,,,,,,,,,,
MUFG,,,,,,,,,,,,,,,,
MULN,,,,,,,,,,,,,,,,
MUR,,,,,,,,,,,,24.48,0.15,24.63,22.67,
MURA,,,,,,,,,,,,,,,,
MUSA,,,,,,,,,,,,,,,,
MUX,,,,,,,,,,,,,,,,
MVBF,,,,,,,,,,,,,,,,
MVIS,,,,,,,,,,,,,,,,
MVO,,,,,,,,,,,,5.86,0.21,5.68,5.68,
MVST,,,,,,,,,,,,,,,,
MWA,,,,,,,,,,,,,,,,
MWG,,,,,,,,,,,,,,,,
MWYN,,,,,,,,,,,,,,,,
MX,,,,,,,,,,,,,,,,
MXC,,,,,,,,,,,,,,,,
MXCT,,,,,,,,,,,,,,,,
MXL,,,,,,,,,,,,,,,,
MYE,,,,,,,,,,,,,,,,
MYFW,,,,,,,,,,,,,,,,
MYGN,,,,,,,,,,,,,,,,
MYND,,,,,,,,,,,,0.87,0.03,0.9,0.84,
MYNZ,,,,,,,,,,,,,,,,
MYO,,,,,,,,,,,,,,,,
MYPS,,,,,,,,,,,,,,,,
MYRG,,,,,,,,,,,,,,,,
MYSZ,,,,,,,,,,,,,,,,
MZTI,,,,,,,,,,,,,,,,
NA,,,,,,,,,,,,,,,,
NAAS,,,,,,,,,,,,0.62,0.0,0.79,1.2,
NABL,,,,,,,,,,,,7.97,0.18,7.91,7.6,
NAGE,,,,,,,,,,,,,,,,
NAII,,,,,,,,,,,,,,,,
NAK,,,,,,,,,,,,,,,,
NAKA,,,,,,,,,,,,11.02,0.47,12.91,10.92,
NAMI,,,,,,,,,,,,1.07,0.01,1.09,2.01,
NAMM,,,,,,,,,,,,,,,,
NAMS,,,,,,,,,,,,,,,,
NAOV,,,,,,,,,,,,,,,,
NAT,,,,,,,,,,,,,,,,
NATH,,,,,,,,,,,,,,,,
NATL,,,,,,,,,,,,,,,,
NATR,,,,,,,,,,,,14.87,0.37,15.05,14.03,
NAUT,,,,,,,,,,,,,,,,
NAVI,,,,,,,,,,,,,,,,
NB,,,,,,,,,,,,,,,,
NBBK,,,,,,,,,,,,,,,,
NBHC,,,,,,,,,,,,,,,,
NBIS,,,,,,,,,,,,,,,,
NBIX,,,,,,,,,,,,,,,,
NBN,,,,,,,,,,,,,,,,
NBR,,,,,,,,,,,,30.12,0.04,31.18,30.01,
NBTB,,,,,,,,,,,,43.11,0.64,42.46,41.78,
NBTX,,,,,,,,,,,,,,,,
NBY,,,,,,,,,,,,,,,,
NC,,,,,,,,,,,,39.77,0.8,40.95,37.43,
NCDL,,,,,,,,,,,,17.02,0.98,16.49,15.66,
NCEW,,,,,,,,,,,,,,,,
NCI,,,,,,,,,,,,,,,,
NCL,,,,,,,,,,,,,,,,
NCLH,,,,,,,,,,,,23.59,0.69,21.45,18.92,
NCMI,,,,,,,,,,,,4.86,0.42,4.92,5.24,
NCNA,,,,,,,,,,,,,,,,
NCNO,,,,,,,,,,,,,,,,
NCPL,,,,,,,,,,,,3.24,0.04,5.32,3.21,
NCRA,,,,,,,,,,,,1.05,0.25,1.03,1.0,
NCSM,,,,,,,,,,,,,,,,
NCT,,,,,,,,,,,,,,,,
NCTY,,,,,,,,,,,,10.11,0.42,8.83,10.12,
NDAQ,,,,,,,,,,,,,,,,
NDLS,,,,,,,,,,,,,,,,
NDRA,,,,,,,,,,,,7.12,0.0,5.11,4.18,
NDSN,,,,,,,,,,,,,,,,
NE,,,,,,,,,,,,,,,,
NECB,,,,,,,,,,,,,,,,
NEE,,,,,,,,,,,,75.95,0.81,73.33,70.51,
NEGG,,,,,,,,,,,,29.55,0.57,23.77,11.63,
NEHC,,,,,,,,,,,,,,,,
NEM,,,,,,,,,,,,,,,,
NEN,,,,,,,,,,,,73.25,0.68,73.4,75.29,
NEO,,,,,,,,,,,,,,,,
NEOG,,,,,,,,,,,,4.74,0.02,5.03,5.42,
NEON,,,,,,,,,,,,27.41,1.0,24.6,15.54,
NEOV,,,,,,,,,,,,,,,,
NEPH,,,,,,,,,,,,,,,,
NERV,,,,,,,,,,,,,,,,
NESR,,,,,,,,,,,,,,,,
NET,,,,,,,,,,,,197.35,1.0,188.67,157.86,
NETD,,,,,,,,,,,,,,,,
NETDU,,,,,,,,,,,,,,,,
NEU,,,,,,,,,,,,729.91,0.98,705.66,648.08,
NEUE,,,,,,,,,,,,,,,,
NEUP,,,,,,,,,,,,,,,,
NEWP,,,,,,,,,,,,,,,,
NEWT,,,,,,,,,,,,,,,,
NEXA,,,,,,,,,,,,,,,,
NEXM,,,,,,,,,,,,6.5,0.08,7.12,6.72,
NEXT,,,,,,,,,,,,12.0,1.0,9.81,8.43,
NFBK,,,,,,,,,,,,11.39,0.65,11.7,11.25,
NFE,,,,,,,,,,,,4.57,0.06,3.51,4.05,
NFG,,,,,,,,,,,,,,,,
NFGC,,,,,,,,,,,,1.57,0.15,1.49,1.37,
NFLX,,,,,,,,,,,,,,,,
NG,,,,,,,,,,,,5.39,1.0,4.59,4.03,
NGD,,,,,,,,,,,,,,,,
NGG,,,,,,,,,,,,71.57,0.91,71.57,70.47,
NGL,,,,,,,,,,,,4.24,0.41,4.36,3.69,
NGNE,,,,,,,,,,,,,,,,
NGS,,,,,,,,,,,,24.39,0.79,25.63,23.27,
NGVC,,,,,,,,,,,,,,,,
NGVT,,,,,,,,,,,,,,,,
NHC,,,,,,,,,,,,97.44,0.53,104.05,100.93,
NHI,,,,,,,,,,,,70.49,0.71,70.28,72.13,
NHIC,,,,,,,,,,,,10.16,0.79,10.18,10.08,
NHICU,,,,,,,,,,,,10.32,0.68,10.37,10.21,
NHTC,,,,,,,,,,,,4.48,0.26,4.49,4.66,
NI,,,,,,,,,,,,40.9,1.0,39.9,39.4,
NIC,,,,,,,,,,,,,,,,
NICE,,,,,,,,,,,,,,,,
NINE,,,,,,,,,,,,,,,,
NIO,,,,,,,,,,,,,,,,
NIPG,,,,,,,,,,,,2.21,0.13,2.06,1.72,
NISN,,,,,,,,,,,,,,,,
NITO,,,,,,,,,,,,0.25,0.01,0.24,0.27,
NIU,,,,,,,,,,,,3.63,0.69,3.45,3.43,
NIVF,,,,,,,,,,,,,,,,
NIXX,,,,,,,,,,,,,,,,
NJR,,,,,,,,,,,,,,,,
NKE,,,,,,,,,,,,72.47,0.29,70.66,62.77,
NKSH,,,,,,,,,,,,,,,,
NKTR,,,,,,,,,,,,,,,,
NKTX,,,,,,,,,,,,1.91,0.04,1.78,1.83,
NL,,,,,,,,,,,,,,,,
NLOP,,,,,,,,,,,,,,,,
NLSP,,,,,,,,,,,,,,,,
NLY,,,,,,,,,,,,,,,,
NMAX,,,,,,,,,,,,,,,,
NMFC,,,,,,,,,,,,10.7,0.75,10.56,10.18,
NMG,,,,,,,,,,,,,,,,
NMIH,,,,,,,,,,,,,,,,
NMM,,,,,,,,,,,,,,,,
NMPAU,,,,,,,,,,,,,,,,
NMR,,,,,,,,,,,,,,,,
NMRA,,,,,,,,,,,,,,,,
NMRK,,,,,,,,,,,,,,,,
NMTC,,,,,,,,,,,,,,,,
NN,,,,,,,,,,,,,,,,
NNBR,,,,,,,,,,,,,,,,
NNDM,,,,,,,,,,,,,,,,
NNE,,,,,,,,,,,,37.62,0.83,35.46,29.77,
NNI,,,,,,,,,,,,,,,,
NNN,,,,,,,,,,,,,,,,
NNNN,,,,,,,,,,,,,,,,
NNOX,,,,,,,,,,,,5.14,0.07,5.15,5.17,
NNVC,,,,,,,,,,,,1.68,0.4,1.46,1.44,
NOA,,,,,,,,,,,,,,,,
NOAH,,,,,,,,,,,,,,,,
NOC,,,,,,,,,,,,519.04,0.85,505.91,497.7,
NODK,,,,,,,,,,,,,,,,
NOEM,,,,,,,,,,,,,,,,
NOEMU,,,,,,,,,,,,10.62,1.0,10.5,10.37,
NOG,,,,,,,,,,,,,,,,
NOK,,,,,,,,,,,,,,,,
NOMD,,,,,,,,,,,,,,,,
NOTE,,,,,,,,,,,,,,,,
NOTV,,,,,,,,,,,,1.75,0.04,1.92,2.03,
NOV,,,,,,,,,,,,,,,,
NOVT,,,,,,,,,,,,122.96,0.23,127.7,123.65,
NOW,,,,,,,,,,,,,,,,
NPAC,,,,,,,,,,,,,,,,
NPACU,,,,,,,,,,,,,,,,
NPB,,,,,,,,,,,,,,,,
NPCE,,,,,,,,,,,,,,,,
NPK,,,,,,,,,,,,108.63,1.0,102.54,91.48,
NPKI,,,,,,,,,,,,,,,,
NPO,,,,,,,,,,,,204.49,1.0,197.23,178.83,
NPWR,,,,,,,,,,,,2.79,0.08,2.78,2.3,
NRC,,,,,,,,,,,,,,,,
NRDS,,,,,,,,,,,,,,,,
NRDY,,,,,,,,,,,,,,,,
NREF,,,,,,,,,,,,,,,,
NRG,,,,,,,,,,,,151.75,0.91,155.08,139.42,
NRGV,,,,,,,,,,,,,,,,
NRIM,,,,,,,,,,,,,,,,
NRIX,,,,,,,,,,,,,,,,
NRP,,,,,,,,,,,,97.61,0.81,96.58,97.27,
NRSN,,,,,,,,,,,,2.04,0.82,2.05,1.6,
NRT,,,,,,,,,,,,,,,,
NRXP,,,,,,,,,,,,,,,,
NRXS,,,,,,,,,,,,,,,,
NSA,,,,,,,,,,,,,,,,
NSC,,,,,,,,,,,,,,,,
NSIT,,,,,,,,,,,,,,,,
NSP,,,,,,,,,,,,,,,,
NSPR,,,,,,,,,,,,2.39,0.26,2.35,2.47,
NSSC,,,,,,,,,,,,,,,,
NSTS,,,,,,,,,,,,,,,,
NSYS,,,,,,,,,,,,,,,,
NTAP,,,,,,,,,,,,,,,,
NTB,,,,,,,,,,,,45.79,0.98,45.09,42.19,
NTCL,,,,,,,,,,,,1.5,0.0,1.57,7.59,
NTCT,,,,,,,,,,,,,,,,
NTES,,,,,,,,,,,,136.12,1.0,131.71,119.18,
NTGR,,,,,,,,,,,,,,,,
NTHI,,,,,,,,,,,,4.4,0.06,4.55,6.16,
NTIC,,,,,,,,,,,,,,,,
NTIP,,,,,,,,,,,,1.42,0.23,1.29,1.25,
NTLA,,,,,,,,,,,,12.06,0.15,10.62,8.93,
NTNX,,,,,,,,,,,,,,,,
NTR,,,,,,,,,,,,,,,,
NTRA,,,,,,,,,,,,138.9,0.73,160.18,156.81,
NTRB,,,,,,,,,,,,,,,,
NTRP,,,,,,,,,,,,,,,,
NTRS,,,,,,,,,,,,,,,,
NTRSO,,,,,,,,,,,,,,,,
NTST,,,,,,,,,,,,,,,,
NTWK,,,,,,,,,,,,,,,,
NTWO,,,,,,,,,,,,,,,,
NTWOU,,,,,,,,,,,,,,,,
NTZ,,,,,,,,,,,,,,,,
NU,,,,,,,,,,,,,,,,
NUE,,,,,,,,,,,,,,,,
NUKK,,,,,,,,,,,,,,,,
NUS,,,,,,,,,,,,8.34,0.13,8.46,7.43,
NUTX,,,,,,,,,,,,,,,,
NUVB,,,,,,,,,,,,,,,,
NUVL,,,,,,,,,,,,,,,,
NUWE,,,,,,,,,,,,14.8,0.0,10.3,26.73,
NVA,,,,,,,,,,,,9.4,0.37,11.49,12.24,
NVAX,,,,,,,,,,,,,,,,
NVCR,,,,,,,,,,,,,,,,
NVCT,,,,,,,,,,,,,,,,
NVDA,,,,,,,,,,,,,,,,
NVEC,,,,,,,,,,,,79.67,0.83,75.07,68.51,
NVEE,,,,,,,,,,,,,,,,
NVFY,,,,,,,,,,,,3.19,0.83,2.01,1.38,
NVGS,,,,,,,,,,,,,,,,
NVMI,,,,,,,,,,,,,,,,
NVNI,,,,,,,,,,,,,,,,
NVNO,,,,,,,,,,,,,,,,
NVO,,,,,,,,,,,,,,,,
NVR,,,,,,,,,,,,7422.83,0.45,7442.35,7256.38,
NVRI,,,,,,,,,,,,,,,,
NVS,,,,,,,,,,,,,,,,
NVST,,,,,,,,,,,,19.51,0.21,19.73,18.02,
NVT,,,,,,,,,,,,,,,,
NVTS,,,,,,,,,,,,,,,,
NVVE,,,,,,,,,,,,,,,,
NVX,,,,,,,,,,,,,,,,
NWBI,,,,,,,,,,,,,,,,
NWE,,,,,,,,,,,,,,,,
NWFL,,,,,,,,,,,,,,,,
NWG,,,,,,,,,,,,,,,,
NWGL,,,,,,,,,,,,,,,,
NWL,,,,,,,,,,,,5.6,0.16,5.62,5.33,
NWN,,,,,,,,,,,,,,,,
NWPX,,,,,,,,,,,,,,,,
NWS,,,,,,,,,,,,,,,,
NWSA,,,,,,,,,,,,29.86,0.98,29.38,28.1,
NWTG,,,,,,,,,,,,,,,,
NWTN,,,,,,,,,,,,1.72,0.14,1.74,1.3,
NX,,,,,,,,,,,,,,,,
NXDT,,,,,,,,,,,,4.62,0.2,4.49,3.89,
NXE,,,,,,,,,,,,6.94,0.59,6.75,6.01,
NXGL,,,,,,,,,,,,,,,,
NXL,,,,,,,,,,,,1.09,0.19,1.0,1.3,
NXPI,,,,,,,,,,,,,,,,
NXPL,,,,,,,,,,,,0.79,0.13,0.75,0.65,
NXRT,,,,,,,,,,,,,,,,
NXST,,,,,,,,,,,,,,,,
NXT,,,,,,,,,,,,60.53,0.83,60.9,53.87,
NXTC,,,,,,,,,,,,4.99,0.06,5.2,5.43,
NXTT,,,,,,,,,,,,2.38,0.16,2.59,1.68,
NXXT,,,,,,,,,,,,,,,,
NYAX,,,,,,,,,,,,,,,,
NYC,,,,,,,,,,,,,,,,
NYMT,,,,,,,,,,,,,,,,
NYT,,,,,,,,,,,,53.3,0.8,55.15,53.92,
NYXH,,,,,,,,,,,,,,,,
O,,,,,,,,,,,,56.47,0.69,56.94,56.32,
OABI,,,,,,,,,,,,1.95,0.13,1.84,1.69,
OACC,,,,,,,,,,,,,,,,
OACCU,,,,,,,,,,,,10.75,1.0,10.67,10.56,
OAKU,,,,,,,,,,,,11.95,1.0,11.76,11.73,
OAKUU,,,,,,,,,,,,,,,,
OBAWU,,,,,,,,,,,,,,,,
OBDC,,,,,,,,,,,,,,,,
OBE,,,,,,,,,,,,,,,,
OBIO,,,,,,,,,,,,3.09,0.05,2.94,2.9,
OBK,,,,,,,,,,,,38.13,0.87,36.64,34.01,
OBLG,,,,,,,,,,,,,,,,
OBT,,,,,,,,,,,,28.54,0.8,26.58,25.15,
OC,,,,,,,,,,,,,,,,
OCC,,,,,,,,,,,,,,,,
OCCI,,,,,,,,,,,,,,,,
OCFC,,,,,,,,,,,,,,,,
OCFT,,,,,,,,,,,,,,,,
OCG,,,,,,,,,,,,,,,,
OCGN,,,,,,,,,,,,,,,,
OCS,,,,,,,,,,,,17.5,0.6,18.64,18.53,
OCSL,,,,,,,,,,,,,,,,
OCTO,,,,,,,,,,,,,,,,
OCUL,,,,,,,,,,,,,,,,
ODC,,,,,,,,,,,,,,,,
ODD,,,,,,,,,,,,,,,,
ODFL,,,,,,,,,,,,,,,,
ODP,,,,,,,,,,,,17.42,0.09,17.97,16.49,
ODV,,,,,,,,,,,,,,,,
ODYS,,,,,,,,,,,,4.8,0.42,5.27,5.36,
OEC,,,,,,,,,,,,10.68,0.03,10.8,11.15,
OESX,,,,,,,,,,,,,,,,
OFAL,,,,,,,,,,,,,,,,
OFG,,,,,,,,,,,,,,,,
OFIX,,,,,,,,,,,,10.63,0.06,10.85,11.83,
OFLX,,,,,,,,,,,,33.24,0.08,34.02,32.15,
OFS,,,,,,,,,,,,,,,,
OGE,,,,,,,,,,,,,,,,
OGEN,,,,,,,,,,,,,,,,
OGI,,,,,,,,,,,,,,,,
OGN,,,,,,,,,,,,,,,,
OGS,,,,,,,,,,,,,,,,
OHI,,,,,,,,,,,,37.94,0.89,37.14,36.93,
OI,,,,,,,,,,,,,,,,
OII,,,,,,,,,,,,,,,,
OIS,,,,,,,,,,,,,,,,
OKE,,,,,,,,,,,,,,,,
OKLO,,,,,,,,,,,,68.98,1.0,58.4,44.52,
OKTA,,,,,,,,,,,,,,,,
OKUR,,,,,,,,,,,,,,,,
OKYO,,,,,,,,,,,,,,,,
OLB,,,,,,,,,,,,1.58,0.06,1.82,1.63,
OLED,,,,,,,,,,,,,,,,
OLLI,,,,,,,,,,,,132.16,0.99,128.94,118.03,
OLMA,,,,,,,,,,,,,,,,
OLN,,,,,,,,,,,,,,,,
OLO,,,,,,,,,,,,,,,,
OLP,,,,,,,,,,,,,,,,
OLPX,,,,,,,,,,,,,,,,
OM,,,,,,,,,,,,,,,,
OMAB,,,,,,,,,,,,,,,,
OMC,,,,,,,,,,,,,,,,
OMCC,,,,,,,,,,,,6.49,0.75,5.86,5.7,
OMCL,,,,,,,,,,,,,,,,
OMDA,,,,,,,,,,,,17.58,0.31,17.34,18.11,
OMER,,,,,,,,,,,,3.36,0.22,3.32,4.5,
OMEX,,,,,,,,,,,,,,,,
OMF,,,,,,,,,,,,,,,,
OMH,,,,,,,,,,,,1.4,0.38,1.47,1.88,
OMI,,,,,,,,,,,,,,,,
OMSE,,,,,,,,,,,,,,,,
ON,,,,,,,,,,,,,,,,
ONB,,,,,,,,,,,,22.88,0.9,22.14,21.1,
ONBPO,,,,,,,,,,,,,,,,
ONBPP,,,,,,,,,,,,,,,,
ONC,,,,,,,,,,,,294.55,1.0,255.72,247.57,
ONCHU,,,,,,,,,,,,,,,,
ONCO,,,,,,,,,,,,3.44,0.0,4.27,5.39,
ONCY,,,,,,,,,,,,,,,,
ONDS,,,,,,,,,,,,2.23,0.77,1.92,1.35,
ONEG,,,,,,,,,,,,,,,,
ONEW,,,,,,,,,,,,,,,,
ONFO,,,,,,,,,,,,1.32,0.74,1.06,1.04,
ONIT,,,,,,,,,,,,,,,,
ONL,,,,,,,,,,,,,,,,
ONMD,,,,,,,,,,,,0.56,0.02,0.52,0.44,
ONON,,,,,,,,,,,,,,,,
ONTF,,,,,,,,,,,,,,,,
ONTO,,,,,,,,,,,,,,,,
OOMA,,,,,,,,,,,,,,,,
OP,,,,,,,,,,,,,,,,
OPAD,,,,,,,,,,,,,,,,
OPAL,,,,,,,,,,,,,,,,
OPBK,,,,,,,,,,,,,,,,
OPCH,,,,,,,,,,,,,,,,
OPEN,,,,,,,,,,,,2.25,0.4,0.95,0.82,
OPFI,,,,,,,,,,,,,,,,
OPHC,,,,,,,,,,,,4.54,0.62,4.51,4.4,
OPI,,,,,,,,,,,,,,,,
OPK,,,,,,,,,,,,,,,,
OPOF,,,,,,,,,,,,,,,,
OPRA,,,,,,,,,,,,,,,,
OPRT,,,,,,,,,,,,6.15,0.7,6.84,6.24,
OPRX,,,,,,,,,,,,12.97,0.74,13.12,11.67,
OPT,,,,,,,,,,,,3.41,0.44,3.41,3.41,
OPTT,,,,,,,,,,,,0.72,0.58,0.55,0.5,
OPTX,,,,,,,,,,,,1.59,0.07,1.4,1.43,
OPXS,,,,,,,,,,,,13.97,1.0,11.92,8.95,
OPY,,,,,,,,,,,,,,,,
OR,,,,,,,,,,,,,,,,
ORA,,,,,,,,,,,,,,,,
ORC,,,,,,,,,,,,,,,,
ORCL,,,,,,,,,,,,,,,,
ORGN,,,,,,,,,,,,0.6,0.04,0.54,0.55,
ORGO,,,,,,,,,,,,,,,,
ORI,,,,,,,,,,,,,,,,
ORIC,,,,,,,,,,,,,,,,
ORIQU,,,,,,,,,,,,,,,,
ORIS,,,,,,,,,,,,0.5,0.0,0.66,0.82,
ORKA,,,,,,,,,,,,,,,,
ORKT,,,,,,,,,,,,0.72,0.04,0.63,0.56,
ORLA,,,,,,,,,,,,,,,,
ORLY,,,,,,,,,,,,,,,,
ORMP,,,,,,,,,,,,2.12,0.2,2.14,2.19,
ORN,,,,,,,,,,,,,,,,
ORRF,,,,,,,,,,,,,,,,
OS,,,,,,,,,,,,,,,,
OSBC,,,,,,,,,,,,18.65,0.92,18.17,16.79,
OSCR,,,,,,,,,,,,13.42,0.47,17.18,15.19,
OSIS,,,,,,,,,,,,211.38,0.83,219.13,217.6,
OSK,,,,,,,,,,,,,,,,
OSPN,,,,,,,,,,,,15.04,0.6,16.08,15.66,
OSRH,,,,,,,,,,,,1.06,0.0,1.3,1.32,
OSS,,,,,,,,,,,,5.9,1.0,4.52,3.27,
OST,,,,,,,,,,,,,,,,
OSTX,,,,,,,,,,,,,,,,
OSUR,,,,,,,,,,,,3.2,0.13,3.08,2.9,
OSW,,,,,,,,,,,,,,,,
OTEX,,,,,,,,,,,,,,,,
OTF,,,,,,,,,,,,15.63,0.99,15.4,15.44,
OTIS,,,,,,,,,,,,,,,,
OTLK,,,,,,,,,,,,,,,,
OTLY,,,,,,,,,,,,14.97,0.2,13.07,11.31,
OTRK,,,,,,,,,,,,0.56,0.0,0.69,1.24,
OTTR,,,,,,,,,,,,,,,,
OUST,,,,,,,,,,,,,,,,
OUT,,,,,,,,,,,,,,,,
OVBC,,,,,,,,,,,,,,,,
OVID,,,,,,,,,,,,,,,,
OVLY,,,,,,,,,,,,,,,,
OVV,,,,,,,,,,,,,,,,
OWL,,,,,,,,,,,,,,,,
OWLT,,,,,,,,,,,,,,,,
OXBR,,,,,,,,,,,,,,,,
OXLC,,,,,,,,,,,,3.97,0.58,4.02,4.21,
OXM,,,,,,,,,,,,,,,,
OXSQ,,,,,,,,,,,,2.33,0.41,2.23,2.29,
OXY,,,,,,,,,,,,43.62,0.2,44.39,42.28,
OYSE,,,,,,,,,,,,,,,,
OYSEU,,,,,,,,,,,,10.13,0.8,10.12,10.09,
OZ,,,,,,,,,,,,65.25,0.4,65.62,64.49,
OZK,,,,,,,,,,,,,,,,
PAA,,,,,,,,,,,,18.91,0.85,18.59,17.56,
PAAS,,,,,,,,,,,,,,,,
PAC,,,,,,,,,,,,,,,,
PACB,,,,,,,,,,,,,,,,
PACHU,,,,,,,,,,,,10.03,1.0,10.01,10.01,
PACK,,,,,,,,,,,,,,,,
PACS,,,,,,,,,,,,,,,,
PAG,,,,,,,,,,,,165.03,0.6,175.5,164.54,
PAGP,,,,,,,,,,,,20.01,0.85,19.68,18.68,
PAGS,,,,,,,,,,,,7.92,0.2,8.88,8.96,
PAHC,,,,,,,,,,,,,,,,
PAL,,,,,,,,,,,,,,,,
PALI,,,,,,,,,,,,0.75,0.0,0.71,0.72,
PAM,,,,,,,,,,,,71.31,0.6,70.58,74.26,
PAMT,,,,,,,,,,,,,,,,
PANL,,,,,,,,,,,,,,,,
PANW,,,,,,,,,,,,195.78,0.93,196.96,189.5,
PAR,,,,,,,,,,,,,,,,
PARA,,,,,,,,,,,,,,,,
PARAA,,,,,,,,,,,,23.15,0.92,22.89,22.61,
PARR,,,,,,,,,,,,,,,,
PASG,,,,,,,,,,,,5.56,0.0,7.45,7.36,
PATH,,,,,,,,,,,,,,,,
PATK,,,,,,,,,,,,95.81,0.93,95.07,87.86,
PAVM,,,,,,,,,,,,0.6,0.0,0.6,0.65,
PAVS,,,,,,,,,,,,,,,,
PAX,,,,,,,,,,,,,,,,
PAY,,,,,,,,,,,,,,,,
PAYC,,,,,,,,,,,,229.71,0.4,228.47,237.86,
PAYO,,,,,,,,,,,,,,,,
PAYS,,,,,,,,,,,,,,,,
PAYX,,,,,,,,,,,,,,,,
PB,,,,,,,,,,,,,,,,
PBA,,,,,,,,,,,,37.25,0.63,37.23,37.59,
PBBK,,,,,,,,,,,,,,,,
PBF,,,,,,,,,,,,24.37,0.21,24.55,20.49,
PBFS,,,,,,,,,,,,12.11,0.91,12.12,11.67,
PBH,,,,,,,,,,,,,,,,
PBHC,,,,,,,,,,,,,,,,
PBI,,,,,,,,,,,,,,,,
PBM,,,,,,,,,,,,5.06,0.0,5.01,4.56,
PBPB,,,,,,,,,,,,,,,,
PBR,,,,,,,,,,,,,,,,
PBT,,,,,,,,,,,,,,,,
PBYI,,,,,,,,,,,,3.4,0.24,3.38,3.25,
PC,,,,,,,,,,,,,,,,
PCAP,,,,,,,,,,,,,,,,
PCAPU,,,,,,,,,,,,,,,,
PCAR,,,,,,,,,,,,,,,,
PCB,,,,,,,,,,,,,,,,
PCG,,,,,,,,,,,,,,,,
PCH,,,,,,,,,,,,,,,,
PCLA,,,,,,,,,,,,0.89,0.06,1.76,1.02,
PCOR,,,,,,,,,,,,,,,,
PCRX,,,,,,,,,,,,,,,,
PCSA,,,,,,,,,,,,0.21,0.0,0.23,0.24,
PCSC,,,,,,,,,,,,,,,,
PCT,,,,,,,,,,,,,,,,
PCTTU,,,,,,,,,,,,,,,,
PCTY,,,,,,,,,,,,186.38,0.58,180.9,187.11,
PCVX,,,,,,,,,,,,,,,,
PCYO,,,,,,,,,,,,,,,,
PD,,,,,,,,,,,,,,,,
PDCC,,,,,,,,,,,,,,,,
PDD,,,,,,,,,,,,,,,,
PDEX,,,,,,,,,,,,,,,,
PDFS,,,,,,,,,,,,,,,,
PDLB,,,,,,,,,,,,,,,,
PDM,,,,,,,,,,,,,,,,
PDS,,,,,,,,,,,,,,,,
PDSB,,,,,,,,,,,,,,,,
PDYN,,,,,,,,,,,,,,,,
PEB,,,,,,,,,,,,,,,,
PEBK,,,,,,,,,,,,,,,,
PEBO,,,,,,,,,,,,,,,,
PECO,,,,,,,,,,,,,,,,
PED,,,,,,,,,,,,0.64,0.2,0.66,0.62,
PEG,,,,,,,,,,,,84.31,0.8,82.73,80.85,
PEGA,,,,,,,,,,,,,,,,
PELI,,,,,,,,,,,,,,,,
PELIU,,,,,,,,,,,,,,,,
PEN,,,,,,,,,,,,,,,,
PENG,,,,,,,,,,,,,,,,
PENN,,,,,,,,,,,,,,,,
PEP,,,,,,,,,,,,,,,,
PEPG,,,,,,,,,,,,1.35,0.01,1.29,1.39,
PERF,,,,,,,,,,,,2.5,0.29,2.29,1.96,
PERI,,,,,,,,,,,,10.99,0.13,10.51,9.93,
PESI,,,,,,,,,,,,11.38,0.56,10.85,9.84,
PET,,,,,,,,,,,,0.13,0.01,0.13,0.14,
PETS,,,,,,,,,,,,,,,,
PETZ,,,,,,,,,,,,,,,,
PEW,,,,,,,,,,,,,,,,
PFAI,,,,,,,,,,,,,,,,
PFBC,,,,,,,,,,,,,,,,
PFE,,,,,,,,,,,,,,,,
PFG,,,,,,,,,,,,,,,,
PFGC,,,,,,,,,,,,98.78,1.0,91.17,86.04,
PFIS,,,,,,,,,,,,,,,,
PFLT,,,,,,,,,,,,,,,,
PFS,,,,,,,,,,,,,,,,
PFSA,,,,,,,,,,,,1.1,0.0,1.8,1.8,
PFSI,,,,,,,,,,,,,,,,
PFX,,,,,,,,,,,,,,,,
PG,,,,,,,,,,,,155.1,0.46,157.52,160.9,
PGC,,,,,,,,,,,,,,,,
PGEN,,,,,,,,,,,,,,,,
PGNY,,,,,,,,,,,,,,,,
PGR,,,,,,,,,,,,246.41,0.76,255.75,269.77,
PGRE,,,,,,,,,,,,,,,,
PGY,,,,,,,,,,,,,,,,
PH,,,,,,,,,,,,,,,,
PHAR,,,,,,,,,,,,,,,,
PHAT,,,,,,,,,,,,,,,,
PHG,,,,,,,,,,,,24.6,0.44,23.85,23.82,
PHGE,,,,,,,,,,,,,,,,
PHH,,,,,,,,,,,,,,,,
PHI,,,,,,,,,,,,,,,,
PHIN,,,,,,,,,,,,48.29,0.78,46.22,43.21,
PHIO,,,,,,,,,,,,,,,,
PHLT,,,,,,,,,,,,3.79,0.81,3.9,3.12,
PHM,,,,,,,,,,,,,,,,
PHOE,,,,,,,,,,,,8.2,0.94,8.04,5.23,
PHR,,,,,,,,,,,,,,,,
PHUN,,,,,,,,,,,,,,,,
PHVS,,,,,,,,,,,,,,,,
PI,,,,,,,,,,,,115.98,0.35,112.81,103.92,
PII,,,,,,,,,,,,,,,,
PIII,,,,,,,,,,,,,,,,
PINC,,,,,,,,,,,,,,,,
PINE,,,,,,,,,,,,,,,,
PINS,,,,,,,,,,,,,,,,
PIPR,,,,,,,,,,,,,,,,
PJT,,,,,,,,,,,,,,,,
PK,,,,,,,,,,,,,,,,
PKBK,,,,,,,,,,,,,,,,
PKE,,,,,,,,,,,,,,,,
PKG,,,,,,,,,,,,,,,,
PKOH,,,,,,,,,,,,16.49,0.0,17.81,18.49,
PKST,,,,,,,,,,,,,,,,
PKX,,,,,,,,,,,,55.61,0.19,53.18,48.24,
PL,,,,,,,,,,,,,,,,
PLAB,,,,,,,,,,,,,,,,
PLAG,,,,,,,,,,,,,,,,
PLAY,,,,,,,,,,,,,,,,
PLBC,,,,,,,,,,,,42.09,0.59,44.33,43.23,
PLBY,,,,,,,,,,,,1.89,0.87,1.7,1.41,
PLCE,,,,,,,,,,,,5.15,0.05,4.67,5.39,
PLD,,,,,,,,,,,,,,,,
PLG,,,,,,,,,,,,,,,,
PLL,,,,,,,,,,,,,,,,
PLMK,,,,,,,,,,,,,,,,
PLMKU,,,,,,,,,,,,,,,,
PLMR,,,,,,,,,,,,,,,,
PLNT,,,,,,,,,,,,112.48,1.0,109.32,102.73,
PLOW,,,,,,,,,,,,,,,,
PLPC,,,,,,,,,,,,,,,,
PLRX,,,,,,,,,,,,,,,,
PLRZ,,,,,,,,,,,,,,,,
PLSE,,,,,,,,,,,,15.1,0.62,15.36,16.47,
PLTK,,,,,,,,,,,,,,,,
PLTR,,,,,,,,,,,,,,,,
PLUG,,,,,,,,,,,,,,,,
PLUR,,,,,,,,,,,,,,,,
PLUS,,,,,,,,,,,,68.43,0.28,71.23,67.31,
PLUT,,,,,,,,,,,,,,,,
PLX,,,,,,,,,,,,1.45,0.25,1.47,1.86,
PLXS,,,,,,,,,,,,,,,,
PLYM,,,,,,,,,,,,,,,,
PM,,,,,,,,,,,,,,,,
PMAX,,,,,,,,,,,,,,,,
PMCB,,,,,,,,,,,,,,,,
PMEC,,,,,,,,,,,,1.58,0.32,1.44,1.2,
PMN,,,,,,,,,,,,0.44,0.01,0.45,0.51,
PMNT,,,,,,,,,,,,,,,,
PMT,,,,,,,,,,,,,,,,
PMTR,,,,,,,,,,,,,,,,
PMTRU,,,,,,,,,,,,,,,,
PMTS,,,,,,,,,,,,21.56,0.38,23.02,23.26,
PMVP,,,,,,,,,,,,,,,,
PN,,,,,,,,,,,,,,,,
PNBK,,,,,,,,,,,,,,,,
PNC,,,,,,,,,,,,,,,,
PNFP,,,,,,,,,,,,117.04,0.86,113.51,106.44,
PNFPP,,,,,,,,,,,,,,,,
PNNT,,,,,,,,,,,,,,,,
PNR,,,,,,,,,,,,106.07,0.96,103.98,96.65,
PNRG,,,,,,,,,,,,,,,,
PNTG,,,,,,,,,,,,,,,,
PNW,,,,,,,,,,,,,,,,
POAI,,,,,,,,,,,,,,,,
POCI,,,,,,,,,,,,4.76,0.32,4.75,4.5,
PODC,,,,,,,,,,,,,,,,
PODD,,,,,,,,,,,,284.23,0.79,298.17,293.84,
POET,,,,,,,,,,,,,,,,
POLA,,,,,,,,,,,,2.08,0.05,1.85,1.89,
POLE,,,,,,,,,,,,,,,,
POLEU,,,,,,,,,,,,10.52,1.0,10.52,10.41,
PONY,,,,,,,,,,,,13.01,0.45,12.83,12.67,
POOL,,,,,,,,,,,,,,,,
POR,,,,,,,,,,,,,,,,
POST,,,,,,,,,,,,106.58,0.65,108.73,110.93,
POWI,,,,,,,,,,,,,,,,
POWL,,,,,,,,,,,,228.25,0.59,209.37,189.76,
POWW,,,,,,,,,,,,,,,,
PPBI,,,,,,,,,,,,,,,,
PPBT,,,,,,,,,,,,2.6,0.01,2.42,2.47,
PPC,,,,,,,,,,,,,,,,
PPG,,,,,,,,,,,,,,,,
PPIH,,,,,,,,,,,,,,,,
PPL,,,,,,,,,,,,,,,,
PPSI,,,,,,,,,,,,3.14,0.19,2.78,2.73,
PPTA,,,,,,,,,,,,,,,,
PR,,,,,,,,,,,,,,,,
PRA,,,,,,,,,,,,,,,,
PRAA,,,,,,,,,,,,15.58,0.19,15.35,15.6,
PRAX,,,,,,,,,,,,,,,,
PRCH,,,,,,,,,,,,13.48,1.0,12.11,9.69,
PRCT,,,,,,,,,,,,,,,,
PRDO,,,,,,,,,,,,,,,,
PRE,,,,,,,,,,,,,,,,
PRFX,,,,,,,,,,,,1.45,0.02,1.45,1.85,
PRG,,,,,,,,,,,,,,,,
PRGO,,,,,,,,,,,,26.96,0.25,26.95,26.38,
PRGS,,,,,,,,,,,,,,,,
PRI,,,,,,,,,,,,267.39,0.7,267.47,265.27,
PRIM,,,,,,,,,,,,,,,,
PRK,,,,,,,,,,,,,,,,
PRKS,,,,,,,,,,,,47.97,0.37,47.16,45.52,
PRLB,,,,,,,,,,,,,,,,
PRLD,,,,,,,,,,,,,,,,
PRM,,,,,,,,,,,,,,,,
PRMB,,,,,,,,,,,,,,,,
PRME,,,,,,,,,,,,,,,,
PRO,,,,,,,,,,,,15.69,0.07,15.44,16.58,
PROF,,,,,,,,,,,,,,,,
PROK,,,,,,,,,,,,,,,,
PROP,,,,,,,,,,,,3.95,0.05,3.66,3.93,
PROV,,,,,,,,,,,,,,,,
PRPH,,,,,,,,,,,,,,,,
PRPL,,,,,,,,,,,,0.7,0.05,0.72,0.73,
PRPO,,,,,,,,,,,,,,,,
PRQR,,,,,,,,,,,,,,,,
PRSO,,,,,,,,,,,,,,,,
PRSU,,,,,,,,,,,,,,,,
PRT,,,,,,,,,,,,,,,,
PRTA,,,,,,,,,,,,6.26,0.03,6.18,6.99,
PRTC,,,,,,,,,,,,,,,,
PRTG,,,,,,,,,,,,5.89,0.05,5.77,7.36,
PRTH,,,,,,,,,,,,,,,,
PRTS,,,,,,,,,,,,,,,,
PRU,,,,,,,,,,,,103.27,0.49,105.95,103.39,
PRVA,,,,,,,,,,,,19.61,0.26,21.21,22.79,
PRZO,,,,,,,,,,,,1.93,0.5,1.46,1.08,
PSA,,,,,,,,,,,,,,,,
PSBD,,,,,,,,,,,,,,,,
PSEC,,,,,,,,,,,,3.39,0.13,3.27,3.34,
PSFE,,,,,,,,,,,,,,,,
PSHG,,,,,,,,,,,,,,,,
PSIG,,,,,,,,,,,,0.39,0.02,0.4,0.38,
PSIX,,,,,,,,,,,,,,,,
PSMT,,,,,,,,,,,,,,,,
PSN,,,,,,,,,,,,76.21,0.44,72.68,68.43,
PSNL,,,,,,,,,,,,6.19,0.81,6.6,5.21,
PSNY,,,,,,,,,,,,1.09,0.11,1.09,1.08,
PSNYW,,,,,,,,,,,,,,,,
PSO,,,,,,,,,,,,,,,,
PSQH,,,,,,,,,,,,,,,,
PSTG,,,,,,,,,,,,58.12,0.64,55.68,51.73,
PSTL,,,,,,,,,,,,14.52,0.84,14.87,13.85,
PSTV,,,,,,,,,,,,,,,,
PSX,,,,,,,,,,,,,,,,
PT,,,,,,,,,,,,0.94,0.13,0.96,0.95,
PTC,,,,,,,,,,,,,,,,
PTCT,,,,,,,,,,,,,,,,
PTEN,,,,,,,,,,,,,,,,
PTGX,,,,,,,,,,,,,,,,
PTHL,,,,,,,,,,,,,,,,
PTHS,,,,,,,,,,,,,,,,
PTIX,,,,,,,,,,,,,,,,
PTLE,,,,,,,,,,,,0.21,0.0,0.24,0.8,
PTLO,,,,,,,,,,,,,,,,
PTMN,,,,,,,,,,,,,,,,
PTNM,,,,,,,,,,,,,,,,
PTON,,,,,,,,,,,,6.29,0.45,6.46,6.52,
PUBM,,,,,,,,,,,,,,,,
PUK,,,,,,,,,,,,24.65,0.8,24.68,23.02,
PULM,,,,,,,,,,,,,,,,
PUMP,,,,,,,,,,,,,,,,
PVBC,,,,,,,,,,,,,,,,
PVH,,,,,,,,,,,,,,,,
PVL,,,,,,,,,,,,,,,,
PVLA,,,,,,,,,,,,,,,,
PW,,,,,,,,,,,,,,,,
PWM,,,,,,,,,,,,,,,,
PWOD,,,,,,,,,,,,,,,,
PWP,,,,,,,,,,,,,,,,
PWR,,,,,,,,,,,,,,,,
PX,,,,,,,,,,,,,,,,
PXLW,,,,,,,,,,,,,,,,
PXS,,,,,,,,,,,,,,,,
PYPD,,,,,,,,,,,,,,,,
PYPL,,,,,,,,,,,,,,,,
PYXS,,,,,,,,,,,,,,,,
PZG,,,,,,,,,,,,0.67,0.89,0.66,0.54,
PZZA,,,,,,,,,,,,,,,,
QBTS,,,,,,,,,,,,,,,,
QCOM,,,,,,,,,,,,,,,,
QCRH,,,,,,,,,,,,,,,,
QD,,,,,,,,,,,,,,,,
QDEL,,,,,,,,,,,,25.45,0.0,28.58,29.39,
QETA,,,,,,,,,,,,,,,,
QETAU,,,,,,,,,,,,,,,,
QFIN,,,,,,,,,,,,,,,,
QGEN,,,,,,,,,,,,,,,,
QH,,,,,,,,,,,,,,,,
QIPT,,,,,,,,,,,,,,,,
QLGN,,,,,,,,,,,,3.01,0.0,3.35,3.5,
QLYS,,,,,,,,,,,,,,,,
QMCO,,,,,,,,,,,,,,,,
QMMM,,,,,,,,,,,,,,,,
QNCX,,,,,,,,,,,,,,,,
QNRX,,,,,,,,,,,,,,,,
QNST,,,,,,,,,,,,,,,,
QNTM,,,,,,,,,,,,,,,,
QRHC,,,,,,,,,,,,,,,,
QRVO,,,,,,,,,,,,,,,,
QS,,,,,,,,,,,,,,,,
QSEA,,,,,,,,,,,,,,,,
QSEAU,,,,,,,,,,,,10.32,0.96,10.3,10.22,
QSG,,,,,,,,,,,,9.89,0.82,9.49,7.44,
QSI,,,,,,,,,,,,1.76,0.29,1.86,1.6,
QSR,,,,,,,,,,,,,,,,
QTRX,,,,,,,,,,,,5.37,0.03,6.2,5.65,
QTTB,,,,,,,,,,,,,,,,
QTWO,,,,,,,,,,,,,,,,
QUAD,,,,,,,,,,,,,,,,
QUBT,,,,,,,,,,,,,,,,
QUIK,,,,,,,,,,,,6.14,0.12,6.19,5.66,
QURE,,,,,,,,,,,,,,,,
QVCGA,,,,,,,,,,,,,,,,
QXO,,,,,,,,,,,,,,,,
R,,,,,,,,,,,,,,,,
RAAQ,,,,,,,,,,,,,,,,
RAAQU,,,,,,,,,,,,10.33,0.77,10.36,10.23,
RAC,,,,,,,,,,,,10.2,0.92,10.2,10.1,
RACE,,,,,,,,,,,,505.4,1.0,487.28,474.44,
RADX,,,,,,,,,,,,,,,,
RAIL,,,,,,,,,,,,10.89,0.66,9.82,7.88,
RAIN,,,,,,,,,,,,,,,,
RAL,,,,,,,,,,,,,,,,
RAMP,,,,,,,,,,,,,,,,
RAND,,,,,,,,,,,,,,,,
RANG,,,,,,,,,,,,,,,,
RANGU,,,,,,,,,,,,,,,,
RANI,,,,,,,,,,,,,,,,
RAPP,,,,,,,,,,,,,,,,
RAPT,,,,,,,,,,,,,,,,
RARE,,,,,,,,,,,,,,,,
RAVE,,,,,,,,,,,,,,,,
RAY,,,,,,,,,,,,2.33,0.42,1.57,1.82,
RAYA,,,,,,,,,,,,3.06,1.0,2.48,1.88,
RBA,,,,,,,,,,,,,,,,
RBB,,,,,,,,,,,,,,,,
RBBN,,,,,,,,,,,,,,,,
RBC,,,,,,,,,,,,,,,,
RBCAA,,,,,,,,,,,,,,,,
RBKB,,,,,,,,,,,,,,,,
RBLX,,,,,,,,,,,,,,,,
RBNE,,,,,,,,,,,,,,,,
RBOT,,,,,,,,,,,,,,,,
RBRK,,,,,,,,,,,,,,,,
RC,,,,,,,,,,,,,,,,
RCAT,,,,,,,,,,,,,,,,
RCEL,,,,,,,,,,,,,,,,
RCI,,,,,,,,,,,,,,,,
RCKT,,,,,,,,,,,,,,,,
RCKY,,,,,,,,,,,,,,,,
RCL,,,,,,,,,,,,,,,,
RCMT,,,,,,,,,,,,,,,,
RCON,,,,,,,,,,,,,,,,
RCT,,,,,,,,,,,,,,,,
RCUS,,,,,,,,,,,,,,,,
RDAC,,,,,,,,,,,,10.31,1.0,10.3,10.26,
RDACU,,,,,,,,,,,,10.65,1.0,10.36,10.31,
RDAG,,,,,,,,,,,,,,,,
RDAGU,,,,,,,,,,,,,,,,
RDCM,,,,,,,,,,,,14.5,0.88,13.27,12.57,
RDDT,,,,,,,,,,,,,,,,
RDGT,,,,,,,,,,,,1.36,0.06,1.14,1.06,
RDHL,,,,,,,,,,,,,,,,
RDI,,,,,,,,,,,,1.3,0.07,1.3,1.31,
RDIB,,,,,,,,,,,,,,,,
RDN,,,,,,,,,,,,,,,,
RDNT,,,,,,,,,,,,,,,,
RDVT,,,,,,,,,,,,,,,,
RDW,,,,,,,,,,,,19.41,0.79,16.8,14.34,
RDWR,,,,,,,,,,,,,,,,
RDY,,,,,,,,,,,,,,,,
RDZN,,,,,,,,,,,,,,,,
REAL,,,,,,,,,,,,5.82,0.47,5.28,5.42,
REAX,,,,,,,,,,,,,,,,
REBN,,,,,,,,,,,,,,,,
RECT,,,,,,,,,,,,4.74,0.43,4.68,4.57,
REE,,,,,,,,,,,,0.7,0.01,0.67,1.43,
REFI,,,,,,,,,,,,13.31,0.56,13.75,13.86,
REFR,,,,,,,,,,,,,,,,
REG,,,,,,,,,,,,,,,,
REGN,,,,,,,,,,,,,,,,
REI,,,,,,,,,,,,,,,,
REKR,,,,,,,,,,,,,,,,
RELI,,,,,,,,,,,,1.45,0.01,1.84,1.4,
RELL,,,,,,,,,,,,9.58,0.23,9.62,9.1,
RELX,,,,,,,,,,,,52.9,0.9,53.12,53.13,
RELY,,,,,,,,,,,,,,,,
RENB,,,,,,,,,,,,,,,,
RENT,,,,,,,,,,,,,,,,
REPL,,,,,,,,,,,,12.09,0.44,10.21,9.23,
REPX,,,,,,,,,,,,,,,,
RERE,,,,,,,,,,,,,,,,
RES,,,,,,,,,,,,,,,,
RETO,,,,,,,,,,,,2.5,0.03,2.46,3.17,
REVB,,,,,,,,,,,,,,,,
REVG,,,,,,,,,,,,,,,,
REX,,,,,,,,,,,,,,,,
REXR,,,,,,,,,,,,36.51,0.21,36.44,34.87,
REYN,,,,,,,,,,,,21.73,0.06,21.61,22.26,
REZI,,,,,,,,,,,,,,,,
RF,,,,,,,,,,,,,,,,
RFAI,,,,,,,,,,,,,,,,
RFAIU,,,,,,,,,,,,,,,,
RFIL,,,,,,,,,,,,,,,,
RFL,,,,,,,,,,,,2.06,0.65,1.85,1.7,
RGA,,,,,,,,,,,,194.81,0.65,196.07,196.26,
RGC,,,,,,,,,,,,,,,,
RGCO,,,,,,,,,,,,,,,,
RGEN,,,,,,,,,,,,116.25,0.04,123.26,126.48,
RGLD,,,,,,,,,,,,154.76,0.64,169.61,175.72,
RGNX,,,,,,,,,,,,,,,,
RGP,,,,,,,,,,,,,,,,
RGR,,,,,,,,,,,,,,,,
RGS,,,,,,,,,,,,22.44,0.62,22.42,20.92,
RGTI,,,,,,,,,,,,,,,,
RH,,,,,,,,,,,,,,,,
RHI,,,,,,,,,,,,,,,,
RHLD,,,,,,,,,,,,42.33,0.79,36.22,32.32,
RHP,,,,,,,,,,,,,,,,
RIBB,,,,,,,,,,,,,,,,
RIBBU,,,,,,,,,,,,10.6,0.75,10.49,10.36,
RICK,,,,,,,,,,,,,,,,
RIG,,,,,,,,,,,,,,,,
RIGL,,,,,,,,,,,,18.8,0.57,19.0,19.06,
RILY,,,,,,,,,,,,,,,,
RILYL,,,,,,,,,,,,,,,,
RILYP,,,,,,,,,,,,,,,,
RIME,,,,,,,,,,,,,,,,
RIO,,,,,,,,,,,,,,,,
RIOT,,,,,,,,,,,,,,,,
RITM,,,,,,,,,,,,,,,,
RITR,,,,,,,,,,,,3.82,0.21,4.44,4.08,
RIVN,,,,,,,,,,,,13.7,0.28,13.39,13.61,
RJF,,,,,,,,,,,,160.66,0.86,155.95,147.13,
RKDA,,,,,,,,,,,,,,,,
RKLB,,,,,,,,,,,,51.39,1.0,38.3,28.59,
RKT,,,,,,,,,,,,,,,,
RL,,,,,,,,,,,,,,,,
RLAY,,,,,,,,,,,,,,,,
RLGT,,,,,,,,,,,,,,,,
RLI,,,,,,,,,,,,70.25,0.36,71.12,73.81,
RLJ,,,,,,,,,,,,,,,,
RLMD,,,,,,,,,,,,0.58,0.05,0.62,0.57,
RLX,,,,,,,,,,,,2.26,0.79,2.25,2.03,
RLYB,,,,,,,,,,,,,,,,
RM,,,,,,,,,,,,,,,,
RMAX,,,,,,,,,,,,,,,,
RMBI,,,,,,,,,,,,,,,,
RMBL,,,,,,,,,,,,2.49,0.09,2.36,2.24,
RMBS,,,,,,,,,,,,,,,,
RMCF,,,,,,,,,,,,,,,,
RMCO,,,,,,,,,,,,,,,,
RMD,,,,,,,,,,,,,,,,
RMNI,,,,,,,,,,,,,,,,
RMR,,,,,,,,,,,,,,,,
RMSG,,,,,,,,,,,,,,,,
RMTI,,,,,,,,,,,,1.1,0.09,0.95,1.02,
RNA,,,,,,,,,,,,,,,,
RNAC,,,,,,,,,,,,,,,,
RNAZ,,,,,,,,,,,,,,,,
RNG,,,,,,,,,,,,,,,,
RNGR,,,,,,,,,,,,11.55,0.27,12.2,11.95,
RNR,,,,,,,,,,,,,,,,
RNST,,,,,,,,,,,,,,,,
RNTX,,,,,,,,,,,,,,,,
RNW,,,,,,,,,,,,7.65,0.99,7.23,6.79,
RNXT,,,,,,,,,,,,1.3,0.41,1.32,1.19,
ROAD,,,,,,,,,,,,107.57,0.97,105.9,98.32,
ROCK,,,,,,,,,,,,,,,,
ROG,,,,,,,,,,,,,,,,
ROIV,,,,,,,,,,,,11.44,0.71,11.33,11.0,
ROK,,,,,,,,,,,,356.0,1.0,339.5,301.36,
ROKU,,,,,,,,,,,,,,,,
ROL,,,,,,,,,,,,,,,,
ROLR,,,,,,,,,,,,,,,,
ROMA,,,,,,,,,,,,3.35,0.81,3.14,2.42,
ROOT,,,,,,,,,,,,131.32,0.81,127.7,134.84,
ROP,,,,,,,,,,,,,,,,
ROST,,,,,,,,,,,,129.94,0.45,129.65,136.92,
RPAY,,,,,,,,,,,,,,,,
RPD,,,,,,,,,,,,,,,,
RPID,,,,,,,,,,,,,,,,
RPM,,,,,,,,,,,,,,,,
RPRX,,,,,,,,,,,,35.59,0.93,35.71,33.87,
RPT,,,,,,,,,,,,,,,,
RPTX,,,,,,,,,,,,,,,,
RR,,,,,,,,,,,,,,,,
RRBI,,,,,,,,,,,,,,,,
RRC,,,,,,,,,,,,,,,,
RRGB,,,,,,,,,,,,,,,,
RRR,,,,,,,,,,,,,,,,
RRX,,,,,,,,,,,,152.25,0.67,148.2,131.7,
RS,,,,,,,,,,,,336.21,1.0,323.2,303.43,
RSG,,,,,,,,,,,,,,,,
RSI,,,,,,,,,,,,14.51,0.84,14.6,13.03,
RSKD,,,,,,,,,,,,,,,,
RSLS,,,,,,,,,,,,,,,,
RSSS,,,,,,,,,,,,,,,,
RSVR,,,,,,,,,,,,,,,,
RTAC,,,,,,,,,,,,,,,,
RTACU,,,,,,,,,,,,13.55,1.0,12.84,12.36,
RTO,,,,,,,,,,,,23.83,0.17,23.73,23.49,
RTX,,,,,,,,,,,,,,,,
RUM,,,,,,,,,,,,9.73,0.54,9.16,8.83,
RUN,,,,,,,,,,,,,,,,
RUSHA,,,,,,,,,,,,,,,,
RUSHB,,,,,,,,,,,,,,,,
RVLV,,,,,,,,,,,,21.39,0.36,21.11,20.43,
RVMD,,,,,,,,,,,,,,,,
RVP,,,,,,,,,,,,,,,,
RVPH,,,,,,,,,,,,,,,,
RVSB,,,,,,,,,,,,,,,,
RVSN,,,,,,,,,,,,0.35,0.0,0.34,0.37,
RVTY,,,,,,,,,,,,,,,,
RVYL,,,,,,,,,,,,,,,,
RWAY,,,,,,,,,,,,,,,,
RWT,,,,,,,,,,,,,,,,
RXO,,,,,,,,,,,,,,,,
RXRX,,,,,,,,,,,,,,,,
RXST,,,,,,,,,,,,,,,,
RXT,,,,,,,,,,,,,,,,
RY,,,,,,,,,,,,,,,,
RYAAY,,,,,,,,,,,,,,,,
RYAM,,,,,,,,,,,,4.14,0.19,4.06,4.1,
RYAN,,,,,,,,,,,,66.04,0.73,66.31,68.07,
RYDE,,,,,,,,,,,,,,,,
RYET,,,,,,,,,,,,,,,,
RYI,,,,,,,,,,,,,,,,
RYN,,,,,,,,,,,,,,,,
RYTM,,,,,,,,,,,,,,,,
RZLT,,,,,,,,,,,,,,,,
RZLV,,,,,,,,,,,,,,,,
S,,,,,,,,,,,,,,,,
SA,,,,,,,,,,,,,,,,
SABR,,,,,,,,,,,,,,,,
SABS,,,,,,,,,,,,2.57,0.16,2.07,1.82,
SACH,,,,,,,,,,,,,,,,
SAFE,,,,,,,,,,,,,,,,
SAFT,,,,,,,,,,,,,,,,
SAFX,,,,,,,,,,,,,,,,
SAGE,,,,,,,,,,,,,,,,
SAGT,,,,,,,,,,,,,,,,
SAH,,,,,,,,,,,,,,,,
SAIA,,,,,,,,,,,,,,,,
SAIC,,,,,,,,,,,,,,,,
SAIH,,,,,,,,,,,,,,,,
SAIL,,,,,,,,,,,,,,,,
SAM,,,,,,,,,,,,,,,,
SAMG,,,,,,,,,,,,16.48,0.52,16.06,15.1,
SAN,,,,,,,,,,,,8.44,0.98,8.35,7.76,
SANA,,,,,,,,,,,,,,,,
SAND,,,,,,,,,,,,,,,,
SANG,,,,,,,,,,,,,,,,
SANM,,,,,,,,,,,,,,,,
SANW,,,,,,,,,,,,,,,,
SAP,,,,,,,,,,,,,,,,
SAR,,,,,,,,,,,,25.13,1.0,24.71,23.89,
SARO,,,,,,,,,,,,,,,,
SATL,,,,,,,,,,,,3.51,0.7,3.53,3.75,
SATS,,,,,,,,,,,,28.61,0.87,28.95,23.66,
SAVA,,,,,,,,,,,,,,,,
SB,,,,,,,,,,,,,,,,
SBAC,,,,,,,,,,,,,,,,
SBC,,,,,,,,,,,,5.65,0.21,4.82,4.31,
SBCF,,,,,,,,,,,,,,,,
SBET,,,,,,,,,,,,,,,,
SBEV,,,,,,,,,,,,2.69,0.03,3.23,4.07,
SBFG,,,,,,,,,,,,,,,,
SBFM,,,,,,,,,,,,,,,,
SBGI,,,,,,,,,,,,,,,,
SBH,,,,,,,,,,,,,,,,
SBLK,,,,,,,,,,,,,,,,
SBR,,,,,,,,,,,,,,,,
SBRA,,,,,,,,,,,,,,,,
SBS,,,,,,,,,,,,,,,,
SBSI,,,,,,,,,,,,,,,,
SBSW,,,,,,,,,,,,9.08,1.0,7.77,6.21,
SBUX,,,,,,,,,,,,93.8,0.52,93.68,87.83,
SBXD,,,,,,,,,,,,,,,,
SCCO,,,,,,,,,,,,,,,,
SCHL,,,,,,,,,,,,,,,,
SCHW,,,,,,,,,,,,,,,,
SCI,,,,,,,,,,,,,,,,
SCKT,,,,,,,,,,,,1.19,0.38,1.17,1.16,
SCL,,,,,,,,,,,,,,,,
SCLX,,,,,,,,,,,,,,,,
SCM,,,,,,,,,,,,14.92,0.99,14.33,13.36,
SCNI,,,,,,,,,,,,,,,,
SCNX,,,,,,,,,,,,2.12,0.08,1.4,1.09,
SCOR,,,,,,,,,,,,,,,,
SCPH,,,,,,,,,,,,,,,,
SCS,,,,,,,,,,,,,,,,
SCSC,,,,,,,,,,,,,,,,
SCVL,,,,,,,,,,,,,,,,
SCWO,,,,,,,,,,,,,,,,
SCYX,,,,,,,,,,,,,,,,
SD,,,,,,,,,,,,,,,,
SDA,,,,,,,,,,,,,,,,
SDGR,,,,,,,,,,,,,,,,
SDHC,,,,,,,,,,,,,,,,
SDHI,,,,,,,,,,,,,,,,
SDHIU,,,,,,,,,,,,,,,,
SDM,,,,,,,,,,,,,,,,
SDOT,,,,,,,,,,,,,,,,
SDRL,,,,,,,,,,,,,,,,
SDST,,,,,,,,,,,,,,,,
SE,,,,,,,,,,,,,,,,
SEAT,,,,,,,,,,,,,,,,
SEB,,,,,,,,,,,,,,,,
SEDG,,,,,,,,,,,,,,,,
SEE,,,,,,,,,,,,,,,,
SEED,,,,,,,,,,,,,,,,
SEER,,,,,,,,,,,,2.11,0.17,2.12,2.06,
SEG,,,,,,,,,,,,20.89,0.19,19.89,19.37,
SEGG,,,,,,,,,,,,1.16,0.14,1.23,1.12,
SEI,,,,,,,,,,,,,,,,
SEIC,,,,,,,,,,,,,,,,
SELF,,,,,,,,,,,,,,,,
SELX,,,,,,,,,,,,,,,,
SEM,,,,,,,,,,,,14.38,0.3,14.87,15.25,
SEMR,,,,,,,,,,,,,,,,
SENEA,,,,,,,,,,,,102.06,0.94,100.08,92.83,
SENEB,,,,,,,,,,,,103.7,0.94,101.12,93.83,
SENS,,,,,,,,,,,,0.58,0.33,0.52,0.56,
SEPN,,,,,,,,,,,,,,,,
SER,,,,,,,,,,,,,,,,
SERA,,,,,,,,,,,,2.92,0.15,2.85,2.54,
SERV,,,,,,,,,,,,,,,,
SES,,,,,,,,,,,,1.21,0.34,0.95,0.91,
SEVN,,,,,,,,,,,,,,,,
SEZL,,,,,,,,,,,,,,,,
SF,,,,,,,,,,,,109.99,0.92,105.69,95.76,
SFBC,,,,,,,,,,,,,,,,
SFBS,,,,,,,,,,,,,,,,
SFD,,,,,,,,,,,,,,,,
SFHG,,,,,,,,,,,,,,,,
SFIX,,,,,,,,,,,,,,,,
SFL,,,,,,,,,,,,,,,,
SFM,,,,,,,,,,,,165.65,0.92,163.15,164.6,
SFNC,,,,,,,,,,,,20.06,0.63,19.51,18.84,
SFST,,,,,,,,,,,,,,,,
SFWL,,,,,,,,,,,,0.93,0.0,0.98,0.98,
SG,,,,,,,,,,,,14.31,0.16,13.7,15.42,
SGA,,,,,,,,,,,,13.26,0.22,12.98,12.17,
SGBX,,,,,,,,,,,,,,,,
SGC,,,,,,,,,,,,,,,,
SGD,,,,,,,,,,,,,,,,
SGHC,,,,,,,,,,,,,,,,
SGHT,,,,,,,,,,,,,,,,
SGI,,,,,,,,,,,,,,,,
SGLY,,,,,,,,,,,,1.06,0.07,1.07,0.95,
SGMA,,,,,,,,,,,,3.01,0.3,2.99,2.3,
SGML,,,,,,,,,,,,6.65,0.06,5.37,6.22,
SGMO,,,,,,,,,,,,,,,,
SGMT,,,,,,,,,,,,,,,,
SGN,,,,,,,,,,,,,,,,
SGRP,,,,,,,,,,,,,,,,
SGRY,,,,,,,,,,,,22.32,0.15,21.55,22.2,
SGU,,,,,,,,,,,,,,,,
SHAK,,,,,,,,,,,,,,,,
SHBI,,,,,,,,,,,,16.7,0.98,16.0,14.58,
SHC,,,,,,,,,,,,,,,,
SHCO,,,,,,,,,,,,,,,,
SHEL,,,,,,,,,,,,70.28,0.86,71.58,67.95,
SHEN,,,,,,,,,,,,14.73,0.29,14.3,13.12,
SHFS,,,,,,,,,,,,3.55,0.05,2.76,2.68,
SHG,,,,,,,,,,,,49.29,0.99,46.54,40.73,
SHIM,,,,,,,,,,,,,,,,
SHIP,,,,,,,,,,,,,,,,
SHLS,,,,,,,,,,,,,,,,
SHMD,,,,,,,,,,,,,,,,
SHO,,,,,,,,,,,,,,,,
SHOO,,,,,,,,,,,,,,,,
SHOP,,,,,,,,,,,,127.07,0.98,115.15,104.5,
SHOT,,,,,,,,,,,,,,,,
SHPH,,,,,,,,,,,,,,,,
SHW,,,,,,,,,,,,,,,,
SIBN,,,,,,,,,,,,16.62,0.33,17.42,16.97,
SID,,,,,,,,,,,,,,,,
SIDU,,,,,,,,,,,,,,,,
SIEB,,,,,,,,,,,,,,,,
SIF,,,,,,,,,,,,,,,,
SIFY,,,,,,,,,,,,,,,,
SIG,,,,,,,,,,,,,,,,
SIGA,,,,,,,,,,,,6.61,0.49,6.53,6.03,
SIGI,,,,,,,,,,,,,,,,
SIGIP,,,,,,,,,,,,,,,,
SII,,,,,,,,,,,,,,,,
SILA,,,,,,,,,,,,24.55,0.73,24.11,24.76,
SILC,,,,,,,,,,,,,,,,
SILO,,,,,,,,,,,,,,,,
SIM,,,,,,,,,,,,27.79,0.21,27.34,27.19,
SIMA,,,,,,,,,,,,10.43,0.98,10.42,10.35,
SIMAU,,,,,,,,,,,,,,,,
SIMO,,,,,,,,,,,,,,,,
SINT,,,,,,,,,,,,,,,,
SION,,,,,,,,,,,,16.74,0.52,17.74,14.61,
SIRI,,,,,,,,,,,,,,,,
SISI,,,,,,,,,,,,0.17,0.0,0.21,0.5,
SITC,,,,,,,,,,,,11.06,0.0,11.96,11.89,
SITE,,,,,,,,,,,,124.37,0.18,124.09,120.19,
SITM,,,,,,,,,,,,,,,,
SJ,,,,,,,,,,,,,,,,
SJM,,,,,,,,,,,,,,,,
SJT,,,,,,,,,,,,,,,,
SKBL,,,,,,,,,,,,,,,,
SKE,,,,,,,,,,,,16.27,1.0,15.73,13.57,
SKIL,,,,,,,,,,,,,,,,
SKIN,,,,,,,,,,,,,,,,
SKK,,,,,,,,,,,,0.62,0.0,0.64,0.67,
SKLZ,,,,,,,,,,,,,,,,
SKM,,,,,,,,,,,,,,,,
SKT,,,,,,,,,,,,,,,,
SKWD,,,,,,,,,,,,,,,,
SKX,,,,,,,,,,,,,,,,
SKY,,,,,,,,,,,,64.23,0.16,64.14,74.4,
SKYE,,,,,,,,,,,,3.89,0.17,3.75,2.51,
SKYH,,,,,,,,,,,,,,,,
SKYQ,,,,,,,,,,,,,,,,
SKYT,,,,,,,,,,,,,,,,
SKYW,,,,,,,,,,,,,,,,
SKYX,,,,,,,,,,,,1.04,0.12,1.1,1.19,
SLAB,,,,,,,,,,,,149.63,0.88,146.95,125.32,
SLB,,,,,,,,,,,,33.32,0.02,35.23,34.6,
SLDB,,,,,,,,,,,,,,,,
SLDE,,,,,,,,,,,,,,,,
SLDP,,,,,,,,,,,,,,,,
SLE,,,,,,,,,,,,4.59,0.0,4.86,7.27,
SLF,,,,,,,,,,,,,,,,
SLG,,,,,,,,,,,,60.19,0.65,62.26,58.33,
SLGL,,,,,,,,,,,,,,,,
SLGN,,,,,,,,,,,,,,,,
SLI,,,,,,,,,,,,2.7,0.47,2.31,1.82,
SLM,,,,,,,,,,,,,,,,
SLN,,,,,,,,,,,,,,,,
SLND,,,,,,,,,,,,,,,,
SLNG,,,,,,,,,,,,,,,,
SLNH,,,,,,,,,,,,0.63,0.03,0.79,0.75,
SLNO,,,,,,,,,,,,,,,,
SLP,,,,,,,,,,,,12.46,0.0,16.27,25.91,
SLQT,,,,,,,,,,,,,,,,
SLRC,,,,,,,,,,,,,,,,
SLRX,,,,,,,,,,,,,,,,
SLS,,,,,,,,,,,,,,,,
SLSN,,,,,,,,,,,,,,,,
SLSR,,,,,,,,,,,,5.04,0.88,4.92,4.4,
SLVM,,,,,,,,,,,,,,,,
SLXN,,,,,,,,,,,,0.83,0.05,0.81,0.89,
SM,,,,,,,,,,,,,,,,
SMA,,,,,,,,,,,,,,,,
SMBC,,,,,,,,,,,,,,,,
SMBK,,,,,,,,,,,,,,,,
SMC,,,,,,,,,,,,26.18,0.4,25.55,26.79,
SMCI,,,,,,,,,,,,,,,,
SMFG,,,,,,,,,,,,,,,,
SMG,,,,,,,,,,,,66.68,0.54,66.43,60.13,
SMHI,,,,,,,,,,,,,,,,
SMID,,,,,,,,,,,,37.27,0.62,34.71,31.73,
SMLR,,,,,,,,,,,,,,,,
SMMT,,,,,,,,,,,,,,,,
SMP,,,,,,,,,,,,31.42,0.57,31.81,28.84,
SMPL,,,,,,,,,,,,,,,,
SMR,,,,,,,,,,,,,,,,
SMRT,,,,,,,,,,,,,,,,
SMSI,,,,,,,,,,,,,,,,
SMTC,,,,,,,,,,,,53.62,0.65,46.67,38.5,
SMTI,,,,,,,,,,,,,,,,
SMTK,,,,,,,,,,,,,,,,
SMWB,,,,,,,,,,,,8.57,0.3,8.1,7.67,
SMX,,,,,,,,,,,,,,,,
SMXT,,,,,,,,,,,,,,,,
SN,,,,,,,,,,,,115.06,1.0,104.12,92.15,
SNA,,,,,,,,,,,,,,,,
SNAL,,,,,,,,,,,,,,,,
SNAP,,,,,,,,,,,,,,,,
SNBR,,,,,,,,,,,,6.86,0.06,7.22,7.63,
SNCR,,,,,,,,,,,,,,,,
SNCY,,,,,,,,,,,,,,,,
SND,,,,,,,,,,,,,,,,
SNDA,,,,,,,,,,,,,,,,
SNDK,,,,,,,,,,,,42.19,0.49,45.68,39.58,
SNDL,,,,,,,,,,,,1.54,0.25,1.34,1.34,
SNDR,,,,,,,,,,,,,,,,
SNDX,,,,,,,,,,,,,,,,
SNES,,,,,,,,,,,,,,,,
SNEX,,,,,,,,,,,,,,,,
SNFCA,,,,,,,,,,,,,,,,
SNGX,,,,,,,,,,,,,,,,
SNN,,,,,,,,,,,,30.17,0.95,29.96,28.75,
SNOA,,,,,,,,,,,,,,,,
SNOW,,,,,,,,,,,,,,,,
SNPS,,,,,,,,,,,,584.76,0.84,533.19,489.63,
SNRE,,,,,,,,,,,,56.6,1.0,55.6,52.01,
SNSE,,,,,,,,,,,,,,,,
SNT,,,,,,,,,,,,4.54,0.87,4.68,3.95,
SNTG,,,,,,,,,,,,,,,,
SNTI,,,,,,,,,,,,1.95,0.03,2.11,3.02,
SNV,,,,,,,,,,,,,,,,
SNWV,,,,,,,,,,,,,,,,
SNX,,,,,,,,,,,,143.29,1.0,136.56,122.97,
SNY,,,,,,,,,,,,48.32,0.51,48.19,49.54,
SNYR,,,,,,,,,,,,,,,,
SO,,,,,,,,,,,,,,,,
SOAR,,,,,,,,,,,,1.76,0.0,1.43,1.87,
SOBO,,,,,,,,,,,,,,,,
SOBR,,,,,,,,,,,,,,,,
SOC,,,,,,,,,,,,,,,,
SOFI,,,,,,,,,,,,,,,,
SOGP,,,,,,,,,,,,,,,,
SOHO,,,,,,,,,,,,0.9,0.15,0.94,0.82,
SOHU,,,,,,,,,,,,,,,,
SOL,,,,,,,,,,,,,,,,
SOLV,,,,,,,,,,,,73.28,0.79,74.92,71.84,
SON,,,,,,,,,,,,,,,,
SOND,,,,,,,,,,,,,,,,
SONM,,,,,,,,,,,,,,,,
SONN,,,,,,,,,,,,,,,,
SONO,,,,,,,,,,,,,,,,
SONY,,,,,,,,,,,,,,,,
SOPA,,,,,,,,,,,,,,,,
SOPH,,,,,,,,,,,,,,,,
SORA,,,,,,,,,,,,,,,,
SOS,,,,,,,,,,,,,,,,
SOTK,,,,,,,,,,,,,,,,
SOUL,,,,,,,,,,,,,,,,
SOUN,,,,,,,,,,,,,,,,
SOWG,,,,,,,,,,,,,,,,
SPAI,,,,,,,,,,,,,,,,
SPB,,,,,,,,,,,,,,,,
SPCB,,,,,,,,,,,,9.7,0.4,10.15,8.71,
SPCE,,,,,,,,,,,,,,,,
SPEGU,,,,,,,,,,,,,,,,
SPFI,,,,,,,,,,,,,,,,
SPG,,,,,,,,,,,,162.86,0.78,161.82,158.19,
SPGI,,,,,,,,,,,,,,,,
SPH,,,,,,,,,,,,,,,,
SPHL,,,,,,,,,,,,,,,,
SPHR,,,,,,,,,,,,,,,,
SPIR,,,,,,,,,,,,12.26,0.54,11.47,10.7,
SPKL,,,,,,,,,,,,,,,,
SPKLU,,,,,,,,,,,,,,,,
SPMC,,,,,,,,,,,,,,,,
SPNS,,,,,,,,,,,,30.05,0.44,29.36,28.34,
SPNT,,,,,,,,,,,,19.0,0.87,19.38,18.68,
SPOK,,,,,,,,,,,,,,,,
SPOT,,,,,,,,,,,,,,,,
SPPL,,,,,,,,,,,,,,,,
SPR,,,,,,,,,,,,,,,,
SPRC,,,,,,,,,,,,,,,,
SPRO,,,,,,,,,,,,,,,,
SPRU,,,,,,,,,,,,,,,,
SPRY,,,,,,,,,,,,17.92,0.98,17.23,15.31,
SPSC,,,,,,,,,,,,,,,,
SPT,,,,,,,,,,,,,,,,
SPTN,,,,,,,,,,,,,,,,
SPWH,,,,,,,,,,,,,,,,
SPWR,,,,,,,,,,,,,,,,
SPXC,,,,,,,,,,,,,,,,
SQFT,,,,,,,,,,,,,,,,
SQM,,,,,,,,,,,,38.68,0.2,36.11,34.58,
SQNS,,,,,,,,,,,,,,,,
SR,,,,,,,,,,,,,,,,
SRAD,,,,,,,,,,,,30.25,1.0,28.1,25.1,
SRBK,,,,,,,,,,,,,,,,
SRCE,,,,,,,,,,,,63.55,0.91,62.94,60.36,
SRDX,,,,,,,,,,,,,,,,
SRE,,,,,,,,,,,,78.25,0.52,75.21,74.63,
SRFM,,,,,,,,,,,,5.3,0.25,4.68,3.2,
SRG,,,,,,,,,,,,,,,,
SRI,,,,,,,,,,,,,,,,
SRL,,,,,,,,,,,,5.9,0.45,5.96,6.78,
SRPT,,,,,,,,,,,,,,,,
SRRK,,,,,,,,,,,,40.72,0.89,36.8,33.03,
SRTS,,,,,,,,,,,,,,,,
SRXH,,,,,,,,,,,,,,,,
SRZN,,,,,,,,,,,,,,,,
SSB,,,,,,,,,,,,97.81,0.75,93.76,89.3,
SSBI,,,,,,,,,,,,11.48,0.47,10.78,9.74,
SSD,,,,,,,,,,,,,,,,
SSII,,,,,,,,,,,,,,,,
SSKN,,,,,,,,,,,,2.2,0.0,2.29,2.44,
SSL,,,,,,,,,,,,4.99,0.17,4.96,4.36,
SSNC,,,,,,,,,,,,,,,,
SSP,,,,,,,,,,,,,,,,
SSRM,,,,,,,,,,,,11.8,0.71,12.54,11.71,
SSSS,,,,,,,,,,,,,,,,
SST,,,,,,,,,,,,6.2,0.08,6.86,4.88,
SSTI,,,,,,,,,,,,12.76,0.18,13.74,15.06,
SSTK,,,,,,,,,,,,,,,,
SSY,,,,,,,,,,,,1.16,0.89,0.97,0.92,
SSYS,,,,,,,,,,,,,,,,
ST,,,,,,,,,,,,,,,,
STAA,,,,,,,,,,,,17.36,0.05,17.17,17.78,
STAG,,,,,,,,,,,,35.64,0.62,36.12,34.84,
STAI,,,,,,,,,,,,0.7,0.0,0.7,1.06,
STAK,,,,,,,,,,,,,,,,
STBA,,,,,,,,,,,,,,,,
STC,,,,,,,,,,,,,,,,
STE,,,,,,,,,,,,,,,,
STEC,,,,,,,,,,,,0.84,0.09,0.86,0.99,
STEL,,,,,,,,,,,,31.75,1.0,29.29,27.29,
STEM,,,,,,,,,,,,,,,,
STEP,,,,,,,,,,,,62.81,0.91,57.76,54.93,
STFS,,,,,,,,,,,,,,,,
STG,,,,,,,,,,,,,,,,
STGW,,,,,,,,,,,,,,,,
STHO,,,,,,,,,,,,7.78,0.18,7.84,7.04,
STI,,,,,,,,,,,,4.64,0.0,4.19,4.33,
STIM,,,,,,,,,,,,,,,,
STKH,,,,,,,,,,,,,,,,
STKL,,,,,,,,,,,,,,,,
STKS,,,,,,,,,,,,,,,,
STLA,,,,,,,,,,,,,,,,
STLD,,,,,,,,,,,,131.63,0.7,131.11,128.83,
STM,,,,,,,,,,,,,,,,
STN,,,,,,,,,,,,,,,,
STNE,,,,,,,,,,,,13.67,0.56,15.04,13.85,
STNG,,,,,,,,,,,,43.55,0.24,42.94,40.59,
STOK,,,,,,,,,,,,,,,,
STR,,,,,,,,,,,,,,,,
STRA,,,,,,,,,,,,,,,,
STRL,,,,,,,,,,,,250.95,1.0,235.77,194.75,
STRM,,,,,,,,,,,,,,,,
STRO,,,,,,,,,,,,0.76,0.05,0.76,0.81,
STRR,,,,,,,,,,,,,,,,
STRS,,,,,,,,,,,,,,,,
STRT,,,,,,,,,,,,,,,,
STRW,,,,,,,,,,,,,,,,
STRZ,,,,,,,,,,,,,,,,
STSS,,,,,,,,,,,,5.77,0.0,5.59,5.61,
STT,,,,,,,,,,,,108.51,0.98,106.35,96.2,
STTK,,,,,,,,,,,,,,,,
STVN,,,,,,,,,,,,,,,,
STWD,,,,,,,,,,,,,,,,
STX,,,,,,,,,,,,,,,,
STXS,,,,,,,,,,,,,,,,
STZ,,,,,,,,,,,,170.57,0.09,167.76,177.63,
SU,,,,,,,,,,,,,,,,
SUGP,,,,,,,,,,,,,,,,
SUI,,,,,,,,,,,,125.3,0.69,125.95,122.29,
SUN,,,,,,,,,,,,53.34,0.74,53.94,54.74,
SUNE,,,,,,,,,,,,1.82,0.0,1.68,2.09,
SUNS,,,,,,,,,,,,10.46,0.39,10.76,10.27,
SUPN,,,,,,,,,,,,,,,,
SUPV,,,,,,,,,,,,,,,,
SUPX,,,,,,,,,,,,,,,,
SURG,,,,,,,,,,,,2.91,0.24,3.03,2.85,
SUUN,,,,,,,,,,,,,,,,
SUZ,,,,,,,,,,,,9.06,0.1,9.26,9.19,
SVA,,,,,,,,,,,,,,,,
SVC,,,,,,,,,,,,,,,,
SVCC,,,,,,,,,,,,,,,,
SVCCU,,,,,,,,,,,,,,,,
SVCO,,,,,,,,,,,,,,,,
SVII,,,,,,,,,,,,11.87,1.0,11.78,11.7,
SVIIU,,,,,,,,,,,,,,,,
SVM,,,,,,,,,,,,,,,,
SVRA,,,,,,,,,,,,2.26,0.06,2.22,2.62,
SVRE,,,,,,,,,,,,2.96,0.02,2.54,4.09,
SVV,,,,,,,,,,,,,,,,
SW,,,,,,,,,,,,,,,,
SWAG,,,,,,,,,,,,1.49,0.84,1.45,1.27,
SWBI,,,,,,,,,,,,8.03,0.0,8.47,9.12,
SWIM,,,,,,,,,,,,,,,,
SWIN,,,,,,,,,,,,3.54,0.09,3.26,2.23,
SWK,,,,,,,,,,,,,,,,
SWKH,,,,,,,,,,,,,,,,
SWKS,,,,,,,,,,,,,,,,
SWVL,,,,,,,,,,,,4.32,0.22,4.33,3.98,
SWX,,,,,,,,,,,,,,,,
SXC,,,,,,,,,,,,,,,,
SXI,,,,,,,,,,,,157.11,0.32,160.8,152.71,
SXT,,,,,,,,,,,,,,,,
SXTC,,,,,,,,,,,,,,,,
SXTP,,,,,,,,,,,,,,,,
SY,,,,,,,,,,,,,,,,
SYBT,,,,,,,,,,,,,,,,
SYBX,,,,,,,,,,,,,,,,
SYF,,,,,,,,,,,,,,,,
SYK,,,,,,,,,,,,389.4,0.96,388.15,377.9,
SYM,,,,,,,,,,,,54.54,0.94,44.15,31.63,
SYNA,,,,,,,,,,,,,,,,
SYNX,,,,,,,,,,,,,,,,
SYPR,,,,,,,,,,,,,,,,
SYRE,,,,,,,,,,,,,,,,
SYTA,,,,,,,,,,,,,,,,
SYY,,,,,,,,,,,,,,,,
SZZL,,,,,,,,,,,,10.08,1.0,10.04,10.0,
SZZLU,,,,,,,,,,,,,,,,
T,,,,,,,,,,,,,,,,
TAC,,,,,,,,,,,,,,,,
TACH,,,,,,,,,,,,,,,,
TACHU,,,,,,,,,,,,,,,,
TACO,,,,,,,,,,,,,,,,
TACOU,,,,,,,,,,,,,,,,
TACT,,,,,,,,,,,,,,,,
TAIT,,,,,,,,,,,,2.21,0.07,2.22,2.19,
TAK,,,,,,,,,,,,,,,,
TAL,,,,,,,,,,,,,,,,
TALK,,,,,,,,,,,,2.48,0.42,2.67,2.88,
TALO,,,,,,,,,,,,8.5,0.15,8.87,8.22,
TANH,,,,,,,,,,,,1.87,0.0,1.98,2.05,
TAOP,,,,,,,,,,,,,,,,
TAOX,,,,,,,,,,,,,,,,
TAP,,,,,,,,,,,,,,,,
TARA,,,,,,,,,,,,,,,,
TARS,,,,,,,,,,,,,,,,
TASK,,,,,,,,,,,,17.07,0.83,16.82,15.8,
TATT,,,,,,,,,,,,,,,,
TAVI,,,,,,,,,,,,10.24,0.93,10.25,10.18,
TAVIU,,,,,,,,,,,,10.54,1.0,10.54,10.38,
TAYD,,,,,,,,,,,,,,,,
TBBB,,,,,,,,,,,,,,,,
TBBK,,,,,,,,,,,,,,,,
TBCH,,,,,,,,,,,,,,,,
TBH,,,,,,,,,,,,,,,,
TBI,,,,,,,,,,,,7.1,0.21,6.69,5.7,
TBLA,,,,,,,,,,,,,,,,
TBMC,,,,,,,,,,,,,,,,
TBN,,,,,,,,,,,,19.62,0.3,20.79,20.98,
TBPH,,,,,,,,,,,,,,,,
TBRG,,,,,,,,,,,,22.39,0.68,22.58,23.84,
TC,,,,,,,,,,,,,,,,
TCBI,,,,,,,,,,,,89.73,1.0,83.36,75.1,
TCBIO,,,,,,,,,,,,20.7,0.91,20.98,19.98,
TCBK,,,,,,,,,,,,,,,,
TCBS,,,,,,,,,,,,,,,,
TCBX,,,,,,,,,,,,,,,,
TCI,,,,,,,,,,,,39.54,0.67,43.21,36.35,
TCMD,,,,,,,,,,,,,,,,
TCOM,,,,,,,,,,,,,,,,
TCPC,,,,,,,,,,,,7.69,0.43,7.67,7.25,
TCRT,,,,,,,,,,,,,,,,
TCRX,,,,,,,,,,,,1.82,0.09,1.6,1.5,
TCX,,,,,,,,,,,,,,,,
TD,,,,,,,,,,,,73.58,0.94,73.13,67.75,
TDAC,,,,,,,,,,,,10.31,1.0,10.29,10.21,
TDACU,,,,,,,,,,,,10.4,1.0,10.36,10.29,
TDC,,,,,,,,,,,,,,,,
TDG,,,,,,,,,,,,,,,,
TDOC,,,,,,,,,,,,,,,,
TDS,,,,,,,,,,,,,,,,
TDTH,,,,,,,,,,,,,,,,
TDUP,,,,,,,,,,,,7.33,0.83,7.71,6.46,
TDW,,,,,,,,,,,,,,,,
TDY,,,,,,,,,,,,,,,,
TE,,,,,,,,,,,,,,,,
TEAD,,,,,,,,,,,,,,,,
TEAM,,,,,,,,,,,,,,,,
TECH,,,,,,,,,,,,52.02,0.13,52.21,50.23,
TECK,,,,,,,,,,,,,,,,
TECX,,,,,,,,,,,,,,,,
TEF,,,,,,,,,,,,,,,,
TEL,,,,,,,,,,,,,,,,
TELA,,,,,,,,,,,,2.13,0.12,1.96,1.49,
TELO,,,,,,,,,,,,,,,,
TEM,,,,,,,,,,,,,,,,
TEN,,,,,,,,,,,,,,,,
TENB,,,,,,,,,,,,,,,,
TENX,,,,,,,,,,,,,,,,
TEO,,,,,,,,,,,,,,,,
TER,,,,,,,,,,,,,,,,
TERN,,,,,,,,,,,,5.64,0.45,4.52,3.55,
TEVA,,,,,,,,,,,,,,,,
TEX,,,,,,,,,,,,,,,,
TFC,,,,,,,,,,,,44.25,0.88,43.62,40.19,
TFII,,,,,,,,,,,,,,,,
TFIN,,,,,,,,,,,,58.54,0.17,59.53,56.88,
TFINP,,,,,,,,,,,,,,,,
TFPM,,,,,,,,,,,,,,,,
TFSL,,,,,,,,,,,,,,,,
TFX,,,,,,,,,,,,111.06,0.0,117.03,122.93,
TG,,,,,,,,,,,,,,,,
TGB,,,,,,,,,,,,,,,,
TGE,,,,,,,,,,,,6.0,0.0,7.2,7.94,
TGEN,,,,,,,,,,,,,,,,
TGI,,,,,,,,,,,,,,,,
TGL,,,,,,,,,,,,,,,,
TGLS,,,,,,,,,,,,74.91,0.76,75.75,78.27,
TGNA,,,,,,,,,,,,16.72,0.7,16.89,16.54,
TGS,,,,,,,,,,,,,,,,
TGT,,,,,,,,,,,,,,,,
TGTX,,,,,,,,,,,,,,,,
TH,,,,,,,,,,,,,,,,
THAR,,,,,,,,,,,,,,,,
THC,,,,,,,,,,,,175.06,0.99,172.79,157.44,
THCH,,,,,,,,,,,,,,,,
THFF,,,,,,,,,,,,,,,,
THG,,,,,,,,,,,,,,,,
THM,,,,,,,,,,,,,,,,
THO,,,,,,,,,,,,,,,,
THR,,,,,,,,,,,,,,,,
THRD,,,,,,,,,,,,,,,,
THRM,,,,,,,,,,,,,,,,
THRY,,,,,,,,,,,,,,,,
THS,,,,,,,,,,,,,,,,
THTX,,,,,,,,,,,,,,,,
TIC,,,,,,,,,,,,,,,,
TIGO,,,,,,,,,,,,39.95,1.0,37.02,34.95,
TIGR,,,,,,,,,,,,10.58,0.81,9.5,8.65,
TIL,,,,,,,,,,,,,,,,
TILE,,,,,,,,,,,,,,,,
TIMB,,,,,,,,,,,,,,,,
TIPT,,,,,,,,,,,,,,,,
TIRX,,,,,,,,,,,,,,,,
TISI,,,,,,,,,,,,,,,,
TITN,,,,,,,,,,,,19.39,0.33,19.9,19.01,
TIVC,,,,,,,,,,,,,,,,
TIXT,,,,,,,,,,,,,,,,
TJX,,,,,,,,,,,,,,,,
TK,,,,,,,,,,,,,,,,
TKC,,,,,,,,,,,,,,,,
TKLF,,,,,,,,,,,,3.9,0.15,3.79,3.65,
TKNO,,,,,,,,,,,,4.27,0.39,4.99,5.74,
TKO,,,,,,,,,,,,,,,,
TKR,,,,,,,,,,,,,,,,
TLF,,,,,,,,,,,,3.3,0.49,3.17,3.02,
TLIH,,,,,,,,,,,,,,,,
TLK,,,,,,,,,,,,16.94,0.27,16.58,16.28,
TLN,,,,,,,,,,,,,,,,
TLPH,,,,,,,,,,,,,,,,
TLRY,,,,,,,,,,,,0.62,0.1,0.5,0.47,
TLS,,,,,,,,,,,,2.85,0.34,2.87,2.66,
TLSA,,,,,,,,,,,,,,,,
TLSI,,,,,,,,,,,,,,,,
TLX,,,,,,,,,,,,,,,,
TLYS,,,,,,,,,,,,1.45,0.07,1.42,1.37,
TM,,,,,,,,,,,,,,,,
TMC,,,,,,,,,,,,,,,,
TMCI,,,,,,,,,,,,,,,,
TMDE,,,,,,,,,,,,,,,,
TMDX,,,,,,,,,,,,,,,,
TME,,,,,,,,,,,,21.43,1.0,19.65,16.79,
TMHC,,,,,,,,,,,,,,,,
TMO,,,,,,,,,,,,,,,,
TMP,,,,,,,,,,,,,,,,
TMQ,,,,,,,,,,,,1.89,1.0,1.55,1.45,
TMUS,,,,,,,,,,,,227.21,0.7,230.5,239.53,
TNC,,,,,,,,,,,,,,,,
TNDM,,,,,,,,,,,,14.77,0.01,17.26,19.19,
TNET,,,,,,,,,,,,,,,,
TNFA,,,,,,,,,,,,,,,,
TNGX,,,,,,,,,,,,,,,,
TNK,,,,,,,,,,,,,,,,
TNL,,,,,,,,,,,,,,,,
TNMG,,,,,,,,,,,,0.44,0.01,0.5,0.51,
TNON,,,,,,,,,,,,1.05,0.01,0.98,1.05,
TNXP,,,,,,,,,,,,,,,,
TNYA,,,,,,,,,,,,,,,,
TOI,,,,,,,,,,,,,,,,
TOL,,,,,,,,,,,,116.9,0.51,115.43,106.73,
TOMZ,,,,,,,,,,,,,,,,
TOON,,,,,,,,,,,,,,,,
TOP,,,,,,,,,,,,1.22,0.02,1.24,1.23,
TOPP,,,,,,,,,,,,,,,,
TOPS,,,,,,,,,,,,,,,,
TORO,,,,,,,,,,,,,,,,
TOST,,,,,,,,,,,,,,,,
TOUR,,,,,,,,,,,,,,,,
TOVX,,,,,,,,,,,,,,,,
TOWN,,,,,,,,,,,,35.93,0.97,34.79,33.69,
TOYO,,,,,,,,,,,,,,,,
TPB,,,,,,,,,,,,78.14,1.0,74.84,70.5,
TPC,,,,,,,,,,,,,,,,
TPCS,,,,,,,,,,,,,,,,
TPET,,,,,,,,,,,,,,,,
TPG,,,,,,,,,,,,,,,,
TPH,,,,,,,,,,,,,,,,
TPIC,,,,,,,,,,,,,,,,
TPL,,,,,,,,,,,,997.11,0.42,1051.9,1187.34,
TPR,,,,,,,,,,,,103.42,1.0,92.7,80.22,
TPST,,,,,,,,,,,,,,,,
TPVG,,,,,,,,,,,,,,,,
TR,,,,,,,,,,,,37.31,1.0,34.99,33.68,
TRAK,,,,,,,,,,,,,,,,
TRAW,,,,,,,,,,,,,,,,
TRC,,,,,,,,,,,,,,,,
TRDA,,,,,,,,,,,,6.26,0.0,6.81,7.71,
TREE,,,,,,,,,,,,37.93,0.55,37.42,39.0,
TREX,,,,,,,,,,,,,,,,
TRGP,,,,,,,,,,,,,,,,
TRI,,,,,,,,,,,,,,,,
TRIB,,,,,,,,,,,,,,,,
TRIN,,,,,,,,,,,,,,,,
TRIP,,,,,,,,,,,,,,,,
TRMB,,,,,,,,,,,,,,,,
TRMD,,,,,,,,,,,,,,,,
TRMK,,,,,,,,,,,,,,,,
TRML,,,,,,,,,,,,,,,,
TRN,,,,,,,,,,,,26.28,0.37,26.95,25.82,
TRNO,,,,,,,,,,,,,,,,
TRNR,,,,,,,,,,,,,,,,
TRNS,,,,,,,,,,,,,,,,
TRON,,,,,,,,,,,,,,,,
TROO,,,,,,,,,,,,,,,,
TROW,,,,,,,,,,,,105.77,0.64,99.34,93.51,
TROX,,,,,,,,,,,,,,,,
TRP,,,,,,,,,,,,,,,,
TRS,,,,,,,,,,,,30.07,1.0,29.14,25.8,
TRSG,,,,,,,,,,,,,,,,
TRST,,,,,,,,,,,,35.24,0.92,33.96,31.54,
TRT,,,,,,,,,,,,,,,,
TRTX,,,,,,,,,,,,,,,,
TRU,,,,,,,,,,,,,,,,
TRUE,,,,,,,,,,,,1.97,0.23,1.9,1.61,
TRUG,,,,,,,,,,,,,,,,
TRUP,,,,,,,,,,,,51.16,0.86,53.16,46.7,
TRV,,,,,,,,,,,,,,,,
TRVG,,,,,,,,,,,,3.65,0.57,3.7,4.01,
TRVI,,,,,,,,,,,,6.86,0.97,6.19,6.34,
TRX,,,,,,,,,,,,,,,,
TS,,,,,,,,,,,,,,,,
TSAT,,,,,,,,,,,,,,,,
TSBK,,,,,,,,,,,,,,,,
TSBX,,,,,,,,,,,,,,,,
TSCO,,,,,,,,,,,,,,,,
TSE,,,,,,,,,,,,,,,,
TSEM,,,,,,,,,,,,,,,,
TSHA,,,,,,,,,,,,2.57,0.57,2.5,2.33,
TSLA,,,,,,,,,,,,,,,,
TSLX,,,,,,,,,,,,,,,,
TSM,,,,,,,,,,,,240.4,1.0,228.74,197.95,
TSN,,,,,,,,,,,,,,,,
TSQ,,,,,,,,,,,,7.71,0.25,7.66,7.07,
TSSI,,,,,,,,,,,,23.18,0.76,25.53,16.39,
TT,,,,,,,,,,,,,,,,
TTAM,,,,,,,,,,,,,,,,
TTAN,,,,,,,,,,,,,,,,
TTC,,,,,,,,,,,,,,,,
TTD,,,,,,,,,,,,,,,,
TTE,,,,,,,,,,,,,,,,
TTEC,,,,,,,,,,,,,,,,
TTEK,,,,,,,,,,,,,,,,
TTGT,,,,,,,,,,,,,,,,
TTI,,,,,,,,,,,,,,,,
TTMI,,,,,,,,,,,,45.03,1.0,42.02,31.74,
TTNP,,,,,,,,,,,,,,,,
TTSH,,,,,,,,,,,,,,,,
TTWO,,,,,,,,,,,,,,,,
TU,,,,,,,,,,,,16.24,0.7,16.17,15.81,
TURB,,,,,,,,,,,,,,,,
TUSK,,,,,,,,,,,,2.57,0.19,2.75,2.59,
TUYA,,,,,,,,,,,,,,,,
TV,,,,,,,,,,,,,,,,
TVA,,,,,,,,,,,,10.08,0.75,10.09,10.06,
TVACU,,,,,,,,,,,,,,,,
TVAI,,,,,,,,,,,,,,,,
TVAIU,,,,,,,,,,,,,,,,
TVGN,,,,,,,,,,,,1.23,0.09,1.22,1.18,
TVRD,,,,,,,,,,,,,,,,
TVTX,,,,,,,,,,,,,,,,
TW,,,,,,,,,,,,138.01,0.87,139.46,139.73,
TWFG,,,,,,,,,,,,,,,,
TWG,,,,,,,,,,,,,,,,
TWI,,,,,,,,,,,,9.04,0.29,9.92,8.25,
TWIN,,,,,,,,,,,,,,,,
TWLO,,,,,,,,,,,,,,,,
TWNP,,,,,,,,,,,,,,,,
TWO,,,,,,,,,,,,,,,,
TWST,,,,,,,,,,,,,,,,
TX,,,,,,,,,,,,,,,,
TXG,,,,,,,,,,,,12.15,0.08,12.1,9.9,
TXMD,,,,,,,,,,,,,,,,
TXN,,,,,,,,,,,,,,,,
TXNM,,,,,,,,,,,,,,,,
TXO,,,,,,,,,,,,,,,,
TXRH,,,,,,,,,,,,184.08,0.83,188.48,181.91,
TXT,,,,,,,,,,,,,,,,
TYGO,,,,,,,,,,,,,,,,
TYL,,,,,,,,,,,,,,,,
TYRA,,,,,,,,,,,,10.39,0.14,9.8,9.75,
TZOO,,,,,,,,,,,,,,,,
TZUP,,,,,,,,,,,,,,,,
U,,,,,,,,,,,,36.75,0.71,27.84,24.04,
UA,,,,,,,,,,,,6.46,0.36,6.56,6.09,
UAA,,,,,,,,,,,,,,,,
UAL,,,,,,,,,,,,,,,,
UAMY,,,,,,,,,,,,,,,,
UAN,,,,,,,,,,,,,,,,
UAVS,,,,,,,,,,,,,,,,
UBCP,,,,,,,,,,,,,,,,
UBER,,,,,,,,,,,,,,,,
UBFO,,,,,,,,,,,,,,,,
UBS,,,,,,,,,,,,,,,,
UBSI,,,,,,,,,,,,,,,,
UBXG,,,,,,,,,,,,3.08,0.13,3.0,3.47,
UCAR,,,,,,,,,,,,,,,,
UCB,,,,,,,,,,,,,,,,
UCL,,,,,,,,,,,,2.15,0.52,1.92,1.53,
UCTT,,,,,,,,,,,,,,,,
UDMY,,,,,,,,,,,,6.99,0.1,6.9,6.85,
UDR,,,,,,,,,,,,,,,,
UE,,,,,,,,,,,,,,,,
UEC,,,,,,,,,,,,8.03,0.91,6.88,6.04,
UEIC,,,,,,,,,,,,,,,,
UFCS,,,,,,,,,,,,,,,,
UFG,,,,,,,,,,,,2.3,0.09,2.31,3.37,
UFI,,,,,,,,,,,,,,,,
UFPI,,,,,,,,,,,,,,,,
UFPT,,,,,,,,,,,,227.95,0.4,239.89,230.52,
UG,,,,,,,,,,,,9.15,0.4,8.34,8.25,
UGI,,,,,,,,,,,,36.34,1.0,35.88,34.73,
UGP,,,,,,,,,,,,,,,,
UGRO,,,,,,,,,,,,0.32,0.01,0.32,0.39,
UHAL,,,,,,,,,,,,62.32,0.45,61.76,62.45,
UHG,,,,,,,,,,,,,,,,
UHS,,,,,,,,,,,,168.94,0.41,177.15,180.09,
UHT,,,,,,,,,,,,40.53,0.78,40.54,39.08,
UI,,,,,,,,,,,,,,,,
UIS,,,,,,,,,,,,,,,,
UK,,,,,,,,,,,,,,,,
UL,,,,,,,,,,,,59.7,0.8,60.81,62.02,
ULBI,,,,,,,,,,,,8.69,0.53,8.52,6.6,
ULCC,,,,,,,,,,,,,,,,
ULH,,,,,,,,,,,,,,,,
ULS,,,,,,,,,,,,,,,,
ULTA,,,,,,,,,,,,,,,,
ULY,,,,,,,,,,,,6.64,0.05,6.25,6.43,
UMAC,,,,,,,,,,,,,,,,
UMBF,,,,,,,,,,,,109.73,0.78,107.39,101.82,
UMBFO,,,,,,,,,,,,26.53,1.0,26.06,25.8,
UMC,,,,,,,,,,,,,,,,
UMH,,,,,,,,,,,,,,,,
UNB,,,,,,,,,,,,26.67,0.49,27.02,29.88,
UNCY,,,,,,,,,,,,,,,,
UNF,,,,,,,,,,,,175.42,0.34,178.92,180.73,
UNFI,,,,,,,,,,,,,,,,
UNH,,,,,,,,,,,,282.65,0.0,300.86,349.11,
UNIT,,,,,,,,,,,,,,,,
UNM,,,,,,,,,,,,,,,,
UNP,,,,,,,,,,,,,,,,
UNTY,,,,,,,,,,,,52.62,1.0,49.45,44.93,
UOKA,,,,,,,,,,,,,,,,
UONE,,,,,,,,,,,,,,,,
UONEK,,,,,,,,,,,,,,,,
UP,,,,,,,,,,,,,,,,
UPB,,,,,,,,,,,,10.72,0.23,11.04,9.79,
UPBD,,,,,,,,,,,,24.43,0.28,25.27,23.57,
UPC,,,,,,,,,,,,,,,,
UPLD,,,,,,,,,,,,,,,,
UPS,,,,,,,,,,,,99.22,0.07,101.01,98.02,
UPST,,,,,,,,,,,,,,,,
UPWK,,,,,,,,,,,,,,,,
UPXI,,,,,,,,,,,,7.48,0.13,5.58,8.33,
URBN,,,,,,,,,,,,72.14,0.97,71.07,63.49,
URG,,,,,,,,,,,,1.35,0.53,1.12,0.9,
URGN,,,,,,,,,,,,,,,,
URI,,,,,,,,,,,,808.05,0.87,774.57,702.98,
UROY,,,,,,,,,,,,,,,,
USAC,,,,,,,,,,,,,,,,
USAR,,,,,,,,,,,,,,,,
USAS,,,,,,,,,,,,,,,,
USAU,,,,,,,,,,,,11.19,0.74,12.1,11.53,
USB,,,,,,,,,,,,,,,,
USCB,,,,,,,,,,,,,,,,
USEA,,,,,,,,,,,,1.59,0.3,1.54,1.36,
USEG,,,,,,,,,,,,,,,,
USFD,,,,,,,,,,,,,,,,
USGO,,,,,,,,,,,,8.81,0.48,8.59,9.4,
USIO,,,,,,,,,,,,,,,,
USLM,,,,,,,,,,,,104.79,0.58,101.12,99.48,
USM,,,,,,,,,,,,,,,,
USNA,,,,,,,,,,,,,,,,
USPH,,,,,,,,,,,,74.0,0.14,76.79,74.51,
UTHR,,,,,,,,,,,,,,,,
UTI,,,,,,,,,,,,,,,,
UTL,,,,,,,,,,,,,,,,
UTMD,,,,,,,,,,,,,,,,
UTSI,,,,,,,,,,,,,,,,
UTZ,,,,,,,,,,,,,,,,
UUU,,,,,,,,,,,,,,,,
UUUU,,,,,,,,,,,,,,,,
UVE,,,,,,,,,,,,,,,,
UVSP,,,,,,,,,,,,31.86,0.95,31.18,29.68,
UVV,,,,,,,,,,,,,,,,
UWMC,,,,,,,,,,,,4.24,0.06,4.14,4.21,
UXIN,,,,,,,,,,,,4.56,0.2,4.23,4.26,
UYSC,,,,,,,,,,,,10.08,0.89,10.06,10.04,
UYSCU,,,,,,,,,,,,,,,,
V,,,,,,,,,,,,,,,,
VABK,,,,,,,,,,,,,,,,
VAC,,,,,,,,,,,,,,,,
VACH,,,,,,,,,,,,,,,,
VACHU,,,,,,,,,,,,,,,,
VAL,,,,,,,,,,,,46.94,0.34,45.91,40.03,
VALE,,,,,,,,,,,,,,,,
VALN,,,,,,,,,,,,,,,,
VALU,,,,,,,,,,,,,,,,
VANI,,,,,,,,,,,,1.55,0.3,1.36,1.18,
VAPE,,,,,,,,,,,,,,,,
VATE,,,,,,,,,,,,,,,,
VBIX,,,,,,,,,,,,5.47,0.62,4.55,5.33,
VBNK,,,,,,,,,,,,,,,,
VBTX,,,,,,,,,,,,32.25,1.0,27.56,24.87,
VC,,,,,,,,,,,,,,,,
VCEL,,,,,,,,,,,,,,,,
VCIC,,,,,,,,,,,,,,,,
VCICU,,,,,,,,,,,,,,,,
VCIG,,,,,,,,,,,,,,,,
VCTR,,,,,,,,,,,,68.88,0.98,64.97,61.44,
VCYT,,,,,,,,,,,,,,,,
VECO,,,,,,,,,,,,21.42,0.12,20.85,19.97,
VEEA,,,,,,,,,,,,1.77,0.03,1.78,1.84,
VEEE,,,,,,,,,,,,,,,,
VEEV,,,,,,,,,,,,282.29,0.97,281.19,257.63,
VEL,,,,,,,,,,,,,,,,
VENU,,,,,,,,,,,,,,,,
VEON,,,,,,,,,,,,,,,,
VERA,,,,,,,,,,,,,,,,
VERB,,,,,,,,,,,,,,,,
VERI,,,,,,,,,,,,,,,,
VERO,,,,,,,,,,,,,,,,
VERU,,,,,,,,,,,,,,,,
VERV,,,,,,,,,,,,10.91,0.44,11.12,6.96,
VERX,,,,,,,,,,,,35.1,0.41,34.7,37.48,
VET,,,,,,,,,,,,,,,,
VFC,,,,,,,,,,,,,,,,
VFF,,,,,,,,,,,,,,,,
VFS,,,,,,,,,,,,,,,,
VG,,,,,,,,,,,,15.9,0.51,16.81,12.88,
VGAS,,,,,,,,,,,,3.22,0.33,3.5,3.46,
VGZ,,,,,,,,,,,,,,,,
VHC,,,,,,,,,,,,,,,,
VHI,,,,,,,,,,,,17.68,0.22,17.12,16.22,
VIAV,,,,,,,,,,,,10.2,0.6,10.06,9.68,
VICI,,,,,,,,,,,,,,,,
VICR,,,,,,,,,,,,,,,,
VIGL,,,,,,,,,,,,,,,,
VIK,,,,,,,,,,,,,,,,
VINP,,,,,,,,,,,,,,,,
VIOT,,,,,,,,,,,,,,,,
VIPS,,,,,,,,,,,,,,,,
VIR,,,,,,,,,,,,,,,,
VIRC,,,,,,,,,,,,7.85,0.26,7.99,8.6,
VIRT,,,,,,,,,,,,,,,,
VIST,,,,,,,,,,,,,,,,
VITL,,,,,,,,,,,,37.4,0.74,37.91,34.86,
VIV,,,,,,,,,,,,11.05,0.83,11.26,10.23,
VIVK,,,,,,,,,,,,,,,,
VIVS,,,,,,,,,,,,1.89,0.02,1.67,1.79,
VKTX,,,,,,,,,,,,,,,,
VLCN,,,,,,,,,,,,17.11,0.0,9.12,6.76,
VLGEA,,,,,,,,,,,,,,,,
VLN,,,,,,,,,,,,,,,,
VLO,,,,,,,,,,,,,,,,
VLRS,,,,,,,,,,,,4.5,0.06,4.62,4.5,
VLTO,,,,,,,,,,,,,,,,
VLY,,,,,,,,,,,,,,,,
VMAR,,,,,,,,,,,,,,,,
VMC,,,,,,,,,,,,,,,,
VMD,,,,,,,,,,,,6.49,0.12,6.78,6.74,
VMEO,,,,,,,,,,,,,,,,
VMI,,,,,,,,,,,,,,,,
VNCE,,,,,,,,,,,,1.47,0.1,1.46,1.58,
VNDA,,,,,,,,,,,,4.78,0.44,4.76,4.46,
VNET,,,,,,,,,,,,,,,,
VNMEU,,,,,,,,,,,,,,,,
VNO,,,,,,,,,,,,,,,,
VNOM,,,,,,,,,,,,,,,,
VNRX,,,,,,,,,,,,,,,,
VNT,,,,,,,,,,,,,,,,
VNTG,,,,,,,,,,,,,,,,
VOC,,,,,,,,,,,,,,,,
VOD,,,,,,,,,,,,,,,,
VOR,,,,,,,,,,,,,,,,
VOXR,,,,,,,,,,,,,,,,
VOYA,,,,,,,,,,,,,,,,
VOYG,,,,,,,,,,,,,,,,
VPG,,,,,,,,,,,,28.02,0.46,28.07,25.73,
VRA,,,,,,,,,,,,2.03,0.04,2.24,2.07,
VRAR,,,,,,,,,,,,,,,,
VRAX,,,,,,,,,,,,0.96,0.07,0.86,0.96,
VRCA,,,,,,,,,,,,,,,,
VRDN,,,,,,,,,,,,,,,,
VRE,,,,,,,,,,,,,,,,
VREX,,,,,,,,,,,,7.24,0.02,8.11,7.97,
VRM,,,,,,,,,,,,,,,,
VRME,,,,,,,,,,,,0.73,0.05,0.74,0.73,
VRNA,,,,,,,,,,,,104.9,1.0,97.88,80.78,
VRNS,,,,,,,,,,,,,,,,
VRNT,,,,,,,,,,,,,,,,
VRRM,,,,,,,,,,,,24.64,0.55,24.94,23.72,
VRSK,,,,,,,,,,,,,,,,
VRSN,,,,,,,,,,,,,,,,
VRT,,,,,,,,,,,,,,,,
VRTS,,,,,,,,,,,,,,,,
VRTX,,,,,,,,,,,,,,,,
VS,,,,,,,,,,,,,,,,
VSA,,,,,,,,,,,,,,,,
VSAT,,,,,,,,,,,,,,,,
VSCO,,,,,,,,,,,,,,,,
VSEC,,,,,,,,,,,,,,,,
VSEE,,,,,,,,,,,,,,,,
VSH,,,,,,,,,,,,,,,,
VSME,,,,,,,,,,,,,,,,
VST,,,,,,,,,,,,193.01,0.98,192.34,160.76,
VSTA,,,,,,,,,,,,4.12,0.73,4.19,4.33,
VSTM,,,,,,,,,,,,,,,,
VSTS,,,,,,,,,,,,,,,,
VTAK,,,,,,,,,,,,,,,,
VTEX,,,,,,,,,,,,6.38,0.38,6.39,6.04,
VTGN,,,,,,,,,,,,2.55,0.17,2.18,2.27,
VTLE,,,,,,,,,,,,,,,,
VTMX,,,,,,,,,,,,,,,,
VTOL,,,,,,,,,,,,,,,,
VTR,,,,,,,,,,,,65.8,0.92,63.48,64.58,
VTRS,,,,,,,,,,,,,,,,
VTS,,,,,,,,,,,,,,,,
VTSI,,,,,,,,,,,,,,,,
VTVT,,,,,,,,,,,,,,,,
VTYX,,,,,,,,,,,,,,,,
VUZI,,,,,,,,,,,,2.5,0.37,2.68,2.42,
VVOS,,,,,,,,,,,,,,,,
VVPR,,,,,,,,,,,,,,,,
VVV,,,,,,,,,,,,,,,,
VVX,,,,,,,,,,,,,,,,
VWAV,,,,,,,,,,,,,,,,
VYGR,,,,,,,,,,,,,,,,
VYNE,,,,,,,,,,,,,,,,
VYX,,,,,,,,,,,,14.11,0.57,12.82,10.93,
VZ,,,,,,,,,,,,40.84,0.79,41.47,42.32,
VZLA,,,,,,,,,,,,,,,,
W,,,,,,,,,,,,,,,,
WAB,,,,,,,,,,,,211.91,0.98,209.52,198.11,
WABC,,,,,,,,,,,,,,,,
WAFD,,,,,,,,,,,,,,,,
WAFDP,,,,,,,,,,,,16.24,0.71,15.74,15.73,
WAFU,,,,,,,,,,,,1.42,0.08,1.43,1.43,
WAI,,,,,,,,,,,,,,,,
WAL,,,,,,,,,,,,,,,,
WALD,,,,,,,,,,,,2.3,0.02,2.5,2.51,
WASH,,,,,,,,,,,,,,,,
WAT,,,,,,,,,,,,,,,,
WATT,,,,,,,,,,,,0.52,0.06,0.34,0.3,
WAVE,,,,,,,,,,,,7.09,0.43,6.38,6.19,
WAY,,,,,,,,,,,,,,,,
WB,,,,,,,,,,,,,,,,
WBA,,,,,,,,,,,,,,,,
WBD,,,,,,,,,,,,12.75,0.82,11.5,9.85,
WBS,,,,,,,,,,,,60.85,1.0,57.03,51.91,
WBTN,,,,,,,,,,,,,,,,
WBUY,,,,,,,,,,,,,,,,
WBX,,,,,,,,,,,,5.94,0.97,3.71,1.47,
WCC,,,,,,,,,,,,205.87,0.95,192.56,173.14,
WCN,,,,,,,,,,,,,,,,
WCT,,,,,,,,,,,,,,,,
WD,,,,,,,,,,,,72.06,0.2,72.1,71.33,
WDAY,,,,,,,,,,,,,,,,
WDC,,,,,,,,,,,,68.0,1.0,64.56,52.36,
WDFC,,,,,,,,,,,,,,,,
WDH,,,,,,,,,,,,1.68,0.72,1.44,1.38,
WDS,,,,,,,,,,,,15.75,0.39,15.92,14.53,
WEAV,,,,,,,,,,,,7.77,0.1,8.13,9.31,
WEC,,,,,,,,,,,,107.82,1.0,105.0,106.01,
WELL,,,,,,,,,,,,,,,,
WEN,,,,,,,,,,,,,,,,
WENN,,,,,,,,,,,,,,,,
WENNU,,,,,,,,,,,,,,,,
WERN,,,,,,,,,,,,27.73,0.1,28.09,27.3,
WES,,,,,,,,,,,,,,,,
WEST,,,,,,,,,,,,,,,,
WETH,,,,,,,,,,,,,,,,
WETO,,,,,,,,,,,,2.2,0.16,2.14,3.01,
WEX,,,,,,,,,,,,153.14,0.26,148.51,136.99,
WEYS,,,,,,,,,,,,,,,,
WF,,,,,,,,,,,,54.03,0.94,51.16,42.94,
WFC,,,,,,,,,,,,,,,,
WFCF,,,,,,,,,,,,,,,,
WFF,,,,,,,,,,,,1.14,0.0,3.11,4.06,
WFG,,,,,,,,,,,,,,,,
WFRD,,,,,,,,,,,,,,,,
WGO,,,,,,,,,,,,,,,,
WGRX,,,,,,,,,,,,,,,,
WGS,,,,,,,,,,,,,,,,
WH,,,,,,,,,,,,86.75,0.5,84.69,84.01,
WHD,,,,,,,,,,,,,,,,
WHF,,,,,,,,,,,,,,,,
WHG,,,,,,,,,,,,16.29,0.87,16.01,15.67,
WHLR,,,,,,,,,,,,4.72,0.0,6.05,6.77,
WHR,,,,,,,,,,,,,,,,
WHWK,,,,,,,,,,,,,,,,
WILC,,,,,,,,,,,,19.82,1.0,18.57,16.46,
WIMI,,,,,,,,,,,,,,,,
WINA,,,,,,,,,,,,,,,,
WING,,,,,,,,,,,,329.34,0.65,336.49,307.74,
WINT,,,,,,,,,,,,1.19,0.0,0.77,0.86,
WIT,,,,,,,,,,,,,,,,
WIX,,,,,,,,,,,,155.05,0.47,157.51,159.66,
WK,,,,,,,,,,,,,,,,
WKC,,,,,,,,,,,,28.09,0.81,28.54,26.92,
WKEY,,,,,,,,,,,,6.52,0.52,6.35,5.6,
WKHS,,,,,,,,,,,,,,,,
WKSP,,,,,,,,,,,,,,,,
WLAC,,,,,,,,,,,,,,,,
WLACU,,,,,,,,,,,,10.4,1.0,10.37,10.26,
WLDN,,,,,,,,,,,,79.64,1.0,69.19,54.02,
WLDS,,,,,,,,,,,,1.58,0.0,1.56,1.63,
WLFC,,,,,,,,,,,,,,,,
WLGS,,,,,,,,,,,,0.05,0.0,0.05,0.15,
WLK,,,,,,,,,,,,,,,,
WLKP,,,,,,,,,,,,22.17,0.71,22.24,22.36,
WLY,,,,,,,,,,,,,,,,
WLYB,,,,,,,,,,,,,,,,
WM,,,,,,,,,,,,,,,,
WMB,,,,,,,,,,,,,,,,
WMG,,,,,,,,,,,,31.22,0.52,28.81,28.07,
WMK,,,,,,,,,,,,,,,,
WMS,,,,,,,,,,,,,,,,
WMT,,,,,,,,,,,,,,,,
WNC,,,,,,,,,,,,9.69,0.07,10.54,9.71,
WNEB,,,,,,,,,,,,9.98,1.0,9.52,9.23,
WNS,,,,,,,,,,,,74.78,1.0,66.1,61.95,
WNW,,,,,,,,,,,,1.87,0.0,1.82,1.76,
WOK,,,,,,,,,,,,,,,,
WOLF,,,,,,,,,,,,1.53,0.02,1.07,2.01,
WOOF,,,,,,,,,,,,,,,,
WOR,,,,,,,,,,,,,,,,
WORX,,,,,,,,,,,,,,,,
WOW,,,,,,,,,,,,,,,,
WPC,,,,,,,,,,,,,,,,
WPM,,,,,,,,,,,,,,,,
WPP,,,,,,,,,,,,,,,,
WPRT,,,,,,,,,,,,3.86,0.14,3.26,3.01,
WRAP,,,,,,,,,,,,,,,,
WRB,,,,,,,,,,,,,,,,
WRBY,,,,,,,,,,,,23.93,0.79,22.4,19.44,
WRD,,,,,,,,,,,,9.1,0.08,8.26,8.42,
WRLD,,,,,,,,,,,,164.79,0.87,167.06,150.13,
WRN,,,,,,,,,,,,,,,,
WS,,,,,,,,,,,,,,,,
WSBC,,,,,,,,,,,,,,,,
WSBCP,,,,,,,,,,,,,,,,
WSBF,,,,,,,,,,,,,,,,
WSBK,,,,,,,,,,,,,,,,
WSC,,,,,,,,,,,,30.4,0.26,28.86,27.34,
WSFS,,,,,,,,,,,,,,,,
WSM,,,,,,,,,,,,,,,,
WSO,,,,,,,,,,,,470.75,0.66,449.03,459.84,
WSR,,,,,,,,,,,,12.44,0.66,12.51,12.52,
WST,,,,,,,,,,,,,,,,
WT,,,,,,,,,,,,12.95,1.0,11.98,10.12,
WTBA,,,,,,,,,,,,19.62,0.58,19.88,19.4,
WTF,,,,,,,,,,,,,,,,
WTFC,,,,,,,,,,,,,,,,
WTFCN,,,,,,,,,,,,,,,,
WTGUU,,,,,,,,,,,,,,,,
WTI,,,,,,,,,,,,,,,,
WTM,,,,,,,,,,,,,,,,
WTO,,,,,,,,,,,,,,,,
WTRG,,,,,,,,,,,,,,,,
WTS,,,,,,,,,,,,,,,,
WTTR,,,,,,,,,,,,,,,,
WTW,,,,,,,,,,,,,,,,
WU,,,,,,,,,,,,8.02,0.0,8.32,8.99,
WULF,,,,,,,,,,,,,,,,
WVE,,,,,,,,,,,,,,,,
WVVI,,,,,,,,,,,,4.76,0.51,5.32,5.71,
WW,,,,,,,,,,,,35.0,0.66,34.07,34.07,
WWD,,,,,,,,,,,,258.43,1.0,247.95,216.7,
WWR,,,,,,,,,,,,0.89,0.63,0.67,0.56,
WWW,,,,,,,,,,,,,,,,
WXM,,,,,,,,,,,,3.3,0.75,3.17,2.39,
WY,,,,,,,,,,,,25.31,0.07,26.02,25.91,
WYHG,,,,,,,,,,,,,,,,
WYNN,,,,,,,,,,,,,,,,
WYY,,,,,,,,,,,,,,,,
XAGE,,,,,,,,,,,,3.63,0.01,2.75,3.38,
XAIR,,,,,,,,,,,,,,,,
XBIO,,,,,,,,,,,,,,,,
XBIT,,,,,,,,,,,,,,,,
XBP,,,,,,,,,,,,,,,,
XCH,,,,,,,,,,,,,,,,
XCUR,,,,,,,,,,,,7.93,0.23,7.07,9.19,
XEL,,,,,,,,,,,,,,,,
XELB,,,,,,,,,,,,1.56,0.0,1.69,2.13,
XENE,,,,,,,,,,,,31.59,0.13,32.3,32.82,
XERS,,,,,,,,,,,,5.11,0.83,4.84,4.67,
XFOR,,,,,,,,,,,,1.43,0.0,1.85,3.37,
XGN,,,,,,,,,,,,,,,,
XHG,,,,,,,,,,,,,,,,
XHLD,,,,,,,,,,,,,,,,
XHR,,,,,,,,,,,,,,,,
XIFR,,,,,,,,,,,,,,,,
XIN,,,,,,,,,,,,,,,,
XLO,,,,,,,,,,,,,,,,
XMTR,,,,,,,,,,,,,,,,
XNCR,,,,,,,,,,,,8.97,0.08,8.58,8.91,
XNET,,,,,,,,,,,,,,,,
XOM,,,,,,,,,,,,,,,,
XOMA,,,,,,,,,,,,,,,,
XOMAO,,,,,,,,,,,,,,,,
XOS,,,,,,,,,,,,3.37,0.03,3.21,3.39,
XP,,,,,,,,,,,,17.17,0.43,18.89,17.87,
XPEL,,,,,,,,,,,,34.3,0.15,36.33,33.94,
XPER,,,,,,,,,,,,,,,,
XPEV,,,,,,,,,,,,,,,,
XPL,,,,,,,,,,,,,,,,
XPO,,,,,,,,,,,,,,,,
XPOF,,,,,,,,,,,,,,,,
XPON,,,,,,,,,,,,,,,,
XPRO,,,,,,,,,,,,,,,,
XRAY,,,,,,,,,,,,15.68,0.12,15.91,15.13,
XRTX,,,,,,,,,,,,0.92,0.0,0.92,0.95,
XRX,,,,,,,,,,,,5.07,0.09,5.29,4.93,
XTIA,,,,,,,,,,,,2.23,0.0,2.15,1.85,
XTKG,,,,,,,,,,,,,,,,
XTLB,,,,,,,,,,,,1.76,0.4,1.34,1.25,
XTNT,,,,,,,,,,,,,,,,
XWEL,,,,,,,,,,,,,,,,
XXII,,,,,,,,,,,,,,,,
XYF,,,,,,,,,,,,,,,,
XYL,,,,,,,,,,,,,,,,
XYLO,,,,,,,,,,,,,,,,
XYZ,,,,,,,,,,,,,,,,
YAAS,,,,,,,,,,,,,,,,
YALA,,,,,,,,,,,,,,,,
YB,,,,,,,,,,,,,,,,
YCBD,,,,,,,,,,,,0.97,0.01,0.9,1.16,
YELP,,,,,,,,,,,,34.46,0.09,34.54,35.78,
YETI,,,,,,,,,,,,,,,,
YEXT,,,,,,,,,,,,,,,,
YGMZ,,,,,,,,,,,,0.77,0.01,0.98,1.13,
YHC,,,,,,,,,,,,2.38,0.0,1.89,2.22,
YHGJ,,,,,,,,,,,,,,,,
YHNA,,,,,,,,,,,,,,,,
YHNAU,,,,,,,,,,,,,,,,
YI,,,,,,,,,,,,7.59,0.71,7.49,7.79,
YIBO,,,,,,,,,,,,1.46,0.14,1.47,1.37,
YJ,,,,,,,,,,,,,,,,
YMAB,,,,,,,,,,,,,,,,
YMM,,,,,,,,,,,,,,,,
YORKU,,,,,,,,,,,,,,,,
YORW,,,,,,,,,,,,,,,,
YOSH,,,,,,,,,,,,,,,,
YOU,,,,,,,,,,,,,,,,
YPF,,,,,,,,,,,,,,,,
YQ,,,,,,,,,,,,,,,,
YRD,,,,,,,,,,,,6.07,0.73,5.98,6.14,
YSG,,,,,,,,,,,,,,,,
YSXT,,,,,,,,,,,,5.0,0.73,5.35,5.03,
YTRA,,,,,,,,,,,,0.95,0.16,0.97,0.86,
YUM,,,,,,,,,,,,,,,,
YUMC,,,,,,,,,,,,,,,,
YXT,,,,,,,,,,,,,,,,
YYAI,,,,,,,,,,,,,,,,
YYGH,,,,,,,,,,,,2.58,0.8,2.62,1.74,
Z,,,,,,,,,,,,,,,,
ZBAI,,,,,,,,,,,,0.53,0.14,0.41,0.71,
ZBAO,,,,,,,,,,,,,,,,
ZBH,,,,,,,,,,,,93.19,0.05,92.57,95.01,
ZBIO,,,,,,,,,,,,,,,,
ZBRA,,,,,,,,,,,,331.73,0.61,317.18,284.04,
ZCMD,,,,,,,,,,,,1.1,0.01,1.21,1.18,
ZD,,,,,,,,,,,,30.33,0.0,31.43,31.52,
ZDAI,,,,,,,,,,,,0.62,0.01,0.75,0.66,
ZDGE,,,,,,,,,,,,,,,,
ZENA,,,,,,,,,,,,5.83,0.58,4.34,3.33,
ZENV,,,,,,,,,,,,,,,,
ZEO,,,,,,,,,,,,,,,,
ZEPP,,,,,,,,,,,,,,,,
ZETA,,,,,,,,,,,,,,,,
ZEUS,,,,,,,,,,,,,,,,
ZG,,,,,,,,,,,,,,,,
ZGN,,,,,,,,,,,,,,,,
ZH,,,,,,,,,,,,,,,,
ZIM,,,,,,,,,,,,,,,,
ZIMV,,,,,,,,,,,,,,,,
ZION,,,,,,,,,,,,56.8,0.91,53.71,48.69,
ZIONP,,,,,,,,,,,,,,,,
ZIP,,,,,,,,,,,,4.66,0.02,4.96,5.3,
ZJK,,,,,,,,,,,,,,,,
ZJYL,,,,,,,,,,,,,,,,
ZK,,,,,,,,,,,,,,,,
ZKH,,,,,,,,,,,,,,,,
ZKIN,,,,,,,,,,,,2.78,0.66,2.21,2.12,
ZLAB,,,,,,,,,,,,33.57,0.72,34.4,32.95,
ZM,,,,,,,,,,,,,,,,
ZNTL,,,,,,,,,,,,,,,,
ZONE,,,,,,,,,,,,3.1,0.63,2.8,2.25,
ZOOZ,,,,,,,,,,,,,,,,
ZS,,,,,,,,,,,,288.72,0.85,302.3,265.07,
ZSPC,,,,,,,,,,,,,,,,
ZTEK,,,,,,,,,,,,,,,,
ZTO,,,,,,,,,,,,,,,,
ZTS,,,,,,,,,,,,,,,,
ZUMZ,,,,,,,,,,,,,,,,
ZURA,,,,,,,,,,,,,,,,
ZVIA,,,,,,,,,,,,,,,,
ZVRA,,,,,,,,,,,,,,,,
ZWS,,,,,,,,,,,,37.55,0.82,36.96,35.25,
ZYBT,,,,,,,,,,,,,,,,
ZYME,,,,,,,,,,,,14.25,0.77,13.12,12.3,
ZYXI,,,,,,,,,,,,,,,,
